{
  "type": "FeatureCollection",
  "name": "익산시_김제시_산업단지_경계",
  "crs": {
    "type": "name",
    "properties": {
      "name": "urn:ogc:def:crs:OGC:1.3:CRS84"
    }
  },
  "source": "국토교통부 산업단지 경계도면",
  "source_url": "https://www.vworld.kr/dtmk/dtmk_ntads_s002.do?svcCde=MK&dsId=30137",
  "source_updated": "2026-04-07",
  "checked_at": "2026-09-20",
  "license": "CC BY-NC-ND (VWorld 표시 기준)",
  "features": [
    {
      "type": "Feature",
      "id": "245020",
      "properties": {
        "dan_id": "245020",
        "name": "김제순동",
        "city": "김제시",
        "zone_type_code": "2",
        "zone_type": "일반산업단지",
        "source_updated": "2026-04-07"
      },
      "geometry": {
        "type": "Polygon",
        "coordinates": [
          [
            [
              126.92366354,
              35.82200479
            ],
            [
              126.92509757,
              35.82075008
            ],
            [
              126.92535406,
              35.82053088
            ],
            [
              126.9257024,
              35.82031426
            ],
            [
              126.92604361,
              35.82014098
            ],
            [
              126.92612566,
              35.82008669
            ],
            [
              126.92619275,
              35.82005041
            ],
            [
              126.92636104,
              35.8199594
            ],
            [
              126.92651503,
              35.81989569
            ],
            [
              126.92671427,
              35.81983083
            ],
            [
              126.9267544,
              35.81981775
            ],
            [
              126.92677803,
              35.81981005
            ],
            [
              126.92695382,
              35.81974004
            ],
            [
              126.92706275,
              35.81968612
            ],
            [
              126.92714579,
              35.81964508
            ],
            [
              126.92721989,
              35.81961442
            ],
            [
              126.92756284,
              35.81952962
            ],
            [
              126.92775757,
              35.81945139
            ],
            [
              126.92782665,
              35.81942089
            ],
            [
              126.92813876,
              35.81928309
            ],
            [
              126.92811769,
              35.81924539
            ],
            [
              126.9281847,
              35.8192096
            ],
            [
              126.92807827,
              35.81919484
            ],
            [
              126.92801738,
              35.81910396
            ],
            [
              126.9279353,
              35.81895205
            ],
            [
              126.92782779,
              35.81878336
            ],
            [
              126.92756979,
              35.81848389
            ],
            [
              126.92743659,
              35.81833853
            ],
            [
              126.92740604,
              35.81834941
            ],
            [
              126.92688715,
              35.81777986
            ],
            [
              126.92664581,
              35.81742696
            ],
            [
              126.92637427,
              35.81707359
            ],
            [
              126.92620098,
              35.81684808
            ],
            [
              126.92615688,
              35.81679145
            ],
            [
              126.92611506,
              35.81668753
            ],
            [
              126.92609815,
              35.8166455
            ],
            [
              126.92603019,
              35.81655173
            ],
            [
              126.92563695,
              35.81606255
            ],
            [
              126.9254871,
              35.81585742
            ],
            [
              126.92515751,
              35.81547093
            ],
            [
              126.92486577,
              35.8151919
            ],
            [
              126.9246161,
              35.81500302
            ],
            [
              126.92402425,
              35.8153242
            ],
            [
              126.92391453,
              35.8153838
            ],
            [
              126.92361894,
              35.81554421
            ],
            [
              126.92353375,
              35.8156478
            ],
            [
              126.92342435,
              35.81583465
            ],
            [
              126.92336768,
              35.81585038
            ],
            [
              126.92320479,
              35.81608559
            ],
            [
              126.92316563,
              35.81618489
            ],
            [
              126.92318121,
              35.81620869
            ],
            [
              126.92304244,
              35.81633721
            ],
            [
              126.92296487,
              35.81645459
            ],
            [
              126.92298079,
              35.81646758
            ],
            [
              126.92297521,
              35.81651579
            ],
            [
              126.9230328,
              35.81657153
            ],
            [
              126.92302338,
              35.81670338
            ],
            [
              126.9229749,
              35.81682835
            ],
            [
              126.92288559,
              35.81695564
            ],
            [
              126.92284304,
              35.81701059
            ],
            [
              126.92281546,
              35.81704617
            ],
            [
              126.92274942,
              35.81713138
            ],
            [
              126.92275813,
              35.81721645
            ],
            [
              126.92275957,
              35.8172304
            ],
            [
              126.92276192,
              35.81725333
            ],
            [
              126.92262225,
              35.81738302
            ],
            [
              126.92247973,
              35.81749387
            ],
            [
              126.92243167,
              35.81753124
            ],
            [
              126.92230445,
              35.81761137
            ],
            [
              126.92231459,
              35.8176532
            ],
            [
              126.92217576,
              35.81783119
            ],
            [
              126.92209093,
              35.81801229
            ],
            [
              126.92207875,
              35.81803965
            ],
            [
              126.92206775,
              35.81806437
            ],
            [
              126.92198933,
              35.81824925
            ],
            [
              126.92196799,
              35.81834874
            ],
            [
              126.92196613,
              35.81837115
            ],
            [
              126.92195623,
              35.81849023
            ],
            [
              126.92179241,
              35.81864405
            ],
            [
              126.92173175,
              35.8186763
            ],
            [
              126.92168558,
              35.81870085
            ],
            [
              126.92164096,
              35.81872452
            ],
            [
              126.92154796,
              35.81877394
            ],
            [
              126.92145371,
              35.81884832
            ],
            [
              126.92162712,
              35.81895172
            ],
            [
              126.92160022,
              35.81896099
            ],
            [
              126.92157065,
              35.81898539
            ],
            [
              126.92144863,
              35.81917169
            ],
            [
              126.92140628,
              35.81925358
            ],
            [
              126.92134236,
              35.819326
            ],
            [
              126.92119917,
              35.81943424
            ],
            [
              126.92104654,
              35.81957473
            ],
            [
              126.92105935,
              35.81960556
            ],
            [
              126.92108474,
              35.81966641
            ],
            [
              126.92110052,
              35.81970698
            ],
            [
              126.92104059,
              35.81976678
            ],
            [
              126.92091882,
              35.81992244
            ],
            [
              126.92083001,
              35.81998682
            ],
            [
              126.92076602,
              35.82013125
            ],
            [
              126.92073219,
              35.82020747
            ],
            [
              126.92084457,
              35.82025703
            ],
            [
              126.92087355,
              35.82026984
            ],
            [
              126.92091237,
              35.82028762
            ],
            [
              126.92099145,
              35.82032382
            ],
            [
              126.92110893,
              35.82036391
            ],
            [
              126.92114232,
              35.8203916
            ],
            [
              126.92160326,
              35.82056162
            ],
            [
              126.92179051,
              35.82055327
            ],
            [
              126.92182744,
              35.82058393
            ],
            [
              126.92195946,
              35.82057627
            ],
            [
              126.92207588,
              35.82079598
            ],
            [
              126.92209762,
              35.82085602
            ],
            [
              126.92211119,
              35.82089352
            ],
            [
              126.92215655,
              35.82101892
            ],
            [
              126.92225565,
              35.82128999
            ],
            [
              126.92237894,
              35.8212061
            ],
            [
              126.92248708,
              35.82113251
            ],
            [
              126.92262902,
              35.82128774
            ],
            [
              126.92281802,
              35.82151234
            ],
            [
              126.92296683,
              35.82165862
            ],
            [
              126.92302839,
              35.82170741
            ],
            [
              126.92312528,
              35.82178418
            ],
            [
              126.92319981,
              35.82183361
            ],
            [
              126.92336987,
              35.82196333
            ],
            [
              126.92354559,
              35.82209737
            ],
            [
              126.92366354,
              35.82200479
            ]
          ]
        ]
      }
    },
    {
      "type": "Feature",
      "id": "245290",
      "properties": {
        "dan_id": "245290",
        "name": "백구",
        "city": "김제시",
        "zone_type_code": "2",
        "zone_type": "일반산업단지",
        "source_updated": "2026-04-07"
      },
      "geometry": {
        "type": "Polygon",
        "coordinates": [
          [
            [
              126.95663433,
              35.89227755
            ],
            [
              126.95667731,
              35.89226648
            ],
            [
              126.95671307,
              35.89227695
            ],
            [
              126.95675007,
              35.89227047
            ],
            [
              126.95688092,
              35.89217211
            ],
            [
              126.95706043,
              35.89203419
            ],
            [
              126.95725197,
              35.89195856
            ],
            [
              126.95738169,
              35.8919103
            ],
            [
              126.95755252,
              35.89184682
            ],
            [
              126.95771402,
              35.89178669
            ],
            [
              126.95785139,
              35.89173564
            ],
            [
              126.95794301,
              35.89169025
            ],
            [
              126.95803309,
              35.89163648
            ],
            [
              126.95812682,
              35.89157415
            ],
            [
              126.95817613,
              35.8915419
            ],
            [
              126.95829856,
              35.89145011
            ],
            [
              126.95843063,
              35.89135931
            ],
            [
              126.95849567,
              35.89131463
            ],
            [
              126.9585329,
              35.89128734
            ],
            [
              126.95856592,
              35.8912632
            ],
            [
              126.95879094,
              35.89109845
            ],
            [
              126.95891649,
              35.89099746
            ],
            [
              126.9589843,
              35.89094305
            ],
            [
              126.95962584,
              35.89043534
            ],
            [
              126.95966894,
              35.89040922
            ],
            [
              126.95998501,
              35.89023666
            ],
            [
              126.96010332,
              35.8901911
            ],
            [
              126.9605299,
              35.89006552
            ],
            [
              126.96059526,
              35.89004635
            ],
            [
              126.96080381,
              35.89000947
            ],
            [
              126.96140511,
              35.89042144
            ],
            [
              126.96158832,
              35.89061532
            ],
            [
              126.96169114,
              35.89057005
            ],
            [
              126.96192316,
              35.89047614
            ],
            [
              126.96212339,
              35.89037973
            ],
            [
              126.96234608,
              35.89018599
            ],
            [
              126.96249601,
              35.89012605
            ],
            [
              126.96276211,
              35.89002227
            ],
            [
              126.96351291,
              35.88928641
            ],
            [
              126.96351399,
              35.88928628
            ],
            [
              126.96354571,
              35.88926891
            ],
            [
              126.96385238,
              35.88910533
            ],
            [
              126.96389161,
              35.88907444
            ],
            [
              126.9642125,
              35.88882006
            ],
            [
              126.96424831,
              35.88881141
            ],
            [
              126.96423831,
              35.88877772
            ],
            [
              126.9641639,
              35.88857707
            ],
            [
              126.96413013,
              35.88834539
            ],
            [
              126.9641588,
              35.88820961
            ],
            [
              126.96421495,
              35.88811011
            ],
            [
              126.96422024,
              35.88810074
            ],
            [
              126.96432423,
              35.88804203
            ],
            [
              126.9644114,
              35.88802412
            ],
            [
              126.96450805,
              35.8879771
            ],
            [
              126.96468627,
              35.88782731
            ],
            [
              126.96466824,
              35.8878025
            ],
            [
              126.96461886,
              35.88773481
            ],
            [
              126.9644307,
              35.88746943
            ],
            [
              126.96436003,
              35.88737247
            ],
            [
              126.96421938,
              35.88716716
            ],
            [
              126.96412196,
              35.88703422
            ],
            [
              126.96403097,
              35.88693556
            ],
            [
              126.9639393,
              35.88685202
            ],
            [
              126.96385852,
              35.88678823
            ],
            [
              126.96382274,
              35.8867673
            ],
            [
              126.96372256,
              35.88670628
            ],
            [
              126.96366357,
              35.88667369
            ],
            [
              126.96362485,
              35.88665243
            ],
            [
              126.96357471,
              35.88662992
            ],
            [
              126.9635239,
              35.88660709
            ],
            [
              126.963383,
              35.88655514
            ],
            [
              126.96330105,
              35.88652948
            ],
            [
              126.96319342,
              35.88650356
            ],
            [
              126.96308384,
              35.88648342
            ],
            [
              126.96295062,
              35.88646674
            ],
            [
              126.96290569,
              35.88646137
            ],
            [
              126.96278024,
              35.88645159
            ],
            [
              126.96272724,
              35.88644947
            ],
            [
              126.96249721,
              35.88644412
            ],
            [
              126.96237965,
              35.88644614
            ],
            [
              126.96189429,
              35.88644779
            ],
            [
              126.96180334,
              35.88644731
            ],
            [
              126.96179672,
              35.88644722
            ],
            [
              126.96165112,
              35.88644771
            ],
            [
              126.96149162,
              35.88644856
            ],
            [
              126.96141062,
              35.88644778
            ],
            [
              126.96132972,
              35.8864446
            ],
            [
              126.961249,
              35.88643901
            ],
            [
              126.96097133,
              35.88641561
            ],
            [
              126.96089662,
              35.88640859
            ],
            [
              126.96082377,
              35.88639339
            ],
            [
              126.96075411,
              35.88637031
            ],
            [
              126.96068895,
              35.88633975
            ],
            [
              126.96062947,
              35.88630228
            ],
            [
              126.96057678,
              35.88625861
            ],
            [
              126.96053185,
              35.88620953
            ],
            [
              126.96040656,
              35.88605126
            ],
            [
              126.96031528,
              35.88592534
            ],
            [
              126.96029716,
              35.8859246
            ],
            [
              126.95999092,
              35.88590622
            ],
            [
              126.95998195,
              35.8859099
            ],
            [
              126.95950473,
              35.88610597
            ],
            [
              126.95945277,
              35.88612814
            ],
            [
              126.95930404,
              35.88617296
            ],
            [
              126.95915805,
              35.88621695
            ],
            [
              126.95863599,
              35.88640497
            ],
            [
              126.9585271,
              35.8864832
            ],
            [
              126.9584926,
              35.88650186
            ],
            [
              126.9582409,
              35.88663798
            ],
            [
              126.95818905,
              35.88665608
            ],
            [
              126.95804156,
              35.88672026
            ],
            [
              126.9579508,
              35.88678239
            ],
            [
              126.95792653,
              35.88679901
            ],
            [
              126.95786892,
              35.88680014
            ],
            [
              126.95779769,
              35.88688278
            ],
            [
              126.95781691,
              35.88689854
            ],
            [
              126.95776578,
              35.88695209
            ],
            [
              126.95774015,
              35.88699454
            ],
            [
              126.95768071,
              35.88711027
            ],
            [
              126.9576575,
              35.88720718
            ],
            [
              126.95764429,
              35.88726234
            ],
            [
              126.95756175,
              35.88739556
            ],
            [
              126.95755264,
              35.88755069
            ],
            [
              126.95753924,
              35.88758983
            ],
            [
              126.95756926,
              35.88763113
            ],
            [
              126.95769833,
              35.88777745
            ],
            [
              126.95773271,
              35.88786752
            ],
            [
              126.95773238,
              35.88788224
            ],
            [
              126.95773182,
              35.88790713
            ],
            [
              126.95766716,
              35.88795525
            ],
            [
              126.95768982,
              35.88799424
            ],
            [
              126.95769973,
              35.88804518
            ],
            [
              126.95765244,
              35.8881537
            ],
            [
              126.95761267,
              35.88821245
            ],
            [
              126.95743571,
              35.88828984
            ],
            [
              126.95742594,
              35.88829405
            ],
            [
              126.95737822,
              35.88829505
            ],
            [
              126.95733495,
              35.88829597
            ],
            [
              126.95663009,
              35.88837843
            ],
            [
              126.95655468,
              35.88842073
            ],
            [
              126.95643685,
              35.88848996
            ],
            [
              126.95615418,
              35.88861311
            ],
            [
              126.95599649,
              35.88871616
            ],
            [
              126.95594983,
              35.88873411
            ],
            [
              126.95576485,
              35.88887223
            ],
            [
              126.95573047,
              35.88890101
            ],
            [
              126.95556742,
              35.88903753
            ],
            [
              126.95555776,
              35.88906209
            ],
            [
              126.95551773,
              35.88909209
            ],
            [
              126.95551745,
              35.88909235
            ],
            [
              126.95539514,
              35.8892083
            ],
            [
              126.95543476,
              35.88923515
            ],
            [
              126.95544343,
              35.88927955
            ],
            [
              126.95548253,
              35.8893852
            ],
            [
              126.95545798,
              35.88957821
            ],
            [
              126.95545013,
              35.88969277
            ],
            [
              126.95544743,
              35.88978868
            ],
            [
              126.95544277,
              35.8899285
            ],
            [
              126.95543608,
              35.89002328
            ],
            [
              126.95548902,
              35.8901474
            ],
            [
              126.95550783,
              35.89017749
            ],
            [
              126.95553585,
              35.89022228
            ],
            [
              126.95555405,
              35.89025138
            ],
            [
              126.95556012,
              35.89029095
            ],
            [
              126.95566689,
              35.89038843
            ],
            [
              126.95566276,
              35.89041957
            ],
            [
              126.95565228,
              35.89049859
            ],
            [
              126.95563454,
              35.890547
            ],
            [
              126.95562831,
              35.89056401
            ],
            [
              126.95553839,
              35.89061657
            ],
            [
              126.95545616,
              35.89064107
            ],
            [
              126.95533532,
              35.89064013
            ],
            [
              126.95524966,
              35.89062103
            ],
            [
              126.95531891,
              35.89066512
            ],
            [
              126.9554602,
              35.89078177
            ],
            [
              126.95547585,
              35.89082365
            ],
            [
              126.95545745,
              35.89083743
            ],
            [
              126.95533829,
              35.89087825
            ],
            [
              126.95524921,
              35.89088991
            ],
            [
              126.95530902,
              35.8909757
            ],
            [
              126.95534744,
              35.89105512
            ],
            [
              126.95540281,
              35.8911389
            ],
            [
              126.95546763,
              35.89127263
            ],
            [
              126.95552237,
              35.89136684
            ],
            [
              126.95561874,
              35.8915058
            ],
            [
              126.95641531,
              35.89255
            ],
            [
              126.95642229,
              35.8925445
            ],
            [
              126.95656357,
              35.89243028
            ],
            [
              126.95663904,
              35.89235983
            ],
            [
              126.95665313,
              35.89231974
            ],
            [
              126.95663433,
              35.89227755
            ]
          ]
        ]
      }
    },
    {
      "type": "Feature",
      "id": "245210",
      "properties": {
        "dan_id": "245210",
        "name": "지평선",
        "city": "김제시",
        "zone_type_code": "2",
        "zone_type": "일반산업단지",
        "source_updated": "2026-04-07"
      },
      "geometry": {
        "type": "Polygon",
        "coordinates": [
          [
            [
              126.88435331,
              35.85497712
            ],
            [
              126.88436536,
              35.8549144
            ],
            [
              126.88437294,
              35.85487538
            ],
            [
              126.88438744,
              35.85480032
            ],
            [
              126.88438822,
              35.85479636
            ],
            [
              126.88440139,
              35.85472815
            ],
            [
              126.88442314,
              35.85461551
            ],
            [
              126.88443407,
              35.85455974
            ],
            [
              126.88445147,
              35.85447071
            ],
            [
              126.88458552,
              35.85448808
            ],
            [
              126.88474231,
              35.85453543
            ],
            [
              126.88478945,
              35.85454963
            ],
            [
              126.88484966,
              35.85455861
            ],
            [
              126.88500727,
              35.85458192
            ],
            [
              126.88522961,
              35.85459476
            ],
            [
              126.88545808,
              35.85457082
            ],
            [
              126.88567925,
              35.85458618
            ],
            [
              126.88590533,
              35.85457747
            ],
            [
              126.88610822,
              35.8546002
            ],
            [
              126.88612449,
              35.85460274
            ],
            [
              126.88632262,
              35.85462194
            ],
            [
              126.88634465,
              35.85462404
            ],
            [
              126.88656693,
              35.85463362
            ],
            [
              126.88678665,
              35.85465663
            ],
            [
              126.8870057,
              35.85468298
            ],
            [
              126.88701002,
              35.85468361
            ],
            [
              126.88711682,
              35.85469913
            ],
            [
              126.88722374,
              35.85471473
            ],
            [
              126.88744124,
              35.8547445
            ],
            [
              126.88745607,
              35.85474749
            ],
            [
              126.88765794,
              35.85478706
            ],
            [
              126.88787643,
              35.85481647
            ],
            [
              126.88798922,
              35.85483163
            ],
            [
              126.88801626,
              35.85481029
            ],
            [
              126.8880373,
              35.85473163
            ],
            [
              126.88808241,
              35.8545589
            ],
            [
              126.8882625,
              35.85448184
            ],
            [
              126.88836984,
              35.85443571
            ],
            [
              126.88839341,
              35.85435849
            ],
            [
              126.88842322,
              35.85426064
            ],
            [
              126.88843533,
              35.8540786
            ],
            [
              126.88849469,
              35.85390454
            ],
            [
              126.88854763,
              35.85372938
            ],
            [
              126.88860489,
              35.85355496
            ],
            [
              126.88872579,
              35.85339122
            ],
            [
              126.88877584,
              35.85323157
            ],
            [
              126.88883555,
              35.85304155
            ],
            [
              126.88885647,
              35.85285504
            ],
            [
              126.88886145,
              35.85280842
            ],
            [
              126.88886875,
              35.8527393
            ],
            [
              126.88887312,
              35.85269857
            ],
            [
              126.88887503,
              35.8526801
            ],
            [
              126.88884113,
              35.85262293
            ],
            [
              126.88875399,
              35.85247567
            ],
            [
              126.88872178,
              35.85231576
            ],
            [
              126.88871956,
              35.85223978
            ],
            [
              126.88871629,
              35.85212766
            ],
            [
              126.88872094,
              35.85197211
            ],
            [
              126.88872175,
              35.85194787
            ],
            [
              126.8887271,
              35.85192192
            ],
            [
              126.88875798,
              35.85177153
            ],
            [
              126.88878359,
              35.85158766
            ],
            [
              126.8887799,
              35.85153146
            ],
            [
              126.88877752,
              35.85149423
            ],
            [
              126.88877589,
              35.85146936
            ],
            [
              126.88877351,
              35.85143393
            ],
            [
              126.88877145,
              35.85140113
            ],
            [
              126.88853896,
              35.85125851
            ],
            [
              126.88840976,
              35.85118926
            ],
            [
              126.88835246,
              35.85116109
            ],
            [
              126.88823718,
              35.85111186
            ],
            [
              126.88817832,
              35.8510873
            ],
            [
              126.88813559,
              35.85108437
            ],
            [
              126.88795652,
              35.85097704
            ],
            [
              126.88793694,
              35.85096882
            ],
            [
              126.88765249,
              35.85085554
            ],
            [
              126.88729948,
              35.85069099
            ],
            [
              126.88676176,
              35.85056818
            ],
            [
              126.88629415,
              35.85047852
            ],
            [
              126.88601897,
              35.85041038
            ],
            [
              126.8858212,
              35.85037613
            ],
            [
              126.88568528,
              35.85036185
            ],
            [
              126.88557783,
              35.85035078
            ],
            [
              126.88543316,
              35.85032429
            ],
            [
              126.88541955,
              35.85032293
            ],
            [
              126.8854134,
              35.85036564
            ],
            [
              126.88540399,
              35.85036473
            ],
            [
              126.88528809,
              35.85035386
            ],
            [
              126.88517399,
              35.85034306
            ],
            [
              126.8849607,
              35.85032302
            ],
            [
              126.88483529,
              35.85031119
            ],
            [
              126.88486964,
              35.85028887
            ],
            [
              126.88498184,
              35.85009602
            ],
            [
              126.88524257,
              35.84916159
            ],
            [
              126.88532515,
              35.84893473
            ],
            [
              126.88533727,
              35.84890131
            ],
            [
              126.88538272,
              35.84877644
            ],
            [
              126.88540773,
              35.84870788
            ],
            [
              126.88544125,
              35.84858689
            ],
            [
              126.88549687,
              35.84846264
            ],
            [
              126.88555262,
              35.84833823
            ],
            [
              126.88562736,
              35.8481713
            ],
            [
              126.88581916,
              35.84774312
            ],
            [
              126.88590334,
              35.8475552
            ],
            [
              126.88596814,
              35.84737375
            ],
            [
              126.88600592,
              35.84726816
            ],
            [
              126.88601571,
              35.84724059
            ],
            [
              126.88603404,
              35.84718924
            ],
            [
              126.88605594,
              35.84712798
            ],
            [
              126.88606561,
              35.84710086
            ],
            [
              126.88612191,
              35.84697528
            ],
            [
              126.8861519,
              35.84690825
            ],
            [
              126.88622531,
              35.8467443
            ],
            [
              126.88624152,
              35.84670826
            ],
            [
              126.88626984,
              35.84664502
            ],
            [
              126.88629072,
              35.84659836
            ],
            [
              126.88642398,
              35.84630071
            ],
            [
              126.88644674,
              35.8462499
            ],
            [
              126.88646385,
              35.8462118
            ],
            [
              126.88648217,
              35.84617135
            ],
            [
              126.88657801,
              35.84595703
            ],
            [
              126.88661299,
              35.84587875
            ],
            [
              126.88672104,
              35.84563804
            ],
            [
              126.88679544,
              35.84547147
            ],
            [
              126.88680766,
              35.84544426
            ],
            [
              126.88682743,
              35.84540021
            ],
            [
              126.88687518,
              35.84529355
            ],
            [
              126.88694947,
              35.84512761
            ],
            [
              126.88718778,
              35.84459555
            ],
            [
              126.88723042,
              35.84450042
            ],
            [
              126.8872775,
              35.84439574
            ],
            [
              126.88728528,
              35.8443779
            ],
            [
              126.88730786,
              35.84429789
            ],
            [
              126.88731732,
              35.84426447
            ],
            [
              126.88734469,
              35.8441677
            ],
            [
              126.88735771,
              35.84412139
            ],
            [
              126.88737017,
              35.84407751
            ],
            [
              126.88740265,
              35.84396254
            ],
            [
              126.88741556,
              35.84391677
            ],
            [
              126.8875101,
              35.84344109
            ],
            [
              126.8875925,
              35.84302632
            ],
            [
              126.8875926,
              35.84302627
            ],
            [
              126.8875935,
              35.84302172
            ],
            [
              126.88775159,
              35.84222607
            ],
            [
              126.88775372,
              35.84220769
            ],
            [
              126.88780595,
              35.84175495
            ],
            [
              126.88784129,
              35.84157725
            ],
            [
              126.88786125,
              35.84147669
            ],
            [
              126.88789191,
              35.84132288
            ],
            [
              126.88794531,
              35.841054
            ],
            [
              126.88797062,
              35.84092649
            ],
            [
              126.88799188,
              35.84081986
            ],
            [
              126.88801252,
              35.84074687
            ],
            [
              126.88803619,
              35.84066276
            ],
            [
              126.88806144,
              35.8405732
            ],
            [
              126.88809481,
              35.84045471
            ],
            [
              126.88809505,
              35.84044408
            ],
            [
              126.8880951,
              35.84041073
            ],
            [
              126.88809497,
              35.84034638
            ],
            [
              126.8880756,
              35.84034637
            ],
            [
              126.88799236,
              35.84034647
            ],
            [
              126.88793924,
              35.84034398
            ],
            [
              126.88781073,
              35.8403426
            ],
            [
              126.88763066,
              35.84033522
            ],
            [
              126.88758979,
              35.84033358
            ],
            [
              126.887368,
              35.84033389
            ],
            [
              126.88715737,
              35.84033423
            ],
            [
              126.88714663,
              35.84033422
            ],
            [
              126.8870935,
              35.84033426
            ],
            [
              126.88698027,
              35.84033442
            ],
            [
              126.88692526,
              35.84033455
            ],
            [
              126.88678456,
              35.84034334
            ],
            [
              126.88670386,
              35.8403484
            ],
            [
              126.88665461,
              35.84034835
            ],
            [
              126.88648249,
              35.84034873
            ],
            [
              126.88626112,
              35.84034906
            ],
            [
              126.88623588,
              35.84034903
            ],
            [
              126.88610096,
              35.84034926
            ],
            [
              126.88605879,
              35.84034922
            ],
            [
              126.88603975,
              35.84034938
            ],
            [
              126.88581838,
              35.84034971
            ],
            [
              126.88572363,
              35.8403498
            ],
            [
              126.885597,
              35.84035004
            ],
            [
              126.88554653,
              35.84034999
            ],
            [
              126.88538139,
              35.84035037
            ],
            [
              126.88537563,
              35.84035037
            ],
            [
              126.88515426,
              35.84035069
            ],
            [
              126.88493289,
              35.84035102
            ],
            [
              126.88477018,
              35.84035113
            ],
            [
              126.88471151,
              35.84035135
            ],
            [
              126.88467764,
              35.84035131
            ],
            [
              126.88449014,
              35.84035167
            ],
            [
              126.88439151,
              35.84035789
            ],
            [
              126.88436196,
              35.84035966
            ],
            [
              126.88418871,
              35.84037589
            ],
            [
              126.88409992,
              35.84038428
            ],
            [
              126.88409988,
              35.84038347
            ],
            [
              126.8840116,
              35.84037959
            ],
            [
              126.88395505,
              35.8403772
            ],
            [
              126.883826,
              35.84037166
            ],
            [
              126.88381958,
              35.8403713
            ],
            [
              126.8836488,
              35.84036266
            ],
            [
              126.88360464,
              35.84036045
            ],
            [
              126.88355007,
              35.84036076
            ],
            [
              126.88347171,
              35.84036113
            ],
            [
              126.88338327,
              35.84036159
            ],
            [
              126.88320506,
              35.84036123
            ],
            [
              126.88311618,
              35.84036078
            ],
            [
              126.88308253,
              35.84036075
            ],
            [
              126.88304282,
              35.84034665
            ],
            [
              126.88293912,
              35.84033645
            ],
            [
              126.88285236,
              35.84032799
            ],
            [
              126.88270181,
              35.84033685
            ],
            [
              126.88258954,
              35.84035981
            ],
            [
              126.88254381,
              35.84037004
            ],
            [
              126.88249777,
              35.84037063
            ],
            [
              126.88228048,
              35.84037906
            ],
            [
              126.88197986,
              35.84037462
            ],
            [
              126.88183364,
              35.84037925
            ],
            [
              126.88161227,
              35.84037804
            ],
            [
              126.88139213,
              35.84036421
            ],
            [
              126.881286,
              35.84035653
            ],
            [
              126.8807752,
              35.84034539
            ],
            [
              126.88072667,
              35.84034816
            ],
            [
              126.88056844,
              35.84034301
            ],
            [
              126.88053834,
              35.84034208
            ],
            [
              126.88051998,
              35.84033125
            ],
            [
              126.88049853,
              35.84031861
            ],
            [
              126.88052271,
              35.84020724
            ],
            [
              126.88047325,
              35.84020016
            ],
            [
              126.88042732,
              35.84019363
            ],
            [
              126.88039379,
              35.84018882
            ],
            [
              126.88037829,
              35.84026342
            ],
            [
              126.88020538,
              35.8402792
            ],
            [
              126.88006282,
              35.84027789
            ],
            [
              126.87984588,
              35.84027154
            ],
            [
              126.87984145,
              35.84027144
            ],
            [
              126.87962013,
              35.84024355
            ],
            [
              126.87939875,
              35.84024558
            ],
            [
              126.87936944,
              35.84023546
            ],
            [
              126.87931235,
              35.84021602
            ],
            [
              126.87928757,
              35.84020743
            ],
            [
              126.87928016,
              35.8402049
            ],
            [
              126.87923856,
              35.84019071
            ],
            [
              126.87916887,
              35.84016216
            ],
            [
              126.8791553,
              35.84015662
            ],
            [
              126.87910461,
              35.84020571
            ],
            [
              126.87906215,
              35.84024749
            ],
            [
              126.87905229,
              35.84025694
            ],
            [
              126.8789891,
              35.8403187
            ],
            [
              126.87895583,
              35.84035131
            ],
            [
              126.87873448,
              35.84034774
            ],
            [
              126.87862845,
              35.84034303
            ],
            [
              126.87851312,
              35.84033796
            ],
            [
              126.87829175,
              35.84033998
            ],
            [
              126.8782312,
              35.84034334
            ],
            [
              126.87811353,
              35.84034971
            ],
            [
              126.87807064,
              35.84035199
            ],
            [
              126.87784893,
              35.84038576
            ],
            [
              126.87762754,
              35.84039806
            ],
            [
              126.87740614,
              35.84041829
            ],
            [
              126.87718478,
              35.84041112
            ],
            [
              126.87696345,
              35.84037935
            ],
            [
              126.87688555,
              35.84036927
            ],
            [
              126.87674213,
              35.84035082
            ],
            [
              126.87670836,
              35.84035331
            ],
            [
              126.87656656,
              35.84036416
            ],
            [
              126.87652073,
              35.84036763
            ],
            [
              126.87629935,
              35.84037064
            ],
            [
              126.87607509,
              35.84037187
            ],
            [
              126.87599917,
              35.84036961
            ],
            [
              126.87593232,
              35.84036773
            ],
            [
              126.87585662,
              35.84036558
            ],
            [
              126.87578821,
              35.84037011
            ],
            [
              126.87563522,
              35.84038022
            ],
            [
              126.87541381,
              35.84040847
            ],
            [
              126.87530282,
              35.84040772
            ],
            [
              126.87519302,
              35.84040717
            ],
            [
              126.87510932,
              35.84040445
            ],
            [
              126.87497108,
              35.84039989
            ],
            [
              126.8747869,
              35.84039609
            ],
            [
              126.87474971,
              35.84039533
            ],
            [
              126.87452834,
              35.84039267
            ],
            [
              126.87444533,
              35.84039005
            ],
            [
              126.87430698,
              35.84038783
            ],
            [
              126.87427921,
              35.8403787
            ],
            [
              126.87416676,
              35.84037507
            ],
            [
              126.87409006,
              35.84037255
            ],
            [
              126.87398496,
              35.84033783
            ],
            [
              126.87392611,
              35.8403184
            ],
            [
              126.87359419,
              35.84031704
            ],
            [
              126.87360798,
              35.84012195
            ],
            [
              126.87361342,
              35.84004435
            ],
            [
              126.87361611,
              35.83997932
            ],
            [
              126.87362402,
              35.83991338
            ],
            [
              126.87353108,
              35.83989772
            ],
            [
              126.87351404,
              35.83989491
            ],
            [
              126.87349615,
              35.83994014
            ],
            [
              126.87349299,
              35.83994479
            ],
            [
              126.87346038,
              35.84001724
            ],
            [
              126.87342695,
              35.84009156
            ],
            [
              126.87340951,
              35.84013039
            ],
            [
              126.87335041,
              35.84026191
            ],
            [
              126.87333043,
              35.84029559
            ],
            [
              126.87332122,
              35.84031126
            ],
            [
              126.87284185,
              35.84030904
            ],
            [
              126.87262048,
              35.84030628
            ],
            [
              126.87240187,
              35.84030177
            ],
            [
              126.87230558,
              35.84030351
            ],
            [
              126.87221393,
              35.8403053
            ],
            [
              126.87217853,
              35.84030602
            ],
            [
              126.87198405,
              35.84029604
            ],
            [
              126.87173499,
              35.84030397
            ],
            [
              126.87151362,
              35.84030292
            ],
            [
              126.87117869,
              35.84030139
            ],
            [
              126.87120519,
              35.84014018
            ],
            [
              126.87120866,
              35.84011558
            ],
            [
              126.8712138,
              35.84007814
            ],
            [
              126.87120607,
              35.84007592
            ],
            [
              126.87114013,
              35.84005729
            ],
            [
              126.87110705,
              35.84004788
            ],
            [
              126.87106701,
              35.84010083
            ],
            [
              126.87094932,
              35.8402522
            ],
            [
              126.87087883,
              35.84031125
            ],
            [
              126.87083289,
              35.84031345
            ],
            [
              126.87075153,
              35.84031742
            ],
            [
              126.8706281,
              35.84032332
            ],
            [
              126.87040673,
              35.84032488
            ],
            [
              126.87023002,
              35.8403556
            ],
            [
              126.8701853,
              35.8403634
            ],
            [
              126.86996392,
              35.84036739
            ],
            [
              126.86989916,
              35.84036957
            ],
            [
              126.86974253,
              35.84037508
            ],
            [
              126.86972205,
              35.84037713
            ],
            [
              126.86952112,
              35.84039773
            ],
            [
              126.86935222,
              35.84039452
            ],
            [
              126.86935105,
              35.84043557
            ],
            [
              126.86915302,
              35.84044383
            ],
            [
              126.86887412,
              35.8404893
            ],
            [
              126.86873293,
              35.84052673
            ],
            [
              126.86854619,
              35.84060142
            ],
            [
              126.86836276,
              35.84068404
            ],
            [
              126.86780006,
              35.84093153
            ],
            [
              126.86754901,
              35.84100578
            ],
            [
              126.86700362,
              35.84121967
            ],
            [
              126.86684391,
              35.84127979
            ],
            [
              126.86661482,
              35.84139246
            ],
            [
              126.86624205,
              35.84152046
            ],
            [
              126.8659626,
              35.84161649
            ],
            [
              126.86536816,
              35.84184005
            ],
            [
              126.86520424,
              35.84196379
            ],
            [
              126.86513023,
              35.84200616
            ],
            [
              126.8650232,
              35.8420675
            ],
            [
              126.86498387,
              35.84208368
            ],
            [
              126.86497083,
              35.84207609
            ],
            [
              126.86478264,
              35.84221674
            ],
            [
              126.86468396,
              35.84218103
            ],
            [
              126.86468374,
              35.84218103
            ],
            [
              126.86457625,
              35.84225265
            ],
            [
              126.86438409,
              35.84238302
            ],
            [
              126.86427505,
              35.84245446
            ],
            [
              126.86409978,
              35.84256277
            ],
            [
              126.86391804,
              35.84266782
            ],
            [
              126.86382231,
              35.84272386
            ],
            [
              126.86373832,
              35.84277307
            ],
            [
              126.8635522,
              35.84287091
            ],
            [
              126.86348061,
              35.84291769
            ],
            [
              126.86337921,
              35.84298409
            ],
            [
              126.86336692,
              35.84299173
            ],
            [
              126.86320369,
              35.84309429
            ],
            [
              126.86308548,
              35.84315571
            ],
            [
              126.86301701,
              35.84319141
            ],
            [
              126.86283762,
              35.84329719
            ],
            [
              126.86277579,
              35.8433338
            ],
            [
              126.86272928,
              35.84334384
            ],
            [
              126.86267642,
              35.84337784
            ],
            [
              126.8626043,
              35.84341814
            ],
            [
              126.86257637,
              35.84343379
            ],
            [
              126.86256651,
              35.84343927
            ],
            [
              126.86249516,
              35.84347921
            ],
            [
              126.8625229,
              35.84350492
            ],
            [
              126.86253295,
              35.84351422
            ],
            [
              126.86254943,
              35.84352316
            ],
            [
              126.86255249,
              35.84354903
            ],
            [
              126.86260596,
              35.84360803
            ],
            [
              126.86263815,
              35.84368323
            ],
            [
              126.86275574,
              35.84397601
            ],
            [
              126.8628948,
              35.84434343
            ],
            [
              126.86293871,
              35.84442513
            ],
            [
              126.86306211,
              35.84469339
            ],
            [
              126.86310552,
              35.8448746
            ],
            [
              126.86313057,
              35.84491824
            ],
            [
              126.86314727,
              35.84498991
            ],
            [
              126.86317869,
              35.84512415
            ],
            [
              126.86330669,
              35.84568009
            ],
            [
              126.86334501,
              35.84573097
            ],
            [
              126.86342828,
              35.84584165
            ],
            [
              126.86346855,
              35.84590661
            ],
            [
              126.86351167,
              35.84600929
            ],
            [
              126.86363082,
              35.84617714
            ],
            [
              126.86373048,
              35.84635048
            ],
            [
              126.86384334,
              35.8465077
            ],
            [
              126.86391467,
              35.84661187
            ],
            [
              126.86398158,
              35.84670991
            ],
            [
              126.86403005,
              35.84678144
            ],
            [
              126.86420769,
              35.84692557
            ],
            [
              126.86427436,
              35.84697134
            ],
            [
              126.86429299,
              35.84701462
            ],
            [
              126.86430644,
              35.84704735
            ],
            [
              126.86443249,
              35.84738619
            ],
            [
              126.8645827,
              35.84758292
            ],
            [
              126.86459812,
              35.84768983
            ],
            [
              126.86461768,
              35.84771454
            ],
            [
              126.86462255,
              35.84777529
            ],
            [
              126.86462967,
              35.84782271
            ],
            [
              126.86467385,
              35.84813504
            ],
            [
              126.86468143,
              35.84816713
            ],
            [
              126.86472671,
              35.84831264
            ],
            [
              126.8647637,
              35.84854206
            ],
            [
              126.86478517,
              35.84867447
            ],
            [
              126.86479058,
              35.84868385
            ],
            [
              126.86485375,
              35.84902928
            ],
            [
              126.86486199,
              35.8490657
            ],
            [
              126.86486606,
              35.84907842
            ],
            [
              126.86487686,
              35.84910979
            ],
            [
              126.86488612,
              35.84913333
            ],
            [
              126.86491686,
              35.84934263
            ],
            [
              126.86492354,
              35.84938842
            ],
            [
              126.86498763,
              35.84938732
            ],
            [
              126.86499292,
              35.84940418
            ],
            [
              126.86501906,
              35.84945919
            ],
            [
              126.86514425,
              35.84972385
            ],
            [
              126.86530064,
              35.84999782
            ],
            [
              126.86536568,
              35.8501558
            ],
            [
              126.86543679,
              35.85032892
            ],
            [
              126.86547173,
              35.85041557
            ],
            [
              126.86554979,
              35.85047333
            ],
            [
              126.86561357,
              35.85052613
            ],
            [
              126.86573214,
              35.85062492
            ],
            [
              126.86581943,
              35.85068192
            ],
            [
              126.86600099,
              35.85074359
            ],
            [
              126.8660344,
              35.85075426
            ],
            [
              126.86615246,
              35.85078531
            ],
            [
              126.86622892,
              35.85080513
            ],
            [
              126.86628401,
              35.85082808
            ],
            [
              126.86644166,
              35.8508909
            ],
            [
              126.86656079,
              35.85093704
            ],
            [
              126.86666249,
              35.85096703
            ],
            [
              126.86681787,
              35.85105661
            ],
            [
              126.86691291,
              35.85115369
            ],
            [
              126.86695867,
              35.85119195
            ],
            [
              126.86706789,
              35.85128454
            ],
            [
              126.86712207,
              35.85132399
            ],
            [
              126.86713511,
              35.85133347
            ],
            [
              126.8672333,
              35.85140478
            ],
            [
              126.86730967,
              35.85147327
            ],
            [
              126.8673813,
              35.85153751
            ],
            [
              126.86752864,
              35.85167206
            ],
            [
              126.867672,
              35.85180533
            ],
            [
              126.86766446,
              35.85181307
            ],
            [
              126.86767594,
              35.85183183
            ],
            [
              126.86778458,
              35.85193731
            ],
            [
              126.86785119,
              35.85195712
            ],
            [
              126.86789752,
              35.8519907
            ],
            [
              126.86796529,
              35.85204304
            ],
            [
              126.86799661,
              35.85206736
            ],
            [
              126.86812441,
              35.85214984
            ],
            [
              126.8682354,
              35.85224495
            ],
            [
              126.8682233,
              35.85226369
            ],
            [
              126.86828762,
              35.85232721
            ],
            [
              126.86835802,
              35.85239677
            ],
            [
              126.86842831,
              35.85246633
            ],
            [
              126.86849197,
              35.85253147
            ],
            [
              126.86855828,
              35.85259914
            ],
            [
              126.86869509,
              35.85274043
            ],
            [
              126.86882548,
              35.85288612
            ],
            [
              126.86887344,
              35.85293908
            ],
            [
              126.86889167,
              35.85295911
            ],
            [
              126.86895786,
              35.85303218
            ],
            [
              126.86910842,
              35.85316555
            ],
            [
              126.86925088,
              35.85330306
            ],
            [
              126.86932615,
              35.8533756
            ],
            [
              126.86953726,
              35.85357934
            ],
            [
              126.86959354,
              35.85362293
            ],
            [
              126.86967909,
              35.85371767
            ],
            [
              126.86970449,
              35.85373796
            ],
            [
              126.86973436,
              35.85375548
            ],
            [
              126.86979592,
              35.85381656
            ],
            [
              126.8698295,
              35.85378663
            ],
            [
              126.86991671,
              35.85387681
            ],
            [
              126.86991521,
              35.85387776
            ],
            [
              126.86993922,
              35.85391892
            ],
            [
              126.86996483,
              35.85396275
            ],
            [
              126.86996848,
              35.85396888
            ],
            [
              126.86997168,
              35.85397447
            ],
            [
              126.86999983,
              35.85402263
            ],
            [
              126.8700144,
              35.85404752
            ],
            [
              126.87002113,
              35.85405897
            ],
            [
              126.87002731,
              35.85406961
            ],
            [
              126.87005237,
              35.85411236
            ],
            [
              126.87008591,
              35.85411898
            ],
            [
              126.87010161,
              35.85412206
            ],
            [
              126.87018867,
              35.85410115
            ],
            [
              126.87025036,
              35.85408635
            ],
            [
              126.87040526,
              35.85407228
            ],
            [
              126.87047114,
              35.85406631
            ],
            [
              126.87069279,
              35.8540524
            ],
            [
              126.87090529,
              35.85401668
            ],
            [
              126.87104879,
              35.85399953
            ],
            [
              126.87112553,
              35.85399033
            ],
            [
              126.8713326,
              35.85395748
            ],
            [
              126.87154025,
              35.85390993
            ],
            [
              126.87155974,
              35.85390374
            ],
            [
              126.87174835,
              35.85384367
            ],
            [
              126.87183428,
              35.85384095
            ],
            [
              126.87182799,
              35.85382805
            ],
            [
              126.87195346,
              35.85380268
            ],
            [
              126.87216222,
              35.85375217
            ],
            [
              126.87229735,
              35.85371148
            ],
            [
              126.87236857,
              35.85369002
            ],
            [
              126.87243223,
              35.85368162
            ],
            [
              126.87246733,
              35.85367697
            ],
            [
              126.87258293,
              35.85366177
            ],
            [
              126.87272332,
              35.85365363
            ],
            [
              126.87280005,
              35.85364912
            ],
            [
              126.87301693,
              35.85363808
            ],
            [
              126.87323594,
              35.85361651
            ],
            [
              126.87344764,
              35.85359898
            ],
            [
              126.87366343,
              35.85358281
            ],
            [
              126.87387976,
              35.85357069
            ],
            [
              126.87408157,
              35.85355272
            ],
            [
              126.87411847,
              35.85355057
            ],
            [
              126.87418523,
              35.85354659
            ],
            [
              126.87421767,
              35.85354464
            ],
            [
              126.8743172,
              35.8535388
            ],
            [
              126.8745283,
              35.85353689
            ],
            [
              126.87469281,
              35.8535464
            ],
            [
              126.87474628,
              35.85354952
            ],
            [
              126.87496195,
              35.85360103
            ],
            [
              126.8751797,
              35.85360937
            ],
            [
              126.8754018,
              35.8535932
            ],
            [
              126.8756229,
              35.85357595
            ],
            [
              126.87584435,
              35.85354851
            ],
            [
              126.87605318,
              35.85352539
            ],
            [
              126.87606602,
              35.85352396
            ],
            [
              126.87610991,
              35.85354494
            ],
            [
              126.87612255,
              35.85355088
            ],
            [
              126.8762303,
              35.85360227
            ],
            [
              126.87628129,
              35.85362657
            ],
            [
              126.87650103,
              35.85363437
            ],
            [
              126.87672347,
              35.85364089
            ],
            [
              126.87681054,
              35.85364505
            ],
            [
              126.87685692,
              35.85364726
            ],
            [
              126.87694061,
              35.85365123
            ],
            [
              126.87716012,
              35.85366236
            ],
            [
              126.87737974,
              35.85367349
            ],
            [
              126.87757946,
              35.85367054
            ],
            [
              126.87772937,
              35.85365646
            ],
            [
              126.87781784,
              35.85364817
            ],
            [
              126.87782488,
              35.85360701
            ],
            [
              126.87804592,
              35.85362668
            ],
            [
              126.87818666,
              35.85367522
            ],
            [
              126.8782598,
              35.85370053
            ],
            [
              126.87836098,
              35.85370289
            ],
            [
              126.8784802,
              35.85370562
            ],
            [
              126.8786996,
              35.85371829
            ],
            [
              126.87877728,
              35.85374036
            ],
            [
              126.87886326,
              35.85376487
            ],
            [
              126.87891405,
              35.85377934
            ],
            [
              126.8789416,
              35.85378658
            ],
            [
              126.87894427,
              35.8537837
            ],
            [
              126.87894238,
              35.85378676
            ],
            [
              126.8791284,
              35.85383571
            ],
            [
              126.87923234,
              35.85384437
            ],
            [
              126.8793469,
              35.85385404
            ],
            [
              126.87956522,
              35.85387244
            ],
            [
              126.87978547,
              35.85387954
            ],
            [
              126.87978614,
              35.85387954
            ],
            [
              126.88000811,
              35.85387021
            ],
            [
              126.88012526,
              35.85385492
            ],
            [
              126.8801793,
              35.85384786
            ],
            [
              126.88023378,
              35.8538407
            ],
            [
              126.88028048,
              35.85384904
            ],
            [
              126.88039403,
              35.85386925
            ],
            [
              126.88044992,
              35.85387913
            ],
            [
              126.88066473,
              35.85392468
            ],
            [
              126.88076446,
              35.85393686
            ],
            [
              126.88088378,
              35.85395149
            ],
            [
              126.88106134,
              35.85395861
            ],
            [
              126.88110285,
              35.85396027
            ],
            [
              126.88119252,
              35.85396108
            ],
            [
              126.88132251,
              35.85396235
            ],
            [
              126.88140999,
              35.85400384
            ],
            [
              126.8815298,
              35.85406064
            ],
            [
              126.88174417,
              35.85410439
            ],
            [
              126.88179574,
              35.85411408
            ],
            [
              126.8819571,
              35.85414435
            ],
            [
              126.88212934,
              35.85416083
            ],
            [
              126.88217715,
              35.85416547
            ],
            [
              126.88229449,
              35.85417451
            ],
            [
              126.88232161,
              35.85417589
            ],
            [
              126.88239832,
              35.85417975
            ],
            [
              126.88249134,
              35.85416488
            ],
            [
              126.88253419,
              35.85415808
            ],
            [
              126.88261491,
              35.85414518
            ],
            [
              126.88262942,
              35.85414285
            ],
            [
              126.88285348,
              35.85414289
            ],
            [
              126.88307164,
              35.85417411
            ],
            [
              126.88328872,
              35.85421849
            ],
            [
              126.88345915,
              35.85429273
            ],
            [
              126.88349422,
              35.854308
            ],
            [
              126.88368546,
              35.85434991
            ],
            [
              126.88378783,
              35.85437228
            ],
            [
              126.88392439,
              35.85440206
            ],
            [
              126.884056,
              35.85441895
            ],
            [
              126.8840573,
              35.85443941
            ],
            [
              126.88407963,
              35.85453208
            ],
            [
              126.88409064,
              35.85457779
            ],
            [
              126.88410087,
              35.85462033
            ],
            [
              126.88414519,
              35.85480535
            ],
            [
              126.88416029,
              35.85486734
            ],
            [
              126.88416997,
              35.85490925
            ],
            [
              126.88417517,
              35.85490628
            ],
            [
              126.88417448,
              35.85492791
            ],
            [
              126.88418592,
              35.85497595
            ],
            [
              126.8843201,
              35.8549769
            ],
            [
              126.88433251,
              35.85496925
            ],
            [
              126.88433272,
              35.854977
            ],
            [
              126.88433988,
              35.85497704
            ],
            [
              126.88435331,
              35.85497712
            ]
          ]
        ]
      }
    },
    {
      "type": "Feature",
      "id": "245300",
      "properties": {
        "dan_id": "245300",
        "name": "지평선2",
        "city": "김제시",
        "zone_type_code": "2",
        "zone_type": "일반산업단지",
        "source_updated": "2026-04-07"
      },
      "geometry": {
        "type": "Polygon",
        "coordinates": [
          [
            [
              126.93072605,
              35.82227003
            ],
            [
              126.93064922,
              35.82217748
            ],
            [
              126.93059881,
              35.82212645
            ],
            [
              126.93051263,
              35.82198806
            ],
            [
              126.93041221,
              35.82185051
            ],
            [
              126.93040644,
              35.82185005
            ],
            [
              126.93035838,
              35.82177889
            ],
            [
              126.93034115,
              35.8217532
            ],
            [
              126.93022249,
              35.82160836
            ],
            [
              126.93009563,
              35.82145668
            ],
            [
              126.93006062,
              35.82141146
            ],
            [
              126.92999618,
              35.82132546
            ],
            [
              126.92987011,
              35.82120122
            ],
            [
              126.92984729,
              35.82117873
            ],
            [
              126.92970274,
              35.82105308
            ],
            [
              126.92962592,
              35.82099672
            ],
            [
              126.92964346,
              35.82098575
            ],
            [
              126.92956097,
              35.82088591
            ],
            [
              126.92943626,
              35.82073558
            ],
            [
              126.92929846,
              35.82059196
            ],
            [
              126.92916719,
              35.82044571
            ],
            [
              126.92904543,
              35.82030106
            ],
            [
              126.92890912,
              35.8201484
            ],
            [
              126.92859188,
              35.81969306
            ],
            [
              126.92846391,
              35.81955438
            ],
            [
              126.92831468,
              35.81943038
            ],
            [
              126.92828102,
              35.81940241
            ],
            [
              126.92821857,
              35.81943647
            ],
            [
              126.92807512,
              35.81950421
            ],
            [
              126.92786424,
              35.8195967
            ],
            [
              126.92736795,
              35.81977549
            ],
            [
              126.92668967,
              35.8200689
            ],
            [
              126.92623886,
              35.82029005
            ],
            [
              126.92594033,
              35.82045851
            ],
            [
              126.92567206,
              35.82063319
            ],
            [
              126.92560216,
              35.82068282
            ],
            [
              126.9254122,
              35.8208175
            ],
            [
              126.92535198,
              35.82086462
            ],
            [
              126.92527888,
              35.8209203
            ],
            [
              126.92522682,
              35.8209617
            ],
            [
              126.92381084,
              35.82225629
            ],
            [
              126.92363995,
              35.82240711
            ],
            [
              126.92346269,
              35.82255297
            ],
            [
              126.92327926,
              35.82269368
            ],
            [
              126.92308989,
              35.82282907
            ],
            [
              126.92294896,
              35.82291906
            ],
            [
              126.92269426,
              35.82308323
            ],
            [
              126.92248849,
              35.8232017
            ],
            [
              126.9224017,
              35.82325054
            ],
            [
              126.92181088,
              35.82355408
            ],
            [
              126.92137911,
              35.82374325
            ],
            [
              126.9207409,
              35.82399002
            ],
            [
              126.92038876,
              35.82411904
            ],
            [
              126.92015169,
              35.8242199
            ],
            [
              126.92000584,
              35.82429433
            ],
            [
              126.91986362,
              35.82437568
            ],
            [
              126.91887061,
              35.82503626
            ],
            [
              126.91864829,
              35.82517211
            ],
            [
              126.91803703,
              35.82551448
            ],
            [
              126.91820547,
              35.82583008
            ],
            [
              126.91803388,
              35.82597327
            ],
            [
              126.91844627,
              35.82674346
            ],
            [
              126.91810152,
              35.8268901
            ],
            [
              126.91797357,
              35.82725918
            ],
            [
              126.91809354,
              35.82735251
            ],
            [
              126.91815469,
              35.8274001
            ],
            [
              126.91851311,
              35.82770045
            ],
            [
              126.91811744,
              35.82810163
            ],
            [
              126.91782177,
              35.82839819
            ],
            [
              126.91778647,
              35.82842839
            ],
            [
              126.91787137,
              35.82850166
            ],
            [
              126.917958,
              35.82854406
            ],
            [
              126.91799839,
              35.82856382
            ],
            [
              126.91804768,
              35.82858586
            ],
            [
              126.91809696,
              35.8286079
            ],
            [
              126.91814501,
              35.82862468
            ],
            [
              126.918157,
              35.82862886
            ],
            [
              126.918242,
              35.82865853
            ],
            [
              126.91832699,
              35.82868821
            ],
            [
              126.91843212,
              35.82871908
            ],
            [
              126.91856261,
              35.82875657
            ],
            [
              126.91869576,
              35.82878907
            ],
            [
              126.9188491,
              35.82882587
            ],
            [
              126.91870815,
              35.82900113
            ],
            [
              126.91863271,
              35.82902041
            ],
            [
              126.91862683,
              35.82901644
            ],
            [
              126.91859489,
              35.82904599
            ],
            [
              126.91880643,
              35.82919435
            ],
            [
              126.91895097,
              35.82928221
            ],
            [
              126.91903987,
              35.82929129
            ],
            [
              126.91905149,
              35.82928831
            ],
            [
              126.9190646,
              35.82929589
            ],
            [
              126.91906461,
              35.82929589
            ],
            [
              126.91944049,
              35.82920023
            ],
            [
              126.91950533,
              35.82921653
            ],
            [
              126.91962771,
              35.82929268
            ],
            [
              126.91969079,
              35.82933302
            ],
            [
              126.91973742,
              35.82936247
            ],
            [
              126.91976885,
              35.82937451
            ],
            [
              126.92002583,
              35.8294215
            ],
            [
              126.92010065,
              35.82944437
            ],
            [
              126.9202954,
              35.82954422
            ],
            [
              126.92035134,
              35.82956577
            ],
            [
              126.92048047,
              35.82959655
            ],
            [
              126.92051,
              35.82960972
            ],
            [
              126.92061043,
              35.82968006
            ],
            [
              126.92068018,
              35.82974606
            ],
            [
              126.92074816,
              35.82979099
            ],
            [
              126.92091385,
              35.8298554
            ],
            [
              126.92097944,
              35.82987088
            ],
            [
              126.92131835,
              35.82990368
            ],
            [
              126.92174917,
              35.8300007
            ],
            [
              126.92208542,
              35.83007642
            ],
            [
              126.92213584,
              35.83008777
            ],
            [
              126.92223658,
              35.83016409
            ],
            [
              126.92225127,
              35.8302009
            ],
            [
              126.92225922,
              35.83024647
            ],
            [
              126.922298,
              35.83031511
            ],
            [
              126.92232586,
              35.83033383
            ],
            [
              126.92235789,
              35.83032816
            ],
            [
              126.92237246,
              35.83032678
            ],
            [
              126.9223875,
              35.83032398
            ],
            [
              126.92240578,
              35.83031862
            ],
            [
              126.92242265,
              35.83031092
            ],
            [
              126.92243763,
              35.83030167
            ],
            [
              126.9224463,
              35.83029428
            ],
            [
              126.92245571,
              35.830286
            ],
            [
              126.92246436,
              35.83027534
            ],
            [
              126.92247073,
              35.83026599
            ],
            [
              126.92247639,
              35.83025431
            ],
            [
              126.92247971,
              35.83024441
            ],
            [
              126.92248193,
              35.83023363
            ],
            [
              126.9224828,
              35.83022263
            ],
            [
              126.92248269,
              35.83021215
            ],
            [
              126.9224814,
              35.83020258
            ],
            [
              126.92248254,
              35.83015191
            ],
            [
              126.92248736,
              35.83010175
            ],
            [
              126.92248878,
              35.83008701
            ],
            [
              126.92248996,
              35.83004795
            ],
            [
              126.92249135,
              35.8300016
            ],
            [
              126.92249969,
              35.8299829
            ],
            [
              126.92251921,
              35.82996864
            ],
            [
              126.92254159,
              35.82996144
            ],
            [
              126.92257506,
              35.82996485
            ],
            [
              126.92259293,
              35.82996701
            ],
            [
              126.92272943,
              35.82999423
            ],
            [
              126.92286593,
              35.83002146
            ],
            [
              126.92291859,
              35.83002805
            ],
            [
              126.92297184,
              35.83002709
            ],
            [
              126.92305295,
              35.83002191
            ],
            [
              126.92313406,
              35.83001675
            ],
            [
              126.92319157,
              35.83001016
            ],
            [
              126.92329718,
              35.82999336
            ],
            [
              126.92333336,
              35.8299876
            ],
            [
              126.92340938,
              35.82997551
            ],
            [
              126.92342567,
              35.82997354
            ],
            [
              126.92344375,
              35.82997282
            ],
            [
              126.92347679,
              35.82997942
            ],
            [
              126.92356096,
              35.83002935
            ],
            [
              126.92362945,
              35.83007037
            ],
            [
              126.92366666,
              35.83010305
            ],
            [
              126.9236825,
              35.83011694
            ],
            [
              126.92373556,
              35.83016352
            ],
            [
              126.9237987,
              35.8301738
            ],
            [
              126.92380162,
              35.83016847
            ],
            [
              126.92384098,
              35.83008696
            ],
            [
              126.92392781,
              35.82997737
            ],
            [
              126.92405206,
              35.82985835
            ],
            [
              126.92422353,
              35.82970006
            ],
            [
              126.92427542,
              35.82965215
            ],
            [
              126.92429465,
              35.82963699
            ],
            [
              126.92437333,
              35.82957496
            ],
            [
              126.92441201,
              35.82954448
            ],
            [
              126.92449894,
              35.82947594
            ],
            [
              126.92454653,
              35.82944629
            ],
            [
              126.92464505,
              35.82943534
            ],
            [
              126.92477145,
              35.82940172
            ],
            [
              126.92487307,
              35.82937467
            ],
            [
              126.9249233,
              35.8293656
            ],
            [
              126.92516563,
              35.82932182
            ],
            [
              126.92539347,
              35.8292832
            ],
            [
              126.92564062,
              35.82922953
            ],
            [
              126.92568354,
              35.82921528
            ],
            [
              126.92576862,
              35.82918703
            ],
            [
              126.92608839,
              35.829047
            ],
            [
              126.92614925,
              35.8289984
            ],
            [
              126.92617448,
              35.82898831
            ],
            [
              126.92622832,
              35.82896678
            ],
            [
              126.92644518,
              35.82888004
            ],
            [
              126.92660624,
              35.82880793
            ],
            [
              126.92698215,
              35.82864311
            ],
            [
              126.92708561,
              35.8286073
            ],
            [
              126.92743748,
              35.8284613
            ],
            [
              126.92760023,
              35.82838098
            ],
            [
              126.92773886,
              35.82834125
            ],
            [
              126.92776538,
              35.82833353
            ],
            [
              126.92789208,
              35.828318
            ],
            [
              126.92795096,
              35.82832439
            ],
            [
              126.92823582,
              35.8282705
            ],
            [
              126.92839556,
              35.82824028
            ],
            [
              126.92899163,
              35.82813168
            ],
            [
              126.92899398,
              35.82811516
            ],
            [
              126.92906279,
              35.82811713
            ],
            [
              126.92915337,
              35.82810055
            ],
            [
              126.92914928,
              35.82811759
            ],
            [
              126.92939022,
              35.82807416
            ],
            [
              126.92954253,
              35.82803951
            ],
            [
              126.92961752,
              35.82802248
            ],
            [
              126.93000442,
              35.82793009
            ],
            [
              126.9300771,
              35.82791321
            ],
            [
              126.93024559,
              35.82789968
            ],
            [
              126.93032193,
              35.82794184
            ],
            [
              126.93035315,
              35.82796577
            ],
            [
              126.93039145,
              35.82795115
            ],
            [
              126.93040604,
              35.82795409
            ],
            [
              126.93041046,
              35.82790846
            ],
            [
              126.9304135,
              35.82781955
            ],
            [
              126.93041645,
              35.8277455
            ],
            [
              126.93041905,
              35.82769134
            ],
            [
              126.93042298,
              35.82762492
            ],
            [
              126.93043035,
              35.82757623
            ],
            [
              126.93045012,
              35.82749114
            ],
            [
              126.93046462,
              35.82740293
            ],
            [
              126.93046811,
              35.82737333
            ],
            [
              126.93048178,
              35.82731074
            ],
            [
              126.9304854,
              35.82727615
            ],
            [
              126.93051255,
              35.82707183
            ],
            [
              126.93052307,
              35.827006
            ],
            [
              126.93053585,
              35.82692909
            ],
            [
              126.93053832,
              35.82691359
            ],
            [
              126.93053927,
              35.82690507
            ],
            [
              126.93054489,
              35.82685984
            ],
            [
              126.93055343,
              35.82680894
            ],
            [
              126.93056065,
              35.82678459
            ],
            [
              126.93058933,
              35.82671284
            ],
            [
              126.93062429,
              35.82662382
            ],
            [
              126.93065114,
              35.82656178
            ],
            [
              126.93065819,
              35.82654685
            ],
            [
              126.93067192,
              35.82650932
            ],
            [
              126.93068036,
              35.82646321
            ],
            [
              126.9306833,
              35.8264076
            ],
            [
              126.930681,
              35.82635876
            ],
            [
              126.93068062,
              35.82634297
            ],
            [
              126.9306766,
              35.82631046
            ],
            [
              126.93065797,
              35.82622711
            ],
            [
              126.9306489,
              35.82619676
            ],
            [
              126.9306399,
              35.82612522
            ],
            [
              126.93064406,
              35.82612461
            ],
            [
              126.93064475,
              35.82610835
            ],
            [
              126.93064419,
              35.82605191
            ],
            [
              126.93064584,
              35.82601635
            ],
            [
              126.93065106,
              35.8259515
            ],
            [
              126.93066416,
              35.82586191
            ],
            [
              126.93067873,
              35.82578013
            ],
            [
              126.93071201,
              35.82562647
            ],
            [
              126.93073161,
              35.82554472
            ],
            [
              126.93074589,
              35.82548512
            ],
            [
              126.93076174,
              35.82540744
            ],
            [
              126.93076953,
              35.82537311
            ],
            [
              126.9308049,
              35.82520851
            ],
            [
              126.93082329,
              35.82515421
            ],
            [
              126.93085993,
              35.82506915
            ],
            [
              126.93088287,
              35.82502728
            ],
            [
              126.93094401,
              35.82490475
            ],
            [
              126.93098656,
              35.82481641
            ],
            [
              126.93101697,
              35.82475391
            ],
            [
              126.93103,
              35.82470275
            ],
            [
              126.93103786,
              35.82466362
            ],
            [
              126.9310351,
              35.82462461
            ],
            [
              126.93102395,
              35.82459836
            ],
            [
              126.93098733,
              35.82453002
            ],
            [
              126.9309778,
              35.82448218
            ],
            [
              126.93097901,
              35.82446811
            ],
            [
              126.93097925,
              35.82444217
            ],
            [
              126.93098203,
              35.82441859
            ],
            [
              126.93099515,
              35.82438492
            ],
            [
              126.93101964,
              35.82434864
            ],
            [
              126.93103165,
              35.82432743
            ],
            [
              126.93105575,
              35.82428584
            ],
            [
              126.93108376,
              35.82419208
            ],
            [
              126.93109493,
              35.8241099
            ],
            [
              126.93110193,
              35.82403028
            ],
            [
              126.9311047,
              35.82392224
            ],
            [
              126.93110583,
              35.82380067
            ],
            [
              126.93110679,
              35.82370548
            ],
            [
              126.93110842,
              35.82352401
            ],
            [
              126.93110522,
              35.82345006
            ],
            [
              126.9310906,
              35.82335476
            ],
            [
              126.93107763,
              35.8232888
            ],
            [
              126.93106486,
              35.82323589
            ],
            [
              126.93104359,
              35.82316428
            ],
            [
              126.93103266,
              35.82312971
            ],
            [
              126.93101025,
              35.82306131
            ],
            [
              126.93098599,
              35.82299462
            ],
            [
              126.93094889,
              35.82290617
            ],
            [
              126.9309125,
              35.82282732
            ],
            [
              126.93088449,
              35.8227731
            ],
            [
              126.93081468,
              35.82265692
            ],
            [
              126.93080291,
              35.82263789
            ],
            [
              126.93076895,
              35.82258611
            ],
            [
              126.93073069,
              35.82253011
            ],
            [
              126.93070881,
              35.82248718
            ],
            [
              126.93068941,
              35.82241608
            ],
            [
              126.93068766,
              35.82238724
            ],
            [
              126.93069709,
              35.82234705
            ],
            [
              126.93071403,
              35.82230691
            ],
            [
              126.93072605,
              35.82227003
            ]
          ]
        ]
      }
    },
    {
      "type": "Feature",
      "id": "445050",
      "properties": {
        "dan_id": "445050",
        "name": "김제봉황",
        "city": "김제시",
        "zone_type_code": "4",
        "zone_type": "농공단지",
        "source_updated": "2026-04-07"
      },
      "geometry": {
        "type": "Polygon",
        "coordinates": [
          [
            [
              126.91339202,
              35.77360189
            ],
            [
              126.91381651,
              35.77354727
            ],
            [
              126.91466339,
              35.77344066
            ],
            [
              126.91477584,
              35.77342693
            ],
            [
              126.9150043,
              35.7734006
            ],
            [
              126.91510135,
              35.77338716
            ],
            [
              126.91537371,
              35.77335075
            ],
            [
              126.91544463,
              35.77333564
            ],
            [
              126.91544345,
              35.77334093
            ],
            [
              126.91546337,
              35.77333868
            ],
            [
              126.9154643,
              35.773332
            ],
            [
              126.91555387,
              35.77332629
            ],
            [
              126.91575848,
              35.77329832
            ],
            [
              126.9158044,
              35.77329205
            ],
            [
              126.91600541,
              35.77326677
            ],
            [
              126.91627743,
              35.77323366
            ],
            [
              126.91653843,
              35.77320085
            ],
            [
              126.91667137,
              35.77318443
            ],
            [
              126.91679392,
              35.77314933
            ],
            [
              126.9168465,
              35.77313332
            ],
            [
              126.91729471,
              35.77296722
            ],
            [
              126.91758214,
              35.77286132
            ],
            [
              126.91785976,
              35.77276037
            ],
            [
              126.91823792,
              35.77262147
            ],
            [
              126.91827113,
              35.77260101
            ],
            [
              126.91836583,
              35.77256239
            ],
            [
              126.91848268,
              35.77253206
            ],
            [
              126.91880428,
              35.77246903
            ],
            [
              126.9189496,
              35.77244826
            ],
            [
              126.91901171,
              35.77242313
            ],
            [
              126.91910468,
              35.77240793
            ],
            [
              126.91893791,
              35.77161302
            ],
            [
              126.91884574,
              35.77119021
            ],
            [
              126.91880149,
              35.77098509
            ],
            [
              126.91878827,
              35.77092013
            ],
            [
              126.91877939,
              35.77087654
            ],
            [
              126.91866583,
              35.77033142
            ],
            [
              126.91865967,
              35.77030204
            ],
            [
              126.91864669,
              35.77023957
            ],
            [
              126.91830677,
              35.76861085
            ],
            [
              126.9183032,
              35.76854109
            ],
            [
              126.9182938,
              35.76853262
            ],
            [
              126.91822034,
              35.76846649
            ],
            [
              126.91816628,
              35.76844807
            ],
            [
              126.91810292,
              35.76844226
            ],
            [
              126.91737095,
              35.76854071
            ],
            [
              126.91708161,
              35.76858122
            ],
            [
              126.91704567,
              35.76858747
            ],
            [
              126.91686254,
              35.76861148
            ],
            [
              126.91684242,
              35.76861412
            ],
            [
              126.91668773,
              35.76863131
            ],
            [
              126.91667416,
              35.76863353
            ],
            [
              126.91648446,
              35.76866466
            ],
            [
              126.91644876,
              35.76866769
            ],
            [
              126.91601094,
              35.7686789
            ],
            [
              126.91585355,
              35.76870393
            ],
            [
              126.91562241,
              35.76874071
            ],
            [
              126.91559045,
              35.76874579
            ],
            [
              126.91552227,
              35.76876188
            ],
            [
              126.91555065,
              35.76879691
            ],
            [
              126.91542157,
              35.76881512
            ],
            [
              126.91536351,
              35.76882328
            ],
            [
              126.91531636,
              35.76875448
            ],
            [
              126.9147589,
              35.76884645
            ],
            [
              126.9145002,
              35.7688861
            ],
            [
              126.91417922,
              35.76894067
            ],
            [
              126.91414913,
              35.76895011
            ],
            [
              126.91399859,
              35.76897433
            ],
            [
              126.9139757,
              35.76897089
            ],
            [
              126.91382628,
              35.76898989
            ],
            [
              126.913767,
              35.76899742
            ],
            [
              126.91373911,
              35.76902831
            ],
            [
              126.91324293,
              35.76906212
            ],
            [
              126.91281052,
              35.7690916
            ],
            [
              126.91280194,
              35.76909854
            ],
            [
              126.91278704,
              35.76909224
            ],
            [
              126.9123342,
              35.76912499
            ],
            [
              126.91169593,
              35.7691675
            ],
            [
              126.91177051,
              35.76932111
            ],
            [
              126.9118278,
              35.76928136
            ],
            [
              126.91257349,
              35.7692295
            ],
            [
              126.91285826,
              35.7692131
            ],
            [
              126.91328218,
              35.76918869
            ],
            [
              126.91337705,
              35.76952556
            ],
            [
              126.91351119,
              35.77008438
            ],
            [
              126.91354522,
              35.7702277
            ],
            [
              126.91356115,
              35.77037537
            ],
            [
              126.91357021,
              35.77045943
            ],
            [
              126.91320916,
              35.77054314
            ],
            [
              126.91289941,
              35.77061495
            ],
            [
              126.91261822,
              35.77068015
            ],
            [
              126.91242833,
              35.77072495
            ],
            [
              126.9123548,
              35.7707423
            ],
            [
              126.91236299,
              35.77076286
            ],
            [
              126.91245303,
              35.77098897
            ],
            [
              126.91251477,
              35.77114405
            ],
            [
              126.91258919,
              35.77135288
            ],
            [
              126.91259383,
              35.7713659
            ],
            [
              126.9126781,
              35.77157808
            ],
            [
              126.91269022,
              35.77160858
            ],
            [
              126.91272851,
              35.77170498
            ],
            [
              126.91277172,
              35.77175351
            ],
            [
              126.91278906,
              35.77179526
            ],
            [
              126.91284472,
              35.77192929
            ],
            [
              126.91285644,
              35.77197762
            ],
            [
              126.91286098,
              35.77196617
            ],
            [
              126.91297423,
              35.77240071
            ],
            [
              126.91304152,
              35.7726535
            ],
            [
              126.91307073,
              35.7727846
            ],
            [
              126.91308402,
              35.772852
            ],
            [
              126.91310378,
              35.7729522
            ],
            [
              126.91315123,
              35.77319422
            ],
            [
              126.9131585,
              35.77323201
            ],
            [
              126.91318748,
              35.77339153
            ],
            [
              126.91323592,
              35.7735761
            ],
            [
              126.9132599,
              35.77358417
            ],
            [
              126.91330062,
              35.77359372
            ],
            [
              126.91332573,
              35.77359139
            ],
            [
              126.91335365,
              35.77358554
            ],
            [
              126.91339202,
              35.77360189
            ]
          ]
        ]
      }
    },
    {
      "type": "Feature",
      "id": "445350",
      "properties": {
        "dan_id": "445350",
        "name": "대동",
        "city": "김제시",
        "zone_type_code": "4",
        "zone_type": "농공단지",
        "source_updated": "2026-04-07"
      },
      "geometry": {
        "type": "Polygon",
        "coordinates": [
          [
            [
              126.85874119,
              35.84889395
            ],
            [
              126.85887044,
              35.85018891
            ],
            [
              126.85887806,
              35.85018892
            ],
            [
              126.85893348,
              35.85019456
            ],
            [
              126.85894909,
              35.85019798
            ],
            [
              126.85897273,
              35.85020425
            ],
            [
              126.85897982,
              35.85020576
            ],
            [
              126.85904473,
              35.85021961
            ],
            [
              126.85904618,
              35.8502197
            ],
            [
              126.85905167,
              35.85022019
            ],
            [
              126.85911841,
              35.85032842
            ],
            [
              126.85914019,
              35.85036086
            ],
            [
              126.85916607,
              35.85040882
            ],
            [
              126.85922416,
              35.85047314
            ],
            [
              126.85931318,
              35.85057657
            ],
            [
              126.85937388,
              35.85063635
            ],
            [
              126.85944337,
              35.85071772
            ],
            [
              126.85951978,
              35.85082191
            ],
            [
              126.85952793,
              35.85082927
            ],
            [
              126.85957549,
              35.85087226
            ],
            [
              126.85966946,
              35.85094357
            ],
            [
              126.85985022,
              35.85107627
            ],
            [
              126.85994365,
              35.85111923
            ],
            [
              126.85999346,
              35.85114214
            ],
            [
              126.86008223,
              35.85118274
            ],
            [
              126.86013216,
              35.85120557
            ],
            [
              126.86014186,
              35.85121113
            ],
            [
              126.8601827,
              35.85123456
            ],
            [
              126.86019736,
              35.8512421
            ],
            [
              126.86035901,
              35.85132531
            ],
            [
              126.86037175,
              35.85132389
            ],
            [
              126.86070505,
              35.85135776
            ],
            [
              126.86088503,
              35.85137244
            ],
            [
              126.86119389,
              35.85139739
            ],
            [
              126.86138208,
              35.8514126
            ],
            [
              126.86189865,
              35.85145404
            ],
            [
              126.86217642,
              35.8514769
            ],
            [
              126.86239921,
              35.85149487
            ],
            [
              126.86242649,
              35.85149273
            ],
            [
              126.86244405,
              35.85149135
            ],
            [
              126.86247832,
              35.85148866
            ],
            [
              126.86278324,
              35.85145144
            ],
            [
              126.86303691,
              35.85142524
            ],
            [
              126.8632778,
              35.85144677
            ],
            [
              126.86358034,
              35.85147104
            ],
            [
              126.86358956,
              35.85147248
            ],
            [
              126.86377867,
              35.85150208
            ],
            [
              126.86397842,
              35.85155706
            ],
            [
              126.86432656,
              35.85171225
            ],
            [
              126.86448913,
              35.85149256
            ],
            [
              126.86448691,
              35.85149419
            ],
            [
              126.86452898,
              35.85145484
            ],
            [
              126.86465587,
              35.85133245
            ],
            [
              126.8646923,
              35.85131552
            ],
            [
              126.86489934,
              35.85121926
            ],
            [
              126.86498625,
              35.85114815
            ],
            [
              126.86502007,
              35.85110313
            ],
            [
              126.86502995,
              35.85106603
            ],
            [
              126.8650662,
              35.85099545
            ],
            [
              126.86518443,
              35.85095338
            ],
            [
              126.86520573,
              35.85094858
            ],
            [
              126.86529389,
              35.85091629
            ],
            [
              126.86528349,
              35.85091788
            ],
            [
              126.86548204,
              35.85084774
            ],
            [
              126.865545,
              35.85077354
            ],
            [
              126.86555048,
              35.8506413
            ],
            [
              126.86552958,
              35.85063014
            ],
            [
              126.86547846,
              35.85062685
            ],
            [
              126.86547692,
              35.85062781
            ],
            [
              126.86545997,
              35.85063841
            ],
            [
              126.86485116,
              35.85060404
            ],
            [
              126.86459879,
              35.85049271
            ],
            [
              126.86434642,
              35.85038139
            ],
            [
              126.86429651,
              35.8503689
            ],
            [
              126.86402332,
              35.85029955
            ],
            [
              126.86367326,
              35.85005707
            ],
            [
              126.86353054,
              35.8498809
            ],
            [
              126.86340273,
              35.84978837
            ],
            [
              126.86343687,
              35.84963997
            ],
            [
              126.86408198,
              35.84953193
            ],
            [
              126.86429769,
              35.84949586
            ],
            [
              126.86461568,
              35.84939366
            ],
            [
              126.86492355,
              35.84938852
            ],
            [
              126.86491686,
              35.84934263
            ],
            [
              126.86489117,
              35.84916774
            ],
            [
              126.86487338,
              35.84909968
            ],
            [
              126.86486606,
              35.84907842
            ],
            [
              126.86486199,
              35.8490657
            ],
            [
              126.86485375,
              35.84902928
            ],
            [
              126.86483909,
              35.84894909
            ],
            [
              126.86478537,
              35.84867557
            ],
            [
              126.86477567,
              35.84862616
            ],
            [
              126.86472661,
              35.84831218
            ],
            [
              126.86468147,
              35.84816714
            ],
            [
              126.86467386,
              35.84813506
            ],
            [
              126.86462252,
              35.84777527
            ],
            [
              126.86461764,
              35.8477145
            ],
            [
              126.86459812,
              35.84768983
            ],
            [
              126.8645827,
              35.84758292
            ],
            [
              126.86443249,
              35.84738619
            ],
            [
              126.86430644,
              35.84704735
            ],
            [
              126.86428395,
              35.84699407
            ],
            [
              126.86427083,
              35.84697138
            ],
            [
              126.86427144,
              35.84696934
            ],
            [
              126.86420769,
              35.84692557
            ],
            [
              126.86403002,
              35.84678147
            ],
            [
              126.86398158,
              35.84670991
            ],
            [
              126.86391467,
              35.84661187
            ],
            [
              126.86384334,
              35.8465077
            ],
            [
              126.86373048,
              35.84635048
            ],
            [
              126.86363082,
              35.84617714
            ],
            [
              126.86351162,
              35.84600932
            ],
            [
              126.86346747,
              35.84590484
            ],
            [
              126.86342829,
              35.84584163
            ],
            [
              126.86334501,
              35.84573097
            ],
            [
              126.86330669,
              35.84568009
            ],
            [
              126.86317869,
              35.84512415
            ],
            [
              126.86314727,
              35.84498991
            ],
            [
              126.86313057,
              35.84491824
            ],
            [
              126.86310552,
              35.8448746
            ],
            [
              126.86310502,
              35.84487255
            ],
            [
              126.8630456,
              35.84487591
            ],
            [
              126.86287548,
              35.84488325
            ],
            [
              126.8622249,
              35.84490765
            ],
            [
              126.86223167,
              35.84496083
            ],
            [
              126.8622611,
              35.84519018
            ],
            [
              126.8616656,
              35.84523597
            ],
            [
              126.86164931,
              35.84523595
            ],
            [
              126.86136075,
              35.84525989
            ],
            [
              126.86126442,
              35.84522846
            ],
            [
              126.86123105,
              35.84521757
            ],
            [
              126.86120399,
              35.84498908
            ],
            [
              126.86119712,
              35.84493101
            ],
            [
              126.86119295,
              35.84489581
            ],
            [
              126.86105867,
              35.84489725
            ],
            [
              126.86109923,
              35.84493099
            ],
            [
              126.86022893,
              35.8449151
            ],
            [
              126.85985876,
              35.84490733
            ],
            [
              126.85985809,
              35.84491009
            ],
            [
              126.85985748,
              35.84491262
            ],
            [
              126.85957118,
              35.84490739
            ],
            [
              126.85951586,
              35.84507078
            ],
            [
              126.8594869,
              35.84507246
            ],
            [
              126.85906116,
              35.84510029
            ],
            [
              126.85900302,
              35.84518673
            ],
            [
              126.8588071,
              35.84556029
            ],
            [
              126.85894527,
              35.84553672
            ],
            [
              126.85898491,
              35.84579094
            ],
            [
              126.85899777,
              35.84586669
            ],
            [
              126.85899997,
              35.8459367
            ],
            [
              126.85898222,
              35.84598294
            ],
            [
              126.85902504,
              35.84667424
            ],
            [
              126.85902955,
              35.84668371
            ],
            [
              126.85907622,
              35.84679867
            ],
            [
              126.85907927,
              35.84684832
            ],
            [
              126.85908712,
              35.84697574
            ],
            [
              126.8590957,
              35.84711479
            ],
            [
              126.85911383,
              35.84733726
            ],
            [
              126.85911471,
              35.84739402
            ],
            [
              126.85911462,
              35.84743468
            ],
            [
              126.85911524,
              35.8474922
            ],
            [
              126.85911731,
              35.84773854
            ],
            [
              126.85911878,
              35.84791276
            ],
            [
              126.85911965,
              35.84801514
            ],
            [
              126.85909456,
              35.84801661
            ],
            [
              126.85908873,
              35.84802969
            ],
            [
              126.85906575,
              35.84808116
            ],
            [
              126.85900969,
              35.84815262
            ],
            [
              126.85899688,
              35.84816896
            ],
            [
              126.85902974,
              35.84821407
            ],
            [
              126.85905341,
              35.84824658
            ],
            [
              126.85911046,
              35.84827914
            ],
            [
              126.85912173,
              35.84827855
            ],
            [
              126.85912188,
              35.84829366
            ],
            [
              126.85915651,
              35.84844687
            ],
            [
              126.85917484,
              35.84855648
            ],
            [
              126.85918054,
              35.84855594
            ],
            [
              126.85918182,
              35.84886212
            ],
            [
              126.85874119,
              35.84889395
            ]
          ]
        ]
      }
    },
    {
      "type": "Feature",
      "id": "445040",
      "properties": {
        "dan_id": "445040",
        "name": "만경",
        "city": "김제시",
        "zone_type_code": "4",
        "zone_type": "농공단지",
        "source_updated": "2026-04-07"
      },
      "geometry": {
        "type": "Polygon",
        "coordinates": [
          [
            [
              126.81456311,
              35.86092891
            ],
            [
              126.81466506,
              35.86090791
            ],
            [
              126.81471226,
              35.86095093
            ],
            [
              126.81473846,
              35.86097432
            ],
            [
              126.81485586,
              35.86096923
            ],
            [
              126.81513328,
              35.86095847
            ],
            [
              126.81545206,
              35.86094635
            ],
            [
              126.81568621,
              35.86093769
            ],
            [
              126.81601526,
              35.86092506
            ],
            [
              126.81603082,
              35.86092466
            ],
            [
              126.81612714,
              35.86092212
            ],
            [
              126.81620975,
              35.86091545
            ],
            [
              126.81643827,
              35.86089856
            ],
            [
              126.81658238,
              35.86089459
            ],
            [
              126.81677975,
              35.86088823
            ],
            [
              126.81698756,
              35.86088216
            ],
            [
              126.81719895,
              35.86087567
            ],
            [
              126.81742824,
              35.86086988
            ],
            [
              126.81746933,
              35.86086876
            ],
            [
              126.81761435,
              35.86086507
            ],
            [
              126.81778658,
              35.86086054
            ],
            [
              126.81787626,
              35.86085747
            ],
            [
              126.81804644,
              35.86085229
            ],
            [
              126.818156,
              35.86085325
            ],
            [
              126.8181247,
              35.86072496
            ],
            [
              126.81811999,
              35.8603416
            ],
            [
              126.81811789,
              35.86018498
            ],
            [
              126.81811477,
              35.860008
            ],
            [
              126.81811335,
              35.85967936
            ],
            [
              126.81813968,
              35.85960047
            ],
            [
              126.81813145,
              35.85953099
            ],
            [
              126.81813007,
              35.85947209
            ],
            [
              126.81812773,
              35.85940887
            ],
            [
              126.81812426,
              35.85931505
            ],
            [
              126.81811037,
              35.85894162
            ],
            [
              126.81810344,
              35.85874267
            ],
            [
              126.81806572,
              35.85874318
            ],
            [
              126.81805785,
              35.85855232
            ],
            [
              126.81805701,
              35.85855018
            ],
            [
              126.81804748,
              35.85852625
            ],
            [
              126.81803651,
              35.8584984
            ],
            [
              126.81803491,
              35.85843689
            ],
            [
              126.81800623,
              35.85840913
            ],
            [
              126.81799656,
              35.85839347
            ],
            [
              126.81797351,
              35.85834718
            ],
            [
              126.81791737,
              35.85823864
            ],
            [
              126.81790502,
              35.8581791
            ],
            [
              126.81787171,
              35.85802163
            ],
            [
              126.81785161,
              35.85798125
            ],
            [
              126.81783151,
              35.85794087
            ],
            [
              126.8177872,
              35.85786574
            ],
            [
              126.81768516,
              35.85769199
            ],
            [
              126.81751574,
              35.85769636
            ],
            [
              126.81736367,
              35.85770048
            ],
            [
              126.81712872,
              35.85770684
            ],
            [
              126.81707324,
              35.85757336
            ],
            [
              126.81706105,
              35.85754221
            ],
            [
              126.81698723,
              35.85735359
            ],
            [
              126.81690261,
              35.85713709
            ],
            [
              126.81689897,
              35.85712779
            ],
            [
              126.81686861,
              35.85705047
            ],
            [
              126.81672521,
              35.85707705
            ],
            [
              126.81651541,
              35.85704925
            ],
            [
              126.81629633,
              35.85702749
            ],
            [
              126.8162834,
              35.85700917
            ],
            [
              126.81625106,
              35.85701949
            ],
            [
              126.8162225,
              35.85697356
            ],
            [
              126.8161693,
              35.85696874
            ],
            [
              126.81598105,
              35.85695914
            ],
            [
              126.81590742,
              35.85694989
            ],
            [
              126.815865,
              35.85693353
            ],
            [
              126.81580936,
              35.85690929
            ],
            [
              126.81556902,
              35.85688089
            ],
            [
              126.81534539,
              35.85683848
            ],
            [
              126.81528243,
              35.85690691
            ],
            [
              126.81514255,
              35.85690915
            ],
            [
              126.81509422,
              35.85691036
            ],
            [
              126.81505652,
              35.85691122
            ],
            [
              126.8148939,
              35.85691389
            ],
            [
              126.81467106,
              35.85691834
            ],
            [
              126.81445401,
              35.85692285
            ],
            [
              126.81441361,
              35.85692332
            ],
            [
              126.81431895,
              35.8569252
            ],
            [
              126.81406527,
              35.85693091
            ],
            [
              126.81383698,
              35.85693621
            ],
            [
              126.81355598,
              35.85694279
            ],
            [
              126.8135365,
              35.85694326
            ],
            [
              126.81350853,
              35.85694372
            ],
            [
              126.8134388,
              35.85706722
            ],
            [
              126.81334674,
              35.85723151
            ],
            [
              126.81326198,
              35.85738362
            ],
            [
              126.81314035,
              35.85760048
            ],
            [
              126.81298744,
              35.85759609
            ],
            [
              126.8127769,
              35.85758913
            ],
            [
              126.81259644,
              35.85758946
            ],
            [
              126.81253509,
              35.85758977
            ],
            [
              126.81243337,
              35.85759064
            ],
            [
              126.81223481,
              35.85759233
            ],
            [
              126.81212116,
              35.85759304
            ],
            [
              126.81211521,
              35.85763634
            ],
            [
              126.81209068,
              35.85778974
            ],
            [
              126.81211255,
              35.85787039
            ],
            [
              126.8121274,
              35.85801271
            ],
            [
              126.81213695,
              35.85814
            ],
            [
              126.81215418,
              35.85831554
            ],
            [
              126.8121339,
              35.85861373
            ],
            [
              126.81212573,
              35.85872883
            ],
            [
              126.81212302,
              35.85880942
            ],
            [
              126.8121252,
              35.85887709
            ],
            [
              126.81212595,
              35.85889993
            ],
            [
              126.81213158,
              35.85908438
            ],
            [
              126.81213229,
              35.85911496
            ],
            [
              126.81213539,
              35.85924836
            ],
            [
              126.81213855,
              35.85933748
            ],
            [
              126.81214169,
              35.85942628
            ],
            [
              126.81214671,
              35.85960453
            ],
            [
              126.81214961,
              35.85969457
            ],
            [
              126.81215158,
              35.85975579
            ],
            [
              126.81236009,
              35.85985453
            ],
            [
              126.8125557,
              35.85994807
            ],
            [
              126.81259079,
              35.85996951
            ],
            [
              126.81270716,
              35.86002597
            ],
            [
              126.81293704,
              35.86013735
            ],
            [
              126.81292674,
              35.86023845
            ],
            [
              126.81291638,
              35.86034804
            ],
            [
              126.81291362,
              35.86037581
            ],
            [
              126.81290592,
              35.86046134
            ],
            [
              126.81289172,
              35.86060679
            ],
            [
              126.81288581,
              35.86066647
            ],
            [
              126.81288347,
              35.86069394
            ],
            [
              126.81286657,
              35.860884
            ],
            [
              126.81284947,
              35.86109207
            ],
            [
              126.81303776,
              35.86108315
            ],
            [
              126.81308479,
              35.86108139
            ],
            [
              126.81312057,
              35.86107992
            ],
            [
              126.81318555,
              35.86107644
            ],
            [
              126.81323295,
              35.86107462
            ],
            [
              126.81360621,
              35.86105864
            ],
            [
              126.81391431,
              35.86104578
            ],
            [
              126.81401477,
              35.86104151
            ],
            [
              126.81400139,
              35.86099477
            ],
            [
              126.8140252,
              35.86099363
            ],
            [
              126.81423835,
              35.86098536
            ],
            [
              126.81430616,
              35.86098272
            ],
            [
              126.81442613,
              35.86095672
            ],
            [
              126.81450884,
              35.86094008
            ],
            [
              126.81456311,
              35.86092891
            ]
          ]
        ]
      }
    },
    {
      "type": "Feature",
      "id": "445540",
      "properties": {
        "dan_id": "445540",
        "name": "백구",
        "city": "김제시",
        "zone_type_code": "4",
        "zone_type": "농공단지",
        "source_updated": "2026-04-07"
      },
      "geometry": {
        "type": "Polygon",
        "coordinates": [
          [
            [
              126.95641531,
              35.89255
            ],
            [
              126.95644128,
              35.89264914
            ],
            [
              126.95648062,
              35.89279966
            ],
            [
              126.95652306,
              35.89296144
            ],
            [
              126.9565477,
              35.89305753
            ],
            [
              126.95659766,
              35.89324923
            ],
            [
              126.95665556,
              35.89347159
            ],
            [
              126.95665556,
              35.89347961
            ],
            [
              126.95666075,
              35.89349529
            ],
            [
              126.95664211,
              35.89375285
            ],
            [
              126.95663988,
              35.89378151
            ],
            [
              126.95663977,
              35.89378259
            ],
            [
              126.95662471,
              35.89397806
            ],
            [
              126.95662225,
              35.89401023
            ],
            [
              126.95660418,
              35.89424302
            ],
            [
              126.95660061,
              35.89428942
            ],
            [
              126.95666138,
              35.89433243
            ],
            [
              126.95687584,
              35.89448419
            ],
            [
              126.95710966,
              35.89464956
            ],
            [
              126.95725647,
              35.89475352
            ],
            [
              126.95725957,
              35.89475569
            ],
            [
              126.95728227,
              35.89477174
            ],
            [
              126.95729168,
              35.89477841
            ],
            [
              126.9573332,
              35.89480781
            ],
            [
              126.95733995,
              35.89481259
            ],
            [
              126.95736066,
              35.89482728
            ],
            [
              126.95744049,
              35.89488373
            ],
            [
              126.95745543,
              35.89489428
            ],
            [
              126.95763346,
              35.89502024
            ],
            [
              126.95766468,
              35.89504242
            ],
            [
              126.95774517,
              35.89510428
            ],
            [
              126.9577788,
              35.89518432
            ],
            [
              126.95780157,
              35.8952703
            ],
            [
              126.95778903,
              35.89531608
            ],
            [
              126.95780697,
              35.89532735
            ],
            [
              126.95832463,
              35.8953771
            ],
            [
              126.95832487,
              35.89554049
            ],
            [
              126.95845855,
              35.89554405
            ],
            [
              126.95852502,
              35.89573145
            ],
            [
              126.9585393,
              35.8957502
            ],
            [
              126.95861191,
              35.89584612
            ],
            [
              126.95869095,
              35.8959313
            ],
            [
              126.95885638,
              35.89599607
            ],
            [
              126.95913595,
              35.89599869
            ],
            [
              126.95954495,
              35.89606994
            ],
            [
              126.95983599,
              35.89613601
            ],
            [
              126.95983698,
              35.89613799
            ],
            [
              126.95987084,
              35.89620199
            ],
            [
              126.96009327,
              35.89617341
            ],
            [
              126.96041808,
              35.89607474
            ],
            [
              126.96049102,
              35.89637875
            ],
            [
              126.96050253,
              35.89639615
            ],
            [
              126.9606296,
              35.89656887
            ],
            [
              126.96066811,
              35.89662187
            ],
            [
              126.9606721,
              35.89663116
            ],
            [
              126.9606794,
              35.89664531
            ],
            [
              126.96068339,
              35.89664387
            ],
            [
              126.96128029,
              35.89642579
            ],
            [
              126.96196503,
              35.89617971
            ],
            [
              126.96175986,
              35.89603302
            ],
            [
              126.961467,
              35.89582356
            ],
            [
              126.96178083,
              35.89553572
            ],
            [
              126.96192522,
              35.8954032
            ],
            [
              126.96196764,
              35.89540772
            ],
            [
              126.9620249,
              35.89541369
            ],
            [
              126.96203609,
              35.89541486
            ],
            [
              126.9621568,
              35.89543085
            ],
            [
              126.96223311,
              35.89544088
            ],
            [
              126.9624636,
              35.89544609
            ],
            [
              126.9624677,
              35.89544619
            ],
            [
              126.96248196,
              35.89551622
            ],
            [
              126.96249069,
              35.89555876
            ],
            [
              126.96253576,
              35.89578011
            ],
            [
              126.96257642,
              35.89597965
            ],
            [
              126.9626512,
              35.89595625
            ],
            [
              126.96269163,
              35.89594356
            ],
            [
              126.9629606,
              35.89587722
            ],
            [
              126.96317759,
              35.89584061
            ],
            [
              126.96338927,
              35.89581193
            ],
            [
              126.96374959,
              35.8957859
            ],
            [
              126.96390564,
              35.89581469
            ],
            [
              126.96397042,
              35.89584103
            ],
            [
              126.96405978,
              35.89590541
            ],
            [
              126.9640816,
              35.89588829
            ],
            [
              126.96434499,
              35.89568118
            ],
            [
              126.96440227,
              35.8956383
            ],
            [
              126.96441568,
              35.89562398
            ],
            [
              126.96453079,
              35.89553488
            ],
            [
              126.96447566,
              35.89549052
            ],
            [
              126.9644667,
              35.89548331
            ],
            [
              126.96443392,
              35.89545707
            ],
            [
              126.96442163,
              35.89544725
            ],
            [
              126.96437391,
              35.89540884
            ],
            [
              126.96436417,
              35.89540108
            ],
            [
              126.96436162,
              35.89539694
            ],
            [
              126.96434945,
              35.89537765
            ],
            [
              126.96433727,
              35.89535845
            ],
            [
              126.96426932,
              35.89525065
            ],
            [
              126.96425138,
              35.89522225
            ],
            [
              126.96431569,
              35.89508042
            ],
            [
              126.96435262,
              35.89499905
            ],
            [
              126.96415173,
              35.89470356
            ],
            [
              126.96402133,
              35.89455014
            ],
            [
              126.96401236,
              35.89453446
            ],
            [
              126.96394947,
              35.89448144
            ],
            [
              126.96391417,
              35.89445178
            ],
            [
              126.96366875,
              35.8941589
            ],
            [
              126.96376116,
              35.89408809
            ],
            [
              126.963896,
              35.89398584
            ],
            [
              126.96398049,
              35.89379157
            ],
            [
              126.96397601,
              35.89366422
            ],
            [
              126.96397125,
              35.89344424
            ],
            [
              126.96390998,
              35.8932509
            ],
            [
              126.96382728,
              35.89317075
            ],
            [
              126.96364363,
              35.89299262
            ],
            [
              126.96340195,
              35.89275535
            ],
            [
              126.96333907,
              35.89270422
            ],
            [
              126.96300239,
              35.89244853
            ],
            [
              126.9628155,
              35.89231374
            ],
            [
              126.9626781,
              35.89221465
            ],
            [
              126.96266171,
              35.89220275
            ],
            [
              126.96251545,
              35.89209726
            ],
            [
              126.96241239,
              35.89202288
            ],
            [
              126.96242142,
              35.89188571
            ],
            [
              126.9624251,
              35.89183551
            ],
            [
              126.96245733,
              35.89139853
            ],
            [
              126.96244881,
              35.89137482
            ],
            [
              126.96233266,
              35.89129637
            ],
            [
              126.96217723,
              35.89117222
            ],
            [
              126.96191518,
              35.89096107
            ],
            [
              126.96184478,
              35.8908867
            ],
            [
              126.96140511,
              35.89042144
            ],
            [
              126.96080381,
              35.89000947
            ],
            [
              126.96059526,
              35.89004635
            ],
            [
              126.9605299,
              35.89006552
            ],
            [
              126.96010332,
              35.8901911
            ],
            [
              126.95998501,
              35.89023666
            ],
            [
              126.95966894,
              35.89040922
            ],
            [
              126.95962584,
              35.89043534
            ],
            [
              126.9589843,
              35.89094305
            ],
            [
              126.95891649,
              35.89099746
            ],
            [
              126.95879094,
              35.89109845
            ],
            [
              126.95856592,
              35.8912632
            ],
            [
              126.9585329,
              35.89128734
            ],
            [
              126.95849567,
              35.89131463
            ],
            [
              126.95843063,
              35.89135931
            ],
            [
              126.95829856,
              35.89145011
            ],
            [
              126.95817613,
              35.8915419
            ],
            [
              126.95812682,
              35.89157415
            ],
            [
              126.95803309,
              35.89163648
            ],
            [
              126.95794301,
              35.89169025
            ],
            [
              126.95785139,
              35.89173564
            ],
            [
              126.95771402,
              35.89178669
            ],
            [
              126.95755252,
              35.89184682
            ],
            [
              126.95738169,
              35.8919103
            ],
            [
              126.95725197,
              35.89195856
            ],
            [
              126.95706043,
              35.89203419
            ],
            [
              126.95688092,
              35.89217211
            ],
            [
              126.95675007,
              35.89227047
            ],
            [
              126.95671307,
              35.89227695
            ],
            [
              126.95667731,
              35.89226648
            ],
            [
              126.95663433,
              35.89227755
            ],
            [
              126.95665313,
              35.89231974
            ],
            [
              126.95663904,
              35.89235983
            ],
            [
              126.95656357,
              35.89243028
            ],
            [
              126.95642229,
              35.8925445
            ],
            [
              126.95641531,
              35.89255
            ]
          ]
        ]
      }
    },
    {
      "type": "Feature",
      "id": "445060",
      "properties": {
        "dan_id": "445060",
        "name": "서흥",
        "city": "김제시",
        "zone_type_code": "4",
        "zone_type": "농공단지",
        "source_updated": "2026-04-07"
      },
      "geometry": {
        "type": "Polygon",
        "coordinates": [
          [
            [
              126.89739178,
              35.82557442
            ],
            [
              126.89750726,
              35.82557854
            ],
            [
              126.89747713,
              35.82560827
            ],
            [
              126.89747143,
              35.82563854
            ],
            [
              126.89825074,
              35.8259679
            ],
            [
              126.89836495,
              35.82601614
            ],
            [
              126.89846442,
              35.82606209
            ],
            [
              126.89863502,
              35.82614091
            ],
            [
              126.89867924,
              35.82616133
            ],
            [
              126.89914505,
              35.82637647
            ],
            [
              126.89942137,
              35.82650429
            ],
            [
              126.89945195,
              35.8264706
            ],
            [
              126.89955757,
              35.82653886
            ],
            [
              126.89953676,
              35.82656197
            ],
            [
              126.90022057,
              35.82689814
            ],
            [
              126.90112778,
              35.82734507
            ],
            [
              126.90128728,
              35.82742283
            ],
            [
              126.90137163,
              35.82731447
            ],
            [
              126.90136875,
              35.82727689
            ],
            [
              126.90140599,
              35.82727477
            ],
            [
              126.90176696,
              35.82676298
            ],
            [
              126.90220035,
              35.82615099
            ],
            [
              126.90223472,
              35.82608225
            ],
            [
              126.90224585,
              35.82603499
            ],
            [
              126.90222058,
              35.82596636
            ],
            [
              126.9021935,
              35.8259081
            ],
            [
              126.90219353,
              35.82587101
            ],
            [
              126.90220313,
              35.82584253
            ],
            [
              126.90228742,
              35.82585539
            ],
            [
              126.90240934,
              35.82567601
            ],
            [
              126.90251033,
              35.82552744
            ],
            [
              126.90249146,
              35.8255204
            ],
            [
              126.90258588,
              35.82538339
            ],
            [
              126.90264591,
              35.8253309
            ],
            [
              126.90289767,
              35.82505085
            ],
            [
              126.90293796,
              35.82498191
            ],
            [
              126.90299255,
              35.82487628
            ],
            [
              126.90312242,
              35.82472914
            ],
            [
              126.90321713,
              35.82461181
            ],
            [
              126.90326526,
              35.82455217
            ],
            [
              126.9033019,
              35.82450678
            ],
            [
              126.90331458,
              35.8245113
            ],
            [
              126.90338939,
              35.82442582
            ],
            [
              126.90340854,
              35.8243446
            ],
            [
              126.90351851,
              35.82420543
            ],
            [
              126.90374571,
              35.82391788
            ],
            [
              126.90385531,
              35.8239188
            ],
            [
              126.90399389,
              35.82396804
            ],
            [
              126.90406148,
              35.82398324
            ],
            [
              126.90411451,
              35.82399517
            ],
            [
              126.90417244,
              35.82393631
            ],
            [
              126.90434051,
              35.82376917
            ],
            [
              126.90412577,
              35.82355905
            ],
            [
              126.90405134,
              35.82358001
            ],
            [
              126.90400853,
              35.82353468
            ],
            [
              126.90375847,
              35.82337392
            ],
            [
              126.90373559,
              35.8233592
            ],
            [
              126.90349716,
              35.82321013
            ],
            [
              126.90308977,
              35.8229585
            ],
            [
              126.90268711,
              35.82262705
            ],
            [
              126.902679,
              35.82262037
            ],
            [
              126.90262216,
              35.82257263
            ],
            [
              126.90265659,
              35.82246403
            ],
            [
              126.90264933,
              35.8224492
            ],
            [
              126.90256073,
              35.82243927
            ],
            [
              126.90244949,
              35.8224268
            ],
            [
              126.90240018,
              35.82238436
            ],
            [
              126.90242569,
              35.82232288
            ],
            [
              126.9025079,
              35.82212476
            ],
            [
              126.90248054,
              35.82210598
            ],
            [
              126.90244549,
              35.8221042
            ],
            [
              126.90237858,
              35.82206814
            ],
            [
              126.90226645,
              35.82203718
            ],
            [
              126.90216095,
              35.82201944
            ],
            [
              126.90196689,
              35.82201482
            ],
            [
              126.90190633,
              35.82197241
            ],
            [
              126.90189129,
              35.82196188
            ],
            [
              126.90173856,
              35.82185478
            ],
            [
              126.90160143,
              35.8217862
            ],
            [
              126.90156114,
              35.82176606
            ],
            [
              126.90100132,
              35.82148812
            ],
            [
              126.90097725,
              35.82147716
            ],
            [
              126.90084638,
              35.82141755
            ],
            [
              126.90059305,
              35.82171621
            ],
            [
              126.90051959,
              35.82180395
            ],
            [
              126.90037601,
              35.82197545
            ],
            [
              126.90036627,
              35.82198713
            ],
            [
              126.90033894,
              35.82201946
            ],
            [
              126.90029688,
              35.82206923
            ],
            [
              126.90029302,
              35.82207403
            ],
            [
              126.90021653,
              35.82216895
            ],
            [
              126.90007951,
              35.82231015
            ],
            [
              126.90006421,
              35.82233232
            ],
            [
              126.90005473,
              35.82234606
            ],
            [
              126.90000924,
              35.82239899
            ],
            [
              126.89985584,
              35.8225775
            ],
            [
              126.89984421,
              35.82262402
            ],
            [
              126.89983242,
              35.82267116
            ],
            [
              126.89977829,
              35.82274996
            ],
            [
              126.89949317,
              35.82295621
            ],
            [
              126.89945431,
              35.82297044
            ],
            [
              126.89940534,
              35.82297168
            ],
            [
              126.89924151,
              35.82295526
            ],
            [
              126.89918634,
              35.82295555
            ],
            [
              126.89915631,
              35.82295399
            ],
            [
              126.89903793,
              35.82267916
            ],
            [
              126.89902635,
              35.82265226
            ],
            [
              126.89901547,
              35.82262699
            ],
            [
              126.89901065,
              35.82261481
            ],
            [
              126.89899856,
              35.82258425
            ],
            [
              126.89895548,
              35.82258365
            ],
            [
              126.89894319,
              35.82247034
            ],
            [
              126.89896058,
              35.82207
            ],
            [
              126.89897032,
              35.82191812
            ],
            [
              126.89889278,
              35.82193869
            ],
            [
              126.89879,
              35.82197141
            ],
            [
              126.89854541,
              35.82203866
            ],
            [
              126.89850516,
              35.8220502
            ],
            [
              126.89828931,
              35.8221817
            ],
            [
              126.8982324,
              35.82221623
            ],
            [
              126.89821642,
              35.82220416
            ],
            [
              126.89795163,
              35.82246433
            ],
            [
              126.89793223,
              35.82247966
            ],
            [
              126.89792597,
              35.82248455
            ],
            [
              126.8976666,
              35.82266757
            ],
            [
              126.89759437,
              35.82272151
            ],
            [
              126.89756424,
              35.82273804
            ],
            [
              126.89755694,
              35.82274204
            ],
            [
              126.89752658,
              35.8227692
            ],
            [
              126.89752018,
              35.82276386
            ],
            [
              126.89747333,
              35.82280109
            ],
            [
              126.89745526,
              35.82283694
            ],
            [
              126.89724545,
              35.82305381
            ],
            [
              126.89720326,
              35.82307598
            ],
            [
              126.8971192,
              35.82312017
            ],
            [
              126.89695019,
              35.82321449
            ],
            [
              126.89686696,
              35.8232739
            ],
            [
              126.89678359,
              35.82331968
            ],
            [
              126.89675635,
              35.82333016
            ],
            [
              126.89664461,
              35.82345094
            ],
            [
              126.89663274,
              35.82346378
            ],
            [
              126.89658927,
              35.82346759
            ],
            [
              126.89647101,
              35.8235807
            ],
            [
              126.89641603,
              35.8236153
            ],
            [
              126.89634139,
              35.82366227
            ],
            [
              126.89630638,
              35.82363178
            ],
            [
              126.89629934,
              35.82362565
            ],
            [
              126.89628346,
              35.82361181
            ],
            [
              126.89625031,
              35.82358222
            ],
            [
              126.89611035,
              35.82371329
            ],
            [
              126.89600646,
              35.82380631
            ],
            [
              126.89592015,
              35.82387319
            ],
            [
              126.89583266,
              35.82391786
            ],
            [
              126.89555578,
              35.82402118
            ],
            [
              126.89535695,
              35.82410268
            ],
            [
              126.8953907,
              35.82417056
            ],
            [
              126.8954225,
              35.82418179
            ],
            [
              126.89544346,
              35.82420606
            ],
            [
              126.89567123,
              35.82452949
            ],
            [
              126.89583796,
              35.8247606
            ],
            [
              126.89593109,
              35.82486859
            ],
            [
              126.89607724,
              35.82494968
            ],
            [
              126.89609693,
              35.82496059
            ],
            [
              126.89626932,
              35.82505863
            ],
            [
              126.8963819,
              35.82501641
            ],
            [
              126.89653392,
              35.82502899
            ],
            [
              126.89634925,
              35.82509409
            ],
            [
              126.89633513,
              35.82509607
            ],
            [
              126.89644707,
              35.82515973
            ],
            [
              126.8964884,
              35.82518055
            ],
            [
              126.89646811,
              35.82520429
            ],
            [
              126.89651145,
              35.82522551
            ],
            [
              126.89680067,
              35.82534605
            ],
            [
              126.89698717,
              35.82542399
            ],
            [
              126.89725743,
              35.82553627
            ],
            [
              126.89728193,
              35.82552139
            ],
            [
              126.89739178,
              35.82557442
            ]
          ]
        ]
      }
    },
    {
      "type": "Feature",
      "id": "445070",
      "properties": {
        "dan_id": "445070",
        "name": "월촌",
        "city": "김제시",
        "zone_type_code": "4",
        "zone_type": "농공단지",
        "source_updated": "2026-04-07"
      },
      "geometry": {
        "type": "Polygon",
        "coordinates": [
          [
            [
              126.85517885,
              35.79993056
            ],
            [
              126.85525924,
              35.79910194
            ],
            [
              126.8552612,
              35.79908166
            ],
            [
              126.85528431,
              35.79884333
            ],
            [
              126.85528598,
              35.79882615
            ],
            [
              126.85529131,
              35.79874136
            ],
            [
              126.85531276,
              35.79840061
            ],
            [
              126.85532264,
              35.79838016
            ],
            [
              126.85530747,
              35.79833012
            ],
            [
              126.8553106,
              35.79831021
            ],
            [
              126.85532038,
              35.79828643
            ],
            [
              126.85536176,
              35.79799222
            ],
            [
              126.85536398,
              35.79797645
            ],
            [
              126.85536732,
              35.79786832
            ],
            [
              126.85537039,
              35.79776879
            ],
            [
              126.85537092,
              35.79775159
            ],
            [
              126.85535391,
              35.7976781
            ],
            [
              126.85534666,
              35.79764684
            ],
            [
              126.8553384,
              35.79762835
            ],
            [
              126.85533966,
              35.79761128
            ],
            [
              126.85533999,
              35.79760681
            ],
            [
              126.85535075,
              35.79752716
            ],
            [
              126.85533305,
              35.79747207
            ],
            [
              126.85538151,
              35.79746546
            ],
            [
              126.85539204,
              35.79709154
            ],
            [
              126.8553945,
              35.79658811
            ],
            [
              126.85539456,
              35.79657438
            ],
            [
              126.85539488,
              35.79651032
            ],
            [
              126.85526049,
              35.79655729
            ],
            [
              126.85509233,
              35.79627772
            ],
            [
              126.85502914,
              35.79627194
            ],
            [
              126.85485826,
              35.79625245
            ],
            [
              126.85458738,
              35.79622156
            ],
            [
              126.85455466,
              35.79621783
            ],
            [
              126.8544559,
              35.79622284
            ],
            [
              126.85437079,
              35.79622716
            ],
            [
              126.85430201,
              35.7962122
            ],
            [
              126.85400521,
              35.79614749
            ],
            [
              126.85385956,
              35.79612325
            ],
            [
              126.85379003,
              35.79611164
            ],
            [
              126.85361587,
              35.79608258
            ],
            [
              126.85344666,
              35.79605435
            ],
            [
              126.85334753,
              35.79603781
            ],
            [
              126.85337863,
              35.79591203
            ],
            [
              126.85336244,
              35.79590695
            ],
            [
              126.85329339,
              35.79588525
            ],
            [
              126.85327297,
              35.79591902
            ],
            [
              126.85321075,
              35.79588605
            ],
            [
              126.85275253,
              35.79583042
            ],
            [
              126.85233711,
              35.79578872
            ],
            [
              126.85229529,
              35.79578029
            ],
            [
              126.8521479,
              35.79575061
            ],
            [
              126.85211738,
              35.79574446
            ],
            [
              126.85194433,
              35.7957167
            ],
            [
              126.85179236,
              35.79569232
            ],
            [
              126.85173907,
              35.79567486
            ],
            [
              126.85170349,
              35.79565238
            ],
            [
              126.85168706,
              35.79562172
            ],
            [
              126.8515578,
              35.79517967
            ],
            [
              126.85152782,
              35.79518098
            ],
            [
              126.85143922,
              35.79495391
            ],
            [
              126.85138983,
              35.79482737
            ],
            [
              126.85136466,
              35.79476287
            ],
            [
              126.85141593,
              35.79461765
            ],
            [
              126.85130203,
              35.79465428
            ],
            [
              126.85108417,
              35.79479406
            ],
            [
              126.85117878,
              35.79484258
            ],
            [
              126.85121678,
              35.79494943
            ],
            [
              126.85123523,
              35.79500127
            ],
            [
              126.85152442,
              35.7958142
            ],
            [
              126.85126033,
              35.79577241
            ],
            [
              126.85082623,
              35.7957038
            ],
            [
              126.85076322,
              35.79569383
            ],
            [
              126.8507453,
              35.79578229
            ],
            [
              126.85062917,
              35.7963571
            ],
            [
              126.8506242,
              35.79637988
            ],
            [
              126.85058053,
              35.79659549
            ],
            [
              126.85053463,
              35.79659363
            ],
            [
              126.85044599,
              35.79707434
            ],
            [
              126.85043884,
              35.79711336
            ],
            [
              126.85036272,
              35.7975291
            ],
            [
              126.85049726,
              35.79769366
            ],
            [
              126.8508564,
              35.79813324
            ],
            [
              126.85108183,
              35.79844622
            ],
            [
              126.85098581,
              35.79850896
            ],
            [
              126.85092089,
              35.79855138
            ],
            [
              126.85114692,
              35.79883583
            ],
            [
              126.8512789,
              35.79877561
            ],
            [
              126.85129097,
              35.79878053
            ],
            [
              126.85178246,
              35.79898078
            ],
            [
              126.85189596,
              35.79902702
            ],
            [
              126.8519171,
              35.79903357
            ],
            [
              126.851999,
              35.79905896
            ],
            [
              126.85212518,
              35.79908309
            ],
            [
              126.85193218,
              35.79911854
            ],
            [
              126.85173015,
              35.79917813
            ],
            [
              126.85153392,
              35.79923602
            ],
            [
              126.85149458,
              35.79927067
            ],
            [
              126.85156729,
              35.79931654
            ],
            [
              126.85160523,
              35.79937986
            ],
            [
              126.85164395,
              35.79937945
            ],
            [
              126.85167669,
              35.79932118
            ],
            [
              126.85176723,
              35.79929498
            ],
            [
              126.85217528,
              35.79927251
            ],
            [
              126.85227205,
              35.79928822
            ],
            [
              126.8523339,
              35.79930192
            ],
            [
              126.85268032,
              35.79937705
            ],
            [
              126.85269939,
              35.79938237
            ],
            [
              126.8528174,
              35.79941532
            ],
            [
              126.85296692,
              35.79945707
            ],
            [
              126.85303496,
              35.79945851
            ],
            [
              126.8531501,
              35.79949992
            ],
            [
              126.85321609,
              35.79952366
            ],
            [
              126.85324793,
              35.79953511
            ],
            [
              126.85324844,
              35.79953529
            ],
            [
              126.8533963,
              35.79958711
            ],
            [
              126.85399638,
              35.79979744
            ],
            [
              126.85403253,
              35.79981012
            ],
            [
              126.85420963,
              35.79987219
            ],
            [
              126.85430713,
              35.79993176
            ],
            [
              126.85430864,
              35.79993269
            ],
            [
              126.85440397,
              35.79996805
            ],
            [
              126.85459142,
              35.80003756
            ],
            [
              126.85462868,
              35.80005136
            ],
            [
              126.85463002,
              35.80005187
            ],
            [
              126.85487589,
              35.80014556
            ],
            [
              126.85492542,
              35.80016444
            ],
            [
              126.85510085,
              35.80024099
            ],
            [
              126.85531826,
              35.80036462
            ],
            [
              126.85533337,
              35.80037321
            ],
            [
              126.85542232,
              35.80025517
            ],
            [
              126.85515992,
              35.80012579
            ],
            [
              126.85516417,
              35.80008198
            ],
            [
              126.85517885,
              35.79993056
            ]
          ]
        ]
      }
    },
    {
      "type": "Feature",
      "id": "445080",
      "properties": {
        "dan_id": "445080",
        "name": "황산",
        "city": "김제시",
        "zone_type_code": "4",
        "zone_type": "농공단지",
        "source_updated": "2026-04-07"
      },
      "geometry": {
        "type": "Polygon",
        "coordinates": [
          [
            [
              126.9825228,
              35.79370949
            ],
            [
              126.98259235,
              35.79370631
            ],
            [
              126.98259529,
              35.79370706
            ],
            [
              126.98273467,
              35.79370279
            ],
            [
              126.98264012,
              35.79340795
            ],
            [
              126.98259591,
              35.7932701
            ],
            [
              126.98256855,
              35.79316081
            ],
            [
              126.98259933,
              35.79307251
            ],
            [
              126.98261112,
              35.79303868
            ],
            [
              126.98265371,
              35.79292207
            ],
            [
              126.98270713,
              35.79263491
            ],
            [
              126.9826781,
              35.79248924
            ],
            [
              126.98253048,
              35.79174834
            ],
            [
              126.98252862,
              35.79173447
            ],
            [
              126.98248658,
              35.79141994
            ],
            [
              126.98234612,
              35.79131882
            ],
            [
              126.98227298,
              35.79114334
            ],
            [
              126.98220733,
              35.79120358
            ],
            [
              126.98211883,
              35.79128478
            ],
            [
              126.98199854,
              35.79134684
            ],
            [
              126.98182839,
              35.7914434
            ],
            [
              126.98164393,
              35.79154809
            ],
            [
              126.98160641,
              35.79160458
            ],
            [
              126.98156566,
              35.791634
            ],
            [
              126.98141924,
              35.79170856
            ],
            [
              126.9812121,
              35.79181405
            ],
            [
              126.98073402,
              35.79206116
            ],
            [
              126.98052918,
              35.79216908
            ],
            [
              126.98019798,
              35.79234425
            ],
            [
              126.97961697,
              35.79251114
            ],
            [
              126.97964131,
              35.79252811
            ],
            [
              126.97910211,
              35.79270569
            ],
            [
              126.97871051,
              35.7931245
            ],
            [
              126.97854151,
              35.79330037
            ],
            [
              126.97814363,
              35.79372869
            ],
            [
              126.97817229,
              35.79373694
            ],
            [
              126.97824082,
              35.79375665
            ],
            [
              126.97816679,
              35.79382496
            ],
            [
              126.97808274,
              35.79390883
            ],
            [
              126.9782305,
              35.79390306
            ],
            [
              126.97846376,
              35.79389396
            ],
            [
              126.9788278,
              35.79387858
            ],
            [
              126.9791024,
              35.79386682
            ],
            [
              126.97928423,
              35.79385809
            ],
            [
              126.97946924,
              35.79384938
            ],
            [
              126.97952352,
              35.79384725
            ],
            [
              126.97985668,
              35.79383418
            ],
            [
              126.9802429,
              35.79381505
            ],
            [
              126.98031163,
              35.79381234
            ],
            [
              126.98034249,
              35.79381105
            ],
            [
              126.98055233,
              35.7938023
            ],
            [
              126.98063167,
              35.79379901
            ],
            [
              126.98072942,
              35.79379454
            ],
            [
              126.98082349,
              35.79379024
            ],
            [
              126.98139552,
              35.79376409
            ],
            [
              126.98181153,
              35.79374458
            ],
            [
              126.98193147,
              35.79373895
            ],
            [
              126.98235391,
              35.79371723
            ],
            [
              126.9825228,
              35.79370949
            ]
          ]
        ]
      }
    },
    {
      "type": "Feature",
      "id": "145040",
      "properties": {
        "dan_id": "145040",
        "name": "국가식품클러스터",
        "city": "익산시",
        "zone_type_code": "1",
        "zone_type": "국가산업단지",
        "source_updated": "2026-04-07"
      },
      "geometry": {
        "type": "Polygon",
        "coordinates": [
          [
            [
              127.08885806,
              35.98845879
            ],
            [
              127.08891351,
              35.98845858
            ],
            [
              127.08896895,
              35.98845873
            ],
            [
              127.0890244,
              35.98845925
            ],
            [
              127.08907983,
              35.98846012
            ],
            [
              127.08913526,
              35.98846136
            ],
            [
              127.08919067,
              35.98846295
            ],
            [
              127.08924607,
              35.98846491
            ],
            [
              127.08930144,
              35.98846723
            ],
            [
              127.08935679,
              35.98846991
            ],
            [
              127.0894121,
              35.98847295
            ],
            [
              127.0894674,
              35.98847635
            ],
            [
              127.08952265,
              35.98848011
            ],
            [
              127.08957787,
              35.98848422
            ],
            [
              127.0895904,
              35.98848522
            ],
            [
              127.08959429,
              35.98848553
            ],
            [
              127.08981831,
              35.9884996
            ],
            [
              127.08984505,
              35.98850249
            ],
            [
              127.08985521,
              35.98846832
            ],
            [
              127.08987538,
              35.98840052
            ],
            [
              127.08987828,
              35.98839073
            ],
            [
              127.08987858,
              35.98838973
            ],
            [
              127.08990294,
              35.9883078
            ],
            [
              127.08990331,
              35.98830658
            ],
            [
              127.08992229,
              35.98824248
            ],
            [
              127.08989564,
              35.98822731
            ],
            [
              127.08985519,
              35.98820428
            ],
            [
              127.08978809,
              35.98816607
            ],
            [
              127.08953158,
              35.98800885
            ],
            [
              127.08951191,
              35.98799358
            ],
            [
              127.08940195,
              35.98790811
            ],
            [
              127.08939328,
              35.98790193
            ],
            [
              127.08932725,
              35.98785555
            ],
            [
              127.08941529,
              35.98776729
            ],
            [
              127.08950853,
              35.98767102
            ],
            [
              127.08968443,
              35.98748931
            ],
            [
              127.08968713,
              35.98748654
            ],
            [
              127.08969098,
              35.98748256
            ],
            [
              127.08969493,
              35.98747849
            ],
            [
              127.08969669,
              35.9874124
            ],
            [
              127.0897011,
              35.98724689
            ],
            [
              127.08970291,
              35.98717853
            ],
            [
              127.08967967,
              35.98716548
            ],
            [
              127.08966033,
              35.98715463
            ],
            [
              127.08959244,
              35.98711677
            ],
            [
              127.08952407,
              35.98697246
            ],
            [
              127.089517,
              35.98695804
            ],
            [
              127.08946609,
              35.98685406
            ],
            [
              127.08944904,
              35.98682843
            ],
            [
              127.08938731,
              35.98673497
            ],
            [
              127.08922739,
              35.98649284
            ],
            [
              127.08916913,
              35.98646963
            ],
            [
              127.08918901,
              35.98646608
            ],
            [
              127.08908657,
              35.98627767
            ],
            [
              127.08908748,
              35.98609843
            ],
            [
              127.08903611,
              35.98590539
            ],
            [
              127.08906312,
              35.98589194
            ],
            [
              127.08894115,
              35.98588688
            ],
            [
              127.08882002,
              35.98589355
            ],
            [
              127.0887183,
              35.98589817
            ],
            [
              127.08846563,
              35.9859744
            ],
            [
              127.08830414,
              35.98601298
            ],
            [
              127.0882127,
              35.98600168
            ],
            [
              127.08797377,
              35.98553546
            ],
            [
              127.08784034,
              35.98511466
            ],
            [
              127.08777112,
              35.98496408
            ],
            [
              127.08740012,
              35.98449913
            ],
            [
              127.08740093,
              35.98444379
            ],
            [
              127.08739526,
              35.98443846
            ],
            [
              127.08740279,
              35.98398166
            ],
            [
              127.08741088,
              35.98345967
            ],
            [
              127.08741332,
              35.98335844
            ],
            [
              127.08741724,
              35.98335895
            ],
            [
              127.08742365,
              35.98301253
            ],
            [
              127.08746026,
              35.98303991
            ],
            [
              127.08746252,
              35.98299733
            ],
            [
              127.08805363,
              35.98301822
            ],
            [
              127.08826812,
              35.98300538
            ],
            [
              127.08827049,
              35.98301725
            ],
            [
              127.088371,
              35.98300676
            ],
            [
              127.08856966,
              35.98298603
            ],
            [
              127.08864422,
              35.98297824
            ],
            [
              127.08873718,
              35.98296854
            ],
            [
              127.08873679,
              35.98296584
            ],
            [
              127.08879431,
              35.98294384
            ],
            [
              127.08899182,
              35.98286572
            ],
            [
              127.08910692,
              35.9828202
            ],
            [
              127.08924905,
              35.9828467
            ],
            [
              127.08952592,
              35.9829032
            ],
            [
              127.08957267,
              35.98290497
            ],
            [
              127.08974853,
              35.98291455
            ],
            [
              127.08974829,
              35.982914
            ],
            [
              127.0896991,
              35.98279629
            ],
            [
              127.08969833,
              35.9826591
            ],
            [
              127.08965351,
              35.98251595
            ],
            [
              127.08962866,
              35.98240535
            ],
            [
              127.08959736,
              35.9823489
            ],
            [
              127.08974746,
              35.98232386
            ],
            [
              127.08980829,
              35.98231487
            ],
            [
              127.08982944,
              35.9823121
            ],
            [
              127.09014722,
              35.98227128
            ],
            [
              127.09028069,
              35.9822538
            ],
            [
              127.09032078,
              35.98224844
            ],
            [
              127.09047351,
              35.98223199
            ],
            [
              127.09065789,
              35.98221212
            ],
            [
              127.09079912,
              35.98219441
            ],
            [
              127.09087765,
              35.98218456
            ],
            [
              127.09090712,
              35.98218087
            ],
            [
              127.09111095,
              35.98215531
            ],
            [
              127.09131419,
              35.98207501
            ],
            [
              127.09132589,
              35.98207038
            ],
            [
              127.09167377,
              35.98195069
            ],
            [
              127.09169374,
              35.98194382
            ],
            [
              127.09199481,
              35.98183744
            ],
            [
              127.09215446,
              35.98178912
            ],
            [
              127.09236032,
              35.98172658
            ],
            [
              127.09247522,
              35.98169192
            ],
            [
              127.09271295,
              35.9816982
            ],
            [
              127.09284027,
              35.98170156
            ],
            [
              127.09283029,
              35.98158646
            ],
            [
              127.09282969,
              35.98157137
            ],
            [
              127.09282681,
              35.98157436
            ],
            [
              127.0928061,
              35.98106102
            ],
            [
              127.09278949,
              35.98090424
            ],
            [
              127.09276037,
              35.98062958
            ],
            [
              127.09266766,
              35.98050932
            ],
            [
              127.09266871,
              35.98049199
            ],
            [
              127.0926778,
              35.98026665
            ],
            [
              127.09260188,
              35.98003631
            ],
            [
              127.09257718,
              35.97995868
            ],
            [
              127.09251924,
              35.97977549
            ],
            [
              127.09251322,
              35.97975002
            ],
            [
              127.09251311,
              35.97974957
            ],
            [
              127.0924528,
              35.97965617
            ],
            [
              127.09237284,
              35.9795846
            ],
            [
              127.09216051,
              35.9794666
            ],
            [
              127.09197175,
              35.97934925
            ],
            [
              127.09195232,
              35.97931238
            ],
            [
              127.0919617,
              35.97930917
            ],
            [
              127.09191414,
              35.9792143
            ],
            [
              127.09189583,
              35.97916572
            ],
            [
              127.09186597,
              35.9790872
            ],
            [
              127.09180803,
              35.97898323
            ],
            [
              127.09178995,
              35.97894671
            ],
            [
              127.09178878,
              35.97892078
            ],
            [
              127.09178463,
              35.97891031
            ],
            [
              127.09176667,
              35.97886272
            ],
            [
              127.09169352,
              35.97876191
            ],
            [
              127.09164284,
              35.97870055
            ],
            [
              127.09161484,
              35.97862072
            ],
            [
              127.09155658,
              35.97853487
            ],
            [
              127.09154569,
              35.97850512
            ],
            [
              127.09151421,
              35.97842128
            ],
            [
              127.09147674,
              35.97842826
            ],
            [
              127.09146793,
              35.97838895
            ],
            [
              127.09144347,
              35.97827971
            ],
            [
              127.0913991,
              35.97705046
            ],
            [
              127.09138283,
              35.97678266
            ],
            [
              127.09127102,
              35.97670178
            ],
            [
              127.09137442,
              35.97655817
            ],
            [
              127.09165022,
              35.97617274
            ],
            [
              127.09165792,
              35.97606329
            ],
            [
              127.09167617,
              35.97592454
            ],
            [
              127.0919144,
              35.9757319
            ],
            [
              127.09195659,
              35.97556998
            ],
            [
              127.09201832,
              35.97534103
            ],
            [
              127.09208817,
              35.9751038
            ],
            [
              127.09207654,
              35.97496737
            ],
            [
              127.09205198,
              35.9746794
            ],
            [
              127.0920394,
              35.97459722
            ],
            [
              127.09202836,
              35.97448549
            ],
            [
              127.09204256,
              35.9740994
            ],
            [
              127.09205707,
              35.97370265
            ],
            [
              127.09206047,
              35.97366516
            ],
            [
              127.09209786,
              35.97325169
            ],
            [
              127.09210935,
              35.97303274
            ],
            [
              127.09211597,
              35.9730143
            ],
            [
              127.09215736,
              35.97289908
            ],
            [
              127.09219906,
              35.972783
            ],
            [
              127.09221651,
              35.97273442
            ],
            [
              127.09225017,
              35.97261968
            ],
            [
              127.09229108,
              35.97249318
            ],
            [
              127.09229709,
              35.97245802
            ],
            [
              127.09234208,
              35.97213115
            ],
            [
              127.09231695,
              35.97168409
            ],
            [
              127.09227426,
              35.97165708
            ],
            [
              127.09227372,
              35.9716304
            ],
            [
              127.09227091,
              35.97149164
            ],
            [
              127.09226971,
              35.97145443
            ],
            [
              127.09225716,
              35.97129889
            ],
            [
              127.09227759,
              35.97094734
            ],
            [
              127.0922702,
              35.97090767
            ],
            [
              127.0922803,
              35.97090523
            ],
            [
              127.09229939,
              35.97064161
            ],
            [
              127.09228446,
              35.97049707
            ],
            [
              127.09227973,
              35.97045385
            ],
            [
              127.09226184,
              35.97027282
            ],
            [
              127.09226287,
              35.97024883
            ],
            [
              127.09227326,
              35.97000823
            ],
            [
              127.09225393,
              35.96995056
            ],
            [
              127.09225759,
              35.96995055
            ],
            [
              127.09223443,
              35.96988139
            ],
            [
              127.09223985,
              35.96988138
            ],
            [
              127.09215443,
              35.96964939
            ],
            [
              127.09214442,
              35.96960591
            ],
            [
              127.09202758,
              35.96928033
            ],
            [
              127.09199065,
              35.96918641
            ],
            [
              127.09187706,
              35.96894895
            ],
            [
              127.09176184,
              35.96878717
            ],
            [
              127.09147401,
              35.96842882
            ],
            [
              127.0912697,
              35.96820685
            ],
            [
              127.09123678,
              35.96817108
            ],
            [
              127.09097219,
              35.96800468
            ],
            [
              127.09081359,
              35.96810343
            ],
            [
              127.09080306,
              35.96810955
            ],
            [
              127.09037142,
              35.96815186
            ],
            [
              127.09022164,
              35.96816678
            ],
            [
              127.09012751,
              35.96817653
            ],
            [
              127.09008491,
              35.96818186
            ],
            [
              127.08998106,
              35.96819528
            ],
            [
              127.08993865,
              35.9682116
            ],
            [
              127.08978075,
              35.96828874
            ],
            [
              127.08969562,
              35.96833002
            ],
            [
              127.08961099,
              35.9683462
            ],
            [
              127.088517,
              35.96858417
            ],
            [
              127.08826331,
              35.9686061
            ],
            [
              127.08811836,
              35.96861447
            ],
            [
              127.08789258,
              35.96862335
            ],
            [
              127.08759131,
              35.96867081
            ],
            [
              127.08663734,
              35.96883449
            ],
            [
              127.08402951,
              35.96908693
            ],
            [
              127.083736,
              35.96945113
            ],
            [
              127.08361824,
              35.9696279
            ],
            [
              127.08341668,
              35.96987832
            ],
            [
              127.08308465,
              35.96978836
            ],
            [
              127.0830284,
              35.969888
            ],
            [
              127.08293586,
              35.97005055
            ],
            [
              127.08288589,
              35.97003259
            ],
            [
              127.08271521,
              35.97034436
            ],
            [
              127.08261672,
              35.97048654
            ],
            [
              127.0825694,
              35.97054363
            ],
            [
              127.08258322,
              35.97054737
            ],
            [
              127.08229173,
              35.97049314
            ],
            [
              127.08220988,
              35.97051611
            ],
            [
              127.08221227,
              35.97050309
            ],
            [
              127.08206296,
              35.97049573
            ],
            [
              127.08159301,
              35.97047257
            ],
            [
              127.0815803,
              35.97036853
            ],
            [
              127.08153676,
              35.97003095
            ],
            [
              127.08151823,
              35.96988901
            ],
            [
              127.08151085,
              35.96983165
            ],
            [
              127.08142253,
              35.9696619
            ],
            [
              127.08136544,
              35.96955446
            ],
            [
              127.08127777,
              35.96938475
            ],
            [
              127.08120838,
              35.96925396
            ],
            [
              127.08117882,
              35.96919548
            ],
            [
              127.08117717,
              35.96919223
            ],
            [
              127.08114216,
              35.96909646
            ],
            [
              127.08109377,
              35.96896937
            ],
            [
              127.08104765,
              35.9688515
            ],
            [
              127.08101147,
              35.96881766
            ],
            [
              127.08097695,
              35.96878537
            ],
            [
              127.08081426,
              35.96863647
            ],
            [
              127.0806324,
              35.96846618
            ],
            [
              127.08038456,
              35.96823706
            ],
            [
              127.0803168,
              35.96821655
            ],
            [
              127.08008628,
              35.96814454
            ],
            [
              127.07993267,
              35.96809725
            ],
            [
              127.07987236,
              35.96797125
            ],
            [
              127.07985777,
              35.9679399
            ],
            [
              127.07975695,
              35.96772318
            ],
            [
              127.07975614,
              35.9677215
            ],
            [
              127.0797086,
              35.96762244
            ],
            [
              127.07959659,
              35.96737464
            ],
            [
              127.07955386,
              35.96728074
            ],
            [
              127.07947488,
              35.96732873
            ],
            [
              127.07940086,
              35.96736747
            ],
            [
              127.079222,
              35.96750566
            ],
            [
              127.07908124,
              35.96761498
            ],
            [
              127.07893804,
              35.96771294
            ],
            [
              127.0789128,
              35.96773214
            ],
            [
              127.07881228,
              35.96780708
            ],
            [
              127.07866868,
              35.96789626
            ],
            [
              127.07820184,
              35.96813843
            ],
            [
              127.07814004,
              35.96816732
            ],
            [
              127.07782712,
              35.96835701
            ],
            [
              127.07773522,
              35.96839952
            ],
            [
              127.07746336,
              35.96850787
            ],
            [
              127.07728945,
              35.96857682
            ],
            [
              127.0772135,
              35.96860442
            ],
            [
              127.07702908,
              35.96867815
            ],
            [
              127.07700697,
              35.96869138
            ],
            [
              127.07680913,
              35.96880856
            ],
            [
              127.07675305,
              35.96886501
            ],
            [
              127.07668827,
              35.96897612
            ],
            [
              127.07668475,
              35.96898185
            ],
            [
              127.0766191,
              35.96915091
            ],
            [
              127.07657444,
              35.96932863
            ],
            [
              127.07656381,
              35.96946886
            ],
            [
              127.07649167,
              35.96966509
            ],
            [
              127.07644335,
              35.96985885
            ],
            [
              127.07634971,
              35.97020644
            ],
            [
              127.07629526,
              35.97039359
            ],
            [
              127.07626329,
              35.97051058
            ],
            [
              127.07626394,
              35.97055315
            ],
            [
              127.07623208,
              35.97066181
            ],
            [
              127.07608495,
              35.97077419
            ],
            [
              127.07596683,
              35.97083044
            ],
            [
              127.0759071,
              35.97084942
            ],
            [
              127.07566387,
              35.97092366
            ],
            [
              127.07538358,
              35.97100797
            ],
            [
              127.07526324,
              35.97107488
            ],
            [
              127.07522436,
              35.97109097
            ],
            [
              127.0751737,
              35.97109992
            ],
            [
              127.0751686,
              35.97110244
            ],
            [
              127.07509314,
              35.97114061
            ],
            [
              127.07499994,
              35.97118771
            ],
            [
              127.07478373,
              35.97128996
            ],
            [
              127.07465407,
              35.97134744
            ],
            [
              127.07440924,
              35.97143321
            ],
            [
              127.07438941,
              35.97144944
            ],
            [
              127.07431326,
              35.97147418
            ],
            [
              127.07419003,
              35.97153617
            ],
            [
              127.07388662,
              35.97169398
            ],
            [
              127.07386279,
              35.97170166
            ],
            [
              127.07383121,
              35.97172249
            ],
            [
              127.07380152,
              35.97174207
            ],
            [
              127.07379915,
              35.97174337
            ],
            [
              127.07361491,
              35.97184393
            ],
            [
              127.07344759,
              35.97194993
            ],
            [
              127.07340648,
              35.97197915
            ],
            [
              127.07326022,
              35.97207189
            ],
            [
              127.07286614,
              35.97226733
            ],
            [
              127.0729226,
              35.97229613
            ],
            [
              127.07386455,
              35.97277683
            ],
            [
              127.07391236,
              35.97280807
            ],
            [
              127.07394931,
              35.97283797
            ],
            [
              127.07398103,
              35.97285471
            ],
            [
              127.07497768,
              35.97336961
            ],
            [
              127.07505012,
              35.97340706
            ],
            [
              127.0751189,
              35.97345072
            ],
            [
              127.07589183,
              35.97385409
            ],
            [
              127.07595608,
              35.97391605
            ],
            [
              127.07605088,
              35.97404055
            ],
            [
              127.07607344,
              35.97409289
            ],
            [
              127.07609209,
              35.9741201
            ],
            [
              127.07635757,
              35.97452684
            ],
            [
              127.07660963,
              35.97492421
            ],
            [
              127.07664028,
              35.97497512
            ],
            [
              127.07675087,
              35.97514006
            ],
            [
              127.07680049,
              35.97521123
            ],
            [
              127.07699363,
              35.97543695
            ],
            [
              127.07718975,
              35.9756497
            ],
            [
              127.07722283,
              35.97569357
            ],
            [
              127.07723715,
              35.97571222
            ],
            [
              127.07734706,
              35.97586401
            ],
            [
              127.07740924,
              35.97595953
            ],
            [
              127.07741169,
              35.97596328
            ],
            [
              127.07753254,
              35.97618977
            ],
            [
              127.07758716,
              35.97626923
            ],
            [
              127.07762168,
              35.97630634
            ],
            [
              127.07767648,
              35.97633766
            ],
            [
              127.0777191,
              35.97637702
            ],
            [
              127.07796199,
              35.97656504
            ],
            [
              127.07814806,
              35.97670254
            ],
            [
              127.07831282,
              35.97682149
            ],
            [
              127.0784058,
              35.97688866
            ],
            [
              127.07848636,
              35.97695584
            ],
            [
              127.078668,
              35.97709334
            ],
            [
              127.07890012,
              35.97726254
            ],
            [
              127.07896392,
              35.97730377
            ],
            [
              127.07900553,
              35.97733988
            ],
            [
              127.07918074,
              35.97747252
            ],
            [
              127.079394,
              35.97763019
            ],
            [
              127.07962045,
              35.97778622
            ],
            [
              127.07972132,
              35.97787177
            ],
            [
              127.07979278,
              35.97792697
            ],
            [
              127.08002314,
              35.97810067
            ],
            [
              127.08031651,
              35.97831236
            ],
            [
              127.08035813,
              35.97835144
            ],
            [
              127.08043669,
              35.97841186
            ],
            [
              127.08067504,
              35.97859529
            ],
            [
              127.08124317,
              35.97902327
            ],
            [
              127.08129665,
              35.97906352
            ],
            [
              127.08127555,
              35.97909431
            ],
            [
              127.08131516,
              35.97912726
            ],
            [
              127.08138737,
              35.97918778
            ],
            [
              127.08154301,
              35.97932467
            ],
            [
              127.08169325,
              35.97978238
            ],
            [
              127.08170284,
              35.97980127
            ],
            [
              127.0817321,
              35.97992678
            ],
            [
              127.08175804,
              35.98003814
            ],
            [
              127.08178167,
              35.9801369
            ],
            [
              127.08179905,
              35.98019481
            ],
            [
              127.08185229,
              35.98038497
            ],
            [
              127.08189368,
              35.98057074
            ],
            [
              127.08192089,
              35.98070352
            ],
            [
              127.08197884,
              35.98098626
            ],
            [
              127.08199134,
              35.98100819
            ],
            [
              127.08202957,
              35.98119695
            ],
            [
              127.08208379,
              35.98146417
            ],
            [
              127.08214494,
              35.98174328
            ],
            [
              127.08217509,
              35.98188005
            ],
            [
              127.08221284,
              35.98204653
            ],
            [
              127.08225288,
              35.98217635
            ],
            [
              127.08233385,
              35.98235117
            ],
            [
              127.082429,
              35.98285881
            ],
            [
              127.082436,
              35.98958497
            ],
            [
              127.08284141,
              35.9895051
            ],
            [
              127.08286272,
              35.98950088
            ],
            [
              127.08288403,
              35.98949663
            ],
            [
              127.08290536,
              35.98949235
            ],
            [
              127.08292669,
              35.98948804
            ],
            [
              127.08294812,
              35.98948371
            ],
            [
              127.08296947,
              35.98947936
            ],
            [
              127.08299083,
              35.98947501
            ],
            [
              127.08301221,
              35.98947063
            ],
            [
              127.08303359,
              35.98946623
            ],
            [
              127.08305499,
              35.98946183
            ],
            [
              127.08307641,
              35.98945741
            ],
            [
              127.08309784,
              35.98945299
            ],
            [
              127.08310876,
              35.98945073
            ],
            [
              127.08311929,
              35.98944855
            ],
            [
              127.08314075,
              35.98944411
            ],
            [
              127.08315776,
              35.98944058
            ],
            [
              127.08316223,
              35.98943966
            ],
            [
              127.08318372,
              35.98943521
            ],
            [
              127.08320521,
              35.98943075
            ],
            [
              127.08322671,
              35.9894263
            ],
            [
              127.08324819,
              35.98942186
            ],
            [
              127.08326969,
              35.98941741
            ],
            [
              127.08329118,
              35.98941295
            ],
            [
              127.08331268,
              35.9894085
            ],
            [
              127.08333416,
              35.98940405
            ],
            [
              127.08335566,
              35.9893996
            ],
            [
              127.08337715,
              35.98939515
            ],
            [
              127.08339864,
              35.9893907
            ],
            [
              127.08342013,
              35.98938625
            ],
            [
              127.08344163,
              35.9893818
            ],
            [
              127.08346312,
              35.98937734
            ],
            [
              127.08348461,
              35.98937289
            ],
            [
              127.0835061,
              35.98936844
            ],
            [
              127.08352759,
              35.989364
            ],
            [
              127.08354908,
              35.98935954
            ],
            [
              127.08357057,
              35.98935509
            ],
            [
              127.08359207,
              35.98935064
            ],
            [
              127.08361355,
              35.98934619
            ],
            [
              127.08363505,
              35.98934173
            ],
            [
              127.08365654,
              35.98933729
            ],
            [
              127.08367804,
              35.98933284
            ],
            [
              127.08369952,
              35.98932839
            ],
            [
              127.08372102,
              35.98932394
            ],
            [
              127.08373193,
              35.98932168
            ],
            [
              127.08464859,
              35.98914393
            ],
            [
              127.08531774,
              35.98901417
            ],
            [
              127.08547902,
              35.98898077
            ],
            [
              127.08612536,
              35.9888469
            ],
            [
              127.08652614,
              35.98876389
            ],
            [
              127.08653843,
              35.98876134
            ],
            [
              127.08654917,
              35.98875911
            ],
            [
              127.08655992,
              35.98875689
            ],
            [
              127.08657068,
              35.98875466
            ],
            [
              127.08658143,
              35.98875244
            ],
            [
              127.0865922,
              35.98875021
            ],
            [
              127.08660295,
              35.98874799
            ],
            [
              127.08661372,
              35.98874576
            ],
            [
              127.08662448,
              35.98874354
            ],
            [
              127.08663104,
              35.98874218
            ],
            [
              127.08663525,
              35.98874132
            ],
            [
              127.08664601,
              35.98873909
            ],
            [
              127.08665679,
              35.98873687
            ],
            [
              127.08666755,
              35.98873465
            ],
            [
              127.08667833,
              35.98873243
            ],
            [
              127.08668911,
              35.98873021
            ],
            [
              127.08669989,
              35.98872799
            ],
            [
              127.08671067,
              35.98872578
            ],
            [
              127.08672146,
              35.98872356
            ],
            [
              127.08673225,
              35.98872136
            ],
            [
              127.08674303,
              35.98871914
            ],
            [
              127.08675383,
              35.98871693
            ],
            [
              127.08676462,
              35.98871473
            ],
            [
              127.08677542,
              35.98871253
            ],
            [
              127.08678622,
              35.98871032
            ],
            [
              127.08679703,
              35.98870813
            ],
            [
              127.08680784,
              35.98870593
            ],
            [
              127.08681863,
              35.98870374
            ],
            [
              127.08682945,
              35.98870154
            ],
            [
              127.08684026,
              35.98869935
            ],
            [
              127.08685108,
              35.98869717
            ],
            [
              127.08686191,
              35.98869499
            ],
            [
              127.08687273,
              35.98869281
            ],
            [
              127.08688355,
              35.98869063
            ],
            [
              127.08689438,
              35.98868846
            ],
            [
              127.08690521,
              35.98868629
            ],
            [
              127.08691605,
              35.98868413
            ],
            [
              127.08692689,
              35.98868197
            ],
            [
              127.08693773,
              35.98867981
            ],
            [
              127.08694857,
              35.98867766
            ],
            [
              127.08695943,
              35.98867551
            ],
            [
              127.08697027,
              35.98867337
            ],
            [
              127.08698112,
              35.98867122
            ],
            [
              127.08699199,
              35.98866909
            ],
            [
              127.08700284,
              35.98866696
            ],
            [
              127.08701371,
              35.98866483
            ],
            [
              127.08702458,
              35.98866271
            ],
            [
              127.08703545,
              35.9886606
            ],
            [
              127.08704633,
              35.98865848
            ],
            [
              127.0870572,
              35.98865637
            ],
            [
              127.08706809,
              35.98865427
            ],
            [
              127.08707897,
              35.98865217
            ],
            [
              127.08708986,
              35.98865008
            ],
            [
              127.08710075,
              35.988648
            ],
            [
              127.08711165,
              35.98864592
            ],
            [
              127.08712255,
              35.98864385
            ],
            [
              127.08713345,
              35.98864178
            ],
            [
              127.08714436,
              35.98863972
            ],
            [
              127.08715527,
              35.98863766
            ],
            [
              127.08716619,
              35.98863562
            ],
            [
              127.08717711,
              35.98863358
            ],
            [
              127.08718803,
              35.98863154
            ],
            [
              127.08719892,
              35.98862951
            ],
            [
              127.08724663,
              35.98862053
            ],
            [
              127.08733038,
              35.98860573
            ],
            [
              127.08734135,
              35.98860379
            ],
            [
              127.08735233,
              35.98860187
            ],
            [
              127.08736332,
              35.98859995
            ],
            [
              127.08737438,
              35.98859803
            ],
            [
              127.08738538,
              35.98859613
            ],
            [
              127.08739638,
              35.98859425
            ],
            [
              127.08740739,
              35.98859237
            ],
            [
              127.0874184,
              35.9885905
            ],
            [
              127.08742941,
              35.98858864
            ],
            [
              127.08744043,
              35.98858678
            ],
            [
              127.08745145,
              35.98858494
            ],
            [
              127.08746247,
              35.98858311
            ],
            [
              127.0874735,
              35.98858128
            ],
            [
              127.08748453,
              35.98857947
            ],
            [
              127.08749557,
              35.98857766
            ],
            [
              127.08750093,
              35.98857679
            ],
            [
              127.08750662,
              35.98857587
            ],
            [
              127.08751766,
              35.98857408
            ],
            [
              127.08752871,
              35.98857231
            ],
            [
              127.08753978,
              35.98857054
            ],
            [
              127.08755083,
              35.9885688
            ],
            [
              127.0875619,
              35.98856705
            ],
            [
              127.08757298,
              35.98856532
            ],
            [
              127.08758405,
              35.9885636
            ],
            [
              127.08759513,
              35.98856189
            ],
            [
              127.08760621,
              35.98856019
            ],
            [
              127.0876173,
              35.9885585
            ],
            [
              127.08762839,
              35.98855683
            ],
            [
              127.08763949,
              35.98855516
            ],
            [
              127.08765059,
              35.9885535
            ],
            [
              127.0876617,
              35.98855187
            ],
            [
              127.08767281,
              35.98855024
            ],
            [
              127.08768393,
              35.98854861
            ],
            [
              127.08769505,
              35.98854701
            ],
            [
              127.08770617,
              35.98854542
            ],
            [
              127.0877173,
              35.98854384
            ],
            [
              127.08772843,
              35.98854226
            ],
            [
              127.08773958,
              35.98854072
            ],
            [
              127.08775072,
              35.98853917
            ],
            [
              127.08776186,
              35.98853764
            ],
            [
              127.08777302,
              35.98853612
            ],
            [
              127.08778417,
              35.98853462
            ],
            [
              127.08779534,
              35.98853312
            ],
            [
              127.0878065,
              35.98853165
            ],
            [
              127.08781768,
              35.98853018
            ],
            [
              127.08782884,
              35.98852873
            ],
            [
              127.08784003,
              35.98852729
            ],
            [
              127.08785122,
              35.98852586
            ],
            [
              127.08786241,
              35.98852445
            ],
            [
              127.08787359,
              35.98852305
            ],
            [
              127.08788479,
              35.98852168
            ],
            [
              127.087896,
              35.98852031
            ],
            [
              127.08790721,
              35.98851896
            ],
            [
              127.08791834,
              35.98851762
            ],
            [
              127.08797324,
              35.98851129
            ],
            [
              127.08802819,
              35.98850531
            ],
            [
              127.08808321,
              35.98849969
            ],
            [
              127.08813827,
              35.98849443
            ],
            [
              127.08819339,
              35.98848953
            ],
            [
              127.08824856,
              35.98848499
            ],
            [
              127.08830376,
              35.9884808
            ],
            [
              127.08835901,
              35.98847698
            ],
            [
              127.08841429,
              35.98847352
            ],
            [
              127.08846962,
              35.98847042
            ],
            [
              127.08852496,
              35.98846767
            ],
            [
              127.08858032,
              35.98846529
            ],
            [
              127.08863347,
              35.98846335
            ],
            [
              127.08863636,
              35.98846325
            ],
            [
              127.08869176,
              35.98846159
            ],
            [
              127.08874719,
              35.9884603
            ],
            [
              127.08880262,
              35.98845937
            ],
            [
              127.08885806,
              35.98845879
            ]
          ]
        ]
      }
    },
    {
      "type": "Feature",
      "id": "145030",
      "properties": {
        "dan_id": "145030",
        "name": "익산",
        "city": "익산시",
        "zone_type_code": "1",
        "zone_type": "국가산업단지",
        "source_updated": "2026-04-07"
      },
      "geometry": {
        "type": "Polygon",
        "coordinates": [
          [
            [
              126.96962565,
              35.93952466
            ],
            [
              126.9696838,
              35.94265873
            ],
            [
              126.97415372,
              35.95009565
            ],
            [
              126.97668824,
              35.95127736
            ],
            [
              126.98404112,
              35.9515127
            ],
            [
              126.98458826,
              35.94720821
            ],
            [
              126.98493096,
              35.94085599
            ],
            [
              126.97755785,
              35.94037817
            ],
            [
              126.97577779,
              35.93963852
            ],
            [
              126.96962565,
              35.93952466
            ]
          ]
        ]
      }
    },
    {
      "type": "Feature",
      "id": "245050",
      "properties": {
        "dan_id": "245050",
        "name": "익산2",
        "city": "익산시",
        "zone_type_code": "2",
        "zone_type": "일반산업단지",
        "source_updated": "2026-04-07"
      },
      "geometry": {
        "type": "Polygon",
        "coordinates": [
          [
            [
              127.0234302,
              35.95789004
            ],
            [
              127.00692103,
              35.94324314
            ],
            [
              127.00328425,
              35.94588969
            ],
            [
              126.99941087,
              35.9488706
            ],
            [
              126.99926475,
              35.94898272
            ],
            [
              126.99432034,
              35.95278216
            ],
            [
              127.00045951,
              35.95789403
            ],
            [
              127.00049625,
              35.95796405
            ],
            [
              127.00068833,
              35.95833008
            ],
            [
              127.00087233,
              35.9587584
            ],
            [
              127.0010265,
              35.95927966
            ],
            [
              127.00110575,
              35.95958503
            ],
            [
              127.00111975,
              35.95963898
            ],
            [
              127.00124435,
              35.959934
            ],
            [
              127.00137171,
              35.9602192
            ],
            [
              127.00150825,
              35.96045453
            ],
            [
              127.00158924,
              35.96057556
            ],
            [
              127.00168767,
              35.96069342
            ],
            [
              127.00180511,
              35.96081574
            ],
            [
              127.00195396,
              35.96096726
            ],
            [
              127.00205478,
              35.96106121
            ],
            [
              127.00227179,
              35.96122594
            ],
            [
              127.00252237,
              35.96138287
            ],
            [
              127.00264183,
              35.96145072
            ],
            [
              127.00357531,
              35.96187051
            ],
            [
              127.00399432,
              35.96207974
            ],
            [
              127.00414309,
              35.9621567
            ],
            [
              127.00419869,
              35.96218618
            ],
            [
              127.00426153,
              35.96221862
            ],
            [
              127.00436977,
              35.96228294
            ],
            [
              127.00451761,
              35.96236977
            ],
            [
              127.00462645,
              35.96244234
            ],
            [
              127.0047749,
              35.96253542
            ],
            [
              127.00484757,
              35.96258763
            ],
            [
              127.00500193,
              35.9627003
            ],
            [
              127.00508638,
              35.96276128
            ],
            [
              127.00517469,
              35.96282452
            ],
            [
              127.00523144,
              35.96286589
            ],
            [
              127.00537047,
              35.96296738
            ],
            [
              127.00548523,
              35.96304585
            ],
            [
              127.00551091,
              35.96306451
            ],
            [
              127.00567917,
              35.96318023
            ],
            [
              127.00574535,
              35.9632269
            ],
            [
              127.00600948,
              35.96337333
            ],
            [
              127.00608211,
              35.96341359
            ],
            [
              127.00613151,
              35.96344283
            ],
            [
              127.00634361,
              35.96353498
            ],
            [
              127.0064143,
              35.96355643
            ],
            [
              127.00661573,
              35.96361723
            ],
            [
              127.00675917,
              35.96365261
            ],
            [
              127.00709717,
              35.96369801
            ],
            [
              127.00728425,
              35.96373067
            ],
            [
              127.00743737,
              35.96374551
            ],
            [
              127.00788144,
              35.96379299
            ],
            [
              127.00840835,
              35.96389845
            ],
            [
              127.00857988,
              35.96393509
            ],
            [
              127.00876004,
              35.96397425
            ],
            [
              127.00909608,
              35.96406116
            ],
            [
              127.00915844,
              35.96408594
            ],
            [
              127.00951799,
              35.964238
            ],
            [
              127.00963982,
              35.96427897
            ],
            [
              127.00985852,
              35.96438567
            ],
            [
              127.00997079,
              35.96444454
            ],
            [
              127.01007599,
              35.96450393
            ],
            [
              127.01026292,
              35.96460907
            ],
            [
              127.01039622,
              35.96469571
            ],
            [
              127.01052316,
              35.96478725
            ],
            [
              127.0107417,
              35.96456581
            ],
            [
              127.01106012,
              35.96424315
            ],
            [
              127.01147125,
              35.96382399
            ],
            [
              127.01148184,
              35.9638132
            ],
            [
              127.01181075,
              35.96347785
            ],
            [
              127.01188812,
              35.96340061
            ],
            [
              127.01205324,
              35.9632357
            ],
            [
              127.01244194,
              35.96284747
            ],
            [
              127.01257733,
              35.96270534
            ],
            [
              127.01282102,
              35.96246191
            ],
            [
              127.01283174,
              35.96245121
            ],
            [
              127.01336773,
              35.96191578
            ],
            [
              127.01354264,
              35.96174102
            ],
            [
              127.01465146,
              35.96270513
            ],
            [
              127.01581227,
              35.96375382
            ],
            [
              127.01775491,
              35.96223881
            ],
            [
              127.02015448,
              35.9603963
            ],
            [
              127.0234302,
              35.95789004
            ]
          ]
        ]
      }
    },
    {
      "type": "Feature",
      "id": "245200",
      "properties": {
        "dan_id": "245200",
        "name": "익산3(산업)",
        "city": "익산시",
        "zone_type_code": "2",
        "zone_type": "일반산업단지",
        "source_updated": "2026-04-07"
      },
      "geometry": {
        "type": "Polygon",
        "coordinates": [
          [
            [
              126.99815713,
              36.04909732
            ],
            [
              126.9982534,
              36.04901255
            ],
            [
              126.99827978,
              36.04898932
            ],
            [
              126.99831961,
              36.04895424
            ],
            [
              126.99848969,
              36.04880447
            ],
            [
              126.99866459,
              36.04865045
            ],
            [
              126.99881828,
              36.04851511
            ],
            [
              126.99885823,
              36.04847993
            ],
            [
              126.99890956,
              36.04843473
            ],
            [
              126.99898444,
              36.04836879
            ],
            [
              126.99922724,
              36.04815499
            ],
            [
              126.99923764,
              36.04814583
            ],
            [
              126.99927,
              36.04811734
            ],
            [
              126.99929364,
              36.04809652
            ],
            [
              126.99930057,
              36.04809041
            ],
            [
              126.99953528,
              36.04788372
            ],
            [
              126.99955645,
              36.04786507
            ],
            [
              126.99987226,
              36.04759102
            ],
            [
              126.99988696,
              36.04759426
            ],
            [
              126.99993562,
              36.04760498
            ],
            [
              126.99996398,
              36.04756187
            ],
            [
              127.00005535,
              36.04763026
            ],
            [
              127.00012943,
              36.0476857
            ],
            [
              127.00052014,
              36.04797813
            ],
            [
              127.00135952,
              36.04860636
            ],
            [
              127.00147348,
              36.04869166
            ],
            [
              127.00173629,
              36.04888835
            ],
            [
              127.00177193,
              36.04891503
            ],
            [
              127.00184755,
              36.04897161
            ],
            [
              127.00186545,
              36.04898501
            ],
            [
              127.00227307,
              36.04929008
            ],
            [
              127.00275278,
              36.0496491
            ],
            [
              127.00282655,
              36.04970431
            ],
            [
              127.00316917,
              36.04996071
            ],
            [
              127.00333458,
              36.05008452
            ],
            [
              127.00350184,
              36.05002127
            ],
            [
              127.00351763,
              36.05001458
            ],
            [
              127.00358021,
              36.04997626
            ],
            [
              127.00357937,
              36.04994512
            ],
            [
              127.00366005,
              36.04995648
            ],
            [
              127.00379479,
              36.04990885
            ],
            [
              127.00390432,
              36.04984673
            ],
            [
              127.00402921,
              36.04978211
            ],
            [
              127.00416809,
              36.04965957
            ],
            [
              127.00444193,
              36.04941859
            ],
            [
              127.00445468,
              36.0493335
            ],
            [
              127.00449503,
              36.04925015
            ],
            [
              127.00458512,
              36.04915932
            ],
            [
              127.00467877,
              36.04906489
            ],
            [
              127.00473247,
              36.04901152
            ],
            [
              127.00484462,
              36.04891235
            ],
            [
              127.00491052,
              36.04887631
            ],
            [
              127.00492972,
              36.04886581
            ],
            [
              127.00503057,
              36.04884206
            ],
            [
              127.00518624,
              36.04879735
            ],
            [
              127.00524074,
              36.0487756
            ],
            [
              127.00532566,
              36.0487398
            ],
            [
              127.00538411,
              36.04871516
            ],
            [
              127.0054723,
              36.04861666
            ],
            [
              127.00545117,
              36.04859039
            ],
            [
              127.00551281,
              36.04844914
            ],
            [
              127.00577914,
              36.04821363
            ],
            [
              127.00588129,
              36.04818597
            ],
            [
              127.00595754,
              36.04814334
            ],
            [
              127.00602036,
              36.04808866
            ],
            [
              127.00624594,
              36.04784014
            ],
            [
              127.00627651,
              36.04780646
            ],
            [
              127.00623252,
              36.0477575
            ],
            [
              127.00618176,
              36.04769377
            ],
            [
              127.00621127,
              36.04768025
            ],
            [
              127.00630995,
              36.04762983
            ],
            [
              127.00648563,
              36.04755061
            ],
            [
              127.0066672,
              36.04743328
            ],
            [
              127.00687159,
              36.04725908
            ],
            [
              127.00688622,
              36.04724663
            ],
            [
              127.00690671,
              36.04721884
            ],
            [
              127.00693932,
              36.04717461
            ],
            [
              127.00705638,
              36.04707484
            ],
            [
              127.00715846,
              36.04694664
            ],
            [
              127.00745156,
              36.04657767
            ],
            [
              127.0074386,
              36.04645673
            ],
            [
              127.00740455,
              36.04613871
            ],
            [
              127.00737701,
              36.04588172
            ],
            [
              127.00734271,
              36.04556752
            ],
            [
              127.00737776,
              36.04557092
            ],
            [
              127.00739924,
              36.04543355
            ],
            [
              127.00744045,
              36.04537734
            ],
            [
              127.007477,
              36.04536588
            ],
            [
              127.00751626,
              36.04533633
            ],
            [
              127.00753062,
              36.04530428
            ],
            [
              127.0076303,
              36.04521497
            ],
            [
              127.00762938,
              36.04523225
            ],
            [
              127.00762938,
              36.04523225
            ],
            [
              127.00762838,
              36.04525095
            ],
            [
              127.00768429,
              36.04521215
            ],
            [
              127.00792236,
              36.04512499
            ],
            [
              127.0080124,
              36.04513519
            ],
            [
              127.00825157,
              36.04511957
            ],
            [
              127.00825464,
              36.0451029
            ],
            [
              127.00759452,
              36.04490381
            ],
            [
              127.00733554,
              36.04483306
            ],
            [
              127.00733453,
              36.04483278
            ],
            [
              127.00723916,
              36.04480673
            ],
            [
              127.00697532,
              36.04473463
            ],
            [
              127.00694984,
              36.04472868
            ],
            [
              127.00656024,
              36.04451499
            ],
            [
              127.00637383,
              36.04440528
            ],
            [
              127.00621331,
              36.04430883
            ],
            [
              127.0061794,
              36.04429684
            ],
            [
              127.0059893,
              36.04422965
            ],
            [
              127.00596189,
              36.04421756
            ],
            [
              127.00585514,
              36.04417051
            ],
            [
              127.00582872,
              36.04415886
            ],
            [
              127.00543936,
              36.0440398
            ],
            [
              127.00534568,
              36.04400989
            ],
            [
              127.00527021,
              36.04398492
            ],
            [
              127.00509757,
              36.04392842
            ],
            [
              127.0049088,
              36.04386549
            ],
            [
              127.00479573,
              36.04384181
            ],
            [
              127.00470493,
              36.04382081
            ],
            [
              127.00466238,
              36.04381858
            ],
            [
              127.00458021,
              36.04381426
            ],
            [
              127.00445198,
              36.04373846
            ],
            [
              127.00432032,
              36.0436696
            ],
            [
              127.00432004,
              36.04366946
            ],
            [
              127.00431985,
              36.04366936
            ],
            [
              127.00433397,
              36.04365691
            ],
            [
              127.00439371,
              36.04360431
            ],
            [
              127.00456909,
              36.04344988
            ],
            [
              127.00459075,
              36.0434308
            ],
            [
              127.00429732,
              36.0432111
            ],
            [
              127.00403122,
              36.04301186
            ],
            [
              127.00403123,
              36.04301186
            ],
            [
              127.00394727,
              36.042949
            ],
            [
              127.00344117,
              36.04256998
            ],
            [
              127.00330705,
              36.0424015
            ],
            [
              127.00325106,
              36.042367
            ],
            [
              127.00330171,
              36.04234184
            ],
            [
              127.00315453,
              36.04222423
            ],
            [
              127.00306559,
              36.04198086
            ],
            [
              127.00308271,
              36.04188122
            ],
            [
              127.00308545,
              36.04186527
            ],
            [
              127.00309462,
              36.04178663
            ],
            [
              127.00311238,
              36.0417088
            ],
            [
              127.00313856,
              36.04163294
            ],
            [
              127.00314542,
              36.04161706
            ],
            [
              127.00315393,
              36.04159607
            ],
            [
              127.00319854,
              36.04149225
            ],
            [
              127.00333306,
              36.04119732
            ],
            [
              127.0034979,
              36.0408331
            ],
            [
              127.00350443,
              36.04081866
            ],
            [
              127.00352669,
              36.04076961
            ],
            [
              127.00356422,
              36.04069701
            ],
            [
              127.00360923,
              36.04062728
            ],
            [
              127.00366148,
              36.04056102
            ],
            [
              127.00369608,
              36.04052451
            ],
            [
              127.00372954,
              36.04049096
            ],
            [
              127.00373518,
              36.04049328
            ],
            [
              127.00375297,
              36.04046941
            ],
            [
              127.00378415,
              36.04044201
            ],
            [
              127.00381211,
              36.0404476
            ],
            [
              127.00382524,
              36.04040579
            ],
            [
              127.00389245,
              36.04034648
            ],
            [
              127.00389238,
              36.04034681
            ],
            [
              127.00389249,
              36.04034671
            ],
            [
              127.00394983,
              36.0402958
            ],
            [
              127.00435075,
              36.03994282
            ],
            [
              127.00456332,
              36.03975554
            ],
            [
              127.00464309,
              36.03968534
            ],
            [
              127.00465991,
              36.0396704
            ],
            [
              127.00464476,
              36.03965929
            ],
            [
              127.00458779,
              36.03961663
            ],
            [
              127.00458779,
              36.03961659
            ],
            [
              127.00456005,
              36.03959587
            ],
            [
              127.00456005,
              36.03959586
            ],
            [
              127.0039364,
              36.03912879
            ],
            [
              127.0038646,
              36.03907499
            ],
            [
              127.00337443,
              36.03870784
            ],
            [
              127.00318527,
              36.03856615
            ],
            [
              127.00296253,
              36.03839928
            ],
            [
              127.00264999,
              36.03816593
            ],
            [
              127.00266192,
              36.03815373
            ],
            [
              127.00269544,
              36.03808269
            ],
            [
              127.00255584,
              36.038091
            ],
            [
              127.00254783,
              36.0380894
            ],
            [
              127.00212195,
              36.03776936
            ],
            [
              127.00205207,
              36.03771701
            ],
            [
              127.00200366,
              36.03768076
            ],
            [
              127.00124217,
              36.03711049
            ],
            [
              127.00120533,
              36.03708291
            ],
            [
              127.0011724,
              36.03705824
            ],
            [
              127.00100051,
              36.03692941
            ],
            [
              127.00081603,
              36.03678867
            ],
            [
              127.00058911,
              36.03662326
            ],
            [
              127.00049971,
              36.03655636
            ],
            [
              127.00023564,
              36.03635868
            ],
            [
              127.00019519,
              36.03632842
            ],
            [
              127.00005058,
              36.03622014
            ],
            [
              127.00001817,
              36.03619929
            ],
            [
              126.999948,
              36.03614682
            ],
            [
              126.99991787,
              36.03612432
            ],
            [
              126.99990371,
              36.03611376
            ],
            [
              126.99990373,
              36.03611375
            ],
            [
              126.99984858,
              36.03607252
            ],
            [
              127.00018499,
              36.03576001
            ],
            [
              127.00041425,
              36.03557529
            ],
            [
              127.00054176,
              36.03546319
            ],
            [
              127.0005997,
              36.03541225
            ],
            [
              127.00073472,
              36.03528977
            ],
            [
              127.00073703,
              36.03528768
            ],
            [
              127.00082018,
              36.03521436
            ],
            [
              127.00087108,
              36.03516949
            ],
            [
              127.00087115,
              36.03516943
            ],
            [
              127.00121192,
              36.03486937
            ],
            [
              127.0014989,
              36.03461664
            ],
            [
              127.00150164,
              36.03461422
            ],
            [
              127.00152204,
              36.03459626
            ],
            [
              127.00201539,
              36.03416361
            ],
            [
              127.00240649,
              36.03381828
            ],
            [
              127.0027646,
              36.03350439
            ],
            [
              127.00303208,
              36.03326616
            ],
            [
              127.0033257,
              36.03300752
            ],
            [
              127.00334968,
              36.0329864
            ],
            [
              127.00336667,
              36.03297143
            ],
            [
              127.00338214,
              36.03295714
            ],
            [
              127.00379243,
              36.0325957
            ],
            [
              127.00404015,
              36.0323782
            ],
            [
              127.00433344,
              36.03211927
            ],
            [
              127.0043591,
              36.03209667
            ],
            [
              127.00426271,
              36.03202451
            ],
            [
              127.0042444,
              36.0320108
            ],
            [
              127.0041955,
              36.03197418
            ],
            [
              127.0041436,
              36.03193532
            ],
            [
              127.00407784,
              36.03188607
            ],
            [
              127.00403185,
              36.03185161
            ],
            [
              127.00397368,
              36.03180805
            ],
            [
              127.00395796,
              36.03179632
            ],
            [
              127.00395799,
              36.03179631
            ],
            [
              127.00390991,
              36.03176033
            ],
            [
              127.00390117,
              36.03175379
            ],
            [
              127.00383153,
              36.03170166
            ],
            [
              127.00380677,
              36.03168303
            ],
            [
              127.00378441,
              36.03166629
            ],
            [
              127.00361634,
              36.03154041
            ],
            [
              127.00348064,
              36.03143855
            ],
            [
              127.00333875,
              36.03133271
            ],
            [
              127.00320803,
              36.03123709
            ],
            [
              127.00321108,
              36.0311816
            ],
            [
              127.00317348,
              36.03117392
            ],
            [
              127.00317337,
              36.03117392
            ],
            [
              127.00312626,
              36.03117335
            ],
            [
              127.00249173,
              36.03069809
            ],
            [
              127.00241664,
              36.03064186
            ],
            [
              127.00236078,
              36.03060003
            ],
            [
              127.00236077,
              36.03060002
            ],
            [
              127.002286,
              36.03054402
            ],
            [
              127.00190485,
              36.03025858
            ],
            [
              127.00190484,
              36.03025858
            ],
            [
              127.00179547,
              36.03017667
            ],
            [
              127.00172583,
              36.03012451
            ],
            [
              127.00168017,
              36.03009033
            ],
            [
              127.00158907,
              36.03002209
            ],
            [
              127.0015682,
              36.03000646
            ],
            [
              127.00156819,
              36.03000645
            ],
            [
              127.00140025,
              36.02988068
            ],
            [
              127.00107726,
              36.02963877
            ],
            [
              127.00094503,
              36.02953973
            ],
            [
              127.00089445,
              36.02950185
            ],
            [
              127.00059148,
              36.02927531
            ],
            [
              127.00028654,
              36.0290474
            ],
            [
              127.0001118,
              36.02891675
            ],
            [
              126.99998993,
              36.02882565
            ],
            [
              126.99993616,
              36.02878545
            ],
            [
              126.99956125,
              36.02850505
            ],
            [
              126.99952058,
              36.02847462
            ],
            [
              126.99949241,
              36.02845355
            ],
            [
              126.99846138,
              36.02768232
            ],
            [
              126.99833122,
              36.02779678
            ],
            [
              126.99828979,
              36.02783321
            ],
            [
              126.99828568,
              36.02783683
            ],
            [
              126.99827233,
              36.02784856
            ],
            [
              126.99810952,
              36.02799174
            ],
            [
              126.99807154,
              36.02802521
            ],
            [
              126.9978406,
              36.02822883
            ],
            [
              126.99760359,
              36.02843777
            ],
            [
              126.99745694,
              36.02856703
            ],
            [
              126.99730995,
              36.02869658
            ],
            [
              126.9968871,
              36.02906835
            ],
            [
              126.996878,
              36.02907636
            ],
            [
              126.99686375,
              36.02908892
            ],
            [
              126.99683271,
              36.02911627
            ],
            [
              126.99676852,
              36.0291728
            ],
            [
              126.99664523,
              36.02928139
            ],
            [
              126.99659471,
              36.02932588
            ],
            [
              126.99655043,
              36.02932995
            ],
            [
              126.99654761,
              36.02936736
            ],
            [
              126.99651859,
              36.02939292
            ],
            [
              126.99647839,
              36.02940444
            ],
            [
              126.99650172,
              36.02940779
            ],
            [
              126.9963548,
              36.02953718
            ],
            [
              126.99623756,
              36.02964036
            ],
            [
              126.99622814,
              36.02964874
            ],
            [
              126.99615682,
              36.02971251
            ],
            [
              126.99600315,
              36.02984791
            ],
            [
              126.99591092,
              36.02992909
            ],
            [
              126.99579149,
              36.03003424
            ],
            [
              126.99565277,
              36.0301564
            ],
            [
              126.99562297,
              36.03017119
            ],
            [
              126.99561399,
              36.03019054
            ],
            [
              126.9955719,
              36.0302276
            ],
            [
              126.99557031,
              36.03022812
            ],
            [
              126.99542821,
              36.03035329
            ],
            [
              126.99542815,
              36.03035415
            ],
            [
              126.99535771,
              36.03041595
            ],
            [
              126.99534959,
              36.03042307
            ],
            [
              126.99508918,
              36.03065151
            ],
            [
              126.99508647,
              36.03065388
            ],
            [
              126.99492266,
              36.03079756
            ],
            [
              126.99476428,
              36.03093685
            ],
            [
              126.99465412,
              36.03103425
            ],
            [
              126.99453105,
              36.03114264
            ],
            [
              126.99452057,
              36.03114369
            ],
            [
              126.99452113,
              36.03115139
            ],
            [
              126.99428008,
              36.03136368
            ],
            [
              126.99427606,
              36.0313299
            ],
            [
              126.99427773,
              36.03130062
            ],
            [
              126.99422842,
              36.03140779
            ],
            [
              126.99419047,
              36.03144121
            ],
            [
              126.99385991,
              36.03173171
            ],
            [
              126.99354566,
              36.032008
            ],
            [
              126.9935166,
              36.03203221
            ],
            [
              126.99347019,
              36.03207387
            ],
            [
              126.99340015,
              36.03213672
            ],
            [
              126.99340016,
              36.03213672
            ],
            [
              126.99336005,
              36.03217272
            ],
            [
              126.99325182,
              36.03226643
            ],
            [
              126.99315097,
              36.03235517
            ],
            [
              126.99308603,
              36.0324123
            ],
            [
              126.99295533,
              36.03252732
            ],
            [
              126.99282504,
              36.03264199
            ],
            [
              126.99282504,
              36.03264197
            ],
            [
              126.99282508,
              36.03261457
            ],
            [
              126.99280672,
              36.03265812
            ],
            [
              126.99248328,
              36.03294289
            ],
            [
              126.99239355,
              36.0330219
            ],
            [
              126.9923756,
              36.03303773
            ],
            [
              126.99211293,
              36.03326912
            ],
            [
              126.99205034,
              36.03332125
            ],
            [
              126.99203542,
              36.03333368
            ],
            [
              126.99197127,
              36.03339685
            ],
            [
              126.99197117,
              36.03339695
            ],
            [
              126.99187688,
              36.03348166
            ],
            [
              126.99169418,
              36.03363819
            ],
            [
              126.99157486,
              36.03374337
            ],
            [
              126.9915137,
              36.033797
            ],
            [
              126.991497,
              36.03381201
            ],
            [
              126.9912744,
              36.03400833
            ],
            [
              126.99116688,
              36.03410316
            ],
            [
              126.99114806,
              36.03411296
            ],
            [
              126.99109637,
              36.03415181
            ],
            [
              126.99110421,
              36.03415846
            ],
            [
              126.99086012,
              36.03437386
            ],
            [
              126.99081884,
              36.0344103
            ],
            [
              126.99081491,
              36.03438025
            ],
            [
              126.99079627,
              36.03441202
            ],
            [
              126.99077971,
              36.03444021
            ],
            [
              126.99075839,
              36.0344276
            ],
            [
              126.99075219,
              36.03446911
            ],
            [
              126.9905995,
              36.03460594
            ],
            [
              126.99058226,
              36.03460388
            ],
            [
              126.99054989,
              36.03464771
            ],
            [
              126.9903678,
              36.03480853
            ],
            [
              126.99036534,
              36.0348107
            ],
            [
              126.99034627,
              36.03482888
            ],
            [
              126.99034273,
              36.034832
            ],
            [
              126.9903199,
              36.03485212
            ],
            [
              126.99018485,
              36.03497095
            ],
            [
              126.99018485,
              36.03497094
            ],
            [
              126.98986642,
              36.03525137
            ],
            [
              126.98984196,
              36.03527288
            ],
            [
              126.98958259,
              36.03550157
            ],
            [
              126.98951813,
              36.0355584
            ],
            [
              126.98945448,
              36.03561453
            ],
            [
              126.98939818,
              36.03566418
            ],
            [
              126.9893491,
              36.03570745
            ],
            [
              126.98906404,
              36.03595878
            ],
            [
              126.98893085,
              36.03607621
            ],
            [
              126.9887656,
              36.03622191
            ],
            [
              126.98874333,
              36.03624155
            ],
            [
              126.98862613,
              36.03634489
            ],
            [
              126.98850993,
              36.03625692
            ],
            [
              126.98845125,
              36.03621249
            ],
            [
              126.98844345,
              36.03620665
            ],
            [
              126.9884123,
              36.03618331
            ],
            [
              126.98830367,
              36.03610197
            ],
            [
              126.9878782,
              36.03578336
            ],
            [
              126.98749108,
              36.03549667
            ],
            [
              126.98734115,
              36.03538056
            ],
            [
              126.98724433,
              36.03530872
            ],
            [
              126.98723257,
              36.03525128
            ],
            [
              126.9871654,
              36.03524947
            ],
            [
              126.9869612,
              36.03509658
            ],
            [
              126.98662449,
              36.03484447
            ],
            [
              126.98657975,
              36.03481112
            ],
            [
              126.98657975,
              36.03481112
            ],
            [
              126.98650299,
              36.03475391
            ],
            [
              126.98620153,
              36.03452839
            ],
            [
              126.98610862,
              36.03445888
            ],
            [
              126.9860161,
              36.03438957
            ],
            [
              126.98590666,
              36.03430701
            ],
            [
              126.98590403,
              36.03430506
            ],
            [
              126.98572266,
              36.03417002
            ],
            [
              126.98569359,
              36.03414826
            ],
            [
              126.98546177,
              36.03397471
            ],
            [
              126.98512155,
              36.03427404
            ],
            [
              126.98475821,
              36.03459361
            ],
            [
              126.98474514,
              36.03460511
            ],
            [
              126.98435531,
              36.03494825
            ],
            [
              126.98434244,
              36.0349528
            ],
            [
              126.98425938,
              36.0349797
            ],
            [
              126.98425489,
              36.03499406
            ],
            [
              126.98428027,
              36.03501415
            ],
            [
              126.98407541,
              36.0351941
            ],
            [
              126.98399871,
              36.03526129
            ],
            [
              126.98378654,
              36.03544783
            ],
            [
              126.98368234,
              36.03553601
            ],
            [
              126.98360204,
              36.03560972
            ],
            [
              126.98356069,
              36.0356466
            ],
            [
              126.98353979,
              36.03566522
            ],
            [
              126.98349055,
              36.03570912
            ],
            [
              126.98348868,
              36.0357108
            ],
            [
              126.98344425,
              36.0357504
            ],
            [
              126.98310739,
              36.03604812
            ],
            [
              126.98309145,
              36.0360622
            ],
            [
              126.98297861,
              36.03615709
            ],
            [
              126.98271378,
              36.03638976
            ],
            [
              126.98235595,
              36.03670428
            ],
            [
              126.98223349,
              36.03681728
            ],
            [
              126.98222482,
              36.03682491
            ],
            [
              126.98219763,
              36.03684888
            ],
            [
              126.98212338,
              36.03691419
            ],
            [
              126.98210473,
              36.0369306
            ],
            [
              126.98210064,
              36.03693421
            ],
            [
              126.98208298,
              36.03694979
            ],
            [
              126.98207882,
              36.03695345
            ],
            [
              126.98193559,
              36.03707946
            ],
            [
              126.98189453,
              36.03711568
            ],
            [
              126.98185624,
              36.03714938
            ],
            [
              126.98146823,
              36.03749088
            ],
            [
              126.98142894,
              36.03752557
            ],
            [
              126.98136857,
              36.03757864
            ],
            [
              126.98133471,
              36.03760856
            ],
            [
              126.98071036,
              36.03815778
            ],
            [
              126.98068988,
              36.03817612
            ],
            [
              126.98059749,
              36.03825751
            ],
            [
              126.9805971,
              36.03825785
            ],
            [
              126.98058411,
              36.03826929
            ],
            [
              126.98050068,
              36.03834195
            ],
            [
              126.98049441,
              36.03834748
            ],
            [
              126.98051823,
              36.03836532
            ],
            [
              126.98171587,
              36.03926262
            ],
            [
              126.98199815,
              36.03947424
            ],
            [
              126.98232911,
              36.03972206
            ],
            [
              126.98275053,
              36.04003778
            ],
            [
              126.98277573,
              36.04005666
            ],
            [
              126.98291753,
              36.04005495
            ],
            [
              126.98299246,
              36.04005405
            ],
            [
              126.98309818,
              36.04005278
            ],
            [
              126.98309838,
              36.04005278
            ],
            [
              126.9831438,
              36.04005223
            ],
            [
              126.9831602,
              36.04005203
            ],
            [
              126.98317619,
              36.04005184
            ],
            [
              126.98318436,
              36.04005184
            ],
            [
              126.98326401,
              36.04005086
            ],
            [
              126.98326435,
              36.04005086
            ],
            [
              126.98353276,
              36.04004756
            ],
            [
              126.9835464,
              36.04004739
            ],
            [
              126.983573,
              36.04006468
            ],
            [
              126.98360397,
              36.04004675
            ],
            [
              126.9837634,
              36.04004648
            ],
            [
              126.98399483,
              36.04005634
            ],
            [
              126.98403122,
              36.04005593
            ],
            [
              126.98411442,
              36.040055
            ],
            [
              126.98431971,
              36.04006235
            ],
            [
              126.98438848,
              36.04022144
            ],
            [
              126.98438355,
              36.04022805
            ],
            [
              126.98436529,
              36.0402529
            ],
            [
              126.98435893,
              36.04026156
            ],
            [
              126.98423186,
              36.04034211
            ],
            [
              126.98404337,
              36.04063102
            ],
            [
              126.98399574,
              36.04074628
            ],
            [
              126.9839165,
              36.04079607
            ],
            [
              126.98384015,
              36.04084404
            ],
            [
              126.9834047,
              36.04090363
            ],
            [
              126.9832561,
              36.04100824
            ],
            [
              126.98325962,
              36.04110801
            ],
            [
              126.98330954,
              36.04119552
            ],
            [
              126.98331108,
              36.04119724
            ],
            [
              126.98339068,
              36.04128549
            ],
            [
              126.98340419,
              36.04130046
            ],
            [
              126.98343823,
              36.04133821
            ],
            [
              126.98368643,
              36.04147586
            ],
            [
              126.98378623,
              36.04149208
            ],
            [
              126.9838185,
              36.04149733
            ],
            [
              126.9838501,
              36.04150247
            ],
            [
              126.9839234,
              36.04167042
            ],
            [
              126.98398097,
              36.04180233
            ],
            [
              126.98372458,
              36.04205229
            ],
            [
              126.98372251,
              36.04207694
            ],
            [
              126.98371638,
              36.04214986
            ],
            [
              126.98371624,
              36.0421516
            ],
            [
              126.9837669,
              36.04235574
            ],
            [
              126.98376519,
              36.04238376
            ],
            [
              126.9837453,
              36.04270947
            ],
            [
              126.98374375,
              36.04273474
            ],
            [
              126.98374054,
              36.04278728
            ],
            [
              126.98374017,
              36.04279336
            ],
            [
              126.98375654,
              36.04304373
            ],
            [
              126.98403828,
              36.04342132
            ],
            [
              126.9841051,
              36.04351088
            ],
            [
              126.98414811,
              36.04354311
            ],
            [
              126.98414856,
              36.04354346
            ],
            [
              126.98446809,
              36.043783
            ],
            [
              126.98507742,
              36.04423978
            ],
            [
              126.98539492,
              36.04447779
            ],
            [
              126.98541656,
              36.04449451
            ],
            [
              126.98553675,
              36.04458412
            ],
            [
              126.98565191,
              36.04467042
            ],
            [
              126.98602639,
              36.04495116
            ],
            [
              126.9860834,
              36.04513712
            ],
            [
              126.98612687,
              36.04512996
            ],
            [
              126.98612997,
              36.04512945
            ],
            [
              126.98614012,
              36.045159
            ],
            [
              126.98627395,
              36.04513672
            ],
            [
              126.98629844,
              36.04515509
            ],
            [
              126.98631356,
              36.04516643
            ],
            [
              126.98643001,
              36.04525371
            ],
            [
              126.98645333,
              36.04527119
            ],
            [
              126.98685206,
              36.04521221
            ],
            [
              126.98708345,
              36.04517457
            ],
            [
              126.98734846,
              36.0451326
            ],
            [
              126.98752402,
              36.04510432
            ],
            [
              126.98779391,
              36.0450647
            ],
            [
              126.98803584,
              36.04502138
            ],
            [
              126.98807312,
              36.04501535
            ],
            [
              126.98813394,
              36.04500337
            ],
            [
              126.98818987,
              36.04499742
            ],
            [
              126.98820063,
              36.04499616
            ],
            [
              126.98831571,
              36.04498194
            ],
            [
              126.98832925,
              36.04497933
            ],
            [
              126.98848118,
              36.04495582
            ],
            [
              126.98865696,
              36.04492592
            ],
            [
              126.98871744,
              36.04491601
            ],
            [
              126.98885609,
              36.04489525
            ],
            [
              126.98889067,
              36.04489007
            ],
            [
              126.98890593,
              36.04490151
            ],
            [
              126.98894935,
              36.04493403
            ],
            [
              126.98901527,
              36.0449834
            ],
            [
              126.98908984,
              36.04503926
            ],
            [
              126.98917817,
              36.04510542
            ],
            [
              126.98923504,
              36.04514803
            ],
            [
              126.98938523,
              36.04526052
            ],
            [
              126.98958631,
              36.04541115
            ],
            [
              126.98973159,
              36.04551997
            ],
            [
              126.98975763,
              36.04553947
            ],
            [
              126.98977513,
              36.04555259
            ],
            [
              126.98979054,
              36.04556413
            ],
            [
              126.98982437,
              36.04558947
            ],
            [
              126.9898694,
              36.0456232
            ],
            [
              126.98989116,
              36.0456395
            ],
            [
              126.98997118,
              36.04569943
            ],
            [
              126.98997117,
              36.04569944
            ],
            [
              126.98999968,
              36.04572079
            ],
            [
              126.99007048,
              36.04577382
            ],
            [
              126.99040286,
              36.04581776
            ],
            [
              126.99050158,
              36.0458406
            ],
            [
              126.99112224,
              36.04598416
            ],
            [
              126.99116055,
              36.04599302
            ],
            [
              126.99123162,
              36.04600946
            ],
            [
              126.99133319,
              36.04603295
            ],
            [
              126.99150141,
              36.04607186
            ],
            [
              126.99194479,
              36.04617442
            ],
            [
              126.99232388,
              36.04628299
            ],
            [
              126.99247114,
              36.04632491
            ],
            [
              126.99255285,
              36.04635291
            ],
            [
              126.99269117,
              36.0463811
            ],
            [
              126.99278583,
              36.04641852
            ],
            [
              126.99304922,
              36.04658735
            ],
            [
              126.99313377,
              36.0466803
            ],
            [
              126.99320281,
              36.04676533
            ],
            [
              126.99325477,
              36.04684209
            ],
            [
              126.99328308,
              36.04686096
            ],
            [
              126.99329849,
              36.04689726
            ],
            [
              126.99346108,
              36.04728227
            ],
            [
              126.99347578,
              36.04732382
            ],
            [
              126.99348515,
              36.04735026
            ],
            [
              126.9938185,
              36.04737053
            ],
            [
              126.99403159,
              36.04738291
            ],
            [
              126.99414522,
              36.04738958
            ],
            [
              126.99447752,
              36.04740954
            ],
            [
              126.99480262,
              36.0474293
            ],
            [
              126.99516436,
              36.04744978
            ],
            [
              126.99521841,
              36.04744979
            ],
            [
              126.99538153,
              36.04745097
            ],
            [
              126.99542742,
              36.04745129
            ],
            [
              126.99548221,
              36.04745465
            ],
            [
              126.99565222,
              36.04746506
            ],
            [
              126.99581257,
              36.04747488
            ],
            [
              126.99614432,
              36.04749502
            ],
            [
              126.99625604,
              36.04750217
            ],
            [
              126.9963305,
              36.04750671
            ],
            [
              126.9964531,
              36.04763539
            ],
            [
              126.9964679,
              36.04765209
            ],
            [
              126.99657017,
              36.04776751
            ],
            [
              126.9966614,
              36.04787836
            ],
            [
              126.99668158,
              36.04790288
            ],
            [
              126.99676476,
              36.04801211
            ],
            [
              126.996787,
              36.04804131
            ],
            [
              126.99688643,
              36.04818272
            ],
            [
              126.99697975,
              36.04832682
            ],
            [
              126.99703301,
              36.0484166
            ],
            [
              126.99706675,
              36.04847346
            ],
            [
              126.99711766,
              36.04856735
            ],
            [
              126.99714753,
              36.04862243
            ],
            [
              126.99716501,
              36.04865803
            ],
            [
              126.99716595,
              36.04866083
            ],
            [
              126.99722176,
              36.04877366
            ],
            [
              126.99728591,
              36.04891884
            ],
            [
              126.99728945,
              36.04892687
            ],
            [
              126.99731442,
              36.04899028
            ],
            [
              126.99735048,
              36.04908188
            ],
            [
              126.99738069,
              36.04916892
            ],
            [
              126.99737994,
              36.04917093
            ],
            [
              126.99738156,
              36.04917147
            ],
            [
              126.9973915,
              36.04920012
            ],
            [
              126.99739944,
              36.04922299
            ],
            [
              126.99740485,
              36.0492386
            ],
            [
              126.99745256,
              36.04939677
            ],
            [
              126.99749329,
              36.04955611
            ],
            [
              126.99751636,
              36.04966155
            ],
            [
              126.99759194,
              36.04959501
            ],
            [
              126.99764889,
              36.04954486
            ],
            [
              126.99771783,
              36.04948413
            ],
            [
              126.99784506,
              36.04937212
            ],
            [
              126.99793869,
              36.04928967
            ],
            [
              126.99795247,
              36.04927753
            ],
            [
              126.99796948,
              36.04926254
            ],
            [
              126.99798874,
              36.04924559
            ],
            [
              126.99805933,
              36.04918343
            ],
            [
              126.99807129,
              36.04917291
            ],
            [
              126.99815713,
              36.04909732
            ]
          ]
        ]
      }
    },
    {
      "type": "Feature",
      "id": "245190",
      "properties": {
        "dan_id": "245190",
        "name": "익산4",
        "city": "익산시",
        "zone_type_code": "2",
        "zone_type": "일반산업단지",
        "source_updated": "2026-04-07"
      },
      "geometry": {
        "type": "Polygon",
        "coordinates": [
          [
            [
              126.94970606,
              36.0321484
            ],
            [
              126.94984454,
              36.03228928
            ],
            [
              126.94998216,
              36.03243073
            ],
            [
              126.95012153,
              36.03257101
            ],
            [
              126.95019888,
              36.03264928
            ],
            [
              126.95026363,
              36.03270945
            ],
            [
              126.95036798,
              36.03280715
            ],
            [
              126.95059758,
              36.0330375
            ],
            [
              126.95072157,
              36.03315573
            ],
            [
              126.95074772,
              36.03318416
            ],
            [
              126.95076301,
              36.03319525
            ],
            [
              126.95076952,
              36.03319997
            ],
            [
              126.95076848,
              36.03320045
            ],
            [
              126.95074945,
              36.03320938
            ],
            [
              126.95068236,
              36.03324083
            ],
            [
              126.95078093,
              36.03334143
            ],
            [
              126.95084888,
              36.03334117
            ],
            [
              126.95088209,
              36.03335811
            ],
            [
              126.95102039,
              36.03346408
            ],
            [
              126.95103694,
              36.03347872
            ],
            [
              126.95105129,
              36.03349143
            ],
            [
              126.95102005,
              36.03354839
            ],
            [
              126.95104667,
              36.03357313
            ],
            [
              126.95114264,
              36.03364769
            ],
            [
              126.95117755,
              36.03367797
            ],
            [
              126.95122998,
              36.03373837
            ],
            [
              126.95134646,
              36.03387537
            ],
            [
              126.95147256,
              36.0340015
            ],
            [
              126.95158177,
              36.03411316
            ],
            [
              126.95173673,
              36.03427024
            ],
            [
              126.95192133,
              36.03445946
            ],
            [
              126.95199919,
              36.03453901
            ],
            [
              126.95202519,
              36.03456529
            ],
            [
              126.95203077,
              36.03457271
            ],
            [
              126.95206378,
              36.03460795
            ],
            [
              126.95209648,
              36.03466216
            ],
            [
              126.95209919,
              36.03465483
            ],
            [
              126.95214695,
              36.03472661
            ],
            [
              126.95225495,
              36.03488835
            ],
            [
              126.95235189,
              36.03505051
            ],
            [
              126.95240565,
              36.03514412
            ],
            [
              126.95248718,
              36.03528004
            ],
            [
              126.95243088,
              36.03513456
            ],
            [
              126.95238527,
              36.03503787
            ],
            [
              126.95230576,
              36.03486934
            ],
            [
              126.95225953,
              36.03479399
            ],
            [
              126.95220317,
              36.03470212
            ],
            [
              126.95217076,
              36.0346534
            ],
            [
              126.95214799,
              36.03461917
            ],
            [
              126.95212377,
              36.03460361
            ],
            [
              126.95211952,
              36.03459982
            ],
            [
              126.95213025,
              36.03457075
            ],
            [
              126.95211487,
              36.03454399
            ],
            [
              126.95211566,
              36.03454297
            ],
            [
              126.95214102,
              36.03449691
            ],
            [
              126.9521066,
              36.03448442
            ],
            [
              126.95210418,
              36.03448483
            ],
            [
              126.95204391,
              36.03441168
            ],
            [
              126.95200353,
              36.03432413
            ],
            [
              126.95144238,
              36.03374469
            ],
            [
              126.95137051,
              36.0336332
            ],
            [
              126.95136971,
              36.03361276
            ],
            [
              126.95141023,
              36.03351086
            ],
            [
              126.95175792,
              36.03306616
            ],
            [
              126.95180527,
              36.03297862
            ],
            [
              126.95185111,
              36.03292082
            ],
            [
              126.95185418,
              36.03291714
            ],
            [
              126.95187497,
              36.03291647
            ],
            [
              126.95204336,
              36.03291105
            ],
            [
              126.95230638,
              36.03306941
            ],
            [
              126.95235418,
              36.03309819
            ],
            [
              126.95246172,
              36.03318491
            ],
            [
              126.9524905,
              36.03322699
            ],
            [
              126.95264648,
              36.03332704
            ],
            [
              126.95281522,
              36.03344514
            ],
            [
              126.95289765,
              36.03349364
            ],
            [
              126.95294133,
              36.03351935
            ],
            [
              126.95299569,
              36.03355133
            ],
            [
              126.95318676,
              36.03364543
            ],
            [
              126.95338053,
              36.03373595
            ],
            [
              126.95344623,
              36.03376688
            ],
            [
              126.95349543,
              36.03379004
            ],
            [
              126.95352746,
              36.03380511
            ],
            [
              126.95356188,
              36.03382132
            ],
            [
              126.95357479,
              36.03384304
            ],
            [
              126.95358783,
              36.03383927
            ],
            [
              126.95359542,
              36.03384549
            ],
            [
              126.95360352,
              36.03385213
            ],
            [
              126.95366074,
              36.03389901
            ],
            [
              126.95366142,
              36.03389883
            ],
            [
              126.95370727,
              36.03393639
            ],
            [
              126.95372641,
              36.03394792
            ],
            [
              126.95372572,
              36.03394812
            ],
            [
              126.95383578,
              36.03401376
            ],
            [
              126.95391313,
              36.03404659
            ],
            [
              126.95403366,
              36.03409785
            ],
            [
              126.95407731,
              36.03411653
            ],
            [
              126.95415198,
              36.03414522
            ],
            [
              126.95416194,
              36.03414872
            ],
            [
              126.954228,
              36.03417188
            ],
            [
              126.95430545,
              36.03419524
            ],
            [
              126.95435549,
              36.03421033
            ],
            [
              126.95435521,
              36.03420968
            ],
            [
              126.9543856,
              36.0342189
            ],
            [
              126.95438676,
              36.03421925
            ],
            [
              126.95442915,
              36.0342321
            ],
            [
              126.95469478,
              36.03431264
            ],
            [
              126.95470412,
              36.03431547
            ],
            [
              126.95479046,
              36.03433323
            ],
            [
              126.95479629,
              36.0343263
            ],
            [
              126.95481179,
              36.03433762
            ],
            [
              126.95504133,
              36.03438482
            ],
            [
              126.95510354,
              36.03439762
            ],
            [
              126.95519069,
              36.03441554
            ],
            [
              126.9553007,
              36.03443817
            ],
            [
              126.95540629,
              36.03445989
            ],
            [
              126.95545734,
              36.03447036
            ],
            [
              126.95556031,
              36.03449156
            ],
            [
              126.9558373,
              36.03454853
            ],
            [
              126.95598535,
              36.03457897
            ],
            [
              126.95603489,
              36.03458916
            ],
            [
              126.95609276,
              36.03459071
            ],
            [
              126.9563055,
              36.03463537
            ],
            [
              126.95636269,
              36.03465657
            ],
            [
              126.95642187,
              36.03466874
            ],
            [
              126.95657847,
              36.03470094
            ],
            [
              126.95660695,
              36.0347068
            ],
            [
              126.95660783,
              36.03470535
            ],
            [
              126.95661039,
              36.03470751
            ],
            [
              126.95666961,
              36.03471969
            ],
            [
              126.95679426,
              36.03474532
            ],
            [
              126.95689247,
              36.03476551
            ],
            [
              126.95694012,
              36.03477531
            ],
            [
              126.95704229,
              36.03479632
            ],
            [
              126.95716988,
              36.03482256
            ],
            [
              126.95726161,
              36.03484143
            ],
            [
              126.9572862,
              36.0348431
            ],
            [
              126.95734739,
              36.03484726
            ],
            [
              126.95740341,
              36.03485107
            ],
            [
              126.95743558,
              36.03485325
            ],
            [
              126.95752714,
              36.03487186
            ],
            [
              126.95757087,
              36.03488085
            ],
            [
              126.95768509,
              36.03490434
            ],
            [
              126.9577209,
              36.03491171
            ],
            [
              126.95807283,
              36.03498453
            ],
            [
              126.95823936,
              36.03501878
            ],
            [
              126.95827139,
              36.03502955
            ],
            [
              126.95844674,
              36.03508855
            ],
            [
              126.95846625,
              36.03509136
            ],
            [
              126.95847596,
              36.03509589
            ],
            [
              126.95847732,
              36.03509519
            ],
            [
              126.95860625,
              36.03511373
            ],
            [
              126.95866948,
              36.03512282
            ],
            [
              126.95867883,
              36.03512416
            ],
            [
              126.95882495,
              36.03514517
            ],
            [
              126.95885388,
              36.03514933
            ],
            [
              126.95888859,
              36.03515432
            ],
            [
              126.95895097,
              36.03516739
            ],
            [
              126.95895503,
              36.03516824
            ],
            [
              126.95906254,
              36.03519076
            ],
            [
              126.95906654,
              36.0351916
            ],
            [
              126.95915431,
              36.03520999
            ],
            [
              126.95925997,
              36.03523213
            ],
            [
              126.95948457,
              36.03511591
            ],
            [
              126.95982234,
              36.03494112
            ],
            [
              126.96033413,
              36.03467626
            ],
            [
              126.96063516,
              36.03452048
            ],
            [
              126.96063982,
              36.03451807
            ],
            [
              126.96087025,
              36.03439882
            ],
            [
              126.96087407,
              36.03439684
            ],
            [
              126.96110336,
              36.03427819
            ],
            [
              126.96110604,
              36.0342768
            ],
            [
              126.96123589,
              36.0342096
            ],
            [
              126.9614049,
              36.03412214
            ],
            [
              126.9614083,
              36.03412018
            ],
            [
              126.96140868,
              36.03411959
            ],
            [
              126.96149034,
              36.03407282
            ],
            [
              126.96159282,
              36.03400885
            ],
            [
              126.96169306,
              36.03394629
            ],
            [
              126.96174227,
              36.03391548
            ],
            [
              126.9619936,
              36.0337854
            ],
            [
              126.96211579,
              36.03372218
            ],
            [
              126.96220215,
              36.03367748
            ],
            [
              126.96231139,
              36.03362095
            ],
            [
              126.96249715,
              36.03352481
            ],
            [
              126.96260183,
              36.03347064
            ],
            [
              126.96266047,
              36.03344029
            ],
            [
              126.96267597,
              36.03343227
            ],
            [
              126.96276388,
              36.03338677
            ],
            [
              126.9630238,
              36.03325225
            ],
            [
              126.96306051,
              36.03318581
            ],
            [
              126.96308778,
              36.03311643
            ],
            [
              126.96309188,
              36.03307067
            ],
            [
              126.9630848,
              36.03301849
            ],
            [
              126.96306618,
              36.03296983
            ],
            [
              126.9630349,
              36.03290901
            ],
            [
              126.96290777,
              36.0326618
            ],
            [
              126.9628545,
              36.03255822
            ],
            [
              126.96281693,
              36.03248517
            ],
            [
              126.96276461,
              36.03241847
            ],
            [
              126.96259459,
              36.03220174
            ],
            [
              126.96256359,
              36.0321622
            ],
            [
              126.96238834,
              36.03193879
            ],
            [
              126.96236459,
              36.03190853
            ],
            [
              126.96216377,
              36.03165251
            ],
            [
              126.96203539,
              36.03148883
            ],
            [
              126.96195587,
              36.03138738
            ],
            [
              126.96180351,
              36.03119314
            ],
            [
              126.96161164,
              36.03094855
            ],
            [
              126.96157497,
              36.03090183
            ],
            [
              126.96134232,
              36.03060522
            ],
            [
              126.96135012,
              36.03058858
            ],
            [
              126.96133324,
              36.03059365
            ],
            [
              126.96127979,
              36.030528
            ],
            [
              126.96117654,
              36.03039603
            ],
            [
              126.9611352,
              36.0303432
            ],
            [
              126.96056794,
              36.02961811
            ],
            [
              126.96055484,
              36.0295962
            ],
            [
              126.96049935,
              36.02952135
            ],
            [
              126.96046251,
              36.02948335
            ],
            [
              126.96043254,
              36.02944505
            ],
            [
              126.96037683,
              36.02937384
            ],
            [
              126.96035704,
              36.02934855
            ],
            [
              126.96032948,
              36.02931892
            ],
            [
              126.96026648,
              36.02925119
            ],
            [
              126.96019812,
              36.02917769
            ],
            [
              126.96013759,
              36.02911262
            ],
            [
              126.96007456,
              36.0290404
            ],
            [
              126.95991606,
              36.02883733
            ],
            [
              126.95985471,
              36.02870879
            ],
            [
              126.95981669,
              36.02866031
            ],
            [
              126.95981894,
              36.02864238
            ],
            [
              126.95980783,
              36.02864902
            ],
            [
              126.95971209,
              36.02852696
            ],
            [
              126.9596975,
              36.02849964
            ],
            [
              126.95969683,
              36.02845484
            ],
            [
              126.95971604,
              36.02842055
            ],
            [
              126.95976556,
              36.02838876
            ],
            [
              126.95984754,
              36.02836171
            ],
            [
              126.96008546,
              36.02828055
            ],
            [
              126.96017865,
              36.02824903
            ],
            [
              126.96032727,
              36.02817799
            ],
            [
              126.96046251,
              36.02812654
            ],
            [
              126.96049191,
              36.02811379
            ],
            [
              126.96073144,
              36.02803277
            ],
            [
              126.96094643,
              36.02794866
            ],
            [
              126.96101704,
              36.02791446
            ],
            [
              126.96111177,
              36.02786265
            ],
            [
              126.96119311,
              36.02781209
            ],
            [
              126.96127314,
              36.02775609
            ],
            [
              126.96128677,
              36.02774478
            ],
            [
              126.961365,
              36.02767426
            ],
            [
              126.96148186,
              36.02757193
            ],
            [
              126.96157332,
              36.02746645
            ],
            [
              126.96168828,
              36.02729631
            ],
            [
              126.96176926,
              36.02712764
            ],
            [
              126.96182195,
              36.02695904
            ],
            [
              126.96155468,
              36.02691732
            ],
            [
              126.96149479,
              36.02690677
            ],
            [
              126.9613462,
              36.02688008
            ],
            [
              126.96135667,
              36.02689213
            ],
            [
              126.96133077,
              36.02690859
            ],
            [
              126.96132512,
              36.02691978
            ],
            [
              126.9613488,
              36.02696721
            ],
            [
              126.96130003,
              36.0271865
            ],
            [
              126.9612676,
              36.02721809
            ],
            [
              126.96126486,
              36.02729941
            ],
            [
              126.96124382,
              36.02737326
            ],
            [
              126.96121426,
              36.02742793
            ],
            [
              126.96116952,
              36.02748262
            ],
            [
              126.96104935,
              36.0275803
            ],
            [
              126.96092238,
              36.02766269
            ],
            [
              126.96063632,
              36.0277924
            ],
            [
              126.96054172,
              36.02782363
            ],
            [
              126.96053887,
              36.02782266
            ],
            [
              126.96053577,
              36.02782564
            ],
            [
              126.9600074,
              36.02800435
            ],
            [
              126.95998882,
              36.02801063
            ],
            [
              126.95981668,
              36.02806886
            ],
            [
              126.95964944,
              36.02812542
            ],
            [
              126.95962682,
              36.02813306
            ],
            [
              126.95945332,
              36.02819172
            ],
            [
              126.95935514,
              36.02822493
            ],
            [
              126.95929101,
              36.02824662
            ],
            [
              126.9590058,
              36.02834309
            ],
            [
              126.95852201,
              36.02850672
            ],
            [
              126.95823731,
              36.02860301
            ],
            [
              126.95791935,
              36.02871055
            ],
            [
              126.95784225,
              36.02873662
            ],
            [
              126.9577139,
              36.02878003
            ],
            [
              126.95763102,
              36.02880807
            ],
            [
              126.95755133,
              36.02883502
            ],
            [
              126.95754791,
              36.02883105
            ],
            [
              126.95752788,
              36.02884295
            ],
            [
              126.9570434,
              36.0290068
            ],
            [
              126.95696792,
              36.02903233
            ],
            [
              126.95623956,
              36.02927866
            ],
            [
              126.95613506,
              36.029314
            ],
            [
              126.95590452,
              36.02939197
            ],
            [
              126.95584191,
              36.02941313
            ],
            [
              126.95563029,
              36.02948471
            ],
            [
              126.95528867,
              36.02959998
            ],
            [
              126.95519914,
              36.02963166
            ],
            [
              126.95509056,
              36.02967208
            ],
            [
              126.95494984,
              36.02972784
            ],
            [
              126.95480439,
              36.02978959
            ],
            [
              126.95471081,
              36.02983165
            ],
            [
              126.95461904,
              36.02987473
            ],
            [
              126.95441061,
              36.02994739
            ],
            [
              126.95433037,
              36.02999014
            ],
            [
              126.95421707,
              36.0300532
            ],
            [
              126.95415024,
              36.03011145
            ],
            [
              126.95368444,
              36.03041378
            ],
            [
              126.95362732,
              36.03045439
            ],
            [
              126.95358581,
              36.03048389
            ],
            [
              126.95348249,
              36.03055976
            ],
            [
              126.95342219,
              36.03060758
            ],
            [
              126.95334804,
              36.0306664
            ],
            [
              126.9532682,
              36.03073335
            ],
            [
              126.95318836,
              36.03080031
            ],
            [
              126.95305413,
              36.03095188
            ],
            [
              126.95293778,
              36.03107461
            ],
            [
              126.9529145,
              36.03109916
            ],
            [
              126.95287571,
              36.03114363
            ],
            [
              126.9527822,
              36.03125082
            ],
            [
              126.95271307,
              36.03136422
            ],
            [
              126.95269229,
              36.03139008
            ],
            [
              126.95254734,
              36.03157397
            ],
            [
              126.95237004,
              36.0318014
            ],
            [
              126.952364,
              36.03180925
            ],
            [
              126.9523105,
              36.03187885
            ],
            [
              126.95224286,
              36.03197098
            ],
            [
              126.95221478,
              36.03200924
            ],
            [
              126.95214192,
              36.03211112
            ],
            [
              126.95178461,
              36.03256288
            ],
            [
              126.95178081,
              36.03256766
            ],
            [
              126.95170401,
              36.03250681
            ],
            [
              126.95163183,
              36.03263427
            ],
            [
              126.95171085,
              36.03265578
            ],
            [
              126.95161532,
              36.03277611
            ],
            [
              126.95147746,
              36.03295207
            ],
            [
              126.9514726,
              36.0329571
            ],
            [
              126.9514055,
              36.0330265
            ],
            [
              126.95137052,
              36.03305845
            ],
            [
              126.95125998,
              36.03319436
            ],
            [
              126.95123189,
              36.03323122
            ],
            [
              126.9512032,
              36.03326886
            ],
            [
              126.95113396,
              36.03330763
            ],
            [
              126.95104903,
              36.03332738
            ],
            [
              126.95103878,
              36.03331959
            ],
            [
              126.95101527,
              36.03330172
            ],
            [
              126.95099272,
              36.03328458
            ],
            [
              126.95098432,
              36.03327819
            ],
            [
              126.95098204,
              36.03327646
            ],
            [
              126.95090295,
              36.03322302
            ],
            [
              126.95089998,
              36.03321863
            ],
            [
              126.95087857,
              36.03318885
            ],
            [
              126.95085591,
              36.03315705
            ],
            [
              126.95084878,
              36.03316137
            ],
            [
              126.95083408,
              36.0331468
            ],
            [
              126.95082838,
              36.03314114
            ],
            [
              126.9508245,
              36.03313746
            ],
            [
              126.95083422,
              36.03313171
            ],
            [
              126.95083523,
              36.03312841
            ],
            [
              126.95083628,
              36.03312762
            ],
            [
              126.95084236,
              36.03312422
            ],
            [
              126.95084931,
              36.03309472
            ],
            [
              126.95080328,
              36.03304863
            ],
            [
              126.95065392,
              36.0329048
            ],
            [
              126.95062452,
              36.03291978
            ],
            [
              126.95061983,
              36.03292246
            ],
            [
              126.95061429,
              36.03292551
            ],
            [
              126.95060781,
              36.0329193
            ],
            [
              126.9506037,
              36.03291434
            ],
            [
              126.95058494,
              36.03289197
            ],
            [
              126.95056623,
              36.03286962
            ],
            [
              126.95054756,
              36.03284723
            ],
            [
              126.95052884,
              36.03282491
            ],
            [
              126.95049181,
              36.03278002
            ],
            [
              126.95047263,
              36.03275671
            ],
            [
              126.95026219,
              36.03255437
            ],
            [
              126.95024597,
              36.03252403
            ],
            [
              126.95006619,
              36.03237343
            ],
            [
              126.94991355,
              36.03224214
            ],
            [
              126.94976115,
              36.03211139
            ],
            [
              126.94970606,
              36.0321484
            ]
          ]
        ]
      }
    },
    {
      "type": "Feature",
      "id": "445130",
      "properties": {
        "dan_id": "445130",
        "name": "낭산",
        "city": "익산시",
        "zone_type_code": "4",
        "zone_type": "농공단지",
        "source_updated": "2026-04-07"
      },
      "geometry": {
        "type": "Polygon",
        "coordinates": [
          [
            [
              127.0337676,
              36.0755858
            ],
            [
              127.03397523,
              36.07555739
            ],
            [
              127.03406589,
              36.07555008
            ],
            [
              127.03423231,
              36.07552933
            ],
            [
              127.03447919,
              36.07549925
            ],
            [
              127.03453471,
              36.07549244
            ],
            [
              127.03457172,
              36.07548789
            ],
            [
              127.0348658,
              36.07544285
            ],
            [
              127.03493549,
              36.07542637
            ],
            [
              127.03497324,
              36.07541934
            ],
            [
              127.03512128,
              36.07539332
            ],
            [
              127.0352835,
              36.07536482
            ],
            [
              127.03534399,
              36.07535191
            ],
            [
              127.03567425,
              36.07529819
            ],
            [
              127.03646238,
              36.07516999
            ],
            [
              127.03687201,
              36.0751423
            ],
            [
              127.03705066,
              36.07513865
            ],
            [
              127.03707564,
              36.07513814
            ],
            [
              127.03714977,
              36.07513663
            ],
            [
              127.03711456,
              36.07509588
            ],
            [
              127.03710048,
              36.07507961
            ],
            [
              127.03707057,
              36.075045
            ],
            [
              127.03645037,
              36.07436314
            ],
            [
              127.0361387,
              36.07401672
            ],
            [
              127.03594802,
              36.07381444
            ],
            [
              127.0355351,
              36.0733765
            ],
            [
              127.03484072,
              36.07264003
            ],
            [
              127.03476188,
              36.07255641
            ],
            [
              127.03472312,
              36.07251731
            ],
            [
              127.03468625,
              36.07247938
            ],
            [
              127.03466881,
              36.07245946
            ],
            [
              127.03447581,
              36.07226049
            ],
            [
              127.03440882,
              36.07219142
            ],
            [
              127.03429982,
              36.07208139
            ],
            [
              127.0340674,
              36.07184676
            ],
            [
              127.03393866,
              36.07171678
            ],
            [
              127.03377436,
              36.07155092
            ],
            [
              127.03329249,
              36.07195378
            ],
            [
              127.03256523,
              36.07256179
            ],
            [
              127.03254323,
              36.07258017
            ],
            [
              127.03240055,
              36.0724469
            ],
            [
              127.03224307,
              36.07257549
            ],
            [
              127.03206683,
              36.07247878
            ],
            [
              127.03201113,
              36.07243734
            ],
            [
              127.03192851,
              36.07229338
            ],
            [
              127.03187905,
              36.07220613
            ],
            [
              127.03176747,
              36.07223073
            ],
            [
              127.0316145,
              36.07224849
            ],
            [
              127.0314663,
              36.07222816
            ],
            [
              127.03131703,
              36.07262464
            ],
            [
              127.03127213,
              36.07279291
            ],
            [
              127.03120983,
              36.07302976
            ],
            [
              127.03120376,
              36.07312214
            ],
            [
              127.03127628,
              36.07320395
            ],
            [
              127.03134385,
              36.07328181
            ],
            [
              127.03151299,
              36.07347672
            ],
            [
              127.0318387,
              36.07385205
            ],
            [
              127.03186039,
              36.07387725
            ],
            [
              127.03205439,
              36.07410256
            ],
            [
              127.03214289,
              36.07420534
            ],
            [
              127.03232635,
              36.0744172
            ],
            [
              127.03234909,
              36.07444328
            ],
            [
              127.0325445,
              36.07466729
            ],
            [
              127.03260746,
              36.07470152
            ],
            [
              127.03265099,
              36.07473333
            ],
            [
              127.03292898,
              36.07505571
            ],
            [
              127.03324249,
              36.0754173
            ],
            [
              127.03329083,
              36.07546873
            ],
            [
              127.03332918,
              36.07550409
            ],
            [
              127.03360548,
              36.07556376
            ],
            [
              127.0337676,
              36.0755858
            ]
          ]
        ]
      }
    },
    {
      "type": "Feature",
      "id": "445140",
      "properties": {
        "dan_id": "445140",
        "name": "삼기",
        "city": "익산시",
        "zone_type_code": "4",
        "zone_type": "농공단지",
        "source_updated": "2026-04-07"
      },
      "geometry": {
        "type": "Polygon",
        "coordinates": [
          [
            [
              127.01107721,
              36.02777299
            ],
            [
              127.01136976,
              36.02775977
            ],
            [
              127.01160701,
              36.0277512
            ],
            [
              127.01187279,
              36.02774167
            ],
            [
              127.01189659,
              36.02774114
            ],
            [
              127.01261126,
              36.02742651
            ],
            [
              127.01259572,
              36.02741842
            ],
            [
              127.01264987,
              36.02739418
            ],
            [
              127.01308653,
              36.02719727
            ],
            [
              127.01324531,
              36.0271267
            ],
            [
              127.01322507,
              36.02675507
            ],
            [
              127.01320396,
              36.0263757
            ],
            [
              127.01320287,
              36.0263533
            ],
            [
              127.01317057,
              36.02568769
            ],
            [
              127.01312413,
              36.0248212
            ],
            [
              127.01270539,
              36.02483341
            ],
            [
              127.01248741,
              36.02484012
            ],
            [
              127.0123198,
              36.02484808
            ],
            [
              127.01211763,
              36.02485693
            ],
            [
              127.0120218,
              36.02486057
            ],
            [
              127.0119612,
              36.02486404
            ],
            [
              127.01179055,
              36.02487236
            ],
            [
              127.01158478,
              36.02486579
            ],
            [
              127.01148936,
              36.02486295
            ],
            [
              127.01133674,
              36.02485813
            ],
            [
              127.01128542,
              36.02491208
            ],
            [
              127.01111454,
              36.02492653
            ],
            [
              127.01075317,
              36.02495124
            ],
            [
              127.01061873,
              36.02495651
            ],
            [
              127.01038482,
              36.02496712
            ],
            [
              127.01022714,
              36.02497506
            ],
            [
              127.01015914,
              36.02497558
            ],
            [
              127.0098593,
              36.02497734
            ],
            [
              127.00976014,
              36.02496883
            ],
            [
              127.0096881,
              36.02496264
            ],
            [
              127.00952603,
              36.0249485
            ],
            [
              127.00911647,
              36.02497447
            ],
            [
              127.00908141,
              36.02497606
            ],
            [
              127.008995,
              36.02478369
            ],
            [
              127.00885435,
              36.02483318
            ],
            [
              127.00867615,
              36.02492953
            ],
            [
              127.00866118,
              36.02495149
            ],
            [
              127.00872163,
              36.02505948
            ],
            [
              127.00910423,
              36.02542321
            ],
            [
              127.00914073,
              36.0254574
            ],
            [
              127.00910858,
              36.02547747
            ],
            [
              127.00801014,
              36.02615339
            ],
            [
              127.00801806,
              36.02617286
            ],
            [
              127.00813955,
              36.02644989
            ],
            [
              127.00815034,
              36.02645433
            ],
            [
              127.00817342,
              36.02679378
            ],
            [
              127.00818536,
              36.02696527
            ],
            [
              127.00819285,
              36.02704507
            ],
            [
              127.00821907,
              36.02734075
            ],
            [
              127.00824007,
              36.02759411
            ],
            [
              127.00826647,
              36.02789194
            ],
            [
              127.0091075,
              36.02785152
            ],
            [
              127.00931847,
              36.02784148
            ],
            [
              127.00967535,
              36.02782896
            ],
            [
              127.00988463,
              36.02782075
            ],
            [
              127.01045304,
              36.02779799
            ],
            [
              127.01049301,
              36.02779578
            ],
            [
              127.0107486,
              36.02778612
            ],
            [
              127.01107721,
              36.02777299
            ]
          ]
        ]
      }
    },
    {
      "type": "Feature",
      "id": "445380",
      "properties": {
        "dan_id": "445380",
        "name": "왕궁",
        "city": "익산시",
        "zone_type_code": "4",
        "zone_type": "농공단지",
        "source_updated": "2026-04-07"
      },
      "geometry": {
        "type": "Polygon",
        "coordinates": [
          [
            [
              127.09468144,
              35.98958889
            ],
            [
              127.09480041,
              35.98958678
            ],
            [
              127.09488196,
              35.98958533
            ],
            [
              127.09506208,
              35.98956543
            ],
            [
              127.09516535,
              35.98955171
            ],
            [
              127.09517157,
              35.98955065
            ],
            [
              127.09539239,
              35.98951993
            ],
            [
              127.09561948,
              35.98947448
            ],
            [
              127.09564357,
              35.98946966
            ],
            [
              127.09566293,
              35.98946545
            ],
            [
              127.09567067,
              35.98946394
            ],
            [
              127.0957469,
              35.98944746
            ],
            [
              127.09590427,
              35.9894175
            ],
            [
              127.09606163,
              35.98938753
            ],
            [
              127.09606236,
              35.98938729
            ],
            [
              127.0962758,
              35.98934553
            ],
            [
              127.09635225,
              35.98932801
            ],
            [
              127.09637565,
              35.98932264
            ],
            [
              127.09661266,
              35.98926832
            ],
            [
              127.09681969,
              35.98922087
            ],
            [
              127.09682052,
              35.98922068
            ],
            [
              127.09710598,
              35.98918223
            ],
            [
              127.09710919,
              35.98918522
            ],
            [
              127.09711769,
              35.98918072
            ],
            [
              127.09711885,
              35.9891805
            ],
            [
              127.09713663,
              35.9891781
            ],
            [
              127.09717829,
              35.98917234
            ],
            [
              127.09723891,
              35.98916395
            ],
            [
              127.09739199,
              35.98912088
            ],
            [
              127.09744939,
              35.98909821
            ],
            [
              127.09748697,
              35.98906272
            ],
            [
              127.09749104,
              35.98904996
            ],
            [
              127.09748267,
              35.98904059
            ],
            [
              127.09748391,
              35.98904037
            ],
            [
              127.09749428,
              35.98903979
            ],
            [
              127.09750687,
              35.98900036
            ],
            [
              127.09748796,
              35.98893133
            ],
            [
              127.09740328,
              35.98880698
            ],
            [
              127.0972597,
              35.98865872
            ],
            [
              127.09711614,
              35.98851046
            ],
            [
              127.09696466,
              35.98838336
            ],
            [
              127.0968175,
              35.98822701
            ],
            [
              127.09673095,
              35.98811499
            ],
            [
              127.09668026,
              35.98803766
            ],
            [
              127.09663268,
              35.98798287
            ],
            [
              127.09657561,
              35.98786804
            ],
            [
              127.09659284,
              35.98781195
            ],
            [
              127.0965952,
              35.987802
            ],
            [
              127.09648521,
              35.9876202
            ],
            [
              127.09648561,
              35.98760247
            ],
            [
              127.09636288,
              35.98738543
            ],
            [
              127.09635949,
              35.98738701
            ],
            [
              127.09632529,
              35.98730768
            ],
            [
              127.09629107,
              35.98722834
            ],
            [
              127.09621848,
              35.98705528
            ],
            [
              127.09612149,
              35.98685225
            ],
            [
              127.09608536,
              35.98684142
            ],
            [
              127.09594892,
              35.98658104
            ],
            [
              127.09581959,
              35.98633664
            ],
            [
              127.09583488,
              35.98627106
            ],
            [
              127.09578863,
              35.98618003
            ],
            [
              127.09573,
              35.98606466
            ],
            [
              127.09570326,
              35.98601259
            ],
            [
              127.09546605,
              35.9860413
            ],
            [
              127.09545481,
              35.98604124
            ],
            [
              127.09542336,
              35.98604108
            ],
            [
              127.09541425,
              35.98604103
            ],
            [
              127.0953634,
              35.98604444
            ],
            [
              127.09534911,
              35.98604538
            ],
            [
              127.0953297,
              35.98604555
            ],
            [
              127.09531028,
              35.98604572
            ],
            [
              127.09529811,
              35.98604514
            ],
            [
              127.09511943,
              35.98603651
            ],
            [
              127.09505791,
              35.98603608
            ],
            [
              127.09493601,
              35.98604796
            ],
            [
              127.09487625,
              35.98604162
            ],
            [
              127.09484415,
              35.98605221
            ],
            [
              127.09482778,
              35.98607905
            ],
            [
              127.09479284,
              35.98610509
            ],
            [
              127.09399189,
              35.98631264
            ],
            [
              127.09374719,
              35.98637606
            ],
            [
              127.09370437,
              35.98638717
            ],
            [
              127.09361588,
              35.98638134
            ],
            [
              127.09343502,
              35.98637223
            ],
            [
              127.09275607,
              35.98633801
            ],
            [
              127.09232731,
              35.98631782
            ],
            [
              127.09232538,
              35.9859639
            ],
            [
              127.09228996,
              35.98591484
            ],
            [
              127.09228443,
              35.98580259
            ],
            [
              127.09227889,
              35.98569034
            ],
            [
              127.09227796,
              35.98567138
            ],
            [
              127.09227416,
              35.98537345
            ],
            [
              127.09227199,
              35.98529851
            ],
            [
              127.0922937,
              35.98527064
            ],
            [
              127.09227058,
              35.98525024
            ],
            [
              127.09223774,
              35.98482726
            ],
            [
              127.09221715,
              35.98433036
            ],
            [
              127.09221424,
              35.98433488
            ],
            [
              127.09191872,
              35.98429165
            ],
            [
              127.09191771,
              35.98429416
            ],
            [
              127.09178607,
              35.98427885
            ],
            [
              127.0916719,
              35.98427394
            ],
            [
              127.09149789,
              35.98428423
            ],
            [
              127.09140656,
              35.98427647
            ],
            [
              127.09129433,
              35.98426839
            ],
            [
              127.09127937,
              35.98417234
            ],
            [
              127.09122279,
              35.9838654
            ],
            [
              127.09105911,
              35.9837504
            ],
            [
              127.09102719,
              35.9834773
            ],
            [
              127.09095357,
              35.98348758
            ],
            [
              127.09094467,
              35.98350144
            ],
            [
              127.09089795,
              35.98351145
            ],
            [
              127.0908462,
              35.98354051
            ],
            [
              127.09082922,
              35.98355005
            ],
            [
              127.09071766,
              35.98359373
            ],
            [
              127.09064241,
              35.98359904
            ],
            [
              127.09057442,
              35.98362081
            ],
            [
              127.09053127,
              35.98363464
            ],
            [
              127.09030138,
              35.98370827
            ],
            [
              127.09020947,
              35.98372888
            ],
            [
              127.09009704,
              35.98372325
            ],
            [
              127.08999239,
              35.98370591
            ],
            [
              127.08982876,
              35.98366805
            ],
            [
              127.08983283,
              35.98365526
            ],
            [
              127.08975884,
              35.98361666
            ],
            [
              127.08970874,
              35.98353793
            ],
            [
              127.08976796,
              35.9834904
            ],
            [
              127.0897546,
              35.9834371
            ],
            [
              127.08978941,
              35.98337166
            ],
            [
              127.08983367,
              35.98333983
            ],
            [
              127.08979731,
              35.98316818
            ],
            [
              127.08974853,
              35.98291455
            ],
            [
              127.08957267,
              35.98290497
            ],
            [
              127.08952592,
              35.9829032
            ],
            [
              127.08924905,
              35.9828467
            ],
            [
              127.08910692,
              35.9828202
            ],
            [
              127.08899182,
              35.98286572
            ],
            [
              127.08879431,
              35.98294384
            ],
            [
              127.08873679,
              35.98296584
            ],
            [
              127.08873718,
              35.98296854
            ],
            [
              127.08864422,
              35.98297824
            ],
            [
              127.08856966,
              35.98298603
            ],
            [
              127.088371,
              35.98300676
            ],
            [
              127.08827049,
              35.98301725
            ],
            [
              127.08826812,
              35.98300538
            ],
            [
              127.08805363,
              35.98301822
            ],
            [
              127.08746252,
              35.98299733
            ],
            [
              127.08746026,
              35.98303991
            ],
            [
              127.08742365,
              35.98301252
            ],
            [
              127.08741725,
              35.98335895
            ],
            [
              127.08741333,
              35.98335843
            ],
            [
              127.08740683,
              35.98372067
            ],
            [
              127.08739526,
              35.98443846
            ],
            [
              127.08740093,
              35.98444379
            ],
            [
              127.08740012,
              35.98449913
            ],
            [
              127.08758562,
              35.98473161
            ],
            [
              127.08777112,
              35.98496408
            ],
            [
              127.08784035,
              35.98511466
            ],
            [
              127.08790707,
              35.98532506
            ],
            [
              127.08797377,
              35.98553546
            ],
            [
              127.0882127,
              35.98600168
            ],
            [
              127.08830415,
              35.98601298
            ],
            [
              127.08846563,
              35.9859744
            ],
            [
              127.0887183,
              35.98589817
            ],
            [
              127.08882002,
              35.98589355
            ],
            [
              127.08894115,
              35.98588688
            ],
            [
              127.08906312,
              35.98589194
            ],
            [
              127.08903611,
              35.98590539
            ],
            [
              127.08908748,
              35.98609843
            ],
            [
              127.08908657,
              35.98627767
            ],
            [
              127.08918901,
              35.98646608
            ],
            [
              127.08916913,
              35.98646963
            ],
            [
              127.08922739,
              35.98649284
            ],
            [
              127.08933821,
              35.98666064
            ],
            [
              127.08944904,
              35.98682843
            ],
            [
              127.08946609,
              35.98685406
            ],
            [
              127.089517,
              35.98695804
            ],
            [
              127.08952407,
              35.98697246
            ],
            [
              127.08959244,
              35.98711677
            ],
            [
              127.08966035,
              35.98715463
            ],
            [
              127.08967967,
              35.98716548
            ],
            [
              127.08970292,
              35.98717853
            ],
            [
              127.0897011,
              35.98724689
            ],
            [
              127.08969669,
              35.9874124
            ],
            [
              127.08969493,
              35.98747849
            ],
            [
              127.08949334,
              35.98768642
            ],
            [
              127.08941586,
              35.98776632
            ],
            [
              127.08932725,
              35.98785555
            ],
            [
              127.08939328,
              35.98790193
            ],
            [
              127.08940195,
              35.98790811
            ],
            [
              127.08951192,
              35.98799358
            ],
            [
              127.08953158,
              35.98800885
            ],
            [
              127.08978809,
              35.98816607
            ],
            [
              127.08985519,
              35.98820428
            ],
            [
              127.08989564,
              35.98822731
            ],
            [
              127.08992229,
              35.98824248
            ],
            [
              127.08990331,
              35.98830658
            ],
            [
              127.08990294,
              35.9883078
            ],
            [
              127.08987828,
              35.98839073
            ],
            [
              127.08987538,
              35.98840052
            ],
            [
              127.08985521,
              35.98846832
            ],
            [
              127.08992757,
              35.98847307
            ],
            [
              127.09016399,
              35.98850529
            ],
            [
              127.0902768,
              35.98852409
            ],
            [
              127.09041484,
              35.98854708
            ],
            [
              127.09055288,
              35.98857007
            ],
            [
              127.09055142,
              35.98857931
            ],
            [
              127.09065632,
              35.98860222
            ],
            [
              127.09076122,
              35.98862511
            ],
            [
              127.09080485,
              35.98865004
            ],
            [
              127.09085704,
              35.9886554
            ],
            [
              127.09094977,
              35.98867208
            ],
            [
              127.09096967,
              35.9886749
            ],
            [
              127.09113174,
              35.98871268
            ],
            [
              127.09124773,
              35.98874631
            ],
            [
              127.09124997,
              35.98874634
            ],
            [
              127.09128635,
              35.98875018
            ],
            [
              127.09159973,
              35.98884974
            ],
            [
              127.09191312,
              35.98894929
            ],
            [
              127.09192714,
              35.98895375
            ],
            [
              127.09202649,
              35.98898533
            ],
            [
              127.09213987,
              35.98902137
            ],
            [
              127.09231888,
              35.98907938
            ],
            [
              127.09257143,
              35.98915038
            ],
            [
              127.09281476,
              35.98921894
            ],
            [
              127.09294107,
              35.9892542
            ],
            [
              127.09292769,
              35.98924709
            ],
            [
              127.09292282,
              35.98924449
            ],
            [
              127.0930178,
              35.98927276
            ],
            [
              127.09311277,
              35.98930101
            ],
            [
              127.09317395,
              35.98931852
            ],
            [
              127.09323512,
              35.98933603
            ],
            [
              127.09327665,
              35.98934766
            ],
            [
              127.09331874,
              35.98935955
            ],
            [
              127.0934339,
              35.98939191
            ],
            [
              127.09354906,
              35.98942428
            ],
            [
              127.09357523,
              35.9894547
            ],
            [
              127.09358807,
              35.98946978
            ],
            [
              127.09368174,
              35.98948498
            ],
            [
              127.09376554,
              35.98947903
            ],
            [
              127.0941191,
              35.98954806
            ],
            [
              127.09413263,
              35.98954966
            ],
            [
              127.09421828,
              35.98955982
            ],
            [
              127.09426374,
              35.98956548
            ],
            [
              127.09430919,
              35.98957114
            ],
            [
              127.09451182,
              35.98958445
            ],
            [
              127.09468144,
              35.98958889
            ]
          ]
        ]
      }
    },
    {
      "type": "Feature",
      "id": "445580",
      "properties": {
        "dan_id": "445580",
        "name": "함열",
        "city": "익산시",
        "zone_type_code": "4",
        "zone_type": "농공단지",
        "source_updated": "2026-04-07"
      },
      "geometry": {
        "type": "Polygon",
        "coordinates": [
          [
            [
              126.95819624,
              36.08818609
            ],
            [
              126.95860267,
              36.08866115
            ],
            [
              126.95867668,
              36.08875453
            ],
            [
              126.95872259,
              36.08881332
            ],
            [
              126.95883227,
              36.08895143
            ],
            [
              126.95900921,
              36.08915168
            ],
            [
              126.95918565,
              36.08936252
            ],
            [
              126.959344,
              36.0895625
            ],
            [
              126.95954652,
              36.08981869
            ],
            [
              126.95960239,
              36.08988988
            ],
            [
              126.95961727,
              36.08990885
            ],
            [
              126.95963224,
              36.08992796
            ],
            [
              126.95963321,
              36.08992918
            ],
            [
              126.95969466,
              36.09000756
            ],
            [
              126.95969949,
              36.09001372
            ],
            [
              126.95977424,
              36.09010905
            ],
            [
              126.95977496,
              36.09010799
            ],
            [
              126.95979563,
              36.09008024
            ],
            [
              126.95982029,
              36.09004997
            ],
            [
              126.95983385,
              36.09003555
            ],
            [
              126.95985484,
              36.09001464
            ],
            [
              126.9598775,
              36.08999437
            ],
            [
              126.95990139,
              36.08997554
            ],
            [
              126.95992616,
              36.08995744
            ],
            [
              126.95995248,
              36.08994078
            ],
            [
              126.9599798,
              36.08992537
            ],
            [
              126.96000813,
              36.08991096
            ],
            [
              126.96004711,
              36.08989349
            ],
            [
              126.96009729,
              36.08987378
            ],
            [
              126.96012861,
              36.08986468
            ],
            [
              126.96016093,
              36.08985812
            ],
            [
              126.96019346,
              36.08985262
            ],
            [
              126.96022644,
              36.08985029
            ],
            [
              126.96026851,
              36.08985432
            ],
            [
              126.9602814,
              36.08985394
            ],
            [
              126.96036431,
              36.08985144
            ],
            [
              126.96036877,
              36.08985412
            ],
            [
              126.96039549,
              36.08987013
            ],
            [
              126.96042633,
              36.08988861
            ],
            [
              126.96043429,
              36.08989192
            ],
            [
              126.96045235,
              36.08990057
            ],
            [
              126.96047007,
              36.08991072
            ],
            [
              126.96056676,
              36.08997275
            ],
            [
              126.96065468,
              36.09002542
            ],
            [
              126.96091945,
              36.09018405
            ],
            [
              126.96094551,
              36.09019938
            ],
            [
              126.96151384,
              36.09053456
            ],
            [
              126.96150804,
              36.0905365
            ],
            [
              126.96152416,
              36.09054612
            ],
            [
              126.96152824,
              36.09054512
            ],
            [
              126.96194341,
              36.09078763
            ],
            [
              126.96193991,
              36.09079436
            ],
            [
              126.96196423,
              36.09080887
            ],
            [
              126.96196951,
              36.09080058
            ],
            [
              126.96198032,
              36.09080719
            ],
            [
              126.96228933,
              36.09099618
            ],
            [
              126.96231751,
              36.09101253
            ],
            [
              126.96234392,
              36.09102785
            ],
            [
              126.96235653,
              36.09103509
            ],
            [
              126.96277078,
              36.09127315
            ],
            [
              126.9632676,
              36.09157134
            ],
            [
              126.96331576,
              36.09160023
            ],
            [
              126.9633405,
              36.09161508
            ],
            [
              126.96393977,
              36.09187171
            ],
            [
              126.96395252,
              36.09187714
            ],
            [
              126.96395553,
              36.0918785
            ],
            [
              126.96454524,
              36.09211692
            ],
            [
              126.96466402,
              36.09216767
            ],
            [
              126.96478811,
              36.0922187
            ],
            [
              126.96482235,
              36.0922328
            ],
            [
              126.96483884,
              36.0922395
            ],
            [
              126.96488369,
              36.092244
            ],
            [
              126.96491345,
              36.09225609
            ],
            [
              126.96495119,
              36.09227151
            ],
            [
              126.96513825,
              36.09234916
            ],
            [
              126.96516779,
              36.09236161
            ],
            [
              126.96518054,
              36.09236893
            ],
            [
              126.96520564,
              36.09238334
            ],
            [
              126.96520166,
              36.09238663
            ],
            [
              126.96533272,
              36.09243936
            ],
            [
              126.96532684,
              36.09234846
            ],
            [
              126.96534787,
              36.0921785
            ],
            [
              126.96536537,
              36.09203934
            ],
            [
              126.96538561,
              36.09198943
            ],
            [
              126.96543415,
              36.09186899
            ],
            [
              126.96549356,
              36.0917548
            ],
            [
              126.96552697,
              36.0916906
            ],
            [
              126.9655728,
              36.09159947
            ],
            [
              126.96556059,
              36.09157015
            ],
            [
              126.9655472,
              36.09155815
            ],
            [
              126.96552649,
              36.09154157
            ],
            [
              126.96553986,
              36.09144697
            ],
            [
              126.96554377,
              36.09141939
            ],
            [
              126.96554537,
              36.09140807
            ],
            [
              126.96556442,
              36.091341
            ],
            [
              126.96556618,
              36.09133483
            ],
            [
              126.96567613,
              36.09132473
            ],
            [
              126.9657285,
              36.09109833
            ],
            [
              126.96571889,
              36.09082892
            ],
            [
              126.96571766,
              36.09059339
            ],
            [
              126.96571802,
              36.09056712
            ],
            [
              126.96572596,
              36.09055264
            ],
            [
              126.96572759,
              36.09044807
            ],
            [
              126.96577863,
              36.09029224
            ],
            [
              126.9658255,
              36.09007597
            ],
            [
              126.96583554,
              36.09004448
            ],
            [
              126.96591427,
              36.08979784
            ],
            [
              126.96597014,
              36.08961885
            ],
            [
              126.9659822,
              36.08959318
            ],
            [
              126.96604765,
              36.08945389
            ],
            [
              126.96608829,
              36.08936707
            ],
            [
              126.9661955,
              36.08884275
            ],
            [
              126.96618687,
              36.088792
            ],
            [
              126.96615714,
              36.08865673
            ],
            [
              126.966219,
              36.08847447
            ],
            [
              126.96609131,
              36.08847835
            ],
            [
              126.96603683,
              36.08836019
            ],
            [
              126.9657624,
              36.08835292
            ],
            [
              126.9657561,
              36.0877171
            ],
            [
              126.96575494,
              36.08760055
            ],
            [
              126.96579886,
              36.08738316
            ],
            [
              126.96585322,
              36.08722036
            ],
            [
              126.96556918,
              36.08695029
            ],
            [
              126.96538146,
              36.0867718
            ],
            [
              126.96535681,
              36.08674836
            ],
            [
              126.9652722,
              36.08666791
            ],
            [
              126.96502473,
              36.08643261
            ],
            [
              126.96495274,
              36.08636416
            ],
            [
              126.96485179,
              36.08626768
            ],
            [
              126.96471091,
              36.08613151
            ],
            [
              126.96469496,
              36.08611609
            ],
            [
              126.96465149,
              36.08607408
            ],
            [
              126.96464555,
              36.08606835
            ],
            [
              126.96462832,
              36.08605378
            ],
            [
              126.96461141,
              36.08604267
            ],
            [
              126.96459059,
              36.08603216
            ],
            [
              126.96457713,
              36.08602719
            ],
            [
              126.96456886,
              36.08602414
            ],
            [
              126.96454812,
              36.08601884
            ],
            [
              126.96452236,
              36.08601513
            ],
            [
              126.96449864,
              36.08601431
            ],
            [
              126.96437091,
              36.08601952
            ],
            [
              126.96412196,
              36.08602967
            ],
            [
              126.96367528,
              36.08604788
            ],
            [
              126.96301632,
              36.08607473
            ],
            [
              126.96281845,
              36.0860828
            ],
            [
              126.96105315,
              36.08615472
            ],
            [
              126.96076227,
              36.08616657
            ],
            [
              126.96075207,
              36.08616712
            ],
            [
              126.9607419,
              36.08616796
            ],
            [
              126.96073177,
              36.08616908
            ],
            [
              126.96072169,
              36.08617049
            ],
            [
              126.96071167,
              36.08617216
            ],
            [
              126.96070731,
              36.08617302
            ],
            [
              126.96070714,
              36.08617291
            ],
            [
              126.9607067,
              36.08617299
            ],
            [
              126.9606919,
              36.08617634
            ],
            [
              126.96068215,
              36.08617884
            ],
            [
              126.96067251,
              36.08618161
            ],
            [
              126.96066299,
              36.08618464
            ],
            [
              126.96065361,
              36.08618794
            ],
            [
              126.96064437,
              36.08619148
            ],
            [
              126.96063528,
              36.08619529
            ],
            [
              126.96062637,
              36.08619935
            ],
            [
              126.96061761,
              36.08620365
            ],
            [
              126.96060906,
              36.08620819
            ],
            [
              126.96060442,
              36.08621084
            ],
            [
              126.9606007,
              36.08621296
            ],
            [
              126.96059254,
              36.08621796
            ],
            [
              126.9605846,
              36.08622319
            ],
            [
              126.96057688,
              36.08622863
            ],
            [
              126.96056939,
              36.08623428
            ],
            [
              126.96056215,
              36.08624014
            ],
            [
              126.96055516,
              36.08624619
            ],
            [
              126.96054842,
              36.08625244
            ],
            [
              126.96054195,
              36.08625886
            ],
            [
              126.96053575,
              36.08626546
            ],
            [
              126.96052984,
              36.08627223
            ],
            [
              126.96052422,
              36.08627916
            ],
            [
              126.96051889,
              36.08628624
            ],
            [
              126.96051386,
              36.08629347
            ],
            [
              126.96050913,
              36.08630082
            ],
            [
              126.96050472,
              36.08630831
            ],
            [
              126.960482,
              36.08629986
            ],
            [
              126.96047136,
              36.08631789
            ],
            [
              126.96045997,
              36.0863356
            ],
            [
              126.96044783,
              36.08635298
            ],
            [
              126.96043495,
              36.08637002
            ],
            [
              126.96043047,
              36.0863755
            ],
            [
              126.96042135,
              36.08638666
            ],
            [
              126.96040978,
              36.08639983
            ],
            [
              126.96040704,
              36.08640294
            ],
            [
              126.96039206,
              36.08641878
            ],
            [
              126.96037641,
              36.08643421
            ],
            [
              126.96036011,
              36.08644918
            ],
            [
              126.96034317,
              36.08646368
            ],
            [
              126.96032563,
              36.08647771
            ],
            [
              126.9603075,
              36.08649122
            ],
            [
              126.96028881,
              36.08650423
            ],
            [
              126.96026957,
              36.08651669
            ],
            [
              126.96024982,
              36.08652861
            ],
            [
              126.96022956,
              36.08653997
            ],
            [
              126.96020883,
              36.08655075
            ],
            [
              126.96018766,
              36.08656094
            ],
            [
              126.96016605,
              36.08657053
            ],
            [
              126.96014405,
              36.0865795
            ],
            [
              126.9601217,
              36.08658786
            ],
            [
              126.96009899,
              36.08659557
            ],
            [
              126.96007597,
              36.08660265
            ],
            [
              126.96005265,
              36.08660907
            ],
            [
              126.96002909,
              36.08661484
            ],
            [
              126.96001959,
              36.08661688
            ],
            [
              126.96000528,
              36.08661994
            ],
            [
              126.95999752,
              36.08662148
            ],
            [
              126.9599431,
              36.08663314
            ],
            [
              126.95988919,
              36.08664634
            ],
            [
              126.95983589,
              36.08666104
            ],
            [
              126.95978326,
              36.08667722
            ],
            [
              126.95973134,
              36.08669489
            ],
            [
              126.95968021,
              36.08671401
            ],
            [
              126.95962993,
              36.08673456
            ],
            [
              126.95958056,
              36.08675651
            ],
            [
              126.95953216,
              36.08677984
            ],
            [
              126.95948478,
              36.08680452
            ],
            [
              126.95943849,
              36.08683051
            ],
            [
              126.95939334,
              36.08685781
            ],
            [
              126.95934938,
              36.08688635
            ],
            [
              126.95930667,
              36.08691612
            ],
            [
              126.95884537,
              36.0872491
            ],
            [
              126.95880335,
              36.08728053
            ],
            [
              126.95876273,
              36.08731313
            ],
            [
              126.95872354,
              36.08734687
            ],
            [
              126.95868385,
              36.08739097
            ],
            [
              126.95864593,
              36.08743608
            ],
            [
              126.95860981,
              36.08748214
            ],
            [
              126.95857553,
              36.08752914
            ],
            [
              126.95854588,
              36.08756804
            ],
            [
              126.95851794,
              36.08760777
            ],
            [
              126.95849173,
              36.08764827
            ],
            [
              126.95846731,
              36.0876895
            ],
            [
              126.95821375,
              36.08813733
            ],
            [
              126.95821095,
              36.08814251
            ],
            [
              126.95820904,
              36.08814636
            ],
            [
              126.95820835,
              36.08814776
            ],
            [
              126.95820596,
              36.08815309
            ],
            [
              126.95820379,
              36.08815847
            ],
            [
              126.95820184,
              36.0881639
            ],
            [
              126.95819988,
              36.0881702
            ],
            [
              126.95819859,
              36.08817492
            ],
            [
              126.9581973,
              36.08818048
            ],
            [
              126.95819624,
              36.08818609
            ]
          ]
        ]
      }
    },
    {
      "type": "Feature",
      "id": "445150",
      "properties": {
        "dan_id": "445150",
        "name": "황등",
        "city": "익산시",
        "zone_type_code": "4",
        "zone_type": "농공단지",
        "source_updated": "2026-04-07"
      },
      "geometry": {
        "type": "Polygon",
        "coordinates": [
          [
            [
              126.94955557,
              36.0226859
            ],
            [
              126.94955033,
              36.02279026
            ],
            [
              126.94955449,
              36.02287444
            ],
            [
              126.94956923,
              36.02306893
            ],
            [
              126.94958255,
              36.02323071
            ],
            [
              126.94959302,
              36.02332885
            ],
            [
              126.94959756,
              36.02335103
            ],
            [
              126.94960575,
              36.02337347
            ],
            [
              126.9496812,
              36.02353599
            ],
            [
              126.94969549,
              36.02356772
            ],
            [
              126.94976594,
              36.02373114
            ],
            [
              126.94978144,
              36.0237745
            ],
            [
              126.94983816,
              36.02390863
            ],
            [
              126.94989698,
              36.02404293
            ],
            [
              126.94991005,
              36.02408422
            ],
            [
              126.94992576,
              36.02414794
            ],
            [
              126.94994696,
              36.02447266
            ],
            [
              126.94995164,
              36.02461578
            ],
            [
              126.950009,
              36.02494394
            ],
            [
              126.95074,
              36.02495506
            ],
            [
              126.95147677,
              36.02496961
            ],
            [
              126.95174259,
              36.02497098
            ],
            [
              126.95175533,
              36.02500478
            ],
            [
              126.95176206,
              36.02522865
            ],
            [
              126.95223835,
              36.02522714
            ],
            [
              126.95250961,
              36.02522842
            ],
            [
              126.95276003,
              36.02536478
            ],
            [
              126.9531522,
              36.02558295
            ],
            [
              126.95316972,
              36.02558827
            ],
            [
              126.95352968,
              36.02569098
            ],
            [
              126.95372205,
              36.02515447
            ],
            [
              126.95371429,
              36.02514139
            ],
            [
              126.95370431,
              36.02512666
            ],
            [
              126.95353538,
              36.02487717
            ],
            [
              126.9534702,
              36.02479595
            ],
            [
              126.95339304,
              36.02470534
            ],
            [
              126.95342688,
              36.02469319
            ],
            [
              126.95340862,
              36.02462433
            ],
            [
              126.95347847,
              36.0243302
            ],
            [
              126.95366551,
              36.0241567
            ],
            [
              126.95368692,
              36.02416211
            ],
            [
              126.95404045,
              36.02427294
            ],
            [
              126.95405923,
              36.02427883
            ],
            [
              126.95407527,
              36.02428385
            ],
            [
              126.95417886,
              36.02431633
            ],
            [
              126.95433204,
              36.02436433
            ],
            [
              126.95440697,
              36.02429821
            ],
            [
              126.95467306,
              36.02402849
            ],
            [
              126.95470314,
              36.02399317
            ],
            [
              126.95474145,
              36.02393668
            ],
            [
              126.95477055,
              36.02388361
            ],
            [
              126.95478544,
              36.02383612
            ],
            [
              126.95479613,
              36.02377232
            ],
            [
              126.95479338,
              36.02373357
            ],
            [
              126.95479618,
              36.02368797
            ],
            [
              126.95476869,
              36.02365092
            ],
            [
              126.95470862,
              36.0235505
            ],
            [
              126.95458399,
              36.02324187
            ],
            [
              126.95456761,
              36.02317391
            ],
            [
              126.95453189,
              36.0229822
            ],
            [
              126.95451418,
              36.02291911
            ],
            [
              126.9544795,
              36.02283808
            ],
            [
              126.95443318,
              36.0227611
            ],
            [
              126.95432285,
              36.02265732
            ],
            [
              126.95429502,
              36.02263081
            ],
            [
              126.95424346,
              36.0225815
            ],
            [
              126.95421065,
              36.02254652
            ],
            [
              126.95418071,
              36.02251082
            ],
            [
              126.95414403,
              36.02245637
            ],
            [
              126.95411987,
              36.02241436
            ],
            [
              126.95407876,
              36.02232711
            ],
            [
              126.95405361,
              36.02227636
            ],
            [
              126.95399412,
              36.02213268
            ],
            [
              126.95393885,
              36.02198287
            ],
            [
              126.95389114,
              36.02181
            ],
            [
              126.9538674,
              36.02180404
            ],
            [
              126.95346964,
              36.02187517
            ],
            [
              126.95345799,
              36.02187967
            ],
            [
              126.95335003,
              36.02189883
            ],
            [
              126.95311371,
              36.02193847
            ],
            [
              126.95272339,
              36.02199753
            ],
            [
              126.95257051,
              36.02200747
            ],
            [
              126.95240986,
              36.02201759
            ],
            [
              126.95235328,
              36.02201639
            ],
            [
              126.95222082,
              36.02200751
            ],
            [
              126.95212675,
              36.02199791
            ],
            [
              126.95206763,
              36.02198662
            ],
            [
              126.95200906,
              36.02197254
            ],
            [
              126.95195837,
              36.02196486
            ],
            [
              126.95151487,
              36.02191295
            ],
            [
              126.95127437,
              36.02188193
            ],
            [
              126.95107403,
              36.02185607
            ],
            [
              126.95090331,
              36.0218341
            ],
            [
              126.95067845,
              36.02180508
            ],
            [
              126.95026014,
              36.0217511
            ],
            [
              126.95024151,
              36.02173243
            ],
            [
              126.95019948,
              36.02171241
            ],
            [
              126.95000634,
              36.02170025
            ],
            [
              126.94989674,
              36.0216856
            ],
            [
              126.94973179,
              36.02166958
            ],
            [
              126.94971802,
              36.02168859
            ],
            [
              126.94962209,
              36.02197045
            ],
            [
              126.9495762,
              36.02207696
            ],
            [
              126.94956854,
              36.02209858
            ],
            [
              126.94953572,
              36.02223123
            ],
            [
              126.94953009,
              36.02236632
            ],
            [
              126.9495244,
              36.02241129
            ],
            [
              126.9495358,
              36.02245545
            ],
            [
              126.94956315,
              36.02252693
            ],
            [
              126.94955562,
              36.022685
            ],
            [
              126.94955557,
              36.0226859
            ]
          ]
        ]
      }
    }
  ]
}
