datetime,latitude,longitude,region,intensity,odor_type,grid_id,st_cluster
2020-01-01 21:38:00,35.94341,126.96781,마동,4,"가축 분뇨 냄새(닭, 돼지, 소)",-3:-3,-1
2020-01-02 06:40:00,35.928307,126.975845,금강동,3,하수구 냄새,-2:-7,-1
2020-01-02 20:06:00,35.921864,127.055885,춘포면 쌍정리,4,"가축 분뇨 냄새(닭, 돼지, 소)",12:-8,-1
2020-01-02 21:23:00,35.934723,126.969925,마동,5,"가축 분뇨 냄새(닭, 돼지, 소)",-3:-5,-1
2020-01-04 00:50:00,35.963345,126.98543,부송동,4,"가축 분뇨 냄새(닭, 돼지, 소)",0:1,-1
2020-01-04 10:05:00,36.040928,127.0067,삼기면 연동리,4,기타,4:18,-1
2020-01-05 07:15:00,35.955265,126.95433,남중동,3,"가축 분뇨 냄새(닭, 돼지, 소)",-6:-1,-1
2020-01-07 17:50:00,35.94871,126.96888,영등동,4,"공장 냄새(화학약품, 매캐함)",-3:-2,-1
2020-01-09 21:51:00,35.96319,127.009155,팔봉동,3,하수구 냄새,4:1,-1
2020-01-10 17:26:00,35.933598,127.0547,왕궁면 쌍제리,4,하수구 냄새,12:-6,-1
2020-01-13 12:32:00,36.062286,126.9334,성당면 대선리,3,기타,-10:23,-1
2020-01-13 12:36:00,36.062286,126.9334,성당면 대선리,3,기타,-10:23,-1
2020-01-14 01:12:00,35.932964,126.96345,동산동,3,"가축 분뇨 냄새(닭, 돼지, 소)",-4:-6,-1
2020-01-14 02:10:00,35.96104,126.97517,영등동,3,"공장 냄새(화학약품, 매캐함)",-2:0,-1
2020-01-14 02:26:00,35.961517,126.97962,영등동,4,"공장 냄새(화학약품, 매캐함)",-1:1,-1
2020-01-14 02:28:00,35.962215,126.957695,신동,4,"공장 냄새(화학약품, 매캐함)",-5:1,-1
2020-01-14 02:32:00,35.96219,126.957664,신동,4,"공장 냄새(화학약품, 매캐함)",-5:1,-1
2020-01-14 03:00:00,35.959248,126.989456,부송동,3,"공장 냄새(화학약품, 매캐함)",0:0,-1
2020-01-14 03:11:00,35.959194,126.989395,부송동,4,"공장 냄새(화학약품, 매캐함)",0:0,-1
2020-01-15 02:24:00,35.962143,126.957695,신동,4,"공장 냄새(화학약품, 매캐함)",-5:1,-1
2020-01-16 18:30:00,35.976543,126.95175,신용동,3,하수구 냄새,-6:4,-1
2020-01-17 16:57:00,36.062286,126.9334,성당면 대선리,3,기타,-10:23,-1
2020-01-18 02:49:00,35.965332,127.01459,팔봉동,4,기타,5:1,-1
2020-01-18 17:32:00,36.062286,126.9334,성당면 대선리,4,"가축 분뇨 냄새(닭, 돼지, 소)",-10:23,-1
2020-01-18 22:00:00,36.062286,126.9334,성당면 대선리,4,하수구 냄새,-10:23,-1
2020-01-18 22:16:00,35.961475,126.99428,부송동,4,"공장 냄새(화학약품, 매캐함)",1:1,0
2020-01-18 22:17:00,35.96097,126.994194,부송동,5,"공장 냄새(화학약품, 매캐함)",1:0,0
2020-01-18 22:33:00,35.961185,126.993706,부송동,5,"공장 냄새(화학약품, 매캐함)",1:1,0
2020-01-18 22:46:00,35.962555,126.99193,부송동,5,"공장 냄새(화학약품, 매캐함)",1:1,0
2020-01-18 22:48:00,35.961113,126.97827,영등동,4,"공장 냄새(화학약품, 매캐함)",-2:1,-1
2020-01-18 22:50:00,35.961494,126.99388,부송동,4,"공장 냄새(화학약품, 매캐함)",1:1,0
2020-01-18 23:17:00,35.95322,126.984436,어양동,4,기타,0:-1,0
2020-01-18 23:42:00,35.956284,126.98811,부송동,3,"공장 냄새(화학약품, 매캐함)",0:-1,0
2020-01-18 23:51:00,35.954464,126.98402,어양동,3,"가축 분뇨 냄새(닭, 돼지, 소)",-1:-1,0
2020-01-18 23:52:00,35.95789,126.99787,부송동,5,"공장 냄새(화학약품, 매캐함)",2:0,0
2020-01-18 23:53:00,35.95762,126.99821,부송동,5,"공장 냄새(화학약품, 매캐함)",2:0,0
2020-01-18 23:54:00,35.958088,126.99778,부송동,5,"공장 냄새(화학약품, 매캐함)",2:0,0
2020-01-18 23:55:00,35.95778,126.99816,부송동,5,하수구 냄새,2:0,0
2020-01-18 23:55:00,35.95758,126.99865,부송동,5,"공장 냄새(화학약품, 매캐함)",2:0,0
2020-01-19 11:09:00,35.963924,126.97399,영등동,4,"가축 분뇨 냄새(닭, 돼지, 소)",-2:1,-1
2020-01-19 19:56:00,36.062286,126.9334,성당면 대선리,3,기타,-10:23,-1
2020-01-20 09:43:00,35.949604,127.00889,석암동,4,"가축 분뇨 냄새(닭, 돼지, 소)",4:-2,-1
2020-01-20 09:45:00,35.9496,127.008835,석암동,4,"가축 분뇨 냄새(닭, 돼지, 소)",4:-2,-1
2020-01-20 17:29:00,36.062286,126.9334,성당면 대선리,3,기타,-10:23,-1
2020-01-21 08:03:00,35.963238,126.973724,영등동,5,"공장 냄새(화학약품, 매캐함)",-2:1,-1
2020-01-21 20:43:00,35.961475,126.993835,부송동,4,"공장 냄새(화학약품, 매캐함)",1:1,1
2020-01-21 21:02:00,35.963062,126.99175,부송동,5,"공장 냄새(화학약품, 매캐함)",1:1,1
2020-01-21 21:03:00,35.96137,126.99432,부송동,5,"공장 냄새(화학약품, 매캐함)",1:1,1
2020-01-21 21:04:00,35.961044,126.99388,부송동,4,"공장 냄새(화학약품, 매캐함)",1:0,1
2020-01-21 21:06:00,35.961437,126.994125,부송동,5,"공장 냄새(화학약품, 매캐함)",1:1,1
2020-01-21 21:17:00,35.959312,126.98475,어양동,5,"공장 냄새(화학약품, 매캐함)",0:0,1
2020-01-21 21:51:00,35.96436,126.98359,어양동,3,"공장 냄새(화학약품, 매캐함)",-1:1,1
2020-01-21 22:11:00,35.961113,126.978806,영등동,4,"공장 냄새(화학약품, 매캐함)",-1:1,1
2020-01-21 23:39:00,35.96115,126.994415,부송동,5,"공장 냄새(화학약품, 매캐함)",1:1,-1
2020-01-25 17:30:00,36.06254,126.933716,성당면 대선리,3,"가축 분뇨 냄새(닭, 돼지, 소)",-10:23,-1
2020-01-25 18:55:00,36.001984,126.94459,황등면 황등리,4,"가축 분뇨 냄새(닭, 돼지, 소)",-8:10,-1
2020-01-25 19:07:00,36.062286,126.9334,성당면 대선리,4,기타,-10:23,-1
2020-01-28 22:06:00,35.962185,126.97188,영등동,3,기타,-3:1,-1
2020-01-28 23:06:00,35.962143,126.97198,영등동,3,"가축 분뇨 냄새(닭, 돼지, 소)",-3:1,-1
2020-01-29 13:36:00,35.927998,127.053215,춘포면 쌍정리,5,"공장 냄새(화학약품, 매캐함)",12:-7,-1
2020-01-29 17:21:00,36.062286,126.9334,성당면 대선리,3,기타,-10:23,-1
2020-01-29 18:10:00,36.062286,126.9334,성당면 대선리,4,기타,-10:23,-1
2020-01-30 04:03:00,35.954624,126.987144,어양동,4,"공장 냄새(화학약품, 매캐함)",0:-1,-1
2020-01-30 07:55:00,35.961185,126.99415,부송동,4,"공장 냄새(화학약품, 매캐함)",1:1,-1
2020-01-30 08:19:00,35.963375,126.949844,신동,1,하수구 냄새,-7:1,-1
2020-01-30 09:53:00,35.961296,126.99437,부송동,4,하수구 냄새,1:1,-1
2020-01-30 14:48:00,36.009834,127.05253,금마면 신용리,4,기타,12:11,-1
2020-01-30 17:31:00,36.062286,126.9334,성당면 대선리,3,"가축 분뇨 냄새(닭, 돼지, 소)",-10:23,-1
2020-01-30 21:37:00,36.062286,126.9334,성당면 대선리,4,기타,-10:23,-1
2020-01-31 08:04:00,35.961132,126.994125,부송동,1,"공장 냄새(화학약품, 매캐함)",1:1,-1
2020-01-31 12:32:00,36.062286,126.9334,성당면 대선리,4,기타,-10:23,-1
2020-01-31 23:54:00,35.956284,126.98811,부송동,5,기타,0:-1,-1
2020-02-01 06:09:00,35.956284,126.98811,부송동,5,"공장 냄새(화학약품, 매캐함)",0:-1,-1
2020-02-01 14:52:00,36.062286,126.9334,성당면 대선리,4,기타,-10:23,-1
2020-02-02 07:21:00,35.955708,126.99565,부송동,4,"공장 냄새(화학약품, 매캐함)",2:-1,-1
2020-02-02 18:04:00,36.062286,126.9334,성당면 대선리,3,기타,-10:23,-1
2020-02-02 22:00:00,35.96117,126.99422,부송동,3,"공장 냄새(화학약품, 매캐함)",1:1,-1
2020-02-02 22:01:00,35.961475,126.993095,부송동,4,"공장 냄새(화학약품, 매캐함)",1:1,-1
2020-02-02 22:02:00,35.961044,126.99415,부송동,4,"공장 냄새(화학약품, 매캐함)",1:0,-1
2020-02-04 08:03:00,35.961296,126.99423,부송동,3,"공장 냄새(화학약품, 매캐함)",1:1,-1
2020-02-04 09:30:00,35.96108,126.9941,부송동,5,"공장 냄새(화학약품, 매캐함)",1:0,-1
2020-02-04 09:32:00,35.95967,126.99274,부송동,5,"공장 냄새(화학약품, 매캐함)",1:0,-1
2020-02-04 17:41:00,36.062286,126.9334,성당면 대선리,3,기타,-10:23,-1
2020-02-05 19:45:00,35.97444,126.95157,신용동,3,기타,-6:3,-1
2020-02-06 18:45:00,36.062286,126.9334,성당면 대선리,3,기타,-10:23,-1
2020-02-09 20:02:00,36.062286,126.9334,성당면 대선리,3,기타,-10:23,-1
2020-02-09 21:13:00,35.96097,126.994194,부송동,4,기타,1:0,-1
2020-02-09 23:18:00,35.961296,126.994545,부송동,4,하수구 냄새,1:1,-1
2020-02-09 23:58:00,35.961044,126.99428,부송동,5,하수구 냄새,1:0,-1
2020-02-10 00:21:00,35.95858,126.98317,어양동,4,"공장 냄새(화학약품, 매캐함)",-1:0,-1
2020-02-10 00:24:00,35.96086,126.97907,영등동,5,"공장 냄새(화학약품, 매캐함)",-1:0,-1
2020-02-10 01:15:00,35.954807,126.98816,어양동,3,"공장 냄새(화학약품, 매캐함)",0:-1,-1
2020-02-10 01:44:00,35.959023,126.991905,부송동,3,"공장 냄새(화학약품, 매캐함)",1:0,-1
2020-02-10 07:43:00,35.930325,126.97234,금강동,5,음식조리 냄새,-3:-6,-1
2020-02-10 20:30:00,35.946804,126.99574,용제동,3,"공장 냄새(화학약품, 매캐함)",2:-3,-1
2020-02-10 21:05:00,35.95978,126.994415,부송동,3,"공장 냄새(화학약품, 매캐함)",1:0,-1
2020-02-10 23:25:00,35.961258,126.99445,부송동,4,"공장 냄새(화학약품, 매캐함)",1:1,-1
2020-02-11 21:36:00,35.961403,126.99437,부송동,4,"공장 냄새(화학약품, 매캐함)",1:1,-1
2020-02-11 21:37:00,35.962627,126.99153,부송동,4,"공장 냄새(화학약품, 매캐함)",1:1,-1
2020-02-11 22:18:00,35.96133,126.99445,부송동,4,"공장 냄새(화학약품, 매캐함)",1:1,-1
2020-02-14 23:25:00,35.957726,126.9836,어양동,4,기타,-1:0,-1
2020-02-15 16:22:00,35.92354,127.053986,춘포면 쌍정리,5,"가축 분뇨 냄새(닭, 돼지, 소)",12:-8,-1
2020-02-16 14:18:00,35.965084,126.9406,현영동,4,"가축 분뇨 냄새(닭, 돼지, 소)",-8:1,-1
2020-02-16 14:29:00,35.963802,126.95601,신동,3,하수구 냄새,-6:1,-1
2020-02-18 08:55:00,35.956688,126.98986,부송동,5,"공장 냄새(화학약품, 매캐함)",1:0,-1
2020-02-19 03:53:00,35.947052,126.971115,영등동,3,"공장 냄새(화학약품, 매캐함)",-3:-3,-1
2020-02-19 17:50:00,36.062286,126.9334,성당면 대선리,4,기타,-10:23,-1
2020-02-20 18:22:00,36.062286,126.9334,성당면 대선리,3,기타,-10:23,-1
2020-02-21 17:09:00,36.062286,126.9334,성당면 대선리,4,기타,-10:23,-1
2020-02-22 10:32:00,36.062286,126.9334,성당면 대선리,4,기타,-10:23,-1
2020-02-23 03:15:00,35.961258,126.99445,부송동,4,하수구 냄새,1:1,-1
2020-02-23 08:57:00,35.957005,126.99849,부송동,5,"공장 냄새(화학약품, 매캐함)",2:0,-1
2020-02-23 18:00:00,36.062286,126.9334,성당면 대선리,4,기타,-10:23,-1
2020-02-24 01:08:00,35.95704,126.98865,부송동,4,"공장 냄새(화학약품, 매캐함)",0:0,-1
2020-02-24 07:58:00,35.957726,126.99894,부송동,5,"공장 냄새(화학약품, 매캐함)",2:0,-1
2020-02-24 21:26:00,35.961113,126.9941,부송동,3,"공장 냄새(화학약품, 매캐함)",1:1,-1
2020-02-26 12:49:00,36.062286,126.9334,성당면 대선리,5,기타,-10:23,-1
2020-02-27 03:43:00,35.96115,126.99437,부송동,5,하수구 냄새,1:1,-1
2020-02-27 18:16:00,36.062286,126.9334,성당면 대선리,3,기타,-10:23,-1
2020-02-28 05:36:00,35.957905,126.99849,부송동,5,음식조리 냄새,2:0,-1
2020-02-28 14:47:00,35.96115,126.994415,부송동,4,"공장 냄새(화학약품, 매캐함)",1:1,-1
2020-02-29 17:56:00,36.062286,126.9334,성당면 대선리,4,기타,-10:23,-1
2020-03-01 14:31:00,35.962975,126.93723,만석동,3,기타,-9:1,-1
2020-03-01 17:41:00,36.062286,126.9334,성당면 대선리,3,기타,-10:23,-1
2020-03-01 22:25:00,35.96108,126.99446,부송동,3,"공장 냄새(화학약품, 매캐함)",1:0,-1
2020-03-02 17:37:00,35.946804,127.00237,용제동,4,하수구 냄새,3:-3,-1
2020-03-03 13:14:00,36.06254,126.933716,성당면 대선리,3,기타,-10:23,-1
2020-03-03 22:30:00,35.962666,126.984344,어양동,3,하수구 냄새,0:1,-1
2020-03-04 10:02:00,35.964386,126.94825,신용동,3,"가축 분뇨 냄새(닭, 돼지, 소)",-7:1,-1
2020-03-05 07:52:00,35.948456,126.964355,영등동,3,"공장 냄새(화학약품, 매캐함)",-4:-2,-1
2020-03-05 18:22:00,36.062286,126.9334,성당면 대선리,3,기타,-10:23,-1
2020-03-07 21:06:00,35.944744,126.976234,신흥동,3,음식조리 냄새,-2:-3,-1
2020-03-08 12:28:00,35.992023,126.97574,월성동,4,"가축 분뇨 냄새(닭, 돼지, 소)",-2:7,-1
2020-03-08 17:53:00,36.062286,126.9334,성당면 대선리,3,기타,-10:23,-1
2020-03-09 19:23:00,36.06243,126.9334,성당면 대선리,3,기타,-10:23,-1
2020-03-12 17:48:00,36.062286,126.9334,성당면 대선리,3,"가축 분뇨 냄새(닭, 돼지, 소)",-10:23,-1
2020-03-12 23:59:00,35.961296,126.994415,부송동,5,"가축 분뇨 냄새(닭, 돼지, 소)",1:1,-1
2020-03-13 07:09:00,35.964935,126.98641,부송동,5,"공장 냄새(화학약품, 매캐함)",0:1,-1
2020-03-14 09:46:00,35.963062,126.98559,부송동,4,"가축 분뇨 냄새(닭, 돼지, 소)",0:1,-1
2020-03-14 12:37:00,36.062286,126.9334,성당면 대선리,4,기타,-10:23,-1
2020-03-15 08:27:00,36.062286,126.9334,성당면 대선리,3,기타,-10:23,-1
2020-03-16 17:52:00,36.062286,126.9334,성당면 대선리,5,기타,-10:23,-1
2020-03-16 22:08:00,35.92719,126.96591,동산동,4,"가축 분뇨 냄새(닭, 돼지, 소)",-4:-7,-1
2020-03-18 07:43:00,35.965584,127.01618,팔봉동,4,하수구 냄새,5:1,-1
2020-03-18 17:49:00,36.062286,126.9334,성당면 대선리,3,기타,-10:23,-1
2020-03-18 22:13:00,35.953255,126.984215,어양동,5,기타,0:-1,-1
2020-03-19 18:11:00,36.062286,126.9334,성당면 대선리,3,기타,-10:23,-1
2020-03-20 11:50:00,36.062286,126.9334,성당면 대선리,4,기타,-10:23,-1
2020-03-20 23:34:00,35.961185,126.99428,부송동,5,하수구 냄새,1:1,-1
2020-03-20 23:36:00,35.961185,126.99406,부송동,5,"가축 분뇨 냄새(닭, 돼지, 소)",1:1,-1
2020-03-20 23:51:00,35.96108,126.993706,부송동,5,"가축 분뇨 냄새(닭, 돼지, 소)",1:0,-1
2020-03-21 21:55:00,35.969994,126.93514,현영동,5,기타,-9:2,-1
2020-03-21 22:01:00,35.972652,126.936584,현영동,5,"공장 냄새(화학약품, 매캐함)",-9:3,-1
2020-03-21 23:41:00,35.970734,126.93561,현영동,5,"가축 분뇨 냄새(닭, 돼지, 소)",-9:3,-1
2020-03-22 09:04:00,35.964504,126.98683,부송동,5,"공장 냄새(화학약품, 매캐함)",0:1,-1
2020-03-23 04:44:00,35.957653,126.998184,부송동,4,"공장 냄새(화학약품, 매캐함)",2:0,-1
2020-03-23 09:07:00,35.944687,126.9551,남중동,3,"가축 분뇨 냄새(닭, 돼지, 소)",-6:-3,-1
2020-03-23 12:08:00,36.062286,126.9334,성당면 대선리,4,기타,-10:23,-1
2020-03-25 23:09:00,35.96133,126.99423,부송동,5,"가축 분뇨 냄새(닭, 돼지, 소)",1:1,-1
2020-03-26 00:03:00,35.957653,126.983864,어양동,3,기타,-1:0,-1
2020-03-26 10:21:00,35.97368,126.934006,현영동,4,"가축 분뇨 냄새(닭, 돼지, 소)",-10:3,-1
2020-03-27 15:10:00,35.973137,127.08082,왕궁면 흥암리,4,하수구 냄새,17:3,-1
2020-03-29 18:21:00,36.062286,126.9334,성당면 대선리,3,기타,-10:23,-1
2020-03-30 18:28:00,36.062286,126.9334,성당면 대선리,4,기타,-10:23,-1
2020-03-31 18:27:00,36.062286,126.9334,성당면 대선리,3,기타,-10:23,-1
2020-04-01 08:08:00,36.062286,126.9334,성당면 대선리,4,기타,-10:23,-1
2020-04-02 08:33:00,35.961296,126.994194,부송동,5,"공장 냄새(화학약품, 매캐함)",1:1,-1
2020-04-02 14:19:00,36.062286,126.9334,성당면 대선리,4,기타,-10:23,-1
2020-04-02 21:31:00,35.948364,126.96429,영등동,3,"공장 냄새(화학약품, 매캐함)",-4:-2,-1
2020-04-03 08:56:00,35.961006,126.99464,부송동,5,"공장 냄새(화학약품, 매캐함)",1:0,-1
2020-04-03 18:35:00,36.062286,126.9334,성당면 대선리,4,기타,-10:23,-1
2020-04-04 00:47:00,35.948536,126.964066,영등동,4,기타,-4:-2,-1
2020-04-04 21:55:00,35.959812,126.971375,영등동,5,기타,-3:0,-1
2020-04-06 10:33:00,35.9474,127.08977,왕궁면 구덕리,5,기타,19:-3,-1
2020-04-06 14:20:00,35.97164,127.07928,왕궁면 동촌리,4,"가축 분뇨 냄새(닭, 돼지, 소)",17:3,-1
2020-04-07 13:14:00,36.062286,126.9334,성당면 대선리,3,기타,-10:23,-1
2020-04-08 05:58:00,35.957546,126.998405,부송동,5,"공장 냄새(화학약품, 매캐함)",2:0,-1
2020-04-08 18:25:00,36.062286,126.9334,성당면 대선리,3,기타,-10:23,-1
2020-04-10 07:56:00,35.945866,126.9815,신흥동,4,기타,-1:-3,-1
2020-04-10 13:25:00,36.062286,126.9334,성당면 대선리,3,기타,-10:23,-1
2020-04-10 20:06:00,35.962917,126.95826,신동,4,"가축 분뇨 냄새(닭, 돼지, 소)",-5:1,-1
2020-04-12 01:28:00,35.9583,126.99766,부송동,4,기타,2:0,-1
2020-04-12 01:28:00,35.9583,126.99766,부송동,4,기타,2:0,-1
2020-04-12 01:33:00,35.9583,126.99767,부송동,4,"가축 분뇨 냄새(닭, 돼지, 소)",2:0,-1
2020-04-12 01:33:00,35.9583,126.99767,부송동,4,"가축 분뇨 냄새(닭, 돼지, 소)",2:0,-1
2020-04-13 17:15:00,35.948887,126.96347,영등동,3,"공장 냄새(화학약품, 매캐함)",-4:-2,-1
2020-04-14 11:55:00,36.062286,126.9334,성당면 대선리,4,기타,-10:23,-1
2020-04-15 00:44:00,35.96137,126.994194,부송동,5,"가축 분뇨 냄새(닭, 돼지, 소)",1:1,-1
2020-04-15 03:02:00,35.957836,126.99816,부송동,4,"공장 냄새(화학약품, 매캐함)",2:0,-1
2020-04-16 20:39:00,36.04586,126.96075,함열읍 석매리,5,"가축 분뇨 냄새(닭, 돼지, 소)",-5:19,-1
2020-04-18 11:58:00,36.062286,126.9334,성당면 대선리,5,기타,-10:23,-1
2020-04-19 01:57:00,35.948547,126.96399,영등동,3,"공장 냄새(화학약품, 매캐함)",-4:-2,-1
2020-04-19 16:38:00,35.961296,126.99393,부송동,3,"공장 냄새(화학약품, 매캐함)",1:1,-1
2020-04-20 12:21:00,36.062286,126.9334,성당면 대선리,4,기타,-10:23,-1
2020-04-22 06:55:00,36.062286,126.9334,성당면 대선리,3,기타,-10:23,-1
2020-04-22 07:52:00,36.062286,126.9334,성당면 대선리,3,기타,-10:23,-1
2020-04-22 13:53:00,36.062286,126.9334,성당면 대선리,5,하수구 냄새,-10:23,-1
2020-04-23 06:36:00,36.062286,126.9334,성당면 대선리,3,하수구 냄새,-10:23,-1
2020-04-23 13:09:00,36.062286,126.9334,성당면 대선리,4,기타,-10:23,-1
2020-04-23 20:37:00,35.96363,126.95781,신동,3,"공장 냄새(화학약품, 매캐함)",-5:1,-1
2020-04-23 20:55:00,36.062286,126.9334,성당면 대선리,4,기타,-10:23,-1
2020-04-23 21:56:00,35.96358,126.973946,영등동,5,기타,-2:1,-1
2020-04-25 18:25:00,36.062286,126.9334,성당면 대선리,3,기타,-10:23,-1
2020-04-26 12:41:00,36.062286,126.9334,성당면 대선리,4,기타,-10:23,-1
2020-04-27 05:59:00,36.062286,126.9334,성당면 대선리,3,"가축 분뇨 냄새(닭, 돼지, 소)",-10:23,-1
2020-04-27 13:07:00,36.062286,126.9334,성당면 대선리,3,기타,-10:23,-1
2020-04-28 12:55:00,35.95675,126.972046,영등동,3,"가축 분뇨 냄새(닭, 돼지, 소)",-3:0,-1
2020-04-28 19:52:00,36.062286,126.9334,성당면 대선리,5,기타,-10:23,-1
2020-04-28 23:38:00,35.961403,126.99445,부송동,5,하수구 냄새,1:1,-1
2020-04-29 17:48:00,35.991467,126.975914,월성동,3,"가축 분뇨 냄새(닭, 돼지, 소)",-2:7,-1
2020-04-30 01:07:00,35.961437,126.994194,부송동,4,하수구 냄새,1:1,-1
2020-04-30 02:29:00,35.948536,126.96402,영등동,4,기타,-4:-2,-1
2020-05-01 08:46:00,35.961403,126.994415,부송동,4,"가축 분뇨 냄새(닭, 돼지, 소)",1:1,-1
2020-05-02 13:33:00,35.94856,126.964,영등동,5,"가축 분뇨 냄새(닭, 돼지, 소)",-4:-2,-1
2020-05-02 15:40:00,36.086723,127.036705,낭산면 석천리,4,기타,9:28,-1
2020-05-02 20:33:00,35.948563,126.964355,영등동,3,"가축 분뇨 냄새(닭, 돼지, 소)",-4:-2,-1
2020-05-02 20:33:00,35.948563,126.964355,영등동,3,"가축 분뇨 냄새(닭, 돼지, 소)",-4:-2,-1
2020-05-02 22:07:00,35.961403,126.99401,부송동,4,하수구 냄새,1:1,-1
2020-05-03 13:09:00,35.97368,126.934006,현영동,5,"가축 분뇨 냄새(닭, 돼지, 소)",-10:3,-1
2020-05-05 13:53:00,36.045288,126.96281,함열읍 석매리,3,기타,-4:19,-1
2020-05-06 23:40:00,35.965008,127.01424,팔봉동,2,기타,5:1,-1
2020-05-07 22:14:00,35.959656,126.99603,부송동,2,"가축 분뇨 냄새(닭, 돼지, 소)",2:0,-1
2020-05-08 10:16:00,35.964394,127.0149,팔봉동,3,"가축 분뇨 냄새(닭, 돼지, 소)",5:1,-1
2020-05-08 15:36:00,35.92091,126.8764,오산면 신지리,5,"가축 분뇨 냄새(닭, 돼지, 소)",-20:-8,-1
2020-05-09 16:58:00,36.009773,127.052605,금마면 신용리,4,기타,12:11,-1
2020-05-10 14:55:00,35.961388,126.978065,영등동,3,"가축 분뇨 냄새(닭, 돼지, 소)",-2:1,-1
2020-05-10 21:48:00,35.969498,126.93561,현영동,5,"가축 분뇨 냄새(닭, 돼지, 소)",-9:2,-1
2020-05-11 00:34:00,35.927002,126.95426,인화동2가,5,기타,-6:-7,-1
2020-05-13 23:32:00,35.951813,126.97535,영등동,3,"가축 분뇨 냄새(닭, 돼지, 소)",-2:-2,-1
2020-05-14 02:41:00,35.963528,126.9871,부송동,5,"가축 분뇨 냄새(닭, 돼지, 소)",0:1,-1
2020-05-14 06:03:00,35.960968,126.9757,영등동,5,하수구 냄새,-2:0,-1
2020-05-15 11:55:00,35.96133,126.99432,부송동,4,"공장 냄새(화학약품, 매캐함)",1:1,-1
2020-05-15 17:52:00,35.961296,126.99335,부송동,4,"가축 분뇨 냄새(닭, 돼지, 소)",1:1,-1
2020-05-16 10:59:00,35.99145,126.97603,월성동,3,기타,-2:7,-1
2020-05-16 15:53:00,35.991486,126.97547,월성동,3,기타,-2:7,-1
2020-05-16 16:45:00,35.99152,126.975555,월성동,4,기타,-2:7,-1
2020-05-18 05:17:00,35.926914,126.95415,인화동2가,5,기타,-6:-7,-1
2020-05-18 15:00:00,35.964214,127.01459,팔봉동,3,"공장 냄새(화학약품, 매캐함)",5:1,-1
2020-05-20 21:07:00,36.009808,127.052666,금마면 신용리,4,하수구 냄새,12:11,-1
2020-05-21 03:50:00,35.947823,126.9692,영등동,3,"가축 분뇨 냄새(닭, 돼지, 소)",-3:-2,-1
2020-05-21 23:45:00,36.13588,127.00045,망성면 화산리,4,기타,2:39,-1
2020-05-22 02:36:00,35.92695,126.95436,인화동2가,3,기타,-6:-7,-1
2020-05-22 17:06:00,35.93464,126.93848,평화동,0,해당사항없음,-9:-5,-1
2020-05-23 12:00:00,35.933834,126.97001,동산동,5,하수구 냄새,-3:-6,-1
2020-05-23 12:00:00,35.933903,126.96988,동산동,3,하수구 냄새,-3:-6,-1
2020-05-23 15:29:00,35.961746,127.01312,팔봉동,3,"공장 냄새(화학약품, 매캐함)",5:1,-1
2020-05-23 20:35:00,35.96432,127.01481,팔봉동,3,"공장 냄새(화학약품, 매캐함)",5:1,-1
2020-05-23 23:23:00,35.95762,126.99871,부송동,5,"가축 분뇨 냄새(닭, 돼지, 소)",2:0,2
2020-05-23 23:24:00,35.95769,126.99809,부송동,5,"가축 분뇨 냄새(닭, 돼지, 소)",2:0,2
2020-05-23 23:27:00,35.93651,126.96916,마동,2,기타,-3:-5,-1
2020-05-23 23:28:00,35.94849,126.964,영등동,4,"가축 분뇨 냄새(닭, 돼지, 소)",-4:-2,-1
2020-05-23 23:29:00,35.95787,126.999535,부송동,4,"공장 냄새(화학약품, 매캐함)",2:0,2
2020-05-23 23:33:00,35.934235,126.97009,마동,4,"가축 분뇨 냄새(닭, 돼지, 소)",-3:-5,-1
2020-05-23 23:39:00,35.961044,126.99406,부송동,4,"가축 분뇨 냄새(닭, 돼지, 소)",1:0,2
2020-05-23 23:41:00,35.961437,126.99459,부송동,2,"가축 분뇨 냄새(닭, 돼지, 소)",1:1,2
2020-05-23 23:45:00,35.961437,126.99459,부송동,4,"가축 분뇨 냄새(닭, 돼지, 소)",1:1,2
2020-05-24 00:19:00,35.963516,126.98764,부송동,4,"가축 분뇨 냄새(닭, 돼지, 소)",0:1,2
2020-05-26 00:41:00,35.965153,127.01614,팔봉동,3,"공장 냄새(화학약품, 매캐함)",5:1,-1
2020-05-28 07:47:00,35.958607,126.98338,어양동,3,"공장 냄새(화학약품, 매캐함)",-1:0,-1
2020-05-28 18:11:00,35.934032,126.94876,인화동1가,3,"가축 분뇨 냄새(닭, 돼지, 소)",-7:-5,-1
2020-05-28 20:43:00,36.041073,127.006966,삼기면 연동리,4,기타,4:18,-1
2020-05-30 22:22:00,35.997658,126.94504,황등면 황등리,3,"가축 분뇨 냄새(닭, 돼지, 소)",-8:9,-1
2020-05-30 23:50:00,35.95641,126.99501,부송동,3,"가축 분뇨 냄새(닭, 돼지, 소)",1:-1,-1
2020-05-30 23:53:00,35.955925,126.99521,부송동,3,음식조리 냄새,1:-1,-1
2020-05-30 23:57:00,35.953255,126.984215,어양동,3,하수구 냄새,0:-1,-1
2020-06-01 17:46:00,35.949932,126.95941,남중동,3,음식조리 냄새,-5:-2,-1
2020-06-02 02:21:00,35.960793,126.97768,영등동,4,"가축 분뇨 냄새(닭, 돼지, 소)",-2:0,-1
2020-06-02 07:40:00,35.956573,126.994194,부송동,2,"가축 분뇨 냄새(닭, 돼지, 소)",1:0,-1
2020-06-02 08:14:00,35.948997,126.963554,영등동,5,"공장 냄새(화학약품, 매캐함)",-4:-2,-1
2020-06-02 18:13:00,35.9523,126.9364,모현동1가,3,"가축 분뇨 냄새(닭, 돼지, 소)",-9:-1,-1
2020-06-03 00:07:00,35.926754,126.9588,동산동,3,"가축 분뇨 냄새(닭, 돼지, 소)",-5:-7,-1
2020-06-03 06:40:00,35.956573,126.994194,부송동,2,"가축 분뇨 냄새(닭, 돼지, 소)",1:0,-1
2020-06-03 17:33:00,35.965225,127.01503,팔봉동,3,"공장 냄새(화학약품, 매캐함)",5:1,-1
2020-06-04 00:11:00,35.948494,126.96431,영등동,4,"가축 분뇨 냄새(닭, 돼지, 소)",-4:-2,-1
2020-06-04 14:53:00,35.92775,126.96657,동산동,5,"가축 분뇨 냄새(닭, 돼지, 소)",-4:-7,-1
2020-06-05 05:18:00,35.957474,126.99579,부송동,4,"가축 분뇨 냄새(닭, 돼지, 소)",2:0,-1
2020-06-05 18:27:00,35.926754,126.9588,동산동,5,"공장 냄새(화학약품, 매캐함)",-5:-7,-1
2020-06-05 21:03:00,35.937428,126.97845,신흥동,0,해당사항없음,-2:-5,-1
2020-06-06 16:36:00,35.926754,126.95878,동산동,5,"공장 냄새(화학약품, 매캐함)",-5:-7,-1
2020-06-06 17:11:00,35.947193,126.955574,남중동,3,"공장 냄새(화학약품, 매캐함)",-6:-3,-1
2020-06-06 17:16:00,35.948536,126.964,영등동,2,"공장 냄새(화학약품, 매캐함)",-4:-2,-1
2020-06-06 21:15:00,35.92968,126.97013,동산동,2,"가축 분뇨 냄새(닭, 돼지, 소)",-3:-6,-1
2020-06-07 11:17:00,35.947445,126.95562,남중동,3,"공장 냄새(화학약품, 매캐함)",-6:-3,-1
2020-06-07 11:26:00,35.9523,126.9364,모현동1가,4,"가축 분뇨 냄새(닭, 돼지, 소)",-9:-1,-1
2020-06-07 12:18:00,35.96166,126.97408,영등동,3,"공장 냄새(화학약품, 매캐함)",-2:1,-1
2020-06-07 17:21:00,35.964863,126.98266,어양동,3,"공장 냄새(화학약품, 매캐함)",-1:1,-1
2020-06-07 17:32:00,35.96305,126.94989,신동,3,"가축 분뇨 냄새(닭, 돼지, 소)",-7:1,-1
2020-06-07 17:40:00,35.93007,126.95745,동산동,2,"공장 냄새(화학약품, 매캐함)",-5:-6,-1
2020-06-07 21:30:00,35.963314,126.98333,어양동,5,"가축 분뇨 냄새(닭, 돼지, 소)",-1:1,-1
2020-06-07 22:15:00,35.95311,126.98488,어양동,4,"가축 분뇨 냄새(닭, 돼지, 소)",0:-1,-1
2020-06-08 17:18:00,35.965366,126.98235,어양동,3,"공장 냄새(화학약품, 매캐함)",-1:1,-1
2020-06-08 17:59:00,35.960503,126.98559,어양동,4,"공장 냄새(화학약품, 매캐함)",0:0,-1
2020-06-08 18:05:00,35.96295,126.98324,어양동,4,"공장 냄새(화학약품, 매캐함)",-1:1,-1
2020-06-08 19:36:00,35.929745,126.9652,동산동,3,"가축 분뇨 냄새(닭, 돼지, 소)",-4:-6,-1
2020-06-08 21:02:00,35.961636,126.97407,영등동,4,"공장 냄새(화학약품, 매캐함)",-2:1,-1
2020-06-08 21:57:00,35.959705,126.97656,영등동,0,해당사항없음,-2:0,-1
2020-06-09 02:37:00,35.957798,126.99774,부송동,4,"공장 냄새(화학약품, 매캐함)",2:0,-1
2020-06-09 02:56:00,35.95697,126.99729,부송동,3,"공장 냄새(화학약품, 매캐함)",2:0,-1
2020-06-09 03:08:00,35.93393,126.9705,동산동,5,"가축 분뇨 냄새(닭, 돼지, 소)",-3:-6,-1
2020-06-09 03:15:00,35.954624,126.9847,어양동,5,"공장 냄새(화학약품, 매캐함)",0:-1,-1
2020-06-09 07:58:00,35.96137,126.99393,부송동,3,"가축 분뇨 냄새(닭, 돼지, 소)",1:1,-1
2020-06-09 16:06:00,35.965366,126.98226,어양동,4,"공장 냄새(화학약품, 매캐함)",-1:1,-1
2020-06-09 16:28:00,35.963528,126.97861,영등동,3,"공장 냄새(화학약품, 매캐함)",-2:1,-1
2020-06-09 16:56:00,35.963383,126.97362,영등동,4,"공장 냄새(화학약품, 매캐함)",-2:1,-1
2020-06-09 16:57:00,35.963562,126.97415,영등동,5,"공장 냄새(화학약품, 매캐함)",-2:1,-1
2020-06-09 19:28:00,35.961662,126.974106,영등동,4,"공장 냄새(화학약품, 매캐함)",-2:1,-1
2020-06-10 00:51:00,35.963852,126.98641,부송동,3,"공장 냄새(화학약품, 매캐함)",0:1,-1
2020-06-10 01:08:00,36.139484,127.000534,망성면 화산리,5,기타,2:40,-1
2020-06-10 08:25:00,35.96115,126.99401,부송동,3,"가축 분뇨 냄새(닭, 돼지, 소)",1:1,-1
2020-06-10 15:23:00,35.947334,126.955574,남중동,3,"공장 냄새(화학약품, 매캐함)",-6:-3,-1
2020-06-10 21:01:00,35.958447,126.99858,부송동,4,"가축 분뇨 냄새(닭, 돼지, 소)",2:0,-1
2020-06-10 21:03:00,35.963383,126.97362,영등동,3,"가축 분뇨 냄새(닭, 돼지, 소)",-2:1,-1
2020-06-10 21:07:00,35.96108,126.99379,부송동,4,"공장 냄새(화학약품, 매캐함)",1:0,-1
2020-06-10 21:09:00,35.963886,126.97428,영등동,3,기타,-2:1,-1
2020-06-10 21:18:00,35.934723,126.969925,마동,3,"가축 분뇨 냄새(닭, 돼지, 소)",-3:-5,-1
2020-06-11 22:00:00,35.96424,127.014984,팔봉동,3,"공장 냄새(화학약품, 매캐함)",5:1,-1
2020-06-12 11:51:00,35.9977,126.945076,황등면 황등리,4,기타,-8:9,-1
2020-06-12 18:11:00,35.991585,126.975655,월성동,4,기타,-2:7,-1
2020-06-12 23:15:00,35.9574,126.99787,부송동,3,하수구 냄새,2:0,-1
2020-06-12 23:17:00,35.961205,126.9941,부송동,3,"가축 분뇨 냄새(닭, 돼지, 소)",1:1,-1
2020-06-13 16:14:00,35.96526,127.01596,팔봉동,3,"공장 냄새(화학약품, 매캐함)",5:1,-1
2020-06-13 16:45:00,35.963745,127.01547,팔봉동,3,하수구 냄새,5:1,-1
2020-06-13 18:54:00,35.953255,126.984215,어양동,2,기타,0:-1,-1
2020-06-13 22:55:00,35.997276,126.9445,황등면 황등리,4,기타,-8:8,-1
2020-06-14 08:44:00,35.957546,126.998314,부송동,3,"공장 냄새(화학약품, 매캐함)",2:0,-1
2020-06-14 21:06:00,36.041073,127.006966,삼기면 연동리,4,하수구 냄새,4:18,-1
2020-06-15 02:57:00,35.93276,126.942,평화동,3,"가축 분뇨 냄새(닭, 돼지, 소)",-8:-6,-1
2020-06-16 00:58:00,35.96403,126.97392,영등동,4,"가축 분뇨 냄새(닭, 돼지, 소)",-2:1,-1
2020-06-16 01:03:00,35.9344,126.97066,마동,3,기타,-3:-5,-1
2020-06-16 01:06:00,35.92679,126.954216,인화동2가,4,"가축 분뇨 냄새(닭, 돼지, 소)",-6:-7,3
2020-06-16 01:07:00,35.926926,126.95347,인화동2가,5,기타,-6:-7,3
2020-06-16 01:08:00,35.936523,126.96902,마동,3,하수구 냄새,-3:-5,-1
2020-06-16 01:08:00,35.926865,126.95419,인화동2가,5,"가축 분뇨 냄새(닭, 돼지, 소)",-6:-7,3
2020-06-16 01:09:00,35.926853,126.953735,인화동2가,5,기타,-6:-7,3
2020-06-16 01:09:00,35.95194,126.975174,영등동,4,"가축 분뇨 냄새(닭, 돼지, 소)",-2:-2,4
2020-06-16 01:09:00,35.93736,126.95532,주현동,5,기타,-6:-5,3
2020-06-16 01:10:00,35.92704,126.95331,인화동2가,4,기타,-6:-7,3
2020-06-16 01:10:00,35.926857,126.95337,인화동2가,5,"가축 분뇨 냄새(닭, 돼지, 소)",-6:-7,3
2020-06-16 01:11:00,35.957497,126.97396,영등동,5,기타,-2:0,4
2020-06-16 01:11:00,35.926617,126.9539,인화동2가,5,기타,-6:-7,3
2020-06-16 01:12:00,35.93667,126.968704,마동,4,"가축 분뇨 냄새(닭, 돼지, 소)",-3:-5,-1
2020-06-16 01:14:00,35.95192,126.97504,영등동,4,"가축 분뇨 냄새(닭, 돼지, 소)",-2:-2,4
2020-06-16 01:14:00,35.92989,126.95935,동산동,4,"가축 분뇨 냄새(닭, 돼지, 소)",-5:-6,3
2020-06-16 01:15:00,35.94842,126.968124,영등동,4,기타,-3:-2,4
2020-06-16 01:20:00,35.960102,126.97707,영등동,3,기타,-2:0,4
2020-06-16 05:32:00,35.961437,126.99477,부송동,5,"공장 냄새(화학약품, 매캐함)",1:1,-1
2020-06-17 06:21:00,36.135105,126.99467,망성면 화산리,4,"가축 분뇨 냄새(닭, 돼지, 소)",1:39,-1
2020-06-17 07:20:00,35.9567,126.93571,모현동2가,0,해당사항없음,-9:0,-1
2020-06-17 07:32:00,35.956787,126.99494,부송동,3,"가축 분뇨 냄새(닭, 돼지, 소)",1:0,-1
2020-06-17 15:35:00,35.926754,126.9588,동산동,5,"공장 냄새(화학약품, 매캐함)",-5:-7,-1
2020-06-19 17:07:00,35.948547,126.96402,영등동,5,"공장 냄새(화학약품, 매캐함)",-4:-2,-1
2020-06-20 00:22:00,35.963745,127.01547,팔봉동,4,"공장 냄새(화학약품, 매캐함)",5:1,-1
2020-06-20 02:45:00,35.93304,126.96336,동산동,3,"가축 분뇨 냄새(닭, 돼지, 소)",-4:-6,-1
2020-06-20 04:21:00,35.957478,126.995705,부송동,4,"공장 냄새(화학약품, 매캐함)",2:0,-1
2020-06-20 05:37:00,35.94341,126.964355,마동,3,기타,-4:-3,-1
2020-06-20 16:08:00,35.944656,127.008835,용제동,3,"가축 분뇨 냄새(닭, 돼지, 소)",4:-3,-1
2020-06-21 07:19:00,35.92673,126.954,인화동2가,3,기타,-6:-7,-1
2020-06-21 07:50:00,35.937344,126.95527,주현동,4,기타,-6:-5,-1
2020-06-21 21:46:00,35.963745,127.015495,팔봉동,5,"공장 냄새(화학약품, 매캐함)",5:1,-1
2020-06-21 23:56:00,35.953255,126.984215,어양동,3,기타,0:-1,-1
2020-06-22 00:52:00,36.136078,126.99758,망성면 화산리,4,"가축 분뇨 냄새(닭, 돼지, 소)",2:39,-1
2020-06-22 06:12:00,35.934074,126.970436,동산동,4,기타,-3:-5,-1
2020-06-22 06:14:00,35.934254,126.971146,마동,4,기타,-3:-5,-1
2020-06-22 07:32:00,35.961437,126.99406,부송동,4,"가축 분뇨 냄새(닭, 돼지, 소)",1:1,-1
2020-06-22 07:34:00,35.961113,126.9941,부송동,4,"가축 분뇨 냄새(닭, 돼지, 소)",1:1,-1
2020-06-23 07:54:00,35.96115,126.9941,부송동,3,"가축 분뇨 냄새(닭, 돼지, 소)",1:1,-1
2020-06-23 19:19:00,35.953796,126.98541,어양동,3,"공장 냄새(화학약품, 매캐함)",0:-1,-1
2020-06-23 19:25:00,35.961098,126.99417,부송동,5,"공장 냄새(화학약품, 매캐함)",1:1,5
2020-06-23 19:49:00,35.96288,126.991844,부송동,4,"가축 분뇨 냄새(닭, 돼지, 소)",1:1,5
2020-06-23 19:49:00,35.96133,126.99432,부송동,4,"가축 분뇨 냄새(닭, 돼지, 소)",1:1,5
2020-06-23 19:51:00,35.959274,126.99122,부송동,5,"가축 분뇨 냄새(닭, 돼지, 소)",1:0,5
2020-06-23 19:53:00,35.961548,126.994415,부송동,4,"공장 냄새(화학약품, 매캐함)",1:1,5
2020-06-23 20:18:00,35.956337,126.99474,부송동,4,"가축 분뇨 냄새(닭, 돼지, 소)",1:-1,5
2020-06-23 20:26:00,35.969532,126.935036,현영동,5,하수구 냄새,-9:2,-1
2020-06-23 20:28:00,35.9543,126.98453,어양동,4,"가축 분뇨 냄새(닭, 돼지, 소)",0:-1,5
2020-06-23 21:12:00,35.963387,126.99122,부송동,4,음식조리 냄새,1:1,5
2020-06-23 21:17:00,35.933968,126.97025,동산동,3,"가축 분뇨 냄새(닭, 돼지, 소)",-3:-5,-1
2020-06-23 21:31:00,35.93402,126.97037,동산동,5,"가축 분뇨 냄새(닭, 돼지, 소)",-3:-5,-1
2020-06-23 21:38:00,35.93411,126.970566,동산동,4,"가축 분뇨 냄새(닭, 돼지, 소)",-3:-5,-1
2020-06-23 21:51:00,35.94287,126.96768,마동,2,"공장 냄새(화학약품, 매캐함)",-3:-4,-1
2020-06-23 22:01:00,35.959312,126.9918,부송동,5,"가축 분뇨 냄새(닭, 돼지, 소)",1:0,5
2020-06-23 22:02:00,35.962772,126.99153,부송동,5,"가축 분뇨 냄새(닭, 돼지, 소)",1:1,5
2020-06-23 22:03:00,35.95924,126.99628,부송동,5,"가축 분뇨 냄새(닭, 돼지, 소)",2:0,5
2020-06-23 22:31:00,35.964455,126.97906,영등동,5,음식조리 냄새,-1:1,-1
2020-06-24 00:19:00,36.13543,126.99862,망성면 화산리,4,"가축 분뇨 냄새(닭, 돼지, 소)",2:39,-1
2020-06-24 02:42:00,35.963745,127.015495,팔봉동,3,"공장 냄새(화학약품, 매캐함)",5:1,-1
2020-06-24 08:45:00,35.97512,126.93787,현영동,3,기타,-9:4,-1
2020-06-24 11:38:00,35.97368,126.934006,현영동,5,"가축 분뇨 냄새(닭, 돼지, 소)",-10:3,-1
2020-06-24 18:58:00,35.93395,126.96995,동산동,5,하수구 냄새,-3:-6,-1
2020-06-24 18:59:00,35.93391,126.96986,동산동,5,하수구 냄새,-3:-6,-1
2020-06-24 19:01:00,35.930164,126.971344,동산동,3,"가축 분뇨 냄새(닭, 돼지, 소)",-3:-6,-1
2020-06-24 21:24:00,35.93595,126.97859,금강동,4,하수구 냄새,-2:-5,-1
2020-06-24 22:10:00,35.929207,126.96574,동산동,3,기타,-4:-7,-1
2020-06-24 22:17:00,35.927616,126.954216,인화동2가,4,기타,-6:-7,-1
2020-06-24 22:24:00,35.926662,126.954506,인화동2가,4,기타,-6:-7,-1
2020-06-25 12:28:00,35.97444,126.95157,신용동,2,"가축 분뇨 냄새(닭, 돼지, 소)",-6:3,-1
2020-06-26 10:35:00,35.944477,126.93049,송학동,3,"공장 냄새(화학약품, 매캐함)",-10:-3,-1
2020-06-26 17:33:00,35.991287,126.97529,월성동,5,기타,-2:7,-1
2020-06-26 18:27:00,35.99199,126.97529,월성동,5,기타,-2:7,-1
2020-06-26 22:10:00,35.97368,126.934006,현영동,5,기타,-10:3,-1
2020-06-27 00:36:00,35.95113,127.012146,석암동,2,"공장 냄새(화학약품, 매캐함)",5:-2,-1
2020-06-27 01:01:00,35.958195,126.98373,어양동,4,"가축 분뇨 냄새(닭, 돼지, 소)",-1:0,-1
2020-06-27 01:01:00,35.940926,126.98254,신흥동,3,"가축 분뇨 냄새(닭, 돼지, 소)",-1:-4,-1
2020-06-27 01:10:00,35.953976,126.98384,어양동,3,"가축 분뇨 냄새(닭, 돼지, 소)",-1:-1,-1
2020-06-27 01:14:00,35.95697,126.99317,부송동,4,"가축 분뇨 냄새(닭, 돼지, 소)",1:0,-1
2020-06-27 01:38:00,35.934074,126.97074,동산동,3,"가축 분뇨 냄새(닭, 돼지, 소)",-3:-5,-1
2020-06-27 02:21:00,35.963745,127.01547,팔봉동,4,"가축 분뇨 냄새(닭, 돼지, 소)",5:1,-1
2020-06-27 09:35:00,35.96115,126.9941,부송동,4,"공장 냄새(화학약품, 매캐함)",1:1,-1
2020-06-27 11:44:00,35.95924,126.997696,부송동,5,"공장 냄새(화학약품, 매캐함)",2:0,-1
2020-06-27 19:14:00,35.961475,126.99401,부송동,3,"가축 분뇨 냄새(닭, 돼지, 소)",1:1,-1
2020-06-27 23:36:00,35.96137,126.994194,부송동,5,"공장 냄새(화학약품, 매캐함)",1:1,-1
2020-06-28 00:13:00,35.96028,126.9745,영등동,1,"공장 냄새(화학약품, 매캐함)",-2:0,-1
2020-06-28 06:15:00,36.03608,126.99934,삼기면 오룡리,4,기타,2:17,-1
2020-06-28 08:25:00,35.961185,126.99415,부송동,4,"가축 분뇨 냄새(닭, 돼지, 소)",1:1,-1
2020-06-29 02:18:00,36.036,126.9994,삼기면 오룡리,3,"가축 분뇨 냄새(닭, 돼지, 소)",2:17,-1
2020-06-29 10:28:00,35.95163,126.97477,영등동,4,하수구 냄새,-2:-2,-1
2020-06-29 10:33:00,35.961475,126.9941,부송동,4,기타,1:1,-1
2020-06-29 11:43:00,35.962845,126.98524,부송동,5,"가축 분뇨 냄새(닭, 돼지, 소)",0:1,-1
2020-06-29 11:51:00,35.95241,126.9757,영등동,4,하수구 냄새,-2:-1,-1
2020-06-29 12:34:00,35.952286,126.97574,영등동,3,"가축 분뇨 냄새(닭, 돼지, 소)",-2:-1,-1
2020-06-29 14:03:00,35.93595,126.97859,금강동,4,하수구 냄새,-2:-5,-1
2020-06-29 14:25:00,35.934723,126.969925,마동,4,"가축 분뇨 냄새(닭, 돼지, 소)",-3:-5,-1
2020-06-29 15:07:00,35.961075,126.974815,영등동,5,"가축 분뇨 냄새(닭, 돼지, 소)",-2:0,-1
2020-06-29 16:47:00,35.96108,126.994194,부송동,5,"공장 냄새(화학약품, 매캐함)",1:0,-1
2020-06-29 20:47:00,35.961258,126.994194,부송동,5,"공장 냄새(화학약품, 매캐함)",1:1,-1
2020-06-29 21:26:00,35.956264,126.995186,부송동,3,"가축 분뇨 냄새(닭, 돼지, 소)",1:-1,-1
2020-06-29 23:36:00,35.961224,126.99459,부송동,5,"공장 냄새(화학약품, 매캐함)",1:1,-1
2020-06-29 23:50:00,35.95475,126.9873,어양동,5,"공장 냄새(화학약품, 매캐함)",0:-1,-1
2020-07-01 23:25:00,35.927258,126.95488,인화동2가,4,기타,-6:-7,-1
2020-07-01 23:36:00,35.92685,126.95349,인화동2가,4,기타,-6:-7,-1
2020-07-01 23:37:00,35.926857,126.95347,인화동2가,4,기타,-6:-7,-1
2020-07-02 00:22:00,35.964104,126.97375,영등동,3,"가축 분뇨 냄새(닭, 돼지, 소)",-2:1,-1
2020-07-02 02:12:00,35.953697,126.98409,어양동,3,"가축 분뇨 냄새(닭, 돼지, 소)",-1:-1,-1
2020-07-02 02:28:00,35.93627,126.969215,마동,4,"가축 분뇨 냄새(닭, 돼지, 소)",-3:-5,-1
2020-07-02 03:39:00,35.96106,126.9873,부송동,3,"가축 분뇨 냄새(닭, 돼지, 소)",0:0,-1
2020-07-02 06:52:00,35.92726,126.96102,동산동,3,"가축 분뇨 냄새(닭, 돼지, 소)",-5:-7,-1
2020-07-02 08:00:00,35.96544,127.015434,팔봉동,3,기타,5:1,-1
2020-07-02 08:39:00,35.935265,126.97189,마동,4,"가축 분뇨 냄새(닭, 돼지, 소)",-3:-5,-1
2020-07-02 20:34:00,35.95639,126.99488,부송동,5,"가축 분뇨 냄새(닭, 돼지, 소)",1:-1,-1
2020-07-02 20:36:00,35.961548,126.99401,부송동,2,"가축 분뇨 냄새(닭, 돼지, 소)",1:1,-1
2020-07-02 21:50:00,35.934074,126.97012,동산동,3,"가축 분뇨 냄새(닭, 돼지, 소)",-3:-5,-1
2020-07-03 00:17:00,35.961113,126.993835,부송동,5,기타,1:1,-1
2020-07-03 00:21:00,35.962807,126.98519,부송동,4,"가축 분뇨 냄새(닭, 돼지, 소)",0:1,-1
2020-07-03 00:41:00,35.954247,126.98579,어양동,4,"공장 냄새(화학약품, 매캐함)",0:-1,-1
2020-07-03 11:32:00,35.96407,126.97397,영등동,3,"가축 분뇨 냄새(닭, 돼지, 소)",-2:1,-1
2020-07-03 12:04:00,35.95742,126.995636,부송동,4,"가축 분뇨 냄새(닭, 돼지, 소)",2:0,-1
2020-07-04 16:26:00,35.962143,126.993546,부송동,3,"공장 냄새(화학약품, 매캐함)",1:1,-1
2020-07-04 19:35:00,35.926884,126.953415,인화동2가,5,기타,-6:-7,-1
2020-07-04 19:36:00,35.927002,126.95388,인화동2가,5,기타,-6:-7,-1
2020-07-04 19:36:00,35.927113,126.95426,인화동2가,5,기타,-6:-7,-1
2020-07-04 19:36:00,35.92687,126.953415,인화동2가,5,기타,-6:-7,-1
2020-07-05 06:00:00,35.93229,126.94103,평화동,4,기타,-8:-6,-1
2020-07-05 06:44:00,35.96205,126.99246,부송동,3,"가축 분뇨 냄새(닭, 돼지, 소)",1:1,-1
2020-07-06 01:15:00,35.954517,126.98548,어양동,5,"가축 분뇨 냄새(닭, 돼지, 소)",0:-1,-1
2020-07-06 01:32:00,35.957455,126.998116,부송동,4,"가축 분뇨 냄새(닭, 돼지, 소)",2:0,-1
2020-07-06 01:41:00,35.954155,126.98439,어양동,5,"가축 분뇨 냄새(닭, 돼지, 소)",0:-1,-1
2020-07-06 02:37:00,35.934074,126.969505,동산동,4,기타,-3:-5,-1
2020-07-06 04:30:00,35.932262,126.94098,평화동,4,"가축 분뇨 냄새(닭, 돼지, 소)",-8:-6,-1
2020-07-06 05:46:00,35.93631,126.968834,마동,4,기타,-3:-5,-1
2020-07-06 06:11:00,35.933376,126.96224,동산동,4,기타,-4:-6,-1
2020-07-06 06:35:00,35.933292,126.94674,평화동,4,"가축 분뇨 냄새(닭, 돼지, 소)",-7:-6,-1
2020-07-06 06:37:00,35.95026,126.96404,영등동,5,"가축 분뇨 냄새(닭, 돼지, 소)",-4:-2,-1
2020-07-06 06:39:00,35.958447,126.99858,부송동,5,"가축 분뇨 냄새(닭, 돼지, 소)",2:0,6
2020-07-06 06:40:00,35.92736,126.961105,동산동,3,"가축 분뇨 냄새(닭, 돼지, 소)",-5:-7,-1
2020-07-06 06:44:00,35.94744,126.9464,모현동1가,3,기타,-7:-3,-1
2020-07-06 06:47:00,35.957363,126.974106,영등동,4,"가축 분뇨 냄새(닭, 돼지, 소)",-2:0,-1
2020-07-06 06:52:00,35.94744,126.9464,모현동1가,4,"가축 분뇨 냄새(닭, 돼지, 소)",-7:-3,-1
2020-07-06 06:57:00,35.958664,126.9928,부송동,5,"공장 냄새(화학약품, 매캐함)",1:0,6
2020-07-06 06:58:00,35.96245,126.98716,부송동,3,"가축 분뇨 냄새(닭, 돼지, 소)",0:1,6
2020-07-06 07:01:00,35.954945,126.988335,어양동,4,"가축 분뇨 냄새(닭, 돼지, 소)",0:-1,6
2020-07-06 07:01:00,35.953255,126.984215,어양동,3,기타,0:-1,6
2020-07-06 07:04:00,35.951458,126.96797,영등동,3,"가축 분뇨 냄새(닭, 돼지, 소)",-3:-2,-1
2020-07-06 07:06:00,35.960754,126.98652,부송동,5,"공장 냄새(화학약품, 매캐함)",0:0,6
2020-07-06 07:10:00,35.945564,126.941345,모현동1가,4,"가축 분뇨 냄새(닭, 돼지, 소)",-8:-3,-1
2020-07-06 07:13:00,35.958664,126.9928,부송동,5,음식조리 냄새,1:0,6
2020-07-06 07:22:00,35.957726,126.99814,부송동,5,기타,2:0,6
2020-07-06 07:25:00,35.961224,126.99406,부송동,4,"공장 냄새(화학약품, 매캐함)",1:1,6
2020-07-06 07:29:00,35.94395,126.96458,마동,3,기타,-4:-3,-1
2020-07-06 07:34:00,35.95746,126.99575,부송동,4,"가축 분뇨 냄새(닭, 돼지, 소)",2:0,6
2020-07-06 07:36:00,35.962357,126.99239,부송동,2,기타,1:1,6
2020-07-06 07:57:00,35.957256,126.99574,부송동,5,기타,2:0,6
2020-07-06 07:59:00,35.965656,126.98377,어양동,5,"가축 분뇨 냄새(닭, 돼지, 소)",-1:2,6
2020-07-06 08:07:00,35.93411,126.97012,동산동,4,"가축 분뇨 냄새(닭, 돼지, 소)",-3:-5,-1
2020-07-06 08:08:00,35.976532,126.949875,신용동,4,"가축 분뇨 냄새(닭, 돼지, 소)",-7:4,-1
2020-07-06 08:08:00,35.934254,126.9707,동산동,3,"가축 분뇨 냄새(닭, 돼지, 소)",-3:-5,-1
2020-07-06 08:22:00,35.95763,126.962,신동,3,기타,-5:0,-1
2020-07-06 09:24:00,35.95826,126.96204,신동,3,"가축 분뇨 냄새(닭, 돼지, 소)",-4:0,-1
2020-07-06 15:51:00,35.97154,127.00005,부송동,4,하수구 냄새,2:3,-1
2020-07-07 05:00:00,35.932297,126.941,평화동,4,"가축 분뇨 냄새(닭, 돼지, 소)",-8:-6,-1
2020-07-08 20:26:00,35.99564,126.94717,황등면 황등리,4,기타,-7:8,-1
2020-07-08 21:12:00,35.96133,126.99366,부송동,5,"공장 냄새(화학약품, 매캐함)",1:1,-1
2020-07-08 21:16:00,35.961548,126.993706,부송동,5,"공장 냄새(화학약품, 매캐함)",1:1,-1
2020-07-08 21:17:00,35.961224,126.99432,부송동,5,"공장 냄새(화학약품, 매캐함)",1:1,-1
2020-07-08 21:18:00,35.96115,126.99366,부송동,5,"공장 냄새(화학약품, 매캐함)",1:1,-1
2020-07-08 22:46:00,35.957275,126.9996,부송동,3,"공장 냄새(화학약품, 매캐함)",2:0,-1
2020-07-08 23:03:00,35.95769,126.99916,부송동,4,하수구 냄새,2:0,-1
2020-07-09 06:35:00,35.95708,126.9617,신동,3,"가축 분뇨 냄새(닭, 돼지, 소)",-5:0,-1
2020-07-09 06:43:00,35.965294,127.01645,팔봉동,4,기타,5:1,-1
2020-07-09 07:12:00,35.961258,126.9945,부송동,5,"가축 분뇨 냄새(닭, 돼지, 소)",1:1,-1
2020-07-09 07:52:00,35.96133,126.994194,부송동,5,"공장 냄새(화학약품, 매캐함)",1:1,-1
2020-07-09 07:54:00,35.957237,126.97415,영등동,1,"공장 냄새(화학약품, 매캐함)",-2:0,-1
2020-07-09 08:00:00,35.953255,126.984215,어양동,5,"공장 냄새(화학약품, 매캐함)",0:-1,-1
2020-07-09 18:18:00,35.961113,126.99397,부송동,3,"가축 분뇨 냄새(닭, 돼지, 소)",1:1,7
2020-07-09 18:41:00,35.956448,126.99493,부송동,4,"가축 분뇨 냄새(닭, 돼지, 소)",1:-1,7
2020-07-09 18:41:00,35.961185,126.994545,부송동,2,기타,1:1,7
2020-07-09 18:45:00,35.963886,126.97428,영등동,3,기타,-2:1,-1
2020-07-09 19:04:00,35.9543,126.98883,어양동,3,"가축 분뇨 냄새(닭, 돼지, 소)",0:-1,7
2020-07-09 19:08:00,35.962486,126.99242,부송동,4,"가축 분뇨 냄새(닭, 돼지, 소)",1:1,7
2020-07-09 19:09:00,35.954346,126.98392,어양동,3,"가축 분뇨 냄새(닭, 돼지, 소)",-1:-1,7
2020-07-09 19:12:00,35.9626,126.991844,부송동,2,"가축 분뇨 냄새(닭, 돼지, 소)",1:1,7
2020-07-09 19:18:00,35.95747,126.97406,영등동,3,"공장 냄새(화학약품, 매캐함)",-2:0,-1
2020-07-09 21:10:00,35.963745,127.01547,팔봉동,4,"공장 냄새(화학약품, 매캐함)",5:1,-1
2020-07-09 21:21:00,35.96313,126.98297,어양동,3,"가축 분뇨 냄새(닭, 돼지, 소)",-1:1,-1
2020-07-10 18:14:00,35.99146,126.97587,월성동,4,"가축 분뇨 냄새(닭, 돼지, 소)",-2:7,-1
2020-07-11 13:08:00,35.96324,126.98333,어양동,4,하수구 냄새,-1:1,-1
2020-07-11 18:09:00,35.96479,126.98368,어양동,4,하수구 냄새,-1:1,-1
2020-07-12 02:40:00,35.95852,126.98341,어양동,4,"가축 분뇨 냄새(닭, 돼지, 소)",-1:0,-1
2020-07-12 02:44:00,35.952065,126.975174,영등동,2,"가축 분뇨 냄새(닭, 돼지, 소)",-2:-1,-1
2020-07-12 09:05:00,35.96137,126.994194,부송동,3,"가축 분뇨 냄새(닭, 돼지, 소)",1:1,-1
2020-07-12 10:15:00,35.934074,126.969505,동산동,4,"가축 분뇨 냄새(닭, 돼지, 소)",-3:-5,-1
2020-07-12 11:53:00,35.965405,127.0157,팔봉동,3,"가축 분뇨 냄새(닭, 돼지, 소)",5:1,-1
2020-07-12 15:15:00,35.957474,126.99956,부송동,2,기타,2:0,-1
2020-07-12 15:25:00,35.95727,126.973885,영등동,2,"공장 냄새(화학약품, 매캐함)",-2:0,-1
2020-07-12 15:45:00,35.957397,126.97408,영등동,3,"가축 분뇨 냄새(닭, 돼지, 소)",-2:0,-1
2020-07-12 15:54:00,36.033676,126.95857,함열읍 다송리,4,기타,-5:17,-1
2020-07-13 08:58:00,35.961655,126.99428,부송동,3,하수구 냄새,1:1,-1
2020-07-13 12:35:00,35.957184,126.97408,영등동,2,"공장 냄새(화학약품, 매캐함)",-2:0,-1
2020-07-13 23:06:00,35.961098,126.98681,부송동,2,하수구 냄새,0:1,-1
2020-07-14 02:22:00,35.933994,126.97008,동산동,5,"가축 분뇨 냄새(닭, 돼지, 소)",-3:-5,-1
2020-07-16 08:53:00,35.953705,126.972374,영등동,2,"가축 분뇨 냄새(닭, 돼지, 소)",-3:-1,-1
2020-07-16 19:58:00,36.135254,126.998276,망성면 화산리,4,"가축 분뇨 냄새(닭, 돼지, 소)",2:39,-1
2020-07-17 09:03:00,35.94322,126.940384,모현동1가,4,기타,-8:-3,-1
2020-07-17 18:55:00,36.036793,126.922905,황등면 구자리,4,기타,-12:17,-1
2020-07-17 21:31:00,36.001514,126.94503,황등면 황등리,3,기타,-8:9,-1
2020-07-17 21:34:00,36.001514,126.94505,황등면 황등리,4,기타,-8:9,-1
2020-07-17 23:37:00,35.96227,126.9859,부송동,4,"공장 냄새(화학약품, 매캐함)",0:1,-1
2020-07-18 01:56:00,35.9609,126.98767,부송동,3,하수구 냄새,0:0,-1
2020-07-18 02:07:00,35.927147,126.954216,인화동2가,3,기타,-6:-7,-1
2020-07-18 03:11:00,35.958664,126.9928,부송동,3,하수구 냄새,1:0,-1
2020-07-18 05:43:00,35.958664,126.9928,부송동,3,하수구 냄새,1:0,-1
2020-07-18 06:05:00,35.96562,127.01574,팔봉동,5,"가축 분뇨 냄새(닭, 돼지, 소)",5:2,-1
2020-07-18 08:05:00,35.95639,126.99499,부송동,3,"가축 분뇨 냄새(닭, 돼지, 소)",1:-1,8
2020-07-18 08:12:00,35.961655,126.99423,부송동,4,"가축 분뇨 냄새(닭, 돼지, 소)",1:1,8
2020-07-18 08:14:00,35.962414,126.99224,부송동,2,"가축 분뇨 냄새(닭, 돼지, 소)",1:1,8
2020-07-18 08:18:00,35.956753,126.99721,부송동,4,"가축 분뇨 냄새(닭, 돼지, 소)",2:0,8
2020-07-18 08:23:00,35.961113,126.9941,부송동,3,기타,1:1,8
2020-07-18 08:28:00,35.95357,126.98789,어양동,2,"가축 분뇨 냄새(닭, 돼지, 소)",0:-1,8
2020-07-18 19:40:00,35.962666,126.984344,어양동,3,기타,0:1,-1
2020-07-18 20:06:00,35.94831,126.96445,영등동,3,"가축 분뇨 냄새(닭, 돼지, 소)",-4:-2,-1
2020-07-18 20:11:00,35.930176,126.9588,동산동,3,"가축 분뇨 냄새(닭, 돼지, 소)",-5:-6,-1
2020-07-18 20:19:00,35.934074,126.969505,동산동,5,기타,-3:-5,-1
2020-07-18 20:39:00,35.927654,126.96135,동산동,5,"가축 분뇨 냄새(닭, 돼지, 소)",-5:-7,-1
2020-07-18 20:53:00,35.937347,126.95526,주현동,5,기타,-6:-5,-1
2020-07-18 20:56:00,35.927544,126.95408,인화동2가,2,하수구 냄새,-6:-7,-1
2020-07-18 21:04:00,35.933407,126.94684,평화동,3,기타,-7:-6,-1
2020-07-18 21:08:00,36.028385,126.95855,황등면 율촌리,4,기타,-5:15,-1
2020-07-18 21:13:00,35.952705,126.934814,모현동2가,3,"가축 분뇨 냄새(닭, 돼지, 소)",-9:-1,-1
2020-07-18 21:27:00,35.932728,126.93927,평화동,4,"가축 분뇨 냄새(닭, 돼지, 소)",-9:-6,-1
2020-07-18 21:28:00,35.945564,126.941345,모현동1가,4,"가축 분뇨 냄새(닭, 돼지, 소)",-8:-3,-1
2020-07-18 22:55:00,35.96018,126.99931,부송동,5,기타,2:0,-1
2020-07-19 00:01:00,35.961224,126.99445,부송동,2,"공장 냄새(화학약품, 매캐함)",1:1,-1
2020-07-19 07:01:00,35.961258,126.994415,부송동,5,"가축 분뇨 냄새(닭, 돼지, 소)",1:1,-1
2020-07-19 13:11:00,35.957256,126.97408,영등동,2,기타,-2:0,-1
2020-07-19 17:42:00,35.93215,126.94136,평화동,3,기타,-8:-6,-1
2020-07-19 18:41:00,35.927547,126.96102,동산동,5,기타,-5:-7,-1
2020-07-19 18:52:00,35.92722,126.95966,동산동,4,하수구 냄새,-5:-7,-1
2020-07-19 21:57:00,35.93393,126.97048,동산동,4,기타,-3:-6,-1
2020-07-19 22:01:00,35.957397,126.97408,영등동,3,기타,-2:0,-1
2020-07-19 22:02:00,35.96273,126.96266,신동,4,하수구 냄새,-4:1,-1
2020-07-19 22:02:00,35.94341,126.964355,마동,3,기타,-4:-3,-1
2020-07-19 22:42:00,35.93627,126.969215,마동,4,기타,-3:-5,9
2020-07-19 22:49:00,35.933857,126.97039,동산동,5,기타,-3:-6,9
2020-07-19 23:21:00,35.943966,126.96387,마동,2,기타,-4:-3,9
2020-07-20 00:20:00,35.947556,126.96879,영등동,3,"가축 분뇨 냄새(닭, 돼지, 소)",-3:-2,-1
2020-07-20 00:30:00,35.927933,126.959854,동산동,3,"가축 분뇨 냄새(닭, 돼지, 소)",-5:-7,-1
2020-07-20 01:01:00,35.962734,126.982796,어양동,4,하수구 냄새,-1:1,-1
2020-07-20 01:25:00,35.96346,126.98541,부송동,4,"가축 분뇨 냄새(닭, 돼지, 소)",0:1,-1
2020-07-20 08:32:00,35.943233,126.94038,모현동1가,4,기타,-8:-3,-1
2020-07-21 21:13:00,35.944313,126.92968,송학동,4,"공장 냄새(화학약품, 매캐함)",-10:-3,-1
2020-07-21 21:18:00,35.94431,126.92972,송학동,4,"가축 분뇨 냄새(닭, 돼지, 소)",-10:-3,-1
2020-07-21 22:46:00,35.957222,126.99942,부송동,3,"공장 냄새(화학약품, 매캐함)",2:0,-1
2020-07-21 23:55:00,35.96281,126.99162,부송동,1,"가축 분뇨 냄새(닭, 돼지, 소)",1:1,-1
2020-07-22 07:49:00,35.965405,127.01547,팔봉동,5,기타,5:1,-1
2020-07-22 18:58:00,35.9618,126.99428,부송동,3,기타,1:1,-1
2020-07-22 19:56:00,35.957428,126.99949,부송동,3,기타,2:0,10
2020-07-22 20:02:00,35.962627,126.99175,부송동,2,"가축 분뇨 냄새(닭, 돼지, 소)",1:1,10
2020-07-22 20:22:00,35.96115,126.994194,부송동,5,"공장 냄새(화학약품, 매캐함)",1:1,10
2020-07-22 20:29:00,35.962772,126.99166,부송동,2,하수구 냄새,1:1,10
2020-07-22 22:33:00,35.934074,126.9703,동산동,5,하수구 냄새,-3:-5,-1
2020-07-22 22:42:00,35.93649,126.96866,마동,2,"가축 분뇨 냄새(닭, 돼지, 소)",-3:-5,-1
2020-07-22 23:03:00,35.957397,126.972244,영등동,0,해당사항없음,-3:0,-1
2020-07-22 23:43:00,35.957256,126.99942,부송동,3,"공장 냄새(화학약품, 매캐함)",2:0,-1
2020-07-23 06:42:00,35.932297,126.941,평화동,3,기타,-8:-6,-1
2020-07-23 08:00:00,35.961403,126.99428,부송동,5,하수구 냄새,1:1,11
2020-07-23 08:04:00,35.96151,126.99352,부송동,3,"가축 분뇨 냄새(닭, 돼지, 소)",1:1,11
2020-07-23 08:11:00,35.96295,126.99162,부송동,3,기타,1:1,11
2020-07-23 08:12:00,35.954876,126.98812,어양동,3,"가축 분뇨 냄새(닭, 돼지, 소)",0:-1,11
2020-07-23 08:17:00,35.948563,126.96404,영등동,3,"가축 분뇨 냄새(닭, 돼지, 소)",-4:-2,-1
2020-07-23 08:20:00,35.95729,126.974014,영등동,3,"가축 분뇨 냄새(닭, 돼지, 소)",-2:0,-1
2020-07-23 08:24:00,35.95742,126.997826,부송동,4,"가축 분뇨 냄새(닭, 돼지, 소)",2:0,11
2020-07-23 08:35:00,35.9342,126.97039,동산동,4,음식조리 냄새,-3:-5,-1
2020-07-23 08:36:00,35.96108,126.99406,부송동,4,"공장 냄새(화학약품, 매캐함)",1:0,11
2020-07-23 08:46:00,35.93402,126.97032,동산동,3,기타,-3:-5,-1
2020-07-23 08:58:00,35.957832,126.99899,부송동,5,"공장 냄새(화학약품, 매캐함)",2:0,11
2020-07-23 09:53:00,35.95904,126.992836,부송동,4,"공장 냄새(화학약품, 매캐함)",1:0,11
2020-07-23 10:55:00,36.045593,126.96085,함열읍 석매리,3,기타,-5:19,-1
2020-07-23 12:42:00,35.96097,126.9941,부송동,5,"공장 냄새(화학약품, 매캐함)",1:0,-1
2020-07-23 12:45:00,35.957325,126.97404,영등동,2,"공장 냄새(화학약품, 매캐함)",-2:0,-1
2020-07-23 15:15:00,35.96137,126.99415,부송동,3,"가축 분뇨 냄새(닭, 돼지, 소)",1:1,-1
2020-07-23 15:16:00,35.95484,126.98644,어양동,4,"공장 냄새(화학약품, 매캐함)",0:-1,-1
2020-07-23 15:22:00,35.957363,126.97395,영등동,3,"공장 냄새(화학약품, 매캐함)",-2:0,-1
2020-07-23 15:46:00,35.962353,126.98219,어양동,2,"공장 냄새(화학약품, 매캐함)",-1:1,-1
2020-07-23 17:29:00,35.961296,126.99423,부송동,3,"가축 분뇨 냄새(닭, 돼지, 소)",1:1,-1
2020-07-23 22:23:00,35.961548,126.9941,부송동,5,"공장 냄새(화학약품, 매캐함)",1:1,-1
2020-07-23 22:25:00,35.95731,126.998024,부송동,3,"공장 냄새(화학약품, 매캐함)",2:0,-1
2020-07-23 22:45:00,35.934723,126.969925,마동,4,"가축 분뇨 냄새(닭, 돼지, 소)",-3:-5,-1
2020-07-23 23:03:00,35.962845,126.99011,부송동,3,"공장 냄새(화학약품, 매캐함)",1:1,12
2020-07-23 23:03:00,35.961548,126.99406,부송동,3,"공장 냄새(화학약품, 매캐함)",1:1,12
2020-07-23 23:31:00,35.96306,126.982796,어양동,4,"가축 분뇨 냄새(닭, 돼지, 소)",-1:1,12
2020-07-23 23:33:00,35.963818,126.98696,부송동,4,"가축 분뇨 냄새(닭, 돼지, 소)",0:1,12
2020-07-24 00:36:00,35.961475,126.99437,부송동,3,"공장 냄새(화학약품, 매캐함)",1:1,-1
2020-07-24 01:20:00,35.930397,126.97243,금강동,3,하수구 냄새,-3:-6,-1
2020-07-24 06:54:00,35.928703,126.97261,동산동,4,하수구 냄새,-3:-7,-1
2020-07-24 20:05:00,35.9609,126.99401,부송동,3,"공장 냄새(화학약품, 매캐함)",1:0,-1
2020-07-25 08:34:00,35.94997,126.9648,영등동,3,"가축 분뇨 냄새(닭, 돼지, 소)",-4:-2,-1
2020-07-25 16:24:00,36.135323,126.998375,망성면 화산리,2,하수구 냄새,2:39,-1
2020-07-26 21:50:00,35.93393,126.97079,동산동,3,음식조리 냄새,-3:-6,13
2020-07-26 21:51:00,35.933857,126.970566,동산동,5,하수구 냄새,-3:-6,13
2020-07-26 21:54:00,35.930218,126.97132,동산동,4,하수구 냄새,-3:-6,13
2020-07-26 22:25:00,35.92953,126.96654,동산동,4,"가축 분뇨 냄새(닭, 돼지, 소)",-4:-6,13
2020-07-26 22:33:00,35.93678,126.96897,마동,5,하수구 냄새,-3:-5,13
2020-07-26 22:42:00,35.93395,126.97039,동산동,4,하수구 냄새,-3:-6,13
2020-07-26 22:44:00,35.927914,126.959915,동산동,2,"가축 분뇨 냄새(닭, 돼지, 소)",-5:-7,13
2020-07-26 22:44:00,35.94853,126.96431,영등동,4,"가축 분뇨 냄새(닭, 돼지, 소)",-4:-2,-1
2020-07-26 22:46:00,35.93326,126.94685,평화동,3,기타,-7:-6,13
2020-07-26 22:56:00,35.934074,126.969505,동산동,5,하수구 냄새,-3:-5,13
2020-07-26 22:57:00,35.93627,126.969215,마동,4,기타,-3:-5,13
2020-07-26 23:00:00,35.932014,126.95684,주현동,5,"가축 분뇨 냄새(닭, 돼지, 소)",-5:-6,13
2020-07-26 23:11:00,35.932297,126.941,평화동,5,"가축 분뇨 냄새(닭, 돼지, 소)",-8:-6,13
2020-07-26 23:30:00,35.946198,126.94537,모현동1가,4,기타,-8:-3,-1
2020-07-26 23:34:00,35.926857,126.95342,인화동2가,5,기타,-6:-7,13
2020-07-26 23:34:00,35.926846,126.95342,인화동2가,5,기타,-6:-7,13
2020-07-26 23:35:00,35.947437,126.941925,모현동1가,3,기타,-8:-3,-1
2020-07-26 23:39:00,35.93459,126.950264,인화동1가,4,기타,-7:-5,13
2020-07-26 23:43:00,35.927895,126.95991,동산동,2,"가축 분뇨 냄새(닭, 돼지, 소)",-5:-7,13
2020-07-26 23:45:00,35.947437,126.941925,모현동1가,4,기타,-8:-3,-1
2020-07-27 00:10:00,35.928738,126.96312,동산동,4,"가축 분뇨 냄새(닭, 돼지, 소)",-4:-7,13
2020-07-27 00:20:00,35.927895,126.95992,동산동,3,기타,-5:-7,13
2020-07-27 05:09:00,35.95722,126.97406,영등동,3,기타,-2:0,-1
2020-07-27 07:50:00,35.940132,126.98213,신흥동,3,"공장 냄새(화학약품, 매캐함)",-1:-4,-1
2020-07-27 09:17:00,35.93627,126.969215,마동,4,"가축 분뇨 냄새(닭, 돼지, 소)",-3:-5,-1
2020-07-27 09:18:00,35.958447,126.99858,부송동,4,하수구 냄새,2:0,14
2020-07-27 09:19:00,35.95742,126.99567,부송동,3,"가축 분뇨 냄새(닭, 돼지, 소)",2:0,14
2020-07-27 09:20:00,35.96133,126.99437,부송동,4,"가축 분뇨 냄새(닭, 돼지, 소)",1:1,14
2020-07-27 09:22:00,35.96137,126.99406,부송동,3,"가축 분뇨 냄새(닭, 돼지, 소)",1:1,14
2020-07-27 09:33:00,35.961224,126.9941,부송동,3,"가축 분뇨 냄새(닭, 돼지, 소)",1:1,14
2020-07-27 19:14:00,35.93595,126.97859,금강동,5,하수구 냄새,-2:-5,-1
2020-07-27 19:14:00,35.93588,126.97875,금강동,4,"공장 냄새(화학약품, 매캐함)",-1:-5,-1
2020-07-27 19:23:00,35.96133,126.99432,부송동,4,"가축 분뇨 냄새(닭, 돼지, 소)",1:1,-1
2020-07-27 19:24:00,35.933273,126.94674,평화동,3,"가축 분뇨 냄새(닭, 돼지, 소)",-7:-6,-1
2020-07-27 19:29:00,35.95727,126.97393,영등동,2,"가축 분뇨 냄새(닭, 돼지, 소)",-2:0,-1
2020-07-28 19:09:00,35.958187,126.96173,신동,4,기타,-5:0,-1
2020-07-28 21:26:00,35.96162,126.9941,부송동,3,"가축 분뇨 냄새(닭, 돼지, 소)",1:1,-1
2020-07-28 21:27:00,35.96108,126.99446,부송동,3,"가축 분뇨 냄새(닭, 돼지, 소)",1:0,-1
2020-07-28 21:51:00,35.961403,126.99468,부송동,5,"공장 냄새(화학약품, 매캐함)",1:1,-1
2020-07-28 22:21:00,35.93029,126.972206,금강동,2,하수구 냄새,-3:-6,-1
2020-07-29 09:42:00,35.961864,126.96058,신동,4,음식조리 냄새,-5:1,-1
2020-07-29 09:56:00,35.957237,126.97395,영등동,3,음식조리 냄새,-2:0,-1
2020-07-29 09:57:00,35.95363,126.97235,영등동,3,기타,-3:-1,-1
2020-07-29 11:04:00,35.932297,126.941,평화동,4,기타,-8:-6,-1
2020-07-29 13:29:00,35.9572,126.97404,영등동,3,기타,-2:0,-1
2020-07-29 16:03:00,35.963387,127.013084,팔봉동,5,하수구 냄새,5:1,-1
2020-07-29 16:04:00,35.964645,127.01419,팔봉동,5,"가축 분뇨 냄새(닭, 돼지, 소)",5:1,-1
2020-07-29 16:05:00,35.963745,127.01547,팔봉동,5,기타,5:1,-1
2020-07-29 18:38:00,35.96133,126.99445,부송동,4,하수구 냄새,1:1,-1
2020-07-29 19:47:00,35.95758,126.998,부송동,3,"공장 냄새(화학약품, 매캐함)",2:0,-1
2020-07-29 19:47:00,35.96137,126.99401,부송동,4,"가축 분뇨 냄새(닭, 돼지, 소)",1:1,-1
2020-07-29 20:27:00,35.957592,126.99744,부송동,4,"공장 냄새(화학약품, 매캐함)",2:0,-1
2020-07-29 20:42:00,35.936237,126.968575,마동,3,하수구 냄새,-3:-5,-1
2020-07-29 21:00:00,35.963745,127.01547,팔봉동,5,기타,5:1,-1
2020-07-29 21:53:00,35.946186,126.945335,모현동1가,4,기타,-8:-3,15
2020-07-29 21:53:00,35.941235,126.937805,송학동,3,기타,-9:-4,15
2020-07-29 21:57:00,35.932297,126.941,평화동,5,기타,-8:-6,-1
2020-07-29 22:24:00,35.947437,126.941925,모현동1가,4,"가축 분뇨 냄새(닭, 돼지, 소)",-8:-3,15
2020-07-29 22:41:00,35.944958,126.93813,모현동1가,5,기타,-9:-3,15
2020-07-29 22:42:00,35.94088,126.95059,창인동1가,3,"가축 분뇨 냄새(닭, 돼지, 소)",-7:-4,15
2020-07-29 22:52:00,35.947456,126.94642,모현동1가,4,"가축 분뇨 냄새(닭, 돼지, 소)",-7:-3,15
2020-07-29 23:00:00,35.928303,126.96321,동산동,3,기타,-4:-7,-1
2020-07-29 23:14:00,35.95828,126.96206,신동,3,하수구 냄새,-4:0,-1
2020-07-29 23:32:00,35.944096,126.964226,마동,3,"가축 분뇨 냄새(닭, 돼지, 소)",-4:-3,-1
2020-07-30 00:12:00,35.926754,126.9588,동산동,4,기타,-5:-7,16
2020-07-30 00:18:00,35.930214,126.95842,동산동,4,"가축 분뇨 냄새(닭, 돼지, 소)",-5:-6,16
2020-07-30 00:20:00,35.92618,126.959175,동산동,4,"가축 분뇨 냄새(닭, 돼지, 소)",-5:-7,16
2020-07-30 00:34:00,35.9264,126.95876,동산동,4,"가축 분뇨 냄새(닭, 돼지, 소)",-5:-7,16
2020-07-30 00:55:00,35.92942,126.9649,동산동,4,"가축 분뇨 냄새(닭, 돼지, 소)",-4:-7,16
2020-07-30 01:13:00,35.961437,126.97863,영등동,3,"가축 분뇨 냄새(닭, 돼지, 소)",-2:1,-1
2020-07-30 01:25:00,35.95722,126.9718,영등동,2,"가축 분뇨 냄새(닭, 돼지, 소)",-3:0,-1
2020-07-30 01:40:00,35.963707,126.97397,영등동,3,"가축 분뇨 냄새(닭, 돼지, 소)",-2:1,-1
2020-07-30 13:09:00,35.954372,126.98435,어양동,3,"가축 분뇨 냄새(닭, 돼지, 소)",0:-1,-1
2020-07-30 22:43:00,35.962845,126.98333,어양동,4,"공장 냄새(화학약품, 매캐함)",-1:1,-1
2020-07-31 07:56:00,35.953545,126.9851,어양동,4,"가축 분뇨 냄새(닭, 돼지, 소)",0:-1,-1
2020-07-31 08:05:00,35.961544,126.978584,영등동,3,"가축 분뇨 냄새(닭, 돼지, 소)",-2:1,-1
2020-07-31 08:14:00,35.962807,126.98517,부송동,5,기타,0:1,-1
2020-07-31 08:47:00,35.957344,126.97406,영등동,4,"가축 분뇨 냄새(닭, 돼지, 소)",-2:0,-1
2020-07-31 08:49:00,35.96115,126.99423,부송동,3,"가축 분뇨 냄새(닭, 돼지, 소)",1:1,-1
2020-07-31 11:47:00,35.943188,126.94037,모현동1가,5,기타,-8:-3,-1
2020-07-31 14:52:00,35.956924,126.98325,어양동,4,"가축 분뇨 냄새(닭, 돼지, 소)",-1:0,-1
2020-07-31 18:27:00,35.929474,127.07892,왕궁면 온수리,5,기타,17:-6,-1
2020-07-31 19:01:00,35.991447,126.97607,월성동,4,"가축 분뇨 냄새(닭, 돼지, 소)",-2:7,-1
2020-07-31 23:57:00,35.963493,126.98231,어양동,5,"가축 분뇨 냄새(닭, 돼지, 소)",-1:1,-1
2020-08-01 00:38:00,35.960716,126.974945,영등동,2,"공장 냄새(화학약품, 매캐함)",-2:0,-1
2020-08-01 03:26:00,35.92823,126.96339,동산동,5,"가축 분뇨 냄새(닭, 돼지, 소)",-4:-7,-1
2020-08-01 03:47:00,35.928738,126.96312,동산동,4,"가축 분뇨 냄새(닭, 돼지, 소)",-4:-7,-1
2020-08-01 04:07:00,35.96452,126.98683,부송동,5,"공장 냄새(화학약품, 매캐함)",0:1,-1
2020-08-01 04:50:00,35.957256,126.99942,부송동,3,"공장 냄새(화학약품, 매캐함)",2:0,-1
2020-08-01 05:20:00,35.95741,126.99569,부송동,4,하수구 냄새,2:0,-1
2020-08-01 05:26:00,35.95762,126.998184,부송동,3,"가축 분뇨 냄새(닭, 돼지, 소)",2:0,-1
2020-08-01 05:42:00,35.9572,126.974014,영등동,3,기타,-2:0,-1
2020-08-01 05:45:00,35.93309,126.948845,인화동1가,3,기타,-7:-6,-1
2020-08-01 06:01:00,35.958447,126.99858,부송동,4,기타,2:0,-1
2020-08-01 07:44:00,35.953255,126.984215,어양동,2,하수구 냄새,0:-1,-1
2020-08-01 09:10:00,35.934082,126.97024,동산동,3,"가축 분뇨 냄새(닭, 돼지, 소)",-3:-5,-1
2020-08-01 17:20:00,35.928738,126.96312,동산동,3,"가축 분뇨 냄새(닭, 돼지, 소)",-4:-7,-1
2020-08-01 17:38:00,35.953724,126.98426,어양동,3,"가축 분뇨 냄새(닭, 돼지, 소)",0:-1,-1
2020-08-01 18:11:00,35.999172,126.94481,황등면 황등리,4,기타,-8:9,-1
2020-08-01 20:20:00,35.95793,126.994934,부송동,3,"가축 분뇨 냄새(닭, 돼지, 소)",1:0,17
2020-08-01 20:21:00,35.964504,126.98683,부송동,1,"공장 냄새(화학약품, 매캐함)",0:1,17
2020-08-01 20:49:00,35.953255,126.984215,어양동,4,기타,0:-1,17
2020-08-01 20:50:00,35.954876,126.98426,어양동,3,"가축 분뇨 냄새(닭, 돼지, 소)",0:-1,17
2020-08-01 20:50:00,35.962807,126.98517,부송동,4,"가축 분뇨 냄새(닭, 돼지, 소)",0:1,17
2020-08-01 20:51:00,35.953255,126.984215,어양동,3,"가축 분뇨 냄새(닭, 돼지, 소)",0:-1,17
2020-08-01 20:52:00,35.953545,126.98825,어양동,4,"가축 분뇨 냄새(닭, 돼지, 소)",0:-1,17
2020-08-01 20:52:00,35.956123,126.99486,부송동,4,"가축 분뇨 냄새(닭, 돼지, 소)",1:-1,17
2020-08-01 20:52:00,35.958088,126.99914,부송동,3,기타,2:0,17
2020-08-01 20:53:00,35.9574,126.99472,부송동,4,"가축 분뇨 냄새(닭, 돼지, 소)",1:0,17
2020-08-01 20:57:00,35.95531,126.98426,어양동,5,"가축 분뇨 냄새(닭, 돼지, 소)",0:-1,17
2020-08-01 20:58:00,35.961185,126.994194,부송동,2,기타,1:1,17
2020-08-01 20:59:00,35.962814,126.98519,부송동,4,하수구 냄새,0:1,17
2020-08-01 21:00:00,35.954155,126.98652,어양동,4,"가축 분뇨 냄새(닭, 돼지, 소)",0:-1,17
2020-08-01 21:01:00,35.953255,126.984215,어양동,4,"가축 분뇨 냄새(닭, 돼지, 소)",0:-1,17
2020-08-01 21:03:00,35.9543,126.98883,어양동,4,"가축 분뇨 냄새(닭, 돼지, 소)",0:-1,17
2020-08-01 21:03:00,35.96288,126.98524,부송동,3,"가축 분뇨 냄새(닭, 돼지, 소)",0:1,17
2020-08-01 21:04:00,35.95365,126.98439,어양동,4,"가축 분뇨 냄새(닭, 돼지, 소)",0:-1,17
2020-08-01 21:06:00,35.95931,126.97215,영등동,3,"가축 분뇨 냄새(닭, 돼지, 소)",-3:0,17
2020-08-01 21:06:00,35.960537,126.99395,부송동,4,"가축 분뇨 냄새(닭, 돼지, 소)",1:0,17
2020-08-01 21:06:00,35.963024,126.98353,어양동,4,기타,-1:1,17
2020-08-01 21:07:00,35.953995,126.986565,어양동,5,"가축 분뇨 냄새(닭, 돼지, 소)",0:-1,17
2020-08-01 21:10:00,35.96299,126.98399,어양동,5,하수구 냄새,-1:1,17
2020-08-01 21:13:00,35.930107,126.97208,금강동,3,"가축 분뇨 냄새(닭, 돼지, 소)",-3:-6,18
2020-08-01 21:13:00,35.950768,126.9883,어양동,3,"가축 분뇨 냄새(닭, 돼지, 소)",0:-2,17
2020-08-01 21:15:00,35.954506,126.98346,어양동,4,"가축 분뇨 냄새(닭, 돼지, 소)",-1:-1,17
2020-08-01 21:18:00,35.960213,126.98384,어양동,5,"가축 분뇨 냄새(닭, 돼지, 소)",-1:0,17
2020-08-01 21:24:00,35.96252,126.988075,부송동,5,기타,0:1,17
2020-08-01 21:27:00,35.93,126.96525,동산동,5,기타,-4:-6,18
2020-08-01 21:28:00,35.96288,126.98975,부송동,5,기타,0:1,17
2020-08-01 21:28:00,35.956615,126.97487,영등동,3,기타,-2:0,17
2020-08-01 21:28:00,35.957165,126.97391,영등동,4,"가축 분뇨 냄새(닭, 돼지, 소)",-2:0,17
2020-08-01 21:33:00,35.92971,126.96574,동산동,5,기타,-4:-6,18
2020-08-01 21:35:00,35.957607,126.973854,영등동,3,기타,-2:0,17
2020-08-01 21:40:00,35.9552,126.975395,영등동,4,하수구 냄새,-2:-1,17
2020-08-01 21:40:00,35.96103,126.97232,영등동,2,기타,-3:0,17
2020-08-01 21:41:00,35.96167,126.97594,영등동,4,기타,-2:1,17
2020-08-01 21:41:00,35.95156,126.97557,영등동,4,기타,-2:-2,17
2020-08-01 21:43:00,35.93418,126.96999,동산동,3,기타,-3:-5,18
2020-08-01 21:44:00,35.92998,126.96995,동산동,4,기타,-3:-6,18
2020-08-01 21:46:00,35.951523,126.97566,영등동,2,"가축 분뇨 냄새(닭, 돼지, 소)",-2:-2,17
2020-08-01 21:46:00,35.953598,126.98457,어양동,5,"가축 분뇨 냄새(닭, 돼지, 소)",0:-1,17
2020-08-01 21:54:00,35.934193,126.97007,동산동,4,"가축 분뇨 냄새(닭, 돼지, 소)",-3:-5,18
2020-08-01 22:01:00,35.951523,126.97495,영등동,4,기타,-2:-2,17
2020-08-01 22:04:00,35.950188,126.96377,영등동,4,기타,-4:-2,18
2020-08-01 22:04:00,35.955635,126.97903,어양동,2,기타,-1:-1,17
2020-08-01 22:05:00,35.961075,126.9753,영등동,4,"가축 분뇨 냄새(닭, 돼지, 소)",-2:0,17
2020-08-01 22:07:00,35.95727,126.97393,영등동,5,기타,-2:0,17
2020-08-01 22:07:00,35.93238,126.973495,금강동,5,기타,-2:-6,18
2020-08-01 22:10:00,35.942654,126.96622,마동,4,기타,-4:-4,18
2020-08-01 22:10:00,35.95704,126.971436,영등동,4,기타,-3:0,17
2020-08-01 22:10:00,35.9344,126.97012,동산동,5,기타,-3:-5,18
2020-08-01 22:11:00,35.942833,126.96626,마동,5,"가축 분뇨 냄새(닭, 돼지, 소)",-4:-4,18
2020-08-01 22:13:00,35.942905,126.96688,마동,5,기타,-4:-4,18
2020-08-01 22:13:00,35.942978,126.96719,마동,5,"가축 분뇨 냄새(닭, 돼지, 소)",-4:-4,18
2020-08-01 22:14:00,35.942905,126.965996,마동,5,"가축 분뇨 냄새(닭, 돼지, 소)",-4:-4,18
2020-08-01 22:15:00,35.954113,126.973885,영등동,5,기타,-2:-1,17
2020-08-01 22:22:00,35.96068,126.97543,영등동,2,"가축 분뇨 냄새(닭, 돼지, 소)",-2:0,17
2020-08-01 22:25:00,35.96544,127.01559,팔봉동,4,"가축 분뇨 냄새(닭, 돼지, 소)",5:1,-1
2020-08-01 22:30:00,35.9636,126.9745,영등동,3,기타,-2:1,17
2020-08-01 22:32:00,35.940815,126.97216,신흥동,5,기타,-3:-4,18
2020-08-01 22:36:00,35.95358,126.98488,어양동,5,"가축 분뇨 냄새(닭, 돼지, 소)",0:-1,17
2020-08-01 22:42:00,35.963852,126.98641,부송동,4,"가축 분뇨 냄새(닭, 돼지, 소)",0:1,17
2020-08-01 22:55:00,35.9649,126.98723,부송동,3,"가축 분뇨 냄새(닭, 돼지, 소)",0:1,17
2020-08-01 23:04:00,35.96104,126.991264,부송동,2,기타,1:0,17
2020-08-01 23:08:00,35.95731,126.99814,부송동,5,"가축 분뇨 냄새(닭, 돼지, 소)",2:0,17
2020-08-01 23:09:00,35.954193,126.98483,어양동,3,"가축 분뇨 냄새(닭, 돼지, 소)",0:-1,17
2020-08-01 23:13:00,35.964108,127.01547,팔봉동,4,"가축 분뇨 냄새(닭, 돼지, 소)",5:1,-1
2020-08-01 23:13:00,35.953976,126.98129,어양동,4,"가축 분뇨 냄새(닭, 돼지, 소)",-1:-1,17
2020-08-01 23:16:00,35.9543,126.98883,어양동,4,"가축 분뇨 냄새(닭, 돼지, 소)",0:-1,17
2020-08-01 23:49:00,35.962666,126.984344,어양동,4,"가축 분뇨 냄새(닭, 돼지, 소)",0:1,19
2020-08-01 23:50:00,35.961185,126.98718,부송동,4,기타,0:1,19
2020-08-01 23:53:00,35.960754,126.986496,부송동,4,기타,0:0,19
2020-08-02 00:04:00,35.96137,126.994545,부송동,3,"가축 분뇨 냄새(닭, 돼지, 소)",1:1,19
2020-08-02 00:20:00,35.96544,127.01559,팔봉동,5,"가축 분뇨 냄새(닭, 돼지, 소)",5:1,-1
2020-08-02 05:21:00,35.961258,126.97814,영등동,4,"가축 분뇨 냄새(닭, 돼지, 소)",-2:1,-1
2020-08-02 05:37:00,35.964176,126.974106,영등동,3,기타,-2:1,-1
2020-08-02 05:45:00,35.96497,126.98355,어양동,4,기타,-1:1,-1
2020-08-02 06:11:00,35.957237,126.973976,영등동,4,기타,-2:0,-1
2020-08-02 07:01:00,35.96032,126.97379,영등동,4,기타,-2:0,-1
2020-08-02 07:02:00,35.96107,126.9941,부송동,5,기타,1:0,-1
2020-08-02 07:15:00,35.958447,126.99858,부송동,3,"가축 분뇨 냄새(닭, 돼지, 소)",2:0,-1
2020-08-02 08:40:00,35.95555,126.96054,남중동,4,기타,-5:-1,-1
2020-08-02 16:43:00,35.95369,126.98803,어양동,2,"공장 냄새(화학약품, 매캐함)",0:-1,-1
2020-08-02 19:49:00,35.928738,126.96312,동산동,3,"가축 분뇨 냄새(닭, 돼지, 소)",-4:-7,-1
2020-08-02 19:52:00,35.96335,126.9851,부송동,5,"가축 분뇨 냄새(닭, 돼지, 소)",0:1,20
2020-08-02 19:59:00,35.95387,126.98495,어양동,4,기타,0:-1,20
2020-08-02 20:36:00,35.957363,126.97404,영등동,2,"가축 분뇨 냄새(닭, 돼지, 소)",-2:0,20
2020-08-02 20:40:00,35.96097,126.99432,부송동,5,"가축 분뇨 냄새(닭, 돼지, 소)",1:0,20
2020-08-02 20:41:00,35.961693,126.99428,부송동,5,기타,1:1,20
2020-08-02 20:41:00,35.95733,126.99592,부송동,4,기타,2:0,20
2020-08-02 20:43:00,35.961205,126.99428,부송동,5,"가축 분뇨 냄새(닭, 돼지, 소)",1:1,20
2020-08-02 20:45:00,35.9606,126.99395,부송동,5,"가축 분뇨 냄새(닭, 돼지, 소)",1:0,20
2020-08-02 20:46:00,35.96059,126.99388,부송동,5,하수구 냄새,1:0,20
2020-08-02 20:47:00,35.96162,126.987625,부송동,3,기타,0:1,20
2020-08-02 20:47:00,35.959995,126.98439,어양동,4,기타,0:0,20
2020-08-02 20:48:00,35.962807,126.98519,부송동,3,기타,0:1,20
2020-08-02 20:48:00,35.961044,126.9941,부송동,5,기타,1:0,20
2020-08-02 20:48:00,35.953255,126.984215,어양동,4,기타,0:-1,20
2020-08-02 20:48:00,35.96104,126.98583,어양동,4,"가축 분뇨 냄새(닭, 돼지, 소)",0:0,20
2020-08-02 20:49:00,35.962845,126.98519,부송동,4,기타,0:1,20
2020-08-02 20:49:00,35.962772,126.985146,부송동,5,"가축 분뇨 냄새(닭, 돼지, 소)",0:1,20
2020-08-02 20:49:00,35.953617,126.98798,어양동,3,기타,0:-1,20
2020-08-02 20:50:00,35.953796,126.98421,어양동,4,"가축 분뇨 냄새(닭, 돼지, 소)",-1:-1,20
2020-08-02 20:50:00,35.953255,126.984215,어양동,4,"가축 분뇨 냄새(닭, 돼지, 소)",0:-1,20
2020-08-02 20:50:00,35.954407,126.98388,어양동,3,기타,-1:-1,20
2020-08-02 20:53:00,35.955147,126.98676,어양동,3,"공장 냄새(화학약품, 매캐함)",0:-1,20
2020-08-02 20:53:00,35.960754,126.98701,부송동,5,기타,0:0,20
2020-08-02 20:54:00,35.952858,126.98546,어양동,3,하수구 냄새,0:-1,20
2020-08-02 20:55:00,35.953255,126.984215,어양동,5,하수구 냄새,0:-1,20
2020-08-02 20:56:00,35.961147,126.97867,영등동,4,"가축 분뇨 냄새(닭, 돼지, 소)",-1:1,20
2020-08-02 20:57:00,35.958984,126.97375,영등동,4,기타,-2:0,20
2020-08-02 20:57:00,35.92758,126.960594,동산동,2,기타,-5:-7,-1
2020-08-02 20:58:00,35.962032,126.98559,어양동,4,기타,0:1,20
2020-08-02 20:59:00,35.95531,126.98169,어양동,4,기타,-1:-1,20
2020-08-02 20:59:00,35.954464,126.98198,어양동,5,기타,-1:-1,20
2020-08-02 21:00:00,35.961113,126.97761,영등동,5,하수구 냄새,-2:1,20
2020-08-02 21:00:00,35.962303,126.98592,어양동,5,기타,0:1,20
2020-08-02 21:02:00,35.956375,126.99477,부송동,4,"가축 분뇨 냄새(닭, 돼지, 소)",1:-1,20
2020-08-02 21:02:00,35.961224,126.99437,부송동,4,"가축 분뇨 냄새(닭, 돼지, 소)",1:1,20
2020-08-02 21:03:00,35.957256,126.981285,어양동,4,기타,-1:0,20
2020-08-02 21:03:00,35.963375,126.98537,부송동,4,기타,0:1,20
2020-08-02 21:03:00,35.961056,126.972305,영등동,3,기타,-3:0,20
2020-08-02 21:04:00,35.96205,126.9836,어양동,4,기타,-1:1,20
2020-08-02 21:04:00,35.953617,126.985146,어양동,5,기타,0:-1,20
2020-08-02 21:04:00,35.962666,126.984344,어양동,4,기타,0:1,20
2020-08-02 21:06:00,35.9561,126.97785,영등동,4,기타,-2:-1,20
2020-08-02 21:06:00,35.965225,126.986694,부송동,4,기타,0:1,20
2020-08-02 21:07:00,35.963203,126.98426,어양동,5,"가축 분뇨 냄새(닭, 돼지, 소)",0:1,20
2020-08-02 21:08:00,35.951954,126.974686,영등동,4,"가축 분뇨 냄새(닭, 돼지, 소)",-2:-2,20
2020-08-02 21:09:00,35.961437,126.978714,영등동,4,기타,-1:1,20
2020-08-02 21:09:00,35.95567,126.977806,영등동,5,기타,-2:-1,20
2020-08-02 21:09:00,35.96075,126.97521,영등동,4,"가축 분뇨 냄새(닭, 돼지, 소)",-2:0,20
2020-08-02 21:10:00,35.9561,126.97677,영등동,5,"가축 분뇨 냄새(닭, 돼지, 소)",-2:-1,20
2020-08-02 21:11:00,35.96167,126.9749,영등동,4,기타,-2:1,20
2020-08-02 21:11:00,35.954082,126.973885,영등동,5,"가축 분뇨 냄새(닭, 돼지, 소)",-2:-1,20
2020-08-02 21:12:00,35.9561,126.97677,영등동,4,"가축 분뇨 냄새(닭, 돼지, 소)",-2:-1,20
2020-08-02 21:12:00,35.953865,126.974106,영등동,5,기타,-2:-1,20
2020-08-02 21:13:00,35.96326,126.9853,부송동,5,하수구 냄새,0:1,20
2020-08-02 21:13:00,35.96034,126.97381,영등동,4,"가축 분뇨 냄새(닭, 돼지, 소)",-2:0,20
2020-08-02 21:13:00,35.96032,126.97377,영등동,4,기타,-2:0,20
2020-08-02 21:14:00,35.96122,126.97228,영등동,2,기타,-3:1,20
2020-08-02 21:15:00,35.96032,126.97377,영등동,5,기타,-2:0,20
2020-08-02 21:15:00,35.953716,126.98414,어양동,5,기타,-1:-1,20
2020-08-02 21:16:00,35.963924,126.9745,영등동,4,기타,-2:1,20
2020-08-02 21:17:00,35.963383,126.97362,영등동,3,"가축 분뇨 냄새(닭, 돼지, 소)",-2:1,20
2020-08-02 21:19:00,35.953785,126.98409,어양동,5,"가축 분뇨 냄새(닭, 돼지, 소)",-1:-1,20
2020-08-02 21:20:00,35.94723,126.97513,영등동,4,"가축 분뇨 냄새(닭, 돼지, 소)",-2:-3,20
2020-08-02 21:20:00,35.96032,126.97377,영등동,4,기타,-2:0,20
2020-08-02 21:21:00,35.959236,126.974236,영등동,4,"가축 분뇨 냄새(닭, 돼지, 소)",-2:0,20
2020-08-02 21:21:00,35.96032,126.97377,영등동,4,기타,-2:0,20
2020-08-02 21:22:00,35.95477,126.98193,어양동,4,하수구 냄새,-1:-1,20
2020-08-02 21:22:00,35.963707,126.97392,영등동,3,"가축 분뇨 냄새(닭, 돼지, 소)",-2:1,20
2020-08-02 21:23:00,35.960754,126.986496,부송동,3,기타,0:0,20
2020-08-02 21:23:00,35.962807,126.98517,부송동,5,"가축 분뇨 냄새(닭, 돼지, 소)",0:1,20
2020-08-02 21:26:00,35.93429,126.9703,동산동,5,기타,-3:-5,21
2020-08-02 21:27:00,35.934147,126.970436,동산동,3,"가축 분뇨 냄새(닭, 돼지, 소)",-3:-5,21
2020-08-02 21:28:00,35.961254,126.97206,영등동,4,"가축 분뇨 냄새(닭, 돼지, 소)",-3:1,20
2020-08-02 21:29:00,35.962555,126.99193,부송동,3,기타,1:1,20
2020-08-02 21:29:00,35.956604,126.97257,영등동,4,"가축 분뇨 냄새(닭, 돼지, 소)",-3:0,20
2020-08-02 21:30:00,35.961002,126.97499,영등동,4,"가축 분뇨 냄새(닭, 돼지, 소)",-2:0,20
2020-08-02 21:31:00,35.956497,126.97149,영등동,4,기타,-3:-1,20
2020-08-02 21:31:00,35.930218,126.97132,동산동,5,하수구 냄새,-3:-6,21
2020-08-02 21:32:00,35.957085,126.971535,영등동,4,"가축 분뇨 냄새(닭, 돼지, 소)",-3:0,20
2020-08-02 21:33:00,35.956787,126.97185,영등동,5,기타,-3:0,20
2020-08-02 21:33:00,35.961075,126.97526,영등동,5,"가축 분뇨 냄새(닭, 돼지, 소)",-2:0,20
2020-08-02 21:34:00,35.95733,126.998,부송동,5,"가축 분뇨 냄새(닭, 돼지, 소)",2:0,20
2020-08-02 21:35:00,35.96151,126.978806,영등동,5,"가축 분뇨 냄새(닭, 돼지, 소)",-1:1,20
2020-08-02 21:36:00,35.963528,126.978584,영등동,5,"가축 분뇨 냄새(닭, 돼지, 소)",-2:1,20
2020-08-02 21:37:00,35.965107,126.98688,부송동,3,기타,0:1,20
2020-08-02 21:37:00,35.944202,126.96431,마동,2,기타,-4:-3,-1
2020-08-02 21:37:00,35.948135,126.98041,어양동,4,"가축 분뇨 냄새(닭, 돼지, 소)",-1:-2,20
2020-08-02 21:39:00,35.951557,126.97491,영등동,3,기타,-2:-2,20
2020-08-02 21:40:00,35.958675,126.9928,부송동,5,기타,1:0,20
2020-08-02 21:43:00,35.952995,126.98612,어양동,4,"가축 분뇨 냄새(닭, 돼지, 소)",0:-1,20
2020-08-02 21:43:00,35.954624,126.97207,영등동,5,"가축 분뇨 냄새(닭, 돼지, 소)",-3:-1,20
2020-08-02 21:45:00,35.96059,126.97517,영등동,5,기타,-2:0,20
2020-08-02 21:47:00,35.96151,126.9796,영등동,3,"가축 분뇨 냄새(닭, 돼지, 소)",-1:1,20
2020-08-02 21:51:00,35.956676,126.971886,영등동,4,기타,-3:0,20
2020-08-02 21:55:00,35.93436,126.970436,동산동,4,기타,-3:-5,21
2020-08-02 21:55:00,35.96396,126.974014,영등동,3,"가축 분뇨 냄새(닭, 돼지, 소)",-2:1,20
2020-08-02 21:56:00,35.960968,126.975746,영등동,4,음식조리 냄새,-2:0,20
2020-08-02 21:58:00,35.951126,126.97544,영등동,2,"공장 냄새(화학약품, 매캐함)",-2:-2,20
2020-08-02 21:59:00,35.93411,126.97032,동산동,3,"가축 분뇨 냄새(닭, 돼지, 소)",-3:-5,21
2020-08-02 22:05:00,35.951523,126.97566,영등동,4,기타,-2:-2,20
2020-08-02 22:07:00,35.953255,126.984215,어양동,3,"가축 분뇨 냄새(닭, 돼지, 소)",0:-1,20
2020-08-02 22:07:00,35.953255,126.984215,어양동,4,기타,0:-1,20
2020-08-02 22:08:00,35.95342,126.98546,어양동,2,"공장 냄새(화학약품, 매캐함)",0:-1,20
2020-08-02 22:11:00,35.952244,126.97885,영등동,5,기타,-1:-1,20
2020-08-02 22:14:00,35.965874,126.98612,부송동,4,기타,0:2,20
2020-08-02 22:14:00,35.963673,126.985275,부송동,5,하수구 냄새,0:1,20
2020-08-02 22:17:00,35.96147,126.97849,영등동,4,기타,-2:1,20
2020-08-02 22:25:00,35.9543,126.988846,어양동,4,"가축 분뇨 냄새(닭, 돼지, 소)",0:-1,20
2020-08-02 22:28:00,35.955254,126.9722,영등동,4,"가축 분뇨 냄새(닭, 돼지, 소)",-3:-1,20
2020-08-02 22:28:00,35.95275,126.98723,어양동,4,기타,0:-1,20
2020-08-02 22:29:00,35.95547,126.97215,영등동,4,기타,-3:-1,20
2020-08-02 22:32:00,35.953255,126.984215,어양동,4,하수구 냄새,0:-1,20
2020-08-02 22:32:00,35.957726,126.998184,부송동,4,기타,2:0,20
2020-08-02 22:32:00,35.960754,126.986496,부송동,5,기타,0:0,20
2020-08-02 22:34:00,35.963566,126.98738,부송동,4,"가축 분뇨 냄새(닭, 돼지, 소)",0:1,20
2020-08-02 22:35:00,35.926968,126.95439,인화동2가,2,"가축 분뇨 냄새(닭, 돼지, 소)",-6:-7,-1
2020-08-02 22:35:00,35.964863,126.983795,어양동,4,"가축 분뇨 냄새(닭, 돼지, 소)",-1:1,20
2020-08-02 22:37:00,35.95762,126.99805,부송동,5,"가축 분뇨 냄새(닭, 돼지, 소)",2:0,20
2020-08-02 22:44:00,35.959095,126.99273,부송동,4,"가축 분뇨 냄새(닭, 돼지, 소)",1:0,20
2020-08-02 22:45:00,35.953255,126.984215,어양동,5,기타,0:-1,20
2020-08-02 22:45:00,35.953255,126.984215,어양동,5,기타,0:-1,20
2020-08-02 22:45:00,35.959995,126.98546,어양동,5,"가축 분뇨 냄새(닭, 돼지, 소)",0:0,20
2020-08-02 22:46:00,35.962666,126.984344,어양동,4,기타,0:1,20
2020-08-02 22:48:00,35.955128,126.97663,영등동,4,기타,-2:-1,20
2020-08-02 22:50:00,35.932415,126.97385,금강동,4,기타,-2:-6,21
2020-08-02 22:58:00,35.958733,126.98395,어양동,2,기타,-1:0,22
2020-08-02 22:58:00,35.9543,126.98395,어양동,3,"가축 분뇨 냄새(닭, 돼지, 소)",-1:-1,22
2020-08-02 22:58:00,35.95924,126.984215,어양동,5,기타,0:0,22
2020-08-02 23:03:00,35.957436,126.983505,어양동,4,"가축 분뇨 냄새(닭, 돼지, 소)",-1:0,22
2020-08-02 23:06:00,35.961296,126.99428,부송동,5,하수구 냄새,1:1,22
2020-08-02 23:12:00,35.96272,126.99219,부송동,4,"가축 분뇨 냄새(닭, 돼지, 소)",1:1,22
2020-08-02 23:14:00,35.95614,126.992905,부송동,4,기타,1:-1,22
2020-08-02 23:24:00,35.926212,126.95914,동산동,4,기타,-5:-7,-1
2020-08-02 23:34:00,35.9523,126.9364,모현동1가,5,"가축 분뇨 냄새(닭, 돼지, 소)",-9:-1,-1
2020-08-02 23:41:00,35.963745,127.01547,팔봉동,3,"가축 분뇨 냄새(닭, 돼지, 소)",5:1,-1
2020-08-02 23:47:00,35.946247,126.94157,모현동1가,4,기타,-8:-3,-1
2020-08-02 23:48:00,35.958664,126.992775,부송동,5,기타,1:0,22
2020-08-03 00:00:00,35.956646,126.99503,부송동,3,기타,1:0,22
2020-08-03 00:26:00,35.9543,126.98883,어양동,3,"가축 분뇨 냄새(닭, 돼지, 소)",0:-1,22
2020-08-03 00:39:00,35.956245,126.981224,어양동,5,"가축 분뇨 냄새(닭, 돼지, 소)",-1:-1,22
2020-08-03 00:47:00,35.956425,126.97967,어양동,4,하수구 냄새,-1:-1,22
2020-08-03 01:14:00,35.954735,126.987144,어양동,4,기타,0:-1,22
2020-08-03 01:21:00,35.95612,126.97677,영등동,3,"가축 분뇨 냄새(닭, 돼지, 소)",-2:-1,22
2020-08-03 01:44:00,35.96245,126.98714,부송동,5,"가축 분뇨 냄새(닭, 돼지, 소)",0:1,22
2020-08-03 04:46:00,35.951523,126.97566,영등동,4,기타,-2:-2,-1
2020-08-03 05:07:00,35.957325,126.97391,영등동,4,기타,-2:0,-1
2020-08-03 05:12:00,35.94871,126.968475,영등동,4,기타,-3:-2,-1
2020-08-03 06:00:00,35.9578,126.96258,신동,4,기타,-4:0,-1
2020-08-03 06:16:00,35.927734,126.966156,동산동,5,하수구 냄새,-4:-7,-1
2020-08-03 07:18:00,35.946167,126.94536,모현동1가,3,기타,-8:-3,-1
2020-08-03 07:23:00,35.94744,126.9464,모현동1가,4,"가축 분뇨 냄새(닭, 돼지, 소)",-7:-3,-1
2020-08-03 07:24:00,35.944984,126.93851,모현동1가,2,"가축 분뇨 냄새(닭, 돼지, 소)",-9:-3,-1
2020-08-03 07:35:00,35.957367,126.99579,부송동,5,"가축 분뇨 냄새(닭, 돼지, 소)",2:0,-1
2020-08-03 07:44:00,35.958866,126.9397,모현동2가,3,"가축 분뇨 냄새(닭, 돼지, 소)",-9:0,-1
2020-08-03 07:45:00,35.961437,126.99406,부송동,5,하수구 냄새,1:1,-1
2020-08-03 07:47:00,35.958447,126.99858,부송동,4,"가축 분뇨 냄새(닭, 돼지, 소)",2:0,-1
2020-08-03 07:56:00,35.93418,126.9703,동산동,5,하수구 냄새,-3:-5,-1
2020-08-03 07:56:00,35.934326,126.96999,동산동,5,하수구 냄새,-3:-5,-1
2020-08-03 09:10:00,35.954365,126.98389,어양동,4,하수구 냄새,-1:-1,-1
2020-08-03 09:11:00,35.953255,126.984215,어양동,2,기타,0:-1,-1
2020-08-03 11:14:00,35.963493,127.01468,팔봉동,3,"공장 냄새(화학약품, 매캐함)",5:1,-1
2020-08-03 19:11:00,35.953323,126.98808,어양동,3,하수구 냄새,0:-1,-1
2020-08-03 19:52:00,35.96288,126.99144,부송동,3,기타,1:1,-1
2020-08-03 20:53:00,35.9543,126.98883,어양동,3,"가축 분뇨 냄새(닭, 돼지, 소)",0:-1,23
2020-08-03 21:17:00,35.96137,126.9941,부송동,2,"가축 분뇨 냄새(닭, 돼지, 소)",1:1,23
2020-08-03 21:18:00,35.96234,126.99122,부송동,3,"가축 분뇨 냄새(닭, 돼지, 소)",1:1,23
2020-08-03 21:22:00,35.960754,126.986496,부송동,3,기타,0:0,23
2020-08-03 21:42:00,35.932297,126.941,평화동,3,"가축 분뇨 냄새(닭, 돼지, 소)",-8:-6,-1
2020-08-03 21:43:00,35.957382,126.973976,영등동,2,하수구 냄새,-2:0,23
2020-08-03 21:49:00,35.95971,126.98404,어양동,5,"가축 분뇨 냄새(닭, 돼지, 소)",-1:0,23
2020-08-03 21:53:00,35.963276,126.9843,어양동,5,"가축 분뇨 냄새(닭, 돼지, 소)",0:1,23
2020-08-03 21:55:00,35.96364,126.98696,부송동,2,기타,0:1,23
2020-08-03 21:58:00,35.943913,126.964134,마동,2,"가축 분뇨 냄새(닭, 돼지, 소)",-4:-3,-1
2020-08-03 22:06:00,35.959347,126.99286,부송동,4,"가축 분뇨 냄새(닭, 돼지, 소)",1:0,23
2020-08-03 22:09:00,35.961548,126.99406,부송동,4,기타,1:1,23
2020-08-03 22:10:00,35.961548,126.994194,부송동,4,"가축 분뇨 냄새(닭, 돼지, 소)",1:1,23
2020-08-03 22:10:00,35.962807,126.98517,부송동,5,"가축 분뇨 냄새(닭, 돼지, 소)",0:1,23
2020-08-03 22:11:00,35.961437,126.994194,부송동,4,"가축 분뇨 냄새(닭, 돼지, 소)",1:1,23
2020-08-03 22:11:00,35.952316,126.98014,어양동,4,기타,-1:-1,23
2020-08-03 22:11:00,35.953255,126.98424,어양동,2,기타,0:-1,23
2020-08-03 22:14:00,35.953796,126.98794,어양동,4,"가축 분뇨 냄새(닭, 돼지, 소)",0:-1,23
2020-08-03 22:15:00,35.958176,126.99179,부송동,3,기타,1:0,23
2020-08-03 22:16:00,35.962776,126.99217,부송동,4,"가축 분뇨 냄새(닭, 돼지, 소)",1:1,23
2020-08-03 22:17:00,35.956284,126.9951,부송동,4,"가축 분뇨 냄새(닭, 돼지, 소)",1:-1,23
2020-08-03 22:18:00,35.962845,126.99117,부송동,4,"가축 분뇨 냄새(닭, 돼지, 소)",1:1,23
2020-08-03 22:22:00,35.9543,126.98883,어양동,4,"가축 분뇨 냄새(닭, 돼지, 소)",0:-1,23
2020-08-03 22:23:00,35.954876,126.984215,어양동,3,기타,0:-1,23
2020-08-03 22:26:00,35.9544,126.983864,어양동,3,"가축 분뇨 냄새(닭, 돼지, 소)",-1:-1,23
2020-08-03 22:28:00,35.95403,126.98856,어양동,4,하수구 냄새,0:-1,23
2020-08-03 22:29:00,35.95325,126.971405,영등동,3,"가축 분뇨 냄새(닭, 돼지, 소)",-3:-1,23
2020-08-03 22:31:00,35.953255,126.984215,어양동,5,기타,0:-1,23
2020-08-03 22:34:00,35.962807,126.98519,부송동,3,기타,0:1,23
2020-08-03 22:35:00,35.963745,127.01547,팔봉동,4,"공장 냄새(화학약품, 매캐함)",5:1,-1
2020-08-03 22:40:00,35.957615,126.98089,어양동,2,하수구 냄새,-1:0,23
2020-08-03 22:42:00,35.956085,126.97783,영등동,3,기타,-2:-1,23
2020-08-03 22:47:00,35.9543,126.988846,어양동,3,"공장 냄새(화학약품, 매캐함)",0:-1,23
2020-08-03 22:50:00,35.961872,126.987404,부송동,3,기타,0:1,23
2020-08-03 22:54:00,35.963745,127.01547,팔봉동,3,"가축 분뇨 냄새(닭, 돼지, 소)",5:1,-1
2020-08-03 22:55:00,35.96117,126.994125,부송동,4,하수구 냄새,1:1,23
2020-08-03 23:03:00,35.957043,126.995834,부송동,4,"가축 분뇨 냄새(닭, 돼지, 소)",2:0,23
2020-08-03 23:43:00,35.954876,126.98812,어양동,4,"가축 분뇨 냄새(닭, 돼지, 소)",0:-1,23
2020-08-03 23:44:00,35.960247,126.98412,어양동,4,기타,-1:0,23
2020-08-03 23:45:00,35.95322,126.98437,어양동,4,"가축 분뇨 냄새(닭, 돼지, 소)",0:-1,23
2020-08-04 00:03:00,35.957397,126.99566,부송동,4,하수구 냄새,2:0,-1
2020-08-04 01:43:00,35.95631,126.99505,부송동,4,기타,1:-1,-1
2020-08-04 01:48:00,35.961365,126.978226,영등동,4,"가축 분뇨 냄새(닭, 돼지, 소)",-2:1,24
2020-08-04 01:52:00,35.95585,126.98089,어양동,4,"가축 분뇨 냄새(닭, 돼지, 소)",-1:-1,24
2020-08-04 01:53:00,35.95732,126.98477,어양동,4,하수구 냄새,0:0,24
2020-08-04 01:55:00,35.927876,126.95994,동산동,3,"가축 분뇨 냄새(닭, 돼지, 소)",-5:-7,-1
2020-08-04 01:55:00,35.957184,126.98142,어양동,3,"가축 분뇨 냄새(닭, 돼지, 소)",-1:0,24
2020-08-04 01:55:00,35.95805,126.983864,어양동,3,"가축 분뇨 냄새(닭, 돼지, 소)",-1:0,24
2020-08-04 01:59:00,35.956604,126.97257,영등동,3,기타,-3:0,24
2020-08-04 01:59:00,35.92985,126.959175,동산동,4,"가축 분뇨 냄새(닭, 돼지, 소)",-5:-6,-1
2020-08-04 02:00:00,35.948544,126.96916,영등동,4,기타,-3:-2,24
2020-08-04 02:04:00,35.964394,126.9796,영등동,4,기타,-1:1,24
2020-08-04 02:07:00,35.943626,126.96431,마동,4,기타,-4:-3,-1
2020-08-04 02:09:00,35.96032,126.97377,영등동,3,기타,-2:0,24
2020-08-04 02:09:00,35.962666,126.984344,어양동,3,"가축 분뇨 냄새(닭, 돼지, 소)",0:1,24
2020-08-04 02:09:00,35.962208,126.99134,부송동,3,"가축 분뇨 냄새(닭, 돼지, 소)",1:1,24
2020-08-04 02:11:00,35.92624,126.95919,동산동,3,기타,-5:-7,-1
2020-08-04 02:17:00,35.957684,126.96182,신동,4,기타,-5:0,24
2020-08-04 02:20:00,35.93083,126.96959,동산동,3,하수구 냄새,-3:-6,-1
2020-08-04 02:23:00,35.957973,126.96165,신동,4,기타,-5:0,24
2020-08-04 02:30:00,35.957783,126.96262,신동,4,기타,-4:0,24
2020-08-04 02:34:00,35.961437,126.97543,영등동,5,기타,-2:1,24
2020-08-04 02:34:00,35.963745,127.01547,팔봉동,4,기타,5:1,-1
2020-08-04 02:36:00,35.95256,126.95092,모현동1가,4,"공장 냄새(화학약품, 매캐함)",-7:-1,-1
2020-08-04 02:40:00,35.946014,126.94545,모현동1가,4,"가축 분뇨 냄새(닭, 돼지, 소)",-7:-3,-1
2020-08-04 02:48:00,35.953144,126.97131,영등동,5,"가축 분뇨 냄새(닭, 돼지, 소)",-3:-1,24
2020-08-04 02:53:00,35.963745,127.01547,팔봉동,5,기타,5:1,-1
2020-08-04 03:14:00,35.953968,126.98489,어양동,4,"가축 분뇨 냄새(닭, 돼지, 소)",0:-1,-1
2020-08-04 03:25:00,35.962807,126.98519,부송동,4,"가축 분뇨 냄새(닭, 돼지, 소)",0:1,24
2020-08-04 03:45:00,35.960754,126.986496,부송동,5,기타,0:0,-1
2020-08-04 04:04:00,35.961437,126.972466,영등동,4,기타,-3:1,-1
2020-08-04 05:08:00,35.935806,126.97859,금강동,5,하수구 냄새,-2:-5,-1
2020-08-04 05:49:00,35.927074,126.953415,인화동2가,4,"가축 분뇨 냄새(닭, 돼지, 소)",-6:-7,-1
2020-08-04 06:40:00,35.945908,126.94556,모현동1가,5,"가축 분뇨 냄새(닭, 돼지, 소)",-7:-3,-1
2020-08-04 06:45:00,35.958866,126.9397,모현동2가,4,기타,-9:0,-1
2020-08-04 07:19:00,35.948853,126.964,영등동,4,"가축 분뇨 냄새(닭, 돼지, 소)",-4:-2,-1
2020-08-04 07:20:00,35.95826,126.96204,신동,3,"가축 분뇨 냄새(닭, 돼지, 소)",-4:0,-1
2020-08-04 07:21:00,35.93436,126.97012,동산동,4,하수구 냄새,-3:-5,-1
2020-08-04 07:25:00,35.94349,126.96435,마동,4,"가축 분뇨 냄새(닭, 돼지, 소)",-4:-3,-1
2020-08-04 07:59:00,35.96137,126.99437,부송동,3,"공장 냄새(화학약품, 매캐함)",1:1,-1
2020-08-04 07:59:00,35.93627,126.969215,마동,4,"가축 분뇨 냄새(닭, 돼지, 소)",-3:-5,-1
2020-08-04 08:07:00,35.957813,126.973976,영등동,3,기타,-2:0,25
2020-08-04 08:12:00,35.961155,126.97213,영등동,2,기타,-3:1,25
2020-08-04 08:15:00,35.961258,126.97863,영등동,5,"가축 분뇨 냄새(닭, 돼지, 소)",-2:1,25
2020-08-04 08:16:00,35.96124,126.972046,영등동,2,기타,-3:1,25
2020-08-04 08:27:00,35.95974,126.961205,신동,2,"가축 분뇨 냄새(닭, 돼지, 소)",-5:0,25
2020-08-04 08:32:00,35.957794,126.96267,신동,5,기타,-4:0,25
2020-08-04 09:02:00,35.953938,126.97034,영등동,5,"가축 분뇨 냄새(닭, 돼지, 소)",-3:-1,25
2020-08-04 16:34:00,35.96414,127.01476,팔봉동,4,"공장 냄새(화학약품, 매캐함)",5:1,-1
2020-08-04 19:27:00,35.95924,126.984215,어양동,5,"가축 분뇨 냄새(닭, 돼지, 소)",0:0,26
2020-08-04 19:30:00,35.960117,126.983955,어양동,2,"가축 분뇨 냄새(닭, 돼지, 소)",-1:0,26
2020-08-04 19:32:00,35.96133,126.987274,어양동,3,"가축 분뇨 냄새(닭, 돼지, 소)",0:1,26
2020-08-04 19:40:00,35.96151,126.97255,영등동,5,"가축 분뇨 냄새(닭, 돼지, 소)",-3:1,26
2020-08-04 19:40:00,35.964863,126.983795,어양동,4,기타,-1:1,26
2020-08-04 19:43:00,35.964355,126.97379,영등동,3,기타,-2:1,26
2020-08-04 19:43:00,35.95764,126.97384,영등동,3,"가축 분뇨 냄새(닭, 돼지, 소)",-2:0,26
2020-08-04 19:46:00,35.96032,126.97379,영등동,4,"가축 분뇨 냄새(닭, 돼지, 소)",-2:0,26
2020-08-04 19:46:00,35.930218,126.97132,동산동,4,기타,-3:-6,27
2020-08-04 19:49:00,35.95796,126.97393,영등동,4,기타,-2:0,26
2020-08-04 19:49:00,35.96032,126.97379,영등동,3,"가축 분뇨 냄새(닭, 돼지, 소)",-2:0,26
2020-08-04 19:52:00,35.96068,126.97543,영등동,4,기타,-2:0,26
2020-08-04 19:52:00,35.953396,126.97527,영등동,2,기타,-2:-1,26
2020-08-04 19:55:00,35.928738,126.96312,동산동,4,하수구 냄새,-4:-7,27
2020-08-04 19:57:00,35.960644,126.9753,영등동,4,기타,-2:0,26
2020-08-04 19:58:00,35.958084,126.9769,영등동,5,"가축 분뇨 냄새(닭, 돼지, 소)",-2:0,26
2020-08-04 19:59:00,35.960968,126.97255,영등동,5,기타,-3:0,26
2020-08-04 20:02:00,35.957073,126.977165,영등동,4,기타,-2:0,26
2020-08-04 20:02:00,35.95801,126.97792,영등동,5,"가축 분뇨 냄새(닭, 돼지, 소)",-2:0,26
2020-08-04 20:03:00,35.95823,126.98013,어양동,5,기타,-1:0,26
2020-08-04 20:07:00,35.927654,126.96078,동산동,4,기타,-5:-7,27
2020-08-04 20:09:00,35.928738,126.96312,동산동,5,"가축 분뇨 냄새(닭, 돼지, 소)",-4:-7,27
2020-08-04 20:13:00,35.9344,126.97017,동산동,5,기타,-3:-5,27
2020-08-04 20:14:00,35.948593,126.96795,영등동,4,기타,-3:-2,26
2020-08-04 20:19:00,35.95256,126.95092,모현동1가,3,"공장 냄새(화학약품, 매캐함)",-7:-1,-1
2020-08-04 20:30:00,35.957703,126.962135,신동,4,기타,-4:0,-1
2020-08-04 20:55:00,35.96104,126.97446,영등동,3,기타,-2:0,26
2020-08-04 20:55:00,35.95256,126.95092,모현동1가,5,기타,-7:-1,-1
2020-08-04 21:04:00,35.934254,126.9703,동산동,4,기타,-3:-5,27
2020-08-04 21:06:00,35.960934,126.97619,영등동,5,기타,-2:0,26
2020-08-04 21:14:00,35.927887,126.959946,동산동,3,"가축 분뇨 냄새(닭, 돼지, 소)",-5:-7,27
2020-08-04 21:16:00,35.94525,126.977745,신흥동,3,기타,-2:-3,-1
2020-08-04 21:25:00,35.93402,126.970634,동산동,5,기타,-3:-5,27
2020-08-04 21:25:00,35.95766,126.97396,영등동,5,기타,-2:0,26
2020-08-04 21:39:00,35.933483,126.97059,동산동,4,기타,-3:-6,27
2020-08-04 21:44:00,35.933975,126.97095,동산동,4,기타,-3:-5,27
2020-08-04 21:47:00,35.960915,126.97274,영등동,3,기타,-3:0,26
2020-08-04 21:47:00,35.951515,126.97481,영등동,4,"공장 냄새(화학약품, 매캐함)",-2:-2,26
2020-08-04 21:58:00,35.92975,126.96569,동산동,5,기타,-4:-6,27
2020-08-04 21:59:00,35.9342,126.97061,동산동,5,기타,-3:-5,27
2020-08-04 22:03:00,35.943733,126.96418,마동,4,기타,-4:-3,-1
2020-08-04 22:10:00,35.92722,126.95966,동산동,4,기타,-5:-7,27
2020-08-04 22:11:00,35.92953,126.96534,동산동,5,기타,-4:-6,27
2020-08-04 22:11:00,35.92834,126.96348,동산동,4,"가축 분뇨 냄새(닭, 돼지, 소)",-4:-7,27
2020-08-04 22:15:00,35.931187,126.96534,동산동,4,기타,-4:-6,27
2020-08-04 22:23:00,35.957756,126.96187,신동,5,기타,-5:0,-1
2020-08-04 22:27:00,35.93025,126.95878,동산동,4,"가축 분뇨 냄새(닭, 돼지, 소)",-5:-6,27
2020-08-04 22:32:00,35.92703,126.95353,인화동2가,4,"가축 분뇨 냄새(닭, 돼지, 소)",-6:-7,27
2020-08-04 22:43:00,36.075024,126.962265,함열읍 와리,4,기타,-4:26,-1
2020-08-04 22:46:00,36.075043,126.96239,함열읍 와리,4,"가축 분뇨 냄새(닭, 돼지, 소)",-4:26,-1
2020-08-04 22:49:00,35.963745,127.01547,팔봉동,3,"가축 분뇨 냄새(닭, 돼지, 소)",5:1,-1
2020-08-04 22:51:00,35.948048,126.9374,모현동1가,5,"가축 분뇨 냄새(닭, 돼지, 소)",-9:-2,28
2020-08-04 22:51:00,35.94056,126.93854,송학동,5,기타,-9:-4,28
2020-08-04 22:54:00,35.945633,126.93809,모현동1가,4,기타,-9:-3,28
2020-08-04 23:03:00,35.955555,126.960495,남중동,5,기타,-5:-1,-1
2020-08-04 23:03:00,35.932945,126.93865,평화동,3,기타,-9:-6,28
2020-08-04 23:05:00,35.945854,126.94609,모현동1가,4,기타,-7:-3,28
2020-08-04 23:07:00,35.945816,126.94503,모현동1가,5,기타,-8:-3,28
2020-08-04 23:21:00,35.963745,127.01547,팔봉동,4,"가축 분뇨 냄새(닭, 돼지, 소)",5:1,29
2020-08-04 23:24:00,35.96551,127.01592,팔봉동,4,기타,5:1,29
2020-08-04 23:34:00,35.965366,127.015656,팔봉동,4,기타,5:1,29
2020-08-04 23:42:00,35.927753,126.96613,동산동,5,"가축 분뇨 냄새(닭, 돼지, 소)",-4:-7,-1
2020-08-04 23:43:00,35.933353,126.94684,평화동,4,기타,-7:-6,-1
2020-08-05 00:17:00,35.96544,127.015564,팔봉동,5,"가축 분뇨 냄새(닭, 돼지, 소)",5:1,29
2020-08-05 00:23:00,35.965405,127.01618,팔봉동,3,기타,5:1,29
2020-08-05 02:30:00,35.963745,127.01547,팔봉동,5,"가축 분뇨 냄새(닭, 돼지, 소)",5:1,-1
2020-08-05 02:40:00,35.934143,126.97026,동산동,4,음식조리 냄새,-3:-5,-1
2020-08-05 07:04:00,35.929333,126.97281,금강동,4,"가축 분뇨 냄새(닭, 돼지, 소)",-3:-7,-1
2020-08-05 07:36:00,35.944202,126.95983,마동,3,"가축 분뇨 냄새(닭, 돼지, 소)",-5:-3,-1
2020-08-05 08:07:00,35.93595,126.97815,금강동,4,하수구 냄새,-2:-5,-1
2020-08-05 08:39:00,35.951504,126.967926,영등동,3,기타,-3:-2,-1
2020-08-05 09:06:00,35.95812,126.97395,영등동,3,기타,-2:0,30
2020-08-05 09:10:00,35.964104,126.97406,영등동,4,기타,-2:1,30
2020-08-05 09:10:00,35.96349,126.97406,영등동,2,"가축 분뇨 냄새(닭, 돼지, 소)",-2:1,30
2020-08-05 09:12:00,35.9636,126.974014,영등동,5,"가축 분뇨 냄새(닭, 돼지, 소)",-2:1,30
2020-08-05 09:18:00,35.953217,126.97521,영등동,2,"가축 분뇨 냄새(닭, 돼지, 소)",-2:-1,30
2020-08-05 09:21:00,35.93627,126.969215,마동,4,"가축 분뇨 냄새(닭, 돼지, 소)",-3:-5,-1
2020-08-05 09:26:00,35.95256,126.95092,모현동1가,3,"가축 분뇨 냄새(닭, 돼지, 소)",-7:-1,-1
2020-08-05 14:36:00,35.957447,126.99565,부송동,4,하수구 냄새,2:0,-1
2020-08-05 16:08:00,35.963745,127.015495,팔봉동,3,"가축 분뇨 냄새(닭, 돼지, 소)",5:1,-1
2020-08-05 19:06:00,35.963745,127.015495,팔봉동,4,기타,5:1,31
2020-08-05 19:30:00,35.963745,127.01547,팔봉동,4,"가축 분뇨 냄새(닭, 돼지, 소)",5:1,31
2020-08-05 19:32:00,35.96569,127.01601,팔봉동,3,기타,5:2,31
2020-08-05 19:36:00,35.966007,127.01507,팔봉동,3,"가축 분뇨 냄새(닭, 돼지, 소)",5:2,31
2020-08-05 19:44:00,35.965637,127.01605,팔봉동,5,"가축 분뇨 냄새(닭, 돼지, 소)",5:2,31
2020-08-05 20:35:00,35.95713,126.97989,어양동,3,"가축 분뇨 냄새(닭, 돼지, 소)",-1:0,-1
2020-08-05 21:20:00,35.934074,126.97093,동산동,3,하수구 냄새,-3:-5,-1
2020-08-05 21:26:00,35.93358,126.97052,동산동,4,음식조리 냄새,-3:-6,-1
2020-08-05 21:30:00,35.948048,126.9374,모현동1가,2,기타,-9:-2,-1
2020-08-05 21:31:00,35.933895,126.97048,동산동,4,하수구 냄새,-3:-6,-1
2020-08-05 21:40:00,35.94019,126.93798,송학동,5,"가축 분뇨 냄새(닭, 돼지, 소)",-9:-4,-1
2020-08-05 21:45:00,35.92679,126.954216,인화동2가,4,"가축 분뇨 냄새(닭, 돼지, 소)",-6:-7,-1
2020-08-05 22:03:00,35.95457,126.93553,모현동2가,3,"가축 분뇨 냄새(닭, 돼지, 소)",-9:-1,-1
2020-08-05 22:05:00,35.927795,126.954216,인화동2가,4,"가축 분뇨 냄새(닭, 돼지, 소)",-6:-7,-1
2020-08-05 22:31:00,35.95167,126.93624,모현동1가,3,기타,-9:-2,-1
2020-08-05 22:48:00,35.934147,126.95014,인화동1가,3,기타,-7:-5,-1
2020-08-05 22:48:00,35.92788,126.959915,동산동,4,"가축 분뇨 냄새(닭, 돼지, 소)",-5:-7,-1
2020-08-05 23:01:00,35.93436,126.970436,동산동,5,"가축 분뇨 냄새(닭, 돼지, 소)",-3:-5,-1
2020-08-05 23:22:00,35.96305,126.94991,신동,4,기타,-7:1,-1
2020-08-05 23:30:00,35.940628,126.95055,창인동1가,3,"가축 분뇨 냄새(닭, 돼지, 소)",-7:-4,-1
2020-08-05 23:34:00,35.926235,126.95912,동산동,4,"가축 분뇨 냄새(닭, 돼지, 소)",-5:-7,-1
2020-08-05 23:42:00,35.958866,126.9397,모현동2가,3,기타,-9:0,-1
2020-08-05 23:59:00,35.957863,126.961975,신동,3,기타,-5:0,-1
2020-08-06 00:00:00,35.957664,126.96182,신동,4,기타,-5:0,-1
2020-08-06 00:02:00,35.93007,126.95856,동산동,3,"가축 분뇨 냄새(닭, 돼지, 소)",-5:-6,-1
2020-08-06 00:20:00,35.956085,126.977745,영등동,3,기타,-2:-1,-1
2020-08-06 00:30:00,35.93018,126.9707,동산동,3,"가축 분뇨 냄새(닭, 돼지, 소)",-3:-6,-1
2020-08-06 00:37:00,35.96032,126.97377,영등동,4,기타,-2:0,-1
2020-08-06 01:02:00,35.95594,126.98069,어양동,4,기타,-1:-1,32
2020-08-06 01:03:00,35.963203,126.982925,어양동,5,"가축 분뇨 냄새(닭, 돼지, 소)",-1:1,32
2020-08-06 01:49:00,35.963276,126.98311,어양동,5,"가축 분뇨 냄새(닭, 돼지, 소)",-1:1,32
2020-08-06 02:35:00,35.96207,126.991486,부송동,4,하수구 냄새,1:1,-1
2020-08-06 07:27:00,35.963745,127.01547,팔봉동,5,"공장 냄새(화학약품, 매캐함)",5:1,-1
2020-08-06 08:22:00,35.94019,126.93798,송학동,5,기타,-9:-4,-1
2020-08-06 12:39:00,35.96575,127.01464,팔봉동,3,"공장 냄새(화학약품, 매캐함)",5:2,-1
2020-08-06 12:59:00,35.963745,127.01547,팔봉동,4,"공장 냄새(화학약품, 매캐함)",5:1,-1
2020-08-06 13:16:00,35.963745,127.015495,팔봉동,3,"공장 냄새(화학약품, 매캐함)",5:1,-1
2020-08-06 14:13:00,35.96571,127.0145,팔봉동,5,"공장 냄새(화학약품, 매캐함)",5:2,-1
2020-08-06 14:38:00,35.963745,127.01547,팔봉동,4,"공장 냄새(화학약품, 매캐함)",5:1,-1
2020-08-06 18:21:00,36.056644,126.98726,낭산면 용기리,3,"가축 분뇨 냄새(닭, 돼지, 소)",0:22,-1
2020-08-06 20:08:00,35.936417,126.96746,마동,4,하수구 냄새,-4:-5,-1
2020-08-06 21:38:00,35.96551,127.0157,팔봉동,5,"공장 냄새(화학약품, 매캐함)",5:1,-1
2020-08-06 22:00:00,35.94788,126.96888,영등동,4,"가축 분뇨 냄새(닭, 돼지, 소)",-3:-2,-1
2020-08-06 22:01:00,35.957832,126.9742,영등동,1,"공장 냄새(화학약품, 매캐함)",-2:0,33
2020-08-06 22:29:00,35.961185,126.97925,영등동,4,"가축 분뇨 냄새(닭, 돼지, 소)",-1:1,33
2020-08-06 22:33:00,35.961224,126.99397,부송동,2,"가축 분뇨 냄새(닭, 돼지, 소)",1:1,33
2020-08-06 22:34:00,35.92832,126.96326,동산동,4,기타,-4:-7,34
2020-08-06 22:43:00,35.960754,126.986496,부송동,3,"가축 분뇨 냄새(닭, 돼지, 소)",0:0,33
2020-08-06 22:48:00,35.954346,126.983826,어양동,3,기타,-1:-1,33
2020-08-06 22:49:00,35.954464,126.983475,어양동,3,기타,-1:-1,33
2020-08-06 22:52:00,35.95667,126.971725,영등동,3,"가축 분뇨 냄새(닭, 돼지, 소)",-3:0,33
2020-08-06 22:59:00,35.928413,126.963524,동산동,3,기타,-4:-7,34
2020-08-06 23:02:00,35.961185,126.97827,영등동,3,"가축 분뇨 냄새(닭, 돼지, 소)",-2:1,33
2020-08-06 23:02:00,35.9543,126.98883,어양동,3,"가축 분뇨 냄새(닭, 돼지, 소)",0:-1,33
2020-08-06 23:04:00,35.964684,126.98306,어양동,3,기타,-1:1,33
2020-08-06 23:04:00,35.934685,126.96999,동산동,4,기타,-3:-5,34
2020-08-06 23:05:00,35.96032,126.97377,영등동,4,기타,-2:0,33
2020-08-06 23:06:00,35.934418,126.9702,동산동,4,"가축 분뇨 냄새(닭, 돼지, 소)",-3:-5,34
2020-08-06 23:09:00,35.95282,126.971405,영등동,4,"가축 분뇨 냄새(닭, 돼지, 소)",-3:-1,33
2020-08-06 23:10:00,35.928738,126.96312,동산동,4,기타,-4:-7,34
2020-08-06 23:13:00,35.934505,126.970345,동산동,4,하수구 냄새,-3:-5,34
2020-08-06 23:13:00,35.96032,126.97377,영등동,5,기타,-2:0,33
2020-08-06 23:15:00,35.961075,126.9724,영등동,2,기타,-3:0,33
2020-08-06 23:16:00,35.963818,126.9792,영등동,5,"가축 분뇨 냄새(닭, 돼지, 소)",-1:1,33
2020-08-06 23:17:00,35.963634,126.97428,영등동,3,"가축 분뇨 냄새(닭, 돼지, 소)",-2:1,33
2020-08-06 23:20:00,35.9428,126.96595,마동,4,기타,-4:-4,34
2020-08-06 23:21:00,35.942726,126.96644,마동,5,기타,-4:-4,34
2020-08-06 23:22:00,35.9428,126.96591,마동,5,기타,-4:-4,34
2020-08-06 23:22:00,35.942616,126.96626,마동,5,기타,-4:-4,34
2020-08-06 23:23:00,35.943012,126.96622,마동,4,기타,-4:-3,34
2020-08-06 23:43:00,35.962845,126.99166,부송동,3,기타,1:1,33
2020-08-07 00:00:00,35.953075,126.98588,어양동,4,하수구 냄새,0:-1,33
2020-08-07 00:28:00,35.955597,126.98803,어양동,4,"가축 분뇨 냄새(닭, 돼지, 소)",0:-1,33
2020-08-07 01:39:00,35.928764,126.96319,동산동,5,"가축 분뇨 냄새(닭, 돼지, 소)",-4:-7,-1
2020-08-07 02:27:00,35.932396,126.94117,평화동,4,"가축 분뇨 냄새(닭, 돼지, 소)",-8:-6,-1
2020-08-07 04:47:00,35.961384,126.99408,부송동,5,"가축 분뇨 냄새(닭, 돼지, 소)",1:1,-1
2020-08-07 07:11:00,36.060467,126.98735,낭산면 용기리,3,"가축 분뇨 냄새(닭, 돼지, 소)",0:22,-1
2020-08-07 07:24:00,35.93649,126.97859,금강동,5,하수구 냄새,-2:-5,-1
2020-08-07 08:17:00,35.991467,126.97598,월성동,3,기타,-2:7,-1
2020-08-07 09:48:00,35.962593,126.9918,부송동,2,기타,1:1,-1
2020-08-07 15:11:00,35.961548,126.993546,부송동,2,"가축 분뇨 냄새(닭, 돼지, 소)",1:1,-1
2020-08-07 15:19:00,35.9627,126.99162,부송동,4,"가축 분뇨 냄새(닭, 돼지, 소)",1:1,-1
2020-08-07 15:21:00,35.959854,126.99344,부송동,4,기타,1:0,-1
2020-08-07 18:14:00,35.961258,126.99388,부송동,5,기타,1:1,-1
2020-08-07 18:14:00,35.962666,126.991394,부송동,4,기타,1:1,-1
2020-08-07 18:18:00,35.95668,126.99521,부송동,4,"가축 분뇨 냄새(닭, 돼지, 소)",1:0,-1
2020-08-07 18:29:00,35.961044,126.99375,부송동,3,"가축 분뇨 냄새(닭, 돼지, 소)",1:0,-1
2020-08-07 21:08:00,35.961258,126.99428,부송동,5,"공장 냄새(화학약품, 매캐함)",1:1,-1
2020-08-07 23:52:00,35.936275,126.978325,금강동,5,하수구 냄새,-2:-5,-1
2020-08-08 13:20:00,35.928448,126.963234,동산동,3,기타,-4:-7,-1
2020-08-08 13:37:00,35.958866,126.9397,모현동2가,3,기타,-9:0,-1
2020-08-08 16:00:00,35.957256,126.99956,부송동,3,"가축 분뇨 냄새(닭, 돼지, 소)",2:0,-1
2020-08-08 16:03:00,35.95792,126.97408,영등동,2,"가축 분뇨 냄새(닭, 돼지, 소)",-2:0,-1
2020-08-08 16:19:00,35.958447,126.99858,부송동,4,"가축 분뇨 냄새(닭, 돼지, 소)",2:0,-1
2020-08-08 18:03:00,35.92719,126.96591,동산동,5,"가축 분뇨 냄새(닭, 돼지, 소)",-4:-7,-1
2020-08-08 18:05:00,35.928738,126.96312,동산동,5,하수구 냄새,-4:-7,-1
2020-08-08 18:11:00,35.961437,126.99423,부송동,4,기타,1:1,-1
2020-08-08 18:13:00,35.962772,126.9918,부송동,4,기타,1:1,-1
2020-08-08 20:51:00,35.928738,126.96314,동산동,4,하수구 냄새,-4:-7,-1
2020-08-08 21:50:00,35.954353,126.9838,어양동,3,기타,-1:-1,35
2020-08-08 22:02:00,35.963852,126.98639,부송동,4,"가축 분뇨 냄새(닭, 돼지, 소)",0:1,35
2020-08-08 22:02:00,35.96317,126.98519,부송동,4,"가축 분뇨 냄새(닭, 돼지, 소)",0:1,35
2020-08-08 22:12:00,35.953255,126.984215,어양동,4,기타,0:-1,35
2020-08-08 22:18:00,35.96536,126.986,부송동,4,기타,0:1,35
2020-08-08 22:23:00,35.961296,126.994194,부송동,4,기타,1:1,35
2020-08-08 22:24:00,35.9627,126.99122,부송동,4,기타,1:1,35
2020-08-08 22:25:00,35.954662,126.98641,어양동,3,기타,0:-1,35
2020-08-08 22:28:00,35.957417,126.995674,부송동,4,"가축 분뇨 냄새(닭, 돼지, 소)",2:0,35
2020-08-08 22:28:00,35.954494,126.9835,어양동,4,기타,-1:-1,35
2020-08-08 22:28:00,35.96122,126.97903,영등동,4,"가축 분뇨 냄새(닭, 돼지, 소)",-1:1,35
2020-08-08 22:29:00,35.954334,126.981735,어양동,4,"가축 분뇨 냄새(닭, 돼지, 소)",-1:-1,35
2020-08-08 22:31:00,35.963852,126.98641,부송동,3,"가축 분뇨 냄새(닭, 돼지, 소)",0:1,35
2020-08-08 22:32:00,35.956318,126.9802,어양동,2,하수구 냄새,-1:-1,35
2020-08-08 22:34:00,35.96115,126.98608,어양동,5,"가축 분뇨 냄새(닭, 돼지, 소)",0:1,35
2020-08-08 22:35:00,35.955166,126.98676,어양동,3,"가축 분뇨 냄새(닭, 돼지, 소)",0:-1,35
2020-08-08 22:37:00,35.96137,126.99388,부송동,4,하수구 냄새,1:1,35
2020-08-08 22:37:00,35.9628,126.98495,부송동,3,"가축 분뇨 냄새(닭, 돼지, 소)",0:1,35
2020-08-08 22:38:00,35.959995,126.98546,어양동,4,기타,0:0,35
2020-08-08 22:45:00,35.960392,126.984436,어양동,4,"가축 분뇨 냄새(닭, 돼지, 소)",0:0,35
2020-08-08 22:58:00,35.962666,126.99153,부송동,4,"가축 분뇨 냄새(닭, 돼지, 소)",1:1,35
2020-08-08 22:59:00,35.961582,126.99437,부송동,5,"가축 분뇨 냄새(닭, 돼지, 소)",1:1,35
2020-08-08 23:55:00,35.93447,126.97039,동산동,5,기타,-3:-5,36
2020-08-08 23:56:00,35.93436,126.97074,마동,3,기타,-3:-5,36
2020-08-08 23:56:00,35.9515,126.97476,영등동,3,기타,-2:-2,-1
2020-08-08 23:58:00,35.934353,126.970314,동산동,5,"가축 분뇨 냄새(닭, 돼지, 소)",-3:-5,36
2020-08-09 00:00:00,36.07574,126.963295,함열읍 와리,5,"가축 분뇨 냄새(닭, 돼지, 소)",-4:26,-1
2020-08-09 00:01:00,35.929028,126.97274,동산동,3,하수구 냄새,-3:-7,36
2020-08-09 00:24:00,35.948048,126.9374,모현동1가,4,기타,-9:-2,-1
2020-08-09 00:30:00,35.93355,126.97052,동산동,5,음식조리 냄새,-3:-6,36
2020-08-09 00:42:00,35.931732,126.970345,동산동,4,하수구 냄새,-3:-6,36
2020-08-09 01:44:00,35.939217,126.941666,송학동,4,"공장 냄새(화학약품, 매캐함)",-8:-4,-1
2020-08-09 01:46:00,35.929924,126.95838,동산동,3,"가축 분뇨 냄새(닭, 돼지, 소)",-5:-6,-1
2020-08-09 07:19:00,35.928143,126.96361,동산동,3,"가축 분뇨 냄새(닭, 돼지, 소)",-4:-7,-1
2020-08-09 08:34:00,35.93584,126.97841,금강동,3,"가축 분뇨 냄새(닭, 돼지, 소)",-2:-5,-1
2020-08-09 10:03:00,35.92823,126.96326,동산동,3,기타,-4:-7,-1
2020-08-09 11:12:00,35.92679,126.95419,인화동2가,4,"가축 분뇨 냄새(닭, 돼지, 소)",-6:-7,37
2020-08-09 11:12:00,35.92679,126.95419,인화동2가,4,"가축 분뇨 냄새(닭, 돼지, 소)",-6:-7,37
2020-08-09 11:12:00,35.92679,126.95419,인화동2가,4,"가축 분뇨 냄새(닭, 돼지, 소)",-6:-7,37
2020-08-09 11:12:00,35.92679,126.95419,인화동2가,4,"가축 분뇨 냄새(닭, 돼지, 소)",-6:-7,37
2020-08-09 11:15:00,35.933174,126.94668,평화동,4,기타,-7:-6,37
2020-08-09 12:28:00,35.95742,126.99571,부송동,3,하수구 냄새,2:0,-1
2020-08-09 14:20:00,35.997658,126.94504,황등면 황등리,3,기타,-8:9,-1
2020-08-09 18:59:00,35.961044,126.99401,부송동,3,기타,1:0,38
2020-08-09 19:00:00,35.92875,126.96316,동산동,2,기타,-4:-7,39
2020-08-09 19:22:00,35.954494,126.98346,어양동,3,기타,-1:-1,38
2020-08-09 19:28:00,35.961006,126.99397,부송동,4,기타,1:0,38
2020-08-09 19:31:00,35.954514,126.983475,어양동,4,기타,-1:-1,38
2020-08-09 19:31:00,35.9344,126.97037,동산동,3,기타,-3:-5,39
2020-08-09 19:39:00,35.953255,126.984215,어양동,4,기타,0:-1,38
2020-08-09 19:39:00,35.953255,126.984215,어양동,4,기타,0:-1,38
2020-08-09 19:39:00,35.955257,126.98683,어양동,4,"가축 분뇨 냄새(닭, 돼지, 소)",0:-1,38
2020-08-09 19:39:00,35.953255,126.984215,어양동,2,"가축 분뇨 냄새(닭, 돼지, 소)",0:-1,38
2020-08-09 19:41:00,35.956608,126.99557,부송동,4,"가축 분뇨 냄새(닭, 돼지, 소)",2:0,38
2020-08-09 19:41:00,35.953255,126.984215,어양동,3,기타,0:-1,38
2020-08-09 19:44:00,35.9543,126.98884,어양동,4,"가축 분뇨 냄새(닭, 돼지, 소)",0:-1,38
2020-08-09 19:44:00,35.95403,126.98499,어양동,5,"가축 분뇨 냄새(닭, 돼지, 소)",0:-1,38
2020-08-09 19:46:00,35.958736,126.9914,부송동,4,하수구 냄새,1:0,38
2020-08-09 19:49:00,35.9543,126.988846,어양동,5,기타,0:-1,38
2020-08-09 19:49:00,35.95336,126.98461,어양동,5,"가축 분뇨 냄새(닭, 돼지, 소)",0:-1,38
2020-08-09 19:51:00,35.952137,126.97513,영등동,3,기타,-2:-1,38
2020-08-09 19:52:00,35.928738,126.96312,동산동,3,하수구 냄새,-4:-7,39
2020-08-09 19:53:00,35.933994,126.97086,동산동,4,"가축 분뇨 냄새(닭, 돼지, 소)",-3:-5,39
2020-08-09 19:54:00,35.953976,126.98129,어양동,4,"가축 분뇨 냄새(닭, 돼지, 소)",-1:-1,38
2020-08-09 19:54:00,35.934074,126.96948,동산동,5,기타,-3:-5,39
2020-08-09 19:57:00,35.957592,126.990265,부송동,4,기타,1:0,38
2020-08-09 19:57:00,35.958553,126.97628,영등동,4,기타,-2:0,38
2020-08-09 19:59:00,35.96075,126.97548,영등동,4,"가축 분뇨 냄새(닭, 돼지, 소)",-2:0,38
2020-08-09 20:00:00,35.96032,126.97377,영등동,4,기타,-2:0,38
2020-08-09 20:04:00,35.928738,126.96312,동산동,3,"가축 분뇨 냄새(닭, 돼지, 소)",-4:-7,39
2020-08-09 20:04:00,35.961002,126.97543,영등동,2,"가축 분뇨 냄새(닭, 돼지, 소)",-2:0,38
2020-08-09 20:06:00,35.92786,126.95994,동산동,4,기타,-5:-7,39
2020-08-09 20:09:00,35.957813,126.974106,영등동,3,기타,-2:0,38
2020-08-09 20:09:00,35.94233,126.96617,마동,3,기타,-4:-4,39
2020-08-09 20:11:00,35.956066,126.99322,부송동,5,기타,1:-1,38
2020-08-09 20:15:00,35.92679,126.95419,인화동2가,4,기타,-6:-7,39
2020-08-09 20:18:00,35.954876,126.981514,어양동,3,"가축 분뇨 냄새(닭, 돼지, 소)",-1:-1,38
2020-08-09 20:19:00,35.933025,126.96361,동산동,5,기타,-4:-6,39
2020-08-09 20:19:00,35.93025,126.95873,동산동,4,"가축 분뇨 냄새(닭, 돼지, 소)",-5:-6,39
2020-08-09 20:19:00,35.96305,126.94989,신동,3,"가축 분뇨 냄새(닭, 돼지, 소)",-7:1,-1
2020-08-09 20:19:00,35.940517,126.946335,창인동2가,3,기타,-7:-4,39
2020-08-09 20:20:00,35.934113,126.95006,인화동1가,3,"가축 분뇨 냄새(닭, 돼지, 소)",-7:-5,39
2020-08-09 20:23:00,35.927715,126.95907,동산동,4,"가축 분뇨 냄새(닭, 돼지, 소)",-5:-7,39
2020-08-09 20:24:00,35.92679,126.95419,인화동2가,5,기타,-6:-7,39
2020-08-09 20:24:00,35.928738,126.96312,동산동,3,기타,-4:-7,39
2020-08-09 20:29:00,35.928177,126.96314,동산동,3,기타,-4:-7,39
2020-08-09 20:36:00,35.943623,126.95585,남중동,3,기타,-6:-3,39
2020-08-09 20:51:00,35.944187,126.96427,마동,5,"가축 분뇨 냄새(닭, 돼지, 소)",-4:-3,39
2020-08-09 20:54:00,35.94744,126.9464,모현동1가,4,"가축 분뇨 냄새(닭, 돼지, 소)",-7:-3,39
2020-08-09 20:57:00,35.95781,126.96265,신동,4,기타,-4:0,-1
2020-08-09 21:00:00,35.93411,126.97101,동산동,4,기타,-3:-5,39
2020-08-09 21:00:00,35.934074,126.96948,동산동,5,기타,-3:-5,39
2020-08-09 21:02:00,35.934074,126.96963,동산동,5,"가축 분뇨 냄새(닭, 돼지, 소)",-3:-5,39
2020-08-09 21:12:00,35.957523,126.96158,신동,5,기타,-5:0,-1
2020-08-09 21:19:00,35.92704,126.95426,인화동2가,4,기타,-6:-7,39
2020-08-09 21:25:00,35.928406,126.963264,동산동,3,기타,-4:-7,39
2020-08-09 21:25:00,35.95256,126.95092,모현동1가,5,"가축 분뇨 냄새(닭, 돼지, 소)",-7:-1,-1
2020-08-09 21:26:00,35.926838,126.95348,인화동2가,5,기타,-6:-7,39
2020-08-09 21:26:00,35.9285,126.96336,동산동,3,"가축 분뇨 냄새(닭, 돼지, 소)",-4:-7,39
2020-08-09 21:27:00,35.929955,126.96698,동산동,5,기타,-4:-6,39
2020-08-09 21:28:00,35.934868,126.95418,갈산동,4,"가축 분뇨 냄새(닭, 돼지, 소)",-6:-5,39
2020-08-09 21:28:00,35.930645,126.95692,인화동2가,4,기타,-5:-6,39
2020-08-09 21:38:00,35.934418,126.97024,동산동,4,기타,-3:-5,39
2020-08-09 21:47:00,35.92774,126.96612,동산동,5,"가축 분뇨 냄새(닭, 돼지, 소)",-4:-7,39
2020-08-09 21:51:00,35.957684,126.961555,신동,5,"가축 분뇨 냄새(닭, 돼지, 소)",-5:0,-1
2020-08-09 21:56:00,35.928738,126.96312,동산동,4,기타,-4:-7,39
2020-08-09 22:00:00,35.92729,126.95439,인화동2가,4,기타,-6:-7,39
2020-08-09 22:00:00,35.926716,126.95402,인화동2가,4,"가축 분뇨 냄새(닭, 돼지, 소)",-6:-7,39
2020-08-09 22:00:00,35.926723,126.95405,인화동2가,4,"가축 분뇨 냄새(닭, 돼지, 소)",-6:-7,39
2020-08-09 22:09:00,35.92704,126.95347,인화동2가,4,"가축 분뇨 냄새(닭, 돼지, 소)",-6:-7,40
2020-08-09 22:09:00,35.945766,126.94608,모현동1가,3,기타,-7:-3,41
2020-08-09 22:12:00,35.944984,126.93853,모현동1가,3,기타,-9:-3,41
2020-08-09 22:12:00,35.936523,126.96866,마동,3,"가축 분뇨 냄새(닭, 돼지, 소)",-3:-5,40
2020-08-09 22:16:00,35.94596,126.946,모현동1가,4,"가축 분뇨 냄새(닭, 돼지, 소)",-7:-3,41
2020-08-09 22:16:00,35.932297,126.941,평화동,5,"가축 분뇨 냄새(닭, 돼지, 소)",-8:-6,-1
2020-08-09 22:17:00,35.945564,126.941345,모현동1가,5,기타,-8:-3,41
2020-08-09 22:26:00,35.953094,126.93766,모현동2가,3,"가축 분뇨 냄새(닭, 돼지, 소)",-9:-1,41
2020-08-09 22:29:00,35.94722,126.93196,오산면 장신리,4,기타,-10:-3,41
2020-08-09 22:34:00,35.947327,126.936226,모현동1가,3,"가축 분뇨 냄새(닭, 돼지, 소)",-9:-3,41
2020-08-09 22:35:00,35.944836,126.92978,송학동,3,"가축 분뇨 냄새(닭, 돼지, 소)",-10:-3,41
2020-08-09 22:44:00,35.934505,126.97061,마동,3,기타,-3:-5,40
2020-08-09 22:57:00,35.961224,126.99366,부송동,3,기타,1:1,-1
2020-08-09 23:09:00,35.92827,126.96328,동산동,5,하수구 냄새,-4:-7,40
2020-08-09 23:29:00,35.92881,126.96379,동산동,4,기타,-4:-7,40
2020-08-09 23:43:00,35.928738,126.96314,동산동,4,기타,-4:-7,40
2020-08-10 00:11:00,35.934326,126.97025,동산동,5,"가축 분뇨 냄새(닭, 돼지, 소)",-3:-5,40
2020-08-10 00:12:00,35.94491,126.93,송학동,2,기타,-10:-3,-1
2020-08-10 00:24:00,35.963383,126.97362,영등동,3,기타,-2:1,-1
2020-08-10 00:31:00,35.96032,126.97377,영등동,4,"가축 분뇨 냄새(닭, 돼지, 소)",-2:0,-1
2020-08-10 00:34:00,35.95775,126.962685,신동,5,기타,-4:0,-1
2020-08-10 00:53:00,35.9581,126.961754,신동,4,"가축 분뇨 냄새(닭, 돼지, 소)",-5:0,-1
2020-08-10 00:59:00,35.942833,126.9664,마동,4,기타,-4:-4,-1
2020-08-10 01:02:00,35.929657,126.96534,동산동,4,기타,-4:-6,40
2020-08-10 01:03:00,35.92962,126.96541,동산동,4,기타,-4:-6,40
2020-08-10 01:16:00,35.933983,126.97002,동산동,5,하수구 냄새,-3:-5,42
2020-08-10 01:18:00,35.93392,126.97011,동산동,5,하수구 냄새,-3:-6,42
2020-08-10 01:28:00,35.93281,126.97145,동산동,3,"가축 분뇨 냄새(닭, 돼지, 소)",-3:-6,42
2020-08-10 01:42:00,35.96032,126.97377,영등동,5,기타,-2:0,-1
2020-08-10 01:52:00,35.96133,126.97898,영등동,5,기타,-1:1,-1
2020-08-10 02:01:00,35.9583,126.99765,부송동,4,기타,2:0,-1
2020-08-10 02:27:00,35.9543,126.98142,어양동,3,"가축 분뇨 냄새(닭, 돼지, 소)",-1:-1,-1
2020-08-10 05:37:00,35.932297,126.941,평화동,5,"가축 분뇨 냄새(닭, 돼지, 소)",-8:-6,-1
2020-08-10 08:19:00,35.963097,126.99166,부송동,2,기타,1:1,-1
2020-08-10 08:32:00,35.934723,126.969925,마동,5,"가축 분뇨 냄새(닭, 돼지, 소)",-3:-5,-1
2020-08-10 08:50:00,35.9543,126.98883,어양동,4,기타,0:-1,-1
2020-08-10 08:56:00,35.96108,126.99397,부송동,3,기타,1:0,43
2020-08-10 08:58:00,35.9541,126.9853,어양동,3,기타,0:-1,43
2020-08-10 08:59:00,35.956604,126.9718,영등동,3,"가축 분뇨 냄새(닭, 돼지, 소)",-3:0,-1
2020-08-10 08:59:00,35.928738,126.96312,동산동,3,기타,-4:-7,-1
2020-08-10 09:06:00,35.96151,126.99423,부송동,3,기타,1:1,43
2020-08-10 09:06:00,35.962807,126.98517,부송동,5,"가축 분뇨 냄새(닭, 돼지, 소)",0:1,43
2020-08-10 12:32:00,35.95115,127.07174,왕궁면 구덕리,4,기타,15:-2,-1
2020-08-10 13:17:00,35.957405,126.99574,부송동,4,하수구 냄새,2:0,-1
2020-08-10 15:53:00,35.934307,126.97029,동산동,4,기타,-3:-5,-1
2020-08-10 16:03:00,35.933025,126.96361,동산동,5,기타,-4:-6,-1
2020-08-10 16:05:00,35.94059,126.94769,중앙동1가,3,"가축 분뇨 냄새(닭, 돼지, 소)",-7:-4,44
2020-08-10 16:11:00,35.94365,126.955864,남중동,3,기타,-6:-3,44
2020-08-10 16:11:00,35.945404,126.94585,모현동1가,4,기타,-7:-3,44
2020-08-10 16:15:00,35.95256,126.95092,모현동1가,5,"가축 분뇨 냄새(닭, 돼지, 소)",-7:-1,44
2020-08-10 16:31:00,35.93892,126.95348,갈산동,5,기타,-6:-4,44
2020-08-10 16:40:00,35.94744,126.9464,모현동1가,3,기타,-7:-3,44
2020-08-10 16:45:00,35.96305,126.94989,신동,2,기타,-7:1,-1
2020-08-10 17:53:00,35.961025,126.98674,부송동,3,기타,0:0,45
2020-08-10 17:59:00,35.957294,126.996056,부송동,4,"가축 분뇨 냄새(닭, 돼지, 소)",2:0,45
2020-08-10 18:09:00,35.9543,126.98883,어양동,4,"가축 분뇨 냄새(닭, 돼지, 소)",0:-1,45
2020-08-10 18:14:00,35.955265,126.98669,어양동,3,"가축 분뇨 냄새(닭, 돼지, 소)",0:-1,45
2020-08-10 18:30:00,35.96151,126.99432,부송동,4,기타,1:1,45
2020-08-10 18:31:00,35.962738,126.99153,부송동,4,기타,1:1,45
2020-08-10 18:31:00,35.96579,127.01454,팔봉동,3,"가축 분뇨 냄새(닭, 돼지, 소)",5:2,-1
2020-08-10 18:42:00,35.957077,126.99557,부송동,4,기타,2:0,45
2020-08-10 18:59:00,35.953163,126.9859,어양동,3,"가축 분뇨 냄새(닭, 돼지, 소)",0:-1,45
2020-08-10 19:21:00,35.962738,126.99122,부송동,4,기타,1:1,45
2020-08-10 19:26:00,35.9543,126.98883,어양동,4,"가축 분뇨 냄새(닭, 돼지, 소)",0:-1,45
2020-08-10 19:28:00,35.961296,126.99445,부송동,3,하수구 냄새,1:1,45
2020-08-10 19:30:00,35.9543,126.988846,어양동,5,기타,0:-1,45
2020-08-10 19:31:00,35.953255,126.984215,어양동,3,"가축 분뇨 냄새(닭, 돼지, 소)",0:-1,45
2020-08-10 19:33:00,35.95733,126.99951,부송동,3,기타,2:0,45
2020-08-10 19:33:00,35.957256,126.98125,어양동,3,"가축 분뇨 냄새(닭, 돼지, 소)",-1:0,45
2020-08-10 19:33:00,35.957943,126.998405,부송동,3,기타,2:0,45
2020-08-10 19:34:00,35.953255,126.984215,어양동,4,기타,0:-1,45
2020-08-10 19:34:00,35.954346,126.9838,어양동,3,기타,-1:-1,45
2020-08-10 19:35:00,35.959995,126.98546,어양동,5,"가축 분뇨 냄새(닭, 돼지, 소)",0:0,45
2020-08-10 19:37:00,35.963467,126.98762,부송동,4,"가축 분뇨 냄새(닭, 돼지, 소)",0:1,45
2020-08-10 19:39:00,35.963882,126.98642,부송동,4,"가축 분뇨 냄새(닭, 돼지, 소)",0:1,45
2020-08-10 19:42:00,35.95153,126.97471,영등동,2,"공장 냄새(화학약품, 매캐함)",-2:-2,45
2020-08-10 19:43:00,35.963062,126.99175,부송동,2,기타,1:1,45
2020-08-10 19:46:00,35.954136,126.978165,영등동,3,기타,-2:-1,45
2020-08-10 19:48:00,35.958447,126.97586,영등동,4,"가축 분뇨 냄새(닭, 돼지, 소)",-2:0,45
2020-08-10 19:50:00,35.928738,126.96314,동산동,4,기타,-4:-7,-1
2020-08-10 19:51:00,35.953255,126.97379,영등동,5,"가축 분뇨 냄새(닭, 돼지, 소)",-2:-1,45
2020-08-10 19:52:00,35.95376,126.97505,영등동,3,"가축 분뇨 냄새(닭, 돼지, 소)",-2:-1,45
2020-08-10 19:56:00,35.957886,126.97384,영등동,3,기타,-2:0,45
2020-08-10 19:58:00,35.954117,126.97513,영등동,4,하수구 냄새,-2:-1,45
2020-08-10 20:07:00,35.93447,126.97017,동산동,4,기타,-3:-5,-1
2020-08-10 20:13:00,35.960896,126.97508,영등동,5,"가축 분뇨 냄새(닭, 돼지, 소)",-2:0,45
2020-08-10 20:13:00,35.953796,126.98412,어양동,3,기타,-1:-1,45
2020-08-10 20:23:00,35.9543,126.98182,어양동,5,"가축 분뇨 냄새(닭, 돼지, 소)",-1:-1,45
2020-08-10 20:29:00,35.963997,126.97863,영등동,4,기타,-2:1,45
2020-08-10 21:15:00,35.92719,126.96591,동산동,3,기타,-4:-7,-1
2020-08-10 22:15:00,35.92832,126.96308,동산동,4,기타,-4:-7,-1
2020-08-10 22:33:00,35.93667,126.96897,마동,4,"가축 분뇨 냄새(닭, 돼지, 소)",-3:-5,-1
2020-08-10 23:00:00,35.928738,126.96314,동산동,4,기타,-4:-7,-1
2020-08-11 08:10:00,35.965714,127.01452,팔봉동,3,"공장 냄새(화학약품, 매캐함)",5:2,-1
2020-08-11 08:32:00,35.963745,127.01547,팔봉동,3,"공장 냄새(화학약품, 매캐함)",5:1,-1
2020-08-11 14:46:00,36.06043,126.987526,낭산면 용기리,4,기타,0:22,-1
2020-08-11 19:26:00,36.060287,126.98748,낭산면 용기리,3,기타,0:22,-1
2020-08-11 22:45:00,35.95153,126.97471,영등동,3,"공장 냄새(화학약품, 매캐함)",-2:-2,-1
2020-08-12 01:17:00,35.9583,126.99767,부송동,2,"가축 분뇨 냄새(닭, 돼지, 소)",2:0,-1
2020-08-12 01:31:00,35.95697,126.994965,부송동,3,하수구 냄새,1:0,-1
2020-08-12 01:35:00,35.954227,126.988205,어양동,3,기타,0:-1,-1
2020-08-12 01:48:00,35.96075,126.97526,영등동,2,"공장 냄새(화학약품, 매캐함)",-2:0,-1
2020-08-12 02:53:00,35.954407,126.983795,어양동,4,"가축 분뇨 냄새(닭, 돼지, 소)",-1:-1,-1
2020-08-12 03:21:00,35.956623,126.97164,영등동,2,"공장 냄새(화학약품, 매캐함)",-3:0,-1
2020-08-12 04:11:00,35.961403,126.978935,영등동,4,"가축 분뇨 냄새(닭, 돼지, 소)",-1:1,-1
2020-08-12 06:00:00,35.92832,126.96312,동산동,5,기타,-4:-7,-1
2020-08-12 08:45:00,35.963528,126.98412,어양동,4,"가축 분뇨 냄새(닭, 돼지, 소)",-1:1,-1
2020-08-12 08:51:00,35.961826,126.98613,어양동,3,기타,0:1,-1
2020-08-12 08:51:00,35.958447,126.99858,부송동,4,"가축 분뇨 냄새(닭, 돼지, 소)",2:0,-1
2020-08-12 08:57:00,35.96108,126.9941,부송동,4,기타,1:0,-1
2020-08-12 18:01:00,35.965294,127.01476,팔봉동,3,"공장 냄새(화학약품, 매캐함)",5:1,-1
2020-08-12 21:55:00,35.95387,126.9847,어양동,4,기타,0:-1,-1
2020-08-12 23:00:00,35.95295,126.98499,어양동,5,"가축 분뇨 냄새(닭, 돼지, 소)",0:-1,-1
2020-08-12 23:25:00,35.9543,126.988846,어양동,4,"가축 분뇨 냄새(닭, 돼지, 소)",0:-1,46
2020-08-12 23:32:00,35.953003,126.98426,어양동,3,"가축 분뇨 냄새(닭, 돼지, 소)",0:-1,46
2020-08-12 23:39:00,35.961727,126.99397,부송동,5,기타,1:1,46
2020-08-12 23:40:00,35.961582,126.99437,부송동,4,기타,1:1,46
2020-08-12 23:41:00,35.961296,126.994194,부송동,5,기타,1:1,46
2020-08-12 23:59:00,35.95365,126.98798,어양동,5,"가축 분뇨 냄새(닭, 돼지, 소)",0:-1,46
2020-08-13 00:00:00,35.928738,126.96312,동산동,4,기타,-4:-7,-1
2020-08-13 00:04:00,35.953976,126.986565,어양동,5,기타,0:-1,46
2020-08-13 00:05:00,35.95394,126.98763,어양동,5,"가축 분뇨 냄새(닭, 돼지, 소)",0:-1,46
2020-08-13 00:07:00,35.953796,126.98512,어양동,5,기타,0:-1,46
2020-08-13 00:09:00,35.957905,126.993614,부송동,4,"가축 분뇨 냄새(닭, 돼지, 소)",1:0,46
2020-08-13 00:09:00,35.957077,126.981285,어양동,4,"가축 분뇨 냄새(닭, 돼지, 소)",-1:0,46
2020-08-13 00:11:00,35.9618,126.987625,부송동,5,"가축 분뇨 냄새(닭, 돼지, 소)",0:1,46
2020-08-13 00:16:00,35.95614,126.992905,부송동,5,기타,1:-1,46
2020-08-13 00:17:00,35.93613,126.97859,금강동,5,"가축 분뇨 냄새(닭, 돼지, 소)",-2:-5,-1
2020-08-13 00:19:00,35.931873,126.96999,동산동,4,하수구 냄새,-3:-6,-1
2020-08-13 00:21:00,35.955093,126.98426,어양동,3,"가축 분뇨 냄새(닭, 돼지, 소)",0:-1,46
2020-08-13 00:23:00,35.953434,126.98532,어양동,4,음식조리 냄새,0:-1,46
2020-08-13 00:26:00,35.961258,126.97903,영등동,4,기타,-1:1,46
2020-08-13 00:27:00,35.962807,126.98517,부송동,5,"가축 분뇨 냄새(닭, 돼지, 소)",0:1,46
2020-08-13 00:28:00,35.962845,126.98479,부송동,4,기타,0:1,46
2020-08-13 00:32:00,35.954212,126.98504,어양동,5,"가축 분뇨 냄새(닭, 돼지, 소)",0:-1,46
2020-08-13 00:32:00,35.95336,126.984795,어양동,3,기타,0:-1,46
2020-08-13 00:33:00,35.953255,126.984215,어양동,4,기타,0:-1,46
2020-08-13 00:33:00,35.96032,126.97377,영등동,4,기타,-2:0,46
2020-08-13 00:35:00,35.96288,126.991394,부송동,4,하수구 냄새,1:1,46
2020-08-13 00:35:00,35.957184,126.98147,어양동,5,"가축 분뇨 냄새(닭, 돼지, 소)",-1:0,46
2020-08-13 00:35:00,35.965298,126.986694,부송동,4,기타,0:1,46
2020-08-13 00:36:00,35.96032,126.97377,영등동,2,기타,-2:0,46
2020-08-13 00:37:00,35.96299,126.98306,어양동,5,"가축 분뇨 냄새(닭, 돼지, 소)",-1:1,46
2020-08-13 00:37:00,35.963203,126.991135,부송동,4,"가축 분뇨 냄새(닭, 돼지, 소)",1:1,46
2020-08-13 00:38:00,35.956615,126.9716,영등동,5,"가축 분뇨 냄새(닭, 돼지, 소)",-3:0,46
2020-08-13 00:39:00,35.961044,126.9941,부송동,5,"가축 분뇨 냄새(닭, 돼지, 소)",1:0,46
2020-08-13 00:40:00,35.95512,126.973595,영등동,4,기타,-2:-1,46
2020-08-13 00:40:00,35.962917,126.98499,부송동,5,기타,0:1,46
2020-08-13 00:40:00,35.957184,126.971535,영등동,5,"가축 분뇨 냄새(닭, 돼지, 소)",-3:0,46
2020-08-13 00:41:00,35.96108,126.97841,영등동,4,하수구 냄새,-2:0,46
2020-08-13 00:42:00,35.95401,126.97823,영등동,3,"가축 분뇨 냄새(닭, 돼지, 소)",-2:-1,46
2020-08-13 00:43:00,35.951523,126.97521,영등동,2,기타,-2:-2,46
2020-08-13 00:43:00,35.9543,126.98883,어양동,5,하수구 냄새,0:-1,46
2020-08-13 00:45:00,35.95358,126.98537,어양동,5,기타,0:-1,46
2020-08-13 00:48:00,35.952244,126.97961,어양동,5,기타,-1:-1,46
2020-08-13 00:50:00,35.955025,126.97357,영등동,5,기타,-2:-1,46
2020-08-13 00:51:00,35.957706,126.974014,영등동,5,기타,-2:0,46
2020-08-13 00:55:00,35.96349,126.974724,영등동,3,"가축 분뇨 냄새(닭, 돼지, 소)",-2:1,46
2020-08-13 00:56:00,35.961582,126.978584,영등동,4,기타,-2:1,46
2020-08-13 00:56:00,35.94618,126.94539,모현동1가,3,기타,-7:-3,-1
2020-08-13 00:56:00,35.956608,126.97504,영등동,4,기타,-2:0,46
2020-08-13 00:59:00,35.954117,126.971535,영등동,4,"가축 분뇨 냄새(닭, 돼지, 소)",-3:-1,46
2020-08-13 01:02:00,35.964466,126.97916,영등동,3,"가축 분뇨 냄새(닭, 돼지, 소)",-1:1,46
2020-08-13 01:05:00,35.96147,126.975525,영등동,5,기타,-2:1,46
2020-08-13 01:06:00,35.93162,126.969505,동산동,5,하수구 냄새,-3:-6,47
2020-08-13 01:12:00,35.963997,126.97938,영등동,5,기타,-1:1,46
2020-08-13 01:12:00,35.961403,126.97832,영등동,4,"가축 분뇨 냄새(닭, 돼지, 소)",-2:1,46
2020-08-13 01:12:00,35.957,126.97251,영등동,4,기타,-3:0,46
2020-08-13 01:16:00,35.961544,126.97539,영등동,5,기타,-2:1,46
2020-08-13 01:17:00,35.960773,126.986916,부송동,5,기타,0:0,46
2020-08-13 01:19:00,35.927876,126.95993,동산동,4,기타,-5:-7,47
2020-08-13 01:23:00,35.955307,126.97663,영등동,5,기타,-2:-1,46
2020-08-13 01:24:00,35.92594,126.960556,동산동,4,기타,-5:-7,47
2020-08-13 01:30:00,35.929962,126.95878,동산동,5,"가축 분뇨 냄새(닭, 돼지, 소)",-5:-6,47
2020-08-13 01:30:00,35.93054,126.95856,동산동,4,"가축 분뇨 냄새(닭, 돼지, 소)",-5:-6,47
2020-08-13 01:36:00,35.9578,126.9626,신동,5,"가축 분뇨 냄새(닭, 돼지, 소)",-4:0,46
2020-08-13 01:39:00,35.93472,126.96268,마동,5,"가축 분뇨 냄새(닭, 돼지, 소)",-4:-5,47
2020-08-13 01:39:00,35.9543,126.97486,영등동,5,하수구 냄새,-2:-1,46
2020-08-13 01:46:00,35.94062,126.93683,송학동,4,기타,-9:-4,48
2020-08-13 01:48:00,35.932297,126.941,평화동,5,"가축 분뇨 냄새(닭, 돼지, 소)",-8:-6,48
2020-08-13 01:48:00,35.946716,126.93855,모현동1가,4,기타,-9:-3,48
2020-08-13 01:50:00,35.932297,126.941,평화동,5,음식조리 냄새,-8:-6,48
2020-08-13 01:53:00,35.96305,126.94989,신동,3,기타,-7:1,-1
2020-08-13 01:54:00,35.963562,126.97463,영등동,4,"가축 분뇨 냄새(닭, 돼지, 소)",-2:1,46
2020-08-13 02:03:00,35.946285,126.94126,모현동1가,5,"가축 분뇨 냄새(닭, 돼지, 소)",-8:-3,48
2020-08-13 02:07:00,35.95256,126.95092,모현동1가,4,"가축 분뇨 냄새(닭, 돼지, 소)",-7:-1,-1
2020-08-13 03:15:00,35.934155,126.97069,동산동,4,음식조리 냄새,-3:-5,-1
2020-08-13 05:03:00,35.934063,126.96949,동산동,2,"공장 냄새(화학약품, 매캐함)",-3:-5,-1
2020-08-13 06:15:00,35.933968,126.971054,동산동,4,기타,-3:-5,-1
2020-08-13 11:23:00,35.96571,127.01448,팔봉동,4,"가축 분뇨 냄새(닭, 돼지, 소)",5:2,-1
2020-08-13 12:08:00,35.963745,127.01547,팔봉동,3,"공장 냄새(화학약품, 매캐함)",5:1,-1
2020-08-13 13:07:00,35.963745,127.01547,팔봉동,4,"공장 냄새(화학약품, 매캐함)",5:1,-1
2020-08-13 16:54:00,35.965755,127.01451,팔봉동,4,"공장 냄새(화학약품, 매캐함)",5:2,-1
2020-08-13 19:16:00,35.997692,126.944916,황등면 황등리,4,"가축 분뇨 냄새(닭, 돼지, 소)",-8:9,-1
2020-08-13 20:05:00,35.963745,127.01547,팔봉동,4,"공장 냄새(화학약품, 매캐함)",5:1,-1
2020-08-14 02:00:00,35.94123,126.92872,송학동,4,"가축 분뇨 냄새(닭, 돼지, 소)",-11:-4,-1
2020-08-14 02:27:00,35.96295,126.95003,신동,4,"공장 냄새(화학약품, 매캐함)",-7:1,-1
2020-08-14 02:44:00,35.9583,126.99767,부송동,3,"가축 분뇨 냄새(닭, 돼지, 소)",2:0,-1
2020-08-14 02:57:00,35.954876,126.98812,어양동,4,기타,0:-1,-1
2020-08-14 02:57:00,35.981384,126.98295,임상동,3,하수구 냄새,-1:5,-1
2020-08-14 03:00:00,35.927914,126.95993,동산동,3,기타,-5:-7,-1
2020-08-14 03:02:00,35.96032,126.97377,영등동,3,"가축 분뇨 냄새(닭, 돼지, 소)",-2:0,-1
2020-08-14 03:03:00,35.9645,126.97911,영등동,3,"가축 분뇨 냄새(닭, 돼지, 소)",-1:1,-1
2020-08-14 03:07:00,35.93422,126.97032,동산동,5,기타,-3:-5,-1
2020-08-14 03:08:00,35.932938,126.96335,동산동,3,기타,-4:-6,-1
2020-08-14 03:32:00,35.954544,126.982086,어양동,4,기타,-1:-1,-1
2020-08-14 05:17:00,35.932297,126.941,평화동,5,하수구 냄새,-8:-6,-1
2020-08-14 05:32:00,35.953255,126.984215,어양동,2,"가축 분뇨 냄새(닭, 돼지, 소)",0:-1,-1
2020-08-14 06:02:00,35.928738,126.96312,동산동,4,기타,-4:-7,-1
2020-08-14 06:16:00,35.95924,126.984215,어양동,4,"가축 분뇨 냄새(닭, 돼지, 소)",0:0,49
2020-08-14 06:22:00,35.957993,126.97408,영등동,3,기타,-2:0,49
2020-08-14 06:23:00,35.9543,126.98883,어양동,4,"가축 분뇨 냄새(닭, 돼지, 소)",0:-1,49
2020-08-14 06:23:00,35.95387,126.98759,어양동,2,기타,0:-1,49
2020-08-14 06:25:00,35.933327,126.94685,평화동,3,기타,-7:-6,-1
2020-08-14 07:06:00,35.96544,126.986,부송동,4,기타,0:1,49
2020-08-14 07:12:00,35.963387,126.98718,부송동,4,기타,0:1,49
2020-08-14 07:21:00,35.9543,126.988846,어양동,4,기타,0:-1,49
2020-08-14 07:32:00,35.958866,126.9397,모현동2가,3,기타,-9:0,-1
2020-08-14 07:38:00,35.961403,126.99445,부송동,5,하수구 냄새,1:1,49
2020-08-14 07:57:00,35.961437,126.97863,영등동,3,"가축 분뇨 냄새(닭, 돼지, 소)",-2:1,49
2020-08-15 00:21:00,35.953472,126.985146,어양동,4,기타,0:-1,-1
2020-08-15 03:48:00,35.953255,126.984215,어양동,4,기타,0:-1,-1
2020-08-15 03:53:00,35.9587,126.98412,어양동,4,"가축 분뇨 냄새(닭, 돼지, 소)",-1:0,-1
2020-08-15 04:07:00,35.961365,126.97867,영등동,3,기타,-1:1,-1
2020-08-15 04:13:00,35.93429,126.97037,동산동,4,기타,-3:-5,-1
2020-08-15 04:36:00,35.9583,126.99767,부송동,3,"공장 냄새(화학약품, 매캐함)",2:0,-1
2020-08-15 04:41:00,35.932297,126.94113,평화동,5,하수구 냄새,-8:-6,-1
2020-08-15 04:41:00,35.932297,126.941,평화동,5,하수구 냄새,-8:-6,-1
2020-08-15 05:58:00,35.939518,126.97961,신흥동,4,하수구 냄새,-1:-4,-1
2020-08-15 07:30:00,35.959995,126.98546,어양동,3,"가축 분뇨 냄새(닭, 돼지, 소)",0:0,-1
2020-08-15 08:24:00,35.962807,126.98517,부송동,4,"가축 분뇨 냄새(닭, 돼지, 소)",0:1,-1
2020-08-15 08:29:00,35.9627,126.99131,부송동,5,기타,1:1,-1
2020-08-15 08:50:00,35.95377,126.98423,어양동,4,"가축 분뇨 냄새(닭, 돼지, 소)",0:-1,-1
2020-08-15 08:54:00,35.95376,126.98776,어양동,3,"가축 분뇨 냄새(닭, 돼지, 소)",0:-1,-1
2020-08-15 22:30:00,35.93097,126.9563,인화동2가,4,기타,-6:-6,50
2020-08-15 22:46:00,35.92719,126.96591,동산동,5,하수구 냄새,-4:-7,50
2020-08-15 22:47:00,35.928738,126.96314,동산동,3,기타,-4:-7,50
2020-08-15 22:47:00,35.92816,126.96383,동산동,3,"가축 분뇨 냄새(닭, 돼지, 소)",-4:-7,50
2020-08-15 22:48:00,35.928738,126.96312,동산동,5,하수구 냄새,-4:-7,50
2020-08-15 22:49:00,35.928738,126.96312,동산동,4,하수구 냄새,-4:-7,50
2020-08-15 22:52:00,35.925888,126.96073,동산동,4,"가축 분뇨 냄새(닭, 돼지, 소)",-5:-7,50
2020-08-15 22:55:00,35.929276,126.96277,동산동,5,기타,-4:-7,50
2020-08-15 22:58:00,35.95256,126.95092,모현동1가,5,"가축 분뇨 냄새(닭, 돼지, 소)",-7:-1,51
2020-08-15 22:59:00,35.94816,126.93726,모현동1가,4,"가축 분뇨 냄새(닭, 돼지, 소)",-9:-2,51
2020-08-15 22:59:00,35.941235,126.936676,송학동,4,기타,-9:-4,51
2020-08-15 22:59:00,35.933712,126.964226,동산동,4,기타,-4:-6,50
2020-08-15 23:00:00,35.951607,126.93606,모현동1가,4,"가축 분뇨 냄새(닭, 돼지, 소)",-9:-2,51
2020-08-15 23:00:00,35.932297,126.941,평화동,5,하수구 냄새,-8:-6,51
2020-08-15 23:00:00,35.957863,126.96196,신동,4,"가축 분뇨 냄새(닭, 돼지, 소)",-5:0,-1
2020-08-15 23:01:00,35.936523,126.96924,마동,4,기타,-3:-5,50
2020-08-15 23:01:00,35.944836,126.92978,송학동,4,기타,-10:-3,51
2020-08-15 23:01:00,35.945774,126.94612,모현동1가,5,"가축 분뇨 냄새(닭, 돼지, 소)",-7:-3,51
2020-08-15 23:01:00,35.92787,126.95994,동산동,4,기타,-5:-7,50
2020-08-15 23:02:00,35.94744,126.9464,모현동1가,4,기타,-7:-3,51
2020-08-15 23:02:00,35.944912,126.938,모현동1가,3,기타,-9:-3,51
2020-08-15 23:03:00,35.9458,126.946205,모현동1가,5,"가축 분뇨 냄새(닭, 돼지, 소)",-7:-3,51
2020-08-15 23:03:00,35.932297,126.941,평화동,5,하수구 냄새,-8:-6,51
2020-08-15 23:04:00,35.943367,126.93101,송학동,5,"가축 분뇨 냄새(닭, 돼지, 소)",-10:-3,51
2020-08-15 23:04:00,35.932842,126.940994,평화동,5,"가축 분뇨 냄새(닭, 돼지, 소)",-8:-6,51
2020-08-15 23:05:00,35.934074,126.969505,동산동,5,"가축 분뇨 냄새(닭, 돼지, 소)",-3:-5,50
2020-08-15 23:05:00,35.932297,126.941,평화동,5,기타,-8:-6,51
2020-08-15 23:09:00,35.953255,126.984215,어양동,3,기타,0:-1,52
2020-08-15 23:09:00,35.95663,126.971725,영등동,3,"가축 분뇨 냄새(닭, 돼지, 소)",-3:0,52
2020-08-15 23:09:00,35.951668,126.97495,영등동,3,"가축 분뇨 냄새(닭, 돼지, 소)",-2:-2,52
2020-08-15 23:09:00,35.944836,126.929756,송학동,4,기타,-10:-3,51
2020-08-15 23:10:00,35.952446,126.93633,모현동1가,4,하수구 냄새,-9:-1,51
2020-08-15 23:10:00,35.95765,126.961914,신동,5,기타,-5:0,52
2020-08-15 23:12:00,35.943665,126.929436,송학동,4,"가축 분뇨 냄새(닭, 돼지, 소)",-10:-3,51
2020-08-15 23:12:00,35.95585,126.978004,영등동,4,"가축 분뇨 냄새(닭, 돼지, 소)",-2:-1,52
2020-08-15 23:13:00,35.944557,126.95327,남중동,5,"가축 분뇨 냄새(닭, 돼지, 소)",-6:-3,51
2020-08-15 23:13:00,35.953434,126.98499,어양동,5,기타,0:-1,52
2020-08-15 23:13:00,35.94405,126.94374,모현동1가,5,하수구 냄새,-8:-3,51
2020-08-15 23:13:00,35.947334,126.955574,남중동,5,기타,-6:-3,51
2020-08-15 23:14:00,35.95275,126.98546,어양동,5,"가축 분뇨 냄새(닭, 돼지, 소)",0:-1,52
2020-08-15 23:14:00,35.95459,126.98741,어양동,5,기타,0:-1,52
2020-08-15 23:14:00,35.944836,126.92978,송학동,4,기타,-10:-3,51
2020-08-15 23:16:00,35.945885,126.93895,모현동1가,5,기타,-9:-3,51
2020-08-15 23:17:00,35.96305,126.94989,신동,3,기타,-7:1,51
2020-08-15 23:17:00,35.962734,126.984825,부송동,4,"가축 분뇨 냄새(닭, 돼지, 소)",0:1,52
2020-08-15 23:17:00,35.961475,126.99423,부송동,5,기타,1:1,52
2020-08-15 23:18:00,35.961582,126.9945,부송동,5,"가축 분뇨 냄새(닭, 돼지, 소)",1:1,52
2020-08-15 23:19:00,35.96133,126.99428,부송동,5,기타,1:1,52
2020-08-15 23:19:00,35.96235,126.99175,부송동,4,기타,1:1,52
2020-08-15 23:20:00,35.928738,126.96314,동산동,5,기타,-4:-7,50
2020-08-15 23:22:00,35.955093,126.981064,어양동,4,기타,-1:-1,52
2020-08-15 23:23:00,35.958122,126.99796,부송동,3,하수구 냄새,2:0,52
2020-08-15 23:23:00,35.947437,126.941925,모현동1가,4,"가축 분뇨 냄새(닭, 돼지, 소)",-8:-3,51
2020-08-15 23:27:00,35.928547,126.9638,동산동,4,기타,-4:-7,50
2020-08-15 23:27:00,35.937992,126.93947,송학동,5,"가축 분뇨 냄새(닭, 돼지, 소)",-9:-5,51
2020-08-15 23:27:00,35.963818,126.98732,부송동,3,기타,0:1,52
2020-08-15 23:29:00,35.953182,126.98537,어양동,3,"가축 분뇨 냄새(닭, 돼지, 소)",0:-1,52
2020-08-15 23:32:00,35.948048,126.9374,모현동1가,4,기타,-9:-2,51
2020-08-15 23:32:00,35.928738,126.96312,동산동,5,기타,-4:-7,50
2020-08-15 23:34:00,35.94788,126.96888,영등동,3,"가축 분뇨 냄새(닭, 돼지, 소)",-3:-2,52
2020-08-15 23:34:00,35.945435,126.9384,모현동1가,4,하수구 냄새,-9:-3,51
2020-08-15 23:37:00,35.956333,126.97163,영등동,2,"가축 분뇨 냄새(닭, 돼지, 소)",-3:-1,52
2020-08-15 23:38:00,35.928738,126.96314,동산동,4,"가축 분뇨 냄새(닭, 돼지, 소)",-4:-7,50
2020-08-15 23:40:00,35.928753,126.96314,동산동,4,"가축 분뇨 냄새(닭, 돼지, 소)",-4:-7,50
2020-08-15 23:41:00,35.952232,126.942986,모현동1가,2,"가축 분뇨 냄새(닭, 돼지, 소)",-8:-1,51
2020-08-15 23:41:00,35.93155,126.96973,동산동,3,"가축 분뇨 냄새(닭, 돼지, 소)",-3:-6,50
2020-08-15 23:41:00,35.94435,126.93044,송학동,4,"가축 분뇨 냄새(닭, 돼지, 소)",-10:-3,51
2020-08-15 23:44:00,35.944275,126.96449,마동,4,기타,-4:-3,50
2020-08-15 23:46:00,35.96122,126.97242,영등동,4,기타,-3:1,52
2020-08-15 23:47:00,35.965115,126.98337,어양동,4,기타,-1:1,52
2020-08-15 23:53:00,35.928738,126.96312,동산동,4,기타,-4:-7,50
2020-08-15 23:57:00,35.932693,126.939186,평화동,4,"가축 분뇨 냄새(닭, 돼지, 소)",-9:-6,51
2020-08-16 00:00:00,35.95494,126.950165,모현동1가,4,기타,-7:-1,51
2020-08-16 00:04:00,35.961475,126.99437,부송동,3,하수구 냄새,1:1,52
2020-08-16 00:12:00,35.951267,126.9363,모현동1가,4,기타,-9:-2,51
2020-08-16 00:52:00,35.961044,126.9941,부송동,4,기타,1:0,52
2020-08-16 01:00:00,35.951546,126.936356,모현동1가,4,"가축 분뇨 냄새(닭, 돼지, 소)",-9:-2,51
2020-08-16 01:06:00,35.957764,126.997475,부송동,4,기타,2:0,-1
2020-08-16 02:21:00,35.954014,126.987366,어양동,4,"가축 분뇨 냄새(닭, 돼지, 소)",0:-1,-1
2020-08-16 02:46:00,35.956593,126.97166,영등동,3,"가축 분뇨 냄새(닭, 돼지, 소)",-3:0,-1
2020-08-16 03:09:00,35.954987,126.98204,어양동,4,기타,-1:-1,53
2020-08-16 03:30:00,35.964104,126.97419,영등동,4,"가축 분뇨 냄새(닭, 돼지, 소)",-2:1,53
2020-08-16 03:53:00,35.95466,126.97163,영등동,5,"가축 분뇨 냄새(닭, 돼지, 소)",-3:-1,53
2020-08-16 03:58:00,35.954117,126.974686,영등동,5,"가축 분뇨 냄새(닭, 돼지, 소)",-2:-1,53
2020-08-16 04:00:00,35.933033,126.963356,동산동,3,기타,-4:-6,-1
2020-08-16 04:02:00,35.95754,126.96236,신동,4,기타,-4:0,53
2020-08-16 04:15:00,35.960808,126.97766,영등동,4,"가축 분뇨 냄새(닭, 돼지, 소)",-2:0,53
2020-08-16 04:17:00,35.929565,126.96587,동산동,4,"가축 분뇨 냄새(닭, 돼지, 소)",-4:-6,-1
2020-08-16 04:57:00,35.954407,126.97464,영등동,4,하수구 냄새,-2:-1,53
2020-08-16 05:19:00,35.964108,127.0145,팔봉동,5,"가축 분뇨 냄새(닭, 돼지, 소)",5:1,-1
2020-08-16 05:52:00,35.93358,126.97049,동산동,5,하수구 냄새,-3:-6,-1
2020-08-16 06:03:00,35.9574,126.998405,부송동,4,"가축 분뇨 냄새(닭, 돼지, 소)",2:0,-1
2020-08-16 06:09:00,35.94744,126.9464,모현동1가,4,기타,-7:-3,-1
2020-08-16 06:17:00,35.933968,126.970566,동산동,5,음식조리 냄새,-3:-5,-1
2020-08-16 19:42:00,35.99145,126.97607,월성동,5,기타,-2:7,-1
2020-08-16 20:24:00,35.997658,126.945015,황등면 황등리,2,기타,-8:9,-1
2020-08-16 20:44:00,35.934097,126.93874,평화동,3,기타,-9:-5,-1
2020-08-16 23:00:00,35.928738,126.96312,동산동,4,"가축 분뇨 냄새(닭, 돼지, 소)",-4:-7,54
2020-08-16 23:10:00,35.93627,126.969215,마동,4,기타,-3:-5,54
2020-08-16 23:22:00,35.932693,126.93912,평화동,3,기타,-9:-6,-1
2020-08-16 23:27:00,35.95358,126.98506,어양동,4,기타,0:-1,55
2020-08-16 23:38:00,35.926247,126.95912,동산동,4,"가축 분뇨 냄새(닭, 돼지, 소)",-5:-7,54
2020-08-16 23:44:00,35.96295,126.982216,어양동,4,"가축 분뇨 냄새(닭, 돼지, 소)",-1:1,55
2020-08-16 23:45:00,35.92895,126.96334,동산동,4,"가축 분뇨 냄새(닭, 돼지, 소)",-4:-7,54
2020-08-16 23:50:00,35.928844,126.96144,동산동,2,"가축 분뇨 냄새(닭, 돼지, 소)",-5:-7,54
2020-08-16 23:51:00,35.93447,126.97048,마동,5,기타,-3:-5,54
2020-08-16 23:53:00,35.953255,126.984215,어양동,5,기타,0:-1,55
2020-08-16 23:53:00,35.95662,126.97166,영등동,4,"가축 분뇨 냄새(닭, 돼지, 소)",-3:0,55
2020-08-16 23:54:00,35.951496,126.97473,영등동,3,"공장 냄새(화학약품, 매캐함)",-2:-2,55
2020-08-16 23:57:00,35.955166,126.98417,어양동,3,"가축 분뇨 냄새(닭, 돼지, 소)",-1:-1,55
2020-08-17 00:02:00,35.962666,126.984344,어양동,4,"가축 분뇨 냄새(닭, 돼지, 소)",0:1,55
2020-08-17 00:02:00,35.953686,126.971756,영등동,5,"가축 분뇨 냄새(닭, 돼지, 소)",-3:-1,55
2020-08-17 00:04:00,35.927944,126.95992,동산동,4,기타,-5:-7,54
2020-08-17 00:05:00,35.954994,126.97349,영등동,5,기타,-2:-1,55
2020-08-17 00:12:00,35.96147,126.972244,영등동,4,기타,-3:1,55
2020-08-17 00:13:00,35.95828,126.96206,신동,2,하수구 냄새,-4:0,55
2020-08-17 00:13:00,35.953255,126.984215,어양동,5,기타,0:-1,55
2020-08-17 00:14:00,35.930286,126.95887,동산동,4,"가축 분뇨 냄새(닭, 돼지, 소)",-5:-6,54
2020-08-17 00:15:00,35.953796,126.98488,어양동,5,기타,0:-1,55
2020-08-17 00:19:00,35.95758,126.99774,부송동,4,기타,2:0,-1
2020-08-17 00:22:00,35.93166,126.97008,동산동,4,"가축 분뇨 냄새(닭, 돼지, 소)",-3:-6,54
2020-08-17 00:27:00,35.959995,126.98546,어양동,3,기타,0:0,55
2020-08-17 00:29:00,35.95538,126.971886,영등동,4,기타,-3:-1,55
2020-08-17 00:37:00,35.944332,126.930885,송학동,3,"가축 분뇨 냄새(닭, 돼지, 소)",-10:-3,-1
2020-08-17 00:41:00,35.955193,126.950165,모현동1가,3,기타,-7:-1,-1
2020-08-17 00:46:00,35.928738,126.96312,동산동,4,기타,-4:-7,54
2020-08-17 00:55:00,35.95383,126.97464,영등동,5,"가축 분뇨 냄새(닭, 돼지, 소)",-2:-1,55
2020-08-17 00:55:00,35.955055,126.97344,영등동,5,기타,-2:-1,55
2020-08-17 01:01:00,35.96032,126.97377,영등동,4,기타,-2:0,55
2020-08-17 01:01:00,35.927906,126.95992,동산동,4,기타,-5:-7,54
2020-08-17 01:03:00,35.962807,126.98519,부송동,3,"가축 분뇨 냄새(닭, 돼지, 소)",0:1,55
2020-08-17 01:08:00,35.95733,126.98071,어양동,3,"가축 분뇨 냄새(닭, 돼지, 소)",-1:0,55
2020-08-17 01:20:00,35.963562,126.97455,영등동,3,"가축 분뇨 냄새(닭, 돼지, 소)",-2:1,55
2020-08-17 01:25:00,35.934002,126.97052,동산동,4,기타,-3:-5,54
2020-08-17 01:26:00,35.95722,126.972595,영등동,5,"가축 분뇨 냄새(닭, 돼지, 소)",-3:0,55
2020-08-17 01:28:00,35.953938,126.97034,영등동,5,"가축 분뇨 냄새(닭, 돼지, 소)",-3:-1,55
2020-08-17 01:33:00,35.96028,126.9745,영등동,3,"가축 분뇨 냄새(닭, 돼지, 소)",-2:0,55
2020-08-17 01:40:00,35.955883,126.97344,영등동,5,"가축 분뇨 냄새(닭, 돼지, 소)",-2:-1,55
2020-08-17 02:00:00,35.944836,126.92978,송학동,5,"가축 분뇨 냄새(닭, 돼지, 소)",-10:-3,-1
2020-08-17 04:45:00,35.953922,126.984085,어양동,4,기타,-1:-1,-1
2020-08-17 05:08:00,35.955055,126.98142,어양동,4,"가축 분뇨 냄새(닭, 돼지, 소)",-1:-1,56
2020-08-17 05:13:00,35.93097,126.9563,인화동2가,5,기타,-6:-6,57
2020-08-17 05:17:00,35.932808,126.95663,주현동,4,기타,-5:-6,57
2020-08-17 05:17:00,35.932808,126.95663,주현동,5,기타,-5:-6,57
2020-08-17 05:20:00,35.926975,126.95344,인화동2가,4,"가축 분뇨 냄새(닭, 돼지, 소)",-6:-7,57
2020-08-17 05:22:00,35.959995,126.98546,어양동,4,"가축 분뇨 냄새(닭, 돼지, 소)",0:0,56
2020-08-17 05:22:00,35.959995,126.98546,어양동,4,"가축 분뇨 냄새(닭, 돼지, 소)",0:0,56
2020-08-17 05:26:00,35.956066,126.972374,영등동,4,"가축 분뇨 냄새(닭, 돼지, 소)",-3:-1,56
2020-08-17 05:30:00,35.932945,126.93863,평화동,4,"가축 분뇨 냄새(닭, 돼지, 소)",-9:-6,57
2020-08-17 05:30:00,35.964897,126.98341,어양동,4,"가축 분뇨 냄새(닭, 돼지, 소)",-1:1,56
2020-08-17 05:40:00,35.928738,126.96312,동산동,5,기타,-4:-7,57
2020-08-17 05:46:00,35.95772,126.97399,영등동,4,기타,-2:0,56
2020-08-17 05:50:00,35.932297,126.941,평화동,5,"가축 분뇨 냄새(닭, 돼지, 소)",-8:-6,57
2020-08-17 05:52:00,35.93235,126.94122,평화동,5,"가축 분뇨 냄새(닭, 돼지, 소)",-8:-6,57
2020-08-17 05:52:00,35.932945,126.93865,평화동,4,기타,-9:-6,57
2020-08-17 05:53:00,35.931107,126.94406,평화동,5,"가축 분뇨 냄새(닭, 돼지, 소)",-8:-6,57
2020-08-17 05:55:00,35.944546,126.929955,송학동,5,"가축 분뇨 냄새(닭, 돼지, 소)",-10:-3,-1
2020-08-17 06:59:00,35.949936,126.964264,영등동,3,"가축 분뇨 냄새(닭, 돼지, 소)",-4:-2,-1
2020-08-17 07:42:00,35.959995,126.98412,어양동,3,기타,-1:0,-1
2020-08-17 07:43:00,35.958267,126.98324,어양동,4,기타,-1:0,-1
2020-08-17 07:59:00,35.957455,126.99567,부송동,3,하수구 냄새,2:0,58
2020-08-17 07:59:00,35.958447,126.99858,부송동,5,"가축 분뇨 냄새(닭, 돼지, 소)",2:0,58
2020-08-17 08:06:00,35.957222,126.995255,부송동,4,기타,1:0,58
2020-08-17 08:10:00,35.955036,126.97349,영등동,4,기타,-2:-1,-1
2020-08-17 08:13:00,35.95758,126.996544,부송동,4,"가축 분뇨 냄새(닭, 돼지, 소)",2:0,58
2020-08-17 08:13:00,35.961224,126.99408,부송동,5,하수구 냄새,1:1,58
2020-08-17 08:16:00,35.964718,127.01503,팔봉동,4,기타,5:1,-1
2020-08-17 09:10:00,35.957195,126.99805,부송동,3,"공장 냄새(화학약품, 매캐함)",2:0,58
2020-08-17 16:31:00,35.96162,126.99388,부송동,4,"가축 분뇨 냄새(닭, 돼지, 소)",1:1,-1
2020-08-17 17:16:00,35.991413,126.975624,월성동,5,기타,-2:7,-1
2020-08-17 22:44:00,35.932728,126.93914,평화동,4,"가축 분뇨 냄새(닭, 돼지, 소)",-9:-6,-1
2020-08-18 01:13:00,35.95495,126.97286,영등동,5,"가축 분뇨 냄새(닭, 돼지, 소)",-3:-1,-1
2020-08-18 01:42:00,35.957508,126.99827,부송동,4,기타,2:0,-1
2020-08-18 01:52:00,35.96544,127.015564,팔봉동,4,"가축 분뇨 냄새(닭, 돼지, 소)",5:1,-1
2020-08-18 03:06:00,35.964863,126.98688,부송동,5,"공장 냄새(화학약품, 매캐함)",0:1,-1
2020-08-18 03:11:00,35.92854,126.96326,동산동,4,기타,-4:-7,-1
2020-08-18 03:39:00,35.955273,126.97291,영등동,3,"공장 냄새(화학약품, 매캐함)",-3:-1,-1
2020-08-18 03:41:00,35.954803,126.98196,어양동,3,기타,-1:-1,-1
2020-08-18 03:44:00,35.928738,126.96312,동산동,4,"가축 분뇨 냄새(닭, 돼지, 소)",-4:-7,-1
2020-08-18 03:49:00,35.955776,126.97269,영등동,5,"공장 냄새(화학약품, 매캐함)",-3:-1,-1
2020-08-18 04:00:00,35.954506,126.94981,모현동1가,4,"가축 분뇨 냄새(닭, 돼지, 소)",-7:-1,-1
2020-08-18 04:11:00,35.94708,127.003555,용제동,4,"가축 분뇨 냄새(닭, 돼지, 소)",3:-3,-1
2020-08-18 04:31:00,35.929585,126.96447,동산동,3,"가축 분뇨 냄새(닭, 돼지, 소)",-4:-6,59
2020-08-18 05:00:00,35.957233,126.995926,부송동,3,"가축 분뇨 냄새(닭, 돼지, 소)",2:0,-1
2020-08-18 05:02:00,35.928738,126.96312,동산동,4,"가축 분뇨 냄새(닭, 돼지, 소)",-4:-7,59
2020-08-18 05:04:00,35.929676,126.96725,동산동,4,"가축 분뇨 냄새(닭, 돼지, 소)",-4:-6,59
2020-08-18 05:23:00,35.928738,126.96314,동산동,5,"가축 분뇨 냄새(닭, 돼지, 소)",-4:-7,59
2020-08-18 06:47:00,35.96544,127.015564,팔봉동,4,"공장 냄새(화학약품, 매캐함)",5:1,-1
2020-08-18 06:58:00,35.93422,126.96995,동산동,4,"가축 분뇨 냄새(닭, 돼지, 소)",-3:-5,-1
2020-08-18 09:01:00,35.96061,126.97561,영등동,1,"공장 냄새(화학약품, 매캐함)",-2:0,-1
2020-08-18 19:47:00,35.957794,126.9626,신동,2,"가축 분뇨 냄새(닭, 돼지, 소)",-4:0,-1
2020-08-18 21:58:00,35.96508,127.01525,팔봉동,5,음식조리 냄새,5:1,-1
2020-08-18 22:03:00,35.93275,126.94162,평화동,4,"가축 분뇨 냄새(닭, 돼지, 소)",-8:-6,-1
2020-08-18 22:06:00,35.95358,126.98497,어양동,3,기타,0:-1,-1
2020-08-18 23:00:00,35.91578,126.9298,목천동,4,기타,-10:-10,-1
2020-08-18 23:05:00,35.91596,126.92967,목천동,4,기타,-10:-9,-1
2020-08-18 23:18:00,35.94405,126.94374,모현동1가,3,하수구 냄새,-8:-3,-1
2020-08-19 00:00:00,35.915924,126.929756,목천동,5,기타,-10:-9,-1
2020-08-19 00:00:00,35.915817,126.9298,목천동,5,기타,-10:-10,-1
2020-08-19 00:04:00,35.944836,126.929756,송학동,2,"가축 분뇨 냄새(닭, 돼지, 소)",-10:-3,-1
2020-08-19 01:01:00,35.954155,126.972374,영등동,2,"가축 분뇨 냄새(닭, 돼지, 소)",-3:-1,-1
2020-08-19 02:22:00,35.955814,126.97313,영등동,4,"가축 분뇨 냄새(닭, 돼지, 소)",-2:-1,60
2020-08-19 02:23:00,35.95459,127.01361,팔봉동,4,"가축 분뇨 냄새(닭, 돼지, 소)",5:-1,-1
2020-08-19 02:24:00,35.95455,126.97499,영등동,3,"가축 분뇨 냄새(닭, 돼지, 소)",-2:-1,60
2020-08-19 02:28:00,35.955345,126.97286,영등동,4,"공장 냄새(화학약품, 매캐함)",-3:-1,60
2020-08-19 02:33:00,35.932262,126.94109,평화동,4,기타,-8:-6,-1
2020-08-19 02:46:00,35.953255,126.98461,어양동,3,기타,0:-1,60
2020-08-19 02:48:00,35.959995,126.98546,어양동,4,"가축 분뇨 냄새(닭, 돼지, 소)",0:0,60
2020-08-19 02:53:00,35.94134,126.93678,송학동,3,"공장 냄새(화학약품, 매캐함)",-9:-4,-1
2020-08-19 02:55:00,35.962807,126.98519,부송동,4,"가축 분뇨 냄새(닭, 돼지, 소)",0:1,-1
2020-08-19 03:11:00,35.95145,126.96803,영등동,5,기타,-3:-2,60
2020-08-19 03:18:00,35.96028,126.9745,영등동,4,기타,-2:0,60
2020-08-19 03:19:00,35.927906,126.95995,동산동,4,"가축 분뇨 냄새(닭, 돼지, 소)",-5:-7,-1
2020-08-19 04:13:00,35.960724,126.9777,영등동,4,"가축 분뇨 냄새(닭, 돼지, 소)",-2:0,60
2020-08-19 04:24:00,35.928555,126.96339,동산동,5,하수구 냄새,-4:-7,-1
2020-08-19 04:57:00,35.959602,126.99956,부송동,4,"공장 냄새(화학약품, 매캐함)",2:0,-1
2020-08-19 05:00:00,35.956573,126.994194,부송동,3,기타,1:0,-1
2020-08-19 05:25:00,35.952873,126.97473,영등동,4,기타,-2:-1,61
2020-08-19 05:30:00,35.954983,126.97353,영등동,4,기타,-2:-1,61
2020-08-19 05:31:00,35.95574,126.98426,어양동,3,기타,0:-1,61
2020-08-19 05:32:00,35.95924,126.984215,어양동,4,"가축 분뇨 냄새(닭, 돼지, 소)",0:0,61
2020-08-19 05:57:00,35.93429,126.970345,동산동,5,하수구 냄새,-3:-5,-1
2020-08-19 05:58:00,35.960537,126.97508,영등동,4,기타,-2:0,61
2020-08-19 06:04:00,35.959743,126.982574,어양동,5,기타,-1:0,61
2020-08-19 06:15:00,35.915817,126.93401,목천동,4,기타,-10:-10,-1
2020-08-19 06:17:00,35.95794,126.97391,영등동,3,기타,-2:0,61
2020-08-19 06:20:00,35.95511,126.9734,영등동,5,"가축 분뇨 냄새(닭, 돼지, 소)",-2:-1,61
2020-08-19 06:21:00,35.949753,126.96502,영등동,4,기타,-4:-2,61
2020-08-19 06:23:00,35.95762,126.99849,부송동,4,"가축 분뇨 냄새(닭, 돼지, 소)",2:0,-1
2020-08-19 06:24:00,35.94625,126.9468,모현동1가,3,"가축 분뇨 냄새(닭, 돼지, 소)",-7:-3,-1
2020-08-19 06:28:00,35.9331,126.948784,인화동1가,4,기타,-7:-6,-1
2020-08-19 06:31:00,35.94744,126.9464,모현동1가,3,기타,-7:-3,-1
2020-08-19 06:36:00,35.928738,126.96314,동산동,4,하수구 냄새,-4:-7,-1
2020-08-19 06:42:00,35.93097,126.9563,인화동2가,2,기타,-6:-6,-1
2020-08-19 06:52:00,35.9636,126.98705,부송동,5,"공장 냄새(화학약품, 매캐함)",0:1,61
2020-08-19 06:53:00,35.95967,126.98426,어양동,5,"공장 냄새(화학약품, 매캐함)",0:0,61
2020-08-19 06:58:00,35.964863,126.98382,어양동,2,"가축 분뇨 냄새(닭, 돼지, 소)",-1:1,61
2020-08-19 07:01:00,35.95826,126.96204,신동,4,하수구 냄새,-4:0,61
2020-08-19 07:01:00,35.963314,126.98652,부송동,3,"공장 냄새(화학약품, 매캐함)",0:1,61
2020-08-19 07:06:00,35.954372,126.983864,어양동,3,"가축 분뇨 냄새(닭, 돼지, 소)",-1:-1,61
2020-08-19 07:14:00,35.932873,126.94113,평화동,4,"가축 분뇨 냄새(닭, 돼지, 소)",-8:-6,-1
2020-08-19 07:19:00,35.958332,126.961914,신동,4,"가축 분뇨 냄새(닭, 돼지, 소)",-5:0,61
2020-08-19 07:21:00,35.953255,126.984215,어양동,3,하수구 냄새,0:-1,61
2020-08-19 07:26:00,35.957447,126.995705,부송동,4,하수구 냄새,2:0,61
2020-08-19 07:29:00,35.932835,126.93936,평화동,4,"가축 분뇨 냄새(닭, 돼지, 소)",-9:-6,-1
2020-08-19 07:31:00,35.963852,126.97978,영등동,3,"가축 분뇨 냄새(닭, 돼지, 소)",-1:1,61
2020-08-19 07:32:00,35.96115,126.99446,부송동,5,"공장 냄새(화학약품, 매캐함)",1:1,61
2020-08-19 07:54:00,35.963062,126.98461,부송동,4,"공장 냄새(화학약품, 매캐함)",0:1,61
2020-08-19 08:20:00,35.962185,126.982155,어양동,3,"공장 냄새(화학약품, 매캐함)",-1:1,61
2020-08-19 08:25:00,35.961693,126.993706,부송동,5,"공장 냄새(화학약품, 매캐함)",1:1,61
2020-08-19 09:59:00,35.961437,126.99423,부송동,4,"공장 냄새(화학약품, 매캐함)",1:1,-1
2020-08-19 19:34:00,35.928215,126.96308,동산동,3,하수구 냄새,-4:-7,-1
2020-08-19 19:56:00,35.952118,126.93281,모현동2가,3,"공장 냄새(화학약품, 매캐함)",-10:-1,-1
2020-08-19 22:15:00,35.93399,126.93874,평화동,3,"가축 분뇨 냄새(닭, 돼지, 소)",-9:-5,-1
2020-08-19 22:18:00,35.933327,126.94852,인화동1가,3,기타,-7:-6,-1
2020-08-19 22:41:00,35.91578,126.9298,목천동,4,기타,-10:-10,-1
2020-08-19 23:25:00,35.916107,126.934364,목천동,4,기타,-9:-9,-1
2020-08-19 23:35:00,35.941216,126.93663,송학동,3,"공장 냄새(화학약품, 매캐함)",-9:-4,-1
2020-08-20 00:29:00,35.96104,126.97504,영등동,2,"공장 냄새(화학약품, 매캐함)",-2:0,-1
2020-08-20 00:51:00,35.95376,126.9846,어양동,3,기타,0:-1,62
2020-08-20 01:00:00,35.965565,126.98723,부송동,3,"공장 냄새(화학약품, 매캐함)",0:1,62
2020-08-20 01:05:00,35.964016,127.01539,팔봉동,4,"가축 분뇨 냄새(닭, 돼지, 소)",5:1,-1
2020-08-20 01:11:00,35.954567,126.983444,어양동,3,기타,-1:-1,62
2020-08-20 01:23:00,35.955128,126.98182,어양동,3,기타,-1:-1,62
2020-08-20 01:24:00,35.953293,126.98426,어양동,3,기타,0:-1,62
2020-08-20 01:25:00,35.953724,126.987366,어양동,4,"가축 분뇨 냄새(닭, 돼지, 소)",0:-1,62
2020-08-20 01:26:00,35.961185,126.97845,영등동,4,하수구 냄새,-2:1,62
2020-08-20 01:28:00,35.956264,126.99503,부송동,5,"가축 분뇨 냄새(닭, 돼지, 소)",1:-1,62
2020-08-20 01:28:00,35.956074,126.976555,영등동,4,기타,-2:-1,62
2020-08-20 01:32:00,35.957695,126.97626,영등동,5,기타,-2:0,62
2020-08-20 01:34:00,35.96147,126.97854,영등동,3,"가축 분뇨 냄새(닭, 돼지, 소)",-2:1,62
2020-08-20 01:34:00,35.954517,126.98345,어양동,4,기타,-1:-1,62
2020-08-20 01:35:00,35.953255,126.98424,어양동,3,기타,0:-1,62
2020-08-20 01:35:00,35.965153,126.98688,부송동,4,기타,0:1,62
2020-08-20 01:37:00,35.96086,126.97845,영등동,2,기타,-2:0,62
2020-08-20 01:37:00,35.964504,126.98683,부송동,4,"가축 분뇨 냄새(닭, 돼지, 소)",0:1,62
2020-08-20 01:37:00,35.960953,126.9854,어양동,4,기타,0:0,62
2020-08-20 01:38:00,35.962673,126.984344,어양동,4,기타,0:1,62
2020-08-20 01:39:00,35.956318,126.98133,어양동,4,기타,-1:-1,62
2020-08-20 01:40:00,35.96057,126.979515,영등동,4,"가축 분뇨 냄새(닭, 돼지, 소)",-1:0,62
2020-08-20 01:44:00,35.966484,126.9863,부송동,5,하수구 냄새,0:2,62
2020-08-20 01:44:00,35.965763,126.98688,부송동,4,기타,0:2,62
2020-08-20 01:45:00,35.961258,126.97854,영등동,5,기타,-2:1,62
2020-08-20 01:46:00,35.96569,126.97862,어양동,2,"가축 분뇨 냄새(닭, 돼지, 소)",-2:2,62
2020-08-20 01:47:00,35.963276,126.98324,어양동,4,기타,-1:1,62
2020-08-20 01:47:00,35.961617,126.97776,영등동,4,"가축 분뇨 냄새(닭, 돼지, 소)",-2:1,62
2020-08-20 01:50:00,35.962303,126.98592,어양동,3,"가축 분뇨 냄새(닭, 돼지, 소)",0:1,62
2020-08-20 01:54:00,35.962654,126.98293,어양동,5,기타,-1:1,62
2020-08-20 01:56:00,35.9534,126.98413,어양동,4,하수구 냄새,-1:-1,62
2020-08-20 01:56:00,35.96589,126.98508,부송동,5,기타,0:2,62
2020-08-20 01:56:00,35.953255,126.984215,어양동,4,기타,0:-1,62
2020-08-20 01:57:00,35.958664,126.983635,어양동,4,"가축 분뇨 냄새(닭, 돼지, 소)",-1:0,62
2020-08-20 01:58:00,35.964428,126.979294,영등동,3,기타,-1:1,62
2020-08-20 01:59:00,35.960285,126.984344,어양동,3,"가축 분뇨 냄새(닭, 돼지, 소)",0:0,62
2020-08-20 02:02:00,35.96151,126.9796,영등동,4,기타,-1:1,62
2020-08-20 02:05:00,35.961628,126.97609,영등동,5,하수구 냄새,-2:1,62
2020-08-20 02:16:00,35.96032,126.97377,영등동,4,기타,-2:0,62
2020-08-20 02:40:00,35.963924,126.97386,영등동,4,기타,-2:1,62
2020-08-20 08:28:00,35.95787,126.99916,부송동,5,하수구 냄새,2:0,-1
2020-08-20 21:09:00,35.997658,126.94504,황등면 황등리,4,기타,-8:9,-1
2020-08-20 23:22:00,35.9384,126.97823,신흥동,5,"가축 분뇨 냄새(닭, 돼지, 소)",-2:-5,-1
2020-08-20 23:30:00,35.91578,126.9298,목천동,4,기타,-10:-10,-1
2020-08-20 23:30:00,35.95632,126.99474,부송동,4,"가축 분뇨 냄새(닭, 돼지, 소)",1:-1,-1
2020-08-20 23:36:00,35.953255,126.984215,어양동,3,기타,0:-1,-1
2020-08-20 23:59:00,35.953976,126.985016,어양동,3,"가축 분뇨 냄새(닭, 돼지, 소)",0:-1,-1
2020-08-21 00:22:00,35.9357,126.97872,금강동,5,"공장 냄새(화학약품, 매캐함)",-1:-5,-1
2020-08-21 00:39:00,35.950623,127.01241,석암동,3,"공장 냄새(화학약품, 매캐함)",5:-2,-1
2020-08-21 01:01:00,35.91578,126.9298,목천동,4,기타,-10:-10,-1
2020-08-21 02:09:00,35.95066,127.010376,석암동,5,"공장 냄새(화학약품, 매캐함)",4:-2,-1
2020-08-21 05:39:00,35.933395,126.96609,동산동,4,기타,-4:-6,-1
2020-08-21 06:00:00,35.93244,126.94136,평화동,4,하수구 냄새,-8:-6,-1
2020-08-21 06:11:00,35.94377,126.96484,마동,5,"가축 분뇨 냄새(닭, 돼지, 소)",-4:-3,-1
2020-08-21 06:12:00,35.95796,126.97408,영등동,2,기타,-2:0,-1
2020-08-21 06:27:00,35.932297,126.941,평화동,5,하수구 냄새,-8:-6,-1
2020-08-21 06:38:00,35.933334,126.94676,평화동,4,기타,-7:-6,-1
2020-08-21 14:25:00,35.961582,126.99388,부송동,4,"공장 냄새(화학약품, 매캐함)",1:1,-1
2020-08-21 14:43:00,35.961475,126.99428,부송동,3,"공장 냄새(화학약품, 매캐함)",1:1,-1
2020-08-21 21:20:00,35.961185,126.97526,영등동,3,기타,-2:1,-1
2020-08-21 21:34:00,35.961002,126.975525,영등동,5,기타,-2:0,-1
2020-08-21 21:47:00,35.997765,126.944725,황등면 황등리,3,하수구 냄새,-8:9,-1
2020-08-21 21:49:00,35.997368,126.94495,황등면 황등리,4,기타,-8:9,-1
2020-08-21 21:50:00,35.9978,126.94477,황등면 황등리,4,기타,-8:9,-1
2020-08-21 21:52:00,35.928772,126.96206,동산동,1,"가축 분뇨 냄새(닭, 돼지, 소)",-4:-7,-1
2020-08-21 22:41:00,35.964592,126.983284,어양동,3,"공장 냄새(화학약품, 매캐함)",-1:1,-1
2020-08-21 22:50:00,35.93595,126.97859,금강동,3,하수구 냄새,-2:-5,-1
2020-08-22 00:21:00,35.954155,126.972115,영등동,2,"가축 분뇨 냄새(닭, 돼지, 소)",-3:-1,-1
2020-08-22 00:46:00,35.916306,126.93461,목천동,4,기타,-9:-9,-1
2020-08-22 00:47:00,35.9609,126.99393,부송동,3,"공장 냄새(화학약품, 매캐함)",1:0,-1
2020-08-22 01:00:00,35.999817,127.06344,금마면 동고도리,4,하수구 냄새,14:9,-1
2020-08-22 03:54:00,35.95736,126.961914,신동,4,기타,-5:0,-1
2020-08-22 06:18:00,35.962772,126.991135,부송동,4,기타,1:1,63
2020-08-22 06:44:00,35.96108,126.99401,부송동,5,기타,1:0,63
2020-08-22 06:58:00,35.955563,126.98453,어양동,5,"가축 분뇨 냄새(닭, 돼지, 소)",0:-1,63
2020-08-22 07:03:00,35.95796,126.97397,영등동,3,기타,-2:0,-1
2020-08-22 07:09:00,35.958447,126.99858,부송동,3,"가축 분뇨 냄새(닭, 돼지, 소)",2:0,63
2020-08-22 07:10:00,35.96108,126.99415,부송동,4,"가축 분뇨 냄새(닭, 돼지, 소)",1:0,63
2020-08-22 15:26:00,35.927883,126.959946,동산동,4,기타,-5:-7,-1
2020-08-22 15:28:00,35.926895,126.954506,인화동2가,2,하수구 냄새,-6:-7,-1
2020-08-22 17:35:00,35.99143,126.975945,월성동,3,기타,-2:7,-1
2020-08-22 17:56:00,35.96727,127.01929,팔봉동,5,하수구 냄새,6:2,-1
2020-08-22 20:01:00,35.96097,126.99459,부송동,5,"공장 냄새(화학약품, 매캐함)",1:0,64
2020-08-22 20:02:00,35.961834,126.994545,부송동,5,"공장 냄새(화학약품, 매캐함)",1:1,64
2020-08-22 20:07:00,35.957077,126.99934,부송동,4,"가축 분뇨 냄새(닭, 돼지, 소)",2:0,64
2020-08-22 20:23:00,35.958534,126.98344,어양동,4,"공장 냄새(화학약품, 매캐함)",-1:0,64
2020-08-22 20:26:00,35.927402,126.96187,동산동,3,"가축 분뇨 냄새(닭, 돼지, 소)",-5:-7,-1
2020-08-22 20:42:00,35.961006,126.99468,부송동,5,"공장 냄새(화학약품, 매캐함)",1:0,64
2020-08-22 20:42:00,35.96133,126.99375,부송동,4,"공장 냄새(화학약품, 매캐함)",1:1,64
2020-08-22 20:47:00,35.956356,126.99494,부송동,4,"가축 분뇨 냄새(닭, 돼지, 소)",1:-1,64
2020-08-22 20:50:00,35.956573,126.994194,부송동,3,기타,1:0,64
2020-08-22 20:55:00,35.93018,126.97179,금강동,4,하수구 냄새,-3:-6,-1
2020-08-22 20:56:00,35.953686,126.985146,어양동,5,기타,0:-1,64
2020-08-22 20:57:00,35.956623,126.97685,영등동,4,"가축 분뇨 냄새(닭, 돼지, 소)",-2:0,64
2020-08-22 20:58:00,35.95596,126.976944,영등동,4,기타,-2:-1,64
2020-08-22 21:19:00,35.93703,126.97828,금강동,4,기타,-2:-5,-1
2020-08-22 21:28:00,35.964535,126.98684,부송동,1,"공장 냄새(화학약품, 매캐함)",0:1,64
2020-08-22 21:54:00,35.934444,126.97043,동산동,3,기타,-3:-5,65
2020-08-22 22:02:00,35.957813,126.974174,영등동,3,기타,-2:0,-1
2020-08-22 22:06:00,35.92788,126.959946,동산동,4,"가축 분뇨 냄새(닭, 돼지, 소)",-5:-7,65
2020-08-22 22:15:00,35.96406,126.95479,신동,2,"공장 냄새(화학약품, 매캐함)",-6:1,-1
2020-08-22 22:17:00,35.93411,126.97019,동산동,4,"가축 분뇨 냄새(닭, 돼지, 소)",-3:-5,65
2020-08-22 22:18:00,35.929024,126.96334,동산동,3,기타,-4:-7,65
2020-08-22 22:29:00,35.954082,126.97521,영등동,4,음식조리 냄새,-2:-1,66
2020-08-22 22:43:00,35.93627,126.969215,마동,5,기타,-3:-5,65
2020-08-22 22:47:00,35.94788,126.96888,영등동,2,"가축 분뇨 냄새(닭, 돼지, 소)",-3:-2,66
2020-08-22 22:54:00,35.955173,126.98666,어양동,4,하수구 냄새,0:-1,66
2020-08-22 22:56:00,35.94831,126.964134,영등동,3,"가축 분뇨 냄새(닭, 돼지, 소)",-4:-2,-1
2020-08-22 23:07:00,35.954193,126.98803,어양동,4,"가축 분뇨 냄새(닭, 돼지, 소)",0:-1,66
2020-08-22 23:08:00,35.954674,126.98193,어양동,4,"가축 분뇨 냄새(닭, 돼지, 소)",-1:-1,66
2020-08-22 23:08:00,35.954082,126.973885,영등동,5,기타,-2:-1,66
2020-08-22 23:09:00,35.954414,126.98389,어양동,3,"가축 분뇨 냄새(닭, 돼지, 소)",-1:-1,66
2020-08-22 23:13:00,35.953796,126.98423,어양동,3,"가축 분뇨 냄새(닭, 돼지, 소)",0:-1,66
2020-08-22 23:32:00,35.957905,126.993614,부송동,3,"가축 분뇨 냄새(닭, 돼지, 소)",1:0,66
2020-08-23 00:38:00,35.943985,126.96427,마동,3,기타,-4:-3,-1
2020-08-23 00:49:00,35.92786,126.95986,동산동,3,기타,-5:-7,-1
2020-08-23 01:08:00,35.932297,126.941,평화동,5,기타,-8:-6,-1
2020-08-23 01:21:00,35.96098,126.98548,어양동,3,기타,0:0,-1
2020-08-23 01:25:00,35.954895,126.97337,영등동,4,기타,-2:-1,-1
2020-08-23 02:03:00,35.930466,126.95842,동산동,4,"가축 분뇨 냄새(닭, 돼지, 소)",-5:-6,-1
2020-08-23 05:20:00,35.954826,126.93491,모현동2가,3,"가축 분뇨 냄새(닭, 돼지, 소)",-9:-1,-1
2020-08-23 07:23:00,35.928738,126.96312,동산동,4,"가축 분뇨 냄새(닭, 돼지, 소)",-4:-7,-1
2020-08-23 07:49:00,35.957417,126.99562,부송동,4,"가축 분뇨 냄새(닭, 돼지, 소)",2:0,-1
2020-08-23 07:55:00,35.96151,126.99428,부송동,4,기타,1:1,-1
2020-08-23 14:32:00,36.03846,126.9865,삼기면 오룡리,2,"가축 분뇨 냄새(닭, 돼지, 소)",0:18,-1
2020-08-23 20:25:00,36.067604,126.9857,낭산면 용기리,4,기타,0:24,-1
2020-08-23 22:19:00,35.997658,126.94504,황등면 황등리,5,기타,-8:9,-1
2020-08-23 22:20:00,35.99985,127.06415,금마면 동고도리,4,"가축 분뇨 냄새(닭, 돼지, 소)",14:9,-1
2020-08-24 00:15:00,35.9486,126.96409,영등동,4,하수구 냄새,-4:-2,-1
2020-08-24 00:26:00,35.954586,126.972115,영등동,4,"가축 분뇨 냄새(닭, 돼지, 소)",-3:-1,-1
2020-08-24 00:32:00,35.957546,126.99814,부송동,5,기타,2:0,-1
2020-08-24 00:45:00,35.95376,126.98506,어양동,4,"가축 분뇨 냄새(닭, 돼지, 소)",0:-1,-1
2020-08-24 01:01:00,35.957798,126.99938,부송동,4,"가축 분뇨 냄새(닭, 돼지, 소)",2:0,-1
2020-08-24 01:01:00,35.953545,126.984795,어양동,5,기타,0:-1,-1
2020-08-24 01:03:00,35.961113,126.99428,부송동,5,기타,1:1,67
2020-08-24 01:33:00,35.963394,126.98683,부송동,4,기타,0:1,67
2020-08-24 01:35:00,35.958447,126.99858,부송동,4,"가축 분뇨 냄새(닭, 돼지, 소)",2:0,67
2020-08-24 01:35:00,35.965836,126.98696,부송동,4,기타,0:2,67
2020-08-24 02:10:00,35.93627,126.969215,마동,4,"가축 분뇨 냄새(닭, 돼지, 소)",-3:-5,-1
2020-08-24 02:21:00,35.9543,126.98883,어양동,4,"가축 분뇨 냄새(닭, 돼지, 소)",0:-1,-1
2020-08-24 02:46:00,35.927914,126.95995,동산동,4,기타,-5:-7,-1
2020-08-24 03:00:00,35.91609,126.934364,목천동,4,기타,-9:-9,-1
2020-08-24 03:47:00,35.928738,126.96312,동산동,4,기타,-4:-7,-1
2020-08-24 04:35:00,35.955814,126.9918,부송동,5,"가축 분뇨 냄새(닭, 돼지, 소)",1:-1,-1
2020-08-24 06:24:00,35.928413,126.96326,동산동,4,기타,-4:-7,68
2020-08-24 06:25:00,35.928738,126.96314,동산동,4,하수구 냄새,-4:-7,68
2020-08-24 06:37:00,35.93393,126.97089,동산동,4,기타,-3:-6,68
2020-08-24 06:38:00,35.933838,126.970276,동산동,5,"가축 분뇨 냄새(닭, 돼지, 소)",-3:-6,68
2020-08-24 06:38:00,35.934074,126.96986,동산동,5,기타,-3:-5,68
2020-08-24 06:53:00,35.928204,126.963234,동산동,4,기타,-4:-7,68
2020-08-24 06:55:00,35.927834,126.96188,동산동,4,기타,-5:-7,68
2020-08-24 07:27:00,35.96115,126.99472,부송동,4,"공장 냄새(화학약품, 매캐함)",1:1,-1
2020-08-24 07:32:00,35.95731,126.998116,부송동,4,"공장 냄새(화학약품, 매캐함)",2:0,-1
2020-08-24 07:35:00,35.953434,126.985504,어양동,3,"가축 분뇨 냄새(닭, 돼지, 소)",0:-1,-1
2020-08-24 07:48:00,35.96079,126.99423,부송동,5,"가축 분뇨 냄새(닭, 돼지, 소)",1:0,-1
2020-08-24 08:11:00,35.928772,126.961525,동산동,3,"가축 분뇨 냄새(닭, 돼지, 소)",-5:-7,-1
2020-08-24 20:26:00,35.96151,126.97845,영등동,4,"가축 분뇨 냄새(닭, 돼지, 소)",-2:1,-1
2020-08-25 00:30:00,35.961113,126.97836,영등동,3,"가축 분뇨 냄새(닭, 돼지, 소)",-2:1,69
2020-08-25 00:54:00,35.95405,126.98457,어양동,3,"가축 분뇨 냄새(닭, 돼지, 소)",0:-1,69
2020-08-25 00:55:00,35.961174,126.99435,부송동,4,"가축 분뇨 냄새(닭, 돼지, 소)",1:1,69
2020-08-25 00:55:00,35.91645,126.93385,목천동,4,기타,-10:-9,-1
2020-08-25 00:56:00,35.964035,127.01503,팔봉동,4,"가축 분뇨 냄새(닭, 돼지, 소)",5:1,-1
2020-08-25 01:02:00,35.95769,126.99796,부송동,4,기타,2:0,69
2020-08-25 01:02:00,35.943012,126.96613,마동,4,"가축 분뇨 냄새(닭, 돼지, 소)",-4:-3,-1
2020-08-25 01:04:00,35.961006,126.98549,어양동,5,"가축 분뇨 냄새(닭, 돼지, 소)",0:0,69
2020-08-25 01:07:00,35.928356,126.96336,동산동,4,"가축 분뇨 냄새(닭, 돼지, 소)",-4:-7,-1
2020-08-25 01:14:00,35.962807,126.98517,부송동,5,기타,0:1,69
2020-08-25 01:16:00,35.95383,126.98431,어양동,5,기타,0:-1,69
2020-08-25 01:17:00,35.95762,126.99814,부송동,5,"가축 분뇨 냄새(닭, 돼지, 소)",2:0,69
2020-08-25 01:19:00,35.96028,126.9745,영등동,3,"가축 분뇨 냄새(닭, 돼지, 소)",-2:0,69
2020-08-25 01:19:00,35.961296,126.986565,어양동,3,"가축 분뇨 냄새(닭, 돼지, 소)",0:1,69
2020-08-25 01:20:00,35.962666,126.984344,어양동,2,기타,0:1,69
2020-08-25 01:23:00,35.955418,126.9728,영등동,4,"가축 분뇨 냄새(닭, 돼지, 소)",-3:-1,69
2020-08-25 01:25:00,35.95567,126.97282,영등동,4,하수구 냄새,-3:-1,69
2020-08-25 01:27:00,35.95734,126.96216,신동,4,기타,-4:0,69
2020-08-25 04:41:00,35.956375,126.99488,부송동,3,"공장 냄새(화학약품, 매캐함)",1:-1,-1
2020-08-25 06:18:00,35.96086,126.975655,영등동,4,"가축 분뇨 냄새(닭, 돼지, 소)",-2:0,-1
2020-08-25 06:36:00,35.957832,126.974014,영등동,3,기타,-2:0,-1
2020-08-25 06:43:00,35.928738,126.96314,동산동,3,"가축 분뇨 냄새(닭, 돼지, 소)",-4:-7,-1
2020-08-25 08:49:00,35.928448,126.96201,동산동,3,"가축 분뇨 냄새(닭, 돼지, 소)",-5:-7,-1
2020-08-25 17:43:00,35.955166,126.99501,부송동,4,"가축 분뇨 냄새(닭, 돼지, 소)",1:-1,-1
2020-08-25 18:58:00,35.934578,126.97039,마동,5,하수구 냄새,-3:-5,-1
2020-08-25 20:06:00,35.946033,126.94632,모현동1가,4,"가축 분뇨 냄새(닭, 돼지, 소)",-7:-3,-1
2020-08-25 20:18:00,35.929024,126.96356,동산동,5,기타,-4:-7,-1
2020-08-25 20:26:00,35.94524,126.94622,모현동1가,3,기타,-7:-3,-1
2020-08-25 20:28:00,35.926292,126.95909,동산동,4,기타,-5:-7,-1
2020-08-25 21:04:00,35.93422,126.9703,동산동,5,기타,-3:-5,-1
2020-08-25 21:21:00,35.960968,126.97468,영등동,5,하수구 냄새,-2:0,-1
2020-08-25 23:50:00,35.96452,126.983086,어양동,4,"가축 분뇨 냄새(닭, 돼지, 소)",-1:1,-1
2020-08-25 23:59:00,35.957016,126.96244,신동,3,"가축 분뇨 냄새(닭, 돼지, 소)",-4:0,-1
2020-08-25 23:59:00,35.957287,126.96182,신동,3,기타,-5:0,-1
2020-08-26 00:44:00,35.934433,126.970436,동산동,4,음식조리 냄새,-3:-5,-1
2020-08-26 01:01:00,35.933804,126.97012,동산동,5,하수구 냄새,-3:-6,-1
2020-08-26 01:12:00,35.930103,126.958115,동산동,4,"가축 분뇨 냄새(닭, 돼지, 소)",-5:-6,-1
2020-08-26 02:55:00,35.952118,126.93281,모현동2가,3,"가축 분뇨 냄새(닭, 돼지, 소)",-10:-1,-1
2020-08-26 08:58:00,35.961044,126.99375,부송동,1,기타,1:0,-1
2020-08-26 10:36:00,35.94633,126.97265,영등동,0,해당사항없음,-3:-3,-1
2020-08-26 11:15:00,35.94496,126.976685,신흥동,0,해당사항없음,-2:-3,-1
2020-08-26 11:31:00,35.944492,126.97823,신흥동,0,해당사항없음,-2:-3,-1
2020-08-26 13:02:00,35.957607,126.998215,부송동,3,"공장 냄새(화학약품, 매캐함)",2:0,-1
2020-08-26 15:27:00,35.95819,126.97395,영등동,3,기타,-2:0,-1
2020-08-26 15:42:00,35.95743,126.995735,부송동,4,"가축 분뇨 냄새(닭, 돼지, 소)",2:0,-1
2020-08-26 17:27:00,35.953606,126.985405,어양동,3,기타,0:-1,-1
2020-08-26 19:28:00,35.957603,126.97619,영등동,3,"가축 분뇨 냄새(닭, 돼지, 소)",-2:0,-1
2020-08-26 21:53:00,35.961185,126.99432,부송동,4,하수구 냄새,1:1,-1
2020-08-26 21:54:00,35.961006,126.994545,부송동,3,기타,1:0,-1
2020-08-26 22:15:00,35.961437,126.99375,부송동,3,기타,1:1,-1
2020-08-26 22:51:00,35.95405,126.974724,영등동,4,기타,-2:-1,-1
2020-08-27 07:14:00,35.954445,126.996445,용제동,2,"가축 분뇨 냄새(닭, 돼지, 소)",2:-1,-1
2020-08-27 17:48:00,35.936707,126.978546,금강동,5,기타,-2:-5,-1
2020-08-27 17:56:00,35.958046,126.974014,영등동,3,기타,-2:0,-1
2020-08-27 18:16:00,35.9574,126.977295,영등동,3,기타,-2:0,-1
2020-08-27 18:16:00,35.95759,126.977135,영등동,3,"가축 분뇨 냄새(닭, 돼지, 소)",-2:0,-1
2020-08-27 18:19:00,35.997658,126.94504,황등면 황등리,5,기타,-8:9,-1
2020-08-27 18:46:00,35.9996,127.06365,금마면 동고도리,3,기타,14:9,-1
2020-08-27 19:44:00,35.961582,126.97282,영등동,4,"가축 분뇨 냄새(닭, 돼지, 소)",-3:1,-1
2020-08-27 19:45:00,35.96104,126.97499,영등동,4,"가축 분뇨 냄새(닭, 돼지, 소)",-2:0,-1
2020-08-27 19:47:00,35.957905,126.97399,영등동,4,"가축 분뇨 냄새(닭, 돼지, 소)",-2:0,-1
2020-08-27 22:54:00,35.927883,126.959946,동산동,4,"가축 분뇨 냄새(닭, 돼지, 소)",-5:-7,-1
2020-08-27 22:58:00,35.933926,126.95758,주현동,3,"가축 분뇨 냄새(닭, 돼지, 소)",-5:-6,-1
2020-08-27 23:20:00,35.95155,126.97473,영등동,3,기타,-2:-2,-1
2020-08-27 23:21:00,35.95439,126.983826,어양동,3,기타,-1:-1,-1
2020-08-27 23:25:00,35.962666,126.984344,어양동,2,"가축 분뇨 냄새(닭, 돼지, 소)",0:1,-1
2020-08-27 23:30:00,35.953724,126.985146,어양동,4,기타,0:-1,-1
2020-08-27 23:57:00,35.932945,126.93865,평화동,4,하수구 냄새,-9:-6,-1
2020-08-28 00:27:00,35.916378,126.93404,목천동,4,기타,-10:-9,-1
2020-08-28 02:00:00,35.956573,126.99486,부송동,2,"공장 냄새(화학약품, 매캐함)",1:0,-1
2020-08-28 02:44:00,35.92852,126.96312,동산동,4,기타,-4:-7,-1
2020-08-28 06:50:00,35.961258,126.993706,부송동,4,기타,1:1,-1
2020-08-28 08:58:00,35.932297,126.941,평화동,3,"가축 분뇨 냄새(닭, 돼지, 소)",-8:-6,-1
2020-08-28 12:39:00,35.935528,126.95541,주현동,4,"가축 분뇨 냄새(닭, 돼지, 소)",-6:-5,-1
2020-08-28 17:03:00,35.95989,126.983635,어양동,3,기타,-1:0,70
2020-08-28 17:10:00,35.955303,126.97351,영등동,3,기타,-2:-1,70
2020-08-28 17:11:00,35.961044,126.9941,부송동,4,하수구 냄새,1:0,70
2020-08-28 17:12:00,35.934036,126.97074,동산동,4,기타,-3:-5,-1
2020-08-28 17:14:00,35.95663,126.9717,영등동,3,"가축 분뇨 냄새(닭, 돼지, 소)",-3:0,70
2020-08-28 17:15:00,35.957886,126.97406,영등동,3,기타,-2:0,70
2020-08-28 17:15:00,35.962666,126.984344,어양동,2,"가축 분뇨 냄새(닭, 돼지, 소)",0:1,70
2020-08-28 17:16:00,35.961365,126.97792,영등동,2,기타,-2:1,70
2020-08-28 17:17:00,35.928196,126.96319,동산동,4,기타,-4:-7,-1
2020-08-28 17:49:00,35.947384,126.93818,모현동1가,3,기타,-9:-3,-1
2020-08-28 17:56:00,35.932297,126.941,평화동,5,기타,-8:-6,-1
2020-08-28 23:38:00,35.928177,126.96334,동산동,3,"가축 분뇨 냄새(닭, 돼지, 소)",-4:-7,-1
2020-08-29 06:35:00,35.95744,126.99796,부송동,4,"공장 냄새(화학약품, 매캐함)",2:0,-1
2020-08-29 06:44:00,35.96108,126.99432,부송동,4,하수구 냄새,1:0,-1
2020-08-29 07:54:00,35.95812,126.97397,영등동,1,"공장 냄새(화학약품, 매캐함)",-2:0,-1
2020-08-29 16:47:00,35.932007,126.941,평화동,4,기타,-8:-6,-1
2020-08-29 16:56:00,35.96043,126.985054,어양동,3,"가축 분뇨 냄새(닭, 돼지, 소)",0:0,-1
2020-08-29 16:58:00,35.96063,126.986855,부송동,5,하수구 냄새,0:0,-1
2020-08-29 16:59:00,35.928772,126.96365,동산동,3,기타,-4:-7,-1
2020-08-29 17:00:00,35.95217,126.97486,영등동,2,"가축 분뇨 냄새(닭, 돼지, 소)",-2:-1,-1
2020-08-29 17:04:00,35.96332,126.976555,영등동,4,"가축 분뇨 냄새(닭, 돼지, 소)",-2:1,-1
2020-08-29 17:06:00,35.932693,126.939095,평화동,3,"가축 분뇨 냄새(닭, 돼지, 소)",-9:-6,-1
2020-08-29 17:07:00,35.93097,126.9563,인화동2가,4,기타,-6:-6,-1
2020-08-29 17:08:00,35.930862,126.95643,인화동2가,4,기타,-6:-6,-1
2020-08-29 17:08:00,35.928123,126.96312,동산동,3,"가축 분뇨 냄새(닭, 돼지, 소)",-4:-7,-1
2020-08-29 17:16:00,35.932602,126.94118,평화동,5,기타,-8:-6,-1
2020-08-29 17:17:00,35.945908,126.946266,모현동1가,4,"가축 분뇨 냄새(닭, 돼지, 소)",-7:-3,-1
2020-08-29 17:23:00,35.944836,126.92978,송학동,3,기타,-10:-3,-1
2020-08-29 17:53:00,35.957508,126.99628,부송동,5,기타,2:0,-1
2020-08-29 18:04:00,36.096573,126.96006,용안면 동지산리,5,기타,-5:30,-1
2020-08-29 18:09:00,35.91634,126.93412,목천동,4,기타,-10:-9,-1
2020-08-29 21:01:00,35.947247,126.96048,남중동,5,하수구 냄새,-5:-3,-1
2020-08-30 01:12:00,35.916412,126.93441,목천동,4,기타,-9:-9,-1
2020-08-30 05:46:00,35.930355,126.95665,인화동2가,4,기타,-5:-6,-1
2020-08-30 05:51:00,35.957287,126.96182,신동,5,기타,-5:0,-1
2020-08-30 05:53:00,35.9344,126.97025,동산동,5,기타,-3:-5,-1
2020-08-30 05:54:00,35.954506,126.95007,모현동1가,4,기타,-7:-1,-1
2020-08-30 06:04:00,35.957905,126.97413,영등동,4,기타,-2:0,71
2020-08-30 06:05:00,35.961113,126.97464,영등동,4,기타,-2:1,71
2020-08-30 06:08:00,35.956654,126.9717,영등동,3,"가축 분뇨 냄새(닭, 돼지, 소)",-3:0,71
2020-08-30 06:22:00,35.95365,126.984924,어양동,3,기타,0:-1,71
2020-08-30 06:41:00,35.954624,126.982086,어양동,4,기타,-1:-1,71
2020-08-30 06:41:00,35.96028,126.9745,영등동,3,기타,-2:0,71
2020-08-30 06:45:00,35.956047,126.97763,영등동,4,기타,-2:-1,71
2020-08-30 06:47:00,35.957993,126.97697,영등동,3,"가축 분뇨 냄새(닭, 돼지, 소)",-2:0,71
2020-08-30 07:31:00,35.915565,126.93406,목천동,4,기타,-10:-10,-1
2020-08-30 20:45:00,35.963375,126.949844,신동,3,기타,-7:1,-1
2020-08-30 22:45:00,35.944836,126.929756,송학동,3,"공장 냄새(화학약품, 매캐함)",-10:-3,-1
2020-08-31 00:46:00,35.93389,126.957405,주현동,3,기타,-5:-6,-1
2020-08-31 00:56:00,35.966232,127.01548,팔봉동,3,기타,5:2,-1
2020-08-31 01:32:00,35.93155,126.96946,동산동,3,기타,-3:-6,-1
2020-08-31 01:43:00,35.943806,126.964226,마동,2,"가축 분뇨 냄새(닭, 돼지, 소)",-4:-3,-1
2020-08-31 01:46:00,35.955597,126.97327,영등동,4,"가축 분뇨 냄새(닭, 돼지, 소)",-2:-1,72
2020-08-31 01:47:00,35.95549,126.974464,영등동,5,"가축 분뇨 냄새(닭, 돼지, 소)",-2:-1,72
2020-08-31 01:49:00,35.957397,126.96218,신동,3,"가축 분뇨 냄새(닭, 돼지, 소)",-4:0,72
2020-08-31 01:49:00,35.956657,126.971664,영등동,4,"가축 분뇨 냄새(닭, 돼지, 소)",-3:0,72
2020-08-31 01:49:00,35.95502,126.97455,영등동,4,"가축 분뇨 냄새(닭, 돼지, 소)",-2:-1,72
2020-08-31 01:52:00,35.955345,126.974815,영등동,4,"가축 분뇨 냄새(닭, 돼지, 소)",-2:-1,72
2020-08-31 01:57:00,35.953255,126.984215,어양동,3,"가축 분뇨 냄새(닭, 돼지, 소)",0:-1,72
2020-08-31 01:58:00,35.957577,126.96219,신동,3,기타,-4:0,72
2020-08-31 02:01:00,35.955055,126.982,어양동,4,기타,-1:-1,72
2020-08-31 02:03:00,35.93097,126.9563,인화동2가,4,기타,-6:-6,-1
2020-08-31 02:06:00,35.95556,126.97278,영등동,5,"가축 분뇨 냄새(닭, 돼지, 소)",-3:-1,72
2020-08-31 02:11:00,35.96104,126.97832,영등동,5,"가축 분뇨 냄새(닭, 돼지, 소)",-2:0,72
2020-08-31 02:14:00,35.934456,126.97041,동산동,5,기타,-3:-5,-1
2020-08-31 02:15:00,35.9285,126.96301,동산동,3,"가축 분뇨 냄새(닭, 돼지, 소)",-4:-7,-1
2020-08-31 02:18:00,35.957397,126.96244,신동,5,기타,-4:0,72
2020-08-31 02:22:00,35.95439,126.98384,어양동,5,"가축 분뇨 냄새(닭, 돼지, 소)",-1:-1,72
2020-08-31 02:31:00,35.953255,126.984215,어양동,5,기타,0:-1,72
2020-08-31 02:31:00,35.963745,127.01547,팔봉동,5,"가축 분뇨 냄새(닭, 돼지, 소)",5:1,-1
2020-08-31 02:31:00,35.95659,126.994194,부송동,5,"가축 분뇨 냄새(닭, 돼지, 소)",1:0,72
2020-08-31 02:33:00,35.957756,126.96256,신동,5,"가축 분뇨 냄새(닭, 돼지, 소)",-4:0,72
2020-08-31 02:37:00,35.961246,126.97952,영등동,2,기타,-1:1,72
2020-08-31 02:41:00,35.945744,126.94578,모현동1가,4,기타,-7:-3,-1
2020-08-31 02:42:00,35.95743,126.99571,부송동,5,하수구 냄새,2:0,72
2020-08-31 02:43:00,35.944984,126.93851,모현동1가,4,기타,-9:-3,73
2020-08-31 02:43:00,35.952118,126.93281,모현동2가,3,"가축 분뇨 냄새(닭, 돼지, 소)",-10:-1,73
2020-08-31 02:46:00,35.952663,126.93766,모현동2가,3,기타,-9:-1,73
2020-08-31 02:48:00,35.957325,126.972595,영등동,4,하수구 냄새,-3:0,72
2020-08-31 02:49:00,35.953255,126.984215,어양동,5,기타,0:-1,72
2020-08-31 02:50:00,35.965584,126.98714,부송동,4,"가축 분뇨 냄새(닭, 돼지, 소)",0:1,72
2020-08-31 02:54:00,35.956284,126.988205,부송동,4,기타,0:-1,72
2020-08-31 02:55:00,35.959366,126.97774,영등동,4,"가축 분뇨 냄새(닭, 돼지, 소)",-2:0,72
2020-08-31 02:58:00,35.95377,126.98382,어양동,5,음식조리 냄새,-1:-1,72
2020-08-31 03:10:00,35.954697,126.98803,어양동,5,"가축 분뇨 냄새(닭, 돼지, 소)",0:-1,72
2020-08-31 03:10:00,35.954086,126.98825,어양동,5,"가축 분뇨 냄새(닭, 돼지, 소)",0:-1,72
2020-08-31 03:14:00,35.948265,126.941,모현동1가,4,기타,-8:-2,73
2020-08-31 03:14:00,35.964718,126.98297,어양동,4,"가축 분뇨 냄새(닭, 돼지, 소)",-1:1,72
2020-08-31 03:20:00,35.934036,126.97012,동산동,5,"가축 분뇨 냄새(닭, 돼지, 소)",-3:-5,-1
2020-08-31 03:37:00,35.9543,126.98883,어양동,5,"가축 분뇨 냄새(닭, 돼지, 소)",0:-1,72
2020-08-31 03:40:00,35.9551,126.97347,영등동,5,"가축 분뇨 냄새(닭, 돼지, 소)",-2:-1,72
2020-08-31 03:50:00,35.934074,126.969505,동산동,5,"가축 분뇨 냄새(닭, 돼지, 소)",-3:-5,-1
2020-08-31 04:05:00,35.954903,126.9499,모현동1가,5,기타,-7:-1,-1
2020-08-31 05:13:00,35.96104,126.98548,어양동,5,기타,0:0,-1
2020-08-31 05:26:00,35.945816,126.94573,모현동1가,4,"가축 분뇨 냄새(닭, 돼지, 소)",-7:-3,-1
2020-08-31 05:52:00,35.958103,126.97393,영등동,4,기타,-2:0,-1
2020-08-31 05:59:00,35.94744,126.9464,모현동1가,5,"가축 분뇨 냄새(닭, 돼지, 소)",-7:-3,-1
2020-08-31 06:00:00,35.95666,126.99503,부송동,3,"공장 냄새(화학약품, 매캐함)",1:0,-1
2020-08-31 06:27:00,35.928738,126.96314,동산동,4,하수구 냄새,-4:-7,-1
2020-08-31 06:28:00,35.94744,126.9464,모현동1가,3,"가축 분뇨 냄새(닭, 돼지, 소)",-7:-3,-1
2020-08-31 06:38:00,35.95754,126.961914,신동,5,"가축 분뇨 냄새(닭, 돼지, 소)",-5:0,-1
2020-08-31 06:53:00,35.958866,126.9397,모현동2가,4,"가축 분뇨 냄새(닭, 돼지, 소)",-9:0,-1
2020-08-31 16:19:00,36.067604,126.9857,낭산면 용기리,5,기타,0:24,-1
2020-08-31 16:53:00,35.92835,126.96334,동산동,3,기타,-4:-7,-1
2020-08-31 19:34:00,35.949253,126.98674,어양동,4,"가축 분뇨 냄새(닭, 돼지, 소)",0:-2,-1
2020-08-31 19:38:00,35.94947,126.9863,어양동,4,기타,0:-2,-1
2020-08-31 19:38:00,35.94947,126.9863,어양동,4,기타,0:-2,-1
2020-08-31 19:56:00,35.932297,126.941,평화동,3,"가축 분뇨 냄새(닭, 돼지, 소)",-8:-6,-1
2020-08-31 21:07:00,35.95715,126.99836,부송동,2,"가축 분뇨 냄새(닭, 돼지, 소)",2:0,-1
2020-08-31 21:46:00,35.928738,126.96312,동산동,5,기타,-4:-7,-1
2020-08-31 22:14:00,35.956554,126.99499,부송동,3,"가축 분뇨 냄새(닭, 돼지, 소)",1:-1,-1
2020-08-31 22:42:00,35.93658,126.9693,마동,4,하수구 냄새,-3:-5,-1
2020-08-31 22:55:00,35.928738,126.96312,동산동,4,"가축 분뇨 냄새(닭, 돼지, 소)",-4:-7,-1
2020-09-01 07:00:00,35.953255,126.984215,어양동,2,"공장 냄새(화학약품, 매캐함)",0:-1,-1
2020-09-01 08:17:00,35.934425,126.97036,동산동,3,기타,-3:-5,-1
2020-09-01 23:18:00,35.92827,126.964676,동산동,5,"가축 분뇨 냄새(닭, 돼지, 소)",-4:-7,-1
2020-09-01 23:44:00,35.934036,126.97017,동산동,5,"가축 분뇨 냄새(닭, 돼지, 소)",-3:-5,-1
2020-09-02 22:46:00,35.92751,126.96122,동산동,4,하수구 냄새,-5:-7,-1
2020-09-03 17:57:00,35.963745,127.01547,팔봉동,4,"공장 냄새(화학약품, 매캐함)",5:1,-1
2020-09-03 18:03:00,35.999172,126.94481,황등면 황등리,4,기타,-8:9,-1
2020-09-03 18:28:00,35.964546,127.01564,팔봉동,3,"공장 냄새(화학약품, 매캐함)",5:1,-1
2020-09-03 19:05:00,35.963745,127.01547,팔봉동,4,"공장 냄새(화학약품, 매캐함)",5:1,-1
2020-09-03 19:21:00,35.96569,127.01561,팔봉동,3,"공장 냄새(화학약품, 매캐함)",5:2,74
2020-09-03 20:12:00,35.965332,127.014854,팔봉동,3,"공장 냄새(화학약품, 매캐함)",5:1,74
2020-09-03 20:14:00,35.963745,127.01547,팔봉동,5,"공장 냄새(화학약품, 매캐함)",5:1,74
2020-09-03 20:15:00,35.96562,127.015434,팔봉동,3,"공장 냄새(화학약품, 매캐함)",5:2,74
2020-09-03 20:18:00,35.92774,126.966125,동산동,4,"공장 냄새(화학약품, 매캐함)",-4:-7,-1
2020-09-03 20:47:00,35.96526,127.01481,팔봉동,4,"가축 분뇨 냄새(닭, 돼지, 소)",5:1,74
2020-09-03 21:02:00,35.963566,126.986694,부송동,5,"가축 분뇨 냄새(닭, 돼지, 소)",0:1,75
2020-09-03 21:06:00,35.956303,126.99493,부송동,4,"가축 분뇨 냄새(닭, 돼지, 소)",1:-1,75
2020-09-03 21:07:00,35.961044,126.9941,부송동,4,기타,1:0,75
2020-09-03 21:07:00,35.96133,126.99415,부송동,3,"가축 분뇨 냄새(닭, 돼지, 소)",1:1,75
2020-09-03 21:08:00,35.955563,126.98412,어양동,5,"가축 분뇨 냄새(닭, 돼지, 소)",-1:-1,75
2020-09-03 21:08:00,35.957077,126.995834,부송동,4,"가축 분뇨 냄새(닭, 돼지, 소)",2:0,75
2020-09-03 21:09:00,35.953472,126.985016,어양동,5,기타,0:-1,75
2020-09-03 21:10:00,35.96364,126.987274,부송동,3,하수구 냄새,0:1,75
2020-09-03 21:12:00,35.949146,126.986565,어양동,3,"가축 분뇨 냄새(닭, 돼지, 소)",0:-2,75
2020-09-03 21:12:00,35.961582,126.99388,부송동,5,"가축 분뇨 냄새(닭, 돼지, 소)",1:1,75
2020-09-03 21:13:00,35.96162,126.99428,부송동,3,기타,1:1,75
2020-09-03 21:13:00,35.96137,126.99415,부송동,4,기타,1:1,75
2020-09-03 21:14:00,35.961548,126.99406,부송동,5,"가축 분뇨 냄새(닭, 돼지, 소)",1:1,75
2020-09-03 21:17:00,35.9543,126.98883,어양동,4,"가축 분뇨 냄새(닭, 돼지, 소)",0:-1,75
2020-09-03 21:17:00,35.963745,127.01547,팔봉동,3,"공장 냄새(화학약품, 매캐함)",5:1,74
2020-09-03 21:33:00,35.953255,126.984215,어양동,4,"가축 분뇨 냄새(닭, 돼지, 소)",0:-1,75
2020-09-03 21:35:00,35.961437,126.97504,영등동,4,기타,-2:1,75
2020-09-03 22:01:00,35.954407,126.981895,어양동,4,기타,-1:-1,75
2020-09-03 22:11:00,35.933292,126.94663,평화동,4,기타,-7:-6,-1
2020-09-03 22:18:00,35.963745,127.01547,팔봉동,5,"공장 냄새(화학약품, 매캐함)",5:1,-1
2020-09-03 22:22:00,35.957294,126.999245,부송동,3,기타,2:0,75
2020-09-03 22:59:00,35.95412,126.98834,어양동,3,"가축 분뇨 냄새(닭, 돼지, 소)",0:-1,75
2020-09-03 23:02:00,35.95744,126.99636,부송동,4,"가축 분뇨 냄새(닭, 돼지, 소)",2:0,75
2020-09-03 23:05:00,35.961437,126.9941,부송동,5,기타,1:1,75
2020-09-03 23:23:00,35.9534,126.985016,어양동,5,기타,0:-1,75
2020-09-03 23:25:00,35.9543,126.98883,어양동,5,"가축 분뇨 냄새(닭, 돼지, 소)",0:-1,75
2020-09-03 23:26:00,35.95368,126.98419,어양동,4,"가축 분뇨 냄새(닭, 돼지, 소)",-1:-1,75
2020-09-03 23:26:00,35.961,126.98551,어양동,3,기타,0:0,75
2020-09-03 23:31:00,35.953255,126.984215,어양동,5,기타,0:-1,75
2020-09-03 23:39:00,35.961365,126.97845,영등동,4,"가축 분뇨 냄새(닭, 돼지, 소)",-2:1,75
2020-09-03 23:43:00,35.96313,126.98297,어양동,3,"가축 분뇨 냄새(닭, 돼지, 소)",-1:1,75
2020-09-03 23:44:00,35.957005,126.981026,어양동,3,"가축 분뇨 냄새(닭, 돼지, 소)",-1:0,75
2020-09-03 23:44:00,35.96425,126.9792,영등동,4,"가축 분뇨 냄새(닭, 돼지, 소)",-1:1,75
2020-09-03 23:45:00,35.964466,126.978935,영등동,4,"가축 분뇨 냄새(닭, 돼지, 소)",-1:1,75
2020-09-03 23:49:00,35.964287,126.97911,영등동,4,기타,-1:1,75
2020-09-03 23:54:00,35.928738,126.96312,동산동,3,기타,-4:-7,-1
2020-09-03 23:57:00,35.963165,126.97326,영등동,3,기타,-2:1,75
2020-09-03 23:58:00,35.960327,126.97251,영등동,4,기타,-3:0,75
2020-09-04 00:01:00,35.96425,126.97406,영등동,4,기타,-2:1,75
2020-09-04 00:02:00,35.95448,126.98204,어양동,4,하수구 냄새,-1:-1,75
2020-09-04 00:03:00,35.95383,126.983864,어양동,3,기타,-1:-1,76
2020-09-04 00:04:00,35.963383,126.97426,영등동,2,"가축 분뇨 냄새(닭, 돼지, 소)",-2:1,76
2020-09-04 00:14:00,35.9561,126.97677,영등동,3,"가축 분뇨 냄새(닭, 돼지, 소)",-2:-1,76
2020-09-04 00:15:00,35.93346,126.96986,동산동,4,"가축 분뇨 냄새(닭, 돼지, 소)",-3:-6,-1
2020-09-04 00:35:00,35.953255,126.984215,어양동,3,"가축 분뇨 냄새(닭, 돼지, 소)",0:-1,76
2020-09-04 03:35:00,35.962807,126.98517,부송동,4,기타,0:1,-1
2020-09-04 09:22:00,35.96528,127.014565,팔봉동,4,"공장 냄새(화학약품, 매캐함)",5:1,-1
2020-09-04 09:25:00,35.963745,127.01547,팔봉동,4,"공장 냄새(화학약품, 매캐함)",5:1,-1
2020-09-04 19:44:00,36.03774,126.986244,삼기면 오룡리,3,기타,0:17,-1
2020-09-04 21:37:00,35.957294,126.9992,부송동,4,"공장 냄새(화학약품, 매캐함)",2:0,77
2020-09-04 21:40:00,35.957195,126.997986,부송동,3,"공장 냄새(화학약품, 매캐함)",2:0,77
2020-09-04 21:41:00,35.947567,126.98509,어양동,3,"가축 분뇨 냄새(닭, 돼지, 소)",0:-2,77
2020-09-04 21:41:00,35.961258,126.99393,부송동,3,"공장 냄새(화학약품, 매캐함)",1:1,77
2020-09-04 21:43:00,35.934517,126.97039,마동,3,기타,-3:-5,78
2020-09-04 21:55:00,35.934055,126.97024,동산동,5,기타,-3:-5,78
2020-09-04 21:57:00,35.963394,126.98674,부송동,3,"공장 냄새(화학약품, 매캐함)",0:1,77
2020-09-04 21:58:00,35.954536,126.98701,어양동,3,"공장 냄새(화학약품, 매캐함)",0:-1,77
2020-09-04 22:02:00,35.933968,126.970856,동산동,4,기타,-3:-5,78
2020-09-04 22:05:00,35.961437,126.99406,부송동,5,기타,1:1,77
2020-09-04 22:05:00,35.96014,126.98426,어양동,4,"공장 냄새(화학약품, 매캐함)",0:0,77
2020-09-04 22:05:00,35.93627,126.969215,마동,4,기타,-3:-5,78
2020-09-04 22:05:00,35.965008,126.98311,어양동,4,기타,-1:1,77
2020-09-04 22:15:00,35.93674,126.969055,마동,5,"가축 분뇨 냄새(닭, 돼지, 소)",-3:-5,78
2020-09-04 22:17:00,35.931873,126.96986,동산동,4,하수구 냄새,-3:-6,78
2020-09-04 22:17:00,35.94672,126.946976,모현동1가,3,기타,-7:-3,-1
2020-09-04 22:22:00,35.962734,126.985054,부송동,3,"공장 냄새(화학약품, 매캐함)",0:1,77
2020-09-04 22:23:00,35.95711,126.99508,부송동,4,"공장 냄새(화학약품, 매캐함)",1:0,77
2020-09-04 22:24:00,35.954597,126.97513,영등동,3,"가축 분뇨 냄새(닭, 돼지, 소)",-2:-1,-1
2020-09-04 22:28:00,35.958218,126.961845,신동,3,"가축 분뇨 냄새(닭, 돼지, 소)",-5:0,-1
2020-09-04 22:30:00,35.963547,126.986984,부송동,4,"가축 분뇨 냄새(닭, 돼지, 소)",0:1,77
2020-09-04 22:32:00,35.961044,126.99423,부송동,5,하수구 냄새,1:0,77
2020-09-04 22:34:00,35.961185,126.99423,부송동,4,"공장 냄새(화학약품, 매캐함)",1:1,77
2020-09-04 22:34:00,35.961437,126.99437,부송동,3,"공장 냄새(화학약품, 매캐함)",1:1,77
2020-09-04 22:35:00,35.96162,126.994415,부송동,4,"공장 냄새(화학약품, 매캐함)",1:1,77
2020-09-04 22:36:00,35.961185,126.972694,영등동,2,"가축 분뇨 냄새(닭, 돼지, 소)",-3:1,-1
2020-09-04 22:36:00,35.94744,126.9464,모현동1가,3,"가축 분뇨 냄새(닭, 돼지, 소)",-7:-3,-1
2020-09-04 22:37:00,35.934326,126.97061,동산동,5,기타,-3:-5,78
2020-09-04 22:49:00,35.930164,126.97132,동산동,5,"가축 분뇨 냄새(닭, 돼지, 소)",-3:-6,78
2020-09-04 22:50:00,35.961185,126.99401,부송동,5,"공장 냄새(화학약품, 매캐함)",1:1,77
2020-09-04 22:53:00,35.961258,126.9941,부송동,5,"공장 냄새(화학약품, 매캐함)",1:1,77
2020-09-04 23:29:00,35.934177,126.95736,주현동,3,기타,-5:-5,-1
2020-09-04 23:29:00,35.96133,126.99437,부송동,5,"공장 냄새(화학약품, 매캐함)",1:1,77
2020-09-04 23:30:00,35.966232,127.01554,팔봉동,0,해당사항없음,5:2,-1
2020-09-04 23:32:00,35.95842,126.98333,어양동,4,음식조리 냄새,-1:0,-1
2020-09-04 23:49:00,35.96108,126.99432,부송동,5,"공장 냄새(화학약품, 매캐함)",1:0,77
2020-09-04 23:57:00,35.961403,126.99415,부송동,5,"공장 냄새(화학약품, 매캐함)",1:1,77
2020-09-05 00:09:00,35.959206,126.99778,부송동,4,"가축 분뇨 냄새(닭, 돼지, 소)",2:0,77
2020-09-05 00:37:00,35.963818,126.97437,영등동,2,"공장 냄새(화학약품, 매캐함)",-2:1,-1
2020-09-05 00:44:00,35.928738,126.96312,동산동,4,기타,-4:-7,-1
2020-09-05 00:44:00,35.933838,126.9701,동산동,5,하수구 냄새,-3:-6,-1
2020-09-05 01:12:00,35.9587,126.99796,부송동,5,"공장 냄새(화학약품, 매캐함)",2:0,-1
2020-09-05 01:21:00,35.931442,126.96955,동산동,5,"가축 분뇨 냄새(닭, 돼지, 소)",-3:-6,-1
2020-09-05 03:13:00,35.956608,126.993484,부송동,5,"공장 냄새(화학약품, 매캐함)",1:0,-1
2020-09-05 03:32:00,35.957214,126.96216,신동,3,"가축 분뇨 냄새(닭, 돼지, 소)",-4:0,-1
2020-09-05 05:47:00,35.957233,126.96196,신동,4,기타,-5:0,-1
2020-09-05 10:47:00,35.961224,126.99379,부송동,4,"공장 냄새(화학약품, 매캐함)",1:1,-1
2020-09-05 20:12:00,35.93423,126.95082,인화동1가,5,하수구 냄새,-7:-5,-1
2020-09-05 23:47:00,35.954803,126.98429,어양동,2,"공장 냄새(화학약품, 매캐함)",0:-1,-1
2020-09-05 23:51:00,35.952644,126.988914,어양동,2,"공장 냄새(화학약품, 매캐함)",0:-1,-1
2020-09-06 18:08:00,35.961224,126.99423,부송동,4,"공장 냄새(화학약품, 매캐함)",1:1,-1
2020-09-06 20:18:00,35.92247,127.06744,왕궁면 온수리,5,"가축 분뇨 냄새(닭, 돼지, 소)",14:-8,-1
2020-09-06 21:29:00,35.92962,127.07928,왕궁면 온수리,5,기타,17:-6,-1
2020-09-07 01:05:00,35.964413,126.97907,영등동,3,"공장 냄새(화학약품, 매캐함)",-1:1,-1
2020-09-08 07:36:00,36.000217,127.06377,금마면 동고도리,3,"가축 분뇨 냄새(닭, 돼지, 소)",14:9,-1
2020-09-08 21:43:00,35.9543,126.98883,어양동,3,기타,0:-1,-1
2020-09-08 21:47:00,35.95405,126.97464,영등동,4,"공장 냄새(화학약품, 매캐함)",-2:-1,-1
2020-09-08 22:24:00,35.961224,126.99406,부송동,4,"공장 냄새(화학약품, 매캐함)",1:1,-1
2020-09-08 23:26:00,36.135273,126.99841,망성면 화산리,5,하수구 냄새,2:39,-1
2020-09-09 18:10:00,35.952118,126.93281,모현동2가,3,"공장 냄새(화학약품, 매캐함)",-10:-1,-1
2020-09-09 18:39:00,35.963745,127.01547,팔봉동,4,"공장 냄새(화학약품, 매캐함)",5:1,-1
2020-09-10 00:08:00,35.95306,127.01207,팔봉동,5,"공장 냄새(화학약품, 매캐함)",5:-1,-1
2020-09-10 03:53:00,35.932297,126.941,평화동,4,음식조리 냄새,-8:-6,-1
2020-09-10 16:36:00,35.936188,127.05682,왕궁면 쌍제리,4,기타,13:-5,-1
2020-09-10 18:39:00,35.94123,126.928696,송학동,5,"가축 분뇨 냄새(닭, 돼지, 소)",-11:-4,-1
2020-09-10 19:31:00,35.92962,127.07928,왕궁면 온수리,5,기타,17:-6,-1
2020-09-10 20:33:00,36.13526,126.998405,망성면 화산리,3,"가축 분뇨 냄새(닭, 돼지, 소)",2:39,-1
2020-09-10 20:37:00,36.13525,126.998375,망성면 화산리,3,"가축 분뇨 냄새(닭, 돼지, 소)",2:39,-1
2020-09-10 23:30:00,35.970848,126.9837,부송동,3,"공장 냄새(화학약품, 매캐함)",-1:3,-1
2020-09-11 00:16:00,35.952625,127.0117,석암동,5,"가축 분뇨 냄새(닭, 돼지, 소)",4:-1,-1
2020-09-11 01:36:00,35.954586,126.975174,영등동,5,"공장 냄새(화학약품, 매캐함)",-2:-1,-1
2020-09-11 01:42:00,35.956604,126.97282,영등동,4,"공장 냄새(화학약품, 매캐함)",-3:0,-1
2020-09-11 03:00:00,35.99711,126.94424,황등면 황등리,3,"가축 분뇨 냄새(닭, 돼지, 소)",-8:8,-1
2020-09-11 06:18:00,35.965584,126.98701,부송동,3,"가축 분뇨 냄새(닭, 돼지, 소)",0:1,-1
2020-09-11 09:19:00,35.9294,127.07857,왕궁면 온수리,5,기타,17:-7,-1
2020-09-11 10:12:00,35.928738,126.96312,동산동,3,기타,-4:-7,-1
2020-09-11 10:20:00,35.95643,126.99481,부송동,4,기타,1:-1,79
2020-09-11 10:22:00,35.955635,126.9847,어양동,3,기타,0:-1,79
2020-09-11 10:24:00,35.954094,126.98492,어양동,3,"가축 분뇨 냄새(닭, 돼지, 소)",0:-1,79
2020-09-11 10:26:00,35.959064,126.9978,부송동,2,기타,2:0,79
2020-09-11 10:28:00,35.95889,126.99731,부송동,4,기타,2:0,79
2020-09-11 10:31:00,35.961327,126.97468,영등동,4,기타,-2:1,79
2020-09-11 10:31:00,35.93418,126.96995,동산동,3,"가축 분뇨 냄새(닭, 돼지, 소)",-3:-5,-1
2020-09-11 10:32:00,35.95405,126.98483,어양동,3,"가축 분뇨 냄새(닭, 돼지, 소)",0:-1,79
2020-09-11 10:32:00,35.95459,126.988914,어양동,5,"가축 분뇨 냄새(닭, 돼지, 소)",0:-1,79
2020-09-11 10:32:00,35.95733,126.97748,영등동,3,기타,-2:0,79
2020-09-11 10:33:00,35.948715,127.00707,용제동,4,"가축 분뇨 냄새(닭, 돼지, 소)",4:-2,-1
2020-09-11 10:33:00,35.95365,126.98519,어양동,5,"가축 분뇨 냄새(닭, 돼지, 소)",0:-1,79
2020-09-11 10:35:00,35.953617,126.98524,어양동,5,"가축 분뇨 냄새(닭, 돼지, 소)",0:-1,79
2020-09-11 10:38:00,35.95785,126.974174,영등동,3,"가축 분뇨 냄새(닭, 돼지, 소)",-2:0,79
2020-09-11 10:39:00,35.944984,126.93851,모현동1가,3,기타,-9:-3,-1
2020-09-11 10:42:00,35.95439,126.98385,어양동,3,기타,-1:-1,79
2020-09-11 12:22:00,35.958508,126.98355,어양동,3,"가축 분뇨 냄새(닭, 돼지, 소)",-1:0,-1
2020-09-11 18:06:00,35.953964,126.97039,영등동,4,하수구 냄새,-3:-1,-1
2020-09-12 21:30:00,35.96313,126.98341,어양동,3,"가축 분뇨 냄새(닭, 돼지, 소)",-1:1,-1
2020-09-12 22:17:00,35.944695,127.01075,석암동,4,"공장 냄새(화학약품, 매캐함)",4:-3,-1
2020-09-12 22:19:00,35.94479,127.01074,석암동,3,"공장 냄새(화학약품, 매캐함)",4:-3,-1
2020-09-13 20:57:00,35.932514,126.940735,평화동,4,"가축 분뇨 냄새(닭, 돼지, 소)",-8:-6,-1
2020-09-13 21:05:00,35.93233,126.94142,평화동,3,"가축 분뇨 냄새(닭, 돼지, 소)",-8:-6,-1
2020-09-13 21:27:00,35.957294,126.9992,부송동,2,"공장 냄새(화학약품, 매캐함)",2:0,-1
2020-09-13 22:07:00,35.932297,126.941,평화동,3,음식조리 냄새,-8:-6,-1
2020-09-14 00:13:00,35.955524,126.984215,어양동,2,기타,0:-1,80
2020-09-14 00:21:00,35.957653,126.99628,부송동,5,"가축 분뇨 냄새(닭, 돼지, 소)",2:0,80
2020-09-14 00:23:00,35.955853,126.99415,부송동,3,기타,1:-1,80
2020-09-14 00:36:00,35.95614,126.992905,부송동,4,기타,1:-1,80
2020-09-14 00:37:00,35.95885,126.997406,부송동,4,"가축 분뇨 냄새(닭, 돼지, 소)",2:0,80
2020-09-14 00:38:00,35.958797,126.99712,부송동,4,"가축 분뇨 냄새(닭, 돼지, 소)",2:0,80
2020-09-14 00:59:00,35.953686,126.98524,어양동,5,기타,0:-1,80
2020-09-14 01:00:00,35.953255,126.984215,어양동,5,기타,0:-1,80
2020-09-14 01:05:00,35.927147,126.95461,인화동2가,5,기타,-6:-7,-1
2020-09-14 01:12:00,35.959347,126.99985,부송동,3,"공장 냄새(화학약품, 매캐함)",2:0,80
2020-09-14 05:37:00,35.95248,126.934296,모현동2가,4,"공장 냄새(화학약품, 매캐함)",-9:-1,-1
2020-09-14 05:41:00,35.997078,126.94424,황등면 황등리,4,"가축 분뇨 냄새(닭, 돼지, 소)",-8:8,-1
2020-09-14 08:44:00,35.96544,127.015564,팔봉동,3,"가축 분뇨 냄새(닭, 돼지, 소)",5:1,-1
2020-09-14 09:25:00,35.932297,126.941,평화동,3,기타,-8:-6,-1
2020-09-14 20:00:00,36.06244,127.052635,낭산면 석천리,5,"가축 분뇨 냄새(닭, 돼지, 소)",12:23,-1
2020-09-14 21:12:00,35.93326,126.94674,평화동,3,기타,-7:-6,-1
2020-09-14 21:30:00,35.93284,126.94129,평화동,4,음식조리 냄새,-8:-6,-1
2020-09-14 22:46:00,35.956573,126.99366,부송동,5,"공장 냄새(화학약품, 매캐함)",1:0,-1
2020-09-14 22:48:00,35.95672,126.99477,부송동,3,"공장 냄새(화학약품, 매캐함)",1:0,-1
2020-09-14 23:47:00,35.932297,126.94107,평화동,4,"가축 분뇨 냄새(닭, 돼지, 소)",-8:-6,-1
2020-09-14 23:58:00,35.954372,126.98417,어양동,5,"공장 냄새(화학약품, 매캐함)",-1:-1,81
2020-09-14 23:58:00,35.954735,126.98435,어양동,5,"공장 냄새(화학약품, 매캐함)",0:-1,81
2020-09-14 23:59:00,35.954155,126.9847,어양동,5,"공장 냄새(화학약품, 매캐함)",0:-1,81
2020-09-15 00:01:00,35.95459,126.9847,어양동,5,"공장 냄새(화학약품, 매캐함)",0:-1,81
2020-09-15 00:02:00,35.953327,126.98599,어양동,5,"공장 냄새(화학약품, 매캐함)",0:-1,81
2020-09-15 00:05:00,35.95358,126.98834,어양동,5,"공장 냄새(화학약품, 매캐함)",0:-1,81
2020-09-15 00:42:00,35.953995,126.98528,어양동,3,"공장 냄새(화학약품, 매캐함)",0:-1,81
2020-09-15 00:51:00,35.93627,126.969215,마동,3,"가축 분뇨 냄새(닭, 돼지, 소)",-3:-5,-1
2020-09-15 00:52:00,35.956448,126.9949,부송동,3,"가축 분뇨 냄새(닭, 돼지, 소)",1:-1,81
2020-09-15 01:00:00,35.961346,126.97397,영등동,3,"공장 냄새(화학약품, 매캐함)",-2:1,-1
2020-09-15 01:10:00,35.95448,126.98177,어양동,4,"공장 냄새(화학약품, 매캐함)",-1:-1,81
2020-09-15 01:30:00,35.954903,126.95025,모현동1가,4,기타,-7:-1,-1
2020-09-15 02:07:00,35.947437,126.941925,모현동1가,5,"가축 분뇨 냄새(닭, 돼지, 소)",-8:-3,-1
2020-09-15 02:24:00,35.997078,126.94424,황등면 황등리,5,기타,-8:8,-1
2020-09-15 06:57:00,35.957222,126.99814,부송동,4,"가축 분뇨 냄새(닭, 돼지, 소)",2:0,-1
2020-09-15 07:11:00,35.961224,126.99393,부송동,5,"공장 냄새(화학약품, 매캐함)",1:1,82
2020-09-15 07:13:00,35.95826,126.96204,신동,2,"가축 분뇨 냄새(닭, 돼지, 소)",-4:0,-1
2020-09-15 07:30:00,35.962807,126.98517,부송동,5,기타,0:1,82
2020-09-15 07:30:00,35.962807,126.98517,부송동,5,기타,0:1,82
2020-09-15 07:30:00,35.962807,126.98517,부송동,5,기타,0:1,82
2020-09-15 07:47:00,35.953255,126.984215,어양동,3,"공장 냄새(화학약품, 매캐함)",0:-1,82
2020-09-15 08:00:00,35.954792,126.98424,어양동,3,"공장 냄새(화학약품, 매캐함)",0:-1,82
2020-09-15 08:27:00,35.932297,126.941,평화동,3,"공장 냄새(화학약품, 매캐함)",-8:-6,-1
2020-09-15 10:08:00,35.928738,126.96312,동산동,3,"가축 분뇨 냄새(닭, 돼지, 소)",-4:-7,-1
2020-09-15 20:05:00,36.06244,127.052635,낭산면 석천리,5,기타,12:23,-1
2020-09-15 20:15:00,35.93327,126.946815,평화동,4,기타,-7:-6,-1
2020-09-15 20:28:00,35.99787,126.94499,황등면 황등리,4,기타,-8:9,-1
2020-09-15 20:31:00,35.997658,126.94504,황등면 황등리,4,기타,-8:9,-1
2020-09-15 20:47:00,35.932476,126.94087,평화동,4,"가축 분뇨 냄새(닭, 돼지, 소)",-8:-6,-1
2020-09-15 20:48:00,35.932785,126.94166,평화동,3,"가축 분뇨 냄새(닭, 돼지, 소)",-8:-6,-1
2020-09-15 20:51:00,35.932297,126.941,평화동,3,"가축 분뇨 냄새(닭, 돼지, 소)",-8:-6,-1
2020-09-15 21:22:00,35.944984,126.93851,모현동1가,3,기타,-9:-3,-1
2020-09-15 22:14:00,35.932262,126.94105,평화동,4,"가축 분뇨 냄새(닭, 돼지, 소)",-8:-6,-1
2020-09-15 22:35:00,35.957508,126.9996,부송동,3,"공장 냄새(화학약품, 매캐함)",2:0,-1
2020-09-16 01:00:00,35.961292,126.97543,영등동,3,"공장 냄새(화학약품, 매캐함)",-2:1,-1
2020-09-16 05:50:00,35.961296,126.99437,부송동,5,"공장 냄새(화학약품, 매캐함)",1:1,-1
2020-09-16 09:23:00,35.94853,126.96401,영등동,4,"가축 분뇨 냄새(닭, 돼지, 소)",-4:-2,-1
2020-09-16 12:00:00,35.97368,126.934006,현영동,4,"가축 분뇨 냄새(닭, 돼지, 소)",-10:3,-1
2020-09-16 14:07:00,35.964317,126.94865,모현동2가,2,"공장 냄새(화학약품, 매캐함)",-7:1,-1
2020-09-16 20:44:00,35.93336,126.94663,평화동,4,기타,-7:-6,-1
2020-09-16 23:35:00,35.934086,126.95011,인화동1가,3,"공장 냄새(화학약품, 매캐함)",-7:-5,-1
2020-09-17 04:14:00,35.932316,126.94107,평화동,4,"가축 분뇨 냄새(닭, 돼지, 소)",-8:-6,-1
2020-09-17 07:24:00,35.932747,126.94165,평화동,3,"가축 분뇨 냄새(닭, 돼지, 소)",-8:-6,-1
2020-09-17 08:01:00,35.932297,126.941,평화동,3,"가축 분뇨 냄새(닭, 돼지, 소)",-8:-6,-1
2020-09-17 08:01:00,35.957222,126.99623,부송동,4,기타,2:0,-1
2020-09-17 08:06:00,35.958447,126.99858,부송동,5,기타,2:0,-1
2020-09-17 08:12:00,35.957508,126.99785,부송동,4,"가축 분뇨 냄새(닭, 돼지, 소)",2:0,-1
2020-09-17 08:20:00,35.95495,126.97351,영등동,4,"가축 분뇨 냄새(닭, 돼지, 소)",-2:-1,83
2020-09-17 08:25:00,35.95484,126.9843,어양동,3,기타,0:-1,83
2020-09-17 08:30:00,35.953712,126.972336,영등동,4,기타,-3:-1,83
2020-09-17 08:36:00,35.95856,126.97107,영등동,4,기타,-3:0,83
2020-09-17 08:37:00,35.958694,126.9708,영등동,4,기타,-3:0,83
2020-09-17 08:39:00,35.93097,126.9563,인화동2가,4,기타,-6:-6,-1
2020-09-17 08:40:00,35.96421,126.97392,영등동,4,"가축 분뇨 냄새(닭, 돼지, 소)",-2:1,83
2020-09-17 09:03:00,35.96305,126.94989,신동,3,"가축 분뇨 냄새(닭, 돼지, 소)",-7:1,-1
2020-09-17 09:13:00,35.957054,126.9626,신동,3,하수구 냄새,-4:0,83
2020-09-17 09:18:00,35.952885,126.951584,모현동1가,3,기타,-6:-1,-1
2020-09-17 19:24:00,35.932938,126.94156,평화동,4,음식조리 냄새,-8:-6,-1
2020-09-17 19:40:00,36.096725,126.96006,용안면 동지산리,4,기타,-5:30,-1
2020-09-17 21:45:00,35.959023,126.991974,부송동,4,하수구 냄새,1:0,-1
2020-09-18 02:56:00,35.932495,126.94105,평화동,4,"가축 분뇨 냄새(닭, 돼지, 소)",-8:-6,-1
2020-09-18 16:03:00,36.0967,126.96002,용안면 동지산리,4,기타,-5:30,-1
2020-09-18 20:22:00,35.97541,126.93809,현영동,4,하수구 냄새,-9:4,-1
2020-09-18 20:25:00,35.933292,126.94671,평화동,4,기타,-7:-6,-1
2020-09-18 21:28:00,35.951305,126.97477,영등동,2,기타,-2:-2,84
2020-09-18 21:29:00,35.95321,126.985855,어양동,4,기타,0:-1,84
2020-09-18 21:31:00,35.931602,126.96968,동산동,3,하수구 냄새,-3:-6,-1
2020-09-18 21:31:00,35.954773,126.98428,어양동,3,기타,0:-1,84
2020-09-18 21:33:00,35.936455,126.96932,마동,5,하수구 냄새,-3:-5,-1
2020-09-18 21:34:00,35.951523,126.97566,영등동,4,기타,-2:-2,84
2020-09-18 21:35:00,35.96544,127.015564,팔봉동,3,기타,5:1,85
2020-09-18 21:35:00,35.965584,127.01623,팔봉동,4,"가축 분뇨 냄새(닭, 돼지, 소)",5:1,85
2020-09-18 21:36:00,35.95612,126.976524,영등동,4,기타,-2:-1,84
2020-09-18 21:37:00,35.954094,126.984924,어양동,3,기타,0:-1,84
2020-09-18 21:38:00,35.953255,126.984085,어양동,5,기타,-1:-1,84
2020-09-18 21:38:00,35.956173,126.9763,영등동,4,기타,-2:-1,84
2020-09-18 21:39:00,35.9635,126.987404,부송동,3,기타,0:1,84
2020-09-18 21:40:00,35.963745,127.01547,팔봉동,4,하수구 냄새,5:1,85
2020-09-18 21:40:00,35.959995,126.98404,어양동,3,기타,-1:0,84
2020-09-18 21:41:00,35.962086,126.98361,어양동,3,기타,-1:1,84
2020-09-18 21:42:00,35.953724,126.98506,어양동,5,기타,0:-1,84
2020-09-18 21:42:00,35.966125,127.01685,팔봉동,3,기타,5:2,85
2020-09-18 21:42:00,35.957943,126.984085,어양동,3,"가축 분뇨 냄새(닭, 돼지, 소)",-1:0,84
2020-09-18 21:44:00,35.95792,126.97404,영등동,4,"가축 분뇨 냄새(닭, 돼지, 소)",-2:0,84
2020-09-18 21:44:00,35.953255,126.984215,어양동,3,기타,0:-1,84
2020-09-18 21:45:00,35.960968,126.97215,영등동,5,기타,-3:0,84
2020-09-18 21:46:00,35.95826,126.96204,신동,4,"가축 분뇨 냄새(닭, 돼지, 소)",-4:0,84
2020-09-18 21:46:00,35.95736,126.96194,신동,4,기타,-5:0,84
2020-09-18 21:46:00,35.960697,126.97252,영등동,3,"가축 분뇨 냄새(닭, 돼지, 소)",-3:0,84
2020-09-18 21:47:00,35.95826,126.96204,신동,5,"가축 분뇨 냄새(닭, 돼지, 소)",-4:0,84
2020-09-18 21:47:00,35.965702,127.01454,팔봉동,5,기타,5:2,85
2020-09-18 21:48:00,35.96104,126.97539,영등동,4,기타,-2:0,84
2020-09-18 21:48:00,35.962807,126.98517,부송동,5,"가축 분뇨 냄새(닭, 돼지, 소)",0:1,84
2020-09-18 21:52:00,35.960827,126.99397,부송동,5,하수구 냄새,1:0,84
2020-09-18 21:52:00,35.954193,126.98211,어양동,4,기타,-1:-1,84
2020-09-18 21:55:00,35.963528,126.98705,부송동,4,기타,0:1,84
2020-09-18 21:58:00,35.95426,126.974594,영등동,4,"가축 분뇨 냄새(닭, 돼지, 소)",-2:-1,84
2020-09-18 21:59:00,35.955524,126.97282,영등동,4,"가축 분뇨 냄새(닭, 돼지, 소)",-3:-1,84
2020-09-18 21:59:00,35.956303,126.99477,부송동,4,"가축 분뇨 냄새(닭, 돼지, 소)",1:-1,84
2020-09-18 22:05:00,35.957546,126.99787,부송동,5,"공장 냄새(화학약품, 매캐함)",2:0,84
2020-09-18 22:07:00,35.96137,126.993835,부송동,5,하수구 냄새,1:1,84
2020-09-18 22:11:00,35.96342,126.986916,부송동,5,기타,0:1,84
2020-09-18 22:23:00,35.95066,126.983505,어양동,5,"가축 분뇨 냄새(닭, 돼지, 소)",-1:-2,84
2020-09-18 22:31:00,35.961437,126.9941,부송동,2,"공장 냄새(화학약품, 매캐함)",1:1,84
2020-09-18 22:31:00,35.96227,126.99162,부송동,5,"공장 냄새(화학약품, 매캐함)",1:1,84
2020-09-18 22:33:00,35.960503,126.99902,부송동,3,"공장 냄새(화학약품, 매캐함)",2:0,84
2020-09-18 22:35:00,35.96113,126.97261,영등동,3,하수구 냄새,-3:1,84
2020-09-18 22:38:00,35.9583,126.99767,부송동,5,"공장 냄새(화학약품, 매캐함)",2:0,84
2020-09-18 22:42:00,35.96079,126.99401,부송동,5,"공장 냄새(화학약품, 매캐함)",1:0,84
2020-09-18 22:46:00,35.930225,126.971344,동산동,5,하수구 냄새,-3:-6,-1
2020-09-18 22:49:00,35.934723,126.969925,마동,3,"가축 분뇨 냄새(닭, 돼지, 소)",-3:-5,-1
2020-09-18 22:53:00,35.95473,126.97442,영등동,4,"가축 분뇨 냄새(닭, 돼지, 소)",-2:-1,84
2020-09-19 00:01:00,35.95403,126.98506,어양동,3,기타,0:-1,-1
2020-09-19 00:34:00,35.96335,126.986694,부송동,5,하수구 냄새,0:1,-1
2020-09-19 02:09:00,35.958492,126.98325,어양동,5,"공장 냄새(화학약품, 매캐함)",-1:0,-1
2020-09-19 02:59:00,35.96526,126.98696,부송동,5,"가축 분뇨 냄새(닭, 돼지, 소)",0:1,-1
2020-09-19 06:40:00,35.96115,126.99268,부송동,3,"공장 냄새(화학약품, 매캐함)",1:1,-1
2020-09-19 08:50:00,35.931927,126.94135,평화동,3,하수구 냄새,-8:-6,-1
2020-09-19 17:55:00,35.928738,126.96312,동산동,3,기타,-4:-7,-1
2020-09-19 20:49:00,35.93332,126.946785,평화동,3,기타,-7:-6,-1
2020-09-19 21:55:00,35.954124,126.98494,어양동,3,"공장 냄새(화학약품, 매캐함)",0:-1,86
2020-09-19 21:57:00,35.954987,126.98634,어양동,5,"공장 냄새(화학약품, 매캐함)",0:-1,86
2020-09-19 22:02:00,35.953796,126.9851,어양동,4,"공장 냄새(화학약품, 매캐함)",0:-1,86
2020-09-19 22:05:00,35.955345,126.98654,어양동,4,"공장 냄새(화학약품, 매캐함)",0:-1,86
2020-09-19 22:14:00,35.95762,126.99821,부송동,5,"공장 냄새(화학약품, 매캐함)",2:0,-1
2020-09-19 22:17:00,35.956078,126.97834,영등동,3,"공장 냄새(화학약품, 매캐함)",-2:-1,86
2020-09-19 22:19:00,35.96,126.99934,부송동,4,"공장 냄새(화학약품, 매캐함)",2:0,-1
2020-09-19 22:21:00,35.95614,126.97836,영등동,3,"공장 냄새(화학약품, 매캐함)",-2:-1,86
2020-09-19 22:26:00,35.95611,126.97835,영등동,3,"공장 냄새(화학약품, 매캐함)",-2:-1,86
2020-09-19 22:35:00,35.9658,126.986786,부송동,5,음식조리 냄새,0:2,86
2020-09-19 22:56:00,35.96,126.99938,부송동,4,기타,2:0,87
2020-09-19 22:56:00,35.962086,126.98361,어양동,3,기타,-1:1,86
2020-09-19 22:59:00,35.95449,126.9835,어양동,5,기타,-1:-1,86
2020-09-19 23:02:00,35.93674,126.969505,마동,4,하수구 냄새,-3:-5,-1
2020-09-19 23:04:00,35.95297,127.01192,팔봉동,4,"가축 분뇨 냄새(닭, 돼지, 소)",4:-1,-1
2020-09-19 23:08:00,35.953255,126.984215,어양동,5,기타,0:-1,86
2020-09-19 23:09:00,35.956085,126.97834,영등동,3,"가축 분뇨 냄새(닭, 돼지, 소)",-2:-1,86
2020-09-19 23:11:00,35.92719,126.9659,동산동,4,기타,-4:-7,-1
2020-09-19 23:25:00,35.958447,126.99858,부송동,4,"가축 분뇨 냄새(닭, 돼지, 소)",2:0,87
2020-09-19 23:29:00,35.957455,126.976654,영등동,5,"가축 분뇨 냄새(닭, 돼지, 소)",-2:0,86
2020-09-19 23:41:00,35.958843,126.99346,부송동,5,"가축 분뇨 냄새(닭, 돼지, 소)",1:0,86
2020-09-19 23:41:00,35.92679,126.954216,인화동2가,2,기타,-6:-7,88
2020-09-20 00:00:00,35.96407,126.97357,영등동,3,음식조리 냄새,-2:1,86
2020-09-20 00:08:00,35.927864,126.95994,동산동,4,"가축 분뇨 냄새(닭, 돼지, 소)",-5:-7,88
2020-09-20 00:13:00,35.92747,126.9543,인화동2가,4,기타,-6:-7,88
2020-09-20 00:19:00,35.92817,126.963326,동산동,3,기타,-4:-7,88
2020-09-20 00:37:00,35.92643,126.959,동산동,4,기타,-5:-7,88
2020-09-20 00:55:00,35.95632,126.99423,부송동,4,"공장 냄새(화학약품, 매캐함)",1:-1,-1
2020-09-20 03:46:00,35.95471,126.98701,어양동,5,"공장 냄새(화학약품, 매캐함)",0:-1,-1
2020-09-20 04:15:00,35.95762,126.998184,부송동,5,"공장 냄새(화학약품, 매캐함)",2:0,-1
2020-09-20 04:44:00,35.957233,126.96202,신동,2,"가축 분뇨 냄새(닭, 돼지, 소)",-4:0,-1
2020-09-20 21:52:00,35.96115,126.99437,부송동,3,"공장 냄새(화학약품, 매캐함)",1:1,-1
2020-09-20 21:53:00,35.959717,126.99997,부송동,3,"공장 냄새(화학약품, 매캐함)",2:0,-1
2020-09-20 22:46:00,35.932297,126.941,평화동,3,"가축 분뇨 냄새(닭, 돼지, 소)",-8:-6,-1
2020-09-20 22:47:00,35.95614,126.992905,부송동,4,"공장 냄새(화학약품, 매캐함)",1:-1,89
2020-09-20 22:51:00,35.96572,127.014565,팔봉동,4,"가축 분뇨 냄새(닭, 돼지, 소)",5:2,-1
2020-09-20 22:53:00,35.953964,126.98513,어양동,4,기타,0:-1,89
2020-09-20 23:11:00,35.9565,126.99459,부송동,4,"가축 분뇨 냄새(닭, 돼지, 소)",1:-1,89
2020-09-20 23:29:00,35.95971,126.999954,부송동,4,"가축 분뇨 냄새(닭, 돼지, 소)",2:0,89
2020-09-21 00:16:00,35.94835,126.96422,영등동,3,기타,-4:-2,-1
2020-09-21 00:47:00,35.9585,126.98344,어양동,3,"공장 냄새(화학약품, 매캐함)",-1:0,-1
2020-09-21 01:35:00,35.954338,126.98457,어양동,3,"공장 냄새(화학약품, 매캐함)",0:-1,-1
2020-09-21 07:32:00,35.93274,126.94168,평화동,5,"공장 냄새(화학약품, 매캐함)",-8:-6,-1
2020-09-21 20:59:00,35.93326,126.94673,평화동,4,기타,-7:-6,-1
2020-09-21 21:32:00,35.928738,126.96312,동산동,3,"가축 분뇨 냄새(닭, 돼지, 소)",-4:-7,-1
2020-09-21 21:45:00,35.931442,126.96999,동산동,5,기타,-3:-6,-1
2020-09-21 22:00:00,35.93192,126.9412,평화동,5,"가축 분뇨 냄새(닭, 돼지, 소)",-8:-6,-1
2020-09-21 22:03:00,35.953255,126.9847,어양동,3,"공장 냄새(화학약품, 매캐함)",0:-1,90
2020-09-21 22:07:00,35.936848,126.96937,마동,5,"가축 분뇨 냄새(닭, 돼지, 소)",-3:-5,-1
2020-09-21 22:08:00,35.954025,126.98505,어양동,4,"공장 냄새(화학약품, 매캐함)",0:-1,90
2020-09-21 22:14:00,35.932297,126.941,평화동,4,"가축 분뇨 냄새(닭, 돼지, 소)",-8:-6,-1
2020-09-21 22:21:00,35.9576,126.9978,부송동,4,"공장 냄새(화학약품, 매캐함)",2:0,-1
2020-09-21 22:30:00,35.954834,126.98433,어양동,3,"공장 냄새(화학약품, 매캐함)",0:-1,90
2020-09-21 22:30:00,35.932297,126.941,평화동,5,하수구 냄새,-8:-6,-1
2020-09-21 22:50:00,35.953777,126.98423,어양동,4,"가축 분뇨 냄새(닭, 돼지, 소)",0:-1,90
2020-09-21 22:59:00,35.957798,126.9836,어양동,3,"공장 냄새(화학약품, 매캐함)",-1:0,90
2020-09-21 23:13:00,35.93155,126.96941,동산동,5,기타,-3:-6,-1
2020-09-21 23:13:00,35.926373,126.95916,동산동,4,하수구 냄새,-5:-7,-1
2020-09-21 23:22:00,35.932034,126.956894,주현동,5,"가축 분뇨 냄새(닭, 돼지, 소)",-5:-6,-1
2020-09-22 00:09:00,35.95614,126.992905,부송동,4,기타,1:-1,-1
2020-09-22 11:41:00,36.06973,126.987434,낭산면 용기리,4,기타,0:25,-1
2020-09-22 19:26:00,35.93087,126.93899,목천동,5,"가축 분뇨 냄새(닭, 돼지, 소)",-9:-6,-1
2020-09-22 19:35:00,35.948555,126.96398,영등동,4,"공장 냄새(화학약품, 매캐함)",-4:-2,-1
2020-09-22 19:42:00,35.953903,126.9847,어양동,3,"공장 냄새(화학약품, 매캐함)",0:-1,-1
2020-09-22 19:49:00,35.961224,126.99401,부송동,3,"공장 냄새(화학약품, 매캐함)",1:1,-1
2020-09-22 19:56:00,35.957726,126.99796,부송동,5,"공장 냄새(화학약품, 매캐함)",2:0,-1
2020-09-22 20:34:00,35.954834,126.984344,어양동,3,"공장 냄새(화학약품, 매캐함)",0:-1,91
2020-09-22 20:41:00,35.953823,126.984215,어양동,3,"공장 냄새(화학약품, 매캐함)",0:-1,91
2020-09-22 21:13:00,35.963276,126.98647,부송동,5,"공장 냄새(화학약품, 매캐함)",0:1,91
2020-09-22 21:24:00,35.9545,126.98343,어양동,3,"공장 냄새(화학약품, 매캐함)",-1:-1,91
2020-09-22 22:37:00,35.96325,126.96058,신동,5,"가축 분뇨 냄새(닭, 돼지, 소)",-5:1,-1
2020-09-22 22:50:00,35.946213,126.94535,모현동1가,2,"공장 냄새(화학약품, 매캐함)",-8:-3,-1
2020-09-22 23:03:00,35.932728,126.94118,평화동,4,"가축 분뇨 냄새(닭, 돼지, 소)",-8:-6,-1
2020-09-22 23:56:00,35.964355,126.97428,영등동,4,하수구 냄새,-2:1,-1
2020-09-23 06:40:00,35.928738,126.96314,동산동,4,"공장 냄새(화학약품, 매캐함)",-4:-7,-1
2020-09-23 08:32:00,35.953213,127.003235,팔봉동,3,"공장 냄새(화학약품, 매캐함)",3:-1,-1
2020-09-23 14:09:00,35.94534,126.97642,신흥동,5,"공장 냄새(화학약품, 매캐함)",-2:-3,-1
2020-09-23 18:49:00,35.95256,126.95092,모현동1가,3,"공장 냄새(화학약품, 매캐함)",-7:-1,-1
2020-09-23 19:01:00,35.957367,126.99809,부송동,3,"공장 냄새(화학약품, 매캐함)",2:0,-1
2020-09-23 22:54:00,35.963528,126.987625,부송동,5,"공장 냄새(화학약품, 매캐함)",0:1,-1
2020-09-24 11:09:00,35.965405,127.016495,팔봉동,2,기타,5:1,-1
2020-09-24 11:23:00,35.96544,127.01623,팔봉동,4,기타,5:1,-1
2020-09-24 11:24:00,35.96436,127.014854,팔봉동,3,"가축 분뇨 냄새(닭, 돼지, 소)",5:1,-1
2020-09-24 11:50:00,35.970753,127.02884,석왕동,4,"가축 분뇨 냄새(닭, 돼지, 소)",8:3,-1
2020-09-24 17:09:00,35.94536,126.97743,신흥동,2,"가축 분뇨 냄새(닭, 돼지, 소)",-2:-3,-1
2020-09-24 17:49:00,35.932297,126.941,평화동,3,"가축 분뇨 냄새(닭, 돼지, 소)",-8:-6,-1
2020-09-24 18:44:00,35.958447,126.99858,부송동,4,기타,2:0,-1
2020-09-24 18:50:00,35.952778,126.950874,모현동1가,4,"공장 냄새(화학약품, 매캐함)",-7:-1,-1
2020-09-24 21:55:00,35.964504,126.98683,부송동,3,하수구 냄새,0:1,-1
2020-09-25 14:33:00,36.067604,126.9857,낭산면 용기리,4,기타,0:24,-1
2020-09-25 23:13:00,35.963852,126.973885,영등동,3,"공장 냄새(화학약품, 매캐함)",-2:1,-1
2020-09-26 17:50:00,36.068146,126.9865,낭산면 용기리,4,기타,0:24,-1
2020-09-26 19:04:00,35.956116,126.978355,영등동,4,"공장 냄새(화학약품, 매캐함)",-2:-1,-1
2020-09-27 02:09:00,35.93061,126.959045,동산동,5,"가축 분뇨 냄새(닭, 돼지, 소)",-5:-6,-1
2020-09-27 19:39:00,35.961147,126.97539,영등동,3,"가축 분뇨 냄새(닭, 돼지, 소)",-2:1,-1
2020-09-27 21:04:00,35.932297,126.941,평화동,5,음식조리 냄새,-8:-6,-1
2020-09-27 21:38:00,35.933857,126.96988,동산동,5,"가축 분뇨 냄새(닭, 돼지, 소)",-3:-6,-1
2020-09-27 21:57:00,35.949207,126.94824,모현동1가,4,"공장 냄새(화학약품, 매캐함)",-7:-2,-1
2020-09-27 22:05:00,36.067604,126.9857,낭산면 용기리,4,"가축 분뇨 냄새(닭, 돼지, 소)",0:24,-1
2020-09-27 23:26:00,35.95402,126.9851,어양동,5,"가축 분뇨 냄새(닭, 돼지, 소)",0:-1,-1
2020-09-27 23:55:00,35.929962,126.967476,동산동,5,기타,-4:-6,-1
2020-09-27 23:56:00,35.929855,126.96691,동산동,5,기타,-4:-6,-1
2020-09-28 01:09:00,35.95408,126.98498,어양동,5,"공장 냄새(화학약품, 매캐함)",0:-1,-1
2020-09-28 01:36:00,35.929897,126.96672,동산동,5,기타,-4:-6,-1
2020-09-28 19:43:00,35.957367,126.99951,부송동,2,"공장 냄새(화학약품, 매캐함)",2:0,-1
2020-09-28 19:46:00,35.933327,126.94674,평화동,4,기타,-7:-6,-1
2020-09-28 21:07:00,36.067604,126.9857,낭산면 용기리,4,기타,0:24,-1
2020-09-28 22:02:00,35.964573,126.98341,어양동,2,하수구 냄새,-1:1,-1
2020-09-28 22:09:00,35.926884,126.97726,금강동,3,하수구 냄새,-2:-7,-1
2020-09-28 22:31:00,35.93197,126.94112,평화동,5,하수구 냄새,-8:-6,-1
2020-09-28 22:43:00,35.932297,126.941,평화동,4,음식조리 냄새,-8:-6,-1
2020-09-29 00:52:00,35.944164,126.9642,마동,3,"가축 분뇨 냄새(닭, 돼지, 소)",-4:-3,-1
2020-09-29 01:34:00,35.951687,126.935844,모현동1가,3,"공장 냄새(화학약품, 매캐함)",-9:-2,-1
2020-09-29 01:51:00,35.956142,126.97831,영등동,1,"가축 분뇨 냄새(닭, 돼지, 소)",-2:-1,-1
2020-09-29 03:12:00,35.955204,126.99437,부송동,3,"공장 냄새(화학약품, 매캐함)",1:-1,-1
2020-09-29 05:40:00,35.92621,126.95918,동산동,4,"공장 냄새(화학약품, 매캐함)",-5:-7,-1
2020-09-29 06:13:00,35.928738,126.96314,동산동,3,"가축 분뇨 냄새(닭, 돼지, 소)",-4:-7,-1
2020-09-29 06:49:00,35.95794,126.97404,영등동,2,"공장 냄새(화학약품, 매캐함)",-2:0,-1
2020-09-29 06:55:00,35.928593,126.96326,동산동,2,기타,-4:-7,-1
2020-09-29 07:01:00,35.962227,126.96293,신동,3,"가축 분뇨 냄새(닭, 돼지, 소)",-4:1,-1
2020-09-29 14:06:00,35.96323,126.96058,신동,5,"가축 분뇨 냄새(닭, 돼지, 소)",-5:1,-1
2020-09-29 15:40:00,35.962807,126.98519,부송동,3,"공장 냄새(화학약품, 매캐함)",0:1,-1
2020-09-30 03:05:00,35.95879,126.99709,부송동,4,하수구 냄새,2:0,-1
2020-09-30 09:55:00,35.931995,126.95694,주현동,5,"공장 냄새(화학약품, 매캐함)",-5:-6,-1
2020-09-30 21:33:00,35.932262,126.94118,평화동,2,기타,-8:-6,-1
2020-10-01 01:22:00,35.92679,126.954216,인화동2가,4,기타,-6:-7,-1
2020-10-01 01:31:00,35.92787,126.959946,동산동,3,"가축 분뇨 냄새(닭, 돼지, 소)",-5:-7,-1
2020-10-01 01:57:00,35.92769,126.959435,동산동,3,기타,-5:-7,-1
2020-10-01 02:16:00,35.93262,126.941,평화동,4,하수구 냄새,-8:-6,-1
2020-10-01 02:25:00,35.948097,126.970116,영등동,3,"가축 분뇨 냄새(닭, 돼지, 소)",-3:-2,-1
2020-10-01 02:38:00,35.95408,126.98497,어양동,4,기타,0:-1,-1
2020-10-01 03:02:00,35.94853,126.96396,영등동,4,"가축 분뇨 냄새(닭, 돼지, 소)",-4:-2,-1
2020-10-01 08:45:00,35.989468,127.049904,금마면 서고도리,3,기타,11:7,-1
2020-10-01 09:01:00,35.961113,126.99423,부송동,4,"공장 냄새(화학약품, 매캐함)",1:1,-1
2020-10-01 09:06:00,35.961185,126.99379,부송동,4,"공장 냄새(화학약품, 매캐함)",1:1,-1
2020-10-01 09:17:00,35.95784,126.9949,부송동,3,"가축 분뇨 냄새(닭, 돼지, 소)",1:0,-1
2020-10-01 09:19:00,35.957527,126.99459,부송동,4,기타,1:0,-1
2020-10-01 10:55:00,36.000275,127.06376,금마면 동고도리,4,"가축 분뇨 냄새(닭, 돼지, 소)",14:9,-1
2020-10-01 15:36:00,35.928738,126.96312,동산동,4,기타,-4:-7,-1
2020-10-01 20:48:00,35.926857,126.95426,인화동2가,5,기타,-6:-7,92
2020-10-01 20:50:00,35.92679,126.954216,인화동2가,4,하수구 냄새,-6:-7,92
2020-10-01 20:51:00,35.92679,126.95745,동산동,5,기타,-5:-7,92
2020-10-01 20:54:00,35.93336,126.94672,평화동,5,기타,-7:-6,92
2020-10-01 20:56:00,35.92854,126.9635,동산동,4,기타,-4:-7,92
2020-10-01 21:03:00,35.928738,126.96312,동산동,4,"가축 분뇨 냄새(닭, 돼지, 소)",-4:-7,92
2020-10-01 21:12:00,35.927715,126.959465,동산동,4,하수구 냄새,-5:-7,92
2020-10-01 21:20:00,35.928738,126.96312,동산동,4,기타,-4:-7,92
2020-10-01 21:25:00,35.933052,126.93892,평화동,3,"가축 분뇨 냄새(닭, 돼지, 소)",-9:-6,92
2020-10-01 21:29:00,36.07726,126.96515,함열읍 와리,3,기타,-4:26,-1
2020-10-01 21:33:00,35.9424,126.965935,마동,4,기타,-4:-4,92
2020-10-01 21:33:00,35.948383,126.96409,영등동,4,"가축 분뇨 냄새(닭, 돼지, 소)",-4:-2,92
2020-10-01 21:35:00,35.92949,126.95852,동산동,3,기타,-5:-6,92
2020-10-01 21:35:00,35.95602,126.978325,영등동,3,기타,-2:-1,92
2020-10-01 21:36:00,35.934254,126.97008,동산동,5,기타,-3:-5,92
2020-10-01 21:36:00,35.94788,126.96888,영등동,4,기타,-3:-2,92
2020-10-01 21:38:00,35.942726,126.96609,마동,5,기타,-4:-4,92
2020-10-01 21:39:00,35.930573,126.95785,동산동,4,하수구 냄새,-5:-6,92
2020-10-01 21:39:00,35.95731,126.972755,영등동,3,기타,-3:0,92
2020-10-01 21:39:00,35.942688,126.96569,마동,4,기타,-4:-4,92
2020-10-01 21:39:00,35.93097,126.9563,인화동2가,5,기타,-6:-6,92
2020-10-01 21:42:00,35.926823,126.95479,인화동2가,4,"가축 분뇨 냄새(닭, 돼지, 소)",-6:-7,92
2020-10-01 21:48:00,35.93244,126.941,평화동,4,기타,-8:-6,92
2020-10-01 21:48:00,35.963455,126.974815,영등동,3,"가축 분뇨 냄새(닭, 돼지, 소)",-2:1,92
2020-10-01 21:49:00,35.963383,126.97362,영등동,3,"가축 분뇨 냄새(닭, 돼지, 소)",-2:1,92
2020-10-01 21:50:00,35.947044,126.97116,영등동,3,음식조리 냄새,-3:-3,92
2020-10-01 21:50:00,35.954994,126.97353,영등동,5,"가축 분뇨 냄새(닭, 돼지, 소)",-2:-1,92
2020-10-01 21:50:00,35.954075,126.97434,영등동,4,하수구 냄새,-2:-1,92
2020-10-01 21:51:00,35.953255,126.984215,어양동,4,기타,0:-1,92
2020-10-01 21:52:00,35.94845,126.9688,영등동,3,"가축 분뇨 냄새(닭, 돼지, 소)",-3:-2,92
2020-10-01 21:54:00,35.956623,126.97171,영등동,3,"가축 분뇨 냄새(닭, 돼지, 소)",-3:0,92
2020-10-01 21:54:00,35.957165,126.9755,영등동,5,기타,-2:0,92
2020-10-01 21:55:00,35.92679,126.954216,인화동2가,5,기타,-6:-7,92
2020-10-01 21:56:00,35.927753,126.95944,동산동,5,기타,-5:-7,92
2020-10-01 21:56:00,35.956894,126.971664,영등동,3,"가축 분뇨 냄새(닭, 돼지, 소)",-3:0,92
2020-10-01 21:57:00,35.928738,126.96312,동산동,3,"가축 분뇨 냄새(닭, 돼지, 소)",-4:-7,92
2020-10-01 22:00:00,35.957554,126.975204,영등동,5,하수구 냄새,-2:0,92
2020-10-01 22:03:00,35.963383,126.97362,영등동,3,기타,-2:1,92
2020-10-01 22:04:00,35.932766,126.93914,평화동,5,"가축 분뇨 냄새(닭, 돼지, 소)",-9:-6,92
2020-10-01 22:04:00,35.93162,126.96977,동산동,4,"가축 분뇨 냄새(닭, 돼지, 소)",-3:-6,92
2020-10-01 22:05:00,35.930683,126.96129,동산동,4,기타,-5:-6,92
2020-10-01 22:40:00,35.934246,126.951065,인화동1가,4,"가축 분뇨 냄새(닭, 돼지, 소)",-6:-5,92
2020-10-01 22:53:00,35.956356,126.98,어양동,5,"가축 분뇨 냄새(닭, 돼지, 소)",-1:-1,92
2020-10-01 23:54:00,35.953182,126.99047,어양동,4,"가축 분뇨 냄새(닭, 돼지, 소)",1:-1,-1
2020-10-02 00:15:00,35.955246,126.986885,어양동,4,기타,0:-1,-1
2020-10-02 00:20:00,35.927185,126.96064,동산동,4,"가축 분뇨 냄새(닭, 돼지, 소)",-5:-7,93
2020-10-02 00:20:00,35.928123,126.958115,동산동,4,"가축 분뇨 냄새(닭, 돼지, 소)",-5:-7,93
2020-10-02 00:21:00,35.927834,126.95992,동산동,4,"가축 분뇨 냄새(닭, 돼지, 소)",-5:-7,93
2020-10-02 00:22:00,35.92751,126.961105,동산동,4,"가축 분뇨 냄새(닭, 돼지, 소)",-5:-7,93
2020-10-02 00:24:00,35.93043,126.97017,동산동,4,기타,-3:-6,93
2020-10-02 00:26:00,35.956463,126.97231,영등동,4,"가축 분뇨 냄새(닭, 돼지, 소)",-3:-1,-1
2020-10-02 00:27:00,35.931477,126.96933,동산동,4,"가축 분뇨 냄새(닭, 돼지, 소)",-3:-6,93
2020-10-02 00:28:00,35.92632,126.96091,동산동,5,기타,-5:-7,93
2020-10-02 00:29:00,35.950825,126.983284,어양동,5,"가축 분뇨 냄새(닭, 돼지, 소)",-1:-2,-1
2020-10-02 00:30:00,35.948456,126.96396,영등동,5,"가축 분뇨 냄새(닭, 돼지, 소)",-4:-2,-1
2020-10-02 00:31:00,35.92949,126.95222,인화동2가,4,"가축 분뇨 냄새(닭, 돼지, 소)",-6:-6,93
2020-10-02 00:31:00,35.957012,126.962494,신동,3,"가축 분뇨 냄새(닭, 돼지, 소)",-4:0,-1
2020-10-02 00:32:00,35.960464,126.98578,어양동,3,"가축 분뇨 냄새(닭, 돼지, 소)",0:0,-1
2020-10-02 00:32:00,35.92866,126.95709,동산동,5,기타,-5:-7,93
2020-10-02 00:33:00,35.928555,126.95351,인화동2가,5,기타,-6:-7,93
2020-10-02 00:34:00,35.927402,126.96108,동산동,5,"가축 분뇨 냄새(닭, 돼지, 소)",-5:-7,93
2020-10-02 00:35:00,35.93328,126.94672,평화동,5,기타,-7:-6,93
2020-10-02 00:35:00,35.933926,126.95749,주현동,5,기타,-5:-6,93
2020-10-02 00:36:00,35.932938,126.96342,동산동,4,"가축 분뇨 냄새(닭, 돼지, 소)",-4:-6,93
2020-10-02 00:40:00,35.936386,126.94698,평화동,5,"가축 분뇨 냄새(닭, 돼지, 소)",-7:-5,93
2020-10-02 00:47:00,35.946373,126.94124,모현동1가,5,기타,-8:-3,-1
2020-10-02 00:49:00,35.95216,126.93744,모현동1가,3,"가축 분뇨 냄새(닭, 돼지, 소)",-9:-1,-1
2020-10-02 00:59:00,35.935944,126.952255,갈산동,4,기타,-6:-5,93
2020-10-02 01:32:00,35.93244,126.941315,평화동,4,기타,-8:-6,93
2020-10-02 09:22:00,35.96288,126.98289,어양동,4,"가축 분뇨 냄새(닭, 돼지, 소)",-1:1,-1
2020-10-02 09:27:00,35.96364,126.98705,부송동,4,"가축 분뇨 냄새(닭, 돼지, 소)",0:1,-1
2020-10-02 09:28:00,35.962807,126.98519,부송동,3,기타,0:1,-1
2020-10-02 13:57:00,35.930676,126.961296,동산동,4,기타,-5:-6,-1
2020-10-02 19:57:00,35.932476,126.94069,평화동,3,기타,-8:-6,-1
2020-10-02 21:03:00,35.948555,126.96399,영등동,4,"공장 냄새(화학약품, 매캐함)",-4:-2,-1
2020-10-02 21:21:00,35.963745,127.01547,팔봉동,3,"가축 분뇨 냄새(닭, 돼지, 소)",5:1,-1
2020-10-02 21:25:00,35.926846,126.95346,인화동2가,5,기타,-6:-7,-1
2020-10-02 21:35:00,35.933346,126.9467,평화동,5,기타,-7:-6,-1
2020-10-02 21:55:00,35.953392,126.951004,모현동1가,3,"가축 분뇨 냄새(닭, 돼지, 소)",-6:-1,-1
2020-10-02 21:55:00,35.92679,126.954216,인화동2가,4,기타,-6:-7,94
2020-10-02 22:07:00,35.95826,126.96204,신동,3,"공장 냄새(화학약품, 매캐함)",-4:0,-1
2020-10-02 22:30:00,35.964214,127.01521,팔봉동,4,"가축 분뇨 냄새(닭, 돼지, 소)",5:1,-1
2020-10-02 22:35:00,35.92834,126.96339,동산동,4,"가축 분뇨 냄새(닭, 돼지, 소)",-4:-7,94
2020-10-02 22:37:00,35.92852,126.963234,동산동,4,"가축 분뇨 냄새(닭, 돼지, 소)",-4:-7,94
2020-10-02 22:51:00,35.926895,126.953445,인화동2가,5,기타,-6:-7,94
2020-10-02 22:56:00,35.94019,126.93798,송학동,5,하수구 냄새,-9:-4,-1
2020-10-02 23:09:00,35.93406,126.950165,인화동1가,5,기타,-7:-5,94
2020-10-02 23:11:00,35.9474,126.937935,모현동1가,4,기타,-9:-3,-1
2020-10-02 23:11:00,35.928738,126.96312,동산동,3,기타,-4:-7,94
2020-10-02 23:13:00,35.961044,126.99408,부송동,4,"가축 분뇨 냄새(닭, 돼지, 소)",1:0,-1
2020-10-02 23:14:00,35.948013,126.940544,모현동1가,3,기타,-8:-2,-1
2020-10-02 23:28:00,35.928123,126.958466,동산동,5,기타,-5:-7,94
2020-10-02 23:31:00,35.962086,126.98361,어양동,4,기타,-1:1,-1
2020-10-02 23:32:00,35.933346,126.946655,평화동,5,기타,-7:-6,94
2020-10-02 23:59:00,35.932907,126.93901,평화동,4,"가축 분뇨 냄새(닭, 돼지, 소)",-9:-6,-1
2020-10-03 00:47:00,35.935944,126.952255,갈산동,4,"가축 분뇨 냄새(닭, 돼지, 소)",-6:-5,-1
2020-10-03 01:21:00,35.963745,127.01547,팔봉동,5,기타,5:1,-1
2020-10-03 10:11:00,35.95083,126.98323,어양동,3,"가축 분뇨 냄새(닭, 돼지, 소)",-1:-2,-1
2020-10-03 12:06:00,35.94549,126.939926,모현동1가,4,하수구 냄새,-8:-3,-1
2020-10-03 20:44:00,35.932297,126.941,평화동,5,하수구 냄새,-8:-6,-1
2020-10-03 21:30:00,36.012745,127.051895,금마면 신용리,3,"가축 분뇨 냄새(닭, 돼지, 소)",12:12,-1
2020-10-04 07:36:00,35.9567,126.93571,모현동2가,1,기타,-9:0,-1
2020-10-04 10:37:00,36.000206,127.06374,금마면 동고도리,4,기타,14:9,-1
2020-10-05 08:28:00,35.95405,126.98498,어양동,4,기타,0:-1,-1
2020-10-05 08:29:00,35.953632,126.97234,영등동,4,기타,-3:-1,-1
2020-10-05 08:41:00,35.95794,126.97395,영등동,2,"가축 분뇨 냄새(닭, 돼지, 소)",-2:0,-1
2020-10-05 08:42:00,35.948524,126.96404,영등동,3,"공장 냄새(화학약품, 매캐함)",-4:-2,-1
2020-10-05 10:47:00,35.932297,126.941,평화동,4,기타,-8:-6,-1
2020-10-05 20:26:00,35.946106,126.946754,모현동1가,3,"공장 냄새(화학약품, 매캐함)",-7:-3,-1
2020-10-06 00:34:00,35.94871,126.968254,영등동,4,기타,-3:-2,-1
2020-10-06 00:42:00,35.954624,126.97207,영등동,3,"가축 분뇨 냄새(닭, 돼지, 소)",-3:-1,-1
2020-10-06 00:51:00,35.956947,126.97156,영등동,3,기타,-3:0,-1
2020-10-06 01:22:00,35.943443,126.9644,마동,3,"가축 분뇨 냄새(닭, 돼지, 소)",-4:-3,-1
2020-10-06 19:30:00,35.926273,126.959564,동산동,3,하수구 냄새,-5:-7,-1
2020-10-07 15:23:00,36.067604,126.9857,낭산면 용기리,4,"가축 분뇨 냄새(닭, 돼지, 소)",0:24,-1
2020-10-07 17:15:00,36.067604,126.9857,낭산면 용기리,5,기타,0:24,-1
2020-10-07 18:11:00,35.965458,127.01639,팔봉동,2,"가축 분뇨 냄새(닭, 돼지, 소)",5:1,-1
2020-10-08 18:02:00,36.067604,126.9857,낭산면 용기리,4,기타,0:24,-1
2020-10-08 20:19:00,36.067604,126.9857,낭산면 용기리,5,기타,0:24,-1
2020-10-09 19:24:00,36.069424,126.98802,낭산면 용기리,5,"가축 분뇨 냄새(닭, 돼지, 소)",0:24,-1
2020-10-09 19:28:00,36.067604,126.9857,낭산면 용기리,5,기타,0:24,-1
2020-10-09 20:24:00,35.954,126.98521,어양동,5,"공장 냄새(화학약품, 매캐함)",0:-1,-1
2020-10-09 20:45:00,36.0689,126.98746,낭산면 용기리,5,"가축 분뇨 냄새(닭, 돼지, 소)",0:24,-1
2020-10-09 20:49:00,36.067604,126.9857,낭산면 용기리,5,기타,0:24,-1
2020-10-09 20:58:00,36.069,126.9875,낭산면 용기리,4,기타,0:24,-1
2020-10-09 20:59:00,36.069008,126.98749,낭산면 용기리,4,기타,0:24,-1
2020-10-10 18:56:00,36.068974,126.987465,낭산면 용기리,4,기타,0:24,-1
2020-10-10 22:44:00,35.990124,127.05283,금마면 동고도리,5,기타,12:7,-1
2020-10-11 02:00:00,36.036106,126.99929,삼기면 오룡리,5,기타,2:17,-1
2020-10-11 09:41:00,35.932297,126.941,평화동,4,기타,-8:-6,-1
2020-10-11 10:57:00,35.965225,127.016365,팔봉동,4,"공장 냄새(화학약품, 매캐함)",5:1,-1
2020-10-11 16:59:00,35.966583,127.01454,팔봉동,3,기타,5:2,-1
2020-10-11 17:02:00,35.963745,127.01547,팔봉동,2,기타,5:1,-1
2020-10-11 17:25:00,35.961296,126.994125,부송동,3,"공장 냄새(화학약품, 매캐함)",1:1,-1
2020-10-11 22:34:00,36.04677,126.9842,낭산면 용기리,5,기타,-1:19,-1
2020-10-12 00:09:00,36.04677,126.9842,낭산면 용기리,4,"가축 분뇨 냄새(닭, 돼지, 소)",-1:19,-1
2020-10-12 06:51:00,35.95967,126.99317,부송동,5,"공장 냄새(화학약품, 매캐함)",1:0,-1
2020-10-12 07:06:00,35.9305,126.95665,인화동2가,3,"가축 분뇨 냄새(닭, 돼지, 소)",-5:-6,-1
2020-10-12 07:16:00,35.961475,126.99415,부송동,4,"공장 냄새(화학약품, 매캐함)",1:1,-1
2020-10-12 07:29:00,35.953545,126.985016,어양동,4,기타,0:-1,-1
2020-10-12 08:31:00,35.963745,127.01547,팔봉동,3,"가축 분뇨 냄새(닭, 돼지, 소)",5:1,-1
2020-10-12 15:32:00,35.965366,127.01601,팔봉동,3,"공장 냄새(화학약품, 매캐함)",5:1,-1
2020-10-12 20:07:00,35.956924,126.98331,어양동,5,"가축 분뇨 냄새(닭, 돼지, 소)",-1:0,-1
2020-10-13 06:04:00,35.961437,126.98666,부송동,3,"공장 냄새(화학약품, 매캐함)",0:1,-1
2020-10-13 06:35:00,35.963852,126.98641,부송동,3,하수구 냄새,0:1,-1
2020-10-13 06:46:00,35.928738,126.96312,동산동,4,기타,-4:-7,-1
2020-10-13 07:24:00,35.934723,126.969925,마동,5,"가축 분뇨 냄새(닭, 돼지, 소)",-3:-5,-1
2020-10-13 08:12:00,35.959457,126.992905,부송동,4,"공장 냄새(화학약품, 매캐함)",1:0,-1
2020-10-13 09:08:00,35.934147,126.970436,동산동,3,"가축 분뇨 냄새(닭, 돼지, 소)",-3:-5,-1
2020-10-13 19:20:00,36.03577,126.98505,삼기면 오룡리,4,기타,0:17,-1
2020-10-13 22:08:00,35.957508,126.99863,부송동,4,하수구 냄새,2:0,-1
2020-10-13 23:04:00,35.93162,126.969734,동산동,4,기타,-3:-6,-1
2020-10-13 23:13:00,35.927002,126.95417,인화동2가,5,기타,-6:-7,95
2020-10-13 23:15:00,35.92679,126.96157,동산동,5,기타,-5:-7,95
2020-10-13 23:17:00,35.92902,126.9539,인화동2가,5,기타,-6:-7,95
2020-10-13 23:19:00,35.928738,126.96312,동산동,4,기타,-4:-7,95
2020-10-13 23:46:00,35.92864,126.96312,동산동,4,기타,-4:-7,95
2020-10-14 00:33:00,35.934036,126.97017,동산동,3,"가축 분뇨 냄새(닭, 돼지, 소)",-3:-5,95
2020-10-14 01:50:00,35.953934,126.98502,어양동,4,"가축 분뇨 냄새(닭, 돼지, 소)",0:-1,-1
2020-10-14 15:29:00,35.939804,126.96662,마동,5,하수구 냄새,-4:-4,-1
2020-10-16 13:24:00,35.961403,126.99388,부송동,3,"공장 냄새(화학약품, 매캐함)",1:1,-1
2020-10-16 21:42:00,35.95711,126.99787,부송동,5,기타,2:0,-1
2020-10-16 21:50:00,35.957947,126.99315,부송동,5,"공장 냄새(화학약품, 매캐함)",1:0,-1
2020-10-16 21:58:00,35.95365,126.98506,어양동,4,기타,0:-1,-1
2020-10-16 22:13:00,35.94579,126.94616,모현동1가,4,"가축 분뇨 냄새(닭, 돼지, 소)",-7:-3,-1
2020-10-16 23:55:00,35.93184,126.96959,동산동,4,"가축 분뇨 냄새(닭, 돼지, 소)",-3:-6,-1
2020-10-17 00:08:00,35.934723,126.969925,마동,5,"가축 분뇨 냄새(닭, 돼지, 소)",-3:-5,-1
2020-10-17 00:29:00,35.927074,126.95474,인화동2가,4,"가축 분뇨 냄새(닭, 돼지, 소)",-6:-7,-1
2020-10-17 00:30:00,35.928085,126.959045,동산동,5,기타,-5:-7,-1
2020-10-17 08:02:00,35.932297,126.941,평화동,4,하수구 냄새,-8:-6,-1
2020-10-17 11:57:00,35.948555,126.964,영등동,4,"공장 냄새(화학약품, 매캐함)",-4:-2,-1
2020-10-17 20:46:00,35.930023,127.07947,왕궁면 온수리,5,하수구 냄새,17:-6,-1
2020-10-19 08:45:00,35.932297,126.941,평화동,5,기타,-8:-6,-1
2020-10-19 21:42:00,35.93262,126.94083,평화동,4,기타,-8:-6,-1
2020-10-19 22:52:00,35.95787,126.99743,부송동,3,"공장 냄새(화학약품, 매캐함)",2:0,-1
2020-10-19 23:14:00,35.96133,126.99397,부송동,5,"공장 냄새(화학약품, 매캐함)",1:1,-1
2020-10-19 23:14:00,35.961113,126.99423,부송동,5,"공장 냄새(화학약품, 매캐함)",1:1,-1
2020-10-20 04:28:00,35.932297,126.941,평화동,4,음식조리 냄새,-8:-6,-1
2020-10-20 21:07:00,35.95643,126.994965,부송동,5,"가축 분뇨 냄새(닭, 돼지, 소)",1:-1,-1
2020-10-20 21:57:00,35.953796,126.98488,어양동,5,기타,0:-1,-1
2020-10-20 22:46:00,35.94835,126.964134,영등동,4,"가축 분뇨 냄새(닭, 돼지, 소)",-4:-2,-1
2020-10-21 16:18:00,35.95643,126.99499,부송동,5,"가축 분뇨 냄새(닭, 돼지, 소)",1:-1,-1
2020-10-21 17:11:00,35.96327,126.960594,신동,5,"가축 분뇨 냄새(닭, 돼지, 소)",-5:1,-1
2020-10-22 01:27:00,35.953247,126.98424,어양동,2,"가축 분뇨 냄새(닭, 돼지, 소)",0:-1,-1
2020-10-22 04:08:00,35.94561,126.977615,신흥동,3,기타,-2:-3,-1
2020-10-22 07:58:00,35.95733,126.99951,부송동,4,"공장 냄새(화학약품, 매캐함)",2:0,-1
2020-10-22 11:36:00,35.965366,127.01623,팔봉동,3,"공장 냄새(화학약품, 매캐함)",5:1,-1
2020-10-24 21:10:00,35.961044,126.99408,부송동,4,"공장 냄새(화학약품, 매캐함)",1:0,96
2020-10-24 21:10:00,35.96115,126.99406,부송동,5,"공장 냄새(화학약품, 매캐함)",1:1,96
2020-10-24 21:11:00,35.962414,126.991264,부송동,5,"공장 냄새(화학약품, 매캐함)",1:1,96
2020-10-24 21:32:00,35.960934,126.99397,부송동,5,"공장 냄새(화학약품, 매캐함)",1:0,96
2020-10-24 21:47:00,35.95632,126.994965,부송동,5,"가축 분뇨 냄새(닭, 돼지, 소)",1:-1,96
2020-10-24 21:48:00,35.956356,126.99521,부송동,5,음식조리 냄새,1:-1,96
2020-10-24 21:50:00,35.95358,126.98506,어양동,5,기타,0:-1,96
2020-10-24 22:45:00,35.928738,126.96312,동산동,4,기타,-4:-7,-1
2020-10-24 23:04:00,35.953545,126.984924,어양동,5,"가축 분뇨 냄새(닭, 돼지, 소)",0:-1,-1
2020-10-24 23:06:00,35.96162,126.99388,부송동,5,"공장 냄새(화학약품, 매캐함)",1:1,-1
2020-10-24 23:17:00,35.93746,126.96755,마동,5,기타,-4:-5,-1
2020-10-25 05:18:00,35.932297,126.941,평화동,5,하수구 냄새,-8:-6,-1
2020-10-25 09:49:00,35.957222,126.999466,부송동,3,"가축 분뇨 냄새(닭, 돼지, 소)",2:0,-1
2020-10-26 01:04:00,35.926735,126.95878,동산동,4,기타,-5:-7,-1
2020-10-26 03:41:00,35.93746,126.96755,마동,5,기타,-4:-5,-1
2020-10-26 09:14:00,35.95816,126.99898,부송동,5,음식조리 냄새,2:0,-1
2020-10-26 09:16:00,35.958553,126.98318,어양동,3,"공장 냄새(화학약품, 매캐함)",-1:0,-1
2020-10-26 09:31:00,35.93117,126.97004,동산동,5,"공장 냄새(화학약품, 매캐함)",-3:-6,-1
2020-10-27 00:04:00,35.928738,126.96312,동산동,3,기타,-4:-7,-1
2020-10-27 06:46:00,35.961403,126.99397,부송동,3,"공장 냄새(화학약품, 매캐함)",1:1,-1
2020-10-27 08:02:00,35.95558,126.99745,부송동,4,"공장 냄새(화학약품, 매캐함)",2:-1,-1
2020-10-27 09:47:00,35.963745,127.01547,팔봉동,3,"가축 분뇨 냄새(닭, 돼지, 소)",5:1,-1
2020-10-28 00:19:00,35.963745,127.01547,팔봉동,4,"가축 분뇨 냄새(닭, 돼지, 소)",5:1,-1
2020-10-28 06:02:00,35.95743,126.962,신동,4,기타,-5:0,-1
2020-10-28 09:03:00,35.963264,126.960594,신동,5,"가축 분뇨 냄새(닭, 돼지, 소)",-5:1,-1
2020-10-28 12:37:00,35.96349,126.97362,영등동,4,"공장 냄새(화학약품, 매캐함)",-2:1,-1
2020-10-28 18:43:00,36.067604,126.9857,낭산면 용기리,4,기타,0:24,-1
2020-10-29 07:51:00,35.959007,127.00293,팔봉동,4,"공장 냄새(화학약품, 매캐함)",3:0,-1
2020-10-29 08:17:00,35.9263,126.95916,동산동,4,"가축 분뇨 냄새(닭, 돼지, 소)",-5:-7,-1
2020-10-29 09:00:00,35.932297,126.941,평화동,4,하수구 냄새,-8:-6,-1
2020-10-29 19:17:00,36.067604,126.9857,낭산면 용기리,2,"가축 분뇨 냄새(닭, 돼지, 소)",0:24,-1
2020-10-29 23:50:00,35.953545,126.98488,어양동,5,기타,0:-1,-1
2020-10-30 07:59:00,35.928738,126.96314,동산동,5,하수구 냄새,-4:-7,-1
2020-10-30 07:59:00,35.962273,126.981995,어양동,3,"공장 냄새(화학약품, 매캐함)",-1:1,-1
2020-10-30 10:39:00,36.067604,126.9857,낭산면 용기리,4,기타,0:24,-1
2020-10-30 22:29:00,35.953983,126.98511,어양동,3,"가축 분뇨 냄새(닭, 돼지, 소)",0:-1,-1
2020-10-30 22:53:00,35.95383,126.98453,어양동,4,"가축 분뇨 냄새(닭, 돼지, 소)",0:-1,-1
2020-10-31 00:53:00,35.934723,126.969925,마동,5,"가축 분뇨 냄새(닭, 돼지, 소)",-3:-5,-1
2020-10-31 21:03:00,35.956448,126.99499,부송동,4,"가축 분뇨 냄새(닭, 돼지, 소)",1:-1,-1
2020-11-01 00:15:00,35.95942,126.97397,영등동,5,"가축 분뇨 냄새(닭, 돼지, 소)",-2:0,-1
2020-11-01 22:20:00,35.96061,126.99725,부송동,4,"공장 냄새(화학약품, 매캐함)",2:0,-1
2020-11-01 23:58:00,35.95403,126.98507,어양동,3,"가축 분뇨 냄새(닭, 돼지, 소)",0:-1,-1
2020-11-02 15:57:00,35.96522,126.973656,영등동,3,"공장 냄새(화학약품, 매캐함)",-2:1,-1
2020-11-02 21:22:00,35.956463,126.99515,부송동,4,"가축 분뇨 냄새(닭, 돼지, 소)",1:-1,-1
2020-11-02 22:07:00,35.958447,126.99858,부송동,4,"가축 분뇨 냄새(닭, 돼지, 소)",2:0,-1
2020-11-02 22:14:00,35.962486,126.99242,부송동,4,기타,1:1,-1
2020-11-03 00:28:00,35.954113,126.98489,어양동,4,"가축 분뇨 냄새(닭, 돼지, 소)",0:-1,-1
2020-11-03 01:30:00,35.9575,126.957214,신동,3,"가축 분뇨 냄새(닭, 돼지, 소)",-5:0,-1
2020-11-03 02:03:00,35.959694,126.95734,신동,2,"가축 분뇨 냄새(닭, 돼지, 소)",-5:0,-1
2020-11-04 01:07:00,35.93746,126.96755,마동,5,하수구 냄새,-4:-5,-1
2020-11-04 01:10:00,35.93746,126.96755,마동,5,하수구 냄새,-4:-5,-1
2020-11-04 17:15:00,35.963234,126.96059,신동,5,"가축 분뇨 냄새(닭, 돼지, 소)",-5:1,-1
2020-11-04 23:35:00,35.95495,126.986275,어양동,5,"가축 분뇨 냄새(닭, 돼지, 소)",0:-1,-1
2020-11-04 23:46:00,35.932297,126.941,평화동,5,하수구 냄새,-8:-6,-1
2020-11-05 00:10:00,35.95996,126.9839,어양동,3,"공장 냄새(화학약품, 매캐함)",-1:0,-1
2020-11-05 21:24:00,35.963383,126.97362,영등동,3,"공장 냄새(화학약품, 매캐함)",-2:1,-1
2020-11-05 21:27:00,35.958122,126.99796,부송동,3,"공장 냄새(화학약품, 매캐함)",2:0,-1
2020-11-06 08:36:00,35.947334,126.955574,남중동,3,"공장 냄새(화학약품, 매캐함)",-6:-3,-1
2020-11-06 08:53:00,35.954266,127.011375,팔봉동,1,"공장 냄새(화학약품, 매캐함)",4:-1,-1
2020-11-08 01:23:00,35.92642,126.95925,동산동,4,"가축 분뇨 냄새(닭, 돼지, 소)",-5:-7,-1
2020-11-11 00:03:00,35.954014,126.985016,어양동,4,"공장 냄새(화학약품, 매캐함)",0:-1,-1
2020-11-11 00:23:00,35.934074,126.969505,동산동,5,기타,-3:-5,-1
2020-11-11 08:42:00,36.112087,126.98458,용동면 용성리,5,기타,0:34,-1
2020-11-11 08:52:00,36.112194,126.98479,용동면 용성리,4,기타,0:34,-1
2020-11-11 19:21:00,36.067604,126.9857,낭산면 용기리,5,기타,0:24,-1
2020-11-12 19:29:00,36.067604,126.9857,낭산면 용기리,4,기타,0:24,-1
2020-11-12 23:48:00,35.928394,126.96334,동산동,5,"가축 분뇨 냄새(닭, 돼지, 소)",-4:-7,-1
2020-11-13 14:16:00,36.01324,126.99827,삼기면 기산리,4,하수구 냄새,2:12,-1
2020-11-14 01:02:00,35.953976,126.9849,어양동,3,"가축 분뇨 냄새(닭, 돼지, 소)",0:-1,-1
2020-11-14 09:12:00,35.964504,126.98681,부송동,5,"공장 냄새(화학약품, 매캐함)",0:1,-1
2020-11-14 16:24:00,36.11216,126.98438,용동면 용성리,3,기타,0:34,-1
2020-11-14 17:11:00,35.963745,127.01547,팔봉동,3,"가축 분뇨 냄새(닭, 돼지, 소)",5:1,-1
2020-11-14 17:41:00,35.94855,126.964005,영등동,5,"공장 냄새(화학약품, 매캐함)",-4:-2,-1
2020-11-14 23:05:00,35.953686,126.98528,어양동,4,"공장 냄새(화학약품, 매캐함)",0:-1,-1
2020-11-15 10:06:00,35.95762,126.999466,부송동,4,"공장 냄새(화학약품, 매캐함)",2:0,-1
2020-11-15 20:30:00,35.92368,127.057976,왕궁면 온수리,5,"가축 분뇨 냄새(닭, 돼지, 소)",13:-8,-1
2020-11-15 23:02:00,35.931767,126.96946,동산동,4,"가축 분뇨 냄새(닭, 돼지, 소)",-3:-6,-1
2020-11-16 00:02:00,35.948166,126.964,영등동,4,"가축 분뇨 냄새(닭, 돼지, 소)",-4:-2,-1
2020-11-16 07:42:00,36.01173,126.99898,삼기면 기산리,4,하수구 냄새,2:12,-1
2020-11-16 21:43:00,35.948536,126.964,영등동,4,"공장 냄새(화학약품, 매캐함)",-4:-2,-1
2020-11-17 11:42:00,35.96299,126.98931,부송동,4,"공장 냄새(화학약품, 매캐함)",0:1,-1
2020-11-17 11:43:00,35.963024,126.9894,부송동,4,"공장 냄새(화학약품, 매캐함)",0:1,-1
2020-11-17 14:56:00,36.067604,126.9857,낭산면 용기리,3,기타,0:24,-1
2020-11-18 10:16:00,35.932297,126.941,평화동,5,하수구 냄새,-8:-6,-1
2020-11-19 09:39:00,35.96544,127.015656,팔봉동,4,"공장 냄새(화학약품, 매캐함)",5:1,-1
2020-11-21 22:19:00,35.95404,126.98494,어양동,4,"공장 냄새(화학약품, 매캐함)",0:-1,-1
2020-11-22 08:13:00,35.932297,126.941,평화동,3,기타,-8:-6,-1
2020-11-23 21:51:00,36.03773,126.969795,함열읍 다송리,5,"가축 분뇨 냄새(닭, 돼지, 소)",-3:17,-1
2020-11-25 08:05:00,35.957367,126.999115,부송동,5,"공장 냄새(화학약품, 매캐함)",2:0,-1
2020-11-25 08:55:00,35.948563,126.96398,영등동,4,"가축 분뇨 냄새(닭, 돼지, 소)",-4:-2,-1
2020-11-25 09:56:00,35.95794,126.97415,영등동,3,"공장 냄새(화학약품, 매캐함)",-2:0,-1
2020-11-26 22:49:00,35.961258,126.99393,부송동,4,"공장 냄새(화학약품, 매캐함)",1:1,-1
2020-11-27 07:02:00,35.947548,127.004105,용제동,1,기타,3:-2,-1
2020-11-27 07:14:00,35.963745,127.01547,팔봉동,3,"가축 분뇨 냄새(닭, 돼지, 소)",5:1,-1
2020-11-27 07:32:00,35.965477,127.01592,팔봉동,4,기타,5:1,-1
2020-11-28 14:42:00,36.112053,126.984276,용동면 용성리,4,기타,0:34,-1
2020-11-28 19:40:00,36.112125,126.98438,용동면 용성리,5,기타,0:34,-1
2020-11-29 16:24:00,36.11216,126.98438,용동면 용성리,4,기타,0:34,-1
2020-12-01 08:33:00,35.948563,126.964005,영등동,4,"공장 냄새(화학약품, 매캐함)",-4:-2,-1
2020-12-03 08:26:00,35.93757,126.968124,마동,3,하수구 냄새,-3:-5,-1
2020-12-04 09:08:00,35.932297,126.941,평화동,4,기타,-8:-6,-1
2020-12-04 23:20:00,35.957043,126.99948,부송동,4,"공장 냄새(화학약품, 매캐함)",2:0,-1
2020-12-05 21:38:00,35.951683,126.978096,영등동,4,하수구 냄새,-2:-2,-1
2020-12-06 17:47:00,35.963375,126.949844,신동,3,"공장 냄새(화학약품, 매캐함)",-7:1,-1
2020-12-08 09:15:00,35.94547,126.97757,신흥동,1,"가축 분뇨 냄새(닭, 돼지, 소)",-2:-3,-1
2020-12-09 00:20:00,35.94855,126.96402,영등동,5,"공장 냄새(화학약품, 매캐함)",-4:-2,-1
2020-12-09 06:58:00,35.958138,126.974014,영등동,2,"공장 냄새(화학약품, 매캐함)",-2:0,-1
2020-12-09 15:46:00,36.067604,126.9857,낭산면 용기리,4,기타,0:24,-1
2020-12-10 06:44:00,35.95709,126.96255,신동,2,기타,-4:0,-1
2020-12-10 06:57:00,35.95819,126.97406,영등동,3,"공장 냄새(화학약품, 매캐함)",-2:0,-1
2020-12-10 07:20:00,35.963745,127.01547,팔봉동,3,"가축 분뇨 냄새(닭, 돼지, 소)",5:1,-1
2020-12-10 07:38:00,35.947193,126.96352,마동,5,"가축 분뇨 냄새(닭, 돼지, 소)",-4:-3,-1
2020-12-10 07:39:00,35.965477,127.01605,팔봉동,3,"가축 분뇨 냄새(닭, 돼지, 소)",5:1,-1
2020-12-10 08:09:00,35.9279,126.959885,동산동,4,"가축 분뇨 냄새(닭, 돼지, 소)",-5:-7,-1
2020-12-10 08:24:00,35.932297,126.941,평화동,5,기타,-8:-6,-1
2020-12-10 08:26:00,35.960213,126.98469,어양동,5,기타,0:0,-1
2020-12-10 08:40:00,35.93166,126.96946,동산동,4,"가축 분뇨 냄새(닭, 돼지, 소)",-3:-6,-1
2020-12-10 09:11:00,35.929672,126.96002,동산동,5,기타,-5:-6,-1
2020-12-10 15:05:00,35.95154,126.978386,영등동,4,하수구 냄새,-2:-2,-1
2020-12-10 22:49:00,35.94855,126.96401,영등동,4,"가축 분뇨 냄새(닭, 돼지, 소)",-4:-2,-1
2020-12-10 23:23:00,35.957474,126.99849,부송동,5,"공장 냄새(화학약품, 매캐함)",2:0,-1
2020-12-11 21:54:00,35.95155,126.978355,영등동,3,"가축 분뇨 냄새(닭, 돼지, 소)",-2:-2,-1
2020-12-15 19:46:00,35.96362,127.00856,팔봉동,3,하수구 냄새,4:1,-1
2020-12-17 19:45:00,35.96363,127.0084,팔봉동,3,하수구 냄새,4:1,-1
2020-12-19 20:19:00,35.95744,126.99942,부송동,2,"공장 냄새(화학약품, 매캐함)",2:0,-1
2020-12-20 22:07:00,35.94741,126.96903,영등동,3,"가축 분뇨 냄새(닭, 돼지, 소)",-3:-3,-1
2020-12-21 00:04:00,35.954052,126.985,어양동,4,"가축 분뇨 냄새(닭, 돼지, 소)",0:-1,-1
2020-12-22 16:16:00,35.953423,126.98001,어양동,5,"가축 분뇨 냄새(닭, 돼지, 소)",-1:-1,-1
2020-12-22 20:11:00,36.067604,126.9857,낭산면 용기리,3,"가축 분뇨 냄새(닭, 돼지, 소)",0:24,-1
2020-12-23 19:44:00,35.94233,126.9652,마동,3,기타,-4:-4,-1
2020-12-23 20:17:00,35.927727,126.959564,동산동,5,"가축 분뇨 냄새(닭, 돼지, 소)",-5:-7,-1
2020-12-24 20:54:00,35.958996,126.95511,신동,3,"가축 분뇨 냄새(닭, 돼지, 소)",-6:0,-1
2020-12-24 20:56:00,35.96406,126.95479,신동,4,"가축 분뇨 냄새(닭, 돼지, 소)",-6:1,-1
2020-12-25 21:13:00,35.9279,126.959946,동산동,4,"가축 분뇨 냄새(닭, 돼지, 소)",-5:-7,-1
2020-12-27 11:40:00,35.964504,126.98683,부송동,5,"공장 냄새(화학약품, 매캐함)",0:1,-1
2020-12-27 22:04:00,36.111916,126.98512,용동면 용성리,4,하수구 냄새,0:34,-1
2020-12-28 09:00:00,35.964504,126.98683,부송동,5,"공장 냄새(화학약품, 매캐함)",0:1,-1
2020-12-28 09:14:00,35.964504,126.98683,부송동,5,"공장 냄새(화학약품, 매캐함)",0:1,-1
2021-01-04 20:01:00,35.997726,126.944725,황등면 황등리,4,기타,-8:9,-1
2021-01-04 21:40:00,35.93418,126.97083,동산동,4,"가축 분뇨 냄새(닭, 돼지, 소)",-3:-5,-1
2021-01-06 07:18:00,35.932297,126.941,평화동,3,기타,-8:-6,-1
2021-01-08 23:02:00,35.96463,126.982994,어양동,3,"공장 냄새(화학약품, 매캐함)",-1:1,-1
2021-01-08 23:51:00,35.93757,126.968124,마동,2,하수구 냄새,-3:-5,-1
2021-01-09 00:43:00,35.953957,126.98507,어양동,5,"공장 냄새(화학약품, 매캐함)",0:-1,-1
2021-01-11 18:04:00,35.956924,126.98913,부송동,5,"공장 냄새(화학약품, 매캐함)",0:0,-1
2021-01-13 14:54:00,35.928352,127.05195,춘포면 쌍정리,5,"공장 냄새(화학약품, 매캐함)",12:-7,-1
2021-01-13 16:33:00,35.997658,126.94504,황등면 황등리,4,기타,-8:9,-1
2021-01-14 20:26:00,35.953957,126.9849,어양동,5,"가축 분뇨 냄새(닭, 돼지, 소)",0:-1,-1
2021-01-14 20:41:00,35.95697,126.98916,부송동,5,"공장 냄새(화학약품, 매캐함)",0:0,-1
2021-01-14 21:59:00,35.96335,126.97419,영등동,5,"공장 냄새(화학약품, 매캐함)",-2:1,-1
2021-01-14 22:12:00,35.956177,126.99153,부송동,3,"공장 냄새(화학약품, 매캐함)",1:-1,-1
2021-01-15 10:17:00,35.963852,126.974236,영등동,4,"가축 분뇨 냄새(닭, 돼지, 소)",-2:1,-1
2021-01-18 16:50:00,35.95681,126.98354,어양동,4,"가축 분뇨 냄새(닭, 돼지, 소)",-1:0,-1
2021-01-20 18:38:00,36.067604,126.9857,낭산면 용기리,3,"가축 분뇨 냄새(닭, 돼지, 소)",0:24,-1
2021-01-20 20:34:00,35.95696,126.989204,부송동,5,"공장 냄새(화학약품, 매캐함)",0:0,-1
2021-01-20 20:54:00,35.95785,126.99889,부송동,5,"공장 냄새(화학약품, 매캐함)",2:0,-1
2021-01-21 17:28:00,35.958157,126.98581,부송동,4,"공장 냄새(화학약품, 매캐함)",0:0,-1
2021-01-22 08:44:00,36.111946,126.98509,용동면 용성리,5,"가축 분뇨 냄새(닭, 돼지, 소)",0:34,-1
2021-01-23 17:15:00,36.067604,126.9857,낭산면 용기리,5,기타,0:24,-1
2021-01-24 18:38:00,35.95686,126.9988,부송동,3,"가축 분뇨 냄새(닭, 돼지, 소)",2:0,-1
2021-01-28 21:32:00,35.95769,127.00306,팔봉동,5,"공장 냄새(화학약품, 매캐함)",3:0,-1
2021-01-30 22:58:00,35.930397,126.971855,금강동,3,"가축 분뇨 냄새(닭, 돼지, 소)",-3:-6,-1
2021-01-31 22:42:00,35.94856,126.96401,영등동,4,"공장 냄새(화학약품, 매캐함)",-4:-2,-1
2021-02-06 02:02:00,35.955437,126.986435,어양동,2,기타,0:-1,-1
2021-02-06 17:43:00,35.997658,126.94504,황등면 황등리,4,하수구 냄새,-8:9,-1
2021-02-07 10:20:00,35.997726,126.944725,황등면 황등리,3,"가축 분뇨 냄새(닭, 돼지, 소)",-8:9,-1
2021-02-07 10:21:00,35.997726,126.944725,황등면 황등리,3,"가축 분뇨 냄새(닭, 돼지, 소)",-8:9,-1
2021-02-09 19:16:00,35.997658,126.94504,황등면 황등리,3,"가축 분뇨 냄새(닭, 돼지, 소)",-8:9,-1
2021-02-09 19:17:00,35.997658,126.94504,황등면 황등리,3,"가축 분뇨 냄새(닭, 돼지, 소)",-8:9,-1
2021-02-11 19:08:00,36.067604,126.9857,낭산면 용기리,4,"가축 분뇨 냄새(닭, 돼지, 소)",0:24,-1
2021-02-11 20:44:00,35.95996,126.95694,신동,5,"공장 냄새(화학약품, 매캐함)",-5:0,-1
2021-02-11 21:14:00,35.949898,126.964,영등동,5,"공장 냄새(화학약품, 매캐함)",-4:-2,-1
2021-02-12 00:34:00,35.96025,126.99902,부송동,4,기타,2:0,-1
2021-02-12 19:46:00,36.11216,126.98436,용동면 용성리,3,기타,0:34,-1
2021-02-13 00:48:00,35.956905,126.98899,부송동,3,"공장 냄새(화학약품, 매캐함)",0:0,-1
2021-02-13 22:53:00,35.997658,126.94504,황등면 황등리,3,"가축 분뇨 냄새(닭, 돼지, 소)",-8:9,-1
2021-02-13 22:53:00,35.997658,126.94504,황등면 황등리,3,"가축 분뇨 냄새(닭, 돼지, 소)",-8:9,-1
2021-02-14 17:48:00,35.959873,126.94036,모현동2가,4,"공장 냄새(화학약품, 매캐함)",-8:0,-1
2021-02-14 21:12:00,35.95258,126.95092,모현동1가,3,"공장 냄새(화학약품, 매캐함)",-7:-1,-1
2021-02-14 23:00:00,36.066074,126.9411,성당면 대선리,3,기타,-8:24,-1
2021-02-23 07:09:00,35.928955,126.96494,동산동,5,기타,-4:-7,-1
2021-02-24 17:24:00,36.06388,126.93267,성당면 대선리,4,기타,-10:23,-1
2021-02-24 20:32:00,35.94997,126.96471,영등동,5,"공장 냄새(화학약품, 매캐함)",-4:-2,-1
2021-02-26 17:21:00,36.067604,126.9857,낭산면 용기리,5,기타,0:24,-1
2021-02-27 18:26:00,36.067604,126.9857,낭산면 용기리,3,기타,0:24,-1
2021-02-28 02:05:00,35.93627,127.057175,왕궁면 쌍제리,5,기타,13:-5,-1
2021-02-28 13:22:00,35.961403,126.97836,영등동,4,"가축 분뇨 냄새(닭, 돼지, 소)",-2:1,-1
2021-02-28 22:49:00,35.9618,126.994194,부송동,4,"공장 냄새(화학약품, 매캐함)",1:1,-1
2021-02-28 22:51:00,35.96151,126.99415,부송동,5,하수구 냄새,1:1,-1
2021-03-01 10:26:00,35.948746,126.96369,영등동,5,기타,-4:-2,-1
2021-03-02 18:09:00,36.067604,126.9857,낭산면 용기리,5,"가축 분뇨 냄새(닭, 돼지, 소)",0:24,-1
2021-03-03 08:38:00,35.937862,126.97877,신흥동,3,하수구 냄새,-1:-5,-1
2021-03-03 21:35:00,36.067604,126.9857,낭산면 용기리,4,기타,0:24,-1
2021-03-03 22:18:00,35.956284,126.99488,부송동,3,"가축 분뇨 냄새(닭, 돼지, 소)",1:-1,-1
2021-03-03 22:25:00,35.95672,126.995346,부송동,3,기타,2:0,-1
2021-03-03 22:47:00,35.958984,126.97406,영등동,4,하수구 냄새,-2:0,-1
2021-03-05 07:55:00,35.957184,126.99936,부송동,4,"가축 분뇨 냄새(닭, 돼지, 소)",2:0,-1
2021-03-05 08:01:00,35.961185,126.993835,부송동,4,"공장 냄새(화학약품, 매캐함)",1:1,-1
2021-03-06 11:31:00,36.11216,126.98438,용동면 용성리,4,"가축 분뇨 냄새(닭, 돼지, 소)",0:34,-1
2021-03-09 06:41:00,35.957848,126.97396,영등동,4,"가축 분뇨 냄새(닭, 돼지, 소)",-2:0,-1
2021-03-09 07:02:00,35.96115,126.994194,부송동,3,"가축 분뇨 냄새(닭, 돼지, 소)",1:1,-1
2021-03-09 07:53:00,35.956913,126.97229,영등동,3,기타,-3:0,-1
2021-03-09 08:03:00,35.956337,126.994835,부송동,4,"가축 분뇨 냄새(닭, 돼지, 소)",1:-1,-1
2021-03-09 18:03:00,36.059673,126.97383,함열읍 석매리,4,"가축 분뇨 냄새(닭, 돼지, 소)",-2:22,-1
2021-03-10 06:19:00,35.928738,126.96314,동산동,4,하수구 냄새,-4:-7,-1
2021-03-11 06:39:00,35.928738,126.96314,동산동,3,"공장 냄새(화학약품, 매캐함)",-4:-7,-1
2021-03-11 08:13:00,35.927094,126.95349,인화동2가,3,"가축 분뇨 냄새(닭, 돼지, 소)",-6:-7,-1
2021-03-11 08:55:00,35.934147,126.970215,동산동,3,음식조리 냄새,-3:-5,-1
2021-03-12 11:19:00,35.936188,127.056694,왕궁면 쌍제리,5,기타,13:-5,-1
2021-03-12 15:42:00,35.9613,127.013504,팔봉동,3,"공장 냄새(화학약품, 매캐함)",5:1,-1
2021-03-13 14:52:00,36.11216,126.98438,용동면 용성리,3,기타,0:34,-1
2021-03-14 01:19:00,35.954407,126.97464,영등동,5,하수구 냄새,-2:-1,-1
2021-03-14 01:22:00,35.954514,126.972595,영등동,4,하수구 냄새,-3:-1,-1
2021-03-14 01:34:00,35.960682,126.98448,어양동,4,기타,0:0,-1
2021-03-14 05:17:00,35.954742,126.94987,모현동1가,1,기타,-7:-1,-1
2021-03-16 17:26:00,35.96138,127.01355,팔봉동,3,"공장 냄새(화학약품, 매캐함)",5:1,-1
2021-03-17 02:04:00,35.960682,126.98448,어양동,5,"가축 분뇨 냄새(닭, 돼지, 소)",0:0,-1
2021-03-17 07:36:00,35.963745,127.01547,팔봉동,3,"가축 분뇨 냄새(닭, 돼지, 소)",5:1,-1
2021-03-18 06:36:00,35.957546,126.99969,부송동,4,"공장 냄새(화학약품, 매캐함)",2:0,-1
2021-03-18 07:33:00,35.93155,126.96959,동산동,4,기타,-3:-6,-1
2021-03-19 09:19:00,35.948536,126.96402,영등동,4,"공장 냄새(화학약품, 매캐함)",-4:-2,-1
2021-03-19 19:03:00,35.9348,127.008514,석암동,3,기타,4:-5,-1
2021-03-19 21:02:00,35.93431,127.0095,석암동,3,기타,4:-5,-1
2021-03-22 22:38:00,35.93617,127.05714,왕궁면 쌍제리,5,기타,13:-5,-1
2021-03-24 09:05:00,36.067604,126.9857,낭산면 용기리,4,"가축 분뇨 냄새(닭, 돼지, 소)",0:24,-1
2021-03-24 15:51:00,36.11216,126.98438,용동면 용성리,4,"가축 분뇨 냄새(닭, 돼지, 소)",0:34,-1
2021-03-25 07:23:00,36.067604,126.9857,낭산면 용기리,5,기타,0:24,-1
2021-03-26 17:21:00,35.96142,127.013626,팔봉동,3,"공장 냄새(화학약품, 매캐함)",5:1,-1
2021-03-26 20:00:00,35.97357,126.93667,현영동,4,하수구 냄새,-9:3,-1
2021-03-27 18:27:00,35.962845,127.005455,팔봉동,5,"공장 냄새(화학약품, 매캐함)",3:1,-1
2021-03-29 20:35:00,35.99564,126.94714,황등면 황등리,4,기타,-7:8,-1
2021-03-29 23:43:00,35.953976,127.00106,팔봉동,4,"가축 분뇨 냄새(닭, 돼지, 소)",3:-1,-1
2021-03-30 17:34:00,35.928967,126.95068,인화동1가,5,"공장 냄새(화학약품, 매캐함)",-7:-7,-1
2021-04-01 18:42:00,35.958076,126.97379,영등동,3,"가축 분뇨 냄새(닭, 돼지, 소)",-2:0,-1
2021-04-01 21:33:00,36.067604,126.9857,낭산면 용기리,5,기타,0:24,-1
2021-04-02 15:56:00,35.953465,126.940094,모현동2가,5,하수구 냄새,-8:-1,-1
2021-04-02 22:34:00,35.943974,127.00527,석암동,3,"공장 냄새(화학약품, 매캐함)",3:-3,-1
2021-04-02 22:34:00,35.953075,126.98435,어양동,3,기타,0:-1,-1
2021-04-02 22:51:00,35.957134,127.008606,팔봉동,3,"가축 분뇨 냄새(닭, 돼지, 소)",4:0,-1
2021-04-02 22:51:00,35.929207,126.97004,동산동,5,"가축 분뇨 냄새(닭, 돼지, 소)",-3:-7,-1
2021-04-02 22:59:00,35.927067,126.95351,인화동2가,4,"가축 분뇨 냄새(닭, 돼지, 소)",-6:-7,-1
2021-04-02 23:05:00,35.95998,126.99927,부송동,3,"가축 분뇨 냄새(닭, 돼지, 소)",2:0,-1
2021-04-02 23:17:00,35.960358,126.9988,부송동,4,"가축 분뇨 냄새(닭, 돼지, 소)",2:0,-1
2021-04-02 23:30:00,35.961132,126.993,부송동,4,하수구 냄새,1:1,-1
2021-04-03 11:05:00,35.928738,126.96314,동산동,3,"가축 분뇨 냄새(닭, 돼지, 소)",-4:-7,-1
2021-04-05 20:36:00,36.067604,126.9857,낭산면 용기리,4,기타,0:24,-1
2021-04-06 02:21:00,35.9534,126.98488,어양동,3,기타,0:-1,-1
2021-04-06 07:25:00,35.958084,126.97406,영등동,4,"가축 분뇨 냄새(닭, 돼지, 소)",-2:0,-1
2021-04-06 07:35:00,35.932297,126.941,평화동,5,기타,-8:-6,-1
2021-04-06 07:40:00,35.934654,127.00789,석암동,4,"가축 분뇨 냄새(닭, 돼지, 소)",4:-5,-1
2021-04-06 08:51:00,35.945625,126.97164,신흥동,5,"가축 분뇨 냄새(닭, 돼지, 소)",-3:-3,-1
2021-04-07 06:38:00,35.958138,126.97408,영등동,2,"공장 냄새(화학약품, 매캐함)",-2:0,-1
2021-04-08 07:07:00,35.958065,126.97393,영등동,2,기타,-2:0,-1
2021-04-09 06:31:00,35.932297,126.941,평화동,4,"가축 분뇨 냄새(닭, 돼지, 소)",-8:-6,-1
2021-04-09 20:07:00,36.067604,126.9857,낭산면 용기리,5,기타,0:24,-1
2021-04-10 11:05:00,36.11216,126.98438,용동면 용성리,4,기타,0:34,-1
2021-04-10 20:36:00,35.94862,126.96362,영등동,5,"공장 냄새(화학약품, 매캐함)",-4:-2,-1
2021-04-12 10:52:00,35.936367,127.05732,왕궁면 쌍제리,5,기타,13:-5,-1
2021-04-12 13:50:00,35.964394,126.99133,부송동,2,기타,1:1,-1
2021-04-13 13:26:00,35.943665,126.976814,신흥동,2,"공장 냄새(화학약품, 매캐함)",-2:-3,-1
2021-04-14 07:35:00,35.932297,126.941,평화동,3,"가축 분뇨 냄새(닭, 돼지, 소)",-8:-6,-1
2021-04-17 20:44:00,35.964203,126.94837,모현동2가,3,"공장 냄새(화학약품, 매캐함)",-7:1,-1
2021-04-18 15:58:00,35.9642,126.948204,모현동2가,3,"공장 냄새(화학약품, 매캐함)",-7:1,-1
2021-04-19 06:12:00,35.96149,126.98645,부송동,3,하수구 냄새,0:1,-1
2021-04-19 22:01:00,35.936237,127.05725,왕궁면 쌍제리,5,"가축 분뇨 냄새(닭, 돼지, 소)",13:-5,-1
2021-04-21 15:40:00,35.964195,126.948296,모현동2가,3,"공장 냄새(화학약품, 매캐함)",-7:1,-1
2021-04-21 21:21:00,35.964306,127.01483,팔봉동,4,"공장 냄새(화학약품, 매캐함)",5:1,-1
2021-04-22 16:56:00,35.95641,126.99493,부송동,5,"가축 분뇨 냄새(닭, 돼지, 소)",1:-1,-1
2021-04-22 18:04:00,35.96133,126.99397,부송동,5,"공장 냄새(화학약품, 매캐함)",1:1,-1
2021-04-22 18:34:00,35.96339,126.973656,영등동,4,"가축 분뇨 냄새(닭, 돼지, 소)",-2:1,-1
2021-04-22 18:35:00,35.963745,127.01547,팔봉동,3,기타,5:1,-1
2021-04-22 19:09:00,35.963745,127.01547,팔봉동,3,"공장 냄새(화학약품, 매캐함)",5:1,-1
2021-04-22 21:12:00,35.9512,126.98377,어양동,3,"공장 냄새(화학약품, 매캐함)",-1:-2,-1
2021-04-22 21:48:00,35.961224,126.9941,부송동,5,"공장 냄새(화학약품, 매캐함)",1:1,-1
2021-04-23 18:34:00,36.045246,126.96094,함열읍 석매리,4,기타,-5:19,-1
2021-04-23 20:09:00,35.957294,126.992775,부송동,3,"공장 냄새(화학약품, 매캐함)",1:0,-1
2021-04-23 20:20:00,35.9552,126.987144,어양동,3,"공장 냄새(화학약품, 매캐함)",0:-1,-1
2021-04-23 21:48:00,35.956284,126.98811,부송동,3,"공장 냄새(화학약품, 매캐함)",0:-1,-1
2021-04-23 22:06:00,35.954445,126.98382,어양동,4,"공장 냄새(화학약품, 매캐함)",-1:-1,-1
2021-04-25 07:29:00,35.94586,126.97739,신흥동,3,기타,-2:-3,-1
2021-04-25 07:42:00,35.957653,126.99902,부송동,5,"공장 냄새(화학약품, 매캐함)",2:0,-1
2021-04-27 07:16:00,35.957367,126.99973,부송동,4,"공장 냄새(화학약품, 매캐함)",2:0,-1
2021-04-27 08:12:00,35.960682,126.98395,어양동,3,"공장 냄새(화학약품, 매캐함)",-1:0,-1
2021-04-27 08:50:00,35.921238,126.95701,동산동,5,"공장 냄새(화학약품, 매캐함)",-5:-8,-1
2021-04-27 08:50:00,35.958645,126.983604,어양동,3,"공장 냄새(화학약품, 매캐함)",-1:0,-1
2021-04-27 08:55:00,35.93223,126.95793,주현동,5,"공장 냄새(화학약품, 매캐함)",-5:-6,-1
2021-04-27 19:11:00,35.931942,126.95767,주현동,5,"공장 냄새(화학약품, 매캐함)",-5:-6,-1
2021-04-28 21:40:00,35.96562,127.015785,팔봉동,4,"공장 냄새(화학약품, 매캐함)",5:2,-1
2021-04-28 22:32:00,35.963123,126.98334,어양동,2,"가축 분뇨 냄새(닭, 돼지, 소)",-1:1,-1
2021-04-28 22:35:00,35.962627,126.98305,어양동,2,"공장 냄새(화학약품, 매캐함)",-1:1,-1
2021-04-28 22:40:00,35.964104,126.9737,영등동,4,"공장 냄새(화학약품, 매캐함)",-2:1,-1
2021-04-28 22:44:00,35.963528,126.98368,어양동,5,"공장 냄새(화학약품, 매캐함)",-1:1,-1
2021-04-29 05:25:00,35.957565,126.99434,부송동,5,"공장 냄새(화학약품, 매캐함)",1:0,-1
2021-05-01 16:28:00,36.11216,126.98438,용동면 용성리,5,기타,0:34,-1
2021-05-02 20:23:00,35.965405,127.01488,팔봉동,5,"공장 냄새(화학약품, 매캐함)",5:1,-1
2021-05-03 01:28:00,35.926754,126.95878,동산동,3,"가축 분뇨 냄새(닭, 돼지, 소)",-5:-7,-1
2021-05-03 07:11:00,35.95801,126.97397,영등동,2,하수구 냄새,-2:0,-1
2021-05-03 07:14:00,35.959522,126.99381,부송동,5,"공장 냄새(화학약품, 매캐함)",1:0,-1
2021-05-03 07:44:00,35.9587,126.998314,부송동,4,"공장 냄새(화학약품, 매캐함)",2:0,-1
2021-05-03 07:46:00,35.96151,126.993835,부송동,5,"공장 냄새(화학약품, 매캐함)",1:1,-1
2021-05-05 19:27:00,35.969486,126.935356,현영동,4,하수구 냄새,-9:2,-1
2021-05-07 05:46:00,35.97368,126.934006,현영동,5,기타,-10:3,-1
2021-05-07 08:11:00,35.97368,126.934006,현영동,5,"가축 분뇨 냄새(닭, 돼지, 소)",-10:3,-1
2021-05-07 10:10:00,36.040894,127.00706,삼기면 연동리,5,음식조리 냄새,4:18,-1
2021-05-07 20:37:00,35.975266,126.938446,현영동,4,"가축 분뇨 냄새(닭, 돼지, 소)",-9:4,-1
2021-05-07 23:26:00,35.930363,126.97191,금강동,4,"가축 분뇨 냄새(닭, 돼지, 소)",-3:-6,-1
2021-05-08 00:11:00,35.956604,126.97257,영등동,4,기타,-3:0,-1
2021-05-08 00:59:00,35.930145,126.97017,동산동,3,"가축 분뇨 냄새(닭, 돼지, 소)",-3:-6,-1
2021-05-08 09:34:00,35.97368,126.934006,현영동,5,"가축 분뇨 냄새(닭, 돼지, 소)",-10:3,-1
2021-05-09 04:28:00,35.955986,126.97831,영등동,1,기타,-2:-1,-1
2021-05-09 19:46:00,35.965263,127.01498,팔봉동,5,"공장 냄새(화학약품, 매캐함)",5:1,-1
2021-05-09 22:57:00,35.957764,126.99929,부송동,4,기타,2:0,-1
2021-05-10 00:38:00,35.932297,126.941,평화동,5,하수구 냄새,-8:-6,-1
2021-05-10 07:17:00,35.92881,126.96308,동산동,3,"가축 분뇨 냄새(닭, 돼지, 소)",-4:-7,-1
2021-05-10 19:44:00,36.067604,126.9857,낭산면 용기리,5,"가축 분뇨 냄새(닭, 돼지, 소)",0:24,-1
2021-05-11 16:04:00,36.067604,126.9857,낭산면 용기리,5,기타,0:24,-1
2021-05-12 22:26:00,35.962303,126.9859,어양동,4,"공장 냄새(화학약품, 매캐함)",0:1,-1
2021-05-12 22:26:00,35.962303,126.9859,어양동,4,"공장 냄새(화학약품, 매캐함)",0:1,-1
2021-05-13 07:45:00,35.961296,126.99397,부송동,4,"공장 냄새(화학약품, 매캐함)",1:1,-1
2021-05-13 11:28:00,35.956604,126.972595,영등동,4,"가축 분뇨 냄새(닭, 돼지, 소)",-3:0,-1
2021-05-14 06:38:00,35.932297,126.941,평화동,3,"가축 분뇨 냄새(닭, 돼지, 소)",-8:-6,-1
2021-05-14 12:35:00,36.067604,126.9857,낭산면 용기리,4,"가축 분뇨 냄새(닭, 돼지, 소)",0:24,-1
2021-05-14 23:32:00,35.93418,126.96988,동산동,2,하수구 냄새,-3:-5,-1
2021-05-15 18:52:00,35.96432,127.01521,팔봉동,4,"가축 분뇨 냄새(닭, 돼지, 소)",5:1,-1
2021-05-15 18:59:00,35.957367,126.99969,부송동,3,"가축 분뇨 냄새(닭, 돼지, 소)",2:0,-1
2021-05-18 23:21:00,35.922356,127.03076,춘포면 인수리,4,"가축 분뇨 냄새(닭, 돼지, 소)",8:-8,-1
2021-05-19 03:37:00,35.95395,126.98664,어양동,4,"가축 분뇨 냄새(닭, 돼지, 소)",0:-1,-1
2021-05-19 04:05:00,35.957523,126.962135,신동,3,기타,-4:0,-1
2021-05-19 06:09:00,35.954903,126.95025,모현동1가,2,기타,-7:-1,-1
2021-05-19 21:11:00,35.963097,126.98324,어양동,3,"공장 냄새(화학약품, 매캐함)",-1:1,-1
2021-05-20 19:35:00,36.067604,126.9857,낭산면 용기리,5,기타,0:24,-1
2021-05-21 13:33:00,35.96963,126.93536,현영동,4,하수구 냄새,-9:2,-1
2021-05-23 00:52:00,35.953545,126.984795,어양동,4,기타,0:-1,-1
2021-05-23 04:01:00,35.963528,126.98723,부송동,4,"가축 분뇨 냄새(닭, 돼지, 소)",0:1,-1
2021-05-23 05:16:00,35.931946,126.96986,동산동,5,하수구 냄새,-3:-6,-1
2021-05-25 12:29:00,35.970108,126.93556,현영동,4,하수구 냄새,-9:2,-1
2021-05-25 13:53:00,35.970108,126.93561,현영동,4,하수구 냄새,-9:2,-1
2021-05-25 18:05:00,35.970543,126.93581,현영동,4,하수구 냄새,-9:3,-1
2021-05-26 08:47:00,35.956932,126.97776,영등동,3,기타,-2:0,-1
2021-05-26 10:57:00,35.965477,127.01592,팔봉동,3,"공장 냄새(화학약품, 매캐함)",5:1,-1
2021-05-26 19:09:00,35.954,127.01302,팔봉동,4,"공장 냄새(화학약품, 매캐함)",5:-1,-1
2021-05-26 19:29:00,35.926258,126.959114,동산동,3,"가축 분뇨 냄새(닭, 돼지, 소)",-5:-7,-1
2021-05-26 20:03:00,35.965405,127.01618,팔봉동,4,"공장 냄새(화학약품, 매캐함)",5:1,-1
2021-05-26 20:56:00,35.96551,127.01614,팔봉동,5,"공장 냄새(화학약품, 매캐함)",5:1,-1
2021-05-26 21:41:00,35.96198,127.0149,팔봉동,3,"공장 냄새(화학약품, 매캐함)",5:1,-1
2021-05-27 16:12:00,35.964806,126.94609,신용동,2,"공장 냄새(화학약품, 매캐함)",-7:1,-1
2021-05-28 00:23:00,35.95744,126.99809,부송동,3,"공장 냄새(화학약품, 매캐함)",2:0,-1
2021-05-28 07:47:00,35.93162,126.969505,동산동,4,"가축 분뇨 냄새(닭, 돼지, 소)",-3:-6,-1
2021-05-28 08:45:00,35.928738,126.96312,동산동,4,기타,-4:-7,-1
2021-05-28 13:43:00,36.045246,126.96094,함열읍 석매리,4,기타,-5:19,-1
2021-05-29 17:50:00,35.917984,126.889336,오산면 남전리,3,기타,-18:-9,-1
2021-05-29 23:25:00,35.960876,126.99995,부송동,3,"공장 냄새(화학약품, 매캐함)",2:0,-1
2021-05-30 20:52:00,35.932262,126.94149,평화동,4,"가축 분뇨 냄새(닭, 돼지, 소)",-8:-6,-1
2021-05-31 19:10:00,35.91809,126.8895,오산면 남전리,4,기타,-18:-9,-1
2021-05-31 20:24:00,35.93631,127.05713,왕궁면 쌍제리,5,기타,13:-5,-1
2021-05-31 23:22:00,35.951324,126.975174,영등동,4,"가축 분뇨 냄새(닭, 돼지, 소)",-2:-2,-1
2021-05-31 23:26:00,35.930103,126.956825,인화동2가,3,"가축 분뇨 냄새(닭, 돼지, 소)",-5:-6,-1
2021-05-31 23:39:00,35.931477,126.96968,동산동,4,하수구 냄새,-3:-6,-1
2021-06-01 01:04:00,35.96252,126.98307,어양동,4,"공장 냄새(화학약품, 매캐함)",-1:1,-1
2021-06-01 12:48:00,35.96912,126.936714,현영동,4,하수구 냄새,-9:2,-1
2021-06-01 21:22:00,35.965294,127.015564,팔봉동,4,"가축 분뇨 냄새(닭, 돼지, 소)",5:1,-1
2021-06-01 21:35:00,35.965042,127.0161,팔봉동,3,기타,5:1,-1
2021-06-01 21:37:00,35.963745,127.01547,팔봉동,3,"가축 분뇨 냄새(닭, 돼지, 소)",5:1,-1
2021-06-01 21:39:00,35.953545,126.985146,어양동,3,기타,0:-1,-1
2021-06-01 23:18:00,35.93255,126.94127,평화동,5,음식조리 냄새,-8:-6,-1
2021-06-01 23:18:00,35.932297,126.941,평화동,4,음식조리 냄새,-8:-6,-1
2021-06-01 23:23:00,35.93194,126.94134,평화동,4,음식조리 냄새,-8:-6,-1
2021-06-02 00:50:00,35.946823,126.93933,모현동1가,4,"가축 분뇨 냄새(닭, 돼지, 소)",-9:-3,-1
2021-06-02 19:14:00,35.95826,126.96204,신동,3,"공장 냄새(화학약품, 매캐함)",-4:0,-1
2021-06-02 19:57:00,35.928738,126.96314,동산동,5,"공장 냄새(화학약품, 매캐함)",-4:-7,-1
2021-06-02 20:02:00,35.932297,126.941,평화동,3,"공장 냄새(화학약품, 매캐함)",-8:-6,-1
2021-06-02 20:50:00,35.95256,126.95092,모현동1가,5,"공장 냄새(화학약품, 매캐함)",-7:-1,-1
2021-06-02 21:13:00,35.96258,126.983055,어양동,3,"공장 냄새(화학약품, 매캐함)",-1:1,-1
2021-06-02 21:46:00,35.94856,126.96402,영등동,5,"공장 냄새(화학약품, 매캐함)",-4:-2,-1
2021-06-02 21:54:00,35.95447,126.98396,어양동,3,"공장 냄새(화학약품, 매캐함)",-1:-1,97
2021-06-02 22:10:00,35.956833,126.993416,부송동,4,"공장 냄새(화학약품, 매캐함)",1:0,97
2021-06-02 22:47:00,35.961185,126.9753,영등동,4,"가축 분뇨 냄새(닭, 돼지, 소)",-2:1,97
2021-06-02 22:48:00,35.95768,126.97389,영등동,3,"가축 분뇨 냄새(닭, 돼지, 소)",-2:0,97
2021-06-02 22:50:00,35.928593,126.96348,동산동,3,기타,-4:-7,-1
2021-06-02 22:51:00,35.948673,126.96892,영등동,4,"가축 분뇨 냄새(닭, 돼지, 소)",-3:-2,-1
2021-06-02 22:51:00,35.961094,126.97768,영등동,4,"가축 분뇨 냄새(닭, 돼지, 소)",-2:0,97
2021-06-02 22:55:00,35.957485,126.962135,신동,3,"가축 분뇨 냄새(닭, 돼지, 소)",-4:0,-1
2021-06-02 22:58:00,35.958866,126.9397,모현동2가,4,기타,-9:0,-1
2021-06-02 22:59:00,35.92712,126.95346,인화동2가,3,"가축 분뇨 냄새(닭, 돼지, 소)",-6:-7,-1
2021-06-02 23:01:00,35.964718,126.981995,어양동,4,"공장 냄새(화학약품, 매캐함)",-1:1,97
2021-06-02 23:05:00,35.947437,126.941925,모현동1가,2,하수구 냄새,-8:-3,-1
2021-06-02 23:07:00,35.9472,126.93858,모현동1가,4,기타,-9:-3,-1
2021-06-02 23:09:00,36.000267,127.06368,금마면 동고도리,4,"공장 냄새(화학약품, 매캐함)",14:9,-1
2021-06-02 23:14:00,35.92704,126.95439,인화동2가,5,하수구 냄새,-6:-7,-1
2021-06-02 23:16:00,35.95365,126.98776,어양동,3,"가축 분뇨 냄새(닭, 돼지, 소)",0:-1,-1
2021-06-03 00:07:00,35.956745,126.99347,부송동,3,"공장 냄새(화학약품, 매캐함)",1:0,-1
2021-06-03 01:47:00,35.93411,126.97003,동산동,5,"공장 냄새(화학약품, 매캐함)",-3:-5,-1
2021-06-03 11:02:00,36.067604,126.9857,낭산면 용기리,5,"가축 분뇨 냄새(닭, 돼지, 소)",0:24,-1
2021-06-04 10:49:00,35.992348,127.06014,금마면 동고도리,4,"공장 냄새(화학약품, 매캐함)",13:7,-1
2021-06-05 01:08:00,35.93374,126.96993,동산동,5,하수구 냄새,-3:-6,-1
2021-06-05 01:16:00,35.930035,126.96977,동산동,4,기타,-3:-6,-1
2021-06-05 01:17:00,35.931442,126.96933,동산동,4,기타,-3:-6,-1
2021-06-05 02:52:00,35.92687,126.95342,인화동2가,5,기타,-6:-7,98
2021-06-05 02:54:00,35.926804,126.95371,인화동2가,5,하수구 냄새,-6:-7,98
2021-06-05 02:55:00,35.927147,126.95404,인화동2가,5,"가축 분뇨 냄새(닭, 돼지, 소)",-6:-7,98
2021-06-05 02:56:00,35.927254,126.9543,인화동2가,5,기타,-6:-7,98
2021-06-05 02:56:00,35.92722,126.95426,인화동2가,5,"가축 분뇨 냄새(닭, 돼지, 소)",-6:-7,98
2021-06-05 10:10:00,35.944656,126.93133,송학동,4,"공장 냄새(화학약품, 매캐함)",-10:-3,-1
2021-06-05 11:05:00,35.94744,126.9464,모현동1가,4,"공장 냄새(화학약품, 매캐함)",-7:-3,-1
2021-06-05 13:01:00,35.94856,126.964005,영등동,4,"공장 냄새(화학약품, 매캐함)",-4:-2,-1
2021-06-05 14:42:00,35.944153,126.92998,송학동,4,"공장 냄새(화학약품, 매캐함)",-10:-3,-1
2021-06-05 16:49:00,35.926212,126.95917,동산동,4,"공장 냄새(화학약품, 매캐함)",-5:-7,-1
2021-06-05 17:27:00,35.92722,126.95966,동산동,3,"공장 냄새(화학약품, 매캐함)",-5:-7,-1
2021-06-05 19:32:00,35.94881,126.94451,모현동1가,4,"공장 냄새(화학약품, 매캐함)",-8:-2,-1
2021-06-05 19:37:00,35.947166,126.93802,모현동1가,3,"공장 냄새(화학약품, 매캐함)",-9:-3,-1
2021-06-05 19:40:00,35.948574,126.96398,영등동,5,"공장 냄새(화학약품, 매캐함)",-4:-2,-1
2021-06-05 19:59:00,35.944332,126.93044,송학동,5,"공장 냄새(화학약품, 매캐함)",-10:-3,-1
2021-06-05 21:32:00,35.946014,127.08789,왕궁면 구덕리,5,"공장 냄새(화학약품, 매캐함)",18:-3,-1
2021-06-05 23:59:00,35.956745,126.99336,부송동,5,"공장 냄새(화학약품, 매캐함)",1:0,-1
2021-06-06 00:13:00,35.92722,126.95474,인화동2가,4,"가축 분뇨 냄새(닭, 돼지, 소)",-6:-7,-1
2021-06-06 01:08:00,35.94657,126.94103,모현동1가,4,"가축 분뇨 냄새(닭, 돼지, 소)",-8:-3,-1
2021-06-06 01:22:00,35.943253,126.93713,송학동,4,"가축 분뇨 냄새(닭, 돼지, 소)",-9:-3,-1
2021-06-06 01:38:00,35.94661,126.94445,모현동1가,5,기타,-8:-3,-1
2021-06-06 01:39:00,35.945564,126.94551,모현동1가,5,기타,-7:-3,-1
2021-06-06 03:36:00,35.931297,126.96937,동산동,4,기타,-3:-6,-1
2021-06-06 09:34:00,35.96569,127.01614,팔봉동,4,"공장 냄새(화학약품, 매캐함)",5:2,-1
2021-06-06 13:05:00,35.944405,126.93022,송학동,5,"공장 냄새(화학약품, 매캐함)",-10:-3,-1
2021-06-06 14:41:00,35.926212,126.9591,동산동,4,"공장 냄새(화학약품, 매캐함)",-5:-7,-1
2021-06-06 16:25:00,36.11216,126.98438,용동면 용성리,5,기타,0:34,-1
2021-06-06 16:25:00,35.963455,126.985146,부송동,5,"공장 냄새(화학약품, 매캐함)",0:1,-1
2021-06-06 17:16:00,35.96479,126.98248,어양동,5,하수구 냄새,-1:1,-1
2021-06-06 17:21:00,35.956715,126.98089,어양동,5,"공장 냄새(화학약품, 매캐함)",-1:0,-1
2021-06-06 17:27:00,35.947147,126.938774,모현동1가,5,"공장 냄새(화학약품, 매캐함)",-9:-3,-1
2021-06-06 17:28:00,35.932995,126.99049,신흥동,5,"공장 냄새(화학약품, 매캐함)",1:-6,-1
2021-06-06 17:56:00,35.927006,126.96503,동산동,5,"공장 냄새(화학약품, 매캐함)",-4:-7,-1
2021-06-06 18:30:00,35.954338,126.98382,어양동,3,"공장 냄새(화학약품, 매캐함)",-1:-1,99
2021-06-06 18:38:00,35.95345,126.970406,영등동,3,"공장 냄새(화학약품, 매캐함)",-3:-1,99
2021-06-06 18:39:00,35.95741,126.97562,영등동,3,"공장 냄새(화학약품, 매캐함)",-2:0,99
2021-06-06 18:43:00,35.959003,126.97115,영등동,4,"공장 냄새(화학약품, 매캐함)",-3:0,99
2021-06-06 18:44:00,35.954063,126.929726,오산면 장신리,3,"공장 냄새(화학약품, 매캐함)",-10:-1,-1
2021-06-06 18:49:00,35.958645,126.98348,어양동,3,"공장 냄새(화학약품, 매캐함)",-1:0,99
2021-06-06 18:54:00,35.963028,126.95594,신동,5,"공장 냄새(화학약품, 매캐함)",-6:1,99
2021-06-06 19:04:00,35.961727,126.99004,부송동,3,"공장 냄새(화학약품, 매캐함)",1:1,99
2021-06-06 19:06:00,35.961147,126.97535,영등동,5,"공장 냄새(화학약품, 매캐함)",-2:1,99
2021-06-06 19:07:00,35.965294,127.01632,팔봉동,4,"공장 냄새(화학약품, 매캐함)",5:1,-1
2021-06-06 19:09:00,35.930904,126.991005,신흥동,5,"공장 냄새(화학약품, 매캐함)",1:-6,-1
2021-06-06 19:10:00,35.959995,126.9859,어양동,5,"공장 냄새(화학약품, 매캐함)",0:0,99
2021-06-06 19:15:00,35.955536,126.95536,남중동,4,"공장 냄새(화학약품, 매캐함)",-6:-1,99
2021-06-06 19:18:00,35.9278,126.96615,동산동,4,"공장 냄새(화학약품, 매캐함)",-4:-7,-1
2021-06-06 19:18:00,35.962555,126.99237,부송동,3,"공장 냄새(화학약품, 매캐함)",1:1,99
2021-06-06 19:18:00,35.961258,126.99401,부송동,4,"공장 냄새(화학약품, 매캐함)",1:1,99
2021-06-06 19:21:00,35.95826,126.96204,신동,5,"공장 냄새(화학약품, 매캐함)",-4:0,99
2021-06-06 19:22:00,35.95713,126.97983,어양동,4,"공장 냄새(화학약품, 매캐함)",-1:0,99
2021-06-06 19:25:00,35.956806,126.99364,부송동,3,"공장 냄새(화학약품, 매캐함)",1:0,99
2021-06-06 19:25:00,35.94233,126.96617,마동,5,"공장 냄새(화학약품, 매캐함)",-4:-4,99
2021-06-06 19:26:00,35.95826,126.96204,신동,5,"공장 냄새(화학약품, 매캐함)",-4:0,99
2021-06-06 19:27:00,35.953976,126.98129,어양동,3,"공장 냄새(화학약품, 매캐함)",-1:-1,99
2021-06-06 19:28:00,35.95826,126.96204,신동,4,"공장 냄새(화학약품, 매캐함)",-4:0,99
2021-06-06 19:42:00,35.92722,126.95966,동산동,4,"공장 냄새(화학약품, 매캐함)",-5:-7,-1
2021-06-06 19:46:00,35.946278,126.92864,오산면 송학리,4,"공장 냄새(화학약품, 매캐함)",-11:-3,-1
2021-06-06 19:52:00,35.937035,126.99087,신흥동,5,"공장 냄새(화학약품, 매캐함)",1:-5,-1
2021-06-06 19:53:00,35.957294,126.996544,부송동,5,"공장 냄새(화학약품, 매캐함)",2:0,99
2021-06-06 20:08:00,35.953487,126.93105,오산면 장신리,5,"공장 냄새(화학약품, 매캐함)",-10:-1,-1
2021-06-06 20:18:00,35.950764,126.9648,영등동,4,"공장 냄새(화학약품, 매캐함)",-4:-2,99
2021-06-06 20:20:00,35.930233,126.9587,동산동,5,"공장 냄새(화학약품, 매캐함)",-5:-6,-1
2021-06-06 20:37:00,35.930286,126.958954,동산동,5,"공장 냄새(화학약품, 매캐함)",-5:-6,-1
2021-06-06 20:38:00,35.951412,126.96458,영등동,5,"공장 냄새(화학약품, 매캐함)",-4:-2,99
2021-06-06 20:41:00,35.948048,126.9374,모현동1가,5,"공장 냄새(화학약품, 매캐함)",-9:-2,100
2021-06-06 21:05:00,35.94191,126.93692,송학동,5,"공장 냄새(화학약품, 매캐함)",-9:-4,100
2021-06-06 21:17:00,35.944836,126.92978,송학동,2,"공장 냄새(화학약품, 매캐함)",-10:-3,100
2021-06-06 21:32:00,35.961246,126.95645,신동,4,"공장 냄새(화학약품, 매캐함)",-6:1,-1
2021-06-06 21:48:00,35.946033,126.946,모현동1가,4,"가축 분뇨 냄새(닭, 돼지, 소)",-7:-3,-1
2021-06-06 23:51:00,35.962547,126.983086,어양동,4,"공장 냄새(화학약품, 매캐함)",-1:1,-1
2021-06-06 23:52:00,35.953255,126.984215,어양동,2,"가축 분뇨 냄새(닭, 돼지, 소)",0:-1,-1
2021-06-07 00:27:00,35.955524,126.986565,어양동,2,기타,0:-1,-1
2021-06-07 01:39:00,35.94643,126.94516,모현동1가,5,기타,-8:-3,-1
2021-06-07 09:13:00,35.963745,127.01547,팔봉동,3,"가축 분뇨 냄새(닭, 돼지, 소)",5:1,-1
2021-06-07 11:18:00,35.95826,126.96204,신동,4,"공장 냄새(화학약품, 매캐함)",-4:0,-1
2021-06-07 13:25:00,35.95828,126.96206,신동,4,"공장 냄새(화학약품, 매캐함)",-4:0,-1
2021-06-07 14:49:00,35.947334,126.955574,남중동,3,"공장 냄새(화학약품, 매캐함)",-6:-3,-1
2021-06-07 15:52:00,35.92888,126.95515,인화동2가,4,"공장 냄새(화학약품, 매캐함)",-6:-7,-1
2021-06-07 16:01:00,35.930267,126.95883,동산동,4,"공장 냄새(화학약품, 매캐함)",-5:-6,-1
2021-06-07 17:56:00,35.963963,126.97925,영등동,4,"공장 냄새(화학약품, 매캐함)",-1:1,-1
2021-06-07 18:54:00,35.954464,126.934425,모현동2가,4,"가축 분뇨 냄새(닭, 돼지, 소)",-9:-1,-1
2021-06-07 19:20:00,35.944187,126.93,송학동,4,"공장 냄새(화학약품, 매캐함)",-10:-3,-1
2021-06-07 19:20:00,35.965763,127.01645,팔봉동,4,"공장 냄새(화학약품, 매캐함)",5:2,-1
2021-06-07 19:27:00,35.946213,126.94543,모현동1가,5,"공장 냄새(화학약품, 매캐함)",-7:-3,-1
2021-06-07 19:28:00,35.950974,126.950386,남중동,5,"공장 냄새(화학약품, 매캐함)",-7:-2,-1
2021-06-07 19:32:00,35.943214,126.93262,송학동,3,"공장 냄새(화학약품, 매캐함)",-10:-3,-1
2021-06-07 19:48:00,35.96353,126.99255,부송동,5,"공장 냄새(화학약품, 매캐함)",1:1,-1
2021-06-07 19:58:00,35.95733,126.99778,부송동,5,"공장 냄새(화학약품, 매캐함)",2:0,-1
2021-06-07 20:04:00,35.947437,126.941925,모현동1가,4,"공장 냄새(화학약품, 매캐함)",-8:-3,101
2021-06-07 20:22:00,35.949078,126.94057,모현동1가,4,"공장 냄새(화학약품, 매캐함)",-8:-2,101
2021-06-07 20:28:00,35.930286,126.95898,동산동,4,"공장 냄새(화학약품, 매캐함)",-5:-6,-1
2021-06-07 20:40:00,35.92722,126.95966,동산동,5,"공장 냄새(화학약품, 매캐함)",-5:-7,-1
2021-06-08 06:41:00,36.067604,126.9857,낭산면 용기리,4,기타,0:24,-1
2021-06-08 07:04:00,35.957256,126.999466,부송동,3,"공장 냄새(화학약품, 매캐함)",2:0,-1
2021-06-08 15:57:00,35.926643,126.95448,인화동2가,3,"공장 냄새(화학약품, 매캐함)",-6:-7,-1
2021-06-08 17:00:00,35.970108,126.93552,현영동,4,"가축 분뇨 냄새(닭, 돼지, 소)",-9:2,-1
2021-06-08 17:04:00,35.928738,126.96312,동산동,5,"공장 냄새(화학약품, 매캐함)",-4:-7,-1
2021-06-08 17:20:00,35.963314,126.98315,어양동,3,"공장 냄새(화학약품, 매캐함)",-1:1,-1
2021-06-08 17:50:00,35.960716,126.994194,부송동,4,"공장 냄새(화학약품, 매캐함)",1:0,-1
2021-06-08 20:09:00,35.917984,126.889336,오산면 남전리,4,기타,-18:-9,-1
2021-06-09 01:39:00,35.924225,127.05372,춘포면 쌍정리,4,기타,12:-8,-1
2021-06-09 06:03:00,35.94855,126.964005,영등동,5,음식조리 냄새,-4:-2,-1
2021-06-09 06:32:00,35.96551,127.015785,팔봉동,5,기타,5:1,-1
2021-06-09 07:50:00,35.961044,126.99415,부송동,3,"공장 냄새(화학약품, 매캐함)",1:0,-1
2021-06-09 07:52:00,35.928738,126.96312,동산동,3,"공장 냄새(화학약품, 매캐함)",-4:-7,-1
2021-06-09 09:10:00,35.963203,126.98439,부송동,3,"공장 냄새(화학약품, 매캐함)",0:1,-1
2021-06-09 12:38:00,35.936203,126.99233,신흥동,5,"공장 냄새(화학약품, 매캐함)",1:-5,-1
2021-06-09 13:32:00,35.9709,126.935715,현영동,5,하수구 냄새,-9:3,-1
2021-06-09 15:44:00,35.93534,126.991936,신흥동,5,"공장 냄새(화학약품, 매캐함)",1:-5,-1
2021-06-09 15:55:00,35.94686,126.94622,모현동1가,5,"공장 냄새(화학약품, 매캐함)",-7:-3,-1
2021-06-09 16:10:00,35.953175,126.95362,남중동,5,하수구 냄새,-6:-1,-1
2021-06-09 16:13:00,35.94611,126.95811,남중동,5,"공장 냄새(화학약품, 매캐함)",-5:-3,-1
2021-06-09 18:36:00,35.917976,126.88935,오산면 남전리,2,기타,-18:-9,-1
2021-06-09 18:59:00,35.930573,126.95662,인화동2가,4,"가축 분뇨 냄새(닭, 돼지, 소)",-5:-6,-1
2021-06-09 19:00:00,35.941704,126.936386,송학동,3,"공장 냄새(화학약품, 매캐함)",-9:-4,-1
2021-06-09 19:14:00,35.964176,126.98501,부송동,2,"공장 냄새(화학약품, 매캐함)",0:1,102
2021-06-09 19:25:00,35.961365,126.978096,영등동,5,"공장 냄새(화학약품, 매캐함)",-2:1,102
2021-06-09 19:29:00,35.947014,126.9606,남중동,4,"공장 냄새(화학약품, 매캐함)",-5:-3,-1
2021-06-09 19:33:00,35.959347,126.99987,부송동,2,"공장 냄새(화학약품, 매캐함)",2:0,102
2021-06-09 19:34:00,35.952084,126.93323,모현동2가,5,"공장 냄새(화학약품, 매캐함)",-10:-1,-1
2021-06-09 19:36:00,35.943394,126.92964,송학동,5,"공장 냄새(화학약품, 매캐함)",-10:-3,-1
2021-06-09 19:46:00,35.950027,126.9867,어양동,5,"공장 냄새(화학약품, 매캐함)",0:-2,102
2021-06-09 19:46:00,35.93404,126.993,신흥동,5,"공장 냄새(화학약품, 매캐함)",1:-5,-1
2021-06-09 19:52:00,35.961185,126.993126,부송동,4,하수구 냄새,1:1,102
2021-06-09 19:54:00,35.956844,126.99349,부송동,3,"공장 냄새(화학약품, 매캐함)",1:0,102
2021-06-09 19:57:00,35.9459,126.97739,신흥동,4,"공장 냄새(화학약품, 매캐함)",-2:-3,-1
2021-06-09 20:03:00,35.954082,126.970955,영등동,5,"공장 냄새(화학약품, 매캐함)",-3:-1,-1
2021-06-09 20:04:00,35.949863,126.97641,영등동,5,"공장 냄새(화학약품, 매캐함)",-2:-2,-1
2021-06-09 20:07:00,35.961113,126.9945,부송동,5,"공장 냄새(화학약품, 매캐함)",1:1,102
2021-06-09 20:08:00,35.963387,126.993706,부송동,4,"공장 냄새(화학약품, 매캐함)",1:1,102
2021-06-09 20:17:00,35.949165,126.93647,모현동1가,5,"공장 냄새(화학약품, 매캐함)",-9:-2,103
2021-06-09 20:30:00,35.947437,126.941925,모현동1가,5,"공장 냄새(화학약품, 매캐함)",-8:-3,103
2021-06-09 20:49:00,35.947624,126.955795,남중동,3,"공장 냄새(화학약품, 매캐함)",-6:-2,103
2021-06-09 20:49:00,35.96133,126.994415,부송동,5,"공장 냄새(화학약품, 매캐함)",1:1,102
2021-06-09 20:50:00,35.957798,126.98437,어양동,5,"가축 분뇨 냄새(닭, 돼지, 소)",0:0,102
2021-06-09 20:56:00,35.95394,126.98847,어양동,3,"가축 분뇨 냄새(닭, 돼지, 소)",0:-1,102
2021-06-09 20:56:00,35.928593,126.963165,동산동,5,"공장 냄새(화학약품, 매캐함)",-4:-7,104
2021-06-09 20:57:00,35.926186,126.95918,동산동,5,"공장 냄새(화학약품, 매캐함)",-5:-7,104
2021-06-09 20:58:00,35.930218,126.97132,동산동,5,"가축 분뇨 냄새(닭, 돼지, 소)",-3:-6,104
2021-06-09 21:05:00,35.928738,126.96314,동산동,5,"가축 분뇨 냄새(닭, 돼지, 소)",-4:-7,104
2021-06-09 21:07:00,35.949596,126.935936,모현동1가,5,"공장 냄새(화학약품, 매캐함)",-9:-2,103
2021-06-09 21:10:00,35.96061,126.985634,어양동,5,"공장 냄새(화학약품, 매캐함)",0:0,102
2021-06-09 21:12:00,35.961475,126.99344,부송동,5,"공장 냄새(화학약품, 매캐함)",1:1,102
2021-06-09 21:12:00,35.92842,126.96324,동산동,3,"공장 냄새(화학약품, 매캐함)",-4:-7,104
2021-06-09 21:13:00,35.94744,126.9464,모현동1가,5,"공장 냄새(화학약품, 매캐함)",-7:-3,103
2021-06-09 21:14:00,35.958866,126.9397,모현동2가,5,"공장 냄새(화학약품, 매캐함)",-9:0,-1
2021-06-09 21:22:00,35.945957,126.93904,모현동1가,5,"공장 냄새(화학약품, 매캐함)",-9:-3,103
2021-06-09 21:28:00,35.946106,126.946,모현동1가,5,"공장 냄새(화학약품, 매캐함)",-7:-3,103
2021-06-09 21:38:00,35.96018,126.989494,부송동,5,"공장 냄새(화학약품, 매캐함)",0:0,102
2021-06-09 21:42:00,35.944168,126.93042,송학동,5,"공장 냄새(화학약품, 매캐함)",-10:-3,103
2021-06-09 21:54:00,35.963745,126.9851,부송동,3,"공장 냄새(화학약품, 매캐함)",0:1,102
2021-06-09 22:15:00,35.932297,126.941,평화동,4,"공장 냄새(화학약품, 매캐함)",-8:-6,-1
2021-06-09 22:20:00,35.94383,126.93027,송학동,5,"공장 냄새(화학약품, 매캐함)",-10:-3,103
2021-06-09 22:33:00,35.948536,126.964005,영등동,4,"공장 냄새(화학약품, 매캐함)",-4:-2,-1
2021-06-09 22:43:00,35.92623,126.95916,동산동,5,"공장 냄새(화학약품, 매캐함)",-5:-7,-1
2021-06-09 22:46:00,35.94751,126.93797,모현동1가,5,"공장 냄새(화학약품, 매캐함)",-9:-3,-1
2021-06-09 22:57:00,35.960392,126.98931,부송동,5,"공장 냄새(화학약품, 매캐함)",0:0,-1
2021-06-09 22:58:00,35.945564,126.945114,모현동1가,5,"공장 냄새(화학약품, 매캐함)",-8:-3,-1
2021-06-09 23:02:00,35.964504,126.98683,부송동,5,"공장 냄새(화학약품, 매캐함)",0:1,-1
2021-06-09 23:04:00,35.928738,126.96312,동산동,5,"공장 냄새(화학약품, 매캐함)",-4:-7,105
2021-06-09 23:05:00,35.92649,126.95882,동산동,3,하수구 냄새,-5:-7,105
2021-06-09 23:24:00,35.95826,126.96204,신동,4,하수구 냄새,-4:0,-1
2021-06-09 23:33:00,35.959854,126.99987,부송동,4,기타,2:0,-1
2021-06-09 23:36:00,35.95704,126.97579,영등동,4,"공장 냄새(화학약품, 매캐함)",-2:0,-1
2021-06-09 23:37:00,35.943752,126.964066,마동,3,"공장 냄새(화학약품, 매캐함)",-4:-3,-1
2021-06-09 23:38:00,35.92651,126.958725,동산동,5,"공장 냄새(화학약품, 매캐함)",-5:-7,105
2021-06-09 23:45:00,35.928738,126.96312,동산동,3,"공장 냄새(화학약품, 매캐함)",-4:-7,105
2021-06-09 23:47:00,35.95087,126.9648,영등동,5,"공장 냄새(화학약품, 매캐함)",-4:-2,-1
2021-06-09 23:48:00,35.963383,126.97362,영등동,3,"가축 분뇨 냄새(닭, 돼지, 소)",-2:1,-1
2021-06-09 23:57:00,35.928238,126.96346,동산동,3,"공장 냄새(화학약품, 매캐함)",-4:-7,105
2021-06-09 23:58:00,35.962547,126.982956,어양동,4,"공장 냄새(화학약품, 매캐함)",-1:1,106
2021-06-10 00:00:00,35.962543,126.983,어양동,4,"공장 냄새(화학약품, 매캐함)",-1:1,106
2021-06-10 00:12:00,35.953423,126.94444,모현동1가,5,"가축 분뇨 냄새(닭, 돼지, 소)",-8:-1,-1
2021-06-10 00:24:00,35.94649,126.958534,남중동,5,"공장 냄새(화학약품, 매캐함)",-5:-3,-1
2021-06-10 00:36:00,35.94119,126.95051,창인동1가,4,"공장 냄새(화학약품, 매캐함)",-7:-4,-1
2021-06-10 01:00:00,35.93377,126.96991,동산동,5,"공장 냄새(화학약품, 매캐함)",-3:-6,-1
2021-06-10 01:06:00,35.96562,126.98302,어양동,3,"공장 냄새(화학약품, 매캐함)",-1:2,-1
2021-06-10 01:09:00,35.965675,126.98348,어양동,4,"공장 냄새(화학약품, 매캐함)",-1:2,-1
2021-06-10 01:15:00,35.926258,126.95921,동산동,5,"공장 냄새(화학약품, 매캐함)",-5:-7,-1
2021-06-10 04:47:00,35.94809,126.945244,모현동1가,5,"공장 냄새(화학약품, 매캐함)",-8:-2,-1
2021-06-10 06:18:00,35.956547,126.995,부송동,3,"공장 냄새(화학약품, 매캐함)",1:-1,-1
2021-06-10 06:37:00,35.958088,126.998955,부송동,4,"공장 냄새(화학약품, 매캐함)",2:0,-1
2021-06-10 07:31:00,35.944843,126.929794,송학동,4,"공장 냄새(화학약품, 매캐함)",-10:-3,-1
2021-06-10 08:51:00,35.945564,126.945206,모현동1가,5,"공장 냄새(화학약품, 매캐함)",-8:-3,-1
2021-06-10 08:53:00,35.953144,126.965065,영등동,5,"공장 냄새(화학약품, 매캐함)",-4:-1,-1
2021-06-10 09:13:00,35.964504,126.98683,부송동,4,"공장 냄새(화학약품, 매캐함)",0:1,-1
2021-06-10 10:10:00,35.93312,126.98976,신흥동,5,"공장 냄새(화학약품, 매캐함)",0:-6,-1
2021-06-10 10:32:00,35.946754,126.94666,모현동1가,5,"공장 냄새(화학약품, 매캐함)",-7:-3,-1
2021-06-10 10:34:00,35.94648,126.958405,남중동,5,"공장 냄새(화학약품, 매캐함)",-5:-3,-1
2021-06-10 10:35:00,35.961258,126.974815,영등동,3,"공장 냄새(화학약품, 매캐함)",-2:1,-1
2021-06-10 10:48:00,35.95826,126.96204,신동,3,"공장 냄새(화학약품, 매캐함)",-4:0,-1
2021-06-10 12:07:00,35.94744,126.9464,모현동1가,5,"공장 냄새(화학약품, 매캐함)",-7:-3,-1
2021-06-10 12:43:00,35.964504,126.98683,부송동,5,"공장 냄새(화학약품, 매캐함)",0:1,-1
2021-06-10 12:55:00,35.94708,126.946754,모현동1가,5,"공장 냄새(화학약품, 매캐함)",-7:-3,-1
2021-06-10 13:27:00,35.928738,126.96312,동산동,5,"공장 냄새(화학약품, 매캐함)",-4:-7,-1
2021-06-10 13:32:00,35.93231,126.966576,동산동,5,"공장 냄새(화학약품, 매캐함)",-4:-6,-1
2021-06-10 13:32:00,35.963276,126.98386,어양동,3,"공장 냄새(화학약품, 매캐함)",-1:1,-1
2021-06-10 13:40:00,35.93024,126.95891,동산동,5,"공장 냄새(화학약품, 매캐함)",-5:-6,-1
2021-06-10 13:40:00,35.92661,126.958755,동산동,5,"공장 냄새(화학약품, 매캐함)",-5:-7,-1
2021-06-10 13:56:00,35.953255,126.984215,어양동,5,"공장 냄새(화학약품, 매캐함)",0:-1,-1
2021-06-10 14:54:00,35.930614,126.969795,동산동,4,"공장 냄새(화학약품, 매캐함)",-3:-6,107
2021-06-10 15:09:00,35.929386,126.96569,동산동,5,"공장 냄새(화학약품, 매캐함)",-4:-7,107
2021-06-10 15:16:00,35.928738,126.96314,동산동,5,"공장 냄새(화학약품, 매캐함)",-4:-7,107
2021-06-10 15:17:00,35.928486,126.96308,동산동,5,"공장 냄새(화학약품, 매캐함)",-4:-7,107
2021-06-10 15:25:00,35.928486,126.9633,동산동,5,"공장 냄새(화학약품, 매캐함)",-4:-7,107
2021-06-10 15:25:00,35.928486,126.9633,동산동,5,"공장 냄새(화학약품, 매캐함)",-4:-7,107
2021-06-10 15:30:00,35.92553,126.9633,동산동,5,하수구 냄새,-4:-7,107
2021-06-10 15:31:00,35.928738,126.96312,동산동,5,"공장 냄새(화학약품, 매캐함)",-4:-7,107
2021-06-10 16:16:00,35.961365,126.974815,영등동,4,"공장 냄새(화학약품, 매캐함)",-2:1,-1
2021-06-10 16:17:00,35.95729,126.974174,영등동,3,"공장 냄새(화학약품, 매캐함)",-2:0,-1
2021-06-10 16:23:00,35.94744,126.9464,모현동1가,5,"공장 냄새(화학약품, 매캐함)",-7:-3,-1
2021-06-10 16:38:00,35.929928,126.97245,금강동,5,"가축 분뇨 냄새(닭, 돼지, 소)",-3:-6,-1
2021-06-10 16:51:00,35.94744,126.9464,모현동1가,5,"공장 냄새(화학약품, 매캐함)",-7:-3,-1
2021-06-10 16:53:00,35.95902,126.9624,신동,5,"공장 냄새(화학약품, 매캐함)",-4:0,-1
2021-06-10 17:09:00,35.93393,126.97012,동산동,3,"공장 냄새(화학약품, 매캐함)",-3:-6,-1
2021-06-10 17:10:00,35.934254,126.97039,동산동,5,"공장 냄새(화학약품, 매캐함)",-3:-5,108
2021-06-10 17:25:00,35.92619,126.95914,동산동,5,"공장 냄새(화학약품, 매캐함)",-5:-7,108
2021-06-10 17:34:00,35.965908,126.985146,부송동,4,"공장 냄새(화학약품, 매캐함)",0:2,-1
2021-06-10 17:35:00,35.928337,126.954704,인화동2가,5,"공장 냄새(화학약품, 매캐함)",-6:-7,108
2021-06-10 17:40:00,35.95223,126.936066,모현동1가,4,"가축 분뇨 냄새(닭, 돼지, 소)",-9:-1,-1
2021-06-10 17:41:00,35.932297,126.941,평화동,5,"공장 냄새(화학약품, 매캐함)",-8:-6,-1
2021-06-10 17:51:00,35.942364,126.96622,마동,5,"공장 냄새(화학약품, 매캐함)",-4:-4,108
2021-06-10 18:01:00,35.928226,126.96339,동산동,4,"공장 냄새(화학약품, 매캐함)",-4:-7,108
2021-06-10 18:02:00,35.961044,126.9941,부송동,4,"공장 냄새(화학약품, 매캐함)",1:0,-1
2021-06-10 18:05:00,35.957836,126.99898,부송동,4,"공장 냄새(화학약품, 매캐함)",2:0,-1
2021-06-10 18:11:00,35.94744,126.9464,모현동1가,5,"공장 냄새(화학약품, 매캐함)",-7:-3,-1
2021-06-10 18:17:00,35.947437,126.941925,모현동1가,5,"공장 냄새(화학약품, 매캐함)",-8:-3,-1
2021-06-10 19:03:00,35.95826,126.96204,신동,5,하수구 냄새,-4:0,-1
2021-06-10 19:46:00,35.941097,126.95066,창인동1가,5,"공장 냄새(화학약품, 매캐함)",-7:-4,-1
2021-06-10 20:37:00,35.965763,127.016716,팔봉동,4,"공장 냄새(화학약품, 매캐함)",5:2,-1
2021-06-10 20:56:00,35.963997,127.01468,팔봉동,5,"공장 냄새(화학약품, 매캐함)",5:1,-1
2021-06-10 21:25:00,35.94614,126.94529,모현동1가,5,"공장 냄새(화학약품, 매캐함)",-8:-3,-1
2021-06-10 21:25:00,35.965584,127.01654,팔봉동,4,"공장 냄새(화학약품, 매캐함)",5:1,-1
2021-06-10 21:26:00,35.95299,126.94307,모현동1가,5,"공장 냄새(화학약품, 매캐함)",-8:-1,-1
2021-06-10 22:11:00,35.94744,126.94653,모현동1가,5,"공장 냄새(화학약품, 매캐함)",-7:-3,-1
2021-06-10 23:50:00,35.932114,126.95688,주현동,3,기타,-5:-6,-1
2021-06-11 00:12:00,35.96551,127.01632,팔봉동,2,"공장 냄새(화학약품, 매캐함)",5:1,-1
2021-06-11 08:03:00,35.93197,126.941025,평화동,3,음식조리 냄새,-8:-6,-1
2021-06-11 13:09:00,35.970364,126.937096,현영동,5,하수구 냄새,-9:3,-1
2021-06-11 21:02:00,35.926132,126.95894,동산동,3,기타,-5:-7,-1
2021-06-11 22:25:00,35.947437,126.941925,모현동1가,4,"가축 분뇨 냄새(닭, 돼지, 소)",-8:-3,-1
2021-06-12 07:43:00,35.947437,126.941925,모현동1가,5,기타,-8:-3,-1
2021-06-12 17:31:00,35.953686,126.9851,어양동,3,"공장 냄새(화학약품, 매캐함)",0:-1,-1
2021-06-12 17:41:00,35.954624,126.97278,영등동,5,"공장 냄새(화학약품, 매캐함)",-3:-1,-1
2021-06-12 17:51:00,35.95268,126.985634,어양동,5,"공장 냄새(화학약품, 매캐함)",0:-1,-1
2021-06-12 19:20:00,35.96252,126.99344,부송동,3,"공장 냄새(화학약품, 매캐함)",1:1,-1
2021-06-12 19:45:00,35.942543,126.96626,마동,5,"공장 냄새(화학약품, 매캐함)",-4:-4,-1
2021-06-12 21:39:00,36.067604,126.9857,낭산면 용기리,5,기타,0:24,-1
2021-06-12 22:23:00,35.95256,126.95094,모현동1가,2,"가축 분뇨 냄새(닭, 돼지, 소)",-6:-1,-1
2021-06-12 22:50:00,35.961437,126.97508,영등동,3,"공장 냄새(화학약품, 매캐함)",-2:1,-1
2021-06-12 23:00:00,35.961582,126.978096,영등동,4,"가축 분뇨 냄새(닭, 돼지, 소)",-2:1,-1
2021-06-13 11:50:00,35.94708,126.946754,모현동1가,4,"공장 냄새(화학약품, 매캐함)",-7:-3,-1
2021-06-13 14:04:00,35.96168,126.97415,영등동,3,"공장 냄새(화학약품, 매캐함)",-2:1,-1
2021-06-13 14:13:00,35.94618,126.94644,모현동1가,5,"공장 냄새(화학약품, 매캐함)",-7:-3,-1
2021-06-13 15:18:00,35.94167,126.93754,송학동,5,"공장 냄새(화학약품, 매캐함)",-9:-4,-1
2021-06-13 15:20:00,35.953865,126.974815,영등동,5,"공장 냄새(화학약품, 매캐함)",-2:-1,-1
2021-06-13 15:59:00,35.94607,126.94587,모현동1가,5,"공장 냄새(화학약품, 매캐함)",-7:-3,-1
2021-06-13 16:20:00,35.95495,126.97202,영등동,4,"공장 냄새(화학약품, 매캐함)",-3:-1,-1
2021-06-13 16:41:00,35.954212,126.936195,모현동2가,5,"공장 냄새(화학약품, 매캐함)",-9:-1,-1
2021-06-13 16:59:00,35.943913,126.964134,마동,3,"공장 냄새(화학약품, 매캐함)",-4:-3,-1
2021-06-13 18:14:00,35.946213,126.94649,모현동1가,4,"공장 냄새(화학약품, 매캐함)",-7:-3,-1
2021-06-13 19:17:00,35.9474,126.938065,모현동1가,3,"공장 냄새(화학약품, 매캐함)",-9:-3,-1
2021-06-13 19:19:00,35.94621,126.98739,신흥동,5,"공장 냄새(화학약품, 매캐함)",0:-3,-1
2021-06-13 19:36:00,35.95064,126.98368,어양동,5,"공장 냄새(화학약품, 매캐함)",-1:-2,-1
2021-06-13 19:52:00,35.93658,126.92815,송학동,5,"공장 냄새(화학약품, 매캐함)",-11:-5,-1
2021-06-13 21:29:00,35.962917,126.98417,어양동,4,"공장 냄새(화학약품, 매캐함)",-1:1,-1
2021-06-13 22:25:00,35.953472,126.98776,어양동,5,"공장 냄새(화학약품, 매캐함)",0:-1,-1
2021-06-14 08:03:00,36.067604,126.98568,낭산면 용기리,4,기타,0:24,-1
2021-06-14 13:06:00,35.948536,126.96402,영등동,4,"공장 냄새(화학약품, 매캐함)",-4:-2,-1
2021-06-14 13:33:00,35.946793,126.94653,모현동1가,4,"공장 냄새(화학약품, 매캐함)",-7:-3,-1
2021-06-14 19:18:00,35.943863,126.92958,송학동,5,"가축 분뇨 냄새(닭, 돼지, 소)",-10:-3,-1
2021-06-14 19:49:00,35.94744,126.9464,모현동1가,4,"공장 냄새(화학약품, 매캐함)",-7:-3,-1
2021-06-14 19:52:00,35.95093,126.98705,어양동,5,"공장 냄새(화학약품, 매캐함)",0:-2,-1
2021-06-14 20:30:00,35.953255,126.984215,어양동,3,"공장 냄새(화학약품, 매캐함)",0:-1,-1
2021-06-14 20:34:00,35.94522,126.93831,모현동1가,3,하수구 냄새,-9:-3,-1
2021-06-14 21:11:00,35.933777,126.969955,동산동,5,"공장 냄새(화학약품, 매캐함)",-3:-6,-1
2021-06-14 21:24:00,35.928738,126.96314,동산동,4,"공장 냄새(화학약품, 매캐함)",-4:-7,-1
2021-06-14 21:35:00,35.928738,126.96312,동산동,5,"공장 냄새(화학약품, 매캐함)",-4:-7,-1
2021-06-14 22:11:00,35.94744,126.9464,모현동1가,5,"공장 냄새(화학약품, 매캐함)",-7:-3,-1
2021-06-14 22:18:00,35.945168,126.94547,모현동1가,5,"공장 냄새(화학약품, 매캐함)",-7:-3,-1
2021-06-14 22:22:00,35.95098,126.96458,영등동,5,"공장 냄새(화학약품, 매캐함)",-4:-2,-1
2021-06-14 22:23:00,35.948456,126.96923,영등동,5,"공장 냄새(화학약품, 매캐함)",-3:-2,-1
2021-06-14 22:31:00,35.94408,126.93027,송학동,5,"공장 냄새(화학약품, 매캐함)",-10:-3,-1
2021-06-14 22:32:00,35.94693,126.93842,모현동1가,5,"공장 냄새(화학약품, 매캐함)",-9:-3,109
2021-06-14 22:36:00,35.944153,126.93062,송학동,4,"공장 냄새(화학약품, 매캐함)",-10:-3,109
2021-06-14 22:50:00,35.95338,126.931366,오산면 장신리,5,"공장 냄새(화학약품, 매캐함)",-10:-1,109
2021-06-15 09:37:00,35.957687,126.984085,어양동,5,"공장 냄새(화학약품, 매캐함)",-1:0,-1
2021-06-15 09:51:00,35.93198,126.95696,주현동,5,"공장 냄새(화학약품, 매캐함)",-5:-6,-1
2021-06-15 10:04:00,35.94744,126.9464,모현동1가,5,"공장 냄새(화학약품, 매캐함)",-7:-3,-1
2021-06-15 11:23:00,36.032833,127.00971,삼기면 연동리,3,기타,4:16,-1
2021-06-15 14:31:00,35.936565,127.057236,왕궁면 쌍제리,5,기타,13:-5,-1
2021-06-15 19:43:00,36.06537,126.98535,낭산면 용기리,5,"가축 분뇨 냄새(닭, 돼지, 소)",0:24,-1
2021-06-15 21:06:00,36.067604,126.9857,낭산면 용기리,5,기타,0:24,-1
2021-06-15 23:34:00,35.95682,126.9753,영등동,5,하수구 냄새,-2:0,-1
2021-06-16 08:00:00,36.068863,126.98749,낭산면 용기리,4,"가축 분뇨 냄새(닭, 돼지, 소)",0:24,-1
2021-06-16 10:24:00,35.96018,127.01025,팔봉동,3,"공장 냄새(화학약품, 매캐함)",4:0,-1
2021-06-16 16:45:00,35.928738,126.96312,동산동,4,"공장 냄새(화학약품, 매캐함)",-4:-7,-1
2021-06-16 18:40:00,35.926247,126.95918,동산동,4,"가축 분뇨 냄새(닭, 돼지, 소)",-5:-7,-1
2021-06-16 19:59:00,35.928738,126.96314,동산동,3,"가축 분뇨 냄새(닭, 돼지, 소)",-4:-7,-1
2021-06-16 20:00:00,35.930363,126.971634,동산동,5,기타,-3:-6,-1
2021-06-16 21:02:00,35.92509,127.05359,춘포면 쌍정리,4,하수구 냄새,12:-7,-1
2021-06-16 21:34:00,36.067604,126.98568,낭산면 용기리,3,"가축 분뇨 냄새(닭, 돼지, 소)",0:24,-1
2021-06-16 22:42:00,35.96544,127.015564,팔봉동,3,"공장 냄새(화학약품, 매캐함)",5:1,-1
2021-06-16 22:53:00,35.96295,126.991974,부송동,2,기타,1:1,-1
2021-06-17 07:58:00,35.928738,126.96312,동산동,4,기타,-4:-7,110
2021-06-17 08:04:00,35.927887,126.95836,동산동,4,하수구 냄새,-5:-7,110
2021-06-17 08:09:00,35.928738,126.96312,동산동,4,"가축 분뇨 냄새(닭, 돼지, 소)",-4:-7,110
2021-06-17 08:10:00,35.924156,126.95475,인화동2가,5,"가축 분뇨 냄새(닭, 돼지, 소)",-6:-8,110
2021-06-17 08:10:00,35.928738,126.96312,동산동,4,기타,-4:-7,110
2021-06-17 08:11:00,35.92685,126.9534,인화동2가,5,기타,-6:-7,110
2021-06-17 08:42:00,35.94321,126.96469,마동,4,하수구 냄새,-4:-3,-1
2021-06-17 08:42:00,35.96086,126.99428,부송동,4,"공장 냄새(화학약품, 매캐함)",1:0,-1
2021-06-17 08:48:00,35.932297,126.941,평화동,5,"가축 분뇨 냄새(닭, 돼지, 소)",-8:-6,-1
2021-06-17 08:49:00,35.926197,126.95916,동산동,5,"가축 분뇨 냄새(닭, 돼지, 소)",-5:-7,110
2021-06-17 08:50:00,35.961582,126.99401,부송동,3,"공장 냄새(화학약품, 매캐함)",1:1,-1
2021-06-17 08:52:00,35.943516,126.96398,마동,4,하수구 냄새,-4:-3,-1
2021-06-17 08:53:00,35.948574,126.964066,영등동,5,"가축 분뇨 냄새(닭, 돼지, 소)",-4:-2,-1
2021-06-17 09:46:00,35.95256,126.95094,모현동1가,3,"공장 냄새(화학약품, 매캐함)",-6:-1,-1
2021-06-17 09:50:00,35.953506,126.987854,어양동,5,"공장 냄새(화학약품, 매캐함)",0:-1,-1
2021-06-17 09:52:00,35.94697,126.946884,모현동1가,5,"공장 냄새(화학약품, 매캐함)",-7:-3,-1
2021-06-17 09:58:00,35.955235,126.971405,영등동,3,"공장 냄새(화학약품, 매캐함)",-3:-1,-1
2021-06-17 13:44:00,35.94744,126.9464,모현동1가,5,"공장 냄새(화학약품, 매캐함)",-7:-3,-1
2021-06-17 14:06:00,35.928738,126.96312,동산동,3,"공장 냄새(화학약품, 매캐함)",-4:-7,-1
2021-06-17 14:24:00,35.93664,127.05711,왕궁면 쌍제리,5,기타,13:-5,-1
2021-06-17 16:04:00,35.94744,126.9464,모현동1가,5,"공장 냄새(화학약품, 매캐함)",-7:-3,-1
2021-06-17 17:52:00,35.94596,126.94551,모현동1가,5,"공장 냄새(화학약품, 매캐함)",-7:-3,-1
2021-06-18 09:05:00,35.965656,127.01614,팔봉동,4,"공장 냄새(화학약품, 매캐함)",5:2,-1
2021-06-18 09:44:00,35.96461,127.01512,팔봉동,4,"공장 냄새(화학약품, 매캐함)",5:1,-1
2021-06-18 22:28:00,35.954082,126.973305,영등동,5,"가축 분뇨 냄새(닭, 돼지, 소)",-2:-1,-1
2021-06-19 16:46:00,35.928917,126.96326,동산동,5,하수구 냄새,-4:-7,-1
2021-06-19 20:28:00,35.950966,126.934425,모현동1가,5,"공장 냄새(화학약품, 매캐함)",-9:-2,-1
2021-06-19 20:46:00,35.928413,126.96308,동산동,3,"가축 분뇨 냄새(닭, 돼지, 소)",-4:-7,-1
2021-06-19 21:42:00,35.95448,126.98825,어양동,3,"공장 냄새(화학약품, 매캐함)",0:-1,-1
2021-06-19 21:53:00,35.961044,126.9941,부송동,3,"공장 냄새(화학약품, 매캐함)",1:0,-1
2021-06-20 05:05:00,35.932297,126.941,평화동,5,하수구 냄새,-8:-6,-1
2021-06-20 08:01:00,35.956787,126.99894,부송동,3,"공장 냄새(화학약품, 매캐함)",2:0,-1
2021-06-20 08:24:00,35.95649,126.99521,부송동,3,"공장 냄새(화학약품, 매캐함)",1:-1,-1
2021-06-20 08:31:00,35.95659,126.9951,부송동,3,기타,1:0,-1
2021-06-20 09:53:00,35.931335,126.96955,동산동,4,기타,-3:-6,-1
2021-06-20 19:25:00,35.928738,126.96314,동산동,3,"공장 냄새(화학약품, 매캐함)",-4:-7,-1
2021-06-20 22:54:00,35.94596,126.945694,모현동1가,5,"가축 분뇨 냄새(닭, 돼지, 소)",-7:-3,-1
2021-06-21 22:20:00,35.970886,126.93736,현영동,5,하수구 냄새,-9:3,-1
2021-06-22 01:32:00,35.963745,126.97446,영등동,3,기타,-2:1,-1
2021-06-22 01:32:00,35.927742,126.95898,동산동,3,기타,-5:-7,-1
2021-06-22 01:35:00,35.928772,126.96348,동산동,5,"가축 분뇨 냄새(닭, 돼지, 소)",-4:-7,-1
2021-06-22 01:48:00,35.9543,126.98883,어양동,4,"가축 분뇨 냄새(닭, 돼지, 소)",0:-1,-1
2021-06-22 01:48:00,35.93244,126.9414,평화동,5,기타,-8:-6,-1
2021-06-22 01:58:00,35.943253,126.93713,송학동,4,"가축 분뇨 냄새(닭, 돼지, 소)",-9:-3,-1
2021-06-22 02:07:00,35.957485,126.962,신동,4,기타,-5:0,-1
2021-06-22 03:06:00,35.95742,126.99949,부송동,2,"공장 냄새(화학약품, 매캐함)",2:0,-1
2021-06-22 06:18:00,35.96407,126.97397,영등동,4,"가축 분뇨 냄새(닭, 돼지, 소)",-2:1,-1
2021-06-22 06:48:00,35.9565,126.99523,부송동,3,기타,1:-1,-1
2021-06-22 09:57:00,35.96551,127.01627,팔봉동,3,"공장 냄새(화학약품, 매캐함)",5:1,-1
2021-06-22 23:02:00,35.929405,126.97646,금강동,3,하수구 냄새,-2:-7,-1
2021-06-22 23:15:00,35.97067,126.937515,현영동,5,하수구 냄새,-9:3,-1
2021-06-23 01:38:00,35.95747,126.976456,영등동,3,"공장 냄새(화학약품, 매캐함)",-2:0,-1
2021-06-23 02:02:00,35.943253,126.93713,송학동,4,"가축 분뇨 냄새(닭, 돼지, 소)",-9:-3,-1
2021-06-23 02:30:00,35.946175,126.94059,모현동1가,3,"가축 분뇨 냄새(닭, 돼지, 소)",-8:-3,-1
2021-06-23 03:20:00,35.951992,126.9745,영등동,3,"공장 냄새(화학약품, 매캐함)",-2:-2,-1
2021-06-23 04:04:00,35.943253,126.93713,송학동,4,"가축 분뇨 냄새(닭, 돼지, 소)",-9:-3,-1
2021-06-23 05:05:00,36.06371,126.932526,성당면 대선리,4,"가축 분뇨 냄새(닭, 돼지, 소)",-10:23,-1
2021-06-23 09:46:00,35.96573,127.01619,팔봉동,4,"공장 냄새(화학약품, 매캐함)",5:2,-1
2021-06-23 17:28:00,35.957764,126.99774,부송동,2,"공장 냄새(화학약품, 매캐함)",2:0,-1
2021-06-23 17:29:00,35.957508,126.997826,부송동,3,"공장 냄새(화학약품, 매캐함)",2:0,-1
2021-06-23 18:44:00,36.067604,126.9857,낭산면 용기리,5,기타,0:24,-1
2021-06-24 02:44:00,35.943253,126.93713,송학동,4,"가축 분뇨 냄새(닭, 돼지, 소)",-9:-3,-1
2021-06-24 05:10:00,35.954617,126.94994,모현동1가,4,기타,-7:-1,-1
2021-06-24 06:34:00,35.929783,126.96326,동산동,5,기타,-4:-6,-1
2021-06-24 09:54:00,35.965332,127.016495,팔봉동,3,"공장 냄새(화학약품, 매캐함)",5:1,-1
2021-06-24 19:21:00,35.939983,126.9568,마동,3,"공장 냄새(화학약품, 매캐함)",-5:-4,-1
2021-06-24 19:43:00,35.91791,126.8893,오산면 남전리,4,기타,-18:-9,-1
2021-06-25 00:22:00,35.926846,126.95344,인화동2가,5,기타,-6:-7,-1
2021-06-25 00:23:00,35.92685,126.9534,인화동2가,5,기타,-6:-7,-1
2021-06-25 00:23:00,35.92995,126.95877,동산동,5,"가축 분뇨 냄새(닭, 돼지, 소)",-5:-6,-1
2021-06-25 00:31:00,35.933083,126.96689,동산동,4,하수구 냄새,-4:-6,-1
2021-06-25 00:39:00,35.957325,126.97384,영등동,2,"가축 분뇨 냄새(닭, 돼지, 소)",-2:0,-1
2021-06-25 01:11:00,35.961044,126.9941,부송동,4,기타,1:0,-1
2021-06-25 01:20:00,35.954617,126.95034,모현동1가,3,"가축 분뇨 냄새(닭, 돼지, 소)",-7:-1,-1
2021-06-25 01:36:00,35.93627,126.969215,마동,4,기타,-3:-5,-1
2021-06-25 02:05:00,35.94744,126.9464,모현동1가,4,기타,-7:-3,-1
2021-06-25 03:04:00,35.956932,126.99907,부송동,3,"공장 냄새(화학약품, 매캐함)",2:0,-1
2021-06-25 03:28:00,35.962666,126.984344,어양동,3,"공장 냄새(화학약품, 매캐함)",0:1,-1
2021-06-25 03:43:00,35.952732,126.97614,영등동,4,"공장 냄새(화학약품, 매캐함)",-2:-1,-1
2021-06-25 08:01:00,35.96551,127.0161,팔봉동,3,"공장 냄새(화학약품, 매캐함)",5:1,-1
2021-06-25 21:03:00,35.915565,126.93406,목천동,3,"공장 냄새(화학약품, 매캐함)",-10:-10,-1
2021-06-26 07:22:00,35.95478,126.98426,어양동,3,"공장 냄새(화학약품, 매캐함)",0:-1,-1
2021-06-26 08:00:00,35.928738,126.96314,동산동,3,기타,-4:-7,-1
2021-06-26 13:53:00,35.975266,126.938446,현영동,3,"가축 분뇨 냄새(닭, 돼지, 소)",-9:4,-1
2021-06-26 16:15:00,36.07038,126.9881,낭산면 용기리,4,기타,0:25,-1
2021-06-26 16:18:00,36.07038,126.9881,낭산면 용기리,4,기타,0:25,-1
2021-06-26 17:24:00,36.068996,126.987526,낭산면 용기리,2,"가축 분뇨 냄새(닭, 돼지, 소)",0:24,-1
2021-06-26 17:51:00,36.067604,126.9857,낭산면 용기리,5,기타,0:24,-1
2021-06-26 18:54:00,36.07038,126.9881,낭산면 용기리,4,기타,0:25,-1
2021-06-26 19:23:00,36.07038,126.9881,낭산면 용기리,4,기타,0:25,-1
2021-06-26 19:36:00,36.07038,126.9881,낭산면 용기리,4,기타,0:25,-1
2021-06-26 19:42:00,36.07038,126.9881,낭산면 용기리,4,기타,0:25,-1
2021-06-26 21:06:00,36.067604,126.9857,낭산면 용기리,5,기타,0:24,-1
2021-06-26 21:08:00,36.07038,126.9881,낭산면 용기리,5,기타,0:25,-1
2021-06-26 21:23:00,36.07038,126.9881,낭산면 용기리,4,기타,0:25,-1
2021-06-26 21:25:00,36.07038,126.9881,낭산면 용기리,5,기타,0:25,-1
2021-06-27 00:00:00,35.932716,126.941605,평화동,4,음식조리 냄새,-8:-6,-1
2021-06-27 00:35:00,35.926605,126.954834,인화동2가,4,"가축 분뇨 냄새(닭, 돼지, 소)",-6:-7,-1
2021-06-27 00:55:00,35.94744,126.9464,모현동1가,4,"공장 냄새(화학약품, 매캐함)",-7:-3,-1
2021-06-27 01:27:00,35.957294,126.99965,부송동,3,"공장 냄새(화학약품, 매캐함)",2:0,-1
2021-06-27 05:50:00,35.95651,126.99499,부송동,3,"공장 냄새(화학약품, 매캐함)",1:-1,-1
2021-06-27 10:31:00,35.946827,126.9468,모현동1가,4,"공장 냄새(화학약품, 매캐함)",-7:-3,-1
2021-06-27 14:38:00,35.95949,126.999245,부송동,5,"가축 분뇨 냄새(닭, 돼지, 소)",2:0,-1
2021-06-27 14:45:00,35.959362,126.999886,부송동,4,"가축 분뇨 냄새(닭, 돼지, 소)",2:0,-1
2021-06-28 13:54:00,35.970146,126.935585,현영동,4,하수구 냄새,-9:3,-1
2021-06-28 15:37:00,35.965187,127.016365,팔봉동,4,"공장 냄새(화학약품, 매캐함)",5:1,-1
2021-06-28 22:00:00,35.94547,126.9773,신흥동,4,"가축 분뇨 냄새(닭, 돼지, 소)",-2:-3,-1
2021-06-28 22:05:00,35.94752,126.96879,영등동,4,"가축 분뇨 냄새(닭, 돼지, 소)",-3:-3,-1
2021-06-28 22:32:00,35.96137,126.9941,부송동,4,"가축 분뇨 냄새(닭, 돼지, 소)",1:1,111
2021-06-28 22:45:00,35.956375,126.99515,부송동,3,"가축 분뇨 냄새(닭, 돼지, 소)",1:-1,111
2021-06-28 22:47:00,35.964504,126.98683,부송동,3,"가축 분뇨 냄새(닭, 돼지, 소)",0:1,111
2021-06-28 22:50:00,35.930595,126.97265,금강동,4,하수구 냄새,-3:-6,-1
2021-06-28 22:51:00,35.95336,126.98439,어양동,5,"가축 분뇨 냄새(닭, 돼지, 소)",0:-1,111
2021-06-28 23:00:00,35.95742,126.99949,부송동,4,기타,2:0,111
2021-06-28 23:04:00,35.929943,126.95875,동산동,4,기타,-5:-6,-1
2021-06-28 23:05:00,35.928555,126.963585,동산동,5,기타,-4:-7,-1
2021-06-28 23:05:00,35.952885,127.01193,석암동,5,"가축 분뇨 냄새(닭, 돼지, 소)",4:-1,-1
2021-06-28 23:06:00,35.933247,126.946915,평화동,4,기타,-7:-6,-1
2021-06-28 23:07:00,35.926556,126.95889,동산동,4,"가축 분뇨 냄새(닭, 돼지, 소)",-5:-7,-1
2021-06-28 23:11:00,35.964718,127.014946,팔봉동,5,"가축 분뇨 냄새(닭, 돼지, 소)",5:1,-1
2021-06-28 23:13:00,35.956825,126.993484,부송동,4,기타,1:0,111
2021-06-28 23:15:00,35.94744,126.9464,모현동1가,5,기타,-7:-3,112
2021-06-28 23:19:00,35.961044,126.9941,부송동,3,기타,1:0,111
2021-06-28 23:20:00,35.936516,127.0572,왕궁면 쌍제리,5,기타,13:-5,-1
2021-06-28 23:21:00,35.962555,126.98296,어양동,3,기타,-1:1,111
2021-06-28 23:22:00,35.96079,126.99344,부송동,4,기타,1:0,111
2021-06-28 23:26:00,35.946,126.94614,모현동1가,2,기타,-7:-3,112
2021-06-28 23:28:00,35.961044,126.9941,부송동,3,기타,1:0,111
2021-06-28 23:28:00,35.947437,126.941925,모현동1가,5,기타,-8:-3,112
2021-06-28 23:31:00,35.95487,126.95007,모현동1가,4,"가축 분뇨 냄새(닭, 돼지, 소)",-7:-1,112
2021-06-28 23:33:00,35.9543,126.98883,어양동,4,"가축 분뇨 냄새(닭, 돼지, 소)",0:-1,111
2021-06-28 23:46:00,35.94787,126.94081,모현동1가,3,기타,-8:-2,112
2021-06-29 00:02:00,35.954155,126.974686,영등동,4,"가축 분뇨 냄새(닭, 돼지, 소)",-2:-1,-1
2021-06-29 00:09:00,35.94744,126.94642,모현동1가,4,기타,-7:-3,112
2021-06-29 02:50:00,35.932262,126.941315,평화동,3,기타,-8:-6,-1
2021-06-29 05:58:00,35.958916,126.997696,부송동,3,기타,2:0,-1
2021-06-29 06:20:00,35.956284,126.9953,부송동,3,"가축 분뇨 냄새(닭, 돼지, 소)",1:-1,-1
2021-06-29 07:30:00,35.953575,127.01247,팔봉동,4,"가축 분뇨 냄새(닭, 돼지, 소)",5:-1,-1
2021-06-29 07:31:00,35.961655,126.986916,부송동,2,"공장 냄새(화학약품, 매캐함)",0:1,-1
2021-06-29 08:04:00,35.95826,126.96202,신동,3,기타,-4:0,-1
2021-06-29 16:12:00,35.95744,126.997604,부송동,4,"공장 냄새(화학약품, 매캐함)",2:0,-1
2021-06-29 23:51:00,35.96414,127.01512,팔봉동,4,"가축 분뇨 냄새(닭, 돼지, 소)",5:1,-1
2021-06-30 00:09:00,35.961044,126.9941,부송동,3,기타,1:0,-1
2021-06-30 00:18:00,35.953255,126.984215,어양동,5,기타,0:-1,-1
2021-06-30 02:40:00,35.932262,126.94118,평화동,3,"가축 분뇨 냄새(닭, 돼지, 소)",-8:-6,-1
2021-06-30 03:24:00,35.947224,126.94536,모현동1가,2,기타,-8:-3,-1
2021-06-30 03:59:00,35.9543,126.98457,어양동,5,"가축 분뇨 냄새(닭, 돼지, 소)",0:-1,-1
2021-06-30 04:44:00,35.96256,126.98305,어양동,5,"공장 냄새(화학약품, 매캐함)",-1:1,-1
2021-06-30 06:58:00,35.953274,127.01239,석암동,5,"가축 분뇨 냄새(닭, 돼지, 소)",5:-1,-1
2021-06-30 08:33:00,35.963566,126.983635,어양동,3,"공장 냄새(화학약품, 매캐함)",-1:1,-1
2021-06-30 17:59:00,35.943985,126.96409,마동,4,"공장 냄새(화학약품, 매캐함)",-4:-3,-1
2021-06-30 23:06:00,35.94744,126.9464,모현동1가,3,"공장 냄새(화학약품, 매캐함)",-7:-3,-1
2021-06-30 23:09:00,35.92623,126.95909,동산동,3,"가축 분뇨 냄새(닭, 돼지, 소)",-5:-7,-1
2021-07-01 00:20:00,36.07038,126.9881,낭산면 용기리,5,기타,0:25,-1
2021-07-01 07:23:00,36.070408,126.988106,낭산면 용기리,3,"공장 냄새(화학약품, 매캐함)",0:25,-1
2021-07-01 08:25:00,35.963314,126.984344,부송동,3,"공장 냄새(화학약품, 매캐함)",0:1,-1
2021-07-01 20:30:00,35.93244,126.94087,평화동,4,"가축 분뇨 냄새(닭, 돼지, 소)",-8:-6,-1
2021-07-01 22:12:00,35.949097,126.94693,모현동1가,3,기타,-7:-2,-1
2021-07-02 01:46:00,35.96032,126.97377,영등동,4,하수구 냄새,-2:0,-1
2021-07-02 01:46:00,35.95283,127.01231,석암동,4,"가축 분뇨 냄새(닭, 돼지, 소)",5:-1,-1
2021-07-02 06:27:00,35.954174,127.0131,팔봉동,5,하수구 냄새,5:-1,-1
2021-07-02 06:52:00,35.965168,127.01568,팔봉동,5,기타,5:1,-1
2021-07-02 09:36:00,35.9479,126.972946,영등동,5,"공장 냄새(화학약품, 매캐함)",-3:-2,-1
2021-07-02 17:14:00,36.067604,126.9857,낭산면 용기리,5,기타,0:24,-1
2021-07-02 20:33:00,36.069675,126.98787,낭산면 용기리,5,기타,0:25,-1
2021-07-02 21:32:00,35.97541,126.93809,현영동,4,기타,-9:4,-1
2021-07-03 04:40:00,35.946823,126.96986,영등동,5,기타,-3:-3,-1
2021-07-03 04:47:00,36.06172,126.93593,성당면 대선리,3,기타,-9:23,-1
2021-07-03 06:50:00,35.95485,126.984314,어양동,3,"공장 냄새(화학약품, 매캐함)",0:-1,-1
2021-07-03 07:05:00,35.92871,126.958755,동산동,5,하수구 냄새,-5:-7,-1
2021-07-03 13:11:00,35.96198,126.98647,부송동,1,하수구 냄새,0:1,-1
2021-07-03 14:50:00,35.956753,126.99916,용제동,3,기타,2:0,-1
2021-07-03 16:01:00,35.963383,126.97362,영등동,3,"공장 냄새(화학약품, 매캐함)",-2:1,-1
2021-07-03 16:08:00,35.957,126.97415,영등동,3,"공장 냄새(화학약품, 매캐함)",-2:0,-1
2021-07-03 16:16:00,36.07038,126.9881,낭산면 용기리,5,기타,0:25,-1
2021-07-03 16:21:00,35.958527,126.98335,어양동,3,"공장 냄새(화학약품, 매캐함)",-1:0,-1
2021-07-03 16:46:00,35.958225,126.96661,신동,5,"공장 냄새(화학약품, 매캐함)",-4:0,-1
2021-07-03 16:56:00,35.96317,126.983635,어양동,5,"공장 냄새(화학약품, 매캐함)",-1:1,-1
2021-07-03 17:06:00,36.06907,126.98765,낭산면 용기리,5,기타,0:24,-1
2021-07-03 17:18:00,36.0689,126.98749,낭산면 용기리,3,"가축 분뇨 냄새(닭, 돼지, 소)",0:24,-1
2021-07-03 17:21:00,36.067604,126.9857,낭산면 용기리,5,기타,0:24,-1
2021-07-03 17:37:00,35.95996,126.999466,부송동,4,"가축 분뇨 냄새(닭, 돼지, 소)",2:0,-1
2021-07-03 18:55:00,36.069157,126.98774,낭산면 용기리,4,기타,0:24,-1
2021-07-03 19:10:00,35.964844,127.01541,팔봉동,4,"공장 냄새(화학약품, 매캐함)",5:1,-1
2021-07-03 20:59:00,35.961475,126.994415,부송동,5,"가축 분뇨 냄새(닭, 돼지, 소)",1:1,-1
2021-07-03 21:13:00,35.96079,126.99432,부송동,2,"가축 분뇨 냄새(닭, 돼지, 소)",1:0,-1
2021-07-03 23:07:00,35.926754,126.95878,동산동,3,"가축 분뇨 냄새(닭, 돼지, 소)",-5:-7,-1
2021-07-03 23:12:00,35.92623,126.959145,동산동,4,기타,-5:-7,-1
2021-07-03 23:38:00,35.92623,126.95911,동산동,4,"가축 분뇨 냄새(닭, 돼지, 소)",-5:-7,-1
2021-07-04 00:09:00,35.96122,126.97521,영등동,4,"가축 분뇨 냄새(닭, 돼지, 소)",-2:1,-1
2021-07-04 09:02:00,35.936604,127.05719,왕궁면 쌍제리,5,하수구 냄새,13:-5,-1
2021-07-05 03:59:00,35.93237,126.941315,평화동,5,"가축 분뇨 냄새(닭, 돼지, 소)",-8:-6,-1
2021-07-05 04:31:00,35.944984,126.93853,모현동1가,4,기타,-9:-3,-1
2021-07-05 08:15:00,36.069168,126.98765,낭산면 용기리,4,기타,0:24,-1
2021-07-05 09:59:00,35.94856,126.96404,영등동,4,"공장 냄새(화학약품, 매캐함)",-4:-2,-1
2021-07-05 10:34:00,35.963097,126.98324,어양동,5,"공장 냄새(화학약품, 매캐함)",-1:1,-1
2021-07-05 10:38:00,35.999817,127.06233,금마면 동고도리,3,"공장 냄새(화학약품, 매캐함)",14:9,-1
2021-07-05 12:04:00,35.9574,126.977165,영등동,3,기타,-2:0,-1
2021-07-05 12:50:00,35.956284,126.99516,부송동,4,"가축 분뇨 냄새(닭, 돼지, 소)",1:-1,-1
2021-07-05 13:13:00,35.947437,126.941925,모현동1가,3,기타,-8:-3,-1
2021-07-05 13:40:00,35.940258,126.985085,신흥동,3,"가축 분뇨 냄새(닭, 돼지, 소)",0:-4,-1
2021-07-05 15:32:00,35.954544,126.9499,모현동1가,3,"가축 분뇨 냄새(닭, 돼지, 소)",-7:-1,-1
2021-07-05 15:36:00,35.947437,126.941925,모현동1가,4,기타,-8:-3,-1
2021-07-05 17:25:00,35.963062,126.98572,부송동,3,"공장 냄새(화학약품, 매캐함)",0:1,-1
2021-07-05 19:26:00,36.07038,126.9881,낭산면 용기리,4,기타,0:25,-1
2021-07-05 20:11:00,35.92509,127.05359,춘포면 쌍정리,5,"가축 분뇨 냄새(닭, 돼지, 소)",12:-7,-1
2021-07-05 20:39:00,35.9574,126.99942,부송동,3,"가축 분뇨 냄새(닭, 돼지, 소)",2:0,-1
2021-07-06 08:11:00,36.07038,126.9881,낭산면 용기리,5,기타,0:25,-1
2021-07-06 16:55:00,35.95659,126.99515,부송동,4,"가축 분뇨 냄새(닭, 돼지, 소)",1:0,-1
2021-07-06 17:11:00,35.953346,127.01211,팔봉동,4,"가축 분뇨 냄새(닭, 돼지, 소)",5:-1,-1
2021-07-06 17:38:00,35.952988,127.01283,석암동,5,"공장 냄새(화학약품, 매캐함)",5:-1,-1
2021-07-06 18:51:00,35.92509,127.05359,춘포면 쌍정리,4,하수구 냄새,12:-7,-1
2021-07-06 21:38:00,35.96544,127.015564,팔봉동,4,"가축 분뇨 냄새(닭, 돼지, 소)",5:1,-1
2021-07-06 21:52:00,36.069767,126.98831,낭산면 용기리,4,"가축 분뇨 냄새(닭, 돼지, 소)",0:25,-1
2021-07-07 00:30:00,35.961044,126.9941,부송동,3,기타,1:0,-1
2021-07-07 00:32:00,35.95922,126.98681,부송동,2,"가축 분뇨 냄새(닭, 돼지, 소)",0:0,-1
2021-07-07 17:03:00,35.957546,126.99756,부송동,4,"공장 냄새(화학약품, 매캐함)",2:0,-1
2021-07-07 17:20:00,35.964504,126.98683,부송동,3,"가축 분뇨 냄새(닭, 돼지, 소)",0:1,-1
2021-07-07 17:43:00,35.96551,127.015785,팔봉동,4,"공장 냄새(화학약품, 매캐함)",5:1,-1
2021-07-07 19:04:00,35.92509,127.05359,춘포면 쌍정리,5,하수구 냄새,12:-7,-1
2021-07-07 20:06:00,35.960575,126.99437,부송동,3,"가축 분뇨 냄새(닭, 돼지, 소)",1:0,-1
2021-07-07 22:30:00,35.924805,126.95338,인화동2가,4,기타,-6:-8,-1
2021-07-07 23:02:00,35.95266,127.01131,팔봉동,4,하수구 냄새,4:-1,-1
2021-07-07 23:22:00,35.944057,126.96409,마동,4,하수구 냄새,-4:-3,-1
2021-07-07 23:26:00,35.957836,126.99969,부송동,4,기타,2:0,113
2021-07-07 23:28:00,35.958447,126.998604,부송동,5,기타,2:0,113
2021-07-07 23:32:00,35.96288,126.99233,부송동,3,"가축 분뇨 냄새(닭, 돼지, 소)",1:1,113
2021-07-07 23:32:00,35.9262,126.95916,동산동,3,"가축 분뇨 냄새(닭, 돼지, 소)",-5:-7,-1
2021-07-07 23:36:00,35.957005,126.981285,어양동,4,"가축 분뇨 냄새(닭, 돼지, 소)",-1:0,113
2021-07-07 23:37:00,35.959106,126.99555,부송동,4,"가축 분뇨 냄새(닭, 돼지, 소)",2:0,113
2021-07-07 23:38:00,35.95621,126.995255,부송동,5,하수구 냄새,1:-1,113
2021-07-07 23:38:00,35.964504,126.98683,부송동,4,기타,0:1,113
2021-07-07 23:39:00,35.963814,126.973885,영등동,4,기타,-2:1,113
2021-07-07 23:39:00,35.953255,126.984215,어양동,5,기타,0:-1,113
2021-07-07 23:39:00,35.931477,126.96968,동산동,3,"가축 분뇨 냄새(닭, 돼지, 소)",-3:-6,-1
2021-07-07 23:41:00,35.955147,126.98683,어양동,3,"가축 분뇨 냄새(닭, 돼지, 소)",0:-1,113
2021-07-07 23:41:00,35.957363,126.981026,어양동,4,"가축 분뇨 냄새(닭, 돼지, 소)",-1:0,113
2021-07-07 23:42:00,35.956127,126.97835,영등동,3,기타,-2:-1,113
2021-07-07 23:44:00,35.955585,126.98561,어양동,3,기타,0:-1,113
2021-07-07 23:44:00,35.963673,126.97437,영등동,5,하수구 냄새,-2:1,113
2021-07-07 23:44:00,35.963383,126.97362,영등동,5,"가축 분뇨 냄새(닭, 돼지, 소)",-2:1,113
2021-07-07 23:47:00,35.9565,126.992775,부송동,5,기타,1:-1,113
2021-07-07 23:48:00,35.96403,126.97453,영등동,3,기타,-2:1,113
2021-07-07 23:50:00,35.955032,126.973465,영등동,5,하수구 냄새,-2:-1,113
2021-07-07 23:52:00,35.94744,126.9464,모현동1가,3,기타,-7:-3,-1
2021-07-07 23:52:00,35.957256,126.98054,어양동,5,"가축 분뇨 냄새(닭, 돼지, 소)",-1:0,113
2021-07-07 23:53:00,35.963547,126.98317,어양동,3,"가축 분뇨 냄새(닭, 돼지, 소)",-1:1,113
2021-07-07 23:53:00,35.956676,126.971756,영등동,4,"가축 분뇨 냄새(닭, 돼지, 소)",-3:0,113
2021-07-07 23:54:00,35.95705,126.96244,신동,3,"가축 분뇨 냄새(닭, 돼지, 소)",-4:0,113
2021-07-07 23:55:00,35.965656,126.98439,부송동,5,기타,0:2,113
2021-07-07 23:56:00,35.96014,126.98412,어양동,4,"가축 분뇨 냄새(닭, 돼지, 소)",-1:0,113
2021-07-07 23:57:00,35.945522,126.93124,오산면 장신리,3,기타,-10:-3,-1
2021-07-07 23:58:00,35.95767,126.973976,영등동,5,하수구 냄새,-2:0,113
2021-07-08 00:00:00,35.953545,126.98439,어양동,4,하수구 냄새,0:-1,113
2021-07-08 00:01:00,35.961113,126.97854,영등동,3,"가축 분뇨 냄새(닭, 돼지, 소)",-2:1,113
2021-07-08 00:02:00,35.94744,126.94642,모현동1가,5,"가축 분뇨 냄새(닭, 돼지, 소)",-7:-3,-1
2021-07-08 00:02:00,35.964897,126.98355,어양동,4,기타,-1:1,113
2021-07-08 00:04:00,35.963383,126.97362,영등동,5,하수구 냄새,-2:1,113
2021-07-08 00:04:00,35.963078,126.98331,어양동,4,"가축 분뇨 냄새(닭, 돼지, 소)",-1:1,113
2021-07-08 00:05:00,35.952496,126.9757,영등동,4,기타,-2:-1,113
2021-07-08 00:05:00,35.952496,126.9757,영등동,4,기타,-2:-1,113
2021-07-08 00:05:00,35.9543,126.98883,어양동,5,"가축 분뇨 냄새(닭, 돼지, 소)",0:-1,113
2021-07-08 00:05:00,35.957123,126.99194,부송동,5,"공장 냄새(화학약품, 매캐함)",1:0,113
2021-07-08 00:06:00,35.951416,126.97309,영등동,4,하수구 냄새,-3:-2,113
2021-07-08 00:07:00,35.942852,126.96673,마동,4,"가축 분뇨 냄새(닭, 돼지, 소)",-4:-4,113
2021-07-08 00:07:00,35.957077,126.981285,어양동,4,"가축 분뇨 냄새(닭, 돼지, 소)",-1:0,113
2021-07-08 00:07:00,35.945793,126.97765,신흥동,4,기타,-2:-3,113
2021-07-08 00:08:00,35.956615,126.9803,어양동,4,"가축 분뇨 냄새(닭, 돼지, 소)",-1:0,113
2021-07-08 00:12:00,35.9543,126.98372,어양동,4,기타,-1:-1,113
2021-07-08 00:16:00,35.952118,126.932785,모현동2가,5,기타,-10:-1,-1
2021-07-08 00:18:00,35.94752,126.96857,영등동,3,하수구 냄새,-3:-3,113
2021-07-08 00:19:00,35.9543,126.988846,어양동,5,기타,0:-1,113
2021-07-08 00:20:00,35.95174,126.97335,영등동,4,하수구 냄새,-2:-2,113
2021-07-08 00:25:00,35.947662,126.96896,영등동,4,"가축 분뇨 냄새(닭, 돼지, 소)",-3:-2,113
2021-07-08 00:28:00,36.06965,126.988235,낭산면 용기리,4,기타,0:24,-1
2021-07-08 00:31:00,35.964935,126.98253,어양동,5,기타,-1:1,113
2021-07-08 00:32:00,35.961617,126.97477,영등동,4,"가축 분뇨 냄새(닭, 돼지, 소)",-2:1,113
2021-07-08 00:34:00,35.960823,126.97827,영등동,5,"가축 분뇨 냄새(닭, 돼지, 소)",-2:0,113
2021-07-08 00:36:00,35.96497,126.978645,영등동,3,"가축 분뇨 냄새(닭, 돼지, 소)",-2:1,113
2021-07-08 00:37:00,35.94341,126.964355,마동,5,"가축 분뇨 냄새(닭, 돼지, 소)",-4:-3,113
2021-07-08 00:38:00,35.961113,126.9871,부송동,4,기타,0:1,113
2021-07-08 00:39:00,35.958866,126.9397,모현동2가,5,"가축 분뇨 냄새(닭, 돼지, 소)",-9:0,-1
2021-07-08 00:39:00,35.953182,126.98488,어양동,4,하수구 냄새,0:-1,113
2021-07-08 00:42:00,35.926445,126.95887,동산동,4,"가축 분뇨 냄새(닭, 돼지, 소)",-5:-7,-1
2021-07-08 00:43:00,35.963276,126.98417,어양동,4,"가축 분뇨 냄새(닭, 돼지, 소)",-1:1,113
2021-07-08 00:45:00,35.956596,126.97261,영등동,4,"가축 분뇨 냄새(닭, 돼지, 소)",-3:0,113
2021-07-08 02:10:00,35.95754,126.96222,신동,4,기타,-4:0,-1
2021-07-08 06:39:00,35.95419,126.971664,영등동,5,"가축 분뇨 냄새(닭, 돼지, 소)",-3:-1,-1
2021-07-08 19:21:00,36.03498,127.00794,삼기면 연동리,5,기타,4:17,-1
2021-07-08 22:09:00,35.94744,126.9464,모현동1가,4,"공장 냄새(화학약품, 매캐함)",-7:-3,-1
2021-07-09 20:48:00,35.953426,127.01248,팔봉동,3,"공장 냄새(화학약품, 매캐함)",5:-1,-1
2021-07-09 21:33:00,36.069,126.98754,낭산면 용기리,4,기타,0:24,-1
2021-07-09 22:08:00,35.93244,126.94105,평화동,4,기타,-8:-6,-1
2021-07-09 23:19:00,35.928448,126.96334,동산동,5,기타,-4:-7,-1
2021-07-10 01:23:00,35.936813,126.96875,마동,3,기타,-3:-5,-1
2021-07-10 01:34:00,35.95711,126.98133,어양동,4,"가축 분뇨 냄새(닭, 돼지, 소)",-1:0,-1
2021-07-10 01:39:00,35.965332,126.98688,부송동,2,"가축 분뇨 냄새(닭, 돼지, 소)",0:1,-1
2021-07-10 01:40:00,35.955063,126.973495,영등동,3,기타,-2:-1,-1
2021-07-10 01:44:00,35.95956,126.97621,영등동,3,기타,-2:0,-1
2021-07-10 01:49:00,35.961185,126.9745,영등동,2,기타,-2:1,-1
2021-07-10 02:25:00,35.94744,126.94642,모현동1가,2,기타,-7:-3,-1
2021-07-10 05:42:00,35.96131,126.97763,영등동,2,"가축 분뇨 냄새(닭, 돼지, 소)",-2:1,-1
2021-07-10 19:06:00,35.936428,127.05719,왕궁면 쌍제리,5,기타,13:-5,-1
2021-07-10 21:58:00,35.95785,126.99703,부송동,5,하수구 냄새,2:0,114
2021-07-10 22:06:00,35.957375,126.99951,부송동,3,"가축 분뇨 냄새(닭, 돼지, 소)",2:0,114
2021-07-10 22:18:00,35.956463,126.995125,부송동,4,하수구 냄새,1:-1,114
2021-07-10 22:45:00,35.956573,126.99486,부송동,5,"가축 분뇨 냄새(닭, 돼지, 소)",1:0,114
2021-07-10 22:46:00,35.956573,126.99417,부송동,3,"가축 분뇨 냄새(닭, 돼지, 소)",1:0,114
2021-07-10 23:02:00,35.96162,126.994194,부송동,5,"가축 분뇨 냄새(닭, 돼지, 소)",1:1,114
2021-07-10 23:08:00,35.953003,126.98528,어양동,2,"가축 분뇨 냄새(닭, 돼지, 소)",0:-1,114
2021-07-10 23:14:00,35.95531,126.99401,부송동,3,"가축 분뇨 냄새(닭, 돼지, 소)",1:-1,114
2021-07-10 23:51:00,35.958935,126.99288,부송동,3,"공장 냄새(화학약품, 매캐함)",1:0,114
2021-07-10 23:55:00,35.94744,126.9464,모현동1가,2,"가축 분뇨 냄새(닭, 돼지, 소)",-7:-3,-1
2021-07-11 01:32:00,35.932125,126.96937,동산동,5,하수구 냄새,-3:-6,-1
2021-07-11 01:37:00,35.963383,126.97362,영등동,3,"가축 분뇨 냄새(닭, 돼지, 소)",-2:1,-1
2021-07-11 01:37:00,35.93155,126.96919,동산동,5,"가축 분뇨 냄새(닭, 돼지, 소)",-3:-6,-1
2021-07-11 02:04:00,35.957504,126.96208,신동,5,기타,-4:0,-1
2021-07-11 02:10:00,35.95376,126.98532,어양동,2,"가축 분뇨 냄새(닭, 돼지, 소)",0:-1,-1
2021-07-11 07:16:00,35.95639,126.99545,부송동,3,기타,2:-1,-1
2021-07-11 07:35:00,36.067135,126.98411,함열읍 흘산리,4,기타,-1:24,-1
2021-07-11 09:06:00,36.010033,127.00313,삼기면 기산리,4,"가축 분뇨 냄새(닭, 돼지, 소)",3:11,-1
2021-07-11 20:40:00,35.957474,126.999954,부송동,3,"공장 냄새(화학약품, 매캐함)",2:0,115
2021-07-11 20:48:00,35.961044,126.9945,부송동,5,"공장 냄새(화학약품, 매캐함)",1:0,115
2021-07-11 20:50:00,35.96108,126.99379,부송동,5,"공장 냄새(화학약품, 매캐함)",1:0,115
2021-07-11 20:56:00,35.96342,126.98377,어양동,4,"가축 분뇨 냄새(닭, 돼지, 소)",-1:1,115
2021-07-11 21:05:00,35.956596,126.9949,부송동,4,하수구 냄새,1:0,115
2021-07-11 21:10:00,35.95625,126.99481,부송동,4,"가축 분뇨 냄새(닭, 돼지, 소)",1:-1,115
2021-07-11 21:12:00,35.94341,126.96438,마동,5,"가축 분뇨 냄새(닭, 돼지, 소)",-4:-3,-1
2021-07-11 21:12:00,35.956303,126.99508,부송동,3,"가축 분뇨 냄새(닭, 돼지, 소)",1:-1,115
2021-07-11 21:14:00,35.954987,126.99401,부송동,4,기타,1:-1,115
2021-07-11 22:19:00,35.95762,126.998184,부송동,5,"공장 냄새(화학약품, 매캐함)",2:0,-1
2021-07-11 22:19:00,35.95996,126.99938,부송동,5,"공장 냄새(화학약품, 매캐함)",2:0,-1
2021-07-11 22:23:00,35.957832,126.99729,부송동,5,"공장 냄새(화학약품, 매캐함)",2:0,-1
2021-07-11 23:29:00,35.964645,126.98324,어양동,5,기타,-1:1,-1
2021-07-11 23:37:00,36.0691,126.987526,낭산면 용기리,4,기타,0:24,-1
2021-07-11 23:49:00,35.957653,126.97535,영등동,4,"가축 분뇨 냄새(닭, 돼지, 소)",-2:0,-1
2021-07-11 23:52:00,35.963924,126.97463,영등동,4,"가축 분뇨 냄새(닭, 돼지, 소)",-2:1,-1
2021-07-12 00:43:00,35.932587,126.9414,평화동,4,"가축 분뇨 냄새(닭, 돼지, 소)",-8:-6,-1
2021-07-12 22:46:00,35.928738,126.96312,동산동,5,기타,-4:-7,-1
2021-07-12 22:50:00,35.930275,126.95881,동산동,5,기타,-5:-6,-1
2021-07-12 23:03:00,35.9474,126.938156,모현동1가,2,"가축 분뇨 냄새(닭, 돼지, 소)",-9:-3,-1
2021-07-12 23:05:00,35.953617,126.9847,어양동,4,"가축 분뇨 냄새(닭, 돼지, 소)",0:-1,-1
2021-07-12 23:05:00,35.926186,126.959175,동산동,4,하수구 냄새,-5:-7,-1
2021-07-12 23:10:00,35.93296,126.938644,평화동,3,기타,-9:-6,-1
2021-07-12 23:49:00,35.945522,126.93124,오산면 장신리,4,기타,-10:-3,-1
2021-07-13 00:00:00,35.958866,126.9397,모현동2가,5,"가축 분뇨 냄새(닭, 돼지, 소)",-9:0,-1
2021-07-13 00:04:00,35.932297,126.941,평화동,5,"가축 분뇨 냄새(닭, 돼지, 소)",-8:-6,-1
2021-07-13 00:05:00,35.94744,126.9464,모현동1가,5,기타,-7:-3,-1
2021-07-13 00:08:00,35.928738,126.96312,동산동,5,"가축 분뇨 냄새(닭, 돼지, 소)",-4:-7,-1
2021-07-13 00:20:00,35.96032,126.97377,영등동,4,기타,-2:0,-1
2021-07-13 01:32:00,35.932766,126.94157,평화동,5,기타,-8:-6,-1
2021-07-13 02:00:00,35.926273,126.959076,동산동,5,기타,-5:-7,-1
2021-07-13 07:51:00,35.95307,127.03303,춘포면 창평리,4,"가축 분뇨 냄새(닭, 돼지, 소)",8:-1,-1
2021-07-13 10:03:00,35.937958,126.94241,송학동,3,"공장 냄새(화학약품, 매캐함)",-8:-5,-1
2021-07-13 19:41:00,35.92623,126.95912,동산동,3,"가축 분뇨 냄새(닭, 돼지, 소)",-5:-7,-1
2021-07-13 19:45:00,35.953255,126.984215,어양동,3,"가축 분뇨 냄새(닭, 돼지, 소)",0:-1,-1
2021-07-13 19:47:00,35.95174,126.97544,영등동,3,"가축 분뇨 냄새(닭, 돼지, 소)",-2:-2,-1
2021-07-13 19:55:00,35.957287,126.96204,신동,2,하수구 냄새,-4:0,-1
2021-07-13 19:56:00,35.957993,126.974014,영등동,4,"가축 분뇨 냄새(닭, 돼지, 소)",-2:0,-1
2021-07-13 19:57:00,35.930573,126.95785,동산동,4,하수구 냄새,-5:-6,-1
2021-07-13 19:59:00,35.93097,126.956314,인화동2가,5,기타,-6:-6,-1
2021-07-13 20:05:00,35.95469,126.9499,모현동1가,3,"가축 분뇨 냄새(닭, 돼지, 소)",-7:-1,-1
2021-07-13 20:07:00,35.926754,126.95878,동산동,5,기타,-5:-7,-1
2021-07-13 20:08:00,35.94744,126.94642,모현동1가,5,"가축 분뇨 냄새(닭, 돼지, 소)",-7:-3,-1
2021-07-13 20:15:00,35.9387,126.937614,송학동,4,"공장 냄새(화학약품, 매캐함)",-9:-4,-1
2021-07-13 20:18:00,35.94744,126.94642,모현동1가,4,"가축 분뇨 냄새(닭, 돼지, 소)",-7:-3,-1
2021-07-13 21:45:00,35.92953,126.96441,동산동,5,기타,-4:-6,-1
2021-07-13 22:29:00,35.93097,126.956314,인화동2가,5,하수구 냄새,-6:-6,-1
2021-07-13 22:29:00,35.930573,126.95785,동산동,4,하수구 냄새,-5:-6,-1
2021-07-13 22:46:00,35.957504,126.96216,신동,4,기타,-4:0,-1
2021-07-13 23:09:00,35.925995,126.96078,동산동,4,"가축 분뇨 냄새(닭, 돼지, 소)",-5:-7,-1
2021-07-13 23:14:00,35.952118,126.932785,모현동2가,5,기타,-10:-1,-1
2021-07-13 23:34:00,35.932297,126.941025,평화동,5,기타,-8:-6,-1
2021-07-14 03:22:00,35.956448,126.994965,부송동,5,하수구 냄새,1:-1,-1
2021-07-14 04:34:00,35.957558,126.96216,신동,5,"가축 분뇨 냄새(닭, 돼지, 소)",-4:0,-1
2021-07-14 09:34:00,36.060894,126.969795,함열읍 석매리,4,기타,-3:23,-1
2021-07-14 19:21:00,35.94518,126.978676,신흥동,1,기타,-1:-3,-1
2021-07-14 19:42:00,35.95412,126.988075,어양동,5,"가축 분뇨 냄새(닭, 돼지, 소)",0:-1,-1
2021-07-14 19:45:00,35.960033,126.99406,부송동,3,기타,1:0,116
2021-07-14 19:46:00,35.96279,126.9921,부송동,4,기타,1:1,116
2021-07-14 19:55:00,35.95762,126.995964,부송동,5,"가축 분뇨 냄새(닭, 돼지, 소)",2:0,116
2021-07-14 19:57:00,35.957764,126.998535,부송동,4,하수구 냄새,2:0,116
2021-07-14 20:18:00,35.952118,126.932785,모현동2가,3,기타,-10:-1,-1
2021-07-14 20:35:00,35.96551,127.01623,팔봉동,4,기타,5:1,-1
2021-07-14 20:38:00,35.961044,126.9941,부송동,5,"가축 분뇨 냄새(닭, 돼지, 소)",1:0,116
2021-07-14 20:46:00,35.95631,126.99515,부송동,5,하수구 냄새,1:-1,116
2021-07-14 20:50:00,35.95751,126.96214,신동,3,기타,-4:0,116
2021-07-14 20:51:00,35.95989,126.99259,부송동,4,기타,1:0,116
2021-07-14 20:53:00,35.957607,126.97389,영등동,4,기타,-2:0,116
2021-07-14 20:54:00,35.958138,126.97399,영등동,4,기타,-2:0,116
2021-07-14 20:55:00,35.95989,126.989006,부송동,4,"가축 분뇨 냄새(닭, 돼지, 소)",0:0,116
2021-07-14 21:01:00,35.95383,126.98419,어양동,3,기타,-1:-1,116
2021-07-14 21:03:00,35.926235,126.959145,동산동,5,기타,-5:-7,116
2021-07-14 21:03:00,35.96054,126.99393,부송동,5,"가축 분뇨 냄새(닭, 돼지, 소)",1:0,116
2021-07-14 21:04:00,35.927906,126.96268,동산동,3,기타,-4:-7,116
2021-07-14 21:11:00,35.95652,126.99503,부송동,4,기타,1:-1,116
2021-07-14 21:12:00,35.95387,126.98506,어양동,3,"가축 분뇨 냄새(닭, 돼지, 소)",0:-1,116
2021-07-14 21:13:00,35.95733,126.98908,부송동,3,"가축 분뇨 냄새(닭, 돼지, 소)",0:0,116
2021-07-14 21:17:00,35.95686,126.980934,어양동,3,"가축 분뇨 냄새(닭, 돼지, 소)",-1:0,116
2021-07-14 21:21:00,35.934002,126.96995,동산동,4,"가축 분뇨 냄새(닭, 돼지, 소)",-3:-5,116
2021-07-14 21:23:00,35.928738,126.96312,동산동,4,기타,-4:-7,116
2021-07-14 21:23:00,35.92953,126.96441,동산동,5,"가축 분뇨 냄새(닭, 돼지, 소)",-4:-6,116
2021-07-14 21:24:00,35.92895,126.96312,동산동,5,하수구 냄새,-4:-7,116
2021-07-14 21:25:00,35.93402,126.96944,동산동,5,"가축 분뇨 냄새(닭, 돼지, 소)",-3:-5,116
2021-07-14 21:25:00,35.92852,126.9633,동산동,4,"가축 분뇨 냄새(닭, 돼지, 소)",-4:-7,116
2021-07-14 21:25:00,35.955708,126.98528,어양동,4,기타,0:-1,116
2021-07-14 21:25:00,35.928738,126.96312,동산동,4,기타,-4:-7,116
2021-07-14 21:26:00,35.9543,126.98883,어양동,4,"가축 분뇨 냄새(닭, 돼지, 소)",0:-1,116
2021-07-14 21:27:00,35.927277,126.95986,동산동,4,기타,-5:-7,116
2021-07-14 21:27:00,35.957108,126.96258,신동,4,"가축 분뇨 냄새(닭, 돼지, 소)",-4:0,116
2021-07-14 21:28:00,35.92953,126.96441,동산동,5,"가축 분뇨 냄새(닭, 돼지, 소)",-4:-6,116
2021-07-14 21:29:00,35.957565,126.9622,신동,5,기타,-4:0,116
2021-07-14 21:30:00,35.930195,126.95869,동산동,5,기타,-5:-6,116
2021-07-14 21:30:00,35.95441,126.98769,어양동,5,기타,0:-1,116
2021-07-14 21:31:00,35.930717,126.9578,동산동,5,하수구 냄새,-5:-6,116
2021-07-14 21:32:00,35.934177,126.957535,주현동,4,기타,-5:-5,116
2021-07-14 21:32:00,35.95531,126.98169,어양동,4,"가축 분뇨 냄새(닭, 돼지, 소)",-1:-1,116
2021-07-14 21:32:00,35.949898,126.96808,영등동,4,기타,-3:-2,116
2021-07-14 21:32:00,35.928627,126.96427,동산동,4,"가축 분뇨 냄새(닭, 돼지, 소)",-4:-7,116
2021-07-14 21:33:00,35.930645,126.9578,동산동,5,하수구 냄새,-5:-6,116
2021-07-14 21:33:00,35.92769,126.95951,동산동,4,기타,-5:-7,116
2021-07-14 21:35:00,35.93061,126.95785,동산동,5,하수구 냄새,-5:-6,116
2021-07-14 21:35:00,35.925922,126.960594,동산동,4,"가축 분뇨 냄새(닭, 돼지, 소)",-5:-7,116
2021-07-14 21:36:00,35.954407,126.984795,어양동,2,하수구 냄새,0:-1,116
2021-07-14 21:36:00,35.95826,126.96202,신동,4,기타,-4:0,116
2021-07-14 21:36:00,35.96276,126.99221,부송동,5,"가축 분뇨 냄새(닭, 돼지, 소)",1:1,116
2021-07-14 21:38:00,35.93492,126.945755,평화동,4,기타,-7:-5,-1
2021-07-14 21:38:00,35.943104,126.96195,마동,3,기타,-5:-3,116
2021-07-14 21:38:00,35.927887,126.95962,동산동,4,"가축 분뇨 냄새(닭, 돼지, 소)",-5:-7,116
2021-07-14 21:39:00,35.951523,126.97566,영등동,4,"가축 분뇨 냄새(닭, 돼지, 소)",-2:-2,116
2021-07-14 21:42:00,35.951523,126.97566,영등동,4,"가축 분뇨 냄새(닭, 돼지, 소)",-2:-2,116
2021-07-14 21:42:00,35.94561,126.97885,신흥동,4,기타,-1:-3,116
2021-07-14 21:45:00,35.934288,126.95744,주현동,3,"가축 분뇨 냄새(닭, 돼지, 소)",-5:-5,116
2021-07-14 21:46:00,35.961044,126.9941,부송동,5,"가축 분뇨 냄새(닭, 돼지, 소)",1:0,116
2021-07-14 21:50:00,35.957256,126.98098,어양동,4,하수구 냄새,-1:0,116
2021-07-14 21:52:00,35.93027,126.974045,금강동,4,기타,-2:-6,116
2021-07-14 21:52:00,35.95239,126.99047,어양동,5,하수구 냄새,1:-1,116
2021-07-14 21:53:00,35.936596,126.96902,마동,4,하수구 냄새,-3:-5,116
2021-07-14 21:54:00,35.929493,126.96436,동산동,5,기타,-4:-6,116
2021-07-14 21:55:00,35.950615,126.93691,모현동1가,5,기타,-9:-2,-1
2021-07-14 21:59:00,35.947845,126.968346,영등동,4,"가축 분뇨 냄새(닭, 돼지, 소)",-3:-2,116
2021-07-14 22:00:00,35.946075,126.96542,마동,4,"가축 분뇨 냄새(닭, 돼지, 소)",-4:-3,116
2021-07-14 22:04:00,35.95592,126.98798,어양동,3,기타,0:-1,116
2021-07-14 22:05:00,35.964935,126.983635,어양동,4,"가축 분뇨 냄새(닭, 돼지, 소)",-1:1,116
2021-07-14 22:05:00,35.932404,126.94127,평화동,5,기타,-8:-6,-1
2021-07-14 22:09:00,35.92753,126.96113,동산동,5,기타,-5:-7,116
2021-07-14 22:09:00,35.95912,126.95883,신동,5,"가축 분뇨 냄새(닭, 돼지, 소)",-5:0,116
2021-07-14 22:10:00,35.92751,126.96113,동산동,5,기타,-5:-7,116
2021-07-14 22:14:00,35.936634,126.96902,마동,5,"가축 분뇨 냄새(닭, 돼지, 소)",-3:-5,116
2021-07-14 22:15:00,35.960495,126.96488,신동,4,하수구 냄새,-4:0,116
2021-07-14 22:16:00,35.927547,126.96108,동산동,4,"가축 분뇨 냄새(닭, 돼지, 소)",-5:-7,116
2021-07-14 22:23:00,35.93155,126.96977,동산동,5,"가축 분뇨 냄새(닭, 돼지, 소)",-3:-6,116
2021-07-14 22:23:00,35.934048,126.97019,동산동,3,"가축 분뇨 냄새(닭, 돼지, 소)",-3:-5,116
2021-07-14 22:32:00,35.96032,126.97379,영등동,4,"가축 분뇨 냄새(닭, 돼지, 소)",-2:0,116
2021-07-14 22:33:00,35.957005,126.98062,어양동,4,"가축 분뇨 냄새(닭, 돼지, 소)",-1:0,116
2021-07-14 22:42:00,35.961258,126.97849,영등동,5,하수구 냄새,-2:1,116
2021-07-14 22:47:00,35.95531,126.98169,어양동,5,"가축 분뇨 냄새(닭, 돼지, 소)",-1:-1,117
2021-07-14 22:48:00,35.96122,126.97406,영등동,4,"가축 분뇨 냄새(닭, 돼지, 소)",-2:1,117
2021-07-14 22:48:00,35.954346,126.983864,어양동,4,"가축 분뇨 냄새(닭, 돼지, 소)",-1:-1,117
2021-07-14 22:58:00,35.95412,126.98803,어양동,3,"가축 분뇨 냄새(닭, 돼지, 소)",0:-1,117
2021-07-14 22:59:00,35.958447,126.998604,부송동,4,"가축 분뇨 냄새(닭, 돼지, 소)",2:0,117
2021-07-14 23:03:00,35.95733,126.99956,부송동,4,"가축 분뇨 냄새(닭, 돼지, 소)",2:0,117
2021-07-14 23:08:00,35.944153,126.93057,송학동,5,"가축 분뇨 냄새(닭, 돼지, 소)",-10:-3,-1
2021-07-14 23:09:00,35.962666,126.98439,어양동,4,기타,0:1,117
2021-07-14 23:09:00,35.957256,126.99594,부송동,2,하수구 냄새,2:0,117
2021-07-14 23:13:00,35.961834,126.98617,어양동,5,기타,0:1,117
2021-07-14 23:14:00,35.947437,126.941925,모현동1가,5,기타,-8:-3,-1
2021-07-14 23:14:00,35.961044,126.9941,부송동,5,"가축 분뇨 냄새(닭, 돼지, 소)",1:0,117
2021-07-14 23:25:00,35.961254,126.97251,영등동,4,"가축 분뇨 냄새(닭, 돼지, 소)",-3:1,117
2021-07-14 23:29:00,35.94744,126.9464,모현동1가,3,"가축 분뇨 냄새(닭, 돼지, 소)",-7:-3,-1
2021-07-14 23:30:00,35.955345,126.98625,어양동,4,기타,0:-1,117
2021-07-14 23:44:00,35.961075,126.99411,부송동,5,하수구 냄새,1:0,117
2021-07-14 23:45:00,35.96589,127.0149,팔봉동,4,"가축 분뇨 냄새(닭, 돼지, 소)",5:2,-1
2021-07-14 23:46:00,35.961044,126.9941,부송동,5,하수구 냄새,1:0,117
2021-07-14 23:47:00,35.961044,126.9941,부송동,4,하수구 냄새,1:0,117
2021-07-14 23:48:00,35.963383,126.97362,영등동,3,하수구 냄새,-2:1,117
2021-07-14 23:53:00,35.964035,126.986916,부송동,3,"가축 분뇨 냄새(닭, 돼지, 소)",0:1,117
2021-07-14 23:59:00,35.951813,126.97477,영등동,3,"가축 분뇨 냄새(닭, 돼지, 소)",-2:-2,117
2021-07-14 23:59:00,35.953724,126.985016,어양동,5,"가축 분뇨 냄새(닭, 돼지, 소)",0:-1,117
2021-07-14 23:59:00,35.94744,126.94642,모현동1가,5,하수구 냄새,-7:-3,118
2021-07-15 00:03:00,35.95484,126.976234,영등동,5,"가축 분뇨 냄새(닭, 돼지, 소)",-2:-1,117
2021-07-15 00:04:00,35.95221,126.97513,영등동,4,"가축 분뇨 냄새(닭, 돼지, 소)",-2:-1,117
2021-07-15 00:04:00,35.96544,127.015564,팔봉동,5,기타,5:1,-1
2021-07-15 00:04:00,35.94744,126.9464,모현동1가,4,기타,-7:-3,118
2021-07-15 00:08:00,35.953785,126.98421,어양동,4,기타,-1:-1,117
2021-07-15 00:17:00,35.963528,126.97861,영등동,5,"가축 분뇨 냄새(닭, 돼지, 소)",-2:1,117
2021-07-15 00:19:00,35.93595,126.97859,금강동,5,"가축 분뇨 냄새(닭, 돼지, 소)",-2:-5,-1
2021-07-15 00:19:00,35.96104,126.98382,어양동,3,기타,-1:0,117
2021-07-15 00:20:00,35.93393,126.97012,동산동,5,기타,-3:-6,-1
2021-07-15 00:23:00,35.96569,127.01539,팔봉동,5,기타,5:2,-1
2021-07-15 00:24:00,35.95405,126.98466,어양동,5,"가축 분뇨 냄새(닭, 돼지, 소)",0:-1,117
2021-07-15 00:24:00,35.926247,126.959145,동산동,5,기타,-5:-7,-1
2021-07-15 00:27:00,35.96454,127.01512,팔봉동,5,"가축 분뇨 냄새(닭, 돼지, 소)",5:1,-1
2021-07-15 00:40:00,35.957924,126.99878,부송동,4,"가축 분뇨 냄새(닭, 돼지, 소)",2:0,117
2021-07-15 00:50:00,35.95989,126.99949,부송동,4,"가축 분뇨 냄새(닭, 돼지, 소)",2:0,117
2021-07-15 00:50:00,35.952118,126.932785,모현동2가,5,기타,-10:-1,-1
2021-07-15 00:54:00,35.94744,126.94642,모현동1가,5,기타,-7:-3,118
2021-07-15 01:01:00,35.941357,126.929245,송학동,5,기타,-10:-4,-1
2021-07-15 01:21:00,35.945778,126.934875,모현동1가,4,"가축 분뇨 냄새(닭, 돼지, 소)",-9:-3,-1
2021-07-15 01:38:00,35.96245,126.98488,부송동,4,기타,0:1,-1
2021-07-15 01:41:00,35.944836,126.92978,송학동,4,"가축 분뇨 냄새(닭, 돼지, 소)",-10:-3,119
2021-07-15 01:53:00,35.94744,126.9464,모현동1가,4,"공장 냄새(화학약품, 매캐함)",-7:-3,-1
2021-07-15 02:27:00,35.94713,126.93853,모현동1가,5,기타,-9:-3,119
2021-07-15 02:39:00,35.94744,126.94642,모현동1가,4,"가축 분뇨 냄새(닭, 돼지, 소)",-7:-3,-1
2021-07-15 04:21:00,35.954987,126.993835,부송동,3,"가축 분뇨 냄새(닭, 돼지, 소)",1:-1,-1
2021-07-15 06:02:00,35.956646,126.995186,부송동,5,"가축 분뇨 냄새(닭, 돼지, 소)",1:0,-1
2021-07-15 06:16:00,35.958065,126.97397,영등동,3,"가축 분뇨 냄새(닭, 돼지, 소)",-2:0,-1
2021-07-15 06:27:00,35.96034,126.97381,영등동,3,기타,-2:0,-1
2021-07-15 07:07:00,36.07038,126.9881,낭산면 용기리,3,"공장 냄새(화학약품, 매캐함)",0:25,-1
2021-07-15 07:24:00,35.961437,126.99415,부송동,4,"가축 분뇨 냄새(닭, 돼지, 소)",1:1,-1
2021-07-15 07:36:00,35.959934,126.99968,부송동,4,"가축 분뇨 냄새(닭, 돼지, 소)",2:0,-1
2021-07-15 07:40:00,35.928738,126.96312,동산동,3,기타,-4:-7,-1
2021-07-15 08:12:00,35.953136,126.98453,어양동,5,기타,0:-1,-1
2021-07-15 08:44:00,35.962807,126.98519,부송동,5,기타,0:1,-1
2021-07-15 21:20:00,35.92509,127.05359,춘포면 쌍정리,5,"가축 분뇨 냄새(닭, 돼지, 소)",12:-7,-1
2021-07-15 22:38:00,35.945755,126.977875,신흥동,4,"가축 분뇨 냄새(닭, 돼지, 소)",-2:-3,-1
2021-07-15 23:10:00,35.92852,126.963036,동산동,3,"가축 분뇨 냄새(닭, 돼지, 소)",-4:-7,-1
2021-07-15 23:13:00,35.934032,126.95749,주현동,4,기타,-5:-5,-1
2021-07-15 23:20:00,35.927834,126.96113,동산동,3,"가축 분뇨 냄새(닭, 돼지, 소)",-5:-7,-1
2021-07-15 23:25:00,35.95365,126.98506,어양동,4,기타,0:-1,-1
2021-07-15 23:26:00,35.93282,126.93914,평화동,3,기타,-9:-6,-1
2021-07-16 01:00:00,35.932674,126.94107,평화동,5,하수구 냄새,-8:-6,-1
2021-07-16 01:23:00,35.957577,126.962166,신동,5,하수구 냄새,-4:0,-1
2021-07-16 01:27:00,35.92623,126.95908,동산동,5,"가축 분뇨 냄새(닭, 돼지, 소)",-5:-7,-1
2021-07-16 01:33:00,35.959816,126.99929,부송동,4,"가축 분뇨 냄새(닭, 돼지, 소)",2:0,-1
2021-07-16 01:36:00,35.94744,126.9464,모현동1가,5,기타,-7:-3,-1
2021-07-16 01:41:00,35.94744,126.94642,모현동1가,5,기타,-7:-3,-1
2021-07-16 01:56:00,35.95789,126.999,부송동,4,"공장 냄새(화학약품, 매캐함)",2:0,-1
2021-07-16 03:25:00,35.956337,126.995476,부송동,5,하수구 냄새,2:-1,-1
2021-07-16 03:46:00,35.951775,126.97473,영등동,4,음식조리 냄새,-2:-2,-1
2021-07-16 04:29:00,35.9574,126.99814,부송동,3,"공장 냄새(화학약품, 매캐함)",2:0,-1
2021-07-16 05:42:00,35.95826,126.96204,신동,4,하수구 냄새,-4:0,-1
2021-07-16 05:43:00,35.932297,126.941,평화동,4,기타,-8:-6,-1
2021-07-16 05:51:00,35.9523,126.93638,모현동1가,3,기타,-9:-1,-1
2021-07-16 05:55:00,35.947113,126.93797,모현동1가,4,기타,-9:-3,-1
2021-07-16 06:07:00,35.94744,126.94642,모현동1가,4,하수구 냄새,-7:-3,-1
2021-07-16 06:10:00,35.963238,126.973724,영등동,4,기타,-2:1,-1
2021-07-16 06:32:00,35.959507,126.957726,신동,4,기타,-5:0,-1
2021-07-16 06:40:00,35.96032,126.97379,영등동,3,기타,-2:0,-1
2021-07-16 12:13:00,35.948845,126.94702,모현동1가,4,"가축 분뇨 냄새(닭, 돼지, 소)",-7:-2,-1
2021-07-16 18:28:00,35.92776,126.96095,동산동,3,"가축 분뇨 냄새(닭, 돼지, 소)",-5:-7,120
2021-07-16 18:29:00,35.93317,126.96405,동산동,4,기타,-4:-6,120
2021-07-16 18:32:00,35.9523,126.93638,모현동1가,3,기타,-9:-1,-1
2021-07-16 18:38:00,35.926243,126.959076,동산동,3,기타,-5:-7,120
2021-07-16 18:43:00,35.928738,126.96312,동산동,4,하수구 냄새,-4:-7,120
2021-07-16 19:04:00,35.928448,126.95962,동산동,5,"가축 분뇨 냄새(닭, 돼지, 소)",-5:-7,120
2021-07-16 19:17:00,35.9544,126.9499,모현동1가,3,"가축 분뇨 냄새(닭, 돼지, 소)",-7:-1,-1
2021-07-16 19:43:00,35.94744,126.94642,모현동1가,3,"가축 분뇨 냄새(닭, 돼지, 소)",-7:-3,-1
2021-07-16 19:43:00,35.930824,126.95794,동산동,4,하수구 냄새,-5:-6,120
2021-07-16 19:52:00,35.934105,126.95736,주현동,4,"가축 분뇨 냄새(닭, 돼지, 소)",-5:-5,120
2021-07-16 20:04:00,35.96551,127.01645,팔봉동,5,"공장 냄새(화학약품, 매캐함)",5:1,-1
2021-07-16 20:10:00,35.92509,127.05359,춘포면 쌍정리,4,"가축 분뇨 냄새(닭, 돼지, 소)",12:-7,-1
2021-07-16 21:58:00,35.95715,126.99938,부송동,4,"공장 냄새(화학약품, 매캐함)",2:0,-1
2021-07-16 22:35:00,35.953793,126.9885,어양동,4,기타,0:-1,-1
2021-07-16 22:57:00,35.953686,126.984924,어양동,4,기타,0:-1,-1
2021-07-17 00:14:00,35.961727,126.99428,부송동,4,하수구 냄새,1:1,-1
2021-07-17 00:16:00,35.960323,126.99375,부송동,3,"가축 분뇨 냄새(닭, 돼지, 소)",1:0,-1
2021-07-17 05:32:00,35.957367,126.99956,부송동,4,"공장 냄새(화학약품, 매캐함)",2:0,-1
2021-07-17 07:47:00,35.928738,126.96312,동산동,4,"가축 분뇨 냄새(닭, 돼지, 소)",-4:-7,-1
2021-07-17 08:21:00,35.953777,126.98441,어양동,4,기타,0:-1,-1
2021-07-17 08:56:00,36.06898,126.987495,낭산면 용기리,3,"공장 냄새(화학약품, 매캐함)",0:24,-1
2021-07-17 19:18:00,36.0699,126.98832,낭산면 용기리,5,기타,0:25,-1
2021-07-17 19:19:00,36.069424,126.987656,낭산면 용기리,5,기타,0:24,-1
2021-07-17 20:15:00,35.92509,127.05359,춘포면 쌍정리,4,"가축 분뇨 냄새(닭, 돼지, 소)",12:-7,-1
2021-07-17 20:21:00,35.953686,126.98532,어양동,5,기타,0:-1,-1
2021-07-17 21:04:00,35.956284,126.99685,부송동,4,"가축 분뇨 냄새(닭, 돼지, 소)",2:-1,-1
2021-07-17 21:07:00,35.932404,126.94158,평화동,5,기타,-8:-6,-1
2021-07-18 06:11:00,35.957073,126.9624,신동,3,"가축 분뇨 냄새(닭, 돼지, 소)",-4:0,-1
2021-07-18 07:39:00,36.07038,126.9881,낭산면 용기리,5,기타,0:25,-1
2021-07-18 15:58:00,36.11216,126.98438,용동면 용성리,5,기타,0:34,-1
2021-07-18 19:49:00,35.957367,126.99969,부송동,4,"가축 분뇨 냄새(닭, 돼지, 소)",2:0,-1
2021-07-18 20:03:00,35.928738,126.96414,동산동,5,"가축 분뇨 냄새(닭, 돼지, 소)",-4:-7,-1
2021-07-18 20:04:00,35.95365,126.988396,어양동,4,기타,0:-1,-1
2021-07-18 20:12:00,35.953255,126.98424,어양동,3,기타,0:-1,-1
2021-07-18 20:45:00,35.953686,126.9851,어양동,5,기타,0:-1,-1
2021-07-18 20:49:00,35.960358,126.98426,어양동,3,"공장 냄새(화학약품, 매캐함)",0:0,-1
2021-07-18 20:51:00,36.069416,126.98775,낭산면 용기리,5,기타,0:24,-1
2021-07-18 21:05:00,35.92509,127.05359,춘포면 쌍정리,5,"가축 분뇨 냄새(닭, 돼지, 소)",12:-7,-1
2021-07-18 22:02:00,36.07038,126.9881,낭산면 용기리,4,기타,0:25,-1
2021-07-19 00:42:00,35.957294,126.99756,부송동,5,"공장 냄새(화학약품, 매캐함)",2:0,-1
2021-07-19 08:19:00,35.92509,127.05359,춘포면 쌍정리,4,"가축 분뇨 냄새(닭, 돼지, 소)",12:-7,-1
2021-07-19 08:32:00,35.97444,126.95157,신용동,3,기타,-6:3,-1
2021-07-19 08:52:00,35.951633,126.93671,모현동1가,4,"가축 분뇨 냄새(닭, 돼지, 소)",-9:-2,-1
2021-07-19 18:24:00,35.919533,127.06338,왕궁면 온수리,5,"가축 분뇨 냄새(닭, 돼지, 소)",14:-9,-1
2021-07-19 19:49:00,36.06955,126.98781,낭산면 용기리,4,기타,0:24,-1
2021-07-19 20:01:00,35.953903,126.98483,어양동,5,기타,0:-1,-1
2021-07-19 20:04:00,36.07038,126.9881,낭산면 용기리,4,기타,0:25,-1
2021-07-19 20:30:00,35.95816,126.96214,신동,3,기타,-4:0,-1
2021-07-19 21:45:00,35.92509,127.05359,춘포면 쌍정리,4,"가축 분뇨 냄새(닭, 돼지, 소)",12:-7,-1
2021-07-19 22:36:00,35.929947,126.97239,금강동,4,"가축 분뇨 냄새(닭, 돼지, 소)",-3:-6,-1
2021-07-19 22:50:00,35.93649,126.969505,마동,4,하수구 냄새,-3:-5,-1
2021-07-19 22:52:00,35.936504,126.96907,마동,3,하수구 냄새,-3:-5,-1
2021-07-19 23:03:00,35.94744,126.94642,모현동1가,3,하수구 냄새,-7:-3,-1
2021-07-20 00:20:00,36.06917,126.98779,낭산면 용기리,5,기타,0:24,-1
2021-07-20 02:25:00,35.957603,126.96214,신동,5,기타,-4:0,-1
2021-07-20 05:07:00,35.926212,126.959114,동산동,5,"가축 분뇨 냄새(닭, 돼지, 소)",-5:-7,-1
2021-07-20 05:16:00,35.9537,126.98839,어양동,4,기타,0:-1,-1
2021-07-20 05:28:00,35.932297,126.941,평화동,5,기타,-8:-6,-1
2021-07-20 06:52:00,35.96848,126.92425,만석동,5,기타,-11:2,-1
2021-07-20 17:27:00,36.069588,126.98777,낭산면 용기리,4,기타,0:24,-1
2021-07-20 20:36:00,35.953815,126.98417,어양동,4,기타,-1:-1,-1
2021-07-20 20:55:00,35.954014,126.98466,어양동,5,기타,0:-1,-1
2021-07-20 21:30:00,36.001514,126.94505,황등면 황등리,3,기타,-8:9,-1
2021-07-20 21:34:00,35.936596,126.96861,마동,4,기타,-3:-5,-1
2021-07-20 21:42:00,35.947304,126.96617,영등동,3,"가축 분뇨 냄새(닭, 돼지, 소)",-4:-3,-1
2021-07-20 21:50:00,35.93009,126.97336,금강동,5,"가축 분뇨 냄새(닭, 돼지, 소)",-2:-6,-1
2021-07-20 21:54:00,35.953632,126.98842,어양동,4,기타,0:-1,121
2021-07-20 21:54:00,35.93649,126.96861,마동,2,"공장 냄새(화학약품, 매캐함)",-3:-5,-1
2021-07-20 21:59:00,35.9343,126.9702,동산동,5,기타,-3:-5,-1
2021-07-20 22:00:00,35.964756,126.98315,어양동,5,하수구 냄새,-1:1,121
2021-07-20 22:03:00,35.953472,126.9851,어양동,5,"가축 분뇨 냄새(닭, 돼지, 소)",0:-1,121
2021-07-20 22:03:00,35.955597,126.9867,어양동,4,"가축 분뇨 냄새(닭, 돼지, 소)",0:-1,121
2021-07-20 22:05:00,35.95506,126.9871,어양동,4,기타,0:-1,121
2021-07-20 22:09:00,35.96544,127.015564,팔봉동,4,"가축 분뇨 냄새(닭, 돼지, 소)",5:1,-1
2021-07-20 22:09:00,35.95768,126.97393,영등동,4,하수구 냄새,-2:0,121
2021-07-20 22:11:00,35.964504,126.98683,부송동,3,기타,0:1,121
2021-07-20 22:12:00,35.95387,126.98834,어양동,5,기타,0:-1,121
2021-07-20 22:13:00,35.965584,127.01596,팔봉동,4,기타,5:1,-1
2021-07-20 22:17:00,35.95387,126.98428,어양동,5,기타,0:-1,121
2021-07-20 22:24:00,35.964897,126.98337,어양동,5,기타,-1:1,121
2021-07-20 22:25:00,35.95574,126.98364,어양동,5,하수구 냄새,-1:-1,121
2021-07-20 22:39:00,35.953617,126.98439,어양동,3,"가축 분뇨 냄새(닭, 돼지, 소)",0:-1,121
2021-07-20 22:45:00,35.962337,126.98402,어양동,4,"가축 분뇨 냄새(닭, 돼지, 소)",-1:1,121
2021-07-20 22:47:00,35.963097,126.98373,어양동,3,"공장 냄새(화학약품, 매캐함)",-1:1,121
2021-07-20 22:53:00,35.95376,126.98475,어양동,5,기타,0:-1,121
2021-07-20 23:00:00,35.96043,126.98936,부송동,4,기타,0:0,121
2021-07-20 23:00:00,35.956787,126.9886,부송동,5,기타,0:0,121
2021-07-20 23:01:00,35.95823,126.99823,부송동,4,기타,2:0,121
2021-07-20 23:11:00,35.95293,126.989296,어양동,4,기타,0:-1,121
2021-07-20 23:19:00,35.957325,126.9624,신동,4,기타,-4:0,121
2021-07-20 23:30:00,35.954185,126.9953,부송동,4,"가축 분뇨 냄새(닭, 돼지, 소)",1:-1,121
2021-07-20 23:35:00,35.954212,126.99523,부송동,5,"가축 분뇨 냄새(닭, 돼지, 소)",1:-1,121
2021-07-20 23:37:00,35.956604,126.97257,영등동,5,하수구 냄새,-3:0,121
2021-07-20 23:37:00,35.950405,126.96737,영등동,5,하수구 냄새,-4:-2,121
2021-07-20 23:38:00,35.95826,126.96202,신동,5,"가축 분뇨 냄새(닭, 돼지, 소)",-4:0,121
2021-07-20 23:39:00,35.95538,126.971886,영등동,5,"가축 분뇨 냄새(닭, 돼지, 소)",-3:-1,121
2021-07-20 23:39:00,35.953255,126.98424,어양동,5,"가축 분뇨 냄새(닭, 돼지, 소)",0:-1,121
2021-07-20 23:39:00,35.96544,127.015564,팔봉동,4,"가축 분뇨 냄새(닭, 돼지, 소)",5:1,-1
2021-07-20 23:40:00,35.953632,126.9847,어양동,4,"가축 분뇨 냄새(닭, 돼지, 소)",0:-1,121
2021-07-20 23:41:00,35.94744,126.9464,모현동1가,5,"가축 분뇨 냄새(닭, 돼지, 소)",-7:-3,-1
2021-07-20 23:45:00,35.964863,126.98319,어양동,4,하수구 냄새,-1:1,121
2021-07-20 23:47:00,35.95686,126.9886,부송동,5,"가축 분뇨 냄새(닭, 돼지, 소)",0:0,121
2021-07-20 23:50:00,35.962807,126.98519,부송동,4,기타,0:1,121
2021-07-20 23:50:00,35.95772,126.96217,신동,3,기타,-4:0,121
2021-07-20 23:50:00,35.957134,126.96196,신동,4,"가축 분뇨 냄새(닭, 돼지, 소)",-5:0,121
2021-07-20 23:52:00,35.95376,126.98497,어양동,5,"가축 분뇨 냄새(닭, 돼지, 소)",0:-1,121
2021-07-20 23:52:00,35.953236,126.97127,영등동,4,"가축 분뇨 냄새(닭, 돼지, 소)",-3:-1,121
2021-07-20 23:53:00,35.94744,126.94642,모현동1가,5,"가축 분뇨 냄새(닭, 돼지, 소)",-7:-3,-1
2021-07-20 23:57:00,35.958195,126.99756,부송동,5,하수구 냄새,2:0,121
2021-07-20 23:58:00,35.958664,126.992775,부송동,5,기타,1:0,121
2021-07-20 23:58:00,35.95491,126.97621,영등동,5,"가축 분뇨 냄새(닭, 돼지, 소)",-2:-1,121
2021-07-21 00:01:00,35.961437,126.99432,부송동,5,"가축 분뇨 냄새(닭, 돼지, 소)",1:1,121
2021-07-21 00:03:00,35.96151,126.99423,부송동,5,"가축 분뇨 냄새(닭, 돼지, 소)",1:1,121
2021-07-21 00:05:00,35.961185,126.99397,부송동,5,"가축 분뇨 냄새(닭, 돼지, 소)",1:1,121
2021-07-21 00:06:00,35.95717,126.993286,부송동,4,"가축 분뇨 냄새(닭, 돼지, 소)",1:0,121
2021-07-21 00:10:00,35.956646,126.99503,부송동,5,"공장 냄새(화학약품, 매캐함)",1:0,121
2021-07-21 00:19:00,35.9543,126.98883,어양동,5,기타,0:-1,121
2021-07-21 00:21:00,35.964016,126.97472,영등동,3,기타,-2:1,121
2021-07-21 00:30:00,35.957905,126.98118,어양동,5,하수구 냄새,-1:0,121
2021-07-21 00:37:00,35.954803,126.98196,어양동,3,기타,-1:-1,121
2021-07-21 00:39:00,35.952824,126.98466,어양동,4,하수구 냄새,0:-1,121
2021-07-21 00:39:00,35.952118,126.932785,모현동2가,4,"가축 분뇨 냄새(닭, 돼지, 소)",-10:-1,-1
2021-07-21 02:15:00,35.935226,126.9711,마동,4,기타,-3:-5,-1
2021-07-21 03:17:00,35.95441,126.98769,어양동,4,기타,0:-1,-1
2021-07-21 03:19:00,35.957497,126.96219,신동,4,기타,-4:0,-1
2021-07-21 03:51:00,35.96223,126.99115,부송동,5,음식조리 냄새,1:1,-1
2021-07-21 03:52:00,35.95967,126.97415,영등동,5,"가축 분뇨 냄새(닭, 돼지, 소)",-2:0,-1
2021-07-21 05:09:00,35.927765,126.966156,동산동,5,하수구 냄새,-4:-7,-1
2021-07-21 05:10:00,36.009697,126.94303,황등면 황등리,4,기타,-8:11,-1
2021-07-21 05:24:00,35.957993,126.97406,영등동,4,기타,-2:0,-1
2021-07-21 05:35:00,35.95494,126.95012,모현동1가,5,"가축 분뇨 냄새(닭, 돼지, 소)",-7:-1,-1
2021-07-21 06:02:00,35.928738,126.96312,동산동,4,기타,-4:-7,-1
2021-07-21 06:08:00,35.95587,126.980896,어양동,4,"가축 분뇨 냄새(닭, 돼지, 소)",-1:-1,-1
2021-07-21 06:26:00,35.95643,126.99503,부송동,3,기타,1:-1,-1
2021-07-21 06:53:00,35.943375,126.975044,신흥동,4,하수구 냄새,-2:-3,-1
2021-07-21 06:54:00,35.942974,126.96161,마동,4,"가축 분뇨 냄새(닭, 돼지, 소)",-5:-4,-1
2021-07-21 07:09:00,35.951847,126.97526,영등동,2,기타,-2:-2,-1
2021-07-21 15:21:00,36.069828,126.98822,낭산면 용기리,5,기타,0:25,-1
2021-07-21 19:20:00,36.069016,126.98753,낭산면 용기리,3,"공장 냄새(화학약품, 매캐함)",0:24,-1
2021-07-21 20:33:00,35.928738,126.96314,동산동,4,하수구 냄새,-4:-7,-1
2021-07-22 00:16:00,36.07038,126.9881,낭산면 용기리,4,기타,0:25,-1
2021-07-22 00:38:00,35.94744,126.9464,모현동1가,4,하수구 냄새,-7:-3,-1
2021-07-22 01:10:00,35.934093,126.97017,동산동,3,"가축 분뇨 냄새(닭, 돼지, 소)",-3:-5,-1
2021-07-22 05:50:00,35.958084,126.97395,영등동,4,기타,-2:0,-1
2021-07-22 06:10:00,35.92509,127.05359,춘포면 쌍정리,5,하수구 냄새,12:-7,-1
2021-07-22 09:48:00,36.07038,126.9881,낭산면 용기리,4,기타,0:25,-1
2021-07-22 19:16:00,35.961403,126.994194,부송동,4,하수구 냄새,1:1,-1
2021-07-22 19:16:00,35.960464,126.99481,부송동,3,"공장 냄새(화학약품, 매캐함)",1:0,-1
2021-07-22 19:48:00,35.96056,126.99382,부송동,4,"가축 분뇨 냄새(닭, 돼지, 소)",1:0,122
2021-07-22 19:50:00,35.961044,126.9941,부송동,3,기타,1:0,122
2021-07-22 20:09:00,35.92509,127.05359,춘포면 쌍정리,4,"가축 분뇨 냄새(닭, 돼지, 소)",12:-7,-1
2021-07-22 20:10:00,36.04555,126.961006,함열읍 석매리,4,기타,-5:19,-1
2021-07-22 20:29:00,35.9543,126.98883,어양동,3,기타,0:-1,122
2021-07-22 21:04:00,35.95764,126.97389,영등동,3,하수구 냄새,-2:0,-1
2021-07-22 21:33:00,35.953545,126.98483,어양동,4,기타,0:-1,-1
2021-07-22 21:41:00,35.957523,126.96214,신동,5,기타,-4:0,-1
2021-07-22 22:09:00,35.954697,126.98701,어양동,4,"가축 분뇨 냄새(닭, 돼지, 소)",0:-1,-1
2021-07-22 23:22:00,35.92975,126.97234,금강동,4,"가축 분뇨 냄새(닭, 돼지, 소)",-3:-6,-1
2021-07-22 23:29:00,35.953976,126.98532,어양동,5,기타,0:-1,-1
2021-07-23 01:27:00,35.959023,126.99231,부송동,3,"공장 냄새(화학약품, 매캐함)",1:0,-1
2021-07-23 04:29:00,36.07038,126.9881,낭산면 용기리,5,기타,0:25,-1
2021-07-23 06:37:00,36.07038,126.9881,낭산면 용기리,3,"공장 냄새(화학약품, 매캐함)",0:25,-1
2021-07-23 08:19:00,36.07038,126.9881,낭산면 용기리,4,기타,0:25,-1
2021-07-23 09:29:00,36.07038,126.9881,낭산면 용기리,4,기타,0:25,-1
2021-07-23 18:14:00,36.07038,126.9881,낭산면 용기리,4,기타,0:25,-1
2021-07-23 18:36:00,36.069546,126.987915,낭산면 용기리,4,기타,0:24,-1
2021-07-23 18:45:00,36.07038,126.9881,낭산면 용기리,5,기타,0:25,-1
2021-07-23 19:47:00,36.07038,126.9881,낭산면 용기리,5,"가축 분뇨 냄새(닭, 돼지, 소)",0:25,-1
2021-07-23 20:52:00,35.96223,126.98395,어양동,4,"공장 냄새(화학약품, 매캐함)",-1:1,-1
2021-07-23 21:30:00,35.95762,126.99787,부송동,5,"공장 냄새(화학약품, 매캐함)",2:0,-1
2021-07-23 22:18:00,35.953617,126.984924,어양동,5,"가축 분뇨 냄새(닭, 돼지, 소)",0:-1,123
2021-07-23 22:19:00,35.960934,126.994415,부송동,4,하수구 냄새,1:0,123
2021-07-23 22:33:00,35.950806,126.98621,어양동,5,"가축 분뇨 냄새(닭, 돼지, 소)",0:-2,123
2021-07-23 22:52:00,35.95385,126.984215,어양동,5,"가축 분뇨 냄새(닭, 돼지, 소)",0:-1,123
2021-07-23 22:54:00,35.95385,126.984146,어양동,5,"가축 분뇨 냄새(닭, 돼지, 소)",-1:-1,123
2021-07-23 23:01:00,35.962555,126.99217,부송동,3,"가축 분뇨 냄새(닭, 돼지, 소)",1:1,123
2021-07-23 23:05:00,35.957077,126.98204,어양동,3,"가축 분뇨 냄새(닭, 돼지, 소)",-1:0,123
2021-07-23 23:10:00,35.96551,127.01588,팔봉동,4,"가축 분뇨 냄새(닭, 돼지, 소)",5:1,-1
2021-07-23 23:12:00,35.957256,126.996056,부송동,5,"가축 분뇨 냄새(닭, 돼지, 소)",2:0,123
2021-07-23 23:26:00,35.95988,126.98918,부송동,5,"가축 분뇨 냄새(닭, 돼지, 소)",0:0,123
2021-07-23 23:29:00,35.961224,126.98723,부송동,4,기타,0:1,123
2021-07-23 23:31:00,35.95751,126.962166,신동,5,기타,-4:0,-1
2021-07-23 23:33:00,35.95639,126.99734,부송동,5,"가축 분뇨 냄새(닭, 돼지, 소)",2:-1,123
2021-07-23 23:37:00,35.964504,126.98683,부송동,3,"공장 냄새(화학약품, 매캐함)",0:1,123
2021-07-23 23:52:00,35.96479,126.98368,어양동,5,기타,-1:1,123
2021-07-23 23:59:00,35.957596,126.97391,영등동,5,하수구 냄새,-2:0,123
2021-07-24 03:26:00,36.06928,126.98768,낭산면 용기리,5,기타,0:24,-1
2021-07-24 05:00:00,35.954617,126.95003,모현동1가,3,"가축 분뇨 냄새(닭, 돼지, 소)",-7:-1,-1
2021-07-24 06:09:00,35.95821,126.973816,영등동,2,기타,-2:0,-1
2021-07-24 06:50:00,36.07038,126.9881,낭산면 용기리,3,"공장 냄새(화학약품, 매캐함)",0:25,-1
2021-07-24 11:05:00,36.06937,126.98779,낭산면 용기리,4,기타,0:24,-1
2021-07-24 11:06:00,36.068935,126.98752,낭산면 용기리,2,"공장 냄새(화학약품, 매캐함)",0:24,-1
2021-07-24 21:45:00,35.92509,127.05359,춘포면 쌍정리,4,"가축 분뇨 냄새(닭, 돼지, 소)",12:-7,-1
2021-07-24 22:43:00,35.950516,126.98577,어양동,5,"가축 분뇨 냄새(닭, 돼지, 소)",0:-2,-1
2021-07-24 23:51:00,35.956646,126.993835,부송동,4,"공장 냄새(화학약품, 매캐함)",1:0,-1
2021-07-24 23:54:00,35.94744,126.94642,모현동1가,5,"공장 냄새(화학약품, 매캐함)",-7:-3,-1
2021-07-25 00:06:00,35.936596,126.96902,마동,4,"가축 분뇨 냄새(닭, 돼지, 소)",-3:-5,-1
2021-07-25 00:12:00,35.96526,126.98324,어양동,4,"공장 냄새(화학약품, 매캐함)",-1:1,-1
2021-07-25 00:21:00,35.95369,126.98541,어양동,4,"가축 분뇨 냄새(닭, 돼지, 소)",0:-1,-1
2021-07-25 00:23:00,35.95145,126.974686,영등동,3,"가축 분뇨 냄새(닭, 돼지, 소)",-2:-2,-1
2021-07-25 00:24:00,35.96544,127.015564,팔봉동,5,기타,5:1,-1
2021-07-25 00:24:00,35.94744,126.9464,모현동1가,4,기타,-7:-3,-1
2021-07-25 00:32:00,35.9424,126.96622,마동,4,기타,-4:-4,-1
2021-07-25 00:33:00,35.948517,126.96886,영등동,3,"가축 분뇨 냄새(닭, 돼지, 소)",-3:-2,-1
2021-07-25 00:33:00,35.96544,127.015564,팔봉동,3,기타,5:1,-1
2021-07-25 01:10:00,35.962807,126.98517,부송동,5,기타,0:1,-1
2021-07-25 06:09:00,35.926716,126.958755,동산동,5,"공장 냄새(화학약품, 매캐함)",-5:-7,-1
2021-07-25 06:21:00,35.94744,126.94642,모현동1가,5,"공장 냄새(화학약품, 매캐함)",-7:-3,-1
2021-07-25 07:57:00,36.069016,126.98752,낭산면 용기리,3,"공장 냄새(화학약품, 매캐함)",0:24,-1
2021-07-25 08:30:00,36.069008,126.987526,낭산면 용기리,3,"공장 냄새(화학약품, 매캐함)",0:24,-1
2021-07-25 09:12:00,35.954155,126.98488,어양동,4,기타,0:-1,-1
2021-07-25 09:41:00,36.06901,126.987495,낭산면 용기리,3,"공장 냄새(화학약품, 매캐함)",0:24,-1
2021-07-25 15:14:00,36.07038,126.9881,낭산면 용기리,4,기타,0:25,-1
2021-07-25 15:14:00,36.07038,126.9881,낭산면 용기리,4,기타,0:25,-1
2021-07-25 15:28:00,36.069317,126.987656,낭산면 용기리,4,기타,0:24,124
2021-07-25 15:35:00,36.069675,126.988014,낭산면 용기리,4,기타,0:25,124
2021-07-25 16:25:00,36.06898,126.9875,낭산면 용기리,3,"가축 분뇨 냄새(닭, 돼지, 소)",0:24,124
2021-07-25 16:31:00,36.06888,126.987495,낭산면 용기리,3,"가축 분뇨 냄새(닭, 돼지, 소)",0:24,124
2021-07-25 18:14:00,36.069588,126.9879,낭산면 용기리,5,기타,0:24,-1
2021-07-25 19:47:00,35.944798,126.96143,마동,4,"가축 분뇨 냄새(닭, 돼지, 소)",-5:-3,-1
2021-07-25 19:58:00,35.965763,127.017006,팔봉동,4,기타,5:2,-1
2021-07-25 20:35:00,35.96562,127.0157,팔봉동,4,기타,5:2,-1
2021-07-25 21:18:00,35.95358,126.98483,어양동,4,기타,0:-1,125
2021-07-25 21:19:00,35.95668,126.988075,부송동,4,기타,0:0,125
2021-07-25 21:20:00,35.959347,126.99987,부송동,3,기타,2:0,125
2021-07-25 21:22:00,35.961113,126.99468,부송동,3,하수구 냄새,1:1,125
2021-07-25 21:28:00,35.957275,126.99796,부송동,5,"가축 분뇨 냄새(닭, 돼지, 소)",2:0,125
2021-07-25 21:30:00,35.959843,126.98915,부송동,5,"가축 분뇨 냄새(닭, 돼지, 소)",0:0,125
2021-07-25 21:30:00,35.95041,126.98621,어양동,5,"가축 분뇨 냄새(닭, 돼지, 소)",0:-2,125
2021-07-25 21:32:00,35.964504,126.98683,부송동,3,기타,0:1,125
2021-07-25 21:37:00,35.963383,126.97362,영등동,4,하수구 냄새,-2:1,125
2021-07-25 21:44:00,35.95358,126.9847,어양동,5,기타,0:-1,125
2021-07-25 21:49:00,35.95641,126.995056,부송동,4,하수구 냄새,1:-1,125
2021-07-25 21:50:00,35.92509,127.05359,춘포면 쌍정리,4,"가축 분뇨 냄새(닭, 돼지, 소)",12:-7,-1
2021-07-25 21:51:00,35.954353,126.98395,어양동,4,"가축 분뇨 냄새(닭, 돼지, 소)",-1:-1,125
2021-07-25 21:52:00,35.95372,126.98412,어양동,4,"가축 분뇨 냄새(닭, 돼지, 소)",-1:-1,125
2021-07-25 22:03:00,35.95751,126.962036,신동,5,기타,-4:0,-1
2021-07-25 22:07:00,35.957977,126.9847,어양동,4,기타,0:0,125
2021-07-25 22:09:00,36.07038,126.9881,낭산면 용기리,3,기타,0:25,-1
2021-07-25 22:26:00,35.954338,126.987854,어양동,5,"가축 분뇨 냄새(닭, 돼지, 소)",0:-1,125
2021-07-25 22:27:00,35.954338,126.99268,부송동,4,기타,1:-1,125
2021-07-25 22:30:00,35.957363,126.98018,어양동,4,"가축 분뇨 냄새(닭, 돼지, 소)",-1:0,125
2021-07-25 22:32:00,35.957905,126.98448,어양동,5,기타,0:0,125
2021-07-25 22:36:00,35.956264,126.994934,부송동,4,하수구 냄새,1:-1,125
2021-07-25 22:52:00,35.953255,126.984215,어양동,5,기타,0:-1,125
2021-07-25 22:57:00,35.961746,126.993614,부송동,4,"가축 분뇨 냄새(닭, 돼지, 소)",1:1,125
2021-07-25 23:00:00,35.961582,126.99401,부송동,5,하수구 냄새,1:1,125
2021-07-25 23:05:00,35.963852,126.98639,부송동,5,기타,0:1,125
2021-07-25 23:08:00,35.95376,126.98497,어양동,5,기타,0:-1,125
2021-07-25 23:11:00,35.96094,126.98541,어양동,5,기타,0:0,125
2021-07-25 23:22:00,35.96387,126.98641,부송동,4,기타,0:1,125
2021-07-25 23:33:00,36.03552,126.98673,삼기면 오룡리,4,하수구 냄새,0:17,-1
2021-07-25 23:57:00,35.962772,126.98519,부송동,5,기타,0:1,125
2021-07-26 00:04:00,35.955112,126.98752,어양동,5,기타,0:-1,125
2021-07-26 03:13:00,35.928738,126.96312,동산동,5,"가축 분뇨 냄새(닭, 돼지, 소)",-4:-7,-1
2021-07-26 06:56:00,36.07038,126.9881,낭산면 용기리,4,"가축 분뇨 냄새(닭, 돼지, 소)",0:25,-1
2021-07-26 07:02:00,36.07038,126.9881,낭산면 용기리,4,기타,0:25,-1
2021-07-26 07:10:00,36.07038,126.9881,낭산면 용기리,4,기타,0:25,-1
2021-07-26 08:11:00,36.06937,126.98783,낭산면 용기리,4,기타,0:24,-1
2021-07-26 09:28:00,35.93728,126.97887,신흥동,3,"가축 분뇨 냄새(닭, 돼지, 소)",-1:-5,-1
2021-07-26 15:43:00,36.069336,126.98777,낭산면 용기리,5,기타,0:24,-1
2021-07-26 15:43:00,36.07038,126.9881,낭산면 용기리,5,기타,0:25,-1
2021-07-26 15:44:00,36.069263,126.9877,낭산면 용기리,5,기타,0:24,-1
2021-07-26 17:53:00,36.07038,126.9881,낭산면 용기리,4,기타,0:25,-1
2021-07-26 17:54:00,36.069065,126.987854,낭산면 용기리,5,기타,0:24,-1
2021-07-26 18:42:00,35.961224,126.99397,부송동,3,"공장 냄새(화학약품, 매캐함)",1:1,-1
2021-07-26 19:21:00,35.961437,126.99477,부송동,3,하수구 냄새,1:1,-1
2021-07-26 20:18:00,35.963745,127.01547,팔봉동,5,"가축 분뇨 냄새(닭, 돼지, 소)",5:1,-1
2021-07-26 20:20:00,36.135197,126.99832,망성면 화산리,4,기타,2:39,-1
2021-07-26 20:29:00,36.07038,126.9881,낭산면 용기리,4,기타,0:25,-1
2021-07-26 20:58:00,35.95769,126.990326,부송동,4,기타,1:0,126
2021-07-26 21:00:00,35.963062,126.984215,어양동,3,"공장 냄새(화학약품, 매캐함)",0:1,126
2021-07-26 21:05:00,35.958412,126.98827,부송동,3,기타,0:0,126
2021-07-26 21:06:00,35.96162,126.99011,부송동,4,기타,1:1,126
2021-07-26 21:11:00,36.144966,127.01035,망성면 신작리,3,"가축 분뇨 냄새(닭, 돼지, 소)",4:41,-1
2021-07-26 21:12:00,35.961258,126.98948,부송동,3,기타,0:1,126
2021-07-26 21:13:00,35.954014,126.98483,어양동,5,기타,0:-1,126
2021-07-26 21:14:00,35.96068,126.97512,영등동,5,"가축 분뇨 냄새(닭, 돼지, 소)",-2:0,126
2021-07-26 21:17:00,35.954082,126.984085,어양동,4,"가축 분뇨 냄새(닭, 돼지, 소)",-1:-1,126
2021-07-26 21:22:00,35.954624,126.97207,영등동,4,"가축 분뇨 냄새(닭, 돼지, 소)",-3:-1,126
2021-07-26 21:25:00,35.9574,126.981064,어양동,3,"가축 분뇨 냄새(닭, 돼지, 소)",-1:0,126
2021-07-26 21:37:00,35.961296,126.98701,어양동,5,기타,0:1,126
2021-07-26 21:40:00,35.944057,126.964134,마동,3,기타,-4:-3,-1
2021-07-26 21:45:00,35.92509,127.05359,춘포면 쌍정리,4,"가축 분뇨 냄새(닭, 돼지, 소)",12:-7,-1
2021-07-26 21:45:00,35.954372,126.9871,어양동,3,기타,0:-1,126
2021-07-26 21:48:00,35.94788,126.9689,영등동,3,"가축 분뇨 냄새(닭, 돼지, 소)",-3:-2,-1
2021-07-26 22:06:00,35.959854,126.989136,부송동,5,"공장 냄새(화학약품, 매캐함)",0:0,126
2021-07-26 22:08:00,35.946617,126.96582,영등동,3,"가축 분뇨 냄새(닭, 돼지, 소)",-4:-3,-1
2021-07-26 22:10:00,35.95358,126.98506,어양동,4,기타,0:-1,126
2021-07-26 22:22:00,35.95732,126.98904,부송동,4,"가축 분뇨 냄새(닭, 돼지, 소)",0:0,126
2021-07-26 22:28:00,35.95754,126.96222,신동,5,"가축 분뇨 냄새(닭, 돼지, 소)",-4:0,-1
2021-07-26 22:58:00,35.926285,126.957275,인화동2가,4,기타,-5:-7,-1
2021-07-26 23:01:00,35.961044,126.9941,부송동,3,기타,1:0,126
2021-07-26 23:03:00,35.934467,126.95731,주현동,4,기타,-5:-5,-1
2021-07-26 23:20:00,35.96032,126.97379,영등동,3,하수구 냄새,-2:0,-1
2021-07-26 23:29:00,35.96053,126.99388,부송동,4,"가축 분뇨 냄새(닭, 돼지, 소)",1:0,-1
2021-07-26 23:41:00,35.952118,126.932785,모현동2가,4,기타,-10:-1,-1
2021-07-26 23:57:00,35.949398,126.98697,어양동,5,"가축 분뇨 냄새(닭, 돼지, 소)",0:-2,-1
2021-07-27 00:01:00,35.95358,126.98524,어양동,4,기타,0:-1,-1
2021-07-27 00:02:00,36.07038,126.9881,낭산면 용기리,5,기타,0:25,-1
2021-07-27 00:06:00,36.06919,126.98781,낭산면 용기리,5,기타,0:24,-1
2021-07-27 02:35:00,35.946365,126.96404,마동,3,"공장 냄새(화학약품, 매캐함)",-4:-3,-1
2021-07-27 03:14:00,36.068974,126.9875,낭산면 용기리,5,"가축 분뇨 냄새(닭, 돼지, 소)",0:24,-1
2021-07-27 03:24:00,35.945538,126.96418,마동,4,"가축 분뇨 냄새(닭, 돼지, 소)",-4:-3,-1
2021-07-27 03:53:00,35.96313,126.98666,부송동,5,"공장 냄새(화학약품, 매캐함)",0:1,-1
2021-07-27 05:13:00,35.958447,126.99858,부송동,4,"공장 냄새(화학약품, 매캐함)",2:0,-1
2021-07-27 06:15:00,36.07038,126.9881,낭산면 용기리,3,"공장 냄새(화학약품, 매캐함)",0:25,-1
2021-07-27 06:49:00,35.928738,126.96312,동산동,4,기타,-4:-7,-1
2021-07-27 07:17:00,35.961044,126.99379,부송동,4,"공장 냄새(화학약품, 매캐함)",1:0,-1
2021-07-27 08:14:00,35.989902,126.93953,황등면 신기리,4,기타,-9:7,-1
2021-07-27 22:25:00,35.963852,126.98639,부송동,5,기타,0:1,-1
2021-07-28 02:53:00,35.965874,126.98381,어양동,3,"공장 냄새(화학약품, 매캐함)",-1:2,-1
2021-07-28 04:06:00,35.95537,126.97191,영등동,3,"가축 분뇨 냄새(닭, 돼지, 소)",-3:-1,-1
2021-07-28 06:10:00,35.954975,126.95007,모현동1가,3,"가축 분뇨 냄새(닭, 돼지, 소)",-7:-1,-1
2021-07-28 06:11:00,35.96573,127.01601,팔봉동,4,기타,5:2,-1
2021-07-28 06:43:00,35.958103,126.97373,영등동,3,기타,-2:0,-1
2021-07-28 07:37:00,35.956337,126.99511,부송동,4,"가축 분뇨 냄새(닭, 돼지, 소)",1:-1,-1
2021-07-28 20:42:00,35.92953,126.96441,동산동,4,"가축 분뇨 냄새(닭, 돼지, 소)",-4:-6,127
2021-07-28 20:43:00,35.92751,126.96113,동산동,5,하수구 냄새,-5:-7,127
2021-07-28 20:46:00,35.93017,126.9589,동산동,5,"가축 분뇨 냄새(닭, 돼지, 소)",-5:-6,127
2021-07-28 21:05:00,35.946472,126.962494,마동,4,기타,-4:-3,-1
2021-07-28 21:05:00,35.95985,126.96442,신동,3,기타,-4:0,-1
2021-07-28 21:07:00,35.92953,126.96441,동산동,5,기타,-4:-6,127
2021-07-28 21:16:00,35.953506,126.98541,어양동,2,기타,0:-1,-1
2021-07-28 21:39:00,35.926754,126.95878,동산동,4,"공장 냄새(화학약품, 매캐함)",-5:-7,127
2021-07-28 22:29:00,35.965836,127.01583,팔봉동,4,"공장 냄새(화학약품, 매캐함)",5:2,-1
2021-07-28 23:46:00,35.940475,126.98511,신흥동,4,"가축 분뇨 냄새(닭, 돼지, 소)",0:-4,-1
2021-07-29 07:22:00,35.956013,126.97813,영등동,2,"가축 분뇨 냄새(닭, 돼지, 소)",-2:-1,-1
2021-07-29 07:53:00,36.07038,126.9881,낭산면 용기리,4,기타,0:25,-1
2021-07-29 21:10:00,36.06898,126.987465,낭산면 용기리,5,"가축 분뇨 냄새(닭, 돼지, 소)",0:24,-1
2021-07-29 21:16:00,36.06939,126.98779,낭산면 용기리,4,기타,0:24,-1
2021-07-29 21:18:00,36.07038,126.9881,낭산면 용기리,3,"가축 분뇨 냄새(닭, 돼지, 소)",0:25,-1
2021-07-29 23:58:00,36.07038,126.9881,낭산면 용기리,4,기타,0:25,-1
2021-07-30 03:01:00,35.933964,126.95763,주현동,4,기타,-5:-5,-1
2021-07-30 03:16:00,35.94744,126.94642,모현동1가,5,기타,-7:-3,-1
2021-07-30 04:56:00,35.957577,126.96204,신동,5,기타,-4:0,-1
2021-07-30 05:10:00,35.95819,126.97369,영등동,3,기타,-2:0,-1
2021-07-30 05:31:00,35.96107,126.99411,부송동,3,기타,1:0,-1
2021-07-30 06:03:00,35.956448,126.99532,부송동,4,"가축 분뇨 냄새(닭, 돼지, 소)",2:-1,-1
2021-07-30 06:31:00,35.9503,126.987274,어양동,5,"공장 냄새(화학약품, 매캐함)",0:-2,-1
2021-07-30 06:53:00,35.932297,126.941025,평화동,5,기타,-8:-6,-1
2021-07-30 07:03:00,35.928738,126.96312,동산동,3,기타,-4:-7,-1
2021-07-30 07:09:00,35.96104,126.975105,영등동,4,기타,-2:0,-1
2021-07-30 07:10:00,35.946835,126.96276,마동,5,기타,-4:-3,-1
2021-07-30 19:21:00,35.944096,126.96382,마동,4,"가축 분뇨 냄새(닭, 돼지, 소)",-4:-3,-1
2021-07-30 20:15:00,35.953716,126.98411,어양동,4,"가축 분뇨 냄새(닭, 돼지, 소)",-1:-1,-1
2021-07-30 21:49:00,35.958122,126.981064,어양동,5,"가축 분뇨 냄새(닭, 돼지, 소)",-1:0,-1
2021-07-30 22:19:00,36.07038,126.9881,낭산면 용기리,4,기타,0:25,-1
2021-07-31 00:27:00,35.952084,126.97508,영등동,4,"가축 분뇨 냄새(닭, 돼지, 소)",-2:-1,-1
2021-07-31 05:55:00,35.958138,126.97404,영등동,4,기타,-2:0,-1
2021-07-31 07:43:00,35.959858,126.98912,부송동,5,기타,0:0,-1
2021-07-31 20:53:00,35.961582,126.9941,부송동,3,"공장 냄새(화학약품, 매캐함)",1:1,-1
2021-07-31 21:41:00,36.067677,126.98446,낭산면 용기리,3,"공장 냄새(화학약품, 매캐함)",0:24,-1
2021-07-31 21:48:00,35.961834,126.993835,부송동,4,"가축 분뇨 냄새(닭, 돼지, 소)",1:1,128
2021-07-31 21:50:00,35.96205,126.993835,부송동,4,하수구 냄새,1:1,128
2021-07-31 21:52:00,35.9618,126.99397,부송동,4,"가축 분뇨 냄새(닭, 돼지, 소)",1:1,128
2021-07-31 21:54:00,35.961693,126.9941,부송동,5,음식조리 냄새,1:1,128
2021-07-31 22:41:00,35.9503,126.98661,어양동,5,"가축 분뇨 냄새(닭, 돼지, 소)",0:-2,-1
2021-07-31 23:28:00,36.07038,126.9881,낭산면 용기리,3,기타,0:25,-1
2021-08-01 02:31:00,35.960953,126.98549,어양동,5,기타,0:0,-1
2021-08-01 04:00:00,35.953506,126.9851,어양동,3,"공장 냄새(화학약품, 매캐함)",0:-1,-1
2021-08-01 05:18:00,35.958065,126.97397,영등동,4,기타,-2:0,-1
2021-08-01 05:29:00,36.009697,126.94303,황등면 황등리,4,기타,-8:11,-1
2021-08-01 08:16:00,36.07038,126.9881,낭산면 용기리,3,"공장 냄새(화학약품, 매캐함)",0:25,-1
2021-08-01 09:18:00,35.952644,126.99087,어양동,5,"가축 분뇨 냄새(닭, 돼지, 소)",1:-1,-1
2021-08-01 15:21:00,36.07038,126.9881,낭산면 용기리,4,기타,0:25,-1
2021-08-01 16:18:00,35.958447,126.99858,부송동,4,"공장 냄새(화학약품, 매캐함)",2:0,-1
2021-08-01 18:28:00,35.9328,126.93926,평화동,2,하수구 냄새,-9:-6,-1
2021-08-01 18:46:00,35.92509,127.05359,춘포면 쌍정리,4,음식조리 냄새,12:-7,-1
2021-08-01 19:04:00,35.961044,126.99408,부송동,3,기타,1:0,-1
2021-08-01 19:16:00,35.944313,126.98666,신흥동,5,"가축 분뇨 냄새(닭, 돼지, 소)",0:-3,-1
2021-08-01 19:17:00,35.962013,126.98475,어양동,4,"공장 냄새(화학약품, 매캐함)",0:1,129
2021-08-01 19:17:00,35.95776,126.98453,어양동,4,"가축 분뇨 냄새(닭, 돼지, 소)",0:0,129
2021-08-01 19:18:00,35.963383,126.97362,영등동,5,"가축 분뇨 냄새(닭, 돼지, 소)",-2:1,-1
2021-08-01 19:21:00,35.95365,126.9849,어양동,4,"가축 분뇨 냄새(닭, 돼지, 소)",0:-1,129
2021-08-01 19:23:00,35.961113,126.97464,영등동,4,기타,-2:1,129
2021-08-01 20:00:00,35.94744,126.9464,모현동1가,4,기타,-7:-3,-1
2021-08-01 20:03:00,35.94856,126.964005,영등동,4,기타,-4:-2,-1
2021-08-01 20:03:00,35.951595,126.975815,영등동,4,하수구 냄새,-2:-2,129
2021-08-01 20:12:00,35.953796,126.98483,어양동,5,"가축 분뇨 냄새(닭, 돼지, 소)",0:-1,129
2021-08-01 20:15:00,35.951603,126.9758,영등동,4,하수구 냄새,-2:-2,129
2021-08-01 20:40:00,35.954014,126.98399,어양동,4,"가축 분뇨 냄새(닭, 돼지, 소)",-1:-1,129
2021-08-01 20:44:00,35.957504,126.962234,신동,4,기타,-4:0,-1
2021-08-01 20:46:00,35.96137,126.9941,부송동,3,하수구 냄새,1:1,129
2021-08-01 21:00:00,35.957077,126.98794,부송동,4,기타,0:0,129
2021-08-01 21:11:00,36.06937,126.9879,낭산면 용기리,4,기타,0:24,-1
2021-08-01 21:35:00,35.960503,126.98561,어양동,3,"공장 냄새(화학약품, 매캐함)",0:0,129
2021-08-01 23:24:00,35.957508,126.998,부송동,5,"공장 냄새(화학약품, 매캐함)",2:0,-1
2021-08-02 06:25:00,35.947483,126.968346,영등동,3,"가축 분뇨 냄새(닭, 돼지, 소)",-3:-3,-1
2021-08-02 09:24:00,35.95543,127.03953,춘포면 창평리,4,기타,9:-1,-1
2021-08-02 16:40:00,35.953716,126.98417,어양동,3,기타,-1:-1,-1
2021-08-02 18:00:00,35.96061,126.98882,부송동,3,"공장 냄새(화학약품, 매캐함)",0:0,130
2021-08-02 18:09:00,35.95614,126.99574,부송동,4,"가축 분뇨 냄새(닭, 돼지, 소)",2:-1,130
2021-08-02 18:11:00,35.95405,126.984215,어양동,5,기타,0:-1,130
2021-08-02 18:12:00,35.95675,126.971664,영등동,4,"가축 분뇨 냄새(닭, 돼지, 소)",-3:0,130
2021-08-02 18:13:00,35.957977,126.973915,영등동,4,기타,-2:0,130
2021-08-02 18:15:00,35.96403,126.97397,영등동,3,"가축 분뇨 냄새(닭, 돼지, 소)",-2:1,130
2021-08-02 18:19:00,35.960175,126.98368,어양동,2,"가축 분뇨 냄새(닭, 돼지, 소)",-1:0,130
2021-08-02 18:19:00,35.96461,126.97969,영등동,4,"가축 분뇨 냄새(닭, 돼지, 소)",-1:1,130
2021-08-02 19:37:00,36.069225,126.98768,낭산면 용기리,5,기타,0:24,-1
2021-08-02 19:37:00,36.07038,126.9881,낭산면 용기리,5,기타,0:25,-1
2021-08-02 19:40:00,36.07038,126.9881,낭산면 용기리,5,"가축 분뇨 냄새(닭, 돼지, 소)",0:25,-1
2021-08-02 19:57:00,35.94744,126.9464,모현동1가,4,"공장 냄새(화학약품, 매캐함)",-7:-3,-1
2021-08-02 20:15:00,35.962666,126.984344,어양동,5,기타,0:1,-1
2021-08-02 21:20:00,35.92509,127.05359,춘포면 쌍정리,5,"가축 분뇨 냄새(닭, 돼지, 소)",12:-7,-1
2021-08-02 21:53:00,36.07038,126.9881,낭산면 용기리,4,기타,0:25,-1
2021-08-02 21:54:00,36.0698,126.98783,낭산면 용기리,5,기타,0:25,-1
2021-08-02 21:55:00,36.07038,126.9881,낭산면 용기리,4,기타,0:25,-1
2021-08-02 21:55:00,36.06894,126.98755,낭산면 용기리,4,기타,0:24,-1
2021-08-02 23:48:00,36.07038,126.9881,낭산면 용기리,5,기타,0:25,-1
2021-08-02 23:49:00,36.069225,126.987564,낭산면 용기리,5,기타,0:24,-1
2021-08-02 23:50:00,36.069065,126.98768,낭산면 용기리,5,기타,0:24,-1
2021-08-03 00:07:00,35.956604,126.97185,영등동,4,"가축 분뇨 냄새(닭, 돼지, 소)",-3:0,-1
2021-08-03 00:08:00,35.95665,126.99517,부송동,4,기타,1:0,-1
2021-08-03 07:26:00,35.953526,126.98495,어양동,4,"공장 냄새(화학약품, 매캐함)",0:-1,-1
2021-08-03 08:50:00,35.928738,126.96312,동산동,3,"가축 분뇨 냄새(닭, 돼지, 소)",-4:-7,-1
2021-08-03 08:56:00,36.069893,126.98799,낭산면 용기리,5,기타,0:25,-1
2021-08-03 08:57:00,36.06966,126.9879,낭산면 용기리,5,기타,0:25,-1
2021-08-03 09:03:00,35.960827,126.99401,부송동,4,기타,1:0,-1
2021-08-03 09:05:00,35.957077,126.9884,부송동,3,기타,0:0,-1
2021-08-03 19:50:00,35.95376,126.98506,어양동,5,"가축 분뇨 냄새(닭, 돼지, 소)",0:-1,-1
2021-08-03 20:26:00,35.960213,126.989136,부송동,4,"공장 냄새(화학약품, 매캐함)",0:0,-1
2021-08-03 21:18:00,35.951702,126.975815,영등동,4,하수구 냄새,-2:-2,-1
2021-08-03 21:18:00,35.957523,126.99565,부송동,5,"가축 분뇨 냄새(닭, 돼지, 소)",2:0,-1
2021-08-03 21:25:00,35.92509,127.05359,춘포면 쌍정리,5,"가축 분뇨 냄새(닭, 돼지, 소)",12:-7,-1
2021-08-03 22:06:00,35.963852,126.98639,부송동,5,하수구 냄새,0:1,-1
2021-08-03 22:18:00,35.954876,126.98812,어양동,4,하수구 냄새,0:-1,-1
2021-08-03 22:20:00,35.95448,126.987274,어양동,4,"가축 분뇨 냄새(닭, 돼지, 소)",0:-1,-1
2021-08-03 22:25:00,35.953796,126.9851,어양동,5,기타,0:-1,-1
2021-08-03 22:55:00,35.930435,126.974846,금강동,5,"가축 분뇨 냄새(닭, 돼지, 소)",-2:-6,-1
2021-08-04 01:16:00,35.9572,126.96175,신동,4,기타,-5:0,-1
2021-08-04 01:19:00,35.926754,126.95878,동산동,4,"가축 분뇨 냄새(닭, 돼지, 소)",-5:-7,-1
2021-08-04 01:25:00,35.926754,126.95878,동산동,5,"가축 분뇨 냄새(닭, 돼지, 소)",-5:-7,-1
2021-08-04 01:33:00,35.93649,126.96866,마동,4,기타,-3:-5,-1
2021-08-04 02:41:00,35.94744,126.94642,모현동1가,4,기타,-7:-3,-1
2021-08-04 02:49:00,35.95155,126.9758,영등동,5,하수구 냄새,-2:-2,-1
2021-08-04 03:12:00,35.93649,126.96866,마동,5,"가축 분뇨 냄새(닭, 돼지, 소)",-3:-5,-1
2021-08-04 04:03:00,35.926754,126.95878,동산동,5,기타,-5:-7,-1
2021-08-04 04:03:00,35.926754,126.95878,동산동,5,기타,-5:-7,-1
2021-08-04 04:15:00,35.9649,126.9863,부송동,5,"가축 분뇨 냄새(닭, 돼지, 소)",0:1,-1
2021-08-04 05:27:00,36.07038,126.9881,낭산면 용기리,3,"공장 냄새(화학약품, 매캐함)",0:25,-1
2021-08-04 05:34:00,35.93408,126.969505,동산동,5,"가축 분뇨 냄새(닭, 돼지, 소)",-3:-5,-1
2021-08-04 05:50:00,35.932297,126.941,평화동,3,"가축 분뇨 냄새(닭, 돼지, 소)",-8:-6,-1
2021-08-04 06:44:00,35.928738,126.96312,동산동,4,기타,-4:-7,-1
2021-08-04 07:51:00,35.942364,126.96624,마동,4,"가축 분뇨 냄새(닭, 돼지, 소)",-4:-4,-1
2021-08-04 21:05:00,36.07038,126.9881,낭산면 용기리,5,기타,0:25,131
2021-08-04 21:06:00,36.07038,126.9881,낭산면 용기리,5,기타,0:25,131
2021-08-04 21:07:00,36.06919,126.98755,낭산면 용기리,5,기타,0:24,131
2021-08-04 21:07:00,36.06917,126.9875,낭산면 용기리,5,기타,0:24,131
2021-08-04 21:10:00,36.0691,126.98767,낭산면 용기리,5,기타,0:24,131
2021-08-04 23:00:00,35.931477,126.96941,동산동,5,기타,-3:-6,-1
2021-08-04 23:04:00,35.926754,126.95878,동산동,5,기타,-5:-7,-1
2021-08-04 23:18:00,35.953255,126.984215,어양동,3,기타,0:-1,132
2021-08-04 23:24:00,35.9543,126.988846,어양동,3,기타,0:-1,132
2021-08-04 23:27:00,35.953255,126.984215,어양동,4,"가축 분뇨 냄새(닭, 돼지, 소)",0:-1,132
2021-08-04 23:35:00,35.958447,126.998604,부송동,3,기타,2:0,132
2021-08-04 23:36:00,35.95441,126.98769,어양동,4,기타,0:-1,132
2021-08-04 23:40:00,35.953506,126.98519,어양동,5,기타,0:-1,132
2021-08-04 23:43:00,35.961582,126.99393,부송동,5,기타,1:1,132
2021-08-04 23:44:00,35.96133,126.99401,부송동,5,기타,1:1,132
2021-08-04 23:44:00,35.961765,126.99397,부송동,5,기타,1:1,132
2021-08-04 23:46:00,35.961945,126.99406,부송동,5,기타,1:1,132
2021-08-04 23:46:00,35.961548,126.99344,부송동,5,기타,1:1,132
2021-08-04 23:47:00,35.964504,126.98683,부송동,4,"가축 분뇨 냄새(닭, 돼지, 소)",0:1,132
2021-08-04 23:47:00,35.96151,126.993614,부송동,5,기타,1:1,132
2021-08-04 23:50:00,35.953327,126.98519,어양동,4,"가축 분뇨 냄새(닭, 돼지, 소)",0:-1,132
2021-08-04 23:51:00,36.000317,127.063705,금마면 동고도리,4,기타,14:9,-1
2021-08-04 23:51:00,35.957184,126.988914,부송동,4,기타,0:0,132
2021-08-04 23:53:00,35.956932,126.99503,부송동,4,"가축 분뇨 냄새(닭, 돼지, 소)",1:0,132
2021-08-05 00:00:00,35.958427,126.9931,부송동,5,하수구 냄새,1:0,132
2021-08-05 00:00:00,35.953632,126.98488,어양동,3,"가축 분뇨 냄새(닭, 돼지, 소)",0:-1,132
2021-08-05 00:01:00,35.961365,126.986916,어양동,5,기타,0:1,132
2021-08-05 00:03:00,35.96032,126.97377,영등동,3,기타,-2:0,132
2021-08-05 00:07:00,35.96043,126.98524,어양동,4,기타,0:0,132
2021-08-05 00:12:00,35.961277,126.99403,부송동,5,하수구 냄새,1:1,132
2021-08-05 00:12:00,35.957508,126.998314,부송동,4,하수구 냄새,2:0,132
2021-08-05 00:18:00,35.957977,126.99756,부송동,4,하수구 냄새,2:0,132
2021-08-05 00:18:00,35.964897,126.98382,어양동,5,"가축 분뇨 냄새(닭, 돼지, 소)",-1:1,132
2021-08-05 00:21:00,35.95495,126.98723,어양동,5,하수구 냄새,0:-1,132
2021-08-05 00:22:00,35.95632,126.99517,부송동,3,기타,1:-1,132
2021-08-05 00:23:00,35.960773,126.993416,부송동,5,하수구 냄새,1:0,132
2021-08-05 00:23:00,35.96079,126.99428,부송동,5,기타,1:0,132
2021-08-05 00:36:00,35.95531,126.98169,어양동,2,"공장 냄새(화학약품, 매캐함)",-1:-1,132
2021-08-05 00:37:00,35.95758,126.99792,부송동,4,기타,2:0,132
2021-08-05 00:39:00,35.95441,126.98528,어양동,4,기타,0:-1,132
2021-08-05 00:40:00,35.95358,126.984795,어양동,5,"가축 분뇨 냄새(닭, 돼지, 소)",0:-1,132
2021-08-05 00:41:00,35.953815,126.98424,어양동,5,기타,0:-1,132
2021-08-05 00:45:00,35.953743,126.984146,어양동,5,기타,-1:-1,132
2021-08-05 00:50:00,35.963158,126.98344,어양동,5,기타,-1:1,132
2021-08-05 00:50:00,35.94788,126.96888,영등동,4,"가축 분뇨 냄새(닭, 돼지, 소)",-3:-2,132
2021-08-05 00:52:00,35.96041,126.98903,부송동,5,기타,0:0,132
2021-08-05 00:53:00,35.942924,126.96646,마동,4,"가축 분뇨 냄새(닭, 돼지, 소)",-4:-4,132
2021-08-05 00:53:00,35.95405,126.974724,영등동,4,"가축 분뇨 냄새(닭, 돼지, 소)",-2:-1,132
2021-08-05 00:55:00,35.964394,126.97933,영등동,3,"가축 분뇨 냄새(닭, 돼지, 소)",-1:1,132
2021-08-05 00:55:00,35.963383,126.97362,영등동,3,"가축 분뇨 냄새(닭, 돼지, 소)",-2:1,132
2021-08-05 00:55:00,35.926754,126.95878,동산동,5,기타,-5:-7,-1
2021-08-05 01:00:00,35.956715,126.971886,영등동,5,"가축 분뇨 냄새(닭, 돼지, 소)",-3:0,132
2021-08-05 01:00:00,35.963383,126.97362,영등동,5,하수구 냄새,-2:1,132
2021-08-05 01:00:00,35.963852,126.97441,영등동,4,"가축 분뇨 냄새(닭, 돼지, 소)",-2:1,132
2021-08-05 01:01:00,35.964104,126.97463,영등동,4,기타,-2:1,132
2021-08-05 01:06:00,35.956604,126.97257,영등동,4,기타,-3:0,132
2021-08-05 01:07:00,35.963387,126.985146,부송동,5,"가축 분뇨 냄새(닭, 돼지, 소)",0:1,132
2021-08-05 01:07:00,35.96133,126.97783,영등동,5,기타,-2:1,132
2021-08-05 01:08:00,35.951504,126.975815,영등동,5,하수구 냄새,-2:-2,132
2021-08-05 01:24:00,35.948277,126.96861,영등동,2,기타,-3:-2,132
2021-08-05 01:29:00,35.957558,126.96212,신동,4,기타,-4:0,132
2021-08-05 03:38:00,35.926754,126.95878,동산동,5,기타,-5:-7,-1
2021-08-05 04:06:00,35.943195,126.96653,마동,4,"가축 분뇨 냄새(닭, 돼지, 소)",-4:-3,-1
2021-08-05 04:30:00,35.959377,126.96107,신동,4,"가축 분뇨 냄새(닭, 돼지, 소)",-5:0,-1
2021-08-05 05:08:00,35.932297,126.941,평화동,5,"가축 분뇨 냄새(닭, 돼지, 소)",-8:-6,-1
2021-08-05 05:21:00,35.964767,126.98207,어양동,2,기타,-1:1,-1
2021-08-05 05:28:00,35.928738,126.96312,동산동,5,기타,-4:-7,-1
2021-08-05 05:36:00,36.06728,126.98561,낭산면 용기리,3,"공장 냄새(화학약품, 매캐함)",0:24,-1
2021-08-05 06:54:00,35.959515,126.94116,모현동2가,5,"가축 분뇨 냄새(닭, 돼지, 소)",-8:0,-1
2021-08-05 08:07:00,35.94855,126.964005,영등동,2,"공장 냄새(화학약품, 매캐함)",-4:-2,-1
2021-08-05 08:19:00,35.960285,126.98896,부송동,4,"공장 냄새(화학약품, 매캐함)",0:0,-1
2021-08-05 20:37:00,36.061764,126.93516,성당면 대선리,4,기타,-9:23,-1
2021-08-05 22:33:00,35.917984,126.889336,오산면 남전리,4,기타,-18:-9,-1
2021-08-05 23:03:00,35.958015,126.99845,부송동,4,"가축 분뇨 냄새(닭, 돼지, 소)",2:0,133
2021-08-05 23:06:00,35.957726,126.99809,부송동,4,"가축 분뇨 냄새(닭, 돼지, 소)",2:0,133
2021-08-05 23:09:00,35.960213,126.98951,부송동,4,기타,0:0,133
2021-08-05 23:21:00,35.964645,126.9792,영등동,2,"가축 분뇨 냄새(닭, 돼지, 소)",-1:1,-1
2021-08-05 23:35:00,35.93,126.97218,금강동,4,"가축 분뇨 냄새(닭, 돼지, 소)",-3:-6,-1
2021-08-05 23:36:00,35.92881,126.9633,동산동,4,하수구 냄새,-4:-7,-1
2021-08-05 23:40:00,35.95549,126.98825,어양동,5,하수구 냄새,0:-1,133
2021-08-05 23:44:00,35.94979,126.97118,영등동,4,"가축 분뇨 냄새(닭, 돼지, 소)",-3:-2,-1
2021-08-05 23:46:00,35.96162,126.993484,부송동,4,"공장 냄새(화학약품, 매캐함)",1:1,133
2021-08-05 23:46:00,35.961872,126.99357,부송동,4,"공장 냄새(화학약품, 매캐함)",1:1,133
2021-08-05 23:47:00,35.926754,126.95878,동산동,4,기타,-5:-7,-1
2021-08-05 23:49:00,35.961475,126.9941,부송동,4,"가축 분뇨 냄새(닭, 돼지, 소)",1:1,133
2021-08-05 23:50:00,35.961475,126.99415,부송동,4,"가축 분뇨 냄새(닭, 돼지, 소)",1:1,133
2021-08-05 23:50:00,35.93191,126.96999,동산동,4,기타,-3:-6,-1
2021-08-05 23:59:00,35.94788,126.9689,영등동,3,기타,-3:-2,-1
2021-08-06 00:00:00,35.95704,126.98874,부송동,4,기타,0:0,133
2021-08-06 00:14:00,35.95699,126.96214,신동,4,기타,-4:0,-1
2021-08-06 00:27:00,35.94744,126.9464,모현동1가,5,기타,-7:-3,-1
2021-08-06 00:28:00,35.94744,126.94642,모현동1가,4,기타,-7:-3,-1
2021-08-06 02:36:00,35.957523,126.9621,신동,5,기타,-4:0,-1
2021-08-06 02:49:00,35.959995,126.98546,어양동,5,"가축 분뇨 냄새(닭, 돼지, 소)",0:0,-1
2021-08-06 02:53:00,35.96032,126.97377,영등동,4,기타,-2:0,-1
2021-08-06 03:32:00,35.94744,126.94642,모현동1가,4,기타,-7:-3,-1
2021-08-06 03:50:00,35.96544,127.015564,팔봉동,4,기타,5:1,-1
2021-08-06 04:18:00,35.96569,127.015785,팔봉동,5,기타,5:2,-1
2021-08-06 04:52:00,35.958084,126.97413,영등동,4,기타,-2:0,-1
2021-08-06 05:26:00,36.07038,126.9881,낭산면 용기리,3,"가축 분뇨 냄새(닭, 돼지, 소)",0:25,-1
2021-08-06 05:30:00,35.95447,126.950165,모현동1가,4,"가축 분뇨 냄새(닭, 돼지, 소)",-7:-1,-1
2021-08-06 06:18:00,35.926212,126.96078,동산동,4,기타,-5:-7,-1
2021-08-06 18:10:00,36.07038,126.9881,낭산면 용기리,4,기타,0:25,134
2021-08-06 18:11:00,36.069263,126.98746,낭산면 용기리,4,기타,0:24,134
2021-08-06 18:50:00,36.06728,126.98561,낭산면 용기리,4,기타,0:24,134
2021-08-06 18:51:00,36.067387,126.985435,낭산면 용기리,5,기타,0:24,134
2021-08-06 18:53:00,36.067387,126.985435,낭산면 용기리,5,기타,0:24,134
2021-08-06 18:54:00,36.069115,126.98775,낭산면 용기리,5,기타,0:24,134
2021-08-06 18:56:00,36.07038,126.9881,낭산면 용기리,5,기타,0:25,134
2021-08-06 19:19:00,36.067387,126.985435,낭산면 용기리,5,기타,0:24,134
2021-08-06 19:24:00,36.07038,126.9881,낭산면 용기리,5,"가축 분뇨 냄새(닭, 돼지, 소)",0:25,134
2021-08-06 19:30:00,35.957367,126.99938,부송동,3,"공장 냄새(화학약품, 매캐함)",2:0,-1
2021-08-06 21:00:00,35.960934,126.9941,부송동,4,"공장 냄새(화학약품, 매캐함)",1:0,-1
2021-08-06 21:07:00,35.94744,126.9464,모현동1가,4,"공장 냄새(화학약품, 매캐함)",-7:-3,-1
2021-08-06 21:23:00,35.92509,127.05359,춘포면 쌍정리,5,"가축 분뇨 냄새(닭, 돼지, 소)",12:-7,-1
2021-08-06 21:56:00,35.95769,126.99827,부송동,5,"공장 냄새(화학약품, 매캐함)",2:0,-1
2021-08-06 22:08:00,35.961212,126.97385,영등동,3,"공장 냄새(화학약품, 매캐함)",-2:1,-1
2021-08-06 22:24:00,35.95201,126.93281,모현동2가,4,"가축 분뇨 냄새(닭, 돼지, 소)",-10:-2,-1
2021-08-06 23:02:00,35.953243,126.94369,모현동1가,3,"가축 분뇨 냄새(닭, 돼지, 소)",-8:-1,-1
2021-08-06 23:04:00,35.95325,126.94369,모현동1가,4,"가축 분뇨 냄새(닭, 돼지, 소)",-8:-1,-1
2021-08-06 23:12:00,35.96162,126.99397,부송동,5,기타,1:1,-1
2021-08-06 23:13:00,35.961655,126.993614,부송동,5,기타,1:1,-1
2021-08-06 23:16:00,35.961044,126.9941,부송동,2,"가축 분뇨 냄새(닭, 돼지, 소)",1:0,-1
2021-08-06 23:25:00,35.96483,126.98377,어양동,5,"가축 분뇨 냄새(닭, 돼지, 소)",-1:1,-1
2021-08-06 23:34:00,35.953472,126.985146,어양동,4,기타,0:-1,-1
2021-08-07 22:05:00,35.926754,126.95878,동산동,5,"공장 냄새(화학약품, 매캐함)",-5:-7,-1
2021-08-07 22:45:00,35.95805,126.99863,부송동,4,하수구 냄새,2:0,-1
2021-08-07 23:02:00,36.06771,126.98577,낭산면 용기리,4,기타,0:24,-1
2021-08-07 23:05:00,36.067387,126.985435,낭산면 용기리,5,기타,0:24,-1
2021-08-08 04:00:00,35.92509,127.05359,춘포면 쌍정리,5,"가축 분뇨 냄새(닭, 돼지, 소)",12:-7,-1
2021-08-08 07:42:00,36.06728,126.98561,낭산면 용기리,4,"가축 분뇨 냄새(닭, 돼지, 소)",0:24,-1
2021-08-08 09:49:00,36.068127,126.98624,낭산면 용기리,4,기타,0:24,-1
2021-08-08 10:32:00,36.06812,126.98608,낭산면 용기리,4,기타,0:24,-1
2021-08-08 12:47:00,36.07038,126.9881,낭산면 용기리,5,기타,0:25,135
2021-08-08 13:13:00,36.07038,126.9881,낭산면 용기리,4,기타,0:25,135
2021-08-08 13:17:00,36.068,126.98632,낭산면 용기리,5,기타,0:24,135
2021-08-08 13:18:00,36.06791,126.98548,낭산면 용기리,4,기타,0:24,135
2021-08-08 13:35:00,36.068035,126.9861,낭산면 용기리,4,기타,0:24,135
2021-08-08 14:00:00,36.070145,126.987724,낭산면 용기리,4,기타,0:25,135
2021-08-08 15:51:00,36.07038,126.9881,낭산면 용기리,4,기타,0:25,136
2021-08-08 16:22:00,36.068127,126.98641,낭산면 용기리,4,기타,0:24,136
2021-08-08 16:23:00,36.068398,126.987015,낭산면 용기리,5,기타,0:24,136
2021-08-08 16:24:00,36.07038,126.9881,낭산면 용기리,5,하수구 냄새,0:25,136
2021-08-08 16:24:00,36.07038,126.9881,낭산면 용기리,4,"가축 분뇨 냄새(닭, 돼지, 소)",0:25,136
2021-08-08 16:46:00,36.07038,126.9881,낭산면 용기리,4,기타,0:25,136
2021-08-08 16:47:00,36.067486,126.98539,낭산면 용기리,5,기타,0:24,136
2021-08-08 16:47:00,36.068035,126.98612,낭산면 용기리,5,기타,0:24,136
2021-08-08 16:49:00,36.067734,126.985725,낭산면 용기리,4,기타,0:24,136
2021-08-08 16:50:00,36.067726,126.985634,낭산면 용기리,4,기타,0:24,136
2021-08-08 16:55:00,36.06908,126.98759,낭산면 용기리,5,기타,0:24,136
2021-08-08 16:56:00,36.067802,126.98592,낭산면 용기리,5,기타,0:24,136
2021-08-08 19:00:00,36.06798,126.98597,낭산면 용기리,5,기타,0:24,137
2021-08-08 19:00:00,36.068558,126.98699,낭산면 용기리,5,기타,0:24,137
2021-08-08 19:01:00,36.067604,126.98544,낭산면 용기리,5,기타,0:24,137
2021-08-08 19:05:00,36.06827,126.98619,낭산면 용기리,5,기타,0:24,137
2021-08-08 19:39:00,36.07038,126.9881,낭산면 용기리,4,음식조리 냄새,0:25,137
2021-08-08 19:45:00,36.07038,126.9881,낭산면 용기리,5,기타,0:25,137
2021-08-08 21:21:00,36.07038,126.9881,낭산면 용기리,5,기타,0:25,-1
2021-08-08 23:41:00,35.961147,126.9749,영등동,4,"가축 분뇨 냄새(닭, 돼지, 소)",-2:1,-1
2021-08-08 23:52:00,35.956604,126.97257,영등동,3,기타,-3:0,-1
2021-08-09 07:43:00,35.96497,126.98373,어양동,3,"공장 냄새(화학약품, 매캐함)",-1:1,-1
2021-08-09 14:38:00,36.06809,126.98608,낭산면 용기리,4,기타,0:24,-1
2021-08-09 14:39:00,36.068108,126.98568,낭산면 용기리,4,기타,0:24,-1
2021-08-09 14:39:00,36.068485,126.987015,낭산면 용기리,4,기타,0:24,-1
2021-08-09 20:47:00,35.964035,127.014725,팔봉동,3,"공장 냄새(화학약품, 매캐함)",5:1,-1
2021-08-10 05:11:00,35.934063,126.969505,동산동,5,하수구 냄새,-3:-5,-1
2021-08-10 05:23:00,35.95005,126.96734,영등동,5,하수구 냄새,-4:-2,-1
2021-08-10 05:48:00,35.92598,126.96049,동산동,2,"가축 분뇨 냄새(닭, 돼지, 소)",-5:-7,-1
2021-08-10 07:20:00,35.949795,126.98865,어양동,4,"가축 분뇨 냄새(닭, 돼지, 소)",0:-2,-1
2021-08-10 21:28:00,35.95387,126.98519,어양동,5,"가축 분뇨 냄새(닭, 돼지, 소)",0:-1,-1
2021-08-10 21:31:00,35.953545,126.985016,어양동,4,기타,0:-1,-1
2021-08-10 21:40:00,35.95801,126.97399,영등동,2,하수구 냄새,-2:0,-1
2021-08-10 21:42:00,35.926754,126.95878,동산동,4,기타,-5:-7,-1
2021-08-10 23:17:00,35.96137,126.99428,부송동,4,"공장 냄새(화학약품, 매캐함)",1:1,-1
2021-08-10 23:18:00,35.953518,127.012505,팔봉동,4,"공장 냄새(화학약품, 매캐함)",5:-1,-1
2021-08-11 01:17:00,35.960068,126.98887,부송동,5,"공장 냄새(화학약품, 매캐함)",0:0,-1
2021-08-11 06:43:00,35.932297,126.941,평화동,5,기타,-8:-6,-1
2021-08-11 08:30:00,35.960682,126.99481,부송동,4,"공장 냄새(화학약품, 매캐함)",1:0,-1
2021-08-11 22:19:00,35.954697,126.98745,어양동,4,"가축 분뇨 냄새(닭, 돼지, 소)",0:-1,-1
2021-08-11 22:57:00,35.953617,126.984795,어양동,4,기타,0:-1,-1
2021-08-11 23:14:00,35.96569,127.01596,팔봉동,4,"공장 냄새(화학약품, 매캐함)",5:2,-1
2021-08-12 06:20:00,35.961044,126.99437,부송동,4,"공장 냄새(화학약품, 매캐함)",1:0,-1
2021-08-12 06:52:00,35.96115,126.99388,부송동,4,"공장 냄새(화학약품, 매캐함)",1:1,-1
2021-08-12 16:07:00,35.95612,126.97824,영등동,1,기타,-2:-1,-1
2021-08-12 16:09:00,35.958065,126.97406,영등동,3,"가축 분뇨 냄새(닭, 돼지, 소)",-2:0,-1
2021-08-12 16:15:00,35.95772,126.961426,신동,3,"가축 분뇨 냄새(닭, 돼지, 소)",-5:0,-1
2021-08-12 18:52:00,35.961296,126.9941,부송동,5,"공장 냄새(화학약품, 매캐함)",1:1,138
2021-08-12 18:53:00,35.96245,126.99171,부송동,5,"공장 냄새(화학약품, 매캐함)",1:1,138
2021-08-12 19:37:00,35.96032,126.98399,어양동,4,하수구 냄새,-1:0,138
2021-08-12 19:40:00,35.95744,126.99938,부송동,3,"공장 냄새(화학약품, 매캐함)",2:0,138
2021-08-12 19:40:00,35.95744,126.99787,부송동,5,"공장 냄새(화학약품, 매캐함)",2:0,138
2021-08-12 19:41:00,35.96025,126.98931,부송동,5,"공장 냄새(화학약품, 매캐함)",0:0,138
2021-08-12 19:46:00,35.957256,126.99503,부송동,4,"공장 냄새(화학약품, 매캐함)",1:0,138
2021-08-12 20:15:00,35.95953,126.99259,부송동,5,"공장 냄새(화학약품, 매캐함)",1:0,138
2021-08-12 20:40:00,35.956165,126.978264,영등동,1,기타,-2:-1,138
2021-08-12 20:40:00,35.953545,126.98546,어양동,5,"가축 분뇨 냄새(닭, 돼지, 소)",0:-1,138
2021-08-12 20:45:00,35.953255,126.98424,어양동,4,"가축 분뇨 냄새(닭, 돼지, 소)",0:-1,138
2021-08-12 20:51:00,35.954456,126.98356,어양동,4,"가축 분뇨 냄새(닭, 돼지, 소)",-1:-1,138
2021-08-12 21:12:00,35.954014,126.98431,어양동,3,"공장 냄새(화학약품, 매캐함)",0:-1,138
2021-08-12 21:25:00,35.956997,126.95868,신동,3,"공장 냄새(화학약품, 매캐함)",-5:0,-1
2021-08-12 21:28:00,35.954773,126.97055,영등동,2,"공장 냄새(화학약품, 매캐함)",-3:-1,138
2021-08-12 21:29:00,35.957466,126.96253,신동,3,"공장 냄새(화학약품, 매캐함)",-4:0,-1
2021-08-12 21:34:00,35.960827,126.994194,부송동,4,"공장 냄새(화학약품, 매캐함)",1:0,138
2021-08-12 21:35:00,35.96081,126.97718,영등동,3,"가축 분뇨 냄새(닭, 돼지, 소)",-2:0,138
2021-08-12 21:36:00,35.95762,126.99472,부송동,5,"공장 냄새(화학약품, 매캐함)",1:0,138
2021-08-12 21:36:00,35.96108,126.97849,영등동,3,"공장 냄새(화학약품, 매캐함)",-2:0,138
2021-08-12 21:39:00,35.955204,126.995125,부송동,3,"공장 냄새(화학약품, 매캐함)",1:-1,138
2021-08-12 21:48:00,35.957256,126.999466,부송동,4,"가축 분뇨 냄새(닭, 돼지, 소)",2:0,138
2021-08-12 21:59:00,35.963528,126.98488,부송동,3,"공장 냄새(화학약품, 매캐함)",0:1,139
2021-08-12 22:41:00,35.962738,126.9921,부송동,3,"공장 냄새(화학약품, 매캐함)",1:1,139
2021-08-12 22:41:00,35.95156,126.98364,어양동,4,기타,-1:-2,-1
2021-08-12 22:52:00,35.95447,126.983505,어양동,3,"가축 분뇨 냄새(닭, 돼지, 소)",-1:-1,-1
2021-08-12 23:06:00,35.95826,126.96204,신동,5,"가축 분뇨 냄새(닭, 돼지, 소)",-4:0,-1
2021-08-12 23:12:00,35.92984,126.9723,금강동,5,"공장 냄새(화학약품, 매캐함)",-3:-6,-1
2021-08-13 00:00:00,35.92509,127.05359,춘포면 쌍정리,5,"가축 분뇨 냄새(닭, 돼지, 소)",12:-7,-1
2021-08-13 02:02:00,35.956573,126.994194,부송동,3,"공장 냄새(화학약품, 매캐함)",1:0,-1
2021-08-13 02:53:00,35.953255,126.984215,어양동,4,"공장 냄새(화학약품, 매캐함)",0:-1,140
2021-08-13 02:55:00,35.952858,126.9843,어양동,5,"공장 냄새(화학약품, 매캐함)",0:-1,140
2021-08-13 02:56:00,35.956093,126.978294,영등동,4,"공장 냄새(화학약품, 매캐함)",-2:-1,140
2021-08-13 03:06:00,35.955067,126.98029,어양동,4,"공장 냄새(화학약품, 매캐함)",-1:-1,140
2021-08-13 03:15:00,35.948547,126.96396,영등동,5,"공장 냄새(화학약품, 매캐함)",-4:-2,-1
2021-08-13 03:15:00,35.957596,126.99784,부송동,5,"공장 냄새(화학약품, 매캐함)",2:0,-1
2021-08-13 04:35:00,35.930332,126.95883,동산동,5,"공장 냄새(화학약품, 매캐함)",-5:-6,-1
2021-08-13 12:03:00,36.06816,126.98608,낭산면 용기리,4,기타,0:24,-1
2021-08-13 12:04:00,36.06809,126.98595,낭산면 용기리,5,기타,0:24,-1
2021-08-13 14:31:00,36.07038,126.9881,낭산면 용기리,5,기타,0:25,-1
2021-08-13 17:46:00,35.961044,126.99388,부송동,5,"공장 냄새(화학약품, 매캐함)",1:0,-1
2021-08-13 17:48:00,35.96115,126.9941,부송동,5,"공장 냄새(화학약품, 매캐함)",1:1,-1
2021-08-13 17:48:00,35.961044,126.99408,부송동,3,"가축 분뇨 냄새(닭, 돼지, 소)",1:0,-1
2021-08-13 18:02:00,35.961655,126.99366,부송동,4,"공장 냄새(화학약품, 매캐함)",1:1,-1
2021-08-13 22:04:00,35.92509,127.05359,춘포면 쌍정리,5,"가축 분뇨 냄새(닭, 돼지, 소)",12:-7,-1
2021-08-14 00:48:00,35.95762,126.99814,부송동,5,"공장 냄새(화학약품, 매캐함)",2:0,-1
2021-08-14 00:50:00,35.95383,126.98483,어양동,3,"공장 냄새(화학약품, 매캐함)",0:-1,-1
2021-08-14 01:00:00,35.953976,126.98794,어양동,4,"공장 냄새(화학약품, 매캐함)",0:-1,-1
2021-08-14 01:51:00,35.931297,126.96955,동산동,4,기타,-3:-6,-1
2021-08-14 02:06:00,35.926754,126.95878,동산동,4,기타,-5:-7,-1
2021-08-14 02:09:00,35.93166,126.969635,동산동,5,기타,-3:-6,-1
2021-08-14 02:28:00,35.93101,126.96946,동산동,5,"가축 분뇨 냄새(닭, 돼지, 소)",-3:-6,-1
2021-08-14 02:29:00,35.957466,126.96258,신동,4,기타,-4:0,-1
2021-08-14 02:45:00,35.961044,126.99408,부송동,4,"공장 냄새(화학약품, 매캐함)",1:0,-1
2021-08-14 02:52:00,35.96032,126.97377,영등동,4,하수구 냄새,-2:0,-1
2021-08-14 04:08:00,35.956715,126.97185,영등동,4,"공장 냄새(화학약품, 매캐함)",-3:0,-1
2021-08-14 06:00:00,35.958084,126.97371,영등동,3,"가축 분뇨 냄새(닭, 돼지, 소)",-2:0,-1
2021-08-14 11:05:00,36.06809,126.98606,낭산면 용기리,4,기타,0:24,-1
2021-08-14 11:06:00,36.07038,126.9881,낭산면 용기리,4,기타,0:25,-1
2021-08-14 11:44:00,36.067677,126.985085,낭산면 용기리,4,기타,0:24,-1
2021-08-14 15:56:00,36.06771,126.985634,낭산면 용기리,4,기타,0:24,141
2021-08-14 16:32:00,36.07038,126.9881,낭산면 용기리,5,기타,0:25,141
2021-08-14 16:33:00,36.067963,126.9859,낭산면 용기리,5,기타,0:24,141
2021-08-14 16:35:00,36.067856,126.98541,낭산면 용기리,5,"가축 분뇨 냄새(닭, 돼지, 소)",0:24,141
2021-08-14 16:47:00,36.07038,126.9881,낭산면 용기리,5,"가축 분뇨 냄새(닭, 돼지, 소)",0:25,141
2021-08-14 18:12:00,36.067604,126.9857,낭산면 용기리,4,기타,0:24,-1
2021-08-14 18:18:00,36.07038,126.9881,낭산면 용기리,5,기타,0:25,-1
2021-08-14 19:18:00,36.001514,126.94505,황등면 황등리,4,기타,-8:9,-1
2021-08-14 19:43:00,35.92509,127.05359,춘포면 쌍정리,5,"가축 분뇨 냄새(닭, 돼지, 소)",12:-7,-1
2021-08-14 20:27:00,35.957455,126.999466,부송동,3,"공장 냄새(화학약품, 매캐함)",2:0,-1
2021-08-14 20:49:00,35.952515,126.984024,어양동,4,"공장 냄새(화학약품, 매캐함)",-1:-1,-1
2021-08-14 22:26:00,35.94744,126.94642,모현동1가,5,"공장 냄새(화학약품, 매캐함)",-7:-3,-1
2021-08-14 22:27:00,35.95803,126.99797,부송동,3,"공장 냄새(화학약품, 매캐함)",2:0,142
2021-08-14 22:27:00,35.928738,126.96312,동산동,3,기타,-4:-7,-1
2021-08-14 22:32:00,35.94258,126.966194,마동,5,"가축 분뇨 냄새(닭, 돼지, 소)",-4:-4,-1
2021-08-14 22:32:00,35.960648,126.994545,부송동,3,"공장 냄새(화학약품, 매캐함)",1:0,142
2021-08-14 22:32:00,35.934937,126.94576,평화동,5,하수구 냄새,-7:-5,-1
2021-08-14 22:34:00,35.956573,126.994194,부송동,3,기타,1:0,142
2021-08-14 22:34:00,35.942726,126.96573,마동,4,"가축 분뇨 냄새(닭, 돼지, 소)",-4:-4,-1
2021-08-14 22:38:00,35.95358,126.98559,어양동,3,"가축 분뇨 냄새(닭, 돼지, 소)",0:-1,142
2021-08-14 22:45:00,35.953705,126.9884,어양동,4,기타,0:-1,142
2021-08-14 22:48:00,35.9543,126.988846,어양동,5,"가축 분뇨 냄새(닭, 돼지, 소)",0:-1,142
2021-08-14 22:49:00,35.962486,126.99242,부송동,4,"가축 분뇨 냄새(닭, 돼지, 소)",1:1,142
2021-08-14 22:50:00,35.94744,126.9464,모현동1가,4,"가축 분뇨 냄새(닭, 돼지, 소)",-7:-3,-1
2021-08-14 22:52:00,35.94744,126.94642,모현동1가,5,"가축 분뇨 냄새(닭, 돼지, 소)",-7:-3,-1
2021-08-14 22:57:00,35.961258,126.97867,영등동,2,"공장 냄새(화학약품, 매캐함)",-1:1,-1
2021-08-14 23:03:00,35.952118,126.932785,모현동2가,4,기타,-10:-1,-1
2021-08-14 23:12:00,35.96034,126.97381,영등동,3,"공장 냄새(화학약품, 매캐함)",-2:0,-1
2021-08-14 23:12:00,35.931694,126.96902,동산동,3,기타,-3:-6,-1
2021-08-14 23:14:00,35.961002,126.97601,영등동,3,"공장 냄새(화학약품, 매캐함)",-2:0,-1
2021-08-14 23:15:00,35.926754,126.95878,동산동,4,기타,-5:-7,-1
2021-08-14 23:32:00,35.961582,126.97413,영등동,4,"공장 냄새(화학약품, 매캐함)",-2:1,-1
2021-08-14 23:46:00,35.96086,126.99428,부송동,3,"공장 냄새(화학약품, 매캐함)",1:0,142
2021-08-14 23:58:00,35.954193,126.984795,어양동,5,"가축 분뇨 냄새(닭, 돼지, 소)",0:-1,-1
2021-08-15 00:05:00,36.07038,126.9881,낭산면 용기리,5,"가축 분뇨 냄새(닭, 돼지, 소)",0:25,-1
2021-08-15 00:12:00,35.930866,126.96919,동산동,5,"가축 분뇨 냄새(닭, 돼지, 소)",-3:-6,-1
2021-08-15 00:33:00,36.07038,126.9881,낭산면 용기리,5,"가축 분뇨 냄새(닭, 돼지, 소)",0:25,-1
2021-08-15 03:27:00,35.953327,126.984795,어양동,5,"가축 분뇨 냄새(닭, 돼지, 소)",0:-1,-1
2021-08-15 05:07:00,35.92775,126.96611,동산동,5,기타,-4:-7,-1
2021-08-15 07:04:00,35.95383,127.0129,팔봉동,3,"공장 냄새(화학약품, 매캐함)",5:-1,-1
2021-08-15 09:19:00,35.961296,126.994194,부송동,2,"공장 냄새(화학약품, 매캐함)",1:1,-1
2021-08-15 17:10:00,36.068233,126.98621,낭산면 용기리,5,기타,0:24,-1
2021-08-15 17:37:00,36.07038,126.9881,낭산면 용기리,3,"가축 분뇨 냄새(닭, 돼지, 소)",0:25,-1
2021-08-15 20:43:00,36.07038,126.9881,낭산면 용기리,5,기타,0:25,-1
2021-08-15 21:10:00,35.9565,126.99515,부송동,3,"공장 냄새(화학약품, 매캐함)",1:-1,-1
2021-08-15 21:15:00,35.961044,126.99408,부송동,4,"가축 분뇨 냄새(닭, 돼지, 소)",1:0,143
2021-08-15 21:18:00,35.963493,126.98382,어양동,4,"공장 냄새(화학약품, 매캐함)",-1:1,143
2021-08-15 21:20:00,35.96364,126.987404,부송동,3,"공장 냄새(화학약품, 매캐함)",0:1,143
2021-08-15 21:22:00,35.96544,127.015564,팔봉동,4,하수구 냄새,5:1,-1
2021-08-15 21:31:00,35.93651,126.96885,마동,5,하수구 냄새,-3:-5,-1
2021-08-15 21:34:00,35.969143,127.007416,부송동,4,"공장 냄새(화학약품, 매캐함)",4:2,-1
2021-08-15 21:42:00,35.94413,126.963806,마동,4,"가축 분뇨 냄새(닭, 돼지, 소)",-4:-3,-1
2021-08-15 22:13:00,35.95368,126.98834,어양동,4,기타,0:-1,143
2021-08-15 22:31:00,35.957726,126.999466,부송동,4,"가축 분뇨 냄새(닭, 돼지, 소)",2:0,143
2021-08-15 22:32:00,35.9574,126.99951,부송동,4,"가축 분뇨 냄새(닭, 돼지, 소)",2:0,143
2021-08-15 22:34:00,35.956753,126.99503,부송동,4,"가축 분뇨 냄새(닭, 돼지, 소)",1:0,143
2021-08-15 22:36:00,35.9534,126.98461,어양동,4,"가축 분뇨 냄새(닭, 돼지, 소)",0:-1,143
2021-08-15 22:44:00,35.957184,126.98111,어양동,3,"가축 분뇨 냄새(닭, 돼지, 소)",-1:0,143
2021-08-15 22:45:00,35.964504,126.98683,부송동,4,"가축 분뇨 냄새(닭, 돼지, 소)",0:1,143
2021-08-15 22:47:00,35.953083,126.985466,어양동,4,"가축 분뇨 냄새(닭, 돼지, 소)",0:-1,143
2021-08-15 22:49:00,35.962807,126.98519,부송동,4,기타,0:1,143
2021-08-15 22:53:00,35.93108,126.96933,동산동,5,기타,-3:-6,-1
2021-08-15 22:57:00,35.96032,126.97379,영등동,4,"가축 분뇨 냄새(닭, 돼지, 소)",-2:0,143
2021-08-15 22:59:00,35.958664,126.992775,부송동,5,기타,1:0,143
2021-08-15 23:03:00,35.95437,126.972,영등동,3,기타,-3:-1,143
2021-08-15 23:05:00,35.95711,126.98834,부송동,4,기타,0:0,143
2021-08-15 23:08:00,35.963528,126.97415,영등동,4,"가축 분뇨 냄새(닭, 돼지, 소)",-2:1,143
2021-08-15 23:29:00,35.963024,126.9839,어양동,4,"가축 분뇨 냄새(닭, 돼지, 소)",-1:1,143
2021-08-15 23:45:00,35.926754,126.95878,동산동,4,하수구 냄새,-5:-7,144
2021-08-16 00:10:00,35.926754,126.95878,동산동,4,"가축 분뇨 냄새(닭, 돼지, 소)",-5:-7,144
2021-08-16 00:11:00,35.926754,126.95878,동산동,5,기타,-5:-7,144
2021-08-16 00:12:00,35.93198,126.95696,주현동,5,하수구 냄새,-5:-6,144
2021-08-16 00:16:00,35.92987,126.958,동산동,5,하수구 냄새,-5:-6,144
2021-08-16 00:16:00,35.93097,126.956314,인화동2가,5,하수구 냄새,-6:-6,144
2021-08-16 06:13:00,35.94618,126.94502,모현동1가,5,"공장 냄새(화학약품, 매캐함)",-8:-3,-1
2021-08-16 06:15:00,35.952026,126.970825,영등동,5,"공장 냄새(화학약품, 매캐함)",-3:-2,-1
2021-08-16 06:16:00,35.945854,126.944626,모현동1가,5,"공장 냄새(화학약품, 매캐함)",-8:-3,-1
2021-08-16 07:20:00,35.964897,126.98253,어양동,5,"공장 냄새(화학약품, 매캐함)",-1:1,-1
2021-08-16 09:47:00,35.98246,127.00542,은기동,5,"공장 냄새(화학약품, 매캐함)",3:5,-1
2021-08-16 10:05:00,36.06802,126.9861,낭산면 용기리,4,기타,0:24,-1
2021-08-16 10:06:00,36.06782,126.98555,낭산면 용기리,4,기타,0:24,-1
2021-08-16 10:07:00,36.067947,126.98604,낭산면 용기리,4,기타,0:24,-1
2021-08-16 12:33:00,35.934074,126.969505,동산동,3,"가축 분뇨 냄새(닭, 돼지, 소)",-3:-5,-1
2021-08-16 12:50:00,36.068054,126.98632,낭산면 용기리,4,기타,0:24,-1
2021-08-16 12:51:00,36.06775,126.98599,낭산면 용기리,4,"공장 냄새(화학약품, 매캐함)",0:24,-1
2021-08-16 13:05:00,36.068344,126.98651,낭산면 용기리,4,기타,0:24,145
2021-08-16 13:06:00,36.067837,126.98555,낭산면 용기리,5,기타,0:24,145
2021-08-16 14:02:00,36.06798,126.98617,낭산면 용기리,4,기타,0:24,145
2021-08-16 14:15:00,36.068047,126.98597,낭산면 용기리,4,기타,0:24,-1
2021-08-16 15:28:00,35.94316,126.96176,마동,4,"가축 분뇨 냄새(닭, 돼지, 소)",-5:-3,-1
2021-08-16 16:05:00,35.96137,126.99379,부송동,5,"공장 냄새(화학약품, 매캐함)",1:1,-1
2021-08-16 16:06:00,36.07038,126.9881,낭산면 용기리,4,기타,0:25,-1
2021-08-16 16:06:00,35.961044,126.99408,부송동,3,"공장 냄새(화학약품, 매캐함)",1:0,-1
2021-08-16 16:06:00,35.96115,126.993484,부송동,5,"공장 냄새(화학약품, 매캐함)",1:1,-1
2021-08-16 16:06:00,36.068027,126.9861,낭산면 용기리,4,기타,0:24,-1
2021-08-16 18:37:00,35.95444,126.97256,영등동,4,"공장 냄새(화학약품, 매캐함)",-3:-1,-1
2021-08-16 18:45:00,35.963528,126.98524,부송동,3,"공장 냄새(화학약품, 매캐함)",0:1,-1
2021-08-16 19:24:00,35.92509,127.05359,춘포면 쌍정리,3,"가축 분뇨 냄새(닭, 돼지, 소)",12:-7,-1
2021-08-16 19:26:00,36.068035,126.98617,낭산면 용기리,5,기타,0:24,-1
2021-08-16 19:27:00,36.068268,126.98628,낭산면 용기리,5,기타,0:24,-1
2021-08-16 19:27:00,36.068035,126.98595,낭산면 용기리,5,기타,0:24,-1
2021-08-16 19:40:00,36.067963,126.986015,낭산면 용기리,5,기타,0:24,-1
2021-08-16 20:56:00,35.961258,126.99393,부송동,2,"공장 냄새(화학약품, 매캐함)",1:1,-1
2021-08-16 21:47:00,35.94744,126.9464,모현동1가,3,"공장 냄새(화학약품, 매캐함)",-7:-3,-1
2021-08-16 22:41:00,36.07038,126.9881,낭산면 용기리,4,기타,0:25,-1
2021-08-16 22:44:00,36.07038,126.9881,낭산면 용기리,5,기타,0:25,-1
2021-08-16 22:46:00,36.070362,126.988075,낭산면 용기리,4,기타,0:25,-1
2021-08-16 22:48:00,36.07038,126.9881,낭산면 용기리,5,기타,0:25,-1
2021-08-16 23:30:00,35.961582,126.974594,영등동,4,"가축 분뇨 냄새(닭, 돼지, 소)",-2:1,-1
2021-08-16 23:31:00,35.964897,126.97406,영등동,3,음식조리 냄새,-2:1,-1
2021-08-16 23:42:00,35.95787,126.99734,부송동,4,하수구 냄새,2:0,-1
2021-08-17 00:00:00,35.962807,126.98519,부송동,3,기타,0:1,-1
2021-08-17 02:14:00,36.06809,126.98592,낭산면 용기리,5,기타,0:24,146
2021-08-17 02:21:00,36.067467,126.9855,낭산면 용기리,5,기타,0:24,146
2021-08-17 02:22:00,36.06792,126.98607,낭산면 용기리,5,기타,0:24,146
2021-08-17 02:23:00,36.06775,126.98582,낭산면 용기리,5,기타,0:24,146
2021-08-17 02:23:00,36.068245,126.98624,낭산면 용기리,5,기타,0:24,146
2021-08-17 02:24:00,36.06765,126.98561,낭산면 용기리,5,기타,0:24,146
2021-08-17 02:25:00,36.068027,126.98594,낭산면 용기리,5,기타,0:24,146
2021-08-17 02:26:00,36.067993,126.98585,낭산면 용기리,5,기타,0:24,146
2021-08-17 02:27:00,36.06761,126.985794,낭산면 용기리,5,기타,0:24,146
2021-08-17 04:06:00,35.997658,126.94561,황등면 황등리,4,기타,-7:9,-1
2021-08-17 05:43:00,36.07038,126.9881,낭산면 용기리,5,기타,0:25,-1
2021-08-17 06:12:00,36.07038,126.9881,낭산면 용기리,5,기타,0:25,-1
2021-08-17 11:14:00,36.068108,126.98588,낭산면 용기리,4,기타,0:24,-1
2021-08-17 13:23:00,36.068245,126.985916,낭산면 용기리,4,기타,0:24,-1
2021-08-17 14:18:00,35.934074,126.969505,동산동,4,기타,-3:-5,-1
2021-08-17 14:32:00,36.068035,126.986,낭산면 용기리,4,기타,0:24,147
2021-08-17 14:38:00,36.07038,126.9881,낭산면 용기리,4,기타,0:25,147
2021-08-17 14:39:00,36.068073,126.98575,낭산면 용기리,5,기타,0:24,147
2021-08-17 15:21:00,36.067947,126.98561,낭산면 용기리,5,기타,0:24,147
2021-08-17 15:21:00,36.07038,126.9881,낭산면 용기리,5,기타,0:25,147
2021-08-17 17:11:00,36.06791,126.98599,낭산면 용기리,5,기타,0:24,148
2021-08-17 17:12:00,36.067566,126.98577,낭산면 용기리,5,기타,0:24,148
2021-08-17 17:30:00,36.067856,126.986015,낭산면 용기리,4,기타,0:24,148
2021-08-17 17:55:00,36.067875,126.985634,낭산면 용기리,4,기타,0:24,148
2021-08-17 17:55:00,36.06809,126.98588,낭산면 용기리,5,기타,0:24,148
2021-08-17 17:56:00,36.06773,126.98577,낭산면 용기리,5,기타,0:24,148
2021-08-17 17:56:00,36.06838,126.98661,낭산면 용기리,5,기타,0:24,148
2021-08-17 18:14:00,36.07038,126.9881,낭산면 용기리,4,기타,0:25,148
2021-08-17 18:16:00,36.068,126.98612,낭산면 용기리,4,기타,0:24,148
2021-08-17 18:16:00,36.068047,126.985535,낭산면 용기리,4,기타,0:24,148
2021-08-17 20:44:00,36.06827,126.98592,낭산면 용기리,4,기타,0:24,-1
2021-08-17 20:45:00,36.06753,126.98566,낭산면 용기리,5,기타,0:24,-1
2021-08-17 20:52:00,36.07038,126.9881,낭산면 용기리,5,기타,0:25,-1
2021-08-17 23:10:00,35.92509,127.05359,춘포면 쌍정리,4,"가축 분뇨 냄새(닭, 돼지, 소)",12:-7,-1
2021-08-17 23:13:00,35.954266,126.98528,어양동,5,"가축 분뇨 냄새(닭, 돼지, 소)",0:-1,-1
2021-08-18 09:22:00,36.068287,126.98632,낭산면 용기리,4,기타,0:24,-1
2021-08-18 09:40:00,36.06809,126.98592,낭산면 용기리,4,기타,0:24,-1
2021-08-18 11:34:00,36.067703,126.98537,낭산면 용기리,4,기타,0:24,-1
2021-08-18 11:35:00,36.068073,126.98612,낭산면 용기리,4,기타,0:24,-1
2021-08-18 16:28:00,35.93943,126.9859,신흥동,3,"가축 분뇨 냄새(닭, 돼지, 소)",0:-4,-1
2021-08-18 17:34:00,35.92509,127.05359,춘포면 쌍정리,3,"가축 분뇨 냄새(닭, 돼지, 소)",12:-7,-1
2021-08-18 18:24:00,35.96097,126.99388,부송동,2,"공장 냄새(화학약품, 매캐함)",1:0,-1
2021-08-18 21:13:00,36.068233,126.98599,낭산면 용기리,5,기타,0:24,149
2021-08-18 21:14:00,36.06816,126.98637,낭산면 용기리,5,기타,0:24,149
2021-08-18 21:15:00,36.06779,126.98582,낭산면 용기리,5,기타,0:24,149
2021-08-18 21:15:00,36.068504,126.98548,낭산면 용기리,5,기타,0:24,149
2021-08-18 21:16:00,36.06789,126.985634,낭산면 용기리,5,기타,0:24,149
2021-08-18 21:16:00,36.06789,126.985634,낭산면 용기리,5,기타,0:24,149
2021-08-18 21:17:00,36.06744,126.98526,낭산면 용기리,5,기타,0:24,149
2021-08-18 21:34:00,35.963593,127.008865,팔봉동,3,하수구 냄새,4:1,-1
2021-08-18 22:00:00,36.06755,126.985794,낭산면 용기리,5,기타,0:24,149
2021-08-18 22:01:00,35.956573,126.994194,부송동,5,"공장 냄새(화학약품, 매캐함)",1:0,-1
2021-08-18 22:01:00,36.06782,126.98608,낭산면 용기리,4,기타,0:24,149
2021-08-18 22:14:00,35.94744,126.9464,모현동1가,3,"공장 냄새(화학약품, 매캐함)",-7:-3,-1
2021-08-18 22:25:00,35.926754,126.95878,동산동,3,기타,-5:-7,-1
2021-08-18 22:30:00,36.068127,126.9861,낭산면 용기리,4,기타,0:24,149
2021-08-19 02:43:00,35.926754,126.95878,동산동,5,기타,-5:-7,-1
2021-08-19 02:43:00,35.94744,126.9464,모현동1가,4,"가축 분뇨 냄새(닭, 돼지, 소)",-7:-3,-1
2021-08-19 02:48:00,35.932476,126.94127,평화동,4,기타,-8:-6,-1
2021-08-19 06:10:00,35.95769,126.99938,부송동,4,"공장 냄새(화학약품, 매캐함)",2:0,-1
2021-08-19 06:40:00,35.965477,127.01596,팔봉동,4,"가축 분뇨 냄새(닭, 돼지, 소)",5:1,-1
2021-08-19 09:17:00,36.068054,126.986015,낭산면 용기리,4,기타,0:24,-1
2021-08-19 09:17:00,36.068035,126.98577,낭산면 용기리,4,기타,0:24,-1
2021-08-19 14:25:00,35.982456,127.00551,은기동,5,"공장 냄새(화학약품, 매캐함)",3:5,-1
2021-08-19 16:15:00,35.9637,127.007675,팔봉동,3,하수구 냄새,4:1,-1
2021-08-19 18:26:00,35.963833,127.01469,팔봉동,1,"공장 냄새(화학약품, 매캐함)",5:1,-1
2021-08-19 19:46:00,35.965584,127.0157,팔봉동,4,"공장 냄새(화학약품, 매캐함)",5:1,-1
2021-08-19 21:09:00,35.9543,126.988846,어양동,3,기타,0:-1,-1
2021-08-19 21:12:00,35.95109,126.9836,어양동,5,"가축 분뇨 냄새(닭, 돼지, 소)",-1:-2,-1
2021-08-19 21:13:00,35.936596,126.96932,마동,5,기타,-3:-5,-1
2021-08-19 21:17:00,35.93377,126.9699,동산동,5,"가축 분뇨 냄새(닭, 돼지, 소)",-3:-6,-1
2021-08-19 21:17:00,35.92852,126.96383,동산동,5,기타,-4:-7,-1
2021-08-19 21:19:00,35.95325,126.98424,어양동,4,"가축 분뇨 냄새(닭, 돼지, 소)",0:-1,-1
2021-08-19 21:20:00,35.95602,126.97837,영등동,2,"가축 분뇨 냄새(닭, 돼지, 소)",-2:-1,-1
2021-08-19 21:20:00,35.94622,126.96404,마동,3,기타,-4:-3,-1
2021-08-19 21:21:00,35.926754,126.95878,동산동,4,"가축 분뇨 냄새(닭, 돼지, 소)",-5:-7,-1
2021-08-19 21:21:00,35.930466,126.957535,동산동,5,하수구 냄새,-5:-6,-1
2021-08-19 21:29:00,36.07827,126.96154,함열읍 와리,4,기타,-5:26,-1
2021-08-19 21:44:00,35.9574,126.99987,부송동,4,"공장 냄새(화학약품, 매캐함)",2:0,-1
2021-08-19 22:37:00,35.96544,127.015564,팔봉동,4,하수구 냄새,5:1,-1
2021-08-19 22:49:00,35.961296,126.99432,부송동,4,"공장 냄새(화학약품, 매캐함)",1:1,-1
2021-08-19 23:21:00,35.960716,126.994545,부송동,5,"공장 냄새(화학약품, 매캐함)",1:0,150
2021-08-19 23:36:00,35.960033,126.98931,부송동,4,"공장 냄새(화학약품, 매캐함)",0:0,150
2021-08-19 23:45:00,35.960285,126.98923,부송동,5,"공장 냄새(화학약품, 매캐함)",0:0,150
2021-08-19 23:51:00,35.962807,126.98519,부송동,3,"공장 냄새(화학약품, 매캐함)",0:1,150
2021-08-20 03:10:00,35.963383,126.97364,영등동,4,"가축 분뇨 냄새(닭, 돼지, 소)",-2:1,-1
2021-08-20 06:28:00,35.957546,126.99969,부송동,4,"공장 냄새(화학약품, 매캐함)",2:0,-1
2021-08-20 06:57:00,35.961044,126.99408,부송동,3,"공장 냄새(화학약품, 매캐함)",1:0,-1
2021-08-20 06:57:00,35.96108,126.99428,부송동,5,"공장 냄새(화학약품, 매캐함)",1:0,-1
2021-08-20 07:44:00,35.94416,126.94437,모현동1가,4,"공장 냄새(화학약품, 매캐함)",-8:-3,-1
2021-08-20 07:47:00,35.961185,126.993835,부송동,4,"공장 냄새(화학약품, 매캐함)",1:1,-1
2021-08-20 14:40:00,35.93945,126.98606,신흥동,3,"가축 분뇨 냄새(닭, 돼지, 소)",0:-4,-1
2021-08-20 18:12:00,35.94411,126.96404,마동,4,"가축 분뇨 냄새(닭, 돼지, 소)",-4:-3,-1
2021-08-20 18:36:00,35.926754,126.95878,동산동,3,기타,-5:-7,-1
2021-08-20 18:53:00,35.933804,126.96991,동산동,5,"가축 분뇨 냄새(닭, 돼지, 소)",-3:-6,-1
2021-08-20 18:55:00,35.933712,126.96967,동산동,5,"가축 분뇨 냄새(닭, 돼지, 소)",-3:-6,-1
2021-08-20 18:56:00,35.933777,126.96971,동산동,5,"가축 분뇨 냄새(닭, 돼지, 소)",-3:-6,-1
2021-08-20 19:03:00,35.948547,126.96892,영등동,3,기타,-3:-2,-1
2021-08-20 19:03:00,35.96396,126.97428,영등동,2,기타,-2:1,-1
2021-08-20 19:25:00,35.96032,126.97379,영등동,4,"가축 분뇨 냄새(닭, 돼지, 소)",-2:0,-1
2021-08-20 19:31:00,35.958157,126.97404,영등동,4,하수구 냄새,-2:0,-1
2021-08-20 19:37:00,35.949615,126.98663,어양동,5,"공장 냄새(화학약품, 매캐함)",0:-2,-1
2021-08-20 19:45:00,35.961113,126.994194,부송동,4,"공장 냄새(화학약품, 매캐함)",1:1,-1
2021-08-20 19:47:00,35.96133,126.99437,부송동,5,"공장 냄새(화학약품, 매캐함)",1:1,-1
2021-08-20 19:48:00,35.961258,126.99357,부송동,5,"공장 냄새(화학약품, 매캐함)",1:1,-1
2021-08-20 20:03:00,35.93941,126.986015,신흥동,5,"가축 분뇨 냄새(닭, 돼지, 소)",0:-4,-1
2021-08-20 20:06:00,35.960896,126.9745,영등동,5,"가축 분뇨 냄새(닭, 돼지, 소)",-2:0,-1
2021-08-20 20:07:00,35.95109,126.9836,어양동,5,기타,-1:-2,-1
2021-08-20 20:20:00,35.928738,126.96312,동산동,5,기타,-4:-7,151
2021-08-20 20:25:00,35.934036,126.970856,동산동,4,기타,-3:-5,151
2021-08-20 20:26:00,35.92895,126.96397,동산동,4,기타,-4:-7,151
2021-08-20 20:32:00,35.93392,126.96998,동산동,5,"가축 분뇨 냄새(닭, 돼지, 소)",-3:-6,151
2021-08-20 20:38:00,35.933594,126.96736,동산동,3,"가축 분뇨 냄새(닭, 돼지, 소)",-4:-6,151
2021-08-20 20:41:00,35.957703,126.96233,신동,5,기타,-4:0,-1
2021-08-20 20:43:00,35.94366,126.96445,마동,5,"가축 분뇨 냄새(닭, 돼지, 소)",-4:-3,-1
2021-08-20 21:13:00,35.952118,126.932785,모현동2가,5,기타,-10:-1,-1
2021-08-20 21:19:00,35.972813,126.93676,현영동,5,"가축 분뇨 냄새(닭, 돼지, 소)",-9:3,-1
2021-08-21 00:01:00,35.964935,127.01641,팔봉동,4,기타,5:1,-1
2021-08-21 02:37:00,35.96364,126.98483,부송동,2,"가축 분뇨 냄새(닭, 돼지, 소)",0:1,-1
2021-08-21 04:05:00,35.96014,126.98923,부송동,5,"공장 냄새(화학약품, 매캐함)",0:0,-1
2021-08-21 07:46:00,35.961185,126.99397,부송동,5,"공장 냄새(화학약품, 매캐함)",1:1,-1
2021-08-21 07:51:00,35.961403,126.99388,부송동,4,"가축 분뇨 냄새(닭, 돼지, 소)",1:1,-1
2021-08-21 11:01:00,35.926754,126.958824,동산동,4,기타,-5:-7,-1
2021-08-21 11:37:00,35.960068,126.98936,부송동,5,기타,0:0,-1
2021-08-21 21:51:00,35.97541,126.93809,현영동,5,기타,-9:4,-1
2021-08-21 23:21:00,35.96544,127.015564,팔봉동,3,기타,5:1,-1
2021-08-21 23:26:00,35.95109,126.9836,어양동,5,"가축 분뇨 냄새(닭, 돼지, 소)",-1:-2,-1
2021-08-22 22:13:00,35.930645,126.95745,동산동,5,하수구 냄새,-5:-6,-1
2021-08-22 23:52:00,35.957546,126.99823,부송동,4,"공장 냄새(화학약품, 매캐함)",2:0,-1
2021-08-23 00:49:00,35.954987,126.98718,어양동,3,기타,0:-1,-1
2021-08-23 01:00:00,35.954445,126.98356,어양동,3,"가축 분뇨 냄새(닭, 돼지, 소)",-1:-1,-1
2021-08-23 09:23:00,35.961548,126.99388,부송동,4,"공장 냄새(화학약품, 매캐함)",1:1,-1
2021-08-23 09:35:00,35.958866,126.9397,모현동2가,4,기타,-9:0,-1
2021-08-23 18:34:00,36.068146,126.98592,낭산면 용기리,5,기타,0:24,-1
2021-08-23 18:38:00,36.067875,126.985725,낭산면 용기리,4,기타,0:24,-1
2021-08-23 18:39:00,36.06847,126.9859,낭산면 용기리,4,기타,0:24,-1
2021-08-23 18:39:00,36.06847,126.9859,낭산면 용기리,4,기타,0:24,-1
2021-08-23 18:49:00,35.96371,127.00787,팔봉동,3,하수구 냄새,4:1,-1
2021-08-23 18:54:00,35.963657,127.00774,팔봉동,3,하수구 냄새,4:1,-1
2021-08-23 20:48:00,35.95769,126.99956,부송동,3,"가축 분뇨 냄새(닭, 돼지, 소)",2:0,-1
2021-08-24 01:51:00,35.932693,126.941315,평화동,4,하수구 냄새,-8:-6,-1
2021-08-24 03:16:00,35.95367,126.985214,어양동,5,"가축 분뇨 냄새(닭, 돼지, 소)",0:-1,-1
2021-08-24 21:05:00,35.96216,126.98453,어양동,4,음식조리 냄새,0:1,-1
2021-08-24 22:09:00,35.932262,126.94113,평화동,4,하수구 냄새,-8:-6,-1
2021-08-25 00:35:00,35.9543,126.98883,어양동,4,"가축 분뇨 냄새(닭, 돼지, 소)",0:-1,-1
2021-08-25 00:45:00,35.95358,126.98488,어양동,5,기타,0:-1,-1
2021-08-25 01:19:00,35.95239,126.985016,어양동,3,기타,0:-1,-1
2021-08-25 01:27:00,35.95729,126.97207,영등동,4,기타,-3:0,-1
2021-08-25 01:45:00,35.94622,126.96404,마동,3,기타,-4:-3,-1
2021-08-25 01:47:00,35.926754,126.95878,동산동,5,기타,-5:-7,-1
2021-08-25 01:59:00,35.932987,126.96336,동산동,3,"가축 분뇨 냄새(닭, 돼지, 소)",-4:-6,-1
2021-08-25 07:51:00,35.961224,126.99437,부송동,5,"가축 분뇨 냄새(닭, 돼지, 소)",1:1,-1
2021-08-25 08:31:00,35.957653,126.99707,부송동,5,"공장 냄새(화학약품, 매캐함)",2:0,-1
2021-08-25 09:33:00,35.97368,126.934006,현영동,4,"가축 분뇨 냄새(닭, 돼지, 소)",-10:3,-1
2021-08-25 12:38:00,35.970795,126.93521,현영동,5,하수구 냄새,-9:3,-1
2021-08-25 13:33:00,35.970276,126.93576,현영동,5,하수구 냄새,-9:3,-1
2021-08-25 15:42:00,36.0682,126.98617,낭산면 용기리,5,"가축 분뇨 냄새(닭, 돼지, 소)",0:24,-1
2021-08-25 15:42:00,36.06773,126.98561,낭산면 용기리,5,기타,0:24,-1
2021-08-25 15:43:00,36.068485,126.985504,낭산면 용기리,5,기타,0:24,-1
2021-08-25 18:54:00,35.953545,126.985146,어양동,5,"가축 분뇨 냄새(닭, 돼지, 소)",0:-1,-1
2021-08-25 21:35:00,35.953255,126.984215,어양동,3,기타,0:-1,-1
2021-08-25 21:37:00,35.954082,126.98506,어양동,5,"가축 분뇨 냄새(닭, 돼지, 소)",0:-1,152
2021-08-25 21:53:00,35.954422,126.98358,어양동,4,기타,-1:-1,152
2021-08-25 22:02:00,35.962303,126.98453,어양동,4,음식조리 냄새,0:1,152
2021-08-25 22:08:00,35.96227,126.98431,어양동,4,음식조리 냄새,0:1,152
2021-08-25 22:13:00,35.95448,126.98353,어양동,5,기타,-1:-1,152
2021-08-26 06:10:00,35.95819,126.97399,영등동,3,기타,-2:0,-1
2021-08-26 06:19:00,35.934147,126.9709,동산동,4,기타,-3:-5,-1
2021-08-26 06:36:00,35.947586,126.94658,모현동1가,4,기타,-7:-2,-1
2021-08-26 06:43:00,35.957596,126.97643,영등동,4,기타,-2:0,-1
2021-08-26 09:57:00,35.957363,126.97677,영등동,5,기타,-2:0,-1
2021-08-26 09:59:00,35.95715,126.98887,부송동,3,기타,0:0,-1
2021-08-26 10:20:00,35.962807,126.98519,부송동,4,기타,0:1,-1
2021-08-26 11:04:00,35.97022,126.93522,현영동,5,하수구 냄새,-9:3,-1
2021-08-26 18:56:00,35.963383,126.97364,영등동,5,"가축 분뇨 냄새(닭, 돼지, 소)",-2:1,-1
2021-08-26 20:48:00,35.97541,126.93809,현영동,4,기타,-9:4,-1
2021-08-26 22:30:00,35.93397,126.97087,동산동,3,기타,-3:-5,-1
2021-08-26 22:49:00,35.957256,126.98847,부송동,4,기타,0:0,-1
2021-08-26 22:59:00,35.956337,126.99501,부송동,3,"가축 분뇨 냄새(닭, 돼지, 소)",1:-1,-1
2021-08-27 00:53:00,35.95996,126.98918,부송동,4,"공장 냄새(화학약품, 매캐함)",0:0,-1
2021-08-27 06:16:00,35.958138,126.97393,영등동,3,기타,-2:0,-1
2021-08-27 07:42:00,35.929512,126.96441,동산동,3,"공장 냄새(화학약품, 매캐함)",-4:-6,-1
2021-08-27 07:43:00,35.928738,126.96312,동산동,5,"가축 분뇨 냄새(닭, 돼지, 소)",-4:-7,-1
2021-08-27 07:55:00,35.932297,126.941,평화동,4,"가축 분뇨 냄새(닭, 돼지, 소)",-8:-6,-1
2021-08-27 08:07:00,35.957146,126.97207,영등동,4,기타,-3:0,-1
2021-08-27 08:07:00,35.953506,126.98506,어양동,3,기타,0:-1,-1
2021-08-27 08:11:00,35.97541,126.93809,현영동,4,기타,-9:4,-1
2021-08-27 08:20:00,35.953976,126.985146,어양동,5,"가축 분뇨 냄새(닭, 돼지, 소)",0:-1,-1
2021-08-27 12:08:00,35.953102,127.011925,팔봉동,2,"공장 냄새(화학약품, 매캐함)",4:-1,-1
2021-08-27 13:46:00,35.970306,126.935265,현영동,5,하수구 냄새,-9:3,-1
2021-08-27 13:57:00,35.96179,126.98434,어양동,3,"가축 분뇨 냄새(닭, 돼지, 소)",0:1,-1
2021-08-27 17:55:00,36.06802,126.9861,낭산면 용기리,5,기타,0:24,-1
2021-08-27 17:56:00,36.06769,126.985504,낭산면 용기리,4,기타,0:24,-1
2021-08-27 17:57:00,36.067757,126.9857,낭산면 용기리,4,기타,0:24,-1
2021-08-27 17:57:00,36.06791,126.98568,낭산면 용기리,4,기타,0:24,-1
2021-08-27 19:17:00,35.957184,126.97548,영등동,4,하수구 냄새,-2:0,-1
2021-08-27 23:45:00,35.92509,127.05359,춘포면 쌍정리,5,기타,12:-7,-1
2021-08-28 13:12:00,36.067852,126.985634,낭산면 용기리,4,기타,0:24,-1
2021-08-28 13:12:00,36.06769,126.98559,낭산면 용기리,4,기타,0:24,-1
2021-08-28 13:15:00,36.06798,126.9857,낭산면 용기리,4,기타,0:24,-1
2021-08-28 15:40:00,36.068073,126.98582,낭산면 용기리,5,기타,0:24,153
2021-08-28 15:40:00,36.067783,126.985435,낭산면 용기리,5,기타,0:24,153
2021-08-28 15:41:00,36.067856,126.98537,낭산면 용기리,5,기타,0:24,153
2021-08-28 15:41:00,36.06748,126.98507,낭산면 용기리,4,기타,0:24,153
2021-08-28 15:49:00,36.067963,126.98608,낭산면 용기리,4,기타,0:24,153
2021-08-28 16:21:00,36.06769,126.9857,낭산면 용기리,5,기타,0:24,153
2021-08-28 16:21:00,36.067677,126.98555,낭산면 용기리,5,기타,0:24,153
2021-08-28 16:22:00,36.06753,126.98559,낭산면 용기리,5,기타,0:24,153
2021-08-28 16:23:00,36.06771,126.98526,낭산면 용기리,5,기타,0:24,153
2021-08-28 17:16:00,35.933712,126.969894,동산동,5,"가축 분뇨 냄새(닭, 돼지, 소)",-3:-6,-1
2021-08-28 17:36:00,35.96169,126.978806,영등동,4,"가축 분뇨 냄새(닭, 돼지, 소)",-1:1,-1
2021-08-28 22:38:00,35.92509,127.05359,춘포면 쌍정리,5,기타,12:-7,-1
2021-08-28 22:38:00,35.931477,126.96982,동산동,5,"공장 냄새(화학약품, 매캐함)",-3:-6,-1
2021-08-29 09:39:00,36.07038,126.9881,낭산면 용기리,5,기타,0:25,-1
2021-08-29 16:39:00,36.068127,126.98606,낭산면 용기리,4,기타,0:24,-1
2021-08-29 16:40:00,36.067566,126.984856,낭산면 용기리,5,기타,0:24,-1
2021-08-29 16:40:00,36.067802,126.98575,낭산면 용기리,5,기타,0:24,-1
2021-08-29 16:41:00,36.06785,126.98592,낭산면 용기리,5,기타,0:24,-1
2021-08-29 18:57:00,35.961296,126.99464,부송동,3,"가축 분뇨 냄새(닭, 돼지, 소)",1:1,-1
2021-08-29 19:15:00,36.07038,126.9881,낭산면 용기리,5,"가축 분뇨 냄새(닭, 돼지, 소)",0:25,-1
2021-08-29 21:50:00,35.956066,126.97835,영등동,3,기타,-2:-1,-1
2021-08-29 21:50:00,35.964645,126.98359,어양동,5,기타,-1:1,-1
2021-08-29 22:31:00,35.958336,126.97395,영등동,3,기타,-2:0,-1
2021-08-29 22:34:00,35.957474,126.998184,부송동,5,하수구 냄새,2:0,-1
2021-08-29 23:17:00,35.95365,126.98488,어양동,5,"가축 분뇨 냄새(닭, 돼지, 소)",0:-1,-1
2021-08-30 05:00:00,35.92509,127.05359,춘포면 쌍정리,5,기타,12:-7,-1
2021-08-30 08:12:00,35.97444,126.95157,신용동,2,"가축 분뇨 냄새(닭, 돼지, 소)",-6:3,-1
2021-08-30 09:37:00,35.970623,126.93582,현영동,5,하수구 냄새,-9:3,-1
2021-08-30 17:27:00,35.95448,126.971954,영등동,5,"가축 분뇨 냄새(닭, 돼지, 소)",-3:-1,-1
2021-08-30 17:32:00,35.93411,126.970345,동산동,4,하수구 냄새,-3:-5,-1
2021-08-30 19:48:00,36.07038,126.9881,낭산면 용기리,3,"공장 냄새(화학약품, 매캐함)",0:25,154
2021-08-30 19:50:00,36.067856,126.985634,낭산면 용기리,5,기타,0:24,154
2021-08-30 19:52:00,36.067657,126.98539,낭산면 용기리,5,기타,0:24,154
2021-08-30 19:52:00,36.06816,126.98619,낭산면 용기리,5,기타,0:24,154
2021-08-30 19:53:00,36.06789,126.985214,낭산면 용기리,5,기타,0:24,154
2021-08-30 19:54:00,36.067368,126.98506,낭산면 용기리,5,기타,0:24,154
2021-08-30 19:55:00,36.06782,126.9857,낭산면 용기리,5,기타,0:24,154
2021-08-30 19:55:00,36.06782,126.9857,낭산면 용기리,5,기타,0:24,154
2021-08-30 21:42:00,35.92509,127.05359,춘포면 쌍정리,5,"가축 분뇨 냄새(닭, 돼지, 소)",12:-7,-1
2021-08-30 23:00:00,35.960403,126.98913,부송동,4,"공장 냄새(화학약품, 매캐함)",0:0,-1
2021-08-31 00:24:00,35.95744,126.999245,부송동,5,하수구 냄새,2:0,155
2021-08-31 00:38:00,35.957447,126.99572,부송동,5,기타,2:0,155
2021-08-31 00:40:00,35.956825,126.998314,부송동,4,하수구 냄새,2:0,155
2021-08-31 00:40:00,35.957508,126.99827,부송동,4,"가축 분뇨 냄새(닭, 돼지, 소)",2:0,155
2021-08-31 00:42:00,35.960682,126.98519,어양동,4,"가축 분뇨 냄새(닭, 돼지, 소)",0:0,155
2021-08-31 00:43:00,35.96295,126.9921,부송동,3,"가축 분뇨 냄새(닭, 돼지, 소)",1:1,155
2021-08-31 08:00:00,35.92509,127.05359,춘포면 쌍정리,5,"가축 분뇨 냄새(닭, 돼지, 소)",12:-7,-1
2021-08-31 17:27:00,36.06415,127.06923,여산면 두여리,3,하수구 냄새,15:23,-1
2021-08-31 21:03:00,35.95352,126.984955,어양동,3,기타,0:-1,156
2021-08-31 21:10:00,35.96042,126.98917,부송동,5,기타,0:0,156
2021-08-31 21:15:00,35.962807,126.98519,부송동,3,기타,0:1,156
2021-08-31 21:17:00,35.95819,126.97393,영등동,3,"가축 분뇨 냄새(닭, 돼지, 소)",-2:0,156
2021-08-31 21:18:00,35.95394,126.98488,어양동,5,"가축 분뇨 냄새(닭, 돼지, 소)",0:-1,156
2021-08-31 21:21:00,35.9543,126.98883,어양동,4,기타,0:-1,156
2021-08-31 21:24:00,35.95383,126.98524,어양동,5,기타,0:-1,156
2021-08-31 21:26:00,35.93137,126.969635,동산동,5,기타,-3:-6,157
2021-08-31 21:29:00,35.96351,126.98772,부송동,4,"가축 분뇨 냄새(닭, 돼지, 소)",0:1,156
2021-08-31 21:31:00,35.96205,126.98608,어양동,3,"가축 분뇨 냄새(닭, 돼지, 소)",0:1,156
2021-08-31 21:32:00,35.928276,126.96336,동산동,4,기타,-4:-7,157
2021-08-31 21:32:00,35.957615,126.97398,영등동,5,기타,-2:0,156
2021-08-31 21:33:00,35.930794,126.96919,동산동,5,기타,-3:-6,157
2021-08-31 21:33:00,35.926754,126.95878,동산동,4,"가축 분뇨 냄새(닭, 돼지, 소)",-5:-7,157
2021-08-31 21:33:00,35.928555,126.96341,동산동,5,기타,-4:-7,157
2021-08-31 21:34:00,35.927475,126.96122,동산동,4,기타,-5:-7,157
2021-08-31 21:43:00,35.956894,126.97242,영등동,5,기타,-3:0,156
2021-08-31 21:52:00,35.943806,126.964134,마동,4,기타,-4:-3,157
2021-08-31 21:59:00,35.936634,126.96875,마동,4,기타,-3:-5,157
2021-08-31 22:01:00,35.9534,126.98435,어양동,4,하수구 냄새,0:-1,156
2021-08-31 22:06:00,35.943985,126.96382,마동,4,"가축 분뇨 냄새(닭, 돼지, 소)",-4:-3,157
2021-08-31 22:11:00,35.957466,126.961205,신동,4,"가축 분뇨 냄새(닭, 돼지, 소)",-5:0,-1
2021-08-31 22:14:00,35.94622,126.96404,마동,4,음식조리 냄새,-4:-3,-1
2021-08-31 22:15:00,35.96095,126.97717,영등동,3,"가축 분뇨 냄새(닭, 돼지, 소)",-2:0,156
2021-08-31 22:30:00,35.953796,126.985146,어양동,5,기타,0:-1,156
2021-08-31 22:41:00,35.95787,126.99823,부송동,4,기타,2:0,156
2021-08-31 22:43:00,35.953796,126.984146,어양동,4,기타,-1:-1,156
2021-08-31 22:45:00,35.961437,126.99388,부송동,5,"가축 분뇨 냄새(닭, 돼지, 소)",1:1,156
2021-08-31 22:46:00,35.964504,126.98683,부송동,4,"가축 분뇨 냄새(닭, 돼지, 소)",0:1,156
2021-08-31 22:48:00,35.959908,126.98897,부송동,5,기타,0:0,156
2021-08-31 22:48:00,35.95524,126.98355,어양동,3,기타,-1:-1,156
2021-08-31 22:49:00,35.953976,126.98461,어양동,3,기타,0:-1,156
2021-08-31 22:49:00,35.962807,126.98519,부송동,5,기타,0:1,156
2021-08-31 22:51:00,35.957184,126.98138,어양동,4,"가축 분뇨 냄새(닭, 돼지, 소)",-1:0,156
2021-08-31 22:54:00,35.960327,126.97379,영등동,4,"가축 분뇨 냄새(닭, 돼지, 소)",-2:0,156
2021-08-31 22:55:00,35.957077,126.98874,부송동,4,기타,0:0,156
2021-08-31 22:55:00,35.954624,126.98406,어양동,3,"가축 분뇨 냄새(닭, 돼지, 소)",-1:-1,156
2021-08-31 22:59:00,35.95156,126.9753,영등동,4,"가축 분뇨 냄새(닭, 돼지, 소)",-2:-2,156
2021-08-31 23:01:00,35.954685,126.97187,영등동,3,기타,-3:-1,156
2021-08-31 23:04:00,35.954624,126.97251,영등동,4,"가축 분뇨 냄새(닭, 돼지, 소)",-3:-1,156
2021-08-31 23:07:00,35.96032,126.97377,영등동,4,기타,-2:0,156
2021-08-31 23:12:00,35.963276,126.974106,영등동,4,"가축 분뇨 냄새(닭, 돼지, 소)",-2:1,156
2021-08-31 23:14:00,35.961185,126.972466,영등동,4,"가축 분뇨 냄새(닭, 돼지, 소)",-3:1,156
2021-08-31 23:16:00,35.94525,126.977036,신흥동,5,기타,-2:-3,156
2021-08-31 23:16:00,35.95675,126.97207,영등동,3,하수구 냄새,-3:0,156
2021-08-31 23:19:00,35.931152,126.96946,동산동,5,"가축 분뇨 냄새(닭, 돼지, 소)",-3:-6,-1
2021-08-31 23:20:00,35.9318,126.96933,동산동,5,기타,-3:-6,-1
2021-08-31 23:22:00,35.961193,126.975105,영등동,5,기타,-2:1,156
2021-08-31 23:23:00,35.95145,126.97327,영등동,5,하수구 냄새,-2:-2,156
2021-08-31 23:27:00,35.95578,126.98373,어양동,4,"가축 분뇨 냄새(닭, 돼지, 소)",-1:-1,156
2021-08-31 23:29:00,35.954082,126.98532,어양동,5,"가축 분뇨 냄새(닭, 돼지, 소)",0:-1,156
2021-08-31 23:31:00,35.96112,126.97575,영등동,4,"가축 분뇨 냄새(닭, 돼지, 소)",-2:1,156
2021-08-31 23:31:00,35.94842,126.96867,영등동,4,"가축 분뇨 냄새(닭, 돼지, 소)",-3:-2,156
2021-09-01 00:00:00,35.942272,126.966156,마동,4,"가축 분뇨 냄새(닭, 돼지, 소)",-4:-4,156
2021-09-01 00:08:00,35.960373,126.96883,영등동,4,"가축 분뇨 냄새(닭, 돼지, 소)",-3:0,158
2021-09-01 00:17:00,35.95754,126.96218,신동,5,기타,-4:0,158
2021-09-01 00:59:00,35.94744,126.9464,모현동1가,5,기타,-7:-3,-1
2021-09-01 01:20:00,35.94744,126.94642,모현동1가,5,기타,-7:-3,-1
2021-09-01 09:24:00,35.9703,126.935165,현영동,5,하수구 냄새,-9:3,-1
2021-09-01 10:00:00,35.928158,126.955055,인화동2가,3,"가축 분뇨 냄새(닭, 돼지, 소)",-6:-7,-1
2021-09-01 17:08:00,35.963512,127.00798,팔봉동,3,하수구 냄새,4:1,-1
2021-09-01 21:22:00,36.096687,126.95998,용안면 동지산리,4,기타,-5:30,-1
2021-09-01 22:39:00,35.961815,126.98432,어양동,4,"가축 분뇨 냄새(닭, 돼지, 소)",0:1,-1
2021-09-02 08:06:00,35.961834,126.98437,어양동,3,"가축 분뇨 냄새(닭, 돼지, 소)",0:1,-1
2021-09-02 11:24:00,35.96151,126.9796,영등동,3,기타,-1:1,-1
2021-09-02 11:53:00,35.961044,126.9941,부송동,3,기타,1:0,-1
2021-09-02 13:30:00,35.970303,126.93525,현영동,5,하수구 냄새,-9:3,-1
2021-09-02 18:03:00,35.963825,127.01469,팔봉동,2,"공장 냄새(화학약품, 매캐함)",5:1,-1
2021-09-02 21:11:00,35.95754,126.99937,부송동,4,음식조리 냄새,2:0,-1
2021-09-02 21:12:00,35.930218,126.97132,동산동,2,"가축 분뇨 냄새(닭, 돼지, 소)",-3:-6,-1
2021-09-02 21:27:00,35.96018,126.98945,부송동,5,"공장 냄새(화학약품, 매캐함)",0:0,-1
2021-09-02 22:20:00,35.94744,126.9464,모현동1가,5,"공장 냄새(화학약품, 매캐함)",-7:-3,-1
2021-09-03 07:57:00,36.07038,126.9881,낭산면 용기리,5,기타,0:25,-1
2021-09-03 12:49:00,35.970325,126.93583,현영동,5,하수구 냄새,-9:3,-1
2021-09-03 16:09:00,36.067604,126.9857,낭산면 용기리,3,기타,0:24,-1
2021-09-03 17:18:00,36.067566,126.98561,낭산면 용기리,5,기타,0:24,-1
2021-09-03 17:40:00,36.067875,126.98588,낭산면 용기리,5,기타,0:24,-1
2021-09-03 18:10:00,36.06782,126.985504,낭산면 용기리,5,기타,0:24,-1
2021-09-03 22:00:00,35.96019,126.96877,영등동,3,하수구 냄새,-3:0,-1
2021-09-03 23:34:00,35.94744,126.9464,모현동1가,4,"공장 냄새(화학약품, 매캐함)",-7:-3,-1
2021-09-03 23:58:00,35.954407,126.98483,어양동,3,"공장 냄새(화학약품, 매캐함)",0:-1,-1
2021-09-04 00:23:00,35.9521,126.97548,영등동,3,"공장 냄새(화학약품, 매캐함)",-2:-1,-1
2021-09-04 00:40:00,35.94744,126.94642,모현동1가,4,"공장 냄새(화학약품, 매캐함)",-7:-3,-1
2021-09-04 01:50:00,35.930214,126.96698,동산동,3,하수구 냄새,-4:-6,-1
2021-09-04 09:09:00,36.07038,126.9881,낭산면 용기리,4,기타,0:25,-1
2021-09-04 18:19:00,35.959164,126.97486,영등동,5,기타,-2:0,-1
2021-09-04 20:09:00,36.11168,126.98509,용동면 용성리,4,기타,0:34,-1
2021-09-04 20:48:00,35.926235,126.95911,동산동,5,기타,-5:-7,-1
2021-09-04 21:08:00,35.93281,126.97088,동산동,5,"가축 분뇨 냄새(닭, 돼지, 소)",-3:-6,-1
2021-09-04 21:12:00,35.961224,126.994194,부송동,4,"공장 냄새(화학약품, 매캐함)",1:1,159
2021-09-04 21:15:00,35.961044,126.9941,부송동,3,기타,1:0,159
2021-09-04 21:29:00,35.961945,126.98607,어양동,4,하수구 냄새,0:1,159
2021-09-04 21:30:00,35.962513,126.98908,부송동,3,"가축 분뇨 냄새(닭, 돼지, 소)",0:1,159
2021-09-04 21:38:00,35.954506,126.95012,모현동1가,2,"가축 분뇨 냄새(닭, 돼지, 소)",-7:-1,-1
2021-09-04 21:58:00,35.962807,126.98519,부송동,3,"가축 분뇨 냄새(닭, 돼지, 소)",0:1,159
2021-09-04 22:17:00,35.957764,126.99973,부송동,5,음식조리 냄새,2:0,-1
2021-09-04 22:38:00,35.96544,127.015564,팔봉동,4,기타,5:1,-1
2021-09-04 22:39:00,35.96179,126.98434,어양동,3,"가축 분뇨 냄새(닭, 돼지, 소)",0:1,159
2021-09-04 22:42:00,35.957653,126.999825,부송동,5,"공장 냄새(화학약품, 매캐함)",2:0,159
2021-09-04 22:47:00,35.956997,126.95868,신동,3,"공장 냄새(화학약품, 매캐함)",-5:0,-1
2021-09-04 22:49:00,35.9605,126.97455,영등동,3,"공장 냄새(화학약품, 매캐함)",-2:0,159
2021-09-04 22:49:00,35.960537,126.985725,어양동,4,"공장 냄새(화학약품, 매캐함)",0:0,159
2021-09-04 23:26:00,35.95994,126.98926,부송동,5,"공장 냄새(화학약품, 매캐함)",0:0,159
2021-09-04 23:27:00,35.960392,126.98909,부송동,3,"공장 냄새(화학약품, 매캐함)",0:0,159
2021-09-04 23:33:00,35.933037,126.963356,동산동,3,기타,-4:-6,-1
2021-09-05 00:01:00,35.9265,126.958916,동산동,3,"가축 분뇨 냄새(닭, 돼지, 소)",-5:-7,-1
2021-09-05 01:09:00,35.94744,126.94642,모현동1가,5,"공장 냄새(화학약품, 매캐함)",-7:-3,-1
2021-09-05 02:34:00,35.93304,126.96332,동산동,3,"공장 냄새(화학약품, 매캐함)",-4:-6,-1
2021-09-05 07:55:00,36.07038,126.9881,낭산면 용기리,4,기타,0:25,160
2021-09-05 07:59:00,36.07038,126.9881,낭산면 용기리,5,기타,0:25,160
2021-09-05 08:09:00,36.07038,126.9881,낭산면 용기리,5,기타,0:25,160
2021-09-05 08:31:00,36.06771,126.985146,낭산면 용기리,5,기타,0:24,160
2021-09-05 08:31:00,36.067947,126.98582,낭산면 용기리,4,기타,0:24,160
2021-09-05 11:07:00,35.96497,126.982796,어양동,4,"공장 냄새(화학약품, 매캐함)",-1:1,-1
2021-09-05 15:46:00,35.95743,126.99568,부송동,4,하수구 냄새,2:0,-1
2021-09-05 16:27:00,36.068127,126.9861,낭산면 용기리,5,기타,0:24,-1
2021-09-05 16:47:00,35.953617,126.98466,어양동,5,"가축 분뇨 냄새(닭, 돼지, 소)",0:-1,-1
2021-09-05 17:03:00,36.068108,126.9861,낭산면 용기리,4,기타,0:24,-1
2021-09-05 17:09:00,36.06753,126.98533,낭산면 용기리,4,기타,0:24,-1
2021-09-05 17:19:00,35.957977,126.99827,부송동,5,"공장 냄새(화학약품, 매캐함)",2:0,-1
2021-09-05 19:26:00,35.957508,126.99942,부송동,5,"공장 냄새(화학약품, 매캐함)",2:0,-1
2021-09-05 20:07:00,35.960537,126.9859,어양동,3,"공장 냄새(화학약품, 매캐함)",0:0,-1
2021-09-05 20:18:00,35.954247,126.984726,어양동,4,"공장 냄새(화학약품, 매캐함)",0:-1,-1
2021-09-05 23:31:00,35.94744,126.94642,모현동1가,3,기타,-7:-3,-1
2021-09-06 00:48:00,35.933746,126.96988,동산동,5,"가축 분뇨 냄새(닭, 돼지, 소)",-3:-6,-1
2021-09-06 07:39:00,36.06755,126.98524,낭산면 용기리,5,기타,0:24,-1
2021-09-06 07:41:00,36.068054,126.98506,낭산면 용기리,5,기타,0:24,-1
2021-09-06 07:56:00,35.95715,126.98887,부송동,4,기타,0:0,-1
2021-09-06 07:59:00,35.95426,126.97756,영등동,5,"가축 분뇨 냄새(닭, 돼지, 소)",-2:-1,-1
2021-09-06 08:02:00,35.96097,126.994194,부송동,4,"가축 분뇨 냄새(닭, 돼지, 소)",1:0,-1
2021-09-06 08:38:00,35.958244,126.97391,영등동,3,기타,-2:0,-1
2021-09-06 11:12:00,35.96018,126.98967,부송동,5,"공장 냄새(화학약품, 매캐함)",0:0,-1
2021-09-06 12:36:00,35.95971,126.98346,어양동,5,"공장 냄새(화학약품, 매캐함)",-1:0,-1
2021-09-06 13:20:00,36.06789,126.985794,낭산면 용기리,5,기타,0:24,-1
2021-09-06 18:40:00,35.94744,126.9464,모현동1가,4,"공장 냄새(화학약품, 매캐함)",-7:-3,-1
2021-09-07 10:13:00,35.95557,127.039856,춘포면 창평리,3,기타,10:-1,-1
2021-09-07 13:40:00,35.970577,126.93581,현영동,5,하수구 냄새,-9:3,-1
2021-09-08 12:09:00,35.94531,126.97328,신흥동,5,"공장 냄새(화학약품, 매캐함)",-2:-3,-1
2021-09-08 19:24:00,35.964394,126.97441,영등동,4,"공장 냄새(화학약품, 매캐함)",-2:1,-1
2021-09-08 20:33:00,35.956264,126.995125,부송동,3,"가축 분뇨 냄새(닭, 돼지, 소)",1:-1,-1
2021-09-09 00:38:00,35.961853,126.98617,어양동,4,하수구 냄새,0:1,-1
2021-09-09 06:34:00,35.96364,126.986855,부송동,3,하수구 냄새,0:1,-1
2021-09-09 14:51:00,35.970318,126.935455,현영동,5,하수구 냄새,-9:3,-1
2021-09-10 00:35:00,35.96562,127.01583,팔봉동,3,음식조리 냄새,5:2,-1
2021-09-10 00:37:00,35.96544,127.015564,팔봉동,4,"가축 분뇨 냄새(닭, 돼지, 소)",5:1,-1
2021-09-10 01:48:00,35.94744,126.94642,모현동1가,5,기타,-7:-3,-1
2021-09-10 06:36:00,35.928738,126.96314,동산동,4,하수구 냄새,-4:-7,-1
2021-09-10 08:28:00,35.953384,126.95919,남중동,4,하수구 냄새,-5:-1,-1
2021-09-11 00:19:00,35.95744,126.998405,부송동,4,"공장 냄새(화학약품, 매캐함)",2:0,-1
2021-09-11 00:21:00,35.960464,126.985725,어양동,4,"공장 냄새(화학약품, 매캐함)",0:0,-1
2021-09-11 00:39:00,35.965717,126.98429,부송동,3,"가축 분뇨 냄새(닭, 돼지, 소)",0:2,-1
2021-09-11 00:39:00,35.933697,126.96997,동산동,5,"가축 분뇨 냄새(닭, 돼지, 소)",-3:-6,-1
2021-09-11 00:46:00,35.957287,126.962265,신동,5,기타,-4:0,-1
2021-09-11 06:19:00,35.926754,126.95878,동산동,5,기타,-5:-7,-1
2021-09-11 21:10:00,36.067493,126.98539,낭산면 용기리,5,기타,0:24,-1
2021-09-11 21:11:00,36.067875,126.98512,낭산면 용기리,5,기타,0:24,-1
2021-09-11 21:12:00,36.06791,126.98617,낭산면 용기리,5,기타,0:24,-1
2021-09-11 22:39:00,35.965603,126.93144,만석동,3,"가축 분뇨 냄새(닭, 돼지, 소)",-10:1,-1
2021-09-11 23:14:00,35.97368,126.934006,현영동,4,"가축 분뇨 냄새(닭, 돼지, 소)",-10:3,-1
2021-09-11 23:30:00,35.92509,127.05359,춘포면 쌍정리,5,"가축 분뇨 냄새(닭, 돼지, 소)",12:-7,-1
2021-09-12 00:25:00,35.93237,126.941315,평화동,4,"가축 분뇨 냄새(닭, 돼지, 소)",-8:-6,-1
2021-09-12 01:01:00,35.961906,126.9859,어양동,4,"공장 냄새(화학약품, 매캐함)",0:1,-1
2021-09-12 04:16:00,35.945522,126.93124,오산면 장신리,5,"공장 냄새(화학약품, 매캐함)",-10:-3,-1
2021-09-12 09:03:00,35.96497,126.982925,어양동,4,"공장 냄새(화학약품, 매캐함)",-1:1,-1
2021-09-12 17:06:00,36.068253,126.98568,낭산면 용기리,5,기타,0:24,-1
2021-09-12 18:50:00,35.957344,126.976364,영등동,4,"공장 냄새(화학약품, 매캐함)",-2:0,-1
2021-09-12 19:30:00,35.92198,127.06772,왕궁면 온수리,4,"가축 분뇨 냄새(닭, 돼지, 소)",15:-8,-1
2021-09-12 20:21:00,35.92509,127.05359,춘포면 쌍정리,5,기타,12:-7,-1
2021-09-12 20:25:00,36.03635,126.985886,삼기면 오룡리,4,기타,0:17,-1
2021-09-12 20:27:00,35.94744,126.9464,모현동1가,4,"공장 냄새(화학약품, 매캐함)",-7:-3,-1
2021-09-12 20:46:00,35.95733,126.9996,부송동,3,"공장 냄새(화학약품, 매캐함)",2:0,-1
2021-09-12 20:56:00,35.960392,126.99446,부송동,3,"공장 냄새(화학약품, 매캐함)",1:0,-1
2021-09-12 21:00:00,35.957157,126.99477,부송동,3,"공장 냄새(화학약품, 매캐함)",1:0,-1
2021-09-12 21:10:00,35.934074,126.970856,동산동,4,기타,-3:-5,-1
2021-09-12 21:15:00,35.956635,126.994965,부송동,3,"공장 냄새(화학약품, 매캐함)",1:0,-1
2021-09-12 21:16:00,35.95826,126.96204,신동,5,"공장 냄새(화학약품, 매캐함)",-4:0,-1
2021-09-12 21:22:00,35.9667,127.01641,팔봉동,4,"공장 냄새(화학약품, 매캐함)",5:2,-1
2021-09-12 21:52:00,35.96544,127.015564,팔봉동,3,"공장 냄새(화학약품, 매캐함)",5:1,161
2021-09-12 22:03:00,35.96644,127.01568,팔봉동,2,"공장 냄새(화학약품, 매캐함)",5:2,161
2021-09-12 22:09:00,35.965153,127.0157,팔봉동,3,"공장 냄새(화학약품, 매캐함)",5:1,161
2021-09-12 22:19:00,35.926754,126.95878,동산동,3,"공장 냄새(화학약품, 매캐함)",-5:-7,-1
2021-09-12 22:23:00,35.96553,127.01641,팔봉동,3,"공장 냄새(화학약품, 매캐함)",5:1,161
2021-09-12 22:27:00,35.953686,126.985016,어양동,5,기타,0:-1,-1
2021-09-12 23:17:00,35.961475,126.99366,부송동,4,"공장 냄새(화학약품, 매캐함)",1:1,162
2021-09-12 23:24:00,35.957005,126.98843,부송동,4,기타,0:0,162
2021-09-12 23:34:00,35.95742,126.995766,부송동,5,기타,2:0,162
2021-09-12 23:56:00,35.956573,126.994194,부송동,5,"공장 냄새(화학약품, 매캐함)",1:0,162
2021-09-13 00:11:00,35.96104,126.974014,영등동,3,"공장 냄새(화학약품, 매캐함)",-2:0,162
2021-09-13 00:16:00,35.95989,126.98898,부송동,4,"가축 분뇨 냄새(닭, 돼지, 소)",0:0,162
2021-09-13 00:22:00,35.953724,126.98488,어양동,5,기타,0:-1,162
2021-09-13 00:23:00,35.96032,126.97377,영등동,5,기타,-2:0,162
2021-09-13 00:24:00,35.96032,126.97377,영등동,5,기타,-2:0,162
2021-09-13 00:28:00,35.95512,126.986565,어양동,5,"가축 분뇨 냄새(닭, 돼지, 소)",0:-1,162
2021-09-13 00:34:00,35.96151,126.9796,영등동,4,하수구 냄새,-1:1,162
2021-09-13 00:39:00,35.94856,126.964005,영등동,4,"가축 분뇨 냄새(닭, 돼지, 소)",-4:-2,-1
2021-09-13 00:40:00,35.961006,126.978584,영등동,5,"공장 냄새(화학약품, 매캐함)",-2:0,162
2021-09-13 00:41:00,35.963707,126.974236,영등동,3,"가축 분뇨 냄새(닭, 돼지, 소)",-2:1,162
2021-09-13 00:46:00,35.957146,126.97233,영등동,5,"가축 분뇨 냄새(닭, 돼지, 소)",-3:0,162
2021-09-13 00:51:00,35.95709,126.96224,신동,5,기타,-4:0,162
2021-09-13 02:50:00,35.960007,126.98544,어양동,4,"가축 분뇨 냄새(닭, 돼지, 소)",0:0,-1
2021-09-13 16:05:00,35.963383,126.97362,영등동,4,"공장 냄새(화학약품, 매캐함)",-2:1,-1
2021-09-13 16:35:00,35.931404,126.96915,동산동,5,"공장 냄새(화학약품, 매캐함)",-3:-6,-1
2021-09-13 16:47:00,36.067875,126.98595,낭산면 용기리,5,기타,0:24,-1
2021-09-13 16:48:00,36.067677,126.98541,낭산면 용기리,5,기타,0:24,-1
2021-09-13 17:54:00,36.067677,126.98546,낭산면 용기리,5,기타,0:24,-1
2021-09-13 19:44:00,35.96122,126.974815,영등동,4,"공장 냄새(화학약품, 매캐함)",-2:1,-1
2021-09-13 19:52:00,35.917583,127.06601,왕궁면 온수리,4,기타,14:-9,-1
2021-09-13 22:58:00,35.953243,126.94369,모현동1가,4,"공장 냄새(화학약품, 매캐함)",-8:-1,-1
2021-09-13 23:57:00,36.07038,126.9881,낭산면 용기리,4,기타,0:25,-1
2021-09-14 14:32:00,36.06764,126.98528,낭산면 용기리,5,기타,0:24,-1
2021-09-14 16:50:00,36.07038,126.9881,낭산면 용기리,5,기타,0:25,-1
2021-09-14 19:59:00,35.954266,127.011375,팔봉동,3,"공장 냄새(화학약품, 매캐함)",4:-1,-1
2021-09-15 05:34:00,36.07038,126.9881,낭산면 용기리,4,기타,0:25,-1
2021-09-15 07:36:00,36.07038,126.9881,낭산면 용기리,4,기타,0:25,-1
2021-09-15 19:29:00,36.095665,126.929596,성당면 갈산리,3,"가축 분뇨 냄새(닭, 돼지, 소)",-10:30,-1
2021-09-15 19:57:00,36.06773,126.98588,낭산면 용기리,5,기타,0:24,-1
2021-09-15 19:58:00,36.067585,126.985344,낭산면 용기리,5,기타,0:24,-1
2021-09-15 20:00:00,36.06782,126.98494,낭산면 용기리,5,기타,0:24,-1
2021-09-15 20:02:00,36.06771,126.98519,낭산면 용기리,5,기타,0:24,163
2021-09-15 21:02:00,36.07038,126.9881,낭산면 용기리,5,기타,0:25,163
2021-09-16 08:39:00,36.067764,126.985306,낭산면 용기리,5,기타,0:24,-1
2021-09-16 08:41:00,36.06782,126.98561,낭산면 용기리,5,기타,0:24,-1
2021-09-16 13:06:00,36.067623,126.98517,낭산면 용기리,5,기타,0:24,-1
2021-09-16 13:07:00,36.068108,126.9859,낭산면 용기리,5,기타,0:24,-1
2021-09-16 13:08:00,36.06769,126.985214,낭산면 용기리,5,기타,0:24,-1
2021-09-16 15:06:00,35.95853,126.961914,신동,3,기타,-5:0,-1
2021-09-16 16:43:00,35.94856,126.96401,영등동,4,기타,-4:-2,-1
2021-09-16 19:55:00,35.94744,126.9464,모현동1가,5,"공장 냄새(화학약품, 매캐함)",-7:-3,-1
2021-09-16 19:59:00,35.957546,126.9992,부송동,4,"공장 냄새(화학약품, 매캐함)",2:0,-1
2021-09-16 20:07:00,35.94744,126.94642,모현동1가,4,"공장 냄새(화학약품, 매캐함)",-7:-3,-1
2021-09-16 20:53:00,36.07038,126.9881,낭산면 용기리,4,기타,0:25,-1
2021-09-16 20:56:00,36.067585,126.985344,낭산면 용기리,5,기타,0:24,-1
2021-09-16 20:57:00,36.067604,126.98512,낭산면 용기리,5,기타,0:24,-1
2021-09-16 20:59:00,36.068016,126.985016,낭산면 용기리,5,기타,0:24,-1
2021-09-16 21:29:00,35.957504,126.961205,신동,5,"가축 분뇨 냄새(닭, 돼지, 소)",-5:0,-1
2021-09-16 21:41:00,35.95826,126.96204,신동,5,"공장 냄새(화학약품, 매캐함)",-4:0,-1
2021-09-16 22:59:00,36.067604,126.9857,낭산면 용기리,5,기타,0:24,-1
2021-09-17 11:08:00,35.97028,126.9356,현영동,5,하수구 냄새,-9:3,-1
2021-09-17 17:38:00,36.07038,126.9881,낭산면 용기리,5,하수구 냄새,0:25,-1
2021-09-17 18:24:00,36.07038,126.9881,낭산면 용기리,5,"가축 분뇨 냄새(닭, 돼지, 소)",0:25,-1
2021-09-18 15:50:00,36.07038,126.9881,낭산면 용기리,3,"가축 분뇨 냄새(닭, 돼지, 소)",0:25,-1
2021-09-18 16:01:00,36.07038,126.9881,낭산면 용기리,3,"가축 분뇨 냄새(닭, 돼지, 소)",0:25,-1
2021-09-18 16:25:00,36.07038,126.9881,낭산면 용기리,5,기타,0:25,-1
2021-09-18 17:39:00,36.067604,126.98553,낭산면 용기리,4,기타,0:24,-1
2021-09-18 19:50:00,35.917583,127.06601,왕궁면 온수리,3,"가축 분뇨 냄새(닭, 돼지, 소)",14:-9,-1
2021-09-18 21:34:00,35.95109,126.9836,어양동,5,기타,-1:-2,-1
2021-09-18 21:39:00,35.95369,126.988525,어양동,4,기타,0:-1,-1
2021-09-18 21:43:00,35.931297,126.96946,동산동,4,기타,-3:-6,-1
2021-09-18 21:48:00,35.953686,126.98453,어양동,3,"공장 냄새(화학약품, 매캐함)",0:-1,-1
2021-09-18 22:46:00,36.03301,126.92388,황등면 구자리,4,기타,-11:16,-1
2021-09-18 23:56:00,36.07038,126.9881,낭산면 용기리,4,기타,0:25,-1
2021-09-19 00:29:00,35.931335,126.968796,동산동,4,기타,-3:-6,-1
2021-09-19 00:35:00,35.926754,126.95878,동산동,5,기타,-5:-7,-1
2021-09-19 00:46:00,35.957764,126.99805,부송동,3,"공장 냄새(화학약품, 매캐함)",2:0,-1
2021-09-19 01:49:00,35.931404,126.96955,동산동,5,기타,-3:-6,-1
2021-09-19 02:22:00,35.956985,127.015564,팔봉동,5,음식조리 냄새,5:0,-1
2021-09-19 03:22:00,35.95762,126.999245,부송동,4,"공장 냄새(화학약품, 매캐함)",2:0,-1
2021-09-19 05:03:00,35.956573,126.994194,부송동,4,"공장 냄새(화학약품, 매캐함)",1:0,-1
2021-09-19 06:44:00,35.958122,126.99792,부송동,4,"가축 분뇨 냄새(닭, 돼지, 소)",2:0,-1
2021-09-19 16:10:00,36.07038,126.9881,낭산면 용기리,3,"가축 분뇨 냄새(닭, 돼지, 소)",0:25,-1
2021-09-19 17:47:00,36.068035,126.986145,낭산면 용기리,5,기타,0:24,164
2021-09-19 17:48:00,36.067425,126.98512,낭산면 용기리,5,기타,0:24,164
2021-09-19 17:50:00,36.067585,126.98531,낭산면 용기리,5,기타,0:24,164
2021-09-19 17:53:00,36.07038,126.9881,낭산면 용기리,5,"가축 분뇨 냄새(닭, 돼지, 소)",0:25,164
2021-09-19 17:56:00,36.07038,126.9881,낭산면 용기리,4,"가축 분뇨 냄새(닭, 돼지, 소)",0:25,164
2021-09-19 17:58:00,36.07025,126.98792,낭산면 용기리,5,"가축 분뇨 냄새(닭, 돼지, 소)",0:25,164
2021-09-19 18:09:00,36.067406,126.98577,낭산면 용기리,5,기타,0:24,164
2021-09-19 18:14:00,36.07038,126.9881,낭산면 용기리,5,"가축 분뇨 냄새(닭, 돼지, 소)",0:25,164
2021-09-19 18:15:00,36.06764,126.985634,낭산면 용기리,5,기타,0:24,164
2021-09-19 18:20:00,36.07038,126.9881,낭산면 용기리,5,"가축 분뇨 냄새(닭, 돼지, 소)",0:25,164
2021-09-19 18:27:00,36.07038,126.9881,낭산면 용기리,5,"가축 분뇨 냄새(닭, 돼지, 소)",0:25,164
2021-09-19 19:22:00,35.917583,127.06601,왕궁면 온수리,5,"가축 분뇨 냄새(닭, 돼지, 소)",14:-9,-1
2021-09-19 21:12:00,35.9574,126.99942,부송동,5,"공장 냄새(화학약품, 매캐함)",2:0,165
2021-09-19 21:17:00,35.956573,126.994194,부송동,5,"공장 냄새(화학약품, 매캐함)",1:0,165
2021-09-19 21:22:00,35.93963,126.98621,신흥동,5,"가축 분뇨 냄새(닭, 돼지, 소)",0:-4,-1
2021-09-19 21:22:00,35.96038,126.98913,부송동,5,"공장 냄새(화학약품, 매캐함)",0:0,165
2021-09-19 21:32:00,35.95625,126.99521,부송동,3,"가축 분뇨 냄새(닭, 돼지, 소)",1:-1,165
2021-09-19 21:34:00,35.9604,126.968864,영등동,3,"가축 분뇨 냄새(닭, 돼지, 소)",-3:0,-1
2021-09-19 21:45:00,35.957294,126.99778,부송동,3,"공장 냄새(화학약품, 매캐함)",2:0,165
2021-09-19 22:21:00,36.03301,126.92388,황등면 구자리,4,기타,-11:16,-1
2021-09-19 23:42:00,35.94669,126.960724,남중동,4,"공장 냄새(화학약품, 매캐함)",-5:-3,-1
2021-09-20 07:29:00,35.957653,126.99978,부송동,5,"공장 냄새(화학약품, 매캐함)",2:0,-1
2021-09-20 07:30:00,35.95769,126.99973,부송동,5,"가축 분뇨 냄새(닭, 돼지, 소)",2:0,-1
2021-09-20 07:55:00,35.953606,126.98826,어양동,4,기타,0:-1,-1
2021-09-20 17:58:00,35.95465,126.95014,모현동1가,5,"가축 분뇨 냄새(닭, 돼지, 소)",-7:-1,-1
2021-09-20 18:23:00,35.95321,126.95198,모현동1가,2,"가축 분뇨 냄새(닭, 돼지, 소)",-6:-1,-1
2021-09-20 18:23:00,35.93198,126.95696,주현동,5,기타,-5:-6,-1
2021-09-20 19:11:00,35.952118,126.932785,모현동2가,5,기타,-10:-1,-1
2021-09-20 23:09:00,35.928627,126.96341,동산동,4,"가축 분뇨 냄새(닭, 돼지, 소)",-4:-7,-1
2021-09-20 23:12:00,35.930553,126.95727,동산동,5,하수구 냄새,-5:-6,-1
2021-09-20 23:13:00,35.94744,126.9464,모현동1가,4,기타,-7:-3,-1
2021-09-20 23:17:00,35.933235,126.94664,평화동,5,기타,-7:-6,-1
2021-09-20 23:18:00,35.948032,126.94052,모현동1가,5,기타,-8:-2,-1
2021-09-21 15:17:00,35.954998,126.98848,어양동,3,"가축 분뇨 냄새(닭, 돼지, 소)",0:-1,-1
2021-09-21 21:37:00,35.95697,126.9886,부송동,4,기타,0:0,166
2021-09-21 21:49:00,35.957565,126.99001,부송동,3,기타,1:0,166
2021-09-21 22:20:00,35.961296,126.99428,부송동,5,하수구 냄새,1:1,166
2021-09-21 22:22:00,35.962772,126.991844,부송동,2,"가축 분뇨 냄새(닭, 돼지, 소)",1:1,166
2021-09-21 22:23:00,35.954014,126.984795,어양동,4,기타,0:-1,166
2021-09-21 22:23:00,35.960358,126.98919,부송동,5,"가축 분뇨 냄새(닭, 돼지, 소)",0:0,166
2021-09-21 22:24:00,35.953255,126.984215,어양동,4,"가축 분뇨 냄새(닭, 돼지, 소)",0:-1,166
2021-09-21 22:25:00,35.963303,126.98544,부송동,4,기타,0:1,166
2021-09-21 22:26:00,35.957077,126.981026,어양동,3,기타,-1:0,166
2021-09-21 22:28:00,35.953148,126.98519,어양동,5,"가축 분뇨 냄새(닭, 돼지, 소)",0:-1,166
2021-09-21 22:29:00,35.964504,126.98683,부송동,4,기타,0:1,166
2021-09-21 22:32:00,35.95587,126.980896,어양동,4,하수구 냄새,-1:-1,166
2021-09-21 22:35:00,35.9583,126.97395,영등동,4,기타,-2:0,166
2021-09-21 22:39:00,35.95756,126.97399,영등동,5,"가축 분뇨 냄새(닭, 돼지, 소)",-2:0,166
2021-09-21 22:40:00,35.96032,126.97377,영등동,5,"가축 분뇨 냄새(닭, 돼지, 소)",-2:0,166
2021-09-21 22:40:00,35.95585,126.98089,어양동,4,하수구 냄새,-1:-1,166
2021-09-21 22:40:00,35.962666,126.984344,어양동,4,"가축 분뇨 냄새(닭, 돼지, 소)",0:1,166
2021-09-21 22:40:00,35.96032,126.97377,영등동,5,"가축 분뇨 냄새(닭, 돼지, 소)",-2:0,166
2021-09-21 23:01:00,35.953976,126.98129,어양동,4,기타,-1:-1,166
2021-09-21 23:19:00,35.96018,126.984566,어양동,5,"가축 분뇨 냄새(닭, 돼지, 소)",0:0,166
2021-09-21 23:27:00,35.965893,126.98615,부송동,5,"가축 분뇨 냄새(닭, 돼지, 소)",0:2,166
2021-09-21 23:30:00,35.953182,126.98426,어양동,4,기타,0:-1,166
2021-09-21 23:31:00,35.96436,126.98341,어양동,5,기타,-1:1,166
2021-09-21 23:37:00,35.96032,126.97377,영등동,4,기타,-2:0,166
2021-09-21 23:43:00,35.956318,126.9802,어양동,2,기타,-1:-1,166
2021-09-21 23:51:00,35.95711,126.97193,영등동,5,기타,-3:0,166
2021-09-22 00:07:00,35.963383,126.97362,영등동,5,음식조리 냄새,-2:1,166
2021-09-22 00:12:00,35.960354,126.96864,영등동,3,"가축 분뇨 냄새(닭, 돼지, 소)",-3:0,166
2021-09-22 00:23:00,35.951523,126.975685,영등동,4,"가축 분뇨 냄새(닭, 돼지, 소)",-2:-2,166
2021-09-22 00:42:00,35.947662,126.96861,영등동,4,기타,-3:-2,-1
2021-09-22 00:57:00,35.964085,126.97408,영등동,5,기타,-2:1,-1
2021-09-22 01:14:00,35.954605,126.981575,어양동,3,기타,-1:-1,-1
2021-09-22 21:50:00,35.92509,127.05359,춘포면 쌍정리,5,"가축 분뇨 냄새(닭, 돼지, 소)",12:-7,-1
2021-09-22 23:20:00,35.957836,126.999954,부송동,4,음식조리 냄새,2:0,-1
2021-09-23 04:30:00,35.959743,126.9836,어양동,4,"가축 분뇨 냄새(닭, 돼지, 소)",-1:0,-1
2021-09-23 06:35:00,35.957653,126.999466,부송동,5,음식조리 냄새,2:0,-1
2021-09-23 06:35:00,35.961113,126.97517,영등동,4,"가축 분뇨 냄새(닭, 돼지, 소)",-2:1,167
2021-09-23 06:47:00,35.96335,126.98448,부송동,5,"가축 분뇨 냄새(닭, 돼지, 소)",0:1,167
2021-09-23 06:52:00,35.958157,126.97386,영등동,4,하수구 냄새,-2:0,167
2021-09-23 07:05:00,35.961437,126.97211,영등동,4,"가축 분뇨 냄새(닭, 돼지, 소)",-3:1,167
2021-09-23 07:35:00,35.958572,126.98348,어양동,4,"가축 분뇨 냄새(닭, 돼지, 소)",-1:0,167
2021-09-23 07:39:00,35.928738,126.96312,동산동,3,기타,-4:-7,-1
2021-09-23 08:15:00,35.957546,126.99845,부송동,4,"가축 분뇨 냄새(닭, 돼지, 소)",2:0,-1
2021-09-23 08:18:00,35.953545,126.985016,어양동,5,"가축 분뇨 냄새(닭, 돼지, 소)",0:-1,167
2021-09-23 08:20:00,35.96555,127.01588,팔봉동,5,"가축 분뇨 냄새(닭, 돼지, 소)",5:1,-1
2021-09-23 08:32:00,35.9271,126.95346,인화동2가,3,기타,-6:-7,-1
2021-09-23 08:50:00,35.966396,127.01581,팔봉동,4,"가축 분뇨 냄새(닭, 돼지, 소)",5:2,-1
2021-09-23 08:50:00,35.965458,127.015564,팔봉동,3,기타,5:1,-1
2021-09-23 08:54:00,35.96544,127.015564,팔봉동,4,"가축 분뇨 냄새(닭, 돼지, 소)",5:1,-1
2021-09-23 18:41:00,35.954014,126.98482,어양동,5,기타,0:-1,-1
2021-09-23 20:13:00,36.06753,126.985214,낭산면 용기리,5,기타,0:24,-1
2021-09-23 20:14:00,36.06791,126.98592,낭산면 용기리,5,기타,0:24,-1
2021-09-23 20:14:00,36.067863,126.98587,낭산면 용기리,5,기타,0:24,-1
2021-09-23 20:14:00,36.06753,126.985725,낭산면 용기리,5,기타,0:24,-1
2021-09-23 21:35:00,35.92509,127.05359,춘포면 쌍정리,5,"가축 분뇨 냄새(닭, 돼지, 소)",12:-7,-1
2021-09-23 22:07:00,35.95834,126.99885,부송동,5,음식조리 냄새,2:0,-1
2021-09-23 22:08:00,35.954082,126.9851,어양동,5,"공장 냄새(화학약품, 매캐함)",0:-1,-1
2021-09-23 22:13:00,35.960457,126.989204,부송동,5,"공장 냄새(화학약품, 매캐함)",0:0,-1
2021-09-23 22:51:00,35.95715,126.99471,부송동,3,"공장 냄새(화학약품, 매캐함)",1:0,168
2021-09-23 23:15:00,35.961475,126.99415,부송동,5,"공장 냄새(화학약품, 매캐함)",1:1,168
2021-09-23 23:15:00,35.960537,126.99415,부송동,5,"공장 냄새(화학약품, 매캐함)",1:0,168
2021-09-24 00:03:00,35.955093,126.98674,어양동,5,하수구 냄새,0:-1,-1
2021-09-24 01:04:00,35.942616,126.96617,마동,3,"공장 냄새(화학약품, 매캐함)",-4:-4,-1
2021-09-24 02:46:00,35.953182,126.984436,어양동,2,음식조리 냄새,0:-1,-1
2021-09-24 02:49:00,35.963024,126.98311,어양동,3,"공장 냄새(화학약품, 매캐함)",-1:1,-1
2021-09-24 08:46:00,35.92509,127.05359,춘포면 쌍정리,2,"가축 분뇨 냄새(닭, 돼지, 소)",12:-7,-1
2021-09-24 16:26:00,36.067604,126.9857,낭산면 용기리,5,기타,0:24,-1
2021-09-24 16:26:00,36.068287,126.98624,낭산면 용기리,5,기타,0:24,-1
2021-09-24 21:43:00,35.953903,126.98439,어양동,3,음식조리 냄새,0:-1,-1
2021-09-24 21:51:00,35.94744,126.94642,모현동1가,5,"공장 냄새(화학약품, 매캐함)",-7:-3,-1
2021-09-24 21:52:00,35.94744,126.9464,모현동1가,5,"공장 냄새(화학약품, 매캐함)",-7:-3,-1
2021-09-24 22:13:00,36.06746,126.985146,낭산면 용기리,5,기타,0:24,-1
2021-09-24 22:13:00,36.067623,126.985504,낭산면 용기리,5,기타,0:24,-1
2021-09-24 22:53:00,35.93108,126.96977,동산동,5,기타,-3:-6,169
2021-09-24 22:56:00,35.927494,126.96658,동산동,3,기타,-4:-7,169
2021-09-24 22:57:00,35.933517,126.9673,동산동,1,기타,-4:-6,169
2021-09-24 23:06:00,35.957508,126.99479,부송동,4,"공장 냄새(화학약품, 매캐함)",1:0,170
2021-09-24 23:11:00,35.94855,126.964,영등동,4,"공장 냄새(화학약품, 매캐함)",-4:-2,-1
2021-09-24 23:12:00,35.92852,126.96658,동산동,4,기타,-4:-7,169
2021-09-24 23:13:00,35.92953,126.97168,동산동,5,"가축 분뇨 냄새(닭, 돼지, 소)",-3:-6,169
2021-09-24 23:14:00,35.957726,126.99783,부송동,3,"공장 냄새(화학약품, 매캐함)",2:0,170
2021-09-24 23:22:00,35.948048,126.9374,모현동1가,5,"공장 냄새(화학약품, 매캐함)",-9:-2,-1
2021-09-24 23:23:00,35.95495,126.98434,어양동,5,"공장 냄새(화학약품, 매캐함)",0:-1,170
2021-09-24 23:26:00,35.95888,126.997574,부송동,4,"공장 냄새(화학약품, 매캐함)",2:0,170
2021-09-24 23:26:00,35.95672,126.99344,부송동,4,"공장 냄새(화학약품, 매캐함)",1:0,170
2021-09-25 00:15:00,35.94744,126.94642,모현동1가,5,"공장 냄새(화학약품, 매캐함)",-7:-3,-1
2021-09-25 00:36:00,35.946335,126.93388,모현동1가,3,"공장 냄새(화학약품, 매캐함)",-10:-3,-1
2021-09-25 08:19:00,36.07038,126.9881,낭산면 용기리,4,기타,0:25,-1
2021-09-25 10:23:00,36.068054,126.98617,낭산면 용기리,5,기타,0:24,-1
2021-09-25 10:24:00,36.06782,126.985855,낭산면 용기리,5,기타,0:24,-1
2021-09-25 17:34:00,36.07038,126.9881,낭산면 용기리,5,"가축 분뇨 냄새(닭, 돼지, 소)",0:25,171
2021-09-25 17:46:00,36.06679,126.983955,함열읍 흘산리,5,기타,-1:24,171
2021-09-25 17:50:00,36.067604,126.9857,낭산면 용기리,5,기타,0:24,171
2021-09-25 17:52:00,36.067566,126.98566,낭산면 용기리,5,기타,0:24,171
2021-09-25 17:53:00,36.067577,126.98443,낭산면 용기리,5,기타,0:24,171
2021-09-25 17:54:00,36.066982,126.98396,함열읍 흘산리,5,하수구 냄새,-1:24,171
2021-09-25 21:25:00,35.962772,126.991486,부송동,3,"가축 분뇨 냄새(닭, 돼지, 소)",1:1,-1
2021-09-25 22:18:00,36.067604,126.9857,낭산면 용기리,5,기타,0:24,-1
2021-09-25 22:32:00,36.067604,126.98568,낭산면 용기리,5,"가축 분뇨 냄새(닭, 돼지, 소)",0:24,-1
2021-09-26 10:54:00,36.07038,126.9881,낭산면 용기리,3,"가축 분뇨 냄새(닭, 돼지, 소)",0:25,-1
2021-09-26 15:40:00,36.067493,126.985344,낭산면 용기리,5,기타,0:24,172
2021-09-26 15:41:00,36.06809,126.98592,낭산면 용기리,5,기타,0:24,172
2021-09-26 15:41:00,36.06802,126.98599,낭산면 용기리,5,기타,0:24,172
2021-09-26 15:41:00,36.07038,126.9881,낭산면 용기리,5,"공장 냄새(화학약품, 매캐함)",0:25,172
2021-09-26 15:42:00,36.068504,126.98582,낭산면 용기리,5,기타,0:24,172
2021-09-26 15:42:00,36.070198,126.98797,낭산면 용기리,5,"공장 냄새(화학약품, 매캐함)",0:25,172
2021-09-26 15:42:00,36.06793,126.984856,낭산면 용기리,5,기타,0:24,172
2021-09-26 15:43:00,36.067657,126.98592,낭산면 용기리,5,기타,0:24,172
2021-09-26 15:43:00,36.067722,126.98502,낭산면 용기리,5,기타,0:24,172
2021-09-26 15:44:00,36.06775,126.9861,낭산면 용기리,5,기타,0:24,172
2021-09-26 15:47:00,36.07038,126.9881,낭산면 용기리,5,"가축 분뇨 냄새(닭, 돼지, 소)",0:25,172
2021-09-26 15:51:00,35.94744,126.94642,모현동1가,3,"공장 냄새(화학약품, 매캐함)",-7:-3,-1
2021-09-26 16:06:00,36.067585,126.985504,낭산면 용기리,5,기타,0:24,172
2021-09-26 16:06:00,36.06764,126.9851,낭산면 용기리,5,기타,0:24,172
2021-09-26 16:06:00,36.067493,126.984795,낭산면 용기리,5,기타,0:24,172
2021-09-26 16:07:00,36.068,126.9859,낭산면 용기리,5,기타,0:24,172
2021-09-26 16:09:00,36.07038,126.9881,낭산면 용기리,4,기타,0:25,172
2021-09-26 18:25:00,35.963383,126.97362,영등동,2,"가축 분뇨 냄새(닭, 돼지, 소)",-2:1,-1
2021-09-26 18:29:00,35.94744,126.94642,모현동1가,4,"공장 냄새(화학약품, 매캐함)",-7:-3,-1
2021-09-26 18:58:00,36.07038,126.9881,낭산면 용기리,4,기타,0:25,-1
2021-09-26 19:01:00,36.068146,126.9861,낭산면 용기리,5,기타,0:24,-1
2021-09-26 19:30:00,36.07038,126.9881,낭산면 용기리,5,기타,0:25,-1
2021-09-26 19:32:00,36.07038,126.9881,낭산면 용기리,3,"공장 냄새(화학약품, 매캐함)",0:25,-1
2021-09-26 22:29:00,35.96045,126.98916,부송동,5,"가축 분뇨 냄새(닭, 돼지, 소)",0:0,-1
2021-09-26 23:08:00,35.951595,126.97584,영등동,2,"공장 냄새(화학약품, 매캐함)",-2:-2,-1
2021-09-26 23:09:00,35.9521,126.97521,영등동,3,"공장 냄새(화학약품, 매캐함)",-2:-1,-1
2021-09-26 23:12:00,35.951675,126.97587,영등동,4,"공장 냄새(화학약품, 매캐함)",-2:-2,-1
2021-09-26 23:47:00,35.96018,126.98939,부송동,5,기타,0:0,-1
2021-09-27 00:40:00,36.07038,126.9881,낭산면 용기리,5,기타,0:25,-1
2021-09-27 00:41:00,35.96414,126.97406,영등동,2,"가축 분뇨 냄새(닭, 돼지, 소)",-2:1,-1
2021-09-27 17:32:00,35.960293,126.98936,부송동,5,하수구 냄새,0:0,-1
2021-09-27 19:13:00,35.96544,127.015564,팔봉동,3,"공장 냄새(화학약품, 매캐함)",5:1,-1
2021-09-27 19:14:00,35.965492,127.01824,팔봉동,5,"가축 분뇨 냄새(닭, 돼지, 소)",6:1,-1
2021-09-27 19:47:00,36.07038,126.9881,낭산면 용기리,5,기타,0:25,-1
2021-09-27 19:50:00,36.07038,126.9881,낭산면 용기리,3,기타,0:25,-1
2021-09-27 19:54:00,35.956184,126.991554,부송동,1,하수구 냄새,1:-1,-1
2021-09-27 20:00:00,35.965294,127.01627,팔봉동,3,"공장 냄새(화학약품, 매캐함)",5:1,-1
2021-09-27 21:05:00,35.926754,126.95878,동산동,4,"가축 분뇨 냄새(닭, 돼지, 소)",-5:-7,-1
2021-09-27 21:05:00,35.926247,126.95907,동산동,4,"가축 분뇨 냄새(닭, 돼지, 소)",-5:-7,-1
2021-09-27 21:10:00,35.92708,126.95998,동산동,5,기타,-5:-7,-1
2021-09-27 21:11:00,35.96012,126.989426,부송동,5,"공장 냄새(화학약품, 매캐함)",0:0,-1
2021-09-27 21:26:00,35.958733,126.9836,어양동,3,음식조리 냄새,-1:0,-1
2021-09-27 21:32:00,35.961475,126.99401,부송동,4,"공장 냄새(화학약품, 매캐함)",1:1,-1
2021-09-27 23:04:00,35.933685,126.969894,동산동,5,"가축 분뇨 냄새(닭, 돼지, 소)",-3:-6,-1
2021-09-28 01:46:00,36.07038,126.9881,낭산면 용기리,5,"가축 분뇨 냄새(닭, 돼지, 소)",0:25,-1
2021-09-28 06:56:00,35.945522,126.93124,오산면 장신리,3,"공장 냄새(화학약품, 매캐함)",-10:-3,-1
2021-09-28 17:01:00,35.94601,127.00286,용제동,4,"가축 분뇨 냄새(닭, 돼지, 소)",3:-3,-1
2021-09-28 18:37:00,36.07038,126.9881,낭산면 용기리,5,기타,0:25,-1
2021-09-28 18:39:00,36.07038,126.9881,낭산면 용기리,5,"가축 분뇨 냄새(닭, 돼지, 소)",0:25,-1
2021-09-28 20:56:00,35.954643,126.99428,부송동,5,"공장 냄새(화학약품, 매캐함)",1:-1,173
2021-09-28 21:00:00,35.953976,126.98453,어양동,5,"가축 분뇨 냄새(닭, 돼지, 소)",0:-1,173
2021-09-28 21:12:00,35.956573,126.994194,부송동,5,"공장 냄새(화학약품, 매캐함)",1:0,173
2021-09-28 21:15:00,35.9574,126.99973,부송동,5,"가축 분뇨 냄새(닭, 돼지, 소)",2:0,173
2021-09-28 21:18:00,35.961403,126.99366,부송동,4,"가축 분뇨 냄새(닭, 돼지, 소)",1:1,173
2021-09-28 21:29:00,35.95643,126.99508,부송동,4,기타,1:-1,173
2021-09-28 21:32:00,35.95387,126.98437,어양동,4,기타,0:-1,173
2021-09-28 21:33:00,35.953903,126.98475,어양동,5,"가축 분뇨 냄새(닭, 돼지, 소)",0:-1,173
2021-09-28 21:34:00,35.956654,126.99472,부송동,5,기타,1:0,173
2021-09-28 21:35:00,35.95403,126.98874,어양동,5,"가축 분뇨 냄새(닭, 돼지, 소)",0:-1,173
2021-09-28 21:37:00,35.95383,126.984215,어양동,4,기타,0:-1,173
2021-09-28 21:38:00,35.95704,126.98142,어양동,3,기타,-1:0,173
2021-09-28 21:44:00,35.9543,126.988846,어양동,3,"가축 분뇨 냄새(닭, 돼지, 소)",0:-1,173
2021-09-28 21:51:00,35.95826,126.96204,신동,4,기타,-4:0,-1
2021-09-28 21:56:00,35.95672,126.9953,부송동,4,"공장 냄새(화학약품, 매캐함)",1:0,173
2021-09-28 22:00:00,35.962807,126.98519,부송동,5,"가축 분뇨 냄새(닭, 돼지, 소)",0:1,173
2021-09-29 08:40:00,35.952118,126.932785,모현동2가,5,기타,-10:-1,-1
2021-09-29 10:50:00,35.966198,127.01503,팔봉동,4,"공장 냄새(화학약품, 매캐함)",5:2,-1
2021-09-29 11:11:00,35.965458,127.01659,팔봉동,3,"공장 냄새(화학약품, 매캐함)",5:1,-1
2021-09-30 18:43:00,35.96023,126.989525,부송동,4,하수구 냄새,0:0,-1
2021-09-30 19:31:00,35.958664,126.9916,부송동,3,하수구 냄새,1:0,-1
2021-09-30 19:34:00,35.917984,126.889336,오산면 남전리,4,기타,-18:-9,-1
2021-09-30 20:49:00,35.92509,127.05359,춘포면 쌍정리,5,"가축 분뇨 냄새(닭, 돼지, 소)",12:-7,-1
2021-09-30 21:42:00,35.97368,126.934006,현영동,5,"가축 분뇨 냄새(닭, 돼지, 소)",-10:3,-1
2021-09-30 21:51:00,35.956573,126.994194,부송동,4,"공장 냄새(화학약품, 매캐함)",1:0,-1
2021-09-30 22:59:00,35.961296,126.99432,부송동,3,"공장 냄새(화학약품, 매캐함)",1:1,-1
2021-10-01 04:28:00,35.96188,126.98613,어양동,5,기타,0:1,-1
2021-10-01 20:07:00,35.97368,126.934006,현영동,4,"가축 분뇨 냄새(닭, 돼지, 소)",-10:3,-1
2021-10-01 22:56:00,36.01292,126.899,함라면 신목리,4,"가축 분뇨 냄새(닭, 돼지, 소)",-16:12,-1
2021-10-01 23:59:00,35.956573,126.994194,부송동,4,"공장 냄새(화학약품, 매캐함)",1:0,-1
2021-10-02 01:24:00,35.94744,126.94642,모현동1가,5,"공장 냄새(화학약품, 매캐함)",-7:-3,-1
2021-10-02 15:33:00,35.917984,126.889336,오산면 남전리,3,기타,-18:-9,-1
2021-10-02 15:38:00,35.91661,126.884995,오산면 신지리,3,기타,-18:-9,-1
2021-10-02 20:21:00,35.965656,127.01477,팔봉동,4,"공장 냄새(화학약품, 매캐함)",5:2,-1
2021-10-02 21:42:00,35.95643,126.994705,부송동,3,기타,1:-1,-1
2021-10-02 22:02:00,35.954292,126.98884,어양동,3,"가축 분뇨 냄새(닭, 돼지, 소)",0:-1,-1
2021-10-02 22:57:00,35.931046,126.96941,동산동,5,기타,-3:-6,174
2021-10-02 23:05:00,35.96079,126.99472,부송동,3,"공장 냄새(화학약품, 매캐함)",1:0,-1
2021-10-02 23:07:00,35.932343,126.9666,동산동,5,"가축 분뇨 냄새(닭, 돼지, 소)",-4:-6,174
2021-10-02 23:07:00,35.936523,126.96902,마동,5,기타,-3:-5,174
2021-10-02 23:09:00,35.927402,126.96086,동산동,4,"가축 분뇨 냄새(닭, 돼지, 소)",-5:-7,174
2021-10-02 23:09:00,35.92623,126.959145,동산동,4,기타,-5:-7,174
2021-10-02 23:09:00,35.92754,126.961136,동산동,5,"가축 분뇨 냄새(닭, 돼지, 소)",-5:-7,174
2021-10-02 23:10:00,35.933765,126.969826,동산동,5,"가축 분뇨 냄새(닭, 돼지, 소)",-3:-6,174
2021-10-02 23:24:00,35.97368,126.934006,현영동,4,"가축 분뇨 냄새(닭, 돼지, 소)",-10:3,-1
2021-10-02 23:34:00,35.94744,126.9464,모현동1가,4,"가축 분뇨 냄새(닭, 돼지, 소)",-7:-3,-1
2021-10-03 00:02:00,35.957508,126.99796,부송동,5,"공장 냄새(화학약품, 매캐함)",2:0,-1
2021-10-03 00:18:00,35.96317,126.98537,부송동,3,음식조리 냄새,0:1,-1
2021-10-03 00:57:00,35.961845,126.9861,어양동,5,"가축 분뇨 냄새(닭, 돼지, 소)",0:1,-1
2021-10-03 17:15:00,35.916634,126.885,오산면 신지리,5,기타,-18:-9,-1
2021-10-03 17:52:00,35.917984,126.889336,오산면 남전리,4,기타,-18:-9,-1
2021-10-03 20:30:00,35.94616,126.92929,오산면 장신리,4,하수구 냄새,-10:-3,175
2021-10-03 20:33:00,35.927013,126.95346,인화동2가,4,"가축 분뇨 냄새(닭, 돼지, 소)",-6:-7,176
2021-10-03 20:35:00,35.929855,126.963036,동산동,4,"가축 분뇨 냄새(닭, 돼지, 소)",-4:-6,176
2021-10-03 20:41:00,35.92679,126.95419,인화동2가,4,"가축 분뇨 냄새(닭, 돼지, 소)",-6:-7,176
2021-10-03 20:48:00,35.94744,126.94642,모현동1가,5,기타,-7:-3,175
2021-10-03 20:50:00,35.93342,126.94672,평화동,5,기타,-7:-6,176
2021-10-03 20:52:00,35.955223,126.93629,모현동2가,4,"가축 분뇨 냄새(닭, 돼지, 소)",-9:-1,175
2021-10-03 20:54:00,35.926754,126.95878,동산동,5,"가축 분뇨 냄새(닭, 돼지, 소)",-5:-7,176
2021-10-03 20:58:00,35.94744,126.94642,모현동1가,5,기타,-7:-3,175
2021-10-03 20:59:00,35.94744,126.9464,모현동1가,4,"가축 분뇨 냄새(닭, 돼지, 소)",-7:-3,175
2021-10-03 21:02:00,35.952015,126.93704,모현동1가,4,"가축 분뇨 냄새(닭, 돼지, 소)",-9:-2,175
2021-10-03 21:07:00,35.926933,126.96093,동산동,4,기타,-5:-7,176
2021-10-03 21:08:00,35.9523,126.93638,모현동1가,5,하수구 냄새,-9:-1,175
2021-10-03 21:12:00,35.94062,126.93683,송학동,5,"가축 분뇨 냄새(닭, 돼지, 소)",-9:-4,175
2021-10-03 21:15:00,35.952065,126.93276,모현동2가,4,기타,-10:-1,175
2021-10-03 21:20:00,35.930824,126.95771,동산동,5,하수구 냄새,-5:-6,176
2021-10-03 21:23:00,35.94751,126.938644,모현동1가,4,기타,-9:-3,175
2021-10-03 21:24:00,35.96573,127.01596,팔봉동,4,"가축 분뇨 냄새(닭, 돼지, 소)",5:2,-1
2021-10-03 21:25:00,35.97368,126.934006,현영동,4,"가축 분뇨 냄새(닭, 돼지, 소)",-10:3,-1
2021-10-03 21:26:00,35.94019,126.93798,송학동,4,기타,-9:-4,175
2021-10-03 21:33:00,35.964466,127.01424,팔봉동,3,"가축 분뇨 냄새(닭, 돼지, 소)",5:1,-1
2021-10-03 21:37:00,35.961765,126.99423,부송동,5,"공장 냄새(화학약품, 매캐함)",1:1,-1
2021-10-03 21:49:00,35.94064,126.93789,송학동,3,"가축 분뇨 냄새(닭, 돼지, 소)",-9:-4,175
2021-10-04 08:20:00,35.965656,127.01596,팔봉동,4,"가축 분뇨 냄새(닭, 돼지, 소)",5:2,-1
2021-10-04 09:12:00,36.06769,126.98541,낭산면 용기리,5,기타,0:24,-1
2021-10-04 18:02:00,35.94744,126.9464,모현동1가,4,"공장 냄새(화학약품, 매캐함)",-7:-3,-1
2021-10-04 20:37:00,35.932514,126.94091,평화동,4,"가축 분뇨 냄새(닭, 돼지, 소)",-8:-6,-1
2021-10-04 21:11:00,35.940258,126.92915,송학동,5,"가축 분뇨 냄새(닭, 돼지, 소)",-10:-4,-1
2021-10-04 21:12:00,35.93022,126.97199,금강동,5,"가축 분뇨 냄새(닭, 돼지, 소)",-3:-6,-1
2021-10-04 21:17:00,35.930515,126.97134,동산동,4,기타,-3:-6,-1
2021-10-04 21:20:00,35.93627,126.96924,마동,5,하수구 냄새,-3:-5,-1
2021-10-04 21:21:00,35.92787,126.96613,동산동,5,"가축 분뇨 냄새(닭, 돼지, 소)",-4:-7,-1
2021-10-04 21:30:00,35.94625,126.946266,모현동1가,4,"가축 분뇨 냄새(닭, 돼지, 소)",-7:-3,-1
2021-10-04 22:08:00,35.954723,126.9499,모현동1가,2,하수구 냄새,-7:-1,-1
2021-10-04 23:08:00,35.95376,126.98453,어양동,5,"가축 분뇨 냄새(닭, 돼지, 소)",0:-1,-1
2021-10-04 23:12:00,35.961655,126.99445,부송동,5,하수구 냄새,1:1,-1
2021-10-04 23:18:00,35.96319,126.98519,부송동,4,음식조리 냄새,0:1,-1
2021-10-04 23:37:00,35.928738,126.96312,동산동,5,기타,-4:-7,-1
2021-10-04 23:44:00,35.92679,126.954216,인화동2가,4,기타,-6:-7,-1
2021-10-04 23:47:00,35.926754,126.95878,동산동,4,"가축 분뇨 냄새(닭, 돼지, 소)",-5:-7,-1
2021-10-04 23:49:00,35.957623,126.97399,영등동,4,기타,-2:0,-1
2021-10-04 23:49:00,35.932262,126.941,평화동,5,기타,-8:-6,-1
2021-10-04 23:52:00,35.94744,126.9464,모현동1가,5,기타,-7:-3,-1
2021-10-05 00:04:00,35.946465,126.94582,모현동1가,5,"가축 분뇨 냄새(닭, 돼지, 소)",-7:-3,-1
2021-10-05 00:10:00,35.94019,126.93798,송학동,4,기타,-9:-4,-1
2021-10-05 17:53:00,35.95852,126.99158,부송동,4,하수구 냄새,1:0,-1
2021-10-05 21:45:00,35.957474,126.999466,부송동,4,"공장 냄새(화학약품, 매캐함)",2:0,177
2021-10-05 21:50:00,35.92509,127.05359,춘포면 쌍정리,5,"가축 분뇨 냄새(닭, 돼지, 소)",12:-7,-1
2021-10-05 21:54:00,35.961727,126.99428,부송동,5,"공장 냄새(화학약품, 매캐함)",1:1,177
2021-10-05 22:12:00,35.964504,126.98683,부송동,4,"공장 냄새(화학약품, 매캐함)",0:1,177
2021-10-05 22:17:00,35.957745,126.99768,부송동,3,"공장 냄새(화학약품, 매캐함)",2:0,177
2021-10-05 22:20:00,35.956715,126.98874,부송동,4,기타,0:0,177
2021-10-05 22:20:00,35.960213,126.989845,부송동,5,"가축 분뇨 냄새(닭, 돼지, 소)",1:0,177
2021-10-05 22:29:00,35.9543,126.98883,어양동,3,기타,0:-1,177
2021-10-05 22:32:00,35.96436,126.978935,영등동,4,기타,-1:1,177
2021-10-05 22:36:00,35.956177,126.99543,부송동,4,"가축 분뇨 냄새(닭, 돼지, 소)",2:-1,177
2021-10-05 22:39:00,35.95928,126.999245,부송동,4,음식조리 냄새,2:0,177
2021-10-05 22:49:00,35.957672,126.99919,부송동,3,"공장 냄새(화학약품, 매캐함)",2:0,177
2021-10-05 22:49:00,35.95989,126.99973,부송동,4,"가축 분뇨 냄새(닭, 돼지, 소)",2:0,177
2021-10-05 23:18:00,35.961224,126.99415,부송동,4,기타,1:1,177
2021-10-05 23:30:00,35.95899,126.99738,부송동,4,"공장 냄새(화학약품, 매캐함)",2:0,177
2021-10-05 23:55:00,35.93649,126.96866,마동,5,기타,-3:-5,178
2021-10-05 23:56:00,35.931873,126.969284,동산동,5,기타,-3:-6,178
2021-10-05 23:58:00,35.952354,126.985634,어양동,4,하수구 냄새,0:-1,-1
2021-10-06 00:06:00,35.93119,126.96933,동산동,5,기타,-3:-6,178
2021-10-06 00:14:00,35.926754,126.95878,동산동,5,"가축 분뇨 냄새(닭, 돼지, 소)",-5:-7,178
2021-10-06 00:26:00,35.93373,126.970215,동산동,5,"가축 분뇨 냄새(닭, 돼지, 소)",-3:-6,178
2021-10-06 00:35:00,35.94123,126.92872,송학동,3,기타,-11:-4,-1
2021-10-06 00:43:00,35.935696,126.96795,마동,5,"가축 분뇨 냄새(닭, 돼지, 소)",-3:-5,178
2021-10-06 00:44:00,35.932343,126.9666,동산동,5,기타,-4:-6,178
2021-10-06 01:17:00,35.95311,126.98554,어양동,5,"가축 분뇨 냄새(닭, 돼지, 소)",0:-1,-1
2021-10-06 01:24:00,35.95192,126.98133,어양동,3,기타,-1:-2,-1
2021-10-06 01:53:00,35.96122,126.974724,영등동,4,"가축 분뇨 냄새(닭, 돼지, 소)",-2:1,-1
2021-10-06 06:45:00,35.929638,126.967064,동산동,4,기타,-4:-6,179
2021-10-06 06:58:00,35.956894,126.99964,용제동,5,"공장 냄새(화학약품, 매캐함)",2:0,-1
2021-10-06 06:59:00,35.928738,126.96312,동산동,4,"가축 분뇨 냄새(닭, 돼지, 소)",-4:-7,179
2021-10-06 07:01:00,35.928738,126.96314,동산동,3,"가축 분뇨 냄새(닭, 돼지, 소)",-4:-7,179
2021-10-06 07:08:00,35.930218,126.97132,동산동,5,기타,-3:-6,179
2021-10-06 07:08:00,35.92642,126.95894,동산동,5,하수구 냄새,-5:-7,179
2021-10-06 07:13:00,35.928844,126.96684,동산동,5,기타,-4:-7,179
2021-10-06 07:30:00,35.928627,126.96312,동산동,2,기타,-4:-7,179
2021-10-06 07:52:00,35.93952,126.98634,신흥동,5,"가축 분뇨 냄새(닭, 돼지, 소)",0:-4,-1
2021-10-06 09:51:00,35.928738,126.96312,동산동,3,"가축 분뇨 냄새(닭, 돼지, 소)",-4:-7,-1
2021-10-06 16:02:00,36.067524,126.98526,낭산면 용기리,5,기타,0:24,-1
2021-10-06 17:59:00,36.03635,126.985886,삼기면 오룡리,4,하수구 냄새,0:17,-1
2021-10-06 21:20:00,35.960827,126.99423,부송동,4,"공장 냄새(화학약품, 매캐함)",1:0,-1
2021-10-06 21:22:00,35.95769,126.99951,부송동,4,"가축 분뇨 냄새(닭, 돼지, 소)",2:0,-1
2021-10-06 22:03:00,35.93959,126.986305,신흥동,5,"가축 분뇨 냄새(닭, 돼지, 소)",0:-4,-1
2021-10-06 22:13:00,35.957546,126.99814,부송동,4,"가축 분뇨 냄새(닭, 돼지, 소)",2:0,-1
2021-10-06 22:22:00,35.95336,126.984924,어양동,5,"공장 냄새(화학약품, 매캐함)",0:-1,-1
2021-10-07 06:42:00,35.930477,126.970024,동산동,5,기타,-3:-6,-1
2021-10-07 07:20:00,35.96425,126.97947,영등동,2,"공장 냄새(화학약품, 매캐함)",-1:1,-1
2021-10-07 09:22:00,35.928738,126.96312,동산동,4,기타,-4:-7,-1
2021-10-07 16:15:00,35.958473,126.98334,어양동,4,하수구 냄새,-1:0,-1
2021-10-07 19:04:00,35.96043,126.985634,어양동,3,"공장 냄새(화학약품, 매캐함)",0:0,-1
2021-10-07 23:09:00,35.957294,126.99942,부송동,3,"공장 냄새(화학약품, 매캐함)",2:0,-1
2021-10-07 23:25:00,35.926846,126.95344,인화동2가,5,기타,-6:-7,-1
2021-10-07 23:42:00,35.928234,126.96632,동산동,3,기타,-4:-7,-1
2021-10-07 23:43:00,35.929928,126.970215,동산동,5,"가축 분뇨 냄새(닭, 돼지, 소)",-3:-6,-1
2021-10-07 23:44:00,35.95257,126.984436,어양동,2,"가축 분뇨 냄새(닭, 돼지, 소)",0:-1,-1
2021-10-07 23:44:00,35.92982,126.969505,동산동,3,기타,-3:-6,-1
2021-10-07 23:48:00,35.934204,126.971596,동산동,5,"가축 분뇨 냄새(닭, 돼지, 소)",-3:-5,-1
2021-10-07 23:50:00,35.95781,126.962555,신동,4,기타,-4:0,-1
2021-10-08 00:45:00,35.957367,126.99594,부송동,3,하수구 냄새,2:0,-1
2021-10-08 01:29:00,35.954735,126.98741,어양동,4,"가축 분뇨 냄새(닭, 돼지, 소)",0:-1,-1
2021-10-08 07:35:00,35.92509,127.05359,춘포면 쌍정리,5,"가축 분뇨 냄새(닭, 돼지, 소)",12:-7,-1
2021-10-08 07:41:00,36.07038,126.9881,낭산면 용기리,4,기타,0:25,-1
2021-10-08 16:34:00,35.95861,126.9618,신동,4,기타,-5:0,-1
2021-10-08 18:44:00,36.067604,126.98534,낭산면 용기리,5,기타,0:24,-1
2021-10-08 19:23:00,36.07038,126.9881,낭산면 용기리,3,기타,0:25,-1
2021-10-08 21:12:00,35.931976,126.940994,평화동,5,하수구 냄새,-8:-6,-1
2021-10-08 21:19:00,35.932297,126.941,평화동,5,하수구 냄새,-8:-6,-1
2021-10-08 21:21:00,35.932297,126.941,평화동,5,음식조리 냄새,-8:-6,-1
2021-10-08 21:39:00,35.957653,126.99969,부송동,5,"공장 냄새(화학약품, 매캐함)",2:0,-1
2021-10-08 23:43:00,35.960327,126.96873,영등동,4,"가축 분뇨 냄새(닭, 돼지, 소)",-3:0,-1
2021-10-09 20:45:00,36.014286,126.996605,삼기면 기산리,4,기타,2:12,-1
2021-10-09 20:47:00,35.953545,126.98541,어양동,5,"가축 분뇨 냄새(닭, 돼지, 소)",0:-1,-1
2021-10-09 22:07:00,36.061874,126.935234,성당면 대선리,4,기타,-9:23,-1
2021-10-09 23:06:00,35.928738,126.96312,동산동,4,기타,-4:-7,-1
2021-10-09 23:24:00,35.9579,126.96218,신동,4,하수구 냄새,-4:0,-1
2021-10-10 00:02:00,35.95376,126.98412,어양동,4,"가축 분뇨 냄새(닭, 돼지, 소)",-1:-1,-1
2021-10-10 00:08:00,35.96187,126.986206,어양동,5,"가축 분뇨 냄새(닭, 돼지, 소)",0:1,-1
2021-10-10 00:09:00,35.961365,126.98625,어양동,5,"가축 분뇨 냄새(닭, 돼지, 소)",0:1,-1
2021-10-10 00:19:00,35.931152,126.96933,동산동,5,기타,-3:-6,-1
2021-10-10 00:30:00,35.926754,126.95878,동산동,5,"가축 분뇨 냄새(닭, 돼지, 소)",-5:-7,-1
2021-10-10 01:03:00,35.93119,126.96915,동산동,5,기타,-3:-6,-1
2021-10-10 07:48:00,35.957592,126.973564,영등동,3,"가축 분뇨 냄새(닭, 돼지, 소)",-2:0,-1
2021-10-10 08:41:00,35.948536,126.96402,영등동,2,"공장 냄새(화학약품, 매캐함)",-4:-2,-1
2021-10-10 13:08:00,35.990063,127.10251,왕궁면 동용리,3,"가축 분뇨 냄새(닭, 돼지, 소)",21:7,-1
2021-10-10 13:55:00,35.92289,126.89079,오산면 남전리,5,기타,-17:-8,-1
2021-10-10 13:57:00,35.916504,126.88497,오산면 신지리,5,기타,-18:-9,-1
2021-10-10 20:44:00,35.95852,126.9918,부송동,3,"공장 냄새(화학약품, 매캐함)",1:0,-1
2021-10-11 11:11:00,35.93187,126.95652,인화동2가,5,"공장 냄새(화학약품, 매캐함)",-5:-6,-1
2021-10-11 16:22:00,36.07038,126.9881,낭산면 용기리,5,"가축 분뇨 냄새(닭, 돼지, 소)",0:25,-1
2021-10-11 22:15:00,35.95758,126.99951,부송동,3,"공장 냄새(화학약품, 매캐함)",2:0,-1
2021-10-11 22:48:00,36.06771,126.98566,낭산면 용기리,5,기타,0:24,-1
2021-10-11 22:51:00,36.07038,126.9881,낭산면 용기리,5,"가축 분뇨 냄새(닭, 돼지, 소)",0:25,-1
2021-10-11 23:33:00,35.93255,126.9414,평화동,4,"가축 분뇨 냄새(닭, 돼지, 소)",-8:-6,-1
2021-10-13 20:12:00,35.954697,126.98789,어양동,4,"가축 분뇨 냄새(닭, 돼지, 소)",0:-1,180
2021-10-13 20:15:00,35.961224,126.99379,부송동,4,하수구 냄새,1:1,180
2021-10-13 20:18:00,35.961044,126.9941,부송동,4,"가축 분뇨 냄새(닭, 돼지, 소)",1:0,180
2021-10-13 20:21:00,35.96245,126.99233,부송동,3,"가축 분뇨 냄새(닭, 돼지, 소)",1:1,180
2021-10-13 20:25:00,35.953255,126.984215,어양동,4,기타,0:-1,180
2021-10-13 20:26:00,35.95612,126.978325,영등동,4,기타,-2:-1,180
2021-10-13 20:35:00,35.960007,126.98958,부송동,5,"공장 냄새(화학약품, 매캐함)",0:0,180
2021-10-13 20:44:00,36.03635,126.985886,삼기면 오룡리,5,하수구 냄새,0:17,-1
2021-10-13 20:49:00,35.960556,126.98595,어양동,5,"공장 냄새(화학약품, 매캐함)",0:0,180
2021-10-13 21:58:00,35.95574,126.987854,어양동,5,기타,0:-1,-1
2021-10-13 22:41:00,35.957653,126.99973,부송동,5,"공장 냄새(화학약품, 매캐함)",2:0,-1
2021-10-13 23:12:00,35.930218,126.97132,동산동,5,기타,-3:-6,-1
2021-10-13 23:18:00,35.953606,127.012634,팔봉동,5,"공장 냄새(화학약품, 매캐함)",5:-1,-1
2021-10-14 06:58:00,35.93316,126.966125,동산동,4,"가축 분뇨 냄새(닭, 돼지, 소)",-4:-6,-1
2021-10-14 07:00:00,35.928738,126.96312,동산동,4,기타,-4:-7,-1
2021-10-14 07:09:00,35.935265,126.97123,마동,4,"가축 분뇨 냄새(닭, 돼지, 소)",-3:-5,-1
2021-10-14 07:21:00,35.928593,126.963234,동산동,3,기타,-4:-7,-1
2021-10-14 18:35:00,35.959873,126.94036,모현동2가,3,"공장 냄새(화학약품, 매캐함)",-8:0,-1
2021-10-15 01:19:00,35.93627,126.96924,마동,5,"가축 분뇨 냄새(닭, 돼지, 소)",-3:-5,-1
2021-10-15 01:27:00,35.93108,126.96968,동산동,5,"가축 분뇨 냄새(닭, 돼지, 소)",-3:-6,-1
2021-10-15 02:09:00,35.94744,126.9464,모현동1가,5,하수구 냄새,-7:-3,-1
2021-10-15 04:44:00,35.926754,126.95878,동산동,5,기타,-5:-7,-1
2021-10-16 09:12:00,36.11216,126.98438,용동면 용성리,4,기타,0:34,-1
2021-10-16 23:08:00,35.936546,127.057106,왕궁면 쌍제리,5,하수구 냄새,13:-5,-1
2021-10-18 08:26:00,35.95758,126.999245,부송동,5,"공장 냄새(화학약품, 매캐함)",2:0,-1
2021-10-18 20:50:00,36.03498,126.99627,삼기면 오룡리,5,기타,2:17,-1
2021-10-18 21:02:00,36.03498,126.99627,삼기면 오룡리,5,기타,2:17,-1
2021-10-18 22:08:00,35.956375,126.99499,부송동,5,하수구 냄새,1:-1,-1
2021-10-18 22:34:00,35.963528,126.9839,어양동,4,"공장 냄새(화학약품, 매캐함)",-1:1,-1
2021-10-18 23:39:00,35.96072,126.96902,영등동,4,기타,-3:0,-1
2021-10-19 19:17:00,36.061855,126.93524,성당면 대선리,3,하수구 냄새,-9:23,-1
2021-10-19 20:23:00,35.965195,127.01568,팔봉동,5,"공장 냄새(화학약품, 매캐함)",5:1,-1
2021-10-20 04:41:00,35.94853,126.968834,영등동,4,"공장 냄새(화학약품, 매캐함)",-3:-2,-1
2021-10-20 05:56:00,35.930218,126.97132,동산동,5,기타,-3:-6,-1
2021-10-20 18:18:00,35.952614,127.02164,춘포면 신동리,5,"공장 냄새(화학약품, 매캐함)",6:-1,-1
2021-10-20 21:33:00,35.932297,126.941,평화동,5,음식조리 냄새,-8:-6,-1
2021-10-20 21:40:00,35.92679,126.954216,인화동2가,3,기타,-6:-7,-1
2021-10-20 22:38:00,35.91925,126.99209,금강동,3,"가축 분뇨 냄새(닭, 돼지, 소)",1:-9,-1
2021-10-21 01:56:00,35.953255,126.984215,어양동,3,기타,0:-1,-1
2021-10-21 08:01:00,35.930218,126.97132,동산동,5,"가축 분뇨 냄새(닭, 돼지, 소)",-3:-6,-1
2021-10-21 08:14:00,35.940098,126.98617,신흥동,3,"가축 분뇨 냄새(닭, 돼지, 소)",0:-4,-1
2021-10-21 08:16:00,35.957367,126.999466,부송동,5,"가축 분뇨 냄새(닭, 돼지, 소)",2:0,-1
2021-10-21 17:32:00,35.945503,126.977745,신흥동,4,"가축 분뇨 냄새(닭, 돼지, 소)",-2:-3,-1
2021-10-22 00:01:00,35.947487,127.00421,용제동,3,기타,3:-3,-1
2021-10-22 00:23:00,35.956097,126.97836,영등동,3,"가축 분뇨 냄새(닭, 돼지, 소)",-2:-1,-1
2021-10-22 00:38:00,35.953434,126.984924,어양동,5,기타,0:-1,-1
2021-10-22 00:49:00,35.953255,126.984215,어양동,4,"가축 분뇨 냄새(닭, 돼지, 소)",0:-1,-1
2021-10-22 19:01:00,36.03498,126.99627,삼기면 오룡리,4,"가축 분뇨 냄새(닭, 돼지, 소)",2:17,-1
2021-10-23 02:13:00,35.959114,126.99275,부송동,5,"공장 냄새(화학약품, 매캐함)",1:0,-1
2021-10-23 20:12:00,35.958447,126.998604,부송동,3,"공장 냄새(화학약품, 매캐함)",2:0,-1
2021-10-23 20:35:00,35.957653,126.999466,부송동,4,"공장 냄새(화학약품, 매캐함)",2:0,-1
2021-10-24 00:17:00,35.948563,126.96402,영등동,5,기타,-4:-2,-1
2021-10-24 17:18:00,35.945602,126.9778,신흥동,5,기타,-2:-3,-1
2021-10-24 21:41:00,35.94744,126.9464,모현동1가,1,"공장 냄새(화학약품, 매캐함)",-7:-3,-1
2021-10-24 22:13:00,35.960106,126.989716,부송동,5,"공장 냄새(화학약품, 매캐함)",0:0,-1
2021-10-25 22:04:00,35.93705,127.0525,춘포면 쌍정리,5,기타,12:-5,-1
2021-10-25 22:34:00,35.958458,126.99859,부송동,3,"공장 냄새(화학약품, 매캐함)",2:0,-1
2021-10-27 07:29:00,36.068916,126.98755,낭산면 용기리,4,"가축 분뇨 냄새(닭, 돼지, 소)",0:24,-1
2021-10-27 13:30:00,35.970146,126.93556,현영동,4,음식조리 냄새,-9:3,-1
2021-10-27 23:08:00,35.956177,127.0,용제동,4,"공장 냄새(화학약품, 매캐함)",2:-1,-1
2021-10-27 23:14:00,35.953293,126.9847,어양동,4,"가축 분뇨 냄새(닭, 돼지, 소)",0:-1,-1
2021-10-28 02:14:00,35.946426,126.94086,모현동1가,3,"공장 냄새(화학약품, 매캐함)",-8:-3,-1
2021-10-28 02:28:00,35.930218,126.97132,동산동,5,"가축 분뇨 냄새(닭, 돼지, 소)",-3:-6,-1
2021-10-28 04:55:00,35.94744,126.9464,모현동1가,4,"가축 분뇨 냄새(닭, 돼지, 소)",-7:-3,-1
2021-10-28 06:12:00,35.9615,126.986305,어양동,2,"가축 분뇨 냄새(닭, 돼지, 소)",0:1,-1
2021-10-28 19:13:00,36.07038,126.9881,낭산면 용기리,5,"가축 분뇨 냄새(닭, 돼지, 소)",0:25,-1
2021-10-28 22:06:00,35.949215,127.034004,춘포면 천서리,4,기타,8:-2,-1
2021-10-28 23:23:00,35.9583,126.99765,부송동,3,"공장 냄새(화학약품, 매캐함)",2:0,-1
2021-10-29 00:07:00,35.95775,126.99781,부송동,3,"공장 냄새(화학약품, 매캐함)",2:0,-1
2021-10-29 22:23:00,35.95769,126.99951,부송동,5,"가축 분뇨 냄새(닭, 돼지, 소)",2:0,-1
2021-10-29 22:37:00,35.934074,126.96948,동산동,4,하수구 냄새,-3:-5,-1
2021-10-30 11:31:00,35.94744,126.9464,모현동1가,4,"공장 냄새(화학약품, 매캐함)",-7:-3,-1
2021-10-30 20:35:00,35.96032,126.99002,부송동,4,"공장 냄새(화학약품, 매캐함)",1:0,-1
2021-10-30 20:58:00,35.957474,126.99632,부송동,5,"공장 냄새(화학약품, 매캐함)",2:0,-1
2021-10-30 21:08:00,35.934074,126.969505,동산동,5,"가축 분뇨 냄새(닭, 돼지, 소)",-3:-5,-1
2021-10-30 22:11:00,35.957546,126.99969,부송동,5,"공장 냄새(화학약품, 매캐함)",2:0,-1
2021-10-30 23:44:00,35.956085,126.97835,영등동,2,"가축 분뇨 냄새(닭, 돼지, 소)",-2:-1,-1
2021-10-31 00:28:00,35.94744,126.9464,모현동1가,4,기타,-7:-3,-1
2021-10-31 17:16:00,35.945522,126.93124,오산면 장신리,5,"공장 냄새(화학약품, 매캐함)",-10:-3,-1
2021-10-31 18:06:00,36.04677,126.98428,낭산면 용기리,5,기타,0:19,-1
2021-10-31 23:02:00,35.94861,126.964066,영등동,5,"공장 냄새(화학약품, 매캐함)",-4:-2,-1
2021-10-31 23:16:00,35.934074,126.96948,동산동,4,"가축 분뇨 냄새(닭, 돼지, 소)",-3:-5,-1
2021-11-01 08:21:00,35.945522,126.93124,오산면 장신리,4,"공장 냄새(화학약품, 매캐함)",-10:-3,-1
2021-11-01 22:20:00,35.957726,126.99965,부송동,5,"공장 냄새(화학약품, 매캐함)",2:0,-1
2021-11-02 08:15:00,35.960934,126.994545,부송동,5,"공장 냄새(화학약품, 매캐함)",1:0,-1
2021-11-02 18:39:00,36.00365,127.09775,왕궁면 동용리,5,기타,20:10,-1
2021-11-03 22:27:00,35.960644,126.974014,영등동,4,"가축 분뇨 냄새(닭, 돼지, 소)",-2:0,-1
2021-11-03 22:37:00,35.94582,126.9788,신흥동,3,"공장 냄새(화학약품, 매캐함)",-1:-3,-1
2021-11-03 23:58:00,35.957508,126.999954,부송동,5,"공장 냄새(화학약품, 매캐함)",2:0,-1
2021-11-04 20:47:00,35.94596,126.94538,모현동1가,5,"공장 냄새(화학약품, 매캐함)",-7:-3,-1
2021-11-04 22:34:00,35.929638,126.9699,동산동,3,"가축 분뇨 냄새(닭, 돼지, 소)",-3:-6,-1
2021-11-05 09:08:00,35.965656,127.01525,팔봉동,3,"공장 냄새(화학약품, 매캐함)",5:2,-1
2021-11-05 18:40:00,35.94677,126.93745,모현동1가,3,"가축 분뇨 냄새(닭, 돼지, 소)",-9:-3,-1
2021-11-05 21:40:00,35.960213,126.98953,부송동,5,"공장 냄새(화학약품, 매캐함)",0:0,-1
2021-11-05 21:40:00,35.943905,126.93833,모현동1가,4,"공장 냄새(화학약품, 매캐함)",-9:-3,-1
2021-11-05 21:43:00,35.958447,126.99858,부송동,5,"공장 냄새(화학약품, 매캐함)",2:0,-1
2021-11-06 16:22:00,36.07038,126.9881,낭산면 용기리,3,"가축 분뇨 냄새(닭, 돼지, 소)",0:25,-1
2021-11-07 01:16:00,35.94113,126.950615,창인동1가,5,하수구 냄새,-7:-4,-1
2021-11-07 16:47:00,35.91421,126.99297,춘포면 춘포리,5,"가축 분뇨 냄새(닭, 돼지, 소)",1:-10,-1
2021-11-07 18:34:00,35.957546,126.99942,부송동,3,"공장 냄새(화학약품, 매캐함)",2:0,-1
2021-11-08 19:25:00,35.95381,127.02375,춘포면 신동리,4,"공장 냄새(화학약품, 매캐함)",7:-1,-1
2021-11-11 00:16:00,35.97383,126.95741,신용동,2,"가축 분뇨 냄새(닭, 돼지, 소)",-5:3,-1
2021-11-11 08:07:00,35.960068,126.989624,부송동,4,"공장 냄새(화학약품, 매캐함)",0:0,-1
2021-11-12 20:03:00,35.960068,126.9898,부송동,5,"가축 분뇨 냄새(닭, 돼지, 소)",1:0,-1
2021-11-12 21:09:00,35.9609,126.99415,부송동,5,"공장 냄새(화학약품, 매캐함)",1:0,-1
2021-11-13 21:21:00,35.953236,126.98441,어양동,5,기타,0:-1,-1
2021-11-14 15:00:00,35.91661,126.884995,오산면 신지리,5,"가축 분뇨 냄새(닭, 돼지, 소)",-18:-9,-1
2021-11-15 18:25:00,35.94924,126.946754,모현동1가,4,하수구 냄새,-7:-2,-1
2021-11-15 20:58:00,35.957474,126.999466,부송동,4,"공장 냄새(화학약품, 매캐함)",2:0,-1
2021-11-15 21:10:00,35.958553,126.98339,어양동,5,"공장 냄새(화학약품, 매캐함)",-1:0,-1
2021-11-15 23:11:00,35.9583,126.99765,부송동,3,"공장 냄새(화학약품, 매캐함)",2:0,-1
2021-11-16 04:50:00,36.04677,126.9842,낭산면 용기리,5,기타,-1:19,-1
2021-11-16 04:53:00,36.04677,126.9842,낭산면 용기리,5,기타,-1:19,-1
2021-11-16 09:20:00,35.946873,127.04014,춘포면 천서리,2,기타,10:-3,-1
2021-11-16 11:14:00,35.937477,127.05367,왕궁면 쌍제리,5,하수구 냄새,12:-5,-1
2021-11-16 22:57:00,35.957653,126.99929,부송동,4,"공장 냄새(화학약품, 매캐함)",2:0,-1
2021-11-16 23:40:00,35.930107,126.96742,동산동,5,"가축 분뇨 냄새(닭, 돼지, 소)",-4:-6,-1
2021-11-17 00:06:00,35.958187,126.96189,신동,5,기타,-5:0,-1
2021-11-17 09:25:00,35.946644,127.04111,춘포면 천서리,1,"가축 분뇨 냄새(닭, 돼지, 소)",10:-3,-1
2021-11-18 10:10:00,35.965332,127.01499,팔봉동,3,"공장 냄새(화학약품, 매캐함)",5:1,-1
2021-11-18 17:52:00,36.009697,126.94303,황등면 황등리,4,"가축 분뇨 냄새(닭, 돼지, 소)",-8:11,-1
2021-11-19 04:28:00,36.04677,126.9842,낭산면 용기리,5,기타,-1:19,-1
2021-11-19 21:15:00,35.92971,126.96158,동산동,1,"공장 냄새(화학약품, 매캐함)",-5:-6,-1
2021-11-19 22:38:00,35.935192,126.97571,금강동,2,"가축 분뇨 냄새(닭, 돼지, 소)",-2:-5,-1
2021-11-20 14:37:00,36.11216,126.98438,용동면 용성리,4,"가축 분뇨 냄새(닭, 돼지, 소)",0:34,-1
2021-11-20 21:21:00,36.11216,126.98438,용동면 용성리,5,"가축 분뇨 냄새(닭, 돼지, 소)",0:34,-1
2021-11-20 22:29:00,35.957546,126.998024,부송동,3,"공장 냄새(화학약품, 매캐함)",2:0,-1
2021-11-23 07:11:00,36.07038,126.9881,낭산면 용기리,4,기타,0:25,-1
2021-11-23 18:00:00,35.94924,126.946754,모현동1가,3,하수구 냄새,-7:-2,-1
2021-11-24 08:00:00,35.946877,127.04012,춘포면 천서리,2,기타,10:-3,-1
2021-11-24 11:33:00,35.94924,126.946754,모현동1가,3,하수구 냄새,-7:-2,-1
2021-11-25 15:56:00,35.936672,127.056946,왕궁면 쌍제리,5,기타,13:-5,-1
2021-11-25 23:58:00,36.098183,126.918755,성당면 두동리,5,기타,-12:31,-1
2021-11-26 00:04:00,35.945107,126.97828,신흥동,3,기타,-2:-3,-1
2021-11-27 22:44:00,35.957905,126.998,부송동,4,"공장 냄새(화학약품, 매캐함)",2:0,-1
2021-11-28 15:50:00,36.11216,126.98438,용동면 용성리,4,"가축 분뇨 냄새(닭, 돼지, 소)",0:34,-1
2021-11-28 16:14:00,36.03635,126.985886,삼기면 오룡리,4,하수구 냄새,0:17,-1
2021-11-28 20:03:00,36.11216,126.98438,용동면 용성리,5,"가축 분뇨 냄새(닭, 돼지, 소)",0:34,-1
2021-11-28 20:55:00,35.957474,126.99934,부송동,5,"공장 냄새(화학약품, 매캐함)",2:0,-1
2021-11-29 06:32:00,35.928738,126.96312,동산동,5,"공장 냄새(화학약품, 매캐함)",-4:-7,-1
2021-11-29 09:30:00,35.940243,126.9859,신흥동,3,하수구 냄새,0:-4,-1
2021-11-29 20:12:00,35.956284,126.98814,부송동,4,"공장 냄새(화학약품, 매캐함)",0:-1,-1
2021-11-29 20:26:00,35.9409,126.950905,창인동1가,5,하수구 냄새,-7:-4,-1
2021-11-29 20:28:00,35.959385,126.999245,부송동,5,"공장 냄새(화학약품, 매캐함)",2:0,-1
2021-11-29 20:34:00,35.934074,126.96948,동산동,3,"가축 분뇨 냄새(닭, 돼지, 소)",-3:-5,-1
2021-11-29 21:03:00,35.92708,126.966,동산동,5,"가축 분뇨 냄새(닭, 돼지, 소)",-4:-7,-1
2021-11-29 21:07:00,35.95744,126.998535,부송동,3,"공장 냄새(화학약품, 매캐함)",2:0,-1
2021-11-29 22:42:00,35.954212,127.013466,석암동,4,"공장 냄새(화학약품, 매캐함)",5:-1,-1
2021-12-01 17:45:00,35.95256,126.95094,모현동1가,4,"가축 분뇨 냄새(닭, 돼지, 소)",-6:-1,-1
2021-12-03 10:14:00,35.946903,127.04003,춘포면 천서리,2,기타,10:-3,-1
2021-12-03 22:52:00,36.045246,126.97553,함열읍 석매리,5,기타,-2:19,-1
2021-12-04 06:32:00,35.92733,126.96649,동산동,4,"가축 분뇨 냄새(닭, 돼지, 소)",-4:-7,-1
2021-12-04 07:29:00,35.94687,127.04003,춘포면 천서리,2,기타,10:-3,-1
2021-12-04 13:38:00,35.95803,126.97406,영등동,3,기타,-2:0,-1
2021-12-04 22:11:00,35.927113,126.95459,인화동2가,4,"공장 냄새(화학약품, 매캐함)",-6:-7,-1
2021-12-05 20:30:00,35.957256,126.99969,부송동,4,"공장 냄새(화학약품, 매캐함)",2:0,-1
2021-12-05 22:34:00,35.941006,126.95075,창인동1가,5,"가축 분뇨 냄새(닭, 돼지, 소)",-7:-4,-1
2021-12-06 08:00:00,36.054333,126.96333,함열읍 석매리,5,"가축 분뇨 냄새(닭, 돼지, 소)",-4:21,-1
2021-12-07 07:28:00,35.928738,126.96312,동산동,5,"가축 분뇨 냄새(닭, 돼지, 소)",-4:-7,-1
2021-12-07 08:23:00,35.960033,126.98953,부송동,5,"공장 냄새(화학약품, 매캐함)",0:0,-1
2021-12-08 01:27:00,35.960106,126.998535,부송동,2,"가축 분뇨 냄새(닭, 돼지, 소)",2:0,-1
2021-12-08 08:41:00,35.937252,126.97888,신흥동,5,"가축 분뇨 냄새(닭, 돼지, 소)",-1:-5,-1
2021-12-08 22:40:00,35.94088,126.95057,창인동1가,3,"공장 냄새(화학약품, 매캐함)",-7:-4,-1
2021-12-09 10:36:00,35.964996,126.948654,신용동,3,"공장 냄새(화학약품, 매캐함)",-7:1,-1
2021-12-11 20:56:00,35.91661,126.884995,오산면 신지리,5,기타,-18:-9,-1
2021-12-12 09:17:00,35.94543,126.9777,신흥동,5,기타,-2:-3,-1
2021-12-15 06:13:00,36.007027,127.09937,왕궁면 동봉리,5,기타,20:11,-1
2021-12-15 18:46:00,35.93154,126.88178,오산면 신지리,5,"가축 분뇨 냄새(닭, 돼지, 소)",-19:-6,-1
2021-12-15 22:15:00,35.957905,126.99794,부송동,3,"공장 냄새(화학약품, 매캐함)",2:0,-1
2021-12-15 22:34:00,35.95897,126.99958,부송동,5,"공장 냄새(화학약품, 매캐함)",2:0,-1
2021-12-18 19:46:00,35.954155,126.981735,어양동,3,기타,-1:-1,-1
2021-12-22 08:40:00,35.94687,127.04012,춘포면 천서리,2,기타,10:-3,-1
2021-12-22 17:30:00,35.91661,126.884995,오산면 신지리,5,기타,-18:-9,-1
2021-12-22 19:51:00,35.93154,126.881676,오산면 신지리,5,하수구 냄새,-19:-6,-1
2021-12-23 00:09:00,35.96396,126.97384,영등동,5,"공장 냄새(화학약품, 매캐함)",-2:1,-1
2021-12-28 21:23:00,35.96589,126.93929,현영동,4,기타,-9:2,-1
2021-12-29 14:06:00,35.96498,126.95426,신동,4,하수구 냄새,-6:1,-1
2021-12-29 14:15:00,35.97057,126.95322,신동,5,하수구 냄새,-6:3,-1
2022-01-03 06:10:00,35.94683,127.03995,춘포면 천서리,2,기타,10:-3,-1
2022-01-03 22:04:00,35.92708,126.96709,동산동,3,기타,-4:-7,-1
2022-01-06 09:35:00,35.939663,126.98612,신흥동,3,"가축 분뇨 냄새(닭, 돼지, 소)",0:-4,-1
2022-01-07 07:05:00,35.95614,126.97834,영등동,4,"가축 분뇨 냄새(닭, 돼지, 소)",-2:-1,-1
2022-01-11 19:04:00,35.93153,126.881676,오산면 신지리,5,"가축 분뇨 냄새(닭, 돼지, 소)",-19:-6,-1
2022-01-12 20:01:00,35.93153,126.881676,오산면 신지리,5,"가축 분뇨 냄새(닭, 돼지, 소)",-19:-6,-1
2022-01-12 20:01:00,35.94122,126.95237,창인동1가,3,"공장 냄새(화학약품, 매캐함)",-6:-4,-1
2022-01-13 05:43:00,35.956146,126.97833,영등동,3,"공장 냄새(화학약품, 매캐함)",-2:-1,-1
2022-01-14 22:18:00,35.958122,126.99843,부송동,3,"가축 분뇨 냄새(닭, 돼지, 소)",2:0,-1
2022-01-14 22:33:00,35.93018,126.971634,금강동,4,"가축 분뇨 냄새(닭, 돼지, 소)",-3:-6,-1
2022-01-14 22:42:00,35.949936,126.97615,영등동,4,기타,-2:-2,-1
2022-01-14 22:51:00,35.953903,126.98475,어양동,5,하수구 냄새,0:-1,-1
2022-01-15 19:18:00,35.946583,126.97163,영등동,3,"공장 냄새(화학약품, 매캐함)",-3:-3,-1
2022-01-15 23:44:00,35.95614,126.97837,영등동,3,기타,-2:-1,-1
2022-01-19 10:09:00,35.990116,127.09914,왕궁면 동용리,3,기타,20:7,-1
2022-01-21 18:05:00,35.91661,126.884995,오산면 신지리,5,기타,-18:-9,-1
2022-01-23 18:27:00,35.91661,126.884995,오산면 신지리,5,기타,-18:-9,-1
2022-01-27 18:07:00,36.04677,126.9842,낭산면 용기리,5,기타,-1:19,-1
2022-01-30 22:55:00,35.936634,126.96924,마동,3,"공장 냄새(화학약품, 매캐함)",-3:-5,-1
2022-02-03 19:01:00,35.965115,126.94867,신용동,3,"공장 냄새(화학약품, 매캐함)",-7:1,-1
2022-02-08 09:30:00,35.957565,126.99843,부송동,3,"공장 냄새(화학약품, 매캐함)",2:0,-1
2022-02-08 13:55:00,35.933563,127.05579,왕궁면 쌍제리,4,"가축 분뇨 냄새(닭, 돼지, 소)",12:-6,-1
2022-02-08 18:18:00,35.95256,126.95094,모현동1가,5,"공장 냄새(화학약품, 매캐함)",-6:-1,-1
2022-02-13 10:22:00,35.926525,127.06391,왕궁면 온수리,3,기타,14:-7,-1
2022-02-13 10:25:00,35.92187,127.071175,왕궁면 온수리,3,기타,15:-8,-1
2022-02-14 06:17:00,35.94683,127.04012,춘포면 천서리,2,기타,10:-3,-1
2022-02-14 08:55:00,35.945576,126.97699,신흥동,3,기타,-2:-3,-1
2022-02-14 09:03:00,35.89954,126.98179,석탄동,3,기타,-1:-13,-1
2022-02-17 16:52:00,35.97356,126.9366,현영동,4,기타,-9:3,-1
2022-02-18 14:53:00,35.925804,127.066216,왕궁면 온수리,3,기타,14:-7,-1
2022-02-19 21:51:00,35.960186,127.01432,팔봉동,4,"공장 냄새(화학약품, 매캐함)",5:0,-1
2022-02-24 23:36:00,35.927006,126.961395,동산동,4,"가축 분뇨 냄새(닭, 돼지, 소)",-5:-7,-1
2022-02-25 19:19:00,35.92339,127.06639,왕궁면 온수리,3,"가축 분뇨 냄새(닭, 돼지, 소)",14:-8,-1
2022-02-25 21:30:00,36.01986,126.88877,함라면 신목리,3,"가축 분뇨 냄새(닭, 돼지, 소)",-18:13,-1
2022-02-26 09:42:00,35.926525,127.06391,왕궁면 온수리,3,기타,14:-7,-1
2022-02-26 20:31:00,35.965565,126.98319,어양동,3,"공장 냄새(화학약품, 매캐함)",-1:1,-1
2022-02-27 10:22:00,35.923927,127.067726,왕궁면 온수리,3,기타,15:-8,-1
2022-02-28 01:20:00,35.962013,126.98397,어양동,4,하수구 냄새,-1:1,-1
2022-02-28 23:21:00,35.955418,126.98692,어양동,3,"가축 분뇨 냄새(닭, 돼지, 소)",0:-1,-1
2022-03-01 11:18:00,35.926525,127.06391,왕궁면 온수리,3,기타,14:-7,-1
2022-03-03 10:40:00,35.92339,127.06639,왕궁면 온수리,3,기타,14:-8,-1
2022-03-03 20:56:00,35.956604,126.99422,부송동,3,"공장 냄새(화학약품, 매캐함)",1:0,-1
2022-03-04 09:24:00,35.92487,127.064,왕궁면 온수리,3,기타,14:-8,-1
2022-03-04 10:56:00,35.99874,126.93536,황등면 신기리,4,기타,-9:9,-1
2022-03-06 08:14:00,35.926525,127.06391,왕궁면 온수리,4,기타,14:-7,-1
2022-03-08 00:39:00,35.92715,126.96126,동산동,4,하수구 냄새,-5:-7,-1
2022-03-08 15:08:00,35.94744,126.9464,모현동1가,3,"공장 냄새(화학약품, 매캐함)",-7:-3,-1
2022-03-09 00:52:00,35.94744,126.9464,모현동1가,4,기타,-7:-3,-1
2022-03-10 22:00:00,35.926525,127.06391,왕궁면 온수리,4,기타,14:-7,-1
2022-03-10 23:53:00,35.955204,126.993706,부송동,5,"공장 냄새(화학약품, 매캐함)",1:-1,-1
2022-03-11 08:56:00,35.926525,127.06391,왕궁면 온수리,3,기타,14:-7,-1
2022-03-11 11:28:00,35.94861,126.96401,영등동,3,"공장 냄새(화학약품, 매캐함)",-4:-2,-1
2022-03-12 01:26:00,35.94857,126.964,영등동,5,하수구 냄새,-4:-2,-1
2022-03-12 03:49:00,35.94744,126.94642,모현동1가,5,기타,-7:-3,-1
2022-03-12 06:03:00,35.946903,127.04001,춘포면 천서리,2,"가축 분뇨 냄새(닭, 돼지, 소)",10:-3,-1
2022-03-13 16:40:00,36.11216,126.98438,용동면 용성리,5,"가축 분뇨 냄새(닭, 돼지, 소)",0:34,-1
2022-03-16 11:36:00,35.92339,127.06639,왕궁면 온수리,3,기타,14:-8,-1
2022-03-16 14:12:00,35.924183,127.06356,왕궁면 온수리,5,기타,14:-8,-1
2022-03-16 17:21:00,35.933456,127.05543,왕궁면 쌍제리,3,하수구 냄새,12:-6,-1
2022-03-17 16:53:00,35.924183,127.06356,왕궁면 온수리,5,기타,14:-8,-1
2022-03-18 15:02:00,35.926525,127.06391,왕궁면 온수리,3,기타,14:-7,-1
2022-03-20 20:25:00,35.96305,126.94989,신동,3,"가축 분뇨 냄새(닭, 돼지, 소)",-7:1,-1
2022-03-21 12:02:00,35.926525,127.06391,왕궁면 온수리,4,기타,14:-7,-1
2022-03-23 03:50:00,35.960392,126.985725,어양동,4,하수구 냄새,0:0,-1
2022-03-23 06:29:00,35.94687,127.039986,춘포면 천서리,2,하수구 냄새,10:-3,-1
2022-03-24 09:58:00,35.92339,127.06639,왕궁면 온수리,3,기타,14:-8,-1
2022-03-24 14:49:00,35.926525,127.06391,왕궁면 온수리,4,기타,14:-7,-1
2022-03-24 20:51:00,35.92629,126.95856,동산동,3,"공장 냄새(화학약품, 매캐함)",-5:-7,-1
2022-03-24 22:52:00,35.961437,126.974945,영등동,5,"공장 냄새(화학약품, 매캐함)",-2:1,-1
2022-03-25 09:07:00,35.92487,127.064,왕궁면 온수리,3,기타,14:-8,-1
2022-03-25 13:07:00,35.926525,127.06391,왕궁면 온수리,4,기타,14:-7,-1
2022-03-25 17:45:00,35.923927,127.067726,왕궁면 온수리,3,기타,15:-8,-1
2022-03-25 22:08:00,35.957546,126.99956,부송동,5,"공장 냄새(화학약품, 매캐함)",2:0,-1
2022-03-26 11:53:00,35.930798,126.9957,신흥동,3,기타,2:-6,-1
2022-03-26 13:09:00,35.924183,127.06356,왕궁면 온수리,5,기타,14:-8,-1
2022-03-27 10:41:00,36.11216,126.98438,용동면 용성리,4,"가축 분뇨 냄새(닭, 돼지, 소)",0:34,-1
2022-03-27 16:57:00,36.11173,126.98509,용동면 용성리,3,기타,0:34,-1
2022-03-28 11:28:00,35.924183,127.06356,왕궁면 온수리,5,기타,14:-8,-1
2022-03-29 06:42:00,35.94687,127.04003,춘포면 천서리,2,하수구 냄새,10:-3,-1
2022-03-29 18:30:00,36.11216,126.98438,용동면 용성리,4,"가축 분뇨 냄새(닭, 돼지, 소)",0:34,-1
2022-03-30 17:13:00,35.926525,127.06391,왕궁면 온수리,5,기타,14:-7,-1
2022-03-31 14:45:00,35.924183,127.06356,왕궁면 온수리,5,기타,14:-8,-1
2022-04-01 12:24:00,35.926525,127.06391,왕궁면 온수리,5,기타,14:-7,-1
2022-04-01 22:54:00,35.94744,126.94642,모현동1가,5,"가축 분뇨 냄새(닭, 돼지, 소)",-7:-3,-1
2022-04-02 07:14:00,35.96079,126.99423,부송동,4,"가축 분뇨 냄새(닭, 돼지, 소)",1:0,-1
2022-04-02 21:16:00,36.11216,126.98438,용동면 용성리,5,"가축 분뇨 냄새(닭, 돼지, 소)",0:34,-1
2022-04-04 06:03:00,35.946903,127.04003,춘포면 천서리,2,"가축 분뇨 냄새(닭, 돼지, 소)",10:-3,-1
2022-04-04 08:12:00,35.960068,126.9894,부송동,3,"공장 냄새(화학약품, 매캐함)",0:0,-1
2022-04-04 12:36:00,35.924183,127.06356,왕궁면 온수리,5,기타,14:-8,-1
2022-04-05 06:17:00,35.960285,126.9894,부송동,4,"공장 냄새(화학약품, 매캐함)",0:0,-1
2022-04-06 02:03:00,35.94744,126.9464,모현동1가,5,기타,-7:-3,-1
2022-04-06 18:14:00,35.956635,127.103134,왕궁면 흥암리,4,"가축 분뇨 냄새(닭, 돼지, 소)",21:0,-1
2022-04-08 05:05:00,35.955418,126.993835,부송동,5,"공장 냄새(화학약품, 매캐함)",1:-1,-1
2022-04-09 05:47:00,35.94336,126.98422,신흥동,5,"공장 냄새(화학약품, 매캐함)",0:-3,-1
2022-04-10 11:58:00,36.11216,126.98438,용동면 용성리,3,기타,0:34,-1
2022-04-10 21:35:00,35.96104,126.9753,영등동,3,"공장 냄새(화학약품, 매캐함)",-2:0,-1
2022-04-10 21:53:00,35.953255,126.984215,어양동,2,"공장 냄새(화학약품, 매캐함)",0:-1,-1
2022-04-10 22:29:00,35.960365,126.98928,부송동,5,"공장 냄새(화학약품, 매캐함)",0:0,-1
2022-04-11 09:56:00,35.943466,126.98427,신흥동,5,"공장 냄새(화학약품, 매캐함)",0:-3,-1
2022-04-11 19:17:00,35.956318,127.015495,팔봉동,5,"공장 냄새(화학약품, 매캐함)",5:-1,-1
2022-04-12 08:14:00,35.94339,126.9842,신흥동,4,"공장 냄새(화학약품, 매캐함)",-1:-3,-1
2022-04-13 08:28:00,35.943165,126.98419,신흥동,4,"공장 냄새(화학약품, 매캐함)",-1:-3,-1
2022-04-17 07:33:00,36.03634,126.98683,삼기면 오룡리,5,하수구 냄새,0:17,-1
2022-04-18 07:05:00,35.957726,126.99792,부송동,3,"공장 냄새(화학약품, 매캐함)",2:0,-1
2022-04-18 16:53:00,35.951164,126.98156,어양동,1,"공장 냄새(화학약품, 매캐함)",-1:-2,-1
2022-04-18 21:02:00,35.957184,126.99916,부송동,5,"공장 냄새(화학약품, 매캐함)",2:0,-1
2022-04-19 00:29:00,35.95322,127.01217,팔봉동,5,"공장 냄새(화학약품, 매캐함)",5:-1,-1
2022-04-19 08:38:00,35.968685,127.008736,부송동,3,"공장 냄새(화학약품, 매캐함)",4:2,-1
2022-04-21 20:46:00,35.969368,127.007935,부송동,5,"공장 냄새(화학약품, 매캐함)",4:2,-1
2022-04-22 09:52:00,35.943386,126.98383,신흥동,5,"공장 냄새(화학약품, 매캐함)",-1:-3,-1
2022-04-23 13:39:00,35.954735,126.98701,어양동,3,"가축 분뇨 냄새(닭, 돼지, 소)",0:-1,-1
2022-04-23 22:13:00,35.926662,126.958885,동산동,4,"공장 냄새(화학약품, 매캐함)",-5:-7,-1
2022-04-24 13:54:00,35.94982,126.9321,오산면 장신리,3,"공장 냄새(화학약품, 매캐함)",-10:-2,-1
2022-04-25 06:05:00,35.946903,127.039986,춘포면 천서리,2,기타,10:-3,-1
2022-04-25 16:19:00,35.93363,127.05591,왕궁면 쌍제리,4,"가축 분뇨 냄새(닭, 돼지, 소)",12:-6,-1
2022-04-25 21:06:00,35.96544,127.015564,팔봉동,4,기타,5:1,-1
2022-04-25 21:30:00,35.957294,126.99956,부송동,5,"공장 냄새(화학약품, 매캐함)",2:0,-1
2022-04-26 20:17:00,36.07827,126.96154,함열읍 와리,4,기타,-5:26,-1
2022-04-27 12:41:00,35.93656,127.057014,왕궁면 쌍제리,5,기타,13:-5,-1
2022-04-28 07:12:00,35.928738,126.96312,동산동,4,"가축 분뇨 냄새(닭, 돼지, 소)",-4:-7,-1
2022-04-29 14:00:00,36.031998,126.95424,함열읍 다송리,4,음식조리 냄새,-6:16,-1
2022-04-30 09:35:00,36.068977,126.987564,낭산면 용기리,3,기타,0:24,-1
2022-05-01 03:53:00,35.95612,126.978264,영등동,2,"가축 분뇨 냄새(닭, 돼지, 소)",-2:-1,-1
2022-05-01 06:42:00,35.951992,126.985344,어양동,3,"가축 분뇨 냄새(닭, 돼지, 소)",0:-2,-1
2022-05-01 06:57:00,35.955257,127.00618,팔봉동,4,"가축 분뇨 냄새(닭, 돼지, 소)",3:-1,-1
2022-05-03 08:00:00,35.96544,127.015564,팔봉동,3,"공장 냄새(화학약품, 매캐함)",5:1,-1
2022-05-03 22:03:00,35.965836,127.01546,팔봉동,4,"가축 분뇨 냄새(닭, 돼지, 소)",5:2,-1
2022-05-04 00:30:00,35.94744,126.9464,모현동1가,4,기타,-7:-3,-1
2022-05-04 02:41:00,35.9561,126.97814,영등동,3,"가축 분뇨 냄새(닭, 돼지, 소)",-2:-1,-1
2022-05-05 17:59:00,36.11216,126.98438,용동면 용성리,3,기타,0:34,-1
2022-05-05 20:56:00,35.96544,127.015564,팔봉동,3,"가축 분뇨 냄새(닭, 돼지, 소)",5:1,-1
2022-05-05 22:42:00,35.934002,126.96915,동산동,4,하수구 냄새,-3:-5,-1
2022-05-05 22:42:00,35.95578,126.99401,부송동,4,"공장 냄새(화학약품, 매캐함)",1:-1,-1
2022-05-05 22:45:00,35.934074,126.96999,동산동,3,하수구 냄새,-3:-5,-1
2022-05-05 22:50:00,35.960754,126.9941,부송동,4,"공장 냄새(화학약품, 매캐함)",1:0,-1
2022-05-05 23:11:00,35.927837,126.966,동산동,3,"가축 분뇨 냄새(닭, 돼지, 소)",-4:-7,-1
2022-05-07 07:04:00,35.946903,127.04001,춘포면 천서리,2,하수구 냄새,10:-3,-1
2022-05-07 07:32:00,35.951633,126.980225,어양동,4,하수구 냄새,-1:-2,-1
2022-05-07 07:39:00,35.953777,126.98508,어양동,5,"가축 분뇨 냄새(닭, 돼지, 소)",0:-1,-1
2022-05-08 12:14:00,36.11216,126.98438,용동면 용성리,5,하수구 냄새,0:34,-1
2022-05-09 21:56:00,35.930885,126.97156,동산동,4,기타,-3:-6,-1
2022-05-09 22:10:00,35.96313,126.98302,어양동,4,하수구 냄새,-1:1,-1
2022-05-09 22:22:00,35.949818,126.96736,영등동,5,"가축 분뇨 냄새(닭, 돼지, 소)",-4:-2,-1
2022-05-09 22:34:00,35.930294,126.95895,동산동,5,기타,-5:-6,-1
2022-05-09 23:56:00,35.93346,126.97059,동산동,4,하수구 냄새,-3:-6,-1
2022-05-09 23:56:00,35.959995,126.989624,부송동,5,"공장 냄새(화학약품, 매캐함)",0:0,-1
2022-05-10 00:12:00,35.960575,126.9894,부송동,5,"공장 냄새(화학약품, 매캐함)",0:0,-1
2022-05-10 05:42:00,35.94687,127.039986,춘포면 천서리,2,하수구 냄새,10:-3,-1
2022-05-11 06:03:00,35.954525,127.01358,팔봉동,4,"가축 분뇨 냄새(닭, 돼지, 소)",5:-1,-1
2022-05-12 02:19:00,35.940845,126.95075,창인동1가,5,"가축 분뇨 냄새(닭, 돼지, 소)",-7:-4,-1
2022-05-12 19:37:00,35.966305,127.01578,팔봉동,5,"공장 냄새(화학약품, 매캐함)",5:2,-1
2022-05-16 06:27:00,35.940952,126.9488,창인동1가,5,"가축 분뇨 냄새(닭, 돼지, 소)",-7:-4,-1
2022-05-16 07:55:00,35.953556,126.9593,남중동,4,"가축 분뇨 냄새(닭, 돼지, 소)",-5:-1,-1
2022-05-17 22:29:00,35.96014,126.98931,부송동,3,"가축 분뇨 냄새(닭, 돼지, 소)",0:0,-1
2022-05-17 23:22:00,35.960106,126.99942,부송동,4,기타,2:0,-1
2022-05-19 23:25:00,35.96295,126.984566,부송동,3,"공장 냄새(화학약품, 매캐함)",0:1,-1
2022-05-19 23:34:00,35.95826,126.96204,신동,3,"공장 냄새(화학약품, 매캐함)",-4:0,-1
2022-05-19 23:43:00,35.92708,126.966225,동산동,4,기타,-4:-7,-1
2022-05-20 05:59:00,35.946903,127.04001,춘포면 천서리,2,"공장 냄새(화학약품, 매캐함)",10:-3,-1
2022-05-20 08:25:00,35.960575,126.994194,부송동,4,"공장 냄새(화학약품, 매캐함)",1:0,-1
2022-05-22 09:11:00,36.00427,127.0571,금마면 신용리,3,기타,13:10,-1
2022-05-23 05:49:00,35.947304,126.9687,영등동,3,"가축 분뇨 냄새(닭, 돼지, 소)",-3:-3,-1
2022-05-23 22:50:00,35.962494,126.99245,부송동,4,기타,1:1,-1
2022-05-24 02:37:00,35.956112,126.978264,영등동,5,기타,-2:-1,-1
2022-05-24 08:40:00,36.03151,126.95396,함열읍 다송리,4,음식조리 냄새,-6:16,-1
2022-05-24 18:06:00,35.92433,127.053764,춘포면 쌍정리,4,"가축 분뇨 냄새(닭, 돼지, 소)",12:-8,-1
2022-05-24 20:33:00,35.965153,127.01583,팔봉동,3,"공장 냄새(화학약품, 매캐함)",5:1,-1
2022-05-25 21:48:00,36.134422,127.00156,망성면 화산리,4,기타,3:39,-1
2022-05-26 21:51:00,35.957527,126.997894,부송동,4,음식조리 냄새,2:0,-1
2022-05-26 22:22:00,35.95826,126.96204,신동,4,"공장 냄새(화학약품, 매캐함)",-4:0,-1
2022-05-27 00:13:00,35.9576,126.98431,어양동,4,기타,0:0,-1
2022-05-27 00:14:00,35.95614,126.97819,영등동,5,기타,-2:-1,-1
2022-05-28 20:29:00,35.928486,126.96397,동산동,4,"가축 분뇨 냄새(닭, 돼지, 소)",-4:-7,-1
2022-05-29 00:54:00,35.92643,126.958694,동산동,4,"가축 분뇨 냄새(닭, 돼지, 소)",-5:-7,-1
2022-05-29 02:19:00,35.956047,126.97825,영등동,3,기타,-2:-1,-1
2022-05-30 21:41:00,35.95826,126.96204,신동,4,"공장 냄새(화학약품, 매캐함)",-4:0,-1
2022-05-31 05:49:00,35.955025,127.00614,팔봉동,4,"가축 분뇨 냄새(닭, 돼지, 소)",3:-1,-1
2022-05-31 05:52:00,35.95257,126.98581,어양동,5,하수구 냄새,0:-1,-1
2022-05-31 06:54:00,35.961113,126.978714,영등동,4,"가축 분뇨 냄새(닭, 돼지, 소)",-1:1,-1
2022-05-31 07:11:00,35.927944,126.9645,동산동,3,기타,-4:-7,-1
2022-05-31 21:06:00,35.931973,126.94097,평화동,5,"가축 분뇨 냄새(닭, 돼지, 소)",-8:-6,-1
2022-05-31 21:30:00,35.9543,126.98581,어양동,5,"공장 냄새(화학약품, 매캐함)",0:-1,-1
2022-05-31 21:59:00,35.96162,126.99432,부송동,5,"공장 냄새(화학약품, 매캐함)",1:1,-1
2022-05-31 22:54:00,35.956646,126.97488,영등동,4,"공장 냄새(화학약품, 매캐함)",-2:0,-1
2022-05-31 22:55:00,35.925564,126.97195,동산동,3,기타,-3:-7,-1
2022-06-01 01:57:00,35.956375,126.994026,부송동,4,"가축 분뇨 냄새(닭, 돼지, 소)",1:-1,-1
2022-06-01 04:40:00,35.946903,127.04001,춘포면 천서리,2,"공장 냄새(화학약품, 매캐함)",10:-3,-1
2022-06-01 23:08:00,35.929928,126.96498,동산동,4,기타,-4:-6,-1
2022-06-01 23:10:00,35.956284,126.978004,영등동,3,기타,-2:-1,-1
2022-06-01 23:27:00,35.9543,126.988846,어양동,4,하수구 냄새,0:-1,-1
2022-06-01 23:30:00,35.927692,126.96587,동산동,3,"가축 분뇨 냄새(닭, 돼지, 소)",-4:-7,-1
2022-06-01 23:45:00,35.92751,126.96113,동산동,4,"가축 분뇨 냄새(닭, 돼지, 소)",-5:-7,-1
2022-06-01 23:47:00,35.93299,126.96356,동산동,3,기타,-4:-6,-1
2022-06-02 09:37:00,35.94363,126.98513,신흥동,5,"공장 냄새(화학약품, 매캐함)",0:-3,-1
2022-06-03 08:47:00,35.933628,127.05606,왕궁면 쌍제리,4,"가축 분뇨 냄새(닭, 돼지, 소)",12:-6,-1
2022-06-03 22:38:00,36.02409,126.9732,삼기면 서두리,3,하수구 냄새,-2:14,-1
2022-06-04 18:56:00,35.960106,126.989716,부송동,5,"가축 분뇨 냄새(닭, 돼지, 소)",0:0,-1
2022-06-04 19:18:00,35.93025,126.96704,동산동,4,"가축 분뇨 냄새(닭, 돼지, 소)",-4:-6,-1
2022-06-04 21:04:00,35.95632,126.99667,부송동,4,"가축 분뇨 냄새(닭, 돼지, 소)",2:-1,-1
2022-06-04 22:20:00,35.95711,126.98811,부송동,3,기타,0:0,-1
2022-06-04 22:29:00,35.955,126.98676,어양동,3,기타,0:-1,-1
2022-06-06 17:35:00,36.067604,126.9857,낭산면 용기리,5,기타,0:24,-1
2022-06-06 19:12:00,35.947445,126.95606,남중동,2,"공장 냄새(화학약품, 매캐함)",-6:-3,-1
2022-06-06 19:14:00,35.94972,126.95888,남중동,3,"공장 냄새(화학약품, 매캐함)",-5:-2,-1
2022-06-07 01:25:00,35.92647,126.95897,동산동,3,하수구 냄새,-5:-7,-1
2022-06-07 17:09:00,35.94744,126.94642,모현동1가,4,"공장 냄새(화학약품, 매캐함)",-7:-3,-1
2022-06-07 21:45:00,35.95826,126.96204,신동,3,"공장 냄새(화학약품, 매캐함)",-4:0,-1
2022-06-07 22:15:00,35.92509,127.05359,춘포면 쌍정리,4,"가축 분뇨 냄새(닭, 돼지, 소)",12:-7,-1
2022-06-07 22:20:00,35.924114,127.0531,춘포면 쌍정리,5,기타,12:-8,-1
2022-06-08 07:50:00,35.953903,126.98453,어양동,4,음식조리 냄새,0:-1,-1
2022-06-08 19:07:00,35.924114,127.0531,춘포면 쌍정리,4,"가축 분뇨 냄새(닭, 돼지, 소)",12:-8,-1
2022-06-09 00:58:00,35.92451,127.05279,춘포면 쌍정리,4,"가축 분뇨 냄새(닭, 돼지, 소)",12:-8,-1
2022-06-09 05:53:00,35.92509,127.05359,춘포면 쌍정리,4,"가축 분뇨 냄새(닭, 돼지, 소)",12:-7,-1
2022-06-09 21:41:00,36.07038,126.9881,낭산면 용기리,5,"가축 분뇨 냄새(닭, 돼지, 소)",0:25,-1
2022-06-09 23:00:00,35.95758,126.997826,부송동,3,하수구 냄새,2:0,-1
2022-06-10 06:14:00,35.92509,127.05359,춘포면 쌍정리,4,"가축 분뇨 냄새(닭, 돼지, 소)",12:-7,-1
2022-06-10 07:20:00,35.95387,126.98528,어양동,5,"가축 분뇨 냄새(닭, 돼지, 소)",0:-1,-1
2022-06-10 16:57:00,35.963306,126.95432,신동,3,"공장 냄새(화학약품, 매캐함)",-6:1,-1
2022-06-11 19:54:00,35.924114,127.0531,춘포면 쌍정리,4,"가축 분뇨 냄새(닭, 돼지, 소)",12:-8,-1
2022-06-11 21:00:00,35.95639,126.99493,부송동,4,"가축 분뇨 냄새(닭, 돼지, 소)",1:-1,-1
2022-06-11 21:03:00,35.931973,126.940994,평화동,4,"가축 분뇨 냄새(닭, 돼지, 소)",-8:-6,-1
2022-06-11 21:25:00,36.03301,126.92388,황등면 구자리,4,"가축 분뇨 냄새(닭, 돼지, 소)",-11:16,-1
2022-06-11 21:50:00,35.958626,126.98151,어양동,4,하수구 냄새,-1:0,-1
2022-06-11 22:02:00,35.92509,127.05359,춘포면 쌍정리,5,"가축 분뇨 냄새(닭, 돼지, 소)",12:-7,-1
2022-06-11 23:08:00,35.95826,126.96204,신동,3,"공장 냄새(화학약품, 매캐함)",-4:0,-1
2022-06-11 23:46:00,35.931408,126.970566,동산동,4,기타,-3:-6,-1
2022-06-12 15:47:00,35.91661,126.884995,오산면 신지리,5,기타,-18:-9,-1
2022-06-13 17:40:00,35.9532,126.98437,어양동,5,"가축 분뇨 냄새(닭, 돼지, 소)",0:-1,-1
2022-06-14 06:07:00,35.946903,127.04001,춘포면 천서리,1,"가축 분뇨 냄새(닭, 돼지, 소)",10:-3,-1
2022-06-14 06:19:00,36.06899,126.987526,낭산면 용기리,3,기타,0:24,-1
2022-06-14 21:40:00,35.924114,127.0531,춘포면 쌍정리,4,"가축 분뇨 냄새(닭, 돼지, 소)",12:-8,-1
2022-06-14 21:46:00,35.92509,127.05359,춘포면 쌍정리,4,"가축 분뇨 냄새(닭, 돼지, 소)",12:-7,-1
2022-06-16 20:38:00,35.95826,126.96204,신동,3,"공장 냄새(화학약품, 매캐함)",-4:0,-1
2022-06-17 01:49:00,35.956177,126.99153,부송동,4,"가축 분뇨 냄새(닭, 돼지, 소)",1:-1,-1
2022-06-17 02:37:00,35.93649,126.96875,마동,5,"가축 분뇨 냄새(닭, 돼지, 소)",-3:-5,-1
2022-06-17 02:45:00,35.956318,126.97814,영등동,4,기타,-2:-1,-1
2022-06-17 05:59:00,35.92509,127.05359,춘포면 쌍정리,4,"가축 분뇨 냄새(닭, 돼지, 소)",12:-7,-1
2022-06-17 09:41:00,35.953472,126.98532,어양동,3,음식조리 냄새,0:-1,-1
2022-06-17 11:07:00,36.000248,127.06374,금마면 동고도리,3,"공장 냄새(화학약품, 매캐함)",14:9,-1
2022-06-18 21:15:00,35.96034,127.0143,팔봉동,3,"공장 냄새(화학약품, 매캐함)",5:0,-1
2022-06-18 23:12:00,35.92751,126.961105,동산동,3,기타,-5:-7,-1
2022-06-19 20:35:00,36.037178,126.98708,삼기면 오룡리,5,하수구 냄새,0:17,-1
2022-06-21 09:17:00,35.933487,127.0561,왕궁면 쌍제리,3,기타,12:-6,-1
2022-06-21 19:42:00,35.963745,127.01551,팔봉동,3,"공장 냄새(화학약품, 매캐함)",5:1,-1
2022-06-23 11:44:00,35.95322,126.98441,어양동,4,기타,0:-1,-1
2022-06-23 13:39:00,35.92964,126.97249,금강동,5,기타,-3:-6,-1
2022-06-23 14:07:00,35.95643,126.99738,부송동,4,기타,2:-1,-1
2022-06-23 16:44:00,35.92509,127.05359,춘포면 쌍정리,4,"가축 분뇨 냄새(닭, 돼지, 소)",12:-7,-1
2022-06-24 23:21:00,35.932404,126.941154,평화동,4,기타,-8:-6,-1
2022-06-25 21:21:00,35.960068,126.98967,부송동,5,"가축 분뇨 냄새(닭, 돼지, 소)",0:0,181
2022-06-25 21:33:00,35.965366,127.015656,팔봉동,4,기타,5:1,-1
2022-06-25 21:35:00,35.956284,126.978096,영등동,3,기타,-2:-1,181
2022-06-25 21:38:00,35.961475,126.99423,부송동,5,"가축 분뇨 냄새(닭, 돼지, 소)",1:1,181
2022-06-25 21:38:00,35.95394,126.984146,어양동,3,기타,-1:-1,181
2022-06-25 21:40:00,35.95742,126.99583,부송동,3,기타,2:0,181
2022-06-25 21:47:00,35.964645,126.983284,어양동,5,기타,-1:1,181
2022-06-25 21:47:00,35.930035,126.96937,동산동,5,기타,-3:-6,-1
2022-06-25 21:48:00,35.960106,126.989044,부송동,4,"가축 분뇨 냄새(닭, 돼지, 소)",0:0,181
2022-06-25 21:49:00,35.954624,126.97207,영등동,5,기타,-3:-1,181
2022-06-25 21:51:00,35.942257,126.96622,마동,4,기타,-4:-4,-1
2022-06-25 21:52:00,35.95174,126.974686,영등동,3,기타,-2:-2,181
2022-06-25 21:55:00,35.928738,126.96312,동산동,4,기타,-4:-7,-1
2022-06-25 22:00:00,35.943443,126.964355,마동,4,"가축 분뇨 냄새(닭, 돼지, 소)",-4:-3,-1
2022-06-25 22:05:00,35.95183,126.935844,모현동1가,4,"가축 분뇨 냄새(닭, 돼지, 소)",-9:-2,-1
2022-06-25 22:08:00,35.93237,126.94105,평화동,3,"가축 분뇨 냄새(닭, 돼지, 소)",-8:-6,-1
2022-06-25 22:12:00,35.957256,126.98816,부송동,4,"가축 분뇨 냄새(닭, 돼지, 소)",0:0,181
2022-06-25 23:34:00,35.962807,126.98519,부송동,4,기타,0:1,-1
2022-06-26 00:09:00,35.9543,126.988846,어양동,4,"가축 분뇨 냄새(닭, 돼지, 소)",0:-1,-1
2022-06-26 02:38:00,35.95704,126.98125,어양동,4,기타,-1:0,-1
2022-06-26 02:54:00,35.965755,126.985,부송동,3,"가축 분뇨 냄새(닭, 돼지, 소)",0:2,-1
2022-06-26 03:00:00,35.95461,126.99384,부송동,4,하수구 냄새,1:-1,-1
2022-06-26 03:08:00,35.956284,126.99357,부송동,5,기타,1:-1,-1
2022-06-26 04:00:00,35.956173,126.97854,영등동,5,"가축 분뇨 냄새(닭, 돼지, 소)",-2:-1,-1
2022-06-26 04:07:00,35.960285,126.98958,부송동,5,"공장 냄새(화학약품, 매캐함)",0:0,-1
2022-06-26 05:55:00,35.926754,126.95878,동산동,3,기타,-5:-7,-1
2022-06-26 06:53:00,35.953976,126.98537,어양동,5,기타,0:-1,-1
2022-06-26 07:09:00,35.954082,126.97464,영등동,5,기타,-2:-1,182
2022-06-26 07:14:00,35.961617,126.97376,영등동,3,기타,-2:1,182
2022-06-26 07:19:00,35.948387,126.97757,영등동,5,기타,-2:-2,182
2022-06-26 07:50:00,35.96335,126.97355,영등동,4,기타,-2:1,-1
2022-06-26 07:53:00,35.954155,126.982544,어양동,3,기타,-1:-1,182
2022-06-26 21:30:00,35.964413,127.015236,팔봉동,3,"공장 냄새(화학약품, 매캐함)",5:1,-1
2022-06-26 22:28:00,35.961582,126.993835,부송동,4,기타,1:1,-1
2022-06-26 22:35:00,35.96526,127.015785,팔봉동,4,"공장 냄새(화학약품, 매캐함)",5:1,-1
2022-06-26 23:03:00,35.94377,126.96449,마동,2,"가축 분뇨 냄새(닭, 돼지, 소)",-4:-3,-1
2022-06-26 23:09:00,35.95989,126.989006,부송동,5,음식조리 냄새,0:0,183
2022-06-26 23:15:00,35.962807,126.98519,부송동,3,기타,0:1,183
2022-06-26 23:16:00,35.963963,126.97916,영등동,4,기타,-1:1,183
2022-06-26 23:19:00,35.948097,126.96872,영등동,3,기타,-3:-2,184
2022-06-26 23:20:00,35.94597,126.964134,마동,5,하수구 냄새,-4:-3,184
2022-06-26 23:21:00,35.942257,126.96622,마동,5,"가축 분뇨 냄새(닭, 돼지, 소)",-4:-4,184
2022-06-26 23:22:00,35.963924,126.98355,어양동,4,기타,-1:1,183
2022-06-26 23:25:00,35.928627,126.96326,동산동,4,"가축 분뇨 냄새(닭, 돼지, 소)",-4:-7,-1
2022-06-26 23:36:00,35.95826,126.96202,신동,4,기타,-4:0,-1
2022-06-26 23:41:00,35.961872,126.98631,부송동,5,"가축 분뇨 냄새(닭, 돼지, 소)",0:1,183
2022-06-26 23:58:00,35.951595,126.97579,영등동,3,기타,-2:-2,184
2022-06-27 00:09:00,35.96122,126.974945,영등동,4,기타,-2:1,183
2022-06-27 00:13:00,35.95775,126.962715,신동,4,기타,-4:0,-1
2022-06-27 01:20:00,36.075737,126.96329,함열읍 와리,5,기타,-4:26,-1
2022-06-27 02:56:00,35.96371,127.01547,팔봉동,5,"가축 분뇨 냄새(닭, 돼지, 소)",5:1,-1
2022-06-27 06:31:00,35.946903,127.04001,춘포면 천서리,2,"가축 분뇨 냄새(닭, 돼지, 소)",10:-3,-1
2022-06-27 06:37:00,35.94744,126.9464,모현동1가,3,기타,-7:-3,-1
2022-06-27 08:56:00,35.954266,127.011375,팔봉동,2,"가축 분뇨 냄새(닭, 돼지, 소)",4:-1,-1
2022-06-27 09:24:00,35.953506,126.974815,영등동,5,기타,-2:-1,-1
2022-06-27 09:26:00,35.954266,126.98457,어양동,3,"가축 분뇨 냄새(닭, 돼지, 소)",0:-1,-1
2022-06-27 18:32:00,35.956463,126.997475,부송동,4,하수구 냄새,2:-1,-1
2022-06-27 18:57:00,35.960213,126.98909,부송동,5,기타,0:0,-1
2022-06-27 18:57:00,35.95725,126.995766,부송동,3,기타,2:0,-1
2022-06-27 19:12:00,35.953785,126.98414,어양동,4,기타,-1:-1,-1
2022-06-27 19:17:00,35.954517,126.97996,어양동,4,기타,-1:-1,185
2022-06-27 19:28:00,35.961605,126.97421,영등동,3,기타,-2:1,185
2022-06-27 19:32:00,35.935863,126.97868,금강동,1,"가축 분뇨 냄새(닭, 돼지, 소)",-1:-5,-1
2022-06-27 19:54:00,35.951595,126.97579,영등동,3,기타,-2:-2,185
2022-06-27 20:06:00,35.95758,126.97391,영등동,5,하수구 냄새,-2:0,185
2022-06-27 20:08:00,35.96349,126.974106,영등동,4,기타,-2:1,185
2022-06-27 20:20:00,35.95596,126.97792,영등동,5,하수구 냄새,-2:-1,185
2022-06-27 20:35:00,35.930332,126.96145,동산동,5,기타,-5:-6,-1
2022-06-27 20:37:00,35.928123,126.96073,동산동,4,"가축 분뇨 냄새(닭, 돼지, 소)",-5:-7,-1
2022-06-27 20:41:00,35.9464,126.96382,마동,5,"가축 분뇨 냄새(닭, 돼지, 소)",-4:-3,-1
2022-06-27 20:46:00,35.93454,126.96248,마동,5,"가축 분뇨 냄새(닭, 돼지, 소)",-4:-5,-1
2022-06-27 20:48:00,35.93061,126.9617,동산동,4,기타,-5:-6,-1
2022-06-27 21:01:00,35.944813,126.95285,남중동,3,기타,-6:-3,-1
2022-06-27 21:49:00,35.945576,126.97752,신흥동,4,기타,-2:-3,-1
2022-06-27 23:03:00,35.95612,126.97677,영등동,4,"가축 분뇨 냄새(닭, 돼지, 소)",-2:-1,-1
2022-06-27 23:06:00,35.966305,127.01239,팔봉동,3,"공장 냄새(화학약품, 매캐함)",5:2,-1
2022-06-27 23:17:00,35.961376,126.9864,부송동,3,하수구 냄새,0:1,-1
2022-06-27 23:31:00,35.948566,126.96892,영등동,4,기타,-3:-2,-1
2022-06-28 00:01:00,35.955887,126.97849,영등동,4,기타,-2:-1,-1
2022-06-28 00:24:00,35.951595,126.97579,영등동,5,기타,-2:-2,-1
2022-06-28 01:23:00,35.95455,126.98224,어양동,5,"가축 분뇨 냄새(닭, 돼지, 소)",-1:-1,-1
2022-06-28 05:52:00,35.95659,126.9942,부송동,2,"가축 분뇨 냄새(닭, 돼지, 소)",1:0,-1
2022-06-28 17:36:00,35.960033,126.98936,부송동,4,기타,0:0,-1
2022-06-28 18:02:00,35.953617,126.98461,어양동,4,"가축 분뇨 냄새(닭, 돼지, 소)",0:-1,-1
2022-06-28 18:16:00,35.956463,126.997475,부송동,3,기타,2:-1,-1
2022-06-28 18:20:00,35.957348,126.995834,부송동,5,"가축 분뇨 냄새(닭, 돼지, 소)",2:0,-1
2022-06-28 19:36:00,35.956482,126.98659,부송동,3,기타,0:-1,-1
2022-06-28 20:00:00,35.94788,126.96888,영등동,4,기타,-3:-2,-1
2022-06-28 20:47:00,35.95596,126.97783,영등동,5,기타,-2:-1,-1
2022-06-28 20:55:00,35.9525,126.985504,어양동,5,"가축 분뇨 냄새(닭, 돼지, 소)",0:-1,-1
2022-06-28 21:49:00,35.95715,126.98776,부송동,4,기타,0:0,-1
2022-06-28 21:55:00,35.961044,126.9941,부송동,4,기타,1:0,-1
2022-06-28 22:00:00,35.953255,126.985146,어양동,3,기타,0:-1,-1
2022-06-28 23:18:00,35.94744,126.9464,모현동1가,4,"가축 분뇨 냄새(닭, 돼지, 소)",-7:-3,-1
2022-06-29 05:44:00,35.963528,126.986694,부송동,3,"가축 분뇨 냄새(닭, 돼지, 소)",0:1,-1
2022-06-29 10:14:00,35.963745,127.01547,팔봉동,2,"공장 냄새(화학약품, 매캐함)",5:1,-1
2022-06-29 16:17:00,35.930798,126.9957,신흥동,1,"공장 냄새(화학약품, 매캐함)",2:-6,-1
2022-06-29 19:15:00,36.07655,126.96278,함열읍 와리,4,"가축 분뇨 냄새(닭, 돼지, 소)",-4:26,-1
2022-06-29 20:07:00,35.95376,126.98825,어양동,4,기타,0:-1,-1
2022-06-29 20:20:00,35.955082,126.97341,영등동,5,기타,-2:-1,-1
2022-06-29 20:24:00,35.953327,126.98528,어양동,5,"가축 분뇨 냄새(닭, 돼지, 소)",0:-1,186
2022-06-29 20:31:00,35.951847,126.982025,어양동,3,기타,-1:-2,186
2022-06-29 20:32:00,35.930325,126.971146,동산동,3,"가축 분뇨 냄새(닭, 돼지, 소)",-3:-6,-1
2022-06-29 20:43:00,35.946224,126.96411,마동,3,기타,-4:-3,-1
2022-06-29 20:59:00,35.95826,126.96204,신동,4,"가축 분뇨 냄새(닭, 돼지, 소)",-4:0,186
2022-06-29 21:13:00,35.964176,126.97397,영등동,4,기타,-2:1,186
2022-06-29 21:16:00,35.956425,126.97765,영등동,3,기타,-2:-1,186
2022-06-29 21:16:00,35.94215,126.980934,신흥동,4,"가축 분뇨 냄새(닭, 돼지, 소)",-1:-4,-1
2022-06-29 21:21:00,35.955563,126.978096,영등동,5,기타,-2:-1,186
2022-06-29 21:28:00,35.95614,126.97601,영등동,4,"가축 분뇨 냄새(닭, 돼지, 소)",-2:-1,186
2022-06-29 21:35:00,35.96497,126.98408,어양동,5,기타,-1:1,186
2022-06-29 21:38:00,35.959995,126.98918,부송동,5,"가축 분뇨 냄새(닭, 돼지, 소)",0:0,186
2022-06-29 21:43:00,35.96151,126.9796,영등동,5,기타,-1:1,186
2022-06-29 21:44:00,35.961666,126.974205,영등동,5,기타,-2:1,186
2022-06-29 21:47:00,35.95612,126.977745,영등동,5,기타,-2:-1,186
2022-06-29 21:50:00,35.945683,126.97806,신흥동,5,"가축 분뇨 냄새(닭, 돼지, 소)",-2:-3,-1
2022-06-29 21:51:00,35.961094,126.972305,영등동,4,음식조리 냄새,-3:0,186
2022-06-29 22:29:00,35.931152,126.96897,동산동,4,기타,-3:-6,-1
2022-06-29 22:40:00,35.94925,126.96843,영등동,4,하수구 냄새,-3:-2,-1
2022-06-29 23:25:00,35.961304,126.98642,어양동,4,하수구 냄새,0:1,187
2022-06-29 23:27:00,35.95729,126.9812,어양동,2,"가축 분뇨 냄새(닭, 돼지, 소)",-1:0,187
2022-06-29 23:35:00,35.95405,126.98259,어양동,3,기타,-1:-1,187
2022-06-29 23:52:00,35.959995,126.98546,어양동,4,"가축 분뇨 냄새(닭, 돼지, 소)",0:0,187
2022-06-29 23:58:00,35.95715,126.99579,부송동,4,"가축 분뇨 냄새(닭, 돼지, 소)",2:0,187
2022-06-30 00:10:00,35.964684,126.98306,어양동,5,기타,-1:1,187
2022-06-30 00:45:00,35.95989,126.989006,부송동,3,"공장 냄새(화학약품, 매캐함)",0:0,187
2022-06-30 02:09:00,35.95383,126.98466,어양동,5,"가축 분뇨 냄새(닭, 돼지, 소)",0:-1,-1
2022-06-30 07:37:00,35.963673,126.974014,영등동,5,"가축 분뇨 냄새(닭, 돼지, 소)",-2:1,-1
2022-06-30 09:02:00,35.933407,127.05615,왕궁면 쌍제리,4,기타,12:-6,-1
2022-06-30 19:49:00,36.075943,126.96289,함열읍 와리,4,기타,-4:26,-1
2022-06-30 22:00:00,35.90229,127.005875,춘포면 덕실리,5,하수구 냄새,3:-13,-1
2022-06-30 22:01:00,35.954445,126.98705,어양동,4,"가축 분뇨 냄새(닭, 돼지, 소)",0:-1,-1
2022-06-30 22:31:00,35.93061,126.9617,동산동,4,기타,-5:-6,-1
2022-06-30 22:36:00,35.96551,127.015434,팔봉동,5,"가축 분뇨 냄새(닭, 돼지, 소)",5:1,-1
2022-06-30 22:46:00,35.963745,127.01547,팔봉동,3,기타,5:1,-1
2022-06-30 22:56:00,35.96544,127.015564,팔봉동,4,기타,5:1,-1
2022-06-30 22:57:00,35.965656,127.01627,팔봉동,4,"가축 분뇨 냄새(닭, 돼지, 소)",5:2,-1
2022-06-30 23:05:00,35.95739,126.99576,부송동,4,"가축 분뇨 냄새(닭, 돼지, 소)",2:0,188
2022-06-30 23:08:00,35.95632,126.99706,부송동,5,기타,2:-1,188
2022-06-30 23:09:00,35.941757,126.99663,신흥동,4,기타,2:-4,-1
2022-06-30 23:10:00,35.956177,126.99494,부송동,3,"가축 분뇨 냄새(닭, 돼지, 소)",1:-1,188
2022-06-30 23:11:00,35.96151,126.99437,부송동,5,하수구 냄새,1:1,188
2022-06-30 23:11:00,35.957363,126.98803,부송동,4,기타,0:0,188
2022-06-30 23:14:00,35.956825,126.98654,부송동,3,기타,0:0,188
2022-06-30 23:16:00,35.96025,126.998535,부송동,4,기타,2:0,188
2022-06-30 23:17:00,35.96364,126.986786,부송동,4,"가축 분뇨 냄새(닭, 돼지, 소)",0:1,188
2022-06-30 23:19:00,35.964504,126.98683,부송동,4,"가축 분뇨 냄새(닭, 돼지, 소)",0:1,188
2022-06-30 23:19:00,35.95412,126.985725,어양동,4,"가축 분뇨 냄새(닭, 돼지, 소)",0:-1,188
2022-06-30 23:19:00,35.960392,126.983505,어양동,5,하수구 냄새,-1:0,188
2022-06-30 23:28:00,35.95711,126.99481,부송동,5,기타,1:0,188
2022-06-30 23:28:00,35.936474,126.9785,금강동,3,기타,-2:-5,-1
2022-06-30 23:36:00,35.963528,126.97861,영등동,5,"가축 분뇨 냄새(닭, 돼지, 소)",-2:1,188
2022-06-30 23:37:00,35.959995,126.98546,어양동,5,하수구 냄새,0:0,188
2022-06-30 23:39:00,35.96014,126.98931,부송동,5,"가축 분뇨 냄새(닭, 돼지, 소)",0:0,188
2022-06-30 23:49:00,35.95322,126.984436,어양동,5,"가축 분뇨 냄새(닭, 돼지, 소)",0:-1,188
2022-06-30 23:52:00,35.96275,126.99217,부송동,5,"가축 분뇨 냄새(닭, 돼지, 소)",1:1,188
2022-07-01 00:06:00,35.957367,126.999825,부송동,5,기타,2:0,188
2022-07-01 00:08:00,35.959248,126.99711,부송동,5,하수구 냄새,2:0,188
2022-07-01 00:08:00,35.95636,126.99704,부송동,5,"가축 분뇨 냄새(닭, 돼지, 소)",2:-1,188
2022-07-01 00:09:00,35.956463,126.997475,부송동,4,"가축 분뇨 냄새(닭, 돼지, 소)",2:-1,188
2022-07-01 00:19:00,35.956463,126.997475,부송동,5,기타,2:-1,188
2022-07-01 00:22:00,35.95989,126.989006,부송동,5,기타,0:0,188
2022-07-01 00:23:00,35.96025,126.98989,부송동,5,기타,1:0,188
2022-07-01 00:37:00,35.95715,126.98169,어양동,3,"가축 분뇨 냄새(닭, 돼지, 소)",-1:0,188
2022-07-01 00:41:00,35.963455,126.97344,영등동,5,"가축 분뇨 냄새(닭, 돼지, 소)",-2:1,188
2022-07-01 00:50:00,35.96079,126.972176,영등동,5,"가축 분뇨 냄새(닭, 돼지, 소)",-3:0,188
2022-07-01 00:56:00,35.960934,126.974815,영등동,5,기타,-2:0,188
2022-07-01 01:01:00,35.93022,126.95887,동산동,4,기타,-5:-6,-1
2022-07-01 01:03:00,35.9263,126.95906,동산동,4,"가축 분뇨 냄새(닭, 돼지, 소)",-5:-7,-1
2022-07-01 01:12:00,35.93097,126.9563,인화동2가,5,기타,-6:-6,-1
2022-07-01 01:17:00,35.926754,126.95878,동산동,5,음식조리 냄새,-5:-7,-1
2022-07-01 01:26:00,35.957706,126.97391,영등동,5,하수구 냄새,-2:0,188
2022-07-01 01:27:00,35.94744,126.9464,모현동1가,5,기타,-7:-3,-1
2022-07-01 01:43:00,35.947468,126.94641,모현동1가,4,"가축 분뇨 냄새(닭, 돼지, 소)",-7:-3,-1
2022-07-01 02:18:00,35.931973,126.94162,평화동,5,기타,-8:-6,-1
2022-07-01 07:16:00,35.956066,126.997475,부송동,4,"공장 냄새(화학약품, 매캐함)",2:-1,-1
2022-07-01 19:15:00,35.953976,126.985146,어양동,5,기타,0:-1,-1
2022-07-02 02:00:00,35.95989,126.989006,부송동,2,"가축 분뇨 냄새(닭, 돼지, 소)",0:0,-1
2022-07-02 02:56:00,35.963745,126.98465,부송동,4,"가축 분뇨 냄새(닭, 돼지, 소)",0:1,-1
2022-07-02 03:37:00,35.926266,126.95906,동산동,5,기타,-5:-7,-1
2022-07-02 04:20:00,35.92751,126.96162,동산동,4,"가축 분뇨 냄새(닭, 돼지, 소)",-5:-7,-1
2022-07-02 05:05:00,35.93364,126.96739,동산동,3,"가축 분뇨 냄새(닭, 돼지, 소)",-4:-6,-1
2022-07-02 05:56:00,35.96414,126.979095,영등동,4,"가축 분뇨 냄새(닭, 돼지, 소)",-1:1,-1
2022-07-02 06:09:00,35.962124,126.96075,신동,2,"가축 분뇨 냄새(닭, 돼지, 소)",-5:1,-1
2022-07-02 06:46:00,35.9561,126.976746,영등동,2,"가축 분뇨 냄새(닭, 돼지, 소)",-2:-1,-1
2022-07-02 19:32:00,35.94797,126.97954,어양동,1,"가축 분뇨 냄새(닭, 돼지, 소)",-1:-2,-1
2022-07-02 23:14:00,35.90329,127.008995,춘포면 덕실리,3,"가축 분뇨 냄새(닭, 돼지, 소)",4:-12,-1
2022-07-03 04:16:00,35.96025,126.989624,부송동,4,기타,0:0,-1
2022-07-03 04:33:00,35.956425,126.97765,영등동,2,기타,-2:-1,-1
2022-07-03 04:38:00,35.949547,126.9675,영등동,2,기타,-4:-2,-1
2022-07-03 04:38:00,35.949547,126.9675,영등동,2,기타,-4:-2,-1
2022-07-03 04:39:00,35.956356,126.978455,영등동,4,기타,-2:-1,-1
2022-07-03 04:43:00,35.955273,126.972336,영등동,1,기타,-3:-1,189
2022-07-03 04:53:00,35.96151,126.9796,영등동,3,기타,-1:1,189
2022-07-03 05:00:00,35.93457,126.94896,인화동1가,5,하수구 냄새,-7:-5,-1
2022-07-03 06:06:00,35.95742,126.99578,부송동,3,하수구 냄새,2:0,-1
2022-07-03 06:37:00,35.956238,126.99525,부송동,3,"가축 분뇨 냄새(닭, 돼지, 소)",1:-1,-1
2022-07-03 20:05:00,35.960213,126.98975,부송동,4,"공장 냄새(화학약품, 매캐함)",0:0,-1
2022-07-03 20:13:00,35.96014,126.98931,부송동,4,"공장 냄새(화학약품, 매캐함)",0:0,-1
2022-07-03 20:16:00,35.961796,126.9753,영등동,4,"공장 냄새(화학약품, 매캐함)",-2:1,-1
2022-07-03 20:28:00,35.92509,127.05359,춘포면 쌍정리,5,하수구 냄새,12:-7,-1
2022-07-03 20:29:00,35.924114,127.0531,춘포면 쌍정리,4,"가축 분뇨 냄새(닭, 돼지, 소)",12:-8,-1
2022-07-03 21:12:00,35.957367,126.99716,부송동,4,"가축 분뇨 냄새(닭, 돼지, 소)",2:0,-1
2022-07-03 22:48:00,35.930218,126.97132,동산동,3,"가축 분뇨 냄새(닭, 돼지, 소)",-3:-6,190
2022-07-03 22:50:00,35.929802,126.97245,금강동,5,기타,-3:-6,190
2022-07-03 22:53:00,35.959923,126.98927,부송동,5,기타,0:0,-1
2022-07-03 22:55:00,35.930172,126.96541,동산동,3,"가축 분뇨 냄새(닭, 돼지, 소)",-4:-6,190
2022-07-03 22:58:00,35.929207,126.97243,동산동,4,"가축 분뇨 냄새(닭, 돼지, 소)",-3:-7,190
2022-07-03 22:59:00,35.948925,126.968254,영등동,4,"가축 분뇨 냄새(닭, 돼지, 소)",-3:-2,191
2022-07-03 22:59:00,35.933277,126.96392,동산동,4,하수구 냄새,-4:-6,190
2022-07-03 23:01:00,35.947502,126.96855,영등동,4,하수구 냄새,-3:-3,191
2022-07-03 23:05:00,35.96043,126.98967,부송동,5,"가축 분뇨 냄새(닭, 돼지, 소)",0:0,191
2022-07-03 23:13:00,35.956463,126.978004,영등동,3,하수구 냄새,-2:-1,191
2022-07-03 23:17:00,35.963707,126.97446,영등동,4,하수구 냄새,-2:1,191
2022-07-03 23:18:00,35.958584,126.9618,신동,4,하수구 냄새,-5:0,191
2022-07-03 23:22:00,35.960896,126.97512,영등동,3,"가축 분뇨 냄새(닭, 돼지, 소)",-2:0,191
2022-07-03 23:23:00,35.948513,126.96872,영등동,4,"가축 분뇨 냄새(닭, 돼지, 소)",-3:-2,191
2022-07-03 23:24:00,35.935856,126.978676,금강동,4,하수구 냄새,-1:-5,190
2022-07-03 23:42:00,35.956833,126.97393,영등동,4,기타,-2:0,191
2022-07-03 23:47:00,35.95358,126.974686,영등동,5,기타,-2:-1,191
2022-07-03 23:53:00,35.951595,126.97579,영등동,4,기타,-2:-2,191
2022-07-03 23:53:00,35.95428,126.986855,어양동,5,"가축 분뇨 냄새(닭, 돼지, 소)",0:-1,191
2022-07-03 23:54:00,35.954445,126.987144,어양동,5,"가축 분뇨 냄새(닭, 돼지, 소)",0:-1,191
2022-07-04 00:02:00,35.96018,126.989624,부송동,5,기타,0:0,191
2022-07-04 00:02:00,35.957256,126.98789,부송동,4,기타,0:0,191
2022-07-04 00:12:00,35.956604,126.97261,영등동,4,하수구 냄새,-3:0,191
2022-07-04 01:27:00,35.95751,126.972496,영등동,4,하수구 냄새,-3:0,-1
2022-07-04 03:30:00,35.961903,126.96082,신동,3,"가축 분뇨 냄새(닭, 돼지, 소)",-5:1,-1
2022-07-04 07:03:00,35.95989,126.989006,부송동,5,"가축 분뇨 냄새(닭, 돼지, 소)",0:0,-1
2022-07-04 07:23:00,35.95697,126.99614,부송동,5,"가축 분뇨 냄새(닭, 돼지, 소)",2:0,-1
2022-07-04 21:55:00,35.960285,126.99002,부송동,4,"공장 냄새(화학약품, 매캐함)",1:0,-1
2022-07-04 22:23:00,35.953724,126.9851,어양동,5,기타,0:-1,192
2022-07-04 22:28:00,35.960033,126.98927,부송동,5,"가축 분뇨 냄새(닭, 돼지, 소)",0:0,192
2022-07-04 22:34:00,35.90293,127.00931,춘포면 용연리,3,"가축 분뇨 냄새(닭, 돼지, 소)",4:-12,-1
2022-07-04 22:44:00,35.96414,127.01539,팔봉동,5,하수구 냄새,5:1,-1
2022-07-04 22:46:00,36.07569,126.963295,함열읍 와리,5,기타,-4:26,-1
2022-07-04 22:46:00,35.961044,126.9941,부송동,3,하수구 냄새,1:0,192
2022-07-04 22:59:00,35.96569,127.01601,팔봉동,4,"가축 분뇨 냄새(닭, 돼지, 소)",5:2,-1
2022-07-04 23:03:00,35.95649,126.9975,부송동,4,기타,2:-1,192
2022-07-04 23:05:00,35.95989,126.989006,부송동,3,하수구 냄새,0:0,192
2022-07-04 23:08:00,35.961655,126.993835,부송동,4,하수구 냄새,1:1,192
2022-07-04 23:10:00,35.96151,126.99393,부송동,4,"가축 분뇨 냄새(닭, 돼지, 소)",1:1,192
2022-07-04 23:11:00,35.96115,126.9941,부송동,4,하수구 냄새,1:1,192
2022-07-04 23:12:00,35.961437,126.994194,부송동,5,"가축 분뇨 냄새(닭, 돼지, 소)",1:1,192
2022-07-04 23:13:00,35.961006,126.994194,부송동,5,하수구 냄새,1:0,192
2022-07-04 23:14:00,35.961655,126.99379,부송동,5,"가축 분뇨 냄새(닭, 돼지, 소)",1:1,192
2022-07-04 23:14:00,35.96108,126.99415,부송동,5,하수구 냄새,1:0,192
2022-07-04 23:14:00,35.957077,126.98763,부송동,4,기타,0:0,192
2022-07-04 23:16:00,35.95643,126.99703,부송동,4,"가축 분뇨 냄새(닭, 돼지, 소)",2:-1,192
2022-07-04 23:17:00,35.961475,126.99406,부송동,5,하수구 냄새,1:1,192
2022-07-04 23:17:00,35.95643,126.99743,부송동,5,하수구 냄새,2:-1,192
2022-07-04 23:20:00,35.957222,126.99592,부송동,4,"가축 분뇨 냄새(닭, 돼지, 소)",2:0,192
2022-07-04 23:30:00,35.965477,127.01618,팔봉동,5,기타,5:1,-1
2022-07-05 00:19:00,35.96389,126.985146,부송동,3,"공장 냄새(화학약품, 매캐함)",0:1,-1
2022-07-05 01:03:00,35.948997,126.96896,영등동,2,"공장 냄새(화학약품, 매캐함)",-3:-2,-1
2022-07-05 01:14:00,35.956604,126.972595,영등동,3,"가축 분뇨 냄새(닭, 돼지, 소)",-3:0,-1
2022-07-05 02:45:00,35.93457,126.94898,인화동1가,4,기타,-7:-5,-1
2022-07-05 03:13:00,35.95387,126.98519,어양동,5,기타,0:-1,-1
2022-07-05 03:47:00,35.94744,126.9464,모현동1가,5,"가축 분뇨 냄새(닭, 돼지, 소)",-7:-3,-1
2022-07-05 05:35:00,35.95748,126.99592,부송동,3,하수구 냄새,2:0,-1
2022-07-05 05:54:00,35.956264,126.995224,부송동,3,"가축 분뇨 냄새(닭, 돼지, 소)",1:-1,-1
2022-07-05 07:10:00,35.94683,127.04008,춘포면 천서리,3,기타,10:-3,-1
2022-07-05 07:54:00,35.963745,127.01547,팔봉동,1,"가축 분뇨 냄새(닭, 돼지, 소)",5:1,-1
2022-07-05 08:17:00,35.953075,126.985016,어양동,5,기타,0:-1,-1
2022-07-05 08:19:00,35.96421,126.974144,영등동,5,"가축 분뇨 냄새(닭, 돼지, 소)",-2:1,-1
2022-07-05 08:39:00,35.957,126.96216,신동,1,"가축 분뇨 냄새(닭, 돼지, 소)",-4:0,-1
2022-07-05 21:11:00,35.95826,126.96204,신동,3,"공장 냄새(화학약품, 매캐함)",-4:0,-1
2022-07-05 23:48:00,35.956467,126.99748,부송동,2,"공장 냄새(화학약품, 매캐함)",2:-1,193
2022-07-05 23:52:00,35.95733,126.99614,부송동,5,"공장 냄새(화학약품, 매캐함)",2:0,193
2022-07-05 23:58:00,35.95365,126.98546,어양동,3,기타,0:-1,193
2022-07-06 00:24:00,35.958942,126.98933,부송동,3,"가축 분뇨 냄새(닭, 돼지, 소)",0:0,193
2022-07-06 00:25:00,35.92509,127.05359,춘포면 쌍정리,4,하수구 냄새,12:-7,-1
2022-07-06 00:27:00,35.96014,126.98967,부송동,5,"가축 분뇨 냄새(닭, 돼지, 소)",0:0,193
2022-07-06 00:31:00,35.960213,126.98994,부송동,3,"가축 분뇨 냄새(닭, 돼지, 소)",1:0,193
2022-07-06 00:34:00,35.924114,127.0531,춘포면 쌍정리,5,"가축 분뇨 냄새(닭, 돼지, 소)",12:-8,-1
2022-07-06 00:35:00,35.961403,126.99401,부송동,5,"가축 분뇨 냄새(닭, 돼지, 소)",1:1,193
2022-07-06 00:40:00,35.960213,126.98896,부송동,5,"가축 분뇨 냄새(닭, 돼지, 소)",0:0,193
2022-07-06 01:06:00,35.962807,126.98519,부송동,4,기타,0:1,193
2022-07-06 01:07:00,35.96018,126.98989,부송동,4,"공장 냄새(화학약품, 매캐함)",1:0,193
2022-07-06 01:26:00,35.95733,126.99978,부송동,4,"공장 냄새(화학약품, 매캐함)",2:0,193
2022-07-06 01:29:00,35.957,126.97211,영등동,4,하수구 냄새,-3:0,-1
2022-07-06 02:33:00,35.9454,126.938286,모현동1가,5,"공장 냄새(화학약품, 매캐함)",-9:-3,-1
2022-07-06 02:33:00,35.946033,126.94596,모현동1가,5,"공장 냄새(화학약품, 매캐함)",-7:-3,-1
2022-07-06 13:51:00,35.963745,127.01547,팔봉동,1,"공장 냄새(화학약품, 매캐함)",5:1,-1
2022-07-06 14:56:00,35.963745,127.01547,팔봉동,3,"공장 냄새(화학약품, 매캐함)",5:1,-1
2022-07-06 19:16:00,35.960037,126.984085,어양동,4,기타,-1:0,-1
2022-07-06 19:18:00,35.957508,126.9965,부송동,5,"가축 분뇨 냄새(닭, 돼지, 소)",2:0,-1
2022-07-06 19:20:00,35.9543,126.98883,어양동,4,"가축 분뇨 냄새(닭, 돼지, 소)",0:-1,-1
2022-07-06 19:41:00,35.93943,126.986015,신흥동,4,기타,0:-4,-1
2022-07-06 19:52:00,35.956318,126.98078,어양동,4,"가축 분뇨 냄새(닭, 돼지, 소)",-1:-1,194
2022-07-06 19:54:00,35.9614,126.974815,영등동,4,기타,-2:1,194
2022-07-06 19:59:00,35.945526,126.963936,마동,3,"가축 분뇨 냄새(닭, 돼지, 소)",-4:-3,194
2022-07-06 19:59:00,35.949215,126.96954,영등동,4,하수구 냄새,-3:-2,194
2022-07-06 20:05:00,35.95826,126.96202,신동,5,기타,-4:0,-1
2022-07-06 20:25:00,35.94547,126.977875,신흥동,5,기타,-2:-3,194
2022-07-06 20:26:00,35.951668,126.975174,영등동,3,기타,-2:-2,194
2022-07-06 20:26:00,35.94878,126.968834,영등동,5,"가축 분뇨 냄새(닭, 돼지, 소)",-3:-2,194
2022-07-06 20:30:00,35.95512,126.97347,영등동,5,기타,-2:-1,194
2022-07-06 21:02:00,35.963814,126.97366,영등동,5,"가축 분뇨 냄새(닭, 돼지, 소)",-2:1,194
2022-07-06 21:02:00,35.9562,126.97506,영등동,2,기타,-2:-1,194
2022-07-06 21:11:00,35.956463,126.997475,부송동,5,하수구 냄새,2:-1,-1
2022-07-06 21:14:00,35.956318,126.98078,어양동,5,"가축 분뇨 냄새(닭, 돼지, 소)",-1:-1,194
2022-07-06 21:33:00,35.94744,126.9464,모현동1가,4,"가축 분뇨 냄새(닭, 돼지, 소)",-7:-3,-1
2022-07-06 21:36:00,35.956806,126.97599,영등동,3,기타,-2:0,194
2022-07-06 21:50:00,35.96645,127.014725,팔봉동,5,"공장 냄새(화학약품, 매캐함)",5:2,-1
2022-07-06 21:51:00,35.928738,126.96312,동산동,5,기타,-4:-7,-1
2022-07-06 21:52:00,35.928738,126.96312,동산동,3,기타,-4:-7,-1
2022-07-06 22:28:00,35.927185,126.953995,인화동2가,2,기타,-6:-7,-1
2022-07-06 22:33:00,35.94744,126.9464,모현동1가,4,기타,-7:-3,195
2022-07-06 22:34:00,35.94744,126.94642,모현동1가,4,기타,-7:-3,195
2022-07-06 22:40:00,35.94423,126.94454,모현동1가,4,"가축 분뇨 냄새(닭, 돼지, 소)",-8:-3,195
2022-07-06 22:42:00,35.946903,126.93823,모현동1가,4,"가축 분뇨 냄새(닭, 돼지, 소)",-9:-3,195
2022-07-06 22:50:00,35.93215,126.94087,평화동,5,기타,-8:-6,-1
2022-07-07 02:15:00,35.95412,126.985146,어양동,4,기타,0:-1,-1
2022-07-07 20:31:00,35.953976,126.98453,어양동,5,기타,0:-1,-1
2022-07-07 20:32:00,35.96025,126.98975,부송동,5,기타,0:0,196
2022-07-07 20:36:00,35.96371,126.986916,부송동,4,"가축 분뇨 냄새(닭, 돼지, 소)",0:1,196
2022-07-07 20:49:00,35.96043,126.98958,부송동,5,"가축 분뇨 냄새(닭, 돼지, 소)",0:0,196
2022-07-07 20:52:00,35.956436,126.99693,부송동,3,"가축 분뇨 냄새(닭, 돼지, 소)",2:-1,196
2022-07-07 21:01:00,35.957508,126.996056,부송동,5,"가축 분뇨 냄새(닭, 돼지, 소)",2:0,196
2022-07-07 21:05:00,35.960564,126.9941,부송동,4,"가축 분뇨 냄새(닭, 돼지, 소)",1:0,196
2022-07-07 21:08:00,35.956364,126.9966,부송동,5,"가축 분뇨 냄새(닭, 돼지, 소)",2:-1,196
2022-07-07 21:22:00,35.961044,126.9941,부송동,4,"가축 분뇨 냄새(닭, 돼지, 소)",1:0,196
2022-07-07 23:44:00,35.956463,126.997475,부송동,4,하수구 냄새,2:-1,-1
2022-07-09 07:38:00,35.95679,126.97598,영등동,3,기타,-2:0,-1
2022-07-10 04:00:00,35.927002,126.95439,인화동2가,5,기타,-6:-7,-1
2022-07-10 05:37:00,35.917774,126.94723,인화동2가,5,하수구 냄새,-7:-9,-1
2022-07-10 05:42:00,35.957546,126.9996,부송동,5,"가축 분뇨 냄새(닭, 돼지, 소)",2:0,-1
2022-07-10 05:55:00,35.96151,126.97468,영등동,4,기타,-2:1,-1
2022-07-10 06:07:00,35.92733,126.96144,동산동,5,"가축 분뇨 냄새(닭, 돼지, 소)",-5:-7,-1
2022-07-10 06:07:00,35.95826,126.96204,신동,3,하수구 냄새,-4:0,-1
2022-07-10 06:13:00,35.928627,126.9631,동산동,4,"가축 분뇨 냄새(닭, 돼지, 소)",-4:-7,-1
2022-07-10 06:27:00,35.96034,126.97381,영등동,4,기타,-2:0,-1
2022-07-10 06:32:00,35.95394,126.98559,어양동,4,기타,0:-1,-1
2022-07-10 06:43:00,35.94625,126.94573,모현동1가,5,기타,-7:-3,-1
2022-07-10 06:56:00,35.956795,126.976036,영등동,4,"가축 분뇨 냄새(닭, 돼지, 소)",-2:0,-1
2022-07-10 07:01:00,35.924114,127.0531,춘포면 쌍정리,5,하수구 냄새,12:-8,-1
2022-07-10 07:02:00,35.92509,127.05359,춘포면 쌍정리,4,"가축 분뇨 냄새(닭, 돼지, 소)",12:-7,-1
2022-07-10 07:28:00,35.92751,126.961105,동산동,3,하수구 냄새,-5:-7,-1
2022-07-10 23:53:00,35.948673,126.96892,영등동,4,"공장 냄새(화학약품, 매캐함)",-3:-2,-1
2022-07-11 05:51:00,35.92509,127.05359,춘포면 쌍정리,5,하수구 냄새,12:-7,-1
2022-07-11 05:53:00,35.92509,127.05359,춘포면 쌍정리,4,"가축 분뇨 냄새(닭, 돼지, 소)",12:-7,-1
2022-07-11 06:15:00,35.92509,127.05359,춘포면 쌍정리,4,"가축 분뇨 냄새(닭, 돼지, 소)",12:-7,-1
2022-07-11 07:06:00,35.95682,126.97598,영등동,3,"가축 분뇨 냄새(닭, 돼지, 소)",-2:0,-1
2022-07-11 07:32:00,35.960392,126.98953,부송동,5,"공장 냄새(화학약품, 매캐함)",0:0,-1
2022-07-11 11:29:00,35.94744,126.9464,모현동1가,5,"공장 냄새(화학약품, 매캐함)",-7:-3,-1
2022-07-11 11:34:00,35.94744,126.94642,모현동1가,5,"공장 냄새(화학약품, 매캐함)",-7:-3,-1
2022-07-11 23:30:00,35.960033,126.98931,부송동,4,"가축 분뇨 냄새(닭, 돼지, 소)",0:0,-1
2022-07-12 00:22:00,35.95722,126.97215,영등동,4,"가축 분뇨 냄새(닭, 돼지, 소)",-3:0,-1
2022-07-12 04:20:00,35.957367,126.994835,부송동,4,기타,1:0,-1
2022-07-12 04:32:00,35.957706,126.984215,어양동,4,기타,0:0,-1
2022-07-12 04:49:00,35.95313,126.98448,어양동,5,"가축 분뇨 냄새(닭, 돼지, 소)",0:-1,-1
2022-07-12 05:13:00,35.95376,126.985016,어양동,5,기타,0:-1,-1
2022-07-12 05:41:00,36.07038,126.9881,낭산면 용기리,4,"가축 분뇨 냄새(닭, 돼지, 소)",0:25,-1
2022-07-12 05:50:00,35.92509,127.05359,춘포면 쌍정리,5,하수구 냄새,12:-7,-1
2022-07-12 05:53:00,35.924114,127.0531,춘포면 쌍정리,5,"가축 분뇨 냄새(닭, 돼지, 소)",12:-8,-1
2022-07-12 06:19:00,35.957447,126.99574,부송동,4,하수구 냄새,2:0,-1
2022-07-12 14:54:00,35.949245,126.95575,남중동,3,"가축 분뇨 냄새(닭, 돼지, 소)",-6:-2,-1
2022-07-12 21:24:00,35.96018,126.98918,부송동,5,"가축 분뇨 냄새(닭, 돼지, 소)",0:0,-1
2022-07-12 21:28:00,35.96018,126.98923,부송동,5,음식조리 냄새,0:0,-1
2022-07-12 22:29:00,35.961872,126.986374,부송동,3,하수구 냄새,0:1,-1
2022-07-12 22:44:00,35.956535,126.997505,부송동,3,"공장 냄새(화학약품, 매캐함)",2:-1,-1
2022-07-12 23:02:00,35.960068,126.989494,부송동,5,"공장 냄새(화학약품, 매캐함)",0:0,-1
2022-07-12 23:30:00,35.95989,126.989006,부송동,5,"가축 분뇨 냄새(닭, 돼지, 소)",0:0,-1
2022-07-13 01:01:00,35.95989,126.989006,부송동,5,"가축 분뇨 냄새(닭, 돼지, 소)",0:0,-1
2022-07-13 01:24:00,35.956425,126.97814,영등동,5,기타,-2:-1,197
2022-07-13 01:28:00,35.95722,126.98111,어양동,4,"가축 분뇨 냄새(닭, 돼지, 소)",-1:0,197
2022-07-13 01:32:00,35.956676,126.972244,영등동,4,"가축 분뇨 냄새(닭, 돼지, 소)",-3:0,197
2022-07-13 01:55:00,35.956825,126.9863,부송동,4,기타,0:0,197
2022-07-13 01:57:00,35.956318,126.98078,어양동,5,"가축 분뇨 냄새(닭, 돼지, 소)",-1:-1,197
2022-07-13 10:15:00,36.075962,126.96328,함열읍 와리,4,기타,-4:26,-1
2022-07-13 17:34:00,35.928738,126.96312,동산동,4,기타,-4:-7,-1
2022-07-13 17:54:00,35.928738,126.96312,동산동,3,"가축 분뇨 냄새(닭, 돼지, 소)",-4:-7,-1
2022-07-13 17:57:00,35.94622,126.96409,마동,2,기타,-4:-3,-1
2022-07-13 17:59:00,35.96032,126.989624,부송동,2,"가축 분뇨 냄새(닭, 돼지, 소)",0:0,-1
2022-07-13 18:01:00,35.960033,126.98798,부송동,5,기타,0:0,-1
2022-07-13 18:24:00,35.951595,126.97579,영등동,4,기타,-2:-2,-1
2022-07-13 18:44:00,35.960106,126.98931,부송동,5,"가축 분뇨 냄새(닭, 돼지, 소)",0:0,198
2022-07-13 19:04:00,35.95373,126.98419,어양동,4,기타,-1:-1,198
2022-07-13 19:06:00,35.963818,126.986694,부송동,3,"가축 분뇨 냄새(닭, 돼지, 소)",0:1,198
2022-07-13 19:12:00,35.963535,126.978615,영등동,3,"가축 분뇨 냄새(닭, 돼지, 소)",-2:1,198
2022-07-13 19:13:00,35.956806,126.986496,부송동,5,기타,0:0,198
2022-07-13 19:23:00,35.9574,126.98776,부송동,4,기타,0:0,198
2022-07-13 19:53:00,35.95375,126.98412,어양동,5,기타,-1:-1,198
2022-07-13 20:04:00,35.96032,126.97379,영등동,3,기타,-2:0,198
2022-07-13 20:12:00,35.96079,126.97508,영등동,3,기타,-2:0,198
2022-07-13 20:14:00,35.95764,126.97405,영등동,5,하수구 냄새,-2:0,198
2022-07-13 20:21:00,35.961044,126.9941,부송동,4,"가축 분뇨 냄새(닭, 돼지, 소)",1:0,198
2022-07-13 20:27:00,35.9366,126.97823,금강동,2,기타,-2:-5,-1
2022-07-13 20:31:00,35.9543,126.988846,어양동,5,"가축 분뇨 냄새(닭, 돼지, 소)",0:-1,198
2022-07-13 20:49:00,35.957184,126.972374,영등동,5,"가축 분뇨 냄새(닭, 돼지, 소)",-3:0,198
2022-07-13 21:19:00,35.953506,126.98519,어양동,5,기타,0:-1,198
2022-07-13 21:23:00,35.959923,126.98958,부송동,5,"가축 분뇨 냄새(닭, 돼지, 소)",0:0,198
2022-07-13 21:30:00,35.954517,126.98745,어양동,5,"가축 분뇨 냄새(닭, 돼지, 소)",0:-1,198
2022-07-13 21:31:00,35.95455,126.98732,어양동,5,"가축 분뇨 냄새(닭, 돼지, 소)",0:-1,198
2022-07-13 21:31:00,35.954445,126.98723,어양동,5,"가축 분뇨 냄새(닭, 돼지, 소)",0:-1,198
2022-07-13 21:31:00,35.96023,126.98406,어양동,4,기타,-1:0,198
2022-07-13 21:32:00,35.95383,126.987274,어양동,5,"가축 분뇨 냄새(닭, 돼지, 소)",0:-1,198
2022-07-13 21:38:00,35.95682,126.97598,영등동,3,하수구 냄새,-2:0,198
2022-07-13 21:43:00,35.96018,126.989204,부송동,5,기타,0:0,198
2022-07-13 21:45:00,35.957405,126.99576,부송동,5,하수구 냄새,2:0,199
2022-07-13 21:46:00,35.95356,126.984924,어양동,2,"가축 분뇨 냄새(닭, 돼지, 소)",0:-1,199
2022-07-13 21:48:00,35.96162,126.99423,부송동,5,하수구 냄새,1:1,199
2022-07-13 21:49:00,35.961582,126.99445,부송동,5,"가축 분뇨 냄새(닭, 돼지, 소)",1:1,199
2022-07-13 21:50:00,35.961548,126.99401,부송동,5,하수구 냄새,1:1,199
2022-07-13 21:52:00,35.96286,126.985374,부송동,4,기타,0:1,199
2022-07-13 21:52:00,35.96086,126.99437,부송동,5,하수구 냄새,1:0,199
2022-07-13 21:53:00,35.961258,126.9941,부송동,5,하수구 냄새,1:1,199
2022-07-13 21:54:00,35.961258,126.99432,부송동,5,하수구 냄새,1:1,199
2022-07-13 21:55:00,35.960827,126.99406,부송동,5,하수구 냄새,1:0,199
2022-07-13 21:56:00,35.96151,126.99379,부송동,5,"가축 분뇨 냄새(닭, 돼지, 소)",1:1,199
2022-07-13 22:00:00,35.956375,126.9951,부송동,3,"가축 분뇨 냄새(닭, 돼지, 소)",1:-1,199
2022-07-13 22:01:00,35.955166,126.98683,어양동,4,"가축 분뇨 냄새(닭, 돼지, 소)",0:-1,199
2022-07-13 22:03:00,35.96295,126.991974,부송동,4,"가축 분뇨 냄새(닭, 돼지, 소)",1:1,199
2022-07-13 22:08:00,35.956463,126.997475,부송동,5,"가축 분뇨 냄새(닭, 돼지, 소)",2:-1,199
2022-07-13 22:10:00,35.961044,126.9941,부송동,4,하수구 냄새,1:0,199
2022-07-13 22:15:00,35.956535,126.99749,부송동,3,기타,2:-1,199
2022-07-13 22:22:00,35.957493,126.999535,부송동,5,기타,2:0,199
2022-07-13 22:24:00,35.95631,126.995186,부송동,4,"가축 분뇨 냄새(닭, 돼지, 소)",1:-1,199
2022-07-13 22:35:00,35.939934,126.993385,신흥동,5,기타,1:-4,-1
2022-07-13 22:51:00,35.956463,126.997475,부송동,5,기타,2:-1,199
2022-07-13 22:57:00,36.00029,127.063805,금마면 동고도리,3,"공장 냄새(화학약품, 매캐함)",14:9,-1
2022-07-13 23:16:00,35.965584,127.0161,팔봉동,3,하수구 냄새,5:1,-1
2022-07-13 23:36:00,36.000275,127.063675,금마면 동고도리,4,하수구 냄새,14:9,-1
2022-07-13 23:53:00,35.95996,126.999245,부송동,4,기타,2:0,-1
2022-07-13 23:54:00,35.956535,126.997505,부송동,4,기타,2:-1,-1
2022-07-14 00:06:00,35.964504,126.98683,부송동,3,"가축 분뇨 냄새(닭, 돼지, 소)",0:1,200
2022-07-14 00:06:00,35.962734,126.98346,어양동,5,기타,-1:1,200
2022-07-14 00:07:00,35.96014,126.98681,부송동,3,하수구 냄새,0:0,200
2022-07-14 00:08:00,35.965458,126.9826,어양동,2,"가축 분뇨 냄새(닭, 돼지, 소)",-1:1,200
2022-07-14 00:10:00,35.964504,126.98683,부송동,4,기타,0:1,200
2022-07-14 00:11:00,35.953724,126.98488,어양동,5,기타,0:-1,200
2022-07-14 00:14:00,35.965874,126.98612,부송동,3,기타,0:2,200
2022-07-14 00:14:00,35.960106,126.988914,부송동,5,"가축 분뇨 냄새(닭, 돼지, 소)",0:0,200
2022-07-14 00:15:00,35.96483,126.98501,어양동,5,기타,0:1,200
2022-07-14 00:16:00,35.961514,126.97962,영등동,4,기타,-1:1,200
2022-07-14 00:16:00,35.95455,126.987495,어양동,3,"가축 분뇨 냄새(닭, 돼지, 소)",0:-1,200
2022-07-14 00:16:00,35.96032,126.97377,영등동,5,기타,-2:0,200
2022-07-14 00:23:00,35.96378,126.974014,영등동,4,기타,-2:1,200
2022-07-14 00:25:00,35.956825,126.97603,영등동,5,하수구 냄새,-2:0,200
2022-07-14 00:28:00,35.953617,126.982796,어양동,5,기타,-1:-1,200
2022-07-14 00:34:00,35.950985,126.98346,어양동,4,기타,-1:-2,200
2022-07-14 00:53:00,35.964897,126.983505,어양동,5,기타,-1:1,200
2022-07-14 08:40:00,35.969444,126.93536,현영동,5,하수구 냄새,-9:2,-1
2022-07-15 00:34:00,35.95823,126.996056,부송동,4,"가축 분뇨 냄새(닭, 돼지, 소)",2:0,-1
2022-07-15 00:36:00,35.957905,126.99588,부송동,4,"가축 분뇨 냄새(닭, 돼지, 소)",2:0,-1
2022-07-15 03:24:00,35.932476,126.941444,평화동,4,"가축 분뇨 냄새(닭, 돼지, 소)",-8:-6,-1
2022-07-15 05:27:00,35.92509,127.05359,춘포면 쌍정리,5,"가축 분뇨 냄새(닭, 돼지, 소)",12:-7,-1
2022-07-15 06:15:00,35.903217,127.00882,춘포면 덕실리,3,"가축 분뇨 냄새(닭, 돼지, 소)",4:-12,-1
2022-07-15 22:55:00,35.90284,127.0089,춘포면 용연리,4,"가축 분뇨 냄새(닭, 돼지, 소)",4:-12,-1
2022-07-16 04:05:00,35.956318,126.98078,어양동,4,하수구 냄새,-1:-1,-1
2022-07-16 04:44:00,35.95686,126.9722,영등동,4,"가축 분뇨 냄새(닭, 돼지, 소)",-3:0,-1
2022-07-16 04:50:00,35.957764,126.99464,부송동,4,하수구 냄새,1:0,-1
2022-07-16 05:00:00,35.956642,126.986565,부송동,5,기타,0:0,201
2022-07-16 05:02:00,35.961365,126.97885,영등동,4,"가축 분뇨 냄새(닭, 돼지, 소)",-1:1,201
2022-07-16 05:16:00,35.957363,126.98745,부송동,5,기타,0:0,201
2022-07-16 05:18:00,35.956318,126.98078,어양동,5,"가축 분뇨 냄새(닭, 돼지, 소)",-1:-1,201
2022-07-16 05:54:00,35.960934,126.97748,영등동,2,"가축 분뇨 냄새(닭, 돼지, 소)",-2:0,201
2022-07-16 06:00:00,35.956795,126.976,영등동,3,하수구 냄새,-2:0,201
2022-07-16 06:02:00,35.95618,126.975006,영등동,3,기타,-2:-1,201
2022-07-16 06:21:00,35.96032,126.97379,영등동,3,기타,-2:0,201
2022-07-16 07:27:00,35.953182,126.9851,어양동,5,기타,0:-1,-1
2022-07-16 07:30:00,35.928738,126.96312,동산동,3,"가축 분뇨 냄새(닭, 돼지, 소)",-4:-7,-1
2022-07-16 07:56:00,35.927364,126.960686,동산동,4,하수구 냄새,-5:-7,-1
2022-07-16 20:45:00,35.951534,126.97579,영등동,4,"가축 분뇨 냄새(닭, 돼지, 소)",-2:-2,-1
2022-07-16 22:29:00,35.956375,126.99515,부송동,4,"가축 분뇨 냄새(닭, 돼지, 소)",1:-1,-1
2022-07-16 23:54:00,35.960213,126.989624,부송동,3,기타,0:0,202
2022-07-16 23:58:00,35.95989,126.989006,부송동,4,"가축 분뇨 냄새(닭, 돼지, 소)",0:0,202
2022-07-17 00:08:00,35.95678,126.99602,부송동,4,기타,2:0,202
2022-07-17 00:18:00,35.957706,126.99466,부송동,4,기타,1:0,202
2022-07-17 00:18:00,35.957382,126.99577,부송동,4,"가축 분뇨 냄새(닭, 돼지, 소)",2:0,202
2022-07-17 00:19:00,35.96079,126.97819,영등동,4,"가축 분뇨 냄새(닭, 돼지, 소)",-2:0,202
2022-07-17 00:22:00,35.961006,126.99415,부송동,5,"가축 분뇨 냄새(닭, 돼지, 소)",1:0,202
2022-07-17 00:25:00,35.90282,127.00877,춘포면 덕실리,3,기타,4:-12,-1
2022-07-17 00:26:00,35.957222,126.99592,부송동,4,기타,2:0,202
2022-07-17 00:28:00,35.960033,126.988205,부송동,5,기타,0:0,202
2022-07-17 00:33:00,35.956318,126.98078,어양동,5,"가축 분뇨 냄새(닭, 돼지, 소)",-1:-1,202
2022-07-17 00:43:00,35.965298,126.986916,부송동,4,기타,0:1,202
2022-07-17 00:50:00,35.956753,126.99494,부송동,4,"가축 분뇨 냄새(닭, 돼지, 소)",1:0,202
2022-07-17 01:00:00,35.95715,126.98789,부송동,4,기타,0:0,202
2022-07-17 06:38:00,35.95682,126.97597,영등동,4,"가축 분뇨 냄새(닭, 돼지, 소)",-2:0,-1
2022-07-17 20:59:00,35.95826,126.96204,신동,4,"공장 냄새(화학약품, 매캐함)",-4:0,-1
2022-07-17 22:20:00,35.93627,126.96826,마동,4,"가축 분뇨 냄새(닭, 돼지, 소)",-3:-5,-1
2022-07-17 22:45:00,35.92509,127.05359,춘포면 쌍정리,5,"가축 분뇨 냄새(닭, 돼지, 소)",12:-7,-1
2022-07-17 23:07:00,35.92509,127.05359,춘포면 쌍정리,4,"가축 분뇨 냄새(닭, 돼지, 소)",12:-7,-1
2022-07-17 23:11:00,35.95989,126.989006,부송동,3,"공장 냄새(화학약품, 매캐함)",0:0,203
2022-07-17 23:11:00,35.960285,126.989716,부송동,5,"공장 냄새(화학약품, 매캐함)",0:0,203
2022-07-17 23:13:00,35.960503,126.99415,부송동,3,"공장 냄새(화학약품, 매캐함)",1:0,203
2022-07-17 23:15:00,35.961185,126.99423,부송동,4,"공장 냄새(화학약품, 매캐함)",1:1,203
2022-07-17 23:18:00,35.960213,126.98923,부송동,4,"공장 냄새(화학약품, 매캐함)",0:0,203
2022-07-17 23:21:00,35.96032,126.97377,영등동,3,기타,-2:0,-1
2022-07-17 23:23:00,35.96018,126.99002,부송동,5,"가축 분뇨 냄새(닭, 돼지, 소)",1:0,203
2022-07-17 23:47:00,35.963493,126.98537,부송동,4,"가축 분뇨 냄새(닭, 돼지, 소)",0:1,203
2022-07-17 23:49:00,35.95375,126.984215,어양동,3,기타,0:-1,203
2022-07-18 01:29:00,35.960644,126.98909,부송동,5,"공장 냄새(화학약품, 매캐함)",0:0,-1
2022-07-18 01:33:00,35.956318,126.98078,어양동,5,"가축 분뇨 냄새(닭, 돼지, 소)",-1:-1,-1
2022-07-18 02:50:00,35.958603,126.98323,어양동,3,"가축 분뇨 냄새(닭, 돼지, 소)",-1:0,-1
2022-07-18 04:10:00,35.953686,126.98468,어양동,3,"공장 냄새(화학약품, 매캐함)",0:-1,-1
2022-07-18 12:16:00,35.958447,126.99858,부송동,3,"공장 냄새(화학약품, 매캐함)",2:0,-1
2022-07-18 13:13:00,35.94744,126.9464,모현동1가,4,"공장 냄새(화학약품, 매캐함)",-7:-3,-1
2022-07-18 13:42:00,35.94744,126.94642,모현동1가,5,"공장 냄새(화학약품, 매캐함)",-7:-3,-1
2022-07-18 15:24:00,36.07038,126.9881,낭산면 용기리,4,기타,0:25,-1
2022-07-18 16:35:00,35.92509,127.05359,춘포면 쌍정리,4,"가축 분뇨 냄새(닭, 돼지, 소)",12:-7,-1
2022-07-18 16:36:00,35.92509,127.05359,춘포면 쌍정리,5,"가축 분뇨 냄새(닭, 돼지, 소)",12:-7,-1
2022-07-18 19:40:00,35.92509,127.05359,춘포면 쌍정리,4,"가축 분뇨 냄새(닭, 돼지, 소)",12:-7,-1
2022-07-18 21:47:00,36.064198,127.06789,여산면 두여리,5,"공장 냄새(화학약품, 매캐함)",15:23,-1
2022-07-20 00:15:00,35.954014,126.984436,어양동,3,기타,0:-1,204
2022-07-20 00:23:00,35.95652,126.99749,부송동,3,"가축 분뇨 냄새(닭, 돼지, 소)",2:-1,204
2022-07-20 00:29:00,36.075962,126.96328,함열읍 와리,4,기타,-4:26,-1
2022-07-20 00:42:00,35.953472,126.98519,어양동,3,기타,0:-1,204
2022-07-20 00:45:00,35.95651,126.99748,부송동,4,기타,2:-1,204
2022-07-20 00:46:00,35.957256,126.995964,부송동,5,"가축 분뇨 냄새(닭, 돼지, 소)",2:0,204
2022-07-20 00:46:00,35.957012,126.98659,부송동,4,"가축 분뇨 냄새(닭, 돼지, 소)",0:0,204
2022-07-20 00:49:00,35.960503,126.989624,부송동,5,기타,0:0,204
2022-07-20 00:54:00,35.956497,126.99748,부송동,4,"가축 분뇨 냄새(닭, 돼지, 소)",2:-1,204
2022-07-20 00:54:00,35.95989,126.989006,부송동,5,"가축 분뇨 냄새(닭, 돼지, 소)",0:0,204
2022-07-20 00:56:00,35.964504,126.98683,부송동,4,"가축 분뇨 냄새(닭, 돼지, 소)",0:1,204
2022-07-20 00:57:00,35.951885,126.982,어양동,3,하수구 냄새,-1:-2,204
2022-07-20 01:02:00,35.962196,126.99397,부송동,5,기타,1:1,204
2022-07-20 01:05:00,35.963097,126.99224,부송동,4,"가축 분뇨 냄새(닭, 돼지, 소)",1:1,204
2022-07-20 01:16:00,35.956844,126.97599,영등동,5,하수구 냄새,-2:0,204
2022-07-20 01:44:00,35.956028,126.97805,영등동,4,기타,-2:-1,204
2022-07-20 01:58:00,35.952427,126.985634,어양동,4,"가축 분뇨 냄새(닭, 돼지, 소)",0:-1,204
2022-07-20 02:16:00,35.961044,126.9941,부송동,4,하수구 냄새,1:0,204
2022-07-20 02:19:00,35.95779,126.99895,부송동,2,"가축 분뇨 냄새(닭, 돼지, 소)",2:0,204
2022-07-20 02:30:00,35.957474,126.98899,부송동,4,하수구 냄새,0:0,204
2022-07-20 02:32:00,35.961113,126.978226,영등동,4,"가축 분뇨 냄새(닭, 돼지, 소)",-2:1,204
2022-07-20 02:33:00,35.93746,126.96753,마동,4,"가축 분뇨 냄새(닭, 돼지, 소)",-4:-5,-1
2022-07-20 02:35:00,35.931324,126.96688,동산동,4,"가축 분뇨 냄새(닭, 돼지, 소)",-4:-6,-1
2022-07-20 02:58:00,35.953976,126.985634,어양동,5,기타,0:-1,204
2022-07-20 03:28:00,35.965763,126.98485,부송동,3,기타,0:2,-1
2022-07-20 04:37:00,35.95801,126.97415,영등동,4,하수구 냄새,-2:0,-1
2022-07-20 05:00:00,35.932262,126.94136,평화동,5,"가축 분뇨 냄새(닭, 돼지, 소)",-8:-6,-1
2022-07-20 05:15:00,35.93234,126.95443,인화동2가,4,기타,-6:-6,-1
2022-07-20 05:43:00,35.92509,127.05359,춘포면 쌍정리,4,하수구 냄새,12:-7,-1
2022-07-20 06:20:00,35.9408,126.93786,송학동,3,"가축 분뇨 냄새(닭, 돼지, 소)",-9:-4,-1
2022-07-20 06:45:00,35.941124,126.92874,송학동,4,"가축 분뇨 냄새(닭, 돼지, 소)",-10:-4,-1
2022-07-20 06:59:00,35.92702,126.95345,인화동2가,4,"가축 분뇨 냄새(닭, 돼지, 소)",-6:-7,-1
2022-07-20 07:07:00,35.92872,126.96341,동산동,3,"가축 분뇨 냄새(닭, 돼지, 소)",-4:-7,-1
2022-07-20 07:21:00,35.928738,126.96312,동산동,3,"가축 분뇨 냄새(닭, 돼지, 소)",-4:-7,205
2022-07-20 07:38:00,35.92953,126.96441,동산동,4,"가축 분뇨 냄새(닭, 돼지, 소)",-4:-6,205
2022-07-20 08:11:00,35.93061,126.9617,동산동,3,"가축 분뇨 냄새(닭, 돼지, 소)",-5:-6,205
2022-07-20 08:23:00,35.92751,126.961105,동산동,4,기타,-5:-7,205
2022-07-20 08:25:00,35.956573,126.98781,부송동,5,기타,0:0,-1
2022-07-20 08:30:00,35.960247,126.9839,어양동,5,기타,-1:0,-1
2022-07-20 08:33:00,35.92751,126.96078,동산동,4,기타,-5:-7,205
2022-07-20 08:57:00,36.00022,127.063774,금마면 동고도리,3,기타,14:9,-1
2022-07-20 09:45:00,35.951527,126.97579,영등동,4,"가축 분뇨 냄새(닭, 돼지, 소)",-2:-2,-1
2022-07-20 20:12:00,35.952267,126.936356,모현동1가,3,기타,-9:-1,-1
2022-07-20 22:33:00,35.92509,127.05359,춘포면 쌍정리,4,하수구 냄새,12:-7,-1
2022-07-20 22:35:00,35.922024,127.055664,춘포면 쌍정리,4,"가축 분뇨 냄새(닭, 돼지, 소)",12:-8,-1
2022-07-20 23:01:00,35.960285,126.98918,부송동,4,기타,0:0,-1
2022-07-20 23:09:00,35.95989,126.989006,부송동,5,"가축 분뇨 냄새(닭, 돼지, 소)",0:0,-1
2022-07-20 23:12:00,35.96137,126.99393,부송동,4,하수구 냄새,1:1,-1
2022-07-20 23:24:00,35.954445,126.98448,어양동,5,기타,0:-1,-1
2022-07-21 02:45:00,35.928738,126.96312,동산동,4,기타,-4:-7,-1
2022-07-21 06:10:00,35.956886,126.976105,영등동,4,하수구 냄새,-2:0,-1
2022-07-22 21:25:00,35.92509,127.05359,춘포면 쌍정리,4,하수구 냄새,12:-7,-1
2022-07-22 22:00:00,36.075962,126.96328,함열읍 와리,5,기타,-4:26,-1
2022-07-22 22:48:00,36.07509,126.96234,함열읍 와리,4,기타,-4:26,-1
2022-07-23 00:06:00,35.935867,126.97847,금강동,3,"가축 분뇨 냄새(닭, 돼지, 소)",-2:-5,-1
2022-07-23 00:10:00,35.95655,126.997475,부송동,3,"공장 냄새(화학약품, 매캐함)",2:-1,-1
2022-07-23 00:33:00,35.957222,126.99592,부송동,4,기타,2:0,206
2022-07-23 00:42:00,35.936455,126.96932,마동,5,하수구 냄새,-3:-5,-1
2022-07-23 01:03:00,35.958298,126.962265,신동,3,기타,-4:0,-1
2022-07-23 01:10:00,35.934505,126.96981,마동,3,"가축 분뇨 냄새(닭, 돼지, 소)",-3:-5,-1
2022-07-23 01:13:00,35.956535,126.99748,부송동,4,기타,2:-1,206
2022-07-23 01:19:00,35.95729,126.97805,영등동,2,기타,-2:0,206
2022-07-23 01:21:00,35.953472,126.98483,어양동,5,기타,0:-1,206
2022-07-23 01:27:00,35.954372,126.98696,어양동,5,기타,0:-1,206
2022-07-23 01:28:00,35.95495,126.987274,어양동,4,기타,0:-1,206
2022-07-23 01:28:00,35.95441,126.987854,어양동,5,기타,0:-1,206
2022-07-23 01:29:00,35.954624,126.98745,어양동,5,기타,0:-1,206
2022-07-23 01:36:00,35.956085,126.97778,영등동,4,기타,-2:-1,206
2022-07-23 01:37:00,35.956894,126.98091,어양동,5,기타,-1:0,206
2022-07-23 01:40:00,35.956303,126.99515,부송동,5,"가축 분뇨 냄새(닭, 돼지, 소)",1:-1,206
2022-07-23 01:42:00,35.953743,126.98816,어양동,3,"가축 분뇨 냄새(닭, 돼지, 소)",0:-1,206
2022-07-23 01:50:00,35.95246,126.98222,어양동,4,하수구 냄새,-1:-1,206
2022-07-23 01:52:00,35.964645,126.97942,영등동,3,기타,-1:1,206
2022-07-23 01:52:00,35.956844,126.991486,부송동,5,기타,1:0,206
2022-07-23 02:04:00,35.954407,126.97171,영등동,3,"가축 분뇨 냄새(닭, 돼지, 소)",-3:-1,206
2022-07-23 02:14:00,35.928738,126.96312,동산동,3,"가축 분뇨 냄새(닭, 돼지, 소)",-4:-7,-1
2022-07-23 02:23:00,35.930218,126.97132,동산동,5,"가축 분뇨 냄새(닭, 돼지, 소)",-3:-6,-1
2022-07-23 02:24:00,35.957043,126.99565,부송동,5,"가축 분뇨 냄새(닭, 돼지, 소)",2:0,206
2022-07-23 02:38:00,35.957222,126.98763,부송동,4,기타,0:0,206
2022-07-23 02:47:00,35.957653,126.99969,부송동,4,"공장 냄새(화학약품, 매캐함)",2:0,206
2022-07-23 04:23:00,35.95484,126.98718,어양동,3,"가축 분뇨 냄새(닭, 돼지, 소)",0:-1,-1
2022-07-23 05:42:00,35.94622,126.96409,마동,3,"공장 냄새(화학약품, 매캐함)",-4:-3,-1
2022-07-23 07:11:00,35.934723,126.96995,마동,3,"가축 분뇨 냄새(닭, 돼지, 소)",-3:-5,-1
2022-07-23 07:49:00,35.94596,126.945755,모현동1가,4,"가축 분뇨 냄새(닭, 돼지, 소)",-7:-3,-1
2022-07-23 09:24:00,35.94744,126.9464,모현동1가,4,"가축 분뇨 냄새(닭, 돼지, 소)",-7:-3,-1
2022-07-23 09:36:00,35.9523,126.9364,모현동1가,4,"가축 분뇨 냄새(닭, 돼지, 소)",-9:-1,-1
2022-07-23 15:28:00,35.956463,126.997475,부송동,4,기타,2:-1,-1
2022-07-23 17:19:00,35.93748,126.9789,신흥동,4,기타,-1:-5,-1
2022-07-23 17:40:00,35.963745,127.01547,팔봉동,5,"가축 분뇨 냄새(닭, 돼지, 소)",5:1,-1
2022-07-23 18:13:00,35.95375,126.984085,어양동,3,"가축 분뇨 냄새(닭, 돼지, 소)",-1:-1,-1
2022-07-23 20:42:00,35.946,126.946,모현동1가,3,"가축 분뇨 냄새(닭, 돼지, 소)",-7:-3,-1
2022-07-23 20:52:00,35.951725,126.93624,모현동1가,3,기타,-9:-2,-1
2022-07-23 21:44:00,35.944836,126.92973,송학동,4,"가축 분뇨 냄새(닭, 돼지, 소)",-10:-3,-1
2022-07-23 22:33:00,35.928738,126.96312,동산동,5,기타,-4:-7,-1
2022-07-24 01:44:00,35.956543,126.99749,부송동,3,"가축 분뇨 냄새(닭, 돼지, 소)",2:-1,-1
2022-07-24 07:37:00,35.954407,126.9847,어양동,5,기타,0:-1,-1
2022-07-24 08:44:00,35.960285,126.98953,부송동,4,"가축 분뇨 냄새(닭, 돼지, 소)",0:0,-1
2022-07-24 08:47:00,35.960285,126.984344,어양동,5,기타,0:0,-1
2022-07-24 15:02:00,35.956463,126.997475,부송동,5,하수구 냄새,2:-1,-1
2022-07-24 22:51:00,35.95826,126.96204,신동,3,"공장 냄새(화학약품, 매캐함)",-4:0,-1
2022-07-25 06:06:00,35.96032,126.98967,부송동,5,기타,0:0,-1
2022-07-25 06:32:00,35.956825,126.97593,영등동,3,하수구 냄새,-2:0,-1
2022-07-25 06:41:00,35.953617,126.98546,어양동,5,기타,0:-1,-1
2022-07-25 07:00:00,35.956932,126.98803,부송동,4,"가축 분뇨 냄새(닭, 돼지, 소)",0:0,-1
2022-07-25 07:18:00,35.961403,126.97845,영등동,4,"가축 분뇨 냄새(닭, 돼지, 소)",-2:1,-1
2022-07-25 23:14:00,36.075962,126.96328,함열읍 와리,5,기타,-4:26,-1
2022-07-25 23:57:00,35.9566,126.991905,부송동,3,기타,1:0,207
2022-07-26 00:00:00,35.946358,126.94139,모현동1가,5,"가축 분뇨 냄새(닭, 돼지, 소)",-8:-3,-1
2022-07-26 00:03:00,35.956524,126.99749,부송동,4,"가축 분뇨 냄새(닭, 돼지, 소)",2:-1,207
2022-07-26 00:07:00,35.954735,126.98794,어양동,3,"가축 분뇨 냄새(닭, 돼지, 소)",0:-1,207
2022-07-26 00:27:00,35.95989,126.989006,부송동,4,하수구 냄새,0:0,207
2022-07-26 00:32:00,35.95744,126.99796,부송동,5,"가축 분뇨 냄새(닭, 돼지, 소)",2:0,207
2022-07-26 00:38:00,35.959023,126.999245,부송동,4,기타,2:0,207
2022-07-26 00:40:00,36.075962,126.96328,함열읍 와리,5,기타,-4:26,-1
2022-07-26 00:50:00,35.96025,126.98958,부송동,5,"가축 분뇨 냄새(닭, 돼지, 소)",0:0,207
2022-07-26 00:53:00,35.957905,126.99457,부송동,3,하수구 냄새,1:0,207
2022-07-26 00:59:00,35.957394,126.98916,부송동,3,"가축 분뇨 냄새(닭, 돼지, 소)",0:0,207
2022-07-26 01:00:00,35.9565,126.99736,부송동,4,"가축 분뇨 냄새(닭, 돼지, 소)",2:-1,207
2022-07-26 01:02:00,35.956303,126.995125,부송동,5,기타,1:-1,207
2022-07-26 01:05:00,35.959927,126.99916,부송동,4,"가축 분뇨 냄새(닭, 돼지, 소)",2:0,207
2022-07-26 01:07:00,35.95221,126.98466,어양동,3,"가축 분뇨 냄새(닭, 돼지, 소)",0:-1,207
2022-07-26 01:10:00,35.957546,126.98396,어양동,4,"가축 분뇨 냄새(닭, 돼지, 소)",-1:0,207
2022-07-26 01:14:00,35.961075,126.994095,부송동,5,"가축 분뇨 냄새(닭, 돼지, 소)",1:0,207
2022-07-26 01:15:00,35.960213,126.98953,부송동,5,기타,0:0,207
2022-07-26 01:15:00,35.956463,126.99423,부송동,5,"가축 분뇨 냄새(닭, 돼지, 소)",1:-1,207
2022-07-26 01:27:00,35.963783,126.98759,부송동,3,"가축 분뇨 냄새(닭, 돼지, 소)",0:1,207
2022-07-26 01:42:00,35.96151,126.9796,영등동,2,"가축 분뇨 냄새(닭, 돼지, 소)",-1:1,207
2022-07-26 01:42:00,35.953976,126.98506,어양동,5,기타,0:-1,207
2022-07-26 01:45:00,35.956318,126.98078,어양동,5,기타,-1:-1,207
2022-07-26 01:48:00,35.96151,126.9796,영등동,3,기타,-1:1,207
2022-07-26 01:49:00,35.92509,127.05359,춘포면 쌍정리,4,하수구 냄새,12:-7,-1
2022-07-26 01:52:00,35.96443,126.982574,어양동,5,"가축 분뇨 냄새(닭, 돼지, 소)",-1:1,207
2022-07-26 02:12:00,35.963814,126.97397,영등동,5,"가축 분뇨 냄새(닭, 돼지, 소)",-2:1,207
2022-07-26 02:26:00,35.928486,126.964096,동산동,4,"가축 분뇨 냄새(닭, 돼지, 소)",-4:-7,-1
2022-07-26 02:30:00,35.92852,126.963165,동산동,5,"가축 분뇨 냄새(닭, 돼지, 소)",-4:-7,-1
2022-07-26 02:34:00,35.96634,127.01581,팔봉동,3,기타,5:2,-1
2022-07-26 02:39:00,35.94721,127.00357,용제동,3,기타,3:-3,-1
2022-07-26 02:40:00,35.928772,126.9633,동산동,5,기타,-4:-7,-1
2022-07-26 02:53:00,35.94744,126.94642,모현동1가,5,기타,-7:-3,-1
2022-07-26 06:50:00,35.957508,126.99956,부송동,4,"공장 냄새(화학약품, 매캐함)",2:0,-1
2022-07-26 07:05:00,35.95682,126.97207,영등동,2,"공장 냄새(화학약품, 매캐함)",-3:0,-1
2022-07-26 07:10:00,35.956844,126.976,영등동,3,"공장 냄새(화학약품, 매캐함)",-2:0,-1
2022-07-26 07:31:00,35.95741,126.995735,부송동,4,"가축 분뇨 냄새(닭, 돼지, 소)",2:0,-1
2022-07-26 07:32:00,35.960934,126.994194,부송동,1,"가축 분뇨 냄새(닭, 돼지, 소)",1:0,-1
2022-07-26 22:31:00,35.953434,126.98457,어양동,4,기타,0:-1,-1
2022-07-26 22:35:00,35.95711,126.98776,부송동,5,기타,0:0,208
2022-07-26 22:49:00,35.95654,126.99749,부송동,4,"가축 분뇨 냄새(닭, 돼지, 소)",2:-1,208
2022-07-26 22:53:00,35.956684,126.99473,부송동,3,기타,1:0,208
2022-07-26 22:57:00,35.957798,127.0,부송동,4,"가축 분뇨 냄새(닭, 돼지, 소)",2:0,208
2022-07-26 23:00:00,35.961044,126.9941,부송동,5,기타,1:0,208
2022-07-27 02:15:00,36.03068,126.95553,함열읍 다송리,5,"공장 냄새(화학약품, 매캐함)",-6:16,-1
2022-07-27 03:04:00,35.961292,126.97836,영등동,4,"가축 분뇨 냄새(닭, 돼지, 소)",-2:1,-1
2022-07-27 03:29:00,35.934498,126.9492,인화동1가,1,"가축 분뇨 냄새(닭, 돼지, 소)",-7:-5,-1
2022-07-27 05:26:00,35.96025,126.98909,부송동,4,"가축 분뇨 냄새(닭, 돼지, 소)",0:0,-1
2022-07-27 06:33:00,35.96546,126.98303,어양동,5,"공장 냄새(화학약품, 매캐함)",-1:1,-1
2022-07-27 07:39:00,35.946033,126.945915,모현동1가,3,"가축 분뇨 냄새(닭, 돼지, 소)",-7:-3,-1
2022-07-27 19:08:00,36.0379,126.988235,삼기면 오룡리,5,하수구 냄새,0:17,-1
2022-07-27 20:00:00,35.946903,127.039986,춘포면 천서리,2,기타,10:-3,-1
2022-07-27 20:25:00,35.96025,126.99002,부송동,5,기타,1:0,209
2022-07-27 20:45:00,35.960556,126.98448,어양동,5,기타,0:0,209
2022-07-27 20:50:00,35.96151,126.97849,영등동,4,"가축 분뇨 냄새(닭, 돼지, 소)",-2:1,209
2022-07-27 20:50:00,35.954227,126.98812,어양동,4,"가축 분뇨 냄새(닭, 돼지, 소)",0:-1,209
2022-07-27 20:53:00,35.953823,126.98412,어양동,4,"가축 분뇨 냄새(닭, 돼지, 소)",-1:-1,209
2022-07-27 20:53:00,35.95989,126.989006,부송동,5,"가축 분뇨 냄새(닭, 돼지, 소)",0:0,209
2022-07-27 20:57:00,35.953724,126.98519,어양동,4,기타,0:-1,209
2022-07-27 21:00:00,35.95322,126.984436,어양동,3,기타,0:-1,209
2022-07-27 21:01:00,35.960953,126.99397,부송동,5,"가축 분뇨 냄새(닭, 돼지, 소)",1:0,209
2022-07-27 21:01:00,35.951164,126.983154,어양동,4,"가축 분뇨 냄새(닭, 돼지, 소)",-1:-2,209
2022-07-27 21:04:00,35.960358,126.98945,부송동,5,"가축 분뇨 냄새(닭, 돼지, 소)",0:0,209
2022-07-27 21:11:00,35.960537,126.9941,부송동,3,"공장 냄새(화학약품, 매캐함)",1:0,209
2022-07-27 21:16:00,35.93245,126.95448,인화동2가,5,"가축 분뇨 냄새(닭, 돼지, 소)",-6:-6,-1
2022-07-27 21:25:00,35.95322,126.984436,어양동,4,"가축 분뇨 냄새(닭, 돼지, 소)",0:-1,209
2022-07-27 22:04:00,36.07038,126.9881,낭산면 용기리,5,"가축 분뇨 냄새(닭, 돼지, 소)",0:25,-1
2022-07-27 22:06:00,35.962807,126.98519,부송동,3,기타,0:1,209
2022-07-27 22:31:00,35.958664,126.992775,부송동,4,"가축 분뇨 냄새(닭, 돼지, 소)",1:0,209
2022-07-27 22:40:00,35.960033,126.999115,부송동,5,하수구 냄새,2:0,209
2022-07-27 22:50:00,35.961044,126.9941,부송동,5,기타,1:0,209
2022-07-27 22:56:00,35.95834,126.99273,부송동,5,하수구 냄새,1:0,209
2022-07-27 23:43:00,35.96122,126.97198,영등동,4,"가축 분뇨 냄새(닭, 돼지, 소)",-3:1,-1
2022-07-27 23:49:00,35.95762,126.99987,부송동,4,"공장 냄새(화학약품, 매캐함)",2:0,210
2022-07-27 23:59:00,35.961296,126.994194,부송동,4,"공장 냄새(화학약품, 매캐함)",1:1,210
2022-07-27 23:59:00,35.960285,126.99011,부송동,4,"공장 냄새(화학약품, 매캐함)",1:0,210
2022-07-28 00:27:00,36.07038,126.9881,낭산면 용기리,4,"가축 분뇨 냄새(닭, 돼지, 소)",0:25,-1
2022-07-28 00:33:00,35.956753,126.99787,부송동,5,"가축 분뇨 냄새(닭, 돼지, 소)",2:0,210
2022-07-28 00:36:00,35.956898,126.99725,부송동,5,"가축 분뇨 냄새(닭, 돼지, 소)",2:0,210
2022-07-28 02:03:00,35.956524,126.99747,부송동,4,"공장 냄새(화학약품, 매캐함)",2:-1,-1
2022-07-28 02:11:00,35.965862,126.98491,부송동,2,음식조리 냄새,0:2,-1
2022-07-28 07:51:00,35.92509,127.05359,춘포면 쌍정리,4,하수구 냄새,12:-7,-1
2022-07-28 08:08:00,35.92509,127.05359,춘포면 쌍정리,5,"가축 분뇨 냄새(닭, 돼지, 소)",12:-7,-1
2022-07-28 22:15:00,35.92509,127.05359,춘포면 쌍정리,5,하수구 냄새,12:-7,-1
2022-07-28 22:32:00,35.924114,127.0531,춘포면 쌍정리,5,"가축 분뇨 냄새(닭, 돼지, 소)",12:-8,-1
2022-07-28 22:34:00,35.960213,126.98967,부송동,3,"공장 냄새(화학약품, 매캐함)",0:0,211
2022-07-28 22:51:00,35.95787,126.99326,부송동,3,"가축 분뇨 냄새(닭, 돼지, 소)",1:0,211
2022-07-28 23:05:00,35.956535,126.99749,부송동,4,"가축 분뇨 냄새(닭, 돼지, 소)",2:-1,211
2022-07-28 23:18:00,35.95989,126.999245,부송동,3,"가축 분뇨 냄새(닭, 돼지, 소)",2:0,211
2022-07-28 23:18:00,35.960068,126.98927,부송동,4,"가축 분뇨 냄새(닭, 돼지, 소)",0:0,211
2022-07-29 04:25:00,35.960285,126.989845,부송동,5,"공장 냄새(화학약품, 매캐함)",1:0,-1
2022-07-29 05:00:00,35.95685,126.97602,영등동,3,"공장 냄새(화학약품, 매캐함)",-2:0,-1
2022-07-29 17:02:00,36.067604,126.9857,낭산면 용기리,4,기타,0:24,-1
2022-07-29 17:59:00,36.07038,126.9881,낭산면 용기리,5,"가축 분뇨 냄새(닭, 돼지, 소)",0:25,-1
2022-07-29 20:18:00,35.941853,126.94729,창인동2가,3,기타,-7:-4,-1
2022-07-29 20:34:00,35.963528,126.97861,영등동,4,기타,-2:1,-1
2022-07-29 20:40:00,35.95989,126.989006,부송동,2,기타,0:0,-1
2022-07-29 20:50:00,35.958454,126.98705,부송동,4,"가축 분뇨 냄새(닭, 돼지, 소)",0:0,-1
2022-07-29 22:18:00,35.94744,126.94642,모현동1가,3,기타,-7:-3,-1
2022-07-29 22:24:00,35.962807,126.98519,부송동,5,기타,0:1,-1
2022-07-29 22:35:00,35.956837,126.97599,영등동,4,하수구 냄새,-2:0,-1
2022-07-29 22:39:00,35.96133,126.99406,부송동,5,"공장 냄새(화학약품, 매캐함)",1:1,-1
2022-07-29 22:39:00,35.948456,126.968765,영등동,4,하수구 냄새,-3:-2,-1
2022-07-29 22:49:00,35.956528,126.99743,부송동,4,"가축 분뇨 냄새(닭, 돼지, 소)",2:-1,-1
2022-07-29 22:54:00,35.958553,126.98336,어양동,3,"공장 냄새(화학약품, 매캐함)",-1:0,-1
2022-07-29 22:59:00,35.956947,126.972466,영등동,4,"공장 냄새(화학약품, 매캐함)",-3:0,-1
2022-07-29 23:31:00,35.936264,126.978455,금강동,5,"가축 분뇨 냄새(닭, 돼지, 소)",-2:-5,-1
2022-07-29 23:59:00,35.956966,126.972244,영등동,5,"가축 분뇨 냄새(닭, 돼지, 소)",-3:0,-1
2022-07-30 01:02:00,35.95651,126.9975,부송동,4,기타,2:-1,-1
2022-07-30 01:33:00,35.94744,126.9464,모현동1가,3,"공장 냄새(화학약품, 매캐함)",-7:-3,-1
2022-07-30 06:26:00,36.07038,126.9881,낭산면 용기리,4,기타,0:25,-1
2022-07-30 16:25:00,35.94744,126.9464,모현동1가,2,"공장 냄새(화학약품, 매캐함)",-7:-3,-1
2022-07-30 20:27:00,35.959526,126.97548,영등동,3,기타,-2:0,-1
2022-07-31 00:46:00,36.07038,126.9881,낭산면 용기리,3,기타,0:25,-1
2022-07-31 04:31:00,35.96104,126.97783,영등동,3,"가축 분뇨 냄새(닭, 돼지, 소)",-2:0,-1
2022-07-31 17:36:00,35.960682,126.99464,부송동,4,기타,1:0,-1
2022-07-31 17:40:00,35.960106,126.98945,부송동,5,기타,0:0,-1
2022-07-31 17:44:00,35.96025,126.98975,부송동,3,"가축 분뇨 냄새(닭, 돼지, 소)",0:0,-1
2022-07-31 18:58:00,35.96025,126.98936,부송동,4,"공장 냄새(화학약품, 매캐함)",0:0,-1
2022-07-31 19:16:00,35.96097,126.99406,부송동,4,"공장 냄새(화학약품, 매캐함)",1:0,-1
2022-07-31 20:11:00,35.934074,126.969505,동산동,3,"가축 분뇨 냄새(닭, 돼지, 소)",-3:-5,-1
2022-07-31 20:24:00,35.956356,126.97827,영등동,5,기타,-2:-1,-1
2022-07-31 21:58:00,35.960392,126.99814,부송동,3,"공장 냄새(화학약품, 매캐함)",2:0,-1
2022-07-31 22:02:00,35.957462,126.995674,부송동,4,"가축 분뇨 냄새(닭, 돼지, 소)",2:0,-1
2022-07-31 22:19:00,35.928738,126.96312,동산동,4,기타,-4:-7,-1
2022-07-31 22:42:00,35.92953,126.96441,동산동,4,기타,-4:-6,-1
2022-08-01 07:43:00,35.960823,126.978806,영등동,4,"가축 분뇨 냄새(닭, 돼지, 소)",-1:0,-1
2022-08-01 08:26:00,35.95747,126.99569,부송동,5,"가축 분뇨 냄새(닭, 돼지, 소)",2:0,-1
2022-08-01 08:33:00,35.956547,126.99742,부송동,4,"가축 분뇨 냄새(닭, 돼지, 소)",2:-1,-1
2022-08-01 17:58:00,36.06802,126.9861,낭산면 용기리,5,기타,0:24,212
2022-08-01 18:01:00,36.06882,126.987656,낭산면 용기리,5,기타,0:24,212
2022-08-01 18:02:00,36.068073,126.986046,낭산면 용기리,5,기타,0:24,212
2022-08-01 18:13:00,36.067677,126.985725,낭산면 용기리,5,기타,0:24,212
2022-08-01 18:49:00,36.07038,126.9881,낭산면 용기리,4,기타,0:25,212
2022-08-01 20:44:00,35.97368,126.934006,현영동,5,"가축 분뇨 냄새(닭, 돼지, 소)",-10:3,-1
2022-08-01 20:58:00,35.94625,126.946,모현동1가,4,"가축 분뇨 냄새(닭, 돼지, 소)",-7:-3,-1
2022-08-01 21:07:00,35.928738,126.96312,동산동,4,기타,-4:-7,-1
2022-08-01 21:10:00,35.94744,126.9464,모현동1가,5,"가축 분뇨 냄새(닭, 돼지, 소)",-7:-3,-1
2022-08-01 21:11:00,35.94744,126.94642,모현동1가,5,"가축 분뇨 냄새(닭, 돼지, 소)",-7:-3,-1
2022-08-01 21:26:00,35.930336,126.961525,동산동,5,기타,-5:-6,-1
2022-08-01 21:32:00,35.936596,126.96888,마동,3,하수구 냄새,-3:-5,-1
2022-08-01 21:43:00,35.951595,126.97579,영등동,4,기타,-2:-2,213
2022-08-01 21:55:00,35.960068,126.98975,부송동,5,"가축 분뇨 냄새(닭, 돼지, 소)",0:0,213
2022-08-01 21:55:00,35.960575,126.98936,부송동,5,"가축 분뇨 냄새(닭, 돼지, 소)",0:0,213
2022-08-01 21:57:00,35.960392,126.9898,부송동,5,기타,1:0,213
2022-08-01 21:59:00,35.957623,126.97398,영등동,4,"가축 분뇨 냄새(닭, 돼지, 소)",-2:0,213
2022-08-01 22:02:00,35.95109,126.9836,어양동,5,기타,-1:-2,213
2022-08-01 22:05:00,35.953724,126.984146,어양동,4,"가축 분뇨 냄새(닭, 돼지, 소)",-1:-1,213
2022-08-01 22:11:00,35.957005,126.98111,어양동,3,"가축 분뇨 냄새(닭, 돼지, 소)",-1:0,213
2022-08-01 22:15:00,35.964504,126.98683,부송동,4,"가축 분뇨 냄새(닭, 돼지, 소)",0:1,213
2022-08-01 22:20:00,35.955128,126.973305,영등동,5,기타,-2:-1,213
2022-08-01 22:20:00,35.956486,126.99744,부송동,3,기타,2:-1,213
2022-08-01 22:57:00,35.961403,126.993835,부송동,4,"공장 냄새(화학약품, 매캐함)",1:1,213
2022-08-01 23:01:00,35.93137,126.96946,동산동,5,기타,-3:-6,-1
2022-08-01 23:05:00,35.927547,126.96658,동산동,4,"가축 분뇨 냄새(닭, 돼지, 소)",-4:-7,-1
2022-08-01 23:10:00,35.956787,126.972244,영등동,3,"가축 분뇨 냄새(닭, 돼지, 소)",-3:0,213
2022-08-01 23:25:00,35.93299,126.96356,동산동,4,기타,-4:-6,-1
2022-08-01 23:50:00,35.95852,126.993126,부송동,4,"가축 분뇨 냄새(닭, 돼지, 소)",1:0,213
2022-08-02 00:07:00,35.95808,126.96165,신동,5,하수구 냄새,-5:0,-1
2022-08-02 00:47:00,35.960392,126.98936,부송동,4,기타,0:0,-1
2022-08-02 00:55:00,35.956474,126.99745,부송동,3,"가축 분뇨 냄새(닭, 돼지, 소)",2:-1,-1
2022-08-02 03:55:00,35.928738,126.96312,동산동,5,기타,-4:-7,-1
2022-08-02 04:11:00,35.959995,126.989494,부송동,5,"가축 분뇨 냄새(닭, 돼지, 소)",0:0,-1
2022-08-02 05:14:00,35.929024,126.96401,동산동,4,기타,-4:-7,-1
2022-08-02 07:02:00,35.945816,126.945694,모현동1가,4,"가축 분뇨 냄새(닭, 돼지, 소)",-7:-3,-1
2022-08-02 07:32:00,35.94744,126.9464,모현동1가,3,"가축 분뇨 냄새(닭, 돼지, 소)",-7:-3,-1
2022-08-02 08:12:00,35.956894,126.9722,영등동,4,"가축 분뇨 냄새(닭, 돼지, 소)",-3:0,-1
2022-08-02 22:59:00,35.928738,126.96312,동산동,2,"가축 분뇨 냄새(닭, 돼지, 소)",-4:-7,-1
2022-08-03 03:07:00,35.955055,126.97242,영등동,3,기타,-3:-1,-1
2022-08-03 04:07:00,35.956562,126.99747,부송동,4,"가축 분뇨 냄새(닭, 돼지, 소)",2:-1,-1
2022-08-03 04:23:00,35.927944,126.959854,동산동,4,기타,-5:-7,-1
2022-08-03 04:27:00,35.956463,126.977745,영등동,4,기타,-2:-1,-1
2022-08-03 04:36:00,35.934536,126.9496,인화동1가,3,"가축 분뇨 냄새(닭, 돼지, 소)",-7:-5,-1
2022-08-03 04:37:00,35.957256,126.981064,어양동,5,"가축 분뇨 냄새(닭, 돼지, 소)",-1:0,-1
2022-08-03 04:39:00,35.958096,126.983795,어양동,4,"가축 분뇨 냄새(닭, 돼지, 소)",-1:0,-1
2022-08-03 04:41:00,35.956158,126.978386,영등동,5,기타,-2:-1,-1
2022-08-03 05:03:00,35.931744,126.95898,동산동,5,하수구 냄새,-5:-6,-1
2022-08-03 06:23:00,35.95681,126.97597,영등동,3,"공장 냄새(화학약품, 매캐함)",-2:0,-1
2022-08-03 07:22:00,35.956085,126.97778,영등동,5,하수구 냄새,-2:-1,-1
2022-08-03 07:25:00,35.956158,126.97785,영등동,5,하수구 냄새,-2:-1,-1
2022-08-03 08:10:00,35.95455,126.98718,어양동,4,"가축 분뇨 냄새(닭, 돼지, 소)",0:-1,-1
2022-08-03 21:15:00,35.898964,127.01017,춘포면 춘포리,4,기타,4:-13,-1
2022-08-04 23:38:00,35.95652,126.99746,부송동,4,"가축 분뇨 냄새(닭, 돼지, 소)",2:-1,214
2022-08-04 23:40:00,35.961403,126.994194,부송동,5,하수구 냄새,1:1,214
2022-08-04 23:42:00,35.961113,126.99446,부송동,5,하수구 냄새,1:1,214
2022-08-04 23:43:00,35.96151,126.99375,부송동,5,"가축 분뇨 냄새(닭, 돼지, 소)",1:1,214
2022-08-05 00:28:00,35.956455,126.997475,부송동,4,기타,2:-1,214
2022-08-05 01:52:00,35.960575,126.9894,부송동,5,기타,0:0,-1
2022-08-05 01:59:00,35.96014,126.98927,부송동,5,"가축 분뇨 냄새(닭, 돼지, 소)",0:0,-1
2022-08-05 02:03:00,35.956173,126.97819,영등동,5,기타,-2:-1,-1
2022-08-05 02:20:00,35.930145,126.95888,동산동,5,"가축 분뇨 냄새(닭, 돼지, 소)",-5:-6,-1
2022-08-05 02:21:00,35.95826,126.96204,신동,4,"가축 분뇨 냄새(닭, 돼지, 소)",-4:0,-1
2022-08-05 02:27:00,35.93467,126.94953,인화동1가,3,기타,-7:-5,-1
2022-08-05 02:33:00,35.93746,126.96753,마동,4,"가축 분뇨 냄새(닭, 돼지, 소)",-4:-5,-1
2022-08-05 06:21:00,36.045578,126.97576,함열읍 석매리,4,"가축 분뇨 냄새(닭, 돼지, 소)",-2:19,-1
2022-08-05 07:37:00,35.956833,126.97594,영등동,4,하수구 냄새,-2:0,-1
2022-08-05 21:56:00,35.927364,126.954926,인화동2가,5,"가축 분뇨 냄새(닭, 돼지, 소)",-6:-7,-1
2022-08-06 03:59:00,35.95621,126.97778,영등동,3,기타,-2:-1,-1
2022-08-06 04:15:00,35.945248,126.96431,마동,5,하수구 냄새,-4:-3,-1
2022-08-06 04:20:00,35.95322,126.984436,어양동,2,"공장 냄새(화학약품, 매캐함)",0:-1,-1
2022-08-06 05:47:00,35.96086,126.97499,영등동,4,기타,-2:0,-1
2022-08-06 06:40:00,35.931297,126.9699,동산동,5,기타,-3:-6,-1
2022-08-06 07:53:00,36.00026,127.06376,금마면 동고도리,3,"가축 분뇨 냄새(닭, 돼지, 소)",14:9,-1
2022-08-07 04:27:00,35.93504,126.9492,인화동1가,3,"가축 분뇨 냄새(닭, 돼지, 소)",-7:-5,-1
2022-08-07 04:33:00,35.956528,126.99746,부송동,5,"가축 분뇨 냄새(닭, 돼지, 소)",2:-1,-1
2022-08-07 04:39:00,35.94744,126.9464,모현동1가,5,"가축 분뇨 냄새(닭, 돼지, 소)",-7:-3,-1
2022-08-07 04:41:00,35.94744,126.94642,모현동1가,5,하수구 냄새,-7:-3,-1
2022-08-07 04:41:00,35.94744,126.94642,모현동1가,5,하수구 냄새,-7:-3,-1
2022-08-07 04:43:00,35.956356,126.978004,영등동,5,기타,-2:-1,-1
2022-08-07 05:53:00,35.963673,126.98732,부송동,5,하수구 냄새,0:1,-1
2022-08-07 06:10:00,35.96104,126.978806,영등동,4,"가축 분뇨 냄새(닭, 돼지, 소)",-1:0,-1
2022-08-07 06:56:00,35.954082,126.97557,영등동,4,하수구 냄새,-2:-1,-1
2022-08-07 07:00:00,35.960934,126.97486,영등동,5,기타,-2:0,-1
2022-08-07 07:12:00,35.95801,126.974174,영등동,3,"가축 분뇨 냄새(닭, 돼지, 소)",-2:0,-1
2022-08-07 21:09:00,35.9543,126.97504,영등동,4,음식조리 냄새,-2:-1,-1
2022-08-08 00:34:00,35.95662,126.997406,부송동,5,"가축 분뇨 냄새(닭, 돼지, 소)",2:0,-1
2022-08-08 00:36:00,35.960358,126.989716,부송동,5,기타,0:0,-1
2022-08-08 00:47:00,35.953327,126.98528,어양동,3,"가축 분뇨 냄새(닭, 돼지, 소)",0:-1,-1
2022-08-08 01:16:00,35.92744,126.96649,동산동,4,음식조리 냄새,-4:-7,-1
2022-08-08 01:28:00,35.927887,126.95993,동산동,3,기타,-5:-7,-1
2022-08-08 01:34:00,35.934105,126.957886,주현동,4,"가축 분뇨 냄새(닭, 돼지, 소)",-5:-5,-1
2022-08-08 01:36:00,35.93022,126.95897,동산동,4,기타,-5:-6,-1
2022-08-08 13:32:00,35.965553,127.01616,팔봉동,2,"공장 냄새(화학약품, 매캐함)",5:1,-1
2022-08-09 15:26:00,36.062466,126.9326,성당면 대선리,4,기타,-10:23,-1
2022-08-09 23:39:00,35.95989,126.989006,부송동,3,"가축 분뇨 냄새(닭, 돼지, 소)",0:0,-1
2022-08-11 01:54:00,35.960934,126.97827,영등동,4,"가축 분뇨 냄새(닭, 돼지, 소)",-2:0,215
2022-08-11 01:54:00,35.960358,126.98958,부송동,5,기타,0:0,215
2022-08-11 01:55:00,35.96018,126.98953,부송동,5,"가축 분뇨 냄새(닭, 돼지, 소)",0:0,215
2022-08-11 02:08:00,35.956547,126.99748,부송동,4,"가축 분뇨 냄새(닭, 돼지, 소)",2:-1,215
2022-08-11 02:09:00,35.95662,126.997375,부송동,5,"가축 분뇨 냄새(닭, 돼지, 소)",2:0,215
2022-08-11 02:16:00,35.956985,126.98642,부송동,4,"가축 분뇨 냄새(닭, 돼지, 소)",0:0,215
2022-08-11 03:30:00,35.9574,126.98417,어양동,4,기타,-1:0,-1
2022-08-11 14:42:00,35.936634,127.05704,왕궁면 쌍제리,5,기타,13:-5,-1
2022-08-11 15:09:00,35.93061,126.9617,동산동,3,기타,-5:-6,-1
2022-08-11 15:34:00,35.928772,126.96334,동산동,3,기타,-4:-7,-1
2022-08-11 19:54:00,35.928738,126.96312,동산동,3,기타,-4:-7,-1
2022-08-11 20:04:00,35.92953,126.96441,동산동,4,"가축 분뇨 냄새(닭, 돼지, 소)",-4:-6,-1
2022-08-11 20:24:00,35.941853,126.94729,창인동2가,3,"가축 분뇨 냄새(닭, 돼지, 소)",-7:-4,-1
2022-08-11 22:31:00,35.960213,126.98923,부송동,5,"가축 분뇨 냄새(닭, 돼지, 소)",0:0,-1
2022-08-12 21:48:00,35.961044,126.99408,부송동,3,"공장 냄새(화학약품, 매캐함)",1:0,-1
2022-08-12 22:01:00,35.960682,126.9894,부송동,5,음식조리 냄새,0:0,-1
2022-08-12 23:07:00,35.9539,127.013,팔봉동,4,하수구 냄새,5:-1,-1
2022-08-13 00:43:00,36.075962,126.96328,함열읍 와리,5,기타,-4:26,-1
2022-08-13 03:09:00,35.95826,126.96204,신동,3,기타,-4:0,-1
2022-08-13 03:13:00,35.94618,126.94609,모현동1가,3,기타,-7:-3,-1
2022-08-13 04:03:00,35.953552,127.007706,팔봉동,3,"공장 냄새(화학약품, 매캐함)",4:-1,-1
2022-08-13 08:11:00,35.93061,126.9617,동산동,3,기타,-5:-6,-1
2022-08-13 08:13:00,35.934723,126.96959,마동,3,"가축 분뇨 냄새(닭, 돼지, 소)",-3:-5,-1
2022-08-13 08:53:00,35.960934,126.99375,부송동,4,"공장 냄새(화학약품, 매캐함)",1:0,-1
2022-08-13 08:55:00,35.954014,126.98475,어양동,5,기타,0:-1,-1
2022-08-13 09:15:00,35.961437,126.99379,부송동,3,"가축 분뇨 냄새(닭, 돼지, 소)",1:1,-1
2022-08-13 23:11:00,35.964684,126.982925,어양동,5,기타,-1:1,-1
2022-08-14 01:42:00,35.932373,126.95195,인화동1가,5,기타,-6:-6,-1
2022-08-14 01:47:00,35.946102,126.93532,모현동1가,4,"가축 분뇨 냄새(닭, 돼지, 소)",-9:-3,-1
2022-08-14 02:30:00,35.93233,126.94122,평화동,5,음식조리 냄새,-8:-6,-1
2022-08-14 03:02:00,35.94744,126.9464,모현동1가,4,"가축 분뇨 냄새(닭, 돼지, 소)",-7:-3,-1
2022-08-14 04:46:00,35.956284,126.978226,영등동,4,기타,-2:-1,-1
2022-08-14 22:26:00,35.957146,126.97269,영등동,3,"가축 분뇨 냄새(닭, 돼지, 소)",-3:0,216
2022-08-14 22:38:00,35.960464,126.98975,부송동,5,기타,0:0,216
2022-08-14 22:43:00,35.9543,126.98883,어양동,4,"가축 분뇨 냄새(닭, 돼지, 소)",0:-1,216
2022-08-14 22:43:00,35.95658,126.9975,부송동,4,"가축 분뇨 냄새(닭, 돼지, 소)",2:0,216
2022-08-14 22:48:00,35.961044,126.9941,부송동,4,기타,1:0,216
2022-08-14 22:49:00,35.9574,126.98098,어양동,3,"가축 분뇨 냄새(닭, 돼지, 소)",-1:0,216
2022-08-14 22:51:00,35.953617,126.988464,어양동,4,"가축 분뇨 냄새(닭, 돼지, 소)",0:-1,216
2022-08-14 22:55:00,35.961185,126.97876,영등동,5,"가축 분뇨 냄새(닭, 돼지, 소)",-1:1,216
2022-08-14 22:59:00,35.92722,126.96591,동산동,4,하수구 냄새,-4:-7,217
2022-08-14 23:02:00,35.956818,126.975975,영등동,4,"가축 분뇨 냄새(닭, 돼지, 소)",-2:0,216
2022-08-14 23:03:00,35.96018,126.989136,부송동,5,"가축 분뇨 냄새(닭, 돼지, 소)",0:0,216
2022-08-14 23:10:00,35.96335,126.97357,영등동,3,"가축 분뇨 냄새(닭, 돼지, 소)",-2:1,216
2022-08-14 23:15:00,35.95759,126.97519,영등동,4,기타,-2:0,216
2022-08-14 23:16:00,35.954372,126.975655,영등동,4,하수구 냄새,-2:-1,216
2022-08-14 23:20:00,36.075962,126.96328,함열읍 와리,5,기타,-4:26,-1
2022-08-14 23:23:00,35.964504,126.98683,부송동,4,기타,0:1,216
2022-08-14 23:23:00,35.963314,126.98705,부송동,3,기타,0:1,216
2022-08-14 23:23:00,35.96389,126.98703,부송동,3,기타,0:1,216
2022-08-14 23:31:00,35.954372,126.97322,영등동,4,"가축 분뇨 냄새(닭, 돼지, 소)",-2:-1,216
2022-08-14 23:34:00,35.933674,126.95727,주현동,4,"가축 분뇨 냄새(닭, 돼지, 소)",-5:-6,217
2022-08-14 23:35:00,35.92733,126.96135,동산동,4,"가축 분뇨 냄새(닭, 돼지, 소)",-5:-7,217
2022-08-14 23:42:00,35.926754,126.95878,동산동,4,"가축 분뇨 냄새(닭, 돼지, 소)",-5:-7,217
2022-08-14 23:42:00,35.959812,126.96442,신동,3,기타,-4:0,216
2022-08-14 23:43:00,35.953686,126.975174,영등동,5,하수구 냄새,-2:-1,216
2022-08-14 23:44:00,35.963528,126.97433,영등동,3,기타,-2:1,216
2022-08-14 23:47:00,35.953938,126.97819,영등동,3,기타,-2:-1,216
2022-08-14 23:50:00,35.92953,126.96443,동산동,2,기타,-4:-6,217
2022-08-14 23:50:00,35.930252,126.97225,동산동,4,"가축 분뇨 냄새(닭, 돼지, 소)",-3:-6,217
2022-08-14 23:57:00,35.954376,126.98382,어양동,5,"가축 분뇨 냄새(닭, 돼지, 소)",-1:-1,216
2022-08-15 00:01:00,35.964466,126.97903,영등동,3,기타,-1:1,216
2022-08-15 00:13:00,35.95592,126.977875,영등동,4,기타,-2:-1,216
2022-08-15 00:21:00,35.95826,126.96204,신동,4,기타,-4:0,216
2022-08-15 00:37:00,35.963852,126.97406,영등동,5,"가축 분뇨 냄새(닭, 돼지, 소)",-2:1,216
2022-08-15 00:41:00,35.92719,126.96591,동산동,3,"가축 분뇨 냄새(닭, 돼지, 소)",-4:-7,217
2022-08-15 00:46:00,35.960896,126.9749,영등동,4,"가축 분뇨 냄새(닭, 돼지, 소)",-2:0,216
2022-08-15 00:47:00,35.956894,126.972336,영등동,2,하수구 냄새,-3:0,216
2022-08-15 01:59:00,35.95826,126.96204,신동,4,하수구 냄새,-4:0,-1
2022-08-15 02:21:00,35.95722,126.9816,어양동,5,"가축 분뇨 냄새(닭, 돼지, 소)",-1:0,-1
2022-08-15 02:39:00,35.96407,126.974144,영등동,4,"가축 분뇨 냄새(닭, 돼지, 소)",-2:1,-1
2022-08-15 02:53:00,35.956463,126.976326,영등동,4,기타,-2:-1,-1
2022-08-15 03:13:00,35.955,126.97343,영등동,4,기타,-2:-1,-1
2022-08-15 05:03:00,35.957977,126.97404,영등동,3,기타,-2:0,-1
2022-08-15 06:13:00,35.962032,126.98618,어양동,4,"가축 분뇨 냄새(닭, 돼지, 소)",0:1,-1
2022-08-15 06:30:00,35.954964,126.97353,영등동,3,기타,-2:-1,-1
2022-08-15 22:55:00,35.953003,126.98497,어양동,5,기타,0:-1,-1
2022-08-16 17:01:00,35.965763,127.01623,팔봉동,5,"공장 냄새(화학약품, 매캐함)",5:2,-1
2022-08-16 20:56:00,35.95758,126.99965,부송동,5,"공장 냄새(화학약품, 매캐함)",2:0,-1
2022-08-16 22:28:00,35.92509,127.05359,춘포면 쌍정리,5,"가축 분뇨 냄새(닭, 돼지, 소)",12:-7,-1
2022-08-17 04:30:00,35.946903,127.04003,춘포면 천서리,2,기타,10:-3,-1
2022-08-18 00:16:00,35.936707,126.969345,마동,5,하수구 냄새,-3:-5,-1
2022-08-18 07:31:00,35.94687,127.039986,춘포면 천서리,3,기타,10:-3,-1
2022-08-18 20:49:00,35.926754,126.95878,동산동,3,"공장 냄새(화학약품, 매캐함)",-5:-7,-1
2022-08-18 23:20:00,35.939285,126.986015,신흥동,4,기타,0:-4,-1
2022-08-18 23:26:00,35.95651,126.99745,부송동,4,기타,2:-1,218
2022-08-18 23:30:00,35.960648,126.99153,부송동,4,"가축 분뇨 냄새(닭, 돼지, 소)",1:0,218
2022-08-18 23:33:00,35.96018,126.989716,부송동,5,"가축 분뇨 냄새(닭, 돼지, 소)",0:0,218
2022-08-18 23:33:00,35.931694,126.96911,동산동,5,기타,-3:-6,-1
2022-08-18 23:33:00,35.961044,126.99408,부송동,3,하수구 냄새,1:0,218
2022-08-18 23:35:00,35.96086,126.99171,부송동,4,"가축 분뇨 냄새(닭, 돼지, 소)",1:0,218
2022-08-18 23:38:00,35.95811,126.94648,모현동2가,2,"가축 분뇨 냄새(닭, 돼지, 소)",-7:0,-1
2022-08-18 23:38:00,35.960682,126.9871,부송동,4,"가축 분뇨 냄새(닭, 돼지, 소)",0:0,218
2022-08-18 23:40:00,35.95733,126.996544,부송동,4,"가축 분뇨 냄새(닭, 돼지, 소)",2:0,218
2022-08-18 23:41:00,35.95739,126.9958,부송동,4,"가축 분뇨 냄새(닭, 돼지, 소)",2:0,218
2022-08-18 23:43:00,35.956463,126.997475,부송동,4,"가축 분뇨 냄새(닭, 돼지, 소)",2:-1,218
2022-08-18 23:49:00,35.953506,126.98455,어양동,4,하수구 냄새,0:-1,218
2022-08-18 23:51:00,35.96014,126.98931,부송동,5,"가축 분뇨 냄새(닭, 돼지, 소)",0:0,218
2022-08-18 23:56:00,35.957397,126.962,신동,3,"가축 분뇨 냄새(닭, 돼지, 소)",-5:0,-1
2022-08-18 23:57:00,35.96061,126.98958,부송동,5,기타,0:0,218
2022-08-19 00:03:00,36.075962,126.96328,함열읍 와리,5,기타,-4:26,-1
2022-08-19 00:05:00,35.964504,126.98683,부송동,4,"가축 분뇨 냄새(닭, 돼지, 소)",0:1,218
2022-08-19 00:12:00,35.957146,126.972595,영등동,4,"가축 분뇨 냄새(닭, 돼지, 소)",-3:0,218
2022-08-19 00:29:00,35.956066,126.97854,영등동,3,"가축 분뇨 냄새(닭, 돼지, 소)",-2:-1,218
2022-08-19 00:39:00,35.945248,126.96431,마동,4,"공장 냄새(화학약품, 매캐함)",-4:-3,-1
2022-08-19 00:48:00,35.952824,126.984215,어양동,4,기타,0:-1,218
2022-08-19 01:05:00,35.94506,126.943405,모현동1가,2,기타,-8:-3,-1
2022-08-19 01:09:00,35.928627,126.96343,동산동,5,"가축 분뇨 냄새(닭, 돼지, 소)",-4:-7,-1
2022-08-19 01:23:00,35.956245,126.976326,영등동,5,하수구 냄새,-2:-1,218
2022-08-19 01:28:00,35.9561,126.97634,영등동,4,기타,-2:-1,218
2022-08-19 01:32:00,35.954765,126.97269,영등동,3,기타,-3:-1,218
2022-08-19 01:40:00,35.94823,126.940765,모현동1가,4,기타,-8:-2,-1
2022-08-19 15:04:00,36.000168,127.063805,금마면 동고도리,4,"공장 냄새(화학약품, 매캐함)",14:9,-1
2022-08-19 21:03:00,35.964443,127.01565,팔봉동,3,"공장 냄새(화학약품, 매캐함)",5:1,-1
2022-08-19 21:04:00,35.964546,127.01562,팔봉동,3,"공장 냄새(화학약품, 매캐함)",5:1,-1
2022-08-20 00:23:00,35.95658,126.99753,부송동,5,기타,2:0,-1
2022-08-20 01:20:00,35.954372,126.97521,영등동,4,하수구 냄새,-2:-1,-1
2022-08-20 01:36:00,35.957798,126.980804,어양동,4,"가축 분뇨 냄새(닭, 돼지, 소)",-1:0,-1
2022-08-20 01:57:00,35.957905,126.99444,부송동,4,기타,1:0,-1
2022-08-20 02:15:00,35.96032,126.989494,부송동,5,"가축 분뇨 냄새(닭, 돼지, 소)",0:0,-1
2022-08-20 02:24:00,35.94668,126.93474,모현동1가,3,기타,-9:-3,-1
2022-08-20 02:42:00,35.926754,126.95878,동산동,3,"공장 냄새(화학약품, 매캐함)",-5:-7,-1
2022-08-20 04:12:00,35.95221,126.98399,어양동,3,기타,-1:-1,-1
2022-08-20 09:18:00,36.012665,126.99744,삼기면 기산리,3,"가축 분뇨 냄새(닭, 돼지, 소)",2:12,-1
2022-08-21 00:43:00,35.95652,126.99753,부송동,5,"가축 분뇨 냄새(닭, 돼지, 소)",2:-1,-1
2022-08-21 00:52:00,35.960106,126.98927,부송동,5,"가축 분뇨 냄새(닭, 돼지, 소)",0:0,-1
2022-08-21 00:53:00,35.96014,126.98958,부송동,5,"가축 분뇨 냄새(닭, 돼지, 소)",0:0,-1
2022-08-21 02:06:00,35.935383,127.050026,춘포면 쌍정리,4,기타,11:-5,-1
2022-08-21 02:37:00,35.956066,126.97854,영등동,3,기타,-2:-1,219
2022-08-21 02:38:00,35.954823,126.98421,어양동,3,"공장 냄새(화학약품, 매캐함)",-1:-1,219
2022-08-21 02:40:00,35.956356,126.9953,부송동,4,하수구 냄새,1:-1,-1
2022-08-21 02:46:00,35.95614,126.97805,영등동,5,기타,-2:-1,219
2022-08-21 02:51:00,35.95373,126.984184,어양동,5,기타,-1:-1,219
2022-08-21 02:57:00,35.956158,126.9777,영등동,5,"가축 분뇨 냄새(닭, 돼지, 소)",-2:-1,219
2022-08-21 02:59:00,35.956245,126.978004,영등동,5,"가축 분뇨 냄새(닭, 돼지, 소)",-2:-1,219
2022-08-21 03:17:00,35.926754,126.95878,동산동,4,"가축 분뇨 냄새(닭, 돼지, 소)",-5:-7,-1
2022-08-21 06:30:00,36.006973,127.05403,금마면 신용리,3,기타,12:11,-1
2022-08-21 06:46:00,35.95394,126.9851,어양동,5,"가축 분뇨 냄새(닭, 돼지, 소)",0:-1,-1
2022-08-21 07:26:00,35.95387,126.98666,어양동,4,"공장 냄새(화학약품, 매캐함)",0:-1,-1
2022-08-21 17:11:00,35.95989,126.989006,부송동,5,기타,0:0,-1
2022-08-21 23:20:00,35.936085,127.05073,춘포면 쌍정리,3,"공장 냄새(화학약품, 매캐함)",11:-5,-1
2022-08-22 00:09:00,35.96645,127.01477,팔봉동,4,"가축 분뇨 냄새(닭, 돼지, 소)",5:2,-1
2022-08-22 00:28:00,35.956985,126.9873,부송동,5,기타,0:0,-1
2022-08-22 00:30:00,35.956398,126.996704,부송동,3,"가축 분뇨 냄새(닭, 돼지, 소)",2:-1,-1
2022-08-22 00:31:00,35.957447,126.99565,부송동,5,"가축 분뇨 냄새(닭, 돼지, 소)",2:0,-1
2022-08-22 00:33:00,35.960358,126.98923,부송동,5,"가축 분뇨 냄새(닭, 돼지, 소)",0:0,-1
2022-08-22 02:53:00,35.932514,126.94136,평화동,4,하수구 냄새,-8:-6,-1
2022-08-22 04:45:00,35.928738,126.96312,동산동,5,기타,-4:-7,-1
2022-08-22 05:24:00,35.927887,126.967064,동산동,3,하수구 냄새,-4:-7,-1
2022-08-22 06:06:00,35.926754,126.95878,동산동,5,"가축 분뇨 냄새(닭, 돼지, 소)",-5:-7,-1
2022-08-22 07:02:00,35.960716,126.99122,부송동,4,"가축 분뇨 냄새(닭, 돼지, 소)",1:0,-1
2022-08-22 08:00:00,35.946903,127.039986,춘포면 천서리,2,기타,10:-3,-1
2022-08-22 21:15:00,35.95826,126.96204,신동,3,"공장 냄새(화학약품, 매캐함)",-4:0,-1
2022-08-22 21:44:00,35.953434,126.9847,어양동,4,"가축 분뇨 냄새(닭, 돼지, 소)",0:-1,-1
2022-08-22 22:00:00,35.948982,126.93256,오산면 장신리,5,기타,-10:-2,-1
2022-08-22 22:40:00,35.93771,126.95908,마동,4,"가축 분뇨 냄새(닭, 돼지, 소)",-5:-5,-1
2022-08-22 23:07:00,35.94618,126.94582,모현동1가,4,"가축 분뇨 냄새(닭, 돼지, 소)",-7:-3,220
2022-08-22 23:08:00,35.946754,126.946266,모현동1가,4,기타,-7:-3,220
2022-08-22 23:10:00,35.947186,126.93833,모현동1가,4,"가축 분뇨 냄새(닭, 돼지, 소)",-9:-3,220
2022-08-22 23:12:00,35.94744,126.9464,모현동1가,5,기타,-7:-3,220
2022-08-22 23:14:00,35.9465,126.9413,모현동1가,4,기타,-8:-3,220
2022-08-22 23:14:00,35.94744,126.94642,모현동1가,5,기타,-7:-3,220
2022-08-22 23:35:00,35.92953,126.96443,동산동,3,"가축 분뇨 냄새(닭, 돼지, 소)",-4:-6,-1
2022-08-22 23:37:00,35.932728,126.93912,평화동,4,기타,-9:-6,-1
2022-08-22 23:49:00,35.927223,126.96162,동산동,5,하수구 냄새,-5:-7,-1
2022-08-22 23:50:00,35.947723,126.93868,모현동1가,4,"가축 분뇨 냄새(닭, 돼지, 소)",-9:-2,220
2022-08-23 00:11:00,35.926197,126.95912,동산동,5,"가축 분뇨 냄새(닭, 돼지, 소)",-5:-7,-1
2022-08-23 00:17:00,35.94628,126.934654,모현동1가,4,"가축 분뇨 냄새(닭, 돼지, 소)",-9:-3,220
2022-08-23 00:51:00,35.95826,126.96204,신동,4,하수구 냄새,-4:0,-1
2022-08-23 00:52:00,35.932476,126.94149,평화동,4,하수구 냄새,-8:-6,-1
2022-08-23 01:09:00,35.94423,126.94117,모현동1가,4,기타,-8:-3,-1
2022-08-23 01:18:00,35.94042,126.92916,송학동,5,"공장 냄새(화학약품, 매캐함)",-10:-4,-1
2022-08-23 03:52:00,35.96025,126.989494,부송동,5,"가축 분뇨 냄새(닭, 돼지, 소)",0:0,-1
2022-08-23 03:54:00,35.956173,126.977745,영등동,5,기타,-2:-1,-1
2022-08-23 03:55:00,35.960968,126.97819,영등동,4,"가축 분뇨 냄새(닭, 돼지, 소)",-2:0,-1
2022-08-23 03:58:00,35.926754,126.95878,동산동,4,"가축 분뇨 냄새(닭, 돼지, 소)",-5:-7,-1
2022-08-23 04:10:00,35.93627,126.969215,마동,4,기타,-3:-5,-1
2022-08-23 04:50:00,35.930485,126.95836,동산동,4,하수구 냄새,-5:-6,-1
2022-08-23 04:50:00,35.926754,126.95878,동산동,5,하수구 냄새,-5:-7,-1
2022-08-23 05:10:00,35.928738,126.96312,동산동,3,기타,-4:-7,-1
2022-08-23 05:58:00,35.928738,126.96312,동산동,4,기타,-4:-7,-1
2022-08-23 06:13:00,35.930824,126.95789,동산동,4,"가축 분뇨 냄새(닭, 돼지, 소)",-5:-6,-1
2022-08-23 06:14:00,35.926754,126.95878,동산동,5,"가축 분뇨 냄새(닭, 돼지, 소)",-5:-7,-1
2022-08-23 07:22:00,35.92854,126.963455,동산동,4,기타,-4:-7,-1
2022-08-23 07:22:00,35.93061,126.9617,동산동,3,기타,-5:-6,-1
2022-08-23 07:25:00,35.94625,126.94573,모현동1가,4,"가축 분뇨 냄새(닭, 돼지, 소)",-7:-3,-1
2022-08-23 08:13:00,35.931797,126.9514,인화동1가,5,"가축 분뇨 냄새(닭, 돼지, 소)",-6:-6,-1
2022-08-23 10:51:00,35.960682,126.98869,부송동,5,"공장 냄새(화학약품, 매캐함)",0:0,-1
2022-08-23 15:06:00,35.963745,127.01547,팔봉동,3,"공장 냄새(화학약품, 매캐함)",5:1,-1
2022-08-23 20:36:00,35.952644,126.98794,어양동,3,"가축 분뇨 냄새(닭, 돼지, 소)",0:-1,-1
2022-08-24 07:38:00,35.987003,127.08845,왕궁면 동촌리,4,"가축 분뇨 냄새(닭, 돼지, 소)",18:6,-1
2022-08-24 08:03:00,35.95549,127.00612,팔봉동,4,"가축 분뇨 냄새(닭, 돼지, 소)",3:-1,-1
2022-08-24 08:49:00,35.960392,126.985985,어양동,2,"공장 냄새(화학약품, 매캐함)",0:0,-1
2022-08-24 10:47:00,36.07038,126.9881,낭산면 용기리,4,기타,0:25,-1
2022-08-24 11:20:00,36.07038,126.9881,낭산면 용기리,5,기타,0:25,-1
2022-08-25 02:05:00,35.953156,126.947296,모현동1가,4,"가축 분뇨 냄새(닭, 돼지, 소)",-7:-1,-1
2022-08-25 03:00:00,35.957184,126.9883,부송동,4,"가축 분뇨 냄새(닭, 돼지, 소)",0:0,-1
2022-08-25 03:07:00,35.963745,127.01547,팔봉동,3,기타,5:1,-1
2022-08-25 04:17:00,35.95652,126.99557,부송동,4,하수구 냄새,2:-1,-1
2022-08-25 04:35:00,35.956264,126.99523,부송동,4,하수구 냄새,1:-1,-1
2022-08-25 05:20:00,35.92693,126.954094,인화동2가,3,기타,-6:-7,-1
2022-08-26 01:06:00,35.953976,126.98568,어양동,3,"공장 냄새(화학약품, 매캐함)",0:-1,-1
2022-08-26 08:47:00,35.957287,126.96236,신동,3,"공장 냄새(화학약품, 매캐함)",-4:0,-1
2022-08-26 20:37:00,35.964504,126.98683,부송동,4,"공장 냄새(화학약품, 매캐함)",0:1,221
2022-08-26 20:37:00,35.96407,126.98262,어양동,3,"공장 냄새(화학약품, 매캐함)",-1:1,221
2022-08-26 20:37:00,35.96407,126.98412,어양동,5,"공장 냄새(화학약품, 매캐함)",-1:1,221
2022-08-26 20:38:00,35.964504,126.98683,부송동,3,"공장 냄새(화학약품, 매캐함)",0:1,221
2022-08-26 20:38:00,35.964035,126.98541,부송동,3,"공장 냄새(화학약품, 매캐함)",0:1,221
2022-08-26 22:27:00,35.964466,126.98333,어양동,3,기타,-1:1,-1
2022-08-26 22:43:00,35.932297,126.940956,평화동,4,하수구 냄새,-8:-6,-1
2022-08-26 23:22:00,35.93941,126.98597,신흥동,5,"가축 분뇨 냄새(닭, 돼지, 소)",0:-4,-1
2022-08-26 23:23:00,35.939556,126.98639,신흥동,5,"가축 분뇨 냄새(닭, 돼지, 소)",0:-4,-1
2022-08-27 00:03:00,35.966114,127.01617,팔봉동,3,"가축 분뇨 냄새(닭, 돼지, 소)",5:2,-1
2022-08-27 01:22:00,35.961044,126.9941,부송동,4,하수구 냄새,1:0,222
2022-08-27 01:23:00,35.956562,126.99704,부송동,3,기타,2:-1,222
2022-08-27 01:25:00,35.95742,126.995674,부송동,5,"가축 분뇨 냄새(닭, 돼지, 소)",2:0,222
2022-08-27 01:32:00,35.952713,126.982796,어양동,3,하수구 냄새,-1:-1,-1
2022-08-27 01:34:00,35.95652,126.99752,부송동,5,"가축 분뇨 냄새(닭, 돼지, 소)",2:-1,222
2022-08-27 01:42:00,35.956284,126.99379,부송동,3,"가축 분뇨 냄새(닭, 돼지, 소)",1:-1,222
2022-08-27 01:46:00,35.962917,126.99224,부송동,4,"가축 분뇨 냄새(닭, 돼지, 소)",1:1,222
2022-08-27 01:49:00,35.956318,126.98078,어양동,5,"가축 분뇨 냄새(닭, 돼지, 소)",-1:-1,-1
2022-08-27 04:07:00,35.954426,126.98352,어양동,4,"가축 분뇨 냄새(닭, 돼지, 소)",-1:-1,-1
2022-08-27 05:29:00,35.946903,127.04001,춘포면 천서리,2,"공장 냄새(화학약품, 매캐함)",10:-3,-1
2022-08-27 06:50:00,36.006954,127.05404,금마면 신용리,3,기타,12:11,-1
2022-08-27 07:55:00,35.943935,126.92986,송학동,3,"공장 냄새(화학약품, 매캐함)",-10:-3,-1
2022-08-27 14:36:00,36.11216,126.98438,용동면 용성리,4,기타,0:34,-1
2022-08-28 01:19:00,35.933388,126.96326,동산동,4,기타,-4:-6,-1
2022-08-28 01:23:00,35.956787,126.997475,부송동,4,"공장 냄새(화학약품, 매캐함)",2:0,-1
2022-08-28 01:27:00,35.957256,126.9883,부송동,5,기타,0:0,-1
2022-08-28 01:31:00,35.956646,126.997696,부송동,4,"가축 분뇨 냄새(닭, 돼지, 소)",2:0,-1
2022-08-28 01:37:00,35.954823,126.98426,어양동,2,"가축 분뇨 냄새(닭, 돼지, 소)",0:-1,-1
2022-08-28 02:22:00,35.94115,126.95064,창인동1가,5,"가축 분뇨 냄새(닭, 돼지, 소)",-7:-4,-1
2022-08-28 02:24:00,35.946682,126.94108,모현동1가,5,"가축 분뇨 냄새(닭, 돼지, 소)",-8:-3,-1
2022-08-28 02:25:00,35.953102,126.950745,모현동1가,4,"가축 분뇨 냄새(닭, 돼지, 소)",-7:-1,-1
2022-08-28 07:50:00,35.94687,127.039986,춘포면 천서리,2,기타,10:-3,-1
2022-08-28 21:02:00,35.95668,126.99729,부송동,4,"공장 냄새(화학약품, 매캐함)",2:0,-1
2022-08-28 21:05:00,35.957474,126.99942,부송동,4,"공장 냄새(화학약품, 매캐함)",2:0,-1
2022-08-28 22:04:00,35.964684,126.98333,어양동,3,"가축 분뇨 냄새(닭, 돼지, 소)",-1:1,-1
2022-08-28 22:45:00,35.93299,126.96356,동산동,3,"공장 냄새(화학약품, 매캐함)",-4:-6,-1
2022-08-28 22:53:00,35.932262,126.94127,평화동,4,"가축 분뇨 냄새(닭, 돼지, 소)",-8:-6,-1
2022-08-28 23:25:00,35.96025,126.9894,부송동,5,"공장 냄새(화학약품, 매캐함)",0:0,-1
2022-08-29 01:14:00,35.953724,126.98457,어양동,4,"가축 분뇨 냄새(닭, 돼지, 소)",0:-1,-1
2022-08-29 05:05:00,35.930576,126.96737,동산동,3,"공장 냄새(화학약품, 매캐함)",-4:-6,-1
2022-08-29 05:20:00,35.94687,127.04003,춘포면 천서리,2,"공장 냄새(화학약품, 매캐함)",10:-3,-1
2022-08-29 09:56:00,35.955887,126.97788,영등동,2,"가축 분뇨 냄새(닭, 돼지, 소)",-2:-1,-1
2022-08-29 12:42:00,36.07038,126.9881,낭산면 용기리,4,기타,0:25,-1
2022-08-29 12:59:00,35.93952,126.986305,신흥동,4,기타,0:-4,-1
2022-08-29 13:04:00,35.94744,126.9464,모현동1가,4,"공장 냄새(화학약품, 매캐함)",-7:-3,-1
2022-08-30 06:29:00,35.928738,126.96312,동산동,4,"가축 분뇨 냄새(닭, 돼지, 소)",-4:-7,-1
2022-08-30 07:31:00,35.946903,127.04003,춘포면 천서리,2,기타,10:-3,-1
2022-08-30 10:25:00,35.94687,127.039986,춘포면 천서리,2,기타,10:-3,-1
2022-08-31 16:26:00,35.95606,126.97199,영등동,3,"가축 분뇨 냄새(닭, 돼지, 소)",-3:-1,-1
2022-08-31 20:00:00,35.95826,126.96204,신동,3,"공장 냄새(화학약품, 매캐함)",-4:0,-1
2022-09-01 05:20:00,35.946903,127.04001,춘포면 천서리,2,기타,10:-3,-1
2022-09-01 16:48:00,35.954857,127.00178,팔봉동,4,"공장 냄새(화학약품, 매캐함)",3:-1,-1
2022-09-01 22:08:00,35.95683,126.975975,영등동,4,"공장 냄새(화학약품, 매캐함)",-2:0,-1
2022-09-01 22:14:00,35.960213,126.989494,부송동,5,"공장 냄새(화학약품, 매캐함)",0:0,-1
2022-09-01 23:01:00,35.92751,126.961105,동산동,4,"가축 분뇨 냄새(닭, 돼지, 소)",-5:-7,-1
2022-09-02 02:24:00,35.95614,126.97797,영등동,4,"공장 냄새(화학약품, 매캐함)",-2:-1,-1
2022-09-02 03:06:00,35.956356,126.97841,영등동,5,"공장 냄새(화학약품, 매캐함)",-2:-1,-1
2022-09-02 07:47:00,35.946903,127.04001,춘포면 천서리,3,기타,10:-3,-1
2022-09-02 08:29:00,36.07038,126.9881,낭산면 용기리,4,기타,0:25,-1
2022-09-02 08:36:00,36.07038,126.9881,낭산면 용기리,5,기타,0:25,-1
2022-09-02 17:07:00,36.06853,126.98697,낭산면 용기리,3,기타,0:24,-1
2022-09-02 17:09:00,36.06809,126.986145,낭산면 용기리,5,기타,0:24,-1
2022-09-02 21:18:00,36.06802,126.98628,낭산면 용기리,5,기타,0:24,223
2022-09-02 21:19:00,36.067604,126.985634,낭산면 용기리,5,기타,0:24,223
2022-09-02 21:20:00,36.068344,126.98555,낭산면 용기리,5,기타,0:24,223
2022-09-02 21:26:00,36.067513,126.98539,낭산면 용기리,5,기타,0:24,223
2022-09-02 21:27:00,36.067783,126.98634,낭산면 용기리,4,기타,0:24,223
2022-09-02 21:28:00,36.067566,126.98583,낭산면 용기리,5,기타,0:24,223
2022-09-02 21:28:00,36.068127,126.98588,낭산면 용기리,5,기타,0:24,223
2022-09-02 21:44:00,36.068413,126.98626,낭산면 용기리,5,기타,0:24,223
2022-09-02 21:45:00,36.067406,126.98559,낭산면 용기리,5,기타,0:24,223
2022-09-02 21:45:00,36.06863,126.98734,낭산면 용기리,5,기타,0:24,223
2022-09-02 21:48:00,35.96032,126.98967,부송동,5,기타,0:0,-1
2022-09-02 22:37:00,35.956284,126.97634,영등동,3,음식조리 냄새,-2:-1,-1
2022-09-03 00:19:00,35.9636,126.97392,영등동,3,"공장 냄새(화학약품, 매캐함)",-2:1,-1
2022-09-03 00:27:00,35.964283,126.974014,영등동,5,"공장 냄새(화학약품, 매캐함)",-2:1,-1
2022-09-03 00:50:00,35.945263,126.951675,남중동,3,"공장 냄새(화학약품, 매캐함)",-6:-3,-1
2022-09-03 01:27:00,35.96185,126.97304,영등동,4,"공장 냄새(화학약품, 매캐함)",-3:1,-1
2022-09-03 02:10:00,35.96032,126.97377,영등동,5,"공장 냄새(화학약품, 매캐함)",-2:0,-1
2022-09-03 02:45:00,35.96432,126.98266,어양동,2,"공장 냄새(화학약품, 매캐함)",-1:1,-1
2022-09-03 03:48:00,35.96299,126.98333,어양동,3,"공장 냄새(화학약품, 매캐함)",-1:1,-1
2022-09-03 19:29:00,35.93963,126.98634,신흥동,3,"가축 분뇨 냄새(닭, 돼지, 소)",0:-4,-1
2022-09-03 20:28:00,35.957222,126.98811,부송동,4,"가축 분뇨 냄새(닭, 돼지, 소)",0:0,-1
2022-09-03 20:33:00,35.96436,126.98337,어양동,3,"공장 냄새(화학약품, 매캐함)",-1:1,-1
2022-09-04 00:33:00,36.07038,126.9881,낭산면 용기리,4,기타,0:25,-1
2022-09-04 07:05:00,36.07038,126.9881,낭산면 용기리,5,기타,0:25,-1
2022-09-04 11:25:00,35.960464,126.98967,부송동,5,"공장 냄새(화학약품, 매캐함)",0:0,-1
2022-09-04 15:09:00,35.955994,126.97792,영등동,4,기타,-2:-1,-1
2022-09-04 16:29:00,35.95531,126.98169,어양동,4,하수구 냄새,-1:-1,-1
2022-09-04 16:52:00,35.96108,126.97836,영등동,4,"가축 분뇨 냄새(닭, 돼지, 소)",-2:0,-1
2022-09-04 17:17:00,35.928738,126.96312,동산동,3,기타,-4:-7,-1
2022-09-04 17:19:00,35.95761,126.9624,신동,3,"가축 분뇨 냄새(닭, 돼지, 소)",-4:0,-1
2022-09-04 17:19:00,35.95761,126.9624,신동,3,"가축 분뇨 냄새(닭, 돼지, 소)",-4:0,-1
2022-09-04 17:25:00,35.957092,126.97274,영등동,4,"가축 분뇨 냄새(닭, 돼지, 소)",-3:0,224
2022-09-04 17:32:00,35.943443,126.964355,마동,5,기타,-4:-3,-1
2022-09-04 17:53:00,35.95383,126.98419,어양동,4,"가축 분뇨 냄새(닭, 돼지, 소)",-1:-1,-1
2022-09-04 18:25:00,35.966106,127.01601,팔봉동,5,"공장 냄새(화학약품, 매캐함)",5:2,-1
2022-09-04 19:19:00,36.062466,126.9326,성당면 대선리,4,기타,-10:23,-1
2022-09-04 20:35:00,35.91661,126.884995,오산면 신지리,5,기타,-18:-9,-1
2022-09-04 21:35:00,36.11216,126.98438,용동면 용성리,3,기타,0:34,-1
2022-09-05 00:41:00,35.96335,126.982925,어양동,3,"가축 분뇨 냄새(닭, 돼지, 소)",-1:1,-1
2022-09-05 02:00:00,35.96432,126.98146,어양동,3,"공장 냄새(화학약품, 매캐함)",-1:1,-1
2022-09-05 02:10:00,35.94744,126.9464,모현동1가,4,"가축 분뇨 냄새(닭, 돼지, 소)",-7:-3,-1
2022-09-05 02:17:00,35.943638,126.95243,남중동,4,기타,-6:-3,-1
2022-09-06 21:00:00,35.96403,126.97419,영등동,4,"가축 분뇨 냄새(닭, 돼지, 소)",-2:1,-1
2022-09-06 21:43:00,36.06812,126.98614,낭산면 용기리,5,기타,0:24,225
2022-09-06 21:44:00,36.067802,126.98559,낭산면 용기리,5,기타,0:24,225
2022-09-06 21:45:00,35.96562,127.01521,팔봉동,4,기타,5:2,-1
2022-09-06 21:45:00,35.96562,127.01521,팔봉동,3,기타,5:2,-1
2022-09-06 21:45:00,36.068073,126.98634,낭산면 용기리,5,기타,0:24,225
2022-09-06 21:46:00,36.067776,126.985115,낭산면 용기리,5,기타,0:24,225
2022-09-06 21:46:00,36.067513,126.98524,낭산면 용기리,5,기타,0:24,225
2022-09-06 21:49:00,36.06771,126.98566,낭산면 용기리,5,기타,0:24,225
2022-09-06 21:49:00,36.06771,126.98566,낭산면 용기리,5,기타,0:24,225
2022-09-06 21:50:00,36.067604,126.985504,낭산면 용기리,5,기타,0:24,225
2022-09-06 22:26:00,35.951633,126.984215,어양동,4,"가축 분뇨 냄새(닭, 돼지, 소)",0:-2,-1
2022-09-06 22:34:00,35.962086,126.98361,어양동,5,기타,-1:1,226
2022-09-06 22:54:00,35.95639,126.996765,부송동,4,하수구 냄새,2:-1,-1
2022-09-06 22:54:00,35.926826,126.96144,동산동,4,"가축 분뇨 냄새(닭, 돼지, 소)",-5:-7,227
2022-09-06 22:59:00,35.930412,126.95891,동산동,4,"가축 분뇨 냄새(닭, 돼지, 소)",-5:-6,227
2022-09-06 23:01:00,35.927914,126.95988,동산동,3,"가축 분뇨 냄새(닭, 돼지, 소)",-5:-7,227
2022-09-06 23:02:00,35.928738,126.96312,동산동,5,"가축 분뇨 냄새(닭, 돼지, 소)",-4:-7,227
2022-09-06 23:03:00,35.956318,126.98078,어양동,5,"가축 분뇨 냄새(닭, 돼지, 소)",-1:-1,226
2022-09-06 23:03:00,35.93346,126.97059,동산동,5,하수구 냄새,-3:-6,227
2022-09-06 23:05:00,35.926754,126.95878,동산동,4,기타,-5:-7,227
2022-09-06 23:05:00,35.956833,126.97599,영등동,4,"가축 분뇨 냄새(닭, 돼지, 소)",-2:0,226
2022-09-06 23:06:00,36.079773,126.96284,함열읍 와리,3,기타,-4:27,-1
2022-09-06 23:07:00,35.961147,126.97836,영등동,4,"가축 분뇨 냄새(닭, 돼지, 소)",-2:1,226
2022-09-06 23:08:00,35.960392,126.9898,부송동,5,기타,1:0,226
2022-09-06 23:12:00,35.928738,126.96312,동산동,5,하수구 냄새,-4:-7,227
2022-09-06 23:12:00,35.956066,126.97854,영등동,4,"가축 분뇨 냄새(닭, 돼지, 소)",-2:-1,226
2022-09-06 23:26:00,35.941032,126.950645,창인동1가,5,"가축 분뇨 냄새(닭, 돼지, 소)",-7:-4,-1
2022-09-06 23:51:00,35.928738,126.96312,동산동,5,하수구 냄새,-4:-7,227
2022-09-07 00:04:00,35.94599,126.934784,모현동1가,3,기타,-9:-3,-1
2022-09-07 00:25:00,35.952934,127.012695,석암동,5,"공장 냄새(화학약품, 매캐함)",5:-1,-1
2022-09-07 02:47:00,35.957474,126.99902,부송동,4,"가축 분뇨 냄새(닭, 돼지, 소)",2:0,-1
2022-09-07 05:40:00,35.946903,127.04003,춘포면 천서리,2,"공장 냄새(화학약품, 매캐함)",10:-3,-1
2022-09-07 06:31:00,35.963528,126.98696,부송동,5,"공장 냄새(화학약품, 매캐함)",0:1,-1
2022-09-07 06:43:00,35.957764,126.9992,부송동,2,"가축 분뇨 냄새(닭, 돼지, 소)",2:0,-1
2022-09-07 08:52:00,35.96803,126.95765,신동,5,"가축 분뇨 냄새(닭, 돼지, 소)",-5:2,-1
2022-09-07 17:00:00,36.036373,126.98595,삼기면 오룡리,5,하수구 냄새,0:17,-1
2022-09-07 20:25:00,35.9451,126.95208,남중동,3,"공장 냄새(화학약품, 매캐함)",-6:-3,-1
2022-09-07 20:40:00,36.069695,126.98832,낭산면 용기리,5,하수구 냄새,0:25,-1
2022-09-07 20:45:00,36.067604,126.98568,낭산면 용기리,4,기타,0:24,-1
2022-09-07 22:49:00,35.940918,126.95052,창인동1가,5,"가축 분뇨 냄새(닭, 돼지, 소)",-7:-4,-1
2022-09-08 00:31:00,35.95257,126.98776,어양동,4,하수구 냄새,0:-1,-1
2022-09-08 00:49:00,35.936707,126.968925,마동,5,하수구 냄새,-3:-5,-1
2022-09-08 01:28:00,35.956573,126.994194,부송동,4,"공장 냄새(화학약품, 매캐함)",1:0,-1
2022-09-08 05:02:00,35.930107,126.96764,동산동,2,"공장 냄새(화학약품, 매캐함)",-3:-6,-1
2022-09-08 06:45:00,35.956844,126.97604,영등동,3,"공장 냄새(화학약품, 매캐함)",-2:0,-1
2022-09-08 06:49:00,35.957764,126.99956,부송동,4,"공장 냄새(화학약품, 매캐함)",2:0,-1
2022-09-08 06:52:00,35.96406,127.01513,팔봉동,4,하수구 냄새,5:1,-1
2022-09-08 08:19:00,35.928738,126.96312,동산동,5,"공장 냄새(화학약품, 매캐함)",-4:-7,-1
2022-09-08 10:42:00,36.083645,126.99484,용동면 화실리,3,기타,1:28,-1
2022-09-08 21:04:00,35.900894,127.00294,춘포면 춘포리,4,기타,3:-13,-1
2022-09-08 21:36:00,35.956257,126.995155,부송동,4,하수구 냄새,1:-1,-1
2022-09-08 22:08:00,35.96544,127.015564,팔봉동,2,기타,5:1,-1
2022-09-08 22:58:00,35.92661,126.958336,동산동,3,"공장 냄새(화학약품, 매캐함)",-5:-7,-1
2022-09-08 23:04:00,35.96409,127.015305,팔봉동,4,하수구 냄새,5:1,-1
2022-09-08 23:15:00,35.957726,126.99956,부송동,4,"가축 분뇨 냄새(닭, 돼지, 소)",2:0,-1
2022-09-09 00:09:00,35.926754,126.95878,동산동,4,기타,-5:-7,-1
2022-09-09 00:45:00,35.973225,127.0318,석왕동,2,음식조리 냄새,8:3,-1
2022-09-09 07:51:00,35.946903,127.04001,춘포면 천서리,2,기타,10:-3,-1
2022-09-09 13:06:00,36.07038,126.9881,낭산면 용기리,4,"가축 분뇨 냄새(닭, 돼지, 소)",0:25,-1
2022-09-09 13:48:00,36.07038,126.988075,낭산면 용기리,4,"가축 분뇨 냄새(닭, 돼지, 소)",0:25,-1
2022-09-09 17:30:00,35.965485,126.983,어양동,4,하수구 냄새,-1:1,-1
2022-09-09 20:36:00,36.11216,126.98438,용동면 용성리,5,기타,0:34,-1
2022-09-10 01:07:00,36.07038,126.9881,낭산면 용기리,5,"가축 분뇨 냄새(닭, 돼지, 소)",0:25,-1
2022-09-10 01:28:00,36.07038,126.9881,낭산면 용기리,4,기타,0:25,-1
2022-09-10 01:51:00,36.07038,126.9881,낭산면 용기리,5,"가축 분뇨 냄새(닭, 돼지, 소)",0:25,-1
2022-09-10 06:41:00,36.07038,126.9881,낭산면 용기리,3,기타,0:25,-1
2022-09-10 09:07:00,36.07038,126.9881,낭산면 용기리,5,"가축 분뇨 냄새(닭, 돼지, 소)",0:25,-1
2022-09-10 10:16:00,36.068146,126.986015,낭산면 용기리,5,기타,0:24,228
2022-09-10 10:17:00,36.06769,126.98488,낭산면 용기리,5,기타,0:24,228
2022-09-10 10:18:00,36.068,126.986015,낭산면 용기리,5,기타,0:24,228
2022-09-10 10:18:00,36.06748,126.98577,낭산면 용기리,5,기타,0:24,228
2022-09-10 10:19:00,36.067764,126.98546,낭산면 용기리,5,기타,0:24,228
2022-09-10 11:37:00,35.95186,126.96261,남중동,5,하수구 냄새,-4:-2,-1
2022-09-10 17:15:00,36.07038,126.9881,낭산면 용기리,5,하수구 냄새,0:25,-1
2022-09-10 21:59:00,35.951687,126.9628,남중동,5,"가축 분뇨 냄새(닭, 돼지, 소)",-4:-2,-1
2022-09-10 22:00:00,35.951843,126.9628,남중동,5,"가축 분뇨 냄새(닭, 돼지, 소)",-4:-2,-1
2022-09-11 18:49:00,35.96479,126.98199,어양동,3,"공장 냄새(화학약품, 매캐함)",-1:1,-1
2022-09-11 19:39:00,35.963707,126.97335,영등동,4,기타,-2:1,-1
2022-09-12 06:51:00,36.08213,126.99183,용동면 화실리,4,기타,1:27,-1
2022-09-12 07:06:00,35.946903,127.04001,춘포면 천서리,2,기타,10:-3,-1
2022-09-12 08:19:00,36.11216,126.98438,용동면 용성리,4,기타,0:34,-1
2022-09-12 08:34:00,35.9251,127.05362,춘포면 쌍정리,3,기타,12:-7,-1
2022-09-12 20:19:00,35.954662,126.93543,모현동2가,2,기타,-9:-1,-1
2022-09-12 21:26:00,35.957836,126.99973,부송동,5,"공장 냄새(화학약품, 매캐함)",2:0,-1
2022-09-12 21:58:00,35.956505,126.99748,부송동,5,"공장 냄새(화학약품, 매캐함)",2:-1,-1
2022-09-13 06:52:00,36.082394,126.992226,용동면 화실리,4,기타,1:27,-1
2022-09-13 09:42:00,36.083897,126.994804,용동면 화실리,3,기타,1:28,-1
2022-09-13 20:16:00,36.07038,126.9881,낭산면 용기리,4,기타,0:25,-1
2022-09-14 10:00:00,35.93885,126.92859,송학동,2,"가축 분뇨 냄새(닭, 돼지, 소)",-11:-4,-1
2022-09-14 10:00:00,35.93885,126.92859,송학동,3,"가축 분뇨 냄새(닭, 돼지, 소)",-11:-4,-1
2022-09-14 16:28:00,36.035267,126.99627,삼기면 오룡리,5,하수구 냄새,2:17,-1
2022-09-14 17:12:00,36.067604,126.98568,낭산면 용기리,4,기타,0:24,-1
2022-09-14 18:11:00,36.067837,126.98597,낭산면 용기리,5,기타,0:24,229
2022-09-14 18:12:00,36.067677,126.98561,낭산면 용기리,5,기타,0:24,229
2022-09-14 18:13:00,36.06764,126.98504,낭산면 용기리,5,기타,0:24,229
2022-09-14 18:20:00,36.06861,126.98755,낭산면 용기리,5,기타,0:24,229
2022-09-14 18:21:00,36.068523,126.985794,낭산면 용기리,5,기타,0:24,229
2022-09-14 18:38:00,36.06748,126.98537,낭산면 용기리,5,기타,0:24,229
2022-09-14 18:39:00,36.067764,126.98592,낭산면 용기리,5,기타,0:24,229
2022-09-14 20:17:00,36.07038,126.9881,낭산면 용기리,5,기타,0:25,-1
2022-09-14 21:30:00,36.06809,126.98617,낭산면 용기리,5,기타,0:24,-1
2022-09-14 21:32:00,36.06883,126.9875,낭산면 용기리,5,기타,0:24,-1
2022-09-14 21:42:00,36.06892,126.98748,낭산면 용기리,5,기타,0:24,-1
2022-09-15 07:03:00,36.06881,126.98741,낭산면 용기리,5,기타,0:24,-1
2022-09-15 16:03:00,35.939674,126.98612,신흥동,4,기타,0:-4,-1
2022-09-15 16:43:00,35.961044,126.99393,부송동,4,"공장 냄새(화학약품, 매캐함)",1:0,-1
2022-09-15 17:15:00,35.96295,126.9836,어양동,3,"공장 냄새(화학약품, 매캐함)",-1:1,230
2022-09-15 17:26:00,35.960716,126.994194,부송동,4,"공장 냄새(화학약품, 매캐함)",1:0,230
2022-09-15 17:27:00,35.95641,126.97634,영등동,3,"가축 분뇨 냄새(닭, 돼지, 소)",-2:-1,230
2022-09-15 17:29:00,35.95742,126.995735,부송동,4,"가축 분뇨 냄새(닭, 돼지, 소)",2:0,-1
2022-09-15 17:52:00,35.956318,126.98078,어양동,5,"가축 분뇨 냄새(닭, 돼지, 소)",-1:-1,230
2022-09-15 17:55:00,35.94983,126.97508,영등동,4,"가축 분뇨 냄새(닭, 돼지, 소)",-2:-2,230
2022-09-15 18:21:00,35.958225,126.96178,신동,4,"가축 분뇨 냄새(닭, 돼지, 소)",-5:0,-1
2022-09-15 18:29:00,35.96205,126.99393,부송동,3,"공장 냄새(화학약품, 매캐함)",1:1,-1
2022-09-15 18:36:00,35.95365,126.9851,어양동,5,기타,0:-1,230
2022-09-15 18:37:00,35.93933,126.986206,신흥동,5,기타,0:-4,-1
2022-09-15 18:58:00,35.954987,126.98213,어양동,4,기타,-1:-1,-1
2022-09-15 19:21:00,35.9614,126.9749,영등동,4,기타,-2:1,-1
2022-09-15 19:51:00,35.95758,126.9992,부송동,4,"공장 냄새(화학약품, 매캐함)",2:0,-1
2022-09-15 20:01:00,35.953976,126.98129,어양동,4,기타,-1:-1,-1
2022-09-15 20:05:00,36.08213,126.99183,용동면 화실리,4,기타,1:27,-1
2022-09-15 20:25:00,35.96043,126.98967,부송동,3,"가축 분뇨 냄새(닭, 돼지, 소)",0:0,-1
2022-09-15 23:25:00,35.961296,126.99388,부송동,4,"공장 냄새(화학약품, 매캐함)",1:1,231
2022-09-15 23:25:00,35.960716,126.9945,부송동,4,"공장 냄새(화학약품, 매캐함)",1:0,231
2022-09-15 23:35:00,35.966087,127.01614,팔봉동,4,기타,5:2,-1
2022-09-15 23:36:00,35.961044,126.99408,부송동,3,기타,1:0,231
2022-09-15 23:55:00,35.95653,126.997505,부송동,5,"공장 냄새(화학약품, 매캐함)",2:-1,231
2022-09-16 00:01:00,35.960464,126.9855,어양동,4,"공장 냄새(화학약품, 매캐함)",0:0,231
2022-09-16 00:34:00,35.95649,126.997536,부송동,5,"가축 분뇨 냄새(닭, 돼지, 소)",2:-1,231
2022-09-16 04:48:00,35.960926,126.99343,부송동,3,"공장 냄새(화학약품, 매캐함)",1:0,-1
2022-09-16 05:00:00,35.961044,126.99415,부송동,5,"공장 냄새(화학약품, 매캐함)",1:0,-1
2022-09-16 06:33:00,36.08213,126.99183,용동면 화실리,5,기타,1:27,-1
2022-09-16 11:35:00,35.939476,126.986305,신흥동,3,기타,0:-4,-1
2022-09-16 16:14:00,35.94744,126.9464,모현동1가,4,"가축 분뇨 냄새(닭, 돼지, 소)",-7:-3,-1
2022-09-16 16:21:00,35.927475,126.96091,동산동,5,기타,-5:-7,-1
2022-09-16 16:27:00,35.942356,126.9419,모현동1가,4,기타,-8:-4,-1
2022-09-16 16:29:00,35.95104,126.93633,모현동1가,4,기타,-9:-2,-1
2022-09-16 17:22:00,35.931404,126.96924,동산동,5,하수구 냄새,-3:-6,-1
2022-09-16 17:28:00,35.930523,126.96741,동산동,3,기타,-4:-6,-1
2022-09-16 17:34:00,35.928738,126.96312,동산동,3,기타,-4:-7,-1
2022-09-16 17:41:00,35.96403,126.974106,영등동,3,"가축 분뇨 냄새(닭, 돼지, 소)",-2:1,-1
2022-09-16 17:44:00,35.95826,126.96204,신동,4,하수구 냄새,-4:0,-1
2022-09-16 18:03:00,35.949577,126.97526,영등동,3,"가축 분뇨 냄새(닭, 돼지, 소)",-2:-2,-1
2022-09-16 18:15:00,35.956318,126.98078,어양동,5,"가축 분뇨 냄새(닭, 돼지, 소)",-1:-1,-1
2022-09-16 18:18:00,35.96562,126.983345,어양동,5,"가축 분뇨 냄새(닭, 돼지, 소)",-1:2,-1
2022-09-16 18:27:00,35.962486,126.99377,부송동,3,"가축 분뇨 냄새(닭, 돼지, 소)",1:1,-1
2022-09-16 19:35:00,35.962807,126.98519,부송동,3,기타,0:1,-1
2022-09-16 20:20:00,35.95643,126.99756,부송동,4,"가축 분뇨 냄새(닭, 돼지, 소)",2:-1,-1
2022-09-16 20:52:00,36.000526,126.921036,황등면 신기리,4,기타,-12:9,-1
2022-09-16 20:52:00,35.931442,126.96911,동산동,5,기타,-3:-6,-1
2022-09-16 20:55:00,36.000526,126.92101,황등면 신기리,5,기타,-12:9,-1
2022-09-16 21:00:00,36.075962,126.96328,함열읍 와리,5,기타,-4:26,-1
2022-09-16 22:39:00,35.964504,126.98683,부송동,3,"공장 냄새(화학약품, 매캐함)",0:1,-1
2022-09-16 22:39:00,35.99708,126.94854,황등면 황등리,3,"공장 냄새(화학약품, 매캐함)",-7:8,-1
2022-09-17 01:57:00,35.926754,126.95878,동산동,4,"가축 분뇨 냄새(닭, 돼지, 소)",-5:-7,-1
2022-09-17 09:12:00,35.960503,126.98537,어양동,3,"공장 냄새(화학약품, 매캐함)",0:0,-1
2022-09-17 21:00:00,36.07038,126.9881,낭산면 용기리,4,기타,0:25,-1
2022-09-18 07:08:00,35.945248,126.962494,마동,5,"공장 냄새(화학약품, 매캐함)",-4:-3,-1
2022-09-18 16:38:00,36.068,126.9861,낭산면 용기리,5,기타,0:24,232
2022-09-18 16:38:00,36.068146,126.98595,낭산면 용기리,5,기타,0:24,232
2022-09-18 16:39:00,36.068398,126.98578,낭산면 용기리,5,기타,0:24,232
2022-09-18 16:39:00,36.06748,126.98588,낭산면 용기리,5,기타,0:24,232
2022-09-18 16:39:00,36.06755,126.98555,낭산면 용기리,5,기타,0:24,232
2022-09-18 16:54:00,36.068794,126.98748,낭산면 용기리,5,기타,0:24,232
2022-09-18 16:55:00,36.06861,126.987724,낭산면 용기리,5,기타,0:24,232
2022-09-18 18:25:00,35.964504,126.98683,부송동,4,"공장 냄새(화학약품, 매캐함)",0:1,233
2022-09-18 18:27:00,35.964504,126.98683,부송동,5,"공장 냄새(화학약품, 매캐함)",0:1,233
2022-09-18 18:44:00,35.96137,126.99401,부송동,3,"공장 냄새(화학약품, 매캐함)",1:1,233
2022-09-18 18:57:00,35.961224,126.99388,부송동,5,"공장 냄새(화학약품, 매캐함)",1:1,233
2022-09-18 18:58:00,35.96281,126.99406,부송동,5,"공장 냄새(화학약품, 매캐함)",1:1,233
2022-09-18 19:16:00,35.961437,126.99406,부송동,5,"공장 냄새(화학약품, 매캐함)",1:1,233
2022-09-18 20:43:00,35.956833,126.97599,영등동,3,"공장 냄새(화학약품, 매캐함)",-2:0,-1
2022-09-18 21:30:00,35.953506,126.98524,어양동,5,기타,0:-1,-1
2022-09-19 01:36:00,35.953777,126.98419,어양동,3,"가축 분뇨 냄새(닭, 돼지, 소)",-1:-1,-1
2022-09-19 06:07:00,36.033447,126.978455,삼기면 오룡리,3,"가축 분뇨 냄새(닭, 돼지, 소)",-2:16,-1
2022-09-19 08:11:00,35.961044,126.99428,부송동,3,"공장 냄새(화학약품, 매캐함)",1:0,-1
2022-09-19 14:22:00,35.963562,126.974014,영등동,3,"공장 냄새(화학약품, 매캐함)",-2:1,-1
2022-09-19 21:27:00,35.949005,127.08223,왕궁면 구덕리,3,기타,17:-2,-1
2022-09-20 06:37:00,35.946724,127.04003,춘포면 천서리,2,기타,10:-3,-1
2022-09-20 13:53:00,35.942764,126.977425,신흥동,4,음식조리 냄새,-2:-4,-1
2022-09-20 19:20:00,35.94687,127.04003,춘포면 천서리,2,기타,10:-3,-1
2022-09-21 00:33:00,35.958233,126.96153,신동,4,"가축 분뇨 냄새(닭, 돼지, 소)",-5:0,-1
2022-09-21 06:39:00,35.960464,126.985634,어양동,3,"공장 냄새(화학약품, 매캐함)",0:0,-1
2022-09-21 06:54:00,35.957455,126.99581,부송동,5,"공장 냄새(화학약품, 매캐함)",2:0,-1
2022-09-21 07:10:00,35.953796,126.9851,어양동,4,"가축 분뇨 냄새(닭, 돼지, 소)",0:-1,-1
2022-09-21 07:43:00,35.928738,126.96312,동산동,3,기타,-4:-7,-1
2022-09-21 15:42:00,35.93335,127.056046,왕궁면 쌍제리,4,기타,12:-6,-1
2022-09-21 21:44:00,35.954624,126.98732,어양동,4,기타,0:-1,-1
2022-09-21 21:48:00,35.9543,126.988785,어양동,4,"가축 분뇨 냄새(닭, 돼지, 소)",0:-1,-1
2022-09-21 21:51:00,35.9534,126.98532,어양동,5,기타,0:-1,-1
2022-09-21 21:54:00,35.956318,126.98078,어양동,5,"공장 냄새(화학약품, 매캐함)",-1:-1,234
2022-09-21 22:19:00,35.964645,126.98297,어양동,4,기타,-1:1,234
2022-09-21 22:58:00,35.965458,127.01559,팔봉동,4,"가축 분뇨 냄새(닭, 돼지, 소)",5:1,-1
2022-09-21 23:17:00,35.956715,126.97269,영등동,4,기타,-3:0,-1
2022-09-21 23:24:00,35.93015,126.95881,동산동,5,기타,-5:-6,-1
2022-09-21 23:46:00,35.96555,126.98382,어양동,5,"가축 분뇨 냄새(닭, 돼지, 소)",-1:1,-1
2022-09-22 08:32:00,35.946903,127.04003,춘포면 천서리,2,"가축 분뇨 냄새(닭, 돼지, 소)",10:-3,-1
2022-09-22 09:33:00,35.946903,127.04003,춘포면 천서리,2,"공장 냄새(화학약품, 매캐함)",10:-3,-1
2022-09-22 09:50:00,35.946903,127.04003,춘포면 천서리,3,"공장 냄새(화학약품, 매캐함)",10:-3,-1
2022-09-22 15:18:00,35.93341,127.056404,왕궁면 쌍제리,3,"가축 분뇨 냄새(닭, 돼지, 소)",13:-6,-1
2022-09-22 17:42:00,35.946903,127.04003,춘포면 천서리,2,기타,10:-3,-1
2022-09-22 19:39:00,35.96151,126.9796,영등동,3,"공장 냄새(화학약품, 매캐함)",-1:1,-1
2022-09-22 19:51:00,35.961365,126.978714,영등동,3,"공장 냄새(화학약품, 매캐함)",-1:1,-1
2022-09-22 19:51:00,35.963528,126.97861,영등동,3,"공장 냄새(화학약품, 매캐함)",-2:1,-1
2022-09-22 20:40:00,35.939312,126.98611,신흥동,5,기타,0:-4,-1
2022-09-22 21:36:00,35.961006,126.994194,부송동,5,"공장 냄새(화학약품, 매캐함)",1:0,235
2022-09-22 21:37:00,35.961006,126.99472,부송동,4,"공장 냄새(화학약품, 매캐함)",1:0,235
2022-09-22 21:46:00,35.93061,126.9617,동산동,3,"가축 분뇨 냄새(닭, 돼지, 소)",-5:-6,-1
2022-09-22 21:52:00,35.961567,126.993904,부송동,5,"공장 냄새(화학약품, 매캐함)",1:1,235
2022-09-22 21:59:00,35.956573,126.994194,부송동,3,기타,1:0,235
2022-09-22 22:02:00,35.956573,126.99422,부송동,3,"가축 분뇨 냄새(닭, 돼지, 소)",1:0,235
2022-09-22 22:04:00,35.957508,126.99468,부송동,5,"가축 분뇨 냄새(닭, 돼지, 소)",1:0,235
2022-09-22 22:18:00,35.95538,126.97187,영등동,4,기타,-3:-1,-1
2022-09-22 22:23:00,35.931477,126.96924,동산동,5,기타,-3:-6,-1
2022-09-22 22:35:00,35.96133,126.994415,부송동,4,"공장 냄새(화학약품, 매캐함)",1:1,235
2022-09-23 01:07:00,35.956787,126.97278,영등동,4,"가축 분뇨 냄새(닭, 돼지, 소)",-3:0,-1
2022-09-23 04:35:00,35.934074,126.969505,동산동,4,기타,-3:-5,-1
2022-09-23 06:14:00,35.95383,126.98519,어양동,5,기타,0:-1,-1
2022-09-23 07:30:00,36.00699,127.05401,금마면 신용리,3,기타,12:11,-1
2022-09-23 07:32:00,36.062466,126.9326,성당면 대선리,3,기타,-10:23,-1
2022-09-23 08:12:00,35.946903,127.04003,춘포면 천서리,2,"공장 냄새(화학약품, 매캐함)",10:-3,-1
2022-09-23 08:49:00,35.946903,127.04003,춘포면 천서리,2,기타,10:-3,-1
2022-09-23 15:42:00,35.933575,127.0559,왕궁면 쌍제리,3,기타,12:-6,-1
2022-09-23 18:06:00,35.96297,126.98716,부송동,3,"공장 냄새(화학약품, 매캐함)",0:1,-1
2022-09-23 18:06:00,35.964268,126.98632,부송동,3,"공장 냄새(화학약품, 매캐함)",0:1,-1
2022-09-23 20:39:00,35.93959,126.98621,신흥동,3,기타,0:-4,-1
2022-09-23 23:38:00,35.955345,126.98488,어양동,4,"공장 냄새(화학약품, 매캐함)",0:-1,-1
2022-09-24 03:21:00,35.94744,126.9464,모현동1가,5,기타,-7:-3,-1
2022-09-24 05:50:00,35.946903,127.04003,춘포면 천서리,2,기타,10:-3,-1
2022-09-24 16:29:00,36.068306,126.98668,낭산면 용기리,4,기타,0:24,-1
2022-09-24 16:35:00,35.92975,126.96596,동산동,4,"가축 분뇨 냄새(닭, 돼지, 소)",-4:-6,-1
2022-09-24 18:29:00,35.946903,127.04003,춘포면 천서리,2,기타,10:-3,-1
2022-09-24 19:09:00,35.962265,126.98138,어양동,3,"공장 냄새(화학약품, 매캐함)",-1:1,-1
2022-09-24 19:19:00,35.94687,127.039986,춘포면 천서리,2,기타,10:-3,-1
2022-09-24 19:27:00,35.92353,127.05413,춘포면 쌍정리,3,"가축 분뇨 냄새(닭, 돼지, 소)",12:-8,-1
2022-09-25 06:37:00,35.946903,127.04003,춘포면 천서리,2,기타,10:-3,-1
2022-09-25 13:54:00,35.964684,126.98359,어양동,3,"공장 냄새(화학약품, 매캐함)",-1:1,-1
2022-09-25 17:10:00,35.946903,127.04003,춘포면 천서리,2,"가축 분뇨 냄새(닭, 돼지, 소)",10:-3,-1
2022-09-25 20:20:00,35.93941,126.986435,신흥동,4,기타,0:-4,-1
2022-09-25 22:36:00,35.956318,126.98078,어양동,5,"가축 분뇨 냄새(닭, 돼지, 소)",-1:-1,-1
2022-09-25 22:53:00,35.940952,126.95086,창인동1가,5,기타,-7:-4,-1
2022-09-25 23:16:00,35.956573,126.994194,부송동,3,"공장 냄새(화학약품, 매캐함)",1:0,-1
2022-09-25 23:26:00,35.94744,126.9464,모현동1가,5,기타,-7:-3,-1
2022-09-25 23:50:00,35.95682,126.97278,영등동,4,음식조리 냄새,-3:0,-1
2022-09-25 23:54:00,35.95704,126.9812,어양동,4,"가축 분뇨 냄새(닭, 돼지, 소)",-1:0,-1
2022-09-26 06:31:00,35.946903,127.039986,춘포면 천서리,2,기타,10:-3,-1
2022-09-26 08:18:00,35.946903,127.04003,춘포면 천서리,2,기타,10:-3,-1
2022-09-26 11:16:00,35.933605,127.05598,왕궁면 쌍제리,3,기타,12:-6,-1
2022-09-26 20:32:00,35.928738,126.96314,동산동,3,하수구 냄새,-4:-7,-1
2022-09-26 21:43:00,35.965458,127.015564,팔봉동,4,"가축 분뇨 냄새(닭, 돼지, 소)",5:1,-1
2022-09-26 21:51:00,35.960213,126.99916,부송동,4,기타,2:0,-1
2022-09-26 22:45:00,35.94744,126.9464,모현동1가,4,기타,-7:-3,-1
2022-09-27 21:59:00,35.939377,126.98617,신흥동,4,기타,0:-4,-1
2022-09-27 22:53:00,35.938137,126.93918,송학동,2,"가축 분뇨 냄새(닭, 돼지, 소)",-9:-5,-1
2022-09-27 23:42:00,35.927094,126.95463,인화동2가,4,"가축 분뇨 냄새(닭, 돼지, 소)",-6:-7,-1
2022-09-27 23:53:00,35.93477,126.950386,인화동1가,4,기타,-7:-5,-1
2022-09-27 23:55:00,35.957615,126.97406,영등동,5,"가축 분뇨 냄새(닭, 돼지, 소)",-2:0,-1
2022-09-28 00:39:00,35.941223,126.95059,창인동1가,5,"가축 분뇨 냄새(닭, 돼지, 소)",-7:-4,-1
2022-09-28 05:55:00,35.946903,127.04003,춘포면 천서리,2,기타,10:-3,-1
2022-09-28 10:39:00,36.012783,126.995575,삼기면 용연리,4,"공장 냄새(화학약품, 매캐함)",2:12,-1
2022-09-28 16:51:00,35.944584,126.93079,송학동,3,"공장 냄새(화학약품, 매캐함)",-10:-3,-1
2022-09-28 17:15:00,35.951126,126.93207,오산면 장신리,2,"공장 냄새(화학약품, 매캐함)",-10:-2,-1
2022-09-28 20:58:00,35.96508,126.98333,어양동,5,"공장 냄새(화학약품, 매캐함)",-1:1,-1
2022-09-28 21:03:00,35.960934,126.99428,부송동,3,"가축 분뇨 냄새(닭, 돼지, 소)",1:0,-1
2022-09-29 08:08:00,35.93945,126.98626,신흥동,1,하수구 냄새,0:-4,-1
2022-09-29 20:15:00,35.9397,126.98604,신흥동,2,기타,0:-4,-1
2022-09-29 21:13:00,35.953148,126.98509,어양동,5,"공장 냄새(화학약품, 매캐함)",0:-1,-1
2022-09-29 21:18:00,35.95632,126.995346,부송동,4,기타,2:-1,236
2022-09-29 21:22:00,35.957508,126.99636,부송동,5,"가축 분뇨 냄새(닭, 돼지, 소)",2:0,236
2022-09-29 22:09:00,35.957394,126.999016,부송동,5,하수구 냄새,2:0,236
2022-09-29 22:18:00,35.957024,126.998184,부송동,5,"가축 분뇨 냄새(닭, 돼지, 소)",2:0,236
2022-09-30 06:31:00,35.946903,127.04003,춘포면 천서리,2,"가축 분뇨 냄새(닭, 돼지, 소)",10:-3,-1
2022-09-30 08:08:00,36.064198,127.06784,여산면 두여리,4,"공장 냄새(화학약품, 매캐함)",15:23,-1
2022-09-30 08:34:00,35.946903,127.04003,춘포면 천서리,2,"가축 분뇨 냄새(닭, 돼지, 소)",10:-3,-1
2022-09-30 08:55:00,35.946903,127.04003,춘포면 천서리,3,"가축 분뇨 냄새(닭, 돼지, 소)",10:-3,-1
2022-09-30 15:58:00,35.933376,127.056145,왕궁면 쌍제리,3,기타,12:-6,-1
2022-09-30 22:16:00,35.956898,126.99823,부송동,5,"가축 분뇨 냄새(닭, 돼지, 소)",2:0,-1
2022-09-30 22:48:00,35.956284,126.99521,부송동,4,하수구 냄새,1:-1,-1
2022-09-30 23:16:00,35.95686,126.972244,영등동,3,"가축 분뇨 냄새(닭, 돼지, 소)",-3:0,-1
2022-10-01 00:34:00,35.939728,126.95252,창인동1가,5,기타,-6:-4,-1
2022-10-01 01:41:00,35.94744,126.9464,모현동1가,5,"공장 냄새(화학약품, 매캐함)",-7:-3,-1
2022-10-01 06:37:00,36.08213,126.99183,용동면 화실리,5,기타,1:27,-1
2022-10-01 06:49:00,35.956173,126.977875,영등동,4,"공장 냄새(화학약품, 매캐함)",-2:-1,-1
2022-10-01 06:50:00,35.94687,127.039986,춘포면 천서리,2,"가축 분뇨 냄새(닭, 돼지, 소)",10:-3,-1
2022-10-01 06:56:00,35.962936,126.972466,영등동,4,"가축 분뇨 냄새(닭, 돼지, 소)",-3:1,-1
2022-10-01 08:01:00,35.956253,126.99528,부송동,5,하수구 냄새,1:-1,-1
2022-10-01 08:07:00,35.964504,126.98683,부송동,5,"공장 냄새(화학약품, 매캐함)",0:1,-1
2022-10-01 08:18:00,35.963852,126.98639,부송동,5,"공장 냄새(화학약품, 매캐함)",0:1,-1
2022-10-01 16:52:00,35.955147,126.972336,영등동,3,기타,-3:-1,-1
2022-10-01 20:13:00,35.939484,126.98626,신흥동,5,하수구 냄새,0:-4,-1
2022-10-01 20:41:00,35.957474,126.999115,부송동,4,"가축 분뇨 냄새(닭, 돼지, 소)",2:0,-1
2022-10-01 21:36:00,35.963528,126.97861,영등동,5,"공장 냄새(화학약품, 매캐함)",-2:1,-1
2022-10-01 21:36:00,35.91661,126.884995,오산면 신지리,5,기타,-18:-9,-1
2022-10-01 22:08:00,35.9561,126.97668,영등동,3,음식조리 냄새,-2:-1,-1
2022-10-01 23:27:00,35.96432,127.014725,팔봉동,4,"가축 분뇨 냄새(닭, 돼지, 소)",5:1,-1
2022-10-02 00:10:00,35.94115,126.95073,창인동1가,5,기타,-7:-4,-1
2022-10-02 00:21:00,35.926754,126.95878,동산동,4,기타,-5:-7,-1
2022-10-02 00:45:00,35.95687,126.9919,부송동,3,기타,1:0,-1
2022-10-02 00:49:00,35.9536,126.94407,모현동1가,4,기타,-8:-1,-1
2022-10-02 17:21:00,35.956284,126.99511,부송동,4,음식조리 냄새,1:-1,-1
2022-10-02 19:09:00,35.939556,126.98648,신흥동,4,"가축 분뇨 냄새(닭, 돼지, 소)",0:-4,-1
2022-10-02 19:46:00,35.955776,126.98155,어양동,5,하수구 냄새,-1:-1,-1
2022-10-02 19:50:00,35.95524,126.98603,어양동,4,기타,0:-1,-1
2022-10-02 20:32:00,35.964104,126.97441,영등동,4,"가축 분뇨 냄새(닭, 돼지, 소)",-2:1,-1
2022-10-02 20:35:00,35.95686,126.97264,영등동,5,하수구 냄새,-3:0,-1
2022-10-02 20:45:00,35.92969,126.965805,동산동,3,기타,-4:-6,237
2022-10-02 20:51:00,35.92751,126.961105,동산동,4,"가축 분뇨 냄새(닭, 돼지, 소)",-5:-7,237
2022-10-02 20:52:00,35.927692,126.96162,동산동,5,하수구 냄새,-5:-7,237
2022-10-02 20:53:00,35.926754,126.95878,동산동,5,"가축 분뇨 냄새(닭, 돼지, 소)",-5:-7,237
2022-10-02 21:05:00,35.947655,126.942184,모현동1가,4,기타,-8:-2,-1
2022-10-02 21:06:00,35.946285,126.946266,모현동1가,4,"가축 분뇨 냄새(닭, 돼지, 소)",-7:-3,-1
2022-10-02 21:06:00,35.945793,126.93544,모현동1가,4,기타,-9:-3,-1
2022-10-02 21:11:00,35.92852,126.96397,동산동,4,기타,-4:-7,237
2022-10-02 21:16:00,35.947113,126.93784,모현동1가,4,기타,-9:-3,-1
2022-10-02 22:14:00,35.956966,126.97215,영등동,4,"가축 분뇨 냄새(닭, 돼지, 소)",-3:0,-1
2022-10-02 22:15:00,35.96544,127.01559,팔봉동,5,"가축 분뇨 냄새(닭, 돼지, 소)",5:1,-1
2022-10-02 22:16:00,35.965763,127.01619,팔봉동,5,"가축 분뇨 냄새(닭, 돼지, 소)",5:2,-1
2022-10-02 22:24:00,35.965942,127.016716,팔봉동,5,"가축 분뇨 냄새(닭, 돼지, 소)",5:2,-1
2022-10-03 00:07:00,35.941097,126.95097,창인동1가,5,"가축 분뇨 냄새(닭, 돼지, 소)",-6:-4,-1
2022-10-03 00:18:00,35.946125,126.94649,모현동1가,3,기타,-7:-3,-1
2022-10-03 08:24:00,35.928738,126.96312,동산동,5,기타,-4:-7,-1
2022-10-03 18:38:00,36.062473,126.93261,성당면 대선리,4,기타,-10:23,-1
2022-10-05 15:43:00,35.933464,127.05603,왕궁면 쌍제리,3,기타,12:-6,-1
2022-10-05 22:26:00,35.92751,126.961105,동산동,5,"가축 분뇨 냄새(닭, 돼지, 소)",-5:-7,-1
2022-10-05 22:26:00,35.92758,126.961174,동산동,5,"가축 분뇨 냄새(닭, 돼지, 소)",-5:-7,-1
2022-10-05 22:30:00,35.928738,126.96308,동산동,5,"가축 분뇨 냄새(닭, 돼지, 소)",-4:-7,-1
2022-10-05 22:47:00,35.956573,126.997116,부송동,4,"공장 냄새(화학약품, 매캐함)",2:0,-1
2022-10-06 02:43:00,35.961185,126.97854,영등동,4,"가축 분뇨 냄새(닭, 돼지, 소)",-2:1,-1
2022-10-06 02:45:00,35.957222,126.99591,부송동,4,기타,2:0,-1
2022-10-06 07:07:00,35.946903,127.04003,춘포면 천서리,2,기타,10:-3,-1
2022-10-06 07:25:00,35.94687,127.04003,춘포면 천서리,4,기타,10:-3,-1
2022-10-06 07:49:00,35.956753,126.99729,부송동,5,기타,2:0,-1
2022-10-06 07:53:00,35.95455,126.987366,어양동,3,기타,0:-1,-1
2022-10-06 08:16:00,35.963924,126.98581,부송동,4,"가축 분뇨 냄새(닭, 돼지, 소)",0:1,-1
2022-10-06 08:25:00,35.96054,126.99386,부송동,4,하수구 냄새,1:0,238
2022-10-06 08:28:00,35.960106,126.989136,부송동,5,"가축 분뇨 냄새(닭, 돼지, 소)",0:0,238
2022-10-06 09:08:00,35.933525,127.05452,왕궁면 쌍제리,4,"공장 냄새(화학약품, 매캐함)",12:-6,-1
2022-10-06 17:28:00,35.94893,127.08215,왕궁면 구덕리,3,기타,17:-2,-1
2022-10-08 02:11:00,35.951164,126.9832,어양동,3,"가축 분뇨 냄새(닭, 돼지, 소)",-1:-2,-1
2022-10-08 06:53:00,35.946903,127.04003,춘포면 천서리,2,기타,10:-3,-1
2022-10-08 17:52:00,36.07038,126.9881,낭산면 용기리,5,하수구 냄새,0:25,-1
2022-10-08 18:08:00,36.07038,126.9881,낭산면 용기리,5,하수구 냄새,0:25,-1
2022-10-08 21:58:00,36.06894,126.98746,낭산면 용기리,5,기타,0:24,-1
2022-10-08 21:59:00,36.068108,126.98628,낭산면 용기리,5,기타,0:24,-1
2022-10-09 06:12:00,35.946903,127.04001,춘포면 천서리,2,기타,10:-3,-1
2022-10-09 06:25:00,35.951122,127.03635,춘포면 천서리,3,"가축 분뇨 냄새(닭, 돼지, 소)",9:-2,-1
2022-10-09 12:20:00,36.11216,126.98438,용동면 용성리,4,기타,0:34,-1
2022-10-09 14:47:00,35.923485,127.05416,춘포면 쌍정리,4,"가축 분뇨 냄새(닭, 돼지, 소)",12:-8,-1
2022-10-10 00:58:00,35.966125,127.01836,팔봉동,3,기타,6:2,-1
2022-10-11 07:19:00,35.946903,127.04003,춘포면 천서리,2,기타,10:-3,-1
2022-10-11 23:36:00,35.96516,127.01877,팔봉동,2,기타,6:1,-1
2022-10-11 23:42:00,35.96508,127.01882,팔봉동,4,하수구 냄새,6:1,-1
2022-10-11 23:51:00,35.956474,126.99746,부송동,5,하수구 냄새,2:-1,-1
2022-10-12 00:20:00,35.9409,126.95071,창인동1가,5,기타,-7:-4,-1
2022-10-12 00:36:00,35.94106,126.95055,창인동1가,5,기타,-7:-4,-1
2022-10-12 21:12:00,35.964684,126.9824,어양동,3,"공장 냄새(화학약품, 매캐함)",-1:1,-1
2022-10-13 08:06:00,35.946903,127.04001,춘포면 천서리,2,기타,10:-3,-1
2022-10-13 12:44:00,36.11216,126.98438,용동면 용성리,3,기타,0:34,-1
2022-10-13 20:35:00,35.964573,126.98297,어양동,5,"공장 냄새(화학약품, 매캐함)",-1:1,-1
2022-10-13 23:22:00,35.95353,127.01253,팔봉동,5,"공장 냄새(화학약품, 매캐함)",5:-1,-1
2022-10-14 08:00:00,35.939484,126.98621,신흥동,3,하수구 냄새,0:-4,-1
2022-10-14 09:01:00,35.946903,127.039986,춘포면 천서리,3,"가축 분뇨 냄새(닭, 돼지, 소)",10:-3,-1
2022-10-14 11:28:00,35.972317,126.951614,신용동,2,"공장 냄새(화학약품, 매캐함)",-6:3,-1
2022-10-14 22:15:00,35.898964,127.01017,춘포면 춘포리,4,기타,4:-13,-1
2022-10-15 07:13:00,35.946903,127.04001,춘포면 천서리,3,"가축 분뇨 냄새(닭, 돼지, 소)",10:-3,-1
2022-10-18 08:28:00,35.939594,126.98653,신흥동,3,하수구 냄새,0:-4,-1
2022-10-18 13:58:00,35.933575,127.05607,왕궁면 쌍제리,4,기타,12:-6,-1
2022-10-18 23:24:00,35.95758,126.98424,어양동,4,기타,0:0,-1
2022-10-18 23:53:00,36.034912,126.877014,함라면 신목리,5,기타,-20:17,-1
2022-10-18 23:58:00,36.014317,126.89537,함라면 신목리,5,"가축 분뇨 냄새(닭, 돼지, 소)",-17:12,-1
2022-10-19 15:17:00,35.933525,127.05602,왕궁면 쌍제리,4,"가축 분뇨 냄새(닭, 돼지, 소)",12:-6,-1
2022-10-19 17:11:00,35.933647,127.05596,왕궁면 쌍제리,3,"가축 분뇨 냄새(닭, 돼지, 소)",12:-6,-1
2022-10-20 14:49:00,35.93356,127.056046,왕궁면 쌍제리,4,"가축 분뇨 냄새(닭, 돼지, 소)",12:-6,-1
2022-10-20 17:17:00,35.933613,127.05599,왕궁면 쌍제리,4,"가축 분뇨 냄새(닭, 돼지, 소)",12:-6,-1
2022-10-20 22:48:00,35.95693,126.972595,영등동,3,"가축 분뇨 냄새(닭, 돼지, 소)",-3:0,-1
2022-10-21 15:14:00,35.967224,127.008026,부송동,2,기타,4:2,-1
2022-10-21 19:05:00,35.997154,126.94859,황등면 황등리,4,기타,-7:8,-1
2022-10-22 07:46:00,35.94687,127.04003,춘포면 천서리,2,기타,10:-3,-1
2022-10-22 12:07:00,35.956913,126.992615,부송동,3,기타,1:0,-1
2022-10-22 17:48:00,36.11216,126.98438,용동면 용성리,5,기타,0:34,-1
2022-10-23 15:30:00,36.11216,126.98438,용동면 용성리,4,기타,0:34,-1
2022-10-24 00:55:00,35.95365,126.98519,어양동,4,기타,0:-1,-1
2022-10-25 08:25:00,35.946903,127.04003,춘포면 천서리,2,"가축 분뇨 냄새(닭, 돼지, 소)",10:-3,-1
2022-10-25 16:02:00,36.067604,126.98568,낭산면 용기리,5,기타,0:24,-1
2022-10-28 07:41:00,35.95412,126.98524,어양동,5,기타,0:-1,-1
2022-10-28 20:01:00,35.997135,126.94849,황등면 황등리,5,기타,-7:8,-1
2022-10-28 22:15:00,35.957905,126.99834,부송동,4,"가축 분뇨 냄새(닭, 돼지, 소)",2:0,-1
2022-10-28 22:19:00,35.939808,126.98621,신흥동,4,기타,0:-4,-1
2022-10-28 22:20:00,35.959724,126.97494,영등동,3,"가축 분뇨 냄새(닭, 돼지, 소)",-2:0,-1
2022-10-29 23:14:00,35.956127,126.97641,영등동,4,"공장 냄새(화학약품, 매캐함)",-2:-1,-1
2022-10-29 23:25:00,35.95549,126.97486,영등동,3,"공장 냄새(화학약품, 매캐함)",-2:-1,-1
2022-10-29 23:54:00,35.955727,126.97769,영등동,3,"공장 냄새(화학약품, 매캐함)",-2:-1,-1
2022-10-29 23:59:00,35.954876,126.97193,영등동,3,"공장 냄새(화학약품, 매캐함)",-3:-1,-1
2022-10-30 06:15:00,35.946903,127.04001,춘포면 천서리,2,기타,10:-3,-1
2022-10-30 11:39:00,35.91387,126.937126,목천동,3,"가축 분뇨 냄새(닭, 돼지, 소)",-9:-10,-1
2022-10-30 19:38:00,35.95455,126.972595,영등동,4,"공장 냄새(화학약품, 매캐함)",-3:-1,-1
2022-10-30 23:01:00,35.956947,126.97273,영등동,4,"공장 냄새(화학약품, 매캐함)",-3:0,-1
2022-10-31 00:05:00,35.957,126.97304,영등동,4,"가축 분뇨 냄새(닭, 돼지, 소)",-3:0,-1
2022-11-01 00:39:00,35.959682,126.992676,부송동,4,하수구 냄새,1:0,-1
2022-11-01 07:46:00,35.939735,126.986435,신흥동,4,하수구 냄새,0:-4,-1
2022-11-01 08:03:00,35.946903,127.04001,춘포면 천서리,2,"가축 분뇨 냄새(닭, 돼지, 소)",10:-3,-1
2022-11-01 14:28:00,36.11216,126.98438,용동면 용성리,5,기타,0:34,-1
2022-11-01 15:34:00,36.11216,126.98438,용동면 용성리,5,기타,0:34,-1
2022-11-01 22:19:00,35.99703,126.94859,황등면 황등리,4,기타,-7:8,-1
2022-11-01 22:52:00,35.95826,126.96202,신동,4,"공장 냄새(화학약품, 매캐함)",-4:0,-1
2022-11-02 20:53:00,35.939663,126.986435,신흥동,4,하수구 냄새,0:-4,-1
2022-11-06 23:47:00,35.964466,126.98346,어양동,4,"공장 냄새(화학약품, 매캐함)",-1:1,-1
2022-11-08 04:49:00,35.964565,126.94852,신용동,3,"공장 냄새(화학약품, 매캐함)",-7:1,-1
2022-11-08 04:49:00,35.960052,126.99949,부송동,4,"공장 냄새(화학약품, 매캐함)",2:0,-1
2022-11-08 19:53:00,35.928738,126.96312,동산동,5,"공장 냄새(화학약품, 매캐함)",-4:-7,-1
2022-11-08 20:50:00,35.939735,126.986565,신흥동,4,기타,0:-4,-1
2022-11-08 21:04:00,35.95094,126.98334,어양동,5,"공장 냄새(화학약품, 매캐함)",-1:-2,-1
2022-11-08 22:13:00,35.95826,126.96202,신동,4,"공장 냄새(화학약품, 매캐함)",-4:0,-1
2022-11-09 21:36:00,35.957367,126.99658,부송동,5,"공장 냄새(화학약품, 매캐함)",2:0,-1
2022-11-09 22:18:00,35.95731,126.99954,부송동,5,하수구 냄새,2:0,-1
2022-11-09 23:00:00,35.956787,126.99926,용제동,3,"공장 냄새(화학약품, 매캐함)",2:0,-1
2022-11-09 23:00:00,35.956787,126.99926,용제동,3,"공장 냄새(화학약품, 매캐함)",2:0,-1
2022-11-11 08:19:00,35.939484,126.98653,신흥동,3,하수구 냄새,0:-4,-1
2022-11-11 18:49:00,35.964973,127.01091,팔봉동,3,"공장 냄새(화학약품, 매캐함)",4:1,-1
2022-11-11 21:14:00,35.93963,126.98648,신흥동,4,기타,0:-4,-1
2022-11-12 15:37:00,35.912502,126.986084,춘포면 춘포리,4,기타,0:-10,-1
2022-11-12 15:54:00,35.909924,126.990074,춘포면 춘포리,3,기타,1:-11,-1
2022-11-12 16:16:00,35.931477,126.96915,동산동,5,기타,-3:-6,-1
2022-11-12 17:01:00,35.939735,126.98648,신흥동,4,기타,0:-4,-1
2022-11-12 17:12:00,35.939846,126.98634,신흥동,5,기타,0:-4,-1
2022-11-12 17:15:00,35.928738,126.96312,동산동,3,하수구 냄새,-4:-7,-1
2022-11-12 19:21:00,35.962337,126.973305,영등동,3,기타,-2:1,-1
2022-11-12 19:36:00,35.956245,126.97772,영등동,5,하수구 냄새,-2:-1,-1
2022-11-12 21:49:00,35.95682,126.972595,영등동,4,"가축 분뇨 냄새(닭, 돼지, 소)",-3:0,-1
2022-11-13 09:00:00,36.11216,126.98438,용동면 용성리,4,기타,0:34,-1
2022-11-13 12:59:00,36.11216,126.98438,용동면 용성리,5,기타,0:34,-1
2022-11-15 08:12:00,35.939594,126.986565,신흥동,3,기타,0:-4,-1
2022-11-15 20:45:00,35.956966,126.97803,영등동,4,기타,-2:0,-1
2022-11-15 22:05:00,35.958755,126.97146,영등동,5,"가축 분뇨 냄새(닭, 돼지, 소)",-3:0,-1
2022-11-15 22:18:00,35.962807,126.98519,부송동,4,"가축 분뇨 냄새(닭, 돼지, 소)",0:1,-1
2022-11-15 22:57:00,35.95826,126.96202,신동,3,"공장 냄새(화학약품, 매캐함)",-4:0,-1
2022-11-16 22:20:00,35.956284,126.99521,부송동,5,하수구 냄새,1:-1,-1
2022-11-17 01:10:00,35.94426,126.93027,송학동,4,"공장 냄새(화학약품, 매캐함)",-10:-3,-1
2022-11-20 10:12:00,35.946903,127.04001,춘포면 천서리,2,기타,10:-3,-1
2022-11-20 16:31:00,35.94136,126.95217,창인동1가,3,"공장 냄새(화학약품, 매캐함)",-6:-4,-1
2022-11-20 19:19:00,35.91773,126.98845,금강동,3,"공장 냄새(화학약품, 매캐함)",0:-9,-1
2022-11-20 21:25:00,35.957294,126.99324,부송동,3,하수구 냄새,1:0,-1
2022-11-20 23:47:00,36.076653,126.98281,낭산면 용기리,4,"공장 냄새(화학약품, 매캐함)",-1:26,-1
2022-11-21 20:42:00,35.93945,126.98621,신흥동,3,"가축 분뇨 냄새(닭, 돼지, 소)",0:-4,-1
2022-11-22 00:23:00,35.942375,126.965965,마동,4,"공장 냄새(화학약품, 매캐함)",-4:-4,-1
2022-11-22 06:20:00,35.946903,127.04001,춘포면 천서리,2,기타,10:-3,-1
2022-11-23 21:04:00,35.94238,126.96597,마동,5,"가축 분뇨 냄새(닭, 돼지, 소)",-4:-4,-1
2022-11-24 08:24:00,35.953022,127.01298,석암동,5,"공장 냄새(화학약품, 매캐함)",5:-1,-1
2022-11-24 18:48:00,36.032974,126.95334,함열읍 다송리,5,"공장 냄새(화학약품, 매캐함)",-6:16,-1
2022-11-24 20:08:00,35.946903,127.039986,춘포면 천서리,2,"가축 분뇨 냄새(닭, 돼지, 소)",10:-3,-1
2022-11-24 22:49:00,35.93963,126.98653,신흥동,4,"가축 분뇨 냄새(닭, 돼지, 소)",0:-4,-1
2022-11-25 17:18:00,35.93941,126.98617,신흥동,2,"가축 분뇨 냄새(닭, 돼지, 소)",0:-4,-1
2022-11-25 21:26:00,35.956463,126.9988,부송동,3,"가축 분뇨 냄새(닭, 돼지, 소)",2:-1,-1
2022-12-02 22:27:00,35.961582,126.97915,영등동,0,해당사항없음,-1:1,-1
2022-12-06 08:41:00,35.939735,126.98599,신흥동,1,"가축 분뇨 냄새(닭, 돼지, 소)",0:-4,-1
2022-12-06 21:57:00,35.93959,126.98604,신흥동,2,"가축 분뇨 냄새(닭, 돼지, 소)",0:-4,-1
2022-12-07 07:27:00,35.939594,126.986435,신흥동,3,"가축 분뇨 냄새(닭, 돼지, 소)",0:-4,-1
2022-12-07 08:23:00,35.952686,126.97483,영등동,3,"가축 분뇨 냄새(닭, 돼지, 소)",-2:-1,-1
2022-12-07 20:55:00,35.939556,126.98639,신흥동,3,"가축 분뇨 냄새(닭, 돼지, 소)",0:-4,-1
2022-12-10 08:19:00,35.946903,127.04001,춘포면 천서리,2,"가축 분뇨 냄새(닭, 돼지, 소)",10:-3,-1
2022-12-11 08:23:00,35.9438,126.9544,남중동,2,"가축 분뇨 냄새(닭, 돼지, 소)",-6:-3,-1
2022-12-11 08:41:00,35.946903,127.04001,춘포면 천서리,2,"가축 분뇨 냄새(닭, 돼지, 소)",10:-3,-1
2022-12-15 08:06:00,35.946903,127.04001,춘포면 천서리,2,기타,10:-3,-1
2022-12-19 21:07:00,35.93945,126.98634,신흥동,3,"가축 분뇨 냄새(닭, 돼지, 소)",0:-4,-1
2022-12-26 21:36:00,35.91336,126.861626,오산면 신지리,5,"가축 분뇨 냄새(닭, 돼지, 소)",-23:-10,-1
2022-12-27 20:30:00,35.939137,126.98596,신흥동,3,"가축 분뇨 냄새(닭, 돼지, 소)",0:-4,-1
2022-12-28 07:07:00,35.9438,126.9544,남중동,3,소각 냄새(태우는 냄새),-6:-3,-1
2022-12-29 09:22:00,35.9438,126.9544,남중동,2,"가축 분뇨 냄새(닭, 돼지, 소)",-6:-3,-1
2022-12-29 12:50:00,36.032036,126.95434,함열읍 다송리,5,"공장 냄새(화학약품, 매캐함)",-6:16,-1
2023-01-03 17:47:00,35.95394,126.97659,영등동,4,하수구 냄새,-2:-1,-1
2023-01-04 20:56:00,35.913364,126.861626,오산면 신지리,1,"가축 분뇨 냄새(닭, 돼지, 소)",-23:-10,-1
2023-01-08 21:14:00,35.913364,126.86163,오산면 신지리,5,"가축 분뇨 냄새(닭, 돼지, 소)",-23:-10,-1
2023-01-18 21:21:00,35.91757,127.066124,왕궁면 온수리,4,"가축 분뇨 냄새(닭, 돼지, 소)",14:-9,-1
2023-01-18 21:28:00,35.91757,127.06613,왕궁면 온수리,4,"가축 분뇨 냄새(닭, 돼지, 소)",14:-9,-1
2023-01-19 22:43:00,35.95651,126.99777,부송동,2,"가축 분뇨 냄새(닭, 돼지, 소)",2:-1,-1
2023-01-21 19:13:00,35.917576,127.066124,왕궁면 온수리,4,"가축 분뇨 냄새(닭, 돼지, 소)",14:-9,-1
2023-01-21 19:19:00,35.917564,127.066124,왕궁면 온수리,4,"가축 분뇨 냄새(닭, 돼지, 소)",14:-9,-1
2023-01-26 11:11:00,35.93882,126.9862,신흥동,1,"가축 분뇨 냄새(닭, 돼지, 소)",0:-4,-1
2023-01-28 18:16:00,35.940285,126.9892,신흥동,4,"가축 분뇨 냄새(닭, 돼지, 소)",0:-4,-1
2023-01-28 21:11:00,35.906647,127.03215,춘포면 용연리,5,"가축 분뇨 냄새(닭, 돼지, 소)",8:-12,-1
2023-01-30 22:40:00,35.957676,126.99816,부송동,5,하수구 냄새,2:0,-1
2023-01-30 23:00:00,35.955376,126.98834,어양동,3,"가축 분뇨 냄새(닭, 돼지, 소)",0:-1,-1
2023-01-31 20:45:00,35.956375,126.99477,부송동,3,하수구 냄새,1:-1,-1
2023-01-31 20:58:00,35.95405,126.98723,어양동,4,하수구 냄새,0:-1,-1
2023-01-31 21:15:00,35.95467,126.98356,어양동,3,하수구 냄새,-1:-1,-1
2023-02-07 07:55:00,35.93916,126.985954,신흥동,3,"가축 분뇨 냄새(닭, 돼지, 소)",0:-4,-1
2023-02-07 08:25:00,35.928295,126.963356,동산동,4,"가축 분뇨 냄새(닭, 돼지, 소)",-4:-7,-1
2023-02-07 08:40:00,35.927048,126.9543,인화동2가,5,"가축 분뇨 냄새(닭, 돼지, 소)",-6:-7,-1
2023-02-07 09:03:00,35.931187,126.95295,인화동2가,4,기타,-6:-6,-1
2023-02-08 22:29:00,35.939156,126.985954,신흥동,3,"가축 분뇨 냄새(닭, 돼지, 소)",0:-4,-1
2023-02-09 05:44:00,35.93112,126.9699,동산동,4,"가축 분뇨 냄새(닭, 돼지, 소)",-3:-6,-1
2023-02-09 08:56:00,35.939156,126.98596,신흥동,4,"가축 분뇨 냄새(닭, 돼지, 소)",0:-4,-1
2023-02-11 23:46:00,35.96467,126.982414,어양동,4,소각 냄새(태우는 냄새),-1:1,-1
2023-02-14 20:32:00,35.939167,126.98596,신흥동,3,"가축 분뇨 냄새(닭, 돼지, 소)",0:-4,-1
2023-02-15 06:29:00,35.965496,127.01525,팔봉동,3,"공장 냄새(화학약품, 매캐함)",5:1,-1
2023-02-15 08:38:00,35.931858,126.96899,동산동,4,"가축 분뇨 냄새(닭, 돼지, 소)",-3:-6,-1
2023-02-15 08:41:00,35.94564,126.97477,신흥동,3,"가축 분뇨 냄새(닭, 돼지, 소)",-2:-3,-1
2023-02-15 08:42:00,35.947903,127.00537,용제동,5,"가축 분뇨 냄새(닭, 돼지, 소)",3:-2,-1
2023-02-15 08:49:00,35.96274,126.99208,부송동,4,"가축 분뇨 냄새(닭, 돼지, 소)",1:1,-1
2023-02-17 08:20:00,35.96425,126.9735,영등동,4,소각 냄새(태우는 냄새),-2:1,-1
2023-02-17 22:47:00,35.96474,126.98203,어양동,3,소각 냄새(태우는 냄새),-1:1,-1
2023-02-21 20:44:00,35.93917,126.985954,신흥동,4,"가축 분뇨 냄새(닭, 돼지, 소)",0:-4,-1
2023-02-21 22:44:00,35.957508,126.997925,부송동,4,하수구 냄새,2:0,-1
2023-02-22 15:49:00,35.964878,126.947975,신용동,2,"가축 분뇨 냄새(닭, 돼지, 소)",-7:1,-1
2023-02-22 18:57:00,35.95561,126.97115,영등동,4,기타,-3:-1,-1
2023-02-24 04:58:00,35.941017,126.95113,창인동1가,5,"가축 분뇨 냄새(닭, 돼지, 소)",-6:-4,-1
2023-02-28 23:01:00,35.930588,126.95692,인화동2가,5,"가축 분뇨 냄새(닭, 돼지, 소)",-5:-6,-1
2023-02-28 23:51:00,35.94912,126.94043,모현동1가,4,"가축 분뇨 냄새(닭, 돼지, 소)",-8:-2,-1
2023-03-01 00:12:00,35.943253,126.930534,송학동,4,"가축 분뇨 냄새(닭, 돼지, 소)",-10:-3,-1
2023-03-03 18:54:00,35.91801,126.88944,오산면 남전리,5,"가축 분뇨 냄새(닭, 돼지, 소)",-18:-9,-1
2023-03-04 00:15:00,35.944412,126.93013,송학동,5,소각 냄새(태우는 냄새),-10:-3,-1
2023-03-04 16:14:00,35.939163,126.98596,신흥동,5,"가축 분뇨 냄새(닭, 돼지, 소)",0:-4,-1
2023-03-05 01:28:00,35.939167,126.98596,신흥동,1,기타,0:-4,-1
2023-03-05 09:07:00,36.112175,126.98446,용동면 용성리,5,"가축 분뇨 냄새(닭, 돼지, 소)",0:34,-1
2023-03-05 23:28:00,35.913567,126.86267,오산면 신지리,4,"가축 분뇨 냄새(닭, 돼지, 소)",-22:-10,-1
2023-03-06 09:12:00,35.946896,127.040276,춘포면 천서리,2,"공장 냄새(화학약품, 매캐함)",10:-3,-1
2023-03-06 22:36:00,35.957554,126.99808,부송동,4,"가축 분뇨 냄새(닭, 돼지, 소)",2:0,-1
2023-03-08 00:04:00,35.964622,126.982376,어양동,4,"공장 냄새(화학약품, 매캐함)",-1:1,-1
2023-03-08 20:53:00,35.92866,126.97846,금강동,3,"가축 분뇨 냄새(닭, 돼지, 소)",-2:-7,-1
2023-03-08 21:40:00,35.941715,126.93184,송학동,2,"공장 냄새(화학약품, 매캐함)",-10:-4,-1
2023-03-08 21:50:00,35.926693,126.954765,인화동2가,5,"가축 분뇨 냄새(닭, 돼지, 소)",-6:-7,-1
2023-03-08 22:07:00,35.964153,126.95469,신동,4,"가축 분뇨 냄새(닭, 돼지, 소)",-6:1,-1
2023-03-08 23:03:00,35.926647,126.95404,인화동2가,5,"가축 분뇨 냄새(닭, 돼지, 소)",-6:-7,-1
2023-03-10 20:47:00,35.91752,127.06621,왕궁면 온수리,4,"가축 분뇨 냄새(닭, 돼지, 소)",14:-9,-1
2023-03-10 20:58:00,35.91752,127.066216,왕궁면 온수리,4,"가축 분뇨 냄새(닭, 돼지, 소)",14:-9,-1
2023-03-10 22:35:00,35.957733,126.9982,부송동,4,"가축 분뇨 냄새(닭, 돼지, 소)",2:0,-1
2023-03-13 22:35:00,35.95783,126.99822,부송동,4,"공장 냄새(화학약품, 매캐함)",2:0,-1
2023-03-14 21:00:00,35.939167,126.985954,신흥동,4,"가축 분뇨 냄새(닭, 돼지, 소)",0:-4,-1
2023-03-15 08:21:00,35.918518,126.86234,오산면 신지리,3,"가축 분뇨 냄새(닭, 돼지, 소)",-22:-9,-1
2023-03-16 20:27:00,35.95763,126.9612,신동,3,"공장 냄새(화학약품, 매캐함)",-5:0,-1
2023-03-19 08:07:00,35.912952,126.862785,오산면 신지리,5,"가축 분뇨 냄새(닭, 돼지, 소)",-22:-10,-1
2023-03-19 18:29:00,35.91663,126.885254,오산면 신지리,5,"가축 분뇨 냄새(닭, 돼지, 소)",-18:-9,-1
2023-03-21 19:37:00,35.96386,127.01515,팔봉동,3,"공장 냄새(화학약품, 매캐함)",5:1,-1
2023-03-22 07:21:00,35.9636,126.97464,영등동,3,"가축 분뇨 냄새(닭, 돼지, 소)",-2:1,-1
2023-03-22 08:08:00,35.939133,126.985954,신흥동,4,"가축 분뇨 냄새(닭, 돼지, 소)",0:-4,-1
2023-03-23 21:32:00,35.91337,126.86167,오산면 신지리,5,"가축 분뇨 냄새(닭, 돼지, 소)",-23:-10,-1
2023-03-26 14:11:00,36.110607,126.99155,용동면 대조리,5,"가축 분뇨 냄새(닭, 돼지, 소)",1:34,-1
2023-03-27 08:33:00,35.956345,126.986465,부송동,3,"가축 분뇨 냄새(닭, 돼지, 소)",0:-1,-1
2023-03-27 23:20:00,35.96114,126.98709,부송동,4,"가축 분뇨 냄새(닭, 돼지, 소)",0:1,-1
2023-03-30 07:44:00,35.965405,127.016136,팔봉동,4,"가축 분뇨 냄새(닭, 돼지, 소)",5:1,-1
2023-03-30 08:54:00,35.93963,126.986565,신흥동,4,"가축 분뇨 냄새(닭, 돼지, 소)",0:-4,-1
2023-04-03 07:55:00,35.94689,127.04025,춘포면 천서리,2,"가축 분뇨 냄새(닭, 돼지, 소)",10:-3,-1
2023-04-03 21:06:00,35.939163,126.98596,신흥동,4,"가축 분뇨 냄새(닭, 돼지, 소)",0:-4,-1
2023-04-04 13:36:00,35.939167,126.98596,신흥동,3,"가축 분뇨 냄새(닭, 돼지, 소)",0:-4,-1
2023-04-04 21:13:00,35.96387,126.97873,영등동,3,"가축 분뇨 냄새(닭, 돼지, 소)",-1:1,-1
2023-04-05 11:18:00,35.93108,126.96869,동산동,2,"가축 분뇨 냄새(닭, 돼지, 소)",-3:-6,-1
2023-04-08 19:07:00,35.91661,126.885315,오산면 신지리,5,"가축 분뇨 냄새(닭, 돼지, 소)",-18:-9,-1
2023-04-08 20:42:00,35.916615,126.88533,오산면 신지리,5,"가축 분뇨 냄새(닭, 돼지, 소)",-18:-9,-1
2023-04-09 08:06:00,35.914795,126.86811,오산면 신지리,3,"가축 분뇨 냄새(닭, 돼지, 소)",-21:-10,-1
2023-04-11 08:31:00,35.928337,126.96329,동산동,3,"가축 분뇨 냄새(닭, 돼지, 소)",-4:-7,-1
2023-04-12 08:59:00,35.937237,126.97823,금강동,3,"공장 냄새(화학약품, 매캐함)",-2:-5,-1
2023-04-14 08:59:00,35.952587,127.01059,팔봉동,3,"공장 냄새(화학약품, 매캐함)",4:-1,-1
2023-04-14 20:43:00,35.922333,127.03093,춘포면 인수리,4,"가축 분뇨 냄새(닭, 돼지, 소)",8:-8,-1
2023-04-20 19:48:00,35.937237,126.978195,금강동,2,"공장 냄새(화학약품, 매캐함)",-2:-5,-1
2023-04-24 05:32:00,35.96521,127.01575,팔봉동,3,"가축 분뇨 냄새(닭, 돼지, 소)",5:1,-1
2023-04-24 06:05:00,35.965458,127.01531,팔봉동,5,"가축 분뇨 냄새(닭, 돼지, 소)",5:1,-1
2023-04-24 07:50:00,35.94697,127.04036,춘포면 천서리,3,"가축 분뇨 냄새(닭, 돼지, 소)",10:-3,-1
2023-04-25 17:34:00,35.93726,126.97822,금강동,3,"공장 냄새(화학약품, 매캐함)",-2:-5,-1
2023-04-25 19:23:00,36.110752,126.98642,용동면 용성리,3,"가축 분뇨 냄새(닭, 돼지, 소)",0:34,-1
2023-04-26 05:44:00,35.963272,126.97429,영등동,5,"가축 분뇨 냄새(닭, 돼지, 소)",-2:1,-1
2023-04-26 07:24:00,35.960606,126.989395,부송동,3,"가축 분뇨 냄새(닭, 돼지, 소)",0:0,-1
2023-04-28 05:20:00,35.946877,127.04025,춘포면 천서리,3,"공장 냄새(화학약품, 매캐함)",10:-3,-1
2023-04-29 00:37:00,35.95739,126.98406,어양동,4,"가축 분뇨 냄새(닭, 돼지, 소)",-1:0,-1
2023-04-29 00:55:00,35.95097,126.98337,어양동,4,"가축 분뇨 냄새(닭, 돼지, 소)",-1:-2,-1
2023-04-29 03:31:00,35.957214,126.98984,부송동,5,"공장 냄새(화학약품, 매캐함)",1:0,-1
2023-04-29 07:11:00,35.96128,126.978165,영등동,4,"가축 분뇨 냄새(닭, 돼지, 소)",-2:1,-1
2023-04-30 16:16:00,35.91655,126.88525,오산면 신지리,5,"가축 분뇨 냄새(닭, 돼지, 소)",-18:-9,-1
2023-05-01 16:02:00,35.944813,127.01083,석암동,2,"공장 냄새(화학약품, 매캐함)",4:-3,-1
2023-05-02 06:00:00,35.946877,127.04025,춘포면 천서리,2,"공장 냄새(화학약품, 매캐함)",10:-3,-1
2023-05-03 06:04:00,35.944824,127.01084,석암동,2,"가축 분뇨 냄새(닭, 돼지, 소)",4:-3,-1
2023-05-03 06:41:00,35.946877,127.04025,춘포면 천서리,3,"공장 냄새(화학약품, 매캐함)",10:-3,-1
2023-05-03 19:20:00,35.93916,126.98599,신흥동,4,"가축 분뇨 냄새(닭, 돼지, 소)",0:-4,-1
2023-05-03 19:33:00,35.931232,126.9697,동산동,5,"가축 분뇨 냄새(닭, 돼지, 소)",-3:-6,-1
2023-05-03 22:38:00,35.961388,126.97494,영등동,4,"가축 분뇨 냄새(닭, 돼지, 소)",-2:1,-1
2023-05-03 23:28:00,35.93605,126.9783,금강동,3,"가축 분뇨 냄새(닭, 돼지, 소)",-2:-5,-1
2023-05-05 16:25:00,35.946877,127.040245,춘포면 천서리,2,"가축 분뇨 냄새(닭, 돼지, 소)",10:-3,-1
2023-05-06 11:01:00,35.913452,126.8626,오산면 신지리,5,"가축 분뇨 냄새(닭, 돼지, 소)",-22:-10,-1
2023-05-06 15:47:00,35.91754,127.06619,왕궁면 온수리,5,"가축 분뇨 냄새(닭, 돼지, 소)",14:-9,-1
2023-05-06 15:55:00,35.917553,127.06617,왕궁면 온수리,5,"가축 분뇨 냄새(닭, 돼지, 소)",14:-9,-1
2023-05-09 00:19:00,35.956455,126.996704,부송동,3,"가축 분뇨 냄새(닭, 돼지, 소)",2:-1,-1
2023-05-09 23:42:00,35.930973,126.96889,동산동,4,"가축 분뇨 냄새(닭, 돼지, 소)",-3:-6,-1
2023-05-13 23:10:00,35.95341,127.01288,석암동,5,"공장 냄새(화학약품, 매캐함)",5:-1,-1
2023-05-14 18:57:00,35.916637,126.885216,오산면 신지리,5,"가축 분뇨 냄새(닭, 돼지, 소)",-18:-9,-1
2023-05-15 09:01:00,35.952583,127.01059,팔봉동,2,기타,4:-1,-1
2023-05-16 00:50:00,35.956104,126.994675,부송동,3,"공장 냄새(화학약품, 매캐함)",1:-1,-1
2023-05-16 21:22:00,35.91756,127.06615,왕궁면 온수리,5,"가축 분뇨 냄새(닭, 돼지, 소)",14:-9,-1
2023-05-16 21:28:00,35.917572,127.06614,왕궁면 온수리,5,"가축 분뇨 냄새(닭, 돼지, 소)",14:-9,-1
2023-05-16 23:54:00,36.00055,126.921074,황등면 신기리,5,"가축 분뇨 냄새(닭, 돼지, 소)",-12:9,-1
2023-05-17 08:05:00,35.94688,127.040245,춘포면 천서리,1,"가축 분뇨 냄새(닭, 돼지, 소)",10:-3,-1
2023-05-18 00:30:00,35.95657,126.99782,부송동,5,"가축 분뇨 냄새(닭, 돼지, 소)",2:-1,-1
2023-05-18 10:51:00,35.91337,126.86163,오산면 신지리,2,"가축 분뇨 냄새(닭, 돼지, 소)",-23:-10,-1
2023-05-18 19:44:00,36.068172,126.9865,낭산면 용기리,5,"가축 분뇨 냄새(닭, 돼지, 소)",0:24,-1
2023-05-18 22:08:00,35.917576,127.06615,왕궁면 온수리,4,"가축 분뇨 냄새(닭, 돼지, 소)",14:-9,-1
2023-05-19 19:48:00,35.917557,127.06614,왕궁면 온수리,5,"가축 분뇨 냄새(닭, 돼지, 소)",14:-9,-1
2023-05-19 21:15:00,35.96073,126.98547,어양동,4,"공장 냄새(화학약품, 매캐함)",0:0,-1
2023-05-19 22:16:00,35.959496,126.990265,부송동,4,"공장 냄새(화학약품, 매캐함)",1:0,-1
2023-05-19 22:19:00,35.959515,126.990265,부송동,4,"공장 냄새(화학약품, 매캐함)",1:0,-1
2023-05-19 22:24:00,35.957302,126.98032,어양동,4,"공장 냄새(화학약품, 매캐함)",-1:0,-1
2023-05-19 22:43:00,35.956127,126.994606,부송동,5,"공장 냄새(화학약품, 매캐함)",1:-1,-1
2023-05-20 01:45:00,35.957912,126.99837,부송동,4,"공장 냄새(화학약품, 매캐함)",2:0,-1
2023-05-20 02:38:00,35.956818,126.99683,부송동,4,"공장 냄새(화학약품, 매캐함)",2:0,-1
2023-05-20 02:44:00,35.95633,126.99658,부송동,5,"공장 냄새(화학약품, 매캐함)",2:-1,-1
2023-05-20 06:24:00,35.94688,127.040245,춘포면 천서리,2,"가축 분뇨 냄새(닭, 돼지, 소)",10:-3,-1
2023-05-20 23:50:00,35.964886,127.0182,팔봉동,4,"가축 분뇨 냄새(닭, 돼지, 소)",6:1,-1
2023-05-22 03:49:00,35.95635,126.99725,부송동,4,"공장 냄새(화학약품, 매캐함)",2:-1,-1
2023-05-22 11:53:00,35.931194,126.96884,동산동,3,"가축 분뇨 냄새(닭, 돼지, 소)",-3:-6,-1
2023-05-22 23:20:00,35.960583,126.99984,부송동,4,"가축 분뇨 냄새(닭, 돼지, 소)",2:0,-1
2023-05-24 00:26:00,35.95686,126.99356,부송동,4,"가축 분뇨 냄새(닭, 돼지, 소)",1:0,-1
2023-05-24 00:52:00,35.93365,126.964,동산동,3,"가축 분뇨 냄새(닭, 돼지, 소)",-4:-6,-1
2023-05-24 03:57:00,35.95661,126.99455,부송동,3,"공장 냄새(화학약품, 매캐함)",1:0,-1
2023-05-25 03:00:00,35.96355,126.98739,부송동,4,소각 냄새(태우는 냄새),0:1,-1
2023-05-25 20:56:00,35.929916,126.964516,동산동,5,소각 냄새(태우는 냄새),-4:-6,-1
2023-05-26 05:27:00,35.946884,127.04024,춘포면 천서리,2,"공장 냄새(화학약품, 매캐함)",10:-3,-1
2023-05-26 20:25:00,35.948997,127.08216,왕궁면 구덕리,3,"가축 분뇨 냄새(닭, 돼지, 소)",17:-2,-1
2023-05-27 18:11:00,35.928318,126.96339,동산동,4,"가축 분뇨 냄새(닭, 돼지, 소)",-4:-7,-1
2023-05-27 19:22:00,35.956448,126.996635,부송동,4,"가축 분뇨 냄새(닭, 돼지, 소)",2:-1,-1
2023-05-27 20:01:00,35.960636,126.98519,어양동,3,"가축 분뇨 냄새(닭, 돼지, 소)",0:0,-1
2023-05-27 21:24:00,35.960682,126.973495,영등동,4,"가축 분뇨 냄새(닭, 돼지, 소)",-2:0,-1
2023-05-27 22:04:00,35.96128,126.97819,영등동,4,"가축 분뇨 냄새(닭, 돼지, 소)",-2:1,-1
2023-05-27 22:05:00,35.938076,126.96796,마동,2,"가축 분뇨 냄새(닭, 돼지, 소)",-3:-5,-1
2023-05-28 00:00:00,35.945587,126.94649,모현동1가,3,"가축 분뇨 냄새(닭, 돼지, 소)",-7:-3,-1
2023-05-28 00:30:00,35.95615,126.97479,영등동,3,"가축 분뇨 냄새(닭, 돼지, 소)",-2:-1,-1
2023-05-28 22:20:00,35.953312,126.98416,어양동,3,"가축 분뇨 냄새(닭, 돼지, 소)",-1:-1,-1
2023-05-28 22:40:00,35.956425,126.99663,부송동,4,"가축 분뇨 냄새(닭, 돼지, 소)",2:-1,-1
2023-05-30 17:53:00,36.068176,126.986534,낭산면 용기리,4,"가축 분뇨 냄새(닭, 돼지, 소)",0:24,-1
2023-05-30 18:21:00,36.06818,126.98653,낭산면 용기리,5,"가축 분뇨 냄새(닭, 돼지, 소)",0:24,-1
2023-05-30 21:06:00,35.963856,126.98853,부송동,3,소각 냄새(태우는 냄새),0:1,-1
2023-05-31 23:53:00,35.937088,126.94335,창인동2가,4,기타,-8:-5,-1
2023-06-01 00:05:00,35.937088,126.94335,창인동2가,4,기타,-8:-5,-1
2023-06-01 00:36:00,35.961773,126.986176,어양동,4,"가축 분뇨 냄새(닭, 돼지, 소)",0:1,-1
2023-06-01 00:36:00,35.956806,126.97602,영등동,4,"가축 분뇨 냄새(닭, 돼지, 소)",-2:0,-1
2023-06-01 00:55:00,35.963894,126.97368,영등동,3,"가축 분뇨 냄새(닭, 돼지, 소)",-2:1,-1
2023-06-02 05:55:00,35.946953,127.04031,춘포면 천서리,3,"가축 분뇨 냄새(닭, 돼지, 소)",10:-3,-1
2023-06-02 12:16:00,36.068172,126.98651,낭산면 용기리,3,"가축 분뇨 냄새(닭, 돼지, 소)",0:24,-1
2023-06-02 13:22:00,35.939133,126.98599,신흥동,3,"가축 분뇨 냄새(닭, 돼지, 소)",0:-4,-1
2023-06-03 14:33:00,35.943855,126.92974,송학동,4,"가축 분뇨 냄새(닭, 돼지, 소)",-10:-3,-1
2023-06-03 16:14:00,35.93978,126.92925,송학동,4,"가축 분뇨 냄새(닭, 돼지, 소)",-10:-4,-1
2023-06-03 19:34:00,35.942356,126.93197,송학동,3,"가축 분뇨 냄새(닭, 돼지, 소)",-10:-4,-1
2023-06-04 02:46:00,35.954803,126.94064,모현동2가,3,"가축 분뇨 냄새(닭, 돼지, 소)",-8:-1,-1
2023-06-04 06:44:00,36.006992,127.05473,금마면 신용리,3,"가축 분뇨 냄새(닭, 돼지, 소)",12:11,-1
2023-06-04 18:26:00,35.91662,126.88527,오산면 신지리,5,"가축 분뇨 냄새(닭, 돼지, 소)",-18:-9,-1
2023-06-04 18:41:00,35.943977,126.92988,송학동,4,기타,-10:-3,-1
2023-06-04 20:06:00,35.94417,126.92949,송학동,3,기타,-10:-3,-1
2023-06-04 20:38:00,35.94094,126.92863,송학동,4,"가축 분뇨 냄새(닭, 돼지, 소)",-11:-4,-1
2023-06-04 21:04:00,35.944508,126.930374,송학동,5,"가축 분뇨 냄새(닭, 돼지, 소)",-10:-3,-1
2023-06-05 02:05:00,35.92639,126.958496,동산동,4,"가축 분뇨 냄새(닭, 돼지, 소)",-5:-7,-1
2023-06-05 06:34:00,35.95681,126.97602,영등동,3,"가축 분뇨 냄새(닭, 돼지, 소)",-2:0,-1
2023-06-06 03:10:00,35.969986,126.954895,신동,5,"가축 분뇨 냄새(닭, 돼지, 소)",-6:2,-1
2023-06-06 07:56:00,35.953278,126.98471,어양동,4,"가축 분뇨 냄새(닭, 돼지, 소)",0:-1,-1
2023-06-08 21:29:00,35.917606,127.06611,왕궁면 온수리,5,"가축 분뇨 냄새(닭, 돼지, 소)",14:-9,-1
2023-06-08 21:34:00,35.917595,127.06612,왕궁면 온수리,5,"가축 분뇨 냄새(닭, 돼지, 소)",14:-9,-1
2023-06-09 17:50:00,35.919044,126.86678,오산면 신지리,2,"가축 분뇨 냄새(닭, 돼지, 소)",-22:-9,-1
2023-06-09 21:28:00,36.110767,126.98643,용동면 용성리,4,"가축 분뇨 냄새(닭, 돼지, 소)",0:34,-1
2023-06-10 01:52:00,35.96487,127.01819,팔봉동,3,소각 냄새(태우는 냄새),6:1,-1
2023-06-10 19:15:00,35.929935,126.95881,동산동,5,"공장 냄새(화학약품, 매캐함)",-5:-6,-1
2023-06-10 19:17:00,35.95363,126.984146,어양동,3,"가축 분뇨 냄새(닭, 돼지, 소)",-1:-1,-1
2023-06-10 19:34:00,35.962486,126.94174,현영동,3,"가축 분뇨 냄새(닭, 돼지, 소)",-8:1,-1
2023-06-10 22:24:00,35.959824,126.990616,부송동,4,소각 냄새(태우는 냄새),1:0,-1
2023-06-11 00:36:00,35.958637,126.99148,부송동,3,"공장 냄새(화학약품, 매캐함)",1:0,-1
2023-06-11 05:39:00,35.926434,126.95848,동산동,4,"가축 분뇨 냄새(닭, 돼지, 소)",-5:-7,-1
2023-06-11 08:03:00,35.926426,126.95847,동산동,3,"공장 냄새(화학약품, 매캐함)",-5:-7,-1
2023-06-11 10:59:00,35.939137,126.98601,신흥동,5,"가축 분뇨 냄새(닭, 돼지, 소)",0:-4,-1
2023-06-12 23:39:00,35.958775,127.01235,팔봉동,2,"공장 냄새(화학약품, 매캐함)",5:0,-1
2023-06-14 03:14:00,35.957367,126.99903,부송동,3,"공장 냄새(화학약품, 매캐함)",2:0,-1
2023-06-15 18:22:00,36.02104,127.013115,삼기면 기산리,3,"공장 냄새(화학약품, 매캐함)",5:14,-1
2023-06-16 04:39:00,35.953014,126.985245,어양동,5,"가축 분뇨 냄새(닭, 돼지, 소)",0:-1,-1
2023-06-17 06:01:00,35.95677,126.976006,영등동,4,"가축 분뇨 냄새(닭, 돼지, 소)",-2:0,-1
2023-06-18 05:52:00,35.928337,126.963326,동산동,4,"가축 분뇨 냄새(닭, 돼지, 소)",-4:-7,-1
2023-06-18 07:18:00,35.954372,126.98173,어양동,3,소각 냄새(태우는 냄새),-1:-1,-1
2023-06-18 07:32:00,35.94799,126.94196,모현동1가,3,"가축 분뇨 냄새(닭, 돼지, 소)",-8:-2,-1
2023-06-18 07:35:00,35.946888,127.04022,춘포면 천서리,4,"가축 분뇨 냄새(닭, 돼지, 소)",10:-3,-1
2023-06-19 05:22:00,35.960407,126.98961,부송동,5,"공장 냄새(화학약품, 매캐함)",0:0,-1
2023-06-20 05:35:00,35.924007,127.05392,춘포면 쌍정리,4,"가축 분뇨 냄새(닭, 돼지, 소)",12:-8,-1
2023-06-20 07:19:00,35.954063,126.988556,어양동,4,"가축 분뇨 냄새(닭, 돼지, 소)",0:-1,-1
2023-06-20 07:28:00,35.956722,126.9761,영등동,4,"가축 분뇨 냄새(닭, 돼지, 소)",-2:0,-1
2023-06-20 19:29:00,35.960644,126.98516,어양동,4,"공장 냄새(화학약품, 매캐함)",0:0,-1
2023-06-20 19:56:00,35.92401,127.05392,춘포면 쌍정리,4,"가축 분뇨 냄새(닭, 돼지, 소)",12:-8,-1
2023-06-21 07:29:00,35.961723,126.98619,어양동,3,"가축 분뇨 냄새(닭, 돼지, 소)",0:1,-1
2023-06-25 01:39:00,35.965397,127.01615,팔봉동,4,소각 냄새(태우는 냄새),5:1,-1
2023-06-25 06:07:00,36.006996,127.05435,금마면 신용리,3,"가축 분뇨 냄새(닭, 돼지, 소)",12:11,-1
2023-06-25 07:23:00,35.959843,126.99066,부송동,5,"공장 냄새(화학약품, 매캐함)",1:0,-1
2023-06-25 08:15:00,35.956623,126.994606,부송동,5,"공장 냄새(화학약품, 매캐함)",1:0,-1
2023-06-25 19:07:00,35.92764,126.96035,동산동,4,"가축 분뇨 냄새(닭, 돼지, 소)",-5:-7,-1
2023-06-25 19:19:00,35.93139,126.96886,동산동,3,"가축 분뇨 냄새(닭, 돼지, 소)",-3:-6,-1
2023-06-25 19:39:00,35.963493,126.985306,부송동,4,"가축 분뇨 냄새(닭, 돼지, 소)",0:1,-1
2023-06-25 19:41:00,35.960846,126.978775,영등동,4,"가축 분뇨 냄새(닭, 돼지, 소)",-1:0,-1
2023-06-25 20:41:00,35.93994,126.94323,송학동,4,"가축 분뇨 냄새(닭, 돼지, 소)",-8:-4,-1
2023-06-26 09:22:00,35.94689,127.04022,춘포면 천서리,3,"가축 분뇨 냄새(닭, 돼지, 소)",10:-3,-1
2023-06-26 17:40:00,35.95754,126.99567,부송동,4,"가축 분뇨 냄새(닭, 돼지, 소)",2:0,-1
2023-06-26 18:27:00,35.95096,126.98338,어양동,4,"가축 분뇨 냄새(닭, 돼지, 소)",-1:-2,-1
2023-06-26 19:34:00,35.95373,126.984085,어양동,4,"가축 분뇨 냄새(닭, 돼지, 소)",-1:-1,-1
2023-06-26 19:38:00,35.960598,126.9847,어양동,4,"가축 분뇨 냄새(닭, 돼지, 소)",0:0,-1
2023-06-26 19:46:00,35.96113,126.98707,부송동,3,"가축 분뇨 냄새(닭, 돼지, 소)",0:1,-1
2023-06-26 19:55:00,35.960503,126.99358,부송동,4,"가축 분뇨 냄새(닭, 돼지, 소)",1:0,-1
2023-06-26 20:03:00,35.95274,126.993774,어양동,3,"가축 분뇨 냄새(닭, 돼지, 소)",1:-1,-1
2023-06-26 22:45:00,35.964893,127.01816,팔봉동,4,소각 냄새(태우는 냄새),6:1,-1
2023-06-28 23:26:00,35.956577,126.99806,부송동,4,"가축 분뇨 냄새(닭, 돼지, 소)",2:0,-1
2023-06-28 23:29:00,35.956444,126.9975,부송동,4,하수구 냄새,2:-1,-1
2023-06-29 00:42:00,35.93139,126.96886,동산동,3,"가축 분뇨 냄새(닭, 돼지, 소)",-3:-6,-1
2023-06-29 01:13:00,35.936398,126.96949,마동,4,"가축 분뇨 냄새(닭, 돼지, 소)",-3:-5,-1
2023-06-29 06:38:00,35.946888,127.04022,춘포면 천서리,2,"가축 분뇨 냄새(닭, 돼지, 소)",10:-3,-1
2023-06-29 08:10:00,35.928318,126.963356,동산동,4,"가축 분뇨 냄새(닭, 돼지, 소)",-4:-7,-1
2023-06-29 08:41:00,35.971184,126.952774,신용동,3,"가축 분뇨 냄새(닭, 돼지, 소)",-6:3,-1
2023-06-29 10:34:00,35.913372,126.86163,오산면 신지리,2,"가축 분뇨 냄새(닭, 돼지, 소)",-23:-10,-1
2023-06-29 11:08:00,35.93994,126.94323,송학동,4,"가축 분뇨 냄새(닭, 돼지, 소)",-8:-4,-1
2023-06-30 22:19:00,35.963272,126.985374,부송동,4,"가축 분뇨 냄새(닭, 돼지, 소)",0:1,-1
2023-07-01 03:06:00,35.923588,127.05412,춘포면 쌍정리,4,"가축 분뇨 냄새(닭, 돼지, 소)",12:-8,-1
2023-07-01 05:13:00,35.946888,127.04022,춘포면 천서리,3,"가축 분뇨 냄새(닭, 돼지, 소)",10:-3,-1
2023-07-02 05:37:00,35.923584,127.05413,춘포면 쌍정리,3,"가축 분뇨 냄새(닭, 돼지, 소)",12:-8,-1
2023-07-04 02:58:00,35.93263,126.94148,평화동,5,하수구 냄새,-8:-6,-1
2023-07-04 03:50:00,35.924408,127.05424,춘포면 쌍정리,3,"가축 분뇨 냄새(닭, 돼지, 소)",12:-8,-1
2023-07-04 12:20:00,35.956787,126.97603,영등동,4,"가축 분뇨 냄새(닭, 돼지, 소)",-2:0,-1
2023-07-04 19:37:00,35.928005,126.96319,동산동,5,"가축 분뇨 냄새(닭, 돼지, 소)",-4:-7,-1
2023-07-05 00:46:00,35.93138,126.968834,동산동,2,"가축 분뇨 냄새(닭, 돼지, 소)",-3:-6,-1
2023-07-05 21:55:00,35.95345,126.9852,어양동,2,"공장 냄새(화학약품, 매캐함)",0:-1,239
2023-07-05 22:17:00,35.956345,126.99517,부송동,3,"공장 냄새(화학약품, 매캐함)",1:-1,239
2023-07-05 22:23:00,35.956787,126.97602,영등동,5,"가축 분뇨 냄새(닭, 돼지, 소)",-2:0,239
2023-07-05 22:34:00,35.927456,126.95932,동산동,5,"가축 분뇨 냄새(닭, 돼지, 소)",-5:-7,240
2023-07-05 22:35:00,35.95604,126.978065,영등동,3,"가축 분뇨 냄새(닭, 돼지, 소)",-2:-1,239
2023-07-05 22:36:00,35.961273,126.97818,영등동,4,"가축 분뇨 냄새(닭, 돼지, 소)",-2:1,239
2023-07-05 22:36:00,35.9264,126.95848,동산동,4,"가축 분뇨 냄새(닭, 돼지, 소)",-5:-7,240
2023-07-05 22:36:00,35.92748,126.95927,동산동,5,"가축 분뇨 냄새(닭, 돼지, 소)",-5:-7,240
2023-07-05 22:36:00,35.928257,126.96334,동산동,4,"가축 분뇨 냄새(닭, 돼지, 소)",-4:-7,240
2023-07-05 22:41:00,35.950592,126.96414,영등동,4,"가축 분뇨 냄새(닭, 돼지, 소)",-4:-2,239
2023-07-05 22:42:00,35.961567,126.973976,영등동,4,"가축 분뇨 냄새(닭, 돼지, 소)",-2:1,239
2023-07-05 22:42:00,35.95713,126.98033,어양동,4,"가축 분뇨 냄새(닭, 돼지, 소)",-1:0,239
2023-07-05 22:45:00,35.935966,126.95226,갈산동,5,"가축 분뇨 냄새(닭, 돼지, 소)",-6:-5,-1
2023-07-05 22:47:00,35.95116,126.974556,영등동,4,"가축 분뇨 냄새(닭, 돼지, 소)",-2:-2,239
2023-07-05 22:49:00,35.926193,126.95915,동산동,5,"가축 분뇨 냄새(닭, 돼지, 소)",-5:-7,240
2023-07-05 22:54:00,35.943726,126.9639,마동,3,하수구 냄새,-4:-3,-1
2023-07-05 22:59:00,35.928783,126.95935,동산동,4,"가축 분뇨 냄새(닭, 돼지, 소)",-5:-7,240
2023-07-05 23:01:00,35.93827,126.93857,송학동,4,"가축 분뇨 냄새(닭, 돼지, 소)",-9:-5,-1
2023-07-05 23:12:00,35.945786,126.94648,모현동1가,4,"가축 분뇨 냄새(닭, 돼지, 소)",-7:-3,-1
2023-07-05 23:30:00,35.946854,126.94667,모현동1가,4,"가축 분뇨 냄새(닭, 돼지, 소)",-7:-3,-1
2023-07-06 00:11:00,35.942375,126.96606,마동,5,"공장 냄새(화학약품, 매캐함)",-4:-4,-1
2023-07-06 06:05:00,36.006935,127.053955,금마면 신용리,3,"가축 분뇨 냄새(닭, 돼지, 소)",12:11,-1
2023-07-06 19:43:00,35.97374,126.93392,현영동,4,"가축 분뇨 냄새(닭, 돼지, 소)",-10:3,-1
2023-07-07 00:15:00,35.923264,127.054184,춘포면 쌍정리,4,"가축 분뇨 냄새(닭, 돼지, 소)",12:-8,-1
2023-07-08 23:23:00,35.928135,126.963745,동산동,4,하수구 냄새,-4:-7,-1
2023-07-08 23:24:00,35.923977,127.0539,춘포면 쌍정리,4,"가축 분뇨 냄새(닭, 돼지, 소)",12:-8,-1
2023-07-09 00:42:00,35.92361,127.05406,춘포면 쌍정리,4,"가축 분뇨 냄새(닭, 돼지, 소)",12:-8,-1
2023-07-09 01:21:00,35.931324,126.96878,동산동,4,"가축 분뇨 냄새(닭, 돼지, 소)",-3:-6,-1
2023-07-09 06:29:00,35.92812,126.96376,동산동,5,하수구 냄새,-4:-7,-1
2023-07-09 06:31:00,35.928013,126.963196,동산동,5,"가축 분뇨 냄새(닭, 돼지, 소)",-4:-7,-1
2023-07-09 07:54:00,35.915703,126.86951,오산면 신지리,2,"가축 분뇨 냄새(닭, 돼지, 소)",-21:-10,-1
2023-07-09 09:06:00,35.96065,126.985176,어양동,2,"가축 분뇨 냄새(닭, 돼지, 소)",0:0,-1
2023-07-09 22:28:00,35.932655,126.94162,평화동,5,하수구 냄새,-8:-6,-1
2023-07-09 22:49:00,35.938244,126.93861,송학동,4,하수구 냄새,-9:-5,-1
2023-07-10 03:26:00,35.963417,126.97424,영등동,3,"가축 분뇨 냄새(닭, 돼지, 소)",-2:1,-1
2023-07-10 22:21:00,35.924038,127.053925,춘포면 쌍정리,4,"가축 분뇨 냄새(닭, 돼지, 소)",12:-8,-1
2023-07-10 22:58:00,35.941044,126.937904,송학동,3,"가축 분뇨 냄새(닭, 돼지, 소)",-9:-4,-1
2023-07-10 23:47:00,35.926212,126.95917,동산동,5,"가축 분뇨 냄새(닭, 돼지, 소)",-5:-7,-1
2023-07-11 02:02:00,35.92621,126.959145,동산동,5,하수구 냄새,-5:-7,-1
2023-07-12 00:38:00,35.95062,126.964165,영등동,3,"가축 분뇨 냄새(닭, 돼지, 소)",-4:-2,-1
2023-07-13 00:59:00,35.932613,126.94163,평화동,5,하수구 냄새,-8:-6,-1
2023-07-13 08:37:00,35.939114,126.98602,신흥동,2,"가축 분뇨 냄새(닭, 돼지, 소)",0:-4,-1
2023-07-13 11:11:00,35.95039,126.94839,모현동1가,4,"가축 분뇨 냄새(닭, 돼지, 소)",-7:-2,-1
2023-07-13 16:11:00,35.95658,126.99785,부송동,4,"가축 분뇨 냄새(닭, 돼지, 소)",2:0,-1
2023-07-13 16:19:00,35.958725,126.99556,부송동,4,"가축 분뇨 냄새(닭, 돼지, 소)",2:0,-1
2023-07-13 18:56:00,35.92752,126.96085,동산동,4,"가축 분뇨 냄새(닭, 돼지, 소)",-5:-7,-1
2023-07-13 19:24:00,35.953465,126.983986,어양동,3,"가축 분뇨 냄새(닭, 돼지, 소)",-1:-1,-1
2023-07-13 19:25:00,35.95179,126.94326,모현동1가,5,"가축 분뇨 냄새(닭, 돼지, 소)",-8:-2,-1
2023-07-13 19:55:00,35.95062,126.964165,영등동,4,"가축 분뇨 냄새(닭, 돼지, 소)",-4:-2,-1
2023-07-13 20:06:00,35.927734,126.966934,동산동,4,"가축 분뇨 냄새(닭, 돼지, 소)",-4:-7,-1
2023-07-13 20:38:00,35.953163,126.985,어양동,3,"가축 분뇨 냄새(닭, 돼지, 소)",0:-1,-1
2023-07-13 20:39:00,35.952988,126.98517,어양동,5,"가축 분뇨 냄새(닭, 돼지, 소)",0:-1,-1
2023-07-13 20:48:00,35.963177,126.98546,부송동,4,"가축 분뇨 냄새(닭, 돼지, 소)",0:1,-1
2023-07-13 21:03:00,35.926254,126.959175,동산동,5,"가축 분뇨 냄새(닭, 돼지, 소)",-5:-7,-1
2023-07-13 21:14:00,35.9649,127.01598,팔봉동,4,"가축 분뇨 냄새(닭, 돼지, 소)",5:1,-1
2023-07-13 21:31:00,35.930786,126.96933,동산동,3,"가축 분뇨 냄새(닭, 돼지, 소)",-3:-6,-1
2023-07-13 21:42:00,35.957024,126.998184,부송동,4,"가축 분뇨 냄새(닭, 돼지, 소)",2:0,-1
2023-07-13 21:49:00,35.95643,126.98182,어양동,4,"가축 분뇨 냄새(닭, 돼지, 소)",-1:-1,241
2023-07-13 21:52:00,35.963398,126.98731,부송동,4,"가축 분뇨 냄새(닭, 돼지, 소)",0:1,241
2023-07-13 21:52:00,35.956417,126.97213,영등동,2,하수구 냄새,-3:-1,241
2023-07-13 21:53:00,35.95373,126.98417,어양동,3,"가축 분뇨 냄새(닭, 돼지, 소)",-1:-1,241
2023-07-13 21:59:00,35.955143,126.9765,영등동,4,"가축 분뇨 냄새(닭, 돼지, 소)",-2:-1,241
2023-07-13 22:01:00,35.957386,126.973976,영등동,5,"가축 분뇨 냄새(닭, 돼지, 소)",-2:0,241
2023-07-13 22:28:00,35.941772,126.93171,송학동,4,"가축 분뇨 냄새(닭, 돼지, 소)",-10:-4,-1
2023-07-13 22:37:00,35.938244,126.93861,송학동,4,"가축 분뇨 냄새(닭, 돼지, 소)",-9:-5,-1
2023-07-13 23:34:00,35.95062,126.964165,영등동,3,"가축 분뇨 냄새(닭, 돼지, 소)",-4:-2,-1
2023-07-13 23:35:00,35.9275,126.95927,동산동,4,"가축 분뇨 냄새(닭, 돼지, 소)",-5:-7,-1
2023-07-13 23:38:00,35.931324,126.96879,동산동,4,"가축 분뇨 냄새(닭, 돼지, 소)",-3:-6,-1
2023-07-14 00:33:00,35.95656,126.997894,부송동,4,"가축 분뇨 냄새(닭, 돼지, 소)",2:-1,-1
2023-07-14 01:06:00,35.96339,126.97423,영등동,4,"가축 분뇨 냄새(닭, 돼지, 소)",-2:1,-1
2023-07-16 04:11:00,35.95751,126.999504,부송동,3,"가축 분뇨 냄새(닭, 돼지, 소)",2:0,-1
2023-07-16 04:19:00,35.95062,126.964165,영등동,3,하수구 냄새,-4:-2,-1
2023-07-16 11:11:00,36.121414,126.98517,용동면 용성리,4,"가축 분뇨 냄새(닭, 돼지, 소)",0:36,-1
2023-07-16 23:56:00,35.92773,126.96694,동산동,2,"가축 분뇨 냄새(닭, 돼지, 소)",-4:-7,-1
2023-07-17 00:04:00,35.931313,126.96877,동산동,3,"가축 분뇨 냄새(닭, 돼지, 소)",-3:-6,-1
2023-07-17 01:24:00,35.956593,126.99783,부송동,4,"가축 분뇨 냄새(닭, 돼지, 소)",2:0,-1
2023-07-17 01:29:00,35.95062,126.964165,영등동,3,"가축 분뇨 냄새(닭, 돼지, 소)",-4:-2,-1
2023-07-17 01:33:00,35.95639,126.97384,영등동,4,"가축 분뇨 냄새(닭, 돼지, 소)",-2:-1,-1
2023-07-17 01:50:00,35.936687,126.96969,마동,5,"가축 분뇨 냄새(닭, 돼지, 소)",-3:-5,-1
2023-07-17 02:32:00,35.963398,126.9742,영등동,4,"가축 분뇨 냄새(닭, 돼지, 소)",-2:1,-1
2023-07-17 02:55:00,35.960186,126.989685,부송동,3,"가축 분뇨 냄새(닭, 돼지, 소)",0:0,-1
2023-07-17 16:17:00,35.96082,126.978775,영등동,4,"가축 분뇨 냄새(닭, 돼지, 소)",-1:0,-1
2023-07-17 18:43:00,35.91337,126.86163,오산면 신지리,3,"가축 분뇨 냄새(닭, 돼지, 소)",-23:-10,-1
2023-07-17 19:13:00,35.953903,126.98388,어양동,4,"가축 분뇨 냄새(닭, 돼지, 소)",-1:-1,-1
2023-07-17 19:22:00,35.93131,126.96877,동산동,4,"가축 분뇨 냄새(닭, 돼지, 소)",-3:-6,-1
2023-07-17 19:30:00,35.946888,127.04022,춘포면 천서리,3,"가축 분뇨 냄새(닭, 돼지, 소)",10:-3,-1
2023-07-17 19:47:00,35.95674,126.998024,부송동,4,"가축 분뇨 냄새(닭, 돼지, 소)",2:0,-1
2023-07-17 20:57:00,35.939114,126.986015,신흥동,4,"가축 분뇨 냄새(닭, 돼지, 소)",0:-4,-1
2023-07-18 02:19:00,35.93679,126.96979,마동,5,"가축 분뇨 냄새(닭, 돼지, 소)",-3:-5,-1
2023-07-18 02:49:00,35.92356,127.05413,춘포면 쌍정리,5,"가축 분뇨 냄새(닭, 돼지, 소)",12:-8,-1
2023-07-18 03:56:00,35.95062,126.964165,영등동,3,"공장 냄새(화학약품, 매캐함)",-4:-2,-1
2023-07-18 04:10:00,35.92836,126.96328,동산동,4,"가축 분뇨 냄새(닭, 돼지, 소)",-4:-7,-1
2023-07-20 06:00:00,36.006783,127.05393,금마면 신용리,3,"가축 분뇨 냄새(닭, 돼지, 소)",12:11,-1
2023-07-21 00:42:00,35.93036,126.968376,동산동,2,하수구 냄새,-3:-6,-1
2023-07-21 01:51:00,35.960167,126.98967,부송동,5,"가축 분뇨 냄새(닭, 돼지, 소)",0:0,-1
2023-07-21 01:55:00,35.93664,126.96961,마동,5,"가축 분뇨 냄새(닭, 돼지, 소)",-3:-5,-1
2023-07-21 21:10:00,35.960167,126.98967,부송동,5,"공장 냄새(화학약품, 매캐함)",0:0,-1
2023-07-21 23:53:00,35.960167,126.98967,부송동,5,"공장 냄새(화학약품, 매캐함)",0:0,-1
2023-07-22 14:52:00,35.94211,126.93197,송학동,4,"가축 분뇨 냄새(닭, 돼지, 소)",-10:-4,-1
2023-07-22 18:34:00,35.931015,126.96877,동산동,3,"가축 분뇨 냄새(닭, 돼지, 소)",-3:-6,-1
2023-07-22 18:41:00,35.93689,126.970276,마동,5,"가축 분뇨 냄새(닭, 돼지, 소)",-3:-5,-1
2023-07-22 19:25:00,35.95062,126.964165,영등동,3,"가축 분뇨 냄새(닭, 돼지, 소)",-4:-2,-1
2023-07-23 02:28:00,35.93865,126.93854,송학동,5,"가축 분뇨 냄새(닭, 돼지, 소)",-9:-4,-1
2023-07-23 04:06:00,35.94071,126.9302,송학동,4,"가축 분뇨 냄새(닭, 돼지, 소)",-10:-4,-1
2023-07-23 05:07:00,35.93687,126.9702,마동,5,"가축 분뇨 냄새(닭, 돼지, 소)",-3:-5,-1
2023-07-23 05:30:00,35.92983,126.96466,동산동,3,하수구 냄새,-4:-6,-1
2023-07-23 06:33:00,35.95039,126.94837,모현동1가,5,"가축 분뇨 냄새(닭, 돼지, 소)",-7:-2,-1
2023-07-23 08:00:00,35.9564,126.9735,영등동,4,"가축 분뇨 냄새(닭, 돼지, 소)",-2:-1,-1
2023-07-23 08:11:00,35.943855,126.96339,마동,5,"가축 분뇨 냄새(닭, 돼지, 소)",-4:-3,-1
2023-07-23 08:42:00,35.95497,126.98627,어양동,4,"가축 분뇨 냄새(닭, 돼지, 소)",0:-1,-1
2023-07-23 08:43:00,35.94647,126.952286,남중동,4,"가축 분뇨 냄새(닭, 돼지, 소)",-6:-3,-1
2023-07-23 09:08:00,35.928066,126.9634,동산동,5,"가축 분뇨 냄새(닭, 돼지, 소)",-4:-7,-1
2023-07-23 09:24:00,35.92842,126.96056,동산동,3,"가축 분뇨 냄새(닭, 돼지, 소)",-5:-7,-1
2023-07-23 10:29:00,35.963375,126.974174,영등동,2,"가축 분뇨 냄새(닭, 돼지, 소)",-2:1,-1
2023-07-23 18:59:00,35.947838,126.94258,모현동1가,3,"가축 분뇨 냄새(닭, 돼지, 소)",-8:-2,-1
2023-07-23 22:00:00,35.95639,126.97345,영등동,3,"가축 분뇨 냄새(닭, 돼지, 소)",-2:-1,-1
2023-07-24 01:44:00,35.94759,126.94067,모현동1가,4,"가축 분뇨 냄새(닭, 돼지, 소)",-8:-2,-1
2023-07-24 22:14:00,35.91363,126.863045,오산면 신지리,2,"가축 분뇨 냄새(닭, 돼지, 소)",-22:-10,-1
2023-07-24 23:35:00,35.95655,126.99792,부송동,4,"가축 분뇨 냄새(닭, 돼지, 소)",2:-1,-1
2023-07-24 23:43:00,35.958656,126.99543,부송동,4,"가축 분뇨 냄새(닭, 돼지, 소)",2:0,-1
2023-07-25 00:02:00,35.931114,126.96891,동산동,3,"가축 분뇨 냄새(닭, 돼지, 소)",-3:-6,-1
2023-07-25 00:35:00,35.954,126.98676,어양동,4,"가축 분뇨 냄새(닭, 돼지, 소)",0:-1,-1
2023-07-25 08:25:00,35.963108,126.97154,영등동,5,"가축 분뇨 냄새(닭, 돼지, 소)",-3:1,-1
2023-07-25 16:57:00,35.958656,126.99543,부송동,5,"가축 분뇨 냄새(닭, 돼지, 소)",2:0,-1
2023-07-25 17:40:00,35.96064,126.98517,어양동,3,"공장 냄새(화학약품, 매캐함)",0:0,-1
2023-07-25 17:42:00,35.924046,127.05389,춘포면 쌍정리,4,"가축 분뇨 냄새(닭, 돼지, 소)",12:-8,-1
2023-07-25 17:48:00,36.110764,126.98643,용동면 용성리,5,"가축 분뇨 냄새(닭, 돼지, 소)",0:34,-1
2023-07-25 19:41:00,35.91337,126.861626,오산면 신지리,4,"가축 분뇨 냄새(닭, 돼지, 소)",-23:-10,-1
2023-07-25 20:32:00,35.960167,126.98967,부송동,5,"공장 냄새(화학약품, 매캐함)",0:0,-1
2023-07-25 20:50:00,35.956417,126.97348,영등동,5,"가축 분뇨 냄새(닭, 돼지, 소)",-2:-1,-1
2023-07-25 20:54:00,35.954304,126.98405,어양동,3,"공장 냄새(화학약품, 매캐함)",-1:-1,-1
2023-07-25 21:34:00,35.937088,126.97,마동,5,"가축 분뇨 냄새(닭, 돼지, 소)",-3:-5,-1
2023-07-25 22:13:00,35.960163,126.98967,부송동,5,"공장 냄새(화학약품, 매캐함)",0:0,-1
2023-07-25 23:03:00,35.93807,126.96905,마동,4,"가축 분뇨 냄새(닭, 돼지, 소)",-3:-5,-1
2023-07-26 01:50:00,35.95062,126.96417,영등동,3,"가축 분뇨 냄새(닭, 돼지, 소)",-4:-2,-1
2023-07-26 19:16:00,35.960644,126.98515,어양동,4,"공장 냄새(화학약품, 매캐함)",0:0,-1
2023-07-26 20:58:00,35.923946,127.05388,춘포면 쌍정리,4,"가축 분뇨 냄새(닭, 돼지, 소)",12:-8,-1
2023-07-26 22:58:00,35.931026,126.968025,동산동,4,하수구 냄새,-3:-6,-1
2023-07-27 00:14:00,35.953873,126.98386,어양동,3,"가축 분뇨 냄새(닭, 돼지, 소)",-1:-1,-1
2023-07-27 05:20:00,35.96018,126.98964,부송동,5,"공장 냄새(화학약품, 매캐함)",0:0,-1
2023-07-27 07:49:00,35.924015,127.053894,춘포면 쌍정리,4,"가축 분뇨 냄새(닭, 돼지, 소)",12:-8,-1
2023-07-27 09:37:00,35.96067,126.98516,어양동,3,"공장 냄새(화학약품, 매캐함)",0:0,-1
2023-07-27 20:01:00,35.95423,126.98424,어양동,3,"가축 분뇨 냄새(닭, 돼지, 소)",0:-1,-1
2023-07-27 20:17:00,35.96085,126.97932,영등동,4,"가축 분뇨 냄새(닭, 돼지, 소)",-1:0,-1
2023-07-27 21:33:00,35.92771,126.96695,동산동,3,"가축 분뇨 냄새(닭, 돼지, 소)",-4:-7,-1
2023-07-27 21:51:00,35.92073,127.06393,왕궁면 온수리,5,"가축 분뇨 냄새(닭, 돼지, 소)",14:-8,-1
2023-07-28 03:28:00,35.95098,126.98332,어양동,5,"가축 분뇨 냄새(닭, 돼지, 소)",-1:-2,-1
2023-07-28 07:31:00,35.953377,126.98468,어양동,4,"가축 분뇨 냄새(닭, 돼지, 소)",0:-1,-1
2023-07-28 08:55:00,35.960674,126.985176,어양동,3,"공장 냄새(화학약품, 매캐함)",0:0,-1
2023-07-29 03:20:00,35.965786,127.01652,팔봉동,2,"가축 분뇨 냄새(닭, 돼지, 소)",5:2,-1
2023-07-29 04:18:00,35.942608,126.99812,용제동,5,"가축 분뇨 냄새(닭, 돼지, 소)",2:-4,-1
2023-07-29 19:33:00,35.944504,126.93048,송학동,3,음식조리 냄새,-10:-3,-1
2023-07-29 19:50:00,36.0364,126.98595,삼기면 오룡리,5,"가축 분뇨 냄새(닭, 돼지, 소)",0:17,-1
2023-07-29 19:56:00,36.03626,126.98486,삼기면 오룡리,5,"가축 분뇨 냄새(닭, 돼지, 소)",0:17,-1
2023-07-29 22:11:00,35.95371,126.98552,어양동,4,"가축 분뇨 냄새(닭, 돼지, 소)",0:-1,-1
2023-07-29 23:45:00,35.923935,127.05387,춘포면 쌍정리,4,"가축 분뇨 냄새(닭, 돼지, 소)",12:-8,-1
2023-07-30 01:38:00,35.960182,126.98964,부송동,3,"가축 분뇨 냄새(닭, 돼지, 소)",0:0,-1
2023-07-31 01:25:00,35.96345,126.97417,영등동,4,"공장 냄새(화학약품, 매캐함)",-2:1,-1
2023-07-31 05:16:00,35.947323,126.9372,모현동1가,4,"공장 냄새(화학약품, 매캐함)",-9:-3,-1
2023-07-31 20:15:00,35.951992,126.93274,모현동2가,4,"가축 분뇨 냄새(닭, 돼지, 소)",-10:-2,-1
2023-07-31 22:12:00,36.096252,126.97082,용안면 칠목리,4,"가축 분뇨 냄새(닭, 돼지, 소)",-3:30,-1
2023-08-01 04:11:00,35.957523,126.995544,부송동,4,"가축 분뇨 냄새(닭, 돼지, 소)",2:0,-1
2023-08-01 08:34:00,35.923973,127.05389,춘포면 쌍정리,4,"가축 분뇨 냄새(닭, 돼지, 소)",12:-8,-1
2023-08-01 20:20:00,35.94261,126.99812,용제동,4,"가축 분뇨 냄새(닭, 돼지, 소)",2:-4,-1
2023-08-02 06:27:00,35.91341,126.86193,오산면 신지리,2,"가축 분뇨 냄새(닭, 돼지, 소)",-23:-10,-1
2023-08-03 03:48:00,35.97458,126.916885,만석동,4,"가축 분뇨 냄새(닭, 돼지, 소)",-13:3,-1
2023-08-03 05:20:00,35.960144,126.9848,어양동,3,"가축 분뇨 냄새(닭, 돼지, 소)",0:0,-1
2023-08-03 21:32:00,35.913372,126.86164,오산면 신지리,5,"가축 분뇨 냄새(닭, 돼지, 소)",-23:-10,-1
2023-08-03 22:30:00,36.11814,126.98762,용동면 용성리,4,"가축 분뇨 냄새(닭, 돼지, 소)",0:35,-1
2023-08-04 03:00:00,36.053726,126.94052,황등면 용산리,3,"가축 분뇨 냄새(닭, 돼지, 소)",-8:21,-1
2023-08-04 03:05:00,35.960213,126.98475,어양동,4,"가축 분뇨 냄새(닭, 돼지, 소)",0:0,-1
2023-08-04 06:10:00,35.923527,127.05444,춘포면 쌍정리,3,"가축 분뇨 냄새(닭, 돼지, 소)",12:-8,-1
2023-08-04 19:15:00,36.036495,126.985214,삼기면 오룡리,3,"가축 분뇨 냄새(닭, 돼지, 소)",0:17,-1
2023-08-06 06:07:00,35.950397,126.94839,모현동1가,5,"가축 분뇨 냄새(닭, 돼지, 소)",-7:-2,-1
2023-08-06 22:41:00,35.92481,127.054016,춘포면 쌍정리,4,"가축 분뇨 냄새(닭, 돼지, 소)",12:-8,-1
2023-08-06 22:48:00,35.95388,126.9837,어양동,3,"공장 냄새(화학약품, 매캐함)",-1:-1,-1
2023-08-07 06:10:00,35.94688,127.04023,춘포면 천서리,2,"가축 분뇨 냄새(닭, 돼지, 소)",10:-3,-1
2023-08-07 20:16:00,35.923946,127.05409,춘포면 쌍정리,4,"가축 분뇨 냄새(닭, 돼지, 소)",12:-8,-1
2023-08-07 20:43:00,35.943733,126.96333,마동,4,"가축 분뇨 냄새(닭, 돼지, 소)",-4:-3,-1
2023-08-07 20:44:00,35.953846,126.984055,어양동,5,"가축 분뇨 냄새(닭, 돼지, 소)",-1:-1,-1
2023-08-07 21:07:00,35.913303,126.8617,오산면 신지리,4,"가축 분뇨 냄새(닭, 돼지, 소)",-23:-10,-1
2023-08-07 21:10:00,35.952003,126.93272,모현동2가,4,"가축 분뇨 냄새(닭, 돼지, 소)",-10:-2,-1
2023-08-07 21:20:00,35.94542,126.93795,모현동1가,4,"가축 분뇨 냄새(닭, 돼지, 소)",-9:-3,-1
2023-08-07 23:17:00,35.95297,126.98511,어양동,3,"가축 분뇨 냄새(닭, 돼지, 소)",0:-1,-1
2023-08-07 23:45:00,35.959778,126.96443,신동,4,"가축 분뇨 냄새(닭, 돼지, 소)",-4:0,-1
2023-08-08 07:02:00,35.952938,126.98508,어양동,3,"가축 분뇨 냄새(닭, 돼지, 소)",0:-1,-1
2023-08-08 19:32:00,35.953846,126.984055,어양동,4,하수구 냄새,-1:-1,-1
2023-08-09 17:09:00,36.068184,126.98653,낭산면 용기리,5,"가축 분뇨 냄새(닭, 돼지, 소)",0:24,-1
2023-08-10 22:22:00,35.923954,127.05389,춘포면 쌍정리,4,"가축 분뇨 냄새(닭, 돼지, 소)",12:-8,-1
2023-08-11 23:37:00,35.950626,126.964195,영등동,4,"가축 분뇨 냄새(닭, 돼지, 소)",-4:-2,-1
2023-08-11 23:42:00,35.94373,126.96391,마동,3,"가축 분뇨 냄새(닭, 돼지, 소)",-4:-3,-1
2023-08-11 23:48:00,35.931335,126.968834,동산동,3,"가축 분뇨 냄새(닭, 돼지, 소)",-3:-6,-1
2023-08-12 00:08:00,35.96339,126.97422,영등동,4,"가축 분뇨 냄새(닭, 돼지, 소)",-2:1,-1
2023-08-12 00:09:00,35.930904,126.959045,동산동,5,"가축 분뇨 냄새(닭, 돼지, 소)",-5:-6,-1
2023-08-12 02:17:00,35.96168,126.97406,영등동,3,"가축 분뇨 냄새(닭, 돼지, 소)",-2:1,-1
2023-08-12 07:07:00,35.956295,126.99618,부송동,3,"공장 냄새(화학약품, 매캐함)",2:-1,-1
2023-08-12 09:07:00,35.92198,127.055756,춘포면 쌍정리,4,"가축 분뇨 냄새(닭, 돼지, 소)",12:-8,-1
2023-08-12 14:45:00,36.121487,126.98823,용동면 용성리,4,"가축 분뇨 냄새(닭, 돼지, 소)",0:36,-1
2023-08-12 17:41:00,35.932644,126.94156,평화동,5,하수구 냄새,-8:-6,-1
2023-08-12 20:45:00,35.974525,126.91685,만석동,4,"가축 분뇨 냄새(닭, 돼지, 소)",-13:3,-1
2023-08-12 22:44:00,35.960873,126.99421,부송동,3,"공장 냄새(화학약품, 매캐함)",1:0,-1
2023-08-13 01:32:00,35.936768,126.96989,마동,5,"가축 분뇨 냄새(닭, 돼지, 소)",-3:-5,-1
2023-08-13 02:09:00,35.950626,126.964195,영등동,4,"가축 분뇨 냄새(닭, 돼지, 소)",-4:-2,-1
2023-08-13 04:16:00,35.95386,126.98371,어양동,3,"공장 냄새(화학약품, 매캐함)",-1:-1,-1
2023-08-13 06:27:00,35.92395,127.053925,춘포면 쌍정리,4,"가축 분뇨 냄새(닭, 돼지, 소)",12:-8,-1
2023-08-13 22:43:00,35.927376,126.96667,동산동,5,음식조리 냄새,-4:-7,-1
2023-08-14 01:45:00,35.96567,127.0166,팔봉동,4,"가축 분뇨 냄새(닭, 돼지, 소)",5:2,-1
2023-08-14 02:00:00,35.956436,126.97348,영등동,4,"가축 분뇨 냄새(닭, 돼지, 소)",-2:-1,-1
2023-08-14 02:10:00,35.950634,126.964195,영등동,4,"가축 분뇨 냄새(닭, 돼지, 소)",-4:-2,-1
2023-08-14 02:21:00,35.963535,126.97423,영등동,3,"가축 분뇨 냄새(닭, 돼지, 소)",-2:1,-1
2023-08-14 02:27:00,35.93113,126.967865,동산동,4,"가축 분뇨 냄새(닭, 돼지, 소)",-3:-6,-1
2023-08-14 20:56:00,35.94695,126.93443,모현동1가,3,음식조리 냄새,-9:-3,-1
2023-08-14 21:20:00,35.94373,126.963326,마동,2,"공장 냄새(화학약품, 매캐함)",-4:-3,-1
2023-08-15 07:58:00,35.961796,126.97304,영등동,3,"가축 분뇨 냄새(닭, 돼지, 소)",-3:1,-1
2023-08-16 23:35:00,35.96067,126.98518,어양동,3,"공장 냄새(화학약품, 매캐함)",0:0,-1
2023-08-17 02:44:00,35.960133,126.9896,부송동,5,"공장 냄새(화학약품, 매캐함)",0:0,-1
2023-08-18 07:11:00,35.91254,126.85988,오산면 신지리,4,"가축 분뇨 냄새(닭, 돼지, 소)",-23:-10,-1
2023-08-20 20:52:00,35.93266,126.941605,평화동,5,하수구 냄새,-8:-6,-1
2023-08-20 20:55:00,35.937088,126.94335,창인동2가,5,기타,-8:-5,-1
2023-08-20 21:45:00,35.953983,126.988686,어양동,4,"가축 분뇨 냄새(닭, 돼지, 소)",0:-1,-1
2023-08-20 21:45:00,35.957523,126.99953,부송동,3,"가축 분뇨 냄새(닭, 돼지, 소)",2:0,-1
2023-08-20 22:09:00,35.931297,126.96982,동산동,5,"가축 분뇨 냄새(닭, 돼지, 소)",-3:-6,-1
2023-08-20 22:24:00,35.93265,126.94154,평화동,5,하수구 냄새,-8:-6,-1
2023-08-20 23:01:00,35.95634,126.99514,부송동,5,"가축 분뇨 냄새(닭, 돼지, 소)",1:-1,-1
2023-08-20 23:09:00,35.957207,126.99815,부송동,4,"가축 분뇨 냄새(닭, 돼지, 소)",2:0,-1
2023-08-20 23:42:00,35.96013,126.98959,부송동,5,"가축 분뇨 냄새(닭, 돼지, 소)",0:0,242
2023-08-20 23:58:00,35.95575,126.98132,어양동,4,"가축 분뇨 냄새(닭, 돼지, 소)",-1:-1,242
2023-08-21 00:04:00,35.9629,126.98431,어양동,4,"가축 분뇨 냄새(닭, 돼지, 소)",0:1,242
2023-08-21 06:14:00,35.923958,127.053894,춘포면 쌍정리,4,"가축 분뇨 냄새(닭, 돼지, 소)",12:-8,-1
2023-08-21 19:54:00,35.927723,126.96695,동산동,5,"가축 분뇨 냄새(닭, 돼지, 소)",-4:-7,-1
2023-08-21 19:55:00,35.930912,126.969345,동산동,4,"가축 분뇨 냄새(닭, 돼지, 소)",-3:-6,-1
2023-08-21 19:55:00,35.928158,126.96296,동산동,5,"가축 분뇨 냄새(닭, 돼지, 소)",-4:-7,-1
2023-08-21 19:56:00,35.956932,126.97146,영등동,3,"가축 분뇨 냄새(닭, 돼지, 소)",-3:0,-1
2023-08-21 19:56:00,35.94372,126.963326,마동,4,"가축 분뇨 냄새(닭, 돼지, 소)",-4:-3,-1
2023-08-21 19:58:00,35.94373,126.963905,마동,3,"가축 분뇨 냄새(닭, 돼지, 소)",-4:-3,-1
2023-08-21 20:01:00,35.950638,126.9642,영등동,3,"가축 분뇨 냄새(닭, 돼지, 소)",-4:-2,-1
2023-08-21 20:34:00,35.952015,126.93272,모현동2가,4,"가축 분뇨 냄새(닭, 돼지, 소)",-10:-2,-1
2023-08-21 20:49:00,35.93832,126.93854,송학동,4,"가축 분뇨 냄새(닭, 돼지, 소)",-9:-5,-1
2023-08-21 22:06:00,35.95245,126.95097,모현동1가,4,"가축 분뇨 냄새(닭, 돼지, 소)",-6:-1,-1
2023-08-21 22:11:00,35.92628,126.959206,동산동,5,"가축 분뇨 냄새(닭, 돼지, 소)",-5:-7,-1
2023-08-21 22:17:00,35.92772,126.96693,동산동,5,"가축 분뇨 냄새(닭, 돼지, 소)",-4:-7,-1
2023-08-21 22:40:00,35.959675,126.96444,신동,4,"가축 분뇨 냄새(닭, 돼지, 소)",-4:0,-1
2023-08-21 23:03:00,35.943615,126.93825,모현동1가,5,"가축 분뇨 냄새(닭, 돼지, 소)",-9:-3,-1
2023-08-22 10:03:00,35.939117,126.98602,신흥동,4,"가축 분뇨 냄새(닭, 돼지, 소)",0:-4,-1
2023-08-22 13:46:00,35.956814,126.9981,부송동,4,소각 냄새(태우는 냄새),2:0,-1
2023-08-22 20:07:00,35.960037,126.989456,부송동,4,"가축 분뇨 냄새(닭, 돼지, 소)",0:0,-1
2023-08-22 20:07:00,35.92821,126.963356,동산동,5,"가축 분뇨 냄새(닭, 돼지, 소)",-4:-7,-1
2023-08-22 20:24:00,35.96097,126.99422,부송동,4,"공장 냄새(화학약품, 매캐함)",1:0,-1
2023-08-22 22:28:00,35.93123,126.96778,동산동,2,"가축 분뇨 냄새(닭, 돼지, 소)",-3:-6,-1
2023-08-22 22:38:00,35.952946,126.98509,어양동,4,"가축 분뇨 냄새(닭, 돼지, 소)",0:-1,-1
2023-08-22 22:53:00,35.957855,126.998436,부송동,3,"공장 냄새(화학약품, 매캐함)",2:0,-1
2023-08-23 00:42:00,35.963398,126.97424,영등동,3,"가축 분뇨 냄새(닭, 돼지, 소)",-2:1,-1
2023-08-23 07:45:00,35.913425,126.86197,오산면 신지리,3,"가축 분뇨 냄새(닭, 돼지, 소)",-23:-10,-1
2023-08-25 22:56:00,35.923954,127.05389,춘포면 쌍정리,4,"가축 분뇨 냄새(닭, 돼지, 소)",12:-8,-1
2023-08-25 23:59:00,35.931297,126.969795,동산동,5,하수구 냄새,-3:-6,-1
2023-08-26 00:47:00,35.927376,126.96665,동산동,4,"가축 분뇨 냄새(닭, 돼지, 소)",-4:-7,-1
2023-08-26 06:16:00,35.93353,126.96726,동산동,3,"공장 냄새(화학약품, 매캐함)",-4:-6,-1
2023-08-26 22:51:00,35.960976,126.99425,부송동,3,"가축 분뇨 냄새(닭, 돼지, 소)",1:0,-1
2023-08-27 01:10:00,35.946117,126.93546,모현동1가,3,"공장 냄새(화학약품, 매캐함)",-9:-3,-1
2023-08-27 01:11:00,35.944035,126.92991,송학동,5,"공장 냄새(화학약품, 매캐함)",-10:-3,-1
2023-08-27 01:35:00,35.938553,126.9384,송학동,5,"공장 냄새(화학약품, 매캐함)",-9:-4,243
2023-08-27 01:39:00,35.957676,126.961586,신동,5,소각 냄새(태우는 냄새),-5:0,-1
2023-08-27 02:05:00,35.92994,126.958824,동산동,5,"공장 냄새(화학약품, 매캐함)",-5:-6,-1
2023-08-27 02:06:00,35.947388,126.93683,모현동1가,4,"공장 냄새(화학약품, 매캐함)",-9:-3,243
2023-08-27 02:15:00,35.923973,127.05391,춘포면 쌍정리,4,"가축 분뇨 냄새(닭, 돼지, 소)",12:-8,-1
2023-08-27 02:30:00,35.946156,126.938614,모현동1가,4,"공장 냄새(화학약품, 매캐함)",-9:-3,243
2023-08-27 05:56:00,35.95752,126.99951,부송동,4,"가축 분뇨 냄새(닭, 돼지, 소)",2:0,-1
2023-08-27 10:38:00,35.946117,126.93546,모현동1가,4,"공장 냄새(화학약품, 매캐함)",-9:-3,-1
2023-08-27 16:55:00,35.946667,126.93401,모현동1가,4,음식조리 냄새,-10:-3,-1
2023-08-27 22:27:00,35.932648,126.94163,평화동,5,하수구 냄새,-8:-6,-1
2023-08-27 23:47:00,35.95391,126.984116,어양동,4,하수구 냄새,-1:-1,-1
2023-08-28 22:34:00,35.956715,126.975975,영등동,2,"공장 냄새(화학약품, 매캐함)",-2:0,-1
2023-08-29 02:08:00,35.963383,126.97414,영등동,3,"가축 분뇨 냄새(닭, 돼지, 소)",-2:1,-1
2023-08-30 04:33:00,35.92393,127.05387,춘포면 쌍정리,4,"가축 분뇨 냄새(닭, 돼지, 소)",12:-8,-1
2023-08-30 20:50:00,36.036247,126.984886,삼기면 오룡리,3,"가축 분뇨 냄새(닭, 돼지, 소)",0:17,-1
2023-08-31 19:48:00,36.036247,126.984886,삼기면 오룡리,3,"가축 분뇨 냄새(닭, 돼지, 소)",0:17,-1
2023-08-31 20:51:00,35.946907,126.93481,모현동1가,4,음식조리 냄새,-9:-3,-1
2023-08-31 21:05:00,35.923954,127.05388,춘포면 쌍정리,4,"가축 분뇨 냄새(닭, 돼지, 소)",12:-8,-1
2023-08-31 21:17:00,35.923874,127.05382,춘포면 쌍정리,5,"가축 분뇨 냄새(닭, 돼지, 소)",12:-8,-1
2023-09-01 05:45:00,35.92393,127.05387,춘포면 쌍정리,4,"가축 분뇨 냄새(닭, 돼지, 소)",12:-8,-1
2023-09-01 09:48:00,35.960735,126.9852,어양동,2,"공장 냄새(화학약품, 매캐함)",0:0,-1
2023-09-01 16:45:00,36.068172,126.98651,낭산면 용기리,4,"가축 분뇨 냄새(닭, 돼지, 소)",0:24,-1
2023-09-01 19:16:00,35.946903,126.93452,모현동1가,4,음식조리 냄새,-9:-3,-1
2023-09-01 19:36:00,36.036167,126.98496,삼기면 오룡리,5,"가축 분뇨 냄새(닭, 돼지, 소)",0:17,-1
2023-09-01 21:52:00,35.92453,127.053505,춘포면 쌍정리,4,"가축 분뇨 냄새(닭, 돼지, 소)",12:-8,-1
2023-09-02 00:10:00,35.923573,127.03213,춘포면 오산리,5,"가축 분뇨 냄새(닭, 돼지, 소)",8:-8,-1
2023-09-02 00:14:00,35.925175,127.05376,춘포면 쌍정리,4,"가축 분뇨 냄새(닭, 돼지, 소)",12:-7,-1
2023-09-02 00:18:00,35.923977,127.05389,춘포면 쌍정리,4,"가축 분뇨 냄새(닭, 돼지, 소)",12:-8,-1
2023-09-02 08:22:00,35.96554,126.98307,어양동,4,소각 냄새(태우는 냄새),-1:1,-1
2023-09-02 17:43:00,35.923817,127.05377,춘포면 쌍정리,5,"가축 분뇨 냄새(닭, 돼지, 소)",12:-8,-1
2023-09-02 18:14:00,35.960724,126.98522,어양동,3,"공장 냄새(화학약품, 매캐함)",0:0,-1
2023-09-02 21:35:00,35.957584,126.97616,영등동,3,"공장 냄새(화학약품, 매캐함)",-2:0,-1
2023-09-02 22:21:00,35.931355,126.968834,동산동,4,"가축 분뇨 냄새(닭, 돼지, 소)",-3:-6,-1
2023-09-03 07:11:00,35.959892,126.99081,부송동,5,"공장 냄새(화학약품, 매캐함)",1:0,-1
2023-09-03 18:33:00,35.953594,126.951225,모현동1가,4,소각 냄새(태우는 냄새),-6:-1,-1
2023-09-03 19:45:00,35.923855,127.05383,춘포면 쌍정리,4,"가축 분뇨 냄새(닭, 돼지, 소)",12:-8,-1
2023-09-03 20:04:00,35.961037,126.99424,부송동,2,소각 냄새(태우는 냄새),1:0,-1
2023-09-03 21:08:00,35.924786,127.05404,춘포면 쌍정리,4,"가축 분뇨 냄새(닭, 돼지, 소)",12:-8,-1
2023-09-04 05:41:00,35.931175,126.96777,동산동,3,"공장 냄새(화학약품, 매캐함)",-3:-6,-1
2023-09-04 07:25:00,35.958168,126.99879,부송동,4,"가축 분뇨 냄새(닭, 돼지, 소)",2:0,-1
2023-09-04 08:06:00,35.93912,126.986015,신흥동,5,"가축 분뇨 냄새(닭, 돼지, 소)",0:-4,-1
2023-09-04 13:02:00,35.94678,126.93448,모현동1가,4,음식조리 냄새,-9:-3,-1
2023-09-04 20:02:00,35.92367,127.05418,춘포면 쌍정리,4,"가축 분뇨 냄새(닭, 돼지, 소)",12:-8,-1
2023-09-05 00:19:00,35.956543,126.997925,부송동,4,"가축 분뇨 냄새(닭, 돼지, 소)",2:-1,-1
2023-09-05 00:51:00,35.926193,126.95914,동산동,4,"가축 분뇨 냄새(닭, 돼지, 소)",-5:-7,-1
2023-09-05 00:52:00,35.927708,126.966934,동산동,5,"가축 분뇨 냄새(닭, 돼지, 소)",-4:-7,244
2023-09-05 01:08:00,35.931355,126.968834,동산동,5,"가축 분뇨 냄새(닭, 돼지, 소)",-3:-6,244
2023-09-05 01:09:00,35.93118,126.96777,동산동,5,"가축 분뇨 냄새(닭, 돼지, 소)",-3:-6,244
2023-09-05 01:14:00,35.9275,126.95943,동산동,5,"가축 분뇨 냄새(닭, 돼지, 소)",-5:-7,244
2023-09-05 01:59:00,35.927544,126.96085,동산동,5,"가축 분뇨 냄새(닭, 돼지, 소)",-5:-7,244
2023-09-05 02:13:00,35.936714,126.97002,마동,5,"가축 분뇨 냄새(닭, 돼지, 소)",-3:-5,-1
2023-09-05 21:24:00,36.036243,126.98488,삼기면 오룡리,4,"가축 분뇨 냄새(닭, 돼지, 소)",0:17,-1
2023-09-06 06:24:00,35.913345,126.86162,오산면 신지리,4,"가축 분뇨 냄새(닭, 돼지, 소)",-23:-10,-1
2023-09-06 07:04:00,35.96552,126.9831,어양동,3,소각 냄새(태우는 냄새),-1:1,-1
2023-09-06 07:26:00,35.92394,127.05389,춘포면 쌍정리,4,"가축 분뇨 냄새(닭, 돼지, 소)",12:-8,-1
2023-09-06 07:34:00,35.92386,127.05383,춘포면 쌍정리,5,"가축 분뇨 냄새(닭, 돼지, 소)",12:-8,-1
2023-09-06 17:03:00,36.068165,126.9865,낭산면 용기리,4,"가축 분뇨 냄새(닭, 돼지, 소)",0:24,-1
2023-09-06 18:58:00,35.917603,127.06613,왕궁면 온수리,5,"가축 분뇨 냄새(닭, 돼지, 소)",14:-9,-1
2023-09-06 21:52:00,35.93266,126.941605,평화동,5,하수구 냄새,-8:-6,-1
2023-09-06 22:34:00,35.95634,126.99318,부송동,2,기타,1:-1,-1
2023-09-06 22:44:00,35.956112,126.99465,부송동,3,"공장 냄새(화학약품, 매캐함)",1:-1,-1
2023-09-06 22:52:00,35.95303,126.98513,어양동,3,기타,0:-1,245
2023-09-06 23:30:00,35.953976,126.98398,어양동,4,"가축 분뇨 냄새(닭, 돼지, 소)",-1:-1,245
2023-09-06 23:31:00,35.956757,126.97604,영등동,4,"가축 분뇨 냄새(닭, 돼지, 소)",-2:0,245
2023-09-06 23:46:00,35.95642,126.99514,부송동,3,"가축 분뇨 냄새(닭, 돼지, 소)",1:-1,245
2023-09-06 23:49:00,35.959938,126.990814,부송동,5,"공장 냄새(화학약품, 매캐함)",1:0,245
2023-09-07 00:00:00,35.962074,126.99391,부송동,5,기타,1:1,245
2023-09-07 01:56:00,35.923965,127.05389,춘포면 쌍정리,4,"가축 분뇨 냄새(닭, 돼지, 소)",12:-8,-1
2023-09-07 09:49:00,36.068172,126.98651,낭산면 용기리,4,"가축 분뇨 냄새(닭, 돼지, 소)",0:24,-1
2023-09-07 17:32:00,36.06817,126.9865,낭산면 용기리,5,"가축 분뇨 냄새(닭, 돼지, 소)",0:24,-1
2023-09-07 22:07:00,36.06819,126.98653,낭산면 용기리,4,"가축 분뇨 냄새(닭, 돼지, 소)",0:24,-1
2023-09-07 22:09:00,35.94977,126.91046,오산면 장신리,4,"가축 분뇨 냄새(닭, 돼지, 소)",-14:-2,-1
2023-09-07 22:15:00,35.93057,126.971756,동산동,4,하수구 냄새,-3:-6,-1
2023-09-07 22:38:00,35.95722,126.99854,부송동,4,"공장 냄새(화학약품, 매캐함)",2:0,-1
2023-09-07 22:40:00,35.954987,126.98822,어양동,3,"공장 냄새(화학약품, 매캐함)",0:-1,-1
2023-09-07 22:49:00,35.92812,126.96336,동산동,3,"가축 분뇨 냄새(닭, 돼지, 소)",-4:-7,-1
2023-09-08 00:01:00,35.95839,126.97644,영등동,3,"가축 분뇨 냄새(닭, 돼지, 소)",-2:0,-1
2023-09-08 00:07:00,35.964886,127.01824,팔봉동,4,"가축 분뇨 냄새(닭, 돼지, 소)",6:1,-1
2023-09-08 00:34:00,35.960655,126.98518,어양동,4,"공장 냄새(화학약품, 매캐함)",0:0,-1
2023-09-08 03:27:00,35.92356,127.05414,춘포면 쌍정리,5,"가축 분뇨 냄새(닭, 돼지, 소)",12:-8,-1
2023-09-08 06:39:00,35.954926,126.988205,어양동,3,"공장 냄새(화학약품, 매캐함)",0:-1,-1
2023-09-08 06:55:00,35.954025,126.98426,어양동,5,"공장 냄새(화학약품, 매캐함)",0:-1,-1
2023-09-08 19:50:00,35.9467,126.93438,모현동1가,4,음식조리 냄새,-9:-3,-1
2023-09-08 20:18:00,35.923923,127.05383,춘포면 쌍정리,4,"가축 분뇨 냄새(닭, 돼지, 소)",12:-8,-1
2023-09-08 21:41:00,35.95315,126.984795,어양동,5,하수구 냄새,0:-1,-1
2023-09-08 22:41:00,35.95612,126.99601,부송동,4,"가축 분뇨 냄새(닭, 돼지, 소)",2:-1,-1
2023-09-08 22:50:00,35.96146,126.9942,부송동,3,"공장 냄새(화학약품, 매캐함)",1:1,-1
2023-09-08 23:11:00,35.965595,127.01943,팔봉동,2,하수구 냄새,6:1,-1
2023-09-08 23:23:00,35.957523,126.99951,부송동,4,"가축 분뇨 냄새(닭, 돼지, 소)",2:0,246
2023-09-08 23:34:00,35.95662,126.997665,부송동,4,"가축 분뇨 냄새(닭, 돼지, 소)",2:0,246
2023-09-08 23:58:00,35.95839,126.97644,영등동,4,"가축 분뇨 냄새(닭, 돼지, 소)",-2:0,-1
2023-09-09 00:03:00,35.956047,126.99506,부송동,4,"가축 분뇨 냄새(닭, 돼지, 소)",1:-1,246
2023-09-09 00:07:00,35.951813,126.975075,영등동,4,"가축 분뇨 냄새(닭, 돼지, 소)",-2:-2,-1
2023-09-09 00:19:00,35.930786,126.96935,동산동,3,"가축 분뇨 냄새(닭, 돼지, 소)",-3:-6,-1
2023-09-09 00:21:00,35.963375,126.98733,부송동,4,"가축 분뇨 냄새(닭, 돼지, 소)",0:1,-1
2023-09-09 00:22:00,35.951977,126.975685,영등동,4,"가축 분뇨 냄새(닭, 돼지, 소)",-2:-2,-1
2023-09-09 00:29:00,35.961727,126.98133,어양동,4,"가축 분뇨 냄새(닭, 돼지, 소)",-1:1,-1
2023-09-09 02:52:00,35.95993,126.990814,부송동,5,"공장 냄새(화학약품, 매캐함)",1:0,-1
2023-09-09 05:11:00,35.959724,126.99089,부송동,4,소각 냄새(태우는 냄새),1:0,-1
2023-09-09 07:33:00,35.954662,126.98848,어양동,3,"공장 냄새(화학약품, 매캐함)",0:-1,-1
2023-09-09 22:38:00,35.966145,127.01806,팔봉동,3,"가축 분뇨 냄새(닭, 돼지, 소)",6:2,-1
2023-09-09 22:44:00,35.95076,126.96379,영등동,2,"공장 냄새(화학약품, 매캐함)",-4:-2,-1
2023-09-10 00:03:00,35.956623,126.99767,부송동,4,"가축 분뇨 냄새(닭, 돼지, 소)",2:0,-1
2023-09-10 00:19:00,35.956444,126.994774,부송동,3,"가축 분뇨 냄새(닭, 돼지, 소)",1:-1,-1
2023-09-10 00:25:00,35.95631,126.99602,부송동,5,"가축 분뇨 냄새(닭, 돼지, 소)",2:-1,-1
2023-09-10 00:26:00,35.960686,126.98523,어양동,5,"가축 분뇨 냄새(닭, 돼지, 소)",0:0,-1
2023-09-10 01:02:00,35.923557,127.054146,춘포면 쌍정리,5,"가축 분뇨 냄새(닭, 돼지, 소)",12:-8,-1
2023-09-10 01:12:00,35.923935,127.05388,춘포면 쌍정리,5,"가축 분뇨 냄새(닭, 돼지, 소)",12:-8,-1
2023-09-10 01:45:00,35.940624,126.93019,송학동,4,"가축 분뇨 냄새(닭, 돼지, 소)",-10:-4,-1
2023-09-10 02:28:00,35.952515,126.98151,어양동,4,"가축 분뇨 냄새(닭, 돼지, 소)",-1:-1,-1
2023-09-10 03:36:00,35.959908,126.99082,부송동,4,"공장 냄새(화학약품, 매캐함)",1:0,-1
2023-09-10 05:34:00,35.961735,126.98569,어양동,3,"공장 냄새(화학약품, 매캐함)",0:1,-1
2023-09-10 06:00:00,35.954693,126.98842,어양동,2,"공장 냄새(화학약품, 매캐함)",0:-1,-1
2023-09-10 22:11:00,35.946144,126.93855,모현동1가,4,"공장 냄새(화학약품, 매캐함)",-9:-3,247
2023-09-10 22:15:00,35.94097,126.93789,송학동,3,"공장 냄새(화학약품, 매캐함)",-9:-4,247
2023-09-10 22:18:00,35.947426,126.93765,모현동1가,5,"공장 냄새(화학약품, 매캐함)",-9:-3,247
2023-09-10 22:23:00,35.955936,126.94335,모현동2가,5,"공장 냄새(화학약품, 매캐함)",-8:-1,-1
2023-09-10 22:31:00,35.954716,126.988335,어양동,2,"공장 냄새(화학약품, 매캐함)",0:-1,-1
2023-09-10 22:35:00,35.94739,126.937386,모현동1가,4,"공장 냄새(화학약품, 매캐함)",-9:-3,247
2023-09-10 22:38:00,35.943447,126.93027,송학동,3,기타,-10:-3,247
2023-09-10 22:55:00,35.94561,126.93356,모현동1가,3,"공장 냄새(화학약품, 매캐함)",-10:-3,247
2023-09-10 23:49:00,35.94462,126.945015,모현동1가,5,"공장 냄새(화학약품, 매캐함)",-8:-3,-1
2023-09-11 01:24:00,35.95651,126.99792,부송동,5,"가축 분뇨 냄새(닭, 돼지, 소)",2:-1,-1
2023-09-11 01:35:00,35.931297,126.968765,동산동,5,"가축 분뇨 냄새(닭, 돼지, 소)",-3:-6,-1
2023-09-11 01:37:00,35.931194,126.96777,동산동,5,"가축 분뇨 냄새(닭, 돼지, 소)",-3:-6,-1
2023-09-11 01:38:00,35.93057,126.97176,동산동,4,"가축 분뇨 냄새(닭, 돼지, 소)",-3:-6,-1
2023-09-11 01:40:00,35.927975,126.955284,인화동2가,5,"가축 분뇨 냄새(닭, 돼지, 소)",-6:-7,-1
2023-09-11 02:01:00,35.933643,126.96724,동산동,5,"가축 분뇨 냄새(닭, 돼지, 소)",-4:-6,-1
2023-09-11 02:20:00,35.923946,127.05389,춘포면 쌍정리,5,"가축 분뇨 냄새(닭, 돼지, 소)",12:-8,-1
2023-09-11 04:30:00,35.945675,126.93874,모현동1가,3,"공장 냄새(화학약품, 매캐함)",-9:-3,-1
2023-09-11 05:39:00,35.96581,127.0191,팔봉동,5,"가축 분뇨 냄새(닭, 돼지, 소)",6:2,-1
2023-09-11 07:05:00,35.95316,126.98477,어양동,5,"가축 분뇨 냄새(닭, 돼지, 소)",0:-1,-1
2023-09-11 08:13:00,35.961025,126.99423,부송동,4,"공장 냄새(화학약품, 매캐함)",1:0,-1
2023-09-11 21:30:00,35.958042,126.99787,부송동,4,"공장 냄새(화학약품, 매캐함)",2:0,-1
2023-09-11 23:22:00,35.923565,127.05414,춘포면 쌍정리,5,하수구 냄새,12:-8,-1
2023-09-11 23:37:00,35.929966,126.95883,동산동,5,"공장 냄새(화학약품, 매캐함)",-5:-6,-1
2023-09-12 00:07:00,35.938557,126.9384,송학동,5,"공장 냄새(화학약품, 매캐함)",-9:-4,-1
2023-09-12 00:09:00,35.953773,126.97382,영등동,3,"공장 냄새(화학약품, 매캐함)",-2:-1,-1
2023-09-12 00:14:00,35.940113,126.92943,송학동,4,"공장 냄새(화학약품, 매캐함)",-10:-4,-1
2023-09-12 00:15:00,35.94612,126.93446,모현동1가,2,"공장 냄새(화학약품, 매캐함)",-9:-3,-1
2023-09-12 00:17:00,35.943462,126.93026,송학동,4,"공장 냄새(화학약품, 매캐함)",-10:-3,-1
2023-09-12 00:25:00,35.946644,126.94645,모현동1가,5,"공장 냄새(화학약품, 매캐함)",-7:-3,-1
2023-09-12 00:33:00,35.95745,126.97179,영등동,5,"공장 냄새(화학약품, 매캐함)",-3:0,-1
2023-09-12 00:53:00,35.965725,127.019325,팔봉동,5,"가축 분뇨 냄새(닭, 돼지, 소)",6:2,-1
2023-09-12 00:54:00,35.958042,126.997856,부송동,4,소각 냄새(태우는 냄새),2:0,-1
2023-09-12 01:12:00,35.951805,126.975075,영등동,4,"가축 분뇨 냄새(닭, 돼지, 소)",-2:-2,-1
2023-09-12 08:03:00,35.946136,126.931595,오산면 장신리,3,"공장 냄새(화학약품, 매캐함)",-10:-3,-1
2023-09-12 08:20:00,35.954094,126.98979,어양동,3,"공장 냄새(화학약품, 매캐함)",1:-1,-1
2023-09-12 22:45:00,35.923923,127.05389,춘포면 쌍정리,5,"가축 분뇨 냄새(닭, 돼지, 소)",12:-8,-1
2023-09-12 23:50:00,35.956345,126.99515,부송동,3,"가축 분뇨 냄새(닭, 돼지, 소)",1:-1,248
2023-09-12 23:51:00,35.95756,126.99945,부송동,4,"가축 분뇨 냄새(닭, 돼지, 소)",2:0,248
2023-09-12 23:56:00,35.95662,126.99767,부송동,4,"가축 분뇨 냄새(닭, 돼지, 소)",2:0,248
2023-09-12 23:57:00,35.95288,126.9841,어양동,4,"가축 분뇨 냄새(닭, 돼지, 소)",-1:-1,-1
2023-09-12 23:57:00,35.9532,126.98473,어양동,5,"가축 분뇨 냄새(닭, 돼지, 소)",0:-1,-1
2023-09-13 00:09:00,35.956535,126.997894,부송동,5,"가축 분뇨 냄새(닭, 돼지, 소)",2:-1,248
2023-09-13 00:34:00,35.960587,126.99357,부송동,4,"가축 분뇨 냄새(닭, 돼지, 소)",1:0,248
2023-09-13 00:48:00,35.93357,126.96732,동산동,5,"가축 분뇨 냄새(닭, 돼지, 소)",-4:-6,-1
2023-09-13 00:55:00,35.931293,126.96877,동산동,4,"가축 분뇨 냄새(닭, 돼지, 소)",-3:-6,-1
2023-09-13 02:17:00,35.931194,126.96777,동산동,2,소각 냄새(태우는 냄새),-3:-6,-1
2023-09-13 02:36:00,35.95968,126.98905,부송동,3,소각 냄새(태우는 냄새),0:0,-1
2023-09-14 12:53:00,35.94725,126.93398,모현동1가,5,음식조리 냄새,-10:-3,-1
2023-09-14 16:34:00,35.955254,126.98804,어양동,2,"공장 냄새(화학약품, 매캐함)",0:-1,-1
2023-09-14 17:25:00,35.923943,127.05389,춘포면 쌍정리,4,"가축 분뇨 냄새(닭, 돼지, 소)",12:-8,-1
2023-09-14 18:34:00,35.960674,126.985176,어양동,3,"공장 냄새(화학약품, 매캐함)",0:0,-1
2023-09-14 19:45:00,36.036217,126.9849,삼기면 오룡리,3,"가축 분뇨 냄새(닭, 돼지, 소)",0:17,-1
2023-09-14 20:06:00,35.959473,126.99066,부송동,4,"공장 냄새(화학약품, 매캐함)",1:0,-1
2023-09-14 20:33:00,35.954742,126.98837,어양동,3,"공장 냄새(화학약품, 매캐함)",0:-1,-1
2023-09-14 23:05:00,35.92391,127.05383,춘포면 쌍정리,4,"가축 분뇨 냄새(닭, 돼지, 소)",12:-8,-1
2023-09-15 19:22:00,35.946896,126.93457,모현동1가,5,음식조리 냄새,-9:-3,-1
2023-09-16 18:00:00,35.954803,126.988335,어양동,3,"공장 냄새(화학약품, 매캐함)",0:-1,-1
2023-09-16 18:01:00,35.95991,126.99082,부송동,4,"공장 냄새(화학약품, 매캐함)",1:0,-1
2023-09-16 20:42:00,35.947968,126.937675,모현동1가,5,음식조리 냄새,-9:-2,-1
2023-09-16 22:11:00,35.923946,127.053894,춘포면 쌍정리,4,"가축 분뇨 냄새(닭, 돼지, 소)",12:-8,-1
2023-09-16 23:53:00,35.931194,126.96777,동산동,3,하수구 냄새,-3:-6,-1
2023-09-17 22:23:00,35.913414,126.86192,오산면 신지리,3,"가축 분뇨 냄새(닭, 돼지, 소)",-23:-10,-1
2023-09-17 22:46:00,35.946144,126.93855,모현동1가,3,"공장 냄새(화학약품, 매캐함)",-9:-3,-1
2023-09-17 22:48:00,35.946075,126.946724,모현동1가,5,"공장 냄새(화학약품, 매캐함)",-7:-3,-1
2023-09-17 23:46:00,35.9539,126.98388,어양동,3,"가축 분뇨 냄새(닭, 돼지, 소)",-1:-1,-1
2023-09-17 23:58:00,35.95807,126.99789,부송동,3,"가축 분뇨 냄새(닭, 돼지, 소)",2:0,-1
2023-09-18 00:08:00,35.957417,126.984055,어양동,4,"가축 분뇨 냄새(닭, 돼지, 소)",-1:0,-1
2023-09-18 00:10:00,35.96525,126.98444,어양동,5,"가축 분뇨 냄새(닭, 돼지, 소)",0:1,-1
2023-09-18 00:11:00,35.9634,126.974205,영등동,3,"가축 분뇨 냄새(닭, 돼지, 소)",-2:1,-1
2023-09-18 00:13:00,35.960567,126.97747,영등동,3,"가축 분뇨 냄새(닭, 돼지, 소)",-2:0,249
2023-09-18 00:13:00,35.927975,126.955284,인화동2가,4,"가축 분뇨 냄새(닭, 돼지, 소)",-6:-7,-1
2023-09-18 01:28:00,35.931194,126.96777,동산동,3,"가축 분뇨 냄새(닭, 돼지, 소)",-3:-6,-1
2023-09-18 07:49:00,35.94687,127.040215,춘포면 천서리,3,"가축 분뇨 냄새(닭, 돼지, 소)",10:-3,-1
2023-09-18 21:46:00,35.930977,126.959076,동산동,5,하수구 냄새,-5:-6,-1
2023-09-19 00:21:00,35.951912,126.975746,영등동,4,"가축 분뇨 냄새(닭, 돼지, 소)",-2:-2,-1
2023-09-19 03:24:00,35.93673,126.96992,마동,5,"가축 분뇨 냄새(닭, 돼지, 소)",-3:-5,-1
2023-09-19 03:29:00,35.965363,126.986694,부송동,4,"가축 분뇨 냄새(닭, 돼지, 소)",0:1,-1
2023-09-19 03:36:00,35.930454,126.96703,동산동,3,하수구 냄새,-4:-6,-1
2023-09-19 03:36:00,35.92358,127.05414,춘포면 쌍정리,4,"가축 분뇨 냄새(닭, 돼지, 소)",12:-8,-1
2023-09-19 03:50:00,35.931194,126.96777,동산동,4,"가축 분뇨 냄새(닭, 돼지, 소)",-3:-6,-1
2023-09-19 04:00:00,35.932808,126.94086,평화동,4,"가축 분뇨 냄새(닭, 돼지, 소)",-8:-6,-1
2023-09-19 04:09:00,35.923927,127.05387,춘포면 쌍정리,5,"가축 분뇨 냄새(닭, 돼지, 소)",12:-8,-1
2023-09-19 04:10:00,35.93819,126.938965,송학동,5,"가축 분뇨 냄새(닭, 돼지, 소)",-9:-5,-1
2023-09-19 08:13:00,35.960213,126.984795,어양동,4,"가축 분뇨 냄새(닭, 돼지, 소)",0:0,-1
2023-09-19 18:00:00,36.0362,126.98501,삼기면 오룡리,4,"가축 분뇨 냄새(닭, 돼지, 소)",0:17,-1
2023-09-19 21:25:00,35.952118,126.9349,모현동2가,5,"가축 분뇨 냄새(닭, 돼지, 소)",-9:-1,-1
2023-09-20 00:05:00,35.923916,127.05394,춘포면 쌍정리,5,"가축 분뇨 냄새(닭, 돼지, 소)",12:-8,-1
2023-09-20 00:25:00,35.931145,126.96787,동산동,4,"가축 분뇨 냄새(닭, 돼지, 소)",-3:-6,-1
2023-09-20 00:33:00,35.960224,126.99889,부송동,3,"공장 냄새(화학약품, 매캐함)",2:0,-1
2023-09-20 00:35:00,35.963364,126.97418,영등동,3,"공장 냄새(화학약품, 매캐함)",-2:1,-1
2023-09-20 00:36:00,35.960533,126.9936,부송동,4,"가축 분뇨 냄새(닭, 돼지, 소)",1:0,-1
2023-09-20 00:37:00,35.92619,126.959175,동산동,4,"가축 분뇨 냄새(닭, 돼지, 소)",-5:-7,-1
2023-09-20 00:39:00,35.95067,126.96429,영등동,4,"가축 분뇨 냄새(닭, 돼지, 소)",-4:-2,-1
2023-09-20 00:40:00,35.96538,126.9867,부송동,4,"가축 분뇨 냄새(닭, 돼지, 소)",0:1,-1
2023-09-20 00:41:00,35.936382,126.969536,마동,4,"가축 분뇨 냄새(닭, 돼지, 소)",-3:-5,-1
2023-09-20 00:45:00,35.95318,126.987434,어양동,4,"가축 분뇨 냄새(닭, 돼지, 소)",0:-1,-1
2023-09-20 00:46:00,35.954906,126.97552,영등동,4,"가축 분뇨 냄새(닭, 돼지, 소)",-2:-1,-1
2023-09-20 00:47:00,35.957638,126.96155,신동,5,"가축 분뇨 냄새(닭, 돼지, 소)",-5:0,-1
2023-09-20 00:50:00,35.955933,126.97803,영등동,4,"가축 분뇨 냄새(닭, 돼지, 소)",-2:-1,-1
2023-09-20 00:52:00,35.946747,126.94672,모현동1가,5,"가축 분뇨 냄새(닭, 돼지, 소)",-7:-3,-1
2023-09-20 01:03:00,35.94578,126.93559,모현동1가,4,"가축 분뇨 냄새(닭, 돼지, 소)",-9:-3,-1
2023-09-20 01:13:00,35.936657,126.96972,마동,5,"가축 분뇨 냄새(닭, 돼지, 소)",-3:-5,-1
2023-09-20 06:32:00,35.95998,126.99079,부송동,5,"공장 냄새(화학약품, 매캐함)",1:0,-1
2023-09-20 06:51:00,35.95492,126.98816,어양동,4,"공장 냄새(화학약품, 매캐함)",0:-1,-1
2023-09-20 08:06:00,35.963684,126.97415,영등동,4,"공장 냄새(화학약품, 매캐함)",-2:1,-1
2023-09-20 08:08:00,35.96105,126.994225,부송동,4,"공장 냄새(화학약품, 매캐함)",1:0,-1
2023-09-20 08:47:00,35.91341,126.86191,오산면 신지리,5,"가축 분뇨 냄새(닭, 돼지, 소)",-23:-10,-1
2023-09-20 09:16:00,35.959373,126.998985,부송동,4,"공장 냄새(화학약품, 매캐함)",2:0,-1
2023-09-20 09:45:00,35.946873,127.040215,춘포면 천서리,3,"공장 냄새(화학약품, 매캐함)",10:-3,-1
2023-09-20 19:29:00,35.94678,126.93451,모현동1가,5,음식조리 냄새,-9:-3,-1
2023-09-21 21:50:00,35.961494,126.9748,영등동,4,"가축 분뇨 냄새(닭, 돼지, 소)",-2:1,-1
2023-09-22 17:44:00,35.94677,126.93492,모현동1가,5,음식조리 냄새,-9:-3,-1
2023-09-22 22:12:00,35.96165,126.97877,영등동,3,"가축 분뇨 냄새(닭, 돼지, 소)",-1:1,-1
2023-09-23 16:28:00,36.06818,126.98651,낭산면 용기리,4,"가축 분뇨 냄새(닭, 돼지, 소)",0:24,-1
2023-09-23 18:21:00,35.92385,127.053925,춘포면 쌍정리,2,"가축 분뇨 냄새(닭, 돼지, 소)",12:-8,-1
2023-09-23 20:29:00,35.92481,127.06412,왕궁면 온수리,5,"가축 분뇨 냄새(닭, 돼지, 소)",14:-8,-1
2023-09-23 22:58:00,35.931335,126.968864,동산동,3,"가축 분뇨 냄새(닭, 돼지, 소)",-3:-6,-1
2023-09-23 23:24:00,35.961037,126.99423,부송동,4,소각 냄새(태우는 냄새),1:0,-1
2023-09-24 07:35:00,35.923878,127.05392,춘포면 쌍정리,5,"가축 분뇨 냄새(닭, 돼지, 소)",12:-8,-1
2023-09-24 18:25:00,35.957817,126.99927,부송동,2,"공장 냄새(화학약품, 매캐함)",2:0,-1
2023-09-24 18:27:00,35.954834,126.98819,어양동,4,"공장 냄새(화학약품, 매캐함)",0:-1,-1
2023-09-24 18:44:00,35.91339,126.86181,오산면 신지리,5,"가축 분뇨 냄새(닭, 돼지, 소)",-23:-10,-1
2023-09-24 19:45:00,35.931202,126.96822,동산동,4,"가축 분뇨 냄새(닭, 돼지, 소)",-3:-6,-1
2023-09-24 21:08:00,35.957043,126.99821,부송동,3,"공장 냄새(화학약품, 매캐함)",2:0,-1
2023-09-24 21:28:00,35.95685,126.99851,부송동,4,"공장 냄새(화학약품, 매캐함)",2:0,-1
2023-09-24 21:46:00,35.959984,126.9908,부송동,4,"공장 냄새(화학약품, 매캐함)",1:0,-1
2023-09-24 21:48:00,35.954758,126.98814,어양동,4,"공장 냄새(화학약품, 매캐함)",0:-1,-1
2023-09-25 21:49:00,35.92385,127.053925,춘포면 쌍정리,3,"가축 분뇨 냄새(닭, 돼지, 소)",12:-8,-1
2023-09-25 22:12:00,36.036232,126.98492,삼기면 오룡리,3,"가축 분뇨 냄새(닭, 돼지, 소)",0:17,-1
2023-09-26 20:49:00,35.952953,126.9851,어양동,3,기타,0:-1,-1
2023-09-26 20:54:00,35.9566,126.99761,부송동,3,"가축 분뇨 냄새(닭, 돼지, 소)",2:0,-1
2023-09-26 20:58:00,35.954212,126.983604,어양동,4,"가축 분뇨 냄새(닭, 돼지, 소)",-1:-1,-1
2023-09-26 20:58:00,35.96498,126.98709,부송동,4,"공장 냄새(화학약품, 매캐함)",0:1,-1
2023-09-26 21:37:00,35.931213,126.96823,동산동,5,"가축 분뇨 냄새(닭, 돼지, 소)",-3:-6,-1
2023-09-27 14:06:00,35.92398,127.05392,춘포면 쌍정리,3,"가축 분뇨 냄새(닭, 돼지, 소)",12:-8,-1
2023-09-27 20:32:00,36.000557,126.92107,황등면 신기리,4,"가축 분뇨 냄새(닭, 돼지, 소)",-12:9,-1
2023-09-28 21:36:00,35.93265,126.94154,평화동,5,하수구 냄새,-8:-6,-1
2023-09-29 02:33:00,35.93114,126.96787,동산동,4,"가축 분뇨 냄새(닭, 돼지, 소)",-3:-6,-1
2023-09-29 13:17:00,35.94704,126.934326,모현동1가,5,음식조리 냄새,-9:-3,-1
2023-09-29 21:18:00,35.9312,126.96839,동산동,5,하수구 냄새,-3:-6,250
2023-09-29 21:52:00,35.93067,126.97171,동산동,4,하수구 냄새,-3:-6,250
2023-09-29 22:16:00,35.926216,126.959175,동산동,5,"가축 분뇨 냄새(닭, 돼지, 소)",-5:-7,250
2023-09-29 22:16:00,35.927536,126.96085,동산동,4,"가축 분뇨 냄새(닭, 돼지, 소)",-5:-7,250
2023-09-29 22:17:00,35.931183,126.96826,동산동,4,"가축 분뇨 냄새(닭, 돼지, 소)",-3:-6,250
2023-09-29 22:40:00,35.956573,126.99739,부송동,4,"가축 분뇨 냄새(닭, 돼지, 소)",2:0,-1
2023-09-29 22:50:00,35.93114,126.96787,동산동,5,"가축 분뇨 냄새(닭, 돼지, 소)",-3:-6,250
2023-09-30 13:33:00,35.923916,127.053925,춘포면 쌍정리,4,"가축 분뇨 냄새(닭, 돼지, 소)",12:-8,-1
2023-09-30 15:28:00,35.923832,127.05401,춘포면 쌍정리,4,"가축 분뇨 냄새(닭, 돼지, 소)",12:-8,-1
2023-09-30 18:06:00,35.924263,127.051414,춘포면 쌍정리,4,"가축 분뇨 냄새(닭, 돼지, 소)",12:-8,-1
2023-09-30 18:09:00,35.92426,127.051414,춘포면 쌍정리,4,"가축 분뇨 냄새(닭, 돼지, 소)",12:-8,-1
2023-09-30 21:17:00,35.93278,126.94136,평화동,4,하수구 냄새,-8:-6,-1
2023-09-30 22:42:00,35.96167,126.97874,영등동,3,"가축 분뇨 냄새(닭, 돼지, 소)",-1:1,-1
2023-09-30 22:44:00,35.928215,126.96337,동산동,4,"가축 분뇨 냄새(닭, 돼지, 소)",-4:-7,-1
2023-09-30 22:57:00,35.93318,126.96676,동산동,4,"가축 분뇨 냄새(닭, 돼지, 소)",-4:-6,-1
2023-09-30 23:00:00,35.960453,126.96851,영등동,4,"가축 분뇨 냄새(닭, 돼지, 소)",-3:0,-1
2023-09-30 23:01:00,35.958347,126.96542,신동,4,"가축 분뇨 냄새(닭, 돼지, 소)",-4:0,-1
2023-10-01 08:42:00,35.946873,127.04021,춘포면 천서리,2,"가축 분뇨 냄새(닭, 돼지, 소)",10:-3,-1
2023-10-01 19:00:00,36.03612,126.98485,삼기면 오룡리,4,"가축 분뇨 냄새(닭, 돼지, 소)",0:17,-1
2023-10-01 20:47:00,35.923958,127.053894,춘포면 쌍정리,4,"가축 분뇨 냄새(닭, 돼지, 소)",12:-8,-1
2023-10-01 22:52:00,35.93055,126.97176,동산동,4,하수구 냄새,-3:-6,-1
2023-10-01 23:26:00,35.956646,126.98924,부송동,3,"가축 분뇨 냄새(닭, 돼지, 소)",0:0,-1
2023-10-02 00:04:00,35.93114,126.96788,동산동,3,"가축 분뇨 냄새(닭, 돼지, 소)",-3:-6,-1
2023-10-02 03:33:00,35.95998,126.99084,부송동,4,"공장 냄새(화학약품, 매캐함)",1:0,-1
2023-10-02 06:57:00,35.946873,127.04021,춘포면 천서리,2,"가축 분뇨 냄새(닭, 돼지, 소)",10:-3,-1
2023-10-02 08:30:00,35.923946,127.05388,춘포면 쌍정리,3,"가축 분뇨 냄새(닭, 돼지, 소)",12:-8,-1
2023-10-02 14:41:00,35.917618,127.065735,왕궁면 온수리,4,"가축 분뇨 냄새(닭, 돼지, 소)",14:-9,-1
2023-10-02 22:18:00,35.92239,127.054596,춘포면 쌍정리,5,"가축 분뇨 냄새(닭, 돼지, 소)",12:-8,-1
2023-10-03 13:09:00,35.946808,126.93472,모현동1가,5,음식조리 냄새,-9:-3,-1
2023-10-03 14:25:00,35.95997,126.990845,부송동,4,"공장 냄새(화학약품, 매캐함)",1:0,-1
2023-10-03 19:02:00,35.913357,126.861664,오산면 신지리,5,"가축 분뇨 냄새(닭, 돼지, 소)",-23:-10,-1
2023-10-03 20:09:00,35.923958,127.05386,춘포면 쌍정리,3,"가축 분뇨 냄새(닭, 돼지, 소)",12:-8,-1
2023-10-03 20:22:00,35.96066,126.97352,영등동,4,소각 냄새(태우는 냄새),-2:0,-1
2023-10-03 20:30:00,36.036243,126.984886,삼기면 오룡리,5,"가축 분뇨 냄새(닭, 돼지, 소)",0:17,-1
2023-10-03 20:53:00,35.93133,126.96743,동산동,5,"가축 분뇨 냄새(닭, 돼지, 소)",-4:-6,-1
2023-10-03 21:24:00,35.92733,126.966675,동산동,5,"가축 분뇨 냄새(닭, 돼지, 소)",-4:-7,-1
2023-10-03 21:24:00,35.92727,126.96666,동산동,5,"가축 분뇨 냄새(닭, 돼지, 소)",-4:-7,-1
2023-10-03 22:37:00,35.956528,126.99454,부송동,5,"공장 냄새(화학약품, 매캐함)",1:-1,-1
2023-10-04 23:25:00,35.93393,126.96402,동산동,4,"가축 분뇨 냄새(닭, 돼지, 소)",-4:-6,-1
2023-10-05 17:15:00,35.964523,126.98228,어양동,3,소각 냄새(태우는 냄새),-1:1,-1
2023-10-05 18:40:00,36.036156,126.98484,삼기면 오룡리,3,"가축 분뇨 냄새(닭, 돼지, 소)",0:17,-1
2023-10-05 21:55:00,35.923904,127.05371,춘포면 쌍정리,5,"가축 분뇨 냄새(닭, 돼지, 소)",12:-8,-1
2023-10-05 22:46:00,35.926132,126.95923,동산동,4,"가축 분뇨 냄새(닭, 돼지, 소)",-5:-7,251
2023-10-05 23:03:00,35.932644,126.96189,동산동,4,"가축 분뇨 냄새(닭, 돼지, 소)",-5:-6,251
2023-10-05 23:12:00,35.927105,126.96586,동산동,4,"가축 분뇨 냄새(닭, 돼지, 소)",-4:-7,251
2023-10-05 23:18:00,35.931187,126.967804,동산동,5,"가축 분뇨 냄새(닭, 돼지, 소)",-3:-6,251
2023-10-05 23:26:00,35.936943,126.97079,마동,5,"가축 분뇨 냄새(닭, 돼지, 소)",-3:-5,251
2023-10-05 23:29:00,35.928005,126.9618,동산동,5,"가축 분뇨 냄새(닭, 돼지, 소)",-5:-7,251
2023-10-06 01:00:00,35.923576,127.05414,춘포면 쌍정리,5,"가축 분뇨 냄새(닭, 돼지, 소)",12:-8,-1
2023-10-06 05:13:00,35.95676,126.97602,영등동,4,"가축 분뇨 냄새(닭, 돼지, 소)",-2:0,-1
2023-10-06 08:00:00,35.96104,126.99425,부송동,4,"공장 냄새(화학약품, 매캐함)",1:0,-1
2023-10-06 08:06:00,35.91344,126.86204,오산면 신지리,3,"가축 분뇨 냄새(닭, 돼지, 소)",-23:-10,-1
2023-10-06 08:33:00,35.946873,127.04021,춘포면 천서리,3,"공장 냄새(화학약품, 매캐함)",10:-3,-1
2023-10-06 09:01:00,35.95254,127.01054,팔봉동,3,"공장 냄새(화학약품, 매캐함)",4:-1,-1
2023-10-06 22:00:00,36.011215,126.97891,삼기면 간촌리,5,하수구 냄새,-1:12,-1
2023-10-06 22:03:00,35.923935,127.05389,춘포면 쌍정리,5,"가축 분뇨 냄새(닭, 돼지, 소)",12:-8,-1
2023-10-06 22:10:00,36.01092,126.99866,삼기면 기산리,4,하수구 냄새,2:12,-1
2023-10-06 23:57:00,36.00957,126.9763,삼기면 간촌리,5,하수구 냄새,-2:11,-1
2023-10-07 00:25:00,35.931385,126.96899,동산동,4,"가축 분뇨 냄새(닭, 돼지, 소)",-3:-6,-1
2023-10-07 00:31:00,35.963905,126.97455,영등동,4,기타,-2:1,-1
2023-10-07 00:41:00,35.956604,126.99763,부송동,4,"가축 분뇨 냄새(닭, 돼지, 소)",2:0,-1
2023-10-07 01:13:00,35.956284,126.997375,부송동,4,"가축 분뇨 냄새(닭, 돼지, 소)",2:-1,-1
2023-10-07 08:32:00,35.946873,127.04021,춘포면 천서리,3,"가축 분뇨 냄새(닭, 돼지, 소)",10:-3,-1
2023-10-07 18:05:00,35.947224,126.933975,모현동1가,5,음식조리 냄새,-10:-3,-1
2023-10-08 01:22:00,35.95997,126.99079,부송동,5,"공장 냄새(화학약품, 매캐함)",1:0,-1
2023-10-08 14:37:00,36.06804,126.98618,낭산면 용기리,4,"가축 분뇨 냄새(닭, 돼지, 소)",0:24,-1
2023-10-08 19:37:00,35.964493,126.982315,어양동,4,소각 냄새(태우는 냄새),-1:1,-1
2023-10-09 07:28:00,35.923943,127.05391,춘포면 쌍정리,4,"가축 분뇨 냄새(닭, 돼지, 소)",12:-8,-1
2023-10-09 07:46:00,35.946877,127.04021,춘포면 천서리,2,"가축 분뇨 냄새(닭, 돼지, 소)",10:-3,-1
2023-10-09 23:32:00,35.952312,126.98358,어양동,5,"가축 분뇨 냄새(닭, 돼지, 소)",-1:-1,-1
2023-10-10 06:33:00,35.946873,127.04021,춘포면 천서리,2,"가축 분뇨 냄새(닭, 돼지, 소)",10:-3,-1
2023-10-10 18:30:00,36.03614,126.98487,삼기면 오룡리,3,"가축 분뇨 냄새(닭, 돼지, 소)",0:17,-1
2023-10-11 02:04:00,35.954777,126.940735,모현동2가,4,"가축 분뇨 냄새(닭, 돼지, 소)",-8:-1,-1
2023-10-11 08:58:00,35.923893,127.05394,춘포면 쌍정리,4,"가축 분뇨 냄새(닭, 돼지, 소)",12:-8,-1
2023-10-11 17:53:00,36.011086,126.99858,삼기면 기산리,4,"가축 분뇨 냄새(닭, 돼지, 소)",2:12,-1
2023-10-11 19:00:00,36.036133,126.98483,삼기면 오룡리,5,"가축 분뇨 냄새(닭, 돼지, 소)",0:17,-1
2023-10-11 20:18:00,35.917587,127.066124,왕궁면 온수리,5,"가축 분뇨 냄새(닭, 돼지, 소)",14:-9,-1
2023-10-11 22:03:00,36.011135,126.97912,삼기면 간촌리,4,하수구 냄새,-1:12,-1
2023-10-11 22:51:00,35.93116,126.96789,동산동,4,"공장 냄새(화학약품, 매캐함)",-3:-6,-1
2023-10-12 00:32:00,35.963234,126.985344,부송동,5,"공장 냄새(화학약품, 매캐함)",0:1,-1
2023-10-12 01:52:00,35.956432,126.99462,부송동,5,"공장 냄새(화학약품, 매캐함)",1:-1,-1
2023-10-12 10:01:00,36.04262,127.00181,삼기면 연동리,4,"가축 분뇨 냄새(닭, 돼지, 소)",3:19,-1
2023-10-12 13:46:00,36.012012,126.99841,삼기면 기산리,4,하수구 냄새,2:12,-1
2023-10-12 22:22:00,35.956326,126.99894,용제동,3,기타,2:-1,-1
2023-10-13 15:38:00,35.923557,126.94978,인화동2가,4,하수구 냄새,-7:-8,-1
2023-10-13 19:58:00,35.924908,127.06409,왕궁면 온수리,5,"가축 분뇨 냄새(닭, 돼지, 소)",14:-8,-1
2023-10-13 21:03:00,35.957893,126.997925,부송동,5,"가축 분뇨 냄새(닭, 돼지, 소)",2:0,-1
2023-10-13 21:03:00,35.957424,126.99817,부송동,4,"가축 분뇨 냄새(닭, 돼지, 소)",2:0,-1
2023-10-13 21:14:00,35.956535,126.994286,부송동,5,"가축 분뇨 냄새(닭, 돼지, 소)",1:-1,252
2023-10-13 21:22:00,35.939224,126.98599,신흥동,4,"가축 분뇨 냄새(닭, 돼지, 소)",0:-4,-1
2023-10-13 21:28:00,36.078873,126.95965,함열읍 와리,5,"가축 분뇨 냄새(닭, 돼지, 소)",-5:27,-1
2023-10-13 21:30:00,35.956444,126.99508,부송동,4,"가축 분뇨 냄새(닭, 돼지, 소)",1:-1,252
2023-10-13 22:01:00,35.958454,126.98378,어양동,5,"가축 분뇨 냄새(닭, 돼지, 소)",-1:0,252
2023-10-13 22:39:00,35.953754,126.984184,어양동,5,"가축 분뇨 냄새(닭, 돼지, 소)",-1:-1,-1
2023-10-13 23:20:00,35.95693,126.99839,부송동,5,"가축 분뇨 냄새(닭, 돼지, 소)",2:0,-1
2023-10-13 23:27:00,35.927357,126.96598,동산동,5,"가축 분뇨 냄새(닭, 돼지, 소)",-4:-7,-1
2023-10-13 23:44:00,35.92691,126.954445,인화동2가,5,"가축 분뇨 냄새(닭, 돼지, 소)",-6:-7,-1
2023-10-14 09:01:00,35.91335,126.86162,오산면 신지리,3,"가축 분뇨 냄새(닭, 돼지, 소)",-23:-10,-1
2023-10-15 15:30:00,36.110767,126.98642,용동면 용성리,5,"가축 분뇨 냄새(닭, 돼지, 소)",0:34,-1
2023-10-15 16:40:00,35.952835,126.986244,어양동,4,"가축 분뇨 냄새(닭, 돼지, 소)",0:-1,-1
2023-10-15 22:10:00,35.955933,126.97803,영등동,4,"가축 분뇨 냄새(닭, 돼지, 소)",-2:-1,-1
2023-10-16 22:54:00,35.956554,126.973274,영등동,4,"가축 분뇨 냄새(닭, 돼지, 소)",-2:-1,-1
2023-10-17 09:48:00,35.94688,127.0402,춘포면 천서리,2,"가축 분뇨 냄새(닭, 돼지, 소)",10:-3,-1
2023-10-17 20:30:00,35.93609,126.97824,금강동,4,"가축 분뇨 냄새(닭, 돼지, 소)",-2:-5,-1
2023-10-17 21:26:00,35.959156,126.98452,어양동,5,"가축 분뇨 냄새(닭, 돼지, 소)",0:0,-1
2023-10-18 08:21:00,35.961407,126.969826,영등동,5,"가축 분뇨 냄새(닭, 돼지, 소)",-3:1,-1
2023-10-18 18:50:00,35.946693,126.934814,모현동1가,4,음식조리 냄새,-9:-3,-1
2023-10-18 22:34:00,35.96105,126.99425,부송동,4,"공장 냄새(화학약품, 매캐함)",1:0,-1
2023-10-19 13:53:00,35.971207,126.97994,어양동,5,기타,-1:3,-1
2023-10-19 21:41:00,35.946762,126.93449,모현동1가,5,음식조리 냄새,-9:-3,-1
2023-10-20 08:09:00,35.971157,126.97995,어양동,3,"가축 분뇨 냄새(닭, 돼지, 소)",-1:3,-1
2023-10-20 12:01:00,36.12303,126.981476,용동면 구산리,2,"가축 분뇨 냄새(닭, 돼지, 소)",-1:36,-1
2023-10-20 21:33:00,36.01108,126.99854,삼기면 기산리,5,"가축 분뇨 냄새(닭, 돼지, 소)",2:12,-1
2023-10-21 09:07:00,35.93083,126.96933,동산동,4,"가축 분뇨 냄새(닭, 돼지, 소)",-3:-6,-1
2023-10-21 22:53:00,35.931316,126.96779,동산동,4,"가축 분뇨 냄새(닭, 돼지, 소)",-3:-6,-1
2023-10-21 23:26:00,35.960323,126.98999,부송동,4,"가축 분뇨 냄새(닭, 돼지, 소)",1:0,-1
2023-10-21 23:29:00,35.92699,126.9612,동산동,5,"가축 분뇨 냄새(닭, 돼지, 소)",-5:-7,-1
2023-10-21 23:38:00,35.92692,126.95416,인화동2가,5,"가축 분뇨 냄새(닭, 돼지, 소)",-6:-7,-1
2023-10-21 23:47:00,35.960876,126.97117,영등동,4,"가축 분뇨 냄새(닭, 돼지, 소)",-3:0,-1
2023-10-22 00:08:00,35.96011,126.989685,부송동,5,"가축 분뇨 냄새(닭, 돼지, 소)",0:0,-1
2023-10-22 10:32:00,35.962845,126.99118,부송동,4,기타,1:1,-1
2023-10-22 17:37:00,36.07632,126.96388,함열읍 와리,3,"가축 분뇨 냄새(닭, 돼지, 소)",-4:26,-1
2023-10-22 20:27:00,35.96171,126.978745,영등동,3,"가축 분뇨 냄새(닭, 돼지, 소)",-1:1,-1
2023-10-22 21:00:00,35.961063,126.99423,부송동,5,"가축 분뇨 냄새(닭, 돼지, 소)",1:0,-1
2023-10-23 21:14:00,35.923706,127.0543,춘포면 쌍정리,3,"가축 분뇨 냄새(닭, 돼지, 소)",12:-8,-1
2023-10-24 21:44:00,35.92699,126.9612,동산동,5,"가축 분뇨 냄새(닭, 돼지, 소)",-5:-7,-1
2023-10-24 22:57:00,35.954865,126.98819,어양동,4,"공장 냄새(화학약품, 매캐함)",0:-1,-1
2023-10-25 07:14:00,35.95679,126.99853,부송동,4,"가축 분뇨 냄새(닭, 돼지, 소)",2:0,-1
2023-10-25 21:40:00,35.913574,126.86293,오산면 신지리,2,"가축 분뇨 냄새(닭, 돼지, 소)",-22:-10,-1
2023-10-25 22:24:00,35.961655,126.97874,영등동,4,"가축 분뇨 냄새(닭, 돼지, 소)",-1:1,-1
2023-10-25 22:30:00,35.95999,126.98956,부송동,5,"가축 분뇨 냄새(닭, 돼지, 소)",0:0,-1
2023-10-25 23:05:00,35.93158,126.96947,동산동,3,"가축 분뇨 냄새(닭, 돼지, 소)",-3:-6,-1
2023-10-26 09:36:00,35.97373,126.95917,신용동,3,소각 냄새(태우는 냄새),-5:3,-1
2023-10-27 08:01:00,35.923954,127.05395,춘포면 쌍정리,4,"가축 분뇨 냄새(닭, 돼지, 소)",12:-8,-1
2023-10-27 19:33:00,36.110924,126.98597,용동면 용성리,4,"가축 분뇨 냄새(닭, 돼지, 소)",0:34,-1
2023-10-28 23:46:00,35.957283,126.96241,신동,3,"공장 냄새(화학약품, 매캐함)",-4:0,-1
2023-10-29 20:42:00,35.913383,126.86182,오산면 신지리,2,"가축 분뇨 냄새(닭, 돼지, 소)",-23:-10,-1
2023-10-29 21:54:00,35.957874,126.99332,부송동,5,"가축 분뇨 냄새(닭, 돼지, 소)",1:0,-1
2023-10-29 22:08:00,35.931377,126.968834,동산동,5,"가축 분뇨 냄새(닭, 돼지, 소)",-3:-6,-1
2023-10-29 22:51:00,35.95999,126.98956,부송동,5,"가축 분뇨 냄새(닭, 돼지, 소)",0:0,-1
2023-10-30 18:12:00,35.964787,126.94359,현영동,3,소각 냄새(태우는 냄새),-8:1,-1
2023-10-30 22:21:00,35.956295,126.995186,부송동,4,"가축 분뇨 냄새(닭, 돼지, 소)",1:-1,-1
2023-10-30 22:44:00,35.959023,126.9929,부송동,4,하수구 냄새,1:0,-1
2023-10-30 22:52:00,35.9566,126.997665,부송동,4,"가축 분뇨 냄새(닭, 돼지, 소)",2:0,-1
2023-10-30 23:31:00,35.958477,126.983925,어양동,5,"가축 분뇨 냄새(닭, 돼지, 소)",-1:0,-1
2023-10-31 08:15:00,35.961357,126.99456,부송동,4,"공장 냄새(화학약품, 매캐함)",1:1,-1
2023-11-02 22:36:00,35.930965,126.96891,동산동,5,"가축 분뇨 냄새(닭, 돼지, 소)",-3:-6,-1
2023-11-03 07:23:00,35.913372,126.86176,오산면 신지리,3,"가축 분뇨 냄새(닭, 돼지, 소)",-23:-10,-1
2023-11-03 19:47:00,35.946854,126.9345,모현동1가,5,음식조리 냄새,-9:-3,-1
2023-11-03 23:10:00,35.92731,126.9526,인화동2가,5,"가축 분뇨 냄새(닭, 돼지, 소)",-6:-7,-1
2023-11-04 07:06:00,35.950367,126.948395,모현동1가,4,"공장 냄새(화학약품, 매캐함)",-7:-2,-1
2023-11-04 20:49:00,35.95488,126.988235,어양동,3,"공장 냄새(화학약품, 매캐함)",0:-1,-1
2023-11-04 21:31:00,36.036285,126.98489,삼기면 오룡리,5,"가축 분뇨 냄새(닭, 돼지, 소)",0:17,-1
2023-11-04 21:43:00,35.913387,126.861855,오산면 신지리,4,"가축 분뇨 냄새(닭, 돼지, 소)",-23:-10,-1
2023-11-06 00:42:00,35.92713,126.96584,동산동,3,"가축 분뇨 냄새(닭, 돼지, 소)",-4:-7,-1
2023-11-07 19:00:00,36.03623,126.9849,삼기면 오룡리,4,"가축 분뇨 냄새(닭, 돼지, 소)",0:17,-1
2023-11-07 19:49:00,35.946762,126.934784,모현동1가,5,음식조리 냄새,-9:-3,-1
2023-11-08 08:45:00,35.924,127.05388,춘포면 쌍정리,4,"가축 분뇨 냄새(닭, 돼지, 소)",12:-8,-1
2023-11-08 17:26:00,35.94974,127.09686,왕궁면 구덕리,5,"가축 분뇨 냄새(닭, 돼지, 소)",20:-2,-1
2023-11-08 20:37:00,35.913364,126.86172,오산면 신지리,2,"가축 분뇨 냄새(닭, 돼지, 소)",-23:-10,-1
2023-11-08 20:37:00,35.93123,126.96783,동산동,3,"가축 분뇨 냄새(닭, 돼지, 소)",-3:-6,-1
2023-11-08 20:53:00,35.929638,126.97039,동산동,5,"가축 분뇨 냄새(닭, 돼지, 소)",-3:-6,-1
2023-11-09 07:53:00,35.961052,126.994286,부송동,4,소각 냄새(태우는 냄새),1:0,-1
2023-11-09 19:24:00,35.96106,126.994255,부송동,5,소각 냄새(태우는 냄새),1:0,-1
2023-11-13 08:04:00,35.92398,127.05388,춘포면 쌍정리,4,"가축 분뇨 냄새(닭, 돼지, 소)",12:-8,-1
2023-11-13 08:25:00,35.93913,126.98596,신흥동,4,"가축 분뇨 냄새(닭, 돼지, 소)",0:-4,-1
2023-11-18 13:40:00,36.11077,126.98642,용동면 용성리,4,"가축 분뇨 냄새(닭, 돼지, 소)",0:34,-1
2023-11-19 12:09:00,35.96581,127.01842,팔봉동,2,소각 냄새(태우는 냄새),6:2,-1
2023-11-20 09:06:00,35.91238,126.86679,오산면 신지리,2,"가축 분뇨 냄새(닭, 돼지, 소)",-22:-10,-1
2023-11-20 20:49:00,35.913387,126.86157,오산면 신지리,4,"가축 분뇨 냄새(닭, 돼지, 소)",-23:-10,-1
2023-11-20 21:11:00,35.929638,126.97039,동산동,5,"가축 분뇨 냄새(닭, 돼지, 소)",-3:-6,-1
2023-11-20 21:26:00,35.940216,126.9443,창인동2가,4,기타,-8:-4,-1
2023-11-21 07:55:00,35.9238,127.05426,춘포면 쌍정리,3,"가축 분뇨 냄새(닭, 돼지, 소)",12:-8,-1
2023-11-22 16:52:00,35.93914,126.98596,신흥동,4,"가축 분뇨 냄새(닭, 돼지, 소)",0:-4,-1
2023-11-28 22:32:00,36.036243,126.98489,삼기면 오룡리,4,"가축 분뇨 냄새(닭, 돼지, 소)",0:17,-1
2023-12-03 21:01:00,35.913353,126.86162,오산면 신지리,2,"가축 분뇨 냄새(닭, 돼지, 소)",-23:-10,-1
2023-12-03 21:52:00,35.927082,126.96127,동산동,5,"가축 분뇨 냄새(닭, 돼지, 소)",-5:-7,-1
2023-12-04 23:51:00,35.9645,126.982315,어양동,4,소각 냄새(태우는 냄새),-1:1,-1
2023-12-05 20:13:00,35.954876,126.98836,어양동,2,"공장 냄새(화학약품, 매캐함)",0:-1,-1
2023-12-05 20:15:00,35.961266,126.99413,부송동,3,소각 냄새(태우는 냄새),1:1,-1
2023-12-05 20:47:00,35.91335,126.861626,오산면 신지리,5,"가축 분뇨 냄새(닭, 돼지, 소)",-23:-10,-1
2023-12-05 21:06:00,35.95753,126.99796,부송동,4,"공장 냄새(화학약품, 매캐함)",2:0,-1
2023-12-06 09:02:00,35.952873,127.011284,팔봉동,2,"공장 냄새(화학약품, 매캐함)",4:-1,-1
2023-12-07 09:42:00,35.939144,126.98595,신흥동,2,기타,0:-4,-1
2023-12-08 09:03:00,35.919037,126.8629,오산면 신지리,4,"가축 분뇨 냄새(닭, 돼지, 소)",-22:-9,-1
2023-12-09 09:08:00,35.913696,126.86133,오산면 신지리,3,"가축 분뇨 냄새(닭, 돼지, 소)",-23:-10,-1
2023-12-10 17:25:00,35.963833,126.97261,영등동,2,"공장 냄새(화학약품, 매캐함)",-3:1,-1
2023-12-10 17:51:00,35.964516,126.9823,어양동,5,소각 냄새(태우는 냄새),-1:1,-1
2023-12-10 18:28:00,35.916645,126.88506,오산면 신지리,5,"가축 분뇨 냄새(닭, 돼지, 소)",-18:-9,-1
2023-12-10 23:01:00,35.942932,126.9301,송학동,4,소각 냄새(태우는 냄새),-10:-4,-1
2023-12-13 19:39:00,35.954876,126.98821,어양동,3,"공장 냄새(화학약품, 매캐함)",0:-1,-1
2023-12-22 13:22:00,36.011154,126.97886,삼기면 간촌리,3,"공장 냄새(화학약품, 매캐함)",-1:12,-1
2023-12-23 17:39:00,36.036163,126.98483,삼기면 오룡리,4,"가축 분뇨 냄새(닭, 돼지, 소)",0:17,-1
2023-12-25 08:52:00,35.91351,126.86193,오산면 신지리,3,"가축 분뇨 냄새(닭, 돼지, 소)",-23:-10,-1
2023-12-29 10:19:00,35.963173,126.97459,영등동,5,"가축 분뇨 냄새(닭, 돼지, 소)",-2:1,-1
2024-01-04 20:05:00,35.928116,126.96332,동산동,3,"가축 분뇨 냄새(닭, 돼지, 소)",-4:-7,-1
2024-01-06 21:37:00,35.961044,126.9943,부송동,5,"가축 분뇨 냄새(닭, 돼지, 소)",1:0,-1
2024-01-11 20:40:00,35.965057,126.987114,부송동,5,"공장 냄새(화학약품, 매캐함)",0:1,-1
2024-01-16 20:22:00,36.03227,126.99114,삼기면 오룡리,3,"가축 분뇨 냄새(닭, 돼지, 소)",1:16,-1
2024-01-26 08:31:00,35.91337,126.86173,오산면 신지리,2,"가축 분뇨 냄새(닭, 돼지, 소)",-23:-10,-1
2024-01-27 09:42:00,35.956482,126.97473,영등동,3,"공장 냄새(화학약품, 매캐함)",-2:-1,-1
2024-01-31 09:11:00,35.9133,126.861725,오산면 신지리,2,기타,-23:-10,-1
2024-02-04 23:33:00,35.95498,126.99557,부송동,3,소각 냄새(태우는 냄새),2:-1,-1
2024-02-05 18:07:00,35.913364,126.86168,오산면 신지리,2,"가축 분뇨 냄새(닭, 돼지, 소)",-23:-10,-1
2024-02-07 12:35:00,36.110756,126.986404,용동면 용성리,3,"가축 분뇨 냄새(닭, 돼지, 소)",0:34,-1
2024-02-10 08:33:00,35.913044,126.86175,오산면 신지리,4,"가축 분뇨 냄새(닭, 돼지, 소)",-23:-10,-1
2024-02-12 21:43:00,35.91347,126.861755,오산면 신지리,3,"가축 분뇨 냄새(닭, 돼지, 소)",-23:-10,-1
2024-02-14 09:23:00,35.956768,126.97588,영등동,4,"가축 분뇨 냄새(닭, 돼지, 소)",-2:0,-1
2024-02-16 23:17:00,35.95867,126.9733,영등동,3,"가축 분뇨 냄새(닭, 돼지, 소)",-2:0,-1
2024-02-17 19:01:00,35.96142,126.97477,영등동,4,"가축 분뇨 냄새(닭, 돼지, 소)",-2:1,-1
2024-02-22 17:38:00,35.919487,127.062004,왕궁면 온수리,4,"가축 분뇨 냄새(닭, 돼지, 소)",14:-9,-1
2024-02-24 07:39:00,35.95487,126.9882,어양동,2,"공장 냄새(화학약품, 매캐함)",0:-1,-1
2024-02-26 08:41:00,35.915157,126.86495,오산면 신지리,4,"가축 분뇨 냄새(닭, 돼지, 소)",-22:-10,-1
2024-02-28 14:38:00,35.963924,126.97272,영등동,2,소각 냄새(태우는 냄새),-3:1,-1
2024-03-06 21:18:00,35.946346,126.94861,남중동,4,"가축 분뇨 냄새(닭, 돼지, 소)",-7:-3,-1
2024-03-10 01:56:00,35.96394,126.97256,영등동,3,소각 냄새(태우는 냄새),-3:1,-1
2024-03-10 15:41:00,36.111755,126.98554,용동면 용성리,4,"가축 분뇨 냄새(닭, 돼지, 소)",0:34,-1
2024-03-13 21:00:00,35.93792,126.94268,송학동,4,하수구 냄새,-8:-5,-1
2024-03-14 23:45:00,35.958908,126.9732,영등동,3,"가축 분뇨 냄새(닭, 돼지, 소)",-2:0,-1
2024-03-15 00:12:00,35.96077,126.97723,영등동,4,"공장 냄새(화학약품, 매캐함)",-2:0,-1
2024-03-15 07:43:00,35.954914,126.98821,어양동,3,"공장 냄새(화학약품, 매캐함)",0:-1,-1
2024-03-15 10:30:00,35.93792,126.94268,송학동,4,하수구 냄새,-8:-5,-1
2024-03-21 22:14:00,35.954956,126.98821,어양동,4,"공장 냄새(화학약품, 매캐함)",0:-1,-1
2024-03-22 03:01:00,35.959873,126.987816,부송동,3,"가축 분뇨 냄새(닭, 돼지, 소)",0:0,-1
2024-03-23 19:28:00,36.036644,126.98285,삼기면 오룡리,4,"가축 분뇨 냄새(닭, 돼지, 소)",-1:17,-1
2024-03-24 15:08:00,35.916428,126.85458,오산면 신지리,5,"가축 분뇨 냄새(닭, 돼지, 소)",-24:-9,-1
2024-03-25 08:55:00,35.933247,127.05618,왕궁면 쌍제리,4,"가축 분뇨 냄새(닭, 돼지, 소)",12:-6,-1
2024-03-25 15:41:00,35.946056,126.966194,영등동,5,"공장 냄새(화학약품, 매캐함)",-4:-3,-1
2024-03-26 15:18:00,35.932957,127.05611,왕궁면 쌍제리,4,"가축 분뇨 냄새(닭, 돼지, 소)",12:-6,-1
2024-03-27 21:06:00,35.954964,126.98819,어양동,3,"공장 냄새(화학약품, 매캐함)",0:-1,-1
2024-03-27 21:33:00,35.95652,126.97307,영등동,3,"공장 냄새(화학약품, 매캐함)",-3:-1,-1
2024-04-01 01:35:00,35.923218,127.05441,춘포면 쌍정리,5,"가축 분뇨 냄새(닭, 돼지, 소)",12:-8,-1
2024-04-02 07:00:00,36.036255,126.984886,삼기면 오룡리,5,"가축 분뇨 냄새(닭, 돼지, 소)",0:17,-1
2024-04-08 09:40:00,35.933258,127.0562,왕궁면 쌍제리,4,"가축 분뇨 냄새(닭, 돼지, 소)",12:-6,-1
2024-04-13 22:29:00,35.96319,126.94999,신동,3,"가축 분뇨 냄새(닭, 돼지, 소)",-7:1,-1
2024-04-14 21:27:00,35.9419,126.9323,송학동,1,"가축 분뇨 냄새(닭, 돼지, 소)",-10:-4,-1
2024-04-17 20:42:00,35.96415,126.94831,모현동2가,5,"가축 분뇨 냄새(닭, 돼지, 소)",-7:1,-1
2024-04-18 01:45:00,35.923668,127.05423,춘포면 쌍정리,5,"가축 분뇨 냄새(닭, 돼지, 소)",12:-8,-1
2024-04-18 04:53:00,35.913372,126.861694,오산면 신지리,5,"가축 분뇨 냄새(닭, 돼지, 소)",-23:-10,-1
2024-04-18 09:24:00,35.957325,126.94115,모현동2가,5,"가축 분뇨 냄새(닭, 돼지, 소)",-8:0,-1
2024-04-19 18:10:00,35.950035,126.8879,오산면 오산리,3,"가축 분뇨 냄새(닭, 돼지, 소)",-18:-2,-1
2024-04-20 12:53:00,35.919598,127.06337,왕궁면 온수리,3,"가축 분뇨 냄새(닭, 돼지, 소)",14:-9,-1
2024-04-20 12:56:00,35.91954,127.063324,왕궁면 온수리,2,"가축 분뇨 냄새(닭, 돼지, 소)",14:-9,-1
2024-04-21 18:04:00,36.068413,126.98659,낭산면 용기리,4,"가축 분뇨 냄새(닭, 돼지, 소)",0:24,-1
2024-04-23 16:19:00,35.963013,126.9519,신동,4,"가축 분뇨 냄새(닭, 돼지, 소)",-6:1,-1
2024-04-27 02:29:00,35.940674,126.93022,송학동,4,"가축 분뇨 냄새(닭, 돼지, 소)",-10:-4,-1
2024-05-04 22:11:00,36.077938,126.961334,함열읍 와리,5,"가축 분뇨 냄새(닭, 돼지, 소)",-5:26,-1
2024-05-13 20:02:00,35.968586,127.09091,왕궁면 흥암리,5,"가축 분뇨 냄새(닭, 돼지, 소)",19:2,-1
2024-05-15 00:13:00,35.92868,126.95704,동산동,5,"가축 분뇨 냄새(닭, 돼지, 소)",-5:-7,-1
2024-05-15 00:13:00,35.92868,126.95704,동산동,5,"가축 분뇨 냄새(닭, 돼지, 소)",-5:-7,-1
2024-05-17 07:40:00,35.91252,126.86989,오산면 신지리,3,"가축 분뇨 냄새(닭, 돼지, 소)",-21:-10,-1
2024-05-18 02:00:00,35.94066,126.93024,송학동,4,"가축 분뇨 냄새(닭, 돼지, 소)",-10:-4,-1
2024-05-18 23:10:00,36.07792,126.96159,함열읍 와리,5,"가축 분뇨 냄새(닭, 돼지, 소)",-5:26,-1
2024-05-19 20:32:00,35.96572,127.01651,팔봉동,3,"공장 냄새(화학약품, 매캐함)",5:2,-1
2024-05-21 09:31:00,36.03523,126.99154,삼기면 오룡리,4,"공장 냄새(화학약품, 매캐함)",1:17,-1
2024-05-21 21:27:00,35.966183,127.01542,팔봉동,5,"공장 냄새(화학약품, 매캐함)",5:2,-1
2024-05-22 22:11:00,35.913788,126.86375,오산면 신지리,3,"가축 분뇨 냄새(닭, 돼지, 소)",-22:-10,-1
2024-05-25 21:16:00,35.93585,126.97866,금강동,2,"가축 분뇨 냄새(닭, 돼지, 소)",-2:-5,-1
2024-05-25 21:19:00,35.94683,126.94631,모현동1가,2,하수구 냄새,-7:-3,-1
2024-05-25 21:58:00,35.93369,126.96403,동산동,3,"가축 분뇨 냄새(닭, 돼지, 소)",-4:-6,-1
2024-05-25 22:04:00,35.969097,127.08995,왕궁면 흥암리,3,"가축 분뇨 냄새(닭, 돼지, 소)",19:2,253
2024-05-25 22:14:00,35.969303,127.0919,왕궁면 흥암리,4,"가축 분뇨 냄새(닭, 돼지, 소)",19:2,253
2024-05-25 22:15:00,35.968956,127.09218,왕궁면 흥암리,5,"가축 분뇨 냄새(닭, 돼지, 소)",19:2,253
2024-05-25 22:22:00,35.968533,127.089874,왕궁면 흥암리,5,"가축 분뇨 냄새(닭, 돼지, 소)",19:2,253
2024-05-25 22:47:00,35.96743,127.089554,왕궁면 흥암리,5,"가축 분뇨 냄새(닭, 돼지, 소)",18:2,253
2024-05-25 23:00:00,35.968365,127.09039,왕궁면 흥암리,5,"가축 분뇨 냄새(닭, 돼지, 소)",19:2,253
2024-05-26 15:14:00,35.956726,126.99868,부송동,4,"가축 분뇨 냄새(닭, 돼지, 소)",2:0,-1
2024-05-26 17:34:00,35.93914,126.98595,신흥동,4,"가축 분뇨 냄새(닭, 돼지, 소)",0:-4,-1
2024-05-27 15:51:00,35.9685,127.09069,왕궁면 흥암리,5,"가축 분뇨 냄새(닭, 돼지, 소)",19:2,-1
2024-05-28 01:11:00,35.926857,126.95342,인화동2가,4,"가축 분뇨 냄새(닭, 돼지, 소)",-6:-7,-1
2024-05-28 18:46:00,35.952633,127.01065,팔봉동,3,"공장 냄새(화학약품, 매캐함)",4:-1,-1
2024-05-28 19:14:00,35.94703,126.93687,모현동1가,4,음식조리 냄새,-9:-3,-1
2024-05-28 21:06:00,35.957523,126.96208,신동,3,"공장 냄새(화학약품, 매캐함)",-4:0,-1
2024-05-30 06:55:00,35.968674,127.091385,왕궁면 흥암리,4,"가축 분뇨 냄새(닭, 돼지, 소)",19:2,-1
2024-05-30 14:29:00,35.95305,126.976,영등동,4,"공장 냄새(화학약품, 매캐함)",-2:-1,-1
2024-05-30 15:28:00,35.952995,127.01192,팔봉동,3,"공장 냄새(화학약품, 매캐함)",4:-1,-1
2024-05-30 22:36:00,35.96949,127.09011,왕궁면 흥암리,3,"가축 분뇨 냄새(닭, 돼지, 소)",19:2,-1
2024-06-01 21:51:00,35.96918,127.09,왕궁면 흥암리,3,"가축 분뇨 냄새(닭, 돼지, 소)",19:2,254
2024-06-01 22:18:00,35.96858,127.0915,왕궁면 흥암리,3,"가축 분뇨 냄새(닭, 돼지, 소)",19:2,254
2024-06-01 22:19:00,35.969307,127.09191,왕궁면 흥암리,3,"가축 분뇨 냄새(닭, 돼지, 소)",19:2,254
2024-06-01 22:19:00,35.969543,127.090065,왕궁면 흥암리,3,"가축 분뇨 냄새(닭, 돼지, 소)",19:2,254
2024-06-01 22:36:00,35.968506,127.08989,왕궁면 흥암리,3,"가축 분뇨 냄새(닭, 돼지, 소)",19:2,254
2024-06-01 22:46:00,35.969482,127.09065,왕궁면 흥암리,4,"가축 분뇨 냄새(닭, 돼지, 소)",19:2,254
2024-06-01 22:51:00,35.969,127.09138,왕궁면 흥암리,3,"가축 분뇨 냄새(닭, 돼지, 소)",19:2,254
2024-06-02 08:08:00,35.95305,126.95962,남중동,2,"가축 분뇨 냄새(닭, 돼지, 소)",-5:-1,-1
2024-06-02 23:58:00,35.96902,127.09052,왕궁면 흥암리,3,소각 냄새(태우는 냄새),19:2,-1
2024-06-03 07:43:00,36.03691,126.98261,삼기면 오룡리,5,"가축 분뇨 냄새(닭, 돼지, 소)",-1:17,-1
2024-06-04 19:40:00,36.036343,126.98493,삼기면 오룡리,3,"가축 분뇨 냄새(닭, 돼지, 소)",0:17,-1
2024-06-04 22:08:00,35.968643,127.09021,왕궁면 흥암리,3,"가축 분뇨 냄새(닭, 돼지, 소)",19:2,-1
2024-06-07 23:17:00,35.9695,127.09008,왕궁면 흥암리,4,"가축 분뇨 냄새(닭, 돼지, 소)",19:2,-1
2024-06-07 23:56:00,35.945854,126.94666,모현동1가,5,소각 냄새(태우는 냄새),-7:-3,-1
2024-06-08 00:10:00,35.926838,126.953445,인화동2가,3,"가축 분뇨 냄새(닭, 돼지, 소)",-6:-7,-1
2024-06-08 20:51:00,35.946194,126.948616,남중동,3,"가축 분뇨 냄새(닭, 돼지, 소)",-7:-3,-1
2024-06-10 01:02:00,35.963478,126.97417,영등동,2,"공장 냄새(화학약품, 매캐함)",-2:1,-1
2024-06-10 01:26:00,35.950497,126.96415,영등동,4,"가축 분뇨 냄새(닭, 돼지, 소)",-4:-2,-1
2024-06-10 01:28:00,35.926834,126.953445,인화동2가,3,"가축 분뇨 냄새(닭, 돼지, 소)",-6:-7,-1
2024-06-10 05:55:00,35.968708,127.09136,왕궁면 흥암리,4,"가축 분뇨 냄새(닭, 돼지, 소)",19:2,-1
2024-06-12 00:33:00,35.926846,126.95346,인화동2가,2,"가축 분뇨 냄새(닭, 돼지, 소)",-6:-7,-1
2024-06-12 08:25:00,35.950977,127.01161,석암동,3,"공장 냄새(화학약품, 매캐함)",4:-2,-1
2024-06-12 08:29:00,35.953163,127.01175,팔봉동,3,"공장 냄새(화학약품, 매캐함)",4:-1,-1
2024-06-12 08:30:00,35.951244,127.010925,석암동,3,"공장 냄새(화학약품, 매캐함)",4:-2,-1
2024-06-12 08:30:00,35.95094,127.01229,석암동,3,"공장 냄새(화학약품, 매캐함)",5:-2,-1
2024-06-13 01:05:00,35.969692,127.09114,왕궁면 흥암리,3,기타,19:2,-1
2024-06-14 07:00:00,36.03616,126.98494,삼기면 오룡리,4,"가축 분뇨 냄새(닭, 돼지, 소)",0:17,-1
2024-06-14 21:19:00,35.96917,127.090004,왕궁면 흥암리,3,"가축 분뇨 냄새(닭, 돼지, 소)",19:2,-1
2024-06-15 01:09:00,35.95312,126.984146,어양동,3,"가축 분뇨 냄새(닭, 돼지, 소)",-1:-1,-1
2024-06-15 02:29:00,35.944042,126.96946,마동,4,"가축 분뇨 냄새(닭, 돼지, 소)",-3:-3,-1
2024-06-15 02:51:00,35.9282,126.9381,목천동,4,"가축 분뇨 냄새(닭, 돼지, 소)",-9:-7,-1
2024-06-15 02:53:00,35.94066,126.93024,송학동,4,"가축 분뇨 냄새(닭, 돼지, 소)",-10:-4,-1
2024-06-15 07:57:00,35.956055,126.9952,부송동,4,"가축 분뇨 냄새(닭, 돼지, 소)",1:-1,-1
2024-06-15 08:26:00,35.961437,126.974815,영등동,5,"가축 분뇨 냄새(닭, 돼지, 소)",-2:1,-1
2024-06-15 22:17:00,35.96882,127.09055,왕궁면 흥암리,4,"가축 분뇨 냄새(닭, 돼지, 소)",19:2,-1
2024-06-15 22:25:00,35.968956,127.091385,왕궁면 흥암리,5,"가축 분뇨 냄새(닭, 돼지, 소)",19:2,-1
2024-06-16 10:35:00,35.969284,127.090416,왕궁면 흥암리,4,"가축 분뇨 냄새(닭, 돼지, 소)",19:2,-1
2024-06-16 15:28:00,36.11071,126.986404,용동면 용성리,3,"가축 분뇨 냄새(닭, 돼지, 소)",0:34,-1
2024-06-16 19:05:00,35.968452,127.08988,왕궁면 흥암리,5,"가축 분뇨 냄새(닭, 돼지, 소)",19:2,-1
2024-06-16 21:38:00,35.969025,127.09113,왕궁면 흥암리,5,"가축 분뇨 냄새(닭, 돼지, 소)",19:2,-1
2024-06-16 22:56:00,35.968468,127.09136,왕궁면 흥암리,5,"가축 분뇨 냄새(닭, 돼지, 소)",19:2,-1
2024-06-16 22:57:00,35.96949,127.090996,왕궁면 흥암리,3,기타,19:2,-1
2024-06-16 23:03:00,35.968662,127.090744,왕궁면 흥암리,5,"가축 분뇨 냄새(닭, 돼지, 소)",19:2,-1
2024-06-17 02:28:00,35.968925,127.091675,왕궁면 흥암리,4,"가축 분뇨 냄새(닭, 돼지, 소)",19:2,-1
2024-06-17 07:04:00,35.913357,126.86169,오산면 신지리,2,"가축 분뇨 냄새(닭, 돼지, 소)",-23:-10,-1
2024-06-17 07:17:00,35.96114,126.994316,부송동,3,"공장 냄새(화학약품, 매캐함)",1:1,-1
2024-06-17 09:03:00,35.95933,126.98177,어양동,4,"가축 분뇨 냄새(닭, 돼지, 소)",-1:0,-1
2024-06-17 21:42:00,35.968967,127.09136,왕궁면 흥암리,3,"가축 분뇨 냄새(닭, 돼지, 소)",19:2,-1
2024-06-17 21:43:00,35.968407,127.09167,왕궁면 흥암리,5,"가축 분뇨 냄새(닭, 돼지, 소)",19:2,-1
2024-06-18 06:04:00,35.96863,127.09134,왕궁면 흥암리,4,"가축 분뇨 냄새(닭, 돼지, 소)",19:2,-1
2024-06-18 20:56:00,35.96862,127.091385,왕궁면 흥암리,3,"가축 분뇨 냄새(닭, 돼지, 소)",19:2,-1
2024-06-18 20:56:00,35.969345,127.09039,왕궁면 흥암리,3,"가축 분뇨 냄새(닭, 돼지, 소)",19:2,-1
2024-06-18 20:59:00,35.96866,127.091385,왕궁면 흥암리,3,"가축 분뇨 냄새(닭, 돼지, 소)",19:2,-1
2024-06-18 21:03:00,35.96986,127.0902,왕궁면 흥암리,4,"가축 분뇨 냄새(닭, 돼지, 소)",19:2,-1
2024-06-18 22:06:00,35.969147,127.09166,왕궁면 흥암리,4,"가축 분뇨 냄새(닭, 돼지, 소)",19:2,-1
2024-06-18 22:09:00,35.96866,127.0909,왕궁면 흥암리,5,"가축 분뇨 냄새(닭, 돼지, 소)",19:2,-1
2024-06-18 22:14:00,35.968433,127.091354,왕궁면 흥암리,4,"가축 분뇨 냄새(닭, 돼지, 소)",19:2,-1
2024-06-18 22:24:00,35.96912,127.09188,왕궁면 흥암리,3,"가축 분뇨 냄새(닭, 돼지, 소)",19:2,-1
2024-06-18 22:25:00,36.077908,126.961555,함열읍 와리,4,"가축 분뇨 냄새(닭, 돼지, 소)",-5:26,-1
2024-06-18 23:03:00,35.91378,126.863594,오산면 신지리,4,"가축 분뇨 냄새(닭, 돼지, 소)",-22:-10,-1
2024-06-18 23:08:00,35.927715,126.966934,동산동,4,"가축 분뇨 냄새(닭, 돼지, 소)",-4:-7,-1
2024-06-18 23:12:00,35.931274,126.96965,동산동,4,"가축 분뇨 냄새(닭, 돼지, 소)",-3:-6,-1
2024-06-18 23:12:00,35.913532,126.86162,오산면 신지리,4,"가축 분뇨 냄새(닭, 돼지, 소)",-23:-10,-1
2024-06-18 23:13:00,35.9435,126.96973,신흥동,3,"가축 분뇨 냄새(닭, 돼지, 소)",-3:-3,-1
2024-06-18 23:21:00,35.96171,126.986115,어양동,4,"가축 분뇨 냄새(닭, 돼지, 소)",0:1,-1
2024-06-19 02:07:00,35.940662,126.930214,송학동,4,"가축 분뇨 냄새(닭, 돼지, 소)",-10:-4,-1
2024-06-19 06:46:00,35.969116,127.09187,왕궁면 흥암리,4,"가축 분뇨 냄새(닭, 돼지, 소)",19:2,-1
2024-06-19 08:01:00,35.968693,127.09098,왕궁면 흥암리,3,"가축 분뇨 냄새(닭, 돼지, 소)",19:2,-1
2024-06-19 19:15:00,35.968647,127.09139,왕궁면 흥암리,3,"가축 분뇨 냄새(닭, 돼지, 소)",19:2,-1
2024-06-19 19:24:00,35.93914,126.98595,신흥동,4,"공장 냄새(화학약품, 매캐함)",0:-4,-1
2024-06-19 19:24:00,35.96861,127.09137,왕궁면 흥암리,4,"가축 분뇨 냄새(닭, 돼지, 소)",19:2,-1
2024-06-19 21:59:00,35.968334,127.091835,왕궁면 흥암리,5,"가축 분뇨 냄새(닭, 돼지, 소)",19:2,-1
2024-06-19 22:12:00,35.968925,127.091415,왕궁면 흥암리,5,"가축 분뇨 냄새(닭, 돼지, 소)",19:2,-1
2024-06-20 19:16:00,35.968494,127.09132,왕궁면 흥암리,5,"가축 분뇨 냄새(닭, 돼지, 소)",19:2,-1
2024-06-20 19:55:00,35.913357,126.86169,오산면 신지리,2,"가축 분뇨 냄새(닭, 돼지, 소)",-23:-10,-1
2024-06-20 20:38:00,35.92732,126.96671,동산동,4,"가축 분뇨 냄새(닭, 돼지, 소)",-4:-7,-1
2024-06-20 20:39:00,35.927315,126.96672,동산동,4,"가축 분뇨 냄새(닭, 돼지, 소)",-4:-7,-1
2024-06-20 21:10:00,35.93037,126.97163,동산동,3,"가축 분뇨 냄새(닭, 돼지, 소)",-3:-6,-1
2024-06-20 21:19:00,36.06455,126.96008,함열읍 석매리,4,"가축 분뇨 냄새(닭, 돼지, 소)",-5:23,-1
2024-06-20 22:41:00,35.96925,127.0901,왕궁면 흥암리,3,"가축 분뇨 냄새(닭, 돼지, 소)",19:2,-1
2024-06-20 22:43:00,35.969563,127.090126,왕궁면 흥암리,5,"가축 분뇨 냄새(닭, 돼지, 소)",19:2,-1
2024-06-20 23:09:00,35.969463,127.09155,왕궁면 흥암리,3,"가축 분뇨 냄새(닭, 돼지, 소)",19:2,-1
2024-06-20 23:56:00,35.968437,127.09136,왕궁면 흥암리,4,"가축 분뇨 냄새(닭, 돼지, 소)",19:2,-1
2024-06-21 21:12:00,35.968433,127.09164,왕궁면 흥암리,5,"가축 분뇨 냄새(닭, 돼지, 소)",19:2,-1
2024-06-21 21:20:00,35.968536,127.09109,왕궁면 흥암리,3,"가축 분뇨 냄새(닭, 돼지, 소)",19:2,-1
2024-06-21 21:57:00,35.930275,126.95887,동산동,4,"공장 냄새(화학약품, 매캐함)",-5:-6,-1
2024-06-22 01:13:00,35.9693,127.09079,왕궁면 흥암리,4,"가축 분뇨 냄새(닭, 돼지, 소)",19:2,-1
2024-06-22 01:16:00,35.96112,126.99431,부송동,3,"공장 냄새(화학약품, 매캐함)",1:1,-1
2024-06-22 01:25:00,35.96873,127.09089,왕궁면 흥암리,5,"가축 분뇨 냄새(닭, 돼지, 소)",19:2,-1
2024-06-22 01:26:00,35.968807,127.091034,왕궁면 흥암리,5,"가축 분뇨 냄새(닭, 돼지, 소)",19:2,-1
2024-06-22 10:22:00,35.91336,126.86169,오산면 신지리,4,"가축 분뇨 냄새(닭, 돼지, 소)",-23:-10,-1
2024-06-22 18:35:00,35.968533,127.09165,왕궁면 흥암리,4,"가축 분뇨 냄새(닭, 돼지, 소)",19:2,-1
2024-06-22 23:05:00,35.969337,127.09043,왕궁면 흥암리,3,"가축 분뇨 냄새(닭, 돼지, 소)",19:2,-1
2024-06-23 11:10:00,35.968338,127.09157,왕궁면 흥암리,5,"가축 분뇨 냄새(닭, 돼지, 소)",19:2,-1
2024-06-23 16:33:00,35.96923,127.09024,왕궁면 흥암리,2,"가축 분뇨 냄새(닭, 돼지, 소)",19:2,-1
2024-06-23 20:15:00,35.968758,127.090324,왕궁면 흥암리,3,"가축 분뇨 냄새(닭, 돼지, 소)",19:2,255
2024-06-23 20:22:00,35.96984,127.09018,왕궁면 흥암리,4,"가축 분뇨 냄새(닭, 돼지, 소)",19:2,255
2024-06-23 20:28:00,35.969067,127.09107,왕궁면 흥암리,5,"가축 분뇨 냄새(닭, 돼지, 소)",19:2,255
2024-06-23 20:32:00,35.96958,127.09007,왕궁면 흥암리,4,"가축 분뇨 냄새(닭, 돼지, 소)",19:2,255
2024-06-23 20:46:00,35.969593,127.09138,왕궁면 흥암리,4,"가축 분뇨 냄새(닭, 돼지, 소)",19:2,255
2024-06-23 20:51:00,35.9692,127.09166,왕궁면 흥암리,4,"가축 분뇨 냄새(닭, 돼지, 소)",19:2,255
2024-06-23 20:51:00,35.968433,127.09136,왕궁면 흥암리,3,"가축 분뇨 냄새(닭, 돼지, 소)",19:2,255
2024-06-23 21:38:00,35.91336,126.86169,오산면 신지리,3,"가축 분뇨 냄새(닭, 돼지, 소)",-23:-10,-1
2024-06-23 21:46:00,35.96851,127.08991,왕궁면 흥암리,4,"가축 분뇨 냄새(닭, 돼지, 소)",19:2,255
2024-06-23 22:41:00,35.953297,126.9848,어양동,5,"가축 분뇨 냄새(닭, 돼지, 소)",0:-1,-1
2024-06-23 22:51:00,35.961575,126.97413,영등동,3,"가축 분뇨 냄새(닭, 돼지, 소)",-2:1,256
2024-06-23 22:52:00,35.963486,126.97423,영등동,5,"가축 분뇨 냄새(닭, 돼지, 소)",-2:1,256
2024-06-23 22:55:00,35.961243,126.97469,영등동,4,"가축 분뇨 냄새(닭, 돼지, 소)",-2:1,256
2024-06-23 23:03:00,35.956547,126.97367,영등동,4,"가축 분뇨 냄새(닭, 돼지, 소)",-2:-1,256
2024-06-23 23:17:00,35.957165,126.98062,어양동,4,"가축 분뇨 냄새(닭, 돼지, 소)",-1:0,256
2024-06-24 02:07:00,35.96855,127.09034,왕궁면 흥암리,3,"가축 분뇨 냄새(닭, 돼지, 소)",19:2,-1
2024-06-24 08:47:00,35.969387,127.09048,왕궁면 흥암리,1,하수구 냄새,19:2,-1
2024-06-24 21:54:00,35.948936,127.08211,왕궁면 구덕리,3,"가축 분뇨 냄새(닭, 돼지, 소)",17:-2,-1
2024-06-25 06:46:00,35.96028,126.98476,어양동,5,"가축 분뇨 냄새(닭, 돼지, 소)",0:0,-1
2024-06-25 17:35:00,35.969406,127.09051,왕궁면 흥암리,2,소각 냄새(태우는 냄새),19:2,-1
2024-06-25 21:15:00,35.96902,127.09116,왕궁면 흥암리,5,"공장 냄새(화학약품, 매캐함)",19:2,-1
2024-06-25 22:01:00,35.969284,127.09028,왕궁면 흥암리,3,"가축 분뇨 냄새(닭, 돼지, 소)",19:2,-1
2024-06-25 22:27:00,35.969025,127.09138,왕궁면 흥암리,4,"가축 분뇨 냄새(닭, 돼지, 소)",19:2,-1
2024-06-26 07:46:00,35.914948,126.87,오산면 신지리,3,"가축 분뇨 냄새(닭, 돼지, 소)",-21:-10,-1
2024-06-26 20:53:00,35.968506,127.09139,왕궁면 흥암리,5,"가축 분뇨 냄새(닭, 돼지, 소)",19:2,257
2024-06-26 20:59:00,35.968338,127.09059,왕궁면 흥암리,4,"가축 분뇨 냄새(닭, 돼지, 소)",19:2,257
2024-06-26 21:02:00,35.968647,127.09131,왕궁면 흥암리,4,"가축 분뇨 냄새(닭, 돼지, 소)",19:2,257
2024-06-26 21:02:00,35.96894,127.09143,왕궁면 흥암리,5,"가축 분뇨 냄새(닭, 돼지, 소)",19:2,257
2024-06-26 21:16:00,35.96956,127.09006,왕궁면 흥암리,4,"가축 분뇨 냄새(닭, 돼지, 소)",19:2,257
2024-06-26 21:24:00,35.96889,127.091415,왕궁면 흥암리,4,"가축 분뇨 냄새(닭, 돼지, 소)",19:2,257
2024-06-26 21:25:00,35.96837,127.09072,왕궁면 흥암리,5,"가축 분뇨 냄새(닭, 돼지, 소)",19:2,257
2024-06-26 21:39:00,35.96837,127.09068,왕궁면 흥암리,5,"가축 분뇨 냄새(닭, 돼지, 소)",19:2,257
2024-06-26 22:02:00,35.968807,127.09074,왕궁면 흥암리,4,"가축 분뇨 냄새(닭, 돼지, 소)",19:2,257
2024-06-26 22:28:00,35.969135,127.091866,왕궁면 흥암리,3,"가축 분뇨 냄새(닭, 돼지, 소)",19:2,257
2024-06-26 23:44:00,35.969044,127.09138,왕궁면 흥암리,3,"가축 분뇨 냄새(닭, 돼지, 소)",19:2,-1
2024-06-27 01:01:00,35.977055,127.09419,왕궁면 광암리,4,"가축 분뇨 냄새(닭, 돼지, 소)",19:4,-1
2024-06-27 06:02:00,35.96856,127.091255,왕궁면 흥암리,4,"가축 분뇨 냄새(닭, 돼지, 소)",19:2,-1
2024-06-27 07:19:00,35.913364,126.86169,오산면 신지리,2,"가축 분뇨 냄새(닭, 돼지, 소)",-23:-10,-1
2024-06-27 07:32:00,35.95329,126.9848,어양동,5,"가축 분뇨 냄새(닭, 돼지, 소)",0:-1,-1
2024-06-27 12:04:00,35.96927,127.090324,왕궁면 흥암리,3,소각 냄새(태우는 냄새),19:2,-1
2024-06-27 22:28:00,35.969364,127.09211,왕궁면 흥암리,4,"가축 분뇨 냄새(닭, 돼지, 소)",19:2,258
2024-06-27 22:28:00,35.96939,127.09042,왕궁면 흥암리,4,"가축 분뇨 냄새(닭, 돼지, 소)",19:2,258
2024-06-27 22:31:00,35.96933,127.09083,왕궁면 흥암리,4,"가축 분뇨 냄새(닭, 돼지, 소)",19:2,258
2024-06-27 22:32:00,35.96845,127.09138,왕궁면 흥암리,4,"가축 분뇨 냄새(닭, 돼지, 소)",19:2,258
2024-06-27 22:32:00,35.968845,127.09117,왕궁면 흥암리,4,"가축 분뇨 냄새(닭, 돼지, 소)",19:2,258
2024-06-27 22:33:00,35.969887,127.090195,왕궁면 흥암리,5,"가축 분뇨 냄새(닭, 돼지, 소)",19:2,258
2024-06-27 22:34:00,35.96856,127.091255,왕궁면 흥암리,5,"가축 분뇨 냄새(닭, 돼지, 소)",19:2,258
2024-06-27 22:35:00,35.969036,127.09112,왕궁면 흥암리,5,"가축 분뇨 냄새(닭, 돼지, 소)",19:2,258
2024-06-27 22:39:00,35.969498,127.09105,왕궁면 흥암리,4,"가축 분뇨 냄새(닭, 돼지, 소)",19:2,258
2024-06-27 22:45:00,35.968582,127.09135,왕궁면 흥암리,5,"가축 분뇨 냄새(닭, 돼지, 소)",19:2,258
2024-06-27 22:49:00,35.96858,127.091324,왕궁면 흥암리,4,"가축 분뇨 냄새(닭, 돼지, 소)",19:2,258
2024-06-27 22:49:00,35.969284,127.09191,왕궁면 흥암리,3,"가축 분뇨 냄새(닭, 돼지, 소)",19:2,258
2024-06-27 22:57:00,35.9696,127.09079,왕궁면 흥암리,5,"가축 분뇨 냄새(닭, 돼지, 소)",19:2,258
2024-06-27 23:13:00,35.968983,127.0901,왕궁면 흥암리,5,"가축 분뇨 냄새(닭, 돼지, 소)",19:2,258
2024-06-28 01:42:00,35.969032,127.09133,왕궁면 흥암리,4,"가축 분뇨 냄새(닭, 돼지, 소)",19:2,-1
2024-06-28 07:57:00,35.95329,126.9848,어양동,5,"가축 분뇨 냄새(닭, 돼지, 소)",0:-1,-1
2024-06-28 08:10:00,35.91336,126.86168,오산면 신지리,2,"가축 분뇨 냄새(닭, 돼지, 소)",-23:-10,-1
2024-06-28 08:19:00,35.96864,127.09134,왕궁면 흥암리,3,"가축 분뇨 냄새(닭, 돼지, 소)",19:2,-1
2024-06-28 18:26:00,36.06455,126.96008,함열읍 석매리,4,"가축 분뇨 냄새(닭, 돼지, 소)",-5:23,-1
2024-06-28 19:54:00,35.968365,127.08985,왕궁면 흥암리,5,"가축 분뇨 냄새(닭, 돼지, 소)",19:2,-1
2024-06-28 20:28:00,35.970123,127.086426,왕궁면 흥암리,2,소각 냄새(태우는 냄새),18:2,-1
2024-06-28 21:58:00,35.969025,127.09138,왕궁면 흥암리,3,"가축 분뇨 냄새(닭, 돼지, 소)",19:2,-1
2024-06-28 22:14:00,35.968628,127.09114,왕궁면 흥암리,5,"가축 분뇨 냄새(닭, 돼지, 소)",19:2,-1
2024-06-29 00:08:00,35.96836,127.090675,왕궁면 흥암리,4,"가축 분뇨 냄새(닭, 돼지, 소)",19:2,-1
2024-06-29 01:40:00,35.969055,127.09136,왕궁면 흥암리,4,"가축 분뇨 냄새(닭, 돼지, 소)",19:2,-1
2024-06-29 01:41:00,35.968445,127.09137,왕궁면 흥암리,4,"가축 분뇨 냄새(닭, 돼지, 소)",19:2,-1
2024-06-29 01:59:00,35.968365,127.09071,왕궁면 흥암리,4,"가축 분뇨 냄새(닭, 돼지, 소)",19:2,-1
2024-06-29 07:16:00,35.91336,126.86168,오산면 신지리,3,"가축 분뇨 냄새(닭, 돼지, 소)",-23:-10,-1
2024-06-29 11:17:00,35.988613,127.09752,왕궁면 동용리,5,"가축 분뇨 냄새(닭, 돼지, 소)",20:7,-1
2024-06-29 19:38:00,35.91338,126.861534,오산면 신지리,3,"가축 분뇨 냄새(닭, 돼지, 소)",-23:-10,-1
2024-06-30 07:15:00,35.968494,127.091286,왕궁면 흥암리,4,"가축 분뇨 냄새(닭, 돼지, 소)",19:2,-1
2024-06-30 09:03:00,35.96856,127.091255,왕궁면 흥암리,4,"가축 분뇨 냄새(닭, 돼지, 소)",19:2,-1
2024-06-30 18:51:00,35.969025,127.09117,왕궁면 흥암리,5,"가축 분뇨 냄새(닭, 돼지, 소)",19:2,-1
2024-06-30 18:59:00,35.968536,127.09124,왕궁면 흥암리,5,"가축 분뇨 냄새(닭, 돼지, 소)",19:2,-1
2024-06-30 19:52:00,35.969566,127.09005,왕궁면 흥암리,5,"가축 분뇨 냄새(닭, 돼지, 소)",19:2,-1
2024-06-30 21:02:00,35.969738,127.090836,왕궁면 흥암리,4,"가축 분뇨 냄새(닭, 돼지, 소)",19:2,-1
2024-07-01 00:17:00,35.96856,127.091255,왕궁면 흥암리,5,"가축 분뇨 냄새(닭, 돼지, 소)",19:2,-1
2024-07-01 00:42:00,35.969196,127.0916,왕궁면 흥암리,4,"가축 분뇨 냄새(닭, 돼지, 소)",19:2,-1
2024-07-01 21:20:00,35.96941,127.09051,왕궁면 흥암리,3,소각 냄새(태우는 냄새),19:2,-1
2024-07-01 21:24:00,35.968407,127.09137,왕궁면 흥암리,5,"가축 분뇨 냄새(닭, 돼지, 소)",19:2,-1
2024-07-01 21:34:00,35.968365,127.09066,왕궁면 흥암리,5,소각 냄새(태우는 냄새),19:2,-1
2024-07-01 21:45:00,35.969475,127.091385,왕궁면 흥암리,5,"공장 냄새(화학약품, 매캐함)",19:2,-1
2024-07-01 22:27:00,35.93031,126.9717,동산동,4,"가축 분뇨 냄새(닭, 돼지, 소)",-3:-6,-1
2024-07-01 22:50:00,35.969135,127.091866,왕궁면 흥암리,3,"가축 분뇨 냄새(닭, 돼지, 소)",19:2,-1
2024-07-01 23:04:00,35.969475,127.091125,왕궁면 흥암리,4,"가축 분뇨 냄새(닭, 돼지, 소)",19:2,-1
2024-07-01 23:12:00,35.969025,127.091156,왕궁면 흥암리,5,"가축 분뇨 냄새(닭, 돼지, 소)",19:2,-1
2024-07-01 23:23:00,35.952972,126.98517,어양동,3,소각 냄새(태우는 냄새),0:-1,-1
2024-07-01 23:55:00,35.92515,127.0538,춘포면 쌍정리,4,"가축 분뇨 냄새(닭, 돼지, 소)",12:-7,-1
2024-07-02 00:04:00,35.953568,126.98552,어양동,3,소각 냄새(태우는 냄새),0:-1,259
2024-07-02 00:08:00,35.95315,126.98559,어양동,4,소각 냄새(태우는 냄새),0:-1,259
2024-07-02 00:17:00,35.95603,126.97842,영등동,3,소각 냄새(태우는 냄새),-2:-1,259
2024-07-02 00:30:00,35.952824,126.986145,어양동,5,소각 냄새(태우는 냄새),0:-1,259
2024-07-02 11:39:00,35.96182,126.98111,어양동,4,소각 냄새(태우는 냄새),-1:1,-1
2024-07-02 11:50:00,35.961746,126.9815,어양동,3,소각 냄새(태우는 냄새),-1:1,-1
2024-07-02 14:41:00,35.96929,127.09032,왕궁면 흥암리,3,"가축 분뇨 냄새(닭, 돼지, 소)",19:2,-1
2024-07-02 15:20:00,35.969177,127.09001,왕궁면 흥암리,3,"가축 분뇨 냄새(닭, 돼지, 소)",19:2,-1
2024-07-02 15:25:00,35.96864,127.090836,왕궁면 흥암리,4,"가축 분뇨 냄새(닭, 돼지, 소)",19:2,-1
2024-07-02 18:29:00,35.95331,126.984795,어양동,5,"가축 분뇨 냄새(닭, 돼지, 소)",0:-1,-1
2024-07-02 18:39:00,35.957947,126.97971,어양동,5,"가축 분뇨 냄새(닭, 돼지, 소)",-1:0,-1
2024-07-02 18:44:00,35.956715,126.97337,영등동,4,"가축 분뇨 냄새(닭, 돼지, 소)",-2:0,-1
2024-07-02 18:57:00,35.930313,126.9717,동산동,4,"가축 분뇨 냄새(닭, 돼지, 소)",-3:-6,-1
2024-07-02 19:01:00,35.950584,126.964226,영등동,3,"가축 분뇨 냄새(닭, 돼지, 소)",-4:-2,-1
2024-07-02 19:02:00,35.95977,126.96449,신동,4,"가축 분뇨 냄새(닭, 돼지, 소)",-4:0,-1
2024-07-02 20:01:00,35.96164,126.97418,영등동,3,"가축 분뇨 냄새(닭, 돼지, 소)",-2:1,-1
2024-07-02 20:33:00,35.953773,126.98392,어양동,4,"가축 분뇨 냄새(닭, 돼지, 소)",-1:-1,-1
2024-07-02 20:37:00,35.91336,126.86168,오산면 신지리,4,"가축 분뇨 냄새(닭, 돼지, 소)",-23:-10,-1
2024-07-02 20:44:00,35.95385,126.98365,어양동,3,"가축 분뇨 냄새(닭, 돼지, 소)",-1:-1,-1
2024-07-02 20:47:00,35.93263,126.94152,평화동,3,하수구 냄새,-8:-6,-1
2024-07-02 20:49:00,35.95331,126.984795,어양동,5,"가축 분뇨 냄새(닭, 돼지, 소)",0:-1,-1
2024-07-02 21:07:00,35.945812,126.94623,모현동1가,3,"가축 분뇨 냄새(닭, 돼지, 소)",-7:-3,-1
2024-07-02 21:09:00,35.951736,126.972145,영등동,4,"가축 분뇨 냄새(닭, 돼지, 소)",-3:-2,-1
2024-07-02 21:11:00,35.956898,126.97135,영등동,4,"가축 분뇨 냄새(닭, 돼지, 소)",-3:0,-1
2024-07-02 21:49:00,35.94636,126.94627,모현동1가,3,"가축 분뇨 냄새(닭, 돼지, 소)",-7:-3,-1
2024-07-02 21:50:00,35.932552,126.96047,동산동,4,"가축 분뇨 냄새(닭, 돼지, 소)",-5:-6,-1
2024-07-02 22:00:00,35.945946,126.946625,모현동1가,3,"가축 분뇨 냄새(닭, 돼지, 소)",-7:-3,-1
2024-07-02 22:31:00,35.943798,126.969536,마동,4,"가축 분뇨 냄새(닭, 돼지, 소)",-3:-3,-1
2024-07-02 22:59:00,35.930714,126.96843,동산동,2,"가축 분뇨 냄새(닭, 돼지, 소)",-3:-6,-1
2024-07-02 23:16:00,35.931324,126.96966,동산동,4,"가축 분뇨 냄새(닭, 돼지, 소)",-3:-6,-1
2024-07-02 23:16:00,35.961437,126.97484,영등동,5,"가축 분뇨 냄새(닭, 돼지, 소)",-2:1,-1
2024-07-02 23:45:00,35.944374,126.96908,마동,4,"가축 분뇨 냄새(닭, 돼지, 소)",-3:-3,-1
2024-07-03 07:03:00,35.96927,127.09029,왕궁면 흥암리,2,"가축 분뇨 냄새(닭, 돼지, 소)",19:2,-1
2024-07-03 09:03:00,35.967686,127.09067,왕궁면 흥암리,2,"가축 분뇨 냄새(닭, 돼지, 소)",19:2,-1
2024-07-03 21:22:00,35.936974,127.05668,왕궁면 쌍제리,4,"가축 분뇨 냄새(닭, 돼지, 소)",13:-5,-1
2024-07-03 21:48:00,35.96904,127.09138,왕궁면 흥암리,3,"가축 분뇨 냄새(닭, 돼지, 소)",19:2,-1
2024-07-03 21:56:00,35.969276,127.09031,왕궁면 흥암리,3,"가축 분뇨 냄새(닭, 돼지, 소)",19:2,-1
2024-07-03 23:14:00,35.953568,126.98553,어양동,3,"가축 분뇨 냄새(닭, 돼지, 소)",0:-1,-1
2024-07-03 23:15:00,35.953102,126.98633,어양동,3,"가축 분뇨 냄새(닭, 돼지, 소)",0:-1,-1
2024-07-04 01:39:00,35.969475,127.091125,왕궁면 흥암리,4,"가축 분뇨 냄새(닭, 돼지, 소)",19:2,-1
2024-07-04 07:31:00,35.91336,126.86168,오산면 신지리,3,"가축 분뇨 냄새(닭, 돼지, 소)",-23:-10,-1
2024-07-04 11:36:00,35.96939,127.090454,왕궁면 흥암리,2,"가축 분뇨 냄새(닭, 돼지, 소)",19:2,-1
2024-07-04 17:22:00,35.969173,127.09001,왕궁면 흥암리,3,"가축 분뇨 냄새(닭, 돼지, 소)",19:2,-1
2024-07-04 19:44:00,35.96922,127.09004,왕궁면 흥암리,3,"가축 분뇨 냄새(닭, 돼지, 소)",19:2,260
2024-07-04 19:44:00,35.96737,127.09046,왕궁면 흥암리,3,"가축 분뇨 냄새(닭, 돼지, 소)",19:2,260
2024-07-04 19:52:00,35.96867,127.09092,왕궁면 흥암리,4,"가축 분뇨 냄새(닭, 돼지, 소)",19:2,260
2024-07-04 19:54:00,35.96825,127.09127,왕궁면 흥암리,5,"가축 분뇨 냄새(닭, 돼지, 소)",19:2,260
2024-07-04 19:55:00,35.969036,127.09138,왕궁면 흥암리,4,"가축 분뇨 냄새(닭, 돼지, 소)",19:2,260
2024-07-04 19:56:00,35.969303,127.09092,왕궁면 흥암리,5,"가축 분뇨 냄새(닭, 돼지, 소)",19:2,260
2024-07-04 20:03:00,35.9692,127.09158,왕궁면 흥암리,4,"가축 분뇨 냄새(닭, 돼지, 소)",19:2,260
2024-07-04 20:08:00,35.968464,127.08992,왕궁면 흥암리,5,"가축 분뇨 냄새(닭, 돼지, 소)",19:2,260
2024-07-04 20:13:00,35.969887,127.090195,왕궁면 흥암리,4,"가축 분뇨 냄새(닭, 돼지, 소)",19:2,260
2024-07-04 20:30:00,35.969006,127.09116,왕궁면 흥암리,5,"가축 분뇨 냄새(닭, 돼지, 소)",19:2,260
2024-07-04 20:34:00,35.968597,127.09088,왕궁면 흥암리,4,"가축 분뇨 냄새(닭, 돼지, 소)",19:2,260
2024-07-04 20:44:00,35.968445,127.091484,왕궁면 흥암리,5,"가축 분뇨 냄새(닭, 돼지, 소)",19:2,260
2024-07-04 20:50:00,35.968365,127.09066,왕궁면 흥암리,5,"가축 분뇨 냄새(닭, 돼지, 소)",19:2,260
2024-07-04 20:57:00,35.969517,127.09008,왕궁면 흥암리,5,"가축 분뇨 냄새(닭, 돼지, 소)",19:2,260
2024-07-04 21:13:00,35.968662,127.09134,왕궁면 흥암리,5,"가축 분뇨 냄새(닭, 돼지, 소)",19:2,260
2024-07-04 21:14:00,35.968822,127.090805,왕궁면 흥암리,4,"가축 분뇨 냄새(닭, 돼지, 소)",19:2,260
2024-07-04 21:14:00,35.968887,127.09143,왕궁면 흥암리,4,"가축 분뇨 냄새(닭, 돼지, 소)",19:2,260
2024-07-04 21:25:00,35.968746,127.090546,왕궁면 흥암리,4,"가축 분뇨 냄새(닭, 돼지, 소)",19:2,260
2024-07-04 22:09:00,35.96837,127.09067,왕궁면 흥암리,5,"가축 분뇨 냄새(닭, 돼지, 소)",19:2,260
2024-07-05 21:52:00,35.96846,127.09136,왕궁면 흥암리,4,"가축 분뇨 냄새(닭, 돼지, 소)",19:2,261
2024-07-05 21:56:00,35.96846,127.09039,왕궁면 흥암리,4,"가축 분뇨 냄새(닭, 돼지, 소)",19:2,261
2024-07-05 22:06:00,35.969334,127.09039,왕궁면 흥암리,4,"가축 분뇨 냄새(닭, 돼지, 소)",19:2,261
2024-07-05 22:13:00,35.969036,127.09137,왕궁면 흥암리,3,기타,19:2,261
2024-07-05 22:20:00,35.969475,127.091125,왕궁면 흥암리,4,"가축 분뇨 냄새(닭, 돼지, 소)",19:2,261
2024-07-05 22:22:00,35.96935,127.09088,왕궁면 흥암리,4,"가축 분뇨 냄새(닭, 돼지, 소)",19:2,261
2024-07-06 06:50:00,35.952824,126.98616,어양동,4,"가축 분뇨 냄새(닭, 돼지, 소)",0:-1,-1
2024-07-06 06:57:00,35.953312,126.9848,어양동,5,"가축 분뇨 냄새(닭, 돼지, 소)",0:-1,-1
2024-07-06 07:05:00,35.96511,126.977554,영등동,5,"가축 분뇨 냄새(닭, 돼지, 소)",-2:1,-1
2024-07-06 07:58:00,35.947433,126.94614,모현동1가,5,"가축 분뇨 냄새(닭, 돼지, 소)",-7:-3,-1
2024-07-06 10:40:00,35.939137,126.98595,신흥동,5,"가축 분뇨 냄새(닭, 돼지, 소)",0:-4,-1
2024-07-06 11:09:00,35.969337,127.09039,왕궁면 흥암리,3,"가축 분뇨 냄새(닭, 돼지, 소)",19:2,-1
2024-07-06 16:52:00,35.969463,127.09099,왕궁면 흥암리,3,"가축 분뇨 냄새(닭, 돼지, 소)",19:2,-1
2024-07-06 17:35:00,35.912487,126.86343,오산면 신지리,5,"가축 분뇨 냄새(닭, 돼지, 소)",-22:-10,-1
2024-07-06 19:50:00,35.968056,127.09032,왕궁면 흥암리,5,"가축 분뇨 냄새(닭, 돼지, 소)",19:2,-1
2024-07-06 20:53:00,35.968376,127.089874,왕궁면 흥암리,5,"가축 분뇨 냄새(닭, 돼지, 소)",19:2,-1
2024-07-06 22:03:00,35.93697,127.05668,왕궁면 쌍제리,4,"가축 분뇨 냄새(닭, 돼지, 소)",13:-5,-1
2024-07-07 07:31:00,35.96761,127.090614,왕궁면 흥암리,3,"가축 분뇨 냄새(닭, 돼지, 소)",19:2,-1
2024-07-07 18:03:00,35.96733,127.08997,왕궁면 흥암리,5,"가축 분뇨 냄새(닭, 돼지, 소)",19:2,-1
2024-07-07 18:04:00,35.966053,127.088066,왕궁면 흥암리,4,"가축 분뇨 냄새(닭, 돼지, 소)",18:2,-1
2024-07-07 18:28:00,35.96989,127.090195,왕궁면 흥암리,4,"가축 분뇨 냄새(닭, 돼지, 소)",19:2,262
2024-07-07 19:08:00,35.968384,127.0899,왕궁면 흥암리,5,"가축 분뇨 냄새(닭, 돼지, 소)",19:2,262
2024-07-07 19:18:00,35.969006,127.090454,왕궁면 흥암리,4,"가축 분뇨 냄새(닭, 돼지, 소)",19:2,262
2024-07-07 19:28:00,35.96836,127.090576,왕궁면 흥암리,5,"가축 분뇨 냄새(닭, 돼지, 소)",19:2,262
2024-07-07 22:03:00,35.96806,127.090744,왕궁면 흥암리,5,"가축 분뇨 냄새(닭, 돼지, 소)",19:2,-1
2024-07-07 22:43:00,35.968506,127.091324,왕궁면 흥암리,5,"가축 분뇨 냄새(닭, 돼지, 소)",19:2,-1
2024-07-07 22:45:00,35.969017,127.09117,왕궁면 흥암리,4,"가축 분뇨 냄새(닭, 돼지, 소)",19:2,-1
2024-07-07 22:49:00,35.968365,127.09067,왕궁면 흥암리,5,"가축 분뇨 냄새(닭, 돼지, 소)",19:2,-1
2024-07-08 00:35:00,35.968792,127.09027,왕궁면 흥암리,5,"가축 분뇨 냄새(닭, 돼지, 소)",19:2,-1
2024-07-08 14:36:00,35.912395,126.867424,오산면 신지리,4,"가축 분뇨 냄새(닭, 돼지, 소)",-22:-10,-1
2024-07-08 15:27:00,35.936966,127.05668,왕궁면 쌍제리,3,"가축 분뇨 냄새(닭, 돼지, 소)",13:-5,-1
2024-07-08 15:43:00,35.936947,127.056335,왕궁면 쌍제리,4,"가축 분뇨 냄새(닭, 돼지, 소)",12:-5,-1
2024-07-08 16:35:00,35.953693,127.031715,춘포면 창평리,4,"가축 분뇨 냄새(닭, 돼지, 소)",8:-1,-1
2024-07-08 18:53:00,35.968544,127.091225,왕궁면 흥암리,5,"가축 분뇨 냄새(닭, 돼지, 소)",19:2,-1
2024-07-08 19:06:00,35.967762,127.09067,왕궁면 흥암리,3,"가축 분뇨 냄새(닭, 돼지, 소)",19:2,-1
2024-07-08 20:10:00,35.968384,127.08988,왕궁면 흥암리,5,"가축 분뇨 냄새(닭, 돼지, 소)",19:2,-1
2024-07-09 21:25:00,35.970043,127.089165,왕궁면 흥암리,3,"가축 분뇨 냄새(닭, 돼지, 소)",18:2,-1
2024-07-09 22:39:00,36.036163,126.98489,삼기면 오룡리,5,"가축 분뇨 냄새(닭, 돼지, 소)",0:17,-1
2024-07-10 11:50:00,35.967266,127.08871,왕궁면 흥암리,2,"가축 분뇨 냄새(닭, 돼지, 소)",18:2,-1
2024-07-10 14:11:00,35.96931,127.090355,왕궁면 흥암리,2,"가축 분뇨 냄새(닭, 돼지, 소)",19:2,-1
2024-07-10 20:10:00,35.96917,127.09001,왕궁면 흥암리,3,"가축 분뇨 냄새(닭, 돼지, 소)",19:2,-1
2024-07-10 21:18:00,35.93698,127.05668,왕궁면 쌍제리,5,"가축 분뇨 냄새(닭, 돼지, 소)",13:-5,-1
2024-07-11 20:44:00,35.969276,127.09032,왕궁면 흥암리,2,"가축 분뇨 냄새(닭, 돼지, 소)",19:2,-1
2024-07-11 21:20:00,35.969,127.09116,왕궁면 흥암리,3,"가축 분뇨 냄새(닭, 돼지, 소)",19:2,-1
2024-07-11 21:26:00,35.96839,127.089905,왕궁면 흥암리,5,"가축 분뇨 냄새(닭, 돼지, 소)",19:2,-1
2024-07-11 21:34:00,35.969173,127.09001,왕궁면 흥암리,3,"가축 분뇨 냄새(닭, 돼지, 소)",19:2,-1
2024-07-12 02:09:00,35.969475,127.091125,왕궁면 흥암리,4,"가축 분뇨 냄새(닭, 돼지, 소)",19:2,-1
2024-07-12 19:22:00,35.96879,127.090546,왕궁면 흥암리,5,"가축 분뇨 냄새(닭, 돼지, 소)",19:2,-1
2024-07-12 19:45:00,35.968857,127.09099,왕궁면 흥암리,3,"가축 분뇨 냄새(닭, 돼지, 소)",19:2,-1
2024-07-12 19:48:00,35.96882,127.09093,왕궁면 흥암리,5,"가축 분뇨 냄새(닭, 돼지, 소)",19:2,-1
2024-07-12 19:48:00,35.968533,127.09116,왕궁면 흥암리,5,"가축 분뇨 냄새(닭, 돼지, 소)",19:2,-1
2024-07-13 00:26:00,35.953014,126.98516,어양동,3,"가축 분뇨 냄새(닭, 돼지, 소)",0:-1,-1
2024-07-13 00:44:00,35.96851,127.09132,왕궁면 흥암리,5,"가축 분뇨 냄새(닭, 돼지, 소)",19:2,-1
2024-07-13 02:49:00,35.943916,126.96949,마동,4,"가축 분뇨 냄새(닭, 돼지, 소)",-3:-3,-1
2024-07-13 02:51:00,35.944206,126.96925,마동,3,"가축 분뇨 냄새(닭, 돼지, 소)",-3:-3,-1
2024-07-13 03:01:00,35.95735,126.97917,어양동,4,"가축 분뇨 냄새(닭, 돼지, 소)",-1:0,-1
2024-07-13 07:11:00,35.96812,127.09095,왕궁면 흥암리,2,"가축 분뇨 냄새(닭, 돼지, 소)",19:2,-1
2024-07-13 14:13:00,35.96841,127.08991,왕궁면 흥암리,3,"가축 분뇨 냄새(닭, 돼지, 소)",19:2,-1
2024-07-13 19:54:00,35.989407,127.098595,왕궁면 동용리,5,"가축 분뇨 냄새(닭, 돼지, 소)",20:7,-1
2024-07-13 22:27:00,35.95702,126.98067,어양동,5,"가축 분뇨 냄새(닭, 돼지, 소)",-1:0,-1
2024-07-13 22:58:00,35.953327,126.98478,어양동,5,"가축 분뇨 냄새(닭, 돼지, 소)",0:-1,-1
2024-07-13 23:11:00,35.957363,126.97966,어양동,5,"가축 분뇨 냄새(닭, 돼지, 소)",-1:0,-1
2024-07-13 23:12:00,35.96338,126.97419,영등동,3,"가축 분뇨 냄새(닭, 돼지, 소)",-2:1,-1
2024-07-14 00:28:00,35.960796,126.98534,어양동,4,소각 냄새(태우는 냄새),0:0,-1
2024-07-14 00:43:00,35.969475,127.091125,왕궁면 흥암리,4,"가축 분뇨 냄새(닭, 돼지, 소)",19:2,-1
2024-07-14 07:23:00,35.968407,127.0912,왕궁면 흥암리,3,"가축 분뇨 냄새(닭, 돼지, 소)",19:2,-1
2024-07-14 09:26:00,35.968777,127.09107,왕궁면 흥암리,5,"가축 분뇨 냄새(닭, 돼지, 소)",19:2,-1
2024-07-14 15:12:00,35.96874,127.09082,왕궁면 흥암리,4,"가축 분뇨 냄새(닭, 돼지, 소)",19:2,-1
2024-07-14 18:17:00,35.968716,127.09082,왕궁면 흥암리,5,"가축 분뇨 냄새(닭, 돼지, 소)",19:2,-1
2024-07-14 18:24:00,35.91336,126.86168,오산면 신지리,5,"가축 분뇨 냄새(닭, 돼지, 소)",-23:-10,-1
2024-07-14 18:45:00,35.968876,127.090996,왕궁면 흥암리,5,"가축 분뇨 냄새(닭, 돼지, 소)",19:2,-1
2024-07-14 22:31:00,35.969402,127.09044,왕궁면 흥암리,3,"가축 분뇨 냄새(닭, 돼지, 소)",19:2,263
2024-07-14 22:35:00,35.9699,127.090195,왕궁면 흥암리,3,"가축 분뇨 냄새(닭, 돼지, 소)",19:2,263
2024-07-14 22:49:00,35.96847,127.09124,왕궁면 흥암리,5,"가축 분뇨 냄새(닭, 돼지, 소)",19:2,263
2024-07-14 22:51:00,35.96901,127.09116,왕궁면 흥암리,5,"가축 분뇨 냄새(닭, 돼지, 소)",19:2,263
2024-07-14 23:00:00,35.968475,127.090904,왕궁면 흥암리,5,하수구 냄새,19:2,263
2024-07-15 01:00:00,35.969208,127.09127,왕궁면 흥암리,5,"가축 분뇨 냄새(닭, 돼지, 소)",19:2,-1
2024-07-15 20:25:00,35.9695,127.090096,왕궁면 흥암리,4,"가축 분뇨 냄새(닭, 돼지, 소)",19:2,-1
2024-07-15 20:25:00,35.969482,127.09112,왕궁면 흥암리,4,"가축 분뇨 냄새(닭, 돼지, 소)",19:2,-1
2024-07-15 20:31:00,35.969032,127.09138,왕궁면 흥암리,4,"가축 분뇨 냄새(닭, 돼지, 소)",19:2,-1
2024-07-15 21:11:00,35.969627,127.09159,왕궁면 흥암리,5,"가축 분뇨 냄새(닭, 돼지, 소)",19:2,264
2024-07-15 21:55:00,35.968452,127.09137,왕궁면 흥암리,3,"가축 분뇨 냄새(닭, 돼지, 소)",19:2,264
2024-07-16 00:49:00,35.96846,127.09137,왕궁면 흥암리,4,"가축 분뇨 냄새(닭, 돼지, 소)",19:2,-1
2024-07-16 00:58:00,35.969112,127.09076,왕궁면 흥암리,5,"가축 분뇨 냄새(닭, 돼지, 소)",19:2,-1
2024-07-16 01:02:00,35.969013,127.09116,왕궁면 흥암리,5,"가축 분뇨 냄새(닭, 돼지, 소)",19:2,-1
2024-07-16 07:19:00,35.96988,127.09019,왕궁면 흥암리,4,"가축 분뇨 냄새(닭, 돼지, 소)",19:2,-1
2024-07-16 08:52:00,35.914444,126.862755,오산면 신지리,5,"가축 분뇨 냄새(닭, 돼지, 소)",-22:-10,-1
2024-07-16 19:11:00,35.913387,126.86153,오산면 신지리,5,"가축 분뇨 냄새(닭, 돼지, 소)",-23:-10,-1
2024-07-16 21:39:00,35.968872,127.09047,왕궁면 흥암리,4,"가축 분뇨 냄새(닭, 돼지, 소)",19:2,-1
2024-07-16 22:31:00,35.961124,126.99429,부송동,3,소각 냄새(태우는 냄새),1:1,-1
2024-07-16 23:11:00,35.96106,126.99424,부송동,3,소각 냄새(태우는 냄새),1:0,-1
2024-07-17 06:29:00,35.931904,126.954605,인화동2가,5,"가축 분뇨 냄새(닭, 돼지, 소)",-6:-6,-1
2024-07-17 10:59:00,35.955288,126.988495,어양동,2,"가축 분뇨 냄새(닭, 돼지, 소)",0:-1,-1
2024-07-17 15:08:00,35.969013,127.0912,왕궁면 흥암리,3,"가축 분뇨 냄새(닭, 돼지, 소)",19:2,-1
2024-07-17 17:00:00,35.969185,127.09002,왕궁면 흥암리,3,"가축 분뇨 냄새(닭, 돼지, 소)",19:2,-1
2024-07-17 17:24:00,35.96846,127.08995,왕궁면 흥암리,4,"가축 분뇨 냄새(닭, 돼지, 소)",19:2,-1
2024-07-17 18:43:00,35.969887,127.090195,왕궁면 흥암리,4,"가축 분뇨 냄새(닭, 돼지, 소)",19:2,265
2024-07-17 18:54:00,35.968494,127.09136,왕궁면 흥암리,4,"가축 분뇨 냄새(닭, 돼지, 소)",19:2,265
2024-07-17 18:55:00,35.913357,126.86168,오산면 신지리,5,"가축 분뇨 냄새(닭, 돼지, 소)",-23:-10,-1
2024-07-17 19:03:00,35.969322,127.09148,왕궁면 흥암리,5,"가축 분뇨 냄새(닭, 돼지, 소)",19:2,265
2024-07-17 19:28:00,35.9683,127.090614,왕궁면 흥암리,5,"가축 분뇨 냄새(닭, 돼지, 소)",19:2,265
2024-07-17 19:37:00,35.96951,127.090096,왕궁면 흥암리,5,"가축 분뇨 냄새(닭, 돼지, 소)",19:2,265
2024-07-17 20:02:00,35.96861,127.09019,왕궁면 흥암리,4,"가축 분뇨 냄새(닭, 돼지, 소)",19:2,265
2024-07-17 20:03:00,35.969162,127.091606,왕궁면 흥암리,5,"가축 분뇨 냄새(닭, 돼지, 소)",19:2,265
2024-07-17 20:04:00,35.96908,127.09186,왕궁면 흥암리,5,"가축 분뇨 냄새(닭, 돼지, 소)",19:2,265
2024-07-17 20:25:00,35.968376,127.09067,왕궁면 흥암리,5,"가축 분뇨 냄새(닭, 돼지, 소)",19:2,265
2024-07-17 20:47:00,35.969376,127.09041,왕궁면 흥암리,5,"가축 분뇨 냄새(닭, 돼지, 소)",19:2,265
2024-07-17 20:49:00,35.969883,127.090195,왕궁면 흥암리,4,"가축 분뇨 냄새(닭, 돼지, 소)",19:2,265
2024-07-17 20:59:00,35.968834,127.0912,왕궁면 흥암리,5,"가축 분뇨 냄새(닭, 돼지, 소)",19:2,265
2024-07-17 21:08:00,35.969604,127.09156,왕궁면 흥암리,5,"가축 분뇨 냄새(닭, 돼지, 소)",19:2,265
2024-07-17 21:17:00,35.968815,127.0908,왕궁면 흥암리,3,"가축 분뇨 냄새(닭, 돼지, 소)",19:2,265
2024-07-17 21:17:00,35.96867,127.09093,왕궁면 흥암리,5,"가축 분뇨 냄새(닭, 돼지, 소)",19:2,265
2024-07-17 21:21:00,35.968346,127.09056,왕궁면 흥암리,5,"가축 분뇨 냄새(닭, 돼지, 소)",19:2,265
2024-07-17 21:22:00,35.936962,127.056694,왕궁면 쌍제리,3,"가축 분뇨 냄새(닭, 돼지, 소)",13:-5,-1
2024-07-17 21:38:00,35.956657,126.996376,부송동,5,"가축 분뇨 냄새(닭, 돼지, 소)",2:0,266
2024-07-17 21:51:00,35.956463,126.99476,부송동,4,"가축 분뇨 냄새(닭, 돼지, 소)",1:-1,266
2024-07-17 21:52:00,35.939148,126.98594,신흥동,5,"가축 분뇨 냄새(닭, 돼지, 소)",0:-4,-1
2024-07-17 21:55:00,36.000164,127.06368,금마면 동고도리,4,"가축 분뇨 냄새(닭, 돼지, 소)",14:9,-1
2024-07-17 21:56:00,35.957066,126.99589,부송동,5,"가축 분뇨 냄새(닭, 돼지, 소)",2:0,266
2024-07-17 21:58:00,35.95672,126.9975,부송동,4,"가축 분뇨 냄새(닭, 돼지, 소)",2:0,266
2024-07-17 22:00:00,35.96904,127.09136,왕궁면 흥암리,5,"가축 분뇨 냄새(닭, 돼지, 소)",19:2,267
2024-07-17 22:02:00,35.95319,126.98548,어양동,4,"가축 분뇨 냄새(닭, 돼지, 소)",0:-1,266
2024-07-17 22:03:00,35.953808,126.983604,어양동,4,"가축 분뇨 냄새(닭, 돼지, 소)",-1:-1,266
2024-07-17 22:03:00,35.95656,126.9983,부송동,5,"가축 분뇨 냄새(닭, 돼지, 소)",2:-1,266
2024-07-17 22:03:00,35.96925,127.09037,왕궁면 흥암리,3,"가축 분뇨 냄새(닭, 돼지, 소)",19:2,267
2024-07-17 22:05:00,35.953304,126.991325,어양동,5,"가축 분뇨 냄새(닭, 돼지, 소)",1:-1,266
2024-07-17 22:14:00,35.954002,126.988625,어양동,4,"가축 분뇨 냄새(닭, 돼지, 소)",0:-1,266
2024-07-17 22:20:00,35.954742,126.97569,영등동,4,"가축 분뇨 냄새(닭, 돼지, 소)",-2:-1,266
2024-07-17 22:20:00,35.953358,126.98478,어양동,5,"가축 분뇨 냄새(닭, 돼지, 소)",0:-1,266
2024-07-17 22:21:00,35.96517,126.98704,부송동,4,"공장 냄새(화학약품, 매캐함)",0:1,266
2024-07-17 22:21:00,35.96191,126.98445,어양동,4,"가축 분뇨 냄새(닭, 돼지, 소)",0:1,266
2024-07-17 22:23:00,35.96438,126.97383,영등동,4,"가축 분뇨 냄새(닭, 돼지, 소)",-2:1,266
2024-07-17 22:23:00,35.93009,126.97193,동산동,4,"가축 분뇨 냄새(닭, 돼지, 소)",-3:-6,268
2024-07-17 22:23:00,35.96104,126.98668,부송동,4,"공장 냄새(화학약품, 매캐함)",0:0,266
2024-07-17 22:24:00,35.960266,126.984764,어양동,5,"가축 분뇨 냄새(닭, 돼지, 소)",0:0,266
2024-07-17 22:25:00,35.963184,126.98544,부송동,5,"가축 분뇨 냄새(닭, 돼지, 소)",0:1,266
2024-07-17 22:25:00,35.957413,126.9797,어양동,5,"가축 분뇨 냄새(닭, 돼지, 소)",-1:0,266
2024-07-17 22:26:00,35.969105,127.09012,왕궁면 흥암리,5,"가축 분뇨 냄새(닭, 돼지, 소)",19:2,267
2024-07-17 22:28:00,35.96312,126.98545,부송동,5,하수구 냄새,0:1,266
2024-07-17 22:28:00,35.9571,126.980644,어양동,5,"가축 분뇨 냄새(닭, 돼지, 소)",-1:0,266
2024-07-17 22:31:00,35.952766,126.98612,어양동,5,"가축 분뇨 냄새(닭, 돼지, 소)",0:-1,266
2024-07-17 22:31:00,35.955353,126.98133,어양동,5,"가축 분뇨 냄새(닭, 돼지, 소)",-1:-1,266
2024-07-17 22:31:00,35.959595,126.990395,부송동,4,"가축 분뇨 냄새(닭, 돼지, 소)",1:0,266
2024-07-17 22:32:00,35.9635,126.9742,영등동,4,"가축 분뇨 냄새(닭, 돼지, 소)",-2:1,266
2024-07-17 22:37:00,35.960777,126.979225,영등동,4,"가축 분뇨 냄새(닭, 돼지, 소)",-1:0,266
2024-07-17 22:43:00,35.931324,126.96889,동산동,5,"가축 분뇨 냄새(닭, 돼지, 소)",-3:-6,268
2024-07-17 22:50:00,35.962452,126.98315,어양동,4,"가축 분뇨 냄새(닭, 돼지, 소)",-1:1,266
2024-07-17 22:53:00,35.930992,126.96844,동산동,3,"가축 분뇨 냄새(닭, 돼지, 소)",-3:-6,268
2024-07-17 23:01:00,35.95561,126.97506,영등동,5,"가축 분뇨 냄새(닭, 돼지, 소)",-2:-1,266
2024-07-17 23:02:00,35.930954,126.95901,동산동,5,하수구 냄새,-5:-6,268
2024-07-17 23:02:00,35.93001,126.9654,동산동,4,"가축 분뇨 냄새(닭, 돼지, 소)",-4:-6,268
2024-07-17 23:02:00,35.945793,126.94625,모현동1가,4,"가축 분뇨 냄새(닭, 돼지, 소)",-7:-3,-1
2024-07-17 23:08:00,35.926315,126.958496,동산동,5,"가축 분뇨 냄새(닭, 돼지, 소)",-5:-7,268
2024-07-17 23:17:00,35.93385,126.96969,동산동,3,"가축 분뇨 냄새(닭, 돼지, 소)",-3:-6,268
2024-07-17 23:18:00,35.926388,126.95896,동산동,5,"가축 분뇨 냄새(닭, 돼지, 소)",-5:-7,268
2024-07-17 23:20:00,35.92727,126.95938,동산동,5,"가축 분뇨 냄새(닭, 돼지, 소)",-5:-7,268
2024-07-17 23:22:00,35.945473,126.944824,모현동1가,3,"가축 분뇨 냄새(닭, 돼지, 소)",-8:-3,-1
2024-07-17 23:38:00,35.93655,126.970245,마동,5,"가축 분뇨 냄새(닭, 돼지, 소)",-3:-5,268
2024-07-17 23:40:00,35.944023,126.96946,마동,5,"가축 분뇨 냄새(닭, 돼지, 소)",-3:-3,268
2024-07-17 23:41:00,35.951317,126.93646,모현동1가,3,"가축 분뇨 냄새(닭, 돼지, 소)",-9:-2,-1
2024-07-17 23:41:00,35.946426,126.94669,모현동1가,5,"가축 분뇨 냄새(닭, 돼지, 소)",-7:-3,-1
2024-07-17 23:51:00,35.93139,126.96695,동산동,5,"가축 분뇨 냄새(닭, 돼지, 소)",-4:-6,268
2024-07-18 00:21:00,35.955948,126.98137,어양동,4,"가축 분뇨 냄새(닭, 돼지, 소)",-1:-1,-1
2024-07-18 00:41:00,35.956856,126.98027,어양동,4,"가축 분뇨 냄새(닭, 돼지, 소)",-1:0,-1
2024-07-18 01:28:00,35.92763,126.95935,동산동,5,"가축 분뇨 냄새(닭, 돼지, 소)",-5:-7,-1
2024-07-18 01:51:00,35.945038,126.938614,모현동1가,4,"가축 분뇨 냄새(닭, 돼지, 소)",-9:-3,-1
2024-07-18 02:01:00,35.93138,126.966934,동산동,5,"가축 분뇨 냄새(닭, 돼지, 소)",-4:-6,-1
2024-07-18 02:38:00,35.95058,126.964226,영등동,5,"가축 분뇨 냄새(닭, 돼지, 소)",-4:-2,-1
2024-07-18 04:59:00,35.961285,126.978195,영등동,4,"가축 분뇨 냄새(닭, 돼지, 소)",-2:1,-1
2024-07-18 06:38:00,35.953358,126.98478,어양동,5,"가축 분뇨 냄새(닭, 돼지, 소)",0:-1,-1
2024-07-18 07:31:00,35.960693,126.97356,영등동,5,"가축 분뇨 냄새(닭, 돼지, 소)",-2:0,-1
2024-07-18 07:41:00,35.92628,126.95898,동산동,4,"가축 분뇨 냄새(닭, 돼지, 소)",-5:-7,-1
2024-07-18 07:47:00,35.92633,126.95847,동산동,4,"가축 분뇨 냄새(닭, 돼지, 소)",-5:-7,-1
2024-07-18 07:54:00,35.93323,126.9642,동산동,3,"가축 분뇨 냄새(닭, 돼지, 소)",-4:-6,-1
2024-07-18 08:45:00,35.94323,126.962364,마동,3,"가축 분뇨 냄새(닭, 돼지, 소)",-4:-3,-1
2024-07-18 17:20:00,35.9697,127.09078,왕궁면 흥암리,4,"가축 분뇨 냄새(닭, 돼지, 소)",19:2,-1
2024-07-18 20:54:00,35.96862,127.091255,왕궁면 흥암리,5,"가축 분뇨 냄새(닭, 돼지, 소)",19:2,-1
2024-07-18 23:42:00,35.96951,127.091415,왕궁면 흥암리,3,"가축 분뇨 냄새(닭, 돼지, 소)",19:2,-1
2024-07-19 01:05:00,35.968468,127.09136,왕궁면 흥암리,4,"가축 분뇨 냄새(닭, 돼지, 소)",19:2,-1
2024-07-19 20:46:00,35.969574,127.09003,왕궁면 흥암리,4,"가축 분뇨 냄새(닭, 돼지, 소)",19:2,-1
2024-07-19 21:22:00,35.913357,126.86168,오산면 신지리,4,"가축 분뇨 냄새(닭, 돼지, 소)",-23:-10,-1
2024-07-19 23:22:00,35.968437,127.09037,왕궁면 흥암리,4,"가축 분뇨 냄새(닭, 돼지, 소)",19:2,-1
2024-07-19 23:29:00,35.96919,127.09091,왕궁면 흥암리,5,"가축 분뇨 냄새(닭, 돼지, 소)",19:2,-1
2024-07-20 00:16:00,35.96847,127.09136,왕궁면 흥암리,5,"가축 분뇨 냄새(닭, 돼지, 소)",19:2,-1
2024-07-20 00:19:00,35.96847,127.09139,왕궁면 흥암리,5,"가축 분뇨 냄새(닭, 돼지, 소)",19:2,-1
2024-07-20 01:30:00,35.969643,127.09187,왕궁면 흥암리,4,"가축 분뇨 냄새(닭, 돼지, 소)",19:2,-1
2024-07-20 01:33:00,35.969852,127.09072,왕궁면 흥암리,5,"가축 분뇨 냄새(닭, 돼지, 소)",19:2,-1
2024-07-20 05:34:00,35.96851,127.091194,왕궁면 흥암리,3,"가축 분뇨 냄새(닭, 돼지, 소)",19:2,-1
2024-07-20 07:31:00,35.96885,127.09132,왕궁면 흥암리,5,"가축 분뇨 냄새(닭, 돼지, 소)",19:2,-1
2024-07-20 07:35:00,35.968937,127.09145,왕궁면 흥암리,4,"가축 분뇨 냄새(닭, 돼지, 소)",19:2,-1
2024-07-20 10:52:00,36.054028,126.87885,웅포면 입점리,4,하수구 냄새,-19:21,-1
2024-07-20 18:50:00,35.968616,127.09126,왕궁면 흥암리,5,"가축 분뇨 냄새(닭, 돼지, 소)",19:2,-1
2024-07-20 19:51:00,35.969475,127.09064,왕궁면 흥암리,4,"가축 분뇨 냄새(닭, 돼지, 소)",19:2,-1
2024-07-20 21:37:00,35.957882,126.99184,부송동,4,"가축 분뇨 냄새(닭, 돼지, 소)",1:0,-1
2024-07-20 23:12:00,35.968338,127.090614,왕궁면 흥암리,5,"가축 분뇨 냄새(닭, 돼지, 소)",19:2,-1
2024-07-20 23:14:00,35.9683,127.090614,왕궁면 흥암리,5,"가축 분뇨 냄새(닭, 돼지, 소)",19:2,-1
2024-07-20 23:30:00,35.96837,127.08988,왕궁면 흥암리,5,"가축 분뇨 냄새(닭, 돼지, 소)",19:2,-1
2024-07-21 18:17:00,35.96819,127.09113,왕궁면 흥암리,5,"가축 분뇨 냄새(닭, 돼지, 소)",19:2,-1
2024-07-21 21:06:00,35.9695,127.09008,왕궁면 흥암리,4,"가축 분뇨 냄새(닭, 돼지, 소)",19:2,-1
2024-07-21 21:41:00,35.96891,127.09058,왕궁면 흥암리,4,"가축 분뇨 냄새(닭, 돼지, 소)",19:2,-1
2024-07-21 22:16:00,35.969067,127.09138,왕궁면 흥암리,5,"가축 분뇨 냄새(닭, 돼지, 소)",19:2,-1
2024-07-21 23:41:00,35.96843,127.09037,왕궁면 흥암리,4,"가축 분뇨 냄새(닭, 돼지, 소)",19:2,-1
2024-07-22 04:36:00,35.926323,126.95849,동산동,4,"가축 분뇨 냄새(닭, 돼지, 소)",-5:-7,-1
2024-07-22 06:15:00,35.951637,126.93699,모현동1가,5,"가축 분뇨 냄새(닭, 돼지, 소)",-9:-2,-1
2024-07-22 06:30:00,35.928055,126.96333,동산동,5,"가축 분뇨 냄새(닭, 돼지, 소)",-4:-7,-1
2024-07-22 06:46:00,35.945755,126.962135,마동,5,"가축 분뇨 냄새(닭, 돼지, 소)",-4:-3,-1
2024-07-22 11:34:00,35.936985,127.05666,왕궁면 쌍제리,3,"가축 분뇨 냄새(닭, 돼지, 소)",13:-5,-1
2024-07-22 18:27:00,35.968937,127.09147,왕궁면 흥암리,4,"가축 분뇨 냄새(닭, 돼지, 소)",19:2,-1
2024-07-22 19:48:00,35.96911,127.091866,왕궁면 흥암리,4,"가축 분뇨 냄새(닭, 돼지, 소)",19:2,269
2024-07-22 19:55:00,35.96953,127.090225,왕궁면 흥암리,3,"가축 분뇨 냄새(닭, 돼지, 소)",19:2,269
2024-07-22 19:55:00,35.969467,127.09031,왕궁면 흥암리,3,"가축 분뇨 냄새(닭, 돼지, 소)",19:2,269
2024-07-22 20:03:00,35.95348,126.98401,어양동,4,"가축 분뇨 냄새(닭, 돼지, 소)",-1:-1,-1
2024-07-22 20:11:00,35.967587,127.0904,왕궁면 흥암리,5,"가축 분뇨 냄새(닭, 돼지, 소)",19:2,269
2024-07-22 20:26:00,35.96985,127.09067,왕궁면 흥암리,2,"가축 분뇨 냄새(닭, 돼지, 소)",19:2,269
2024-07-22 20:42:00,35.96841,127.09092,왕궁면 흥암리,4,"가축 분뇨 냄새(닭, 돼지, 소)",19:2,269
2024-07-22 20:50:00,35.968414,127.090675,왕궁면 흥암리,5,"가축 분뇨 냄새(닭, 돼지, 소)",19:2,269
2024-07-22 20:52:00,35.964947,126.98709,부송동,4,"가축 분뇨 냄새(닭, 돼지, 소)",0:1,-1
2024-07-22 20:59:00,35.953716,126.98356,어양동,5,"가축 분뇨 냄새(닭, 돼지, 소)",-1:-1,270
2024-07-22 21:01:00,35.956314,126.99671,부송동,4,"가축 분뇨 냄새(닭, 돼지, 소)",2:-1,-1
2024-07-22 21:07:00,35.95629,126.99473,부송동,4,"가축 분뇨 냄새(닭, 돼지, 소)",1:-1,-1
2024-07-22 21:09:00,35.95682,126.976006,영등동,4,"가축 분뇨 냄새(닭, 돼지, 소)",-2:0,270
2024-07-22 21:11:00,35.95656,126.97202,영등동,2,"가축 분뇨 냄새(닭, 돼지, 소)",-3:-1,270
2024-07-22 21:19:00,35.969517,127.09091,왕궁면 흥암리,4,"가축 분뇨 냄새(닭, 돼지, 소)",19:2,269
2024-07-22 21:36:00,35.957466,126.9762,영등동,4,"가축 분뇨 냄새(닭, 돼지, 소)",-2:0,270
2024-07-22 21:49:00,35.951485,126.9747,영등동,3,"가축 분뇨 냄새(닭, 돼지, 소)",-2:-2,270
2024-07-22 22:40:00,35.933964,126.95033,인화동1가,3,"가축 분뇨 냄새(닭, 돼지, 소)",-7:-5,-1
2024-07-22 23:04:00,35.96853,127.09114,왕궁면 흥암리,5,"가축 분뇨 냄새(닭, 돼지, 소)",19:2,-1
2024-07-22 23:08:00,35.969124,127.09187,왕궁면 흥암리,5,"가축 분뇨 냄새(닭, 돼지, 소)",19:2,-1
2024-07-22 23:19:00,35.92633,126.95848,동산동,5,"가축 분뇨 냄새(닭, 돼지, 소)",-5:-7,-1
2024-07-22 23:25:00,35.953197,126.9855,어양동,4,"가축 분뇨 냄새(닭, 돼지, 소)",0:-1,-1
2024-07-22 23:40:00,35.956577,126.99791,부송동,4,"가축 분뇨 냄새(닭, 돼지, 소)",2:0,-1
2024-07-22 23:41:00,35.956028,126.995094,부송동,3,"가축 분뇨 냄새(닭, 돼지, 소)",1:-1,271
2024-07-22 23:42:00,35.957504,126.998886,부송동,5,"가축 분뇨 냄새(닭, 돼지, 소)",2:0,271
2024-07-22 23:56:00,35.96188,126.99054,부송동,4,"가축 분뇨 냄새(닭, 돼지, 소)",1:1,271
2024-07-23 06:19:00,35.961273,126.97816,영등동,3,"가축 분뇨 냄새(닭, 돼지, 소)",-2:1,-1
2024-07-23 06:36:00,35.962723,126.98321,어양동,4,"가축 분뇨 냄새(닭, 돼지, 소)",-1:1,-1
2024-07-23 07:45:00,35.968525,127.091194,왕궁면 흥암리,4,"가축 분뇨 냄새(닭, 돼지, 소)",19:2,-1
2024-07-23 08:11:00,35.968643,127.09137,왕궁면 흥암리,4,"가축 분뇨 냄새(닭, 돼지, 소)",19:2,-1
2024-07-23 08:20:00,35.96836,127.089874,왕궁면 흥암리,5,"가축 분뇨 냄새(닭, 돼지, 소)",19:2,-1
2024-07-23 08:37:00,35.968998,127.09119,왕궁면 흥암리,4,"가축 분뇨 냄새(닭, 돼지, 소)",19:2,-1
2024-07-23 19:31:00,35.913357,126.86168,오산면 신지리,2,"가축 분뇨 냄새(닭, 돼지, 소)",-23:-10,-1
2024-07-23 19:38:00,35.926296,126.95894,동산동,5,"가축 분뇨 냄새(닭, 돼지, 소)",-5:-7,-1
2024-07-23 19:42:00,35.96854,127.091194,왕궁면 흥암리,5,"가축 분뇨 냄새(닭, 돼지, 소)",19:2,-1
2024-07-23 19:49:00,35.93914,126.98593,신흥동,5,"가축 분뇨 냄새(닭, 돼지, 소)",0:-4,-1
2024-07-23 19:58:00,35.946472,126.9466,모현동1가,5,"가축 분뇨 냄새(닭, 돼지, 소)",-7:-3,-1
2024-07-23 20:28:00,35.945805,126.94625,모현동1가,5,"가축 분뇨 냄새(닭, 돼지, 소)",-7:-3,-1
2024-07-23 21:13:00,35.969067,127.09138,왕궁면 흥암리,5,"가축 분뇨 냄새(닭, 돼지, 소)",19:2,-1
2024-07-23 23:02:00,35.936512,126.969154,마동,4,"가축 분뇨 냄새(닭, 돼지, 소)",-3:-5,-1
2024-07-23 23:10:00,35.936493,126.96916,마동,4,"가축 분뇨 냄새(닭, 돼지, 소)",-3:-5,-1
2024-07-23 23:18:00,35.93647,126.97035,마동,5,"가축 분뇨 냄새(닭, 돼지, 소)",-3:-5,-1
2024-07-23 23:19:00,35.960693,126.97356,영등동,5,"가축 분뇨 냄새(닭, 돼지, 소)",-2:0,-1
2024-07-23 23:22:00,35.968475,127.09136,왕궁면 흥암리,3,"가축 분뇨 냄새(닭, 돼지, 소)",19:2,-1
2024-07-23 23:39:00,35.941982,126.93203,송학동,3,"가축 분뇨 냄새(닭, 돼지, 소)",-10:-4,-1
2024-07-23 23:48:00,35.93134,126.96884,동산동,4,"가축 분뇨 냄새(닭, 돼지, 소)",-3:-6,-1
2024-07-24 00:53:00,35.945137,126.944885,모현동1가,5,"가축 분뇨 냄새(닭, 돼지, 소)",-8:-3,-1
2024-07-24 03:15:00,35.95751,126.98428,어양동,4,하수구 냄새,0:0,-1
2024-07-24 06:20:00,35.951694,126.93698,모현동1가,3,"가축 분뇨 냄새(닭, 돼지, 소)",-9:-2,-1
2024-07-24 07:20:00,35.9282,126.96335,동산동,4,"가축 분뇨 냄새(닭, 돼지, 소)",-4:-7,-1
2024-07-24 07:23:00,35.969604,127.09154,왕궁면 흥암리,4,"가축 분뇨 냄새(닭, 돼지, 소)",19:2,-1
2024-07-24 20:21:00,35.968544,127.09098,왕궁면 흥암리,3,"가축 분뇨 냄새(닭, 돼지, 소)",19:2,-1
2024-07-24 20:23:00,35.96794,127.09034,왕궁면 흥암리,4,"가축 분뇨 냄새(닭, 돼지, 소)",19:2,-1
2024-07-24 22:38:00,35.96912,127.09188,왕궁면 흥암리,5,"가축 분뇨 냄새(닭, 돼지, 소)",19:2,-1
2024-07-24 22:40:00,35.969864,127.09021,왕궁면 흥암리,4,"가축 분뇨 냄새(닭, 돼지, 소)",19:2,-1
2024-07-24 23:04:00,35.96991,127.090675,왕궁면 흥암리,4,"가축 분뇨 냄새(닭, 돼지, 소)",19:2,-1
2024-07-24 23:05:00,35.96984,127.09079,왕궁면 흥암리,4,"가축 분뇨 냄새(닭, 돼지, 소)",19:2,-1
2024-07-24 23:08:00,35.953335,126.984024,어양동,3,"가축 분뇨 냄새(닭, 돼지, 소)",-1:-1,-1
2024-07-25 00:18:00,35.96912,127.09188,왕궁면 흥암리,5,"가축 분뇨 냄새(닭, 돼지, 소)",19:2,-1
2024-07-25 10:14:00,35.936974,127.05668,왕궁면 쌍제리,3,"가축 분뇨 냄새(닭, 돼지, 소)",13:-5,-1
2024-07-25 20:07:00,35.9694,127.09145,왕궁면 흥암리,3,"가축 분뇨 냄새(닭, 돼지, 소)",19:2,-1
2024-07-26 04:58:00,35.95761,126.999245,부송동,3,"공장 냄새(화학약품, 매캐함)",2:0,-1
2024-07-26 05:51:00,35.968903,127.09149,왕궁면 흥암리,4,"가축 분뇨 냄새(닭, 돼지, 소)",19:2,-1
2024-07-26 06:27:00,35.91336,126.86168,오산면 신지리,4,"가축 분뇨 냄새(닭, 돼지, 소)",-23:-10,-1
2024-07-26 15:24:00,35.96836,127.08983,왕궁면 흥암리,4,"가축 분뇨 냄새(닭, 돼지, 소)",19:2,-1
2024-07-26 19:16:00,35.968792,127.09103,왕궁면 흥암리,5,"가축 분뇨 냄새(닭, 돼지, 소)",19:2,-1
2024-07-26 22:17:00,35.936974,127.05669,왕궁면 쌍제리,3,"가축 분뇨 냄새(닭, 돼지, 소)",13:-5,-1
2024-07-27 19:15:00,35.94069,126.93022,송학동,4,"가축 분뇨 냄새(닭, 돼지, 소)",-10:-4,-1
2024-07-28 00:38:00,35.94706,126.93812,모현동1가,3,"가축 분뇨 냄새(닭, 돼지, 소)",-9:-3,-1
2024-07-28 09:00:00,35.95789,126.9975,부송동,4,"공장 냄새(화학약품, 매캐함)",2:0,-1
2024-07-28 10:32:00,35.913353,126.861626,오산면 신지리,5,기타,-23:-10,-1
2024-07-28 19:59:00,35.96819,127.0904,왕궁면 흥암리,5,"가축 분뇨 냄새(닭, 돼지, 소)",19:2,272
2024-07-28 20:04:00,35.96919,127.09004,왕궁면 흥암리,3,"가축 분뇨 냄새(닭, 돼지, 소)",19:2,272
2024-07-28 20:18:00,35.96872,127.09115,왕궁면 흥암리,5,"가축 분뇨 냄새(닭, 돼지, 소)",19:2,272
2024-07-28 20:18:00,35.968567,127.0908,왕궁면 흥암리,3,"가축 분뇨 냄새(닭, 돼지, 소)",19:2,272
2024-07-28 20:47:00,35.968433,127.09089,왕궁면 흥암리,4,"가축 분뇨 냄새(닭, 돼지, 소)",19:2,272
2024-07-28 20:51:00,35.968338,127.090965,왕궁면 흥암리,4,"가축 분뇨 냄새(닭, 돼지, 소)",19:2,272
2024-07-28 21:02:00,35.9692,127.09005,왕궁면 흥암리,4,"가축 분뇨 냄새(닭, 돼지, 소)",19:2,272
2024-07-28 21:47:00,35.968956,127.09149,왕궁면 흥암리,4,"가축 분뇨 냄새(닭, 돼지, 소)",19:2,272
2024-07-28 22:09:00,35.96546,127.016075,팔봉동,4,하수구 냄새,5:1,-1
2024-07-28 22:19:00,35.965088,126.98702,부송동,4,"가축 분뇨 냄새(닭, 돼지, 소)",0:1,273
2024-07-28 22:24:00,35.965546,127.016815,팔봉동,5,"가축 분뇨 냄새(닭, 돼지, 소)",5:1,-1
2024-07-28 22:26:00,35.956573,126.99757,부송동,5,"가축 분뇨 냄새(닭, 돼지, 소)",2:0,273
2024-07-28 22:28:00,35.956432,126.99793,부송동,5,"가축 분뇨 냄새(닭, 돼지, 소)",2:-1,273
2024-07-28 22:28:00,35.95655,126.99792,부송동,4,"가축 분뇨 냄새(닭, 돼지, 소)",2:-1,273
2024-07-28 22:32:00,35.956623,126.99752,부송동,5,"가축 분뇨 냄새(닭, 돼지, 소)",2:0,273
2024-07-28 22:36:00,35.9539,126.983696,어양동,1,"가축 분뇨 냄새(닭, 돼지, 소)",-1:-1,273
2024-07-28 22:40:00,35.95315,126.985664,어양동,5,"가축 분뇨 냄새(닭, 돼지, 소)",0:-1,273
2024-07-28 22:43:00,35.959457,126.992165,부송동,5,"가축 분뇨 냄새(닭, 돼지, 소)",1:0,273
2024-07-28 22:50:00,35.962673,126.992165,부송동,5,"가축 분뇨 냄새(닭, 돼지, 소)",1:1,273
2024-07-28 22:58:00,35.956394,126.99679,부송동,5,"가축 분뇨 냄새(닭, 돼지, 소)",2:-1,273
2024-07-28 22:58:00,35.96053,126.99384,부송동,5,"가축 분뇨 냄새(닭, 돼지, 소)",1:0,273
2024-07-28 23:00:00,35.95728,126.99869,부송동,4,"가축 분뇨 냄새(닭, 돼지, 소)",2:0,273
2024-07-28 23:10:00,35.96237,126.98752,부송동,5,"가축 분뇨 냄새(닭, 돼지, 소)",0:1,273
2024-07-28 23:11:00,35.95659,126.99411,부송동,5,"가축 분뇨 냄새(닭, 돼지, 소)",1:0,273
2024-07-28 23:20:00,35.95666,126.99872,부송동,5,"가축 분뇨 냄새(닭, 돼지, 소)",2:0,273
2024-07-28 23:26:00,35.95702,126.99333,부송동,5,"가축 분뇨 냄새(닭, 돼지, 소)",1:0,273
2024-07-28 23:32:00,35.957653,126.9927,부송동,5,"가축 분뇨 냄새(닭, 돼지, 소)",1:0,273
2024-07-28 23:35:00,35.952557,126.984184,어양동,4,"가축 분뇨 냄새(닭, 돼지, 소)",-1:-1,273
2024-07-28 23:35:00,35.959682,126.99152,부송동,5,"가축 분뇨 냄새(닭, 돼지, 소)",1:0,273
2024-07-28 23:39:00,35.96004,126.98968,부송동,3,"가축 분뇨 냄새(닭, 돼지, 소)",0:0,273
2024-07-28 23:42:00,35.960056,126.98953,부송동,5,"가축 분뇨 냄새(닭, 돼지, 소)",0:0,273
2024-07-28 23:45:00,35.955776,126.99757,부송동,5,"가축 분뇨 냄새(닭, 돼지, 소)",2:-1,273
2024-07-28 23:46:00,35.954155,126.984024,어양동,3,"가축 분뇨 냄새(닭, 돼지, 소)",-1:-1,273
2024-07-28 23:47:00,35.956425,126.993576,부송동,5,"가축 분뇨 냄새(닭, 돼지, 소)",1:-1,273
2024-07-28 23:52:00,35.961384,126.9938,부송동,5,"가축 분뇨 냄새(닭, 돼지, 소)",1:1,273
2024-07-29 00:12:00,35.96157,126.990074,부송동,4,"가축 분뇨 냄새(닭, 돼지, 소)",1:1,273
2024-07-29 00:48:00,35.95826,126.99755,부송동,5,"가축 분뇨 냄새(닭, 돼지, 소)",2:0,273
2024-07-29 00:54:00,35.95665,126.99758,부송동,5,"가축 분뇨 냄새(닭, 돼지, 소)",2:0,273
2024-07-29 00:56:00,35.9572,126.98064,어양동,5,"가축 분뇨 냄새(닭, 돼지, 소)",-1:0,273
2024-07-29 00:57:00,35.947094,126.94653,모현동1가,4,"가축 분뇨 냄새(닭, 돼지, 소)",-7:-3,-1
2024-07-29 01:02:00,35.955353,126.981346,어양동,5,"가축 분뇨 냄새(닭, 돼지, 소)",-1:-1,-1
2024-07-29 01:55:00,35.950584,126.964226,영등동,5,"가축 분뇨 냄새(닭, 돼지, 소)",-4:-2,-1
2024-07-29 04:56:00,35.92637,126.95849,동산동,5,"가축 분뇨 냄새(닭, 돼지, 소)",-5:-7,-1
2024-07-29 05:17:00,35.92585,126.960846,동산동,5,"가축 분뇨 냄새(닭, 돼지, 소)",-5:-7,-1
2024-07-29 05:37:00,35.955082,126.986465,어양동,4,"가축 분뇨 냄새(닭, 돼지, 소)",0:-1,-1
2024-07-29 05:42:00,35.9603,126.98475,어양동,3,"가축 분뇨 냄새(닭, 돼지, 소)",0:0,-1
2024-07-29 05:50:00,35.92628,126.95878,동산동,4,"가축 분뇨 냄새(닭, 돼지, 소)",-5:-7,-1
2024-07-30 00:35:00,35.942604,126.998116,용제동,5,"가축 분뇨 냄새(닭, 돼지, 소)",2:-4,-1
2024-07-30 00:36:00,35.927704,126.96693,동산동,4,"가축 분뇨 냄새(닭, 돼지, 소)",-4:-7,-1
2024-07-30 00:39:00,35.931393,126.96691,동산동,5,"가축 분뇨 냄새(닭, 돼지, 소)",-4:-6,-1
2024-07-30 01:37:00,35.956703,126.983345,어양동,4,하수구 냄새,-1:0,-1
2024-07-30 01:40:00,35.96523,126.986984,부송동,4,하수구 냄새,0:1,-1
2024-07-30 02:02:00,35.96862,127.09045,왕궁면 흥암리,5,"가축 분뇨 냄새(닭, 돼지, 소)",19:2,-1
2024-07-30 06:29:00,35.93916,126.97342,금강동,5,"가축 분뇨 냄새(닭, 돼지, 소)",-2:-4,-1
2024-07-30 06:37:00,35.961273,126.97816,영등동,4,"가축 분뇨 냄새(닭, 돼지, 소)",-2:1,-1
2024-07-30 07:15:00,35.951595,126.93698,모현동1가,2,"가축 분뇨 냄새(닭, 돼지, 소)",-9:-2,-1
2024-07-30 07:18:00,35.956203,126.99365,부송동,5,"가축 분뇨 냄새(닭, 돼지, 소)",1:-1,-1
2024-07-30 07:28:00,35.91336,126.86168,오산면 신지리,4,기타,-23:-10,-1
2024-07-30 07:28:00,35.962433,126.983154,어양동,4,"가축 분뇨 냄새(닭, 돼지, 소)",-1:1,-1
2024-07-30 07:35:00,35.95317,126.98569,어양동,4,"가축 분뇨 냄새(닭, 돼지, 소)",0:-1,-1
2024-07-30 07:42:00,35.95632,126.996574,부송동,4,"가축 분뇨 냄새(닭, 돼지, 소)",2:-1,-1
2024-07-30 09:55:00,35.968407,127.08988,왕궁면 흥암리,3,"가축 분뇨 냄새(닭, 돼지, 소)",19:2,-1
2024-07-30 21:42:00,35.96848,127.09085,왕궁면 흥암리,4,"가축 분뇨 냄새(닭, 돼지, 소)",19:2,-1
2024-07-31 00:17:00,35.92629,126.95889,동산동,4,"가축 분뇨 냄새(닭, 돼지, 소)",-5:-7,-1
2024-07-31 00:25:00,35.931355,126.96886,동산동,3,"가축 분뇨 냄새(닭, 돼지, 소)",-3:-6,-1
2024-07-31 01:14:00,35.947464,126.93783,모현동1가,4,"가축 분뇨 냄새(닭, 돼지, 소)",-9:-3,-1
2024-07-31 02:02:00,35.956306,126.99659,부송동,4,"가축 분뇨 냄새(닭, 돼지, 소)",2:-1,-1
2024-07-31 14:20:00,36.082634,126.993,용동면 화실리,4,"가축 분뇨 냄새(닭, 돼지, 소)",1:27,-1
2024-07-31 22:20:00,35.96506,126.987076,부송동,3,소각 냄새(태우는 냄새),0:1,-1
2024-08-01 07:40:00,35.961304,126.978165,영등동,2,"가축 분뇨 냄새(닭, 돼지, 소)",-2:1,-1
2024-08-01 07:42:00,35.926342,126.95879,동산동,4,"가축 분뇨 냄새(닭, 돼지, 소)",-5:-7,-1
2024-08-01 07:51:00,35.93061,126.96167,동산동,3,"가축 분뇨 냄새(닭, 돼지, 소)",-5:-6,-1
2024-08-02 07:34:00,35.912743,126.86179,오산면 신지리,3,"가축 분뇨 냄새(닭, 돼지, 소)",-23:-10,-1
2024-08-02 07:52:00,35.961277,126.97815,영등동,4,"가축 분뇨 냄새(닭, 돼지, 소)",-2:1,-1
2024-08-03 06:34:00,35.91336,126.86168,오산면 신지리,4,"가축 분뇨 냄새(닭, 돼지, 소)",-23:-10,-1
2024-08-04 07:14:00,35.91336,126.86168,오산면 신지리,3,"가축 분뇨 냄새(닭, 돼지, 소)",-23:-10,-1
2024-08-04 07:18:00,35.961624,126.974174,영등동,4,"가축 분뇨 냄새(닭, 돼지, 소)",-2:1,-1
2024-08-04 07:28:00,35.965477,126.983116,어양동,4,"가축 분뇨 냄새(닭, 돼지, 소)",-1:1,-1
2024-08-04 20:21:00,35.942604,126.99811,용제동,4,"가축 분뇨 냄새(닭, 돼지, 소)",2:-4,-1
2024-08-04 23:30:00,35.953884,126.978195,영등동,4,"가축 분뇨 냄새(닭, 돼지, 소)",-2:-1,-1
2024-08-05 00:03:00,35.95655,126.99792,부송동,4,"가축 분뇨 냄새(닭, 돼지, 소)",2:-1,-1
2024-08-05 00:27:00,35.963367,126.974236,영등동,3,"가축 분뇨 냄새(닭, 돼지, 소)",-2:1,-1
2024-08-05 01:12:00,35.943783,126.96346,마동,4,"가축 분뇨 냄새(닭, 돼지, 소)",-4:-3,-1
2024-08-05 01:18:00,35.950584,126.96423,영등동,4,"가축 분뇨 냄새(닭, 돼지, 소)",-4:-2,-1
2024-08-05 15:57:00,35.96495,126.98713,부송동,3,"공장 냄새(화학약품, 매캐함)",0:1,-1
2024-08-05 19:37:00,35.953793,126.98407,어양동,3,"가축 분뇨 냄새(닭, 돼지, 소)",-1:-1,-1
2024-08-05 19:45:00,35.944725,126.969315,마동,3,"공장 냄새(화학약품, 매캐함)",-3:-3,-1
2024-08-05 20:48:00,35.969093,127.09138,왕궁면 흥암리,5,"가축 분뇨 냄새(닭, 돼지, 소)",19:2,-1
2024-08-05 20:52:00,35.9692,127.09002,왕궁면 흥암리,2,"공장 냄새(화학약품, 매캐함)",19:2,-1
2024-08-05 23:08:00,35.965065,126.98706,부송동,4,"공장 냄새(화학약품, 매캐함)",0:1,-1
2024-08-06 22:43:00,35.968582,127.09128,왕궁면 흥암리,5,"가축 분뇨 냄새(닭, 돼지, 소)",19:2,-1
2024-08-07 20:44:00,35.968388,127.090645,왕궁면 흥암리,5,"가축 분뇨 냄새(닭, 돼지, 소)",19:2,-1
2024-08-08 05:47:00,35.969063,127.09136,왕궁면 흥암리,3,"가축 분뇨 냄새(닭, 돼지, 소)",19:2,-1
2024-08-08 08:42:00,35.957493,126.97463,영등동,3,"가축 분뇨 냄새(닭, 돼지, 소)",-2:0,-1
2024-08-09 21:05:00,35.96886,127.090416,왕궁면 흥암리,3,"가축 분뇨 냄새(닭, 돼지, 소)",19:2,-1
2024-08-09 21:07:00,35.96835,127.090614,왕궁면 흥암리,5,"가축 분뇨 냄새(닭, 돼지, 소)",19:2,-1
2024-08-09 22:21:00,35.968365,127.08985,왕궁면 흥암리,5,"가축 분뇨 냄새(닭, 돼지, 소)",19:2,-1
2024-08-10 02:16:00,35.950584,126.96423,영등동,5,"가축 분뇨 냄새(닭, 돼지, 소)",-4:-2,-1
2024-08-10 22:08:00,35.9691,127.091385,왕궁면 흥암리,4,"가축 분뇨 냄새(닭, 돼지, 소)",19:2,-1
2024-08-11 00:13:00,35.956444,126.99786,부송동,3,"공장 냄새(화학약품, 매캐함)",2:-1,-1
2024-08-11 00:30:00,35.946995,126.94655,모현동1가,4,"가축 분뇨 냄새(닭, 돼지, 소)",-7:-3,-1
2024-08-11 23:42:00,35.95616,126.996735,부송동,4,"가축 분뇨 냄새(닭, 돼지, 소)",2:-1,-1
2024-08-12 06:32:00,35.968884,127.09151,왕궁면 흥암리,4,"공장 냄새(화학약품, 매캐함)",19:2,-1
2024-08-12 20:10:00,35.96853,127.09085,왕궁면 흥암리,4,"가축 분뇨 냄새(닭, 돼지, 소)",19:2,-1
2024-08-13 20:50:00,35.96993,127.09091,왕궁면 흥암리,5,"가축 분뇨 냄새(닭, 돼지, 소)",19:2,-1
2024-08-14 22:01:00,35.96963,127.092064,왕궁면 흥암리,3,소각 냄새(태우는 냄새),19:2,-1
2024-08-14 23:59:00,35.96841,127.0899,왕궁면 흥암리,5,소각 냄새(태우는 냄새),19:2,-1
2024-08-15 00:24:00,35.968475,127.09136,왕궁면 흥암리,3,"가축 분뇨 냄새(닭, 돼지, 소)",19:2,-1
2024-08-15 19:11:00,35.93648,126.9692,마동,3,"가축 분뇨 냄새(닭, 돼지, 소)",-3:-5,-1
2024-08-15 19:13:00,35.936493,126.96918,마동,4,"가축 분뇨 냄새(닭, 돼지, 소)",-3:-5,-1
2024-08-15 19:15:00,35.930614,126.96169,동산동,4,"가축 분뇨 냄새(닭, 돼지, 소)",-5:-6,-1
2024-08-15 19:30:00,35.968468,127.09134,왕궁면 흥암리,5,"가축 분뇨 냄새(닭, 돼지, 소)",19:2,-1
2024-08-15 20:55:00,35.96898,127.09139,왕궁면 흥암리,5,"가축 분뇨 냄새(닭, 돼지, 소)",19:2,274
2024-08-15 21:00:00,35.96902,127.09084,왕궁면 흥암리,4,"가축 분뇨 냄새(닭, 돼지, 소)",19:2,274
2024-08-15 21:11:00,35.96906,127.09137,왕궁면 흥암리,4,"가축 분뇨 냄새(닭, 돼지, 소)",19:2,274
2024-08-15 21:19:00,35.96958,127.09007,왕궁면 흥암리,4,"가축 분뇨 냄새(닭, 돼지, 소)",19:2,274
2024-08-15 21:25:00,35.968353,127.09063,왕궁면 흥암리,5,"가축 분뇨 냄새(닭, 돼지, 소)",19:2,274
2024-08-15 22:21:00,35.968723,127.09043,왕궁면 흥암리,4,기타,19:2,274
2024-08-15 22:22:00,35.969852,127.09019,왕궁면 흥암리,4,기타,19:2,274
2024-08-15 22:22:00,35.968372,127.0904,왕궁면 흥암리,5,기타,19:2,274
2024-08-15 22:24:00,35.968483,127.09136,왕궁면 흥암리,3,"가축 분뇨 냄새(닭, 돼지, 소)",19:2,274
2024-08-15 22:27:00,35.969036,127.09137,왕궁면 흥암리,4,기타,19:2,274
2024-08-15 22:59:00,35.968914,127.0913,왕궁면 흥암리,5,기타,19:2,274
2024-08-16 00:00:00,35.95,126.9756,영등동,3,음식조리 냄새,-2:-2,-1
2024-08-16 19:00:00,35.930614,126.96169,동산동,4,"가축 분뇨 냄새(닭, 돼지, 소)",-5:-6,-1
2024-08-16 19:43:00,35.969437,127.09011,왕궁면 흥암리,3,소각 냄새(태우는 냄새),19:2,-1
2024-08-16 20:00:00,35.954185,126.98393,어양동,3,"가축 분뇨 냄새(닭, 돼지, 소)",-1:-1,-1
2024-08-16 20:01:00,35.960796,126.979256,영등동,4,"가축 분뇨 냄새(닭, 돼지, 소)",-1:0,-1
2024-08-16 20:40:00,35.95717,126.9959,부송동,4,"가축 분뇨 냄새(닭, 돼지, 소)",2:0,-1
2024-08-16 22:09:00,35.950577,126.964264,영등동,3,"가축 분뇨 냄새(닭, 돼지, 소)",-4:-2,-1
2024-08-17 00:10:00,35.968914,127.0913,왕궁면 흥암리,5,기타,19:2,-1
2024-08-17 00:13:00,35.968346,127.09061,왕궁면 흥암리,5,기타,19:2,-1
2024-08-17 19:04:00,35.969204,127.09137,왕궁면 흥암리,5,"가축 분뇨 냄새(닭, 돼지, 소)",19:2,-1
2024-08-17 19:26:00,35.96951,127.09016,왕궁면 흥암리,5,"가축 분뇨 냄새(닭, 돼지, 소)",19:2,-1
2024-08-17 19:55:00,35.968468,127.091354,왕궁면 흥암리,5,"가축 분뇨 냄새(닭, 돼지, 소)",19:2,-1
2024-08-18 17:31:00,36.112038,126.98512,용동면 용성리,4,"가축 분뇨 냄새(닭, 돼지, 소)",0:34,-1
2024-08-18 18:47:00,35.96846,127.090866,왕궁면 흥암리,4,"가축 분뇨 냄새(닭, 돼지, 소)",19:2,-1
2024-08-18 18:59:00,35.913353,126.861626,오산면 신지리,5,"가축 분뇨 냄새(닭, 돼지, 소)",-23:-10,-1
2024-08-18 20:46:00,35.968548,127.09126,왕궁면 흥암리,5,"가축 분뇨 냄새(닭, 돼지, 소)",19:2,-1
2024-08-18 20:51:00,35.969006,127.09088,왕궁면 흥암리,5,"가축 분뇨 냄새(닭, 돼지, 소)",19:2,-1
2024-08-18 20:54:00,35.968426,127.09093,왕궁면 흥암리,5,"가축 분뇨 냄새(닭, 돼지, 소)",19:2,-1
2024-08-19 20:11:00,35.922203,127.05486,춘포면 쌍정리,5,"가축 분뇨 냄새(닭, 돼지, 소)",12:-8,-1
2024-08-20 20:02:00,35.968975,127.09057,왕궁면 흥암리,4,기타,19:2,-1
2024-08-20 20:04:00,35.96854,127.09129,왕궁면 흥암리,5,"가축 분뇨 냄새(닭, 돼지, 소)",19:2,-1
2024-08-20 20:14:00,35.968365,127.09125,왕궁면 흥암리,5,"가축 분뇨 냄새(닭, 돼지, 소)",19:2,-1
2024-08-20 20:21:00,35.968903,127.09128,왕궁면 흥암리,5,"가축 분뇨 냄새(닭, 돼지, 소)",19:2,-1
2024-08-20 20:23:00,35.960735,126.98201,어양동,5,"가축 분뇨 냄새(닭, 돼지, 소)",-1:0,-1
2024-08-20 20:35:00,35.95398,126.9886,어양동,5,"가축 분뇨 냄새(닭, 돼지, 소)",0:-1,-1
2024-08-20 20:38:00,35.96007,126.98906,부송동,5,기타,0:0,-1
2024-08-20 20:45:00,35.954098,126.98389,어양동,4,"가축 분뇨 냄새(닭, 돼지, 소)",-1:-1,-1
2024-08-20 21:44:00,35.96938,127.09087,왕궁면 흥암리,5,"가축 분뇨 냄새(닭, 돼지, 소)",19:2,275
2024-08-20 21:52:00,35.969578,127.090096,왕궁면 흥암리,5,"가축 분뇨 냄새(닭, 돼지, 소)",19:2,275
2024-08-20 21:53:00,35.968914,127.09152,왕궁면 흥암리,5,"가축 분뇨 냄새(닭, 돼지, 소)",19:2,275
2024-08-20 21:56:00,35.968506,127.08991,왕궁면 흥암리,5,"가축 분뇨 냄새(닭, 돼지, 소)",19:2,275
2024-08-20 21:58:00,35.968845,127.09044,왕궁면 흥암리,5,"가축 분뇨 냄새(닭, 돼지, 소)",19:2,275
2024-08-20 21:59:00,35.969078,127.09065,왕궁면 흥암리,5,기타,19:2,275
2024-08-20 21:59:00,35.96858,127.091385,왕궁면 흥암리,5,"가축 분뇨 냄새(닭, 돼지, 소)",19:2,275
2024-08-20 22:02:00,35.96848,127.09137,왕궁면 흥암리,4,"가축 분뇨 냄새(닭, 돼지, 소)",19:2,275
2024-08-20 22:06:00,35.96947,127.09064,왕궁면 흥암리,4,기타,19:2,275
2024-08-20 22:06:00,35.969604,127.09103,왕궁면 흥암리,5,"가축 분뇨 냄새(닭, 돼지, 소)",19:2,275
2024-08-20 22:16:00,35.969856,127.09019,왕궁면 흥암리,4,"가축 분뇨 냄새(닭, 돼지, 소)",19:2,275
2024-08-20 22:19:00,35.96906,127.091934,왕궁면 흥암리,4,"가축 분뇨 냄새(닭, 돼지, 소)",19:2,275
2024-08-20 22:33:00,35.969,127.091484,왕궁면 흥암리,5,"가축 분뇨 냄새(닭, 돼지, 소)",19:2,275
2024-08-20 22:33:00,35.96961,127.09157,왕궁면 흥암리,4,"가축 분뇨 냄새(닭, 돼지, 소)",19:2,275
2024-08-20 22:37:00,35.969078,127.09104,왕궁면 흥암리,4,"가축 분뇨 냄새(닭, 돼지, 소)",19:2,275
2024-08-21 10:22:00,35.969017,127.09119,왕궁면 흥암리,4,"가축 분뇨 냄새(닭, 돼지, 소)",19:2,-1
2024-08-22 10:51:00,35.968544,127.0903,왕궁면 흥암리,4,기타,19:2,276
2024-08-22 10:59:00,35.96945,127.089775,왕궁면 흥암리,4,"가축 분뇨 냄새(닭, 돼지, 소)",19:2,276
2024-08-22 11:22:00,35.96874,127.09084,왕궁면 흥암리,4,기타,19:2,276
2024-08-22 11:25:00,35.968903,127.09128,왕궁면 흥암리,5,기타,19:2,276
2024-08-22 11:25:00,35.9691,127.09013,왕궁면 흥암리,4,"가축 분뇨 냄새(닭, 돼지, 소)",19:2,276
2024-08-22 11:26:00,35.9687,127.09109,왕궁면 흥암리,5,"가축 분뇨 냄새(닭, 돼지, 소)",19:2,276
2024-08-22 12:19:00,35.913357,126.86164,오산면 신지리,4,기타,-23:-10,-1
2024-08-22 14:02:00,35.968456,127.09084,왕궁면 흥암리,4,"가축 분뇨 냄새(닭, 돼지, 소)",19:2,-1
2024-08-22 15:02:00,35.969597,127.09156,왕궁면 흥암리,4,기타,19:2,-1
2024-08-22 20:42:00,36.064545,126.96008,함열읍 석매리,4,"가축 분뇨 냄새(닭, 돼지, 소)",-5:23,-1
2024-08-22 22:55:00,35.96964,127.09187,왕궁면 흥암리,3,"가축 분뇨 냄새(닭, 돼지, 소)",19:2,-1
2024-08-23 06:49:00,35.961273,126.97814,영등동,3,"가축 분뇨 냄새(닭, 돼지, 소)",-2:1,-1
2024-08-23 07:34:00,35.9459,126.946144,모현동1가,4,"가축 분뇨 냄새(닭, 돼지, 소)",-7:-3,-1
2024-08-23 07:47:00,35.92823,126.963295,동산동,5,"가축 분뇨 냄새(닭, 돼지, 소)",-4:-7,-1
2024-08-23 13:22:00,35.969456,127.089775,왕궁면 흥암리,3,기타,19:2,-1
2024-08-23 13:42:00,35.968567,127.09107,왕궁면 흥암리,4,"가축 분뇨 냄새(닭, 돼지, 소)",19:2,-1
2024-08-23 21:28:00,35.968697,127.091095,왕궁면 흥암리,5,"가축 분뇨 냄새(닭, 돼지, 소)",19:2,277
2024-08-23 21:48:00,35.969048,127.09135,왕궁면 흥암리,5,"가축 분뇨 냄새(닭, 돼지, 소)",19:2,277
2024-08-23 22:11:00,35.96976,127.09033,왕궁면 흥암리,4,"가축 분뇨 냄새(닭, 돼지, 소)",19:2,277
2024-08-23 22:20:00,35.969,127.09156,왕궁면 흥암리,5,"공장 냄새(화학약품, 매캐함)",19:2,277
2024-08-23 22:20:00,35.969,127.09149,왕궁면 흥암리,4,"가축 분뇨 냄새(닭, 돼지, 소)",19:2,277
2024-08-23 22:43:00,35.927704,126.966934,동산동,4,"가축 분뇨 냄새(닭, 돼지, 소)",-4:-7,-1
2024-08-23 22:51:00,35.969864,127.09019,왕궁면 흥암리,4,"가축 분뇨 냄새(닭, 돼지, 소)",19:2,277
2024-08-23 22:57:00,35.953197,126.98555,어양동,4,"가축 분뇨 냄새(닭, 돼지, 소)",0:-1,-1
2024-08-23 22:59:00,35.95338,126.98472,어양동,5,"가축 분뇨 냄새(닭, 돼지, 소)",0:-1,-1
2024-08-23 23:24:00,35.96858,127.0912,왕궁면 흥암리,5,"가축 분뇨 냄새(닭, 돼지, 소)",19:2,277
2024-08-24 09:48:00,35.966564,127.08018,왕궁면 흥암리,5,"가축 분뇨 냄새(닭, 돼지, 소)",17:2,-1
2024-08-25 00:03:00,35.96838,127.09041,왕궁면 흥암리,5,"가축 분뇨 냄새(닭, 돼지, 소)",19:2,-1
2024-08-25 00:04:00,35.969154,127.09178,왕궁면 흥암리,3,"가축 분뇨 냄새(닭, 돼지, 소)",19:2,-1
2024-08-26 06:28:00,35.96964,127.091866,왕궁면 흥암리,4,"가축 분뇨 냄새(닭, 돼지, 소)",19:2,-1
2024-08-26 06:29:00,35.968914,127.09138,왕궁면 흥암리,5,"가축 분뇨 냄새(닭, 돼지, 소)",19:2,-1
2024-08-26 07:30:00,35.969597,127.09156,왕궁면 흥암리,5,"가축 분뇨 냄새(닭, 돼지, 소)",19:2,-1
2024-08-26 21:25:00,35.968914,127.09052,왕궁면 흥암리,5,"가축 분뇨 냄새(닭, 돼지, 소)",19:2,-1
2024-08-26 21:58:00,36.104298,126.98047,용동면 화실리,4,"가축 분뇨 냄새(닭, 돼지, 소)",-1:32,-1
2024-08-26 22:20:00,35.953693,127.0317,춘포면 창평리,4,"가축 분뇨 냄새(닭, 돼지, 소)",8:-1,-1
2024-08-28 15:42:00,35.969597,127.09158,왕궁면 흥암리,4,"가축 분뇨 냄새(닭, 돼지, 소)",19:2,-1
2024-08-30 17:27:00,36.110714,126.9864,용동면 용성리,4,"가축 분뇨 냄새(닭, 돼지, 소)",0:34,-1
2024-08-30 22:27:00,35.96929,127.090324,왕궁면 흥암리,2,"가축 분뇨 냄새(닭, 돼지, 소)",19:2,-1
2024-08-30 22:44:00,35.96904,127.0914,왕궁면 흥암리,4,"가축 분뇨 냄새(닭, 돼지, 소)",19:2,-1
2024-08-31 00:37:00,35.96854,127.09031,왕궁면 흥암리,4,"가축 분뇨 냄새(닭, 돼지, 소)",19:2,-1
2024-08-31 02:50:00,35.93257,126.94132,평화동,4,하수구 냄새,-8:-6,-1
2024-08-31 03:55:00,35.932606,126.941444,평화동,5,하수구 냄새,-8:-6,-1
2024-08-31 05:37:00,35.9534,126.984634,어양동,4,"가축 분뇨 냄새(닭, 돼지, 소)",0:-1,-1
2024-08-31 06:27:00,35.960842,126.97935,영등동,4,"가축 분뇨 냄새(닭, 돼지, 소)",-1:0,-1
2024-08-31 06:51:00,35.95749,126.97617,영등동,5,"가축 분뇨 냄새(닭, 돼지, 소)",-2:0,-1
2024-08-31 07:57:00,35.969276,127.09032,왕궁면 흥암리,3,소각 냄새(태우는 냄새),19:2,-1
2024-08-31 20:18:00,35.9687,127.09109,왕궁면 흥암리,5,소각 냄새(태우는 냄새),19:2,278
2024-08-31 20:35:00,35.96901,127.0905,왕궁면 흥암리,4,소각 냄새(태우는 냄새),19:2,278
2024-08-31 20:36:00,35.969566,127.0901,왕궁면 흥암리,4,소각 냄새(태우는 냄새),19:2,278
2024-08-31 20:39:00,35.969463,127.090645,왕궁면 흥암리,4,소각 냄새(태우는 냄새),19:2,278
2024-08-31 20:43:00,35.968353,127.09058,왕궁면 흥암리,3,소각 냄새(태우는 냄새),19:2,278
2024-08-31 20:43:00,35.969067,127.0914,왕궁면 흥암리,3,소각 냄새(태우는 냄새),19:2,278
2024-08-31 20:43:00,35.96784,127.09031,왕궁면 흥암리,5,소각 냄새(태우는 냄새),19:2,278
2024-08-31 21:09:00,35.969185,127.08999,왕궁면 흥암리,4,소각 냄새(태우는 냄새),19:2,278
2024-09-01 00:38:00,35.95726,126.99741,부송동,4,"가축 분뇨 냄새(닭, 돼지, 소)",2:0,-1
2024-09-01 00:48:00,35.967636,127.08849,왕궁면 흥암리,4,"가축 분뇨 냄새(닭, 돼지, 소)",18:2,-1
2024-09-01 01:37:00,35.958103,126.99762,부송동,4,"가축 분뇨 냄새(닭, 돼지, 소)",2:0,-1
2024-09-01 05:32:00,35.969067,127.09194,왕궁면 흥암리,3,"가축 분뇨 냄새(닭, 돼지, 소)",19:2,-1
2024-09-01 07:33:00,35.969273,127.09031,왕궁면 흥암리,3,소각 냄새(태우는 냄새),19:2,-1
2024-09-01 07:35:00,35.91247,126.86314,오산면 신지리,2,"가축 분뇨 냄새(닭, 돼지, 소)",-22:-10,-1
2024-09-01 22:30:00,35.968548,127.09055,왕궁면 흥암리,4,소각 냄새(태우는 냄새),19:2,-1
2024-09-01 22:42:00,35.96925,127.091064,왕궁면 흥암리,4,소각 냄새(태우는 냄새),19:2,-1
2024-09-02 01:24:00,35.95669,126.9976,부송동,4,"가축 분뇨 냄새(닭, 돼지, 소)",2:0,-1
2024-09-02 01:27:00,35.957237,126.99567,부송동,5,"가축 분뇨 냄새(닭, 돼지, 소)",2:0,-1
2024-09-02 01:58:00,35.960587,126.98706,부송동,3,하수구 냄새,0:0,279
2024-09-02 02:00:00,35.960304,126.9847,어양동,4,"가축 분뇨 냄새(닭, 돼지, 소)",0:0,279
2024-09-02 02:00:00,35.961628,126.97885,영등동,4,"가축 분뇨 냄새(닭, 돼지, 소)",-1:1,279
2024-09-02 02:00:00,35.95331,126.97457,영등동,5,"가축 분뇨 냄새(닭, 돼지, 소)",-2:-1,279
2024-09-02 02:05:00,35.957798,126.99515,부송동,5,"가축 분뇨 냄새(닭, 돼지, 소)",1:0,279
2024-09-02 02:11:00,35.960865,126.97933,영등동,4,"가축 분뇨 냄새(닭, 돼지, 소)",-1:0,279
2024-09-02 02:13:00,35.965614,126.986275,부송동,5,"가축 분뇨 냄새(닭, 돼지, 소)",0:1,279
2024-09-02 02:21:00,35.950592,126.96426,영등동,5,"가축 분뇨 냄새(닭, 돼지, 소)",-4:-2,-1
2024-09-02 02:24:00,35.943768,126.963425,마동,4,"가축 분뇨 냄새(닭, 돼지, 소)",-4:-3,-1
2024-09-02 02:30:00,35.960976,126.97944,영등동,4,"가축 분뇨 냄새(닭, 돼지, 소)",-1:0,279
2024-09-02 02:33:00,35.93373,126.96713,동산동,4,"가축 분뇨 냄새(닭, 돼지, 소)",-4:-6,-1
2024-09-02 02:43:00,35.92782,126.95975,동산동,4,"가축 분뇨 냄새(닭, 돼지, 소)",-5:-7,-1
2024-09-02 02:55:00,35.945904,126.9466,모현동1가,4,"가축 분뇨 냄새(닭, 돼지, 소)",-7:-3,-1
2024-09-02 05:28:00,35.961136,126.99429,부송동,4,"공장 냄새(화학약품, 매캐함)",1:1,-1
2024-09-02 07:02:00,35.913364,126.8617,오산면 신지리,3,"가축 분뇨 냄새(닭, 돼지, 소)",-23:-10,-1
2024-09-02 18:26:00,35.965492,126.98311,어양동,5,소각 냄새(태우는 냄새),-1:1,-1
2024-09-02 20:19:00,35.958878,126.99293,부송동,4,소각 냄새(태우는 냄새),1:0,-1
2024-09-02 20:45:00,35.9603,126.9892,부송동,5,소각 냄새(태우는 냄새),0:0,-1
2024-09-02 21:26:00,35.963646,126.9787,영등동,5,"공장 냄새(화학약품, 매캐함)",-1:1,-1
2024-09-02 21:30:00,35.96908,127.09107,왕궁면 흥암리,4,"가축 분뇨 냄새(닭, 돼지, 소)",19:2,-1
2024-09-02 21:32:00,35.96896,127.09143,왕궁면 흥암리,5,"가축 분뇨 냄새(닭, 돼지, 소)",19:2,-1
2024-09-02 22:18:00,35.96921,127.091774,왕궁면 흥암리,4,하수구 냄새,19:2,-1
2024-09-02 22:21:00,35.96892,127.090195,왕궁면 흥암리,4,하수구 냄새,19:2,-1
2024-09-03 01:58:00,35.9693,127.0919,왕궁면 흥암리,4,"가축 분뇨 냄새(닭, 돼지, 소)",19:2,-1
2024-09-03 06:00:00,35.968826,127.09136,왕궁면 흥암리,5,"공장 냄새(화학약품, 매캐함)",19:2,-1
2024-09-03 06:01:00,35.95863,126.97474,영등동,4,"가축 분뇨 냄새(닭, 돼지, 소)",-2:0,-1
2024-09-03 18:20:00,35.946625,126.93468,모현동1가,4,음식조리 냄새,-9:-3,-1
2024-09-03 20:17:00,35.962196,126.98408,어양동,5,"가축 분뇨 냄새(닭, 돼지, 소)",-1:1,280
2024-09-03 20:17:00,35.96547,126.983116,어양동,5,"가축 분뇨 냄새(닭, 돼지, 소)",-1:1,280
2024-09-03 20:18:00,35.955387,126.99569,부송동,4,"가축 분뇨 냄새(닭, 돼지, 소)",2:-1,280
2024-09-03 20:19:00,35.96084,126.979355,영등동,4,"가축 분뇨 냄새(닭, 돼지, 소)",-1:0,280
2024-09-03 20:20:00,35.930614,126.96169,동산동,3,"가축 분뇨 냄새(닭, 돼지, 소)",-5:-6,-1
2024-09-03 20:21:00,35.953175,126.98552,어양동,4,"가축 분뇨 냄새(닭, 돼지, 소)",0:-1,280
2024-09-03 20:27:00,35.960587,126.98705,부송동,3,"공장 냄새(화학약품, 매캐함)",0:0,280
2024-09-03 20:29:00,35.963192,126.98476,부송동,3,"가축 분뇨 냄새(닭, 돼지, 소)",0:1,280
2024-09-03 20:29:00,35.962833,126.98559,부송동,5,"가축 분뇨 냄새(닭, 돼지, 소)",0:1,280
2024-09-03 20:34:00,35.928127,126.963326,동산동,5,"가축 분뇨 냄새(닭, 돼지, 소)",-4:-7,-1
2024-09-03 20:39:00,35.960144,126.98916,부송동,4,"가축 분뇨 냄새(닭, 돼지, 소)",0:0,280
2024-09-03 20:39:00,35.930138,126.9721,동산동,4,"가축 분뇨 냄새(닭, 돼지, 소)",-3:-6,-1
2024-09-03 20:58:00,35.932556,126.94175,평화동,5,"가축 분뇨 냄새(닭, 돼지, 소)",-8:-6,-1
2024-09-03 21:17:00,35.947124,126.946434,모현동1가,4,"가축 분뇨 냄새(닭, 돼지, 소)",-7:-3,-1
2024-09-03 21:22:00,35.95207,126.93273,모현동2가,4,"가축 분뇨 냄새(닭, 돼지, 소)",-10:-1,-1
2024-09-03 21:32:00,35.95705,126.99572,부송동,3,"가축 분뇨 냄새(닭, 돼지, 소)",2:0,280
2024-09-03 21:37:00,35.92912,126.96549,동산동,5,"가축 분뇨 냄새(닭, 돼지, 소)",-4:-7,-1
2024-09-03 22:13:00,35.96358,126.98476,부송동,5,"가축 분뇨 냄새(닭, 돼지, 소)",0:1,-1
2024-09-03 23:09:00,35.933247,126.96975,동산동,5,"가축 분뇨 냄새(닭, 돼지, 소)",-3:-6,-1
2024-09-04 00:40:00,35.969368,127.09206,왕궁면 흥암리,4,"가축 분뇨 냄새(닭, 돼지, 소)",19:2,-1
2024-09-04 00:43:00,35.974678,127.090164,왕궁면 광암리,4,"가축 분뇨 냄새(닭, 돼지, 소)",19:4,-1
2024-09-04 01:29:00,35.968575,127.09033,왕궁면 흥암리,5,기타,19:2,-1
2024-09-04 08:21:00,35.953445,126.9903,어양동,3,"공장 냄새(화학약품, 매캐함)",1:-1,-1
2024-09-04 22:18:00,35.956066,126.995224,부송동,4,"가축 분뇨 냄새(닭, 돼지, 소)",1:-1,-1
2024-09-04 22:27:00,35.964905,127.01599,팔봉동,4,"가축 분뇨 냄새(닭, 돼지, 소)",5:1,-1
2024-09-04 23:59:00,35.968422,127.09087,왕궁면 흥암리,4,"가축 분뇨 냄새(닭, 돼지, 소)",19:2,-1
2024-09-05 00:07:00,35.969215,127.09175,왕궁면 흥암리,4,"가축 분뇨 냄새(닭, 돼지, 소)",19:2,-1
2024-09-05 01:15:00,35.92853,126.96377,동산동,5,"가축 분뇨 냄새(닭, 돼지, 소)",-4:-7,281
2024-09-05 01:16:00,35.959892,126.99978,부송동,4,"가축 분뇨 냄새(닭, 돼지, 소)",2:0,-1
2024-09-05 01:18:00,35.929977,126.95876,동산동,5,"가축 분뇨 냄새(닭, 돼지, 소)",-5:-6,281
2024-09-05 01:23:00,35.927856,126.959885,동산동,5,"가축 분뇨 냄새(닭, 돼지, 소)",-5:-7,281
2024-09-05 01:23:00,35.92912,126.96549,동산동,5,"가축 분뇨 냄새(닭, 돼지, 소)",-4:-7,281
2024-09-05 01:25:00,35.928326,126.96307,동산동,5,"가축 분뇨 냄새(닭, 돼지, 소)",-4:-7,281
2024-09-05 01:29:00,35.95928,126.99315,부송동,5,"가축 분뇨 냄새(닭, 돼지, 소)",1:0,282
2024-09-05 01:30:00,35.96314,126.984634,부송동,5,"가축 분뇨 냄새(닭, 돼지, 소)",0:1,282
2024-09-05 01:30:00,35.957615,126.99673,부송동,4,"가축 분뇨 냄새(닭, 돼지, 소)",2:0,282
2024-09-05 01:32:00,35.957035,126.98075,어양동,5,"가축 분뇨 냄새(닭, 돼지, 소)",-1:0,282
2024-09-05 01:39:00,35.96272,126.985596,부송동,5,"가축 분뇨 냄새(닭, 돼지, 소)",0:1,282
2024-09-05 01:40:00,35.95075,126.964264,영등동,5,"가축 분뇨 냄새(닭, 돼지, 소)",-4:-2,282
2024-09-05 01:41:00,35.962315,126.98392,어양동,4,"가축 분뇨 냄새(닭, 돼지, 소)",-1:1,282
2024-09-05 01:41:00,35.963387,126.97426,영등동,5,"가축 분뇨 냄새(닭, 돼지, 소)",-2:1,282
2024-09-05 01:43:00,36.07826,126.96626,함열읍 와리,5,"가축 분뇨 냄새(닭, 돼지, 소)",-4:26,-1
2024-09-05 01:44:00,35.96084,126.979485,영등동,4,"가축 분뇨 냄새(닭, 돼지, 소)",-1:0,282
2024-09-05 01:47:00,35.96354,126.98456,부송동,5,"가축 분뇨 냄새(닭, 돼지, 소)",0:1,282
2024-09-05 01:52:00,35.956974,126.97122,영등동,4,"가축 분뇨 냄새(닭, 돼지, 소)",-3:0,282
2024-09-05 01:55:00,35.932583,126.95104,인화동1가,5,"가축 분뇨 냄새(닭, 돼지, 소)",-6:-6,281
2024-09-05 02:19:00,35.94065,126.930214,송학동,4,"가축 분뇨 냄새(닭, 돼지, 소)",-10:-4,-1
2024-09-05 06:39:00,35.961105,126.99429,부송동,4,"공장 냄새(화학약품, 매캐함)",1:1,-1
2024-09-05 23:40:00,35.96923,127.0918,왕궁면 흥암리,3,하수구 냄새,19:2,-1
2024-09-06 02:01:00,35.928337,126.96303,동산동,5,"가축 분뇨 냄새(닭, 돼지, 소)",-4:-7,-1
2024-09-06 02:11:00,35.926395,126.958496,동산동,5,"가축 분뇨 냄새(닭, 돼지, 소)",-5:-7,-1
2024-09-06 02:30:00,35.944862,126.96409,마동,5,"가축 분뇨 냄새(닭, 돼지, 소)",-4:-3,-1
2024-09-06 02:38:00,35.940697,126.930214,송학동,4,"가축 분뇨 냄새(닭, 돼지, 소)",-10:-4,-1
2024-09-06 02:50:00,35.946533,126.945946,모현동1가,5,"가축 분뇨 냄새(닭, 돼지, 소)",-7:-3,-1
2024-09-06 05:59:00,35.968826,127.09136,왕궁면 흥암리,4,"공장 냄새(화학약품, 매캐함)",19:2,-1
2024-09-06 07:05:00,35.968796,127.09039,왕궁면 흥암리,4,기타,19:2,-1
2024-09-06 07:19:00,35.96113,126.99428,부송동,3,"공장 냄새(화학약품, 매캐함)",1:1,-1
2024-09-06 08:12:00,35.943092,126.965294,마동,4,하수구 냄새,-4:-3,-1
2024-09-06 09:50:00,35.952526,126.98694,어양동,5,소각 냄새(태우는 냄새),0:-1,-1
2024-09-06 11:08:00,35.930614,126.96169,동산동,3,"가축 분뇨 냄새(닭, 돼지, 소)",-5:-6,-1
2024-09-06 20:39:00,35.946426,126.93407,모현동1가,4,음식조리 냄새,-10:-3,-1
2024-09-07 07:51:00,35.917053,126.86703,오산면 신지리,3,"가축 분뇨 냄새(닭, 돼지, 소)",-22:-9,-1
2024-09-07 12:46:00,35.95302,126.98623,어양동,5,"가축 분뇨 냄새(닭, 돼지, 소)",0:-1,-1
2024-09-07 17:08:00,35.951508,126.96309,남중동,4,"가축 분뇨 냄새(닭, 돼지, 소)",-4:-2,-1
2024-09-07 17:37:00,35.96951,127.09,왕궁면 흥암리,4,"가축 분뇨 냄새(닭, 돼지, 소)",19:2,-1
2024-09-07 22:42:00,35.969227,127.09181,왕궁면 흥암리,4,"가축 분뇨 냄새(닭, 돼지, 소)",19:2,-1
2024-09-07 22:49:00,35.961117,126.99428,부송동,3,"공장 냄새(화학약품, 매캐함)",1:1,283
2024-09-07 22:51:00,35.969616,127.09158,왕궁면 흥암리,4,"가축 분뇨 냄새(닭, 돼지, 소)",19:2,-1
2024-09-07 23:34:00,35.93113,126.96977,동산동,5,"가축 분뇨 냄새(닭, 돼지, 소)",-3:-6,-1
2024-09-07 23:41:00,35.95667,126.99762,부송동,4,"가축 분뇨 냄새(닭, 돼지, 소)",2:0,283
2024-09-07 23:43:00,35.955975,126.99534,부송동,4,"가축 분뇨 냄새(닭, 돼지, 소)",2:-1,283
2024-09-07 23:45:00,35.956573,126.99787,부송동,5,"가축 분뇨 냄새(닭, 돼지, 소)",2:0,283
2024-09-07 23:45:00,35.957283,126.995834,부송동,5,"가축 분뇨 냄새(닭, 돼지, 소)",2:0,283
2024-09-07 23:46:00,35.95317,126.98551,어양동,4,"가축 분뇨 냄새(닭, 돼지, 소)",0:-1,283
2024-09-07 23:46:00,35.955956,126.99709,부송동,5,"가축 분뇨 냄새(닭, 돼지, 소)",2:-1,283
2024-09-07 23:47:00,35.931393,126.96692,동산동,4,"가축 분뇨 냄새(닭, 돼지, 소)",-4:-6,-1
2024-09-07 23:49:00,35.957283,126.99881,부송동,5,"가축 분뇨 냄새(닭, 돼지, 소)",2:0,283
2024-09-07 23:50:00,35.956245,126.99645,부송동,5,"가축 분뇨 냄새(닭, 돼지, 소)",2:-1,283
2024-09-07 23:57:00,35.968937,127.09154,왕궁면 흥암리,5,"가축 분뇨 냄새(닭, 돼지, 소)",19:2,-1
2024-09-08 00:05:00,35.952824,126.98618,어양동,4,"가축 분뇨 냄새(닭, 돼지, 소)",0:-1,283
2024-09-08 00:27:00,35.95639,126.98185,어양동,3,"가축 분뇨 냄새(닭, 돼지, 소)",-1:-1,283
2024-09-08 00:28:00,35.95722,126.980705,어양동,5,"가축 분뇨 냄새(닭, 돼지, 소)",-1:0,283
2024-09-08 00:29:00,35.962276,126.99269,부송동,2,"가축 분뇨 냄새(닭, 돼지, 소)",1:1,283
2024-09-08 06:00:00,35.929707,126.96642,동산동,4,하수구 냄새,-4:-6,-1
2024-09-08 07:26:00,35.968918,127.09142,왕궁면 흥암리,3,기타,19:2,-1
2024-09-08 07:27:00,35.968594,127.091,왕궁면 흥암리,4,기타,19:2,-1
2024-09-08 07:41:00,35.929707,126.96642,동산동,4,하수구 냄새,-4:-6,-1
2024-09-08 08:11:00,35.96862,127.09149,왕궁면 흥암리,5,"가축 분뇨 냄새(닭, 돼지, 소)",19:2,-1
2024-09-08 21:16:00,35.932693,126.94157,평화동,5,하수구 냄새,-8:-6,-1
2024-09-08 22:18:00,35.95751,126.99887,부송동,4,"가축 분뇨 냄새(닭, 돼지, 소)",2:0,-1
2024-09-08 22:54:00,35.957443,126.995834,부송동,4,"가축 분뇨 냄새(닭, 돼지, 소)",2:0,-1
2024-09-09 00:51:00,35.96309,126.99203,부송동,2,"가축 분뇨 냄새(닭, 돼지, 소)",1:1,-1
2024-09-09 00:52:00,35.952965,126.983086,어양동,4,"가축 분뇨 냄새(닭, 돼지, 소)",-1:-1,284
2024-09-09 00:57:00,35.957283,126.995834,부송동,5,"가축 분뇨 냄새(닭, 돼지, 소)",2:0,-1
2024-09-09 01:01:00,35.9311,126.96978,동산동,5,"가축 분뇨 냄새(닭, 돼지, 소)",-3:-6,-1
2024-09-09 01:01:00,35.96272,126.98558,부송동,5,"가축 분뇨 냄새(닭, 돼지, 소)",0:1,284
2024-09-09 01:01:00,35.92828,126.96298,동산동,4,"가축 분뇨 냄새(닭, 돼지, 소)",-4:-7,-1
2024-09-09 01:04:00,35.96225,126.984085,어양동,4,"가축 분뇨 냄새(닭, 돼지, 소)",-1:1,284
2024-09-09 01:06:00,35.960907,126.9795,영등동,4,"가축 분뇨 냄새(닭, 돼지, 소)",-1:0,284
2024-09-09 01:09:00,35.956924,126.98003,어양동,4,"가축 분뇨 냄새(닭, 돼지, 소)",-1:0,284
2024-09-09 01:10:00,35.961094,126.97934,영등동,4,"가축 분뇨 냄새(닭, 돼지, 소)",-1:0,284
2024-09-09 01:21:00,35.95723,126.98068,어양동,5,"가축 분뇨 냄새(닭, 돼지, 소)",-1:0,284
2024-09-09 01:26:00,35.926956,126.95442,인화동2가,5,"가축 분뇨 냄새(닭, 돼지, 소)",-6:-7,-1
2024-09-09 01:46:00,35.945705,126.96225,마동,5,"가축 분뇨 냄새(닭, 돼지, 소)",-4:-3,-1
2024-09-09 06:09:00,35.968784,127.091286,왕궁면 흥암리,4,"공장 냄새(화학약품, 매캐함)",19:2,-1
2024-09-09 07:28:00,35.95272,126.986565,어양동,3,소각 냄새(태우는 냄새),0:-1,-1
2024-09-09 19:41:00,35.969154,127.091385,왕궁면 흥암리,5,"가축 분뇨 냄새(닭, 돼지, 소)",19:2,-1
2024-09-09 19:41:00,35.96892,127.09144,왕궁면 흥암리,5,"가축 분뇨 냄새(닭, 돼지, 소)",19:2,-1
2024-09-09 19:49:00,35.96937,127.09169,왕궁면 흥암리,5,"가축 분뇨 냄새(닭, 돼지, 소)",19:2,-1
2024-09-09 20:13:00,35.9684,127.09053,왕궁면 흥암리,5,"가축 분뇨 냄새(닭, 돼지, 소)",19:2,-1
2024-09-09 21:34:00,35.969303,127.091896,왕궁면 흥암리,5,"가축 분뇨 냄새(닭, 돼지, 소)",19:2,-1
2024-09-09 21:42:00,35.96956,127.0901,왕궁면 흥암리,5,"가축 분뇨 냄새(닭, 돼지, 소)",19:2,-1
2024-09-09 22:59:00,35.9343,126.97055,동산동,5,"가축 분뇨 냄새(닭, 돼지, 소)",-3:-5,-1
2024-09-09 23:14:00,35.962162,126.98413,어양동,3,"가축 분뇨 냄새(닭, 돼지, 소)",-1:1,-1
2024-09-09 23:19:00,35.957264,126.99745,부송동,3,"가축 분뇨 냄새(닭, 돼지, 소)",2:0,-1
2024-09-09 23:32:00,35.96936,127.091965,왕궁면 흥암리,4,"가축 분뇨 냄새(닭, 돼지, 소)",19:2,-1
2024-09-09 23:48:00,35.955803,126.997536,부송동,5,"가축 분뇨 냄새(닭, 돼지, 소)",2:-1,-1
2024-09-09 23:53:00,35.95989,126.99979,부송동,4,"가축 분뇨 냄새(닭, 돼지, 소)",2:0,-1
2024-09-10 00:13:00,35.95633,126.99658,부송동,4,"가축 분뇨 냄새(닭, 돼지, 소)",2:-1,-1
2024-09-10 06:13:00,35.96893,127.091385,왕궁면 흥암리,3,기타,19:2,-1
2024-09-11 01:24:00,35.968697,127.091095,왕궁면 흥암리,3,"공장 냄새(화학약품, 매캐함)",19:2,-1
2024-09-11 08:27:00,35.968384,127.09069,왕궁면 흥암리,3,"가축 분뇨 냄새(닭, 돼지, 소)",19:2,-1
2024-09-11 19:20:00,35.92514,127.0539,춘포면 쌍정리,3,"가축 분뇨 냄새(닭, 돼지, 소)",12:-7,-1
2024-09-11 23:20:00,35.96936,127.09197,왕궁면 흥암리,4,기타,19:2,-1
2024-09-12 18:37:00,35.96945,127.09064,왕궁면 흥암리,4,기타,19:2,285
2024-09-12 18:38:00,35.96922,127.0918,왕궁면 흥암리,4,하수구 냄새,19:2,285
2024-09-12 18:55:00,35.96965,127.090515,왕궁면 흥암리,4,"가축 분뇨 냄새(닭, 돼지, 소)",19:2,285
2024-09-12 19:04:00,35.968376,127.09059,왕궁면 흥암리,5,"가축 분뇨 냄새(닭, 돼지, 소)",19:2,285
2024-09-12 19:07:00,35.96961,127.0916,왕궁면 흥암리,4,"가축 분뇨 냄새(닭, 돼지, 소)",19:2,285
2024-09-12 19:32:00,35.96835,127.091194,왕궁면 흥암리,5,"가축 분뇨 냄새(닭, 돼지, 소)",19:2,285
2024-09-12 20:46:00,35.96904,127.09095,왕궁면 흥암리,4,"가축 분뇨 냄새(닭, 돼지, 소)",19:2,286
2024-09-12 20:51:00,35.96909,127.09107,왕궁면 흥암리,5,"가축 분뇨 냄새(닭, 돼지, 소)",19:2,286
2024-09-12 20:52:00,35.968784,127.091286,왕궁면 흥암리,5,"가축 분뇨 냄새(닭, 돼지, 소)",19:2,286
2024-09-12 20:56:00,35.968586,127.09017,왕궁면 흥암리,5,하수구 냄새,19:2,286
2024-09-12 20:58:00,35.96924,127.091095,왕궁면 흥암리,5,"가축 분뇨 냄새(닭, 돼지, 소)",19:2,286
2024-09-12 20:59:00,35.96846,127.08988,왕궁면 흥암리,5,하수구 냄새,19:2,286
2024-09-12 21:06:00,35.969566,127.09134,왕궁면 흥암리,3,"가축 분뇨 냄새(닭, 돼지, 소)",19:2,286
2024-09-12 21:08:00,35.96847,127.090645,왕궁면 흥암리,4,"가축 분뇨 냄새(닭, 돼지, 소)",19:2,286
2024-09-12 21:37:00,35.969612,127.09107,왕궁면 흥암리,5,"가축 분뇨 냄새(닭, 돼지, 소)",19:2,286
2024-09-12 22:46:00,35.963963,126.97861,영등동,3,하수구 냄새,-2:1,-1
2024-09-12 23:10:00,35.968586,127.09044,왕궁면 흥암리,5,기타,19:2,-1
2024-09-13 02:57:00,35.958973,126.9955,부송동,4,기타,2:0,-1
2024-09-13 03:27:00,35.96069,126.987144,부송동,3,"공장 냄새(화학약품, 매캐함)",0:0,-1
2024-09-13 04:06:00,35.92639,126.9585,동산동,4,"가축 분뇨 냄새(닭, 돼지, 소)",-5:-7,-1
2024-09-13 04:18:00,35.96922,127.0918,왕궁면 흥암리,5,기타,19:2,-1
2024-09-13 07:28:00,35.961098,126.99429,부송동,2,"공장 냄새(화학약품, 매캐함)",1:1,-1
2024-09-13 07:48:00,35.969627,127.09166,왕궁면 흥암리,5,"가축 분뇨 냄새(닭, 돼지, 소)",19:2,-1
2024-09-13 23:17:00,35.953194,126.985565,어양동,5,"가축 분뇨 냄새(닭, 돼지, 소)",0:-1,-1
2024-09-13 23:25:00,35.95722,126.98069,어양동,5,"가축 분뇨 냄새(닭, 돼지, 소)",-1:0,-1
2024-09-13 23:30:00,35.95666,126.99763,부송동,4,"가축 분뇨 냄새(닭, 돼지, 소)",2:0,-1
2024-09-13 23:35:00,35.959602,126.989105,부송동,5,"가축 분뇨 냄새(닭, 돼지, 소)",0:0,287
2024-09-13 23:39:00,35.95576,126.99753,부송동,5,"가축 분뇨 냄새(닭, 돼지, 소)",2:-1,287
2024-09-13 23:40:00,35.963097,126.99203,부송동,3,"가축 분뇨 냄새(닭, 돼지, 소)",1:1,287
2024-09-14 00:13:00,35.92638,126.958496,동산동,5,"가축 분뇨 냄새(닭, 돼지, 소)",-5:-7,288
2024-09-14 00:26:00,35.956383,126.981865,어양동,4,"가축 분뇨 냄새(닭, 돼지, 소)",-1:-1,287
2024-09-14 00:26:00,35.96233,126.98556,어양동,4,"가축 분뇨 냄새(닭, 돼지, 소)",0:1,287
2024-09-14 00:26:00,35.928345,126.9631,동산동,4,"가축 분뇨 냄새(닭, 돼지, 소)",-4:-7,288
2024-09-14 00:26:00,35.96112,126.97926,영등동,4,"가축 분뇨 냄새(닭, 돼지, 소)",-1:1,287
2024-09-14 00:27:00,35.929115,126.965485,동산동,5,"가축 분뇨 냄새(닭, 돼지, 소)",-4:-7,288
2024-09-14 00:28:00,35.928368,126.9638,동산동,5,"가축 분뇨 냄새(닭, 돼지, 소)",-4:-7,288
2024-09-14 00:30:00,35.954716,126.9756,영등동,5,"가축 분뇨 냄새(닭, 돼지, 소)",-2:-1,287
2024-09-14 00:30:00,35.92675,126.95444,인화동2가,5,"가축 분뇨 냄새(닭, 돼지, 소)",-6:-7,288
2024-09-14 00:32:00,35.95072,126.97309,영등동,4,"가축 분뇨 냄새(닭, 돼지, 소)",-3:-2,-1
2024-09-14 00:41:00,35.94463,126.96887,마동,3,"가축 분뇨 냄새(닭, 돼지, 소)",-3:-3,-1
2024-09-14 00:42:00,35.963646,126.97409,영등동,5,"가축 분뇨 냄새(닭, 돼지, 소)",-2:1,287
2024-09-14 00:42:00,35.950596,126.96426,영등동,5,"가축 분뇨 냄새(닭, 돼지, 소)",-4:-2,-1
2024-09-14 00:44:00,35.9457,126.96226,마동,5,"가축 분뇨 냄새(닭, 돼지, 소)",-4:-3,-1
2024-09-14 01:19:00,35.940712,126.930214,송학동,5,"가축 분뇨 냄새(닭, 돼지, 소)",-10:-4,-1
2024-09-14 02:42:00,35.961105,126.99428,부송동,5,"공장 냄새(화학약품, 매캐함)",1:1,-1
2024-09-14 07:12:00,35.96901,127.09147,왕궁면 흥암리,4,"가축 분뇨 냄새(닭, 돼지, 소)",19:2,-1
2024-09-14 21:02:00,35.968784,127.091286,왕궁면 흥암리,4,"가축 분뇨 냄새(닭, 돼지, 소)",19:2,-1
2024-09-14 23:31:00,35.968605,127.09043,왕궁면 흥암리,5,"가축 분뇨 냄새(닭, 돼지, 소)",19:2,-1
2024-09-14 23:39:00,35.969433,127.09085,왕궁면 흥암리,5,"가축 분뇨 냄새(닭, 돼지, 소)",19:2,-1
2024-09-15 11:47:00,35.9499,126.9323,오산면 장신리,4,기타,-10:-2,-1
2024-09-15 14:56:00,35.94685,126.93437,모현동1가,5,"가축 분뇨 냄새(닭, 돼지, 소)",-9:-3,-1
2024-09-15 19:27:00,35.94513,127.02234,춘포면 신동리,4,"가축 분뇨 냄새(닭, 돼지, 소)",6:-3,-1
2024-09-15 19:33:00,35.945137,127.02233,춘포면 신동리,5,"가축 분뇨 냄새(닭, 돼지, 소)",6:-3,-1
2024-09-16 00:34:00,35.96903,127.09116,왕궁면 흥암리,4,"가축 분뇨 냄새(닭, 돼지, 소)",19:2,-1
2024-09-16 18:05:00,36.11071,126.98639,용동면 용성리,4,"가축 분뇨 냄새(닭, 돼지, 소)",0:34,-1
2024-09-16 22:21:00,35.96832,127.090416,왕궁면 흥암리,4,기타,19:2,-1
2024-09-17 04:19:00,35.96542,126.98643,부송동,2,"가축 분뇨 냄새(닭, 돼지, 소)",0:1,-1
2024-09-17 07:04:00,35.93192,126.95461,인화동2가,3,소각 냄새(태우는 냄새),-6:-6,-1
2024-09-17 10:26:00,36.11072,126.9864,용동면 용성리,4,"가축 분뇨 냄새(닭, 돼지, 소)",0:34,-1
2024-09-17 20:22:00,35.945137,127.02233,춘포면 신동리,3,"가축 분뇨 냄새(닭, 돼지, 소)",6:-3,-1
2024-09-17 20:33:00,35.968525,127.09045,왕궁면 흥암리,5,"가축 분뇨 냄새(닭, 돼지, 소)",19:2,-1
2024-09-17 22:53:00,35.968998,127.09117,왕궁면 흥암리,4,"가축 분뇨 냄새(닭, 돼지, 소)",19:2,-1
2024-09-18 00:01:00,35.96111,126.99427,부송동,2,"공장 냄새(화학약품, 매캐함)",1:1,-1
2024-09-19 22:49:00,35.96856,127.09049,왕궁면 흥암리,4,"가축 분뇨 냄새(닭, 돼지, 소)",19:2,-1
2024-09-19 22:59:00,35.9692,127.09176,왕궁면 흥암리,3,"가축 분뇨 냄새(닭, 돼지, 소)",19:2,-1
2024-09-20 00:07:00,35.963383,126.97422,영등동,3,"가축 분뇨 냄새(닭, 돼지, 소)",-2:1,-1
2024-09-20 06:55:00,35.960712,126.994316,부송동,4,"공장 냄새(화학약품, 매캐함)",1:0,-1
2024-09-20 07:00:00,35.963963,126.97861,영등동,5,"가축 분뇨 냄새(닭, 돼지, 소)",-2:1,-1
2024-09-20 17:40:00,35.930336,126.94966,인화동1가,4,"가축 분뇨 냄새(닭, 돼지, 소)",-7:-6,-1
2024-09-20 19:30:00,35.930614,126.96169,동산동,3,"가축 분뇨 냄새(닭, 돼지, 소)",-5:-6,-1
2024-09-20 23:54:00,35.96339,126.97419,영등동,4,"가축 분뇨 냄새(닭, 돼지, 소)",-2:1,-1
2024-09-21 00:41:00,35.950825,126.97311,영등동,4,"가축 분뇨 냄새(닭, 돼지, 소)",-3:-2,-1
2024-09-22 21:55:00,36.068222,126.986305,낭산면 용기리,5,"가축 분뇨 냄새(닭, 돼지, 소)",0:24,-1
2024-09-23 00:42:00,35.96272,126.98399,어양동,2,"가축 분뇨 냄새(닭, 돼지, 소)",-1:1,-1
2024-09-23 20:09:00,35.96825,127.09013,왕궁면 흥암리,4,기타,19:2,-1
2024-09-23 20:14:00,35.96944,127.09054,왕궁면 흥암리,3,"가축 분뇨 냄새(닭, 돼지, 소)",19:2,-1
2024-09-23 20:17:00,35.969444,127.09054,왕궁면 흥암리,3,"가축 분뇨 냄새(닭, 돼지, 소)",19:2,-1
2024-09-23 20:23:00,35.94473,126.96932,마동,2,"공장 냄새(화학약품, 매캐함)",-3:-3,-1
2024-09-23 21:07:00,35.913372,126.86154,오산면 신지리,2,"가축 분뇨 냄새(닭, 돼지, 소)",-23:-10,-1
2024-09-23 21:37:00,35.961105,126.99427,부송동,3,"공장 냄새(화학약품, 매캐함)",1:1,289
2024-09-23 21:40:00,35.957493,126.995674,부송동,4,기타,2:0,289
2024-09-23 21:45:00,35.96117,126.99435,부송동,4,"공장 냄새(화학약품, 매캐함)",1:1,289
2024-09-23 21:50:00,35.961094,126.994255,부송동,5,"공장 냄새(화학약품, 매캐함)",1:0,289
2024-09-23 21:52:00,35.961105,126.99428,부송동,5,"공장 냄새(화학약품, 매캐함)",1:1,289
2024-09-23 21:57:00,35.957054,126.97365,영등동,4,"공장 냄새(화학약품, 매캐함)",-2:0,-1
2024-09-23 22:13:00,35.960083,126.988525,부송동,3,"공장 냄새(화학약품, 매캐함)",0:0,289
2024-09-23 22:23:00,35.969185,127.091,왕궁면 흥암리,4,소각 냄새(태우는 냄새),19:2,-1
2024-09-23 22:50:00,35.969612,127.09161,왕궁면 흥암리,4,"가축 분뇨 냄새(닭, 돼지, 소)",19:2,-1
2024-09-23 23:05:00,35.968487,127.091354,왕궁면 흥암리,3,"가축 분뇨 냄새(닭, 돼지, 소)",19:2,-1
2024-09-23 23:10:00,35.968224,127.0914,왕궁면 흥암리,5,"가축 분뇨 냄새(닭, 돼지, 소)",19:2,-1
2024-09-24 10:24:00,35.96299,126.991005,부송동,2,"공장 냄새(화학약품, 매캐함)",1:1,-1
2024-09-24 20:27:00,36.03618,126.98481,삼기면 오룡리,4,"가축 분뇨 냄새(닭, 돼지, 소)",0:17,-1
2024-09-24 20:46:00,35.963688,126.97864,영등동,4,음식조리 냄새,-2:1,-1
2024-09-24 20:50:00,35.956635,126.9953,부송동,4,"공장 냄새(화학약품, 매캐함)",1:0,-1
2024-09-24 21:52:00,35.95433,126.98419,어양동,3,"공장 냄새(화학약품, 매캐함)",-1:-1,-1
2024-09-25 01:58:00,35.956524,126.99459,부송동,3,"공장 냄새(화학약품, 매캐함)",1:-1,-1
2024-09-25 02:42:00,35.95715,126.99588,부송동,4,"공장 냄새(화학약품, 매캐함)",2:0,-1
2024-09-25 03:00:00,35.959705,126.989365,부송동,5,"공장 냄새(화학약품, 매캐함)",0:0,-1
2024-09-25 11:25:00,35.956314,126.95243,모현동2가,2,하수구 냄새,-6:-1,-1
2024-09-25 19:08:00,36.036137,126.98486,삼기면 오룡리,5,"가축 분뇨 냄새(닭, 돼지, 소)",0:17,-1
2024-09-25 20:39:00,35.939465,126.98604,신흥동,5,"가축 분뇨 냄새(닭, 돼지, 소)",0:-4,-1
2024-09-25 20:43:00,35.96232,126.98407,어양동,3,"가축 분뇨 냄새(닭, 돼지, 소)",-1:1,-1
2024-09-25 21:04:00,35.96863,127.09133,왕궁면 흥암리,5,"가축 분뇨 냄새(닭, 돼지, 소)",19:2,-1
2024-09-25 21:06:00,35.969635,127.0916,왕궁면 흥암리,5,"가축 분뇨 냄새(닭, 돼지, 소)",19:2,-1
2024-09-25 21:09:00,35.95305,126.98385,어양동,5,"공장 냄새(화학약품, 매캐함)",-1:-1,-1
2024-09-25 21:52:00,35.968727,127.09108,왕궁면 흥암리,5,"가축 분뇨 냄새(닭, 돼지, 소)",19:2,-1
2024-09-25 22:00:00,35.968327,127.09103,왕궁면 흥암리,5,"가축 분뇨 냄새(닭, 돼지, 소)",19:2,-1
2024-09-25 22:52:00,35.94348,126.96975,신흥동,4,"가축 분뇨 냄새(닭, 돼지, 소)",-3:-3,-1
2024-09-25 23:00:00,35.92755,126.95927,동산동,3,"가축 분뇨 냄새(닭, 돼지, 소)",-5:-7,-1
2024-09-25 23:07:00,35.92639,126.9585,동산동,4,"가축 분뇨 냄새(닭, 돼지, 소)",-5:-7,-1
2024-09-25 23:09:00,35.927,126.95453,인화동2가,3,"가축 분뇨 냄새(닭, 돼지, 소)",-6:-7,-1
2024-09-26 00:53:00,35.966232,127.08749,왕궁면 흥암리,3,"가축 분뇨 냄새(닭, 돼지, 소)",18:2,-1
2024-09-26 01:20:00,35.9572,126.98059,어양동,5,"가축 분뇨 냄새(닭, 돼지, 소)",-1:0,-1
2024-09-26 01:24:00,35.927147,126.95452,인화동2가,4,"가축 분뇨 냄새(닭, 돼지, 소)",-6:-7,-1
2024-09-26 01:26:00,35.960934,126.978004,영등동,4,"가축 분뇨 냄새(닭, 돼지, 소)",-2:0,-1
2024-09-26 01:28:00,35.960655,126.97351,영등동,5,"가축 분뇨 냄새(닭, 돼지, 소)",-2:0,-1
2024-09-26 01:31:00,35.9506,126.964264,영등동,5,"가축 분뇨 냄새(닭, 돼지, 소)",-4:-2,-1
2024-09-26 05:17:00,35.969128,127.09083,왕궁면 흥암리,5,"공장 냄새(화학약품, 매캐함)",19:2,-1
2024-09-26 17:38:00,35.96917,127.09,왕궁면 흥암리,3,"가축 분뇨 냄새(닭, 돼지, 소)",19:2,-1
2024-09-26 19:56:00,35.96873,127.09111,왕궁면 흥암리,4,"공장 냄새(화학약품, 매캐함)",19:2,-1
2024-09-26 20:12:00,35.96861,127.08995,왕궁면 흥암리,4,"공장 냄새(화학약품, 매캐함)",19:2,-1
2024-09-26 20:19:00,35.968582,127.0914,왕궁면 흥암리,4,"가축 분뇨 냄새(닭, 돼지, 소)",19:2,-1
2024-09-26 21:43:00,35.967342,127.08849,왕궁면 흥암리,4,기타,18:2,-1
2024-09-26 23:05:00,35.969025,127.09116,왕궁면 흥암리,5,"가축 분뇨 냄새(닭, 돼지, 소)",19:2,-1
2024-09-26 23:32:00,36.036278,126.984856,삼기면 오룡리,5,"가축 분뇨 냄새(닭, 돼지, 소)",0:17,-1
2024-09-27 19:42:00,35.94663,126.934715,모현동1가,4,음식조리 냄새,-9:-3,-1
2024-09-27 20:29:00,35.968723,127.091095,왕궁면 흥암리,4,소각 냄새(태우는 냄새),19:2,-1
2024-09-27 23:06:00,35.96943,127.09056,왕궁면 흥암리,3,"가축 분뇨 냄새(닭, 돼지, 소)",19:2,-1
2024-09-27 23:37:00,35.92355,127.0541,춘포면 쌍정리,4,"가축 분뇨 냄새(닭, 돼지, 소)",12:-8,-1
2024-09-27 23:44:00,36.034954,126.997025,삼기면 오룡리,3,"공장 냄새(화학약품, 매캐함)",2:17,-1
2024-09-28 00:37:00,35.9685,127.091354,왕궁면 흥암리,2,"가축 분뇨 냄새(닭, 돼지, 소)",19:2,-1
2024-09-28 08:34:00,35.96874,127.09107,왕궁면 흥암리,4,소각 냄새(태우는 냄새),19:2,-1
2024-09-28 15:22:00,35.944748,126.96934,마동,3,"공장 냄새(화학약품, 매캐함)",-3:-3,-1
2024-09-28 16:06:00,35.955757,126.99772,부송동,5,기타,2:-1,-1
2024-09-28 18:11:00,35.968914,127.091385,왕궁면 흥암리,3,"가축 분뇨 냄새(닭, 돼지, 소)",19:2,-1
2024-09-28 18:21:00,35.968563,127.091385,왕궁면 흥암리,3,"가축 분뇨 냄새(닭, 돼지, 소)",19:2,-1
2024-09-28 20:32:00,35.968414,127.09109,왕궁면 흥암리,4,"가축 분뇨 냄새(닭, 돼지, 소)",19:2,-1
2024-09-28 21:24:00,35.95317,126.98417,어양동,3,"공장 냄새(화학약품, 매캐함)",-1:-1,-1
2024-09-28 21:32:00,35.956635,126.995285,부송동,3,"공장 냄새(화학약품, 매캐함)",1:0,290
2024-09-28 21:48:00,35.961094,126.99428,부송동,4,"공장 냄새(화학약품, 매캐함)",1:0,290
2024-09-28 21:49:00,35.95607,126.995186,부송동,4,"공장 냄새(화학약품, 매캐함)",1:-1,290
2024-09-28 21:58:00,35.95639,126.99661,부송동,5,"공장 냄새(화학약품, 매캐함)",2:-1,290
2024-09-28 22:00:00,35.961136,126.99427,부송동,4,"공장 냄새(화학약품, 매캐함)",1:1,290
2024-09-28 22:04:00,35.961094,126.99428,부송동,4,"공장 냄새(화학약품, 매캐함)",1:0,290
2024-09-28 22:06:00,35.96113,126.99428,부송동,4,"공장 냄새(화학약품, 매캐함)",1:1,290
2024-09-28 22:07:00,35.968838,127.09049,왕궁면 흥암리,4,"가축 분뇨 냄새(닭, 돼지, 소)",19:2,-1
2024-09-28 22:57:00,35.969166,127.09,왕궁면 흥암리,3,"공장 냄새(화학약품, 매캐함)",19:2,-1
2024-09-29 00:17:00,35.962322,126.98407,어양동,3,"가축 분뇨 냄새(닭, 돼지, 소)",-1:1,-1
2024-09-29 15:22:00,35.9651,126.98712,부송동,3,기타,0:1,-1
2024-09-29 18:55:00,35.96859,127.091415,왕궁면 흥암리,3,"가축 분뇨 냄새(닭, 돼지, 소)",19:2,-1
2024-09-29 19:19:00,35.953205,126.98413,어양동,3,기타,-1:-1,-1
2024-09-29 19:49:00,35.96113,126.99427,부송동,3,"공장 냄새(화학약품, 매캐함)",1:1,-1
2024-09-29 19:52:00,35.955593,126.97374,영등동,3,"공장 냄새(화학약품, 매캐함)",-2:-1,-1
2024-09-29 20:06:00,35.968693,127.0905,왕궁면 흥암리,3,"가축 분뇨 냄새(닭, 돼지, 소)",19:2,-1
2024-09-29 20:11:00,35.96858,127.091286,왕궁면 흥암리,5,"가축 분뇨 냄새(닭, 돼지, 소)",19:2,-1
2024-09-29 20:14:00,35.96849,127.09136,왕궁면 흥암리,3,"가축 분뇨 냄새(닭, 돼지, 소)",19:2,-1
2024-09-29 20:20:00,35.950928,126.98348,어양동,3,"공장 냄새(화학약품, 매캐함)",-1:-2,-1
2024-09-29 20:27:00,35.95374,126.98417,어양동,4,"공장 냄새(화학약품, 매캐함)",-1:-1,-1
2024-09-29 20:31:00,35.96979,127.09011,왕궁면 흥암리,4,"가축 분뇨 냄새(닭, 돼지, 소)",19:2,-1
2024-09-29 21:33:00,35.96934,127.09151,왕궁면 흥암리,4,기타,19:2,-1
2024-09-29 22:12:00,35.94488,126.94557,모현동1가,3,"공장 냄새(화학약품, 매캐함)",-7:-3,-1
2024-09-29 22:19:00,35.96957,127.0901,왕궁면 흥암리,4,"가축 분뇨 냄새(닭, 돼지, 소)",19:2,-1
2024-09-29 22:31:00,35.95123,126.98337,어양동,4,"공장 냄새(화학약품, 매캐함)",-1:-2,-1
2024-09-29 23:53:00,35.962322,126.98407,어양동,4,"가축 분뇨 냄새(닭, 돼지, 소)",-1:1,-1
2024-09-30 00:09:00,35.96858,127.090164,왕궁면 흥암리,4,"가축 분뇨 냄새(닭, 돼지, 소)",19:2,-1
2024-09-30 03:55:00,35.96851,127.09106,왕궁면 흥암리,4,"가축 분뇨 냄새(닭, 돼지, 소)",19:2,-1
2024-09-30 17:08:00,35.965473,126.98313,어양동,5,"공장 냄새(화학약품, 매캐함)",-1:1,-1
2024-09-30 20:58:00,35.969036,127.09117,왕궁면 흥암리,5,"가축 분뇨 냄새(닭, 돼지, 소)",19:2,-1
2024-09-30 22:27:00,35.95624,126.99471,부송동,3,하수구 냄새,1:-1,-1
2024-09-30 22:31:00,35.95631,126.99464,부송동,4,"공장 냄새(화학약품, 매캐함)",1:-1,-1
2024-09-30 22:56:00,35.923534,127.0542,춘포면 쌍정리,3,"가축 분뇨 냄새(닭, 돼지, 소)",12:-8,-1
2024-09-30 23:25:00,35.96112,126.99427,부송동,5,"공장 냄새(화학약품, 매캐함)",1:1,291
2024-09-30 23:33:00,35.961147,126.99426,부송동,5,"공장 냄새(화학약품, 매캐함)",1:1,291
2024-09-30 23:37:00,35.961147,126.99427,부송동,5,"공장 냄새(화학약품, 매캐함)",1:1,291
2024-09-30 23:44:00,35.961193,126.9944,부송동,4,"공장 냄새(화학약품, 매캐함)",1:1,291
2024-10-01 00:34:00,35.96834,127.09048,왕궁면 흥암리,5,"공장 냄새(화학약품, 매캐함)",19:2,-1
2024-10-01 00:57:00,35.95663,126.99528,부송동,4,"공장 냄새(화학약품, 매캐함)",1:0,-1
2024-10-01 01:20:00,35.960083,126.9885,부송동,5,"공장 냄새(화학약품, 매캐함)",0:0,-1
2024-10-01 02:51:00,35.96317,126.98547,부송동,5,"공장 냄새(화학약품, 매캐함)",0:1,-1
2024-10-01 04:25:00,35.923546,127.05423,춘포면 쌍정리,5,"가축 분뇨 냄새(닭, 돼지, 소)",12:-8,-1
2024-10-01 06:00:00,35.968616,127.0911,왕궁면 흥암리,5,"가축 분뇨 냄새(닭, 돼지, 소)",19:2,-1
2024-10-01 08:16:00,35.96108,126.9943,부송동,4,"공장 냄새(화학약품, 매캐함)",1:0,-1
2024-10-01 09:58:00,35.956245,126.994675,부송동,3,하수구 냄새,1:-1,-1
2024-10-01 10:35:00,35.96918,127.090004,왕궁면 흥암리,3,"공장 냄새(화학약품, 매캐함)",19:2,-1
2024-10-01 17:41:00,35.969685,127.09128,왕궁면 흥암리,4,"가축 분뇨 냄새(닭, 돼지, 소)",19:2,-1
2024-10-01 19:44:00,35.9692,127.09174,왕궁면 흥암리,3,"가축 분뇨 냄새(닭, 돼지, 소)",19:2,-1
2024-10-01 19:48:00,35.969032,127.091156,왕궁면 흥암리,5,"가축 분뇨 냄새(닭, 돼지, 소)",19:2,-1
2024-10-01 21:09:00,35.96917,127.09097,왕궁면 흥암리,5,"가축 분뇨 냄새(닭, 돼지, 소)",19:2,292
2024-10-01 21:17:00,35.969807,127.09016,왕궁면 흥암리,5,"공장 냄새(화학약품, 매캐함)",19:2,292
2024-10-01 21:18:00,35.968575,127.09012,왕궁면 흥암리,5,"공장 냄새(화학약품, 매캐함)",19:2,292
2024-10-01 21:19:00,35.96914,127.090904,왕궁면 흥암리,5,"가축 분뇨 냄새(닭, 돼지, 소)",19:2,292
2024-10-01 21:21:00,35.968708,127.0911,왕궁면 흥암리,5,기타,19:2,292
2024-10-01 21:25:00,35.969616,127.092026,왕궁면 흥암리,5,하수구 냄새,19:2,292
2024-10-01 21:26:00,35.96966,127.09128,왕궁면 흥암리,5,"가축 분뇨 냄새(닭, 돼지, 소)",19:2,292
2024-10-01 21:29:00,35.978058,127.09386,왕궁면 광암리,5,"가축 분뇨 냄새(닭, 돼지, 소)",19:4,292
2024-10-01 21:31:00,35.96849,127.09137,왕궁면 흥암리,3,"가축 분뇨 냄새(닭, 돼지, 소)",19:2,292
2024-10-01 21:32:00,35.968395,127.0906,왕궁면 흥암리,5,"가축 분뇨 냄새(닭, 돼지, 소)",19:2,292
2024-10-01 21:34:00,35.968906,127.09139,왕궁면 흥암리,4,"가축 분뇨 냄새(닭, 돼지, 소)",19:2,292
2024-10-01 21:37:00,35.968494,127.09087,왕궁면 흥암리,5,"가축 분뇨 냄새(닭, 돼지, 소)",19:2,292
2024-10-01 21:43:00,35.96955,127.09009,왕궁면 흥암리,5,하수구 냄새,19:2,292
2024-10-01 22:21:00,35.96915,127.09132,왕궁면 흥암리,5,"가축 분뇨 냄새(닭, 돼지, 소)",19:2,292
2024-10-01 22:38:00,35.968525,127.09129,왕궁면 흥암리,5,"가축 분뇨 냄새(닭, 돼지, 소)",19:2,292
2024-10-01 22:42:00,35.96859,127.091385,왕궁면 흥암리,3,소각 냄새(태우는 냄새),19:2,292
2024-10-01 22:45:00,35.96849,127.08988,왕궁면 흥암리,5,"가축 분뇨 냄새(닭, 돼지, 소)",19:2,292
2024-10-01 22:59:00,35.96858,127.09016,왕궁면 흥암리,5,하수구 냄새,19:2,292
2024-10-02 05:34:00,35.923542,127.05424,춘포면 쌍정리,4,"가축 분뇨 냄새(닭, 돼지, 소)",12:-8,-1
2024-10-02 14:20:00,36.11071,126.9864,용동면 용성리,4,"가축 분뇨 냄새(닭, 돼지, 소)",0:34,-1
2024-10-03 08:41:00,35.969166,127.090004,왕궁면 흥암리,4,"가축 분뇨 냄새(닭, 돼지, 소)",19:2,293
2024-10-03 08:47:00,35.96917,127.090004,왕궁면 흥암리,3,"가축 분뇨 냄새(닭, 돼지, 소)",19:2,293
2024-10-03 08:58:00,35.969814,127.09016,왕궁면 흥암리,4,"가축 분뇨 냄새(닭, 돼지, 소)",19:2,293
2024-10-03 09:06:00,35.96858,127.090164,왕궁면 흥암리,5,"가축 분뇨 냄새(닭, 돼지, 소)",19:2,293
2024-10-03 09:07:00,35.9692,127.09174,왕궁면 흥암리,4,"가축 분뇨 냄새(닭, 돼지, 소)",19:2,293
2024-10-03 09:08:00,35.9685,127.09075,왕궁면 흥암리,3,"가축 분뇨 냄새(닭, 돼지, 소)",19:2,293
2024-10-03 09:29:00,35.968716,127.09112,왕궁면 흥암리,5,"가축 분뇨 냄새(닭, 돼지, 소)",19:2,293
2024-10-03 09:31:00,35.96842,127.09062,왕궁면 흥암리,5,"가축 분뇨 냄새(닭, 돼지, 소)",19:2,293
2024-10-03 09:46:00,35.968517,127.09133,왕궁면 흥암리,5,"가축 분뇨 냄새(닭, 돼지, 소)",19:2,293
2024-10-03 19:48:00,35.96858,127.09012,왕궁면 흥암리,5,"공장 냄새(화학약품, 매캐함)",19:2,-1
2024-10-04 00:57:00,35.923534,127.05423,춘포면 쌍정리,5,"가축 분뇨 냄새(닭, 돼지, 소)",12:-8,-1
2024-10-05 22:42:00,35.926914,126.95417,인화동2가,5,"가축 분뇨 냄새(닭, 돼지, 소)",-6:-7,-1
2024-10-06 00:09:00,35.95664,126.99528,부송동,2,"공장 냄새(화학약품, 매캐함)",1:0,-1
2024-10-06 01:59:00,35.968494,127.09136,왕궁면 흥암리,3,"가축 분뇨 냄새(닭, 돼지, 소)",19:2,-1
2024-10-06 07:45:00,35.969105,127.09137,왕궁면 흥암리,4,"가축 분뇨 냄새(닭, 돼지, 소)",19:2,-1
2024-10-06 09:36:00,35.968716,127.0911,왕궁면 흥암리,3,소각 냄새(태우는 냄새),19:2,-1
2024-10-06 21:44:00,35.92353,127.05421,춘포면 쌍정리,5,"가축 분뇨 냄새(닭, 돼지, 소)",12:-8,-1
2024-10-07 00:35:00,35.969604,127.09189,왕궁면 흥암리,3,"가축 분뇨 냄새(닭, 돼지, 소)",19:2,-1
2024-10-07 22:33:00,35.9351,126.97208,마동,4,"가축 분뇨 냄새(닭, 돼지, 소)",-3:-5,-1
2024-10-08 17:28:00,36.11073,126.986404,용동면 용성리,5,"가축 분뇨 냄새(닭, 돼지, 소)",0:34,-1
2024-10-08 20:55:00,35.950645,126.96447,영등동,4,"가축 분뇨 냄새(닭, 돼지, 소)",-4:-2,-1
2024-10-09 00:31:00,35.937096,126.971855,마동,2,"공장 냄새(화학약품, 매캐함)",-3:-5,-1
2024-10-09 04:58:00,35.93515,126.97118,마동,3,"공장 냄새(화학약품, 매캐함)",-3:-5,-1
2024-10-09 17:53:00,35.969162,127.08998,왕궁면 흥암리,3,소각 냄새(태우는 냄새),19:2,-1
2024-10-09 21:19:00,35.969357,127.09129,왕궁면 흥암리,3,"가축 분뇨 냄새(닭, 돼지, 소)",19:2,-1
2024-10-09 21:29:00,35.95485,126.98309,어양동,4,"공장 냄새(화학약품, 매캐함)",-1:-1,-1
2024-10-09 21:58:00,35.952713,126.98379,어양동,4,"공장 냄새(화학약품, 매캐함)",-1:-1,-1
2024-10-09 22:04:00,35.952084,126.98386,어양동,5,"공장 냄새(화학약품, 매캐함)",-1:-1,-1
2024-10-09 22:09:00,35.937096,126.97186,마동,5,"공장 냄새(화학약품, 매캐함)",-3:-5,-1
2024-10-09 23:48:00,35.969456,127.090385,왕궁면 흥암리,4,기타,19:2,-1
2024-10-10 09:13:00,35.937077,126.97189,마동,3,"가축 분뇨 냄새(닭, 돼지, 소)",-3:-5,-1
2024-10-10 18:07:00,35.96916,127.08999,왕궁면 흥암리,3,"공장 냄새(화학약품, 매캐함)",19:2,-1
2024-10-10 18:52:00,35.968746,127.09113,왕궁면 흥암리,4,"공장 냄새(화학약품, 매캐함)",19:2,-1
2024-10-10 21:01:00,35.968906,127.0915,왕궁면 흥암리,4,"가축 분뇨 냄새(닭, 돼지, 소)",19:2,294
2024-10-10 21:01:00,35.968323,127.09119,왕궁면 흥암리,5,"가축 분뇨 냄새(닭, 돼지, 소)",19:2,294
2024-10-10 21:07:00,35.969223,127.091385,왕궁면 흥암리,5,"가축 분뇨 냄새(닭, 돼지, 소)",19:2,294
2024-10-10 21:16:00,35.968906,127.09138,왕궁면 흥암리,4,기타,19:2,294
2024-10-10 21:20:00,35.96921,127.09175,왕궁면 흥암리,3,"가축 분뇨 냄새(닭, 돼지, 소)",19:2,294
2024-10-11 06:31:00,35.937206,126.97176,마동,5,"가축 분뇨 냄새(닭, 돼지, 소)",-3:-5,-1
2024-10-11 10:56:00,36.11073,126.9864,용동면 용성리,4,"가축 분뇨 냄새(닭, 돼지, 소)",0:34,-1
2024-10-11 21:38:00,35.953297,126.98399,어양동,3,"공장 냄새(화학약품, 매캐함)",-1:-1,-1
2024-10-11 21:51:00,35.969456,127.090385,왕궁면 흥암리,5,기타,19:2,-1
2024-10-11 21:52:00,35.96932,127.090546,왕궁면 흥암리,5,기타,19:2,-1
2024-10-12 07:42:00,35.937202,126.97177,마동,4,"공장 냄새(화학약품, 매캐함)",-3:-5,-1
2024-10-12 07:52:00,35.969707,127.09118,왕궁면 흥암리,4,"가축 분뇨 냄새(닭, 돼지, 소)",19:2,-1
2024-10-12 07:55:00,35.968327,127.09119,왕궁면 흥암리,5,"가축 분뇨 냄새(닭, 돼지, 소)",19:2,-1
2024-10-12 07:59:00,35.968555,127.090836,왕궁면 흥암리,5,"가축 분뇨 냄새(닭, 돼지, 소)",19:2,-1
2024-10-12 09:16:00,35.968704,127.091286,왕궁면 흥암리,3,"가축 분뇨 냄새(닭, 돼지, 소)",19:2,-1
2024-10-12 19:46:00,35.96858,127.09008,왕궁면 흥암리,5,"공장 냄새(화학약품, 매캐함)",19:2,295
2024-10-12 20:04:00,35.968952,127.09149,왕궁면 흥암리,5,"가축 분뇨 냄새(닭, 돼지, 소)",19:2,295
2024-10-12 20:11:00,35.96981,127.09017,왕궁면 흥암리,4,"가축 분뇨 냄새(닭, 돼지, 소)",19:2,295
2024-10-12 20:15:00,35.969093,127.0901,왕궁면 흥암리,5,"공장 냄새(화학약품, 매캐함)",19:2,295
2024-10-12 20:20:00,35.969227,127.0914,왕궁면 흥암리,5,"가축 분뇨 냄새(닭, 돼지, 소)",19:2,295
2024-10-12 20:25:00,35.968613,127.09141,왕궁면 흥암리,5,"가축 분뇨 냄새(닭, 돼지, 소)",19:2,295
2024-10-12 20:44:00,35.968636,127.09051,왕궁면 흥암리,5,"가축 분뇨 냄새(닭, 돼지, 소)",19:2,295
2024-10-12 21:57:00,35.9372,126.97177,마동,4,"가축 분뇨 냄새(닭, 돼지, 소)",-3:-5,-1
2024-10-12 22:09:00,35.96126,126.99419,부송동,3,"공장 냄새(화학약품, 매캐함)",1:1,-1
2024-10-12 23:05:00,35.968533,127.08998,왕궁면 흥암리,5,기타,19:2,-1
2024-10-12 23:10:00,35.96857,127.09148,왕궁면 흥암리,5,"가축 분뇨 냄새(닭, 돼지, 소)",19:2,-1
2024-10-12 23:12:00,35.95149,126.98419,어양동,4,"공장 냄새(화학약품, 매캐함)",-1:-2,-1
2024-10-13 08:05:00,35.968704,127.091095,왕궁면 흥암리,5,소각 냄새(태우는 냄새),19:2,-1
2024-10-13 18:34:00,35.969513,127.09063,왕궁면 흥암리,5,기타,19:2,-1
2024-10-13 18:35:00,35.96932,127.090546,왕궁면 흥암리,5,기타,19:2,-1
2024-10-13 18:35:00,35.968475,127.090675,왕궁면 흥암리,5,기타,19:2,-1
2024-10-13 20:20:00,35.91334,126.86164,오산면 신지리,3,"가축 분뇨 냄새(닭, 돼지, 소)",-23:-10,-1
2024-10-13 21:34:00,35.968895,127.09146,왕궁면 흥암리,5,"가축 분뇨 냄새(닭, 돼지, 소)",19:2,-1
2024-10-13 22:10:00,35.964596,126.96221,신동,2,소각 냄새(태우는 냄새),-4:1,-1
2024-10-14 00:56:00,35.937202,126.97177,마동,2,"가축 분뇨 냄새(닭, 돼지, 소)",-3:-5,-1
2024-10-14 07:53:00,35.969456,127.090385,왕궁면 흥암리,5,"공장 냄새(화학약품, 매캐함)",19:2,-1
2024-10-14 13:47:00,35.933235,127.05618,왕궁면 쌍제리,4,"가축 분뇨 냄새(닭, 돼지, 소)",12:-6,-1
2024-10-14 17:58:00,35.96793,127.09114,왕궁면 흥암리,5,"가축 분뇨 냄새(닭, 돼지, 소)",19:2,-1
2024-10-14 19:45:00,35.968597,127.0914,왕궁면 흥암리,3,"가축 분뇨 냄새(닭, 돼지, 소)",19:2,-1
2024-10-14 21:08:00,35.969498,127.09049,왕궁면 흥암리,5,"가축 분뇨 냄새(닭, 돼지, 소)",19:2,-1
2024-10-14 22:17:00,35.969585,127.09006,왕궁면 흥암리,5,"가축 분뇨 냄새(닭, 돼지, 소)",19:2,296
2024-10-14 22:32:00,35.968586,127.0903,왕궁면 흥암리,4,"가축 분뇨 냄새(닭, 돼지, 소)",19:2,296
2024-10-14 22:42:00,35.968357,127.0898,왕궁면 흥암리,5,"가축 분뇨 냄새(닭, 돼지, 소)",19:2,296
2024-10-14 22:48:00,35.9684,127.09053,왕궁면 흥암리,5,"가축 분뇨 냄새(닭, 돼지, 소)",19:2,296
2024-10-14 22:51:00,35.969162,127.08998,왕궁면 흥암리,4,"공장 냄새(화학약품, 매캐함)",19:2,296
2024-10-15 11:13:00,35.937202,126.97176,마동,2,"가축 분뇨 냄새(닭, 돼지, 소)",-3:-5,-1
2024-10-16 12:02:00,35.933216,127.05611,왕궁면 쌍제리,4,"가축 분뇨 냄새(닭, 돼지, 소)",12:-6,-1
2024-10-16 19:24:00,35.96864,127.09049,왕궁면 흥암리,4,"가축 분뇨 냄새(닭, 돼지, 소)",19:2,-1
2024-10-16 22:10:00,35.95336,126.98566,어양동,3,"공장 냄새(화학약품, 매캐함)",0:-1,-1
2024-10-17 00:32:00,35.937202,126.97177,마동,3,"가축 분뇨 냄새(닭, 돼지, 소)",-3:-5,-1
2024-10-17 17:50:00,36.068035,126.98657,낭산면 용기리,4,"가축 분뇨 냄새(닭, 돼지, 소)",0:24,-1
2024-10-17 18:07:00,35.968555,127.09008,왕궁면 흥암리,5,"가축 분뇨 냄새(닭, 돼지, 소)",19:2,-1
2024-10-17 18:42:00,35.969364,127.09149,왕궁면 흥암리,4,"공장 냄새(화학약품, 매캐함)",19:2,-1
2024-10-17 18:43:00,35.969563,127.09009,왕궁면 흥암리,5,"가축 분뇨 냄새(닭, 돼지, 소)",19:2,-1
2024-10-17 19:24:00,35.937206,126.971756,마동,3,"가축 분뇨 냄새(닭, 돼지, 소)",-3:-5,-1
2024-10-17 21:42:00,35.968388,127.0906,왕궁면 흥암리,5,"가축 분뇨 냄새(닭, 돼지, 소)",19:2,-1
2024-10-18 00:07:00,35.937206,126.971756,마동,5,"공장 냄새(화학약품, 매캐함)",-3:-5,-1
2024-10-18 16:10:00,35.912178,126.866516,오산면 신지리,3,"가축 분뇨 냄새(닭, 돼지, 소)",-22:-10,-1
2024-10-18 21:07:00,35.96957,127.09039,왕궁면 흥암리,4,"가축 분뇨 냄새(닭, 돼지, 소)",19:2,-1
2024-10-18 21:31:00,35.969566,127.09011,왕궁면 흥암리,4,"가축 분뇨 냄새(닭, 돼지, 소)",19:2,-1
2024-10-18 21:35:00,35.96794,127.09079,왕궁면 흥암리,5,"가축 분뇨 냄새(닭, 돼지, 소)",19:2,-1
2024-10-18 23:34:00,35.96949,127.09051,왕궁면 흥암리,5,"가축 분뇨 냄새(닭, 돼지, 소)",19:2,-1
2024-10-18 23:36:00,35.969322,127.09056,왕궁면 흥암리,5,"가축 분뇨 냄새(닭, 돼지, 소)",19:2,-1
2024-10-18 23:38:00,35.96955,127.09015,왕궁면 흥암리,5,"가축 분뇨 냄새(닭, 돼지, 소)",19:2,-1
2024-10-19 09:54:00,36.10459,126.98047,용안면 송산리,4,"가축 분뇨 냄새(닭, 돼지, 소)",-1:32,-1
2024-10-20 16:10:00,35.912125,126.86753,오산면 신지리,5,"가축 분뇨 냄새(닭, 돼지, 소)",-22:-10,-1
2024-10-20 19:32:00,35.937206,126.97175,마동,5,"공장 냄새(화학약품, 매캐함)",-3:-5,-1
2024-10-20 23:17:00,35.937206,126.971756,마동,4,"가축 분뇨 냄새(닭, 돼지, 소)",-3:-5,-1
2024-10-21 17:06:00,35.958294,126.99543,부송동,3,"가축 분뇨 냄새(닭, 돼지, 소)",2:0,-1
2024-10-21 18:51:00,35.96546,126.983116,어양동,5,소각 냄새(태우는 냄새),-1:1,-1
2024-10-21 23:48:00,35.93721,126.971756,마동,5,"공장 냄새(화학약품, 매캐함)",-3:-5,-1
2024-10-22 00:12:00,35.93721,126.971756,마동,5,"공장 냄새(화학약품, 매캐함)",-3:-5,-1
2024-10-22 00:54:00,35.960136,126.98849,부송동,3,"공장 냄새(화학약품, 매캐함)",0:0,-1
2024-10-22 17:33:00,35.97075,127.08883,왕궁면 흥암리,3,"공장 냄새(화학약품, 매캐함)",18:3,-1
2024-10-23 10:24:00,36.033943,126.955536,함열읍 다송리,4,소각 냄새(태우는 냄새),-6:17,-1
2024-10-23 22:45:00,35.937206,126.971756,마동,2,"가축 분뇨 냄새(닭, 돼지, 소)",-3:-5,-1
2024-10-24 07:53:00,35.93721,126.971756,마동,4,"가축 분뇨 냄새(닭, 돼지, 소)",-3:-5,-1
2024-10-24 08:56:00,35.96982,127.09067,왕궁면 흥암리,4,"가축 분뇨 냄새(닭, 돼지, 소)",19:2,-1
2024-10-24 09:28:00,35.932663,126.879814,오산면 신지리,3,기타,-19:-6,-1
2024-10-25 07:19:00,35.969063,127.0905,왕궁면 흥암리,3,"가축 분뇨 냄새(닭, 돼지, 소)",19:2,-1
2024-10-25 15:52:00,35.928226,126.87423,오산면 신지리,3,"가축 분뇨 냄새(닭, 돼지, 소)",-20:-7,-1
2024-10-25 19:36:00,35.96938,127.09083,왕궁면 흥암리,3,"가축 분뇨 냄새(닭, 돼지, 소)",19:2,-1
2024-10-25 19:43:00,35.968067,127.09088,왕궁면 흥암리,5,"가축 분뇨 냄새(닭, 돼지, 소)",19:2,-1
2024-10-25 19:43:00,35.96862,127.08998,왕궁면 흥암리,4,"가축 분뇨 냄새(닭, 돼지, 소)",19:2,-1
2024-10-25 20:45:00,35.937214,126.97174,마동,5,"가축 분뇨 냄새(닭, 돼지, 소)",-3:-5,-1
2024-10-26 17:44:00,36.03639,126.98609,삼기면 오룡리,4,"가축 분뇨 냄새(닭, 돼지, 소)",0:17,-1
2024-10-26 17:54:00,35.968735,127.0911,왕궁면 흥암리,4,"공장 냄새(화학약품, 매캐함)",19:2,-1
2024-10-26 22:02:00,35.965908,126.98625,부송동,3,"가축 분뇨 냄새(닭, 돼지, 소)",0:2,-1
2024-10-26 22:31:00,35.969482,127.09051,왕궁면 흥암리,5,기타,19:2,-1
2024-10-26 23:28:00,35.96965,127.09152,왕궁면 흥암리,5,"가축 분뇨 냄새(닭, 돼지, 소)",19:2,-1
2024-10-26 23:49:00,35.96891,127.09143,왕궁면 흥암리,5,"가축 분뇨 냄새(닭, 돼지, 소)",19:2,-1
2024-10-27 00:41:00,35.95629,126.9965,부송동,5,"공장 냄새(화학약품, 매캐함)",2:-1,-1
2024-10-27 09:43:00,35.937218,126.971725,마동,4,"가축 분뇨 냄새(닭, 돼지, 소)",-3:-5,-1
2024-10-27 16:48:00,35.945152,127.022316,춘포면 신동리,5,"가축 분뇨 냄새(닭, 돼지, 소)",6:-3,-1
2024-10-27 17:18:00,35.968258,127.09097,왕궁면 흥암리,5,"가축 분뇨 냄새(닭, 돼지, 소)",19:2,297
2024-10-27 17:29:00,35.968494,127.090675,왕궁면 흥암리,5,"가축 분뇨 냄새(닭, 돼지, 소)",19:2,297
2024-10-27 17:37:00,35.969585,127.090096,왕궁면 흥암리,5,"가축 분뇨 냄새(닭, 돼지, 소)",19:2,297
2024-10-27 17:40:00,35.96859,127.09016,왕궁면 흥암리,4,"가축 분뇨 냄새(닭, 돼지, 소)",19:2,297
2024-10-27 17:44:00,35.968502,127.09141,왕궁면 흥암리,3,"가축 분뇨 냄새(닭, 돼지, 소)",19:2,297
2024-10-27 18:31:00,35.969162,127.08998,왕궁면 흥암리,3,"가축 분뇨 냄새(닭, 돼지, 소)",19:2,297
2024-10-27 20:35:00,36.11088,126.985954,용동면 용성리,4,"가축 분뇨 냄새(닭, 돼지, 소)",0:34,-1
2024-10-28 01:28:00,35.96554,127.08344,왕궁면 흥암리,4,"가축 분뇨 냄새(닭, 돼지, 소)",17:1,-1
2024-10-28 18:20:00,35.969105,127.091194,왕궁면 흥암리,5,"가축 분뇨 냄새(닭, 돼지, 소)",19:2,-1
2024-10-28 18:47:00,35.969585,127.09041,왕궁면 흥암리,3,"가축 분뇨 냄새(닭, 돼지, 소)",19:2,-1
2024-10-28 19:36:00,35.96914,127.090454,왕궁면 흥암리,4,"가축 분뇨 냄새(닭, 돼지, 소)",19:2,-1
2024-10-28 22:33:00,35.93723,126.971725,마동,4,"공장 냄새(화학약품, 매캐함)",-3:-5,-1
2024-10-29 15:47:00,35.95552,126.99505,부송동,4,"공장 냄새(화학약품, 매캐함)",1:-1,-1
2024-10-29 23:09:00,35.937218,126.971725,마동,5,"공장 냄새(화학약품, 매캐함)",-3:-5,-1
2024-10-30 16:58:00,35.95689,126.99466,부송동,3,"공장 냄새(화학약품, 매캐함)",1:0,-1
2024-10-30 18:28:00,35.95665,126.99526,부송동,3,기타,1:0,-1
2024-10-30 23:46:00,35.937218,126.971725,마동,4,"공장 냄새(화학약품, 매캐함)",-3:-5,-1
2024-10-31 07:08:00,35.96836,127.09058,왕궁면 흥암리,5,"가축 분뇨 냄새(닭, 돼지, 소)",19:2,-1
2024-10-31 07:25:00,35.968555,127.090836,왕궁면 흥암리,5,"가축 분뇨 냄새(닭, 돼지, 소)",19:2,-1
2024-10-31 10:12:00,35.953285,126.991325,어양동,3,"공장 냄새(화학약품, 매캐함)",1:-1,-1
2024-10-31 10:31:00,35.986183,127.09068,왕궁면 광암리,3,"공장 냄새(화학약품, 매캐함)",19:6,-1
2024-10-31 12:57:00,35.95668,126.9953,부송동,2,"공장 냄새(화학약품, 매캐함)",1:0,-1
2024-10-31 16:04:00,36.11162,126.985245,용동면 용성리,3,"가축 분뇨 냄새(닭, 돼지, 소)",0:34,-1
2024-10-31 17:00:00,35.981743,127.08595,왕궁면 광암리,4,하수구 냄새,18:5,-1
2024-10-31 18:20:00,35.933273,126.87878,오산면 신지리,5,"가축 분뇨 냄새(닭, 돼지, 소)",-20:-6,-1
2024-10-31 19:47:00,35.969208,127.09123,왕궁면 흥암리,5,"가축 분뇨 냄새(닭, 돼지, 소)",19:2,-1
2024-10-31 23:58:00,35.952858,126.98617,어양동,5,소각 냄새(태우는 냄새),0:-1,-1
2024-11-02 09:16:00,35.916775,126.867065,오산면 신지리,4,"가축 분뇨 냄새(닭, 돼지, 소)",-22:-9,-1
2024-11-02 20:04:00,35.950596,126.96442,영등동,5,기타,-4:-2,-1
2024-11-02 21:37:00,35.91334,126.86166,오산면 신지리,3,"가축 분뇨 냄새(닭, 돼지, 소)",-23:-10,-1
2024-11-03 16:48:00,35.96958,127.09007,왕궁면 흥암리,4,"가축 분뇨 냄새(닭, 돼지, 소)",19:2,-1
2024-11-04 23:43:00,35.96837,127.089806,왕궁면 흥암리,5,"공장 냄새(화학약품, 매캐함)",19:2,-1
2024-11-05 16:52:00,36.110725,126.986404,용동면 용성리,5,"가축 분뇨 냄새(닭, 돼지, 소)",0:34,-1
2024-11-05 18:07:00,35.96873,127.0911,왕궁면 흥암리,4,하수구 냄새,19:2,-1
2024-11-05 18:29:00,35.969196,127.09075,왕궁면 흥암리,4,하수구 냄새,19:2,-1
2024-11-05 18:43:00,35.969257,127.0917,왕궁면 흥암리,4,하수구 냄새,19:2,-1
2024-11-06 08:40:00,35.939137,126.985916,신흥동,3,기타,0:-4,-1
2024-11-07 09:02:00,35.950966,126.983376,어양동,3,"공장 냄새(화학약품, 매캐함)",-1:-2,-1
2024-11-07 19:43:00,35.95999,126.99427,부송동,4,"공장 냄새(화학약품, 매캐함)",1:0,-1
2024-11-07 20:54:00,35.969563,127.090096,왕궁면 흥암리,4,"가축 분뇨 냄새(닭, 돼지, 소)",19:2,-1
2024-11-07 21:31:00,35.92685,126.95403,인화동2가,4,"가축 분뇨 냄새(닭, 돼지, 소)",-6:-7,-1
2024-11-08 08:37:00,35.939068,126.98596,신흥동,4,"가축 분뇨 냄새(닭, 돼지, 소)",0:-4,-1
2024-11-08 21:15:00,35.939075,126.98593,신흥동,5,"가축 분뇨 냄새(닭, 돼지, 소)",0:-4,-1
2024-11-08 21:32:00,35.955124,126.99601,부송동,5,"가축 분뇨 냄새(닭, 돼지, 소)",2:-1,-1
2024-11-09 20:29:00,35.969624,127.09034,왕궁면 흥암리,3,"가축 분뇨 냄새(닭, 돼지, 소)",19:2,-1
2024-11-10 01:15:00,35.962345,126.98427,어양동,3,하수구 냄새,0:1,-1
2024-11-10 07:38:00,35.913307,126.86171,오산면 신지리,2,"가축 분뇨 냄새(닭, 돼지, 소)",-23:-10,-1
2024-11-10 19:26:00,35.967636,127.0915,왕궁면 흥암리,4,"가축 분뇨 냄새(닭, 돼지, 소)",19:2,-1
2024-11-11 08:07:00,35.939198,126.98583,신흥동,4,"가축 분뇨 냄새(닭, 돼지, 소)",0:-4,-1
2024-11-11 08:10:00,35.918266,126.86462,오산면 신지리,4,"가축 분뇨 냄새(닭, 돼지, 소)",-22:-9,-1
2024-11-11 18:39:00,35.969166,127.08998,왕궁면 흥암리,3,소각 냄새(태우는 냄새),19:2,-1
2024-11-11 18:39:00,35.969154,127.09,왕궁면 흥암리,3,소각 냄새(태우는 냄새),19:2,-1
2024-11-11 19:11:00,35.942425,126.96467,마동,4,소각 냄새(태우는 냄새),-4:-4,-1
2024-11-11 19:24:00,35.96866,127.09021,왕궁면 흥암리,3,소각 냄새(태우는 냄새),19:2,-1
2024-11-12 06:23:00,35.93513,126.97131,마동,3,"공장 냄새(화학약품, 매캐함)",-3:-5,-1
2024-11-12 06:56:00,35.96857,127.09021,왕궁면 흥암리,4,"가축 분뇨 냄새(닭, 돼지, 소)",19:2,-1
2024-11-12 07:57:00,35.961136,126.99427,부송동,3,"공장 냄새(화학약품, 매캐함)",1:1,-1
2024-11-12 08:03:00,35.968773,127.09053,왕궁면 흥암리,3,소각 냄새(태우는 냄새),19:2,-1
2024-11-12 09:06:00,35.960915,126.88943,오산면 영만리,5,"가축 분뇨 냄새(닭, 돼지, 소)",-18:0,-1
2024-11-12 19:59:00,35.96917,127.08999,왕궁면 흥암리,3,소각 냄새(태우는 냄새),19:2,298
2024-11-12 20:03:00,35.96846,127.09052,왕궁면 흥암리,3,소각 냄새(태우는 냄새),19:2,298
2024-11-12 20:03:00,35.969078,127.09093,왕궁면 흥암리,4,소각 냄새(태우는 냄새),19:2,298
2024-11-12 20:03:00,35.968597,127.0903,왕궁면 흥암리,4,소각 냄새(태우는 냄새),19:2,298
2024-11-12 20:04:00,35.968395,127.09066,왕궁면 흥암리,3,소각 냄새(태우는 냄새),19:2,298
2024-11-12 20:07:00,35.96865,127.09136,왕궁면 흥암리,4,소각 냄새(태우는 냄새),19:2,298
2024-11-12 20:34:00,35.96834,127.091194,왕궁면 흥암리,5,소각 냄새(태우는 냄새),19:2,298
2024-11-12 20:35:00,35.969734,127.090225,왕궁면 흥암리,3,소각 냄새(태우는 냄새),19:2,298
2024-11-12 20:46:00,35.968605,127.09017,왕궁면 흥암리,4,소각 냄새(태우는 냄새),19:2,298
2024-11-13 07:15:00,35.968655,127.0903,왕궁면 흥암리,5,"가축 분뇨 냄새(닭, 돼지, 소)",19:2,-1
2024-11-14 07:00:00,35.91334,126.86165,오산면 신지리,3,"가축 분뇨 냄새(닭, 돼지, 소)",-23:-10,-1
2024-11-14 14:22:00,35.93315,127.05609,왕궁면 쌍제리,4,"가축 분뇨 냄새(닭, 돼지, 소)",12:-6,-1
2024-11-15 08:29:00,35.98615,127.09071,왕궁면 광암리,3,소각 냄새(태우는 냄새),19:6,-1
2024-11-15 14:26:00,35.933155,127.05678,왕궁면 쌍제리,4,"가축 분뇨 냄새(닭, 돼지, 소)",13:-6,-1
2024-11-16 07:55:00,35.913322,126.86169,오산면 신지리,5,"가축 분뇨 냄새(닭, 돼지, 소)",-23:-10,-1
2024-11-19 19:48:00,35.968597,127.09031,왕궁면 흥암리,4,소각 냄새(태우는 냄새),19:2,-1
2024-11-20 07:51:00,35.937157,126.971565,마동,5,"공장 냄새(화학약품, 매캐함)",-3:-5,-1
2024-11-20 21:22:00,35.956413,126.99759,부송동,2,"공장 냄새(화학약품, 매캐함)",2:-1,-1
2024-11-21 08:08:00,35.969494,127.09157,왕궁면 흥암리,4,"가축 분뇨 냄새(닭, 돼지, 소)",19:2,-1
2024-11-21 08:18:00,35.93911,126.985886,신흥동,4,"가축 분뇨 냄새(닭, 돼지, 소)",0:-4,-1
2024-11-21 08:58:00,35.915607,126.864876,오산면 신지리,2,"가축 분뇨 냄새(닭, 돼지, 소)",-22:-10,-1
2024-11-22 08:44:00,35.93914,126.985916,신흥동,4,"가축 분뇨 냄새(닭, 돼지, 소)",0:-4,-1
2024-11-23 10:05:00,35.968708,127.09108,왕궁면 흥암리,4,"공장 냄새(화학약품, 매캐함)",19:2,-1
2024-11-23 18:30:00,35.94516,127.022316,춘포면 신동리,4,"가축 분뇨 냄새(닭, 돼지, 소)",6:-3,-1
2024-11-24 14:01:00,35.94516,127.022316,춘포면 신동리,3,"가축 분뇨 냄새(닭, 돼지, 소)",6:-3,-1
2024-11-25 09:15:00,35.968704,127.091095,왕궁면 흥암리,3,소각 냄새(태우는 냄새),19:2,-1
2024-11-25 15:25:00,35.96834,127.09059,왕궁면 흥암리,3,소각 냄새(태우는 냄새),19:2,-1
2024-11-28 22:31:00,35.96954,127.09011,왕궁면 흥암리,5,"가축 분뇨 냄새(닭, 돼지, 소)",19:2,-1
2024-11-30 20:00:00,35.937336,126.97164,마동,3,"가축 분뇨 냄새(닭, 돼지, 소)",-3:-5,-1
2024-11-30 20:14:00,35.954586,126.98402,어양동,3,"가축 분뇨 냄새(닭, 돼지, 소)",-1:-1,-1
2024-11-30 21:44:00,35.913303,126.86172,오산면 신지리,3,"가축 분뇨 냄새(닭, 돼지, 소)",-23:-10,-1
2024-12-03 08:54:00,35.91564,126.86262,오산면 신지리,2,"가축 분뇨 냄새(닭, 돼지, 소)",-22:-10,-1
2024-12-04 21:55:00,35.939148,126.98592,신흥동,4,"가축 분뇨 냄새(닭, 돼지, 소)",0:-4,-1
2024-12-04 22:19:00,35.959797,126.98762,부송동,4,"가축 분뇨 냄새(닭, 돼지, 소)",0:0,-1
2024-12-09 09:26:00,35.968704,127.091064,왕궁면 흥암리,5,소각 냄새(태우는 냄새),19:2,-1
2024-12-09 22:04:00,35.968697,127.09109,왕궁면 흥암리,3,"공장 냄새(화학약품, 매캐함)",19:2,-1
2024-12-09 22:25:00,35.968483,127.09133,왕궁면 흥암리,4,"공장 냄새(화학약품, 매캐함)",19:2,-1
2024-12-10 22:02:00,35.91806,127.062706,왕궁면 온수리,3,"가축 분뇨 냄새(닭, 돼지, 소)",14:-9,-1
2024-12-13 08:31:00,35.968777,127.09061,왕궁면 흥암리,3,"가축 분뇨 냄새(닭, 돼지, 소)",19:2,-1
2024-12-13 21:12:00,35.96157,126.98939,부송동,3,"가축 분뇨 냄새(닭, 돼지, 소)",0:1,-1
2024-12-13 21:36:00,35.93511,126.97217,마동,3,"가축 분뇨 냄새(닭, 돼지, 소)",-3:-5,-1
2024-12-18 21:30:00,35.92737,126.95782,동산동,4,소각 냄새(태우는 냄새),-5:-7,-1
2024-12-20 16:24:00,35.961155,127.0018,부송동,5,기타,3:1,-1
2024-12-22 09:14:00,35.968586,127.09037,왕궁면 흥암리,4,"가축 분뇨 냄새(닭, 돼지, 소)",19:2,-1
2024-12-24 22:03:00,35.968422,127.09069,왕궁면 흥암리,5,"가축 분뇨 냄새(닭, 돼지, 소)",19:2,-1
2024-12-25 09:27:00,35.961052,126.99424,부송동,2,소각 냄새(태우는 냄새),1:0,-1
2024-12-25 19:28:00,35.956493,126.99733,부송동,4,"가축 분뇨 냄새(닭, 돼지, 소)",2:-1,-1
2024-12-25 19:34:00,35.923313,126.97878,금강동,3,음식조리 냄새,-1:-8,-1
2024-12-25 19:36:00,35.959286,126.99218,부송동,5,"가축 분뇨 냄새(닭, 돼지, 소)",1:0,-1
2024-12-25 19:40:00,35.957752,126.99297,부송동,5,"가축 분뇨 냄새(닭, 돼지, 소)",1:0,-1
2024-12-25 20:02:00,35.93913,126.98594,신흥동,5,"가축 분뇨 냄새(닭, 돼지, 소)",0:-4,-1
2024-12-26 07:55:00,35.939133,126.98594,신흥동,4,기타,0:-4,-1
2024-12-26 18:26:00,35.97151,127.089165,왕궁면 흥암리,4,"가축 분뇨 냄새(닭, 돼지, 소)",18:3,-1
2024-12-28 18:10:00,35.968605,127.09038,왕궁면 흥암리,3,"가축 분뇨 냄새(닭, 돼지, 소)",19:2,-1
2024-12-28 19:23:00,35.94515,127.022316,춘포면 신동리,3,"가축 분뇨 냄새(닭, 돼지, 소)",6:-3,-1
2024-12-29 17:32:00,35.94516,127.02233,춘포면 신동리,3,"가축 분뇨 냄새(닭, 돼지, 소)",6:-3,-1
2024-12-29 19:23:00,35.934444,126.95022,인화동1가,5,기타,-7:-5,-1
2024-12-29 19:36:00,35.930347,126.94968,인화동1가,4,기타,-7:-6,-1
2025-01-01 09:14:00,35.911324,126.86749,오산면 신지리,2,"가축 분뇨 냄새(닭, 돼지, 소)",-22:-11,-1
2025-01-01 18:39:00,36.000027,126.94466,황등면 황등리,5,"가축 분뇨 냄새(닭, 돼지, 소)",-8:9,-1
2025-01-01 18:42:00,36.000027,126.94466,황등면 황등리,5,"가축 분뇨 냄새(닭, 돼지, 소)",-8:9,-1
2025-01-01 20:12:00,35.934402,126.97143,마동,4,"공장 냄새(화학약품, 매캐함)",-3:-5,-1
2025-01-02 08:47:00,35.93913,126.98593,신흥동,4,"가축 분뇨 냄새(닭, 돼지, 소)",0:-4,-1
2025-01-04 19:58:00,35.957462,126.99795,부송동,2,소각 냄새(태우는 냄새),2:0,-1
2025-01-06 09:14:00,35.99768,126.94529,황등면 황등리,5,"가축 분뇨 냄새(닭, 돼지, 소)",-8:9,-1
2025-01-07 09:03:00,35.912785,126.861824,오산면 신지리,4,"가축 분뇨 냄새(닭, 돼지, 소)",-23:-10,-1
2025-01-08 00:50:00,35.92663,126.95368,인화동2가,4,"가축 분뇨 냄새(닭, 돼지, 소)",-6:-7,-1
2025-01-12 18:18:00,35.997917,126.94523,황등면 황등리,5,"가축 분뇨 냄새(닭, 돼지, 소)",-8:9,-1
2025-01-13 19:22:00,35.96127,126.97812,영등동,5,"가축 분뇨 냄새(닭, 돼지, 소)",-2:1,-1
2025-01-13 22:44:00,35.93732,126.971664,마동,4,"가축 분뇨 냄새(닭, 돼지, 소)",-3:-5,-1
2025-01-14 08:25:00,35.958447,126.969696,영등동,4,"가축 분뇨 냄새(닭, 돼지, 소)",-3:0,-1
2025-01-16 21:35:00,35.913357,126.86167,오산면 신지리,5,"가축 분뇨 냄새(닭, 돼지, 소)",-23:-10,-1
2025-01-18 22:48:00,35.92682,126.95525,인화동2가,5,"가축 분뇨 냄새(닭, 돼지, 소)",-6:-7,-1
2025-01-19 17:36:00,35.99745,126.94549,황등면 황등리,5,"가축 분뇨 냄새(닭, 돼지, 소)",-7:9,-1
2025-01-19 21:03:00,35.934875,126.96673,동산동,5,"가축 분뇨 냄새(닭, 돼지, 소)",-4:-5,-1
2025-01-19 21:25:00,35.913353,126.861664,오산면 신지리,3,"가축 분뇨 냄새(닭, 돼지, 소)",-23:-10,-1
2025-01-20 21:27:00,35.9696,127.091675,왕궁면 흥암리,5,기타,19:2,-1
2025-01-22 21:07:00,35.99743,126.94539,황등면 황등리,5,"가축 분뇨 냄새(닭, 돼지, 소)",-7:9,-1
2025-01-24 08:38:00,35.974262,127.08984,왕궁면 흥암리,3,"가축 분뇨 냄새(닭, 돼지, 소)",19:3,-1
2025-01-25 16:46:00,35.912872,126.8618,오산면 신지리,4,"가축 분뇨 냄새(닭, 돼지, 소)",-23:-10,-1
2025-01-29 23:35:00,35.99785,126.94516,황등면 황등리,5,"가축 분뇨 냄새(닭, 돼지, 소)",-8:9,-1
2025-01-30 16:48:00,35.918312,126.864624,오산면 신지리,3,"가축 분뇨 냄새(닭, 돼지, 소)",-22:-9,-1
2025-01-31 22:46:00,35.951626,126.98907,어양동,4,소각 냄새(태우는 냄새),0:-2,-1
2025-02-07 09:44:00,35.93327,127.05616,왕궁면 쌍제리,4,"가축 분뇨 냄새(닭, 돼지, 소)",12:-6,-1
2025-02-09 23:34:00,35.997906,126.945564,황등면 황등리,5,"가축 분뇨 냄새(닭, 돼지, 소)",-7:9,-1
2025-02-11 15:33:00,35.93328,127.05615,왕궁면 쌍제리,4,"가축 분뇨 냄새(닭, 돼지, 소)",12:-6,-1
2025-02-11 18:11:00,35.955254,126.98778,어양동,3,"공장 냄새(화학약품, 매캐함)",0:-1,-1
2025-02-13 19:35:00,35.99766,126.94529,황등면 황등리,5,"가축 분뇨 냄새(닭, 돼지, 소)",-8:9,-1
2025-02-13 20:17:00,35.997078,126.948654,황등면 황등리,5,"가축 분뇨 냄새(닭, 돼지, 소)",-7:8,-1
2025-02-13 20:35:00,35.968105,127.0908,왕궁면 흥암리,4,"가축 분뇨 냄새(닭, 돼지, 소)",19:2,-1
2025-02-19 23:38:00,35.998062,126.94468,황등면 황등리,5,"가축 분뇨 냄새(닭, 돼지, 소)",-8:9,-1
2025-02-21 08:00:00,35.959442,126.99898,부송동,3,"공장 냄새(화학약품, 매캐함)",2:0,-1
2025-02-28 22:05:00,35.968124,127.0908,왕궁면 흥암리,5,"가축 분뇨 냄새(닭, 돼지, 소)",19:2,-1
2025-03-01 08:44:00,35.968433,127.09135,왕궁면 흥암리,4,"가축 분뇨 냄새(닭, 돼지, 소)",19:2,-1
2025-03-01 19:15:00,35.96918,127.0914,왕궁면 흥암리,5,"가축 분뇨 냄새(닭, 돼지, 소)",19:2,-1
2025-03-06 16:37:00,36.110874,126.986115,용동면 용성리,3,"가축 분뇨 냄새(닭, 돼지, 소)",0:34,-1
2025-03-07 20:18:00,35.997387,126.94557,황등면 황등리,5,"가축 분뇨 냄새(닭, 돼지, 소)",-7:9,-1
2025-03-07 23:13:00,35.99704,126.948555,황등면 황등리,5,"가축 분뇨 냄새(닭, 돼지, 소)",-7:8,-1
2025-03-08 21:46:00,35.969177,127.09096,왕궁면 흥암리,5,기타,19:2,-1
2025-03-10 00:38:00,35.997055,126.948555,황등면 황등리,5,"가축 분뇨 냄새(닭, 돼지, 소)",-7:8,-1
2025-03-11 22:49:00,35.997707,126.94526,황등면 황등리,5,"가축 분뇨 냄새(닭, 돼지, 소)",-8:9,-1
2025-03-12 10:56:00,35.996796,126.94949,황등면 황등리,5,"가축 분뇨 냄새(닭, 돼지, 소)",-7:8,-1
2025-03-13 18:40:00,35.962955,126.986046,부송동,3,"가축 분뇨 냄새(닭, 돼지, 소)",0:1,-1
2025-03-15 21:47:00,35.969463,127.09015,왕궁면 흥암리,2,"가축 분뇨 냄새(닭, 돼지, 소)",19:2,-1
2025-03-16 17:22:00,35.913437,126.861626,오산면 신지리,3,"가축 분뇨 냄새(닭, 돼지, 소)",-23:-10,-1
2025-03-17 21:16:00,35.92708,126.95415,인화동2가,5,"가축 분뇨 냄새(닭, 돼지, 소)",-6:-7,-1
2025-03-17 21:23:00,35.92677,126.95514,인화동2가,5,"가축 분뇨 냄새(닭, 돼지, 소)",-6:-7,-1
2025-03-17 21:45:00,35.956486,126.995,부송동,4,"가축 분뇨 냄새(닭, 돼지, 소)",1:-1,-1
2025-03-18 13:28:00,35.95115,126.93652,모현동1가,4,하수구 냄새,-9:-2,-1
2025-03-19 08:56:00,35.915676,126.862686,오산면 신지리,3,"가축 분뇨 냄새(닭, 돼지, 소)",-22:-10,-1
2025-03-19 23:29:00,35.939617,126.96569,마동,5,"가축 분뇨 냄새(닭, 돼지, 소)",-4:-4,-1
2025-03-20 05:40:00,35.95617,126.97821,영등동,3,"공장 냄새(화학약품, 매캐함)",-2:-1,-1
2025-03-20 18:10:00,35.996277,126.94427,황등면 황등리,5,"가축 분뇨 냄새(닭, 돼지, 소)",-8:8,-1
2025-03-20 19:27:00,35.9303,126.94978,인화동1가,4,"가축 분뇨 냄새(닭, 돼지, 소)",-7:-6,-1
2025-03-20 22:27:00,35.95744,126.9618,신동,4,"공장 냄새(화학약품, 매캐함)",-5:0,-1
2025-03-21 08:54:00,35.915688,126.86271,오산면 신지리,3,"가축 분뇨 냄새(닭, 돼지, 소)",-22:-10,-1
2025-03-21 11:42:00,35.930195,126.9576,동산동,3,"가축 분뇨 냄새(닭, 돼지, 소)",-5:-6,-1
2025-03-21 19:09:00,35.997025,126.94859,황등면 황등리,5,"가축 분뇨 냄새(닭, 돼지, 소)",-7:8,-1
2025-03-22 23:14:00,35.9472,126.93317,모현동1가,3,"가축 분뇨 냄새(닭, 돼지, 소)",-10:-3,-1
2025-03-23 00:40:00,35.9347,126.95048,인화동1가,5,"가축 분뇨 냄새(닭, 돼지, 소)",-7:-5,-1
2025-03-23 00:42:00,35.927155,126.96583,동산동,3,"가축 분뇨 냄새(닭, 돼지, 소)",-4:-7,-1
2025-03-24 22:28:00,35.954727,126.97567,영등동,4,"가축 분뇨 냄새(닭, 돼지, 소)",-2:-1,-1
2025-03-26 01:57:00,35.945774,126.97683,신흥동,4,하수구 냄새,-2:-3,-1
2025-03-26 21:55:00,35.94368,126.97591,신흥동,3,"가축 분뇨 냄새(닭, 돼지, 소)",-2:-3,-1
2025-03-26 22:13:00,35.927277,126.95562,인화동2가,4,"가축 분뇨 냄새(닭, 돼지, 소)",-6:-7,-1
2025-03-27 15:19:00,35.930336,126.94974,인화동1가,3,하수구 냄새,-7:-6,-1
2025-03-27 20:08:00,35.945858,126.96414,마동,5,"가축 분뇨 냄새(닭, 돼지, 소)",-4:-3,-1
2025-03-31 19:55:00,35.997013,126.94862,황등면 황등리,5,"가축 분뇨 냄새(닭, 돼지, 소)",-7:8,-1
2025-04-02 22:36:00,35.939194,126.985954,신흥동,5,"가축 분뇨 냄새(닭, 돼지, 소)",0:-4,-1
2025-04-04 23:32:00,35.997784,126.94509,황등면 황등리,5,"가축 분뇨 냄새(닭, 돼지, 소)",-8:9,-1
2025-04-07 21:52:00,35.939068,126.98603,신흥동,5,"가축 분뇨 냄새(닭, 돼지, 소)",0:-4,-1
2025-04-07 22:54:00,35.937313,126.97155,마동,4,"가축 분뇨 냄새(닭, 돼지, 소)",-3:-5,-1
2025-04-10 20:28:00,35.939056,126.98597,신흥동,0,해당사항없음,0:-4,-1
2025-04-11 13:57:00,35.951096,126.958015,남중동,4,하수구 냄새,-5:-2,-1
2025-04-12 16:43:00,35.929646,126.94917,인화동1가,3,하수구 냄새,-7:-6,-1
2025-04-14 08:39:00,35.91233,126.86986,오산면 신지리,2,"가축 분뇨 냄새(닭, 돼지, 소)",-21:-10,-1
2025-04-14 21:28:00,35.953125,126.98404,어양동,3,"공장 냄새(화학약품, 매캐함)",-1:-1,-1
2025-04-16 07:58:00,35.969574,127.09054,왕궁면 흥암리,4,기타,19:2,-1
2025-04-16 19:44:00,35.965443,127.015236,팔봉동,5,"공장 냄새(화학약품, 매캐함)",5:1,-1
2025-04-16 20:02:00,35.964783,127.018364,팔봉동,4,소각 냄새(태우는 냄새),6:1,-1
2025-04-16 23:03:00,35.950554,126.98324,어양동,4,"가축 분뇨 냄새(닭, 돼지, 소)",-1:-2,-1
2025-04-16 23:06:00,35.965652,127.01868,팔봉동,3,"공장 냄새(화학약품, 매캐함)",6:2,-1
2025-04-16 23:19:00,35.937305,126.9716,마동,4,"가축 분뇨 냄새(닭, 돼지, 소)",-3:-5,-1
2025-04-16 23:26:00,35.960716,126.97343,영등동,5,"가축 분뇨 냄새(닭, 돼지, 소)",-2:0,-1
2025-04-17 22:07:00,35.926636,126.95491,인화동2가,3,"가축 분뇨 냄새(닭, 돼지, 소)",-6:-7,-1
2025-04-18 01:00:00,35.964386,127.014915,팔봉동,2,"가축 분뇨 냄새(닭, 돼지, 소)",5:1,-1
2025-04-18 01:59:00,35.932552,126.96196,동산동,3,하수구 냄새,-5:-6,-1
2025-04-18 03:16:00,35.959324,126.98091,영등동,5,"가축 분뇨 냄새(닭, 돼지, 소)",-1:0,-1
2025-04-18 21:58:00,35.997223,126.94843,황등면 황등리,5,"가축 분뇨 냄새(닭, 돼지, 소)",-7:8,-1
2025-04-19 18:32:00,35.964787,127.01837,팔봉동,4,"공장 냄새(화학약품, 매캐함)",6:1,-1
2025-04-20 21:18:00,35.96429,127.01511,팔봉동,2,하수구 냄새,5:1,-1
2025-04-21 08:08:00,35.912754,126.86747,오산면 신지리,3,"가축 분뇨 냄새(닭, 돼지, 소)",-22:-10,-1
2025-04-23 20:42:00,35.96457,127.01555,팔봉동,2,"가축 분뇨 냄새(닭, 돼지, 소)",5:1,-1
2025-04-23 21:16:00,35.969498,127.09015,왕궁면 흥암리,3,"가축 분뇨 냄새(닭, 돼지, 소)",19:2,-1
2025-04-24 00:38:00,35.964428,127.01509,팔봉동,2,"가축 분뇨 냄새(닭, 돼지, 소)",5:1,-1
2025-04-25 07:25:00,35.93521,126.97129,마동,2,"공장 냄새(화학약품, 매캐함)",-3:-5,-1
2025-04-27 16:26:00,36.111877,126.98574,용동면 용성리,5,"가축 분뇨 냄새(닭, 돼지, 소)",0:34,-1
2025-04-27 20:32:00,36.074368,126.9845,낭산면 용기리,5,"가축 분뇨 냄새(닭, 돼지, 소)",0:26,-1
2025-04-30 23:27:00,36.0242,126.97355,삼기면 서두리,4,"가축 분뇨 냄새(닭, 돼지, 소)",-2:14,-1
2025-05-01 15:43:00,35.94819,127.02078,춘포면 신동리,5,"가축 분뇨 냄새(닭, 돼지, 소)",6:-2,-1
2025-05-02 01:15:00,35.997032,126.94861,황등면 황등리,5,"가축 분뇨 냄새(닭, 돼지, 소)",-7:8,-1
2025-05-02 19:49:00,35.948162,127.02054,춘포면 신동리,5,"가축 분뇨 냄새(닭, 돼지, 소)",6:-2,-1
2025-05-02 22:08:00,35.9475,127.021324,춘포면 신동리,3,"가축 분뇨 냄새(닭, 돼지, 소)",6:-3,-1
2025-05-04 01:26:00,35.95643,126.99474,부송동,4,"가축 분뇨 냄새(닭, 돼지, 소)",1:-1,-1
2025-05-04 16:56:00,35.94775,127.02147,춘포면 신동리,4,"가축 분뇨 냄새(닭, 돼지, 소)",6:-2,-1
2025-05-04 20:11:00,35.997032,126.9486,황등면 황등리,5,"가축 분뇨 냄새(닭, 돼지, 소)",-7:8,-1
2025-05-04 21:18:00,35.938717,126.98556,신흥동,4,"가축 분뇨 냄새(닭, 돼지, 소)",0:-4,-1
2025-05-04 23:11:00,35.937305,126.971565,마동,4,"가축 분뇨 냄새(닭, 돼지, 소)",-3:-5,-1
2025-05-06 14:24:00,35.94816,127.020546,춘포면 신동리,3,"가축 분뇨 냄새(닭, 돼지, 소)",6:-2,-1
2025-05-06 18:31:00,35.948196,127.02064,춘포면 신동리,5,"가축 분뇨 냄새(닭, 돼지, 소)",6:-2,-1
2025-05-06 18:57:00,35.94737,127.021645,춘포면 신동리,5,"가축 분뇨 냄새(닭, 돼지, 소)",6:-3,-1
2025-05-07 20:15:00,35.94736,127.02165,춘포면 신동리,3,"가축 분뇨 냄새(닭, 돼지, 소)",6:-3,-1
2025-05-07 20:18:00,35.94816,127.02053,춘포면 신동리,5,"가축 분뇨 냄새(닭, 돼지, 소)",6:-2,-1
2025-05-07 21:01:00,35.956326,126.98583,부송동,5,"공장 냄새(화학약품, 매캐함)",0:-1,-1
2025-05-08 10:00:00,35.933144,127.05637,왕궁면 쌍제리,4,"가축 분뇨 냄새(닭, 돼지, 소)",13:-6,-1
2025-05-09 17:45:00,35.930668,126.87727,오산면 신지리,4,"가축 분뇨 냄새(닭, 돼지, 소)",-20:-6,-1
2025-05-09 18:26:00,35.95266,127.010864,팔봉동,2,"공장 냄새(화학약품, 매캐함)",4:-1,-1
2025-05-10 14:55:00,35.913616,126.860535,오산면 신지리,4,기타,-23:-10,-1
2025-05-11 10:10:00,35.94734,127.02139,춘포면 신동리,4,"가축 분뇨 냄새(닭, 돼지, 소)",6:-3,-1
2025-05-11 14:28:00,35.968845,127.090294,왕궁면 흥암리,3,"가축 분뇨 냄새(닭, 돼지, 소)",19:2,-1
2025-05-11 22:24:00,35.92696,126.96117,동산동,5,"가축 분뇨 냄새(닭, 돼지, 소)",-5:-7,-1
2025-05-11 22:38:00,35.95673,126.99763,부송동,5,"가축 분뇨 냄새(닭, 돼지, 소)",2:0,-1
2025-05-11 22:43:00,35.91338,126.86172,오산면 신지리,4,"가축 분뇨 냄새(닭, 돼지, 소)",-23:-10,-1
2025-05-11 22:56:00,35.956417,126.99478,부송동,5,"가축 분뇨 냄새(닭, 돼지, 소)",1:-1,-1
2025-05-11 23:05:00,35.95604,126.9961,부송동,4,"가축 분뇨 냄새(닭, 돼지, 소)",2:-1,-1
2025-05-12 01:00:00,35.95629,126.988045,부송동,2,"가축 분뇨 냄새(닭, 돼지, 소)",0:-1,-1
2025-05-12 20:26:00,35.968754,127.09024,왕궁면 흥암리,4,"가축 분뇨 냄새(닭, 돼지, 소)",19:2,-1
2025-05-12 21:38:00,35.94332,126.96996,신흥동,4,"가축 분뇨 냄새(닭, 돼지, 소)",-3:-3,-1
2025-05-12 21:42:00,35.940125,126.96461,마동,4,"가축 분뇨 냄새(닭, 돼지, 소)",-4:-4,-1
2025-05-13 19:44:00,35.948147,127.020546,춘포면 신동리,5,"가축 분뇨 냄새(닭, 돼지, 소)",6:-2,-1
2025-05-13 21:12:00,35.969494,127.090126,왕궁면 흥암리,5,"가축 분뇨 냄새(닭, 돼지, 소)",19:2,-1
2025-05-13 21:45:00,35.9373,126.971535,마동,2,"가축 분뇨 냄새(닭, 돼지, 소)",-3:-5,-1
2025-05-14 00:02:00,35.96458,127.01553,팔봉동,2,기타,5:1,-1
2025-05-14 18:26:00,35.99721,126.94815,황등면 황등리,4,"가축 분뇨 냄새(닭, 돼지, 소)",-7:8,-1
2025-05-14 19:08:00,35.969154,127.090744,왕궁면 흥암리,4,"가축 분뇨 냄새(닭, 돼지, 소)",19:2,-1
2025-05-14 19:54:00,35.9425,126.99809,용제동,3,"가축 분뇨 냄새(닭, 돼지, 소)",2:-4,-1
2025-05-14 20:06:00,35.956688,126.99751,부송동,3,"가축 분뇨 냄새(닭, 돼지, 소)",2:0,-1
2025-05-14 21:53:00,35.94194,126.92982,송학동,5,"가축 분뇨 냄새(닭, 돼지, 소)",-10:-4,-1
2025-05-14 21:56:00,35.943478,126.9303,송학동,4,"가축 분뇨 냄새(닭, 돼지, 소)",-10:-3,-1
2025-05-15 06:47:00,35.94814,127.020546,춘포면 신동리,5,"가축 분뇨 냄새(닭, 돼지, 소)",6:-2,-1
2025-05-15 20:08:00,35.947754,127.02019,춘포면 신동리,5,"가축 분뇨 냄새(닭, 돼지, 소)",6:-2,-1
2025-05-16 00:15:00,35.969376,127.090744,왕궁면 흥암리,5,기타,19:2,-1
2025-05-16 12:09:00,35.948074,127.02073,춘포면 신동리,4,"가축 분뇨 냄새(닭, 돼지, 소)",6:-2,-1
2025-05-16 17:09:00,35.937267,126.971596,마동,4,"공장 냄새(화학약품, 매캐함)",-3:-5,-1
2025-05-18 16:09:00,36.110985,126.9859,용동면 용성리,4,"가축 분뇨 냄새(닭, 돼지, 소)",0:34,-1
2025-05-19 07:37:00,35.94807,127.020615,춘포면 신동리,5,"가축 분뇨 냄새(닭, 돼지, 소)",6:-2,-1
2025-05-19 21:29:00,35.95947,127.00631,팔봉동,2,"가축 분뇨 냄새(닭, 돼지, 소)",3:0,-1
2025-05-19 21:40:00,35.969482,127.09016,왕궁면 흥암리,3,"가축 분뇨 냄새(닭, 돼지, 소)",19:2,-1
2025-05-20 07:28:00,35.913425,126.86164,오산면 신지리,2,"가축 분뇨 냄새(닭, 돼지, 소)",-23:-10,-1
2025-05-20 19:55:00,35.997112,126.94826,황등면 황등리,5,"가축 분뇨 냄새(닭, 돼지, 소)",-7:8,-1
2025-05-20 20:19:00,35.947342,127.021675,춘포면 신동리,3,"가축 분뇨 냄새(닭, 돼지, 소)",6:-3,-1
2025-05-20 20:23:00,35.94814,127.02073,춘포면 신동리,5,"가축 분뇨 냄새(닭, 돼지, 소)",6:-2,-1
2025-05-20 20:29:00,35.965096,127.01829,팔봉동,2,소각 냄새(태우는 냄새),6:1,-1
2025-05-20 20:36:00,35.964825,127.015976,팔봉동,3,"가축 분뇨 냄새(닭, 돼지, 소)",5:1,-1
2025-05-20 21:12:00,35.940514,126.9669,마동,3,"가축 분뇨 냄새(닭, 돼지, 소)",-4:-4,-1
2025-05-20 21:14:00,35.96918,127.09004,왕궁면 흥암리,3,"가축 분뇨 냄새(닭, 돼지, 소)",19:2,-1
2025-05-20 21:18:00,35.93615,126.96938,마동,4,"가축 분뇨 냄새(닭, 돼지, 소)",-3:-5,-1
2025-05-20 21:32:00,35.937267,126.971596,마동,3,"가축 분뇨 냄새(닭, 돼지, 소)",-3:-5,-1
2025-05-20 21:42:00,35.940247,126.95386,창인동1가,5,"가축 분뇨 냄새(닭, 돼지, 소)",-6:-4,-1
2025-05-20 22:26:00,35.946503,126.95711,남중동,4,소각 냄새(태우는 냄새),-5:-3,-1
2025-05-20 23:39:00,35.997585,127.0641,금마면 동고도리,5,"가축 분뇨 냄새(닭, 돼지, 소)",14:9,-1
2025-05-21 06:36:00,35.92314,127.06549,왕궁면 온수리,4,"가축 분뇨 냄새(닭, 돼지, 소)",14:-8,-1
2025-05-21 07:01:00,35.913425,126.86164,오산면 신지리,3,"가축 분뇨 냄새(닭, 돼지, 소)",-23:-10,-1
2025-05-21 20:50:00,35.94832,127.02073,춘포면 신동리,5,"가축 분뇨 냄새(닭, 돼지, 소)",6:-2,-1
2025-05-21 21:19:00,35.99703,126.94862,황등면 황등리,5,"가축 분뇨 냄새(닭, 돼지, 소)",-7:8,-1
2025-05-22 00:42:00,35.927048,126.95483,인화동2가,5,"가축 분뇨 냄새(닭, 돼지, 소)",-6:-7,-1
2025-05-22 05:58:00,35.947357,127.02165,춘포면 신동리,3,"가축 분뇨 냄새(닭, 돼지, 소)",6:-3,-1
2025-05-22 18:56:00,35.948185,127.02058,춘포면 신동리,5,"가축 분뇨 냄새(닭, 돼지, 소)",6:-2,-1
2025-05-22 19:01:00,35.948162,127.02069,춘포면 신동리,5,"가축 분뇨 냄새(닭, 돼지, 소)",6:-2,-1
2025-05-23 12:12:00,35.923374,127.0656,왕궁면 온수리,3,"가축 분뇨 냄새(닭, 돼지, 소)",14:-8,-1
2025-05-23 20:58:00,35.969563,127.090645,왕궁면 흥암리,5,기타,19:2,-1
2025-05-23 21:57:00,35.93725,126.97159,마동,4,"공장 냄새(화학약품, 매캐함)",-3:-5,-1
2025-05-25 21:54:00,35.99704,126.94861,황등면 황등리,5,"공장 냄새(화학약품, 매캐함)",-7:8,-1
2025-05-26 19:34:00,35.997032,126.9486,황등면 황등리,5,"가축 분뇨 냄새(닭, 돼지, 소)",-7:8,-1
2025-05-27 00:40:00,35.95395,126.98399,어양동,4,"가축 분뇨 냄새(닭, 돼지, 소)",-1:-1,-1
2025-05-27 02:26:00,35.959873,126.99983,부송동,4,"공장 냄새(화학약품, 매캐함)",2:0,-1
2025-05-27 07:13:00,35.95606,126.99523,부송동,5,"공장 냄새(화학약품, 매캐함)",1:-1,-1
2025-05-27 20:27:00,35.9474,127.0215,춘포면 신동리,3,"가축 분뇨 냄새(닭, 돼지, 소)",6:-3,-1
2025-05-27 21:45:00,35.94814,127.02059,춘포면 신동리,5,"가축 분뇨 냄새(닭, 돼지, 소)",6:-2,-1
2025-05-27 22:00:00,35.94813,127.02058,춘포면 신동리,5,"가축 분뇨 냄새(닭, 돼지, 소)",6:-2,-1
2025-05-28 23:29:00,35.96948,127.09068,왕궁면 흥암리,3,기타,19:2,-1
2025-05-29 00:04:00,35.968487,127.091484,왕궁면 흥암리,5,"가축 분뇨 냄새(닭, 돼지, 소)",19:2,-1
2025-05-29 04:45:00,35.937233,126.971596,마동,5,"공장 냄새(화학약품, 매캐함)",-3:-5,-1
2025-05-29 21:34:00,35.964573,127.01553,팔봉동,3,"공장 냄새(화학약품, 매캐함)",5:1,-1
2025-05-30 16:20:00,35.933285,127.055984,왕궁면 쌍제리,4,"가축 분뇨 냄새(닭, 돼지, 소)",12:-6,-1
2025-05-30 19:43:00,35.948055,127.02071,춘포면 신동리,5,"가축 분뇨 냄새(닭, 돼지, 소)",6:-2,-1
2025-05-30 19:53:00,35.9483,127.020676,춘포면 신동리,5,"가축 분뇨 냄새(닭, 돼지, 소)",6:-2,-1
2025-05-30 21:50:00,36.000515,126.92117,황등면 신기리,5,"가축 분뇨 냄새(닭, 돼지, 소)",-12:9,-1
2025-05-31 00:30:00,35.926872,126.95475,인화동2가,5,"가축 분뇨 냄새(닭, 돼지, 소)",-6:-7,-1
2025-05-31 01:25:00,35.940083,126.92941,송학동,4,"가축 분뇨 냄새(닭, 돼지, 소)",-10:-4,-1
2025-06-01 02:01:00,35.95481,126.98028,어양동,5,"가축 분뇨 냄새(닭, 돼지, 소)",-1:-1,-1
2025-06-01 02:05:00,35.94977,126.94651,모현동1가,3,"가축 분뇨 냄새(닭, 돼지, 소)",-7:-2,-1
2025-06-01 02:09:00,35.927628,126.95753,동산동,4,"가축 분뇨 냄새(닭, 돼지, 소)",-5:-7,-1
2025-06-01 02:09:00,35.92703,126.954796,인화동2가,5,"가축 분뇨 냄새(닭, 돼지, 소)",-6:-7,-1
2025-06-03 01:13:00,35.969093,127.09135,왕궁면 흥암리,3,기타,19:2,-1
2025-06-03 22:32:00,35.94813,127.02056,춘포면 신동리,5,"가축 분뇨 냄새(닭, 돼지, 소)",6:-2,-1
2025-06-03 22:38:00,35.948296,127.020676,춘포면 신동리,5,"가축 분뇨 냄새(닭, 돼지, 소)",6:-2,-1
2025-06-04 02:42:00,35.9311,126.970024,동산동,5,"가축 분뇨 냄새(닭, 돼지, 소)",-3:-6,-1
2025-06-04 02:48:00,35.94755,126.96833,영등동,4,"공장 냄새(화학약품, 매캐함)",-3:-2,-1
2025-06-04 03:45:00,35.934597,126.94629,평화동,4,"가축 분뇨 냄새(닭, 돼지, 소)",-7:-5,-1
2025-06-04 22:09:00,35.9695,127.090065,왕궁면 흥암리,4,"가축 분뇨 냄새(닭, 돼지, 소)",19:2,-1
2025-06-04 22:54:00,36.000507,126.92119,황등면 신기리,5,"가축 분뇨 냄새(닭, 돼지, 소)",-12:9,-1
2025-06-05 22:37:00,35.968704,127.0913,왕궁면 흥암리,5,"가축 분뇨 냄새(닭, 돼지, 소)",19:2,-1
2025-06-05 22:47:00,35.968708,127.09147,왕궁면 흥암리,5,"가축 분뇨 냄새(닭, 돼지, 소)",19:2,-1
2025-06-05 23:05:00,35.943897,126.96957,마동,5,"가축 분뇨 냄새(닭, 돼지, 소)",-3:-3,-1
2025-06-05 23:08:00,35.926964,126.96122,동산동,4,"가축 분뇨 냄새(닭, 돼지, 소)",-5:-7,-1
2025-06-05 23:20:00,35.969456,127.09057,왕궁면 흥암리,5,기타,19:2,-1
2025-06-05 23:23:00,35.93459,126.946304,평화동,4,"가축 분뇨 냄새(닭, 돼지, 소)",-7:-5,-1
2025-06-06 00:04:00,35.96905,127.09138,왕궁면 흥암리,5,소각 냄새(태우는 냄새),19:2,-1
2025-06-06 09:11:00,35.9438,127.02078,춘포면 신동리,4,"가축 분뇨 냄새(닭, 돼지, 소)",6:-3,-1
2025-06-06 11:36:00,35.9646,127.015564,팔봉동,3,"가축 분뇨 냄새(닭, 돼지, 소)",5:1,-1
2025-06-06 18:47:00,35.997063,126.94867,황등면 황등리,5,"가축 분뇨 냄새(닭, 돼지, 소)",-7:8,-1
2025-06-06 20:25:00,35.948067,127.020515,춘포면 신동리,5,"가축 분뇨 냄새(닭, 돼지, 소)",6:-2,-1
2025-06-06 20:28:00,35.948143,127.02056,춘포면 신동리,3,"가축 분뇨 냄새(닭, 돼지, 소)",6:-2,-1
2025-06-06 20:30:00,36.118156,126.98759,용동면 용성리,4,"가축 분뇨 냄새(닭, 돼지, 소)",0:35,-1
2025-06-06 20:35:00,35.94808,127.020645,춘포면 신동리,5,"가축 분뇨 냄새(닭, 돼지, 소)",6:-2,-1
2025-06-06 20:37:00,35.94814,127.02056,춘포면 신동리,5,"가축 분뇨 냄새(닭, 돼지, 소)",6:-2,-1
2025-06-06 21:34:00,35.936176,126.9693,마동,4,"가축 분뇨 냄새(닭, 돼지, 소)",-3:-5,299
2025-06-06 21:35:00,35.93432,126.97151,마동,5,"가축 분뇨 냄새(닭, 돼지, 소)",-3:-5,299
2025-06-06 21:36:00,35.939842,126.96503,마동,5,"가축 분뇨 냄새(닭, 돼지, 소)",-4:-4,299
2025-06-06 21:37:00,35.937298,126.97158,마동,4,"가축 분뇨 냄새(닭, 돼지, 소)",-3:-5,299
2025-06-06 21:40:00,35.940495,126.9671,마동,5,"가축 분뇨 냄새(닭, 돼지, 소)",-4:-4,299
2025-06-06 21:40:00,35.934364,126.972244,마동,5,하수구 냄새,-3:-5,299
2025-06-06 21:40:00,35.93614,126.97103,마동,4,"가축 분뇨 냄새(닭, 돼지, 소)",-3:-5,299
2025-06-06 21:42:00,35.935654,126.97233,마동,5,"가축 분뇨 냄새(닭, 돼지, 소)",-3:-5,299
2025-06-06 21:45:00,35.93462,126.97197,마동,5,"가축 분뇨 냄새(닭, 돼지, 소)",-3:-5,299
2025-06-06 21:46:00,35.936275,126.97143,마동,4,"가축 분뇨 냄새(닭, 돼지, 소)",-3:-5,299
2025-06-06 21:46:00,35.935734,126.972496,마동,4,"가축 분뇨 냄새(닭, 돼지, 소)",-3:-5,299
2025-06-06 21:49:00,35.936573,126.97005,마동,4,"가축 분뇨 냄새(닭, 돼지, 소)",-3:-5,299
2025-06-06 21:51:00,35.934147,126.97176,마동,5,"가축 분뇨 냄새(닭, 돼지, 소)",-3:-5,299
2025-06-06 21:52:00,35.934303,126.972496,금강동,5,하수구 냄새,-3:-5,299
2025-06-06 21:53:00,35.93387,126.97174,동산동,5,"가축 분뇨 냄새(닭, 돼지, 소)",-3:-6,299
2025-06-06 21:56:00,35.9343,126.97164,마동,5,"가축 분뇨 냄새(닭, 돼지, 소)",-3:-5,299
2025-06-06 21:59:00,35.936485,126.97206,마동,5,"가축 분뇨 냄새(닭, 돼지, 소)",-3:-5,299
2025-06-06 22:00:00,35.935955,126.97037,마동,5,하수구 냄새,-3:-5,299
2025-06-06 22:03:00,35.934483,126.97218,마동,5,"가축 분뇨 냄새(닭, 돼지, 소)",-3:-5,299
2025-06-06 22:10:00,35.934887,126.97344,금강동,5,"가축 분뇨 냄새(닭, 돼지, 소)",-2:-5,299
2025-06-06 22:16:00,35.935116,126.97324,마동,5,"가축 분뇨 냄새(닭, 돼지, 소)",-2:-5,299
2025-06-06 22:27:00,35.966038,126.986725,부송동,5,소각 냄새(태우는 냄새),0:2,-1
2025-06-06 23:03:00,35.934155,126.971756,마동,3,"가축 분뇨 냄새(닭, 돼지, 소)",-3:-5,299
2025-06-07 03:14:00,35.93348,126.97262,금강동,5,"공장 냄새(화학약품, 매캐함)",-3:-6,-1
2025-06-07 07:31:00,35.93729,126.97157,마동,5,"공장 냄새(화학약품, 매캐함)",-3:-5,-1
2025-06-08 00:39:00,35.96843,127.091354,왕궁면 흥암리,4,"가축 분뇨 냄새(닭, 돼지, 소)",19:2,-1
2025-06-08 03:30:00,35.93729,126.97157,마동,3,"공장 냄새(화학약품, 매캐함)",-3:-5,-1
2025-06-08 07:02:00,35.913425,126.86164,오산면 신지리,2,"가축 분뇨 냄새(닭, 돼지, 소)",-23:-10,-1
2025-06-09 07:37:00,35.937298,126.97159,마동,4,"공장 냄새(화학약품, 매캐함)",-3:-5,-1
2025-06-09 13:27:00,35.93469,126.94643,평화동,4,하수구 냄새,-7:-5,-1
2025-06-09 20:57:00,36.000565,126.92108,황등면 신기리,5,"가축 분뇨 냄새(닭, 돼지, 소)",-12:9,-1
2025-06-10 00:46:00,35.968452,127.09136,왕궁면 흥암리,3,"가축 분뇨 냄새(닭, 돼지, 소)",19:2,-1
2025-06-10 07:57:00,35.94809,127.020615,춘포면 신동리,4,"가축 분뇨 냄새(닭, 돼지, 소)",6:-2,-1
2025-06-11 20:42:00,35.96942,127.09059,왕궁면 흥암리,4,"가축 분뇨 냄새(닭, 돼지, 소)",19:2,-1
2025-06-11 20:45:00,35.945637,127.02169,춘포면 신동리,3,"가축 분뇨 냄새(닭, 돼지, 소)",6:-3,-1
2025-06-11 23:18:00,35.964577,127.01554,팔봉동,4,"공장 냄새(화학약품, 매캐함)",5:1,-1
2025-06-12 20:28:00,36.00051,126.92118,황등면 신기리,5,"가축 분뇨 냄새(닭, 돼지, 소)",-12:9,-1
2025-06-12 20:29:00,36.00056,126.92103,황등면 신기리,5,"가축 분뇨 냄새(닭, 돼지, 소)",-12:9,-1
2025-06-12 21:48:00,35.9686,127.09032,왕궁면 흥암리,5,소각 냄새(태우는 냄새),19:2,-1
2025-06-12 23:01:00,35.9688,127.090164,왕궁면 흥암리,5,소각 냄새(태우는 냄새),19:2,-1
2025-06-13 07:11:00,35.968655,127.091446,왕궁면 흥암리,4,하수구 냄새,19:2,-1
2025-06-13 15:52:00,35.9299,126.958855,동산동,5,"공장 냄새(화학약품, 매캐함)",-5:-6,-1
2025-06-13 20:53:00,35.913425,126.86164,오산면 신지리,4,"가축 분뇨 냄새(닭, 돼지, 소)",-23:-10,-1
2025-06-13 22:53:00,35.960327,126.98524,어양동,5,"공장 냄새(화학약품, 매캐함)",0:0,-1
2025-06-14 07:01:00,35.937305,126.971565,마동,4,"공장 냄새(화학약품, 매캐함)",-3:-5,-1
2025-06-16 21:31:00,35.969215,127.09009,왕궁면 흥암리,4,"가축 분뇨 냄새(닭, 돼지, 소)",19:2,-1
2025-06-16 21:31:00,35.96922,127.09008,왕궁면 흥암리,3,"가축 분뇨 냄새(닭, 돼지, 소)",19:2,-1
2025-06-17 21:47:00,35.948143,127.02053,춘포면 신동리,5,"가축 분뇨 냄새(닭, 돼지, 소)",6:-2,-1
2025-06-18 05:09:00,35.947403,127.02148,춘포면 신동리,5,"가축 분뇨 냄새(닭, 돼지, 소)",6:-3,-1
2025-06-18 23:38:00,35.956593,126.99802,부송동,4,"공장 냄새(화학약품, 매캐함)",2:0,-1
2025-06-19 00:17:00,35.968502,127.091354,왕궁면 흥암리,2,"가축 분뇨 냄새(닭, 돼지, 소)",19:2,-1
2025-06-19 04:16:00,35.93732,126.97155,마동,4,"공장 냄새(화학약품, 매캐함)",-3:-5,-1
2025-06-19 05:00:00,35.956585,126.99464,부송동,3,"공장 냄새(화학약품, 매캐함)",1:0,-1
2025-06-19 06:20:00,35.956593,126.99802,부송동,5,"가축 분뇨 냄새(닭, 돼지, 소)",2:0,-1
2025-06-19 14:52:00,35.94811,127.02061,춘포면 신동리,5,"가축 분뇨 냄새(닭, 돼지, 소)",6:-2,-1
2025-06-19 23:48:00,35.946712,126.946625,모현동1가,3,"가축 분뇨 냄새(닭, 돼지, 소)",-7:-3,-1
2025-06-19 23:58:00,35.945778,126.946266,모현동1가,5,"가축 분뇨 냄새(닭, 돼지, 소)",-7:-3,-1
2025-06-20 00:07:00,35.93186,126.954636,인화동2가,4,"가축 분뇨 냄새(닭, 돼지, 소)",-6:-6,-1
2025-06-20 00:26:00,35.944817,126.94501,모현동1가,4,"가축 분뇨 냄새(닭, 돼지, 소)",-8:-3,-1
2025-06-20 00:32:00,35.945744,126.96227,마동,5,"가축 분뇨 냄새(닭, 돼지, 소)",-4:-3,-1
2025-06-20 00:32:00,35.935158,126.97097,마동,4,"가축 분뇨 냄새(닭, 돼지, 소)",-3:-5,-1
2025-06-20 00:34:00,35.934563,126.972206,마동,4,"가축 분뇨 냄새(닭, 돼지, 소)",-3:-5,-1
2025-06-20 00:40:00,35.94007,126.96501,마동,4,"가축 분뇨 냄새(닭, 돼지, 소)",-4:-4,-1
2025-06-20 07:31:00,35.939915,126.94654,창인동2가,4,"가축 분뇨 냄새(닭, 돼지, 소)",-7:-4,-1
2025-06-20 08:19:00,35.94431,126.930466,송학동,3,"가축 분뇨 냄새(닭, 돼지, 소)",-10:-3,-1
2025-06-20 08:27:00,35.932674,126.87979,오산면 신지리,5,"가축 분뇨 냄새(닭, 돼지, 소)",-19:-6,-1
2025-06-20 10:01:00,35.947876,126.93297,오산면 장신리,5,"가축 분뇨 냄새(닭, 돼지, 소)",-10:-2,-1
2025-06-20 11:54:00,35.937077,126.970856,마동,5,"가축 분뇨 냄새(닭, 돼지, 소)",-3:-5,-1
2025-06-20 12:10:00,35.937317,126.97154,마동,4,"가축 분뇨 냄새(닭, 돼지, 소)",-3:-5,-1
2025-06-20 12:14:00,35.93446,126.97227,마동,5,"가축 분뇨 냄새(닭, 돼지, 소)",-3:-5,-1
2025-06-20 14:27:00,35.964573,127.01553,팔봉동,3,"공장 냄새(화학약품, 매캐함)",5:1,-1
2025-06-20 14:43:00,35.948143,127.02056,춘포면 신동리,5,"가축 분뇨 냄새(닭, 돼지, 소)",6:-2,-1
2025-06-20 20:51:00,35.947407,127.02135,춘포면 신동리,4,"가축 분뇨 냄새(닭, 돼지, 소)",6:-3,-1
2025-06-21 20:11:00,35.937317,126.97155,마동,4,"공장 냄새(화학약품, 매캐함)",-3:-5,-1
2025-06-21 20:59:00,35.96909,127.0898,왕궁면 흥암리,4,"가축 분뇨 냄새(닭, 돼지, 소)",19:2,-1
2025-06-23 00:32:00,35.93427,126.972404,금강동,5,"가축 분뇨 냄새(닭, 돼지, 소)",-3:-5,-1
2025-06-23 01:18:00,35.938675,126.92856,송학동,4,"가축 분뇨 냄새(닭, 돼지, 소)",-11:-4,-1
2025-06-23 04:39:00,35.95441,126.98634,어양동,4,하수구 냄새,0:-1,-1
2025-06-23 23:41:00,35.96873,127.09044,왕궁면 흥암리,4,"가축 분뇨 냄새(닭, 돼지, 소)",19:2,-1
2025-06-23 23:48:00,35.96853,127.09142,왕궁면 흥암리,4,"가축 분뇨 냄새(닭, 돼지, 소)",19:2,-1
2025-06-24 06:30:00,35.934227,126.97149,마동,3,"공장 냄새(화학약품, 매캐함)",-3:-5,-1
2025-06-24 08:28:00,35.93732,126.97155,마동,3,"공장 냄새(화학약품, 매캐함)",-3:-5,-1
2025-06-24 12:45:00,35.934612,126.94633,평화동,4,"가축 분뇨 냄새(닭, 돼지, 소)",-7:-5,-1
2025-06-24 17:58:00,35.96952,127.090576,왕궁면 흥암리,5,기타,19:2,-1
2025-06-24 18:59:00,35.96829,127.09091,왕궁면 흥암리,4,"공장 냄새(화학약품, 매캐함)",19:2,-1
2025-06-25 16:23:00,36.0005,126.92124,황등면 신기리,4,"가축 분뇨 냄새(닭, 돼지, 소)",-12:9,-1
2025-06-27 20:54:00,35.94736,127.02151,춘포면 신동리,3,"가축 분뇨 냄새(닭, 돼지, 소)",6:-3,-1
2025-06-27 20:54:00,35.948147,127.02057,춘포면 신동리,5,"가축 분뇨 냄새(닭, 돼지, 소)",6:-2,-1
2025-06-27 20:56:00,35.948124,127.0206,춘포면 신동리,5,"가축 분뇨 냄새(닭, 돼지, 소)",6:-2,-1
2025-06-29 05:13:00,35.948124,127.020584,춘포면 신동리,5,"가축 분뇨 냄새(닭, 돼지, 소)",6:-2,-1
2025-06-29 06:08:00,35.91338,126.861694,오산면 신지리,4,"가축 분뇨 냄새(닭, 돼지, 소)",-23:-10,-1
2025-06-29 06:08:00,35.91338,126.861694,오산면 신지리,4,"가축 분뇨 냄새(닭, 돼지, 소)",-23:-10,-1
2025-06-29 06:08:00,35.91338,126.861694,오산면 신지리,4,"가축 분뇨 냄새(닭, 돼지, 소)",-23:-10,-1
2025-06-29 06:08:00,35.91338,126.861694,오산면 신지리,4,"가축 분뇨 냄새(닭, 돼지, 소)",-23:-10,-1
2025-06-29 06:19:00,35.943058,126.95823,마동,5,기타,-5:-3,-1
2025-06-29 06:20:00,35.95695,126.96234,신동,3,"가축 분뇨 냄새(닭, 돼지, 소)",-4:0,-1
2025-06-29 20:42:00,36.11094,126.98614,용동면 용성리,4,"가축 분뇨 냄새(닭, 돼지, 소)",0:34,-1
2025-06-29 22:30:00,35.968433,127.0914,왕궁면 흥암리,5,"가축 분뇨 냄새(닭, 돼지, 소)",19:2,-1
2025-06-29 22:56:00,35.93529,126.94617,평화동,5,"가축 분뇨 냄새(닭, 돼지, 소)",-7:-5,-1
2025-06-29 22:58:00,35.934624,126.94632,평화동,4,하수구 냄새,-7:-5,-1
2025-06-29 23:07:00,35.944366,126.930504,송학동,4,"가축 분뇨 냄새(닭, 돼지, 소)",-10:-3,-1
2025-06-29 23:07:00,35.944355,126.930504,송학동,4,"가축 분뇨 냄새(닭, 돼지, 소)",-10:-3,-1
2025-06-29 23:13:00,35.957394,126.961716,신동,2,"가축 분뇨 냄새(닭, 돼지, 소)",-5:0,-1
2025-06-29 23:36:00,35.935432,126.97123,마동,5,"가축 분뇨 냄새(닭, 돼지, 소)",-3:-5,-1
2025-06-29 23:44:00,36.10238,126.96607,용안면 송산리,3,"가축 분뇨 냄새(닭, 돼지, 소)",-4:32,-1
2025-06-29 23:53:00,36.09771,126.980804,용동면 화실리,4,"가축 분뇨 냄새(닭, 돼지, 소)",-1:31,-1
2025-06-30 00:18:00,35.934277,126.97149,마동,3,"가축 분뇨 냄새(닭, 돼지, 소)",-3:-5,-1
2025-06-30 02:42:00,35.934185,126.94654,평화동,2,"가축 분뇨 냄새(닭, 돼지, 소)",-7:-5,-1
2025-06-30 03:10:00,35.947548,126.96838,영등동,4,"가축 분뇨 냄새(닭, 돼지, 소)",-3:-2,-1
2025-06-30 03:37:00,35.956467,126.996826,부송동,3,"공장 냄새(화학약품, 매캐함)",2:-1,-1
2025-06-30 05:38:00,35.956024,126.995384,부송동,3,"공장 냄새(화학약품, 매캐함)",2:-1,-1
2025-06-30 23:12:00,35.96847,127.09137,왕궁면 흥암리,4,"가축 분뇨 냄새(닭, 돼지, 소)",19:2,-1
2025-07-01 00:55:00,35.944454,126.93046,송학동,4,"가축 분뇨 냄새(닭, 돼지, 소)",-10:-3,-1
2025-07-01 04:34:00,35.957542,126.99955,부송동,3,"공장 냄새(화학약품, 매캐함)",2:0,-1
2025-07-01 05:38:00,35.934624,126.94632,평화동,4,하수구 냄새,-7:-5,-1
2025-07-01 05:57:00,35.91342,126.86166,오산면 신지리,3,"가축 분뇨 냄새(닭, 돼지, 소)",-23:-10,-1
2025-07-01 06:37:00,35.94739,127.02147,춘포면 신동리,4,"가축 분뇨 냄새(닭, 돼지, 소)",6:-3,-1
2025-07-02 00:24:00,35.92843,126.963875,동산동,3,"가축 분뇨 냄새(닭, 돼지, 소)",-4:-7,-1
2025-07-02 01:04:00,35.968338,127.09037,왕궁면 흥암리,5,"가축 분뇨 냄새(닭, 돼지, 소)",19:2,-1
2025-07-02 01:14:00,35.956963,126.962364,신동,3,"공장 냄새(화학약품, 매캐함)",-4:0,-1
2025-07-02 02:29:00,35.957115,126.980644,어양동,4,"가축 분뇨 냄새(닭, 돼지, 소)",-1:0,-1
2025-07-02 03:14:00,35.93423,126.94655,평화동,3,"가축 분뇨 냄새(닭, 돼지, 소)",-7:-5,-1
2025-07-02 03:59:00,35.94681,126.9467,모현동1가,4,"가축 분뇨 냄새(닭, 돼지, 소)",-7:-3,-1
2025-07-02 23:19:00,35.96916,127.09182,왕궁면 흥암리,4,"가축 분뇨 냄새(닭, 돼지, 소)",19:2,-1
2025-07-04 06:11:00,35.91271,126.861755,오산면 신지리,3,"가축 분뇨 냄새(닭, 돼지, 소)",-23:-10,-1
2025-07-04 17:32:00,35.963474,126.99345,부송동,3,하수구 냄새,1:1,-1
2025-07-04 21:49:00,35.956963,126.96235,신동,2,기타,-4:0,-1
2025-07-04 23:13:00,35.935215,126.94621,평화동,2,"가축 분뇨 냄새(닭, 돼지, 소)",-7:-5,-1
2025-07-05 00:27:00,35.9347,126.94643,평화동,2,"가축 분뇨 냄새(닭, 돼지, 소)",-7:-5,-1
2025-07-05 03:14:00,35.92835,126.963806,동산동,4,"가축 분뇨 냄새(닭, 돼지, 소)",-4:-7,-1
2025-07-05 03:39:00,35.934216,126.94654,평화동,3,"가축 분뇨 냄새(닭, 돼지, 소)",-7:-5,-1
2025-07-05 03:40:00,35.940308,126.95141,창인동1가,5,"가축 분뇨 냄새(닭, 돼지, 소)",-6:-4,-1
2025-07-05 06:21:00,35.935207,126.94622,평화동,3,"가축 분뇨 냄새(닭, 돼지, 소)",-7:-5,-1
2025-07-05 06:49:00,35.935863,126.970985,마동,3,"가축 분뇨 냄새(닭, 돼지, 소)",-3:-5,-1
2025-07-05 07:03:00,35.930984,126.95908,동산동,5,"공장 냄새(화학약품, 매캐함)",-5:-6,-1
2025-07-05 21:24:00,35.99704,126.94861,황등면 황등리,5,"가축 분뇨 냄새(닭, 돼지, 소)",-7:8,-1
2025-07-05 21:32:00,35.997913,126.9451,황등면 황등리,5,"가축 분뇨 냄새(닭, 돼지, 소)",-8:9,-1
2025-07-06 01:56:00,35.95674,126.99866,부송동,4,"가축 분뇨 냄새(닭, 돼지, 소)",2:0,-1
2025-07-06 02:18:00,35.94813,127.020584,춘포면 신동리,5,"가축 분뇨 냄새(닭, 돼지, 소)",6:-2,-1
2025-07-06 02:31:00,35.93529,126.97184,마동,4,"가축 분뇨 냄새(닭, 돼지, 소)",-3:-5,-1
2025-07-06 05:48:00,35.956814,126.97598,영등동,4,"가축 분뇨 냄새(닭, 돼지, 소)",-2:0,-1
2025-07-06 05:56:00,35.953415,126.98324,어양동,3,"가축 분뇨 냄새(닭, 돼지, 소)",-1:-1,-1
2025-07-06 05:59:00,35.95621,126.996994,부송동,5,"가축 분뇨 냄새(닭, 돼지, 소)",2:-1,-1
2025-07-06 06:16:00,35.962944,126.99113,부송동,4,"가축 분뇨 냄새(닭, 돼지, 소)",1:1,-1
2025-07-06 06:41:00,35.956085,126.99531,부송동,4,"가축 분뇨 냄새(닭, 돼지, 소)",1:-1,-1
2025-07-06 07:23:00,35.91237,126.861305,오산면 신지리,3,"가축 분뇨 냄새(닭, 돼지, 소)",-23:-10,-1
2025-07-06 07:34:00,35.934597,126.94629,평화동,3,"가축 분뇨 냄새(닭, 돼지, 소)",-7:-5,-1
2025-07-07 00:47:00,35.96922,127.09155,왕궁면 흥암리,3,하수구 냄새,19:2,-1
2025-07-07 09:13:00,35.9481,127.0207,춘포면 신동리,4,"가축 분뇨 냄새(닭, 돼지, 소)",6:-2,-1
2025-07-08 05:46:00,35.939865,126.96501,마동,2,"공장 냄새(화학약품, 매캐함)",-4:-4,-1
2025-07-08 15:39:00,35.933002,127.05608,왕궁면 쌍제리,4,"가축 분뇨 냄새(닭, 돼지, 소)",12:-6,-1
2025-07-08 19:11:00,35.96922,127.09155,왕궁면 흥암리,3,"가축 분뇨 냄새(닭, 돼지, 소)",19:2,-1
2025-07-08 20:58:00,35.969215,127.09156,왕궁면 흥암리,4,"가축 분뇨 냄새(닭, 돼지, 소)",19:2,-1
2025-07-08 21:14:00,35.93491,126.97262,마동,4,"가축 분뇨 냄새(닭, 돼지, 소)",-3:-5,-1
2025-07-08 21:38:00,35.953716,126.98424,어양동,4,"가축 분뇨 냄새(닭, 돼지, 소)",0:-1,-1
2025-07-08 21:48:00,35.968422,127.09135,왕궁면 흥암리,4,"가축 분뇨 냄새(닭, 돼지, 소)",19:2,-1
2025-07-08 21:55:00,35.92848,126.96398,동산동,4,"가축 분뇨 냄새(닭, 돼지, 소)",-4:-7,-1
2025-07-08 22:05:00,35.939865,126.96501,마동,4,"가축 분뇨 냄새(닭, 돼지, 소)",-4:-4,-1
2025-07-08 22:09:00,35.96436,126.97383,영등동,4,"가축 분뇨 냄새(닭, 돼지, 소)",-2:1,-1
2025-07-08 22:20:00,35.965496,126.98623,부송동,3,소각 냄새(태우는 냄새),0:1,-1
2025-07-08 23:08:00,35.9599,126.98922,부송동,5,"공장 냄새(화학약품, 매캐함)",0:0,-1
2025-07-09 00:54:00,35.934612,126.9463,평화동,3,"가축 분뇨 냄새(닭, 돼지, 소)",-7:-5,-1
2025-07-09 19:46:00,35.968876,127.09143,왕궁면 흥암리,5,기타,19:2,-1
2025-07-09 20:00:00,35.95308,126.98404,어양동,4,"공장 냄새(화학약품, 매캐함)",-1:-1,-1
2025-07-09 20:04:00,35.913418,126.86168,오산면 신지리,4,"가축 분뇨 냄새(닭, 돼지, 소)",-23:-10,-1
2025-07-09 20:19:00,35.936234,126.972176,마동,4,하수구 냄새,-3:-5,-1
2025-07-09 20:53:00,35.934216,126.97148,마동,3,"공장 냄새(화학약품, 매캐함)",-3:-5,-1
2025-07-10 18:21:00,36.077213,126.95779,함열읍 와리,5,"가축 분뇨 냄새(닭, 돼지, 소)",-5:26,-1
2025-07-10 21:28:00,35.944378,126.96958,마동,2,"공장 냄새(화학약품, 매캐함)",-3:-3,-1
2025-07-11 00:29:00,35.93728,126.971565,마동,3,"공장 냄새(화학약품, 매캐함)",-3:-5,-1
2025-07-11 18:14:00,36.068027,126.98653,낭산면 용기리,5,"가축 분뇨 냄새(닭, 돼지, 소)",0:24,-1
2025-07-11 21:09:00,35.953117,126.98408,어양동,4,"공장 냄새(화학약품, 매캐함)",-1:-1,-1
2025-07-11 21:23:00,35.939865,126.96501,마동,3,"가축 분뇨 냄새(닭, 돼지, 소)",-4:-4,-1
2025-07-11 21:38:00,35.930244,126.956314,인화동2가,3,하수구 냄새,-6:-6,-1
2025-07-11 21:49:00,35.93572,126.97102,마동,4,"가축 분뇨 냄새(닭, 돼지, 소)",-3:-5,-1
2025-07-11 21:50:00,35.9692,127.09158,왕궁면 흥암리,3,하수구 냄새,19:2,-1
2025-07-11 21:57:00,35.9533,126.98463,어양동,4,"가축 분뇨 냄새(닭, 돼지, 소)",0:-1,-1
2025-07-11 22:28:00,35.969772,127.090065,왕궁면 흥암리,3,"가축 분뇨 냄새(닭, 돼지, 소)",19:2,-1
2025-07-11 22:49:00,35.956596,126.99794,부송동,4,"공장 냄새(화학약품, 매캐함)",2:0,-1
2025-07-12 20:25:00,35.99699,126.94816,황등면 황등리,2,"가축 분뇨 냄새(닭, 돼지, 소)",-7:8,-1
2025-07-13 01:53:00,35.969193,127.09159,왕궁면 흥암리,4,하수구 냄새,19:2,-1
2025-07-13 02:51:00,35.93492,126.97254,마동,5,"가축 분뇨 냄새(닭, 돼지, 소)",-3:-5,-1
2025-07-13 05:26:00,35.934605,126.9463,평화동,4,하수구 냄새,-7:-5,-1
2025-07-13 07:06:00,35.93558,126.97092,마동,4,"공장 냄새(화학약품, 매캐함)",-3:-5,-1
2025-07-14 05:58:00,35.95697,126.9623,신동,2,"가축 분뇨 냄새(닭, 돼지, 소)",-4:0,-1
2025-07-14 06:15:00,35.9481,127.0206,춘포면 신동리,5,"가축 분뇨 냄새(닭, 돼지, 소)",6:-2,-1
2025-07-14 06:22:00,35.948112,127.0206,춘포면 신동리,5,"가축 분뇨 냄새(닭, 돼지, 소)",6:-2,-1
2025-07-14 06:35:00,35.95666,126.99671,부송동,5,소각 냄새(태우는 냄새),2:0,-1
2025-07-14 07:09:00,35.934868,126.94654,평화동,3,"가축 분뇨 냄새(닭, 돼지, 소)",-7:-5,-1
2025-07-14 08:11:00,35.964577,127.01554,팔봉동,3,"가축 분뇨 냄새(닭, 돼지, 소)",5:1,-1
2025-07-15 00:49:00,35.969982,127.090996,왕궁면 흥암리,5,"가축 분뇨 냄새(닭, 돼지, 소)",19:2,-1
2025-07-15 18:20:00,35.946747,126.95779,남중동,2,소각 냄새(태우는 냄새),-5:-3,-1
2025-07-15 20:43:00,35.92241,127.06359,왕궁면 온수리,4,"가축 분뇨 냄새(닭, 돼지, 소)",14:-8,-1
2025-07-15 21:52:00,35.93457,126.94637,평화동,3,하수구 냄새,-7:-5,-1
2025-07-15 21:56:00,35.93518,126.94624,평화동,5,"가축 분뇨 냄새(닭, 돼지, 소)",-7:-5,-1
2025-07-15 22:05:00,35.935635,126.97129,마동,4,소각 냄새(태우는 냄새),-3:-5,-1
2025-07-15 22:37:00,35.960464,126.98917,부송동,4,"가축 분뇨 냄새(닭, 돼지, 소)",0:0,-1
2025-07-15 23:03:00,35.955807,126.997406,부송동,5,"가축 분뇨 냄새(닭, 돼지, 소)",2:-1,-1
2025-07-15 23:42:00,35.960094,126.98944,부송동,5,"가축 분뇨 냄새(닭, 돼지, 소)",0:0,-1
2025-07-16 07:12:00,35.913326,126.86162,오산면 신지리,4,"가축 분뇨 냄새(닭, 돼지, 소)",-23:-10,-1
2025-07-16 14:19:00,35.960964,126.99425,부송동,3,"공장 냄새(화학약품, 매캐함)",1:0,-1
2025-07-17 07:04:00,35.935196,126.94621,평화동,3,"가축 분뇨 냄새(닭, 돼지, 소)",-7:-5,-1
2025-07-17 23:50:00,35.93441,126.971535,마동,5,"가축 분뇨 냄새(닭, 돼지, 소)",-3:-5,-1
2025-07-18 16:08:00,35.964542,127.01554,팔봉동,2,"공장 냄새(화학약품, 매캐함)",5:1,-1
2025-07-18 16:57:00,35.93459,126.94637,평화동,3,"가축 분뇨 냄새(닭, 돼지, 소)",-7:-5,-1
2025-07-18 18:08:00,35.935345,126.94881,평화동,3,"가축 분뇨 냄새(닭, 돼지, 소)",-7:-5,-1
2025-07-18 18:44:00,35.93479,126.97097,마동,4,"가축 분뇨 냄새(닭, 돼지, 소)",-3:-5,-1
2025-07-18 19:29:00,35.913414,126.86169,오산면 신지리,4,"가축 분뇨 냄새(닭, 돼지, 소)",-23:-10,-1
2025-07-18 19:29:00,35.913414,126.86169,오산면 신지리,4,"가축 분뇨 냄새(닭, 돼지, 소)",-23:-10,-1
2025-07-18 19:29:00,35.913414,126.86169,오산면 신지리,4,"가축 분뇨 냄새(닭, 돼지, 소)",-23:-10,-1
2025-07-19 12:57:00,35.934956,126.97328,마동,4,"가축 분뇨 냄새(닭, 돼지, 소)",-2:-5,-1
2025-07-19 13:02:00,35.926315,126.95886,동산동,4,"가축 분뇨 냄새(닭, 돼지, 소)",-5:-7,-1
2025-07-19 16:09:00,35.951107,126.98735,어양동,2,"가축 분뇨 냄새(닭, 돼지, 소)",0:-2,-1
2025-07-19 16:30:00,35.948193,127.020325,춘포면 신동리,4,"가축 분뇨 냄새(닭, 돼지, 소)",6:-2,-1
2025-07-19 17:42:00,35.948105,127.02062,춘포면 신동리,5,"가축 분뇨 냄새(닭, 돼지, 소)",6:-2,-1
2025-07-19 18:18:00,35.913326,126.8616,오산면 신지리,4,"가축 분뇨 냄새(닭, 돼지, 소)",-23:-10,-1
2025-07-19 18:53:00,35.9346,126.946365,평화동,3,"가축 분뇨 냄새(닭, 돼지, 소)",-7:-5,-1
2025-07-20 19:23:00,35.928493,126.964,동산동,4,"가축 분뇨 냄새(닭, 돼지, 소)",-4:-7,-1
2025-07-20 19:23:00,35.928493,126.964,동산동,4,"가축 분뇨 냄새(닭, 돼지, 소)",-4:-7,-1
2025-07-20 19:35:00,35.934677,126.9464,평화동,3,"가축 분뇨 냄새(닭, 돼지, 소)",-7:-5,-1
2025-07-20 19:42:00,35.947407,127.0213,춘포면 신동리,5,"가축 분뇨 냄새(닭, 돼지, 소)",6:-3,-1
2025-07-20 19:56:00,35.913414,126.86169,오산면 신지리,4,"가축 분뇨 냄새(닭, 돼지, 소)",-23:-10,-1
2025-07-20 19:59:00,35.94766,127.02152,춘포면 신동리,5,"가축 분뇨 냄새(닭, 돼지, 소)",6:-2,-1
2025-07-20 20:11:00,35.935177,126.946175,평화동,3,"가축 분뇨 냄새(닭, 돼지, 소)",-7:-5,-1
2025-07-20 20:43:00,35.93985,126.96499,마동,5,"가축 분뇨 냄새(닭, 돼지, 소)",-4:-4,-1
2025-07-20 20:44:00,35.946167,126.93408,모현동1가,3,"가축 분뇨 냄새(닭, 돼지, 소)",-10:-3,-1
2025-07-22 02:39:00,35.95861,127.0,부송동,4,"공장 냄새(화학약품, 매캐함)",2:0,-1
2025-07-22 08:03:00,35.969078,127.09024,왕궁면 흥암리,2,기타,19:2,-1
2025-07-22 10:50:00,35.9678,126.95562,신동,4,"공장 냄새(화학약품, 매캐함)",-6:2,-1
2025-07-23 01:09:00,35.934673,126.94641,평화동,5,"가축 분뇨 냄새(닭, 돼지, 소)",-7:-5,-1
2025-07-23 04:30:00,35.93985,126.96499,마동,4,"가축 분뇨 냄새(닭, 돼지, 소)",-4:-4,-1
2025-07-23 04:56:00,35.956818,126.97252,영등동,4,"가축 분뇨 냄새(닭, 돼지, 소)",-3:0,-1
2025-07-23 20:33:00,35.968845,127.09045,왕궁면 흥암리,4,"가축 분뇨 냄새(닭, 돼지, 소)",19:2,-1
2025-07-23 20:33:00,35.9474,127.02145,춘포면 신동리,5,"가축 분뇨 냄새(닭, 돼지, 소)",6:-3,-1
2025-07-23 21:07:00,35.9363,126.97851,금강동,3,소각 냄새(태우는 냄새),-2:-5,-1
2025-07-23 21:22:00,35.95289,126.9874,어양동,3,"공장 냄새(화학약품, 매캐함)",0:-1,-1
2025-07-23 21:28:00,35.953354,126.98495,어양동,3,소각 냄새(태우는 냄새),0:-1,-1
2025-07-23 21:43:00,35.934673,126.94641,평화동,4,소각 냄새(태우는 냄새),-7:-5,-1
2025-07-24 06:39:00,35.934383,126.97156,마동,4,"가축 분뇨 냄새(닭, 돼지, 소)",-3:-5,-1
2025-07-24 07:17:00,35.936264,126.97849,금강동,3,소각 냄새(태우는 냄새),-2:-5,-1
2025-07-24 20:48:00,35.947277,127.02113,춘포면 신동리,4,"가축 분뇨 냄새(닭, 돼지, 소)",6:-3,-1
2025-07-24 21:03:00,35.947407,127.02144,춘포면 신동리,4,"가축 분뇨 냄새(닭, 돼지, 소)",6:-3,-1
2025-07-24 21:06:00,35.948112,127.02061,춘포면 신동리,5,"가축 분뇨 냄새(닭, 돼지, 소)",6:-2,-1
2025-07-25 00:54:00,35.969173,127.09161,왕궁면 흥암리,3,"가축 분뇨 냄새(닭, 돼지, 소)",19:2,-1
2025-07-25 05:14:00,35.934578,126.94637,평화동,4,"가축 분뇨 냄새(닭, 돼지, 소)",-7:-5,-1
2025-07-25 06:13:00,35.912487,126.863205,오산면 신지리,3,"가축 분뇨 냄새(닭, 돼지, 소)",-22:-10,-1
2025-07-25 19:05:00,36.03626,126.984886,삼기면 오룡리,3,"가축 분뇨 냄새(닭, 돼지, 소)",0:17,-1
2025-07-26 06:47:00,35.944717,126.969246,마동,3,"공장 냄새(화학약품, 매캐함)",-3:-3,-1
2025-07-26 21:30:00,35.961384,126.99425,부송동,5,"공장 냄새(화학약품, 매캐함)",1:1,-1
2025-07-27 23:46:00,35.9587,126.99297,부송동,4,"가축 분뇨 냄새(닭, 돼지, 소)",1:0,-1
2025-07-27 23:52:00,35.960342,126.99901,부송동,4,"가축 분뇨 냄새(닭, 돼지, 소)",2:0,-1
2025-07-28 05:12:00,35.952988,126.98521,어양동,5,"공장 냄새(화학약품, 매캐함)",0:-1,-1
2025-07-28 06:11:00,35.913418,126.86167,오산면 신지리,3,"가축 분뇨 냄새(닭, 돼지, 소)",-23:-10,-1
2025-07-28 06:28:00,35.961662,126.97883,영등동,3,"가축 분뇨 냄새(닭, 돼지, 소)",-1:1,-1
2025-07-29 03:01:00,35.945736,126.962234,마동,5,"가축 분뇨 냄새(닭, 돼지, 소)",-4:-3,-1
2025-07-29 05:09:00,35.934597,126.94636,평화동,4,"가축 분뇨 냄새(닭, 돼지, 소)",-7:-5,-1
2025-07-30 01:09:00,35.957123,126.98064,어양동,5,"가축 분뇨 냄새(닭, 돼지, 소)",-1:0,-1
2025-07-30 18:15:00,35.954243,126.98976,어양동,4,"가축 분뇨 냄새(닭, 돼지, 소)",0:-1,-1
2025-07-30 23:08:00,35.9546,126.97583,영등동,4,"공장 냄새(화학약품, 매캐함)",-2:-1,-1
2025-07-30 23:10:00,35.933453,126.94666,평화동,3,"가축 분뇨 냄새(닭, 돼지, 소)",-7:-6,-1
2025-07-30 23:13:00,35.934597,126.94636,평화동,5,"가축 분뇨 냄새(닭, 돼지, 소)",-7:-5,-1
2025-07-30 23:14:00,35.954285,126.98406,어양동,4,"가축 분뇨 냄새(닭, 돼지, 소)",-1:-1,-1
2025-07-30 23:16:00,35.93514,126.97327,마동,5,"가축 분뇨 냄새(닭, 돼지, 소)",-2:-5,-1
2025-07-31 18:56:00,35.969147,127.09171,왕궁면 흥암리,3,하수구 냄새,19:2,-1
2025-08-01 01:00:00,35.969128,127.09181,왕궁면 흥암리,4,"가축 분뇨 냄새(닭, 돼지, 소)",19:2,-1
2025-08-01 07:21:00,35.95664,126.99532,부송동,3,"공장 냄새(화학약품, 매캐함)",2:0,-1
2025-08-01 21:19:00,35.969273,127.09058,왕궁면 흥암리,4,"가축 분뇨 냄새(닭, 돼지, 소)",19:2,-1
2025-08-01 21:26:00,35.968956,127.091034,왕궁면 흥암리,5,"가축 분뇨 냄새(닭, 돼지, 소)",19:2,-1
2025-08-01 21:48:00,35.969475,127.09065,왕궁면 흥암리,5,기타,19:2,-1
2025-08-02 02:52:00,35.95574,126.99761,부송동,5,"가축 분뇨 냄새(닭, 돼지, 소)",2:-1,-1
2025-08-02 20:29:00,35.967102,127.09022,왕궁면 흥암리,3,"가축 분뇨 냄새(닭, 돼지, 소)",19:2,-1
2025-08-03 09:49:00,35.95119,126.9833,어양동,3,"공장 냄새(화학약품, 매캐함)",-1:-2,-1
2025-08-03 13:26:00,35.962563,126.9831,어양동,3,"가축 분뇨 냄새(닭, 돼지, 소)",-1:1,-1
2025-08-03 15:15:00,35.94805,127.02046,춘포면 신동리,4,"가축 분뇨 냄새(닭, 돼지, 소)",6:-2,-1
2025-08-05 03:33:00,35.962643,126.9831,어양동,5,"가축 분뇨 냄새(닭, 돼지, 소)",-1:1,-1
2025-08-06 03:14:00,35.962807,126.9832,어양동,2,"가축 분뇨 냄새(닭, 돼지, 소)",-1:1,-1
2025-08-06 04:45:00,35.963093,126.98468,부송동,4,"가축 분뇨 냄새(닭, 돼지, 소)",0:1,-1
2025-08-06 04:59:00,35.965588,126.98618,부송동,4,"가축 분뇨 냄새(닭, 돼지, 소)",0:1,-1
2025-08-06 05:18:00,35.95055,126.964096,영등동,4,"가축 분뇨 냄새(닭, 돼지, 소)",-4:-2,-1
2025-08-06 06:06:00,35.939846,126.965,마동,4,"가축 분뇨 냄새(닭, 돼지, 소)",-4:-4,-1
2025-08-06 07:10:00,35.94812,127.020615,춘포면 신동리,5,"가축 분뇨 냄새(닭, 돼지, 소)",6:-2,-1
2025-08-06 07:27:00,35.948093,127.02063,춘포면 신동리,5,"가축 분뇨 냄새(닭, 돼지, 소)",6:-2,-1
2025-08-06 08:10:00,35.932636,126.87975,오산면 신지리,3,"가축 분뇨 냄새(닭, 돼지, 소)",-19:-6,-1
2025-08-06 08:12:00,35.948166,127.02071,춘포면 신동리,5,"가축 분뇨 냄새(닭, 돼지, 소)",6:-2,-1
2025-08-06 08:13:00,35.948135,127.02061,춘포면 신동리,5,"가축 분뇨 냄새(닭, 돼지, 소)",6:-2,-1
2025-08-06 09:31:00,35.94446,126.945175,모현동1가,4,소각 냄새(태우는 냄새),-8:-3,-1
2025-08-07 23:49:00,35.955746,126.99746,부송동,4,"가축 분뇨 냄새(닭, 돼지, 소)",2:-1,-1
2025-08-07 23:53:00,35.934673,126.94641,평화동,4,"가축 분뇨 냄새(닭, 돼지, 소)",-7:-5,-1
2025-08-08 03:38:00,35.95712,126.980644,어양동,5,"가축 분뇨 냄새(닭, 돼지, 소)",-1:0,-1
2025-08-08 06:16:00,35.917957,126.867134,오산면 신지리,3,"가축 분뇨 냄새(닭, 돼지, 소)",-22:-9,-1
2025-08-08 21:50:00,35.961384,126.99425,부송동,3,"공장 냄새(화학약품, 매캐함)",1:1,-1
2025-08-08 21:56:00,35.961094,126.99423,부송동,4,"공장 냄새(화학약품, 매캐함)",1:0,-1
2025-08-08 22:03:00,35.960983,126.99429,부송동,3,"공장 냄새(화학약품, 매캐함)",1:0,-1
2025-08-08 22:38:00,35.96977,127.08996,왕궁면 흥암리,4,"가축 분뇨 냄새(닭, 돼지, 소)",19:2,-1
2025-08-08 23:01:00,35.93599,126.97076,마동,4,"가축 분뇨 냄새(닭, 돼지, 소)",-3:-5,300
2025-08-08 23:06:00,35.93498,126.973465,마동,4,"가축 분뇨 냄새(닭, 돼지, 소)",-2:-5,300
2025-08-08 23:17:00,35.953915,126.98411,어양동,4,"가축 분뇨 냄새(닭, 돼지, 소)",-1:-1,301
2025-08-08 23:17:00,35.934975,126.97332,마동,4,"가축 분뇨 냄새(닭, 돼지, 소)",-2:-5,300
2025-08-08 23:20:00,35.96273,126.98295,어양동,4,"가축 분뇨 냄새(닭, 돼지, 소)",-1:1,301
2025-08-08 23:20:00,35.93535,126.9718,마동,4,"가축 분뇨 냄새(닭, 돼지, 소)",-3:-5,300
2025-08-08 23:21:00,35.934944,126.97277,마동,4,"가축 분뇨 냄새(닭, 돼지, 소)",-3:-5,300
2025-08-08 23:21:00,35.930737,126.96864,동산동,4,"가축 분뇨 냄새(닭, 돼지, 소)",-3:-6,300
2025-08-08 23:22:00,35.95887,126.98978,부송동,4,"가축 분뇨 냄새(닭, 돼지, 소)",1:0,301
2025-08-08 23:25:00,35.936405,126.969124,마동,5,"가축 분뇨 냄새(닭, 돼지, 소)",-3:-5,300
2025-08-08 23:25:00,35.95712,126.980644,어양동,5,"가축 분뇨 냄새(닭, 돼지, 소)",-1:0,301
2025-08-08 23:27:00,35.965263,126.98655,부송동,5,"가축 분뇨 냄새(닭, 돼지, 소)",0:1,301
2025-08-08 23:30:00,35.934967,126.97332,마동,5,"가축 분뇨 냄새(닭, 돼지, 소)",-2:-5,300
2025-08-08 23:31:00,35.959667,126.992874,부송동,5,"가축 분뇨 냄새(닭, 돼지, 소)",1:0,301
2025-08-08 23:35:00,35.93466,126.97381,금강동,5,"가축 분뇨 냄새(닭, 돼지, 소)",-2:-5,300
2025-08-08 23:35:00,35.93987,126.96645,마동,4,"가축 분뇨 냄새(닭, 돼지, 소)",-4:-4,300
2025-08-08 23:36:00,35.935966,126.96943,마동,4,"가축 분뇨 냄새(닭, 돼지, 소)",-3:-5,300
2025-08-08 23:36:00,35.940502,126.96716,마동,5,"가축 분뇨 냄새(닭, 돼지, 소)",-4:-4,300
2025-08-08 23:36:00,35.93433,126.97261,금강동,5,"가축 분뇨 냄새(닭, 돼지, 소)",-3:-5,300
2025-08-08 23:43:00,35.93574,126.97269,마동,4,"가축 분뇨 냄새(닭, 돼지, 소)",-3:-5,300
2025-08-08 23:45:00,35.961,126.97275,영등동,4,"가축 분뇨 냄새(닭, 돼지, 소)",-3:0,301
2025-08-08 23:46:00,35.961315,126.978195,영등동,5,"가축 분뇨 냄새(닭, 돼지, 소)",-2:1,301
2025-08-08 23:48:00,35.93386,126.96399,동산동,4,"가축 분뇨 냄새(닭, 돼지, 소)",-4:-6,300
2025-08-08 23:52:00,35.9543,126.97464,영등동,5,"가축 분뇨 냄새(닭, 돼지, 소)",-2:-1,301
2025-08-08 23:53:00,35.93334,126.97215,동산동,4,"가축 분뇨 냄새(닭, 돼지, 소)",-3:-6,300
2025-08-08 23:53:00,35.933853,126.97161,동산동,4,"가축 분뇨 냄새(닭, 돼지, 소)",-3:-6,300
2025-08-08 23:55:00,35.934834,126.97211,마동,5,"가축 분뇨 냄새(닭, 돼지, 소)",-3:-5,300
2025-08-08 23:59:00,35.953777,126.975174,영등동,4,"가축 분뇨 냄새(닭, 돼지, 소)",-2:-1,301
2025-08-09 00:00:00,35.956474,126.975525,영등동,4,"가축 분뇨 냄새(닭, 돼지, 소)",-2:-1,301
2025-08-09 00:03:00,35.96159,126.97417,영등동,4,"가축 분뇨 냄새(닭, 돼지, 소)",-2:1,301
2025-08-09 00:07:00,35.93478,126.94668,평화동,3,"가축 분뇨 냄새(닭, 돼지, 소)",-7:-5,-1
2025-08-09 00:08:00,35.95394,126.98163,어양동,4,"가축 분뇨 냄새(닭, 돼지, 소)",-1:-1,301
2025-08-09 00:22:00,35.969044,127.09189,왕궁면 흥암리,4,"가축 분뇨 냄새(닭, 돼지, 소)",19:2,-1
2025-08-09 06:41:00,35.939846,126.965,마동,4,"가축 분뇨 냄새(닭, 돼지, 소)",-4:-4,-1
2025-08-09 21:36:00,35.932373,126.94145,평화동,5,하수구 냄새,-8:-6,-1
2025-08-10 21:19:00,35.93264,126.94165,평화동,5,기타,-8:-6,-1
2025-08-10 22:44:00,35.934597,126.9464,평화동,4,"가축 분뇨 냄새(닭, 돼지, 소)",-7:-5,-1
2025-08-11 03:07:00,35.93601,126.97056,마동,4,"가축 분뇨 냄새(닭, 돼지, 소)",-3:-5,-1
2025-08-11 06:24:00,35.961082,126.994225,부송동,3,"공장 냄새(화학약품, 매캐함)",1:0,-1
2025-08-12 01:54:00,35.934597,126.94639,평화동,4,"가축 분뇨 냄새(닭, 돼지, 소)",-7:-5,-1
2025-08-12 02:01:00,35.93559,126.9724,마동,5,"가축 분뇨 냄새(닭, 돼지, 소)",-3:-5,-1
2025-08-12 06:52:00,35.937313,126.97155,마동,4,"공장 냄새(화학약품, 매캐함)",-3:-5,-1
2025-08-12 19:06:00,35.9405,126.96716,마동,4,"가축 분뇨 냄새(닭, 돼지, 소)",-4:-4,-1
2025-08-12 19:50:00,35.985336,127.08598,왕궁면 광암리,5,소각 냄새(태우는 냄새),18:6,-1
2025-08-12 21:13:00,35.96815,127.08955,왕궁면 흥암리,5,하수구 냄새,18:2,-1
2025-08-12 21:40:00,35.96147,126.994255,부송동,4,"공장 냄새(화학약품, 매캐함)",1:1,-1
2025-08-12 23:17:00,35.93236,126.94145,평화동,4,하수구 냄새,-8:-6,-1
2025-08-12 23:18:00,35.931828,126.94141,평화동,3,"가축 분뇨 냄새(닭, 돼지, 소)",-8:-6,-1
2025-08-13 06:37:00,35.937016,127.05684,왕궁면 쌍제리,4,"가축 분뇨 냄새(닭, 돼지, 소)",13:-5,-1
2025-08-13 07:07:00,35.933495,126.94669,평화동,5,"가축 분뇨 냄새(닭, 돼지, 소)",-7:-6,-1
2025-08-13 07:20:00,35.936226,126.947495,평화동,4,"가축 분뇨 냄새(닭, 돼지, 소)",-7:-5,-1
2025-08-13 07:23:00,35.934597,126.94639,평화동,5,"가축 분뇨 냄새(닭, 돼지, 소)",-7:-5,-1
2025-08-13 08:23:00,35.91385,126.856636,오산면 신지리,4,"가축 분뇨 냄새(닭, 돼지, 소)",-23:-10,-1
2025-08-13 13:07:00,35.93391,127.05953,왕궁면 쌍제리,4,"가축 분뇨 냄새(닭, 돼지, 소)",13:-6,-1
2025-08-13 18:53:00,35.96996,127.09023,왕궁면 흥암리,3,"가축 분뇨 냄새(닭, 돼지, 소)",19:2,-1
2025-08-13 19:35:00,35.968857,127.09044,왕궁면 흥암리,3,"가축 분뇨 냄새(닭, 돼지, 소)",19:2,-1
2025-08-13 20:29:00,35.93986,126.965004,마동,3,"가축 분뇨 냄새(닭, 돼지, 소)",-4:-4,-1
2025-08-13 21:01:00,35.969296,127.090675,왕궁면 흥암리,5,"가축 분뇨 냄새(닭, 돼지, 소)",19:2,-1
2025-08-13 21:02:00,35.96977,127.08994,왕궁면 흥암리,4,기타,19:2,-1
2025-08-13 21:25:00,35.934635,126.94638,평화동,5,기타,-7:-5,-1
2025-08-13 21:51:00,35.934254,126.9472,평화동,3,"가축 분뇨 냄새(닭, 돼지, 소)",-7:-5,-1
2025-08-13 22:02:00,35.96823,127.09049,왕궁면 흥암리,5,"가축 분뇨 냄새(닭, 돼지, 소)",19:2,-1
2025-08-13 22:31:00,35.953888,126.98408,어양동,4,"가축 분뇨 냄새(닭, 돼지, 소)",-1:-1,-1
2025-08-13 23:22:00,35.965443,126.98636,부송동,3,"가축 분뇨 냄새(닭, 돼지, 소)",0:1,-1
2025-08-13 23:29:00,35.938984,126.92708,송학동,4,"가축 분뇨 냄새(닭, 돼지, 소)",-11:-4,-1
2025-08-13 23:29:00,35.93326,126.946625,평화동,4,"가축 분뇨 냄새(닭, 돼지, 소)",-7:-6,-1
2025-08-13 23:40:00,35.956287,126.99477,부송동,4,"가축 분뇨 냄새(닭, 돼지, 소)",1:-1,302
2025-08-13 23:44:00,35.95876,126.992935,부송동,5,"가축 분뇨 냄새(닭, 돼지, 소)",1:0,302
2025-08-13 23:47:00,35.954567,127.000275,팔봉동,5,"가축 분뇨 냄새(닭, 돼지, 소)",2:-1,302
2025-08-14 00:01:00,35.960045,126.989395,부송동,5,"가축 분뇨 냄새(닭, 돼지, 소)",0:0,302
2025-08-14 00:01:00,35.960045,126.989395,부송동,5,"가축 분뇨 냄새(닭, 돼지, 소)",0:0,302
2025-08-14 00:15:00,35.934635,126.94638,평화동,5,기타,-7:-5,-1
2025-08-14 01:07:00,35.95658,126.99739,부송동,4,"가축 분뇨 냄새(닭, 돼지, 소)",2:0,-1
2025-08-14 02:08:00,35.956432,126.997635,부송동,5,"가축 분뇨 냄새(닭, 돼지, 소)",2:-1,-1
2025-08-14 02:36:00,35.95713,126.98064,어양동,5,"가축 분뇨 냄새(닭, 돼지, 소)",-1:0,-1
2025-08-14 03:03:00,35.948105,127.02062,춘포면 신동리,5,"가축 분뇨 냄새(닭, 돼지, 소)",6:-2,-1
2025-08-14 03:11:00,35.948124,127.020584,춘포면 신동리,5,"가축 분뇨 냄새(닭, 돼지, 소)",6:-2,-1
2025-08-14 03:27:00,35.93445,126.97126,마동,5,"가축 분뇨 냄새(닭, 돼지, 소)",-3:-5,-1
2025-08-14 04:29:00,35.9571,126.979935,어양동,5,"가축 분뇨 냄새(닭, 돼지, 소)",-1:0,-1
2025-08-14 06:24:00,35.91692,126.86706,오산면 신지리,3,"가축 분뇨 냄새(닭, 돼지, 소)",-22:-9,-1
2025-08-14 12:37:00,35.969086,127.09017,왕궁면 흥암리,2,"가축 분뇨 냄새(닭, 돼지, 소)",19:2,-1
2025-08-14 17:12:00,35.96959,127.09064,왕궁면 흥암리,4,"가축 분뇨 냄새(닭, 돼지, 소)",19:2,-1
2025-08-15 01:07:00,35.934635,126.94638,평화동,5,"가축 분뇨 냄새(닭, 돼지, 소)",-7:-5,-1
2025-08-15 01:17:00,35.96252,126.98304,어양동,5,"가축 분뇨 냄새(닭, 돼지, 소)",-1:1,-1
2025-08-15 01:39:00,35.940952,126.93807,송학동,5,"가축 분뇨 냄새(닭, 돼지, 소)",-9:-4,-1
2025-08-15 03:56:00,35.94811,127.020615,춘포면 신동리,5,"가축 분뇨 냄새(닭, 돼지, 소)",6:-2,-1
2025-08-15 05:12:00,35.936222,126.97063,마동,4,"가축 분뇨 냄새(닭, 돼지, 소)",-3:-5,-1
2025-08-15 05:25:00,35.94375,126.963425,마동,4,"가축 분뇨 냄새(닭, 돼지, 소)",-4:-3,-1
2025-08-15 05:41:00,35.94042,126.96708,마동,5,"가축 분뇨 냄새(닭, 돼지, 소)",-4:-4,-1
2025-08-15 05:45:00,35.935085,126.94784,평화동,5,"가축 분뇨 냄새(닭, 돼지, 소)",-7:-5,-1
2025-08-15 06:07:00,35.93483,126.947945,평화동,5,"가축 분뇨 냄새(닭, 돼지, 소)",-7:-5,-1
2025-08-15 06:39:00,35.91639,126.86938,오산면 신지리,3,"가축 분뇨 냄새(닭, 돼지, 소)",-21:-9,-1
2025-08-15 20:38:00,35.965855,127.08923,왕궁면 흥암리,3,소각 냄새(태우는 냄새),18:2,-1
2025-08-16 00:09:00,35.935055,126.94691,평화동,2,"가축 분뇨 냄새(닭, 돼지, 소)",-7:-5,-1
2025-08-16 20:44:00,36.110912,126.98611,용동면 용성리,4,"가축 분뇨 냄새(닭, 돼지, 소)",0:34,-1
2025-08-16 23:24:00,35.96951,127.09009,왕궁면 흥암리,5,"가축 분뇨 냄새(닭, 돼지, 소)",19:2,-1
2025-08-16 23:35:00,35.968636,127.08989,왕궁면 흥암리,5,"가축 분뇨 냄새(닭, 돼지, 소)",19:2,-1
2025-08-17 00:05:00,35.96986,127.09059,왕궁면 흥암리,5,"가축 분뇨 냄새(닭, 돼지, 소)",19:2,-1
2025-08-17 00:17:00,35.934628,126.94638,평화동,5,"가축 분뇨 냄새(닭, 돼지, 소)",-7:-5,-1
2025-08-17 00:39:00,35.96267,126.98329,어양동,5,"가축 분뇨 냄새(닭, 돼지, 소)",-1:1,-1
2025-08-17 00:49:00,35.930984,126.95908,동산동,5,"가축 분뇨 냄새(닭, 돼지, 소)",-5:-6,-1
2025-08-17 01:04:00,35.95713,126.980644,어양동,5,"가축 분뇨 냄새(닭, 돼지, 소)",-1:0,-1
2025-08-17 01:05:00,35.957405,126.98001,어양동,5,"가축 분뇨 냄새(닭, 돼지, 소)",-1:0,-1
2025-08-17 01:07:00,35.934193,126.97145,마동,5,"가축 분뇨 냄새(닭, 돼지, 소)",-3:-5,-1
2025-08-17 01:07:00,35.95374,126.98403,어양동,4,"가축 분뇨 냄새(닭, 돼지, 소)",-1:-1,-1
2025-08-17 01:44:00,35.945877,126.962036,마동,5,"가축 분뇨 냄새(닭, 돼지, 소)",-4:-3,-1
2025-08-17 01:59:00,35.943604,126.95713,남중동,5,"가축 분뇨 냄새(닭, 돼지, 소)",-5:-3,-1
2025-08-17 02:13:00,35.935345,126.97194,마동,5,"가축 분뇨 냄새(닭, 돼지, 소)",-3:-5,-1
2025-08-17 02:18:00,35.93481,126.97211,마동,5,"가축 분뇨 냄새(닭, 돼지, 소)",-3:-5,-1
2025-08-17 03:36:00,35.944454,126.96411,마동,5,"가축 분뇨 냄새(닭, 돼지, 소)",-4:-3,-1
2025-08-17 04:33:00,35.94094,126.93807,송학동,4,"가축 분뇨 냄새(닭, 돼지, 소)",-9:-4,-1
2025-08-17 22:31:00,35.968452,127.09119,왕궁면 흥암리,5,"가축 분뇨 냄새(닭, 돼지, 소)",19:2,-1
2025-08-17 23:27:00,35.934628,126.94638,평화동,4,"가축 분뇨 냄새(닭, 돼지, 소)",-7:-5,-1
2025-08-18 00:24:00,35.95394,126.9782,영등동,2,"가축 분뇨 냄새(닭, 돼지, 소)",-2:-1,-1
2025-08-18 01:00:00,35.969,127.09188,왕궁면 흥암리,4,"가축 분뇨 냄새(닭, 돼지, 소)",19:2,-1
2025-08-18 01:01:00,35.968567,127.091354,왕궁면 흥암리,3,"가축 분뇨 냄새(닭, 돼지, 소)",19:2,-1
2025-08-18 02:48:00,35.957127,126.980644,어양동,5,"가축 분뇨 냄새(닭, 돼지, 소)",-1:0,-1
2025-08-18 02:58:00,35.96016,126.984856,어양동,3,"가축 분뇨 냄새(닭, 돼지, 소)",0:0,-1
2025-08-18 03:08:00,35.955013,126.98031,어양동,4,"가축 분뇨 냄새(닭, 돼지, 소)",-1:-1,-1
2025-08-19 00:43:00,35.934628,126.94638,평화동,5,"가축 분뇨 냄새(닭, 돼지, 소)",-7:-5,-1
2025-08-19 02:14:00,35.960346,126.99903,부송동,4,"가축 분뇨 냄새(닭, 돼지, 소)",2:0,-1
2025-08-19 04:29:00,35.930984,126.95908,동산동,5,"가축 분뇨 냄새(닭, 돼지, 소)",-5:-6,-1
2025-08-19 06:40:00,35.918457,126.86266,오산면 신지리,3,"가축 분뇨 냄새(닭, 돼지, 소)",-22:-9,-1
2025-08-19 22:11:00,35.968742,127.091286,왕궁면 흥암리,5,"가축 분뇨 냄새(닭, 돼지, 소)",19:2,-1
2025-08-19 22:15:00,35.95377,126.984,어양동,4,"가축 분뇨 냄새(닭, 돼지, 소)",-1:-1,-1
2025-08-19 22:44:00,35.934635,126.97224,마동,4,"가축 분뇨 냄새(닭, 돼지, 소)",-3:-5,-1
2025-08-19 22:57:00,35.962524,126.98299,어양동,5,"가축 분뇨 냄새(닭, 돼지, 소)",-1:1,-1
2025-08-19 23:03:00,35.955795,126.99739,부송동,5,"가축 분뇨 냄새(닭, 돼지, 소)",2:-1,-1
2025-08-19 23:12:00,35.94033,126.95155,창인동1가,5,"가축 분뇨 냄새(닭, 돼지, 소)",-6:-4,-1
2025-08-19 23:13:00,35.940037,126.967545,마동,4,"가축 분뇨 냄새(닭, 돼지, 소)",-4:-4,-1
2025-08-19 23:49:00,35.934628,126.94638,평화동,5,"가축 분뇨 냄새(닭, 돼지, 소)",-7:-5,-1
2025-08-19 23:51:00,35.933914,126.94663,평화동,5,"가축 분뇨 냄새(닭, 돼지, 소)",-7:-6,-1
2025-08-20 06:50:00,35.919228,126.86368,오산면 신지리,3,"가축 분뇨 냄새(닭, 돼지, 소)",-22:-9,-1
2025-08-20 17:37:00,35.969517,127.09158,왕궁면 흥암리,4,하수구 냄새,19:2,-1
2025-08-20 23:14:00,35.953556,126.987076,어양동,3,"가축 분뇨 냄새(닭, 돼지, 소)",0:-1,-1
2025-08-20 23:19:00,35.958817,126.99295,부송동,4,"가축 분뇨 냄새(닭, 돼지, 소)",1:0,-1
2025-08-20 23:41:00,35.95702,126.98051,어양동,4,"가축 분뇨 냄새(닭, 돼지, 소)",-1:0,-1
2025-08-21 00:00:00,35.934128,126.970245,동산동,4,"가축 분뇨 냄새(닭, 돼지, 소)",-3:-5,-1
2025-08-21 00:00:00,35.93315,126.946625,평화동,4,"가축 분뇨 냄새(닭, 돼지, 소)",-7:-6,-1
2025-08-21 00:04:00,35.93441,126.971565,마동,4,"가축 분뇨 냄새(닭, 돼지, 소)",-3:-5,-1
2025-08-21 00:07:00,35.940254,126.9518,창인동1가,4,"가축 분뇨 냄새(닭, 돼지, 소)",-6:-4,-1
2025-08-21 00:09:00,35.945747,126.96219,마동,5,"가축 분뇨 냄새(닭, 돼지, 소)",-4:-3,-1
2025-08-21 00:33:00,35.934628,126.94638,평화동,5,"가축 분뇨 냄새(닭, 돼지, 소)",-7:-5,-1
2025-08-21 04:09:00,35.9362,126.97076,마동,4,"가축 분뇨 냄새(닭, 돼지, 소)",-3:-5,-1
2025-08-21 04:48:00,35.957115,126.98065,어양동,5,"가축 분뇨 냄새(닭, 돼지, 소)",-1:0,-1
2025-08-21 06:52:00,35.91252,126.86396,오산면 신지리,3,"공장 냄새(화학약품, 매캐함)",-22:-10,-1
2025-08-21 18:50:00,35.968567,127.08979,왕궁면 흥암리,5,"가축 분뇨 냄새(닭, 돼지, 소)",19:2,-1
2025-08-22 00:20:00,35.93461,126.946396,평화동,5,"가축 분뇨 냄새(닭, 돼지, 소)",-7:-5,-1
2025-08-22 02:09:00,35.962532,126.983116,어양동,4,"가축 분뇨 냄새(닭, 돼지, 소)",-1:1,-1
2025-08-22 04:00:00,35.934902,126.946434,평화동,4,"가축 분뇨 냄새(닭, 돼지, 소)",-7:-5,-1
2025-08-22 06:26:00,35.91669,126.86727,오산면 신지리,3,"가축 분뇨 냄새(닭, 돼지, 소)",-22:-9,-1
2025-08-22 10:00:00,35.93465,126.94641,평화동,3,기타,-7:-5,-1
2025-08-22 21:04:00,35.96823,127.090485,왕궁면 흥암리,5,"가축 분뇨 냄새(닭, 돼지, 소)",19:2,-1
2025-08-22 23:00:00,35.95495,126.98429,어양동,4,"가축 분뇨 냄새(닭, 돼지, 소)",0:-1,-1
2025-08-22 23:47:00,35.9313,126.96889,동산동,4,"가축 분뇨 냄새(닭, 돼지, 소)",-3:-6,-1
2025-08-22 23:51:00,35.934006,126.970215,동산동,3,"가축 분뇨 냄새(닭, 돼지, 소)",-3:-5,-1
2025-08-23 00:48:00,35.935158,126.97326,마동,5,"가축 분뇨 냄새(닭, 돼지, 소)",-2:-5,-1
2025-08-23 01:15:00,35.93465,126.94643,평화동,5,"가축 분뇨 냄새(닭, 돼지, 소)",-7:-5,-1
2025-08-23 01:22:00,35.935406,126.97194,마동,5,"가축 분뇨 냄새(닭, 돼지, 소)",-3:-5,-1
2025-08-23 02:09:00,35.93514,126.947815,평화동,4,"가축 분뇨 냄새(닭, 돼지, 소)",-7:-5,-1
2025-08-23 06:54:00,35.91394,126.86474,오산면 신지리,5,"가축 분뇨 냄새(닭, 돼지, 소)",-22:-10,-1
2025-08-23 07:21:00,35.969128,127.090164,왕궁면 흥암리,3,기타,19:2,-1
2025-08-23 22:12:00,35.96896,127.09045,왕궁면 흥암리,5,기타,19:2,-1
2025-08-23 23:41:00,35.963036,126.99089,부송동,2,"가축 분뇨 냄새(닭, 돼지, 소)",1:1,-1
2025-08-23 23:42:00,35.964684,127.01602,팔봉동,3,"가축 분뇨 냄새(닭, 돼지, 소)",5:1,-1
2025-08-24 00:16:00,35.956593,126.997925,부송동,5,"가축 분뇨 냄새(닭, 돼지, 소)",2:0,-1
2025-08-24 00:46:00,35.956112,126.99679,부송동,5,"가축 분뇨 냄새(닭, 돼지, 소)",2:-1,-1
2025-08-24 01:25:00,35.94006,126.967545,마동,4,"가축 분뇨 냄새(닭, 돼지, 소)",-4:-4,-1
2025-08-24 02:52:00,35.934654,126.94643,평화동,5,"가축 분뇨 냄새(닭, 돼지, 소)",-7:-5,-1
2025-08-24 06:12:00,35.91244,126.86243,오산면 신지리,4,"가축 분뇨 냄새(닭, 돼지, 소)",-22:-10,-1
2025-08-24 17:51:00,35.96883,127.09027,왕궁면 흥암리,4,"가축 분뇨 냄새(닭, 돼지, 소)",19:2,-1
2025-08-25 00:27:00,35.934654,126.94643,평화동,5,"가축 분뇨 냄새(닭, 돼지, 소)",-7:-5,-1
2025-08-25 01:15:00,35.93489,126.94653,평화동,4,"가축 분뇨 냄새(닭, 돼지, 소)",-7:-5,-1
2025-08-25 02:58:00,35.939014,126.926445,송학동,5,"가축 분뇨 냄새(닭, 돼지, 소)",-11:-4,-1
2025-08-25 03:25:00,35.94176,126.93608,송학동,3,"가축 분뇨 냄새(닭, 돼지, 소)",-9:-4,-1
2025-08-25 06:35:00,35.918224,126.8619,오산면 신지리,3,"가축 분뇨 냄새(닭, 돼지, 소)",-23:-9,-1
2025-08-25 07:11:00,35.934845,126.94665,평화동,4,"가축 분뇨 냄새(닭, 돼지, 소)",-7:-5,-1
2025-08-25 22:00:00,35.93805,126.9272,송학동,4,"가축 분뇨 냄새(닭, 돼지, 소)",-11:-5,-1
2025-08-25 22:10:00,35.934654,126.94643,평화동,5,"가축 분뇨 냄새(닭, 돼지, 소)",-7:-5,-1
2025-08-25 22:13:00,35.945877,126.929085,오산면 송학리,5,"가축 분뇨 냄새(닭, 돼지, 소)",-10:-3,-1
2025-08-25 23:27:00,35.933155,126.94663,평화동,4,"가축 분뇨 냄새(닭, 돼지, 소)",-7:-6,-1
2025-08-26 00:40:00,35.9284,126.96388,동산동,4,"가축 분뇨 냄새(닭, 돼지, 소)",-4:-7,-1
2025-08-26 00:52:00,35.92912,126.96357,동산동,4,"가축 분뇨 냄새(닭, 돼지, 소)",-4:-7,-1
2025-08-26 11:25:00,35.934654,126.94643,평화동,3,기타,-7:-5,-1
2025-08-26 11:48:00,35.940266,126.951805,창인동1가,4,"가축 분뇨 냄새(닭, 돼지, 소)",-6:-4,-1
2025-08-26 23:11:00,35.969467,127.08992,왕궁면 흥암리,4,"가축 분뇨 냄새(닭, 돼지, 소)",19:2,-1
2025-08-26 23:13:00,35.968513,127.09135,왕궁면 흥암리,3,"가축 분뇨 냄새(닭, 돼지, 소)",19:2,-1
2025-08-27 02:04:00,35.956493,126.99673,부송동,1,"공장 냄새(화학약품, 매캐함)",2:-1,-1
2025-08-27 02:34:00,35.936543,126.969215,마동,4,"가축 분뇨 냄새(닭, 돼지, 소)",-3:-5,-1
2025-08-27 03:05:00,35.95684,126.96238,신동,3,"공장 냄새(화학약품, 매캐함)",-4:0,-1
2025-08-27 18:44:00,35.969513,127.090096,왕궁면 흥암리,5,"가축 분뇨 냄새(닭, 돼지, 소)",19:2,-1
2025-08-27 23:29:00,35.955643,126.997444,부송동,5,"가축 분뇨 냄새(닭, 돼지, 소)",2:-1,-1
2025-08-28 00:04:00,35.93401,126.970474,동산동,3,"가축 분뇨 냄새(닭, 돼지, 소)",-3:-5,-1
2025-08-28 00:13:00,35.953762,126.98404,어양동,5,"가축 분뇨 냄새(닭, 돼지, 소)",-1:-1,-1
2025-08-28 21:32:00,35.93388,126.970604,동산동,4,"가축 분뇨 냄새(닭, 돼지, 소)",-3:-6,303
2025-08-28 21:57:00,35.92837,126.96386,동산동,5,"가축 분뇨 냄새(닭, 돼지, 소)",-4:-7,303
2025-08-28 22:00:00,35.939857,126.965004,마동,4,"가축 분뇨 냄새(닭, 돼지, 소)",-4:-4,303
2025-08-28 22:02:00,35.934414,126.971565,마동,4,"가축 분뇨 냄새(닭, 돼지, 소)",-3:-5,303
2025-08-28 22:03:00,35.94028,126.951775,창인동1가,5,"가축 분뇨 냄새(닭, 돼지, 소)",-6:-4,-1
2025-08-28 22:06:00,35.927303,126.966736,동산동,5,"가축 분뇨 냄새(닭, 돼지, 소)",-4:-7,303
2025-08-28 22:11:00,35.93465,126.94643,평화동,5,"가축 분뇨 냄새(닭, 돼지, 소)",-7:-5,-1
2025-08-28 22:11:00,35.92737,126.96677,동산동,5,기타,-4:-7,303
2025-08-28 22:17:00,35.95736,126.9624,신동,4,"가축 분뇨 냄새(닭, 돼지, 소)",-4:0,-1
2025-08-28 22:18:00,35.92703,126.95469,인화동2가,5,"가축 분뇨 냄새(닭, 돼지, 소)",-6:-7,303
2025-08-28 22:22:00,35.93455,126.9467,평화동,3,"가축 분뇨 냄새(닭, 돼지, 소)",-7:-5,-1
2025-08-28 22:26:00,35.93323,126.946625,평화동,4,"가축 분뇨 냄새(닭, 돼지, 소)",-7:-6,-1
2025-08-28 22:53:00,35.927677,126.96702,동산동,5,"가축 분뇨 냄새(닭, 돼지, 소)",-4:-7,303
2025-08-29 00:53:00,35.939667,126.96619,마동,4,"가축 분뇨 냄새(닭, 돼지, 소)",-4:-4,-1
2025-08-29 02:41:00,35.94028,126.951775,창인동1가,5,"가축 분뇨 냄새(닭, 돼지, 소)",-6:-4,-1
2025-08-29 02:51:00,35.939857,126.965004,마동,5,"가축 분뇨 냄새(닭, 돼지, 소)",-4:-4,-1
2025-08-29 02:58:00,35.94575,126.96218,마동,5,"가축 분뇨 냄새(닭, 돼지, 소)",-4:-3,-1
2025-08-29 05:53:00,35.947388,127.02147,춘포면 신동리,3,"가축 분뇨 냄새(닭, 돼지, 소)",6:-3,-1
2025-08-29 07:17:00,35.9134,126.86169,오산면 신지리,3,"가축 분뇨 냄새(닭, 돼지, 소)",-23:-10,-1
2025-08-29 21:14:00,35.968727,127.08984,왕궁면 흥암리,4,"가축 분뇨 냄새(닭, 돼지, 소)",19:2,-1
2025-08-29 21:44:00,35.947388,127.02147,춘포면 신동리,4,"가축 분뇨 냄새(닭, 돼지, 소)",6:-3,-1
2025-08-29 22:00:00,35.953945,126.9782,영등동,3,"가축 분뇨 냄새(닭, 돼지, 소)",-2:-1,-1
2025-08-29 22:08:00,35.948185,127.02073,춘포면 신동리,5,"가축 분뇨 냄새(닭, 돼지, 소)",6:-2,-1
2025-08-29 22:15:00,35.9481,127.02065,춘포면 신동리,5,"가축 분뇨 냄새(닭, 돼지, 소)",6:-2,-1
2025-08-29 22:40:00,35.95667,126.99709,부송동,4,"가축 분뇨 냄새(닭, 돼지, 소)",2:0,-1
2025-08-29 22:47:00,35.959282,126.99219,부송동,5,"가축 분뇨 냄새(닭, 돼지, 소)",1:0,304
2025-08-29 22:51:00,35.956364,126.994705,부송동,5,"가축 분뇨 냄새(닭, 돼지, 소)",1:-1,304
2025-08-29 23:12:00,35.9541,126.98399,어양동,5,"가축 분뇨 냄새(닭, 돼지, 소)",-1:-1,304
2025-08-29 23:40:00,35.934723,126.9463,평화동,5,"가축 분뇨 냄새(닭, 돼지, 소)",-7:-5,-1
2025-08-29 23:43:00,35.960945,126.985565,어양동,5,"가축 분뇨 냄새(닭, 돼지, 소)",0:0,304
2025-08-29 23:50:00,35.961815,126.98578,어양동,5,"가축 분뇨 냄새(닭, 돼지, 소)",0:1,304
2025-08-29 23:52:00,35.962055,126.98588,어양동,5,"가축 분뇨 냄새(닭, 돼지, 소)",0:1,304
2025-08-30 00:56:00,35.957176,126.98067,어양동,5,"가축 분뇨 냄새(닭, 돼지, 소)",-1:0,-1
2025-08-30 01:00:00,35.95384,126.97508,영등동,5,"가축 분뇨 냄새(닭, 돼지, 소)",-2:-1,-1
2025-08-30 01:18:00,35.950565,126.964134,영등동,4,"가축 분뇨 냄새(닭, 돼지, 소)",-4:-2,-1
2025-08-30 01:58:00,35.93484,126.9465,평화동,3,"가축 분뇨 냄새(닭, 돼지, 소)",-7:-5,-1
2025-08-30 03:05:00,35.934986,126.94647,평화동,5,"가축 분뇨 냄새(닭, 돼지, 소)",-7:-5,-1
2025-08-30 06:40:00,35.9134,126.86169,오산면 신지리,5,"가축 분뇨 냄새(닭, 돼지, 소)",-23:-10,-1
2025-08-30 21:08:00,35.913357,126.86162,오산면 신지리,2,"가축 분뇨 냄새(닭, 돼지, 소)",-23:-10,-1
2025-08-30 22:39:00,35.956593,126.997925,부송동,5,"가축 분뇨 냄새(닭, 돼지, 소)",2:0,-1
2025-08-30 22:57:00,35.953236,126.98879,어양동,5,"가축 분뇨 냄새(닭, 돼지, 소)",0:-1,305
2025-08-30 23:19:00,35.957176,126.98067,어양동,5,"가축 분뇨 냄새(닭, 돼지, 소)",-1:0,305
2025-08-30 23:20:00,35.95982,126.99054,부송동,5,"가축 분뇨 냄새(닭, 돼지, 소)",1:0,305
2025-08-30 23:54:00,35.958668,126.99284,부송동,5,"가축 분뇨 냄새(닭, 돼지, 소)",1:0,305
2025-08-31 00:19:00,35.93465,126.94643,평화동,4,"가축 분뇨 냄새(닭, 돼지, 소)",-7:-5,-1
2025-08-31 00:54:00,35.938675,126.92855,송학동,4,"가축 분뇨 냄새(닭, 돼지, 소)",-11:-4,-1
2025-08-31 00:56:00,35.93436,126.93839,평화동,5,"가축 분뇨 냄새(닭, 돼지, 소)",-9:-5,-1
2025-08-31 14:30:00,35.937,127.0568,왕궁면 쌍제리,3,"가축 분뇨 냄새(닭, 돼지, 소)",13:-5,-1
2025-08-31 22:11:00,35.960194,126.98913,부송동,4,"가축 분뇨 냄새(닭, 돼지, 소)",0:0,-1
2025-08-31 22:26:00,35.94096,126.93809,송학동,4,"가축 분뇨 냄새(닭, 돼지, 소)",-9:-4,-1
2025-08-31 22:42:00,35.93984,126.965004,마동,3,"가축 분뇨 냄새(닭, 돼지, 소)",-4:-4,-1
2025-08-31 22:54:00,35.92843,126.96386,동산동,4,"가축 분뇨 냄새(닭, 돼지, 소)",-4:-7,-1
2025-08-31 23:06:00,35.934086,126.94656,평화동,4,"가축 분뇨 냄새(닭, 돼지, 소)",-7:-5,-1
2025-08-31 23:16:00,35.943737,126.957146,남중동,4,"가축 분뇨 냄새(닭, 돼지, 소)",-5:-3,-1
2025-08-31 23:20:00,35.94506,126.945175,모현동1가,4,"가축 분뇨 냄새(닭, 돼지, 소)",-8:-3,-1
2025-08-31 23:20:00,35.934834,126.946686,평화동,5,"가축 분뇨 냄새(닭, 돼지, 소)",-7:-5,-1
2025-09-01 22:57:00,35.960907,126.99432,부송동,3,"공장 냄새(화학약품, 매캐함)",1:0,-1
2025-09-02 00:42:00,35.945763,126.962074,마동,5,"가축 분뇨 냄새(닭, 돼지, 소)",-4:-3,-1
2025-09-02 01:55:00,35.934834,126.946686,평화동,5,"가축 분뇨 냄새(닭, 돼지, 소)",-7:-5,-1
2025-09-02 07:36:00,36.036194,126.984955,삼기면 오룡리,5,"가축 분뇨 냄새(닭, 돼지, 소)",0:17,-1
2025-09-02 21:47:00,35.937325,126.97161,마동,3,"공장 냄새(화학약품, 매캐함)",-3:-5,-1
2025-09-02 21:56:00,35.96067,126.994514,부송동,4,소각 냄새(태우는 냄새),1:0,-1
2025-09-02 22:06:00,35.963024,126.9847,부송동,5,"공장 냄새(화학약품, 매캐함)",0:1,-1
2025-09-02 22:12:00,35.92737,126.96677,동산동,4,하수구 냄새,-4:-7,-1
2025-09-02 22:17:00,35.961395,126.99425,부송동,4,"공장 냄새(화학약품, 매캐함)",1:1,-1
2025-09-03 00:50:00,35.956573,126.9967,부송동,5,"공장 냄새(화학약품, 매캐함)",2:0,-1
2025-09-03 01:09:00,35.934196,126.97149,마동,3,"공장 냄새(화학약품, 매캐함)",-3:-5,-1
2025-09-03 19:53:00,35.9614,126.99425,부송동,4,"공장 냄새(화학약품, 매캐함)",1:1,-1
2025-09-04 00:43:00,35.968613,127.091324,왕궁면 흥암리,3,"가축 분뇨 냄새(닭, 돼지, 소)",19:2,-1
2025-09-04 21:12:00,35.957016,126.962425,신동,4,"가축 분뇨 냄새(닭, 돼지, 소)",-4:0,-1
2025-09-04 21:13:00,36.036217,126.984924,삼기면 오룡리,3,"가축 분뇨 냄새(닭, 돼지, 소)",0:17,-1
2025-09-04 22:23:00,35.950573,126.96421,영등동,4,"가축 분뇨 냄새(닭, 돼지, 소)",-4:-2,-1
2025-09-05 06:25:00,35.91831,126.86711,오산면 신지리,4,"가축 분뇨 냄새(닭, 돼지, 소)",-22:-9,-1
2025-09-05 06:40:00,35.936356,126.972664,금강동,3,"공장 냄새(화학약품, 매캐함)",-3:-5,-1
2025-09-05 07:28:00,35.93483,126.97097,마동,5,"공장 냄새(화학약품, 매캐함)",-3:-5,-1
2025-09-05 18:56:00,35.96881,127.09056,왕궁면 흥암리,4,"가축 분뇨 냄새(닭, 돼지, 소)",19:2,-1
2025-09-05 19:56:00,35.948086,127.02065,춘포면 신동리,5,"가축 분뇨 냄새(닭, 돼지, 소)",6:-2,-1
2025-09-05 20:04:00,35.94734,127.02148,춘포면 신동리,3,"가축 분뇨 냄새(닭, 돼지, 소)",6:-3,-1
2025-09-05 20:12:00,35.9481,127.020645,춘포면 신동리,5,"가축 분뇨 냄새(닭, 돼지, 소)",6:-2,-1
2025-09-05 20:41:00,35.928467,126.963844,동산동,5,"가축 분뇨 냄새(닭, 돼지, 소)",-4:-7,-1
2025-09-05 20:58:00,35.93466,126.94645,평화동,5,"가축 분뇨 냄새(닭, 돼지, 소)",-7:-5,-1
2025-09-05 21:04:00,35.953236,126.98877,어양동,5,"가축 분뇨 냄새(닭, 돼지, 소)",0:-1,306
2025-09-05 21:06:00,35.961403,126.99424,부송동,4,"가축 분뇨 냄새(닭, 돼지, 소)",1:1,306
2025-09-05 21:10:00,35.958855,126.99289,부송동,4,"가축 분뇨 냄새(닭, 돼지, 소)",1:0,306
2025-09-05 21:11:00,35.951866,126.983154,어양동,3,"가축 분뇨 냄새(닭, 돼지, 소)",-1:-2,306
2025-09-05 21:15:00,35.961884,126.98585,어양동,4,"가축 분뇨 냄새(닭, 돼지, 소)",0:1,306
2025-09-05 21:18:00,35.961838,126.98578,어양동,5,"가축 분뇨 냄새(닭, 돼지, 소)",0:1,306
2025-09-05 21:18:00,35.95672,126.97604,영등동,4,"가축 분뇨 냄새(닭, 돼지, 소)",-2:0,306
2025-09-05 21:20:00,35.953815,126.98357,어양동,4,"가축 분뇨 냄새(닭, 돼지, 소)",-1:-1,306
2025-09-05 21:22:00,35.96017,126.984856,어양동,4,"가축 분뇨 냄새(닭, 돼지, 소)",0:0,306
2025-09-05 21:24:00,35.965267,126.986305,부송동,4,"가축 분뇨 냄새(닭, 돼지, 소)",0:1,306
2025-09-05 21:25:00,35.9538,126.98357,어양동,4,"가축 분뇨 냄새(닭, 돼지, 소)",-1:-1,306
2025-09-05 21:30:00,35.95712,126.98065,어양동,5,"가축 분뇨 냄새(닭, 돼지, 소)",-1:0,306
2025-09-05 21:36:00,35.955544,126.98587,어양동,5,"공장 냄새(화학약품, 매캐함)",0:-1,306
2025-09-05 23:14:00,35.937347,126.9716,마동,5,소각 냄새(태우는 냄새),-3:-5,-1
2025-09-06 03:05:00,35.93491,126.94641,평화동,2,"가축 분뇨 냄새(닭, 돼지, 소)",-7:-5,-1
2025-09-06 03:58:00,35.934834,126.946686,평화동,5,"가축 분뇨 냄새(닭, 돼지, 소)",-7:-5,-1
2025-09-06 05:31:00,35.96911,127.09015,왕궁면 흥암리,1,기타,19:2,-1
2025-09-06 19:05:00,35.93466,126.94645,평화동,5,"가축 분뇨 냄새(닭, 돼지, 소)",-7:-5,-1
2025-09-07 19:01:00,35.94812,127.020645,춘포면 신동리,5,"가축 분뇨 냄새(닭, 돼지, 소)",6:-2,-1
2025-09-07 19:20:00,35.948093,127.02065,춘포면 신동리,5,"가축 분뇨 냄새(닭, 돼지, 소)",6:-2,-1
2025-09-07 21:55:00,35.923542,127.05413,춘포면 쌍정리,5,"가축 분뇨 냄새(닭, 돼지, 소)",12:-8,-1
2025-09-07 22:12:00,35.968414,127.09073,왕궁면 흥암리,5,"가축 분뇨 냄새(닭, 돼지, 소)",19:2,-1
2025-09-07 22:13:00,35.968803,127.09083,왕궁면 흥암리,5,"가축 분뇨 냄새(닭, 돼지, 소)",19:2,-1
2025-09-08 19:44:00,35.9348,126.94652,평화동,4,"가축 분뇨 냄새(닭, 돼지, 소)",-7:-5,-1
2025-09-08 19:57:00,35.961403,126.99425,부송동,4,"공장 냄새(화학약품, 매캐함)",1:1,-1
2025-09-08 21:23:00,35.960907,126.9943,부송동,3,"공장 냄새(화학약품, 매캐함)",1:0,-1
2025-09-08 22:13:00,35.961456,126.99425,부송동,3,"공장 냄새(화학약품, 매캐함)",1:1,-1
2025-09-08 22:30:00,35.96373,126.982376,어양동,3,"공장 냄새(화학약품, 매캐함)",-1:1,-1
2025-09-09 05:48:00,35.93613,126.97061,마동,5,"가축 분뇨 냄새(닭, 돼지, 소)",-3:-5,-1
2025-09-09 05:55:00,35.934685,126.9467,평화동,4,"가축 분뇨 냄새(닭, 돼지, 소)",-7:-5,-1
2025-09-09 07:51:00,35.969482,127.09147,왕궁면 흥암리,4,"가축 분뇨 냄새(닭, 돼지, 소)",19:2,-1
2025-09-09 08:56:00,35.969643,127.09092,왕궁면 흥암리,5,"공장 냄새(화학약품, 매캐함)",19:2,-1
2025-09-09 10:52:00,35.913418,126.86166,오산면 신지리,2,"가축 분뇨 냄새(닭, 돼지, 소)",-23:-10,-1
2025-09-10 00:53:00,35.969105,127.09015,왕궁면 흥암리,2,"가축 분뇨 냄새(닭, 돼지, 소)",19:2,-1
2025-09-10 20:49:00,35.93486,126.97253,마동,3,"공장 냄새(화학약품, 매캐함)",-3:-5,-1
2025-09-10 21:23:00,35.944733,126.96931,마동,3,"공장 냄새(화학약품, 매캐함)",-3:-3,-1
2025-09-10 21:37:00,36.036236,126.984924,삼기면 오룡리,5,"가축 분뇨 냄새(닭, 돼지, 소)",0:17,-1
2025-09-10 22:09:00,35.965763,127.016464,팔봉동,3,"공장 냄새(화학약품, 매캐함)",5:2,-1
2025-09-10 22:46:00,35.96951,127.08969,왕궁면 흥암리,3,"공장 냄새(화학약품, 매캐함)",19:2,-1
2025-09-10 23:04:00,35.96905,127.09014,왕궁면 흥암리,5,"공장 냄새(화학약품, 매캐함)",19:2,-1
2025-09-10 23:06:00,35.96981,127.09097,왕궁면 흥암리,4,"가축 분뇨 냄새(닭, 돼지, 소)",19:2,-1
2025-09-10 23:53:00,35.96902,127.090034,왕궁면 흥암리,5,"공장 냄새(화학약품, 매캐함)",19:2,-1
2025-09-11 00:26:00,35.9342,126.97148,마동,4,"공장 냄새(화학약품, 매캐함)",-3:-5,-1
2025-09-11 01:09:00,35.956184,126.99658,부송동,3,"공장 냄새(화학약품, 매캐함)",2:-1,-1
2025-09-11 19:31:00,35.969437,127.09138,왕궁면 흥암리,4,"가축 분뇨 냄새(닭, 돼지, 소)",19:2,-1
2025-09-11 19:56:00,35.941845,126.96892,마동,3,"공장 냄새(화학약품, 매캐함)",-3:-4,-1
2025-09-11 20:07:00,35.96854,127.090126,왕궁면 흥암리,4,"가축 분뇨 냄새(닭, 돼지, 소)",19:2,-1
2025-09-11 22:58:00,35.961456,126.9942,부송동,3,"공장 냄새(화학약품, 매캐함)",1:1,-1
2025-09-12 07:49:00,35.96937,127.09011,왕궁면 흥암리,3,"가축 분뇨 냄새(닭, 돼지, 소)",19:2,-1
2025-09-12 17:31:00,35.944614,126.96916,마동,5,"공장 냄새(화학약품, 매캐함)",-3:-3,-1
2025-09-12 20:14:00,35.96097,126.994286,부송동,2,"공장 냄새(화학약품, 매캐함)",1:0,-1
2025-09-12 21:30:00,36.036217,126.984924,삼기면 오룡리,3,"가축 분뇨 냄새(닭, 돼지, 소)",0:17,-1
2025-09-12 22:58:00,35.934685,126.94648,평화동,4,"가축 분뇨 냄새(닭, 돼지, 소)",-7:-5,-1
2025-09-13 03:15:00,35.93491,126.94651,평화동,4,"가축 분뇨 냄새(닭, 돼지, 소)",-7:-5,-1
2025-09-13 04:55:00,35.956673,126.976036,영등동,3,"가축 분뇨 냄새(닭, 돼지, 소)",-2:0,-1
2025-09-13 20:44:00,35.965645,127.08749,왕궁면 흥암리,3,"가축 분뇨 냄새(닭, 돼지, 소)",18:2,-1
2025-09-13 20:55:00,35.948196,127.02062,춘포면 신동리,5,"가축 분뇨 냄새(닭, 돼지, 소)",6:-2,-1
2025-09-13 21:35:00,35.956596,126.99784,부송동,5,"가축 분뇨 냄새(닭, 돼지, 소)",2:0,-1
2025-09-13 21:49:00,35.969772,127.09049,왕궁면 흥암리,5,"가축 분뇨 냄새(닭, 돼지, 소)",19:2,-1
2025-09-13 22:41:00,35.969,127.091255,왕궁면 흥암리,5,"가축 분뇨 냄새(닭, 돼지, 소)",19:2,-1
2025-09-14 00:39:00,35.935097,126.971,마동,4,"가축 분뇨 냄새(닭, 돼지, 소)",-3:-5,-1
2025-09-14 00:46:00,35.95456,126.9862,어양동,4,"가축 분뇨 냄새(닭, 돼지, 소)",0:-1,-1
2025-09-14 00:47:00,35.957134,126.98065,어양동,5,"가축 분뇨 냄새(닭, 돼지, 소)",-1:0,-1
2025-09-14 00:47:00,35.962433,126.983116,어양동,5,"가축 분뇨 냄새(닭, 돼지, 소)",-1:1,-1
2025-09-14 00:54:00,35.96306,126.99089,부송동,4,"가축 분뇨 냄새(닭, 돼지, 소)",1:1,-1
2025-09-14 00:55:00,35.940353,126.96673,마동,5,"가축 분뇨 냄새(닭, 돼지, 소)",-4:-4,-1
2025-09-14 00:58:00,35.95609,126.99679,부송동,5,"가축 분뇨 냄새(닭, 돼지, 소)",2:-1,-1
2025-09-14 01:12:00,35.934856,126.94669,평화동,3,"가축 분뇨 냄새(닭, 돼지, 소)",-7:-5,-1
2025-09-14 01:41:00,35.934536,126.94671,평화동,5,"가축 분뇨 냄새(닭, 돼지, 소)",-7:-5,-1
2025-09-14 01:48:00,35.93469,126.94649,평화동,5,"가축 분뇨 냄새(닭, 돼지, 소)",-7:-5,-1
2025-09-14 04:13:00,35.934914,126.946526,평화동,5,"가축 분뇨 냄새(닭, 돼지, 소)",-7:-5,-1
2025-09-14 04:24:00,35.93473,126.947685,평화동,4,"가축 분뇨 냄새(닭, 돼지, 소)",-7:-5,-1
2025-09-14 08:40:00,35.935448,126.9718,마동,4,"가축 분뇨 냄새(닭, 돼지, 소)",-3:-5,-1
2025-09-14 23:03:00,35.969807,127.09003,왕궁면 흥암리,4,"가축 분뇨 냄새(닭, 돼지, 소)",19:2,-1
2025-09-14 23:06:00,35.969536,127.0916,왕궁면 흥암리,3,"가축 분뇨 냄새(닭, 돼지, 소)",19:2,-1
2025-09-14 23:34:00,35.934673,126.97416,금강동,3,"가축 분뇨 냄새(닭, 돼지, 소)",-2:-5,307
2025-09-14 23:53:00,35.956535,126.99719,부송동,4,"가축 분뇨 냄새(닭, 돼지, 소)",2:-1,-1
2025-09-14 23:57:00,35.957134,126.98065,어양동,5,"가축 분뇨 냄새(닭, 돼지, 소)",-1:0,308
2025-09-15 00:00:00,35.93489,126.97326,마동,3,"가축 분뇨 냄새(닭, 돼지, 소)",-2:-5,307
2025-09-15 00:06:00,35.935093,126.97099,마동,4,"가축 분뇨 냄새(닭, 돼지, 소)",-3:-5,307
2025-09-15 00:13:00,35.93544,126.971825,마동,5,"가축 분뇨 냄새(닭, 돼지, 소)",-3:-5,307
2025-09-15 00:14:00,35.931076,126.968834,동산동,3,"가축 분뇨 냄새(닭, 돼지, 소)",-3:-6,307
2025-09-15 00:15:00,35.927303,126.96675,동산동,4,"가축 분뇨 냄새(닭, 돼지, 소)",-4:-7,307
2025-09-15 00:15:00,35.95058,126.9642,영등동,4,"가축 분뇨 냄새(닭, 돼지, 소)",-4:-2,-1
2025-09-15 00:20:00,35.95891,126.98979,부송동,4,"가축 분뇨 냄새(닭, 돼지, 소)",1:0,308
2025-09-15 00:25:00,35.92735,126.96674,동산동,5,"가축 분뇨 냄새(닭, 돼지, 소)",-4:-7,307
2025-09-15 00:30:00,35.955994,126.97622,영등동,4,"가축 분뇨 냄새(닭, 돼지, 소)",-2:-1,308
2025-09-15 00:30:00,35.96117,126.98403,어양동,5,"가축 분뇨 냄새(닭, 돼지, 소)",-1:1,308
2025-09-15 00:39:00,35.93353,126.967316,동산동,5,"가축 분뇨 냄새(닭, 돼지, 소)",-4:-6,307
2025-09-15 00:40:00,35.96087,126.980255,영등동,4,"가축 분뇨 냄새(닭, 돼지, 소)",-1:0,308
2025-09-15 00:47:00,35.94452,126.96973,마동,4,"가축 분뇨 냄새(닭, 돼지, 소)",-3:-3,-1
2025-09-15 18:42:00,35.948097,127.02067,춘포면 신동리,5,"가축 분뇨 냄새(닭, 돼지, 소)",6:-2,-1
2025-09-15 18:46:00,35.948097,127.020676,춘포면 신동리,5,"가축 분뇨 냄새(닭, 돼지, 소)",6:-2,-1
2025-09-15 19:19:00,35.969444,127.09018,왕궁면 흥암리,5,"가축 분뇨 냄새(닭, 돼지, 소)",19:2,-1
2025-09-15 19:22:00,35.969658,127.090576,왕궁면 흥암리,5,"가축 분뇨 냄새(닭, 돼지, 소)",19:2,-1
2025-09-15 19:53:00,35.96961,127.09022,왕궁면 흥암리,4,"가축 분뇨 냄새(닭, 돼지, 소)",19:2,-1
2025-09-15 20:03:00,35.93469,126.94649,평화동,5,"가축 분뇨 냄새(닭, 돼지, 소)",-7:-5,-1
2025-09-15 20:27:00,35.968285,127.090294,왕궁면 흥암리,4,"가축 분뇨 냄새(닭, 돼지, 소)",19:2,309
2025-09-15 21:04:00,35.968758,127.0904,왕궁면 흥암리,5,"가축 분뇨 냄새(닭, 돼지, 소)",19:2,309
2025-09-15 21:15:00,35.96834,127.09059,왕궁면 흥암리,5,"가축 분뇨 냄새(닭, 돼지, 소)",19:2,309
2025-09-15 21:22:00,35.96953,127.09195,왕궁면 흥암리,4,"가축 분뇨 냄새(닭, 돼지, 소)",19:2,309
2025-09-15 21:25:00,35.968468,127.09029,왕궁면 흥암리,4,기타,19:2,309
2025-09-15 23:10:00,35.936596,126.97254,금강동,3,"가축 분뇨 냄새(닭, 돼지, 소)",-3:-5,-1
2025-09-15 23:27:00,35.934242,126.94651,평화동,4,"가축 분뇨 냄새(닭, 돼지, 소)",-7:-5,-1
2025-09-15 23:36:00,35.96104,126.99427,부송동,3,"공장 냄새(화학약품, 매캐함)",1:0,-1
2025-09-16 08:30:00,35.918964,126.86457,오산면 신지리,4,"가축 분뇨 냄새(닭, 돼지, 소)",-22:-9,-1
2025-09-16 20:29:00,35.939396,126.92711,송학동,4,"가축 분뇨 냄새(닭, 돼지, 소)",-11:-4,-1
2025-09-16 21:39:00,35.95632,126.994675,부송동,4,"가축 분뇨 냄새(닭, 돼지, 소)",1:-1,310
2025-09-16 21:42:00,35.961456,126.994194,부송동,3,"가축 분뇨 냄새(닭, 돼지, 소)",1:1,310
2025-09-16 21:51:00,35.956142,126.9953,부송동,4,"가축 분뇨 냄새(닭, 돼지, 소)",1:-1,310
2025-09-16 21:55:00,35.9623,126.992714,부송동,3,"가축 분뇨 냄새(닭, 돼지, 소)",1:1,310
2025-09-16 22:00:00,35.953075,126.98718,어양동,3,"가축 분뇨 냄새(닭, 돼지, 소)",0:-1,310
2025-09-16 22:04:00,35.955914,126.99506,부송동,4,"가축 분뇨 냄새(닭, 돼지, 소)",1:-1,310
2025-09-16 22:40:00,35.948166,127.02065,춘포면 신동리,5,"가축 분뇨 냄새(닭, 돼지, 소)",6:-2,-1
2025-09-16 22:46:00,35.9481,127.02062,춘포면 신동리,5,"가축 분뇨 냄새(닭, 돼지, 소)",6:-2,-1
2025-09-16 22:51:00,35.947308,127.0215,춘포면 신동리,4,"가축 분뇨 냄새(닭, 돼지, 소)",6:-3,-1
2025-09-16 23:02:00,35.961044,126.99392,부송동,4,"가축 분뇨 냄새(닭, 돼지, 소)",1:0,310
2025-09-16 23:58:00,35.934772,126.946236,평화동,5,"가축 분뇨 냄새(닭, 돼지, 소)",-7:-5,-1
2025-09-17 00:00:00,35.934383,126.94654,평화동,3,"가축 분뇨 냄새(닭, 돼지, 소)",-7:-5,-1
2025-09-17 00:35:00,35.935085,126.97124,마동,3,"가축 분뇨 냄새(닭, 돼지, 소)",-3:-5,-1
2025-09-17 00:36:00,35.927704,126.96696,동산동,4,"가축 분뇨 냄새(닭, 돼지, 소)",-4:-7,-1
2025-09-17 00:41:00,35.9341,126.9716,동산동,3,"가축 분뇨 냄새(닭, 돼지, 소)",-3:-5,-1
2025-09-17 00:50:00,35.9312,126.96992,동산동,5,"가축 분뇨 냄새(닭, 돼지, 소)",-3:-6,-1
2025-09-17 00:59:00,35.95713,126.98065,어양동,5,"가축 분뇨 냄새(닭, 돼지, 소)",-1:0,-1
2025-09-17 04:40:00,35.93484,126.973236,금강동,3,"가축 분뇨 냄새(닭, 돼지, 소)",-2:-5,-1
2025-09-17 04:41:00,35.96088,126.97894,영등동,3,"가축 분뇨 냄새(닭, 돼지, 소)",-1:0,-1
2025-09-17 08:08:00,35.932667,126.87973,오산면 신지리,4,"가축 분뇨 냄새(닭, 돼지, 소)",-19:-6,-1
2025-09-17 08:55:00,35.93318,126.9642,동산동,3,"가축 분뇨 냄새(닭, 돼지, 소)",-4:-6,-1
2025-09-17 11:53:00,35.96968,127.09086,왕궁면 흥암리,4,"공장 냄새(화학약품, 매캐함)",19:2,-1
2025-09-17 23:39:00,35.969,127.091255,왕궁면 흥암리,5,"가축 분뇨 냄새(닭, 돼지, 소)",19:2,-1
2025-09-18 02:38:00,35.968353,127.09038,왕궁면 흥암리,5,"가축 분뇨 냄새(닭, 돼지, 소)",19:2,-1
2025-09-18 15:01:00,35.96967,127.09088,왕궁면 흥암리,5,"공장 냄새(화학약품, 매캐함)",19:2,-1
2025-09-18 23:07:00,35.935154,126.9709,마동,5,하수구 냄새,-3:-5,-1
2025-09-19 07:24:00,35.968475,127.09029,왕궁면 흥암리,3,소각 냄새(태우는 냄새),19:2,-1
2025-09-19 23:03:00,35.96991,127.09094,왕궁면 흥암리,5,"공장 냄새(화학약품, 매캐함)",19:2,-1
2025-09-20 19:57:00,35.969723,127.090614,왕궁면 흥암리,3,기타,19:2,311
2025-09-20 20:17:00,35.968567,127.091446,왕궁면 흥암리,4,"가축 분뇨 냄새(닭, 돼지, 소)",19:2,311
2025-09-20 20:27:00,35.913418,126.86166,오산면 신지리,3,"가축 분뇨 냄새(닭, 돼지, 소)",-23:-10,-1
2025-09-20 20:37:00,35.968456,127.091545,왕궁면 흥암리,5,"가축 분뇨 냄새(닭, 돼지, 소)",19:2,311
2025-09-20 20:37:00,35.92357,127.05413,춘포면 쌍정리,5,"가축 분뇨 냄새(닭, 돼지, 소)",12:-8,-1
2025-09-20 20:37:00,35.968067,127.090454,왕궁면 흥암리,5,"가축 분뇨 냄새(닭, 돼지, 소)",19:2,311
2025-09-20 20:40:00,35.96848,127.09138,왕궁면 흥암리,4,"가축 분뇨 냄새(닭, 돼지, 소)",19:2,311
2025-09-20 20:40:00,35.9671,127.09214,왕궁면 흥암리,5,"가축 분뇨 냄새(닭, 돼지, 소)",19:2,311
2025-09-20 21:07:00,35.968964,127.091576,왕궁면 흥암리,4,기타,19:2,311
2025-09-20 22:09:00,35.962303,126.992714,부송동,2,"공장 냄새(화학약품, 매캐함)",1:1,-1
2025-09-20 22:25:00,35.968544,127.090096,왕궁면 흥암리,4,"가축 분뇨 냄새(닭, 돼지, 소)",19:2,-1
2025-09-20 23:08:00,35.937325,126.971634,마동,4,"공장 냄새(화학약품, 매캐함)",-3:-5,-1
2025-09-20 23:41:00,35.9348,126.970955,마동,4,"공장 냄새(화학약품, 매캐함)",-3:-5,-1
2025-09-21 03:04:00,35.94575,126.96216,마동,5,"가축 분뇨 냄새(닭, 돼지, 소)",-4:-3,-1
2025-09-21 17:49:00,36.067825,126.9867,낭산면 용기리,5,"가축 분뇨 냄새(닭, 돼지, 소)",0:24,-1
2025-09-21 19:36:00,35.96928,127.09054,왕궁면 흥암리,4,"가축 분뇨 냄새(닭, 돼지, 소)",19:2,-1
2025-09-21 20:26:00,35.969513,127.0914,왕궁면 흥암리,5,"가축 분뇨 냄새(닭, 돼지, 소)",19:2,-1
2025-09-21 20:59:00,35.969776,127.09059,왕궁면 흥암리,5,"가축 분뇨 냄새(닭, 돼지, 소)",19:2,-1
2025-09-21 21:26:00,35.96847,127.09045,왕궁면 흥암리,4,기타,19:2,-1
2025-09-21 22:23:00,35.934864,126.97254,마동,3,"공장 냄새(화학약품, 매캐함)",-3:-5,-1
2025-09-21 22:41:00,35.943336,126.97042,신흥동,4,"공장 냄새(화학약품, 매캐함)",-3:-3,-1
2025-09-21 23:30:00,35.956017,126.98071,어양동,4,"공장 냄새(화학약품, 매캐함)",-1:-1,-1
2025-09-21 23:49:00,35.956036,126.995346,부송동,5,"공장 냄새(화학약품, 매캐함)",2:-1,-1
2025-09-22 00:12:00,35.95644,126.996895,부송동,3,"공장 냄새(화학약품, 매캐함)",2:-1,-1
2025-09-22 01:21:00,35.969646,127.09217,왕궁면 흥암리,3,"공장 냄새(화학약품, 매캐함)",19:2,-1
2025-09-22 14:08:00,35.92328,126.9789,금강동,5,음식조리 냄새,-1:-8,-1
2025-09-22 14:08:00,35.92328,126.97889,금강동,2,음식조리 냄새,-1:-8,-1
2025-09-22 17:12:00,36.067833,126.98672,낭산면 용기리,4,"가축 분뇨 냄새(닭, 돼지, 소)",0:24,-1
2025-09-22 18:17:00,35.96885,127.09017,왕궁면 흥암리,4,"가축 분뇨 냄새(닭, 돼지, 소)",19:2,312
2025-09-22 18:30:00,35.968338,127.09037,왕궁면 흥암리,5,기타,19:2,312
2025-09-22 18:37:00,35.968525,127.090294,왕궁면 흥암리,4,"가축 분뇨 냄새(닭, 돼지, 소)",19:2,312
2025-09-22 19:09:00,35.96854,127.0901,왕궁면 흥암리,3,"가축 분뇨 냄새(닭, 돼지, 소)",19:2,312
2025-09-22 19:13:00,35.96863,127.0908,왕궁면 흥암리,5,"가축 분뇨 냄새(닭, 돼지, 소)",19:2,312
2025-09-22 19:16:00,35.969124,127.091835,왕궁면 흥암리,5,"가축 분뇨 냄새(닭, 돼지, 소)",19:2,312
2025-09-22 19:17:00,35.96952,127.0914,왕궁면 흥암리,5,"가축 분뇨 냄새(닭, 돼지, 소)",19:2,312
2025-09-22 19:58:00,35.969143,127.09001,왕궁면 흥암리,4,"가축 분뇨 냄새(닭, 돼지, 소)",19:2,312
2025-09-22 20:04:00,35.969532,127.09159,왕궁면 흥암리,4,"가축 분뇨 냄새(닭, 돼지, 소)",19:2,312
2025-09-22 20:05:00,35.969055,127.09182,왕궁면 흥암리,4,"가축 분뇨 냄새(닭, 돼지, 소)",19:2,312
2025-09-22 21:14:00,35.923588,127.05418,춘포면 쌍정리,4,"가축 분뇨 냄새(닭, 돼지, 소)",12:-8,-1
2025-09-22 21:16:00,35.96856,127.09143,왕궁면 흥암리,4,"가축 분뇨 냄새(닭, 돼지, 소)",19:2,-1
2025-09-22 21:34:00,35.968445,127.08952,왕궁면 흥암리,5,"가축 분뇨 냄새(닭, 돼지, 소)",18:2,-1
2025-09-22 22:13:00,35.934692,126.9711,마동,3,"공장 냄새(화학약품, 매캐함)",-3:-5,-1
2025-09-23 08:31:00,35.968563,127.090576,왕궁면 흥암리,5,"가축 분뇨 냄새(닭, 돼지, 소)",19:2,-1
2025-09-23 16:35:00,36.067833,126.986694,낭산면 용기리,5,"가축 분뇨 냄새(닭, 돼지, 소)",0:24,-1
2025-09-23 18:45:00,35.934284,126.97146,마동,5,"가축 분뇨 냄새(닭, 돼지, 소)",-3:-5,-1
2025-09-23 18:58:00,35.934376,126.94653,평화동,4,"가축 분뇨 냄새(닭, 돼지, 소)",-7:-5,-1
2025-09-23 18:59:00,35.928707,126.96294,동산동,4,"가축 분뇨 냄새(닭, 돼지, 소)",-4:-7,-1
2025-09-23 19:32:00,35.93807,126.926994,송학동,3,"가축 분뇨 냄새(닭, 돼지, 소)",-11:-5,-1
2025-09-23 19:33:00,35.96108,126.99426,부송동,3,"공장 냄새(화학약품, 매캐함)",1:0,-1
2025-09-23 19:38:00,35.968296,127.09137,왕궁면 흥암리,5,"가축 분뇨 냄새(닭, 돼지, 소)",19:2,-1
2025-09-23 19:49:00,35.969124,127.09184,왕궁면 흥암리,5,"가축 분뇨 냄새(닭, 돼지, 소)",19:2,-1
2025-09-23 20:01:00,35.968555,127.09088,왕궁면 흥암리,5,"가축 분뇨 냄새(닭, 돼지, 소)",19:2,-1
2025-09-23 20:05:00,35.96145,126.9942,부송동,3,"공장 냄새(화학약품, 매캐함)",1:1,-1
2025-09-23 20:37:00,35.968487,127.089554,왕궁면 흥암리,4,"가축 분뇨 냄새(닭, 돼지, 소)",18:2,313
2025-09-23 20:39:00,35.9614,126.99425,부송동,3,"공장 냄새(화학약품, 매캐함)",1:1,-1
2025-09-23 21:02:00,35.968582,127.09165,왕궁면 흥암리,5,"가축 분뇨 냄새(닭, 돼지, 소)",19:2,313
2025-09-23 21:03:00,35.96884,127.09109,왕궁면 흥암리,5,"가축 분뇨 냄새(닭, 돼지, 소)",19:2,313
2025-09-23 22:13:00,35.961933,126.98566,어양동,4,"가축 분뇨 냄새(닭, 돼지, 소)",0:1,-1
2025-09-23 22:16:00,35.967876,127.08942,왕궁면 흥암리,3,"가축 분뇨 냄새(닭, 돼지, 소)",18:2,-1
2025-09-23 22:25:00,35.95862,126.99736,부송동,5,"공장 냄새(화학약품, 매캐함)",2:0,-1
2025-09-24 00:44:00,35.935112,126.97099,마동,4,"공장 냄새(화학약품, 매캐함)",-3:-5,-1
2025-09-24 00:45:00,35.93733,126.97165,마동,5,"공장 냄새(화학약품, 매캐함)",-3:-5,-1
2025-09-24 01:11:00,36.036415,126.9807,삼기면 오룡리,5,"가축 분뇨 냄새(닭, 돼지, 소)",-1:17,-1
2025-09-24 04:47:00,35.95679,126.97582,영등동,2,"가축 분뇨 냄새(닭, 돼지, 소)",-2:0,-1
2025-09-24 06:58:00,35.962807,126.98508,부송동,4,"가축 분뇨 냄새(닭, 돼지, 소)",0:1,-1
2025-09-24 18:06:00,35.9306,126.95681,인화동2가,5,"가축 분뇨 냄새(닭, 돼지, 소)",-5:-6,-1
2025-09-24 20:23:00,35.961105,126.99425,부송동,3,"공장 냄새(화학약품, 매캐함)",1:1,-1
2025-09-24 23:32:00,35.96979,127.0907,왕궁면 흥암리,4,"가축 분뇨 냄새(닭, 돼지, 소)",19:2,-1
2025-09-24 23:52:00,35.968395,127.089485,왕궁면 흥암리,5,음식조리 냄새,18:2,-1
2025-09-25 05:07:00,35.969715,127.09092,왕궁면 흥암리,5,"공장 냄새(화학약품, 매캐함)",19:2,-1
2025-09-25 05:28:00,35.94451,126.93027,송학동,4,"가축 분뇨 냄새(닭, 돼지, 소)",-10:-3,-1
2025-09-25 11:06:00,35.96456,127.0155,팔봉동,3,"공장 냄새(화학약품, 매캐함)",5:1,-1
2025-09-25 15:53:00,35.960472,126.999084,부송동,3,"가축 분뇨 냄새(닭, 돼지, 소)",2:0,-1
2025-09-25 16:23:00,35.96076,126.97882,영등동,2,"가축 분뇨 냄새(닭, 돼지, 소)",-1:0,-1
2025-09-25 23:01:00,36.03636,126.98062,삼기면 오룡리,4,"가축 분뇨 냄새(닭, 돼지, 소)",-1:17,-1
2025-09-26 08:30:00,35.933315,127.056076,왕궁면 쌍제리,4,"가축 분뇨 냄새(닭, 돼지, 소)",12:-6,-1
2025-09-26 21:08:00,35.934647,126.94643,평화동,3,기타,-7:-5,-1
2025-09-26 22:20:00,35.96196,126.98566,어양동,4,"가축 분뇨 냄새(닭, 돼지, 소)",0:1,-1
2025-09-27 05:29:00,35.943336,126.97042,신흥동,3,"공장 냄새(화학약품, 매캐함)",-3:-3,-1
2025-09-27 19:10:00,35.997078,126.94863,황등면 황등리,5,"가축 분뇨 냄새(닭, 돼지, 소)",-7:8,-1
2025-09-28 07:00:00,35.934917,126.94641,평화동,4,"가축 분뇨 냄새(닭, 돼지, 소)",-7:-5,-1
2025-09-28 08:20:00,35.913418,126.86166,오산면 신지리,3,"가축 분뇨 냄새(닭, 돼지, 소)",-23:-10,-1
2025-09-28 09:59:00,35.964577,127.01552,팔봉동,2,"공장 냄새(화학약품, 매캐함)",5:1,-1
2025-09-28 12:59:00,36.11093,126.98586,용동면 용성리,4,"가축 분뇨 냄새(닭, 돼지, 소)",0:34,-1
2025-09-29 02:00:00,35.934433,126.94657,평화동,4,"가축 분뇨 냄새(닭, 돼지, 소)",-7:-5,-1
2025-09-29 02:13:00,35.934917,126.973145,마동,4,"가축 분뇨 냄새(닭, 돼지, 소)",-2:-5,-1
2025-09-29 02:14:00,35.934937,126.946526,평화동,5,"가축 분뇨 냄새(닭, 돼지, 소)",-7:-5,-1
2025-09-29 02:21:00,35.93445,126.94656,평화동,5,"가축 분뇨 냄새(닭, 돼지, 소)",-7:-5,-1
2025-09-29 03:16:00,35.934643,126.946434,평화동,5,기타,-7:-5,-1
2025-09-29 07:15:00,35.913418,126.86166,오산면 신지리,5,"가축 분뇨 냄새(닭, 돼지, 소)",-23:-10,-1
2025-09-29 21:53:00,35.93466,126.94644,평화동,5,"가축 분뇨 냄새(닭, 돼지, 소)",-7:-5,-1
2025-09-29 22:27:00,35.96848,127.08954,왕궁면 흥암리,4,"가축 분뇨 냄새(닭, 돼지, 소)",18:2,-1
2025-09-29 22:32:00,35.968555,127.089836,왕궁면 흥암리,5,음식조리 냄새,19:2,-1
2025-09-29 22:58:00,35.969765,127.09061,왕궁면 흥암리,5,"가축 분뇨 냄새(닭, 돼지, 소)",19:2,-1
2025-09-30 00:04:00,35.9344,126.9716,마동,5,"가축 분뇨 냄새(닭, 돼지, 소)",-3:-5,-1
2025-09-30 03:07:00,35.943336,126.97042,신흥동,3,"공장 냄새(화학약품, 매캐함)",-3:-3,-1
2025-09-30 06:24:00,35.913418,126.86166,오산면 신지리,4,"가축 분뇨 냄새(닭, 돼지, 소)",-23:-10,-1
2025-09-30 16:57:00,35.933304,127.05612,왕궁면 쌍제리,4,"가축 분뇨 냄새(닭, 돼지, 소)",12:-6,-1
2025-09-30 18:06:00,35.969776,127.09051,왕궁면 흥암리,5,"가축 분뇨 냄새(닭, 돼지, 소)",19:2,-1
2025-09-30 21:03:00,36.04267,126.996414,낭산면 구평리,4,"가축 분뇨 냄새(닭, 돼지, 소)",2:19,-1
2025-09-30 21:34:00,35.968933,127.0914,왕궁면 흥암리,5,"공장 냄새(화학약품, 매캐함)",19:2,314
2025-09-30 21:37:00,35.968662,127.09044,왕궁면 흥암리,5,기타,19:2,314
2025-09-30 21:37:00,35.960938,126.99432,부송동,3,"공장 냄새(화학약품, 매캐함)",1:0,-1
2025-09-30 21:41:00,35.969078,127.09137,왕궁면 흥암리,4,"가축 분뇨 냄새(닭, 돼지, 소)",19:2,314
2025-09-30 21:42:00,35.96897,127.09019,왕궁면 흥암리,5,"공장 냄새(화학약품, 매캐함)",19:2,314
2025-09-30 21:48:00,35.958435,126.99732,부송동,5,"공장 냄새(화학약품, 매캐함)",2:0,-1
2025-09-30 21:54:00,35.968998,127.09008,왕궁면 흥암리,5,"공장 냄새(화학약품, 매캐함)",19:2,314
2025-09-30 22:15:00,35.93474,126.97226,마동,5,"가축 분뇨 냄새(닭, 돼지, 소)",-3:-5,-1
2025-09-30 22:16:00,35.934113,126.97161,동산동,4,"가축 분뇨 냄새(닭, 돼지, 소)",-3:-5,-1
2025-09-30 22:23:00,35.93125,126.967804,동산동,4,"가축 분뇨 냄새(닭, 돼지, 소)",-3:-6,-1
2025-09-30 22:34:00,35.93105,126.96882,동산동,3,"가축 분뇨 냄새(닭, 돼지, 소)",-3:-6,-1
2025-10-01 00:13:00,35.934986,126.946014,평화동,4,"가축 분뇨 냄새(닭, 돼지, 소)",-7:-5,-1
2025-10-01 00:42:00,35.93488,126.94665,평화동,5,"가축 분뇨 냄새(닭, 돼지, 소)",-7:-5,-1
2025-10-01 01:50:00,35.93733,126.97164,마동,4,"공장 냄새(화학약품, 매캐함)",-3:-5,-1
2025-10-01 02:43:00,35.96073,126.97875,영등동,3,"가축 분뇨 냄새(닭, 돼지, 소)",-1:0,-1
2025-10-01 05:23:00,35.968555,127.091446,왕궁면 흥암리,4,"가축 분뇨 냄새(닭, 돼지, 소)",19:2,-1
2025-10-01 07:16:00,35.956215,126.9952,부송동,3,"공장 냄새(화학약품, 매캐함)",1:-1,-1
2025-10-01 07:53:00,35.96569,127.01872,팔봉동,3,"공장 냄새(화학약품, 매캐함)",6:2,-1
2025-10-01 14:39:00,35.933285,127.056145,왕궁면 쌍제리,4,"가축 분뇨 냄새(닭, 돼지, 소)",12:-6,-1
2025-10-01 18:51:00,35.969494,127.0901,왕궁면 흥암리,5,"가축 분뇨 냄새(닭, 돼지, 소)",19:2,-1
2025-10-01 21:15:00,35.928444,126.96386,동산동,4,"가축 분뇨 냄새(닭, 돼지, 소)",-4:-7,-1
2025-10-01 21:40:00,35.93394,126.96401,동산동,4,"가축 분뇨 냄새(닭, 돼지, 소)",-4:-6,315
2025-10-01 21:45:00,35.933186,126.96418,동산동,4,"가축 분뇨 냄새(닭, 돼지, 소)",-4:-6,315
2025-10-01 21:58:00,35.935066,126.97099,마동,4,"가축 분뇨 냄새(닭, 돼지, 소)",-3:-5,315
2025-10-01 22:05:00,35.93484,126.9725,마동,4,"가축 분뇨 냄새(닭, 돼지, 소)",-3:-5,315
2025-10-01 22:42:00,35.936157,126.97111,마동,4,"가축 분뇨 냄새(닭, 돼지, 소)",-3:-5,315
2025-10-01 23:01:00,35.935623,126.97062,마동,4,"가축 분뇨 냄새(닭, 돼지, 소)",-3:-5,315
2025-10-01 23:10:00,35.93465,126.94643,평화동,5,"가축 분뇨 냄새(닭, 돼지, 소)",-7:-5,-1
2025-10-02 01:05:00,35.968967,127.09019,왕궁면 흥암리,5,"공장 냄새(화학약품, 매캐함)",19:2,-1
2025-10-02 06:34:00,35.95305,126.98418,어양동,4,"공장 냄새(화학약품, 매캐함)",-1:-1,-1
2025-10-02 07:17:00,35.93704,126.947105,평화동,4,"가축 분뇨 냄새(닭, 돼지, 소)",-7:-5,-1
2025-10-03 00:13:00,35.96895,127.09185,왕궁면 흥암리,4,"가축 분뇨 냄새(닭, 돼지, 소)",19:2,-1
2025-10-03 01:27:00,35.93465,126.94643,평화동,5,기타,-7:-5,-1
2025-10-03 13:15:00,35.93486,126.97251,마동,3,"공장 냄새(화학약품, 매캐함)",-3:-5,-1
2025-10-03 17:07:00,35.93733,126.97164,마동,3,"공장 냄새(화학약품, 매캐함)",-3:-5,-1
2025-10-03 20:54:00,35.96856,127.09162,왕궁면 흥암리,5,"가축 분뇨 냄새(닭, 돼지, 소)",19:2,-1
2025-10-03 21:06:00,35.967358,127.09233,왕궁면 흥암리,4,"가축 분뇨 냄새(닭, 돼지, 소)",19:2,-1
2025-10-04 21:26:00,35.96831,127.08952,왕궁면 흥암리,5,음식조리 냄새,18:2,-1
2025-10-04 23:17:00,35.934723,126.94648,평화동,4,"가축 분뇨 냄새(닭, 돼지, 소)",-7:-5,-1
2025-10-04 23:37:00,35.934746,126.94647,평화동,5,"가축 분뇨 냄새(닭, 돼지, 소)",-7:-5,-1
2025-10-04 23:53:00,35.934624,126.94672,평화동,4,"가축 분뇨 냄새(닭, 돼지, 소)",-7:-5,-1
2025-10-05 00:42:00,35.969723,127.09077,왕궁면 흥암리,4,"가축 분뇨 냄새(닭, 돼지, 소)",19:2,-1
2025-10-05 19:36:00,36.11063,126.98626,용동면 용성리,4,"가축 분뇨 냄새(닭, 돼지, 소)",0:34,-1
2025-10-05 23:52:00,35.93411,126.97163,동산동,4,"가축 분뇨 냄새(닭, 돼지, 소)",-3:-5,-1
2025-10-06 04:51:00,35.935143,126.94756,평화동,4,"가축 분뇨 냄새(닭, 돼지, 소)",-7:-5,-1
2025-10-06 20:28:00,36.110863,126.98597,용동면 용성리,5,"가축 분뇨 냄새(닭, 돼지, 소)",0:34,-1
2025-10-07 16:18:00,35.969685,127.09056,왕궁면 흥암리,5,"가축 분뇨 냄새(닭, 돼지, 소)",19:2,-1
2025-10-07 16:30:00,35.969105,127.09,왕궁면 흥암리,3,"가축 분뇨 냄새(닭, 돼지, 소)",19:2,-1
2025-10-07 21:27:00,35.93448,126.94656,평화동,4,"가축 분뇨 냄새(닭, 돼지, 소)",-7:-5,-1
2025-10-07 21:47:00,35.93459,126.94664,평화동,4,"가축 분뇨 냄새(닭, 돼지, 소)",-7:-5,-1
2025-10-08 23:31:00,35.962387,126.98401,어양동,3,"공장 냄새(화학약품, 매캐함)",-1:1,-1
2025-10-09 13:26:00,35.94362,127.00738,용제동,4,"가축 분뇨 냄새(닭, 돼지, 소)",4:-3,-1
2025-10-09 16:37:00,35.96909,127.09187,왕궁면 흥암리,4,"가축 분뇨 냄새(닭, 돼지, 소)",19:2,-1
2025-10-09 18:22:00,36.068172,126.98651,낭산면 용기리,5,"가축 분뇨 냄새(닭, 돼지, 소)",0:24,-1
2025-10-09 21:01:00,35.96858,127.09136,왕궁면 흥암리,3,"가축 분뇨 냄새(닭, 돼지, 소)",19:2,-1
2025-10-09 21:44:00,35.96856,127.09162,왕궁면 흥암리,5,"가축 분뇨 냄새(닭, 돼지, 소)",19:2,-1
2025-10-09 22:31:00,35.969723,127.09075,왕궁면 흥암리,5,"가축 분뇨 냄새(닭, 돼지, 소)",19:2,-1
2025-10-09 23:01:00,35.967136,127.09183,왕궁면 흥암리,5,"가축 분뇨 냄새(닭, 돼지, 소)",19:2,-1
2025-10-10 17:34:00,36.110977,126.98602,용동면 용성리,4,"가축 분뇨 냄새(닭, 돼지, 소)",0:34,-1
2025-10-10 22:24:00,35.965767,127.01648,팔봉동,2,"가축 분뇨 냄새(닭, 돼지, 소)",5:2,-1
2025-10-10 22:33:00,35.937984,126.92703,송학동,4,"가축 분뇨 냄새(닭, 돼지, 소)",-11:-5,316
2025-10-10 22:40:00,35.934258,126.946495,평화동,4,"가축 분뇨 냄새(닭, 돼지, 소)",-7:-5,-1
2025-10-10 22:41:00,35.934776,126.94638,평화동,4,"가축 분뇨 냄새(닭, 돼지, 소)",-7:-5,-1
2025-10-10 22:42:00,35.93456,126.94779,평화동,4,"가축 분뇨 냄새(닭, 돼지, 소)",-7:-5,-1
2025-10-10 23:01:00,35.939484,126.927246,송학동,4,"가축 분뇨 냄새(닭, 돼지, 소)",-11:-4,316
2025-10-10 23:01:00,35.942097,126.92967,송학동,5,"가축 분뇨 냄새(닭, 돼지, 소)",-10:-4,316
2025-10-10 23:03:00,35.937767,126.928185,송학동,4,"가축 분뇨 냄새(닭, 돼지, 소)",-11:-5,316
2025-10-10 23:03:00,35.938725,126.92703,송학동,5,"가축 분뇨 냄새(닭, 돼지, 소)",-11:-4,316
2025-10-10 23:04:00,35.938736,126.92714,송학동,4,"가축 분뇨 냄새(닭, 돼지, 소)",-11:-4,316
2025-10-10 23:48:00,35.93469,126.94673,평화동,4,"가축 분뇨 냄새(닭, 돼지, 소)",-7:-5,-1
2025-10-11 01:32:00,35.934658,126.94637,평화동,5,"가축 분뇨 냄새(닭, 돼지, 소)",-7:-5,-1
2025-10-11 02:12:00,35.96229,126.992714,부송동,2,"공장 냄새(화학약품, 매캐함)",1:1,-1
2025-10-11 05:18:00,35.95288,126.98618,어양동,3,하수구 냄새,0:-1,-1
2025-10-11 08:03:00,35.91197,126.86056,오산면 신지리,4,"가축 분뇨 냄새(닭, 돼지, 소)",-23:-10,-1
2025-10-11 08:12:00,35.913425,126.861694,오산면 신지리,4,"가축 분뇨 냄새(닭, 돼지, 소)",-23:-10,-1
2025-10-11 16:57:00,35.997074,126.948586,황등면 황등리,5,"가축 분뇨 냄새(닭, 돼지, 소)",-7:8,-1
2025-10-11 18:26:00,35.937977,126.92703,송학동,4,"가축 분뇨 냄새(닭, 돼지, 소)",-11:-5,-1
2025-10-11 18:44:00,35.945095,127.022575,춘포면 신동리,5,"가축 분뇨 냄새(닭, 돼지, 소)",6:-3,-1
2025-10-11 18:57:00,35.968983,127.09029,왕궁면 흥암리,5,"가축 분뇨 냄새(닭, 돼지, 소)",19:2,-1
2025-10-11 19:13:00,35.967533,127.09199,왕궁면 흥암리,5,"공장 냄새(화학약품, 매캐함)",19:2,-1
2025-10-11 19:28:00,35.96915,127.09001,왕궁면 흥암리,5,"가축 분뇨 냄새(닭, 돼지, 소)",19:2,-1
2025-10-11 19:29:00,35.970978,127.08983,왕궁면 흥암리,5,"가축 분뇨 냄새(닭, 돼지, 소)",19:3,-1
2025-10-11 20:58:00,35.96766,127.09038,왕궁면 흥암리,5,"가축 분뇨 냄새(닭, 돼지, 소)",19:2,-1
2025-10-11 22:05:00,35.96569,127.0187,팔봉동,4,"가축 분뇨 냄새(닭, 돼지, 소)",6:2,-1
2025-10-11 22:11:00,35.94628,126.93414,모현동1가,3,"가축 분뇨 냄새(닭, 돼지, 소)",-10:-3,-1
2025-10-11 22:35:00,35.956318,126.9969,부송동,4,"가축 분뇨 냄새(닭, 돼지, 소)",2:-1,317
2025-10-11 22:41:00,35.956253,126.99455,부송동,4,"가축 분뇨 냄새(닭, 돼지, 소)",1:-1,317
2025-10-11 22:50:00,35.96063,126.994514,부송동,4,"가축 분뇨 냄새(닭, 돼지, 소)",1:0,317
2025-10-11 22:58:00,35.96229,126.99269,부송동,3,"가축 분뇨 냄새(닭, 돼지, 소)",1:1,317
2025-10-11 23:04:00,35.956734,126.99723,부송동,4,"가축 분뇨 냄새(닭, 돼지, 소)",2:0,317
2025-10-11 23:37:00,36.03625,126.98493,삼기면 오룡리,5,"가축 분뇨 냄새(닭, 돼지, 소)",0:17,-1
2025-10-11 23:48:00,35.954235,126.98613,어양동,3,"가축 분뇨 냄새(닭, 돼지, 소)",0:-1,-1
2025-10-12 02:13:00,35.934727,126.94644,평화동,3,"가축 분뇨 냄새(닭, 돼지, 소)",-7:-5,-1
2025-10-12 04:01:00,35.964603,127.01552,팔봉동,1,"공장 냄새(화학약품, 매캐함)",5:1,-1
2025-10-12 14:45:00,35.99709,126.94864,황등면 황등리,5,"가축 분뇨 냄새(닭, 돼지, 소)",-7:8,-1
2025-10-12 19:52:00,35.938004,126.92683,송학동,4,"가축 분뇨 냄새(닭, 돼지, 소)",-11:-5,-1
2025-10-12 20:16:00,35.934666,126.94642,평화동,4,소각 냄새(태우는 냄새),-7:-5,-1
2025-10-12 22:55:00,35.934906,126.97096,마동,4,"가축 분뇨 냄새(닭, 돼지, 소)",-3:-5,318
2025-10-12 22:56:00,35.930874,126.96906,동산동,5,"가축 분뇨 냄새(닭, 돼지, 소)",-3:-6,318
2025-10-12 22:58:00,35.931263,126.9678,동산동,4,"가축 분뇨 냄새(닭, 돼지, 소)",-3:-6,318
2025-10-12 23:00:00,35.931335,126.96882,동산동,5,"가축 분뇨 냄새(닭, 돼지, 소)",-3:-6,318
2025-10-12 23:02:00,35.934704,126.97229,마동,4,"가축 분뇨 냄새(닭, 돼지, 소)",-3:-5,318
2025-10-12 23:07:00,35.934116,126.97165,동산동,3,"가축 분뇨 냄새(닭, 돼지, 소)",-3:-5,318
2025-10-12 23:08:00,35.9364,126.96916,마동,4,"가축 분뇨 냄새(닭, 돼지, 소)",-3:-5,318
2025-10-12 23:24:00,35.934517,126.97276,금강동,5,"가축 분뇨 냄새(닭, 돼지, 소)",-3:-5,318
2025-10-12 23:43:00,35.94493,126.96908,마동,5,"가축 분뇨 냄새(닭, 돼지, 소)",-3:-3,318
2025-10-12 23:47:00,35.929283,126.967224,동산동,5,"가축 분뇨 냄새(닭, 돼지, 소)",-4:-7,318
2025-10-13 00:07:00,35.968353,127.09037,왕궁면 흥암리,3,기타,19:2,-1
2025-10-13 17:41:00,35.968357,127.09038,왕궁면 흥암리,4,"가축 분뇨 냄새(닭, 돼지, 소)",19:2,-1
2025-10-14 14:16:00,35.93315,127.05603,왕궁면 쌍제리,4,"가축 분뇨 냄새(닭, 돼지, 소)",12:-6,-1
2025-10-15 09:01:00,35.93466,126.94642,평화동,5,하수구 냄새,-7:-5,-1
2025-10-15 18:42:00,35.96924,127.090614,왕궁면 흥암리,3,"가축 분뇨 냄새(닭, 돼지, 소)",19:2,-1
2025-10-15 18:44:00,35.968952,127.08997,왕궁면 흥암리,5,"가축 분뇨 냄새(닭, 돼지, 소)",19:2,-1
2025-10-15 18:59:00,35.96865,127.09143,왕궁면 흥암리,4,"가축 분뇨 냄새(닭, 돼지, 소)",19:2,-1
2025-10-16 12:12:00,36.11093,126.98596,용동면 용성리,4,"가축 분뇨 냄새(닭, 돼지, 소)",0:34,-1
2025-10-16 18:33:00,35.997074,126.94865,황등면 황등리,5,"가축 분뇨 냄새(닭, 돼지, 소)",-7:8,-1
2025-10-16 19:09:00,35.967052,127.08963,왕궁면 흥암리,2,소각 냄새(태우는 냄새),18:2,-1
2025-10-16 22:45:00,35.96196,126.98566,어양동,4,"공장 냄새(화학약품, 매캐함)",0:1,-1
2025-10-16 22:55:00,35.96973,127.09095,왕궁면 흥암리,4,"공장 냄새(화학약품, 매캐함)",19:2,-1
2025-10-17 07:32:00,35.93123,126.968,동산동,4,소각 냄새(태우는 냄새),-3:-6,-1
2025-10-17 21:13:00,35.96913,127.08995,왕궁면 흥암리,4,"가축 분뇨 냄새(닭, 돼지, 소)",19:2,319
2025-10-17 21:13:00,35.969135,127.08996,왕궁면 흥암리,5,"가축 분뇨 냄새(닭, 돼지, 소)",19:2,319
2025-10-17 21:14:00,35.96968,127.09072,왕궁면 흥암리,4,"가축 분뇨 냄새(닭, 돼지, 소)",19:2,319
2025-10-17 21:32:00,35.96854,127.09014,왕궁면 흥암리,4,"가축 분뇨 냄새(닭, 돼지, 소)",19:2,319
2025-10-17 21:35:00,35.96974,127.090904,왕궁면 흥암리,3,"가축 분뇨 냄새(닭, 돼지, 소)",19:2,319
2025-10-17 21:41:00,35.95302,126.98424,어양동,4,"공장 냄새(화학약품, 매캐함)",0:-1,-1
2025-10-19 12:08:00,36.131817,126.98483,망성면 화산리,4,"가축 분뇨 냄새(닭, 돼지, 소)",0:38,-1
2025-10-22 07:34:00,35.948105,127.02066,춘포면 신동리,5,"가축 분뇨 냄새(닭, 돼지, 소)",6:-2,-1
2025-10-22 07:35:00,35.948086,127.02068,춘포면 신동리,5,"가축 분뇨 냄새(닭, 돼지, 소)",6:-2,-1
2025-10-22 22:01:00,35.96938,127.09118,왕궁면 흥암리,5,"가축 분뇨 냄새(닭, 돼지, 소)",19:2,-1
2025-10-23 22:04:00,36.110943,126.986,용동면 용성리,4,"가축 분뇨 냄새(닭, 돼지, 소)",0:34,-1
2025-10-24 08:12:00,35.94808,127.02067,춘포면 신동리,5,"가축 분뇨 냄새(닭, 돼지, 소)",6:-2,-1
2025-10-25 00:20:00,35.969494,127.09006,왕궁면 흥암리,4,"가축 분뇨 냄새(닭, 돼지, 소)",19:2,-1
2025-10-26 01:09:00,35.969814,127.09108,왕궁면 흥암리,5,음식조리 냄새,19:2,-1
2025-10-27 18:55:00,35.9698,127.090256,왕궁면 흥암리,4,"가축 분뇨 냄새(닭, 돼지, 소)",19:2,-1
2025-10-28 00:07:00,35.960445,126.99901,부송동,4,"공장 냄새(화학약품, 매캐함)",2:0,-1
2025-10-28 20:30:00,35.949512,126.9851,어양동,3,"공장 냄새(화학약품, 매캐함)",0:-2,-1
2025-10-29 00:01:00,35.93733,126.97164,마동,5,"공장 냄새(화학약품, 매캐함)",-3:-5,-1
2025-10-29 02:21:00,35.960545,126.999084,부송동,5,"공장 냄새(화학약품, 매캐함)",2:0,-1
2025-10-29 02:46:00,35.94367,126.970055,신흥동,4,"공장 냄새(화학약품, 매캐함)",-3:-3,-1
2025-10-29 03:31:00,35.955406,126.988075,어양동,5,"공장 냄새(화학약품, 매캐함)",0:-1,-1
2025-10-29 08:04:00,35.913406,126.86166,오산면 신지리,3,"가축 분뇨 냄새(닭, 돼지, 소)",-23:-10,-1
2025-10-29 08:55:00,35.97119,126.9558,신동,2,"가축 분뇨 냄새(닭, 돼지, 소)",-6:3,-1
2025-10-29 18:16:00,35.969093,127.09016,왕궁면 흥암리,5,소각 냄새(태우는 냄새),19:2,-1
2025-10-29 21:13:00,35.95362,126.98483,어양동,5,"공장 냄새(화학약품, 매캐함)",0:-1,-1
2025-10-29 22:13:00,35.963024,126.98468,부송동,5,"공장 냄새(화학약품, 매캐함)",0:1,-1
2025-10-29 23:05:00,35.96044,126.999084,부송동,4,"공장 냄새(화학약품, 매캐함)",2:0,-1
2025-10-30 07:49:00,35.913406,126.86166,오산면 신지리,4,"가축 분뇨 냄새(닭, 돼지, 소)",-23:-10,-1
2025-10-30 18:32:00,35.967144,127.0901,왕궁면 흥암리,3,소각 냄새(태우는 냄새),19:2,-1
2025-10-30 18:48:00,35.960163,126.99846,부송동,3,"공장 냄새(화학약품, 매캐함)",2:0,-1
2025-10-30 20:56:00,35.929256,126.967575,동산동,3,"가축 분뇨 냄새(닭, 돼지, 소)",-3:-7,-1
2025-10-30 21:53:00,35.96562,126.98416,부송동,5,소각 냄새(태우는 냄새),-1:2,-1
2025-10-30 23:38:00,35.969494,127.09007,왕궁면 흥암리,4,"가축 분뇨 냄새(닭, 돼지, 소)",19:2,-1
2025-10-31 07:15:00,35.913383,126.861694,오산면 신지리,5,"가축 분뇨 냄새(닭, 돼지, 소)",-23:-10,-1
2025-10-31 15:02:00,35.933205,127.05598,왕궁면 쌍제리,4,"가축 분뇨 냄새(닭, 돼지, 소)",12:-6,-1
2025-10-31 15:02:00,35.93318,127.05612,왕궁면 쌍제리,4,"가축 분뇨 냄새(닭, 돼지, 소)",12:-6,-1
2025-10-31 18:31:00,35.94809,127.02062,춘포면 신동리,5,"가축 분뇨 냄새(닭, 돼지, 소)",6:-2,-1
2025-11-02 21:42:00,35.969784,127.09092,왕궁면 흥암리,5,"공장 냄새(화학약품, 매캐함)",19:2,-1
2025-11-03 22:20:00,35.93411,126.97163,동산동,4,"가축 분뇨 냄새(닭, 돼지, 소)",-3:-5,-1
2025-11-03 23:08:00,35.95592,126.995026,부송동,3,"공장 냄새(화학약품, 매캐함)",1:-1,-1
2025-11-04 18:41:00,35.96948,127.09008,왕궁면 흥암리,3,"가축 분뇨 냄새(닭, 돼지, 소)",19:2,-1
2025-11-05 00:30:00,35.937332,126.971634,마동,5,"공장 냄새(화학약품, 매캐함)",-3:-5,-1
2025-11-05 22:56:00,35.935024,126.97112,마동,5,"공장 냄새(화학약품, 매캐함)",-3:-5,-1
2025-11-06 00:14:00,35.934143,126.97154,마동,5,"공장 냄새(화학약품, 매캐함)",-3:-5,-1
2025-11-06 20:51:00,35.969696,127.09217,왕궁면 흥암리,5,"가축 분뇨 냄새(닭, 돼지, 소)",19:2,-1
2025-11-06 22:26:00,35.937325,126.97164,마동,5,"공장 냄새(화학약품, 매캐함)",-3:-5,-1
2025-11-06 22:38:00,35.960167,126.99846,부송동,5,소각 냄새(태우는 냄새),2:0,-1
2025-11-08 09:29:00,35.95953,126.997925,부송동,3,소각 냄새(태우는 냄새),2:0,-1
2025-11-09 21:08:00,35.94769,127.02147,춘포면 신동리,5,"가축 분뇨 냄새(닭, 돼지, 소)",6:-2,-1
2025-11-10 15:16:00,36.110962,126.98595,용동면 용성리,4,"가축 분뇨 냄새(닭, 돼지, 소)",0:34,-1
2025-11-11 01:21:00,35.937332,126.97164,마동,4,"공장 냄새(화학약품, 매캐함)",-3:-5,-1
2025-11-11 07:17:00,35.94736,127.019585,춘포면 신동리,5,"가축 분뇨 냄새(닭, 돼지, 소)",6:-3,-1
2025-11-12 02:42:00,35.93419,126.97149,마동,3,"공장 냄새(화학약품, 매캐함)",-3:-5,-1
2025-11-12 08:32:00,35.913403,126.86167,오산면 신지리,3,"가축 분뇨 냄새(닭, 돼지, 소)",-23:-10,-1
2025-11-12 08:32:00,35.913403,126.86167,오산면 신지리,3,"가축 분뇨 냄새(닭, 돼지, 소)",-23:-10,-1
2025-11-12 17:48:00,35.969143,127.090034,왕궁면 흥암리,5,"가축 분뇨 냄새(닭, 돼지, 소)",19:2,-1
2025-11-12 19:21:00,35.923172,126.97912,금강동,3,소각 냄새(태우는 냄새),-1:-8,-1
2025-11-12 19:21:00,35.923172,126.97912,금강동,3,소각 냄새(태우는 냄새),-1:-8,-1
2025-11-12 19:26:00,35.967537,127.0919,왕궁면 흥암리,5,"가축 분뇨 냄새(닭, 돼지, 소)",19:2,-1
2025-11-12 20:07:00,35.96012,126.9984,부송동,5,"공장 냄새(화학약품, 매캐함)",2:0,-1
2025-11-12 20:43:00,35.931267,126.969765,동산동,5,"가축 분뇨 냄새(닭, 돼지, 소)",-3:-6,-1
2025-11-12 21:12:00,35.926987,126.954765,인화동2가,5,"가축 분뇨 냄새(닭, 돼지, 소)",-6:-7,-1
2025-11-12 23:22:00,35.960644,126.9852,어양동,5,"공장 냄새(화학약품, 매캐함)",0:0,-1
2025-11-12 23:27:00,35.9532,126.98416,어양동,5,"공장 냄새(화학약품, 매캐함)",-1:-1,-1
2025-11-14 05:24:00,35.913406,126.861664,오산면 신지리,5,"가축 분뇨 냄새(닭, 돼지, 소)",-23:-10,-1
2025-11-14 23:12:00,35.93548,126.97206,마동,4,소각 냄새(태우는 냄새),-3:-5,-1
2025-11-14 23:14:00,35.940342,126.96682,마동,4,소각 냄새(태우는 냄새),-4:-4,-1
2025-11-15 01:49:00,36.038246,126.98133,낭산면 용기리,4,"가축 분뇨 냄새(닭, 돼지, 소)",-1:18,-1
2025-11-15 02:18:00,36.03697,126.98165,삼기면 오룡리,5,"가축 분뇨 냄새(닭, 돼지, 소)",-1:17,-1
2025-11-15 02:21:00,36.038246,126.98132,낭산면 용기리,5,"가축 분뇨 냄새(닭, 돼지, 소)",-1:18,-1
2025-11-15 20:16:00,35.960163,126.99843,부송동,5,"공장 냄새(화학약품, 매캐함)",2:0,-1
2025-11-16 10:05:00,35.91417,126.86965,오산면 신지리,4,"가축 분뇨 냄새(닭, 돼지, 소)",-21:-10,-1
2025-11-16 14:19:00,35.945404,126.93656,모현동1가,3,"가축 분뇨 냄새(닭, 돼지, 소)",-9:-3,-1
2025-11-16 14:21:00,35.963963,126.977165,영등동,4,기타,-2:1,-1
2025-11-18 17:30:00,36.03748,126.98308,삼기면 오룡리,3,"가축 분뇨 냄새(닭, 돼지, 소)",-1:17,-1
2025-11-19 23:36:00,35.960186,126.998474,부송동,3,"공장 냄새(화학약품, 매캐함)",2:0,-1
2025-11-20 00:30:00,35.96041,126.999084,부송동,5,"공장 냄새(화학약품, 매캐함)",2:0,-1
2025-11-20 21:09:00,35.969513,127.09005,왕궁면 흥암리,5,"가축 분뇨 냄새(닭, 돼지, 소)",19:2,-1
2025-11-21 06:39:00,35.91341,126.86167,오산면 신지리,3,"가축 분뇨 냄새(닭, 돼지, 소)",-23:-10,-1
2025-11-21 09:53:00,35.934246,126.94867,인화동1가,4,소각 냄새(태우는 냄새),-7:-5,-1
2025-11-22 07:03:00,35.91341,126.86167,오산면 신지리,4,"가축 분뇨 냄새(닭, 돼지, 소)",-23:-10,-1
2025-11-23 00:31:00,35.95878,126.996735,부송동,5,"공장 냄새(화학약품, 매캐함)",2:0,-1
2025-11-23 09:03:00,36.040295,126.989624,삼기면 오룡리,4,"가축 분뇨 냄새(닭, 돼지, 소)",0:18,-1
2025-11-23 16:21:00,35.947308,127.0215,춘포면 신동리,3,"가축 분뇨 냄새(닭, 돼지, 소)",6:-3,-1
2025-11-23 23:10:00,35.968746,127.09056,왕궁면 흥암리,3,기타,19:2,-1
2025-11-23 23:17:00,35.968742,127.09056,왕궁면 흥암리,5,"가축 분뇨 냄새(닭, 돼지, 소)",19:2,-1
2025-11-24 09:14:00,35.91535,126.8674,오산면 신지리,5,"가축 분뇨 냄새(닭, 돼지, 소)",-22:-10,-1
2025-11-25 08:34:00,35.94807,127.02059,춘포면 신동리,5,"가축 분뇨 냄새(닭, 돼지, 소)",6:-2,-1
2025-11-26 21:34:00,35.960182,126.99847,부송동,5,소각 냄새(태우는 냄새),2:0,-1
2025-11-28 21:56:00,35.9531,126.9842,어양동,4,"공장 냄새(화학약품, 매캐함)",-1:-1,-1
2025-11-29 00:09:00,35.934174,126.971504,마동,3,"공장 냄새(화학약품, 매캐함)",-3:-5,-1
2025-11-29 02:18:00,35.934673,126.9464,평화동,4,소각 냄새(태우는 냄새),-7:-5,-1
2025-11-29 19:13:00,35.934895,126.971054,마동,5,"가축 분뇨 냄새(닭, 돼지, 소)",-3:-5,-1
2025-12-03 08:40:00,35.933327,127.05613,왕궁면 쌍제리,4,"가축 분뇨 냄새(닭, 돼지, 소)",12:-6,-1
2025-12-04 17:27:00,35.94808,127.02054,춘포면 신동리,5,"가축 분뇨 냄새(닭, 돼지, 소)",6:-2,-1
2025-12-04 20:28:00,35.96402,127.00779,팔봉동,3,"공장 냄새(화학약품, 매캐함)",4:1,-1
2025-12-05 11:28:00,35.93333,127.05609,왕궁면 쌍제리,4,"가축 분뇨 냄새(닭, 돼지, 소)",12:-6,-1
2025-12-06 08:35:00,35.913406,126.86166,오산면 신지리,3,"가축 분뇨 냄새(닭, 돼지, 소)",-23:-10,-1
2025-12-06 15:05:00,35.948097,127.02066,춘포면 신동리,5,"가축 분뇨 냄새(닭, 돼지, 소)",6:-2,-1
2025-12-07 14:23:00,35.947323,127.021484,춘포면 신동리,3,"가축 분뇨 냄새(닭, 돼지, 소)",6:-3,-1
2025-12-08 15:05:00,35.933323,127.056076,왕궁면 쌍제리,4,"가축 분뇨 냄새(닭, 돼지, 소)",12:-6,-1
2025-12-09 22:23:00,35.968887,127.0908,왕궁면 흥암리,5,"가축 분뇨 냄새(닭, 돼지, 소)",19:2,-1
2025-12-09 23:41:00,35.913517,126.86362,오산면 신지리,4,"가축 분뇨 냄새(닭, 돼지, 소)",-22:-10,-1
2025-12-10 20:16:00,35.934814,126.94606,평화동,5,"가축 분뇨 냄새(닭, 돼지, 소)",-7:-5,-1
2025-12-13 08:48:00,35.948154,127.02061,춘포면 신동리,5,"가축 분뇨 냄새(닭, 돼지, 소)",6:-2,-1
2025-12-16 16:32:00,36.110676,126.98632,용동면 용성리,5,"가축 분뇨 냄새(닭, 돼지, 소)",0:34,-1
2025-12-16 19:58:00,35.93014,126.95642,인화동2가,3,하수구 냄새,-6:-6,-1
2025-12-17 15:39:00,35.93324,127.05613,왕궁면 쌍제리,4,"가축 분뇨 냄새(닭, 돼지, 소)",12:-6,-1
2025-12-18 04:23:00,35.93735,126.97156,마동,4,"공장 냄새(화학약품, 매캐함)",-3:-5,-1
2025-12-18 20:47:00,35.95534,126.984314,어양동,4,"공장 냄새(화학약품, 매캐함)",0:-1,-1
2025-12-18 21:41:00,35.956676,126.995926,부송동,5,"공장 냄새(화학약품, 매캐함)",2:0,-1
2025-12-19 01:00:00,35.937344,126.97157,마동,4,"공장 냄새(화학약품, 매캐함)",-3:-5,-1
2025-12-19 09:04:00,35.93331,127.05614,왕궁면 쌍제리,4,"가축 분뇨 냄새(닭, 돼지, 소)",12:-6,-1
2025-12-19 17:23:00,35.968586,127.09078,왕궁면 흥암리,4,소각 냄새(태우는 냄새),19:2,-1
2025-12-19 21:07:00,35.93735,126.97156,마동,4,"공장 냄새(화학약품, 매캐함)",-3:-5,-1
2025-12-20 10:10:00,36.036503,126.986115,삼기면 오룡리,5,"가축 분뇨 냄새(닭, 돼지, 소)",0:17,-1
2025-12-21 18:01:00,35.961246,126.985855,어양동,5,"공장 냄새(화학약품, 매캐함)",0:1,-1
2025-12-21 18:26:00,35.960674,126.98546,어양동,5,소각 냄새(태우는 냄새),0:0,-1
2025-12-23 07:38:00,35.9698,127.09155,왕궁면 흥암리,5,"가축 분뇨 냄새(닭, 돼지, 소)",19:2,-1
2025-12-24 20:13:00,35.91359,126.8617,오산면 신지리,2,"가축 분뇨 냄새(닭, 돼지, 소)",-23:-10,-1
2025-12-25 09:27:00,35.9685,127.091545,왕궁면 흥암리,4,"가축 분뇨 냄새(닭, 돼지, 소)",19:2,-1
2025-12-25 12:52:00,36.110676,126.98632,용동면 용성리,4,"가축 분뇨 냄새(닭, 돼지, 소)",0:34,-1
2025-12-26 22:30:00,35.91207,126.99797,춘포면 춘포리,5,소각 냄새(태우는 냄새),2:-10,-1
2025-12-27 07:44:00,35.91211,126.997925,춘포면 춘포리,3,소각 냄새(태우는 냄새),2:-10,-1
2025-12-28 22:10:00,35.92705,126.95464,인화동2가,5,"가축 분뇨 냄새(닭, 돼지, 소)",-6:-7,-1
2025-12-29 05:57:00,35.956116,126.97637,영등동,3,"공장 냄새(화학약품, 매캐함)",-2:-1,-1
2025-12-29 12:06:00,35.956577,126.98418,어양동,2,"공장 냄새(화학약품, 매캐함)",-1:0,-1
2025-12-29 20:32:00,35.96912,127.09175,왕궁면 흥암리,4,"공장 냄새(화학약품, 매캐함)",19:2,-1
2025-12-30 08:52:00,35.915634,126.86267,오산면 신지리,3,"가축 분뇨 냄새(닭, 돼지, 소)",-22:-10,-1
2025-12-30 09:54:00,35.933235,127.05607,왕궁면 쌍제리,4,"가축 분뇨 냄새(닭, 돼지, 소)",12:-6,-1
2025-12-31 11:53:00,35.93331,127.05603,왕궁면 쌍제리,4,"가축 분뇨 냄새(닭, 돼지, 소)",12:-6,-1
2026-01-03 21:20:00,35.91341,126.861664,오산면 신지리,3,"가축 분뇨 냄새(닭, 돼지, 소)",-23:-10,-1
2026-01-05 11:22:00,35.93323,127.05612,왕궁면 쌍제리,5,"가축 분뇨 냄새(닭, 돼지, 소)",12:-6,-1
2026-01-06 08:47:00,35.959583,126.99727,부송동,5,"공장 냄새(화학약품, 매캐함)",2:0,-1
2026-01-06 08:54:00,35.965317,126.98677,부송동,5,"공장 냄새(화학약품, 매캐함)",0:1,-1
2026-01-06 17:59:00,35.946495,126.98445,신흥동,5,"가축 분뇨 냄새(닭, 돼지, 소)",0:-3,-1
2026-01-06 19:40:00,35.95645,126.998085,부송동,3,"가축 분뇨 냄새(닭, 돼지, 소)",2:-1,-1
2026-01-06 21:40:00,35.95761,126.9843,어양동,3,"가축 분뇨 냄새(닭, 돼지, 소)",0:0,-1
2026-01-08 09:27:00,35.933308,127.056076,왕궁면 쌍제리,5,"가축 분뇨 냄새(닭, 돼지, 소)",12:-6,-1
2026-01-08 22:19:00,35.95676,126.997894,부송동,3,"공장 냄새(화학약품, 매캐함)",2:0,-1
2026-01-11 10:35:00,35.943615,127.0206,춘포면 신동리,5,"가축 분뇨 냄새(닭, 돼지, 소)",6:-3,-1
2026-01-11 21:23:00,35.913406,126.86166,오산면 신지리,3,"가축 분뇨 냄새(닭, 돼지, 소)",-23:-10,-1
2026-01-12 15:33:00,35.939125,126.98595,신흥동,3,"가축 분뇨 냄새(닭, 돼지, 소)",0:-4,-1
2026-01-13 06:37:00,35.947323,127.021484,춘포면 신동리,3,"가축 분뇨 냄새(닭, 돼지, 소)",6:-3,-1
2026-01-13 09:21:00,35.9333,127.056076,왕궁면 쌍제리,5,"가축 분뇨 냄새(닭, 돼지, 소)",12:-6,-1
2026-01-13 13:20:00,35.948677,126.957535,남중동,0,해당사항없음,-5:-2,-1
2026-01-13 21:11:00,35.969776,127.09019,왕궁면 흥암리,4,"가축 분뇨 냄새(닭, 돼지, 소)",19:2,-1
2026-01-14 12:21:00,35.933174,127.05605,왕궁면 쌍제리,5,"가축 분뇨 냄새(닭, 돼지, 소)",12:-6,-1
2026-01-14 13:22:00,35.938248,127.026955,춘포면 오산리,5,"가축 분뇨 냄새(닭, 돼지, 소)",7:-5,-1
2026-01-17 21:02:00,35.997982,126.94489,황등면 황등리,5,"가축 분뇨 냄새(닭, 돼지, 소)",-8:9,-1
2026-01-17 21:07:00,35.997047,126.94866,황등면 황등리,5,"가축 분뇨 냄새(닭, 돼지, 소)",-7:8,-1
2026-01-18 20:40:00,35.96964,127.09018,왕궁면 흥암리,5,"가축 분뇨 냄새(닭, 돼지, 소)",19:2,-1
2026-01-19 09:12:00,35.93332,127.05605,왕궁면 쌍제리,5,"가축 분뇨 냄새(닭, 돼지, 소)",12:-6,-1
2026-01-20 11:17:00,35.933216,127.056076,왕궁면 쌍제리,4,"가축 분뇨 냄새(닭, 돼지, 소)",12:-6,-1
2026-01-21 09:44:00,35.933315,127.056046,왕궁면 쌍제리,4,"가축 분뇨 냄새(닭, 돼지, 소)",12:-6,-1
2026-01-22 10:02:00,35.933315,127.056046,왕궁면 쌍제리,4,"가축 분뇨 냄새(닭, 돼지, 소)",12:-6,-1
2026-01-22 19:05:00,35.969093,127.090126,왕궁면 흥암리,3,소각 냄새(태우는 냄새),19:2,-1
2026-01-22 22:11:00,35.965546,126.99201,부송동,5,"가축 분뇨 냄새(닭, 돼지, 소)",1:1,-1
2026-01-23 11:58:00,35.933193,127.056015,왕궁면 쌍제리,4,"가축 분뇨 냄새(닭, 돼지, 소)",12:-6,-1
2026-01-24 08:51:00,36.03618,126.984924,삼기면 오룡리,4,"가축 분뇨 냄새(닭, 돼지, 소)",0:17,-1
2026-01-24 19:53:00,35.995617,126.9489,황등면 황등리,5,"가축 분뇨 냄새(닭, 돼지, 소)",-7:8,-1
2026-01-24 20:20:00,35.99784,126.94525,황등면 황등리,5,"가축 분뇨 냄새(닭, 돼지, 소)",-8:9,-1
2026-01-25 17:56:00,35.99789,126.94526,황등면 황등리,3,"가축 분뇨 냄새(닭, 돼지, 소)",-8:9,-1
2026-01-26 14:00:00,35.933308,127.05604,왕궁면 쌍제리,4,"가축 분뇨 냄새(닭, 돼지, 소)",12:-6,-1
2026-01-28 09:48:00,35.93331,127.05606,왕궁면 쌍제리,4,"가축 분뇨 냄새(닭, 돼지, 소)",12:-6,-1
2026-01-29 09:29:00,35.934227,126.971466,마동,3,"공장 냄새(화학약품, 매캐함)",-3:-5,-1
2026-01-31 07:49:00,35.95256,127.08052,왕궁면 흥암리,5,"가축 분뇨 냄새(닭, 돼지, 소)",17:-1,-1
2026-02-03 00:07:00,35.96312,126.98942,부송동,3,"가축 분뇨 냄새(닭, 돼지, 소)",0:1,-1
2026-02-03 02:53:00,35.96021,126.99848,부송동,5,소각 냄새(태우는 냄새),2:0,-1
2026-02-03 18:28:00,35.997055,126.94861,황등면 황등리,5,"가축 분뇨 냄새(닭, 돼지, 소)",-7:8,-1
2026-02-04 22:44:00,35.960342,126.99155,부송동,4,"가축 분뇨 냄새(닭, 돼지, 소)",1:0,-1
2026-02-05 00:52:00,35.96512,126.99054,부송동,4,"가축 분뇨 냄새(닭, 돼지, 소)",1:1,-1
2026-02-05 01:27:00,35.965923,126.9922,부송동,4,"가축 분뇨 냄새(닭, 돼지, 소)",1:2,-1
2026-02-05 05:55:00,35.958626,126.99157,부송동,5,"가축 분뇨 냄새(닭, 돼지, 소)",1:0,-1
2026-02-05 07:28:00,35.96927,127.09051,왕궁면 흥암리,4,"가축 분뇨 냄새(닭, 돼지, 소)",19:2,-1
2026-02-05 07:34:00,35.965633,126.98981,부송동,5,"가축 분뇨 냄새(닭, 돼지, 소)",1:2,-1
2026-02-05 07:56:00,35.96536,126.99084,부송동,4,"가축 분뇨 냄새(닭, 돼지, 소)",1:1,-1
2026-02-05 08:25:00,35.966,126.990616,부송동,5,"가축 분뇨 냄새(닭, 돼지, 소)",1:2,-1
2026-02-05 19:28:00,35.95757,126.984344,어양동,4,"가축 분뇨 냄새(닭, 돼지, 소)",0:0,-1
2026-02-05 21:04:00,36.00052,126.92112,황등면 신기리,5,"가축 분뇨 냄새(닭, 돼지, 소)",-12:9,-1
2026-02-07 15:37:00,36.1107,126.98629,용동면 용성리,3,"가축 분뇨 냄새(닭, 돼지, 소)",0:34,-1
2026-02-09 18:58:00,35.997036,126.948654,황등면 황등리,5,"가축 분뇨 냄새(닭, 돼지, 소)",-7:8,-1
2026-02-09 21:48:00,35.930782,126.96929,동산동,3,"가축 분뇨 냄새(닭, 돼지, 소)",-3:-6,-1
2026-02-09 22:23:00,35.934834,126.97218,마동,3,"가축 분뇨 냄새(닭, 돼지, 소)",-3:-5,-1
2026-02-11 08:16:00,35.939133,126.985954,신흥동,3,"가축 분뇨 냄새(닭, 돼지, 소)",0:-4,-1
2026-02-11 18:32:00,35.997013,126.94814,황등면 황등리,5,"가축 분뇨 냄새(닭, 돼지, 소)",-7:8,-1
2026-02-12 09:31:00,35.95815,126.99765,부송동,4,"공장 냄새(화학약품, 매캐함)",2:0,-1
2026-02-12 20:23:00,35.965733,126.99106,부송동,5,"가축 분뇨 냄새(닭, 돼지, 소)",1:2,-1
2026-02-12 20:29:00,35.965813,126.991325,부송동,5,"가축 분뇨 냄새(닭, 돼지, 소)",1:2,-1
2026-02-12 20:38:00,35.965485,126.98953,부송동,5,"가축 분뇨 냄새(닭, 돼지, 소)",0:1,-1
2026-02-12 20:38:00,35.965923,126.99153,부송동,5,"가축 분뇨 냄새(닭, 돼지, 소)",1:2,-1
2026-02-12 22:54:00,35.956654,126.99692,부송동,5,"공장 냄새(화학약품, 매캐함)",2:0,-1
2026-02-13 22:12:00,35.965927,126.99104,부송동,5,"가축 분뇨 냄새(닭, 돼지, 소)",1:2,-1
2026-02-13 23:30:00,35.997585,126.94522,황등면 황등리,5,"가축 분뇨 냄새(닭, 돼지, 소)",-8:9,-1
2026-02-14 02:37:00,35.96023,126.99849,부송동,5,소각 냄새(태우는 냄새),2:0,-1
2026-02-14 04:24:00,35.965687,126.991646,부송동,5,"가축 분뇨 냄새(닭, 돼지, 소)",1:2,-1
2026-02-14 08:26:00,36.065388,126.95787,함열읍 석매리,4,"가축 분뇨 냄새(닭, 돼지, 소)",-5:24,-1
2026-02-15 11:34:00,35.95664,126.983955,어양동,2,"가축 분뇨 냄새(닭, 돼지, 소)",-1:0,-1
2026-02-15 18:25:00,35.948196,127.0207,춘포면 신동리,4,"가축 분뇨 냄새(닭, 돼지, 소)",6:-2,-1
2026-02-15 19:52:00,35.998966,126.94565,황등면 황등리,5,"가축 분뇨 냄새(닭, 돼지, 소)",-7:9,-1
2026-02-16 20:47:00,35.96013,126.995605,부송동,3,"가축 분뇨 냄새(닭, 돼지, 소)",2:0,-1
2026-02-19 19:54:00,35.99778,126.945145,황등면 황등리,5,"가축 분뇨 냄새(닭, 돼지, 소)",-8:9,-1
2026-02-19 22:03:00,35.938927,126.92698,송학동,5,소각 냄새(태우는 냄새),-11:-4,-1
2026-02-19 22:04:00,35.938915,126.92662,송학동,4,소각 냄새(태우는 냄새),-11:-4,-1
2026-02-21 11:37:00,36.00052,126.921135,황등면 신기리,4,"가축 분뇨 냄새(닭, 돼지, 소)",-12:9,-1
2026-02-21 20:57:00,35.939114,126.98614,신흥동,5,"가축 분뇨 냄새(닭, 돼지, 소)",0:-4,-1
2026-02-23 00:28:00,35.934227,126.97142,마동,3,"공장 냄새(화학약품, 매캐함)",-3:-5,-1
2026-02-23 09:02:00,35.934223,126.97145,마동,3,"공장 냄새(화학약품, 매캐함)",-3:-5,-1
2026-02-28 04:42:00,35.96159,126.99422,부송동,5,"공장 냄새(화학약품, 매캐함)",1:1,-1
2026-02-28 08:34:00,35.934303,126.971375,마동,3,"공장 냄새(화학약품, 매캐함)",-3:-5,-1
2026-02-28 18:52:00,35.997032,126.94863,황등면 황등리,5,"가축 분뇨 냄새(닭, 돼지, 소)",-7:8,-1
2026-03-01 22:17:00,35.93787,126.97208,금강동,3,"공장 냄새(화학약품, 매캐함)",-3:-5,-1
2026-03-03 11:10:00,35.93321,127.05611,왕궁면 쌍제리,4,"가축 분뇨 냄새(닭, 돼지, 소)",12:-6,-1
2026-03-03 22:02:00,35.913486,126.86337,오산면 신지리,3,"가축 분뇨 냄새(닭, 돼지, 소)",-22:-10,-1
2026-03-04 18:48:00,35.997475,126.947586,황등면 황등리,5,"가축 분뇨 냄새(닭, 돼지, 소)",-7:9,-1
2026-03-04 18:50:00,35.996696,126.94819,황등면 황등리,5,"가축 분뇨 냄새(닭, 돼지, 소)",-7:8,-1
2026-03-07 08:22:00,35.948193,127.02062,춘포면 신동리,5,"가축 분뇨 냄새(닭, 돼지, 소)",6:-2,-1
2026-03-09 10:31:00,35.91707,126.86849,오산면 신지리,3,"가축 분뇨 냄새(닭, 돼지, 소)",-21:-9,-1
2026-03-10 06:24:00,35.96159,126.99419,부송동,5,"공장 냄새(화학약품, 매캐함)",1:1,-1
2026-03-10 08:43:00,35.96184,126.9861,어양동,5,"공장 냄새(화학약품, 매캐함)",0:1,-1
2026-03-10 18:25:00,35.96901,127.09009,왕궁면 흥암리,3,소각 냄새(태우는 냄새),19:2,-1
2026-03-11 15:18:00,35.933308,127.056076,왕궁면 쌍제리,4,"가축 분뇨 냄새(닭, 돼지, 소)",12:-6,-1
2026-03-12 08:39:00,35.971416,127.08935,왕궁면 흥암리,4,"공장 냄새(화학약품, 매캐함)",18:3,-1
2026-03-12 18:23:00,35.969086,127.09018,왕궁면 흥암리,2,소각 냄새(태우는 냄새),19:2,-1
2026-03-13 20:30:00,35.997097,126.948105,황등면 황등리,5,"가축 분뇨 냄새(닭, 돼지, 소)",-7:8,-1
2026-03-14 07:42:00,35.961617,126.99417,부송동,5,"공장 냄새(화학약품, 매캐함)",1:1,-1
2026-03-15 07:30:00,35.96162,126.99417,부송동,4,"공장 냄새(화학약품, 매캐함)",1:1,-1
2026-03-15 07:31:00,35.9615,126.9942,부송동,3,"공장 냄새(화학약품, 매캐함)",1:1,-1
2026-03-15 08:05:00,35.9481,127.0207,춘포면 신동리,5,"가축 분뇨 냄새(닭, 돼지, 소)",6:-2,-1
2026-03-15 08:10:00,35.961617,126.99416,부송동,5,"공장 냄새(화학약품, 매캐함)",1:1,-1
2026-03-16 20:41:00,35.947453,127.02141,춘포면 신동리,4,"가축 분뇨 냄새(닭, 돼지, 소)",6:-3,-1
2026-03-16 20:57:00,35.948307,127.02067,춘포면 신동리,5,"가축 분뇨 냄새(닭, 돼지, 소)",6:-2,-1
2026-03-17 08:11:00,35.96152,126.994225,부송동,4,"공장 냄새(화학약품, 매캐함)",1:1,-1
2026-03-17 10:01:00,35.935062,126.971306,마동,3,"공장 냄새(화학약품, 매캐함)",-3:-5,-1
2026-03-20 08:06:00,35.91339,126.86167,오산면 신지리,3,"가축 분뇨 냄새(닭, 돼지, 소)",-23:-10,-1
2026-03-24 19:58:00,35.94809,127.02071,춘포면 신동리,5,"가축 분뇨 냄새(닭, 돼지, 소)",6:-2,-1
2026-03-24 19:58:00,35.94809,127.02071,춘포면 신동리,5,"가축 분뇨 냄새(닭, 돼지, 소)",6:-2,-1
2026-03-24 21:03:00,36.00054,126.92094,황등면 신기리,5,"가축 분뇨 냄새(닭, 돼지, 소)",-12:9,-1
2026-03-24 22:18:00,35.969604,127.091194,왕궁면 흥암리,3,"가축 분뇨 냄새(닭, 돼지, 소)",19:2,-1
2026-03-25 07:32:00,35.997673,126.9451,황등면 황등리,5,"가축 분뇨 냄새(닭, 돼지, 소)",-8:9,-1
2026-03-25 07:53:00,35.947437,127.02141,춘포면 신동리,3,"가축 분뇨 냄새(닭, 돼지, 소)",6:-3,-1
2026-03-26 15:41:00,35.989975,127.05021,금마면 서고도리,4,"가축 분뇨 냄새(닭, 돼지, 소)",11:7,-1
2026-03-26 21:04:00,36.000492,126.921135,황등면 신기리,5,"가축 분뇨 냄새(닭, 돼지, 소)",-12:9,-1
2026-03-27 02:51:00,35.960316,126.99905,부송동,5,"공장 냄새(화학약품, 매캐함)",2:0,-1
2026-03-27 08:07:00,35.961792,126.994255,부송동,4,"공장 냄새(화학약품, 매캐함)",1:1,-1
2026-03-27 15:22:00,35.930325,126.94974,인화동1가,4,기타,-7:-6,-1
2026-03-27 20:36:00,35.948097,127.02072,춘포면 신동리,5,"가축 분뇨 냄새(닭, 돼지, 소)",6:-2,-1
2026-03-30 01:19:00,35.937336,126.971504,마동,5,"공장 냄새(화학약품, 매캐함)",-3:-5,-1
2026-04-03 04:39:00,35.958595,126.99641,부송동,4,기타,2:0,-1
2026-04-03 18:56:00,36.03626,126.98489,삼기면 오룡리,3,"가축 분뇨 냄새(닭, 돼지, 소)",0:17,-1
2026-04-05 22:08:00,35.961742,126.994255,부송동,4,"공장 냄새(화학약품, 매캐함)",1:1,-1
2026-04-05 22:57:00,35.96964,127.09015,왕궁면 흥암리,3,"공장 냄새(화학약품, 매캐함)",19:2,-1
2026-04-08 07:27:00,35.96174,126.994255,부송동,4,"공장 냄새(화학약품, 매캐함)",1:1,-1
2026-04-08 08:36:00,35.963978,126.98231,어양동,3,"공장 냄새(화학약품, 매캐함)",-1:1,-1
2026-04-11 07:13:00,35.956448,126.98949,부송동,3,"가축 분뇨 냄새(닭, 돼지, 소)",0:-1,-1
2026-04-12 19:59:00,35.976425,126.949615,신용동,5,소각 냄새(태우는 냄새),-7:4,-1
2026-04-15 07:22:00,35.93664,126.9714,마동,1,"공장 냄새(화학약품, 매캐함)",-3:-5,-1
2026-04-15 09:15:00,35.96851,127.09031,왕궁면 흥암리,2,"공장 냄새(화학약품, 매캐함)",19:2,-1
2026-04-15 09:29:00,35.969654,127.090706,왕궁면 흥암리,2,"공장 냄새(화학약품, 매캐함)",19:2,-1
2026-04-16 02:22:00,35.93705,126.971695,마동,5,"공장 냄새(화학약품, 매캐함)",-3:-5,-1
2026-04-16 17:52:00,35.96469,127.01781,팔봉동,3,기타,6:1,-1
2026-04-18 22:45:00,35.96901,127.0914,왕궁면 흥암리,5,"가축 분뇨 냄새(닭, 돼지, 소)",19:2,-1
2026-04-19 06:58:00,35.9481,127.0207,춘포면 신동리,5,"가축 분뇨 냄새(닭, 돼지, 소)",6:-2,-1
2026-04-19 06:59:00,35.931087,127.023094,춘포면 오산리,5,"가축 분뇨 냄새(닭, 돼지, 소)",7:-6,-1
2026-04-19 10:12:00,35.969646,127.09014,왕궁면 흥암리,3,"공장 냄새(화학약품, 매캐함)",19:2,-1
2026-04-19 21:22:00,35.93111,126.96467,동산동,4,소각 냄새(태우는 냄새),-4:-6,-1
2026-04-20 07:17:00,35.968513,127.0903,왕궁면 흥암리,2,"공장 냄새(화학약품, 매캐함)",19:2,-1
2026-04-21 00:17:00,35.937115,126.971664,마동,5,"공장 냄새(화학약품, 매캐함)",-3:-5,-1
2026-04-21 08:52:00,35.912422,126.867516,오산면 신지리,3,"가축 분뇨 냄새(닭, 돼지, 소)",-22:-10,-1
2026-04-21 14:20:00,35.929733,126.95592,인화동2가,4,기타,-6:-6,-1
2026-04-23 20:57:00,35.944794,126.969246,마동,3,"공장 냄새(화학약품, 매캐함)",-3:-3,-1
2026-04-25 02:54:00,35.953037,126.98184,어양동,3,"공장 냄새(화학약품, 매캐함)",-1:-1,-1
2026-04-25 18:45:00,35.95221,127.011734,석암동,2,"공장 냄새(화학약품, 매캐함)",4:-1,-1
2026-04-27 22:24:00,35.968502,127.090706,왕궁면 흥암리,4,기타,19:2,-1
2026-04-29 07:25:00,35.96164,126.99427,부송동,5,"공장 냄새(화학약품, 매캐함)",1:1,-1
2026-05-02 21:30:00,35.96964,127.09011,왕궁면 흥암리,5,"가축 분뇨 냄새(닭, 돼지, 소)",19:2,-1
2026-05-04 20:26:00,35.948177,127.02073,춘포면 신동리,5,"가축 분뇨 냄새(닭, 돼지, 소)",6:-2,-1
2026-05-04 20:27:00,35.94809,127.02071,춘포면 신동리,5,"가축 분뇨 냄새(닭, 돼지, 소)",6:-2,-1
2026-05-04 20:33:00,35.947308,127.02157,춘포면 신동리,3,"가축 분뇨 냄새(닭, 돼지, 소)",6:-3,-1
2026-05-04 22:49:00,35.913387,126.86169,오산면 신지리,3,"가축 분뇨 냄새(닭, 돼지, 소)",-23:-10,-1
2026-05-04 22:53:00,35.962948,126.991234,부송동,4,"가축 분뇨 냄새(닭, 돼지, 소)",1:1,-1
2026-05-04 23:12:00,35.9562,126.9947,부송동,4,"가축 분뇨 냄새(닭, 돼지, 소)",1:-1,-1
2026-05-05 08:01:00,35.968422,127.09021,왕궁면 흥암리,2,"공장 냄새(화학약품, 매캐함)",19:2,-1
2026-05-05 08:30:00,35.953335,126.985725,어양동,3,"공장 냄새(화학약품, 매캐함)",0:-1,-1
2026-05-05 19:25:00,35.968422,127.09121,왕궁면 흥암리,5,"가축 분뇨 냄새(닭, 돼지, 소)",19:2,-1
2026-05-05 19:26:00,35.9696,127.0901,왕궁면 흥암리,4,"가축 분뇨 냄새(닭, 돼지, 소)",19:2,-1
2026-05-05 20:12:00,35.96831,127.09042,왕궁면 흥암리,5,"공장 냄새(화학약품, 매캐함)",19:2,-1
2026-05-06 07:54:00,35.96853,127.09034,왕궁면 흥암리,2,"공장 냄새(화학약품, 매캐함)",19:2,-1
2026-05-07 02:11:00,35.937286,126.971565,마동,5,"공장 냄새(화학약품, 매캐함)",-3:-5,-1
2026-05-08 15:35:00,36.0562,126.9736,함열읍 석매리,3,"가축 분뇨 냄새(닭, 돼지, 소)",-2:22,-1
2026-05-08 19:12:00,35.951427,127.01144,석암동,3,"공장 냄새(화학약품, 매캐함)",4:-2,-1
2026-05-09 01:10:00,35.954174,126.98626,어양동,4,"가축 분뇨 냄새(닭, 돼지, 소)",0:-1,-1
2026-05-09 19:35:00,35.93329,126.96029,주현동,3,"공장 냄새(화학약품, 매캐함)",-5:-6,-1
2026-05-09 20:11:00,35.968536,127.09034,왕궁면 흥암리,4,소각 냄새(태우는 냄새),19:2,-1
2026-05-10 00:01:00,35.93126,126.96777,동산동,3,"가축 분뇨 냄새(닭, 돼지, 소)",-3:-6,-1
2026-05-10 00:18:00,35.935143,126.97087,마동,5,"가축 분뇨 냄새(닭, 돼지, 소)",-3:-5,-1
2026-05-10 00:52:00,35.937313,126.97155,마동,5,"공장 냄새(화학약품, 매캐함)",-3:-5,-1
2026-05-10 06:04:00,35.913387,126.86169,오산면 신지리,3,"가축 분뇨 냄새(닭, 돼지, 소)",-23:-10,-1
2026-05-10 17:25:00,36.11193,126.985306,용동면 용성리,5,"가축 분뇨 냄새(닭, 돼지, 소)",0:34,-1
2026-05-13 00:00:00,35.937294,126.971565,마동,5,"가축 분뇨 냄새(닭, 돼지, 소)",-3:-5,-1
2026-05-15 00:30:00,35.96865,127.0914,왕궁면 흥암리,5,"가축 분뇨 냄새(닭, 돼지, 소)",19:2,-1
2026-05-15 02:11:00,35.93732,126.97155,마동,5,"공장 냄새(화학약품, 매캐함)",-3:-5,-1
2026-05-17 00:29:00,35.968533,127.09148,왕궁면 흥암리,4,"가축 분뇨 냄새(닭, 돼지, 소)",19:2,-1
2026-05-18 21:23:00,35.96863,127.09154,왕궁면 흥암리,4,"가축 분뇨 냄새(닭, 돼지, 소)",19:2,-1
2026-05-19 00:57:00,35.961197,126.9761,영등동,3,"공장 냄새(화학약품, 매캐함)",-2:1,-1
2026-05-19 05:08:00,35.959957,126.99841,부송동,4,"공장 냄새(화학약품, 매캐함)",2:0,-1
2026-05-19 07:52:00,35.96373,126.98231,어양동,4,"공장 냄새(화학약품, 매캐함)",-1:1,-1
2026-05-19 19:57:00,35.968533,127.09032,왕궁면 흥암리,4,"공장 냄새(화학약품, 매캐함)",19:2,-1
2026-05-19 21:47:00,35.969604,127.09055,왕궁면 흥암리,4,"가축 분뇨 냄새(닭, 돼지, 소)",19:2,-1
2026-05-19 21:53:00,35.968933,127.09125,왕궁면 흥암리,5,소각 냄새(태우는 냄새),19:2,-1
2026-05-19 21:56:00,35.96852,127.090324,왕궁면 흥암리,5,소각 냄새(태우는 냄새),19:2,-1
2026-05-19 22:33:00,35.969444,127.0912,왕궁면 흥암리,4,"가축 분뇨 냄새(닭, 돼지, 소)",19:2,-1
2026-05-19 23:37:00,35.969006,127.09132,왕궁면 흥암리,4,"공장 냄새(화학약품, 매캐함)",19:2,-1
2026-05-20 21:35:00,35.963726,126.98231,어양동,3,"공장 냄새(화학약품, 매캐함)",-1:1,-1
2026-05-23 00:46:00,35.93732,126.97155,마동,5,"공장 냄새(화학약품, 매캐함)",-3:-5,-1
2026-05-23 01:30:00,36.038303,126.98167,낭산면 용기리,3,"가축 분뇨 냄새(닭, 돼지, 소)",-1:18,-1
2026-05-23 05:39:00,35.913387,126.86172,오산면 신지리,4,"가축 분뇨 냄새(닭, 돼지, 소)",-23:-10,-1
2026-05-23 09:18:00,35.968647,127.09135,왕궁면 흥암리,5,"가축 분뇨 냄새(닭, 돼지, 소)",19:2,-1
2026-05-23 09:20:00,35.97004,127.08971,왕궁면 흥암리,5,"가축 분뇨 냄새(닭, 돼지, 소)",19:2,-1
2026-05-24 00:13:00,35.969658,127.090614,왕궁면 흥암리,3,"가축 분뇨 냄새(닭, 돼지, 소)",19:2,-1
2026-05-24 01:45:00,35.954197,126.98631,어양동,3,"가축 분뇨 냄새(닭, 돼지, 소)",0:-1,-1
2026-05-24 08:54:00,35.968544,127.090324,왕궁면 흥암리,4,"공장 냄새(화학약품, 매캐함)",19:2,-1
2026-05-25 19:28:00,35.953053,127.00871,팔봉동,2,"공장 냄새(화학약품, 매캐함)",4:-1,-1
2026-05-25 19:38:00,35.948097,127.02065,춘포면 신동리,4,"가축 분뇨 냄새(닭, 돼지, 소)",6:-2,-1
2026-05-25 19:42:00,35.948097,127.02071,춘포면 신동리,4,"가축 분뇨 냄새(닭, 돼지, 소)",6:-2,-1
2026-05-25 20:13:00,35.961372,126.978226,영등동,4,"가축 분뇨 냄새(닭, 돼지, 소)",-2:1,-1
2026-05-25 20:20:00,35.93471,126.972244,마동,4,"가축 분뇨 냄새(닭, 돼지, 소)",-3:-5,-1
2026-05-25 20:25:00,35.96373,126.98231,어양동,4,"가축 분뇨 냄새(닭, 돼지, 소)",-1:1,-1
2026-05-25 20:29:00,35.955433,126.97503,영등동,4,"가축 분뇨 냄새(닭, 돼지, 소)",-2:-1,-1
2026-05-25 20:50:00,35.947296,127.0216,춘포면 신동리,5,"가축 분뇨 냄새(닭, 돼지, 소)",6:-3,-1
2026-05-25 21:00:00,35.934822,126.947655,평화동,2,"가축 분뇨 냄새(닭, 돼지, 소)",-7:-5,-1
2026-05-25 21:49:00,35.913414,126.86165,오산면 신지리,4,"가축 분뇨 냄새(닭, 돼지, 소)",-23:-10,-1
2026-05-25 22:08:00,35.937923,126.92713,송학동,4,"가축 분뇨 냄새(닭, 돼지, 소)",-11:-5,-1
2026-05-25 23:20:00,35.968456,127.090324,왕궁면 흥암리,4,"공장 냄새(화학약품, 매캐함)",19:2,-1
2026-05-26 01:34:00,35.9373,126.971535,마동,4,"공장 냄새(화학약품, 매캐함)",-3:-5,-1
2026-05-26 07:40:00,35.968346,127.090355,왕궁면 흥암리,5,"공장 냄새(화학약품, 매캐함)",19:2,-1
2026-05-26 08:05:00,35.96373,126.98231,어양동,4,"공장 냄새(화학약품, 매캐함)",-1:1,-1
2026-05-26 13:44:00,35.968487,127.09032,왕궁면 흥암리,4,"공장 냄새(화학약품, 매캐함)",19:2,-1
2026-05-26 18:42:00,35.96955,127.0901,왕궁면 흥암리,4,"가축 분뇨 냄새(닭, 돼지, 소)",19:2,-1
2026-05-26 18:43:00,35.96952,127.09116,왕궁면 흥암리,4,"가축 분뇨 냄새(닭, 돼지, 소)",19:2,-1
2026-05-26 19:35:00,35.968605,127.09145,왕궁면 흥암리,5,"가축 분뇨 냄새(닭, 돼지, 소)",19:2,-1
2026-05-26 20:08:00,35.96888,127.09049,왕궁면 흥암리,3,하수구 냄새,19:2,-1
2026-05-26 20:36:00,35.9686,127.09145,왕궁면 흥암리,5,"가축 분뇨 냄새(닭, 돼지, 소)",19:2,-1
2026-05-26 21:00:00,35.961388,126.99426,부송동,5,"공장 냄새(화학약품, 매캐함)",1:1,-1
2026-05-26 22:15:00,36.0362,126.98181,삼기면 오룡리,3,"가축 분뇨 냄새(닭, 돼지, 소)",-1:17,-1
2026-05-27 02:16:00,35.93732,126.97155,마동,3,"공장 냄새(화학약품, 매캐함)",-3:-5,-1
2026-05-27 16:44:00,35.934917,127.07575,왕궁면 온수리,5,"가축 분뇨 냄새(닭, 돼지, 소)",16:-5,-1
2026-05-27 19:28:00,36.036232,126.9849,삼기면 오룡리,4,"가축 분뇨 냄새(닭, 돼지, 소)",0:17,-1
2026-05-30 22:20:00,35.955986,126.99503,부송동,3,"가축 분뇨 냄새(닭, 돼지, 소)",1:-1,-1
2026-05-31 00:31:00,35.96856,127.09147,왕궁면 흥암리,3,"공장 냄새(화학약품, 매캐함)",19:2,-1
2026-05-31 20:00:00,35.969,127.091225,왕궁면 흥암리,4,"가축 분뇨 냄새(닭, 돼지, 소)",19:2,-1
2026-06-01 00:11:00,35.935112,126.9732,마동,5,"가축 분뇨 냄새(닭, 돼지, 소)",-2:-5,-1
2026-06-01 00:21:00,35.937965,126.92718,송학동,4,"가축 분뇨 냄새(닭, 돼지, 소)",-11:-5,-1
2026-06-01 01:01:00,35.969666,127.092155,왕궁면 흥암리,4,"공장 냄새(화학약품, 매캐함)",19:2,-1
2026-06-01 01:12:00,35.961678,126.97962,영등동,4,"가축 분뇨 냄새(닭, 돼지, 소)",-1:1,-1
2026-06-01 04:18:00,35.968792,127.09117,왕궁면 흥암리,5,소각 냄새(태우는 냄새),19:2,-1
2026-06-01 08:24:00,35.968483,127.090324,왕궁면 흥암리,3,"공장 냄새(화학약품, 매캐함)",19:2,-1
2026-06-01 08:28:00,35.913017,126.86521,오산면 신지리,4,"가축 분뇨 냄새(닭, 돼지, 소)",-22:-10,-1
2026-06-01 09:11:00,35.963726,126.9823,어양동,3,"공장 냄새(화학약품, 매캐함)",-1:1,-1
2026-06-01 20:39:00,36.03818,126.98178,낭산면 용기리,3,"가축 분뇨 냄새(닭, 돼지, 소)",-1:18,-1
2026-06-02 04:27:00,35.96171,126.978806,영등동,3,소각 냄새(태우는 냄새),-1:1,-1
2026-06-02 04:31:00,35.96392,126.97275,영등동,4,"공장 냄새(화학약품, 매캐함)",-3:1,-1
2026-06-02 05:01:00,35.929066,126.97889,금강동,3,"공장 냄새(화학약품, 매캐함)",-1:-7,-1
2026-06-02 05:02:00,35.9498,126.9742,영등동,5,소각 냄새(태우는 냄새),-2:-2,-1
2026-06-02 20:18:00,35.96022,126.99847,부송동,5,소각 냄새(태우는 냄새),2:0,-1
2026-06-02 22:21:00,35.96848,127.090324,왕궁면 흥암리,4,소각 냄새(태우는 냄새),19:2,-1
2026-06-03 00:00:00,35.953003,126.984116,어양동,2,"가축 분뇨 냄새(닭, 돼지, 소)",-1:-1,-1
2026-06-03 07:36:00,35.96847,127.09033,왕궁면 흥암리,3,"공장 냄새(화학약품, 매캐함)",19:2,-1
2026-06-03 23:36:00,35.935337,126.96454,마동,4,"가축 분뇨 냄새(닭, 돼지, 소)",-4:-5,-1
2026-06-04 04:54:00,35.93815,126.927155,송학동,4,"가축 분뇨 냄새(닭, 돼지, 소)",-11:-5,-1
2026-06-04 06:10:00,35.94443,126.9688,마동,5,"공장 냄새(화학약품, 매캐함)",-3:-3,-1
2026-06-05 00:14:00,35.968468,127.09033,왕궁면 흥암리,4,소각 냄새(태우는 냄새),19:2,-1
2026-06-05 00:41:00,35.96021,126.99844,부송동,5,소각 냄새(태우는 냄새),2:0,-1
2026-06-05 01:00:00,35.96373,126.9823,어양동,5,소각 냄새(태우는 냄새),-1:1,-1
2026-06-05 01:30:00,35.956047,126.97556,영등동,3,소각 냄새(태우는 냄새),-2:-1,-1
2026-06-06 02:00:00,35.934605,126.946785,평화동,5,"가축 분뇨 냄새(닭, 돼지, 소)",-7:-5,-1
2026-06-06 02:00:00,35.934605,126.946785,평화동,5,"가축 분뇨 냄새(닭, 돼지, 소)",-7:-5,-1
2026-06-06 04:42:00,35.956463,126.99449,부송동,3,"공장 냄새(화학약품, 매캐함)",1:-1,-1
2026-06-06 06:08:00,35.937294,126.971535,마동,4,"공장 냄새(화학약품, 매캐함)",-3:-5,-1
2026-06-07 18:21:00,36.03623,126.98489,삼기면 오룡리,4,"가축 분뇨 냄새(닭, 돼지, 소)",0:17,-1
2026-06-08 00:33:00,35.941044,126.95543,남중동,3,소각 냄새(태우는 냄새),-6:-4,-1
2026-06-08 07:33:00,36.03816,126.98233,삼기면 오룡리,3,"가축 분뇨 냄새(닭, 돼지, 소)",-1:18,-1
2026-06-08 21:07:00,35.96824,127.09026,왕궁면 흥암리,4,"가축 분뇨 냄새(닭, 돼지, 소)",19:2,-1
2026-06-09 00:42:00,35.957203,126.98063,어양동,5,"가축 분뇨 냄새(닭, 돼지, 소)",-1:0,-1
2026-06-09 00:55:00,35.93919,126.98595,신흥동,5,"가축 분뇨 냄새(닭, 돼지, 소)",0:-4,-1
2026-06-09 00:55:00,35.960186,126.99847,부송동,5,"가축 분뇨 냄새(닭, 돼지, 소)",2:0,-1
2026-06-09 06:59:00,35.963734,126.9823,어양동,5,"공장 냄새(화학약품, 매캐함)",-1:1,-1
2026-06-09 07:52:00,35.937325,126.97155,마동,4,"공장 냄새(화학약품, 매캐함)",-3:-5,-1
2026-06-09 20:28:00,36.03819,126.981514,낭산면 용기리,3,"가축 분뇨 냄새(닭, 돼지, 소)",-1:18,-1
2026-06-09 20:40:00,35.968456,127.09032,왕궁면 흥암리,5,소각 냄새(태우는 냄새),19:2,-1
2026-06-09 20:49:00,35.968914,127.09058,왕궁면 흥암리,3,소각 냄새(태우는 냄새),19:2,-1
2026-06-09 20:53:00,35.96934,127.09066,왕궁면 흥암리,5,소각 냄새(태우는 냄새),19:2,-1
2026-06-09 22:04:00,35.9689,127.09038,왕궁면 흥암리,4,소각 냄새(태우는 냄새),19:2,-1
2026-06-09 22:21:00,35.997025,126.948746,황등면 황등리,5,"가축 분뇨 냄새(닭, 돼지, 소)",-7:8,-1
2026-06-10 00:00:00,35.960163,126.99841,부송동,5,소각 냄새(태우는 냄새),2:0,-1
2026-06-10 00:05:00,35.954155,126.983826,어양동,4,"가축 분뇨 냄새(닭, 돼지, 소)",-1:-1,-1
2026-06-10 00:42:00,35.96511,126.98714,부송동,4,소각 냄새(태우는 냄새),0:1,-1
2026-06-10 02:31:00,35.968998,127.091324,왕궁면 흥암리,4,"가축 분뇨 냄새(닭, 돼지, 소)",19:2,-1
2026-06-10 02:34:00,35.96856,127.09127,왕궁면 흥암리,4,"공장 냄새(화학약품, 매캐함)",19:2,-1
2026-06-10 07:49:00,35.96884,127.09021,왕궁면 흥암리,4,소각 냄새(태우는 냄새),19:2,-1
2026-06-10 08:14:00,35.968464,127.09032,왕궁면 흥암리,2,"공장 냄새(화학약품, 매캐함)",19:2,-1
2026-06-10 19:34:00,35.96889,127.09041,왕궁면 흥암리,3,소각 냄새(태우는 냄새),19:2,-1
2026-06-10 19:36:00,35.96833,127.09044,왕궁면 흥암리,5,소각 냄새(태우는 냄새),19:2,-1
2026-06-11 06:57:00,35.937286,126.97153,마동,4,"공장 냄새(화학약품, 매캐함)",-3:-5,-1
2026-06-11 07:28:00,35.968273,127.09035,왕궁면 흥암리,2,"공장 냄새(화학약품, 매캐함)",19:2,-1
2026-06-11 22:31:00,35.968517,127.09012,왕궁면 흥암리,4,소각 냄새(태우는 냄새),19:2,-1
2026-06-12 06:27:00,35.959263,126.996925,부송동,5,소각 냄새(태우는 냄새),2:0,-1
2026-06-12 07:07:00,35.968468,127.09032,왕궁면 흥암리,3,"공장 냄새(화학약품, 매캐함)",19:2,-1
2026-06-12 22:29:00,35.93994,126.92598,송학동,3,소각 냄새(태우는 냄새),-11:-4,-1
2026-06-12 22:49:00,35.945255,126.944824,모현동1가,4,소각 냄새(태우는 냄새),-8:-3,-1
2026-06-12 22:57:00,35.937794,126.97476,금강동,4,소각 냄새(태우는 냄새),-2:-5,-1
2026-06-12 23:00:00,35.961037,126.95232,신동,3,소각 냄새(태우는 냄새),-6:0,-1
2026-06-12 23:02:00,35.968445,127.09032,왕궁면 흥암리,4,"공장 냄새(화학약품, 매캐함)",19:2,-1
2026-06-13 01:15:00,35.955414,126.97492,영등동,3,"가축 분뇨 냄새(닭, 돼지, 소)",-2:-1,-1
2026-06-13 03:48:00,35.959488,126.98914,부송동,4,"공장 냄새(화학약품, 매캐함)",0:0,-1
2026-06-13 17:40:00,35.960182,126.99844,부송동,5,소각 냄새(태우는 냄새),2:0,-1
2026-06-13 20:51:00,35.92995,126.95884,동산동,3,소각 냄새(태우는 냄새),-5:-6,-1
2026-06-14 03:37:00,35.935555,126.94842,평화동,4,"가축 분뇨 냄새(닭, 돼지, 소)",-7:-5,-1
2026-06-14 08:50:00,35.93733,126.97154,마동,3,"공장 냄새(화학약품, 매캐함)",-3:-5,-1
2026-06-14 16:42:00,35.931087,127.023094,춘포면 오산리,5,"가축 분뇨 냄새(닭, 돼지, 소)",7:-6,-1
2026-06-14 16:54:00,35.94731,127.021614,춘포면 신동리,3,"가축 분뇨 냄새(닭, 돼지, 소)",6:-3,-1
2026-06-14 20:54:00,35.944607,126.969185,마동,3,"공장 냄새(화학약품, 매캐함)",-3:-3,-1
2026-06-14 22:32:00,35.93733,126.97154,마동,4,"공장 냄새(화학약품, 매캐함)",-3:-5,-1
2026-06-14 23:43:00,35.965137,126.98709,부송동,4,소각 냄새(태우는 냄새),0:1,-1
2026-06-15 00:05:00,35.937325,126.97155,마동,4,"공장 냄새(화학약품, 매캐함)",-3:-5,-1
2026-06-15 02:56:00,35.965046,126.98718,부송동,4,소각 냄새(태우는 냄새),0:1,-1
2026-06-15 07:40:00,35.968475,127.09031,왕궁면 흥암리,3,"공장 냄새(화학약품, 매캐함)",19:2,-1
2026-06-15 19:31:00,35.96913,127.089935,왕궁면 흥암리,4,"가축 분뇨 냄새(닭, 돼지, 소)",19:2,-1
2026-06-16 04:55:00,35.94147,126.97959,신흥동,4,소각 냄새(태우는 냄새),-1:-4,-1
2026-06-16 06:20:00,35.93916,126.98597,신흥동,3,"공장 냄새(화학약품, 매캐함)",0:-4,-1
2026-06-16 07:03:00,35.9373,126.97154,마동,4,"공장 냄새(화학약품, 매캐함)",-3:-5,-1
2026-06-16 07:30:00,35.968494,127.09031,왕궁면 흥암리,4,"공장 냄새(화학약품, 매캐함)",19:2,-1
2026-06-16 07:51:00,35.96863,127.09033,왕궁면 흥암리,5,"공장 냄새(화학약품, 매캐함)",19:2,-1
2026-06-16 09:07:00,35.96955,127.09085,왕궁면 흥암리,2,"공장 냄새(화학약품, 매캐함)",19:2,-1
2026-06-17 18:18:00,36.03827,126.98145,낭산면 용기리,3,"가축 분뇨 냄새(닭, 돼지, 소)",-1:18,-1
2026-06-17 19:36:00,35.937325,126.97154,마동,3,"공장 냄새(화학약품, 매캐함)",-3:-5,-1
2026-06-17 20:40:00,35.95313,126.984245,어양동,5,"공장 냄새(화학약품, 매캐함)",0:-1,-1
2026-06-17 22:32:00,35.937325,126.97154,마동,4,"공장 냄새(화학약품, 매캐함)",-3:-5,-1
2026-06-18 08:07:00,35.96848,127.09031,왕궁면 흥암리,5,소각 냄새(태우는 냄새),19:2,-1
2026-06-18 08:22:00,35.91294,126.86501,오산면 신지리,4,"가축 분뇨 냄새(닭, 돼지, 소)",-22:-10,-1
2026-06-19 05:29:00,35.969746,127.090546,왕궁면 흥암리,3,"가축 분뇨 냄새(닭, 돼지, 소)",19:2,-1
2026-06-19 07:27:00,35.969032,127.091324,왕궁면 흥암리,5,"가축 분뇨 냄새(닭, 돼지, 소)",19:2,-1
2026-06-19 10:14:00,35.969532,127.09117,왕궁면 흥암리,3,"공장 냄새(화학약품, 매캐함)",19:2,-1
2026-06-19 12:25:00,35.968483,127.09022,왕궁면 흥암리,4,"공장 냄새(화학약품, 매캐함)",19:2,-1
2026-06-19 20:04:00,35.969696,127.091354,왕궁면 흥암리,5,"가축 분뇨 냄새(닭, 돼지, 소)",19:2,-1
2026-06-19 20:52:00,35.937325,126.97154,마동,4,"가축 분뇨 냄새(닭, 돼지, 소)",-3:-5,-1
2026-06-19 21:04:00,35.95648,126.99892,용제동,3,소각 냄새(태우는 냄새),2:-1,-1
2026-06-19 21:30:00,35.96843,127.090225,왕궁면 흥암리,4,"공장 냄새(화학약품, 매캐함)",19:2,-1
2026-06-20 11:09:00,35.969185,127.09004,왕궁면 흥암리,4,"가축 분뇨 냄새(닭, 돼지, 소)",19:2,-1
2026-06-21 22:03:00,36.0372,126.98076,삼기면 서두리,2,"가축 분뇨 냄새(닭, 돼지, 소)",-1:17,-1
2026-06-21 22:22:00,35.95111,126.95903,남중동,1,소각 냄새(태우는 냄새),-5:-2,-1
2026-06-22 04:07:00,36.07503,126.961914,함열읍 와리,5,"가축 분뇨 냄새(닭, 돼지, 소)",-5:26,-1
2026-06-22 08:27:00,35.96848,127.09029,왕궁면 흥암리,3,"공장 냄새(화학약품, 매캐함)",19:2,-1
2026-06-22 08:32:00,35.969532,127.09123,왕궁면 흥암리,3,"공장 냄새(화학약품, 매캐함)",19:2,-1
2026-06-23 00:18:00,35.965145,126.98711,부송동,3,소각 냄새(태우는 냄새),0:1,-1
2026-06-23 19:05:00,35.940823,126.96709,마동,3,"공장 냄새(화학약품, 매캐함)",-4:-4,-1
2026-06-23 20:08:00,35.96849,127.09138,왕궁면 흥암리,5,"가축 분뇨 냄새(닭, 돼지, 소)",19:2,-1
2026-06-24 17:22:00,35.969337,127.090645,왕궁면 흥암리,5,기타,19:2,-1
2026-06-25 00:40:00,35.969555,127.09087,왕궁면 흥암리,2,소각 냄새(태우는 냄새),19:2,-1
2026-06-25 05:11:00,35.968494,127.09031,왕궁면 흥암리,5,소각 냄새(태우는 냄새),19:2,-1
2026-06-26 21:31:00,35.968494,127.09031,왕궁면 흥암리,4,"공장 냄새(화학약품, 매캐함)",19:2,-1
2026-06-27 04:06:00,35.931168,126.96768,동산동,4,"가축 분뇨 냄새(닭, 돼지, 소)",-3:-6,-1
2026-06-27 04:10:00,35.95479,126.97416,영등동,4,"가축 분뇨 냄새(닭, 돼지, 소)",-2:-1,-1
2026-06-27 04:15:00,35.96132,126.97835,영등동,4,"가축 분뇨 냄새(닭, 돼지, 소)",-2:1,-1
2026-06-27 06:57:00,35.91338,126.861664,오산면 신지리,5,"가축 분뇨 냄새(닭, 돼지, 소)",-23:-10,-1
2026-06-27 07:27:00,35.95928,126.99699,부송동,5,"공장 냄새(화학약품, 매캐함)",2:0,-1
2026-06-27 07:45:00,35.96886,127.09038,왕궁면 흥암리,4,"공장 냄새(화학약품, 매캐함)",19:2,320
2026-06-27 07:54:00,35.968494,127.09031,왕궁면 흥암리,5,"공장 냄새(화학약품, 매캐함)",19:2,320
2026-06-27 07:57:00,35.969128,127.09126,왕궁면 흥암리,5,"공장 냄새(화학약품, 매캐함)",19:2,320
2026-06-27 08:04:00,35.969173,127.09144,왕궁면 흥암리,5,"공장 냄새(화학약품, 매캐함)",19:2,320
2026-06-27 08:08:00,35.96957,127.09052,왕궁면 흥암리,5,"공장 냄새(화학약품, 매캐함)",19:2,320
2026-06-27 08:08:00,35.969234,127.091934,왕궁면 흥암리,4,"공장 냄새(화학약품, 매캐함)",19:2,320
2026-06-27 08:20:00,35.937313,126.97154,마동,4,"공장 냄새(화학약품, 매캐함)",-3:-5,-1
2026-06-27 08:57:00,35.969624,127.0908,왕궁면 흥암리,2,"공장 냄새(화학약품, 매캐함)",19:2,320
2026-06-27 21:01:00,35.948082,127.02068,춘포면 신동리,4,"가축 분뇨 냄새(닭, 돼지, 소)",6:-2,-1
2026-06-27 22:00:00,35.934437,126.972115,마동,5,"가축 분뇨 냄새(닭, 돼지, 소)",-3:-5,-1
2026-06-27 22:13:00,35.944603,126.969185,마동,3,소각 냄새(태우는 냄새),-3:-3,-1
2026-06-27 22:33:00,35.941402,126.9303,송학동,3,소각 냄새(태우는 냄새),-10:-4,-1
2026-06-28 01:18:00,35.93543,126.970955,마동,5,하수구 냄새,-3:-5,-1
2026-06-28 02:51:00,35.959244,126.99697,부송동,5,하수구 냄새,2:0,-1
2026-06-28 02:59:00,35.956207,126.994774,부송동,5,하수구 냄새,1:-1,-1
2026-06-28 05:56:00,35.93127,126.967834,동산동,5,"가축 분뇨 냄새(닭, 돼지, 소)",-3:-6,-1
2026-06-28 06:03:00,35.936794,126.97016,마동,5,"가축 분뇨 냄새(닭, 돼지, 소)",-3:-5,-1
2026-06-29 07:26:00,35.968494,127.09031,왕궁면 흥암리,3,"공장 냄새(화학약품, 매캐함)",19:2,-1
2026-06-29 08:13:00,35.96962,127.090744,왕궁면 흥암리,2,"공장 냄새(화학약품, 매캐함)",19:2,-1
2026-06-29 21:35:00,35.93677,126.97108,마동,5,기타,-3:-5,-1
2026-06-30 05:45:00,35.968487,127.0903,왕궁면 흥암리,4,"공장 냄새(화학약품, 매캐함)",19:2,-1
2026-06-30 06:01:00,35.936813,126.97019,마동,5,"가축 분뇨 냄새(닭, 돼지, 소)",-3:-5,321
2026-06-30 06:03:00,35.935265,126.97102,마동,5,"가축 분뇨 냄새(닭, 돼지, 소)",-3:-5,321
2026-06-30 06:11:00,35.936413,126.969215,마동,4,"가축 분뇨 냄새(닭, 돼지, 소)",-3:-5,321
2026-06-30 06:13:00,35.933914,126.94661,평화동,5,"가축 분뇨 냄새(닭, 돼지, 소)",-7:-6,-1
2026-06-30 06:15:00,35.936417,126.969124,마동,4,"가축 분뇨 냄새(닭, 돼지, 소)",-3:-5,321
2026-06-30 06:16:00,35.931274,126.967834,동산동,5,"가축 분뇨 냄새(닭, 돼지, 소)",-3:-6,321
2026-06-30 06:22:00,35.93492,126.947815,평화동,3,"가축 분뇨 냄새(닭, 돼지, 소)",-7:-5,-1
2026-06-30 06:33:00,35.93704,126.97178,마동,5,"가축 분뇨 냄새(닭, 돼지, 소)",-3:-5,321
2026-06-30 07:04:00,35.940445,126.966934,마동,5,"가축 분뇨 냄새(닭, 돼지, 소)",-4:-4,321
2026-06-30 08:46:00,35.96956,127.0912,왕궁면 흥암리,3,소각 냄새(태우는 냄새),19:2,-1
2026-07-01 00:16:00,35.968822,127.09137,왕궁면 흥암리,4,"가축 분뇨 냄새(닭, 돼지, 소)",19:2,322
2026-07-01 00:17:00,35.968517,127.09142,왕궁면 흥암리,4,"공장 냄새(화학약품, 매캐함)",19:2,322
2026-07-01 00:18:00,35.96861,127.09151,왕궁면 흥암리,5,"공장 냄새(화학약품, 매캐함)",19:2,322
2026-07-01 00:20:00,35.968636,127.090096,왕궁면 흥암리,4,음식조리 냄새,19:2,322
2026-07-01 00:21:00,35.968456,127.09088,왕궁면 흥암리,4,"가축 분뇨 냄새(닭, 돼지, 소)",19:2,322
2026-07-01 03:17:00,35.937305,126.97153,마동,5,"공장 냄새(화학약품, 매캐함)",-3:-5,-1
2026-07-01 03:47:00,35.961338,126.976074,영등동,4,"공장 냄새(화학약품, 매캐함)",-2:1,-1
2026-07-01 04:46:00,35.968487,127.0903,왕궁면 흥암리,5,"공장 냄새(화학약품, 매캐함)",19:2,-1
2026-07-01 04:54:00,35.969685,127.09213,왕궁면 흥암리,5,"공장 냄새(화학약품, 매캐함)",19:2,-1
2026-07-01 04:58:00,35.96834,127.09038,왕궁면 흥암리,5,"공장 냄새(화학약품, 매캐함)",19:2,-1
2026-07-01 08:49:00,35.969547,127.09071,왕궁면 흥암리,4,"공장 냄새(화학약품, 매캐함)",19:2,-1
2026-07-01 11:02:00,35.96964,127.09115,왕궁면 흥암리,4,"가축 분뇨 냄새(닭, 돼지, 소)",19:2,-1
2026-07-01 21:14:00,35.944733,126.96892,마동,3,"공장 냄새(화학약품, 매캐함)",-3:-3,-1
2026-07-01 23:05:00,35.968456,127.0909,왕궁면 흥암리,4,"가축 분뇨 냄새(닭, 돼지, 소)",19:2,-1
2026-07-01 23:50:00,35.93731,126.97154,마동,5,"공장 냄새(화학약품, 매캐함)",-3:-5,-1
2026-07-02 06:41:00,35.968487,127.09031,왕궁면 흥암리,4,"공장 냄새(화학약품, 매캐함)",19:2,-1
2026-07-02 06:48:00,35.969177,127.09143,왕궁면 흥암리,5,"공장 냄새(화학약품, 매캐함)",19:2,-1
2026-07-02 07:08:00,35.968716,127.09048,왕궁면 흥암리,3,"공장 냄새(화학약품, 매캐함)",19:2,-1
2026-07-02 07:34:00,35.969593,127.09111,왕궁면 흥암리,3,"공장 냄새(화학약품, 매캐함)",19:2,-1
2026-07-03 03:32:00,35.93527,126.971054,마동,4,"가축 분뇨 냄새(닭, 돼지, 소)",-3:-5,-1
2026-07-03 22:53:00,35.969715,127.090614,왕궁면 흥암리,5,"공장 냄새(화학약품, 매캐함)",19:2,-1
2026-07-04 19:43:00,35.968864,127.09047,왕궁면 흥암리,3,"가축 분뇨 냄새(닭, 돼지, 소)",19:2,-1
2026-07-04 23:21:00,35.96955,127.09053,왕궁면 흥암리,3,"가축 분뇨 냄새(닭, 돼지, 소)",19:2,-1
2026-07-05 00:00:00,35.968445,127.090904,왕궁면 흥암리,4,"가축 분뇨 냄새(닭, 돼지, 소)",19:2,-1
2026-07-05 01:38:00,35.934017,126.97217,동산동,5,"가축 분뇨 냄새(닭, 돼지, 소)",-3:-5,-1
2026-07-05 02:52:00,35.936024,126.97,마동,2,"가축 분뇨 냄새(닭, 돼지, 소)",-3:-5,-1
2026-07-05 08:09:00,35.948063,127.02066,춘포면 신동리,5,"가축 분뇨 냄새(닭, 돼지, 소)",6:-2,-1
2026-07-06 02:18:00,35.95057,126.964195,영등동,5,"가축 분뇨 냄새(닭, 돼지, 소)",-4:-2,-1
2026-07-06 02:21:00,35.937305,126.97155,마동,4,"가축 분뇨 냄새(닭, 돼지, 소)",-3:-5,-1
2026-07-06 04:20:00,35.968525,127.090294,왕궁면 흥암리,4,"공장 냄새(화학약품, 매캐함)",19:2,-1
2026-07-06 08:30:00,35.968838,127.09038,왕궁면 흥암리,3,"공장 냄새(화학약품, 매캐함)",19:2,-1
2026-07-06 20:17:00,35.93445,126.97215,마동,4,기타,-3:-5,-1
2026-07-07 00:42:00,35.935112,126.97319,마동,5,"가축 분뇨 냄새(닭, 돼지, 소)",-2:-5,-1
2026-07-07 00:47:00,35.96844,127.09091,왕궁면 흥암리,4,"가축 분뇨 냄새(닭, 돼지, 소)",19:2,-1
2026-07-07 01:11:00,35.954105,126.983894,어양동,4,"가축 분뇨 냄새(닭, 돼지, 소)",-1:-1,-1
2026-07-07 21:30:00,35.9411,126.943115,모현동1가,4,"가축 분뇨 냄새(닭, 돼지, 소)",-8:-4,-1
2026-07-07 22:05:00,35.959858,127.004585,팔봉동,5,하수구 냄새,3:0,-1
2026-07-08 00:20:00,35.93542,126.97096,마동,4,"공장 냄새(화학약품, 매캐함)",-3:-5,-1
2026-07-08 07:06:00,35.93681,126.97022,마동,3,"가축 분뇨 냄새(닭, 돼지, 소)",-3:-5,-1
2026-07-08 07:41:00,35.934307,126.97216,마동,5,"가축 분뇨 냄새(닭, 돼지, 소)",-3:-5,-1
2026-07-08 08:22:00,35.96028,126.9848,어양동,5,"가축 분뇨 냄새(닭, 돼지, 소)",0:0,-1
2026-07-08 09:41:00,35.963684,126.98234,어양동,4,"가축 분뇨 냄새(닭, 돼지, 소)",-1:1,-1
2026-07-08 18:13:00,35.968807,127.0904,왕궁면 흥암리,5,"공장 냄새(화학약품, 매캐함)",19:2,-1
2026-07-08 20:26:00,35.968987,127.09089,왕궁면 흥암리,3,기타,19:2,-1
2026-07-08 20:32:00,35.969604,127.09095,왕궁면 흥암리,4,"공장 냄새(화학약품, 매캐함)",19:2,-1
2026-07-08 20:45:00,35.950573,126.96421,영등동,5,"가축 분뇨 냄새(닭, 돼지, 소)",-4:-2,-1
2026-07-08 21:15:00,35.927547,126.959335,동산동,3,기타,-5:-7,-1
2026-07-08 21:23:00,35.93402,126.94664,평화동,4,"가축 분뇨 냄새(닭, 돼지, 소)",-7:-5,-1
2026-07-08 21:31:00,35.93982,126.96502,마동,5,"가축 분뇨 냄새(닭, 돼지, 소)",-4:-4,-1
2026-07-08 22:24:00,35.93472,126.97217,마동,5,"가축 분뇨 냄새(닭, 돼지, 소)",-3:-5,-1
2026-07-08 22:56:00,35.95358,126.984314,어양동,4,"가축 분뇨 냄새(닭, 돼지, 소)",0:-1,-1
2026-07-09 22:04:00,35.95659,126.997856,부송동,4,하수구 냄새,2:0,-1
2026-07-09 22:33:00,35.96875,127.09049,왕궁면 흥암리,5,"공장 냄새(화학약품, 매캐함)",19:2,-1
2026-07-09 23:12:00,35.937096,127.0529,춘포면 쌍정리,4,"가축 분뇨 냄새(닭, 돼지, 소)",12:-5,-1
2026-07-10 04:40:00,35.95875,126.99647,부송동,3,기타,2:0,-1
2026-07-10 06:00:00,35.937,127.0529,춘포면 쌍정리,4,"가축 분뇨 냄새(닭, 돼지, 소)",12:-5,-1
2026-07-10 19:35:00,35.94731,127.02154,춘포면 신동리,4,"가축 분뇨 냄새(닭, 돼지, 소)",6:-3,-1
2026-07-10 22:55:00,35.92875,126.96321,동산동,5,"가축 분뇨 냄새(닭, 돼지, 소)",-4:-7,-1
2026-07-10 22:57:00,35.93606,126.970345,마동,2,"가축 분뇨 냄새(닭, 돼지, 소)",-3:-5,-1
2026-07-10 22:57:00,35.93469,126.97227,마동,5,"가축 분뇨 냄새(닭, 돼지, 소)",-3:-5,-1
2026-07-10 23:01:00,35.964397,126.973816,영등동,4,"가축 분뇨 냄새(닭, 돼지, 소)",-2:1,-1
2026-07-10 23:06:00,35.95412,126.9839,어양동,4,"가축 분뇨 냄새(닭, 돼지, 소)",-1:-1,-1
2026-07-10 23:19:00,35.93537,126.97157,마동,5,"가축 분뇨 냄새(닭, 돼지, 소)",-3:-5,-1
2026-07-10 23:21:00,35.95404,126.97543,영등동,5,"가축 분뇨 냄새(닭, 돼지, 소)",-2:-1,-1
2026-07-10 23:21:00,35.945827,126.94638,모현동1가,4,"가축 분뇨 냄새(닭, 돼지, 소)",-7:-3,-1
2026-07-10 23:34:00,35.969444,127.090965,왕궁면 흥암리,4,"공장 냄새(화학약품, 매캐함)",19:2,-1
2026-07-10 23:43:00,35.94506,126.945,모현동1가,4,"가축 분뇨 냄새(닭, 돼지, 소)",-8:-3,-1
2026-07-11 00:06:00,35.956085,126.99472,부송동,4,"가축 분뇨 냄새(닭, 돼지, 소)",1:-1,-1
2026-07-11 06:44:00,35.960064,126.9984,부송동,4,"공장 냄새(화학약품, 매캐함)",2:0,-1
2026-07-11 20:36:00,35.968624,127.0911,왕궁면 흥암리,5,"가축 분뇨 냄새(닭, 돼지, 소)",19:2,-1
2026-07-11 20:58:00,35.951324,126.93681,모현동1가,3,"가축 분뇨 냄새(닭, 돼지, 소)",-9:-2,-1
2026-07-11 21:52:00,35.95425,126.98461,어양동,2,"공장 냄새(화학약품, 매캐함)",0:-1,-1
2026-07-11 22:17:00,35.959694,126.989105,부송동,5,"가축 분뇨 냄새(닭, 돼지, 소)",0:0,-1
2026-07-11 22:39:00,35.9365,126.970955,마동,4,"가축 분뇨 냄새(닭, 돼지, 소)",-3:-5,-1
2026-07-11 23:14:00,35.937126,127.052925,춘포면 쌍정리,5,"가축 분뇨 냄새(닭, 돼지, 소)",12:-5,-1
2026-07-11 23:16:00,35.937126,127.052925,춘포면 쌍정리,5,"가축 분뇨 냄새(닭, 돼지, 소)",12:-5,-1
2026-07-12 09:32:00,35.973785,126.933784,현영동,4,"가축 분뇨 냄새(닭, 돼지, 소)",-10:3,-1
2026-07-13 02:32:00,35.937122,127.052925,춘포면 쌍정리,4,"가축 분뇨 냄새(닭, 돼지, 소)",12:-5,-1
2026-07-13 10:10:00,35.973713,126.933975,현영동,4,"가축 분뇨 냄새(닭, 돼지, 소)",-10:3,-1
2026-07-14 00:10:00,35.93406,126.946686,평화동,3,"가축 분뇨 냄새(닭, 돼지, 소)",-7:-5,-1
2026-07-14 00:11:00,35.939495,126.951675,중앙동3가,5,"가축 분뇨 냄새(닭, 돼지, 소)",-6:-4,-1
2026-07-14 04:03:00,35.939198,126.98595,신흥동,4,"가축 분뇨 냄새(닭, 돼지, 소)",0:-4,-1
2026-07-14 06:23:00,35.940483,126.93857,송학동,4,"가축 분뇨 냄새(닭, 돼지, 소)",-9:-4,-1
2026-07-14 08:26:00,35.973682,126.934,현영동,5,"가축 분뇨 냄새(닭, 돼지, 소)",-10:3,-1
2026-07-14 21:55:00,35.956486,126.99655,부송동,4,"가축 분뇨 냄새(닭, 돼지, 소)",2:-1,-1
2026-07-15 13:24:00,35.939213,126.98593,신흥동,0,해당사항없음,0:-4,-1
2026-07-15 22:50:00,35.96843,127.090935,왕궁면 흥암리,5,"가축 분뇨 냄새(닭, 돼지, 소)",19:2,-1
2026-07-15 23:08:00,35.968483,127.09139,왕궁면 흥암리,4,"공장 냄새(화학약품, 매캐함)",19:2,-1
2026-07-16 05:43:00,35.968807,127.09141,왕궁면 흥암리,4,"가축 분뇨 냄새(닭, 돼지, 소)",19:2,-1
2026-07-16 08:58:00,35.96965,127.09049,왕궁면 흥암리,3,"가축 분뇨 냄새(닭, 돼지, 소)",19:2,-1
2026-07-16 19:24:00,36.036793,126.98181,삼기면 오룡리,2,"가축 분뇨 냄새(닭, 돼지, 소)",-1:17,-1
2026-07-16 22:51:00,35.947556,126.96852,영등동,4,"가축 분뇨 냄새(닭, 돼지, 소)",-3:-2,-1
2026-07-16 22:53:00,35.945694,126.96383,마동,5,"가축 분뇨 냄새(닭, 돼지, 소)",-4:-3,-1
2026-07-16 22:54:00,35.947563,126.968506,영등동,3,"가축 분뇨 냄새(닭, 돼지, 소)",-3:-2,-1
2026-07-16 22:56:00,35.93983,126.96502,마동,5,"가축 분뇨 냄새(닭, 돼지, 소)",-4:-4,-1
2026-07-16 23:02:00,35.957718,126.96271,신동,5,"가축 분뇨 냄새(닭, 돼지, 소)",-4:0,-1
2026-07-17 23:47:00,35.968628,127.09092,왕궁면 흥암리,5,"가축 분뇨 냄새(닭, 돼지, 소)",19:2,-1
2026-07-18 00:25:00,35.937126,127.05293,춘포면 쌍정리,3,"가축 분뇨 냄새(닭, 돼지, 소)",12:-5,-1
2026-07-18 03:06:00,35.9346,126.946915,평화동,5,"가축 분뇨 냄새(닭, 돼지, 소)",-7:-5,-1
2026-07-18 03:13:00,35.934082,126.9467,평화동,5,"가축 분뇨 냄새(닭, 돼지, 소)",-7:-5,-1
2026-07-18 03:23:00,35.934628,126.94675,평화동,5,"가축 분뇨 냄새(닭, 돼지, 소)",-7:-5,-1
2026-07-20 21:03:00,35.954124,126.98391,어양동,4,"가축 분뇨 냄새(닭, 돼지, 소)",-1:-1,-1
2026-07-20 21:07:00,35.954807,126.98854,어양동,4,기타,0:-1,-1
2026-07-20 21:08:00,35.954803,126.98854,어양동,4,기타,0:-1,-1
2026-07-20 22:13:00,35.95651,126.99651,부송동,5,"가축 분뇨 냄새(닭, 돼지, 소)",2:-1,-1
2026-07-21 00:10:00,35.934273,126.9713,마동,5,"가축 분뇨 냄새(닭, 돼지, 소)",-3:-5,-1
2026-07-21 00:16:00,35.953995,126.98453,어양동,3,"가축 분뇨 냄새(닭, 돼지, 소)",0:-1,-1
2026-07-21 02:51:00,35.935276,126.97169,마동,5,"가축 분뇨 냄새(닭, 돼지, 소)",-3:-5,-1
2026-07-21 03:25:00,35.94574,126.96214,마동,5,"가축 분뇨 냄새(닭, 돼지, 소)",-4:-3,-1
2026-07-21 05:15:00,35.92843,126.95954,동산동,4,"가축 분뇨 냄새(닭, 돼지, 소)",-5:-7,-1
2026-07-21 06:03:00,35.96056,126.95315,신동,4,"가축 분뇨 냄새(닭, 돼지, 소)",-6:0,-1
2026-07-21 21:45:00,35.969517,127.09092,왕궁면 흥암리,4,"가축 분뇨 냄새(닭, 돼지, 소)",19:2,-1
2026-07-21 22:04:00,35.968334,127.08966,왕궁면 흥암리,5,"가축 분뇨 냄새(닭, 돼지, 소)",19:2,-1
2026-07-22 02:33:00,35.936646,126.969025,마동,5,"가축 분뇨 냄새(닭, 돼지, 소)",-3:-5,-1
2026-07-22 02:35:00,35.94572,126.96212,마동,5,"가축 분뇨 냄새(닭, 돼지, 소)",-4:-3,-1
2026-07-22 07:33:00,35.968506,127.0903,왕궁면 흥암리,2,"공장 냄새(화학약품, 매캐함)",19:2,-1
2026-07-23 01:49:00,35.953938,126.983734,어양동,5,"가축 분뇨 냄새(닭, 돼지, 소)",-1:-1,-1
2026-07-23 01:56:00,35.939552,126.96558,마동,5,"가축 분뇨 냄새(닭, 돼지, 소)",-4:-4,-1
2026-07-23 01:56:00,35.939552,126.96558,마동,5,"가축 분뇨 냄새(닭, 돼지, 소)",-4:-4,-1
2026-07-23 02:02:00,35.92842,126.95954,동산동,5,"가축 분뇨 냄새(닭, 돼지, 소)",-5:-7,-1
2026-07-23 02:24:00,35.93463,126.94676,평화동,5,"가축 분뇨 냄새(닭, 돼지, 소)",-7:-5,-1
2026-07-24 01:44:00,35.956642,126.99804,부송동,4,"가축 분뇨 냄새(닭, 돼지, 소)",2:0,-1
2026-07-24 02:10:00,35.928402,126.959564,동산동,5,"가축 분뇨 냄새(닭, 돼지, 소)",-5:-7,-1
2026-07-24 07:33:00,35.969597,127.09102,왕궁면 흥암리,3,"공장 냄새(화학약품, 매캐함)",19:2,-1
2026-07-24 07:43:00,35.9685,127.090294,왕궁면 흥암리,4,"공장 냄새(화학약품, 매캐함)",19:2,-1
2026-07-25 00:05:00,35.944923,126.937965,모현동1가,4,"가축 분뇨 냄새(닭, 돼지, 소)",-9:-3,-1
2026-07-25 04:13:00,35.93455,126.945,평화동,5,"가축 분뇨 냄새(닭, 돼지, 소)",-8:-5,-1
2026-07-25 07:00:00,35.93411,126.94668,평화동,3,"가축 분뇨 냄새(닭, 돼지, 소)",-7:-5,-1
2026-07-25 07:02:00,35.94,126.93,송학동,4,"가축 분뇨 냄새(닭, 돼지, 소)",-10:-4,-1
2026-07-25 07:05:00,35.94033,126.96683,마동,4,"가축 분뇨 냄새(닭, 돼지, 소)",-4:-4,-1
2026-07-25 22:41:00,35.946262,126.94878,남중동,3,"가축 분뇨 냄새(닭, 돼지, 소)",-7:-3,-1
2026-07-26 03:25:00,35.934658,126.946754,평화동,5,"가축 분뇨 냄새(닭, 돼지, 소)",-7:-5,-1
2026-07-26 03:30:00,35.939835,126.965034,마동,5,"가축 분뇨 냄새(닭, 돼지, 소)",-4:-4,-1
2026-07-26 03:39:00,35.934536,126.94694,평화동,5,"가축 분뇨 냄새(닭, 돼지, 소)",-7:-5,-1
2026-07-27 05:06:00,35.934635,126.97229,마동,5,"가축 분뇨 냄새(닭, 돼지, 소)",-3:-5,-1
2026-07-27 05:27:00,35.940628,126.938675,송학동,5,"가축 분뇨 냄새(닭, 돼지, 소)",-9:-4,-1
2026-07-27 05:41:00,35.9438,126.9544,남중동,4,"가축 분뇨 냄새(닭, 돼지, 소)",-6:-3,-1
2026-07-27 06:31:00,35.939903,126.96491,마동,5,"가축 분뇨 냄새(닭, 돼지, 소)",-4:-4,-1
2026-07-28 02:52:00,35.964733,127.01604,팔봉동,5,"가축 분뇨 냄새(닭, 돼지, 소)",5:1,-1
2026-07-28 05:10:00,35.960266,126.984764,어양동,5,"가축 분뇨 냄새(닭, 돼지, 소)",0:0,-1
2026-07-28 18:08:00,35.943455,126.93682,송학동,4,"가축 분뇨 냄새(닭, 돼지, 소)",-9:-3,-1
2026-07-30 00:17:00,35.934116,126.94667,평화동,3,"가축 분뇨 냄새(닭, 돼지, 소)",-7:-5,-1
