센서명,날짜,복합악취,황화수소,암모니아,TVOC
체리부로주,2024-09-02 00:00,2.0,0.003,0.006,0.31
체리부로주,2024-09-02 00:05,2.0,0.003,0.009,0.311
체리부로주,2024-09-02 00:10,2.0,0.003,0.006,0.311
체리부로주,2024-09-02 00:15,2.0,0.003,0.005,0.312
체리부로주,2024-09-02 00:20,2.0,0.002,0.004,0.314
체리부로주,2024-09-02 00:25,2.0,0.003,0.005,0.314
체리부로주,2024-09-02 00:30,2.0,0.003,0.003,0.316
체리부로주,2024-09-02 00:35,2.0,0.003,0.006,0.318
체리부로주,2024-09-02 00:40,2.0,0.002,0.008,0.318
체리부로주,2024-09-02 00:45,2.0,0.002,0.009,0.321
체리부로주,2024-09-02 00:50,2.0,0.002,0.006,0.322
체리부로주,2024-09-02 00:55,2.0,0.003,0.004,0.324
체리부로주,2024-09-02 01:00,2.0,0.002,0.004,0.326
체리부로주,2024-09-02 01:05,2.0,0.003,0.005,0.326
체리부로주,2024-09-02 01:10,2.0,0.002,0.005,0.328
체리부로주,2024-09-02 01:15,2.0,0.003,0.004,0.329
체리부로주,2024-09-02 01:20,2.0,0.003,0.005,0.329
체리부로주,2024-09-02 01:25,2.0,0.002,0.006,0.332
체리부로주,2024-09-02 01:30,2.0,0.002,0.006,0.333
체리부로주,2024-09-02 01:35,2.0,0.002,0.003,0.33
체리부로주,2024-09-02 01:40,2.0,0.003,0.006,0.327
체리부로주,2024-09-02 01:45,2.3,0.003,0.003,0.328
체리부로주,2024-09-02 01:50,3.0,0.003,0.004,0.332
체리부로주,2024-09-02 01:55,2.8,0.002,0.003,0.329
체리부로주,2024-09-02 02:00,2.1,0.002,0.005,0.328
체리부로주,2024-09-02 02:05,2.3,0.002,0.005,0.329
체리부로주,2024-09-02 02:10,2.0,0.002,0.005,0.33
체리부로주,2024-09-02 02:15,2.0,0.003,0.004,0.329
체리부로주,2024-09-02 02:20,2.0,0.003,0.005,0.329
체리부로주,2024-09-02 02:25,2.0,0.003,0.006,0.328
체리부로주,2024-09-02 02:30,2.0,0.002,0.007,0.329
체리부로주,2024-09-02 02:35,2.0,0.002,0.005,0.33
체리부로주,2024-09-02 02:40,2.0,0.002,0.004,0.329
체리부로주,2024-09-02 02:45,2.0,0.002,0.005,0.329
체리부로주,2024-09-02 02:50,2.0,0.003,0.005,0.329
체리부로주,2024-09-02 02:55,2.0,0.002,0.006,0.328
체리부로주,2024-09-02 03:00,2.0,0.003,0.005,0.329
체리부로주,2024-09-02 03:05,2.0,0.004,0.005,0.329
체리부로주,2024-09-02 03:10,2.0,0.002,0.004,0.33
체리부로주,2024-09-02 03:15,2.0,0.003,0.004,0.328
체리부로주,2024-09-02 03:20,2.0,0.002,0.004,0.325
체리부로주,2024-09-02 03:25,2.0,0.003,0.005,0.326
체리부로주,2024-09-02 03:30,2.0,0.002,0.006,0.324
체리부로주,2024-09-02 03:35,2.0,0.002,0.007,0.324
체리부로주,2024-09-02 03:40,2.0,0.002,0.005,0.324
체리부로주,2024-09-02 03:45,2.0,0.002,0.006,0.326
체리부로주,2024-09-02 03:50,2.0,0.003,0.006,0.325
체리부로주,2024-09-02 03:55,2.0,0.004,0.005,0.325
체리부로주,2024-09-02 04:00,2.3,0.002,0.007,0.325
체리부로주,2024-09-02 04:05,2.7,0.003,0.005,0.325
체리부로주,2024-09-02 04:10,2.0,0.002,0.004,0.323
체리부로주,2024-09-02 04:15,2.0,0.003,0.005,0.323
체리부로주,2024-09-02 04:20,2.0,0.002,0.004,0.322
체리부로주,2024-09-02 04:25,2.9,0.003,0.004,0.322
체리부로주,2024-09-02 04:30,3.0,0.002,0.006,0.321
체리부로주,2024-09-02 04:35,3.0,0.002,0.007,0.321
체리부로주,2024-09-02 04:40,3.0,0.003,0.006,0.32
체리부로주,2024-09-02 04:45,2.2,0.003,0.005,0.317
체리부로주,2024-09-02 04:50,2.0,0.003,0.004,0.316
체리부로주,2024-09-02 04:55,2.0,0.002,0.005,0.316
체리부로주,2024-09-02 05:00,2.6,0.003,0.007,0.315
체리부로주,2024-09-02 05:05,3.0,0.003,0.005,0.313
체리부로주,2024-09-02 05:10,3.0,0.003,0.004,0.317
체리부로주,2024-09-02 05:15,3.0,0.002,0.004,0.318
체리부로주,2024-09-02 05:20,3.0,0.002,0.005,0.316
체리부로주,2024-09-02 05:25,3.0,0.003,0.004,0.317
체리부로주,2024-09-02 05:30,3.0,0.003,0.005,0.315
체리부로주,2024-09-02 05:35,3.0,0.004,0.006,0.315
체리부로주,2024-09-02 05:40,3.0,0.002,0.005,0.315
체리부로주,2024-09-02 05:45,3.0,0.003,0.003,0.313
체리부로주,2024-09-02 05:50,3.0,0.002,0.004,0.312
체리부로주,2024-09-02 05:55,3.0,0.002,0.004,0.313
체리부로주,2024-09-02 06:00,2.9,0.003,0.006,0.314
체리부로주,2024-09-02 06:05,2.7,0.002,0.005,0.313
체리부로주,2024-09-02 06:10,3.0,0.002,0.005,0.315
체리부로주,2024-09-02 06:15,2.1,0.002,0.006,0.315
체리부로주,2024-09-02 06:20,2.0,0.002,0.004,0.314
체리부로주,2024-09-02 06:25,2.0,0.002,0.004,0.317
체리부로주,2024-09-02 06:30,2.2,0.003,0.005,0.318
체리부로주,2024-09-02 06:35,2.1,0.003,0.006,0.318
체리부로주,2024-09-02 06:40,2.0,0.002,0.005,0.32
체리부로주,2024-09-02 06:45,2.0,0.002,0.005,0.324
체리부로주,2024-09-02 06:50,2.0,0.003,0.003,0.321
체리부로주,2024-09-02 06:55,2.0,0.001,0.006,0.321
체리부로주,2024-09-02 07:00,2.0,0.003,0.003,0.319
체리부로주,2024-09-02 07:05,2.0,0.002,0.004,0.317
체리부로주,2024-09-02 07:10,2.3,0.003,0.003,0.308
체리부로주,2024-09-02 07:15,2.9,0.003,0.007,0.297
체리부로주,2024-09-02 07:20,3.0,0.002,0.006,0.297
체리부로주,2024-09-02 07:25,3.0,0.003,0.004,0.292
체리부로주,2024-09-02 07:30,3.0,0.002,0.006,0.287
체리부로주,2024-09-02 07:35,3.0,0.002,0.006,0.282
체리부로주,2024-09-02 07:40,3.0,0.003,0.006,0.276
체리부로주,2024-09-02 07:45,3.0,0.003,0.007,0.268
체리부로주,2024-09-02 07:50,3.0,0.003,0.004,0.263
체리부로주,2024-09-02 07:55,3.0,0.001,0.006,0.261
체리부로주,2024-09-02 08:00,3.0,0.003,0.004,0.258
체리부로주,2024-09-02 08:05,3.0,0.002,0.004,0.256
체리부로주,2024-09-02 08:10,3.0,0.002,0.005,0.253
체리부로주,2024-09-02 08:15,2.1,0.002,0.006,0.248
체리부로주,2024-09-02 08:20,2.0,0.003,0.004,0.245
체리부로주,2024-09-02 08:25,2.0,0.002,0.004,0.243
체리부로주,2024-09-02 08:30,2.1,0.002,0.005,0.242
체리부로주,2024-09-02 08:35,2.0,0.002,0.005,0.24
체리부로주,2024-09-02 08:40,2.0,0.002,0.005,0.239
체리부로주,2024-09-02 08:45,2.0,0.002,0.005,0.235
체리부로주,2024-09-02 08:50,2.2,0.002,0.005,0.231
체리부로주,2024-09-02 08:55,2.6,0.003,0.005,0.23
체리부로주,2024-09-02 09:00,2.3,0.003,0.005,0.229
체리부로주,2024-09-02 09:05,2.6,0.001,0.005,0.228
체리부로주,2024-09-02 09:10,3.0,0.001,0.003,0.227
체리부로주,2024-09-02 09:15,2.7,0.003,0.004,0.225
체리부로주,2024-09-02 09:20,2.2,0.003,0.004,0.223
체리부로주,2024-09-02 09:25,2.0,0.002,0.005,0.221
체리부로주,2024-09-02 09:30,2.0,0.003,0.003,0.224
체리부로주,2024-09-02 09:35,2.0,0.002,0.007,0.226
체리부로주,2024-09-02 09:40,2.1,0.003,0.005,0.226
체리부로주,2024-09-02 09:45,2.1,0.003,0.005,0.226
체리부로주,2024-09-02 09:50,2.8,0.003,0.007,0.229
체리부로주,2024-09-02 09:55,2.0,0.003,0.006,0.224
체리부로주,2024-09-02 10:00,2.0,0.003,0.006,0.219
체리부로주,2024-09-02 10:05,2.3,0.002,0.006,0.222
체리부로주,2024-09-02 10:10,2.0,0.004,0.006,0.219
체리부로주,2024-09-02 10:15,2.3,0.003,0.007,0.219
체리부로주,2024-09-02 10:20,3.5,0.002,0.006,0.228
체리부로주,2024-09-02 10:25,2.3,0.003,0.004,0.221
체리부로주,2024-09-02 10:30,2.9,0.003,0.006,0.224
체리부로주,2024-09-02 10:35,2.7,0.002,0.005,0.219
체리부로주,2024-09-02 10:40,2.3,0.002,0.005,0.213
체리부로주,2024-09-02 10:45,2.2,0.003,0.005,0.209
체리부로주,2024-09-02 10:50,2.0,0.002,0.004,0.205
체리부로주,2024-09-02 10:55,2.0,0.003,0.007,0.2
체리부로주,2024-09-02 11:00,2.1,0.003,0.006,0.197
체리부로주,2024-09-02 11:05,2.2,0.002,0.004,0.195
체리부로주,2024-09-02 11:10,2.1,0.003,0.004,0.193
체리부로주,2024-09-02 11:15,2.1,0.002,0.004,0.193
체리부로주,2024-09-02 11:20,2.0,0.002,0.004,0.194
체리부로주,2024-09-02 11:25,2.7,0.003,0.004,0.199
체리부로주,2024-09-02 11:30,2.0,0.003,0.005,0.201
체리부로주,2024-09-02 11:35,2.0,0.003,0.005,0.207
체리부로주,2024-09-02 11:40,2.3,0.003,0.006,0.21
체리부로주,2024-09-02 11:45,2.9,0.003,0.004,0.217
체리부로주,2024-09-02 11:50,2.2,0.002,0.006,0.211
체리부로주,2024-09-02 11:55,2.4,0.001,0.005,0.211
체리부로주,2024-09-02 12:00,2.5,0.002,0.006,0.212
체리부로주,2024-09-02 12:05,2.1,0.003,0.004,0.213
체리부로주,2024-09-02 12:10,2.0,0.003,0.005,0.215
체리부로주,2024-09-02 12:15,2.1,0.002,0.004,0.216
체리부로주,2024-09-02 12:20,2.1,0.002,0.004,0.215
체리부로주,2024-09-02 12:25,2.1,0.003,0.006,0.214
체리부로주,2024-09-02 12:30,2.0,0.003,0.005,0.213
체리부로주,2024-09-02 12:35,2.0,0.003,0.004,0.213
체리부로주,2024-09-02 12:40,2.1,0.003,0.006,0.213
체리부로주,2024-09-02 12:45,2.4,0.003,0.006,0.214
체리부로주,2024-09-02 12:50,2.2,0.003,0.005,0.215
체리부로주,2024-09-02 12:55,2.3,0.002,0.007,0.216
체리부로주,2024-09-02 13:00,2.1,0.002,0.005,0.215
체리부로주,2024-09-02 13:05,2.0,0.003,0.005,0.217
체리부로주,2024-09-02 13:10,2.0,0.004,0.004,0.219
체리부로주,2024-09-02 13:15,2.0,0.001,0.006,0.221
체리부로주,2024-09-02 13:20,2.2,0.002,0.004,0.222
체리부로주,2024-09-02 13:25,3.0,0.003,0.004,0.228
체리부로주,2024-09-02 13:30,2.9,0.003,0.005,0.228
체리부로주,2024-09-02 13:35,2.0,0.003,0.004,0.222
체리부로주,2024-09-02 13:40,2.0,0.004,0.005,0.222
체리부로주,2024-09-02 13:45,2.0,0.003,0.007,0.224
체리부로주,2024-09-02 13:50,2.0,0.002,0.005,0.221
체리부로주,2024-09-02 13:55,2.1,0.003,0.005,0.222
체리부로주,2024-09-02 14:00,2.5,0.003,0.004,0.22
체리부로주,2024-09-02 14:05,2.4,0.002,0.004,0.22
체리부로주,2024-09-02 14:10,2.0,0.003,0.004,0.216
체리부로주,2024-09-02 14:15,2.0,0.003,0.003,0.217
체리부로주,2024-09-02 14:20,2.0,0.003,0.003,0.217
체리부로주,2024-09-02 14:25,2.0,0.003,0.005,0.217
체리부로주,2024-09-02 14:30,2.0,0.002,0.005,0.219
체리부로주,2024-09-02 14:35,2.0,0.003,0.005,0.218
체리부로주,2024-09-02 14:40,2.0,0.002,0.005,0.216
체리부로주,2024-09-02 14:45,2.0,0.003,0.006,0.216
체리부로주,2024-09-02 14:50,2.0,0.003,0.004,0.215
체리부로주,2024-09-02 14:55,2.0,0.002,0.003,0.214
체리부로주,2024-09-02 15:00,2.1,0.002,0.005,0.215
체리부로주,2024-09-02 15:05,2.0,0.002,0.007,0.215
체리부로주,2024-09-02 15:10,2.2,0.003,0.006,0.215
체리부로주,2024-09-02 15:15,2.0,0.002,0.006,0.214
체리부로주,2024-09-02 15:20,2.1,0.003,0.004,0.214
체리부로주,2024-09-02 15:25,2.2,0.003,0.003,0.216
체리부로주,2024-09-02 15:30,2.3,0.003,0.006,0.216
체리부로주,2024-09-02 15:35,2.8,0.002,0.004,0.218
체리부로주,2024-09-02 15:40,3.0,0.002,0.005,0.218
체리부로주,2024-09-02 15:45,2.6,0.002,0.005,0.217
체리부로주,2024-09-02 15:50,2.1,0.003,0.007,0.216
체리부로주,2024-09-02 15:55,2.1,0.003,0.006,0.217
체리부로주,2024-09-02 16:00,2.1,0.002,0.007,0.218
체리부로주,2024-09-02 16:05,2.0,0.003,0.004,0.217
체리부로주,2024-09-02 16:10,2.1,0.003,0.007,0.218
체리부로주,2024-09-02 16:15,2.5,0.003,0.006,0.22
체리부로주,2024-09-02 16:20,3.0,0.003,0.004,0.222
체리부로주,2024-09-02 16:25,2.7,0.002,0.004,0.223
체리부로주,2024-09-02 16:30,2.6,0.004,0.005,0.222
체리부로주,2024-09-02 16:35,2.3,0.002,0.004,0.222
체리부로주,2024-09-02 16:40,2.6,0.003,0.006,0.223
체리부로주,2024-09-02 16:45,2.1,0.003,0.003,0.222
체리부로주,2024-09-02 16:50,2.4,0.003,0.004,0.221
체리부로주,2024-09-02 16:55,2.9,0.003,0.005,0.224
체리부로주,2024-09-02 17:00,3.0,0.002,0.005,0.225
체리부로주,2024-09-02 17:05,3.0,0.002,0.007,0.226
체리부로주,2024-09-02 17:10,3.0,0.003,0.005,0.226
체리부로주,2024-09-02 17:15,3.0,0.002,0.005,0.228
체리부로주,2024-09-02 17:20,2.8,0.004,0.004,0.226
체리부로주,2024-09-02 17:25,2.0,0.002,0.005,0.223
체리부로주,2024-09-02 17:30,2.2,0.003,0.005,0.225
체리부로주,2024-09-02 17:35,2.0,0.002,0.006,0.225
체리부로주,2024-09-02 17:40,2.1,0.003,0.004,0.225
체리부로주,2024-09-02 17:45,2.1,0.002,0.004,0.226
체리부로주,2024-09-02 17:50,2.1,0.002,0.006,0.224
체리부로주,2024-09-02 17:55,2.9,0.004,0.006,0.226
체리부로주,2024-09-02 18:00,3.0,0.002,0.008,0.226
체리부로주,2024-09-02 18:05,3.0,0.002,0.004,0.227
체리부로주,2024-09-02 18:10,3.0,0.003,0.006,0.228
체리부로주,2024-09-02 18:15,3.0,0.002,0.004,0.228
체리부로주,2024-09-02 18:20,3.0,0.002,0.004,0.226
체리부로주,2024-09-02 18:25,2.3,0.002,0.004,0.225
체리부로주,2024-09-02 18:30,2.1,0.002,0.004,0.226
체리부로주,2024-09-02 18:35,2.0,0.002,0.004,0.224
체리부로주,2024-09-02 18:40,2.4,0.002,0.005,0.226
체리부로주,2024-09-02 18:45,3.0,0.002,0.005,0.231
체리부로주,2024-09-02 18:50,2.8,0.003,0.006,0.233
체리부로주,2024-09-02 18:55,2.6,0.002,0.005,0.233
체리부로주,2024-09-02 19:00,2.1,0.003,0.004,0.232
체리부로주,2024-09-02 19:05,2.9,0.003,0.005,0.237
체리부로주,2024-09-02 19:10,3.0,0.004,0.004,0.239
체리부로주,2024-09-02 19:15,2.1,0.002,0.005,0.237
체리부로주,2024-09-02 19:20,2.0,0.003,0.005,0.237
체리부로주,2024-09-02 19:25,2.0,0.003,0.005,0.239
체리부로주,2024-09-02 19:30,2.9,0.004,0.006,0.243
체리부로주,2024-09-02 19:35,3.0,0.002,0.003,0.246
체리부로주,2024-09-02 19:40,3.0,0.003,0.004,0.246
체리부로주,2024-09-02 19:45,3.0,0.003,0.003,0.244
체리부로주,2024-09-02 19:50,3.0,0.001,0.007,0.246
체리부로주,2024-09-02 19:55,2.7,0.003,0.005,0.247
체리부로주,2024-09-02 20:00,3.0,0.002,0.005,0.246
체리부로주,2024-09-02 20:05,3.0,0.003,0.005,0.25
체리부로주,2024-09-02 20:10,3.0,0.001,0.005,0.255
체리부로주,2024-09-02 20:15,3.0,0.002,0.006,0.257
체리부로주,2024-09-02 20:20,3.0,0.003,0.005,0.26
체리부로주,2024-09-02 20:25,3.0,0.002,0.005,0.263
체리부로주,2024-09-02 20:30,3.0,0.002,0.005,0.265
체리부로주,2024-09-02 20:35,3.0,0.004,0.005,0.266
체리부로주,2024-09-02 20:40,3.0,0.002,0.006,0.267
체리부로주,2024-09-02 20:45,3.0,0.003,0.005,0.269
체리부로주,2024-09-02 20:50,3.0,0.003,0.005,0.269
체리부로주,2024-09-02 20:55,3.0,0.003,0.006,0.272
체리부로주,2024-09-02 21:00,3.0,0.003,0.005,0.275
체리부로주,2024-09-02 21:05,3.0,0.002,0.008,0.275
체리부로주,2024-09-02 21:10,3.0,0.002,0.004,0.274
체리부로주,2024-09-02 21:15,3.0,0.002,0.005,0.277
체리부로주,2024-09-02 21:20,3.0,0.002,0.004,0.278
체리부로주,2024-09-02 21:25,3.0,0.002,0.004,0.28
체리부로주,2024-09-02 21:30,3.0,0.003,0.004,0.281
체리부로주,2024-09-02 21:35,3.0,0.003,0.004,0.282
체리부로주,2024-09-02 21:40,3.0,0.003,0.005,0.281
체리부로주,2024-09-02 21:45,3.0,0.002,0.006,0.283
체리부로주,2024-09-02 21:50,3.0,0.003,0.006,0.285
체리부로주,2024-09-02 21:55,3.0,0.003,0.006,0.284
체리부로주,2024-09-02 22:00,3.0,0.003,0.005,0.286
체리부로주,2024-09-02 22:05,3.0,0.002,0.006,0.287
체리부로주,2024-09-02 22:10,3.0,0.002,0.007,0.289
체리부로주,2024-09-02 22:15,3.0,0.003,0.005,0.289
체리부로주,2024-09-02 22:20,3.0,0.003,0.005,0.29
체리부로주,2024-09-02 22:25,3.0,0.003,0.003,0.286
체리부로주,2024-09-02 22:30,3.0,0.003,0.005,0.288
체리부로주,2024-09-02 22:35,3.0,0.003,0.005,0.288
체리부로주,2024-09-02 22:40,3.0,0.003,0.005,0.289
체리부로주,2024-09-02 22:45,3.0,0.002,0.007,0.289
체리부로주,2024-09-02 22:50,3.0,0.002,0.003,0.289
체리부로주,2024-09-02 22:55,3.0,0.002,0.004,0.288
체리부로주,2024-09-02 23:00,3.0,0.002,0.004,0.291
체리부로주,2024-09-02 23:05,3.0,0.002,0.005,0.286
체리부로주,2024-09-02 23:10,3.0,0.002,0.006,0.287
체리부로주,2024-09-02 23:15,3.7,0.003,0.004,0.293
체리부로주,2024-09-02 23:20,3.6,0.004,0.006,0.298
체리부로주,2024-09-02 23:25,3.0,0.002,0.006,0.297
체리부로주,2024-09-02 23:30,3.0,0.002,0.005,0.301
체리부로주,2024-09-02 23:35,3.0,0.003,0.005,0.303
체리부로주,2024-09-02 23:40,3.0,0.002,0.002,0.304
체리부로주,2024-09-02 23:45,3.0,0.003,0.004,0.303
체리부로주,2024-09-02 23:50,3.0,0.002,0.006,0.303
체리부로주,2024-09-02 23:55,3.0,0.003,0.005,0.301
예술의전당,2024-09-02 00:00,2.0,0.002,0.004,0.046
예술의전당,2024-09-02 00:05,2.0,0.003,0.007,0.044
예술의전당,2024-09-02 00:10,2.0,0.002,0.005,0.043
예술의전당,2024-09-02 00:15,2.0,0.002,0.004,0.045
예술의전당,2024-09-02 00:20,2.0,0.003,0.005,0.047
예술의전당,2024-09-02 00:25,2.0,0.003,0.005,0.046
예술의전당,2024-09-02 00:30,2.0,0.003,0.004,0.046
예술의전당,2024-09-02 00:35,2.0,0.002,0.006,0.046
예술의전당,2024-09-02 00:40,2.0,0.002,0.006,0.045
예술의전당,2024-09-02 00:45,2.0,0.002,0.004,0.046
예술의전당,2024-09-02 00:50,2.0,0.002,0.006,0.049
예술의전당,2024-09-02 00:55,2.0,0.002,0.004,0.051
예술의전당,2024-09-02 01:00,2.0,0.002,0.005,0.051
예술의전당,2024-09-02 01:05,2.0,0.003,0.004,0.052
예술의전당,2024-09-02 01:10,2.0,0.003,0.005,0.054
예술의전당,2024-09-02 01:15,2.0,0.002,0.003,0.059
예술의전당,2024-09-02 01:20,2.1,0.003,0.005,0.059
예술의전당,2024-09-02 01:25,3.0,0.003,0.004,0.059
예술의전당,2024-09-02 01:30,3.0,0.003,0.005,0.057
예술의전당,2024-09-02 01:35,3.0,0.003,0.007,0.059
예술의전당,2024-09-02 01:40,3.0,0.003,0.007,0.059
예술의전당,2024-09-02 01:45,3.0,0.003,0.005,0.058
예술의전당,2024-09-02 01:50,3.0,0.002,0.005,0.059
예술의전당,2024-09-02 01:55,3.0,0.002,0.006,0.059
예술의전당,2024-09-02 02:00,3.0,0.002,0.006,0.057
예술의전당,2024-09-02 02:05,3.0,0.003,0.004,0.059
예술의전당,2024-09-02 02:10,2.4,0.003,0.007,0.057
예술의전당,2024-09-02 02:15,2.0,0.003,0.005,0.059
예술의전당,2024-09-02 02:20,2.0,0.003,0.005,0.06
예술의전당,2024-09-02 02:25,2.0,0.002,0.002,0.059
예술의전당,2024-09-02 02:30,2.1,0.003,0.007,0.061
예술의전당,2024-09-02 02:35,3.0,0.003,0.003,0.062
예술의전당,2024-09-02 02:40,3.0,0.002,0.005,0.063
예술의전당,2024-09-02 02:45,3.0,0.003,0.005,0.066
예술의전당,2024-09-02 02:50,3.0,0.003,0.006,0.064
예술의전당,2024-09-02 02:55,3.0,0.002,0.005,0.067
예술의전당,2024-09-02 03:00,3.0,0.002,0.006,0.066
예술의전당,2024-09-02 03:05,3.0,0.003,0.004,0.066
예술의전당,2024-09-02 03:10,3.0,0.002,0.004,0.065
예술의전당,2024-09-02 03:15,3.0,0.004,0.004,0.065
예술의전당,2024-09-02 03:20,3.0,0.003,0.004,0.063
예술의전당,2024-09-02 03:25,3.0,0.004,0.006,0.065
예술의전당,2024-09-02 03:30,3.0,0.003,0.004,0.063
예술의전당,2024-09-02 03:35,3.0,0.003,0.003,0.063
예술의전당,2024-09-02 03:40,3.0,0.002,0.005,0.063
예술의전당,2024-09-02 03:45,3.0,0.003,0.01,0.064
예술의전당,2024-09-02 03:50,3.0,0.003,0.019,0.064
예술의전당,2024-09-02 03:55,3.0,0.003,0.052,0.066
예술의전당,2024-09-02 04:00,3.0,0.003,0.052,0.068
예술의전당,2024-09-02 04:05,3.0,0.003,0.017,0.069
예술의전당,2024-09-02 04:10,3.0,0.003,0.027,0.072
예술의전당,2024-09-02 04:15,3.0,0.002,0.056,0.074
예술의전당,2024-09-02 04:20,3.0,0.003,0.006,0.073
예술의전당,2024-09-02 04:25,3.0,0.002,0.014,0.073
예술의전당,2024-09-02 04:30,3.0,0.002,0.007,0.069
예술의전당,2024-09-02 04:35,3.0,0.003,0.01,0.07
예술의전당,2024-09-02 04:40,3.0,0.002,0.005,0.069
예술의전당,2024-09-02 04:45,3.0,0.003,0.006,0.074
예술의전당,2024-09-02 04:50,3.0,0.002,0.004,0.078
예술의전당,2024-09-02 04:55,3.0,0.002,0.006,0.078
예술의전당,2024-09-02 05:00,3.0,0.002,0.005,0.074
예술의전당,2024-09-02 05:05,3.0,0.003,0.004,0.074
예술의전당,2024-09-02 05:10,3.0,0.003,0.005,0.074
예술의전당,2024-09-02 05:15,3.2,0.003,0.005,0.077
예술의전당,2024-09-02 05:20,4.0,0.003,0.005,0.08
예술의전당,2024-09-02 05:25,4.0,0.003,0.005,0.079
예술의전당,2024-09-02 05:30,3.0,0.002,0.007,0.077
예술의전당,2024-09-02 05:35,3.0,0.003,0.004,0.077
예술의전당,2024-09-02 05:40,3.0,0.002,0.004,0.077
예술의전당,2024-09-02 05:45,3.0,0.002,0.006,0.075
예술의전당,2024-09-02 05:50,3.0,0.003,0.005,0.079
예술의전당,2024-09-02 05:55,3.7,0.002,0.005,0.081
예술의전당,2024-09-02 06:00,3.0,0.002,0.004,0.081
예술의전당,2024-09-02 06:05,3.0,0.002,0.005,0.079
예술의전당,2024-09-02 06:10,3.0,0.003,0.005,0.076
예술의전당,2024-09-02 06:15,3.0,0.003,0.004,0.077
예술의전당,2024-09-02 06:20,3.0,0.003,0.005,0.077
예술의전당,2024-09-02 06:25,3.0,0.002,0.004,0.071
예술의전당,2024-09-02 06:30,3.0,0.002,0.004,0.072
예술의전당,2024-09-02 06:35,3.0,0.003,0.004,0.07
예술의전당,2024-09-02 06:40,3.0,0.003,0.004,0.073
예술의전당,2024-09-02 06:45,3.1,0.002,0.006,0.083
예술의전당,2024-09-02 06:50,3.7,0.002,0.007,0.086
예술의전당,2024-09-02 06:55,4.0,0.002,0.005,0.089
예술의전당,2024-09-02 07:00,3.5,0.003,0.005,0.084
예술의전당,2024-09-02 07:05,3.0,0.003,0.006,0.081
예술의전당,2024-09-02 07:10,3.0,0.003,0.005,0.077
예술의전당,2024-09-02 07:15,3.0,0.002,0.004,0.074
예술의전당,2024-09-02 07:20,3.0,0.002,0.005,0.075
예술의전당,2024-09-02 07:25,3.0,0.002,0.005,0.076
예술의전당,2024-09-02 07:30,3.8,0.002,0.006,0.076
예술의전당,2024-09-02 07:35,3.0,0.003,0.007,0.075
예술의전당,2024-09-02 07:40,3.0,0.003,0.004,0.073
예술의전당,2024-09-02 07:45,3.0,0.002,0.005,0.069
예술의전당,2024-09-02 07:50,3.0,0.002,0.006,0.068
예술의전당,2024-09-02 07:55,3.0,0.002,0.006,0.068
예술의전당,2024-09-02 08:00,3.0,0.003,0.005,0.065
예술의전당,2024-09-02 08:05,3.0,0.002,0.006,0.062
예술의전당,2024-09-02 08:10,3.0,0.002,0.005,0.064
예술의전당,2024-09-02 08:15,3.1,0.002,0.006,0.063
예술의전당,2024-09-02 08:20,3.5,0.003,0.006,0.064
예술의전당,2024-09-02 08:25,3.3,0.002,0.006,0.062
예술의전당,2024-09-02 08:30,3.0,0.002,0.005,0.061
예술의전당,2024-09-02 08:35,3.0,0.003,0.005,0.058
예술의전당,2024-09-02 08:40,3.0,0.002,0.004,0.056
예술의전당,2024-09-02 08:45,2.9,0.002,0.005,0.052
예술의전당,2024-09-02 08:50,2.4,0.003,0.004,0.046
예술의전당,2024-09-02 08:55,2.0,0.003,0.004,0.044
예술의전당,2024-09-02 09:00,2.0,0.002,0.005,0.046
예술의전당,2024-09-02 09:05,2.0,0.004,0.006,0.046
예술의전당,2024-09-02 09:10,2.0,0.002,0.005,0.047
예술의전당,2024-09-02 09:15,2.3,0.003,0.004,0.043
예술의전당,2024-09-02 09:20,2.0,0.003,0.005,0.046
예술의전당,2024-09-02 09:25,2.3,0.003,0.007,0.045
예술의전당,2024-09-02 09:30,2.5,0.003,0.004,0.047
예술의전당,2024-09-02 09:35,2.7,0.002,0.005,0.045
예술의전당,2024-09-02 09:40,3.0,0.003,0.006,0.045
예술의전당,2024-09-02 09:45,2.5,0.002,0.005,0.044
예술의전당,2024-09-02 09:50,2.8,0.002,0.005,0.047
예술의전당,2024-09-02 09:55,2.0,0.002,0.003,0.044
예술의전당,2024-09-02 10:00,2.0,0.002,0.006,0.046
예술의전당,2024-09-02 10:05,2.0,0.002,0.003,0.044
예술의전당,2024-09-02 10:10,2.0,0.002,0.006,0.044
예술의전당,2024-09-02 10:15,2.0,0.003,0.005,0.042
예술의전당,2024-09-02 10:20,2.0,0.002,0.005,0.044
예술의전당,2024-09-02 10:25,2.0,0.002,0.006,0.043
예술의전당,2024-09-02 10:30,2.0,0.004,0.005,0.044
예술의전당,2024-09-02 10:35,2.0,0.002,0.005,0.045
예술의전당,2024-09-02 10:40,2.0,0.003,0.003,0.047
예술의전당,2024-09-02 10:45,2.0,0.003,0.006,0.044
예술의전당,2024-09-02 10:50,2.0,0.002,0.006,0.046
예술의전당,2024-09-02 10:55,2.0,0.002,0.003,0.044
예술의전당,2024-09-02 11:00,2.0,0.003,0.005,0.046
예술의전당,2024-09-02 11:05,2.0,0.003,0.005,0.046
예술의전당,2024-09-02 11:10,2.0,0.003,0.005,0.043
예술의전당,2024-09-02 11:15,2.0,0.003,0.005,0.045
예술의전당,2024-09-02 11:20,2.0,0.002,0.004,0.045
예술의전당,2024-09-02 11:25,2.0,0.004,0.004,0.045
예술의전당,2024-09-02 11:30,2.0,0.003,0.005,0.044
예술의전당,2024-09-02 11:35,2.0,0.003,0.004,0.046
예술의전당,2024-09-02 11:40,2.0,0.003,0.005,0.044
예술의전당,2024-09-02 11:45,2.0,0.003,0.003,0.043
예술의전당,2024-09-02 11:50,2.0,0.003,0.005,0.045
예술의전당,2024-09-02 11:55,2.0,0.003,0.005,0.043
예술의전당,2024-09-02 12:00,2.0,0.002,0.007,0.044
예술의전당,2024-09-02 12:05,2.0,0.003,0.007,0.045
예술의전당,2024-09-02 12:10,2.0,0.003,0.004,0.043
예술의전당,2024-09-02 12:15,2.0,0.002,0.002,0.043
예술의전당,2024-09-02 12:20,2.1,0.003,0.006,0.045
예술의전당,2024-09-02 12:25,2.0,0.003,0.004,0.045
예술의전당,2024-09-02 12:30,2.0,0.002,0.005,0.045
예술의전당,2024-09-02 12:35,2.0,0.002,0.006,0.045
예술의전당,2024-09-02 12:40,2.0,0.002,0.004,0.043
예술의전당,2024-09-02 12:45,2.0,0.002,0.006,0.045
예술의전당,2024-09-02 12:50,2.0,0.003,0.005,0.043
예술의전당,2024-09-02 12:55,2.0,0.003,0.004,0.047
예술의전당,2024-09-02 13:00,2.0,0.003,0.005,0.044
예술의전당,2024-09-02 13:05,2.0,0.002,0.004,0.045
예술의전당,2024-09-02 13:10,2.0,0.002,0.005,0.045
예술의전당,2024-09-02 13:15,2.0,0.002,0.005,0.046
예술의전당,2024-09-02 13:20,2.0,0.003,0.005,0.045
예술의전당,2024-09-02 13:25,2.0,0.002,0.005,0.045
예술의전당,2024-09-02 13:30,2.0,0.002,0.006,0.045
예술의전당,2024-09-02 13:35,2.0,0.003,0.007,0.045
예술의전당,2024-09-02 13:40,2.0,0.002,0.004,0.044
예술의전당,2024-09-02 13:45,2.0,0.003,0.004,0.044
예술의전당,2024-09-02 13:50,2.0,0.002,0.006,0.046
예술의전당,2024-09-02 13:55,2.0,0.002,0.005,0.046
예술의전당,2024-09-02 14:00,2.0,0.001,0.006,0.044
예술의전당,2024-09-02 14:05,2.0,0.003,0.004,0.046
예술의전당,2024-09-02 14:10,2.0,0.003,0.004,0.045
예술의전당,2024-09-02 14:15,2.0,0.003,0.005,0.047
예술의전당,2024-09-02 14:20,2.0,0.003,0.004,0.047
예술의전당,2024-09-02 14:25,2.0,0.002,0.004,0.046
예술의전당,2024-09-02 14:30,2.0,0.003,0.006,0.043
예술의전당,2024-09-02 14:35,2.0,0.003,0.007,0.046
예술의전당,2024-09-02 14:40,2.0,0.003,0.005,0.046
예술의전당,2024-09-02 14:45,2.0,0.003,0.005,0.047
예술의전당,2024-09-02 14:50,2.0,0.003,0.005,0.044
예술의전당,2024-09-02 14:55,2.0,0.003,0.004,0.045
예술의전당,2024-09-02 15:00,2.0,0.002,0.007,0.045
예술의전당,2024-09-02 15:05,2.0,0.002,0.005,0.046
예술의전당,2024-09-02 15:10,2.0,0.002,0.006,0.045
예술의전당,2024-09-02 15:15,2.0,0.002,0.005,0.046
예술의전당,2024-09-02 15:20,2.0,0.002,0.006,0.046
예술의전당,2024-09-02 15:25,2.0,0.003,0.005,0.044
예술의전당,2024-09-02 15:30,2.0,0.002,0.006,0.044
예술의전당,2024-09-02 15:35,2.0,0.002,0.005,0.044
예술의전당,2024-09-02 15:40,2.0,0.004,0.005,0.044
예술의전당,2024-09-02 15:45,2.0,0.003,0.003,0.045
예술의전당,2024-09-02 15:50,2.0,0.002,0.004,0.043
예술의전당,2024-09-02 15:55,2.0,0.003,0.004,0.046
예술의전당,2024-09-02 16:00,2.0,0.003,0.006,0.045
예술의전당,2024-09-02 16:05,2.0,0.003,0.004,0.046
예술의전당,2024-09-02 16:10,2.0,0.004,0.006,0.045
예술의전당,2024-09-02 16:15,2.0,0.002,0.004,0.048
예술의전당,2024-09-02 16:20,2.0,0.003,0.005,0.045
예술의전당,2024-09-02 16:25,2.0,0.002,0.003,0.045
예술의전당,2024-09-02 16:30,2.0,0.001,0.007,0.044
예술의전당,2024-09-02 16:35,2.0,0.002,0.005,0.047
예술의전당,2024-09-02 16:40,2.0,0.003,0.005,0.047
예술의전당,2024-09-02 16:45,2.0,0.003,0.006,0.046
예술의전당,2024-09-02 16:50,2.0,0.003,0.005,0.043
예술의전당,2024-09-02 16:55,2.0,0.004,0.006,0.046
예술의전당,2024-09-02 17:00,2.0,0.003,0.005,0.043
예술의전당,2024-09-02 17:05,2.0,0.002,0.005,0.044
예술의전당,2024-09-02 17:10,2.0,0.002,0.004,0.044
예술의전당,2024-09-02 17:15,2.0,0.004,0.004,0.046
예술의전당,2024-09-02 17:20,2.0,0.002,0.006,0.045
예술의전당,2024-09-02 17:25,2.0,0.002,0.007,0.047
예술의전당,2024-09-02 17:30,2.0,0.003,0.005,0.047
예술의전당,2024-09-02 17:35,2.0,0.002,0.007,0.043
예술의전당,2024-09-02 17:40,2.0,0.002,0.006,0.046
예술의전당,2024-09-02 17:45,2.0,0.004,0.005,0.047
예술의전당,2024-09-02 17:50,2.0,0.002,0.005,0.043
예술의전당,2024-09-02 17:55,2.0,0.003,0.005,0.046
예술의전당,2024-09-02 18:00,2.0,0.002,0.005,0.044
예술의전당,2024-09-02 18:05,2.0,0.003,0.005,0.044
예술의전당,2024-09-02 18:10,2.0,0.002,0.006,0.045
예술의전당,2024-09-02 18:15,2.1,0.002,0.004,0.047
예술의전당,2024-09-02 18:20,2.1,0.003,0.005,0.046
예술의전당,2024-09-02 18:25,2.0,0.003,0.005,0.044
예술의전당,2024-09-02 18:30,2.0,0.002,0.006,0.046
예술의전당,2024-09-02 18:35,2.0,0.003,0.005,0.045
예술의전당,2024-09-02 18:40,2.0,0.002,0.005,0.046
예술의전당,2024-09-02 18:45,2.0,0.002,0.005,0.045
예술의전당,2024-09-02 18:50,2.0,0.002,0.006,0.046
예술의전당,2024-09-02 18:55,2.0,0.002,0.006,0.044
예술의전당,2024-09-02 19:00,2.4,0.003,0.005,0.047
예술의전당,2024-09-02 19:05,2.4,0.002,0.006,0.044
예술의전당,2024-09-02 19:10,2.0,0.002,0.005,0.045
예술의전당,2024-09-02 19:15,2.6,0.002,0.006,0.044
예술의전당,2024-09-02 19:20,3.0,0.003,0.005,0.045
예술의전당,2024-09-02 19:25,3.0,0.003,0.002,0.044
예술의전당,2024-09-02 19:30,3.0,0.003,0.004,0.045
예술의전당,2024-09-02 19:35,3.0,0.003,0.005,0.046
예술의전당,2024-09-02 19:40,3.0,0.002,0.006,0.047
예술의전당,2024-09-02 19:45,3.0,0.002,0.005,0.045
예술의전당,2024-09-02 19:50,3.0,0.002,0.004,0.044
예술의전당,2024-09-02 19:55,3.0,0.003,0.005,0.045
예술의전당,2024-09-02 20:00,3.0,0.002,0.005,0.045
예술의전당,2024-09-02 20:05,3.0,0.003,0.005,0.045
예술의전당,2024-09-02 20:10,3.0,0.002,0.006,0.045
예술의전당,2024-09-02 20:15,3.0,0.003,0.006,0.045
예술의전당,2024-09-02 20:20,3.0,0.003,0.006,0.044
예술의전당,2024-09-02 20:25,3.0,0.001,0.005,0.045
예술의전당,2024-09-02 20:30,3.0,0.003,0.003,0.045
예술의전당,2024-09-02 20:35,3.0,0.002,0.004,0.045
예술의전당,2024-09-02 20:40,3.0,0.002,0.005,0.044
예술의전당,2024-09-02 20:45,3.0,0.002,0.007,0.044
예술의전당,2024-09-02 20:50,3.0,0.001,0.006,0.044
예술의전당,2024-09-02 20:55,3.0,0.003,0.004,0.046
예술의전당,2024-09-02 21:00,3.0,0.003,0.005,0.045
예술의전당,2024-09-02 21:05,3.0,0.002,0.005,0.044
예술의전당,2024-09-02 21:10,3.0,0.002,0.006,0.043
예술의전당,2024-09-02 21:15,3.0,0.002,0.004,0.045
예술의전당,2024-09-02 21:20,3.0,0.003,0.004,0.045
예술의전당,2024-09-02 21:25,3.0,0.001,0.006,0.045
예술의전당,2024-09-02 21:30,3.0,0.002,0.005,0.044
예술의전당,2024-09-02 21:35,3.0,0.002,0.006,0.046
예술의전당,2024-09-02 21:40,3.0,0.002,0.007,0.046
예술의전당,2024-09-02 21:45,3.0,0.003,0.005,0.044
예술의전당,2024-09-02 21:50,3.0,0.002,0.006,0.045
예술의전당,2024-09-02 21:55,3.0,0.002,0.004,0.046
예술의전당,2024-09-02 22:00,3.0,0.003,0.004,0.043
예술의전당,2024-09-02 22:05,3.0,0.002,0.006,0.045
예술의전당,2024-09-02 22:10,3.0,0.003,0.006,0.044
예술의전당,2024-09-02 22:15,3.0,0.003,0.004,0.044
예술의전당,2024-09-02 22:20,3.0,0.002,0.005,0.047
예술의전당,2024-09-02 22:25,3.0,0.003,0.006,0.044
예술의전당,2024-09-02 22:30,3.0,0.003,0.005,0.046
예술의전당,2024-09-02 22:35,3.0,0.003,0.005,0.043
예술의전당,2024-09-02 22:40,3.0,0.003,0.006,0.044
예술의전당,2024-09-02 22:45,3.0,0.003,0.005,0.046
예술의전당,2024-09-02 22:50,3.0,0.002,0.006,0.045
예술의전당,2024-09-02 22:55,3.0,0.003,0.003,0.044
예술의전당,2024-09-02 23:00,3.0,0.003,0.005,0.045
예술의전당,2024-09-02 23:05,3.0,0.004,0.004,0.045
예술의전당,2024-09-02 23:10,3.0,0.002,0.005,0.045
예술의전당,2024-09-02 23:15,3.0,0.003,0.004,0.044
예술의전당,2024-09-02 23:20,3.0,0.003,0.003,0.046
예술의전당,2024-09-02 23:25,3.2,0.004,0.004,0.044
예술의전당,2024-09-02 23:30,3.0,0.003,0.003,0.046
예술의전당,2024-09-02 23:35,3.1,0.003,0.006,0.046
예술의전당,2024-09-02 23:40,3.6,0.002,0.004,0.045
예술의전당,2024-09-02 23:45,4.0,0.002,0.004,0.044
예술의전당,2024-09-02 23:50,4.0,0.002,0.005,0.046
예술의전당,2024-09-02 23:55,3.7,0.002,0.005,0.046
LG화학㈜ 익산공장,2024-09-02 00:00,3.1,0.013,0.019,0.295
LG화학㈜ 익산공장,2024-09-02 00:05,6.1,0.013,0.016,0.31
LG화학㈜ 익산공장,2024-09-02 00:10,3.5,0.013,0.011,0.296
LG화학㈜ 익산공장,2024-09-02 00:15,4.9,0.015,0.011,0.304
LG화학㈜ 익산공장,2024-09-02 00:20,6.5,0.015,0.009,0.312
LG화학㈜ 익산공장,2024-09-02 00:25,3.6,0.015,0.008,0.3
LG화학㈜ 익산공장,2024-09-02 00:30,3.4,0.016,0.009,0.303
LG화학㈜ 익산공장,2024-09-02 00:35,3.0,0.016,0.013,0.307
LG화학㈜ 익산공장,2024-09-02 00:40,3.6,0.017,0.006,0.305
LG화학㈜ 익산공장,2024-09-02 00:45,3.4,0.016,0.006,0.308
LG화학㈜ 익산공장,2024-09-02 00:50,3.0,0.017,0.005,0.309
LG화학㈜ 익산공장,2024-09-02 00:55,4.2,0.017,0.006,0.313
LG화학㈜ 익산공장,2024-09-02 01:00,4.0,0.017,0.006,0.315
LG화학㈜ 익산공장,2024-09-02 01:05,3.9,0.016,0.007,0.321
LG화학㈜ 익산공장,2024-09-02 01:10,4.0,0.018,0.008,0.329
LG화학㈜ 익산공장,2024-09-02 01:15,4.0,0.017,0.015,0.321
LG화학㈜ 익산공장,2024-09-02 01:20,4.5,0.019,0.015,0.327
LG화학㈜ 익산공장,2024-09-02 01:25,3.8,0.02,0.007,0.326
LG화학㈜ 익산공장,2024-09-02 01:30,4.5,0.019,0.015,0.337
LG화학㈜ 익산공장,2024-09-02 01:35,4.9,0.019,0.005,0.347
LG화학㈜ 익산공장,2024-09-02 01:40,3.4,0.018,0.005,0.329
LG화학㈜ 익산공장,2024-09-02 01:45,3.4,0.018,0.004,0.329
LG화학㈜ 익산공장,2024-09-02 01:50,4.5,0.019,0.003,0.334
LG화학㈜ 익산공장,2024-09-02 01:55,4.6,0.019,0.006,0.336
LG화학㈜ 익산공장,2024-09-02 02:00,4.0,0.02,0.006,0.334
LG화학㈜ 익산공장,2024-09-02 02:05,3.9,0.021,0.005,0.333
LG화학㈜ 익산공장,2024-09-02 02:10,4.0,0.02,0.003,0.339
LG화학㈜ 익산공장,2024-09-02 02:15,4.5,0.02,0.006,0.361
LG화학㈜ 익산공장,2024-09-02 02:20,4.0,0.018,0.005,0.357
LG화학㈜ 익산공장,2024-09-02 02:25,3.4,0.019,0.005,0.346
LG화학㈜ 익산공장,2024-09-02 02:30,3.4,0.019,0.004,0.336
LG화학㈜ 익산공장,2024-09-02 02:35,4.0,0.018,0.006,0.335
LG화학㈜ 익산공장,2024-09-02 02:40,3.9,0.018,0.005,0.342
LG화학㈜ 익산공장,2024-09-02 02:45,4.0,0.019,0.004,0.353
LG화학㈜ 익산공장,2024-09-02 02:50,3.8,0.02,0.006,0.34
LG화학㈜ 익산공장,2024-09-02 02:55,4.0,0.019,0.003,0.344
LG화학㈜ 익산공장,2024-09-02 03:00,4.0,0.019,0.005,0.36
LG화학㈜ 익산공장,2024-09-02 03:05,3.8,0.02,0.004,0.349
LG화학㈜ 익산공장,2024-09-02 03:10,4.0,0.022,0.006,0.356
LG화학㈜ 익산공장,2024-09-02 03:15,4.4,0.021,0.005,0.354
LG화학㈜ 익산공장,2024-09-02 03:20,4.4,0.019,0.003,0.351
LG화학㈜ 익산공장,2024-09-02 03:25,4.2,0.019,0.006,0.36
LG화학㈜ 익산공장,2024-09-02 03:30,4.0,0.018,0.006,0.361
LG화학㈜ 익산공장,2024-09-02 03:35,3.7,0.022,0.004,0.354
LG화학㈜ 익산공장,2024-09-02 03:40,3.0,0.02,0.005,0.353
LG화학㈜ 익산공장,2024-09-02 03:45,3.0,0.021,0.004,0.35
LG화학㈜ 익산공장,2024-09-02 03:50,3.0,0.02,0.004,0.35
LG화학㈜ 익산공장,2024-09-02 03:55,3.0,0.021,0.005,0.35
LG화학㈜ 익산공장,2024-09-02 04:00,3.0,0.021,0.005,0.352
LG화학㈜ 익산공장,2024-09-02 04:05,3.0,0.021,0.004,0.356
LG화학㈜ 익산공장,2024-09-02 04:10,3.0,0.021,0.006,0.358
LG화학㈜ 익산공장,2024-09-02 04:15,3.0,0.02,0.005,0.361
LG화학㈜ 익산공장,2024-09-02 04:20,3.6,0.02,0.006,0.384
LG화학㈜ 익산공장,2024-09-02 04:25,4.8,0.021,0.005,0.405
LG화학㈜ 익산공장,2024-09-02 04:30,5.7,0.021,0.004,0.418
LG화학㈜ 익산공장,2024-09-02 04:35,6.0,0.02,0.005,0.412
LG화학㈜ 익산공장,2024-09-02 04:40,5.3,0.021,0.005,0.398
LG화학㈜ 익산공장,2024-09-02 04:45,4.7,0.021,0.006,0.394
LG화학㈜ 익산공장,2024-09-02 04:50,4.0,0.02,0.004,0.377
LG화학㈜ 익산공장,2024-09-02 04:55,4.0,0.021,0.005,0.382
LG화학㈜ 익산공장,2024-09-02 05:00,4.0,0.021,0.008,0.381
LG화학㈜ 익산공장,2024-09-02 05:05,4.0,0.019,0.006,0.382
LG화학㈜ 익산공장,2024-09-02 05:10,4.0,0.018,0.006,0.383
LG화학㈜ 익산공장,2024-09-02 05:15,3.9,0.02,0.004,0.385
LG화학㈜ 익산공장,2024-09-02 05:20,3.8,0.02,0.004,0.391
LG화학㈜ 익산공장,2024-09-02 05:25,3.9,0.02,0.005,0.392
LG화학㈜ 익산공장,2024-09-02 05:30,4.0,0.019,0.006,0.403
LG화학㈜ 익산공장,2024-09-02 05:35,4.0,0.02,0.006,0.397
LG화학㈜ 익산공장,2024-09-02 05:40,3.9,0.02,0.006,0.393
LG화학㈜ 익산공장,2024-09-02 05:45,3.0,0.019,0.006,0.385
LG화학㈜ 익산공장,2024-09-02 05:50,3.0,0.02,0.005,0.384
LG화학㈜ 익산공장,2024-09-02 05:55,3.0,0.022,0.006,0.388
LG화학㈜ 익산공장,2024-09-02 06:00,3.0,0.02,0.004,0.389
LG화학㈜ 익산공장,2024-09-02 06:05,3.7,0.021,0.006,0.404
LG화학㈜ 익산공장,2024-09-02 06:10,4.0,0.021,0.006,0.407
LG화학㈜ 익산공장,2024-09-02 06:15,4.1,0.021,0.003,0.408
LG화학㈜ 익산공장,2024-09-02 06:20,4.0,0.023,0.006,0.41
LG화학㈜ 익산공장,2024-09-02 06:25,4.1,0.021,0.004,0.411
LG화학㈜ 익산공장,2024-09-02 06:30,4.3,0.019,0.005,0.413
LG화학㈜ 익산공장,2024-09-02 06:35,4.5,0.021,0.005,0.414
LG화학㈜ 익산공장,2024-09-02 06:40,5.1,0.021,0.006,0.421
LG화학㈜ 익산공장,2024-09-02 06:45,5.9,0.022,0.006,0.428
LG화학㈜ 익산공장,2024-09-02 06:50,6.0,0.021,0.006,0.43
LG화학㈜ 익산공장,2024-09-02 06:55,5.8,0.021,0.005,0.437
LG화학㈜ 익산공장,2024-09-02 07:00,5.0,0.019,0.004,0.437
LG화학㈜ 익산공장,2024-09-02 07:05,5.3,0.02,0.006,0.434
LG화학㈜ 익산공장,2024-09-02 07:10,4.5,0.018,0.005,0.425
LG화학㈜ 익산공장,2024-09-02 07:15,4.0,0.018,0.004,0.412
LG화학㈜ 익산공장,2024-09-02 07:20,4.0,0.019,0.004,0.409
LG화학㈜ 익산공장,2024-09-02 07:25,4.0,0.02,0.006,0.417
LG화학㈜ 익산공장,2024-09-02 07:30,4.0,0.019,0.006,0.41
LG화학㈜ 익산공장,2024-09-02 07:35,4.5,0.022,0.004,0.422
LG화학㈜ 익산공장,2024-09-02 07:40,3.8,0.022,0.006,0.417
LG화학㈜ 익산공장,2024-09-02 07:45,3.8,0.02,0.004,0.417
LG화학㈜ 익산공장,2024-09-02 07:50,4.0,0.017,0.006,0.41
LG화학㈜ 익산공장,2024-09-02 07:55,3.7,0.016,0.006,0.395
LG화학㈜ 익산공장,2024-09-02 08:00,4.2,0.015,0.006,0.395
LG화학㈜ 익산공장,2024-09-02 08:05,4.4,0.015,0.005,0.393
LG화학㈜ 익산공장,2024-09-02 08:10,4.9,0.013,0.004,0.399
LG화학㈜ 익산공장,2024-09-02 08:15,4.0,0.012,0.005,0.357
LG화학㈜ 익산공장,2024-09-02 08:20,4.0,0.011,0.003,0.344
LG화학㈜ 익산공장,2024-09-02 08:25,4.0,0.012,0.004,0.334
LG화학㈜ 익산공장,2024-09-02 08:30,3.7,0.01,0.006,0.322
LG화학㈜ 익산공장,2024-09-02 08:35,3.8,0.009,0.004,0.315
LG화학㈜ 익산공장,2024-09-02 08:40,3.4,0.009,0.005,0.306
LG화학㈜ 익산공장,2024-09-02 08:45,3.0,0.006,0.005,0.295
LG화학㈜ 익산공장,2024-09-02 08:50,2.9,0.006,0.005,0.283
LG화학㈜ 익산공장,2024-09-02 08:55,2.7,0.003,0.003,0.274
LG화학㈜ 익산공장,2024-09-02 09:00,3.0,0.005,0.006,0.27
LG화학㈜ 익산공장,2024-09-02 09:05,2.2,0.003,0.006,0.263
LG화학㈜ 익산공장,2024-09-02 09:10,2.0,0.006,0.003,0.259
LG화학㈜ 익산공장,2024-09-02 09:15,2.0,0.007,0.006,0.261
LG화학㈜ 익산공장,2024-09-02 09:20,2.0,0.007,0.006,0.259
LG화학㈜ 익산공장,2024-09-02 09:25,2.0,0.01,0.005,0.258
LG화학㈜ 익산공장,2024-09-02 09:30,2.1,0.01,0.004,0.259
LG화학㈜ 익산공장,2024-09-02 09:35,2.2,0.009,0.004,0.26
LG화학㈜ 익산공장,2024-09-02 09:40,2.7,0.012,0.005,0.26
LG화학㈜ 익산공장,2024-09-02 09:45,2.7,0.009,0.006,0.259
LG화학㈜ 익산공장,2024-09-02 09:50,2.0,0.008,0.005,0.255
LG화학㈜ 익산공장,2024-09-02 09:55,2.0,0.007,0.006,0.256
LG화학㈜ 익산공장,2024-09-02 10:00,2.0,0.007,0.006,0.255
LG화학㈜ 익산공장,2024-09-02 10:05,2.3,0.01,0.004,0.254
LG화학㈜ 익산공장,2024-09-02 10:10,2.0,0.011,0.005,0.252
LG화학㈜ 익산공장,2024-09-02 10:15,2.0,0.013,0.006,0.251
LG화학㈜ 익산공장,2024-09-02 10:20,2.0,0.011,0.005,0.253
LG화학㈜ 익산공장,2024-09-02 10:25,2.0,0.011,0.004,0.251
LG화학㈜ 익산공장,2024-09-02 10:30,2.2,0.011,0.004,0.251
LG화학㈜ 익산공장,2024-09-02 10:35,2.8,0.009,0.004,0.252
LG화학㈜ 익산공장,2024-09-02 10:40,2.0,0.002,0.004,0.243
LG화학㈜ 익산공장,2024-09-02 10:45,2.0,0.003,0.007,0.239
LG화학㈜ 익산공장,2024-09-02 10:50,2.0,0.002,0.007,0.234
LG화학㈜ 익산공장,2024-09-02 10:55,2.0,0.003,0.004,0.233
LG화학㈜ 익산공장,2024-09-02 11:00,2.0,0.003,0.004,0.23
LG화학㈜ 익산공장,2024-09-02 11:05,2.0,0.003,0.004,0.225
LG화학㈜ 익산공장,2024-09-02 11:10,2.0,0.002,0.005,0.222
LG화학㈜ 익산공장,2024-09-02 11:15,2.0,0.003,0.004,0.222
LG화학㈜ 익산공장,2024-09-02 11:20,2.0,0.004,0.006,0.221
LG화학㈜ 익산공장,2024-09-02 11:25,2.0,0.003,0.005,0.218
LG화학㈜ 익산공장,2024-09-02 11:30,2.0,0.003,0.006,0.221
LG화학㈜ 익산공장,2024-09-02 11:35,2.1,0.003,0.006,0.217
LG화학㈜ 익산공장,2024-09-02 11:40,2.0,0.002,0.004,0.216
LG화학㈜ 익산공장,2024-09-02 11:45,2.0,0.003,0.004,0.215
LG화학㈜ 익산공장,2024-09-02 11:50,2.0,0.003,0.004,0.21
LG화학㈜ 익산공장,2024-09-02 11:55,2.0,0.008,0.006,0.211
LG화학㈜ 익산공장,2024-09-02 12:00,2.7,0.016,0.005,0.218
LG화학㈜ 익산공장,2024-09-02 12:05,3.0,0.015,0.005,0.221
LG화학㈜ 익산공장,2024-09-02 12:10,3.0,0.015,0.005,0.223
LG화학㈜ 익산공장,2024-09-02 12:15,2.4,0.014,0.005,0.222
LG화학㈜ 익산공장,2024-09-02 12:20,2.9,0.015,0.006,0.226
LG화학㈜ 익산공장,2024-09-02 12:25,3.0,0.013,0.005,0.228
LG화학㈜ 익산공장,2024-09-02 12:30,3.0,0.01,0.005,0.227
LG화학㈜ 익산공장,2024-09-02 12:35,3.0,0.009,0.007,0.224
LG화학㈜ 익산공장,2024-09-02 12:40,2.8,0.009,0.005,0.224
LG화학㈜ 익산공장,2024-09-02 12:45,2.3,0.008,0.002,0.221
LG화학㈜ 익산공장,2024-09-02 12:50,2.6,0.01,0.004,0.219
LG화학㈜ 익산공장,2024-09-02 12:55,2.8,0.008,0.006,0.219
LG화학㈜ 익산공장,2024-09-02 13:00,2.0,0.007,0.003,0.219
LG화학㈜ 익산공장,2024-09-02 13:05,2.0,0.009,0.004,0.22
LG화학㈜ 익산공장,2024-09-02 13:10,2.4,0.01,0.005,0.221
LG화학㈜ 익산공장,2024-09-02 13:15,2.9,0.01,0.005,0.222
LG화학㈜ 익산공장,2024-09-02 13:20,3.6,0.007,0.006,0.223
LG화학㈜ 익산공장,2024-09-02 13:25,2.7,0.006,0.004,0.216
LG화학㈜ 익산공장,2024-09-02 13:30,2.2,0.005,0.006,0.215
LG화학㈜ 익산공장,2024-09-02 13:35,3.0,0.006,0.004,0.217
LG화학㈜ 익산공장,2024-09-02 13:40,2.7,0.009,0.004,0.218
LG화학㈜ 익산공장,2024-09-02 13:45,2.4,0.009,0.005,0.22
LG화학㈜ 익산공장,2024-09-02 13:50,3.5,0.008,0.004,0.228
LG화학㈜ 익산공장,2024-09-02 13:55,3.4,0.005,0.004,0.227
LG화학㈜ 익산공장,2024-09-02 14:00,3.0,0.002,0.005,0.214
LG화학㈜ 익산공장,2024-09-02 14:05,3.0,0.003,0.004,0.211
LG화학㈜ 익산공장,2024-09-02 14:10,3.0,0.002,0.006,0.21
LG화학㈜ 익산공장,2024-09-02 14:15,3.0,0.004,0.005,0.209
LG화학㈜ 익산공장,2024-09-02 14:20,3.0,0.007,0.006,0.21
LG화학㈜ 익산공장,2024-09-02 14:25,3.0,0.01,0.006,0.213
LG화학㈜ 익산공장,2024-09-02 14:30,3.0,0.011,0.005,0.217
LG화학㈜ 익산공장,2024-09-02 14:35,3.0,0.013,0.005,0.214
LG화학㈜ 익산공장,2024-09-02 14:40,3.1,0.013,0.005,0.221
LG화학㈜ 익산공장,2024-09-02 14:45,3.1,0.011,0.005,0.219
LG화학㈜ 익산공장,2024-09-02 14:50,3.1,0.01,0.005,0.221
LG화학㈜ 익산공장,2024-09-02 14:55,3.0,0.01,0.004,0.213
LG화학㈜ 익산공장,2024-09-02 15:00,3.0,0.01,0.006,0.212
LG화학㈜ 익산공장,2024-09-02 15:05,3.0,0.01,0.004,0.21
LG화학㈜ 익산공장,2024-09-02 15:10,2.7,0.01,0.004,0.21
LG화학㈜ 익산공장,2024-09-02 15:15,2.0,0.01,0.004,0.209
LG화학㈜ 익산공장,2024-09-02 15:20,2.2,0.01,0.006,0.209
LG화학㈜ 익산공장,2024-09-02 15:25,3.1,0.013,0.005,0.214
LG화학㈜ 익산공장,2024-09-02 15:30,3.4,0.012,0.007,0.22
LG화학㈜ 익산공장,2024-09-02 15:35,3.6,0.011,0.005,0.22
LG화학㈜ 익산공장,2024-09-02 15:40,4.0,0.011,0.006,0.218
LG화학㈜ 익산공장,2024-09-02 15:45,4.0,0.008,0.005,0.218
LG화학㈜ 익산공장,2024-09-02 15:50,3.3,0.004,0.004,0.213
LG화학㈜ 익산공장,2024-09-02 15:55,4.0,0.013,0.005,0.218
LG화학㈜ 익산공장,2024-09-02 16:00,4.2,0.011,0.005,0.217
LG화학㈜ 익산공장,2024-09-02 16:05,4.0,0.013,0.004,0.215
LG화학㈜ 익산공장,2024-09-02 16:10,3.6,0.012,0.004,0.221
LG화학㈜ 익산공장,2024-09-02 16:15,3.3,0.009,0.006,0.216
LG화학㈜ 익산공장,2024-09-02 16:20,3.0,0.012,0.003,0.213
LG화학㈜ 익산공장,2024-09-02 16:25,3.0,0.012,0.006,0.209
LG화학㈜ 익산공장,2024-09-02 16:30,3.0,0.012,0.005,0.209
LG화학㈜ 익산공장,2024-09-02 16:35,3.0,0.014,0.006,0.213
LG화학㈜ 익산공장,2024-09-02 16:40,3.0,0.013,0.007,0.212
LG화학㈜ 익산공장,2024-09-02 16:45,3.5,0.015,0.005,0.214
LG화학㈜ 익산공장,2024-09-02 16:50,3.5,0.013,0.004,0.214
LG화학㈜ 익산공장,2024-09-02 16:55,3.0,0.011,0.006,0.213
LG화학㈜ 익산공장,2024-09-02 17:00,3.0,0.009,0.005,0.215
LG화학㈜ 익산공장,2024-09-02 17:05,3.0,0.011,0.005,0.211
LG화학㈜ 익산공장,2024-09-02 17:10,3.2,0.01,0.006,0.212
LG화학㈜ 익산공장,2024-09-02 17:15,3.0,0.011,0.005,0.211
LG화학㈜ 익산공장,2024-09-02 17:20,3.1,0.013,0.006,0.214
LG화학㈜ 익산공장,2024-09-02 17:25,2.9,0.012,0.005,0.21
LG화학㈜ 익산공장,2024-09-02 17:30,2.6,0.009,0.004,0.208
LG화학㈜ 익산공장,2024-09-02 17:35,2.7,0.009,0.005,0.209
LG화학㈜ 익산공장,2024-09-02 17:40,2.7,0.011,0.005,0.209
LG화학㈜ 익산공장,2024-09-02 17:45,2.9,0.011,0.006,0.21
LG화학㈜ 익산공장,2024-09-02 17:50,3.0,0.009,0.006,0.212
LG화학㈜ 익산공장,2024-09-02 17:55,3.6,0.01,0.007,0.214
LG화학㈜ 익산공장,2024-09-02 18:00,4.2,0.011,0.004,0.221
LG화학㈜ 익산공장,2024-09-02 18:05,3.8,0.01,0.005,0.231
LG화학㈜ 익산공장,2024-09-02 18:10,3.2,0.013,0.004,0.231
LG화학㈜ 익산공장,2024-09-02 18:15,2.6,0.014,0.004,0.222
LG화학㈜ 익산공장,2024-09-02 18:20,2.6,0.015,0.005,0.212
LG화학㈜ 익산공장,2024-09-02 18:25,3.0,0.014,0.005,0.216
LG화학㈜ 익산공장,2024-09-02 18:30,3.0,0.017,0.005,0.219
LG화학㈜ 익산공장,2024-09-02 18:35,3.0,0.018,0.006,0.213
LG화학㈜ 익산공장,2024-09-02 18:40,3.0,0.019,0.004,0.215
LG화학㈜ 익산공장,2024-09-02 18:45,3.0,0.018,0.005,0.216
LG화학㈜ 익산공장,2024-09-02 18:50,3.0,0.016,0.007,0.216
LG화학㈜ 익산공장,2024-09-02 18:55,3.0,0.015,0.005,0.216
LG화학㈜ 익산공장,2024-09-02 19:00,3.0,0.016,0.004,0.216
LG화학㈜ 익산공장,2024-09-02 19:05,3.0,0.013,0.005,0.218
LG화학㈜ 익산공장,2024-09-02 19:10,3.0,0.015,0.004,0.22
LG화학㈜ 익산공장,2024-09-02 19:15,3.0,0.019,0.004,0.221
LG화학㈜ 익산공장,2024-09-02 19:20,3.2,0.02,0.004,0.225
LG화학㈜ 익산공장,2024-09-02 19:25,4.0,0.024,0.003,0.233
LG화학㈜ 익산공장,2024-09-02 19:30,3.2,0.025,0.009,0.228
LG화학㈜ 익산공장,2024-09-02 19:35,3.0,0.025,0.025,0.229
LG화학㈜ 익산공장,2024-09-02 19:40,3.6,0.024,0.018,0.231
LG화학㈜ 익산공장,2024-09-02 19:45,4.0,0.018,0.01,0.233
LG화학㈜ 익산공장,2024-09-02 19:50,4.0,0.018,0.006,0.236
LG화학㈜ 익산공장,2024-09-02 19:55,4.0,0.016,0.005,0.239
LG화학㈜ 익산공장,2024-09-02 20:00,4.8,0.018,0.006,0.243
LG화학㈜ 익산공장,2024-09-02 20:05,5.0,0.018,0.006,0.242
LG화학㈜ 익산공장,2024-09-02 20:10,5.4,0.017,0.007,0.251
LG화학㈜ 익산공장,2024-09-02 20:15,4.3,0.017,0.004,0.247
LG화학㈜ 익산공장,2024-09-02 20:20,3.6,0.017,0.007,0.236
LG화학㈜ 익산공장,2024-09-02 20:25,3.4,0.018,0.003,0.235
LG화학㈜ 익산공장,2024-09-02 20:30,4.0,0.021,0.004,0.237
LG화학㈜ 익산공장,2024-09-02 20:35,4.0,0.024,0.005,0.239
LG화학㈜ 익산공장,2024-09-02 20:40,3.8,0.025,0.005,0.241
LG화학㈜ 익산공장,2024-09-02 20:45,4.0,0.025,0.011,0.243
LG화학㈜ 익산공장,2024-09-02 20:50,3.8,0.026,0.014,0.243
LG화학㈜ 익산공장,2024-09-02 20:55,3.4,0.023,0.011,0.245
LG화학㈜ 익산공장,2024-09-02 21:00,3.4,0.022,0.007,0.245
LG화학㈜ 익산공장,2024-09-02 21:05,4.0,0.021,0.01,0.247
LG화학㈜ 익산공장,2024-09-02 21:10,4.0,0.022,0.011,0.248
LG화학㈜ 익산공장,2024-09-02 21:15,4.0,0.022,0.014,0.248
LG화학㈜ 익산공장,2024-09-02 21:20,4.9,0.022,0.01,0.265
LG화학㈜ 익산공장,2024-09-02 21:25,7.9,0.022,0.021,0.314
LG화학㈜ 익산공장,2024-09-02 21:30,9.3,0.022,0.019,0.34
LG화학㈜ 익산공장,2024-09-02 21:35,8.9,0.021,0.028,0.325
LG화학㈜ 익산공장,2024-09-02 21:40,7.0,0.02,0.011,0.305
LG화학㈜ 익산공장,2024-09-02 21:45,6.0,0.021,0.026,0.271
LG화학㈜ 익산공장,2024-09-02 21:50,6.3,0.022,0.009,0.265
LG화학㈜ 익산공장,2024-09-02 21:55,5.8,0.023,0.022,0.266
LG화학㈜ 익산공장,2024-09-02 22:00,5.5,0.021,0.016,0.267
LG화학㈜ 익산공장,2024-09-02 22:05,5.0,0.02,0.005,0.267
LG화학㈜ 익산공장,2024-09-02 22:10,5.0,0.02,0.005,0.269
LG화학㈜ 익산공장,2024-09-02 22:15,5.1,0.02,0.006,0.269
LG화학㈜ 익산공장,2024-09-02 22:20,9.6,0.02,0.006,0.324
LG화학㈜ 익산공장,2024-09-02 22:25,11.3,0.021,0.005,0.373
LG화학㈜ 익산공장,2024-09-02 22:30,7.8,0.02,0.004,0.317
LG화학㈜ 익산공장,2024-09-02 22:35,5.9,0.02,0.004,0.279
LG화학㈜ 익산공장,2024-09-02 22:40,4.5,0.02,0.006,0.271
LG화학㈜ 익산공장,2024-09-02 22:45,4.0,0.02,0.005,0.27
LG화학㈜ 익산공장,2024-09-02 22:50,4.0,0.019,0.004,0.269
LG화학㈜ 익산공장,2024-09-02 22:55,4.0,0.017,0.005,0.27
LG화학㈜ 익산공장,2024-09-02 23:00,4.0,0.019,0.005,0.273
LG화학㈜ 익산공장,2024-09-02 23:05,4.9,0.018,0.005,0.275
LG화학㈜ 익산공장,2024-09-02 23:10,5.0,0.019,0.005,0.278
LG화학㈜ 익산공장,2024-09-02 23:15,5.0,0.018,0.005,0.282
LG화학㈜ 익산공장,2024-09-02 23:20,6.3,0.02,0.005,0.295
LG화학㈜ 익산공장,2024-09-02 23:25,7.6,0.02,0.004,0.324
LG화학㈜ 익산공장,2024-09-02 23:30,6.9,0.019,0.006,0.306
LG화학㈜ 익산공장,2024-09-02 23:35,8.6,0.02,0.005,0.302
LG화학㈜ 익산공장,2024-09-02 23:40,10.0,0.022,0.005,0.306
LG화학㈜ 익산공장,2024-09-02 23:45,8.8,0.021,0.003,0.307
LG화학㈜ 익산공장,2024-09-02 23:50,6.9,0.021,0.005,0.303
LG화학㈜ 익산공장,2024-09-02 23:55,6.0,0.021,0.007,0.3
국도화학㈜ 익산지점,2024-09-02 00:00,1.0,0.01,0.086,0.558
국도화학㈜ 익산지점,2024-09-02 00:05,1.0,0.007,0.084,0.56
국도화학㈜ 익산지점,2024-09-02 00:10,1.0,0.009,0.085,0.566
국도화학㈜ 익산지점,2024-09-02 00:15,1.0,0.009,0.093,0.562
국도화학㈜ 익산지점,2024-09-02 00:20,1.0,0.009,0.092,0.565
국도화학㈜ 익산지점,2024-09-02 00:25,1.0,0.009,0.077,0.57
국도화학㈜ 익산지점,2024-09-02 00:30,1.0,0.009,0.077,0.574
국도화학㈜ 익산지점,2024-09-02 00:35,1.0,0.011,0.079,0.583
국도화학㈜ 익산지점,2024-09-02 00:40,1.0,0.012,0.079,0.588
국도화학㈜ 익산지점,2024-09-02 00:45,1.0,0.013,0.08,0.594
국도화학㈜ 익산지점,2024-09-02 00:50,1.0,0.01,0.088,0.599
국도화학㈜ 익산지점,2024-09-02 00:55,1.0,0.011,0.082,0.605
국도화학㈜ 익산지점,2024-09-02 01:00,1.0,0.01,0.076,0.61
국도화학㈜ 익산지점,2024-09-02 01:05,1.0,0.01,0.077,0.614
국도화학㈜ 익산지점,2024-09-02 01:10,1.0,0.01,0.086,0.622
국도화학㈜ 익산지점,2024-09-02 01:15,1.0,0.009,0.08,0.63
국도화학㈜ 익산지점,2024-09-02 01:20,1.0,0.009,0.076,0.636
국도화학㈜ 익산지점,2024-09-02 01:25,1.0,0.009,0.072,0.639
국도화학㈜ 익산지점,2024-09-02 01:30,1.0,0.008,0.085,0.644
국도화학㈜ 익산지점,2024-09-02 01:35,1.0,0.009,0.065,0.648
국도화학㈜ 익산지점,2024-09-02 01:40,1.0,0.009,0.061,0.649
국도화학㈜ 익산지점,2024-09-02 01:45,1.0,0.009,0.07,0.652
국도화학㈜ 익산지점,2024-09-02 01:50,1.0,0.009,0.04,0.655
국도화학㈜ 익산지점,2024-09-02 01:55,1.0,0.009,0.084,0.657
국도화학㈜ 익산지점,2024-09-02 02:00,1.0,0.009,0.058,0.658
국도화학㈜ 익산지점,2024-09-02 02:05,1.0,0.01,0.056,0.66
국도화학㈜ 익산지점,2024-09-02 02:10,1.0,0.008,0.053,0.662
국도화학㈜ 익산지점,2024-09-02 02:15,1.0,0.009,0.036,0.669
국도화학㈜ 익산지점,2024-09-02 02:20,1.0,0.009,0.037,0.674
국도화학㈜ 익산지점,2024-09-02 02:25,1.0,0.009,0.053,0.678
국도화학㈜ 익산지점,2024-09-02 02:30,1.0,0.009,0.042,0.674
국도화학㈜ 익산지점,2024-09-02 02:35,1.0,0.009,0.039,0.677
국도화학㈜ 익산지점,2024-09-02 02:40,1.0,0.009,0.033,0.685
국도화학㈜ 익산지점,2024-09-02 02:45,1.0,0.009,0.036,0.689
국도화학㈜ 익산지점,2024-09-02 02:50,1.0,0.01,0.035,0.688
국도화학㈜ 익산지점,2024-09-02 02:55,1.0,0.009,0.03,0.694
국도화학㈜ 익산지점,2024-09-02 03:00,1.0,0.007,0.035,0.703
국도화학㈜ 익산지점,2024-09-02 03:05,1.0,0.011,0.034,0.702
국도화학㈜ 익산지점,2024-09-02 03:10,1.0,0.013,0.032,0.712
국도화학㈜ 익산지점,2024-09-02 03:15,1.0,0.016,0.031,0.716
국도화학㈜ 익산지점,2024-09-02 03:20,1.0,0.007,0.03,0.72
국도화학㈜ 익산지점,2024-09-02 03:25,1.0,0.007,0.023,0.723
국도화학㈜ 익산지점,2024-09-02 03:30,1.0,0.007,0.023,0.726
국도화학㈜ 익산지점,2024-09-02 03:35,1.0,0.009,0.029,0.743
국도화학㈜ 익산지점,2024-09-02 03:40,1.0,0.01,0.036,0.754
국도화학㈜ 익산지점,2024-09-02 03:45,1.0,0.008,0.033,0.762
국도화학㈜ 익산지점,2024-09-02 03:50,1.0,0.009,0.034,0.779
국도화학㈜ 익산지점,2024-09-02 03:55,1.0,0.008,0.031,0.794
국도화학㈜ 익산지점,2024-09-02 04:00,1.2,0.008,0.025,0.809
국도화학㈜ 익산지점,2024-09-02 04:05,2.8,0.009,0.028,0.831
국도화학㈜ 익산지점,2024-09-02 04:10,3.7,0.009,0.029,0.845
국도화학㈜ 익산지점,2024-09-02 04:15,2.6,0.009,0.027,0.844
국도화학㈜ 익산지점,2024-09-02 04:20,2.1,0.011,0.027,0.85
국도화학㈜ 익산지점,2024-09-02 04:25,1.4,0.012,0.016,0.853
국도화학㈜ 익산지점,2024-09-02 04:30,1.1,0.007,0.008,0.848
국도화학㈜ 익산지점,2024-09-02 04:35,1.1,0.008,0.006,0.839
국도화학㈜ 익산지점,2024-09-02 04:40,1.0,0.008,0.004,0.826
국도화학㈜ 익산지점,2024-09-02 04:45,2.0,0.007,0.008,0.82
국도화학㈜ 익산지점,2024-09-02 04:50,1.6,0.009,0.007,0.817
국도화학㈜ 익산지점,2024-09-02 04:55,1.4,0.008,0.015,0.827
국도화학㈜ 익산지점,2024-09-02 05:00,1.9,0.01,0.017,0.841
국도화학㈜ 익산지점,2024-09-02 05:05,2.0,0.009,0.02,0.861
국도화학㈜ 익산지점,2024-09-02 05:10,1.4,0.009,0.017,0.875
국도화학㈜ 익산지점,2024-09-02 05:15,1.0,0.008,0.012,0.883
국도화학㈜ 익산지점,2024-09-02 05:20,1.0,0.006,0.007,0.884
국도화학㈜ 익산지점,2024-09-02 05:25,1.0,0.006,0.006,0.876
국도화학㈜ 익산지점,2024-09-02 05:30,1.0,0.008,0.006,0.87
국도화학㈜ 익산지점,2024-09-02 05:35,1.0,0.006,0.005,0.868
국도화학㈜ 익산지점,2024-09-02 05:40,1.0,0.007,0.006,0.863
국도화학㈜ 익산지점,2024-09-02 05:45,1.0,0.007,0.006,0.857
국도화학㈜ 익산지점,2024-09-02 05:50,1.0,0.008,0.004,0.855
국도화학㈜ 익산지점,2024-09-02 05:55,1.0,0.009,0.005,0.856
국도화학㈜ 익산지점,2024-09-02 06:00,1.0,0.009,0.005,0.865
국도화학㈜ 익산지점,2024-09-02 06:05,1.0,0.007,0.005,0.861
국도화학㈜ 익산지점,2024-09-02 06:10,1.0,0.008,0.002,0.862
국도화학㈜ 익산지점,2024-09-02 06:15,1.0,0.008,0.005,0.863
국도화학㈜ 익산지점,2024-09-02 06:20,1.0,0.008,0.005,0.864
국도화학㈜ 익산지점,2024-09-02 06:25,1.0,0.008,0.005,0.867
국도화학㈜ 익산지점,2024-09-02 06:30,1.0,0.008,0.005,0.869
국도화학㈜ 익산지점,2024-09-02 06:35,1.0,0.009,0.003,0.871
국도화학㈜ 익산지점,2024-09-02 06:40,1.0,0.008,0.004,0.881
국도화학㈜ 익산지점,2024-09-02 06:45,1.0,0.009,0.006,0.887
국도화학㈜ 익산지점,2024-09-02 06:50,1.0,0.01,0.009,0.917
국도화학㈜ 익산지점,2024-09-02 06:55,1.3,0.009,0.009,0.954
국도화학㈜ 익산지점,2024-09-02 07:00,1.9,0.01,0.01,0.987
국도화학㈜ 익산지점,2024-09-02 07:05,1.0,0.008,0.01,1.023
국도화학㈜ 익산지점,2024-09-02 07:10,1.0,0.009,0.008,1.05
국도화학㈜ 익산지점,2024-09-02 07:15,1.5,0.008,0.004,1.067
국도화학㈜ 익산지점,2024-09-02 07:20,1.4,0.009,0.005,1.08
국도화학㈜ 익산지점,2024-09-02 07:25,1.0,0.011,0.006,1.088
국도화학㈜ 익산지점,2024-09-02 07:30,1.6,0.008,0.006,1.094
국도화학㈜ 익산지점,2024-09-02 07:35,1.1,0.007,0.006,1.081
국도화학㈜ 익산지점,2024-09-02 07:40,1.0,0.016,0.005,1.065
국도화학㈜ 익산지점,2024-09-02 07:45,1.0,0.008,0.004,1.048
국도화학㈜ 익산지점,2024-09-02 07:50,1.1,0.008,0.006,1.043
국도화학㈜ 익산지점,2024-09-02 07:55,1.0,0.009,0.011,1.041
국도화학㈜ 익산지점,2024-09-02 08:00,1.0,0.007,0.008,1.048
국도화학㈜ 익산지점,2024-09-02 08:05,1.0,0.008,0.008,1.048
국도화학㈜ 익산지점,2024-09-02 08:10,1.0,0.008,0.009,1.052
국도화학㈜ 익산지점,2024-09-02 08:15,1.0,0.009,0.007,1.052
국도화학㈜ 익산지점,2024-09-02 08:20,1.0,0.008,0.007,1.043
국도화학㈜ 익산지점,2024-09-02 08:25,1.0,0.006,0.007,1.04
국도화학㈜ 익산지점,2024-09-02 08:30,1.0,0.007,0.005,1.026
국도화학㈜ 익산지점,2024-09-02 08:35,1.0,0.004,0.005,1.008
국도화학㈜ 익산지점,2024-09-02 08:40,1.0,0.004,0.006,0.988
국도화학㈜ 익산지점,2024-09-02 08:45,1.0,0.007,0.005,0.962
국도화학㈜ 익산지점,2024-09-02 08:50,1.0,0.002,0.006,0.92
국도화학㈜ 익산지점,2024-09-02 08:55,1.0,0.003,0.005,0.864
국도화학㈜ 익산지점,2024-09-02 09:00,1.0,0.004,0.004,0.82
국도화학㈜ 익산지점,2024-09-02 09:05,1.0,0.002,0.006,0.792
국도화학㈜ 익산지점,2024-09-02 09:10,1.0,0.002,0.006,0.762
국도화학㈜ 익산지점,2024-09-02 09:15,1.0,0.003,0.005,0.741
국도화학㈜ 익산지점,2024-09-02 09:20,1.0,0.004,0.006,0.723
국도화학㈜ 익산지점,2024-09-02 09:25,1.0,0.004,0.005,0.705
국도화학㈜ 익산지점,2024-09-02 09:30,1.0,0.003,0.006,0.692
국도화학㈜ 익산지점,2024-09-02 09:35,1.0,0.002,0.004,0.685
국도화학㈜ 익산지점,2024-09-02 09:40,1.0,0.003,0.005,0.679
국도화학㈜ 익산지점,2024-09-02 09:45,1.0,0.002,0.003,0.669
국도화학㈜ 익산지점,2024-09-02 09:50,1.0,0.003,0.003,0.664
국도화학㈜ 익산지점,2024-09-02 09:55,1.0,0.002,0.006,0.662
국도화학㈜ 익산지점,2024-09-02 10:00,1.0,0.003,0.006,0.653
국도화학㈜ 익산지점,2024-09-02 10:05,1.0,0.003,0.005,0.648
국도화학㈜ 익산지점,2024-09-02 10:10,1.0,0.003,0.007,0.643
국도화학㈜ 익산지점,2024-09-02 10:15,1.0,0.002,0.007,0.639
국도화학㈜ 익산지점,2024-09-02 10:20,1.0,0.003,0.006,0.637
국도화학㈜ 익산지점,2024-09-02 10:25,1.0,0.002,0.003,0.633
국도화학㈜ 익산지점,2024-09-02 10:30,1.0,0.003,0.003,0.625
국도화학㈜ 익산지점,2024-09-02 10:35,1.0,0.002,0.005,0.621
국도화학㈜ 익산지점,2024-09-02 10:40,1.0,0.002,0.007,0.616
국도화학㈜ 익산지점,2024-09-02 10:45,1.0,0.002,0.004,0.605
국도화학㈜ 익산지점,2024-09-02 10:50,1.0,0.003,0.005,0.597
국도화학㈜ 익산지점,2024-09-02 10:55,1.0,0.003,0.005,0.588
국도화학㈜ 익산지점,2024-09-02 11:00,1.0,0.003,0.005,0.573
국도화학㈜ 익산지점,2024-09-02 11:05,1.0,0.003,0.004,0.565
국도화학㈜ 익산지점,2024-09-02 11:10,1.0,0.003,0.005,0.556
국도화학㈜ 익산지점,2024-09-02 11:15,1.0,0.002,0.005,0.548
국도화학㈜ 익산지점,2024-09-02 11:20,1.0,0.002,0.005,0.54
국도화학㈜ 익산지점,2024-09-02 11:25,1.0,0.002,0.005,0.531
국도화학㈜ 익산지점,2024-09-02 11:30,1.0,0.002,0.006,0.524
국도화학㈜ 익산지점,2024-09-02 11:35,1.0,0.003,0.005,0.519
국도화학㈜ 익산지점,2024-09-02 11:40,1.0,0.002,0.005,0.512
국도화학㈜ 익산지점,2024-09-02 11:45,1.0,0.003,0.005,0.509
국도화학㈜ 익산지점,2024-09-02 11:50,1.0,0.003,0.006,0.502
국도화학㈜ 익산지점,2024-09-02 11:55,1.0,0.007,0.004,0.507
국도화학㈜ 익산지점,2024-09-02 12:00,1.0,0.004,0.004,0.509
국도화학㈜ 익산지점,2024-09-02 12:05,1.1,0.005,0.005,0.52
국도화학㈜ 익산지점,2024-09-02 12:10,1.5,0.005,0.004,0.526
국도화학㈜ 익산지점,2024-09-02 12:15,1.0,0.003,0.005,0.507
국도화학㈜ 익산지점,2024-09-02 12:20,1.0,0.003,0.004,0.506
국도화학㈜ 익산지점,2024-09-02 12:25,1.0,0.004,0.004,0.504
국도화학㈜ 익산지점,2024-09-02 12:30,1.0,0.003,0.005,0.5
국도화학㈜ 익산지점,2024-09-02 12:35,1.0,0.002,0.005,0.501
국도화학㈜ 익산지점,2024-09-02 12:40,1.0,0.002,0.005,0.497
국도화학㈜ 익산지점,2024-09-02 12:45,1.0,0.004,0.006,0.492
국도화학㈜ 익산지점,2024-09-02 12:50,1.0,0.004,0.004,0.486
국도화학㈜ 익산지점,2024-09-02 12:55,1.0,0.005,0.005,0.483
국도화학㈜ 익산지점,2024-09-02 13:00,1.0,0.02,0.003,0.479
국도화학㈜ 익산지점,2024-09-02 13:05,1.0,0.029,0.004,0.477
국도화학㈜ 익산지점,2024-09-02 13:10,1.0,0.036,0.006,0.475
국도화학㈜ 익산지점,2024-09-02 13:15,1.0,0.037,0.004,0.474
국도화학㈜ 익산지점,2024-09-02 13:20,1.0,0.013,0.006,0.473
국도화학㈜ 익산지점,2024-09-02 13:25,1.0,0.011,0.005,0.473
국도화학㈜ 익산지점,2024-09-02 13:30,1.0,0.026,0.007,0.475
국도화학㈜ 익산지점,2024-09-02 13:35,1.0,0.049,0.007,0.473
국도화학㈜ 익산지점,2024-09-02 13:40,1.0,0.019,0.005,0.47
국도화학㈜ 익산지점,2024-09-02 13:45,1.0,0.008,0.005,0.464
국도화학㈜ 익산지점,2024-09-02 13:50,1.2,0.007,0.006,0.462
국도화학㈜ 익산지점,2024-09-02 13:55,1.1,0.004,0.004,0.456
국도화학㈜ 익산지점,2024-09-02 14:00,1.0,0.002,0.005,0.444
국도화학㈜ 익산지점,2024-09-02 14:05,1.1,0.004,0.005,0.443
국도화학㈜ 익산지점,2024-09-02 14:10,1.0,0.003,0.004,0.448
국도화학㈜ 익산지점,2024-09-02 14:15,1.0,0.004,0.005,0.441
국도화학㈜ 익산지점,2024-09-02 14:20,1.0,0.004,0.006,0.439
국도화학㈜ 익산지점,2024-09-02 14:25,1.0,0.005,0.005,0.441
국도화학㈜ 익산지점,2024-09-02 14:30,1.0,0.002,0.005,0.448
국도화학㈜ 익산지점,2024-09-02 14:35,1.0,0.004,0.005,0.444
국도화학㈜ 익산지점,2024-09-02 14:40,1.0,0.003,0.004,0.446
국도화학㈜ 익산지점,2024-09-02 14:45,1.0,0.003,0.004,0.441
국도화학㈜ 익산지점,2024-09-02 14:50,1.0,0.007,0.005,0.442
국도화학㈜ 익산지점,2024-09-02 14:55,1.0,0.008,0.006,0.437
국도화학㈜ 익산지점,2024-09-02 15:00,1.0,0.01,0.005,0.439
국도화학㈜ 익산지점,2024-09-02 15:05,1.0,0.005,0.006,0.431
국도화학㈜ 익산지점,2024-09-02 15:10,1.0,0.013,0.005,0.428
국도화학㈜ 익산지점,2024-09-02 15:15,1.0,0.007,0.004,0.429
국도화학㈜ 익산지점,2024-09-02 15:20,1.0,0.001,0.003,0.434
국도화학㈜ 익산지점,2024-09-02 15:25,1.0,0.004,0.005,0.431
국도화학㈜ 익산지점,2024-09-02 15:30,1.0,0.003,0.006,0.43
국도화학㈜ 익산지점,2024-09-02 15:35,1.0,0.003,0.005,0.429
국도화학㈜ 익산지점,2024-09-02 15:40,1.0,0.003,0.004,0.427
국도화학㈜ 익산지점,2024-09-02 15:45,1.9,0.003,0.004,0.442
국도화학㈜ 익산지점,2024-09-02 15:50,1.0,0.012,0.003,0.431
국도화학㈜ 익산지점,2024-09-02 15:55,1.3,0.008,0.005,0.433
국도화학㈜ 익산지점,2024-09-02 16:00,1.0,0.007,0.004,0.425
국도화학㈜ 익산지점,2024-09-02 16:05,1.0,0.003,0.005,0.423
국도화학㈜ 익산지점,2024-09-02 16:10,1.0,0.002,0.006,0.423
국도화학㈜ 익산지점,2024-09-02 16:15,1.0,0.001,0.005,0.418
국도화학㈜ 익산지점,2024-09-02 16:20,1.0,0.003,0.005,0.415
국도화학㈜ 익산지점,2024-09-02 16:25,1.0,0.004,0.004,0.416
국도화학㈜ 익산지점,2024-09-02 16:30,1.0,0.003,0.004,0.416
국도화학㈜ 익산지점,2024-09-02 16:35,1.0,0.003,0.005,0.416
국도화학㈜ 익산지점,2024-09-02 16:40,1.0,0.002,0.007,0.412
국도화학㈜ 익산지점,2024-09-02 16:45,1.0,0.003,0.007,0.416
국도화학㈜ 익산지점,2024-09-02 16:50,1.1,0.002,0.006,0.418
국도화학㈜ 익산지점,2024-09-02 16:55,1.2,0.004,0.005,0.422
국도화학㈜ 익산지점,2024-09-02 17:00,1.0,0.002,0.007,0.414
국도화학㈜ 익산지점,2024-09-02 17:05,1.4,0.003,0.003,0.422
국도화학㈜ 익산지점,2024-09-02 17:10,2.7,0.003,0.004,0.43
국도화학㈜ 익산지점,2024-09-02 17:15,1.9,0.002,0.006,0.42
국도화학㈜ 익산지점,2024-09-02 17:20,1.0,0.003,0.004,0.416
국도화학㈜ 익산지점,2024-09-02 17:25,1.0,0.003,0.008,0.409
국도화학㈜ 익산지점,2024-09-02 17:30,1.0,0.003,0.007,0.41
국도화학㈜ 익산지점,2024-09-02 17:35,1.0,0.002,0.003,0.407
국도화학㈜ 익산지점,2024-09-02 17:40,1.0,0.005,0.004,0.404
국도화학㈜ 익산지점,2024-09-02 17:45,1.3,0.006,0.005,0.41
국도화학㈜ 익산지점,2024-09-02 17:50,2.0,0.004,0.006,0.418
국도화학㈜ 익산지점,2024-09-02 17:55,3.3,0.005,0.007,0.431
국도화학㈜ 익산지점,2024-09-02 18:00,2.1,0.005,0.004,0.426
국도화학㈜ 익산지점,2024-09-02 18:05,1.1,0.004,0.006,0.418
국도화학㈜ 익산지점,2024-09-02 18:10,1.1,0.004,0.004,0.416
국도화학㈜ 익산지점,2024-09-02 18:15,3.7,0.006,0.005,0.481
국도화학㈜ 익산지점,2024-09-02 18:20,2.1,0.047,0.005,0.43
국도화학㈜ 익산지점,2024-09-02 18:25,1.5,0.01,0.004,0.416
국도화학㈜ 익산지점,2024-09-02 18:30,1.0,0.003,0.005,0.412
국도화학㈜ 익산지점,2024-09-02 18:35,1.0,0.004,0.004,0.41
국도화학㈜ 익산지점,2024-09-02 18:40,1.0,0.005,0.006,0.409
국도화학㈜ 익산지점,2024-09-02 18:45,1.0,0.003,0.004,0.41
국도화학㈜ 익산지점,2024-09-02 18:50,1.0,0.003,0.006,0.413
국도화학㈜ 익산지점,2024-09-02 18:55,1.6,0.004,0.004,0.424
국도화학㈜ 익산지점,2024-09-02 19:00,6.5,0.003,0.006,0.475
국도화학㈜ 익산지점,2024-09-02 19:05,3.9,0.004,0.005,0.463
국도화학㈜ 익산지점,2024-09-02 19:10,2.0,0.003,0.004,0.42
국도화학㈜ 익산지점,2024-09-02 19:15,2.2,0.003,0.011,0.424
국도화학㈜ 익산지점,2024-09-02 19:20,1.7,0.005,0.032,0.421
국도화학㈜ 익산지점,2024-09-02 19:25,1.0,0.005,0.019,0.415
국도화학㈜ 익산지점,2024-09-02 19:30,1.0,0.006,0.032,0.418
국도화학㈜ 익산지점,2024-09-02 19:35,1.3,0.009,0.071,0.425
국도화학㈜ 익산지점,2024-09-02 19:40,1.1,0.009,0.046,0.427
국도화학㈜ 익산지점,2024-09-02 19:45,1.0,0.008,0.055,0.424
국도화학㈜ 익산지점,2024-09-02 19:50,1.3,0.003,0.039,0.426
국도화학㈜ 익산지점,2024-09-02 19:55,1.0,0.004,0.013,0.42
국도화학㈜ 익산지점,2024-09-02 20:00,1.0,0.003,0.016,0.419
국도화학㈜ 익산지점,2024-09-02 20:05,1.0,0.004,0.014,0.418
국도화학㈜ 익산지점,2024-09-02 20:10,1.0,0.004,0.021,0.419
국도화학㈜ 익산지점,2024-09-02 20:15,1.0,0.008,0.037,0.421
국도화학㈜ 익산지점,2024-09-02 20:20,1.0,0.007,0.035,0.421
국도화학㈜ 익산지점,2024-09-02 20:25,1.0,0.01,0.049,0.42
국도화학㈜ 익산지점,2024-09-02 20:30,1.0,0.011,0.074,0.424
국도화학㈜ 익산지점,2024-09-02 20:35,1.0,0.011,0.077,0.425
국도화학㈜ 익산지점,2024-09-02 20:40,1.0,0.011,0.08,0.43
국도화학㈜ 익산지점,2024-09-02 20:45,1.0,0.012,0.081,0.432
국도화학㈜ 익산지점,2024-09-02 20:50,1.0,0.011,0.088,0.437
국도화학㈜ 익산지점,2024-09-02 20:55,1.0,0.012,0.091,0.437
국도화학㈜ 익산지점,2024-09-02 21:00,1.0,0.01,0.087,0.439
국도화학㈜ 익산지점,2024-09-02 21:05,1.3,0.009,0.087,0.444
국도화학㈜ 익산지점,2024-09-02 21:10,2.0,0.009,0.086,0.452
국도화학㈜ 익산지점,2024-09-02 21:15,2.0,0.009,0.08,0.453
국도화학㈜ 익산지점,2024-09-02 21:20,2.0,0.008,0.074,0.45
국도화학㈜ 익산지점,2024-09-02 21:25,2.8,0.009,0.07,0.463
국도화학㈜ 익산지점,2024-09-02 21:30,3.6,0.007,0.071,0.49
국도화학㈜ 익산지점,2024-09-02 21:35,1.5,0.007,0.065,0.461
국도화학㈜ 익산지점,2024-09-02 21:40,2.5,0.008,0.071,0.493
국도화학㈜ 익산지점,2024-09-02 21:45,2.2,0.01,0.077,0.472
국도화학㈜ 익산지점,2024-09-02 21:50,2.0,0.009,0.08,0.461
국도화학㈜ 익산지점,2024-09-02 21:55,2.0,0.009,0.074,0.463
국도화학㈜ 익산지점,2024-09-02 22:00,1.1,0.008,0.074,0.462
국도화학㈜ 익산지점,2024-09-02 22:05,1.0,0.01,0.07,0.46
국도화학㈜ 익산지점,2024-09-02 22:10,1.0,0.009,0.07,0.462
국도화학㈜ 익산지점,2024-09-02 22:15,1.0,0.009,0.067,0.461
국도화학㈜ 익산지점,2024-09-02 22:20,1.0,0.007,0.046,0.465
국도화학㈜ 익산지점,2024-09-02 22:25,1.8,0.008,0.062,0.477
국도화학㈜ 익산지점,2024-09-02 22:30,1.0,0.009,0.067,0.469
국도화학㈜ 익산지점,2024-09-02 22:35,1.0,0.009,0.069,0.467
국도화학㈜ 익산지점,2024-09-02 22:40,1.0,0.009,0.067,0.469
국도화학㈜ 익산지점,2024-09-02 22:45,1.0,0.009,0.048,0.468
국도화학㈜ 익산지점,2024-09-02 22:50,1.0,0.009,0.045,0.469
국도화학㈜ 익산지점,2024-09-02 22:55,1.0,0.007,0.052,0.471
국도화학㈜ 익산지점,2024-09-02 23:00,1.3,0.008,0.048,0.476
국도화학㈜ 익산지점,2024-09-02 23:05,2.2,0.006,0.052,0.482
국도화학㈜ 익산지점,2024-09-02 23:10,3.1,0.008,0.043,0.5
국도화학㈜ 익산지점,2024-09-02 23:15,2.8,0.01,0.048,0.5
국도화학㈜ 익산지점,2024-09-02 23:20,1.7,0.009,0.053,0.496
국도화학㈜ 익산지점,2024-09-02 23:25,1.0,0.009,0.052,0.484
국도화학㈜ 익산지점,2024-09-02 23:30,1.0,0.008,0.05,0.487
국도화학㈜ 익산지점,2024-09-02 23:35,1.0,0.007,0.044,0.485
국도화학㈜ 익산지점,2024-09-02 23:40,2.0,0.006,0.031,0.492
국도화학㈜ 익산지점,2024-09-02 23:45,1.8,0.005,0.034,0.494
국도화학㈜ 익산지점,2024-09-02 23:50,1.5,0.006,0.03,0.488
국도화학㈜ 익산지점,2024-09-02 23:55,1.0,0.007,0.044,0.487
동아2차APT,2024-09-02 00:00,2.0,0.002,0.007,0.059
동아2차APT,2024-09-02 00:05,2.0,0.003,0.01,0.056
동아2차APT,2024-09-02 00:10,2.0,0.003,0.006,0.051
동아2차APT,2024-09-02 00:15,2.0,0.003,0.005,0.049
동아2차APT,2024-09-02 00:20,2.0,0.002,0.007,0.045
동아2차APT,2024-09-02 00:25,2.0,0.002,0.007,0.049
동아2차APT,2024-09-02 00:30,2.0,0.002,0.003,0.054
동아2차APT,2024-09-02 00:35,2.0,0.002,0.004,0.055
동아2차APT,2024-09-02 00:40,2.0,0.003,0.005,0.055
동아2차APT,2024-09-02 00:45,2.0,0.003,0.006,0.056
동아2차APT,2024-09-02 00:50,2.0,0.003,0.007,0.057
동아2차APT,2024-09-02 00:55,2.0,0.003,0.009,0.058
동아2차APT,2024-09-02 01:00,2.0,0.002,0.006,0.059
동아2차APT,2024-09-02 01:05,2.0,0.002,0.006,0.059
동아2차APT,2024-09-02 01:10,2.0,0.002,0.004,0.06
동아2차APT,2024-09-02 01:15,2.0,0.003,0.005,0.063
동아2차APT,2024-09-02 01:20,2.0,0.002,0.006,0.065
동아2차APT,2024-09-02 01:25,2.0,0.001,0.005,0.066
동아2차APT,2024-09-02 01:30,2.0,0.002,0.005,0.065
동아2차APT,2024-09-02 01:35,2.0,0.003,0.004,0.064
동아2차APT,2024-09-02 01:40,2.0,0.003,0.004,0.066
동아2차APT,2024-09-02 01:45,2.0,0.003,0.004,0.068
동아2차APT,2024-09-02 01:50,2.0,0.004,0.006,0.068
동아2차APT,2024-09-02 01:55,2.0,0.002,0.005,0.068
동아2차APT,2024-09-02 02:00,2.0,0.002,0.006,0.069
동아2차APT,2024-09-02 02:05,2.0,0.003,0.004,0.075
동아2차APT,2024-09-02 02:10,2.0,0.003,0.004,0.075
동아2차APT,2024-09-02 02:15,2.0,0.002,0.006,0.076
동아2차APT,2024-09-02 02:20,2.0,0.003,0.004,0.076
동아2차APT,2024-09-02 02:25,2.0,0.002,0.005,0.071
동아2차APT,2024-09-02 02:30,2.0,0.002,0.004,0.07
동아2차APT,2024-09-02 02:35,2.0,0.003,0.005,0.069
동아2차APT,2024-09-02 02:40,2.0,0.002,0.006,0.069
동아2차APT,2024-09-02 02:45,2.0,0.003,0.004,0.07
동아2차APT,2024-09-02 02:50,2.0,0.003,0.005,0.068
동아2차APT,2024-09-02 02:55,2.0,0.003,0.006,0.068
동아2차APT,2024-09-02 03:00,2.0,0.001,0.006,0.069
동아2차APT,2024-09-02 03:05,2.0,0.002,0.006,0.067
동아2차APT,2024-09-02 03:10,2.0,0.002,0.005,0.073
동아2차APT,2024-09-02 03:15,2.0,0.002,0.005,0.069
동아2차APT,2024-09-02 03:20,2.0,0.001,0.005,0.066
동아2차APT,2024-09-02 03:25,2.0,0.002,0.005,0.069
동아2차APT,2024-09-02 03:30,2.0,0.002,0.005,0.068
동아2차APT,2024-09-02 03:35,2.0,0.003,0.005,0.068
동아2차APT,2024-09-02 03:40,2.0,0.003,0.004,0.074
동아2차APT,2024-09-02 03:45,2.0,0.003,0.006,0.076
동아2차APT,2024-09-02 03:50,2.0,0.003,0.005,0.075
동아2차APT,2024-09-02 03:55,2.0,0.003,0.004,0.077
동아2차APT,2024-09-02 04:00,2.0,0.002,0.004,0.076
동아2차APT,2024-09-02 04:05,2.0,0.003,0.006,0.073
동아2차APT,2024-09-02 04:10,2.0,0.002,0.004,0.069
동아2차APT,2024-09-02 04:15,2.0,0.002,0.005,0.067
동아2차APT,2024-09-02 04:20,2.0,0.002,0.005,0.068
동아2차APT,2024-09-02 04:25,2.0,0.003,0.003,0.067
동아2차APT,2024-09-02 04:30,2.0,0.002,0.005,0.071
동아2차APT,2024-09-02 04:35,2.0,0.003,0.004,0.074
동아2차APT,2024-09-02 04:40,2.0,0.003,0.004,0.077
동아2차APT,2024-09-02 04:45,2.0,0.002,0.005,0.073
동아2차APT,2024-09-02 04:50,2.0,0.003,0.004,0.073
동아2차APT,2024-09-02 04:55,2.0,0.002,0.005,0.075
동아2차APT,2024-09-02 05:00,2.0,0.002,0.007,0.076
동아2차APT,2024-09-02 05:05,2.0,0.003,0.005,0.074
동아2차APT,2024-09-02 05:10,2.0,0.002,0.005,0.074
동아2차APT,2024-09-02 05:15,2.5,0.002,0.004,0.076
동아2차APT,2024-09-02 05:20,2.0,0.002,0.005,0.074
동아2차APT,2024-09-02 05:25,2.0,0.002,0.006,0.073
동아2차APT,2024-09-02 05:30,2.0,0.003,0.004,0.076
동아2차APT,2024-09-02 05:35,2.0,0.002,0.006,0.078
동아2차APT,2024-09-02 05:40,2.0,0.003,0.007,0.078
동아2차APT,2024-09-02 05:45,2.0,0.002,0.007,0.079
동아2차APT,2024-09-02 05:50,2.0,0.002,0.005,0.078
동아2차APT,2024-09-02 05:55,2.0,0.003,0.004,0.078
동아2차APT,2024-09-02 06:00,2.0,0.003,0.005,0.08
동아2차APT,2024-09-02 06:05,2.0,0.002,0.004,0.082
동아2차APT,2024-09-02 06:10,2.0,0.002,0.007,0.079
동아2차APT,2024-09-02 06:15,2.0,0.002,0.003,0.078
동아2차APT,2024-09-02 06:20,2.0,0.002,0.006,0.077
동아2차APT,2024-09-02 06:25,2.0,0.003,0.005,0.08
동아2차APT,2024-09-02 06:30,2.0,0.003,0.007,0.085
동아2차APT,2024-09-02 06:35,2.0,0.003,0.004,0.086
동아2차APT,2024-09-02 06:40,2.0,0.003,0.005,0.085
동아2차APT,2024-09-02 06:45,2.0,0.003,0.006,0.087
동아2차APT,2024-09-02 06:50,2.0,0.002,0.007,0.086
동아2차APT,2024-09-02 06:55,2.0,0.002,0.008,0.097
동아2차APT,2024-09-02 07:00,2.0,0.003,0.004,0.092
동아2차APT,2024-09-02 07:05,2.0,0.003,0.004,0.082
동아2차APT,2024-09-02 07:10,2.0,0.003,0.005,0.073
동아2차APT,2024-09-02 07:15,2.0,0.002,0.005,0.07
동아2차APT,2024-09-02 07:20,2.0,0.003,0.004,0.077
동아2차APT,2024-09-02 07:25,2.0,0.003,0.004,0.085
동아2차APT,2024-09-02 07:30,2.0,0.003,0.004,0.093
동아2차APT,2024-09-02 07:35,2.0,0.002,0.005,0.079
동아2차APT,2024-09-02 07:40,2.0,0.004,0.006,0.069
동아2차APT,2024-09-02 07:45,2.0,0.002,0.005,0.056
동아2차APT,2024-09-02 07:50,2.0,0.003,0.005,0.052
동아2차APT,2024-09-02 07:55,2.0,0.002,0.004,0.056
동아2차APT,2024-09-02 08:00,2.0,0.003,0.004,0.06
동아2차APT,2024-09-02 08:05,2.0,0.003,0.006,0.062
동아2차APT,2024-09-02 08:10,2.0,0.002,0.004,0.06
동아2차APT,2024-09-02 08:15,2.0,0.002,0.004,0.051
동아2차APT,2024-09-02 08:20,2.0,0.003,0.008,0.049
동아2차APT,2024-09-02 08:25,2.0,0.003,0.006,0.046
동아2차APT,2024-09-02 08:30,2.0,0.002,0.005,0.049
동아2차APT,2024-09-02 08:35,2.0,0.002,0.005,0.046
동아2차APT,2024-09-02 08:40,2.0,0.003,0.006,0.044
동아2차APT,2024-09-02 08:45,2.0,0.002,0.004,0.046
동아2차APT,2024-09-02 08:50,2.0,0.002,0.006,0.045
동아2차APT,2024-09-02 08:55,2.0,0.003,0.007,0.045
동아2차APT,2024-09-02 09:00,2.0,0.003,0.004,0.045
동아2차APT,2024-09-02 09:05,2.0,0.002,0.006,0.047
동아2차APT,2024-09-02 09:10,2.0,0.003,0.003,0.045
동아2차APT,2024-09-02 09:15,2.0,0.002,0.005,0.045
동아2차APT,2024-09-02 09:20,2.0,0.002,0.006,0.045
동아2차APT,2024-09-02 09:25,2.0,0.002,0.007,0.045
동아2차APT,2024-09-02 09:30,2.0,0.002,0.004,0.043
동아2차APT,2024-09-02 09:35,2.0,0.002,0.003,0.045
동아2차APT,2024-09-02 09:40,2.0,0.002,0.004,0.046
동아2차APT,2024-09-02 09:45,2.0,0.002,0.006,0.044
동아2차APT,2024-09-02 09:50,2.0,0.003,0.006,0.045
동아2차APT,2024-09-02 09:55,2.0,0.002,0.006,0.045
동아2차APT,2024-09-02 10:00,2.0,0.002,0.005,0.045
동아2차APT,2024-09-02 10:05,2.0,0.002,0.007,0.045
동아2차APT,2024-09-02 10:10,2.0,0.003,0.004,0.044
동아2차APT,2024-09-02 10:15,2.0,0.003,0.005,0.046
동아2차APT,2024-09-02 10:20,2.0,0.002,0.005,0.045
동아2차APT,2024-09-02 10:25,2.0,0.004,0.006,0.046
동아2차APT,2024-09-02 10:30,2.0,0.004,0.004,0.044
동아2차APT,2024-09-02 10:35,2.0,0.002,0.003,0.045
동아2차APT,2024-09-02 10:40,2.0,0.004,0.004,0.045
동아2차APT,2024-09-02 10:45,2.0,0.003,0.004,0.044
동아2차APT,2024-09-02 10:50,1.9,0.004,0.006,0.045
동아2차APT,2024-09-02 10:55,1.0,0.003,0.005,0.047
동아2차APT,2024-09-02 11:00,1.0,0.002,0.006,0.043
동아2차APT,2024-09-02 11:05,1.0,0.003,0.004,0.047
동아2차APT,2024-09-02 11:10,1.0,0.003,0.005,0.047
동아2차APT,2024-09-02 11:15,1.2,0.002,0.005,0.044
동아2차APT,2024-09-02 11:20,1.6,0.003,0.005,0.046
동아2차APT,2024-09-02 11:25,1.3,0.003,0.007,0.044
동아2차APT,2024-09-02 11:30,1.2,0.003,0.004,0.043
동아2차APT,2024-09-02 11:35,2.0,0.002,0.005,0.043
동아2차APT,2024-09-02 11:40,2.0,0.002,0.004,0.046
동아2차APT,2024-09-02 11:45,2.0,0.003,0.004,0.044
동아2차APT,2024-09-02 11:50,2.0,0.003,0.005,0.047
동아2차APT,2024-09-02 11:55,2.0,0.002,0.003,0.045
동아2차APT,2024-09-02 12:00,2.0,0.003,0.005,0.045
동아2차APT,2024-09-02 12:05,2.0,0.002,0.007,0.043
동아2차APT,2024-09-02 12:10,2.0,0.002,0.004,0.045
동아2차APT,2024-09-02 12:15,2.0,0.002,0.006,0.046
동아2차APT,2024-09-02 12:20,2.0,0.002,0.005,0.044
동아2차APT,2024-09-02 12:25,2.0,0.002,0.005,0.045
동아2차APT,2024-09-02 12:30,2.0,0.002,0.004,0.044
동아2차APT,2024-09-02 12:35,2.0,0.002,0.005,0.044
동아2차APT,2024-09-02 12:40,2.0,0.003,0.006,0.045
동아2차APT,2024-09-02 12:45,2.0,0.003,0.005,0.046
동아2차APT,2024-09-02 12:50,2.0,0.002,0.005,0.045
동아2차APT,2024-09-02 12:55,2.0,0.003,0.004,0.043
동아2차APT,2024-09-02 13:00,2.0,0.002,0.004,0.046
동아2차APT,2024-09-02 13:05,2.0,0.003,0.006,0.044
동아2차APT,2024-09-02 13:10,2.0,0.003,0.005,0.045
동아2차APT,2024-09-02 13:15,2.0,0.003,0.005,0.044
동아2차APT,2024-09-02 13:20,2.0,0.003,0.005,0.043
동아2차APT,2024-09-02 13:25,2.0,0.004,0.005,0.045
동아2차APT,2024-09-02 13:30,2.0,0.003,0.005,0.047
동아2차APT,2024-09-02 13:35,2.0,0.003,0.005,0.044
동아2차APT,2024-09-02 13:40,2.0,0.002,0.005,0.044
동아2차APT,2024-09-02 13:45,2.0,0.003,0.006,0.045
동아2차APT,2024-09-02 13:50,2.0,0.002,0.006,0.045
동아2차APT,2024-09-02 13:55,2.0,0.003,0.004,0.046
동아2차APT,2024-09-02 14:00,2.0,0.003,0.005,0.046
동아2차APT,2024-09-02 14:05,2.0,0.002,0.007,0.045
동아2차APT,2024-09-02 14:10,2.0,0.003,0.005,0.045
동아2차APT,2024-09-02 14:15,2.0,0.003,0.005,0.044
동아2차APT,2024-09-02 14:20,2.0,0.002,0.007,0.046
동아2차APT,2024-09-02 14:25,2.0,0.003,0.005,0.045
동아2차APT,2024-09-02 14:30,2.0,0.003,0.005,0.043
동아2차APT,2024-09-02 14:35,2.0,0.004,0.004,0.046
동아2차APT,2024-09-02 14:40,2.0,0.002,0.004,0.045
동아2차APT,2024-09-02 14:45,2.0,0.002,0.004,0.046
동아2차APT,2024-09-02 14:50,2.0,0.003,0.004,0.046
동아2차APT,2024-09-02 14:55,2.0,0.003,0.004,0.045
동아2차APT,2024-09-02 15:00,2.0,0.003,0.005,0.046
동아2차APT,2024-09-02 15:05,2.0,0.002,0.006,0.044
동아2차APT,2024-09-02 15:10,2.0,0.003,0.005,0.044
동아2차APT,2024-09-02 15:15,2.0,0.003,0.005,0.046
동아2차APT,2024-09-02 15:20,2.0,0.003,0.006,0.044
동아2차APT,2024-09-02 15:25,2.0,0.003,0.006,0.045
동아2차APT,2024-09-02 15:30,2.0,0.001,0.004,0.045
동아2차APT,2024-09-02 15:35,2.0,0.003,0.005,0.047
동아2차APT,2024-09-02 15:40,2.0,0.004,0.005,0.043
동아2차APT,2024-09-02 15:45,2.0,0.003,0.005,0.045
동아2차APT,2024-09-02 15:50,2.0,0.002,0.005,0.045
동아2차APT,2024-09-02 15:55,2.0,0.002,0.005,0.046
동아2차APT,2024-09-02 16:00,2.0,0.003,0.003,0.047
동아2차APT,2024-09-02 16:05,2.0,0.003,0.004,0.045
동아2차APT,2024-09-02 16:10,2.0,0.002,0.007,0.044
동아2차APT,2024-09-02 16:15,2.0,0.002,0.005,0.045
동아2차APT,2024-09-02 16:20,2.0,0.002,0.005,0.044
동아2차APT,2024-09-02 16:25,2.0,0.002,0.007,0.044
동아2차APT,2024-09-02 16:30,2.0,0.002,0.006,0.045
동아2차APT,2024-09-02 16:35,2.0,0.003,0.004,0.042
동아2차APT,2024-09-02 16:40,2.0,0.003,0.005,0.045
동아2차APT,2024-09-02 16:45,2.0,0.003,0.005,0.045
동아2차APT,2024-09-02 16:50,2.0,0.003,0.005,0.044
동아2차APT,2024-09-02 16:55,2.0,0.003,0.004,0.044
동아2차APT,2024-09-02 17:00,2.0,0.003,0.006,0.047
동아2차APT,2024-09-02 17:05,2.0,0.003,0.004,0.045
동아2차APT,2024-09-02 17:10,2.0,0.002,0.005,0.043
동아2차APT,2024-09-02 17:15,2.0,0.003,0.004,0.045
동아2차APT,2024-09-02 17:20,2.0,0.003,0.003,0.046
동아2차APT,2024-09-02 17:25,2.0,0.003,0.003,0.045
동아2차APT,2024-09-02 17:30,2.0,0.004,0.004,0.046
동아2차APT,2024-09-02 17:35,2.0,0.003,0.005,0.044
동아2차APT,2024-09-02 17:40,2.0,0.003,0.005,0.046
동아2차APT,2024-09-02 17:45,2.0,0.002,0.004,0.047
동아2차APT,2024-09-02 17:50,2.0,0.003,0.003,0.045
동아2차APT,2024-09-02 17:55,2.0,0.003,0.006,0.045
동아2차APT,2024-09-02 18:00,2.0,0.003,0.004,0.046
동아2차APT,2024-09-02 18:05,2.0,0.003,0.006,0.045
동아2차APT,2024-09-02 18:10,2.0,0.002,0.006,0.045
동아2차APT,2024-09-02 18:15,2.0,0.002,0.004,0.046
동아2차APT,2024-09-02 18:20,2.0,0.003,0.004,0.045
동아2차APT,2024-09-02 18:25,2.0,0.003,0.006,0.044
동아2차APT,2024-09-02 18:30,2.0,0.003,0.005,0.045
동아2차APT,2024-09-02 18:35,2.0,0.003,0.005,0.044
동아2차APT,2024-09-02 18:40,2.0,0.003,0.004,0.045
동아2차APT,2024-09-02 18:45,2.0,0.003,0.004,0.046
동아2차APT,2024-09-02 18:50,2.0,0.002,0.003,0.043
동아2차APT,2024-09-02 18:55,2.0,0.002,0.004,0.046
동아2차APT,2024-09-02 19:00,2.0,0.002,0.007,0.045
동아2차APT,2024-09-02 19:05,2.0,0.003,0.005,0.046
동아2차APT,2024-09-02 19:10,2.0,0.003,0.007,0.044
동아2차APT,2024-09-02 19:15,2.0,0.002,0.006,0.045
동아2차APT,2024-09-02 19:20,2.0,0.003,0.006,0.045
동아2차APT,2024-09-02 19:25,2.0,0.003,0.004,0.044
동아2차APT,2024-09-02 19:30,2.0,0.002,0.006,0.046
동아2차APT,2024-09-02 19:35,2.0,0.004,0.005,0.045
동아2차APT,2024-09-02 19:40,2.0,0.002,0.006,0.045
동아2차APT,2024-09-02 19:45,2.0,0.003,0.004,0.045
동아2차APT,2024-09-02 19:50,2.0,0.002,0.006,0.044
동아2차APT,2024-09-02 19:55,2.0,0.002,0.007,0.045
동아2차APT,2024-09-02 20:00,2.0,0.003,0.004,0.044
동아2차APT,2024-09-02 20:05,2.0,0.003,0.003,0.045
동아2차APT,2024-09-02 20:10,2.0,0.003,0.004,0.046
동아2차APT,2024-09-02 20:15,2.0,0.002,0.006,0.044
동아2차APT,2024-09-02 20:20,2.0,0.002,0.004,0.046
동아2차APT,2024-09-02 20:25,2.0,0.003,0.005,0.044
동아2차APT,2024-09-02 20:30,2.0,0.003,0.004,0.047
동아2차APT,2024-09-02 20:35,2.0,0.003,0.005,0.043
동아2차APT,2024-09-02 20:40,2.0,0.004,0.006,0.047
동아2차APT,2024-09-02 20:45,2.0,0.002,0.005,0.045
동아2차APT,2024-09-02 20:50,2.0,0.002,0.004,0.043
동아2차APT,2024-09-02 20:55,2.0,0.002,0.006,0.043
동아2차APT,2024-09-02 21:00,2.0,0.002,0.005,0.046
동아2차APT,2024-09-02 21:05,2.0,0.002,0.002,0.045
동아2차APT,2024-09-02 21:10,2.0,0.001,0.006,0.047
동아2차APT,2024-09-02 21:15,2.0,0.002,0.006,0.045
동아2차APT,2024-09-02 21:20,2.0,0.003,0.005,0.045
동아2차APT,2024-09-02 21:25,2.0,0.003,0.006,0.044
동아2차APT,2024-09-02 21:30,2.0,0.002,0.006,0.046
동아2차APT,2024-09-02 21:35,2.0,0.002,0.005,0.046
동아2차APT,2024-09-02 21:40,2.0,0.003,0.007,0.043
동아2차APT,2024-09-02 21:45,2.0,0.002,0.005,0.046
동아2차APT,2024-09-02 21:50,2.0,0.002,0.006,0.046
동아2차APT,2024-09-02 21:55,2.1,0.022,0.004,0.043
동아2차APT,2024-09-02 22:00,2.0,0.005,0.002,0.044
동아2차APT,2024-09-02 22:05,2.0,0.002,0.005,0.045
동아2차APT,2024-09-02 22:10,2.0,0.002,0.005,0.044
동아2차APT,2024-09-02 22:15,2.0,0.002,0.005,0.045
동아2차APT,2024-09-02 22:20,2.0,0.002,0.005,0.045
동아2차APT,2024-09-02 22:25,2.0,0.003,0.006,0.045
동아2차APT,2024-09-02 22:30,2.0,0.003,0.004,0.046
동아2차APT,2024-09-02 22:35,2.0,0.002,0.005,0.046
동아2차APT,2024-09-02 22:40,2.0,0.002,0.004,0.045
동아2차APT,2024-09-02 22:45,2.0,0.003,0.004,0.045
동아2차APT,2024-09-02 22:50,2.0,0.002,0.005,0.044
동아2차APT,2024-09-02 22:55,2.0,0.003,0.006,0.044
동아2차APT,2024-09-02 23:00,2.0,0.003,0.005,0.043
동아2차APT,2024-09-02 23:05,2.0,0.003,0.004,0.047
동아2차APT,2024-09-02 23:10,2.0,0.004,0.006,0.045
동아2차APT,2024-09-02 23:15,3.4,0.003,0.006,0.045
동아2차APT,2024-09-02 23:20,4.2,0.002,0.005,0.046
동아2차APT,2024-09-02 23:25,3.1,0.003,0.006,0.048
동아2차APT,2024-09-02 23:30,3.0,0.002,0.009,0.054
동아2차APT,2024-09-02 23:35,3.0,0.002,0.009,0.052
동아2차APT,2024-09-02 23:40,3.0,0.003,0.005,0.051
동아2차APT,2024-09-02 23:45,2.9,0.003,0.007,0.067
동아2차APT,2024-09-02 23:50,2.3,0.002,0.005,0.064
동아2차APT,2024-09-02 23:55,2.7,0.002,0.006,0.062
정다운 익산공장,2024-09-02 00:00,1.0,0.003,0.21,0.045
정다운 익산공장,2024-09-02 00:05,1.0,0.003,0.208,0.044
정다운 익산공장,2024-09-02 00:10,1.2,0.002,0.21,0.046
정다운 익산공장,2024-09-02 00:15,2.0,0.002,0.211,0.046
정다운 익산공장,2024-09-02 00:20,2.0,0.002,0.21,0.046
정다운 익산공장,2024-09-02 00:25,2.0,0.002,0.209,0.047
정다운 익산공장,2024-09-02 00:30,2.0,0.002,0.211,0.045
정다운 익산공장,2024-09-02 00:35,2.0,0.002,0.214,0.046
정다운 익산공장,2024-09-02 00:40,2.0,0.003,0.216,0.047
정다운 익산공장,2024-09-02 00:45,2.0,0.003,0.222,0.047
정다운 익산공장,2024-09-02 00:50,2.0,0.003,0.224,0.044
정다운 익산공장,2024-09-02 00:55,2.0,0.003,0.22,0.044
정다운 익산공장,2024-09-02 01:00,2.0,0.003,0.214,0.046
정다운 익산공장,2024-09-02 01:05,2.0,0.002,0.212,0.045
정다운 익산공장,2024-09-02 01:10,2.0,0.003,0.211,0.044
정다운 익산공장,2024-09-02 01:15,2.0,0.003,0.211,0.044
정다운 익산공장,2024-09-02 01:20,2.0,0.002,0.203,0.047
정다운 익산공장,2024-09-02 01:25,2.0,0.003,0.196,0.045
정다운 익산공장,2024-09-02 01:30,2.0,0.004,0.214,0.043
정다운 익산공장,2024-09-02 01:35,2.0,0.003,0.198,0.047
정다운 익산공장,2024-09-02 01:40,2.0,0.002,0.205,0.046
정다운 익산공장,2024-09-02 01:45,2.0,0.002,0.215,0.044
정다운 익산공장,2024-09-02 01:50,2.0,0.002,0.182,0.046
정다운 익산공장,2024-09-02 01:55,2.0,0.002,0.208,0.045
정다운 익산공장,2024-09-02 02:00,2.0,0.003,0.189,0.045
정다운 익산공장,2024-09-02 02:05,2.2,0.002,0.189,0.046
정다운 익산공장,2024-09-02 02:10,3.6,0.002,0.191,0.046
정다운 익산공장,2024-09-02 02:15,3.0,0.001,0.174,0.048
정다운 익산공장,2024-09-02 02:20,3.0,0.002,0.173,0.046
정다운 익산공장,2024-09-02 02:25,3.0,0.002,0.174,0.044
정다운 익산공장,2024-09-02 02:30,3.0,0.002,0.169,0.046
정다운 익산공장,2024-09-02 02:35,3.0,0.002,0.166,0.043
정다운 익산공장,2024-09-02 02:40,3.0,0.003,0.164,0.043
정다운 익산공장,2024-09-02 02:45,3.0,0.002,0.167,0.044
정다운 익산공장,2024-09-02 02:50,2.9,0.003,0.162,0.043
정다운 익산공장,2024-09-02 02:55,3.0,0.002,0.162,0.044
정다운 익산공장,2024-09-02 03:00,3.0,0.003,0.159,0.046
정다운 익산공장,2024-09-02 03:05,3.0,0.003,0.167,0.044
정다운 익산공장,2024-09-02 03:10,2.1,0.002,0.157,0.045
정다운 익산공장,2024-09-02 03:15,2.0,0.002,0.158,0.043
정다운 익산공장,2024-09-02 03:20,2.4,0.002,0.159,0.045
정다운 익산공장,2024-09-02 03:25,3.0,0.002,0.155,0.044
정다운 익산공장,2024-09-02 03:30,3.0,0.002,0.153,0.048
정다운 익산공장,2024-09-02 03:35,3.0,0.002,0.154,0.044
정다운 익산공장,2024-09-02 03:40,3.6,0.002,0.151,0.047
정다운 익산공장,2024-09-02 03:45,2.7,0.003,0.158,0.044
정다운 익산공장,2024-09-02 03:50,2.0,0.003,0.156,0.046
정다운 익산공장,2024-09-02 03:55,2.0,0.002,0.157,0.044
정다운 익산공장,2024-09-02 04:00,2.0,0.002,0.162,0.045
정다운 익산공장,2024-09-02 04:05,2.0,0.003,0.155,0.045
정다운 익산공장,2024-09-02 04:10,2.0,0.003,0.156,0.045
정다운 익산공장,2024-09-02 04:15,2.0,0.002,0.153,0.045
정다운 익산공장,2024-09-02 04:20,2.0,0.003,0.157,0.046
정다운 익산공장,2024-09-02 04:25,2.0,0.003,0.153,0.044
정다운 익산공장,2024-09-02 04:30,2.0,0.001,0.154,0.046
정다운 익산공장,2024-09-02 04:35,2.0,0.003,0.157,0.045
정다운 익산공장,2024-09-02 04:40,2.0,0.003,0.161,0.045
정다운 익산공장,2024-09-02 04:45,2.0,0.003,0.16,0.045
정다운 익산공장,2024-09-02 04:50,2.0,0.003,0.157,0.045
정다운 익산공장,2024-09-02 04:55,2.0,0.003,0.152,0.043
정다운 익산공장,2024-09-02 05:00,2.0,0.003,0.156,0.045
정다운 익산공장,2024-09-02 05:05,2.0,0.002,0.152,0.045
정다운 익산공장,2024-09-02 05:10,2.0,0.002,0.151,0.044
정다운 익산공장,2024-09-02 05:15,2.0,0.001,0.151,0.047
정다운 익산공장,2024-09-02 05:20,2.0,0.003,0.151,0.042
정다운 익산공장,2024-09-02 05:25,2.0,0.002,0.15,0.045
정다운 익산공장,2024-09-02 05:30,2.0,0.003,0.145,0.045
정다운 익산공장,2024-09-02 05:35,2.0,0.002,0.158,0.044
정다운 익산공장,2024-09-02 05:40,2.0,0.003,0.145,0.045
정다운 익산공장,2024-09-02 05:45,2.0,0.004,0.153,0.047
정다운 익산공장,2024-09-02 05:50,2.0,0.002,0.147,0.047
정다운 익산공장,2024-09-02 05:55,2.0,0.002,0.143,0.046
정다운 익산공장,2024-09-02 06:00,2.0,0.002,0.146,0.045
정다운 익산공장,2024-09-02 06:05,2.0,0.003,0.145,0.046
정다운 익산공장,2024-09-02 06:10,2.0,0.003,0.141,0.046
정다운 익산공장,2024-09-02 06:15,2.0,0.002,0.152,0.045
정다운 익산공장,2024-09-02 06:20,2.1,0.003,0.147,0.044
정다운 익산공장,2024-09-02 06:25,2.0,0.003,0.148,0.045
정다운 익산공장,2024-09-02 06:30,2.0,0.003,0.153,0.045
정다운 익산공장,2024-09-02 06:35,2.5,0.004,0.15,0.045
정다운 익산공장,2024-09-02 06:40,3.0,0.002,0.155,0.043
정다운 익산공장,2024-09-02 06:45,3.0,0.002,0.151,0.045
정다운 익산공장,2024-09-02 06:50,3.0,0.002,0.163,0.044
정다운 익산공장,2024-09-02 06:55,3.0,0.003,0.163,0.045
정다운 익산공장,2024-09-02 07:00,3.0,0.002,0.164,0.045
정다운 익산공장,2024-09-02 07:05,3.0,0.003,0.164,0.044
정다운 익산공장,2024-09-02 07:10,3.0,0.002,0.157,0.044
정다운 익산공장,2024-09-02 07:15,3.0,0.002,0.152,0.046
정다운 익산공장,2024-09-02 07:20,3.0,0.002,0.15,0.047
정다운 익산공장,2024-09-02 07:25,2.7,0.002,0.143,0.045
정다운 익산공장,2024-09-02 07:30,2.3,0.003,0.137,0.044
정다운 익산공장,2024-09-02 07:35,2.9,0.003,0.128,0.045
정다운 익산공장,2024-09-02 07:40,2.7,0.002,0.122,0.046
정다운 익산공장,2024-09-02 07:45,2.0,0.003,0.118,0.046
정다운 익산공장,2024-09-02 07:50,2.0,0.003,0.115,0.046
정다운 익산공장,2024-09-02 07:55,2.0,0.003,0.12,0.044
정다운 익산공장,2024-09-02 08:00,2.0,0.002,0.118,0.044
정다운 익산공장,2024-09-02 08:05,2.0,0.002,0.123,0.047
정다운 익산공장,2024-09-02 08:10,2.0,0.003,0.129,0.044
정다운 익산공장,2024-09-02 08:15,2.0,0.003,0.136,0.046
정다운 익산공장,2024-09-02 08:20,2.0,0.002,0.133,0.045
정다운 익산공장,2024-09-02 08:25,2.0,0.003,0.13,0.046
정다운 익산공장,2024-09-02 08:30,2.0,0.002,0.124,0.045
정다운 익산공장,2024-09-02 08:35,2.2,0.002,0.118,0.046
정다운 익산공장,2024-09-02 08:40,2.0,0.003,0.112,0.043
정다운 익산공장,2024-09-02 08:45,2.0,0.003,0.107,0.045
정다운 익산공장,2024-09-02 08:50,2.0,0.002,0.103,0.046
정다운 익산공장,2024-09-02 08:55,2.5,0.003,0.092,0.045
정다운 익산공장,2024-09-02 09:00,2.0,0.002,0.088,0.044
정다운 익산공장,2024-09-02 09:05,1.1,0.003,0.091,0.044
정다운 익산공장,2024-09-02 09:10,2.1,0.003,0.085,0.046
정다운 익산공장,2024-09-02 09:15,2.7,0.002,0.078,0.045
정다운 익산공장,2024-09-02 09:20,2.6,0.003,0.092,0.046
정다운 익산공장,2024-09-02 09:25,2.1,0.002,0.097,0.046
정다운 익산공장,2024-09-02 09:30,2.0,0.002,0.104,0.045
정다운 익산공장,2024-09-02 09:35,1.5,0.002,0.111,0.045
정다운 익산공장,2024-09-02 09:40,1.5,0.001,0.11,0.046
정다운 익산공장,2024-09-02 09:45,1.0,0.002,0.104,0.045
정다운 익산공장,2024-09-02 09:50,1.0,0.002,0.107,0.045
정다운 익산공장,2024-09-02 09:55,1.0,0.003,0.103,0.044
정다운 익산공장,2024-09-02 10:00,1.0,0.003,0.098,0.046
정다운 익산공장,2024-09-02 10:05,1.0,0.003,0.091,0.045
정다운 익산공장,2024-09-02 10:10,1.7,0.002,0.091,0.045
정다운 익산공장,2024-09-02 10:15,1.6,0.002,0.094,0.045
정다운 익산공장,2024-09-02 10:20,2.0,0.003,0.091,0.045
정다운 익산공장,2024-09-02 10:25,1.2,0.003,0.083,0.044
정다운 익산공장,2024-09-02 10:30,1.1,0.003,0.084,0.045
정다운 익산공장,2024-09-02 10:35,1.7,0.002,0.078,0.044
정다운 익산공장,2024-09-02 10:40,1.3,0.002,0.079,0.046
정다운 익산공장,2024-09-02 10:45,1.8,0.002,0.062,0.044
정다운 익산공장,2024-09-02 10:50,1.0,0.003,0.063,0.045
정다운 익산공장,2024-09-02 10:55,1.0,0.003,0.042,0.043
정다운 익산공장,2024-09-02 11:00,1.0,0.002,0.031,0.047
정다운 익산공장,2024-09-02 11:05,1.0,0.004,0.015,0.044
정다운 익산공장,2024-09-02 11:10,1.0,0.002,0.028,0.045
정다운 익산공장,2024-09-02 11:15,1.0,0.003,0.006,0.045
정다운 익산공장,2024-09-02 11:20,1.0,0.003,0.006,0.044
정다운 익산공장,2024-09-02 11:25,1.0,0.002,0.005,0.046
정다운 익산공장,2024-09-02 11:30,1.0,0.002,0.051,0.045
정다운 익산공장,2024-09-02 11:35,1.0,0.002,0.088,0.046
정다운 익산공장,2024-09-02 11:40,1.0,0.002,0.098,0.045
정다운 익산공장,2024-09-02 11:45,1.0,0.002,0.104,0.045
정다운 익산공장,2024-09-02 11:50,1.0,0.003,0.118,0.044
정다운 익산공장,2024-09-02 11:55,1.0,0.003,0.134,0.045
정다운 익산공장,2024-09-02 12:00,1.0,0.002,0.132,0.046
정다운 익산공장,2024-09-02 12:05,1.0,0.003,0.14,0.046
정다운 익산공장,2024-09-02 12:10,1.0,0.002,0.148,0.045
정다운 익산공장,2024-09-02 12:15,1.0,0.002,0.147,0.044
정다운 익산공장,2024-09-02 12:20,1.0,0.003,0.135,0.045
정다운 익산공장,2024-09-02 12:25,1.0,0.003,0.13,0.045
정다운 익산공장,2024-09-02 12:30,1.0,0.003,0.121,0.047
정다운 익산공장,2024-09-02 12:35,1.0,0.002,0.133,0.046
정다운 익산공장,2024-09-02 12:40,1.0,0.003,0.142,0.048
정다운 익산공장,2024-09-02 12:45,1.0,0.003,0.149,0.045
정다운 익산공장,2024-09-02 12:50,1.0,0.002,0.131,0.043
정다운 익산공장,2024-09-02 12:55,1.0,0.004,0.139,0.045
정다운 익산공장,2024-09-02 13:00,1.0,0.003,0.117,0.044
정다운 익산공장,2024-09-02 13:05,1.0,0.002,0.113,0.044
정다운 익산공장,2024-09-02 13:10,1.0,0.003,0.106,0.045
정다운 익산공장,2024-09-02 13:15,1.0,0.002,0.096,0.044
정다운 익산공장,2024-09-02 13:20,1.0,0.004,0.107,0.047
정다운 익산공장,2024-09-02 13:25,1.0,0.002,0.105,0.045
정다운 익산공장,2024-09-02 13:30,1.0,0.002,0.089,0.046
정다운 익산공장,2024-09-02 13:35,1.0,0.002,0.09,0.043
정다운 익산공장,2024-09-02 13:40,1.0,0.003,0.08,0.045
정다운 익산공장,2024-09-02 13:45,1.0,0.002,0.087,0.044
정다운 익산공장,2024-09-02 13:50,1.0,0.004,0.071,0.047
정다운 익산공장,2024-09-02 13:55,1.0,0.003,0.071,0.047
정다운 익산공장,2024-09-02 14:00,1.0,0.002,0.069,0.045
정다운 익산공장,2024-09-02 14:05,1.0,0.003,0.083,0.045
정다운 익산공장,2024-09-02 14:10,1.0,0.002,0.091,0.044
정다운 익산공장,2024-09-02 14:15,1.0,0.002,0.108,0.044
정다운 익산공장,2024-09-02 14:20,1.0,0.003,0.113,0.044
정다운 익산공장,2024-09-02 14:25,1.0,0.002,0.116,0.044
정다운 익산공장,2024-09-02 14:30,1.0,0.002,0.114,0.044
정다운 익산공장,2024-09-02 14:35,1.0,0.003,0.112,0.044
정다운 익산공장,2024-09-02 14:40,1.0,0.003,0.105,0.044
정다운 익산공장,2024-09-02 14:45,1.0,0.002,0.113,0.045
정다운 익산공장,2024-09-02 14:50,1.0,0.002,0.103,0.047
정다운 익산공장,2024-09-02 14:55,1.0,0.003,0.122,0.046
정다운 익산공장,2024-09-02 15:00,1.0,0.003,0.119,0.046
정다운 익산공장,2024-09-02 15:05,1.0,0.002,0.13,0.044
정다운 익산공장,2024-09-02 15:10,1.0,0.001,0.126,0.043
정다운 익산공장,2024-09-02 15:15,1.0,0.001,0.133,0.044
정다운 익산공장,2024-09-02 15:20,1.0,0.002,0.145,0.046
정다운 익산공장,2024-09-02 15:25,1.0,0.003,0.144,0.044
정다운 익산공장,2024-09-02 15:30,1.0,0.003,0.141,0.045
정다운 익산공장,2024-09-02 15:35,1.0,0.003,0.135,0.044
정다운 익산공장,2024-09-02 15:40,1.0,0.003,0.133,0.045
정다운 익산공장,2024-09-02 15:45,1.0,0.002,0.145,0.044
정다운 익산공장,2024-09-02 15:50,1.0,0.002,0.121,0.045
정다운 익산공장,2024-09-02 15:55,1.0,0.002,0.123,0.045
정다운 익산공장,2024-09-02 16:00,1.0,0.002,0.12,0.045
정다운 익산공장,2024-09-02 16:05,1.0,0.003,0.125,0.043
정다운 익산공장,2024-09-02 16:10,1.0,0.003,0.12,0.045
정다운 익산공장,2024-09-02 16:15,1.0,0.003,0.115,0.045
정다운 익산공장,2024-09-02 16:20,1.0,0.002,0.105,0.045
정다운 익산공장,2024-09-02 16:25,1.0,0.002,0.094,0.045
정다운 익산공장,2024-09-02 16:30,1.0,0.002,0.106,0.044
정다운 익산공장,2024-09-02 16:35,1.0,0.002,0.131,0.043
정다운 익산공장,2024-09-02 16:40,1.0,0.003,0.126,0.044
정다운 익산공장,2024-09-02 16:45,1.0,0.003,0.122,0.044
정다운 익산공장,2024-09-02 16:50,1.0,0.003,0.106,0.044
정다운 익산공장,2024-09-02 16:55,1.0,0.003,0.109,0.045
정다운 익산공장,2024-09-02 17:00,1.0,0.003,0.12,0.045
정다운 익산공장,2024-09-02 17:05,1.0,0.002,0.108,0.045
정다운 익산공장,2024-09-02 17:10,1.0,0.003,0.103,0.043
정다운 익산공장,2024-09-02 17:15,1.0,0.002,0.103,0.045
정다운 익산공장,2024-09-02 17:20,1.0,0.002,0.089,0.044
정다운 익산공장,2024-09-02 17:25,1.0,0.002,0.106,0.047
정다운 익산공장,2024-09-02 17:30,1.0,0.002,0.118,0.047
정다운 익산공장,2024-09-02 17:35,1.0,0.003,0.127,0.044
정다운 익산공장,2024-09-02 17:40,1.0,0.003,0.118,0.047
정다운 익산공장,2024-09-02 17:45,1.0,0.002,0.115,0.044
정다운 익산공장,2024-09-02 17:50,1.0,0.003,0.112,0.046
정다운 익산공장,2024-09-02 17:55,1.0,0.002,0.111,0.046
정다운 익산공장,2024-09-02 18:00,1.0,0.003,0.118,0.046
정다운 익산공장,2024-09-02 18:05,1.0,0.002,0.119,0.044
정다운 익산공장,2024-09-02 18:10,1.0,0.003,0.128,0.047
정다운 익산공장,2024-09-02 18:15,1.0,0.003,0.134,0.044
정다운 익산공장,2024-09-02 18:20,1.0,0.002,0.147,0.045
정다운 익산공장,2024-09-02 18:25,1.0,0.003,0.16,0.046
정다운 익산공장,2024-09-02 18:30,1.0,0.002,0.172,0.044
정다운 익산공장,2024-09-02 18:35,1.0,0.003,0.175,0.044
정다운 익산공장,2024-09-02 18:40,1.0,0.003,0.177,0.046
정다운 익산공장,2024-09-02 18:45,1.0,0.003,0.173,0.046
정다운 익산공장,2024-09-02 18:50,1.0,0.002,0.163,0.045
정다운 익산공장,2024-09-02 18:55,1.0,0.002,0.172,0.045
정다운 익산공장,2024-09-02 19:00,1.0,0.002,0.18,0.045
정다운 익산공장,2024-09-02 19:05,1.0,0.002,0.183,0.044
정다운 익산공장,2024-09-02 19:10,1.1,0.003,0.189,0.045
정다운 익산공장,2024-09-02 19:15,2.0,0.004,0.197,0.045
정다운 익산공장,2024-09-02 19:20,2.0,0.003,0.202,0.046
정다운 익산공장,2024-09-02 19:25,2.0,0.003,0.207,0.046
정다운 익산공장,2024-09-02 19:30,2.0,0.002,0.21,0.044
정다운 익산공장,2024-09-02 19:35,2.0,0.002,0.214,0.045
정다운 익산공장,2024-09-02 19:40,2.0,0.002,0.217,0.045
정다운 익산공장,2024-09-02 19:45,2.0,0.003,0.217,0.044
정다운 익산공장,2024-09-02 19:50,2.0,0.003,0.204,0.045
정다운 익산공장,2024-09-02 19:55,1.8,0.003,0.198,0.045
정다운 익산공장,2024-09-02 20:00,1.4,0.002,0.192,0.045
정다운 익산공장,2024-09-02 20:05,2.0,0.002,0.205,0.047
정다운 익산공장,2024-09-02 20:10,2.0,0.003,0.201,0.045
정다운 익산공장,2024-09-02 20:15,2.0,0.003,0.195,0.046
정다운 익산공장,2024-09-02 20:20,2.0,0.002,0.201,0.047
정다운 익산공장,2024-09-02 20:25,2.0,0.006,0.213,0.045
정다운 익산공장,2024-09-02 20:30,2.0,0.007,0.22,0.045
정다운 익산공장,2024-09-02 20:35,2.0,0.006,0.222,0.045
정다운 익산공장,2024-09-02 20:40,2.0,0.007,0.224,0.046
정다운 익산공장,2024-09-02 20:45,2.0,0.004,0.223,0.045
정다운 익산공장,2024-09-02 20:50,2.0,0.003,0.217,0.046
정다운 익산공장,2024-09-02 20:55,2.0,0.003,0.22,0.045
정다운 익산공장,2024-09-02 21:00,2.0,0.002,0.22,0.044
정다운 익산공장,2024-09-02 21:05,2.0,0.003,0.223,0.046
정다운 익산공장,2024-09-02 21:10,2.0,0.006,0.223,0.046
정다운 익산공장,2024-09-02 21:15,2.0,0.002,0.212,0.046
정다운 익산공장,2024-09-02 21:20,2.0,0.003,0.206,0.045
정다운 익산공장,2024-09-02 21:25,2.0,0.003,0.203,0.045
정다운 익산공장,2024-09-02 21:30,2.0,0.008,0.205,0.045
정다운 익산공장,2024-09-02 21:35,2.0,0.006,0.206,0.044
정다운 익산공장,2024-09-02 21:40,2.0,0.002,0.202,0.044
정다운 익산공장,2024-09-02 21:45,2.0,0.003,0.198,0.046
정다운 익산공장,2024-09-02 21:50,2.0,0.003,0.2,0.044
정다운 익산공장,2024-09-02 21:55,2.0,0.003,0.199,0.045
정다운 익산공장,2024-09-02 22:00,2.0,0.003,0.202,0.044
정다운 익산공장,2024-09-02 22:05,2.0,0.004,0.201,0.045
정다운 익산공장,2024-09-02 22:10,2.0,0.003,0.207,0.043
정다운 익산공장,2024-09-02 22:15,2.0,0.003,0.203,0.045
정다운 익산공장,2024-09-02 22:20,2.0,0.003,0.206,0.048
정다운 익산공장,2024-09-02 22:25,2.0,0.002,0.206,0.045
정다운 익산공장,2024-09-02 22:30,2.0,0.003,0.204,0.045
정다운 익산공장,2024-09-02 22:35,2.0,0.002,0.199,0.043
정다운 익산공장,2024-09-02 22:40,2.0,0.003,0.192,0.044
정다운 익산공장,2024-09-02 22:45,2.0,0.003,0.195,0.045
정다운 익산공장,2024-09-02 22:50,2.0,0.003,0.197,0.041
정다운 익산공장,2024-09-02 22:55,2.0,0.002,0.197,0.045
정다운 익산공장,2024-09-02 23:00,2.0,0.006,0.194,0.045
정다운 익산공장,2024-09-02 23:05,2.0,0.004,0.194,0.044
정다운 익산공장,2024-09-02 23:10,2.0,0.005,0.194,0.045
정다운 익산공장,2024-09-02 23:15,2.0,0.008,0.191,0.044
정다운 익산공장,2024-09-02 23:20,2.0,0.002,0.184,0.046
정다운 익산공장,2024-09-02 23:25,2.0,0.003,0.183,0.045
정다운 익산공장,2024-09-02 23:30,2.0,0.003,0.181,0.044
정다운 익산공장,2024-09-02 23:35,2.0,0.002,0.186,0.044
정다운 익산공장,2024-09-02 23:40,2.0,0.001,0.18,0.045
정다운 익산공장,2024-09-02 23:45,2.0,0.003,0.181,0.047
정다운 익산공장,2024-09-02 23:50,2.0,0.002,0.18,0.045
정다운 익산공장,2024-09-02 23:55,2.0,0.003,0.177,0.045
더반포레 APT,2024-09-02 00:00,1.0,0.003,0.006,0.046
더반포레 APT,2024-09-02 00:05,1.0,0.003,0.004,0.045
더반포레 APT,2024-09-02 00:10,1.0,0.002,0.004,0.044
더반포레 APT,2024-09-02 00:15,1.0,0.003,0.004,0.043
더반포레 APT,2024-09-02 00:20,1.0,0.002,0.006,0.046
더반포레 APT,2024-09-02 00:25,1.0,0.003,0.009,0.044
더반포레 APT,2024-09-02 00:30,1.0,0.003,0.007,0.046
더반포레 APT,2024-09-02 00:35,1.0,0.002,0.005,0.045
더반포레 APT,2024-09-02 00:40,1.0,0.003,0.005,0.045
더반포레 APT,2024-09-02 00:45,1.0,0.003,0.003,0.045
더반포레 APT,2024-09-02 00:50,1.0,0.002,0.004,0.045
더반포레 APT,2024-09-02 00:55,1.0,0.001,0.007,0.046
더반포레 APT,2024-09-02 01:00,1.0,0.003,0.006,0.046
더반포레 APT,2024-09-02 01:05,1.6,0.003,0.005,0.046
더반포레 APT,2024-09-02 01:10,2.0,0.002,0.005,0.045
더반포레 APT,2024-09-02 01:15,2.0,0.002,0.006,0.046
더반포레 APT,2024-09-02 01:20,1.6,0.002,0.004,0.046
더반포레 APT,2024-09-02 01:25,1.0,0.002,0.006,0.043
더반포레 APT,2024-09-02 01:30,1.0,0.002,0.002,0.045
더반포레 APT,2024-09-02 01:35,1.8,0.003,0.005,0.045
더반포레 APT,2024-09-02 01:40,1.3,0.002,0.007,0.045
더반포레 APT,2024-09-02 01:45,1.2,0.002,0.004,0.044
더반포레 APT,2024-09-02 01:50,1.0,0.002,0.005,0.047
더반포레 APT,2024-09-02 01:55,1.0,0.002,0.006,0.044
더반포레 APT,2024-09-02 02:00,1.0,0.003,0.022,0.044
더반포레 APT,2024-09-02 02:05,1.0,0.003,0.016,0.046
더반포레 APT,2024-09-02 02:10,1.0,0.003,0.007,0.045
더반포레 APT,2024-09-02 02:15,1.0,0.004,0.005,0.045
더반포레 APT,2024-09-02 02:20,1.0,0.002,0.004,0.046
더반포레 APT,2024-09-02 02:25,1.0,0.002,0.003,0.046
더반포레 APT,2024-09-02 02:30,1.0,0.003,0.005,0.045
더반포레 APT,2024-09-02 02:35,1.0,0.001,0.003,0.045
더반포레 APT,2024-09-02 02:40,1.0,0.002,0.004,0.045
더반포레 APT,2024-09-02 02:45,1.0,0.003,0.005,0.046
더반포레 APT,2024-09-02 02:50,1.0,0.003,0.004,0.046
더반포레 APT,2024-09-02 02:55,1.0,0.002,0.005,0.045
더반포레 APT,2024-09-02 03:00,1.0,0.004,0.004,0.045
더반포레 APT,2024-09-02 03:05,1.0,0.002,0.006,0.045
더반포레 APT,2024-09-02 03:10,1.0,0.003,0.004,0.045
더반포레 APT,2024-09-02 03:15,1.0,0.002,0.007,0.046
더반포레 APT,2024-09-02 03:20,1.0,0.002,0.004,0.044
더반포레 APT,2024-09-02 03:25,1.0,0.004,0.005,0.046
더반포레 APT,2024-09-02 03:30,1.0,0.004,0.005,0.045
더반포레 APT,2024-09-02 03:35,1.0,0.011,0.007,0.043
더반포레 APT,2024-09-02 03:40,1.0,0.004,0.004,0.045
더반포레 APT,2024-09-02 03:45,1.0,0.001,0.006,0.044
더반포레 APT,2024-09-02 03:50,1.0,0.002,0.003,0.046
더반포레 APT,2024-09-02 03:55,1.0,0.003,0.006,0.044
더반포레 APT,2024-09-02 04:00,1.0,0.002,0.004,0.044
더반포레 APT,2024-09-02 04:05,1.0,0.003,0.006,0.047
더반포레 APT,2024-09-02 04:10,1.0,0.003,0.004,0.044
더반포레 APT,2024-09-02 04:15,1.0,0.003,0.005,0.045
더반포레 APT,2024-09-02 04:20,1.0,0.002,0.005,0.046
더반포레 APT,2024-09-02 04:25,1.0,0.003,0.007,0.044
더반포레 APT,2024-09-02 04:30,1.0,0.003,0.004,0.047
더반포레 APT,2024-09-02 04:35,1.0,0.003,0.004,0.045
더반포레 APT,2024-09-02 04:40,1.0,0.002,0.005,0.045
더반포레 APT,2024-09-02 04:45,1.0,0.003,0.005,0.047
더반포레 APT,2024-09-02 04:50,1.0,0.003,0.006,0.046
더반포레 APT,2024-09-02 04:55,1.0,0.003,0.004,0.045
더반포레 APT,2024-09-02 05:00,1.0,0.003,0.006,0.045
더반포레 APT,2024-09-02 05:05,1.0,0.003,0.005,0.044
더반포레 APT,2024-09-02 05:10,1.0,0.002,0.004,0.044
더반포레 APT,2024-09-02 05:15,1.0,0.003,0.007,0.046
더반포레 APT,2024-09-02 05:20,1.0,0.002,0.005,0.046
더반포레 APT,2024-09-02 05:25,1.0,0.003,0.004,0.043
더반포레 APT,2024-09-02 05:30,1.0,0.003,0.005,0.044
더반포레 APT,2024-09-02 05:35,1.0,0.002,0.005,0.044
더반포레 APT,2024-09-02 05:40,1.0,0.002,0.003,0.045
더반포레 APT,2024-09-02 05:45,1.0,0.002,0.004,0.045
더반포레 APT,2024-09-02 05:50,1.0,0.002,0.005,0.042
더반포레 APT,2024-09-02 05:55,1.9,0.002,0.005,0.046
더반포레 APT,2024-09-02 06:00,2.0,0.003,0.005,0.045
더반포레 APT,2024-09-02 06:05,2.0,0.003,0.005,0.046
더반포레 APT,2024-09-02 06:10,2.0,0.002,0.004,0.046
더반포레 APT,2024-09-02 06:15,2.0,0.002,0.006,0.046
더반포레 APT,2024-09-02 06:20,2.0,0.005,0.005,0.045
더반포레 APT,2024-09-02 06:25,2.0,0.006,0.004,0.044
더반포레 APT,2024-09-02 06:30,2.0,0.003,0.005,0.049
더반포레 APT,2024-09-02 06:35,2.0,0.003,0.005,0.046
더반포레 APT,2024-09-02 06:40,2.0,0.002,0.004,0.045
더반포레 APT,2024-09-02 06:45,2.0,0.003,0.005,0.046
더반포레 APT,2024-09-02 06:50,2.0,0.003,0.006,0.044
더반포레 APT,2024-09-02 06:55,2.0,0.003,0.004,0.047
더반포레 APT,2024-09-02 07:00,2.0,0.002,0.006,0.044
더반포레 APT,2024-09-02 07:05,2.0,0.003,0.005,0.046
더반포레 APT,2024-09-02 07:10,2.0,0.001,0.005,0.045
더반포레 APT,2024-09-02 07:15,2.0,0.003,0.003,0.046
더반포레 APT,2024-09-02 07:20,2.0,0.002,0.005,0.045
더반포레 APT,2024-09-02 07:25,2.0,0.002,0.004,0.045
더반포레 APT,2024-09-02 07:30,2.0,0.002,0.006,0.045
더반포레 APT,2024-09-02 07:35,2.0,0.003,0.004,0.045
더반포레 APT,2024-09-02 07:40,2.0,0.003,0.005,0.045
더반포레 APT,2024-09-02 07:45,2.0,0.003,0.005,0.045
더반포레 APT,2024-09-02 07:50,1.3,0.003,0.005,0.045
더반포레 APT,2024-09-02 07:55,1.0,0.003,0.006,0.045
더반포레 APT,2024-09-02 08:00,1.0,0.003,0.005,0.044
더반포레 APT,2024-09-02 08:05,1.0,0.002,0.005,0.045
더반포레 APT,2024-09-02 08:10,1.0,0.002,0.005,0.045
더반포레 APT,2024-09-02 08:15,1.0,0.002,0.005,0.047
더반포레 APT,2024-09-02 08:20,1.5,0.003,0.005,0.045
더반포레 APT,2024-09-02 08:25,1.9,0.002,0.004,0.046
더반포레 APT,2024-09-02 08:30,2.0,0.002,0.005,0.046
더반포레 APT,2024-09-02 08:35,2.0,0.003,0.002,0.046
더반포레 APT,2024-09-02 08:40,2.0,0.002,0.004,0.045
더반포레 APT,2024-09-02 08:45,2.0,0.003,0.004,0.044
더반포레 APT,2024-09-02 08:50,1.9,0.003,0.006,0.045
더반포레 APT,2024-09-02 08:55,1.5,0.002,0.006,0.046
더반포레 APT,2024-09-02 09:00,2.0,0.003,0.005,0.045
더반포레 APT,2024-09-02 09:05,1.5,0.002,0.006,0.044
더반포레 APT,2024-09-02 09:10,1.3,0.003,0.005,0.045
더반포레 APT,2024-09-02 09:15,2.0,0.002,0.006,0.047
더반포레 APT,2024-09-02 09:20,2.0,0.003,0.005,0.044
더반포레 APT,2024-09-02 09:25,1.8,0.002,0.006,0.043
더반포레 APT,2024-09-02 09:30,1.7,0.001,0.003,0.045
더반포레 APT,2024-09-02 09:35,1.9,0.002,0.006,0.044
더반포레 APT,2024-09-02 09:40,2.0,0.003,0.005,0.045
더반포레 APT,2024-09-02 09:45,1.0,0.002,0.006,0.045
더반포레 APT,2024-09-02 09:50,1.3,0.003,0.005,0.044
더반포레 APT,2024-09-02 09:55,1.1,0.002,0.005,0.046
더반포레 APT,2024-09-02 10:00,1.2,0.002,0.004,0.045
더반포레 APT,2024-09-02 10:05,1.1,0.002,0.006,0.043
더반포레 APT,2024-09-02 10:10,1.1,0.003,0.006,0.045
더반포레 APT,2024-09-02 10:15,1.4,0.003,0.006,0.046
더반포레 APT,2024-09-02 10:20,1.0,0.002,0.005,0.043
더반포레 APT,2024-09-02 10:25,1.0,0.003,0.005,0.046
더반포레 APT,2024-09-02 10:30,1.1,0.003,0.007,0.045
더반포레 APT,2024-09-02 10:35,1.0,0.002,0.004,0.045
더반포레 APT,2024-09-02 10:40,1.0,0.003,0.005,0.043
더반포레 APT,2024-09-02 10:45,1.0,0.003,0.005,0.044
더반포레 APT,2024-09-02 10:50,1.0,0.002,0.006,0.045
더반포레 APT,2024-09-02 10:55,1.0,0.002,0.005,0.046
더반포레 APT,2024-09-02 11:00,1.0,0.003,0.005,0.044
더반포레 APT,2024-09-02 11:05,1.0,0.002,0.007,0.045
더반포레 APT,2024-09-02 11:10,1.0,0.002,0.006,0.046
더반포레 APT,2024-09-02 11:15,1.0,0.003,0.006,0.046
더반포레 APT,2024-09-02 11:20,1.0,0.003,0.005,0.043
더반포레 APT,2024-09-02 11:25,1.0,0.002,0.005,0.045
더반포레 APT,2024-09-02 11:30,1.0,0.002,0.005,0.046
더반포레 APT,2024-09-02 11:35,1.0,0.002,0.006,0.044
더반포레 APT,2024-09-02 11:40,1.0,0.003,0.005,0.044
더반포레 APT,2024-09-02 11:45,1.0,0.002,0.003,0.045
더반포레 APT,2024-09-02 11:50,1.0,0.003,0.006,0.045
더반포레 APT,2024-09-02 11:55,1.0,0.004,0.004,0.045
더반포레 APT,2024-09-02 12:00,1.0,0.003,0.004,0.045
더반포레 APT,2024-09-02 12:05,1.0,0.002,0.005,0.044
더반포레 APT,2024-09-02 12:10,1.0,0.003,0.006,0.046
더반포레 APT,2024-09-02 12:15,1.0,0.003,0.005,0.045
더반포레 APT,2024-09-02 12:20,1.0,0.003,0.006,0.044
더반포레 APT,2024-09-02 12:25,1.0,0.003,0.004,0.045
더반포레 APT,2024-09-02 12:30,1.0,0.002,0.004,0.043
더반포레 APT,2024-09-02 12:35,1.0,0.003,0.007,0.045
더반포레 APT,2024-09-02 12:40,1.0,0.003,0.006,0.044
더반포레 APT,2024-09-02 12:45,1.0,0.003,0.007,0.045
더반포레 APT,2024-09-02 12:50,1.0,0.004,0.005,0.045
더반포레 APT,2024-09-02 12:55,1.0,0.002,0.005,0.044
더반포레 APT,2024-09-02 13:00,1.0,0.003,0.005,0.046
더반포레 APT,2024-09-02 13:05,1.1,0.003,0.006,0.045
더반포레 APT,2024-09-02 13:10,1.7,0.003,0.006,0.045
더반포레 APT,2024-09-02 13:15,1.9,0.004,0.003,0.045
더반포레 APT,2024-09-02 13:20,1.8,0.002,0.005,0.045
더반포레 APT,2024-09-02 13:25,1.8,0.002,0.005,0.044
더반포레 APT,2024-09-02 13:30,2.0,0.003,0.005,0.046
더반포레 APT,2024-09-02 13:35,2.0,0.003,0.005,0.044
더반포레 APT,2024-09-02 13:40,2.0,0.003,0.005,0.046
더반포레 APT,2024-09-02 13:45,2.0,0.002,0.004,0.045
더반포레 APT,2024-09-02 13:50,1.9,0.003,0.004,0.046
더반포레 APT,2024-09-02 13:55,1.7,0.004,0.003,0.044
더반포레 APT,2024-09-02 14:00,1.6,0.003,0.004,0.044
더반포레 APT,2024-09-02 14:05,2.0,0.002,0.005,0.046
더반포레 APT,2024-09-02 14:10,2.0,0.003,0.005,0.043
더반포레 APT,2024-09-02 14:15,2.0,0.003,0.006,0.044
더반포레 APT,2024-09-02 14:20,2.0,0.003,0.003,0.045
더반포레 APT,2024-09-02 14:25,2.0,0.003,0.005,0.043
더반포레 APT,2024-09-02 14:30,2.0,0.003,0.006,0.045
더반포레 APT,2024-09-02 14:35,2.0,0.008,0.005,0.045
더반포레 APT,2024-09-02 14:40,2.0,0.008,0.004,0.045
더반포레 APT,2024-09-02 14:45,2.0,0.006,0.004,0.045
더반포레 APT,2024-09-02 14:50,2.0,0.002,0.003,0.045
더반포레 APT,2024-09-02 14:55,2.0,0.002,0.006,0.043
더반포레 APT,2024-09-02 15:00,2.0,0.002,0.006,0.047
더반포레 APT,2024-09-02 15:05,2.0,0.002,0.006,0.042
더반포레 APT,2024-09-02 15:10,2.0,0.008,0.006,0.044
더반포레 APT,2024-09-02 15:15,2.0,0.009,0.004,0.046
더반포레 APT,2024-09-02 15:20,2.0,0.011,0.005,0.046
더반포레 APT,2024-09-02 15:25,2.0,0.004,0.006,0.044
더반포레 APT,2024-09-02 15:30,2.0,0.001,0.004,0.043
더반포레 APT,2024-09-02 15:35,2.0,0.002,0.006,0.044
더반포레 APT,2024-09-02 15:40,2.0,0.006,0.005,0.044
더반포레 APT,2024-09-02 15:45,2.0,0.003,0.006,0.047
더반포레 APT,2024-09-02 15:50,1.6,0.007,0.005,0.044
더반포레 APT,2024-09-02 15:55,1.8,0.038,0.004,0.044
더반포레 APT,2024-09-02 16:00,1.0,0.013,0.006,0.047
더반포레 APT,2024-09-02 16:05,1.0,0.013,0.006,0.044
더반포레 APT,2024-09-02 16:10,1.6,0.002,0.005,0.047
더반포레 APT,2024-09-02 16:15,1.2,0.003,0.005,0.043
더반포레 APT,2024-09-02 16:20,1.0,0.002,0.006,0.045
더반포레 APT,2024-09-02 16:25,1.0,0.013,0.006,0.045
더반포레 APT,2024-09-02 16:30,1.0,0.004,0.005,0.045
더반포레 APT,2024-09-02 16:35,1.0,0.002,0.005,0.043
더반포레 APT,2024-09-02 16:40,1.0,0.002,0.005,0.045
더반포레 APT,2024-09-02 16:45,1.0,0.003,0.005,0.047
더반포레 APT,2024-09-02 16:50,1.0,0.003,0.004,0.046
더반포레 APT,2024-09-02 16:55,1.0,0.003,0.004,0.043
더반포레 APT,2024-09-02 17:00,1.0,0.003,0.005,0.047
더반포레 APT,2024-09-02 17:05,1.0,0.003,0.004,0.044
더반포레 APT,2024-09-02 17:10,1.0,0.003,0.005,0.044
더반포레 APT,2024-09-02 17:15,1.0,0.002,0.004,0.044
더반포레 APT,2024-09-02 17:20,1.0,0.003,0.004,0.043
더반포레 APT,2024-09-02 17:25,1.0,0.003,0.006,0.047
더반포레 APT,2024-09-02 17:30,1.0,0.003,0.005,0.045
더반포레 APT,2024-09-02 17:35,1.0,0.006,0.004,0.045
더반포레 APT,2024-09-02 17:40,1.0,0.01,0.006,0.046
더반포레 APT,2024-09-02 17:45,1.0,0.002,0.005,0.044
더반포레 APT,2024-09-02 17:50,1.0,0.002,0.008,0.044
더반포레 APT,2024-09-02 17:55,1.0,0.003,0.004,0.045
더반포레 APT,2024-09-02 18:00,1.0,0.002,0.005,0.046
더반포레 APT,2024-09-02 18:05,1.0,0.003,0.005,0.047
더반포레 APT,2024-09-02 18:10,1.0,0.002,0.004,0.043
더반포레 APT,2024-09-02 18:15,1.0,0.002,0.006,0.046
더반포레 APT,2024-09-02 18:20,1.0,0.002,0.005,0.047
더반포레 APT,2024-09-02 18:25,1.0,0.003,0.005,0.044
더반포레 APT,2024-09-02 18:30,1.0,0.002,0.006,0.044
더반포레 APT,2024-09-02 18:35,1.7,0.002,0.004,0.046
더반포레 APT,2024-09-02 18:40,1.4,0.003,0.006,0.047
더반포레 APT,2024-09-02 18:45,2.0,0.002,0.006,0.046
더반포레 APT,2024-09-02 18:50,2.0,0.003,0.005,0.044
더반포레 APT,2024-09-02 18:55,2.0,0.002,0.005,0.045
더반포레 APT,2024-09-02 19:00,2.0,0.003,0.005,0.045
더반포레 APT,2024-09-02 19:05,2.0,0.003,0.005,0.044
더반포레 APT,2024-09-02 19:10,2.0,0.002,0.006,0.046
더반포레 APT,2024-09-02 19:15,2.0,0.002,0.007,0.045
더반포레 APT,2024-09-02 19:20,2.3,0.004,0.006,0.046
더반포레 APT,2024-09-02 19:25,2.0,0.002,0.007,0.045
더반포레 APT,2024-09-02 19:30,2.0,0.002,0.032,0.044
더반포레 APT,2024-09-02 19:35,2.0,0.003,0.013,0.043
더반포레 APT,2024-09-02 19:40,3.0,0.003,0.004,0.045
더반포레 APT,2024-09-02 19:45,2.0,0.002,0.004,0.044
더반포레 APT,2024-09-02 19:50,2.0,0.002,0.004,0.046
더반포레 APT,2024-09-02 19:55,2.0,0.003,0.006,0.046
더반포레 APT,2024-09-02 20:00,2.0,0.002,0.006,0.044
더반포레 APT,2024-09-02 20:05,2.0,0.003,0.005,0.043
더반포레 APT,2024-09-02 20:10,2.0,0.002,0.01,0.045
더반포레 APT,2024-09-02 20:15,2.0,0.003,0.005,0.046
더반포레 APT,2024-09-02 20:20,2.0,0.003,0.008,0.048
더반포레 APT,2024-09-02 20:25,2.0,0.002,0.014,0.046
더반포레 APT,2024-09-02 20:30,2.0,0.003,0.01,0.045
더반포레 APT,2024-09-02 20:35,2.0,0.003,0.004,0.044
더반포레 APT,2024-09-02 20:40,2.0,0.003,0.005,0.046
더반포레 APT,2024-09-02 20:45,2.0,0.002,0.006,0.044
더반포레 APT,2024-09-02 20:50,2.0,0.003,0.006,0.046
더반포레 APT,2024-09-02 20:55,2.0,0.003,0.011,0.046
더반포레 APT,2024-09-02 21:00,2.0,0.003,0.008,0.046
더반포레 APT,2024-09-02 21:05,1.9,0.003,0.007,0.043
더반포레 APT,2024-09-02 21:10,1.0,0.003,0.006,0.046
더반포레 APT,2024-09-02 21:15,1.6,0.002,0.012,0.046
더반포레 APT,2024-09-02 21:20,2.0,0.002,0.014,0.045
더반포레 APT,2024-09-02 21:25,2.0,0.002,0.018,0.043
더반포레 APT,2024-09-02 21:30,2.0,0.002,0.017,0.044
더반포레 APT,2024-09-02 21:35,2.0,0.003,0.021,0.046
더반포레 APT,2024-09-02 21:40,2.0,0.001,0.016,0.045
더반포레 APT,2024-09-02 21:45,2.0,0.001,0.012,0.045
더반포레 APT,2024-09-02 21:50,2.0,0.003,0.009,0.045
더반포레 APT,2024-09-02 21:55,2.0,0.002,0.011,0.046
더반포레 APT,2024-09-02 22:00,2.0,0.002,0.013,0.044
더반포레 APT,2024-09-02 22:05,2.0,0.003,0.015,0.045
더반포레 APT,2024-09-02 22:10,2.0,0.002,0.016,0.046
더반포레 APT,2024-09-02 22:15,2.0,0.003,0.018,0.045
더반포레 APT,2024-09-02 22:20,2.0,0.002,0.011,0.046
더반포레 APT,2024-09-02 22:25,2.0,0.002,0.007,0.045
더반포레 APT,2024-09-02 22:30,2.0,0.002,0.009,0.046
더반포레 APT,2024-09-02 22:35,2.0,0.002,0.005,0.046
더반포레 APT,2024-09-02 22:40,2.0,0.003,0.006,0.046
더반포레 APT,2024-09-02 22:45,2.0,0.003,0.005,0.045
더반포레 APT,2024-09-02 22:50,2.0,0.003,0.006,0.045
더반포레 APT,2024-09-02 22:55,2.0,0.002,0.005,0.045
더반포레 APT,2024-09-02 23:00,2.0,0.002,0.006,0.044
더반포레 APT,2024-09-02 23:05,2.0,0.003,0.006,0.045
더반포레 APT,2024-09-02 23:10,2.0,0.002,0.005,0.043
더반포레 APT,2024-09-02 23:15,2.0,0.003,0.006,0.044
더반포레 APT,2024-09-02 23:20,2.0,0.002,0.004,0.046
더반포레 APT,2024-09-02 23:25,2.0,0.003,0.004,0.044
더반포레 APT,2024-09-02 23:30,2.0,0.003,0.004,0.045
더반포레 APT,2024-09-02 23:35,2.0,0.002,0.006,0.046
더반포레 APT,2024-09-02 23:40,2.0,0.002,0.005,0.045
더반포레 APT,2024-09-02 23:45,2.0,0.003,0.004,0.047
더반포레 APT,2024-09-02 23:50,2.0,0.002,0.005,0.045
더반포레 APT,2024-09-02 23:55,2.0,0.002,0.004,0.045
영농조합법인 부성,2024-09-02 00:00,1.0,0.024,0.004,0.366
영농조합법인 부성,2024-09-02 00:05,1.0,0.024,0.004,0.369
영농조합법인 부성,2024-09-02 00:10,1.0,0.024,0.004,0.371
영농조합법인 부성,2024-09-02 00:15,1.0,0.024,0.005,0.372
영농조합법인 부성,2024-09-02 00:20,1.0,0.024,0.006,0.372
영농조합법인 부성,2024-09-02 00:25,1.0,0.024,0.006,0.373
영농조합법인 부성,2024-09-02 00:30,1.0,0.024,0.004,0.373
영농조합법인 부성,2024-09-02 00:35,1.0,0.024,0.005,0.376
영농조합법인 부성,2024-09-02 00:40,1.0,0.025,0.004,0.378
영농조합법인 부성,2024-09-02 00:45,1.0,0.024,0.006,0.377
영농조합법인 부성,2024-09-02 00:50,1.0,0.024,0.005,0.378
영농조합법인 부성,2024-09-02 00:55,1.0,0.024,0.005,0.378
영농조합법인 부성,2024-09-02 01:00,1.0,0.024,0.004,0.379
영농조합법인 부성,2024-09-02 01:05,1.0,0.025,0.006,0.379
영농조합법인 부성,2024-09-02 01:10,1.0,0.024,0.006,0.38
영농조합법인 부성,2024-09-02 01:15,1.0,0.024,0.006,0.379
영농조합법인 부성,2024-09-02 01:20,1.0,0.023,0.004,0.379
영농조합법인 부성,2024-09-02 01:25,1.0,0.024,0.007,0.38
영농조합법인 부성,2024-09-02 01:30,1.0,0.024,0.005,0.378
영농조합법인 부성,2024-09-02 01:35,1.0,0.024,0.006,0.379
영농조합법인 부성,2024-09-02 01:40,1.0,0.024,0.004,0.378
영농조합법인 부성,2024-09-02 01:45,1.0,0.024,0.006,0.378
영농조합법인 부성,2024-09-02 01:50,1.0,0.025,0.006,0.378
영농조합법인 부성,2024-09-02 01:55,1.0,0.023,0.004,0.377
영농조합법인 부성,2024-09-02 02:00,1.0,0.023,0.005,0.378
영농조합법인 부성,2024-09-02 02:05,1.0,0.025,0.007,0.377
영농조합법인 부성,2024-09-02 02:10,1.0,0.023,0.006,0.377
영농조합법인 부성,2024-09-02 02:15,1.0,0.024,0.006,0.377
영농조합법인 부성,2024-09-02 02:20,1.0,0.024,0.004,0.377
영농조합법인 부성,2024-09-02 02:25,1.0,0.024,0.005,0.376
영농조합법인 부성,2024-09-02 02:30,1.0,0.024,0.005,0.377
영농조합법인 부성,2024-09-02 02:35,1.0,0.023,0.003,0.379
영농조합법인 부성,2024-09-02 02:40,1.0,0.024,0.006,0.377
영농조합법인 부성,2024-09-02 02:45,1.0,0.024,0.006,0.377
영농조합법인 부성,2024-09-02 02:50,1.0,0.023,0.004,0.378
영농조합법인 부성,2024-09-02 02:55,1.0,0.024,0.004,0.377
영농조합법인 부성,2024-09-02 03:00,1.0,0.023,0.004,0.377
영농조합법인 부성,2024-09-02 03:05,1.0,0.025,0.005,0.378
영농조합법인 부성,2024-09-02 03:10,1.0,0.025,0.006,0.377
영농조합법인 부성,2024-09-02 03:15,1.0,0.024,0.006,0.379
영농조합법인 부성,2024-09-02 03:20,1.0,0.019,0.005,0.379
영농조합법인 부성,2024-09-02 03:25,1.0,0.022,0.006,0.378
영농조합법인 부성,2024-09-02 03:30,1.0,0.025,0.005,0.379
영농조합법인 부성,2024-09-02 03:35,1.0,0.026,0.005,0.379
영농조합법인 부성,2024-09-02 03:40,1.0,0.024,0.005,0.379
영농조합법인 부성,2024-09-02 03:45,1.0,0.025,0.004,0.38
영농조합법인 부성,2024-09-02 03:50,1.0,0.024,0.007,0.38
영농조합법인 부성,2024-09-02 03:55,1.0,0.024,0.004,0.38
영농조합법인 부성,2024-09-02 04:00,1.0,0.023,0.005,0.38
영농조합법인 부성,2024-09-02 04:05,1.0,0.024,0.005,0.381
영농조합법인 부성,2024-09-02 04:10,1.0,0.024,0.005,0.38
영농조합법인 부성,2024-09-02 04:15,1.0,0.025,0.005,0.382
영농조합법인 부성,2024-09-02 04:20,1.0,0.025,0.005,0.384
영농조합법인 부성,2024-09-02 04:25,1.0,0.025,0.004,0.385
영농조합법인 부성,2024-09-02 04:30,1.0,0.024,0.005,0.396
영농조합법인 부성,2024-09-02 04:35,1.0,0.024,0.004,0.398
영농조합법인 부성,2024-09-02 04:40,1.0,0.023,0.005,0.39
영농조합법인 부성,2024-09-02 04:45,1.0,0.023,0.005,0.389
영농조합법인 부성,2024-09-02 04:50,1.0,0.024,0.004,0.388
영농조합법인 부성,2024-09-02 04:55,1.0,0.024,0.005,0.388
영농조합법인 부성,2024-09-02 05:00,1.0,0.024,0.005,0.387
영농조합법인 부성,2024-09-02 05:05,1.0,0.023,0.004,0.388
영농조합법인 부성,2024-09-02 05:10,1.0,0.024,0.004,0.389
영농조합법인 부성,2024-09-02 05:15,1.0,0.024,0.002,0.392
영농조합법인 부성,2024-09-02 05:20,1.0,0.023,0.005,0.391
영농조합법인 부성,2024-09-02 05:25,1.0,0.024,0.005,0.389
영농조합법인 부성,2024-09-02 05:30,1.0,0.024,0.005,0.391
영농조합법인 부성,2024-09-02 05:35,1.0,0.023,0.004,0.392
영농조합법인 부성,2024-09-02 05:40,1.0,0.023,0.004,0.391
영농조합법인 부성,2024-09-02 05:45,1.0,0.024,0.004,0.393
영농조합법인 부성,2024-09-02 05:50,1.0,0.023,0.006,0.393
영농조합법인 부성,2024-09-02 05:55,1.0,0.024,0.005,0.396
영농조합법인 부성,2024-09-02 06:00,1.0,0.024,0.006,0.397
영농조합법인 부성,2024-09-02 06:05,1.0,0.024,0.004,0.397
영농조합법인 부성,2024-09-02 06:10,1.0,0.024,0.005,0.395
영농조합법인 부성,2024-09-02 06:15,1.0,0.024,0.004,0.398
영농조합법인 부성,2024-09-02 06:20,1.0,0.024,0.007,0.397
영농조합법인 부성,2024-09-02 06:25,1.0,0.024,0.008,0.398
영농조합법인 부성,2024-09-02 06:30,1.0,0.024,0.005,0.399
영농조합법인 부성,2024-09-02 06:35,1.0,0.025,0.006,0.401
영농조합법인 부성,2024-09-02 06:40,1.0,0.024,0.006,0.405
영농조합법인 부성,2024-09-02 06:45,1.0,0.024,0.006,0.406
영농조합법인 부성,2024-09-02 06:50,1.0,0.025,0.005,0.407
영농조합법인 부성,2024-09-02 06:55,1.0,0.024,0.007,0.409
영농조합법인 부성,2024-09-02 07:00,1.0,0.025,0.008,0.41
영농조합법인 부성,2024-09-02 07:05,1.0,0.025,0.005,0.412
영농조합법인 부성,2024-09-02 07:10,1.0,0.024,0.005,0.414
영농조합법인 부성,2024-09-02 07:15,1.0,0.024,0.005,0.416
영농조합법인 부성,2024-09-02 07:20,1.0,0.025,0.005,0.418
영농조합법인 부성,2024-09-02 07:25,1.0,0.025,0.006,0.424
영농조합법인 부성,2024-09-02 07:30,1.0,0.029,0.005,0.43
영농조합법인 부성,2024-09-02 07:35,1.0,0.015,0.006,0.432
영농조합법인 부성,2024-09-02 07:40,1.0,0.025,0.004,0.433
영농조합법인 부성,2024-09-02 07:45,1.0,0.025,0.005,0.436
영농조합법인 부성,2024-09-02 07:50,1.0,0.025,0.004,0.437
영농조합법인 부성,2024-09-02 07:55,1.0,0.025,0.005,0.439
영농조합법인 부성,2024-09-02 08:00,1.0,0.025,0.004,0.443
영농조합법인 부성,2024-09-02 08:05,1.0,0.025,0.005,0.446
영농조합법인 부성,2024-09-02 08:10,1.0,0.025,0.005,0.451
영농조합법인 부성,2024-09-02 08:15,1.0,0.025,0.006,0.457
영농조합법인 부성,2024-09-02 08:20,1.0,0.026,0.005,0.465
영농조합법인 부성,2024-09-02 08:25,1.0,0.026,0.007,0.47
영농조합법인 부성,2024-09-02 08:30,1.0,0.025,0.005,0.476
영농조합법인 부성,2024-09-02 08:35,1.0,0.018,0.006,0.485
영농조합법인 부성,2024-09-02 08:40,1.0,0.027,0.003,0.495
영농조합법인 부성,2024-09-02 08:45,1.0,0.027,0.005,0.504
영농조합법인 부성,2024-09-02 08:50,1.0,0.026,0.003,0.515
영농조합법인 부성,2024-09-02 08:55,1.0,0.027,0.004,0.525
영농조합법인 부성,2024-09-02 09:00,1.0,0.025,0.006,0.534
영농조합법인 부성,2024-09-02 09:05,1.0,0.026,0.004,0.543
영농조합법인 부성,2024-09-02 09:10,1.0,0.026,0.004,0.549
영농조합법인 부성,2024-09-02 09:15,1.0,0.025,0.005,0.555
영농조합법인 부성,2024-09-02 09:20,1.0,0.024,0.004,0.557
영농조합법인 부성,2024-09-02 09:25,1.0,0.024,0.003,0.558
영농조합법인 부성,2024-09-02 09:30,1.0,0.023,0.006,0.557
영농조합법인 부성,2024-09-02 09:35,1.0,0.023,0.006,0.558
영농조합법인 부성,2024-09-02 09:40,1.0,0.023,0.004,0.556
영농조합법인 부성,2024-09-02 09:45,1.0,0.024,0.006,0.555
영농조합법인 부성,2024-09-02 09:50,1.0,0.024,0.005,0.556
영농조합법인 부성,2024-09-02 09:55,1.0,0.024,0.003,0.556
영농조합법인 부성,2024-09-02 10:00,1.0,0.024,0.006,0.556
영농조합법인 부성,2024-09-02 10:05,1.0,0.024,0.005,0.556
영농조합법인 부성,2024-09-02 10:10,1.0,0.024,0.004,0.556
영농조합법인 부성,2024-09-02 10:15,1.0,0.024,0.003,0.558
영농조합법인 부성,2024-09-02 10:20,1.0,0.024,0.005,0.557
영농조합법인 부성,2024-09-02 10:25,1.0,0.024,0.005,0.557
영농조합법인 부성,2024-09-02 10:30,1.0,0.024,0.006,0.559
영농조합법인 부성,2024-09-02 10:35,1.0,0.024,0.006,0.561
영농조합법인 부성,2024-09-02 10:40,1.0,0.024,0.005,0.565
영농조합법인 부성,2024-09-02 10:45,1.0,0.024,0.004,0.567
영농조합법인 부성,2024-09-02 10:50,1.0,0.024,0.005,0.57
영농조합법인 부성,2024-09-02 10:55,1.0,0.024,0.007,0.574
영농조합법인 부성,2024-09-02 11:00,1.0,0.024,0.006,0.576
영농조합법인 부성,2024-09-02 11:05,1.0,0.025,0.004,0.58
영농조합법인 부성,2024-09-02 11:10,1.0,0.024,0.004,0.583
영농조합법인 부성,2024-09-02 11:15,1.0,0.023,0.005,0.584
영농조합법인 부성,2024-09-02 11:20,1.0,0.024,0.005,0.583
영농조합법인 부성,2024-09-02 11:25,1.0,0.024,0.006,0.585
영농조합법인 부성,2024-09-02 11:30,1.0,0.023,0.007,0.584
영농조합법인 부성,2024-09-02 11:35,1.0,0.023,0.006,0.582
영농조합법인 부성,2024-09-02 11:40,1.0,0.024,0.005,0.581
영농조합법인 부성,2024-09-02 11:45,1.0,0.023,0.004,0.577
영농조합법인 부성,2024-09-02 11:50,1.0,0.022,0.004,0.575
영농조합법인 부성,2024-09-02 11:55,1.0,0.024,0.006,0.574
영농조합법인 부성,2024-09-02 12:00,1.0,0.023,0.004,0.57
영농조합법인 부성,2024-09-02 12:05,1.0,0.023,0.006,0.568
영농조합법인 부성,2024-09-02 12:10,1.0,0.023,0.005,0.564
영농조합법인 부성,2024-09-02 12:15,1.0,0.023,0.004,0.559
영농조합법인 부성,2024-09-02 12:20,1.0,0.022,0.005,0.556
영농조합법인 부성,2024-09-02 12:25,1.0,0.022,0.005,0.554
영농조합법인 부성,2024-09-02 12:30,1.0,0.022,0.007,0.554
영농조합법인 부성,2024-09-02 12:35,1.0,0.024,0.004,0.555
영농조합법인 부성,2024-09-02 12:40,1.0,0.023,0.004,0.558
영농조합법인 부성,2024-09-02 12:45,1.0,0.022,0.006,0.56
영농조합법인 부성,2024-09-02 12:50,1.0,0.024,0.003,0.561
영농조합법인 부성,2024-09-02 12:55,1.0,0.023,0.006,0.561
영농조합법인 부성,2024-09-02 13:00,1.0,0.021,0.006,0.56
영농조합법인 부성,2024-09-02 13:05,1.0,0.022,0.004,0.559
영농조합법인 부성,2024-09-02 13:10,1.0,0.022,0.006,0.559
영농조합법인 부성,2024-09-02 13:15,1.0,0.021,0.005,0.558
영농조합법인 부성,2024-09-02 13:20,1.0,0.022,0.006,0.556
영농조합법인 부성,2024-09-02 13:25,1.0,0.021,0.005,0.552
영농조합법인 부성,2024-09-02 13:30,1.0,0.021,0.003,0.548
영농조합법인 부성,2024-09-02 13:35,1.0,0.021,0.006,0.545
영농조합법인 부성,2024-09-02 13:40,1.0,0.021,0.003,0.543
영농조합법인 부성,2024-09-02 13:45,1.0,0.021,0.005,0.539
영농조합법인 부성,2024-09-02 13:50,1.0,0.02,0.005,0.538
영농조합법인 부성,2024-09-02 13:55,1.0,0.02,0.006,0.534
영농조합법인 부성,2024-09-02 14:00,1.0,0.019,0.005,0.531
영농조합법인 부성,2024-09-02 14:05,1.0,0.02,0.007,0.528
영농조합법인 부성,2024-09-02 14:10,1.0,0.019,0.004,0.523
영농조합법인 부성,2024-09-02 14:15,1.0,0.019,0.005,0.519
영농조합법인 부성,2024-09-02 14:20,1.0,0.018,0.005,0.514
영농조합법인 부성,2024-09-02 14:25,1.0,0.019,0.006,0.51
영농조합법인 부성,2024-09-02 14:30,1.0,0.02,0.004,0.507
영농조합법인 부성,2024-09-02 14:35,1.0,0.019,0.006,0.503
영농조합법인 부성,2024-09-02 14:40,1.0,0.018,0.005,0.497
영농조합법인 부성,2024-09-02 14:45,1.0,0.018,0.003,0.494
영농조합법인 부성,2024-09-02 14:50,1.0,0.018,0.004,0.491
영농조합법인 부성,2024-09-02 14:55,1.0,0.018,0.004,0.489
영농조합법인 부성,2024-09-02 15:00,1.0,0.019,0.005,0.489
영농조합법인 부성,2024-09-02 15:05,1.0,0.018,0.005,0.488
영농조합법인 부성,2024-09-02 15:10,1.0,0.019,0.005,0.487
영농조합법인 부성,2024-09-02 15:15,1.0,0.018,0.004,0.486
영농조합법인 부성,2024-09-02 15:20,1.0,0.017,0.007,0.482
영농조합법인 부성,2024-09-02 15:25,1.0,0.016,0.004,0.476
영농조합법인 부성,2024-09-02 15:30,1.0,0.017,0.006,0.472
영농조합법인 부성,2024-09-02 15:35,1.0,0.016,0.005,0.468
영농조합법인 부성,2024-09-02 15:40,1.0,0.018,0.007,0.464
영농조합법인 부성,2024-09-02 15:45,1.0,0.016,0.003,0.462
영농조합법인 부성,2024-09-02 15:50,1.0,0.018,0.005,0.461
영농조합법인 부성,2024-09-02 15:55,1.0,0.016,0.004,0.457
영농조합법인 부성,2024-09-02 16:00,1.0,0.017,0.005,0.455
영농조합법인 부성,2024-09-02 16:05,1.0,0.017,0.004,0.452
영농조합법인 부성,2024-09-02 16:10,1.0,0.018,0.005,0.449
영농조합법인 부성,2024-09-02 16:15,1.0,0.018,0.006,0.449
영농조합법인 부성,2024-09-02 16:20,1.0,0.018,0.004,0.448
영농조합법인 부성,2024-09-02 16:25,1.0,0.018,0.004,0.449
영농조합법인 부성,2024-09-02 16:30,1.0,0.018,0.004,0.448
영농조합법인 부성,2024-09-02 16:35,1.0,0.018,0.004,0.448
영농조합법인 부성,2024-09-02 16:40,1.0,0.018,0.005,0.448
영농조합법인 부성,2024-09-02 16:45,1.0,0.017,0.006,0.446
영농조합법인 부성,2024-09-02 16:50,1.0,0.017,0.004,0.445
영농조합법인 부성,2024-09-02 16:55,1.0,0.017,0.004,0.443
영농조합법인 부성,2024-09-02 17:00,1.0,0.017,0.005,0.44
영농조합법인 부성,2024-09-02 17:05,1.0,0.016,0.007,0.436
영농조합법인 부성,2024-09-02 17:10,1.0,0.015,0.005,0.432
영농조합법인 부성,2024-09-02 17:15,1.0,0.015,0.004,0.428
영농조합법인 부성,2024-09-02 17:20,1.0,0.015,0.004,0.423
영농조합법인 부성,2024-09-02 17:25,1.0,0.015,0.005,0.418
영농조합법인 부성,2024-09-02 17:30,1.0,0.015,0.004,0.413
영농조합법인 부성,2024-09-02 17:35,1.0,0.014,0.004,0.408
영농조합법인 부성,2024-09-02 17:40,1.0,0.014,0.005,0.402
영농조합법인 부성,2024-09-02 17:45,1.0,0.012,0.006,0.397
영농조합법인 부성,2024-09-02 17:50,1.0,0.013,0.005,0.392
영농조합법인 부성,2024-09-02 17:55,1.0,0.014,0.007,0.39
영농조합법인 부성,2024-09-02 18:00,1.0,0.014,0.006,0.387
영농조합법인 부성,2024-09-02 18:05,1.0,0.014,0.004,0.384
영농조합법인 부성,2024-09-02 18:10,1.0,0.015,0.005,0.382
영농조합법인 부성,2024-09-02 18:15,1.0,0.015,0.005,0.381
영농조합법인 부성,2024-09-02 18:20,1.0,0.015,0.006,0.379
영농조합법인 부성,2024-09-02 18:25,1.0,0.015,0.006,0.378
영농조합법인 부성,2024-09-02 18:30,1.0,0.015,0.005,0.375
영농조합법인 부성,2024-09-02 18:35,1.0,0.015,0.004,0.374
영농조합법인 부성,2024-09-02 18:40,1.0,0.016,0.003,0.373
영농조합법인 부성,2024-09-02 18:45,1.0,0.016,0.005,0.372
영농조합법인 부성,2024-09-02 18:50,1.0,0.016,0.005,0.371
영농조합법인 부성,2024-09-02 18:55,1.0,0.016,0.006,0.369
영농조합법인 부성,2024-09-02 19:00,1.0,0.017,0.006,0.367
영농조합법인 부성,2024-09-02 19:05,1.0,0.017,0.004,0.367
영농조합법인 부성,2024-09-02 19:10,1.0,0.017,0.004,0.365
영농조합법인 부성,2024-09-02 19:15,1.0,0.017,0.003,0.365
영농조합법인 부성,2024-09-02 19:20,1.0,0.018,0.004,0.364
영농조합법인 부성,2024-09-02 19:25,1.0,0.019,0.005,0.362
영농조합법인 부성,2024-09-02 19:30,1.0,0.019,0.004,0.361
영농조합법인 부성,2024-09-02 19:35,1.0,0.019,0.005,0.362
영농조합법인 부성,2024-09-02 19:40,1.0,0.021,0.004,0.362
영농조합법인 부성,2024-09-02 19:45,1.0,0.02,0.006,0.361
영농조합법인 부성,2024-09-02 19:50,1.0,0.021,0.005,0.361
영농조합법인 부성,2024-09-02 19:55,1.0,0.02,0.004,0.359
영농조합법인 부성,2024-09-02 20:00,1.0,0.02,0.006,0.358
영농조합법인 부성,2024-09-02 20:05,1.0,0.021,0.005,0.358
영농조합법인 부성,2024-09-02 20:10,1.0,0.022,0.004,0.359
영농조합법인 부성,2024-09-02 20:15,1.0,0.021,0.005,0.359
영농조합법인 부성,2024-09-02 20:20,1.0,0.021,0.004,0.359
영농조합법인 부성,2024-09-02 20:25,1.0,0.021,0.004,0.359
영농조합법인 부성,2024-09-02 20:30,1.0,0.021,0.005,0.359
영농조합법인 부성,2024-09-02 20:35,1.0,0.022,0.006,0.358
영농조합법인 부성,2024-09-02 20:40,1.0,0.021,0.005,0.357
영농조합법인 부성,2024-09-02 20:45,1.0,0.023,0.002,0.356
영농조합법인 부성,2024-09-02 20:50,1.0,0.022,0.006,0.357
영농조합법인 부성,2024-09-02 20:55,1.0,0.023,0.005,0.357
영농조합법인 부성,2024-09-02 21:00,1.0,0.022,0.004,0.358
영농조합법인 부성,2024-09-02 21:05,1.0,0.022,0.007,0.358
영농조합법인 부성,2024-09-02 21:10,1.0,0.023,0.003,0.359
영농조합법인 부성,2024-09-02 21:15,1.0,0.022,0.005,0.359
영농조합법인 부성,2024-09-02 21:20,1.0,0.022,0.007,0.359
영농조합법인 부성,2024-09-02 21:25,1.0,0.022,0.007,0.36
영농조합법인 부성,2024-09-02 21:30,1.0,0.023,0.005,0.359
영농조합법인 부성,2024-09-02 21:35,1.0,0.022,0.005,0.359
영농조합법인 부성,2024-09-02 21:40,1.0,0.023,0.005,0.36
영농조합법인 부성,2024-09-02 21:45,1.0,0.022,0.005,0.36
영농조합법인 부성,2024-09-02 21:50,1.0,0.022,0.005,0.361
영농조합법인 부성,2024-09-02 21:55,1.0,0.024,0.007,0.36
영농조합법인 부성,2024-09-02 22:00,1.0,0.024,0.005,0.361
영농조합법인 부성,2024-09-02 22:05,1.0,0.023,0.006,0.363
영농조합법인 부성,2024-09-02 22:10,1.0,0.022,0.004,0.364
영농조합법인 부성,2024-09-02 22:15,1.0,0.023,0.004,0.365
영농조합법인 부성,2024-09-02 22:20,1.0,0.023,0.004,0.366
영농조합법인 부성,2024-09-02 22:25,1.0,0.023,0.004,0.365
영농조합법인 부성,2024-09-02 22:30,1.0,0.022,0.005,0.366
영농조합법인 부성,2024-09-02 22:35,1.0,0.024,0.003,0.367
영농조합법인 부성,2024-09-02 22:40,1.0,0.028,0.006,0.366
영농조합법인 부성,2024-09-02 22:45,1.0,0.022,0.005,0.367
영농조합법인 부성,2024-09-02 22:50,1.0,0.022,0.005,0.366
영농조합법인 부성,2024-09-02 22:55,1.0,0.023,0.005,0.366
영농조합법인 부성,2024-09-02 23:00,1.0,0.024,0.005,0.366
영농조합법인 부성,2024-09-02 23:05,1.0,0.025,0.005,0.367
영농조합법인 부성,2024-09-02 23:10,1.0,0.023,0.004,0.367
영농조합법인 부성,2024-09-02 23:15,1.0,0.023,0.005,0.367
영농조합법인 부성,2024-09-02 23:20,1.0,0.023,0.003,0.366
영농조합법인 부성,2024-09-02 23:25,1.0,0.023,0.004,0.366
영농조합법인 부성,2024-09-02 23:30,1.0,0.023,0.005,0.364
영농조합법인 부성,2024-09-02 23:35,1.0,0.023,0.004,0.364
영농조합법인 부성,2024-09-02 23:40,1.0,0.023,0.005,0.365
영농조합법인 부성,2024-09-02 23:45,1.0,0.023,0.005,0.364
영농조합법인 부성,2024-09-02 23:50,1.0,0.023,0.005,0.364
영농조합법인 부성,2024-09-02 23:55,1.0,0.024,0.004,0.366
동산동 행정복지센터,2024-09-02 00:00,5.0,0.0,0.0,0.047
동산동 행정복지센터,2024-09-02 00:05,5.0,0.0,0.0,0.047
동산동 행정복지센터,2024-09-02 00:10,5.0,0.0,0.0,0.046
동산동 행정복지센터,2024-09-02 00:15,5.0,0.0,0.0,0.046
동산동 행정복지센터,2024-09-02 00:20,5.0,0.0,0.0,0.047
동산동 행정복지센터,2024-09-02 00:25,5.0,0.0,0.0,0.047
동산동 행정복지센터,2024-09-02 00:30,5.0,0.0,0.0,0.047
동산동 행정복지센터,2024-09-02 00:35,5.0,0.0,0.0,0.046
동산동 행정복지센터,2024-09-02 00:40,5.0,0.0,0.0,0.046
동산동 행정복지센터,2024-09-02 00:45,5.0,0.0,0.0,0.047
동산동 행정복지센터,2024-09-02 00:50,5.0,0.0,0.0,0.047
동산동 행정복지센터,2024-09-02 00:55,5.0,0.0,0.0,0.046
동산동 행정복지센터,2024-09-02 01:00,5.0,0.0,0.0,0.047
동산동 행정복지센터,2024-09-02 01:05,5.0,0.0,0.0,0.047
동산동 행정복지센터,2024-09-02 01:10,5.0,0.0,0.0,0.047
동산동 행정복지센터,2024-09-02 01:15,5.0,0.0,0.0,0.047
동산동 행정복지센터,2024-09-02 01:20,5.0,0.0,0.0,0.048
동산동 행정복지센터,2024-09-02 01:25,5.0,0.0,0.0,0.047
동산동 행정복지센터,2024-09-02 01:30,5.0,0.0,0.0,0.048
동산동 행정복지센터,2024-09-02 01:35,5.0,0.0,0.0,0.048
동산동 행정복지센터,2024-09-02 01:40,5.0,0.0,0.0,0.049
동산동 행정복지센터,2024-09-02 01:45,5.0,0.0,0.0,0.05
동산동 행정복지센터,2024-09-02 01:50,5.0,0.0,0.0,0.05
동산동 행정복지센터,2024-09-02 01:55,5.0,0.0,0.0,0.05
동산동 행정복지센터,2024-09-02 02:00,5.0,0.0,0.0,0.047
동산동 행정복지센터,2024-09-02 02:05,5.0,0.0,0.0,0.047
동산동 행정복지센터,2024-09-02 02:10,5.0,0.0,0.0,0.048
동산동 행정복지센터,2024-09-02 02:15,5.0,0.0,0.0,0.047
동산동 행정복지센터,2024-09-02 02:20,5.0,0.0,0.0,0.046
동산동 행정복지센터,2024-09-02 02:25,5.0,0.0,0.0,0.047
동산동 행정복지센터,2024-09-02 02:30,5.0,0.0,0.0,0.047
동산동 행정복지센터,2024-09-02 02:35,5.0,0.0,0.0,0.047
동산동 행정복지센터,2024-09-02 02:40,5.0,0.0,0.0,0.048
동산동 행정복지센터,2024-09-02 02:45,5.0,0.0,0.0,0.049
동산동 행정복지센터,2024-09-02 02:50,5.0,0.0,0.0,0.048
동산동 행정복지센터,2024-09-02 02:55,5.0,0.0,0.0,0.048
동산동 행정복지센터,2024-09-02 03:00,5.0,0.0,0.0,0.048
동산동 행정복지센터,2024-09-02 03:05,5.0,0.0,0.0,0.05
동산동 행정복지센터,2024-09-02 03:10,5.0,0.0,0.0,0.048
동산동 행정복지센터,2024-09-02 03:15,5.0,0.0,0.0,0.049
동산동 행정복지센터,2024-09-02 03:20,5.0,0.0,0.0,0.049
동산동 행정복지센터,2024-09-02 03:25,5.0,0.0,0.0,0.048
동산동 행정복지센터,2024-09-02 03:30,5.0,0.0,0.0,0.049
동산동 행정복지센터,2024-09-02 03:35,5.0,0.0,0.0,0.049
동산동 행정복지센터,2024-09-02 03:40,5.0,0.0,0.0,0.048
동산동 행정복지센터,2024-09-02 03:45,5.0,0.0,0.0,0.049
동산동 행정복지센터,2024-09-02 03:50,5.0,0.0,0.0,0.049
동산동 행정복지센터,2024-09-02 03:55,5.0,0.0,0.0,0.048
동산동 행정복지센터,2024-09-02 04:00,5.0,0.0,0.0,0.049
동산동 행정복지센터,2024-09-02 04:05,5.0,0.0,0.0,0.05
동산동 행정복지센터,2024-09-02 04:10,5.0,0.0,0.0,0.05
동산동 행정복지센터,2024-09-02 04:15,5.0,0.0,0.0,0.05
동산동 행정복지센터,2024-09-02 04:20,5.0,0.0,0.0,0.049
동산동 행정복지센터,2024-09-02 04:25,5.0,0.0,0.0,0.049
동산동 행정복지센터,2024-09-02 04:30,5.0,0.0,0.0,0.049
동산동 행정복지센터,2024-09-02 04:35,5.0,0.0,0.0,0.051
동산동 행정복지센터,2024-09-02 04:40,5.0,0.0,0.0,0.046
동산동 행정복지센터,2024-09-02 04:45,5.0,0.0,0.0,0.038
동산동 행정복지센터,2024-09-02 04:50,5.0,0.0,0.0,0.043
동산동 행정복지센터,2024-09-02 04:55,5.0,0.0,0.0,0.053
동산동 행정복지센터,2024-09-02 05:00,5.0,0.0,0.0,0.052
동산동 행정복지센터,2024-09-02 05:05,5.0,0.0,0.0,0.046
동산동 행정복지센터,2024-09-02 05:10,5.0,0.0,0.0,0.041
동산동 행정복지센터,2024-09-02 05:15,5.0,0.0,0.0,0.051
동산동 행정복지센터,2024-09-02 05:20,5.0,0.0,0.0,0.059
동산동 행정복지센터,2024-09-02 05:25,5.0,0.0,0.0,0.059
동산동 행정복지센터,2024-09-02 05:30,5.9,0.0,0.0,0.061
동산동 행정복지센터,2024-09-02 05:35,6.0,0.0,0.0,0.061
동산동 행정복지센터,2024-09-02 05:40,6.0,0.0,0.0,0.062
동산동 행정복지센터,2024-09-02 05:45,6.0,0.0,0.0,0.062
동산동 행정복지센터,2024-09-02 05:50,6.0,0.0,0.0,0.063
동산동 행정복지센터,2024-09-02 05:55,6.0,0.0,0.0,0.062
동산동 행정복지센터,2024-09-02 06:00,6.0,0.0,0.0,0.062
동산동 행정복지센터,2024-09-02 06:05,6.0,0.0,0.0,0.064
동산동 행정복지센터,2024-09-02 06:10,6.0,0.0,0.0,0.062
동산동 행정복지센터,2024-09-02 06:15,6.0,0.0,0.0,0.063
동산동 행정복지센터,2024-09-02 06:20,6.0,0.0,0.0,0.065
동산동 행정복지센터,2024-09-02 06:25,6.0,0.0,0.0,0.066
동산동 행정복지센터,2024-09-02 06:30,6.0,0.0,0.0,0.067
동산동 행정복지센터,2024-09-02 06:35,6.0,0.0,0.0,0.067
동산동 행정복지센터,2024-09-02 06:40,6.0,0.0,0.0,0.069
동산동 행정복지센터,2024-09-02 06:45,6.0,0.0,0.0,0.071
동산동 행정복지센터,2024-09-02 06:50,7.0,0.0,0.0,0.075
동산동 행정복지센터,2024-09-02 06:55,7.0,0.0,0.0,0.074
동산동 행정복지센터,2024-09-02 07:00,7.0,0.0,0.0,0.077
동산동 행정복지센터,2024-09-02 07:05,7.0,0.0,0.0,0.078
동산동 행정복지센터,2024-09-02 07:10,7.0,0.0,0.0,0.078
동산동 행정복지센터,2024-09-02 07:15,7.0,0.0,0.0,0.079
동산동 행정복지센터,2024-09-02 07:20,7.0,0.0,0.0,0.077
동산동 행정복지센터,2024-09-02 07:25,7.0,0.0,0.0,0.08
동산동 행정복지센터,2024-09-02 07:30,7.0,0.0,0.0,0.083
동산동 행정복지센터,2024-09-02 07:35,7.4,0.0,0.0,0.087
동산동 행정복지센터,2024-09-02 07:40,8.0,0.0,0.001,0.09
동산동 행정복지센터,2024-09-02 07:45,8.0,0.0,0.006,0.092
동산동 행정복지센터,2024-09-02 07:50,8.1,0.0,0.009,0.096
동산동 행정복지센터,2024-09-02 07:55,9.1,0.0,0.011,0.095
동산동 행정복지센터,2024-09-02 08:00,10.0,0.0,0.011,0.097
동산동 행정복지센터,2024-09-02 08:05,10.5,0.0,0.013,0.096
동산동 행정복지센터,2024-09-02 08:10,11.0,0.0,0.012,0.096
동산동 행정복지센터,2024-09-02 08:15,11.0,0.0,0.01,0.095
동산동 행정복지센터,2024-09-02 08:20,11.7,0.0,0.01,0.098
동산동 행정복지센터,2024-09-02 08:25,12.0,0.0,0.013,0.102
동산동 행정복지센터,2024-09-02 08:30,12.0,0.0,0.014,0.105
동산동 행정복지센터,2024-09-02 08:35,12.0,0.0,0.014,0.105
동산동 행정복지센터,2024-09-02 08:40,12.8,0.0,0.017,0.107
동산동 행정복지센터,2024-09-02 08:45,13.3,0.0,0.024,0.112
동산동 행정복지센터,2024-09-02 08:50,14.3,0.0,0.027,0.113
동산동 행정복지센터,2024-09-02 08:55,15.6,0.0,0.031,0.117
동산동 행정복지센터,2024-09-02 09:00,17.7,0.0,0.029,0.132
동산동 행정복지센터,2024-09-02 09:05,16.9,0.0,0.04,0.121
동산동 행정복지센터,2024-09-02 09:10,16.8,0.0,0.037,0.121
동산동 행정복지센터,2024-09-02 09:15,18.2,0.0,0.034,0.127
동산동 행정복지센터,2024-09-02 09:20,19.1,0.0,0.033,0.13
동산동 행정복지센터,2024-09-02 09:25,20.3,0.0,0.037,0.132
동산동 행정복지센터,2024-09-02 09:30,20.3,0.0,0.041,0.11
동산동 행정복지센터,2024-09-02 09:35,19.6,0.0,0.033,0.086
동산동 행정복지센터,2024-09-02 09:40,18.6,0.0,0.0,0.075
동산동 행정복지센터,2024-09-02 09:45,16.3,0.0,0.0,0.061
동산동 행정복지센터,2024-09-02 09:50,15.3,0.0,0.0,0.05
동산동 행정복지센터,2024-09-02 09:55,14.5,0.0,0.0,0.032
동산동 행정복지센터,2024-09-02 10:00,13.8,0.0,0.0,0.023
동산동 행정복지센터,2024-09-02 10:05,14.1,0.0,0.0,0.023
동산동 행정복지센터,2024-09-02 10:10,13.9,0.0,0.0,0.022
동산동 행정복지센터,2024-09-02 10:15,12.5,0.0,0.0,0.016
동산동 행정복지센터,2024-09-02 10:20,12.7,0.0,0.0,0.018
동산동 행정복지센터,2024-09-02 10:25,13.0,0.0,0.0,0.028
동산동 행정복지센터,2024-09-02 10:30,13.9,0.0,0.0,0.033
동산동 행정복지센터,2024-09-02 10:35,13.0,0.0,0.0,0.01
동산동 행정복지센터,2024-09-02 10:40,13.0,0.0,0.0,0.004
동산동 행정복지센터,2024-09-02 10:45,13.2,0.0,0.0,0.009
동산동 행정복지센터,2024-09-02 10:50,15.1,0.0,0.0,0.006
동산동 행정복지센터,2024-09-02 10:55,13.2,0.0,0.0,0.0
동산동 행정복지센터,2024-09-02 11:00,13.0,0.0,0.0,0.0
동산동 행정복지센터,2024-09-02 11:05,12.9,0.0,0.0,0.0
동산동 행정복지센터,2024-09-02 11:10,13.5,0.0,0.0,0.0
동산동 행정복지센터,2024-09-02 11:15,13.5,0.0,0.0,0.0
동산동 행정복지센터,2024-09-02 11:20,12.7,0.0,0.0,0.0
동산동 행정복지센터,2024-09-02 11:25,12.6,0.0,0.0,0.0
동산동 행정복지센터,2024-09-02 11:30,13.7,0.0,0.0,0.0
동산동 행정복지센터,2024-09-02 11:35,13.2,0.0,0.0,0.0
동산동 행정복지센터,2024-09-02 11:40,13.0,0.0,0.0,0.0
동산동 행정복지센터,2024-09-02 11:45,12.4,0.0,0.0,0.0
동산동 행정복지센터,2024-09-02 11:50,12.5,0.0,0.0,0.0
동산동 행정복지센터,2024-09-02 11:55,14.6,0.0,0.0,0.0
동산동 행정복지센터,2024-09-02 12:00,12.1,0.0,0.0,0.0
동산동 행정복지센터,2024-09-02 12:05,11.0,0.0,0.0,0.0
동산동 행정복지센터,2024-09-02 12:10,11.1,0.0,0.0,0.005
동산동 행정복지센터,2024-09-02 12:15,11.2,0.0,0.0,0.01
동산동 행정복지센터,2024-09-02 12:20,11.7,0.0,0.0,0.012
동산동 행정복지센터,2024-09-02 12:25,12.0,0.0,0.0,0.015
동산동 행정복지센터,2024-09-02 12:30,12.0,0.0,0.0,0.015
동산동 행정복지센터,2024-09-02 12:35,12.0,0.0,0.0,0.017
동산동 행정복지센터,2024-09-02 12:40,11.8,0.0,0.0,0.017
동산동 행정복지센터,2024-09-02 12:45,11.0,0.0,0.0,0.017
동산동 행정복지센터,2024-09-02 12:50,11.0,0.0,0.0,0.017
동산동 행정복지센터,2024-09-02 12:55,11.0,0.0,0.0,0.017
동산동 행정복지센터,2024-09-02 13:00,11.0,0.0,0.0,0.018
동산동 행정복지센터,2024-09-02 13:05,10.0,0.0,0.0,0.018
동산동 행정복지센터,2024-09-02 13:10,10.0,0.0,0.0,0.019
동산동 행정복지센터,2024-09-02 13:15,10.1,0.0,0.0,0.022
동산동 행정복지센터,2024-09-02 13:20,10.0,0.0,0.0,0.021
동산동 행정복지센터,2024-09-02 13:25,10.1,0.0,0.0,0.026
동산동 행정복지센터,2024-09-02 13:30,10.2,0.0,0.0,0.024
동산동 행정복지센터,2024-09-02 13:35,10.0,0.0,0.0,0.022
동산동 행정복지센터,2024-09-02 13:40,10.0,0.0,0.0,0.021
동산동 행정복지센터,2024-09-02 13:45,10.0,0.0,0.0,0.023
동산동 행정복지센터,2024-09-02 13:50,10.7,0.0,0.0,0.027
동산동 행정복지센터,2024-09-02 13:55,10.0,0.0,0.0,0.023
동산동 행정복지센터,2024-09-02 14:00,10.0,0.0,0.0,0.023
동산동 행정복지센터,2024-09-02 14:05,10.8,0.0,0.0,0.026
동산동 행정복지센터,2024-09-02 14:10,11.7,0.0,0.0,0.028
동산동 행정복지센터,2024-09-02 14:15,11.6,0.0,0.0,0.022
동산동 행정복지센터,2024-09-02 14:20,11.1,0.0,0.0,0.019
동산동 행정복지센터,2024-09-02 14:25,10.8,0.0,0.0,0.018
동산동 행정복지센터,2024-09-02 14:30,11.0,0.0,0.0,0.019
동산동 행정복지센터,2024-09-02 14:35,11.7,0.0,0.0,0.022
동산동 행정복지센터,2024-09-02 14:40,12.3,0.0,0.0,0.021
동산동 행정복지센터,2024-09-02 14:45,12.0,0.0,0.0,0.023
동산동 행정복지센터,2024-09-02 14:50,11.3,0.0,0.0,0.021
동산동 행정복지센터,2024-09-02 14:55,11.0,0.0,0.0,0.02
동산동 행정복지센터,2024-09-02 15:00,11.0,0.0,0.0,0.02
동산동 행정복지센터,2024-09-02 15:05,11.0,0.0,0.0,0.02
동산동 행정복지센터,2024-09-02 15:10,11.0,0.0,0.0,0.021
동산동 행정복지센터,2024-09-02 15:15,11.0,0.0,0.0,0.022
동산동 행정복지센터,2024-09-02 15:20,11.2,0.0,0.0,0.022
동산동 행정복지센터,2024-09-02 15:25,11.0,0.0,0.0,0.022
동산동 행정복지센터,2024-09-02 15:30,11.0,0.0,0.0,0.023
동산동 행정복지센터,2024-09-02 15:35,11.0,0.0,0.0,0.023
동산동 행정복지센터,2024-09-02 15:40,11.0,0.0,0.0,0.023
동산동 행정복지센터,2024-09-02 15:45,11.0,0.0,0.0,0.021
동산동 행정복지센터,2024-09-02 15:50,11.0,0.0,0.0,0.022
동산동 행정복지센터,2024-09-02 15:55,11.0,0.0,0.0,0.024
동산동 행정복지센터,2024-09-02 16:00,11.0,0.0,0.0,0.023
동산동 행정복지센터,2024-09-02 16:05,11.0,0.0,0.0,0.024
동산동 행정복지센터,2024-09-02 16:10,11.0,0.0,0.0,0.024
동산동 행정복지센터,2024-09-02 16:15,10.5,0.0,0.0,0.024
동산동 행정복지센터,2024-09-02 16:20,10.2,0.0,0.0,0.022
동산동 행정복지센터,2024-09-02 16:25,10.2,0.0,0.0,0.022
동산동 행정복지센터,2024-09-02 16:30,10.8,0.0,0.0,0.023
동산동 행정복지센터,2024-09-02 16:35,11.0,0.0,0.0,0.025
동산동 행정복지센터,2024-09-02 16:40,11.0,0.0,0.0,0.025
동산동 행정복지센터,2024-09-02 16:45,11.2,0.0,0.0,0.027
동산동 행정복지센터,2024-09-02 16:50,11.0,0.0,0.0,0.026
동산동 행정복지센터,2024-09-02 16:55,11.0,0.0,0.0,0.026
동산동 행정복지센터,2024-09-02 17:00,11.0,0.0,0.0,0.027
동산동 행정복지센터,2024-09-02 17:05,10.3,0.0,0.0,0.026
동산동 행정복지센터,2024-09-02 17:10,10.0,0.0,0.0,0.026
동산동 행정복지센터,2024-09-02 17:15,10.0,0.0,0.0,0.025
동산동 행정복지센터,2024-09-02 17:20,10.0,0.0,0.0,0.025
동산동 행정복지센터,2024-09-02 17:25,10.0,0.0,0.0,0.025
동산동 행정복지센터,2024-09-02 17:30,10.0,0.0,0.0,0.026
동산동 행정복지센터,2024-09-02 17:35,9.9,0.0,0.0,0.027
동산동 행정복지센터,2024-09-02 17:40,9.4,0.0,0.0,0.027
동산동 행정복지센터,2024-09-02 17:45,9.9,0.0,0.0,0.027
동산동 행정복지센터,2024-09-02 17:50,9.7,0.0,0.0,0.026
동산동 행정복지센터,2024-09-02 17:55,9.0,0.0,0.0,0.024
동산동 행정복지센터,2024-09-02 18:00,9.0,0.0,0.0,0.024
동산동 행정복지센터,2024-09-02 18:05,9.0,0.0,0.0,0.025
동산동 행정복지센터,2024-09-02 18:10,9.0,0.0,0.0,0.025
동산동 행정복지센터,2024-09-02 18:15,9.0,0.0,0.0,0.023
동산동 행정복지센터,2024-09-02 18:20,9.0,0.0,0.0,0.023
동산동 행정복지센터,2024-09-02 18:25,9.0,0.0,0.0,0.024
동산동 행정복지센터,2024-09-02 18:30,9.0,0.0,0.0,0.026
동산동 행정복지센터,2024-09-02 18:35,9.0,0.0,0.0,0.025
동산동 행정복지센터,2024-09-02 18:40,9.0,0.0,0.0,0.025
동산동 행정복지센터,2024-09-02 18:45,8.9,0.0,0.0,0.025
동산동 행정복지센터,2024-09-02 18:50,8.6,0.0,0.0,0.025
동산동 행정복지센터,2024-09-02 18:55,8.0,0.0,0.0,0.024
동산동 행정복지센터,2024-09-02 19:00,8.0,0.0,0.0,0.024
동산동 행정복지센터,2024-09-02 19:05,8.0,0.0,0.0,0.023
동산동 행정복지센터,2024-09-02 19:10,8.0,0.0,0.0,0.024
동산동 행정복지센터,2024-09-02 19:15,8.0,0.0,0.0,0.024
동산동 행정복지센터,2024-09-02 19:20,8.0,0.0,0.0,0.024
동산동 행정복지센터,2024-09-02 19:25,8.0,0.0,0.0,0.024
동산동 행정복지센터,2024-09-02 19:30,8.0,0.0,0.0,0.025
동산동 행정복지센터,2024-09-02 19:35,7.9,0.0,0.0,0.025
동산동 행정복지센터,2024-09-02 19:40,8.0,0.0,0.0,0.025
동산동 행정복지센터,2024-09-02 19:45,7.6,0.0,0.0,0.024
동산동 행정복지센터,2024-09-02 19:50,7.8,0.0,0.0,0.025
동산동 행정복지센터,2024-09-02 19:55,8.0,0.0,0.0,0.025
동산동 행정복지센터,2024-09-02 20:00,8.0,0.0,0.0,0.027
동산동 행정복지센터,2024-09-02 20:05,8.0,0.0,0.0,0.027
동산동 행정복지센터,2024-09-02 20:10,8.0,0.0,0.0,0.026
동산동 행정복지센터,2024-09-02 20:15,8.0,0.0,0.0,0.026
동산동 행정복지센터,2024-09-02 20:20,7.9,0.0,0.0,0.025
동산동 행정복지센터,2024-09-02 20:25,7.8,0.0,0.0,0.025
동산동 행정복지센터,2024-09-02 20:30,8.0,0.0,0.0,0.027
동산동 행정복지센터,2024-09-02 20:35,7.9,0.0,0.0,0.028
동산동 행정복지센터,2024-09-02 20:40,7.4,0.0,0.0,0.029
동산동 행정복지센터,2024-09-02 20:45,7.0,0.0,0.0,0.028
동산동 행정복지센터,2024-09-02 20:50,7.0,0.0,0.0,0.027
동산동 행정복지센터,2024-09-02 20:55,7.0,0.0,0.0,0.03
동산동 행정복지센터,2024-09-02 21:00,7.0,0.0,0.004,0.031
동산동 행정복지센터,2024-09-02 21:05,7.0,0.0,0.006,0.031
동산동 행정복지센터,2024-09-02 21:10,7.0,0.0,0.003,0.03
동산동 행정복지센터,2024-09-02 21:15,7.0,0.0,0.0,0.03
동산동 행정복지센터,2024-09-02 21:20,7.0,0.0,0.0,0.028
동산동 행정복지센터,2024-09-02 21:25,7.0,0.0,0.0,0.028
동산동 행정복지센터,2024-09-02 21:30,7.0,0.0,0.0,0.029
동산동 행정복지센터,2024-09-02 21:35,7.0,0.0,0.0,0.03
동산동 행정복지센터,2024-09-02 21:40,7.0,0.0,0.0,0.031
동산동 행정복지센터,2024-09-02 21:45,7.0,0.0,0.0,0.031
동산동 행정복지센터,2024-09-02 21:50,7.0,0.0,0.0,0.032
동산동 행정복지센터,2024-09-02 21:55,7.0,0.0,0.0,0.034
동산동 행정복지센터,2024-09-02 22:00,7.0,0.0,0.0,0.035
동산동 행정복지센터,2024-09-02 22:05,7.0,0.0,0.0,0.035
동산동 행정복지센터,2024-09-02 22:10,7.0,0.0,0.0,0.036
동산동 행정복지센터,2024-09-02 22:15,7.0,0.0,0.0,0.035
동산동 행정복지센터,2024-09-02 22:20,7.0,0.0,0.0,0.034
동산동 행정복지센터,2024-09-02 22:25,7.0,0.0,0.0,0.034
동산동 행정복지센터,2024-09-02 22:30,6.0,0.0,0.0,0.035
동산동 행정복지센터,2024-09-02 22:35,6.0,0.0,0.0,0.036
동산동 행정복지센터,2024-09-02 22:40,6.0,0.0,0.002,0.039
동산동 행정복지센터,2024-09-02 22:45,6.0,0.0,0.006,0.04
동산동 행정복지센터,2024-09-02 22:50,6.0,0.0,0.007,0.04
동산동 행정복지센터,2024-09-02 22:55,6.0,0.0,0.01,0.042
동산동 행정복지센터,2024-09-02 23:00,6.0,0.0,0.013,0.044
동산동 행정복지센터,2024-09-02 23:05,6.0,0.0,0.017,0.044
동산동 행정복지센터,2024-09-02 23:10,6.0,0.0,0.019,0.046
동산동 행정복지센터,2024-09-02 23:15,6.0,0.0,0.021,0.047
동산동 행정복지센터,2024-09-02 23:20,6.0,0.0,0.019,0.047
동산동 행정복지센터,2024-09-02 23:25,6.0,0.0,0.017,0.049
동산동 행정복지센터,2024-09-02 23:30,6.0,0.0,0.017,0.049
동산동 행정복지센터,2024-09-02 23:35,6.0,0.0,0.016,0.05
동산동 행정복지센터,2024-09-02 23:40,6.0,0.0,0.014,0.051
동산동 행정복지센터,2024-09-02 23:45,6.7,0.0,0.014,0.053
동산동 행정복지센터,2024-09-02 23:50,6.8,0.0,0.014,0.052
동산동 행정복지센터,2024-09-02 23:55,6.1,0.0,0.013,0.051
음식물처리장,2024-09-02 00:00,2.0,0.0,0.172,0.051
음식물처리장,2024-09-02 00:05,2.0,0.0,0.171,0.051
음식물처리장,2024-09-02 00:10,2.4,0.0,0.167,0.052
음식물처리장,2024-09-02 00:15,2.7,0.0,0.165,0.051
음식물처리장,2024-09-02 00:20,2.0,0.0,0.169,0.051
음식물처리장,2024-09-02 00:25,2.0,0.0,0.169,0.051
음식물처리장,2024-09-02 00:30,2.1,0.0,0.165,0.051
음식물처리장,2024-09-02 00:35,2.5,0.0,0.163,0.052
음식물처리장,2024-09-02 00:40,2.7,0.0,0.16,0.052
음식물처리장,2024-09-02 00:45,2.0,0.0,0.158,0.051
음식물처리장,2024-09-02 00:50,2.2,0.0,0.159,0.051
음식물처리장,2024-09-02 00:55,2.7,0.0,0.153,0.052
음식물처리장,2024-09-02 01:00,2.9,0.0,0.152,0.052
음식물처리장,2024-09-02 01:05,2.1,0.0,0.154,0.051
음식물처리장,2024-09-02 01:10,2.4,0.008,0.161,0.053
음식물처리장,2024-09-02 01:15,3.0,0.014,0.161,0.054
음식물처리장,2024-09-02 01:20,3.0,0.0,0.157,0.054
음식물처리장,2024-09-02 01:25,3.1,0.0,0.148,0.056
음식물처리장,2024-09-02 01:30,3.0,0.0,0.149,0.054
음식물처리장,2024-09-02 01:35,3.0,0.0,0.148,0.054
음식물처리장,2024-09-02 01:40,3.0,0.0,0.146,0.052
음식물처리장,2024-09-02 01:45,2.4,0.0,0.146,0.052
음식물처리장,2024-09-02 01:50,2.8,0.0,0.148,0.054
음식물처리장,2024-09-02 01:55,3.4,0.0,0.153,0.056
음식물처리장,2024-09-02 02:00,3.0,0.0,0.15,0.055
음식물처리장,2024-09-02 02:05,3.3,0.0,0.149,0.057
음식물처리장,2024-09-02 02:10,3.3,0.0,0.149,0.057
음식물처리장,2024-09-02 02:15,3.0,0.0,0.148,0.057
음식물처리장,2024-09-02 02:20,2.5,0.0,0.142,0.055
음식물처리장,2024-09-02 02:25,2.2,0.0,0.144,0.055
음식물처리장,2024-09-02 02:30,2.8,0.0,0.146,0.056
음식물처리장,2024-09-02 02:35,2.8,0.0,0.145,0.056
음식물처리장,2024-09-02 02:40,2.9,0.0,0.141,0.057
음식물처리장,2024-09-02 02:45,3.0,0.0,0.139,0.059
음식물처리장,2024-09-02 02:50,3.0,0.0,0.139,0.06
음식물처리장,2024-09-02 02:55,3.0,0.0,0.133,0.058
음식물처리장,2024-09-02 03:00,2.6,0.0,0.129,0.056
음식물처리장,2024-09-02 03:05,2.0,0.0,0.132,0.058
음식물처리장,2024-09-02 03:10,2.4,0.0,0.131,0.058
음식물처리장,2024-09-02 03:15,3.0,0.0,0.131,0.059
음식물처리장,2024-09-02 03:20,2.8,0.0,0.125,0.057
음식물처리장,2024-09-02 03:25,2.0,0.0,0.123,0.056
음식물처리장,2024-09-02 03:30,2.7,0.001,0.127,0.058
음식물처리장,2024-09-02 03:35,2.4,0.0,0.125,0.057
음식물처리장,2024-09-02 03:40,2.0,0.002,0.126,0.056
음식물처리장,2024-09-02 03:45,2.0,0.0,0.129,0.058
음식물처리장,2024-09-02 03:50,2.3,0.0,0.129,0.058
음식물처리장,2024-09-02 03:55,3.0,0.0,0.129,0.057
음식물처리장,2024-09-02 04:00,2.2,0.0,0.126,0.057
음식물처리장,2024-09-02 04:05,2.9,0.002,0.124,0.058
음식물처리장,2024-09-02 04:10,2.6,0.0,0.126,0.058
음식물처리장,2024-09-02 04:15,2.9,0.0,0.121,0.058
음식물처리장,2024-09-02 04:20,2.9,0.0,0.118,0.058
음식물처리장,2024-09-02 04:25,2.1,0.0,0.113,0.059
음식물처리장,2024-09-02 04:30,2.4,0.0,0.112,0.058
음식물처리장,2024-09-02 04:35,3.0,0.0,0.108,0.058
음식물처리장,2024-09-02 04:40,3.1,0.0,0.108,0.059
음식물처리장,2024-09-02 04:45,2.9,0.0,0.105,0.056
음식물처리장,2024-09-02 04:50,2.1,0.0,0.109,0.057
음식물처리장,2024-09-02 04:55,2.5,0.0,0.11,0.057
음식물처리장,2024-09-02 05:00,3.0,0.0,0.114,0.059
음식물처리장,2024-09-02 05:05,3.0,0.0,0.114,0.059
음식물처리장,2024-09-02 05:10,3.0,0.0,0.11,0.059
음식물처리장,2024-09-02 05:15,3.0,0.0,0.11,0.059
음식물처리장,2024-09-02 05:20,3.0,0.0,0.109,0.059
음식물처리장,2024-09-02 05:25,3.0,0.0,0.107,0.059
음식물처리장,2024-09-02 05:30,3.0,0.0,0.106,0.061
음식물처리장,2024-09-02 05:35,3.0,0.0,0.11,0.063
음식물처리장,2024-09-02 05:40,3.0,0.0,0.104,0.062
음식물처리장,2024-09-02 05:45,3.0,0.0,0.101,0.061
음식물처리장,2024-09-02 05:50,3.0,0.0,0.102,0.061
음식물처리장,2024-09-02 05:55,3.0,0.0,0.099,0.06
음식물처리장,2024-09-02 06:00,3.0,0.0,0.104,0.061
음식물처리장,2024-09-02 06:05,3.0,0.0,0.105,0.062
음식물처리장,2024-09-02 06:10,3.1,0.0,0.103,0.063
음식물처리장,2024-09-02 06:15,3.5,0.0,0.101,0.065
음식물처리장,2024-09-02 06:20,3.0,0.0,0.101,0.063
음식물처리장,2024-09-02 06:25,3.0,0.0,0.101,0.063
음식물처리장,2024-09-02 06:30,3.0,0.0,0.101,0.065
음식물처리장,2024-09-02 06:35,3.0,0.0,0.105,0.063
음식물처리장,2024-09-02 06:40,3.1,0.0,0.107,0.067
음식물처리장,2024-09-02 06:45,3.0,0.0,0.116,0.067
음식물처리장,2024-09-02 06:50,2.2,0.0,0.115,0.066
음식물처리장,2024-09-02 06:55,3.0,0.0,0.123,0.068
음식물처리장,2024-09-02 07:00,3.0,0.0,0.114,0.069
음식물처리장,2024-09-02 07:05,3.0,0.0,0.111,0.069
음식물처리장,2024-09-02 07:10,3.0,0.0,0.09,0.066
음식물처리장,2024-09-02 07:15,3.0,0.0,0.088,0.066
음식물처리장,2024-09-02 07:20,3.0,0.0,0.092,0.066
음식물처리장,2024-09-02 07:25,3.0,0.0,0.093,0.066
음식물처리장,2024-09-02 07:30,3.0,0.0,0.099,0.067
음식물처리장,2024-09-02 07:35,3.0,0.0,0.095,0.067
음식물처리장,2024-09-02 07:40,3.0,0.0,0.077,0.062
음식물처리장,2024-09-02 07:45,3.0,0.0,0.064,0.06
음식물처리장,2024-09-02 07:50,3.5,0.0,0.077,0.061
음식물처리장,2024-09-02 07:55,3.0,0.0,0.067,0.059
음식물처리장,2024-09-02 08:00,3.0,0.0,0.047,0.055
음식물처리장,2024-09-02 08:05,3.1,0.0,0.047,0.054
음식물처리장,2024-09-02 08:10,3.0,0.0,0.051,0.052
음식물처리장,2024-09-02 08:15,3.3,0.0,0.044,0.053
음식물처리장,2024-09-02 08:20,3.0,0.0,0.045,0.052
음식물처리장,2024-09-02 08:25,3.0,0.0,0.048,0.052
음식물처리장,2024-09-02 08:30,4.2,0.0,0.057,0.055
음식물처리장,2024-09-02 08:35,3.2,0.0,0.035,0.052
음식물처리장,2024-09-02 08:40,3.1,0.0,0.034,0.05
음식물처리장,2024-09-02 08:45,3.0,0.0,0.022,0.049
음식물처리장,2024-09-02 08:50,3.0,0.0,0.019,0.049
음식물처리장,2024-09-02 08:55,3.0,0.0,0.019,0.047
음식물처리장,2024-09-02 09:00,2.9,0.0,0.014,0.046
음식물처리장,2024-09-02 09:05,2.9,0.0,0.01,0.044
음식물처리장,2024-09-02 09:10,2.5,0.0,0.034,0.044
음식물처리장,2024-09-02 09:15,3.1,0.0,0.039,0.045
음식물처리장,2024-09-02 09:20,2.9,0.0,0.05,0.045
음식물처리장,2024-09-02 09:25,2.5,0.0,0.061,0.044
음식물처리장,2024-09-02 09:30,2.3,0.0,0.078,0.045
음식물처리장,2024-09-02 09:35,2.0,0.0,0.09,0.044
음식물처리장,2024-09-02 09:40,2.0,0.0,0.101,0.045
음식물처리장,2024-09-02 09:45,2.1,0.0,0.119,0.046
음식물처리장,2024-09-02 09:50,2.0,0.0,0.116,0.045
음식물처리장,2024-09-02 09:55,2.0,0.0,0.11,0.044
음식물처리장,2024-09-02 10:00,2.0,0.0,0.095,0.044
음식물처리장,2024-09-02 10:05,2.0,0.0,0.104,0.045
음식물처리장,2024-09-02 10:10,2.0,0.0,0.104,0.045
음식물처리장,2024-09-02 10:15,2.0,0.0,0.111,0.045
음식물처리장,2024-09-02 10:20,2.0,0.0,0.115,0.045
음식물처리장,2024-09-02 10:25,2.0,0.0,0.122,0.044
음식물처리장,2024-09-02 10:30,2.0,0.0,0.123,0.045
음식물처리장,2024-09-02 10:35,2.0,0.0,0.127,0.046
음식물처리장,2024-09-02 10:40,2.7,0.0,0.139,0.049
음식물처리장,2024-09-02 10:45,2.1,0.0,0.138,0.047
음식물처리장,2024-09-02 10:50,3.9,0.0,0.108,0.049
음식물처리장,2024-09-02 10:55,2.9,0.0,0.109,0.048
음식물처리장,2024-09-02 11:00,2.3,0.0,0.083,0.046
음식물처리장,2024-09-02 11:05,2.4,0.0,0.085,0.047
음식물처리장,2024-09-02 11:10,2.0,0.0,0.07,0.045
음식물처리장,2024-09-02 11:15,2.1,0.0,0.082,0.044
음식물처리장,2024-09-02 11:20,2.7,0.0,0.07,0.044
음식물처리장,2024-09-02 11:25,2.2,0.0,0.08,0.045
음식물처리장,2024-09-02 11:30,2.3,0.0,0.092,0.044
음식물처리장,2024-09-02 11:35,2.0,0.0,0.093,0.044
음식물처리장,2024-09-02 11:40,2.1,0.0,0.102,0.044
음식물처리장,2024-09-02 11:45,2.0,0.0,0.086,0.044
음식물처리장,2024-09-02 11:50,2.0,0.0,0.076,0.042
음식물처리장,2024-09-02 11:55,2.0,0.0,0.074,0.043
음식물처리장,2024-09-02 12:00,3.6,0.0,0.074,0.049
음식물처리장,2024-09-02 12:05,2.0,0.0,0.071,0.044
음식물처리장,2024-09-02 12:10,2.0,0.0,0.061,0.043
음식물처리장,2024-09-02 12:15,2.0,0.0,0.064,0.043
음식물처리장,2024-09-02 12:20,2.2,0.0,0.128,0.047
음식물처리장,2024-09-02 12:25,2.3,0.0,0.162,0.05
음식물처리장,2024-09-02 12:30,2.5,0.0,0.166,0.05
음식물처리장,2024-09-02 12:35,2.3,0.0,0.163,0.049
음식물처리장,2024-09-02 12:40,2.0,0.0,0.156,0.049
음식물처리장,2024-09-02 12:45,2.2,0.0,0.14,0.049
음식물처리장,2024-09-02 12:50,3.0,0.0,0.138,0.05
음식물처리장,2024-09-02 12:55,2.8,0.0,0.129,0.049
음식물처리장,2024-09-02 13:00,3.1,0.0,0.128,0.05
음식물처리장,2024-09-02 13:05,3.3,0.0,0.126,0.051
음식물처리장,2024-09-02 13:10,3.7,0.0,0.131,0.054
음식물처리장,2024-09-02 13:15,2.6,0.0,0.137,0.051
음식물처리장,2024-09-02 13:20,2.4,0.0,0.143,0.049
음식물처리장,2024-09-02 13:25,2.5,0.0,0.149,0.049
음식물처리장,2024-09-02 13:30,2.0,0.0,0.147,0.05
음식물처리장,2024-09-02 13:35,2.9,0.0,0.15,0.051
음식물처리장,2024-09-02 13:40,2.3,0.0,0.136,0.049
음식물처리장,2024-09-02 13:45,2.0,0.0,0.127,0.049
음식물처리장,2024-09-02 13:50,2.1,0.0,0.113,0.048
음식물처리장,2024-09-02 13:55,2.0,0.0,0.107,0.047
음식물처리장,2024-09-02 14:00,2.2,0.0,0.121,0.048
음식물처리장,2024-09-02 14:05,2.3,0.0,0.071,0.045
음식물처리장,2024-09-02 14:10,2.2,0.0,0.014,0.044
음식물처리장,2024-09-02 14:15,2.0,0.0,0.0,0.042
음식물처리장,2024-09-02 14:20,2.0,0.0,0.0,0.041
음식물처리장,2024-09-02 14:25,2.0,0.0,0.0,0.041
음식물처리장,2024-09-02 14:30,2.0,0.0,0.0,0.042
음식물처리장,2024-09-02 14:35,2.0,0.0,0.001,0.042
음식물처리장,2024-09-02 14:40,2.9,0.0,0.041,0.046
음식물처리장,2024-09-02 14:45,3.3,0.0,0.073,0.048
음식물처리장,2024-09-02 14:50,2.9,0.0,0.08,0.048
음식물처리장,2024-09-02 14:55,2.5,0.0,0.079,0.047
음식물처리장,2024-09-02 15:00,2.8,0.0,0.083,0.05
음식물처리장,2024-09-02 15:05,3.4,0.0,0.097,0.053
음식물처리장,2024-09-02 15:10,3.0,0.0,0.091,0.05
음식물처리장,2024-09-02 15:15,3.1,0.0,0.092,0.05
음식물처리장,2024-09-02 15:20,3.2,0.0,0.093,0.05
음식물처리장,2024-09-02 15:25,3.2,0.0,0.109,0.05
음식물처리장,2024-09-02 15:30,3.3,0.0,0.126,0.051
음식물처리장,2024-09-02 15:35,3.2,0.0,0.118,0.051
음식물처리장,2024-09-02 15:40,3.9,0.0,0.131,0.055
음식물처리장,2024-09-02 15:45,3.4,0.0,0.133,0.053
음식물처리장,2024-09-02 15:50,3.3,0.0,0.124,0.051
음식물처리장,2024-09-02 15:55,3.3,0.0,0.125,0.051
음식물처리장,2024-09-02 16:00,3.6,0.0,0.09,0.054
음식물처리장,2024-09-02 16:05,4.8,0.0,0.13,0.059
음식물처리장,2024-09-02 16:10,3.0,0.0,0.109,0.051
음식물처리장,2024-09-02 16:15,3.8,0.0,0.114,0.053
음식물처리장,2024-09-02 16:20,3.3,0.0,0.129,0.054
음식물처리장,2024-09-02 16:25,3.0,0.0,0.137,0.051
음식물처리장,2024-09-02 16:30,3.0,0.0,0.149,0.053
음식물처리장,2024-09-02 16:35,2.8,0.0,0.146,0.052
음식물처리장,2024-09-02 16:40,2.8,0.0,0.145,0.052
음식물처리장,2024-09-02 16:45,2.3,0.0,0.147,0.051
음식물처리장,2024-09-02 16:50,3.1,0.0,0.147,0.053
음식물처리장,2024-09-02 16:55,2.7,0.0,0.138,0.052
음식물처리장,2024-09-02 17:00,3.2,0.0,0.133,0.055
음식물처리장,2024-09-02 17:05,2.8,0.0,0.128,0.051
음식물처리장,2024-09-02 17:10,2.7,0.0,0.125,0.052
음식물처리장,2024-09-02 17:15,3.2,0.0,0.126,0.055
음식물처리장,2024-09-02 17:20,2.9,0.0,0.117,0.051
음식물처리장,2024-09-02 17:25,2.9,0.0,0.128,0.055
음식물처리장,2024-09-02 17:30,2.5,0.0,0.141,0.051
음식물처리장,2024-09-02 17:35,2.5,0.0,0.144,0.053
음식물처리장,2024-09-02 17:40,2.2,0.0,0.134,0.051
음식물처리장,2024-09-02 17:45,2.4,0.0,0.132,0.051
음식물처리장,2024-09-02 17:50,4.0,0.0,0.131,0.053
음식물처리장,2024-09-02 17:55,8.1,0.0,0.147,0.066
음식물처리장,2024-09-02 18:00,10.4,0.0,0.148,0.073
음식물처리장,2024-09-02 18:05,12.9,0.0,0.157,0.084
음식물처리장,2024-09-02 18:10,8.5,0.0,0.153,0.069
음식물처리장,2024-09-02 18:15,5.9,0.0,0.133,0.065
음식물처리장,2024-09-02 18:20,3.4,0.0,0.12,0.055
음식물처리장,2024-09-02 18:25,3.9,0.0,0.112,0.059
음식물처리장,2024-09-02 18:30,3.0,0.001,0.115,0.055
음식물처리장,2024-09-02 18:35,2.8,0.0,0.116,0.052
음식물처리장,2024-09-02 18:40,3.5,0.0,0.127,0.054
음식물처리장,2024-09-02 18:45,3.5,0.0,0.143,0.055
음식물처리장,2024-09-02 18:50,2.5,0.0,0.148,0.053
음식물처리장,2024-09-02 18:55,2.7,0.0,0.158,0.054
음식물처리장,2024-09-02 19:00,2.8,0.0,0.161,0.053
음식물처리장,2024-09-02 19:05,2.8,0.001,0.162,0.055
음식물처리장,2024-09-02 19:10,2.3,0.001,0.161,0.052
음식물처리장,2024-09-02 19:15,2.0,0.0,0.153,0.051
음식물처리장,2024-09-02 19:20,2.1,0.0,0.152,0.051
음식물처리장,2024-09-02 19:25,2.5,0.0,0.156,0.053
음식물처리장,2024-09-02 19:30,3.1,0.0,0.166,0.053
음식물처리장,2024-09-02 19:35,2.7,0.0,0.176,0.053
음식물처리장,2024-09-02 19:40,2.1,0.0,0.188,0.051
음식물처리장,2024-09-02 19:45,2.0,0.0,0.191,0.052
음식물처리장,2024-09-02 19:50,2.7,0.002,0.195,0.053
음식물처리장,2024-09-02 19:55,3.4,0.019,0.199,0.055
음식물처리장,2024-09-02 20:00,4.0,0.006,0.199,0.056
음식물처리장,2024-09-02 20:05,8.9,0.023,0.199,0.067
음식물처리장,2024-09-02 20:10,5.6,0.053,0.196,0.058
음식물처리장,2024-09-02 20:15,12.6,0.043,0.195,0.08
음식물처리장,2024-09-02 20:20,4.1,0.015,0.195,0.057
음식물처리장,2024-09-02 20:25,6.3,0.032,0.204,0.062
음식물처리장,2024-09-02 20:30,4.4,0.011,0.2,0.061
음식물처리장,2024-09-02 20:35,3.0,0.001,0.195,0.056
음식물처리장,2024-09-02 20:40,3.0,0.0,0.18,0.056
음식물처리장,2024-09-02 20:45,3.0,0.0,0.186,0.055
음식물처리장,2024-09-02 20:50,2.8,0.0,0.186,0.053
음식물처리장,2024-09-02 20:55,2.4,0.0,0.188,0.054
음식물처리장,2024-09-02 21:00,2.9,0.0,0.189,0.053
음식물처리장,2024-09-02 21:05,3.2,0.029,0.198,0.056
음식물처리장,2024-09-02 21:10,3.0,0.003,0.191,0.054
음식물처리장,2024-09-02 21:15,2.9,0.005,0.192,0.053
음식물처리장,2024-09-02 21:20,3.0,0.0,0.191,0.053
음식물처리장,2024-09-02 21:25,4.4,0.0,0.191,0.058
음식물처리장,2024-09-02 21:30,4.0,0.0,0.173,0.06
음식물처리장,2024-09-02 21:35,4.6,0.0,0.175,0.06
음식물처리장,2024-09-02 21:40,3.2,0.0,0.193,0.057
음식물처리장,2024-09-02 21:45,3.0,0.0,0.194,0.057
음식물처리장,2024-09-02 21:50,3.0,0.0,0.196,0.056
음식물처리장,2024-09-02 21:55,3.0,0.0,0.189,0.055
음식물처리장,2024-09-02 22:00,2.9,0.0,0.193,0.055
음식물처리장,2024-09-02 22:05,4.9,0.001,0.195,0.064
음식물처리장,2024-09-02 22:10,4.7,0.0,0.187,0.062
음식물처리장,2024-09-02 22:15,3.1,0.0,0.201,0.057
음식물처리장,2024-09-02 22:20,3.0,0.0,0.204,0.057
음식물처리장,2024-09-02 22:25,3.0,0.0,0.205,0.057
음식물처리장,2024-09-02 22:30,2.5,0.0,0.209,0.055
음식물처리장,2024-09-02 22:35,2.0,0.0,0.214,0.054
음식물처리장,2024-09-02 22:40,2.4,0.0,0.221,0.055
음식물처리장,2024-09-02 22:45,2.0,0.0,0.217,0.055
음식물처리장,2024-09-02 22:50,2.1,0.0,0.218,0.054
음식물처리장,2024-09-02 22:55,2.0,0.0,0.219,0.054
음식물처리장,2024-09-02 23:00,2.0,0.0,0.214,0.053
음식물처리장,2024-09-02 23:05,3.3,0.0,0.213,0.056
음식물처리장,2024-09-02 23:10,4.8,0.002,0.198,0.06
음식물처리장,2024-09-02 23:15,4.8,0.006,0.2,0.06
음식물처리장,2024-09-02 23:20,6.5,0.001,0.185,0.065
음식물처리장,2024-09-02 23:25,6.7,0.001,0.173,0.065
음식물처리장,2024-09-02 23:30,3.7,0.0,0.188,0.058
음식물처리장,2024-09-02 23:35,3.1,0.0,0.195,0.057
음식물처리장,2024-09-02 23:40,3.0,0.0,0.194,0.056
음식물처리장,2024-09-02 23:45,3.0,0.0,0.189,0.056
음식물처리장,2024-09-02 23:50,3.2,0.0,0.183,0.058
음식물처리장,2024-09-02 23:55,4.3,0.0,0.179,0.06
익산공공 하수처리시설,2024-09-02 00:00,4.0,0.002,0.045,0.045
익산공공 하수처리시설,2024-09-02 00:05,4.0,0.003,0.048,0.044
익산공공 하수처리시설,2024-09-02 00:10,3.6,0.003,0.048,0.045
익산공공 하수처리시설,2024-09-02 00:15,4.0,0.003,0.049,0.046
익산공공 하수처리시설,2024-09-02 00:20,4.0,0.003,0.044,0.045
익산공공 하수처리시설,2024-09-02 00:25,4.0,0.003,0.037,0.044
익산공공 하수처리시설,2024-09-02 00:30,3.7,0.003,0.038,0.045
익산공공 하수처리시설,2024-09-02 00:35,3.4,0.002,0.04,0.046
익산공공 하수처리시설,2024-09-02 00:40,3.9,0.002,0.041,0.045
익산공공 하수처리시설,2024-09-02 00:45,3.6,0.002,0.039,0.043
익산공공 하수처리시설,2024-09-02 00:50,3.3,0.003,0.032,0.044
익산공공 하수처리시설,2024-09-02 00:55,3.0,0.003,0.033,0.044
익산공공 하수처리시설,2024-09-02 01:00,3.0,0.002,0.03,0.047
익산공공 하수처리시설,2024-09-02 01:05,3.1,0.002,0.025,0.045
익산공공 하수처리시설,2024-09-02 01:10,3.0,0.003,0.018,0.045
익산공공 하수처리시설,2024-09-02 01:15,3.0,0.002,0.017,0.043
익산공공 하수처리시설,2024-09-02 01:20,3.3,0.003,0.015,0.045
익산공공 하수처리시설,2024-09-02 01:25,3.3,0.003,0.018,0.044
익산공공 하수처리시설,2024-09-02 01:30,3.0,0.002,0.02,0.044
익산공공 하수처리시설,2024-09-02 01:35,3.1,0.002,0.026,0.045
익산공공 하수처리시설,2024-09-02 01:40,3.1,0.001,0.029,0.046
익산공공 하수처리시설,2024-09-02 01:45,3.1,0.002,0.028,0.045
익산공공 하수처리시설,2024-09-02 01:50,3.0,0.003,0.027,0.045
익산공공 하수처리시설,2024-09-02 01:55,3.0,0.002,0.027,0.045
익산공공 하수처리시설,2024-09-02 02:00,3.0,0.003,0.027,0.046
익산공공 하수처리시설,2024-09-02 02:05,3.6,0.003,0.024,0.047
익산공공 하수처리시설,2024-09-02 02:10,3.0,0.002,0.025,0.044
익산공공 하수처리시설,2024-09-02 02:15,3.1,0.003,0.026,0.045
익산공공 하수처리시설,2024-09-02 02:20,3.0,0.003,0.026,0.046
익산공공 하수처리시설,2024-09-02 02:25,3.4,0.001,0.021,0.046
익산공공 하수처리시설,2024-09-02 02:30,3.4,0.003,0.019,0.044
익산공공 하수처리시설,2024-09-02 02:35,3.2,0.002,0.017,0.044
익산공공 하수처리시설,2024-09-02 02:40,3.1,0.001,0.014,0.044
익산공공 하수처리시설,2024-09-02 02:45,3.0,0.002,0.015,0.046
익산공공 하수처리시설,2024-09-02 02:50,3.8,0.002,0.012,0.044
익산공공 하수처리시설,2024-09-02 02:55,4.0,0.002,0.007,0.044
익산공공 하수처리시설,2024-09-02 03:00,3.2,0.004,0.01,0.045
익산공공 하수처리시설,2024-09-02 03:05,3.4,0.003,0.004,0.044
익산공공 하수처리시설,2024-09-02 03:10,3.0,0.002,0.006,0.043
익산공공 하수처리시설,2024-09-02 03:15,3.0,0.003,0.006,0.045
익산공공 하수처리시설,2024-09-02 03:20,3.0,0.003,0.006,0.046
익산공공 하수처리시설,2024-09-02 03:25,3.1,0.002,0.004,0.046
익산공공 하수처리시설,2024-09-02 03:30,3.0,0.002,0.005,0.045
익산공공 하수처리시설,2024-09-02 03:35,3.0,0.003,0.004,0.045
익산공공 하수처리시설,2024-09-02 03:40,3.0,0.002,0.004,0.046
익산공공 하수처리시설,2024-09-02 03:45,3.0,0.002,0.005,0.044
익산공공 하수처리시설,2024-09-02 03:50,3.0,0.001,0.004,0.045
익산공공 하수처리시설,2024-09-02 03:55,3.0,0.002,0.006,0.047
익산공공 하수처리시설,2024-09-02 04:00,3.0,0.003,0.005,0.046
익산공공 하수처리시설,2024-09-02 04:05,3.0,0.003,0.004,0.045
익산공공 하수처리시설,2024-09-02 04:10,3.0,0.003,0.003,0.046
익산공공 하수처리시설,2024-09-02 04:15,3.3,0.002,0.005,0.046
익산공공 하수처리시설,2024-09-02 04:20,3.0,0.003,0.005,0.044
익산공공 하수처리시설,2024-09-02 04:25,3.0,0.003,0.005,0.045
익산공공 하수처리시설,2024-09-02 04:30,3.0,0.003,0.005,0.044
익산공공 하수처리시설,2024-09-02 04:35,3.0,0.003,0.004,0.043
익산공공 하수처리시설,2024-09-02 04:40,3.0,0.003,0.004,0.043
익산공공 하수처리시설,2024-09-02 04:45,3.0,0.004,0.004,0.044
익산공공 하수처리시설,2024-09-02 04:50,3.0,0.002,0.004,0.045
익산공공 하수처리시설,2024-09-02 04:55,3.0,0.002,0.007,0.045
익산공공 하수처리시설,2024-09-02 05:00,3.1,0.003,0.004,0.045
익산공공 하수처리시설,2024-09-02 05:05,3.0,0.002,0.005,0.044
익산공공 하수처리시설,2024-09-02 05:10,3.0,0.002,0.005,0.045
익산공공 하수처리시설,2024-09-02 05:15,3.2,0.003,0.004,0.046
익산공공 하수처리시설,2024-09-02 05:20,3.4,0.003,0.006,0.043
익산공공 하수처리시설,2024-09-02 05:25,3.2,0.003,0.006,0.044
익산공공 하수처리시설,2024-09-02 05:30,3.3,0.003,0.003,0.046
익산공공 하수처리시설,2024-09-02 05:35,3.6,0.003,0.005,0.043
익산공공 하수처리시설,2024-09-02 05:40,4.0,0.003,0.005,0.045
익산공공 하수처리시설,2024-09-02 05:45,4.0,0.003,0.004,0.045
익산공공 하수처리시설,2024-09-02 05:50,4.0,0.002,0.007,0.047
익산공공 하수처리시설,2024-09-02 05:55,4.0,0.003,0.005,0.044
익산공공 하수처리시설,2024-09-02 06:00,3.5,0.003,0.005,0.045
익산공공 하수처리시설,2024-09-02 06:05,3.4,0.003,0.005,0.044
익산공공 하수처리시설,2024-09-02 06:10,3.9,0.002,0.007,0.045
익산공공 하수처리시설,2024-09-02 06:15,3.9,0.002,0.004,0.043
익산공공 하수처리시설,2024-09-02 06:20,4.0,0.003,0.005,0.047
익산공공 하수처리시설,2024-09-02 06:25,3.8,0.003,0.004,0.044
익산공공 하수처리시설,2024-09-02 06:30,3.9,0.004,0.005,0.044
익산공공 하수처리시설,2024-09-02 06:35,3.9,0.003,0.006,0.045
익산공공 하수처리시설,2024-09-02 06:40,4.0,0.003,0.004,0.044
익산공공 하수처리시설,2024-09-02 06:45,4.0,0.002,0.015,0.043
익산공공 하수처리시설,2024-09-02 06:50,4.0,0.002,0.028,0.045
익산공공 하수처리시설,2024-09-02 06:55,4.0,0.003,0.045,0.045
익산공공 하수처리시설,2024-09-02 07:00,4.0,0.002,0.062,0.046
익산공공 하수처리시설,2024-09-02 07:05,4.2,0.004,0.07,0.046
익산공공 하수처리시설,2024-09-02 07:10,5.0,0.004,0.055,0.045
익산공공 하수처리시설,2024-09-02 07:15,5.0,0.003,0.039,0.047
익산공공 하수처리시설,2024-09-02 07:20,4.2,0.002,0.014,0.045
익산공공 하수처리시설,2024-09-02 07:25,4.8,0.002,0.022,0.047
익산공공 하수처리시설,2024-09-02 07:30,5.0,0.002,0.033,0.044
익산공공 하수처리시설,2024-09-02 07:35,5.0,0.004,0.065,0.044
익산공공 하수처리시설,2024-09-02 07:40,5.0,0.002,0.084,0.044
익산공공 하수처리시설,2024-09-02 07:45,5.2,0.003,0.091,0.046
익산공공 하수처리시설,2024-09-02 07:50,5.3,0.002,0.081,0.044
익산공공 하수처리시설,2024-09-02 07:55,6.0,0.002,0.091,0.045
익산공공 하수처리시설,2024-09-02 08:00,6.0,0.002,0.069,0.045
익산공공 하수처리시설,2024-09-02 08:05,6.0,0.002,0.041,0.045
익산공공 하수처리시설,2024-09-02 08:10,6.0,0.003,0.053,0.045
익산공공 하수처리시설,2024-09-02 08:15,6.0,0.002,0.069,0.045
익산공공 하수처리시설,2024-09-02 08:20,6.0,0.003,0.08,0.044
익산공공 하수처리시설,2024-09-02 08:25,6.0,0.003,0.04,0.045
익산공공 하수처리시설,2024-09-02 08:30,6.0,0.002,0.005,0.044
익산공공 하수처리시설,2024-09-02 08:35,5.5,0.003,0.005,0.044
익산공공 하수처리시설,2024-09-02 08:40,5.7,0.003,0.005,0.044
익산공공 하수처리시설,2024-09-02 08:45,5.2,0.002,0.005,0.044
익산공공 하수처리시설,2024-09-02 08:50,5.6,0.002,0.002,0.045
익산공공 하수처리시설,2024-09-02 08:55,5.1,0.002,0.006,0.046
익산공공 하수처리시설,2024-09-02 09:00,5.0,0.003,0.005,0.047
익산공공 하수처리시설,2024-09-02 09:05,5.0,0.003,0.005,0.043
익산공공 하수처리시설,2024-09-02 09:10,5.0,0.002,0.003,0.046
익산공공 하수처리시설,2024-09-02 09:15,5.0,0.002,0.005,0.046
익산공공 하수처리시설,2024-09-02 09:20,5.0,0.002,0.006,0.045
익산공공 하수처리시설,2024-09-02 09:25,5.0,0.002,0.005,0.046
익산공공 하수처리시설,2024-09-02 09:30,5.0,0.003,0.006,0.043
익산공공 하수처리시설,2024-09-02 09:35,5.0,0.002,0.006,0.044
익산공공 하수처리시설,2024-09-02 09:40,5.0,0.003,0.006,0.045
익산공공 하수처리시설,2024-09-02 09:45,4.8,0.003,0.007,0.045
익산공공 하수처리시설,2024-09-02 09:50,5.0,0.003,0.005,0.046
익산공공 하수처리시설,2024-09-02 09:55,5.0,0.002,0.004,0.045
익산공공 하수처리시설,2024-09-02 10:00,5.0,0.003,0.004,0.045
익산공공 하수처리시설,2024-09-02 10:05,5.0,0.002,0.006,0.047
익산공공 하수처리시설,2024-09-02 10:10,5.0,0.003,0.005,0.045
익산공공 하수처리시설,2024-09-02 10:15,5.0,0.002,0.005,0.045
익산공공 하수처리시설,2024-09-02 10:20,5.0,0.003,0.004,0.045
익산공공 하수처리시설,2024-09-02 10:25,5.0,0.002,0.005,0.045
익산공공 하수처리시설,2024-09-02 10:30,5.0,0.002,0.004,0.045
익산공공 하수처리시설,2024-09-02 10:35,5.0,0.003,0.006,0.044
익산공공 하수처리시설,2024-09-02 10:40,5.0,0.001,0.005,0.043
익산공공 하수처리시설,2024-09-02 10:45,5.0,0.002,0.004,0.045
익산공공 하수처리시설,2024-09-02 10:50,5.0,0.003,0.005,0.046
익산공공 하수처리시설,2024-09-02 10:55,5.3,0.003,0.005,0.045
익산공공 하수처리시설,2024-09-02 11:00,5.0,0.003,0.004,0.043
익산공공 하수처리시설,2024-09-02 11:05,5.0,0.002,0.005,0.046
익산공공 하수처리시설,2024-09-02 11:10,5.6,0.003,0.005,0.044
익산공공 하수처리시설,2024-09-02 11:15,5.1,0.002,0.005,0.044
익산공공 하수처리시설,2024-09-02 11:20,5.3,0.003,0.006,0.045
익산공공 하수처리시설,2024-09-02 11:25,6.0,0.003,0.006,0.045
익산공공 하수처리시설,2024-09-02 11:30,6.0,0.003,0.007,0.046
익산공공 하수처리시설,2024-09-02 11:35,5.8,0.002,0.004,0.044
익산공공 하수처리시설,2024-09-02 11:40,5.6,0.003,0.005,0.044
익산공공 하수처리시설,2024-09-02 11:45,5.7,0.002,0.006,0.043
익산공공 하수처리시설,2024-09-02 11:50,5.5,0.003,0.006,0.044
익산공공 하수처리시설,2024-09-02 11:55,5.4,0.002,0.005,0.045
익산공공 하수처리시설,2024-09-02 12:00,5.5,0.002,0.005,0.046
익산공공 하수처리시설,2024-09-02 12:05,5.6,0.003,0.005,0.045
익산공공 하수처리시설,2024-09-02 12:10,5.0,0.002,0.005,0.045
익산공공 하수처리시설,2024-09-02 12:15,5.0,0.003,0.004,0.044
익산공공 하수처리시설,2024-09-02 12:20,5.1,0.003,0.005,0.044
익산공공 하수처리시설,2024-09-02 12:25,5.8,0.003,0.006,0.045
익산공공 하수처리시설,2024-09-02 12:30,6.0,0.002,0.007,0.043
익산공공 하수처리시설,2024-09-02 12:35,6.0,0.003,0.006,0.045
익산공공 하수처리시설,2024-09-02 12:40,6.0,0.003,0.002,0.043
익산공공 하수처리시설,2024-09-02 12:45,6.0,0.003,0.006,0.045
익산공공 하수처리시설,2024-09-02 12:50,6.0,0.003,0.004,0.045
익산공공 하수처리시설,2024-09-02 12:55,5.5,0.002,0.005,0.046
익산공공 하수처리시설,2024-09-02 13:00,5.3,0.002,0.003,0.047
익산공공 하수처리시설,2024-09-02 13:05,5.1,0.002,0.004,0.044
익산공공 하수처리시설,2024-09-02 13:10,5.1,0.003,0.005,0.044
익산공공 하수처리시설,2024-09-02 13:15,5.1,0.001,0.004,0.044
익산공공 하수처리시설,2024-09-02 13:20,5.3,0.002,0.005,0.045
익산공공 하수처리시설,2024-09-02 13:25,5.0,0.002,0.005,0.045
익산공공 하수처리시설,2024-09-02 13:30,5.1,0.003,0.007,0.046
익산공공 하수처리시설,2024-09-02 13:35,5.0,0.003,0.006,0.044
익산공공 하수처리시설,2024-09-02 13:40,5.0,0.002,0.004,0.043
익산공공 하수처리시설,2024-09-02 13:45,5.0,0.003,0.004,0.044
익산공공 하수처리시설,2024-09-02 13:50,5.1,0.003,0.004,0.045
익산공공 하수처리시설,2024-09-02 13:55,5.0,0.002,0.005,0.045
익산공공 하수처리시설,2024-09-02 14:00,5.0,0.002,0.007,0.046
익산공공 하수처리시설,2024-09-02 14:05,5.6,0.003,0.003,0.044
익산공공 하수처리시설,2024-09-02 14:10,5.9,0.002,0.005,0.044
익산공공 하수처리시설,2024-09-02 14:15,5.8,0.003,0.006,0.044
익산공공 하수처리시설,2024-09-02 14:20,5.0,0.002,0.004,0.045
익산공공 하수처리시설,2024-09-02 14:25,5.0,0.004,0.006,0.044
익산공공 하수처리시설,2024-09-02 14:30,5.0,0.002,0.004,0.045
익산공공 하수처리시설,2024-09-02 14:35,5.3,0.003,0.004,0.045
익산공공 하수처리시설,2024-09-02 14:40,5.0,0.003,0.006,0.043
익산공공 하수처리시설,2024-09-02 14:45,5.8,0.002,0.004,0.044
익산공공 하수처리시설,2024-09-02 14:50,5.9,0.003,0.007,0.044
익산공공 하수처리시설,2024-09-02 14:55,5.2,0.003,0.006,0.046
익산공공 하수처리시설,2024-09-02 15:00,5.4,0.002,0.006,0.046
익산공공 하수처리시설,2024-09-02 15:05,5.0,0.003,0.004,0.045
익산공공 하수처리시설,2024-09-02 15:10,5.0,0.003,0.006,0.045
익산공공 하수처리시설,2024-09-02 15:15,5.0,0.003,0.005,0.046
익산공공 하수처리시설,2024-09-02 15:20,5.0,0.002,0.004,0.046
익산공공 하수처리시설,2024-09-02 15:25,5.0,0.003,0.006,0.046
익산공공 하수처리시설,2024-09-02 15:30,5.0,0.003,0.007,0.045
익산공공 하수처리시설,2024-09-02 15:35,5.0,0.003,0.006,0.046
익산공공 하수처리시설,2024-09-02 15:40,5.0,0.003,0.004,0.047
익산공공 하수처리시설,2024-09-02 15:45,5.0,0.002,0.006,0.044
익산공공 하수처리시설,2024-09-02 15:50,5.0,0.003,0.006,0.046
익산공공 하수처리시설,2024-09-02 15:55,5.0,0.003,0.006,0.046
익산공공 하수처리시설,2024-09-02 16:00,5.0,0.002,0.006,0.043
익산공공 하수처리시설,2024-09-02 16:05,5.0,0.003,0.004,0.045
익산공공 하수처리시설,2024-09-02 16:10,5.0,0.002,0.004,0.044
익산공공 하수처리시설,2024-09-02 16:15,5.0,0.002,0.006,0.045
익산공공 하수처리시설,2024-09-02 16:20,5.0,0.002,0.005,0.043
익산공공 하수처리시설,2024-09-02 16:25,5.0,0.003,0.004,0.043
익산공공 하수처리시설,2024-09-02 16:30,5.0,0.003,0.005,0.045
익산공공 하수처리시설,2024-09-02 16:35,5.0,0.002,0.005,0.045
익산공공 하수처리시설,2024-09-02 16:40,5.0,0.001,0.005,0.045
익산공공 하수처리시설,2024-09-02 16:45,5.0,0.002,0.004,0.045
익산공공 하수처리시설,2024-09-02 16:50,5.0,0.003,0.005,0.045
익산공공 하수처리시설,2024-09-02 16:55,5.0,0.002,0.005,0.046
익산공공 하수처리시설,2024-09-02 17:00,5.0,0.003,0.006,0.046
익산공공 하수처리시설,2024-09-02 17:05,5.0,0.003,0.005,0.045
익산공공 하수처리시설,2024-09-02 17:10,5.0,0.002,0.006,0.046
익산공공 하수처리시설,2024-09-02 17:15,5.0,0.003,0.003,0.046
익산공공 하수처리시설,2024-09-02 17:20,5.0,0.003,0.006,0.046
익산공공 하수처리시설,2024-09-02 17:25,5.0,0.003,0.008,0.044
익산공공 하수처리시설,2024-09-02 17:30,4.9,0.002,0.005,0.046
익산공공 하수처리시설,2024-09-02 17:35,5.0,0.002,0.005,0.046
익산공공 하수처리시설,2024-09-02 17:40,5.0,0.004,0.005,0.046
익산공공 하수처리시설,2024-09-02 17:45,5.0,0.003,0.006,0.043
익산공공 하수처리시설,2024-09-02 17:50,5.0,0.003,0.005,0.045
익산공공 하수처리시설,2024-09-02 17:55,5.0,0.003,0.005,0.044
익산공공 하수처리시설,2024-09-02 18:00,5.0,0.003,0.004,0.048
익산공공 하수처리시설,2024-09-02 18:05,5.0,0.003,0.005,0.044
익산공공 하수처리시설,2024-09-02 18:10,5.0,0.002,0.006,0.044
익산공공 하수처리시설,2024-09-02 18:15,5.0,0.004,0.007,0.043
익산공공 하수처리시설,2024-09-02 18:20,5.0,0.003,0.005,0.044
익산공공 하수처리시설,2024-09-02 18:25,4.7,0.002,0.005,0.045
익산공공 하수처리시설,2024-09-02 18:30,4.2,0.002,0.006,0.046
익산공공 하수처리시설,2024-09-02 18:35,4.9,0.003,0.006,0.047
익산공공 하수처리시설,2024-09-02 18:40,4.6,0.003,0.004,0.045
익산공공 하수처리시설,2024-09-02 18:45,4.9,0.002,0.004,0.046
익산공공 하수처리시설,2024-09-02 18:50,4.5,0.002,0.005,0.043
익산공공 하수처리시설,2024-09-02 18:55,4.2,0.003,0.007,0.044
익산공공 하수처리시설,2024-09-02 19:00,4.2,0.004,0.006,0.046
익산공공 하수처리시설,2024-09-02 19:05,4.0,0.003,0.004,0.045
익산공공 하수처리시설,2024-09-02 19:10,4.0,0.003,0.005,0.045
익산공공 하수처리시설,2024-09-02 19:15,4.3,0.003,0.005,0.046
익산공공 하수처리시설,2024-09-02 19:20,4.1,0.004,0.005,0.044
익산공공 하수처리시설,2024-09-02 19:25,4.0,0.003,0.005,0.045
익산공공 하수처리시설,2024-09-02 19:30,4.0,0.003,0.006,0.045
익산공공 하수처리시설,2024-09-02 19:35,4.0,0.002,0.006,0.046
익산공공 하수처리시설,2024-09-02 19:40,4.1,0.003,0.006,0.046
익산공공 하수처리시설,2024-09-02 19:45,4.0,0.003,0.006,0.045
익산공공 하수처리시설,2024-09-02 19:50,4.0,0.003,0.005,0.045
익산공공 하수처리시설,2024-09-02 19:55,4.1,0.002,0.006,0.045
익산공공 하수처리시설,2024-09-02 20:00,4.0,0.003,0.021,0.045
익산공공 하수처리시설,2024-09-02 20:05,4.0,0.002,0.03,0.045
익산공공 하수처리시설,2024-09-02 20:10,4.0,0.003,0.033,0.046
익산공공 하수처리시설,2024-09-02 20:15,4.0,0.002,0.033,0.046
익산공공 하수처리시설,2024-09-02 20:20,4.0,0.002,0.035,0.047
익산공공 하수처리시설,2024-09-02 20:25,4.0,0.003,0.032,0.047
익산공공 하수처리시설,2024-09-02 20:30,4.0,0.003,0.034,0.045
익산공공 하수처리시설,2024-09-02 20:35,4.0,0.003,0.027,0.045
익산공공 하수처리시설,2024-09-02 20:40,4.3,0.007,0.013,0.043
익산공공 하수처리시설,2024-09-02 20:45,4.0,0.003,0.014,0.046
익산공공 하수처리시설,2024-09-02 20:50,4.0,0.003,0.016,0.046
익산공공 하수처리시설,2024-09-02 20:55,4.0,0.004,0.017,0.045
익산공공 하수처리시설,2024-09-02 21:00,4.0,0.002,0.025,0.045
익산공공 하수처리시설,2024-09-02 21:05,4.0,0.002,0.026,0.046
익산공공 하수처리시설,2024-09-02 21:10,4.0,0.002,0.02,0.045
익산공공 하수처리시설,2024-09-02 21:15,4.0,0.004,0.018,0.046
익산공공 하수처리시설,2024-09-02 21:20,4.0,0.002,0.02,0.047
익산공공 하수처리시설,2024-09-02 21:25,4.0,0.004,0.019,0.044
익산공공 하수처리시설,2024-09-02 21:30,4.0,0.003,0.018,0.044
익산공공 하수처리시설,2024-09-02 21:35,4.0,0.002,0.014,0.045
익산공공 하수처리시설,2024-09-02 21:40,4.0,0.003,0.015,0.044
익산공공 하수처리시설,2024-09-02 21:45,4.0,0.002,0.009,0.044
익산공공 하수처리시설,2024-09-02 21:50,4.0,0.004,0.01,0.046
익산공공 하수처리시설,2024-09-02 21:55,4.0,0.003,0.014,0.046
익산공공 하수처리시설,2024-09-02 22:00,4.0,0.002,0.016,0.045
익산공공 하수처리시설,2024-09-02 22:05,4.0,0.002,0.027,0.045
익산공공 하수처리시설,2024-09-02 22:10,4.0,0.003,0.031,0.045
익산공공 하수처리시설,2024-09-02 22:15,4.0,0.003,0.027,0.043
익산공공 하수처리시설,2024-09-02 22:20,4.0,0.002,0.013,0.046
익산공공 하수처리시설,2024-09-02 22:25,4.0,0.003,0.013,0.044
익산공공 하수처리시설,2024-09-02 22:30,4.0,0.002,0.015,0.045
익산공공 하수처리시설,2024-09-02 22:35,3.7,0.003,0.018,0.044
익산공공 하수처리시설,2024-09-02 22:40,3.8,0.004,0.021,0.044
익산공공 하수처리시설,2024-09-02 22:45,3.5,0.003,0.023,0.045
익산공공 하수처리시설,2024-09-02 22:50,3.1,0.004,0.024,0.044
익산공공 하수처리시설,2024-09-02 22:55,3.2,0.003,0.032,0.046
익산공공 하수처리시설,2024-09-02 23:00,3.1,0.002,0.043,0.046
익산공공 하수처리시설,2024-09-02 23:05,3.0,0.003,0.052,0.047
익산공공 하수처리시설,2024-09-02 23:10,3.1,0.002,0.055,0.043
익산공공 하수처리시설,2024-09-02 23:15,3.9,0.003,0.054,0.047
익산공공 하수처리시설,2024-09-02 23:20,4.0,0.003,0.056,0.045
익산공공 하수처리시설,2024-09-02 23:25,4.0,0.003,0.054,0.046
익산공공 하수처리시설,2024-09-02 23:30,4.0,0.002,0.044,0.045
익산공공 하수처리시설,2024-09-02 23:35,4.0,0.003,0.038,0.045
익산공공 하수처리시설,2024-09-02 23:40,4.0,0.002,0.044,0.046
익산공공 하수처리시설,2024-09-02 23:45,4.0,0.003,0.052,0.044
익산공공 하수처리시설,2024-09-02 23:50,4.0,0.003,0.053,0.043
익산공공 하수처리시설,2024-09-02 23:55,4.0,0.003,0.04,0.044
동산오투그란데,2024-09-02 00:00,3.0,0.001,0.001,0.185
동산오투그란데,2024-09-02 00:05,3.4,0.001,0.001,0.185
동산오투그란데,2024-09-02 00:10,3.9,0.001,0.001,0.184
동산오투그란데,2024-09-02 00:15,4.0,0.0,0.001,0.185
동산오투그란데,2024-09-02 00:20,4.0,0.001,0.001,0.187
동산오투그란데,2024-09-02 00:25,4.0,0.001,0.002,0.184
동산오투그란데,2024-09-02 00:30,4.0,0.0,0.001,0.187
동산오투그란데,2024-09-02 00:35,4.0,0.001,0.001,0.187
동산오투그란데,2024-09-02 00:40,4.0,0.001,0.001,0.185
동산오투그란데,2024-09-02 00:45,4.0,0.001,0.001,0.188
동산오투그란데,2024-09-02 00:50,3.3,0.001,0.001,0.185
동산오투그란데,2024-09-02 00:55,3.0,0.001,0.001,0.183
동산오투그란데,2024-09-02 01:00,3.0,0.002,0.001,0.182
동산오투그란데,2024-09-02 01:05,3.0,0.001,0.001,0.184
동산오투그란데,2024-09-02 01:10,4.0,0.001,0.002,0.186
동산오투그란데,2024-09-02 01:15,3.8,0.001,0.001,0.185
동산오투그란데,2024-09-02 01:20,3.0,0.001,0.001,0.184
동산오투그란데,2024-09-02 01:25,3.8,0.001,0.001,0.186
동산오투그란데,2024-09-02 01:30,4.0,0.001,0.001,0.186
동산오투그란데,2024-09-02 01:35,4.0,0.001,0.001,0.185
동산오투그란데,2024-09-02 01:40,4.0,0.001,0.001,0.185
동산오투그란데,2024-09-02 01:45,4.0,0.001,0.001,0.186
동산오투그란데,2024-09-02 01:50,3.9,0.001,0.001,0.184
동산오투그란데,2024-09-02 01:55,4.0,0.001,0.001,0.182
동산오투그란데,2024-09-02 02:00,4.0,0.001,0.001,0.182
동산오투그란데,2024-09-02 02:05,3.7,0.001,0.001,0.182
동산오투그란데,2024-09-02 02:10,3.9,0.001,0.001,0.181
동산오투그란데,2024-09-02 02:15,4.0,0.001,0.001,0.183
동산오투그란데,2024-09-02 02:20,4.0,0.001,0.002,0.186
동산오투그란데,2024-09-02 02:25,4.0,0.001,0.001,0.182
동산오투그란데,2024-09-02 02:30,4.0,0.001,0.001,0.182
동산오투그란데,2024-09-02 02:35,4.0,0.001,0.001,0.183
동산오투그란데,2024-09-02 02:40,4.0,0.001,0.001,0.185
동산오투그란데,2024-09-02 02:45,4.0,0.001,0.001,0.183
동산오투그란데,2024-09-02 02:50,4.0,0.001,0.001,0.182
동산오투그란데,2024-09-02 02:55,4.0,0.001,0.001,0.181
동산오투그란데,2024-09-02 03:00,4.0,0.001,0.001,0.183
동산오투그란데,2024-09-02 03:05,4.0,0.001,0.001,0.184
동산오투그란데,2024-09-02 03:10,4.0,0.001,0.002,0.181
동산오투그란데,2024-09-02 03:15,4.0,0.001,0.001,0.182
동산오투그란데,2024-09-02 03:20,4.0,0.001,0.001,0.183
동산오투그란데,2024-09-02 03:25,4.0,0.001,0.001,0.182
동산오투그란데,2024-09-02 03:30,4.0,0.001,0.001,0.182
동산오투그란데,2024-09-02 03:35,4.0,0.001,0.001,0.182
동산오투그란데,2024-09-02 03:40,4.0,0.001,0.001,0.181
동산오투그란데,2024-09-02 03:45,4.0,0.001,0.001,0.184
동산오투그란데,2024-09-02 03:50,4.0,0.001,0.001,0.182
동산오투그란데,2024-09-02 03:55,4.0,0.001,0.001,0.181
동산오투그란데,2024-09-02 04:00,4.0,0.001,0.001,0.182
동산오투그란데,2024-09-02 04:05,4.0,0.001,0.001,0.182
동산오투그란데,2024-09-02 04:10,4.0,0.001,0.001,0.181
동산오투그란데,2024-09-02 04:15,4.0,0.001,0.001,0.182
동산오투그란데,2024-09-02 04:20,4.0,0.001,0.001,0.184
동산오투그란데,2024-09-02 04:25,4.0,0.001,0.001,0.18
동산오투그란데,2024-09-02 04:30,4.0,0.002,0.001,0.178
동산오투그란데,2024-09-02 04:35,4.0,0.001,0.001,0.181
동산오투그란데,2024-09-02 04:40,4.0,0.001,0.001,0.18
동산오투그란데,2024-09-02 04:45,4.0,0.001,0.001,0.177
동산오투그란데,2024-09-02 04:50,4.0,0.001,0.001,0.176
동산오투그란데,2024-09-02 04:55,4.0,0.001,0.001,0.176
동산오투그란데,2024-09-02 05:00,4.0,0.001,0.001,0.177
동산오투그란데,2024-09-02 05:05,4.0,0.001,0.001,0.177
동산오투그란데,2024-09-02 05:10,4.0,0.001,0.001,0.176
동산오투그란데,2024-09-02 05:15,4.0,0.001,0.001,0.176
동산오투그란데,2024-09-02 05:20,4.0,0.001,0.001,0.178
동산오투그란데,2024-09-02 05:25,4.0,0.001,0.001,0.178
동산오투그란데,2024-09-02 05:30,4.0,0.001,0.002,0.176
동산오투그란데,2024-09-02 05:35,4.0,0.001,0.001,0.177
동산오투그란데,2024-09-02 05:40,4.0,0.001,0.001,0.175
동산오투그란데,2024-09-02 05:45,4.0,0.001,0.001,0.176
동산오투그란데,2024-09-02 05:50,4.0,0.001,0.001,0.178
동산오투그란데,2024-09-02 05:55,4.0,0.001,0.001,0.177
동산오투그란데,2024-09-02 06:00,4.0,0.001,0.001,0.177
동산오투그란데,2024-09-02 06:05,4.0,0.001,0.001,0.175
동산오투그란데,2024-09-02 06:10,4.0,0.001,0.001,0.178
동산오투그란데,2024-09-02 06:15,4.0,0.001,0.002,0.18
동산오투그란데,2024-09-02 06:20,4.0,0.001,0.001,0.181
동산오투그란데,2024-09-02 06:25,4.0,0.001,0.0,0.181
동산오투그란데,2024-09-02 06:30,4.0,0.001,0.001,0.179
동산오투그란데,2024-09-02 06:35,4.0,0.001,0.001,0.18
동산오투그란데,2024-09-02 06:40,4.0,0.001,0.001,0.182
동산오투그란데,2024-09-02 06:45,4.0,0.001,0.001,0.182
동산오투그란데,2024-09-02 06:50,4.0,0.001,0.001,0.181
동산오투그란데,2024-09-02 06:55,4.0,0.002,0.001,0.179
동산오투그란데,2024-09-02 07:00,4.0,0.001,0.001,0.179
동산오투그란데,2024-09-02 07:05,4.0,0.001,0.001,0.18
동산오투그란데,2024-09-02 07:10,4.0,0.001,0.001,0.177
동산오투그란데,2024-09-02 07:15,4.0,0.001,0.001,0.179
동산오투그란데,2024-09-02 07:20,4.0,0.001,0.001,0.181
동산오투그란데,2024-09-02 07:25,4.0,0.001,0.001,0.182
동산오투그란데,2024-09-02 07:30,4.0,0.001,0.001,0.18
동산오투그란데,2024-09-02 07:35,4.0,0.001,0.001,0.178
동산오투그란데,2024-09-02 07:40,4.0,0.001,0.002,0.179
동산오투그란데,2024-09-02 07:45,4.0,0.001,0.001,0.182
동산오투그란데,2024-09-02 07:50,4.0,0.001,0.001,0.182
동산오투그란데,2024-09-02 07:55,4.0,0.001,0.001,0.183
동산오투그란데,2024-09-02 08:00,4.0,0.001,0.001,0.182
동산오투그란데,2024-09-02 08:05,4.0,0.001,0.001,0.181
동산오투그란데,2024-09-02 08:10,4.0,0.001,0.001,0.181
동산오투그란데,2024-09-02 08:15,4.0,0.001,0.001,0.18
동산오투그란데,2024-09-02 08:20,4.0,0.001,0.001,0.184
동산오투그란데,2024-09-02 08:25,4.0,0.001,0.001,0.187
동산오투그란데,2024-09-02 08:30,4.0,0.001,0.001,0.186
동산오투그란데,2024-09-02 08:35,4.0,0.001,0.001,0.185
동산오투그란데,2024-09-02 08:40,4.0,0.001,0.001,0.185
동산오투그란데,2024-09-02 08:45,4.0,0.001,0.001,0.187
동산오투그란데,2024-09-02 08:50,4.0,0.001,0.001,0.184
동산오투그란데,2024-09-02 08:55,4.0,0.001,0.001,0.184
동산오투그란데,2024-09-02 09:00,4.0,0.001,0.001,0.181
동산오투그란데,2024-09-02 09:05,4.0,0.001,0.001,0.184
동산오투그란데,2024-09-02 09:10,4.0,0.001,0.001,0.183
동산오투그란데,2024-09-02 09:15,4.0,0.001,0.0,0.181
동산오투그란데,2024-09-02 09:20,4.0,0.001,0.001,0.182
동산오투그란데,2024-09-02 09:25,4.0,0.001,0.001,0.183
동산오투그란데,2024-09-02 09:30,4.0,0.001,0.001,0.182
동산오투그란데,2024-09-02 09:35,4.0,0.001,0.001,0.181
동산오투그란데,2024-09-02 09:40,3.3,0.001,0.001,0.183
동산오투그란데,2024-09-02 09:45,3.0,0.001,0.001,0.179
동산오투그란데,2024-09-02 09:50,3.0,0.001,0.001,0.178
동산오투그란데,2024-09-02 09:55,3.0,0.001,0.001,0.181
동산오투그란데,2024-09-02 10:00,3.0,0.001,0.001,0.18
동산오투그란데,2024-09-02 10:05,3.0,0.001,0.001,0.181
동산오투그란데,2024-09-02 10:10,3.0,0.001,0.001,0.179
동산오투그란데,2024-09-02 10:15,3.0,0.001,0.001,0.179
동산오투그란데,2024-09-02 10:20,3.0,0.001,0.001,0.177
동산오투그란데,2024-09-02 10:25,3.0,0.001,0.001,0.177
동산오투그란데,2024-09-02 10:30,3.0,0.001,0.001,0.178
동산오투그란데,2024-09-02 10:35,3.0,0.001,0.001,0.176
동산오투그란데,2024-09-02 10:40,3.0,0.001,0.001,0.175
동산오투그란데,2024-09-02 10:45,3.0,0.001,0.001,0.172
동산오투그란데,2024-09-02 10:50,3.0,0.001,0.001,0.166
동산오투그란데,2024-09-02 10:55,3.0,0.001,0.001,0.163
동산오투그란데,2024-09-02 11:00,3.0,0.001,0.001,0.162
동산오투그란데,2024-09-02 11:05,3.0,0.001,0.001,0.165
동산오투그란데,2024-09-02 11:10,3.0,0.001,0.001,0.163
동산오투그란데,2024-09-02 11:15,3.0,0.001,0.001,0.164
동산오투그란데,2024-09-02 11:20,3.0,0.001,0.001,0.164
동산오투그란데,2024-09-02 11:25,3.0,0.001,0.001,0.16
동산오투그란데,2024-09-02 11:30,3.0,0.001,0.0,0.161
동산오투그란데,2024-09-02 11:35,3.0,0.001,0.001,0.158
동산오투그란데,2024-09-02 11:40,3.0,0.001,0.001,0.157
동산오투그란데,2024-09-02 11:45,3.0,0.002,0.001,0.157
동산오투그란데,2024-09-02 11:50,3.0,0.001,0.001,0.153
동산오투그란데,2024-09-02 11:55,3.0,0.001,0.001,0.155
동산오투그란데,2024-09-02 12:00,3.0,0.001,0.001,0.152
동산오투그란데,2024-09-02 12:05,3.0,0.001,0.001,0.153
동산오투그란데,2024-09-02 12:10,3.0,0.001,0.001,0.154
동산오투그란데,2024-09-02 12:15,3.0,0.001,0.001,0.155
동산오투그란데,2024-09-02 12:20,3.0,0.001,0.001,0.161
동산오투그란데,2024-09-02 12:25,3.0,0.001,0.001,0.164
동산오투그란데,2024-09-02 12:30,3.0,0.001,0.001,0.168
동산오투그란데,2024-09-02 12:35,3.0,0.001,0.001,0.166
동산오투그란데,2024-09-02 12:40,3.0,0.001,0.001,0.166
동산오투그란데,2024-09-02 12:45,3.0,0.001,0.001,0.163
동산오투그란데,2024-09-02 12:50,3.0,0.001,0.001,0.157
동산오투그란데,2024-09-02 12:55,3.0,0.001,0.001,0.154
동산오투그란데,2024-09-02 13:00,3.0,0.001,0.001,0.155
동산오투그란데,2024-09-02 13:05,3.0,0.001,0.001,0.157
동산오투그란데,2024-09-02 13:10,3.0,0.001,0.001,0.158
동산오투그란데,2024-09-02 13:15,3.0,0.001,0.001,0.159
동산오투그란데,2024-09-02 13:20,3.0,0.001,0.001,0.158
동산오투그란데,2024-09-02 13:25,3.0,0.001,0.001,0.157
동산오투그란데,2024-09-02 13:30,3.0,0.001,0.001,0.156
동산오투그란데,2024-09-02 13:35,3.0,0.001,0.001,0.159
동산오투그란데,2024-09-02 13:40,3.0,0.001,0.001,0.157
동산오투그란데,2024-09-02 13:45,3.0,0.001,0.001,0.161
동산오투그란데,2024-09-02 13:50,3.0,0.001,0.001,0.158
동산오투그란데,2024-09-02 13:55,3.0,0.001,0.001,0.16
동산오투그란데,2024-09-02 14:00,3.0,0.001,0.001,0.157
동산오투그란데,2024-09-02 14:05,3.0,0.001,0.001,0.154
동산오투그란데,2024-09-02 14:10,3.0,0.001,0.001,0.147
동산오투그란데,2024-09-02 14:15,3.0,0.001,0.001,0.14
동산오투그란데,2024-09-02 14:20,3.0,0.001,0.001,0.134
동산오투그란데,2024-09-02 14:25,3.0,0.001,0.001,0.138
동산오투그란데,2024-09-02 14:30,3.0,0.001,0.001,0.139
동산오투그란데,2024-09-02 14:35,3.0,0.001,0.001,0.136
동산오투그란데,2024-09-02 14:40,3.0,0.001,0.001,0.135
동산오투그란데,2024-09-02 14:45,3.0,0.001,0.001,0.133
동산오투그란데,2024-09-02 14:50,3.0,0.001,0.001,0.135
동산오투그란데,2024-09-02 14:55,3.0,0.001,0.001,0.14
동산오투그란데,2024-09-02 15:00,3.0,0.001,0.001,0.139
동산오투그란데,2024-09-02 15:05,3.0,0.001,0.001,0.14
동산오투그란데,2024-09-02 15:10,3.0,0.001,0.001,0.14
동산오투그란데,2024-09-02 15:15,3.0,0.001,0.0,0.14
동산오투그란데,2024-09-02 15:20,3.0,0.001,0.001,0.137
동산오투그란데,2024-09-02 15:25,3.0,0.001,0.001,0.135
동산오투그란데,2024-09-02 15:30,3.0,0.002,0.002,0.134
동산오투그란데,2024-09-02 15:35,3.0,0.001,0.001,0.136
동산오투그란데,2024-09-02 15:40,3.0,0.001,0.001,0.135
동산오투그란데,2024-09-02 15:45,3.0,0.001,0.001,0.135
동산오투그란데,2024-09-02 15:50,3.0,0.001,0.001,0.133
동산오투그란데,2024-09-02 15:55,3.0,0.001,0.001,0.126
동산오투그란데,2024-09-02 16:00,3.0,0.001,0.001,0.123
동산오투그란데,2024-09-02 16:05,3.0,0.001,0.001,0.126
동산오투그란데,2024-09-02 16:10,3.0,0.001,0.001,0.129
동산오투그란데,2024-09-02 16:15,3.0,0.001,0.001,0.131
동산오투그란데,2024-09-02 16:20,3.0,0.001,0.0,0.137
동산오투그란데,2024-09-02 16:25,3.0,0.001,0.001,0.14
동산오투그란데,2024-09-02 16:30,3.0,0.001,0.001,0.146
동산오투그란데,2024-09-02 16:35,3.0,0.001,0.001,0.149
동산오투그란데,2024-09-02 16:40,3.0,0.001,0.001,0.147
동산오투그란데,2024-09-02 16:45,3.0,0.001,0.001,0.15
동산오투그란데,2024-09-02 16:50,3.0,0.001,0.001,0.148
동산오투그란데,2024-09-02 16:55,3.0,0.001,0.001,0.15
동산오투그란데,2024-09-02 17:00,3.0,0.001,0.001,0.149
동산오투그란데,2024-09-02 17:05,3.0,0.001,0.001,0.15
동산오투그란데,2024-09-02 17:10,3.0,0.001,0.001,0.151
동산오투그란데,2024-09-02 17:15,3.0,0.001,0.001,0.15
동산오투그란데,2024-09-02 17:20,3.0,0.001,0.001,0.152
동산오투그란데,2024-09-02 17:25,3.0,0.001,0.001,0.151
동산오투그란데,2024-09-02 17:30,3.0,0.001,0.001,0.154
동산오투그란데,2024-09-02 17:35,3.0,0.001,0.001,0.153
동산오투그란데,2024-09-02 17:40,3.0,0.001,0.001,0.154
동산오투그란데,2024-09-02 17:45,3.0,0.001,0.001,0.153
동산오투그란데,2024-09-02 17:50,3.0,0.001,0.001,0.152
동산오투그란데,2024-09-02 17:55,3.0,0.001,0.001,0.152
동산오투그란데,2024-09-02 18:00,3.0,0.001,0.001,0.15
동산오투그란데,2024-09-02 18:05,3.0,0.001,0.001,0.148
동산오투그란데,2024-09-02 18:10,3.0,0.001,0.001,0.146
동산오투그란데,2024-09-02 18:15,3.0,0.001,0.002,0.146
동산오투그란데,2024-09-02 18:20,3.0,0.001,0.001,0.148
동산오투그란데,2024-09-02 18:25,3.0,0.001,0.001,0.149
동산오투그란데,2024-09-02 18:30,3.0,0.001,0.001,0.149
동산오투그란데,2024-09-02 18:35,3.3,0.001,0.001,0.15
동산오투그란데,2024-09-02 18:40,3.0,0.001,0.001,0.147
동산오투그란데,2024-09-02 18:45,3.0,0.001,0.001,0.148
동산오투그란데,2024-09-02 18:50,3.0,0.001,0.001,0.145
동산오투그란데,2024-09-02 18:55,3.0,0.002,0.001,0.145
동산오투그란데,2024-09-02 19:00,3.0,0.001,0.001,0.148
동산오투그란데,2024-09-02 19:05,3.0,0.001,0.001,0.149
동산오투그란데,2024-09-02 19:10,3.0,0.001,0.001,0.149
동산오투그란데,2024-09-02 19:15,3.0,0.001,0.002,0.152
동산오투그란데,2024-09-02 19:20,3.0,0.001,0.001,0.155
동산오투그란데,2024-09-02 19:25,3.0,0.001,0.001,0.156
동산오투그란데,2024-09-02 19:30,3.0,0.001,0.001,0.155
동산오투그란데,2024-09-02 19:35,3.4,0.001,0.001,0.159
동산오투그란데,2024-09-02 19:40,4.0,0.001,0.001,0.159
동산오투그란데,2024-09-02 19:45,3.2,0.0,0.001,0.158
동산오투그란데,2024-09-02 19:50,3.4,0.001,0.001,0.153
동산오투그란데,2024-09-02 19:55,4.0,0.001,0.001,0.152
동산오투그란데,2024-09-02 20:00,4.0,0.001,0.001,0.153
동산오투그란데,2024-09-02 20:05,4.0,0.001,0.001,0.153
동산오투그란데,2024-09-02 20:10,4.0,0.001,0.001,0.153
동산오투그란데,2024-09-02 20:15,4.0,0.001,0.001,0.152
동산오투그란데,2024-09-02 20:20,4.0,0.001,0.001,0.159
동산오투그란데,2024-09-02 20:25,4.0,0.001,0.001,0.16
동산오투그란데,2024-09-02 20:30,4.0,0.001,0.001,0.162
동산오투그란데,2024-09-02 20:35,4.0,0.001,0.001,0.162
동산오투그란데,2024-09-02 20:40,4.0,0.001,0.001,0.164
동산오투그란데,2024-09-02 20:45,4.0,0.001,0.001,0.162
동산오투그란데,2024-09-02 20:50,4.0,0.001,0.001,0.164
동산오투그란데,2024-09-02 20:55,4.0,0.001,0.001,0.162
동산오투그란데,2024-09-02 21:00,4.0,0.001,0.001,0.165
동산오투그란데,2024-09-02 21:05,4.0,0.001,0.001,0.161
동산오투그란데,2024-09-02 21:10,4.0,0.001,0.001,0.163
동산오투그란데,2024-09-02 21:15,4.0,0.001,0.001,0.162
동산오투그란데,2024-09-02 21:20,4.0,0.001,0.001,0.157
동산오투그란데,2024-09-02 21:25,4.0,0.001,0.001,0.154
동산오투그란데,2024-09-02 21:30,4.0,0.001,0.001,0.157
동산오투그란데,2024-09-02 21:35,4.0,0.001,0.001,0.158
동산오투그란데,2024-09-02 21:40,4.0,0.001,0.001,0.155
동산오투그란데,2024-09-02 21:45,4.0,0.001,0.001,0.157
동산오투그란데,2024-09-02 21:50,4.0,0.001,0.001,0.159
동산오투그란데,2024-09-02 21:55,4.0,0.001,0.001,0.162
동산오투그란데,2024-09-02 22:00,4.0,0.001,0.001,0.163
동산오투그란데,2024-09-02 22:05,4.0,0.001,0.001,0.166
동산오투그란데,2024-09-02 22:10,4.1,0.001,0.001,0.165
동산오투그란데,2024-09-02 22:15,4.4,0.002,0.001,0.168
동산오투그란데,2024-09-02 22:20,4.0,0.001,0.001,0.168
동산오투그란데,2024-09-02 22:25,4.0,0.001,0.001,0.169
동산오투그란데,2024-09-02 22:30,4.0,0.001,0.001,0.171
동산오투그란데,2024-09-02 22:35,4.0,0.001,0.001,0.172
동산오투그란데,2024-09-02 22:40,4.0,0.001,0.001,0.173
동산오투그란데,2024-09-02 22:45,4.0,0.0,0.001,0.174
동산오투그란데,2024-09-02 22:50,4.0,0.001,0.001,0.173
동산오투그란데,2024-09-02 22:55,4.0,0.002,0.001,0.176
동산오투그란데,2024-09-02 23:00,4.0,0.001,0.001,0.176
동산오투그란데,2024-09-02 23:05,4.0,0.001,0.001,0.177
동산오투그란데,2024-09-02 23:10,4.0,0.001,0.001,0.178
동산오투그란데,2024-09-02 23:15,4.0,0.001,0.001,0.177
동산오투그란데,2024-09-02 23:20,4.0,0.001,0.001,0.177
동산오투그란데,2024-09-02 23:25,4.0,0.001,0.001,0.178
동산오투그란데,2024-09-02 23:30,4.0,0.001,0.001,0.177
동산오투그란데,2024-09-02 23:35,4.0,0.001,0.001,0.176
동산오투그란데,2024-09-02 23:40,4.0,0.001,0.001,0.173
동산오투그란데,2024-09-02 23:45,4.0,0.001,0.001,0.173
동산오투그란데,2024-09-02 23:50,4.0,0.001,0.001,0.176
동산오투그란데,2024-09-02 23:55,4.0,0.001,0.001,0.176
인화행복주택,2024-09-02 00:00,3.0,0.001,0.001,0.068
인화행복주택,2024-09-02 00:05,3.2,0.001,0.001,0.081
인화행복주택,2024-09-02 00:10,3.0,0.001,0.001,0.07
인화행복주택,2024-09-02 00:15,3.0,0.001,0.001,0.068
인화행복주택,2024-09-02 00:20,3.0,0.001,0.001,0.066
인화행복주택,2024-09-02 00:25,3.0,0.001,0.001,0.07
인화행복주택,2024-09-02 00:30,3.0,0.001,0.001,0.066
인화행복주택,2024-09-02 00:35,3.0,0.001,0.001,0.067
인화행복주택,2024-09-02 00:40,3.0,0.001,0.001,0.067
인화행복주택,2024-09-02 00:45,3.0,0.001,0.001,0.064
인화행복주택,2024-09-02 00:50,3.0,0.001,0.001,0.073
인화행복주택,2024-09-02 00:55,3.0,0.001,0.001,0.069
인화행복주택,2024-09-02 01:00,3.0,0.001,0.001,0.067
인화행복주택,2024-09-02 01:05,3.0,0.0,0.001,0.068
인화행복주택,2024-09-02 01:10,3.0,0.001,0.001,0.069
인화행복주택,2024-09-02 01:15,3.0,0.001,0.001,0.067
인화행복주택,2024-09-02 01:20,3.0,0.001,0.001,0.065
인화행복주택,2024-09-02 01:25,3.0,0.001,0.001,0.065
인화행복주택,2024-09-02 01:30,3.0,0.001,0.001,0.064
인화행복주택,2024-09-02 01:35,3.0,0.001,0.001,0.064
인화행복주택,2024-09-02 01:40,3.0,0.001,0.001,0.066
인화행복주택,2024-09-02 01:45,3.0,0.001,0.001,0.065
인화행복주택,2024-09-02 01:50,3.0,0.001,0.001,0.066
인화행복주택,2024-09-02 01:55,3.0,0.001,0.001,0.066
인화행복주택,2024-09-02 02:00,3.0,0.001,0.001,0.064
인화행복주택,2024-09-02 02:05,3.0,0.001,0.001,0.068
인화행복주택,2024-09-02 02:10,3.0,0.001,0.001,0.067
인화행복주택,2024-09-02 02:15,3.0,0.001,0.002,0.066
인화행복주택,2024-09-02 02:20,3.0,0.0,0.001,0.075
인화행복주택,2024-09-02 02:25,3.0,0.001,0.001,0.074
인화행복주택,2024-09-02 02:30,3.0,0.001,0.001,0.068
인화행복주택,2024-09-02 02:35,3.0,0.001,0.001,0.069
인화행복주택,2024-09-02 02:40,3.0,0.001,0.001,0.076
인화행복주택,2024-09-02 02:45,3.0,0.001,0.001,0.073
인화행복주택,2024-09-02 02:50,3.0,0.001,0.001,0.068
인화행복주택,2024-09-02 02:55,3.0,0.001,0.002,0.073
인화행복주택,2024-09-02 03:00,3.0,0.001,0.001,0.075
인화행복주택,2024-09-02 03:05,3.0,0.001,0.001,0.071
인화행복주택,2024-09-02 03:10,3.0,0.002,0.001,0.07
인화행복주택,2024-09-02 03:15,3.0,0.001,0.001,0.067
인화행복주택,2024-09-02 03:20,3.0,0.001,0.001,0.069
인화행복주택,2024-09-02 03:25,3.0,0.001,0.0,0.073
인화행복주택,2024-09-02 03:30,3.0,0.002,0.001,0.071
인화행복주택,2024-09-02 03:35,3.4,0.001,0.001,0.076
인화행복주택,2024-09-02 03:40,3.0,0.001,0.001,0.073
인화행복주택,2024-09-02 03:45,3.1,0.001,0.001,0.076
인화행복주택,2024-09-02 03:50,3.0,0.001,0.001,0.076
인화행복주택,2024-09-02 03:55,3.0,0.001,0.001,0.075
인화행복주택,2024-09-02 04:00,3.1,0.001,0.001,0.076
인화행복주택,2024-09-02 04:05,3.1,0.001,0.001,0.072
인화행복주택,2024-09-02 04:10,3.0,0.0,0.001,0.074
인화행복주택,2024-09-02 04:15,3.0,0.001,0.001,0.072
인화행복주택,2024-09-02 04:20,3.0,0.001,0.001,0.072
인화행복주택,2024-09-02 04:25,3.0,0.001,0.001,0.071
인화행복주택,2024-09-02 04:30,4.0,0.001,0.001,0.076
인화행복주택,2024-09-02 04:35,3.8,0.001,0.001,0.074
인화행복주택,2024-09-02 04:40,3.0,0.001,0.001,0.072
인화행복주택,2024-09-02 04:45,3.0,0.001,0.001,0.074
인화행복주택,2024-09-02 04:50,3.0,0.001,0.001,0.07
인화행복주택,2024-09-02 04:55,3.0,0.001,0.001,0.07
인화행복주택,2024-09-02 05:00,3.0,0.001,0.001,0.07
인화행복주택,2024-09-02 05:05,3.0,0.001,0.001,0.069
인화행복주택,2024-09-02 05:10,3.0,0.001,0.001,0.071
인화행복주택,2024-09-02 05:15,3.0,0.0,0.001,0.073
인화행복주택,2024-09-02 05:20,3.0,0.002,0.001,0.073
인화행복주택,2024-09-02 05:25,3.0,0.001,0.001,0.072
인화행복주택,2024-09-02 05:30,3.0,0.001,0.001,0.07
인화행복주택,2024-09-02 05:35,3.0,0.001,0.001,0.071
인화행복주택,2024-09-02 05:40,3.0,0.001,0.001,0.07
인화행복주택,2024-09-02 05:45,3.0,0.001,0.001,0.07
인화행복주택,2024-09-02 05:50,3.0,0.001,0.001,0.073
인화행복주택,2024-09-02 05:55,3.0,0.001,0.001,0.072
인화행복주택,2024-09-02 06:00,3.0,0.001,0.001,0.075
인화행복주택,2024-09-02 06:05,3.0,0.001,0.001,0.074
인화행복주택,2024-09-02 06:10,3.0,0.001,0.001,0.072
인화행복주택,2024-09-02 06:15,3.0,0.001,0.001,0.072
인화행복주택,2024-09-02 06:20,3.0,0.001,0.001,0.073
인화행복주택,2024-09-02 06:25,3.0,0.001,0.001,0.075
인화행복주택,2024-09-02 06:30,3.0,0.001,0.001,0.077
인화행복주택,2024-09-02 06:35,3.2,0.001,0.001,0.076
인화행복주택,2024-09-02 06:40,3.0,0.001,0.001,0.075
인화행복주택,2024-09-02 06:45,3.0,0.001,0.001,0.074
인화행복주택,2024-09-02 06:50,3.0,0.001,0.001,0.075
인화행복주택,2024-09-02 06:55,3.0,0.001,0.001,0.074
인화행복주택,2024-09-02 07:00,3.0,0.001,0.001,0.073
인화행복주택,2024-09-02 07:05,3.0,0.001,0.001,0.074
인화행복주택,2024-09-02 07:10,3.0,0.001,0.001,0.078
인화행복주택,2024-09-02 07:15,3.0,0.001,0.001,0.072
인화행복주택,2024-09-02 07:20,3.0,0.001,0.001,0.073
인화행복주택,2024-09-02 07:25,3.0,0.001,0.001,0.074
인화행복주택,2024-09-02 07:30,3.0,0.001,0.001,0.074
인화행복주택,2024-09-02 07:35,3.0,0.001,0.001,0.073
인화행복주택,2024-09-02 07:40,3.0,0.001,0.001,0.075
인화행복주택,2024-09-02 07:45,3.0,0.001,0.001,0.072
인화행복주택,2024-09-02 07:50,3.0,0.001,0.001,0.074
인화행복주택,2024-09-02 07:55,3.0,0.001,0.001,0.073
인화행복주택,2024-09-02 08:00,3.0,0.001,0.001,0.074
인화행복주택,2024-09-02 08:05,3.0,0.001,0.001,0.075
인화행복주택,2024-09-02 08:10,3.0,0.001,0.001,0.073
인화행복주택,2024-09-02 08:15,3.0,0.001,0.001,0.072
인화행복주택,2024-09-02 08:20,3.0,0.001,0.001,0.074
인화행복주택,2024-09-02 08:25,3.0,0.001,0.001,0.074
인화행복주택,2024-09-02 08:30,3.0,0.001,0.001,0.074
인화행복주택,2024-09-02 08:35,3.0,0.001,0.001,0.075
인화행복주택,2024-09-02 08:40,3.0,0.001,0.001,0.073
인화행복주택,2024-09-02 08:45,3.0,0.001,0.001,0.071
인화행복주택,2024-09-02 08:50,3.0,0.001,0.001,0.073
인화행복주택,2024-09-02 08:55,3.0,0.001,0.001,0.072
인화행복주택,2024-09-02 09:00,3.0,0.001,0.001,0.075
인화행복주택,2024-09-02 09:05,3.0,0.001,0.001,0.073
인화행복주택,2024-09-02 09:10,3.0,0.001,0.001,0.073
인화행복주택,2024-09-02 09:15,3.0,0.001,0.001,0.074
인화행복주택,2024-09-02 09:20,3.0,0.001,0.001,0.074
인화행복주택,2024-09-02 09:25,3.0,0.001,0.001,0.074
인화행복주택,2024-09-02 09:30,3.0,0.001,0.001,0.073
인화행복주택,2024-09-02 09:35,3.0,0.001,0.001,0.076
인화행복주택,2024-09-02 09:40,3.0,0.001,0.001,0.076
인화행복주택,2024-09-02 09:45,3.0,0.001,0.001,0.075
인화행복주택,2024-09-02 09:50,3.0,0.001,0.001,0.076
인화행복주택,2024-09-02 09:55,3.0,0.001,0.001,0.074
인화행복주택,2024-09-02 10:00,3.0,0.001,0.001,0.074
인화행복주택,2024-09-02 10:05,3.0,0.001,0.001,0.075
인화행복주택,2024-09-02 10:10,3.0,0.001,0.001,0.076
인화행복주택,2024-09-02 10:15,3.0,0.001,0.001,0.076
인화행복주택,2024-09-02 10:20,3.0,0.001,0.001,0.077
인화행복주택,2024-09-02 10:25,3.0,0.001,0.001,0.077
인화행복주택,2024-09-02 10:30,3.0,0.001,0.001,0.077
인화행복주택,2024-09-02 10:35,3.0,0.001,0.001,0.08
인화행복주택,2024-09-02 10:40,3.0,0.001,0.001,0.077
인화행복주택,2024-09-02 10:45,3.0,0.001,0.001,0.08
인화행복주택,2024-09-02 10:50,3.0,0.001,0.001,0.078
인화행복주택,2024-09-02 10:55,3.0,0.001,0.001,0.08
인화행복주택,2024-09-02 11:00,3.0,0.001,0.001,0.082
인화행복주택,2024-09-02 11:05,3.0,0.002,0.001,0.083
인화행복주택,2024-09-02 11:10,3.0,0.001,0.001,0.085
인화행복주택,2024-09-02 11:15,3.0,0.001,0.001,0.086
인화행복주택,2024-09-02 11:20,3.0,0.001,0.001,0.083
인화행복주택,2024-09-02 11:25,3.0,0.001,0.001,0.084
인화행복주택,2024-09-02 11:30,3.0,0.001,0.001,0.086
인화행복주택,2024-09-02 11:35,3.0,0.001,0.001,0.084
인화행복주택,2024-09-02 11:40,3.0,0.001,0.001,0.085
인화행복주택,2024-09-02 11:45,3.0,0.001,0.001,0.086
인화행복주택,2024-09-02 11:50,3.0,0.001,0.001,0.088
인화행복주택,2024-09-02 11:55,3.0,0.001,0.001,0.09
인화행복주택,2024-09-02 12:00,3.0,0.001,0.001,0.091
인화행복주택,2024-09-02 12:05,3.0,0.001,0.001,0.09
인화행복주택,2024-09-02 12:10,3.0,0.001,0.001,0.092
인화행복주택,2024-09-02 12:15,3.0,0.001,0.001,0.095
인화행복주택,2024-09-02 12:20,3.0,0.001,0.001,0.088
인화행복주택,2024-09-02 12:25,3.0,0.001,0.001,0.086
인화행복주택,2024-09-02 12:30,3.0,0.001,0.001,0.088
인화행복주택,2024-09-02 12:35,3.0,0.001,0.001,0.087
인화행복주택,2024-09-02 12:40,3.0,0.001,0.0,0.087
인화행복주택,2024-09-02 12:45,3.0,0.001,0.002,0.086
인화행복주택,2024-09-02 12:50,3.0,0.001,0.001,0.09
인화행복주택,2024-09-02 12:55,3.0,0.001,0.001,0.093
인화행복주택,2024-09-02 13:00,3.0,0.001,0.001,0.094
인화행복주택,2024-09-02 13:05,3.0,0.001,0.001,0.095
인화행복주택,2024-09-02 13:10,3.0,0.001,0.001,0.094
인화행복주택,2024-09-02 13:15,3.0,0.001,0.001,0.095
인화행복주택,2024-09-02 13:20,3.0,0.001,0.001,0.094
인화행복주택,2024-09-02 13:25,3.0,0.001,0.001,0.095
인화행복주택,2024-09-02 13:30,3.0,0.001,0.001,0.094
인화행복주택,2024-09-02 13:35,3.0,0.001,0.001,0.093
인화행복주택,2024-09-02 13:40,3.0,0.001,0.001,0.089
인화행복주택,2024-09-02 13:45,3.0,0.001,0.001,0.091
인화행복주택,2024-09-02 13:50,3.0,0.001,0.001,0.091
인화행복주택,2024-09-02 13:55,3.0,0.001,0.001,0.094
인화행복주택,2024-09-02 14:00,3.0,0.001,0.001,0.094
인화행복주택,2024-09-02 14:05,3.0,0.001,0.001,0.099
인화행복주택,2024-09-02 14:10,3.0,0.002,0.001,0.097
인화행복주택,2024-09-02 14:15,3.0,0.002,0.001,0.102
인화행복주택,2024-09-02 14:20,3.0,0.001,0.001,0.101
인화행복주택,2024-09-02 14:25,3.0,0.001,0.001,0.102
인화행복주택,2024-09-02 14:30,3.0,0.001,0.001,0.103
인화행복주택,2024-09-02 14:35,3.0,0.001,0.001,0.104
인화행복주택,2024-09-02 14:40,3.0,0.001,0.001,0.103
인화행복주택,2024-09-02 14:45,3.0,0.001,0.001,0.103
인화행복주택,2024-09-02 14:50,3.0,0.001,0.001,0.105
인화행복주택,2024-09-02 14:55,3.0,0.001,0.001,0.106
인화행복주택,2024-09-02 15:00,3.0,0.0,0.0,0.107
인화행복주택,2024-09-02 15:05,3.0,0.001,0.002,0.107
인화행복주택,2024-09-02 15:10,3.0,0.001,0.001,0.108
인화행복주택,2024-09-02 15:15,3.0,0.0,0.001,0.108
인화행복주택,2024-09-02 15:20,3.0,0.001,0.001,0.107
인화행복주택,2024-09-02 15:25,3.0,0.001,0.001,0.107
인화행복주택,2024-09-02 15:30,3.0,0.001,0.001,0.108
인화행복주택,2024-09-02 15:35,3.0,0.0,0.001,0.108
인화행복주택,2024-09-02 15:40,3.0,0.001,0.001,0.107
인화행복주택,2024-09-02 15:45,3.0,0.001,0.001,0.107
인화행복주택,2024-09-02 15:50,3.0,0.001,0.001,0.108
인화행복주택,2024-09-02 15:55,3.0,0.001,0.001,0.109
인화행복주택,2024-09-02 16:00,3.0,0.001,0.002,0.108
인화행복주택,2024-09-02 16:05,3.0,0.001,0.001,0.108
인화행복주택,2024-09-02 16:10,3.0,0.001,0.001,0.107
인화행복주택,2024-09-02 16:15,3.0,0.001,0.001,0.107
인화행복주택,2024-09-02 16:20,3.0,0.001,0.001,0.105
인화행복주택,2024-09-02 16:25,3.0,0.001,0.001,0.106
인화행복주택,2024-09-02 16:30,3.0,0.001,0.001,0.103
인화행복주택,2024-09-02 16:35,3.0,0.001,0.001,0.102
인화행복주택,2024-09-02 16:40,3.0,0.001,0.001,0.102
인화행복주택,2024-09-02 16:45,3.0,0.001,0.001,0.102
인화행복주택,2024-09-02 16:50,3.0,0.001,0.001,0.101
인화행복주택,2024-09-02 16:55,3.0,0.001,0.001,0.1
인화행복주택,2024-09-02 17:00,3.0,0.001,0.001,0.1
인화행복주택,2024-09-02 17:05,3.0,0.001,0.001,0.1
인화행복주택,2024-09-02 17:10,3.0,0.001,0.001,0.099
인화행복주택,2024-09-02 17:15,3.0,0.001,0.001,0.099
인화행복주택,2024-09-02 17:20,3.0,0.001,0.001,0.097
인화행복주택,2024-09-02 17:25,3.0,0.001,0.001,0.099
인화행복주택,2024-09-02 17:30,3.0,0.001,0.001,0.099
인화행복주택,2024-09-02 17:35,3.0,0.001,0.001,0.099
인화행복주택,2024-09-02 17:40,3.0,0.001,0.001,0.099
인화행복주택,2024-09-02 17:45,3.0,0.001,0.001,0.1
인화행복주택,2024-09-02 17:50,3.0,0.001,0.001,0.098
인화행복주택,2024-09-02 17:55,3.0,0.001,0.001,0.098
인화행복주택,2024-09-02 18:00,3.0,0.001,0.001,0.1
인화행복주택,2024-09-02 18:05,3.0,0.001,0.001,0.1
인화행복주택,2024-09-02 18:10,3.0,0.001,0.001,0.099
인화행복주택,2024-09-02 18:15,3.0,0.001,0.001,0.099
인화행복주택,2024-09-02 18:20,3.0,0.001,0.001,0.1
인화행복주택,2024-09-02 18:25,3.0,0.002,0.001,0.1
인화행복주택,2024-09-02 18:30,3.0,0.001,0.001,0.101
인화행복주택,2024-09-02 18:35,3.0,0.001,0.001,0.102
인화행복주택,2024-09-02 18:40,3.0,0.001,0.001,0.101
인화행복주택,2024-09-02 18:45,3.0,0.001,0.001,0.1
인화행복주택,2024-09-02 18:50,3.0,0.001,0.001,0.1
인화행복주택,2024-09-02 18:55,3.0,0.001,0.001,0.1
인화행복주택,2024-09-02 19:00,3.0,0.001,0.001,0.1
인화행복주택,2024-09-02 19:05,3.0,0.001,0.001,0.1
인화행복주택,2024-09-02 19:10,3.0,0.001,0.001,0.099
인화행복주택,2024-09-02 19:15,3.0,0.001,0.001,0.099
인화행복주택,2024-09-02 19:20,3.0,0.001,0.001,0.099
인화행복주택,2024-09-02 19:25,3.0,0.001,0.001,0.098
인화행복주택,2024-09-02 19:30,3.0,0.001,0.001,0.098
인화행복주택,2024-09-02 19:35,3.0,0.001,0.001,0.098
인화행복주택,2024-09-02 19:40,3.0,0.001,0.001,0.096
인화행복주택,2024-09-02 19:45,3.0,0.001,0.001,0.097
인화행복주택,2024-09-02 19:50,3.1,0.001,0.001,0.098
인화행복주택,2024-09-02 19:55,3.6,0.001,0.001,0.098
인화행복주택,2024-09-02 20:00,3.4,0.001,0.001,0.099
인화행복주택,2024-09-02 20:05,3.0,0.001,0.001,0.1
인화행복주택,2024-09-02 20:10,3.0,0.001,0.001,0.096
인화행복주택,2024-09-02 20:15,3.0,0.001,0.001,0.097
인화행복주택,2024-09-02 20:20,3.0,0.001,0.001,0.098
인화행복주택,2024-09-02 20:25,3.0,0.001,0.001,0.095
인화행복주택,2024-09-02 20:30,3.0,0.001,0.002,0.096
인화행복주택,2024-09-02 20:35,3.0,0.001,0.001,0.096
인화행복주택,2024-09-02 20:40,3.0,0.001,0.001,0.096
인화행복주택,2024-09-02 20:45,3.0,0.001,0.001,0.094
인화행복주택,2024-09-02 20:50,3.0,0.001,0.0,0.095
인화행복주택,2024-09-02 20:55,3.0,0.002,0.001,0.094
인화행복주택,2024-09-02 21:00,3.0,0.001,0.001,0.093
인화행복주택,2024-09-02 21:05,3.0,0.001,0.001,0.092
인화행복주택,2024-09-02 21:10,3.0,0.001,0.001,0.092
인화행복주택,2024-09-02 21:15,3.0,0.001,0.001,0.095
인화행복주택,2024-09-02 21:20,3.0,0.001,0.001,0.097
인화행복주택,2024-09-02 21:25,3.0,0.001,0.002,0.097
인화행복주택,2024-09-02 21:30,3.0,0.001,0.001,0.097
인화행복주택,2024-09-02 21:35,3.0,0.001,0.001,0.097
인화행복주택,2024-09-02 21:40,3.0,0.001,0.001,0.098
인화행복주택,2024-09-02 21:45,3.0,0.001,0.001,0.096
인화행복주택,2024-09-02 21:50,3.0,0.001,0.001,0.095
인화행복주택,2024-09-02 21:55,3.0,0.001,0.001,0.094
인화행복주택,2024-09-02 22:00,3.0,0.001,0.001,0.094
인화행복주택,2024-09-02 22:05,3.0,0.001,0.001,0.094
인화행복주택,2024-09-02 22:10,3.0,0.001,0.001,0.092
인화행복주택,2024-09-02 22:15,3.0,0.001,0.001,0.093
인화행복주택,2024-09-02 22:20,3.0,0.001,0.001,0.091
인화행복주택,2024-09-02 22:25,3.0,0.001,0.001,0.09
인화행복주택,2024-09-02 22:30,3.0,0.001,0.0,0.088
인화행복주택,2024-09-02 22:35,3.0,0.001,0.001,0.09
인화행복주택,2024-09-02 22:40,3.0,0.001,0.001,0.088
인화행복주택,2024-09-02 22:45,3.0,0.001,0.001,0.09
인화행복주택,2024-09-02 22:50,3.0,0.002,0.001,0.091
인화행복주택,2024-09-02 22:55,3.0,0.001,0.001,0.091
인화행복주택,2024-09-02 23:00,3.0,0.001,0.001,0.088
인화행복주택,2024-09-02 23:05,3.0,0.001,0.001,0.092
인화행복주택,2024-09-02 23:10,3.0,0.0,0.001,0.093
인화행복주택,2024-09-02 23:15,3.6,0.001,0.001,0.091
인화행복주택,2024-09-02 23:20,4.0,0.001,0.001,0.092
인화행복주택,2024-09-02 23:25,4.0,0.001,0.001,0.092
인화행복주택,2024-09-02 23:30,3.9,0.002,0.001,0.09
인화행복주택,2024-09-02 23:35,3.7,0.001,0.001,0.09
인화행복주택,2024-09-02 23:40,3.0,0.001,0.001,0.089
인화행복주택,2024-09-02 23:45,3.2,0.001,0.001,0.091
인화행복주택,2024-09-02 23:50,3.0,0.001,0.001,0.089
인화행복주택,2024-09-02 23:55,3.1,0.001,0.001,0.092
