분석대상,발생시각,신고수,서로다른좌표수,지역별신고수,평균강도,최대강도,악취종류별신고수,주요악취종류
익산시만,2020-01-01 21:00:00,1,1,"{""마동"": 1}",4.0,4,"{""가축 분뇨 냄새(닭, 돼지, 소)"": 1}","가축 분뇨 냄새(닭, 돼지, 소)"
익산시만,2020-01-02 06:00:00,1,1,"{""금강동"": 1}",3.0,3,"{""하수구 냄새"": 1}",하수구 냄새
익산시만,2020-01-02 20:00:00,1,1,"{""춘포면 쌍정리"": 1}",4.0,4,"{""가축 분뇨 냄새(닭, 돼지, 소)"": 1}","가축 분뇨 냄새(닭, 돼지, 소)"
익산시만,2020-01-02 21:00:00,1,1,"{""마동"": 1}",5.0,5,"{""가축 분뇨 냄새(닭, 돼지, 소)"": 1}","가축 분뇨 냄새(닭, 돼지, 소)"
익산시만,2020-01-04 00:00:00,1,1,"{""부송동"": 1}",4.0,4,"{""가축 분뇨 냄새(닭, 돼지, 소)"": 1}","가축 분뇨 냄새(닭, 돼지, 소)"
익산시만,2020-01-04 10:00:00,1,1,"{""삼기면 연동리"": 1}",4.0,4,"{""기타"": 1}",기타
익산시만,2020-01-05 07:00:00,1,1,"{""남중동"": 1}",3.0,3,"{""가축 분뇨 냄새(닭, 돼지, 소)"": 1}","가축 분뇨 냄새(닭, 돼지, 소)"
익산시만,2020-01-07 17:00:00,1,1,"{""영등동"": 1}",4.0,4,"{""공장 냄새(화학약품, 매캐함)"": 1}","공장 냄새(화학약품, 매캐함)"
익산시만,2020-01-09 21:00:00,1,1,"{""팔봉동"": 1}",3.0,3,"{""하수구 냄새"": 1}",하수구 냄새
익산시만,2020-01-10 17:00:00,1,1,"{""왕궁면 쌍제리"": 1}",4.0,4,"{""하수구 냄새"": 1}",하수구 냄새
익산시만,2020-01-13 12:00:00,2,1,"{""성당면 대선리"": 2}",3.0,3,"{""기타"": 2}",기타
익산시만,2020-01-14 01:00:00,1,1,"{""동산동"": 1}",3.0,3,"{""가축 분뇨 냄새(닭, 돼지, 소)"": 1}","가축 분뇨 냄새(닭, 돼지, 소)"
익산시만,2020-01-14 02:00:00,4,4,"{""영등동"": 2, ""신동"": 2}",3.75,4,"{""공장 냄새(화학약품, 매캐함)"": 4}","공장 냄새(화학약품, 매캐함)"
익산시만,2020-01-14 03:00:00,2,2,"{""부송동"": 2}",3.5,4,"{""공장 냄새(화학약품, 매캐함)"": 2}","공장 냄새(화학약품, 매캐함)"
익산시만,2020-01-15 02:00:00,1,1,"{""신동"": 1}",4.0,4,"{""공장 냄새(화학약품, 매캐함)"": 1}","공장 냄새(화학약품, 매캐함)"
익산시만,2020-01-16 18:00:00,1,1,"{""신용동"": 1}",3.0,3,"{""하수구 냄새"": 1}",하수구 냄새
익산시만,2020-01-17 16:00:00,1,1,"{""성당면 대선리"": 1}",3.0,3,"{""기타"": 1}",기타
익산시만,2020-01-18 02:00:00,1,1,"{""팔봉동"": 1}",4.0,4,"{""기타"": 1}",기타
익산시만,2020-01-18 17:00:00,1,1,"{""성당면 대선리"": 1}",4.0,4,"{""가축 분뇨 냄새(닭, 돼지, 소)"": 1}","가축 분뇨 냄새(닭, 돼지, 소)"
익산시만,2020-01-18 22:00:00,7,7,"{""부송동"": 5, ""성당면 대선리"": 1, ""영등동"": 1}",4.428571428571429,5,"{""공장 냄새(화학약품, 매캐함)"": 6, ""하수구 냄새"": 1}","공장 냄새(화학약품, 매캐함)"
익산시만,2020-01-18 23:00:00,8,8,"{""부송동"": 6, ""어양동"": 2}",4.375,5,"{""공장 냄새(화학약품, 매캐함)"": 5, ""기타"": 1, ""가축 분뇨 냄새(닭, 돼지, 소)"": 1, ""하수구 냄새"": 1}","공장 냄새(화학약품, 매캐함)"
익산시만,2020-01-19 11:00:00,1,1,"{""영등동"": 1}",4.0,4,"{""가축 분뇨 냄새(닭, 돼지, 소)"": 1}","가축 분뇨 냄새(닭, 돼지, 소)"
익산시만,2020-01-19 19:00:00,1,1,"{""성당면 대선리"": 1}",3.0,3,"{""기타"": 1}",기타
익산시만,2020-01-20 09:00:00,2,2,"{""석암동"": 2}",4.0,4,"{""가축 분뇨 냄새(닭, 돼지, 소)"": 2}","가축 분뇨 냄새(닭, 돼지, 소)"
익산시만,2020-01-20 17:00:00,1,1,"{""성당면 대선리"": 1}",3.0,3,"{""기타"": 1}",기타
익산시만,2020-01-21 08:00:00,1,1,"{""영등동"": 1}",5.0,5,"{""공장 냄새(화학약품, 매캐함)"": 1}","공장 냄새(화학약품, 매캐함)"
익산시만,2020-01-21 20:00:00,1,1,"{""부송동"": 1}",4.0,4,"{""공장 냄새(화학약품, 매캐함)"": 1}","공장 냄새(화학약품, 매캐함)"
익산시만,2020-01-21 21:00:00,6,6,"{""부송동"": 4, ""어양동"": 2}",4.5,5,"{""공장 냄새(화학약품, 매캐함)"": 6}","공장 냄새(화학약품, 매캐함)"
익산시만,2020-01-21 22:00:00,1,1,"{""영등동"": 1}",4.0,4,"{""공장 냄새(화학약품, 매캐함)"": 1}","공장 냄새(화학약품, 매캐함)"
익산시만,2020-01-21 23:00:00,1,1,"{""부송동"": 1}",5.0,5,"{""공장 냄새(화학약품, 매캐함)"": 1}","공장 냄새(화학약품, 매캐함)"
익산시만,2020-01-25 17:00:00,1,1,"{""성당면 대선리"": 1}",3.0,3,"{""가축 분뇨 냄새(닭, 돼지, 소)"": 1}","가축 분뇨 냄새(닭, 돼지, 소)"
익산시만,2020-01-25 18:00:00,1,1,"{""황등면 황등리"": 1}",4.0,4,"{""가축 분뇨 냄새(닭, 돼지, 소)"": 1}","가축 분뇨 냄새(닭, 돼지, 소)"
익산시만,2020-01-25 19:00:00,1,1,"{""성당면 대선리"": 1}",4.0,4,"{""기타"": 1}",기타
익산시만,2020-01-28 22:00:00,1,1,"{""영등동"": 1}",3.0,3,"{""기타"": 1}",기타
익산시만,2020-01-28 23:00:00,1,1,"{""영등동"": 1}",3.0,3,"{""가축 분뇨 냄새(닭, 돼지, 소)"": 1}","가축 분뇨 냄새(닭, 돼지, 소)"
익산시만,2020-01-29 13:00:00,1,1,"{""춘포면 쌍정리"": 1}",5.0,5,"{""공장 냄새(화학약품, 매캐함)"": 1}","공장 냄새(화학약품, 매캐함)"
익산시만,2020-01-29 17:00:00,1,1,"{""성당면 대선리"": 1}",3.0,3,"{""기타"": 1}",기타
익산시만,2020-01-29 18:00:00,1,1,"{""성당면 대선리"": 1}",4.0,4,"{""기타"": 1}",기타
익산시만,2020-01-30 04:00:00,1,1,"{""어양동"": 1}",4.0,4,"{""공장 냄새(화학약품, 매캐함)"": 1}","공장 냄새(화학약품, 매캐함)"
익산시만,2020-01-30 07:00:00,1,1,"{""부송동"": 1}",4.0,4,"{""공장 냄새(화학약품, 매캐함)"": 1}","공장 냄새(화학약품, 매캐함)"
익산시만,2020-01-30 08:00:00,1,1,"{""신동"": 1}",1.0,1,"{""하수구 냄새"": 1}",하수구 냄새
익산시만,2020-01-30 09:00:00,1,1,"{""부송동"": 1}",4.0,4,"{""하수구 냄새"": 1}",하수구 냄새
익산시만,2020-01-30 14:00:00,1,1,"{""금마면 신용리"": 1}",4.0,4,"{""기타"": 1}",기타
익산시만,2020-01-30 17:00:00,1,1,"{""성당면 대선리"": 1}",3.0,3,"{""가축 분뇨 냄새(닭, 돼지, 소)"": 1}","가축 분뇨 냄새(닭, 돼지, 소)"
익산시만,2020-01-30 21:00:00,1,1,"{""성당면 대선리"": 1}",4.0,4,"{""기타"": 1}",기타
익산시만,2020-01-31 08:00:00,1,1,"{""부송동"": 1}",1.0,1,"{""공장 냄새(화학약품, 매캐함)"": 1}","공장 냄새(화학약품, 매캐함)"
익산시만,2020-01-31 12:00:00,1,1,"{""성당면 대선리"": 1}",4.0,4,"{""기타"": 1}",기타
익산시만,2020-01-31 23:00:00,1,1,"{""부송동"": 1}",5.0,5,"{""기타"": 1}",기타
익산시만,2020-02-01 06:00:00,1,1,"{""부송동"": 1}",5.0,5,"{""공장 냄새(화학약품, 매캐함)"": 1}","공장 냄새(화학약품, 매캐함)"
익산시만,2020-02-01 14:00:00,1,1,"{""성당면 대선리"": 1}",4.0,4,"{""기타"": 1}",기타
익산시만,2020-02-02 07:00:00,1,1,"{""부송동"": 1}",4.0,4,"{""공장 냄새(화학약품, 매캐함)"": 1}","공장 냄새(화학약품, 매캐함)"
익산시만,2020-02-02 18:00:00,1,1,"{""성당면 대선리"": 1}",3.0,3,"{""기타"": 1}",기타
익산시만,2020-02-02 22:00:00,3,3,"{""부송동"": 3}",3.6666666666666665,4,"{""공장 냄새(화학약품, 매캐함)"": 3}","공장 냄새(화학약품, 매캐함)"
익산시만,2020-02-04 08:00:00,1,1,"{""부송동"": 1}",3.0,3,"{""공장 냄새(화학약품, 매캐함)"": 1}","공장 냄새(화학약품, 매캐함)"
익산시만,2020-02-04 09:00:00,2,2,"{""부송동"": 2}",5.0,5,"{""공장 냄새(화학약품, 매캐함)"": 2}","공장 냄새(화학약품, 매캐함)"
익산시만,2020-02-04 17:00:00,1,1,"{""성당면 대선리"": 1}",3.0,3,"{""기타"": 1}",기타
익산시만,2020-02-05 19:00:00,1,1,"{""신용동"": 1}",3.0,3,"{""기타"": 1}",기타
익산시만,2020-02-06 18:00:00,1,1,"{""성당면 대선리"": 1}",3.0,3,"{""기타"": 1}",기타
익산시만,2020-02-09 20:00:00,1,1,"{""성당면 대선리"": 1}",3.0,3,"{""기타"": 1}",기타
익산시만,2020-02-09 21:00:00,1,1,"{""부송동"": 1}",4.0,4,"{""기타"": 1}",기타
익산시만,2020-02-09 23:00:00,2,2,"{""부송동"": 2}",4.5,5,"{""하수구 냄새"": 2}",하수구 냄새
익산시만,2020-02-10 00:00:00,2,2,"{""어양동"": 1, ""영등동"": 1}",4.5,5,"{""공장 냄새(화학약품, 매캐함)"": 2}","공장 냄새(화학약품, 매캐함)"
익산시만,2020-02-10 01:00:00,2,2,"{""어양동"": 1, ""부송동"": 1}",3.0,3,"{""공장 냄새(화학약품, 매캐함)"": 2}","공장 냄새(화학약품, 매캐함)"
익산시만,2020-02-10 07:00:00,1,1,"{""금강동"": 1}",5.0,5,"{""음식조리 냄새"": 1}",음식조리 냄새
익산시만,2020-02-10 20:00:00,1,1,"{""용제동"": 1}",3.0,3,"{""공장 냄새(화학약품, 매캐함)"": 1}","공장 냄새(화학약품, 매캐함)"
익산시만,2020-02-10 21:00:00,1,1,"{""부송동"": 1}",3.0,3,"{""공장 냄새(화학약품, 매캐함)"": 1}","공장 냄새(화학약품, 매캐함)"
익산시만,2020-02-10 23:00:00,1,1,"{""부송동"": 1}",4.0,4,"{""공장 냄새(화학약품, 매캐함)"": 1}","공장 냄새(화학약품, 매캐함)"
익산시만,2020-02-11 21:00:00,2,2,"{""부송동"": 2}",4.0,4,"{""공장 냄새(화학약품, 매캐함)"": 2}","공장 냄새(화학약품, 매캐함)"
익산시만,2020-02-11 22:00:00,1,1,"{""부송동"": 1}",4.0,4,"{""공장 냄새(화학약품, 매캐함)"": 1}","공장 냄새(화학약품, 매캐함)"
익산시만,2020-02-14 23:00:00,1,1,"{""어양동"": 1}",4.0,4,"{""기타"": 1}",기타
익산시만,2020-02-15 16:00:00,1,1,"{""춘포면 쌍정리"": 1}",5.0,5,"{""가축 분뇨 냄새(닭, 돼지, 소)"": 1}","가축 분뇨 냄새(닭, 돼지, 소)"
익산시만,2020-02-16 14:00:00,2,2,"{""현영동"": 1, ""신동"": 1}",3.5,4,"{""가축 분뇨 냄새(닭, 돼지, 소)"": 1, ""하수구 냄새"": 1}","가축 분뇨 냄새(닭, 돼지, 소)"
익산시만,2020-02-18 08:00:00,1,1,"{""부송동"": 1}",5.0,5,"{""공장 냄새(화학약품, 매캐함)"": 1}","공장 냄새(화학약품, 매캐함)"
익산시만,2020-02-19 03:00:00,1,1,"{""영등동"": 1}",3.0,3,"{""공장 냄새(화학약품, 매캐함)"": 1}","공장 냄새(화학약품, 매캐함)"
익산시만,2020-02-19 17:00:00,1,1,"{""성당면 대선리"": 1}",4.0,4,"{""기타"": 1}",기타
익산시만,2020-02-20 18:00:00,1,1,"{""성당면 대선리"": 1}",3.0,3,"{""기타"": 1}",기타
익산시만,2020-02-21 17:00:00,1,1,"{""성당면 대선리"": 1}",4.0,4,"{""기타"": 1}",기타
익산시만,2020-02-22 10:00:00,1,1,"{""성당면 대선리"": 1}",4.0,4,"{""기타"": 1}",기타
익산시만,2020-02-23 03:00:00,1,1,"{""부송동"": 1}",4.0,4,"{""하수구 냄새"": 1}",하수구 냄새
익산시만,2020-02-23 08:00:00,1,1,"{""부송동"": 1}",5.0,5,"{""공장 냄새(화학약품, 매캐함)"": 1}","공장 냄새(화학약품, 매캐함)"
익산시만,2020-02-23 18:00:00,1,1,"{""성당면 대선리"": 1}",4.0,4,"{""기타"": 1}",기타
익산시만,2020-02-24 01:00:00,1,1,"{""부송동"": 1}",4.0,4,"{""공장 냄새(화학약품, 매캐함)"": 1}","공장 냄새(화학약품, 매캐함)"
익산시만,2020-02-24 07:00:00,1,1,"{""부송동"": 1}",5.0,5,"{""공장 냄새(화학약품, 매캐함)"": 1}","공장 냄새(화학약품, 매캐함)"
익산시만,2020-02-24 21:00:00,1,1,"{""부송동"": 1}",3.0,3,"{""공장 냄새(화학약품, 매캐함)"": 1}","공장 냄새(화학약품, 매캐함)"
익산시만,2020-02-26 12:00:00,1,1,"{""성당면 대선리"": 1}",5.0,5,"{""기타"": 1}",기타
익산시만,2020-02-27 03:00:00,1,1,"{""부송동"": 1}",5.0,5,"{""하수구 냄새"": 1}",하수구 냄새
익산시만,2020-02-27 18:00:00,1,1,"{""성당면 대선리"": 1}",3.0,3,"{""기타"": 1}",기타
익산시만,2020-02-28 05:00:00,1,1,"{""부송동"": 1}",5.0,5,"{""음식조리 냄새"": 1}",음식조리 냄새
익산시만,2020-02-28 14:00:00,1,1,"{""부송동"": 1}",4.0,4,"{""공장 냄새(화학약품, 매캐함)"": 1}","공장 냄새(화학약품, 매캐함)"
익산시만,2020-02-29 17:00:00,1,1,"{""성당면 대선리"": 1}",4.0,4,"{""기타"": 1}",기타
익산시만,2020-03-01 14:00:00,1,1,"{""만석동"": 1}",3.0,3,"{""기타"": 1}",기타
익산시만,2020-03-01 17:00:00,1,1,"{""성당면 대선리"": 1}",3.0,3,"{""기타"": 1}",기타
익산시만,2020-03-01 22:00:00,1,1,"{""부송동"": 1}",3.0,3,"{""공장 냄새(화학약품, 매캐함)"": 1}","공장 냄새(화학약품, 매캐함)"
익산시만,2020-03-02 17:00:00,1,1,"{""용제동"": 1}",4.0,4,"{""하수구 냄새"": 1}",하수구 냄새
익산시만,2020-03-03 13:00:00,1,1,"{""성당면 대선리"": 1}",3.0,3,"{""기타"": 1}",기타
익산시만,2020-03-03 22:00:00,1,1,"{""어양동"": 1}",3.0,3,"{""하수구 냄새"": 1}",하수구 냄새
익산시만,2020-03-04 10:00:00,1,1,"{""신용동"": 1}",3.0,3,"{""가축 분뇨 냄새(닭, 돼지, 소)"": 1}","가축 분뇨 냄새(닭, 돼지, 소)"
익산시만,2020-03-05 07:00:00,1,1,"{""영등동"": 1}",3.0,3,"{""공장 냄새(화학약품, 매캐함)"": 1}","공장 냄새(화학약품, 매캐함)"
익산시만,2020-03-05 18:00:00,1,1,"{""성당면 대선리"": 1}",3.0,3,"{""기타"": 1}",기타
익산시만,2020-03-07 21:00:00,1,1,"{""신흥동"": 1}",3.0,3,"{""음식조리 냄새"": 1}",음식조리 냄새
익산시만,2020-03-08 12:00:00,1,1,"{""월성동"": 1}",4.0,4,"{""가축 분뇨 냄새(닭, 돼지, 소)"": 1}","가축 분뇨 냄새(닭, 돼지, 소)"
익산시만,2020-03-08 17:00:00,1,1,"{""성당면 대선리"": 1}",3.0,3,"{""기타"": 1}",기타
익산시만,2020-03-09 19:00:00,1,1,"{""성당면 대선리"": 1}",3.0,3,"{""기타"": 1}",기타
익산시만,2020-03-12 17:00:00,1,1,"{""성당면 대선리"": 1}",3.0,3,"{""가축 분뇨 냄새(닭, 돼지, 소)"": 1}","가축 분뇨 냄새(닭, 돼지, 소)"
익산시만,2020-03-12 23:00:00,1,1,"{""부송동"": 1}",5.0,5,"{""가축 분뇨 냄새(닭, 돼지, 소)"": 1}","가축 분뇨 냄새(닭, 돼지, 소)"
익산시만,2020-03-13 07:00:00,1,1,"{""부송동"": 1}",5.0,5,"{""공장 냄새(화학약품, 매캐함)"": 1}","공장 냄새(화학약품, 매캐함)"
익산시만,2020-03-14 09:00:00,1,1,"{""부송동"": 1}",4.0,4,"{""가축 분뇨 냄새(닭, 돼지, 소)"": 1}","가축 분뇨 냄새(닭, 돼지, 소)"
익산시만,2020-03-14 12:00:00,1,1,"{""성당면 대선리"": 1}",4.0,4,"{""기타"": 1}",기타
익산시만,2020-03-15 08:00:00,1,1,"{""성당면 대선리"": 1}",3.0,3,"{""기타"": 1}",기타
익산시만,2020-03-16 17:00:00,1,1,"{""성당면 대선리"": 1}",5.0,5,"{""기타"": 1}",기타
익산시만,2020-03-16 22:00:00,1,1,"{""동산동"": 1}",4.0,4,"{""가축 분뇨 냄새(닭, 돼지, 소)"": 1}","가축 분뇨 냄새(닭, 돼지, 소)"
익산시만,2020-03-18 07:00:00,1,1,"{""팔봉동"": 1}",4.0,4,"{""하수구 냄새"": 1}",하수구 냄새
익산시만,2020-03-18 17:00:00,1,1,"{""성당면 대선리"": 1}",3.0,3,"{""기타"": 1}",기타
익산시만,2020-03-18 22:00:00,1,1,"{""어양동"": 1}",5.0,5,"{""기타"": 1}",기타
익산시만,2020-03-19 18:00:00,1,1,"{""성당면 대선리"": 1}",3.0,3,"{""기타"": 1}",기타
익산시만,2020-03-20 11:00:00,1,1,"{""성당면 대선리"": 1}",4.0,4,"{""기타"": 1}",기타
익산시만,2020-03-20 23:00:00,3,3,"{""부송동"": 3}",5.0,5,"{""가축 분뇨 냄새(닭, 돼지, 소)"": 2, ""하수구 냄새"": 1}","가축 분뇨 냄새(닭, 돼지, 소)"
익산시만,2020-03-21 21:00:00,1,1,"{""현영동"": 1}",5.0,5,"{""기타"": 1}",기타
익산시만,2020-03-21 22:00:00,1,1,"{""현영동"": 1}",5.0,5,"{""공장 냄새(화학약품, 매캐함)"": 1}","공장 냄새(화학약품, 매캐함)"
익산시만,2020-03-21 23:00:00,1,1,"{""현영동"": 1}",5.0,5,"{""가축 분뇨 냄새(닭, 돼지, 소)"": 1}","가축 분뇨 냄새(닭, 돼지, 소)"
익산시만,2020-03-22 09:00:00,1,1,"{""부송동"": 1}",5.0,5,"{""공장 냄새(화학약품, 매캐함)"": 1}","공장 냄새(화학약품, 매캐함)"
익산시만,2020-03-23 04:00:00,1,1,"{""부송동"": 1}",4.0,4,"{""공장 냄새(화학약품, 매캐함)"": 1}","공장 냄새(화학약품, 매캐함)"
익산시만,2020-03-23 09:00:00,1,1,"{""남중동"": 1}",3.0,3,"{""가축 분뇨 냄새(닭, 돼지, 소)"": 1}","가축 분뇨 냄새(닭, 돼지, 소)"
익산시만,2020-03-23 12:00:00,1,1,"{""성당면 대선리"": 1}",4.0,4,"{""기타"": 1}",기타
익산시만,2020-03-25 23:00:00,1,1,"{""부송동"": 1}",5.0,5,"{""가축 분뇨 냄새(닭, 돼지, 소)"": 1}","가축 분뇨 냄새(닭, 돼지, 소)"
익산시만,2020-03-26 00:00:00,1,1,"{""어양동"": 1}",3.0,3,"{""기타"": 1}",기타
익산시만,2020-03-26 10:00:00,1,1,"{""현영동"": 1}",4.0,4,"{""가축 분뇨 냄새(닭, 돼지, 소)"": 1}","가축 분뇨 냄새(닭, 돼지, 소)"
익산시만,2020-03-27 15:00:00,1,1,"{""왕궁면 흥암리"": 1}",4.0,4,"{""하수구 냄새"": 1}",하수구 냄새
익산시만,2020-03-29 18:00:00,1,1,"{""성당면 대선리"": 1}",3.0,3,"{""기타"": 1}",기타
익산시만,2020-03-30 18:00:00,1,1,"{""성당면 대선리"": 1}",4.0,4,"{""기타"": 1}",기타
익산시만,2020-03-31 18:00:00,1,1,"{""성당면 대선리"": 1}",3.0,3,"{""기타"": 1}",기타
익산시만,2020-04-01 08:00:00,1,1,"{""성당면 대선리"": 1}",4.0,4,"{""기타"": 1}",기타
익산시만,2020-04-02 08:00:00,1,1,"{""부송동"": 1}",5.0,5,"{""공장 냄새(화학약품, 매캐함)"": 1}","공장 냄새(화학약품, 매캐함)"
익산시만,2020-04-02 14:00:00,1,1,"{""성당면 대선리"": 1}",4.0,4,"{""기타"": 1}",기타
익산시만,2020-04-02 21:00:00,1,1,"{""영등동"": 1}",3.0,3,"{""공장 냄새(화학약품, 매캐함)"": 1}","공장 냄새(화학약품, 매캐함)"
익산시만,2020-04-03 08:00:00,1,1,"{""부송동"": 1}",5.0,5,"{""공장 냄새(화학약품, 매캐함)"": 1}","공장 냄새(화학약품, 매캐함)"
익산시만,2020-04-03 18:00:00,1,1,"{""성당면 대선리"": 1}",4.0,4,"{""기타"": 1}",기타
익산시만,2020-04-04 00:00:00,1,1,"{""영등동"": 1}",4.0,4,"{""기타"": 1}",기타
익산시만,2020-04-04 21:00:00,1,1,"{""영등동"": 1}",5.0,5,"{""기타"": 1}",기타
익산시만,2020-04-06 10:00:00,1,1,"{""왕궁면 구덕리"": 1}",5.0,5,"{""기타"": 1}",기타
익산시만,2020-04-06 14:00:00,1,1,"{""왕궁면 동촌리"": 1}",4.0,4,"{""가축 분뇨 냄새(닭, 돼지, 소)"": 1}","가축 분뇨 냄새(닭, 돼지, 소)"
익산시만,2020-04-07 13:00:00,1,1,"{""성당면 대선리"": 1}",3.0,3,"{""기타"": 1}",기타
익산시만,2020-04-08 05:00:00,1,1,"{""부송동"": 1}",5.0,5,"{""공장 냄새(화학약품, 매캐함)"": 1}","공장 냄새(화학약품, 매캐함)"
익산시만,2020-04-08 18:00:00,1,1,"{""성당면 대선리"": 1}",3.0,3,"{""기타"": 1}",기타
익산시만,2020-04-10 07:00:00,1,1,"{""신흥동"": 1}",4.0,4,"{""기타"": 1}",기타
익산시만,2020-04-10 13:00:00,1,1,"{""성당면 대선리"": 1}",3.0,3,"{""기타"": 1}",기타
익산시만,2020-04-10 20:00:00,1,1,"{""신동"": 1}",4.0,4,"{""가축 분뇨 냄새(닭, 돼지, 소)"": 1}","가축 분뇨 냄새(닭, 돼지, 소)"
익산시만,2020-04-12 01:00:00,4,2,"{""부송동"": 4}",4.0,4,"{""기타"": 2, ""가축 분뇨 냄새(닭, 돼지, 소)"": 2}",기타
익산시만,2020-04-13 17:00:00,1,1,"{""영등동"": 1}",3.0,3,"{""공장 냄새(화학약품, 매캐함)"": 1}","공장 냄새(화학약품, 매캐함)"
익산시만,2020-04-14 11:00:00,1,1,"{""성당면 대선리"": 1}",4.0,4,"{""기타"": 1}",기타
익산시만,2020-04-15 00:00:00,1,1,"{""부송동"": 1}",5.0,5,"{""가축 분뇨 냄새(닭, 돼지, 소)"": 1}","가축 분뇨 냄새(닭, 돼지, 소)"
익산시만,2020-04-15 03:00:00,1,1,"{""부송동"": 1}",4.0,4,"{""공장 냄새(화학약품, 매캐함)"": 1}","공장 냄새(화학약품, 매캐함)"
익산시만,2020-04-16 20:00:00,1,1,"{""함열읍 석매리"": 1}",5.0,5,"{""가축 분뇨 냄새(닭, 돼지, 소)"": 1}","가축 분뇨 냄새(닭, 돼지, 소)"
익산시만,2020-04-18 11:00:00,1,1,"{""성당면 대선리"": 1}",5.0,5,"{""기타"": 1}",기타
익산시만,2020-04-19 01:00:00,1,1,"{""영등동"": 1}",3.0,3,"{""공장 냄새(화학약품, 매캐함)"": 1}","공장 냄새(화학약품, 매캐함)"
익산시만,2020-04-19 16:00:00,1,1,"{""부송동"": 1}",3.0,3,"{""공장 냄새(화학약품, 매캐함)"": 1}","공장 냄새(화학약품, 매캐함)"
익산시만,2020-04-20 12:00:00,1,1,"{""성당면 대선리"": 1}",4.0,4,"{""기타"": 1}",기타
익산시만,2020-04-22 06:00:00,1,1,"{""성당면 대선리"": 1}",3.0,3,"{""기타"": 1}",기타
익산시만,2020-04-22 07:00:00,1,1,"{""성당면 대선리"": 1}",3.0,3,"{""기타"": 1}",기타
익산시만,2020-04-22 13:00:00,1,1,"{""성당면 대선리"": 1}",5.0,5,"{""하수구 냄새"": 1}",하수구 냄새
익산시만,2020-04-23 06:00:00,1,1,"{""성당면 대선리"": 1}",3.0,3,"{""하수구 냄새"": 1}",하수구 냄새
익산시만,2020-04-23 13:00:00,1,1,"{""성당면 대선리"": 1}",4.0,4,"{""기타"": 1}",기타
익산시만,2020-04-23 20:00:00,2,2,"{""신동"": 1, ""성당면 대선리"": 1}",3.5,4,"{""공장 냄새(화학약품, 매캐함)"": 1, ""기타"": 1}","공장 냄새(화학약품, 매캐함)"
익산시만,2020-04-23 21:00:00,1,1,"{""영등동"": 1}",5.0,5,"{""기타"": 1}",기타
익산시만,2020-04-25 18:00:00,1,1,"{""성당면 대선리"": 1}",3.0,3,"{""기타"": 1}",기타
익산시만,2020-04-26 12:00:00,1,1,"{""성당면 대선리"": 1}",4.0,4,"{""기타"": 1}",기타
익산시만,2020-04-27 05:00:00,1,1,"{""성당면 대선리"": 1}",3.0,3,"{""가축 분뇨 냄새(닭, 돼지, 소)"": 1}","가축 분뇨 냄새(닭, 돼지, 소)"
익산시만,2020-04-27 13:00:00,1,1,"{""성당면 대선리"": 1}",3.0,3,"{""기타"": 1}",기타
익산시만,2020-04-28 12:00:00,1,1,"{""영등동"": 1}",3.0,3,"{""가축 분뇨 냄새(닭, 돼지, 소)"": 1}","가축 분뇨 냄새(닭, 돼지, 소)"
익산시만,2020-04-28 19:00:00,1,1,"{""성당면 대선리"": 1}",5.0,5,"{""기타"": 1}",기타
익산시만,2020-04-28 23:00:00,1,1,"{""부송동"": 1}",5.0,5,"{""하수구 냄새"": 1}",하수구 냄새
익산시만,2020-04-29 17:00:00,1,1,"{""월성동"": 1}",3.0,3,"{""가축 분뇨 냄새(닭, 돼지, 소)"": 1}","가축 분뇨 냄새(닭, 돼지, 소)"
익산시만,2020-04-30 01:00:00,1,1,"{""부송동"": 1}",4.0,4,"{""하수구 냄새"": 1}",하수구 냄새
익산시만,2020-04-30 02:00:00,1,1,"{""영등동"": 1}",4.0,4,"{""기타"": 1}",기타
익산시만,2020-05-01 08:00:00,1,1,"{""부송동"": 1}",4.0,4,"{""가축 분뇨 냄새(닭, 돼지, 소)"": 1}","가축 분뇨 냄새(닭, 돼지, 소)"
익산시만,2020-05-02 13:00:00,1,1,"{""영등동"": 1}",5.0,5,"{""가축 분뇨 냄새(닭, 돼지, 소)"": 1}","가축 분뇨 냄새(닭, 돼지, 소)"
익산시만,2020-05-02 15:00:00,1,1,"{""낭산면 석천리"": 1}",4.0,4,"{""기타"": 1}",기타
익산시만,2020-05-02 20:00:00,2,1,"{""영등동"": 2}",3.0,3,"{""가축 분뇨 냄새(닭, 돼지, 소)"": 2}","가축 분뇨 냄새(닭, 돼지, 소)"
익산시만,2020-05-02 22:00:00,1,1,"{""부송동"": 1}",4.0,4,"{""하수구 냄새"": 1}",하수구 냄새
익산시만,2020-05-03 13:00:00,1,1,"{""현영동"": 1}",5.0,5,"{""가축 분뇨 냄새(닭, 돼지, 소)"": 1}","가축 분뇨 냄새(닭, 돼지, 소)"
익산시만,2020-05-05 13:00:00,1,1,"{""함열읍 석매리"": 1}",3.0,3,"{""기타"": 1}",기타
익산시만,2020-05-06 23:00:00,1,1,"{""팔봉동"": 1}",2.0,2,"{""기타"": 1}",기타
익산시만,2020-05-07 22:00:00,1,1,"{""부송동"": 1}",2.0,2,"{""가축 분뇨 냄새(닭, 돼지, 소)"": 1}","가축 분뇨 냄새(닭, 돼지, 소)"
익산시만,2020-05-08 10:00:00,1,1,"{""팔봉동"": 1}",3.0,3,"{""가축 분뇨 냄새(닭, 돼지, 소)"": 1}","가축 분뇨 냄새(닭, 돼지, 소)"
익산시만,2020-05-08 15:00:00,1,1,"{""오산면 신지리"": 1}",5.0,5,"{""가축 분뇨 냄새(닭, 돼지, 소)"": 1}","가축 분뇨 냄새(닭, 돼지, 소)"
익산시만,2020-05-09 16:00:00,1,1,"{""금마면 신용리"": 1}",4.0,4,"{""기타"": 1}",기타
익산시만,2020-05-10 14:00:00,1,1,"{""영등동"": 1}",3.0,3,"{""가축 분뇨 냄새(닭, 돼지, 소)"": 1}","가축 분뇨 냄새(닭, 돼지, 소)"
익산시만,2020-05-10 21:00:00,1,1,"{""현영동"": 1}",5.0,5,"{""가축 분뇨 냄새(닭, 돼지, 소)"": 1}","가축 분뇨 냄새(닭, 돼지, 소)"
익산시만,2020-05-11 00:00:00,1,1,"{""인화동2가"": 1}",5.0,5,"{""기타"": 1}",기타
익산시만,2020-05-13 23:00:00,1,1,"{""영등동"": 1}",3.0,3,"{""가축 분뇨 냄새(닭, 돼지, 소)"": 1}","가축 분뇨 냄새(닭, 돼지, 소)"
익산시만,2020-05-14 02:00:00,1,1,"{""부송동"": 1}",5.0,5,"{""가축 분뇨 냄새(닭, 돼지, 소)"": 1}","가축 분뇨 냄새(닭, 돼지, 소)"
익산시만,2020-05-14 06:00:00,1,1,"{""영등동"": 1}",5.0,5,"{""하수구 냄새"": 1}",하수구 냄새
익산시만,2020-05-15 11:00:00,1,1,"{""부송동"": 1}",4.0,4,"{""공장 냄새(화학약품, 매캐함)"": 1}","공장 냄새(화학약품, 매캐함)"
익산시만,2020-05-15 17:00:00,1,1,"{""부송동"": 1}",4.0,4,"{""가축 분뇨 냄새(닭, 돼지, 소)"": 1}","가축 분뇨 냄새(닭, 돼지, 소)"
익산시만,2020-05-16 10:00:00,1,1,"{""월성동"": 1}",3.0,3,"{""기타"": 1}",기타
익산시만,2020-05-16 15:00:00,1,1,"{""월성동"": 1}",3.0,3,"{""기타"": 1}",기타
익산시만,2020-05-16 16:00:00,1,1,"{""월성동"": 1}",4.0,4,"{""기타"": 1}",기타
익산시만,2020-05-18 05:00:00,1,1,"{""인화동2가"": 1}",5.0,5,"{""기타"": 1}",기타
익산시만,2020-05-18 15:00:00,1,1,"{""팔봉동"": 1}",3.0,3,"{""공장 냄새(화학약품, 매캐함)"": 1}","공장 냄새(화학약품, 매캐함)"
익산시만,2020-05-20 21:00:00,1,1,"{""금마면 신용리"": 1}",4.0,4,"{""하수구 냄새"": 1}",하수구 냄새
익산시만,2020-05-21 03:00:00,1,1,"{""영등동"": 1}",3.0,3,"{""가축 분뇨 냄새(닭, 돼지, 소)"": 1}","가축 분뇨 냄새(닭, 돼지, 소)"
익산시만,2020-05-21 23:00:00,1,1,"{""망성면 화산리"": 1}",4.0,4,"{""기타"": 1}",기타
익산시만,2020-05-22 02:00:00,1,1,"{""인화동2가"": 1}",3.0,3,"{""기타"": 1}",기타
익산시만,2020-05-22 17:00:00,1,1,"{""평화동"": 1}",0.0,0,"{""해당사항없음"": 1}",해당사항없음
익산시만,2020-05-23 12:00:00,2,2,"{""동산동"": 2}",4.0,5,"{""하수구 냄새"": 2}",하수구 냄새
익산시만,2020-05-23 15:00:00,1,1,"{""팔봉동"": 1}",3.0,3,"{""공장 냄새(화학약품, 매캐함)"": 1}","공장 냄새(화학약품, 매캐함)"
익산시만,2020-05-23 20:00:00,1,1,"{""팔봉동"": 1}",3.0,3,"{""공장 냄새(화학약품, 매캐함)"": 1}","공장 냄새(화학약품, 매캐함)"
익산시만,2020-05-23 23:00:00,9,8,"{""부송동"": 6, ""마동"": 2, ""영등동"": 1}",3.7777777777777777,5,"{""가축 분뇨 냄새(닭, 돼지, 소)"": 7, ""기타"": 1, ""공장 냄새(화학약품, 매캐함)"": 1}","가축 분뇨 냄새(닭, 돼지, 소)"
익산시만,2020-05-24 00:00:00,1,1,"{""부송동"": 1}",4.0,4,"{""가축 분뇨 냄새(닭, 돼지, 소)"": 1}","가축 분뇨 냄새(닭, 돼지, 소)"
익산시만,2020-05-26 00:00:00,1,1,"{""팔봉동"": 1}",3.0,3,"{""공장 냄새(화학약품, 매캐함)"": 1}","공장 냄새(화학약품, 매캐함)"
익산시만,2020-05-28 07:00:00,1,1,"{""어양동"": 1}",3.0,3,"{""공장 냄새(화학약품, 매캐함)"": 1}","공장 냄새(화학약품, 매캐함)"
익산시만,2020-05-28 18:00:00,1,1,"{""인화동1가"": 1}",3.0,3,"{""가축 분뇨 냄새(닭, 돼지, 소)"": 1}","가축 분뇨 냄새(닭, 돼지, 소)"
익산시만,2020-05-28 20:00:00,1,1,"{""삼기면 연동리"": 1}",4.0,4,"{""기타"": 1}",기타
익산시만,2020-05-30 22:00:00,1,1,"{""황등면 황등리"": 1}",3.0,3,"{""가축 분뇨 냄새(닭, 돼지, 소)"": 1}","가축 분뇨 냄새(닭, 돼지, 소)"
익산시만,2020-05-30 23:00:00,3,3,"{""부송동"": 2, ""어양동"": 1}",3.0,3,"{""가축 분뇨 냄새(닭, 돼지, 소)"": 1, ""음식조리 냄새"": 1, ""하수구 냄새"": 1}","가축 분뇨 냄새(닭, 돼지, 소)"
익산시만,2020-06-01 17:00:00,1,1,"{""남중동"": 1}",3.0,3,"{""음식조리 냄새"": 1}",음식조리 냄새
익산시만,2020-06-02 02:00:00,1,1,"{""영등동"": 1}",4.0,4,"{""가축 분뇨 냄새(닭, 돼지, 소)"": 1}","가축 분뇨 냄새(닭, 돼지, 소)"
익산시만,2020-06-02 07:00:00,1,1,"{""부송동"": 1}",2.0,2,"{""가축 분뇨 냄새(닭, 돼지, 소)"": 1}","가축 분뇨 냄새(닭, 돼지, 소)"
익산시만,2020-06-02 08:00:00,1,1,"{""영등동"": 1}",5.0,5,"{""공장 냄새(화학약품, 매캐함)"": 1}","공장 냄새(화학약품, 매캐함)"
익산시만,2020-06-02 18:00:00,1,1,"{""모현동1가"": 1}",3.0,3,"{""가축 분뇨 냄새(닭, 돼지, 소)"": 1}","가축 분뇨 냄새(닭, 돼지, 소)"
익산시만,2020-06-03 00:00:00,1,1,"{""동산동"": 1}",3.0,3,"{""가축 분뇨 냄새(닭, 돼지, 소)"": 1}","가축 분뇨 냄새(닭, 돼지, 소)"
익산시만,2020-06-03 06:00:00,1,1,"{""부송동"": 1}",2.0,2,"{""가축 분뇨 냄새(닭, 돼지, 소)"": 1}","가축 분뇨 냄새(닭, 돼지, 소)"
익산시만,2020-06-03 17:00:00,1,1,"{""팔봉동"": 1}",3.0,3,"{""공장 냄새(화학약품, 매캐함)"": 1}","공장 냄새(화학약품, 매캐함)"
익산시만,2020-06-04 00:00:00,1,1,"{""영등동"": 1}",4.0,4,"{""가축 분뇨 냄새(닭, 돼지, 소)"": 1}","가축 분뇨 냄새(닭, 돼지, 소)"
익산시만,2020-06-04 14:00:00,1,1,"{""동산동"": 1}",5.0,5,"{""가축 분뇨 냄새(닭, 돼지, 소)"": 1}","가축 분뇨 냄새(닭, 돼지, 소)"
익산시만,2020-06-05 05:00:00,1,1,"{""부송동"": 1}",4.0,4,"{""가축 분뇨 냄새(닭, 돼지, 소)"": 1}","가축 분뇨 냄새(닭, 돼지, 소)"
익산시만,2020-06-05 18:00:00,1,1,"{""동산동"": 1}",5.0,5,"{""공장 냄새(화학약품, 매캐함)"": 1}","공장 냄새(화학약품, 매캐함)"
익산시만,2020-06-05 21:00:00,1,1,"{""신흥동"": 1}",0.0,0,"{""해당사항없음"": 1}",해당사항없음
익산시만,2020-06-06 16:00:00,1,1,"{""동산동"": 1}",5.0,5,"{""공장 냄새(화학약품, 매캐함)"": 1}","공장 냄새(화학약품, 매캐함)"
익산시만,2020-06-06 17:00:00,2,2,"{""남중동"": 1, ""영등동"": 1}",2.5,3,"{""공장 냄새(화학약품, 매캐함)"": 2}","공장 냄새(화학약품, 매캐함)"
익산시만,2020-06-06 21:00:00,1,1,"{""동산동"": 1}",2.0,2,"{""가축 분뇨 냄새(닭, 돼지, 소)"": 1}","가축 분뇨 냄새(닭, 돼지, 소)"
익산시만,2020-06-07 11:00:00,2,2,"{""남중동"": 1, ""모현동1가"": 1}",3.5,4,"{""공장 냄새(화학약품, 매캐함)"": 1, ""가축 분뇨 냄새(닭, 돼지, 소)"": 1}","공장 냄새(화학약품, 매캐함)"
익산시만,2020-06-07 12:00:00,1,1,"{""영등동"": 1}",3.0,3,"{""공장 냄새(화학약품, 매캐함)"": 1}","공장 냄새(화학약품, 매캐함)"
익산시만,2020-06-07 17:00:00,3,3,"{""어양동"": 1, ""신동"": 1, ""동산동"": 1}",2.6666666666666665,3,"{""공장 냄새(화학약품, 매캐함)"": 2, ""가축 분뇨 냄새(닭, 돼지, 소)"": 1}","공장 냄새(화학약품, 매캐함)"
익산시만,2020-06-07 21:00:00,1,1,"{""어양동"": 1}",5.0,5,"{""가축 분뇨 냄새(닭, 돼지, 소)"": 1}","가축 분뇨 냄새(닭, 돼지, 소)"
익산시만,2020-06-07 22:00:00,1,1,"{""어양동"": 1}",4.0,4,"{""가축 분뇨 냄새(닭, 돼지, 소)"": 1}","가축 분뇨 냄새(닭, 돼지, 소)"
익산시만,2020-06-08 17:00:00,2,2,"{""어양동"": 2}",3.5,4,"{""공장 냄새(화학약품, 매캐함)"": 2}","공장 냄새(화학약품, 매캐함)"
익산시만,2020-06-08 18:00:00,1,1,"{""어양동"": 1}",4.0,4,"{""공장 냄새(화학약품, 매캐함)"": 1}","공장 냄새(화학약품, 매캐함)"
익산시만,2020-06-08 19:00:00,1,1,"{""동산동"": 1}",3.0,3,"{""가축 분뇨 냄새(닭, 돼지, 소)"": 1}","가축 분뇨 냄새(닭, 돼지, 소)"
익산시만,2020-06-08 21:00:00,2,2,"{""영등동"": 2}",2.0,4,"{""공장 냄새(화학약품, 매캐함)"": 1, ""해당사항없음"": 1}","공장 냄새(화학약품, 매캐함)"
익산시만,2020-06-09 02:00:00,2,2,"{""부송동"": 2}",3.5,4,"{""공장 냄새(화학약품, 매캐함)"": 2}","공장 냄새(화학약품, 매캐함)"
익산시만,2020-06-09 03:00:00,2,2,"{""동산동"": 1, ""어양동"": 1}",5.0,5,"{""가축 분뇨 냄새(닭, 돼지, 소)"": 1, ""공장 냄새(화학약품, 매캐함)"": 1}","가축 분뇨 냄새(닭, 돼지, 소)"
익산시만,2020-06-09 07:00:00,1,1,"{""부송동"": 1}",3.0,3,"{""가축 분뇨 냄새(닭, 돼지, 소)"": 1}","가축 분뇨 냄새(닭, 돼지, 소)"
익산시만,2020-06-09 16:00:00,4,4,"{""영등동"": 3, ""어양동"": 1}",4.0,5,"{""공장 냄새(화학약품, 매캐함)"": 4}","공장 냄새(화학약품, 매캐함)"
익산시만,2020-06-09 19:00:00,1,1,"{""영등동"": 1}",4.0,4,"{""공장 냄새(화학약품, 매캐함)"": 1}","공장 냄새(화학약품, 매캐함)"
익산시만,2020-06-10 00:00:00,1,1,"{""부송동"": 1}",3.0,3,"{""공장 냄새(화학약품, 매캐함)"": 1}","공장 냄새(화학약품, 매캐함)"
익산시만,2020-06-10 01:00:00,1,1,"{""망성면 화산리"": 1}",5.0,5,"{""기타"": 1}",기타
익산시만,2020-06-10 08:00:00,1,1,"{""부송동"": 1}",3.0,3,"{""가축 분뇨 냄새(닭, 돼지, 소)"": 1}","가축 분뇨 냄새(닭, 돼지, 소)"
익산시만,2020-06-10 15:00:00,1,1,"{""남중동"": 1}",3.0,3,"{""공장 냄새(화학약품, 매캐함)"": 1}","공장 냄새(화학약품, 매캐함)"
익산시만,2020-06-10 21:00:00,5,5,"{""부송동"": 2, ""영등동"": 2, ""마동"": 1}",3.4,4,"{""가축 분뇨 냄새(닭, 돼지, 소)"": 3, ""공장 냄새(화학약품, 매캐함)"": 1, ""기타"": 1}","가축 분뇨 냄새(닭, 돼지, 소)"
익산시만,2020-06-11 22:00:00,1,1,"{""팔봉동"": 1}",3.0,3,"{""공장 냄새(화학약품, 매캐함)"": 1}","공장 냄새(화학약품, 매캐함)"
익산시만,2020-06-12 11:00:00,1,1,"{""황등면 황등리"": 1}",4.0,4,"{""기타"": 1}",기타
익산시만,2020-06-12 18:00:00,1,1,"{""월성동"": 1}",4.0,4,"{""기타"": 1}",기타
익산시만,2020-06-12 23:00:00,2,2,"{""부송동"": 2}",3.0,3,"{""하수구 냄새"": 1, ""가축 분뇨 냄새(닭, 돼지, 소)"": 1}",하수구 냄새
익산시만,2020-06-13 16:00:00,2,2,"{""팔봉동"": 2}",3.0,3,"{""공장 냄새(화학약품, 매캐함)"": 1, ""하수구 냄새"": 1}","공장 냄새(화학약품, 매캐함)"
익산시만,2020-06-13 18:00:00,1,1,"{""어양동"": 1}",2.0,2,"{""기타"": 1}",기타
익산시만,2020-06-13 22:00:00,1,1,"{""황등면 황등리"": 1}",4.0,4,"{""기타"": 1}",기타
익산시만,2020-06-14 08:00:00,1,1,"{""부송동"": 1}",3.0,3,"{""공장 냄새(화학약품, 매캐함)"": 1}","공장 냄새(화학약품, 매캐함)"
익산시만,2020-06-14 21:00:00,1,1,"{""삼기면 연동리"": 1}",4.0,4,"{""하수구 냄새"": 1}",하수구 냄새
익산시만,2020-06-15 02:00:00,1,1,"{""평화동"": 1}",3.0,3,"{""가축 분뇨 냄새(닭, 돼지, 소)"": 1}","가축 분뇨 냄새(닭, 돼지, 소)"
익산시만,2020-06-16 00:00:00,1,1,"{""영등동"": 1}",4.0,4,"{""가축 분뇨 냄새(닭, 돼지, 소)"": 1}","가축 분뇨 냄새(닭, 돼지, 소)"
익산시만,2020-06-16 01:00:00,17,17,"{""인화동2가"": 7, ""영등동"": 5, ""마동"": 3, ""주현동"": 1, ""동산동"": 1}",4.235294117647059,5,"{""기타"": 9, ""가축 분뇨 냄새(닭, 돼지, 소)"": 7, ""하수구 냄새"": 1}",기타
익산시만,2020-06-16 05:00:00,1,1,"{""부송동"": 1}",5.0,5,"{""공장 냄새(화학약품, 매캐함)"": 1}","공장 냄새(화학약품, 매캐함)"
익산시만,2020-06-17 06:00:00,1,1,"{""망성면 화산리"": 1}",4.0,4,"{""가축 분뇨 냄새(닭, 돼지, 소)"": 1}","가축 분뇨 냄새(닭, 돼지, 소)"
익산시만,2020-06-17 07:00:00,2,2,"{""모현동2가"": 1, ""부송동"": 1}",1.5,3,"{""해당사항없음"": 1, ""가축 분뇨 냄새(닭, 돼지, 소)"": 1}",해당사항없음
익산시만,2020-06-17 15:00:00,1,1,"{""동산동"": 1}",5.0,5,"{""공장 냄새(화학약품, 매캐함)"": 1}","공장 냄새(화학약품, 매캐함)"
익산시만,2020-06-19 17:00:00,1,1,"{""영등동"": 1}",5.0,5,"{""공장 냄새(화학약품, 매캐함)"": 1}","공장 냄새(화학약품, 매캐함)"
익산시만,2020-06-20 00:00:00,1,1,"{""팔봉동"": 1}",4.0,4,"{""공장 냄새(화학약품, 매캐함)"": 1}","공장 냄새(화학약품, 매캐함)"
익산시만,2020-06-20 02:00:00,1,1,"{""동산동"": 1}",3.0,3,"{""가축 분뇨 냄새(닭, 돼지, 소)"": 1}","가축 분뇨 냄새(닭, 돼지, 소)"
익산시만,2020-06-20 04:00:00,1,1,"{""부송동"": 1}",4.0,4,"{""공장 냄새(화학약품, 매캐함)"": 1}","공장 냄새(화학약품, 매캐함)"
익산시만,2020-06-20 05:00:00,1,1,"{""마동"": 1}",3.0,3,"{""기타"": 1}",기타
익산시만,2020-06-20 16:00:00,1,1,"{""용제동"": 1}",3.0,3,"{""가축 분뇨 냄새(닭, 돼지, 소)"": 1}","가축 분뇨 냄새(닭, 돼지, 소)"
익산시만,2020-06-21 07:00:00,2,2,"{""인화동2가"": 1, ""주현동"": 1}",3.5,4,"{""기타"": 2}",기타
익산시만,2020-06-21 21:00:00,1,1,"{""팔봉동"": 1}",5.0,5,"{""공장 냄새(화학약품, 매캐함)"": 1}","공장 냄새(화학약품, 매캐함)"
익산시만,2020-06-21 23:00:00,1,1,"{""어양동"": 1}",3.0,3,"{""기타"": 1}",기타
익산시만,2020-06-22 00:00:00,1,1,"{""망성면 화산리"": 1}",4.0,4,"{""가축 분뇨 냄새(닭, 돼지, 소)"": 1}","가축 분뇨 냄새(닭, 돼지, 소)"
익산시만,2020-06-22 06:00:00,2,2,"{""동산동"": 1, ""마동"": 1}",4.0,4,"{""기타"": 2}",기타
익산시만,2020-06-22 07:00:00,2,2,"{""부송동"": 2}",4.0,4,"{""가축 분뇨 냄새(닭, 돼지, 소)"": 2}","가축 분뇨 냄새(닭, 돼지, 소)"
익산시만,2020-06-23 07:00:00,1,1,"{""부송동"": 1}",3.0,3,"{""가축 분뇨 냄새(닭, 돼지, 소)"": 1}","가축 분뇨 냄새(닭, 돼지, 소)"
익산시만,2020-06-23 19:00:00,6,6,"{""부송동"": 5, ""어양동"": 1}",4.166666666666667,5,"{""공장 냄새(화학약품, 매캐함)"": 3, ""가축 분뇨 냄새(닭, 돼지, 소)"": 3}","공장 냄새(화학약품, 매캐함)"
익산시만,2020-06-23 20:00:00,3,3,"{""부송동"": 1, ""현영동"": 1, ""어양동"": 1}",4.333333333333333,5,"{""가축 분뇨 냄새(닭, 돼지, 소)"": 2, ""하수구 냄새"": 1}","가축 분뇨 냄새(닭, 돼지, 소)"
익산시만,2020-06-23 21:00:00,5,5,"{""동산동"": 3, ""부송동"": 1, ""마동"": 1}",3.6,5,"{""가축 분뇨 냄새(닭, 돼지, 소)"": 3, ""음식조리 냄새"": 1, ""공장 냄새(화학약품, 매캐함)"": 1}","가축 분뇨 냄새(닭, 돼지, 소)"
익산시만,2020-06-23 22:00:00,4,4,"{""부송동"": 3, ""영등동"": 1}",5.0,5,"{""가축 분뇨 냄새(닭, 돼지, 소)"": 3, ""음식조리 냄새"": 1}","가축 분뇨 냄새(닭, 돼지, 소)"
익산시만,2020-06-24 00:00:00,1,1,"{""망성면 화산리"": 1}",4.0,4,"{""가축 분뇨 냄새(닭, 돼지, 소)"": 1}","가축 분뇨 냄새(닭, 돼지, 소)"
익산시만,2020-06-24 02:00:00,1,1,"{""팔봉동"": 1}",3.0,3,"{""공장 냄새(화학약품, 매캐함)"": 1}","공장 냄새(화학약품, 매캐함)"
익산시만,2020-06-24 08:00:00,1,1,"{""현영동"": 1}",3.0,3,"{""기타"": 1}",기타
익산시만,2020-06-24 11:00:00,1,1,"{""현영동"": 1}",5.0,5,"{""가축 분뇨 냄새(닭, 돼지, 소)"": 1}","가축 분뇨 냄새(닭, 돼지, 소)"
익산시만,2020-06-24 18:00:00,2,2,"{""동산동"": 2}",5.0,5,"{""하수구 냄새"": 2}",하수구 냄새
익산시만,2020-06-24 19:00:00,1,1,"{""동산동"": 1}",3.0,3,"{""가축 분뇨 냄새(닭, 돼지, 소)"": 1}","가축 분뇨 냄새(닭, 돼지, 소)"
익산시만,2020-06-24 21:00:00,1,1,"{""금강동"": 1}",4.0,4,"{""하수구 냄새"": 1}",하수구 냄새
익산시만,2020-06-24 22:00:00,3,3,"{""인화동2가"": 2, ""동산동"": 1}",3.6666666666666665,4,"{""기타"": 3}",기타
익산시만,2020-06-25 12:00:00,1,1,"{""신용동"": 1}",2.0,2,"{""가축 분뇨 냄새(닭, 돼지, 소)"": 1}","가축 분뇨 냄새(닭, 돼지, 소)"
익산시만,2020-06-26 10:00:00,1,1,"{""송학동"": 1}",3.0,3,"{""공장 냄새(화학약품, 매캐함)"": 1}","공장 냄새(화학약품, 매캐함)"
익산시만,2020-06-26 17:00:00,1,1,"{""월성동"": 1}",5.0,5,"{""기타"": 1}",기타
익산시만,2020-06-26 18:00:00,1,1,"{""월성동"": 1}",5.0,5,"{""기타"": 1}",기타
익산시만,2020-06-26 22:00:00,1,1,"{""현영동"": 1}",5.0,5,"{""기타"": 1}",기타
익산시만,2020-06-27 00:00:00,1,1,"{""석암동"": 1}",2.0,2,"{""공장 냄새(화학약품, 매캐함)"": 1}","공장 냄새(화학약품, 매캐함)"
익산시만,2020-06-27 01:00:00,5,5,"{""어양동"": 2, ""신흥동"": 1, ""부송동"": 1, ""동산동"": 1}",3.4,4,"{""가축 분뇨 냄새(닭, 돼지, 소)"": 5}","가축 분뇨 냄새(닭, 돼지, 소)"
익산시만,2020-06-27 02:00:00,1,1,"{""팔봉동"": 1}",4.0,4,"{""가축 분뇨 냄새(닭, 돼지, 소)"": 1}","가축 분뇨 냄새(닭, 돼지, 소)"
익산시만,2020-06-27 09:00:00,1,1,"{""부송동"": 1}",4.0,4,"{""공장 냄새(화학약품, 매캐함)"": 1}","공장 냄새(화학약품, 매캐함)"
익산시만,2020-06-27 11:00:00,1,1,"{""부송동"": 1}",5.0,5,"{""공장 냄새(화학약품, 매캐함)"": 1}","공장 냄새(화학약품, 매캐함)"
익산시만,2020-06-27 19:00:00,1,1,"{""부송동"": 1}",3.0,3,"{""가축 분뇨 냄새(닭, 돼지, 소)"": 1}","가축 분뇨 냄새(닭, 돼지, 소)"
익산시만,2020-06-27 23:00:00,1,1,"{""부송동"": 1}",5.0,5,"{""공장 냄새(화학약품, 매캐함)"": 1}","공장 냄새(화학약품, 매캐함)"
익산시만,2020-06-28 00:00:00,1,1,"{""영등동"": 1}",1.0,1,"{""공장 냄새(화학약품, 매캐함)"": 1}","공장 냄새(화학약품, 매캐함)"
익산시만,2020-06-28 06:00:00,1,1,"{""삼기면 오룡리"": 1}",4.0,4,"{""기타"": 1}",기타
익산시만,2020-06-28 08:00:00,1,1,"{""부송동"": 1}",4.0,4,"{""가축 분뇨 냄새(닭, 돼지, 소)"": 1}","가축 분뇨 냄새(닭, 돼지, 소)"
익산시만,2020-06-29 02:00:00,1,1,"{""삼기면 오룡리"": 1}",3.0,3,"{""가축 분뇨 냄새(닭, 돼지, 소)"": 1}","가축 분뇨 냄새(닭, 돼지, 소)"
익산시만,2020-06-29 10:00:00,2,2,"{""영등동"": 1, ""부송동"": 1}",4.0,4,"{""하수구 냄새"": 1, ""기타"": 1}",하수구 냄새
익산시만,2020-06-29 11:00:00,2,2,"{""부송동"": 1, ""영등동"": 1}",4.5,5,"{""가축 분뇨 냄새(닭, 돼지, 소)"": 1, ""하수구 냄새"": 1}","가축 분뇨 냄새(닭, 돼지, 소)"
익산시만,2020-06-29 12:00:00,1,1,"{""영등동"": 1}",3.0,3,"{""가축 분뇨 냄새(닭, 돼지, 소)"": 1}","가축 분뇨 냄새(닭, 돼지, 소)"
익산시만,2020-06-29 14:00:00,2,2,"{""금강동"": 1, ""마동"": 1}",4.0,4,"{""하수구 냄새"": 1, ""가축 분뇨 냄새(닭, 돼지, 소)"": 1}",하수구 냄새
익산시만,2020-06-29 15:00:00,1,1,"{""영등동"": 1}",5.0,5,"{""가축 분뇨 냄새(닭, 돼지, 소)"": 1}","가축 분뇨 냄새(닭, 돼지, 소)"
익산시만,2020-06-29 16:00:00,1,1,"{""부송동"": 1}",5.0,5,"{""공장 냄새(화학약품, 매캐함)"": 1}","공장 냄새(화학약품, 매캐함)"
익산시만,2020-06-29 20:00:00,1,1,"{""부송동"": 1}",5.0,5,"{""공장 냄새(화학약품, 매캐함)"": 1}","공장 냄새(화학약품, 매캐함)"
익산시만,2020-06-29 21:00:00,1,1,"{""부송동"": 1}",3.0,3,"{""가축 분뇨 냄새(닭, 돼지, 소)"": 1}","가축 분뇨 냄새(닭, 돼지, 소)"
익산시만,2020-06-29 23:00:00,2,2,"{""부송동"": 1, ""어양동"": 1}",5.0,5,"{""공장 냄새(화학약품, 매캐함)"": 2}","공장 냄새(화학약품, 매캐함)"
익산시만,2020-07-01 23:00:00,3,3,"{""인화동2가"": 3}",4.0,4,"{""기타"": 3}",기타
익산시만,2020-07-02 00:00:00,1,1,"{""영등동"": 1}",3.0,3,"{""가축 분뇨 냄새(닭, 돼지, 소)"": 1}","가축 분뇨 냄새(닭, 돼지, 소)"
익산시만,2020-07-02 02:00:00,2,2,"{""어양동"": 1, ""마동"": 1}",3.5,4,"{""가축 분뇨 냄새(닭, 돼지, 소)"": 2}","가축 분뇨 냄새(닭, 돼지, 소)"
익산시만,2020-07-02 03:00:00,1,1,"{""부송동"": 1}",3.0,3,"{""가축 분뇨 냄새(닭, 돼지, 소)"": 1}","가축 분뇨 냄새(닭, 돼지, 소)"
익산시만,2020-07-02 06:00:00,1,1,"{""동산동"": 1}",3.0,3,"{""가축 분뇨 냄새(닭, 돼지, 소)"": 1}","가축 분뇨 냄새(닭, 돼지, 소)"
익산시만,2020-07-02 08:00:00,2,2,"{""팔봉동"": 1, ""마동"": 1}",3.5,4,"{""기타"": 1, ""가축 분뇨 냄새(닭, 돼지, 소)"": 1}",기타
익산시만,2020-07-02 20:00:00,2,2,"{""부송동"": 2}",3.5,5,"{""가축 분뇨 냄새(닭, 돼지, 소)"": 2}","가축 분뇨 냄새(닭, 돼지, 소)"
익산시만,2020-07-02 21:00:00,1,1,"{""동산동"": 1}",3.0,3,"{""가축 분뇨 냄새(닭, 돼지, 소)"": 1}","가축 분뇨 냄새(닭, 돼지, 소)"
익산시만,2020-07-03 00:00:00,3,3,"{""부송동"": 2, ""어양동"": 1}",4.333333333333333,5,"{""기타"": 1, ""가축 분뇨 냄새(닭, 돼지, 소)"": 1, ""공장 냄새(화학약품, 매캐함)"": 1}",기타
익산시만,2020-07-03 11:00:00,1,1,"{""영등동"": 1}",3.0,3,"{""가축 분뇨 냄새(닭, 돼지, 소)"": 1}","가축 분뇨 냄새(닭, 돼지, 소)"
익산시만,2020-07-03 12:00:00,1,1,"{""부송동"": 1}",4.0,4,"{""가축 분뇨 냄새(닭, 돼지, 소)"": 1}","가축 분뇨 냄새(닭, 돼지, 소)"
익산시만,2020-07-04 16:00:00,1,1,"{""부송동"": 1}",3.0,3,"{""공장 냄새(화학약품, 매캐함)"": 1}","공장 냄새(화학약품, 매캐함)"
익산시만,2020-07-04 19:00:00,4,4,"{""인화동2가"": 4}",5.0,5,"{""기타"": 4}",기타
익산시만,2020-07-05 06:00:00,2,2,"{""평화동"": 1, ""부송동"": 1}",3.5,4,"{""기타"": 1, ""가축 분뇨 냄새(닭, 돼지, 소)"": 1}",기타
익산시만,2020-07-06 01:00:00,3,3,"{""어양동"": 2, ""부송동"": 1}",4.666666666666667,5,"{""가축 분뇨 냄새(닭, 돼지, 소)"": 3}","가축 분뇨 냄새(닭, 돼지, 소)"
익산시만,2020-07-06 02:00:00,1,1,"{""동산동"": 1}",4.0,4,"{""기타"": 1}",기타
익산시만,2020-07-06 04:00:00,1,1,"{""평화동"": 1}",4.0,4,"{""가축 분뇨 냄새(닭, 돼지, 소)"": 1}","가축 분뇨 냄새(닭, 돼지, 소)"
익산시만,2020-07-06 05:00:00,1,1,"{""마동"": 1}",4.0,4,"{""기타"": 1}",기타
익산시만,2020-07-06 06:00:00,10,9,"{""부송동"": 3, ""동산동"": 2, ""영등동"": 2, ""모현동1가"": 2, ""평화동"": 1}",4.0,5,"{""가축 분뇨 냄새(닭, 돼지, 소)"": 7, ""기타"": 2, ""공장 냄새(화학약품, 매캐함)"": 1}","가축 분뇨 냄새(닭, 돼지, 소)"
익산시만,2020-07-06 07:00:00,13,13,"{""부송동"": 7, ""어양동"": 3, ""영등동"": 1, ""모현동1가"": 1, ""마동"": 1}",4.0,5,"{""가축 분뇨 냄새(닭, 돼지, 소)"": 5, ""기타"": 5, ""공장 냄새(화학약품, 매캐함)"": 2, ""음식조리 냄새"": 1}","가축 분뇨 냄새(닭, 돼지, 소)"
익산시만,2020-07-06 08:00:00,4,4,"{""동산동"": 2, ""신용동"": 1, ""신동"": 1}",3.5,4,"{""가축 분뇨 냄새(닭, 돼지, 소)"": 3, ""기타"": 1}","가축 분뇨 냄새(닭, 돼지, 소)"
익산시만,2020-07-06 09:00:00,1,1,"{""신동"": 1}",3.0,3,"{""가축 분뇨 냄새(닭, 돼지, 소)"": 1}","가축 분뇨 냄새(닭, 돼지, 소)"
익산시만,2020-07-06 15:00:00,1,1,"{""부송동"": 1}",4.0,4,"{""하수구 냄새"": 1}",하수구 냄새
익산시만,2020-07-07 05:00:00,1,1,"{""평화동"": 1}",4.0,4,"{""가축 분뇨 냄새(닭, 돼지, 소)"": 1}","가축 분뇨 냄새(닭, 돼지, 소)"
익산시만,2020-07-08 20:00:00,1,1,"{""황등면 황등리"": 1}",4.0,4,"{""기타"": 1}",기타
익산시만,2020-07-08 21:00:00,4,4,"{""부송동"": 4}",5.0,5,"{""공장 냄새(화학약품, 매캐함)"": 4}","공장 냄새(화학약품, 매캐함)"
익산시만,2020-07-08 22:00:00,1,1,"{""부송동"": 1}",3.0,3,"{""공장 냄새(화학약품, 매캐함)"": 1}","공장 냄새(화학약품, 매캐함)"
익산시만,2020-07-08 23:00:00,1,1,"{""부송동"": 1}",4.0,4,"{""하수구 냄새"": 1}",하수구 냄새
익산시만,2020-07-09 06:00:00,2,2,"{""신동"": 1, ""팔봉동"": 1}",3.5,4,"{""가축 분뇨 냄새(닭, 돼지, 소)"": 1, ""기타"": 1}","가축 분뇨 냄새(닭, 돼지, 소)"
익산시만,2020-07-09 07:00:00,3,3,"{""부송동"": 2, ""영등동"": 1}",3.6666666666666665,5,"{""공장 냄새(화학약품, 매캐함)"": 2, ""가축 분뇨 냄새(닭, 돼지, 소)"": 1}","공장 냄새(화학약품, 매캐함)"
익산시만,2020-07-09 08:00:00,1,1,"{""어양동"": 1}",5.0,5,"{""공장 냄새(화학약품, 매캐함)"": 1}","공장 냄새(화학약품, 매캐함)"
익산시만,2020-07-09 18:00:00,4,4,"{""부송동"": 3, ""영등동"": 1}",3.0,4,"{""가축 분뇨 냄새(닭, 돼지, 소)"": 2, ""기타"": 2}","가축 분뇨 냄새(닭, 돼지, 소)"
익산시만,2020-07-09 19:00:00,5,5,"{""어양동"": 2, ""부송동"": 2, ""영등동"": 1}",3.0,4,"{""가축 분뇨 냄새(닭, 돼지, 소)"": 4, ""공장 냄새(화학약품, 매캐함)"": 1}","가축 분뇨 냄새(닭, 돼지, 소)"
익산시만,2020-07-09 21:00:00,2,2,"{""팔봉동"": 1, ""어양동"": 1}",3.5,4,"{""공장 냄새(화학약품, 매캐함)"": 1, ""가축 분뇨 냄새(닭, 돼지, 소)"": 1}","공장 냄새(화학약품, 매캐함)"
익산시만,2020-07-10 18:00:00,1,1,"{""월성동"": 1}",4.0,4,"{""가축 분뇨 냄새(닭, 돼지, 소)"": 1}","가축 분뇨 냄새(닭, 돼지, 소)"
익산시만,2020-07-11 13:00:00,1,1,"{""어양동"": 1}",4.0,4,"{""하수구 냄새"": 1}",하수구 냄새
익산시만,2020-07-11 18:00:00,1,1,"{""어양동"": 1}",4.0,4,"{""하수구 냄새"": 1}",하수구 냄새
익산시만,2020-07-12 02:00:00,2,2,"{""어양동"": 1, ""영등동"": 1}",3.0,4,"{""가축 분뇨 냄새(닭, 돼지, 소)"": 2}","가축 분뇨 냄새(닭, 돼지, 소)"
익산시만,2020-07-12 09:00:00,1,1,"{""부송동"": 1}",3.0,3,"{""가축 분뇨 냄새(닭, 돼지, 소)"": 1}","가축 분뇨 냄새(닭, 돼지, 소)"
익산시만,2020-07-12 10:00:00,1,1,"{""동산동"": 1}",4.0,4,"{""가축 분뇨 냄새(닭, 돼지, 소)"": 1}","가축 분뇨 냄새(닭, 돼지, 소)"
익산시만,2020-07-12 11:00:00,1,1,"{""팔봉동"": 1}",3.0,3,"{""가축 분뇨 냄새(닭, 돼지, 소)"": 1}","가축 분뇨 냄새(닭, 돼지, 소)"
익산시만,2020-07-12 15:00:00,4,4,"{""영등동"": 2, ""부송동"": 1, ""함열읍 다송리"": 1}",2.75,4,"{""기타"": 2, ""공장 냄새(화학약품, 매캐함)"": 1, ""가축 분뇨 냄새(닭, 돼지, 소)"": 1}",기타
익산시만,2020-07-13 08:00:00,1,1,"{""부송동"": 1}",3.0,3,"{""하수구 냄새"": 1}",하수구 냄새
익산시만,2020-07-13 12:00:00,1,1,"{""영등동"": 1}",2.0,2,"{""공장 냄새(화학약품, 매캐함)"": 1}","공장 냄새(화학약품, 매캐함)"
익산시만,2020-07-13 23:00:00,1,1,"{""부송동"": 1}",2.0,2,"{""하수구 냄새"": 1}",하수구 냄새
익산시만,2020-07-14 02:00:00,1,1,"{""동산동"": 1}",5.0,5,"{""가축 분뇨 냄새(닭, 돼지, 소)"": 1}","가축 분뇨 냄새(닭, 돼지, 소)"
익산시만,2020-07-16 08:00:00,1,1,"{""영등동"": 1}",2.0,2,"{""가축 분뇨 냄새(닭, 돼지, 소)"": 1}","가축 분뇨 냄새(닭, 돼지, 소)"
익산시만,2020-07-16 19:00:00,1,1,"{""망성면 화산리"": 1}",4.0,4,"{""가축 분뇨 냄새(닭, 돼지, 소)"": 1}","가축 분뇨 냄새(닭, 돼지, 소)"
익산시만,2020-07-17 09:00:00,1,1,"{""모현동1가"": 1}",4.0,4,"{""기타"": 1}",기타
익산시만,2020-07-17 18:00:00,1,1,"{""황등면 구자리"": 1}",4.0,4,"{""기타"": 1}",기타
익산시만,2020-07-17 21:00:00,2,2,"{""황등면 황등리"": 2}",3.5,4,"{""기타"": 2}",기타
익산시만,2020-07-17 23:00:00,1,1,"{""부송동"": 1}",4.0,4,"{""공장 냄새(화학약품, 매캐함)"": 1}","공장 냄새(화학약품, 매캐함)"
익산시만,2020-07-18 01:00:00,1,1,"{""부송동"": 1}",3.0,3,"{""하수구 냄새"": 1}",하수구 냄새
익산시만,2020-07-18 02:00:00,1,1,"{""인화동2가"": 1}",3.0,3,"{""기타"": 1}",기타
익산시만,2020-07-18 03:00:00,1,1,"{""부송동"": 1}",3.0,3,"{""하수구 냄새"": 1}",하수구 냄새
익산시만,2020-07-18 05:00:00,1,1,"{""부송동"": 1}",3.0,3,"{""하수구 냄새"": 1}",하수구 냄새
익산시만,2020-07-18 06:00:00,1,1,"{""팔봉동"": 1}",5.0,5,"{""가축 분뇨 냄새(닭, 돼지, 소)"": 1}","가축 분뇨 냄새(닭, 돼지, 소)"
익산시만,2020-07-18 08:00:00,6,6,"{""부송동"": 5, ""어양동"": 1}",3.0,4,"{""가축 분뇨 냄새(닭, 돼지, 소)"": 5, ""기타"": 1}","가축 분뇨 냄새(닭, 돼지, 소)"
익산시만,2020-07-18 19:00:00,1,1,"{""어양동"": 1}",3.0,3,"{""기타"": 1}",기타
익산시만,2020-07-18 20:00:00,6,6,"{""동산동"": 3, ""영등동"": 1, ""주현동"": 1, ""인화동2가"": 1}",3.8333333333333335,5,"{""가축 분뇨 냄새(닭, 돼지, 소)"": 3, ""기타"": 2, ""하수구 냄새"": 1}","가축 분뇨 냄새(닭, 돼지, 소)"
익산시만,2020-07-18 21:00:00,5,5,"{""평화동"": 2, ""황등면 율촌리"": 1, ""모현동2가"": 1, ""모현동1가"": 1}",3.6,4,"{""가축 분뇨 냄새(닭, 돼지, 소)"": 3, ""기타"": 2}","가축 분뇨 냄새(닭, 돼지, 소)"
익산시만,2020-07-18 22:00:00,1,1,"{""부송동"": 1}",5.0,5,"{""기타"": 1}",기타
익산시만,2020-07-19 00:00:00,1,1,"{""부송동"": 1}",2.0,2,"{""공장 냄새(화학약품, 매캐함)"": 1}","공장 냄새(화학약품, 매캐함)"
익산시만,2020-07-19 07:00:00,1,1,"{""부송동"": 1}",5.0,5,"{""가축 분뇨 냄새(닭, 돼지, 소)"": 1}","가축 분뇨 냄새(닭, 돼지, 소)"
익산시만,2020-07-19 13:00:00,1,1,"{""영등동"": 1}",2.0,2,"{""기타"": 1}",기타
익산시만,2020-07-19 17:00:00,1,1,"{""평화동"": 1}",3.0,3,"{""기타"": 1}",기타
익산시만,2020-07-19 18:00:00,2,2,"{""동산동"": 2}",4.5,5,"{""기타"": 1, ""하수구 냄새"": 1}",기타
익산시만,2020-07-19 21:00:00,1,1,"{""동산동"": 1}",4.0,4,"{""기타"": 1}",기타
익산시만,2020-07-19 22:00:00,5,5,"{""마동"": 2, ""영등동"": 1, ""신동"": 1, ""동산동"": 1}",3.8,5,"{""기타"": 4, ""하수구 냄새"": 1}",기타
익산시만,2020-07-19 23:00:00,1,1,"{""마동"": 1}",2.0,2,"{""기타"": 1}",기타
익산시만,2020-07-20 00:00:00,2,2,"{""영등동"": 1, ""동산동"": 1}",3.0,3,"{""가축 분뇨 냄새(닭, 돼지, 소)"": 2}","가축 분뇨 냄새(닭, 돼지, 소)"
익산시만,2020-07-20 01:00:00,2,2,"{""어양동"": 1, ""부송동"": 1}",4.0,4,"{""하수구 냄새"": 1, ""가축 분뇨 냄새(닭, 돼지, 소)"": 1}",하수구 냄새
익산시만,2020-07-20 08:00:00,1,1,"{""모현동1가"": 1}",4.0,4,"{""기타"": 1}",기타
익산시만,2020-07-21 21:00:00,2,2,"{""송학동"": 2}",4.0,4,"{""공장 냄새(화학약품, 매캐함)"": 1, ""가축 분뇨 냄새(닭, 돼지, 소)"": 1}","공장 냄새(화학약품, 매캐함)"
익산시만,2020-07-21 22:00:00,1,1,"{""부송동"": 1}",3.0,3,"{""공장 냄새(화학약품, 매캐함)"": 1}","공장 냄새(화학약품, 매캐함)"
익산시만,2020-07-21 23:00:00,1,1,"{""부송동"": 1}",1.0,1,"{""가축 분뇨 냄새(닭, 돼지, 소)"": 1}","가축 분뇨 냄새(닭, 돼지, 소)"
익산시만,2020-07-22 07:00:00,1,1,"{""팔봉동"": 1}",5.0,5,"{""기타"": 1}",기타
익산시만,2020-07-22 18:00:00,1,1,"{""부송동"": 1}",3.0,3,"{""기타"": 1}",기타
익산시만,2020-07-22 19:00:00,1,1,"{""부송동"": 1}",3.0,3,"{""기타"": 1}",기타
익산시만,2020-07-22 20:00:00,3,3,"{""부송동"": 3}",3.0,5,"{""가축 분뇨 냄새(닭, 돼지, 소)"": 1, ""공장 냄새(화학약품, 매캐함)"": 1, ""하수구 냄새"": 1}","가축 분뇨 냄새(닭, 돼지, 소)"
익산시만,2020-07-22 22:00:00,2,2,"{""동산동"": 1, ""마동"": 1}",3.5,5,"{""하수구 냄새"": 1, ""가축 분뇨 냄새(닭, 돼지, 소)"": 1}",하수구 냄새
익산시만,2020-07-22 23:00:00,2,2,"{""영등동"": 1, ""부송동"": 1}",1.5,3,"{""해당사항없음"": 1, ""공장 냄새(화학약품, 매캐함)"": 1}",해당사항없음
익산시만,2020-07-23 06:00:00,1,1,"{""평화동"": 1}",3.0,3,"{""기타"": 1}",기타
익산시만,2020-07-23 08:00:00,11,11,"{""부송동"": 6, ""영등동"": 2, ""동산동"": 2, ""어양동"": 1}",3.6363636363636362,5,"{""가축 분뇨 냄새(닭, 돼지, 소)"": 5, ""기타"": 2, ""공장 냄새(화학약품, 매캐함)"": 2, ""하수구 냄새"": 1, ""음식조리 냄새"": 1}","가축 분뇨 냄새(닭, 돼지, 소)"
익산시만,2020-07-23 09:00:00,1,1,"{""부송동"": 1}",4.0,4,"{""공장 냄새(화학약품, 매캐함)"": 1}","공장 냄새(화학약품, 매캐함)"
익산시만,2020-07-23 10:00:00,1,1,"{""함열읍 석매리"": 1}",3.0,3,"{""기타"": 1}",기타
익산시만,2020-07-23 12:00:00,2,2,"{""부송동"": 1, ""영등동"": 1}",3.5,5,"{""공장 냄새(화학약품, 매캐함)"": 2}","공장 냄새(화학약품, 매캐함)"
익산시만,2020-07-23 15:00:00,4,4,"{""어양동"": 2, ""부송동"": 1, ""영등동"": 1}",3.0,4,"{""공장 냄새(화학약품, 매캐함)"": 3, ""가축 분뇨 냄새(닭, 돼지, 소)"": 1}","공장 냄새(화학약품, 매캐함)"
익산시만,2020-07-23 17:00:00,1,1,"{""부송동"": 1}",3.0,3,"{""가축 분뇨 냄새(닭, 돼지, 소)"": 1}","가축 분뇨 냄새(닭, 돼지, 소)"
익산시만,2020-07-23 22:00:00,3,3,"{""부송동"": 2, ""마동"": 1}",4.0,5,"{""공장 냄새(화학약품, 매캐함)"": 2, ""가축 분뇨 냄새(닭, 돼지, 소)"": 1}","공장 냄새(화학약품, 매캐함)"
익산시만,2020-07-23 23:00:00,4,4,"{""부송동"": 3, ""어양동"": 1}",3.5,4,"{""공장 냄새(화학약품, 매캐함)"": 2, ""가축 분뇨 냄새(닭, 돼지, 소)"": 2}","공장 냄새(화학약품, 매캐함)"
익산시만,2020-07-24 00:00:00,1,1,"{""부송동"": 1}",3.0,3,"{""공장 냄새(화학약품, 매캐함)"": 1}","공장 냄새(화학약품, 매캐함)"
익산시만,2020-07-24 01:00:00,1,1,"{""금강동"": 1}",3.0,3,"{""하수구 냄새"": 1}",하수구 냄새
익산시만,2020-07-24 06:00:00,1,1,"{""동산동"": 1}",4.0,4,"{""하수구 냄새"": 1}",하수구 냄새
익산시만,2020-07-24 20:00:00,1,1,"{""부송동"": 1}",3.0,3,"{""공장 냄새(화학약품, 매캐함)"": 1}","공장 냄새(화학약품, 매캐함)"
익산시만,2020-07-25 08:00:00,1,1,"{""영등동"": 1}",3.0,3,"{""가축 분뇨 냄새(닭, 돼지, 소)"": 1}","가축 분뇨 냄새(닭, 돼지, 소)"
익산시만,2020-07-25 16:00:00,1,1,"{""망성면 화산리"": 1}",2.0,2,"{""하수구 냄새"": 1}",하수구 냄새
익산시만,2020-07-26 21:00:00,3,3,"{""동산동"": 3}",4.0,5,"{""하수구 냄새"": 2, ""음식조리 냄새"": 1}",하수구 냄새
익산시만,2020-07-26 22:00:00,8,8,"{""동산동"": 4, ""마동"": 2, ""영등동"": 1, ""평화동"": 1}",3.875,5,"{""가축 분뇨 냄새(닭, 돼지, 소)"": 3, ""하수구 냄새"": 3, ""기타"": 2}","가축 분뇨 냄새(닭, 돼지, 소)"
익산시만,2020-07-26 23:00:00,9,8,"{""모현동1가"": 3, ""인화동2가"": 2, ""주현동"": 1, ""평화동"": 1, ""인화동1가"": 1, ""동산동"": 1}",4.111111111111111,5,"{""기타"": 6, ""가축 분뇨 냄새(닭, 돼지, 소)"": 3}",기타
익산시만,2020-07-27 00:00:00,2,2,"{""동산동"": 2}",3.5,4,"{""가축 분뇨 냄새(닭, 돼지, 소)"": 1, ""기타"": 1}","가축 분뇨 냄새(닭, 돼지, 소)"
익산시만,2020-07-27 05:00:00,1,1,"{""영등동"": 1}",3.0,3,"{""기타"": 1}",기타
익산시만,2020-07-27 07:00:00,1,1,"{""신흥동"": 1}",3.0,3,"{""공장 냄새(화학약품, 매캐함)"": 1}","공장 냄새(화학약품, 매캐함)"
익산시만,2020-07-27 09:00:00,6,6,"{""부송동"": 5, ""마동"": 1}",3.5,4,"{""가축 분뇨 냄새(닭, 돼지, 소)"": 5, ""하수구 냄새"": 1}","가축 분뇨 냄새(닭, 돼지, 소)"
익산시만,2020-07-27 19:00:00,5,5,"{""금강동"": 2, ""부송동"": 1, ""평화동"": 1, ""영등동"": 1}",3.6,5,"{""가축 분뇨 냄새(닭, 돼지, 소)"": 3, ""하수구 냄새"": 1, ""공장 냄새(화학약품, 매캐함)"": 1}","가축 분뇨 냄새(닭, 돼지, 소)"
익산시만,2020-07-28 19:00:00,1,1,"{""신동"": 1}",4.0,4,"{""기타"": 1}",기타
익산시만,2020-07-28 21:00:00,3,3,"{""부송동"": 3}",3.6666666666666665,5,"{""가축 분뇨 냄새(닭, 돼지, 소)"": 2, ""공장 냄새(화학약품, 매캐함)"": 1}","가축 분뇨 냄새(닭, 돼지, 소)"
익산시만,2020-07-28 22:00:00,1,1,"{""금강동"": 1}",2.0,2,"{""하수구 냄새"": 1}",하수구 냄새
익산시만,2020-07-29 09:00:00,3,3,"{""영등동"": 2, ""신동"": 1}",3.3333333333333335,4,"{""음식조리 냄새"": 2, ""기타"": 1}",음식조리 냄새
익산시만,2020-07-29 11:00:00,1,1,"{""평화동"": 1}",4.0,4,"{""기타"": 1}",기타
익산시만,2020-07-29 13:00:00,1,1,"{""영등동"": 1}",3.0,3,"{""기타"": 1}",기타
익산시만,2020-07-29 16:00:00,3,3,"{""팔봉동"": 3}",5.0,5,"{""하수구 냄새"": 1, ""가축 분뇨 냄새(닭, 돼지, 소)"": 1, ""기타"": 1}",하수구 냄새
익산시만,2020-07-29 18:00:00,1,1,"{""부송동"": 1}",4.0,4,"{""하수구 냄새"": 1}",하수구 냄새
익산시만,2020-07-29 19:00:00,2,2,"{""부송동"": 2}",3.5,4,"{""공장 냄새(화학약품, 매캐함)"": 1, ""가축 분뇨 냄새(닭, 돼지, 소)"": 1}","공장 냄새(화학약품, 매캐함)"
익산시만,2020-07-29 20:00:00,2,2,"{""부송동"": 1, ""마동"": 1}",3.5,4,"{""공장 냄새(화학약품, 매캐함)"": 1, ""하수구 냄새"": 1}","공장 냄새(화학약품, 매캐함)"
익산시만,2020-07-29 21:00:00,4,4,"{""팔봉동"": 1, ""모현동1가"": 1, ""송학동"": 1, ""평화동"": 1}",4.25,5,"{""기타"": 4}",기타
익산시만,2020-07-29 22:00:00,4,4,"{""모현동1가"": 3, ""창인동1가"": 1}",4.0,5,"{""가축 분뇨 냄새(닭, 돼지, 소)"": 3, ""기타"": 1}","가축 분뇨 냄새(닭, 돼지, 소)"
익산시만,2020-07-29 23:00:00,3,3,"{""동산동"": 1, ""신동"": 1, ""마동"": 1}",3.0,3,"{""기타"": 1, ""하수구 냄새"": 1, ""가축 분뇨 냄새(닭, 돼지, 소)"": 1}",기타
익산시만,2020-07-30 00:00:00,5,5,"{""동산동"": 5}",4.0,4,"{""가축 분뇨 냄새(닭, 돼지, 소)"": 4, ""기타"": 1}","가축 분뇨 냄새(닭, 돼지, 소)"
익산시만,2020-07-30 01:00:00,3,3,"{""영등동"": 3}",2.6666666666666665,3,"{""가축 분뇨 냄새(닭, 돼지, 소)"": 3}","가축 분뇨 냄새(닭, 돼지, 소)"
익산시만,2020-07-30 13:00:00,1,1,"{""어양동"": 1}",3.0,3,"{""가축 분뇨 냄새(닭, 돼지, 소)"": 1}","가축 분뇨 냄새(닭, 돼지, 소)"
익산시만,2020-07-30 22:00:00,1,1,"{""어양동"": 1}",4.0,4,"{""공장 냄새(화학약품, 매캐함)"": 1}","공장 냄새(화학약품, 매캐함)"
익산시만,2020-07-31 07:00:00,1,1,"{""어양동"": 1}",4.0,4,"{""가축 분뇨 냄새(닭, 돼지, 소)"": 1}","가축 분뇨 냄새(닭, 돼지, 소)"
익산시만,2020-07-31 08:00:00,4,4,"{""영등동"": 2, ""부송동"": 2}",3.75,5,"{""가축 분뇨 냄새(닭, 돼지, 소)"": 3, ""기타"": 1}","가축 분뇨 냄새(닭, 돼지, 소)"
익산시만,2020-07-31 11:00:00,1,1,"{""모현동1가"": 1}",5.0,5,"{""기타"": 1}",기타
익산시만,2020-07-31 14:00:00,1,1,"{""어양동"": 1}",4.0,4,"{""가축 분뇨 냄새(닭, 돼지, 소)"": 1}","가축 분뇨 냄새(닭, 돼지, 소)"
익산시만,2020-07-31 18:00:00,1,1,"{""왕궁면 온수리"": 1}",5.0,5,"{""기타"": 1}",기타
익산시만,2020-07-31 19:00:00,1,1,"{""월성동"": 1}",4.0,4,"{""가축 분뇨 냄새(닭, 돼지, 소)"": 1}","가축 분뇨 냄새(닭, 돼지, 소)"
익산시만,2020-07-31 23:00:00,1,1,"{""어양동"": 1}",5.0,5,"{""가축 분뇨 냄새(닭, 돼지, 소)"": 1}","가축 분뇨 냄새(닭, 돼지, 소)"
익산시만,2020-08-01 00:00:00,1,1,"{""영등동"": 1}",2.0,2,"{""공장 냄새(화학약품, 매캐함)"": 1}","공장 냄새(화학약품, 매캐함)"
익산시만,2020-08-01 03:00:00,2,2,"{""동산동"": 2}",4.5,5,"{""가축 분뇨 냄새(닭, 돼지, 소)"": 2}","가축 분뇨 냄새(닭, 돼지, 소)"
익산시만,2020-08-01 04:00:00,2,2,"{""부송동"": 2}",4.0,5,"{""공장 냄새(화학약품, 매캐함)"": 2}","공장 냄새(화학약품, 매캐함)"
익산시만,2020-08-01 05:00:00,4,4,"{""부송동"": 2, ""영등동"": 1, ""인화동1가"": 1}",3.25,4,"{""기타"": 2, ""하수구 냄새"": 1, ""가축 분뇨 냄새(닭, 돼지, 소)"": 1}",기타
익산시만,2020-08-01 06:00:00,1,1,"{""부송동"": 1}",4.0,4,"{""기타"": 1}",기타
익산시만,2020-08-01 07:00:00,1,1,"{""어양동"": 1}",2.0,2,"{""하수구 냄새"": 1}",하수구 냄새
익산시만,2020-08-01 09:00:00,1,1,"{""동산동"": 1}",3.0,3,"{""가축 분뇨 냄새(닭, 돼지, 소)"": 1}","가축 분뇨 냄새(닭, 돼지, 소)"
익산시만,2020-08-01 17:00:00,2,2,"{""동산동"": 1, ""어양동"": 1}",3.0,3,"{""가축 분뇨 냄새(닭, 돼지, 소)"": 2}","가축 분뇨 냄새(닭, 돼지, 소)"
익산시만,2020-08-01 18:00:00,1,1,"{""황등면 황등리"": 1}",4.0,4,"{""기타"": 1}",기타
익산시만,2020-08-01 20:00:00,13,12,"{""부송동"": 8, ""어양동"": 5}",3.3846153846153846,5,"{""가축 분뇨 냄새(닭, 돼지, 소)"": 8, ""기타"": 3, ""공장 냄새(화학약품, 매캐함)"": 1, ""하수구 냄새"": 1}","가축 분뇨 냄새(닭, 돼지, 소)"
익산시만,2020-08-01 21:00:00,30,30,"{""어양동"": 11, ""영등동"": 9, ""동산동"": 5, ""부송동"": 4, ""금강동"": 1}",3.9,5,"{""가축 분뇨 냄새(닭, 돼지, 소)"": 16, ""기타"": 12, ""하수구 냄새"": 2}","가축 분뇨 냄새(닭, 돼지, 소)"
익산시만,2020-08-01 22:00:00,21,21,"{""영등동"": 8, ""마동"": 5, ""어양동"": 2, ""부송동"": 2, ""금강동"": 1, ""동산동"": 1, ""팔봉동"": 1, ""신흥동"": 1}",4.190476190476191,5,"{""기타"": 12, ""가축 분뇨 냄새(닭, 돼지, 소)"": 9}",기타
익산시만,2020-08-01 23:00:00,9,9,"{""부송동"": 4, ""어양동"": 4, ""팔봉동"": 1}",3.7777777777777777,5,"{""가축 분뇨 냄새(닭, 돼지, 소)"": 6, ""기타"": 3}","가축 분뇨 냄새(닭, 돼지, 소)"
익산시만,2020-08-02 00:00:00,2,2,"{""부송동"": 1, ""팔봉동"": 1}",4.0,5,"{""가축 분뇨 냄새(닭, 돼지, 소)"": 2}","가축 분뇨 냄새(닭, 돼지, 소)"
익산시만,2020-08-02 05:00:00,3,3,"{""영등동"": 2, ""어양동"": 1}",3.6666666666666665,4,"{""기타"": 2, ""가축 분뇨 냄새(닭, 돼지, 소)"": 1}",기타
익산시만,2020-08-02 06:00:00,1,1,"{""영등동"": 1}",4.0,4,"{""기타"": 1}",기타
익산시만,2020-08-02 07:00:00,3,3,"{""부송동"": 2, ""영등동"": 1}",4.0,5,"{""기타"": 2, ""가축 분뇨 냄새(닭, 돼지, 소)"": 1}",기타
익산시만,2020-08-02 08:00:00,1,1,"{""남중동"": 1}",4.0,4,"{""기타"": 1}",기타
익산시만,2020-08-02 16:00:00,1,1,"{""어양동"": 1}",2.0,2,"{""공장 냄새(화학약품, 매캐함)"": 1}","공장 냄새(화학약품, 매캐함)"
익산시만,2020-08-02 19:00:00,3,3,"{""동산동"": 1, ""부송동"": 1, ""어양동"": 1}",4.0,5,"{""가축 분뇨 냄새(닭, 돼지, 소)"": 2, ""기타"": 1}","가축 분뇨 냄새(닭, 돼지, 소)"
익산시만,2020-08-02 20:00:00,29,27,"{""어양동"": 13, ""부송동"": 12, ""영등동"": 3, ""동산동"": 1}",4.0,5,"{""기타"": 16, ""가축 분뇨 냄새(닭, 돼지, 소)"": 9, ""하수구 냄새"": 3, ""공장 냄새(화학약품, 매캐함)"": 1}",기타
익산시만,2020-08-02 21:00:00,68,64,"{""영등동"": 40, ""어양동"": 11, ""부송동"": 11, ""동산동"": 5, ""마동"": 1}",4.088235294117647,5,"{""기타"": 32, ""가축 분뇨 냄새(닭, 돼지, 소)"": 30, ""하수구 냄새"": 4, ""음식조리 냄새"": 1, ""공장 냄새(화학약품, 매캐함)"": 1}",기타
익산시만,2020-08-02 22:00:00,29,25,"{""어양동"": 14, ""부송동"": 7, ""영등동"": 6, ""인화동2가"": 1, ""금강동"": 1}",4.0,5,"{""기타"": 16, ""가축 분뇨 냄새(닭, 돼지, 소)"": 10, ""하수구 냄새"": 2, ""공장 냄새(화학약품, 매캐함)"": 1}",기타
익산시만,2020-08-02 23:00:00,9,9,"{""부송동"": 4, ""모현동1가"": 2, ""어양동"": 1, ""동산동"": 1, ""팔봉동"": 1}",4.222222222222222,5,"{""가축 분뇨 냄새(닭, 돼지, 소)"": 4, ""기타"": 4, ""하수구 냄새"": 1}","가축 분뇨 냄새(닭, 돼지, 소)"
익산시만,2020-08-03 00:00:00,4,4,"{""어양동"": 3, ""부송동"": 1}",3.75,5,"{""가축 분뇨 냄새(닭, 돼지, 소)"": 2, ""기타"": 1, ""하수구 냄새"": 1}","가축 분뇨 냄새(닭, 돼지, 소)"
익산시만,2020-08-03 01:00:00,3,3,"{""어양동"": 1, ""영등동"": 1, ""부송동"": 1}",4.0,5,"{""가축 분뇨 냄새(닭, 돼지, 소)"": 2, ""기타"": 1}","가축 분뇨 냄새(닭, 돼지, 소)"
익산시만,2020-08-03 04:00:00,1,1,"{""영등동"": 1}",4.0,4,"{""기타"": 1}",기타
익산시만,2020-08-03 05:00:00,2,2,"{""영등동"": 2}",4.0,4,"{""기타"": 2}",기타
익산시만,2020-08-03 06:00:00,2,2,"{""신동"": 1, ""동산동"": 1}",4.5,5,"{""기타"": 1, ""하수구 냄새"": 1}",기타
익산시만,2020-08-03 07:00:00,9,9,"{""모현동1가"": 3, ""부송동"": 3, ""동산동"": 2, ""모현동2가"": 1}",4.0,5,"{""가축 분뇨 냄새(닭, 돼지, 소)"": 5, ""하수구 냄새"": 3, ""기타"": 1}","가축 분뇨 냄새(닭, 돼지, 소)"
익산시만,2020-08-03 09:00:00,2,2,"{""어양동"": 2}",3.0,4,"{""하수구 냄새"": 1, ""기타"": 1}",하수구 냄새
익산시만,2020-08-03 11:00:00,1,1,"{""팔봉동"": 1}",3.0,3,"{""공장 냄새(화학약품, 매캐함)"": 1}","공장 냄새(화학약품, 매캐함)"
익산시만,2020-08-03 19:00:00,2,2,"{""어양동"": 1, ""부송동"": 1}",3.0,3,"{""하수구 냄새"": 1, ""기타"": 1}",하수구 냄새
익산시만,2020-08-03 20:00:00,1,1,"{""어양동"": 1}",3.0,3,"{""가축 분뇨 냄새(닭, 돼지, 소)"": 1}","가축 분뇨 냄새(닭, 돼지, 소)"
익산시만,2020-08-03 21:00:00,9,9,"{""부송동"": 4, ""어양동"": 2, ""평화동"": 1, ""영등동"": 1, ""마동"": 1}",3.0,5,"{""가축 분뇨 냄새(닭, 돼지, 소)"": 6, ""기타"": 2, ""하수구 냄새"": 1}","가축 분뇨 냄새(닭, 돼지, 소)"
익산시만,2020-08-03 22:00:00,26,25,"{""부송동"": 12, ""어양동"": 10, ""영등동"": 2, ""팔봉동"": 2}",3.576923076923077,5,"{""가축 분뇨 냄새(닭, 돼지, 소)"": 12, ""기타"": 9, ""하수구 냄새"": 3, ""공장 냄새(화학약품, 매캐함)"": 2}","가축 분뇨 냄새(닭, 돼지, 소)"
익산시만,2020-08-03 23:00:00,4,4,"{""어양동"": 3, ""부송동"": 1}",4.0,4,"{""가축 분뇨 냄새(닭, 돼지, 소)"": 3, ""기타"": 1}","가축 분뇨 냄새(닭, 돼지, 소)"
익산시만,2020-08-04 00:00:00,1,1,"{""부송동"": 1}",4.0,4,"{""하수구 냄새"": 1}",하수구 냄새
익산시만,2020-08-04 01:00:00,9,9,"{""어양동"": 4, ""영등동"": 2, ""동산동"": 2, ""부송동"": 1}",3.5555555555555554,4,"{""가축 분뇨 냄새(닭, 돼지, 소)"": 6, ""기타"": 2, ""하수구 냄새"": 1}","가축 분뇨 냄새(닭, 돼지, 소)"
익산시만,2020-08-04 02:00:00,17,16,"{""영등동"": 5, ""신동"": 3, ""동산동"": 2, ""팔봉동"": 2, ""모현동1가"": 2, ""마동"": 1, ""어양동"": 1, ""부송동"": 1}",3.8823529411764706,5,"{""기타"": 11, ""가축 분뇨 냄새(닭, 돼지, 소)"": 4, ""하수구 냄새"": 1, ""공장 냄새(화학약품, 매캐함)"": 1}",기타
익산시만,2020-08-04 03:00:00,3,3,"{""부송동"": 2, ""어양동"": 1}",4.333333333333333,5,"{""가축 분뇨 냄새(닭, 돼지, 소)"": 2, ""기타"": 1}","가축 분뇨 냄새(닭, 돼지, 소)"
익산시만,2020-08-04 04:00:00,1,1,"{""영등동"": 1}",4.0,4,"{""기타"": 1}",기타
익산시만,2020-08-04 05:00:00,2,2,"{""금강동"": 1, ""인화동2가"": 1}",4.5,5,"{""하수구 냄새"": 1, ""가축 분뇨 냄새(닭, 돼지, 소)"": 1}",하수구 냄새
익산시만,2020-08-04 06:00:00,2,2,"{""모현동1가"": 1, ""모현동2가"": 1}",4.5,5,"{""가축 분뇨 냄새(닭, 돼지, 소)"": 1, ""기타"": 1}","가축 분뇨 냄새(닭, 돼지, 소)"
익산시만,2020-08-04 07:00:00,6,6,"{""마동"": 2, ""영등동"": 1, ""신동"": 1, ""동산동"": 1, ""부송동"": 1}",3.6666666666666665,4,"{""가축 분뇨 냄새(닭, 돼지, 소)"": 4, ""하수구 냄새"": 1, ""공장 냄새(화학약품, 매캐함)"": 1}","가축 분뇨 냄새(닭, 돼지, 소)"
익산시만,2020-08-04 08:00:00,6,6,"{""영등동"": 4, ""신동"": 2}",3.1666666666666665,5,"{""기타"": 4, ""가축 분뇨 냄새(닭, 돼지, 소)"": 2}",기타
익산시만,2020-08-04 09:00:00,1,1,"{""영등동"": 1}",5.0,5,"{""가축 분뇨 냄새(닭, 돼지, 소)"": 1}","가축 분뇨 냄새(닭, 돼지, 소)"
익산시만,2020-08-04 16:00:00,1,1,"{""팔봉동"": 1}",4.0,4,"{""공장 냄새(화학약품, 매캐함)"": 1}","공장 냄새(화학약품, 매캐함)"
익산시만,2020-08-04 19:00:00,17,16,"{""영등동"": 11, ""어양동"": 4, ""동산동"": 2}",3.764705882352941,5,"{""가축 분뇨 냄새(닭, 돼지, 소)"": 8, ""기타"": 8, ""하수구 냄새"": 1}","가축 분뇨 냄새(닭, 돼지, 소)"
익산시만,2020-08-04 20:00:00,11,10,"{""영등동"": 4, ""동산동"": 3, ""모현동1가"": 2, ""어양동"": 1, ""신동"": 1}",4.2727272727272725,5,"{""기타"": 8, ""가축 분뇨 냄새(닭, 돼지, 소)"": 2, ""공장 냄새(화학약품, 매캐함)"": 1}",기타
익산시만,2020-08-04 21:00:00,12,12,"{""동산동"": 7, ""영등동"": 4, ""신흥동"": 1}",4.166666666666667,5,"{""기타"": 10, ""가축 분뇨 냄새(닭, 돼지, 소)"": 1, ""공장 냄새(화학약품, 매캐함)"": 1}",기타
익산시만,2020-08-04 22:00:00,14,14,"{""동산동"": 5, ""함열읍 와리"": 2, ""모현동1가"": 2, ""마동"": 1, ""신동"": 1, ""인화동2가"": 1, ""팔봉동"": 1, ""송학동"": 1}",4.214285714285714,5,"{""기타"": 8, ""가축 분뇨 냄새(닭, 돼지, 소)"": 6}",기타
익산시만,2020-08-04 23:00:00,9,9,"{""팔봉동"": 3, ""평화동"": 2, ""모현동1가"": 2, ""남중동"": 1, ""동산동"": 1}",4.222222222222222,5,"{""기타"": 7, ""가축 분뇨 냄새(닭, 돼지, 소)"": 2}",기타
익산시만,2020-08-05 00:00:00,2,2,"{""팔봉동"": 2}",4.0,5,"{""가축 분뇨 냄새(닭, 돼지, 소)"": 1, ""기타"": 1}","가축 분뇨 냄새(닭, 돼지, 소)"
익산시만,2020-08-05 02:00:00,2,2,"{""팔봉동"": 1, ""동산동"": 1}",4.5,5,"{""가축 분뇨 냄새(닭, 돼지, 소)"": 1, ""음식조리 냄새"": 1}","가축 분뇨 냄새(닭, 돼지, 소)"
익산시만,2020-08-05 07:00:00,2,2,"{""금강동"": 1, ""마동"": 1}",3.5,4,"{""가축 분뇨 냄새(닭, 돼지, 소)"": 2}","가축 분뇨 냄새(닭, 돼지, 소)"
익산시만,2020-08-05 08:00:00,2,2,"{""금강동"": 1, ""영등동"": 1}",3.5,4,"{""하수구 냄새"": 1, ""기타"": 1}",하수구 냄새
익산시만,2020-08-05 09:00:00,7,7,"{""영등동"": 5, ""마동"": 1, ""모현동1가"": 1}",3.2857142857142856,5,"{""가축 분뇨 냄새(닭, 돼지, 소)"": 5, ""기타"": 2}","가축 분뇨 냄새(닭, 돼지, 소)"
익산시만,2020-08-05 14:00:00,1,1,"{""부송동"": 1}",4.0,4,"{""하수구 냄새"": 1}",하수구 냄새
익산시만,2020-08-05 16:00:00,1,1,"{""팔봉동"": 1}",3.0,3,"{""가축 분뇨 냄새(닭, 돼지, 소)"": 1}","가축 분뇨 냄새(닭, 돼지, 소)"
익산시만,2020-08-05 19:00:00,5,5,"{""팔봉동"": 5}",3.8,5,"{""가축 분뇨 냄새(닭, 돼지, 소)"": 3, ""기타"": 2}","가축 분뇨 냄새(닭, 돼지, 소)"
익산시만,2020-08-05 20:00:00,1,1,"{""어양동"": 1}",3.0,3,"{""가축 분뇨 냄새(닭, 돼지, 소)"": 1}","가축 분뇨 냄새(닭, 돼지, 소)"
익산시만,2020-08-05 21:00:00,6,6,"{""동산동"": 3, ""모현동1가"": 1, ""송학동"": 1, ""인화동2가"": 1}",3.6666666666666665,5,"{""하수구 냄새"": 2, ""가축 분뇨 냄새(닭, 돼지, 소)"": 2, ""음식조리 냄새"": 1, ""기타"": 1}",하수구 냄새
익산시만,2020-08-05 22:00:00,5,5,"{""모현동2가"": 1, ""인화동2가"": 1, ""모현동1가"": 1, ""인화동1가"": 1, ""동산동"": 1}",3.4,4,"{""가축 분뇨 냄새(닭, 돼지, 소)"": 3, ""기타"": 2}","가축 분뇨 냄새(닭, 돼지, 소)"
익산시만,2020-08-05 23:00:00,6,6,"{""동산동"": 2, ""신동"": 2, ""창인동1가"": 1, ""모현동2가"": 1}",3.6666666666666665,5,"{""가축 분뇨 냄새(닭, 돼지, 소)"": 3, ""기타"": 3}","가축 분뇨 냄새(닭, 돼지, 소)"
익산시만,2020-08-06 00:00:00,5,5,"{""동산동"": 2, ""영등동"": 2, ""신동"": 1}",3.4,4,"{""기타"": 3, ""가축 분뇨 냄새(닭, 돼지, 소)"": 2}",기타
익산시만,2020-08-06 01:00:00,3,3,"{""어양동"": 3}",4.666666666666667,5,"{""가축 분뇨 냄새(닭, 돼지, 소)"": 2, ""기타"": 1}","가축 분뇨 냄새(닭, 돼지, 소)"
익산시만,2020-08-06 02:00:00,1,1,"{""부송동"": 1}",4.0,4,"{""하수구 냄새"": 1}",하수구 냄새
익산시만,2020-08-06 07:00:00,1,1,"{""팔봉동"": 1}",5.0,5,"{""공장 냄새(화학약품, 매캐함)"": 1}","공장 냄새(화학약품, 매캐함)"
익산시만,2020-08-06 08:00:00,1,1,"{""송학동"": 1}",5.0,5,"{""기타"": 1}",기타
익산시만,2020-08-06 12:00:00,2,2,"{""팔봉동"": 2}",3.5,4,"{""공장 냄새(화학약품, 매캐함)"": 2}","공장 냄새(화학약품, 매캐함)"
익산시만,2020-08-06 13:00:00,1,1,"{""팔봉동"": 1}",3.0,3,"{""공장 냄새(화학약품, 매캐함)"": 1}","공장 냄새(화학약품, 매캐함)"
익산시만,2020-08-06 14:00:00,2,2,"{""팔봉동"": 2}",4.5,5,"{""공장 냄새(화학약품, 매캐함)"": 2}","공장 냄새(화학약품, 매캐함)"
익산시만,2020-08-06 18:00:00,1,1,"{""낭산면 용기리"": 1}",3.0,3,"{""가축 분뇨 냄새(닭, 돼지, 소)"": 1}","가축 분뇨 냄새(닭, 돼지, 소)"
익산시만,2020-08-06 20:00:00,1,1,"{""마동"": 1}",4.0,4,"{""하수구 냄새"": 1}",하수구 냄새
익산시만,2020-08-06 21:00:00,1,1,"{""팔봉동"": 1}",5.0,5,"{""공장 냄새(화학약품, 매캐함)"": 1}","공장 냄새(화학약품, 매캐함)"
익산시만,2020-08-06 22:00:00,10,10,"{""영등동"": 4, ""부송동"": 2, ""동산동"": 2, ""어양동"": 2}",3.0,4,"{""가축 분뇨 냄새(닭, 돼지, 소)"": 5, ""기타"": 4, ""공장 냄새(화학약품, 매캐함)"": 1}","가축 분뇨 냄새(닭, 돼지, 소)"
익산시만,2020-08-06 23:00:00,19,18,"{""영등동"": 7, ""마동"": 5, ""동산동"": 4, ""어양동"": 2, ""부송동"": 1}",3.8947368421052633,5,"{""기타"": 12, ""가축 분뇨 냄새(닭, 돼지, 소)"": 6, ""하수구 냄새"": 1}",기타
익산시만,2020-08-07 00:00:00,2,2,"{""어양동"": 2}",4.0,4,"{""하수구 냄새"": 1, ""가축 분뇨 냄새(닭, 돼지, 소)"": 1}",하수구 냄새
익산시만,2020-08-07 01:00:00,1,1,"{""동산동"": 1}",5.0,5,"{""가축 분뇨 냄새(닭, 돼지, 소)"": 1}","가축 분뇨 냄새(닭, 돼지, 소)"
익산시만,2020-08-07 02:00:00,1,1,"{""평화동"": 1}",4.0,4,"{""가축 분뇨 냄새(닭, 돼지, 소)"": 1}","가축 분뇨 냄새(닭, 돼지, 소)"
익산시만,2020-08-07 04:00:00,1,1,"{""부송동"": 1}",5.0,5,"{""가축 분뇨 냄새(닭, 돼지, 소)"": 1}","가축 분뇨 냄새(닭, 돼지, 소)"
익산시만,2020-08-07 07:00:00,2,2,"{""낭산면 용기리"": 1, ""금강동"": 1}",4.0,5,"{""가축 분뇨 냄새(닭, 돼지, 소)"": 1, ""하수구 냄새"": 1}","가축 분뇨 냄새(닭, 돼지, 소)"
익산시만,2020-08-07 08:00:00,1,1,"{""월성동"": 1}",3.0,3,"{""기타"": 1}",기타
익산시만,2020-08-07 09:00:00,1,1,"{""부송동"": 1}",2.0,2,"{""기타"": 1}",기타
익산시만,2020-08-07 15:00:00,3,3,"{""부송동"": 3}",3.3333333333333335,4,"{""가축 분뇨 냄새(닭, 돼지, 소)"": 2, ""기타"": 1}","가축 분뇨 냄새(닭, 돼지, 소)"
익산시만,2020-08-07 18:00:00,4,4,"{""부송동"": 4}",4.0,5,"{""기타"": 2, ""가축 분뇨 냄새(닭, 돼지, 소)"": 2}",기타
익산시만,2020-08-07 21:00:00,1,1,"{""부송동"": 1}",5.0,5,"{""공장 냄새(화학약품, 매캐함)"": 1}","공장 냄새(화학약품, 매캐함)"
익산시만,2020-08-07 23:00:00,1,1,"{""금강동"": 1}",5.0,5,"{""하수구 냄새"": 1}",하수구 냄새
익산시만,2020-08-08 13:00:00,2,2,"{""동산동"": 1, ""모현동2가"": 1}",3.0,3,"{""기타"": 2}",기타
익산시만,2020-08-08 16:00:00,3,3,"{""부송동"": 2, ""영등동"": 1}",3.0,4,"{""가축 분뇨 냄새(닭, 돼지, 소)"": 3}","가축 분뇨 냄새(닭, 돼지, 소)"
익산시만,2020-08-08 18:00:00,4,4,"{""동산동"": 2, ""부송동"": 2}",4.5,5,"{""기타"": 2, ""가축 분뇨 냄새(닭, 돼지, 소)"": 1, ""하수구 냄새"": 1}",기타
익산시만,2020-08-08 20:00:00,1,1,"{""동산동"": 1}",4.0,4,"{""하수구 냄새"": 1}",하수구 냄새
익산시만,2020-08-08 21:00:00,1,1,"{""어양동"": 1}",3.0,3,"{""기타"": 1}",기타
익산시만,2020-08-08 22:00:00,21,21,"{""부송동"": 11, ""어양동"": 9, ""영등동"": 1}",3.8095238095238093,5,"{""가축 분뇨 냄새(닭, 돼지, 소)"": 12, ""기타"": 7, ""하수구 냄새"": 2}","가축 분뇨 냄새(닭, 돼지, 소)"
익산시만,2020-08-08 23:00:00,4,4,"{""동산동"": 2, ""마동"": 1, ""영등동"": 1}",4.0,5,"{""기타"": 3, ""가축 분뇨 냄새(닭, 돼지, 소)"": 1}",기타
익산시만,2020-08-09 00:00:00,5,5,"{""동산동"": 3, ""함열읍 와리"": 1, ""모현동1가"": 1}",4.2,5,"{""하수구 냄새"": 2, ""가축 분뇨 냄새(닭, 돼지, 소)"": 1, ""기타"": 1, ""음식조리 냄새"": 1}",하수구 냄새
익산시만,2020-08-09 01:00:00,2,2,"{""송학동"": 1, ""동산동"": 1}",3.5,4,"{""공장 냄새(화학약품, 매캐함)"": 1, ""가축 분뇨 냄새(닭, 돼지, 소)"": 1}","공장 냄새(화학약품, 매캐함)"
익산시만,2020-08-09 07:00:00,1,1,"{""동산동"": 1}",3.0,3,"{""가축 분뇨 냄새(닭, 돼지, 소)"": 1}","가축 분뇨 냄새(닭, 돼지, 소)"
익산시만,2020-08-09 08:00:00,1,1,"{""금강동"": 1}",3.0,3,"{""가축 분뇨 냄새(닭, 돼지, 소)"": 1}","가축 분뇨 냄새(닭, 돼지, 소)"
익산시만,2020-08-09 10:00:00,1,1,"{""동산동"": 1}",3.0,3,"{""기타"": 1}",기타
익산시만,2020-08-09 11:00:00,5,2,"{""인화동2가"": 4, ""평화동"": 1}",4.0,4,"{""가축 분뇨 냄새(닭, 돼지, 소)"": 4, ""기타"": 1}","가축 분뇨 냄새(닭, 돼지, 소)"
익산시만,2020-08-09 12:00:00,1,1,"{""부송동"": 1}",3.0,3,"{""하수구 냄새"": 1}",하수구 냄새
익산시만,2020-08-09 14:00:00,1,1,"{""황등면 황등리"": 1}",3.0,3,"{""기타"": 1}",기타
익산시만,2020-08-09 18:00:00,1,1,"{""부송동"": 1}",3.0,3,"{""기타"": 1}",기타
익산시만,2020-08-09 19:00:00,24,21,"{""어양동"": 12, ""동산동"": 5, ""부송동"": 4, ""영등동"": 3}",3.7916666666666665,5,"{""기타"": 13, ""가축 분뇨 냄새(닭, 돼지, 소)"": 9, ""하수구 냄새"": 2}",기타
익산시만,2020-08-09 20:00:00,22,20,"{""동산동"": 7, ""영등동"": 3, ""마동"": 2, ""인화동2가"": 2, ""신동"": 2, ""부송동"": 1, ""어양동"": 1, ""창인동2가"": 1, ""인화동1가"": 1, ""남중동"": 1, ""모현동1가"": 1}",3.6363636363636362,5,"{""기타"": 13, ""가축 분뇨 냄새(닭, 돼지, 소)"": 9}",기타
익산시만,2020-08-09 21:00:00,16,16,"{""동산동"": 9, ""인화동2가"": 3, ""신동"": 2, ""모현동1가"": 1, ""갈산동"": 1}",4.375,5,"{""기타"": 10, ""가축 분뇨 냄새(닭, 돼지, 소)"": 6}",기타
익산시만,2020-08-09 22:00:00,16,16,"{""모현동1가"": 5, ""인화동2가"": 4, ""마동"": 2, ""평화동"": 1, ""모현동2가"": 1, ""오산면 장신리"": 1, ""송학동"": 1, ""부송동"": 1}",3.625,5,"{""가축 분뇨 냄새(닭, 돼지, 소)"": 9, ""기타"": 7}","가축 분뇨 냄새(닭, 돼지, 소)"
익산시만,2020-08-09 23:00:00,3,3,"{""동산동"": 3}",4.333333333333333,5,"{""기타"": 2, ""하수구 냄새"": 1}",기타
익산시만,2020-08-10 00:00:00,7,7,"{""영등동"": 2, ""신동"": 2, ""동산동"": 1, ""송학동"": 1, ""마동"": 1}",3.857142857142857,5,"{""기타"": 4, ""가축 분뇨 냄새(닭, 돼지, 소)"": 3}",기타
익산시만,2020-08-10 01:00:00,7,7,"{""동산동"": 5, ""영등동"": 2}",4.428571428571429,5,"{""기타"": 4, ""하수구 냄새"": 2, ""가축 분뇨 냄새(닭, 돼지, 소)"": 1}",기타
익산시만,2020-08-10 02:00:00,2,2,"{""부송동"": 1, ""어양동"": 1}",3.5,4,"{""기타"": 1, ""가축 분뇨 냄새(닭, 돼지, 소)"": 1}",기타
익산시만,2020-08-10 05:00:00,1,1,"{""평화동"": 1}",5.0,5,"{""가축 분뇨 냄새(닭, 돼지, 소)"": 1}","가축 분뇨 냄새(닭, 돼지, 소)"
익산시만,2020-08-10 08:00:00,7,7,"{""부송동"": 2, ""어양동"": 2, ""마동"": 1, ""영등동"": 1, ""동산동"": 1}",3.2857142857142856,5,"{""기타"": 5, ""가축 분뇨 냄새(닭, 돼지, 소)"": 2}",기타
익산시만,2020-08-10 09:00:00,2,2,"{""부송동"": 2}",4.0,5,"{""기타"": 1, ""가축 분뇨 냄새(닭, 돼지, 소)"": 1}",기타
익산시만,2020-08-10 12:00:00,1,1,"{""왕궁면 구덕리"": 1}",4.0,4,"{""기타"": 1}",기타
익산시만,2020-08-10 13:00:00,1,1,"{""부송동"": 1}",4.0,4,"{""하수구 냄새"": 1}",하수구 냄새
익산시만,2020-08-10 15:00:00,1,1,"{""동산동"": 1}",4.0,4,"{""기타"": 1}",기타
익산시만,2020-08-10 16:00:00,8,8,"{""모현동1가"": 3, ""동산동"": 1, ""중앙동1가"": 1, ""남중동"": 1, ""갈산동"": 1, ""신동"": 1}",3.75,5,"{""기타"": 6, ""가축 분뇨 냄새(닭, 돼지, 소)"": 2}",기타
익산시만,2020-08-10 17:00:00,2,2,"{""부송동"": 2}",3.5,4,"{""기타"": 1, ""가축 분뇨 냄새(닭, 돼지, 소)"": 1}",기타
익산시만,2020-08-10 18:00:00,7,7,"{""어양동"": 3, ""부송동"": 3, ""팔봉동"": 1}",3.5714285714285716,4,"{""가축 분뇨 냄새(닭, 돼지, 소)"": 4, ""기타"": 3}","가축 분뇨 냄새(닭, 돼지, 소)"
익산시만,2020-08-10 19:00:00,22,21,"{""부송동"": 7, ""어양동"": 7, ""영등동"": 7, ""동산동"": 1}",3.5454545454545454,5,"{""기타"": 10, ""가축 분뇨 냄새(닭, 돼지, 소)"": 9, ""하수구 냄새"": 2, ""공장 냄새(화학약품, 매캐함)"": 1}",기타
익산시만,2020-08-10 20:00:00,5,5,"{""영등동"": 2, ""어양동"": 2, ""동산동"": 1}",4.2,5,"{""기타"": 3, ""가축 분뇨 냄새(닭, 돼지, 소)"": 2}",기타
익산시만,2020-08-10 21:00:00,1,1,"{""동산동"": 1}",3.0,3,"{""기타"": 1}",기타
익산시만,2020-08-10 22:00:00,2,2,"{""동산동"": 1, ""마동"": 1}",4.0,4,"{""기타"": 1, ""가축 분뇨 냄새(닭, 돼지, 소)"": 1}",기타
익산시만,2020-08-10 23:00:00,1,1,"{""동산동"": 1}",4.0,4,"{""기타"": 1}",기타
익산시만,2020-08-11 08:00:00,2,2,"{""팔봉동"": 2}",3.0,3,"{""공장 냄새(화학약품, 매캐함)"": 2}","공장 냄새(화학약품, 매캐함)"
익산시만,2020-08-11 14:00:00,1,1,"{""낭산면 용기리"": 1}",4.0,4,"{""기타"": 1}",기타
익산시만,2020-08-11 19:00:00,1,1,"{""낭산면 용기리"": 1}",3.0,3,"{""기타"": 1}",기타
익산시만,2020-08-11 22:00:00,1,1,"{""영등동"": 1}",3.0,3,"{""공장 냄새(화학약품, 매캐함)"": 1}","공장 냄새(화학약품, 매캐함)"
익산시만,2020-08-12 01:00:00,4,4,"{""부송동"": 2, ""어양동"": 1, ""영등동"": 1}",2.5,3,"{""가축 분뇨 냄새(닭, 돼지, 소)"": 1, ""하수구 냄새"": 1, ""기타"": 1, ""공장 냄새(화학약품, 매캐함)"": 1}","가축 분뇨 냄새(닭, 돼지, 소)"
익산시만,2020-08-12 02:00:00,1,1,"{""어양동"": 1}",4.0,4,"{""가축 분뇨 냄새(닭, 돼지, 소)"": 1}","가축 분뇨 냄새(닭, 돼지, 소)"
익산시만,2020-08-12 03:00:00,1,1,"{""영등동"": 1}",2.0,2,"{""공장 냄새(화학약품, 매캐함)"": 1}","공장 냄새(화학약품, 매캐함)"
익산시만,2020-08-12 04:00:00,1,1,"{""영등동"": 1}",4.0,4,"{""가축 분뇨 냄새(닭, 돼지, 소)"": 1}","가축 분뇨 냄새(닭, 돼지, 소)"
익산시만,2020-08-12 06:00:00,1,1,"{""동산동"": 1}",5.0,5,"{""기타"": 1}",기타
익산시만,2020-08-12 08:00:00,4,4,"{""어양동"": 2, ""부송동"": 2}",3.75,4,"{""가축 분뇨 냄새(닭, 돼지, 소)"": 2, ""기타"": 2}","가축 분뇨 냄새(닭, 돼지, 소)"
익산시만,2020-08-12 18:00:00,1,1,"{""팔봉동"": 1}",3.0,3,"{""공장 냄새(화학약품, 매캐함)"": 1}","공장 냄새(화학약품, 매캐함)"
익산시만,2020-08-12 21:00:00,1,1,"{""어양동"": 1}",4.0,4,"{""기타"": 1}",기타
익산시만,2020-08-12 23:00:00,7,7,"{""어양동"": 4, ""부송동"": 3}",4.428571428571429,5,"{""가축 분뇨 냄새(닭, 돼지, 소)"": 4, ""기타"": 3}","가축 분뇨 냄새(닭, 돼지, 소)"
익산시만,2020-08-13 00:00:00,43,42,"{""영등동"": 15, ""어양동"": 14, ""부송동"": 10, ""동산동"": 2, ""금강동"": 1, ""모현동1가"": 1}",4.232558139534884,5,"{""기타"": 21, ""가축 분뇨 냄새(닭, 돼지, 소)"": 17, ""하수구 냄새"": 4, ""음식조리 냄새"": 1}",기타
익산시만,2020-08-13 01:00:00,22,21,"{""영등동"": 9, ""동산동"": 5, ""신동"": 2, ""평화동"": 2, ""부송동"": 1, ""마동"": 1, ""송학동"": 1, ""모현동1가"": 1}",4.454545454545454,5,"{""기타"": 11, ""가축 분뇨 냄새(닭, 돼지, 소)"": 8, ""하수구 냄새"": 2, ""음식조리 냄새"": 1}",기타
익산시만,2020-08-13 02:00:00,2,2,"{""모현동1가"": 2}",4.5,5,"{""가축 분뇨 냄새(닭, 돼지, 소)"": 2}","가축 분뇨 냄새(닭, 돼지, 소)"
익산시만,2020-08-13 03:00:00,1,1,"{""동산동"": 1}",4.0,4,"{""음식조리 냄새"": 1}",음식조리 냄새
익산시만,2020-08-13 05:00:00,1,1,"{""동산동"": 1}",2.0,2,"{""공장 냄새(화학약품, 매캐함)"": 1}","공장 냄새(화학약품, 매캐함)"
익산시만,2020-08-13 06:00:00,1,1,"{""동산동"": 1}",4.0,4,"{""기타"": 1}",기타
익산시만,2020-08-13 11:00:00,1,1,"{""팔봉동"": 1}",4.0,4,"{""가축 분뇨 냄새(닭, 돼지, 소)"": 1}","가축 분뇨 냄새(닭, 돼지, 소)"
익산시만,2020-08-13 12:00:00,1,1,"{""팔봉동"": 1}",3.0,3,"{""공장 냄새(화학약품, 매캐함)"": 1}","공장 냄새(화학약품, 매캐함)"
익산시만,2020-08-13 13:00:00,1,1,"{""팔봉동"": 1}",4.0,4,"{""공장 냄새(화학약품, 매캐함)"": 1}","공장 냄새(화학약품, 매캐함)"
익산시만,2020-08-13 16:00:00,1,1,"{""팔봉동"": 1}",4.0,4,"{""공장 냄새(화학약품, 매캐함)"": 1}","공장 냄새(화학약품, 매캐함)"
익산시만,2020-08-13 19:00:00,1,1,"{""황등면 황등리"": 1}",4.0,4,"{""가축 분뇨 냄새(닭, 돼지, 소)"": 1}","가축 분뇨 냄새(닭, 돼지, 소)"
익산시만,2020-08-13 20:00:00,1,1,"{""팔봉동"": 1}",4.0,4,"{""공장 냄새(화학약품, 매캐함)"": 1}","공장 냄새(화학약품, 매캐함)"
익산시만,2020-08-14 02:00:00,5,5,"{""송학동"": 1, ""신동"": 1, ""부송동"": 1, ""어양동"": 1, ""임상동"": 1}",3.6,4,"{""가축 분뇨 냄새(닭, 돼지, 소)"": 2, ""공장 냄새(화학약품, 매캐함)"": 1, ""기타"": 1, ""하수구 냄새"": 1}","가축 분뇨 냄새(닭, 돼지, 소)"
익산시만,2020-08-14 03:00:00,6,6,"{""동산동"": 3, ""영등동"": 2, ""어양동"": 1}",3.5,5,"{""기타"": 4, ""가축 분뇨 냄새(닭, 돼지, 소)"": 2}",기타
익산시만,2020-08-14 05:00:00,2,2,"{""평화동"": 1, ""어양동"": 1}",3.5,5,"{""하수구 냄새"": 1, ""가축 분뇨 냄새(닭, 돼지, 소)"": 1}",하수구 냄새
익산시만,2020-08-14 06:00:00,6,6,"{""어양동"": 3, ""동산동"": 1, ""영등동"": 1, ""평화동"": 1}",3.3333333333333335,4,"{""기타"": 4, ""가축 분뇨 냄새(닭, 돼지, 소)"": 2}",기타
익산시만,2020-08-14 07:00:00,6,6,"{""부송동"": 3, ""어양동"": 1, ""모현동2가"": 1, ""영등동"": 1}",3.8333333333333335,5,"{""기타"": 4, ""하수구 냄새"": 1, ""가축 분뇨 냄새(닭, 돼지, 소)"": 1}",기타
익산시만,2020-08-15 00:00:00,1,1,"{""어양동"": 1}",4.0,4,"{""기타"": 1}",기타
익산시만,2020-08-15 03:00:00,2,2,"{""어양동"": 2}",4.0,4,"{""기타"": 1, ""가축 분뇨 냄새(닭, 돼지, 소)"": 1}",기타
익산시만,2020-08-15 04:00:00,5,5,"{""평화동"": 2, ""영등동"": 1, ""동산동"": 1, ""부송동"": 1}",4.0,5,"{""기타"": 2, ""하수구 냄새"": 2, ""공장 냄새(화학약품, 매캐함)"": 1}",기타
익산시만,2020-08-15 05:00:00,1,1,"{""신흥동"": 1}",4.0,4,"{""하수구 냄새"": 1}",하수구 냄새
익산시만,2020-08-15 07:00:00,1,1,"{""어양동"": 1}",3.0,3,"{""가축 분뇨 냄새(닭, 돼지, 소)"": 1}","가축 분뇨 냄새(닭, 돼지, 소)"
익산시만,2020-08-15 08:00:00,4,4,"{""부송동"": 2, ""어양동"": 2}",4.0,5,"{""가축 분뇨 냄새(닭, 돼지, 소)"": 3, ""기타"": 1}","가축 분뇨 냄새(닭, 돼지, 소)"
익산시만,2020-08-15 22:00:00,12,11,"{""동산동"": 8, ""모현동1가"": 2, ""인화동2가"": 1, ""송학동"": 1}",4.166666666666667,5,"{""기타"": 5, ""가축 분뇨 냄새(닭, 돼지, 소)"": 4, ""하수구 냄새"": 3}",기타
익산시만,2020-08-15 23:00:00,60,55,"{""모현동1가"": 12, ""동산동"": 9, ""송학동"": 7, ""어양동"": 7, ""부송동"": 7, ""영등동"": 6, ""평화동"": 5, ""신동"": 3, ""마동"": 2, ""남중동"": 2}",4.133333333333334,5,"{""기타"": 28, ""가축 분뇨 냄새(닭, 돼지, 소)"": 26, ""하수구 냄새"": 6}",기타
익산시만,2020-08-16 00:00:00,4,4,"{""모현동1가"": 2, ""부송동"": 2}",3.75,4,"{""기타"": 3, ""하수구 냄새"": 1}",기타
익산시만,2020-08-16 01:00:00,2,2,"{""모현동1가"": 1, ""부송동"": 1}",4.0,4,"{""가축 분뇨 냄새(닭, 돼지, 소)"": 1, ""기타"": 1}","가축 분뇨 냄새(닭, 돼지, 소)"
익산시만,2020-08-16 02:00:00,2,2,"{""어양동"": 1, ""영등동"": 1}",3.5,4,"{""가축 분뇨 냄새(닭, 돼지, 소)"": 2}","가축 분뇨 냄새(닭, 돼지, 소)"
익산시만,2020-08-16 03:00:00,4,4,"{""영등동"": 3, ""어양동"": 1}",4.5,5,"{""가축 분뇨 냄새(닭, 돼지, 소)"": 3, ""기타"": 1}","가축 분뇨 냄새(닭, 돼지, 소)"
익산시만,2020-08-16 04:00:00,5,5,"{""동산동"": 2, ""영등동"": 2, ""신동"": 1}",3.8,4,"{""기타"": 2, ""가축 분뇨 냄새(닭, 돼지, 소)"": 2, ""하수구 냄새"": 1}",기타
익산시만,2020-08-16 05:00:00,2,2,"{""팔봉동"": 1, ""동산동"": 1}",5.0,5,"{""가축 분뇨 냄새(닭, 돼지, 소)"": 1, ""하수구 냄새"": 1}","가축 분뇨 냄새(닭, 돼지, 소)"
익산시만,2020-08-16 06:00:00,3,3,"{""부송동"": 1, ""모현동1가"": 1, ""동산동"": 1}",4.333333333333333,5,"{""가축 분뇨 냄새(닭, 돼지, 소)"": 1, ""기타"": 1, ""음식조리 냄새"": 1}","가축 분뇨 냄새(닭, 돼지, 소)"
익산시만,2020-08-16 19:00:00,1,1,"{""월성동"": 1}",5.0,5,"{""기타"": 1}",기타
익산시만,2020-08-16 20:00:00,2,2,"{""황등면 황등리"": 1, ""평화동"": 1}",2.5,3,"{""기타"": 2}",기타
익산시만,2020-08-16 23:00:00,13,13,"{""동산동"": 4, ""어양동"": 4, ""마동"": 2, ""영등동"": 2, ""평화동"": 1}",3.769230769230769,5,"{""가축 분뇨 냄새(닭, 돼지, 소)"": 7, ""기타"": 5, ""공장 냄새(화학약품, 매캐함)"": 1}","가축 분뇨 냄새(닭, 돼지, 소)"
익산시만,2020-08-17 00:00:00,18,18,"{""영등동"": 6, ""어양동"": 4, ""동산동"": 4, ""신동"": 1, ""부송동"": 1, ""송학동"": 1, ""모현동1가"": 1}",4.055555555555555,5,"{""기타"": 11, ""가축 분뇨 냄새(닭, 돼지, 소)"": 6, ""하수구 냄새"": 1}",기타
익산시만,2020-08-17 01:00:00,10,10,"{""영등동"": 6, ""동산동"": 2, ""부송동"": 1, ""어양동"": 1}",3.9,5,"{""가축 분뇨 냄새(닭, 돼지, 소)"": 7, ""기타"": 3}","가축 분뇨 냄새(닭, 돼지, 소)"
익산시만,2020-08-17 02:00:00,1,1,"{""송학동"": 1}",5.0,5,"{""가축 분뇨 냄새(닭, 돼지, 소)"": 1}","가축 분뇨 냄새(닭, 돼지, 소)"
익산시만,2020-08-17 04:00:00,1,1,"{""어양동"": 1}",4.0,4,"{""기타"": 1}",기타
익산시만,2020-08-17 05:00:00,17,15,"{""평화동"": 5, ""어양동"": 4, ""인화동2가"": 2, ""주현동"": 2, ""영등동"": 2, ""동산동"": 1, ""송학동"": 1}",4.411764705882353,5,"{""가축 분뇨 냄새(닭, 돼지, 소)"": 11, ""기타"": 6}","가축 분뇨 냄새(닭, 돼지, 소)"
익산시만,2020-08-17 06:00:00,1,1,"{""영등동"": 1}",3.0,3,"{""가축 분뇨 냄새(닭, 돼지, 소)"": 1}","가축 분뇨 냄새(닭, 돼지, 소)"
익산시만,2020-08-17 07:00:00,4,4,"{""어양동"": 2, ""부송동"": 2}",3.75,5,"{""기타"": 2, ""하수구 냄새"": 1, ""가축 분뇨 냄새(닭, 돼지, 소)"": 1}",기타
익산시만,2020-08-17 08:00:00,5,5,"{""부송동"": 3, ""영등동"": 1, ""팔봉동"": 1}",4.2,5,"{""기타"": 3, ""하수구 냄새"": 1, ""가축 분뇨 냄새(닭, 돼지, 소)"": 1}",기타
익산시만,2020-08-17 09:00:00,1,1,"{""부송동"": 1}",3.0,3,"{""공장 냄새(화학약품, 매캐함)"": 1}","공장 냄새(화학약품, 매캐함)"
익산시만,2020-08-17 16:00:00,1,1,"{""부송동"": 1}",4.0,4,"{""가축 분뇨 냄새(닭, 돼지, 소)"": 1}","가축 분뇨 냄새(닭, 돼지, 소)"
익산시만,2020-08-17 17:00:00,1,1,"{""월성동"": 1}",5.0,5,"{""기타"": 1}",기타
익산시만,2020-08-17 22:00:00,1,1,"{""평화동"": 1}",4.0,4,"{""가축 분뇨 냄새(닭, 돼지, 소)"": 1}","가축 분뇨 냄새(닭, 돼지, 소)"
익산시만,2020-08-18 01:00:00,3,3,"{""영등동"": 1, ""부송동"": 1, ""팔봉동"": 1}",4.333333333333333,5,"{""가축 분뇨 냄새(닭, 돼지, 소)"": 2, ""기타"": 1}","가축 분뇨 냄새(닭, 돼지, 소)"
익산시만,2020-08-18 03:00:00,6,6,"{""동산동"": 2, ""영등동"": 2, ""부송동"": 1, ""어양동"": 1}",4.0,5,"{""공장 냄새(화학약품, 매캐함)"": 3, ""기타"": 2, ""가축 분뇨 냄새(닭, 돼지, 소)"": 1}","공장 냄새(화학약품, 매캐함)"
익산시만,2020-08-18 04:00:00,3,3,"{""모현동1가"": 1, ""용제동"": 1, ""동산동"": 1}",3.6666666666666665,4,"{""가축 분뇨 냄새(닭, 돼지, 소)"": 3}","가축 분뇨 냄새(닭, 돼지, 소)"
익산시만,2020-08-18 05:00:00,4,4,"{""동산동"": 3, ""부송동"": 1}",4.0,5,"{""가축 분뇨 냄새(닭, 돼지, 소)"": 4}","가축 분뇨 냄새(닭, 돼지, 소)"
익산시만,2020-08-18 06:00:00,2,2,"{""팔봉동"": 1, ""동산동"": 1}",4.0,4,"{""공장 냄새(화학약품, 매캐함)"": 1, ""가축 분뇨 냄새(닭, 돼지, 소)"": 1}","공장 냄새(화학약품, 매캐함)"
익산시만,2020-08-18 09:00:00,1,1,"{""영등동"": 1}",1.0,1,"{""공장 냄새(화학약품, 매캐함)"": 1}","공장 냄새(화학약품, 매캐함)"
익산시만,2020-08-18 19:00:00,1,1,"{""신동"": 1}",2.0,2,"{""가축 분뇨 냄새(닭, 돼지, 소)"": 1}","가축 분뇨 냄새(닭, 돼지, 소)"
익산시만,2020-08-18 21:00:00,1,1,"{""팔봉동"": 1}",5.0,5,"{""음식조리 냄새"": 1}",음식조리 냄새
익산시만,2020-08-18 22:00:00,2,2,"{""평화동"": 1, ""어양동"": 1}",3.5,4,"{""가축 분뇨 냄새(닭, 돼지, 소)"": 1, ""기타"": 1}","가축 분뇨 냄새(닭, 돼지, 소)"
익산시만,2020-08-18 23:00:00,3,3,"{""목천동"": 2, ""모현동1가"": 1}",3.6666666666666665,4,"{""기타"": 2, ""하수구 냄새"": 1}",기타
익산시만,2020-08-19 00:00:00,3,3,"{""목천동"": 2, ""송학동"": 1}",4.0,5,"{""기타"": 2, ""가축 분뇨 냄새(닭, 돼지, 소)"": 1}",기타
익산시만,2020-08-19 01:00:00,1,1,"{""영등동"": 1}",2.0,2,"{""가축 분뇨 냄새(닭, 돼지, 소)"": 1}","가축 분뇨 냄새(닭, 돼지, 소)"
익산시만,2020-08-19 02:00:00,9,9,"{""영등동"": 3, ""어양동"": 2, ""팔봉동"": 1, ""평화동"": 1, ""송학동"": 1, ""부송동"": 1}",3.6666666666666665,4,"{""가축 분뇨 냄새(닭, 돼지, 소)"": 5, ""공장 냄새(화학약품, 매캐함)"": 2, ""기타"": 2}","가축 분뇨 냄새(닭, 돼지, 소)"
익산시만,2020-08-19 03:00:00,3,3,"{""영등동"": 2, ""동산동"": 1}",4.333333333333333,5,"{""기타"": 2, ""가축 분뇨 냄새(닭, 돼지, 소)"": 1}",기타
익산시만,2020-08-19 04:00:00,3,3,"{""영등동"": 1, ""동산동"": 1, ""부송동"": 1}",4.333333333333333,5,"{""가축 분뇨 냄새(닭, 돼지, 소)"": 1, ""하수구 냄새"": 1, ""공장 냄새(화학약품, 매캐함)"": 1}","가축 분뇨 냄새(닭, 돼지, 소)"
익산시만,2020-08-19 05:00:00,7,7,"{""영등동"": 3, ""어양동"": 2, ""부송동"": 1, ""동산동"": 1}",3.857142857142857,5,"{""기타"": 5, ""가축 분뇨 냄새(닭, 돼지, 소)"": 1, ""하수구 냄새"": 1}",기타
익산시만,2020-08-19 06:00:00,14,14,"{""어양동"": 3, ""영등동"": 3, ""부송동"": 2, ""모현동1가"": 2, ""목천동"": 1, ""인화동1가"": 1, ""동산동"": 1, ""인화동2가"": 1}",3.7857142857142856,5,"{""기타"": 7, ""가축 분뇨 냄새(닭, 돼지, 소)"": 4, ""공장 냄새(화학약품, 매캐함)"": 2, ""하수구 냄새"": 1}",기타
익산시만,2020-08-19 07:00:00,11,11,"{""부송동"": 4, ""신동"": 2, ""어양동"": 2, ""평화동"": 2, ""영등동"": 1}",3.727272727272727,5,"{""가축 분뇨 냄새(닭, 돼지, 소)"": 5, ""하수구 냄새"": 3, ""공장 냄새(화학약품, 매캐함)"": 3}","가축 분뇨 냄새(닭, 돼지, 소)"
익산시만,2020-08-19 08:00:00,2,2,"{""어양동"": 1, ""부송동"": 1}",4.0,5,"{""공장 냄새(화학약품, 매캐함)"": 2}","공장 냄새(화학약품, 매캐함)"
익산시만,2020-08-19 09:00:00,1,1,"{""부송동"": 1}",4.0,4,"{""공장 냄새(화학약품, 매캐함)"": 1}","공장 냄새(화학약품, 매캐함)"
익산시만,2020-08-19 19:00:00,2,2,"{""동산동"": 1, ""모현동2가"": 1}",3.0,3,"{""하수구 냄새"": 1, ""공장 냄새(화학약품, 매캐함)"": 1}",하수구 냄새
익산시만,2020-08-19 22:00:00,3,3,"{""평화동"": 1, ""인화동1가"": 1, ""목천동"": 1}",3.3333333333333335,4,"{""기타"": 2, ""가축 분뇨 냄새(닭, 돼지, 소)"": 1}",기타
익산시만,2020-08-19 23:00:00,2,2,"{""목천동"": 1, ""송학동"": 1}",3.5,4,"{""기타"": 1, ""공장 냄새(화학약품, 매캐함)"": 1}",기타
익산시만,2020-08-20 00:00:00,2,2,"{""영등동"": 1, ""어양동"": 1}",2.5,3,"{""공장 냄새(화학약품, 매캐함)"": 1, ""기타"": 1}","공장 냄새(화학약품, 매캐함)"
익산시만,2020-08-20 01:00:00,34,34,"{""어양동"": 17, ""영등동"": 9, ""부송동"": 7, ""팔봉동"": 1}",3.7941176470588234,5,"{""기타"": 19, ""가축 분뇨 냄새(닭, 돼지, 소)"": 11, ""하수구 냄새"": 3, ""공장 냄새(화학약품, 매캐함)"": 1}",기타
익산시만,2020-08-20 02:00:00,4,4,"{""영등동"": 4}",4.25,5,"{""기타"": 3, ""하수구 냄새"": 1}",기타
익산시만,2020-08-20 08:00:00,1,1,"{""부송동"": 1}",5.0,5,"{""하수구 냄새"": 1}",하수구 냄새
익산시만,2020-08-20 21:00:00,1,1,"{""황등면 황등리"": 1}",4.0,4,"{""기타"": 1}",기타
익산시만,2020-08-20 23:00:00,5,5,"{""어양동"": 2, ""신흥동"": 1, ""목천동"": 1, ""부송동"": 1}",3.8,5,"{""가축 분뇨 냄새(닭, 돼지, 소)"": 3, ""기타"": 2}","가축 분뇨 냄새(닭, 돼지, 소)"
익산시만,2020-08-21 00:00:00,2,2,"{""금강동"": 1, ""석암동"": 1}",4.0,5,"{""공장 냄새(화학약품, 매캐함)"": 2}","공장 냄새(화학약품, 매캐함)"
익산시만,2020-08-21 01:00:00,1,1,"{""목천동"": 1}",4.0,4,"{""기타"": 1}",기타
익산시만,2020-08-21 02:00:00,1,1,"{""석암동"": 1}",5.0,5,"{""공장 냄새(화학약품, 매캐함)"": 1}","공장 냄새(화학약품, 매캐함)"
익산시만,2020-08-21 05:00:00,1,1,"{""동산동"": 1}",4.0,4,"{""기타"": 1}",기타
익산시만,2020-08-21 06:00:00,5,5,"{""평화동"": 3, ""마동"": 1, ""영등동"": 1}",4.0,5,"{""하수구 냄새"": 2, ""기타"": 2, ""가축 분뇨 냄새(닭, 돼지, 소)"": 1}",하수구 냄새
익산시만,2020-08-21 14:00:00,2,2,"{""부송동"": 2}",3.5,4,"{""공장 냄새(화학약품, 매캐함)"": 2}","공장 냄새(화학약품, 매캐함)"
익산시만,2020-08-21 21:00:00,6,6,"{""황등면 황등리"": 3, ""영등동"": 2, ""동산동"": 1}",3.3333333333333335,5,"{""기타"": 4, ""하수구 냄새"": 1, ""가축 분뇨 냄새(닭, 돼지, 소)"": 1}",기타
익산시만,2020-08-21 22:00:00,2,2,"{""어양동"": 1, ""금강동"": 1}",3.0,3,"{""공장 냄새(화학약품, 매캐함)"": 1, ""하수구 냄새"": 1}","공장 냄새(화학약품, 매캐함)"
익산시만,2020-08-22 00:00:00,3,3,"{""영등동"": 1, ""목천동"": 1, ""부송동"": 1}",3.0,4,"{""가축 분뇨 냄새(닭, 돼지, 소)"": 1, ""기타"": 1, ""공장 냄새(화학약품, 매캐함)"": 1}","가축 분뇨 냄새(닭, 돼지, 소)"
익산시만,2020-08-22 01:00:00,1,1,"{""금마면 동고도리"": 1}",4.0,4,"{""하수구 냄새"": 1}",하수구 냄새
익산시만,2020-08-22 03:00:00,1,1,"{""신동"": 1}",4.0,4,"{""기타"": 1}",기타
익산시만,2020-08-22 06:00:00,3,3,"{""부송동"": 2, ""어양동"": 1}",4.666666666666667,5,"{""기타"": 2, ""가축 분뇨 냄새(닭, 돼지, 소)"": 1}",기타
익산시만,2020-08-22 07:00:00,3,3,"{""부송동"": 2, ""영등동"": 1}",3.3333333333333335,4,"{""가축 분뇨 냄새(닭, 돼지, 소)"": 2, ""기타"": 1}","가축 분뇨 냄새(닭, 돼지, 소)"
익산시만,2020-08-22 15:00:00,2,2,"{""동산동"": 1, ""인화동2가"": 1}",3.0,4,"{""기타"": 1, ""하수구 냄새"": 1}",기타
익산시만,2020-08-22 17:00:00,2,2,"{""월성동"": 1, ""팔봉동"": 1}",4.0,5,"{""기타"": 1, ""하수구 냄새"": 1}",기타
익산시만,2020-08-22 20:00:00,13,13,"{""부송동"": 7, ""어양동"": 2, ""영등동"": 2, ""동산동"": 1, ""금강동"": 1}",4.153846153846154,5,"{""공장 냄새(화학약품, 매캐함)"": 5, ""가축 분뇨 냄새(닭, 돼지, 소)"": 4, ""기타"": 3, ""하수구 냄새"": 1}","공장 냄새(화학약품, 매캐함)"
익산시만,2020-08-22 21:00:00,3,3,"{""금강동"": 1, ""부송동"": 1, ""동산동"": 1}",2.6666666666666665,4,"{""기타"": 2, ""공장 냄새(화학약품, 매캐함)"": 1}",기타
익산시만,2020-08-22 22:00:00,10,10,"{""영등동"": 4, ""동산동"": 3, ""신동"": 1, ""마동"": 1, ""어양동"": 1}",3.4,5,"{""가축 분뇨 냄새(닭, 돼지, 소)"": 4, ""기타"": 3, ""공장 냄새(화학약품, 매캐함)"": 1, ""음식조리 냄새"": 1, ""하수구 냄새"": 1}","가축 분뇨 냄새(닭, 돼지, 소)"
익산시만,2020-08-22 23:00:00,6,6,"{""어양동"": 4, ""영등동"": 1, ""부송동"": 1}",3.6666666666666665,5,"{""가축 분뇨 냄새(닭, 돼지, 소)"": 5, ""기타"": 1}","가축 분뇨 냄새(닭, 돼지, 소)"
익산시만,2020-08-23 00:00:00,2,2,"{""마동"": 1, ""동산동"": 1}",3.0,3,"{""기타"": 2}",기타
익산시만,2020-08-23 01:00:00,3,3,"{""평화동"": 1, ""어양동"": 1, ""영등동"": 1}",4.0,5,"{""기타"": 3}",기타
익산시만,2020-08-23 02:00:00,1,1,"{""동산동"": 1}",4.0,4,"{""가축 분뇨 냄새(닭, 돼지, 소)"": 1}","가축 분뇨 냄새(닭, 돼지, 소)"
익산시만,2020-08-23 05:00:00,1,1,"{""모현동2가"": 1}",3.0,3,"{""가축 분뇨 냄새(닭, 돼지, 소)"": 1}","가축 분뇨 냄새(닭, 돼지, 소)"
익산시만,2020-08-23 07:00:00,3,3,"{""부송동"": 2, ""동산동"": 1}",4.0,4,"{""가축 분뇨 냄새(닭, 돼지, 소)"": 2, ""기타"": 1}","가축 분뇨 냄새(닭, 돼지, 소)"
익산시만,2020-08-23 14:00:00,1,1,"{""삼기면 오룡리"": 1}",2.0,2,"{""가축 분뇨 냄새(닭, 돼지, 소)"": 1}","가축 분뇨 냄새(닭, 돼지, 소)"
익산시만,2020-08-23 20:00:00,1,1,"{""낭산면 용기리"": 1}",4.0,4,"{""기타"": 1}",기타
익산시만,2020-08-23 22:00:00,2,2,"{""황등면 황등리"": 1, ""금마면 동고도리"": 1}",4.5,5,"{""기타"": 1, ""가축 분뇨 냄새(닭, 돼지, 소)"": 1}",기타
익산시만,2020-08-24 00:00:00,4,4,"{""영등동"": 2, ""부송동"": 1, ""어양동"": 1}",4.25,5,"{""가축 분뇨 냄새(닭, 돼지, 소)"": 2, ""하수구 냄새"": 1, ""기타"": 1}","가축 분뇨 냄새(닭, 돼지, 소)"
익산시만,2020-08-24 01:00:00,6,6,"{""부송동"": 5, ""어양동"": 1}",4.333333333333333,5,"{""기타"": 4, ""가축 분뇨 냄새(닭, 돼지, 소)"": 2}",기타
익산시만,2020-08-24 02:00:00,3,3,"{""마동"": 1, ""어양동"": 1, ""동산동"": 1}",4.0,4,"{""가축 분뇨 냄새(닭, 돼지, 소)"": 2, ""기타"": 1}","가축 분뇨 냄새(닭, 돼지, 소)"
익산시만,2020-08-24 03:00:00,2,2,"{""목천동"": 1, ""동산동"": 1}",4.0,4,"{""기타"": 2}",기타
익산시만,2020-08-24 04:00:00,1,1,"{""부송동"": 1}",5.0,5,"{""가축 분뇨 냄새(닭, 돼지, 소)"": 1}","가축 분뇨 냄새(닭, 돼지, 소)"
익산시만,2020-08-24 06:00:00,7,7,"{""동산동"": 7}",4.285714285714286,5,"{""기타"": 5, ""하수구 냄새"": 1, ""가축 분뇨 냄새(닭, 돼지, 소)"": 1}",기타
익산시만,2020-08-24 07:00:00,4,4,"{""부송동"": 3, ""어양동"": 1}",4.0,5,"{""공장 냄새(화학약품, 매캐함)"": 2, ""가축 분뇨 냄새(닭, 돼지, 소)"": 2}","공장 냄새(화학약품, 매캐함)"
익산시만,2020-08-24 08:00:00,1,1,"{""동산동"": 1}",3.0,3,"{""가축 분뇨 냄새(닭, 돼지, 소)"": 1}","가축 분뇨 냄새(닭, 돼지, 소)"
익산시만,2020-08-24 20:00:00,1,1,"{""영등동"": 1}",4.0,4,"{""가축 분뇨 냄새(닭, 돼지, 소)"": 1}","가축 분뇨 냄새(닭, 돼지, 소)"
익산시만,2020-08-25 00:00:00,5,5,"{""영등동"": 1, ""어양동"": 1, ""부송동"": 1, ""목천동"": 1, ""팔봉동"": 1}",3.6,4,"{""가축 분뇨 냄새(닭, 돼지, 소)"": 4, ""기타"": 1}","가축 분뇨 냄새(닭, 돼지, 소)"
익산시만,2020-08-25 01:00:00,13,13,"{""어양동"": 4, ""부송동"": 3, ""영등동"": 3, ""마동"": 1, ""동산동"": 1, ""신동"": 1}",4.0,5,"{""가축 분뇨 냄새(닭, 돼지, 소)"": 7, ""기타"": 5, ""하수구 냄새"": 1}","가축 분뇨 냄새(닭, 돼지, 소)"
익산시만,2020-08-25 04:00:00,1,1,"{""부송동"": 1}",3.0,3,"{""공장 냄새(화학약품, 매캐함)"": 1}","공장 냄새(화학약품, 매캐함)"
익산시만,2020-08-25 06:00:00,3,3,"{""영등동"": 2, ""동산동"": 1}",3.3333333333333335,4,"{""가축 분뇨 냄새(닭, 돼지, 소)"": 2, ""기타"": 1}","가축 분뇨 냄새(닭, 돼지, 소)"
익산시만,2020-08-25 08:00:00,1,1,"{""동산동"": 1}",3.0,3,"{""가축 분뇨 냄새(닭, 돼지, 소)"": 1}","가축 분뇨 냄새(닭, 돼지, 소)"
익산시만,2020-08-25 17:00:00,1,1,"{""부송동"": 1}",4.0,4,"{""가축 분뇨 냄새(닭, 돼지, 소)"": 1}","가축 분뇨 냄새(닭, 돼지, 소)"
익산시만,2020-08-25 18:00:00,1,1,"{""마동"": 1}",5.0,5,"{""하수구 냄새"": 1}",하수구 냄새
익산시만,2020-08-25 20:00:00,4,4,"{""모현동1가"": 2, ""동산동"": 2}",4.0,5,"{""기타"": 3, ""가축 분뇨 냄새(닭, 돼지, 소)"": 1}",기타
익산시만,2020-08-25 21:00:00,2,2,"{""동산동"": 1, ""영등동"": 1}",5.0,5,"{""기타"": 1, ""하수구 냄새"": 1}",기타
익산시만,2020-08-25 23:00:00,3,3,"{""신동"": 2, ""어양동"": 1}",3.3333333333333335,4,"{""가축 분뇨 냄새(닭, 돼지, 소)"": 2, ""기타"": 1}","가축 분뇨 냄새(닭, 돼지, 소)"
익산시만,2020-08-26 00:00:00,1,1,"{""동산동"": 1}",4.0,4,"{""음식조리 냄새"": 1}",음식조리 냄새
익산시만,2020-08-26 01:00:00,2,2,"{""동산동"": 2}",4.5,5,"{""하수구 냄새"": 1, ""가축 분뇨 냄새(닭, 돼지, 소)"": 1}",하수구 냄새
익산시만,2020-08-26 02:00:00,1,1,"{""모현동2가"": 1}",3.0,3,"{""가축 분뇨 냄새(닭, 돼지, 소)"": 1}","가축 분뇨 냄새(닭, 돼지, 소)"
익산시만,2020-08-26 08:00:00,1,1,"{""부송동"": 1}",1.0,1,"{""기타"": 1}",기타
익산시만,2020-08-26 10:00:00,1,1,"{""영등동"": 1}",0.0,0,"{""해당사항없음"": 1}",해당사항없음
익산시만,2020-08-26 11:00:00,2,2,"{""신흥동"": 2}",0.0,0,"{""해당사항없음"": 2}",해당사항없음
익산시만,2020-08-26 13:00:00,1,1,"{""부송동"": 1}",3.0,3,"{""공장 냄새(화학약품, 매캐함)"": 1}","공장 냄새(화학약품, 매캐함)"
익산시만,2020-08-26 15:00:00,2,2,"{""영등동"": 1, ""부송동"": 1}",3.5,4,"{""기타"": 1, ""가축 분뇨 냄새(닭, 돼지, 소)"": 1}",기타
익산시만,2020-08-26 17:00:00,1,1,"{""어양동"": 1}",3.0,3,"{""기타"": 1}",기타
익산시만,2020-08-26 19:00:00,1,1,"{""영등동"": 1}",3.0,3,"{""가축 분뇨 냄새(닭, 돼지, 소)"": 1}","가축 분뇨 냄새(닭, 돼지, 소)"
익산시만,2020-08-26 21:00:00,2,2,"{""부송동"": 2}",3.5,4,"{""하수구 냄새"": 1, ""기타"": 1}",하수구 냄새
익산시만,2020-08-26 22:00:00,2,2,"{""부송동"": 1, ""영등동"": 1}",3.5,4,"{""기타"": 2}",기타
익산시만,2020-08-27 07:00:00,1,1,"{""용제동"": 1}",2.0,2,"{""가축 분뇨 냄새(닭, 돼지, 소)"": 1}","가축 분뇨 냄새(닭, 돼지, 소)"
익산시만,2020-08-27 17:00:00,2,2,"{""금강동"": 1, ""영등동"": 1}",4.0,5,"{""기타"": 2}",기타
익산시만,2020-08-27 18:00:00,4,4,"{""영등동"": 2, ""황등면 황등리"": 1, ""금마면 동고도리"": 1}",3.5,5,"{""기타"": 3, ""가축 분뇨 냄새(닭, 돼지, 소)"": 1}",기타
익산시만,2020-08-27 19:00:00,3,3,"{""영등동"": 3}",4.0,4,"{""가축 분뇨 냄새(닭, 돼지, 소)"": 3}","가축 분뇨 냄새(닭, 돼지, 소)"
익산시만,2020-08-27 22:00:00,2,2,"{""동산동"": 1, ""주현동"": 1}",3.5,4,"{""가축 분뇨 냄새(닭, 돼지, 소)"": 2}","가축 분뇨 냄새(닭, 돼지, 소)"
익산시만,2020-08-27 23:00:00,5,5,"{""어양동"": 3, ""영등동"": 1, ""평화동"": 1}",3.2,4,"{""기타"": 3, ""가축 분뇨 냄새(닭, 돼지, 소)"": 1, ""하수구 냄새"": 1}",기타
익산시만,2020-08-28 00:00:00,1,1,"{""목천동"": 1}",4.0,4,"{""기타"": 1}",기타
익산시만,2020-08-28 02:00:00,2,2,"{""부송동"": 1, ""동산동"": 1}",3.0,4,"{""공장 냄새(화학약품, 매캐함)"": 1, ""기타"": 1}","공장 냄새(화학약품, 매캐함)"
익산시만,2020-08-28 06:00:00,1,1,"{""부송동"": 1}",4.0,4,"{""기타"": 1}",기타
익산시만,2020-08-28 08:00:00,1,1,"{""평화동"": 1}",3.0,3,"{""가축 분뇨 냄새(닭, 돼지, 소)"": 1}","가축 분뇨 냄새(닭, 돼지, 소)"
익산시만,2020-08-28 12:00:00,1,1,"{""주현동"": 1}",4.0,4,"{""가축 분뇨 냄새(닭, 돼지, 소)"": 1}","가축 분뇨 냄새(닭, 돼지, 소)"
익산시만,2020-08-28 17:00:00,11,11,"{""영등동"": 4, ""어양동"": 2, ""동산동"": 2, ""부송동"": 1, ""모현동1가"": 1, ""평화동"": 1}",3.272727272727273,5,"{""기타"": 8, ""가축 분뇨 냄새(닭, 돼지, 소)"": 2, ""하수구 냄새"": 1}",기타
익산시만,2020-08-28 23:00:00,1,1,"{""동산동"": 1}",3.0,3,"{""가축 분뇨 냄새(닭, 돼지, 소)"": 1}","가축 분뇨 냄새(닭, 돼지, 소)"
익산시만,2020-08-29 06:00:00,2,2,"{""부송동"": 2}",4.0,4,"{""공장 냄새(화학약품, 매캐함)"": 1, ""하수구 냄새"": 1}","공장 냄새(화학약품, 매캐함)"
익산시만,2020-08-29 07:00:00,1,1,"{""영등동"": 1}",1.0,1,"{""공장 냄새(화학약품, 매캐함)"": 1}","공장 냄새(화학약품, 매캐함)"
익산시만,2020-08-29 16:00:00,4,4,"{""평화동"": 1, ""어양동"": 1, ""부송동"": 1, ""동산동"": 1}",3.75,5,"{""기타"": 2, ""가축 분뇨 냄새(닭, 돼지, 소)"": 1, ""하수구 냄새"": 1}",기타
익산시만,2020-08-29 17:00:00,10,10,"{""영등동"": 2, ""평화동"": 2, ""인화동2가"": 2, ""동산동"": 1, ""모현동1가"": 1, ""송학동"": 1, ""부송동"": 1}",3.7,5,"{""가축 분뇨 냄새(닭, 돼지, 소)"": 5, ""기타"": 5}","가축 분뇨 냄새(닭, 돼지, 소)"
익산시만,2020-08-29 18:00:00,2,2,"{""용안면 동지산리"": 1, ""목천동"": 1}",4.5,5,"{""기타"": 2}",기타
익산시만,2020-08-29 21:00:00,1,1,"{""남중동"": 1}",5.0,5,"{""하수구 냄새"": 1}",하수구 냄새
익산시만,2020-08-30 01:00:00,1,1,"{""목천동"": 1}",4.0,4,"{""기타"": 1}",기타
익산시만,2020-08-30 05:00:00,4,4,"{""인화동2가"": 1, ""신동"": 1, ""동산동"": 1, ""모현동1가"": 1}",4.5,5,"{""기타"": 4}",기타
익산시만,2020-08-30 06:00:00,8,8,"{""영등동"": 6, ""어양동"": 2}",3.5,4,"{""기타"": 6, ""가축 분뇨 냄새(닭, 돼지, 소)"": 2}",기타
익산시만,2020-08-30 07:00:00,1,1,"{""목천동"": 1}",4.0,4,"{""기타"": 1}",기타
익산시만,2020-08-30 20:00:00,1,1,"{""신동"": 1}",3.0,3,"{""기타"": 1}",기타
익산시만,2020-08-30 22:00:00,1,1,"{""송학동"": 1}",3.0,3,"{""공장 냄새(화학약품, 매캐함)"": 1}","공장 냄새(화학약품, 매캐함)"
익산시만,2020-08-31 00:00:00,2,2,"{""주현동"": 1, ""팔봉동"": 1}",3.0,3,"{""기타"": 2}",기타
익산시만,2020-08-31 01:00:00,10,10,"{""영등동"": 5, ""신동"": 2, ""동산동"": 1, ""마동"": 1, ""어양동"": 1}",3.5,5,"{""가축 분뇨 냄새(닭, 돼지, 소)"": 8, ""기타"": 2}","가축 분뇨 냄새(닭, 돼지, 소)"
익산시만,2020-08-31 02:00:00,24,23,"{""어양동"": 5, ""영등동"": 5, ""부송동"": 4, ""동산동"": 2, ""신동"": 2, ""모현동1가"": 2, ""모현동2가"": 2, ""인화동2가"": 1, ""팔봉동"": 1}",4.291666666666667,5,"{""기타"": 11, ""가축 분뇨 냄새(닭, 돼지, 소)"": 10, ""하수구 냄새"": 2, ""음식조리 냄새"": 1}",기타
익산시만,2020-08-31 03:00:00,8,8,"{""어양동"": 4, ""동산동"": 2, ""모현동1가"": 1, ""영등동"": 1}",4.75,5,"{""가축 분뇨 냄새(닭, 돼지, 소)"": 7, ""기타"": 1}","가축 분뇨 냄새(닭, 돼지, 소)"
익산시만,2020-08-31 04:00:00,1,1,"{""모현동1가"": 1}",5.0,5,"{""기타"": 1}",기타
익산시만,2020-08-31 05:00:00,4,4,"{""모현동1가"": 2, ""어양동"": 1, ""영등동"": 1}",4.5,5,"{""기타"": 2, ""가축 분뇨 냄새(닭, 돼지, 소)"": 2}",기타
익산시만,2020-08-31 06:00:00,5,5,"{""부송동"": 1, ""동산동"": 1, ""모현동1가"": 1, ""신동"": 1, ""모현동2가"": 1}",3.8,5,"{""가축 분뇨 냄새(닭, 돼지, 소)"": 3, ""공장 냄새(화학약품, 매캐함)"": 1, ""하수구 냄새"": 1}","가축 분뇨 냄새(닭, 돼지, 소)"
익산시만,2020-08-31 16:00:00,2,2,"{""낭산면 용기리"": 1, ""동산동"": 1}",4.0,5,"{""기타"": 2}",기타
익산시만,2020-08-31 19:00:00,4,3,"{""어양동"": 3, ""평화동"": 1}",3.75,4,"{""가축 분뇨 냄새(닭, 돼지, 소)"": 2, ""기타"": 2}","가축 분뇨 냄새(닭, 돼지, 소)"
익산시만,2020-08-31 21:00:00,2,2,"{""부송동"": 1, ""동산동"": 1}",3.5,5,"{""가축 분뇨 냄새(닭, 돼지, 소)"": 1, ""기타"": 1}","가축 분뇨 냄새(닭, 돼지, 소)"
익산시만,2020-08-31 22:00:00,3,3,"{""부송동"": 1, ""마동"": 1, ""동산동"": 1}",3.6666666666666665,4,"{""가축 분뇨 냄새(닭, 돼지, 소)"": 2, ""하수구 냄새"": 1}","가축 분뇨 냄새(닭, 돼지, 소)"
익산시만,2020-09-01 07:00:00,1,1,"{""어양동"": 1}",2.0,2,"{""공장 냄새(화학약품, 매캐함)"": 1}","공장 냄새(화학약품, 매캐함)"
익산시만,2020-09-01 08:00:00,1,1,"{""동산동"": 1}",3.0,3,"{""기타"": 1}",기타
익산시만,2020-09-01 23:00:00,2,2,"{""동산동"": 2}",5.0,5,"{""가축 분뇨 냄새(닭, 돼지, 소)"": 2}","가축 분뇨 냄새(닭, 돼지, 소)"
익산시만,2020-09-02 22:00:00,1,1,"{""동산동"": 1}",4.0,4,"{""하수구 냄새"": 1}",하수구 냄새
익산시만,2020-09-03 17:00:00,1,1,"{""팔봉동"": 1}",4.0,4,"{""공장 냄새(화학약품, 매캐함)"": 1}","공장 냄새(화학약품, 매캐함)"
익산시만,2020-09-03 18:00:00,2,2,"{""황등면 황등리"": 1, ""팔봉동"": 1}",3.5,4,"{""기타"": 1, ""공장 냄새(화학약품, 매캐함)"": 1}",기타
익산시만,2020-09-03 19:00:00,2,2,"{""팔봉동"": 2}",3.5,4,"{""공장 냄새(화학약품, 매캐함)"": 2}","공장 냄새(화학약품, 매캐함)"
익산시만,2020-09-03 20:00:00,5,5,"{""팔봉동"": 4, ""동산동"": 1}",3.8,5,"{""공장 냄새(화학약품, 매캐함)"": 4, ""가축 분뇨 냄새(닭, 돼지, 소)"": 1}","공장 냄새(화학약품, 매캐함)"
익산시만,2020-09-03 21:00:00,17,17,"{""부송동"": 10, ""어양동"": 5, ""팔봉동"": 1, ""영등동"": 1}",4.0,5,"{""가축 분뇨 냄새(닭, 돼지, 소)"": 10, ""기타"": 5, ""하수구 냄새"": 1, ""공장 냄새(화학약품, 매캐함)"": 1}","가축 분뇨 냄새(닭, 돼지, 소)"
익산시만,2020-09-03 22:00:00,5,5,"{""어양동"": 2, ""평화동"": 1, ""팔봉동"": 1, ""부송동"": 1}",3.8,5,"{""기타"": 3, ""공장 냄새(화학약품, 매캐함)"": 1, ""가축 분뇨 냄새(닭, 돼지, 소)"": 1}",기타
익산시만,2020-09-03 23:00:00,16,16,"{""어양동"": 7, ""영등동"": 6, ""부송동"": 2, ""동산동"": 1}",3.9375,5,"{""가축 분뇨 냄새(닭, 돼지, 소)"": 8, ""기타"": 8}","가축 분뇨 냄새(닭, 돼지, 소)"
익산시만,2020-09-04 00:00:00,7,7,"{""영등동"": 3, ""어양동"": 3, ""동산동"": 1}",3.2857142857142856,4,"{""가축 분뇨 냄새(닭, 돼지, 소)"": 4, ""기타"": 2, ""하수구 냄새"": 1}","가축 분뇨 냄새(닭, 돼지, 소)"
익산시만,2020-09-04 03:00:00,1,1,"{""부송동"": 1}",4.0,4,"{""기타"": 1}",기타
익산시만,2020-09-04 09:00:00,2,2,"{""팔봉동"": 2}",4.0,4,"{""공장 냄새(화학약품, 매캐함)"": 2}","공장 냄새(화학약품, 매캐함)"
익산시만,2020-09-04 19:00:00,1,1,"{""삼기면 오룡리"": 1}",3.0,3,"{""기타"": 1}",기타
익산시만,2020-09-04 21:00:00,8,8,"{""부송동"": 4, ""어양동"": 2, ""마동"": 1, ""동산동"": 1}",3.375,5,"{""공장 냄새(화학약품, 매캐함)"": 5, ""기타"": 2, ""가축 분뇨 냄새(닭, 돼지, 소)"": 1}","공장 냄새(화학약품, 매캐함)"
익산시만,2020-09-04 22:00:00,23,23,"{""부송동"": 10, ""동산동"": 4, ""어양동"": 2, ""마동"": 2, ""모현동1가"": 2, ""영등동"": 2, ""신동"": 1}",3.9565217391304346,5,"{""공장 냄새(화학약품, 매캐함)"": 8, ""가축 분뇨 냄새(닭, 돼지, 소)"": 7, ""기타"": 6, ""하수구 냄새"": 2}","공장 냄새(화학약품, 매캐함)"
익산시만,2020-09-04 23:00:00,6,6,"{""부송동"": 3, ""주현동"": 1, ""팔봉동"": 1, ""어양동"": 1}",3.6666666666666665,5,"{""공장 냄새(화학약품, 매캐함)"": 3, ""기타"": 1, ""해당사항없음"": 1, ""음식조리 냄새"": 1}","공장 냄새(화학약품, 매캐함)"
익산시만,2020-09-05 00:00:00,4,4,"{""동산동"": 2, ""부송동"": 1, ""영등동"": 1}",3.75,5,"{""가축 분뇨 냄새(닭, 돼지, 소)"": 1, ""공장 냄새(화학약품, 매캐함)"": 1, ""기타"": 1, ""하수구 냄새"": 1}","가축 분뇨 냄새(닭, 돼지, 소)"
익산시만,2020-09-05 01:00:00,2,2,"{""부송동"": 1, ""동산동"": 1}",5.0,5,"{""공장 냄새(화학약품, 매캐함)"": 1, ""가축 분뇨 냄새(닭, 돼지, 소)"": 1}","공장 냄새(화학약품, 매캐함)"
익산시만,2020-09-05 03:00:00,2,2,"{""부송동"": 1, ""신동"": 1}",4.0,5,"{""공장 냄새(화학약품, 매캐함)"": 1, ""가축 분뇨 냄새(닭, 돼지, 소)"": 1}","공장 냄새(화학약품, 매캐함)"
익산시만,2020-09-05 05:00:00,1,1,"{""신동"": 1}",4.0,4,"{""기타"": 1}",기타
익산시만,2020-09-05 10:00:00,1,1,"{""부송동"": 1}",4.0,4,"{""공장 냄새(화학약품, 매캐함)"": 1}","공장 냄새(화학약품, 매캐함)"
익산시만,2020-09-05 20:00:00,1,1,"{""인화동1가"": 1}",5.0,5,"{""하수구 냄새"": 1}",하수구 냄새
익산시만,2020-09-05 23:00:00,2,2,"{""어양동"": 2}",2.0,2,"{""공장 냄새(화학약품, 매캐함)"": 2}","공장 냄새(화학약품, 매캐함)"
익산시만,2020-09-06 18:00:00,1,1,"{""부송동"": 1}",4.0,4,"{""공장 냄새(화학약품, 매캐함)"": 1}","공장 냄새(화학약품, 매캐함)"
익산시만,2020-09-06 20:00:00,1,1,"{""왕궁면 온수리"": 1}",5.0,5,"{""가축 분뇨 냄새(닭, 돼지, 소)"": 1}","가축 분뇨 냄새(닭, 돼지, 소)"
익산시만,2020-09-06 21:00:00,1,1,"{""왕궁면 온수리"": 1}",5.0,5,"{""기타"": 1}",기타
익산시만,2020-09-07 01:00:00,1,1,"{""영등동"": 1}",3.0,3,"{""공장 냄새(화학약품, 매캐함)"": 1}","공장 냄새(화학약품, 매캐함)"
익산시만,2020-09-08 07:00:00,1,1,"{""금마면 동고도리"": 1}",3.0,3,"{""가축 분뇨 냄새(닭, 돼지, 소)"": 1}","가축 분뇨 냄새(닭, 돼지, 소)"
익산시만,2020-09-08 21:00:00,2,2,"{""어양동"": 1, ""영등동"": 1}",3.5,4,"{""기타"": 1, ""공장 냄새(화학약품, 매캐함)"": 1}",기타
익산시만,2020-09-08 22:00:00,1,1,"{""부송동"": 1}",4.0,4,"{""공장 냄새(화학약품, 매캐함)"": 1}","공장 냄새(화학약품, 매캐함)"
익산시만,2020-09-08 23:00:00,1,1,"{""망성면 화산리"": 1}",5.0,5,"{""하수구 냄새"": 1}",하수구 냄새
익산시만,2020-09-09 18:00:00,2,2,"{""모현동2가"": 1, ""팔봉동"": 1}",3.5,4,"{""공장 냄새(화학약품, 매캐함)"": 2}","공장 냄새(화학약품, 매캐함)"
익산시만,2020-09-10 00:00:00,1,1,"{""팔봉동"": 1}",5.0,5,"{""공장 냄새(화학약품, 매캐함)"": 1}","공장 냄새(화학약품, 매캐함)"
익산시만,2020-09-10 03:00:00,1,1,"{""평화동"": 1}",4.0,4,"{""음식조리 냄새"": 1}",음식조리 냄새
익산시만,2020-09-10 16:00:00,1,1,"{""왕궁면 쌍제리"": 1}",4.0,4,"{""기타"": 1}",기타
익산시만,2020-09-10 18:00:00,1,1,"{""송학동"": 1}",5.0,5,"{""가축 분뇨 냄새(닭, 돼지, 소)"": 1}","가축 분뇨 냄새(닭, 돼지, 소)"
익산시만,2020-09-10 19:00:00,1,1,"{""왕궁면 온수리"": 1}",5.0,5,"{""기타"": 1}",기타
익산시만,2020-09-10 20:00:00,2,2,"{""망성면 화산리"": 2}",3.0,3,"{""가축 분뇨 냄새(닭, 돼지, 소)"": 2}","가축 분뇨 냄새(닭, 돼지, 소)"
익산시만,2020-09-10 23:00:00,1,1,"{""부송동"": 1}",3.0,3,"{""공장 냄새(화학약품, 매캐함)"": 1}","공장 냄새(화학약품, 매캐함)"
익산시만,2020-09-11 00:00:00,1,1,"{""석암동"": 1}",5.0,5,"{""가축 분뇨 냄새(닭, 돼지, 소)"": 1}","가축 분뇨 냄새(닭, 돼지, 소)"
익산시만,2020-09-11 01:00:00,2,2,"{""영등동"": 2}",4.5,5,"{""공장 냄새(화학약품, 매캐함)"": 2}","공장 냄새(화학약품, 매캐함)"
익산시만,2020-09-11 03:00:00,1,1,"{""황등면 황등리"": 1}",3.0,3,"{""가축 분뇨 냄새(닭, 돼지, 소)"": 1}","가축 분뇨 냄새(닭, 돼지, 소)"
익산시만,2020-09-11 06:00:00,1,1,"{""부송동"": 1}",3.0,3,"{""가축 분뇨 냄새(닭, 돼지, 소)"": 1}","가축 분뇨 냄새(닭, 돼지, 소)"
익산시만,2020-09-11 09:00:00,1,1,"{""왕궁면 온수리"": 1}",5.0,5,"{""기타"": 1}",기타
익산시만,2020-09-11 10:00:00,17,17,"{""어양동"": 7, ""부송동"": 3, ""영등동"": 3, ""동산동"": 2, ""용제동"": 1, ""모현동1가"": 1}",3.5294117647058822,5,"{""기타"": 9, ""가축 분뇨 냄새(닭, 돼지, 소)"": 8}",기타
익산시만,2020-09-11 12:00:00,1,1,"{""어양동"": 1}",3.0,3,"{""가축 분뇨 냄새(닭, 돼지, 소)"": 1}","가축 분뇨 냄새(닭, 돼지, 소)"
익산시만,2020-09-11 18:00:00,1,1,"{""영등동"": 1}",4.0,4,"{""하수구 냄새"": 1}",하수구 냄새
익산시만,2020-09-12 21:00:00,1,1,"{""어양동"": 1}",3.0,3,"{""가축 분뇨 냄새(닭, 돼지, 소)"": 1}","가축 분뇨 냄새(닭, 돼지, 소)"
익산시만,2020-09-12 22:00:00,2,2,"{""석암동"": 2}",3.5,4,"{""공장 냄새(화학약품, 매캐함)"": 2}","공장 냄새(화학약품, 매캐함)"
익산시만,2020-09-13 20:00:00,1,1,"{""평화동"": 1}",4.0,4,"{""가축 분뇨 냄새(닭, 돼지, 소)"": 1}","가축 분뇨 냄새(닭, 돼지, 소)"
익산시만,2020-09-13 21:00:00,2,2,"{""평화동"": 1, ""부송동"": 1}",2.5,3,"{""가축 분뇨 냄새(닭, 돼지, 소)"": 1, ""공장 냄새(화학약품, 매캐함)"": 1}","가축 분뇨 냄새(닭, 돼지, 소)"
익산시만,2020-09-13 22:00:00,1,1,"{""평화동"": 1}",3.0,3,"{""음식조리 냄새"": 1}",음식조리 냄새
익산시만,2020-09-14 00:00:00,7,7,"{""부송동"": 5, ""어양동"": 2}",3.857142857142857,5,"{""기타"": 4, ""가축 분뇨 냄새(닭, 돼지, 소)"": 3}",기타
익산시만,2020-09-14 01:00:00,3,3,"{""어양동"": 1, ""인화동2가"": 1, ""부송동"": 1}",4.333333333333333,5,"{""기타"": 2, ""공장 냄새(화학약품, 매캐함)"": 1}",기타
익산시만,2020-09-14 05:00:00,2,2,"{""모현동2가"": 1, ""황등면 황등리"": 1}",4.0,4,"{""공장 냄새(화학약품, 매캐함)"": 1, ""가축 분뇨 냄새(닭, 돼지, 소)"": 1}","공장 냄새(화학약품, 매캐함)"
익산시만,2020-09-14 08:00:00,1,1,"{""팔봉동"": 1}",3.0,3,"{""가축 분뇨 냄새(닭, 돼지, 소)"": 1}","가축 분뇨 냄새(닭, 돼지, 소)"
익산시만,2020-09-14 09:00:00,1,1,"{""평화동"": 1}",3.0,3,"{""기타"": 1}",기타
익산시만,2020-09-14 20:00:00,1,1,"{""낭산면 석천리"": 1}",5.0,5,"{""가축 분뇨 냄새(닭, 돼지, 소)"": 1}","가축 분뇨 냄새(닭, 돼지, 소)"
익산시만,2020-09-14 21:00:00,2,2,"{""평화동"": 2}",3.5,4,"{""기타"": 1, ""음식조리 냄새"": 1}",기타
익산시만,2020-09-14 22:00:00,2,2,"{""부송동"": 2}",4.0,5,"{""공장 냄새(화학약품, 매캐함)"": 2}","공장 냄새(화학약품, 매캐함)"
익산시만,2020-09-14 23:00:00,4,4,"{""어양동"": 3, ""평화동"": 1}",4.75,5,"{""공장 냄새(화학약품, 매캐함)"": 3, ""가축 분뇨 냄새(닭, 돼지, 소)"": 1}","공장 냄새(화학약품, 매캐함)"
익산시만,2020-09-15 00:00:00,6,6,"{""어양동"": 4, ""마동"": 1, ""부송동"": 1}",4.0,5,"{""공장 냄새(화학약품, 매캐함)"": 4, ""가축 분뇨 냄새(닭, 돼지, 소)"": 2}","공장 냄새(화학약품, 매캐함)"
익산시만,2020-09-15 01:00:00,3,3,"{""영등동"": 1, ""어양동"": 1, ""모현동1가"": 1}",3.6666666666666665,4,"{""공장 냄새(화학약품, 매캐함)"": 2, ""기타"": 1}","공장 냄새(화학약품, 매캐함)"
익산시만,2020-09-15 02:00:00,2,2,"{""모현동1가"": 1, ""황등면 황등리"": 1}",5.0,5,"{""가축 분뇨 냄새(닭, 돼지, 소)"": 1, ""기타"": 1}","가축 분뇨 냄새(닭, 돼지, 소)"
익산시만,2020-09-15 06:00:00,1,1,"{""부송동"": 1}",4.0,4,"{""가축 분뇨 냄새(닭, 돼지, 소)"": 1}","가축 분뇨 냄새(닭, 돼지, 소)"
익산시만,2020-09-15 07:00:00,6,4,"{""부송동"": 4, ""신동"": 1, ""어양동"": 1}",4.166666666666667,5,"{""기타"": 3, ""공장 냄새(화학약품, 매캐함)"": 2, ""가축 분뇨 냄새(닭, 돼지, 소)"": 1}",기타
익산시만,2020-09-15 08:00:00,2,2,"{""어양동"": 1, ""평화동"": 1}",3.0,3,"{""공장 냄새(화학약품, 매캐함)"": 2}","공장 냄새(화학약품, 매캐함)"
익산시만,2020-09-15 10:00:00,1,1,"{""동산동"": 1}",3.0,3,"{""가축 분뇨 냄새(닭, 돼지, 소)"": 1}","가축 분뇨 냄새(닭, 돼지, 소)"
익산시만,2020-09-15 20:00:00,7,7,"{""평화동"": 4, ""황등면 황등리"": 2, ""낭산면 석천리"": 1}",3.857142857142857,5,"{""기타"": 4, ""가축 분뇨 냄새(닭, 돼지, 소)"": 3}",기타
익산시만,2020-09-15 21:00:00,1,1,"{""모현동1가"": 1}",3.0,3,"{""기타"": 1}",기타
익산시만,2020-09-15 22:00:00,2,2,"{""평화동"": 1, ""부송동"": 1}",3.5,4,"{""가축 분뇨 냄새(닭, 돼지, 소)"": 1, ""공장 냄새(화학약품, 매캐함)"": 1}","가축 분뇨 냄새(닭, 돼지, 소)"
익산시만,2020-09-16 01:00:00,1,1,"{""영등동"": 1}",3.0,3,"{""공장 냄새(화학약품, 매캐함)"": 1}","공장 냄새(화학약품, 매캐함)"
익산시만,2020-09-16 05:00:00,1,1,"{""부송동"": 1}",5.0,5,"{""공장 냄새(화학약품, 매캐함)"": 1}","공장 냄새(화학약품, 매캐함)"
익산시만,2020-09-16 09:00:00,1,1,"{""영등동"": 1}",4.0,4,"{""가축 분뇨 냄새(닭, 돼지, 소)"": 1}","가축 분뇨 냄새(닭, 돼지, 소)"
익산시만,2020-09-16 12:00:00,1,1,"{""현영동"": 1}",4.0,4,"{""가축 분뇨 냄새(닭, 돼지, 소)"": 1}","가축 분뇨 냄새(닭, 돼지, 소)"
익산시만,2020-09-16 14:00:00,1,1,"{""모현동2가"": 1}",2.0,2,"{""공장 냄새(화학약품, 매캐함)"": 1}","공장 냄새(화학약품, 매캐함)"
익산시만,2020-09-16 20:00:00,1,1,"{""평화동"": 1}",4.0,4,"{""기타"": 1}",기타
익산시만,2020-09-16 23:00:00,1,1,"{""인화동1가"": 1}",3.0,3,"{""공장 냄새(화학약품, 매캐함)"": 1}","공장 냄새(화학약품, 매캐함)"
익산시만,2020-09-17 04:00:00,1,1,"{""평화동"": 1}",4.0,4,"{""가축 분뇨 냄새(닭, 돼지, 소)"": 1}","가축 분뇨 냄새(닭, 돼지, 소)"
익산시만,2020-09-17 07:00:00,1,1,"{""평화동"": 1}",3.0,3,"{""가축 분뇨 냄새(닭, 돼지, 소)"": 1}","가축 분뇨 냄새(닭, 돼지, 소)"
익산시만,2020-09-17 08:00:00,11,11,"{""영등동"": 5, ""부송동"": 3, ""평화동"": 1, ""어양동"": 1, ""인화동2가"": 1}",3.909090909090909,5,"{""기타"": 7, ""가축 분뇨 냄새(닭, 돼지, 소)"": 4}",기타
익산시만,2020-09-17 09:00:00,3,3,"{""신동"": 2, ""모현동1가"": 1}",3.0,3,"{""가축 분뇨 냄새(닭, 돼지, 소)"": 1, ""하수구 냄새"": 1, ""기타"": 1}","가축 분뇨 냄새(닭, 돼지, 소)"
익산시만,2020-09-17 19:00:00,2,2,"{""평화동"": 1, ""용안면 동지산리"": 1}",4.0,4,"{""음식조리 냄새"": 1, ""기타"": 1}",음식조리 냄새
익산시만,2020-09-17 21:00:00,1,1,"{""부송동"": 1}",4.0,4,"{""하수구 냄새"": 1}",하수구 냄새
익산시만,2020-09-18 02:00:00,1,1,"{""평화동"": 1}",4.0,4,"{""가축 분뇨 냄새(닭, 돼지, 소)"": 1}","가축 분뇨 냄새(닭, 돼지, 소)"
익산시만,2020-09-18 16:00:00,1,1,"{""용안면 동지산리"": 1}",4.0,4,"{""기타"": 1}",기타
익산시만,2020-09-18 20:00:00,2,2,"{""현영동"": 1, ""평화동"": 1}",4.0,4,"{""하수구 냄새"": 1, ""기타"": 1}",하수구 냄새
익산시만,2020-09-18 21:00:00,35,34,"{""영등동"": 10, ""어양동"": 10, ""팔봉동"": 5, ""부송동"": 5, ""신동"": 3, ""동산동"": 1, ""마동"": 1}",3.857142857142857,5,"{""기타"": 21, ""가축 분뇨 냄새(닭, 돼지, 소)"": 10, ""하수구 냄새"": 4}",기타
익산시만,2020-09-18 22:00:00,13,13,"{""부송동"": 8, ""영등동"": 2, ""어양동"": 1, ""동산동"": 1, ""마동"": 1}",4.230769230769231,5,"{""공장 냄새(화학약품, 매캐함)"": 6, ""하수구 냄새"": 3, ""가축 분뇨 냄새(닭, 돼지, 소)"": 3, ""기타"": 1}","공장 냄새(화학약품, 매캐함)"
익산시만,2020-09-19 00:00:00,2,2,"{""어양동"": 1, ""부송동"": 1}",4.0,5,"{""기타"": 1, ""하수구 냄새"": 1}",기타
익산시만,2020-09-19 02:00:00,2,2,"{""어양동"": 1, ""부송동"": 1}",5.0,5,"{""공장 냄새(화학약품, 매캐함)"": 1, ""가축 분뇨 냄새(닭, 돼지, 소)"": 1}","공장 냄새(화학약품, 매캐함)"
익산시만,2020-09-19 06:00:00,1,1,"{""부송동"": 1}",3.0,3,"{""공장 냄새(화학약품, 매캐함)"": 1}","공장 냄새(화학약품, 매캐함)"
익산시만,2020-09-19 08:00:00,1,1,"{""평화동"": 1}",3.0,3,"{""하수구 냄새"": 1}",하수구 냄새
익산시만,2020-09-19 17:00:00,1,1,"{""동산동"": 1}",3.0,3,"{""기타"": 1}",기타
익산시만,2020-09-19 20:00:00,1,1,"{""평화동"": 1}",3.0,3,"{""기타"": 1}",기타
익산시만,2020-09-19 21:00:00,2,2,"{""어양동"": 2}",4.0,5,"{""공장 냄새(화학약품, 매캐함)"": 2}","공장 냄새(화학약품, 매캐함)"
익산시만,2020-09-19 22:00:00,11,11,"{""어양동"": 4, ""부송동"": 4, ""영등동"": 3}",3.909090909090909,5,"{""공장 냄새(화학약품, 매캐함)"": 7, ""기타"": 3, ""음식조리 냄새"": 1}","공장 냄새(화학약품, 매캐함)"
익산시만,2020-09-19 23:00:00,9,9,"{""영등동"": 2, ""부송동"": 2, ""마동"": 1, ""팔봉동"": 1, ""어양동"": 1, ""동산동"": 1, ""인화동2가"": 1}",4.0,5,"{""가축 분뇨 냄새(닭, 돼지, 소)"": 5, ""기타"": 3, ""하수구 냄새"": 1}","가축 분뇨 냄새(닭, 돼지, 소)"
익산시만,2020-09-20 00:00:00,6,6,"{""동산동"": 3, ""영등동"": 1, ""인화동2가"": 1, ""부송동"": 1}",3.6666666666666665,4,"{""기타"": 3, ""음식조리 냄새"": 1, ""가축 분뇨 냄새(닭, 돼지, 소)"": 1, ""공장 냄새(화학약품, 매캐함)"": 1}",기타
익산시만,2020-09-20 03:00:00,1,1,"{""어양동"": 1}",5.0,5,"{""공장 냄새(화학약품, 매캐함)"": 1}","공장 냄새(화학약품, 매캐함)"
익산시만,2020-09-20 04:00:00,2,2,"{""부송동"": 1, ""신동"": 1}",3.5,5,"{""공장 냄새(화학약품, 매캐함)"": 1, ""가축 분뇨 냄새(닭, 돼지, 소)"": 1}","공장 냄새(화학약품, 매캐함)"
익산시만,2020-09-20 21:00:00,2,2,"{""부송동"": 2}",3.0,3,"{""공장 냄새(화학약품, 매캐함)"": 2}","공장 냄새(화학약품, 매캐함)"
익산시만,2020-09-20 22:00:00,4,4,"{""평화동"": 1, ""부송동"": 1, ""팔봉동"": 1, ""어양동"": 1}",3.75,4,"{""가축 분뇨 냄새(닭, 돼지, 소)"": 2, ""공장 냄새(화학약품, 매캐함)"": 1, ""기타"": 1}","가축 분뇨 냄새(닭, 돼지, 소)"
익산시만,2020-09-20 23:00:00,2,2,"{""부송동"": 2}",4.0,4,"{""가축 분뇨 냄새(닭, 돼지, 소)"": 2}","가축 분뇨 냄새(닭, 돼지, 소)"
익산시만,2020-09-21 00:00:00,2,2,"{""영등동"": 1, ""어양동"": 1}",3.0,3,"{""기타"": 1, ""공장 냄새(화학약품, 매캐함)"": 1}",기타
익산시만,2020-09-21 01:00:00,1,1,"{""어양동"": 1}",3.0,3,"{""공장 냄새(화학약품, 매캐함)"": 1}","공장 냄새(화학약품, 매캐함)"
익산시만,2020-09-21 07:00:00,1,1,"{""평화동"": 1}",5.0,5,"{""공장 냄새(화학약품, 매캐함)"": 1}","공장 냄새(화학약품, 매캐함)"
익산시만,2020-09-21 20:00:00,1,1,"{""평화동"": 1}",4.0,4,"{""기타"": 1}",기타
익산시만,2020-09-21 21:00:00,2,2,"{""동산동"": 2}",4.0,5,"{""가축 분뇨 냄새(닭, 돼지, 소)"": 1, ""기타"": 1}","가축 분뇨 냄새(닭, 돼지, 소)"
익산시만,2020-09-21 22:00:00,10,9,"{""어양동"": 5, ""평화동"": 3, ""마동"": 1, ""부송동"": 1}",4.0,5,"{""공장 냄새(화학약품, 매캐함)"": 5, ""가축 분뇨 냄새(닭, 돼지, 소)"": 4, ""하수구 냄새"": 1}","공장 냄새(화학약품, 매캐함)"
익산시만,2020-09-21 23:00:00,3,3,"{""동산동"": 2, ""주현동"": 1}",4.666666666666667,5,"{""기타"": 1, ""하수구 냄새"": 1, ""가축 분뇨 냄새(닭, 돼지, 소)"": 1}",기타
익산시만,2020-09-22 00:00:00,1,1,"{""부송동"": 1}",4.0,4,"{""기타"": 1}",기타
익산시만,2020-09-22 11:00:00,1,1,"{""낭산면 용기리"": 1}",4.0,4,"{""기타"": 1}",기타
익산시만,2020-09-22 19:00:00,5,5,"{""부송동"": 2, ""목천동"": 1, ""영등동"": 1, ""어양동"": 1}",4.0,5,"{""공장 냄새(화학약품, 매캐함)"": 4, ""가축 분뇨 냄새(닭, 돼지, 소)"": 1}","공장 냄새(화학약품, 매캐함)"
익산시만,2020-09-22 20:00:00,2,2,"{""어양동"": 2}",3.0,3,"{""공장 냄새(화학약품, 매캐함)"": 2}","공장 냄새(화학약품, 매캐함)"
익산시만,2020-09-22 21:00:00,2,2,"{""부송동"": 1, ""어양동"": 1}",4.0,5,"{""공장 냄새(화학약품, 매캐함)"": 2}","공장 냄새(화학약품, 매캐함)"
익산시만,2020-09-22 22:00:00,2,2,"{""신동"": 1, ""모현동1가"": 1}",3.5,5,"{""가축 분뇨 냄새(닭, 돼지, 소)"": 1, ""공장 냄새(화학약품, 매캐함)"": 1}","가축 분뇨 냄새(닭, 돼지, 소)"
익산시만,2020-09-22 23:00:00,2,2,"{""평화동"": 1, ""영등동"": 1}",4.0,4,"{""가축 분뇨 냄새(닭, 돼지, 소)"": 1, ""하수구 냄새"": 1}","가축 분뇨 냄새(닭, 돼지, 소)"
익산시만,2020-09-23 06:00:00,1,1,"{""동산동"": 1}",4.0,4,"{""공장 냄새(화학약품, 매캐함)"": 1}","공장 냄새(화학약품, 매캐함)"
익산시만,2020-09-23 08:00:00,1,1,"{""팔봉동"": 1}",3.0,3,"{""공장 냄새(화학약품, 매캐함)"": 1}","공장 냄새(화학약품, 매캐함)"
익산시만,2020-09-23 14:00:00,1,1,"{""신흥동"": 1}",5.0,5,"{""공장 냄새(화학약품, 매캐함)"": 1}","공장 냄새(화학약품, 매캐함)"
익산시만,2020-09-23 18:00:00,1,1,"{""모현동1가"": 1}",3.0,3,"{""공장 냄새(화학약품, 매캐함)"": 1}","공장 냄새(화학약품, 매캐함)"
익산시만,2020-09-23 19:00:00,1,1,"{""부송동"": 1}",3.0,3,"{""공장 냄새(화학약품, 매캐함)"": 1}","공장 냄새(화학약품, 매캐함)"
익산시만,2020-09-23 22:00:00,1,1,"{""부송동"": 1}",5.0,5,"{""공장 냄새(화학약품, 매캐함)"": 1}","공장 냄새(화학약품, 매캐함)"
익산시만,2020-09-24 11:00:00,4,4,"{""팔봉동"": 3, ""석왕동"": 1}",3.25,4,"{""기타"": 2, ""가축 분뇨 냄새(닭, 돼지, 소)"": 2}",기타
익산시만,2020-09-24 17:00:00,2,2,"{""신흥동"": 1, ""평화동"": 1}",2.5,3,"{""가축 분뇨 냄새(닭, 돼지, 소)"": 2}","가축 분뇨 냄새(닭, 돼지, 소)"
익산시만,2020-09-24 18:00:00,2,2,"{""부송동"": 1, ""모현동1가"": 1}",4.0,4,"{""기타"": 1, ""공장 냄새(화학약품, 매캐함)"": 1}",기타
익산시만,2020-09-24 21:00:00,1,1,"{""부송동"": 1}",3.0,3,"{""하수구 냄새"": 1}",하수구 냄새
익산시만,2020-09-25 14:00:00,1,1,"{""낭산면 용기리"": 1}",4.0,4,"{""기타"": 1}",기타
익산시만,2020-09-25 23:00:00,1,1,"{""영등동"": 1}",3.0,3,"{""공장 냄새(화학약품, 매캐함)"": 1}","공장 냄새(화학약품, 매캐함)"
익산시만,2020-09-26 17:00:00,1,1,"{""낭산면 용기리"": 1}",4.0,4,"{""기타"": 1}",기타
익산시만,2020-09-26 19:00:00,1,1,"{""영등동"": 1}",4.0,4,"{""공장 냄새(화학약품, 매캐함)"": 1}","공장 냄새(화학약품, 매캐함)"
익산시만,2020-09-27 02:00:00,1,1,"{""동산동"": 1}",5.0,5,"{""가축 분뇨 냄새(닭, 돼지, 소)"": 1}","가축 분뇨 냄새(닭, 돼지, 소)"
익산시만,2020-09-27 19:00:00,1,1,"{""영등동"": 1}",3.0,3,"{""가축 분뇨 냄새(닭, 돼지, 소)"": 1}","가축 분뇨 냄새(닭, 돼지, 소)"
익산시만,2020-09-27 21:00:00,3,3,"{""평화동"": 1, ""동산동"": 1, ""모현동1가"": 1}",4.666666666666667,5,"{""음식조리 냄새"": 1, ""가축 분뇨 냄새(닭, 돼지, 소)"": 1, ""공장 냄새(화학약품, 매캐함)"": 1}",음식조리 냄새
익산시만,2020-09-27 22:00:00,1,1,"{""낭산면 용기리"": 1}",4.0,4,"{""가축 분뇨 냄새(닭, 돼지, 소)"": 1}","가축 분뇨 냄새(닭, 돼지, 소)"
익산시만,2020-09-27 23:00:00,3,3,"{""동산동"": 2, ""어양동"": 1}",5.0,5,"{""기타"": 2, ""가축 분뇨 냄새(닭, 돼지, 소)"": 1}",기타
익산시만,2020-09-28 01:00:00,2,2,"{""어양동"": 1, ""동산동"": 1}",5.0,5,"{""공장 냄새(화학약품, 매캐함)"": 1, ""기타"": 1}","공장 냄새(화학약품, 매캐함)"
익산시만,2020-09-28 19:00:00,2,2,"{""부송동"": 1, ""평화동"": 1}",3.0,4,"{""공장 냄새(화학약품, 매캐함)"": 1, ""기타"": 1}","공장 냄새(화학약품, 매캐함)"
익산시만,2020-09-28 21:00:00,1,1,"{""낭산면 용기리"": 1}",4.0,4,"{""기타"": 1}",기타
익산시만,2020-09-28 22:00:00,4,4,"{""평화동"": 2, ""어양동"": 1, ""금강동"": 1}",3.5,5,"{""하수구 냄새"": 3, ""음식조리 냄새"": 1}",하수구 냄새
익산시만,2020-09-29 00:00:00,1,1,"{""마동"": 1}",3.0,3,"{""가축 분뇨 냄새(닭, 돼지, 소)"": 1}","가축 분뇨 냄새(닭, 돼지, 소)"
익산시만,2020-09-29 01:00:00,2,2,"{""모현동1가"": 1, ""영등동"": 1}",2.0,3,"{""공장 냄새(화학약품, 매캐함)"": 1, ""가축 분뇨 냄새(닭, 돼지, 소)"": 1}","공장 냄새(화학약품, 매캐함)"
익산시만,2020-09-29 03:00:00,1,1,"{""부송동"": 1}",3.0,3,"{""공장 냄새(화학약품, 매캐함)"": 1}","공장 냄새(화학약품, 매캐함)"
익산시만,2020-09-29 05:00:00,1,1,"{""동산동"": 1}",4.0,4,"{""공장 냄새(화학약품, 매캐함)"": 1}","공장 냄새(화학약품, 매캐함)"
익산시만,2020-09-29 06:00:00,3,3,"{""동산동"": 2, ""영등동"": 1}",2.3333333333333335,3,"{""가축 분뇨 냄새(닭, 돼지, 소)"": 1, ""공장 냄새(화학약품, 매캐함)"": 1, ""기타"": 1}","가축 분뇨 냄새(닭, 돼지, 소)"
익산시만,2020-09-29 07:00:00,1,1,"{""신동"": 1}",3.0,3,"{""가축 분뇨 냄새(닭, 돼지, 소)"": 1}","가축 분뇨 냄새(닭, 돼지, 소)"
익산시만,2020-09-29 14:00:00,1,1,"{""신동"": 1}",5.0,5,"{""가축 분뇨 냄새(닭, 돼지, 소)"": 1}","가축 분뇨 냄새(닭, 돼지, 소)"
익산시만,2020-09-29 15:00:00,1,1,"{""부송동"": 1}",3.0,3,"{""공장 냄새(화학약품, 매캐함)"": 1}","공장 냄새(화학약품, 매캐함)"
익산시만,2020-09-30 03:00:00,1,1,"{""부송동"": 1}",4.0,4,"{""하수구 냄새"": 1}",하수구 냄새
익산시만,2020-09-30 09:00:00,1,1,"{""주현동"": 1}",5.0,5,"{""공장 냄새(화학약품, 매캐함)"": 1}","공장 냄새(화학약품, 매캐함)"
익산시만,2020-09-30 21:00:00,1,1,"{""평화동"": 1}",2.0,2,"{""기타"": 1}",기타
익산시만,2020-10-01 01:00:00,3,3,"{""동산동"": 2, ""인화동2가"": 1}",3.3333333333333335,4,"{""기타"": 2, ""가축 분뇨 냄새(닭, 돼지, 소)"": 1}",기타
익산시만,2020-10-01 02:00:00,3,3,"{""평화동"": 1, ""영등동"": 1, ""어양동"": 1}",3.6666666666666665,4,"{""하수구 냄새"": 1, ""가축 분뇨 냄새(닭, 돼지, 소)"": 1, ""기타"": 1}",하수구 냄새
익산시만,2020-10-01 03:00:00,1,1,"{""영등동"": 1}",4.0,4,"{""가축 분뇨 냄새(닭, 돼지, 소)"": 1}","가축 분뇨 냄새(닭, 돼지, 소)"
익산시만,2020-10-01 08:00:00,1,1,"{""금마면 서고도리"": 1}",3.0,3,"{""기타"": 1}",기타
익산시만,2020-10-01 09:00:00,4,4,"{""부송동"": 4}",3.75,4,"{""공장 냄새(화학약품, 매캐함)"": 2, ""가축 분뇨 냄새(닭, 돼지, 소)"": 1, ""기타"": 1}","공장 냄새(화학약품, 매캐함)"
익산시만,2020-10-01 10:00:00,1,1,"{""금마면 동고도리"": 1}",4.0,4,"{""가축 분뇨 냄새(닭, 돼지, 소)"": 1}","가축 분뇨 냄새(닭, 돼지, 소)"
익산시만,2020-10-01 15:00:00,1,1,"{""동산동"": 1}",4.0,4,"{""기타"": 1}",기타
익산시만,2020-10-01 20:00:00,5,5,"{""인화동2가"": 2, ""동산동"": 2, ""평화동"": 1}",4.6,5,"{""기타"": 4, ""하수구 냄새"": 1}",기타
익산시만,2020-10-01 21:00:00,31,29,"{""영등동"": 13, ""동산동"": 8, ""마동"": 3, ""인화동2가"": 3, ""평화동"": 2, ""함열읍 와리"": 1, ""어양동"": 1}",3.838709677419355,5,"{""기타"": 16, ""가축 분뇨 냄새(닭, 돼지, 소)"": 11, ""하수구 냄새"": 3, ""음식조리 냄새"": 1}",기타
익산시만,2020-10-01 22:00:00,7,7,"{""영등동"": 2, ""동산동"": 2, ""평화동"": 1, ""인화동1가"": 1, ""어양동"": 1}",4.285714285714286,5,"{""가축 분뇨 냄새(닭, 돼지, 소)"": 4, ""기타"": 2, ""하수구 냄새"": 1}","가축 분뇨 냄새(닭, 돼지, 소)"
익산시만,2020-10-01 23:00:00,1,1,"{""어양동"": 1}",4.0,4,"{""가축 분뇨 냄새(닭, 돼지, 소)"": 1}","가축 분뇨 냄새(닭, 돼지, 소)"
익산시만,2020-10-02 00:00:00,24,24,"{""동산동"": 10, ""어양동"": 3, ""영등동"": 2, ""인화동2가"": 2, ""평화동"": 2, ""모현동1가"": 2, ""신동"": 1, ""주현동"": 1, ""갈산동"": 1}",4.291666666666667,5,"{""가축 분뇨 냄새(닭, 돼지, 소)"": 15, ""기타"": 9}","가축 분뇨 냄새(닭, 돼지, 소)"
익산시만,2020-10-02 01:00:00,1,1,"{""평화동"": 1}",4.0,4,"{""기타"": 1}",기타
익산시만,2020-10-02 09:00:00,3,3,"{""부송동"": 2, ""어양동"": 1}",3.6666666666666665,4,"{""가축 분뇨 냄새(닭, 돼지, 소)"": 2, ""기타"": 1}","가축 분뇨 냄새(닭, 돼지, 소)"
익산시만,2020-10-02 13:00:00,1,1,"{""동산동"": 1}",4.0,4,"{""기타"": 1}",기타
익산시만,2020-10-02 19:00:00,1,1,"{""평화동"": 1}",3.0,3,"{""기타"": 1}",기타
익산시만,2020-10-02 21:00:00,6,6,"{""인화동2가"": 2, ""영등동"": 1, ""팔봉동"": 1, ""평화동"": 1, ""모현동1가"": 1}",4.0,5,"{""기타"": 3, ""가축 분뇨 냄새(닭, 돼지, 소)"": 2, ""공장 냄새(화학약품, 매캐함)"": 1}",기타
익산시만,2020-10-02 22:00:00,6,6,"{""동산동"": 2, ""신동"": 1, ""팔봉동"": 1, ""인화동2가"": 1, ""송학동"": 1}",4.166666666666667,5,"{""가축 분뇨 냄새(닭, 돼지, 소)"": 3, ""공장 냄새(화학약품, 매캐함)"": 1, ""기타"": 1, ""하수구 냄새"": 1}","가축 분뇨 냄새(닭, 돼지, 소)"
익산시만,2020-10-02 23:00:00,9,9,"{""동산동"": 2, ""모현동1가"": 2, ""평화동"": 2, ""인화동1가"": 1, ""부송동"": 1, ""어양동"": 1}",4.111111111111111,5,"{""기타"": 7, ""가축 분뇨 냄새(닭, 돼지, 소)"": 2}",기타
익산시만,2020-10-03 00:00:00,1,1,"{""갈산동"": 1}",4.0,4,"{""가축 분뇨 냄새(닭, 돼지, 소)"": 1}","가축 분뇨 냄새(닭, 돼지, 소)"
익산시만,2020-10-03 01:00:00,1,1,"{""팔봉동"": 1}",5.0,5,"{""기타"": 1}",기타
익산시만,2020-10-03 10:00:00,1,1,"{""어양동"": 1}",3.0,3,"{""가축 분뇨 냄새(닭, 돼지, 소)"": 1}","가축 분뇨 냄새(닭, 돼지, 소)"
익산시만,2020-10-03 12:00:00,1,1,"{""모현동1가"": 1}",4.0,4,"{""하수구 냄새"": 1}",하수구 냄새
익산시만,2020-10-03 20:00:00,1,1,"{""평화동"": 1}",5.0,5,"{""하수구 냄새"": 1}",하수구 냄새
익산시만,2020-10-03 21:00:00,1,1,"{""금마면 신용리"": 1}",3.0,3,"{""가축 분뇨 냄새(닭, 돼지, 소)"": 1}","가축 분뇨 냄새(닭, 돼지, 소)"
익산시만,2020-10-04 07:00:00,1,1,"{""모현동2가"": 1}",1.0,1,"{""기타"": 1}",기타
익산시만,2020-10-04 10:00:00,1,1,"{""금마면 동고도리"": 1}",4.0,4,"{""기타"": 1}",기타
익산시만,2020-10-05 08:00:00,4,4,"{""영등동"": 3, ""어양동"": 1}",3.25,4,"{""기타"": 2, ""가축 분뇨 냄새(닭, 돼지, 소)"": 1, ""공장 냄새(화학약품, 매캐함)"": 1}",기타
익산시만,2020-10-05 10:00:00,1,1,"{""평화동"": 1}",4.0,4,"{""기타"": 1}",기타
익산시만,2020-10-05 20:00:00,1,1,"{""모현동1가"": 1}",3.0,3,"{""공장 냄새(화학약품, 매캐함)"": 1}","공장 냄새(화학약품, 매캐함)"
익산시만,2020-10-06 00:00:00,3,3,"{""영등동"": 3}",3.3333333333333335,4,"{""기타"": 2, ""가축 분뇨 냄새(닭, 돼지, 소)"": 1}",기타
익산시만,2020-10-06 01:00:00,1,1,"{""마동"": 1}",3.0,3,"{""가축 분뇨 냄새(닭, 돼지, 소)"": 1}","가축 분뇨 냄새(닭, 돼지, 소)"
익산시만,2020-10-06 19:00:00,1,1,"{""동산동"": 1}",3.0,3,"{""하수구 냄새"": 1}",하수구 냄새
익산시만,2020-10-07 15:00:00,1,1,"{""낭산면 용기리"": 1}",4.0,4,"{""가축 분뇨 냄새(닭, 돼지, 소)"": 1}","가축 분뇨 냄새(닭, 돼지, 소)"
익산시만,2020-10-07 17:00:00,1,1,"{""낭산면 용기리"": 1}",5.0,5,"{""기타"": 1}",기타
익산시만,2020-10-07 18:00:00,1,1,"{""팔봉동"": 1}",2.0,2,"{""가축 분뇨 냄새(닭, 돼지, 소)"": 1}","가축 분뇨 냄새(닭, 돼지, 소)"
익산시만,2020-10-08 18:00:00,1,1,"{""낭산면 용기리"": 1}",4.0,4,"{""기타"": 1}",기타
익산시만,2020-10-08 20:00:00,1,1,"{""낭산면 용기리"": 1}",5.0,5,"{""기타"": 1}",기타
익산시만,2020-10-09 19:00:00,2,2,"{""낭산면 용기리"": 2}",5.0,5,"{""가축 분뇨 냄새(닭, 돼지, 소)"": 1, ""기타"": 1}","가축 분뇨 냄새(닭, 돼지, 소)"
익산시만,2020-10-09 20:00:00,5,5,"{""낭산면 용기리"": 4, ""어양동"": 1}",4.6,5,"{""기타"": 3, ""공장 냄새(화학약품, 매캐함)"": 1, ""가축 분뇨 냄새(닭, 돼지, 소)"": 1}",기타
익산시만,2020-10-10 18:00:00,1,1,"{""낭산면 용기리"": 1}",4.0,4,"{""기타"": 1}",기타
익산시만,2020-10-10 22:00:00,1,1,"{""금마면 동고도리"": 1}",5.0,5,"{""기타"": 1}",기타
익산시만,2020-10-11 02:00:00,1,1,"{""삼기면 오룡리"": 1}",5.0,5,"{""기타"": 1}",기타
익산시만,2020-10-11 09:00:00,1,1,"{""평화동"": 1}",4.0,4,"{""기타"": 1}",기타
익산시만,2020-10-11 10:00:00,1,1,"{""팔봉동"": 1}",4.0,4,"{""공장 냄새(화학약품, 매캐함)"": 1}","공장 냄새(화학약품, 매캐함)"
익산시만,2020-10-11 16:00:00,1,1,"{""팔봉동"": 1}",3.0,3,"{""기타"": 1}",기타
익산시만,2020-10-11 17:00:00,2,2,"{""팔봉동"": 1, ""부송동"": 1}",2.5,3,"{""기타"": 1, ""공장 냄새(화학약품, 매캐함)"": 1}",기타
익산시만,2020-10-11 22:00:00,1,1,"{""낭산면 용기리"": 1}",5.0,5,"{""기타"": 1}",기타
익산시만,2020-10-12 00:00:00,1,1,"{""낭산면 용기리"": 1}",4.0,4,"{""가축 분뇨 냄새(닭, 돼지, 소)"": 1}","가축 분뇨 냄새(닭, 돼지, 소)"
익산시만,2020-10-12 06:00:00,1,1,"{""부송동"": 1}",5.0,5,"{""공장 냄새(화학약품, 매캐함)"": 1}","공장 냄새(화학약품, 매캐함)"
익산시만,2020-10-12 07:00:00,3,3,"{""인화동2가"": 1, ""부송동"": 1, ""어양동"": 1}",3.6666666666666665,4,"{""가축 분뇨 냄새(닭, 돼지, 소)"": 1, ""공장 냄새(화학약품, 매캐함)"": 1, ""기타"": 1}","가축 분뇨 냄새(닭, 돼지, 소)"
익산시만,2020-10-12 08:00:00,1,1,"{""팔봉동"": 1}",3.0,3,"{""가축 분뇨 냄새(닭, 돼지, 소)"": 1}","가축 분뇨 냄새(닭, 돼지, 소)"
익산시만,2020-10-12 15:00:00,1,1,"{""팔봉동"": 1}",3.0,3,"{""공장 냄새(화학약품, 매캐함)"": 1}","공장 냄새(화학약품, 매캐함)"
익산시만,2020-10-12 20:00:00,1,1,"{""어양동"": 1}",5.0,5,"{""가축 분뇨 냄새(닭, 돼지, 소)"": 1}","가축 분뇨 냄새(닭, 돼지, 소)"
익산시만,2020-10-13 06:00:00,3,3,"{""부송동"": 2, ""동산동"": 1}",3.3333333333333335,4,"{""공장 냄새(화학약품, 매캐함)"": 1, ""하수구 냄새"": 1, ""기타"": 1}","공장 냄새(화학약품, 매캐함)"
익산시만,2020-10-13 07:00:00,1,1,"{""마동"": 1}",5.0,5,"{""가축 분뇨 냄새(닭, 돼지, 소)"": 1}","가축 분뇨 냄새(닭, 돼지, 소)"
익산시만,2020-10-13 08:00:00,1,1,"{""부송동"": 1}",4.0,4,"{""공장 냄새(화학약품, 매캐함)"": 1}","공장 냄새(화학약품, 매캐함)"
익산시만,2020-10-13 09:00:00,1,1,"{""동산동"": 1}",3.0,3,"{""가축 분뇨 냄새(닭, 돼지, 소)"": 1}","가축 분뇨 냄새(닭, 돼지, 소)"
익산시만,2020-10-13 19:00:00,1,1,"{""삼기면 오룡리"": 1}",4.0,4,"{""기타"": 1}",기타
익산시만,2020-10-13 22:00:00,1,1,"{""부송동"": 1}",4.0,4,"{""하수구 냄새"": 1}",하수구 냄새
익산시만,2020-10-13 23:00:00,6,6,"{""동산동"": 4, ""인화동2가"": 2}",4.5,5,"{""기타"": 6}",기타
익산시만,2020-10-14 00:00:00,1,1,"{""동산동"": 1}",3.0,3,"{""가축 분뇨 냄새(닭, 돼지, 소)"": 1}","가축 분뇨 냄새(닭, 돼지, 소)"
익산시만,2020-10-14 01:00:00,1,1,"{""어양동"": 1}",4.0,4,"{""가축 분뇨 냄새(닭, 돼지, 소)"": 1}","가축 분뇨 냄새(닭, 돼지, 소)"
익산시만,2020-10-14 15:00:00,1,1,"{""마동"": 1}",5.0,5,"{""하수구 냄새"": 1}",하수구 냄새
익산시만,2020-10-16 13:00:00,1,1,"{""부송동"": 1}",3.0,3,"{""공장 냄새(화학약품, 매캐함)"": 1}","공장 냄새(화학약품, 매캐함)"
익산시만,2020-10-16 21:00:00,3,3,"{""부송동"": 2, ""어양동"": 1}",4.666666666666667,5,"{""기타"": 2, ""공장 냄새(화학약품, 매캐함)"": 1}",기타
익산시만,2020-10-16 22:00:00,1,1,"{""모현동1가"": 1}",4.0,4,"{""가축 분뇨 냄새(닭, 돼지, 소)"": 1}","가축 분뇨 냄새(닭, 돼지, 소)"
익산시만,2020-10-16 23:00:00,1,1,"{""동산동"": 1}",4.0,4,"{""가축 분뇨 냄새(닭, 돼지, 소)"": 1}","가축 분뇨 냄새(닭, 돼지, 소)"
익산시만,2020-10-17 00:00:00,3,3,"{""마동"": 1, ""인화동2가"": 1, ""동산동"": 1}",4.666666666666667,5,"{""가축 분뇨 냄새(닭, 돼지, 소)"": 2, ""기타"": 1}","가축 분뇨 냄새(닭, 돼지, 소)"
익산시만,2020-10-17 08:00:00,1,1,"{""평화동"": 1}",4.0,4,"{""하수구 냄새"": 1}",하수구 냄새
익산시만,2020-10-17 11:00:00,1,1,"{""영등동"": 1}",4.0,4,"{""공장 냄새(화학약품, 매캐함)"": 1}","공장 냄새(화학약품, 매캐함)"
익산시만,2020-10-17 20:00:00,1,1,"{""왕궁면 온수리"": 1}",5.0,5,"{""하수구 냄새"": 1}",하수구 냄새
익산시만,2020-10-19 08:00:00,1,1,"{""평화동"": 1}",5.0,5,"{""기타"": 1}",기타
익산시만,2020-10-19 21:00:00,1,1,"{""평화동"": 1}",4.0,4,"{""기타"": 1}",기타
익산시만,2020-10-19 22:00:00,1,1,"{""부송동"": 1}",3.0,3,"{""공장 냄새(화학약품, 매캐함)"": 1}","공장 냄새(화학약품, 매캐함)"
익산시만,2020-10-19 23:00:00,2,2,"{""부송동"": 2}",5.0,5,"{""공장 냄새(화학약품, 매캐함)"": 2}","공장 냄새(화학약품, 매캐함)"
익산시만,2020-10-20 04:00:00,1,1,"{""평화동"": 1}",4.0,4,"{""음식조리 냄새"": 1}",음식조리 냄새
익산시만,2020-10-20 21:00:00,2,2,"{""부송동"": 1, ""어양동"": 1}",5.0,5,"{""가축 분뇨 냄새(닭, 돼지, 소)"": 1, ""기타"": 1}","가축 분뇨 냄새(닭, 돼지, 소)"
익산시만,2020-10-20 22:00:00,1,1,"{""영등동"": 1}",4.0,4,"{""가축 분뇨 냄새(닭, 돼지, 소)"": 1}","가축 분뇨 냄새(닭, 돼지, 소)"
익산시만,2020-10-21 16:00:00,1,1,"{""부송동"": 1}",5.0,5,"{""가축 분뇨 냄새(닭, 돼지, 소)"": 1}","가축 분뇨 냄새(닭, 돼지, 소)"
익산시만,2020-10-21 17:00:00,1,1,"{""신동"": 1}",5.0,5,"{""가축 분뇨 냄새(닭, 돼지, 소)"": 1}","가축 분뇨 냄새(닭, 돼지, 소)"
익산시만,2020-10-22 01:00:00,1,1,"{""어양동"": 1}",2.0,2,"{""가축 분뇨 냄새(닭, 돼지, 소)"": 1}","가축 분뇨 냄새(닭, 돼지, 소)"
익산시만,2020-10-22 04:00:00,1,1,"{""신흥동"": 1}",3.0,3,"{""기타"": 1}",기타
익산시만,2020-10-22 07:00:00,1,1,"{""부송동"": 1}",4.0,4,"{""공장 냄새(화학약품, 매캐함)"": 1}","공장 냄새(화학약품, 매캐함)"
익산시만,2020-10-22 11:00:00,1,1,"{""팔봉동"": 1}",3.0,3,"{""공장 냄새(화학약품, 매캐함)"": 1}","공장 냄새(화학약품, 매캐함)"
익산시만,2020-10-24 21:00:00,7,7,"{""부송동"": 6, ""어양동"": 1}",4.857142857142857,5,"{""공장 냄새(화학약품, 매캐함)"": 4, ""가축 분뇨 냄새(닭, 돼지, 소)"": 1, ""음식조리 냄새"": 1, ""기타"": 1}","공장 냄새(화학약품, 매캐함)"
익산시만,2020-10-24 22:00:00,1,1,"{""동산동"": 1}",4.0,4,"{""기타"": 1}",기타
익산시만,2020-10-24 23:00:00,3,3,"{""어양동"": 1, ""부송동"": 1, ""마동"": 1}",5.0,5,"{""가축 분뇨 냄새(닭, 돼지, 소)"": 1, ""공장 냄새(화학약품, 매캐함)"": 1, ""기타"": 1}","가축 분뇨 냄새(닭, 돼지, 소)"
익산시만,2020-10-25 05:00:00,1,1,"{""평화동"": 1}",5.0,5,"{""하수구 냄새"": 1}",하수구 냄새
익산시만,2020-10-25 09:00:00,1,1,"{""부송동"": 1}",3.0,3,"{""가축 분뇨 냄새(닭, 돼지, 소)"": 1}","가축 분뇨 냄새(닭, 돼지, 소)"
익산시만,2020-10-26 01:00:00,1,1,"{""동산동"": 1}",4.0,4,"{""기타"": 1}",기타
익산시만,2020-10-26 03:00:00,1,1,"{""마동"": 1}",5.0,5,"{""기타"": 1}",기타
익산시만,2020-10-26 09:00:00,3,3,"{""부송동"": 1, ""어양동"": 1, ""동산동"": 1}",4.333333333333333,5,"{""공장 냄새(화학약품, 매캐함)"": 2, ""음식조리 냄새"": 1}","공장 냄새(화학약품, 매캐함)"
익산시만,2020-10-27 00:00:00,1,1,"{""동산동"": 1}",3.0,3,"{""기타"": 1}",기타
익산시만,2020-10-27 06:00:00,1,1,"{""부송동"": 1}",3.0,3,"{""공장 냄새(화학약품, 매캐함)"": 1}","공장 냄새(화학약품, 매캐함)"
익산시만,2020-10-27 08:00:00,1,1,"{""부송동"": 1}",4.0,4,"{""공장 냄새(화학약품, 매캐함)"": 1}","공장 냄새(화학약품, 매캐함)"
익산시만,2020-10-27 09:00:00,1,1,"{""팔봉동"": 1}",3.0,3,"{""가축 분뇨 냄새(닭, 돼지, 소)"": 1}","가축 분뇨 냄새(닭, 돼지, 소)"
익산시만,2020-10-28 00:00:00,1,1,"{""팔봉동"": 1}",4.0,4,"{""가축 분뇨 냄새(닭, 돼지, 소)"": 1}","가축 분뇨 냄새(닭, 돼지, 소)"
익산시만,2020-10-28 06:00:00,1,1,"{""신동"": 1}",4.0,4,"{""기타"": 1}",기타
익산시만,2020-10-28 09:00:00,1,1,"{""신동"": 1}",5.0,5,"{""가축 분뇨 냄새(닭, 돼지, 소)"": 1}","가축 분뇨 냄새(닭, 돼지, 소)"
익산시만,2020-10-28 12:00:00,1,1,"{""영등동"": 1}",4.0,4,"{""공장 냄새(화학약품, 매캐함)"": 1}","공장 냄새(화학약품, 매캐함)"
익산시만,2020-10-28 18:00:00,1,1,"{""낭산면 용기리"": 1}",4.0,4,"{""기타"": 1}",기타
익산시만,2020-10-29 07:00:00,1,1,"{""팔봉동"": 1}",4.0,4,"{""공장 냄새(화학약품, 매캐함)"": 1}","공장 냄새(화학약품, 매캐함)"
익산시만,2020-10-29 08:00:00,1,1,"{""동산동"": 1}",4.0,4,"{""가축 분뇨 냄새(닭, 돼지, 소)"": 1}","가축 분뇨 냄새(닭, 돼지, 소)"
익산시만,2020-10-29 09:00:00,1,1,"{""평화동"": 1}",4.0,4,"{""하수구 냄새"": 1}",하수구 냄새
익산시만,2020-10-29 19:00:00,1,1,"{""낭산면 용기리"": 1}",2.0,2,"{""가축 분뇨 냄새(닭, 돼지, 소)"": 1}","가축 분뇨 냄새(닭, 돼지, 소)"
익산시만,2020-10-29 23:00:00,1,1,"{""어양동"": 1}",5.0,5,"{""기타"": 1}",기타
익산시만,2020-10-30 07:00:00,2,2,"{""동산동"": 1, ""어양동"": 1}",4.0,5,"{""하수구 냄새"": 1, ""공장 냄새(화학약품, 매캐함)"": 1}",하수구 냄새
익산시만,2020-10-30 10:00:00,1,1,"{""낭산면 용기리"": 1}",4.0,4,"{""기타"": 1}",기타
익산시만,2020-10-30 22:00:00,2,2,"{""어양동"": 2}",3.5,4,"{""가축 분뇨 냄새(닭, 돼지, 소)"": 2}","가축 분뇨 냄새(닭, 돼지, 소)"
익산시만,2020-10-31 00:00:00,1,1,"{""마동"": 1}",5.0,5,"{""가축 분뇨 냄새(닭, 돼지, 소)"": 1}","가축 분뇨 냄새(닭, 돼지, 소)"
익산시만,2020-10-31 21:00:00,1,1,"{""부송동"": 1}",4.0,4,"{""가축 분뇨 냄새(닭, 돼지, 소)"": 1}","가축 분뇨 냄새(닭, 돼지, 소)"
익산시만,2020-11-01 00:00:00,1,1,"{""영등동"": 1}",5.0,5,"{""가축 분뇨 냄새(닭, 돼지, 소)"": 1}","가축 분뇨 냄새(닭, 돼지, 소)"
익산시만,2020-11-01 22:00:00,1,1,"{""부송동"": 1}",4.0,4,"{""공장 냄새(화학약품, 매캐함)"": 1}","공장 냄새(화학약품, 매캐함)"
익산시만,2020-11-01 23:00:00,1,1,"{""어양동"": 1}",3.0,3,"{""가축 분뇨 냄새(닭, 돼지, 소)"": 1}","가축 분뇨 냄새(닭, 돼지, 소)"
익산시만,2020-11-02 15:00:00,1,1,"{""영등동"": 1}",3.0,3,"{""공장 냄새(화학약품, 매캐함)"": 1}","공장 냄새(화학약품, 매캐함)"
익산시만,2020-11-02 21:00:00,1,1,"{""부송동"": 1}",4.0,4,"{""가축 분뇨 냄새(닭, 돼지, 소)"": 1}","가축 분뇨 냄새(닭, 돼지, 소)"
익산시만,2020-11-02 22:00:00,2,2,"{""부송동"": 2}",4.0,4,"{""가축 분뇨 냄새(닭, 돼지, 소)"": 1, ""기타"": 1}","가축 분뇨 냄새(닭, 돼지, 소)"
익산시만,2020-11-03 00:00:00,1,1,"{""어양동"": 1}",4.0,4,"{""가축 분뇨 냄새(닭, 돼지, 소)"": 1}","가축 분뇨 냄새(닭, 돼지, 소)"
익산시만,2020-11-03 01:00:00,1,1,"{""신동"": 1}",3.0,3,"{""가축 분뇨 냄새(닭, 돼지, 소)"": 1}","가축 분뇨 냄새(닭, 돼지, 소)"
익산시만,2020-11-03 02:00:00,1,1,"{""신동"": 1}",2.0,2,"{""가축 분뇨 냄새(닭, 돼지, 소)"": 1}","가축 분뇨 냄새(닭, 돼지, 소)"
익산시만,2020-11-04 01:00:00,2,1,"{""마동"": 2}",5.0,5,"{""하수구 냄새"": 2}",하수구 냄새
익산시만,2020-11-04 17:00:00,1,1,"{""신동"": 1}",5.0,5,"{""가축 분뇨 냄새(닭, 돼지, 소)"": 1}","가축 분뇨 냄새(닭, 돼지, 소)"
익산시만,2020-11-04 23:00:00,2,2,"{""어양동"": 1, ""평화동"": 1}",5.0,5,"{""가축 분뇨 냄새(닭, 돼지, 소)"": 1, ""하수구 냄새"": 1}","가축 분뇨 냄새(닭, 돼지, 소)"
익산시만,2020-11-05 00:00:00,1,1,"{""어양동"": 1}",3.0,3,"{""공장 냄새(화학약품, 매캐함)"": 1}","공장 냄새(화학약품, 매캐함)"
익산시만,2020-11-05 21:00:00,2,2,"{""영등동"": 1, ""부송동"": 1}",3.0,3,"{""공장 냄새(화학약품, 매캐함)"": 2}","공장 냄새(화학약품, 매캐함)"
익산시만,2020-11-06 08:00:00,2,2,"{""남중동"": 1, ""팔봉동"": 1}",2.0,3,"{""공장 냄새(화학약품, 매캐함)"": 2}","공장 냄새(화학약품, 매캐함)"
익산시만,2020-11-08 01:00:00,1,1,"{""동산동"": 1}",4.0,4,"{""가축 분뇨 냄새(닭, 돼지, 소)"": 1}","가축 분뇨 냄새(닭, 돼지, 소)"
익산시만,2020-11-11 00:00:00,2,2,"{""어양동"": 1, ""동산동"": 1}",4.5,5,"{""공장 냄새(화학약품, 매캐함)"": 1, ""기타"": 1}","공장 냄새(화학약품, 매캐함)"
익산시만,2020-11-11 08:00:00,2,2,"{""용동면 용성리"": 2}",4.5,5,"{""기타"": 2}",기타
익산시만,2020-11-11 19:00:00,1,1,"{""낭산면 용기리"": 1}",5.0,5,"{""기타"": 1}",기타
익산시만,2020-11-12 19:00:00,1,1,"{""낭산면 용기리"": 1}",4.0,4,"{""기타"": 1}",기타
익산시만,2020-11-12 23:00:00,1,1,"{""동산동"": 1}",5.0,5,"{""가축 분뇨 냄새(닭, 돼지, 소)"": 1}","가축 분뇨 냄새(닭, 돼지, 소)"
익산시만,2020-11-13 14:00:00,1,1,"{""삼기면 기산리"": 1}",4.0,4,"{""하수구 냄새"": 1}",하수구 냄새
익산시만,2020-11-14 01:00:00,1,1,"{""어양동"": 1}",3.0,3,"{""가축 분뇨 냄새(닭, 돼지, 소)"": 1}","가축 분뇨 냄새(닭, 돼지, 소)"
익산시만,2020-11-14 09:00:00,1,1,"{""부송동"": 1}",5.0,5,"{""공장 냄새(화학약품, 매캐함)"": 1}","공장 냄새(화학약품, 매캐함)"
익산시만,2020-11-14 16:00:00,1,1,"{""용동면 용성리"": 1}",3.0,3,"{""기타"": 1}",기타
익산시만,2020-11-14 17:00:00,2,2,"{""팔봉동"": 1, ""영등동"": 1}",4.0,5,"{""가축 분뇨 냄새(닭, 돼지, 소)"": 1, ""공장 냄새(화학약품, 매캐함)"": 1}","가축 분뇨 냄새(닭, 돼지, 소)"
익산시만,2020-11-14 23:00:00,1,1,"{""어양동"": 1}",4.0,4,"{""공장 냄새(화학약품, 매캐함)"": 1}","공장 냄새(화학약품, 매캐함)"
익산시만,2020-11-15 10:00:00,1,1,"{""부송동"": 1}",4.0,4,"{""공장 냄새(화학약품, 매캐함)"": 1}","공장 냄새(화학약품, 매캐함)"
익산시만,2020-11-15 20:00:00,1,1,"{""왕궁면 온수리"": 1}",5.0,5,"{""가축 분뇨 냄새(닭, 돼지, 소)"": 1}","가축 분뇨 냄새(닭, 돼지, 소)"
익산시만,2020-11-15 23:00:00,1,1,"{""동산동"": 1}",4.0,4,"{""가축 분뇨 냄새(닭, 돼지, 소)"": 1}","가축 분뇨 냄새(닭, 돼지, 소)"
익산시만,2020-11-16 00:00:00,1,1,"{""영등동"": 1}",4.0,4,"{""가축 분뇨 냄새(닭, 돼지, 소)"": 1}","가축 분뇨 냄새(닭, 돼지, 소)"
익산시만,2020-11-16 07:00:00,1,1,"{""삼기면 기산리"": 1}",4.0,4,"{""하수구 냄새"": 1}",하수구 냄새
익산시만,2020-11-16 21:00:00,1,1,"{""영등동"": 1}",4.0,4,"{""공장 냄새(화학약품, 매캐함)"": 1}","공장 냄새(화학약품, 매캐함)"
익산시만,2020-11-17 11:00:00,2,2,"{""부송동"": 2}",4.0,4,"{""공장 냄새(화학약품, 매캐함)"": 2}","공장 냄새(화학약품, 매캐함)"
익산시만,2020-11-17 14:00:00,1,1,"{""낭산면 용기리"": 1}",3.0,3,"{""기타"": 1}",기타
익산시만,2020-11-18 10:00:00,1,1,"{""평화동"": 1}",5.0,5,"{""하수구 냄새"": 1}",하수구 냄새
익산시만,2020-11-19 09:00:00,1,1,"{""팔봉동"": 1}",4.0,4,"{""공장 냄새(화학약품, 매캐함)"": 1}","공장 냄새(화학약품, 매캐함)"
익산시만,2020-11-21 22:00:00,1,1,"{""어양동"": 1}",4.0,4,"{""공장 냄새(화학약품, 매캐함)"": 1}","공장 냄새(화학약품, 매캐함)"
익산시만,2020-11-22 08:00:00,1,1,"{""평화동"": 1}",3.0,3,"{""기타"": 1}",기타
익산시만,2020-11-23 21:00:00,1,1,"{""함열읍 다송리"": 1}",5.0,5,"{""가축 분뇨 냄새(닭, 돼지, 소)"": 1}","가축 분뇨 냄새(닭, 돼지, 소)"
익산시만,2020-11-25 08:00:00,2,2,"{""부송동"": 1, ""영등동"": 1}",4.5,5,"{""공장 냄새(화학약품, 매캐함)"": 1, ""가축 분뇨 냄새(닭, 돼지, 소)"": 1}","공장 냄새(화학약품, 매캐함)"
익산시만,2020-11-25 09:00:00,1,1,"{""영등동"": 1}",3.0,3,"{""공장 냄새(화학약품, 매캐함)"": 1}","공장 냄새(화학약품, 매캐함)"
익산시만,2020-11-26 22:00:00,1,1,"{""부송동"": 1}",4.0,4,"{""공장 냄새(화학약품, 매캐함)"": 1}","공장 냄새(화학약품, 매캐함)"
익산시만,2020-11-27 07:00:00,3,3,"{""팔봉동"": 2, ""용제동"": 1}",2.6666666666666665,4,"{""기타"": 2, ""가축 분뇨 냄새(닭, 돼지, 소)"": 1}",기타
익산시만,2020-11-28 14:00:00,1,1,"{""용동면 용성리"": 1}",4.0,4,"{""기타"": 1}",기타
익산시만,2020-11-28 19:00:00,1,1,"{""용동면 용성리"": 1}",5.0,5,"{""기타"": 1}",기타
익산시만,2020-11-29 16:00:00,1,1,"{""용동면 용성리"": 1}",4.0,4,"{""기타"": 1}",기타
익산시만,2020-12-01 08:00:00,1,1,"{""영등동"": 1}",4.0,4,"{""공장 냄새(화학약품, 매캐함)"": 1}","공장 냄새(화학약품, 매캐함)"
익산시만,2020-12-03 08:00:00,1,1,"{""마동"": 1}",3.0,3,"{""하수구 냄새"": 1}",하수구 냄새
익산시만,2020-12-04 09:00:00,1,1,"{""평화동"": 1}",4.0,4,"{""기타"": 1}",기타
익산시만,2020-12-04 23:00:00,1,1,"{""부송동"": 1}",4.0,4,"{""공장 냄새(화학약품, 매캐함)"": 1}","공장 냄새(화학약품, 매캐함)"
익산시만,2020-12-05 21:00:00,1,1,"{""영등동"": 1}",4.0,4,"{""하수구 냄새"": 1}",하수구 냄새
익산시만,2020-12-06 17:00:00,1,1,"{""신동"": 1}",3.0,3,"{""공장 냄새(화학약품, 매캐함)"": 1}","공장 냄새(화학약품, 매캐함)"
익산시만,2020-12-08 09:00:00,1,1,"{""신흥동"": 1}",1.0,1,"{""가축 분뇨 냄새(닭, 돼지, 소)"": 1}","가축 분뇨 냄새(닭, 돼지, 소)"
익산시만,2020-12-09 00:00:00,1,1,"{""영등동"": 1}",5.0,5,"{""공장 냄새(화학약품, 매캐함)"": 1}","공장 냄새(화학약품, 매캐함)"
익산시만,2020-12-09 06:00:00,1,1,"{""영등동"": 1}",2.0,2,"{""공장 냄새(화학약품, 매캐함)"": 1}","공장 냄새(화학약품, 매캐함)"
익산시만,2020-12-09 15:00:00,1,1,"{""낭산면 용기리"": 1}",4.0,4,"{""기타"": 1}",기타
익산시만,2020-12-10 06:00:00,2,2,"{""신동"": 1, ""영등동"": 1}",2.5,3,"{""기타"": 1, ""공장 냄새(화학약품, 매캐함)"": 1}",기타
익산시만,2020-12-10 07:00:00,3,3,"{""팔봉동"": 2, ""마동"": 1}",3.6666666666666665,5,"{""가축 분뇨 냄새(닭, 돼지, 소)"": 3}","가축 분뇨 냄새(닭, 돼지, 소)"
익산시만,2020-12-10 08:00:00,4,4,"{""동산동"": 2, ""평화동"": 1, ""어양동"": 1}",4.5,5,"{""가축 분뇨 냄새(닭, 돼지, 소)"": 2, ""기타"": 2}","가축 분뇨 냄새(닭, 돼지, 소)"
익산시만,2020-12-10 09:00:00,1,1,"{""동산동"": 1}",5.0,5,"{""기타"": 1}",기타
익산시만,2020-12-10 15:00:00,1,1,"{""영등동"": 1}",4.0,4,"{""하수구 냄새"": 1}",하수구 냄새
익산시만,2020-12-10 22:00:00,1,1,"{""영등동"": 1}",4.0,4,"{""가축 분뇨 냄새(닭, 돼지, 소)"": 1}","가축 분뇨 냄새(닭, 돼지, 소)"
익산시만,2020-12-10 23:00:00,1,1,"{""부송동"": 1}",5.0,5,"{""공장 냄새(화학약품, 매캐함)"": 1}","공장 냄새(화학약품, 매캐함)"
익산시만,2020-12-11 21:00:00,1,1,"{""영등동"": 1}",3.0,3,"{""가축 분뇨 냄새(닭, 돼지, 소)"": 1}","가축 분뇨 냄새(닭, 돼지, 소)"
익산시만,2020-12-15 19:00:00,1,1,"{""팔봉동"": 1}",3.0,3,"{""하수구 냄새"": 1}",하수구 냄새
익산시만,2020-12-17 19:00:00,1,1,"{""팔봉동"": 1}",3.0,3,"{""하수구 냄새"": 1}",하수구 냄새
익산시만,2020-12-19 20:00:00,1,1,"{""부송동"": 1}",2.0,2,"{""공장 냄새(화학약품, 매캐함)"": 1}","공장 냄새(화학약품, 매캐함)"
익산시만,2020-12-20 22:00:00,1,1,"{""영등동"": 1}",3.0,3,"{""가축 분뇨 냄새(닭, 돼지, 소)"": 1}","가축 분뇨 냄새(닭, 돼지, 소)"
익산시만,2020-12-21 00:00:00,1,1,"{""어양동"": 1}",4.0,4,"{""가축 분뇨 냄새(닭, 돼지, 소)"": 1}","가축 분뇨 냄새(닭, 돼지, 소)"
익산시만,2020-12-22 16:00:00,1,1,"{""어양동"": 1}",5.0,5,"{""가축 분뇨 냄새(닭, 돼지, 소)"": 1}","가축 분뇨 냄새(닭, 돼지, 소)"
익산시만,2020-12-22 20:00:00,1,1,"{""낭산면 용기리"": 1}",3.0,3,"{""가축 분뇨 냄새(닭, 돼지, 소)"": 1}","가축 분뇨 냄새(닭, 돼지, 소)"
익산시만,2020-12-23 19:00:00,1,1,"{""마동"": 1}",3.0,3,"{""기타"": 1}",기타
익산시만,2020-12-23 20:00:00,1,1,"{""동산동"": 1}",5.0,5,"{""가축 분뇨 냄새(닭, 돼지, 소)"": 1}","가축 분뇨 냄새(닭, 돼지, 소)"
익산시만,2020-12-24 20:00:00,2,2,"{""신동"": 2}",3.5,4,"{""가축 분뇨 냄새(닭, 돼지, 소)"": 2}","가축 분뇨 냄새(닭, 돼지, 소)"
익산시만,2020-12-25 21:00:00,1,1,"{""동산동"": 1}",4.0,4,"{""가축 분뇨 냄새(닭, 돼지, 소)"": 1}","가축 분뇨 냄새(닭, 돼지, 소)"
익산시만,2020-12-27 11:00:00,1,1,"{""부송동"": 1}",5.0,5,"{""공장 냄새(화학약품, 매캐함)"": 1}","공장 냄새(화학약품, 매캐함)"
익산시만,2020-12-27 22:00:00,1,1,"{""용동면 용성리"": 1}",4.0,4,"{""하수구 냄새"": 1}",하수구 냄새
익산시만,2020-12-28 09:00:00,2,1,"{""부송동"": 2}",5.0,5,"{""공장 냄새(화학약품, 매캐함)"": 2}","공장 냄새(화학약품, 매캐함)"
익산시만,2021-01-04 20:00:00,1,1,"{""황등면 황등리"": 1}",4.0,4,"{""기타"": 1}",기타
익산시만,2021-01-04 21:00:00,1,1,"{""동산동"": 1}",4.0,4,"{""가축 분뇨 냄새(닭, 돼지, 소)"": 1}","가축 분뇨 냄새(닭, 돼지, 소)"
익산시만,2021-01-06 07:00:00,1,1,"{""평화동"": 1}",3.0,3,"{""기타"": 1}",기타
익산시만,2021-01-08 23:00:00,2,2,"{""어양동"": 1, ""마동"": 1}",2.5,3,"{""공장 냄새(화학약품, 매캐함)"": 1, ""하수구 냄새"": 1}","공장 냄새(화학약품, 매캐함)"
익산시만,2021-01-09 00:00:00,1,1,"{""어양동"": 1}",5.0,5,"{""공장 냄새(화학약품, 매캐함)"": 1}","공장 냄새(화학약품, 매캐함)"
익산시만,2021-01-11 18:00:00,1,1,"{""부송동"": 1}",5.0,5,"{""공장 냄새(화학약품, 매캐함)"": 1}","공장 냄새(화학약품, 매캐함)"
익산시만,2021-01-13 14:00:00,1,1,"{""춘포면 쌍정리"": 1}",5.0,5,"{""공장 냄새(화학약품, 매캐함)"": 1}","공장 냄새(화학약품, 매캐함)"
익산시만,2021-01-13 16:00:00,1,1,"{""황등면 황등리"": 1}",4.0,4,"{""기타"": 1}",기타
익산시만,2021-01-14 20:00:00,2,2,"{""어양동"": 1, ""부송동"": 1}",5.0,5,"{""가축 분뇨 냄새(닭, 돼지, 소)"": 1, ""공장 냄새(화학약품, 매캐함)"": 1}","가축 분뇨 냄새(닭, 돼지, 소)"
익산시만,2021-01-14 21:00:00,1,1,"{""영등동"": 1}",5.0,5,"{""공장 냄새(화학약품, 매캐함)"": 1}","공장 냄새(화학약품, 매캐함)"
익산시만,2021-01-14 22:00:00,1,1,"{""부송동"": 1}",3.0,3,"{""공장 냄새(화학약품, 매캐함)"": 1}","공장 냄새(화학약품, 매캐함)"
익산시만,2021-01-15 10:00:00,1,1,"{""영등동"": 1}",4.0,4,"{""가축 분뇨 냄새(닭, 돼지, 소)"": 1}","가축 분뇨 냄새(닭, 돼지, 소)"
익산시만,2021-01-18 16:00:00,1,1,"{""어양동"": 1}",4.0,4,"{""가축 분뇨 냄새(닭, 돼지, 소)"": 1}","가축 분뇨 냄새(닭, 돼지, 소)"
익산시만,2021-01-20 18:00:00,1,1,"{""낭산면 용기리"": 1}",3.0,3,"{""가축 분뇨 냄새(닭, 돼지, 소)"": 1}","가축 분뇨 냄새(닭, 돼지, 소)"
익산시만,2021-01-20 20:00:00,2,2,"{""부송동"": 2}",5.0,5,"{""공장 냄새(화학약품, 매캐함)"": 2}","공장 냄새(화학약품, 매캐함)"
익산시만,2021-01-21 17:00:00,1,1,"{""부송동"": 1}",4.0,4,"{""공장 냄새(화학약품, 매캐함)"": 1}","공장 냄새(화학약품, 매캐함)"
익산시만,2021-01-22 08:00:00,1,1,"{""용동면 용성리"": 1}",5.0,5,"{""가축 분뇨 냄새(닭, 돼지, 소)"": 1}","가축 분뇨 냄새(닭, 돼지, 소)"
익산시만,2021-01-23 17:00:00,1,1,"{""낭산면 용기리"": 1}",5.0,5,"{""기타"": 1}",기타
익산시만,2021-01-24 18:00:00,1,1,"{""부송동"": 1}",3.0,3,"{""가축 분뇨 냄새(닭, 돼지, 소)"": 1}","가축 분뇨 냄새(닭, 돼지, 소)"
익산시만,2021-01-28 21:00:00,1,1,"{""팔봉동"": 1}",5.0,5,"{""공장 냄새(화학약품, 매캐함)"": 1}","공장 냄새(화학약품, 매캐함)"
익산시만,2021-01-30 22:00:00,1,1,"{""금강동"": 1}",3.0,3,"{""가축 분뇨 냄새(닭, 돼지, 소)"": 1}","가축 분뇨 냄새(닭, 돼지, 소)"
익산시만,2021-01-31 22:00:00,1,1,"{""영등동"": 1}",4.0,4,"{""공장 냄새(화학약품, 매캐함)"": 1}","공장 냄새(화학약품, 매캐함)"
익산시만,2021-02-06 02:00:00,1,1,"{""어양동"": 1}",2.0,2,"{""기타"": 1}",기타
익산시만,2021-02-06 17:00:00,1,1,"{""황등면 황등리"": 1}",4.0,4,"{""하수구 냄새"": 1}",하수구 냄새
익산시만,2021-02-07 10:00:00,2,1,"{""황등면 황등리"": 2}",3.0,3,"{""가축 분뇨 냄새(닭, 돼지, 소)"": 2}","가축 분뇨 냄새(닭, 돼지, 소)"
익산시만,2021-02-09 19:00:00,2,1,"{""황등면 황등리"": 2}",3.0,3,"{""가축 분뇨 냄새(닭, 돼지, 소)"": 2}","가축 분뇨 냄새(닭, 돼지, 소)"
익산시만,2021-02-11 19:00:00,1,1,"{""낭산면 용기리"": 1}",4.0,4,"{""가축 분뇨 냄새(닭, 돼지, 소)"": 1}","가축 분뇨 냄새(닭, 돼지, 소)"
익산시만,2021-02-11 20:00:00,1,1,"{""신동"": 1}",5.0,5,"{""공장 냄새(화학약품, 매캐함)"": 1}","공장 냄새(화학약품, 매캐함)"
익산시만,2021-02-11 21:00:00,1,1,"{""영등동"": 1}",5.0,5,"{""공장 냄새(화학약품, 매캐함)"": 1}","공장 냄새(화학약품, 매캐함)"
익산시만,2021-02-12 00:00:00,1,1,"{""부송동"": 1}",4.0,4,"{""기타"": 1}",기타
익산시만,2021-02-12 19:00:00,1,1,"{""용동면 용성리"": 1}",3.0,3,"{""기타"": 1}",기타
익산시만,2021-02-13 00:00:00,1,1,"{""부송동"": 1}",3.0,3,"{""공장 냄새(화학약품, 매캐함)"": 1}","공장 냄새(화학약품, 매캐함)"
익산시만,2021-02-13 22:00:00,2,1,"{""황등면 황등리"": 2}",3.0,3,"{""가축 분뇨 냄새(닭, 돼지, 소)"": 2}","가축 분뇨 냄새(닭, 돼지, 소)"
익산시만,2021-02-14 17:00:00,1,1,"{""모현동2가"": 1}",4.0,4,"{""공장 냄새(화학약품, 매캐함)"": 1}","공장 냄새(화학약품, 매캐함)"
익산시만,2021-02-14 21:00:00,1,1,"{""모현동1가"": 1}",3.0,3,"{""공장 냄새(화학약품, 매캐함)"": 1}","공장 냄새(화학약품, 매캐함)"
익산시만,2021-02-14 23:00:00,1,1,"{""성당면 대선리"": 1}",3.0,3,"{""기타"": 1}",기타
익산시만,2021-02-23 07:00:00,1,1,"{""동산동"": 1}",5.0,5,"{""기타"": 1}",기타
익산시만,2021-02-24 17:00:00,1,1,"{""성당면 대선리"": 1}",4.0,4,"{""기타"": 1}",기타
익산시만,2021-02-24 20:00:00,1,1,"{""영등동"": 1}",5.0,5,"{""공장 냄새(화학약품, 매캐함)"": 1}","공장 냄새(화학약품, 매캐함)"
익산시만,2021-02-26 17:00:00,1,1,"{""낭산면 용기리"": 1}",5.0,5,"{""기타"": 1}",기타
익산시만,2021-02-27 18:00:00,1,1,"{""낭산면 용기리"": 1}",3.0,3,"{""기타"": 1}",기타
익산시만,2021-02-28 02:00:00,1,1,"{""왕궁면 쌍제리"": 1}",5.0,5,"{""기타"": 1}",기타
익산시만,2021-02-28 13:00:00,1,1,"{""영등동"": 1}",4.0,4,"{""가축 분뇨 냄새(닭, 돼지, 소)"": 1}","가축 분뇨 냄새(닭, 돼지, 소)"
익산시만,2021-02-28 22:00:00,2,2,"{""부송동"": 2}",4.5,5,"{""공장 냄새(화학약품, 매캐함)"": 1, ""하수구 냄새"": 1}","공장 냄새(화학약품, 매캐함)"
익산시만,2021-03-01 10:00:00,1,1,"{""영등동"": 1}",5.0,5,"{""기타"": 1}",기타
익산시만,2021-03-02 18:00:00,1,1,"{""낭산면 용기리"": 1}",5.0,5,"{""가축 분뇨 냄새(닭, 돼지, 소)"": 1}","가축 분뇨 냄새(닭, 돼지, 소)"
익산시만,2021-03-03 08:00:00,1,1,"{""신흥동"": 1}",3.0,3,"{""하수구 냄새"": 1}",하수구 냄새
익산시만,2021-03-03 21:00:00,1,1,"{""낭산면 용기리"": 1}",4.0,4,"{""기타"": 1}",기타
익산시만,2021-03-03 22:00:00,3,3,"{""부송동"": 2, ""영등동"": 1}",3.3333333333333335,4,"{""가축 분뇨 냄새(닭, 돼지, 소)"": 1, ""기타"": 1, ""하수구 냄새"": 1}","가축 분뇨 냄새(닭, 돼지, 소)"
익산시만,2021-03-05 07:00:00,1,1,"{""부송동"": 1}",4.0,4,"{""가축 분뇨 냄새(닭, 돼지, 소)"": 1}","가축 분뇨 냄새(닭, 돼지, 소)"
익산시만,2021-03-05 08:00:00,1,1,"{""부송동"": 1}",4.0,4,"{""공장 냄새(화학약품, 매캐함)"": 1}","공장 냄새(화학약품, 매캐함)"
익산시만,2021-03-06 11:00:00,1,1,"{""용동면 용성리"": 1}",4.0,4,"{""가축 분뇨 냄새(닭, 돼지, 소)"": 1}","가축 분뇨 냄새(닭, 돼지, 소)"
익산시만,2021-03-09 06:00:00,1,1,"{""영등동"": 1}",4.0,4,"{""가축 분뇨 냄새(닭, 돼지, 소)"": 1}","가축 분뇨 냄새(닭, 돼지, 소)"
익산시만,2021-03-09 07:00:00,2,2,"{""부송동"": 1, ""영등동"": 1}",3.0,3,"{""가축 분뇨 냄새(닭, 돼지, 소)"": 1, ""기타"": 1}","가축 분뇨 냄새(닭, 돼지, 소)"
익산시만,2021-03-09 08:00:00,1,1,"{""부송동"": 1}",4.0,4,"{""가축 분뇨 냄새(닭, 돼지, 소)"": 1}","가축 분뇨 냄새(닭, 돼지, 소)"
익산시만,2021-03-09 18:00:00,1,1,"{""함열읍 석매리"": 1}",4.0,4,"{""가축 분뇨 냄새(닭, 돼지, 소)"": 1}","가축 분뇨 냄새(닭, 돼지, 소)"
익산시만,2021-03-10 06:00:00,1,1,"{""동산동"": 1}",4.0,4,"{""하수구 냄새"": 1}",하수구 냄새
익산시만,2021-03-11 06:00:00,1,1,"{""동산동"": 1}",3.0,3,"{""공장 냄새(화학약품, 매캐함)"": 1}","공장 냄새(화학약품, 매캐함)"
익산시만,2021-03-11 08:00:00,2,2,"{""인화동2가"": 1, ""동산동"": 1}",3.0,3,"{""가축 분뇨 냄새(닭, 돼지, 소)"": 1, ""음식조리 냄새"": 1}","가축 분뇨 냄새(닭, 돼지, 소)"
익산시만,2021-03-12 11:00:00,1,1,"{""왕궁면 쌍제리"": 1}",5.0,5,"{""기타"": 1}",기타
익산시만,2021-03-12 15:00:00,1,1,"{""팔봉동"": 1}",3.0,3,"{""공장 냄새(화학약품, 매캐함)"": 1}","공장 냄새(화학약품, 매캐함)"
익산시만,2021-03-13 14:00:00,1,1,"{""용동면 용성리"": 1}",3.0,3,"{""기타"": 1}",기타
익산시만,2021-03-14 01:00:00,3,3,"{""영등동"": 2, ""어양동"": 1}",4.333333333333333,5,"{""하수구 냄새"": 2, ""기타"": 1}",하수구 냄새
익산시만,2021-03-14 05:00:00,1,1,"{""모현동1가"": 1}",1.0,1,"{""기타"": 1}",기타
익산시만,2021-03-16 17:00:00,1,1,"{""팔봉동"": 1}",3.0,3,"{""공장 냄새(화학약품, 매캐함)"": 1}","공장 냄새(화학약품, 매캐함)"
익산시만,2021-03-17 02:00:00,1,1,"{""어양동"": 1}",5.0,5,"{""가축 분뇨 냄새(닭, 돼지, 소)"": 1}","가축 분뇨 냄새(닭, 돼지, 소)"
익산시만,2021-03-17 07:00:00,1,1,"{""팔봉동"": 1}",3.0,3,"{""가축 분뇨 냄새(닭, 돼지, 소)"": 1}","가축 분뇨 냄새(닭, 돼지, 소)"
익산시만,2021-03-18 06:00:00,1,1,"{""부송동"": 1}",4.0,4,"{""공장 냄새(화학약품, 매캐함)"": 1}","공장 냄새(화학약품, 매캐함)"
익산시만,2021-03-18 07:00:00,1,1,"{""동산동"": 1}",4.0,4,"{""기타"": 1}",기타
익산시만,2021-03-19 09:00:00,1,1,"{""영등동"": 1}",4.0,4,"{""공장 냄새(화학약품, 매캐함)"": 1}","공장 냄새(화학약품, 매캐함)"
익산시만,2021-03-19 19:00:00,1,1,"{""석암동"": 1}",3.0,3,"{""기타"": 1}",기타
익산시만,2021-03-19 21:00:00,1,1,"{""석암동"": 1}",3.0,3,"{""기타"": 1}",기타
익산시만,2021-03-22 22:00:00,1,1,"{""왕궁면 쌍제리"": 1}",5.0,5,"{""기타"": 1}",기타
익산시만,2021-03-24 09:00:00,1,1,"{""낭산면 용기리"": 1}",4.0,4,"{""가축 분뇨 냄새(닭, 돼지, 소)"": 1}","가축 분뇨 냄새(닭, 돼지, 소)"
익산시만,2021-03-24 15:00:00,1,1,"{""용동면 용성리"": 1}",4.0,4,"{""가축 분뇨 냄새(닭, 돼지, 소)"": 1}","가축 분뇨 냄새(닭, 돼지, 소)"
익산시만,2021-03-25 07:00:00,1,1,"{""낭산면 용기리"": 1}",5.0,5,"{""기타"": 1}",기타
익산시만,2021-03-26 17:00:00,1,1,"{""팔봉동"": 1}",3.0,3,"{""공장 냄새(화학약품, 매캐함)"": 1}","공장 냄새(화학약품, 매캐함)"
익산시만,2021-03-26 20:00:00,1,1,"{""현영동"": 1}",4.0,4,"{""하수구 냄새"": 1}",하수구 냄새
익산시만,2021-03-27 18:00:00,1,1,"{""팔봉동"": 1}",5.0,5,"{""공장 냄새(화학약품, 매캐함)"": 1}","공장 냄새(화학약품, 매캐함)"
익산시만,2021-03-29 20:00:00,1,1,"{""황등면 황등리"": 1}",4.0,4,"{""기타"": 1}",기타
익산시만,2021-03-29 23:00:00,1,1,"{""팔봉동"": 1}",4.0,4,"{""가축 분뇨 냄새(닭, 돼지, 소)"": 1}","가축 분뇨 냄새(닭, 돼지, 소)"
익산시만,2021-03-30 17:00:00,1,1,"{""인화동1가"": 1}",5.0,5,"{""공장 냄새(화학약품, 매캐함)"": 1}","공장 냄새(화학약품, 매캐함)"
익산시만,2021-04-01 18:00:00,1,1,"{""영등동"": 1}",3.0,3,"{""가축 분뇨 냄새(닭, 돼지, 소)"": 1}","가축 분뇨 냄새(닭, 돼지, 소)"
익산시만,2021-04-01 21:00:00,1,1,"{""낭산면 용기리"": 1}",5.0,5,"{""기타"": 1}",기타
익산시만,2021-04-02 15:00:00,1,1,"{""모현동2가"": 1}",5.0,5,"{""하수구 냄새"": 1}",하수구 냄새
익산시만,2021-04-02 22:00:00,5,5,"{""석암동"": 1, ""어양동"": 1, ""팔봉동"": 1, ""동산동"": 1, ""인화동2가"": 1}",3.6,5,"{""가축 분뇨 냄새(닭, 돼지, 소)"": 3, ""공장 냄새(화학약품, 매캐함)"": 1, ""기타"": 1}","가축 분뇨 냄새(닭, 돼지, 소)"
익산시만,2021-04-02 23:00:00,3,3,"{""부송동"": 3}",3.6666666666666665,4,"{""가축 분뇨 냄새(닭, 돼지, 소)"": 2, ""하수구 냄새"": 1}","가축 분뇨 냄새(닭, 돼지, 소)"
익산시만,2021-04-03 11:00:00,1,1,"{""동산동"": 1}",3.0,3,"{""가축 분뇨 냄새(닭, 돼지, 소)"": 1}","가축 분뇨 냄새(닭, 돼지, 소)"
익산시만,2021-04-05 20:00:00,1,1,"{""낭산면 용기리"": 1}",4.0,4,"{""기타"": 1}",기타
익산시만,2021-04-06 02:00:00,1,1,"{""어양동"": 1}",3.0,3,"{""기타"": 1}",기타
익산시만,2021-04-06 07:00:00,3,3,"{""영등동"": 1, ""평화동"": 1, ""석암동"": 1}",4.333333333333333,5,"{""가축 분뇨 냄새(닭, 돼지, 소)"": 2, ""기타"": 1}","가축 분뇨 냄새(닭, 돼지, 소)"
익산시만,2021-04-06 08:00:00,1,1,"{""신흥동"": 1}",5.0,5,"{""가축 분뇨 냄새(닭, 돼지, 소)"": 1}","가축 분뇨 냄새(닭, 돼지, 소)"
익산시만,2021-04-07 06:00:00,1,1,"{""영등동"": 1}",2.0,2,"{""공장 냄새(화학약품, 매캐함)"": 1}","공장 냄새(화학약품, 매캐함)"
익산시만,2021-04-08 07:00:00,1,1,"{""영등동"": 1}",2.0,2,"{""기타"": 1}",기타
익산시만,2021-04-09 06:00:00,1,1,"{""평화동"": 1}",4.0,4,"{""가축 분뇨 냄새(닭, 돼지, 소)"": 1}","가축 분뇨 냄새(닭, 돼지, 소)"
익산시만,2021-04-09 20:00:00,1,1,"{""낭산면 용기리"": 1}",5.0,5,"{""기타"": 1}",기타
익산시만,2021-04-10 11:00:00,1,1,"{""용동면 용성리"": 1}",4.0,4,"{""기타"": 1}",기타
익산시만,2021-04-10 20:00:00,1,1,"{""영등동"": 1}",5.0,5,"{""공장 냄새(화학약품, 매캐함)"": 1}","공장 냄새(화학약품, 매캐함)"
익산시만,2021-04-12 10:00:00,1,1,"{""왕궁면 쌍제리"": 1}",5.0,5,"{""기타"": 1}",기타
익산시만,2021-04-12 13:00:00,1,1,"{""부송동"": 1}",2.0,2,"{""기타"": 1}",기타
익산시만,2021-04-13 13:00:00,1,1,"{""신흥동"": 1}",2.0,2,"{""공장 냄새(화학약품, 매캐함)"": 1}","공장 냄새(화학약품, 매캐함)"
익산시만,2021-04-14 07:00:00,1,1,"{""평화동"": 1}",3.0,3,"{""가축 분뇨 냄새(닭, 돼지, 소)"": 1}","가축 분뇨 냄새(닭, 돼지, 소)"
익산시만,2021-04-17 20:00:00,1,1,"{""모현동2가"": 1}",3.0,3,"{""공장 냄새(화학약품, 매캐함)"": 1}","공장 냄새(화학약품, 매캐함)"
익산시만,2021-04-18 15:00:00,1,1,"{""모현동2가"": 1}",3.0,3,"{""공장 냄새(화학약품, 매캐함)"": 1}","공장 냄새(화학약품, 매캐함)"
익산시만,2021-04-19 06:00:00,1,1,"{""부송동"": 1}",3.0,3,"{""하수구 냄새"": 1}",하수구 냄새
익산시만,2021-04-19 22:00:00,1,1,"{""왕궁면 쌍제리"": 1}",5.0,5,"{""가축 분뇨 냄새(닭, 돼지, 소)"": 1}","가축 분뇨 냄새(닭, 돼지, 소)"
익산시만,2021-04-21 15:00:00,1,1,"{""모현동2가"": 1}",3.0,3,"{""공장 냄새(화학약품, 매캐함)"": 1}","공장 냄새(화학약품, 매캐함)"
익산시만,2021-04-21 21:00:00,1,1,"{""팔봉동"": 1}",4.0,4,"{""공장 냄새(화학약품, 매캐함)"": 1}","공장 냄새(화학약품, 매캐함)"
익산시만,2021-04-22 16:00:00,1,1,"{""부송동"": 1}",5.0,5,"{""가축 분뇨 냄새(닭, 돼지, 소)"": 1}","가축 분뇨 냄새(닭, 돼지, 소)"
익산시만,2021-04-22 18:00:00,3,3,"{""부송동"": 1, ""영등동"": 1, ""팔봉동"": 1}",4.0,5,"{""공장 냄새(화학약품, 매캐함)"": 1, ""가축 분뇨 냄새(닭, 돼지, 소)"": 1, ""기타"": 1}","공장 냄새(화학약품, 매캐함)"
익산시만,2021-04-22 19:00:00,1,1,"{""팔봉동"": 1}",3.0,3,"{""공장 냄새(화학약품, 매캐함)"": 1}","공장 냄새(화학약품, 매캐함)"
익산시만,2021-04-22 21:00:00,2,2,"{""어양동"": 1, ""부송동"": 1}",4.0,5,"{""공장 냄새(화학약품, 매캐함)"": 2}","공장 냄새(화학약품, 매캐함)"
익산시만,2021-04-23 18:00:00,1,1,"{""함열읍 석매리"": 1}",4.0,4,"{""기타"": 1}",기타
익산시만,2021-04-23 20:00:00,2,2,"{""부송동"": 1, ""어양동"": 1}",3.0,3,"{""공장 냄새(화학약품, 매캐함)"": 2}","공장 냄새(화학약품, 매캐함)"
익산시만,2021-04-23 21:00:00,1,1,"{""부송동"": 1}",3.0,3,"{""공장 냄새(화학약품, 매캐함)"": 1}","공장 냄새(화학약품, 매캐함)"
익산시만,2021-04-23 22:00:00,1,1,"{""어양동"": 1}",4.0,4,"{""공장 냄새(화학약품, 매캐함)"": 1}","공장 냄새(화학약품, 매캐함)"
익산시만,2021-04-25 07:00:00,2,2,"{""신흥동"": 1, ""부송동"": 1}",4.0,5,"{""기타"": 1, ""공장 냄새(화학약품, 매캐함)"": 1}",기타
익산시만,2021-04-27 07:00:00,1,1,"{""부송동"": 1}",4.0,4,"{""공장 냄새(화학약품, 매캐함)"": 1}","공장 냄새(화학약품, 매캐함)"
익산시만,2021-04-27 08:00:00,4,4,"{""어양동"": 2, ""동산동"": 1, ""주현동"": 1}",4.0,5,"{""공장 냄새(화학약품, 매캐함)"": 4}","공장 냄새(화학약품, 매캐함)"
익산시만,2021-04-27 19:00:00,1,1,"{""주현동"": 1}",5.0,5,"{""공장 냄새(화학약품, 매캐함)"": 1}","공장 냄새(화학약품, 매캐함)"
익산시만,2021-04-28 21:00:00,1,1,"{""팔봉동"": 1}",4.0,4,"{""공장 냄새(화학약품, 매캐함)"": 1}","공장 냄새(화학약품, 매캐함)"
익산시만,2021-04-28 22:00:00,4,4,"{""어양동"": 3, ""영등동"": 1}",3.25,5,"{""공장 냄새(화학약품, 매캐함)"": 3, ""가축 분뇨 냄새(닭, 돼지, 소)"": 1}","공장 냄새(화학약품, 매캐함)"
익산시만,2021-04-29 05:00:00,1,1,"{""부송동"": 1}",5.0,5,"{""공장 냄새(화학약품, 매캐함)"": 1}","공장 냄새(화학약품, 매캐함)"
익산시만,2021-05-01 16:00:00,1,1,"{""용동면 용성리"": 1}",5.0,5,"{""기타"": 1}",기타
익산시만,2021-05-02 20:00:00,1,1,"{""팔봉동"": 1}",5.0,5,"{""공장 냄새(화학약품, 매캐함)"": 1}","공장 냄새(화학약품, 매캐함)"
익산시만,2021-05-03 01:00:00,1,1,"{""동산동"": 1}",3.0,3,"{""가축 분뇨 냄새(닭, 돼지, 소)"": 1}","가축 분뇨 냄새(닭, 돼지, 소)"
익산시만,2021-05-03 07:00:00,4,4,"{""부송동"": 3, ""영등동"": 1}",4.0,5,"{""공장 냄새(화학약품, 매캐함)"": 3, ""하수구 냄새"": 1}","공장 냄새(화학약품, 매캐함)"
익산시만,2021-05-05 19:00:00,1,1,"{""현영동"": 1}",4.0,4,"{""하수구 냄새"": 1}",하수구 냄새
익산시만,2021-05-07 05:00:00,1,1,"{""현영동"": 1}",5.0,5,"{""기타"": 1}",기타
익산시만,2021-05-07 08:00:00,1,1,"{""현영동"": 1}",5.0,5,"{""가축 분뇨 냄새(닭, 돼지, 소)"": 1}","가축 분뇨 냄새(닭, 돼지, 소)"
익산시만,2021-05-07 10:00:00,1,1,"{""삼기면 연동리"": 1}",5.0,5,"{""음식조리 냄새"": 1}",음식조리 냄새
익산시만,2021-05-07 20:00:00,1,1,"{""현영동"": 1}",4.0,4,"{""가축 분뇨 냄새(닭, 돼지, 소)"": 1}","가축 분뇨 냄새(닭, 돼지, 소)"
익산시만,2021-05-07 23:00:00,1,1,"{""금강동"": 1}",4.0,4,"{""가축 분뇨 냄새(닭, 돼지, 소)"": 1}","가축 분뇨 냄새(닭, 돼지, 소)"
익산시만,2021-05-08 00:00:00,2,2,"{""영등동"": 1, ""동산동"": 1}",3.5,4,"{""기타"": 1, ""가축 분뇨 냄새(닭, 돼지, 소)"": 1}",기타
익산시만,2021-05-08 09:00:00,1,1,"{""현영동"": 1}",5.0,5,"{""가축 분뇨 냄새(닭, 돼지, 소)"": 1}","가축 분뇨 냄새(닭, 돼지, 소)"
익산시만,2021-05-09 04:00:00,1,1,"{""영등동"": 1}",1.0,1,"{""기타"": 1}",기타
익산시만,2021-05-09 19:00:00,1,1,"{""팔봉동"": 1}",5.0,5,"{""공장 냄새(화학약품, 매캐함)"": 1}","공장 냄새(화학약품, 매캐함)"
익산시만,2021-05-09 22:00:00,1,1,"{""부송동"": 1}",4.0,4,"{""기타"": 1}",기타
익산시만,2021-05-10 00:00:00,1,1,"{""평화동"": 1}",5.0,5,"{""하수구 냄새"": 1}",하수구 냄새
익산시만,2021-05-10 07:00:00,1,1,"{""동산동"": 1}",3.0,3,"{""가축 분뇨 냄새(닭, 돼지, 소)"": 1}","가축 분뇨 냄새(닭, 돼지, 소)"
익산시만,2021-05-10 19:00:00,1,1,"{""낭산면 용기리"": 1}",5.0,5,"{""가축 분뇨 냄새(닭, 돼지, 소)"": 1}","가축 분뇨 냄새(닭, 돼지, 소)"
익산시만,2021-05-11 16:00:00,1,1,"{""낭산면 용기리"": 1}",5.0,5,"{""기타"": 1}",기타
익산시만,2021-05-12 22:00:00,2,1,"{""어양동"": 2}",4.0,4,"{""공장 냄새(화학약품, 매캐함)"": 2}","공장 냄새(화학약품, 매캐함)"
익산시만,2021-05-13 07:00:00,1,1,"{""부송동"": 1}",4.0,4,"{""공장 냄새(화학약품, 매캐함)"": 1}","공장 냄새(화학약품, 매캐함)"
익산시만,2021-05-13 11:00:00,1,1,"{""영등동"": 1}",4.0,4,"{""가축 분뇨 냄새(닭, 돼지, 소)"": 1}","가축 분뇨 냄새(닭, 돼지, 소)"
익산시만,2021-05-14 06:00:00,1,1,"{""평화동"": 1}",3.0,3,"{""가축 분뇨 냄새(닭, 돼지, 소)"": 1}","가축 분뇨 냄새(닭, 돼지, 소)"
익산시만,2021-05-14 12:00:00,1,1,"{""낭산면 용기리"": 1}",4.0,4,"{""가축 분뇨 냄새(닭, 돼지, 소)"": 1}","가축 분뇨 냄새(닭, 돼지, 소)"
익산시만,2021-05-14 23:00:00,1,1,"{""동산동"": 1}",2.0,2,"{""하수구 냄새"": 1}",하수구 냄새
익산시만,2021-05-15 18:00:00,2,2,"{""팔봉동"": 1, ""부송동"": 1}",3.5,4,"{""가축 분뇨 냄새(닭, 돼지, 소)"": 2}","가축 분뇨 냄새(닭, 돼지, 소)"
익산시만,2021-05-18 23:00:00,1,1,"{""춘포면 인수리"": 1}",4.0,4,"{""가축 분뇨 냄새(닭, 돼지, 소)"": 1}","가축 분뇨 냄새(닭, 돼지, 소)"
익산시만,2021-05-19 03:00:00,1,1,"{""어양동"": 1}",4.0,4,"{""가축 분뇨 냄새(닭, 돼지, 소)"": 1}","가축 분뇨 냄새(닭, 돼지, 소)"
익산시만,2021-05-19 04:00:00,1,1,"{""신동"": 1}",3.0,3,"{""기타"": 1}",기타
익산시만,2021-05-19 06:00:00,1,1,"{""모현동1가"": 1}",2.0,2,"{""기타"": 1}",기타
익산시만,2021-05-19 21:00:00,1,1,"{""어양동"": 1}",3.0,3,"{""공장 냄새(화학약품, 매캐함)"": 1}","공장 냄새(화학약품, 매캐함)"
익산시만,2021-05-20 19:00:00,1,1,"{""낭산면 용기리"": 1}",5.0,5,"{""기타"": 1}",기타
익산시만,2021-05-21 13:00:00,1,1,"{""현영동"": 1}",4.0,4,"{""하수구 냄새"": 1}",하수구 냄새
익산시만,2021-05-23 00:00:00,1,1,"{""어양동"": 1}",4.0,4,"{""기타"": 1}",기타
익산시만,2021-05-23 04:00:00,1,1,"{""부송동"": 1}",4.0,4,"{""가축 분뇨 냄새(닭, 돼지, 소)"": 1}","가축 분뇨 냄새(닭, 돼지, 소)"
익산시만,2021-05-23 05:00:00,1,1,"{""동산동"": 1}",5.0,5,"{""하수구 냄새"": 1}",하수구 냄새
익산시만,2021-05-25 12:00:00,1,1,"{""현영동"": 1}",4.0,4,"{""하수구 냄새"": 1}",하수구 냄새
익산시만,2021-05-25 13:00:00,1,1,"{""현영동"": 1}",4.0,4,"{""하수구 냄새"": 1}",하수구 냄새
익산시만,2021-05-25 18:00:00,1,1,"{""현영동"": 1}",4.0,4,"{""하수구 냄새"": 1}",하수구 냄새
익산시만,2021-05-26 08:00:00,1,1,"{""영등동"": 1}",3.0,3,"{""기타"": 1}",기타
익산시만,2021-05-26 10:00:00,1,1,"{""팔봉동"": 1}",3.0,3,"{""공장 냄새(화학약품, 매캐함)"": 1}","공장 냄새(화학약품, 매캐함)"
익산시만,2021-05-26 19:00:00,2,2,"{""팔봉동"": 1, ""동산동"": 1}",3.5,4,"{""공장 냄새(화학약품, 매캐함)"": 1, ""가축 분뇨 냄새(닭, 돼지, 소)"": 1}","공장 냄새(화학약품, 매캐함)"
익산시만,2021-05-26 20:00:00,2,2,"{""팔봉동"": 2}",4.5,5,"{""공장 냄새(화학약품, 매캐함)"": 2}","공장 냄새(화학약품, 매캐함)"
익산시만,2021-05-26 21:00:00,1,1,"{""팔봉동"": 1}",3.0,3,"{""공장 냄새(화학약품, 매캐함)"": 1}","공장 냄새(화학약품, 매캐함)"
익산시만,2021-05-27 16:00:00,1,1,"{""신용동"": 1}",2.0,2,"{""공장 냄새(화학약품, 매캐함)"": 1}","공장 냄새(화학약품, 매캐함)"
익산시만,2021-05-28 00:00:00,1,1,"{""부송동"": 1}",3.0,3,"{""공장 냄새(화학약품, 매캐함)"": 1}","공장 냄새(화학약품, 매캐함)"
익산시만,2021-05-28 07:00:00,1,1,"{""동산동"": 1}",4.0,4,"{""가축 분뇨 냄새(닭, 돼지, 소)"": 1}","가축 분뇨 냄새(닭, 돼지, 소)"
익산시만,2021-05-28 08:00:00,1,1,"{""동산동"": 1}",4.0,4,"{""기타"": 1}",기타
익산시만,2021-05-28 13:00:00,1,1,"{""함열읍 석매리"": 1}",4.0,4,"{""기타"": 1}",기타
익산시만,2021-05-29 17:00:00,1,1,"{""오산면 남전리"": 1}",3.0,3,"{""기타"": 1}",기타
익산시만,2021-05-29 23:00:00,1,1,"{""부송동"": 1}",3.0,3,"{""공장 냄새(화학약품, 매캐함)"": 1}","공장 냄새(화학약품, 매캐함)"
익산시만,2021-05-30 20:00:00,1,1,"{""평화동"": 1}",4.0,4,"{""가축 분뇨 냄새(닭, 돼지, 소)"": 1}","가축 분뇨 냄새(닭, 돼지, 소)"
익산시만,2021-05-31 19:00:00,1,1,"{""오산면 남전리"": 1}",4.0,4,"{""기타"": 1}",기타
익산시만,2021-05-31 20:00:00,1,1,"{""왕궁면 쌍제리"": 1}",5.0,5,"{""기타"": 1}",기타
익산시만,2021-05-31 23:00:00,3,3,"{""영등동"": 1, ""인화동2가"": 1, ""동산동"": 1}",3.6666666666666665,4,"{""가축 분뇨 냄새(닭, 돼지, 소)"": 2, ""하수구 냄새"": 1}","가축 분뇨 냄새(닭, 돼지, 소)"
익산시만,2021-06-01 01:00:00,1,1,"{""어양동"": 1}",4.0,4,"{""공장 냄새(화학약품, 매캐함)"": 1}","공장 냄새(화학약품, 매캐함)"
익산시만,2021-06-01 12:00:00,1,1,"{""현영동"": 1}",4.0,4,"{""하수구 냄새"": 1}",하수구 냄새
익산시만,2021-06-01 21:00:00,4,4,"{""팔봉동"": 3, ""어양동"": 1}",3.25,4,"{""가축 분뇨 냄새(닭, 돼지, 소)"": 2, ""기타"": 2}","가축 분뇨 냄새(닭, 돼지, 소)"
익산시만,2021-06-01 23:00:00,3,3,"{""평화동"": 3}",4.333333333333333,5,"{""음식조리 냄새"": 3}",음식조리 냄새
익산시만,2021-06-02 00:00:00,1,1,"{""모현동1가"": 1}",4.0,4,"{""가축 분뇨 냄새(닭, 돼지, 소)"": 1}","가축 분뇨 냄새(닭, 돼지, 소)"
익산시만,2021-06-02 19:00:00,2,2,"{""신동"": 1, ""동산동"": 1}",4.0,5,"{""공장 냄새(화학약품, 매캐함)"": 2}","공장 냄새(화학약품, 매캐함)"
익산시만,2021-06-02 20:00:00,2,2,"{""평화동"": 1, ""모현동1가"": 1}",4.0,5,"{""공장 냄새(화학약품, 매캐함)"": 2}","공장 냄새(화학약품, 매캐함)"
익산시만,2021-06-02 21:00:00,3,3,"{""어양동"": 2, ""영등동"": 1}",3.6666666666666665,5,"{""공장 냄새(화학약품, 매캐함)"": 3}","공장 냄새(화학약품, 매캐함)"
익산시만,2021-06-02 22:00:00,9,9,"{""영등동"": 4, ""부송동"": 1, ""동산동"": 1, ""신동"": 1, ""모현동2가"": 1, ""인화동2가"": 1}",3.5555555555555554,4,"{""가축 분뇨 냄새(닭, 돼지, 소)"": 6, ""기타"": 2, ""공장 냄새(화학약품, 매캐함)"": 1}","가축 분뇨 냄새(닭, 돼지, 소)"
익산시만,2021-06-02 23:00:00,6,6,"{""어양동"": 2, ""모현동1가"": 2, ""금마면 동고도리"": 1, ""인화동2가"": 1}",3.6666666666666665,5,"{""공장 냄새(화학약품, 매캐함)"": 2, ""하수구 냄새"": 2, ""기타"": 1, ""가축 분뇨 냄새(닭, 돼지, 소)"": 1}","공장 냄새(화학약품, 매캐함)"
익산시만,2021-06-03 00:00:00,1,1,"{""부송동"": 1}",3.0,3,"{""공장 냄새(화학약품, 매캐함)"": 1}","공장 냄새(화학약품, 매캐함)"
익산시만,2021-06-03 01:00:00,1,1,"{""동산동"": 1}",5.0,5,"{""공장 냄새(화학약품, 매캐함)"": 1}","공장 냄새(화학약품, 매캐함)"
익산시만,2021-06-03 11:00:00,1,1,"{""낭산면 용기리"": 1}",5.0,5,"{""가축 분뇨 냄새(닭, 돼지, 소)"": 1}","가축 분뇨 냄새(닭, 돼지, 소)"
익산시만,2021-06-04 10:00:00,1,1,"{""금마면 동고도리"": 1}",4.0,4,"{""공장 냄새(화학약품, 매캐함)"": 1}","공장 냄새(화학약품, 매캐함)"
익산시만,2021-06-05 01:00:00,3,3,"{""동산동"": 3}",4.333333333333333,5,"{""기타"": 2, ""하수구 냄새"": 1}",기타
익산시만,2021-06-05 02:00:00,5,5,"{""인화동2가"": 5}",5.0,5,"{""기타"": 2, ""가축 분뇨 냄새(닭, 돼지, 소)"": 2, ""하수구 냄새"": 1}",기타
익산시만,2021-06-05 10:00:00,1,1,"{""송학동"": 1}",4.0,4,"{""공장 냄새(화학약품, 매캐함)"": 1}","공장 냄새(화학약품, 매캐함)"
익산시만,2021-06-05 11:00:00,1,1,"{""모현동1가"": 1}",4.0,4,"{""공장 냄새(화학약품, 매캐함)"": 1}","공장 냄새(화학약품, 매캐함)"
익산시만,2021-06-05 13:00:00,1,1,"{""영등동"": 1}",4.0,4,"{""공장 냄새(화학약품, 매캐함)"": 1}","공장 냄새(화학약품, 매캐함)"
익산시만,2021-06-05 14:00:00,1,1,"{""송학동"": 1}",4.0,4,"{""공장 냄새(화학약품, 매캐함)"": 1}","공장 냄새(화학약품, 매캐함)"
익산시만,2021-06-05 16:00:00,1,1,"{""동산동"": 1}",4.0,4,"{""공장 냄새(화학약품, 매캐함)"": 1}","공장 냄새(화학약품, 매캐함)"
익산시만,2021-06-05 17:00:00,1,1,"{""동산동"": 1}",3.0,3,"{""공장 냄새(화학약품, 매캐함)"": 1}","공장 냄새(화학약품, 매캐함)"
익산시만,2021-06-05 19:00:00,4,4,"{""모현동1가"": 2, ""영등동"": 1, ""송학동"": 1}",4.25,5,"{""공장 냄새(화학약품, 매캐함)"": 4}","공장 냄새(화학약품, 매캐함)"
익산시만,2021-06-05 21:00:00,1,1,"{""왕궁면 구덕리"": 1}",5.0,5,"{""공장 냄새(화학약품, 매캐함)"": 1}","공장 냄새(화학약품, 매캐함)"
익산시만,2021-06-05 23:00:00,1,1,"{""부송동"": 1}",5.0,5,"{""공장 냄새(화학약품, 매캐함)"": 1}","공장 냄새(화학약품, 매캐함)"
익산시만,2021-06-06 00:00:00,1,1,"{""인화동2가"": 1}",4.0,4,"{""가축 분뇨 냄새(닭, 돼지, 소)"": 1}","가축 분뇨 냄새(닭, 돼지, 소)"
익산시만,2021-06-06 01:00:00,4,4,"{""모현동1가"": 3, ""송학동"": 1}",4.5,5,"{""가축 분뇨 냄새(닭, 돼지, 소)"": 2, ""기타"": 2}","가축 분뇨 냄새(닭, 돼지, 소)"
익산시만,2021-06-06 03:00:00,1,1,"{""동산동"": 1}",4.0,4,"{""기타"": 1}",기타
익산시만,2021-06-06 09:00:00,1,1,"{""팔봉동"": 1}",4.0,4,"{""공장 냄새(화학약품, 매캐함)"": 1}","공장 냄새(화학약품, 매캐함)"
익산시만,2021-06-06 13:00:00,1,1,"{""송학동"": 1}",5.0,5,"{""공장 냄새(화학약품, 매캐함)"": 1}","공장 냄새(화학약품, 매캐함)"
익산시만,2021-06-06 14:00:00,1,1,"{""동산동"": 1}",4.0,4,"{""공장 냄새(화학약품, 매캐함)"": 1}","공장 냄새(화학약품, 매캐함)"
익산시만,2021-06-06 16:00:00,2,2,"{""용동면 용성리"": 1, ""부송동"": 1}",5.0,5,"{""기타"": 1, ""공장 냄새(화학약품, 매캐함)"": 1}",기타
익산시만,2021-06-06 17:00:00,5,5,"{""어양동"": 2, ""모현동1가"": 1, ""신흥동"": 1, ""동산동"": 1}",5.0,5,"{""공장 냄새(화학약품, 매캐함)"": 4, ""하수구 냄새"": 1}","공장 냄새(화학약품, 매캐함)"
익산시만,2021-06-06 18:00:00,7,7,"{""영등동"": 3, ""어양동"": 2, ""오산면 장신리"": 1, ""신동"": 1}",3.4285714285714284,5,"{""공장 냄새(화학약품, 매캐함)"": 7}","공장 냄새(화학약품, 매캐함)"
익산시만,2021-06-06 19:00:00,20,18,"{""부송동"": 5, ""어양동"": 3, ""신동"": 3, ""신흥동"": 2, ""동산동"": 2, ""영등동"": 1, ""팔봉동"": 1, ""남중동"": 1, ""마동"": 1, ""오산면 송학리"": 1}",4.2,5,"{""공장 냄새(화학약품, 매캐함)"": 20}","공장 냄새(화학약품, 매캐함)"
익산시만,2021-06-06 20:00:00,6,6,"{""영등동"": 2, ""동산동"": 2, ""오산면 장신리"": 1, ""모현동1가"": 1}",4.833333333333333,5,"{""공장 냄새(화학약품, 매캐함)"": 6}","공장 냄새(화학약품, 매캐함)"
익산시만,2021-06-06 21:00:00,4,4,"{""송학동"": 2, ""신동"": 1, ""모현동1가"": 1}",3.75,5,"{""공장 냄새(화학약품, 매캐함)"": 3, ""가축 분뇨 냄새(닭, 돼지, 소)"": 1}","공장 냄새(화학약품, 매캐함)"
익산시만,2021-06-06 23:00:00,2,2,"{""어양동"": 2}",3.0,4,"{""공장 냄새(화학약품, 매캐함)"": 1, ""가축 분뇨 냄새(닭, 돼지, 소)"": 1}","공장 냄새(화학약품, 매캐함)"
익산시만,2021-06-07 00:00:00,1,1,"{""어양동"": 1}",2.0,2,"{""기타"": 1}",기타
익산시만,2021-06-07 01:00:00,1,1,"{""모현동1가"": 1}",5.0,5,"{""기타"": 1}",기타
익산시만,2021-06-07 09:00:00,1,1,"{""팔봉동"": 1}",3.0,3,"{""가축 분뇨 냄새(닭, 돼지, 소)"": 1}","가축 분뇨 냄새(닭, 돼지, 소)"
익산시만,2021-06-07 11:00:00,1,1,"{""신동"": 1}",4.0,4,"{""공장 냄새(화학약품, 매캐함)"": 1}","공장 냄새(화학약품, 매캐함)"
익산시만,2021-06-07 13:00:00,1,1,"{""신동"": 1}",4.0,4,"{""공장 냄새(화학약품, 매캐함)"": 1}","공장 냄새(화학약품, 매캐함)"
익산시만,2021-06-07 14:00:00,1,1,"{""남중동"": 1}",3.0,3,"{""공장 냄새(화학약품, 매캐함)"": 1}","공장 냄새(화학약품, 매캐함)"
익산시만,2021-06-07 15:00:00,1,1,"{""인화동2가"": 1}",4.0,4,"{""공장 냄새(화학약품, 매캐함)"": 1}","공장 냄새(화학약품, 매캐함)"
익산시만,2021-06-07 16:00:00,1,1,"{""동산동"": 1}",4.0,4,"{""공장 냄새(화학약품, 매캐함)"": 1}","공장 냄새(화학약품, 매캐함)"
익산시만,2021-06-07 17:00:00,1,1,"{""영등동"": 1}",4.0,4,"{""공장 냄새(화학약품, 매캐함)"": 1}","공장 냄새(화학약품, 매캐함)"
익산시만,2021-06-07 18:00:00,1,1,"{""모현동2가"": 1}",4.0,4,"{""가축 분뇨 냄새(닭, 돼지, 소)"": 1}","가축 분뇨 냄새(닭, 돼지, 소)"
익산시만,2021-06-07 19:00:00,7,7,"{""송학동"": 2, ""부송동"": 2, ""팔봉동"": 1, ""모현동1가"": 1, ""남중동"": 1}",4.428571428571429,5,"{""공장 냄새(화학약품, 매캐함)"": 7}","공장 냄새(화학약품, 매캐함)"
익산시만,2021-06-07 20:00:00,4,4,"{""모현동1가"": 2, ""동산동"": 2}",4.25,5,"{""공장 냄새(화학약품, 매캐함)"": 4}","공장 냄새(화학약품, 매캐함)"
익산시만,2021-06-08 06:00:00,1,1,"{""낭산면 용기리"": 1}",4.0,4,"{""기타"": 1}",기타
익산시만,2021-06-08 07:00:00,1,1,"{""부송동"": 1}",3.0,3,"{""공장 냄새(화학약품, 매캐함)"": 1}","공장 냄새(화학약품, 매캐함)"
익산시만,2021-06-08 15:00:00,1,1,"{""인화동2가"": 1}",3.0,3,"{""공장 냄새(화학약품, 매캐함)"": 1}","공장 냄새(화학약품, 매캐함)"
익산시만,2021-06-08 17:00:00,4,4,"{""현영동"": 1, ""동산동"": 1, ""어양동"": 1, ""부송동"": 1}",4.0,5,"{""공장 냄새(화학약품, 매캐함)"": 3, ""가축 분뇨 냄새(닭, 돼지, 소)"": 1}","공장 냄새(화학약품, 매캐함)"
익산시만,2021-06-08 20:00:00,1,1,"{""오산면 남전리"": 1}",4.0,4,"{""기타"": 1}",기타
익산시만,2021-06-09 01:00:00,1,1,"{""춘포면 쌍정리"": 1}",4.0,4,"{""기타"": 1}",기타
익산시만,2021-06-09 06:00:00,2,2,"{""영등동"": 1, ""팔봉동"": 1}",5.0,5,"{""음식조리 냄새"": 1, ""기타"": 1}",음식조리 냄새
익산시만,2021-06-09 07:00:00,2,2,"{""부송동"": 1, ""동산동"": 1}",3.0,3,"{""공장 냄새(화학약품, 매캐함)"": 2}","공장 냄새(화학약품, 매캐함)"
익산시만,2021-06-09 09:00:00,1,1,"{""부송동"": 1}",3.0,3,"{""공장 냄새(화학약품, 매캐함)"": 1}","공장 냄새(화학약품, 매캐함)"
익산시만,2021-06-09 12:00:00,1,1,"{""신흥동"": 1}",5.0,5,"{""공장 냄새(화학약품, 매캐함)"": 1}","공장 냄새(화학약품, 매캐함)"
익산시만,2021-06-09 13:00:00,1,1,"{""현영동"": 1}",5.0,5,"{""하수구 냄새"": 1}",하수구 냄새
익산시만,2021-06-09 15:00:00,2,2,"{""신흥동"": 1, ""모현동1가"": 1}",5.0,5,"{""공장 냄새(화학약품, 매캐함)"": 2}","공장 냄새(화학약품, 매캐함)"
익산시만,2021-06-09 16:00:00,2,2,"{""남중동"": 2}",5.0,5,"{""하수구 냄새"": 1, ""공장 냄새(화학약품, 매캐함)"": 1}",하수구 냄새
익산시만,2021-06-09 18:00:00,2,2,"{""오산면 남전리"": 1, ""인화동2가"": 1}",3.0,4,"{""기타"": 1, ""가축 분뇨 냄새(닭, 돼지, 소)"": 1}",기타
익산시만,2021-06-09 19:00:00,12,12,"{""부송동"": 4, ""송학동"": 2, ""신흥동"": 2, ""영등동"": 1, ""남중동"": 1, ""모현동2가"": 1, ""어양동"": 1}",3.9166666666666665,5,"{""공장 냄새(화학약품, 매캐함)"": 11, ""하수구 냄새"": 1}","공장 냄새(화학약품, 매캐함)"
익산시만,2021-06-09 20:00:00,13,13,"{""부송동"": 3, ""동산동"": 3, ""영등동"": 2, ""모현동1가"": 2, ""어양동"": 2, ""남중동"": 1}",4.615384615384615,5,"{""공장 냄새(화학약품, 매캐함)"": 10, ""가축 분뇨 냄새(닭, 돼지, 소)"": 3}","공장 냄새(화학약품, 매캐함)"
익산시만,2021-06-09 21:00:00,12,12,"{""모현동1가"": 4, ""부송동"": 3, ""동산동"": 2, ""어양동"": 1, ""모현동2가"": 1, ""송학동"": 1}",4.666666666666667,5,"{""공장 냄새(화학약품, 매캐함)"": 11, ""가축 분뇨 냄새(닭, 돼지, 소)"": 1}","공장 냄새(화학약품, 매캐함)"
익산시만,2021-06-09 22:00:00,7,7,"{""모현동1가"": 2, ""평화동"": 1, ""송학동"": 1, ""영등동"": 1, ""동산동"": 1, ""부송동"": 1}",4.714285714285714,5,"{""공장 냄새(화학약품, 매캐함)"": 7}","공장 냄새(화학약품, 매캐함)"
익산시만,2021-06-09 23:00:00,13,12,"{""동산동"": 5, ""영등동"": 3, ""부송동"": 2, ""신동"": 1, ""마동"": 1, ""어양동"": 1}",3.923076923076923,5,"{""공장 냄새(화학약품, 매캐함)"": 9, ""하수구 냄새"": 2, ""기타"": 1, ""가축 분뇨 냄새(닭, 돼지, 소)"": 1}","공장 냄새(화학약품, 매캐함)"
익산시만,2021-06-10 00:00:00,4,4,"{""어양동"": 1, ""모현동1가"": 1, ""남중동"": 1, ""창인동1가"": 1}",4.5,5,"{""공장 냄새(화학약품, 매캐함)"": 3, ""가축 분뇨 냄새(닭, 돼지, 소)"": 1}","공장 냄새(화학약품, 매캐함)"
익산시만,2021-06-10 01:00:00,4,4,"{""동산동"": 2, ""어양동"": 2}",4.25,5,"{""공장 냄새(화학약품, 매캐함)"": 4}","공장 냄새(화학약품, 매캐함)"
익산시만,2021-06-10 04:00:00,1,1,"{""모현동1가"": 1}",5.0,5,"{""공장 냄새(화학약품, 매캐함)"": 1}","공장 냄새(화학약품, 매캐함)"
익산시만,2021-06-10 06:00:00,2,2,"{""부송동"": 2}",3.5,4,"{""공장 냄새(화학약품, 매캐함)"": 2}","공장 냄새(화학약품, 매캐함)"
익산시만,2021-06-10 07:00:00,1,1,"{""송학동"": 1}",4.0,4,"{""공장 냄새(화학약품, 매캐함)"": 1}","공장 냄새(화학약품, 매캐함)"
익산시만,2021-06-10 08:00:00,2,2,"{""모현동1가"": 1, ""영등동"": 1}",5.0,5,"{""공장 냄새(화학약품, 매캐함)"": 2}","공장 냄새(화학약품, 매캐함)"
익산시만,2021-06-10 09:00:00,1,1,"{""부송동"": 1}",4.0,4,"{""공장 냄새(화학약품, 매캐함)"": 1}","공장 냄새(화학약품, 매캐함)"
익산시만,2021-06-10 10:00:00,5,5,"{""신흥동"": 1, ""모현동1가"": 1, ""남중동"": 1, ""영등동"": 1, ""신동"": 1}",4.2,5,"{""공장 냄새(화학약품, 매캐함)"": 5}","공장 냄새(화학약품, 매캐함)"
익산시만,2021-06-10 12:00:00,3,3,"{""모현동1가"": 2, ""부송동"": 1}",5.0,5,"{""공장 냄새(화학약품, 매캐함)"": 3}","공장 냄새(화학약품, 매캐함)"
익산시만,2021-06-10 13:00:00,6,6,"{""동산동"": 4, ""어양동"": 2}",4.666666666666667,5,"{""공장 냄새(화학약품, 매캐함)"": 6}","공장 냄새(화학약품, 매캐함)"
익산시만,2021-06-10 14:00:00,1,1,"{""동산동"": 1}",4.0,4,"{""공장 냄새(화학약품, 매캐함)"": 1}","공장 냄새(화학약품, 매캐함)"
익산시만,2021-06-10 15:00:00,7,6,"{""동산동"": 7}",5.0,5,"{""공장 냄새(화학약품, 매캐함)"": 6, ""하수구 냄새"": 1}","공장 냄새(화학약품, 매캐함)"
익산시만,2021-06-10 16:00:00,6,5,"{""영등동"": 2, ""모현동1가"": 2, ""금강동"": 1, ""신동"": 1}",4.5,5,"{""공장 냄새(화학약품, 매캐함)"": 5, ""가축 분뇨 냄새(닭, 돼지, 소)"": 1}","공장 냄새(화학약품, 매캐함)"
익산시만,2021-06-10 17:00:00,8,8,"{""동산동"": 3, ""부송동"": 1, ""인화동2가"": 1, ""모현동1가"": 1, ""평화동"": 1, ""마동"": 1}",4.5,5,"{""공장 냄새(화학약품, 매캐함)"": 7, ""가축 분뇨 냄새(닭, 돼지, 소)"": 1}","공장 냄새(화학약품, 매캐함)"
익산시만,2021-06-10 18:00:00,5,5,"{""부송동"": 2, ""모현동1가"": 2, ""동산동"": 1}",4.4,5,"{""공장 냄새(화학약품, 매캐함)"": 5}","공장 냄새(화학약품, 매캐함)"
익산시만,2021-06-10 19:00:00,2,2,"{""신동"": 1, ""창인동1가"": 1}",5.0,5,"{""하수구 냄새"": 1, ""공장 냄새(화학약품, 매캐함)"": 1}",하수구 냄새
익산시만,2021-06-10 20:00:00,2,2,"{""팔봉동"": 2}",4.5,5,"{""공장 냄새(화학약품, 매캐함)"": 2}","공장 냄새(화학약품, 매캐함)"
익산시만,2021-06-10 21:00:00,3,3,"{""모현동1가"": 2, ""팔봉동"": 1}",4.666666666666667,5,"{""공장 냄새(화학약품, 매캐함)"": 3}","공장 냄새(화학약품, 매캐함)"
익산시만,2021-06-10 22:00:00,1,1,"{""모현동1가"": 1}",5.0,5,"{""공장 냄새(화학약품, 매캐함)"": 1}","공장 냄새(화학약품, 매캐함)"
익산시만,2021-06-10 23:00:00,1,1,"{""주현동"": 1}",3.0,3,"{""기타"": 1}",기타
익산시만,2021-06-11 00:00:00,1,1,"{""팔봉동"": 1}",2.0,2,"{""공장 냄새(화학약품, 매캐함)"": 1}","공장 냄새(화학약품, 매캐함)"
익산시만,2021-06-11 08:00:00,1,1,"{""평화동"": 1}",3.0,3,"{""음식조리 냄새"": 1}",음식조리 냄새
익산시만,2021-06-11 13:00:00,1,1,"{""현영동"": 1}",5.0,5,"{""하수구 냄새"": 1}",하수구 냄새
익산시만,2021-06-11 21:00:00,1,1,"{""동산동"": 1}",3.0,3,"{""기타"": 1}",기타
익산시만,2021-06-11 22:00:00,1,1,"{""모현동1가"": 1}",4.0,4,"{""가축 분뇨 냄새(닭, 돼지, 소)"": 1}","가축 분뇨 냄새(닭, 돼지, 소)"
익산시만,2021-06-12 07:00:00,1,1,"{""모현동1가"": 1}",5.0,5,"{""기타"": 1}",기타
익산시만,2021-06-12 17:00:00,3,3,"{""어양동"": 2, ""영등동"": 1}",4.333333333333333,5,"{""공장 냄새(화학약품, 매캐함)"": 3}","공장 냄새(화학약품, 매캐함)"
익산시만,2021-06-12 19:00:00,2,2,"{""부송동"": 1, ""마동"": 1}",4.0,5,"{""공장 냄새(화학약품, 매캐함)"": 2}","공장 냄새(화학약품, 매캐함)"
익산시만,2021-06-12 21:00:00,1,1,"{""낭산면 용기리"": 1}",5.0,5,"{""기타"": 1}",기타
익산시만,2021-06-12 22:00:00,2,2,"{""모현동1가"": 1, ""영등동"": 1}",2.5,3,"{""가축 분뇨 냄새(닭, 돼지, 소)"": 1, ""공장 냄새(화학약품, 매캐함)"": 1}","가축 분뇨 냄새(닭, 돼지, 소)"
익산시만,2021-06-12 23:00:00,1,1,"{""영등동"": 1}",4.0,4,"{""가축 분뇨 냄새(닭, 돼지, 소)"": 1}","가축 분뇨 냄새(닭, 돼지, 소)"
익산시만,2021-06-13 11:00:00,1,1,"{""모현동1가"": 1}",4.0,4,"{""공장 냄새(화학약품, 매캐함)"": 1}","공장 냄새(화학약품, 매캐함)"
익산시만,2021-06-13 14:00:00,2,2,"{""영등동"": 1, ""모현동1가"": 1}",4.0,5,"{""공장 냄새(화학약품, 매캐함)"": 2}","공장 냄새(화학약품, 매캐함)"
익산시만,2021-06-13 15:00:00,3,3,"{""송학동"": 1, ""영등동"": 1, ""모현동1가"": 1}",5.0,5,"{""공장 냄새(화학약품, 매캐함)"": 3}","공장 냄새(화학약품, 매캐함)"
익산시만,2021-06-13 16:00:00,3,3,"{""영등동"": 1, ""모현동2가"": 1, ""마동"": 1}",4.0,5,"{""공장 냄새(화학약품, 매캐함)"": 3}","공장 냄새(화학약품, 매캐함)"
익산시만,2021-06-13 18:00:00,1,1,"{""모현동1가"": 1}",4.0,4,"{""공장 냄새(화학약품, 매캐함)"": 1}","공장 냄새(화학약품, 매캐함)"
익산시만,2021-06-13 19:00:00,4,4,"{""모현동1가"": 1, ""신흥동"": 1, ""어양동"": 1, ""송학동"": 1}",4.5,5,"{""공장 냄새(화학약품, 매캐함)"": 4}","공장 냄새(화학약품, 매캐함)"
익산시만,2021-06-13 21:00:00,1,1,"{""어양동"": 1}",4.0,4,"{""공장 냄새(화학약품, 매캐함)"": 1}","공장 냄새(화학약품, 매캐함)"
익산시만,2021-06-13 22:00:00,1,1,"{""어양동"": 1}",5.0,5,"{""공장 냄새(화학약품, 매캐함)"": 1}","공장 냄새(화학약품, 매캐함)"
익산시만,2021-06-14 08:00:00,1,1,"{""낭산면 용기리"": 1}",4.0,4,"{""기타"": 1}",기타
익산시만,2021-06-14 13:00:00,2,2,"{""영등동"": 1, ""모현동1가"": 1}",4.0,4,"{""공장 냄새(화학약품, 매캐함)"": 2}","공장 냄새(화학약품, 매캐함)"
익산시만,2021-06-14 19:00:00,3,3,"{""송학동"": 1, ""모현동1가"": 1, ""어양동"": 1}",4.666666666666667,5,"{""공장 냄새(화학약품, 매캐함)"": 2, ""가축 분뇨 냄새(닭, 돼지, 소)"": 1}","공장 냄새(화학약품, 매캐함)"
익산시만,2021-06-14 20:00:00,2,2,"{""어양동"": 1, ""모현동1가"": 1}",3.0,3,"{""공장 냄새(화학약품, 매캐함)"": 1, ""하수구 냄새"": 1}","공장 냄새(화학약품, 매캐함)"
익산시만,2021-06-14 21:00:00,3,3,"{""동산동"": 3}",4.666666666666667,5,"{""공장 냄새(화학약품, 매캐함)"": 3}","공장 냄새(화학약품, 매캐함)"
익산시만,2021-06-14 22:00:00,8,8,"{""모현동1가"": 3, ""영등동"": 2, ""송학동"": 2, ""오산면 장신리"": 1}",4.875,5,"{""공장 냄새(화학약품, 매캐함)"": 8}","공장 냄새(화학약품, 매캐함)"
익산시만,2021-06-15 09:00:00,2,2,"{""어양동"": 1, ""주현동"": 1}",5.0,5,"{""공장 냄새(화학약품, 매캐함)"": 2}","공장 냄새(화학약품, 매캐함)"
익산시만,2021-06-15 10:00:00,1,1,"{""모현동1가"": 1}",5.0,5,"{""공장 냄새(화학약품, 매캐함)"": 1}","공장 냄새(화학약품, 매캐함)"
익산시만,2021-06-15 11:00:00,1,1,"{""삼기면 연동리"": 1}",3.0,3,"{""기타"": 1}",기타
익산시만,2021-06-15 14:00:00,1,1,"{""왕궁면 쌍제리"": 1}",5.0,5,"{""기타"": 1}",기타
익산시만,2021-06-15 19:00:00,1,1,"{""낭산면 용기리"": 1}",5.0,5,"{""가축 분뇨 냄새(닭, 돼지, 소)"": 1}","가축 분뇨 냄새(닭, 돼지, 소)"
익산시만,2021-06-15 21:00:00,1,1,"{""낭산면 용기리"": 1}",5.0,5,"{""기타"": 1}",기타
익산시만,2021-06-15 23:00:00,1,1,"{""영등동"": 1}",5.0,5,"{""하수구 냄새"": 1}",하수구 냄새
익산시만,2021-06-16 08:00:00,1,1,"{""낭산면 용기리"": 1}",4.0,4,"{""가축 분뇨 냄새(닭, 돼지, 소)"": 1}","가축 분뇨 냄새(닭, 돼지, 소)"
익산시만,2021-06-16 10:00:00,1,1,"{""팔봉동"": 1}",3.0,3,"{""공장 냄새(화학약품, 매캐함)"": 1}","공장 냄새(화학약품, 매캐함)"
익산시만,2021-06-16 16:00:00,1,1,"{""동산동"": 1}",4.0,4,"{""공장 냄새(화학약품, 매캐함)"": 1}","공장 냄새(화학약품, 매캐함)"
익산시만,2021-06-16 18:00:00,1,1,"{""동산동"": 1}",4.0,4,"{""가축 분뇨 냄새(닭, 돼지, 소)"": 1}","가축 분뇨 냄새(닭, 돼지, 소)"
익산시만,2021-06-16 19:00:00,1,1,"{""동산동"": 1}",3.0,3,"{""가축 분뇨 냄새(닭, 돼지, 소)"": 1}","가축 분뇨 냄새(닭, 돼지, 소)"
익산시만,2021-06-16 20:00:00,1,1,"{""동산동"": 1}",5.0,5,"{""기타"": 1}",기타
익산시만,2021-06-16 21:00:00,2,2,"{""춘포면 쌍정리"": 1, ""낭산면 용기리"": 1}",3.5,4,"{""하수구 냄새"": 1, ""가축 분뇨 냄새(닭, 돼지, 소)"": 1}",하수구 냄새
익산시만,2021-06-16 22:00:00,2,2,"{""팔봉동"": 1, ""부송동"": 1}",2.5,3,"{""공장 냄새(화학약품, 매캐함)"": 1, ""기타"": 1}","공장 냄새(화학약품, 매캐함)"
익산시만,2021-06-17 07:00:00,1,1,"{""동산동"": 1}",4.0,4,"{""기타"": 1}",기타
익산시만,2021-06-17 08:00:00,12,11,"{""동산동"": 4, ""인화동2가"": 2, ""마동"": 2, ""부송동"": 2, ""평화동"": 1, ""영등동"": 1}",4.333333333333333,5,"{""가축 분뇨 냄새(닭, 돼지, 소)"": 5, ""하수구 냄새"": 3, ""기타"": 2, ""공장 냄새(화학약품, 매캐함)"": 2}","가축 분뇨 냄새(닭, 돼지, 소)"
익산시만,2021-06-17 09:00:00,4,4,"{""모현동1가"": 2, ""어양동"": 1, ""영등동"": 1}",4.0,5,"{""공장 냄새(화학약품, 매캐함)"": 4}","공장 냄새(화학약품, 매캐함)"
익산시만,2021-06-17 13:00:00,1,1,"{""모현동1가"": 1}",5.0,5,"{""공장 냄새(화학약품, 매캐함)"": 1}","공장 냄새(화학약품, 매캐함)"
익산시만,2021-06-17 14:00:00,2,2,"{""동산동"": 1, ""왕궁면 쌍제리"": 1}",4.0,5,"{""공장 냄새(화학약품, 매캐함)"": 1, ""기타"": 1}","공장 냄새(화학약품, 매캐함)"
익산시만,2021-06-17 16:00:00,1,1,"{""모현동1가"": 1}",5.0,5,"{""공장 냄새(화학약품, 매캐함)"": 1}","공장 냄새(화학약품, 매캐함)"
익산시만,2021-06-17 17:00:00,1,1,"{""모현동1가"": 1}",5.0,5,"{""공장 냄새(화학약품, 매캐함)"": 1}","공장 냄새(화학약품, 매캐함)"
익산시만,2021-06-18 09:00:00,2,2,"{""팔봉동"": 2}",4.0,4,"{""공장 냄새(화학약품, 매캐함)"": 2}","공장 냄새(화학약품, 매캐함)"
익산시만,2021-06-18 22:00:00,1,1,"{""영등동"": 1}",5.0,5,"{""가축 분뇨 냄새(닭, 돼지, 소)"": 1}","가축 분뇨 냄새(닭, 돼지, 소)"
익산시만,2021-06-19 16:00:00,1,1,"{""동산동"": 1}",5.0,5,"{""하수구 냄새"": 1}",하수구 냄새
익산시만,2021-06-19 20:00:00,2,2,"{""모현동1가"": 1, ""동산동"": 1}",4.0,5,"{""공장 냄새(화학약품, 매캐함)"": 1, ""가축 분뇨 냄새(닭, 돼지, 소)"": 1}","공장 냄새(화학약품, 매캐함)"
익산시만,2021-06-19 21:00:00,2,2,"{""어양동"": 1, ""부송동"": 1}",3.0,3,"{""공장 냄새(화학약품, 매캐함)"": 2}","공장 냄새(화학약품, 매캐함)"
익산시만,2021-06-20 05:00:00,1,1,"{""평화동"": 1}",5.0,5,"{""하수구 냄새"": 1}",하수구 냄새
익산시만,2021-06-20 08:00:00,3,3,"{""부송동"": 3}",3.0,3,"{""공장 냄새(화학약품, 매캐함)"": 2, ""기타"": 1}","공장 냄새(화학약품, 매캐함)"
익산시만,2021-06-20 09:00:00,1,1,"{""동산동"": 1}",4.0,4,"{""기타"": 1}",기타
익산시만,2021-06-20 19:00:00,1,1,"{""동산동"": 1}",3.0,3,"{""공장 냄새(화학약품, 매캐함)"": 1}","공장 냄새(화학약품, 매캐함)"
익산시만,2021-06-20 22:00:00,1,1,"{""모현동1가"": 1}",5.0,5,"{""가축 분뇨 냄새(닭, 돼지, 소)"": 1}","가축 분뇨 냄새(닭, 돼지, 소)"
익산시만,2021-06-21 22:00:00,1,1,"{""현영동"": 1}",5.0,5,"{""하수구 냄새"": 1}",하수구 냄새
익산시만,2021-06-22 01:00:00,6,6,"{""동산동"": 2, ""영등동"": 1, ""어양동"": 1, ""평화동"": 1, ""송학동"": 1}",4.0,5,"{""기타"": 3, ""가축 분뇨 냄새(닭, 돼지, 소)"": 3}",기타
익산시만,2021-06-22 02:00:00,1,1,"{""신동"": 1}",4.0,4,"{""기타"": 1}",기타
익산시만,2021-06-22 03:00:00,1,1,"{""부송동"": 1}",2.0,2,"{""공장 냄새(화학약품, 매캐함)"": 1}","공장 냄새(화학약품, 매캐함)"
익산시만,2021-06-22 06:00:00,2,2,"{""영등동"": 1, ""부송동"": 1}",3.5,4,"{""가축 분뇨 냄새(닭, 돼지, 소)"": 1, ""기타"": 1}","가축 분뇨 냄새(닭, 돼지, 소)"
익산시만,2021-06-22 09:00:00,1,1,"{""팔봉동"": 1}",3.0,3,"{""공장 냄새(화학약품, 매캐함)"": 1}","공장 냄새(화학약품, 매캐함)"
익산시만,2021-06-22 23:00:00,2,2,"{""금강동"": 1, ""현영동"": 1}",4.0,5,"{""하수구 냄새"": 2}",하수구 냄새
익산시만,2021-06-23 01:00:00,1,1,"{""영등동"": 1}",3.0,3,"{""공장 냄새(화학약품, 매캐함)"": 1}","공장 냄새(화학약품, 매캐함)"
익산시만,2021-06-23 02:00:00,2,2,"{""송학동"": 1, ""모현동1가"": 1}",3.5,4,"{""가축 분뇨 냄새(닭, 돼지, 소)"": 2}","가축 분뇨 냄새(닭, 돼지, 소)"
익산시만,2021-06-23 03:00:00,1,1,"{""영등동"": 1}",3.0,3,"{""공장 냄새(화학약품, 매캐함)"": 1}","공장 냄새(화학약품, 매캐함)"
익산시만,2021-06-23 04:00:00,1,1,"{""송학동"": 1}",4.0,4,"{""가축 분뇨 냄새(닭, 돼지, 소)"": 1}","가축 분뇨 냄새(닭, 돼지, 소)"
익산시만,2021-06-23 05:00:00,1,1,"{""성당면 대선리"": 1}",4.0,4,"{""가축 분뇨 냄새(닭, 돼지, 소)"": 1}","가축 분뇨 냄새(닭, 돼지, 소)"
익산시만,2021-06-23 09:00:00,1,1,"{""팔봉동"": 1}",4.0,4,"{""공장 냄새(화학약품, 매캐함)"": 1}","공장 냄새(화학약품, 매캐함)"
익산시만,2021-06-23 17:00:00,2,2,"{""부송동"": 2}",2.5,3,"{""공장 냄새(화학약품, 매캐함)"": 2}","공장 냄새(화학약품, 매캐함)"
익산시만,2021-06-23 18:00:00,1,1,"{""낭산면 용기리"": 1}",5.0,5,"{""기타"": 1}",기타
익산시만,2021-06-24 02:00:00,1,1,"{""송학동"": 1}",4.0,4,"{""가축 분뇨 냄새(닭, 돼지, 소)"": 1}","가축 분뇨 냄새(닭, 돼지, 소)"
익산시만,2021-06-24 05:00:00,1,1,"{""모현동1가"": 1}",4.0,4,"{""기타"": 1}",기타
익산시만,2021-06-24 06:00:00,1,1,"{""동산동"": 1}",5.0,5,"{""기타"": 1}",기타
익산시만,2021-06-24 09:00:00,1,1,"{""팔봉동"": 1}",3.0,3,"{""공장 냄새(화학약품, 매캐함)"": 1}","공장 냄새(화학약품, 매캐함)"
익산시만,2021-06-24 19:00:00,2,2,"{""마동"": 1, ""오산면 남전리"": 1}",3.5,4,"{""공장 냄새(화학약품, 매캐함)"": 1, ""기타"": 1}","공장 냄새(화학약품, 매캐함)"
익산시만,2021-06-25 00:00:00,5,5,"{""인화동2가"": 2, ""동산동"": 2, ""영등동"": 1}",4.2,5,"{""기타"": 2, ""가축 분뇨 냄새(닭, 돼지, 소)"": 2, ""하수구 냄새"": 1}",기타
익산시만,2021-06-25 01:00:00,3,3,"{""부송동"": 1, ""모현동1가"": 1, ""마동"": 1}",3.6666666666666665,4,"{""기타"": 2, ""가축 분뇨 냄새(닭, 돼지, 소)"": 1}",기타
익산시만,2021-06-25 02:00:00,1,1,"{""모현동1가"": 1}",4.0,4,"{""기타"": 1}",기타
익산시만,2021-06-25 03:00:00,3,3,"{""부송동"": 1, ""어양동"": 1, ""영등동"": 1}",3.3333333333333335,4,"{""공장 냄새(화학약품, 매캐함)"": 3}","공장 냄새(화학약품, 매캐함)"
익산시만,2021-06-25 08:00:00,1,1,"{""팔봉동"": 1}",3.0,3,"{""공장 냄새(화학약품, 매캐함)"": 1}","공장 냄새(화학약품, 매캐함)"
익산시만,2021-06-25 21:00:00,1,1,"{""목천동"": 1}",3.0,3,"{""공장 냄새(화학약품, 매캐함)"": 1}","공장 냄새(화학약품, 매캐함)"
익산시만,2021-06-26 07:00:00,1,1,"{""어양동"": 1}",3.0,3,"{""공장 냄새(화학약품, 매캐함)"": 1}","공장 냄새(화학약품, 매캐함)"
익산시만,2021-06-26 08:00:00,1,1,"{""동산동"": 1}",3.0,3,"{""기타"": 1}",기타
익산시만,2021-06-26 13:00:00,1,1,"{""현영동"": 1}",3.0,3,"{""가축 분뇨 냄새(닭, 돼지, 소)"": 1}","가축 분뇨 냄새(닭, 돼지, 소)"
익산시만,2021-06-26 16:00:00,2,1,"{""낭산면 용기리"": 2}",4.0,4,"{""기타"": 2}",기타
익산시만,2021-06-26 17:00:00,2,2,"{""낭산면 용기리"": 2}",3.5,5,"{""가축 분뇨 냄새(닭, 돼지, 소)"": 1, ""기타"": 1}","가축 분뇨 냄새(닭, 돼지, 소)"
익산시만,2021-06-26 18:00:00,1,1,"{""낭산면 용기리"": 1}",4.0,4,"{""기타"": 1}",기타
익산시만,2021-06-26 19:00:00,3,1,"{""낭산면 용기리"": 3}",4.0,4,"{""기타"": 3}",기타
익산시만,2021-06-26 21:00:00,4,2,"{""낭산면 용기리"": 4}",4.75,5,"{""기타"": 4}",기타
익산시만,2021-06-27 00:00:00,3,3,"{""평화동"": 1, ""인화동2가"": 1, ""모현동1가"": 1}",4.0,4,"{""음식조리 냄새"": 1, ""가축 분뇨 냄새(닭, 돼지, 소)"": 1, ""공장 냄새(화학약품, 매캐함)"": 1}",음식조리 냄새
익산시만,2021-06-27 01:00:00,1,1,"{""부송동"": 1}",3.0,3,"{""공장 냄새(화학약품, 매캐함)"": 1}","공장 냄새(화학약품, 매캐함)"
익산시만,2021-06-27 05:00:00,1,1,"{""부송동"": 1}",3.0,3,"{""공장 냄새(화학약품, 매캐함)"": 1}","공장 냄새(화학약품, 매캐함)"
익산시만,2021-06-27 10:00:00,1,1,"{""모현동1가"": 1}",4.0,4,"{""공장 냄새(화학약품, 매캐함)"": 1}","공장 냄새(화학약품, 매캐함)"
익산시만,2021-06-27 14:00:00,2,2,"{""부송동"": 2}",4.5,5,"{""가축 분뇨 냄새(닭, 돼지, 소)"": 2}","가축 분뇨 냄새(닭, 돼지, 소)"
익산시만,2021-06-28 13:00:00,1,1,"{""현영동"": 1}",4.0,4,"{""하수구 냄새"": 1}",하수구 냄새
익산시만,2021-06-28 15:00:00,1,1,"{""팔봉동"": 1}",4.0,4,"{""공장 냄새(화학약품, 매캐함)"": 1}","공장 냄새(화학약품, 매캐함)"
익산시만,2021-06-28 22:00:00,7,7,"{""부송동"": 3, ""신흥동"": 1, ""영등동"": 1, ""금강동"": 1, ""어양동"": 1}",3.857142857142857,5,"{""가축 분뇨 냄새(닭, 돼지, 소)"": 6, ""하수구 냄새"": 1}","가축 분뇨 냄새(닭, 돼지, 소)"
익산시만,2021-06-28 23:00:00,19,18,"{""부송동"": 5, ""모현동1가"": 5, ""동산동"": 3, ""어양동"": 2, ""석암동"": 1, ""평화동"": 1, ""팔봉동"": 1, ""왕궁면 쌍제리"": 1}",4.0,5,"{""기타"": 14, ""가축 분뇨 냄새(닭, 돼지, 소)"": 5}",기타
익산시만,2021-06-29 00:00:00,2,2,"{""영등동"": 1, ""모현동1가"": 1}",4.0,4,"{""가축 분뇨 냄새(닭, 돼지, 소)"": 1, ""기타"": 1}","가축 분뇨 냄새(닭, 돼지, 소)"
익산시만,2021-06-29 02:00:00,1,1,"{""평화동"": 1}",3.0,3,"{""기타"": 1}",기타
익산시만,2021-06-29 05:00:00,1,1,"{""부송동"": 1}",3.0,3,"{""기타"": 1}",기타
익산시만,2021-06-29 06:00:00,1,1,"{""부송동"": 1}",3.0,3,"{""가축 분뇨 냄새(닭, 돼지, 소)"": 1}","가축 분뇨 냄새(닭, 돼지, 소)"
익산시만,2021-06-29 07:00:00,2,2,"{""팔봉동"": 1, ""부송동"": 1}",3.0,4,"{""가축 분뇨 냄새(닭, 돼지, 소)"": 1, ""공장 냄새(화학약품, 매캐함)"": 1}","가축 분뇨 냄새(닭, 돼지, 소)"
익산시만,2021-06-29 08:00:00,1,1,"{""신동"": 1}",3.0,3,"{""기타"": 1}",기타
익산시만,2021-06-29 16:00:00,1,1,"{""부송동"": 1}",4.0,4,"{""공장 냄새(화학약품, 매캐함)"": 1}","공장 냄새(화학약품, 매캐함)"
익산시만,2021-06-29 23:00:00,1,1,"{""팔봉동"": 1}",4.0,4,"{""가축 분뇨 냄새(닭, 돼지, 소)"": 1}","가축 분뇨 냄새(닭, 돼지, 소)"
익산시만,2021-06-30 00:00:00,2,2,"{""부송동"": 1, ""어양동"": 1}",4.0,5,"{""기타"": 2}",기타
익산시만,2021-06-30 02:00:00,1,1,"{""평화동"": 1}",3.0,3,"{""가축 분뇨 냄새(닭, 돼지, 소)"": 1}","가축 분뇨 냄새(닭, 돼지, 소)"
익산시만,2021-06-30 03:00:00,2,2,"{""모현동1가"": 1, ""어양동"": 1}",3.5,5,"{""기타"": 1, ""가축 분뇨 냄새(닭, 돼지, 소)"": 1}",기타
익산시만,2021-06-30 04:00:00,1,1,"{""어양동"": 1}",5.0,5,"{""공장 냄새(화학약품, 매캐함)"": 1}","공장 냄새(화학약품, 매캐함)"
익산시만,2021-06-30 06:00:00,1,1,"{""석암동"": 1}",5.0,5,"{""가축 분뇨 냄새(닭, 돼지, 소)"": 1}","가축 분뇨 냄새(닭, 돼지, 소)"
익산시만,2021-06-30 08:00:00,1,1,"{""어양동"": 1}",3.0,3,"{""공장 냄새(화학약품, 매캐함)"": 1}","공장 냄새(화학약품, 매캐함)"
익산시만,2021-06-30 17:00:00,1,1,"{""마동"": 1}",4.0,4,"{""공장 냄새(화학약품, 매캐함)"": 1}","공장 냄새(화학약품, 매캐함)"
익산시만,2021-06-30 23:00:00,2,2,"{""모현동1가"": 1, ""동산동"": 1}",3.0,3,"{""공장 냄새(화학약품, 매캐함)"": 1, ""가축 분뇨 냄새(닭, 돼지, 소)"": 1}","공장 냄새(화학약품, 매캐함)"
익산시만,2021-07-01 00:00:00,1,1,"{""낭산면 용기리"": 1}",5.0,5,"{""기타"": 1}",기타
익산시만,2021-07-01 07:00:00,1,1,"{""낭산면 용기리"": 1}",3.0,3,"{""공장 냄새(화학약품, 매캐함)"": 1}","공장 냄새(화학약품, 매캐함)"
익산시만,2021-07-01 08:00:00,1,1,"{""부송동"": 1}",3.0,3,"{""공장 냄새(화학약품, 매캐함)"": 1}","공장 냄새(화학약품, 매캐함)"
익산시만,2021-07-01 20:00:00,1,1,"{""평화동"": 1}",4.0,4,"{""가축 분뇨 냄새(닭, 돼지, 소)"": 1}","가축 분뇨 냄새(닭, 돼지, 소)"
익산시만,2021-07-01 22:00:00,1,1,"{""모현동1가"": 1}",3.0,3,"{""기타"": 1}",기타
익산시만,2021-07-02 01:00:00,2,2,"{""영등동"": 1, ""석암동"": 1}",4.0,4,"{""하수구 냄새"": 1, ""가축 분뇨 냄새(닭, 돼지, 소)"": 1}",하수구 냄새
익산시만,2021-07-02 06:00:00,2,2,"{""팔봉동"": 2}",5.0,5,"{""하수구 냄새"": 1, ""기타"": 1}",하수구 냄새
익산시만,2021-07-02 09:00:00,1,1,"{""영등동"": 1}",5.0,5,"{""공장 냄새(화학약품, 매캐함)"": 1}","공장 냄새(화학약품, 매캐함)"
익산시만,2021-07-02 17:00:00,1,1,"{""낭산면 용기리"": 1}",5.0,5,"{""기타"": 1}",기타
익산시만,2021-07-02 20:00:00,1,1,"{""낭산면 용기리"": 1}",5.0,5,"{""기타"": 1}",기타
익산시만,2021-07-02 21:00:00,1,1,"{""현영동"": 1}",4.0,4,"{""기타"": 1}",기타
익산시만,2021-07-03 04:00:00,2,2,"{""영등동"": 1, ""성당면 대선리"": 1}",4.0,5,"{""기타"": 2}",기타
익산시만,2021-07-03 06:00:00,1,1,"{""어양동"": 1}",3.0,3,"{""공장 냄새(화학약품, 매캐함)"": 1}","공장 냄새(화학약품, 매캐함)"
익산시만,2021-07-03 07:00:00,1,1,"{""동산동"": 1}",5.0,5,"{""하수구 냄새"": 1}",하수구 냄새
익산시만,2021-07-03 13:00:00,1,1,"{""부송동"": 1}",1.0,1,"{""하수구 냄새"": 1}",하수구 냄새
익산시만,2021-07-03 14:00:00,1,1,"{""용제동"": 1}",3.0,3,"{""기타"": 1}",기타
익산시만,2021-07-03 16:00:00,6,6,"{""영등동"": 2, ""어양동"": 2, ""낭산면 용기리"": 1, ""신동"": 1}",4.0,5,"{""공장 냄새(화학약품, 매캐함)"": 5, ""기타"": 1}","공장 냄새(화학약품, 매캐함)"
익산시만,2021-07-03 17:00:00,4,4,"{""낭산면 용기리"": 3, ""부송동"": 1}",4.25,5,"{""기타"": 2, ""가축 분뇨 냄새(닭, 돼지, 소)"": 2}",기타
익산시만,2021-07-03 18:00:00,1,1,"{""낭산면 용기리"": 1}",4.0,4,"{""기타"": 1}",기타
익산시만,2021-07-03 19:00:00,1,1,"{""팔봉동"": 1}",4.0,4,"{""공장 냄새(화학약품, 매캐함)"": 1}","공장 냄새(화학약품, 매캐함)"
익산시만,2021-07-03 20:00:00,1,1,"{""부송동"": 1}",5.0,5,"{""가축 분뇨 냄새(닭, 돼지, 소)"": 1}","가축 분뇨 냄새(닭, 돼지, 소)"
익산시만,2021-07-03 21:00:00,1,1,"{""부송동"": 1}",2.0,2,"{""가축 분뇨 냄새(닭, 돼지, 소)"": 1}","가축 분뇨 냄새(닭, 돼지, 소)"
익산시만,2021-07-03 23:00:00,3,3,"{""동산동"": 3}",3.6666666666666665,4,"{""가축 분뇨 냄새(닭, 돼지, 소)"": 2, ""기타"": 1}","가축 분뇨 냄새(닭, 돼지, 소)"
익산시만,2021-07-04 00:00:00,1,1,"{""영등동"": 1}",4.0,4,"{""가축 분뇨 냄새(닭, 돼지, 소)"": 1}","가축 분뇨 냄새(닭, 돼지, 소)"
익산시만,2021-07-04 09:00:00,1,1,"{""왕궁면 쌍제리"": 1}",5.0,5,"{""하수구 냄새"": 1}",하수구 냄새
익산시만,2021-07-05 03:00:00,1,1,"{""평화동"": 1}",5.0,5,"{""가축 분뇨 냄새(닭, 돼지, 소)"": 1}","가축 분뇨 냄새(닭, 돼지, 소)"
익산시만,2021-07-05 04:00:00,1,1,"{""모현동1가"": 1}",4.0,4,"{""기타"": 1}",기타
익산시만,2021-07-05 08:00:00,1,1,"{""낭산면 용기리"": 1}",4.0,4,"{""기타"": 1}",기타
익산시만,2021-07-05 09:00:00,1,1,"{""영등동"": 1}",4.0,4,"{""공장 냄새(화학약품, 매캐함)"": 1}","공장 냄새(화학약품, 매캐함)"
익산시만,2021-07-05 10:00:00,2,2,"{""어양동"": 1, ""금마면 동고도리"": 1}",4.0,5,"{""공장 냄새(화학약품, 매캐함)"": 2}","공장 냄새(화학약품, 매캐함)"
익산시만,2021-07-05 12:00:00,2,2,"{""영등동"": 1, ""부송동"": 1}",3.5,4,"{""기타"": 1, ""가축 분뇨 냄새(닭, 돼지, 소)"": 1}",기타
익산시만,2021-07-05 13:00:00,2,2,"{""모현동1가"": 1, ""신흥동"": 1}",3.0,3,"{""기타"": 1, ""가축 분뇨 냄새(닭, 돼지, 소)"": 1}",기타
익산시만,2021-07-05 15:00:00,2,2,"{""모현동1가"": 2}",3.5,4,"{""가축 분뇨 냄새(닭, 돼지, 소)"": 1, ""기타"": 1}","가축 분뇨 냄새(닭, 돼지, 소)"
익산시만,2021-07-05 17:00:00,1,1,"{""부송동"": 1}",3.0,3,"{""공장 냄새(화학약품, 매캐함)"": 1}","공장 냄새(화학약품, 매캐함)"
익산시만,2021-07-05 19:00:00,1,1,"{""낭산면 용기리"": 1}",4.0,4,"{""기타"": 1}",기타
익산시만,2021-07-05 20:00:00,2,2,"{""춘포면 쌍정리"": 1, ""부송동"": 1}",4.0,5,"{""가축 분뇨 냄새(닭, 돼지, 소)"": 2}","가축 분뇨 냄새(닭, 돼지, 소)"
익산시만,2021-07-06 08:00:00,1,1,"{""낭산면 용기리"": 1}",5.0,5,"{""기타"": 1}",기타
익산시만,2021-07-06 16:00:00,1,1,"{""부송동"": 1}",4.0,4,"{""가축 분뇨 냄새(닭, 돼지, 소)"": 1}","가축 분뇨 냄새(닭, 돼지, 소)"
익산시만,2021-07-06 17:00:00,2,2,"{""팔봉동"": 1, ""석암동"": 1}",4.5,5,"{""가축 분뇨 냄새(닭, 돼지, 소)"": 1, ""공장 냄새(화학약품, 매캐함)"": 1}","가축 분뇨 냄새(닭, 돼지, 소)"
익산시만,2021-07-06 18:00:00,1,1,"{""춘포면 쌍정리"": 1}",4.0,4,"{""하수구 냄새"": 1}",하수구 냄새
익산시만,2021-07-06 21:00:00,2,2,"{""팔봉동"": 1, ""낭산면 용기리"": 1}",4.0,4,"{""가축 분뇨 냄새(닭, 돼지, 소)"": 2}","가축 분뇨 냄새(닭, 돼지, 소)"
익산시만,2021-07-07 00:00:00,2,2,"{""부송동"": 2}",2.5,3,"{""기타"": 1, ""가축 분뇨 냄새(닭, 돼지, 소)"": 1}",기타
익산시만,2021-07-07 17:00:00,3,3,"{""부송동"": 2, ""팔봉동"": 1}",3.6666666666666665,4,"{""공장 냄새(화학약품, 매캐함)"": 2, ""가축 분뇨 냄새(닭, 돼지, 소)"": 1}","공장 냄새(화학약품, 매캐함)"
익산시만,2021-07-07 19:00:00,1,1,"{""춘포면 쌍정리"": 1}",5.0,5,"{""하수구 냄새"": 1}",하수구 냄새
익산시만,2021-07-07 20:00:00,1,1,"{""부송동"": 1}",3.0,3,"{""가축 분뇨 냄새(닭, 돼지, 소)"": 1}","가축 분뇨 냄새(닭, 돼지, 소)"
익산시만,2021-07-07 22:00:00,1,1,"{""인화동2가"": 1}",4.0,4,"{""기타"": 1}",기타
익산시만,2021-07-07 23:00:00,31,31,"{""부송동"": 8, ""어양동"": 8, ""영등동"": 8, ""동산동"": 2, ""팔봉동"": 1, ""마동"": 1, ""모현동1가"": 1, ""신동"": 1, ""오산면 장신리"": 1}",3.967741935483871,5,"{""가축 분뇨 냄새(닭, 돼지, 소)"": 13, ""기타"": 12, ""하수구 냄새"": 6}","가축 분뇨 냄새(닭, 돼지, 소)"
익산시만,2021-07-08 00:00:00,33,32,"{""영등동"": 12, ""어양동"": 11, ""부송동"": 2, ""마동"": 2, ""모현동2가"": 2, ""모현동1가"": 1, ""신흥동"": 1, ""낭산면 용기리"": 1, ""동산동"": 1}",4.212121212121212,5,"{""가축 분뇨 냄새(닭, 돼지, 소)"": 16, ""기타"": 10, ""하수구 냄새"": 6, ""공장 냄새(화학약품, 매캐함)"": 1}","가축 분뇨 냄새(닭, 돼지, 소)"
익산시만,2021-07-08 02:00:00,1,1,"{""신동"": 1}",4.0,4,"{""기타"": 1}",기타
익산시만,2021-07-08 06:00:00,1,1,"{""영등동"": 1}",5.0,5,"{""가축 분뇨 냄새(닭, 돼지, 소)"": 1}","가축 분뇨 냄새(닭, 돼지, 소)"
익산시만,2021-07-08 19:00:00,1,1,"{""삼기면 연동리"": 1}",5.0,5,"{""기타"": 1}",기타
익산시만,2021-07-08 22:00:00,1,1,"{""모현동1가"": 1}",4.0,4,"{""공장 냄새(화학약품, 매캐함)"": 1}","공장 냄새(화학약품, 매캐함)"
익산시만,2021-07-09 20:00:00,1,1,"{""팔봉동"": 1}",3.0,3,"{""공장 냄새(화학약품, 매캐함)"": 1}","공장 냄새(화학약품, 매캐함)"
익산시만,2021-07-09 21:00:00,1,1,"{""낭산면 용기리"": 1}",4.0,4,"{""기타"": 1}",기타
익산시만,2021-07-09 22:00:00,1,1,"{""평화동"": 1}",4.0,4,"{""기타"": 1}",기타
익산시만,2021-07-09 23:00:00,1,1,"{""동산동"": 1}",5.0,5,"{""기타"": 1}",기타
익산시만,2021-07-10 01:00:00,6,6,"{""영등동"": 3, ""마동"": 1, ""어양동"": 1, ""부송동"": 1}",2.8333333333333335,4,"{""기타"": 4, ""가축 분뇨 냄새(닭, 돼지, 소)"": 2}",기타
익산시만,2021-07-10 02:00:00,1,1,"{""모현동1가"": 1}",2.0,2,"{""기타"": 1}",기타
익산시만,2021-07-10 05:00:00,1,1,"{""영등동"": 1}",2.0,2,"{""가축 분뇨 냄새(닭, 돼지, 소)"": 1}","가축 분뇨 냄새(닭, 돼지, 소)"
익산시만,2021-07-10 19:00:00,1,1,"{""왕궁면 쌍제리"": 1}",5.0,5,"{""기타"": 1}",기타
익산시만,2021-07-10 21:00:00,1,1,"{""부송동"": 1}",5.0,5,"{""하수구 냄새"": 1}",하수구 냄새
익산시만,2021-07-10 22:00:00,4,4,"{""부송동"": 4}",3.75,5,"{""가축 분뇨 냄새(닭, 돼지, 소)"": 3, ""하수구 냄새"": 1}","가축 분뇨 냄새(닭, 돼지, 소)"
익산시만,2021-07-10 23:00:00,5,5,"{""부송동"": 3, ""어양동"": 1, ""모현동1가"": 1}",3.0,5,"{""가축 분뇨 냄새(닭, 돼지, 소)"": 4, ""공장 냄새(화학약품, 매캐함)"": 1}","가축 분뇨 냄새(닭, 돼지, 소)"
익산시만,2021-07-11 01:00:00,3,3,"{""동산동"": 2, ""영등동"": 1}",4.333333333333333,5,"{""가축 분뇨 냄새(닭, 돼지, 소)"": 2, ""하수구 냄새"": 1}","가축 분뇨 냄새(닭, 돼지, 소)"
익산시만,2021-07-11 02:00:00,2,2,"{""신동"": 1, ""어양동"": 1}",3.5,5,"{""기타"": 1, ""가축 분뇨 냄새(닭, 돼지, 소)"": 1}",기타
익산시만,2021-07-11 07:00:00,2,2,"{""부송동"": 1, ""함열읍 흘산리"": 1}",3.5,4,"{""기타"": 2}",기타
익산시만,2021-07-11 09:00:00,1,1,"{""삼기면 기산리"": 1}",4.0,4,"{""가축 분뇨 냄새(닭, 돼지, 소)"": 1}","가축 분뇨 냄새(닭, 돼지, 소)"
익산시만,2021-07-11 20:00:00,4,4,"{""부송동"": 3, ""어양동"": 1}",4.25,5,"{""공장 냄새(화학약품, 매캐함)"": 3, ""가축 분뇨 냄새(닭, 돼지, 소)"": 1}","공장 냄새(화학약품, 매캐함)"
익산시만,2021-07-11 21:00:00,5,5,"{""부송동"": 4, ""마동"": 1}",4.0,5,"{""가축 분뇨 냄새(닭, 돼지, 소)"": 3, ""하수구 냄새"": 1, ""기타"": 1}","가축 분뇨 냄새(닭, 돼지, 소)"
익산시만,2021-07-11 22:00:00,3,3,"{""부송동"": 3}",5.0,5,"{""공장 냄새(화학약품, 매캐함)"": 3}","공장 냄새(화학약품, 매캐함)"
익산시만,2021-07-11 23:00:00,4,4,"{""영등동"": 2, ""어양동"": 1, ""낭산면 용기리"": 1}",4.25,5,"{""기타"": 2, ""가축 분뇨 냄새(닭, 돼지, 소)"": 2}",기타
익산시만,2021-07-12 00:00:00,1,1,"{""평화동"": 1}",4.0,4,"{""가축 분뇨 냄새(닭, 돼지, 소)"": 1}","가축 분뇨 냄새(닭, 돼지, 소)"
익산시만,2021-07-12 22:00:00,2,2,"{""동산동"": 2}",5.0,5,"{""기타"": 2}",기타
익산시만,2021-07-12 23:00:00,5,5,"{""모현동1가"": 1, ""동산동"": 1, ""어양동"": 1, ""평화동"": 1, ""오산면 장신리"": 1}",3.4,4,"{""가축 분뇨 냄새(닭, 돼지, 소)"": 2, ""기타"": 2, ""하수구 냄새"": 1}","가축 분뇨 냄새(닭, 돼지, 소)"
익산시만,2021-07-13 00:00:00,5,5,"{""모현동2가"": 1, ""평화동"": 1, ""모현동1가"": 1, ""동산동"": 1, ""영등동"": 1}",4.8,5,"{""가축 분뇨 냄새(닭, 돼지, 소)"": 3, ""기타"": 2}","가축 분뇨 냄새(닭, 돼지, 소)"
익산시만,2021-07-13 01:00:00,1,1,"{""평화동"": 1}",5.0,5,"{""기타"": 1}",기타
익산시만,2021-07-13 02:00:00,1,1,"{""동산동"": 1}",5.0,5,"{""기타"": 1}",기타
익산시만,2021-07-13 07:00:00,1,1,"{""춘포면 창평리"": 1}",4.0,4,"{""가축 분뇨 냄새(닭, 돼지, 소)"": 1}","가축 분뇨 냄새(닭, 돼지, 소)"
익산시만,2021-07-13 10:00:00,1,1,"{""송학동"": 1}",3.0,3,"{""공장 냄새(화학약품, 매캐함)"": 1}","공장 냄새(화학약품, 매캐함)"
익산시만,2021-07-13 19:00:00,7,7,"{""동산동"": 2, ""영등동"": 2, ""어양동"": 1, ""신동"": 1, ""인화동2가"": 1}",3.4285714285714284,5,"{""가축 분뇨 냄새(닭, 돼지, 소)"": 4, ""하수구 냄새"": 2, ""기타"": 1}","가축 분뇨 냄새(닭, 돼지, 소)"
익산시만,2021-07-13 20:00:00,5,4,"{""모현동1가"": 3, ""동산동"": 1, ""송학동"": 1}",4.2,5,"{""가축 분뇨 냄새(닭, 돼지, 소)"": 3, ""기타"": 1, ""공장 냄새(화학약품, 매캐함)"": 1}","가축 분뇨 냄새(닭, 돼지, 소)"
익산시만,2021-07-13 21:00:00,1,1,"{""동산동"": 1}",5.0,5,"{""기타"": 1}",기타
익산시만,2021-07-13 22:00:00,3,3,"{""인화동2가"": 1, ""동산동"": 1, ""신동"": 1}",4.333333333333333,5,"{""하수구 냄새"": 2, ""기타"": 1}",하수구 냄새
익산시만,2021-07-13 23:00:00,3,3,"{""동산동"": 1, ""모현동2가"": 1, ""평화동"": 1}",4.666666666666667,5,"{""기타"": 2, ""가축 분뇨 냄새(닭, 돼지, 소)"": 1}",기타
익산시만,2021-07-14 03:00:00,1,1,"{""부송동"": 1}",5.0,5,"{""하수구 냄새"": 1}",하수구 냄새
익산시만,2021-07-14 04:00:00,1,1,"{""신동"": 1}",5.0,5,"{""가축 분뇨 냄새(닭, 돼지, 소)"": 1}","가축 분뇨 냄새(닭, 돼지, 소)"
익산시만,2021-07-14 09:00:00,1,1,"{""함열읍 석매리"": 1}",4.0,4,"{""기타"": 1}",기타
익산시만,2021-07-14 19:00:00,6,6,"{""부송동"": 4, ""신흥동"": 1, ""어양동"": 1}",3.6666666666666665,5,"{""기타"": 3, ""가축 분뇨 냄새(닭, 돼지, 소)"": 2, ""하수구 냄새"": 1}",기타
익산시만,2021-07-14 20:00:00,9,9,"{""부송동"": 4, ""영등동"": 2, ""모현동2가"": 1, ""팔봉동"": 1, ""신동"": 1}",4.0,5,"{""기타"": 6, ""가축 분뇨 냄새(닭, 돼지, 소)"": 2, ""하수구 냄새"": 1}",기타
익산시만,2021-07-14 21:00:00,50,47,"{""동산동"": 20, ""어양동"": 10, ""부송동"": 5, ""영등동"": 4, ""신동"": 3, ""주현동"": 2, ""마동"": 2, ""평화동"": 1, ""신흥동"": 1, ""금강동"": 1, ""모현동1가"": 1}",4.16,5,"{""기타"": 21, ""가축 분뇨 냄새(닭, 돼지, 소)"": 21, ""하수구 냄새"": 8}",기타
익산시만,2021-07-14 22:00:00,20,20,"{""어양동"": 6, ""동산동"": 5, ""영등동"": 3, ""마동"": 2, ""신동"": 2, ""평화동"": 1, ""부송동"": 1}",4.25,5,"{""가축 분뇨 냄새(닭, 돼지, 소)"": 14, ""기타"": 4, ""하수구 냄새"": 2}","가축 분뇨 냄새(닭, 돼지, 소)"
익산시만,2021-07-14 23:00:00,19,17,"{""부송동"": 7, ""어양동"": 4, ""모현동1가"": 3, ""영등동"": 3, ""송학동"": 1, ""팔봉동"": 1}",4.105263157894737,5,"{""가축 분뇨 냄새(닭, 돼지, 소)"": 9, ""하수구 냄새"": 6, ""기타"": 4}","가축 분뇨 냄새(닭, 돼지, 소)"
익산시만,2021-07-15 00:00:00,17,17,"{""영등동"": 3, ""팔봉동"": 3, ""어양동"": 3, ""모현동1가"": 2, ""동산동"": 2, ""부송동"": 2, ""금강동"": 1, ""모현동2가"": 1}",4.588235294117647,5,"{""기타"": 9, ""가축 분뇨 냄새(닭, 돼지, 소)"": 8}",기타
익산시만,2021-07-15 01:00:00,5,5,"{""송학동"": 2, ""모현동1가"": 2, ""부송동"": 1}",4.2,5,"{""기타"": 2, ""가축 분뇨 냄새(닭, 돼지, 소)"": 2, ""공장 냄새(화학약품, 매캐함)"": 1}",기타
익산시만,2021-07-15 02:00:00,2,2,"{""모현동1가"": 2}",4.5,5,"{""기타"": 1, ""가축 분뇨 냄새(닭, 돼지, 소)"": 1}",기타
익산시만,2021-07-15 04:00:00,1,1,"{""부송동"": 1}",3.0,3,"{""가축 분뇨 냄새(닭, 돼지, 소)"": 1}","가축 분뇨 냄새(닭, 돼지, 소)"
익산시만,2021-07-15 06:00:00,3,3,"{""영등동"": 2, ""부송동"": 1}",3.6666666666666665,5,"{""가축 분뇨 냄새(닭, 돼지, 소)"": 2, ""기타"": 1}","가축 분뇨 냄새(닭, 돼지, 소)"
익산시만,2021-07-15 07:00:00,4,4,"{""부송동"": 2, ""낭산면 용기리"": 1, ""동산동"": 1}",3.5,4,"{""가축 분뇨 냄새(닭, 돼지, 소)"": 2, ""공장 냄새(화학약품, 매캐함)"": 1, ""기타"": 1}","가축 분뇨 냄새(닭, 돼지, 소)"
익산시만,2021-07-15 08:00:00,2,2,"{""어양동"": 1, ""부송동"": 1}",5.0,5,"{""기타"": 2}",기타
익산시만,2021-07-15 21:00:00,1,1,"{""춘포면 쌍정리"": 1}",5.0,5,"{""가축 분뇨 냄새(닭, 돼지, 소)"": 1}","가축 분뇨 냄새(닭, 돼지, 소)"
익산시만,2021-07-15 22:00:00,1,1,"{""신흥동"": 1}",4.0,4,"{""가축 분뇨 냄새(닭, 돼지, 소)"": 1}","가축 분뇨 냄새(닭, 돼지, 소)"
익산시만,2021-07-15 23:00:00,5,5,"{""동산동"": 2, ""주현동"": 1, ""어양동"": 1, ""평화동"": 1}",3.4,4,"{""기타"": 3, ""가축 분뇨 냄새(닭, 돼지, 소)"": 2}",기타
익산시만,2021-07-16 01:00:00,7,7,"{""부송동"": 2, ""모현동1가"": 2, ""평화동"": 1, ""신동"": 1, ""동산동"": 1}",4.714285714285714,5,"{""하수구 냄새"": 2, ""가축 분뇨 냄새(닭, 돼지, 소)"": 2, ""기타"": 2, ""공장 냄새(화학약품, 매캐함)"": 1}",하수구 냄새
익산시만,2021-07-16 03:00:00,2,2,"{""부송동"": 1, ""영등동"": 1}",4.5,5,"{""하수구 냄새"": 1, ""음식조리 냄새"": 1}",하수구 냄새
익산시만,2021-07-16 04:00:00,1,1,"{""부송동"": 1}",3.0,3,"{""공장 냄새(화학약품, 매캐함)"": 1}","공장 냄새(화학약품, 매캐함)"
익산시만,2021-07-16 05:00:00,4,4,"{""모현동1가"": 2, ""신동"": 1, ""평화동"": 1}",3.75,4,"{""기타"": 3, ""하수구 냄새"": 1}",기타
익산시만,2021-07-16 06:00:00,4,4,"{""영등동"": 2, ""모현동1가"": 1, ""신동"": 1}",3.75,4,"{""기타"": 3, ""하수구 냄새"": 1}",기타
익산시만,2021-07-16 12:00:00,1,1,"{""모현동1가"": 1}",4.0,4,"{""가축 분뇨 냄새(닭, 돼지, 소)"": 1}","가축 분뇨 냄새(닭, 돼지, 소)"
익산시만,2021-07-16 18:00:00,5,5,"{""동산동"": 4, ""모현동1가"": 1}",3.4,4,"{""기타"": 3, ""가축 분뇨 냄새(닭, 돼지, 소)"": 1, ""하수구 냄새"": 1}",기타
익산시만,2021-07-16 19:00:00,5,5,"{""동산동"": 2, ""모현동1가"": 2, ""주현동"": 1}",3.8,5,"{""가축 분뇨 냄새(닭, 돼지, 소)"": 4, ""하수구 냄새"": 1}","가축 분뇨 냄새(닭, 돼지, 소)"
익산시만,2021-07-16 20:00:00,2,2,"{""팔봉동"": 1, ""춘포면 쌍정리"": 1}",4.5,5,"{""공장 냄새(화학약품, 매캐함)"": 1, ""가축 분뇨 냄새(닭, 돼지, 소)"": 1}","공장 냄새(화학약품, 매캐함)"
익산시만,2021-07-16 21:00:00,1,1,"{""부송동"": 1}",4.0,4,"{""공장 냄새(화학약품, 매캐함)"": 1}","공장 냄새(화학약품, 매캐함)"
익산시만,2021-07-16 22:00:00,2,2,"{""어양동"": 2}",4.0,4,"{""기타"": 2}",기타
익산시만,2021-07-17 00:00:00,2,2,"{""부송동"": 2}",3.5,4,"{""하수구 냄새"": 1, ""가축 분뇨 냄새(닭, 돼지, 소)"": 1}",하수구 냄새
익산시만,2021-07-17 05:00:00,1,1,"{""부송동"": 1}",4.0,4,"{""공장 냄새(화학약품, 매캐함)"": 1}","공장 냄새(화학약품, 매캐함)"
익산시만,2021-07-17 07:00:00,1,1,"{""동산동"": 1}",4.0,4,"{""가축 분뇨 냄새(닭, 돼지, 소)"": 1}","가축 분뇨 냄새(닭, 돼지, 소)"
익산시만,2021-07-17 08:00:00,2,2,"{""어양동"": 1, ""낭산면 용기리"": 1}",3.5,4,"{""기타"": 1, ""공장 냄새(화학약품, 매캐함)"": 1}",기타
익산시만,2021-07-17 19:00:00,2,2,"{""낭산면 용기리"": 2}",5.0,5,"{""기타"": 2}",기타
익산시만,2021-07-17 20:00:00,2,2,"{""춘포면 쌍정리"": 1, ""어양동"": 1}",4.5,5,"{""가축 분뇨 냄새(닭, 돼지, 소)"": 1, ""기타"": 1}","가축 분뇨 냄새(닭, 돼지, 소)"
익산시만,2021-07-17 21:00:00,2,2,"{""부송동"": 1, ""평화동"": 1}",4.5,5,"{""가축 분뇨 냄새(닭, 돼지, 소)"": 1, ""기타"": 1}","가축 분뇨 냄새(닭, 돼지, 소)"
익산시만,2021-07-18 06:00:00,1,1,"{""신동"": 1}",3.0,3,"{""가축 분뇨 냄새(닭, 돼지, 소)"": 1}","가축 분뇨 냄새(닭, 돼지, 소)"
익산시만,2021-07-18 07:00:00,1,1,"{""낭산면 용기리"": 1}",5.0,5,"{""기타"": 1}",기타
익산시만,2021-07-18 15:00:00,1,1,"{""용동면 용성리"": 1}",5.0,5,"{""기타"": 1}",기타
익산시만,2021-07-18 19:00:00,1,1,"{""부송동"": 1}",4.0,4,"{""가축 분뇨 냄새(닭, 돼지, 소)"": 1}","가축 분뇨 냄새(닭, 돼지, 소)"
익산시만,2021-07-18 20:00:00,6,6,"{""어양동"": 4, ""동산동"": 1, ""낭산면 용기리"": 1}",4.166666666666667,5,"{""기타"": 4, ""가축 분뇨 냄새(닭, 돼지, 소)"": 1, ""공장 냄새(화학약품, 매캐함)"": 1}",기타
익산시만,2021-07-18 21:00:00,1,1,"{""춘포면 쌍정리"": 1}",5.0,5,"{""가축 분뇨 냄새(닭, 돼지, 소)"": 1}","가축 분뇨 냄새(닭, 돼지, 소)"
익산시만,2021-07-18 22:00:00,1,1,"{""낭산면 용기리"": 1}",4.0,4,"{""기타"": 1}",기타
익산시만,2021-07-19 00:00:00,1,1,"{""부송동"": 1}",5.0,5,"{""공장 냄새(화학약품, 매캐함)"": 1}","공장 냄새(화학약품, 매캐함)"
익산시만,2021-07-19 08:00:00,3,3,"{""춘포면 쌍정리"": 1, ""신용동"": 1, ""모현동1가"": 1}",3.6666666666666665,4,"{""가축 분뇨 냄새(닭, 돼지, 소)"": 2, ""기타"": 1}","가축 분뇨 냄새(닭, 돼지, 소)"
익산시만,2021-07-19 18:00:00,1,1,"{""왕궁면 온수리"": 1}",5.0,5,"{""가축 분뇨 냄새(닭, 돼지, 소)"": 1}","가축 분뇨 냄새(닭, 돼지, 소)"
익산시만,2021-07-19 19:00:00,1,1,"{""낭산면 용기리"": 1}",4.0,4,"{""기타"": 1}",기타
익산시만,2021-07-19 20:00:00,3,3,"{""어양동"": 1, ""낭산면 용기리"": 1, ""신동"": 1}",4.0,5,"{""기타"": 3}",기타
익산시만,2021-07-19 21:00:00,1,1,"{""춘포면 쌍정리"": 1}",4.0,4,"{""가축 분뇨 냄새(닭, 돼지, 소)"": 1}","가축 분뇨 냄새(닭, 돼지, 소)"
익산시만,2021-07-19 22:00:00,3,3,"{""마동"": 2, ""금강동"": 1}",3.6666666666666665,4,"{""하수구 냄새"": 2, ""가축 분뇨 냄새(닭, 돼지, 소)"": 1}",하수구 냄새
익산시만,2021-07-19 23:00:00,1,1,"{""모현동1가"": 1}",3.0,3,"{""하수구 냄새"": 1}",하수구 냄새
익산시만,2021-07-20 00:00:00,1,1,"{""낭산면 용기리"": 1}",5.0,5,"{""기타"": 1}",기타
익산시만,2021-07-20 02:00:00,1,1,"{""신동"": 1}",5.0,5,"{""기타"": 1}",기타
익산시만,2021-07-20 05:00:00,3,3,"{""동산동"": 1, ""어양동"": 1, ""평화동"": 1}",4.666666666666667,5,"{""기타"": 2, ""가축 분뇨 냄새(닭, 돼지, 소)"": 1}",기타
익산시만,2021-07-20 06:00:00,1,1,"{""만석동"": 1}",5.0,5,"{""기타"": 1}",기타
익산시만,2021-07-20 17:00:00,1,1,"{""낭산면 용기리"": 1}",4.0,4,"{""기타"": 1}",기타
익산시만,2021-07-20 20:00:00,2,2,"{""어양동"": 2}",4.5,5,"{""기타"": 2}",기타
익산시만,2021-07-20 21:00:00,7,7,"{""마동"": 2, ""황등면 황등리"": 1, ""영등동"": 1, ""금강동"": 1, ""어양동"": 1, ""동산동"": 1}",3.7142857142857144,5,"{""기타"": 4, ""가축 분뇨 냄새(닭, 돼지, 소)"": 2, ""공장 냄새(화학약품, 매캐함)"": 1}",기타
익산시만,2021-07-20 22:00:00,16,16,"{""어양동"": 12, ""팔봉동"": 2, ""영등동"": 1, ""부송동"": 1}",4.25,5,"{""기타"": 7, ""가축 분뇨 냄새(닭, 돼지, 소)"": 5, ""하수구 냄새"": 3, ""공장 냄새(화학약품, 매캐함)"": 1}",기타
익산시만,2021-07-20 23:00:00,26,26,"{""부송동"": 9, ""어양동"": 5, ""영등동"": 5, ""신동"": 4, ""모현동1가"": 2, ""팔봉동"": 1}",4.5,5,"{""가축 분뇨 냄새(닭, 돼지, 소)"": 14, ""기타"": 8, ""하수구 냄새"": 4}","가축 분뇨 냄새(닭, 돼지, 소)"
익산시만,2021-07-21 00:00:00,11,11,"{""부송동"": 5, ""어양동"": 4, ""영등동"": 1, ""모현동2가"": 1}",4.363636363636363,5,"{""가축 분뇨 냄새(닭, 돼지, 소)"": 5, ""기타"": 3, ""하수구 냄새"": 2, ""공장 냄새(화학약품, 매캐함)"": 1}","가축 분뇨 냄새(닭, 돼지, 소)"
익산시만,2021-07-21 02:00:00,1,1,"{""마동"": 1}",4.0,4,"{""기타"": 1}",기타
익산시만,2021-07-21 03:00:00,4,4,"{""어양동"": 1, ""신동"": 1, ""부송동"": 1, ""영등동"": 1}",4.5,5,"{""기타"": 2, ""음식조리 냄새"": 1, ""가축 분뇨 냄새(닭, 돼지, 소)"": 1}",기타
익산시만,2021-07-21 05:00:00,4,4,"{""동산동"": 1, ""황등면 황등리"": 1, ""영등동"": 1, ""모현동1가"": 1}",4.5,5,"{""기타"": 2, ""하수구 냄새"": 1, ""가축 분뇨 냄새(닭, 돼지, 소)"": 1}",기타
익산시만,2021-07-21 06:00:00,5,5,"{""동산동"": 1, ""어양동"": 1, ""부송동"": 1, ""신흥동"": 1, ""마동"": 1}",3.8,4,"{""기타"": 2, ""가축 분뇨 냄새(닭, 돼지, 소)"": 2, ""하수구 냄새"": 1}",기타
익산시만,2021-07-21 07:00:00,1,1,"{""영등동"": 1}",2.0,2,"{""기타"": 1}",기타
익산시만,2021-07-21 15:00:00,1,1,"{""낭산면 용기리"": 1}",5.0,5,"{""기타"": 1}",기타
익산시만,2021-07-21 19:00:00,1,1,"{""낭산면 용기리"": 1}",3.0,3,"{""공장 냄새(화학약품, 매캐함)"": 1}","공장 냄새(화학약품, 매캐함)"
익산시만,2021-07-21 20:00:00,1,1,"{""동산동"": 1}",4.0,4,"{""하수구 냄새"": 1}",하수구 냄새
익산시만,2021-07-22 00:00:00,2,2,"{""낭산면 용기리"": 1, ""모현동1가"": 1}",4.0,4,"{""기타"": 1, ""하수구 냄새"": 1}",기타
익산시만,2021-07-22 01:00:00,1,1,"{""동산동"": 1}",3.0,3,"{""가축 분뇨 냄새(닭, 돼지, 소)"": 1}","가축 분뇨 냄새(닭, 돼지, 소)"
익산시만,2021-07-22 05:00:00,1,1,"{""영등동"": 1}",4.0,4,"{""기타"": 1}",기타
익산시만,2021-07-22 06:00:00,1,1,"{""춘포면 쌍정리"": 1}",5.0,5,"{""하수구 냄새"": 1}",하수구 냄새
익산시만,2021-07-22 09:00:00,1,1,"{""낭산면 용기리"": 1}",4.0,4,"{""기타"": 1}",기타
익산시만,2021-07-22 19:00:00,4,4,"{""부송동"": 4}",3.5,4,"{""하수구 냄새"": 1, ""공장 냄새(화학약품, 매캐함)"": 1, ""가축 분뇨 냄새(닭, 돼지, 소)"": 1, ""기타"": 1}",하수구 냄새
익산시만,2021-07-22 20:00:00,3,3,"{""춘포면 쌍정리"": 1, ""함열읍 석매리"": 1, ""어양동"": 1}",3.6666666666666665,4,"{""기타"": 2, ""가축 분뇨 냄새(닭, 돼지, 소)"": 1}",기타
익산시만,2021-07-22 21:00:00,3,3,"{""영등동"": 1, ""어양동"": 1, ""신동"": 1}",4.0,5,"{""기타"": 2, ""하수구 냄새"": 1}",기타
익산시만,2021-07-22 22:00:00,1,1,"{""어양동"": 1}",4.0,4,"{""가축 분뇨 냄새(닭, 돼지, 소)"": 1}","가축 분뇨 냄새(닭, 돼지, 소)"
익산시만,2021-07-22 23:00:00,2,2,"{""금강동"": 1, ""어양동"": 1}",4.5,5,"{""가축 분뇨 냄새(닭, 돼지, 소)"": 1, ""기타"": 1}","가축 분뇨 냄새(닭, 돼지, 소)"
익산시만,2021-07-23 01:00:00,1,1,"{""부송동"": 1}",3.0,3,"{""공장 냄새(화학약품, 매캐함)"": 1}","공장 냄새(화학약품, 매캐함)"
익산시만,2021-07-23 04:00:00,1,1,"{""낭산면 용기리"": 1}",5.0,5,"{""기타"": 1}",기타
익산시만,2021-07-23 06:00:00,1,1,"{""낭산면 용기리"": 1}",3.0,3,"{""공장 냄새(화학약품, 매캐함)"": 1}","공장 냄새(화학약품, 매캐함)"
익산시만,2021-07-23 08:00:00,1,1,"{""낭산면 용기리"": 1}",4.0,4,"{""기타"": 1}",기타
익산시만,2021-07-23 09:00:00,1,1,"{""낭산면 용기리"": 1}",4.0,4,"{""기타"": 1}",기타
익산시만,2021-07-23 18:00:00,3,2,"{""낭산면 용기리"": 3}",4.333333333333333,5,"{""기타"": 3}",기타
익산시만,2021-07-23 19:00:00,1,1,"{""낭산면 용기리"": 1}",5.0,5,"{""가축 분뇨 냄새(닭, 돼지, 소)"": 1}","가축 분뇨 냄새(닭, 돼지, 소)"
익산시만,2021-07-23 20:00:00,1,1,"{""어양동"": 1}",4.0,4,"{""공장 냄새(화학약품, 매캐함)"": 1}","공장 냄새(화학약품, 매캐함)"
익산시만,2021-07-23 21:00:00,1,1,"{""부송동"": 1}",5.0,5,"{""공장 냄새(화학약품, 매캐함)"": 1}","공장 냄새(화학약품, 매캐함)"
익산시만,2021-07-23 22:00:00,5,5,"{""어양동"": 4, ""부송동"": 1}",4.8,5,"{""가축 분뇨 냄새(닭, 돼지, 소)"": 4, ""하수구 냄새"": 1}","가축 분뇨 냄새(닭, 돼지, 소)"
익산시만,2021-07-23 23:00:00,11,11,"{""부송동"": 6, ""어양동"": 2, ""팔봉동"": 1, ""신동"": 1, ""영등동"": 1}",4.2727272727272725,5,"{""가축 분뇨 냄새(닭, 돼지, 소)"": 6, ""기타"": 3, ""공장 냄새(화학약품, 매캐함)"": 1, ""하수구 냄새"": 1}","가축 분뇨 냄새(닭, 돼지, 소)"
익산시만,2021-07-24 03:00:00,1,1,"{""낭산면 용기리"": 1}",5.0,5,"{""기타"": 1}",기타
익산시만,2021-07-24 05:00:00,1,1,"{""모현동1가"": 1}",3.0,3,"{""가축 분뇨 냄새(닭, 돼지, 소)"": 1}","가축 분뇨 냄새(닭, 돼지, 소)"
익산시만,2021-07-24 06:00:00,2,2,"{""영등동"": 1, ""낭산면 용기리"": 1}",2.5,3,"{""기타"": 1, ""공장 냄새(화학약품, 매캐함)"": 1}",기타
익산시만,2021-07-24 11:00:00,2,2,"{""낭산면 용기리"": 2}",3.0,4,"{""기타"": 1, ""공장 냄새(화학약품, 매캐함)"": 1}",기타
익산시만,2021-07-24 21:00:00,1,1,"{""춘포면 쌍정리"": 1}",4.0,4,"{""가축 분뇨 냄새(닭, 돼지, 소)"": 1}","가축 분뇨 냄새(닭, 돼지, 소)"
익산시만,2021-07-24 22:00:00,1,1,"{""어양동"": 1}",5.0,5,"{""가축 분뇨 냄새(닭, 돼지, 소)"": 1}","가축 분뇨 냄새(닭, 돼지, 소)"
익산시만,2021-07-24 23:00:00,2,2,"{""부송동"": 1, ""모현동1가"": 1}",4.5,5,"{""공장 냄새(화학약품, 매캐함)"": 2}","공장 냄새(화학약품, 매캐함)"
익산시만,2021-07-25 00:00:00,9,8,"{""마동"": 2, ""어양동"": 2, ""영등동"": 2, ""팔봉동"": 2, ""모현동1가"": 1}",3.7777777777777777,5,"{""가축 분뇨 냄새(닭, 돼지, 소)"": 4, ""기타"": 4, ""공장 냄새(화학약품, 매캐함)"": 1}","가축 분뇨 냄새(닭, 돼지, 소)"
익산시만,2021-07-25 01:00:00,1,1,"{""부송동"": 1}",5.0,5,"{""기타"": 1}",기타
익산시만,2021-07-25 06:00:00,2,2,"{""동산동"": 1, ""모현동1가"": 1}",5.0,5,"{""공장 냄새(화학약품, 매캐함)"": 2}","공장 냄새(화학약품, 매캐함)"
익산시만,2021-07-25 07:00:00,1,1,"{""낭산면 용기리"": 1}",3.0,3,"{""공장 냄새(화학약품, 매캐함)"": 1}","공장 냄새(화학약품, 매캐함)"
익산시만,2021-07-25 08:00:00,1,1,"{""낭산면 용기리"": 1}",3.0,3,"{""공장 냄새(화학약품, 매캐함)"": 1}","공장 냄새(화학약품, 매캐함)"
익산시만,2021-07-25 09:00:00,2,2,"{""어양동"": 1, ""낭산면 용기리"": 1}",3.5,4,"{""기타"": 1, ""공장 냄새(화학약품, 매캐함)"": 1}",기타
익산시만,2021-07-25 15:00:00,4,3,"{""낭산면 용기리"": 4}",4.0,4,"{""기타"": 4}",기타
익산시만,2021-07-25 16:00:00,2,2,"{""낭산면 용기리"": 2}",3.0,3,"{""가축 분뇨 냄새(닭, 돼지, 소)"": 2}","가축 분뇨 냄새(닭, 돼지, 소)"
익산시만,2021-07-25 18:00:00,1,1,"{""낭산면 용기리"": 1}",5.0,5,"{""기타"": 1}",기타
익산시만,2021-07-25 19:00:00,2,2,"{""마동"": 1, ""팔봉동"": 1}",4.0,4,"{""가축 분뇨 냄새(닭, 돼지, 소)"": 1, ""기타"": 1}","가축 분뇨 냄새(닭, 돼지, 소)"
익산시만,2021-07-25 20:00:00,1,1,"{""팔봉동"": 1}",4.0,4,"{""기타"": 1}",기타
익산시만,2021-07-25 21:00:00,14,14,"{""부송동"": 7, ""어양동"": 5, ""영등동"": 1, ""춘포면 쌍정리"": 1}",4.071428571428571,5,"{""가축 분뇨 냄새(닭, 돼지, 소)"": 6, ""기타"": 5, ""하수구 냄새"": 3}","가축 분뇨 냄새(닭, 돼지, 소)"
익산시만,2021-07-25 22:00:00,10,10,"{""어양동"": 5, ""부송동"": 3, ""신동"": 1, ""낭산면 용기리"": 1}",4.3,5,"{""기타"": 6, ""가축 분뇨 냄새(닭, 돼지, 소)"": 3, ""하수구 냄새"": 1}",기타
익산시만,2021-07-25 23:00:00,7,7,"{""부송동"": 4, ""어양동"": 2, ""삼기면 오룡리"": 1}",4.714285714285714,5,"{""기타"": 5, ""하수구 냄새"": 2}",기타
익산시만,2021-07-26 00:00:00,1,1,"{""어양동"": 1}",5.0,5,"{""기타"": 1}",기타
익산시만,2021-07-26 03:00:00,1,1,"{""동산동"": 1}",5.0,5,"{""가축 분뇨 냄새(닭, 돼지, 소)"": 1}","가축 분뇨 냄새(닭, 돼지, 소)"
익산시만,2021-07-26 06:00:00,1,1,"{""낭산면 용기리"": 1}",4.0,4,"{""가축 분뇨 냄새(닭, 돼지, 소)"": 1}","가축 분뇨 냄새(닭, 돼지, 소)"
익산시만,2021-07-26 07:00:00,2,1,"{""낭산면 용기리"": 2}",4.0,4,"{""기타"": 2}",기타
익산시만,2021-07-26 08:00:00,1,1,"{""낭산면 용기리"": 1}",4.0,4,"{""기타"": 1}",기타
익산시만,2021-07-26 09:00:00,1,1,"{""신흥동"": 1}",3.0,3,"{""가축 분뇨 냄새(닭, 돼지, 소)"": 1}","가축 분뇨 냄새(닭, 돼지, 소)"
익산시만,2021-07-26 15:00:00,3,3,"{""낭산면 용기리"": 3}",5.0,5,"{""기타"": 3}",기타
익산시만,2021-07-26 17:00:00,2,2,"{""낭산면 용기리"": 2}",4.5,5,"{""기타"": 2}",기타
익산시만,2021-07-26 18:00:00,1,1,"{""부송동"": 1}",3.0,3,"{""공장 냄새(화학약품, 매캐함)"": 1}","공장 냄새(화학약품, 매캐함)"
익산시만,2021-07-26 19:00:00,1,1,"{""부송동"": 1}",3.0,3,"{""하수구 냄새"": 1}",하수구 냄새
익산시만,2021-07-26 20:00:00,4,4,"{""팔봉동"": 1, ""망성면 화산리"": 1, ""낭산면 용기리"": 1, ""부송동"": 1}",4.25,5,"{""기타"": 3, ""가축 분뇨 냄새(닭, 돼지, 소)"": 1}",기타
익산시만,2021-07-26 21:00:00,15,15,"{""어양동"": 6, ""부송동"": 3, ""영등동"": 3, ""망성면 신작리"": 1, ""마동"": 1, ""춘포면 쌍정리"": 1}",3.6666666666666665,5,"{""기타"": 7, ""가축 분뇨 냄새(닭, 돼지, 소)"": 7, ""공장 냄새(화학약품, 매캐함)"": 1}",기타
익산시만,2021-07-26 22:00:00,6,6,"{""부송동"": 2, ""영등동"": 1, ""어양동"": 1, ""신동"": 1, ""인화동2가"": 1}",4.166666666666667,5,"{""가축 분뇨 냄새(닭, 돼지, 소)"": 3, ""기타"": 2, ""공장 냄새(화학약품, 매캐함)"": 1}","가축 분뇨 냄새(닭, 돼지, 소)"
익산시만,2021-07-26 23:00:00,6,6,"{""부송동"": 2, ""주현동"": 1, ""영등동"": 1, ""모현동2가"": 1, ""어양동"": 1}",3.8333333333333335,5,"{""기타"": 3, ""가축 분뇨 냄새(닭, 돼지, 소)"": 2, ""하수구 냄새"": 1}",기타
익산시만,2021-07-27 00:00:00,3,3,"{""낭산면 용기리"": 2, ""어양동"": 1}",4.666666666666667,5,"{""기타"": 3}",기타
익산시만,2021-07-27 02:00:00,1,1,"{""마동"": 1}",3.0,3,"{""공장 냄새(화학약품, 매캐함)"": 1}","공장 냄새(화학약품, 매캐함)"
익산시만,2021-07-27 03:00:00,3,3,"{""낭산면 용기리"": 1, ""마동"": 1, ""부송동"": 1}",4.666666666666667,5,"{""가축 분뇨 냄새(닭, 돼지, 소)"": 2, ""공장 냄새(화학약품, 매캐함)"": 1}","가축 분뇨 냄새(닭, 돼지, 소)"
익산시만,2021-07-27 05:00:00,1,1,"{""부송동"": 1}",4.0,4,"{""공장 냄새(화학약품, 매캐함)"": 1}","공장 냄새(화학약품, 매캐함)"
익산시만,2021-07-27 06:00:00,2,2,"{""낭산면 용기리"": 1, ""동산동"": 1}",3.5,4,"{""공장 냄새(화학약품, 매캐함)"": 1, ""기타"": 1}","공장 냄새(화학약품, 매캐함)"
익산시만,2021-07-27 07:00:00,1,1,"{""부송동"": 1}",4.0,4,"{""공장 냄새(화학약품, 매캐함)"": 1}","공장 냄새(화학약품, 매캐함)"
익산시만,2021-07-27 08:00:00,1,1,"{""황등면 신기리"": 1}",4.0,4,"{""기타"": 1}",기타
익산시만,2021-07-27 22:00:00,1,1,"{""부송동"": 1}",5.0,5,"{""기타"": 1}",기타
익산시만,2021-07-28 02:00:00,1,1,"{""어양동"": 1}",3.0,3,"{""공장 냄새(화학약품, 매캐함)"": 1}","공장 냄새(화학약품, 매캐함)"
익산시만,2021-07-28 04:00:00,1,1,"{""영등동"": 1}",3.0,3,"{""가축 분뇨 냄새(닭, 돼지, 소)"": 1}","가축 분뇨 냄새(닭, 돼지, 소)"
익산시만,2021-07-28 06:00:00,3,3,"{""모현동1가"": 1, ""팔봉동"": 1, ""영등동"": 1}",3.3333333333333335,4,"{""기타"": 2, ""가축 분뇨 냄새(닭, 돼지, 소)"": 1}",기타
익산시만,2021-07-28 07:00:00,1,1,"{""부송동"": 1}",4.0,4,"{""가축 분뇨 냄새(닭, 돼지, 소)"": 1}","가축 분뇨 냄새(닭, 돼지, 소)"
익산시만,2021-07-28 20:00:00,3,3,"{""동산동"": 3}",4.666666666666667,5,"{""가축 분뇨 냄새(닭, 돼지, 소)"": 2, ""하수구 냄새"": 1}","가축 분뇨 냄새(닭, 돼지, 소)"
익산시만,2021-07-28 21:00:00,5,5,"{""동산동"": 2, ""마동"": 1, ""신동"": 1, ""어양동"": 1}",3.6,5,"{""기타"": 4, ""공장 냄새(화학약품, 매캐함)"": 1}",기타
익산시만,2021-07-28 22:00:00,1,1,"{""팔봉동"": 1}",4.0,4,"{""공장 냄새(화학약품, 매캐함)"": 1}","공장 냄새(화학약품, 매캐함)"
익산시만,2021-07-28 23:00:00,1,1,"{""신흥동"": 1}",4.0,4,"{""가축 분뇨 냄새(닭, 돼지, 소)"": 1}","가축 분뇨 냄새(닭, 돼지, 소)"
익산시만,2021-07-29 07:00:00,2,2,"{""영등동"": 1, ""낭산면 용기리"": 1}",3.0,4,"{""가축 분뇨 냄새(닭, 돼지, 소)"": 1, ""기타"": 1}","가축 분뇨 냄새(닭, 돼지, 소)"
익산시만,2021-07-29 21:00:00,3,3,"{""낭산면 용기리"": 3}",4.0,5,"{""가축 분뇨 냄새(닭, 돼지, 소)"": 2, ""기타"": 1}","가축 분뇨 냄새(닭, 돼지, 소)"
익산시만,2021-07-29 23:00:00,1,1,"{""낭산면 용기리"": 1}",4.0,4,"{""기타"": 1}",기타
익산시만,2021-07-30 03:00:00,2,2,"{""주현동"": 1, ""모현동1가"": 1}",4.5,5,"{""기타"": 2}",기타
익산시만,2021-07-30 04:00:00,1,1,"{""신동"": 1}",5.0,5,"{""기타"": 1}",기타
익산시만,2021-07-30 05:00:00,2,2,"{""영등동"": 1, ""부송동"": 1}",3.0,3,"{""기타"": 2}",기타
익산시만,2021-07-30 06:00:00,3,3,"{""부송동"": 1, ""어양동"": 1, ""평화동"": 1}",4.666666666666667,5,"{""가축 분뇨 냄새(닭, 돼지, 소)"": 1, ""공장 냄새(화학약품, 매캐함)"": 1, ""기타"": 1}","가축 분뇨 냄새(닭, 돼지, 소)"
익산시만,2021-07-30 07:00:00,3,3,"{""동산동"": 1, ""영등동"": 1, ""마동"": 1}",4.0,5,"{""기타"": 3}",기타
익산시만,2021-07-30 19:00:00,1,1,"{""마동"": 1}",4.0,4,"{""가축 분뇨 냄새(닭, 돼지, 소)"": 1}","가축 분뇨 냄새(닭, 돼지, 소)"
익산시만,2021-07-30 20:00:00,1,1,"{""어양동"": 1}",4.0,4,"{""가축 분뇨 냄새(닭, 돼지, 소)"": 1}","가축 분뇨 냄새(닭, 돼지, 소)"
익산시만,2021-07-30 21:00:00,1,1,"{""어양동"": 1}",5.0,5,"{""가축 분뇨 냄새(닭, 돼지, 소)"": 1}","가축 분뇨 냄새(닭, 돼지, 소)"
익산시만,2021-07-30 22:00:00,1,1,"{""낭산면 용기리"": 1}",4.0,4,"{""기타"": 1}",기타
익산시만,2021-07-31 00:00:00,1,1,"{""영등동"": 1}",4.0,4,"{""가축 분뇨 냄새(닭, 돼지, 소)"": 1}","가축 분뇨 냄새(닭, 돼지, 소)"
익산시만,2021-07-31 05:00:00,1,1,"{""영등동"": 1}",4.0,4,"{""기타"": 1}",기타
익산시만,2021-07-31 07:00:00,1,1,"{""부송동"": 1}",5.0,5,"{""기타"": 1}",기타
익산시만,2021-07-31 20:00:00,1,1,"{""부송동"": 1}",3.0,3,"{""공장 냄새(화학약품, 매캐함)"": 1}","공장 냄새(화학약품, 매캐함)"
익산시만,2021-07-31 21:00:00,5,5,"{""부송동"": 4, ""낭산면 용기리"": 1}",4.0,5,"{""가축 분뇨 냄새(닭, 돼지, 소)"": 2, ""공장 냄새(화학약품, 매캐함)"": 1, ""하수구 냄새"": 1, ""음식조리 냄새"": 1}","가축 분뇨 냄새(닭, 돼지, 소)"
익산시만,2021-07-31 22:00:00,1,1,"{""어양동"": 1}",5.0,5,"{""가축 분뇨 냄새(닭, 돼지, 소)"": 1}","가축 분뇨 냄새(닭, 돼지, 소)"
익산시만,2021-07-31 23:00:00,1,1,"{""낭산면 용기리"": 1}",3.0,3,"{""기타"": 1}",기타
익산시만,2021-08-01 02:00:00,1,1,"{""어양동"": 1}",5.0,5,"{""기타"": 1}",기타
익산시만,2021-08-01 04:00:00,1,1,"{""어양동"": 1}",3.0,3,"{""공장 냄새(화학약품, 매캐함)"": 1}","공장 냄새(화학약품, 매캐함)"
익산시만,2021-08-01 05:00:00,2,2,"{""영등동"": 1, ""황등면 황등리"": 1}",4.0,4,"{""기타"": 2}",기타
익산시만,2021-08-01 08:00:00,1,1,"{""낭산면 용기리"": 1}",3.0,3,"{""공장 냄새(화학약품, 매캐함)"": 1}","공장 냄새(화학약품, 매캐함)"
익산시만,2021-08-01 09:00:00,1,1,"{""어양동"": 1}",5.0,5,"{""가축 분뇨 냄새(닭, 돼지, 소)"": 1}","가축 분뇨 냄새(닭, 돼지, 소)"
익산시만,2021-08-01 15:00:00,1,1,"{""낭산면 용기리"": 1}",4.0,4,"{""기타"": 1}",기타
익산시만,2021-08-01 16:00:00,1,1,"{""부송동"": 1}",4.0,4,"{""공장 냄새(화학약품, 매캐함)"": 1}","공장 냄새(화학약품, 매캐함)"
익산시만,2021-08-01 18:00:00,2,2,"{""평화동"": 1, ""춘포면 쌍정리"": 1}",3.0,4,"{""하수구 냄새"": 1, ""음식조리 냄새"": 1}",하수구 냄새
익산시만,2021-08-01 19:00:00,7,7,"{""어양동"": 3, ""영등동"": 2, ""부송동"": 1, ""신흥동"": 1}",4.142857142857143,5,"{""가축 분뇨 냄새(닭, 돼지, 소)"": 4, ""기타"": 2, ""공장 냄새(화학약품, 매캐함)"": 1}","가축 분뇨 냄새(닭, 돼지, 소)"
익산시만,2021-08-01 20:00:00,8,8,"{""영등동"": 3, ""어양동"": 2, ""모현동1가"": 1, ""신동"": 1, ""부송동"": 1}",4.0,5,"{""기타"": 3, ""하수구 냄새"": 3, ""가축 분뇨 냄새(닭, 돼지, 소)"": 2}",기타
익산시만,2021-08-01 21:00:00,3,3,"{""부송동"": 1, ""낭산면 용기리"": 1, ""어양동"": 1}",3.6666666666666665,4,"{""기타"": 2, ""공장 냄새(화학약품, 매캐함)"": 1}",기타
익산시만,2021-08-01 23:00:00,1,1,"{""부송동"": 1}",5.0,5,"{""공장 냄새(화학약품, 매캐함)"": 1}","공장 냄새(화학약품, 매캐함)"
익산시만,2021-08-02 06:00:00,1,1,"{""영등동"": 1}",3.0,3,"{""가축 분뇨 냄새(닭, 돼지, 소)"": 1}","가축 분뇨 냄새(닭, 돼지, 소)"
익산시만,2021-08-02 09:00:00,1,1,"{""춘포면 창평리"": 1}",4.0,4,"{""기타"": 1}",기타
익산시만,2021-08-02 16:00:00,1,1,"{""어양동"": 1}",3.0,3,"{""기타"": 1}",기타
익산시만,2021-08-02 18:00:00,8,8,"{""영등동"": 4, ""부송동"": 2, ""어양동"": 2}",3.625,5,"{""가축 분뇨 냄새(닭, 돼지, 소)"": 5, ""기타"": 2, ""공장 냄새(화학약품, 매캐함)"": 1}","가축 분뇨 냄새(닭, 돼지, 소)"
익산시만,2021-08-02 19:00:00,4,3,"{""낭산면 용기리"": 3, ""모현동1가"": 1}",4.75,5,"{""기타"": 2, ""가축 분뇨 냄새(닭, 돼지, 소)"": 1, ""공장 냄새(화학약품, 매캐함)"": 1}",기타
익산시만,2021-08-02 20:00:00,1,1,"{""어양동"": 1}",5.0,5,"{""기타"": 1}",기타
익산시만,2021-08-02 21:00:00,5,4,"{""낭산면 용기리"": 4, ""춘포면 쌍정리"": 1}",4.4,5,"{""기타"": 4, ""가축 분뇨 냄새(닭, 돼지, 소)"": 1}",기타
익산시만,2021-08-02 23:00:00,3,3,"{""낭산면 용기리"": 3}",5.0,5,"{""기타"": 3}",기타
익산시만,2021-08-03 00:00:00,2,2,"{""영등동"": 1, ""부송동"": 1}",4.0,4,"{""가축 분뇨 냄새(닭, 돼지, 소)"": 1, ""기타"": 1}","가축 분뇨 냄새(닭, 돼지, 소)"
익산시만,2021-08-03 07:00:00,1,1,"{""어양동"": 1}",4.0,4,"{""공장 냄새(화학약품, 매캐함)"": 1}","공장 냄새(화학약품, 매캐함)"
익산시만,2021-08-03 08:00:00,3,3,"{""낭산면 용기리"": 2, ""동산동"": 1}",4.333333333333333,5,"{""기타"": 2, ""가축 분뇨 냄새(닭, 돼지, 소)"": 1}",기타
익산시만,2021-08-03 09:00:00,2,2,"{""부송동"": 2}",3.5,4,"{""기타"": 2}",기타
익산시만,2021-08-03 19:00:00,1,1,"{""어양동"": 1}",5.0,5,"{""가축 분뇨 냄새(닭, 돼지, 소)"": 1}","가축 분뇨 냄새(닭, 돼지, 소)"
익산시만,2021-08-03 20:00:00,1,1,"{""부송동"": 1}",4.0,4,"{""공장 냄새(화학약품, 매캐함)"": 1}","공장 냄새(화학약품, 매캐함)"
익산시만,2021-08-03 21:00:00,3,3,"{""부송동"": 1, ""영등동"": 1, ""춘포면 쌍정리"": 1}",4.666666666666667,5,"{""가축 분뇨 냄새(닭, 돼지, 소)"": 2, ""하수구 냄새"": 1}","가축 분뇨 냄새(닭, 돼지, 소)"
익산시만,2021-08-03 22:00:00,5,5,"{""어양동"": 3, ""부송동"": 1, ""금강동"": 1}",4.6,5,"{""하수구 냄새"": 2, ""가축 분뇨 냄새(닭, 돼지, 소)"": 2, ""기타"": 1}",하수구 냄새
익산시만,2021-08-04 01:00:00,4,3,"{""동산동"": 2, ""신동"": 1, ""마동"": 1}",4.25,5,"{""기타"": 2, ""가축 분뇨 냄새(닭, 돼지, 소)"": 2}",기타
익산시만,2021-08-04 02:00:00,2,2,"{""모현동1가"": 1, ""영등동"": 1}",4.5,5,"{""기타"": 1, ""하수구 냄새"": 1}",기타
익산시만,2021-08-04 03:00:00,1,1,"{""마동"": 1}",5.0,5,"{""가축 분뇨 냄새(닭, 돼지, 소)"": 1}","가축 분뇨 냄새(닭, 돼지, 소)"
익산시만,2021-08-04 04:00:00,3,2,"{""동산동"": 2, ""부송동"": 1}",5.0,5,"{""기타"": 2, ""가축 분뇨 냄새(닭, 돼지, 소)"": 1}",기타
익산시만,2021-08-04 05:00:00,3,3,"{""낭산면 용기리"": 1, ""동산동"": 1, ""평화동"": 1}",3.6666666666666665,5,"{""가축 분뇨 냄새(닭, 돼지, 소)"": 2, ""공장 냄새(화학약품, 매캐함)"": 1}","가축 분뇨 냄새(닭, 돼지, 소)"
익산시만,2021-08-04 06:00:00,1,1,"{""동산동"": 1}",4.0,4,"{""기타"": 1}",기타
익산시만,2021-08-04 07:00:00,1,1,"{""마동"": 1}",4.0,4,"{""가축 분뇨 냄새(닭, 돼지, 소)"": 1}","가축 분뇨 냄새(닭, 돼지, 소)"
익산시만,2021-08-04 21:00:00,5,4,"{""낭산면 용기리"": 5}",5.0,5,"{""기타"": 5}",기타
익산시만,2021-08-04 23:00:00,19,18,"{""부송동"": 10, ""어양동"": 6, ""동산동"": 2, ""금마면 동고도리"": 1}",4.315789473684211,5,"{""기타"": 15, ""가축 분뇨 냄새(닭, 돼지, 소)"": 4}",기타
익산시만,2021-08-05 00:00:00,27,27,"{""어양동"": 11, ""부송동"": 9, ""영등동"": 5, ""마동"": 1, ""동산동"": 1}",4.222222222222222,5,"{""기타"": 12, ""가축 분뇨 냄새(닭, 돼지, 소)"": 8, ""하수구 냄새"": 6, ""공장 냄새(화학약품, 매캐함)"": 1}",기타
익산시만,2021-08-05 01:00:00,10,10,"{""영등동"": 8, ""부송동"": 1, ""신동"": 1}",4.3,5,"{""기타"": 5, ""가축 분뇨 냄새(닭, 돼지, 소)"": 3, ""하수구 냄새"": 2}",기타
익산시만,2021-08-05 03:00:00,1,1,"{""동산동"": 1}",5.0,5,"{""기타"": 1}",기타
익산시만,2021-08-05 04:00:00,2,2,"{""마동"": 1, ""신동"": 1}",4.0,4,"{""가축 분뇨 냄새(닭, 돼지, 소)"": 2}","가축 분뇨 냄새(닭, 돼지, 소)"
익산시만,2021-08-05 05:00:00,4,4,"{""평화동"": 1, ""어양동"": 1, ""동산동"": 1, ""낭산면 용기리"": 1}",3.75,5,"{""기타"": 2, ""가축 분뇨 냄새(닭, 돼지, 소)"": 1, ""공장 냄새(화학약품, 매캐함)"": 1}",기타
익산시만,2021-08-05 06:00:00,1,1,"{""모현동2가"": 1}",5.0,5,"{""가축 분뇨 냄새(닭, 돼지, 소)"": 1}","가축 분뇨 냄새(닭, 돼지, 소)"
익산시만,2021-08-05 08:00:00,2,2,"{""영등동"": 1, ""부송동"": 1}",3.0,4,"{""공장 냄새(화학약품, 매캐함)"": 2}","공장 냄새(화학약품, 매캐함)"
익산시만,2021-08-05 20:00:00,1,1,"{""성당면 대선리"": 1}",4.0,4,"{""기타"": 1}",기타
익산시만,2021-08-05 22:00:00,1,1,"{""오산면 남전리"": 1}",4.0,4,"{""기타"": 1}",기타
익산시만,2021-08-05 23:00:00,15,15,"{""부송동"": 7, ""영등동"": 3, ""동산동"": 3, ""금강동"": 1, ""어양동"": 1}",3.8666666666666667,5,"{""가축 분뇨 냄새(닭, 돼지, 소)"": 7, ""기타"": 4, ""하수구 냄새"": 2, ""공장 냄새(화학약품, 매캐함)"": 2}","가축 분뇨 냄새(닭, 돼지, 소)"
익산시만,2021-08-06 00:00:00,4,4,"{""모현동1가"": 2, ""부송동"": 1, ""신동"": 1}",4.25,5,"{""기타"": 4}",기타
익산시만,2021-08-06 02:00:00,3,3,"{""신동"": 1, ""어양동"": 1, ""영등동"": 1}",4.666666666666667,5,"{""기타"": 2, ""가축 분뇨 냄새(닭, 돼지, 소)"": 1}",기타
익산시만,2021-08-06 03:00:00,2,2,"{""모현동1가"": 1, ""팔봉동"": 1}",4.0,4,"{""기타"": 2}",기타
익산시만,2021-08-06 04:00:00,2,2,"{""팔봉동"": 1, ""영등동"": 1}",4.5,5,"{""기타"": 2}",기타
익산시만,2021-08-06 05:00:00,2,2,"{""낭산면 용기리"": 1, ""모현동1가"": 1}",3.5,4,"{""가축 분뇨 냄새(닭, 돼지, 소)"": 2}","가축 분뇨 냄새(닭, 돼지, 소)"
익산시만,2021-08-06 06:00:00,1,1,"{""동산동"": 1}",4.0,4,"{""기타"": 1}",기타
익산시만,2021-08-06 18:00:00,7,5,"{""낭산면 용기리"": 7}",4.571428571428571,5,"{""기타"": 7}",기타
익산시만,2021-08-06 19:00:00,3,3,"{""낭산면 용기리"": 2, ""부송동"": 1}",4.333333333333333,5,"{""기타"": 1, ""가축 분뇨 냄새(닭, 돼지, 소)"": 1, ""공장 냄새(화학약품, 매캐함)"": 1}",기타
익산시만,2021-08-06 21:00:00,4,4,"{""부송동"": 2, ""모현동1가"": 1, ""춘포면 쌍정리"": 1}",4.5,5,"{""공장 냄새(화학약품, 매캐함)"": 3, ""가축 분뇨 냄새(닭, 돼지, 소)"": 1}","공장 냄새(화학약품, 매캐함)"
익산시만,2021-08-06 22:00:00,2,2,"{""영등동"": 1, ""모현동2가"": 1}",3.5,4,"{""공장 냄새(화학약품, 매캐함)"": 1, ""가축 분뇨 냄새(닭, 돼지, 소)"": 1}","공장 냄새(화학약품, 매캐함)"
익산시만,2021-08-06 23:00:00,7,7,"{""부송동"": 3, ""모현동1가"": 2, ""어양동"": 2}",4.0,5,"{""가축 분뇨 냄새(닭, 돼지, 소)"": 4, ""기타"": 3}","가축 분뇨 냄새(닭, 돼지, 소)"
익산시만,2021-08-07 22:00:00,2,2,"{""동산동"": 1, ""부송동"": 1}",4.5,5,"{""공장 냄새(화학약품, 매캐함)"": 1, ""하수구 냄새"": 1}","공장 냄새(화학약품, 매캐함)"
익산시만,2021-08-07 23:00:00,2,2,"{""낭산면 용기리"": 2}",4.5,5,"{""기타"": 2}",기타
익산시만,2021-08-08 04:00:00,1,1,"{""춘포면 쌍정리"": 1}",5.0,5,"{""가축 분뇨 냄새(닭, 돼지, 소)"": 1}","가축 분뇨 냄새(닭, 돼지, 소)"
익산시만,2021-08-08 07:00:00,1,1,"{""낭산면 용기리"": 1}",4.0,4,"{""가축 분뇨 냄새(닭, 돼지, 소)"": 1}","가축 분뇨 냄새(닭, 돼지, 소)"
익산시만,2021-08-08 09:00:00,1,1,"{""낭산면 용기리"": 1}",4.0,4,"{""기타"": 1}",기타
익산시만,2021-08-08 10:00:00,1,1,"{""낭산면 용기리"": 1}",4.0,4,"{""기타"": 1}",기타
익산시만,2021-08-08 12:00:00,1,1,"{""낭산면 용기리"": 1}",5.0,5,"{""기타"": 1}",기타
익산시만,2021-08-08 13:00:00,4,4,"{""낭산면 용기리"": 4}",4.25,5,"{""기타"": 4}",기타
익산시만,2021-08-08 14:00:00,1,1,"{""낭산면 용기리"": 1}",4.0,4,"{""기타"": 1}",기타
익산시만,2021-08-08 15:00:00,1,1,"{""낭산면 용기리"": 1}",4.0,4,"{""기타"": 1}",기타
익산시만,2021-08-08 16:00:00,11,9,"{""낭산면 용기리"": 11}",4.545454545454546,5,"{""기타"": 9, ""하수구 냄새"": 1, ""가축 분뇨 냄새(닭, 돼지, 소)"": 1}",기타
익산시만,2021-08-08 19:00:00,6,5,"{""낭산면 용기리"": 6}",4.833333333333333,5,"{""기타"": 5, ""음식조리 냄새"": 1}",기타
익산시만,2021-08-08 21:00:00,1,1,"{""낭산면 용기리"": 1}",5.0,5,"{""기타"": 1}",기타
익산시만,2021-08-08 23:00:00,2,2,"{""영등동"": 2}",3.5,4,"{""가축 분뇨 냄새(닭, 돼지, 소)"": 1, ""기타"": 1}","가축 분뇨 냄새(닭, 돼지, 소)"
익산시만,2021-08-09 07:00:00,1,1,"{""어양동"": 1}",3.0,3,"{""공장 냄새(화학약품, 매캐함)"": 1}","공장 냄새(화학약품, 매캐함)"
익산시만,2021-08-09 14:00:00,3,3,"{""낭산면 용기리"": 3}",4.0,4,"{""기타"": 3}",기타
익산시만,2021-08-09 20:00:00,1,1,"{""팔봉동"": 1}",3.0,3,"{""공장 냄새(화학약품, 매캐함)"": 1}","공장 냄새(화학약품, 매캐함)"
익산시만,2021-08-10 05:00:00,3,3,"{""동산동"": 2, ""영등동"": 1}",4.0,5,"{""하수구 냄새"": 2, ""가축 분뇨 냄새(닭, 돼지, 소)"": 1}",하수구 냄새
익산시만,2021-08-10 07:00:00,1,1,"{""어양동"": 1}",4.0,4,"{""가축 분뇨 냄새(닭, 돼지, 소)"": 1}","가축 분뇨 냄새(닭, 돼지, 소)"
익산시만,2021-08-10 21:00:00,4,4,"{""어양동"": 2, ""영등동"": 1, ""동산동"": 1}",3.75,5,"{""기타"": 2, ""가축 분뇨 냄새(닭, 돼지, 소)"": 1, ""하수구 냄새"": 1}",기타
익산시만,2021-08-10 23:00:00,2,2,"{""부송동"": 1, ""팔봉동"": 1}",4.0,4,"{""공장 냄새(화학약품, 매캐함)"": 2}","공장 냄새(화학약품, 매캐함)"
익산시만,2021-08-11 01:00:00,1,1,"{""부송동"": 1}",5.0,5,"{""공장 냄새(화학약품, 매캐함)"": 1}","공장 냄새(화학약품, 매캐함)"
익산시만,2021-08-11 06:00:00,1,1,"{""평화동"": 1}",5.0,5,"{""기타"": 1}",기타
익산시만,2021-08-11 08:00:00,1,1,"{""부송동"": 1}",4.0,4,"{""공장 냄새(화학약품, 매캐함)"": 1}","공장 냄새(화학약품, 매캐함)"
익산시만,2021-08-11 22:00:00,2,2,"{""어양동"": 2}",4.0,4,"{""가축 분뇨 냄새(닭, 돼지, 소)"": 1, ""기타"": 1}","가축 분뇨 냄새(닭, 돼지, 소)"
익산시만,2021-08-11 23:00:00,1,1,"{""팔봉동"": 1}",4.0,4,"{""공장 냄새(화학약품, 매캐함)"": 1}","공장 냄새(화학약품, 매캐함)"
익산시만,2021-08-12 06:00:00,2,2,"{""부송동"": 2}",4.0,4,"{""공장 냄새(화학약품, 매캐함)"": 2}","공장 냄새(화학약품, 매캐함)"
익산시만,2021-08-12 16:00:00,3,3,"{""영등동"": 2, ""신동"": 1}",2.3333333333333335,3,"{""가축 분뇨 냄새(닭, 돼지, 소)"": 2, ""기타"": 1}","가축 분뇨 냄새(닭, 돼지, 소)"
익산시만,2021-08-12 18:00:00,2,2,"{""부송동"": 2}",5.0,5,"{""공장 냄새(화학약품, 매캐함)"": 2}","공장 냄새(화학약품, 매캐함)"
익산시만,2021-08-12 19:00:00,5,5,"{""부송동"": 4, ""어양동"": 1}",4.2,5,"{""공장 냄새(화학약품, 매캐함)"": 4, ""하수구 냄새"": 1}","공장 냄새(화학약품, 매캐함)"
익산시만,2021-08-12 20:00:00,5,5,"{""어양동"": 3, ""부송동"": 1, ""영등동"": 1}",3.8,5,"{""가축 분뇨 냄새(닭, 돼지, 소)"": 3, ""공장 냄새(화학약품, 매캐함)"": 1, ""기타"": 1}","가축 분뇨 냄새(닭, 돼지, 소)"
익산시만,2021-08-12 21:00:00,11,11,"{""부송동"": 5, ""영등동"": 3, ""신동"": 2, ""어양동"": 1}",3.272727272727273,5,"{""공장 냄새(화학약품, 매캐함)"": 9, ""가축 분뇨 냄새(닭, 돼지, 소)"": 2}","공장 냄새(화학약품, 매캐함)"
익산시만,2021-08-12 22:00:00,3,3,"{""어양동"": 2, ""부송동"": 1}",3.3333333333333335,4,"{""기타"": 1, ""공장 냄새(화학약품, 매캐함)"": 1, ""가축 분뇨 냄새(닭, 돼지, 소)"": 1}",기타
익산시만,2021-08-12 23:00:00,2,2,"{""신동"": 1, ""금강동"": 1}",5.0,5,"{""가축 분뇨 냄새(닭, 돼지, 소)"": 1, ""공장 냄새(화학약품, 매캐함)"": 1}","가축 분뇨 냄새(닭, 돼지, 소)"
익산시만,2021-08-13 00:00:00,1,1,"{""춘포면 쌍정리"": 1}",5.0,5,"{""가축 분뇨 냄새(닭, 돼지, 소)"": 1}","가축 분뇨 냄새(닭, 돼지, 소)"
익산시만,2021-08-13 02:00:00,4,4,"{""어양동"": 2, ""부송동"": 1, ""영등동"": 1}",4.0,5,"{""공장 냄새(화학약품, 매캐함)"": 4}","공장 냄새(화학약품, 매캐함)"
익산시만,2021-08-13 03:00:00,3,3,"{""어양동"": 1, ""부송동"": 1, ""영등동"": 1}",4.666666666666667,5,"{""공장 냄새(화학약품, 매캐함)"": 3}","공장 냄새(화학약품, 매캐함)"
익산시만,2021-08-13 04:00:00,1,1,"{""동산동"": 1}",5.0,5,"{""공장 냄새(화학약품, 매캐함)"": 1}","공장 냄새(화학약품, 매캐함)"
익산시만,2021-08-13 12:00:00,2,2,"{""낭산면 용기리"": 2}",4.5,5,"{""기타"": 2}",기타
익산시만,2021-08-13 14:00:00,1,1,"{""낭산면 용기리"": 1}",5.0,5,"{""기타"": 1}",기타
익산시만,2021-08-13 17:00:00,3,3,"{""부송동"": 3}",4.333333333333333,5,"{""공장 냄새(화학약품, 매캐함)"": 2, ""가축 분뇨 냄새(닭, 돼지, 소)"": 1}","공장 냄새(화학약품, 매캐함)"
익산시만,2021-08-13 18:00:00,1,1,"{""부송동"": 1}",4.0,4,"{""공장 냄새(화학약품, 매캐함)"": 1}","공장 냄새(화학약품, 매캐함)"
익산시만,2021-08-13 22:00:00,1,1,"{""춘포면 쌍정리"": 1}",5.0,5,"{""가축 분뇨 냄새(닭, 돼지, 소)"": 1}","가축 분뇨 냄새(닭, 돼지, 소)"
익산시만,2021-08-14 00:00:00,2,2,"{""부송동"": 1, ""어양동"": 1}",4.0,5,"{""공장 냄새(화학약품, 매캐함)"": 2}","공장 냄새(화학약품, 매캐함)"
익산시만,2021-08-14 01:00:00,2,2,"{""어양동"": 1, ""동산동"": 1}",4.0,4,"{""공장 냄새(화학약품, 매캐함)"": 1, ""기타"": 1}","공장 냄새(화학약품, 매캐함)"
익산시만,2021-08-14 02:00:00,6,6,"{""동산동"": 3, ""신동"": 1, ""부송동"": 1, ""영등동"": 1}",4.333333333333333,5,"{""기타"": 3, ""가축 분뇨 냄새(닭, 돼지, 소)"": 1, ""공장 냄새(화학약품, 매캐함)"": 1, ""하수구 냄새"": 1}",기타
익산시만,2021-08-14 04:00:00,1,1,"{""영등동"": 1}",4.0,4,"{""공장 냄새(화학약품, 매캐함)"": 1}","공장 냄새(화학약품, 매캐함)"
익산시만,2021-08-14 06:00:00,1,1,"{""영등동"": 1}",3.0,3,"{""가축 분뇨 냄새(닭, 돼지, 소)"": 1}","가축 분뇨 냄새(닭, 돼지, 소)"
익산시만,2021-08-14 11:00:00,3,3,"{""낭산면 용기리"": 3}",4.0,4,"{""기타"": 3}",기타
익산시만,2021-08-14 15:00:00,1,1,"{""낭산면 용기리"": 1}",4.0,4,"{""기타"": 1}",기타
익산시만,2021-08-14 16:00:00,4,3,"{""낭산면 용기리"": 4}",5.0,5,"{""기타"": 2, ""가축 분뇨 냄새(닭, 돼지, 소)"": 2}",기타
익산시만,2021-08-14 18:00:00,2,2,"{""낭산면 용기리"": 2}",4.5,5,"{""기타"": 2}",기타
익산시만,2021-08-14 19:00:00,2,2,"{""황등면 황등리"": 1, ""춘포면 쌍정리"": 1}",4.5,5,"{""기타"": 1, ""가축 분뇨 냄새(닭, 돼지, 소)"": 1}",기타
익산시만,2021-08-14 20:00:00,2,2,"{""부송동"": 1, ""어양동"": 1}",3.5,4,"{""공장 냄새(화학약품, 매캐함)"": 2}","공장 냄새(화학약품, 매캐함)"
익산시만,2021-08-14 22:00:00,15,14,"{""부송동"": 4, ""모현동1가"": 3, ""어양동"": 3, ""마동"": 2, ""동산동"": 1, ""평화동"": 1, ""영등동"": 1}",3.8666666666666667,5,"{""가축 분뇨 냄새(닭, 돼지, 소)"": 7, ""공장 냄새(화학약품, 매캐함)"": 4, ""기타"": 3, ""하수구 냄새"": 1}","가축 분뇨 냄새(닭, 돼지, 소)"
익산시만,2021-08-14 23:00:00,8,8,"{""영등동"": 3, ""동산동"": 2, ""모현동2가"": 1, ""부송동"": 1, ""어양동"": 1}",3.625,5,"{""공장 냄새(화학약품, 매캐함)"": 4, ""기타"": 3, ""가축 분뇨 냄새(닭, 돼지, 소)"": 1}","공장 냄새(화학약품, 매캐함)"
익산시만,2021-08-15 00:00:00,3,2,"{""낭산면 용기리"": 2, ""동산동"": 1}",5.0,5,"{""가축 분뇨 냄새(닭, 돼지, 소)"": 3}","가축 분뇨 냄새(닭, 돼지, 소)"
익산시만,2021-08-15 03:00:00,1,1,"{""어양동"": 1}",5.0,5,"{""가축 분뇨 냄새(닭, 돼지, 소)"": 1}","가축 분뇨 냄새(닭, 돼지, 소)"
익산시만,2021-08-15 05:00:00,1,1,"{""동산동"": 1}",5.0,5,"{""기타"": 1}",기타
익산시만,2021-08-15 07:00:00,1,1,"{""팔봉동"": 1}",3.0,3,"{""공장 냄새(화학약품, 매캐함)"": 1}","공장 냄새(화학약품, 매캐함)"
익산시만,2021-08-15 09:00:00,1,1,"{""부송동"": 1}",2.0,2,"{""공장 냄새(화학약품, 매캐함)"": 1}","공장 냄새(화학약품, 매캐함)"
익산시만,2021-08-15 17:00:00,2,2,"{""낭산면 용기리"": 2}",4.0,5,"{""기타"": 1, ""가축 분뇨 냄새(닭, 돼지, 소)"": 1}",기타
익산시만,2021-08-15 20:00:00,1,1,"{""낭산면 용기리"": 1}",5.0,5,"{""기타"": 1}",기타
익산시만,2021-08-15 21:00:00,8,8,"{""부송동"": 4, ""마동"": 2, ""어양동"": 1, ""팔봉동"": 1}",3.875,5,"{""공장 냄새(화학약품, 매캐함)"": 4, ""가축 분뇨 냄새(닭, 돼지, 소)"": 2, ""하수구 냄새"": 2}","공장 냄새(화학약품, 매캐함)"
익산시만,2021-08-15 22:00:00,12,12,"{""부송동"": 6, ""어양동"": 4, ""동산동"": 1, ""영등동"": 1}",4.083333333333333,5,"{""가축 분뇨 냄새(닭, 돼지, 소)"": 8, ""기타"": 4}","가축 분뇨 냄새(닭, 돼지, 소)"
익산시만,2021-08-15 23:00:00,5,5,"{""영등동"": 2, ""부송동"": 1, ""어양동"": 1, ""동산동"": 1}",3.8,4,"{""기타"": 2, ""가축 분뇨 냄새(닭, 돼지, 소)"": 2, ""하수구 냄새"": 1}",기타
익산시만,2021-08-16 00:00:00,5,4,"{""동산동"": 3, ""주현동"": 1, ""인화동2가"": 1}",4.8,5,"{""하수구 냄새"": 3, ""가축 분뇨 냄새(닭, 돼지, 소)"": 1, ""기타"": 1}",하수구 냄새
익산시만,2021-08-16 06:00:00,3,3,"{""모현동1가"": 2, ""영등동"": 1}",5.0,5,"{""공장 냄새(화학약품, 매캐함)"": 3}","공장 냄새(화학약품, 매캐함)"
익산시만,2021-08-16 07:00:00,1,1,"{""어양동"": 1}",5.0,5,"{""공장 냄새(화학약품, 매캐함)"": 1}","공장 냄새(화학약품, 매캐함)"
익산시만,2021-08-16 09:00:00,1,1,"{""은기동"": 1}",5.0,5,"{""공장 냄새(화학약품, 매캐함)"": 1}","공장 냄새(화학약품, 매캐함)"
익산시만,2021-08-16 10:00:00,3,3,"{""낭산면 용기리"": 3}",4.0,4,"{""기타"": 3}",기타
익산시만,2021-08-16 12:00:00,3,3,"{""낭산면 용기리"": 2, ""동산동"": 1}",3.6666666666666665,4,"{""가축 분뇨 냄새(닭, 돼지, 소)"": 1, ""기타"": 1, ""공장 냄새(화학약품, 매캐함)"": 1}","가축 분뇨 냄새(닭, 돼지, 소)"
익산시만,2021-08-16 13:00:00,2,2,"{""낭산면 용기리"": 2}",4.5,5,"{""기타"": 2}",기타
익산시만,2021-08-16 14:00:00,2,2,"{""낭산면 용기리"": 2}",4.0,4,"{""기타"": 2}",기타
익산시만,2021-08-16 15:00:00,1,1,"{""마동"": 1}",4.0,4,"{""가축 분뇨 냄새(닭, 돼지, 소)"": 1}","가축 분뇨 냄새(닭, 돼지, 소)"
익산시만,2021-08-16 16:00:00,5,5,"{""부송동"": 3, ""낭산면 용기리"": 2}",4.2,5,"{""공장 냄새(화학약품, 매캐함)"": 3, ""기타"": 2}","공장 냄새(화학약품, 매캐함)"
익산시만,2021-08-16 18:00:00,2,2,"{""영등동"": 1, ""부송동"": 1}",3.5,4,"{""공장 냄새(화학약품, 매캐함)"": 2}","공장 냄새(화학약품, 매캐함)"
익산시만,2021-08-16 19:00:00,5,5,"{""낭산면 용기리"": 4, ""춘포면 쌍정리"": 1}",4.6,5,"{""기타"": 4, ""가축 분뇨 냄새(닭, 돼지, 소)"": 1}",기타
익산시만,2021-08-16 20:00:00,1,1,"{""부송동"": 1}",2.0,2,"{""공장 냄새(화학약품, 매캐함)"": 1}","공장 냄새(화학약품, 매캐함)"
익산시만,2021-08-16 21:00:00,1,1,"{""모현동1가"": 1}",3.0,3,"{""공장 냄새(화학약품, 매캐함)"": 1}","공장 냄새(화학약품, 매캐함)"
익산시만,2021-08-16 22:00:00,4,2,"{""낭산면 용기리"": 4}",4.5,5,"{""기타"": 4}",기타
익산시만,2021-08-16 23:00:00,3,3,"{""영등동"": 2, ""부송동"": 1}",3.6666666666666665,4,"{""가축 분뇨 냄새(닭, 돼지, 소)"": 1, ""음식조리 냄새"": 1, ""하수구 냄새"": 1}","가축 분뇨 냄새(닭, 돼지, 소)"
익산시만,2021-08-17 00:00:00,1,1,"{""부송동"": 1}",3.0,3,"{""기타"": 1}",기타
익산시만,2021-08-17 02:00:00,9,9,"{""낭산면 용기리"": 9}",5.0,5,"{""기타"": 9}",기타
익산시만,2021-08-17 04:00:00,1,1,"{""황등면 황등리"": 1}",4.0,4,"{""기타"": 1}",기타
익산시만,2021-08-17 05:00:00,1,1,"{""낭산면 용기리"": 1}",5.0,5,"{""기타"": 1}",기타
익산시만,2021-08-17 06:00:00,1,1,"{""낭산면 용기리"": 1}",5.0,5,"{""기타"": 1}",기타
익산시만,2021-08-17 11:00:00,1,1,"{""낭산면 용기리"": 1}",4.0,4,"{""기타"": 1}",기타
익산시만,2021-08-17 13:00:00,1,1,"{""낭산면 용기리"": 1}",4.0,4,"{""기타"": 1}",기타
익산시만,2021-08-17 14:00:00,4,4,"{""낭산면 용기리"": 3, ""동산동"": 1}",4.25,5,"{""기타"": 4}",기타
익산시만,2021-08-17 15:00:00,2,2,"{""낭산면 용기리"": 2}",5.0,5,"{""기타"": 2}",기타
익산시만,2021-08-17 17:00:00,7,7,"{""낭산면 용기리"": 7}",4.714285714285714,5,"{""기타"": 7}",기타
익산시만,2021-08-17 18:00:00,3,3,"{""낭산면 용기리"": 3}",4.0,4,"{""기타"": 3}",기타
익산시만,2021-08-17 20:00:00,3,3,"{""낭산면 용기리"": 3}",4.666666666666667,5,"{""기타"": 3}",기타
익산시만,2021-08-17 23:00:00,2,2,"{""춘포면 쌍정리"": 1, ""어양동"": 1}",4.5,5,"{""가축 분뇨 냄새(닭, 돼지, 소)"": 2}","가축 분뇨 냄새(닭, 돼지, 소)"
익산시만,2021-08-18 09:00:00,2,2,"{""낭산면 용기리"": 2}",4.0,4,"{""기타"": 2}",기타
익산시만,2021-08-18 11:00:00,2,2,"{""낭산면 용기리"": 2}",4.0,4,"{""기타"": 2}",기타
익산시만,2021-08-18 16:00:00,1,1,"{""신흥동"": 1}",3.0,3,"{""가축 분뇨 냄새(닭, 돼지, 소)"": 1}","가축 분뇨 냄새(닭, 돼지, 소)"
익산시만,2021-08-18 17:00:00,1,1,"{""춘포면 쌍정리"": 1}",3.0,3,"{""가축 분뇨 냄새(닭, 돼지, 소)"": 1}","가축 분뇨 냄새(닭, 돼지, 소)"
익산시만,2021-08-18 18:00:00,1,1,"{""부송동"": 1}",2.0,2,"{""공장 냄새(화학약품, 매캐함)"": 1}","공장 냄새(화학약품, 매캐함)"
익산시만,2021-08-18 21:00:00,8,7,"{""낭산면 용기리"": 7, ""팔봉동"": 1}",4.75,5,"{""기타"": 7, ""하수구 냄새"": 1}",기타
익산시만,2021-08-18 22:00:00,6,6,"{""낭산면 용기리"": 3, ""부송동"": 1, ""모현동1가"": 1, ""동산동"": 1}",4.0,5,"{""기타"": 4, ""공장 냄새(화학약품, 매캐함)"": 2}",기타
익산시만,2021-08-19 02:00:00,3,3,"{""동산동"": 1, ""모현동1가"": 1, ""평화동"": 1}",4.333333333333333,5,"{""기타"": 2, ""가축 분뇨 냄새(닭, 돼지, 소)"": 1}",기타
익산시만,2021-08-19 06:00:00,2,2,"{""부송동"": 1, ""팔봉동"": 1}",4.0,4,"{""공장 냄새(화학약품, 매캐함)"": 1, ""가축 분뇨 냄새(닭, 돼지, 소)"": 1}","공장 냄새(화학약품, 매캐함)"
익산시만,2021-08-19 09:00:00,2,2,"{""낭산면 용기리"": 2}",4.0,4,"{""기타"": 2}",기타
익산시만,2021-08-19 14:00:00,1,1,"{""은기동"": 1}",5.0,5,"{""공장 냄새(화학약품, 매캐함)"": 1}","공장 냄새(화학약품, 매캐함)"
익산시만,2021-08-19 16:00:00,1,1,"{""팔봉동"": 1}",3.0,3,"{""하수구 냄새"": 1}",하수구 냄새
익산시만,2021-08-19 18:00:00,1,1,"{""팔봉동"": 1}",1.0,1,"{""공장 냄새(화학약품, 매캐함)"": 1}","공장 냄새(화학약품, 매캐함)"
익산시만,2021-08-19 19:00:00,1,1,"{""팔봉동"": 1}",4.0,4,"{""공장 냄새(화학약품, 매캐함)"": 1}","공장 냄새(화학약품, 매캐함)"
익산시만,2021-08-19 21:00:00,12,12,"{""동산동"": 4, ""어양동"": 3, ""마동"": 2, ""영등동"": 1, ""함열읍 와리"": 1, ""부송동"": 1}",4.083333333333333,5,"{""기타"": 5, ""가축 분뇨 냄새(닭, 돼지, 소)"": 5, ""하수구 냄새"": 1, ""공장 냄새(화학약품, 매캐함)"": 1}",기타
익산시만,2021-08-19 22:00:00,2,2,"{""팔봉동"": 1, ""부송동"": 1}",4.0,4,"{""하수구 냄새"": 1, ""공장 냄새(화학약품, 매캐함)"": 1}",하수구 냄새
익산시만,2021-08-19 23:00:00,4,4,"{""부송동"": 4}",4.25,5,"{""공장 냄새(화학약품, 매캐함)"": 4}","공장 냄새(화학약품, 매캐함)"
익산시만,2021-08-20 03:00:00,1,1,"{""영등동"": 1}",4.0,4,"{""가축 분뇨 냄새(닭, 돼지, 소)"": 1}","가축 분뇨 냄새(닭, 돼지, 소)"
익산시만,2021-08-20 06:00:00,3,3,"{""부송동"": 3}",4.0,5,"{""공장 냄새(화학약품, 매캐함)"": 3}","공장 냄새(화학약품, 매캐함)"
익산시만,2021-08-20 07:00:00,2,2,"{""모현동1가"": 1, ""부송동"": 1}",4.0,4,"{""공장 냄새(화학약품, 매캐함)"": 2}","공장 냄새(화학약품, 매캐함)"
익산시만,2021-08-20 14:00:00,1,1,"{""신흥동"": 1}",3.0,3,"{""가축 분뇨 냄새(닭, 돼지, 소)"": 1}","가축 분뇨 냄새(닭, 돼지, 소)"
익산시만,2021-08-20 18:00:00,5,5,"{""동산동"": 4, ""마동"": 1}",4.4,5,"{""가축 분뇨 냄새(닭, 돼지, 소)"": 4, ""기타"": 1}","가축 분뇨 냄새(닭, 돼지, 소)"
익산시만,2021-08-20 19:00:00,8,8,"{""영등동"": 4, ""부송동"": 3, ""어양동"": 1}",4.0,5,"{""공장 냄새(화학약품, 매캐함)"": 4, ""기타"": 2, ""가축 분뇨 냄새(닭, 돼지, 소)"": 1, ""하수구 냄새"": 1}","공장 냄새(화학약품, 매캐함)"
익산시만,2021-08-20 20:00:00,10,10,"{""동산동"": 5, ""신흥동"": 1, ""영등동"": 1, ""어양동"": 1, ""신동"": 1, ""마동"": 1}",4.6,5,"{""가축 분뇨 냄새(닭, 돼지, 소)"": 5, ""기타"": 5}","가축 분뇨 냄새(닭, 돼지, 소)"
익산시만,2021-08-20 21:00:00,2,2,"{""모현동2가"": 1, ""현영동"": 1}",5.0,5,"{""기타"": 1, ""가축 분뇨 냄새(닭, 돼지, 소)"": 1}",기타
익산시만,2021-08-21 00:00:00,1,1,"{""팔봉동"": 1}",4.0,4,"{""기타"": 1}",기타
익산시만,2021-08-21 02:00:00,1,1,"{""부송동"": 1}",2.0,2,"{""가축 분뇨 냄새(닭, 돼지, 소)"": 1}","가축 분뇨 냄새(닭, 돼지, 소)"
익산시만,2021-08-21 04:00:00,1,1,"{""부송동"": 1}",5.0,5,"{""공장 냄새(화학약품, 매캐함)"": 1}","공장 냄새(화학약품, 매캐함)"
익산시만,2021-08-21 07:00:00,2,2,"{""부송동"": 2}",4.5,5,"{""공장 냄새(화학약품, 매캐함)"": 1, ""가축 분뇨 냄새(닭, 돼지, 소)"": 1}","공장 냄새(화학약품, 매캐함)"
익산시만,2021-08-21 11:00:00,2,2,"{""동산동"": 1, ""부송동"": 1}",4.5,5,"{""기타"": 2}",기타
익산시만,2021-08-21 21:00:00,1,1,"{""현영동"": 1}",5.0,5,"{""기타"": 1}",기타
익산시만,2021-08-21 23:00:00,2,2,"{""팔봉동"": 1, ""어양동"": 1}",4.0,5,"{""기타"": 1, ""가축 분뇨 냄새(닭, 돼지, 소)"": 1}",기타
익산시만,2021-08-22 22:00:00,1,1,"{""동산동"": 1}",5.0,5,"{""하수구 냄새"": 1}",하수구 냄새
익산시만,2021-08-22 23:00:00,1,1,"{""부송동"": 1}",4.0,4,"{""공장 냄새(화학약품, 매캐함)"": 1}","공장 냄새(화학약품, 매캐함)"
익산시만,2021-08-23 00:00:00,1,1,"{""어양동"": 1}",3.0,3,"{""기타"": 1}",기타
익산시만,2021-08-23 01:00:00,1,1,"{""어양동"": 1}",3.0,3,"{""가축 분뇨 냄새(닭, 돼지, 소)"": 1}","가축 분뇨 냄새(닭, 돼지, 소)"
익산시만,2021-08-23 09:00:00,2,2,"{""부송동"": 1, ""모현동2가"": 1}",4.0,4,"{""공장 냄새(화학약품, 매캐함)"": 1, ""기타"": 1}","공장 냄새(화학약품, 매캐함)"
익산시만,2021-08-23 18:00:00,6,5,"{""낭산면 용기리"": 4, ""팔봉동"": 2}",3.8333333333333335,5,"{""기타"": 4, ""하수구 냄새"": 2}",기타
익산시만,2021-08-23 20:00:00,1,1,"{""부송동"": 1}",3.0,3,"{""가축 분뇨 냄새(닭, 돼지, 소)"": 1}","가축 분뇨 냄새(닭, 돼지, 소)"
익산시만,2021-08-24 01:00:00,1,1,"{""평화동"": 1}",4.0,4,"{""하수구 냄새"": 1}",하수구 냄새
익산시만,2021-08-24 03:00:00,1,1,"{""어양동"": 1}",5.0,5,"{""가축 분뇨 냄새(닭, 돼지, 소)"": 1}","가축 분뇨 냄새(닭, 돼지, 소)"
익산시만,2021-08-24 21:00:00,1,1,"{""어양동"": 1}",4.0,4,"{""음식조리 냄새"": 1}",음식조리 냄새
익산시만,2021-08-24 22:00:00,1,1,"{""평화동"": 1}",4.0,4,"{""하수구 냄새"": 1}",하수구 냄새
익산시만,2021-08-25 00:00:00,2,2,"{""어양동"": 2}",4.5,5,"{""가축 분뇨 냄새(닭, 돼지, 소)"": 1, ""기타"": 1}","가축 분뇨 냄새(닭, 돼지, 소)"
익산시만,2021-08-25 01:00:00,5,5,"{""동산동"": 2, ""어양동"": 1, ""영등동"": 1, ""마동"": 1}",3.6,5,"{""기타"": 4, ""가축 분뇨 냄새(닭, 돼지, 소)"": 1}",기타
익산시만,2021-08-25 07:00:00,1,1,"{""부송동"": 1}",5.0,5,"{""가축 분뇨 냄새(닭, 돼지, 소)"": 1}","가축 분뇨 냄새(닭, 돼지, 소)"
익산시만,2021-08-25 08:00:00,1,1,"{""부송동"": 1}",5.0,5,"{""공장 냄새(화학약품, 매캐함)"": 1}","공장 냄새(화학약품, 매캐함)"
익산시만,2021-08-25 09:00:00,1,1,"{""현영동"": 1}",4.0,4,"{""가축 분뇨 냄새(닭, 돼지, 소)"": 1}","가축 분뇨 냄새(닭, 돼지, 소)"
익산시만,2021-08-25 12:00:00,1,1,"{""현영동"": 1}",5.0,5,"{""하수구 냄새"": 1}",하수구 냄새
익산시만,2021-08-25 13:00:00,1,1,"{""현영동"": 1}",5.0,5,"{""하수구 냄새"": 1}",하수구 냄새
익산시만,2021-08-25 15:00:00,3,3,"{""낭산면 용기리"": 3}",5.0,5,"{""기타"": 2, ""가축 분뇨 냄새(닭, 돼지, 소)"": 1}",기타
익산시만,2021-08-25 18:00:00,1,1,"{""어양동"": 1}",5.0,5,"{""가축 분뇨 냄새(닭, 돼지, 소)"": 1}","가축 분뇨 냄새(닭, 돼지, 소)"
익산시만,2021-08-25 21:00:00,3,3,"{""어양동"": 3}",4.0,5,"{""기타"": 2, ""가축 분뇨 냄새(닭, 돼지, 소)"": 1}",기타
익산시만,2021-08-25 22:00:00,3,3,"{""어양동"": 3}",4.333333333333333,5,"{""음식조리 냄새"": 2, ""기타"": 1}",음식조리 냄새
익산시만,2021-08-26 06:00:00,4,4,"{""영등동"": 2, ""동산동"": 1, ""모현동1가"": 1}",3.75,4,"{""기타"": 4}",기타
익산시만,2021-08-26 09:00:00,2,2,"{""영등동"": 1, ""부송동"": 1}",4.0,5,"{""기타"": 2}",기타
익산시만,2021-08-26 10:00:00,1,1,"{""부송동"": 1}",4.0,4,"{""기타"": 1}",기타
익산시만,2021-08-26 11:00:00,1,1,"{""현영동"": 1}",5.0,5,"{""하수구 냄새"": 1}",하수구 냄새
익산시만,2021-08-26 18:00:00,1,1,"{""영등동"": 1}",5.0,5,"{""가축 분뇨 냄새(닭, 돼지, 소)"": 1}","가축 분뇨 냄새(닭, 돼지, 소)"
익산시만,2021-08-26 20:00:00,1,1,"{""현영동"": 1}",4.0,4,"{""기타"": 1}",기타
익산시만,2021-08-26 22:00:00,3,3,"{""부송동"": 2, ""동산동"": 1}",3.3333333333333335,4,"{""기타"": 2, ""가축 분뇨 냄새(닭, 돼지, 소)"": 1}",기타
익산시만,2021-08-27 00:00:00,1,1,"{""부송동"": 1}",4.0,4,"{""공장 냄새(화학약품, 매캐함)"": 1}","공장 냄새(화학약품, 매캐함)"
익산시만,2021-08-27 06:00:00,1,1,"{""영등동"": 1}",3.0,3,"{""기타"": 1}",기타
익산시만,2021-08-27 07:00:00,3,3,"{""동산동"": 2, ""평화동"": 1}",4.0,5,"{""가축 분뇨 냄새(닭, 돼지, 소)"": 2, ""공장 냄새(화학약품, 매캐함)"": 1}","가축 분뇨 냄새(닭, 돼지, 소)"
익산시만,2021-08-27 08:00:00,4,4,"{""어양동"": 2, ""영등동"": 1, ""현영동"": 1}",4.0,5,"{""기타"": 3, ""가축 분뇨 냄새(닭, 돼지, 소)"": 1}",기타
익산시만,2021-08-27 12:00:00,1,1,"{""팔봉동"": 1}",2.0,2,"{""공장 냄새(화학약품, 매캐함)"": 1}","공장 냄새(화학약품, 매캐함)"
익산시만,2021-08-27 13:00:00,2,2,"{""현영동"": 1, ""어양동"": 1}",4.0,5,"{""하수구 냄새"": 1, ""가축 분뇨 냄새(닭, 돼지, 소)"": 1}",하수구 냄새
익산시만,2021-08-27 17:00:00,4,4,"{""낭산면 용기리"": 4}",4.25,5,"{""기타"": 4}",기타
익산시만,2021-08-27 19:00:00,1,1,"{""영등동"": 1}",4.0,4,"{""하수구 냄새"": 1}",하수구 냄새
익산시만,2021-08-27 23:00:00,1,1,"{""춘포면 쌍정리"": 1}",5.0,5,"{""기타"": 1}",기타
익산시만,2021-08-28 13:00:00,3,3,"{""낭산면 용기리"": 3}",4.0,4,"{""기타"": 3}",기타
익산시만,2021-08-28 15:00:00,5,5,"{""낭산면 용기리"": 5}",4.6,5,"{""기타"": 5}",기타
익산시만,2021-08-28 16:00:00,4,4,"{""낭산면 용기리"": 4}",5.0,5,"{""기타"": 4}",기타
익산시만,2021-08-28 17:00:00,2,2,"{""동산동"": 1, ""영등동"": 1}",4.5,5,"{""가축 분뇨 냄새(닭, 돼지, 소)"": 2}","가축 분뇨 냄새(닭, 돼지, 소)"
익산시만,2021-08-28 22:00:00,2,2,"{""춘포면 쌍정리"": 1, ""동산동"": 1}",5.0,5,"{""기타"": 1, ""공장 냄새(화학약품, 매캐함)"": 1}",기타
익산시만,2021-08-29 09:00:00,1,1,"{""낭산면 용기리"": 1}",5.0,5,"{""기타"": 1}",기타
익산시만,2021-08-29 16:00:00,4,4,"{""낭산면 용기리"": 4}",4.75,5,"{""기타"": 4}",기타
익산시만,2021-08-29 18:00:00,1,1,"{""부송동"": 1}",3.0,3,"{""가축 분뇨 냄새(닭, 돼지, 소)"": 1}","가축 분뇨 냄새(닭, 돼지, 소)"
익산시만,2021-08-29 19:00:00,1,1,"{""낭산면 용기리"": 1}",5.0,5,"{""가축 분뇨 냄새(닭, 돼지, 소)"": 1}","가축 분뇨 냄새(닭, 돼지, 소)"
익산시만,2021-08-29 21:00:00,2,2,"{""영등동"": 1, ""어양동"": 1}",4.0,5,"{""기타"": 2}",기타
익산시만,2021-08-29 22:00:00,2,2,"{""영등동"": 1, ""부송동"": 1}",4.0,5,"{""기타"": 1, ""하수구 냄새"": 1}",기타
익산시만,2021-08-29 23:00:00,1,1,"{""어양동"": 1}",5.0,5,"{""가축 분뇨 냄새(닭, 돼지, 소)"": 1}","가축 분뇨 냄새(닭, 돼지, 소)"
익산시만,2021-08-30 05:00:00,1,1,"{""춘포면 쌍정리"": 1}",5.0,5,"{""기타"": 1}",기타
익산시만,2021-08-30 08:00:00,1,1,"{""신용동"": 1}",2.0,2,"{""가축 분뇨 냄새(닭, 돼지, 소)"": 1}","가축 분뇨 냄새(닭, 돼지, 소)"
익산시만,2021-08-30 09:00:00,1,1,"{""현영동"": 1}",5.0,5,"{""하수구 냄새"": 1}",하수구 냄새
익산시만,2021-08-30 17:00:00,2,2,"{""영등동"": 1, ""동산동"": 1}",4.5,5,"{""가축 분뇨 냄새(닭, 돼지, 소)"": 1, ""하수구 냄새"": 1}","가축 분뇨 냄새(닭, 돼지, 소)"
익산시만,2021-08-30 19:00:00,8,7,"{""낭산면 용기리"": 8}",4.75,5,"{""기타"": 7, ""공장 냄새(화학약품, 매캐함)"": 1}",기타
익산시만,2021-08-30 21:00:00,1,1,"{""춘포면 쌍정리"": 1}",5.0,5,"{""가축 분뇨 냄새(닭, 돼지, 소)"": 1}","가축 분뇨 냄새(닭, 돼지, 소)"
익산시만,2021-08-30 23:00:00,1,1,"{""부송동"": 1}",4.0,4,"{""공장 냄새(화학약품, 매캐함)"": 1}","공장 냄새(화학약품, 매캐함)"
익산시만,2021-08-31 00:00:00,6,6,"{""부송동"": 5, ""어양동"": 1}",4.166666666666667,5,"{""가축 분뇨 냄새(닭, 돼지, 소)"": 3, ""하수구 냄새"": 2, ""기타"": 1}","가축 분뇨 냄새(닭, 돼지, 소)"
익산시만,2021-08-31 08:00:00,1,1,"{""춘포면 쌍정리"": 1}",5.0,5,"{""가축 분뇨 냄새(닭, 돼지, 소)"": 1}","가축 분뇨 냄새(닭, 돼지, 소)"
익산시만,2021-08-31 17:00:00,1,1,"{""여산면 두여리"": 1}",3.0,3,"{""하수구 냄새"": 1}",하수구 냄새
익산시만,2021-08-31 21:00:00,19,19,"{""동산동"": 6, ""어양동"": 5, ""부송동"": 3, ""영등동"": 3, ""마동"": 2}",4.2105263157894735,5,"{""기타"": 14, ""가축 분뇨 냄새(닭, 돼지, 소)"": 5}",기타
익산시만,2021-08-31 22:00:00,19,19,"{""어양동"": 7, ""부송동"": 6, ""영등동"": 3, ""마동"": 2, ""신동"": 1}",4.0,5,"{""가축 분뇨 냄새(닭, 돼지, 소)"": 9, ""기타"": 8, ""하수구 냄새"": 1, ""음식조리 냄새"": 1}","가축 분뇨 냄새(닭, 돼지, 소)"
익산시만,2021-08-31 23:00:00,15,15,"{""영등동"": 10, ""동산동"": 2, ""어양동"": 2, ""신흥동"": 1}",4.266666666666667,5,"{""가축 분뇨 냄새(닭, 돼지, 소)"": 8, ""기타"": 5, ""하수구 냄새"": 2}","가축 분뇨 냄새(닭, 돼지, 소)"
익산시만,2021-09-01 00:00:00,4,4,"{""마동"": 1, ""영등동"": 1, ""신동"": 1, ""모현동1가"": 1}",4.5,5,"{""가축 분뇨 냄새(닭, 돼지, 소)"": 2, ""기타"": 2}","가축 분뇨 냄새(닭, 돼지, 소)"
익산시만,2021-09-01 01:00:00,1,1,"{""모현동1가"": 1}",5.0,5,"{""기타"": 1}",기타
익산시만,2021-09-01 09:00:00,1,1,"{""현영동"": 1}",5.0,5,"{""하수구 냄새"": 1}",하수구 냄새
익산시만,2021-09-01 10:00:00,1,1,"{""인화동2가"": 1}",3.0,3,"{""가축 분뇨 냄새(닭, 돼지, 소)"": 1}","가축 분뇨 냄새(닭, 돼지, 소)"
익산시만,2021-09-01 17:00:00,1,1,"{""팔봉동"": 1}",3.0,3,"{""하수구 냄새"": 1}",하수구 냄새
익산시만,2021-09-01 21:00:00,1,1,"{""용안면 동지산리"": 1}",4.0,4,"{""기타"": 1}",기타
익산시만,2021-09-01 22:00:00,1,1,"{""어양동"": 1}",4.0,4,"{""가축 분뇨 냄새(닭, 돼지, 소)"": 1}","가축 분뇨 냄새(닭, 돼지, 소)"
익산시만,2021-09-02 08:00:00,1,1,"{""어양동"": 1}",3.0,3,"{""가축 분뇨 냄새(닭, 돼지, 소)"": 1}","가축 분뇨 냄새(닭, 돼지, 소)"
익산시만,2021-09-02 11:00:00,2,2,"{""영등동"": 1, ""부송동"": 1}",3.0,3,"{""기타"": 2}",기타
익산시만,2021-09-02 13:00:00,1,1,"{""현영동"": 1}",5.0,5,"{""하수구 냄새"": 1}",하수구 냄새
익산시만,2021-09-02 18:00:00,1,1,"{""팔봉동"": 1}",2.0,2,"{""공장 냄새(화학약품, 매캐함)"": 1}","공장 냄새(화학약품, 매캐함)"
익산시만,2021-09-02 21:00:00,3,3,"{""부송동"": 2, ""동산동"": 1}",3.6666666666666665,5,"{""음식조리 냄새"": 1, ""가축 분뇨 냄새(닭, 돼지, 소)"": 1, ""공장 냄새(화학약품, 매캐함)"": 1}",음식조리 냄새
익산시만,2021-09-02 22:00:00,1,1,"{""모현동1가"": 1}",5.0,5,"{""공장 냄새(화학약품, 매캐함)"": 1}","공장 냄새(화학약품, 매캐함)"
익산시만,2021-09-03 07:00:00,1,1,"{""낭산면 용기리"": 1}",5.0,5,"{""기타"": 1}",기타
익산시만,2021-09-03 12:00:00,1,1,"{""현영동"": 1}",5.0,5,"{""하수구 냄새"": 1}",하수구 냄새
익산시만,2021-09-03 16:00:00,1,1,"{""낭산면 용기리"": 1}",3.0,3,"{""기타"": 1}",기타
익산시만,2021-09-03 17:00:00,2,2,"{""낭산면 용기리"": 2}",5.0,5,"{""기타"": 2}",기타
익산시만,2021-09-03 18:00:00,1,1,"{""낭산면 용기리"": 1}",5.0,5,"{""기타"": 1}",기타
익산시만,2021-09-03 22:00:00,1,1,"{""영등동"": 1}",3.0,3,"{""하수구 냄새"": 1}",하수구 냄새
익산시만,2021-09-03 23:00:00,2,2,"{""모현동1가"": 1, ""어양동"": 1}",3.5,4,"{""공장 냄새(화학약품, 매캐함)"": 2}","공장 냄새(화학약품, 매캐함)"
익산시만,2021-09-04 00:00:00,2,2,"{""영등동"": 1, ""모현동1가"": 1}",3.5,4,"{""공장 냄새(화학약품, 매캐함)"": 2}","공장 냄새(화학약품, 매캐함)"
익산시만,2021-09-04 01:00:00,1,1,"{""동산동"": 1}",3.0,3,"{""하수구 냄새"": 1}",하수구 냄새
익산시만,2021-09-04 09:00:00,1,1,"{""낭산면 용기리"": 1}",4.0,4,"{""기타"": 1}",기타
익산시만,2021-09-04 18:00:00,1,1,"{""영등동"": 1}",5.0,5,"{""기타"": 1}",기타
익산시만,2021-09-04 20:00:00,2,2,"{""용동면 용성리"": 1, ""동산동"": 1}",4.5,5,"{""기타"": 2}",기타
익산시만,2021-09-04 21:00:00,7,7,"{""부송동"": 4, ""동산동"": 1, ""어양동"": 1, ""모현동1가"": 1}",3.4285714285714284,5,"{""가축 분뇨 냄새(닭, 돼지, 소)"": 4, ""공장 냄새(화학약품, 매캐함)"": 1, ""기타"": 1, ""하수구 냄새"": 1}","가축 분뇨 냄새(닭, 돼지, 소)"
익산시만,2021-09-04 22:00:00,7,7,"{""부송동"": 2, ""어양동"": 2, ""팔봉동"": 1, ""신동"": 1, ""영등동"": 1}",3.857142857142857,5,"{""공장 냄새(화학약품, 매캐함)"": 4, ""음식조리 냄새"": 1, ""기타"": 1, ""가축 분뇨 냄새(닭, 돼지, 소)"": 1}","공장 냄새(화학약품, 매캐함)"
익산시만,2021-09-04 23:00:00,3,3,"{""부송동"": 2, ""동산동"": 1}",3.6666666666666665,5,"{""공장 냄새(화학약품, 매캐함)"": 2, ""기타"": 1}","공장 냄새(화학약품, 매캐함)"
익산시만,2021-09-05 00:00:00,1,1,"{""동산동"": 1}",3.0,3,"{""가축 분뇨 냄새(닭, 돼지, 소)"": 1}","가축 분뇨 냄새(닭, 돼지, 소)"
익산시만,2021-09-05 01:00:00,1,1,"{""모현동1가"": 1}",5.0,5,"{""공장 냄새(화학약품, 매캐함)"": 1}","공장 냄새(화학약품, 매캐함)"
익산시만,2021-09-05 02:00:00,1,1,"{""동산동"": 1}",3.0,3,"{""공장 냄새(화학약품, 매캐함)"": 1}","공장 냄새(화학약품, 매캐함)"
익산시만,2021-09-05 07:00:00,2,1,"{""낭산면 용기리"": 2}",4.5,5,"{""기타"": 2}",기타
익산시만,2021-09-05 08:00:00,3,3,"{""낭산면 용기리"": 3}",4.666666666666667,5,"{""기타"": 3}",기타
익산시만,2021-09-05 11:00:00,1,1,"{""어양동"": 1}",4.0,4,"{""공장 냄새(화학약품, 매캐함)"": 1}","공장 냄새(화학약품, 매캐함)"
익산시만,2021-09-05 15:00:00,1,1,"{""부송동"": 1}",4.0,4,"{""하수구 냄새"": 1}",하수구 냄새
익산시만,2021-09-05 16:00:00,2,2,"{""낭산면 용기리"": 1, ""어양동"": 1}",5.0,5,"{""기타"": 1, ""가축 분뇨 냄새(닭, 돼지, 소)"": 1}",기타
익산시만,2021-09-05 17:00:00,3,3,"{""낭산면 용기리"": 2, ""부송동"": 1}",4.333333333333333,5,"{""기타"": 2, ""공장 냄새(화학약품, 매캐함)"": 1}",기타
익산시만,2021-09-05 19:00:00,1,1,"{""부송동"": 1}",5.0,5,"{""공장 냄새(화학약품, 매캐함)"": 1}","공장 냄새(화학약품, 매캐함)"
익산시만,2021-09-05 20:00:00,2,2,"{""어양동"": 2}",3.5,4,"{""공장 냄새(화학약품, 매캐함)"": 2}","공장 냄새(화학약품, 매캐함)"
익산시만,2021-09-05 23:00:00,1,1,"{""모현동1가"": 1}",3.0,3,"{""기타"": 1}",기타
익산시만,2021-09-06 00:00:00,1,1,"{""동산동"": 1}",5.0,5,"{""가축 분뇨 냄새(닭, 돼지, 소)"": 1}","가축 분뇨 냄새(닭, 돼지, 소)"
익산시만,2021-09-06 07:00:00,4,4,"{""낭산면 용기리"": 2, ""부송동"": 1, ""영등동"": 1}",4.75,5,"{""기타"": 3, ""가축 분뇨 냄새(닭, 돼지, 소)"": 1}",기타
익산시만,2021-09-06 08:00:00,2,2,"{""부송동"": 1, ""영등동"": 1}",3.5,4,"{""가축 분뇨 냄새(닭, 돼지, 소)"": 1, ""기타"": 1}","가축 분뇨 냄새(닭, 돼지, 소)"
익산시만,2021-09-06 11:00:00,1,1,"{""부송동"": 1}",5.0,5,"{""공장 냄새(화학약품, 매캐함)"": 1}","공장 냄새(화학약품, 매캐함)"
익산시만,2021-09-06 12:00:00,1,1,"{""어양동"": 1}",5.0,5,"{""공장 냄새(화학약품, 매캐함)"": 1}","공장 냄새(화학약품, 매캐함)"
익산시만,2021-09-06 13:00:00,1,1,"{""낭산면 용기리"": 1}",5.0,5,"{""기타"": 1}",기타
익산시만,2021-09-06 18:00:00,1,1,"{""모현동1가"": 1}",4.0,4,"{""공장 냄새(화학약품, 매캐함)"": 1}","공장 냄새(화학약품, 매캐함)"
익산시만,2021-09-07 10:00:00,1,1,"{""춘포면 창평리"": 1}",3.0,3,"{""기타"": 1}",기타
익산시만,2021-09-07 13:00:00,1,1,"{""현영동"": 1}",5.0,5,"{""하수구 냄새"": 1}",하수구 냄새
익산시만,2021-09-08 12:00:00,1,1,"{""신흥동"": 1}",5.0,5,"{""공장 냄새(화학약품, 매캐함)"": 1}","공장 냄새(화학약품, 매캐함)"
익산시만,2021-09-08 19:00:00,1,1,"{""영등동"": 1}",4.0,4,"{""공장 냄새(화학약품, 매캐함)"": 1}","공장 냄새(화학약품, 매캐함)"
익산시만,2021-09-08 20:00:00,1,1,"{""부송동"": 1}",3.0,3,"{""가축 분뇨 냄새(닭, 돼지, 소)"": 1}","가축 분뇨 냄새(닭, 돼지, 소)"
익산시만,2021-09-09 00:00:00,1,1,"{""어양동"": 1}",4.0,4,"{""하수구 냄새"": 1}",하수구 냄새
익산시만,2021-09-09 06:00:00,1,1,"{""부송동"": 1}",3.0,3,"{""하수구 냄새"": 1}",하수구 냄새
익산시만,2021-09-09 14:00:00,1,1,"{""현영동"": 1}",5.0,5,"{""하수구 냄새"": 1}",하수구 냄새
익산시만,2021-09-10 00:00:00,2,2,"{""팔봉동"": 2}",3.5,4,"{""음식조리 냄새"": 1, ""가축 분뇨 냄새(닭, 돼지, 소)"": 1}",음식조리 냄새
익산시만,2021-09-10 01:00:00,1,1,"{""모현동1가"": 1}",5.0,5,"{""기타"": 1}",기타
익산시만,2021-09-10 06:00:00,1,1,"{""동산동"": 1}",4.0,4,"{""하수구 냄새"": 1}",하수구 냄새
익산시만,2021-09-10 08:00:00,1,1,"{""남중동"": 1}",4.0,4,"{""하수구 냄새"": 1}",하수구 냄새
익산시만,2021-09-11 00:00:00,5,5,"{""부송동"": 2, ""어양동"": 1, ""동산동"": 1, ""신동"": 1}",4.2,5,"{""공장 냄새(화학약품, 매캐함)"": 2, ""가축 분뇨 냄새(닭, 돼지, 소)"": 2, ""기타"": 1}","공장 냄새(화학약품, 매캐함)"
익산시만,2021-09-11 06:00:00,1,1,"{""동산동"": 1}",5.0,5,"{""기타"": 1}",기타
익산시만,2021-09-11 21:00:00,3,3,"{""낭산면 용기리"": 3}",5.0,5,"{""기타"": 3}",기타
익산시만,2021-09-11 22:00:00,1,1,"{""만석동"": 1}",3.0,3,"{""가축 분뇨 냄새(닭, 돼지, 소)"": 1}","가축 분뇨 냄새(닭, 돼지, 소)"
익산시만,2021-09-11 23:00:00,2,2,"{""현영동"": 1, ""춘포면 쌍정리"": 1}",4.5,5,"{""가축 분뇨 냄새(닭, 돼지, 소)"": 2}","가축 분뇨 냄새(닭, 돼지, 소)"
익산시만,2021-09-12 00:00:00,1,1,"{""평화동"": 1}",4.0,4,"{""가축 분뇨 냄새(닭, 돼지, 소)"": 1}","가축 분뇨 냄새(닭, 돼지, 소)"
익산시만,2021-09-12 01:00:00,1,1,"{""어양동"": 1}",4.0,4,"{""공장 냄새(화학약품, 매캐함)"": 1}","공장 냄새(화학약품, 매캐함)"
익산시만,2021-09-12 04:00:00,1,1,"{""오산면 장신리"": 1}",5.0,5,"{""공장 냄새(화학약품, 매캐함)"": 1}","공장 냄새(화학약품, 매캐함)"
익산시만,2021-09-12 09:00:00,1,1,"{""어양동"": 1}",4.0,4,"{""공장 냄새(화학약품, 매캐함)"": 1}","공장 냄새(화학약품, 매캐함)"
익산시만,2021-09-12 17:00:00,1,1,"{""낭산면 용기리"": 1}",5.0,5,"{""기타"": 1}",기타
익산시만,2021-09-12 18:00:00,1,1,"{""영등동"": 1}",4.0,4,"{""공장 냄새(화학약품, 매캐함)"": 1}","공장 냄새(화학약품, 매캐함)"
익산시만,2021-09-12 19:00:00,1,1,"{""왕궁면 온수리"": 1}",4.0,4,"{""가축 분뇨 냄새(닭, 돼지, 소)"": 1}","가축 분뇨 냄새(닭, 돼지, 소)"
익산시만,2021-09-12 20:00:00,5,5,"{""부송동"": 2, ""춘포면 쌍정리"": 1, ""삼기면 오룡리"": 1, ""모현동1가"": 1}",3.8,5,"{""공장 냄새(화학약품, 매캐함)"": 3, ""기타"": 2}","공장 냄새(화학약품, 매캐함)"
익산시만,2021-09-12 21:00:00,6,6,"{""부송동"": 2, ""팔봉동"": 2, ""동산동"": 1, ""신동"": 1}",3.6666666666666665,5,"{""공장 냄새(화학약품, 매캐함)"": 5, ""기타"": 1}","공장 냄새(화학약품, 매캐함)"
익산시만,2021-09-12 22:00:00,5,5,"{""팔봉동"": 3, ""동산동"": 1, ""어양동"": 1}",3.2,5,"{""공장 냄새(화학약품, 매캐함)"": 4, ""기타"": 1}","공장 냄새(화학약품, 매캐함)"
익산시만,2021-09-12 23:00:00,4,4,"{""부송동"": 4}",4.5,5,"{""공장 냄새(화학약품, 매캐함)"": 2, ""기타"": 2}","공장 냄새(화학약품, 매캐함)"
익산시만,2021-09-13 00:00:00,12,11,"{""영등동"": 8, ""어양동"": 2, ""부송동"": 1, ""신동"": 1}",4.416666666666667,5,"{""가축 분뇨 냄새(닭, 돼지, 소)"": 5, ""기타"": 4, ""공장 냄새(화학약품, 매캐함)"": 2, ""하수구 냄새"": 1}","가축 분뇨 냄새(닭, 돼지, 소)"
익산시만,2021-09-13 02:00:00,1,1,"{""어양동"": 1}",4.0,4,"{""가축 분뇨 냄새(닭, 돼지, 소)"": 1}","가축 분뇨 냄새(닭, 돼지, 소)"
익산시만,2021-09-13 16:00:00,4,4,"{""낭산면 용기리"": 2, ""영등동"": 1, ""동산동"": 1}",4.75,5,"{""공장 냄새(화학약품, 매캐함)"": 2, ""기타"": 2}","공장 냄새(화학약품, 매캐함)"
익산시만,2021-09-13 17:00:00,1,1,"{""낭산면 용기리"": 1}",5.0,5,"{""기타"": 1}",기타
익산시만,2021-09-13 19:00:00,2,2,"{""영등동"": 1, ""왕궁면 온수리"": 1}",4.0,4,"{""공장 냄새(화학약품, 매캐함)"": 1, ""기타"": 1}","공장 냄새(화학약품, 매캐함)"
익산시만,2021-09-13 22:00:00,1,1,"{""모현동1가"": 1}",4.0,4,"{""공장 냄새(화학약품, 매캐함)"": 1}","공장 냄새(화학약품, 매캐함)"
익산시만,2021-09-13 23:00:00,1,1,"{""낭산면 용기리"": 1}",4.0,4,"{""기타"": 1}",기타
익산시만,2021-09-14 14:00:00,1,1,"{""낭산면 용기리"": 1}",5.0,5,"{""기타"": 1}",기타
익산시만,2021-09-14 16:00:00,1,1,"{""낭산면 용기리"": 1}",5.0,5,"{""기타"": 1}",기타
익산시만,2021-09-14 19:00:00,1,1,"{""팔봉동"": 1}",3.0,3,"{""공장 냄새(화학약품, 매캐함)"": 1}","공장 냄새(화학약품, 매캐함)"
익산시만,2021-09-15 05:00:00,1,1,"{""낭산면 용기리"": 1}",4.0,4,"{""기타"": 1}",기타
익산시만,2021-09-15 07:00:00,1,1,"{""낭산면 용기리"": 1}",4.0,4,"{""기타"": 1}",기타
익산시만,2021-09-15 19:00:00,3,3,"{""낭산면 용기리"": 2, ""성당면 갈산리"": 1}",4.333333333333333,5,"{""기타"": 2, ""가축 분뇨 냄새(닭, 돼지, 소)"": 1}",기타
익산시만,2021-09-15 20:00:00,2,2,"{""낭산면 용기리"": 2}",5.0,5,"{""기타"": 2}",기타
익산시만,2021-09-15 21:00:00,1,1,"{""낭산면 용기리"": 1}",5.0,5,"{""기타"": 1}",기타
익산시만,2021-09-16 08:00:00,2,2,"{""낭산면 용기리"": 2}",5.0,5,"{""기타"": 2}",기타
익산시만,2021-09-16 13:00:00,3,3,"{""낭산면 용기리"": 3}",5.0,5,"{""기타"": 3}",기타
익산시만,2021-09-16 15:00:00,1,1,"{""신동"": 1}",3.0,3,"{""기타"": 1}",기타
익산시만,2021-09-16 16:00:00,1,1,"{""영등동"": 1}",4.0,4,"{""기타"": 1}",기타
익산시만,2021-09-16 19:00:00,2,2,"{""모현동1가"": 1, ""부송동"": 1}",4.5,5,"{""공장 냄새(화학약품, 매캐함)"": 2}","공장 냄새(화학약품, 매캐함)"
익산시만,2021-09-16 20:00:00,5,5,"{""낭산면 용기리"": 4, ""모현동1가"": 1}",4.6,5,"{""기타"": 4, ""공장 냄새(화학약품, 매캐함)"": 1}",기타
익산시만,2021-09-16 21:00:00,2,2,"{""신동"": 2}",5.0,5,"{""가축 분뇨 냄새(닭, 돼지, 소)"": 1, ""공장 냄새(화학약품, 매캐함)"": 1}","가축 분뇨 냄새(닭, 돼지, 소)"
익산시만,2021-09-16 22:00:00,1,1,"{""낭산면 용기리"": 1}",5.0,5,"{""기타"": 1}",기타
익산시만,2021-09-17 11:00:00,1,1,"{""현영동"": 1}",5.0,5,"{""하수구 냄새"": 1}",하수구 냄새
익산시만,2021-09-17 17:00:00,1,1,"{""낭산면 용기리"": 1}",5.0,5,"{""하수구 냄새"": 1}",하수구 냄새
익산시만,2021-09-17 18:00:00,1,1,"{""낭산면 용기리"": 1}",5.0,5,"{""가축 분뇨 냄새(닭, 돼지, 소)"": 1}","가축 분뇨 냄새(닭, 돼지, 소)"
익산시만,2021-09-18 15:00:00,1,1,"{""낭산면 용기리"": 1}",3.0,3,"{""가축 분뇨 냄새(닭, 돼지, 소)"": 1}","가축 분뇨 냄새(닭, 돼지, 소)"
익산시만,2021-09-18 16:00:00,2,1,"{""낭산면 용기리"": 2}",4.0,5,"{""가축 분뇨 냄새(닭, 돼지, 소)"": 1, ""기타"": 1}","가축 분뇨 냄새(닭, 돼지, 소)"
익산시만,2021-09-18 17:00:00,1,1,"{""낭산면 용기리"": 1}",4.0,4,"{""기타"": 1}",기타
익산시만,2021-09-18 19:00:00,1,1,"{""왕궁면 온수리"": 1}",3.0,3,"{""가축 분뇨 냄새(닭, 돼지, 소)"": 1}","가축 분뇨 냄새(닭, 돼지, 소)"
익산시만,2021-09-18 21:00:00,4,4,"{""어양동"": 3, ""동산동"": 1}",4.0,5,"{""기타"": 3, ""공장 냄새(화학약품, 매캐함)"": 1}",기타
익산시만,2021-09-18 22:00:00,1,1,"{""황등면 구자리"": 1}",4.0,4,"{""기타"": 1}",기타
익산시만,2021-09-18 23:00:00,1,1,"{""낭산면 용기리"": 1}",4.0,4,"{""기타"": 1}",기타
익산시만,2021-09-19 00:00:00,3,3,"{""동산동"": 2, ""부송동"": 1}",4.0,5,"{""기타"": 2, ""공장 냄새(화학약품, 매캐함)"": 1}",기타
익산시만,2021-09-19 01:00:00,1,1,"{""동산동"": 1}",5.0,5,"{""기타"": 1}",기타
익산시만,2021-09-19 02:00:00,1,1,"{""팔봉동"": 1}",5.0,5,"{""음식조리 냄새"": 1}",음식조리 냄새
익산시만,2021-09-19 03:00:00,1,1,"{""부송동"": 1}",4.0,4,"{""공장 냄새(화학약품, 매캐함)"": 1}","공장 냄새(화학약품, 매캐함)"
익산시만,2021-09-19 05:00:00,1,1,"{""부송동"": 1}",4.0,4,"{""공장 냄새(화학약품, 매캐함)"": 1}","공장 냄새(화학약품, 매캐함)"
익산시만,2021-09-19 06:00:00,1,1,"{""부송동"": 1}",4.0,4,"{""가축 분뇨 냄새(닭, 돼지, 소)"": 1}","가축 분뇨 냄새(닭, 돼지, 소)"
익산시만,2021-09-19 16:00:00,1,1,"{""낭산면 용기리"": 1}",3.0,3,"{""가축 분뇨 냄새(닭, 돼지, 소)"": 1}","가축 분뇨 냄새(닭, 돼지, 소)"
익산시만,2021-09-19 17:00:00,6,5,"{""낭산면 용기리"": 6}",4.833333333333333,5,"{""기타"": 3, ""가축 분뇨 냄새(닭, 돼지, 소)"": 3}",기타
익산시만,2021-09-19 18:00:00,5,3,"{""낭산면 용기리"": 5}",5.0,5,"{""가축 분뇨 냄새(닭, 돼지, 소)"": 3, ""기타"": 2}","가축 분뇨 냄새(닭, 돼지, 소)"
익산시만,2021-09-19 19:00:00,1,1,"{""왕궁면 온수리"": 1}",5.0,5,"{""가축 분뇨 냄새(닭, 돼지, 소)"": 1}","가축 분뇨 냄새(닭, 돼지, 소)"
익산시만,2021-09-19 21:00:00,7,7,"{""부송동"": 5, ""신흥동"": 1, ""영등동"": 1}",4.142857142857143,5,"{""공장 냄새(화학약품, 매캐함)"": 4, ""가축 분뇨 냄새(닭, 돼지, 소)"": 3}","공장 냄새(화학약품, 매캐함)"
익산시만,2021-09-19 22:00:00,1,1,"{""황등면 구자리"": 1}",4.0,4,"{""기타"": 1}",기타
익산시만,2021-09-19 23:00:00,1,1,"{""남중동"": 1}",4.0,4,"{""공장 냄새(화학약품, 매캐함)"": 1}","공장 냄새(화학약품, 매캐함)"
익산시만,2021-09-20 07:00:00,3,3,"{""부송동"": 2, ""어양동"": 1}",4.666666666666667,5,"{""공장 냄새(화학약품, 매캐함)"": 1, ""가축 분뇨 냄새(닭, 돼지, 소)"": 1, ""기타"": 1}","공장 냄새(화학약품, 매캐함)"
익산시만,2021-09-20 17:00:00,1,1,"{""모현동1가"": 1}",5.0,5,"{""가축 분뇨 냄새(닭, 돼지, 소)"": 1}","가축 분뇨 냄새(닭, 돼지, 소)"
익산시만,2021-09-20 18:00:00,2,2,"{""모현동1가"": 1, ""주현동"": 1}",3.5,5,"{""가축 분뇨 냄새(닭, 돼지, 소)"": 1, ""기타"": 1}","가축 분뇨 냄새(닭, 돼지, 소)"
익산시만,2021-09-20 19:00:00,1,1,"{""모현동2가"": 1}",5.0,5,"{""기타"": 1}",기타
익산시만,2021-09-20 23:00:00,5,5,"{""동산동"": 2, ""모현동1가"": 2, ""평화동"": 1}",4.6,5,"{""기타"": 3, ""가축 분뇨 냄새(닭, 돼지, 소)"": 1, ""하수구 냄새"": 1}",기타
익산시만,2021-09-21 15:00:00,1,1,"{""어양동"": 1}",3.0,3,"{""가축 분뇨 냄새(닭, 돼지, 소)"": 1}","가축 분뇨 냄새(닭, 돼지, 소)"
익산시만,2021-09-21 21:00:00,2,2,"{""부송동"": 2}",3.5,4,"{""기타"": 2}",기타
익산시만,2021-09-21 22:00:00,16,15,"{""어양동"": 7, ""부송동"": 5, ""영등동"": 4}",4.1875,5,"{""가축 분뇨 냄새(닭, 돼지, 소)"": 8, ""기타"": 5, ""하수구 냄새"": 3}","가축 분뇨 냄새(닭, 돼지, 소)"
익산시만,2021-09-21 23:00:00,8,8,"{""어양동"": 5, ""영등동"": 2, ""부송동"": 1}",4.25,5,"{""기타"": 6, ""가축 분뇨 냄새(닭, 돼지, 소)"": 2}",기타
익산시만,2021-09-22 00:00:00,5,5,"{""영등동"": 5}",4.2,5,"{""가축 분뇨 냄새(닭, 돼지, 소)"": 2, ""기타"": 2, ""음식조리 냄새"": 1}","가축 분뇨 냄새(닭, 돼지, 소)"
익산시만,2021-09-22 01:00:00,1,1,"{""어양동"": 1}",3.0,3,"{""기타"": 1}",기타
익산시만,2021-09-22 21:00:00,1,1,"{""춘포면 쌍정리"": 1}",5.0,5,"{""가축 분뇨 냄새(닭, 돼지, 소)"": 1}","가축 분뇨 냄새(닭, 돼지, 소)"
익산시만,2021-09-22 23:00:00,1,1,"{""부송동"": 1}",4.0,4,"{""음식조리 냄새"": 1}",음식조리 냄새
익산시만,2021-09-23 04:00:00,1,1,"{""어양동"": 1}",4.0,4,"{""가축 분뇨 냄새(닭, 돼지, 소)"": 1}","가축 분뇨 냄새(닭, 돼지, 소)"
익산시만,2021-09-23 06:00:00,4,4,"{""부송동"": 2, ""영등동"": 2}",4.5,5,"{""가축 분뇨 냄새(닭, 돼지, 소)"": 2, ""음식조리 냄새"": 1, ""하수구 냄새"": 1}","가축 분뇨 냄새(닭, 돼지, 소)"
익산시만,2021-09-23 07:00:00,3,3,"{""영등동"": 1, ""어양동"": 1, ""동산동"": 1}",3.6666666666666665,4,"{""가축 분뇨 냄새(닭, 돼지, 소)"": 2, ""기타"": 1}","가축 분뇨 냄새(닭, 돼지, 소)"
익산시만,2021-09-23 08:00:00,7,7,"{""팔봉동"": 4, ""부송동"": 1, ""어양동"": 1, ""인화동2가"": 1}",4.0,5,"{""가축 분뇨 냄새(닭, 돼지, 소)"": 5, ""기타"": 2}","가축 분뇨 냄새(닭, 돼지, 소)"
익산시만,2021-09-23 18:00:00,1,1,"{""어양동"": 1}",5.0,5,"{""기타"": 1}",기타
익산시만,2021-09-23 20:00:00,4,4,"{""낭산면 용기리"": 4}",5.0,5,"{""기타"": 4}",기타
익산시만,2021-09-23 21:00:00,1,1,"{""춘포면 쌍정리"": 1}",5.0,5,"{""가축 분뇨 냄새(닭, 돼지, 소)"": 1}","가축 분뇨 냄새(닭, 돼지, 소)"
익산시만,2021-09-23 22:00:00,4,4,"{""부송동"": 3, ""어양동"": 1}",4.5,5,"{""공장 냄새(화학약품, 매캐함)"": 3, ""음식조리 냄새"": 1}","공장 냄새(화학약품, 매캐함)"
익산시만,2021-09-23 23:00:00,2,2,"{""부송동"": 2}",5.0,5,"{""공장 냄새(화학약품, 매캐함)"": 2}","공장 냄새(화학약품, 매캐함)"
익산시만,2021-09-24 00:00:00,1,1,"{""어양동"": 1}",5.0,5,"{""하수구 냄새"": 1}",하수구 냄새
익산시만,2021-09-24 01:00:00,1,1,"{""마동"": 1}",3.0,3,"{""공장 냄새(화학약품, 매캐함)"": 1}","공장 냄새(화학약품, 매캐함)"
익산시만,2021-09-24 02:00:00,2,2,"{""어양동"": 2}",2.5,3,"{""음식조리 냄새"": 1, ""공장 냄새(화학약품, 매캐함)"": 1}",음식조리 냄새
익산시만,2021-09-24 08:00:00,1,1,"{""춘포면 쌍정리"": 1}",2.0,2,"{""가축 분뇨 냄새(닭, 돼지, 소)"": 1}","가축 분뇨 냄새(닭, 돼지, 소)"
익산시만,2021-09-24 16:00:00,2,2,"{""낭산면 용기리"": 2}",5.0,5,"{""기타"": 2}",기타
익산시만,2021-09-24 21:00:00,3,3,"{""모현동1가"": 2, ""어양동"": 1}",4.333333333333333,5,"{""공장 냄새(화학약품, 매캐함)"": 2, ""음식조리 냄새"": 1}","공장 냄새(화학약품, 매캐함)"
익산시만,2021-09-24 22:00:00,5,5,"{""동산동"": 3, ""낭산면 용기리"": 2}",3.8,5,"{""기타"": 5}",기타
익산시만,2021-09-24 23:00:00,9,9,"{""부송동"": 4, ""동산동"": 2, ""영등동"": 1, ""모현동1가"": 1, ""어양동"": 1}",4.222222222222222,5,"{""공장 냄새(화학약품, 매캐함)"": 7, ""기타"": 1, ""가축 분뇨 냄새(닭, 돼지, 소)"": 1}","공장 냄새(화학약품, 매캐함)"
익산시만,2021-09-25 00:00:00,2,2,"{""모현동1가"": 2}",4.0,5,"{""공장 냄새(화학약품, 매캐함)"": 2}","공장 냄새(화학약품, 매캐함)"
익산시만,2021-09-25 08:00:00,1,1,"{""낭산면 용기리"": 1}",4.0,4,"{""기타"": 1}",기타
익산시만,2021-09-25 10:00:00,2,2,"{""낭산면 용기리"": 2}",5.0,5,"{""기타"": 2}",기타
익산시만,2021-09-25 17:00:00,6,6,"{""낭산면 용기리"": 4, ""함열읍 흘산리"": 2}",5.0,5,"{""기타"": 4, ""가축 분뇨 냄새(닭, 돼지, 소)"": 1, ""하수구 냄새"": 1}",기타
익산시만,2021-09-25 21:00:00,1,1,"{""부송동"": 1}",3.0,3,"{""가축 분뇨 냄새(닭, 돼지, 소)"": 1}","가축 분뇨 냄새(닭, 돼지, 소)"
익산시만,2021-09-25 22:00:00,2,2,"{""낭산면 용기리"": 2}",5.0,5,"{""기타"": 1, ""가축 분뇨 냄새(닭, 돼지, 소)"": 1}",기타
익산시만,2021-09-26 10:00:00,1,1,"{""낭산면 용기리"": 1}",3.0,3,"{""가축 분뇨 냄새(닭, 돼지, 소)"": 1}","가축 분뇨 냄새(닭, 돼지, 소)"
익산시만,2021-09-26 15:00:00,12,11,"{""낭산면 용기리"": 11, ""모현동1가"": 1}",4.833333333333333,5,"{""기타"": 8, ""공장 냄새(화학약품, 매캐함)"": 3, ""가축 분뇨 냄새(닭, 돼지, 소)"": 1}",기타
익산시만,2021-09-26 16:00:00,5,5,"{""낭산면 용기리"": 5}",4.8,5,"{""기타"": 5}",기타
익산시만,2021-09-26 18:00:00,3,3,"{""영등동"": 1, ""모현동1가"": 1, ""낭산면 용기리"": 1}",3.3333333333333335,4,"{""가축 분뇨 냄새(닭, 돼지, 소)"": 1, ""공장 냄새(화학약품, 매캐함)"": 1, ""기타"": 1}","가축 분뇨 냄새(닭, 돼지, 소)"
익산시만,2021-09-26 19:00:00,3,2,"{""낭산면 용기리"": 3}",4.333333333333333,5,"{""기타"": 2, ""공장 냄새(화학약품, 매캐함)"": 1}",기타
익산시만,2021-09-26 22:00:00,1,1,"{""부송동"": 1}",5.0,5,"{""가축 분뇨 냄새(닭, 돼지, 소)"": 1}","가축 분뇨 냄새(닭, 돼지, 소)"
익산시만,2021-09-26 23:00:00,4,4,"{""영등동"": 3, ""부송동"": 1}",3.5,5,"{""공장 냄새(화학약품, 매캐함)"": 3, ""기타"": 1}","공장 냄새(화학약품, 매캐함)"
익산시만,2021-09-27 00:00:00,2,2,"{""낭산면 용기리"": 1, ""영등동"": 1}",3.5,5,"{""기타"": 1, ""가축 분뇨 냄새(닭, 돼지, 소)"": 1}",기타
익산시만,2021-09-27 17:00:00,1,1,"{""부송동"": 1}",5.0,5,"{""하수구 냄새"": 1}",하수구 냄새
익산시만,2021-09-27 19:00:00,5,4,"{""팔봉동"": 2, ""낭산면 용기리"": 2, ""부송동"": 1}",3.4,5,"{""기타"": 2, ""공장 냄새(화학약품, 매캐함)"": 1, ""가축 분뇨 냄새(닭, 돼지, 소)"": 1, ""하수구 냄새"": 1}",기타
익산시만,2021-09-27 20:00:00,1,1,"{""팔봉동"": 1}",3.0,3,"{""공장 냄새(화학약품, 매캐함)"": 1}","공장 냄새(화학약품, 매캐함)"
익산시만,2021-09-27 21:00:00,6,6,"{""동산동"": 3, ""부송동"": 2, ""어양동"": 1}",4.166666666666667,5,"{""가축 분뇨 냄새(닭, 돼지, 소)"": 2, ""공장 냄새(화학약품, 매캐함)"": 2, ""기타"": 1, ""음식조리 냄새"": 1}","가축 분뇨 냄새(닭, 돼지, 소)"
익산시만,2021-09-27 23:00:00,1,1,"{""동산동"": 1}",5.0,5,"{""가축 분뇨 냄새(닭, 돼지, 소)"": 1}","가축 분뇨 냄새(닭, 돼지, 소)"
익산시만,2021-09-28 01:00:00,1,1,"{""낭산면 용기리"": 1}",5.0,5,"{""가축 분뇨 냄새(닭, 돼지, 소)"": 1}","가축 분뇨 냄새(닭, 돼지, 소)"
익산시만,2021-09-28 06:00:00,1,1,"{""오산면 장신리"": 1}",3.0,3,"{""공장 냄새(화학약품, 매캐함)"": 1}","공장 냄새(화학약품, 매캐함)"
익산시만,2021-09-28 17:00:00,1,1,"{""용제동"": 1}",4.0,4,"{""가축 분뇨 냄새(닭, 돼지, 소)"": 1}","가축 분뇨 냄새(닭, 돼지, 소)"
익산시만,2021-09-28 18:00:00,2,1,"{""낭산면 용기리"": 2}",5.0,5,"{""기타"": 1, ""가축 분뇨 냄새(닭, 돼지, 소)"": 1}",기타
익산시만,2021-09-28 20:00:00,1,1,"{""부송동"": 1}",5.0,5,"{""공장 냄새(화학약품, 매캐함)"": 1}","공장 냄새(화학약품, 매캐함)"
익산시만,2021-09-28 21:00:00,14,14,"{""어양동"": 7, ""부송동"": 6, ""신동"": 1}",4.285714285714286,5,"{""가축 분뇨 냄새(닭, 돼지, 소)"": 6, ""기타"": 6, ""공장 냄새(화학약품, 매캐함)"": 2}","가축 분뇨 냄새(닭, 돼지, 소)"
익산시만,2021-09-28 22:00:00,1,1,"{""부송동"": 1}",5.0,5,"{""가축 분뇨 냄새(닭, 돼지, 소)"": 1}","가축 분뇨 냄새(닭, 돼지, 소)"
익산시만,2021-09-29 08:00:00,1,1,"{""모현동2가"": 1}",5.0,5,"{""기타"": 1}",기타
익산시만,2021-09-29 10:00:00,1,1,"{""팔봉동"": 1}",4.0,4,"{""공장 냄새(화학약품, 매캐함)"": 1}","공장 냄새(화학약품, 매캐함)"
익산시만,2021-09-29 11:00:00,1,1,"{""팔봉동"": 1}",3.0,3,"{""공장 냄새(화학약품, 매캐함)"": 1}","공장 냄새(화학약품, 매캐함)"
익산시만,2021-09-30 18:00:00,1,1,"{""부송동"": 1}",4.0,4,"{""하수구 냄새"": 1}",하수구 냄새
익산시만,2021-09-30 19:00:00,2,2,"{""부송동"": 1, ""오산면 남전리"": 1}",3.5,4,"{""하수구 냄새"": 1, ""기타"": 1}",하수구 냄새
익산시만,2021-09-30 20:00:00,1,1,"{""춘포면 쌍정리"": 1}",5.0,5,"{""가축 분뇨 냄새(닭, 돼지, 소)"": 1}","가축 분뇨 냄새(닭, 돼지, 소)"
익산시만,2021-09-30 21:00:00,2,2,"{""현영동"": 1, ""부송동"": 1}",4.5,5,"{""가축 분뇨 냄새(닭, 돼지, 소)"": 1, ""공장 냄새(화학약품, 매캐함)"": 1}","가축 분뇨 냄새(닭, 돼지, 소)"
익산시만,2021-09-30 22:00:00,1,1,"{""부송동"": 1}",3.0,3,"{""공장 냄새(화학약품, 매캐함)"": 1}","공장 냄새(화학약품, 매캐함)"
익산시만,2021-10-01 04:00:00,1,1,"{""어양동"": 1}",5.0,5,"{""기타"": 1}",기타
익산시만,2021-10-01 20:00:00,1,1,"{""현영동"": 1}",4.0,4,"{""가축 분뇨 냄새(닭, 돼지, 소)"": 1}","가축 분뇨 냄새(닭, 돼지, 소)"
익산시만,2021-10-01 22:00:00,1,1,"{""함라면 신목리"": 1}",4.0,4,"{""가축 분뇨 냄새(닭, 돼지, 소)"": 1}","가축 분뇨 냄새(닭, 돼지, 소)"
익산시만,2021-10-01 23:00:00,1,1,"{""부송동"": 1}",4.0,4,"{""공장 냄새(화학약품, 매캐함)"": 1}","공장 냄새(화학약품, 매캐함)"
익산시만,2021-10-02 01:00:00,1,1,"{""모현동1가"": 1}",5.0,5,"{""공장 냄새(화학약품, 매캐함)"": 1}","공장 냄새(화학약품, 매캐함)"
익산시만,2021-10-02 15:00:00,2,2,"{""오산면 남전리"": 1, ""오산면 신지리"": 1}",3.0,3,"{""기타"": 2}",기타
익산시만,2021-10-02 20:00:00,1,1,"{""팔봉동"": 1}",4.0,4,"{""공장 냄새(화학약품, 매캐함)"": 1}","공장 냄새(화학약품, 매캐함)"
익산시만,2021-10-02 21:00:00,1,1,"{""부송동"": 1}",3.0,3,"{""기타"": 1}",기타
익산시만,2021-10-02 22:00:00,2,2,"{""어양동"": 1, ""동산동"": 1}",4.0,5,"{""가축 분뇨 냄새(닭, 돼지, 소)"": 1, ""기타"": 1}","가축 분뇨 냄새(닭, 돼지, 소)"
익산시만,2021-10-02 23:00:00,9,9,"{""동산동"": 5, ""부송동"": 1, ""마동"": 1, ""현영동"": 1, ""모현동1가"": 1}",4.333333333333333,5,"{""가축 분뇨 냄새(닭, 돼지, 소)"": 6, ""기타"": 2, ""공장 냄새(화학약품, 매캐함)"": 1}","가축 분뇨 냄새(닭, 돼지, 소)"
익산시만,2021-10-03 00:00:00,3,3,"{""부송동"": 2, ""어양동"": 1}",4.333333333333333,5,"{""공장 냄새(화학약품, 매캐함)"": 1, ""음식조리 냄새"": 1, ""가축 분뇨 냄새(닭, 돼지, 소)"": 1}","공장 냄새(화학약품, 매캐함)"
익산시만,2021-10-03 17:00:00,2,2,"{""오산면 신지리"": 1, ""오산면 남전리"": 1}",4.5,5,"{""기타"": 2}",기타
익산시만,2021-10-03 20:00:00,10,9,"{""모현동1가"": 3, ""인화동2가"": 2, ""동산동"": 2, ""오산면 장신리"": 1, ""평화동"": 1, ""모현동2가"": 1}",4.4,5,"{""가축 분뇨 냄새(닭, 돼지, 소)"": 6, ""기타"": 3, ""하수구 냄새"": 1}","가축 분뇨 냄새(닭, 돼지, 소)"
익산시만,2021-10-03 21:00:00,13,13,"{""모현동1가"": 3, ""송학동"": 3, ""동산동"": 2, ""팔봉동"": 2, ""모현동2가"": 1, ""현영동"": 1, ""부송동"": 1}",4.153846153846154,5,"{""가축 분뇨 냄새(닭, 돼지, 소)"": 6, ""기타"": 4, ""하수구 냄새"": 2, ""공장 냄새(화학약품, 매캐함)"": 1}","가축 분뇨 냄새(닭, 돼지, 소)"
익산시만,2021-10-04 08:00:00,1,1,"{""팔봉동"": 1}",4.0,4,"{""가축 분뇨 냄새(닭, 돼지, 소)"": 1}","가축 분뇨 냄새(닭, 돼지, 소)"
익산시만,2021-10-04 09:00:00,1,1,"{""낭산면 용기리"": 1}",5.0,5,"{""기타"": 1}",기타
익산시만,2021-10-04 18:00:00,1,1,"{""모현동1가"": 1}",4.0,4,"{""공장 냄새(화학약품, 매캐함)"": 1}","공장 냄새(화학약품, 매캐함)"
익산시만,2021-10-04 20:00:00,1,1,"{""평화동"": 1}",4.0,4,"{""가축 분뇨 냄새(닭, 돼지, 소)"": 1}","가축 분뇨 냄새(닭, 돼지, 소)"
익산시만,2021-10-04 21:00:00,6,6,"{""동산동"": 2, ""송학동"": 1, ""금강동"": 1, ""마동"": 1, ""모현동1가"": 1}",4.666666666666667,5,"{""가축 분뇨 냄새(닭, 돼지, 소)"": 4, ""기타"": 1, ""하수구 냄새"": 1}","가축 분뇨 냄새(닭, 돼지, 소)"
익산시만,2021-10-04 22:00:00,1,1,"{""모현동1가"": 1}",2.0,2,"{""하수구 냄새"": 1}",하수구 냄새
익산시만,2021-10-04 23:00:00,9,9,"{""부송동"": 2, ""동산동"": 2, ""어양동"": 1, ""인화동2가"": 1, ""영등동"": 1, ""평화동"": 1, ""모현동1가"": 1}",4.555555555555555,5,"{""기타"": 5, ""가축 분뇨 냄새(닭, 돼지, 소)"": 2, ""하수구 냄새"": 1, ""음식조리 냄새"": 1}",기타
익산시만,2021-10-05 00:00:00,2,2,"{""모현동1가"": 1, ""송학동"": 1}",4.5,5,"{""가축 분뇨 냄새(닭, 돼지, 소)"": 1, ""기타"": 1}","가축 분뇨 냄새(닭, 돼지, 소)"
익산시만,2021-10-05 17:00:00,1,1,"{""부송동"": 1}",4.0,4,"{""하수구 냄새"": 1}",하수구 냄새
익산시만,2021-10-05 21:00:00,3,3,"{""부송동"": 2, ""춘포면 쌍정리"": 1}",4.666666666666667,5,"{""공장 냄새(화학약품, 매캐함)"": 2, ""가축 분뇨 냄새(닭, 돼지, 소)"": 1}","공장 냄새(화학약품, 매캐함)"
익산시만,2021-10-05 22:00:00,10,10,"{""부송동"": 8, ""어양동"": 1, ""영등동"": 1}",3.8,5,"{""공장 냄새(화학약품, 매캐함)"": 3, ""기타"": 3, ""가축 분뇨 냄새(닭, 돼지, 소)"": 3, ""음식조리 냄새"": 1}","공장 냄새(화학약품, 매캐함)"
익산시만,2021-10-05 23:00:00,5,5,"{""부송동"": 2, ""마동"": 1, ""동산동"": 1, ""어양동"": 1}",4.4,5,"{""기타"": 3, ""공장 냄새(화학약품, 매캐함)"": 1, ""하수구 냄새"": 1}",기타
익산시만,2021-10-06 00:00:00,6,6,"{""동산동"": 4, ""송학동"": 1, ""마동"": 1}",4.666666666666667,5,"{""기타"": 3, ""가축 분뇨 냄새(닭, 돼지, 소)"": 3}",기타
익산시만,2021-10-06 01:00:00,3,3,"{""어양동"": 2, ""영등동"": 1}",4.0,5,"{""가축 분뇨 냄새(닭, 돼지, 소)"": 2, ""기타"": 1}","가축 분뇨 냄새(닭, 돼지, 소)"
익산시만,2021-10-06 06:00:00,3,3,"{""동산동"": 2, ""용제동"": 1}",4.333333333333333,5,"{""기타"": 1, ""공장 냄새(화학약품, 매캐함)"": 1, ""가축 분뇨 냄새(닭, 돼지, 소)"": 1}",기타
익산시만,2021-10-06 07:00:00,6,6,"{""동산동"": 5, ""신흥동"": 1}",4.166666666666667,5,"{""기타"": 3, ""가축 분뇨 냄새(닭, 돼지, 소)"": 2, ""하수구 냄새"": 1}",기타
익산시만,2021-10-06 09:00:00,1,1,"{""동산동"": 1}",3.0,3,"{""가축 분뇨 냄새(닭, 돼지, 소)"": 1}","가축 분뇨 냄새(닭, 돼지, 소)"
익산시만,2021-10-06 16:00:00,1,1,"{""낭산면 용기리"": 1}",5.0,5,"{""기타"": 1}",기타
익산시만,2021-10-06 17:00:00,1,1,"{""삼기면 오룡리"": 1}",4.0,4,"{""하수구 냄새"": 1}",하수구 냄새
익산시만,2021-10-06 21:00:00,2,2,"{""부송동"": 2}",4.0,4,"{""공장 냄새(화학약품, 매캐함)"": 1, ""가축 분뇨 냄새(닭, 돼지, 소)"": 1}","공장 냄새(화학약품, 매캐함)"
익산시만,2021-10-06 22:00:00,3,3,"{""신흥동"": 1, ""부송동"": 1, ""어양동"": 1}",4.666666666666667,5,"{""가축 분뇨 냄새(닭, 돼지, 소)"": 2, ""공장 냄새(화학약품, 매캐함)"": 1}","가축 분뇨 냄새(닭, 돼지, 소)"
익산시만,2021-10-07 06:00:00,1,1,"{""동산동"": 1}",5.0,5,"{""기타"": 1}",기타
익산시만,2021-10-07 07:00:00,1,1,"{""영등동"": 1}",2.0,2,"{""공장 냄새(화학약품, 매캐함)"": 1}","공장 냄새(화학약품, 매캐함)"
익산시만,2021-10-07 09:00:00,1,1,"{""동산동"": 1}",4.0,4,"{""기타"": 1}",기타
익산시만,2021-10-07 16:00:00,1,1,"{""어양동"": 1}",4.0,4,"{""하수구 냄새"": 1}",하수구 냄새
익산시만,2021-10-07 19:00:00,1,1,"{""어양동"": 1}",3.0,3,"{""공장 냄새(화학약품, 매캐함)"": 1}","공장 냄새(화학약품, 매캐함)"
익산시만,2021-10-07 23:00:00,8,8,"{""동산동"": 4, ""부송동"": 1, ""인화동2가"": 1, ""어양동"": 1, ""신동"": 1}",3.75,5,"{""기타"": 4, ""가축 분뇨 냄새(닭, 돼지, 소)"": 3, ""공장 냄새(화학약품, 매캐함)"": 1}",기타
익산시만,2021-10-08 00:00:00,1,1,"{""부송동"": 1}",3.0,3,"{""하수구 냄새"": 1}",하수구 냄새
익산시만,2021-10-08 01:00:00,1,1,"{""어양동"": 1}",4.0,4,"{""가축 분뇨 냄새(닭, 돼지, 소)"": 1}","가축 분뇨 냄새(닭, 돼지, 소)"
익산시만,2021-10-08 07:00:00,2,2,"{""춘포면 쌍정리"": 1, ""낭산면 용기리"": 1}",4.5,5,"{""가축 분뇨 냄새(닭, 돼지, 소)"": 1, ""기타"": 1}","가축 분뇨 냄새(닭, 돼지, 소)"
익산시만,2021-10-08 16:00:00,1,1,"{""신동"": 1}",4.0,4,"{""기타"": 1}",기타
익산시만,2021-10-08 18:00:00,1,1,"{""낭산면 용기리"": 1}",5.0,5,"{""기타"": 1}",기타
익산시만,2021-10-08 19:00:00,1,1,"{""낭산면 용기리"": 1}",3.0,3,"{""기타"": 1}",기타
익산시만,2021-10-08 21:00:00,4,3,"{""평화동"": 3, ""부송동"": 1}",5.0,5,"{""하수구 냄새"": 2, ""음식조리 냄새"": 1, ""공장 냄새(화학약품, 매캐함)"": 1}",하수구 냄새
익산시만,2021-10-08 23:00:00,1,1,"{""영등동"": 1}",4.0,4,"{""가축 분뇨 냄새(닭, 돼지, 소)"": 1}","가축 분뇨 냄새(닭, 돼지, 소)"
익산시만,2021-10-09 20:00:00,2,2,"{""삼기면 기산리"": 1, ""어양동"": 1}",4.5,5,"{""기타"": 1, ""가축 분뇨 냄새(닭, 돼지, 소)"": 1}",기타
익산시만,2021-10-09 22:00:00,1,1,"{""성당면 대선리"": 1}",4.0,4,"{""기타"": 1}",기타
익산시만,2021-10-09 23:00:00,2,2,"{""동산동"": 1, ""신동"": 1}",4.0,4,"{""기타"": 1, ""하수구 냄새"": 1}",기타
익산시만,2021-10-10 00:00:00,5,5,"{""어양동"": 3, ""동산동"": 2}",4.8,5,"{""가축 분뇨 냄새(닭, 돼지, 소)"": 4, ""기타"": 1}","가축 분뇨 냄새(닭, 돼지, 소)"
익산시만,2021-10-10 01:00:00,1,1,"{""동산동"": 1}",5.0,5,"{""기타"": 1}",기타
익산시만,2021-10-10 07:00:00,1,1,"{""영등동"": 1}",3.0,3,"{""가축 분뇨 냄새(닭, 돼지, 소)"": 1}","가축 분뇨 냄새(닭, 돼지, 소)"
익산시만,2021-10-10 08:00:00,1,1,"{""영등동"": 1}",2.0,2,"{""공장 냄새(화학약품, 매캐함)"": 1}","공장 냄새(화학약품, 매캐함)"
익산시만,2021-10-10 13:00:00,3,3,"{""왕궁면 동용리"": 1, ""오산면 남전리"": 1, ""오산면 신지리"": 1}",4.333333333333333,5,"{""기타"": 2, ""가축 분뇨 냄새(닭, 돼지, 소)"": 1}",기타
익산시만,2021-10-10 20:00:00,1,1,"{""부송동"": 1}",3.0,3,"{""공장 냄새(화학약품, 매캐함)"": 1}","공장 냄새(화학약품, 매캐함)"
익산시만,2021-10-11 11:00:00,1,1,"{""인화동2가"": 1}",5.0,5,"{""공장 냄새(화학약품, 매캐함)"": 1}","공장 냄새(화학약품, 매캐함)"
익산시만,2021-10-11 16:00:00,1,1,"{""낭산면 용기리"": 1}",5.0,5,"{""가축 분뇨 냄새(닭, 돼지, 소)"": 1}","가축 분뇨 냄새(닭, 돼지, 소)"
익산시만,2021-10-11 22:00:00,3,3,"{""낭산면 용기리"": 2, ""부송동"": 1}",4.333333333333333,5,"{""공장 냄새(화학약품, 매캐함)"": 1, ""기타"": 1, ""가축 분뇨 냄새(닭, 돼지, 소)"": 1}","공장 냄새(화학약품, 매캐함)"
익산시만,2021-10-11 23:00:00,1,1,"{""평화동"": 1}",4.0,4,"{""가축 분뇨 냄새(닭, 돼지, 소)"": 1}","가축 분뇨 냄새(닭, 돼지, 소)"
익산시만,2021-10-13 20:00:00,9,9,"{""부송동"": 4, ""어양동"": 3, ""영등동"": 1, ""삼기면 오룡리"": 1}",4.222222222222222,5,"{""가축 분뇨 냄새(닭, 돼지, 소)"": 3, ""하수구 냄새"": 2, ""기타"": 2, ""공장 냄새(화학약품, 매캐함)"": 2}","가축 분뇨 냄새(닭, 돼지, 소)"
익산시만,2021-10-13 21:00:00,1,1,"{""어양동"": 1}",5.0,5,"{""기타"": 1}",기타
익산시만,2021-10-13 22:00:00,1,1,"{""부송동"": 1}",5.0,5,"{""공장 냄새(화학약품, 매캐함)"": 1}","공장 냄새(화학약품, 매캐함)"
익산시만,2021-10-13 23:00:00,2,2,"{""동산동"": 1, ""팔봉동"": 1}",5.0,5,"{""기타"": 1, ""공장 냄새(화학약품, 매캐함)"": 1}",기타
익산시만,2021-10-14 06:00:00,1,1,"{""동산동"": 1}",4.0,4,"{""가축 분뇨 냄새(닭, 돼지, 소)"": 1}","가축 분뇨 냄새(닭, 돼지, 소)"
익산시만,2021-10-14 07:00:00,3,3,"{""동산동"": 2, ""마동"": 1}",3.6666666666666665,4,"{""기타"": 2, ""가축 분뇨 냄새(닭, 돼지, 소)"": 1}",기타
익산시만,2021-10-14 18:00:00,1,1,"{""모현동2가"": 1}",3.0,3,"{""공장 냄새(화학약품, 매캐함)"": 1}","공장 냄새(화학약품, 매캐함)"
익산시만,2021-10-15 01:00:00,2,2,"{""마동"": 1, ""동산동"": 1}",5.0,5,"{""가축 분뇨 냄새(닭, 돼지, 소)"": 2}","가축 분뇨 냄새(닭, 돼지, 소)"
익산시만,2021-10-15 02:00:00,1,1,"{""모현동1가"": 1}",5.0,5,"{""하수구 냄새"": 1}",하수구 냄새
익산시만,2021-10-15 04:00:00,1,1,"{""동산동"": 1}",5.0,5,"{""기타"": 1}",기타
익산시만,2021-10-16 09:00:00,1,1,"{""용동면 용성리"": 1}",4.0,4,"{""기타"": 1}",기타
익산시만,2021-10-16 23:00:00,1,1,"{""왕궁면 쌍제리"": 1}",5.0,5,"{""하수구 냄새"": 1}",하수구 냄새
익산시만,2021-10-18 08:00:00,1,1,"{""부송동"": 1}",5.0,5,"{""공장 냄새(화학약품, 매캐함)"": 1}","공장 냄새(화학약품, 매캐함)"
익산시만,2021-10-18 20:00:00,1,1,"{""삼기면 오룡리"": 1}",5.0,5,"{""기타"": 1}",기타
익산시만,2021-10-18 21:00:00,1,1,"{""삼기면 오룡리"": 1}",5.0,5,"{""기타"": 1}",기타
익산시만,2021-10-18 22:00:00,2,2,"{""부송동"": 1, ""어양동"": 1}",4.5,5,"{""하수구 냄새"": 1, ""공장 냄새(화학약품, 매캐함)"": 1}",하수구 냄새
익산시만,2021-10-18 23:00:00,1,1,"{""영등동"": 1}",4.0,4,"{""기타"": 1}",기타
익산시만,2021-10-19 19:00:00,1,1,"{""성당면 대선리"": 1}",3.0,3,"{""하수구 냄새"": 1}",하수구 냄새
익산시만,2021-10-19 20:00:00,1,1,"{""팔봉동"": 1}",5.0,5,"{""공장 냄새(화학약품, 매캐함)"": 1}","공장 냄새(화학약품, 매캐함)"
익산시만,2021-10-20 04:00:00,1,1,"{""영등동"": 1}",4.0,4,"{""공장 냄새(화학약품, 매캐함)"": 1}","공장 냄새(화학약품, 매캐함)"
익산시만,2021-10-20 05:00:00,1,1,"{""동산동"": 1}",5.0,5,"{""기타"": 1}",기타
익산시만,2021-10-20 18:00:00,1,1,"{""춘포면 신동리"": 1}",5.0,5,"{""공장 냄새(화학약품, 매캐함)"": 1}","공장 냄새(화학약품, 매캐함)"
익산시만,2021-10-20 21:00:00,2,2,"{""평화동"": 1, ""인화동2가"": 1}",4.0,5,"{""음식조리 냄새"": 1, ""기타"": 1}",음식조리 냄새
익산시만,2021-10-20 22:00:00,1,1,"{""금강동"": 1}",3.0,3,"{""가축 분뇨 냄새(닭, 돼지, 소)"": 1}","가축 분뇨 냄새(닭, 돼지, 소)"
익산시만,2021-10-21 01:00:00,1,1,"{""어양동"": 1}",3.0,3,"{""기타"": 1}",기타
익산시만,2021-10-21 08:00:00,3,3,"{""동산동"": 1, ""신흥동"": 1, ""부송동"": 1}",4.333333333333333,5,"{""가축 분뇨 냄새(닭, 돼지, 소)"": 3}","가축 분뇨 냄새(닭, 돼지, 소)"
익산시만,2021-10-21 17:00:00,1,1,"{""신흥동"": 1}",4.0,4,"{""가축 분뇨 냄새(닭, 돼지, 소)"": 1}","가축 분뇨 냄새(닭, 돼지, 소)"
익산시만,2021-10-22 00:00:00,4,4,"{""어양동"": 2, ""용제동"": 1, ""영등동"": 1}",3.75,5,"{""기타"": 2, ""가축 분뇨 냄새(닭, 돼지, 소)"": 2}",기타
익산시만,2021-10-22 19:00:00,1,1,"{""삼기면 오룡리"": 1}",4.0,4,"{""가축 분뇨 냄새(닭, 돼지, 소)"": 1}","가축 분뇨 냄새(닭, 돼지, 소)"
익산시만,2021-10-23 02:00:00,1,1,"{""부송동"": 1}",5.0,5,"{""공장 냄새(화학약품, 매캐함)"": 1}","공장 냄새(화학약품, 매캐함)"
익산시만,2021-10-23 20:00:00,2,2,"{""부송동"": 2}",3.5,4,"{""공장 냄새(화학약품, 매캐함)"": 2}","공장 냄새(화학약품, 매캐함)"
익산시만,2021-10-24 00:00:00,1,1,"{""영등동"": 1}",5.0,5,"{""기타"": 1}",기타
익산시만,2021-10-24 17:00:00,1,1,"{""신흥동"": 1}",5.0,5,"{""기타"": 1}",기타
익산시만,2021-10-24 21:00:00,1,1,"{""모현동1가"": 1}",1.0,1,"{""공장 냄새(화학약품, 매캐함)"": 1}","공장 냄새(화학약품, 매캐함)"
익산시만,2021-10-24 22:00:00,1,1,"{""부송동"": 1}",5.0,5,"{""공장 냄새(화학약품, 매캐함)"": 1}","공장 냄새(화학약품, 매캐함)"
익산시만,2021-10-25 22:00:00,2,2,"{""춘포면 쌍정리"": 1, ""부송동"": 1}",4.0,5,"{""기타"": 1, ""공장 냄새(화학약품, 매캐함)"": 1}",기타
익산시만,2021-10-27 07:00:00,1,1,"{""낭산면 용기리"": 1}",4.0,4,"{""가축 분뇨 냄새(닭, 돼지, 소)"": 1}","가축 분뇨 냄새(닭, 돼지, 소)"
익산시만,2021-10-27 13:00:00,1,1,"{""현영동"": 1}",4.0,4,"{""음식조리 냄새"": 1}",음식조리 냄새
익산시만,2021-10-27 23:00:00,2,2,"{""용제동"": 1, ""어양동"": 1}",4.0,4,"{""공장 냄새(화학약품, 매캐함)"": 1, ""가축 분뇨 냄새(닭, 돼지, 소)"": 1}","공장 냄새(화학약품, 매캐함)"
익산시만,2021-10-28 02:00:00,2,2,"{""모현동1가"": 1, ""동산동"": 1}",4.0,5,"{""공장 냄새(화학약품, 매캐함)"": 1, ""가축 분뇨 냄새(닭, 돼지, 소)"": 1}","공장 냄새(화학약품, 매캐함)"
익산시만,2021-10-28 04:00:00,1,1,"{""모현동1가"": 1}",4.0,4,"{""가축 분뇨 냄새(닭, 돼지, 소)"": 1}","가축 분뇨 냄새(닭, 돼지, 소)"
익산시만,2021-10-28 06:00:00,1,1,"{""어양동"": 1}",2.0,2,"{""가축 분뇨 냄새(닭, 돼지, 소)"": 1}","가축 분뇨 냄새(닭, 돼지, 소)"
익산시만,2021-10-28 19:00:00,1,1,"{""낭산면 용기리"": 1}",5.0,5,"{""가축 분뇨 냄새(닭, 돼지, 소)"": 1}","가축 분뇨 냄새(닭, 돼지, 소)"
익산시만,2021-10-28 22:00:00,1,1,"{""춘포면 천서리"": 1}",4.0,4,"{""기타"": 1}",기타
익산시만,2021-10-28 23:00:00,1,1,"{""부송동"": 1}",3.0,3,"{""공장 냄새(화학약품, 매캐함)"": 1}","공장 냄새(화학약품, 매캐함)"
익산시만,2021-10-29 00:00:00,1,1,"{""부송동"": 1}",3.0,3,"{""공장 냄새(화학약품, 매캐함)"": 1}","공장 냄새(화학약품, 매캐함)"
익산시만,2021-10-29 22:00:00,2,2,"{""부송동"": 1, ""동산동"": 1}",4.5,5,"{""가축 분뇨 냄새(닭, 돼지, 소)"": 1, ""하수구 냄새"": 1}","가축 분뇨 냄새(닭, 돼지, 소)"
익산시만,2021-10-30 11:00:00,1,1,"{""모현동1가"": 1}",4.0,4,"{""공장 냄새(화학약품, 매캐함)"": 1}","공장 냄새(화학약품, 매캐함)"
익산시만,2021-10-30 20:00:00,2,2,"{""부송동"": 2}",4.5,5,"{""공장 냄새(화학약품, 매캐함)"": 2}","공장 냄새(화학약품, 매캐함)"
익산시만,2021-10-30 21:00:00,1,1,"{""동산동"": 1}",5.0,5,"{""가축 분뇨 냄새(닭, 돼지, 소)"": 1}","가축 분뇨 냄새(닭, 돼지, 소)"
익산시만,2021-10-30 22:00:00,1,1,"{""부송동"": 1}",5.0,5,"{""공장 냄새(화학약품, 매캐함)"": 1}","공장 냄새(화학약품, 매캐함)"
익산시만,2021-10-30 23:00:00,1,1,"{""영등동"": 1}",2.0,2,"{""가축 분뇨 냄새(닭, 돼지, 소)"": 1}","가축 분뇨 냄새(닭, 돼지, 소)"
익산시만,2021-10-31 00:00:00,1,1,"{""모현동1가"": 1}",4.0,4,"{""기타"": 1}",기타
익산시만,2021-10-31 17:00:00,1,1,"{""오산면 장신리"": 1}",5.0,5,"{""공장 냄새(화학약품, 매캐함)"": 1}","공장 냄새(화학약품, 매캐함)"
익산시만,2021-10-31 18:00:00,1,1,"{""낭산면 용기리"": 1}",5.0,5,"{""기타"": 1}",기타
익산시만,2021-10-31 23:00:00,2,2,"{""영등동"": 1, ""동산동"": 1}",4.5,5,"{""공장 냄새(화학약품, 매캐함)"": 1, ""가축 분뇨 냄새(닭, 돼지, 소)"": 1}","공장 냄새(화학약품, 매캐함)"
익산시만,2021-11-01 08:00:00,1,1,"{""오산면 장신리"": 1}",4.0,4,"{""공장 냄새(화학약품, 매캐함)"": 1}","공장 냄새(화학약품, 매캐함)"
익산시만,2021-11-01 22:00:00,1,1,"{""부송동"": 1}",5.0,5,"{""공장 냄새(화학약품, 매캐함)"": 1}","공장 냄새(화학약품, 매캐함)"
익산시만,2021-11-02 08:00:00,1,1,"{""부송동"": 1}",5.0,5,"{""공장 냄새(화학약품, 매캐함)"": 1}","공장 냄새(화학약품, 매캐함)"
익산시만,2021-11-02 18:00:00,1,1,"{""왕궁면 동용리"": 1}",5.0,5,"{""기타"": 1}",기타
익산시만,2021-11-03 22:00:00,2,2,"{""영등동"": 1, ""신흥동"": 1}",3.5,4,"{""가축 분뇨 냄새(닭, 돼지, 소)"": 1, ""공장 냄새(화학약품, 매캐함)"": 1}","가축 분뇨 냄새(닭, 돼지, 소)"
익산시만,2021-11-03 23:00:00,1,1,"{""부송동"": 1}",5.0,5,"{""공장 냄새(화학약품, 매캐함)"": 1}","공장 냄새(화학약품, 매캐함)"
익산시만,2021-11-04 20:00:00,1,1,"{""모현동1가"": 1}",5.0,5,"{""공장 냄새(화학약품, 매캐함)"": 1}","공장 냄새(화학약품, 매캐함)"
익산시만,2021-11-04 22:00:00,1,1,"{""동산동"": 1}",3.0,3,"{""가축 분뇨 냄새(닭, 돼지, 소)"": 1}","가축 분뇨 냄새(닭, 돼지, 소)"
익산시만,2021-11-05 09:00:00,1,1,"{""팔봉동"": 1}",3.0,3,"{""공장 냄새(화학약품, 매캐함)"": 1}","공장 냄새(화학약품, 매캐함)"
익산시만,2021-11-05 18:00:00,1,1,"{""모현동1가"": 1}",3.0,3,"{""가축 분뇨 냄새(닭, 돼지, 소)"": 1}","가축 분뇨 냄새(닭, 돼지, 소)"
익산시만,2021-11-05 21:00:00,3,3,"{""부송동"": 2, ""모현동1가"": 1}",4.666666666666667,5,"{""공장 냄새(화학약품, 매캐함)"": 3}","공장 냄새(화학약품, 매캐함)"
익산시만,2021-11-06 16:00:00,1,1,"{""낭산면 용기리"": 1}",3.0,3,"{""가축 분뇨 냄새(닭, 돼지, 소)"": 1}","가축 분뇨 냄새(닭, 돼지, 소)"
익산시만,2021-11-07 01:00:00,1,1,"{""창인동1가"": 1}",5.0,5,"{""하수구 냄새"": 1}",하수구 냄새
익산시만,2021-11-07 16:00:00,1,1,"{""춘포면 춘포리"": 1}",5.0,5,"{""가축 분뇨 냄새(닭, 돼지, 소)"": 1}","가축 분뇨 냄새(닭, 돼지, 소)"
익산시만,2021-11-07 18:00:00,1,1,"{""부송동"": 1}",3.0,3,"{""공장 냄새(화학약품, 매캐함)"": 1}","공장 냄새(화학약품, 매캐함)"
익산시만,2021-11-08 19:00:00,1,1,"{""춘포면 신동리"": 1}",4.0,4,"{""공장 냄새(화학약품, 매캐함)"": 1}","공장 냄새(화학약품, 매캐함)"
익산시만,2021-11-11 00:00:00,1,1,"{""신용동"": 1}",2.0,2,"{""가축 분뇨 냄새(닭, 돼지, 소)"": 1}","가축 분뇨 냄새(닭, 돼지, 소)"
익산시만,2021-11-11 08:00:00,1,1,"{""부송동"": 1}",4.0,4,"{""공장 냄새(화학약품, 매캐함)"": 1}","공장 냄새(화학약품, 매캐함)"
익산시만,2021-11-12 20:00:00,1,1,"{""부송동"": 1}",5.0,5,"{""가축 분뇨 냄새(닭, 돼지, 소)"": 1}","가축 분뇨 냄새(닭, 돼지, 소)"
익산시만,2021-11-12 21:00:00,1,1,"{""부송동"": 1}",5.0,5,"{""공장 냄새(화학약품, 매캐함)"": 1}","공장 냄새(화학약품, 매캐함)"
익산시만,2021-11-13 21:00:00,1,1,"{""어양동"": 1}",5.0,5,"{""기타"": 1}",기타
익산시만,2021-11-14 15:00:00,1,1,"{""오산면 신지리"": 1}",5.0,5,"{""가축 분뇨 냄새(닭, 돼지, 소)"": 1}","가축 분뇨 냄새(닭, 돼지, 소)"
익산시만,2021-11-15 18:00:00,1,1,"{""모현동1가"": 1}",4.0,4,"{""하수구 냄새"": 1}",하수구 냄새
익산시만,2021-11-15 20:00:00,1,1,"{""부송동"": 1}",4.0,4,"{""공장 냄새(화학약품, 매캐함)"": 1}","공장 냄새(화학약품, 매캐함)"
익산시만,2021-11-15 21:00:00,1,1,"{""어양동"": 1}",5.0,5,"{""공장 냄새(화학약품, 매캐함)"": 1}","공장 냄새(화학약품, 매캐함)"
익산시만,2021-11-15 23:00:00,1,1,"{""부송동"": 1}",3.0,3,"{""공장 냄새(화학약품, 매캐함)"": 1}","공장 냄새(화학약품, 매캐함)"
익산시만,2021-11-16 04:00:00,2,1,"{""낭산면 용기리"": 2}",5.0,5,"{""기타"": 2}",기타
익산시만,2021-11-16 09:00:00,1,1,"{""춘포면 천서리"": 1}",2.0,2,"{""기타"": 1}",기타
익산시만,2021-11-16 11:00:00,1,1,"{""왕궁면 쌍제리"": 1}",5.0,5,"{""하수구 냄새"": 1}",하수구 냄새
익산시만,2021-11-16 22:00:00,1,1,"{""부송동"": 1}",4.0,4,"{""공장 냄새(화학약품, 매캐함)"": 1}","공장 냄새(화학약품, 매캐함)"
익산시만,2021-11-16 23:00:00,1,1,"{""동산동"": 1}",5.0,5,"{""가축 분뇨 냄새(닭, 돼지, 소)"": 1}","가축 분뇨 냄새(닭, 돼지, 소)"
익산시만,2021-11-17 00:00:00,1,1,"{""신동"": 1}",5.0,5,"{""기타"": 1}",기타
익산시만,2021-11-17 09:00:00,1,1,"{""춘포면 천서리"": 1}",1.0,1,"{""가축 분뇨 냄새(닭, 돼지, 소)"": 1}","가축 분뇨 냄새(닭, 돼지, 소)"
익산시만,2021-11-18 10:00:00,1,1,"{""팔봉동"": 1}",3.0,3,"{""공장 냄새(화학약품, 매캐함)"": 1}","공장 냄새(화학약품, 매캐함)"
익산시만,2021-11-18 17:00:00,1,1,"{""황등면 황등리"": 1}",4.0,4,"{""가축 분뇨 냄새(닭, 돼지, 소)"": 1}","가축 분뇨 냄새(닭, 돼지, 소)"
익산시만,2021-11-19 04:00:00,1,1,"{""낭산면 용기리"": 1}",5.0,5,"{""기타"": 1}",기타
익산시만,2021-11-19 21:00:00,1,1,"{""동산동"": 1}",1.0,1,"{""공장 냄새(화학약품, 매캐함)"": 1}","공장 냄새(화학약품, 매캐함)"
익산시만,2021-11-19 22:00:00,1,1,"{""금강동"": 1}",2.0,2,"{""가축 분뇨 냄새(닭, 돼지, 소)"": 1}","가축 분뇨 냄새(닭, 돼지, 소)"
익산시만,2021-11-20 14:00:00,1,1,"{""용동면 용성리"": 1}",4.0,4,"{""가축 분뇨 냄새(닭, 돼지, 소)"": 1}","가축 분뇨 냄새(닭, 돼지, 소)"
익산시만,2021-11-20 21:00:00,1,1,"{""용동면 용성리"": 1}",5.0,5,"{""가축 분뇨 냄새(닭, 돼지, 소)"": 1}","가축 분뇨 냄새(닭, 돼지, 소)"
익산시만,2021-11-20 22:00:00,1,1,"{""부송동"": 1}",3.0,3,"{""공장 냄새(화학약품, 매캐함)"": 1}","공장 냄새(화학약품, 매캐함)"
익산시만,2021-11-23 07:00:00,1,1,"{""낭산면 용기리"": 1}",4.0,4,"{""기타"": 1}",기타
익산시만,2021-11-23 18:00:00,1,1,"{""모현동1가"": 1}",3.0,3,"{""하수구 냄새"": 1}",하수구 냄새
익산시만,2021-11-24 08:00:00,1,1,"{""춘포면 천서리"": 1}",2.0,2,"{""기타"": 1}",기타
익산시만,2021-11-24 11:00:00,1,1,"{""모현동1가"": 1}",3.0,3,"{""하수구 냄새"": 1}",하수구 냄새
익산시만,2021-11-25 15:00:00,1,1,"{""왕궁면 쌍제리"": 1}",5.0,5,"{""기타"": 1}",기타
익산시만,2021-11-25 23:00:00,1,1,"{""성당면 두동리"": 1}",5.0,5,"{""기타"": 1}",기타
익산시만,2021-11-26 00:00:00,1,1,"{""신흥동"": 1}",3.0,3,"{""기타"": 1}",기타
익산시만,2021-11-27 22:00:00,1,1,"{""부송동"": 1}",4.0,4,"{""공장 냄새(화학약품, 매캐함)"": 1}","공장 냄새(화학약품, 매캐함)"
익산시만,2021-11-28 15:00:00,1,1,"{""용동면 용성리"": 1}",4.0,4,"{""가축 분뇨 냄새(닭, 돼지, 소)"": 1}","가축 분뇨 냄새(닭, 돼지, 소)"
익산시만,2021-11-28 16:00:00,1,1,"{""삼기면 오룡리"": 1}",4.0,4,"{""하수구 냄새"": 1}",하수구 냄새
익산시만,2021-11-28 20:00:00,2,2,"{""용동면 용성리"": 1, ""부송동"": 1}",5.0,5,"{""가축 분뇨 냄새(닭, 돼지, 소)"": 1, ""공장 냄새(화학약품, 매캐함)"": 1}","가축 분뇨 냄새(닭, 돼지, 소)"
익산시만,2021-11-29 06:00:00,1,1,"{""동산동"": 1}",5.0,5,"{""공장 냄새(화학약품, 매캐함)"": 1}","공장 냄새(화학약품, 매캐함)"
익산시만,2021-11-29 09:00:00,1,1,"{""신흥동"": 1}",3.0,3,"{""하수구 냄새"": 1}",하수구 냄새
익산시만,2021-11-29 20:00:00,4,4,"{""부송동"": 2, ""창인동1가"": 1, ""동산동"": 1}",4.25,5,"{""공장 냄새(화학약품, 매캐함)"": 2, ""하수구 냄새"": 1, ""가축 분뇨 냄새(닭, 돼지, 소)"": 1}","공장 냄새(화학약품, 매캐함)"
익산시만,2021-11-29 21:00:00,2,2,"{""동산동"": 1, ""부송동"": 1}",4.0,5,"{""가축 분뇨 냄새(닭, 돼지, 소)"": 1, ""공장 냄새(화학약품, 매캐함)"": 1}","가축 분뇨 냄새(닭, 돼지, 소)"
익산시만,2021-11-29 22:00:00,1,1,"{""석암동"": 1}",4.0,4,"{""공장 냄새(화학약품, 매캐함)"": 1}","공장 냄새(화학약품, 매캐함)"
익산시만,2021-12-01 17:00:00,1,1,"{""모현동1가"": 1}",4.0,4,"{""가축 분뇨 냄새(닭, 돼지, 소)"": 1}","가축 분뇨 냄새(닭, 돼지, 소)"
익산시만,2021-12-03 10:00:00,1,1,"{""춘포면 천서리"": 1}",2.0,2,"{""기타"": 1}",기타
익산시만,2021-12-03 22:00:00,1,1,"{""함열읍 석매리"": 1}",5.0,5,"{""기타"": 1}",기타
익산시만,2021-12-04 06:00:00,1,1,"{""동산동"": 1}",4.0,4,"{""가축 분뇨 냄새(닭, 돼지, 소)"": 1}","가축 분뇨 냄새(닭, 돼지, 소)"
익산시만,2021-12-04 07:00:00,1,1,"{""춘포면 천서리"": 1}",2.0,2,"{""기타"": 1}",기타
익산시만,2021-12-04 13:00:00,1,1,"{""영등동"": 1}",3.0,3,"{""기타"": 1}",기타
익산시만,2021-12-04 22:00:00,1,1,"{""인화동2가"": 1}",4.0,4,"{""공장 냄새(화학약품, 매캐함)"": 1}","공장 냄새(화학약품, 매캐함)"
익산시만,2021-12-05 20:00:00,1,1,"{""부송동"": 1}",4.0,4,"{""공장 냄새(화학약품, 매캐함)"": 1}","공장 냄새(화학약품, 매캐함)"
익산시만,2021-12-05 22:00:00,1,1,"{""창인동1가"": 1}",5.0,5,"{""가축 분뇨 냄새(닭, 돼지, 소)"": 1}","가축 분뇨 냄새(닭, 돼지, 소)"
익산시만,2021-12-06 08:00:00,1,1,"{""함열읍 석매리"": 1}",5.0,5,"{""가축 분뇨 냄새(닭, 돼지, 소)"": 1}","가축 분뇨 냄새(닭, 돼지, 소)"
익산시만,2021-12-07 07:00:00,1,1,"{""동산동"": 1}",5.0,5,"{""가축 분뇨 냄새(닭, 돼지, 소)"": 1}","가축 분뇨 냄새(닭, 돼지, 소)"
익산시만,2021-12-07 08:00:00,1,1,"{""부송동"": 1}",5.0,5,"{""공장 냄새(화학약품, 매캐함)"": 1}","공장 냄새(화학약품, 매캐함)"
익산시만,2021-12-08 01:00:00,1,1,"{""부송동"": 1}",2.0,2,"{""가축 분뇨 냄새(닭, 돼지, 소)"": 1}","가축 분뇨 냄새(닭, 돼지, 소)"
익산시만,2021-12-08 08:00:00,1,1,"{""신흥동"": 1}",5.0,5,"{""가축 분뇨 냄새(닭, 돼지, 소)"": 1}","가축 분뇨 냄새(닭, 돼지, 소)"
익산시만,2021-12-08 22:00:00,1,1,"{""창인동1가"": 1}",3.0,3,"{""공장 냄새(화학약품, 매캐함)"": 1}","공장 냄새(화학약품, 매캐함)"
익산시만,2021-12-09 10:00:00,1,1,"{""신용동"": 1}",3.0,3,"{""공장 냄새(화학약품, 매캐함)"": 1}","공장 냄새(화학약품, 매캐함)"
익산시만,2021-12-11 20:00:00,1,1,"{""오산면 신지리"": 1}",5.0,5,"{""기타"": 1}",기타
익산시만,2021-12-12 09:00:00,1,1,"{""신흥동"": 1}",5.0,5,"{""기타"": 1}",기타
익산시만,2021-12-15 06:00:00,1,1,"{""왕궁면 동봉리"": 1}",5.0,5,"{""기타"": 1}",기타
익산시만,2021-12-15 18:00:00,1,1,"{""오산면 신지리"": 1}",5.0,5,"{""가축 분뇨 냄새(닭, 돼지, 소)"": 1}","가축 분뇨 냄새(닭, 돼지, 소)"
익산시만,2021-12-15 22:00:00,2,2,"{""부송동"": 2}",4.0,5,"{""공장 냄새(화학약품, 매캐함)"": 2}","공장 냄새(화학약품, 매캐함)"
익산시만,2021-12-18 19:00:00,1,1,"{""어양동"": 1}",3.0,3,"{""기타"": 1}",기타
익산시만,2021-12-22 08:00:00,1,1,"{""춘포면 천서리"": 1}",2.0,2,"{""기타"": 1}",기타
익산시만,2021-12-22 17:00:00,1,1,"{""오산면 신지리"": 1}",5.0,5,"{""기타"": 1}",기타
익산시만,2021-12-22 19:00:00,1,1,"{""오산면 신지리"": 1}",5.0,5,"{""하수구 냄새"": 1}",하수구 냄새
익산시만,2021-12-23 00:00:00,1,1,"{""영등동"": 1}",5.0,5,"{""공장 냄새(화학약품, 매캐함)"": 1}","공장 냄새(화학약품, 매캐함)"
익산시만,2021-12-28 21:00:00,1,1,"{""현영동"": 1}",4.0,4,"{""기타"": 1}",기타
익산시만,2021-12-29 14:00:00,2,2,"{""신동"": 2}",4.5,5,"{""하수구 냄새"": 2}",하수구 냄새
익산시만,2022-01-03 06:00:00,1,1,"{""춘포면 천서리"": 1}",2.0,2,"{""기타"": 1}",기타
익산시만,2022-01-03 22:00:00,1,1,"{""동산동"": 1}",3.0,3,"{""기타"": 1}",기타
익산시만,2022-01-06 09:00:00,1,1,"{""신흥동"": 1}",3.0,3,"{""가축 분뇨 냄새(닭, 돼지, 소)"": 1}","가축 분뇨 냄새(닭, 돼지, 소)"
익산시만,2022-01-07 07:00:00,1,1,"{""영등동"": 1}",4.0,4,"{""가축 분뇨 냄새(닭, 돼지, 소)"": 1}","가축 분뇨 냄새(닭, 돼지, 소)"
익산시만,2022-01-11 19:00:00,1,1,"{""오산면 신지리"": 1}",5.0,5,"{""가축 분뇨 냄새(닭, 돼지, 소)"": 1}","가축 분뇨 냄새(닭, 돼지, 소)"
익산시만,2022-01-12 20:00:00,2,2,"{""오산면 신지리"": 1, ""창인동1가"": 1}",4.0,5,"{""가축 분뇨 냄새(닭, 돼지, 소)"": 1, ""공장 냄새(화학약품, 매캐함)"": 1}","가축 분뇨 냄새(닭, 돼지, 소)"
익산시만,2022-01-13 05:00:00,1,1,"{""영등동"": 1}",3.0,3,"{""공장 냄새(화학약품, 매캐함)"": 1}","공장 냄새(화학약품, 매캐함)"
익산시만,2022-01-14 22:00:00,4,4,"{""부송동"": 1, ""금강동"": 1, ""영등동"": 1, ""어양동"": 1}",4.0,5,"{""가축 분뇨 냄새(닭, 돼지, 소)"": 2, ""기타"": 1, ""하수구 냄새"": 1}","가축 분뇨 냄새(닭, 돼지, 소)"
익산시만,2022-01-15 19:00:00,1,1,"{""영등동"": 1}",3.0,3,"{""공장 냄새(화학약품, 매캐함)"": 1}","공장 냄새(화학약품, 매캐함)"
익산시만,2022-01-15 23:00:00,1,1,"{""영등동"": 1}",3.0,3,"{""기타"": 1}",기타
익산시만,2022-01-19 10:00:00,1,1,"{""왕궁면 동용리"": 1}",3.0,3,"{""기타"": 1}",기타
익산시만,2022-01-21 18:00:00,1,1,"{""오산면 신지리"": 1}",5.0,5,"{""기타"": 1}",기타
익산시만,2022-01-23 18:00:00,1,1,"{""오산면 신지리"": 1}",5.0,5,"{""기타"": 1}",기타
익산시만,2022-01-27 18:00:00,1,1,"{""낭산면 용기리"": 1}",5.0,5,"{""기타"": 1}",기타
익산시만,2022-01-30 22:00:00,1,1,"{""마동"": 1}",3.0,3,"{""공장 냄새(화학약품, 매캐함)"": 1}","공장 냄새(화학약품, 매캐함)"
익산시만,2022-02-03 19:00:00,1,1,"{""신용동"": 1}",3.0,3,"{""공장 냄새(화학약품, 매캐함)"": 1}","공장 냄새(화학약품, 매캐함)"
익산시만,2022-02-08 09:00:00,1,1,"{""부송동"": 1}",3.0,3,"{""공장 냄새(화학약품, 매캐함)"": 1}","공장 냄새(화학약품, 매캐함)"
익산시만,2022-02-08 13:00:00,1,1,"{""왕궁면 쌍제리"": 1}",4.0,4,"{""가축 분뇨 냄새(닭, 돼지, 소)"": 1}","가축 분뇨 냄새(닭, 돼지, 소)"
익산시만,2022-02-08 18:00:00,1,1,"{""모현동1가"": 1}",5.0,5,"{""공장 냄새(화학약품, 매캐함)"": 1}","공장 냄새(화학약품, 매캐함)"
익산시만,2022-02-13 10:00:00,2,2,"{""왕궁면 온수리"": 2}",3.0,3,"{""기타"": 2}",기타
익산시만,2022-02-14 06:00:00,1,1,"{""춘포면 천서리"": 1}",2.0,2,"{""기타"": 1}",기타
익산시만,2022-02-14 08:00:00,1,1,"{""신흥동"": 1}",3.0,3,"{""기타"": 1}",기타
익산시만,2022-02-14 09:00:00,1,1,"{""석탄동"": 1}",3.0,3,"{""기타"": 1}",기타
익산시만,2022-02-17 16:00:00,1,1,"{""현영동"": 1}",4.0,4,"{""기타"": 1}",기타
익산시만,2022-02-18 14:00:00,1,1,"{""왕궁면 온수리"": 1}",3.0,3,"{""기타"": 1}",기타
익산시만,2022-02-19 21:00:00,1,1,"{""팔봉동"": 1}",4.0,4,"{""공장 냄새(화학약품, 매캐함)"": 1}","공장 냄새(화학약품, 매캐함)"
익산시만,2022-02-24 23:00:00,1,1,"{""동산동"": 1}",4.0,4,"{""가축 분뇨 냄새(닭, 돼지, 소)"": 1}","가축 분뇨 냄새(닭, 돼지, 소)"
익산시만,2022-02-25 19:00:00,1,1,"{""왕궁면 온수리"": 1}",3.0,3,"{""가축 분뇨 냄새(닭, 돼지, 소)"": 1}","가축 분뇨 냄새(닭, 돼지, 소)"
익산시만,2022-02-25 21:00:00,1,1,"{""함라면 신목리"": 1}",3.0,3,"{""가축 분뇨 냄새(닭, 돼지, 소)"": 1}","가축 분뇨 냄새(닭, 돼지, 소)"
익산시만,2022-02-26 09:00:00,1,1,"{""왕궁면 온수리"": 1}",3.0,3,"{""기타"": 1}",기타
익산시만,2022-02-26 20:00:00,1,1,"{""어양동"": 1}",3.0,3,"{""공장 냄새(화학약품, 매캐함)"": 1}","공장 냄새(화학약품, 매캐함)"
익산시만,2022-02-27 10:00:00,1,1,"{""왕궁면 온수리"": 1}",3.0,3,"{""기타"": 1}",기타
익산시만,2022-02-28 01:00:00,1,1,"{""어양동"": 1}",4.0,4,"{""하수구 냄새"": 1}",하수구 냄새
익산시만,2022-02-28 23:00:00,1,1,"{""어양동"": 1}",3.0,3,"{""가축 분뇨 냄새(닭, 돼지, 소)"": 1}","가축 분뇨 냄새(닭, 돼지, 소)"
익산시만,2022-03-01 11:00:00,1,1,"{""왕궁면 온수리"": 1}",3.0,3,"{""기타"": 1}",기타
익산시만,2022-03-03 10:00:00,1,1,"{""왕궁면 온수리"": 1}",3.0,3,"{""기타"": 1}",기타
익산시만,2022-03-03 20:00:00,1,1,"{""부송동"": 1}",3.0,3,"{""공장 냄새(화학약품, 매캐함)"": 1}","공장 냄새(화학약품, 매캐함)"
익산시만,2022-03-04 09:00:00,1,1,"{""왕궁면 온수리"": 1}",3.0,3,"{""기타"": 1}",기타
익산시만,2022-03-04 10:00:00,1,1,"{""황등면 신기리"": 1}",4.0,4,"{""기타"": 1}",기타
익산시만,2022-03-06 08:00:00,1,1,"{""왕궁면 온수리"": 1}",4.0,4,"{""기타"": 1}",기타
익산시만,2022-03-08 00:00:00,1,1,"{""동산동"": 1}",4.0,4,"{""하수구 냄새"": 1}",하수구 냄새
익산시만,2022-03-08 15:00:00,1,1,"{""모현동1가"": 1}",3.0,3,"{""공장 냄새(화학약품, 매캐함)"": 1}","공장 냄새(화학약품, 매캐함)"
익산시만,2022-03-09 00:00:00,1,1,"{""모현동1가"": 1}",4.0,4,"{""기타"": 1}",기타
익산시만,2022-03-10 22:00:00,1,1,"{""왕궁면 온수리"": 1}",4.0,4,"{""기타"": 1}",기타
익산시만,2022-03-10 23:00:00,1,1,"{""부송동"": 1}",5.0,5,"{""공장 냄새(화학약품, 매캐함)"": 1}","공장 냄새(화학약품, 매캐함)"
익산시만,2022-03-11 08:00:00,1,1,"{""왕궁면 온수리"": 1}",3.0,3,"{""기타"": 1}",기타
익산시만,2022-03-11 11:00:00,1,1,"{""영등동"": 1}",3.0,3,"{""공장 냄새(화학약품, 매캐함)"": 1}","공장 냄새(화학약품, 매캐함)"
익산시만,2022-03-12 01:00:00,1,1,"{""영등동"": 1}",5.0,5,"{""하수구 냄새"": 1}",하수구 냄새
익산시만,2022-03-12 03:00:00,1,1,"{""모현동1가"": 1}",5.0,5,"{""기타"": 1}",기타
익산시만,2022-03-12 06:00:00,1,1,"{""춘포면 천서리"": 1}",2.0,2,"{""가축 분뇨 냄새(닭, 돼지, 소)"": 1}","가축 분뇨 냄새(닭, 돼지, 소)"
익산시만,2022-03-13 16:00:00,1,1,"{""용동면 용성리"": 1}",5.0,5,"{""가축 분뇨 냄새(닭, 돼지, 소)"": 1}","가축 분뇨 냄새(닭, 돼지, 소)"
익산시만,2022-03-16 11:00:00,1,1,"{""왕궁면 온수리"": 1}",3.0,3,"{""기타"": 1}",기타
익산시만,2022-03-16 14:00:00,1,1,"{""왕궁면 온수리"": 1}",5.0,5,"{""기타"": 1}",기타
익산시만,2022-03-16 17:00:00,1,1,"{""왕궁면 쌍제리"": 1}",3.0,3,"{""하수구 냄새"": 1}",하수구 냄새
익산시만,2022-03-17 16:00:00,1,1,"{""왕궁면 온수리"": 1}",5.0,5,"{""기타"": 1}",기타
익산시만,2022-03-18 15:00:00,1,1,"{""왕궁면 온수리"": 1}",3.0,3,"{""기타"": 1}",기타
익산시만,2022-03-20 20:00:00,1,1,"{""신동"": 1}",3.0,3,"{""가축 분뇨 냄새(닭, 돼지, 소)"": 1}","가축 분뇨 냄새(닭, 돼지, 소)"
익산시만,2022-03-21 12:00:00,1,1,"{""왕궁면 온수리"": 1}",4.0,4,"{""기타"": 1}",기타
익산시만,2022-03-23 03:00:00,1,1,"{""어양동"": 1}",4.0,4,"{""하수구 냄새"": 1}",하수구 냄새
익산시만,2022-03-23 06:00:00,1,1,"{""춘포면 천서리"": 1}",2.0,2,"{""하수구 냄새"": 1}",하수구 냄새
익산시만,2022-03-24 09:00:00,1,1,"{""왕궁면 온수리"": 1}",3.0,3,"{""기타"": 1}",기타
익산시만,2022-03-24 14:00:00,1,1,"{""왕궁면 온수리"": 1}",4.0,4,"{""기타"": 1}",기타
익산시만,2022-03-24 20:00:00,1,1,"{""동산동"": 1}",3.0,3,"{""공장 냄새(화학약품, 매캐함)"": 1}","공장 냄새(화학약품, 매캐함)"
익산시만,2022-03-24 22:00:00,1,1,"{""영등동"": 1}",5.0,5,"{""공장 냄새(화학약품, 매캐함)"": 1}","공장 냄새(화학약품, 매캐함)"
익산시만,2022-03-25 09:00:00,1,1,"{""왕궁면 온수리"": 1}",3.0,3,"{""기타"": 1}",기타
익산시만,2022-03-25 13:00:00,1,1,"{""왕궁면 온수리"": 1}",4.0,4,"{""기타"": 1}",기타
익산시만,2022-03-25 17:00:00,1,1,"{""왕궁면 온수리"": 1}",3.0,3,"{""기타"": 1}",기타
익산시만,2022-03-25 22:00:00,1,1,"{""부송동"": 1}",5.0,5,"{""공장 냄새(화학약품, 매캐함)"": 1}","공장 냄새(화학약품, 매캐함)"
익산시만,2022-03-26 11:00:00,1,1,"{""신흥동"": 1}",3.0,3,"{""기타"": 1}",기타
익산시만,2022-03-26 13:00:00,1,1,"{""왕궁면 온수리"": 1}",5.0,5,"{""기타"": 1}",기타
익산시만,2022-03-27 10:00:00,1,1,"{""용동면 용성리"": 1}",4.0,4,"{""가축 분뇨 냄새(닭, 돼지, 소)"": 1}","가축 분뇨 냄새(닭, 돼지, 소)"
익산시만,2022-03-27 16:00:00,1,1,"{""용동면 용성리"": 1}",3.0,3,"{""기타"": 1}",기타
익산시만,2022-03-28 11:00:00,1,1,"{""왕궁면 온수리"": 1}",5.0,5,"{""기타"": 1}",기타
익산시만,2022-03-29 06:00:00,1,1,"{""춘포면 천서리"": 1}",2.0,2,"{""하수구 냄새"": 1}",하수구 냄새
익산시만,2022-03-29 18:00:00,1,1,"{""용동면 용성리"": 1}",4.0,4,"{""가축 분뇨 냄새(닭, 돼지, 소)"": 1}","가축 분뇨 냄새(닭, 돼지, 소)"
익산시만,2022-03-30 17:00:00,1,1,"{""왕궁면 온수리"": 1}",5.0,5,"{""기타"": 1}",기타
익산시만,2022-03-31 14:00:00,1,1,"{""왕궁면 온수리"": 1}",5.0,5,"{""기타"": 1}",기타
익산시만,2022-04-01 12:00:00,1,1,"{""왕궁면 온수리"": 1}",5.0,5,"{""기타"": 1}",기타
익산시만,2022-04-01 22:00:00,1,1,"{""모현동1가"": 1}",5.0,5,"{""가축 분뇨 냄새(닭, 돼지, 소)"": 1}","가축 분뇨 냄새(닭, 돼지, 소)"
익산시만,2022-04-02 07:00:00,1,1,"{""부송동"": 1}",4.0,4,"{""가축 분뇨 냄새(닭, 돼지, 소)"": 1}","가축 분뇨 냄새(닭, 돼지, 소)"
익산시만,2022-04-02 21:00:00,1,1,"{""용동면 용성리"": 1}",5.0,5,"{""가축 분뇨 냄새(닭, 돼지, 소)"": 1}","가축 분뇨 냄새(닭, 돼지, 소)"
익산시만,2022-04-04 06:00:00,1,1,"{""춘포면 천서리"": 1}",2.0,2,"{""가축 분뇨 냄새(닭, 돼지, 소)"": 1}","가축 분뇨 냄새(닭, 돼지, 소)"
익산시만,2022-04-04 08:00:00,1,1,"{""부송동"": 1}",3.0,3,"{""공장 냄새(화학약품, 매캐함)"": 1}","공장 냄새(화학약품, 매캐함)"
익산시만,2022-04-04 12:00:00,1,1,"{""왕궁면 온수리"": 1}",5.0,5,"{""기타"": 1}",기타
익산시만,2022-04-05 06:00:00,1,1,"{""부송동"": 1}",4.0,4,"{""공장 냄새(화학약품, 매캐함)"": 1}","공장 냄새(화학약품, 매캐함)"
익산시만,2022-04-06 02:00:00,1,1,"{""모현동1가"": 1}",5.0,5,"{""기타"": 1}",기타
익산시만,2022-04-06 18:00:00,1,1,"{""왕궁면 흥암리"": 1}",4.0,4,"{""가축 분뇨 냄새(닭, 돼지, 소)"": 1}","가축 분뇨 냄새(닭, 돼지, 소)"
익산시만,2022-04-08 05:00:00,1,1,"{""부송동"": 1}",5.0,5,"{""공장 냄새(화학약품, 매캐함)"": 1}","공장 냄새(화학약품, 매캐함)"
익산시만,2022-04-09 05:00:00,1,1,"{""신흥동"": 1}",5.0,5,"{""공장 냄새(화학약품, 매캐함)"": 1}","공장 냄새(화학약품, 매캐함)"
익산시만,2022-04-10 11:00:00,1,1,"{""용동면 용성리"": 1}",3.0,3,"{""기타"": 1}",기타
익산시만,2022-04-10 21:00:00,2,2,"{""영등동"": 1, ""어양동"": 1}",2.5,3,"{""공장 냄새(화학약품, 매캐함)"": 2}","공장 냄새(화학약품, 매캐함)"
익산시만,2022-04-10 22:00:00,1,1,"{""부송동"": 1}",5.0,5,"{""공장 냄새(화학약품, 매캐함)"": 1}","공장 냄새(화학약품, 매캐함)"
익산시만,2022-04-11 09:00:00,1,1,"{""신흥동"": 1}",5.0,5,"{""공장 냄새(화학약품, 매캐함)"": 1}","공장 냄새(화학약품, 매캐함)"
익산시만,2022-04-11 19:00:00,1,1,"{""팔봉동"": 1}",5.0,5,"{""공장 냄새(화학약품, 매캐함)"": 1}","공장 냄새(화학약품, 매캐함)"
익산시만,2022-04-12 08:00:00,1,1,"{""신흥동"": 1}",4.0,4,"{""공장 냄새(화학약품, 매캐함)"": 1}","공장 냄새(화학약품, 매캐함)"
익산시만,2022-04-13 08:00:00,1,1,"{""신흥동"": 1}",4.0,4,"{""공장 냄새(화학약품, 매캐함)"": 1}","공장 냄새(화학약품, 매캐함)"
익산시만,2022-04-17 07:00:00,1,1,"{""삼기면 오룡리"": 1}",5.0,5,"{""하수구 냄새"": 1}",하수구 냄새
익산시만,2022-04-18 07:00:00,1,1,"{""부송동"": 1}",3.0,3,"{""공장 냄새(화학약품, 매캐함)"": 1}","공장 냄새(화학약품, 매캐함)"
익산시만,2022-04-18 16:00:00,1,1,"{""어양동"": 1}",1.0,1,"{""공장 냄새(화학약품, 매캐함)"": 1}","공장 냄새(화학약품, 매캐함)"
익산시만,2022-04-18 21:00:00,1,1,"{""부송동"": 1}",5.0,5,"{""공장 냄새(화학약품, 매캐함)"": 1}","공장 냄새(화학약품, 매캐함)"
익산시만,2022-04-19 00:00:00,1,1,"{""팔봉동"": 1}",5.0,5,"{""공장 냄새(화학약품, 매캐함)"": 1}","공장 냄새(화학약품, 매캐함)"
익산시만,2022-04-19 08:00:00,1,1,"{""부송동"": 1}",3.0,3,"{""공장 냄새(화학약품, 매캐함)"": 1}","공장 냄새(화학약품, 매캐함)"
익산시만,2022-04-21 20:00:00,1,1,"{""부송동"": 1}",5.0,5,"{""공장 냄새(화학약품, 매캐함)"": 1}","공장 냄새(화학약품, 매캐함)"
익산시만,2022-04-22 09:00:00,1,1,"{""신흥동"": 1}",5.0,5,"{""공장 냄새(화학약품, 매캐함)"": 1}","공장 냄새(화학약품, 매캐함)"
익산시만,2022-04-23 13:00:00,1,1,"{""어양동"": 1}",3.0,3,"{""가축 분뇨 냄새(닭, 돼지, 소)"": 1}","가축 분뇨 냄새(닭, 돼지, 소)"
익산시만,2022-04-23 22:00:00,1,1,"{""동산동"": 1}",4.0,4,"{""공장 냄새(화학약품, 매캐함)"": 1}","공장 냄새(화학약품, 매캐함)"
익산시만,2022-04-24 13:00:00,1,1,"{""오산면 장신리"": 1}",3.0,3,"{""공장 냄새(화학약품, 매캐함)"": 1}","공장 냄새(화학약품, 매캐함)"
익산시만,2022-04-25 06:00:00,1,1,"{""춘포면 천서리"": 1}",2.0,2,"{""기타"": 1}",기타
익산시만,2022-04-25 16:00:00,1,1,"{""왕궁면 쌍제리"": 1}",4.0,4,"{""가축 분뇨 냄새(닭, 돼지, 소)"": 1}","가축 분뇨 냄새(닭, 돼지, 소)"
익산시만,2022-04-25 21:00:00,2,2,"{""팔봉동"": 1, ""부송동"": 1}",4.5,5,"{""기타"": 1, ""공장 냄새(화학약품, 매캐함)"": 1}",기타
익산시만,2022-04-26 20:00:00,1,1,"{""함열읍 와리"": 1}",4.0,4,"{""기타"": 1}",기타
익산시만,2022-04-27 12:00:00,1,1,"{""왕궁면 쌍제리"": 1}",5.0,5,"{""기타"": 1}",기타
익산시만,2022-04-28 07:00:00,1,1,"{""동산동"": 1}",4.0,4,"{""가축 분뇨 냄새(닭, 돼지, 소)"": 1}","가축 분뇨 냄새(닭, 돼지, 소)"
익산시만,2022-04-29 14:00:00,1,1,"{""함열읍 다송리"": 1}",4.0,4,"{""음식조리 냄새"": 1}",음식조리 냄새
익산시만,2022-04-30 09:00:00,1,1,"{""낭산면 용기리"": 1}",3.0,3,"{""기타"": 1}",기타
익산시만,2022-05-01 03:00:00,1,1,"{""영등동"": 1}",2.0,2,"{""가축 분뇨 냄새(닭, 돼지, 소)"": 1}","가축 분뇨 냄새(닭, 돼지, 소)"
익산시만,2022-05-01 06:00:00,2,2,"{""어양동"": 1, ""팔봉동"": 1}",3.5,4,"{""가축 분뇨 냄새(닭, 돼지, 소)"": 2}","가축 분뇨 냄새(닭, 돼지, 소)"
익산시만,2022-05-03 08:00:00,1,1,"{""팔봉동"": 1}",3.0,3,"{""공장 냄새(화학약품, 매캐함)"": 1}","공장 냄새(화학약품, 매캐함)"
익산시만,2022-05-03 22:00:00,1,1,"{""팔봉동"": 1}",4.0,4,"{""가축 분뇨 냄새(닭, 돼지, 소)"": 1}","가축 분뇨 냄새(닭, 돼지, 소)"
익산시만,2022-05-04 00:00:00,1,1,"{""모현동1가"": 1}",4.0,4,"{""기타"": 1}",기타
익산시만,2022-05-04 02:00:00,1,1,"{""영등동"": 1}",3.0,3,"{""가축 분뇨 냄새(닭, 돼지, 소)"": 1}","가축 분뇨 냄새(닭, 돼지, 소)"
익산시만,2022-05-05 17:00:00,1,1,"{""용동면 용성리"": 1}",3.0,3,"{""기타"": 1}",기타
익산시만,2022-05-05 20:00:00,1,1,"{""팔봉동"": 1}",3.0,3,"{""가축 분뇨 냄새(닭, 돼지, 소)"": 1}","가축 분뇨 냄새(닭, 돼지, 소)"
익산시만,2022-05-05 22:00:00,4,4,"{""동산동"": 2, ""부송동"": 2}",3.75,4,"{""하수구 냄새"": 2, ""공장 냄새(화학약품, 매캐함)"": 2}",하수구 냄새
익산시만,2022-05-05 23:00:00,1,1,"{""동산동"": 1}",3.0,3,"{""가축 분뇨 냄새(닭, 돼지, 소)"": 1}","가축 분뇨 냄새(닭, 돼지, 소)"
익산시만,2022-05-07 07:00:00,3,3,"{""어양동"": 2, ""춘포면 천서리"": 1}",3.6666666666666665,5,"{""하수구 냄새"": 2, ""가축 분뇨 냄새(닭, 돼지, 소)"": 1}",하수구 냄새
익산시만,2022-05-08 12:00:00,1,1,"{""용동면 용성리"": 1}",5.0,5,"{""하수구 냄새"": 1}",하수구 냄새
익산시만,2022-05-09 21:00:00,1,1,"{""동산동"": 1}",4.0,4,"{""기타"": 1}",기타
익산시만,2022-05-09 22:00:00,3,3,"{""어양동"": 1, ""영등동"": 1, ""동산동"": 1}",4.666666666666667,5,"{""하수구 냄새"": 1, ""가축 분뇨 냄새(닭, 돼지, 소)"": 1, ""기타"": 1}",하수구 냄새
익산시만,2022-05-09 23:00:00,2,2,"{""동산동"": 1, ""부송동"": 1}",4.5,5,"{""하수구 냄새"": 1, ""공장 냄새(화학약품, 매캐함)"": 1}",하수구 냄새
익산시만,2022-05-10 00:00:00,1,1,"{""부송동"": 1}",5.0,5,"{""공장 냄새(화학약품, 매캐함)"": 1}","공장 냄새(화학약품, 매캐함)"
익산시만,2022-05-10 05:00:00,1,1,"{""춘포면 천서리"": 1}",2.0,2,"{""하수구 냄새"": 1}",하수구 냄새
익산시만,2022-05-11 06:00:00,1,1,"{""팔봉동"": 1}",4.0,4,"{""가축 분뇨 냄새(닭, 돼지, 소)"": 1}","가축 분뇨 냄새(닭, 돼지, 소)"
익산시만,2022-05-12 02:00:00,1,1,"{""창인동1가"": 1}",5.0,5,"{""가축 분뇨 냄새(닭, 돼지, 소)"": 1}","가축 분뇨 냄새(닭, 돼지, 소)"
익산시만,2022-05-12 19:00:00,1,1,"{""팔봉동"": 1}",5.0,5,"{""공장 냄새(화학약품, 매캐함)"": 1}","공장 냄새(화학약품, 매캐함)"
익산시만,2022-05-16 06:00:00,1,1,"{""창인동1가"": 1}",5.0,5,"{""가축 분뇨 냄새(닭, 돼지, 소)"": 1}","가축 분뇨 냄새(닭, 돼지, 소)"
익산시만,2022-05-16 07:00:00,1,1,"{""남중동"": 1}",4.0,4,"{""가축 분뇨 냄새(닭, 돼지, 소)"": 1}","가축 분뇨 냄새(닭, 돼지, 소)"
익산시만,2022-05-17 22:00:00,1,1,"{""부송동"": 1}",3.0,3,"{""가축 분뇨 냄새(닭, 돼지, 소)"": 1}","가축 분뇨 냄새(닭, 돼지, 소)"
익산시만,2022-05-17 23:00:00,1,1,"{""부송동"": 1}",4.0,4,"{""기타"": 1}",기타
익산시만,2022-05-19 23:00:00,3,3,"{""부송동"": 1, ""신동"": 1, ""동산동"": 1}",3.3333333333333335,4,"{""공장 냄새(화학약품, 매캐함)"": 2, ""기타"": 1}","공장 냄새(화학약품, 매캐함)"
익산시만,2022-05-20 05:00:00,1,1,"{""춘포면 천서리"": 1}",2.0,2,"{""공장 냄새(화학약품, 매캐함)"": 1}","공장 냄새(화학약품, 매캐함)"
익산시만,2022-05-20 08:00:00,1,1,"{""부송동"": 1}",4.0,4,"{""공장 냄새(화학약품, 매캐함)"": 1}","공장 냄새(화학약품, 매캐함)"
익산시만,2022-05-22 09:00:00,1,1,"{""금마면 신용리"": 1}",3.0,3,"{""기타"": 1}",기타
익산시만,2022-05-23 05:00:00,1,1,"{""영등동"": 1}",3.0,3,"{""가축 분뇨 냄새(닭, 돼지, 소)"": 1}","가축 분뇨 냄새(닭, 돼지, 소)"
익산시만,2022-05-23 22:00:00,1,1,"{""부송동"": 1}",4.0,4,"{""기타"": 1}",기타
익산시만,2022-05-24 02:00:00,1,1,"{""영등동"": 1}",5.0,5,"{""기타"": 1}",기타
익산시만,2022-05-24 08:00:00,1,1,"{""함열읍 다송리"": 1}",4.0,4,"{""음식조리 냄새"": 1}",음식조리 냄새
익산시만,2022-05-24 18:00:00,1,1,"{""춘포면 쌍정리"": 1}",4.0,4,"{""가축 분뇨 냄새(닭, 돼지, 소)"": 1}","가축 분뇨 냄새(닭, 돼지, 소)"
익산시만,2022-05-24 20:00:00,1,1,"{""팔봉동"": 1}",3.0,3,"{""공장 냄새(화학약품, 매캐함)"": 1}","공장 냄새(화학약품, 매캐함)"
익산시만,2022-05-25 21:00:00,1,1,"{""망성면 화산리"": 1}",4.0,4,"{""기타"": 1}",기타
익산시만,2022-05-26 21:00:00,1,1,"{""부송동"": 1}",4.0,4,"{""음식조리 냄새"": 1}",음식조리 냄새
익산시만,2022-05-26 22:00:00,1,1,"{""신동"": 1}",4.0,4,"{""공장 냄새(화학약품, 매캐함)"": 1}","공장 냄새(화학약품, 매캐함)"
익산시만,2022-05-27 00:00:00,2,2,"{""어양동"": 1, ""영등동"": 1}",4.5,5,"{""기타"": 2}",기타
익산시만,2022-05-28 20:00:00,1,1,"{""동산동"": 1}",4.0,4,"{""가축 분뇨 냄새(닭, 돼지, 소)"": 1}","가축 분뇨 냄새(닭, 돼지, 소)"
익산시만,2022-05-29 00:00:00,1,1,"{""동산동"": 1}",4.0,4,"{""가축 분뇨 냄새(닭, 돼지, 소)"": 1}","가축 분뇨 냄새(닭, 돼지, 소)"
익산시만,2022-05-29 02:00:00,1,1,"{""영등동"": 1}",3.0,3,"{""기타"": 1}",기타
익산시만,2022-05-30 21:00:00,1,1,"{""신동"": 1}",4.0,4,"{""공장 냄새(화학약품, 매캐함)"": 1}","공장 냄새(화학약품, 매캐함)"
익산시만,2022-05-31 05:00:00,2,2,"{""팔봉동"": 1, ""어양동"": 1}",4.5,5,"{""가축 분뇨 냄새(닭, 돼지, 소)"": 1, ""하수구 냄새"": 1}","가축 분뇨 냄새(닭, 돼지, 소)"
익산시만,2022-05-31 06:00:00,1,1,"{""영등동"": 1}",4.0,4,"{""가축 분뇨 냄새(닭, 돼지, 소)"": 1}","가축 분뇨 냄새(닭, 돼지, 소)"
익산시만,2022-05-31 07:00:00,1,1,"{""동산동"": 1}",3.0,3,"{""기타"": 1}",기타
익산시만,2022-05-31 21:00:00,3,3,"{""평화동"": 1, ""어양동"": 1, ""부송동"": 1}",5.0,5,"{""공장 냄새(화학약품, 매캐함)"": 2, ""가축 분뇨 냄새(닭, 돼지, 소)"": 1}","공장 냄새(화학약품, 매캐함)"
익산시만,2022-05-31 22:00:00,2,2,"{""영등동"": 1, ""동산동"": 1}",3.5,4,"{""공장 냄새(화학약품, 매캐함)"": 1, ""기타"": 1}","공장 냄새(화학약품, 매캐함)"
익산시만,2022-06-01 01:00:00,1,1,"{""부송동"": 1}",4.0,4,"{""가축 분뇨 냄새(닭, 돼지, 소)"": 1}","가축 분뇨 냄새(닭, 돼지, 소)"
익산시만,2022-06-01 04:00:00,1,1,"{""춘포면 천서리"": 1}",2.0,2,"{""공장 냄새(화학약품, 매캐함)"": 1}","공장 냄새(화학약품, 매캐함)"
익산시만,2022-06-01 23:00:00,6,6,"{""동산동"": 4, ""영등동"": 1, ""어양동"": 1}",3.5,4,"{""기타"": 3, ""가축 분뇨 냄새(닭, 돼지, 소)"": 2, ""하수구 냄새"": 1}",기타
익산시만,2022-06-02 09:00:00,1,1,"{""신흥동"": 1}",5.0,5,"{""공장 냄새(화학약품, 매캐함)"": 1}","공장 냄새(화학약품, 매캐함)"
익산시만,2022-06-03 08:00:00,1,1,"{""왕궁면 쌍제리"": 1}",4.0,4,"{""가축 분뇨 냄새(닭, 돼지, 소)"": 1}","가축 분뇨 냄새(닭, 돼지, 소)"
익산시만,2022-06-03 22:00:00,1,1,"{""삼기면 서두리"": 1}",3.0,3,"{""하수구 냄새"": 1}",하수구 냄새
익산시만,2022-06-04 18:00:00,1,1,"{""부송동"": 1}",5.0,5,"{""가축 분뇨 냄새(닭, 돼지, 소)"": 1}","가축 분뇨 냄새(닭, 돼지, 소)"
익산시만,2022-06-04 19:00:00,1,1,"{""동산동"": 1}",4.0,4,"{""가축 분뇨 냄새(닭, 돼지, 소)"": 1}","가축 분뇨 냄새(닭, 돼지, 소)"
익산시만,2022-06-04 21:00:00,1,1,"{""부송동"": 1}",4.0,4,"{""가축 분뇨 냄새(닭, 돼지, 소)"": 1}","가축 분뇨 냄새(닭, 돼지, 소)"
익산시만,2022-06-04 22:00:00,2,2,"{""부송동"": 1, ""어양동"": 1}",3.0,3,"{""기타"": 2}",기타
익산시만,2022-06-06 17:00:00,1,1,"{""낭산면 용기리"": 1}",5.0,5,"{""기타"": 1}",기타
익산시만,2022-06-06 19:00:00,2,2,"{""남중동"": 2}",2.5,3,"{""공장 냄새(화학약품, 매캐함)"": 2}","공장 냄새(화학약품, 매캐함)"
익산시만,2022-06-07 01:00:00,1,1,"{""동산동"": 1}",3.0,3,"{""하수구 냄새"": 1}",하수구 냄새
익산시만,2022-06-07 17:00:00,1,1,"{""모현동1가"": 1}",4.0,4,"{""공장 냄새(화학약품, 매캐함)"": 1}","공장 냄새(화학약품, 매캐함)"
익산시만,2022-06-07 21:00:00,1,1,"{""신동"": 1}",3.0,3,"{""공장 냄새(화학약품, 매캐함)"": 1}","공장 냄새(화학약품, 매캐함)"
익산시만,2022-06-07 22:00:00,2,2,"{""춘포면 쌍정리"": 2}",4.5,5,"{""가축 분뇨 냄새(닭, 돼지, 소)"": 1, ""기타"": 1}","가축 분뇨 냄새(닭, 돼지, 소)"
익산시만,2022-06-08 07:00:00,1,1,"{""어양동"": 1}",4.0,4,"{""음식조리 냄새"": 1}",음식조리 냄새
익산시만,2022-06-08 19:00:00,1,1,"{""춘포면 쌍정리"": 1}",4.0,4,"{""가축 분뇨 냄새(닭, 돼지, 소)"": 1}","가축 분뇨 냄새(닭, 돼지, 소)"
익산시만,2022-06-09 00:00:00,1,1,"{""춘포면 쌍정리"": 1}",4.0,4,"{""가축 분뇨 냄새(닭, 돼지, 소)"": 1}","가축 분뇨 냄새(닭, 돼지, 소)"
익산시만,2022-06-09 05:00:00,1,1,"{""춘포면 쌍정리"": 1}",4.0,4,"{""가축 분뇨 냄새(닭, 돼지, 소)"": 1}","가축 분뇨 냄새(닭, 돼지, 소)"
익산시만,2022-06-09 21:00:00,1,1,"{""낭산면 용기리"": 1}",5.0,5,"{""가축 분뇨 냄새(닭, 돼지, 소)"": 1}","가축 분뇨 냄새(닭, 돼지, 소)"
익산시만,2022-06-09 23:00:00,1,1,"{""부송동"": 1}",3.0,3,"{""하수구 냄새"": 1}",하수구 냄새
익산시만,2022-06-10 06:00:00,1,1,"{""춘포면 쌍정리"": 1}",4.0,4,"{""가축 분뇨 냄새(닭, 돼지, 소)"": 1}","가축 분뇨 냄새(닭, 돼지, 소)"
익산시만,2022-06-10 07:00:00,1,1,"{""어양동"": 1}",5.0,5,"{""가축 분뇨 냄새(닭, 돼지, 소)"": 1}","가축 분뇨 냄새(닭, 돼지, 소)"
익산시만,2022-06-10 16:00:00,1,1,"{""신동"": 1}",3.0,3,"{""공장 냄새(화학약품, 매캐함)"": 1}","공장 냄새(화학약품, 매캐함)"
익산시만,2022-06-11 19:00:00,1,1,"{""춘포면 쌍정리"": 1}",4.0,4,"{""가축 분뇨 냄새(닭, 돼지, 소)"": 1}","가축 분뇨 냄새(닭, 돼지, 소)"
익산시만,2022-06-11 21:00:00,4,4,"{""부송동"": 1, ""평화동"": 1, ""황등면 구자리"": 1, ""어양동"": 1}",4.0,4,"{""가축 분뇨 냄새(닭, 돼지, 소)"": 3, ""하수구 냄새"": 1}","가축 분뇨 냄새(닭, 돼지, 소)"
익산시만,2022-06-11 22:00:00,1,1,"{""춘포면 쌍정리"": 1}",5.0,5,"{""가축 분뇨 냄새(닭, 돼지, 소)"": 1}","가축 분뇨 냄새(닭, 돼지, 소)"
익산시만,2022-06-11 23:00:00,2,2,"{""신동"": 1, ""동산동"": 1}",3.5,4,"{""공장 냄새(화학약품, 매캐함)"": 1, ""기타"": 1}","공장 냄새(화학약품, 매캐함)"
익산시만,2022-06-12 15:00:00,1,1,"{""오산면 신지리"": 1}",5.0,5,"{""기타"": 1}",기타
익산시만,2022-06-13 17:00:00,1,1,"{""어양동"": 1}",5.0,5,"{""가축 분뇨 냄새(닭, 돼지, 소)"": 1}","가축 분뇨 냄새(닭, 돼지, 소)"
익산시만,2022-06-14 06:00:00,2,2,"{""춘포면 천서리"": 1, ""낭산면 용기리"": 1}",2.0,3,"{""가축 분뇨 냄새(닭, 돼지, 소)"": 1, ""기타"": 1}","가축 분뇨 냄새(닭, 돼지, 소)"
익산시만,2022-06-14 21:00:00,2,2,"{""춘포면 쌍정리"": 2}",4.0,4,"{""가축 분뇨 냄새(닭, 돼지, 소)"": 2}","가축 분뇨 냄새(닭, 돼지, 소)"
익산시만,2022-06-16 20:00:00,1,1,"{""신동"": 1}",3.0,3,"{""공장 냄새(화학약품, 매캐함)"": 1}","공장 냄새(화학약품, 매캐함)"
익산시만,2022-06-17 01:00:00,1,1,"{""부송동"": 1}",4.0,4,"{""가축 분뇨 냄새(닭, 돼지, 소)"": 1}","가축 분뇨 냄새(닭, 돼지, 소)"
익산시만,2022-06-17 02:00:00,2,2,"{""마동"": 1, ""영등동"": 1}",4.5,5,"{""가축 분뇨 냄새(닭, 돼지, 소)"": 1, ""기타"": 1}","가축 분뇨 냄새(닭, 돼지, 소)"
익산시만,2022-06-17 05:00:00,1,1,"{""춘포면 쌍정리"": 1}",4.0,4,"{""가축 분뇨 냄새(닭, 돼지, 소)"": 1}","가축 분뇨 냄새(닭, 돼지, 소)"
익산시만,2022-06-17 09:00:00,1,1,"{""어양동"": 1}",3.0,3,"{""음식조리 냄새"": 1}",음식조리 냄새
익산시만,2022-06-17 11:00:00,1,1,"{""금마면 동고도리"": 1}",3.0,3,"{""공장 냄새(화학약품, 매캐함)"": 1}","공장 냄새(화학약품, 매캐함)"
익산시만,2022-06-18 21:00:00,1,1,"{""팔봉동"": 1}",3.0,3,"{""공장 냄새(화학약품, 매캐함)"": 1}","공장 냄새(화학약품, 매캐함)"
익산시만,2022-06-18 23:00:00,1,1,"{""동산동"": 1}",3.0,3,"{""기타"": 1}",기타
익산시만,2022-06-19 20:00:00,1,1,"{""삼기면 오룡리"": 1}",5.0,5,"{""하수구 냄새"": 1}",하수구 냄새
익산시만,2022-06-21 09:00:00,1,1,"{""왕궁면 쌍제리"": 1}",3.0,3,"{""기타"": 1}",기타
익산시만,2022-06-21 19:00:00,1,1,"{""팔봉동"": 1}",3.0,3,"{""공장 냄새(화학약품, 매캐함)"": 1}","공장 냄새(화학약품, 매캐함)"
익산시만,2022-06-23 11:00:00,1,1,"{""어양동"": 1}",4.0,4,"{""기타"": 1}",기타
익산시만,2022-06-23 13:00:00,1,1,"{""금강동"": 1}",5.0,5,"{""기타"": 1}",기타
익산시만,2022-06-23 14:00:00,1,1,"{""부송동"": 1}",4.0,4,"{""기타"": 1}",기타
익산시만,2022-06-23 16:00:00,1,1,"{""춘포면 쌍정리"": 1}",4.0,4,"{""가축 분뇨 냄새(닭, 돼지, 소)"": 1}","가축 분뇨 냄새(닭, 돼지, 소)"
익산시만,2022-06-24 23:00:00,1,1,"{""평화동"": 1}",4.0,4,"{""기타"": 1}",기타
익산시만,2022-06-25 21:00:00,13,13,"{""부송동"": 4, ""영등동"": 3, ""어양동"": 2, ""동산동"": 2, ""팔봉동"": 1, ""마동"": 1}",4.076923076923077,5,"{""기타"": 10, ""가축 분뇨 냄새(닭, 돼지, 소)"": 3}",기타
익산시만,2022-06-25 22:00:00,4,4,"{""마동"": 1, ""모현동1가"": 1, ""평화동"": 1, ""부송동"": 1}",3.75,4,"{""가축 분뇨 냄새(닭, 돼지, 소)"": 4}","가축 분뇨 냄새(닭, 돼지, 소)"
익산시만,2022-06-25 23:00:00,1,1,"{""부송동"": 1}",4.0,4,"{""기타"": 1}",기타
익산시만,2022-06-26 00:00:00,1,1,"{""어양동"": 1}",4.0,4,"{""가축 분뇨 냄새(닭, 돼지, 소)"": 1}","가축 분뇨 냄새(닭, 돼지, 소)"
익산시만,2022-06-26 02:00:00,2,2,"{""어양동"": 1, ""부송동"": 1}",3.5,4,"{""기타"": 1, ""가축 분뇨 냄새(닭, 돼지, 소)"": 1}",기타
익산시만,2022-06-26 03:00:00,2,2,"{""부송동"": 2}",4.5,5,"{""하수구 냄새"": 1, ""기타"": 1}",하수구 냄새
익산시만,2022-06-26 04:00:00,2,2,"{""영등동"": 1, ""부송동"": 1}",5.0,5,"{""가축 분뇨 냄새(닭, 돼지, 소)"": 1, ""공장 냄새(화학약품, 매캐함)"": 1}","가축 분뇨 냄새(닭, 돼지, 소)"
익산시만,2022-06-26 05:00:00,1,1,"{""동산동"": 1}",3.0,3,"{""기타"": 1}",기타
익산시만,2022-06-26 06:00:00,1,1,"{""어양동"": 1}",5.0,5,"{""기타"": 1}",기타
익산시만,2022-06-26 07:00:00,5,5,"{""영등동"": 4, ""어양동"": 1}",4.0,5,"{""기타"": 5}",기타
익산시만,2022-06-26 21:00:00,1,1,"{""팔봉동"": 1}",3.0,3,"{""공장 냄새(화학약품, 매캐함)"": 1}","공장 냄새(화학약품, 매캐함)"
익산시만,2022-06-26 22:00:00,2,2,"{""부송동"": 1, ""팔봉동"": 1}",4.0,4,"{""기타"": 1, ""공장 냄새(화학약품, 매캐함)"": 1}",기타
익산시만,2022-06-26 23:00:00,12,12,"{""마동"": 3, ""부송동"": 3, ""영등동"": 3, ""어양동"": 1, ""동산동"": 1, ""신동"": 1}",3.9166666666666665,5,"{""기타"": 6, ""가축 분뇨 냄새(닭, 돼지, 소)"": 4, ""음식조리 냄새"": 1, ""하수구 냄새"": 1}",기타
익산시만,2022-06-27 00:00:00,2,2,"{""영등동"": 1, ""신동"": 1}",4.0,4,"{""기타"": 2}",기타
익산시만,2022-06-27 01:00:00,1,1,"{""함열읍 와리"": 1}",5.0,5,"{""기타"": 1}",기타
익산시만,2022-06-27 02:00:00,1,1,"{""팔봉동"": 1}",5.0,5,"{""가축 분뇨 냄새(닭, 돼지, 소)"": 1}","가축 분뇨 냄새(닭, 돼지, 소)"
익산시만,2022-06-27 06:00:00,2,2,"{""춘포면 천서리"": 1, ""모현동1가"": 1}",2.5,3,"{""가축 분뇨 냄새(닭, 돼지, 소)"": 1, ""기타"": 1}","가축 분뇨 냄새(닭, 돼지, 소)"
익산시만,2022-06-27 08:00:00,1,1,"{""팔봉동"": 1}",2.0,2,"{""가축 분뇨 냄새(닭, 돼지, 소)"": 1}","가축 분뇨 냄새(닭, 돼지, 소)"
익산시만,2022-06-27 09:00:00,2,2,"{""영등동"": 1, ""어양동"": 1}",4.0,5,"{""기타"": 1, ""가축 분뇨 냄새(닭, 돼지, 소)"": 1}",기타
익산시만,2022-06-27 18:00:00,3,3,"{""부송동"": 3}",4.0,5,"{""기타"": 2, ""하수구 냄새"": 1}",기타
익산시만,2022-06-27 19:00:00,5,5,"{""어양동"": 2, ""영등동"": 2, ""금강동"": 1}",3.0,4,"{""기타"": 4, ""가축 분뇨 냄새(닭, 돼지, 소)"": 1}",기타
익산시만,2022-06-27 20:00:00,8,8,"{""영등동"": 3, ""동산동"": 3, ""마동"": 2}",4.625,5,"{""기타"": 3, ""가축 분뇨 냄새(닭, 돼지, 소)"": 3, ""하수구 냄새"": 2}",기타
익산시만,2022-06-27 21:00:00,2,2,"{""남중동"": 1, ""신흥동"": 1}",3.5,4,"{""기타"": 2}",기타
익산시만,2022-06-27 23:00:00,4,4,"{""영등동"": 2, ""팔봉동"": 1, ""부송동"": 1}",3.5,4,"{""가축 분뇨 냄새(닭, 돼지, 소)"": 1, ""공장 냄새(화학약품, 매캐함)"": 1, ""하수구 냄새"": 1, ""기타"": 1}","가축 분뇨 냄새(닭, 돼지, 소)"
익산시만,2022-06-28 00:00:00,2,2,"{""영등동"": 2}",4.5,5,"{""기타"": 2}",기타
익산시만,2022-06-28 01:00:00,1,1,"{""어양동"": 1}",5.0,5,"{""가축 분뇨 냄새(닭, 돼지, 소)"": 1}","가축 분뇨 냄새(닭, 돼지, 소)"
익산시만,2022-06-28 05:00:00,1,1,"{""부송동"": 1}",2.0,2,"{""가축 분뇨 냄새(닭, 돼지, 소)"": 1}","가축 분뇨 냄새(닭, 돼지, 소)"
익산시만,2022-06-28 17:00:00,1,1,"{""부송동"": 1}",4.0,4,"{""기타"": 1}",기타
익산시만,2022-06-28 18:00:00,3,3,"{""부송동"": 2, ""어양동"": 1}",4.0,5,"{""가축 분뇨 냄새(닭, 돼지, 소)"": 2, ""기타"": 1}","가축 분뇨 냄새(닭, 돼지, 소)"
익산시만,2022-06-28 19:00:00,1,1,"{""부송동"": 1}",3.0,3,"{""기타"": 1}",기타
익산시만,2022-06-28 20:00:00,3,3,"{""영등동"": 2, ""어양동"": 1}",4.666666666666667,5,"{""기타"": 2, ""가축 분뇨 냄새(닭, 돼지, 소)"": 1}",기타
익산시만,2022-06-28 21:00:00,2,2,"{""부송동"": 2}",4.0,4,"{""기타"": 2}",기타
익산시만,2022-06-28 22:00:00,1,1,"{""어양동"": 1}",3.0,3,"{""기타"": 1}",기타
익산시만,2022-06-28 23:00:00,1,1,"{""모현동1가"": 1}",4.0,4,"{""가축 분뇨 냄새(닭, 돼지, 소)"": 1}","가축 분뇨 냄새(닭, 돼지, 소)"
익산시만,2022-06-29 05:00:00,1,1,"{""부송동"": 1}",3.0,3,"{""가축 분뇨 냄새(닭, 돼지, 소)"": 1}","가축 분뇨 냄새(닭, 돼지, 소)"
익산시만,2022-06-29 10:00:00,1,1,"{""팔봉동"": 1}",2.0,2,"{""공장 냄새(화학약품, 매캐함)"": 1}","공장 냄새(화학약품, 매캐함)"
익산시만,2022-06-29 16:00:00,1,1,"{""신흥동"": 1}",1.0,1,"{""공장 냄새(화학약품, 매캐함)"": 1}","공장 냄새(화학약품, 매캐함)"
익산시만,2022-06-29 19:00:00,1,1,"{""함열읍 와리"": 1}",4.0,4,"{""가축 분뇨 냄새(닭, 돼지, 소)"": 1}","가축 분뇨 냄새(닭, 돼지, 소)"
익산시만,2022-06-29 20:00:00,7,7,"{""어양동"": 3, ""영등동"": 1, ""동산동"": 1, ""마동"": 1, ""신동"": 1}",3.857142857142857,5,"{""기타"": 4, ""가축 분뇨 냄새(닭, 돼지, 소)"": 3}",기타
익산시만,2022-06-29 21:00:00,12,12,"{""영등동"": 8, ""신흥동"": 2, ""어양동"": 1, ""부송동"": 1}",4.5,5,"{""기타"": 7, ""가축 분뇨 냄새(닭, 돼지, 소)"": 4, ""음식조리 냄새"": 1}",기타
익산시만,2022-06-29 22:00:00,2,2,"{""동산동"": 1, ""영등동"": 1}",4.0,4,"{""기타"": 1, ""하수구 냄새"": 1}",기타
익산시만,2022-06-29 23:00:00,5,5,"{""어양동"": 4, ""부송동"": 1}",3.4,4,"{""가축 분뇨 냄새(닭, 돼지, 소)"": 3, ""하수구 냄새"": 1, ""기타"": 1}","가축 분뇨 냄새(닭, 돼지, 소)"
익산시만,2022-06-30 00:00:00,2,2,"{""어양동"": 1, ""부송동"": 1}",4.0,5,"{""기타"": 1, ""공장 냄새(화학약품, 매캐함)"": 1}",기타
익산시만,2022-06-30 02:00:00,1,1,"{""어양동"": 1}",5.0,5,"{""가축 분뇨 냄새(닭, 돼지, 소)"": 1}","가축 분뇨 냄새(닭, 돼지, 소)"
익산시만,2022-06-30 07:00:00,1,1,"{""영등동"": 1}",5.0,5,"{""가축 분뇨 냄새(닭, 돼지, 소)"": 1}","가축 분뇨 냄새(닭, 돼지, 소)"
익산시만,2022-06-30 09:00:00,1,1,"{""왕궁면 쌍제리"": 1}",4.0,4,"{""기타"": 1}",기타
익산시만,2022-06-30 19:00:00,1,1,"{""함열읍 와리"": 1}",4.0,4,"{""기타"": 1}",기타
익산시만,2022-06-30 22:00:00,7,7,"{""팔봉동"": 4, ""춘포면 덕실리"": 1, ""어양동"": 1, ""동산동"": 1}",4.142857142857143,5,"{""가축 분뇨 냄새(닭, 돼지, 소)"": 3, ""기타"": 3, ""하수구 냄새"": 1}","가축 분뇨 냄새(닭, 돼지, 소)"
익산시만,2022-06-30 23:00:00,19,19,"{""부송동"": 12, ""어양동"": 4, ""신흥동"": 1, ""금강동"": 1, ""영등동"": 1}",4.315789473684211,5,"{""가축 분뇨 냄새(닭, 돼지, 소)"": 9, ""기타"": 7, ""하수구 냄새"": 3}","가축 분뇨 냄새(닭, 돼지, 소)"
익산시만,2022-07-01 00:00:00,11,10,"{""부송동"": 7, ""영등동"": 3, ""어양동"": 1}",4.7272727272727275,5,"{""기타"": 5, ""가축 분뇨 냄새(닭, 돼지, 소)"": 5, ""하수구 냄새"": 1}",기타
익산시만,2022-07-01 01:00:00,7,7,"{""동산동"": 3, ""모현동1가"": 2, ""인화동2가"": 1, ""영등동"": 1}",4.571428571428571,5,"{""기타"": 3, ""가축 분뇨 냄새(닭, 돼지, 소)"": 2, ""음식조리 냄새"": 1, ""하수구 냄새"": 1}",기타
익산시만,2022-07-01 02:00:00,1,1,"{""평화동"": 1}",5.0,5,"{""기타"": 1}",기타
익산시만,2022-07-01 07:00:00,1,1,"{""부송동"": 1}",4.0,4,"{""공장 냄새(화학약품, 매캐함)"": 1}","공장 냄새(화학약품, 매캐함)"
익산시만,2022-07-01 19:00:00,1,1,"{""어양동"": 1}",5.0,5,"{""기타"": 1}",기타
익산시만,2022-07-02 02:00:00,2,2,"{""부송동"": 2}",3.0,4,"{""가축 분뇨 냄새(닭, 돼지, 소)"": 2}","가축 분뇨 냄새(닭, 돼지, 소)"
익산시만,2022-07-02 03:00:00,1,1,"{""동산동"": 1}",5.0,5,"{""기타"": 1}",기타
익산시만,2022-07-02 04:00:00,1,1,"{""동산동"": 1}",4.0,4,"{""가축 분뇨 냄새(닭, 돼지, 소)"": 1}","가축 분뇨 냄새(닭, 돼지, 소)"
익산시만,2022-07-02 05:00:00,2,2,"{""동산동"": 1, ""영등동"": 1}",3.5,4,"{""가축 분뇨 냄새(닭, 돼지, 소)"": 2}","가축 분뇨 냄새(닭, 돼지, 소)"
익산시만,2022-07-02 06:00:00,2,2,"{""신동"": 1, ""영등동"": 1}",2.0,2,"{""가축 분뇨 냄새(닭, 돼지, 소)"": 2}","가축 분뇨 냄새(닭, 돼지, 소)"
익산시만,2022-07-02 19:00:00,1,1,"{""어양동"": 1}",1.0,1,"{""가축 분뇨 냄새(닭, 돼지, 소)"": 1}","가축 분뇨 냄새(닭, 돼지, 소)"
익산시만,2022-07-02 23:00:00,1,1,"{""춘포면 덕실리"": 1}",3.0,3,"{""가축 분뇨 냄새(닭, 돼지, 소)"": 1}","가축 분뇨 냄새(닭, 돼지, 소)"
익산시만,2022-07-03 04:00:00,7,6,"{""영등동"": 6, ""부송동"": 1}",2.5714285714285716,4,"{""기타"": 7}",기타
익산시만,2022-07-03 05:00:00,1,1,"{""인화동1가"": 1}",5.0,5,"{""하수구 냄새"": 1}",하수구 냄새
익산시만,2022-07-03 06:00:00,2,2,"{""부송동"": 2}",3.0,3,"{""하수구 냄새"": 1, ""가축 분뇨 냄새(닭, 돼지, 소)"": 1}",하수구 냄새
익산시만,2022-07-03 20:00:00,5,5,"{""부송동"": 2, ""춘포면 쌍정리"": 2, ""영등동"": 1}",4.2,5,"{""공장 냄새(화학약품, 매캐함)"": 3, ""하수구 냄새"": 1, ""가축 분뇨 냄새(닭, 돼지, 소)"": 1}","공장 냄새(화학약품, 매캐함)"
익산시만,2022-07-03 21:00:00,1,1,"{""부송동"": 1}",4.0,4,"{""가축 분뇨 냄새(닭, 돼지, 소)"": 1}","가축 분뇨 냄새(닭, 돼지, 소)"
익산시만,2022-07-03 22:00:00,7,7,"{""동산동"": 4, ""금강동"": 1, ""부송동"": 1, ""영등동"": 1}",4.0,5,"{""가축 분뇨 냄새(닭, 돼지, 소)"": 4, ""기타"": 2, ""하수구 냄새"": 1}","가축 분뇨 냄새(닭, 돼지, 소)"
익산시만,2022-07-03 23:00:00,13,13,"{""영등동"": 8, ""어양동"": 2, ""부송동"": 1, ""신동"": 1, ""금강동"": 1}",4.153846153846154,5,"{""하수구 냄새"": 5, ""가축 분뇨 냄새(닭, 돼지, 소)"": 5, ""기타"": 3}",하수구 냄새
익산시만,2022-07-04 00:00:00,3,3,"{""부송동"": 2, ""영등동"": 1}",4.333333333333333,5,"{""기타"": 2, ""하수구 냄새"": 1}",기타
익산시만,2022-07-04 01:00:00,1,1,"{""영등동"": 1}",4.0,4,"{""하수구 냄새"": 1}",하수구 냄새
익산시만,2022-07-04 03:00:00,1,1,"{""신동"": 1}",3.0,3,"{""가축 분뇨 냄새(닭, 돼지, 소)"": 1}","가축 분뇨 냄새(닭, 돼지, 소)"
익산시만,2022-07-04 07:00:00,2,2,"{""부송동"": 2}",5.0,5,"{""가축 분뇨 냄새(닭, 돼지, 소)"": 2}","가축 분뇨 냄새(닭, 돼지, 소)"
익산시만,2022-07-04 21:00:00,1,1,"{""부송동"": 1}",4.0,4,"{""공장 냄새(화학약품, 매캐함)"": 1}","공장 냄새(화학약품, 매캐함)"
익산시만,2022-07-04 22:00:00,7,7,"{""부송동"": 2, ""팔봉동"": 2, ""어양동"": 1, ""춘포면 용연리"": 1, ""함열읍 와리"": 1}",4.285714285714286,5,"{""가축 분뇨 냄새(닭, 돼지, 소)"": 3, ""기타"": 2, ""하수구 냄새"": 2}","가축 분뇨 냄새(닭, 돼지, 소)"
익산시만,2022-07-04 23:00:00,15,15,"{""부송동"": 14, ""팔봉동"": 1}",4.4,5,"{""하수구 냄새"": 7, ""가축 분뇨 냄새(닭, 돼지, 소)"": 5, ""기타"": 3}",하수구 냄새
익산시만,2022-07-05 00:00:00,1,1,"{""부송동"": 1}",3.0,3,"{""공장 냄새(화학약품, 매캐함)"": 1}","공장 냄새(화학약품, 매캐함)"
익산시만,2022-07-05 01:00:00,2,2,"{""영등동"": 2}",2.5,3,"{""공장 냄새(화학약품, 매캐함)"": 1, ""가축 분뇨 냄새(닭, 돼지, 소)"": 1}","공장 냄새(화학약품, 매캐함)"
익산시만,2022-07-05 02:00:00,1,1,"{""인화동1가"": 1}",4.0,4,"{""기타"": 1}",기타
익산시만,2022-07-05 03:00:00,2,2,"{""어양동"": 1, ""모현동1가"": 1}",5.0,5,"{""기타"": 1, ""가축 분뇨 냄새(닭, 돼지, 소)"": 1}",기타
익산시만,2022-07-05 05:00:00,2,2,"{""부송동"": 2}",3.0,3,"{""하수구 냄새"": 1, ""가축 분뇨 냄새(닭, 돼지, 소)"": 1}",하수구 냄새
익산시만,2022-07-05 07:00:00,2,2,"{""춘포면 천서리"": 1, ""팔봉동"": 1}",2.0,3,"{""기타"": 1, ""가축 분뇨 냄새(닭, 돼지, 소)"": 1}",기타
익산시만,2022-07-05 08:00:00,3,3,"{""어양동"": 1, ""영등동"": 1, ""신동"": 1}",3.6666666666666665,5,"{""가축 분뇨 냄새(닭, 돼지, 소)"": 2, ""기타"": 1}","가축 분뇨 냄새(닭, 돼지, 소)"
익산시만,2022-07-05 21:00:00,1,1,"{""신동"": 1}",3.0,3,"{""공장 냄새(화학약품, 매캐함)"": 1}","공장 냄새(화학약품, 매캐함)"
익산시만,2022-07-05 23:00:00,3,3,"{""부송동"": 2, ""어양동"": 1}",3.3333333333333335,5,"{""공장 냄새(화학약품, 매캐함)"": 2, ""기타"": 1}","공장 냄새(화학약품, 매캐함)"
익산시만,2022-07-06 00:00:00,7,7,"{""부송동"": 5, ""춘포면 쌍정리"": 2}",4.285714285714286,5,"{""가축 분뇨 냄새(닭, 돼지, 소)"": 6, ""하수구 냄새"": 1}","가축 분뇨 냄새(닭, 돼지, 소)"
익산시만,2022-07-06 01:00:00,4,4,"{""부송동"": 3, ""영등동"": 1}",4.0,4,"{""공장 냄새(화학약품, 매캐함)"": 2, ""기타"": 1, ""하수구 냄새"": 1}","공장 냄새(화학약품, 매캐함)"
익산시만,2022-07-06 02:00:00,2,2,"{""모현동1가"": 2}",5.0,5,"{""공장 냄새(화학약품, 매캐함)"": 2}","공장 냄새(화학약품, 매캐함)"
익산시만,2022-07-06 13:00:00,1,1,"{""팔봉동"": 1}",1.0,1,"{""공장 냄새(화학약품, 매캐함)"": 1}","공장 냄새(화학약품, 매캐함)"
익산시만,2022-07-06 14:00:00,1,1,"{""팔봉동"": 1}",3.0,3,"{""공장 냄새(화학약품, 매캐함)"": 1}","공장 냄새(화학약품, 매캐함)"
익산시만,2022-07-06 19:00:00,8,8,"{""어양동"": 3, ""영등동"": 2, ""부송동"": 1, ""신흥동"": 1, ""마동"": 1}",4.0,5,"{""가축 분뇨 냄새(닭, 돼지, 소)"": 4, ""기타"": 3, ""하수구 냄새"": 1}","가축 분뇨 냄새(닭, 돼지, 소)"
익산시만,2022-07-06 20:00:00,5,5,"{""영등동"": 3, ""신동"": 1, ""신흥동"": 1}",4.6,5,"{""기타"": 4, ""가축 분뇨 냄새(닭, 돼지, 소)"": 1}",기타
익산시만,2022-07-06 21:00:00,9,8,"{""영등동"": 3, ""동산동"": 2, ""부송동"": 1, ""어양동"": 1, ""모현동1가"": 1, ""팔봉동"": 1}",4.111111111111111,5,"{""기타"": 4, ""가축 분뇨 냄새(닭, 돼지, 소)"": 3, ""하수구 냄새"": 1, ""공장 냄새(화학약품, 매캐함)"": 1}",기타
익산시만,2022-07-06 22:00:00,6,6,"{""모현동1가"": 4, ""인화동2가"": 1, ""평화동"": 1}",3.8333333333333335,5,"{""기타"": 4, ""가축 분뇨 냄새(닭, 돼지, 소)"": 2}",기타
익산시만,2022-07-07 02:00:00,1,1,"{""어양동"": 1}",4.0,4,"{""기타"": 1}",기타
익산시만,2022-07-07 20:00:00,5,5,"{""부송동"": 4, ""어양동"": 1}",4.4,5,"{""가축 분뇨 냄새(닭, 돼지, 소)"": 3, ""기타"": 2}","가축 분뇨 냄새(닭, 돼지, 소)"
익산시만,2022-07-07 21:00:00,4,4,"{""부송동"": 4}",4.5,5,"{""가축 분뇨 냄새(닭, 돼지, 소)"": 4}","가축 분뇨 냄새(닭, 돼지, 소)"
익산시만,2022-07-07 23:00:00,1,1,"{""부송동"": 1}",4.0,4,"{""하수구 냄새"": 1}",하수구 냄새
익산시만,2022-07-09 07:00:00,1,1,"{""영등동"": 1}",3.0,3,"{""기타"": 1}",기타
익산시만,2022-07-10 04:00:00,1,1,"{""인화동2가"": 1}",5.0,5,"{""기타"": 1}",기타
익산시만,2022-07-10 05:00:00,3,3,"{""인화동2가"": 1, ""부송동"": 1, ""영등동"": 1}",4.666666666666667,5,"{""하수구 냄새"": 1, ""가축 분뇨 냄새(닭, 돼지, 소)"": 1, ""기타"": 1}",하수구 냄새
익산시만,2022-07-10 06:00:00,7,7,"{""동산동"": 2, ""영등동"": 2, ""신동"": 1, ""어양동"": 1, ""모현동1가"": 1}",4.142857142857143,5,"{""가축 분뇨 냄새(닭, 돼지, 소)"": 3, ""기타"": 3, ""하수구 냄새"": 1}","가축 분뇨 냄새(닭, 돼지, 소)"
익산시만,2022-07-10 07:00:00,3,3,"{""춘포면 쌍정리"": 2, ""동산동"": 1}",4.0,5,"{""하수구 냄새"": 2, ""가축 분뇨 냄새(닭, 돼지, 소)"": 1}",하수구 냄새
익산시만,2022-07-10 23:00:00,1,1,"{""영등동"": 1}",4.0,4,"{""공장 냄새(화학약품, 매캐함)"": 1}","공장 냄새(화학약품, 매캐함)"
익산시만,2022-07-11 05:00:00,2,1,"{""춘포면 쌍정리"": 2}",4.5,5,"{""하수구 냄새"": 1, ""가축 분뇨 냄새(닭, 돼지, 소)"": 1}",하수구 냄새
익산시만,2022-07-11 06:00:00,1,1,"{""춘포면 쌍정리"": 1}",4.0,4,"{""가축 분뇨 냄새(닭, 돼지, 소)"": 1}","가축 분뇨 냄새(닭, 돼지, 소)"
익산시만,2022-07-11 07:00:00,2,2,"{""영등동"": 1, ""부송동"": 1}",4.0,5,"{""가축 분뇨 냄새(닭, 돼지, 소)"": 1, ""공장 냄새(화학약품, 매캐함)"": 1}","가축 분뇨 냄새(닭, 돼지, 소)"
익산시만,2022-07-11 11:00:00,2,2,"{""모현동1가"": 2}",5.0,5,"{""공장 냄새(화학약품, 매캐함)"": 2}","공장 냄새(화학약품, 매캐함)"
익산시만,2022-07-11 23:00:00,1,1,"{""부송동"": 1}",4.0,4,"{""가축 분뇨 냄새(닭, 돼지, 소)"": 1}","가축 분뇨 냄새(닭, 돼지, 소)"
익산시만,2022-07-12 00:00:00,1,1,"{""영등동"": 1}",4.0,4,"{""가축 분뇨 냄새(닭, 돼지, 소)"": 1}","가축 분뇨 냄새(닭, 돼지, 소)"
익산시만,2022-07-12 04:00:00,3,3,"{""어양동"": 2, ""부송동"": 1}",4.333333333333333,5,"{""기타"": 2, ""가축 분뇨 냄새(닭, 돼지, 소)"": 1}",기타
익산시만,2022-07-12 05:00:00,4,4,"{""춘포면 쌍정리"": 2, ""어양동"": 1, ""낭산면 용기리"": 1}",4.75,5,"{""가축 분뇨 냄새(닭, 돼지, 소)"": 2, ""기타"": 1, ""하수구 냄새"": 1}","가축 분뇨 냄새(닭, 돼지, 소)"
익산시만,2022-07-12 06:00:00,1,1,"{""부송동"": 1}",4.0,4,"{""하수구 냄새"": 1}",하수구 냄새
익산시만,2022-07-12 14:00:00,1,1,"{""남중동"": 1}",3.0,3,"{""가축 분뇨 냄새(닭, 돼지, 소)"": 1}","가축 분뇨 냄새(닭, 돼지, 소)"
익산시만,2022-07-12 21:00:00,2,2,"{""부송동"": 2}",5.0,5,"{""가축 분뇨 냄새(닭, 돼지, 소)"": 1, ""음식조리 냄새"": 1}","가축 분뇨 냄새(닭, 돼지, 소)"
익산시만,2022-07-12 22:00:00,2,2,"{""부송동"": 2}",3.0,3,"{""하수구 냄새"": 1, ""공장 냄새(화학약품, 매캐함)"": 1}",하수구 냄새
익산시만,2022-07-12 23:00:00,2,2,"{""부송동"": 2}",5.0,5,"{""공장 냄새(화학약품, 매캐함)"": 1, ""가축 분뇨 냄새(닭, 돼지, 소)"": 1}","공장 냄새(화학약품, 매캐함)"
익산시만,2022-07-13 01:00:00,6,6,"{""부송동"": 2, ""영등동"": 2, ""어양동"": 2}",4.5,5,"{""가축 분뇨 냄새(닭, 돼지, 소)"": 4, ""기타"": 2}","가축 분뇨 냄새(닭, 돼지, 소)"
익산시만,2022-07-13 10:00:00,1,1,"{""함열읍 와리"": 1}",4.0,4,"{""기타"": 1}",기타
익산시만,2022-07-13 17:00:00,4,3,"{""동산동"": 2, ""마동"": 1, ""부송동"": 1}",2.75,4,"{""기타"": 2, ""가축 분뇨 냄새(닭, 돼지, 소)"": 2}",기타
익산시만,2022-07-13 18:00:00,3,3,"{""부송동"": 2, ""영등동"": 1}",4.666666666666667,5,"{""기타"": 2, ""가축 분뇨 냄새(닭, 돼지, 소)"": 1}",기타
익산시만,2022-07-13 19:00:00,6,6,"{""부송동"": 3, ""어양동"": 2, ""영등동"": 1}",4.0,5,"{""기타"": 4, ""가축 분뇨 냄새(닭, 돼지, 소)"": 2}",기타
익산시만,2022-07-13 20:00:00,7,7,"{""영등동"": 4, ""부송동"": 1, ""금강동"": 1, ""어양동"": 1}",3.857142857142857,5,"{""기타"": 3, ""가축 분뇨 냄새(닭, 돼지, 소)"": 3, ""하수구 냄새"": 1}",기타
익산시만,2022-07-13 21:00:00,20,20,"{""부송동"": 12, ""어양동"": 7, ""영등동"": 1}",4.65,5,"{""가축 분뇨 냄새(닭, 돼지, 소)"": 8, ""하수구 냄새"": 8, ""기타"": 4}","가축 분뇨 냄새(닭, 돼지, 소)"
익산시만,2022-07-13 22:00:00,11,10,"{""부송동"": 8, ""어양동"": 1, ""신흥동"": 1, ""금마면 동고도리"": 1}",4.090909090909091,5,"{""가축 분뇨 냄새(닭, 돼지, 소)"": 5, ""기타"": 4, ""하수구 냄새"": 1, ""공장 냄새(화학약품, 매캐함)"": 1}","가축 분뇨 냄새(닭, 돼지, 소)"
익산시만,2022-07-13 23:00:00,4,4,"{""부송동"": 2, ""팔봉동"": 1, ""금마면 동고도리"": 1}",3.75,4,"{""하수구 냄새"": 2, ""기타"": 2}",하수구 냄새
익산시만,2022-07-14 00:00:00,17,16,"{""어양동"": 8, ""부송동"": 5, ""영등동"": 4}",4.117647058823529,5,"{""기타"": 11, ""가축 분뇨 냄새(닭, 돼지, 소)"": 4, ""하수구 냄새"": 2}",기타
익산시만,2022-07-14 08:00:00,1,1,"{""현영동"": 1}",5.0,5,"{""하수구 냄새"": 1}",하수구 냄새
익산시만,2022-07-15 00:00:00,2,2,"{""부송동"": 2}",4.0,4,"{""가축 분뇨 냄새(닭, 돼지, 소)"": 2}","가축 분뇨 냄새(닭, 돼지, 소)"
익산시만,2022-07-15 03:00:00,1,1,"{""평화동"": 1}",4.0,4,"{""가축 분뇨 냄새(닭, 돼지, 소)"": 1}","가축 분뇨 냄새(닭, 돼지, 소)"
익산시만,2022-07-15 05:00:00,1,1,"{""춘포면 쌍정리"": 1}",5.0,5,"{""가축 분뇨 냄새(닭, 돼지, 소)"": 1}","가축 분뇨 냄새(닭, 돼지, 소)"
익산시만,2022-07-15 06:00:00,1,1,"{""춘포면 덕실리"": 1}",3.0,3,"{""가축 분뇨 냄새(닭, 돼지, 소)"": 1}","가축 분뇨 냄새(닭, 돼지, 소)"
익산시만,2022-07-15 22:00:00,1,1,"{""춘포면 용연리"": 1}",4.0,4,"{""가축 분뇨 냄새(닭, 돼지, 소)"": 1}","가축 분뇨 냄새(닭, 돼지, 소)"
익산시만,2022-07-16 04:00:00,3,3,"{""어양동"": 1, ""영등동"": 1, ""부송동"": 1}",4.0,4,"{""하수구 냄새"": 2, ""가축 분뇨 냄새(닭, 돼지, 소)"": 1}",하수구 냄새
익산시만,2022-07-16 05:00:00,5,5,"{""부송동"": 2, ""영등동"": 2, ""어양동"": 1}",4.2,5,"{""가축 분뇨 냄새(닭, 돼지, 소)"": 3, ""기타"": 2}","가축 분뇨 냄새(닭, 돼지, 소)"
익산시만,2022-07-16 06:00:00,3,3,"{""영등동"": 3}",3.0,3,"{""기타"": 2, ""하수구 냄새"": 1}",기타
익산시만,2022-07-16 07:00:00,3,3,"{""동산동"": 2, ""어양동"": 1}",4.0,5,"{""기타"": 1, ""가축 분뇨 냄새(닭, 돼지, 소)"": 1, ""하수구 냄새"": 1}",기타
익산시만,2022-07-16 20:00:00,1,1,"{""영등동"": 1}",4.0,4,"{""가축 분뇨 냄새(닭, 돼지, 소)"": 1}","가축 분뇨 냄새(닭, 돼지, 소)"
익산시만,2022-07-16 22:00:00,1,1,"{""부송동"": 1}",4.0,4,"{""가축 분뇨 냄새(닭, 돼지, 소)"": 1}","가축 분뇨 냄새(닭, 돼지, 소)"
익산시만,2022-07-16 23:00:00,2,2,"{""부송동"": 2}",3.5,4,"{""기타"": 1, ""가축 분뇨 냄새(닭, 돼지, 소)"": 1}",기타
익산시만,2022-07-17 00:00:00,11,11,"{""부송동"": 8, ""영등동"": 1, ""춘포면 덕실리"": 1, ""어양동"": 1}",4.181818181818182,5,"{""기타"": 6, ""가축 분뇨 냄새(닭, 돼지, 소)"": 5}",기타
익산시만,2022-07-17 01:00:00,1,1,"{""부송동"": 1}",4.0,4,"{""기타"": 1}",기타
익산시만,2022-07-17 06:00:00,1,1,"{""영등동"": 1}",4.0,4,"{""가축 분뇨 냄새(닭, 돼지, 소)"": 1}","가축 분뇨 냄새(닭, 돼지, 소)"
익산시만,2022-07-17 20:00:00,1,1,"{""신동"": 1}",4.0,4,"{""공장 냄새(화학약품, 매캐함)"": 1}","공장 냄새(화학약품, 매캐함)"
익산시만,2022-07-17 22:00:00,2,2,"{""마동"": 1, ""춘포면 쌍정리"": 1}",4.5,5,"{""가축 분뇨 냄새(닭, 돼지, 소)"": 2}","가축 분뇨 냄새(닭, 돼지, 소)"
익산시만,2022-07-17 23:00:00,10,10,"{""부송동"": 7, ""춘포면 쌍정리"": 1, ""영등동"": 1, ""어양동"": 1}",3.8,5,"{""공장 냄새(화학약품, 매캐함)"": 5, ""가축 분뇨 냄새(닭, 돼지, 소)"": 3, ""기타"": 2}","공장 냄새(화학약품, 매캐함)"
익산시만,2022-07-18 01:00:00,2,2,"{""부송동"": 1, ""어양동"": 1}",5.0,5,"{""공장 냄새(화학약품, 매캐함)"": 1, ""가축 분뇨 냄새(닭, 돼지, 소)"": 1}","공장 냄새(화학약품, 매캐함)"
익산시만,2022-07-18 02:00:00,1,1,"{""어양동"": 1}",3.0,3,"{""가축 분뇨 냄새(닭, 돼지, 소)"": 1}","가축 분뇨 냄새(닭, 돼지, 소)"
익산시만,2022-07-18 04:00:00,1,1,"{""어양동"": 1}",3.0,3,"{""공장 냄새(화학약품, 매캐함)"": 1}","공장 냄새(화학약품, 매캐함)"
익산시만,2022-07-18 12:00:00,1,1,"{""부송동"": 1}",3.0,3,"{""공장 냄새(화학약품, 매캐함)"": 1}","공장 냄새(화학약품, 매캐함)"
익산시만,2022-07-18 13:00:00,2,2,"{""모현동1가"": 2}",4.5,5,"{""공장 냄새(화학약품, 매캐함)"": 2}","공장 냄새(화학약품, 매캐함)"
익산시만,2022-07-18 15:00:00,1,1,"{""낭산면 용기리"": 1}",4.0,4,"{""기타"": 1}",기타
익산시만,2022-07-18 16:00:00,2,1,"{""춘포면 쌍정리"": 2}",4.5,5,"{""가축 분뇨 냄새(닭, 돼지, 소)"": 2}","가축 분뇨 냄새(닭, 돼지, 소)"
익산시만,2022-07-18 19:00:00,1,1,"{""춘포면 쌍정리"": 1}",4.0,4,"{""가축 분뇨 냄새(닭, 돼지, 소)"": 1}","가축 분뇨 냄새(닭, 돼지, 소)"
익산시만,2022-07-18 21:00:00,1,1,"{""여산면 두여리"": 1}",5.0,5,"{""공장 냄새(화학약품, 매캐함)"": 1}","공장 냄새(화학약품, 매캐함)"
익산시만,2022-07-20 00:00:00,12,12,"{""부송동"": 8, ""어양동"": 3, ""함열읍 와리"": 1}",3.9166666666666665,5,"{""가축 분뇨 냄새(닭, 돼지, 소)"": 6, ""기타"": 5, ""하수구 냄새"": 1}","가축 분뇨 냄새(닭, 돼지, 소)"
익산시만,2022-07-20 01:00:00,5,5,"{""부송동"": 2, ""영등동"": 2, ""어양동"": 1}",4.4,5,"{""기타"": 2, ""가축 분뇨 냄새(닭, 돼지, 소)"": 2, ""하수구 냄새"": 1}",기타
익산시만,2022-07-20 02:00:00,7,7,"{""부송동"": 3, ""영등동"": 1, ""마동"": 1, ""동산동"": 1, ""어양동"": 1}",3.857142857142857,5,"{""가축 분뇨 냄새(닭, 돼지, 소)"": 4, ""하수구 냄새"": 2, ""기타"": 1}","가축 분뇨 냄새(닭, 돼지, 소)"
익산시만,2022-07-20 03:00:00,1,1,"{""부송동"": 1}",3.0,3,"{""기타"": 1}",기타
익산시만,2022-07-20 04:00:00,1,1,"{""영등동"": 1}",4.0,4,"{""하수구 냄새"": 1}",하수구 냄새
익산시만,2022-07-20 05:00:00,3,3,"{""평화동"": 1, ""인화동2가"": 1, ""춘포면 쌍정리"": 1}",4.333333333333333,5,"{""가축 분뇨 냄새(닭, 돼지, 소)"": 1, ""기타"": 1, ""하수구 냄새"": 1}","가축 분뇨 냄새(닭, 돼지, 소)"
익산시만,2022-07-20 06:00:00,3,3,"{""송학동"": 2, ""인화동2가"": 1}",3.6666666666666665,4,"{""가축 분뇨 냄새(닭, 돼지, 소)"": 3}","가축 분뇨 냄새(닭, 돼지, 소)"
익산시만,2022-07-20 07:00:00,3,3,"{""동산동"": 3}",3.3333333333333335,4,"{""가축 분뇨 냄새(닭, 돼지, 소)"": 3}","가축 분뇨 냄새(닭, 돼지, 소)"
익산시만,2022-07-20 08:00:00,6,6,"{""동산동"": 3, ""부송동"": 1, ""어양동"": 1, ""금마면 동고도리"": 1}",4.0,5,"{""기타"": 5, ""가축 분뇨 냄새(닭, 돼지, 소)"": 1}",기타
익산시만,2022-07-20 09:00:00,1,1,"{""영등동"": 1}",4.0,4,"{""가축 분뇨 냄새(닭, 돼지, 소)"": 1}","가축 분뇨 냄새(닭, 돼지, 소)"
익산시만,2022-07-20 20:00:00,1,1,"{""모현동1가"": 1}",3.0,3,"{""기타"": 1}",기타
익산시만,2022-07-20 22:00:00,2,2,"{""춘포면 쌍정리"": 2}",4.0,4,"{""하수구 냄새"": 1, ""가축 분뇨 냄새(닭, 돼지, 소)"": 1}",하수구 냄새
익산시만,2022-07-20 23:00:00,4,4,"{""부송동"": 3, ""어양동"": 1}",4.5,5,"{""기타"": 2, ""가축 분뇨 냄새(닭, 돼지, 소)"": 1, ""하수구 냄새"": 1}",기타
익산시만,2022-07-21 02:00:00,1,1,"{""동산동"": 1}",4.0,4,"{""기타"": 1}",기타
익산시만,2022-07-21 06:00:00,1,1,"{""영등동"": 1}",4.0,4,"{""하수구 냄새"": 1}",하수구 냄새
익산시만,2022-07-22 21:00:00,1,1,"{""춘포면 쌍정리"": 1}",4.0,4,"{""하수구 냄새"": 1}",하수구 냄새
익산시만,2022-07-22 22:00:00,2,2,"{""함열읍 와리"": 2}",4.5,5,"{""기타"": 2}",기타
익산시만,2022-07-23 00:00:00,4,4,"{""부송동"": 2, ""금강동"": 1, ""마동"": 1}",3.75,5,"{""가축 분뇨 냄새(닭, 돼지, 소)"": 1, ""공장 냄새(화학약품, 매캐함)"": 1, ""기타"": 1, ""하수구 냄새"": 1}","가축 분뇨 냄새(닭, 돼지, 소)"
익산시만,2022-07-23 01:00:00,16,16,"{""어양동"": 8, ""부송동"": 3, ""영등동"": 3, ""신동"": 1, ""마동"": 1}",4.0625,5,"{""기타"": 12, ""가축 분뇨 냄새(닭, 돼지, 소)"": 3, ""하수구 냄새"": 1}",기타
익산시만,2022-07-23 02:00:00,6,6,"{""부송동"": 3, ""동산동"": 2, ""영등동"": 1}",4.0,5,"{""가축 분뇨 냄새(닭, 돼지, 소)"": 4, ""기타"": 1, ""공장 냄새(화학약품, 매캐함)"": 1}","가축 분뇨 냄새(닭, 돼지, 소)"
익산시만,2022-07-23 04:00:00,1,1,"{""어양동"": 1}",3.0,3,"{""가축 분뇨 냄새(닭, 돼지, 소)"": 1}","가축 분뇨 냄새(닭, 돼지, 소)"
익산시만,2022-07-23 05:00:00,1,1,"{""마동"": 1}",3.0,3,"{""공장 냄새(화학약품, 매캐함)"": 1}","공장 냄새(화학약품, 매캐함)"
익산시만,2022-07-23 07:00:00,2,2,"{""마동"": 1, ""모현동1가"": 1}",3.5,4,"{""가축 분뇨 냄새(닭, 돼지, 소)"": 2}","가축 분뇨 냄새(닭, 돼지, 소)"
익산시만,2022-07-23 09:00:00,2,2,"{""모현동1가"": 2}",4.0,4,"{""가축 분뇨 냄새(닭, 돼지, 소)"": 2}","가축 분뇨 냄새(닭, 돼지, 소)"
익산시만,2022-07-23 15:00:00,1,1,"{""부송동"": 1}",4.0,4,"{""기타"": 1}",기타
익산시만,2022-07-23 17:00:00,2,2,"{""신흥동"": 1, ""팔봉동"": 1}",4.5,5,"{""기타"": 1, ""가축 분뇨 냄새(닭, 돼지, 소)"": 1}",기타
익산시만,2022-07-23 18:00:00,1,1,"{""어양동"": 1}",3.0,3,"{""가축 분뇨 냄새(닭, 돼지, 소)"": 1}","가축 분뇨 냄새(닭, 돼지, 소)"
익산시만,2022-07-23 20:00:00,2,2,"{""모현동1가"": 2}",3.0,3,"{""가축 분뇨 냄새(닭, 돼지, 소)"": 1, ""기타"": 1}","가축 분뇨 냄새(닭, 돼지, 소)"
익산시만,2022-07-23 21:00:00,1,1,"{""송학동"": 1}",4.0,4,"{""가축 분뇨 냄새(닭, 돼지, 소)"": 1}","가축 분뇨 냄새(닭, 돼지, 소)"
익산시만,2022-07-23 22:00:00,1,1,"{""동산동"": 1}",5.0,5,"{""기타"": 1}",기타
익산시만,2022-07-24 01:00:00,1,1,"{""부송동"": 1}",3.0,3,"{""가축 분뇨 냄새(닭, 돼지, 소)"": 1}","가축 분뇨 냄새(닭, 돼지, 소)"
익산시만,2022-07-24 07:00:00,1,1,"{""어양동"": 1}",5.0,5,"{""기타"": 1}",기타
익산시만,2022-07-24 08:00:00,2,2,"{""부송동"": 1, ""어양동"": 1}",4.5,5,"{""가축 분뇨 냄새(닭, 돼지, 소)"": 1, ""기타"": 1}","가축 분뇨 냄새(닭, 돼지, 소)"
익산시만,2022-07-24 15:00:00,1,1,"{""부송동"": 1}",5.0,5,"{""하수구 냄새"": 1}",하수구 냄새
익산시만,2022-07-24 22:00:00,1,1,"{""신동"": 1}",3.0,3,"{""공장 냄새(화학약품, 매캐함)"": 1}","공장 냄새(화학약품, 매캐함)"
익산시만,2022-07-25 06:00:00,3,3,"{""부송동"": 1, ""영등동"": 1, ""어양동"": 1}",4.333333333333333,5,"{""기타"": 2, ""하수구 냄새"": 1}",기타
익산시만,2022-07-25 07:00:00,2,2,"{""부송동"": 1, ""영등동"": 1}",4.0,4,"{""가축 분뇨 냄새(닭, 돼지, 소)"": 2}","가축 분뇨 냄새(닭, 돼지, 소)"
익산시만,2022-07-25 23:00:00,2,2,"{""함열읍 와리"": 1, ""부송동"": 1}",4.0,5,"{""기타"": 2}",기타
익산시만,2022-07-26 00:00:00,10,10,"{""부송동"": 7, ""모현동1가"": 1, ""어양동"": 1, ""함열읍 와리"": 1}",4.1,5,"{""가축 분뇨 냄새(닭, 돼지, 소)"": 6, ""하수구 냄새"": 2, ""기타"": 2}","가축 분뇨 냄새(닭, 돼지, 소)"
익산시만,2022-07-26 01:00:00,15,14,"{""부송동"": 7, ""어양동"": 5, ""영등동"": 2, ""춘포면 쌍정리"": 1}",4.133333333333334,5,"{""가축 분뇨 냄새(닭, 돼지, 소)"": 9, ""기타"": 5, ""하수구 냄새"": 1}","가축 분뇨 냄새(닭, 돼지, 소)"
익산시만,2022-07-26 02:00:00,7,7,"{""동산동"": 3, ""영등동"": 1, ""팔봉동"": 1, ""용제동"": 1, ""모현동1가"": 1}",4.285714285714286,5,"{""기타"": 4, ""가축 분뇨 냄새(닭, 돼지, 소)"": 3}",기타
익산시만,2022-07-26 06:00:00,1,1,"{""부송동"": 1}",4.0,4,"{""공장 냄새(화학약품, 매캐함)"": 1}","공장 냄새(화학약품, 매캐함)"
익산시만,2022-07-26 07:00:00,4,4,"{""영등동"": 2, ""부송동"": 2}",2.5,4,"{""공장 냄새(화학약품, 매캐함)"": 2, ""가축 분뇨 냄새(닭, 돼지, 소)"": 2}","공장 냄새(화학약품, 매캐함)"
익산시만,2022-07-26 22:00:00,5,5,"{""부송동"": 4, ""어양동"": 1}",4.0,5,"{""기타"": 3, ""가축 분뇨 냄새(닭, 돼지, 소)"": 2}",기타
익산시만,2022-07-26 23:00:00,1,1,"{""부송동"": 1}",5.0,5,"{""기타"": 1}",기타
익산시만,2022-07-27 02:00:00,1,1,"{""함열읍 다송리"": 1}",5.0,5,"{""공장 냄새(화학약품, 매캐함)"": 1}","공장 냄새(화학약품, 매캐함)"
익산시만,2022-07-27 03:00:00,2,2,"{""영등동"": 1, ""인화동1가"": 1}",2.5,4,"{""가축 분뇨 냄새(닭, 돼지, 소)"": 2}","가축 분뇨 냄새(닭, 돼지, 소)"
익산시만,2022-07-27 05:00:00,1,1,"{""부송동"": 1}",4.0,4,"{""가축 분뇨 냄새(닭, 돼지, 소)"": 1}","가축 분뇨 냄새(닭, 돼지, 소)"
익산시만,2022-07-27 06:00:00,1,1,"{""어양동"": 1}",5.0,5,"{""공장 냄새(화학약품, 매캐함)"": 1}","공장 냄새(화학약품, 매캐함)"
익산시만,2022-07-27 07:00:00,1,1,"{""모현동1가"": 1}",3.0,3,"{""가축 분뇨 냄새(닭, 돼지, 소)"": 1}","가축 분뇨 냄새(닭, 돼지, 소)"
익산시만,2022-07-27 19:00:00,1,1,"{""삼기면 오룡리"": 1}",5.0,5,"{""하수구 냄새"": 1}",하수구 냄새
익산시만,2022-07-27 20:00:00,8,8,"{""어양동"": 4, ""부송동"": 2, ""춘포면 천서리"": 1, ""영등동"": 1}",4.125,5,"{""기타"": 4, ""가축 분뇨 냄새(닭, 돼지, 소)"": 4}",기타
익산시만,2022-07-27 21:00:00,7,6,"{""어양동"": 3, ""부송동"": 3, ""인화동2가"": 1}",4.142857142857143,5,"{""가축 분뇨 냄새(닭, 돼지, 소)"": 5, ""기타"": 1, ""공장 냄새(화학약품, 매캐함)"": 1}","가축 분뇨 냄새(닭, 돼지, 소)"
익산시만,2022-07-27 22:00:00,6,6,"{""부송동"": 5, ""낭산면 용기리"": 1}",4.5,5,"{""가축 분뇨 냄새(닭, 돼지, 소)"": 2, ""기타"": 2, ""하수구 냄새"": 2}","가축 분뇨 냄새(닭, 돼지, 소)"
익산시만,2022-07-27 23:00:00,4,4,"{""부송동"": 3, ""영등동"": 1}",4.0,4,"{""공장 냄새(화학약품, 매캐함)"": 3, ""가축 분뇨 냄새(닭, 돼지, 소)"": 1}","공장 냄새(화학약품, 매캐함)"
익산시만,2022-07-28 00:00:00,3,3,"{""부송동"": 2, ""낭산면 용기리"": 1}",4.666666666666667,5,"{""가축 분뇨 냄새(닭, 돼지, 소)"": 3}","가축 분뇨 냄새(닭, 돼지, 소)"
익산시만,2022-07-28 02:00:00,2,2,"{""부송동"": 2}",3.0,4,"{""공장 냄새(화학약품, 매캐함)"": 1, ""음식조리 냄새"": 1}","공장 냄새(화학약품, 매캐함)"
익산시만,2022-07-28 07:00:00,1,1,"{""춘포면 쌍정리"": 1}",4.0,4,"{""하수구 냄새"": 1}",하수구 냄새
익산시만,2022-07-28 08:00:00,1,1,"{""춘포면 쌍정리"": 1}",5.0,5,"{""가축 분뇨 냄새(닭, 돼지, 소)"": 1}","가축 분뇨 냄새(닭, 돼지, 소)"
익산시만,2022-07-28 22:00:00,4,4,"{""춘포면 쌍정리"": 2, ""부송동"": 2}",4.0,5,"{""가축 분뇨 냄새(닭, 돼지, 소)"": 2, ""하수구 냄새"": 1, ""공장 냄새(화학약품, 매캐함)"": 1}","가축 분뇨 냄새(닭, 돼지, 소)"
익산시만,2022-07-28 23:00:00,3,3,"{""부송동"": 3}",3.6666666666666665,4,"{""가축 분뇨 냄새(닭, 돼지, 소)"": 3}","가축 분뇨 냄새(닭, 돼지, 소)"
익산시만,2022-07-29 04:00:00,1,1,"{""부송동"": 1}",5.0,5,"{""공장 냄새(화학약품, 매캐함)"": 1}","공장 냄새(화학약품, 매캐함)"
익산시만,2022-07-29 05:00:00,1,1,"{""영등동"": 1}",3.0,3,"{""공장 냄새(화학약품, 매캐함)"": 1}","공장 냄새(화학약품, 매캐함)"
익산시만,2022-07-29 17:00:00,2,2,"{""낭산면 용기리"": 2}",4.5,5,"{""기타"": 1, ""가축 분뇨 냄새(닭, 돼지, 소)"": 1}",기타
익산시만,2022-07-29 20:00:00,4,4,"{""부송동"": 2, ""창인동2가"": 1, ""영등동"": 1}",3.25,4,"{""기타"": 3, ""가축 분뇨 냄새(닭, 돼지, 소)"": 1}",기타
익산시만,2022-07-29 22:00:00,8,8,"{""부송동"": 3, ""영등동"": 3, ""모현동1가"": 1, ""어양동"": 1}",4.0,5,"{""공장 냄새(화학약품, 매캐함)"": 3, ""기타"": 2, ""하수구 냄새"": 2, ""가축 분뇨 냄새(닭, 돼지, 소)"": 1}","공장 냄새(화학약품, 매캐함)"
익산시만,2022-07-29 23:00:00,2,2,"{""금강동"": 1, ""영등동"": 1}",5.0,5,"{""가축 분뇨 냄새(닭, 돼지, 소)"": 2}","가축 분뇨 냄새(닭, 돼지, 소)"
익산시만,2022-07-30 01:00:00,2,2,"{""부송동"": 1, ""모현동1가"": 1}",3.5,4,"{""기타"": 1, ""공장 냄새(화학약품, 매캐함)"": 1}",기타
익산시만,2022-07-30 06:00:00,1,1,"{""낭산면 용기리"": 1}",4.0,4,"{""기타"": 1}",기타
익산시만,2022-07-30 16:00:00,1,1,"{""모현동1가"": 1}",2.0,2,"{""공장 냄새(화학약품, 매캐함)"": 1}","공장 냄새(화학약품, 매캐함)"
익산시만,2022-07-30 20:00:00,1,1,"{""영등동"": 1}",3.0,3,"{""기타"": 1}",기타
익산시만,2022-07-31 00:00:00,1,1,"{""낭산면 용기리"": 1}",3.0,3,"{""기타"": 1}",기타
익산시만,2022-07-31 04:00:00,1,1,"{""영등동"": 1}",3.0,3,"{""가축 분뇨 냄새(닭, 돼지, 소)"": 1}","가축 분뇨 냄새(닭, 돼지, 소)"
익산시만,2022-07-31 17:00:00,3,3,"{""부송동"": 3}",4.0,5,"{""기타"": 2, ""가축 분뇨 냄새(닭, 돼지, 소)"": 1}",기타
익산시만,2022-07-31 18:00:00,1,1,"{""부송동"": 1}",4.0,4,"{""공장 냄새(화학약품, 매캐함)"": 1}","공장 냄새(화학약품, 매캐함)"
익산시만,2022-07-31 19:00:00,1,1,"{""부송동"": 1}",4.0,4,"{""공장 냄새(화학약품, 매캐함)"": 1}","공장 냄새(화학약품, 매캐함)"
익산시만,2022-07-31 20:00:00,2,2,"{""동산동"": 1, ""영등동"": 1}",4.0,5,"{""가축 분뇨 냄새(닭, 돼지, 소)"": 1, ""기타"": 1}","가축 분뇨 냄새(닭, 돼지, 소)"
익산시만,2022-07-31 21:00:00,1,1,"{""부송동"": 1}",3.0,3,"{""공장 냄새(화학약품, 매캐함)"": 1}","공장 냄새(화학약품, 매캐함)"
익산시만,2022-07-31 22:00:00,3,3,"{""동산동"": 2, ""부송동"": 1}",4.0,4,"{""기타"": 2, ""가축 분뇨 냄새(닭, 돼지, 소)"": 1}",기타
익산시만,2022-08-01 07:00:00,1,1,"{""영등동"": 1}",4.0,4,"{""가축 분뇨 냄새(닭, 돼지, 소)"": 1}","가축 분뇨 냄새(닭, 돼지, 소)"
익산시만,2022-08-01 08:00:00,2,2,"{""부송동"": 2}",4.5,5,"{""가축 분뇨 냄새(닭, 돼지, 소)"": 2}","가축 분뇨 냄새(닭, 돼지, 소)"
익산시만,2022-08-01 17:00:00,1,1,"{""낭산면 용기리"": 1}",5.0,5,"{""기타"": 1}",기타
익산시만,2022-08-01 18:00:00,4,4,"{""낭산면 용기리"": 4}",4.75,5,"{""기타"": 4}",기타
익산시만,2022-08-01 20:00:00,2,2,"{""현영동"": 1, ""모현동1가"": 1}",4.5,5,"{""가축 분뇨 냄새(닭, 돼지, 소)"": 2}","가축 분뇨 냄새(닭, 돼지, 소)"
익산시만,2022-08-01 21:00:00,10,10,"{""부송동"": 3, ""동산동"": 2, ""모현동1가"": 2, ""영등동"": 2, ""마동"": 1}",4.5,5,"{""가축 분뇨 냄새(닭, 돼지, 소)"": 5, ""기타"": 4, ""하수구 냄새"": 1}","가축 분뇨 냄새(닭, 돼지, 소)"
익산시만,2022-08-01 22:00:00,7,7,"{""어양동"": 3, ""부송동"": 3, ""영등동"": 1}",4.0,5,"{""기타"": 3, ""가축 분뇨 냄새(닭, 돼지, 소)"": 3, ""공장 냄새(화학약품, 매캐함)"": 1}",기타
익산시만,2022-08-01 23:00:00,5,5,"{""동산동"": 3, ""영등동"": 1, ""부송동"": 1}",4.0,5,"{""가축 분뇨 냄새(닭, 돼지, 소)"": 3, ""기타"": 2}","가축 분뇨 냄새(닭, 돼지, 소)"
익산시만,2022-08-02 00:00:00,3,3,"{""부송동"": 2, ""신동"": 1}",4.0,5,"{""하수구 냄새"": 1, ""기타"": 1, ""가축 분뇨 냄새(닭, 돼지, 소)"": 1}",하수구 냄새
익산시만,2022-08-02 03:00:00,1,1,"{""동산동"": 1}",5.0,5,"{""기타"": 1}",기타
익산시만,2022-08-02 04:00:00,1,1,"{""부송동"": 1}",5.0,5,"{""가축 분뇨 냄새(닭, 돼지, 소)"": 1}","가축 분뇨 냄새(닭, 돼지, 소)"
익산시만,2022-08-02 05:00:00,1,1,"{""동산동"": 1}",4.0,4,"{""기타"": 1}",기타
익산시만,2022-08-02 07:00:00,2,2,"{""모현동1가"": 2}",3.5,4,"{""가축 분뇨 냄새(닭, 돼지, 소)"": 2}","가축 분뇨 냄새(닭, 돼지, 소)"
익산시만,2022-08-02 08:00:00,1,1,"{""영등동"": 1}",4.0,4,"{""가축 분뇨 냄새(닭, 돼지, 소)"": 1}","가축 분뇨 냄새(닭, 돼지, 소)"
익산시만,2022-08-02 22:00:00,1,1,"{""동산동"": 1}",2.0,2,"{""가축 분뇨 냄새(닭, 돼지, 소)"": 1}","가축 분뇨 냄새(닭, 돼지, 소)"
익산시만,2022-08-03 03:00:00,1,1,"{""영등동"": 1}",3.0,3,"{""기타"": 1}",기타
익산시만,2022-08-03 04:00:00,7,7,"{""영등동"": 2, ""어양동"": 2, ""부송동"": 1, ""동산동"": 1, ""인화동1가"": 1}",4.142857142857143,5,"{""가축 분뇨 냄새(닭, 돼지, 소)"": 4, ""기타"": 3}","가축 분뇨 냄새(닭, 돼지, 소)"
익산시만,2022-08-03 05:00:00,1,1,"{""동산동"": 1}",5.0,5,"{""하수구 냄새"": 1}",하수구 냄새
익산시만,2022-08-03 06:00:00,1,1,"{""영등동"": 1}",3.0,3,"{""공장 냄새(화학약품, 매캐함)"": 1}","공장 냄새(화학약품, 매캐함)"
익산시만,2022-08-03 07:00:00,2,2,"{""영등동"": 2}",5.0,5,"{""하수구 냄새"": 2}",하수구 냄새
익산시만,2022-08-03 08:00:00,1,1,"{""어양동"": 1}",4.0,4,"{""가축 분뇨 냄새(닭, 돼지, 소)"": 1}","가축 분뇨 냄새(닭, 돼지, 소)"
익산시만,2022-08-03 21:00:00,1,1,"{""춘포면 춘포리"": 1}",4.0,4,"{""기타"": 1}",기타
익산시만,2022-08-04 23:00:00,4,4,"{""부송동"": 4}",4.75,5,"{""가축 분뇨 냄새(닭, 돼지, 소)"": 2, ""하수구 냄새"": 2}","가축 분뇨 냄새(닭, 돼지, 소)"
익산시만,2022-08-05 00:00:00,1,1,"{""부송동"": 1}",4.0,4,"{""기타"": 1}",기타
익산시만,2022-08-05 01:00:00,2,2,"{""부송동"": 2}",5.0,5,"{""기타"": 1, ""가축 분뇨 냄새(닭, 돼지, 소)"": 1}",기타
익산시만,2022-08-05 02:00:00,5,5,"{""영등동"": 1, ""동산동"": 1, ""신동"": 1, ""인화동1가"": 1, ""마동"": 1}",4.2,5,"{""가축 분뇨 냄새(닭, 돼지, 소)"": 3, ""기타"": 2}","가축 분뇨 냄새(닭, 돼지, 소)"
익산시만,2022-08-05 06:00:00,1,1,"{""함열읍 석매리"": 1}",4.0,4,"{""가축 분뇨 냄새(닭, 돼지, 소)"": 1}","가축 분뇨 냄새(닭, 돼지, 소)"
익산시만,2022-08-05 07:00:00,1,1,"{""영등동"": 1}",4.0,4,"{""하수구 냄새"": 1}",하수구 냄새
익산시만,2022-08-05 21:00:00,1,1,"{""인화동2가"": 1}",5.0,5,"{""가축 분뇨 냄새(닭, 돼지, 소)"": 1}","가축 분뇨 냄새(닭, 돼지, 소)"
익산시만,2022-08-06 03:00:00,1,1,"{""영등동"": 1}",3.0,3,"{""기타"": 1}",기타
익산시만,2022-08-06 04:00:00,2,2,"{""마동"": 1, ""어양동"": 1}",3.5,5,"{""하수구 냄새"": 1, ""공장 냄새(화학약품, 매캐함)"": 1}",하수구 냄새
익산시만,2022-08-06 05:00:00,1,1,"{""영등동"": 1}",4.0,4,"{""기타"": 1}",기타
익산시만,2022-08-06 06:00:00,1,1,"{""동산동"": 1}",5.0,5,"{""기타"": 1}",기타
익산시만,2022-08-06 07:00:00,1,1,"{""금마면 동고도리"": 1}",3.0,3,"{""가축 분뇨 냄새(닭, 돼지, 소)"": 1}","가축 분뇨 냄새(닭, 돼지, 소)"
익산시만,2022-08-07 04:00:00,6,5,"{""모현동1가"": 3, ""인화동1가"": 1, ""부송동"": 1, ""영등동"": 1}",4.666666666666667,5,"{""가축 분뇨 냄새(닭, 돼지, 소)"": 3, ""하수구 냄새"": 2, ""기타"": 1}","가축 분뇨 냄새(닭, 돼지, 소)"
익산시만,2022-08-07 05:00:00,1,1,"{""부송동"": 1}",5.0,5,"{""하수구 냄새"": 1}",하수구 냄새
익산시만,2022-08-07 06:00:00,2,2,"{""영등동"": 2}",4.0,4,"{""가축 분뇨 냄새(닭, 돼지, 소)"": 1, ""하수구 냄새"": 1}","가축 분뇨 냄새(닭, 돼지, 소)"
익산시만,2022-08-07 07:00:00,2,2,"{""영등동"": 2}",4.0,5,"{""기타"": 1, ""가축 분뇨 냄새(닭, 돼지, 소)"": 1}",기타
익산시만,2022-08-07 21:00:00,1,1,"{""영등동"": 1}",4.0,4,"{""음식조리 냄새"": 1}",음식조리 냄새
익산시만,2022-08-08 00:00:00,3,3,"{""부송동"": 2, ""어양동"": 1}",4.333333333333333,5,"{""가축 분뇨 냄새(닭, 돼지, 소)"": 2, ""기타"": 1}","가축 분뇨 냄새(닭, 돼지, 소)"
익산시만,2022-08-08 01:00:00,4,4,"{""동산동"": 3, ""주현동"": 1}",3.75,4,"{""기타"": 2, ""음식조리 냄새"": 1, ""가축 분뇨 냄새(닭, 돼지, 소)"": 1}",기타
익산시만,2022-08-08 13:00:00,1,1,"{""팔봉동"": 1}",2.0,2,"{""공장 냄새(화학약품, 매캐함)"": 1}","공장 냄새(화학약품, 매캐함)"
익산시만,2022-08-09 15:00:00,1,1,"{""성당면 대선리"": 1}",4.0,4,"{""기타"": 1}",기타
익산시만,2022-08-09 23:00:00,1,1,"{""부송동"": 1}",3.0,3,"{""가축 분뇨 냄새(닭, 돼지, 소)"": 1}","가축 분뇨 냄새(닭, 돼지, 소)"
익산시만,2022-08-11 01:00:00,3,3,"{""부송동"": 2, ""영등동"": 1}",4.666666666666667,5,"{""가축 분뇨 냄새(닭, 돼지, 소)"": 2, ""기타"": 1}","가축 분뇨 냄새(닭, 돼지, 소)"
익산시만,2022-08-11 02:00:00,3,3,"{""부송동"": 3}",4.333333333333333,5,"{""가축 분뇨 냄새(닭, 돼지, 소)"": 3}","가축 분뇨 냄새(닭, 돼지, 소)"
익산시만,2022-08-11 03:00:00,1,1,"{""어양동"": 1}",4.0,4,"{""기타"": 1}",기타
익산시만,2022-08-11 14:00:00,1,1,"{""왕궁면 쌍제리"": 1}",5.0,5,"{""기타"": 1}",기타
익산시만,2022-08-11 15:00:00,2,2,"{""동산동"": 2}",3.0,3,"{""기타"": 2}",기타
익산시만,2022-08-11 19:00:00,1,1,"{""동산동"": 1}",3.0,3,"{""기타"": 1}",기타
익산시만,2022-08-11 20:00:00,2,2,"{""동산동"": 1, ""창인동2가"": 1}",3.5,4,"{""가축 분뇨 냄새(닭, 돼지, 소)"": 2}","가축 분뇨 냄새(닭, 돼지, 소)"
익산시만,2022-08-11 22:00:00,1,1,"{""부송동"": 1}",5.0,5,"{""가축 분뇨 냄새(닭, 돼지, 소)"": 1}","가축 분뇨 냄새(닭, 돼지, 소)"
익산시만,2022-08-12 21:00:00,1,1,"{""부송동"": 1}",3.0,3,"{""공장 냄새(화학약품, 매캐함)"": 1}","공장 냄새(화학약품, 매캐함)"
익산시만,2022-08-12 22:00:00,1,1,"{""부송동"": 1}",5.0,5,"{""음식조리 냄새"": 1}",음식조리 냄새
익산시만,2022-08-12 23:00:00,1,1,"{""팔봉동"": 1}",4.0,4,"{""하수구 냄새"": 1}",하수구 냄새
익산시만,2022-08-13 00:00:00,1,1,"{""함열읍 와리"": 1}",5.0,5,"{""기타"": 1}",기타
익산시만,2022-08-13 03:00:00,2,2,"{""신동"": 1, ""모현동1가"": 1}",3.0,3,"{""기타"": 2}",기타
익산시만,2022-08-13 04:00:00,1,1,"{""팔봉동"": 1}",3.0,3,"{""공장 냄새(화학약품, 매캐함)"": 1}","공장 냄새(화학약품, 매캐함)"
익산시만,2022-08-13 08:00:00,4,4,"{""동산동"": 1, ""마동"": 1, ""부송동"": 1, ""어양동"": 1}",3.75,5,"{""기타"": 2, ""가축 분뇨 냄새(닭, 돼지, 소)"": 1, ""공장 냄새(화학약품, 매캐함)"": 1}",기타
익산시만,2022-08-13 09:00:00,1,1,"{""부송동"": 1}",3.0,3,"{""가축 분뇨 냄새(닭, 돼지, 소)"": 1}","가축 분뇨 냄새(닭, 돼지, 소)"
익산시만,2022-08-13 23:00:00,1,1,"{""어양동"": 1}",5.0,5,"{""기타"": 1}",기타
익산시만,2022-08-14 01:00:00,2,2,"{""인화동1가"": 1, ""모현동1가"": 1}",4.5,5,"{""기타"": 1, ""가축 분뇨 냄새(닭, 돼지, 소)"": 1}",기타
익산시만,2022-08-14 02:00:00,1,1,"{""평화동"": 1}",5.0,5,"{""음식조리 냄새"": 1}",음식조리 냄새
익산시만,2022-08-14 03:00:00,1,1,"{""모현동1가"": 1}",4.0,4,"{""가축 분뇨 냄새(닭, 돼지, 소)"": 1}","가축 분뇨 냄새(닭, 돼지, 소)"
익산시만,2022-08-14 04:00:00,1,1,"{""영등동"": 1}",4.0,4,"{""기타"": 1}",기타
익산시만,2022-08-14 22:00:00,9,9,"{""부송동"": 3, ""어양동"": 3, ""영등동"": 2, ""동산동"": 1}",4.0,5,"{""가축 분뇨 냄새(닭, 돼지, 소)"": 6, ""기타"": 2, ""하수구 냄새"": 1}","가축 분뇨 냄새(닭, 돼지, 소)"
익산시만,2022-08-14 23:00:00,20,20,"{""영등동"": 8, ""부송동"": 4, ""동산동"": 4, ""함열읍 와리"": 1, ""주현동"": 1, ""신동"": 1, ""어양동"": 1}",3.8,5,"{""가축 분뇨 냄새(닭, 돼지, 소)"": 9, ""기타"": 9, ""하수구 냄새"": 2}","가축 분뇨 냄새(닭, 돼지, 소)"
익산시만,2022-08-15 00:00:00,7,7,"{""영등동"": 5, ""신동"": 1, ""동산동"": 1}",3.5714285714285716,5,"{""기타"": 3, ""가축 분뇨 냄새(닭, 돼지, 소)"": 3, ""하수구 냄새"": 1}",기타
익산시만,2022-08-15 01:00:00,1,1,"{""신동"": 1}",4.0,4,"{""하수구 냄새"": 1}",하수구 냄새
익산시만,2022-08-15 02:00:00,3,3,"{""영등동"": 2, ""어양동"": 1}",4.333333333333333,5,"{""가축 분뇨 냄새(닭, 돼지, 소)"": 2, ""기타"": 1}","가축 분뇨 냄새(닭, 돼지, 소)"
익산시만,2022-08-15 03:00:00,1,1,"{""영등동"": 1}",4.0,4,"{""기타"": 1}",기타
익산시만,2022-08-15 05:00:00,1,1,"{""영등동"": 1}",3.0,3,"{""기타"": 1}",기타
익산시만,2022-08-15 06:00:00,2,2,"{""어양동"": 1, ""영등동"": 1}",3.5,4,"{""가축 분뇨 냄새(닭, 돼지, 소)"": 1, ""기타"": 1}","가축 분뇨 냄새(닭, 돼지, 소)"
익산시만,2022-08-15 22:00:00,1,1,"{""어양동"": 1}",5.0,5,"{""기타"": 1}",기타
익산시만,2022-08-16 17:00:00,1,1,"{""팔봉동"": 1}",5.0,5,"{""공장 냄새(화학약품, 매캐함)"": 1}","공장 냄새(화학약품, 매캐함)"
익산시만,2022-08-16 20:00:00,1,1,"{""부송동"": 1}",5.0,5,"{""공장 냄새(화학약품, 매캐함)"": 1}","공장 냄새(화학약품, 매캐함)"
익산시만,2022-08-16 22:00:00,1,1,"{""춘포면 쌍정리"": 1}",5.0,5,"{""가축 분뇨 냄새(닭, 돼지, 소)"": 1}","가축 분뇨 냄새(닭, 돼지, 소)"
익산시만,2022-08-17 04:00:00,1,1,"{""춘포면 천서리"": 1}",2.0,2,"{""기타"": 1}",기타
익산시만,2022-08-18 00:00:00,1,1,"{""마동"": 1}",5.0,5,"{""하수구 냄새"": 1}",하수구 냄새
익산시만,2022-08-18 07:00:00,1,1,"{""춘포면 천서리"": 1}",3.0,3,"{""기타"": 1}",기타
익산시만,2022-08-18 20:00:00,1,1,"{""동산동"": 1}",3.0,3,"{""공장 냄새(화학약품, 매캐함)"": 1}","공장 냄새(화학약품, 매캐함)"
익산시만,2022-08-18 23:00:00,16,16,"{""부송동"": 11, ""신흥동"": 1, ""동산동"": 1, ""모현동2가"": 1, ""어양동"": 1, ""신동"": 1}",4.0,5,"{""가축 분뇨 냄새(닭, 돼지, 소)"": 10, ""기타"": 4, ""하수구 냄새"": 2}","가축 분뇨 냄새(닭, 돼지, 소)"
익산시만,2022-08-19 00:00:00,6,6,"{""영등동"": 2, ""함열읍 와리"": 1, ""부송동"": 1, ""마동"": 1, ""어양동"": 1}",4.0,5,"{""가축 분뇨 냄새(닭, 돼지, 소)"": 3, ""기타"": 2, ""공장 냄새(화학약품, 매캐함)"": 1}","가축 분뇨 냄새(닭, 돼지, 소)"
익산시만,2022-08-19 01:00:00,6,6,"{""영등동"": 3, ""모현동1가"": 2, ""동산동"": 1}",3.8333333333333335,5,"{""기타"": 4, ""가축 분뇨 냄새(닭, 돼지, 소)"": 1, ""하수구 냄새"": 1}",기타
익산시만,2022-08-19 15:00:00,1,1,"{""금마면 동고도리"": 1}",4.0,4,"{""공장 냄새(화학약품, 매캐함)"": 1}","공장 냄새(화학약품, 매캐함)"
익산시만,2022-08-19 21:00:00,2,2,"{""팔봉동"": 2}",3.0,3,"{""공장 냄새(화학약품, 매캐함)"": 2}","공장 냄새(화학약품, 매캐함)"
익산시만,2022-08-20 00:00:00,1,1,"{""부송동"": 1}",5.0,5,"{""기타"": 1}",기타
익산시만,2022-08-20 01:00:00,3,3,"{""영등동"": 1, ""어양동"": 1, ""부송동"": 1}",4.0,4,"{""하수구 냄새"": 1, ""가축 분뇨 냄새(닭, 돼지, 소)"": 1, ""기타"": 1}",하수구 냄새
익산시만,2022-08-20 02:00:00,3,3,"{""부송동"": 1, ""모현동1가"": 1, ""동산동"": 1}",3.6666666666666665,5,"{""가축 분뇨 냄새(닭, 돼지, 소)"": 1, ""기타"": 1, ""공장 냄새(화학약품, 매캐함)"": 1}","가축 분뇨 냄새(닭, 돼지, 소)"
익산시만,2022-08-20 04:00:00,1,1,"{""어양동"": 1}",3.0,3,"{""기타"": 1}",기타
익산시만,2022-08-20 09:00:00,1,1,"{""삼기면 기산리"": 1}",3.0,3,"{""가축 분뇨 냄새(닭, 돼지, 소)"": 1}","가축 분뇨 냄새(닭, 돼지, 소)"
익산시만,2022-08-21 00:00:00,3,3,"{""부송동"": 3}",5.0,5,"{""가축 분뇨 냄새(닭, 돼지, 소)"": 3}","가축 분뇨 냄새(닭, 돼지, 소)"
익산시만,2022-08-21 02:00:00,8,8,"{""영등동"": 4, ""어양동"": 2, ""춘포면 쌍정리"": 1, ""부송동"": 1}",4.25,5,"{""기타"": 4, ""가축 분뇨 냄새(닭, 돼지, 소)"": 2, ""공장 냄새(화학약품, 매캐함)"": 1, ""하수구 냄새"": 1}",기타
익산시만,2022-08-21 03:00:00,1,1,"{""동산동"": 1}",4.0,4,"{""가축 분뇨 냄새(닭, 돼지, 소)"": 1}","가축 분뇨 냄새(닭, 돼지, 소)"
익산시만,2022-08-21 06:00:00,2,2,"{""금마면 신용리"": 1, ""어양동"": 1}",4.0,5,"{""기타"": 1, ""가축 분뇨 냄새(닭, 돼지, 소)"": 1}",기타
익산시만,2022-08-21 07:00:00,1,1,"{""어양동"": 1}",4.0,4,"{""공장 냄새(화학약품, 매캐함)"": 1}","공장 냄새(화학약품, 매캐함)"
익산시만,2022-08-21 17:00:00,1,1,"{""부송동"": 1}",5.0,5,"{""기타"": 1}",기타
익산시만,2022-08-21 23:00:00,1,1,"{""춘포면 쌍정리"": 1}",3.0,3,"{""공장 냄새(화학약품, 매캐함)"": 1}","공장 냄새(화학약품, 매캐함)"
익산시만,2022-08-22 00:00:00,5,5,"{""부송동"": 4, ""팔봉동"": 1}",4.4,5,"{""가축 분뇨 냄새(닭, 돼지, 소)"": 4, ""기타"": 1}","가축 분뇨 냄새(닭, 돼지, 소)"
익산시만,2022-08-22 02:00:00,1,1,"{""평화동"": 1}",4.0,4,"{""하수구 냄새"": 1}",하수구 냄새
익산시만,2022-08-22 04:00:00,1,1,"{""동산동"": 1}",5.0,5,"{""기타"": 1}",기타
익산시만,2022-08-22 05:00:00,1,1,"{""동산동"": 1}",3.0,3,"{""하수구 냄새"": 1}",하수구 냄새
익산시만,2022-08-22 06:00:00,1,1,"{""동산동"": 1}",5.0,5,"{""가축 분뇨 냄새(닭, 돼지, 소)"": 1}","가축 분뇨 냄새(닭, 돼지, 소)"
익산시만,2022-08-22 07:00:00,1,1,"{""부송동"": 1}",4.0,4,"{""가축 분뇨 냄새(닭, 돼지, 소)"": 1}","가축 분뇨 냄새(닭, 돼지, 소)"
익산시만,2022-08-22 08:00:00,1,1,"{""춘포면 천서리"": 1}",2.0,2,"{""기타"": 1}",기타
익산시만,2022-08-22 21:00:00,2,2,"{""신동"": 1, ""어양동"": 1}",3.5,4,"{""공장 냄새(화학약품, 매캐함)"": 1, ""가축 분뇨 냄새(닭, 돼지, 소)"": 1}","공장 냄새(화학약품, 매캐함)"
익산시만,2022-08-22 22:00:00,2,2,"{""오산면 장신리"": 1, ""마동"": 1}",4.5,5,"{""기타"": 1, ""가축 분뇨 냄새(닭, 돼지, 소)"": 1}",기타
익산시만,2022-08-22 23:00:00,10,10,"{""모현동1가"": 7, ""동산동"": 2, ""평화동"": 1}",4.2,5,"{""기타"": 5, ""가축 분뇨 냄새(닭, 돼지, 소)"": 4, ""하수구 냄새"": 1}",기타
익산시만,2022-08-23 00:00:00,4,4,"{""동산동"": 1, ""모현동1가"": 1, ""신동"": 1, ""평화동"": 1}",4.25,5,"{""가축 분뇨 냄새(닭, 돼지, 소)"": 2, ""하수구 냄새"": 2}","가축 분뇨 냄새(닭, 돼지, 소)"
익산시만,2022-08-23 01:00:00,2,2,"{""모현동1가"": 1, ""송학동"": 1}",4.5,5,"{""기타"": 1, ""공장 냄새(화학약품, 매캐함)"": 1}",기타
익산시만,2022-08-23 03:00:00,4,4,"{""영등동"": 2, ""부송동"": 1, ""동산동"": 1}",4.5,5,"{""가축 분뇨 냄새(닭, 돼지, 소)"": 3, ""기타"": 1}","가축 분뇨 냄새(닭, 돼지, 소)"
익산시만,2022-08-23 04:00:00,3,3,"{""동산동"": 2, ""마동"": 1}",4.333333333333333,5,"{""하수구 냄새"": 2, ""기타"": 1}",하수구 냄새
익산시만,2022-08-23 05:00:00,2,1,"{""동산동"": 2}",3.5,4,"{""기타"": 2}",기타
익산시만,2022-08-23 06:00:00,2,2,"{""동산동"": 2}",4.5,5,"{""가축 분뇨 냄새(닭, 돼지, 소)"": 2}","가축 분뇨 냄새(닭, 돼지, 소)"
익산시만,2022-08-23 07:00:00,3,3,"{""동산동"": 2, ""모현동1가"": 1}",3.6666666666666665,4,"{""기타"": 2, ""가축 분뇨 냄새(닭, 돼지, 소)"": 1}",기타
익산시만,2022-08-23 08:00:00,1,1,"{""인화동1가"": 1}",5.0,5,"{""가축 분뇨 냄새(닭, 돼지, 소)"": 1}","가축 분뇨 냄새(닭, 돼지, 소)"
익산시만,2022-08-23 10:00:00,1,1,"{""부송동"": 1}",5.0,5,"{""공장 냄새(화학약품, 매캐함)"": 1}","공장 냄새(화학약품, 매캐함)"
익산시만,2022-08-23 15:00:00,1,1,"{""팔봉동"": 1}",3.0,3,"{""공장 냄새(화학약품, 매캐함)"": 1}","공장 냄새(화학약품, 매캐함)"
익산시만,2022-08-23 20:00:00,1,1,"{""어양동"": 1}",3.0,3,"{""가축 분뇨 냄새(닭, 돼지, 소)"": 1}","가축 분뇨 냄새(닭, 돼지, 소)"
익산시만,2022-08-24 07:00:00,1,1,"{""왕궁면 동촌리"": 1}",4.0,4,"{""가축 분뇨 냄새(닭, 돼지, 소)"": 1}","가축 분뇨 냄새(닭, 돼지, 소)"
익산시만,2022-08-24 08:00:00,2,2,"{""팔봉동"": 1, ""어양동"": 1}",3.0,4,"{""가축 분뇨 냄새(닭, 돼지, 소)"": 1, ""공장 냄새(화학약품, 매캐함)"": 1}","가축 분뇨 냄새(닭, 돼지, 소)"
익산시만,2022-08-24 10:00:00,1,1,"{""낭산면 용기리"": 1}",4.0,4,"{""기타"": 1}",기타
익산시만,2022-08-24 11:00:00,1,1,"{""낭산면 용기리"": 1}",5.0,5,"{""기타"": 1}",기타
익산시만,2022-08-25 02:00:00,1,1,"{""모현동1가"": 1}",4.0,4,"{""가축 분뇨 냄새(닭, 돼지, 소)"": 1}","가축 분뇨 냄새(닭, 돼지, 소)"
익산시만,2022-08-25 03:00:00,2,2,"{""부송동"": 1, ""팔봉동"": 1}",3.5,4,"{""가축 분뇨 냄새(닭, 돼지, 소)"": 1, ""기타"": 1}","가축 분뇨 냄새(닭, 돼지, 소)"
익산시만,2022-08-25 04:00:00,2,2,"{""부송동"": 2}",4.0,4,"{""하수구 냄새"": 2}",하수구 냄새
익산시만,2022-08-25 05:00:00,1,1,"{""인화동2가"": 1}",3.0,3,"{""기타"": 1}",기타
익산시만,2022-08-26 01:00:00,1,1,"{""어양동"": 1}",3.0,3,"{""공장 냄새(화학약품, 매캐함)"": 1}","공장 냄새(화학약품, 매캐함)"
익산시만,2022-08-26 08:00:00,1,1,"{""신동"": 1}",3.0,3,"{""공장 냄새(화학약품, 매캐함)"": 1}","공장 냄새(화학약품, 매캐함)"
익산시만,2022-08-26 20:00:00,5,4,"{""부송동"": 3, ""어양동"": 2}",3.6,5,"{""공장 냄새(화학약품, 매캐함)"": 5}","공장 냄새(화학약품, 매캐함)"
익산시만,2022-08-26 22:00:00,2,2,"{""어양동"": 1, ""평화동"": 1}",3.5,4,"{""기타"": 1, ""하수구 냄새"": 1}",기타
익산시만,2022-08-26 23:00:00,2,2,"{""신흥동"": 2}",5.0,5,"{""가축 분뇨 냄새(닭, 돼지, 소)"": 2}","가축 분뇨 냄새(닭, 돼지, 소)"
익산시만,2022-08-27 00:00:00,1,1,"{""팔봉동"": 1}",3.0,3,"{""가축 분뇨 냄새(닭, 돼지, 소)"": 1}","가축 분뇨 냄새(닭, 돼지, 소)"
익산시만,2022-08-27 01:00:00,8,8,"{""부송동"": 6, ""어양동"": 2}",4.0,5,"{""가축 분뇨 냄새(닭, 돼지, 소)"": 5, ""하수구 냄새"": 2, ""기타"": 1}","가축 분뇨 냄새(닭, 돼지, 소)"
익산시만,2022-08-27 04:00:00,1,1,"{""어양동"": 1}",4.0,4,"{""가축 분뇨 냄새(닭, 돼지, 소)"": 1}","가축 분뇨 냄새(닭, 돼지, 소)"
익산시만,2022-08-27 05:00:00,1,1,"{""춘포면 천서리"": 1}",2.0,2,"{""공장 냄새(화학약품, 매캐함)"": 1}","공장 냄새(화학약품, 매캐함)"
익산시만,2022-08-27 06:00:00,1,1,"{""금마면 신용리"": 1}",3.0,3,"{""기타"": 1}",기타
익산시만,2022-08-27 07:00:00,1,1,"{""송학동"": 1}",3.0,3,"{""공장 냄새(화학약품, 매캐함)"": 1}","공장 냄새(화학약품, 매캐함)"
익산시만,2022-08-27 14:00:00,1,1,"{""용동면 용성리"": 1}",4.0,4,"{""기타"": 1}",기타
익산시만,2022-08-28 01:00:00,5,5,"{""부송동"": 3, ""동산동"": 1, ""어양동"": 1}",3.8,5,"{""기타"": 2, ""가축 분뇨 냄새(닭, 돼지, 소)"": 2, ""공장 냄새(화학약품, 매캐함)"": 1}",기타
익산시만,2022-08-28 02:00:00,3,3,"{""모현동1가"": 2, ""창인동1가"": 1}",4.666666666666667,5,"{""가축 분뇨 냄새(닭, 돼지, 소)"": 3}","가축 분뇨 냄새(닭, 돼지, 소)"
익산시만,2022-08-28 07:00:00,1,1,"{""춘포면 천서리"": 1}",2.0,2,"{""기타"": 1}",기타
익산시만,2022-08-28 21:00:00,2,2,"{""부송동"": 2}",4.0,4,"{""공장 냄새(화학약품, 매캐함)"": 2}","공장 냄새(화학약품, 매캐함)"
익산시만,2022-08-28 22:00:00,3,3,"{""어양동"": 1, ""동산동"": 1, ""평화동"": 1}",3.3333333333333335,4,"{""가축 분뇨 냄새(닭, 돼지, 소)"": 2, ""공장 냄새(화학약품, 매캐함)"": 1}","가축 분뇨 냄새(닭, 돼지, 소)"
익산시만,2022-08-28 23:00:00,1,1,"{""부송동"": 1}",5.0,5,"{""공장 냄새(화학약품, 매캐함)"": 1}","공장 냄새(화학약품, 매캐함)"
익산시만,2022-08-29 01:00:00,1,1,"{""어양동"": 1}",4.0,4,"{""가축 분뇨 냄새(닭, 돼지, 소)"": 1}","가축 분뇨 냄새(닭, 돼지, 소)"
익산시만,2022-08-29 05:00:00,2,2,"{""동산동"": 1, ""춘포면 천서리"": 1}",2.5,3,"{""공장 냄새(화학약품, 매캐함)"": 2}","공장 냄새(화학약품, 매캐함)"
익산시만,2022-08-29 09:00:00,1,1,"{""영등동"": 1}",2.0,2,"{""가축 분뇨 냄새(닭, 돼지, 소)"": 1}","가축 분뇨 냄새(닭, 돼지, 소)"
익산시만,2022-08-29 12:00:00,2,2,"{""낭산면 용기리"": 1, ""신흥동"": 1}",4.0,4,"{""기타"": 2}",기타
익산시만,2022-08-29 13:00:00,1,1,"{""모현동1가"": 1}",4.0,4,"{""공장 냄새(화학약품, 매캐함)"": 1}","공장 냄새(화학약품, 매캐함)"
익산시만,2022-08-30 06:00:00,1,1,"{""동산동"": 1}",4.0,4,"{""가축 분뇨 냄새(닭, 돼지, 소)"": 1}","가축 분뇨 냄새(닭, 돼지, 소)"
익산시만,2022-08-30 07:00:00,1,1,"{""춘포면 천서리"": 1}",2.0,2,"{""기타"": 1}",기타
익산시만,2022-08-30 10:00:00,1,1,"{""춘포면 천서리"": 1}",2.0,2,"{""기타"": 1}",기타
익산시만,2022-08-31 16:00:00,1,1,"{""영등동"": 1}",3.0,3,"{""가축 분뇨 냄새(닭, 돼지, 소)"": 1}","가축 분뇨 냄새(닭, 돼지, 소)"
익산시만,2022-08-31 20:00:00,1,1,"{""신동"": 1}",3.0,3,"{""공장 냄새(화학약품, 매캐함)"": 1}","공장 냄새(화학약품, 매캐함)"
익산시만,2022-09-01 05:00:00,1,1,"{""춘포면 천서리"": 1}",2.0,2,"{""기타"": 1}",기타
익산시만,2022-09-01 16:00:00,1,1,"{""팔봉동"": 1}",4.0,4,"{""공장 냄새(화학약품, 매캐함)"": 1}","공장 냄새(화학약품, 매캐함)"
익산시만,2022-09-01 22:00:00,2,2,"{""영등동"": 1, ""부송동"": 1}",4.5,5,"{""공장 냄새(화학약품, 매캐함)"": 2}","공장 냄새(화학약품, 매캐함)"
익산시만,2022-09-01 23:00:00,1,1,"{""동산동"": 1}",4.0,4,"{""가축 분뇨 냄새(닭, 돼지, 소)"": 1}","가축 분뇨 냄새(닭, 돼지, 소)"
익산시만,2022-09-02 02:00:00,1,1,"{""영등동"": 1}",4.0,4,"{""공장 냄새(화학약품, 매캐함)"": 1}","공장 냄새(화학약품, 매캐함)"
익산시만,2022-09-02 03:00:00,1,1,"{""영등동"": 1}",5.0,5,"{""공장 냄새(화학약품, 매캐함)"": 1}","공장 냄새(화학약품, 매캐함)"
익산시만,2022-09-02 07:00:00,1,1,"{""춘포면 천서리"": 1}",3.0,3,"{""기타"": 1}",기타
익산시만,2022-09-02 08:00:00,2,1,"{""낭산면 용기리"": 2}",4.5,5,"{""기타"": 2}",기타
익산시만,2022-09-02 17:00:00,2,2,"{""낭산면 용기리"": 2}",4.0,5,"{""기타"": 2}",기타
익산시만,2022-09-02 21:00:00,11,11,"{""낭산면 용기리"": 10, ""부송동"": 1}",4.909090909090909,5,"{""기타"": 11}",기타
익산시만,2022-09-02 22:00:00,1,1,"{""영등동"": 1}",3.0,3,"{""음식조리 냄새"": 1}",음식조리 냄새
익산시만,2022-09-03 00:00:00,3,3,"{""영등동"": 2, ""남중동"": 1}",3.6666666666666665,5,"{""공장 냄새(화학약품, 매캐함)"": 3}","공장 냄새(화학약품, 매캐함)"
익산시만,2022-09-03 01:00:00,1,1,"{""영등동"": 1}",4.0,4,"{""공장 냄새(화학약품, 매캐함)"": 1}","공장 냄새(화학약품, 매캐함)"
익산시만,2022-09-03 02:00:00,2,2,"{""영등동"": 1, ""어양동"": 1}",3.5,5,"{""공장 냄새(화학약품, 매캐함)"": 2}","공장 냄새(화학약품, 매캐함)"
익산시만,2022-09-03 03:00:00,1,1,"{""어양동"": 1}",3.0,3,"{""공장 냄새(화학약품, 매캐함)"": 1}","공장 냄새(화학약품, 매캐함)"
익산시만,2022-09-03 19:00:00,1,1,"{""신흥동"": 1}",3.0,3,"{""가축 분뇨 냄새(닭, 돼지, 소)"": 1}","가축 분뇨 냄새(닭, 돼지, 소)"
익산시만,2022-09-03 20:00:00,2,2,"{""부송동"": 1, ""어양동"": 1}",3.5,4,"{""가축 분뇨 냄새(닭, 돼지, 소)"": 1, ""공장 냄새(화학약품, 매캐함)"": 1}","가축 분뇨 냄새(닭, 돼지, 소)"
익산시만,2022-09-04 00:00:00,1,1,"{""낭산면 용기리"": 1}",4.0,4,"{""기타"": 1}",기타
익산시만,2022-09-04 07:00:00,1,1,"{""낭산면 용기리"": 1}",5.0,5,"{""기타"": 1}",기타
익산시만,2022-09-04 11:00:00,1,1,"{""부송동"": 1}",5.0,5,"{""공장 냄새(화학약품, 매캐함)"": 1}","공장 냄새(화학약품, 매캐함)"
익산시만,2022-09-04 15:00:00,1,1,"{""영등동"": 1}",4.0,4,"{""기타"": 1}",기타
익산시만,2022-09-04 16:00:00,2,2,"{""어양동"": 1, ""영등동"": 1}",4.0,4,"{""하수구 냄새"": 1, ""가축 분뇨 냄새(닭, 돼지, 소)"": 1}",하수구 냄새
익산시만,2022-09-04 17:00:00,6,5,"{""신동"": 2, ""동산동"": 1, ""영등동"": 1, ""마동"": 1, ""어양동"": 1}",3.6666666666666665,5,"{""가축 분뇨 냄새(닭, 돼지, 소)"": 4, ""기타"": 2}","가축 분뇨 냄새(닭, 돼지, 소)"
익산시만,2022-09-04 18:00:00,1,1,"{""팔봉동"": 1}",5.0,5,"{""공장 냄새(화학약품, 매캐함)"": 1}","공장 냄새(화학약품, 매캐함)"
익산시만,2022-09-04 19:00:00,1,1,"{""성당면 대선리"": 1}",4.0,4,"{""기타"": 1}",기타
익산시만,2022-09-04 20:00:00,1,1,"{""오산면 신지리"": 1}",5.0,5,"{""기타"": 1}",기타
익산시만,2022-09-04 21:00:00,1,1,"{""용동면 용성리"": 1}",3.0,3,"{""기타"": 1}",기타
익산시만,2022-09-05 00:00:00,1,1,"{""어양동"": 1}",3.0,3,"{""가축 분뇨 냄새(닭, 돼지, 소)"": 1}","가축 분뇨 냄새(닭, 돼지, 소)"
익산시만,2022-09-05 02:00:00,3,3,"{""어양동"": 1, ""모현동1가"": 1, ""남중동"": 1}",3.6666666666666665,4,"{""공장 냄새(화학약품, 매캐함)"": 1, ""가축 분뇨 냄새(닭, 돼지, 소)"": 1, ""기타"": 1}","공장 냄새(화학약품, 매캐함)"
익산시만,2022-09-06 21:00:00,11,9,"{""낭산면 용기리"": 8, ""팔봉동"": 2, ""영등동"": 1}",4.636363636363637,5,"{""기타"": 10, ""가축 분뇨 냄새(닭, 돼지, 소)"": 1}",기타
익산시만,2022-09-06 22:00:00,5,5,"{""어양동"": 2, ""동산동"": 2, ""부송동"": 1}",4.2,5,"{""가축 분뇨 냄새(닭, 돼지, 소)"": 3, ""기타"": 1, ""하수구 냄새"": 1}","가축 분뇨 냄새(닭, 돼지, 소)"
익산시만,2022-09-06 23:00:00,13,11,"{""동산동"": 6, ""영등동"": 3, ""어양동"": 1, ""함열읍 와리"": 1, ""부송동"": 1, ""창인동1가"": 1}",4.384615384615385,5,"{""가축 분뇨 냄새(닭, 돼지, 소)"": 7, ""하수구 냄새"": 3, ""기타"": 3}","가축 분뇨 냄새(닭, 돼지, 소)"
익산시만,2022-09-07 00:00:00,2,2,"{""모현동1가"": 1, ""석암동"": 1}",4.0,5,"{""기타"": 1, ""공장 냄새(화학약품, 매캐함)"": 1}",기타
익산시만,2022-09-07 02:00:00,1,1,"{""부송동"": 1}",4.0,4,"{""가축 분뇨 냄새(닭, 돼지, 소)"": 1}","가축 분뇨 냄새(닭, 돼지, 소)"
익산시만,2022-09-07 05:00:00,1,1,"{""춘포면 천서리"": 1}",2.0,2,"{""공장 냄새(화학약품, 매캐함)"": 1}","공장 냄새(화학약품, 매캐함)"
익산시만,2022-09-07 06:00:00,2,2,"{""부송동"": 2}",3.5,5,"{""공장 냄새(화학약품, 매캐함)"": 1, ""가축 분뇨 냄새(닭, 돼지, 소)"": 1}","공장 냄새(화학약품, 매캐함)"
익산시만,2022-09-07 08:00:00,1,1,"{""신동"": 1}",5.0,5,"{""가축 분뇨 냄새(닭, 돼지, 소)"": 1}","가축 분뇨 냄새(닭, 돼지, 소)"
익산시만,2022-09-07 17:00:00,1,1,"{""삼기면 오룡리"": 1}",5.0,5,"{""하수구 냄새"": 1}",하수구 냄새
익산시만,2022-09-07 20:00:00,3,3,"{""낭산면 용기리"": 2, ""남중동"": 1}",4.0,5,"{""공장 냄새(화학약품, 매캐함)"": 1, ""하수구 냄새"": 1, ""기타"": 1}","공장 냄새(화학약품, 매캐함)"
익산시만,2022-09-07 22:00:00,1,1,"{""창인동1가"": 1}",5.0,5,"{""가축 분뇨 냄새(닭, 돼지, 소)"": 1}","가축 분뇨 냄새(닭, 돼지, 소)"
익산시만,2022-09-08 00:00:00,2,2,"{""어양동"": 1, ""마동"": 1}",4.5,5,"{""하수구 냄새"": 2}",하수구 냄새
익산시만,2022-09-08 01:00:00,1,1,"{""부송동"": 1}",4.0,4,"{""공장 냄새(화학약품, 매캐함)"": 1}","공장 냄새(화학약품, 매캐함)"
익산시만,2022-09-08 05:00:00,1,1,"{""동산동"": 1}",2.0,2,"{""공장 냄새(화학약품, 매캐함)"": 1}","공장 냄새(화학약품, 매캐함)"
익산시만,2022-09-08 06:00:00,3,3,"{""영등동"": 1, ""부송동"": 1, ""팔봉동"": 1}",3.6666666666666665,4,"{""공장 냄새(화학약품, 매캐함)"": 2, ""하수구 냄새"": 1}","공장 냄새(화학약품, 매캐함)"
익산시만,2022-09-08 08:00:00,1,1,"{""동산동"": 1}",5.0,5,"{""공장 냄새(화학약품, 매캐함)"": 1}","공장 냄새(화학약품, 매캐함)"
익산시만,2022-09-08 10:00:00,1,1,"{""용동면 화실리"": 1}",3.0,3,"{""기타"": 1}",기타
익산시만,2022-09-08 21:00:00,2,2,"{""춘포면 춘포리"": 1, ""부송동"": 1}",4.0,4,"{""기타"": 1, ""하수구 냄새"": 1}",기타
익산시만,2022-09-08 22:00:00,2,2,"{""팔봉동"": 1, ""동산동"": 1}",2.5,3,"{""기타"": 1, ""공장 냄새(화학약품, 매캐함)"": 1}",기타
익산시만,2022-09-08 23:00:00,2,2,"{""팔봉동"": 1, ""부송동"": 1}",4.0,4,"{""하수구 냄새"": 1, ""가축 분뇨 냄새(닭, 돼지, 소)"": 1}",하수구 냄새
익산시만,2022-09-09 00:00:00,2,2,"{""동산동"": 1, ""석왕동"": 1}",3.0,4,"{""기타"": 1, ""음식조리 냄새"": 1}",기타
익산시만,2022-09-09 07:00:00,1,1,"{""춘포면 천서리"": 1}",2.0,2,"{""기타"": 1}",기타
익산시만,2022-09-09 13:00:00,2,2,"{""낭산면 용기리"": 2}",4.0,4,"{""가축 분뇨 냄새(닭, 돼지, 소)"": 2}","가축 분뇨 냄새(닭, 돼지, 소)"
익산시만,2022-09-09 17:00:00,1,1,"{""어양동"": 1}",4.0,4,"{""하수구 냄새"": 1}",하수구 냄새
익산시만,2022-09-09 20:00:00,1,1,"{""용동면 용성리"": 1}",5.0,5,"{""기타"": 1}",기타
익산시만,2022-09-10 01:00:00,3,1,"{""낭산면 용기리"": 3}",4.666666666666667,5,"{""가축 분뇨 냄새(닭, 돼지, 소)"": 2, ""기타"": 1}","가축 분뇨 냄새(닭, 돼지, 소)"
익산시만,2022-09-10 06:00:00,1,1,"{""낭산면 용기리"": 1}",3.0,3,"{""기타"": 1}",기타
익산시만,2022-09-10 09:00:00,1,1,"{""낭산면 용기리"": 1}",5.0,5,"{""가축 분뇨 냄새(닭, 돼지, 소)"": 1}","가축 분뇨 냄새(닭, 돼지, 소)"
익산시만,2022-09-10 10:00:00,5,5,"{""낭산면 용기리"": 5}",5.0,5,"{""기타"": 5}",기타
익산시만,2022-09-10 11:00:00,1,1,"{""남중동"": 1}",5.0,5,"{""하수구 냄새"": 1}",하수구 냄새
익산시만,2022-09-10 17:00:00,1,1,"{""낭산면 용기리"": 1}",5.0,5,"{""하수구 냄새"": 1}",하수구 냄새
익산시만,2022-09-10 21:00:00,1,1,"{""남중동"": 1}",5.0,5,"{""가축 분뇨 냄새(닭, 돼지, 소)"": 1}","가축 분뇨 냄새(닭, 돼지, 소)"
익산시만,2022-09-10 22:00:00,1,1,"{""남중동"": 1}",5.0,5,"{""가축 분뇨 냄새(닭, 돼지, 소)"": 1}","가축 분뇨 냄새(닭, 돼지, 소)"
익산시만,2022-09-11 18:00:00,1,1,"{""어양동"": 1}",3.0,3,"{""공장 냄새(화학약품, 매캐함)"": 1}","공장 냄새(화학약품, 매캐함)"
익산시만,2022-09-11 19:00:00,1,1,"{""영등동"": 1}",4.0,4,"{""기타"": 1}",기타
익산시만,2022-09-12 06:00:00,1,1,"{""용동면 화실리"": 1}",4.0,4,"{""기타"": 1}",기타
익산시만,2022-09-12 07:00:00,1,1,"{""춘포면 천서리"": 1}",2.0,2,"{""기타"": 1}",기타
익산시만,2022-09-12 08:00:00,2,2,"{""용동면 용성리"": 1, ""춘포면 쌍정리"": 1}",3.5,4,"{""기타"": 2}",기타
익산시만,2022-09-12 20:00:00,1,1,"{""모현동2가"": 1}",2.0,2,"{""기타"": 1}",기타
익산시만,2022-09-12 21:00:00,2,2,"{""부송동"": 2}",5.0,5,"{""공장 냄새(화학약품, 매캐함)"": 2}","공장 냄새(화학약품, 매캐함)"
익산시만,2022-09-13 06:00:00,1,1,"{""용동면 화실리"": 1}",4.0,4,"{""기타"": 1}",기타
익산시만,2022-09-13 09:00:00,1,1,"{""용동면 화실리"": 1}",3.0,3,"{""기타"": 1}",기타
익산시만,2022-09-13 20:00:00,1,1,"{""낭산면 용기리"": 1}",4.0,4,"{""기타"": 1}",기타
익산시만,2022-09-14 10:00:00,2,1,"{""송학동"": 2}",2.5,3,"{""가축 분뇨 냄새(닭, 돼지, 소)"": 2}","가축 분뇨 냄새(닭, 돼지, 소)"
익산시만,2022-09-14 16:00:00,1,1,"{""삼기면 오룡리"": 1}",5.0,5,"{""하수구 냄새"": 1}",하수구 냄새
익산시만,2022-09-14 17:00:00,1,1,"{""낭산면 용기리"": 1}",4.0,4,"{""기타"": 1}",기타
익산시만,2022-09-14 18:00:00,7,7,"{""낭산면 용기리"": 7}",5.0,5,"{""기타"": 7}",기타
익산시만,2022-09-14 20:00:00,1,1,"{""낭산면 용기리"": 1}",5.0,5,"{""기타"": 1}",기타
익산시만,2022-09-14 21:00:00,3,3,"{""낭산면 용기리"": 3}",5.0,5,"{""기타"": 3}",기타
익산시만,2022-09-15 07:00:00,1,1,"{""낭산면 용기리"": 1}",5.0,5,"{""기타"": 1}",기타
익산시만,2022-09-15 16:00:00,2,2,"{""신흥동"": 1, ""부송동"": 1}",4.0,4,"{""기타"": 1, ""공장 냄새(화학약품, 매캐함)"": 1}",기타
익산시만,2022-09-15 17:00:00,6,6,"{""어양동"": 2, ""부송동"": 2, ""영등동"": 2}",3.8333333333333335,5,"{""가축 분뇨 냄새(닭, 돼지, 소)"": 4, ""공장 냄새(화학약품, 매캐함)"": 2}","가축 분뇨 냄새(닭, 돼지, 소)"
익산시만,2022-09-15 18:00:00,5,5,"{""어양동"": 2, ""신동"": 1, ""부송동"": 1, ""신흥동"": 1}",4.2,5,"{""기타"": 3, ""가축 분뇨 냄새(닭, 돼지, 소)"": 1, ""공장 냄새(화학약품, 매캐함)"": 1}",기타
익산시만,2022-09-15 19:00:00,2,2,"{""영등동"": 1, ""부송동"": 1}",4.0,4,"{""기타"": 1, ""공장 냄새(화학약품, 매캐함)"": 1}",기타
익산시만,2022-09-15 20:00:00,3,3,"{""어양동"": 1, ""용동면 화실리"": 1, ""부송동"": 1}",3.6666666666666665,4,"{""기타"": 2, ""가축 분뇨 냄새(닭, 돼지, 소)"": 1}",기타
익산시만,2022-09-15 23:00:00,5,5,"{""부송동"": 4, ""팔봉동"": 1}",4.0,5,"{""공장 냄새(화학약품, 매캐함)"": 3, ""기타"": 2}","공장 냄새(화학약품, 매캐함)"
익산시만,2022-09-16 00:00:00,2,2,"{""어양동"": 1, ""부송동"": 1}",4.5,5,"{""공장 냄새(화학약품, 매캐함)"": 1, ""가축 분뇨 냄새(닭, 돼지, 소)"": 1}","공장 냄새(화학약품, 매캐함)"
익산시만,2022-09-16 04:00:00,1,1,"{""부송동"": 1}",3.0,3,"{""공장 냄새(화학약품, 매캐함)"": 1}","공장 냄새(화학약품, 매캐함)"
익산시만,2022-09-16 05:00:00,1,1,"{""부송동"": 1}",5.0,5,"{""공장 냄새(화학약품, 매캐함)"": 1}","공장 냄새(화학약품, 매캐함)"
익산시만,2022-09-16 06:00:00,1,1,"{""용동면 화실리"": 1}",5.0,5,"{""기타"": 1}",기타
익산시만,2022-09-16 11:00:00,1,1,"{""신흥동"": 1}",3.0,3,"{""기타"": 1}",기타
익산시만,2022-09-16 16:00:00,4,4,"{""모현동1가"": 3, ""동산동"": 1}",4.25,5,"{""기타"": 3, ""가축 분뇨 냄새(닭, 돼지, 소)"": 1}",기타
익산시만,2022-09-16 17:00:00,5,5,"{""동산동"": 3, ""영등동"": 1, ""신동"": 1}",3.6,5,"{""하수구 냄새"": 2, ""기타"": 2, ""가축 분뇨 냄새(닭, 돼지, 소)"": 1}",하수구 냄새
익산시만,2022-09-16 18:00:00,4,4,"{""어양동"": 2, ""영등동"": 1, ""부송동"": 1}",4.0,5,"{""가축 분뇨 냄새(닭, 돼지, 소)"": 4}","가축 분뇨 냄새(닭, 돼지, 소)"
익산시만,2022-09-16 19:00:00,1,1,"{""부송동"": 1}",3.0,3,"{""기타"": 1}",기타
익산시만,2022-09-16 20:00:00,4,4,"{""황등면 신기리"": 2, ""부송동"": 1, ""동산동"": 1}",4.5,5,"{""기타"": 3, ""가축 분뇨 냄새(닭, 돼지, 소)"": 1}",기타
익산시만,2022-09-16 21:00:00,1,1,"{""함열읍 와리"": 1}",5.0,5,"{""기타"": 1}",기타
익산시만,2022-09-16 22:00:00,2,2,"{""부송동"": 1, ""황등면 황등리"": 1}",3.0,3,"{""공장 냄새(화학약품, 매캐함)"": 2}","공장 냄새(화학약품, 매캐함)"
익산시만,2022-09-17 01:00:00,1,1,"{""동산동"": 1}",4.0,4,"{""가축 분뇨 냄새(닭, 돼지, 소)"": 1}","가축 분뇨 냄새(닭, 돼지, 소)"
익산시만,2022-09-17 09:00:00,1,1,"{""어양동"": 1}",3.0,3,"{""공장 냄새(화학약품, 매캐함)"": 1}","공장 냄새(화학약품, 매캐함)"
익산시만,2022-09-17 21:00:00,1,1,"{""낭산면 용기리"": 1}",4.0,4,"{""기타"": 1}",기타
익산시만,2022-09-18 07:00:00,1,1,"{""마동"": 1}",5.0,5,"{""공장 냄새(화학약품, 매캐함)"": 1}","공장 냄새(화학약품, 매캐함)"
익산시만,2022-09-18 16:00:00,7,7,"{""낭산면 용기리"": 7}",5.0,5,"{""기타"": 7}",기타
익산시만,2022-09-18 18:00:00,5,4,"{""부송동"": 5}",4.4,5,"{""공장 냄새(화학약품, 매캐함)"": 5}","공장 냄새(화학약품, 매캐함)"
익산시만,2022-09-18 19:00:00,1,1,"{""부송동"": 1}",5.0,5,"{""공장 냄새(화학약품, 매캐함)"": 1}","공장 냄새(화학약품, 매캐함)"
익산시만,2022-09-18 20:00:00,1,1,"{""영등동"": 1}",3.0,3,"{""공장 냄새(화학약품, 매캐함)"": 1}","공장 냄새(화학약품, 매캐함)"
익산시만,2022-09-18 21:00:00,1,1,"{""어양동"": 1}",5.0,5,"{""기타"": 1}",기타
익산시만,2022-09-19 01:00:00,1,1,"{""어양동"": 1}",3.0,3,"{""가축 분뇨 냄새(닭, 돼지, 소)"": 1}","가축 분뇨 냄새(닭, 돼지, 소)"
익산시만,2022-09-19 06:00:00,1,1,"{""삼기면 오룡리"": 1}",3.0,3,"{""가축 분뇨 냄새(닭, 돼지, 소)"": 1}","가축 분뇨 냄새(닭, 돼지, 소)"
익산시만,2022-09-19 08:00:00,1,1,"{""부송동"": 1}",3.0,3,"{""공장 냄새(화학약품, 매캐함)"": 1}","공장 냄새(화학약품, 매캐함)"
익산시만,2022-09-19 14:00:00,1,1,"{""영등동"": 1}",3.0,3,"{""공장 냄새(화학약품, 매캐함)"": 1}","공장 냄새(화학약품, 매캐함)"
익산시만,2022-09-19 21:00:00,1,1,"{""왕궁면 구덕리"": 1}",3.0,3,"{""기타"": 1}",기타
익산시만,2022-09-20 06:00:00,1,1,"{""춘포면 천서리"": 1}",2.0,2,"{""기타"": 1}",기타
익산시만,2022-09-20 13:00:00,1,1,"{""신흥동"": 1}",4.0,4,"{""음식조리 냄새"": 1}",음식조리 냄새
익산시만,2022-09-20 19:00:00,1,1,"{""춘포면 천서리"": 1}",2.0,2,"{""기타"": 1}",기타
익산시만,2022-09-21 00:00:00,1,1,"{""신동"": 1}",4.0,4,"{""가축 분뇨 냄새(닭, 돼지, 소)"": 1}","가축 분뇨 냄새(닭, 돼지, 소)"
익산시만,2022-09-21 06:00:00,2,2,"{""어양동"": 1, ""부송동"": 1}",4.0,5,"{""공장 냄새(화학약품, 매캐함)"": 2}","공장 냄새(화학약품, 매캐함)"
익산시만,2022-09-21 07:00:00,2,2,"{""어양동"": 1, ""동산동"": 1}",3.5,4,"{""가축 분뇨 냄새(닭, 돼지, 소)"": 1, ""기타"": 1}","가축 분뇨 냄새(닭, 돼지, 소)"
익산시만,2022-09-21 15:00:00,1,1,"{""왕궁면 쌍제리"": 1}",4.0,4,"{""기타"": 1}",기타
익산시만,2022-09-21 21:00:00,4,4,"{""어양동"": 4}",4.5,5,"{""기타"": 2, ""가축 분뇨 냄새(닭, 돼지, 소)"": 1, ""공장 냄새(화학약품, 매캐함)"": 1}",기타
익산시만,2022-09-21 22:00:00,2,2,"{""어양동"": 1, ""팔봉동"": 1}",4.0,4,"{""기타"": 1, ""가축 분뇨 냄새(닭, 돼지, 소)"": 1}",기타
익산시만,2022-09-21 23:00:00,3,3,"{""영등동"": 1, ""동산동"": 1, ""어양동"": 1}",4.666666666666667,5,"{""기타"": 2, ""가축 분뇨 냄새(닭, 돼지, 소)"": 1}",기타
익산시만,2022-09-22 08:00:00,1,1,"{""춘포면 천서리"": 1}",2.0,2,"{""가축 분뇨 냄새(닭, 돼지, 소)"": 1}","가축 분뇨 냄새(닭, 돼지, 소)"
익산시만,2022-09-22 09:00:00,2,1,"{""춘포면 천서리"": 2}",2.5,3,"{""공장 냄새(화학약품, 매캐함)"": 2}","공장 냄새(화학약품, 매캐함)"
익산시만,2022-09-22 15:00:00,1,1,"{""왕궁면 쌍제리"": 1}",3.0,3,"{""가축 분뇨 냄새(닭, 돼지, 소)"": 1}","가축 분뇨 냄새(닭, 돼지, 소)"
익산시만,2022-09-22 17:00:00,1,1,"{""춘포면 천서리"": 1}",2.0,2,"{""기타"": 1}",기타
익산시만,2022-09-22 19:00:00,3,3,"{""영등동"": 3}",3.0,3,"{""공장 냄새(화학약품, 매캐함)"": 3}","공장 냄새(화학약품, 매캐함)"
익산시만,2022-09-22 20:00:00,1,1,"{""신흥동"": 1}",5.0,5,"{""기타"": 1}",기타
익산시만,2022-09-22 21:00:00,5,5,"{""부송동"": 4, ""동산동"": 1}",4.0,5,"{""공장 냄새(화학약품, 매캐함)"": 3, ""가축 분뇨 냄새(닭, 돼지, 소)"": 1, ""기타"": 1}","공장 냄새(화학약품, 매캐함)"
익산시만,2022-09-22 22:00:00,5,5,"{""부송동"": 3, ""영등동"": 1, ""동산동"": 1}",4.2,5,"{""가축 분뇨 냄새(닭, 돼지, 소)"": 2, ""기타"": 2, ""공장 냄새(화학약품, 매캐함)"": 1}","가축 분뇨 냄새(닭, 돼지, 소)"
익산시만,2022-09-23 01:00:00,1,1,"{""영등동"": 1}",4.0,4,"{""가축 분뇨 냄새(닭, 돼지, 소)"": 1}","가축 분뇨 냄새(닭, 돼지, 소)"
익산시만,2022-09-23 04:00:00,1,1,"{""동산동"": 1}",4.0,4,"{""기타"": 1}",기타
익산시만,2022-09-23 06:00:00,1,1,"{""어양동"": 1}",5.0,5,"{""기타"": 1}",기타
익산시만,2022-09-23 07:00:00,2,2,"{""금마면 신용리"": 1, ""성당면 대선리"": 1}",3.0,3,"{""기타"": 2}",기타
익산시만,2022-09-23 08:00:00,2,1,"{""춘포면 천서리"": 2}",2.0,2,"{""공장 냄새(화학약품, 매캐함)"": 1, ""기타"": 1}","공장 냄새(화학약품, 매캐함)"
익산시만,2022-09-23 15:00:00,1,1,"{""왕궁면 쌍제리"": 1}",3.0,3,"{""기타"": 1}",기타
익산시만,2022-09-23 18:00:00,2,2,"{""부송동"": 2}",3.0,3,"{""공장 냄새(화학약품, 매캐함)"": 2}","공장 냄새(화학약품, 매캐함)"
익산시만,2022-09-23 20:00:00,1,1,"{""신흥동"": 1}",3.0,3,"{""기타"": 1}",기타
익산시만,2022-09-23 23:00:00,1,1,"{""어양동"": 1}",4.0,4,"{""공장 냄새(화학약품, 매캐함)"": 1}","공장 냄새(화학약품, 매캐함)"
익산시만,2022-09-24 03:00:00,1,1,"{""모현동1가"": 1}",5.0,5,"{""기타"": 1}",기타
익산시만,2022-09-24 05:00:00,1,1,"{""춘포면 천서리"": 1}",2.0,2,"{""기타"": 1}",기타
익산시만,2022-09-24 16:00:00,2,2,"{""낭산면 용기리"": 1, ""동산동"": 1}",4.0,4,"{""기타"": 1, ""가축 분뇨 냄새(닭, 돼지, 소)"": 1}",기타
익산시만,2022-09-24 18:00:00,1,1,"{""춘포면 천서리"": 1}",2.0,2,"{""기타"": 1}",기타
익산시만,2022-09-24 19:00:00,3,3,"{""어양동"": 1, ""춘포면 천서리"": 1, ""춘포면 쌍정리"": 1}",2.6666666666666665,3,"{""공장 냄새(화학약품, 매캐함)"": 1, ""기타"": 1, ""가축 분뇨 냄새(닭, 돼지, 소)"": 1}","공장 냄새(화학약품, 매캐함)"
익산시만,2022-09-25 06:00:00,1,1,"{""춘포면 천서리"": 1}",2.0,2,"{""기타"": 1}",기타
익산시만,2022-09-25 13:00:00,1,1,"{""어양동"": 1}",3.0,3,"{""공장 냄새(화학약품, 매캐함)"": 1}","공장 냄새(화학약품, 매캐함)"
익산시만,2022-09-25 17:00:00,1,1,"{""춘포면 천서리"": 1}",2.0,2,"{""가축 분뇨 냄새(닭, 돼지, 소)"": 1}","가축 분뇨 냄새(닭, 돼지, 소)"
익산시만,2022-09-25 20:00:00,1,1,"{""신흥동"": 1}",4.0,4,"{""기타"": 1}",기타
익산시만,2022-09-25 22:00:00,2,2,"{""어양동"": 1, ""창인동1가"": 1}",5.0,5,"{""가축 분뇨 냄새(닭, 돼지, 소)"": 1, ""기타"": 1}","가축 분뇨 냄새(닭, 돼지, 소)"
익산시만,2022-09-25 23:00:00,4,4,"{""부송동"": 1, ""모현동1가"": 1, ""영등동"": 1, ""어양동"": 1}",4.0,5,"{""공장 냄새(화학약품, 매캐함)"": 1, ""기타"": 1, ""음식조리 냄새"": 1, ""가축 분뇨 냄새(닭, 돼지, 소)"": 1}","공장 냄새(화학약품, 매캐함)"
익산시만,2022-09-26 06:00:00,1,1,"{""춘포면 천서리"": 1}",2.0,2,"{""기타"": 1}",기타
익산시만,2022-09-26 08:00:00,1,1,"{""춘포면 천서리"": 1}",2.0,2,"{""기타"": 1}",기타
익산시만,2022-09-26 11:00:00,1,1,"{""왕궁면 쌍제리"": 1}",3.0,3,"{""기타"": 1}",기타
익산시만,2022-09-26 20:00:00,1,1,"{""동산동"": 1}",3.0,3,"{""하수구 냄새"": 1}",하수구 냄새
익산시만,2022-09-26 21:00:00,2,2,"{""팔봉동"": 1, ""부송동"": 1}",4.0,4,"{""가축 분뇨 냄새(닭, 돼지, 소)"": 1, ""기타"": 1}","가축 분뇨 냄새(닭, 돼지, 소)"
익산시만,2022-09-26 22:00:00,1,1,"{""모현동1가"": 1}",4.0,4,"{""기타"": 1}",기타
익산시만,2022-09-27 21:00:00,1,1,"{""신흥동"": 1}",4.0,4,"{""기타"": 1}",기타
익산시만,2022-09-27 22:00:00,1,1,"{""송학동"": 1}",2.0,2,"{""가축 분뇨 냄새(닭, 돼지, 소)"": 1}","가축 분뇨 냄새(닭, 돼지, 소)"
익산시만,2022-09-27 23:00:00,3,3,"{""인화동2가"": 1, ""인화동1가"": 1, ""영등동"": 1}",4.333333333333333,5,"{""가축 분뇨 냄새(닭, 돼지, 소)"": 2, ""기타"": 1}","가축 분뇨 냄새(닭, 돼지, 소)"
익산시만,2022-09-28 00:00:00,1,1,"{""창인동1가"": 1}",5.0,5,"{""가축 분뇨 냄새(닭, 돼지, 소)"": 1}","가축 분뇨 냄새(닭, 돼지, 소)"
익산시만,2022-09-28 05:00:00,1,1,"{""춘포면 천서리"": 1}",2.0,2,"{""기타"": 1}",기타
익산시만,2022-09-28 10:00:00,1,1,"{""삼기면 용연리"": 1}",4.0,4,"{""공장 냄새(화학약품, 매캐함)"": 1}","공장 냄새(화학약품, 매캐함)"
익산시만,2022-09-28 16:00:00,1,1,"{""송학동"": 1}",3.0,3,"{""공장 냄새(화학약품, 매캐함)"": 1}","공장 냄새(화학약품, 매캐함)"
익산시만,2022-09-28 17:00:00,1,1,"{""오산면 장신리"": 1}",2.0,2,"{""공장 냄새(화학약품, 매캐함)"": 1}","공장 냄새(화학약품, 매캐함)"
익산시만,2022-09-28 20:00:00,1,1,"{""어양동"": 1}",5.0,5,"{""공장 냄새(화학약품, 매캐함)"": 1}","공장 냄새(화학약품, 매캐함)"
익산시만,2022-09-28 21:00:00,1,1,"{""부송동"": 1}",3.0,3,"{""가축 분뇨 냄새(닭, 돼지, 소)"": 1}","가축 분뇨 냄새(닭, 돼지, 소)"
익산시만,2022-09-29 08:00:00,1,1,"{""신흥동"": 1}",1.0,1,"{""하수구 냄새"": 1}",하수구 냄새
익산시만,2022-09-29 20:00:00,1,1,"{""신흥동"": 1}",2.0,2,"{""기타"": 1}",기타
익산시만,2022-09-29 21:00:00,3,3,"{""부송동"": 2, ""어양동"": 1}",4.666666666666667,5,"{""공장 냄새(화학약품, 매캐함)"": 1, ""기타"": 1, ""가축 분뇨 냄새(닭, 돼지, 소)"": 1}","공장 냄새(화학약품, 매캐함)"
익산시만,2022-09-29 22:00:00,2,2,"{""부송동"": 2}",5.0,5,"{""하수구 냄새"": 1, ""가축 분뇨 냄새(닭, 돼지, 소)"": 1}",하수구 냄새
익산시만,2022-09-30 06:00:00,1,1,"{""춘포면 천서리"": 1}",2.0,2,"{""가축 분뇨 냄새(닭, 돼지, 소)"": 1}","가축 분뇨 냄새(닭, 돼지, 소)"
익산시만,2022-09-30 08:00:00,3,2,"{""춘포면 천서리"": 2, ""여산면 두여리"": 1}",3.0,4,"{""가축 분뇨 냄새(닭, 돼지, 소)"": 2, ""공장 냄새(화학약품, 매캐함)"": 1}","가축 분뇨 냄새(닭, 돼지, 소)"
익산시만,2022-09-30 15:00:00,1,1,"{""왕궁면 쌍제리"": 1}",3.0,3,"{""기타"": 1}",기타
익산시만,2022-09-30 22:00:00,2,2,"{""부송동"": 2}",4.5,5,"{""가축 분뇨 냄새(닭, 돼지, 소)"": 1, ""하수구 냄새"": 1}","가축 분뇨 냄새(닭, 돼지, 소)"
익산시만,2022-09-30 23:00:00,1,1,"{""영등동"": 1}",3.0,3,"{""가축 분뇨 냄새(닭, 돼지, 소)"": 1}","가축 분뇨 냄새(닭, 돼지, 소)"
익산시만,2022-10-01 00:00:00,1,1,"{""창인동1가"": 1}",5.0,5,"{""기타"": 1}",기타
익산시만,2022-10-01 01:00:00,1,1,"{""모현동1가"": 1}",5.0,5,"{""공장 냄새(화학약품, 매캐함)"": 1}","공장 냄새(화학약품, 매캐함)"
익산시만,2022-10-01 06:00:00,4,4,"{""영등동"": 2, ""용동면 화실리"": 1, ""춘포면 천서리"": 1}",3.75,5,"{""가축 분뇨 냄새(닭, 돼지, 소)"": 2, ""기타"": 1, ""공장 냄새(화학약품, 매캐함)"": 1}","가축 분뇨 냄새(닭, 돼지, 소)"
익산시만,2022-10-01 08:00:00,3,3,"{""부송동"": 3}",5.0,5,"{""공장 냄새(화학약품, 매캐함)"": 2, ""하수구 냄새"": 1}","공장 냄새(화학약품, 매캐함)"
익산시만,2022-10-01 16:00:00,1,1,"{""영등동"": 1}",3.0,3,"{""기타"": 1}",기타
익산시만,2022-10-01 20:00:00,2,2,"{""신흥동"": 1, ""부송동"": 1}",4.5,5,"{""하수구 냄새"": 1, ""가축 분뇨 냄새(닭, 돼지, 소)"": 1}",하수구 냄새
익산시만,2022-10-01 21:00:00,2,2,"{""영등동"": 1, ""오산면 신지리"": 1}",5.0,5,"{""공장 냄새(화학약품, 매캐함)"": 1, ""기타"": 1}","공장 냄새(화학약품, 매캐함)"
익산시만,2022-10-01 22:00:00,1,1,"{""영등동"": 1}",3.0,3,"{""음식조리 냄새"": 1}",음식조리 냄새
익산시만,2022-10-01 23:00:00,1,1,"{""팔봉동"": 1}",4.0,4,"{""가축 분뇨 냄새(닭, 돼지, 소)"": 1}","가축 분뇨 냄새(닭, 돼지, 소)"
익산시만,2022-10-02 00:00:00,4,4,"{""창인동1가"": 1, ""동산동"": 1, ""부송동"": 1, ""모현동1가"": 1}",4.0,5,"{""기타"": 4}",기타
익산시만,2022-10-02 17:00:00,1,1,"{""부송동"": 1}",4.0,4,"{""음식조리 냄새"": 1}",음식조리 냄새
익산시만,2022-10-02 19:00:00,3,3,"{""어양동"": 2, ""신흥동"": 1}",4.333333333333333,5,"{""가축 분뇨 냄새(닭, 돼지, 소)"": 1, ""하수구 냄새"": 1, ""기타"": 1}","가축 분뇨 냄새(닭, 돼지, 소)"
익산시만,2022-10-02 20:00:00,6,6,"{""동산동"": 4, ""영등동"": 2}",4.333333333333333,5,"{""가축 분뇨 냄새(닭, 돼지, 소)"": 3, ""하수구 냄새"": 2, ""기타"": 1}","가축 분뇨 냄새(닭, 돼지, 소)"
익산시만,2022-10-02 21:00:00,5,5,"{""모현동1가"": 4, ""동산동"": 1}",4.0,4,"{""기타"": 4, ""가축 분뇨 냄새(닭, 돼지, 소)"": 1}",기타
익산시만,2022-10-02 22:00:00,4,4,"{""팔봉동"": 3, ""영등동"": 1}",4.75,5,"{""가축 분뇨 냄새(닭, 돼지, 소)"": 4}","가축 분뇨 냄새(닭, 돼지, 소)"
익산시만,2022-10-03 00:00:00,2,2,"{""창인동1가"": 1, ""모현동1가"": 1}",4.0,5,"{""가축 분뇨 냄새(닭, 돼지, 소)"": 1, ""기타"": 1}","가축 분뇨 냄새(닭, 돼지, 소)"
익산시만,2022-10-03 08:00:00,1,1,"{""동산동"": 1}",5.0,5,"{""기타"": 1}",기타
익산시만,2022-10-03 18:00:00,1,1,"{""성당면 대선리"": 1}",4.0,4,"{""기타"": 1}",기타
익산시만,2022-10-05 15:00:00,1,1,"{""왕궁면 쌍제리"": 1}",3.0,3,"{""기타"": 1}",기타
익산시만,2022-10-05 22:00:00,4,4,"{""동산동"": 3, ""부송동"": 1}",4.75,5,"{""가축 분뇨 냄새(닭, 돼지, 소)"": 3, ""공장 냄새(화학약품, 매캐함)"": 1}","가축 분뇨 냄새(닭, 돼지, 소)"
익산시만,2022-10-06 02:00:00,2,2,"{""영등동"": 1, ""부송동"": 1}",4.0,4,"{""가축 분뇨 냄새(닭, 돼지, 소)"": 1, ""기타"": 1}","가축 분뇨 냄새(닭, 돼지, 소)"
익산시만,2022-10-06 07:00:00,4,4,"{""춘포면 천서리"": 2, ""부송동"": 1, ""어양동"": 1}",3.5,5,"{""기타"": 4}",기타
익산시만,2022-10-06 08:00:00,3,3,"{""부송동"": 3}",4.333333333333333,5,"{""가축 분뇨 냄새(닭, 돼지, 소)"": 2, ""하수구 냄새"": 1}","가축 분뇨 냄새(닭, 돼지, 소)"
익산시만,2022-10-06 09:00:00,1,1,"{""왕궁면 쌍제리"": 1}",4.0,4,"{""공장 냄새(화학약품, 매캐함)"": 1}","공장 냄새(화학약품, 매캐함)"
익산시만,2022-10-06 17:00:00,1,1,"{""왕궁면 구덕리"": 1}",3.0,3,"{""기타"": 1}",기타
익산시만,2022-10-08 02:00:00,1,1,"{""어양동"": 1}",3.0,3,"{""가축 분뇨 냄새(닭, 돼지, 소)"": 1}","가축 분뇨 냄새(닭, 돼지, 소)"
익산시만,2022-10-08 06:00:00,1,1,"{""춘포면 천서리"": 1}",2.0,2,"{""기타"": 1}",기타
익산시만,2022-10-08 17:00:00,1,1,"{""낭산면 용기리"": 1}",5.0,5,"{""하수구 냄새"": 1}",하수구 냄새
익산시만,2022-10-08 18:00:00,1,1,"{""낭산면 용기리"": 1}",5.0,5,"{""하수구 냄새"": 1}",하수구 냄새
익산시만,2022-10-08 21:00:00,2,2,"{""낭산면 용기리"": 2}",5.0,5,"{""기타"": 2}",기타
익산시만,2022-10-09 06:00:00,2,2,"{""춘포면 천서리"": 2}",2.5,3,"{""기타"": 1, ""가축 분뇨 냄새(닭, 돼지, 소)"": 1}",기타
익산시만,2022-10-09 12:00:00,1,1,"{""용동면 용성리"": 1}",4.0,4,"{""기타"": 1}",기타
익산시만,2022-10-09 14:00:00,1,1,"{""춘포면 쌍정리"": 1}",4.0,4,"{""가축 분뇨 냄새(닭, 돼지, 소)"": 1}","가축 분뇨 냄새(닭, 돼지, 소)"
익산시만,2022-10-10 00:00:00,1,1,"{""팔봉동"": 1}",3.0,3,"{""기타"": 1}",기타
익산시만,2022-10-11 07:00:00,1,1,"{""춘포면 천서리"": 1}",2.0,2,"{""기타"": 1}",기타
익산시만,2022-10-11 23:00:00,3,3,"{""팔봉동"": 2, ""부송동"": 1}",3.6666666666666665,5,"{""하수구 냄새"": 2, ""기타"": 1}",하수구 냄새
익산시만,2022-10-12 00:00:00,2,2,"{""창인동1가"": 2}",5.0,5,"{""기타"": 2}",기타
익산시만,2022-10-12 21:00:00,1,1,"{""어양동"": 1}",3.0,3,"{""공장 냄새(화학약품, 매캐함)"": 1}","공장 냄새(화학약품, 매캐함)"
익산시만,2022-10-13 08:00:00,1,1,"{""춘포면 천서리"": 1}",2.0,2,"{""기타"": 1}",기타
익산시만,2022-10-13 12:00:00,1,1,"{""용동면 용성리"": 1}",3.0,3,"{""기타"": 1}",기타
익산시만,2022-10-13 20:00:00,1,1,"{""어양동"": 1}",5.0,5,"{""공장 냄새(화학약품, 매캐함)"": 1}","공장 냄새(화학약품, 매캐함)"
익산시만,2022-10-13 23:00:00,1,1,"{""팔봉동"": 1}",5.0,5,"{""공장 냄새(화학약품, 매캐함)"": 1}","공장 냄새(화학약품, 매캐함)"
익산시만,2022-10-14 08:00:00,1,1,"{""신흥동"": 1}",3.0,3,"{""하수구 냄새"": 1}",하수구 냄새
익산시만,2022-10-14 09:00:00,1,1,"{""춘포면 천서리"": 1}",3.0,3,"{""가축 분뇨 냄새(닭, 돼지, 소)"": 1}","가축 분뇨 냄새(닭, 돼지, 소)"
익산시만,2022-10-14 11:00:00,1,1,"{""신용동"": 1}",2.0,2,"{""공장 냄새(화학약품, 매캐함)"": 1}","공장 냄새(화학약품, 매캐함)"
익산시만,2022-10-14 22:00:00,1,1,"{""춘포면 춘포리"": 1}",4.0,4,"{""기타"": 1}",기타
익산시만,2022-10-15 07:00:00,1,1,"{""춘포면 천서리"": 1}",3.0,3,"{""가축 분뇨 냄새(닭, 돼지, 소)"": 1}","가축 분뇨 냄새(닭, 돼지, 소)"
익산시만,2022-10-18 08:00:00,1,1,"{""신흥동"": 1}",3.0,3,"{""하수구 냄새"": 1}",하수구 냄새
익산시만,2022-10-18 13:00:00,1,1,"{""왕궁면 쌍제리"": 1}",4.0,4,"{""기타"": 1}",기타
익산시만,2022-10-18 23:00:00,3,3,"{""함라면 신목리"": 2, ""어양동"": 1}",4.666666666666667,5,"{""기타"": 2, ""가축 분뇨 냄새(닭, 돼지, 소)"": 1}",기타
익산시만,2022-10-19 15:00:00,1,1,"{""왕궁면 쌍제리"": 1}",4.0,4,"{""가축 분뇨 냄새(닭, 돼지, 소)"": 1}","가축 분뇨 냄새(닭, 돼지, 소)"
익산시만,2022-10-19 17:00:00,1,1,"{""왕궁면 쌍제리"": 1}",3.0,3,"{""가축 분뇨 냄새(닭, 돼지, 소)"": 1}","가축 분뇨 냄새(닭, 돼지, 소)"
익산시만,2022-10-20 14:00:00,1,1,"{""왕궁면 쌍제리"": 1}",4.0,4,"{""가축 분뇨 냄새(닭, 돼지, 소)"": 1}","가축 분뇨 냄새(닭, 돼지, 소)"
익산시만,2022-10-20 17:00:00,1,1,"{""왕궁면 쌍제리"": 1}",4.0,4,"{""가축 분뇨 냄새(닭, 돼지, 소)"": 1}","가축 분뇨 냄새(닭, 돼지, 소)"
익산시만,2022-10-20 22:00:00,1,1,"{""영등동"": 1}",3.0,3,"{""가축 분뇨 냄새(닭, 돼지, 소)"": 1}","가축 분뇨 냄새(닭, 돼지, 소)"
익산시만,2022-10-21 15:00:00,1,1,"{""부송동"": 1}",2.0,2,"{""기타"": 1}",기타
익산시만,2022-10-21 19:00:00,1,1,"{""황등면 황등리"": 1}",4.0,4,"{""기타"": 1}",기타
익산시만,2022-10-22 07:00:00,1,1,"{""춘포면 천서리"": 1}",2.0,2,"{""기타"": 1}",기타
익산시만,2022-10-22 12:00:00,1,1,"{""부송동"": 1}",3.0,3,"{""기타"": 1}",기타
익산시만,2022-10-22 17:00:00,1,1,"{""용동면 용성리"": 1}",5.0,5,"{""기타"": 1}",기타
익산시만,2022-10-23 15:00:00,1,1,"{""용동면 용성리"": 1}",4.0,4,"{""기타"": 1}",기타
익산시만,2022-10-24 00:00:00,1,1,"{""어양동"": 1}",4.0,4,"{""기타"": 1}",기타
익산시만,2022-10-25 08:00:00,1,1,"{""춘포면 천서리"": 1}",2.0,2,"{""가축 분뇨 냄새(닭, 돼지, 소)"": 1}","가축 분뇨 냄새(닭, 돼지, 소)"
익산시만,2022-10-25 16:00:00,1,1,"{""낭산면 용기리"": 1}",5.0,5,"{""기타"": 1}",기타
익산시만,2022-10-28 07:00:00,1,1,"{""어양동"": 1}",5.0,5,"{""기타"": 1}",기타
익산시만,2022-10-28 20:00:00,1,1,"{""황등면 황등리"": 1}",5.0,5,"{""기타"": 1}",기타
익산시만,2022-10-28 22:00:00,3,3,"{""부송동"": 1, ""신흥동"": 1, ""영등동"": 1}",3.6666666666666665,4,"{""가축 분뇨 냄새(닭, 돼지, 소)"": 2, ""기타"": 1}","가축 분뇨 냄새(닭, 돼지, 소)"
익산시만,2022-10-29 23:00:00,4,4,"{""영등동"": 4}",3.25,4,"{""공장 냄새(화학약품, 매캐함)"": 4}","공장 냄새(화학약품, 매캐함)"
익산시만,2022-10-30 06:00:00,1,1,"{""춘포면 천서리"": 1}",2.0,2,"{""기타"": 1}",기타
익산시만,2022-10-30 11:00:00,1,1,"{""목천동"": 1}",3.0,3,"{""가축 분뇨 냄새(닭, 돼지, 소)"": 1}","가축 분뇨 냄새(닭, 돼지, 소)"
익산시만,2022-10-30 19:00:00,1,1,"{""영등동"": 1}",4.0,4,"{""공장 냄새(화학약품, 매캐함)"": 1}","공장 냄새(화학약품, 매캐함)"
익산시만,2022-10-30 23:00:00,1,1,"{""영등동"": 1}",4.0,4,"{""공장 냄새(화학약품, 매캐함)"": 1}","공장 냄새(화학약품, 매캐함)"
익산시만,2022-10-31 00:00:00,1,1,"{""영등동"": 1}",4.0,4,"{""가축 분뇨 냄새(닭, 돼지, 소)"": 1}","가축 분뇨 냄새(닭, 돼지, 소)"
익산시만,2022-11-01 00:00:00,1,1,"{""부송동"": 1}",4.0,4,"{""하수구 냄새"": 1}",하수구 냄새
익산시만,2022-11-01 07:00:00,1,1,"{""신흥동"": 1}",4.0,4,"{""하수구 냄새"": 1}",하수구 냄새
익산시만,2022-11-01 08:00:00,1,1,"{""춘포면 천서리"": 1}",2.0,2,"{""가축 분뇨 냄새(닭, 돼지, 소)"": 1}","가축 분뇨 냄새(닭, 돼지, 소)"
익산시만,2022-11-01 14:00:00,1,1,"{""용동면 용성리"": 1}",5.0,5,"{""기타"": 1}",기타
익산시만,2022-11-01 15:00:00,1,1,"{""용동면 용성리"": 1}",5.0,5,"{""기타"": 1}",기타
익산시만,2022-11-01 22:00:00,2,2,"{""황등면 황등리"": 1, ""신동"": 1}",4.0,4,"{""기타"": 1, ""공장 냄새(화학약품, 매캐함)"": 1}",기타
익산시만,2022-11-02 20:00:00,1,1,"{""신흥동"": 1}",4.0,4,"{""하수구 냄새"": 1}",하수구 냄새
익산시만,2022-11-06 23:00:00,1,1,"{""어양동"": 1}",4.0,4,"{""공장 냄새(화학약품, 매캐함)"": 1}","공장 냄새(화학약품, 매캐함)"
익산시만,2022-11-08 04:00:00,2,2,"{""신용동"": 1, ""부송동"": 1}",3.5,4,"{""공장 냄새(화학약품, 매캐함)"": 2}","공장 냄새(화학약품, 매캐함)"
익산시만,2022-11-08 19:00:00,1,1,"{""동산동"": 1}",5.0,5,"{""공장 냄새(화학약품, 매캐함)"": 1}","공장 냄새(화학약품, 매캐함)"
익산시만,2022-11-08 20:00:00,1,1,"{""신흥동"": 1}",4.0,4,"{""기타"": 1}",기타
익산시만,2022-11-08 21:00:00,1,1,"{""어양동"": 1}",5.0,5,"{""공장 냄새(화학약품, 매캐함)"": 1}","공장 냄새(화학약품, 매캐함)"
익산시만,2022-11-08 22:00:00,1,1,"{""신동"": 1}",4.0,4,"{""공장 냄새(화학약품, 매캐함)"": 1}","공장 냄새(화학약품, 매캐함)"
익산시만,2022-11-09 21:00:00,1,1,"{""부송동"": 1}",5.0,5,"{""공장 냄새(화학약품, 매캐함)"": 1}","공장 냄새(화학약품, 매캐함)"
익산시만,2022-11-09 22:00:00,1,1,"{""부송동"": 1}",5.0,5,"{""하수구 냄새"": 1}",하수구 냄새
익산시만,2022-11-09 23:00:00,2,1,"{""용제동"": 2}",3.0,3,"{""공장 냄새(화학약품, 매캐함)"": 2}","공장 냄새(화학약품, 매캐함)"
익산시만,2022-11-11 08:00:00,1,1,"{""신흥동"": 1}",3.0,3,"{""하수구 냄새"": 1}",하수구 냄새
익산시만,2022-11-11 18:00:00,1,1,"{""팔봉동"": 1}",3.0,3,"{""공장 냄새(화학약품, 매캐함)"": 1}","공장 냄새(화학약품, 매캐함)"
익산시만,2022-11-11 21:00:00,1,1,"{""신흥동"": 1}",4.0,4,"{""기타"": 1}",기타
익산시만,2022-11-12 15:00:00,2,2,"{""춘포면 춘포리"": 2}",3.5,4,"{""기타"": 2}",기타
익산시만,2022-11-12 16:00:00,1,1,"{""동산동"": 1}",5.0,5,"{""기타"": 1}",기타
익산시만,2022-11-12 17:00:00,3,3,"{""신흥동"": 2, ""동산동"": 1}",4.0,5,"{""기타"": 2, ""하수구 냄새"": 1}",기타
익산시만,2022-11-12 19:00:00,2,2,"{""영등동"": 2}",4.0,5,"{""기타"": 1, ""하수구 냄새"": 1}",기타
익산시만,2022-11-12 21:00:00,1,1,"{""영등동"": 1}",4.0,4,"{""가축 분뇨 냄새(닭, 돼지, 소)"": 1}","가축 분뇨 냄새(닭, 돼지, 소)"
익산시만,2022-11-13 09:00:00,1,1,"{""용동면 용성리"": 1}",4.0,4,"{""기타"": 1}",기타
익산시만,2022-11-13 12:00:00,1,1,"{""용동면 용성리"": 1}",5.0,5,"{""기타"": 1}",기타
익산시만,2022-11-15 08:00:00,1,1,"{""신흥동"": 1}",3.0,3,"{""기타"": 1}",기타
익산시만,2022-11-15 20:00:00,1,1,"{""영등동"": 1}",4.0,4,"{""기타"": 1}",기타
익산시만,2022-11-15 22:00:00,3,3,"{""영등동"": 1, ""부송동"": 1, ""신동"": 1}",4.0,5,"{""가축 분뇨 냄새(닭, 돼지, 소)"": 2, ""공장 냄새(화학약품, 매캐함)"": 1}","가축 분뇨 냄새(닭, 돼지, 소)"
익산시만,2022-11-16 22:00:00,1,1,"{""부송동"": 1}",5.0,5,"{""하수구 냄새"": 1}",하수구 냄새
익산시만,2022-11-17 01:00:00,1,1,"{""송학동"": 1}",4.0,4,"{""공장 냄새(화학약품, 매캐함)"": 1}","공장 냄새(화학약품, 매캐함)"
익산시만,2022-11-20 10:00:00,1,1,"{""춘포면 천서리"": 1}",2.0,2,"{""기타"": 1}",기타
익산시만,2022-11-20 16:00:00,1,1,"{""창인동1가"": 1}",3.0,3,"{""공장 냄새(화학약품, 매캐함)"": 1}","공장 냄새(화학약품, 매캐함)"
익산시만,2022-11-20 19:00:00,1,1,"{""금강동"": 1}",3.0,3,"{""공장 냄새(화학약품, 매캐함)"": 1}","공장 냄새(화학약품, 매캐함)"
익산시만,2022-11-20 21:00:00,1,1,"{""부송동"": 1}",3.0,3,"{""하수구 냄새"": 1}",하수구 냄새
익산시만,2022-11-20 23:00:00,1,1,"{""낭산면 용기리"": 1}",4.0,4,"{""공장 냄새(화학약품, 매캐함)"": 1}","공장 냄새(화학약품, 매캐함)"
익산시만,2022-11-21 20:00:00,1,1,"{""신흥동"": 1}",3.0,3,"{""가축 분뇨 냄새(닭, 돼지, 소)"": 1}","가축 분뇨 냄새(닭, 돼지, 소)"
익산시만,2022-11-22 00:00:00,1,1,"{""마동"": 1}",4.0,4,"{""공장 냄새(화학약품, 매캐함)"": 1}","공장 냄새(화학약품, 매캐함)"
익산시만,2022-11-22 06:00:00,1,1,"{""춘포면 천서리"": 1}",2.0,2,"{""기타"": 1}",기타
익산시만,2022-11-23 21:00:00,1,1,"{""마동"": 1}",5.0,5,"{""가축 분뇨 냄새(닭, 돼지, 소)"": 1}","가축 분뇨 냄새(닭, 돼지, 소)"
익산시만,2022-11-24 08:00:00,1,1,"{""석암동"": 1}",5.0,5,"{""공장 냄새(화학약품, 매캐함)"": 1}","공장 냄새(화학약품, 매캐함)"
익산시만,2022-11-24 18:00:00,1,1,"{""함열읍 다송리"": 1}",5.0,5,"{""공장 냄새(화학약품, 매캐함)"": 1}","공장 냄새(화학약품, 매캐함)"
익산시만,2022-11-24 20:00:00,1,1,"{""춘포면 천서리"": 1}",2.0,2,"{""가축 분뇨 냄새(닭, 돼지, 소)"": 1}","가축 분뇨 냄새(닭, 돼지, 소)"
익산시만,2022-11-24 22:00:00,1,1,"{""신흥동"": 1}",4.0,4,"{""가축 분뇨 냄새(닭, 돼지, 소)"": 1}","가축 분뇨 냄새(닭, 돼지, 소)"
익산시만,2022-11-25 17:00:00,1,1,"{""신흥동"": 1}",2.0,2,"{""가축 분뇨 냄새(닭, 돼지, 소)"": 1}","가축 분뇨 냄새(닭, 돼지, 소)"
익산시만,2022-11-25 21:00:00,1,1,"{""부송동"": 1}",3.0,3,"{""가축 분뇨 냄새(닭, 돼지, 소)"": 1}","가축 분뇨 냄새(닭, 돼지, 소)"
익산시만,2022-12-02 22:00:00,1,1,"{""영등동"": 1}",0.0,0,"{""해당사항없음"": 1}",해당사항없음
익산시만,2022-12-06 08:00:00,1,1,"{""신흥동"": 1}",1.0,1,"{""가축 분뇨 냄새(닭, 돼지, 소)"": 1}","가축 분뇨 냄새(닭, 돼지, 소)"
익산시만,2022-12-06 21:00:00,1,1,"{""신흥동"": 1}",2.0,2,"{""가축 분뇨 냄새(닭, 돼지, 소)"": 1}","가축 분뇨 냄새(닭, 돼지, 소)"
익산시만,2022-12-07 07:00:00,1,1,"{""신흥동"": 1}",3.0,3,"{""가축 분뇨 냄새(닭, 돼지, 소)"": 1}","가축 분뇨 냄새(닭, 돼지, 소)"
익산시만,2022-12-07 08:00:00,1,1,"{""영등동"": 1}",3.0,3,"{""가축 분뇨 냄새(닭, 돼지, 소)"": 1}","가축 분뇨 냄새(닭, 돼지, 소)"
익산시만,2022-12-07 20:00:00,1,1,"{""신흥동"": 1}",3.0,3,"{""가축 분뇨 냄새(닭, 돼지, 소)"": 1}","가축 분뇨 냄새(닭, 돼지, 소)"
익산시만,2022-12-10 08:00:00,1,1,"{""춘포면 천서리"": 1}",2.0,2,"{""가축 분뇨 냄새(닭, 돼지, 소)"": 1}","가축 분뇨 냄새(닭, 돼지, 소)"
익산시만,2022-12-11 08:00:00,2,2,"{""남중동"": 1, ""춘포면 천서리"": 1}",2.0,2,"{""가축 분뇨 냄새(닭, 돼지, 소)"": 2}","가축 분뇨 냄새(닭, 돼지, 소)"
익산시만,2022-12-15 08:00:00,1,1,"{""춘포면 천서리"": 1}",2.0,2,"{""기타"": 1}",기타
익산시만,2022-12-19 21:00:00,1,1,"{""신흥동"": 1}",3.0,3,"{""가축 분뇨 냄새(닭, 돼지, 소)"": 1}","가축 분뇨 냄새(닭, 돼지, 소)"
익산시만,2022-12-26 21:00:00,1,1,"{""오산면 신지리"": 1}",5.0,5,"{""가축 분뇨 냄새(닭, 돼지, 소)"": 1}","가축 분뇨 냄새(닭, 돼지, 소)"
익산시만,2022-12-27 20:00:00,1,1,"{""신흥동"": 1}",3.0,3,"{""가축 분뇨 냄새(닭, 돼지, 소)"": 1}","가축 분뇨 냄새(닭, 돼지, 소)"
익산시만,2022-12-28 07:00:00,1,1,"{""남중동"": 1}",3.0,3,"{""소각 냄새(태우는 냄새)"": 1}",소각 냄새(태우는 냄새)
익산시만,2022-12-29 09:00:00,1,1,"{""남중동"": 1}",2.0,2,"{""가축 분뇨 냄새(닭, 돼지, 소)"": 1}","가축 분뇨 냄새(닭, 돼지, 소)"
익산시만,2022-12-29 12:00:00,1,1,"{""함열읍 다송리"": 1}",5.0,5,"{""공장 냄새(화학약품, 매캐함)"": 1}","공장 냄새(화학약품, 매캐함)"
익산시만,2023-01-03 17:00:00,1,1,"{""영등동"": 1}",4.0,4,"{""하수구 냄새"": 1}",하수구 냄새
익산시만,2023-01-04 20:00:00,1,1,"{""오산면 신지리"": 1}",1.0,1,"{""가축 분뇨 냄새(닭, 돼지, 소)"": 1}","가축 분뇨 냄새(닭, 돼지, 소)"
익산시만,2023-01-08 21:00:00,1,1,"{""오산면 신지리"": 1}",5.0,5,"{""가축 분뇨 냄새(닭, 돼지, 소)"": 1}","가축 분뇨 냄새(닭, 돼지, 소)"
익산시만,2023-01-18 21:00:00,2,2,"{""왕궁면 온수리"": 2}",4.0,4,"{""가축 분뇨 냄새(닭, 돼지, 소)"": 2}","가축 분뇨 냄새(닭, 돼지, 소)"
익산시만,2023-01-19 22:00:00,1,1,"{""부송동"": 1}",2.0,2,"{""가축 분뇨 냄새(닭, 돼지, 소)"": 1}","가축 분뇨 냄새(닭, 돼지, 소)"
익산시만,2023-01-21 19:00:00,2,2,"{""왕궁면 온수리"": 2}",4.0,4,"{""가축 분뇨 냄새(닭, 돼지, 소)"": 2}","가축 분뇨 냄새(닭, 돼지, 소)"
익산시만,2023-01-26 11:00:00,1,1,"{""신흥동"": 1}",1.0,1,"{""가축 분뇨 냄새(닭, 돼지, 소)"": 1}","가축 분뇨 냄새(닭, 돼지, 소)"
익산시만,2023-01-28 18:00:00,1,1,"{""신흥동"": 1}",4.0,4,"{""가축 분뇨 냄새(닭, 돼지, 소)"": 1}","가축 분뇨 냄새(닭, 돼지, 소)"
익산시만,2023-01-28 21:00:00,1,1,"{""춘포면 용연리"": 1}",5.0,5,"{""가축 분뇨 냄새(닭, 돼지, 소)"": 1}","가축 분뇨 냄새(닭, 돼지, 소)"
익산시만,2023-01-30 22:00:00,1,1,"{""부송동"": 1}",5.0,5,"{""하수구 냄새"": 1}",하수구 냄새
익산시만,2023-01-30 23:00:00,1,1,"{""어양동"": 1}",3.0,3,"{""가축 분뇨 냄새(닭, 돼지, 소)"": 1}","가축 분뇨 냄새(닭, 돼지, 소)"
익산시만,2023-01-31 20:00:00,2,2,"{""부송동"": 1, ""어양동"": 1}",3.5,4,"{""하수구 냄새"": 2}",하수구 냄새
익산시만,2023-01-31 21:00:00,1,1,"{""어양동"": 1}",3.0,3,"{""하수구 냄새"": 1}",하수구 냄새
익산시만,2023-02-07 07:00:00,1,1,"{""신흥동"": 1}",3.0,3,"{""가축 분뇨 냄새(닭, 돼지, 소)"": 1}","가축 분뇨 냄새(닭, 돼지, 소)"
익산시만,2023-02-07 08:00:00,2,2,"{""동산동"": 1, ""인화동2가"": 1}",4.5,5,"{""가축 분뇨 냄새(닭, 돼지, 소)"": 2}","가축 분뇨 냄새(닭, 돼지, 소)"
익산시만,2023-02-07 09:00:00,1,1,"{""인화동2가"": 1}",4.0,4,"{""기타"": 1}",기타
익산시만,2023-02-08 22:00:00,1,1,"{""신흥동"": 1}",3.0,3,"{""가축 분뇨 냄새(닭, 돼지, 소)"": 1}","가축 분뇨 냄새(닭, 돼지, 소)"
익산시만,2023-02-09 05:00:00,1,1,"{""동산동"": 1}",4.0,4,"{""가축 분뇨 냄새(닭, 돼지, 소)"": 1}","가축 분뇨 냄새(닭, 돼지, 소)"
익산시만,2023-02-09 08:00:00,1,1,"{""신흥동"": 1}",4.0,4,"{""가축 분뇨 냄새(닭, 돼지, 소)"": 1}","가축 분뇨 냄새(닭, 돼지, 소)"
익산시만,2023-02-11 23:00:00,1,1,"{""어양동"": 1}",4.0,4,"{""소각 냄새(태우는 냄새)"": 1}",소각 냄새(태우는 냄새)
익산시만,2023-02-14 20:00:00,1,1,"{""신흥동"": 1}",3.0,3,"{""가축 분뇨 냄새(닭, 돼지, 소)"": 1}","가축 분뇨 냄새(닭, 돼지, 소)"
익산시만,2023-02-15 06:00:00,1,1,"{""팔봉동"": 1}",3.0,3,"{""공장 냄새(화학약품, 매캐함)"": 1}","공장 냄새(화학약품, 매캐함)"
익산시만,2023-02-15 08:00:00,4,4,"{""동산동"": 1, ""신흥동"": 1, ""용제동"": 1, ""부송동"": 1}",4.0,5,"{""가축 분뇨 냄새(닭, 돼지, 소)"": 4}","가축 분뇨 냄새(닭, 돼지, 소)"
익산시만,2023-02-17 08:00:00,1,1,"{""영등동"": 1}",4.0,4,"{""소각 냄새(태우는 냄새)"": 1}",소각 냄새(태우는 냄새)
익산시만,2023-02-17 22:00:00,1,1,"{""어양동"": 1}",3.0,3,"{""소각 냄새(태우는 냄새)"": 1}",소각 냄새(태우는 냄새)
익산시만,2023-02-21 20:00:00,1,1,"{""신흥동"": 1}",4.0,4,"{""가축 분뇨 냄새(닭, 돼지, 소)"": 1}","가축 분뇨 냄새(닭, 돼지, 소)"
익산시만,2023-02-21 22:00:00,1,1,"{""부송동"": 1}",4.0,4,"{""하수구 냄새"": 1}",하수구 냄새
익산시만,2023-02-22 15:00:00,1,1,"{""신용동"": 1}",2.0,2,"{""가축 분뇨 냄새(닭, 돼지, 소)"": 1}","가축 분뇨 냄새(닭, 돼지, 소)"
익산시만,2023-02-22 18:00:00,1,1,"{""영등동"": 1}",4.0,4,"{""기타"": 1}",기타
익산시만,2023-02-24 04:00:00,1,1,"{""창인동1가"": 1}",5.0,5,"{""가축 분뇨 냄새(닭, 돼지, 소)"": 1}","가축 분뇨 냄새(닭, 돼지, 소)"
익산시만,2023-02-28 23:00:00,2,2,"{""인화동2가"": 1, ""모현동1가"": 1}",4.5,5,"{""가축 분뇨 냄새(닭, 돼지, 소)"": 2}","가축 분뇨 냄새(닭, 돼지, 소)"
익산시만,2023-03-01 00:00:00,1,1,"{""송학동"": 1}",4.0,4,"{""가축 분뇨 냄새(닭, 돼지, 소)"": 1}","가축 분뇨 냄새(닭, 돼지, 소)"
익산시만,2023-03-03 18:00:00,1,1,"{""오산면 남전리"": 1}",5.0,5,"{""가축 분뇨 냄새(닭, 돼지, 소)"": 1}","가축 분뇨 냄새(닭, 돼지, 소)"
익산시만,2023-03-04 00:00:00,1,1,"{""송학동"": 1}",5.0,5,"{""소각 냄새(태우는 냄새)"": 1}",소각 냄새(태우는 냄새)
익산시만,2023-03-04 16:00:00,1,1,"{""신흥동"": 1}",5.0,5,"{""가축 분뇨 냄새(닭, 돼지, 소)"": 1}","가축 분뇨 냄새(닭, 돼지, 소)"
익산시만,2023-03-05 01:00:00,1,1,"{""신흥동"": 1}",1.0,1,"{""기타"": 1}",기타
익산시만,2023-03-05 09:00:00,1,1,"{""용동면 용성리"": 1}",5.0,5,"{""가축 분뇨 냄새(닭, 돼지, 소)"": 1}","가축 분뇨 냄새(닭, 돼지, 소)"
익산시만,2023-03-05 23:00:00,1,1,"{""오산면 신지리"": 1}",4.0,4,"{""가축 분뇨 냄새(닭, 돼지, 소)"": 1}","가축 분뇨 냄새(닭, 돼지, 소)"
익산시만,2023-03-06 09:00:00,1,1,"{""춘포면 천서리"": 1}",2.0,2,"{""공장 냄새(화학약품, 매캐함)"": 1}","공장 냄새(화학약품, 매캐함)"
익산시만,2023-03-06 22:00:00,1,1,"{""부송동"": 1}",4.0,4,"{""가축 분뇨 냄새(닭, 돼지, 소)"": 1}","가축 분뇨 냄새(닭, 돼지, 소)"
익산시만,2023-03-08 00:00:00,1,1,"{""어양동"": 1}",4.0,4,"{""공장 냄새(화학약품, 매캐함)"": 1}","공장 냄새(화학약품, 매캐함)"
익산시만,2023-03-08 20:00:00,1,1,"{""금강동"": 1}",3.0,3,"{""가축 분뇨 냄새(닭, 돼지, 소)"": 1}","가축 분뇨 냄새(닭, 돼지, 소)"
익산시만,2023-03-08 21:00:00,2,2,"{""송학동"": 1, ""인화동2가"": 1}",3.5,5,"{""공장 냄새(화학약품, 매캐함)"": 1, ""가축 분뇨 냄새(닭, 돼지, 소)"": 1}","공장 냄새(화학약품, 매캐함)"
익산시만,2023-03-08 22:00:00,1,1,"{""신동"": 1}",4.0,4,"{""가축 분뇨 냄새(닭, 돼지, 소)"": 1}","가축 분뇨 냄새(닭, 돼지, 소)"
익산시만,2023-03-08 23:00:00,1,1,"{""인화동2가"": 1}",5.0,5,"{""가축 분뇨 냄새(닭, 돼지, 소)"": 1}","가축 분뇨 냄새(닭, 돼지, 소)"
익산시만,2023-03-10 20:00:00,2,2,"{""왕궁면 온수리"": 2}",4.0,4,"{""가축 분뇨 냄새(닭, 돼지, 소)"": 2}","가축 분뇨 냄새(닭, 돼지, 소)"
익산시만,2023-03-10 22:00:00,1,1,"{""부송동"": 1}",4.0,4,"{""가축 분뇨 냄새(닭, 돼지, 소)"": 1}","가축 분뇨 냄새(닭, 돼지, 소)"
익산시만,2023-03-13 22:00:00,1,1,"{""부송동"": 1}",4.0,4,"{""공장 냄새(화학약품, 매캐함)"": 1}","공장 냄새(화학약품, 매캐함)"
익산시만,2023-03-14 21:00:00,1,1,"{""신흥동"": 1}",4.0,4,"{""가축 분뇨 냄새(닭, 돼지, 소)"": 1}","가축 분뇨 냄새(닭, 돼지, 소)"
익산시만,2023-03-15 08:00:00,1,1,"{""오산면 신지리"": 1}",3.0,3,"{""가축 분뇨 냄새(닭, 돼지, 소)"": 1}","가축 분뇨 냄새(닭, 돼지, 소)"
익산시만,2023-03-16 20:00:00,1,1,"{""신동"": 1}",3.0,3,"{""공장 냄새(화학약품, 매캐함)"": 1}","공장 냄새(화학약품, 매캐함)"
익산시만,2023-03-19 08:00:00,1,1,"{""오산면 신지리"": 1}",5.0,5,"{""가축 분뇨 냄새(닭, 돼지, 소)"": 1}","가축 분뇨 냄새(닭, 돼지, 소)"
익산시만,2023-03-19 18:00:00,1,1,"{""오산면 신지리"": 1}",5.0,5,"{""가축 분뇨 냄새(닭, 돼지, 소)"": 1}","가축 분뇨 냄새(닭, 돼지, 소)"
익산시만,2023-03-21 19:00:00,1,1,"{""팔봉동"": 1}",3.0,3,"{""공장 냄새(화학약품, 매캐함)"": 1}","공장 냄새(화학약품, 매캐함)"
익산시만,2023-03-22 07:00:00,1,1,"{""영등동"": 1}",3.0,3,"{""가축 분뇨 냄새(닭, 돼지, 소)"": 1}","가축 분뇨 냄새(닭, 돼지, 소)"
익산시만,2023-03-22 08:00:00,1,1,"{""신흥동"": 1}",4.0,4,"{""가축 분뇨 냄새(닭, 돼지, 소)"": 1}","가축 분뇨 냄새(닭, 돼지, 소)"
익산시만,2023-03-23 21:00:00,1,1,"{""오산면 신지리"": 1}",5.0,5,"{""가축 분뇨 냄새(닭, 돼지, 소)"": 1}","가축 분뇨 냄새(닭, 돼지, 소)"
익산시만,2023-03-26 14:00:00,1,1,"{""용동면 대조리"": 1}",5.0,5,"{""가축 분뇨 냄새(닭, 돼지, 소)"": 1}","가축 분뇨 냄새(닭, 돼지, 소)"
익산시만,2023-03-27 08:00:00,1,1,"{""부송동"": 1}",3.0,3,"{""가축 분뇨 냄새(닭, 돼지, 소)"": 1}","가축 분뇨 냄새(닭, 돼지, 소)"
익산시만,2023-03-27 23:00:00,1,1,"{""부송동"": 1}",4.0,4,"{""가축 분뇨 냄새(닭, 돼지, 소)"": 1}","가축 분뇨 냄새(닭, 돼지, 소)"
익산시만,2023-03-30 07:00:00,1,1,"{""팔봉동"": 1}",4.0,4,"{""가축 분뇨 냄새(닭, 돼지, 소)"": 1}","가축 분뇨 냄새(닭, 돼지, 소)"
익산시만,2023-03-30 08:00:00,1,1,"{""신흥동"": 1}",4.0,4,"{""가축 분뇨 냄새(닭, 돼지, 소)"": 1}","가축 분뇨 냄새(닭, 돼지, 소)"
익산시만,2023-04-03 07:00:00,1,1,"{""춘포면 천서리"": 1}",2.0,2,"{""가축 분뇨 냄새(닭, 돼지, 소)"": 1}","가축 분뇨 냄새(닭, 돼지, 소)"
익산시만,2023-04-03 21:00:00,1,1,"{""신흥동"": 1}",4.0,4,"{""가축 분뇨 냄새(닭, 돼지, 소)"": 1}","가축 분뇨 냄새(닭, 돼지, 소)"
익산시만,2023-04-04 13:00:00,1,1,"{""신흥동"": 1}",3.0,3,"{""가축 분뇨 냄새(닭, 돼지, 소)"": 1}","가축 분뇨 냄새(닭, 돼지, 소)"
익산시만,2023-04-04 21:00:00,1,1,"{""영등동"": 1}",3.0,3,"{""가축 분뇨 냄새(닭, 돼지, 소)"": 1}","가축 분뇨 냄새(닭, 돼지, 소)"
익산시만,2023-04-05 11:00:00,1,1,"{""동산동"": 1}",2.0,2,"{""가축 분뇨 냄새(닭, 돼지, 소)"": 1}","가축 분뇨 냄새(닭, 돼지, 소)"
익산시만,2023-04-08 19:00:00,1,1,"{""오산면 신지리"": 1}",5.0,5,"{""가축 분뇨 냄새(닭, 돼지, 소)"": 1}","가축 분뇨 냄새(닭, 돼지, 소)"
익산시만,2023-04-08 20:00:00,1,1,"{""오산면 신지리"": 1}",5.0,5,"{""가축 분뇨 냄새(닭, 돼지, 소)"": 1}","가축 분뇨 냄새(닭, 돼지, 소)"
익산시만,2023-04-09 08:00:00,1,1,"{""오산면 신지리"": 1}",3.0,3,"{""가축 분뇨 냄새(닭, 돼지, 소)"": 1}","가축 분뇨 냄새(닭, 돼지, 소)"
익산시만,2023-04-11 08:00:00,1,1,"{""동산동"": 1}",3.0,3,"{""가축 분뇨 냄새(닭, 돼지, 소)"": 1}","가축 분뇨 냄새(닭, 돼지, 소)"
익산시만,2023-04-12 08:00:00,1,1,"{""금강동"": 1}",3.0,3,"{""공장 냄새(화학약품, 매캐함)"": 1}","공장 냄새(화학약품, 매캐함)"
익산시만,2023-04-14 08:00:00,1,1,"{""팔봉동"": 1}",3.0,3,"{""공장 냄새(화학약품, 매캐함)"": 1}","공장 냄새(화학약품, 매캐함)"
익산시만,2023-04-14 20:00:00,1,1,"{""춘포면 인수리"": 1}",4.0,4,"{""가축 분뇨 냄새(닭, 돼지, 소)"": 1}","가축 분뇨 냄새(닭, 돼지, 소)"
익산시만,2023-04-20 19:00:00,1,1,"{""금강동"": 1}",2.0,2,"{""공장 냄새(화학약품, 매캐함)"": 1}","공장 냄새(화학약품, 매캐함)"
익산시만,2023-04-24 05:00:00,1,1,"{""팔봉동"": 1}",3.0,3,"{""가축 분뇨 냄새(닭, 돼지, 소)"": 1}","가축 분뇨 냄새(닭, 돼지, 소)"
익산시만,2023-04-24 06:00:00,1,1,"{""팔봉동"": 1}",5.0,5,"{""가축 분뇨 냄새(닭, 돼지, 소)"": 1}","가축 분뇨 냄새(닭, 돼지, 소)"
익산시만,2023-04-24 07:00:00,1,1,"{""춘포면 천서리"": 1}",3.0,3,"{""가축 분뇨 냄새(닭, 돼지, 소)"": 1}","가축 분뇨 냄새(닭, 돼지, 소)"
익산시만,2023-04-25 17:00:00,1,1,"{""금강동"": 1}",3.0,3,"{""공장 냄새(화학약품, 매캐함)"": 1}","공장 냄새(화학약품, 매캐함)"
익산시만,2023-04-25 19:00:00,1,1,"{""용동면 용성리"": 1}",3.0,3,"{""가축 분뇨 냄새(닭, 돼지, 소)"": 1}","가축 분뇨 냄새(닭, 돼지, 소)"
익산시만,2023-04-26 05:00:00,1,1,"{""영등동"": 1}",5.0,5,"{""가축 분뇨 냄새(닭, 돼지, 소)"": 1}","가축 분뇨 냄새(닭, 돼지, 소)"
익산시만,2023-04-26 07:00:00,1,1,"{""부송동"": 1}",3.0,3,"{""가축 분뇨 냄새(닭, 돼지, 소)"": 1}","가축 분뇨 냄새(닭, 돼지, 소)"
익산시만,2023-04-28 05:00:00,1,1,"{""춘포면 천서리"": 1}",3.0,3,"{""공장 냄새(화학약품, 매캐함)"": 1}","공장 냄새(화학약품, 매캐함)"
익산시만,2023-04-29 00:00:00,2,2,"{""어양동"": 2}",4.0,4,"{""가축 분뇨 냄새(닭, 돼지, 소)"": 2}","가축 분뇨 냄새(닭, 돼지, 소)"
익산시만,2023-04-29 03:00:00,1,1,"{""부송동"": 1}",5.0,5,"{""공장 냄새(화학약품, 매캐함)"": 1}","공장 냄새(화학약품, 매캐함)"
익산시만,2023-04-29 07:00:00,1,1,"{""영등동"": 1}",4.0,4,"{""가축 분뇨 냄새(닭, 돼지, 소)"": 1}","가축 분뇨 냄새(닭, 돼지, 소)"
익산시만,2023-04-30 16:00:00,1,1,"{""오산면 신지리"": 1}",5.0,5,"{""가축 분뇨 냄새(닭, 돼지, 소)"": 1}","가축 분뇨 냄새(닭, 돼지, 소)"
익산시만,2023-05-01 16:00:00,1,1,"{""석암동"": 1}",2.0,2,"{""공장 냄새(화학약품, 매캐함)"": 1}","공장 냄새(화학약품, 매캐함)"
익산시만,2023-05-02 06:00:00,1,1,"{""춘포면 천서리"": 1}",2.0,2,"{""공장 냄새(화학약품, 매캐함)"": 1}","공장 냄새(화학약품, 매캐함)"
익산시만,2023-05-03 06:00:00,2,2,"{""석암동"": 1, ""춘포면 천서리"": 1}",2.5,3,"{""가축 분뇨 냄새(닭, 돼지, 소)"": 1, ""공장 냄새(화학약품, 매캐함)"": 1}","가축 분뇨 냄새(닭, 돼지, 소)"
익산시만,2023-05-03 19:00:00,2,2,"{""신흥동"": 1, ""동산동"": 1}",4.5,5,"{""가축 분뇨 냄새(닭, 돼지, 소)"": 2}","가축 분뇨 냄새(닭, 돼지, 소)"
익산시만,2023-05-03 22:00:00,1,1,"{""영등동"": 1}",4.0,4,"{""가축 분뇨 냄새(닭, 돼지, 소)"": 1}","가축 분뇨 냄새(닭, 돼지, 소)"
익산시만,2023-05-03 23:00:00,1,1,"{""금강동"": 1}",3.0,3,"{""가축 분뇨 냄새(닭, 돼지, 소)"": 1}","가축 분뇨 냄새(닭, 돼지, 소)"
익산시만,2023-05-05 16:00:00,1,1,"{""춘포면 천서리"": 1}",2.0,2,"{""가축 분뇨 냄새(닭, 돼지, 소)"": 1}","가축 분뇨 냄새(닭, 돼지, 소)"
익산시만,2023-05-06 11:00:00,1,1,"{""오산면 신지리"": 1}",5.0,5,"{""가축 분뇨 냄새(닭, 돼지, 소)"": 1}","가축 분뇨 냄새(닭, 돼지, 소)"
익산시만,2023-05-06 15:00:00,2,2,"{""왕궁면 온수리"": 2}",5.0,5,"{""가축 분뇨 냄새(닭, 돼지, 소)"": 2}","가축 분뇨 냄새(닭, 돼지, 소)"
익산시만,2023-05-09 00:00:00,1,1,"{""부송동"": 1}",3.0,3,"{""가축 분뇨 냄새(닭, 돼지, 소)"": 1}","가축 분뇨 냄새(닭, 돼지, 소)"
익산시만,2023-05-09 23:00:00,1,1,"{""동산동"": 1}",4.0,4,"{""가축 분뇨 냄새(닭, 돼지, 소)"": 1}","가축 분뇨 냄새(닭, 돼지, 소)"
익산시만,2023-05-13 23:00:00,1,1,"{""석암동"": 1}",5.0,5,"{""공장 냄새(화학약품, 매캐함)"": 1}","공장 냄새(화학약품, 매캐함)"
익산시만,2023-05-14 18:00:00,1,1,"{""오산면 신지리"": 1}",5.0,5,"{""가축 분뇨 냄새(닭, 돼지, 소)"": 1}","가축 분뇨 냄새(닭, 돼지, 소)"
익산시만,2023-05-15 09:00:00,1,1,"{""팔봉동"": 1}",2.0,2,"{""기타"": 1}",기타
익산시만,2023-05-16 00:00:00,1,1,"{""부송동"": 1}",3.0,3,"{""공장 냄새(화학약품, 매캐함)"": 1}","공장 냄새(화학약품, 매캐함)"
익산시만,2023-05-16 21:00:00,2,2,"{""왕궁면 온수리"": 2}",5.0,5,"{""가축 분뇨 냄새(닭, 돼지, 소)"": 2}","가축 분뇨 냄새(닭, 돼지, 소)"
익산시만,2023-05-16 23:00:00,1,1,"{""황등면 신기리"": 1}",5.0,5,"{""가축 분뇨 냄새(닭, 돼지, 소)"": 1}","가축 분뇨 냄새(닭, 돼지, 소)"
익산시만,2023-05-17 08:00:00,1,1,"{""춘포면 천서리"": 1}",1.0,1,"{""가축 분뇨 냄새(닭, 돼지, 소)"": 1}","가축 분뇨 냄새(닭, 돼지, 소)"
익산시만,2023-05-18 00:00:00,1,1,"{""부송동"": 1}",5.0,5,"{""가축 분뇨 냄새(닭, 돼지, 소)"": 1}","가축 분뇨 냄새(닭, 돼지, 소)"
익산시만,2023-05-18 10:00:00,1,1,"{""오산면 신지리"": 1}",2.0,2,"{""가축 분뇨 냄새(닭, 돼지, 소)"": 1}","가축 분뇨 냄새(닭, 돼지, 소)"
익산시만,2023-05-18 19:00:00,1,1,"{""낭산면 용기리"": 1}",5.0,5,"{""가축 분뇨 냄새(닭, 돼지, 소)"": 1}","가축 분뇨 냄새(닭, 돼지, 소)"
익산시만,2023-05-18 22:00:00,1,1,"{""왕궁면 온수리"": 1}",4.0,4,"{""가축 분뇨 냄새(닭, 돼지, 소)"": 1}","가축 분뇨 냄새(닭, 돼지, 소)"
익산시만,2023-05-19 19:00:00,1,1,"{""왕궁면 온수리"": 1}",5.0,5,"{""가축 분뇨 냄새(닭, 돼지, 소)"": 1}","가축 분뇨 냄새(닭, 돼지, 소)"
익산시만,2023-05-19 21:00:00,1,1,"{""어양동"": 1}",4.0,4,"{""공장 냄새(화학약품, 매캐함)"": 1}","공장 냄새(화학약품, 매캐함)"
익산시만,2023-05-19 22:00:00,4,4,"{""부송동"": 3, ""어양동"": 1}",4.25,5,"{""공장 냄새(화학약품, 매캐함)"": 4}","공장 냄새(화학약품, 매캐함)"
익산시만,2023-05-20 01:00:00,1,1,"{""부송동"": 1}",4.0,4,"{""공장 냄새(화학약품, 매캐함)"": 1}","공장 냄새(화학약품, 매캐함)"
익산시만,2023-05-20 02:00:00,2,2,"{""부송동"": 2}",4.5,5,"{""공장 냄새(화학약품, 매캐함)"": 2}","공장 냄새(화학약품, 매캐함)"
익산시만,2023-05-20 06:00:00,1,1,"{""춘포면 천서리"": 1}",2.0,2,"{""가축 분뇨 냄새(닭, 돼지, 소)"": 1}","가축 분뇨 냄새(닭, 돼지, 소)"
익산시만,2023-05-20 23:00:00,1,1,"{""팔봉동"": 1}",4.0,4,"{""가축 분뇨 냄새(닭, 돼지, 소)"": 1}","가축 분뇨 냄새(닭, 돼지, 소)"
익산시만,2023-05-22 03:00:00,1,1,"{""부송동"": 1}",4.0,4,"{""공장 냄새(화학약품, 매캐함)"": 1}","공장 냄새(화학약품, 매캐함)"
익산시만,2023-05-22 11:00:00,1,1,"{""동산동"": 1}",3.0,3,"{""가축 분뇨 냄새(닭, 돼지, 소)"": 1}","가축 분뇨 냄새(닭, 돼지, 소)"
익산시만,2023-05-22 23:00:00,1,1,"{""부송동"": 1}",4.0,4,"{""가축 분뇨 냄새(닭, 돼지, 소)"": 1}","가축 분뇨 냄새(닭, 돼지, 소)"
익산시만,2023-05-24 00:00:00,2,2,"{""부송동"": 1, ""동산동"": 1}",3.5,4,"{""가축 분뇨 냄새(닭, 돼지, 소)"": 2}","가축 분뇨 냄새(닭, 돼지, 소)"
익산시만,2023-05-24 03:00:00,1,1,"{""부송동"": 1}",3.0,3,"{""공장 냄새(화학약품, 매캐함)"": 1}","공장 냄새(화학약품, 매캐함)"
익산시만,2023-05-25 03:00:00,1,1,"{""부송동"": 1}",4.0,4,"{""소각 냄새(태우는 냄새)"": 1}",소각 냄새(태우는 냄새)
익산시만,2023-05-25 20:00:00,1,1,"{""동산동"": 1}",5.0,5,"{""소각 냄새(태우는 냄새)"": 1}",소각 냄새(태우는 냄새)
익산시만,2023-05-26 05:00:00,1,1,"{""춘포면 천서리"": 1}",2.0,2,"{""공장 냄새(화학약품, 매캐함)"": 1}","공장 냄새(화학약품, 매캐함)"
익산시만,2023-05-26 20:00:00,1,1,"{""왕궁면 구덕리"": 1}",3.0,3,"{""가축 분뇨 냄새(닭, 돼지, 소)"": 1}","가축 분뇨 냄새(닭, 돼지, 소)"
익산시만,2023-05-27 18:00:00,1,1,"{""동산동"": 1}",4.0,4,"{""가축 분뇨 냄새(닭, 돼지, 소)"": 1}","가축 분뇨 냄새(닭, 돼지, 소)"
익산시만,2023-05-27 19:00:00,1,1,"{""부송동"": 1}",4.0,4,"{""가축 분뇨 냄새(닭, 돼지, 소)"": 1}","가축 분뇨 냄새(닭, 돼지, 소)"
익산시만,2023-05-27 20:00:00,1,1,"{""어양동"": 1}",3.0,3,"{""가축 분뇨 냄새(닭, 돼지, 소)"": 1}","가축 분뇨 냄새(닭, 돼지, 소)"
익산시만,2023-05-27 21:00:00,1,1,"{""영등동"": 1}",4.0,4,"{""가축 분뇨 냄새(닭, 돼지, 소)"": 1}","가축 분뇨 냄새(닭, 돼지, 소)"
익산시만,2023-05-27 22:00:00,2,2,"{""영등동"": 1, ""마동"": 1}",3.0,4,"{""가축 분뇨 냄새(닭, 돼지, 소)"": 2}","가축 분뇨 냄새(닭, 돼지, 소)"
익산시만,2023-05-28 00:00:00,2,2,"{""모현동1가"": 1, ""영등동"": 1}",3.0,3,"{""가축 분뇨 냄새(닭, 돼지, 소)"": 2}","가축 분뇨 냄새(닭, 돼지, 소)"
익산시만,2023-05-28 22:00:00,2,2,"{""어양동"": 1, ""부송동"": 1}",3.5,4,"{""가축 분뇨 냄새(닭, 돼지, 소)"": 2}","가축 분뇨 냄새(닭, 돼지, 소)"
익산시만,2023-05-30 17:00:00,1,1,"{""낭산면 용기리"": 1}",4.0,4,"{""가축 분뇨 냄새(닭, 돼지, 소)"": 1}","가축 분뇨 냄새(닭, 돼지, 소)"
익산시만,2023-05-30 18:00:00,1,1,"{""낭산면 용기리"": 1}",5.0,5,"{""가축 분뇨 냄새(닭, 돼지, 소)"": 1}","가축 분뇨 냄새(닭, 돼지, 소)"
익산시만,2023-05-30 21:00:00,1,1,"{""부송동"": 1}",3.0,3,"{""소각 냄새(태우는 냄새)"": 1}",소각 냄새(태우는 냄새)
익산시만,2023-05-31 23:00:00,1,1,"{""창인동2가"": 1}",4.0,4,"{""기타"": 1}",기타
익산시만,2023-06-01 00:00:00,4,4,"{""영등동"": 2, ""창인동2가"": 1, ""어양동"": 1}",3.75,4,"{""가축 분뇨 냄새(닭, 돼지, 소)"": 3, ""기타"": 1}","가축 분뇨 냄새(닭, 돼지, 소)"
익산시만,2023-06-02 05:00:00,1,1,"{""춘포면 천서리"": 1}",3.0,3,"{""가축 분뇨 냄새(닭, 돼지, 소)"": 1}","가축 분뇨 냄새(닭, 돼지, 소)"
익산시만,2023-06-02 12:00:00,1,1,"{""낭산면 용기리"": 1}",3.0,3,"{""가축 분뇨 냄새(닭, 돼지, 소)"": 1}","가축 분뇨 냄새(닭, 돼지, 소)"
익산시만,2023-06-02 13:00:00,1,1,"{""신흥동"": 1}",3.0,3,"{""가축 분뇨 냄새(닭, 돼지, 소)"": 1}","가축 분뇨 냄새(닭, 돼지, 소)"
익산시만,2023-06-03 14:00:00,1,1,"{""송학동"": 1}",4.0,4,"{""가축 분뇨 냄새(닭, 돼지, 소)"": 1}","가축 분뇨 냄새(닭, 돼지, 소)"
익산시만,2023-06-03 16:00:00,1,1,"{""송학동"": 1}",4.0,4,"{""가축 분뇨 냄새(닭, 돼지, 소)"": 1}","가축 분뇨 냄새(닭, 돼지, 소)"
익산시만,2023-06-03 19:00:00,1,1,"{""송학동"": 1}",3.0,3,"{""가축 분뇨 냄새(닭, 돼지, 소)"": 1}","가축 분뇨 냄새(닭, 돼지, 소)"
익산시만,2023-06-04 02:00:00,1,1,"{""모현동2가"": 1}",3.0,3,"{""가축 분뇨 냄새(닭, 돼지, 소)"": 1}","가축 분뇨 냄새(닭, 돼지, 소)"
익산시만,2023-06-04 06:00:00,1,1,"{""금마면 신용리"": 1}",3.0,3,"{""가축 분뇨 냄새(닭, 돼지, 소)"": 1}","가축 분뇨 냄새(닭, 돼지, 소)"
익산시만,2023-06-04 18:00:00,2,2,"{""오산면 신지리"": 1, ""송학동"": 1}",4.5,5,"{""가축 분뇨 냄새(닭, 돼지, 소)"": 1, ""기타"": 1}","가축 분뇨 냄새(닭, 돼지, 소)"
익산시만,2023-06-04 20:00:00,2,2,"{""송학동"": 2}",3.5,4,"{""기타"": 1, ""가축 분뇨 냄새(닭, 돼지, 소)"": 1}",기타
익산시만,2023-06-04 21:00:00,1,1,"{""송학동"": 1}",5.0,5,"{""가축 분뇨 냄새(닭, 돼지, 소)"": 1}","가축 분뇨 냄새(닭, 돼지, 소)"
익산시만,2023-06-05 02:00:00,1,1,"{""동산동"": 1}",4.0,4,"{""가축 분뇨 냄새(닭, 돼지, 소)"": 1}","가축 분뇨 냄새(닭, 돼지, 소)"
익산시만,2023-06-05 06:00:00,1,1,"{""영등동"": 1}",3.0,3,"{""가축 분뇨 냄새(닭, 돼지, 소)"": 1}","가축 분뇨 냄새(닭, 돼지, 소)"
익산시만,2023-06-06 03:00:00,1,1,"{""신동"": 1}",5.0,5,"{""가축 분뇨 냄새(닭, 돼지, 소)"": 1}","가축 분뇨 냄새(닭, 돼지, 소)"
익산시만,2023-06-06 07:00:00,1,1,"{""어양동"": 1}",4.0,4,"{""가축 분뇨 냄새(닭, 돼지, 소)"": 1}","가축 분뇨 냄새(닭, 돼지, 소)"
익산시만,2023-06-08 21:00:00,2,2,"{""왕궁면 온수리"": 2}",5.0,5,"{""가축 분뇨 냄새(닭, 돼지, 소)"": 2}","가축 분뇨 냄새(닭, 돼지, 소)"
익산시만,2023-06-09 17:00:00,1,1,"{""오산면 신지리"": 1}",2.0,2,"{""가축 분뇨 냄새(닭, 돼지, 소)"": 1}","가축 분뇨 냄새(닭, 돼지, 소)"
익산시만,2023-06-09 21:00:00,1,1,"{""용동면 용성리"": 1}",4.0,4,"{""가축 분뇨 냄새(닭, 돼지, 소)"": 1}","가축 분뇨 냄새(닭, 돼지, 소)"
익산시만,2023-06-10 01:00:00,1,1,"{""팔봉동"": 1}",3.0,3,"{""소각 냄새(태우는 냄새)"": 1}",소각 냄새(태우는 냄새)
익산시만,2023-06-10 19:00:00,3,3,"{""동산동"": 1, ""어양동"": 1, ""현영동"": 1}",3.6666666666666665,5,"{""가축 분뇨 냄새(닭, 돼지, 소)"": 2, ""공장 냄새(화학약품, 매캐함)"": 1}","가축 분뇨 냄새(닭, 돼지, 소)"
익산시만,2023-06-10 22:00:00,1,1,"{""부송동"": 1}",4.0,4,"{""소각 냄새(태우는 냄새)"": 1}",소각 냄새(태우는 냄새)
익산시만,2023-06-11 00:00:00,1,1,"{""부송동"": 1}",3.0,3,"{""공장 냄새(화학약품, 매캐함)"": 1}","공장 냄새(화학약품, 매캐함)"
익산시만,2023-06-11 05:00:00,1,1,"{""동산동"": 1}",4.0,4,"{""가축 분뇨 냄새(닭, 돼지, 소)"": 1}","가축 분뇨 냄새(닭, 돼지, 소)"
익산시만,2023-06-11 08:00:00,1,1,"{""동산동"": 1}",3.0,3,"{""공장 냄새(화학약품, 매캐함)"": 1}","공장 냄새(화학약품, 매캐함)"
익산시만,2023-06-11 10:00:00,1,1,"{""신흥동"": 1}",5.0,5,"{""가축 분뇨 냄새(닭, 돼지, 소)"": 1}","가축 분뇨 냄새(닭, 돼지, 소)"
익산시만,2023-06-12 23:00:00,1,1,"{""팔봉동"": 1}",2.0,2,"{""공장 냄새(화학약품, 매캐함)"": 1}","공장 냄새(화학약품, 매캐함)"
익산시만,2023-06-14 03:00:00,1,1,"{""부송동"": 1}",3.0,3,"{""공장 냄새(화학약품, 매캐함)"": 1}","공장 냄새(화학약품, 매캐함)"
익산시만,2023-06-15 18:00:00,1,1,"{""삼기면 기산리"": 1}",3.0,3,"{""공장 냄새(화학약품, 매캐함)"": 1}","공장 냄새(화학약품, 매캐함)"
익산시만,2023-06-16 04:00:00,1,1,"{""어양동"": 1}",5.0,5,"{""가축 분뇨 냄새(닭, 돼지, 소)"": 1}","가축 분뇨 냄새(닭, 돼지, 소)"
익산시만,2023-06-17 06:00:00,1,1,"{""영등동"": 1}",4.0,4,"{""가축 분뇨 냄새(닭, 돼지, 소)"": 1}","가축 분뇨 냄새(닭, 돼지, 소)"
익산시만,2023-06-18 05:00:00,1,1,"{""동산동"": 1}",4.0,4,"{""가축 분뇨 냄새(닭, 돼지, 소)"": 1}","가축 분뇨 냄새(닭, 돼지, 소)"
익산시만,2023-06-18 07:00:00,3,3,"{""어양동"": 1, ""모현동1가"": 1, ""춘포면 천서리"": 1}",3.3333333333333335,4,"{""가축 분뇨 냄새(닭, 돼지, 소)"": 2, ""소각 냄새(태우는 냄새)"": 1}","가축 분뇨 냄새(닭, 돼지, 소)"
익산시만,2023-06-19 05:00:00,1,1,"{""부송동"": 1}",5.0,5,"{""공장 냄새(화학약품, 매캐함)"": 1}","공장 냄새(화학약품, 매캐함)"
익산시만,2023-06-20 05:00:00,1,1,"{""춘포면 쌍정리"": 1}",4.0,4,"{""가축 분뇨 냄새(닭, 돼지, 소)"": 1}","가축 분뇨 냄새(닭, 돼지, 소)"
익산시만,2023-06-20 07:00:00,2,2,"{""어양동"": 1, ""영등동"": 1}",4.0,4,"{""가축 분뇨 냄새(닭, 돼지, 소)"": 2}","가축 분뇨 냄새(닭, 돼지, 소)"
익산시만,2023-06-20 19:00:00,2,2,"{""어양동"": 1, ""춘포면 쌍정리"": 1}",4.0,4,"{""공장 냄새(화학약품, 매캐함)"": 1, ""가축 분뇨 냄새(닭, 돼지, 소)"": 1}","공장 냄새(화학약품, 매캐함)"
익산시만,2023-06-21 07:00:00,1,1,"{""어양동"": 1}",3.0,3,"{""가축 분뇨 냄새(닭, 돼지, 소)"": 1}","가축 분뇨 냄새(닭, 돼지, 소)"
익산시만,2023-06-25 01:00:00,1,1,"{""팔봉동"": 1}",4.0,4,"{""소각 냄새(태우는 냄새)"": 1}",소각 냄새(태우는 냄새)
익산시만,2023-06-25 06:00:00,1,1,"{""금마면 신용리"": 1}",3.0,3,"{""가축 분뇨 냄새(닭, 돼지, 소)"": 1}","가축 분뇨 냄새(닭, 돼지, 소)"
익산시만,2023-06-25 07:00:00,1,1,"{""부송동"": 1}",5.0,5,"{""공장 냄새(화학약품, 매캐함)"": 1}","공장 냄새(화학약품, 매캐함)"
익산시만,2023-06-25 08:00:00,1,1,"{""부송동"": 1}",5.0,5,"{""공장 냄새(화학약품, 매캐함)"": 1}","공장 냄새(화학약품, 매캐함)"
익산시만,2023-06-25 19:00:00,4,4,"{""동산동"": 2, ""부송동"": 1, ""영등동"": 1}",3.75,4,"{""가축 분뇨 냄새(닭, 돼지, 소)"": 4}","가축 분뇨 냄새(닭, 돼지, 소)"
익산시만,2023-06-25 20:00:00,1,1,"{""송학동"": 1}",4.0,4,"{""가축 분뇨 냄새(닭, 돼지, 소)"": 1}","가축 분뇨 냄새(닭, 돼지, 소)"
익산시만,2023-06-26 09:00:00,1,1,"{""춘포면 천서리"": 1}",3.0,3,"{""가축 분뇨 냄새(닭, 돼지, 소)"": 1}","가축 분뇨 냄새(닭, 돼지, 소)"
익산시만,2023-06-26 17:00:00,1,1,"{""부송동"": 1}",4.0,4,"{""가축 분뇨 냄새(닭, 돼지, 소)"": 1}","가축 분뇨 냄새(닭, 돼지, 소)"
익산시만,2023-06-26 18:00:00,1,1,"{""어양동"": 1}",4.0,4,"{""가축 분뇨 냄새(닭, 돼지, 소)"": 1}","가축 분뇨 냄새(닭, 돼지, 소)"
익산시만,2023-06-26 19:00:00,4,4,"{""어양동"": 2, ""부송동"": 2}",3.75,4,"{""가축 분뇨 냄새(닭, 돼지, 소)"": 4}","가축 분뇨 냄새(닭, 돼지, 소)"
익산시만,2023-06-26 20:00:00,1,1,"{""어양동"": 1}",3.0,3,"{""가축 분뇨 냄새(닭, 돼지, 소)"": 1}","가축 분뇨 냄새(닭, 돼지, 소)"
익산시만,2023-06-26 22:00:00,1,1,"{""팔봉동"": 1}",4.0,4,"{""소각 냄새(태우는 냄새)"": 1}",소각 냄새(태우는 냄새)
익산시만,2023-06-28 23:00:00,2,2,"{""부송동"": 2}",4.0,4,"{""가축 분뇨 냄새(닭, 돼지, 소)"": 1, ""하수구 냄새"": 1}","가축 분뇨 냄새(닭, 돼지, 소)"
익산시만,2023-06-29 00:00:00,1,1,"{""동산동"": 1}",3.0,3,"{""가축 분뇨 냄새(닭, 돼지, 소)"": 1}","가축 분뇨 냄새(닭, 돼지, 소)"
익산시만,2023-06-29 01:00:00,1,1,"{""마동"": 1}",4.0,4,"{""가축 분뇨 냄새(닭, 돼지, 소)"": 1}","가축 분뇨 냄새(닭, 돼지, 소)"
익산시만,2023-06-29 06:00:00,1,1,"{""춘포면 천서리"": 1}",2.0,2,"{""가축 분뇨 냄새(닭, 돼지, 소)"": 1}","가축 분뇨 냄새(닭, 돼지, 소)"
익산시만,2023-06-29 08:00:00,2,2,"{""동산동"": 1, ""신용동"": 1}",3.5,4,"{""가축 분뇨 냄새(닭, 돼지, 소)"": 2}","가축 분뇨 냄새(닭, 돼지, 소)"
익산시만,2023-06-29 10:00:00,1,1,"{""오산면 신지리"": 1}",2.0,2,"{""가축 분뇨 냄새(닭, 돼지, 소)"": 1}","가축 분뇨 냄새(닭, 돼지, 소)"
익산시만,2023-06-29 11:00:00,1,1,"{""송학동"": 1}",4.0,4,"{""가축 분뇨 냄새(닭, 돼지, 소)"": 1}","가축 분뇨 냄새(닭, 돼지, 소)"
익산시만,2023-06-30 22:00:00,1,1,"{""부송동"": 1}",4.0,4,"{""가축 분뇨 냄새(닭, 돼지, 소)"": 1}","가축 분뇨 냄새(닭, 돼지, 소)"
익산시만,2023-07-01 03:00:00,1,1,"{""춘포면 쌍정리"": 1}",4.0,4,"{""가축 분뇨 냄새(닭, 돼지, 소)"": 1}","가축 분뇨 냄새(닭, 돼지, 소)"
익산시만,2023-07-01 05:00:00,1,1,"{""춘포면 천서리"": 1}",3.0,3,"{""가축 분뇨 냄새(닭, 돼지, 소)"": 1}","가축 분뇨 냄새(닭, 돼지, 소)"
익산시만,2023-07-02 05:00:00,1,1,"{""춘포면 쌍정리"": 1}",3.0,3,"{""가축 분뇨 냄새(닭, 돼지, 소)"": 1}","가축 분뇨 냄새(닭, 돼지, 소)"
익산시만,2023-07-04 02:00:00,1,1,"{""평화동"": 1}",5.0,5,"{""하수구 냄새"": 1}",하수구 냄새
익산시만,2023-07-04 03:00:00,1,1,"{""춘포면 쌍정리"": 1}",3.0,3,"{""가축 분뇨 냄새(닭, 돼지, 소)"": 1}","가축 분뇨 냄새(닭, 돼지, 소)"
익산시만,2023-07-04 12:00:00,1,1,"{""영등동"": 1}",4.0,4,"{""가축 분뇨 냄새(닭, 돼지, 소)"": 1}","가축 분뇨 냄새(닭, 돼지, 소)"
익산시만,2023-07-04 19:00:00,1,1,"{""동산동"": 1}",5.0,5,"{""가축 분뇨 냄새(닭, 돼지, 소)"": 1}","가축 분뇨 냄새(닭, 돼지, 소)"
익산시만,2023-07-05 00:00:00,1,1,"{""동산동"": 1}",2.0,2,"{""가축 분뇨 냄새(닭, 돼지, 소)"": 1}","가축 분뇨 냄새(닭, 돼지, 소)"
익산시만,2023-07-05 21:00:00,1,1,"{""어양동"": 1}",2.0,2,"{""공장 냄새(화학약품, 매캐함)"": 1}","공장 냄새(화학약품, 매캐함)"
익산시만,2023-07-05 22:00:00,16,16,"{""영등동"": 6, ""동산동"": 6, ""부송동"": 1, ""어양동"": 1, ""갈산동"": 1, ""마동"": 1}",4.125,5,"{""가축 분뇨 냄새(닭, 돼지, 소)"": 14, ""공장 냄새(화학약품, 매캐함)"": 1, ""하수구 냄새"": 1}","가축 분뇨 냄새(닭, 돼지, 소)"
익산시만,2023-07-05 23:00:00,3,3,"{""모현동1가"": 2, ""송학동"": 1}",4.0,4,"{""가축 분뇨 냄새(닭, 돼지, 소)"": 3}","가축 분뇨 냄새(닭, 돼지, 소)"
익산시만,2023-07-06 00:00:00,1,1,"{""마동"": 1}",5.0,5,"{""공장 냄새(화학약품, 매캐함)"": 1}","공장 냄새(화학약품, 매캐함)"
익산시만,2023-07-06 06:00:00,1,1,"{""금마면 신용리"": 1}",3.0,3,"{""가축 분뇨 냄새(닭, 돼지, 소)"": 1}","가축 분뇨 냄새(닭, 돼지, 소)"
익산시만,2023-07-06 19:00:00,1,1,"{""현영동"": 1}",4.0,4,"{""가축 분뇨 냄새(닭, 돼지, 소)"": 1}","가축 분뇨 냄새(닭, 돼지, 소)"
익산시만,2023-07-07 00:00:00,1,1,"{""춘포면 쌍정리"": 1}",4.0,4,"{""가축 분뇨 냄새(닭, 돼지, 소)"": 1}","가축 분뇨 냄새(닭, 돼지, 소)"
익산시만,2023-07-08 23:00:00,2,2,"{""동산동"": 1, ""춘포면 쌍정리"": 1}",4.0,4,"{""하수구 냄새"": 1, ""가축 분뇨 냄새(닭, 돼지, 소)"": 1}",하수구 냄새
익산시만,2023-07-09 00:00:00,1,1,"{""춘포면 쌍정리"": 1}",4.0,4,"{""가축 분뇨 냄새(닭, 돼지, 소)"": 1}","가축 분뇨 냄새(닭, 돼지, 소)"
익산시만,2023-07-09 01:00:00,1,1,"{""동산동"": 1}",4.0,4,"{""가축 분뇨 냄새(닭, 돼지, 소)"": 1}","가축 분뇨 냄새(닭, 돼지, 소)"
익산시만,2023-07-09 06:00:00,2,2,"{""동산동"": 2}",5.0,5,"{""하수구 냄새"": 1, ""가축 분뇨 냄새(닭, 돼지, 소)"": 1}",하수구 냄새
익산시만,2023-07-09 07:00:00,1,1,"{""오산면 신지리"": 1}",2.0,2,"{""가축 분뇨 냄새(닭, 돼지, 소)"": 1}","가축 분뇨 냄새(닭, 돼지, 소)"
익산시만,2023-07-09 09:00:00,1,1,"{""어양동"": 1}",2.0,2,"{""가축 분뇨 냄새(닭, 돼지, 소)"": 1}","가축 분뇨 냄새(닭, 돼지, 소)"
익산시만,2023-07-09 22:00:00,2,2,"{""평화동"": 1, ""송학동"": 1}",4.5,5,"{""하수구 냄새"": 2}",하수구 냄새
익산시만,2023-07-10 03:00:00,1,1,"{""영등동"": 1}",3.0,3,"{""가축 분뇨 냄새(닭, 돼지, 소)"": 1}","가축 분뇨 냄새(닭, 돼지, 소)"
익산시만,2023-07-10 22:00:00,2,2,"{""춘포면 쌍정리"": 1, ""송학동"": 1}",3.5,4,"{""가축 분뇨 냄새(닭, 돼지, 소)"": 2}","가축 분뇨 냄새(닭, 돼지, 소)"
익산시만,2023-07-10 23:00:00,1,1,"{""동산동"": 1}",5.0,5,"{""가축 분뇨 냄새(닭, 돼지, 소)"": 1}","가축 분뇨 냄새(닭, 돼지, 소)"
익산시만,2023-07-11 02:00:00,1,1,"{""동산동"": 1}",5.0,5,"{""하수구 냄새"": 1}",하수구 냄새
익산시만,2023-07-12 00:00:00,1,1,"{""영등동"": 1}",3.0,3,"{""가축 분뇨 냄새(닭, 돼지, 소)"": 1}","가축 분뇨 냄새(닭, 돼지, 소)"
익산시만,2023-07-13 00:00:00,1,1,"{""평화동"": 1}",5.0,5,"{""하수구 냄새"": 1}",하수구 냄새
익산시만,2023-07-13 08:00:00,1,1,"{""신흥동"": 1}",2.0,2,"{""가축 분뇨 냄새(닭, 돼지, 소)"": 1}","가축 분뇨 냄새(닭, 돼지, 소)"
익산시만,2023-07-13 11:00:00,1,1,"{""모현동1가"": 1}",4.0,4,"{""가축 분뇨 냄새(닭, 돼지, 소)"": 1}","가축 분뇨 냄새(닭, 돼지, 소)"
익산시만,2023-07-13 16:00:00,2,2,"{""부송동"": 2}",4.0,4,"{""가축 분뇨 냄새(닭, 돼지, 소)"": 2}","가축 분뇨 냄새(닭, 돼지, 소)"
익산시만,2023-07-13 18:00:00,1,1,"{""동산동"": 1}",4.0,4,"{""가축 분뇨 냄새(닭, 돼지, 소)"": 1}","가축 분뇨 냄새(닭, 돼지, 소)"
익산시만,2023-07-13 19:00:00,3,3,"{""어양동"": 1, ""모현동1가"": 1, ""영등동"": 1}",4.0,5,"{""가축 분뇨 냄새(닭, 돼지, 소)"": 3}","가축 분뇨 냄새(닭, 돼지, 소)"
익산시만,2023-07-13 20:00:00,4,4,"{""어양동"": 2, ""동산동"": 1, ""부송동"": 1}",4.0,5,"{""가축 분뇨 냄새(닭, 돼지, 소)"": 4}","가축 분뇨 냄새(닭, 돼지, 소)"
익산시만,2023-07-13 21:00:00,9,9,"{""동산동"": 2, ""부송동"": 2, ""어양동"": 2, ""영등동"": 2, ""팔봉동"": 1}",3.6666666666666665,5,"{""가축 분뇨 냄새(닭, 돼지, 소)"": 8, ""하수구 냄새"": 1}","가축 분뇨 냄새(닭, 돼지, 소)"
익산시만,2023-07-13 22:00:00,3,3,"{""송학동"": 2, ""영등동"": 1}",4.333333333333333,5,"{""가축 분뇨 냄새(닭, 돼지, 소)"": 3}","가축 분뇨 냄새(닭, 돼지, 소)"
익산시만,2023-07-13 23:00:00,3,3,"{""동산동"": 2, ""영등동"": 1}",3.6666666666666665,4,"{""가축 분뇨 냄새(닭, 돼지, 소)"": 3}","가축 분뇨 냄새(닭, 돼지, 소)"
익산시만,2023-07-14 00:00:00,1,1,"{""부송동"": 1}",4.0,4,"{""가축 분뇨 냄새(닭, 돼지, 소)"": 1}","가축 분뇨 냄새(닭, 돼지, 소)"
익산시만,2023-07-14 01:00:00,1,1,"{""영등동"": 1}",4.0,4,"{""가축 분뇨 냄새(닭, 돼지, 소)"": 1}","가축 분뇨 냄새(닭, 돼지, 소)"
익산시만,2023-07-16 04:00:00,2,2,"{""부송동"": 1, ""영등동"": 1}",3.0,3,"{""가축 분뇨 냄새(닭, 돼지, 소)"": 1, ""하수구 냄새"": 1}","가축 분뇨 냄새(닭, 돼지, 소)"
익산시만,2023-07-16 11:00:00,1,1,"{""용동면 용성리"": 1}",4.0,4,"{""가축 분뇨 냄새(닭, 돼지, 소)"": 1}","가축 분뇨 냄새(닭, 돼지, 소)"
익산시만,2023-07-16 23:00:00,1,1,"{""동산동"": 1}",2.0,2,"{""가축 분뇨 냄새(닭, 돼지, 소)"": 1}","가축 분뇨 냄새(닭, 돼지, 소)"
익산시만,2023-07-17 00:00:00,1,1,"{""동산동"": 1}",3.0,3,"{""가축 분뇨 냄새(닭, 돼지, 소)"": 1}","가축 분뇨 냄새(닭, 돼지, 소)"
익산시만,2023-07-17 01:00:00,4,4,"{""영등동"": 2, ""부송동"": 1, ""마동"": 1}",4.0,5,"{""가축 분뇨 냄새(닭, 돼지, 소)"": 4}","가축 분뇨 냄새(닭, 돼지, 소)"
익산시만,2023-07-17 02:00:00,2,2,"{""영등동"": 1, ""부송동"": 1}",3.5,4,"{""가축 분뇨 냄새(닭, 돼지, 소)"": 2}","가축 분뇨 냄새(닭, 돼지, 소)"
익산시만,2023-07-17 16:00:00,1,1,"{""영등동"": 1}",4.0,4,"{""가축 분뇨 냄새(닭, 돼지, 소)"": 1}","가축 분뇨 냄새(닭, 돼지, 소)"
익산시만,2023-07-17 18:00:00,1,1,"{""오산면 신지리"": 1}",3.0,3,"{""가축 분뇨 냄새(닭, 돼지, 소)"": 1}","가축 분뇨 냄새(닭, 돼지, 소)"
익산시만,2023-07-17 19:00:00,4,4,"{""어양동"": 1, ""동산동"": 1, ""춘포면 천서리"": 1, ""부송동"": 1}",3.75,4,"{""가축 분뇨 냄새(닭, 돼지, 소)"": 4}","가축 분뇨 냄새(닭, 돼지, 소)"
익산시만,2023-07-17 20:00:00,1,1,"{""신흥동"": 1}",4.0,4,"{""가축 분뇨 냄새(닭, 돼지, 소)"": 1}","가축 분뇨 냄새(닭, 돼지, 소)"
익산시만,2023-07-18 02:00:00,2,2,"{""마동"": 1, ""춘포면 쌍정리"": 1}",5.0,5,"{""가축 분뇨 냄새(닭, 돼지, 소)"": 2}","가축 분뇨 냄새(닭, 돼지, 소)"
익산시만,2023-07-18 03:00:00,1,1,"{""영등동"": 1}",3.0,3,"{""공장 냄새(화학약품, 매캐함)"": 1}","공장 냄새(화학약품, 매캐함)"
익산시만,2023-07-18 04:00:00,1,1,"{""동산동"": 1}",4.0,4,"{""가축 분뇨 냄새(닭, 돼지, 소)"": 1}","가축 분뇨 냄새(닭, 돼지, 소)"
익산시만,2023-07-20 06:00:00,1,1,"{""금마면 신용리"": 1}",3.0,3,"{""가축 분뇨 냄새(닭, 돼지, 소)"": 1}","가축 분뇨 냄새(닭, 돼지, 소)"
익산시만,2023-07-21 00:00:00,1,1,"{""동산동"": 1}",2.0,2,"{""하수구 냄새"": 1}",하수구 냄새
익산시만,2023-07-21 01:00:00,2,2,"{""부송동"": 1, ""마동"": 1}",5.0,5,"{""가축 분뇨 냄새(닭, 돼지, 소)"": 2}","가축 분뇨 냄새(닭, 돼지, 소)"
익산시만,2023-07-21 21:00:00,1,1,"{""부송동"": 1}",5.0,5,"{""공장 냄새(화학약품, 매캐함)"": 1}","공장 냄새(화학약품, 매캐함)"
익산시만,2023-07-21 23:00:00,1,1,"{""부송동"": 1}",5.0,5,"{""공장 냄새(화학약품, 매캐함)"": 1}","공장 냄새(화학약품, 매캐함)"
익산시만,2023-07-22 14:00:00,1,1,"{""송학동"": 1}",4.0,4,"{""가축 분뇨 냄새(닭, 돼지, 소)"": 1}","가축 분뇨 냄새(닭, 돼지, 소)"
익산시만,2023-07-22 18:00:00,2,2,"{""동산동"": 1, ""마동"": 1}",4.0,5,"{""가축 분뇨 냄새(닭, 돼지, 소)"": 2}","가축 분뇨 냄새(닭, 돼지, 소)"
익산시만,2023-07-22 19:00:00,1,1,"{""영등동"": 1}",3.0,3,"{""가축 분뇨 냄새(닭, 돼지, 소)"": 1}","가축 분뇨 냄새(닭, 돼지, 소)"
익산시만,2023-07-23 02:00:00,1,1,"{""송학동"": 1}",5.0,5,"{""가축 분뇨 냄새(닭, 돼지, 소)"": 1}","가축 분뇨 냄새(닭, 돼지, 소)"
익산시만,2023-07-23 04:00:00,1,1,"{""송학동"": 1}",4.0,4,"{""가축 분뇨 냄새(닭, 돼지, 소)"": 1}","가축 분뇨 냄새(닭, 돼지, 소)"
익산시만,2023-07-23 05:00:00,2,2,"{""마동"": 1, ""동산동"": 1}",4.0,5,"{""가축 분뇨 냄새(닭, 돼지, 소)"": 1, ""하수구 냄새"": 1}","가축 분뇨 냄새(닭, 돼지, 소)"
익산시만,2023-07-23 06:00:00,1,1,"{""모현동1가"": 1}",5.0,5,"{""가축 분뇨 냄새(닭, 돼지, 소)"": 1}","가축 분뇨 냄새(닭, 돼지, 소)"
익산시만,2023-07-23 08:00:00,4,4,"{""영등동"": 1, ""마동"": 1, ""어양동"": 1, ""남중동"": 1}",4.25,5,"{""가축 분뇨 냄새(닭, 돼지, 소)"": 4}","가축 분뇨 냄새(닭, 돼지, 소)"
익산시만,2023-07-23 09:00:00,2,2,"{""동산동"": 2}",4.0,5,"{""가축 분뇨 냄새(닭, 돼지, 소)"": 2}","가축 분뇨 냄새(닭, 돼지, 소)"
익산시만,2023-07-23 10:00:00,1,1,"{""영등동"": 1}",2.0,2,"{""가축 분뇨 냄새(닭, 돼지, 소)"": 1}","가축 분뇨 냄새(닭, 돼지, 소)"
익산시만,2023-07-23 18:00:00,1,1,"{""모현동1가"": 1}",3.0,3,"{""가축 분뇨 냄새(닭, 돼지, 소)"": 1}","가축 분뇨 냄새(닭, 돼지, 소)"
익산시만,2023-07-23 22:00:00,1,1,"{""영등동"": 1}",3.0,3,"{""가축 분뇨 냄새(닭, 돼지, 소)"": 1}","가축 분뇨 냄새(닭, 돼지, 소)"
익산시만,2023-07-24 01:00:00,1,1,"{""모현동1가"": 1}",4.0,4,"{""가축 분뇨 냄새(닭, 돼지, 소)"": 1}","가축 분뇨 냄새(닭, 돼지, 소)"
익산시만,2023-07-24 22:00:00,1,1,"{""오산면 신지리"": 1}",2.0,2,"{""가축 분뇨 냄새(닭, 돼지, 소)"": 1}","가축 분뇨 냄새(닭, 돼지, 소)"
익산시만,2023-07-24 23:00:00,2,2,"{""부송동"": 2}",4.0,4,"{""가축 분뇨 냄새(닭, 돼지, 소)"": 2}","가축 분뇨 냄새(닭, 돼지, 소)"
익산시만,2023-07-25 00:00:00,2,2,"{""동산동"": 1, ""어양동"": 1}",3.5,4,"{""가축 분뇨 냄새(닭, 돼지, 소)"": 2}","가축 분뇨 냄새(닭, 돼지, 소)"
익산시만,2023-07-25 08:00:00,1,1,"{""영등동"": 1}",5.0,5,"{""가축 분뇨 냄새(닭, 돼지, 소)"": 1}","가축 분뇨 냄새(닭, 돼지, 소)"
익산시만,2023-07-25 16:00:00,1,1,"{""부송동"": 1}",5.0,5,"{""가축 분뇨 냄새(닭, 돼지, 소)"": 1}","가축 분뇨 냄새(닭, 돼지, 소)"
익산시만,2023-07-25 17:00:00,3,3,"{""어양동"": 1, ""춘포면 쌍정리"": 1, ""용동면 용성리"": 1}",4.0,5,"{""가축 분뇨 냄새(닭, 돼지, 소)"": 2, ""공장 냄새(화학약품, 매캐함)"": 1}","가축 분뇨 냄새(닭, 돼지, 소)"
익산시만,2023-07-25 19:00:00,1,1,"{""오산면 신지리"": 1}",4.0,4,"{""가축 분뇨 냄새(닭, 돼지, 소)"": 1}","가축 분뇨 냄새(닭, 돼지, 소)"
익산시만,2023-07-25 20:00:00,3,3,"{""부송동"": 1, ""영등동"": 1, ""어양동"": 1}",4.333333333333333,5,"{""공장 냄새(화학약품, 매캐함)"": 2, ""가축 분뇨 냄새(닭, 돼지, 소)"": 1}","공장 냄새(화학약품, 매캐함)"
익산시만,2023-07-25 21:00:00,1,1,"{""마동"": 1}",5.0,5,"{""가축 분뇨 냄새(닭, 돼지, 소)"": 1}","가축 분뇨 냄새(닭, 돼지, 소)"
익산시만,2023-07-25 22:00:00,1,1,"{""부송동"": 1}",5.0,5,"{""공장 냄새(화학약품, 매캐함)"": 1}","공장 냄새(화학약품, 매캐함)"
익산시만,2023-07-25 23:00:00,1,1,"{""마동"": 1}",4.0,4,"{""가축 분뇨 냄새(닭, 돼지, 소)"": 1}","가축 분뇨 냄새(닭, 돼지, 소)"
익산시만,2023-07-26 01:00:00,1,1,"{""영등동"": 1}",3.0,3,"{""가축 분뇨 냄새(닭, 돼지, 소)"": 1}","가축 분뇨 냄새(닭, 돼지, 소)"
익산시만,2023-07-26 19:00:00,1,1,"{""어양동"": 1}",4.0,4,"{""공장 냄새(화학약품, 매캐함)"": 1}","공장 냄새(화학약품, 매캐함)"
익산시만,2023-07-26 20:00:00,1,1,"{""춘포면 쌍정리"": 1}",4.0,4,"{""가축 분뇨 냄새(닭, 돼지, 소)"": 1}","가축 분뇨 냄새(닭, 돼지, 소)"
익산시만,2023-07-26 22:00:00,1,1,"{""동산동"": 1}",4.0,4,"{""하수구 냄새"": 1}",하수구 냄새
익산시만,2023-07-27 00:00:00,1,1,"{""어양동"": 1}",3.0,3,"{""가축 분뇨 냄새(닭, 돼지, 소)"": 1}","가축 분뇨 냄새(닭, 돼지, 소)"
익산시만,2023-07-27 05:00:00,1,1,"{""부송동"": 1}",5.0,5,"{""공장 냄새(화학약품, 매캐함)"": 1}","공장 냄새(화학약품, 매캐함)"
익산시만,2023-07-27 07:00:00,1,1,"{""춘포면 쌍정리"": 1}",4.0,4,"{""가축 분뇨 냄새(닭, 돼지, 소)"": 1}","가축 분뇨 냄새(닭, 돼지, 소)"
익산시만,2023-07-27 09:00:00,1,1,"{""어양동"": 1}",3.0,3,"{""공장 냄새(화학약품, 매캐함)"": 1}","공장 냄새(화학약품, 매캐함)"
익산시만,2023-07-27 20:00:00,2,2,"{""어양동"": 1, ""영등동"": 1}",3.5,4,"{""가축 분뇨 냄새(닭, 돼지, 소)"": 2}","가축 분뇨 냄새(닭, 돼지, 소)"
익산시만,2023-07-27 21:00:00,2,2,"{""동산동"": 1, ""왕궁면 온수리"": 1}",4.0,5,"{""가축 분뇨 냄새(닭, 돼지, 소)"": 2}","가축 분뇨 냄새(닭, 돼지, 소)"
익산시만,2023-07-28 03:00:00,1,1,"{""어양동"": 1}",5.0,5,"{""가축 분뇨 냄새(닭, 돼지, 소)"": 1}","가축 분뇨 냄새(닭, 돼지, 소)"
익산시만,2023-07-28 07:00:00,1,1,"{""어양동"": 1}",4.0,4,"{""가축 분뇨 냄새(닭, 돼지, 소)"": 1}","가축 분뇨 냄새(닭, 돼지, 소)"
익산시만,2023-07-28 08:00:00,1,1,"{""어양동"": 1}",3.0,3,"{""공장 냄새(화학약품, 매캐함)"": 1}","공장 냄새(화학약품, 매캐함)"
익산시만,2023-07-29 03:00:00,1,1,"{""팔봉동"": 1}",2.0,2,"{""가축 분뇨 냄새(닭, 돼지, 소)"": 1}","가축 분뇨 냄새(닭, 돼지, 소)"
익산시만,2023-07-29 04:00:00,1,1,"{""용제동"": 1}",5.0,5,"{""가축 분뇨 냄새(닭, 돼지, 소)"": 1}","가축 분뇨 냄새(닭, 돼지, 소)"
익산시만,2023-07-29 19:00:00,3,3,"{""삼기면 오룡리"": 2, ""송학동"": 1}",4.333333333333333,5,"{""가축 분뇨 냄새(닭, 돼지, 소)"": 2, ""음식조리 냄새"": 1}","가축 분뇨 냄새(닭, 돼지, 소)"
익산시만,2023-07-29 22:00:00,1,1,"{""어양동"": 1}",4.0,4,"{""가축 분뇨 냄새(닭, 돼지, 소)"": 1}","가축 분뇨 냄새(닭, 돼지, 소)"
익산시만,2023-07-29 23:00:00,1,1,"{""춘포면 쌍정리"": 1}",4.0,4,"{""가축 분뇨 냄새(닭, 돼지, 소)"": 1}","가축 분뇨 냄새(닭, 돼지, 소)"
익산시만,2023-07-30 01:00:00,1,1,"{""부송동"": 1}",3.0,3,"{""가축 분뇨 냄새(닭, 돼지, 소)"": 1}","가축 분뇨 냄새(닭, 돼지, 소)"
익산시만,2023-07-31 01:00:00,1,1,"{""영등동"": 1}",4.0,4,"{""공장 냄새(화학약품, 매캐함)"": 1}","공장 냄새(화학약품, 매캐함)"
익산시만,2023-07-31 05:00:00,1,1,"{""모현동1가"": 1}",4.0,4,"{""공장 냄새(화학약품, 매캐함)"": 1}","공장 냄새(화학약품, 매캐함)"
익산시만,2023-07-31 20:00:00,1,1,"{""모현동2가"": 1}",4.0,4,"{""가축 분뇨 냄새(닭, 돼지, 소)"": 1}","가축 분뇨 냄새(닭, 돼지, 소)"
익산시만,2023-07-31 22:00:00,1,1,"{""용안면 칠목리"": 1}",4.0,4,"{""가축 분뇨 냄새(닭, 돼지, 소)"": 1}","가축 분뇨 냄새(닭, 돼지, 소)"
익산시만,2023-08-01 04:00:00,1,1,"{""부송동"": 1}",4.0,4,"{""가축 분뇨 냄새(닭, 돼지, 소)"": 1}","가축 분뇨 냄새(닭, 돼지, 소)"
익산시만,2023-08-01 08:00:00,1,1,"{""춘포면 쌍정리"": 1}",4.0,4,"{""가축 분뇨 냄새(닭, 돼지, 소)"": 1}","가축 분뇨 냄새(닭, 돼지, 소)"
익산시만,2023-08-01 20:00:00,1,1,"{""용제동"": 1}",4.0,4,"{""가축 분뇨 냄새(닭, 돼지, 소)"": 1}","가축 분뇨 냄새(닭, 돼지, 소)"
익산시만,2023-08-02 06:00:00,1,1,"{""오산면 신지리"": 1}",2.0,2,"{""가축 분뇨 냄새(닭, 돼지, 소)"": 1}","가축 분뇨 냄새(닭, 돼지, 소)"
익산시만,2023-08-03 03:00:00,1,1,"{""만석동"": 1}",4.0,4,"{""가축 분뇨 냄새(닭, 돼지, 소)"": 1}","가축 분뇨 냄새(닭, 돼지, 소)"
익산시만,2023-08-03 05:00:00,1,1,"{""어양동"": 1}",3.0,3,"{""가축 분뇨 냄새(닭, 돼지, 소)"": 1}","가축 분뇨 냄새(닭, 돼지, 소)"
익산시만,2023-08-03 21:00:00,1,1,"{""오산면 신지리"": 1}",5.0,5,"{""가축 분뇨 냄새(닭, 돼지, 소)"": 1}","가축 분뇨 냄새(닭, 돼지, 소)"
익산시만,2023-08-03 22:00:00,1,1,"{""용동면 용성리"": 1}",4.0,4,"{""가축 분뇨 냄새(닭, 돼지, 소)"": 1}","가축 분뇨 냄새(닭, 돼지, 소)"
익산시만,2023-08-04 03:00:00,2,2,"{""황등면 용산리"": 1, ""어양동"": 1}",3.5,4,"{""가축 분뇨 냄새(닭, 돼지, 소)"": 2}","가축 분뇨 냄새(닭, 돼지, 소)"
익산시만,2023-08-04 06:00:00,1,1,"{""춘포면 쌍정리"": 1}",3.0,3,"{""가축 분뇨 냄새(닭, 돼지, 소)"": 1}","가축 분뇨 냄새(닭, 돼지, 소)"
익산시만,2023-08-04 19:00:00,1,1,"{""삼기면 오룡리"": 1}",3.0,3,"{""가축 분뇨 냄새(닭, 돼지, 소)"": 1}","가축 분뇨 냄새(닭, 돼지, 소)"
익산시만,2023-08-06 06:00:00,1,1,"{""모현동1가"": 1}",5.0,5,"{""가축 분뇨 냄새(닭, 돼지, 소)"": 1}","가축 분뇨 냄새(닭, 돼지, 소)"
익산시만,2023-08-06 22:00:00,2,2,"{""춘포면 쌍정리"": 1, ""어양동"": 1}",3.5,4,"{""가축 분뇨 냄새(닭, 돼지, 소)"": 1, ""공장 냄새(화학약품, 매캐함)"": 1}","가축 분뇨 냄새(닭, 돼지, 소)"
익산시만,2023-08-07 06:00:00,1,1,"{""춘포면 천서리"": 1}",2.0,2,"{""가축 분뇨 냄새(닭, 돼지, 소)"": 1}","가축 분뇨 냄새(닭, 돼지, 소)"
익산시만,2023-08-07 20:00:00,3,3,"{""춘포면 쌍정리"": 1, ""마동"": 1, ""어양동"": 1}",4.333333333333333,5,"{""가축 분뇨 냄새(닭, 돼지, 소)"": 3}","가축 분뇨 냄새(닭, 돼지, 소)"
익산시만,2023-08-07 21:00:00,3,3,"{""오산면 신지리"": 1, ""모현동2가"": 1, ""모현동1가"": 1}",4.0,4,"{""가축 분뇨 냄새(닭, 돼지, 소)"": 3}","가축 분뇨 냄새(닭, 돼지, 소)"
익산시만,2023-08-07 23:00:00,2,2,"{""어양동"": 1, ""신동"": 1}",3.5,4,"{""가축 분뇨 냄새(닭, 돼지, 소)"": 2}","가축 분뇨 냄새(닭, 돼지, 소)"
익산시만,2023-08-08 07:00:00,1,1,"{""어양동"": 1}",3.0,3,"{""가축 분뇨 냄새(닭, 돼지, 소)"": 1}","가축 분뇨 냄새(닭, 돼지, 소)"
익산시만,2023-08-08 19:00:00,1,1,"{""어양동"": 1}",4.0,4,"{""하수구 냄새"": 1}",하수구 냄새
익산시만,2023-08-09 17:00:00,1,1,"{""낭산면 용기리"": 1}",5.0,5,"{""가축 분뇨 냄새(닭, 돼지, 소)"": 1}","가축 분뇨 냄새(닭, 돼지, 소)"
익산시만,2023-08-10 22:00:00,1,1,"{""춘포면 쌍정리"": 1}",4.0,4,"{""가축 분뇨 냄새(닭, 돼지, 소)"": 1}","가축 분뇨 냄새(닭, 돼지, 소)"
익산시만,2023-08-11 23:00:00,3,3,"{""영등동"": 1, ""마동"": 1, ""동산동"": 1}",3.3333333333333335,4,"{""가축 분뇨 냄새(닭, 돼지, 소)"": 3}","가축 분뇨 냄새(닭, 돼지, 소)"
익산시만,2023-08-12 00:00:00,2,2,"{""영등동"": 1, ""동산동"": 1}",4.5,5,"{""가축 분뇨 냄새(닭, 돼지, 소)"": 2}","가축 분뇨 냄새(닭, 돼지, 소)"
익산시만,2023-08-12 02:00:00,1,1,"{""영등동"": 1}",3.0,3,"{""가축 분뇨 냄새(닭, 돼지, 소)"": 1}","가축 분뇨 냄새(닭, 돼지, 소)"
익산시만,2023-08-12 07:00:00,1,1,"{""부송동"": 1}",3.0,3,"{""공장 냄새(화학약품, 매캐함)"": 1}","공장 냄새(화학약품, 매캐함)"
익산시만,2023-08-12 09:00:00,1,1,"{""춘포면 쌍정리"": 1}",4.0,4,"{""가축 분뇨 냄새(닭, 돼지, 소)"": 1}","가축 분뇨 냄새(닭, 돼지, 소)"
익산시만,2023-08-12 14:00:00,1,1,"{""용동면 용성리"": 1}",4.0,4,"{""가축 분뇨 냄새(닭, 돼지, 소)"": 1}","가축 분뇨 냄새(닭, 돼지, 소)"
익산시만,2023-08-12 17:00:00,1,1,"{""평화동"": 1}",5.0,5,"{""하수구 냄새"": 1}",하수구 냄새
익산시만,2023-08-12 20:00:00,1,1,"{""만석동"": 1}",4.0,4,"{""가축 분뇨 냄새(닭, 돼지, 소)"": 1}","가축 분뇨 냄새(닭, 돼지, 소)"
익산시만,2023-08-12 22:00:00,1,1,"{""부송동"": 1}",3.0,3,"{""공장 냄새(화학약품, 매캐함)"": 1}","공장 냄새(화학약품, 매캐함)"
익산시만,2023-08-13 01:00:00,1,1,"{""마동"": 1}",5.0,5,"{""가축 분뇨 냄새(닭, 돼지, 소)"": 1}","가축 분뇨 냄새(닭, 돼지, 소)"
익산시만,2023-08-13 02:00:00,1,1,"{""영등동"": 1}",4.0,4,"{""가축 분뇨 냄새(닭, 돼지, 소)"": 1}","가축 분뇨 냄새(닭, 돼지, 소)"
익산시만,2023-08-13 04:00:00,1,1,"{""어양동"": 1}",3.0,3,"{""공장 냄새(화학약품, 매캐함)"": 1}","공장 냄새(화학약품, 매캐함)"
익산시만,2023-08-13 06:00:00,1,1,"{""춘포면 쌍정리"": 1}",4.0,4,"{""가축 분뇨 냄새(닭, 돼지, 소)"": 1}","가축 분뇨 냄새(닭, 돼지, 소)"
익산시만,2023-08-13 22:00:00,1,1,"{""동산동"": 1}",5.0,5,"{""음식조리 냄새"": 1}",음식조리 냄새
익산시만,2023-08-14 01:00:00,1,1,"{""팔봉동"": 1}",4.0,4,"{""가축 분뇨 냄새(닭, 돼지, 소)"": 1}","가축 분뇨 냄새(닭, 돼지, 소)"
익산시만,2023-08-14 02:00:00,4,4,"{""영등동"": 3, ""동산동"": 1}",3.75,4,"{""가축 분뇨 냄새(닭, 돼지, 소)"": 4}","가축 분뇨 냄새(닭, 돼지, 소)"
익산시만,2023-08-14 20:00:00,1,1,"{""모현동1가"": 1}",3.0,3,"{""음식조리 냄새"": 1}",음식조리 냄새
익산시만,2023-08-14 21:00:00,1,1,"{""마동"": 1}",2.0,2,"{""공장 냄새(화학약품, 매캐함)"": 1}","공장 냄새(화학약품, 매캐함)"
익산시만,2023-08-15 07:00:00,1,1,"{""영등동"": 1}",3.0,3,"{""가축 분뇨 냄새(닭, 돼지, 소)"": 1}","가축 분뇨 냄새(닭, 돼지, 소)"
익산시만,2023-08-16 23:00:00,1,1,"{""어양동"": 1}",3.0,3,"{""공장 냄새(화학약품, 매캐함)"": 1}","공장 냄새(화학약품, 매캐함)"
익산시만,2023-08-17 02:00:00,1,1,"{""부송동"": 1}",5.0,5,"{""공장 냄새(화학약품, 매캐함)"": 1}","공장 냄새(화학약품, 매캐함)"
익산시만,2023-08-18 07:00:00,1,1,"{""오산면 신지리"": 1}",4.0,4,"{""가축 분뇨 냄새(닭, 돼지, 소)"": 1}","가축 분뇨 냄새(닭, 돼지, 소)"
익산시만,2023-08-20 20:00:00,2,2,"{""평화동"": 1, ""창인동2가"": 1}",5.0,5,"{""하수구 냄새"": 1, ""기타"": 1}",하수구 냄새
익산시만,2023-08-20 21:00:00,2,2,"{""어양동"": 1, ""부송동"": 1}",3.5,4,"{""가축 분뇨 냄새(닭, 돼지, 소)"": 2}","가축 분뇨 냄새(닭, 돼지, 소)"
익산시만,2023-08-20 22:00:00,2,2,"{""동산동"": 1, ""평화동"": 1}",5.0,5,"{""가축 분뇨 냄새(닭, 돼지, 소)"": 1, ""하수구 냄새"": 1}","가축 분뇨 냄새(닭, 돼지, 소)"
익산시만,2023-08-20 23:00:00,4,4,"{""부송동"": 3, ""어양동"": 1}",4.5,5,"{""가축 분뇨 냄새(닭, 돼지, 소)"": 4}","가축 분뇨 냄새(닭, 돼지, 소)"
익산시만,2023-08-21 00:00:00,1,1,"{""어양동"": 1}",4.0,4,"{""가축 분뇨 냄새(닭, 돼지, 소)"": 1}","가축 분뇨 냄새(닭, 돼지, 소)"
익산시만,2023-08-21 06:00:00,1,1,"{""춘포면 쌍정리"": 1}",4.0,4,"{""가축 분뇨 냄새(닭, 돼지, 소)"": 1}","가축 분뇨 냄새(닭, 돼지, 소)"
익산시만,2023-08-21 19:00:00,6,6,"{""동산동"": 3, ""마동"": 2, ""영등동"": 1}",4.0,5,"{""가축 분뇨 냄새(닭, 돼지, 소)"": 6}","가축 분뇨 냄새(닭, 돼지, 소)"
익산시만,2023-08-21 20:00:00,3,3,"{""영등동"": 1, ""모현동2가"": 1, ""송학동"": 1}",3.6666666666666665,4,"{""가축 분뇨 냄새(닭, 돼지, 소)"": 3}","가축 분뇨 냄새(닭, 돼지, 소)"
익산시만,2023-08-21 22:00:00,4,4,"{""동산동"": 2, ""모현동1가"": 1, ""신동"": 1}",4.5,5,"{""가축 분뇨 냄새(닭, 돼지, 소)"": 4}","가축 분뇨 냄새(닭, 돼지, 소)"
익산시만,2023-08-21 23:00:00,1,1,"{""모현동1가"": 1}",5.0,5,"{""가축 분뇨 냄새(닭, 돼지, 소)"": 1}","가축 분뇨 냄새(닭, 돼지, 소)"
익산시만,2023-08-22 10:00:00,1,1,"{""신흥동"": 1}",4.0,4,"{""가축 분뇨 냄새(닭, 돼지, 소)"": 1}","가축 분뇨 냄새(닭, 돼지, 소)"
익산시만,2023-08-22 13:00:00,1,1,"{""부송동"": 1}",4.0,4,"{""소각 냄새(태우는 냄새)"": 1}",소각 냄새(태우는 냄새)
익산시만,2023-08-22 20:00:00,3,3,"{""부송동"": 2, ""동산동"": 1}",4.333333333333333,5,"{""가축 분뇨 냄새(닭, 돼지, 소)"": 2, ""공장 냄새(화학약품, 매캐함)"": 1}","가축 분뇨 냄새(닭, 돼지, 소)"
익산시만,2023-08-22 22:00:00,3,3,"{""동산동"": 1, ""어양동"": 1, ""부송동"": 1}",3.0,4,"{""가축 분뇨 냄새(닭, 돼지, 소)"": 2, ""공장 냄새(화학약품, 매캐함)"": 1}","가축 분뇨 냄새(닭, 돼지, 소)"
익산시만,2023-08-23 00:00:00,1,1,"{""영등동"": 1}",3.0,3,"{""가축 분뇨 냄새(닭, 돼지, 소)"": 1}","가축 분뇨 냄새(닭, 돼지, 소)"
익산시만,2023-08-23 07:00:00,1,1,"{""오산면 신지리"": 1}",3.0,3,"{""가축 분뇨 냄새(닭, 돼지, 소)"": 1}","가축 분뇨 냄새(닭, 돼지, 소)"
익산시만,2023-08-25 22:00:00,1,1,"{""춘포면 쌍정리"": 1}",4.0,4,"{""가축 분뇨 냄새(닭, 돼지, 소)"": 1}","가축 분뇨 냄새(닭, 돼지, 소)"
익산시만,2023-08-25 23:00:00,1,1,"{""동산동"": 1}",5.0,5,"{""하수구 냄새"": 1}",하수구 냄새
익산시만,2023-08-26 00:00:00,1,1,"{""동산동"": 1}",4.0,4,"{""가축 분뇨 냄새(닭, 돼지, 소)"": 1}","가축 분뇨 냄새(닭, 돼지, 소)"
익산시만,2023-08-26 06:00:00,1,1,"{""동산동"": 1}",3.0,3,"{""공장 냄새(화학약품, 매캐함)"": 1}","공장 냄새(화학약품, 매캐함)"
익산시만,2023-08-26 22:00:00,1,1,"{""부송동"": 1}",3.0,3,"{""가축 분뇨 냄새(닭, 돼지, 소)"": 1}","가축 분뇨 냄새(닭, 돼지, 소)"
익산시만,2023-08-27 01:00:00,4,4,"{""송학동"": 2, ""모현동1가"": 1, ""신동"": 1}",4.5,5,"{""공장 냄새(화학약품, 매캐함)"": 3, ""소각 냄새(태우는 냄새)"": 1}","공장 냄새(화학약품, 매캐함)"
익산시만,2023-08-27 02:00:00,4,4,"{""모현동1가"": 2, ""동산동"": 1, ""춘포면 쌍정리"": 1}",4.25,5,"{""공장 냄새(화학약품, 매캐함)"": 3, ""가축 분뇨 냄새(닭, 돼지, 소)"": 1}","공장 냄새(화학약품, 매캐함)"
익산시만,2023-08-27 05:00:00,1,1,"{""부송동"": 1}",4.0,4,"{""가축 분뇨 냄새(닭, 돼지, 소)"": 1}","가축 분뇨 냄새(닭, 돼지, 소)"
익산시만,2023-08-27 10:00:00,1,1,"{""모현동1가"": 1}",4.0,4,"{""공장 냄새(화학약품, 매캐함)"": 1}","공장 냄새(화학약품, 매캐함)"
익산시만,2023-08-27 16:00:00,1,1,"{""모현동1가"": 1}",4.0,4,"{""음식조리 냄새"": 1}",음식조리 냄새
익산시만,2023-08-27 22:00:00,1,1,"{""평화동"": 1}",5.0,5,"{""하수구 냄새"": 1}",하수구 냄새
익산시만,2023-08-27 23:00:00,1,1,"{""어양동"": 1}",4.0,4,"{""하수구 냄새"": 1}",하수구 냄새
익산시만,2023-08-28 22:00:00,1,1,"{""영등동"": 1}",2.0,2,"{""공장 냄새(화학약품, 매캐함)"": 1}","공장 냄새(화학약품, 매캐함)"
익산시만,2023-08-29 02:00:00,1,1,"{""영등동"": 1}",3.0,3,"{""가축 분뇨 냄새(닭, 돼지, 소)"": 1}","가축 분뇨 냄새(닭, 돼지, 소)"
익산시만,2023-08-30 04:00:00,1,1,"{""춘포면 쌍정리"": 1}",4.0,4,"{""가축 분뇨 냄새(닭, 돼지, 소)"": 1}","가축 분뇨 냄새(닭, 돼지, 소)"
익산시만,2023-08-30 20:00:00,1,1,"{""삼기면 오룡리"": 1}",3.0,3,"{""가축 분뇨 냄새(닭, 돼지, 소)"": 1}","가축 분뇨 냄새(닭, 돼지, 소)"
익산시만,2023-08-31 19:00:00,1,1,"{""삼기면 오룡리"": 1}",3.0,3,"{""가축 분뇨 냄새(닭, 돼지, 소)"": 1}","가축 분뇨 냄새(닭, 돼지, 소)"
익산시만,2023-08-31 20:00:00,1,1,"{""모현동1가"": 1}",4.0,4,"{""음식조리 냄새"": 1}",음식조리 냄새
익산시만,2023-08-31 21:00:00,2,2,"{""춘포면 쌍정리"": 2}",4.5,5,"{""가축 분뇨 냄새(닭, 돼지, 소)"": 2}","가축 분뇨 냄새(닭, 돼지, 소)"
익산시만,2023-09-01 05:00:00,1,1,"{""춘포면 쌍정리"": 1}",4.0,4,"{""가축 분뇨 냄새(닭, 돼지, 소)"": 1}","가축 분뇨 냄새(닭, 돼지, 소)"
익산시만,2023-09-01 09:00:00,1,1,"{""어양동"": 1}",2.0,2,"{""공장 냄새(화학약품, 매캐함)"": 1}","공장 냄새(화학약품, 매캐함)"
익산시만,2023-09-01 16:00:00,1,1,"{""낭산면 용기리"": 1}",4.0,4,"{""가축 분뇨 냄새(닭, 돼지, 소)"": 1}","가축 분뇨 냄새(닭, 돼지, 소)"
익산시만,2023-09-01 19:00:00,2,2,"{""모현동1가"": 1, ""삼기면 오룡리"": 1}",4.5,5,"{""음식조리 냄새"": 1, ""가축 분뇨 냄새(닭, 돼지, 소)"": 1}",음식조리 냄새
익산시만,2023-09-01 21:00:00,1,1,"{""춘포면 쌍정리"": 1}",4.0,4,"{""가축 분뇨 냄새(닭, 돼지, 소)"": 1}","가축 분뇨 냄새(닭, 돼지, 소)"
익산시만,2023-09-02 00:00:00,3,3,"{""춘포면 쌍정리"": 2, ""춘포면 오산리"": 1}",4.333333333333333,5,"{""가축 분뇨 냄새(닭, 돼지, 소)"": 3}","가축 분뇨 냄새(닭, 돼지, 소)"
익산시만,2023-09-02 08:00:00,1,1,"{""어양동"": 1}",4.0,4,"{""소각 냄새(태우는 냄새)"": 1}",소각 냄새(태우는 냄새)
익산시만,2023-09-02 17:00:00,1,1,"{""춘포면 쌍정리"": 1}",5.0,5,"{""가축 분뇨 냄새(닭, 돼지, 소)"": 1}","가축 분뇨 냄새(닭, 돼지, 소)"
익산시만,2023-09-02 18:00:00,1,1,"{""어양동"": 1}",3.0,3,"{""공장 냄새(화학약품, 매캐함)"": 1}","공장 냄새(화학약품, 매캐함)"
익산시만,2023-09-02 21:00:00,1,1,"{""영등동"": 1}",3.0,3,"{""공장 냄새(화학약품, 매캐함)"": 1}","공장 냄새(화학약품, 매캐함)"
익산시만,2023-09-02 22:00:00,1,1,"{""동산동"": 1}",4.0,4,"{""가축 분뇨 냄새(닭, 돼지, 소)"": 1}","가축 분뇨 냄새(닭, 돼지, 소)"
익산시만,2023-09-03 07:00:00,1,1,"{""부송동"": 1}",5.0,5,"{""공장 냄새(화학약품, 매캐함)"": 1}","공장 냄새(화학약품, 매캐함)"
익산시만,2023-09-03 18:00:00,1,1,"{""모현동1가"": 1}",4.0,4,"{""소각 냄새(태우는 냄새)"": 1}",소각 냄새(태우는 냄새)
익산시만,2023-09-03 19:00:00,1,1,"{""춘포면 쌍정리"": 1}",4.0,4,"{""가축 분뇨 냄새(닭, 돼지, 소)"": 1}","가축 분뇨 냄새(닭, 돼지, 소)"
익산시만,2023-09-03 20:00:00,1,1,"{""부송동"": 1}",2.0,2,"{""소각 냄새(태우는 냄새)"": 1}",소각 냄새(태우는 냄새)
익산시만,2023-09-03 21:00:00,1,1,"{""춘포면 쌍정리"": 1}",4.0,4,"{""가축 분뇨 냄새(닭, 돼지, 소)"": 1}","가축 분뇨 냄새(닭, 돼지, 소)"
익산시만,2023-09-04 05:00:00,1,1,"{""동산동"": 1}",3.0,3,"{""공장 냄새(화학약품, 매캐함)"": 1}","공장 냄새(화학약품, 매캐함)"
익산시만,2023-09-04 07:00:00,1,1,"{""부송동"": 1}",4.0,4,"{""가축 분뇨 냄새(닭, 돼지, 소)"": 1}","가축 분뇨 냄새(닭, 돼지, 소)"
익산시만,2023-09-04 08:00:00,1,1,"{""신흥동"": 1}",5.0,5,"{""가축 분뇨 냄새(닭, 돼지, 소)"": 1}","가축 분뇨 냄새(닭, 돼지, 소)"
익산시만,2023-09-04 13:00:00,1,1,"{""모현동1가"": 1}",4.0,4,"{""음식조리 냄새"": 1}",음식조리 냄새
익산시만,2023-09-04 20:00:00,1,1,"{""춘포면 쌍정리"": 1}",4.0,4,"{""가축 분뇨 냄새(닭, 돼지, 소)"": 1}","가축 분뇨 냄새(닭, 돼지, 소)"
익산시만,2023-09-05 00:00:00,3,3,"{""동산동"": 2, ""부송동"": 1}",4.333333333333333,5,"{""가축 분뇨 냄새(닭, 돼지, 소)"": 3}","가축 분뇨 냄새(닭, 돼지, 소)"
익산시만,2023-09-05 01:00:00,4,4,"{""동산동"": 4}",5.0,5,"{""가축 분뇨 냄새(닭, 돼지, 소)"": 4}","가축 분뇨 냄새(닭, 돼지, 소)"
익산시만,2023-09-05 02:00:00,1,1,"{""마동"": 1}",5.0,5,"{""가축 분뇨 냄새(닭, 돼지, 소)"": 1}","가축 분뇨 냄새(닭, 돼지, 소)"
익산시만,2023-09-05 21:00:00,1,1,"{""삼기면 오룡리"": 1}",4.0,4,"{""가축 분뇨 냄새(닭, 돼지, 소)"": 1}","가축 분뇨 냄새(닭, 돼지, 소)"
익산시만,2023-09-06 06:00:00,1,1,"{""오산면 신지리"": 1}",4.0,4,"{""가축 분뇨 냄새(닭, 돼지, 소)"": 1}","가축 분뇨 냄새(닭, 돼지, 소)"
익산시만,2023-09-06 07:00:00,3,3,"{""춘포면 쌍정리"": 2, ""어양동"": 1}",4.0,5,"{""가축 분뇨 냄새(닭, 돼지, 소)"": 2, ""소각 냄새(태우는 냄새)"": 1}","가축 분뇨 냄새(닭, 돼지, 소)"
익산시만,2023-09-06 17:00:00,1,1,"{""낭산면 용기리"": 1}",4.0,4,"{""가축 분뇨 냄새(닭, 돼지, 소)"": 1}","가축 분뇨 냄새(닭, 돼지, 소)"
익산시만,2023-09-06 18:00:00,1,1,"{""왕궁면 온수리"": 1}",5.0,5,"{""가축 분뇨 냄새(닭, 돼지, 소)"": 1}","가축 분뇨 냄새(닭, 돼지, 소)"
익산시만,2023-09-06 21:00:00,1,1,"{""평화동"": 1}",5.0,5,"{""하수구 냄새"": 1}",하수구 냄새
익산시만,2023-09-06 22:00:00,3,3,"{""부송동"": 2, ""어양동"": 1}",2.6666666666666665,3,"{""기타"": 2, ""공장 냄새(화학약품, 매캐함)"": 1}",기타
익산시만,2023-09-06 23:00:00,4,4,"{""부송동"": 2, ""어양동"": 1, ""영등동"": 1}",4.0,5,"{""가축 분뇨 냄새(닭, 돼지, 소)"": 3, ""공장 냄새(화학약품, 매캐함)"": 1}","가축 분뇨 냄새(닭, 돼지, 소)"
익산시만,2023-09-07 00:00:00,1,1,"{""부송동"": 1}",5.0,5,"{""기타"": 1}",기타
익산시만,2023-09-07 01:00:00,1,1,"{""춘포면 쌍정리"": 1}",4.0,4,"{""가축 분뇨 냄새(닭, 돼지, 소)"": 1}","가축 분뇨 냄새(닭, 돼지, 소)"
익산시만,2023-09-07 09:00:00,1,1,"{""낭산면 용기리"": 1}",4.0,4,"{""가축 분뇨 냄새(닭, 돼지, 소)"": 1}","가축 분뇨 냄새(닭, 돼지, 소)"
익산시만,2023-09-07 17:00:00,1,1,"{""낭산면 용기리"": 1}",5.0,5,"{""가축 분뇨 냄새(닭, 돼지, 소)"": 1}","가축 분뇨 냄새(닭, 돼지, 소)"
익산시만,2023-09-07 22:00:00,6,6,"{""동산동"": 2, ""낭산면 용기리"": 1, ""오산면 장신리"": 1, ""부송동"": 1, ""어양동"": 1}",3.6666666666666665,4,"{""가축 분뇨 냄새(닭, 돼지, 소)"": 3, ""공장 냄새(화학약품, 매캐함)"": 2, ""하수구 냄새"": 1}","가축 분뇨 냄새(닭, 돼지, 소)"
익산시만,2023-09-08 00:00:00,3,3,"{""영등동"": 1, ""팔봉동"": 1, ""어양동"": 1}",3.6666666666666665,4,"{""가축 분뇨 냄새(닭, 돼지, 소)"": 2, ""공장 냄새(화학약품, 매캐함)"": 1}","가축 분뇨 냄새(닭, 돼지, 소)"
익산시만,2023-09-08 03:00:00,1,1,"{""춘포면 쌍정리"": 1}",5.0,5,"{""가축 분뇨 냄새(닭, 돼지, 소)"": 1}","가축 분뇨 냄새(닭, 돼지, 소)"
익산시만,2023-09-08 06:00:00,2,2,"{""어양동"": 2}",4.0,5,"{""공장 냄새(화학약품, 매캐함)"": 2}","공장 냄새(화학약품, 매캐함)"
익산시만,2023-09-08 19:00:00,1,1,"{""모현동1가"": 1}",4.0,4,"{""음식조리 냄새"": 1}",음식조리 냄새
익산시만,2023-09-08 20:00:00,1,1,"{""춘포면 쌍정리"": 1}",4.0,4,"{""가축 분뇨 냄새(닭, 돼지, 소)"": 1}","가축 분뇨 냄새(닭, 돼지, 소)"
익산시만,2023-09-08 21:00:00,1,1,"{""어양동"": 1}",5.0,5,"{""하수구 냄새"": 1}",하수구 냄새
익산시만,2023-09-08 22:00:00,2,2,"{""부송동"": 2}",3.5,4,"{""가축 분뇨 냄새(닭, 돼지, 소)"": 1, ""공장 냄새(화학약품, 매캐함)"": 1}","가축 분뇨 냄새(닭, 돼지, 소)"
익산시만,2023-09-08 23:00:00,4,4,"{""부송동"": 2, ""팔봉동"": 1, ""영등동"": 1}",3.5,4,"{""가축 분뇨 냄새(닭, 돼지, 소)"": 3, ""하수구 냄새"": 1}","가축 분뇨 냄새(닭, 돼지, 소)"
익산시만,2023-09-09 00:00:00,6,6,"{""부송동"": 2, ""영등동"": 2, ""동산동"": 1, ""어양동"": 1}",3.8333333333333335,4,"{""가축 분뇨 냄새(닭, 돼지, 소)"": 6}","가축 분뇨 냄새(닭, 돼지, 소)"
익산시만,2023-09-09 02:00:00,1,1,"{""부송동"": 1}",5.0,5,"{""공장 냄새(화학약품, 매캐함)"": 1}","공장 냄새(화학약품, 매캐함)"
익산시만,2023-09-09 05:00:00,1,1,"{""부송동"": 1}",4.0,4,"{""소각 냄새(태우는 냄새)"": 1}",소각 냄새(태우는 냄새)
익산시만,2023-09-09 07:00:00,1,1,"{""어양동"": 1}",3.0,3,"{""공장 냄새(화학약품, 매캐함)"": 1}","공장 냄새(화학약품, 매캐함)"
익산시만,2023-09-09 22:00:00,2,2,"{""팔봉동"": 1, ""영등동"": 1}",2.5,3,"{""가축 분뇨 냄새(닭, 돼지, 소)"": 1, ""공장 냄새(화학약품, 매캐함)"": 1}","가축 분뇨 냄새(닭, 돼지, 소)"
익산시만,2023-09-10 00:00:00,4,4,"{""부송동"": 3, ""어양동"": 1}",4.25,5,"{""가축 분뇨 냄새(닭, 돼지, 소)"": 4}","가축 분뇨 냄새(닭, 돼지, 소)"
익산시만,2023-09-10 01:00:00,3,3,"{""춘포면 쌍정리"": 2, ""송학동"": 1}",4.666666666666667,5,"{""가축 분뇨 냄새(닭, 돼지, 소)"": 3}","가축 분뇨 냄새(닭, 돼지, 소)"
익산시만,2023-09-10 02:00:00,1,1,"{""어양동"": 1}",4.0,4,"{""가축 분뇨 냄새(닭, 돼지, 소)"": 1}","가축 분뇨 냄새(닭, 돼지, 소)"
익산시만,2023-09-10 03:00:00,1,1,"{""부송동"": 1}",4.0,4,"{""공장 냄새(화학약품, 매캐함)"": 1}","공장 냄새(화학약품, 매캐함)"
익산시만,2023-09-10 05:00:00,1,1,"{""어양동"": 1}",3.0,3,"{""공장 냄새(화학약품, 매캐함)"": 1}","공장 냄새(화학약품, 매캐함)"
익산시만,2023-09-10 06:00:00,1,1,"{""어양동"": 1}",2.0,2,"{""공장 냄새(화학약품, 매캐함)"": 1}","공장 냄새(화학약품, 매캐함)"
익산시만,2023-09-10 22:00:00,8,8,"{""모현동1가"": 4, ""송학동"": 2, ""모현동2가"": 1, ""어양동"": 1}",3.625,5,"{""공장 냄새(화학약품, 매캐함)"": 7, ""기타"": 1}","공장 냄새(화학약품, 매캐함)"
익산시만,2023-09-10 23:00:00,1,1,"{""모현동1가"": 1}",5.0,5,"{""공장 냄새(화학약품, 매캐함)"": 1}","공장 냄새(화학약품, 매캐함)"
익산시만,2023-09-11 01:00:00,5,5,"{""동산동"": 3, ""부송동"": 1, ""인화동2가"": 1}",4.8,5,"{""가축 분뇨 냄새(닭, 돼지, 소)"": 5}","가축 분뇨 냄새(닭, 돼지, 소)"
익산시만,2023-09-11 02:00:00,2,2,"{""동산동"": 1, ""춘포면 쌍정리"": 1}",5.0,5,"{""가축 분뇨 냄새(닭, 돼지, 소)"": 2}","가축 분뇨 냄새(닭, 돼지, 소)"
익산시만,2023-09-11 04:00:00,1,1,"{""모현동1가"": 1}",3.0,3,"{""공장 냄새(화학약품, 매캐함)"": 1}","공장 냄새(화학약품, 매캐함)"
익산시만,2023-09-11 05:00:00,1,1,"{""팔봉동"": 1}",5.0,5,"{""가축 분뇨 냄새(닭, 돼지, 소)"": 1}","가축 분뇨 냄새(닭, 돼지, 소)"
익산시만,2023-09-11 07:00:00,1,1,"{""어양동"": 1}",5.0,5,"{""가축 분뇨 냄새(닭, 돼지, 소)"": 1}","가축 분뇨 냄새(닭, 돼지, 소)"
익산시만,2023-09-11 08:00:00,1,1,"{""부송동"": 1}",4.0,4,"{""공장 냄새(화학약품, 매캐함)"": 1}","공장 냄새(화학약품, 매캐함)"
익산시만,2023-09-11 21:00:00,1,1,"{""부송동"": 1}",4.0,4,"{""공장 냄새(화학약품, 매캐함)"": 1}","공장 냄새(화학약품, 매캐함)"
익산시만,2023-09-11 23:00:00,2,2,"{""춘포면 쌍정리"": 1, ""동산동"": 1}",5.0,5,"{""하수구 냄새"": 1, ""공장 냄새(화학약품, 매캐함)"": 1}",하수구 냄새
익산시만,2023-09-12 00:00:00,9,9,"{""송학동"": 3, ""영등동"": 2, ""모현동1가"": 2, ""팔봉동"": 1, ""부송동"": 1}",4.111111111111111,5,"{""공장 냄새(화학약품, 매캐함)"": 7, ""가축 분뇨 냄새(닭, 돼지, 소)"": 1, ""소각 냄새(태우는 냄새)"": 1}","공장 냄새(화학약품, 매캐함)"
익산시만,2023-09-12 01:00:00,1,1,"{""영등동"": 1}",4.0,4,"{""가축 분뇨 냄새(닭, 돼지, 소)"": 1}","가축 분뇨 냄새(닭, 돼지, 소)"
익산시만,2023-09-12 08:00:00,2,2,"{""오산면 장신리"": 1, ""어양동"": 1}",3.0,3,"{""공장 냄새(화학약품, 매캐함)"": 2}","공장 냄새(화학약품, 매캐함)"
익산시만,2023-09-12 22:00:00,1,1,"{""춘포면 쌍정리"": 1}",5.0,5,"{""가축 분뇨 냄새(닭, 돼지, 소)"": 1}","가축 분뇨 냄새(닭, 돼지, 소)"
익산시만,2023-09-12 23:00:00,5,5,"{""부송동"": 3, ""어양동"": 2}",4.0,5,"{""가축 분뇨 냄새(닭, 돼지, 소)"": 5}","가축 분뇨 냄새(닭, 돼지, 소)"
익산시만,2023-09-13 00:00:00,4,4,"{""부송동"": 2, ""동산동"": 2}",4.5,5,"{""가축 분뇨 냄새(닭, 돼지, 소)"": 4}","가축 분뇨 냄새(닭, 돼지, 소)"
익산시만,2023-09-13 02:00:00,2,2,"{""동산동"": 1, ""부송동"": 1}",2.5,3,"{""소각 냄새(태우는 냄새)"": 2}",소각 냄새(태우는 냄새)
익산시만,2023-09-14 12:00:00,1,1,"{""모현동1가"": 1}",5.0,5,"{""음식조리 냄새"": 1}",음식조리 냄새
익산시만,2023-09-14 16:00:00,1,1,"{""어양동"": 1}",2.0,2,"{""공장 냄새(화학약품, 매캐함)"": 1}","공장 냄새(화학약품, 매캐함)"
익산시만,2023-09-14 17:00:00,1,1,"{""춘포면 쌍정리"": 1}",4.0,4,"{""가축 분뇨 냄새(닭, 돼지, 소)"": 1}","가축 분뇨 냄새(닭, 돼지, 소)"
익산시만,2023-09-14 18:00:00,1,1,"{""어양동"": 1}",3.0,3,"{""공장 냄새(화학약품, 매캐함)"": 1}","공장 냄새(화학약품, 매캐함)"
익산시만,2023-09-14 19:00:00,1,1,"{""삼기면 오룡리"": 1}",3.0,3,"{""가축 분뇨 냄새(닭, 돼지, 소)"": 1}","가축 분뇨 냄새(닭, 돼지, 소)"
익산시만,2023-09-14 20:00:00,2,2,"{""부송동"": 1, ""어양동"": 1}",3.5,4,"{""공장 냄새(화학약품, 매캐함)"": 2}","공장 냄새(화학약품, 매캐함)"
익산시만,2023-09-14 23:00:00,1,1,"{""춘포면 쌍정리"": 1}",4.0,4,"{""가축 분뇨 냄새(닭, 돼지, 소)"": 1}","가축 분뇨 냄새(닭, 돼지, 소)"
익산시만,2023-09-15 19:00:00,1,1,"{""모현동1가"": 1}",5.0,5,"{""음식조리 냄새"": 1}",음식조리 냄새
익산시만,2023-09-16 18:00:00,2,2,"{""어양동"": 1, ""부송동"": 1}",3.5,4,"{""공장 냄새(화학약품, 매캐함)"": 2}","공장 냄새(화학약품, 매캐함)"
익산시만,2023-09-16 20:00:00,1,1,"{""모현동1가"": 1}",5.0,5,"{""음식조리 냄새"": 1}",음식조리 냄새
익산시만,2023-09-16 22:00:00,1,1,"{""춘포면 쌍정리"": 1}",4.0,4,"{""가축 분뇨 냄새(닭, 돼지, 소)"": 1}","가축 분뇨 냄새(닭, 돼지, 소)"
익산시만,2023-09-16 23:00:00,1,1,"{""동산동"": 1}",3.0,3,"{""하수구 냄새"": 1}",하수구 냄새
익산시만,2023-09-17 22:00:00,3,3,"{""모현동1가"": 2, ""오산면 신지리"": 1}",3.6666666666666665,5,"{""공장 냄새(화학약품, 매캐함)"": 2, ""가축 분뇨 냄새(닭, 돼지, 소)"": 1}","공장 냄새(화학약품, 매캐함)"
익산시만,2023-09-17 23:00:00,2,2,"{""어양동"": 1, ""부송동"": 1}",3.0,3,"{""가축 분뇨 냄새(닭, 돼지, 소)"": 2}","가축 분뇨 냄새(닭, 돼지, 소)"
익산시만,2023-09-18 00:00:00,5,5,"{""어양동"": 2, ""영등동"": 2, ""인화동2가"": 1}",3.8,5,"{""가축 분뇨 냄새(닭, 돼지, 소)"": 5}","가축 분뇨 냄새(닭, 돼지, 소)"
익산시만,2023-09-18 01:00:00,1,1,"{""동산동"": 1}",3.0,3,"{""가축 분뇨 냄새(닭, 돼지, 소)"": 1}","가축 분뇨 냄새(닭, 돼지, 소)"
익산시만,2023-09-18 07:00:00,1,1,"{""춘포면 천서리"": 1}",3.0,3,"{""가축 분뇨 냄새(닭, 돼지, 소)"": 1}","가축 분뇨 냄새(닭, 돼지, 소)"
익산시만,2023-09-18 21:00:00,1,1,"{""동산동"": 1}",5.0,5,"{""하수구 냄새"": 1}",하수구 냄새
익산시만,2023-09-19 00:00:00,1,1,"{""영등동"": 1}",4.0,4,"{""가축 분뇨 냄새(닭, 돼지, 소)"": 1}","가축 분뇨 냄새(닭, 돼지, 소)"
익산시만,2023-09-19 03:00:00,5,5,"{""동산동"": 2, ""마동"": 1, ""부송동"": 1, ""춘포면 쌍정리"": 1}",4.0,5,"{""가축 분뇨 냄새(닭, 돼지, 소)"": 4, ""하수구 냄새"": 1}","가축 분뇨 냄새(닭, 돼지, 소)"
익산시만,2023-09-19 04:00:00,3,3,"{""평화동"": 1, ""춘포면 쌍정리"": 1, ""송학동"": 1}",4.666666666666667,5,"{""가축 분뇨 냄새(닭, 돼지, 소)"": 3}","가축 분뇨 냄새(닭, 돼지, 소)"
익산시만,2023-09-19 08:00:00,1,1,"{""어양동"": 1}",4.0,4,"{""가축 분뇨 냄새(닭, 돼지, 소)"": 1}","가축 분뇨 냄새(닭, 돼지, 소)"
익산시만,2023-09-19 18:00:00,1,1,"{""삼기면 오룡리"": 1}",4.0,4,"{""가축 분뇨 냄새(닭, 돼지, 소)"": 1}","가축 분뇨 냄새(닭, 돼지, 소)"
익산시만,2023-09-19 21:00:00,1,1,"{""모현동2가"": 1}",5.0,5,"{""가축 분뇨 냄새(닭, 돼지, 소)"": 1}","가축 분뇨 냄새(닭, 돼지, 소)"
익산시만,2023-09-20 00:00:00,14,14,"{""영등동"": 4, ""부송동"": 3, ""동산동"": 2, ""춘포면 쌍정리"": 1, ""마동"": 1, ""어양동"": 1, ""신동"": 1, ""모현동1가"": 1}",4.071428571428571,5,"{""가축 분뇨 냄새(닭, 돼지, 소)"": 12, ""공장 냄새(화학약품, 매캐함)"": 2}","가축 분뇨 냄새(닭, 돼지, 소)"
익산시만,2023-09-20 01:00:00,2,2,"{""모현동1가"": 1, ""마동"": 1}",4.5,5,"{""가축 분뇨 냄새(닭, 돼지, 소)"": 2}","가축 분뇨 냄새(닭, 돼지, 소)"
익산시만,2023-09-20 06:00:00,2,2,"{""부송동"": 1, ""어양동"": 1}",4.5,5,"{""공장 냄새(화학약품, 매캐함)"": 2}","공장 냄새(화학약품, 매캐함)"
익산시만,2023-09-20 08:00:00,3,3,"{""영등동"": 1, ""부송동"": 1, ""오산면 신지리"": 1}",4.333333333333333,5,"{""공장 냄새(화학약품, 매캐함)"": 2, ""가축 분뇨 냄새(닭, 돼지, 소)"": 1}","공장 냄새(화학약품, 매캐함)"
익산시만,2023-09-20 09:00:00,2,2,"{""부송동"": 1, ""춘포면 천서리"": 1}",3.5,4,"{""공장 냄새(화학약품, 매캐함)"": 2}","공장 냄새(화학약품, 매캐함)"
익산시만,2023-09-20 19:00:00,1,1,"{""모현동1가"": 1}",5.0,5,"{""음식조리 냄새"": 1}",음식조리 냄새
익산시만,2023-09-21 21:00:00,1,1,"{""영등동"": 1}",4.0,4,"{""가축 분뇨 냄새(닭, 돼지, 소)"": 1}","가축 분뇨 냄새(닭, 돼지, 소)"
익산시만,2023-09-22 17:00:00,1,1,"{""모현동1가"": 1}",5.0,5,"{""음식조리 냄새"": 1}",음식조리 냄새
익산시만,2023-09-22 22:00:00,1,1,"{""영등동"": 1}",3.0,3,"{""가축 분뇨 냄새(닭, 돼지, 소)"": 1}","가축 분뇨 냄새(닭, 돼지, 소)"
익산시만,2023-09-23 16:00:00,1,1,"{""낭산면 용기리"": 1}",4.0,4,"{""가축 분뇨 냄새(닭, 돼지, 소)"": 1}","가축 분뇨 냄새(닭, 돼지, 소)"
익산시만,2023-09-23 18:00:00,1,1,"{""춘포면 쌍정리"": 1}",2.0,2,"{""가축 분뇨 냄새(닭, 돼지, 소)"": 1}","가축 분뇨 냄새(닭, 돼지, 소)"
익산시만,2023-09-23 20:00:00,1,1,"{""왕궁면 온수리"": 1}",5.0,5,"{""가축 분뇨 냄새(닭, 돼지, 소)"": 1}","가축 분뇨 냄새(닭, 돼지, 소)"
익산시만,2023-09-23 22:00:00,1,1,"{""동산동"": 1}",3.0,3,"{""가축 분뇨 냄새(닭, 돼지, 소)"": 1}","가축 분뇨 냄새(닭, 돼지, 소)"
익산시만,2023-09-23 23:00:00,1,1,"{""부송동"": 1}",4.0,4,"{""소각 냄새(태우는 냄새)"": 1}",소각 냄새(태우는 냄새)
익산시만,2023-09-24 07:00:00,1,1,"{""춘포면 쌍정리"": 1}",5.0,5,"{""가축 분뇨 냄새(닭, 돼지, 소)"": 1}","가축 분뇨 냄새(닭, 돼지, 소)"
익산시만,2023-09-24 18:00:00,3,3,"{""부송동"": 1, ""어양동"": 1, ""오산면 신지리"": 1}",3.6666666666666665,5,"{""공장 냄새(화학약품, 매캐함)"": 2, ""가축 분뇨 냄새(닭, 돼지, 소)"": 1}","공장 냄새(화학약품, 매캐함)"
익산시만,2023-09-24 19:00:00,1,1,"{""동산동"": 1}",4.0,4,"{""가축 분뇨 냄새(닭, 돼지, 소)"": 1}","가축 분뇨 냄새(닭, 돼지, 소)"
익산시만,2023-09-24 21:00:00,4,4,"{""부송동"": 3, ""어양동"": 1}",3.75,4,"{""공장 냄새(화학약품, 매캐함)"": 4}","공장 냄새(화학약품, 매캐함)"
익산시만,2023-09-25 21:00:00,1,1,"{""춘포면 쌍정리"": 1}",3.0,3,"{""가축 분뇨 냄새(닭, 돼지, 소)"": 1}","가축 분뇨 냄새(닭, 돼지, 소)"
익산시만,2023-09-25 22:00:00,1,1,"{""삼기면 오룡리"": 1}",3.0,3,"{""가축 분뇨 냄새(닭, 돼지, 소)"": 1}","가축 분뇨 냄새(닭, 돼지, 소)"
익산시만,2023-09-26 20:00:00,4,4,"{""어양동"": 2, ""부송동"": 2}",3.5,4,"{""가축 분뇨 냄새(닭, 돼지, 소)"": 2, ""기타"": 1, ""공장 냄새(화학약품, 매캐함)"": 1}","가축 분뇨 냄새(닭, 돼지, 소)"
익산시만,2023-09-26 21:00:00,1,1,"{""동산동"": 1}",5.0,5,"{""가축 분뇨 냄새(닭, 돼지, 소)"": 1}","가축 분뇨 냄새(닭, 돼지, 소)"
익산시만,2023-09-27 14:00:00,1,1,"{""춘포면 쌍정리"": 1}",3.0,3,"{""가축 분뇨 냄새(닭, 돼지, 소)"": 1}","가축 분뇨 냄새(닭, 돼지, 소)"
익산시만,2023-09-27 20:00:00,1,1,"{""황등면 신기리"": 1}",4.0,4,"{""가축 분뇨 냄새(닭, 돼지, 소)"": 1}","가축 분뇨 냄새(닭, 돼지, 소)"
익산시만,2023-09-28 21:00:00,1,1,"{""평화동"": 1}",5.0,5,"{""하수구 냄새"": 1}",하수구 냄새
익산시만,2023-09-29 02:00:00,1,1,"{""동산동"": 1}",4.0,4,"{""가축 분뇨 냄새(닭, 돼지, 소)"": 1}","가축 분뇨 냄새(닭, 돼지, 소)"
익산시만,2023-09-29 13:00:00,1,1,"{""모현동1가"": 1}",5.0,5,"{""음식조리 냄새"": 1}",음식조리 냄새
익산시만,2023-09-29 21:00:00,2,2,"{""동산동"": 2}",4.5,5,"{""하수구 냄새"": 2}",하수구 냄새
익산시만,2023-09-29 22:00:00,5,5,"{""동산동"": 4, ""부송동"": 1}",4.4,5,"{""가축 분뇨 냄새(닭, 돼지, 소)"": 5}","가축 분뇨 냄새(닭, 돼지, 소)"
익산시만,2023-09-30 13:00:00,1,1,"{""춘포면 쌍정리"": 1}",4.0,4,"{""가축 분뇨 냄새(닭, 돼지, 소)"": 1}","가축 분뇨 냄새(닭, 돼지, 소)"
익산시만,2023-09-30 15:00:00,1,1,"{""춘포면 쌍정리"": 1}",4.0,4,"{""가축 분뇨 냄새(닭, 돼지, 소)"": 1}","가축 분뇨 냄새(닭, 돼지, 소)"
익산시만,2023-09-30 18:00:00,2,2,"{""춘포면 쌍정리"": 2}",4.0,4,"{""가축 분뇨 냄새(닭, 돼지, 소)"": 2}","가축 분뇨 냄새(닭, 돼지, 소)"
익산시만,2023-09-30 21:00:00,1,1,"{""평화동"": 1}",4.0,4,"{""하수구 냄새"": 1}",하수구 냄새
익산시만,2023-09-30 22:00:00,3,3,"{""동산동"": 2, ""영등동"": 1}",3.6666666666666665,4,"{""가축 분뇨 냄새(닭, 돼지, 소)"": 3}","가축 분뇨 냄새(닭, 돼지, 소)"
익산시만,2023-09-30 23:00:00,2,2,"{""영등동"": 1, ""신동"": 1}",4.0,4,"{""가축 분뇨 냄새(닭, 돼지, 소)"": 2}","가축 분뇨 냄새(닭, 돼지, 소)"
익산시만,2023-10-01 08:00:00,1,1,"{""춘포면 천서리"": 1}",2.0,2,"{""가축 분뇨 냄새(닭, 돼지, 소)"": 1}","가축 분뇨 냄새(닭, 돼지, 소)"
익산시만,2023-10-01 19:00:00,1,1,"{""삼기면 오룡리"": 1}",4.0,4,"{""가축 분뇨 냄새(닭, 돼지, 소)"": 1}","가축 분뇨 냄새(닭, 돼지, 소)"
익산시만,2023-10-01 20:00:00,1,1,"{""춘포면 쌍정리"": 1}",4.0,4,"{""가축 분뇨 냄새(닭, 돼지, 소)"": 1}","가축 분뇨 냄새(닭, 돼지, 소)"
익산시만,2023-10-01 22:00:00,1,1,"{""동산동"": 1}",4.0,4,"{""하수구 냄새"": 1}",하수구 냄새
익산시만,2023-10-01 23:00:00,1,1,"{""부송동"": 1}",3.0,3,"{""가축 분뇨 냄새(닭, 돼지, 소)"": 1}","가축 분뇨 냄새(닭, 돼지, 소)"
익산시만,2023-10-02 00:00:00,1,1,"{""동산동"": 1}",3.0,3,"{""가축 분뇨 냄새(닭, 돼지, 소)"": 1}","가축 분뇨 냄새(닭, 돼지, 소)"
익산시만,2023-10-02 03:00:00,1,1,"{""부송동"": 1}",4.0,4,"{""공장 냄새(화학약품, 매캐함)"": 1}","공장 냄새(화학약품, 매캐함)"
익산시만,2023-10-02 06:00:00,1,1,"{""춘포면 천서리"": 1}",2.0,2,"{""가축 분뇨 냄새(닭, 돼지, 소)"": 1}","가축 분뇨 냄새(닭, 돼지, 소)"
익산시만,2023-10-02 08:00:00,1,1,"{""춘포면 쌍정리"": 1}",3.0,3,"{""가축 분뇨 냄새(닭, 돼지, 소)"": 1}","가축 분뇨 냄새(닭, 돼지, 소)"
익산시만,2023-10-02 14:00:00,1,1,"{""왕궁면 온수리"": 1}",4.0,4,"{""가축 분뇨 냄새(닭, 돼지, 소)"": 1}","가축 분뇨 냄새(닭, 돼지, 소)"
익산시만,2023-10-02 22:00:00,1,1,"{""춘포면 쌍정리"": 1}",5.0,5,"{""가축 분뇨 냄새(닭, 돼지, 소)"": 1}","가축 분뇨 냄새(닭, 돼지, 소)"
익산시만,2023-10-03 13:00:00,1,1,"{""모현동1가"": 1}",5.0,5,"{""음식조리 냄새"": 1}",음식조리 냄새
익산시만,2023-10-03 14:00:00,1,1,"{""부송동"": 1}",4.0,4,"{""공장 냄새(화학약품, 매캐함)"": 1}","공장 냄새(화학약품, 매캐함)"
익산시만,2023-10-03 19:00:00,1,1,"{""오산면 신지리"": 1}",5.0,5,"{""가축 분뇨 냄새(닭, 돼지, 소)"": 1}","가축 분뇨 냄새(닭, 돼지, 소)"
익산시만,2023-10-03 20:00:00,4,4,"{""춘포면 쌍정리"": 1, ""영등동"": 1, ""삼기면 오룡리"": 1, ""동산동"": 1}",4.25,5,"{""가축 분뇨 냄새(닭, 돼지, 소)"": 3, ""소각 냄새(태우는 냄새)"": 1}","가축 분뇨 냄새(닭, 돼지, 소)"
익산시만,2023-10-03 21:00:00,2,2,"{""동산동"": 2}",5.0,5,"{""가축 분뇨 냄새(닭, 돼지, 소)"": 2}","가축 분뇨 냄새(닭, 돼지, 소)"
익산시만,2023-10-03 22:00:00,1,1,"{""부송동"": 1}",5.0,5,"{""공장 냄새(화학약품, 매캐함)"": 1}","공장 냄새(화학약품, 매캐함)"
익산시만,2023-10-04 23:00:00,1,1,"{""동산동"": 1}",4.0,4,"{""가축 분뇨 냄새(닭, 돼지, 소)"": 1}","가축 분뇨 냄새(닭, 돼지, 소)"
익산시만,2023-10-05 17:00:00,1,1,"{""어양동"": 1}",3.0,3,"{""소각 냄새(태우는 냄새)"": 1}",소각 냄새(태우는 냄새)
익산시만,2023-10-05 18:00:00,1,1,"{""삼기면 오룡리"": 1}",3.0,3,"{""가축 분뇨 냄새(닭, 돼지, 소)"": 1}","가축 분뇨 냄새(닭, 돼지, 소)"
익산시만,2023-10-05 21:00:00,1,1,"{""춘포면 쌍정리"": 1}",5.0,5,"{""가축 분뇨 냄새(닭, 돼지, 소)"": 1}","가축 분뇨 냄새(닭, 돼지, 소)"
익산시만,2023-10-05 22:00:00,1,1,"{""동산동"": 1}",4.0,4,"{""가축 분뇨 냄새(닭, 돼지, 소)"": 1}","가축 분뇨 냄새(닭, 돼지, 소)"
익산시만,2023-10-05 23:00:00,5,5,"{""동산동"": 4, ""마동"": 1}",4.6,5,"{""가축 분뇨 냄새(닭, 돼지, 소)"": 5}","가축 분뇨 냄새(닭, 돼지, 소)"
익산시만,2023-10-06 01:00:00,1,1,"{""춘포면 쌍정리"": 1}",5.0,5,"{""가축 분뇨 냄새(닭, 돼지, 소)"": 1}","가축 분뇨 냄새(닭, 돼지, 소)"
익산시만,2023-10-06 05:00:00,1,1,"{""영등동"": 1}",4.0,4,"{""가축 분뇨 냄새(닭, 돼지, 소)"": 1}","가축 분뇨 냄새(닭, 돼지, 소)"
익산시만,2023-10-06 08:00:00,3,3,"{""부송동"": 1, ""오산면 신지리"": 1, ""춘포면 천서리"": 1}",3.3333333333333335,4,"{""공장 냄새(화학약품, 매캐함)"": 2, ""가축 분뇨 냄새(닭, 돼지, 소)"": 1}","공장 냄새(화학약품, 매캐함)"
익산시만,2023-10-06 09:00:00,1,1,"{""팔봉동"": 1}",3.0,3,"{""공장 냄새(화학약품, 매캐함)"": 1}","공장 냄새(화학약품, 매캐함)"
익산시만,2023-10-06 22:00:00,3,3,"{""삼기면 간촌리"": 1, ""춘포면 쌍정리"": 1, ""삼기면 기산리"": 1}",4.666666666666667,5,"{""하수구 냄새"": 2, ""가축 분뇨 냄새(닭, 돼지, 소)"": 1}",하수구 냄새
익산시만,2023-10-06 23:00:00,1,1,"{""삼기면 간촌리"": 1}",5.0,5,"{""하수구 냄새"": 1}",하수구 냄새
익산시만,2023-10-07 00:00:00,3,3,"{""동산동"": 1, ""영등동"": 1, ""부송동"": 1}",4.0,4,"{""가축 분뇨 냄새(닭, 돼지, 소)"": 2, ""기타"": 1}","가축 분뇨 냄새(닭, 돼지, 소)"
익산시만,2023-10-07 01:00:00,1,1,"{""부송동"": 1}",4.0,4,"{""가축 분뇨 냄새(닭, 돼지, 소)"": 1}","가축 분뇨 냄새(닭, 돼지, 소)"
익산시만,2023-10-07 08:00:00,1,1,"{""춘포면 천서리"": 1}",3.0,3,"{""가축 분뇨 냄새(닭, 돼지, 소)"": 1}","가축 분뇨 냄새(닭, 돼지, 소)"
익산시만,2023-10-07 18:00:00,1,1,"{""모현동1가"": 1}",5.0,5,"{""음식조리 냄새"": 1}",음식조리 냄새
익산시만,2023-10-08 01:00:00,1,1,"{""부송동"": 1}",5.0,5,"{""공장 냄새(화학약품, 매캐함)"": 1}","공장 냄새(화학약품, 매캐함)"
익산시만,2023-10-08 14:00:00,1,1,"{""낭산면 용기리"": 1}",4.0,4,"{""가축 분뇨 냄새(닭, 돼지, 소)"": 1}","가축 분뇨 냄새(닭, 돼지, 소)"
익산시만,2023-10-08 19:00:00,1,1,"{""어양동"": 1}",4.0,4,"{""소각 냄새(태우는 냄새)"": 1}",소각 냄새(태우는 냄새)
익산시만,2023-10-09 07:00:00,2,2,"{""춘포면 쌍정리"": 1, ""춘포면 천서리"": 1}",3.0,4,"{""가축 분뇨 냄새(닭, 돼지, 소)"": 2}","가축 분뇨 냄새(닭, 돼지, 소)"
익산시만,2023-10-09 23:00:00,1,1,"{""어양동"": 1}",5.0,5,"{""가축 분뇨 냄새(닭, 돼지, 소)"": 1}","가축 분뇨 냄새(닭, 돼지, 소)"
익산시만,2023-10-10 06:00:00,1,1,"{""춘포면 천서리"": 1}",2.0,2,"{""가축 분뇨 냄새(닭, 돼지, 소)"": 1}","가축 분뇨 냄새(닭, 돼지, 소)"
익산시만,2023-10-10 18:00:00,1,1,"{""삼기면 오룡리"": 1}",3.0,3,"{""가축 분뇨 냄새(닭, 돼지, 소)"": 1}","가축 분뇨 냄새(닭, 돼지, 소)"
익산시만,2023-10-11 02:00:00,1,1,"{""모현동2가"": 1}",4.0,4,"{""가축 분뇨 냄새(닭, 돼지, 소)"": 1}","가축 분뇨 냄새(닭, 돼지, 소)"
익산시만,2023-10-11 08:00:00,1,1,"{""춘포면 쌍정리"": 1}",4.0,4,"{""가축 분뇨 냄새(닭, 돼지, 소)"": 1}","가축 분뇨 냄새(닭, 돼지, 소)"
익산시만,2023-10-11 17:00:00,1,1,"{""삼기면 기산리"": 1}",4.0,4,"{""가축 분뇨 냄새(닭, 돼지, 소)"": 1}","가축 분뇨 냄새(닭, 돼지, 소)"
익산시만,2023-10-11 19:00:00,1,1,"{""삼기면 오룡리"": 1}",5.0,5,"{""가축 분뇨 냄새(닭, 돼지, 소)"": 1}","가축 분뇨 냄새(닭, 돼지, 소)"
익산시만,2023-10-11 20:00:00,1,1,"{""왕궁면 온수리"": 1}",5.0,5,"{""가축 분뇨 냄새(닭, 돼지, 소)"": 1}","가축 분뇨 냄새(닭, 돼지, 소)"
익산시만,2023-10-11 22:00:00,2,2,"{""삼기면 간촌리"": 1, ""동산동"": 1}",4.0,4,"{""하수구 냄새"": 1, ""공장 냄새(화학약품, 매캐함)"": 1}",하수구 냄새
익산시만,2023-10-12 00:00:00,1,1,"{""부송동"": 1}",5.0,5,"{""공장 냄새(화학약품, 매캐함)"": 1}","공장 냄새(화학약품, 매캐함)"
익산시만,2023-10-12 01:00:00,1,1,"{""부송동"": 1}",5.0,5,"{""공장 냄새(화학약품, 매캐함)"": 1}","공장 냄새(화학약품, 매캐함)"
익산시만,2023-10-12 10:00:00,1,1,"{""삼기면 연동리"": 1}",4.0,4,"{""가축 분뇨 냄새(닭, 돼지, 소)"": 1}","가축 분뇨 냄새(닭, 돼지, 소)"
익산시만,2023-10-12 13:00:00,1,1,"{""삼기면 기산리"": 1}",4.0,4,"{""하수구 냄새"": 1}",하수구 냄새
익산시만,2023-10-12 22:00:00,1,1,"{""용제동"": 1}",3.0,3,"{""기타"": 1}",기타
익산시만,2023-10-13 15:00:00,1,1,"{""인화동2가"": 1}",4.0,4,"{""하수구 냄새"": 1}",하수구 냄새
익산시만,2023-10-13 19:00:00,1,1,"{""왕궁면 온수리"": 1}",5.0,5,"{""가축 분뇨 냄새(닭, 돼지, 소)"": 1}","가축 분뇨 냄새(닭, 돼지, 소)"
익산시만,2023-10-13 21:00:00,6,6,"{""부송동"": 4, ""신흥동"": 1, ""함열읍 와리"": 1}",4.5,5,"{""가축 분뇨 냄새(닭, 돼지, 소)"": 6}","가축 분뇨 냄새(닭, 돼지, 소)"
익산시만,2023-10-13 22:00:00,2,2,"{""어양동"": 2}",5.0,5,"{""가축 분뇨 냄새(닭, 돼지, 소)"": 2}","가축 분뇨 냄새(닭, 돼지, 소)"
익산시만,2023-10-13 23:00:00,3,3,"{""부송동"": 1, ""동산동"": 1, ""인화동2가"": 1}",5.0,5,"{""가축 분뇨 냄새(닭, 돼지, 소)"": 3}","가축 분뇨 냄새(닭, 돼지, 소)"
익산시만,2023-10-14 09:00:00,1,1,"{""오산면 신지리"": 1}",3.0,3,"{""가축 분뇨 냄새(닭, 돼지, 소)"": 1}","가축 분뇨 냄새(닭, 돼지, 소)"
익산시만,2023-10-15 15:00:00,1,1,"{""용동면 용성리"": 1}",5.0,5,"{""가축 분뇨 냄새(닭, 돼지, 소)"": 1}","가축 분뇨 냄새(닭, 돼지, 소)"
익산시만,2023-10-15 16:00:00,1,1,"{""어양동"": 1}",4.0,4,"{""가축 분뇨 냄새(닭, 돼지, 소)"": 1}","가축 분뇨 냄새(닭, 돼지, 소)"
익산시만,2023-10-15 22:00:00,1,1,"{""영등동"": 1}",4.0,4,"{""가축 분뇨 냄새(닭, 돼지, 소)"": 1}","가축 분뇨 냄새(닭, 돼지, 소)"
익산시만,2023-10-16 22:00:00,1,1,"{""영등동"": 1}",4.0,4,"{""가축 분뇨 냄새(닭, 돼지, 소)"": 1}","가축 분뇨 냄새(닭, 돼지, 소)"
익산시만,2023-10-17 09:00:00,1,1,"{""춘포면 천서리"": 1}",2.0,2,"{""가축 분뇨 냄새(닭, 돼지, 소)"": 1}","가축 분뇨 냄새(닭, 돼지, 소)"
익산시만,2023-10-17 20:00:00,1,1,"{""금강동"": 1}",4.0,4,"{""가축 분뇨 냄새(닭, 돼지, 소)"": 1}","가축 분뇨 냄새(닭, 돼지, 소)"
익산시만,2023-10-17 21:00:00,1,1,"{""어양동"": 1}",5.0,5,"{""가축 분뇨 냄새(닭, 돼지, 소)"": 1}","가축 분뇨 냄새(닭, 돼지, 소)"
익산시만,2023-10-18 08:00:00,1,1,"{""영등동"": 1}",5.0,5,"{""가축 분뇨 냄새(닭, 돼지, 소)"": 1}","가축 분뇨 냄새(닭, 돼지, 소)"
익산시만,2023-10-18 18:00:00,1,1,"{""모현동1가"": 1}",4.0,4,"{""음식조리 냄새"": 1}",음식조리 냄새
익산시만,2023-10-18 22:00:00,1,1,"{""부송동"": 1}",4.0,4,"{""공장 냄새(화학약품, 매캐함)"": 1}","공장 냄새(화학약품, 매캐함)"
익산시만,2023-10-19 13:00:00,1,1,"{""어양동"": 1}",5.0,5,"{""기타"": 1}",기타
익산시만,2023-10-19 21:00:00,1,1,"{""모현동1가"": 1}",5.0,5,"{""음식조리 냄새"": 1}",음식조리 냄새
익산시만,2023-10-20 08:00:00,1,1,"{""어양동"": 1}",3.0,3,"{""가축 분뇨 냄새(닭, 돼지, 소)"": 1}","가축 분뇨 냄새(닭, 돼지, 소)"
익산시만,2023-10-20 12:00:00,1,1,"{""용동면 구산리"": 1}",2.0,2,"{""가축 분뇨 냄새(닭, 돼지, 소)"": 1}","가축 분뇨 냄새(닭, 돼지, 소)"
익산시만,2023-10-20 21:00:00,1,1,"{""삼기면 기산리"": 1}",5.0,5,"{""가축 분뇨 냄새(닭, 돼지, 소)"": 1}","가축 분뇨 냄새(닭, 돼지, 소)"
익산시만,2023-10-21 09:00:00,1,1,"{""동산동"": 1}",4.0,4,"{""가축 분뇨 냄새(닭, 돼지, 소)"": 1}","가축 분뇨 냄새(닭, 돼지, 소)"
익산시만,2023-10-21 22:00:00,1,1,"{""동산동"": 1}",4.0,4,"{""가축 분뇨 냄새(닭, 돼지, 소)"": 1}","가축 분뇨 냄새(닭, 돼지, 소)"
익산시만,2023-10-21 23:00:00,4,4,"{""부송동"": 1, ""동산동"": 1, ""인화동2가"": 1, ""영등동"": 1}",4.5,5,"{""가축 분뇨 냄새(닭, 돼지, 소)"": 4}","가축 분뇨 냄새(닭, 돼지, 소)"
익산시만,2023-10-22 00:00:00,1,1,"{""부송동"": 1}",5.0,5,"{""가축 분뇨 냄새(닭, 돼지, 소)"": 1}","가축 분뇨 냄새(닭, 돼지, 소)"
익산시만,2023-10-22 10:00:00,1,1,"{""부송동"": 1}",4.0,4,"{""기타"": 1}",기타
익산시만,2023-10-22 17:00:00,1,1,"{""함열읍 와리"": 1}",3.0,3,"{""가축 분뇨 냄새(닭, 돼지, 소)"": 1}","가축 분뇨 냄새(닭, 돼지, 소)"
익산시만,2023-10-22 20:00:00,1,1,"{""영등동"": 1}",3.0,3,"{""가축 분뇨 냄새(닭, 돼지, 소)"": 1}","가축 분뇨 냄새(닭, 돼지, 소)"
익산시만,2023-10-22 21:00:00,1,1,"{""부송동"": 1}",5.0,5,"{""가축 분뇨 냄새(닭, 돼지, 소)"": 1}","가축 분뇨 냄새(닭, 돼지, 소)"
익산시만,2023-10-23 21:00:00,1,1,"{""춘포면 쌍정리"": 1}",3.0,3,"{""가축 분뇨 냄새(닭, 돼지, 소)"": 1}","가축 분뇨 냄새(닭, 돼지, 소)"
익산시만,2023-10-24 21:00:00,1,1,"{""동산동"": 1}",5.0,5,"{""가축 분뇨 냄새(닭, 돼지, 소)"": 1}","가축 분뇨 냄새(닭, 돼지, 소)"
익산시만,2023-10-24 22:00:00,1,1,"{""어양동"": 1}",4.0,4,"{""공장 냄새(화학약품, 매캐함)"": 1}","공장 냄새(화학약품, 매캐함)"
익산시만,2023-10-25 07:00:00,1,1,"{""부송동"": 1}",4.0,4,"{""가축 분뇨 냄새(닭, 돼지, 소)"": 1}","가축 분뇨 냄새(닭, 돼지, 소)"
익산시만,2023-10-25 21:00:00,1,1,"{""오산면 신지리"": 1}",2.0,2,"{""가축 분뇨 냄새(닭, 돼지, 소)"": 1}","가축 분뇨 냄새(닭, 돼지, 소)"
익산시만,2023-10-25 22:00:00,2,2,"{""영등동"": 1, ""부송동"": 1}",4.5,5,"{""가축 분뇨 냄새(닭, 돼지, 소)"": 2}","가축 분뇨 냄새(닭, 돼지, 소)"
익산시만,2023-10-25 23:00:00,1,1,"{""동산동"": 1}",3.0,3,"{""가축 분뇨 냄새(닭, 돼지, 소)"": 1}","가축 분뇨 냄새(닭, 돼지, 소)"
익산시만,2023-10-26 09:00:00,1,1,"{""신용동"": 1}",3.0,3,"{""소각 냄새(태우는 냄새)"": 1}",소각 냄새(태우는 냄새)
익산시만,2023-10-27 08:00:00,1,1,"{""춘포면 쌍정리"": 1}",4.0,4,"{""가축 분뇨 냄새(닭, 돼지, 소)"": 1}","가축 분뇨 냄새(닭, 돼지, 소)"
익산시만,2023-10-27 19:00:00,1,1,"{""용동면 용성리"": 1}",4.0,4,"{""가축 분뇨 냄새(닭, 돼지, 소)"": 1}","가축 분뇨 냄새(닭, 돼지, 소)"
익산시만,2023-10-28 23:00:00,1,1,"{""신동"": 1}",3.0,3,"{""공장 냄새(화학약품, 매캐함)"": 1}","공장 냄새(화학약품, 매캐함)"
익산시만,2023-10-29 20:00:00,1,1,"{""오산면 신지리"": 1}",2.0,2,"{""가축 분뇨 냄새(닭, 돼지, 소)"": 1}","가축 분뇨 냄새(닭, 돼지, 소)"
익산시만,2023-10-29 21:00:00,1,1,"{""부송동"": 1}",5.0,5,"{""가축 분뇨 냄새(닭, 돼지, 소)"": 1}","가축 분뇨 냄새(닭, 돼지, 소)"
익산시만,2023-10-29 22:00:00,2,2,"{""동산동"": 1, ""부송동"": 1}",5.0,5,"{""가축 분뇨 냄새(닭, 돼지, 소)"": 2}","가축 분뇨 냄새(닭, 돼지, 소)"
익산시만,2023-10-30 18:00:00,1,1,"{""현영동"": 1}",3.0,3,"{""소각 냄새(태우는 냄새)"": 1}",소각 냄새(태우는 냄새)
익산시만,2023-10-30 22:00:00,3,3,"{""부송동"": 3}",4.0,4,"{""가축 분뇨 냄새(닭, 돼지, 소)"": 2, ""하수구 냄새"": 1}","가축 분뇨 냄새(닭, 돼지, 소)"
익산시만,2023-10-30 23:00:00,1,1,"{""어양동"": 1}",5.0,5,"{""가축 분뇨 냄새(닭, 돼지, 소)"": 1}","가축 분뇨 냄새(닭, 돼지, 소)"
익산시만,2023-10-31 08:00:00,1,1,"{""부송동"": 1}",4.0,4,"{""공장 냄새(화학약품, 매캐함)"": 1}","공장 냄새(화학약품, 매캐함)"
익산시만,2023-11-02 22:00:00,1,1,"{""동산동"": 1}",5.0,5,"{""가축 분뇨 냄새(닭, 돼지, 소)"": 1}","가축 분뇨 냄새(닭, 돼지, 소)"
익산시만,2023-11-03 07:00:00,1,1,"{""오산면 신지리"": 1}",3.0,3,"{""가축 분뇨 냄새(닭, 돼지, 소)"": 1}","가축 분뇨 냄새(닭, 돼지, 소)"
익산시만,2023-11-03 19:00:00,1,1,"{""모현동1가"": 1}",5.0,5,"{""음식조리 냄새"": 1}",음식조리 냄새
익산시만,2023-11-03 23:00:00,1,1,"{""인화동2가"": 1}",5.0,5,"{""가축 분뇨 냄새(닭, 돼지, 소)"": 1}","가축 분뇨 냄새(닭, 돼지, 소)"
익산시만,2023-11-04 07:00:00,1,1,"{""모현동1가"": 1}",4.0,4,"{""공장 냄새(화학약품, 매캐함)"": 1}","공장 냄새(화학약품, 매캐함)"
익산시만,2023-11-04 20:00:00,1,1,"{""어양동"": 1}",3.0,3,"{""공장 냄새(화학약품, 매캐함)"": 1}","공장 냄새(화학약품, 매캐함)"
익산시만,2023-11-04 21:00:00,2,2,"{""삼기면 오룡리"": 1, ""오산면 신지리"": 1}",4.5,5,"{""가축 분뇨 냄새(닭, 돼지, 소)"": 2}","가축 분뇨 냄새(닭, 돼지, 소)"
익산시만,2023-11-06 00:00:00,1,1,"{""동산동"": 1}",3.0,3,"{""가축 분뇨 냄새(닭, 돼지, 소)"": 1}","가축 분뇨 냄새(닭, 돼지, 소)"
익산시만,2023-11-07 19:00:00,2,2,"{""삼기면 오룡리"": 1, ""모현동1가"": 1}",4.5,5,"{""가축 분뇨 냄새(닭, 돼지, 소)"": 1, ""음식조리 냄새"": 1}","가축 분뇨 냄새(닭, 돼지, 소)"
익산시만,2023-11-08 08:00:00,1,1,"{""춘포면 쌍정리"": 1}",4.0,4,"{""가축 분뇨 냄새(닭, 돼지, 소)"": 1}","가축 분뇨 냄새(닭, 돼지, 소)"
익산시만,2023-11-08 17:00:00,1,1,"{""왕궁면 구덕리"": 1}",5.0,5,"{""가축 분뇨 냄새(닭, 돼지, 소)"": 1}","가축 분뇨 냄새(닭, 돼지, 소)"
익산시만,2023-11-08 20:00:00,3,3,"{""동산동"": 2, ""오산면 신지리"": 1}",3.3333333333333335,5,"{""가축 분뇨 냄새(닭, 돼지, 소)"": 3}","가축 분뇨 냄새(닭, 돼지, 소)"
익산시만,2023-11-09 07:00:00,1,1,"{""부송동"": 1}",4.0,4,"{""소각 냄새(태우는 냄새)"": 1}",소각 냄새(태우는 냄새)
익산시만,2023-11-09 19:00:00,1,1,"{""부송동"": 1}",5.0,5,"{""소각 냄새(태우는 냄새)"": 1}",소각 냄새(태우는 냄새)
익산시만,2023-11-13 08:00:00,2,2,"{""춘포면 쌍정리"": 1, ""신흥동"": 1}",4.0,4,"{""가축 분뇨 냄새(닭, 돼지, 소)"": 2}","가축 분뇨 냄새(닭, 돼지, 소)"
익산시만,2023-11-18 13:00:00,1,1,"{""용동면 용성리"": 1}",4.0,4,"{""가축 분뇨 냄새(닭, 돼지, 소)"": 1}","가축 분뇨 냄새(닭, 돼지, 소)"
익산시만,2023-11-19 12:00:00,1,1,"{""팔봉동"": 1}",2.0,2,"{""소각 냄새(태우는 냄새)"": 1}",소각 냄새(태우는 냄새)
익산시만,2023-11-20 09:00:00,1,1,"{""오산면 신지리"": 1}",2.0,2,"{""가축 분뇨 냄새(닭, 돼지, 소)"": 1}","가축 분뇨 냄새(닭, 돼지, 소)"
익산시만,2023-11-20 20:00:00,1,1,"{""오산면 신지리"": 1}",4.0,4,"{""가축 분뇨 냄새(닭, 돼지, 소)"": 1}","가축 분뇨 냄새(닭, 돼지, 소)"
익산시만,2023-11-20 21:00:00,2,2,"{""동산동"": 1, ""창인동2가"": 1}",4.5,5,"{""가축 분뇨 냄새(닭, 돼지, 소)"": 1, ""기타"": 1}","가축 분뇨 냄새(닭, 돼지, 소)"
익산시만,2023-11-21 07:00:00,1,1,"{""춘포면 쌍정리"": 1}",3.0,3,"{""가축 분뇨 냄새(닭, 돼지, 소)"": 1}","가축 분뇨 냄새(닭, 돼지, 소)"
익산시만,2023-11-22 16:00:00,1,1,"{""신흥동"": 1}",4.0,4,"{""가축 분뇨 냄새(닭, 돼지, 소)"": 1}","가축 분뇨 냄새(닭, 돼지, 소)"
익산시만,2023-11-28 22:00:00,1,1,"{""삼기면 오룡리"": 1}",4.0,4,"{""가축 분뇨 냄새(닭, 돼지, 소)"": 1}","가축 분뇨 냄새(닭, 돼지, 소)"
익산시만,2023-12-03 21:00:00,2,2,"{""오산면 신지리"": 1, ""동산동"": 1}",3.5,5,"{""가축 분뇨 냄새(닭, 돼지, 소)"": 2}","가축 분뇨 냄새(닭, 돼지, 소)"
익산시만,2023-12-04 23:00:00,1,1,"{""어양동"": 1}",4.0,4,"{""소각 냄새(태우는 냄새)"": 1}",소각 냄새(태우는 냄새)
익산시만,2023-12-05 20:00:00,3,3,"{""어양동"": 1, ""부송동"": 1, ""오산면 신지리"": 1}",3.3333333333333335,5,"{""공장 냄새(화학약품, 매캐함)"": 1, ""소각 냄새(태우는 냄새)"": 1, ""가축 분뇨 냄새(닭, 돼지, 소)"": 1}","공장 냄새(화학약품, 매캐함)"
익산시만,2023-12-05 21:00:00,1,1,"{""부송동"": 1}",4.0,4,"{""공장 냄새(화학약품, 매캐함)"": 1}","공장 냄새(화학약품, 매캐함)"
익산시만,2023-12-06 09:00:00,1,1,"{""팔봉동"": 1}",2.0,2,"{""공장 냄새(화학약품, 매캐함)"": 1}","공장 냄새(화학약품, 매캐함)"
익산시만,2023-12-07 09:00:00,1,1,"{""신흥동"": 1}",2.0,2,"{""기타"": 1}",기타
익산시만,2023-12-08 09:00:00,1,1,"{""오산면 신지리"": 1}",4.0,4,"{""가축 분뇨 냄새(닭, 돼지, 소)"": 1}","가축 분뇨 냄새(닭, 돼지, 소)"
익산시만,2023-12-09 09:00:00,1,1,"{""오산면 신지리"": 1}",3.0,3,"{""가축 분뇨 냄새(닭, 돼지, 소)"": 1}","가축 분뇨 냄새(닭, 돼지, 소)"
익산시만,2023-12-10 17:00:00,2,2,"{""영등동"": 1, ""어양동"": 1}",3.5,5,"{""공장 냄새(화학약품, 매캐함)"": 1, ""소각 냄새(태우는 냄새)"": 1}","공장 냄새(화학약품, 매캐함)"
익산시만,2023-12-10 18:00:00,1,1,"{""오산면 신지리"": 1}",5.0,5,"{""가축 분뇨 냄새(닭, 돼지, 소)"": 1}","가축 분뇨 냄새(닭, 돼지, 소)"
익산시만,2023-12-10 23:00:00,1,1,"{""송학동"": 1}",4.0,4,"{""소각 냄새(태우는 냄새)"": 1}",소각 냄새(태우는 냄새)
익산시만,2023-12-13 19:00:00,1,1,"{""어양동"": 1}",3.0,3,"{""공장 냄새(화학약품, 매캐함)"": 1}","공장 냄새(화학약품, 매캐함)"
익산시만,2023-12-22 13:00:00,1,1,"{""삼기면 간촌리"": 1}",3.0,3,"{""공장 냄새(화학약품, 매캐함)"": 1}","공장 냄새(화학약품, 매캐함)"
익산시만,2023-12-23 17:00:00,1,1,"{""삼기면 오룡리"": 1}",4.0,4,"{""가축 분뇨 냄새(닭, 돼지, 소)"": 1}","가축 분뇨 냄새(닭, 돼지, 소)"
익산시만,2023-12-25 08:00:00,1,1,"{""오산면 신지리"": 1}",3.0,3,"{""가축 분뇨 냄새(닭, 돼지, 소)"": 1}","가축 분뇨 냄새(닭, 돼지, 소)"
익산시만,2023-12-29 10:00:00,1,1,"{""영등동"": 1}",5.0,5,"{""가축 분뇨 냄새(닭, 돼지, 소)"": 1}","가축 분뇨 냄새(닭, 돼지, 소)"
익산시만,2024-01-04 20:00:00,1,1,"{""동산동"": 1}",3.0,3,"{""가축 분뇨 냄새(닭, 돼지, 소)"": 1}","가축 분뇨 냄새(닭, 돼지, 소)"
익산시만,2024-01-06 21:00:00,1,1,"{""부송동"": 1}",5.0,5,"{""가축 분뇨 냄새(닭, 돼지, 소)"": 1}","가축 분뇨 냄새(닭, 돼지, 소)"
익산시만,2024-01-11 20:00:00,1,1,"{""부송동"": 1}",5.0,5,"{""공장 냄새(화학약품, 매캐함)"": 1}","공장 냄새(화학약품, 매캐함)"
익산시만,2024-01-16 20:00:00,1,1,"{""삼기면 오룡리"": 1}",3.0,3,"{""가축 분뇨 냄새(닭, 돼지, 소)"": 1}","가축 분뇨 냄새(닭, 돼지, 소)"
익산시만,2024-01-26 08:00:00,1,1,"{""오산면 신지리"": 1}",2.0,2,"{""가축 분뇨 냄새(닭, 돼지, 소)"": 1}","가축 분뇨 냄새(닭, 돼지, 소)"
익산시만,2024-01-27 09:00:00,1,1,"{""영등동"": 1}",3.0,3,"{""공장 냄새(화학약품, 매캐함)"": 1}","공장 냄새(화학약품, 매캐함)"
익산시만,2024-01-31 09:00:00,1,1,"{""오산면 신지리"": 1}",2.0,2,"{""기타"": 1}",기타
익산시만,2024-02-04 23:00:00,1,1,"{""부송동"": 1}",3.0,3,"{""소각 냄새(태우는 냄새)"": 1}",소각 냄새(태우는 냄새)
익산시만,2024-02-05 18:00:00,1,1,"{""오산면 신지리"": 1}",2.0,2,"{""가축 분뇨 냄새(닭, 돼지, 소)"": 1}","가축 분뇨 냄새(닭, 돼지, 소)"
익산시만,2024-02-07 12:00:00,1,1,"{""용동면 용성리"": 1}",3.0,3,"{""가축 분뇨 냄새(닭, 돼지, 소)"": 1}","가축 분뇨 냄새(닭, 돼지, 소)"
익산시만,2024-02-10 08:00:00,1,1,"{""오산면 신지리"": 1}",4.0,4,"{""가축 분뇨 냄새(닭, 돼지, 소)"": 1}","가축 분뇨 냄새(닭, 돼지, 소)"
익산시만,2024-02-12 21:00:00,1,1,"{""오산면 신지리"": 1}",3.0,3,"{""가축 분뇨 냄새(닭, 돼지, 소)"": 1}","가축 분뇨 냄새(닭, 돼지, 소)"
익산시만,2024-02-14 09:00:00,1,1,"{""영등동"": 1}",4.0,4,"{""가축 분뇨 냄새(닭, 돼지, 소)"": 1}","가축 분뇨 냄새(닭, 돼지, 소)"
익산시만,2024-02-16 23:00:00,1,1,"{""영등동"": 1}",3.0,3,"{""가축 분뇨 냄새(닭, 돼지, 소)"": 1}","가축 분뇨 냄새(닭, 돼지, 소)"
익산시만,2024-02-17 19:00:00,1,1,"{""영등동"": 1}",4.0,4,"{""가축 분뇨 냄새(닭, 돼지, 소)"": 1}","가축 분뇨 냄새(닭, 돼지, 소)"
익산시만,2024-02-22 17:00:00,1,1,"{""왕궁면 온수리"": 1}",4.0,4,"{""가축 분뇨 냄새(닭, 돼지, 소)"": 1}","가축 분뇨 냄새(닭, 돼지, 소)"
익산시만,2024-02-24 07:00:00,1,1,"{""어양동"": 1}",2.0,2,"{""공장 냄새(화학약품, 매캐함)"": 1}","공장 냄새(화학약품, 매캐함)"
익산시만,2024-02-26 08:00:00,1,1,"{""오산면 신지리"": 1}",4.0,4,"{""가축 분뇨 냄새(닭, 돼지, 소)"": 1}","가축 분뇨 냄새(닭, 돼지, 소)"
익산시만,2024-02-28 14:00:00,1,1,"{""영등동"": 1}",2.0,2,"{""소각 냄새(태우는 냄새)"": 1}",소각 냄새(태우는 냄새)
익산시만,2024-03-06 21:00:00,1,1,"{""남중동"": 1}",4.0,4,"{""가축 분뇨 냄새(닭, 돼지, 소)"": 1}","가축 분뇨 냄새(닭, 돼지, 소)"
익산시만,2024-03-10 01:00:00,1,1,"{""영등동"": 1}",3.0,3,"{""소각 냄새(태우는 냄새)"": 1}",소각 냄새(태우는 냄새)
익산시만,2024-03-10 15:00:00,1,1,"{""용동면 용성리"": 1}",4.0,4,"{""가축 분뇨 냄새(닭, 돼지, 소)"": 1}","가축 분뇨 냄새(닭, 돼지, 소)"
익산시만,2024-03-13 21:00:00,1,1,"{""송학동"": 1}",4.0,4,"{""하수구 냄새"": 1}",하수구 냄새
익산시만,2024-03-14 23:00:00,1,1,"{""영등동"": 1}",3.0,3,"{""가축 분뇨 냄새(닭, 돼지, 소)"": 1}","가축 분뇨 냄새(닭, 돼지, 소)"
익산시만,2024-03-15 00:00:00,1,1,"{""영등동"": 1}",4.0,4,"{""공장 냄새(화학약품, 매캐함)"": 1}","공장 냄새(화학약품, 매캐함)"
익산시만,2024-03-15 07:00:00,1,1,"{""어양동"": 1}",3.0,3,"{""공장 냄새(화학약품, 매캐함)"": 1}","공장 냄새(화학약품, 매캐함)"
익산시만,2024-03-15 10:00:00,1,1,"{""송학동"": 1}",4.0,4,"{""하수구 냄새"": 1}",하수구 냄새
익산시만,2024-03-21 22:00:00,1,1,"{""어양동"": 1}",4.0,4,"{""공장 냄새(화학약품, 매캐함)"": 1}","공장 냄새(화학약품, 매캐함)"
익산시만,2024-03-22 03:00:00,1,1,"{""부송동"": 1}",3.0,3,"{""가축 분뇨 냄새(닭, 돼지, 소)"": 1}","가축 분뇨 냄새(닭, 돼지, 소)"
익산시만,2024-03-23 19:00:00,1,1,"{""삼기면 오룡리"": 1}",4.0,4,"{""가축 분뇨 냄새(닭, 돼지, 소)"": 1}","가축 분뇨 냄새(닭, 돼지, 소)"
익산시만,2024-03-24 15:00:00,1,1,"{""오산면 신지리"": 1}",5.0,5,"{""가축 분뇨 냄새(닭, 돼지, 소)"": 1}","가축 분뇨 냄새(닭, 돼지, 소)"
익산시만,2024-03-25 08:00:00,1,1,"{""왕궁면 쌍제리"": 1}",4.0,4,"{""가축 분뇨 냄새(닭, 돼지, 소)"": 1}","가축 분뇨 냄새(닭, 돼지, 소)"
익산시만,2024-03-25 15:00:00,1,1,"{""영등동"": 1}",5.0,5,"{""공장 냄새(화학약품, 매캐함)"": 1}","공장 냄새(화학약품, 매캐함)"
익산시만,2024-03-26 15:00:00,1,1,"{""왕궁면 쌍제리"": 1}",4.0,4,"{""가축 분뇨 냄새(닭, 돼지, 소)"": 1}","가축 분뇨 냄새(닭, 돼지, 소)"
익산시만,2024-03-27 21:00:00,2,2,"{""어양동"": 1, ""영등동"": 1}",3.0,3,"{""공장 냄새(화학약품, 매캐함)"": 2}","공장 냄새(화학약품, 매캐함)"
익산시만,2024-04-01 01:00:00,1,1,"{""춘포면 쌍정리"": 1}",5.0,5,"{""가축 분뇨 냄새(닭, 돼지, 소)"": 1}","가축 분뇨 냄새(닭, 돼지, 소)"
익산시만,2024-04-02 07:00:00,1,1,"{""삼기면 오룡리"": 1}",5.0,5,"{""가축 분뇨 냄새(닭, 돼지, 소)"": 1}","가축 분뇨 냄새(닭, 돼지, 소)"
익산시만,2024-04-08 09:00:00,1,1,"{""왕궁면 쌍제리"": 1}",4.0,4,"{""가축 분뇨 냄새(닭, 돼지, 소)"": 1}","가축 분뇨 냄새(닭, 돼지, 소)"
익산시만,2024-04-13 22:00:00,1,1,"{""신동"": 1}",3.0,3,"{""가축 분뇨 냄새(닭, 돼지, 소)"": 1}","가축 분뇨 냄새(닭, 돼지, 소)"
익산시만,2024-04-14 21:00:00,1,1,"{""송학동"": 1}",1.0,1,"{""가축 분뇨 냄새(닭, 돼지, 소)"": 1}","가축 분뇨 냄새(닭, 돼지, 소)"
익산시만,2024-04-17 20:00:00,1,1,"{""모현동2가"": 1}",5.0,5,"{""가축 분뇨 냄새(닭, 돼지, 소)"": 1}","가축 분뇨 냄새(닭, 돼지, 소)"
익산시만,2024-04-18 01:00:00,1,1,"{""춘포면 쌍정리"": 1}",5.0,5,"{""가축 분뇨 냄새(닭, 돼지, 소)"": 1}","가축 분뇨 냄새(닭, 돼지, 소)"
익산시만,2024-04-18 04:00:00,1,1,"{""오산면 신지리"": 1}",5.0,5,"{""가축 분뇨 냄새(닭, 돼지, 소)"": 1}","가축 분뇨 냄새(닭, 돼지, 소)"
익산시만,2024-04-18 09:00:00,1,1,"{""모현동2가"": 1}",5.0,5,"{""가축 분뇨 냄새(닭, 돼지, 소)"": 1}","가축 분뇨 냄새(닭, 돼지, 소)"
익산시만,2024-04-19 18:00:00,1,1,"{""오산면 오산리"": 1}",3.0,3,"{""가축 분뇨 냄새(닭, 돼지, 소)"": 1}","가축 분뇨 냄새(닭, 돼지, 소)"
익산시만,2024-04-20 12:00:00,2,2,"{""왕궁면 온수리"": 2}",2.5,3,"{""가축 분뇨 냄새(닭, 돼지, 소)"": 2}","가축 분뇨 냄새(닭, 돼지, 소)"
익산시만,2024-04-21 18:00:00,1,1,"{""낭산면 용기리"": 1}",4.0,4,"{""가축 분뇨 냄새(닭, 돼지, 소)"": 1}","가축 분뇨 냄새(닭, 돼지, 소)"
익산시만,2024-04-23 16:00:00,1,1,"{""신동"": 1}",4.0,4,"{""가축 분뇨 냄새(닭, 돼지, 소)"": 1}","가축 분뇨 냄새(닭, 돼지, 소)"
익산시만,2024-04-27 02:00:00,1,1,"{""송학동"": 1}",4.0,4,"{""가축 분뇨 냄새(닭, 돼지, 소)"": 1}","가축 분뇨 냄새(닭, 돼지, 소)"
익산시만,2024-05-04 22:00:00,1,1,"{""함열읍 와리"": 1}",5.0,5,"{""가축 분뇨 냄새(닭, 돼지, 소)"": 1}","가축 분뇨 냄새(닭, 돼지, 소)"
익산시만,2024-05-13 20:00:00,1,1,"{""왕궁면 흥암리"": 1}",5.0,5,"{""가축 분뇨 냄새(닭, 돼지, 소)"": 1}","가축 분뇨 냄새(닭, 돼지, 소)"
익산시만,2024-05-15 00:00:00,2,1,"{""동산동"": 2}",5.0,5,"{""가축 분뇨 냄새(닭, 돼지, 소)"": 2}","가축 분뇨 냄새(닭, 돼지, 소)"
익산시만,2024-05-17 07:00:00,1,1,"{""오산면 신지리"": 1}",3.0,3,"{""가축 분뇨 냄새(닭, 돼지, 소)"": 1}","가축 분뇨 냄새(닭, 돼지, 소)"
익산시만,2024-05-18 02:00:00,1,1,"{""송학동"": 1}",4.0,4,"{""가축 분뇨 냄새(닭, 돼지, 소)"": 1}","가축 분뇨 냄새(닭, 돼지, 소)"
익산시만,2024-05-18 23:00:00,1,1,"{""함열읍 와리"": 1}",5.0,5,"{""가축 분뇨 냄새(닭, 돼지, 소)"": 1}","가축 분뇨 냄새(닭, 돼지, 소)"
익산시만,2024-05-19 20:00:00,1,1,"{""팔봉동"": 1}",3.0,3,"{""공장 냄새(화학약품, 매캐함)"": 1}","공장 냄새(화학약품, 매캐함)"
익산시만,2024-05-21 09:00:00,1,1,"{""삼기면 오룡리"": 1}",4.0,4,"{""공장 냄새(화학약품, 매캐함)"": 1}","공장 냄새(화학약품, 매캐함)"
익산시만,2024-05-21 21:00:00,1,1,"{""팔봉동"": 1}",5.0,5,"{""공장 냄새(화학약품, 매캐함)"": 1}","공장 냄새(화학약품, 매캐함)"
익산시만,2024-05-22 22:00:00,1,1,"{""오산면 신지리"": 1}",3.0,3,"{""가축 분뇨 냄새(닭, 돼지, 소)"": 1}","가축 분뇨 냄새(닭, 돼지, 소)"
익산시만,2024-05-25 21:00:00,3,3,"{""금강동"": 1, ""모현동1가"": 1, ""동산동"": 1}",2.3333333333333335,3,"{""가축 분뇨 냄새(닭, 돼지, 소)"": 2, ""하수구 냄새"": 1}","가축 분뇨 냄새(닭, 돼지, 소)"
익산시만,2024-05-25 22:00:00,5,5,"{""왕궁면 흥암리"": 5}",4.4,5,"{""가축 분뇨 냄새(닭, 돼지, 소)"": 5}","가축 분뇨 냄새(닭, 돼지, 소)"
익산시만,2024-05-25 23:00:00,1,1,"{""왕궁면 흥암리"": 1}",5.0,5,"{""가축 분뇨 냄새(닭, 돼지, 소)"": 1}","가축 분뇨 냄새(닭, 돼지, 소)"
익산시만,2024-05-26 15:00:00,1,1,"{""부송동"": 1}",4.0,4,"{""가축 분뇨 냄새(닭, 돼지, 소)"": 1}","가축 분뇨 냄새(닭, 돼지, 소)"
익산시만,2024-05-26 17:00:00,1,1,"{""신흥동"": 1}",4.0,4,"{""가축 분뇨 냄새(닭, 돼지, 소)"": 1}","가축 분뇨 냄새(닭, 돼지, 소)"
익산시만,2024-05-27 15:00:00,1,1,"{""왕궁면 흥암리"": 1}",5.0,5,"{""가축 분뇨 냄새(닭, 돼지, 소)"": 1}","가축 분뇨 냄새(닭, 돼지, 소)"
익산시만,2024-05-28 01:00:00,1,1,"{""인화동2가"": 1}",4.0,4,"{""가축 분뇨 냄새(닭, 돼지, 소)"": 1}","가축 분뇨 냄새(닭, 돼지, 소)"
익산시만,2024-05-28 18:00:00,1,1,"{""팔봉동"": 1}",3.0,3,"{""공장 냄새(화학약품, 매캐함)"": 1}","공장 냄새(화학약품, 매캐함)"
익산시만,2024-05-28 19:00:00,1,1,"{""모현동1가"": 1}",4.0,4,"{""음식조리 냄새"": 1}",음식조리 냄새
익산시만,2024-05-28 21:00:00,1,1,"{""신동"": 1}",3.0,3,"{""공장 냄새(화학약품, 매캐함)"": 1}","공장 냄새(화학약품, 매캐함)"
익산시만,2024-05-30 06:00:00,1,1,"{""왕궁면 흥암리"": 1}",4.0,4,"{""가축 분뇨 냄새(닭, 돼지, 소)"": 1}","가축 분뇨 냄새(닭, 돼지, 소)"
익산시만,2024-05-30 14:00:00,1,1,"{""영등동"": 1}",4.0,4,"{""공장 냄새(화학약품, 매캐함)"": 1}","공장 냄새(화학약품, 매캐함)"
익산시만,2024-05-30 15:00:00,1,1,"{""팔봉동"": 1}",3.0,3,"{""공장 냄새(화학약품, 매캐함)"": 1}","공장 냄새(화학약품, 매캐함)"
익산시만,2024-05-30 22:00:00,1,1,"{""왕궁면 흥암리"": 1}",3.0,3,"{""가축 분뇨 냄새(닭, 돼지, 소)"": 1}","가축 분뇨 냄새(닭, 돼지, 소)"
익산시만,2024-06-01 21:00:00,1,1,"{""왕궁면 흥암리"": 1}",3.0,3,"{""가축 분뇨 냄새(닭, 돼지, 소)"": 1}","가축 분뇨 냄새(닭, 돼지, 소)"
익산시만,2024-06-01 22:00:00,6,6,"{""왕궁면 흥암리"": 6}",3.1666666666666665,4,"{""가축 분뇨 냄새(닭, 돼지, 소)"": 6}","가축 분뇨 냄새(닭, 돼지, 소)"
익산시만,2024-06-02 08:00:00,1,1,"{""남중동"": 1}",2.0,2,"{""가축 분뇨 냄새(닭, 돼지, 소)"": 1}","가축 분뇨 냄새(닭, 돼지, 소)"
익산시만,2024-06-02 23:00:00,1,1,"{""왕궁면 흥암리"": 1}",3.0,3,"{""소각 냄새(태우는 냄새)"": 1}",소각 냄새(태우는 냄새)
익산시만,2024-06-03 07:00:00,1,1,"{""삼기면 오룡리"": 1}",5.0,5,"{""가축 분뇨 냄새(닭, 돼지, 소)"": 1}","가축 분뇨 냄새(닭, 돼지, 소)"
익산시만,2024-06-04 19:00:00,1,1,"{""삼기면 오룡리"": 1}",3.0,3,"{""가축 분뇨 냄새(닭, 돼지, 소)"": 1}","가축 분뇨 냄새(닭, 돼지, 소)"
익산시만,2024-06-04 22:00:00,1,1,"{""왕궁면 흥암리"": 1}",3.0,3,"{""가축 분뇨 냄새(닭, 돼지, 소)"": 1}","가축 분뇨 냄새(닭, 돼지, 소)"
익산시만,2024-06-07 23:00:00,2,2,"{""왕궁면 흥암리"": 1, ""모현동1가"": 1}",4.5,5,"{""가축 분뇨 냄새(닭, 돼지, 소)"": 1, ""소각 냄새(태우는 냄새)"": 1}","가축 분뇨 냄새(닭, 돼지, 소)"
익산시만,2024-06-08 00:00:00,1,1,"{""인화동2가"": 1}",3.0,3,"{""가축 분뇨 냄새(닭, 돼지, 소)"": 1}","가축 분뇨 냄새(닭, 돼지, 소)"
익산시만,2024-06-08 20:00:00,1,1,"{""남중동"": 1}",3.0,3,"{""가축 분뇨 냄새(닭, 돼지, 소)"": 1}","가축 분뇨 냄새(닭, 돼지, 소)"
익산시만,2024-06-10 01:00:00,3,3,"{""영등동"": 2, ""인화동2가"": 1}",3.0,4,"{""가축 분뇨 냄새(닭, 돼지, 소)"": 2, ""공장 냄새(화학약품, 매캐함)"": 1}","가축 분뇨 냄새(닭, 돼지, 소)"
익산시만,2024-06-10 05:00:00,1,1,"{""왕궁면 흥암리"": 1}",4.0,4,"{""가축 분뇨 냄새(닭, 돼지, 소)"": 1}","가축 분뇨 냄새(닭, 돼지, 소)"
익산시만,2024-06-12 00:00:00,1,1,"{""인화동2가"": 1}",2.0,2,"{""가축 분뇨 냄새(닭, 돼지, 소)"": 1}","가축 분뇨 냄새(닭, 돼지, 소)"
익산시만,2024-06-12 08:00:00,4,4,"{""석암동"": 3, ""팔봉동"": 1}",3.0,3,"{""공장 냄새(화학약품, 매캐함)"": 4}","공장 냄새(화학약품, 매캐함)"
익산시만,2024-06-13 01:00:00,1,1,"{""왕궁면 흥암리"": 1}",3.0,3,"{""기타"": 1}",기타
익산시만,2024-06-14 07:00:00,1,1,"{""삼기면 오룡리"": 1}",4.0,4,"{""가축 분뇨 냄새(닭, 돼지, 소)"": 1}","가축 분뇨 냄새(닭, 돼지, 소)"
익산시만,2024-06-14 21:00:00,1,1,"{""왕궁면 흥암리"": 1}",3.0,3,"{""가축 분뇨 냄새(닭, 돼지, 소)"": 1}","가축 분뇨 냄새(닭, 돼지, 소)"
익산시만,2024-06-15 01:00:00,1,1,"{""어양동"": 1}",3.0,3,"{""가축 분뇨 냄새(닭, 돼지, 소)"": 1}","가축 분뇨 냄새(닭, 돼지, 소)"
익산시만,2024-06-15 02:00:00,3,3,"{""마동"": 1, ""목천동"": 1, ""송학동"": 1}",4.0,4,"{""가축 분뇨 냄새(닭, 돼지, 소)"": 3}","가축 분뇨 냄새(닭, 돼지, 소)"
익산시만,2024-06-15 07:00:00,1,1,"{""부송동"": 1}",4.0,4,"{""가축 분뇨 냄새(닭, 돼지, 소)"": 1}","가축 분뇨 냄새(닭, 돼지, 소)"
익산시만,2024-06-15 08:00:00,1,1,"{""영등동"": 1}",5.0,5,"{""가축 분뇨 냄새(닭, 돼지, 소)"": 1}","가축 분뇨 냄새(닭, 돼지, 소)"
익산시만,2024-06-15 22:00:00,2,2,"{""왕궁면 흥암리"": 2}",4.5,5,"{""가축 분뇨 냄새(닭, 돼지, 소)"": 2}","가축 분뇨 냄새(닭, 돼지, 소)"
익산시만,2024-06-16 10:00:00,1,1,"{""왕궁면 흥암리"": 1}",4.0,4,"{""가축 분뇨 냄새(닭, 돼지, 소)"": 1}","가축 분뇨 냄새(닭, 돼지, 소)"
익산시만,2024-06-16 15:00:00,1,1,"{""용동면 용성리"": 1}",3.0,3,"{""가축 분뇨 냄새(닭, 돼지, 소)"": 1}","가축 분뇨 냄새(닭, 돼지, 소)"
익산시만,2024-06-16 19:00:00,1,1,"{""왕궁면 흥암리"": 1}",5.0,5,"{""가축 분뇨 냄새(닭, 돼지, 소)"": 1}","가축 분뇨 냄새(닭, 돼지, 소)"
익산시만,2024-06-16 21:00:00,1,1,"{""왕궁면 흥암리"": 1}",5.0,5,"{""가축 분뇨 냄새(닭, 돼지, 소)"": 1}","가축 분뇨 냄새(닭, 돼지, 소)"
익산시만,2024-06-16 22:00:00,2,2,"{""왕궁면 흥암리"": 2}",4.0,5,"{""가축 분뇨 냄새(닭, 돼지, 소)"": 1, ""기타"": 1}","가축 분뇨 냄새(닭, 돼지, 소)"
익산시만,2024-06-16 23:00:00,1,1,"{""왕궁면 흥암리"": 1}",5.0,5,"{""가축 분뇨 냄새(닭, 돼지, 소)"": 1}","가축 분뇨 냄새(닭, 돼지, 소)"
익산시만,2024-06-17 02:00:00,1,1,"{""왕궁면 흥암리"": 1}",4.0,4,"{""가축 분뇨 냄새(닭, 돼지, 소)"": 1}","가축 분뇨 냄새(닭, 돼지, 소)"
익산시만,2024-06-17 07:00:00,2,2,"{""오산면 신지리"": 1, ""부송동"": 1}",2.5,3,"{""가축 분뇨 냄새(닭, 돼지, 소)"": 1, ""공장 냄새(화학약품, 매캐함)"": 1}","가축 분뇨 냄새(닭, 돼지, 소)"
익산시만,2024-06-17 09:00:00,1,1,"{""어양동"": 1}",4.0,4,"{""가축 분뇨 냄새(닭, 돼지, 소)"": 1}","가축 분뇨 냄새(닭, 돼지, 소)"
익산시만,2024-06-17 21:00:00,2,2,"{""왕궁면 흥암리"": 2}",4.0,5,"{""가축 분뇨 냄새(닭, 돼지, 소)"": 2}","가축 분뇨 냄새(닭, 돼지, 소)"
익산시만,2024-06-18 06:00:00,1,1,"{""왕궁면 흥암리"": 1}",4.0,4,"{""가축 분뇨 냄새(닭, 돼지, 소)"": 1}","가축 분뇨 냄새(닭, 돼지, 소)"
익산시만,2024-06-18 20:00:00,3,3,"{""왕궁면 흥암리"": 3}",3.0,3,"{""가축 분뇨 냄새(닭, 돼지, 소)"": 3}","가축 분뇨 냄새(닭, 돼지, 소)"
익산시만,2024-06-18 21:00:00,1,1,"{""왕궁면 흥암리"": 1}",4.0,4,"{""가축 분뇨 냄새(닭, 돼지, 소)"": 1}","가축 분뇨 냄새(닭, 돼지, 소)"
익산시만,2024-06-18 22:00:00,5,5,"{""왕궁면 흥암리"": 4, ""함열읍 와리"": 1}",4.0,5,"{""가축 분뇨 냄새(닭, 돼지, 소)"": 5}","가축 분뇨 냄새(닭, 돼지, 소)"
익산시만,2024-06-18 23:00:00,6,6,"{""오산면 신지리"": 2, ""동산동"": 2, ""신흥동"": 1, ""어양동"": 1}",3.8333333333333335,4,"{""가축 분뇨 냄새(닭, 돼지, 소)"": 6}","가축 분뇨 냄새(닭, 돼지, 소)"
익산시만,2024-06-19 02:00:00,1,1,"{""송학동"": 1}",4.0,4,"{""가축 분뇨 냄새(닭, 돼지, 소)"": 1}","가축 분뇨 냄새(닭, 돼지, 소)"
익산시만,2024-06-19 06:00:00,1,1,"{""왕궁면 흥암리"": 1}",4.0,4,"{""가축 분뇨 냄새(닭, 돼지, 소)"": 1}","가축 분뇨 냄새(닭, 돼지, 소)"
익산시만,2024-06-19 08:00:00,1,1,"{""왕궁면 흥암리"": 1}",3.0,3,"{""가축 분뇨 냄새(닭, 돼지, 소)"": 1}","가축 분뇨 냄새(닭, 돼지, 소)"
익산시만,2024-06-19 19:00:00,3,3,"{""왕궁면 흥암리"": 2, ""신흥동"": 1}",3.6666666666666665,4,"{""가축 분뇨 냄새(닭, 돼지, 소)"": 2, ""공장 냄새(화학약품, 매캐함)"": 1}","가축 분뇨 냄새(닭, 돼지, 소)"
익산시만,2024-06-19 21:00:00,1,1,"{""왕궁면 흥암리"": 1}",5.0,5,"{""가축 분뇨 냄새(닭, 돼지, 소)"": 1}","가축 분뇨 냄새(닭, 돼지, 소)"
익산시만,2024-06-19 22:00:00,1,1,"{""왕궁면 흥암리"": 1}",5.0,5,"{""가축 분뇨 냄새(닭, 돼지, 소)"": 1}","가축 분뇨 냄새(닭, 돼지, 소)"
익산시만,2024-06-20 19:00:00,2,2,"{""왕궁면 흥암리"": 1, ""오산면 신지리"": 1}",3.5,5,"{""가축 분뇨 냄새(닭, 돼지, 소)"": 2}","가축 분뇨 냄새(닭, 돼지, 소)"
익산시만,2024-06-20 20:00:00,2,2,"{""동산동"": 2}",4.0,4,"{""가축 분뇨 냄새(닭, 돼지, 소)"": 2}","가축 분뇨 냄새(닭, 돼지, 소)"
익산시만,2024-06-20 21:00:00,2,2,"{""동산동"": 1, ""함열읍 석매리"": 1}",3.5,4,"{""가축 분뇨 냄새(닭, 돼지, 소)"": 2}","가축 분뇨 냄새(닭, 돼지, 소)"
익산시만,2024-06-20 22:00:00,2,2,"{""왕궁면 흥암리"": 2}",4.0,5,"{""가축 분뇨 냄새(닭, 돼지, 소)"": 2}","가축 분뇨 냄새(닭, 돼지, 소)"
익산시만,2024-06-20 23:00:00,2,2,"{""왕궁면 흥암리"": 2}",3.5,4,"{""가축 분뇨 냄새(닭, 돼지, 소)"": 2}","가축 분뇨 냄새(닭, 돼지, 소)"
익산시만,2024-06-21 21:00:00,3,3,"{""왕궁면 흥암리"": 2, ""동산동"": 1}",4.0,5,"{""가축 분뇨 냄새(닭, 돼지, 소)"": 2, ""공장 냄새(화학약품, 매캐함)"": 1}","가축 분뇨 냄새(닭, 돼지, 소)"
익산시만,2024-06-22 01:00:00,4,4,"{""왕궁면 흥암리"": 3, ""부송동"": 1}",4.25,5,"{""가축 분뇨 냄새(닭, 돼지, 소)"": 3, ""공장 냄새(화학약품, 매캐함)"": 1}","가축 분뇨 냄새(닭, 돼지, 소)"
익산시만,2024-06-22 10:00:00,1,1,"{""오산면 신지리"": 1}",4.0,4,"{""가축 분뇨 냄새(닭, 돼지, 소)"": 1}","가축 분뇨 냄새(닭, 돼지, 소)"
익산시만,2024-06-22 18:00:00,1,1,"{""왕궁면 흥암리"": 1}",4.0,4,"{""가축 분뇨 냄새(닭, 돼지, 소)"": 1}","가축 분뇨 냄새(닭, 돼지, 소)"
익산시만,2024-06-22 23:00:00,1,1,"{""왕궁면 흥암리"": 1}",3.0,3,"{""가축 분뇨 냄새(닭, 돼지, 소)"": 1}","가축 분뇨 냄새(닭, 돼지, 소)"
익산시만,2024-06-23 11:00:00,1,1,"{""왕궁면 흥암리"": 1}",5.0,5,"{""가축 분뇨 냄새(닭, 돼지, 소)"": 1}","가축 분뇨 냄새(닭, 돼지, 소)"
익산시만,2024-06-23 16:00:00,1,1,"{""왕궁면 흥암리"": 1}",2.0,2,"{""가축 분뇨 냄새(닭, 돼지, 소)"": 1}","가축 분뇨 냄새(닭, 돼지, 소)"
익산시만,2024-06-23 20:00:00,7,7,"{""왕궁면 흥암리"": 7}",3.857142857142857,5,"{""가축 분뇨 냄새(닭, 돼지, 소)"": 7}","가축 분뇨 냄새(닭, 돼지, 소)"
익산시만,2024-06-23 21:00:00,2,2,"{""오산면 신지리"": 1, ""왕궁면 흥암리"": 1}",3.5,4,"{""가축 분뇨 냄새(닭, 돼지, 소)"": 2}","가축 분뇨 냄새(닭, 돼지, 소)"
익산시만,2024-06-23 22:00:00,4,4,"{""영등동"": 3, ""어양동"": 1}",4.25,5,"{""가축 분뇨 냄새(닭, 돼지, 소)"": 4}","가축 분뇨 냄새(닭, 돼지, 소)"
익산시만,2024-06-23 23:00:00,2,2,"{""영등동"": 1, ""어양동"": 1}",4.0,4,"{""가축 분뇨 냄새(닭, 돼지, 소)"": 2}","가축 분뇨 냄새(닭, 돼지, 소)"
익산시만,2024-06-24 02:00:00,1,1,"{""왕궁면 흥암리"": 1}",3.0,3,"{""가축 분뇨 냄새(닭, 돼지, 소)"": 1}","가축 분뇨 냄새(닭, 돼지, 소)"
익산시만,2024-06-24 08:00:00,1,1,"{""왕궁면 흥암리"": 1}",1.0,1,"{""하수구 냄새"": 1}",하수구 냄새
익산시만,2024-06-24 21:00:00,1,1,"{""왕궁면 구덕리"": 1}",3.0,3,"{""가축 분뇨 냄새(닭, 돼지, 소)"": 1}","가축 분뇨 냄새(닭, 돼지, 소)"
익산시만,2024-06-25 06:00:00,1,1,"{""어양동"": 1}",5.0,5,"{""가축 분뇨 냄새(닭, 돼지, 소)"": 1}","가축 분뇨 냄새(닭, 돼지, 소)"
익산시만,2024-06-25 17:00:00,1,1,"{""왕궁면 흥암리"": 1}",2.0,2,"{""소각 냄새(태우는 냄새)"": 1}",소각 냄새(태우는 냄새)
익산시만,2024-06-25 21:00:00,1,1,"{""왕궁면 흥암리"": 1}",5.0,5,"{""공장 냄새(화학약품, 매캐함)"": 1}","공장 냄새(화학약품, 매캐함)"
익산시만,2024-06-25 22:00:00,2,2,"{""왕궁면 흥암리"": 2}",3.5,4,"{""가축 분뇨 냄새(닭, 돼지, 소)"": 2}","가축 분뇨 냄새(닭, 돼지, 소)"
익산시만,2024-06-26 07:00:00,1,1,"{""오산면 신지리"": 1}",3.0,3,"{""가축 분뇨 냄새(닭, 돼지, 소)"": 1}","가축 분뇨 냄새(닭, 돼지, 소)"
익산시만,2024-06-26 20:00:00,2,2,"{""왕궁면 흥암리"": 2}",4.5,5,"{""가축 분뇨 냄새(닭, 돼지, 소)"": 2}","가축 분뇨 냄새(닭, 돼지, 소)"
익산시만,2024-06-26 21:00:00,6,6,"{""왕궁면 흥암리"": 6}",4.5,5,"{""가축 분뇨 냄새(닭, 돼지, 소)"": 6}","가축 분뇨 냄새(닭, 돼지, 소)"
익산시만,2024-06-26 22:00:00,2,2,"{""왕궁면 흥암리"": 2}",3.5,4,"{""가축 분뇨 냄새(닭, 돼지, 소)"": 2}","가축 분뇨 냄새(닭, 돼지, 소)"
익산시만,2024-06-26 23:00:00,1,1,"{""왕궁면 흥암리"": 1}",3.0,3,"{""가축 분뇨 냄새(닭, 돼지, 소)"": 1}","가축 분뇨 냄새(닭, 돼지, 소)"
익산시만,2024-06-27 01:00:00,1,1,"{""왕궁면 광암리"": 1}",4.0,4,"{""가축 분뇨 냄새(닭, 돼지, 소)"": 1}","가축 분뇨 냄새(닭, 돼지, 소)"
익산시만,2024-06-27 06:00:00,1,1,"{""왕궁면 흥암리"": 1}",4.0,4,"{""가축 분뇨 냄새(닭, 돼지, 소)"": 1}","가축 분뇨 냄새(닭, 돼지, 소)"
익산시만,2024-06-27 07:00:00,2,2,"{""오산면 신지리"": 1, ""어양동"": 1}",3.5,5,"{""가축 분뇨 냄새(닭, 돼지, 소)"": 2}","가축 분뇨 냄새(닭, 돼지, 소)"
익산시만,2024-06-27 12:00:00,1,1,"{""왕궁면 흥암리"": 1}",3.0,3,"{""소각 냄새(태우는 냄새)"": 1}",소각 냄새(태우는 냄새)
익산시만,2024-06-27 22:00:00,13,13,"{""왕궁면 흥암리"": 13}",4.3076923076923075,5,"{""가축 분뇨 냄새(닭, 돼지, 소)"": 13}","가축 분뇨 냄새(닭, 돼지, 소)"
익산시만,2024-06-27 23:00:00,1,1,"{""왕궁면 흥암리"": 1}",5.0,5,"{""가축 분뇨 냄새(닭, 돼지, 소)"": 1}","가축 분뇨 냄새(닭, 돼지, 소)"
익산시만,2024-06-28 01:00:00,1,1,"{""왕궁면 흥암리"": 1}",4.0,4,"{""가축 분뇨 냄새(닭, 돼지, 소)"": 1}","가축 분뇨 냄새(닭, 돼지, 소)"
익산시만,2024-06-28 07:00:00,1,1,"{""어양동"": 1}",5.0,5,"{""가축 분뇨 냄새(닭, 돼지, 소)"": 1}","가축 분뇨 냄새(닭, 돼지, 소)"
익산시만,2024-06-28 08:00:00,2,2,"{""오산면 신지리"": 1, ""왕궁면 흥암리"": 1}",2.5,3,"{""가축 분뇨 냄새(닭, 돼지, 소)"": 2}","가축 분뇨 냄새(닭, 돼지, 소)"
익산시만,2024-06-28 18:00:00,1,1,"{""함열읍 석매리"": 1}",4.0,4,"{""가축 분뇨 냄새(닭, 돼지, 소)"": 1}","가축 분뇨 냄새(닭, 돼지, 소)"
익산시만,2024-06-28 19:00:00,1,1,"{""왕궁면 흥암리"": 1}",5.0,5,"{""가축 분뇨 냄새(닭, 돼지, 소)"": 1}","가축 분뇨 냄새(닭, 돼지, 소)"
익산시만,2024-06-28 20:00:00,1,1,"{""왕궁면 흥암리"": 1}",2.0,2,"{""소각 냄새(태우는 냄새)"": 1}",소각 냄새(태우는 냄새)
익산시만,2024-06-28 21:00:00,1,1,"{""왕궁면 흥암리"": 1}",3.0,3,"{""가축 분뇨 냄새(닭, 돼지, 소)"": 1}","가축 분뇨 냄새(닭, 돼지, 소)"
익산시만,2024-06-28 22:00:00,1,1,"{""왕궁면 흥암리"": 1}",5.0,5,"{""가축 분뇨 냄새(닭, 돼지, 소)"": 1}","가축 분뇨 냄새(닭, 돼지, 소)"
익산시만,2024-06-29 00:00:00,1,1,"{""왕궁면 흥암리"": 1}",4.0,4,"{""가축 분뇨 냄새(닭, 돼지, 소)"": 1}","가축 분뇨 냄새(닭, 돼지, 소)"
익산시만,2024-06-29 01:00:00,3,3,"{""왕궁면 흥암리"": 3}",4.0,4,"{""가축 분뇨 냄새(닭, 돼지, 소)"": 3}","가축 분뇨 냄새(닭, 돼지, 소)"
익산시만,2024-06-29 07:00:00,1,1,"{""오산면 신지리"": 1}",3.0,3,"{""가축 분뇨 냄새(닭, 돼지, 소)"": 1}","가축 분뇨 냄새(닭, 돼지, 소)"
익산시만,2024-06-29 11:00:00,1,1,"{""왕궁면 동용리"": 1}",5.0,5,"{""가축 분뇨 냄새(닭, 돼지, 소)"": 1}","가축 분뇨 냄새(닭, 돼지, 소)"
익산시만,2024-06-29 19:00:00,1,1,"{""오산면 신지리"": 1}",3.0,3,"{""가축 분뇨 냄새(닭, 돼지, 소)"": 1}","가축 분뇨 냄새(닭, 돼지, 소)"
익산시만,2024-06-30 07:00:00,1,1,"{""왕궁면 흥암리"": 1}",4.0,4,"{""가축 분뇨 냄새(닭, 돼지, 소)"": 1}","가축 분뇨 냄새(닭, 돼지, 소)"
익산시만,2024-06-30 09:00:00,1,1,"{""왕궁면 흥암리"": 1}",4.0,4,"{""가축 분뇨 냄새(닭, 돼지, 소)"": 1}","가축 분뇨 냄새(닭, 돼지, 소)"
익산시만,2024-06-30 18:00:00,2,2,"{""왕궁면 흥암리"": 2}",5.0,5,"{""가축 분뇨 냄새(닭, 돼지, 소)"": 2}","가축 분뇨 냄새(닭, 돼지, 소)"
익산시만,2024-06-30 19:00:00,1,1,"{""왕궁면 흥암리"": 1}",5.0,5,"{""가축 분뇨 냄새(닭, 돼지, 소)"": 1}","가축 분뇨 냄새(닭, 돼지, 소)"
익산시만,2024-06-30 21:00:00,1,1,"{""왕궁면 흥암리"": 1}",4.0,4,"{""가축 분뇨 냄새(닭, 돼지, 소)"": 1}","가축 분뇨 냄새(닭, 돼지, 소)"
익산시만,2024-07-01 00:00:00,2,2,"{""왕궁면 흥암리"": 2}",4.5,5,"{""가축 분뇨 냄새(닭, 돼지, 소)"": 2}","가축 분뇨 냄새(닭, 돼지, 소)"
익산시만,2024-07-01 21:00:00,4,4,"{""왕궁면 흥암리"": 4}",4.5,5,"{""소각 냄새(태우는 냄새)"": 2, ""가축 분뇨 냄새(닭, 돼지, 소)"": 1, ""공장 냄새(화학약품, 매캐함)"": 1}",소각 냄새(태우는 냄새)
익산시만,2024-07-01 22:00:00,2,2,"{""동산동"": 1, ""왕궁면 흥암리"": 1}",3.5,4,"{""가축 분뇨 냄새(닭, 돼지, 소)"": 2}","가축 분뇨 냄새(닭, 돼지, 소)"
익산시만,2024-07-01 23:00:00,4,4,"{""왕궁면 흥암리"": 2, ""어양동"": 1, ""춘포면 쌍정리"": 1}",4.0,5,"{""가축 분뇨 냄새(닭, 돼지, 소)"": 3, ""소각 냄새(태우는 냄새)"": 1}","가축 분뇨 냄새(닭, 돼지, 소)"
익산시만,2024-07-02 00:00:00,4,4,"{""어양동"": 3, ""영등동"": 1}",3.75,5,"{""소각 냄새(태우는 냄새)"": 4}",소각 냄새(태우는 냄새)
익산시만,2024-07-02 11:00:00,2,2,"{""어양동"": 2}",3.5,4,"{""소각 냄새(태우는 냄새)"": 2}",소각 냄새(태우는 냄새)
익산시만,2024-07-02 14:00:00,1,1,"{""왕궁면 흥암리"": 1}",3.0,3,"{""가축 분뇨 냄새(닭, 돼지, 소)"": 1}","가축 분뇨 냄새(닭, 돼지, 소)"
익산시만,2024-07-02 15:00:00,2,2,"{""왕궁면 흥암리"": 2}",3.5,4,"{""가축 분뇨 냄새(닭, 돼지, 소)"": 2}","가축 분뇨 냄새(닭, 돼지, 소)"
익산시만,2024-07-02 18:00:00,4,4,"{""어양동"": 2, ""영등동"": 1, ""동산동"": 1}",4.5,5,"{""가축 분뇨 냄새(닭, 돼지, 소)"": 4}","가축 분뇨 냄새(닭, 돼지, 소)"
익산시만,2024-07-02 19:00:00,2,2,"{""영등동"": 1, ""신동"": 1}",3.5,4,"{""가축 분뇨 냄새(닭, 돼지, 소)"": 2}","가축 분뇨 냄새(닭, 돼지, 소)"
익산시만,2024-07-02 20:00:00,6,6,"{""어양동"": 3, ""영등동"": 1, ""오산면 신지리"": 1, ""평화동"": 1}",3.6666666666666665,5,"{""가축 분뇨 냄새(닭, 돼지, 소)"": 5, ""하수구 냄새"": 1}","가축 분뇨 냄새(닭, 돼지, 소)"
익산시만,2024-07-02 21:00:00,5,5,"{""모현동1가"": 2, ""영등동"": 2, ""동산동"": 1}",3.6,4,"{""가축 분뇨 냄새(닭, 돼지, 소)"": 5}","가축 분뇨 냄새(닭, 돼지, 소)"
익산시만,2024-07-02 22:00:00,3,3,"{""모현동1가"": 1, ""마동"": 1, ""동산동"": 1}",3.0,4,"{""가축 분뇨 냄새(닭, 돼지, 소)"": 3}","가축 분뇨 냄새(닭, 돼지, 소)"
익산시만,2024-07-02 23:00:00,3,3,"{""동산동"": 1, ""영등동"": 1, ""마동"": 1}",4.333333333333333,5,"{""가축 분뇨 냄새(닭, 돼지, 소)"": 3}","가축 분뇨 냄새(닭, 돼지, 소)"
익산시만,2024-07-03 07:00:00,1,1,"{""왕궁면 흥암리"": 1}",2.0,2,"{""가축 분뇨 냄새(닭, 돼지, 소)"": 1}","가축 분뇨 냄새(닭, 돼지, 소)"
익산시만,2024-07-03 09:00:00,1,1,"{""왕궁면 흥암리"": 1}",2.0,2,"{""가축 분뇨 냄새(닭, 돼지, 소)"": 1}","가축 분뇨 냄새(닭, 돼지, 소)"
익산시만,2024-07-03 21:00:00,3,3,"{""왕궁면 흥암리"": 2, ""왕궁면 쌍제리"": 1}",3.3333333333333335,4,"{""가축 분뇨 냄새(닭, 돼지, 소)"": 3}","가축 분뇨 냄새(닭, 돼지, 소)"
익산시만,2024-07-03 23:00:00,2,2,"{""어양동"": 2}",3.0,3,"{""가축 분뇨 냄새(닭, 돼지, 소)"": 2}","가축 분뇨 냄새(닭, 돼지, 소)"
익산시만,2024-07-04 01:00:00,1,1,"{""왕궁면 흥암리"": 1}",4.0,4,"{""가축 분뇨 냄새(닭, 돼지, 소)"": 1}","가축 분뇨 냄새(닭, 돼지, 소)"
익산시만,2024-07-04 07:00:00,1,1,"{""오산면 신지리"": 1}",3.0,3,"{""가축 분뇨 냄새(닭, 돼지, 소)"": 1}","가축 분뇨 냄새(닭, 돼지, 소)"
익산시만,2024-07-04 11:00:00,1,1,"{""왕궁면 흥암리"": 1}",2.0,2,"{""가축 분뇨 냄새(닭, 돼지, 소)"": 1}","가축 분뇨 냄새(닭, 돼지, 소)"
익산시만,2024-07-04 17:00:00,1,1,"{""왕궁면 흥암리"": 1}",3.0,3,"{""가축 분뇨 냄새(닭, 돼지, 소)"": 1}","가축 분뇨 냄새(닭, 돼지, 소)"
익산시만,2024-07-04 19:00:00,6,6,"{""왕궁면 흥암리"": 6}",4.0,5,"{""가축 분뇨 냄새(닭, 돼지, 소)"": 6}","가축 분뇨 냄새(닭, 돼지, 소)"
익산시만,2024-07-04 20:00:00,8,8,"{""왕궁면 흥암리"": 8}",4.625,5,"{""가축 분뇨 냄새(닭, 돼지, 소)"": 8}","가축 분뇨 냄새(닭, 돼지, 소)"
익산시만,2024-07-04 21:00:00,4,4,"{""왕궁면 흥암리"": 4}",4.25,5,"{""가축 분뇨 냄새(닭, 돼지, 소)"": 4}","가축 분뇨 냄새(닭, 돼지, 소)"
익산시만,2024-07-04 22:00:00,1,1,"{""왕궁면 흥암리"": 1}",5.0,5,"{""가축 분뇨 냄새(닭, 돼지, 소)"": 1}","가축 분뇨 냄새(닭, 돼지, 소)"
익산시만,2024-07-05 21:00:00,2,2,"{""왕궁면 흥암리"": 2}",4.0,4,"{""가축 분뇨 냄새(닭, 돼지, 소)"": 2}","가축 분뇨 냄새(닭, 돼지, 소)"
익산시만,2024-07-05 22:00:00,4,4,"{""왕궁면 흥암리"": 4}",3.75,4,"{""가축 분뇨 냄새(닭, 돼지, 소)"": 3, ""기타"": 1}","가축 분뇨 냄새(닭, 돼지, 소)"
익산시만,2024-07-06 06:00:00,2,2,"{""어양동"": 2}",4.5,5,"{""가축 분뇨 냄새(닭, 돼지, 소)"": 2}","가축 분뇨 냄새(닭, 돼지, 소)"
익산시만,2024-07-06 07:00:00,2,2,"{""영등동"": 1, ""모현동1가"": 1}",5.0,5,"{""가축 분뇨 냄새(닭, 돼지, 소)"": 2}","가축 분뇨 냄새(닭, 돼지, 소)"
익산시만,2024-07-06 10:00:00,1,1,"{""신흥동"": 1}",5.0,5,"{""가축 분뇨 냄새(닭, 돼지, 소)"": 1}","가축 분뇨 냄새(닭, 돼지, 소)"
익산시만,2024-07-06 11:00:00,1,1,"{""왕궁면 흥암리"": 1}",3.0,3,"{""가축 분뇨 냄새(닭, 돼지, 소)"": 1}","가축 분뇨 냄새(닭, 돼지, 소)"
익산시만,2024-07-06 16:00:00,1,1,"{""왕궁면 흥암리"": 1}",3.0,3,"{""가축 분뇨 냄새(닭, 돼지, 소)"": 1}","가축 분뇨 냄새(닭, 돼지, 소)"
익산시만,2024-07-06 17:00:00,1,1,"{""오산면 신지리"": 1}",5.0,5,"{""가축 분뇨 냄새(닭, 돼지, 소)"": 1}","가축 분뇨 냄새(닭, 돼지, 소)"
익산시만,2024-07-06 19:00:00,1,1,"{""왕궁면 흥암리"": 1}",5.0,5,"{""가축 분뇨 냄새(닭, 돼지, 소)"": 1}","가축 분뇨 냄새(닭, 돼지, 소)"
익산시만,2024-07-06 20:00:00,1,1,"{""왕궁면 흥암리"": 1}",5.0,5,"{""가축 분뇨 냄새(닭, 돼지, 소)"": 1}","가축 분뇨 냄새(닭, 돼지, 소)"
익산시만,2024-07-06 22:00:00,1,1,"{""왕궁면 쌍제리"": 1}",4.0,4,"{""가축 분뇨 냄새(닭, 돼지, 소)"": 1}","가축 분뇨 냄새(닭, 돼지, 소)"
익산시만,2024-07-07 07:00:00,1,1,"{""왕궁면 흥암리"": 1}",3.0,3,"{""가축 분뇨 냄새(닭, 돼지, 소)"": 1}","가축 분뇨 냄새(닭, 돼지, 소)"
익산시만,2024-07-07 18:00:00,3,3,"{""왕궁면 흥암리"": 3}",4.333333333333333,5,"{""가축 분뇨 냄새(닭, 돼지, 소)"": 3}","가축 분뇨 냄새(닭, 돼지, 소)"
익산시만,2024-07-07 19:00:00,3,3,"{""왕궁면 흥암리"": 3}",4.666666666666667,5,"{""가축 분뇨 냄새(닭, 돼지, 소)"": 3}","가축 분뇨 냄새(닭, 돼지, 소)"
익산시만,2024-07-07 22:00:00,4,4,"{""왕궁면 흥암리"": 4}",4.75,5,"{""가축 분뇨 냄새(닭, 돼지, 소)"": 4}","가축 분뇨 냄새(닭, 돼지, 소)"
익산시만,2024-07-08 00:00:00,1,1,"{""왕궁면 흥암리"": 1}",5.0,5,"{""가축 분뇨 냄새(닭, 돼지, 소)"": 1}","가축 분뇨 냄새(닭, 돼지, 소)"
익산시만,2024-07-08 14:00:00,1,1,"{""오산면 신지리"": 1}",4.0,4,"{""가축 분뇨 냄새(닭, 돼지, 소)"": 1}","가축 분뇨 냄새(닭, 돼지, 소)"
익산시만,2024-07-08 15:00:00,2,2,"{""왕궁면 쌍제리"": 2}",3.5,4,"{""가축 분뇨 냄새(닭, 돼지, 소)"": 2}","가축 분뇨 냄새(닭, 돼지, 소)"
익산시만,2024-07-08 16:00:00,1,1,"{""춘포면 창평리"": 1}",4.0,4,"{""가축 분뇨 냄새(닭, 돼지, 소)"": 1}","가축 분뇨 냄새(닭, 돼지, 소)"
익산시만,2024-07-08 18:00:00,1,1,"{""왕궁면 흥암리"": 1}",5.0,5,"{""가축 분뇨 냄새(닭, 돼지, 소)"": 1}","가축 분뇨 냄새(닭, 돼지, 소)"
익산시만,2024-07-08 19:00:00,1,1,"{""왕궁면 흥암리"": 1}",3.0,3,"{""가축 분뇨 냄새(닭, 돼지, 소)"": 1}","가축 분뇨 냄새(닭, 돼지, 소)"
익산시만,2024-07-08 20:00:00,1,1,"{""왕궁면 흥암리"": 1}",5.0,5,"{""가축 분뇨 냄새(닭, 돼지, 소)"": 1}","가축 분뇨 냄새(닭, 돼지, 소)"
익산시만,2024-07-09 21:00:00,1,1,"{""왕궁면 흥암리"": 1}",3.0,3,"{""가축 분뇨 냄새(닭, 돼지, 소)"": 1}","가축 분뇨 냄새(닭, 돼지, 소)"
익산시만,2024-07-09 22:00:00,1,1,"{""삼기면 오룡리"": 1}",5.0,5,"{""가축 분뇨 냄새(닭, 돼지, 소)"": 1}","가축 분뇨 냄새(닭, 돼지, 소)"
익산시만,2024-07-10 11:00:00,1,1,"{""왕궁면 흥암리"": 1}",2.0,2,"{""가축 분뇨 냄새(닭, 돼지, 소)"": 1}","가축 분뇨 냄새(닭, 돼지, 소)"
익산시만,2024-07-10 14:00:00,1,1,"{""왕궁면 흥암리"": 1}",2.0,2,"{""가축 분뇨 냄새(닭, 돼지, 소)"": 1}","가축 분뇨 냄새(닭, 돼지, 소)"
익산시만,2024-07-10 20:00:00,1,1,"{""왕궁면 흥암리"": 1}",3.0,3,"{""가축 분뇨 냄새(닭, 돼지, 소)"": 1}","가축 분뇨 냄새(닭, 돼지, 소)"
익산시만,2024-07-10 21:00:00,1,1,"{""왕궁면 쌍제리"": 1}",5.0,5,"{""가축 분뇨 냄새(닭, 돼지, 소)"": 1}","가축 분뇨 냄새(닭, 돼지, 소)"
익산시만,2024-07-11 20:00:00,1,1,"{""왕궁면 흥암리"": 1}",2.0,2,"{""가축 분뇨 냄새(닭, 돼지, 소)"": 1}","가축 분뇨 냄새(닭, 돼지, 소)"
익산시만,2024-07-11 21:00:00,3,3,"{""왕궁면 흥암리"": 3}",3.6666666666666665,5,"{""가축 분뇨 냄새(닭, 돼지, 소)"": 3}","가축 분뇨 냄새(닭, 돼지, 소)"
익산시만,2024-07-12 02:00:00,1,1,"{""왕궁면 흥암리"": 1}",4.0,4,"{""가축 분뇨 냄새(닭, 돼지, 소)"": 1}","가축 분뇨 냄새(닭, 돼지, 소)"
익산시만,2024-07-12 19:00:00,4,4,"{""왕궁면 흥암리"": 4}",4.5,5,"{""가축 분뇨 냄새(닭, 돼지, 소)"": 4}","가축 분뇨 냄새(닭, 돼지, 소)"
익산시만,2024-07-13 00:00:00,2,2,"{""어양동"": 1, ""왕궁면 흥암리"": 1}",4.0,5,"{""가축 분뇨 냄새(닭, 돼지, 소)"": 2}","가축 분뇨 냄새(닭, 돼지, 소)"
익산시만,2024-07-13 02:00:00,2,2,"{""마동"": 2}",3.5,4,"{""가축 분뇨 냄새(닭, 돼지, 소)"": 2}","가축 분뇨 냄새(닭, 돼지, 소)"
익산시만,2024-07-13 03:00:00,1,1,"{""어양동"": 1}",4.0,4,"{""가축 분뇨 냄새(닭, 돼지, 소)"": 1}","가축 분뇨 냄새(닭, 돼지, 소)"
익산시만,2024-07-13 07:00:00,1,1,"{""왕궁면 흥암리"": 1}",2.0,2,"{""가축 분뇨 냄새(닭, 돼지, 소)"": 1}","가축 분뇨 냄새(닭, 돼지, 소)"
익산시만,2024-07-13 14:00:00,1,1,"{""왕궁면 흥암리"": 1}",3.0,3,"{""가축 분뇨 냄새(닭, 돼지, 소)"": 1}","가축 분뇨 냄새(닭, 돼지, 소)"
익산시만,2024-07-13 19:00:00,1,1,"{""왕궁면 동용리"": 1}",5.0,5,"{""가축 분뇨 냄새(닭, 돼지, 소)"": 1}","가축 분뇨 냄새(닭, 돼지, 소)"
익산시만,2024-07-13 22:00:00,2,2,"{""어양동"": 2}",5.0,5,"{""가축 분뇨 냄새(닭, 돼지, 소)"": 2}","가축 분뇨 냄새(닭, 돼지, 소)"
익산시만,2024-07-13 23:00:00,2,2,"{""어양동"": 1, ""영등동"": 1}",4.0,5,"{""가축 분뇨 냄새(닭, 돼지, 소)"": 2}","가축 분뇨 냄새(닭, 돼지, 소)"
익산시만,2024-07-14 00:00:00,2,2,"{""어양동"": 1, ""왕궁면 흥암리"": 1}",4.0,4,"{""소각 냄새(태우는 냄새)"": 1, ""가축 분뇨 냄새(닭, 돼지, 소)"": 1}",소각 냄새(태우는 냄새)
익산시만,2024-07-14 07:00:00,1,1,"{""왕궁면 흥암리"": 1}",3.0,3,"{""가축 분뇨 냄새(닭, 돼지, 소)"": 1}","가축 분뇨 냄새(닭, 돼지, 소)"
익산시만,2024-07-14 09:00:00,1,1,"{""왕궁면 흥암리"": 1}",5.0,5,"{""가축 분뇨 냄새(닭, 돼지, 소)"": 1}","가축 분뇨 냄새(닭, 돼지, 소)"
익산시만,2024-07-14 15:00:00,1,1,"{""왕궁면 흥암리"": 1}",4.0,4,"{""가축 분뇨 냄새(닭, 돼지, 소)"": 1}","가축 분뇨 냄새(닭, 돼지, 소)"
익산시만,2024-07-14 18:00:00,3,3,"{""왕궁면 흥암리"": 2, ""오산면 신지리"": 1}",5.0,5,"{""가축 분뇨 냄새(닭, 돼지, 소)"": 3}","가축 분뇨 냄새(닭, 돼지, 소)"
익산시만,2024-07-14 22:00:00,4,4,"{""왕궁면 흥암리"": 4}",4.0,5,"{""가축 분뇨 냄새(닭, 돼지, 소)"": 4}","가축 분뇨 냄새(닭, 돼지, 소)"
익산시만,2024-07-14 23:00:00,1,1,"{""왕궁면 흥암리"": 1}",5.0,5,"{""하수구 냄새"": 1}",하수구 냄새
익산시만,2024-07-15 01:00:00,1,1,"{""왕궁면 흥암리"": 1}",5.0,5,"{""가축 분뇨 냄새(닭, 돼지, 소)"": 1}","가축 분뇨 냄새(닭, 돼지, 소)"
익산시만,2024-07-15 20:00:00,3,3,"{""왕궁면 흥암리"": 3}",4.0,4,"{""가축 분뇨 냄새(닭, 돼지, 소)"": 3}","가축 분뇨 냄새(닭, 돼지, 소)"
익산시만,2024-07-15 21:00:00,2,2,"{""왕궁면 흥암리"": 2}",4.0,5,"{""가축 분뇨 냄새(닭, 돼지, 소)"": 2}","가축 분뇨 냄새(닭, 돼지, 소)"
익산시만,2024-07-16 00:00:00,2,2,"{""왕궁면 흥암리"": 2}",4.5,5,"{""가축 분뇨 냄새(닭, 돼지, 소)"": 2}","가축 분뇨 냄새(닭, 돼지, 소)"
익산시만,2024-07-16 01:00:00,1,1,"{""왕궁면 흥암리"": 1}",5.0,5,"{""가축 분뇨 냄새(닭, 돼지, 소)"": 1}","가축 분뇨 냄새(닭, 돼지, 소)"
익산시만,2024-07-16 07:00:00,1,1,"{""왕궁면 흥암리"": 1}",4.0,4,"{""가축 분뇨 냄새(닭, 돼지, 소)"": 1}","가축 분뇨 냄새(닭, 돼지, 소)"
익산시만,2024-07-16 08:00:00,1,1,"{""오산면 신지리"": 1}",5.0,5,"{""가축 분뇨 냄새(닭, 돼지, 소)"": 1}","가축 분뇨 냄새(닭, 돼지, 소)"
익산시만,2024-07-16 19:00:00,1,1,"{""오산면 신지리"": 1}",5.0,5,"{""가축 분뇨 냄새(닭, 돼지, 소)"": 1}","가축 분뇨 냄새(닭, 돼지, 소)"
익산시만,2024-07-16 21:00:00,1,1,"{""왕궁면 흥암리"": 1}",4.0,4,"{""가축 분뇨 냄새(닭, 돼지, 소)"": 1}","가축 분뇨 냄새(닭, 돼지, 소)"
익산시만,2024-07-16 22:00:00,1,1,"{""부송동"": 1}",3.0,3,"{""소각 냄새(태우는 냄새)"": 1}",소각 냄새(태우는 냄새)
익산시만,2024-07-16 23:00:00,1,1,"{""부송동"": 1}",3.0,3,"{""소각 냄새(태우는 냄새)"": 1}",소각 냄새(태우는 냄새)
익산시만,2024-07-17 06:00:00,1,1,"{""인화동2가"": 1}",5.0,5,"{""가축 분뇨 냄새(닭, 돼지, 소)"": 1}","가축 분뇨 냄새(닭, 돼지, 소)"
익산시만,2024-07-17 10:00:00,1,1,"{""어양동"": 1}",2.0,2,"{""가축 분뇨 냄새(닭, 돼지, 소)"": 1}","가축 분뇨 냄새(닭, 돼지, 소)"
익산시만,2024-07-17 15:00:00,1,1,"{""왕궁면 흥암리"": 1}",3.0,3,"{""가축 분뇨 냄새(닭, 돼지, 소)"": 1}","가축 분뇨 냄새(닭, 돼지, 소)"
익산시만,2024-07-17 17:00:00,2,2,"{""왕궁면 흥암리"": 2}",3.5,4,"{""가축 분뇨 냄새(닭, 돼지, 소)"": 2}","가축 분뇨 냄새(닭, 돼지, 소)"
익산시만,2024-07-17 18:00:00,3,3,"{""왕궁면 흥암리"": 2, ""오산면 신지리"": 1}",4.333333333333333,5,"{""가축 분뇨 냄새(닭, 돼지, 소)"": 3}","가축 분뇨 냄새(닭, 돼지, 소)"
익산시만,2024-07-17 19:00:00,3,3,"{""왕궁면 흥암리"": 3}",5.0,5,"{""가축 분뇨 냄새(닭, 돼지, 소)"": 3}","가축 분뇨 냄새(닭, 돼지, 소)"
익산시만,2024-07-17 20:00:00,7,7,"{""왕궁면 흥암리"": 7}",4.714285714285714,5,"{""가축 분뇨 냄새(닭, 돼지, 소)"": 7}","가축 분뇨 냄새(닭, 돼지, 소)"
익산시만,2024-07-17 21:00:00,11,11,"{""왕궁면 흥암리"": 4, ""부송동"": 4, ""왕궁면 쌍제리"": 1, ""신흥동"": 1, ""금마면 동고도리"": 1}",4.363636363636363,5,"{""가축 분뇨 냄새(닭, 돼지, 소)"": 11}","가축 분뇨 냄새(닭, 돼지, 소)"
익산시만,2024-07-17 22:00:00,28,28,"{""어양동"": 12, ""부송동"": 6, ""영등동"": 4, ""왕궁면 흥암리"": 3, ""동산동"": 3}",4.392857142857143,5,"{""가축 분뇨 냄새(닭, 돼지, 소)"": 25, ""공장 냄새(화학약품, 매캐함)"": 2, ""하수구 냄새"": 1}","가축 분뇨 냄새(닭, 돼지, 소)"
익산시만,2024-07-17 23:00:00,14,14,"{""동산동"": 7, ""모현동1가"": 4, ""마동"": 2, ""영등동"": 1}",4.428571428571429,5,"{""가축 분뇨 냄새(닭, 돼지, 소)"": 13, ""하수구 냄새"": 1}","가축 분뇨 냄새(닭, 돼지, 소)"
익산시만,2024-07-18 00:00:00,2,2,"{""어양동"": 2}",4.0,4,"{""가축 분뇨 냄새(닭, 돼지, 소)"": 2}","가축 분뇨 냄새(닭, 돼지, 소)"
익산시만,2024-07-18 01:00:00,2,2,"{""동산동"": 1, ""모현동1가"": 1}",4.5,5,"{""가축 분뇨 냄새(닭, 돼지, 소)"": 2}","가축 분뇨 냄새(닭, 돼지, 소)"
익산시만,2024-07-18 02:00:00,2,2,"{""동산동"": 1, ""영등동"": 1}",5.0,5,"{""가축 분뇨 냄새(닭, 돼지, 소)"": 2}","가축 분뇨 냄새(닭, 돼지, 소)"
익산시만,2024-07-18 04:00:00,1,1,"{""영등동"": 1}",4.0,4,"{""가축 분뇨 냄새(닭, 돼지, 소)"": 1}","가축 분뇨 냄새(닭, 돼지, 소)"
익산시만,2024-07-18 06:00:00,1,1,"{""어양동"": 1}",5.0,5,"{""가축 분뇨 냄새(닭, 돼지, 소)"": 1}","가축 분뇨 냄새(닭, 돼지, 소)"
익산시만,2024-07-18 07:00:00,4,4,"{""동산동"": 3, ""영등동"": 1}",4.0,5,"{""가축 분뇨 냄새(닭, 돼지, 소)"": 4}","가축 분뇨 냄새(닭, 돼지, 소)"
익산시만,2024-07-18 08:00:00,1,1,"{""마동"": 1}",3.0,3,"{""가축 분뇨 냄새(닭, 돼지, 소)"": 1}","가축 분뇨 냄새(닭, 돼지, 소)"
익산시만,2024-07-18 17:00:00,1,1,"{""왕궁면 흥암리"": 1}",4.0,4,"{""가축 분뇨 냄새(닭, 돼지, 소)"": 1}","가축 분뇨 냄새(닭, 돼지, 소)"
익산시만,2024-07-18 20:00:00,1,1,"{""왕궁면 흥암리"": 1}",5.0,5,"{""가축 분뇨 냄새(닭, 돼지, 소)"": 1}","가축 분뇨 냄새(닭, 돼지, 소)"
익산시만,2024-07-18 23:00:00,1,1,"{""왕궁면 흥암리"": 1}",3.0,3,"{""가축 분뇨 냄새(닭, 돼지, 소)"": 1}","가축 분뇨 냄새(닭, 돼지, 소)"
익산시만,2024-07-19 01:00:00,1,1,"{""왕궁면 흥암리"": 1}",4.0,4,"{""가축 분뇨 냄새(닭, 돼지, 소)"": 1}","가축 분뇨 냄새(닭, 돼지, 소)"
익산시만,2024-07-19 20:00:00,1,1,"{""왕궁면 흥암리"": 1}",4.0,4,"{""가축 분뇨 냄새(닭, 돼지, 소)"": 1}","가축 분뇨 냄새(닭, 돼지, 소)"
익산시만,2024-07-19 21:00:00,1,1,"{""오산면 신지리"": 1}",4.0,4,"{""가축 분뇨 냄새(닭, 돼지, 소)"": 1}","가축 분뇨 냄새(닭, 돼지, 소)"
익산시만,2024-07-19 23:00:00,2,2,"{""왕궁면 흥암리"": 2}",4.5,5,"{""가축 분뇨 냄새(닭, 돼지, 소)"": 2}","가축 분뇨 냄새(닭, 돼지, 소)"
익산시만,2024-07-20 00:00:00,2,2,"{""왕궁면 흥암리"": 2}",5.0,5,"{""가축 분뇨 냄새(닭, 돼지, 소)"": 2}","가축 분뇨 냄새(닭, 돼지, 소)"
익산시만,2024-07-20 01:00:00,2,2,"{""왕궁면 흥암리"": 2}",4.5,5,"{""가축 분뇨 냄새(닭, 돼지, 소)"": 2}","가축 분뇨 냄새(닭, 돼지, 소)"
익산시만,2024-07-20 05:00:00,1,1,"{""왕궁면 흥암리"": 1}",3.0,3,"{""가축 분뇨 냄새(닭, 돼지, 소)"": 1}","가축 분뇨 냄새(닭, 돼지, 소)"
익산시만,2024-07-20 07:00:00,2,2,"{""왕궁면 흥암리"": 2}",4.5,5,"{""가축 분뇨 냄새(닭, 돼지, 소)"": 2}","가축 분뇨 냄새(닭, 돼지, 소)"
익산시만,2024-07-20 10:00:00,1,1,"{""웅포면 입점리"": 1}",4.0,4,"{""하수구 냄새"": 1}",하수구 냄새
익산시만,2024-07-20 18:00:00,1,1,"{""왕궁면 흥암리"": 1}",5.0,5,"{""가축 분뇨 냄새(닭, 돼지, 소)"": 1}","가축 분뇨 냄새(닭, 돼지, 소)"
익산시만,2024-07-20 19:00:00,1,1,"{""왕궁면 흥암리"": 1}",4.0,4,"{""가축 분뇨 냄새(닭, 돼지, 소)"": 1}","가축 분뇨 냄새(닭, 돼지, 소)"
익산시만,2024-07-20 21:00:00,1,1,"{""부송동"": 1}",4.0,4,"{""가축 분뇨 냄새(닭, 돼지, 소)"": 1}","가축 분뇨 냄새(닭, 돼지, 소)"
익산시만,2024-07-20 23:00:00,3,3,"{""왕궁면 흥암리"": 3}",5.0,5,"{""가축 분뇨 냄새(닭, 돼지, 소)"": 3}","가축 분뇨 냄새(닭, 돼지, 소)"
익산시만,2024-07-21 18:00:00,1,1,"{""왕궁면 흥암리"": 1}",5.0,5,"{""가축 분뇨 냄새(닭, 돼지, 소)"": 1}","가축 분뇨 냄새(닭, 돼지, 소)"
익산시만,2024-07-21 21:00:00,2,2,"{""왕궁면 흥암리"": 2}",4.0,4,"{""가축 분뇨 냄새(닭, 돼지, 소)"": 2}","가축 분뇨 냄새(닭, 돼지, 소)"
익산시만,2024-07-21 22:00:00,1,1,"{""왕궁면 흥암리"": 1}",5.0,5,"{""가축 분뇨 냄새(닭, 돼지, 소)"": 1}","가축 분뇨 냄새(닭, 돼지, 소)"
익산시만,2024-07-21 23:00:00,1,1,"{""왕궁면 흥암리"": 1}",4.0,4,"{""가축 분뇨 냄새(닭, 돼지, 소)"": 1}","가축 분뇨 냄새(닭, 돼지, 소)"
익산시만,2024-07-22 04:00:00,1,1,"{""동산동"": 1}",4.0,4,"{""가축 분뇨 냄새(닭, 돼지, 소)"": 1}","가축 분뇨 냄새(닭, 돼지, 소)"
익산시만,2024-07-22 06:00:00,3,3,"{""모현동1가"": 1, ""동산동"": 1, ""마동"": 1}",5.0,5,"{""가축 분뇨 냄새(닭, 돼지, 소)"": 3}","가축 분뇨 냄새(닭, 돼지, 소)"
익산시만,2024-07-22 11:00:00,1,1,"{""왕궁면 쌍제리"": 1}",3.0,3,"{""가축 분뇨 냄새(닭, 돼지, 소)"": 1}","가축 분뇨 냄새(닭, 돼지, 소)"
익산시만,2024-07-22 18:00:00,1,1,"{""왕궁면 흥암리"": 1}",4.0,4,"{""가축 분뇨 냄새(닭, 돼지, 소)"": 1}","가축 분뇨 냄새(닭, 돼지, 소)"
익산시만,2024-07-22 19:00:00,3,3,"{""왕궁면 흥암리"": 3}",3.3333333333333335,4,"{""가축 분뇨 냄새(닭, 돼지, 소)"": 3}","가축 분뇨 냄새(닭, 돼지, 소)"
익산시만,2024-07-22 20:00:00,7,7,"{""왕궁면 흥암리"": 4, ""어양동"": 2, ""부송동"": 1}",4.142857142857143,5,"{""가축 분뇨 냄새(닭, 돼지, 소)"": 7}","가축 분뇨 냄새(닭, 돼지, 소)"
익산시만,2024-07-22 21:00:00,7,7,"{""영등동"": 4, ""부송동"": 2, ""왕궁면 흥암리"": 1}",3.5714285714285716,4,"{""가축 분뇨 냄새(닭, 돼지, 소)"": 7}","가축 분뇨 냄새(닭, 돼지, 소)"
익산시만,2024-07-22 22:00:00,1,1,"{""인화동1가"": 1}",3.0,3,"{""가축 분뇨 냄새(닭, 돼지, 소)"": 1}","가축 분뇨 냄새(닭, 돼지, 소)"
익산시만,2024-07-22 23:00:00,8,8,"{""부송동"": 4, ""왕궁면 흥암리"": 2, ""동산동"": 1, ""어양동"": 1}",4.375,5,"{""가축 분뇨 냄새(닭, 돼지, 소)"": 8}","가축 분뇨 냄새(닭, 돼지, 소)"
익산시만,2024-07-23 06:00:00,2,2,"{""영등동"": 1, ""어양동"": 1}",3.5,4,"{""가축 분뇨 냄새(닭, 돼지, 소)"": 2}","가축 분뇨 냄새(닭, 돼지, 소)"
익산시만,2024-07-23 07:00:00,1,1,"{""왕궁면 흥암리"": 1}",4.0,4,"{""가축 분뇨 냄새(닭, 돼지, 소)"": 1}","가축 분뇨 냄새(닭, 돼지, 소)"
익산시만,2024-07-23 08:00:00,3,3,"{""왕궁면 흥암리"": 3}",4.333333333333333,5,"{""가축 분뇨 냄새(닭, 돼지, 소)"": 3}","가축 분뇨 냄새(닭, 돼지, 소)"
익산시만,2024-07-23 19:00:00,5,5,"{""오산면 신지리"": 1, ""동산동"": 1, ""왕궁면 흥암리"": 1, ""신흥동"": 1, ""모현동1가"": 1}",4.4,5,"{""가축 분뇨 냄새(닭, 돼지, 소)"": 5}","가축 분뇨 냄새(닭, 돼지, 소)"
익산시만,2024-07-23 20:00:00,1,1,"{""모현동1가"": 1}",5.0,5,"{""가축 분뇨 냄새(닭, 돼지, 소)"": 1}","가축 분뇨 냄새(닭, 돼지, 소)"
익산시만,2024-07-23 21:00:00,1,1,"{""왕궁면 흥암리"": 1}",5.0,5,"{""가축 분뇨 냄새(닭, 돼지, 소)"": 1}","가축 분뇨 냄새(닭, 돼지, 소)"
익산시만,2024-07-23 23:00:00,7,7,"{""마동"": 3, ""영등동"": 1, ""왕궁면 흥암리"": 1, ""송학동"": 1, ""동산동"": 1}",4.0,5,"{""가축 분뇨 냄새(닭, 돼지, 소)"": 7}","가축 분뇨 냄새(닭, 돼지, 소)"
익산시만,2024-07-24 00:00:00,1,1,"{""모현동1가"": 1}",5.0,5,"{""가축 분뇨 냄새(닭, 돼지, 소)"": 1}","가축 분뇨 냄새(닭, 돼지, 소)"
익산시만,2024-07-24 03:00:00,1,1,"{""어양동"": 1}",4.0,4,"{""하수구 냄새"": 1}",하수구 냄새
익산시만,2024-07-24 06:00:00,1,1,"{""모현동1가"": 1}",3.0,3,"{""가축 분뇨 냄새(닭, 돼지, 소)"": 1}","가축 분뇨 냄새(닭, 돼지, 소)"
익산시만,2024-07-24 07:00:00,2,2,"{""동산동"": 1, ""왕궁면 흥암리"": 1}",4.0,4,"{""가축 분뇨 냄새(닭, 돼지, 소)"": 2}","가축 분뇨 냄새(닭, 돼지, 소)"
익산시만,2024-07-24 20:00:00,2,2,"{""왕궁면 흥암리"": 2}",3.5,4,"{""가축 분뇨 냄새(닭, 돼지, 소)"": 2}","가축 분뇨 냄새(닭, 돼지, 소)"
익산시만,2024-07-24 22:00:00,2,2,"{""왕궁면 흥암리"": 2}",4.5,5,"{""가축 분뇨 냄새(닭, 돼지, 소)"": 2}","가축 분뇨 냄새(닭, 돼지, 소)"
익산시만,2024-07-24 23:00:00,3,3,"{""왕궁면 흥암리"": 2, ""어양동"": 1}",3.6666666666666665,4,"{""가축 분뇨 냄새(닭, 돼지, 소)"": 3}","가축 분뇨 냄새(닭, 돼지, 소)"
익산시만,2024-07-25 00:00:00,1,1,"{""왕궁면 흥암리"": 1}",5.0,5,"{""가축 분뇨 냄새(닭, 돼지, 소)"": 1}","가축 분뇨 냄새(닭, 돼지, 소)"
익산시만,2024-07-25 10:00:00,1,1,"{""왕궁면 쌍제리"": 1}",3.0,3,"{""가축 분뇨 냄새(닭, 돼지, 소)"": 1}","가축 분뇨 냄새(닭, 돼지, 소)"
익산시만,2024-07-25 20:00:00,1,1,"{""왕궁면 흥암리"": 1}",3.0,3,"{""가축 분뇨 냄새(닭, 돼지, 소)"": 1}","가축 분뇨 냄새(닭, 돼지, 소)"
익산시만,2024-07-26 04:00:00,1,1,"{""부송동"": 1}",3.0,3,"{""공장 냄새(화학약품, 매캐함)"": 1}","공장 냄새(화학약품, 매캐함)"
익산시만,2024-07-26 05:00:00,1,1,"{""왕궁면 흥암리"": 1}",4.0,4,"{""가축 분뇨 냄새(닭, 돼지, 소)"": 1}","가축 분뇨 냄새(닭, 돼지, 소)"
익산시만,2024-07-26 06:00:00,1,1,"{""오산면 신지리"": 1}",4.0,4,"{""가축 분뇨 냄새(닭, 돼지, 소)"": 1}","가축 분뇨 냄새(닭, 돼지, 소)"
익산시만,2024-07-26 15:00:00,1,1,"{""왕궁면 흥암리"": 1}",4.0,4,"{""가축 분뇨 냄새(닭, 돼지, 소)"": 1}","가축 분뇨 냄새(닭, 돼지, 소)"
익산시만,2024-07-26 19:00:00,1,1,"{""왕궁면 흥암리"": 1}",5.0,5,"{""가축 분뇨 냄새(닭, 돼지, 소)"": 1}","가축 분뇨 냄새(닭, 돼지, 소)"
익산시만,2024-07-26 22:00:00,1,1,"{""왕궁면 쌍제리"": 1}",3.0,3,"{""가축 분뇨 냄새(닭, 돼지, 소)"": 1}","가축 분뇨 냄새(닭, 돼지, 소)"
익산시만,2024-07-27 19:00:00,1,1,"{""송학동"": 1}",4.0,4,"{""가축 분뇨 냄새(닭, 돼지, 소)"": 1}","가축 분뇨 냄새(닭, 돼지, 소)"
익산시만,2024-07-28 00:00:00,1,1,"{""모현동1가"": 1}",3.0,3,"{""가축 분뇨 냄새(닭, 돼지, 소)"": 1}","가축 분뇨 냄새(닭, 돼지, 소)"
익산시만,2024-07-28 09:00:00,1,1,"{""부송동"": 1}",4.0,4,"{""공장 냄새(화학약품, 매캐함)"": 1}","공장 냄새(화학약품, 매캐함)"
익산시만,2024-07-28 10:00:00,1,1,"{""오산면 신지리"": 1}",5.0,5,"{""기타"": 1}",기타
익산시만,2024-07-28 19:00:00,1,1,"{""왕궁면 흥암리"": 1}",5.0,5,"{""가축 분뇨 냄새(닭, 돼지, 소)"": 1}","가축 분뇨 냄새(닭, 돼지, 소)"
익산시만,2024-07-28 20:00:00,5,5,"{""왕궁면 흥암리"": 5}",3.8,5,"{""가축 분뇨 냄새(닭, 돼지, 소)"": 5}","가축 분뇨 냄새(닭, 돼지, 소)"
익산시만,2024-07-28 21:00:00,2,2,"{""왕궁면 흥암리"": 2}",4.0,4,"{""가축 분뇨 냄새(닭, 돼지, 소)"": 2}","가축 분뇨 냄새(닭, 돼지, 소)"
익산시만,2024-07-28 22:00:00,13,13,"{""부송동"": 9, ""팔봉동"": 2, ""어양동"": 2}",4.461538461538462,5,"{""가축 분뇨 냄새(닭, 돼지, 소)"": 12, ""하수구 냄새"": 1}","가축 분뇨 냄새(닭, 돼지, 소)"
익산시만,2024-07-28 23:00:00,14,14,"{""부송동"": 12, ""어양동"": 2}",4.571428571428571,5,"{""가축 분뇨 냄새(닭, 돼지, 소)"": 14}","가축 분뇨 냄새(닭, 돼지, 소)"
익산시만,2024-07-29 00:00:00,5,5,"{""부송동"": 3, ""어양동"": 1, ""모현동1가"": 1}",4.6,5,"{""가축 분뇨 냄새(닭, 돼지, 소)"": 5}","가축 분뇨 냄새(닭, 돼지, 소)"
익산시만,2024-07-29 01:00:00,2,2,"{""어양동"": 1, ""영등동"": 1}",5.0,5,"{""가축 분뇨 냄새(닭, 돼지, 소)"": 2}","가축 분뇨 냄새(닭, 돼지, 소)"
익산시만,2024-07-29 04:00:00,1,1,"{""동산동"": 1}",5.0,5,"{""가축 분뇨 냄새(닭, 돼지, 소)"": 1}","가축 분뇨 냄새(닭, 돼지, 소)"
익산시만,2024-07-29 05:00:00,4,4,"{""동산동"": 2, ""어양동"": 2}",4.0,5,"{""가축 분뇨 냄새(닭, 돼지, 소)"": 4}","가축 분뇨 냄새(닭, 돼지, 소)"
익산시만,2024-07-30 00:00:00,3,3,"{""동산동"": 2, ""용제동"": 1}",4.666666666666667,5,"{""가축 분뇨 냄새(닭, 돼지, 소)"": 3}","가축 분뇨 냄새(닭, 돼지, 소)"
익산시만,2024-07-30 01:00:00,2,2,"{""어양동"": 1, ""부송동"": 1}",4.0,4,"{""하수구 냄새"": 2}",하수구 냄새
익산시만,2024-07-30 02:00:00,1,1,"{""왕궁면 흥암리"": 1}",5.0,5,"{""가축 분뇨 냄새(닭, 돼지, 소)"": 1}","가축 분뇨 냄새(닭, 돼지, 소)"
익산시만,2024-07-30 06:00:00,2,2,"{""금강동"": 1, ""영등동"": 1}",4.5,5,"{""가축 분뇨 냄새(닭, 돼지, 소)"": 2}","가축 분뇨 냄새(닭, 돼지, 소)"
익산시만,2024-07-30 07:00:00,6,6,"{""부송동"": 2, ""어양동"": 2, ""모현동1가"": 1, ""오산면 신지리"": 1}",3.8333333333333335,5,"{""가축 분뇨 냄새(닭, 돼지, 소)"": 5, ""기타"": 1}","가축 분뇨 냄새(닭, 돼지, 소)"
익산시만,2024-07-30 09:00:00,1,1,"{""왕궁면 흥암리"": 1}",3.0,3,"{""가축 분뇨 냄새(닭, 돼지, 소)"": 1}","가축 분뇨 냄새(닭, 돼지, 소)"
익산시만,2024-07-30 21:00:00,1,1,"{""왕궁면 흥암리"": 1}",4.0,4,"{""가축 분뇨 냄새(닭, 돼지, 소)"": 1}","가축 분뇨 냄새(닭, 돼지, 소)"
익산시만,2024-07-31 00:00:00,2,2,"{""동산동"": 2}",3.5,4,"{""가축 분뇨 냄새(닭, 돼지, 소)"": 2}","가축 분뇨 냄새(닭, 돼지, 소)"
익산시만,2024-07-31 01:00:00,1,1,"{""모현동1가"": 1}",4.0,4,"{""가축 분뇨 냄새(닭, 돼지, 소)"": 1}","가축 분뇨 냄새(닭, 돼지, 소)"
익산시만,2024-07-31 02:00:00,1,1,"{""부송동"": 1}",4.0,4,"{""가축 분뇨 냄새(닭, 돼지, 소)"": 1}","가축 분뇨 냄새(닭, 돼지, 소)"
익산시만,2024-07-31 14:00:00,1,1,"{""용동면 화실리"": 1}",4.0,4,"{""가축 분뇨 냄새(닭, 돼지, 소)"": 1}","가축 분뇨 냄새(닭, 돼지, 소)"
익산시만,2024-07-31 22:00:00,1,1,"{""부송동"": 1}",3.0,3,"{""소각 냄새(태우는 냄새)"": 1}",소각 냄새(태우는 냄새)
익산시만,2024-08-01 07:00:00,3,3,"{""동산동"": 2, ""영등동"": 1}",3.0,4,"{""가축 분뇨 냄새(닭, 돼지, 소)"": 3}","가축 분뇨 냄새(닭, 돼지, 소)"
익산시만,2024-08-02 07:00:00,2,2,"{""오산면 신지리"": 1, ""영등동"": 1}",3.5,4,"{""가축 분뇨 냄새(닭, 돼지, 소)"": 2}","가축 분뇨 냄새(닭, 돼지, 소)"
익산시만,2024-08-03 06:00:00,1,1,"{""오산면 신지리"": 1}",4.0,4,"{""가축 분뇨 냄새(닭, 돼지, 소)"": 1}","가축 분뇨 냄새(닭, 돼지, 소)"
익산시만,2024-08-04 07:00:00,3,3,"{""오산면 신지리"": 1, ""영등동"": 1, ""어양동"": 1}",3.6666666666666665,4,"{""가축 분뇨 냄새(닭, 돼지, 소)"": 3}","가축 분뇨 냄새(닭, 돼지, 소)"
익산시만,2024-08-04 20:00:00,1,1,"{""용제동"": 1}",4.0,4,"{""가축 분뇨 냄새(닭, 돼지, 소)"": 1}","가축 분뇨 냄새(닭, 돼지, 소)"
익산시만,2024-08-04 23:00:00,1,1,"{""영등동"": 1}",4.0,4,"{""가축 분뇨 냄새(닭, 돼지, 소)"": 1}","가축 분뇨 냄새(닭, 돼지, 소)"
익산시만,2024-08-05 00:00:00,2,2,"{""부송동"": 1, ""영등동"": 1}",3.5,4,"{""가축 분뇨 냄새(닭, 돼지, 소)"": 2}","가축 분뇨 냄새(닭, 돼지, 소)"
익산시만,2024-08-05 01:00:00,2,2,"{""마동"": 1, ""영등동"": 1}",4.0,4,"{""가축 분뇨 냄새(닭, 돼지, 소)"": 2}","가축 분뇨 냄새(닭, 돼지, 소)"
익산시만,2024-08-05 15:00:00,1,1,"{""부송동"": 1}",3.0,3,"{""공장 냄새(화학약품, 매캐함)"": 1}","공장 냄새(화학약품, 매캐함)"
익산시만,2024-08-05 19:00:00,2,2,"{""어양동"": 1, ""마동"": 1}",3.0,3,"{""가축 분뇨 냄새(닭, 돼지, 소)"": 1, ""공장 냄새(화학약품, 매캐함)"": 1}","가축 분뇨 냄새(닭, 돼지, 소)"
익산시만,2024-08-05 20:00:00,2,2,"{""왕궁면 흥암리"": 2}",3.5,5,"{""가축 분뇨 냄새(닭, 돼지, 소)"": 1, ""공장 냄새(화학약품, 매캐함)"": 1}","가축 분뇨 냄새(닭, 돼지, 소)"
익산시만,2024-08-05 23:00:00,1,1,"{""부송동"": 1}",4.0,4,"{""공장 냄새(화학약품, 매캐함)"": 1}","공장 냄새(화학약품, 매캐함)"
익산시만,2024-08-06 22:00:00,1,1,"{""왕궁면 흥암리"": 1}",5.0,5,"{""가축 분뇨 냄새(닭, 돼지, 소)"": 1}","가축 분뇨 냄새(닭, 돼지, 소)"
익산시만,2024-08-07 20:00:00,1,1,"{""왕궁면 흥암리"": 1}",5.0,5,"{""가축 분뇨 냄새(닭, 돼지, 소)"": 1}","가축 분뇨 냄새(닭, 돼지, 소)"
익산시만,2024-08-08 05:00:00,1,1,"{""왕궁면 흥암리"": 1}",3.0,3,"{""가축 분뇨 냄새(닭, 돼지, 소)"": 1}","가축 분뇨 냄새(닭, 돼지, 소)"
익산시만,2024-08-08 08:00:00,1,1,"{""영등동"": 1}",3.0,3,"{""가축 분뇨 냄새(닭, 돼지, 소)"": 1}","가축 분뇨 냄새(닭, 돼지, 소)"
익산시만,2024-08-09 21:00:00,2,2,"{""왕궁면 흥암리"": 2}",4.0,5,"{""가축 분뇨 냄새(닭, 돼지, 소)"": 2}","가축 분뇨 냄새(닭, 돼지, 소)"
익산시만,2024-08-09 22:00:00,1,1,"{""왕궁면 흥암리"": 1}",5.0,5,"{""가축 분뇨 냄새(닭, 돼지, 소)"": 1}","가축 분뇨 냄새(닭, 돼지, 소)"
익산시만,2024-08-10 02:00:00,1,1,"{""영등동"": 1}",5.0,5,"{""가축 분뇨 냄새(닭, 돼지, 소)"": 1}","가축 분뇨 냄새(닭, 돼지, 소)"
익산시만,2024-08-10 22:00:00,1,1,"{""왕궁면 흥암리"": 1}",4.0,4,"{""가축 분뇨 냄새(닭, 돼지, 소)"": 1}","가축 분뇨 냄새(닭, 돼지, 소)"
익산시만,2024-08-11 00:00:00,2,2,"{""부송동"": 1, ""모현동1가"": 1}",3.5,4,"{""공장 냄새(화학약품, 매캐함)"": 1, ""가축 분뇨 냄새(닭, 돼지, 소)"": 1}","공장 냄새(화학약품, 매캐함)"
익산시만,2024-08-11 23:00:00,1,1,"{""부송동"": 1}",4.0,4,"{""가축 분뇨 냄새(닭, 돼지, 소)"": 1}","가축 분뇨 냄새(닭, 돼지, 소)"
익산시만,2024-08-12 06:00:00,1,1,"{""왕궁면 흥암리"": 1}",4.0,4,"{""공장 냄새(화학약품, 매캐함)"": 1}","공장 냄새(화학약품, 매캐함)"
익산시만,2024-08-12 20:00:00,1,1,"{""왕궁면 흥암리"": 1}",4.0,4,"{""가축 분뇨 냄새(닭, 돼지, 소)"": 1}","가축 분뇨 냄새(닭, 돼지, 소)"
익산시만,2024-08-13 20:00:00,1,1,"{""왕궁면 흥암리"": 1}",5.0,5,"{""가축 분뇨 냄새(닭, 돼지, 소)"": 1}","가축 분뇨 냄새(닭, 돼지, 소)"
익산시만,2024-08-14 22:00:00,1,1,"{""왕궁면 흥암리"": 1}",3.0,3,"{""소각 냄새(태우는 냄새)"": 1}",소각 냄새(태우는 냄새)
익산시만,2024-08-14 23:00:00,1,1,"{""왕궁면 흥암리"": 1}",5.0,5,"{""소각 냄새(태우는 냄새)"": 1}",소각 냄새(태우는 냄새)
익산시만,2024-08-15 00:00:00,1,1,"{""왕궁면 흥암리"": 1}",3.0,3,"{""가축 분뇨 냄새(닭, 돼지, 소)"": 1}","가축 분뇨 냄새(닭, 돼지, 소)"
익산시만,2024-08-15 19:00:00,4,4,"{""마동"": 2, ""동산동"": 1, ""왕궁면 흥암리"": 1}",4.0,5,"{""가축 분뇨 냄새(닭, 돼지, 소)"": 4}","가축 분뇨 냄새(닭, 돼지, 소)"
익산시만,2024-08-15 20:00:00,1,1,"{""왕궁면 흥암리"": 1}",5.0,5,"{""가축 분뇨 냄새(닭, 돼지, 소)"": 1}","가축 분뇨 냄새(닭, 돼지, 소)"
익산시만,2024-08-15 21:00:00,4,4,"{""왕궁면 흥암리"": 4}",4.25,5,"{""가축 분뇨 냄새(닭, 돼지, 소)"": 4}","가축 분뇨 냄새(닭, 돼지, 소)"
익산시만,2024-08-15 22:00:00,6,6,"{""왕궁면 흥암리"": 6}",4.166666666666667,5,"{""기타"": 5, ""가축 분뇨 냄새(닭, 돼지, 소)"": 1}",기타
익산시만,2024-08-16 00:00:00,1,1,"{""영등동"": 1}",3.0,3,"{""음식조리 냄새"": 1}",음식조리 냄새
익산시만,2024-08-16 19:00:00,2,2,"{""동산동"": 1, ""왕궁면 흥암리"": 1}",3.5,4,"{""가축 분뇨 냄새(닭, 돼지, 소)"": 1, ""소각 냄새(태우는 냄새)"": 1}","가축 분뇨 냄새(닭, 돼지, 소)"
익산시만,2024-08-16 20:00:00,3,3,"{""어양동"": 1, ""영등동"": 1, ""부송동"": 1}",3.6666666666666665,4,"{""가축 분뇨 냄새(닭, 돼지, 소)"": 3}","가축 분뇨 냄새(닭, 돼지, 소)"
익산시만,2024-08-16 22:00:00,1,1,"{""영등동"": 1}",3.0,3,"{""가축 분뇨 냄새(닭, 돼지, 소)"": 1}","가축 분뇨 냄새(닭, 돼지, 소)"
익산시만,2024-08-17 00:00:00,2,2,"{""왕궁면 흥암리"": 2}",5.0,5,"{""기타"": 2}",기타
익산시만,2024-08-17 19:00:00,3,3,"{""왕궁면 흥암리"": 3}",5.0,5,"{""가축 분뇨 냄새(닭, 돼지, 소)"": 3}","가축 분뇨 냄새(닭, 돼지, 소)"
익산시만,2024-08-18 17:00:00,1,1,"{""용동면 용성리"": 1}",4.0,4,"{""가축 분뇨 냄새(닭, 돼지, 소)"": 1}","가축 분뇨 냄새(닭, 돼지, 소)"
익산시만,2024-08-18 18:00:00,2,2,"{""왕궁면 흥암리"": 1, ""오산면 신지리"": 1}",4.5,5,"{""가축 분뇨 냄새(닭, 돼지, 소)"": 2}","가축 분뇨 냄새(닭, 돼지, 소)"
익산시만,2024-08-18 20:00:00,3,3,"{""왕궁면 흥암리"": 3}",5.0,5,"{""가축 분뇨 냄새(닭, 돼지, 소)"": 3}","가축 분뇨 냄새(닭, 돼지, 소)"
익산시만,2024-08-19 20:00:00,1,1,"{""춘포면 쌍정리"": 1}",5.0,5,"{""가축 분뇨 냄새(닭, 돼지, 소)"": 1}","가축 분뇨 냄새(닭, 돼지, 소)"
익산시만,2024-08-20 20:00:00,8,8,"{""왕궁면 흥암리"": 4, ""어양동"": 3, ""부송동"": 1}",4.75,5,"{""가축 분뇨 냄새(닭, 돼지, 소)"": 6, ""기타"": 2}","가축 분뇨 냄새(닭, 돼지, 소)"
익산시만,2024-08-20 21:00:00,7,7,"{""왕궁면 흥암리"": 7}",5.0,5,"{""가축 분뇨 냄새(닭, 돼지, 소)"": 6, ""기타"": 1}","가축 분뇨 냄새(닭, 돼지, 소)"
익산시만,2024-08-20 22:00:00,8,8,"{""왕궁면 흥암리"": 8}",4.25,5,"{""가축 분뇨 냄새(닭, 돼지, 소)"": 7, ""기타"": 1}","가축 분뇨 냄새(닭, 돼지, 소)"
익산시만,2024-08-21 10:00:00,1,1,"{""왕궁면 흥암리"": 1}",4.0,4,"{""가축 분뇨 냄새(닭, 돼지, 소)"": 1}","가축 분뇨 냄새(닭, 돼지, 소)"
익산시만,2024-08-22 10:00:00,2,2,"{""왕궁면 흥암리"": 2}",4.0,4,"{""기타"": 1, ""가축 분뇨 냄새(닭, 돼지, 소)"": 1}",기타
익산시만,2024-08-22 11:00:00,4,4,"{""왕궁면 흥암리"": 4}",4.5,5,"{""기타"": 2, ""가축 분뇨 냄새(닭, 돼지, 소)"": 2}",기타
익산시만,2024-08-22 12:00:00,1,1,"{""오산면 신지리"": 1}",4.0,4,"{""기타"": 1}",기타
익산시만,2024-08-22 14:00:00,1,1,"{""왕궁면 흥암리"": 1}",4.0,4,"{""가축 분뇨 냄새(닭, 돼지, 소)"": 1}","가축 분뇨 냄새(닭, 돼지, 소)"
익산시만,2024-08-22 15:00:00,1,1,"{""왕궁면 흥암리"": 1}",4.0,4,"{""기타"": 1}",기타
익산시만,2024-08-22 20:00:00,1,1,"{""함열읍 석매리"": 1}",4.0,4,"{""가축 분뇨 냄새(닭, 돼지, 소)"": 1}","가축 분뇨 냄새(닭, 돼지, 소)"
익산시만,2024-08-22 22:00:00,1,1,"{""왕궁면 흥암리"": 1}",3.0,3,"{""가축 분뇨 냄새(닭, 돼지, 소)"": 1}","가축 분뇨 냄새(닭, 돼지, 소)"
익산시만,2024-08-23 06:00:00,1,1,"{""영등동"": 1}",3.0,3,"{""가축 분뇨 냄새(닭, 돼지, 소)"": 1}","가축 분뇨 냄새(닭, 돼지, 소)"
익산시만,2024-08-23 07:00:00,2,2,"{""모현동1가"": 1, ""동산동"": 1}",4.5,5,"{""가축 분뇨 냄새(닭, 돼지, 소)"": 2}","가축 분뇨 냄새(닭, 돼지, 소)"
익산시만,2024-08-23 13:00:00,2,2,"{""왕궁면 흥암리"": 2}",3.5,4,"{""기타"": 1, ""가축 분뇨 냄새(닭, 돼지, 소)"": 1}",기타
익산시만,2024-08-23 21:00:00,2,2,"{""왕궁면 흥암리"": 2}",5.0,5,"{""가축 분뇨 냄새(닭, 돼지, 소)"": 2}","가축 분뇨 냄새(닭, 돼지, 소)"
익산시만,2024-08-23 22:00:00,7,7,"{""왕궁면 흥암리"": 4, ""어양동"": 2, ""동산동"": 1}",4.285714285714286,5,"{""가축 분뇨 냄새(닭, 돼지, 소)"": 6, ""공장 냄새(화학약품, 매캐함)"": 1}","가축 분뇨 냄새(닭, 돼지, 소)"
익산시만,2024-08-23 23:00:00,1,1,"{""왕궁면 흥암리"": 1}",5.0,5,"{""가축 분뇨 냄새(닭, 돼지, 소)"": 1}","가축 분뇨 냄새(닭, 돼지, 소)"
익산시만,2024-08-24 09:00:00,1,1,"{""왕궁면 흥암리"": 1}",5.0,5,"{""가축 분뇨 냄새(닭, 돼지, 소)"": 1}","가축 분뇨 냄새(닭, 돼지, 소)"
익산시만,2024-08-25 00:00:00,2,2,"{""왕궁면 흥암리"": 2}",4.0,5,"{""가축 분뇨 냄새(닭, 돼지, 소)"": 2}","가축 분뇨 냄새(닭, 돼지, 소)"
익산시만,2024-08-26 06:00:00,2,2,"{""왕궁면 흥암리"": 2}",4.5,5,"{""가축 분뇨 냄새(닭, 돼지, 소)"": 2}","가축 분뇨 냄새(닭, 돼지, 소)"
익산시만,2024-08-26 07:00:00,1,1,"{""왕궁면 흥암리"": 1}",5.0,5,"{""가축 분뇨 냄새(닭, 돼지, 소)"": 1}","가축 분뇨 냄새(닭, 돼지, 소)"
익산시만,2024-08-26 21:00:00,2,2,"{""왕궁면 흥암리"": 1, ""용동면 화실리"": 1}",4.5,5,"{""가축 분뇨 냄새(닭, 돼지, 소)"": 2}","가축 분뇨 냄새(닭, 돼지, 소)"
익산시만,2024-08-26 22:00:00,1,1,"{""춘포면 창평리"": 1}",4.0,4,"{""가축 분뇨 냄새(닭, 돼지, 소)"": 1}","가축 분뇨 냄새(닭, 돼지, 소)"
익산시만,2024-08-28 15:00:00,1,1,"{""왕궁면 흥암리"": 1}",4.0,4,"{""가축 분뇨 냄새(닭, 돼지, 소)"": 1}","가축 분뇨 냄새(닭, 돼지, 소)"
익산시만,2024-08-30 17:00:00,1,1,"{""용동면 용성리"": 1}",4.0,4,"{""가축 분뇨 냄새(닭, 돼지, 소)"": 1}","가축 분뇨 냄새(닭, 돼지, 소)"
익산시만,2024-08-30 22:00:00,2,2,"{""왕궁면 흥암리"": 2}",3.0,4,"{""가축 분뇨 냄새(닭, 돼지, 소)"": 2}","가축 분뇨 냄새(닭, 돼지, 소)"
익산시만,2024-08-31 00:00:00,1,1,"{""왕궁면 흥암리"": 1}",4.0,4,"{""가축 분뇨 냄새(닭, 돼지, 소)"": 1}","가축 분뇨 냄새(닭, 돼지, 소)"
익산시만,2024-08-31 02:00:00,1,1,"{""평화동"": 1}",4.0,4,"{""하수구 냄새"": 1}",하수구 냄새
익산시만,2024-08-31 03:00:00,1,1,"{""평화동"": 1}",5.0,5,"{""하수구 냄새"": 1}",하수구 냄새
익산시만,2024-08-31 05:00:00,1,1,"{""어양동"": 1}",4.0,4,"{""가축 분뇨 냄새(닭, 돼지, 소)"": 1}","가축 분뇨 냄새(닭, 돼지, 소)"
익산시만,2024-08-31 06:00:00,2,2,"{""영등동"": 2}",4.5,5,"{""가축 분뇨 냄새(닭, 돼지, 소)"": 2}","가축 분뇨 냄새(닭, 돼지, 소)"
익산시만,2024-08-31 07:00:00,1,1,"{""왕궁면 흥암리"": 1}",3.0,3,"{""소각 냄새(태우는 냄새)"": 1}",소각 냄새(태우는 냄새)
익산시만,2024-08-31 20:00:00,7,7,"{""왕궁면 흥암리"": 7}",4.0,5,"{""소각 냄새(태우는 냄새)"": 7}",소각 냄새(태우는 냄새)
익산시만,2024-08-31 21:00:00,1,1,"{""왕궁면 흥암리"": 1}",4.0,4,"{""소각 냄새(태우는 냄새)"": 1}",소각 냄새(태우는 냄새)
익산시만,2024-09-01 00:00:00,2,2,"{""부송동"": 1, ""왕궁면 흥암리"": 1}",4.0,4,"{""가축 분뇨 냄새(닭, 돼지, 소)"": 2}","가축 분뇨 냄새(닭, 돼지, 소)"
익산시만,2024-09-01 01:00:00,1,1,"{""부송동"": 1}",4.0,4,"{""가축 분뇨 냄새(닭, 돼지, 소)"": 1}","가축 분뇨 냄새(닭, 돼지, 소)"
익산시만,2024-09-01 05:00:00,1,1,"{""왕궁면 흥암리"": 1}",3.0,3,"{""가축 분뇨 냄새(닭, 돼지, 소)"": 1}","가축 분뇨 냄새(닭, 돼지, 소)"
익산시만,2024-09-01 07:00:00,2,2,"{""왕궁면 흥암리"": 1, ""오산면 신지리"": 1}",2.5,3,"{""소각 냄새(태우는 냄새)"": 1, ""가축 분뇨 냄새(닭, 돼지, 소)"": 1}",소각 냄새(태우는 냄새)
익산시만,2024-09-01 22:00:00,2,2,"{""왕궁면 흥암리"": 2}",4.0,4,"{""소각 냄새(태우는 냄새)"": 2}",소각 냄새(태우는 냄새)
익산시만,2024-09-02 01:00:00,3,3,"{""부송동"": 3}",4.0,5,"{""가축 분뇨 냄새(닭, 돼지, 소)"": 2, ""하수구 냄새"": 1}","가축 분뇨 냄새(닭, 돼지, 소)"
익산시만,2024-09-02 02:00:00,12,12,"{""영등동"": 5, ""부송동"": 2, ""동산동"": 2, ""어양동"": 1, ""마동"": 1, ""모현동1가"": 1}",4.333333333333333,5,"{""가축 분뇨 냄새(닭, 돼지, 소)"": 12}","가축 분뇨 냄새(닭, 돼지, 소)"
익산시만,2024-09-02 05:00:00,1,1,"{""부송동"": 1}",4.0,4,"{""공장 냄새(화학약품, 매캐함)"": 1}","공장 냄새(화학약품, 매캐함)"
익산시만,2024-09-02 07:00:00,1,1,"{""오산면 신지리"": 1}",3.0,3,"{""가축 분뇨 냄새(닭, 돼지, 소)"": 1}","가축 분뇨 냄새(닭, 돼지, 소)"
익산시만,2024-09-02 18:00:00,1,1,"{""어양동"": 1}",5.0,5,"{""소각 냄새(태우는 냄새)"": 1}",소각 냄새(태우는 냄새)
익산시만,2024-09-02 20:00:00,2,2,"{""부송동"": 2}",4.5,5,"{""소각 냄새(태우는 냄새)"": 2}",소각 냄새(태우는 냄새)
익산시만,2024-09-02 21:00:00,3,3,"{""왕궁면 흥암리"": 2, ""영등동"": 1}",4.666666666666667,5,"{""가축 분뇨 냄새(닭, 돼지, 소)"": 2, ""공장 냄새(화학약품, 매캐함)"": 1}","가축 분뇨 냄새(닭, 돼지, 소)"
익산시만,2024-09-02 22:00:00,2,2,"{""왕궁면 흥암리"": 2}",4.0,4,"{""하수구 냄새"": 2}",하수구 냄새
익산시만,2024-09-03 01:00:00,1,1,"{""왕궁면 흥암리"": 1}",4.0,4,"{""가축 분뇨 냄새(닭, 돼지, 소)"": 1}","가축 분뇨 냄새(닭, 돼지, 소)"
익산시만,2024-09-03 06:00:00,2,2,"{""왕궁면 흥암리"": 1, ""영등동"": 1}",4.5,5,"{""공장 냄새(화학약품, 매캐함)"": 1, ""가축 분뇨 냄새(닭, 돼지, 소)"": 1}","공장 냄새(화학약품, 매캐함)"
익산시만,2024-09-03 18:00:00,1,1,"{""모현동1가"": 1}",4.0,4,"{""음식조리 냄새"": 1}",음식조리 냄새
익산시만,2024-09-03 20:00:00,13,13,"{""부송동"": 5, ""어양동"": 3, ""동산동"": 3, ""영등동"": 1, ""평화동"": 1}",4.153846153846154,5,"{""가축 분뇨 냄새(닭, 돼지, 소)"": 12, ""공장 냄새(화학약품, 매캐함)"": 1}","가축 분뇨 냄새(닭, 돼지, 소)"
익산시만,2024-09-03 21:00:00,4,4,"{""모현동1가"": 1, ""모현동2가"": 1, ""부송동"": 1, ""동산동"": 1}",4.0,5,"{""가축 분뇨 냄새(닭, 돼지, 소)"": 4}","가축 분뇨 냄새(닭, 돼지, 소)"
익산시만,2024-09-03 22:00:00,1,1,"{""부송동"": 1}",5.0,5,"{""가축 분뇨 냄새(닭, 돼지, 소)"": 1}","가축 분뇨 냄새(닭, 돼지, 소)"
익산시만,2024-09-03 23:00:00,1,1,"{""동산동"": 1}",5.0,5,"{""가축 분뇨 냄새(닭, 돼지, 소)"": 1}","가축 분뇨 냄새(닭, 돼지, 소)"
익산시만,2024-09-04 00:00:00,2,2,"{""왕궁면 흥암리"": 1, ""왕궁면 광암리"": 1}",4.0,4,"{""가축 분뇨 냄새(닭, 돼지, 소)"": 2}","가축 분뇨 냄새(닭, 돼지, 소)"
익산시만,2024-09-04 01:00:00,1,1,"{""왕궁면 흥암리"": 1}",5.0,5,"{""기타"": 1}",기타
익산시만,2024-09-04 08:00:00,1,1,"{""어양동"": 1}",3.0,3,"{""공장 냄새(화학약품, 매캐함)"": 1}","공장 냄새(화학약품, 매캐함)"
익산시만,2024-09-04 22:00:00,2,2,"{""부송동"": 1, ""팔봉동"": 1}",4.0,4,"{""가축 분뇨 냄새(닭, 돼지, 소)"": 2}","가축 분뇨 냄새(닭, 돼지, 소)"
익산시만,2024-09-04 23:00:00,1,1,"{""왕궁면 흥암리"": 1}",4.0,4,"{""가축 분뇨 냄새(닭, 돼지, 소)"": 1}","가축 분뇨 냄새(닭, 돼지, 소)"
익산시만,2024-09-05 00:00:00,1,1,"{""왕궁면 흥암리"": 1}",4.0,4,"{""가축 분뇨 냄새(닭, 돼지, 소)"": 1}","가축 분뇨 냄새(닭, 돼지, 소)"
익산시만,2024-09-05 01:00:00,19,19,"{""부송동"": 6, ""동산동"": 5, ""영등동"": 4, ""어양동"": 2, ""함열읍 와리"": 1, ""인화동1가"": 1}",4.7368421052631575,5,"{""가축 분뇨 냄새(닭, 돼지, 소)"": 19}","가축 분뇨 냄새(닭, 돼지, 소)"
익산시만,2024-09-05 02:00:00,1,1,"{""송학동"": 1}",4.0,4,"{""가축 분뇨 냄새(닭, 돼지, 소)"": 1}","가축 분뇨 냄새(닭, 돼지, 소)"
익산시만,2024-09-05 06:00:00,1,1,"{""부송동"": 1}",4.0,4,"{""공장 냄새(화학약품, 매캐함)"": 1}","공장 냄새(화학약품, 매캐함)"
익산시만,2024-09-05 23:00:00,1,1,"{""왕궁면 흥암리"": 1}",3.0,3,"{""하수구 냄새"": 1}",하수구 냄새
익산시만,2024-09-06 02:00:00,5,5,"{""동산동"": 2, ""마동"": 1, ""송학동"": 1, ""모현동1가"": 1}",4.8,5,"{""가축 분뇨 냄새(닭, 돼지, 소)"": 5}","가축 분뇨 냄새(닭, 돼지, 소)"
익산시만,2024-09-06 05:00:00,1,1,"{""왕궁면 흥암리"": 1}",4.0,4,"{""공장 냄새(화학약품, 매캐함)"": 1}","공장 냄새(화학약품, 매캐함)"
익산시만,2024-09-06 07:00:00,2,2,"{""왕궁면 흥암리"": 1, ""부송동"": 1}",3.5,4,"{""기타"": 1, ""공장 냄새(화학약품, 매캐함)"": 1}",기타
익산시만,2024-09-06 08:00:00,1,1,"{""마동"": 1}",4.0,4,"{""하수구 냄새"": 1}",하수구 냄새
익산시만,2024-09-06 09:00:00,1,1,"{""어양동"": 1}",5.0,5,"{""소각 냄새(태우는 냄새)"": 1}",소각 냄새(태우는 냄새)
익산시만,2024-09-06 11:00:00,1,1,"{""동산동"": 1}",3.0,3,"{""가축 분뇨 냄새(닭, 돼지, 소)"": 1}","가축 분뇨 냄새(닭, 돼지, 소)"
익산시만,2024-09-06 20:00:00,1,1,"{""모현동1가"": 1}",4.0,4,"{""음식조리 냄새"": 1}",음식조리 냄새
익산시만,2024-09-07 07:00:00,1,1,"{""오산면 신지리"": 1}",3.0,3,"{""가축 분뇨 냄새(닭, 돼지, 소)"": 1}","가축 분뇨 냄새(닭, 돼지, 소)"
익산시만,2024-09-07 12:00:00,1,1,"{""어양동"": 1}",5.0,5,"{""가축 분뇨 냄새(닭, 돼지, 소)"": 1}","가축 분뇨 냄새(닭, 돼지, 소)"
익산시만,2024-09-07 17:00:00,2,2,"{""남중동"": 1, ""왕궁면 흥암리"": 1}",4.0,4,"{""가축 분뇨 냄새(닭, 돼지, 소)"": 2}","가축 분뇨 냄새(닭, 돼지, 소)"
익산시만,2024-09-07 22:00:00,3,3,"{""왕궁면 흥암리"": 2, ""부송동"": 1}",3.6666666666666665,4,"{""가축 분뇨 냄새(닭, 돼지, 소)"": 2, ""공장 냄새(화학약품, 매캐함)"": 1}","가축 분뇨 냄새(닭, 돼지, 소)"
익산시만,2024-09-07 23:00:00,11,11,"{""부송동"": 7, ""동산동"": 2, ""어양동"": 1, ""왕궁면 흥암리"": 1}",4.636363636363637,5,"{""가축 분뇨 냄새(닭, 돼지, 소)"": 11}","가축 분뇨 냄새(닭, 돼지, 소)"
익산시만,2024-09-08 00:00:00,4,4,"{""어양동"": 3, ""부송동"": 1}",3.5,5,"{""가축 분뇨 냄새(닭, 돼지, 소)"": 4}","가축 분뇨 냄새(닭, 돼지, 소)"
익산시만,2024-09-08 06:00:00,1,1,"{""동산동"": 1}",4.0,4,"{""하수구 냄새"": 1}",하수구 냄새
익산시만,2024-09-08 07:00:00,3,3,"{""왕궁면 흥암리"": 2, ""동산동"": 1}",3.6666666666666665,4,"{""기타"": 2, ""하수구 냄새"": 1}",기타
익산시만,2024-09-08 08:00:00,1,1,"{""왕궁면 흥암리"": 1}",5.0,5,"{""가축 분뇨 냄새(닭, 돼지, 소)"": 1}","가축 분뇨 냄새(닭, 돼지, 소)"
익산시만,2024-09-08 21:00:00,1,1,"{""평화동"": 1}",5.0,5,"{""하수구 냄새"": 1}",하수구 냄새
익산시만,2024-09-08 22:00:00,2,2,"{""부송동"": 2}",4.0,4,"{""가축 분뇨 냄새(닭, 돼지, 소)"": 2}","가축 분뇨 냄새(닭, 돼지, 소)"
익산시만,2024-09-09 00:00:00,3,3,"{""부송동"": 2, ""어양동"": 1}",3.6666666666666665,5,"{""가축 분뇨 냄새(닭, 돼지, 소)"": 3}","가축 분뇨 냄새(닭, 돼지, 소)"
익산시만,2024-09-09 01:00:00,10,10,"{""어양동"": 3, ""동산동"": 2, ""영등동"": 2, ""부송동"": 1, ""인화동2가"": 1, ""마동"": 1}",4.5,5,"{""가축 분뇨 냄새(닭, 돼지, 소)"": 10}","가축 분뇨 냄새(닭, 돼지, 소)"
익산시만,2024-09-09 06:00:00,1,1,"{""왕궁면 흥암리"": 1}",4.0,4,"{""공장 냄새(화학약품, 매캐함)"": 1}","공장 냄새(화학약품, 매캐함)"
익산시만,2024-09-09 07:00:00,1,1,"{""어양동"": 1}",3.0,3,"{""소각 냄새(태우는 냄새)"": 1}",소각 냄새(태우는 냄새)
익산시만,2024-09-09 19:00:00,3,3,"{""왕궁면 흥암리"": 3}",5.0,5,"{""가축 분뇨 냄새(닭, 돼지, 소)"": 3}","가축 분뇨 냄새(닭, 돼지, 소)"
익산시만,2024-09-09 20:00:00,1,1,"{""왕궁면 흥암리"": 1}",5.0,5,"{""가축 분뇨 냄새(닭, 돼지, 소)"": 1}","가축 분뇨 냄새(닭, 돼지, 소)"
익산시만,2024-09-09 21:00:00,2,2,"{""왕궁면 흥암리"": 2}",5.0,5,"{""가축 분뇨 냄새(닭, 돼지, 소)"": 2}","가축 분뇨 냄새(닭, 돼지, 소)"
익산시만,2024-09-09 22:00:00,1,1,"{""동산동"": 1}",5.0,5,"{""가축 분뇨 냄새(닭, 돼지, 소)"": 1}","가축 분뇨 냄새(닭, 돼지, 소)"
익산시만,2024-09-09 23:00:00,5,5,"{""부송동"": 3, ""어양동"": 1, ""왕궁면 흥암리"": 1}",3.8,5,"{""가축 분뇨 냄새(닭, 돼지, 소)"": 5}","가축 분뇨 냄새(닭, 돼지, 소)"
익산시만,2024-09-10 00:00:00,1,1,"{""부송동"": 1}",4.0,4,"{""가축 분뇨 냄새(닭, 돼지, 소)"": 1}","가축 분뇨 냄새(닭, 돼지, 소)"
익산시만,2024-09-10 06:00:00,1,1,"{""왕궁면 흥암리"": 1}",3.0,3,"{""기타"": 1}",기타
익산시만,2024-09-11 01:00:00,1,1,"{""왕궁면 흥암리"": 1}",3.0,3,"{""공장 냄새(화학약품, 매캐함)"": 1}","공장 냄새(화학약품, 매캐함)"
익산시만,2024-09-11 08:00:00,1,1,"{""왕궁면 흥암리"": 1}",3.0,3,"{""가축 분뇨 냄새(닭, 돼지, 소)"": 1}","가축 분뇨 냄새(닭, 돼지, 소)"
익산시만,2024-09-11 19:00:00,1,1,"{""춘포면 쌍정리"": 1}",3.0,3,"{""가축 분뇨 냄새(닭, 돼지, 소)"": 1}","가축 분뇨 냄새(닭, 돼지, 소)"
익산시만,2024-09-11 23:00:00,1,1,"{""왕궁면 흥암리"": 1}",4.0,4,"{""기타"": 1}",기타
익산시만,2024-09-12 18:00:00,3,3,"{""왕궁면 흥암리"": 3}",4.0,4,"{""기타"": 1, ""하수구 냄새"": 1, ""가축 분뇨 냄새(닭, 돼지, 소)"": 1}",기타
익산시만,2024-09-12 19:00:00,3,3,"{""왕궁면 흥암리"": 3}",4.666666666666667,5,"{""가축 분뇨 냄새(닭, 돼지, 소)"": 3}","가축 분뇨 냄새(닭, 돼지, 소)"
익산시만,2024-09-12 20:00:00,6,6,"{""왕궁면 흥암리"": 6}",4.833333333333333,5,"{""가축 분뇨 냄새(닭, 돼지, 소)"": 4, ""하수구 냄새"": 2}","가축 분뇨 냄새(닭, 돼지, 소)"
익산시만,2024-09-12 21:00:00,3,3,"{""왕궁면 흥암리"": 3}",4.0,5,"{""가축 분뇨 냄새(닭, 돼지, 소)"": 3}","가축 분뇨 냄새(닭, 돼지, 소)"
익산시만,2024-09-12 22:00:00,1,1,"{""영등동"": 1}",3.0,3,"{""하수구 냄새"": 1}",하수구 냄새
익산시만,2024-09-12 23:00:00,1,1,"{""왕궁면 흥암리"": 1}",5.0,5,"{""기타"": 1}",기타
익산시만,2024-09-13 02:00:00,1,1,"{""부송동"": 1}",4.0,4,"{""기타"": 1}",기타
익산시만,2024-09-13 03:00:00,1,1,"{""부송동"": 1}",3.0,3,"{""공장 냄새(화학약품, 매캐함)"": 1}","공장 냄새(화학약품, 매캐함)"
익산시만,2024-09-13 04:00:00,2,2,"{""동산동"": 1, ""왕궁면 흥암리"": 1}",4.5,5,"{""가축 분뇨 냄새(닭, 돼지, 소)"": 1, ""기타"": 1}","가축 분뇨 냄새(닭, 돼지, 소)"
익산시만,2024-09-13 07:00:00,2,2,"{""부송동"": 1, ""왕궁면 흥암리"": 1}",3.5,5,"{""공장 냄새(화학약품, 매캐함)"": 1, ""가축 분뇨 냄새(닭, 돼지, 소)"": 1}","공장 냄새(화학약품, 매캐함)"
익산시만,2024-09-13 23:00:00,6,6,"{""부송동"": 4, ""어양동"": 2}",4.5,5,"{""가축 분뇨 냄새(닭, 돼지, 소)"": 6}","가축 분뇨 냄새(닭, 돼지, 소)"
익산시만,2024-09-14 00:00:00,14,14,"{""영등동"": 5, ""동산동"": 4, ""어양동"": 2, ""마동"": 2, ""인화동2가"": 1}",4.5,5,"{""가축 분뇨 냄새(닭, 돼지, 소)"": 14}","가축 분뇨 냄새(닭, 돼지, 소)"
익산시만,2024-09-14 01:00:00,1,1,"{""송학동"": 1}",5.0,5,"{""가축 분뇨 냄새(닭, 돼지, 소)"": 1}","가축 분뇨 냄새(닭, 돼지, 소)"
익산시만,2024-09-14 02:00:00,1,1,"{""부송동"": 1}",5.0,5,"{""공장 냄새(화학약품, 매캐함)"": 1}","공장 냄새(화학약품, 매캐함)"
익산시만,2024-09-14 07:00:00,1,1,"{""왕궁면 흥암리"": 1}",4.0,4,"{""가축 분뇨 냄새(닭, 돼지, 소)"": 1}","가축 분뇨 냄새(닭, 돼지, 소)"
익산시만,2024-09-14 21:00:00,1,1,"{""왕궁면 흥암리"": 1}",4.0,4,"{""가축 분뇨 냄새(닭, 돼지, 소)"": 1}","가축 분뇨 냄새(닭, 돼지, 소)"
익산시만,2024-09-14 23:00:00,2,2,"{""왕궁면 흥암리"": 2}",5.0,5,"{""가축 분뇨 냄새(닭, 돼지, 소)"": 2}","가축 분뇨 냄새(닭, 돼지, 소)"
익산시만,2024-09-15 11:00:00,1,1,"{""오산면 장신리"": 1}",4.0,4,"{""기타"": 1}",기타
익산시만,2024-09-15 14:00:00,1,1,"{""모현동1가"": 1}",5.0,5,"{""가축 분뇨 냄새(닭, 돼지, 소)"": 1}","가축 분뇨 냄새(닭, 돼지, 소)"
익산시만,2024-09-15 19:00:00,2,2,"{""춘포면 신동리"": 2}",4.5,5,"{""가축 분뇨 냄새(닭, 돼지, 소)"": 2}","가축 분뇨 냄새(닭, 돼지, 소)"
익산시만,2024-09-16 00:00:00,1,1,"{""왕궁면 흥암리"": 1}",4.0,4,"{""가축 분뇨 냄새(닭, 돼지, 소)"": 1}","가축 분뇨 냄새(닭, 돼지, 소)"
익산시만,2024-09-16 18:00:00,1,1,"{""용동면 용성리"": 1}",4.0,4,"{""가축 분뇨 냄새(닭, 돼지, 소)"": 1}","가축 분뇨 냄새(닭, 돼지, 소)"
익산시만,2024-09-16 22:00:00,1,1,"{""왕궁면 흥암리"": 1}",4.0,4,"{""기타"": 1}",기타
익산시만,2024-09-17 04:00:00,1,1,"{""부송동"": 1}",2.0,2,"{""가축 분뇨 냄새(닭, 돼지, 소)"": 1}","가축 분뇨 냄새(닭, 돼지, 소)"
익산시만,2024-09-17 07:00:00,1,1,"{""인화동2가"": 1}",3.0,3,"{""소각 냄새(태우는 냄새)"": 1}",소각 냄새(태우는 냄새)
익산시만,2024-09-17 10:00:00,1,1,"{""용동면 용성리"": 1}",4.0,4,"{""가축 분뇨 냄새(닭, 돼지, 소)"": 1}","가축 분뇨 냄새(닭, 돼지, 소)"
익산시만,2024-09-17 20:00:00,2,2,"{""춘포면 신동리"": 1, ""왕궁면 흥암리"": 1}",4.0,5,"{""가축 분뇨 냄새(닭, 돼지, 소)"": 2}","가축 분뇨 냄새(닭, 돼지, 소)"
익산시만,2024-09-17 22:00:00,1,1,"{""왕궁면 흥암리"": 1}",4.0,4,"{""가축 분뇨 냄새(닭, 돼지, 소)"": 1}","가축 분뇨 냄새(닭, 돼지, 소)"
익산시만,2024-09-18 00:00:00,1,1,"{""부송동"": 1}",2.0,2,"{""공장 냄새(화학약품, 매캐함)"": 1}","공장 냄새(화학약품, 매캐함)"
익산시만,2024-09-19 22:00:00,2,2,"{""왕궁면 흥암리"": 2}",3.5,4,"{""가축 분뇨 냄새(닭, 돼지, 소)"": 2}","가축 분뇨 냄새(닭, 돼지, 소)"
익산시만,2024-09-20 00:00:00,1,1,"{""영등동"": 1}",3.0,3,"{""가축 분뇨 냄새(닭, 돼지, 소)"": 1}","가축 분뇨 냄새(닭, 돼지, 소)"
익산시만,2024-09-20 06:00:00,1,1,"{""부송동"": 1}",4.0,4,"{""공장 냄새(화학약품, 매캐함)"": 1}","공장 냄새(화학약품, 매캐함)"
익산시만,2024-09-20 07:00:00,1,1,"{""영등동"": 1}",5.0,5,"{""가축 분뇨 냄새(닭, 돼지, 소)"": 1}","가축 분뇨 냄새(닭, 돼지, 소)"
익산시만,2024-09-20 17:00:00,1,1,"{""인화동1가"": 1}",4.0,4,"{""가축 분뇨 냄새(닭, 돼지, 소)"": 1}","가축 분뇨 냄새(닭, 돼지, 소)"
익산시만,2024-09-20 19:00:00,1,1,"{""동산동"": 1}",3.0,3,"{""가축 분뇨 냄새(닭, 돼지, 소)"": 1}","가축 분뇨 냄새(닭, 돼지, 소)"
익산시만,2024-09-20 23:00:00,1,1,"{""영등동"": 1}",4.0,4,"{""가축 분뇨 냄새(닭, 돼지, 소)"": 1}","가축 분뇨 냄새(닭, 돼지, 소)"
익산시만,2024-09-21 00:00:00,1,1,"{""영등동"": 1}",4.0,4,"{""가축 분뇨 냄새(닭, 돼지, 소)"": 1}","가축 분뇨 냄새(닭, 돼지, 소)"
익산시만,2024-09-22 21:00:00,1,1,"{""낭산면 용기리"": 1}",5.0,5,"{""가축 분뇨 냄새(닭, 돼지, 소)"": 1}","가축 분뇨 냄새(닭, 돼지, 소)"
익산시만,2024-09-23 00:00:00,1,1,"{""어양동"": 1}",2.0,2,"{""가축 분뇨 냄새(닭, 돼지, 소)"": 1}","가축 분뇨 냄새(닭, 돼지, 소)"
익산시만,2024-09-23 20:00:00,4,4,"{""왕궁면 흥암리"": 3, ""마동"": 1}",3.0,4,"{""가축 분뇨 냄새(닭, 돼지, 소)"": 2, ""기타"": 1, ""공장 냄새(화학약품, 매캐함)"": 1}","가축 분뇨 냄새(닭, 돼지, 소)"
익산시만,2024-09-23 21:00:00,7,7,"{""부송동"": 5, ""오산면 신지리"": 1, ""영등동"": 1}",3.857142857142857,5,"{""공장 냄새(화학약품, 매캐함)"": 5, ""가축 분뇨 냄새(닭, 돼지, 소)"": 1, ""기타"": 1}","공장 냄새(화학약품, 매캐함)"
익산시만,2024-09-23 22:00:00,3,3,"{""왕궁면 흥암리"": 2, ""부송동"": 1}",3.6666666666666665,4,"{""공장 냄새(화학약품, 매캐함)"": 1, ""소각 냄새(태우는 냄새)"": 1, ""가축 분뇨 냄새(닭, 돼지, 소)"": 1}","공장 냄새(화학약품, 매캐함)"
익산시만,2024-09-23 23:00:00,2,2,"{""왕궁면 흥암리"": 2}",4.0,5,"{""가축 분뇨 냄새(닭, 돼지, 소)"": 2}","가축 분뇨 냄새(닭, 돼지, 소)"
익산시만,2024-09-24 10:00:00,1,1,"{""부송동"": 1}",2.0,2,"{""공장 냄새(화학약품, 매캐함)"": 1}","공장 냄새(화학약품, 매캐함)"
익산시만,2024-09-24 20:00:00,3,3,"{""삼기면 오룡리"": 1, ""영등동"": 1, ""부송동"": 1}",4.0,4,"{""가축 분뇨 냄새(닭, 돼지, 소)"": 1, ""음식조리 냄새"": 1, ""공장 냄새(화학약품, 매캐함)"": 1}","가축 분뇨 냄새(닭, 돼지, 소)"
익산시만,2024-09-24 21:00:00,1,1,"{""어양동"": 1}",3.0,3,"{""공장 냄새(화학약품, 매캐함)"": 1}","공장 냄새(화학약품, 매캐함)"
익산시만,2024-09-25 01:00:00,1,1,"{""부송동"": 1}",3.0,3,"{""공장 냄새(화학약품, 매캐함)"": 1}","공장 냄새(화학약품, 매캐함)"
익산시만,2024-09-25 02:00:00,1,1,"{""부송동"": 1}",4.0,4,"{""공장 냄새(화학약품, 매캐함)"": 1}","공장 냄새(화학약품, 매캐함)"
익산시만,2024-09-25 03:00:00,1,1,"{""부송동"": 1}",5.0,5,"{""공장 냄새(화학약품, 매캐함)"": 1}","공장 냄새(화학약품, 매캐함)"
익산시만,2024-09-25 11:00:00,1,1,"{""모현동2가"": 1}",2.0,2,"{""하수구 냄새"": 1}",하수구 냄새
익산시만,2024-09-25 19:00:00,1,1,"{""삼기면 오룡리"": 1}",5.0,5,"{""가축 분뇨 냄새(닭, 돼지, 소)"": 1}","가축 분뇨 냄새(닭, 돼지, 소)"
익산시만,2024-09-25 20:00:00,2,2,"{""신흥동"": 1, ""어양동"": 1}",4.0,5,"{""가축 분뇨 냄새(닭, 돼지, 소)"": 2}","가축 분뇨 냄새(닭, 돼지, 소)"
익산시만,2024-09-25 21:00:00,4,4,"{""왕궁면 흥암리"": 3, ""어양동"": 1}",5.0,5,"{""가축 분뇨 냄새(닭, 돼지, 소)"": 3, ""공장 냄새(화학약품, 매캐함)"": 1}","가축 분뇨 냄새(닭, 돼지, 소)"
익산시만,2024-09-25 22:00:00,2,2,"{""왕궁면 흥암리"": 1, ""신흥동"": 1}",4.5,5,"{""가축 분뇨 냄새(닭, 돼지, 소)"": 2}","가축 분뇨 냄새(닭, 돼지, 소)"
익산시만,2024-09-25 23:00:00,3,3,"{""동산동"": 2, ""인화동2가"": 1}",3.3333333333333335,4,"{""가축 분뇨 냄새(닭, 돼지, 소)"": 3}","가축 분뇨 냄새(닭, 돼지, 소)"
익산시만,2024-09-26 00:00:00,1,1,"{""왕궁면 흥암리"": 1}",3.0,3,"{""가축 분뇨 냄새(닭, 돼지, 소)"": 1}","가축 분뇨 냄새(닭, 돼지, 소)"
익산시만,2024-09-26 01:00:00,5,5,"{""영등동"": 3, ""어양동"": 1, ""인화동2가"": 1}",4.6,5,"{""가축 분뇨 냄새(닭, 돼지, 소)"": 5}","가축 분뇨 냄새(닭, 돼지, 소)"
익산시만,2024-09-26 05:00:00,1,1,"{""왕궁면 흥암리"": 1}",5.0,5,"{""공장 냄새(화학약품, 매캐함)"": 1}","공장 냄새(화학약품, 매캐함)"
익산시만,2024-09-26 17:00:00,1,1,"{""왕궁면 흥암리"": 1}",3.0,3,"{""가축 분뇨 냄새(닭, 돼지, 소)"": 1}","가축 분뇨 냄새(닭, 돼지, 소)"
익산시만,2024-09-26 19:00:00,1,1,"{""왕궁면 흥암리"": 1}",4.0,4,"{""공장 냄새(화학약품, 매캐함)"": 1}","공장 냄새(화학약품, 매캐함)"
익산시만,2024-09-26 20:00:00,2,2,"{""왕궁면 흥암리"": 2}",4.0,4,"{""공장 냄새(화학약품, 매캐함)"": 1, ""가축 분뇨 냄새(닭, 돼지, 소)"": 1}","공장 냄새(화학약품, 매캐함)"
익산시만,2024-09-26 21:00:00,1,1,"{""왕궁면 흥암리"": 1}",4.0,4,"{""기타"": 1}",기타
익산시만,2024-09-26 23:00:00,2,2,"{""왕궁면 흥암리"": 1, ""삼기면 오룡리"": 1}",5.0,5,"{""가축 분뇨 냄새(닭, 돼지, 소)"": 2}","가축 분뇨 냄새(닭, 돼지, 소)"
익산시만,2024-09-27 19:00:00,1,1,"{""모현동1가"": 1}",4.0,4,"{""음식조리 냄새"": 1}",음식조리 냄새
익산시만,2024-09-27 20:00:00,1,1,"{""왕궁면 흥암리"": 1}",4.0,4,"{""소각 냄새(태우는 냄새)"": 1}",소각 냄새(태우는 냄새)
익산시만,2024-09-27 23:00:00,3,3,"{""왕궁면 흥암리"": 1, ""춘포면 쌍정리"": 1, ""삼기면 오룡리"": 1}",3.3333333333333335,4,"{""가축 분뇨 냄새(닭, 돼지, 소)"": 2, ""공장 냄새(화학약품, 매캐함)"": 1}","가축 분뇨 냄새(닭, 돼지, 소)"
익산시만,2024-09-28 00:00:00,1,1,"{""왕궁면 흥암리"": 1}",2.0,2,"{""가축 분뇨 냄새(닭, 돼지, 소)"": 1}","가축 분뇨 냄새(닭, 돼지, 소)"
익산시만,2024-09-28 08:00:00,1,1,"{""왕궁면 흥암리"": 1}",4.0,4,"{""소각 냄새(태우는 냄새)"": 1}",소각 냄새(태우는 냄새)
익산시만,2024-09-28 15:00:00,1,1,"{""마동"": 1}",3.0,3,"{""공장 냄새(화학약품, 매캐함)"": 1}","공장 냄새(화학약품, 매캐함)"
익산시만,2024-09-28 16:00:00,1,1,"{""부송동"": 1}",5.0,5,"{""기타"": 1}",기타
익산시만,2024-09-28 18:00:00,2,2,"{""왕궁면 흥암리"": 2}",3.0,3,"{""가축 분뇨 냄새(닭, 돼지, 소)"": 2}","가축 분뇨 냄새(닭, 돼지, 소)"
익산시만,2024-09-28 20:00:00,1,1,"{""왕궁면 흥암리"": 1}",4.0,4,"{""가축 분뇨 냄새(닭, 돼지, 소)"": 1}","가축 분뇨 냄새(닭, 돼지, 소)"
익산시만,2024-09-28 21:00:00,5,5,"{""부송동"": 4, ""어양동"": 1}",3.8,5,"{""공장 냄새(화학약품, 매캐함)"": 5}","공장 냄새(화학약품, 매캐함)"
익산시만,2024-09-28 22:00:00,5,5,"{""부송동"": 3, ""왕궁면 흥암리"": 2}",3.8,4,"{""공장 냄새(화학약품, 매캐함)"": 4, ""가축 분뇨 냄새(닭, 돼지, 소)"": 1}","공장 냄새(화학약품, 매캐함)"
익산시만,2024-09-29 00:00:00,1,1,"{""어양동"": 1}",3.0,3,"{""가축 분뇨 냄새(닭, 돼지, 소)"": 1}","가축 분뇨 냄새(닭, 돼지, 소)"
익산시만,2024-09-29 15:00:00,1,1,"{""부송동"": 1}",3.0,3,"{""기타"": 1}",기타
익산시만,2024-09-29 18:00:00,1,1,"{""왕궁면 흥암리"": 1}",3.0,3,"{""가축 분뇨 냄새(닭, 돼지, 소)"": 1}","가축 분뇨 냄새(닭, 돼지, 소)"
익산시만,2024-09-29 19:00:00,3,3,"{""어양동"": 1, ""부송동"": 1, ""영등동"": 1}",3.0,3,"{""공장 냄새(화학약품, 매캐함)"": 2, ""기타"": 1}","공장 냄새(화학약품, 매캐함)"
익산시만,2024-09-29 20:00:00,6,6,"{""왕궁면 흥암리"": 4, ""어양동"": 2}",3.6666666666666665,5,"{""가축 분뇨 냄새(닭, 돼지, 소)"": 4, ""공장 냄새(화학약품, 매캐함)"": 2}","가축 분뇨 냄새(닭, 돼지, 소)"
익산시만,2024-09-29 21:00:00,1,1,"{""왕궁면 흥암리"": 1}",4.0,4,"{""기타"": 1}",기타
익산시만,2024-09-29 22:00:00,3,3,"{""모현동1가"": 1, ""왕궁면 흥암리"": 1, ""어양동"": 1}",3.6666666666666665,4,"{""공장 냄새(화학약품, 매캐함)"": 2, ""가축 분뇨 냄새(닭, 돼지, 소)"": 1}","공장 냄새(화학약품, 매캐함)"
익산시만,2024-09-29 23:00:00,1,1,"{""어양동"": 1}",4.0,4,"{""가축 분뇨 냄새(닭, 돼지, 소)"": 1}","가축 분뇨 냄새(닭, 돼지, 소)"
익산시만,2024-09-30 00:00:00,1,1,"{""왕궁면 흥암리"": 1}",4.0,4,"{""가축 분뇨 냄새(닭, 돼지, 소)"": 1}","가축 분뇨 냄새(닭, 돼지, 소)"
익산시만,2024-09-30 03:00:00,1,1,"{""왕궁면 흥암리"": 1}",4.0,4,"{""가축 분뇨 냄새(닭, 돼지, 소)"": 1}","가축 분뇨 냄새(닭, 돼지, 소)"
익산시만,2024-09-30 17:00:00,1,1,"{""어양동"": 1}",5.0,5,"{""공장 냄새(화학약품, 매캐함)"": 1}","공장 냄새(화학약품, 매캐함)"
익산시만,2024-09-30 20:00:00,1,1,"{""왕궁면 흥암리"": 1}",5.0,5,"{""가축 분뇨 냄새(닭, 돼지, 소)"": 1}","가축 분뇨 냄새(닭, 돼지, 소)"
익산시만,2024-09-30 22:00:00,3,3,"{""부송동"": 2, ""춘포면 쌍정리"": 1}",3.3333333333333335,4,"{""하수구 냄새"": 1, ""공장 냄새(화학약품, 매캐함)"": 1, ""가축 분뇨 냄새(닭, 돼지, 소)"": 1}",하수구 냄새
익산시만,2024-09-30 23:00:00,4,4,"{""부송동"": 4}",4.75,5,"{""공장 냄새(화학약품, 매캐함)"": 4}","공장 냄새(화학약품, 매캐함)"
익산시만,2024-10-01 00:00:00,2,2,"{""왕궁면 흥암리"": 1, ""부송동"": 1}",4.5,5,"{""공장 냄새(화학약품, 매캐함)"": 2}","공장 냄새(화학약품, 매캐함)"
익산시만,2024-10-01 01:00:00,1,1,"{""부송동"": 1}",5.0,5,"{""공장 냄새(화학약품, 매캐함)"": 1}","공장 냄새(화학약품, 매캐함)"
익산시만,2024-10-01 02:00:00,1,1,"{""부송동"": 1}",5.0,5,"{""공장 냄새(화학약품, 매캐함)"": 1}","공장 냄새(화학약품, 매캐함)"
익산시만,2024-10-01 04:00:00,1,1,"{""춘포면 쌍정리"": 1}",5.0,5,"{""가축 분뇨 냄새(닭, 돼지, 소)"": 1}","가축 분뇨 냄새(닭, 돼지, 소)"
익산시만,2024-10-01 06:00:00,1,1,"{""왕궁면 흥암리"": 1}",5.0,5,"{""가축 분뇨 냄새(닭, 돼지, 소)"": 1}","가축 분뇨 냄새(닭, 돼지, 소)"
익산시만,2024-10-01 08:00:00,1,1,"{""부송동"": 1}",4.0,4,"{""공장 냄새(화학약품, 매캐함)"": 1}","공장 냄새(화학약품, 매캐함)"
익산시만,2024-10-01 09:00:00,1,1,"{""부송동"": 1}",3.0,3,"{""하수구 냄새"": 1}",하수구 냄새
익산시만,2024-10-01 10:00:00,1,1,"{""왕궁면 흥암리"": 1}",3.0,3,"{""공장 냄새(화학약품, 매캐함)"": 1}","공장 냄새(화학약품, 매캐함)"
익산시만,2024-10-01 17:00:00,1,1,"{""왕궁면 흥암리"": 1}",4.0,4,"{""가축 분뇨 냄새(닭, 돼지, 소)"": 1}","가축 분뇨 냄새(닭, 돼지, 소)"
익산시만,2024-10-01 19:00:00,2,2,"{""왕궁면 흥암리"": 2}",4.0,5,"{""가축 분뇨 냄새(닭, 돼지, 소)"": 2}","가축 분뇨 냄새(닭, 돼지, 소)"
익산시만,2024-10-01 21:00:00,13,13,"{""왕궁면 흥암리"": 12, ""왕궁면 광암리"": 1}",4.769230769230769,5,"{""가축 분뇨 냄새(닭, 돼지, 소)"": 8, ""공장 냄새(화학약품, 매캐함)"": 2, ""하수구 냄새"": 2, ""기타"": 1}","가축 분뇨 냄새(닭, 돼지, 소)"
익산시만,2024-10-01 22:00:00,5,5,"{""왕궁면 흥암리"": 5}",4.6,5,"{""가축 분뇨 냄새(닭, 돼지, 소)"": 3, ""소각 냄새(태우는 냄새)"": 1, ""하수구 냄새"": 1}","가축 분뇨 냄새(닭, 돼지, 소)"
익산시만,2024-10-02 05:00:00,1,1,"{""춘포면 쌍정리"": 1}",4.0,4,"{""가축 분뇨 냄새(닭, 돼지, 소)"": 1}","가축 분뇨 냄새(닭, 돼지, 소)"
익산시만,2024-10-02 14:00:00,1,1,"{""용동면 용성리"": 1}",4.0,4,"{""가축 분뇨 냄새(닭, 돼지, 소)"": 1}","가축 분뇨 냄새(닭, 돼지, 소)"
익산시만,2024-10-03 08:00:00,3,3,"{""왕궁면 흥암리"": 3}",3.6666666666666665,4,"{""가축 분뇨 냄새(닭, 돼지, 소)"": 3}","가축 분뇨 냄새(닭, 돼지, 소)"
익산시만,2024-10-03 09:00:00,6,6,"{""왕궁면 흥암리"": 6}",4.5,5,"{""가축 분뇨 냄새(닭, 돼지, 소)"": 6}","가축 분뇨 냄새(닭, 돼지, 소)"
익산시만,2024-10-03 19:00:00,1,1,"{""왕궁면 흥암리"": 1}",5.0,5,"{""공장 냄새(화학약품, 매캐함)"": 1}","공장 냄새(화학약품, 매캐함)"
익산시만,2024-10-04 00:00:00,1,1,"{""춘포면 쌍정리"": 1}",5.0,5,"{""가축 분뇨 냄새(닭, 돼지, 소)"": 1}","가축 분뇨 냄새(닭, 돼지, 소)"
익산시만,2024-10-05 22:00:00,1,1,"{""인화동2가"": 1}",5.0,5,"{""가축 분뇨 냄새(닭, 돼지, 소)"": 1}","가축 분뇨 냄새(닭, 돼지, 소)"
익산시만,2024-10-06 00:00:00,1,1,"{""부송동"": 1}",2.0,2,"{""공장 냄새(화학약품, 매캐함)"": 1}","공장 냄새(화학약품, 매캐함)"
익산시만,2024-10-06 01:00:00,1,1,"{""왕궁면 흥암리"": 1}",3.0,3,"{""가축 분뇨 냄새(닭, 돼지, 소)"": 1}","가축 분뇨 냄새(닭, 돼지, 소)"
익산시만,2024-10-06 07:00:00,1,1,"{""왕궁면 흥암리"": 1}",4.0,4,"{""가축 분뇨 냄새(닭, 돼지, 소)"": 1}","가축 분뇨 냄새(닭, 돼지, 소)"
익산시만,2024-10-06 09:00:00,1,1,"{""왕궁면 흥암리"": 1}",3.0,3,"{""소각 냄새(태우는 냄새)"": 1}",소각 냄새(태우는 냄새)
익산시만,2024-10-06 21:00:00,1,1,"{""춘포면 쌍정리"": 1}",5.0,5,"{""가축 분뇨 냄새(닭, 돼지, 소)"": 1}","가축 분뇨 냄새(닭, 돼지, 소)"
익산시만,2024-10-07 00:00:00,1,1,"{""왕궁면 흥암리"": 1}",3.0,3,"{""가축 분뇨 냄새(닭, 돼지, 소)"": 1}","가축 분뇨 냄새(닭, 돼지, 소)"
익산시만,2024-10-07 22:00:00,1,1,"{""마동"": 1}",4.0,4,"{""가축 분뇨 냄새(닭, 돼지, 소)"": 1}","가축 분뇨 냄새(닭, 돼지, 소)"
익산시만,2024-10-08 17:00:00,1,1,"{""용동면 용성리"": 1}",5.0,5,"{""가축 분뇨 냄새(닭, 돼지, 소)"": 1}","가축 분뇨 냄새(닭, 돼지, 소)"
익산시만,2024-10-08 20:00:00,1,1,"{""영등동"": 1}",4.0,4,"{""가축 분뇨 냄새(닭, 돼지, 소)"": 1}","가축 분뇨 냄새(닭, 돼지, 소)"
익산시만,2024-10-09 00:00:00,1,1,"{""마동"": 1}",2.0,2,"{""공장 냄새(화학약품, 매캐함)"": 1}","공장 냄새(화학약품, 매캐함)"
익산시만,2024-10-09 04:00:00,1,1,"{""마동"": 1}",3.0,3,"{""공장 냄새(화학약품, 매캐함)"": 1}","공장 냄새(화학약품, 매캐함)"
익산시만,2024-10-09 17:00:00,1,1,"{""왕궁면 흥암리"": 1}",3.0,3,"{""소각 냄새(태우는 냄새)"": 1}",소각 냄새(태우는 냄새)
익산시만,2024-10-09 21:00:00,3,3,"{""어양동"": 2, ""왕궁면 흥암리"": 1}",3.6666666666666665,4,"{""공장 냄새(화학약품, 매캐함)"": 2, ""가축 분뇨 냄새(닭, 돼지, 소)"": 1}","공장 냄새(화학약품, 매캐함)"
익산시만,2024-10-09 22:00:00,2,2,"{""어양동"": 1, ""마동"": 1}",5.0,5,"{""공장 냄새(화학약품, 매캐함)"": 2}","공장 냄새(화학약품, 매캐함)"
익산시만,2024-10-09 23:00:00,1,1,"{""왕궁면 흥암리"": 1}",4.0,4,"{""기타"": 1}",기타
익산시만,2024-10-10 09:00:00,1,1,"{""마동"": 1}",3.0,3,"{""가축 분뇨 냄새(닭, 돼지, 소)"": 1}","가축 분뇨 냄새(닭, 돼지, 소)"
익산시만,2024-10-10 18:00:00,2,2,"{""왕궁면 흥암리"": 2}",3.5,4,"{""공장 냄새(화학약품, 매캐함)"": 2}","공장 냄새(화학약품, 매캐함)"
익산시만,2024-10-10 21:00:00,5,5,"{""왕궁면 흥암리"": 5}",4.2,5,"{""가축 분뇨 냄새(닭, 돼지, 소)"": 4, ""기타"": 1}","가축 분뇨 냄새(닭, 돼지, 소)"
익산시만,2024-10-11 06:00:00,1,1,"{""마동"": 1}",5.0,5,"{""가축 분뇨 냄새(닭, 돼지, 소)"": 1}","가축 분뇨 냄새(닭, 돼지, 소)"
익산시만,2024-10-11 10:00:00,1,1,"{""용동면 용성리"": 1}",4.0,4,"{""가축 분뇨 냄새(닭, 돼지, 소)"": 1}","가축 분뇨 냄새(닭, 돼지, 소)"
익산시만,2024-10-11 21:00:00,3,3,"{""왕궁면 흥암리"": 2, ""어양동"": 1}",4.333333333333333,5,"{""기타"": 2, ""공장 냄새(화학약품, 매캐함)"": 1}",기타
익산시만,2024-10-12 07:00:00,4,4,"{""왕궁면 흥암리"": 3, ""마동"": 1}",4.5,5,"{""가축 분뇨 냄새(닭, 돼지, 소)"": 3, ""공장 냄새(화학약품, 매캐함)"": 1}","가축 분뇨 냄새(닭, 돼지, 소)"
익산시만,2024-10-12 09:00:00,1,1,"{""왕궁면 흥암리"": 1}",3.0,3,"{""가축 분뇨 냄새(닭, 돼지, 소)"": 1}","가축 분뇨 냄새(닭, 돼지, 소)"
익산시만,2024-10-12 19:00:00,1,1,"{""왕궁면 흥암리"": 1}",5.0,5,"{""공장 냄새(화학약품, 매캐함)"": 1}","공장 냄새(화학약품, 매캐함)"
익산시만,2024-10-12 20:00:00,6,6,"{""왕궁면 흥암리"": 6}",4.833333333333333,5,"{""가축 분뇨 냄새(닭, 돼지, 소)"": 5, ""공장 냄새(화학약품, 매캐함)"": 1}","가축 분뇨 냄새(닭, 돼지, 소)"
익산시만,2024-10-12 21:00:00,1,1,"{""마동"": 1}",4.0,4,"{""가축 분뇨 냄새(닭, 돼지, 소)"": 1}","가축 분뇨 냄새(닭, 돼지, 소)"
익산시만,2024-10-12 22:00:00,1,1,"{""부송동"": 1}",3.0,3,"{""공장 냄새(화학약품, 매캐함)"": 1}","공장 냄새(화학약품, 매캐함)"
익산시만,2024-10-12 23:00:00,3,3,"{""왕궁면 흥암리"": 2, ""어양동"": 1}",4.666666666666667,5,"{""기타"": 1, ""가축 분뇨 냄새(닭, 돼지, 소)"": 1, ""공장 냄새(화학약품, 매캐함)"": 1}",기타
익산시만,2024-10-13 08:00:00,1,1,"{""왕궁면 흥암리"": 1}",5.0,5,"{""소각 냄새(태우는 냄새)"": 1}",소각 냄새(태우는 냄새)
익산시만,2024-10-13 18:00:00,3,3,"{""왕궁면 흥암리"": 3}",5.0,5,"{""기타"": 3}",기타
익산시만,2024-10-13 20:00:00,1,1,"{""오산면 신지리"": 1}",3.0,3,"{""가축 분뇨 냄새(닭, 돼지, 소)"": 1}","가축 분뇨 냄새(닭, 돼지, 소)"
익산시만,2024-10-13 21:00:00,1,1,"{""왕궁면 흥암리"": 1}",5.0,5,"{""가축 분뇨 냄새(닭, 돼지, 소)"": 1}","가축 분뇨 냄새(닭, 돼지, 소)"
익산시만,2024-10-13 22:00:00,1,1,"{""신동"": 1}",2.0,2,"{""소각 냄새(태우는 냄새)"": 1}",소각 냄새(태우는 냄새)
익산시만,2024-10-14 00:00:00,1,1,"{""마동"": 1}",2.0,2,"{""가축 분뇨 냄새(닭, 돼지, 소)"": 1}","가축 분뇨 냄새(닭, 돼지, 소)"
익산시만,2024-10-14 07:00:00,1,1,"{""왕궁면 흥암리"": 1}",5.0,5,"{""공장 냄새(화학약품, 매캐함)"": 1}","공장 냄새(화학약품, 매캐함)"
익산시만,2024-10-14 13:00:00,1,1,"{""왕궁면 쌍제리"": 1}",4.0,4,"{""가축 분뇨 냄새(닭, 돼지, 소)"": 1}","가축 분뇨 냄새(닭, 돼지, 소)"
익산시만,2024-10-14 17:00:00,1,1,"{""왕궁면 흥암리"": 1}",5.0,5,"{""가축 분뇨 냄새(닭, 돼지, 소)"": 1}","가축 분뇨 냄새(닭, 돼지, 소)"
익산시만,2024-10-14 19:00:00,1,1,"{""왕궁면 흥암리"": 1}",3.0,3,"{""가축 분뇨 냄새(닭, 돼지, 소)"": 1}","가축 분뇨 냄새(닭, 돼지, 소)"
익산시만,2024-10-14 21:00:00,1,1,"{""왕궁면 흥암리"": 1}",5.0,5,"{""가축 분뇨 냄새(닭, 돼지, 소)"": 1}","가축 분뇨 냄새(닭, 돼지, 소)"
익산시만,2024-10-14 22:00:00,5,5,"{""왕궁면 흥암리"": 5}",4.6,5,"{""가축 분뇨 냄새(닭, 돼지, 소)"": 4, ""공장 냄새(화학약품, 매캐함)"": 1}","가축 분뇨 냄새(닭, 돼지, 소)"
익산시만,2024-10-15 11:00:00,1,1,"{""마동"": 1}",2.0,2,"{""가축 분뇨 냄새(닭, 돼지, 소)"": 1}","가축 분뇨 냄새(닭, 돼지, 소)"
익산시만,2024-10-16 12:00:00,1,1,"{""왕궁면 쌍제리"": 1}",4.0,4,"{""가축 분뇨 냄새(닭, 돼지, 소)"": 1}","가축 분뇨 냄새(닭, 돼지, 소)"
익산시만,2024-10-16 19:00:00,1,1,"{""왕궁면 흥암리"": 1}",4.0,4,"{""가축 분뇨 냄새(닭, 돼지, 소)"": 1}","가축 분뇨 냄새(닭, 돼지, 소)"
익산시만,2024-10-16 22:00:00,1,1,"{""어양동"": 1}",3.0,3,"{""공장 냄새(화학약품, 매캐함)"": 1}","공장 냄새(화학약품, 매캐함)"
익산시만,2024-10-17 00:00:00,1,1,"{""마동"": 1}",3.0,3,"{""가축 분뇨 냄새(닭, 돼지, 소)"": 1}","가축 분뇨 냄새(닭, 돼지, 소)"
익산시만,2024-10-17 17:00:00,1,1,"{""낭산면 용기리"": 1}",4.0,4,"{""가축 분뇨 냄새(닭, 돼지, 소)"": 1}","가축 분뇨 냄새(닭, 돼지, 소)"
익산시만,2024-10-17 18:00:00,3,3,"{""왕궁면 흥암리"": 3}",4.666666666666667,5,"{""가축 분뇨 냄새(닭, 돼지, 소)"": 2, ""공장 냄새(화학약품, 매캐함)"": 1}","가축 분뇨 냄새(닭, 돼지, 소)"
익산시만,2024-10-17 19:00:00,1,1,"{""마동"": 1}",3.0,3,"{""가축 분뇨 냄새(닭, 돼지, 소)"": 1}","가축 분뇨 냄새(닭, 돼지, 소)"
익산시만,2024-10-17 21:00:00,1,1,"{""왕궁면 흥암리"": 1}",5.0,5,"{""가축 분뇨 냄새(닭, 돼지, 소)"": 1}","가축 분뇨 냄새(닭, 돼지, 소)"
익산시만,2024-10-18 00:00:00,1,1,"{""마동"": 1}",5.0,5,"{""공장 냄새(화학약품, 매캐함)"": 1}","공장 냄새(화학약품, 매캐함)"
익산시만,2024-10-18 16:00:00,1,1,"{""오산면 신지리"": 1}",3.0,3,"{""가축 분뇨 냄새(닭, 돼지, 소)"": 1}","가축 분뇨 냄새(닭, 돼지, 소)"
익산시만,2024-10-18 21:00:00,3,3,"{""왕궁면 흥암리"": 3}",4.333333333333333,5,"{""가축 분뇨 냄새(닭, 돼지, 소)"": 3}","가축 분뇨 냄새(닭, 돼지, 소)"
익산시만,2024-10-18 23:00:00,3,3,"{""왕궁면 흥암리"": 3}",5.0,5,"{""가축 분뇨 냄새(닭, 돼지, 소)"": 3}","가축 분뇨 냄새(닭, 돼지, 소)"
익산시만,2024-10-19 09:00:00,1,1,"{""용안면 송산리"": 1}",4.0,4,"{""가축 분뇨 냄새(닭, 돼지, 소)"": 1}","가축 분뇨 냄새(닭, 돼지, 소)"
익산시만,2024-10-20 16:00:00,1,1,"{""오산면 신지리"": 1}",5.0,5,"{""가축 분뇨 냄새(닭, 돼지, 소)"": 1}","가축 분뇨 냄새(닭, 돼지, 소)"
익산시만,2024-10-20 19:00:00,1,1,"{""마동"": 1}",5.0,5,"{""공장 냄새(화학약품, 매캐함)"": 1}","공장 냄새(화학약품, 매캐함)"
익산시만,2024-10-20 23:00:00,1,1,"{""마동"": 1}",4.0,4,"{""가축 분뇨 냄새(닭, 돼지, 소)"": 1}","가축 분뇨 냄새(닭, 돼지, 소)"
익산시만,2024-10-21 17:00:00,1,1,"{""부송동"": 1}",3.0,3,"{""가축 분뇨 냄새(닭, 돼지, 소)"": 1}","가축 분뇨 냄새(닭, 돼지, 소)"
익산시만,2024-10-21 18:00:00,1,1,"{""어양동"": 1}",5.0,5,"{""소각 냄새(태우는 냄새)"": 1}",소각 냄새(태우는 냄새)
익산시만,2024-10-21 23:00:00,1,1,"{""마동"": 1}",5.0,5,"{""공장 냄새(화학약품, 매캐함)"": 1}","공장 냄새(화학약품, 매캐함)"
익산시만,2024-10-22 00:00:00,2,2,"{""마동"": 1, ""부송동"": 1}",4.0,5,"{""공장 냄새(화학약품, 매캐함)"": 2}","공장 냄새(화학약품, 매캐함)"
익산시만,2024-10-22 17:00:00,1,1,"{""왕궁면 흥암리"": 1}",3.0,3,"{""공장 냄새(화학약품, 매캐함)"": 1}","공장 냄새(화학약품, 매캐함)"
익산시만,2024-10-23 10:00:00,1,1,"{""함열읍 다송리"": 1}",4.0,4,"{""소각 냄새(태우는 냄새)"": 1}",소각 냄새(태우는 냄새)
익산시만,2024-10-23 22:00:00,1,1,"{""마동"": 1}",2.0,2,"{""가축 분뇨 냄새(닭, 돼지, 소)"": 1}","가축 분뇨 냄새(닭, 돼지, 소)"
익산시만,2024-10-24 07:00:00,1,1,"{""마동"": 1}",4.0,4,"{""가축 분뇨 냄새(닭, 돼지, 소)"": 1}","가축 분뇨 냄새(닭, 돼지, 소)"
익산시만,2024-10-24 08:00:00,1,1,"{""왕궁면 흥암리"": 1}",4.0,4,"{""가축 분뇨 냄새(닭, 돼지, 소)"": 1}","가축 분뇨 냄새(닭, 돼지, 소)"
익산시만,2024-10-24 09:00:00,1,1,"{""오산면 신지리"": 1}",3.0,3,"{""기타"": 1}",기타
익산시만,2024-10-25 07:00:00,1,1,"{""왕궁면 흥암리"": 1}",3.0,3,"{""가축 분뇨 냄새(닭, 돼지, 소)"": 1}","가축 분뇨 냄새(닭, 돼지, 소)"
익산시만,2024-10-25 15:00:00,1,1,"{""오산면 신지리"": 1}",3.0,3,"{""가축 분뇨 냄새(닭, 돼지, 소)"": 1}","가축 분뇨 냄새(닭, 돼지, 소)"
익산시만,2024-10-25 19:00:00,3,3,"{""왕궁면 흥암리"": 3}",4.0,5,"{""가축 분뇨 냄새(닭, 돼지, 소)"": 3}","가축 분뇨 냄새(닭, 돼지, 소)"
익산시만,2024-10-25 20:00:00,1,1,"{""마동"": 1}",5.0,5,"{""가축 분뇨 냄새(닭, 돼지, 소)"": 1}","가축 분뇨 냄새(닭, 돼지, 소)"
익산시만,2024-10-26 17:00:00,2,2,"{""삼기면 오룡리"": 1, ""왕궁면 흥암리"": 1}",4.0,4,"{""가축 분뇨 냄새(닭, 돼지, 소)"": 1, ""공장 냄새(화학약품, 매캐함)"": 1}","가축 분뇨 냄새(닭, 돼지, 소)"
익산시만,2024-10-26 22:00:00,2,2,"{""부송동"": 1, ""왕궁면 흥암리"": 1}",4.0,5,"{""가축 분뇨 냄새(닭, 돼지, 소)"": 1, ""기타"": 1}","가축 분뇨 냄새(닭, 돼지, 소)"
익산시만,2024-10-26 23:00:00,2,2,"{""왕궁면 흥암리"": 2}",5.0,5,"{""가축 분뇨 냄새(닭, 돼지, 소)"": 2}","가축 분뇨 냄새(닭, 돼지, 소)"
익산시만,2024-10-27 00:00:00,1,1,"{""부송동"": 1}",5.0,5,"{""공장 냄새(화학약품, 매캐함)"": 1}","공장 냄새(화학약품, 매캐함)"
익산시만,2024-10-27 09:00:00,1,1,"{""마동"": 1}",4.0,4,"{""가축 분뇨 냄새(닭, 돼지, 소)"": 1}","가축 분뇨 냄새(닭, 돼지, 소)"
익산시만,2024-10-27 16:00:00,1,1,"{""춘포면 신동리"": 1}",5.0,5,"{""가축 분뇨 냄새(닭, 돼지, 소)"": 1}","가축 분뇨 냄새(닭, 돼지, 소)"
익산시만,2024-10-27 17:00:00,5,5,"{""왕궁면 흥암리"": 5}",4.4,5,"{""가축 분뇨 냄새(닭, 돼지, 소)"": 5}","가축 분뇨 냄새(닭, 돼지, 소)"
익산시만,2024-10-27 18:00:00,1,1,"{""왕궁면 흥암리"": 1}",3.0,3,"{""가축 분뇨 냄새(닭, 돼지, 소)"": 1}","가축 분뇨 냄새(닭, 돼지, 소)"
익산시만,2024-10-27 20:00:00,1,1,"{""용동면 용성리"": 1}",4.0,4,"{""가축 분뇨 냄새(닭, 돼지, 소)"": 1}","가축 분뇨 냄새(닭, 돼지, 소)"
익산시만,2024-10-28 01:00:00,1,1,"{""왕궁면 흥암리"": 1}",4.0,4,"{""가축 분뇨 냄새(닭, 돼지, 소)"": 1}","가축 분뇨 냄새(닭, 돼지, 소)"
익산시만,2024-10-28 18:00:00,2,2,"{""왕궁면 흥암리"": 2}",4.0,5,"{""가축 분뇨 냄새(닭, 돼지, 소)"": 2}","가축 분뇨 냄새(닭, 돼지, 소)"
익산시만,2024-10-28 19:00:00,1,1,"{""왕궁면 흥암리"": 1}",4.0,4,"{""가축 분뇨 냄새(닭, 돼지, 소)"": 1}","가축 분뇨 냄새(닭, 돼지, 소)"
익산시만,2024-10-28 22:00:00,1,1,"{""마동"": 1}",4.0,4,"{""공장 냄새(화학약품, 매캐함)"": 1}","공장 냄새(화학약품, 매캐함)"
익산시만,2024-10-29 15:00:00,1,1,"{""부송동"": 1}",4.0,4,"{""공장 냄새(화학약품, 매캐함)"": 1}","공장 냄새(화학약품, 매캐함)"
익산시만,2024-10-29 23:00:00,1,1,"{""마동"": 1}",5.0,5,"{""공장 냄새(화학약품, 매캐함)"": 1}","공장 냄새(화학약품, 매캐함)"
익산시만,2024-10-30 16:00:00,1,1,"{""부송동"": 1}",3.0,3,"{""공장 냄새(화학약품, 매캐함)"": 1}","공장 냄새(화학약품, 매캐함)"
익산시만,2024-10-30 18:00:00,1,1,"{""부송동"": 1}",3.0,3,"{""기타"": 1}",기타
익산시만,2024-10-30 23:00:00,1,1,"{""마동"": 1}",4.0,4,"{""공장 냄새(화학약품, 매캐함)"": 1}","공장 냄새(화학약품, 매캐함)"
익산시만,2024-10-31 07:00:00,2,2,"{""왕궁면 흥암리"": 2}",5.0,5,"{""가축 분뇨 냄새(닭, 돼지, 소)"": 2}","가축 분뇨 냄새(닭, 돼지, 소)"
익산시만,2024-10-31 10:00:00,2,2,"{""어양동"": 1, ""왕궁면 광암리"": 1}",3.0,3,"{""공장 냄새(화학약품, 매캐함)"": 2}","공장 냄새(화학약품, 매캐함)"
익산시만,2024-10-31 12:00:00,1,1,"{""부송동"": 1}",2.0,2,"{""공장 냄새(화학약품, 매캐함)"": 1}","공장 냄새(화학약품, 매캐함)"
익산시만,2024-10-31 16:00:00,1,1,"{""용동면 용성리"": 1}",3.0,3,"{""가축 분뇨 냄새(닭, 돼지, 소)"": 1}","가축 분뇨 냄새(닭, 돼지, 소)"
익산시만,2024-10-31 17:00:00,1,1,"{""왕궁면 광암리"": 1}",4.0,4,"{""하수구 냄새"": 1}",하수구 냄새
익산시만,2024-10-31 18:00:00,1,1,"{""오산면 신지리"": 1}",5.0,5,"{""가축 분뇨 냄새(닭, 돼지, 소)"": 1}","가축 분뇨 냄새(닭, 돼지, 소)"
익산시만,2024-10-31 19:00:00,1,1,"{""왕궁면 흥암리"": 1}",5.0,5,"{""가축 분뇨 냄새(닭, 돼지, 소)"": 1}","가축 분뇨 냄새(닭, 돼지, 소)"
익산시만,2024-10-31 23:00:00,1,1,"{""어양동"": 1}",5.0,5,"{""소각 냄새(태우는 냄새)"": 1}",소각 냄새(태우는 냄새)
익산시만,2024-11-02 09:00:00,1,1,"{""오산면 신지리"": 1}",4.0,4,"{""가축 분뇨 냄새(닭, 돼지, 소)"": 1}","가축 분뇨 냄새(닭, 돼지, 소)"
익산시만,2024-11-02 20:00:00,1,1,"{""영등동"": 1}",5.0,5,"{""기타"": 1}",기타
익산시만,2024-11-02 21:00:00,1,1,"{""오산면 신지리"": 1}",3.0,3,"{""가축 분뇨 냄새(닭, 돼지, 소)"": 1}","가축 분뇨 냄새(닭, 돼지, 소)"
익산시만,2024-11-03 16:00:00,1,1,"{""왕궁면 흥암리"": 1}",4.0,4,"{""가축 분뇨 냄새(닭, 돼지, 소)"": 1}","가축 분뇨 냄새(닭, 돼지, 소)"
익산시만,2024-11-04 23:00:00,1,1,"{""왕궁면 흥암리"": 1}",5.0,5,"{""공장 냄새(화학약품, 매캐함)"": 1}","공장 냄새(화학약품, 매캐함)"
익산시만,2024-11-05 16:00:00,1,1,"{""용동면 용성리"": 1}",5.0,5,"{""가축 분뇨 냄새(닭, 돼지, 소)"": 1}","가축 분뇨 냄새(닭, 돼지, 소)"
익산시만,2024-11-05 18:00:00,3,3,"{""왕궁면 흥암리"": 3}",4.0,4,"{""하수구 냄새"": 3}",하수구 냄새
익산시만,2024-11-06 08:00:00,1,1,"{""신흥동"": 1}",3.0,3,"{""기타"": 1}",기타
익산시만,2024-11-07 09:00:00,1,1,"{""어양동"": 1}",3.0,3,"{""공장 냄새(화학약품, 매캐함)"": 1}","공장 냄새(화학약품, 매캐함)"
익산시만,2024-11-07 19:00:00,1,1,"{""부송동"": 1}",4.0,4,"{""공장 냄새(화학약품, 매캐함)"": 1}","공장 냄새(화학약품, 매캐함)"
익산시만,2024-11-07 20:00:00,1,1,"{""왕궁면 흥암리"": 1}",4.0,4,"{""가축 분뇨 냄새(닭, 돼지, 소)"": 1}","가축 분뇨 냄새(닭, 돼지, 소)"
익산시만,2024-11-07 21:00:00,1,1,"{""인화동2가"": 1}",4.0,4,"{""가축 분뇨 냄새(닭, 돼지, 소)"": 1}","가축 분뇨 냄새(닭, 돼지, 소)"
익산시만,2024-11-08 08:00:00,1,1,"{""신흥동"": 1}",4.0,4,"{""가축 분뇨 냄새(닭, 돼지, 소)"": 1}","가축 분뇨 냄새(닭, 돼지, 소)"
익산시만,2024-11-08 21:00:00,2,2,"{""신흥동"": 1, ""부송동"": 1}",5.0,5,"{""가축 분뇨 냄새(닭, 돼지, 소)"": 2}","가축 분뇨 냄새(닭, 돼지, 소)"
익산시만,2024-11-09 20:00:00,1,1,"{""왕궁면 흥암리"": 1}",3.0,3,"{""가축 분뇨 냄새(닭, 돼지, 소)"": 1}","가축 분뇨 냄새(닭, 돼지, 소)"
익산시만,2024-11-10 01:00:00,1,1,"{""어양동"": 1}",3.0,3,"{""하수구 냄새"": 1}",하수구 냄새
익산시만,2024-11-10 07:00:00,1,1,"{""오산면 신지리"": 1}",2.0,2,"{""가축 분뇨 냄새(닭, 돼지, 소)"": 1}","가축 분뇨 냄새(닭, 돼지, 소)"
익산시만,2024-11-10 19:00:00,1,1,"{""왕궁면 흥암리"": 1}",4.0,4,"{""가축 분뇨 냄새(닭, 돼지, 소)"": 1}","가축 분뇨 냄새(닭, 돼지, 소)"
익산시만,2024-11-11 08:00:00,2,2,"{""신흥동"": 1, ""오산면 신지리"": 1}",4.0,4,"{""가축 분뇨 냄새(닭, 돼지, 소)"": 2}","가축 분뇨 냄새(닭, 돼지, 소)"
익산시만,2024-11-11 18:00:00,2,2,"{""왕궁면 흥암리"": 2}",3.0,3,"{""소각 냄새(태우는 냄새)"": 2}",소각 냄새(태우는 냄새)
익산시만,2024-11-11 19:00:00,2,2,"{""마동"": 1, ""왕궁면 흥암리"": 1}",3.5,4,"{""소각 냄새(태우는 냄새)"": 2}",소각 냄새(태우는 냄새)
익산시만,2024-11-12 06:00:00,2,2,"{""마동"": 1, ""왕궁면 흥암리"": 1}",3.5,4,"{""공장 냄새(화학약품, 매캐함)"": 1, ""가축 분뇨 냄새(닭, 돼지, 소)"": 1}","공장 냄새(화학약품, 매캐함)"
익산시만,2024-11-12 07:00:00,1,1,"{""부송동"": 1}",3.0,3,"{""공장 냄새(화학약품, 매캐함)"": 1}","공장 냄새(화학약품, 매캐함)"
익산시만,2024-11-12 08:00:00,1,1,"{""왕궁면 흥암리"": 1}",3.0,3,"{""소각 냄새(태우는 냄새)"": 1}",소각 냄새(태우는 냄새)
익산시만,2024-11-12 09:00:00,1,1,"{""오산면 영만리"": 1}",5.0,5,"{""가축 분뇨 냄새(닭, 돼지, 소)"": 1}","가축 분뇨 냄새(닭, 돼지, 소)"
익산시만,2024-11-12 19:00:00,1,1,"{""왕궁면 흥암리"": 1}",3.0,3,"{""소각 냄새(태우는 냄새)"": 1}",소각 냄새(태우는 냄새)
익산시만,2024-11-12 20:00:00,8,8,"{""왕궁면 흥암리"": 8}",3.75,5,"{""소각 냄새(태우는 냄새)"": 8}",소각 냄새(태우는 냄새)
익산시만,2024-11-13 07:00:00,1,1,"{""왕궁면 흥암리"": 1}",5.0,5,"{""가축 분뇨 냄새(닭, 돼지, 소)"": 1}","가축 분뇨 냄새(닭, 돼지, 소)"
익산시만,2024-11-14 07:00:00,1,1,"{""오산면 신지리"": 1}",3.0,3,"{""가축 분뇨 냄새(닭, 돼지, 소)"": 1}","가축 분뇨 냄새(닭, 돼지, 소)"
익산시만,2024-11-14 14:00:00,1,1,"{""왕궁면 쌍제리"": 1}",4.0,4,"{""가축 분뇨 냄새(닭, 돼지, 소)"": 1}","가축 분뇨 냄새(닭, 돼지, 소)"
익산시만,2024-11-15 08:00:00,1,1,"{""왕궁면 광암리"": 1}",3.0,3,"{""소각 냄새(태우는 냄새)"": 1}",소각 냄새(태우는 냄새)
익산시만,2024-11-15 14:00:00,1,1,"{""왕궁면 쌍제리"": 1}",4.0,4,"{""가축 분뇨 냄새(닭, 돼지, 소)"": 1}","가축 분뇨 냄새(닭, 돼지, 소)"
익산시만,2024-11-16 07:00:00,1,1,"{""오산면 신지리"": 1}",5.0,5,"{""가축 분뇨 냄새(닭, 돼지, 소)"": 1}","가축 분뇨 냄새(닭, 돼지, 소)"
익산시만,2024-11-19 19:00:00,1,1,"{""왕궁면 흥암리"": 1}",4.0,4,"{""소각 냄새(태우는 냄새)"": 1}",소각 냄새(태우는 냄새)
익산시만,2024-11-20 07:00:00,1,1,"{""마동"": 1}",5.0,5,"{""공장 냄새(화학약품, 매캐함)"": 1}","공장 냄새(화학약품, 매캐함)"
익산시만,2024-11-20 21:00:00,1,1,"{""부송동"": 1}",2.0,2,"{""공장 냄새(화학약품, 매캐함)"": 1}","공장 냄새(화학약품, 매캐함)"
익산시만,2024-11-21 08:00:00,3,3,"{""왕궁면 흥암리"": 1, ""신흥동"": 1, ""오산면 신지리"": 1}",3.3333333333333335,4,"{""가축 분뇨 냄새(닭, 돼지, 소)"": 3}","가축 분뇨 냄새(닭, 돼지, 소)"
익산시만,2024-11-22 08:00:00,1,1,"{""신흥동"": 1}",4.0,4,"{""가축 분뇨 냄새(닭, 돼지, 소)"": 1}","가축 분뇨 냄새(닭, 돼지, 소)"
익산시만,2024-11-23 10:00:00,1,1,"{""왕궁면 흥암리"": 1}",4.0,4,"{""공장 냄새(화학약품, 매캐함)"": 1}","공장 냄새(화학약품, 매캐함)"
익산시만,2024-11-23 18:00:00,1,1,"{""춘포면 신동리"": 1}",4.0,4,"{""가축 분뇨 냄새(닭, 돼지, 소)"": 1}","가축 분뇨 냄새(닭, 돼지, 소)"
익산시만,2024-11-24 14:00:00,1,1,"{""춘포면 신동리"": 1}",3.0,3,"{""가축 분뇨 냄새(닭, 돼지, 소)"": 1}","가축 분뇨 냄새(닭, 돼지, 소)"
익산시만,2024-11-25 09:00:00,1,1,"{""왕궁면 흥암리"": 1}",3.0,3,"{""소각 냄새(태우는 냄새)"": 1}",소각 냄새(태우는 냄새)
익산시만,2024-11-25 15:00:00,1,1,"{""왕궁면 흥암리"": 1}",3.0,3,"{""소각 냄새(태우는 냄새)"": 1}",소각 냄새(태우는 냄새)
익산시만,2024-11-28 22:00:00,1,1,"{""왕궁면 흥암리"": 1}",5.0,5,"{""가축 분뇨 냄새(닭, 돼지, 소)"": 1}","가축 분뇨 냄새(닭, 돼지, 소)"
익산시만,2024-11-30 20:00:00,2,2,"{""마동"": 1, ""어양동"": 1}",3.0,3,"{""가축 분뇨 냄새(닭, 돼지, 소)"": 2}","가축 분뇨 냄새(닭, 돼지, 소)"
익산시만,2024-11-30 21:00:00,1,1,"{""오산면 신지리"": 1}",3.0,3,"{""가축 분뇨 냄새(닭, 돼지, 소)"": 1}","가축 분뇨 냄새(닭, 돼지, 소)"
익산시만,2024-12-03 08:00:00,1,1,"{""오산면 신지리"": 1}",2.0,2,"{""가축 분뇨 냄새(닭, 돼지, 소)"": 1}","가축 분뇨 냄새(닭, 돼지, 소)"
익산시만,2024-12-04 21:00:00,1,1,"{""신흥동"": 1}",4.0,4,"{""가축 분뇨 냄새(닭, 돼지, 소)"": 1}","가축 분뇨 냄새(닭, 돼지, 소)"
익산시만,2024-12-04 22:00:00,1,1,"{""부송동"": 1}",4.0,4,"{""가축 분뇨 냄새(닭, 돼지, 소)"": 1}","가축 분뇨 냄새(닭, 돼지, 소)"
익산시만,2024-12-09 09:00:00,1,1,"{""왕궁면 흥암리"": 1}",5.0,5,"{""소각 냄새(태우는 냄새)"": 1}",소각 냄새(태우는 냄새)
익산시만,2024-12-09 22:00:00,2,2,"{""왕궁면 흥암리"": 2}",3.5,4,"{""공장 냄새(화학약품, 매캐함)"": 2}","공장 냄새(화학약품, 매캐함)"
익산시만,2024-12-10 22:00:00,1,1,"{""왕궁면 온수리"": 1}",3.0,3,"{""가축 분뇨 냄새(닭, 돼지, 소)"": 1}","가축 분뇨 냄새(닭, 돼지, 소)"
익산시만,2024-12-13 08:00:00,1,1,"{""왕궁면 흥암리"": 1}",3.0,3,"{""가축 분뇨 냄새(닭, 돼지, 소)"": 1}","가축 분뇨 냄새(닭, 돼지, 소)"
익산시만,2024-12-13 21:00:00,2,2,"{""부송동"": 1, ""마동"": 1}",3.0,3,"{""가축 분뇨 냄새(닭, 돼지, 소)"": 2}","가축 분뇨 냄새(닭, 돼지, 소)"
익산시만,2024-12-18 21:00:00,1,1,"{""동산동"": 1}",4.0,4,"{""소각 냄새(태우는 냄새)"": 1}",소각 냄새(태우는 냄새)
익산시만,2024-12-20 16:00:00,1,1,"{""부송동"": 1}",5.0,5,"{""기타"": 1}",기타
익산시만,2024-12-22 09:00:00,1,1,"{""왕궁면 흥암리"": 1}",4.0,4,"{""가축 분뇨 냄새(닭, 돼지, 소)"": 1}","가축 분뇨 냄새(닭, 돼지, 소)"
익산시만,2024-12-24 22:00:00,1,1,"{""왕궁면 흥암리"": 1}",5.0,5,"{""가축 분뇨 냄새(닭, 돼지, 소)"": 1}","가축 분뇨 냄새(닭, 돼지, 소)"
익산시만,2024-12-25 09:00:00,1,1,"{""부송동"": 1}",2.0,2,"{""소각 냄새(태우는 냄새)"": 1}",소각 냄새(태우는 냄새)
익산시만,2024-12-25 19:00:00,4,4,"{""부송동"": 3, ""금강동"": 1}",4.25,5,"{""가축 분뇨 냄새(닭, 돼지, 소)"": 3, ""음식조리 냄새"": 1}","가축 분뇨 냄새(닭, 돼지, 소)"
익산시만,2024-12-25 20:00:00,1,1,"{""신흥동"": 1}",5.0,5,"{""가축 분뇨 냄새(닭, 돼지, 소)"": 1}","가축 분뇨 냄새(닭, 돼지, 소)"
익산시만,2024-12-26 07:00:00,1,1,"{""신흥동"": 1}",4.0,4,"{""기타"": 1}",기타
익산시만,2024-12-26 18:00:00,1,1,"{""왕궁면 흥암리"": 1}",4.0,4,"{""가축 분뇨 냄새(닭, 돼지, 소)"": 1}","가축 분뇨 냄새(닭, 돼지, 소)"
익산시만,2024-12-28 18:00:00,1,1,"{""왕궁면 흥암리"": 1}",3.0,3,"{""가축 분뇨 냄새(닭, 돼지, 소)"": 1}","가축 분뇨 냄새(닭, 돼지, 소)"
익산시만,2024-12-28 19:00:00,1,1,"{""춘포면 신동리"": 1}",3.0,3,"{""가축 분뇨 냄새(닭, 돼지, 소)"": 1}","가축 분뇨 냄새(닭, 돼지, 소)"
익산시만,2024-12-29 17:00:00,1,1,"{""춘포면 신동리"": 1}",3.0,3,"{""가축 분뇨 냄새(닭, 돼지, 소)"": 1}","가축 분뇨 냄새(닭, 돼지, 소)"
익산시만,2024-12-29 19:00:00,2,2,"{""인화동1가"": 2}",4.5,5,"{""기타"": 2}",기타
익산시만,2025-01-01 09:00:00,1,1,"{""오산면 신지리"": 1}",2.0,2,"{""가축 분뇨 냄새(닭, 돼지, 소)"": 1}","가축 분뇨 냄새(닭, 돼지, 소)"
익산시만,2025-01-01 18:00:00,2,1,"{""황등면 황등리"": 2}",5.0,5,"{""가축 분뇨 냄새(닭, 돼지, 소)"": 2}","가축 분뇨 냄새(닭, 돼지, 소)"
익산시만,2025-01-01 20:00:00,1,1,"{""마동"": 1}",4.0,4,"{""공장 냄새(화학약품, 매캐함)"": 1}","공장 냄새(화학약품, 매캐함)"
익산시만,2025-01-02 08:00:00,1,1,"{""신흥동"": 1}",4.0,4,"{""가축 분뇨 냄새(닭, 돼지, 소)"": 1}","가축 분뇨 냄새(닭, 돼지, 소)"
익산시만,2025-01-04 19:00:00,1,1,"{""부송동"": 1}",2.0,2,"{""소각 냄새(태우는 냄새)"": 1}",소각 냄새(태우는 냄새)
익산시만,2025-01-06 09:00:00,1,1,"{""황등면 황등리"": 1}",5.0,5,"{""가축 분뇨 냄새(닭, 돼지, 소)"": 1}","가축 분뇨 냄새(닭, 돼지, 소)"
익산시만,2025-01-07 09:00:00,1,1,"{""오산면 신지리"": 1}",4.0,4,"{""가축 분뇨 냄새(닭, 돼지, 소)"": 1}","가축 분뇨 냄새(닭, 돼지, 소)"
익산시만,2025-01-08 00:00:00,1,1,"{""인화동2가"": 1}",4.0,4,"{""가축 분뇨 냄새(닭, 돼지, 소)"": 1}","가축 분뇨 냄새(닭, 돼지, 소)"
익산시만,2025-01-12 18:00:00,1,1,"{""황등면 황등리"": 1}",5.0,5,"{""가축 분뇨 냄새(닭, 돼지, 소)"": 1}","가축 분뇨 냄새(닭, 돼지, 소)"
익산시만,2025-01-13 19:00:00,1,1,"{""영등동"": 1}",5.0,5,"{""가축 분뇨 냄새(닭, 돼지, 소)"": 1}","가축 분뇨 냄새(닭, 돼지, 소)"
익산시만,2025-01-13 22:00:00,1,1,"{""마동"": 1}",4.0,4,"{""가축 분뇨 냄새(닭, 돼지, 소)"": 1}","가축 분뇨 냄새(닭, 돼지, 소)"
익산시만,2025-01-14 08:00:00,1,1,"{""영등동"": 1}",4.0,4,"{""가축 분뇨 냄새(닭, 돼지, 소)"": 1}","가축 분뇨 냄새(닭, 돼지, 소)"
익산시만,2025-01-16 21:00:00,1,1,"{""오산면 신지리"": 1}",5.0,5,"{""가축 분뇨 냄새(닭, 돼지, 소)"": 1}","가축 분뇨 냄새(닭, 돼지, 소)"
익산시만,2025-01-18 22:00:00,1,1,"{""인화동2가"": 1}",5.0,5,"{""가축 분뇨 냄새(닭, 돼지, 소)"": 1}","가축 분뇨 냄새(닭, 돼지, 소)"
익산시만,2025-01-19 17:00:00,1,1,"{""황등면 황등리"": 1}",5.0,5,"{""가축 분뇨 냄새(닭, 돼지, 소)"": 1}","가축 분뇨 냄새(닭, 돼지, 소)"
익산시만,2025-01-19 21:00:00,2,2,"{""동산동"": 1, ""오산면 신지리"": 1}",4.0,5,"{""가축 분뇨 냄새(닭, 돼지, 소)"": 2}","가축 분뇨 냄새(닭, 돼지, 소)"
익산시만,2025-01-20 21:00:00,1,1,"{""왕궁면 흥암리"": 1}",5.0,5,"{""기타"": 1}",기타
익산시만,2025-01-22 21:00:00,1,1,"{""황등면 황등리"": 1}",5.0,5,"{""가축 분뇨 냄새(닭, 돼지, 소)"": 1}","가축 분뇨 냄새(닭, 돼지, 소)"
익산시만,2025-01-24 08:00:00,1,1,"{""왕궁면 흥암리"": 1}",3.0,3,"{""가축 분뇨 냄새(닭, 돼지, 소)"": 1}","가축 분뇨 냄새(닭, 돼지, 소)"
익산시만,2025-01-25 16:00:00,1,1,"{""오산면 신지리"": 1}",4.0,4,"{""가축 분뇨 냄새(닭, 돼지, 소)"": 1}","가축 분뇨 냄새(닭, 돼지, 소)"
익산시만,2025-01-29 23:00:00,1,1,"{""황등면 황등리"": 1}",5.0,5,"{""가축 분뇨 냄새(닭, 돼지, 소)"": 1}","가축 분뇨 냄새(닭, 돼지, 소)"
익산시만,2025-01-30 16:00:00,1,1,"{""오산면 신지리"": 1}",3.0,3,"{""가축 분뇨 냄새(닭, 돼지, 소)"": 1}","가축 분뇨 냄새(닭, 돼지, 소)"
익산시만,2025-01-31 22:00:00,1,1,"{""어양동"": 1}",4.0,4,"{""소각 냄새(태우는 냄새)"": 1}",소각 냄새(태우는 냄새)
익산시만,2025-02-07 09:00:00,1,1,"{""왕궁면 쌍제리"": 1}",4.0,4,"{""가축 분뇨 냄새(닭, 돼지, 소)"": 1}","가축 분뇨 냄새(닭, 돼지, 소)"
익산시만,2025-02-09 23:00:00,1,1,"{""황등면 황등리"": 1}",5.0,5,"{""가축 분뇨 냄새(닭, 돼지, 소)"": 1}","가축 분뇨 냄새(닭, 돼지, 소)"
익산시만,2025-02-11 15:00:00,1,1,"{""왕궁면 쌍제리"": 1}",4.0,4,"{""가축 분뇨 냄새(닭, 돼지, 소)"": 1}","가축 분뇨 냄새(닭, 돼지, 소)"
익산시만,2025-02-11 18:00:00,1,1,"{""어양동"": 1}",3.0,3,"{""공장 냄새(화학약품, 매캐함)"": 1}","공장 냄새(화학약품, 매캐함)"
익산시만,2025-02-13 19:00:00,1,1,"{""황등면 황등리"": 1}",5.0,5,"{""가축 분뇨 냄새(닭, 돼지, 소)"": 1}","가축 분뇨 냄새(닭, 돼지, 소)"
익산시만,2025-02-13 20:00:00,2,2,"{""황등면 황등리"": 1, ""왕궁면 흥암리"": 1}",4.5,5,"{""가축 분뇨 냄새(닭, 돼지, 소)"": 2}","가축 분뇨 냄새(닭, 돼지, 소)"
익산시만,2025-02-19 23:00:00,1,1,"{""황등면 황등리"": 1}",5.0,5,"{""가축 분뇨 냄새(닭, 돼지, 소)"": 1}","가축 분뇨 냄새(닭, 돼지, 소)"
익산시만,2025-02-21 08:00:00,1,1,"{""부송동"": 1}",3.0,3,"{""공장 냄새(화학약품, 매캐함)"": 1}","공장 냄새(화학약품, 매캐함)"
익산시만,2025-02-28 22:00:00,1,1,"{""왕궁면 흥암리"": 1}",5.0,5,"{""가축 분뇨 냄새(닭, 돼지, 소)"": 1}","가축 분뇨 냄새(닭, 돼지, 소)"
익산시만,2025-03-01 08:00:00,1,1,"{""왕궁면 흥암리"": 1}",4.0,4,"{""가축 분뇨 냄새(닭, 돼지, 소)"": 1}","가축 분뇨 냄새(닭, 돼지, 소)"
익산시만,2025-03-01 19:00:00,1,1,"{""왕궁면 흥암리"": 1}",5.0,5,"{""가축 분뇨 냄새(닭, 돼지, 소)"": 1}","가축 분뇨 냄새(닭, 돼지, 소)"
익산시만,2025-03-06 16:00:00,1,1,"{""용동면 용성리"": 1}",3.0,3,"{""가축 분뇨 냄새(닭, 돼지, 소)"": 1}","가축 분뇨 냄새(닭, 돼지, 소)"
익산시만,2025-03-07 20:00:00,1,1,"{""황등면 황등리"": 1}",5.0,5,"{""가축 분뇨 냄새(닭, 돼지, 소)"": 1}","가축 분뇨 냄새(닭, 돼지, 소)"
익산시만,2025-03-07 23:00:00,1,1,"{""황등면 황등리"": 1}",5.0,5,"{""가축 분뇨 냄새(닭, 돼지, 소)"": 1}","가축 분뇨 냄새(닭, 돼지, 소)"
익산시만,2025-03-08 21:00:00,1,1,"{""왕궁면 흥암리"": 1}",5.0,5,"{""기타"": 1}",기타
익산시만,2025-03-10 00:00:00,1,1,"{""황등면 황등리"": 1}",5.0,5,"{""가축 분뇨 냄새(닭, 돼지, 소)"": 1}","가축 분뇨 냄새(닭, 돼지, 소)"
익산시만,2025-03-11 22:00:00,1,1,"{""황등면 황등리"": 1}",5.0,5,"{""가축 분뇨 냄새(닭, 돼지, 소)"": 1}","가축 분뇨 냄새(닭, 돼지, 소)"
익산시만,2025-03-12 10:00:00,1,1,"{""황등면 황등리"": 1}",5.0,5,"{""가축 분뇨 냄새(닭, 돼지, 소)"": 1}","가축 분뇨 냄새(닭, 돼지, 소)"
익산시만,2025-03-13 18:00:00,1,1,"{""부송동"": 1}",3.0,3,"{""가축 분뇨 냄새(닭, 돼지, 소)"": 1}","가축 분뇨 냄새(닭, 돼지, 소)"
익산시만,2025-03-15 21:00:00,1,1,"{""왕궁면 흥암리"": 1}",2.0,2,"{""가축 분뇨 냄새(닭, 돼지, 소)"": 1}","가축 분뇨 냄새(닭, 돼지, 소)"
익산시만,2025-03-16 17:00:00,1,1,"{""오산면 신지리"": 1}",3.0,3,"{""가축 분뇨 냄새(닭, 돼지, 소)"": 1}","가축 분뇨 냄새(닭, 돼지, 소)"
익산시만,2025-03-17 21:00:00,3,3,"{""인화동2가"": 2, ""부송동"": 1}",4.666666666666667,5,"{""가축 분뇨 냄새(닭, 돼지, 소)"": 3}","가축 분뇨 냄새(닭, 돼지, 소)"
익산시만,2025-03-18 13:00:00,1,1,"{""모현동1가"": 1}",4.0,4,"{""하수구 냄새"": 1}",하수구 냄새
익산시만,2025-03-19 08:00:00,1,1,"{""오산면 신지리"": 1}",3.0,3,"{""가축 분뇨 냄새(닭, 돼지, 소)"": 1}","가축 분뇨 냄새(닭, 돼지, 소)"
익산시만,2025-03-19 23:00:00,1,1,"{""마동"": 1}",5.0,5,"{""가축 분뇨 냄새(닭, 돼지, 소)"": 1}","가축 분뇨 냄새(닭, 돼지, 소)"
익산시만,2025-03-20 05:00:00,1,1,"{""영등동"": 1}",3.0,3,"{""공장 냄새(화학약품, 매캐함)"": 1}","공장 냄새(화학약품, 매캐함)"
익산시만,2025-03-20 18:00:00,1,1,"{""황등면 황등리"": 1}",5.0,5,"{""가축 분뇨 냄새(닭, 돼지, 소)"": 1}","가축 분뇨 냄새(닭, 돼지, 소)"
익산시만,2025-03-20 19:00:00,1,1,"{""인화동1가"": 1}",4.0,4,"{""가축 분뇨 냄새(닭, 돼지, 소)"": 1}","가축 분뇨 냄새(닭, 돼지, 소)"
익산시만,2025-03-20 22:00:00,1,1,"{""신동"": 1}",4.0,4,"{""공장 냄새(화학약품, 매캐함)"": 1}","공장 냄새(화학약품, 매캐함)"
익산시만,2025-03-21 08:00:00,1,1,"{""오산면 신지리"": 1}",3.0,3,"{""가축 분뇨 냄새(닭, 돼지, 소)"": 1}","가축 분뇨 냄새(닭, 돼지, 소)"
익산시만,2025-03-21 11:00:00,1,1,"{""동산동"": 1}",3.0,3,"{""가축 분뇨 냄새(닭, 돼지, 소)"": 1}","가축 분뇨 냄새(닭, 돼지, 소)"
익산시만,2025-03-21 19:00:00,1,1,"{""황등면 황등리"": 1}",5.0,5,"{""가축 분뇨 냄새(닭, 돼지, 소)"": 1}","가축 분뇨 냄새(닭, 돼지, 소)"
익산시만,2025-03-22 23:00:00,1,1,"{""모현동1가"": 1}",3.0,3,"{""가축 분뇨 냄새(닭, 돼지, 소)"": 1}","가축 분뇨 냄새(닭, 돼지, 소)"
익산시만,2025-03-23 00:00:00,2,2,"{""인화동1가"": 1, ""동산동"": 1}",4.0,5,"{""가축 분뇨 냄새(닭, 돼지, 소)"": 2}","가축 분뇨 냄새(닭, 돼지, 소)"
익산시만,2025-03-24 22:00:00,1,1,"{""영등동"": 1}",4.0,4,"{""가축 분뇨 냄새(닭, 돼지, 소)"": 1}","가축 분뇨 냄새(닭, 돼지, 소)"
익산시만,2025-03-26 01:00:00,1,1,"{""신흥동"": 1}",4.0,4,"{""하수구 냄새"": 1}",하수구 냄새
익산시만,2025-03-26 21:00:00,1,1,"{""신흥동"": 1}",3.0,3,"{""가축 분뇨 냄새(닭, 돼지, 소)"": 1}","가축 분뇨 냄새(닭, 돼지, 소)"
익산시만,2025-03-26 22:00:00,1,1,"{""인화동2가"": 1}",4.0,4,"{""가축 분뇨 냄새(닭, 돼지, 소)"": 1}","가축 분뇨 냄새(닭, 돼지, 소)"
익산시만,2025-03-27 15:00:00,1,1,"{""인화동1가"": 1}",3.0,3,"{""하수구 냄새"": 1}",하수구 냄새
익산시만,2025-03-27 20:00:00,1,1,"{""마동"": 1}",5.0,5,"{""가축 분뇨 냄새(닭, 돼지, 소)"": 1}","가축 분뇨 냄새(닭, 돼지, 소)"
익산시만,2025-03-31 19:00:00,1,1,"{""황등면 황등리"": 1}",5.0,5,"{""가축 분뇨 냄새(닭, 돼지, 소)"": 1}","가축 분뇨 냄새(닭, 돼지, 소)"
익산시만,2025-04-02 22:00:00,1,1,"{""신흥동"": 1}",5.0,5,"{""가축 분뇨 냄새(닭, 돼지, 소)"": 1}","가축 분뇨 냄새(닭, 돼지, 소)"
익산시만,2025-04-04 23:00:00,1,1,"{""황등면 황등리"": 1}",5.0,5,"{""가축 분뇨 냄새(닭, 돼지, 소)"": 1}","가축 분뇨 냄새(닭, 돼지, 소)"
익산시만,2025-04-07 21:00:00,1,1,"{""신흥동"": 1}",5.0,5,"{""가축 분뇨 냄새(닭, 돼지, 소)"": 1}","가축 분뇨 냄새(닭, 돼지, 소)"
익산시만,2025-04-07 22:00:00,1,1,"{""마동"": 1}",4.0,4,"{""가축 분뇨 냄새(닭, 돼지, 소)"": 1}","가축 분뇨 냄새(닭, 돼지, 소)"
익산시만,2025-04-10 20:00:00,1,1,"{""신흥동"": 1}",0.0,0,"{""해당사항없음"": 1}",해당사항없음
익산시만,2025-04-11 13:00:00,1,1,"{""남중동"": 1}",4.0,4,"{""하수구 냄새"": 1}",하수구 냄새
익산시만,2025-04-12 16:00:00,1,1,"{""인화동1가"": 1}",3.0,3,"{""하수구 냄새"": 1}",하수구 냄새
익산시만,2025-04-14 08:00:00,1,1,"{""오산면 신지리"": 1}",2.0,2,"{""가축 분뇨 냄새(닭, 돼지, 소)"": 1}","가축 분뇨 냄새(닭, 돼지, 소)"
익산시만,2025-04-14 21:00:00,1,1,"{""어양동"": 1}",3.0,3,"{""공장 냄새(화학약품, 매캐함)"": 1}","공장 냄새(화학약품, 매캐함)"
익산시만,2025-04-16 07:00:00,1,1,"{""왕궁면 흥암리"": 1}",4.0,4,"{""기타"": 1}",기타
익산시만,2025-04-16 19:00:00,1,1,"{""팔봉동"": 1}",5.0,5,"{""공장 냄새(화학약품, 매캐함)"": 1}","공장 냄새(화학약품, 매캐함)"
익산시만,2025-04-16 20:00:00,1,1,"{""팔봉동"": 1}",4.0,4,"{""소각 냄새(태우는 냄새)"": 1}",소각 냄새(태우는 냄새)
익산시만,2025-04-16 23:00:00,4,4,"{""어양동"": 1, ""팔봉동"": 1, ""마동"": 1, ""영등동"": 1}",4.0,5,"{""가축 분뇨 냄새(닭, 돼지, 소)"": 3, ""공장 냄새(화학약품, 매캐함)"": 1}","가축 분뇨 냄새(닭, 돼지, 소)"
익산시만,2025-04-17 22:00:00,1,1,"{""인화동2가"": 1}",3.0,3,"{""가축 분뇨 냄새(닭, 돼지, 소)"": 1}","가축 분뇨 냄새(닭, 돼지, 소)"
익산시만,2025-04-18 01:00:00,2,2,"{""팔봉동"": 1, ""동산동"": 1}",2.5,3,"{""가축 분뇨 냄새(닭, 돼지, 소)"": 1, ""하수구 냄새"": 1}","가축 분뇨 냄새(닭, 돼지, 소)"
익산시만,2025-04-18 03:00:00,1,1,"{""영등동"": 1}",5.0,5,"{""가축 분뇨 냄새(닭, 돼지, 소)"": 1}","가축 분뇨 냄새(닭, 돼지, 소)"
익산시만,2025-04-18 21:00:00,1,1,"{""황등면 황등리"": 1}",5.0,5,"{""가축 분뇨 냄새(닭, 돼지, 소)"": 1}","가축 분뇨 냄새(닭, 돼지, 소)"
익산시만,2025-04-19 18:00:00,1,1,"{""팔봉동"": 1}",4.0,4,"{""공장 냄새(화학약품, 매캐함)"": 1}","공장 냄새(화학약품, 매캐함)"
익산시만,2025-04-20 21:00:00,1,1,"{""팔봉동"": 1}",2.0,2,"{""하수구 냄새"": 1}",하수구 냄새
익산시만,2025-04-21 08:00:00,1,1,"{""오산면 신지리"": 1}",3.0,3,"{""가축 분뇨 냄새(닭, 돼지, 소)"": 1}","가축 분뇨 냄새(닭, 돼지, 소)"
익산시만,2025-04-23 20:00:00,1,1,"{""팔봉동"": 1}",2.0,2,"{""가축 분뇨 냄새(닭, 돼지, 소)"": 1}","가축 분뇨 냄새(닭, 돼지, 소)"
익산시만,2025-04-23 21:00:00,1,1,"{""왕궁면 흥암리"": 1}",3.0,3,"{""가축 분뇨 냄새(닭, 돼지, 소)"": 1}","가축 분뇨 냄새(닭, 돼지, 소)"
익산시만,2025-04-24 00:00:00,1,1,"{""팔봉동"": 1}",2.0,2,"{""가축 분뇨 냄새(닭, 돼지, 소)"": 1}","가축 분뇨 냄새(닭, 돼지, 소)"
익산시만,2025-04-25 07:00:00,1,1,"{""마동"": 1}",2.0,2,"{""공장 냄새(화학약품, 매캐함)"": 1}","공장 냄새(화학약품, 매캐함)"
익산시만,2025-04-27 16:00:00,1,1,"{""용동면 용성리"": 1}",5.0,5,"{""가축 분뇨 냄새(닭, 돼지, 소)"": 1}","가축 분뇨 냄새(닭, 돼지, 소)"
익산시만,2025-04-27 20:00:00,1,1,"{""낭산면 용기리"": 1}",5.0,5,"{""가축 분뇨 냄새(닭, 돼지, 소)"": 1}","가축 분뇨 냄새(닭, 돼지, 소)"
익산시만,2025-04-30 23:00:00,1,1,"{""삼기면 서두리"": 1}",4.0,4,"{""가축 분뇨 냄새(닭, 돼지, 소)"": 1}","가축 분뇨 냄새(닭, 돼지, 소)"
익산시만,2025-05-01 15:00:00,1,1,"{""춘포면 신동리"": 1}",5.0,5,"{""가축 분뇨 냄새(닭, 돼지, 소)"": 1}","가축 분뇨 냄새(닭, 돼지, 소)"
익산시만,2025-05-02 01:00:00,1,1,"{""황등면 황등리"": 1}",5.0,5,"{""가축 분뇨 냄새(닭, 돼지, 소)"": 1}","가축 분뇨 냄새(닭, 돼지, 소)"
익산시만,2025-05-02 19:00:00,1,1,"{""춘포면 신동리"": 1}",5.0,5,"{""가축 분뇨 냄새(닭, 돼지, 소)"": 1}","가축 분뇨 냄새(닭, 돼지, 소)"
익산시만,2025-05-02 22:00:00,1,1,"{""춘포면 신동리"": 1}",3.0,3,"{""가축 분뇨 냄새(닭, 돼지, 소)"": 1}","가축 분뇨 냄새(닭, 돼지, 소)"
익산시만,2025-05-04 01:00:00,1,1,"{""부송동"": 1}",4.0,4,"{""가축 분뇨 냄새(닭, 돼지, 소)"": 1}","가축 분뇨 냄새(닭, 돼지, 소)"
익산시만,2025-05-04 16:00:00,1,1,"{""춘포면 신동리"": 1}",4.0,4,"{""가축 분뇨 냄새(닭, 돼지, 소)"": 1}","가축 분뇨 냄새(닭, 돼지, 소)"
익산시만,2025-05-04 20:00:00,1,1,"{""황등면 황등리"": 1}",5.0,5,"{""가축 분뇨 냄새(닭, 돼지, 소)"": 1}","가축 분뇨 냄새(닭, 돼지, 소)"
익산시만,2025-05-04 21:00:00,1,1,"{""신흥동"": 1}",4.0,4,"{""가축 분뇨 냄새(닭, 돼지, 소)"": 1}","가축 분뇨 냄새(닭, 돼지, 소)"
익산시만,2025-05-04 23:00:00,1,1,"{""마동"": 1}",4.0,4,"{""가축 분뇨 냄새(닭, 돼지, 소)"": 1}","가축 분뇨 냄새(닭, 돼지, 소)"
익산시만,2025-05-06 14:00:00,1,1,"{""춘포면 신동리"": 1}",3.0,3,"{""가축 분뇨 냄새(닭, 돼지, 소)"": 1}","가축 분뇨 냄새(닭, 돼지, 소)"
익산시만,2025-05-06 18:00:00,2,2,"{""춘포면 신동리"": 2}",5.0,5,"{""가축 분뇨 냄새(닭, 돼지, 소)"": 2}","가축 분뇨 냄새(닭, 돼지, 소)"
익산시만,2025-05-07 20:00:00,2,2,"{""춘포면 신동리"": 2}",4.0,5,"{""가축 분뇨 냄새(닭, 돼지, 소)"": 2}","가축 분뇨 냄새(닭, 돼지, 소)"
익산시만,2025-05-07 21:00:00,1,1,"{""부송동"": 1}",5.0,5,"{""공장 냄새(화학약품, 매캐함)"": 1}","공장 냄새(화학약품, 매캐함)"
익산시만,2025-05-08 10:00:00,1,1,"{""왕궁면 쌍제리"": 1}",4.0,4,"{""가축 분뇨 냄새(닭, 돼지, 소)"": 1}","가축 분뇨 냄새(닭, 돼지, 소)"
익산시만,2025-05-09 17:00:00,1,1,"{""오산면 신지리"": 1}",4.0,4,"{""가축 분뇨 냄새(닭, 돼지, 소)"": 1}","가축 분뇨 냄새(닭, 돼지, 소)"
익산시만,2025-05-09 18:00:00,1,1,"{""팔봉동"": 1}",2.0,2,"{""공장 냄새(화학약품, 매캐함)"": 1}","공장 냄새(화학약품, 매캐함)"
익산시만,2025-05-10 14:00:00,1,1,"{""오산면 신지리"": 1}",4.0,4,"{""기타"": 1}",기타
익산시만,2025-05-11 10:00:00,1,1,"{""춘포면 신동리"": 1}",4.0,4,"{""가축 분뇨 냄새(닭, 돼지, 소)"": 1}","가축 분뇨 냄새(닭, 돼지, 소)"
익산시만,2025-05-11 14:00:00,1,1,"{""왕궁면 흥암리"": 1}",3.0,3,"{""가축 분뇨 냄새(닭, 돼지, 소)"": 1}","가축 분뇨 냄새(닭, 돼지, 소)"
익산시만,2025-05-11 22:00:00,4,4,"{""부송동"": 2, ""동산동"": 1, ""오산면 신지리"": 1}",4.75,5,"{""가축 분뇨 냄새(닭, 돼지, 소)"": 4}","가축 분뇨 냄새(닭, 돼지, 소)"
익산시만,2025-05-11 23:00:00,1,1,"{""부송동"": 1}",4.0,4,"{""가축 분뇨 냄새(닭, 돼지, 소)"": 1}","가축 분뇨 냄새(닭, 돼지, 소)"
익산시만,2025-05-12 01:00:00,1,1,"{""부송동"": 1}",2.0,2,"{""가축 분뇨 냄새(닭, 돼지, 소)"": 1}","가축 분뇨 냄새(닭, 돼지, 소)"
익산시만,2025-05-12 20:00:00,1,1,"{""왕궁면 흥암리"": 1}",4.0,4,"{""가축 분뇨 냄새(닭, 돼지, 소)"": 1}","가축 분뇨 냄새(닭, 돼지, 소)"
익산시만,2025-05-12 21:00:00,2,2,"{""신흥동"": 1, ""마동"": 1}",4.0,4,"{""가축 분뇨 냄새(닭, 돼지, 소)"": 2}","가축 분뇨 냄새(닭, 돼지, 소)"
익산시만,2025-05-13 19:00:00,1,1,"{""춘포면 신동리"": 1}",5.0,5,"{""가축 분뇨 냄새(닭, 돼지, 소)"": 1}","가축 분뇨 냄새(닭, 돼지, 소)"
익산시만,2025-05-13 21:00:00,2,2,"{""왕궁면 흥암리"": 1, ""마동"": 1}",3.5,5,"{""가축 분뇨 냄새(닭, 돼지, 소)"": 2}","가축 분뇨 냄새(닭, 돼지, 소)"
익산시만,2025-05-14 00:00:00,1,1,"{""팔봉동"": 1}",2.0,2,"{""기타"": 1}",기타
익산시만,2025-05-14 18:00:00,1,1,"{""황등면 황등리"": 1}",4.0,4,"{""가축 분뇨 냄새(닭, 돼지, 소)"": 1}","가축 분뇨 냄새(닭, 돼지, 소)"
익산시만,2025-05-14 19:00:00,2,2,"{""왕궁면 흥암리"": 1, ""용제동"": 1}",3.5,4,"{""가축 분뇨 냄새(닭, 돼지, 소)"": 2}","가축 분뇨 냄새(닭, 돼지, 소)"
익산시만,2025-05-14 20:00:00,1,1,"{""부송동"": 1}",3.0,3,"{""가축 분뇨 냄새(닭, 돼지, 소)"": 1}","가축 분뇨 냄새(닭, 돼지, 소)"
익산시만,2025-05-14 21:00:00,2,2,"{""송학동"": 2}",4.5,5,"{""가축 분뇨 냄새(닭, 돼지, 소)"": 2}","가축 분뇨 냄새(닭, 돼지, 소)"
익산시만,2025-05-15 06:00:00,1,1,"{""춘포면 신동리"": 1}",5.0,5,"{""가축 분뇨 냄새(닭, 돼지, 소)"": 1}","가축 분뇨 냄새(닭, 돼지, 소)"
익산시만,2025-05-15 20:00:00,1,1,"{""춘포면 신동리"": 1}",5.0,5,"{""가축 분뇨 냄새(닭, 돼지, 소)"": 1}","가축 분뇨 냄새(닭, 돼지, 소)"
익산시만,2025-05-16 00:00:00,1,1,"{""왕궁면 흥암리"": 1}",5.0,5,"{""기타"": 1}",기타
익산시만,2025-05-16 12:00:00,1,1,"{""춘포면 신동리"": 1}",4.0,4,"{""가축 분뇨 냄새(닭, 돼지, 소)"": 1}","가축 분뇨 냄새(닭, 돼지, 소)"
익산시만,2025-05-16 17:00:00,1,1,"{""마동"": 1}",4.0,4,"{""공장 냄새(화학약품, 매캐함)"": 1}","공장 냄새(화학약품, 매캐함)"
익산시만,2025-05-18 16:00:00,1,1,"{""용동면 용성리"": 1}",4.0,4,"{""가축 분뇨 냄새(닭, 돼지, 소)"": 1}","가축 분뇨 냄새(닭, 돼지, 소)"
익산시만,2025-05-19 07:00:00,1,1,"{""춘포면 신동리"": 1}",5.0,5,"{""가축 분뇨 냄새(닭, 돼지, 소)"": 1}","가축 분뇨 냄새(닭, 돼지, 소)"
익산시만,2025-05-19 21:00:00,2,2,"{""팔봉동"": 1, ""왕궁면 흥암리"": 1}",2.5,3,"{""가축 분뇨 냄새(닭, 돼지, 소)"": 2}","가축 분뇨 냄새(닭, 돼지, 소)"
익산시만,2025-05-20 07:00:00,1,1,"{""오산면 신지리"": 1}",2.0,2,"{""가축 분뇨 냄새(닭, 돼지, 소)"": 1}","가축 분뇨 냄새(닭, 돼지, 소)"
익산시만,2025-05-20 19:00:00,1,1,"{""황등면 황등리"": 1}",5.0,5,"{""가축 분뇨 냄새(닭, 돼지, 소)"": 1}","가축 분뇨 냄새(닭, 돼지, 소)"
익산시만,2025-05-20 20:00:00,4,4,"{""춘포면 신동리"": 2, ""팔봉동"": 2}",3.25,5,"{""가축 분뇨 냄새(닭, 돼지, 소)"": 3, ""소각 냄새(태우는 냄새)"": 1}","가축 분뇨 냄새(닭, 돼지, 소)"
익산시만,2025-05-20 21:00:00,5,5,"{""마동"": 3, ""왕궁면 흥암리"": 1, ""창인동1가"": 1}",3.6,5,"{""가축 분뇨 냄새(닭, 돼지, 소)"": 5}","가축 분뇨 냄새(닭, 돼지, 소)"
익산시만,2025-05-20 22:00:00,1,1,"{""남중동"": 1}",4.0,4,"{""소각 냄새(태우는 냄새)"": 1}",소각 냄새(태우는 냄새)
익산시만,2025-05-20 23:00:00,1,1,"{""금마면 동고도리"": 1}",5.0,5,"{""가축 분뇨 냄새(닭, 돼지, 소)"": 1}","가축 분뇨 냄새(닭, 돼지, 소)"
익산시만,2025-05-21 06:00:00,1,1,"{""왕궁면 온수리"": 1}",4.0,4,"{""가축 분뇨 냄새(닭, 돼지, 소)"": 1}","가축 분뇨 냄새(닭, 돼지, 소)"
익산시만,2025-05-21 07:00:00,1,1,"{""오산면 신지리"": 1}",3.0,3,"{""가축 분뇨 냄새(닭, 돼지, 소)"": 1}","가축 분뇨 냄새(닭, 돼지, 소)"
익산시만,2025-05-21 20:00:00,1,1,"{""춘포면 신동리"": 1}",5.0,5,"{""가축 분뇨 냄새(닭, 돼지, 소)"": 1}","가축 분뇨 냄새(닭, 돼지, 소)"
익산시만,2025-05-21 21:00:00,1,1,"{""황등면 황등리"": 1}",5.0,5,"{""가축 분뇨 냄새(닭, 돼지, 소)"": 1}","가축 분뇨 냄새(닭, 돼지, 소)"
익산시만,2025-05-22 00:00:00,1,1,"{""인화동2가"": 1}",5.0,5,"{""가축 분뇨 냄새(닭, 돼지, 소)"": 1}","가축 분뇨 냄새(닭, 돼지, 소)"
익산시만,2025-05-22 05:00:00,1,1,"{""춘포면 신동리"": 1}",3.0,3,"{""가축 분뇨 냄새(닭, 돼지, 소)"": 1}","가축 분뇨 냄새(닭, 돼지, 소)"
익산시만,2025-05-22 18:00:00,1,1,"{""춘포면 신동리"": 1}",5.0,5,"{""가축 분뇨 냄새(닭, 돼지, 소)"": 1}","가축 분뇨 냄새(닭, 돼지, 소)"
익산시만,2025-05-22 19:00:00,1,1,"{""춘포면 신동리"": 1}",5.0,5,"{""가축 분뇨 냄새(닭, 돼지, 소)"": 1}","가축 분뇨 냄새(닭, 돼지, 소)"
익산시만,2025-05-23 12:00:00,1,1,"{""왕궁면 온수리"": 1}",3.0,3,"{""가축 분뇨 냄새(닭, 돼지, 소)"": 1}","가축 분뇨 냄새(닭, 돼지, 소)"
익산시만,2025-05-23 20:00:00,1,1,"{""왕궁면 흥암리"": 1}",5.0,5,"{""기타"": 1}",기타
익산시만,2025-05-23 21:00:00,1,1,"{""마동"": 1}",4.0,4,"{""공장 냄새(화학약품, 매캐함)"": 1}","공장 냄새(화학약품, 매캐함)"
익산시만,2025-05-25 21:00:00,1,1,"{""황등면 황등리"": 1}",5.0,5,"{""공장 냄새(화학약품, 매캐함)"": 1}","공장 냄새(화학약품, 매캐함)"
익산시만,2025-05-26 19:00:00,1,1,"{""황등면 황등리"": 1}",5.0,5,"{""가축 분뇨 냄새(닭, 돼지, 소)"": 1}","가축 분뇨 냄새(닭, 돼지, 소)"
익산시만,2025-05-27 00:00:00,1,1,"{""어양동"": 1}",4.0,4,"{""가축 분뇨 냄새(닭, 돼지, 소)"": 1}","가축 분뇨 냄새(닭, 돼지, 소)"
익산시만,2025-05-27 02:00:00,1,1,"{""부송동"": 1}",4.0,4,"{""공장 냄새(화학약품, 매캐함)"": 1}","공장 냄새(화학약품, 매캐함)"
익산시만,2025-05-27 07:00:00,1,1,"{""부송동"": 1}",5.0,5,"{""공장 냄새(화학약품, 매캐함)"": 1}","공장 냄새(화학약품, 매캐함)"
익산시만,2025-05-27 20:00:00,1,1,"{""춘포면 신동리"": 1}",3.0,3,"{""가축 분뇨 냄새(닭, 돼지, 소)"": 1}","가축 분뇨 냄새(닭, 돼지, 소)"
익산시만,2025-05-27 21:00:00,1,1,"{""춘포면 신동리"": 1}",5.0,5,"{""가축 분뇨 냄새(닭, 돼지, 소)"": 1}","가축 분뇨 냄새(닭, 돼지, 소)"
익산시만,2025-05-27 22:00:00,1,1,"{""춘포면 신동리"": 1}",5.0,5,"{""가축 분뇨 냄새(닭, 돼지, 소)"": 1}","가축 분뇨 냄새(닭, 돼지, 소)"
익산시만,2025-05-28 23:00:00,1,1,"{""왕궁면 흥암리"": 1}",3.0,3,"{""기타"": 1}",기타
익산시만,2025-05-29 00:00:00,1,1,"{""왕궁면 흥암리"": 1}",5.0,5,"{""가축 분뇨 냄새(닭, 돼지, 소)"": 1}","가축 분뇨 냄새(닭, 돼지, 소)"
익산시만,2025-05-29 04:00:00,1,1,"{""마동"": 1}",5.0,5,"{""공장 냄새(화학약품, 매캐함)"": 1}","공장 냄새(화학약품, 매캐함)"
익산시만,2025-05-29 21:00:00,1,1,"{""팔봉동"": 1}",3.0,3,"{""공장 냄새(화학약품, 매캐함)"": 1}","공장 냄새(화학약품, 매캐함)"
익산시만,2025-05-30 16:00:00,1,1,"{""왕궁면 쌍제리"": 1}",4.0,4,"{""가축 분뇨 냄새(닭, 돼지, 소)"": 1}","가축 분뇨 냄새(닭, 돼지, 소)"
익산시만,2025-05-30 19:00:00,2,2,"{""춘포면 신동리"": 2}",5.0,5,"{""가축 분뇨 냄새(닭, 돼지, 소)"": 2}","가축 분뇨 냄새(닭, 돼지, 소)"
익산시만,2025-05-30 21:00:00,1,1,"{""황등면 신기리"": 1}",5.0,5,"{""가축 분뇨 냄새(닭, 돼지, 소)"": 1}","가축 분뇨 냄새(닭, 돼지, 소)"
익산시만,2025-05-31 00:00:00,1,1,"{""인화동2가"": 1}",5.0,5,"{""가축 분뇨 냄새(닭, 돼지, 소)"": 1}","가축 분뇨 냄새(닭, 돼지, 소)"
익산시만,2025-05-31 01:00:00,1,1,"{""송학동"": 1}",4.0,4,"{""가축 분뇨 냄새(닭, 돼지, 소)"": 1}","가축 분뇨 냄새(닭, 돼지, 소)"
익산시만,2025-06-01 02:00:00,4,4,"{""어양동"": 1, ""모현동1가"": 1, ""동산동"": 1, ""인화동2가"": 1}",4.25,5,"{""가축 분뇨 냄새(닭, 돼지, 소)"": 4}","가축 분뇨 냄새(닭, 돼지, 소)"
익산시만,2025-06-03 01:00:00,1,1,"{""왕궁면 흥암리"": 1}",3.0,3,"{""기타"": 1}",기타
익산시만,2025-06-03 22:00:00,2,2,"{""춘포면 신동리"": 2}",5.0,5,"{""가축 분뇨 냄새(닭, 돼지, 소)"": 2}","가축 분뇨 냄새(닭, 돼지, 소)"
익산시만,2025-06-04 02:00:00,2,2,"{""동산동"": 1, ""영등동"": 1}",4.5,5,"{""가축 분뇨 냄새(닭, 돼지, 소)"": 1, ""공장 냄새(화학약품, 매캐함)"": 1}","가축 분뇨 냄새(닭, 돼지, 소)"
익산시만,2025-06-04 03:00:00,1,1,"{""평화동"": 1}",4.0,4,"{""가축 분뇨 냄새(닭, 돼지, 소)"": 1}","가축 분뇨 냄새(닭, 돼지, 소)"
익산시만,2025-06-04 22:00:00,2,2,"{""왕궁면 흥암리"": 1, ""황등면 신기리"": 1}",4.5,5,"{""가축 분뇨 냄새(닭, 돼지, 소)"": 2}","가축 분뇨 냄새(닭, 돼지, 소)"
익산시만,2025-06-05 22:00:00,2,2,"{""왕궁면 흥암리"": 2}",5.0,5,"{""가축 분뇨 냄새(닭, 돼지, 소)"": 2}","가축 분뇨 냄새(닭, 돼지, 소)"
익산시만,2025-06-05 23:00:00,4,4,"{""마동"": 1, ""동산동"": 1, ""왕궁면 흥암리"": 1, ""평화동"": 1}",4.5,5,"{""가축 분뇨 냄새(닭, 돼지, 소)"": 3, ""기타"": 1}","가축 분뇨 냄새(닭, 돼지, 소)"
익산시만,2025-06-06 00:00:00,1,1,"{""왕궁면 흥암리"": 1}",5.0,5,"{""소각 냄새(태우는 냄새)"": 1}",소각 냄새(태우는 냄새)
익산시만,2025-06-06 09:00:00,1,1,"{""춘포면 신동리"": 1}",4.0,4,"{""가축 분뇨 냄새(닭, 돼지, 소)"": 1}","가축 분뇨 냄새(닭, 돼지, 소)"
익산시만,2025-06-06 11:00:00,1,1,"{""팔봉동"": 1}",3.0,3,"{""가축 분뇨 냄새(닭, 돼지, 소)"": 1}","가축 분뇨 냄새(닭, 돼지, 소)"
익산시만,2025-06-06 18:00:00,1,1,"{""황등면 황등리"": 1}",5.0,5,"{""가축 분뇨 냄새(닭, 돼지, 소)"": 1}","가축 분뇨 냄새(닭, 돼지, 소)"
익산시만,2025-06-06 20:00:00,5,5,"{""춘포면 신동리"": 4, ""용동면 용성리"": 1}",4.4,5,"{""가축 분뇨 냄새(닭, 돼지, 소)"": 5}","가축 분뇨 냄새(닭, 돼지, 소)"
익산시만,2025-06-06 21:00:00,17,17,"{""마동"": 15, ""금강동"": 1, ""동산동"": 1}",4.647058823529412,5,"{""가축 분뇨 냄새(닭, 돼지, 소)"": 15, ""하수구 냄새"": 2}","가축 분뇨 냄새(닭, 돼지, 소)"
익산시만,2025-06-06 22:00:00,5,5,"{""마동"": 3, ""금강동"": 1, ""부송동"": 1}",5.0,5,"{""가축 분뇨 냄새(닭, 돼지, 소)"": 3, ""하수구 냄새"": 1, ""소각 냄새(태우는 냄새)"": 1}","가축 분뇨 냄새(닭, 돼지, 소)"
익산시만,2025-06-06 23:00:00,1,1,"{""마동"": 1}",3.0,3,"{""가축 분뇨 냄새(닭, 돼지, 소)"": 1}","가축 분뇨 냄새(닭, 돼지, 소)"
익산시만,2025-06-07 03:00:00,1,1,"{""금강동"": 1}",5.0,5,"{""공장 냄새(화학약품, 매캐함)"": 1}","공장 냄새(화학약품, 매캐함)"
익산시만,2025-06-07 07:00:00,1,1,"{""마동"": 1}",5.0,5,"{""공장 냄새(화학약품, 매캐함)"": 1}","공장 냄새(화학약품, 매캐함)"
익산시만,2025-06-08 00:00:00,1,1,"{""왕궁면 흥암리"": 1}",4.0,4,"{""가축 분뇨 냄새(닭, 돼지, 소)"": 1}","가축 분뇨 냄새(닭, 돼지, 소)"
익산시만,2025-06-08 03:00:00,1,1,"{""마동"": 1}",3.0,3,"{""공장 냄새(화학약품, 매캐함)"": 1}","공장 냄새(화학약품, 매캐함)"
익산시만,2025-06-08 07:00:00,1,1,"{""오산면 신지리"": 1}",2.0,2,"{""가축 분뇨 냄새(닭, 돼지, 소)"": 1}","가축 분뇨 냄새(닭, 돼지, 소)"
익산시만,2025-06-09 07:00:00,1,1,"{""마동"": 1}",4.0,4,"{""공장 냄새(화학약품, 매캐함)"": 1}","공장 냄새(화학약품, 매캐함)"
익산시만,2025-06-09 13:00:00,1,1,"{""평화동"": 1}",4.0,4,"{""하수구 냄새"": 1}",하수구 냄새
익산시만,2025-06-09 20:00:00,1,1,"{""황등면 신기리"": 1}",5.0,5,"{""가축 분뇨 냄새(닭, 돼지, 소)"": 1}","가축 분뇨 냄새(닭, 돼지, 소)"
익산시만,2025-06-10 00:00:00,1,1,"{""왕궁면 흥암리"": 1}",3.0,3,"{""가축 분뇨 냄새(닭, 돼지, 소)"": 1}","가축 분뇨 냄새(닭, 돼지, 소)"
익산시만,2025-06-10 07:00:00,1,1,"{""춘포면 신동리"": 1}",4.0,4,"{""가축 분뇨 냄새(닭, 돼지, 소)"": 1}","가축 분뇨 냄새(닭, 돼지, 소)"
익산시만,2025-06-11 20:00:00,2,2,"{""왕궁면 흥암리"": 1, ""춘포면 신동리"": 1}",3.5,4,"{""가축 분뇨 냄새(닭, 돼지, 소)"": 2}","가축 분뇨 냄새(닭, 돼지, 소)"
익산시만,2025-06-11 23:00:00,1,1,"{""팔봉동"": 1}",4.0,4,"{""공장 냄새(화학약품, 매캐함)"": 1}","공장 냄새(화학약품, 매캐함)"
익산시만,2025-06-12 20:00:00,2,2,"{""황등면 신기리"": 2}",5.0,5,"{""가축 분뇨 냄새(닭, 돼지, 소)"": 2}","가축 분뇨 냄새(닭, 돼지, 소)"
익산시만,2025-06-12 21:00:00,1,1,"{""왕궁면 흥암리"": 1}",5.0,5,"{""소각 냄새(태우는 냄새)"": 1}",소각 냄새(태우는 냄새)
익산시만,2025-06-12 23:00:00,1,1,"{""왕궁면 흥암리"": 1}",5.0,5,"{""소각 냄새(태우는 냄새)"": 1}",소각 냄새(태우는 냄새)
익산시만,2025-06-13 07:00:00,1,1,"{""왕궁면 흥암리"": 1}",4.0,4,"{""하수구 냄새"": 1}",하수구 냄새
익산시만,2025-06-13 15:00:00,1,1,"{""동산동"": 1}",5.0,5,"{""공장 냄새(화학약품, 매캐함)"": 1}","공장 냄새(화학약품, 매캐함)"
익산시만,2025-06-13 20:00:00,1,1,"{""오산면 신지리"": 1}",4.0,4,"{""가축 분뇨 냄새(닭, 돼지, 소)"": 1}","가축 분뇨 냄새(닭, 돼지, 소)"
익산시만,2025-06-13 22:00:00,1,1,"{""어양동"": 1}",5.0,5,"{""공장 냄새(화학약품, 매캐함)"": 1}","공장 냄새(화학약품, 매캐함)"
익산시만,2025-06-14 07:00:00,1,1,"{""마동"": 1}",4.0,4,"{""공장 냄새(화학약품, 매캐함)"": 1}","공장 냄새(화학약품, 매캐함)"
익산시만,2025-06-16 21:00:00,2,2,"{""왕궁면 흥암리"": 2}",3.5,4,"{""가축 분뇨 냄새(닭, 돼지, 소)"": 2}","가축 분뇨 냄새(닭, 돼지, 소)"
익산시만,2025-06-17 21:00:00,1,1,"{""춘포면 신동리"": 1}",5.0,5,"{""가축 분뇨 냄새(닭, 돼지, 소)"": 1}","가축 분뇨 냄새(닭, 돼지, 소)"
익산시만,2025-06-18 05:00:00,1,1,"{""춘포면 신동리"": 1}",5.0,5,"{""가축 분뇨 냄새(닭, 돼지, 소)"": 1}","가축 분뇨 냄새(닭, 돼지, 소)"
익산시만,2025-06-18 23:00:00,1,1,"{""부송동"": 1}",4.0,4,"{""공장 냄새(화학약품, 매캐함)"": 1}","공장 냄새(화학약품, 매캐함)"
익산시만,2025-06-19 00:00:00,1,1,"{""왕궁면 흥암리"": 1}",2.0,2,"{""가축 분뇨 냄새(닭, 돼지, 소)"": 1}","가축 분뇨 냄새(닭, 돼지, 소)"
익산시만,2025-06-19 04:00:00,1,1,"{""마동"": 1}",4.0,4,"{""공장 냄새(화학약품, 매캐함)"": 1}","공장 냄새(화학약품, 매캐함)"
익산시만,2025-06-19 05:00:00,1,1,"{""부송동"": 1}",3.0,3,"{""공장 냄새(화학약품, 매캐함)"": 1}","공장 냄새(화학약품, 매캐함)"
익산시만,2025-06-19 06:00:00,1,1,"{""부송동"": 1}",5.0,5,"{""가축 분뇨 냄새(닭, 돼지, 소)"": 1}","가축 분뇨 냄새(닭, 돼지, 소)"
익산시만,2025-06-19 14:00:00,1,1,"{""춘포면 신동리"": 1}",5.0,5,"{""가축 분뇨 냄새(닭, 돼지, 소)"": 1}","가축 분뇨 냄새(닭, 돼지, 소)"
익산시만,2025-06-19 23:00:00,2,2,"{""모현동1가"": 2}",4.0,5,"{""가축 분뇨 냄새(닭, 돼지, 소)"": 2}","가축 분뇨 냄새(닭, 돼지, 소)"
익산시만,2025-06-20 00:00:00,6,6,"{""마동"": 4, ""인화동2가"": 1, ""모현동1가"": 1}",4.166666666666667,5,"{""가축 분뇨 냄새(닭, 돼지, 소)"": 6}","가축 분뇨 냄새(닭, 돼지, 소)"
익산시만,2025-06-20 07:00:00,1,1,"{""창인동2가"": 1}",4.0,4,"{""가축 분뇨 냄새(닭, 돼지, 소)"": 1}","가축 분뇨 냄새(닭, 돼지, 소)"
익산시만,2025-06-20 08:00:00,2,2,"{""송학동"": 1, ""오산면 신지리"": 1}",4.0,5,"{""가축 분뇨 냄새(닭, 돼지, 소)"": 2}","가축 분뇨 냄새(닭, 돼지, 소)"
익산시만,2025-06-20 10:00:00,1,1,"{""오산면 장신리"": 1}",5.0,5,"{""가축 분뇨 냄새(닭, 돼지, 소)"": 1}","가축 분뇨 냄새(닭, 돼지, 소)"
익산시만,2025-06-20 11:00:00,1,1,"{""마동"": 1}",5.0,5,"{""가축 분뇨 냄새(닭, 돼지, 소)"": 1}","가축 분뇨 냄새(닭, 돼지, 소)"
익산시만,2025-06-20 12:00:00,2,2,"{""마동"": 2}",4.5,5,"{""가축 분뇨 냄새(닭, 돼지, 소)"": 2}","가축 분뇨 냄새(닭, 돼지, 소)"
익산시만,2025-06-20 14:00:00,2,2,"{""팔봉동"": 1, ""춘포면 신동리"": 1}",4.0,5,"{""공장 냄새(화학약품, 매캐함)"": 1, ""가축 분뇨 냄새(닭, 돼지, 소)"": 1}","공장 냄새(화학약품, 매캐함)"
익산시만,2025-06-20 20:00:00,1,1,"{""춘포면 신동리"": 1}",4.0,4,"{""가축 분뇨 냄새(닭, 돼지, 소)"": 1}","가축 분뇨 냄새(닭, 돼지, 소)"
익산시만,2025-06-21 20:00:00,2,2,"{""마동"": 1, ""왕궁면 흥암리"": 1}",4.0,4,"{""공장 냄새(화학약품, 매캐함)"": 1, ""가축 분뇨 냄새(닭, 돼지, 소)"": 1}","공장 냄새(화학약품, 매캐함)"
익산시만,2025-06-23 00:00:00,1,1,"{""금강동"": 1}",5.0,5,"{""가축 분뇨 냄새(닭, 돼지, 소)"": 1}","가축 분뇨 냄새(닭, 돼지, 소)"
익산시만,2025-06-23 01:00:00,1,1,"{""송학동"": 1}",4.0,4,"{""가축 분뇨 냄새(닭, 돼지, 소)"": 1}","가축 분뇨 냄새(닭, 돼지, 소)"
익산시만,2025-06-23 04:00:00,1,1,"{""어양동"": 1}",4.0,4,"{""하수구 냄새"": 1}",하수구 냄새
익산시만,2025-06-23 23:00:00,2,2,"{""왕궁면 흥암리"": 2}",4.0,4,"{""가축 분뇨 냄새(닭, 돼지, 소)"": 2}","가축 분뇨 냄새(닭, 돼지, 소)"
익산시만,2025-06-24 06:00:00,1,1,"{""마동"": 1}",3.0,3,"{""공장 냄새(화학약품, 매캐함)"": 1}","공장 냄새(화학약품, 매캐함)"
익산시만,2025-06-24 08:00:00,1,1,"{""마동"": 1}",3.0,3,"{""공장 냄새(화학약품, 매캐함)"": 1}","공장 냄새(화학약품, 매캐함)"
익산시만,2025-06-24 12:00:00,1,1,"{""평화동"": 1}",4.0,4,"{""가축 분뇨 냄새(닭, 돼지, 소)"": 1}","가축 분뇨 냄새(닭, 돼지, 소)"
익산시만,2025-06-24 17:00:00,1,1,"{""왕궁면 흥암리"": 1}",5.0,5,"{""기타"": 1}",기타
익산시만,2025-06-24 18:00:00,1,1,"{""왕궁면 흥암리"": 1}",4.0,4,"{""공장 냄새(화학약품, 매캐함)"": 1}","공장 냄새(화학약품, 매캐함)"
익산시만,2025-06-25 16:00:00,1,1,"{""황등면 신기리"": 1}",4.0,4,"{""가축 분뇨 냄새(닭, 돼지, 소)"": 1}","가축 분뇨 냄새(닭, 돼지, 소)"
익산시만,2025-06-27 20:00:00,3,3,"{""춘포면 신동리"": 3}",4.333333333333333,5,"{""가축 분뇨 냄새(닭, 돼지, 소)"": 3}","가축 분뇨 냄새(닭, 돼지, 소)"
익산시만,2025-06-29 05:00:00,1,1,"{""춘포면 신동리"": 1}",5.0,5,"{""가축 분뇨 냄새(닭, 돼지, 소)"": 1}","가축 분뇨 냄새(닭, 돼지, 소)"
익산시만,2025-06-29 06:00:00,6,3,"{""오산면 신지리"": 4, ""마동"": 1, ""신동"": 1}",4.0,5,"{""가축 분뇨 냄새(닭, 돼지, 소)"": 5, ""기타"": 1}","가축 분뇨 냄새(닭, 돼지, 소)"
익산시만,2025-06-29 20:00:00,1,1,"{""용동면 용성리"": 1}",4.0,4,"{""가축 분뇨 냄새(닭, 돼지, 소)"": 1}","가축 분뇨 냄새(닭, 돼지, 소)"
익산시만,2025-06-29 22:00:00,3,3,"{""평화동"": 2, ""왕궁면 흥암리"": 1}",4.666666666666667,5,"{""가축 분뇨 냄새(닭, 돼지, 소)"": 2, ""하수구 냄새"": 1}","가축 분뇨 냄새(닭, 돼지, 소)"
익산시만,2025-06-29 23:00:00,6,6,"{""송학동"": 2, ""신동"": 1, ""마동"": 1, ""용안면 송산리"": 1, ""용동면 화실리"": 1}",3.6666666666666665,5,"{""가축 분뇨 냄새(닭, 돼지, 소)"": 6}","가축 분뇨 냄새(닭, 돼지, 소)"
익산시만,2025-06-30 00:00:00,1,1,"{""마동"": 1}",3.0,3,"{""가축 분뇨 냄새(닭, 돼지, 소)"": 1}","가축 분뇨 냄새(닭, 돼지, 소)"
익산시만,2025-06-30 02:00:00,1,1,"{""평화동"": 1}",2.0,2,"{""가축 분뇨 냄새(닭, 돼지, 소)"": 1}","가축 분뇨 냄새(닭, 돼지, 소)"
익산시만,2025-06-30 03:00:00,2,2,"{""영등동"": 1, ""부송동"": 1}",3.5,4,"{""가축 분뇨 냄새(닭, 돼지, 소)"": 1, ""공장 냄새(화학약품, 매캐함)"": 1}","가축 분뇨 냄새(닭, 돼지, 소)"
익산시만,2025-06-30 05:00:00,1,1,"{""부송동"": 1}",3.0,3,"{""공장 냄새(화학약품, 매캐함)"": 1}","공장 냄새(화학약품, 매캐함)"
익산시만,2025-06-30 23:00:00,1,1,"{""왕궁면 흥암리"": 1}",4.0,4,"{""가축 분뇨 냄새(닭, 돼지, 소)"": 1}","가축 분뇨 냄새(닭, 돼지, 소)"
익산시만,2025-07-01 00:00:00,1,1,"{""송학동"": 1}",4.0,4,"{""가축 분뇨 냄새(닭, 돼지, 소)"": 1}","가축 분뇨 냄새(닭, 돼지, 소)"
익산시만,2025-07-01 04:00:00,1,1,"{""부송동"": 1}",3.0,3,"{""공장 냄새(화학약품, 매캐함)"": 1}","공장 냄새(화학약품, 매캐함)"
익산시만,2025-07-01 05:00:00,2,2,"{""평화동"": 1, ""오산면 신지리"": 1}",3.5,4,"{""하수구 냄새"": 1, ""가축 분뇨 냄새(닭, 돼지, 소)"": 1}",하수구 냄새
익산시만,2025-07-01 06:00:00,1,1,"{""춘포면 신동리"": 1}",4.0,4,"{""가축 분뇨 냄새(닭, 돼지, 소)"": 1}","가축 분뇨 냄새(닭, 돼지, 소)"
익산시만,2025-07-02 00:00:00,1,1,"{""동산동"": 1}",3.0,3,"{""가축 분뇨 냄새(닭, 돼지, 소)"": 1}","가축 분뇨 냄새(닭, 돼지, 소)"
익산시만,2025-07-02 01:00:00,2,2,"{""왕궁면 흥암리"": 1, ""신동"": 1}",4.0,5,"{""가축 분뇨 냄새(닭, 돼지, 소)"": 1, ""공장 냄새(화학약품, 매캐함)"": 1}","가축 분뇨 냄새(닭, 돼지, 소)"
익산시만,2025-07-02 02:00:00,1,1,"{""어양동"": 1}",4.0,4,"{""가축 분뇨 냄새(닭, 돼지, 소)"": 1}","가축 분뇨 냄새(닭, 돼지, 소)"
익산시만,2025-07-02 03:00:00,2,2,"{""평화동"": 1, ""모현동1가"": 1}",3.5,4,"{""가축 분뇨 냄새(닭, 돼지, 소)"": 2}","가축 분뇨 냄새(닭, 돼지, 소)"
익산시만,2025-07-02 23:00:00,1,1,"{""왕궁면 흥암리"": 1}",4.0,4,"{""가축 분뇨 냄새(닭, 돼지, 소)"": 1}","가축 분뇨 냄새(닭, 돼지, 소)"
익산시만,2025-07-04 06:00:00,1,1,"{""오산면 신지리"": 1}",3.0,3,"{""가축 분뇨 냄새(닭, 돼지, 소)"": 1}","가축 분뇨 냄새(닭, 돼지, 소)"
익산시만,2025-07-04 17:00:00,1,1,"{""부송동"": 1}",3.0,3,"{""하수구 냄새"": 1}",하수구 냄새
익산시만,2025-07-04 21:00:00,1,1,"{""신동"": 1}",2.0,2,"{""기타"": 1}",기타
익산시만,2025-07-04 23:00:00,1,1,"{""평화동"": 1}",2.0,2,"{""가축 분뇨 냄새(닭, 돼지, 소)"": 1}","가축 분뇨 냄새(닭, 돼지, 소)"
익산시만,2025-07-05 00:00:00,1,1,"{""평화동"": 1}",2.0,2,"{""가축 분뇨 냄새(닭, 돼지, 소)"": 1}","가축 분뇨 냄새(닭, 돼지, 소)"
익산시만,2025-07-05 03:00:00,3,3,"{""동산동"": 1, ""평화동"": 1, ""창인동1가"": 1}",4.0,5,"{""가축 분뇨 냄새(닭, 돼지, 소)"": 3}","가축 분뇨 냄새(닭, 돼지, 소)"
익산시만,2025-07-05 06:00:00,2,2,"{""평화동"": 1, ""마동"": 1}",3.0,3,"{""가축 분뇨 냄새(닭, 돼지, 소)"": 2}","가축 분뇨 냄새(닭, 돼지, 소)"
익산시만,2025-07-05 07:00:00,1,1,"{""동산동"": 1}",5.0,5,"{""공장 냄새(화학약품, 매캐함)"": 1}","공장 냄새(화학약품, 매캐함)"
익산시만,2025-07-05 21:00:00,2,2,"{""황등면 황등리"": 2}",5.0,5,"{""가축 분뇨 냄새(닭, 돼지, 소)"": 2}","가축 분뇨 냄새(닭, 돼지, 소)"
익산시만,2025-07-06 01:00:00,1,1,"{""부송동"": 1}",4.0,4,"{""가축 분뇨 냄새(닭, 돼지, 소)"": 1}","가축 분뇨 냄새(닭, 돼지, 소)"
익산시만,2025-07-06 02:00:00,2,2,"{""춘포면 신동리"": 1, ""마동"": 1}",4.5,5,"{""가축 분뇨 냄새(닭, 돼지, 소)"": 2}","가축 분뇨 냄새(닭, 돼지, 소)"
익산시만,2025-07-06 05:00:00,3,3,"{""영등동"": 1, ""어양동"": 1, ""부송동"": 1}",4.0,5,"{""가축 분뇨 냄새(닭, 돼지, 소)"": 3}","가축 분뇨 냄새(닭, 돼지, 소)"
익산시만,2025-07-06 06:00:00,2,2,"{""부송동"": 2}",4.0,4,"{""가축 분뇨 냄새(닭, 돼지, 소)"": 2}","가축 분뇨 냄새(닭, 돼지, 소)"
익산시만,2025-07-06 07:00:00,2,2,"{""오산면 신지리"": 1, ""평화동"": 1}",3.0,3,"{""가축 분뇨 냄새(닭, 돼지, 소)"": 2}","가축 분뇨 냄새(닭, 돼지, 소)"
익산시만,2025-07-07 00:00:00,1,1,"{""왕궁면 흥암리"": 1}",3.0,3,"{""하수구 냄새"": 1}",하수구 냄새
익산시만,2025-07-07 09:00:00,1,1,"{""춘포면 신동리"": 1}",4.0,4,"{""가축 분뇨 냄새(닭, 돼지, 소)"": 1}","가축 분뇨 냄새(닭, 돼지, 소)"
익산시만,2025-07-08 05:00:00,1,1,"{""마동"": 1}",2.0,2,"{""공장 냄새(화학약품, 매캐함)"": 1}","공장 냄새(화학약품, 매캐함)"
익산시만,2025-07-08 15:00:00,1,1,"{""왕궁면 쌍제리"": 1}",4.0,4,"{""가축 분뇨 냄새(닭, 돼지, 소)"": 1}","가축 분뇨 냄새(닭, 돼지, 소)"
익산시만,2025-07-08 19:00:00,1,1,"{""왕궁면 흥암리"": 1}",3.0,3,"{""가축 분뇨 냄새(닭, 돼지, 소)"": 1}","가축 분뇨 냄새(닭, 돼지, 소)"
익산시만,2025-07-08 20:00:00,1,1,"{""왕궁면 흥암리"": 1}",4.0,4,"{""가축 분뇨 냄새(닭, 돼지, 소)"": 1}","가축 분뇨 냄새(닭, 돼지, 소)"
익산시만,2025-07-08 21:00:00,4,4,"{""마동"": 1, ""어양동"": 1, ""왕궁면 흥암리"": 1, ""동산동"": 1}",4.0,4,"{""가축 분뇨 냄새(닭, 돼지, 소)"": 4}","가축 분뇨 냄새(닭, 돼지, 소)"
익산시만,2025-07-08 22:00:00,3,3,"{""마동"": 1, ""영등동"": 1, ""부송동"": 1}",3.6666666666666665,4,"{""가축 분뇨 냄새(닭, 돼지, 소)"": 2, ""소각 냄새(태우는 냄새)"": 1}","가축 분뇨 냄새(닭, 돼지, 소)"
익산시만,2025-07-08 23:00:00,1,1,"{""부송동"": 1}",5.0,5,"{""공장 냄새(화학약품, 매캐함)"": 1}","공장 냄새(화학약품, 매캐함)"
익산시만,2025-07-09 00:00:00,1,1,"{""평화동"": 1}",3.0,3,"{""가축 분뇨 냄새(닭, 돼지, 소)"": 1}","가축 분뇨 냄새(닭, 돼지, 소)"
익산시만,2025-07-09 19:00:00,1,1,"{""왕궁면 흥암리"": 1}",5.0,5,"{""기타"": 1}",기타
익산시만,2025-07-09 20:00:00,4,4,"{""마동"": 2, ""어양동"": 1, ""오산면 신지리"": 1}",3.75,4,"{""공장 냄새(화학약품, 매캐함)"": 2, ""가축 분뇨 냄새(닭, 돼지, 소)"": 1, ""하수구 냄새"": 1}","공장 냄새(화학약품, 매캐함)"
익산시만,2025-07-10 18:00:00,1,1,"{""함열읍 와리"": 1}",5.0,5,"{""가축 분뇨 냄새(닭, 돼지, 소)"": 1}","가축 분뇨 냄새(닭, 돼지, 소)"
익산시만,2025-07-10 21:00:00,1,1,"{""마동"": 1}",2.0,2,"{""공장 냄새(화학약품, 매캐함)"": 1}","공장 냄새(화학약품, 매캐함)"
익산시만,2025-07-11 00:00:00,1,1,"{""마동"": 1}",3.0,3,"{""공장 냄새(화학약품, 매캐함)"": 1}","공장 냄새(화학약품, 매캐함)"
익산시만,2025-07-11 18:00:00,1,1,"{""낭산면 용기리"": 1}",5.0,5,"{""가축 분뇨 냄새(닭, 돼지, 소)"": 1}","가축 분뇨 냄새(닭, 돼지, 소)"
익산시만,2025-07-11 21:00:00,6,6,"{""어양동"": 2, ""마동"": 2, ""인화동2가"": 1, ""왕궁면 흥암리"": 1}",3.5,4,"{""가축 분뇨 냄새(닭, 돼지, 소)"": 3, ""하수구 냄새"": 2, ""공장 냄새(화학약품, 매캐함)"": 1}","가축 분뇨 냄새(닭, 돼지, 소)"
익산시만,2025-07-11 22:00:00,2,2,"{""왕궁면 흥암리"": 1, ""부송동"": 1}",3.5,4,"{""가축 분뇨 냄새(닭, 돼지, 소)"": 1, ""공장 냄새(화학약품, 매캐함)"": 1}","가축 분뇨 냄새(닭, 돼지, 소)"
익산시만,2025-07-12 20:00:00,1,1,"{""황등면 황등리"": 1}",2.0,2,"{""가축 분뇨 냄새(닭, 돼지, 소)"": 1}","가축 분뇨 냄새(닭, 돼지, 소)"
익산시만,2025-07-13 01:00:00,1,1,"{""왕궁면 흥암리"": 1}",4.0,4,"{""하수구 냄새"": 1}",하수구 냄새
익산시만,2025-07-13 02:00:00,1,1,"{""마동"": 1}",5.0,5,"{""가축 분뇨 냄새(닭, 돼지, 소)"": 1}","가축 분뇨 냄새(닭, 돼지, 소)"
익산시만,2025-07-13 05:00:00,1,1,"{""평화동"": 1}",4.0,4,"{""하수구 냄새"": 1}",하수구 냄새
익산시만,2025-07-13 07:00:00,1,1,"{""마동"": 1}",4.0,4,"{""공장 냄새(화학약품, 매캐함)"": 1}","공장 냄새(화학약품, 매캐함)"
익산시만,2025-07-14 05:00:00,1,1,"{""신동"": 1}",2.0,2,"{""가축 분뇨 냄새(닭, 돼지, 소)"": 1}","가축 분뇨 냄새(닭, 돼지, 소)"
익산시만,2025-07-14 06:00:00,3,3,"{""춘포면 신동리"": 2, ""부송동"": 1}",5.0,5,"{""가축 분뇨 냄새(닭, 돼지, 소)"": 2, ""소각 냄새(태우는 냄새)"": 1}","가축 분뇨 냄새(닭, 돼지, 소)"
익산시만,2025-07-14 07:00:00,1,1,"{""평화동"": 1}",3.0,3,"{""가축 분뇨 냄새(닭, 돼지, 소)"": 1}","가축 분뇨 냄새(닭, 돼지, 소)"
익산시만,2025-07-14 08:00:00,1,1,"{""팔봉동"": 1}",3.0,3,"{""가축 분뇨 냄새(닭, 돼지, 소)"": 1}","가축 분뇨 냄새(닭, 돼지, 소)"
익산시만,2025-07-15 00:00:00,1,1,"{""왕궁면 흥암리"": 1}",5.0,5,"{""가축 분뇨 냄새(닭, 돼지, 소)"": 1}","가축 분뇨 냄새(닭, 돼지, 소)"
익산시만,2025-07-15 18:00:00,1,1,"{""남중동"": 1}",2.0,2,"{""소각 냄새(태우는 냄새)"": 1}",소각 냄새(태우는 냄새)
익산시만,2025-07-15 20:00:00,1,1,"{""왕궁면 온수리"": 1}",4.0,4,"{""가축 분뇨 냄새(닭, 돼지, 소)"": 1}","가축 분뇨 냄새(닭, 돼지, 소)"
익산시만,2025-07-15 21:00:00,2,2,"{""평화동"": 2}",4.0,5,"{""하수구 냄새"": 1, ""가축 분뇨 냄새(닭, 돼지, 소)"": 1}",하수구 냄새
익산시만,2025-07-15 22:00:00,2,2,"{""마동"": 1, ""부송동"": 1}",4.0,4,"{""소각 냄새(태우는 냄새)"": 1, ""가축 분뇨 냄새(닭, 돼지, 소)"": 1}",소각 냄새(태우는 냄새)
익산시만,2025-07-15 23:00:00,2,2,"{""부송동"": 2}",5.0,5,"{""가축 분뇨 냄새(닭, 돼지, 소)"": 2}","가축 분뇨 냄새(닭, 돼지, 소)"
익산시만,2025-07-16 07:00:00,1,1,"{""오산면 신지리"": 1}",4.0,4,"{""가축 분뇨 냄새(닭, 돼지, 소)"": 1}","가축 분뇨 냄새(닭, 돼지, 소)"
익산시만,2025-07-16 14:00:00,1,1,"{""부송동"": 1}",3.0,3,"{""공장 냄새(화학약품, 매캐함)"": 1}","공장 냄새(화학약품, 매캐함)"
익산시만,2025-07-17 07:00:00,1,1,"{""평화동"": 1}",3.0,3,"{""가축 분뇨 냄새(닭, 돼지, 소)"": 1}","가축 분뇨 냄새(닭, 돼지, 소)"
익산시만,2025-07-17 23:00:00,1,1,"{""마동"": 1}",5.0,5,"{""가축 분뇨 냄새(닭, 돼지, 소)"": 1}","가축 분뇨 냄새(닭, 돼지, 소)"
익산시만,2025-07-18 16:00:00,2,2,"{""팔봉동"": 1, ""평화동"": 1}",2.5,3,"{""공장 냄새(화학약품, 매캐함)"": 1, ""가축 분뇨 냄새(닭, 돼지, 소)"": 1}","공장 냄새(화학약품, 매캐함)"
익산시만,2025-07-18 18:00:00,2,2,"{""평화동"": 1, ""마동"": 1}",3.5,4,"{""가축 분뇨 냄새(닭, 돼지, 소)"": 2}","가축 분뇨 냄새(닭, 돼지, 소)"
익산시만,2025-07-18 19:00:00,3,1,"{""오산면 신지리"": 3}",4.0,4,"{""가축 분뇨 냄새(닭, 돼지, 소)"": 3}","가축 분뇨 냄새(닭, 돼지, 소)"
익산시만,2025-07-19 12:00:00,1,1,"{""마동"": 1}",4.0,4,"{""가축 분뇨 냄새(닭, 돼지, 소)"": 1}","가축 분뇨 냄새(닭, 돼지, 소)"
익산시만,2025-07-19 13:00:00,1,1,"{""동산동"": 1}",4.0,4,"{""가축 분뇨 냄새(닭, 돼지, 소)"": 1}","가축 분뇨 냄새(닭, 돼지, 소)"
익산시만,2025-07-19 16:00:00,2,2,"{""어양동"": 1, ""춘포면 신동리"": 1}",3.0,4,"{""가축 분뇨 냄새(닭, 돼지, 소)"": 2}","가축 분뇨 냄새(닭, 돼지, 소)"
익산시만,2025-07-19 17:00:00,1,1,"{""춘포면 신동리"": 1}",5.0,5,"{""가축 분뇨 냄새(닭, 돼지, 소)"": 1}","가축 분뇨 냄새(닭, 돼지, 소)"
익산시만,2025-07-19 18:00:00,2,2,"{""오산면 신지리"": 1, ""평화동"": 1}",3.5,4,"{""가축 분뇨 냄새(닭, 돼지, 소)"": 2}","가축 분뇨 냄새(닭, 돼지, 소)"
익산시만,2025-07-20 19:00:00,6,5,"{""동산동"": 2, ""춘포면 신동리"": 2, ""평화동"": 1, ""오산면 신지리"": 1}",4.166666666666667,5,"{""가축 분뇨 냄새(닭, 돼지, 소)"": 6}","가축 분뇨 냄새(닭, 돼지, 소)"
익산시만,2025-07-20 20:00:00,3,3,"{""평화동"": 1, ""마동"": 1, ""모현동1가"": 1}",3.6666666666666665,5,"{""가축 분뇨 냄새(닭, 돼지, 소)"": 3}","가축 분뇨 냄새(닭, 돼지, 소)"
익산시만,2025-07-22 02:00:00,1,1,"{""부송동"": 1}",4.0,4,"{""공장 냄새(화학약품, 매캐함)"": 1}","공장 냄새(화학약품, 매캐함)"
익산시만,2025-07-22 08:00:00,1,1,"{""왕궁면 흥암리"": 1}",2.0,2,"{""기타"": 1}",기타
익산시만,2025-07-22 10:00:00,1,1,"{""신동"": 1}",4.0,4,"{""공장 냄새(화학약품, 매캐함)"": 1}","공장 냄새(화학약품, 매캐함)"
익산시만,2025-07-23 01:00:00,1,1,"{""평화동"": 1}",5.0,5,"{""가축 분뇨 냄새(닭, 돼지, 소)"": 1}","가축 분뇨 냄새(닭, 돼지, 소)"
익산시만,2025-07-23 04:00:00,2,2,"{""마동"": 1, ""영등동"": 1}",4.0,4,"{""가축 분뇨 냄새(닭, 돼지, 소)"": 2}","가축 분뇨 냄새(닭, 돼지, 소)"
익산시만,2025-07-23 20:00:00,2,2,"{""왕궁면 흥암리"": 1, ""춘포면 신동리"": 1}",4.5,5,"{""가축 분뇨 냄새(닭, 돼지, 소)"": 2}","가축 분뇨 냄새(닭, 돼지, 소)"
익산시만,2025-07-23 21:00:00,4,4,"{""어양동"": 2, ""금강동"": 1, ""평화동"": 1}",3.25,4,"{""소각 냄새(태우는 냄새)"": 3, ""공장 냄새(화학약품, 매캐함)"": 1}",소각 냄새(태우는 냄새)
익산시만,2025-07-24 06:00:00,1,1,"{""마동"": 1}",4.0,4,"{""가축 분뇨 냄새(닭, 돼지, 소)"": 1}","가축 분뇨 냄새(닭, 돼지, 소)"
익산시만,2025-07-24 07:00:00,1,1,"{""금강동"": 1}",3.0,3,"{""소각 냄새(태우는 냄새)"": 1}",소각 냄새(태우는 냄새)
익산시만,2025-07-24 20:00:00,1,1,"{""춘포면 신동리"": 1}",4.0,4,"{""가축 분뇨 냄새(닭, 돼지, 소)"": 1}","가축 분뇨 냄새(닭, 돼지, 소)"
익산시만,2025-07-24 21:00:00,2,2,"{""춘포면 신동리"": 2}",4.5,5,"{""가축 분뇨 냄새(닭, 돼지, 소)"": 2}","가축 분뇨 냄새(닭, 돼지, 소)"
익산시만,2025-07-25 00:00:00,1,1,"{""왕궁면 흥암리"": 1}",3.0,3,"{""가축 분뇨 냄새(닭, 돼지, 소)"": 1}","가축 분뇨 냄새(닭, 돼지, 소)"
익산시만,2025-07-25 05:00:00,1,1,"{""평화동"": 1}",4.0,4,"{""가축 분뇨 냄새(닭, 돼지, 소)"": 1}","가축 분뇨 냄새(닭, 돼지, 소)"
익산시만,2025-07-25 06:00:00,1,1,"{""오산면 신지리"": 1}",3.0,3,"{""가축 분뇨 냄새(닭, 돼지, 소)"": 1}","가축 분뇨 냄새(닭, 돼지, 소)"
익산시만,2025-07-25 19:00:00,1,1,"{""삼기면 오룡리"": 1}",3.0,3,"{""가축 분뇨 냄새(닭, 돼지, 소)"": 1}","가축 분뇨 냄새(닭, 돼지, 소)"
익산시만,2025-07-26 06:00:00,1,1,"{""마동"": 1}",3.0,3,"{""공장 냄새(화학약품, 매캐함)"": 1}","공장 냄새(화학약품, 매캐함)"
익산시만,2025-07-26 21:00:00,1,1,"{""부송동"": 1}",5.0,5,"{""공장 냄새(화학약품, 매캐함)"": 1}","공장 냄새(화학약품, 매캐함)"
익산시만,2025-07-27 23:00:00,2,2,"{""부송동"": 2}",4.0,4,"{""가축 분뇨 냄새(닭, 돼지, 소)"": 2}","가축 분뇨 냄새(닭, 돼지, 소)"
익산시만,2025-07-28 05:00:00,1,1,"{""어양동"": 1}",5.0,5,"{""공장 냄새(화학약품, 매캐함)"": 1}","공장 냄새(화학약품, 매캐함)"
익산시만,2025-07-28 06:00:00,2,2,"{""오산면 신지리"": 1, ""영등동"": 1}",3.0,3,"{""가축 분뇨 냄새(닭, 돼지, 소)"": 2}","가축 분뇨 냄새(닭, 돼지, 소)"
익산시만,2025-07-29 03:00:00,1,1,"{""마동"": 1}",5.0,5,"{""가축 분뇨 냄새(닭, 돼지, 소)"": 1}","가축 분뇨 냄새(닭, 돼지, 소)"
익산시만,2025-07-29 05:00:00,1,1,"{""평화동"": 1}",4.0,4,"{""가축 분뇨 냄새(닭, 돼지, 소)"": 1}","가축 분뇨 냄새(닭, 돼지, 소)"
익산시만,2025-07-30 01:00:00,1,1,"{""어양동"": 1}",5.0,5,"{""가축 분뇨 냄새(닭, 돼지, 소)"": 1}","가축 분뇨 냄새(닭, 돼지, 소)"
익산시만,2025-07-30 18:00:00,1,1,"{""어양동"": 1}",4.0,4,"{""가축 분뇨 냄새(닭, 돼지, 소)"": 1}","가축 분뇨 냄새(닭, 돼지, 소)"
익산시만,2025-07-30 23:00:00,5,5,"{""평화동"": 2, ""영등동"": 1, ""어양동"": 1, ""마동"": 1}",4.2,5,"{""가축 분뇨 냄새(닭, 돼지, 소)"": 4, ""공장 냄새(화학약품, 매캐함)"": 1}","가축 분뇨 냄새(닭, 돼지, 소)"
익산시만,2025-07-31 18:00:00,1,1,"{""왕궁면 흥암리"": 1}",3.0,3,"{""하수구 냄새"": 1}",하수구 냄새
익산시만,2025-08-01 01:00:00,1,1,"{""왕궁면 흥암리"": 1}",4.0,4,"{""가축 분뇨 냄새(닭, 돼지, 소)"": 1}","가축 분뇨 냄새(닭, 돼지, 소)"
익산시만,2025-08-01 07:00:00,1,1,"{""부송동"": 1}",3.0,3,"{""공장 냄새(화학약품, 매캐함)"": 1}","공장 냄새(화학약품, 매캐함)"
익산시만,2025-08-01 21:00:00,3,3,"{""왕궁면 흥암리"": 3}",4.666666666666667,5,"{""가축 분뇨 냄새(닭, 돼지, 소)"": 2, ""기타"": 1}","가축 분뇨 냄새(닭, 돼지, 소)"
익산시만,2025-08-02 02:00:00,1,1,"{""부송동"": 1}",5.0,5,"{""가축 분뇨 냄새(닭, 돼지, 소)"": 1}","가축 분뇨 냄새(닭, 돼지, 소)"
익산시만,2025-08-02 20:00:00,1,1,"{""왕궁면 흥암리"": 1}",3.0,3,"{""가축 분뇨 냄새(닭, 돼지, 소)"": 1}","가축 분뇨 냄새(닭, 돼지, 소)"
익산시만,2025-08-03 09:00:00,1,1,"{""어양동"": 1}",3.0,3,"{""공장 냄새(화학약품, 매캐함)"": 1}","공장 냄새(화학약품, 매캐함)"
익산시만,2025-08-03 13:00:00,1,1,"{""어양동"": 1}",3.0,3,"{""가축 분뇨 냄새(닭, 돼지, 소)"": 1}","가축 분뇨 냄새(닭, 돼지, 소)"
익산시만,2025-08-03 15:00:00,1,1,"{""춘포면 신동리"": 1}",4.0,4,"{""가축 분뇨 냄새(닭, 돼지, 소)"": 1}","가축 분뇨 냄새(닭, 돼지, 소)"
익산시만,2025-08-05 03:00:00,1,1,"{""어양동"": 1}",5.0,5,"{""가축 분뇨 냄새(닭, 돼지, 소)"": 1}","가축 분뇨 냄새(닭, 돼지, 소)"
익산시만,2025-08-06 03:00:00,1,1,"{""어양동"": 1}",2.0,2,"{""가축 분뇨 냄새(닭, 돼지, 소)"": 1}","가축 분뇨 냄새(닭, 돼지, 소)"
익산시만,2025-08-06 04:00:00,2,2,"{""부송동"": 2}",4.0,4,"{""가축 분뇨 냄새(닭, 돼지, 소)"": 2}","가축 분뇨 냄새(닭, 돼지, 소)"
익산시만,2025-08-06 05:00:00,1,1,"{""영등동"": 1}",4.0,4,"{""가축 분뇨 냄새(닭, 돼지, 소)"": 1}","가축 분뇨 냄새(닭, 돼지, 소)"
익산시만,2025-08-06 06:00:00,1,1,"{""마동"": 1}",4.0,4,"{""가축 분뇨 냄새(닭, 돼지, 소)"": 1}","가축 분뇨 냄새(닭, 돼지, 소)"
익산시만,2025-08-06 07:00:00,2,2,"{""춘포면 신동리"": 2}",5.0,5,"{""가축 분뇨 냄새(닭, 돼지, 소)"": 2}","가축 분뇨 냄새(닭, 돼지, 소)"
익산시만,2025-08-06 08:00:00,3,3,"{""춘포면 신동리"": 2, ""오산면 신지리"": 1}",4.333333333333333,5,"{""가축 분뇨 냄새(닭, 돼지, 소)"": 3}","가축 분뇨 냄새(닭, 돼지, 소)"
익산시만,2025-08-06 09:00:00,1,1,"{""모현동1가"": 1}",4.0,4,"{""소각 냄새(태우는 냄새)"": 1}",소각 냄새(태우는 냄새)
익산시만,2025-08-07 23:00:00,2,2,"{""부송동"": 1, ""평화동"": 1}",4.0,4,"{""가축 분뇨 냄새(닭, 돼지, 소)"": 2}","가축 분뇨 냄새(닭, 돼지, 소)"
익산시만,2025-08-08 03:00:00,1,1,"{""어양동"": 1}",5.0,5,"{""가축 분뇨 냄새(닭, 돼지, 소)"": 1}","가축 분뇨 냄새(닭, 돼지, 소)"
익산시만,2025-08-08 06:00:00,1,1,"{""오산면 신지리"": 1}",3.0,3,"{""가축 분뇨 냄새(닭, 돼지, 소)"": 1}","가축 분뇨 냄새(닭, 돼지, 소)"
익산시만,2025-08-08 21:00:00,2,2,"{""부송동"": 2}",3.5,4,"{""공장 냄새(화학약품, 매캐함)"": 2}","공장 냄새(화학약품, 매캐함)"
익산시만,2025-08-08 22:00:00,2,2,"{""부송동"": 1, ""왕궁면 흥암리"": 1}",3.5,4,"{""공장 냄새(화학약품, 매캐함)"": 1, ""가축 분뇨 냄새(닭, 돼지, 소)"": 1}","공장 냄새(화학약품, 매캐함)"
익산시만,2025-08-08 23:00:00,28,28,"{""마동"": 12, ""동산동"": 4, ""영등동"": 4, ""어양동"": 3, ""부송동"": 3, ""금강동"": 2}",4.392857142857143,5,"{""가축 분뇨 냄새(닭, 돼지, 소)"": 28}","가축 분뇨 냄새(닭, 돼지, 소)"
익산시만,2025-08-09 00:00:00,5,5,"{""영등동"": 2, ""평화동"": 1, ""어양동"": 1, ""왕궁면 흥암리"": 1}",3.8,4,"{""가축 분뇨 냄새(닭, 돼지, 소)"": 5}","가축 분뇨 냄새(닭, 돼지, 소)"
익산시만,2025-08-09 06:00:00,1,1,"{""마동"": 1}",4.0,4,"{""가축 분뇨 냄새(닭, 돼지, 소)"": 1}","가축 분뇨 냄새(닭, 돼지, 소)"
익산시만,2025-08-09 21:00:00,1,1,"{""평화동"": 1}",5.0,5,"{""하수구 냄새"": 1}",하수구 냄새
익산시만,2025-08-10 21:00:00,1,1,"{""평화동"": 1}",5.0,5,"{""기타"": 1}",기타
익산시만,2025-08-10 22:00:00,1,1,"{""평화동"": 1}",4.0,4,"{""가축 분뇨 냄새(닭, 돼지, 소)"": 1}","가축 분뇨 냄새(닭, 돼지, 소)"
익산시만,2025-08-11 03:00:00,1,1,"{""마동"": 1}",4.0,4,"{""가축 분뇨 냄새(닭, 돼지, 소)"": 1}","가축 분뇨 냄새(닭, 돼지, 소)"
익산시만,2025-08-11 06:00:00,1,1,"{""부송동"": 1}",3.0,3,"{""공장 냄새(화학약품, 매캐함)"": 1}","공장 냄새(화학약품, 매캐함)"
익산시만,2025-08-12 01:00:00,1,1,"{""평화동"": 1}",4.0,4,"{""가축 분뇨 냄새(닭, 돼지, 소)"": 1}","가축 분뇨 냄새(닭, 돼지, 소)"
익산시만,2025-08-12 02:00:00,1,1,"{""마동"": 1}",5.0,5,"{""가축 분뇨 냄새(닭, 돼지, 소)"": 1}","가축 분뇨 냄새(닭, 돼지, 소)"
익산시만,2025-08-12 06:00:00,1,1,"{""마동"": 1}",4.0,4,"{""공장 냄새(화학약품, 매캐함)"": 1}","공장 냄새(화학약품, 매캐함)"
익산시만,2025-08-12 19:00:00,2,2,"{""마동"": 1, ""왕궁면 광암리"": 1}",4.5,5,"{""가축 분뇨 냄새(닭, 돼지, 소)"": 1, ""소각 냄새(태우는 냄새)"": 1}","가축 분뇨 냄새(닭, 돼지, 소)"
익산시만,2025-08-12 21:00:00,2,2,"{""왕궁면 흥암리"": 1, ""부송동"": 1}",4.5,5,"{""하수구 냄새"": 1, ""공장 냄새(화학약품, 매캐함)"": 1}",하수구 냄새
익산시만,2025-08-12 23:00:00,2,2,"{""평화동"": 2}",3.5,4,"{""하수구 냄새"": 1, ""가축 분뇨 냄새(닭, 돼지, 소)"": 1}",하수구 냄새
익산시만,2025-08-13 06:00:00,1,1,"{""왕궁면 쌍제리"": 1}",4.0,4,"{""가축 분뇨 냄새(닭, 돼지, 소)"": 1}","가축 분뇨 냄새(닭, 돼지, 소)"
익산시만,2025-08-13 07:00:00,3,3,"{""평화동"": 3}",4.666666666666667,5,"{""가축 분뇨 냄새(닭, 돼지, 소)"": 3}","가축 분뇨 냄새(닭, 돼지, 소)"
익산시만,2025-08-13 08:00:00,1,1,"{""오산면 신지리"": 1}",4.0,4,"{""가축 분뇨 냄새(닭, 돼지, 소)"": 1}","가축 분뇨 냄새(닭, 돼지, 소)"
익산시만,2025-08-13 13:00:00,1,1,"{""왕궁면 쌍제리"": 1}",4.0,4,"{""가축 분뇨 냄새(닭, 돼지, 소)"": 1}","가축 분뇨 냄새(닭, 돼지, 소)"
익산시만,2025-08-13 18:00:00,1,1,"{""왕궁면 흥암리"": 1}",3.0,3,"{""가축 분뇨 냄새(닭, 돼지, 소)"": 1}","가축 분뇨 냄새(닭, 돼지, 소)"
익산시만,2025-08-13 19:00:00,1,1,"{""왕궁면 흥암리"": 1}",3.0,3,"{""가축 분뇨 냄새(닭, 돼지, 소)"": 1}","가축 분뇨 냄새(닭, 돼지, 소)"
익산시만,2025-08-13 20:00:00,1,1,"{""마동"": 1}",3.0,3,"{""가축 분뇨 냄새(닭, 돼지, 소)"": 1}","가축 분뇨 냄새(닭, 돼지, 소)"
익산시만,2025-08-13 21:00:00,4,4,"{""왕궁면 흥암리"": 2, ""평화동"": 2}",4.25,5,"{""가축 분뇨 냄새(닭, 돼지, 소)"": 2, ""기타"": 2}","가축 분뇨 냄새(닭, 돼지, 소)"
익산시만,2025-08-13 22:00:00,2,2,"{""왕궁면 흥암리"": 1, ""어양동"": 1}",4.5,5,"{""가축 분뇨 냄새(닭, 돼지, 소)"": 2}","가축 분뇨 냄새(닭, 돼지, 소)"
익산시만,2025-08-13 23:00:00,6,6,"{""부송동"": 3, ""평화동"": 1, ""송학동"": 1, ""팔봉동"": 1}",4.166666666666667,5,"{""가축 분뇨 냄새(닭, 돼지, 소)"": 6}","가축 분뇨 냄새(닭, 돼지, 소)"
익산시만,2025-08-14 00:00:00,3,2,"{""부송동"": 2, ""평화동"": 1}",5.0,5,"{""가축 분뇨 냄새(닭, 돼지, 소)"": 2, ""기타"": 1}","가축 분뇨 냄새(닭, 돼지, 소)"
익산시만,2025-08-14 01:00:00,1,1,"{""부송동"": 1}",4.0,4,"{""가축 분뇨 냄새(닭, 돼지, 소)"": 1}","가축 분뇨 냄새(닭, 돼지, 소)"
익산시만,2025-08-14 02:00:00,2,2,"{""부송동"": 1, ""어양동"": 1}",5.0,5,"{""가축 분뇨 냄새(닭, 돼지, 소)"": 2}","가축 분뇨 냄새(닭, 돼지, 소)"
익산시만,2025-08-14 03:00:00,3,3,"{""춘포면 신동리"": 2, ""마동"": 1}",5.0,5,"{""가축 분뇨 냄새(닭, 돼지, 소)"": 3}","가축 분뇨 냄새(닭, 돼지, 소)"
익산시만,2025-08-14 04:00:00,1,1,"{""어양동"": 1}",5.0,5,"{""가축 분뇨 냄새(닭, 돼지, 소)"": 1}","가축 분뇨 냄새(닭, 돼지, 소)"
익산시만,2025-08-14 06:00:00,1,1,"{""오산면 신지리"": 1}",3.0,3,"{""가축 분뇨 냄새(닭, 돼지, 소)"": 1}","가축 분뇨 냄새(닭, 돼지, 소)"
익산시만,2025-08-14 12:00:00,1,1,"{""왕궁면 흥암리"": 1}",2.0,2,"{""가축 분뇨 냄새(닭, 돼지, 소)"": 1}","가축 분뇨 냄새(닭, 돼지, 소)"
익산시만,2025-08-14 17:00:00,1,1,"{""왕궁면 흥암리"": 1}",4.0,4,"{""가축 분뇨 냄새(닭, 돼지, 소)"": 1}","가축 분뇨 냄새(닭, 돼지, 소)"
익산시만,2025-08-15 01:00:00,3,3,"{""평화동"": 1, ""어양동"": 1, ""송학동"": 1}",5.0,5,"{""가축 분뇨 냄새(닭, 돼지, 소)"": 3}","가축 분뇨 냄새(닭, 돼지, 소)"
익산시만,2025-08-15 03:00:00,1,1,"{""춘포면 신동리"": 1}",5.0,5,"{""가축 분뇨 냄새(닭, 돼지, 소)"": 1}","가축 분뇨 냄새(닭, 돼지, 소)"
익산시만,2025-08-15 05:00:00,4,4,"{""마동"": 3, ""평화동"": 1}",4.5,5,"{""가축 분뇨 냄새(닭, 돼지, 소)"": 4}","가축 분뇨 냄새(닭, 돼지, 소)"
익산시만,2025-08-15 06:00:00,2,2,"{""평화동"": 1, ""오산면 신지리"": 1}",4.0,5,"{""가축 분뇨 냄새(닭, 돼지, 소)"": 2}","가축 분뇨 냄새(닭, 돼지, 소)"
익산시만,2025-08-15 20:00:00,1,1,"{""왕궁면 흥암리"": 1}",3.0,3,"{""소각 냄새(태우는 냄새)"": 1}",소각 냄새(태우는 냄새)
익산시만,2025-08-16 00:00:00,1,1,"{""평화동"": 1}",2.0,2,"{""가축 분뇨 냄새(닭, 돼지, 소)"": 1}","가축 분뇨 냄새(닭, 돼지, 소)"
익산시만,2025-08-16 20:00:00,1,1,"{""용동면 용성리"": 1}",4.0,4,"{""가축 분뇨 냄새(닭, 돼지, 소)"": 1}","가축 분뇨 냄새(닭, 돼지, 소)"
익산시만,2025-08-16 23:00:00,2,2,"{""왕궁면 흥암리"": 2}",5.0,5,"{""가축 분뇨 냄새(닭, 돼지, 소)"": 2}","가축 분뇨 냄새(닭, 돼지, 소)"
익산시만,2025-08-17 00:00:00,4,4,"{""왕궁면 흥암리"": 1, ""평화동"": 1, ""어양동"": 1, ""동산동"": 1}",5.0,5,"{""가축 분뇨 냄새(닭, 돼지, 소)"": 4}","가축 분뇨 냄새(닭, 돼지, 소)"
익산시만,2025-08-17 01:00:00,6,6,"{""어양동"": 3, ""마동"": 2, ""남중동"": 1}",4.833333333333333,5,"{""가축 분뇨 냄새(닭, 돼지, 소)"": 6}","가축 분뇨 냄새(닭, 돼지, 소)"
익산시만,2025-08-17 02:00:00,2,2,"{""마동"": 2}",5.0,5,"{""가축 분뇨 냄새(닭, 돼지, 소)"": 2}","가축 분뇨 냄새(닭, 돼지, 소)"
익산시만,2025-08-17 03:00:00,1,1,"{""마동"": 1}",5.0,5,"{""가축 분뇨 냄새(닭, 돼지, 소)"": 1}","가축 분뇨 냄새(닭, 돼지, 소)"
익산시만,2025-08-17 04:00:00,1,1,"{""송학동"": 1}",4.0,4,"{""가축 분뇨 냄새(닭, 돼지, 소)"": 1}","가축 분뇨 냄새(닭, 돼지, 소)"
익산시만,2025-08-17 22:00:00,1,1,"{""왕궁면 흥암리"": 1}",5.0,5,"{""가축 분뇨 냄새(닭, 돼지, 소)"": 1}","가축 분뇨 냄새(닭, 돼지, 소)"
익산시만,2025-08-17 23:00:00,1,1,"{""평화동"": 1}",4.0,4,"{""가축 분뇨 냄새(닭, 돼지, 소)"": 1}","가축 분뇨 냄새(닭, 돼지, 소)"
익산시만,2025-08-18 00:00:00,1,1,"{""영등동"": 1}",2.0,2,"{""가축 분뇨 냄새(닭, 돼지, 소)"": 1}","가축 분뇨 냄새(닭, 돼지, 소)"
익산시만,2025-08-18 01:00:00,2,2,"{""왕궁면 흥암리"": 2}",3.5,4,"{""가축 분뇨 냄새(닭, 돼지, 소)"": 2}","가축 분뇨 냄새(닭, 돼지, 소)"
익산시만,2025-08-18 02:00:00,2,2,"{""어양동"": 2}",4.0,5,"{""가축 분뇨 냄새(닭, 돼지, 소)"": 2}","가축 분뇨 냄새(닭, 돼지, 소)"
익산시만,2025-08-18 03:00:00,1,1,"{""어양동"": 1}",4.0,4,"{""가축 분뇨 냄새(닭, 돼지, 소)"": 1}","가축 분뇨 냄새(닭, 돼지, 소)"
익산시만,2025-08-19 00:00:00,1,1,"{""평화동"": 1}",5.0,5,"{""가축 분뇨 냄새(닭, 돼지, 소)"": 1}","가축 분뇨 냄새(닭, 돼지, 소)"
익산시만,2025-08-19 02:00:00,1,1,"{""부송동"": 1}",4.0,4,"{""가축 분뇨 냄새(닭, 돼지, 소)"": 1}","가축 분뇨 냄새(닭, 돼지, 소)"
익산시만,2025-08-19 04:00:00,1,1,"{""동산동"": 1}",5.0,5,"{""가축 분뇨 냄새(닭, 돼지, 소)"": 1}","가축 분뇨 냄새(닭, 돼지, 소)"
익산시만,2025-08-19 06:00:00,1,1,"{""오산면 신지리"": 1}",3.0,3,"{""가축 분뇨 냄새(닭, 돼지, 소)"": 1}","가축 분뇨 냄새(닭, 돼지, 소)"
익산시만,2025-08-19 22:00:00,4,4,"{""어양동"": 2, ""왕궁면 흥암리"": 1, ""마동"": 1}",4.5,5,"{""가축 분뇨 냄새(닭, 돼지, 소)"": 4}","가축 분뇨 냄새(닭, 돼지, 소)"
익산시만,2025-08-19 23:00:00,5,5,"{""평화동"": 2, ""부송동"": 1, ""창인동1가"": 1, ""마동"": 1}",4.8,5,"{""가축 분뇨 냄새(닭, 돼지, 소)"": 5}","가축 분뇨 냄새(닭, 돼지, 소)"
익산시만,2025-08-20 06:00:00,1,1,"{""오산면 신지리"": 1}",3.0,3,"{""가축 분뇨 냄새(닭, 돼지, 소)"": 1}","가축 분뇨 냄새(닭, 돼지, 소)"
익산시만,2025-08-20 17:00:00,1,1,"{""왕궁면 흥암리"": 1}",4.0,4,"{""하수구 냄새"": 1}",하수구 냄새
익산시만,2025-08-20 23:00:00,3,3,"{""어양동"": 2, ""부송동"": 1}",3.6666666666666665,4,"{""가축 분뇨 냄새(닭, 돼지, 소)"": 3}","가축 분뇨 냄새(닭, 돼지, 소)"
익산시만,2025-08-21 00:00:00,6,6,"{""평화동"": 2, ""마동"": 2, ""동산동"": 1, ""창인동1가"": 1}",4.333333333333333,5,"{""가축 분뇨 냄새(닭, 돼지, 소)"": 6}","가축 분뇨 냄새(닭, 돼지, 소)"
익산시만,2025-08-21 04:00:00,2,2,"{""마동"": 1, ""어양동"": 1}",4.5,5,"{""가축 분뇨 냄새(닭, 돼지, 소)"": 2}","가축 분뇨 냄새(닭, 돼지, 소)"
익산시만,2025-08-21 06:00:00,1,1,"{""오산면 신지리"": 1}",3.0,3,"{""공장 냄새(화학약품, 매캐함)"": 1}","공장 냄새(화학약품, 매캐함)"
익산시만,2025-08-21 18:00:00,1,1,"{""왕궁면 흥암리"": 1}",5.0,5,"{""가축 분뇨 냄새(닭, 돼지, 소)"": 1}","가축 분뇨 냄새(닭, 돼지, 소)"
익산시만,2025-08-22 00:00:00,1,1,"{""평화동"": 1}",5.0,5,"{""가축 분뇨 냄새(닭, 돼지, 소)"": 1}","가축 분뇨 냄새(닭, 돼지, 소)"
익산시만,2025-08-22 02:00:00,1,1,"{""어양동"": 1}",4.0,4,"{""가축 분뇨 냄새(닭, 돼지, 소)"": 1}","가축 분뇨 냄새(닭, 돼지, 소)"
익산시만,2025-08-22 04:00:00,1,1,"{""평화동"": 1}",4.0,4,"{""가축 분뇨 냄새(닭, 돼지, 소)"": 1}","가축 분뇨 냄새(닭, 돼지, 소)"
익산시만,2025-08-22 06:00:00,1,1,"{""오산면 신지리"": 1}",3.0,3,"{""가축 분뇨 냄새(닭, 돼지, 소)"": 1}","가축 분뇨 냄새(닭, 돼지, 소)"
익산시만,2025-08-22 10:00:00,1,1,"{""평화동"": 1}",3.0,3,"{""기타"": 1}",기타
익산시만,2025-08-22 21:00:00,1,1,"{""왕궁면 흥암리"": 1}",5.0,5,"{""가축 분뇨 냄새(닭, 돼지, 소)"": 1}","가축 분뇨 냄새(닭, 돼지, 소)"
익산시만,2025-08-22 23:00:00,3,3,"{""동산동"": 2, ""어양동"": 1}",3.6666666666666665,4,"{""가축 분뇨 냄새(닭, 돼지, 소)"": 3}","가축 분뇨 냄새(닭, 돼지, 소)"
익산시만,2025-08-23 00:00:00,1,1,"{""마동"": 1}",5.0,5,"{""가축 분뇨 냄새(닭, 돼지, 소)"": 1}","가축 분뇨 냄새(닭, 돼지, 소)"
익산시만,2025-08-23 01:00:00,2,2,"{""평화동"": 1, ""마동"": 1}",5.0,5,"{""가축 분뇨 냄새(닭, 돼지, 소)"": 2}","가축 분뇨 냄새(닭, 돼지, 소)"
익산시만,2025-08-23 02:00:00,1,1,"{""평화동"": 1}",4.0,4,"{""가축 분뇨 냄새(닭, 돼지, 소)"": 1}","가축 분뇨 냄새(닭, 돼지, 소)"
익산시만,2025-08-23 06:00:00,1,1,"{""오산면 신지리"": 1}",5.0,5,"{""가축 분뇨 냄새(닭, 돼지, 소)"": 1}","가축 분뇨 냄새(닭, 돼지, 소)"
익산시만,2025-08-23 07:00:00,1,1,"{""왕궁면 흥암리"": 1}",3.0,3,"{""기타"": 1}",기타
익산시만,2025-08-23 22:00:00,1,1,"{""왕궁면 흥암리"": 1}",5.0,5,"{""기타"": 1}",기타
익산시만,2025-08-23 23:00:00,2,2,"{""부송동"": 1, ""팔봉동"": 1}",2.5,3,"{""가축 분뇨 냄새(닭, 돼지, 소)"": 2}","가축 분뇨 냄새(닭, 돼지, 소)"
익산시만,2025-08-24 00:00:00,2,2,"{""부송동"": 2}",5.0,5,"{""가축 분뇨 냄새(닭, 돼지, 소)"": 2}","가축 분뇨 냄새(닭, 돼지, 소)"
익산시만,2025-08-24 01:00:00,1,1,"{""마동"": 1}",4.0,4,"{""가축 분뇨 냄새(닭, 돼지, 소)"": 1}","가축 분뇨 냄새(닭, 돼지, 소)"
익산시만,2025-08-24 02:00:00,1,1,"{""평화동"": 1}",5.0,5,"{""가축 분뇨 냄새(닭, 돼지, 소)"": 1}","가축 분뇨 냄새(닭, 돼지, 소)"
익산시만,2025-08-24 06:00:00,1,1,"{""오산면 신지리"": 1}",4.0,4,"{""가축 분뇨 냄새(닭, 돼지, 소)"": 1}","가축 분뇨 냄새(닭, 돼지, 소)"
익산시만,2025-08-24 17:00:00,1,1,"{""왕궁면 흥암리"": 1}",4.0,4,"{""가축 분뇨 냄새(닭, 돼지, 소)"": 1}","가축 분뇨 냄새(닭, 돼지, 소)"
익산시만,2025-08-25 00:00:00,1,1,"{""평화동"": 1}",5.0,5,"{""가축 분뇨 냄새(닭, 돼지, 소)"": 1}","가축 분뇨 냄새(닭, 돼지, 소)"
익산시만,2025-08-25 01:00:00,1,1,"{""평화동"": 1}",4.0,4,"{""가축 분뇨 냄새(닭, 돼지, 소)"": 1}","가축 분뇨 냄새(닭, 돼지, 소)"
익산시만,2025-08-25 02:00:00,1,1,"{""송학동"": 1}",5.0,5,"{""가축 분뇨 냄새(닭, 돼지, 소)"": 1}","가축 분뇨 냄새(닭, 돼지, 소)"
익산시만,2025-08-25 03:00:00,1,1,"{""송학동"": 1}",3.0,3,"{""가축 분뇨 냄새(닭, 돼지, 소)"": 1}","가축 분뇨 냄새(닭, 돼지, 소)"
익산시만,2025-08-25 06:00:00,1,1,"{""오산면 신지리"": 1}",3.0,3,"{""가축 분뇨 냄새(닭, 돼지, 소)"": 1}","가축 분뇨 냄새(닭, 돼지, 소)"
익산시만,2025-08-25 07:00:00,1,1,"{""평화동"": 1}",4.0,4,"{""가축 분뇨 냄새(닭, 돼지, 소)"": 1}","가축 분뇨 냄새(닭, 돼지, 소)"
익산시만,2025-08-25 22:00:00,3,3,"{""송학동"": 1, ""평화동"": 1, ""오산면 송학리"": 1}",4.666666666666667,5,"{""가축 분뇨 냄새(닭, 돼지, 소)"": 3}","가축 분뇨 냄새(닭, 돼지, 소)"
익산시만,2025-08-25 23:00:00,1,1,"{""평화동"": 1}",4.0,4,"{""가축 분뇨 냄새(닭, 돼지, 소)"": 1}","가축 분뇨 냄새(닭, 돼지, 소)"
익산시만,2025-08-26 00:00:00,2,2,"{""동산동"": 2}",4.0,4,"{""가축 분뇨 냄새(닭, 돼지, 소)"": 2}","가축 분뇨 냄새(닭, 돼지, 소)"
익산시만,2025-08-26 11:00:00,2,2,"{""평화동"": 1, ""창인동1가"": 1}",3.5,4,"{""기타"": 1, ""가축 분뇨 냄새(닭, 돼지, 소)"": 1}",기타
익산시만,2025-08-26 23:00:00,2,2,"{""왕궁면 흥암리"": 2}",3.5,4,"{""가축 분뇨 냄새(닭, 돼지, 소)"": 2}","가축 분뇨 냄새(닭, 돼지, 소)"
익산시만,2025-08-27 02:00:00,2,2,"{""부송동"": 1, ""마동"": 1}",2.5,4,"{""공장 냄새(화학약품, 매캐함)"": 1, ""가축 분뇨 냄새(닭, 돼지, 소)"": 1}","공장 냄새(화학약품, 매캐함)"
익산시만,2025-08-27 03:00:00,1,1,"{""신동"": 1}",3.0,3,"{""공장 냄새(화학약품, 매캐함)"": 1}","공장 냄새(화학약품, 매캐함)"
익산시만,2025-08-27 18:00:00,1,1,"{""왕궁면 흥암리"": 1}",5.0,5,"{""가축 분뇨 냄새(닭, 돼지, 소)"": 1}","가축 분뇨 냄새(닭, 돼지, 소)"
익산시만,2025-08-27 23:00:00,1,1,"{""부송동"": 1}",5.0,5,"{""가축 분뇨 냄새(닭, 돼지, 소)"": 1}","가축 분뇨 냄새(닭, 돼지, 소)"
익산시만,2025-08-28 00:00:00,2,2,"{""동산동"": 1, ""어양동"": 1}",4.0,5,"{""가축 분뇨 냄새(닭, 돼지, 소)"": 2}","가축 분뇨 냄새(닭, 돼지, 소)"
익산시만,2025-08-28 21:00:00,2,2,"{""동산동"": 2}",4.5,5,"{""가축 분뇨 냄새(닭, 돼지, 소)"": 2}","가축 분뇨 냄새(닭, 돼지, 소)"
익산시만,2025-08-28 22:00:00,11,11,"{""동산동"": 3, ""평화동"": 3, ""마동"": 2, ""창인동1가"": 1, ""신동"": 1, ""인화동2가"": 1}",4.454545454545454,5,"{""가축 분뇨 냄새(닭, 돼지, 소)"": 10, ""기타"": 1}","가축 분뇨 냄새(닭, 돼지, 소)"
익산시만,2025-08-29 00:00:00,1,1,"{""마동"": 1}",4.0,4,"{""가축 분뇨 냄새(닭, 돼지, 소)"": 1}","가축 분뇨 냄새(닭, 돼지, 소)"
익산시만,2025-08-29 02:00:00,3,3,"{""마동"": 2, ""창인동1가"": 1}",5.0,5,"{""가축 분뇨 냄새(닭, 돼지, 소)"": 3}","가축 분뇨 냄새(닭, 돼지, 소)"
익산시만,2025-08-29 05:00:00,1,1,"{""춘포면 신동리"": 1}",3.0,3,"{""가축 분뇨 냄새(닭, 돼지, 소)"": 1}","가축 분뇨 냄새(닭, 돼지, 소)"
익산시만,2025-08-29 07:00:00,1,1,"{""오산면 신지리"": 1}",3.0,3,"{""가축 분뇨 냄새(닭, 돼지, 소)"": 1}","가축 분뇨 냄새(닭, 돼지, 소)"
익산시만,2025-08-29 21:00:00,2,2,"{""왕궁면 흥암리"": 1, ""춘포면 신동리"": 1}",4.0,4,"{""가축 분뇨 냄새(닭, 돼지, 소)"": 2}","가축 분뇨 냄새(닭, 돼지, 소)"
익산시만,2025-08-29 22:00:00,6,6,"{""부송동"": 3, ""춘포면 신동리"": 2, ""영등동"": 1}",4.5,5,"{""가축 분뇨 냄새(닭, 돼지, 소)"": 6}","가축 분뇨 냄새(닭, 돼지, 소)"
익산시만,2025-08-29 23:00:00,5,5,"{""어양동"": 4, ""평화동"": 1}",5.0,5,"{""가축 분뇨 냄새(닭, 돼지, 소)"": 5}","가축 분뇨 냄새(닭, 돼지, 소)"
익산시만,2025-08-30 00:00:00,1,1,"{""어양동"": 1}",5.0,5,"{""가축 분뇨 냄새(닭, 돼지, 소)"": 1}","가축 분뇨 냄새(닭, 돼지, 소)"
익산시만,2025-08-30 01:00:00,3,3,"{""영등동"": 2, ""평화동"": 1}",4.0,5,"{""가축 분뇨 냄새(닭, 돼지, 소)"": 3}","가축 분뇨 냄새(닭, 돼지, 소)"
익산시만,2025-08-30 03:00:00,1,1,"{""평화동"": 1}",5.0,5,"{""가축 분뇨 냄새(닭, 돼지, 소)"": 1}","가축 분뇨 냄새(닭, 돼지, 소)"
익산시만,2025-08-30 06:00:00,1,1,"{""오산면 신지리"": 1}",5.0,5,"{""가축 분뇨 냄새(닭, 돼지, 소)"": 1}","가축 분뇨 냄새(닭, 돼지, 소)"
익산시만,2025-08-30 21:00:00,1,1,"{""오산면 신지리"": 1}",2.0,2,"{""가축 분뇨 냄새(닭, 돼지, 소)"": 1}","가축 분뇨 냄새(닭, 돼지, 소)"
익산시만,2025-08-30 22:00:00,2,2,"{""부송동"": 1, ""어양동"": 1}",5.0,5,"{""가축 분뇨 냄새(닭, 돼지, 소)"": 2}","가축 분뇨 냄새(닭, 돼지, 소)"
익산시만,2025-08-30 23:00:00,3,3,"{""부송동"": 2, ""어양동"": 1}",5.0,5,"{""가축 분뇨 냄새(닭, 돼지, 소)"": 3}","가축 분뇨 냄새(닭, 돼지, 소)"
익산시만,2025-08-31 00:00:00,3,3,"{""평화동"": 2, ""송학동"": 1}",4.333333333333333,5,"{""가축 분뇨 냄새(닭, 돼지, 소)"": 3}","가축 분뇨 냄새(닭, 돼지, 소)"
익산시만,2025-08-31 14:00:00,1,1,"{""왕궁면 쌍제리"": 1}",3.0,3,"{""가축 분뇨 냄새(닭, 돼지, 소)"": 1}","가축 분뇨 냄새(닭, 돼지, 소)"
익산시만,2025-08-31 22:00:00,4,4,"{""부송동"": 1, ""송학동"": 1, ""마동"": 1, ""동산동"": 1}",3.75,4,"{""가축 분뇨 냄새(닭, 돼지, 소)"": 4}","가축 분뇨 냄새(닭, 돼지, 소)"
익산시만,2025-08-31 23:00:00,4,4,"{""평화동"": 2, ""남중동"": 1, ""모현동1가"": 1}",4.25,5,"{""가축 분뇨 냄새(닭, 돼지, 소)"": 4}","가축 분뇨 냄새(닭, 돼지, 소)"
익산시만,2025-09-01 22:00:00,1,1,"{""부송동"": 1}",3.0,3,"{""공장 냄새(화학약품, 매캐함)"": 1}","공장 냄새(화학약품, 매캐함)"
익산시만,2025-09-02 00:00:00,1,1,"{""마동"": 1}",5.0,5,"{""가축 분뇨 냄새(닭, 돼지, 소)"": 1}","가축 분뇨 냄새(닭, 돼지, 소)"
익산시만,2025-09-02 01:00:00,1,1,"{""평화동"": 1}",5.0,5,"{""가축 분뇨 냄새(닭, 돼지, 소)"": 1}","가축 분뇨 냄새(닭, 돼지, 소)"
익산시만,2025-09-02 07:00:00,1,1,"{""삼기면 오룡리"": 1}",5.0,5,"{""가축 분뇨 냄새(닭, 돼지, 소)"": 1}","가축 분뇨 냄새(닭, 돼지, 소)"
익산시만,2025-09-02 21:00:00,2,2,"{""마동"": 1, ""부송동"": 1}",3.5,4,"{""공장 냄새(화학약품, 매캐함)"": 1, ""소각 냄새(태우는 냄새)"": 1}","공장 냄새(화학약품, 매캐함)"
익산시만,2025-09-02 22:00:00,3,3,"{""부송동"": 2, ""동산동"": 1}",4.333333333333333,5,"{""공장 냄새(화학약품, 매캐함)"": 2, ""하수구 냄새"": 1}","공장 냄새(화학약품, 매캐함)"
익산시만,2025-09-03 00:00:00,1,1,"{""부송동"": 1}",5.0,5,"{""공장 냄새(화학약품, 매캐함)"": 1}","공장 냄새(화학약품, 매캐함)"
익산시만,2025-09-03 01:00:00,1,1,"{""마동"": 1}",3.0,3,"{""공장 냄새(화학약품, 매캐함)"": 1}","공장 냄새(화학약품, 매캐함)"
익산시만,2025-09-03 19:00:00,1,1,"{""부송동"": 1}",4.0,4,"{""공장 냄새(화학약품, 매캐함)"": 1}","공장 냄새(화학약품, 매캐함)"
익산시만,2025-09-04 00:00:00,1,1,"{""왕궁면 흥암리"": 1}",3.0,3,"{""가축 분뇨 냄새(닭, 돼지, 소)"": 1}","가축 분뇨 냄새(닭, 돼지, 소)"
익산시만,2025-09-04 21:00:00,2,2,"{""신동"": 1, ""삼기면 오룡리"": 1}",3.5,4,"{""가축 분뇨 냄새(닭, 돼지, 소)"": 2}","가축 분뇨 냄새(닭, 돼지, 소)"
익산시만,2025-09-04 22:00:00,1,1,"{""영등동"": 1}",4.0,4,"{""가축 분뇨 냄새(닭, 돼지, 소)"": 1}","가축 분뇨 냄새(닭, 돼지, 소)"
익산시만,2025-09-05 06:00:00,2,2,"{""오산면 신지리"": 1, ""금강동"": 1}",3.5,4,"{""가축 분뇨 냄새(닭, 돼지, 소)"": 1, ""공장 냄새(화학약품, 매캐함)"": 1}","가축 분뇨 냄새(닭, 돼지, 소)"
익산시만,2025-09-05 07:00:00,1,1,"{""마동"": 1}",5.0,5,"{""공장 냄새(화학약품, 매캐함)"": 1}","공장 냄새(화학약품, 매캐함)"
익산시만,2025-09-05 18:00:00,1,1,"{""왕궁면 흥암리"": 1}",4.0,4,"{""가축 분뇨 냄새(닭, 돼지, 소)"": 1}","가축 분뇨 냄새(닭, 돼지, 소)"
익산시만,2025-09-05 19:00:00,1,1,"{""춘포면 신동리"": 1}",5.0,5,"{""가축 분뇨 냄새(닭, 돼지, 소)"": 1}","가축 분뇨 냄새(닭, 돼지, 소)"
익산시만,2025-09-05 20:00:00,4,4,"{""춘포면 신동리"": 2, ""동산동"": 1, ""평화동"": 1}",4.5,5,"{""가축 분뇨 냄새(닭, 돼지, 소)"": 4}","가축 분뇨 냄새(닭, 돼지, 소)"
익산시만,2025-09-05 21:00:00,13,13,"{""어양동"": 9, ""부송동"": 3, ""영등동"": 1}",4.230769230769231,5,"{""가축 분뇨 냄새(닭, 돼지, 소)"": 12, ""공장 냄새(화학약품, 매캐함)"": 1}","가축 분뇨 냄새(닭, 돼지, 소)"
익산시만,2025-09-05 23:00:00,1,1,"{""마동"": 1}",5.0,5,"{""소각 냄새(태우는 냄새)"": 1}",소각 냄새(태우는 냄새)
익산시만,2025-09-06 03:00:00,2,2,"{""평화동"": 2}",3.5,5,"{""가축 분뇨 냄새(닭, 돼지, 소)"": 2}","가축 분뇨 냄새(닭, 돼지, 소)"
익산시만,2025-09-06 05:00:00,1,1,"{""왕궁면 흥암리"": 1}",1.0,1,"{""기타"": 1}",기타
익산시만,2025-09-06 19:00:00,1,1,"{""평화동"": 1}",5.0,5,"{""가축 분뇨 냄새(닭, 돼지, 소)"": 1}","가축 분뇨 냄새(닭, 돼지, 소)"
익산시만,2025-09-07 19:00:00,2,2,"{""춘포면 신동리"": 2}",5.0,5,"{""가축 분뇨 냄새(닭, 돼지, 소)"": 2}","가축 분뇨 냄새(닭, 돼지, 소)"
익산시만,2025-09-07 21:00:00,1,1,"{""춘포면 쌍정리"": 1}",5.0,5,"{""가축 분뇨 냄새(닭, 돼지, 소)"": 1}","가축 분뇨 냄새(닭, 돼지, 소)"
익산시만,2025-09-07 22:00:00,2,2,"{""왕궁면 흥암리"": 2}",5.0,5,"{""가축 분뇨 냄새(닭, 돼지, 소)"": 2}","가축 분뇨 냄새(닭, 돼지, 소)"
익산시만,2025-09-08 19:00:00,2,2,"{""평화동"": 1, ""부송동"": 1}",4.0,4,"{""가축 분뇨 냄새(닭, 돼지, 소)"": 1, ""공장 냄새(화학약품, 매캐함)"": 1}","가축 분뇨 냄새(닭, 돼지, 소)"
익산시만,2025-09-08 21:00:00,1,1,"{""부송동"": 1}",3.0,3,"{""공장 냄새(화학약품, 매캐함)"": 1}","공장 냄새(화학약품, 매캐함)"
익산시만,2025-09-08 22:00:00,2,2,"{""부송동"": 1, ""어양동"": 1}",3.0,3,"{""공장 냄새(화학약품, 매캐함)"": 2}","공장 냄새(화학약품, 매캐함)"
익산시만,2025-09-09 05:00:00,2,2,"{""마동"": 1, ""평화동"": 1}",4.5,5,"{""가축 분뇨 냄새(닭, 돼지, 소)"": 2}","가축 분뇨 냄새(닭, 돼지, 소)"
익산시만,2025-09-09 07:00:00,1,1,"{""왕궁면 흥암리"": 1}",4.0,4,"{""가축 분뇨 냄새(닭, 돼지, 소)"": 1}","가축 분뇨 냄새(닭, 돼지, 소)"
익산시만,2025-09-09 08:00:00,1,1,"{""왕궁면 흥암리"": 1}",5.0,5,"{""공장 냄새(화학약품, 매캐함)"": 1}","공장 냄새(화학약품, 매캐함)"
익산시만,2025-09-09 10:00:00,1,1,"{""오산면 신지리"": 1}",2.0,2,"{""가축 분뇨 냄새(닭, 돼지, 소)"": 1}","가축 분뇨 냄새(닭, 돼지, 소)"
익산시만,2025-09-10 00:00:00,1,1,"{""왕궁면 흥암리"": 1}",2.0,2,"{""가축 분뇨 냄새(닭, 돼지, 소)"": 1}","가축 분뇨 냄새(닭, 돼지, 소)"
익산시만,2025-09-10 20:00:00,1,1,"{""마동"": 1}",3.0,3,"{""공장 냄새(화학약품, 매캐함)"": 1}","공장 냄새(화학약품, 매캐함)"
익산시만,2025-09-10 21:00:00,2,2,"{""마동"": 1, ""삼기면 오룡리"": 1}",4.0,5,"{""공장 냄새(화학약품, 매캐함)"": 1, ""가축 분뇨 냄새(닭, 돼지, 소)"": 1}","공장 냄새(화학약품, 매캐함)"
익산시만,2025-09-10 22:00:00,2,2,"{""팔봉동"": 1, ""왕궁면 흥암리"": 1}",3.0,3,"{""공장 냄새(화학약품, 매캐함)"": 2}","공장 냄새(화학약품, 매캐함)"
익산시만,2025-09-10 23:00:00,3,3,"{""왕궁면 흥암리"": 3}",4.666666666666667,5,"{""공장 냄새(화학약품, 매캐함)"": 2, ""가축 분뇨 냄새(닭, 돼지, 소)"": 1}","공장 냄새(화학약품, 매캐함)"
익산시만,2025-09-11 00:00:00,1,1,"{""마동"": 1}",4.0,4,"{""공장 냄새(화학약품, 매캐함)"": 1}","공장 냄새(화학약품, 매캐함)"
익산시만,2025-09-11 01:00:00,1,1,"{""부송동"": 1}",3.0,3,"{""공장 냄새(화학약품, 매캐함)"": 1}","공장 냄새(화학약품, 매캐함)"
익산시만,2025-09-11 19:00:00,2,2,"{""왕궁면 흥암리"": 1, ""마동"": 1}",3.5,4,"{""가축 분뇨 냄새(닭, 돼지, 소)"": 1, ""공장 냄새(화학약품, 매캐함)"": 1}","가축 분뇨 냄새(닭, 돼지, 소)"
익산시만,2025-09-11 20:00:00,1,1,"{""왕궁면 흥암리"": 1}",4.0,4,"{""가축 분뇨 냄새(닭, 돼지, 소)"": 1}","가축 분뇨 냄새(닭, 돼지, 소)"
익산시만,2025-09-11 22:00:00,1,1,"{""부송동"": 1}",3.0,3,"{""공장 냄새(화학약품, 매캐함)"": 1}","공장 냄새(화학약품, 매캐함)"
익산시만,2025-09-12 07:00:00,1,1,"{""왕궁면 흥암리"": 1}",3.0,3,"{""가축 분뇨 냄새(닭, 돼지, 소)"": 1}","가축 분뇨 냄새(닭, 돼지, 소)"
익산시만,2025-09-12 17:00:00,1,1,"{""마동"": 1}",5.0,5,"{""공장 냄새(화학약품, 매캐함)"": 1}","공장 냄새(화학약품, 매캐함)"
익산시만,2025-09-12 20:00:00,1,1,"{""부송동"": 1}",2.0,2,"{""공장 냄새(화학약품, 매캐함)"": 1}","공장 냄새(화학약품, 매캐함)"
익산시만,2025-09-12 21:00:00,1,1,"{""삼기면 오룡리"": 1}",3.0,3,"{""가축 분뇨 냄새(닭, 돼지, 소)"": 1}","가축 분뇨 냄새(닭, 돼지, 소)"
익산시만,2025-09-12 22:00:00,1,1,"{""평화동"": 1}",4.0,4,"{""가축 분뇨 냄새(닭, 돼지, 소)"": 1}","가축 분뇨 냄새(닭, 돼지, 소)"
익산시만,2025-09-13 03:00:00,1,1,"{""평화동"": 1}",4.0,4,"{""가축 분뇨 냄새(닭, 돼지, 소)"": 1}","가축 분뇨 냄새(닭, 돼지, 소)"
익산시만,2025-09-13 04:00:00,1,1,"{""영등동"": 1}",3.0,3,"{""가축 분뇨 냄새(닭, 돼지, 소)"": 1}","가축 분뇨 냄새(닭, 돼지, 소)"
익산시만,2025-09-13 20:00:00,2,2,"{""왕궁면 흥암리"": 1, ""춘포면 신동리"": 1}",4.0,5,"{""가축 분뇨 냄새(닭, 돼지, 소)"": 2}","가축 분뇨 냄새(닭, 돼지, 소)"
익산시만,2025-09-13 21:00:00,2,2,"{""부송동"": 1, ""왕궁면 흥암리"": 1}",5.0,5,"{""가축 분뇨 냄새(닭, 돼지, 소)"": 2}","가축 분뇨 냄새(닭, 돼지, 소)"
익산시만,2025-09-13 22:00:00,1,1,"{""왕궁면 흥암리"": 1}",5.0,5,"{""가축 분뇨 냄새(닭, 돼지, 소)"": 1}","가축 분뇨 냄새(닭, 돼지, 소)"
익산시만,2025-09-14 00:00:00,7,7,"{""어양동"": 3, ""마동"": 2, ""부송동"": 2}",4.571428571428571,5,"{""가축 분뇨 냄새(닭, 돼지, 소)"": 7}","가축 분뇨 냄새(닭, 돼지, 소)"
익산시만,2025-09-14 01:00:00,3,3,"{""평화동"": 3}",4.333333333333333,5,"{""가축 분뇨 냄새(닭, 돼지, 소)"": 3}","가축 분뇨 냄새(닭, 돼지, 소)"
익산시만,2025-09-14 04:00:00,2,2,"{""평화동"": 2}",4.5,5,"{""가축 분뇨 냄새(닭, 돼지, 소)"": 2}","가축 분뇨 냄새(닭, 돼지, 소)"
익산시만,2025-09-14 08:00:00,1,1,"{""마동"": 1}",4.0,4,"{""가축 분뇨 냄새(닭, 돼지, 소)"": 1}","가축 분뇨 냄새(닭, 돼지, 소)"
익산시만,2025-09-14 23:00:00,5,5,"{""왕궁면 흥암리"": 2, ""금강동"": 1, ""부송동"": 1, ""어양동"": 1}",3.8,5,"{""가축 분뇨 냄새(닭, 돼지, 소)"": 5}","가축 분뇨 냄새(닭, 돼지, 소)"
익산시만,2025-09-15 00:00:00,13,13,"{""마동"": 4, ""동산동"": 4, ""영등동"": 3, ""부송동"": 1, ""어양동"": 1}",4.153846153846154,5,"{""가축 분뇨 냄새(닭, 돼지, 소)"": 13}","가축 분뇨 냄새(닭, 돼지, 소)"
익산시만,2025-09-15 18:00:00,2,2,"{""춘포면 신동리"": 2}",5.0,5,"{""가축 분뇨 냄새(닭, 돼지, 소)"": 2}","가축 분뇨 냄새(닭, 돼지, 소)"
익산시만,2025-09-15 19:00:00,3,3,"{""왕궁면 흥암리"": 3}",4.666666666666667,5,"{""가축 분뇨 냄새(닭, 돼지, 소)"": 3}","가축 분뇨 냄새(닭, 돼지, 소)"
익산시만,2025-09-15 20:00:00,2,2,"{""평화동"": 1, ""왕궁면 흥암리"": 1}",4.5,5,"{""가축 분뇨 냄새(닭, 돼지, 소)"": 2}","가축 분뇨 냄새(닭, 돼지, 소)"
익산시만,2025-09-15 21:00:00,4,4,"{""왕궁면 흥암리"": 4}",4.5,5,"{""가축 분뇨 냄새(닭, 돼지, 소)"": 3, ""기타"": 1}","가축 분뇨 냄새(닭, 돼지, 소)"
익산시만,2025-09-15 23:00:00,3,3,"{""금강동"": 1, ""평화동"": 1, ""부송동"": 1}",3.3333333333333335,4,"{""가축 분뇨 냄새(닭, 돼지, 소)"": 2, ""공장 냄새(화학약품, 매캐함)"": 1}","가축 분뇨 냄새(닭, 돼지, 소)"
익산시만,2025-09-16 08:00:00,1,1,"{""오산면 신지리"": 1}",4.0,4,"{""가축 분뇨 냄새(닭, 돼지, 소)"": 1}","가축 분뇨 냄새(닭, 돼지, 소)"
익산시만,2025-09-16 20:00:00,1,1,"{""송학동"": 1}",4.0,4,"{""가축 분뇨 냄새(닭, 돼지, 소)"": 1}","가축 분뇨 냄새(닭, 돼지, 소)"
익산시만,2025-09-16 21:00:00,4,4,"{""부송동"": 4}",3.5,4,"{""가축 분뇨 냄새(닭, 돼지, 소)"": 4}","가축 분뇨 냄새(닭, 돼지, 소)"
익산시만,2025-09-16 22:00:00,5,5,"{""춘포면 신동리"": 3, ""어양동"": 1, ""부송동"": 1}",4.2,5,"{""가축 분뇨 냄새(닭, 돼지, 소)"": 5}","가축 분뇨 냄새(닭, 돼지, 소)"
익산시만,2025-09-16 23:00:00,2,2,"{""부송동"": 1, ""평화동"": 1}",4.5,5,"{""가축 분뇨 냄새(닭, 돼지, 소)"": 2}","가축 분뇨 냄새(닭, 돼지, 소)"
익산시만,2025-09-17 00:00:00,6,6,"{""동산동"": 3, ""평화동"": 1, ""마동"": 1, ""어양동"": 1}",3.8333333333333335,5,"{""가축 분뇨 냄새(닭, 돼지, 소)"": 6}","가축 분뇨 냄새(닭, 돼지, 소)"
익산시만,2025-09-17 04:00:00,2,2,"{""금강동"": 1, ""영등동"": 1}",3.0,3,"{""가축 분뇨 냄새(닭, 돼지, 소)"": 2}","가축 분뇨 냄새(닭, 돼지, 소)"
익산시만,2025-09-17 08:00:00,2,2,"{""오산면 신지리"": 1, ""동산동"": 1}",3.5,4,"{""가축 분뇨 냄새(닭, 돼지, 소)"": 2}","가축 분뇨 냄새(닭, 돼지, 소)"
익산시만,2025-09-17 11:00:00,1,1,"{""왕궁면 흥암리"": 1}",4.0,4,"{""공장 냄새(화학약품, 매캐함)"": 1}","공장 냄새(화학약품, 매캐함)"
익산시만,2025-09-17 23:00:00,1,1,"{""왕궁면 흥암리"": 1}",5.0,5,"{""가축 분뇨 냄새(닭, 돼지, 소)"": 1}","가축 분뇨 냄새(닭, 돼지, 소)"
익산시만,2025-09-18 02:00:00,1,1,"{""왕궁면 흥암리"": 1}",5.0,5,"{""가축 분뇨 냄새(닭, 돼지, 소)"": 1}","가축 분뇨 냄새(닭, 돼지, 소)"
익산시만,2025-09-18 15:00:00,1,1,"{""왕궁면 흥암리"": 1}",5.0,5,"{""공장 냄새(화학약품, 매캐함)"": 1}","공장 냄새(화학약품, 매캐함)"
익산시만,2025-09-18 23:00:00,1,1,"{""마동"": 1}",5.0,5,"{""하수구 냄새"": 1}",하수구 냄새
익산시만,2025-09-19 07:00:00,1,1,"{""왕궁면 흥암리"": 1}",3.0,3,"{""소각 냄새(태우는 냄새)"": 1}",소각 냄새(태우는 냄새)
익산시만,2025-09-19 23:00:00,1,1,"{""왕궁면 흥암리"": 1}",5.0,5,"{""공장 냄새(화학약품, 매캐함)"": 1}","공장 냄새(화학약품, 매캐함)"
익산시만,2025-09-20 19:00:00,1,1,"{""왕궁면 흥암리"": 1}",3.0,3,"{""기타"": 1}",기타
익산시만,2025-09-20 20:00:00,7,7,"{""왕궁면 흥암리"": 5, ""오산면 신지리"": 1, ""춘포면 쌍정리"": 1}",4.428571428571429,5,"{""가축 분뇨 냄새(닭, 돼지, 소)"": 7}","가축 분뇨 냄새(닭, 돼지, 소)"
익산시만,2025-09-20 21:00:00,1,1,"{""왕궁면 흥암리"": 1}",4.0,4,"{""기타"": 1}",기타
익산시만,2025-09-20 22:00:00,2,2,"{""부송동"": 1, ""왕궁면 흥암리"": 1}",3.0,4,"{""공장 냄새(화학약품, 매캐함)"": 1, ""가축 분뇨 냄새(닭, 돼지, 소)"": 1}","공장 냄새(화학약품, 매캐함)"
익산시만,2025-09-20 23:00:00,2,2,"{""마동"": 2}",4.0,4,"{""공장 냄새(화학약품, 매캐함)"": 2}","공장 냄새(화학약품, 매캐함)"
익산시만,2025-09-21 03:00:00,1,1,"{""마동"": 1}",5.0,5,"{""가축 분뇨 냄새(닭, 돼지, 소)"": 1}","가축 분뇨 냄새(닭, 돼지, 소)"
익산시만,2025-09-21 17:00:00,1,1,"{""낭산면 용기리"": 1}",5.0,5,"{""가축 분뇨 냄새(닭, 돼지, 소)"": 1}","가축 분뇨 냄새(닭, 돼지, 소)"
익산시만,2025-09-21 19:00:00,1,1,"{""왕궁면 흥암리"": 1}",4.0,4,"{""가축 분뇨 냄새(닭, 돼지, 소)"": 1}","가축 분뇨 냄새(닭, 돼지, 소)"
익산시만,2025-09-21 20:00:00,2,2,"{""왕궁면 흥암리"": 2}",5.0,5,"{""가축 분뇨 냄새(닭, 돼지, 소)"": 2}","가축 분뇨 냄새(닭, 돼지, 소)"
익산시만,2025-09-21 21:00:00,1,1,"{""왕궁면 흥암리"": 1}",4.0,4,"{""기타"": 1}",기타
익산시만,2025-09-21 22:00:00,2,2,"{""마동"": 1, ""신흥동"": 1}",3.5,4,"{""공장 냄새(화학약품, 매캐함)"": 2}","공장 냄새(화학약품, 매캐함)"
익산시만,2025-09-21 23:00:00,2,2,"{""어양동"": 1, ""부송동"": 1}",4.5,5,"{""공장 냄새(화학약품, 매캐함)"": 2}","공장 냄새(화학약품, 매캐함)"
익산시만,2025-09-22 00:00:00,1,1,"{""부송동"": 1}",3.0,3,"{""공장 냄새(화학약품, 매캐함)"": 1}","공장 냄새(화학약품, 매캐함)"
익산시만,2025-09-22 01:00:00,1,1,"{""왕궁면 흥암리"": 1}",3.0,3,"{""공장 냄새(화학약품, 매캐함)"": 1}","공장 냄새(화학약품, 매캐함)"
익산시만,2025-09-22 14:00:00,2,2,"{""금강동"": 2}",3.5,5,"{""음식조리 냄새"": 2}",음식조리 냄새
익산시만,2025-09-22 17:00:00,1,1,"{""낭산면 용기리"": 1}",4.0,4,"{""가축 분뇨 냄새(닭, 돼지, 소)"": 1}","가축 분뇨 냄새(닭, 돼지, 소)"
익산시만,2025-09-22 18:00:00,3,3,"{""왕궁면 흥암리"": 3}",4.333333333333333,5,"{""가축 분뇨 냄새(닭, 돼지, 소)"": 2, ""기타"": 1}","가축 분뇨 냄새(닭, 돼지, 소)"
익산시만,2025-09-22 19:00:00,5,5,"{""왕궁면 흥암리"": 5}",4.4,5,"{""가축 분뇨 냄새(닭, 돼지, 소)"": 5}","가축 분뇨 냄새(닭, 돼지, 소)"
익산시만,2025-09-22 20:00:00,2,2,"{""왕궁면 흥암리"": 2}",4.0,4,"{""가축 분뇨 냄새(닭, 돼지, 소)"": 2}","가축 분뇨 냄새(닭, 돼지, 소)"
익산시만,2025-09-22 21:00:00,3,3,"{""왕궁면 흥암리"": 2, ""춘포면 쌍정리"": 1}",4.333333333333333,5,"{""가축 분뇨 냄새(닭, 돼지, 소)"": 3}","가축 분뇨 냄새(닭, 돼지, 소)"
익산시만,2025-09-22 22:00:00,1,1,"{""마동"": 1}",3.0,3,"{""공장 냄새(화학약품, 매캐함)"": 1}","공장 냄새(화학약품, 매캐함)"
익산시만,2025-09-23 08:00:00,1,1,"{""왕궁면 흥암리"": 1}",5.0,5,"{""가축 분뇨 냄새(닭, 돼지, 소)"": 1}","가축 분뇨 냄새(닭, 돼지, 소)"
익산시만,2025-09-23 16:00:00,1,1,"{""낭산면 용기리"": 1}",5.0,5,"{""가축 분뇨 냄새(닭, 돼지, 소)"": 1}","가축 분뇨 냄새(닭, 돼지, 소)"
익산시만,2025-09-23 18:00:00,3,3,"{""마동"": 1, ""평화동"": 1, ""동산동"": 1}",4.333333333333333,5,"{""가축 분뇨 냄새(닭, 돼지, 소)"": 3}","가축 분뇨 냄새(닭, 돼지, 소)"
익산시만,2025-09-23 19:00:00,4,4,"{""왕궁면 흥암리"": 2, ""송학동"": 1, ""부송동"": 1}",4.0,5,"{""가축 분뇨 냄새(닭, 돼지, 소)"": 3, ""공장 냄새(화학약품, 매캐함)"": 1}","가축 분뇨 냄새(닭, 돼지, 소)"
익산시만,2025-09-23 20:00:00,4,4,"{""왕궁면 흥암리"": 2, ""부송동"": 2}",3.75,5,"{""가축 분뇨 냄새(닭, 돼지, 소)"": 2, ""공장 냄새(화학약품, 매캐함)"": 2}","가축 분뇨 냄새(닭, 돼지, 소)"
익산시만,2025-09-23 21:00:00,2,2,"{""왕궁면 흥암리"": 2}",5.0,5,"{""가축 분뇨 냄새(닭, 돼지, 소)"": 2}","가축 분뇨 냄새(닭, 돼지, 소)"
익산시만,2025-09-23 22:00:00,3,3,"{""어양동"": 1, ""왕궁면 흥암리"": 1, ""부송동"": 1}",4.0,5,"{""가축 분뇨 냄새(닭, 돼지, 소)"": 2, ""공장 냄새(화학약품, 매캐함)"": 1}","가축 분뇨 냄새(닭, 돼지, 소)"
익산시만,2025-09-24 00:00:00,2,2,"{""마동"": 2}",4.5,5,"{""공장 냄새(화학약품, 매캐함)"": 2}","공장 냄새(화학약품, 매캐함)"
익산시만,2025-09-24 01:00:00,1,1,"{""삼기면 오룡리"": 1}",5.0,5,"{""가축 분뇨 냄새(닭, 돼지, 소)"": 1}","가축 분뇨 냄새(닭, 돼지, 소)"
익산시만,2025-09-24 04:00:00,1,1,"{""영등동"": 1}",2.0,2,"{""가축 분뇨 냄새(닭, 돼지, 소)"": 1}","가축 분뇨 냄새(닭, 돼지, 소)"
익산시만,2025-09-24 06:00:00,1,1,"{""부송동"": 1}",4.0,4,"{""가축 분뇨 냄새(닭, 돼지, 소)"": 1}","가축 분뇨 냄새(닭, 돼지, 소)"
익산시만,2025-09-24 18:00:00,1,1,"{""인화동2가"": 1}",5.0,5,"{""가축 분뇨 냄새(닭, 돼지, 소)"": 1}","가축 분뇨 냄새(닭, 돼지, 소)"
익산시만,2025-09-24 20:00:00,1,1,"{""부송동"": 1}",3.0,3,"{""공장 냄새(화학약품, 매캐함)"": 1}","공장 냄새(화학약품, 매캐함)"
익산시만,2025-09-24 23:00:00,2,2,"{""왕궁면 흥암리"": 2}",4.5,5,"{""가축 분뇨 냄새(닭, 돼지, 소)"": 1, ""음식조리 냄새"": 1}","가축 분뇨 냄새(닭, 돼지, 소)"
익산시만,2025-09-25 05:00:00,2,2,"{""왕궁면 흥암리"": 1, ""송학동"": 1}",4.5,5,"{""공장 냄새(화학약품, 매캐함)"": 1, ""가축 분뇨 냄새(닭, 돼지, 소)"": 1}","공장 냄새(화학약품, 매캐함)"
익산시만,2025-09-25 11:00:00,1,1,"{""팔봉동"": 1}",3.0,3,"{""공장 냄새(화학약품, 매캐함)"": 1}","공장 냄새(화학약품, 매캐함)"
익산시만,2025-09-25 15:00:00,1,1,"{""부송동"": 1}",3.0,3,"{""가축 분뇨 냄새(닭, 돼지, 소)"": 1}","가축 분뇨 냄새(닭, 돼지, 소)"
익산시만,2025-09-25 16:00:00,1,1,"{""영등동"": 1}",2.0,2,"{""가축 분뇨 냄새(닭, 돼지, 소)"": 1}","가축 분뇨 냄새(닭, 돼지, 소)"
익산시만,2025-09-25 23:00:00,1,1,"{""삼기면 오룡리"": 1}",4.0,4,"{""가축 분뇨 냄새(닭, 돼지, 소)"": 1}","가축 분뇨 냄새(닭, 돼지, 소)"
익산시만,2025-09-26 08:00:00,1,1,"{""왕궁면 쌍제리"": 1}",4.0,4,"{""가축 분뇨 냄새(닭, 돼지, 소)"": 1}","가축 분뇨 냄새(닭, 돼지, 소)"
익산시만,2025-09-26 21:00:00,1,1,"{""평화동"": 1}",3.0,3,"{""기타"": 1}",기타
익산시만,2025-09-26 22:00:00,1,1,"{""어양동"": 1}",4.0,4,"{""가축 분뇨 냄새(닭, 돼지, 소)"": 1}","가축 분뇨 냄새(닭, 돼지, 소)"
익산시만,2025-09-27 05:00:00,1,1,"{""신흥동"": 1}",3.0,3,"{""공장 냄새(화학약품, 매캐함)"": 1}","공장 냄새(화학약품, 매캐함)"
익산시만,2025-09-27 19:00:00,1,1,"{""황등면 황등리"": 1}",5.0,5,"{""가축 분뇨 냄새(닭, 돼지, 소)"": 1}","가축 분뇨 냄새(닭, 돼지, 소)"
익산시만,2025-09-28 07:00:00,1,1,"{""평화동"": 1}",4.0,4,"{""가축 분뇨 냄새(닭, 돼지, 소)"": 1}","가축 분뇨 냄새(닭, 돼지, 소)"
익산시만,2025-09-28 08:00:00,1,1,"{""오산면 신지리"": 1}",3.0,3,"{""가축 분뇨 냄새(닭, 돼지, 소)"": 1}","가축 분뇨 냄새(닭, 돼지, 소)"
익산시만,2025-09-28 09:00:00,1,1,"{""팔봉동"": 1}",2.0,2,"{""공장 냄새(화학약품, 매캐함)"": 1}","공장 냄새(화학약품, 매캐함)"
익산시만,2025-09-28 12:00:00,1,1,"{""용동면 용성리"": 1}",4.0,4,"{""가축 분뇨 냄새(닭, 돼지, 소)"": 1}","가축 분뇨 냄새(닭, 돼지, 소)"
익산시만,2025-09-29 02:00:00,4,4,"{""평화동"": 3, ""마동"": 1}",4.5,5,"{""가축 분뇨 냄새(닭, 돼지, 소)"": 4}","가축 분뇨 냄새(닭, 돼지, 소)"
익산시만,2025-09-29 03:00:00,1,1,"{""평화동"": 1}",5.0,5,"{""기타"": 1}",기타
익산시만,2025-09-29 07:00:00,1,1,"{""오산면 신지리"": 1}",5.0,5,"{""가축 분뇨 냄새(닭, 돼지, 소)"": 1}","가축 분뇨 냄새(닭, 돼지, 소)"
익산시만,2025-09-29 21:00:00,1,1,"{""평화동"": 1}",5.0,5,"{""가축 분뇨 냄새(닭, 돼지, 소)"": 1}","가축 분뇨 냄새(닭, 돼지, 소)"
익산시만,2025-09-29 22:00:00,3,3,"{""왕궁면 흥암리"": 3}",4.666666666666667,5,"{""가축 분뇨 냄새(닭, 돼지, 소)"": 2, ""음식조리 냄새"": 1}","가축 분뇨 냄새(닭, 돼지, 소)"
익산시만,2025-09-30 00:00:00,1,1,"{""마동"": 1}",5.0,5,"{""가축 분뇨 냄새(닭, 돼지, 소)"": 1}","가축 분뇨 냄새(닭, 돼지, 소)"
익산시만,2025-09-30 03:00:00,1,1,"{""신흥동"": 1}",3.0,3,"{""공장 냄새(화학약품, 매캐함)"": 1}","공장 냄새(화학약품, 매캐함)"
익산시만,2025-09-30 06:00:00,1,1,"{""오산면 신지리"": 1}",4.0,4,"{""가축 분뇨 냄새(닭, 돼지, 소)"": 1}","가축 분뇨 냄새(닭, 돼지, 소)"
익산시만,2025-09-30 16:00:00,1,1,"{""왕궁면 쌍제리"": 1}",4.0,4,"{""가축 분뇨 냄새(닭, 돼지, 소)"": 1}","가축 분뇨 냄새(닭, 돼지, 소)"
익산시만,2025-09-30 18:00:00,1,1,"{""왕궁면 흥암리"": 1}",5.0,5,"{""가축 분뇨 냄새(닭, 돼지, 소)"": 1}","가축 분뇨 냄새(닭, 돼지, 소)"
익산시만,2025-09-30 21:00:00,8,8,"{""왕궁면 흥암리"": 5, ""부송동"": 2, ""낭산면 구평리"": 1}",4.5,5,"{""공장 냄새(화학약품, 매캐함)"": 5, ""가축 분뇨 냄새(닭, 돼지, 소)"": 2, ""기타"": 1}","공장 냄새(화학약품, 매캐함)"
익산시만,2025-09-30 22:00:00,4,4,"{""동산동"": 3, ""마동"": 1}",4.0,5,"{""가축 분뇨 냄새(닭, 돼지, 소)"": 4}","가축 분뇨 냄새(닭, 돼지, 소)"
익산시만,2025-10-01 00:00:00,2,2,"{""평화동"": 2}",4.5,5,"{""가축 분뇨 냄새(닭, 돼지, 소)"": 2}","가축 분뇨 냄새(닭, 돼지, 소)"
익산시만,2025-10-01 01:00:00,1,1,"{""마동"": 1}",4.0,4,"{""공장 냄새(화학약품, 매캐함)"": 1}","공장 냄새(화학약품, 매캐함)"
익산시만,2025-10-01 02:00:00,1,1,"{""영등동"": 1}",3.0,3,"{""가축 분뇨 냄새(닭, 돼지, 소)"": 1}","가축 분뇨 냄새(닭, 돼지, 소)"
익산시만,2025-10-01 05:00:00,1,1,"{""왕궁면 흥암리"": 1}",4.0,4,"{""가축 분뇨 냄새(닭, 돼지, 소)"": 1}","가축 분뇨 냄새(닭, 돼지, 소)"
익산시만,2025-10-01 07:00:00,2,2,"{""부송동"": 1, ""팔봉동"": 1}",3.0,3,"{""공장 냄새(화학약품, 매캐함)"": 2}","공장 냄새(화학약품, 매캐함)"
익산시만,2025-10-01 14:00:00,1,1,"{""왕궁면 쌍제리"": 1}",4.0,4,"{""가축 분뇨 냄새(닭, 돼지, 소)"": 1}","가축 분뇨 냄새(닭, 돼지, 소)"
익산시만,2025-10-01 18:00:00,1,1,"{""왕궁면 흥암리"": 1}",5.0,5,"{""가축 분뇨 냄새(닭, 돼지, 소)"": 1}","가축 분뇨 냄새(닭, 돼지, 소)"
익산시만,2025-10-01 21:00:00,4,4,"{""동산동"": 3, ""마동"": 1}",4.0,4,"{""가축 분뇨 냄새(닭, 돼지, 소)"": 4}","가축 분뇨 냄새(닭, 돼지, 소)"
익산시만,2025-10-01 22:00:00,2,2,"{""마동"": 2}",4.0,4,"{""가축 분뇨 냄새(닭, 돼지, 소)"": 2}","가축 분뇨 냄새(닭, 돼지, 소)"
익산시만,2025-10-01 23:00:00,2,2,"{""마동"": 1, ""평화동"": 1}",4.5,5,"{""가축 분뇨 냄새(닭, 돼지, 소)"": 2}","가축 분뇨 냄새(닭, 돼지, 소)"
익산시만,2025-10-02 01:00:00,1,1,"{""왕궁면 흥암리"": 1}",5.0,5,"{""공장 냄새(화학약품, 매캐함)"": 1}","공장 냄새(화학약품, 매캐함)"
익산시만,2025-10-02 06:00:00,1,1,"{""어양동"": 1}",4.0,4,"{""공장 냄새(화학약품, 매캐함)"": 1}","공장 냄새(화학약품, 매캐함)"
익산시만,2025-10-02 07:00:00,1,1,"{""평화동"": 1}",4.0,4,"{""가축 분뇨 냄새(닭, 돼지, 소)"": 1}","가축 분뇨 냄새(닭, 돼지, 소)"
익산시만,2025-10-03 00:00:00,1,1,"{""왕궁면 흥암리"": 1}",4.0,4,"{""가축 분뇨 냄새(닭, 돼지, 소)"": 1}","가축 분뇨 냄새(닭, 돼지, 소)"
익산시만,2025-10-03 01:00:00,1,1,"{""평화동"": 1}",5.0,5,"{""기타"": 1}",기타
익산시만,2025-10-03 13:00:00,1,1,"{""마동"": 1}",3.0,3,"{""공장 냄새(화학약품, 매캐함)"": 1}","공장 냄새(화학약품, 매캐함)"
익산시만,2025-10-03 17:00:00,1,1,"{""마동"": 1}",3.0,3,"{""공장 냄새(화학약품, 매캐함)"": 1}","공장 냄새(화학약품, 매캐함)"
익산시만,2025-10-03 20:00:00,1,1,"{""왕궁면 흥암리"": 1}",5.0,5,"{""가축 분뇨 냄새(닭, 돼지, 소)"": 1}","가축 분뇨 냄새(닭, 돼지, 소)"
익산시만,2025-10-03 21:00:00,1,1,"{""왕궁면 흥암리"": 1}",4.0,4,"{""가축 분뇨 냄새(닭, 돼지, 소)"": 1}","가축 분뇨 냄새(닭, 돼지, 소)"
익산시만,2025-10-04 21:00:00,1,1,"{""왕궁면 흥암리"": 1}",5.0,5,"{""음식조리 냄새"": 1}",음식조리 냄새
익산시만,2025-10-04 23:00:00,3,3,"{""평화동"": 3}",4.333333333333333,5,"{""가축 분뇨 냄새(닭, 돼지, 소)"": 3}","가축 분뇨 냄새(닭, 돼지, 소)"
익산시만,2025-10-05 00:00:00,1,1,"{""왕궁면 흥암리"": 1}",4.0,4,"{""가축 분뇨 냄새(닭, 돼지, 소)"": 1}","가축 분뇨 냄새(닭, 돼지, 소)"
익산시만,2025-10-05 19:00:00,1,1,"{""용동면 용성리"": 1}",4.0,4,"{""가축 분뇨 냄새(닭, 돼지, 소)"": 1}","가축 분뇨 냄새(닭, 돼지, 소)"
익산시만,2025-10-05 23:00:00,1,1,"{""동산동"": 1}",4.0,4,"{""가축 분뇨 냄새(닭, 돼지, 소)"": 1}","가축 분뇨 냄새(닭, 돼지, 소)"
익산시만,2025-10-06 04:00:00,1,1,"{""평화동"": 1}",4.0,4,"{""가축 분뇨 냄새(닭, 돼지, 소)"": 1}","가축 분뇨 냄새(닭, 돼지, 소)"
익산시만,2025-10-06 20:00:00,1,1,"{""용동면 용성리"": 1}",5.0,5,"{""가축 분뇨 냄새(닭, 돼지, 소)"": 1}","가축 분뇨 냄새(닭, 돼지, 소)"
익산시만,2025-10-07 16:00:00,2,2,"{""왕궁면 흥암리"": 2}",4.0,5,"{""가축 분뇨 냄새(닭, 돼지, 소)"": 2}","가축 분뇨 냄새(닭, 돼지, 소)"
익산시만,2025-10-07 21:00:00,2,2,"{""평화동"": 2}",4.0,4,"{""가축 분뇨 냄새(닭, 돼지, 소)"": 2}","가축 분뇨 냄새(닭, 돼지, 소)"
익산시만,2025-10-08 23:00:00,1,1,"{""어양동"": 1}",3.0,3,"{""공장 냄새(화학약품, 매캐함)"": 1}","공장 냄새(화학약품, 매캐함)"
익산시만,2025-10-09 13:00:00,1,1,"{""용제동"": 1}",4.0,4,"{""가축 분뇨 냄새(닭, 돼지, 소)"": 1}","가축 분뇨 냄새(닭, 돼지, 소)"
익산시만,2025-10-09 16:00:00,1,1,"{""왕궁면 흥암리"": 1}",4.0,4,"{""가축 분뇨 냄새(닭, 돼지, 소)"": 1}","가축 분뇨 냄새(닭, 돼지, 소)"
익산시만,2025-10-09 18:00:00,1,1,"{""낭산면 용기리"": 1}",5.0,5,"{""가축 분뇨 냄새(닭, 돼지, 소)"": 1}","가축 분뇨 냄새(닭, 돼지, 소)"
익산시만,2025-10-09 21:00:00,2,2,"{""왕궁면 흥암리"": 2}",4.0,5,"{""가축 분뇨 냄새(닭, 돼지, 소)"": 2}","가축 분뇨 냄새(닭, 돼지, 소)"
익산시만,2025-10-09 22:00:00,1,1,"{""왕궁면 흥암리"": 1}",5.0,5,"{""가축 분뇨 냄새(닭, 돼지, 소)"": 1}","가축 분뇨 냄새(닭, 돼지, 소)"
익산시만,2025-10-09 23:00:00,1,1,"{""왕궁면 흥암리"": 1}",5.0,5,"{""가축 분뇨 냄새(닭, 돼지, 소)"": 1}","가축 분뇨 냄새(닭, 돼지, 소)"
익산시만,2025-10-10 17:00:00,1,1,"{""용동면 용성리"": 1}",4.0,4,"{""가축 분뇨 냄새(닭, 돼지, 소)"": 1}","가축 분뇨 냄새(닭, 돼지, 소)"
익산시만,2025-10-10 22:00:00,5,5,"{""평화동"": 3, ""팔봉동"": 1, ""송학동"": 1}",3.6,4,"{""가축 분뇨 냄새(닭, 돼지, 소)"": 5}","가축 분뇨 냄새(닭, 돼지, 소)"
익산시만,2025-10-10 23:00:00,6,6,"{""송학동"": 5, ""평화동"": 1}",4.333333333333333,5,"{""가축 분뇨 냄새(닭, 돼지, 소)"": 6}","가축 분뇨 냄새(닭, 돼지, 소)"
익산시만,2025-10-11 01:00:00,1,1,"{""평화동"": 1}",5.0,5,"{""가축 분뇨 냄새(닭, 돼지, 소)"": 1}","가축 분뇨 냄새(닭, 돼지, 소)"
익산시만,2025-10-11 02:00:00,1,1,"{""부송동"": 1}",2.0,2,"{""공장 냄새(화학약품, 매캐함)"": 1}","공장 냄새(화학약품, 매캐함)"
익산시만,2025-10-11 05:00:00,1,1,"{""어양동"": 1}",3.0,3,"{""하수구 냄새"": 1}",하수구 냄새
익산시만,2025-10-11 08:00:00,2,2,"{""오산면 신지리"": 2}",4.0,4,"{""가축 분뇨 냄새(닭, 돼지, 소)"": 2}","가축 분뇨 냄새(닭, 돼지, 소)"
익산시만,2025-10-11 16:00:00,1,1,"{""황등면 황등리"": 1}",5.0,5,"{""가축 분뇨 냄새(닭, 돼지, 소)"": 1}","가축 분뇨 냄새(닭, 돼지, 소)"
익산시만,2025-10-11 18:00:00,3,3,"{""송학동"": 1, ""춘포면 신동리"": 1, ""왕궁면 흥암리"": 1}",4.666666666666667,5,"{""가축 분뇨 냄새(닭, 돼지, 소)"": 3}","가축 분뇨 냄새(닭, 돼지, 소)"
익산시만,2025-10-11 19:00:00,3,3,"{""왕궁면 흥암리"": 3}",5.0,5,"{""가축 분뇨 냄새(닭, 돼지, 소)"": 2, ""공장 냄새(화학약품, 매캐함)"": 1}","가축 분뇨 냄새(닭, 돼지, 소)"
익산시만,2025-10-11 20:00:00,1,1,"{""왕궁면 흥암리"": 1}",5.0,5,"{""가축 분뇨 냄새(닭, 돼지, 소)"": 1}","가축 분뇨 냄새(닭, 돼지, 소)"
익산시만,2025-10-11 22:00:00,6,6,"{""부송동"": 4, ""팔봉동"": 1, ""모현동1가"": 1}",3.6666666666666665,4,"{""가축 분뇨 냄새(닭, 돼지, 소)"": 6}","가축 분뇨 냄새(닭, 돼지, 소)"
익산시만,2025-10-11 23:00:00,3,3,"{""부송동"": 1, ""삼기면 오룡리"": 1, ""어양동"": 1}",4.0,5,"{""가축 분뇨 냄새(닭, 돼지, 소)"": 3}","가축 분뇨 냄새(닭, 돼지, 소)"
익산시만,2025-10-12 02:00:00,1,1,"{""평화동"": 1}",3.0,3,"{""가축 분뇨 냄새(닭, 돼지, 소)"": 1}","가축 분뇨 냄새(닭, 돼지, 소)"
익산시만,2025-10-12 04:00:00,1,1,"{""팔봉동"": 1}",1.0,1,"{""공장 냄새(화학약품, 매캐함)"": 1}","공장 냄새(화학약품, 매캐함)"
익산시만,2025-10-12 14:00:00,1,1,"{""황등면 황등리"": 1}",5.0,5,"{""가축 분뇨 냄새(닭, 돼지, 소)"": 1}","가축 분뇨 냄새(닭, 돼지, 소)"
익산시만,2025-10-12 19:00:00,1,1,"{""송학동"": 1}",4.0,4,"{""가축 분뇨 냄새(닭, 돼지, 소)"": 1}","가축 분뇨 냄새(닭, 돼지, 소)"
익산시만,2025-10-12 20:00:00,1,1,"{""평화동"": 1}",4.0,4,"{""소각 냄새(태우는 냄새)"": 1}",소각 냄새(태우는 냄새)
익산시만,2025-10-12 22:00:00,3,3,"{""동산동"": 2, ""마동"": 1}",4.333333333333333,5,"{""가축 분뇨 냄새(닭, 돼지, 소)"": 3}","가축 분뇨 냄새(닭, 돼지, 소)"
익산시만,2025-10-12 23:00:00,7,7,"{""동산동"": 3, ""마동"": 3, ""금강동"": 1}",4.428571428571429,5,"{""가축 분뇨 냄새(닭, 돼지, 소)"": 7}","가축 분뇨 냄새(닭, 돼지, 소)"
익산시만,2025-10-13 00:00:00,1,1,"{""왕궁면 흥암리"": 1}",3.0,3,"{""기타"": 1}",기타
익산시만,2025-10-13 17:00:00,1,1,"{""왕궁면 흥암리"": 1}",4.0,4,"{""가축 분뇨 냄새(닭, 돼지, 소)"": 1}","가축 분뇨 냄새(닭, 돼지, 소)"
익산시만,2025-10-14 14:00:00,1,1,"{""왕궁면 쌍제리"": 1}",4.0,4,"{""가축 분뇨 냄새(닭, 돼지, 소)"": 1}","가축 분뇨 냄새(닭, 돼지, 소)"
익산시만,2025-10-15 09:00:00,1,1,"{""평화동"": 1}",5.0,5,"{""하수구 냄새"": 1}",하수구 냄새
익산시만,2025-10-15 18:00:00,3,3,"{""왕궁면 흥암리"": 3}",4.0,5,"{""가축 분뇨 냄새(닭, 돼지, 소)"": 3}","가축 분뇨 냄새(닭, 돼지, 소)"
익산시만,2025-10-16 12:00:00,1,1,"{""용동면 용성리"": 1}",4.0,4,"{""가축 분뇨 냄새(닭, 돼지, 소)"": 1}","가축 분뇨 냄새(닭, 돼지, 소)"
익산시만,2025-10-16 18:00:00,1,1,"{""황등면 황등리"": 1}",5.0,5,"{""가축 분뇨 냄새(닭, 돼지, 소)"": 1}","가축 분뇨 냄새(닭, 돼지, 소)"
익산시만,2025-10-16 19:00:00,1,1,"{""왕궁면 흥암리"": 1}",2.0,2,"{""소각 냄새(태우는 냄새)"": 1}",소각 냄새(태우는 냄새)
익산시만,2025-10-16 22:00:00,2,2,"{""어양동"": 1, ""왕궁면 흥암리"": 1}",4.0,4,"{""공장 냄새(화학약품, 매캐함)"": 2}","공장 냄새(화학약품, 매캐함)"
익산시만,2025-10-17 07:00:00,1,1,"{""동산동"": 1}",4.0,4,"{""소각 냄새(태우는 냄새)"": 1}",소각 냄새(태우는 냄새)
익산시만,2025-10-17 21:00:00,6,6,"{""왕궁면 흥암리"": 5, ""어양동"": 1}",4.0,5,"{""가축 분뇨 냄새(닭, 돼지, 소)"": 5, ""공장 냄새(화학약품, 매캐함)"": 1}","가축 분뇨 냄새(닭, 돼지, 소)"
익산시만,2025-10-19 12:00:00,1,1,"{""망성면 화산리"": 1}",4.0,4,"{""가축 분뇨 냄새(닭, 돼지, 소)"": 1}","가축 분뇨 냄새(닭, 돼지, 소)"
익산시만,2025-10-22 07:00:00,2,2,"{""춘포면 신동리"": 2}",5.0,5,"{""가축 분뇨 냄새(닭, 돼지, 소)"": 2}","가축 분뇨 냄새(닭, 돼지, 소)"
익산시만,2025-10-22 22:00:00,1,1,"{""왕궁면 흥암리"": 1}",5.0,5,"{""가축 분뇨 냄새(닭, 돼지, 소)"": 1}","가축 분뇨 냄새(닭, 돼지, 소)"
익산시만,2025-10-23 22:00:00,1,1,"{""용동면 용성리"": 1}",4.0,4,"{""가축 분뇨 냄새(닭, 돼지, 소)"": 1}","가축 분뇨 냄새(닭, 돼지, 소)"
익산시만,2025-10-24 08:00:00,1,1,"{""춘포면 신동리"": 1}",5.0,5,"{""가축 분뇨 냄새(닭, 돼지, 소)"": 1}","가축 분뇨 냄새(닭, 돼지, 소)"
익산시만,2025-10-25 00:00:00,1,1,"{""왕궁면 흥암리"": 1}",4.0,4,"{""가축 분뇨 냄새(닭, 돼지, 소)"": 1}","가축 분뇨 냄새(닭, 돼지, 소)"
익산시만,2025-10-26 01:00:00,1,1,"{""왕궁면 흥암리"": 1}",5.0,5,"{""음식조리 냄새"": 1}",음식조리 냄새
익산시만,2025-10-27 18:00:00,1,1,"{""왕궁면 흥암리"": 1}",4.0,4,"{""가축 분뇨 냄새(닭, 돼지, 소)"": 1}","가축 분뇨 냄새(닭, 돼지, 소)"
익산시만,2025-10-28 00:00:00,1,1,"{""부송동"": 1}",4.0,4,"{""공장 냄새(화학약품, 매캐함)"": 1}","공장 냄새(화학약품, 매캐함)"
익산시만,2025-10-28 20:00:00,1,1,"{""어양동"": 1}",3.0,3,"{""공장 냄새(화학약품, 매캐함)"": 1}","공장 냄새(화학약품, 매캐함)"
익산시만,2025-10-29 00:00:00,1,1,"{""마동"": 1}",5.0,5,"{""공장 냄새(화학약품, 매캐함)"": 1}","공장 냄새(화학약품, 매캐함)"
익산시만,2025-10-29 02:00:00,2,2,"{""부송동"": 1, ""신흥동"": 1}",4.5,5,"{""공장 냄새(화학약품, 매캐함)"": 2}","공장 냄새(화학약품, 매캐함)"
익산시만,2025-10-29 03:00:00,1,1,"{""어양동"": 1}",5.0,5,"{""공장 냄새(화학약품, 매캐함)"": 1}","공장 냄새(화학약품, 매캐함)"
익산시만,2025-10-29 08:00:00,2,2,"{""오산면 신지리"": 1, ""신동"": 1}",2.5,3,"{""가축 분뇨 냄새(닭, 돼지, 소)"": 2}","가축 분뇨 냄새(닭, 돼지, 소)"
익산시만,2025-10-29 18:00:00,1,1,"{""왕궁면 흥암리"": 1}",5.0,5,"{""소각 냄새(태우는 냄새)"": 1}",소각 냄새(태우는 냄새)
익산시만,2025-10-29 21:00:00,1,1,"{""어양동"": 1}",5.0,5,"{""공장 냄새(화학약품, 매캐함)"": 1}","공장 냄새(화학약품, 매캐함)"
익산시만,2025-10-29 22:00:00,1,1,"{""부송동"": 1}",5.0,5,"{""공장 냄새(화학약품, 매캐함)"": 1}","공장 냄새(화학약품, 매캐함)"
익산시만,2025-10-29 23:00:00,1,1,"{""부송동"": 1}",4.0,4,"{""공장 냄새(화학약품, 매캐함)"": 1}","공장 냄새(화학약품, 매캐함)"
익산시만,2025-10-30 07:00:00,1,1,"{""오산면 신지리"": 1}",4.0,4,"{""가축 분뇨 냄새(닭, 돼지, 소)"": 1}","가축 분뇨 냄새(닭, 돼지, 소)"
익산시만,2025-10-30 18:00:00,2,2,"{""왕궁면 흥암리"": 1, ""부송동"": 1}",3.0,3,"{""소각 냄새(태우는 냄새)"": 1, ""공장 냄새(화학약품, 매캐함)"": 1}",소각 냄새(태우는 냄새)
익산시만,2025-10-30 20:00:00,1,1,"{""동산동"": 1}",3.0,3,"{""가축 분뇨 냄새(닭, 돼지, 소)"": 1}","가축 분뇨 냄새(닭, 돼지, 소)"
익산시만,2025-10-30 21:00:00,1,1,"{""부송동"": 1}",5.0,5,"{""소각 냄새(태우는 냄새)"": 1}",소각 냄새(태우는 냄새)
익산시만,2025-10-30 23:00:00,1,1,"{""왕궁면 흥암리"": 1}",4.0,4,"{""가축 분뇨 냄새(닭, 돼지, 소)"": 1}","가축 분뇨 냄새(닭, 돼지, 소)"
익산시만,2025-10-31 07:00:00,1,1,"{""오산면 신지리"": 1}",5.0,5,"{""가축 분뇨 냄새(닭, 돼지, 소)"": 1}","가축 분뇨 냄새(닭, 돼지, 소)"
익산시만,2025-10-31 15:00:00,2,2,"{""왕궁면 쌍제리"": 2}",4.0,4,"{""가축 분뇨 냄새(닭, 돼지, 소)"": 2}","가축 분뇨 냄새(닭, 돼지, 소)"
익산시만,2025-10-31 18:00:00,1,1,"{""춘포면 신동리"": 1}",5.0,5,"{""가축 분뇨 냄새(닭, 돼지, 소)"": 1}","가축 분뇨 냄새(닭, 돼지, 소)"
익산시만,2025-11-02 21:00:00,1,1,"{""왕궁면 흥암리"": 1}",5.0,5,"{""공장 냄새(화학약품, 매캐함)"": 1}","공장 냄새(화학약품, 매캐함)"
익산시만,2025-11-03 22:00:00,1,1,"{""동산동"": 1}",4.0,4,"{""가축 분뇨 냄새(닭, 돼지, 소)"": 1}","가축 분뇨 냄새(닭, 돼지, 소)"
익산시만,2025-11-03 23:00:00,1,1,"{""부송동"": 1}",3.0,3,"{""공장 냄새(화학약품, 매캐함)"": 1}","공장 냄새(화학약품, 매캐함)"
익산시만,2025-11-04 18:00:00,1,1,"{""왕궁면 흥암리"": 1}",3.0,3,"{""가축 분뇨 냄새(닭, 돼지, 소)"": 1}","가축 분뇨 냄새(닭, 돼지, 소)"
익산시만,2025-11-05 00:00:00,1,1,"{""마동"": 1}",5.0,5,"{""공장 냄새(화학약품, 매캐함)"": 1}","공장 냄새(화학약품, 매캐함)"
익산시만,2025-11-05 22:00:00,1,1,"{""마동"": 1}",5.0,5,"{""공장 냄새(화학약품, 매캐함)"": 1}","공장 냄새(화학약품, 매캐함)"
익산시만,2025-11-06 00:00:00,1,1,"{""마동"": 1}",5.0,5,"{""공장 냄새(화학약품, 매캐함)"": 1}","공장 냄새(화학약품, 매캐함)"
익산시만,2025-11-06 20:00:00,1,1,"{""왕궁면 흥암리"": 1}",5.0,5,"{""가축 분뇨 냄새(닭, 돼지, 소)"": 1}","가축 분뇨 냄새(닭, 돼지, 소)"
익산시만,2025-11-06 22:00:00,2,2,"{""마동"": 1, ""부송동"": 1}",5.0,5,"{""공장 냄새(화학약품, 매캐함)"": 1, ""소각 냄새(태우는 냄새)"": 1}","공장 냄새(화학약품, 매캐함)"
익산시만,2025-11-08 09:00:00,1,1,"{""부송동"": 1}",3.0,3,"{""소각 냄새(태우는 냄새)"": 1}",소각 냄새(태우는 냄새)
익산시만,2025-11-09 21:00:00,1,1,"{""춘포면 신동리"": 1}",5.0,5,"{""가축 분뇨 냄새(닭, 돼지, 소)"": 1}","가축 분뇨 냄새(닭, 돼지, 소)"
익산시만,2025-11-10 15:00:00,1,1,"{""용동면 용성리"": 1}",4.0,4,"{""가축 분뇨 냄새(닭, 돼지, 소)"": 1}","가축 분뇨 냄새(닭, 돼지, 소)"
익산시만,2025-11-11 01:00:00,1,1,"{""마동"": 1}",4.0,4,"{""공장 냄새(화학약품, 매캐함)"": 1}","공장 냄새(화학약품, 매캐함)"
익산시만,2025-11-11 07:00:00,1,1,"{""춘포면 신동리"": 1}",5.0,5,"{""가축 분뇨 냄새(닭, 돼지, 소)"": 1}","가축 분뇨 냄새(닭, 돼지, 소)"
익산시만,2025-11-12 02:00:00,1,1,"{""마동"": 1}",3.0,3,"{""공장 냄새(화학약품, 매캐함)"": 1}","공장 냄새(화학약품, 매캐함)"
익산시만,2025-11-12 08:00:00,2,1,"{""오산면 신지리"": 2}",3.0,3,"{""가축 분뇨 냄새(닭, 돼지, 소)"": 2}","가축 분뇨 냄새(닭, 돼지, 소)"
익산시만,2025-11-12 17:00:00,1,1,"{""왕궁면 흥암리"": 1}",5.0,5,"{""가축 분뇨 냄새(닭, 돼지, 소)"": 1}","가축 분뇨 냄새(닭, 돼지, 소)"
익산시만,2025-11-12 19:00:00,3,2,"{""금강동"": 2, ""왕궁면 흥암리"": 1}",3.6666666666666665,5,"{""소각 냄새(태우는 냄새)"": 2, ""가축 분뇨 냄새(닭, 돼지, 소)"": 1}",소각 냄새(태우는 냄새)
익산시만,2025-11-12 20:00:00,2,2,"{""부송동"": 1, ""동산동"": 1}",5.0,5,"{""공장 냄새(화학약품, 매캐함)"": 1, ""가축 분뇨 냄새(닭, 돼지, 소)"": 1}","공장 냄새(화학약품, 매캐함)"
익산시만,2025-11-12 21:00:00,1,1,"{""인화동2가"": 1}",5.0,5,"{""가축 분뇨 냄새(닭, 돼지, 소)"": 1}","가축 분뇨 냄새(닭, 돼지, 소)"
익산시만,2025-11-12 23:00:00,2,2,"{""어양동"": 2}",5.0,5,"{""공장 냄새(화학약품, 매캐함)"": 2}","공장 냄새(화학약품, 매캐함)"
익산시만,2025-11-14 05:00:00,1,1,"{""오산면 신지리"": 1}",5.0,5,"{""가축 분뇨 냄새(닭, 돼지, 소)"": 1}","가축 분뇨 냄새(닭, 돼지, 소)"
익산시만,2025-11-14 23:00:00,2,2,"{""마동"": 2}",4.0,4,"{""소각 냄새(태우는 냄새)"": 2}",소각 냄새(태우는 냄새)
익산시만,2025-11-15 01:00:00,1,1,"{""낭산면 용기리"": 1}",4.0,4,"{""가축 분뇨 냄새(닭, 돼지, 소)"": 1}","가축 분뇨 냄새(닭, 돼지, 소)"
익산시만,2025-11-15 02:00:00,2,2,"{""삼기면 오룡리"": 1, ""낭산면 용기리"": 1}",5.0,5,"{""가축 분뇨 냄새(닭, 돼지, 소)"": 2}","가축 분뇨 냄새(닭, 돼지, 소)"
익산시만,2025-11-15 20:00:00,1,1,"{""부송동"": 1}",5.0,5,"{""공장 냄새(화학약품, 매캐함)"": 1}","공장 냄새(화학약품, 매캐함)"
익산시만,2025-11-16 10:00:00,1,1,"{""오산면 신지리"": 1}",4.0,4,"{""가축 분뇨 냄새(닭, 돼지, 소)"": 1}","가축 분뇨 냄새(닭, 돼지, 소)"
익산시만,2025-11-16 14:00:00,2,2,"{""모현동1가"": 1, ""영등동"": 1}",3.5,4,"{""가축 분뇨 냄새(닭, 돼지, 소)"": 1, ""기타"": 1}","가축 분뇨 냄새(닭, 돼지, 소)"
익산시만,2025-11-18 17:00:00,1,1,"{""삼기면 오룡리"": 1}",3.0,3,"{""가축 분뇨 냄새(닭, 돼지, 소)"": 1}","가축 분뇨 냄새(닭, 돼지, 소)"
익산시만,2025-11-19 23:00:00,1,1,"{""부송동"": 1}",3.0,3,"{""공장 냄새(화학약품, 매캐함)"": 1}","공장 냄새(화학약품, 매캐함)"
익산시만,2025-11-20 00:00:00,1,1,"{""부송동"": 1}",5.0,5,"{""공장 냄새(화학약품, 매캐함)"": 1}","공장 냄새(화학약품, 매캐함)"
익산시만,2025-11-20 21:00:00,1,1,"{""왕궁면 흥암리"": 1}",5.0,5,"{""가축 분뇨 냄새(닭, 돼지, 소)"": 1}","가축 분뇨 냄새(닭, 돼지, 소)"
익산시만,2025-11-21 06:00:00,1,1,"{""오산면 신지리"": 1}",3.0,3,"{""가축 분뇨 냄새(닭, 돼지, 소)"": 1}","가축 분뇨 냄새(닭, 돼지, 소)"
익산시만,2025-11-21 09:00:00,1,1,"{""인화동1가"": 1}",4.0,4,"{""소각 냄새(태우는 냄새)"": 1}",소각 냄새(태우는 냄새)
익산시만,2025-11-22 07:00:00,1,1,"{""오산면 신지리"": 1}",4.0,4,"{""가축 분뇨 냄새(닭, 돼지, 소)"": 1}","가축 분뇨 냄새(닭, 돼지, 소)"
익산시만,2025-11-23 00:00:00,1,1,"{""부송동"": 1}",5.0,5,"{""공장 냄새(화학약품, 매캐함)"": 1}","공장 냄새(화학약품, 매캐함)"
익산시만,2025-11-23 09:00:00,1,1,"{""삼기면 오룡리"": 1}",4.0,4,"{""가축 분뇨 냄새(닭, 돼지, 소)"": 1}","가축 분뇨 냄새(닭, 돼지, 소)"
익산시만,2025-11-23 16:00:00,1,1,"{""춘포면 신동리"": 1}",3.0,3,"{""가축 분뇨 냄새(닭, 돼지, 소)"": 1}","가축 분뇨 냄새(닭, 돼지, 소)"
익산시만,2025-11-23 23:00:00,2,2,"{""왕궁면 흥암리"": 2}",4.0,5,"{""기타"": 1, ""가축 분뇨 냄새(닭, 돼지, 소)"": 1}",기타
익산시만,2025-11-24 09:00:00,1,1,"{""오산면 신지리"": 1}",5.0,5,"{""가축 분뇨 냄새(닭, 돼지, 소)"": 1}","가축 분뇨 냄새(닭, 돼지, 소)"
익산시만,2025-11-25 08:00:00,1,1,"{""춘포면 신동리"": 1}",5.0,5,"{""가축 분뇨 냄새(닭, 돼지, 소)"": 1}","가축 분뇨 냄새(닭, 돼지, 소)"
익산시만,2025-11-26 21:00:00,1,1,"{""부송동"": 1}",5.0,5,"{""소각 냄새(태우는 냄새)"": 1}",소각 냄새(태우는 냄새)
익산시만,2025-11-28 21:00:00,1,1,"{""어양동"": 1}",4.0,4,"{""공장 냄새(화학약품, 매캐함)"": 1}","공장 냄새(화학약품, 매캐함)"
익산시만,2025-11-29 00:00:00,1,1,"{""마동"": 1}",3.0,3,"{""공장 냄새(화학약품, 매캐함)"": 1}","공장 냄새(화학약품, 매캐함)"
익산시만,2025-11-29 02:00:00,1,1,"{""평화동"": 1}",4.0,4,"{""소각 냄새(태우는 냄새)"": 1}",소각 냄새(태우는 냄새)
익산시만,2025-11-29 19:00:00,1,1,"{""마동"": 1}",5.0,5,"{""가축 분뇨 냄새(닭, 돼지, 소)"": 1}","가축 분뇨 냄새(닭, 돼지, 소)"
익산시만,2025-12-03 08:00:00,1,1,"{""왕궁면 쌍제리"": 1}",4.0,4,"{""가축 분뇨 냄새(닭, 돼지, 소)"": 1}","가축 분뇨 냄새(닭, 돼지, 소)"
익산시만,2025-12-04 17:00:00,1,1,"{""춘포면 신동리"": 1}",5.0,5,"{""가축 분뇨 냄새(닭, 돼지, 소)"": 1}","가축 분뇨 냄새(닭, 돼지, 소)"
익산시만,2025-12-04 20:00:00,1,1,"{""팔봉동"": 1}",3.0,3,"{""공장 냄새(화학약품, 매캐함)"": 1}","공장 냄새(화학약품, 매캐함)"
익산시만,2025-12-05 11:00:00,1,1,"{""왕궁면 쌍제리"": 1}",4.0,4,"{""가축 분뇨 냄새(닭, 돼지, 소)"": 1}","가축 분뇨 냄새(닭, 돼지, 소)"
익산시만,2025-12-06 08:00:00,1,1,"{""오산면 신지리"": 1}",3.0,3,"{""가축 분뇨 냄새(닭, 돼지, 소)"": 1}","가축 분뇨 냄새(닭, 돼지, 소)"
익산시만,2025-12-06 15:00:00,1,1,"{""춘포면 신동리"": 1}",5.0,5,"{""가축 분뇨 냄새(닭, 돼지, 소)"": 1}","가축 분뇨 냄새(닭, 돼지, 소)"
익산시만,2025-12-07 14:00:00,1,1,"{""춘포면 신동리"": 1}",3.0,3,"{""가축 분뇨 냄새(닭, 돼지, 소)"": 1}","가축 분뇨 냄새(닭, 돼지, 소)"
익산시만,2025-12-08 15:00:00,1,1,"{""왕궁면 쌍제리"": 1}",4.0,4,"{""가축 분뇨 냄새(닭, 돼지, 소)"": 1}","가축 분뇨 냄새(닭, 돼지, 소)"
익산시만,2025-12-09 22:00:00,1,1,"{""왕궁면 흥암리"": 1}",5.0,5,"{""가축 분뇨 냄새(닭, 돼지, 소)"": 1}","가축 분뇨 냄새(닭, 돼지, 소)"
익산시만,2025-12-09 23:00:00,1,1,"{""오산면 신지리"": 1}",4.0,4,"{""가축 분뇨 냄새(닭, 돼지, 소)"": 1}","가축 분뇨 냄새(닭, 돼지, 소)"
익산시만,2025-12-10 20:00:00,1,1,"{""평화동"": 1}",5.0,5,"{""가축 분뇨 냄새(닭, 돼지, 소)"": 1}","가축 분뇨 냄새(닭, 돼지, 소)"
익산시만,2025-12-13 08:00:00,1,1,"{""춘포면 신동리"": 1}",5.0,5,"{""가축 분뇨 냄새(닭, 돼지, 소)"": 1}","가축 분뇨 냄새(닭, 돼지, 소)"
익산시만,2025-12-16 16:00:00,1,1,"{""용동면 용성리"": 1}",5.0,5,"{""가축 분뇨 냄새(닭, 돼지, 소)"": 1}","가축 분뇨 냄새(닭, 돼지, 소)"
익산시만,2025-12-16 19:00:00,1,1,"{""인화동2가"": 1}",3.0,3,"{""하수구 냄새"": 1}",하수구 냄새
익산시만,2025-12-17 15:00:00,1,1,"{""왕궁면 쌍제리"": 1}",4.0,4,"{""가축 분뇨 냄새(닭, 돼지, 소)"": 1}","가축 분뇨 냄새(닭, 돼지, 소)"
익산시만,2025-12-18 04:00:00,1,1,"{""마동"": 1}",4.0,4,"{""공장 냄새(화학약품, 매캐함)"": 1}","공장 냄새(화학약품, 매캐함)"
익산시만,2025-12-18 20:00:00,1,1,"{""어양동"": 1}",4.0,4,"{""공장 냄새(화학약품, 매캐함)"": 1}","공장 냄새(화학약품, 매캐함)"
익산시만,2025-12-18 21:00:00,1,1,"{""부송동"": 1}",5.0,5,"{""공장 냄새(화학약품, 매캐함)"": 1}","공장 냄새(화학약품, 매캐함)"
익산시만,2025-12-19 01:00:00,1,1,"{""마동"": 1}",4.0,4,"{""공장 냄새(화학약품, 매캐함)"": 1}","공장 냄새(화학약품, 매캐함)"
익산시만,2025-12-19 09:00:00,1,1,"{""왕궁면 쌍제리"": 1}",4.0,4,"{""가축 분뇨 냄새(닭, 돼지, 소)"": 1}","가축 분뇨 냄새(닭, 돼지, 소)"
익산시만,2025-12-19 17:00:00,1,1,"{""왕궁면 흥암리"": 1}",4.0,4,"{""소각 냄새(태우는 냄새)"": 1}",소각 냄새(태우는 냄새)
익산시만,2025-12-19 21:00:00,1,1,"{""마동"": 1}",4.0,4,"{""공장 냄새(화학약품, 매캐함)"": 1}","공장 냄새(화학약품, 매캐함)"
익산시만,2025-12-20 10:00:00,1,1,"{""삼기면 오룡리"": 1}",5.0,5,"{""가축 분뇨 냄새(닭, 돼지, 소)"": 1}","가축 분뇨 냄새(닭, 돼지, 소)"
익산시만,2025-12-21 18:00:00,2,2,"{""어양동"": 2}",5.0,5,"{""공장 냄새(화학약품, 매캐함)"": 1, ""소각 냄새(태우는 냄새)"": 1}","공장 냄새(화학약품, 매캐함)"
익산시만,2025-12-23 07:00:00,1,1,"{""왕궁면 흥암리"": 1}",5.0,5,"{""가축 분뇨 냄새(닭, 돼지, 소)"": 1}","가축 분뇨 냄새(닭, 돼지, 소)"
익산시만,2025-12-24 20:00:00,1,1,"{""오산면 신지리"": 1}",2.0,2,"{""가축 분뇨 냄새(닭, 돼지, 소)"": 1}","가축 분뇨 냄새(닭, 돼지, 소)"
익산시만,2025-12-25 09:00:00,1,1,"{""왕궁면 흥암리"": 1}",4.0,4,"{""가축 분뇨 냄새(닭, 돼지, 소)"": 1}","가축 분뇨 냄새(닭, 돼지, 소)"
익산시만,2025-12-25 12:00:00,1,1,"{""용동면 용성리"": 1}",4.0,4,"{""가축 분뇨 냄새(닭, 돼지, 소)"": 1}","가축 분뇨 냄새(닭, 돼지, 소)"
익산시만,2025-12-26 22:00:00,1,1,"{""춘포면 춘포리"": 1}",5.0,5,"{""소각 냄새(태우는 냄새)"": 1}",소각 냄새(태우는 냄새)
익산시만,2025-12-27 07:00:00,1,1,"{""춘포면 춘포리"": 1}",3.0,3,"{""소각 냄새(태우는 냄새)"": 1}",소각 냄새(태우는 냄새)
익산시만,2025-12-28 22:00:00,1,1,"{""인화동2가"": 1}",5.0,5,"{""가축 분뇨 냄새(닭, 돼지, 소)"": 1}","가축 분뇨 냄새(닭, 돼지, 소)"
익산시만,2025-12-29 05:00:00,1,1,"{""영등동"": 1}",3.0,3,"{""공장 냄새(화학약품, 매캐함)"": 1}","공장 냄새(화학약품, 매캐함)"
익산시만,2025-12-29 12:00:00,1,1,"{""어양동"": 1}",2.0,2,"{""공장 냄새(화학약품, 매캐함)"": 1}","공장 냄새(화학약품, 매캐함)"
익산시만,2025-12-29 20:00:00,1,1,"{""왕궁면 흥암리"": 1}",4.0,4,"{""공장 냄새(화학약품, 매캐함)"": 1}","공장 냄새(화학약품, 매캐함)"
익산시만,2025-12-30 08:00:00,1,1,"{""오산면 신지리"": 1}",3.0,3,"{""가축 분뇨 냄새(닭, 돼지, 소)"": 1}","가축 분뇨 냄새(닭, 돼지, 소)"
익산시만,2025-12-30 09:00:00,1,1,"{""왕궁면 쌍제리"": 1}",4.0,4,"{""가축 분뇨 냄새(닭, 돼지, 소)"": 1}","가축 분뇨 냄새(닭, 돼지, 소)"
익산시만,2025-12-31 11:00:00,1,1,"{""왕궁면 쌍제리"": 1}",4.0,4,"{""가축 분뇨 냄새(닭, 돼지, 소)"": 1}","가축 분뇨 냄새(닭, 돼지, 소)"
익산시만,2026-01-03 21:00:00,1,1,"{""오산면 신지리"": 1}",3.0,3,"{""가축 분뇨 냄새(닭, 돼지, 소)"": 1}","가축 분뇨 냄새(닭, 돼지, 소)"
익산시만,2026-01-05 11:00:00,1,1,"{""왕궁면 쌍제리"": 1}",5.0,5,"{""가축 분뇨 냄새(닭, 돼지, 소)"": 1}","가축 분뇨 냄새(닭, 돼지, 소)"
익산시만,2026-01-06 08:00:00,2,2,"{""부송동"": 2}",5.0,5,"{""공장 냄새(화학약품, 매캐함)"": 2}","공장 냄새(화학약품, 매캐함)"
익산시만,2026-01-06 17:00:00,1,1,"{""신흥동"": 1}",5.0,5,"{""가축 분뇨 냄새(닭, 돼지, 소)"": 1}","가축 분뇨 냄새(닭, 돼지, 소)"
익산시만,2026-01-06 19:00:00,1,1,"{""부송동"": 1}",3.0,3,"{""가축 분뇨 냄새(닭, 돼지, 소)"": 1}","가축 분뇨 냄새(닭, 돼지, 소)"
익산시만,2026-01-06 21:00:00,1,1,"{""어양동"": 1}",3.0,3,"{""가축 분뇨 냄새(닭, 돼지, 소)"": 1}","가축 분뇨 냄새(닭, 돼지, 소)"
익산시만,2026-01-08 09:00:00,1,1,"{""왕궁면 쌍제리"": 1}",5.0,5,"{""가축 분뇨 냄새(닭, 돼지, 소)"": 1}","가축 분뇨 냄새(닭, 돼지, 소)"
익산시만,2026-01-08 22:00:00,1,1,"{""부송동"": 1}",3.0,3,"{""공장 냄새(화학약품, 매캐함)"": 1}","공장 냄새(화학약품, 매캐함)"
익산시만,2026-01-11 10:00:00,1,1,"{""춘포면 신동리"": 1}",5.0,5,"{""가축 분뇨 냄새(닭, 돼지, 소)"": 1}","가축 분뇨 냄새(닭, 돼지, 소)"
익산시만,2026-01-11 21:00:00,1,1,"{""오산면 신지리"": 1}",3.0,3,"{""가축 분뇨 냄새(닭, 돼지, 소)"": 1}","가축 분뇨 냄새(닭, 돼지, 소)"
익산시만,2026-01-12 15:00:00,1,1,"{""신흥동"": 1}",3.0,3,"{""가축 분뇨 냄새(닭, 돼지, 소)"": 1}","가축 분뇨 냄새(닭, 돼지, 소)"
익산시만,2026-01-13 06:00:00,1,1,"{""춘포면 신동리"": 1}",3.0,3,"{""가축 분뇨 냄새(닭, 돼지, 소)"": 1}","가축 분뇨 냄새(닭, 돼지, 소)"
익산시만,2026-01-13 09:00:00,1,1,"{""왕궁면 쌍제리"": 1}",5.0,5,"{""가축 분뇨 냄새(닭, 돼지, 소)"": 1}","가축 분뇨 냄새(닭, 돼지, 소)"
익산시만,2026-01-13 13:00:00,1,1,"{""남중동"": 1}",0.0,0,"{""해당사항없음"": 1}",해당사항없음
익산시만,2026-01-13 21:00:00,1,1,"{""왕궁면 흥암리"": 1}",4.0,4,"{""가축 분뇨 냄새(닭, 돼지, 소)"": 1}","가축 분뇨 냄새(닭, 돼지, 소)"
익산시만,2026-01-14 12:00:00,1,1,"{""왕궁면 쌍제리"": 1}",5.0,5,"{""가축 분뇨 냄새(닭, 돼지, 소)"": 1}","가축 분뇨 냄새(닭, 돼지, 소)"
익산시만,2026-01-14 13:00:00,1,1,"{""춘포면 오산리"": 1}",5.0,5,"{""가축 분뇨 냄새(닭, 돼지, 소)"": 1}","가축 분뇨 냄새(닭, 돼지, 소)"
익산시만,2026-01-17 21:00:00,2,2,"{""황등면 황등리"": 2}",5.0,5,"{""가축 분뇨 냄새(닭, 돼지, 소)"": 2}","가축 분뇨 냄새(닭, 돼지, 소)"
익산시만,2026-01-18 20:00:00,1,1,"{""왕궁면 흥암리"": 1}",5.0,5,"{""가축 분뇨 냄새(닭, 돼지, 소)"": 1}","가축 분뇨 냄새(닭, 돼지, 소)"
익산시만,2026-01-19 09:00:00,1,1,"{""왕궁면 쌍제리"": 1}",5.0,5,"{""가축 분뇨 냄새(닭, 돼지, 소)"": 1}","가축 분뇨 냄새(닭, 돼지, 소)"
익산시만,2026-01-20 11:00:00,1,1,"{""왕궁면 쌍제리"": 1}",4.0,4,"{""가축 분뇨 냄새(닭, 돼지, 소)"": 1}","가축 분뇨 냄새(닭, 돼지, 소)"
익산시만,2026-01-21 09:00:00,1,1,"{""왕궁면 쌍제리"": 1}",4.0,4,"{""가축 분뇨 냄새(닭, 돼지, 소)"": 1}","가축 분뇨 냄새(닭, 돼지, 소)"
익산시만,2026-01-22 10:00:00,1,1,"{""왕궁면 쌍제리"": 1}",4.0,4,"{""가축 분뇨 냄새(닭, 돼지, 소)"": 1}","가축 분뇨 냄새(닭, 돼지, 소)"
익산시만,2026-01-22 19:00:00,1,1,"{""왕궁면 흥암리"": 1}",3.0,3,"{""소각 냄새(태우는 냄새)"": 1}",소각 냄새(태우는 냄새)
익산시만,2026-01-22 22:00:00,1,1,"{""부송동"": 1}",5.0,5,"{""가축 분뇨 냄새(닭, 돼지, 소)"": 1}","가축 분뇨 냄새(닭, 돼지, 소)"
익산시만,2026-01-23 11:00:00,1,1,"{""왕궁면 쌍제리"": 1}",4.0,4,"{""가축 분뇨 냄새(닭, 돼지, 소)"": 1}","가축 분뇨 냄새(닭, 돼지, 소)"
익산시만,2026-01-24 08:00:00,1,1,"{""삼기면 오룡리"": 1}",4.0,4,"{""가축 분뇨 냄새(닭, 돼지, 소)"": 1}","가축 분뇨 냄새(닭, 돼지, 소)"
익산시만,2026-01-24 19:00:00,1,1,"{""황등면 황등리"": 1}",5.0,5,"{""가축 분뇨 냄새(닭, 돼지, 소)"": 1}","가축 분뇨 냄새(닭, 돼지, 소)"
익산시만,2026-01-24 20:00:00,1,1,"{""황등면 황등리"": 1}",5.0,5,"{""가축 분뇨 냄새(닭, 돼지, 소)"": 1}","가축 분뇨 냄새(닭, 돼지, 소)"
익산시만,2026-01-25 17:00:00,1,1,"{""황등면 황등리"": 1}",3.0,3,"{""가축 분뇨 냄새(닭, 돼지, 소)"": 1}","가축 분뇨 냄새(닭, 돼지, 소)"
익산시만,2026-01-26 14:00:00,1,1,"{""왕궁면 쌍제리"": 1}",4.0,4,"{""가축 분뇨 냄새(닭, 돼지, 소)"": 1}","가축 분뇨 냄새(닭, 돼지, 소)"
익산시만,2026-01-28 09:00:00,1,1,"{""왕궁면 쌍제리"": 1}",4.0,4,"{""가축 분뇨 냄새(닭, 돼지, 소)"": 1}","가축 분뇨 냄새(닭, 돼지, 소)"
익산시만,2026-01-29 09:00:00,1,1,"{""마동"": 1}",3.0,3,"{""공장 냄새(화학약품, 매캐함)"": 1}","공장 냄새(화학약품, 매캐함)"
익산시만,2026-01-31 07:00:00,1,1,"{""왕궁면 흥암리"": 1}",5.0,5,"{""가축 분뇨 냄새(닭, 돼지, 소)"": 1}","가축 분뇨 냄새(닭, 돼지, 소)"
익산시만,2026-02-03 00:00:00,1,1,"{""부송동"": 1}",3.0,3,"{""가축 분뇨 냄새(닭, 돼지, 소)"": 1}","가축 분뇨 냄새(닭, 돼지, 소)"
익산시만,2026-02-03 02:00:00,1,1,"{""부송동"": 1}",5.0,5,"{""소각 냄새(태우는 냄새)"": 1}",소각 냄새(태우는 냄새)
익산시만,2026-02-03 18:00:00,1,1,"{""황등면 황등리"": 1}",5.0,5,"{""가축 분뇨 냄새(닭, 돼지, 소)"": 1}","가축 분뇨 냄새(닭, 돼지, 소)"
익산시만,2026-02-04 22:00:00,1,1,"{""부송동"": 1}",4.0,4,"{""가축 분뇨 냄새(닭, 돼지, 소)"": 1}","가축 분뇨 냄새(닭, 돼지, 소)"
익산시만,2026-02-05 00:00:00,1,1,"{""부송동"": 1}",4.0,4,"{""가축 분뇨 냄새(닭, 돼지, 소)"": 1}","가축 분뇨 냄새(닭, 돼지, 소)"
익산시만,2026-02-05 01:00:00,1,1,"{""부송동"": 1}",4.0,4,"{""가축 분뇨 냄새(닭, 돼지, 소)"": 1}","가축 분뇨 냄새(닭, 돼지, 소)"
익산시만,2026-02-05 05:00:00,1,1,"{""부송동"": 1}",5.0,5,"{""가축 분뇨 냄새(닭, 돼지, 소)"": 1}","가축 분뇨 냄새(닭, 돼지, 소)"
익산시만,2026-02-05 07:00:00,3,3,"{""부송동"": 2, ""왕궁면 흥암리"": 1}",4.333333333333333,5,"{""가축 분뇨 냄새(닭, 돼지, 소)"": 3}","가축 분뇨 냄새(닭, 돼지, 소)"
익산시만,2026-02-05 08:00:00,1,1,"{""부송동"": 1}",5.0,5,"{""가축 분뇨 냄새(닭, 돼지, 소)"": 1}","가축 분뇨 냄새(닭, 돼지, 소)"
익산시만,2026-02-05 19:00:00,1,1,"{""어양동"": 1}",4.0,4,"{""가축 분뇨 냄새(닭, 돼지, 소)"": 1}","가축 분뇨 냄새(닭, 돼지, 소)"
익산시만,2026-02-05 21:00:00,1,1,"{""황등면 신기리"": 1}",5.0,5,"{""가축 분뇨 냄새(닭, 돼지, 소)"": 1}","가축 분뇨 냄새(닭, 돼지, 소)"
익산시만,2026-02-07 15:00:00,1,1,"{""용동면 용성리"": 1}",3.0,3,"{""가축 분뇨 냄새(닭, 돼지, 소)"": 1}","가축 분뇨 냄새(닭, 돼지, 소)"
익산시만,2026-02-09 18:00:00,1,1,"{""황등면 황등리"": 1}",5.0,5,"{""가축 분뇨 냄새(닭, 돼지, 소)"": 1}","가축 분뇨 냄새(닭, 돼지, 소)"
익산시만,2026-02-09 21:00:00,1,1,"{""동산동"": 1}",3.0,3,"{""가축 분뇨 냄새(닭, 돼지, 소)"": 1}","가축 분뇨 냄새(닭, 돼지, 소)"
익산시만,2026-02-09 22:00:00,1,1,"{""마동"": 1}",3.0,3,"{""가축 분뇨 냄새(닭, 돼지, 소)"": 1}","가축 분뇨 냄새(닭, 돼지, 소)"
익산시만,2026-02-11 08:00:00,1,1,"{""신흥동"": 1}",3.0,3,"{""가축 분뇨 냄새(닭, 돼지, 소)"": 1}","가축 분뇨 냄새(닭, 돼지, 소)"
익산시만,2026-02-11 18:00:00,1,1,"{""황등면 황등리"": 1}",5.0,5,"{""가축 분뇨 냄새(닭, 돼지, 소)"": 1}","가축 분뇨 냄새(닭, 돼지, 소)"
익산시만,2026-02-12 09:00:00,1,1,"{""부송동"": 1}",4.0,4,"{""공장 냄새(화학약품, 매캐함)"": 1}","공장 냄새(화학약품, 매캐함)"
익산시만,2026-02-12 20:00:00,4,4,"{""부송동"": 4}",5.0,5,"{""가축 분뇨 냄새(닭, 돼지, 소)"": 4}","가축 분뇨 냄새(닭, 돼지, 소)"
익산시만,2026-02-12 22:00:00,1,1,"{""부송동"": 1}",5.0,5,"{""공장 냄새(화학약품, 매캐함)"": 1}","공장 냄새(화학약품, 매캐함)"
익산시만,2026-02-13 22:00:00,1,1,"{""부송동"": 1}",5.0,5,"{""가축 분뇨 냄새(닭, 돼지, 소)"": 1}","가축 분뇨 냄새(닭, 돼지, 소)"
익산시만,2026-02-13 23:00:00,1,1,"{""황등면 황등리"": 1}",5.0,5,"{""가축 분뇨 냄새(닭, 돼지, 소)"": 1}","가축 분뇨 냄새(닭, 돼지, 소)"
익산시만,2026-02-14 02:00:00,1,1,"{""부송동"": 1}",5.0,5,"{""소각 냄새(태우는 냄새)"": 1}",소각 냄새(태우는 냄새)
익산시만,2026-02-14 04:00:00,1,1,"{""부송동"": 1}",5.0,5,"{""가축 분뇨 냄새(닭, 돼지, 소)"": 1}","가축 분뇨 냄새(닭, 돼지, 소)"
익산시만,2026-02-14 08:00:00,1,1,"{""함열읍 석매리"": 1}",4.0,4,"{""가축 분뇨 냄새(닭, 돼지, 소)"": 1}","가축 분뇨 냄새(닭, 돼지, 소)"
익산시만,2026-02-15 11:00:00,1,1,"{""어양동"": 1}",2.0,2,"{""가축 분뇨 냄새(닭, 돼지, 소)"": 1}","가축 분뇨 냄새(닭, 돼지, 소)"
익산시만,2026-02-15 18:00:00,1,1,"{""춘포면 신동리"": 1}",4.0,4,"{""가축 분뇨 냄새(닭, 돼지, 소)"": 1}","가축 분뇨 냄새(닭, 돼지, 소)"
익산시만,2026-02-15 19:00:00,1,1,"{""황등면 황등리"": 1}",5.0,5,"{""가축 분뇨 냄새(닭, 돼지, 소)"": 1}","가축 분뇨 냄새(닭, 돼지, 소)"
익산시만,2026-02-16 20:00:00,1,1,"{""부송동"": 1}",3.0,3,"{""가축 분뇨 냄새(닭, 돼지, 소)"": 1}","가축 분뇨 냄새(닭, 돼지, 소)"
익산시만,2026-02-19 19:00:00,1,1,"{""황등면 황등리"": 1}",5.0,5,"{""가축 분뇨 냄새(닭, 돼지, 소)"": 1}","가축 분뇨 냄새(닭, 돼지, 소)"
익산시만,2026-02-19 22:00:00,2,2,"{""송학동"": 2}",4.5,5,"{""소각 냄새(태우는 냄새)"": 2}",소각 냄새(태우는 냄새)
익산시만,2026-02-21 11:00:00,1,1,"{""황등면 신기리"": 1}",4.0,4,"{""가축 분뇨 냄새(닭, 돼지, 소)"": 1}","가축 분뇨 냄새(닭, 돼지, 소)"
익산시만,2026-02-21 20:00:00,1,1,"{""신흥동"": 1}",5.0,5,"{""가축 분뇨 냄새(닭, 돼지, 소)"": 1}","가축 분뇨 냄새(닭, 돼지, 소)"
익산시만,2026-02-23 00:00:00,1,1,"{""마동"": 1}",3.0,3,"{""공장 냄새(화학약품, 매캐함)"": 1}","공장 냄새(화학약품, 매캐함)"
익산시만,2026-02-23 09:00:00,1,1,"{""마동"": 1}",3.0,3,"{""공장 냄새(화학약품, 매캐함)"": 1}","공장 냄새(화학약품, 매캐함)"
익산시만,2026-02-28 04:00:00,1,1,"{""부송동"": 1}",5.0,5,"{""공장 냄새(화학약품, 매캐함)"": 1}","공장 냄새(화학약품, 매캐함)"
익산시만,2026-02-28 08:00:00,1,1,"{""마동"": 1}",3.0,3,"{""공장 냄새(화학약품, 매캐함)"": 1}","공장 냄새(화학약품, 매캐함)"
익산시만,2026-02-28 18:00:00,1,1,"{""황등면 황등리"": 1}",5.0,5,"{""가축 분뇨 냄새(닭, 돼지, 소)"": 1}","가축 분뇨 냄새(닭, 돼지, 소)"
익산시만,2026-03-01 22:00:00,1,1,"{""금강동"": 1}",3.0,3,"{""공장 냄새(화학약품, 매캐함)"": 1}","공장 냄새(화학약품, 매캐함)"
익산시만,2026-03-03 11:00:00,1,1,"{""왕궁면 쌍제리"": 1}",4.0,4,"{""가축 분뇨 냄새(닭, 돼지, 소)"": 1}","가축 분뇨 냄새(닭, 돼지, 소)"
익산시만,2026-03-03 22:00:00,1,1,"{""오산면 신지리"": 1}",3.0,3,"{""가축 분뇨 냄새(닭, 돼지, 소)"": 1}","가축 분뇨 냄새(닭, 돼지, 소)"
익산시만,2026-03-04 18:00:00,2,2,"{""황등면 황등리"": 2}",5.0,5,"{""가축 분뇨 냄새(닭, 돼지, 소)"": 2}","가축 분뇨 냄새(닭, 돼지, 소)"
익산시만,2026-03-07 08:00:00,1,1,"{""춘포면 신동리"": 1}",5.0,5,"{""가축 분뇨 냄새(닭, 돼지, 소)"": 1}","가축 분뇨 냄새(닭, 돼지, 소)"
익산시만,2026-03-09 10:00:00,1,1,"{""오산면 신지리"": 1}",3.0,3,"{""가축 분뇨 냄새(닭, 돼지, 소)"": 1}","가축 분뇨 냄새(닭, 돼지, 소)"
익산시만,2026-03-10 06:00:00,1,1,"{""부송동"": 1}",5.0,5,"{""공장 냄새(화학약품, 매캐함)"": 1}","공장 냄새(화학약품, 매캐함)"
익산시만,2026-03-10 08:00:00,1,1,"{""어양동"": 1}",5.0,5,"{""공장 냄새(화학약품, 매캐함)"": 1}","공장 냄새(화학약품, 매캐함)"
익산시만,2026-03-10 18:00:00,1,1,"{""왕궁면 흥암리"": 1}",3.0,3,"{""소각 냄새(태우는 냄새)"": 1}",소각 냄새(태우는 냄새)
익산시만,2026-03-11 15:00:00,1,1,"{""왕궁면 쌍제리"": 1}",4.0,4,"{""가축 분뇨 냄새(닭, 돼지, 소)"": 1}","가축 분뇨 냄새(닭, 돼지, 소)"
익산시만,2026-03-12 08:00:00,1,1,"{""왕궁면 흥암리"": 1}",4.0,4,"{""공장 냄새(화학약품, 매캐함)"": 1}","공장 냄새(화학약품, 매캐함)"
익산시만,2026-03-12 18:00:00,1,1,"{""왕궁면 흥암리"": 1}",2.0,2,"{""소각 냄새(태우는 냄새)"": 1}",소각 냄새(태우는 냄새)
익산시만,2026-03-13 20:00:00,1,1,"{""황등면 황등리"": 1}",5.0,5,"{""가축 분뇨 냄새(닭, 돼지, 소)"": 1}","가축 분뇨 냄새(닭, 돼지, 소)"
익산시만,2026-03-14 07:00:00,1,1,"{""부송동"": 1}",5.0,5,"{""공장 냄새(화학약품, 매캐함)"": 1}","공장 냄새(화학약품, 매캐함)"
익산시만,2026-03-15 07:00:00,2,2,"{""부송동"": 2}",3.5,4,"{""공장 냄새(화학약품, 매캐함)"": 2}","공장 냄새(화학약품, 매캐함)"
익산시만,2026-03-15 08:00:00,2,2,"{""춘포면 신동리"": 1, ""부송동"": 1}",5.0,5,"{""가축 분뇨 냄새(닭, 돼지, 소)"": 1, ""공장 냄새(화학약품, 매캐함)"": 1}","가축 분뇨 냄새(닭, 돼지, 소)"
익산시만,2026-03-16 20:00:00,2,2,"{""춘포면 신동리"": 2}",4.5,5,"{""가축 분뇨 냄새(닭, 돼지, 소)"": 2}","가축 분뇨 냄새(닭, 돼지, 소)"
익산시만,2026-03-17 08:00:00,1,1,"{""부송동"": 1}",4.0,4,"{""공장 냄새(화학약품, 매캐함)"": 1}","공장 냄새(화학약품, 매캐함)"
익산시만,2026-03-17 10:00:00,1,1,"{""마동"": 1}",3.0,3,"{""공장 냄새(화학약품, 매캐함)"": 1}","공장 냄새(화학약품, 매캐함)"
익산시만,2026-03-20 08:00:00,1,1,"{""오산면 신지리"": 1}",3.0,3,"{""가축 분뇨 냄새(닭, 돼지, 소)"": 1}","가축 분뇨 냄새(닭, 돼지, 소)"
익산시만,2026-03-24 19:00:00,2,1,"{""춘포면 신동리"": 2}",5.0,5,"{""가축 분뇨 냄새(닭, 돼지, 소)"": 2}","가축 분뇨 냄새(닭, 돼지, 소)"
익산시만,2026-03-24 21:00:00,1,1,"{""황등면 신기리"": 1}",5.0,5,"{""가축 분뇨 냄새(닭, 돼지, 소)"": 1}","가축 분뇨 냄새(닭, 돼지, 소)"
익산시만,2026-03-24 22:00:00,1,1,"{""왕궁면 흥암리"": 1}",3.0,3,"{""가축 분뇨 냄새(닭, 돼지, 소)"": 1}","가축 분뇨 냄새(닭, 돼지, 소)"
익산시만,2026-03-25 07:00:00,2,2,"{""황등면 황등리"": 1, ""춘포면 신동리"": 1}",4.0,5,"{""가축 분뇨 냄새(닭, 돼지, 소)"": 2}","가축 분뇨 냄새(닭, 돼지, 소)"
익산시만,2026-03-26 15:00:00,1,1,"{""금마면 서고도리"": 1}",4.0,4,"{""가축 분뇨 냄새(닭, 돼지, 소)"": 1}","가축 분뇨 냄새(닭, 돼지, 소)"
익산시만,2026-03-26 21:00:00,1,1,"{""황등면 신기리"": 1}",5.0,5,"{""가축 분뇨 냄새(닭, 돼지, 소)"": 1}","가축 분뇨 냄새(닭, 돼지, 소)"
익산시만,2026-03-27 02:00:00,1,1,"{""부송동"": 1}",5.0,5,"{""공장 냄새(화학약품, 매캐함)"": 1}","공장 냄새(화학약품, 매캐함)"
익산시만,2026-03-27 08:00:00,1,1,"{""부송동"": 1}",4.0,4,"{""공장 냄새(화학약품, 매캐함)"": 1}","공장 냄새(화학약품, 매캐함)"
익산시만,2026-03-27 15:00:00,1,1,"{""인화동1가"": 1}",4.0,4,"{""기타"": 1}",기타
익산시만,2026-03-27 20:00:00,1,1,"{""춘포면 신동리"": 1}",5.0,5,"{""가축 분뇨 냄새(닭, 돼지, 소)"": 1}","가축 분뇨 냄새(닭, 돼지, 소)"
익산시만,2026-03-30 01:00:00,1,1,"{""마동"": 1}",5.0,5,"{""공장 냄새(화학약품, 매캐함)"": 1}","공장 냄새(화학약품, 매캐함)"
익산시만,2026-04-03 04:00:00,1,1,"{""부송동"": 1}",4.0,4,"{""기타"": 1}",기타
익산시만,2026-04-03 18:00:00,1,1,"{""삼기면 오룡리"": 1}",3.0,3,"{""가축 분뇨 냄새(닭, 돼지, 소)"": 1}","가축 분뇨 냄새(닭, 돼지, 소)"
익산시만,2026-04-05 22:00:00,2,2,"{""부송동"": 1, ""왕궁면 흥암리"": 1}",3.5,4,"{""공장 냄새(화학약품, 매캐함)"": 2}","공장 냄새(화학약품, 매캐함)"
익산시만,2026-04-08 07:00:00,1,1,"{""부송동"": 1}",4.0,4,"{""공장 냄새(화학약품, 매캐함)"": 1}","공장 냄새(화학약품, 매캐함)"
익산시만,2026-04-08 08:00:00,1,1,"{""어양동"": 1}",3.0,3,"{""공장 냄새(화학약품, 매캐함)"": 1}","공장 냄새(화학약품, 매캐함)"
익산시만,2026-04-11 07:00:00,1,1,"{""부송동"": 1}",3.0,3,"{""가축 분뇨 냄새(닭, 돼지, 소)"": 1}","가축 분뇨 냄새(닭, 돼지, 소)"
익산시만,2026-04-12 19:00:00,1,1,"{""신용동"": 1}",5.0,5,"{""소각 냄새(태우는 냄새)"": 1}",소각 냄새(태우는 냄새)
익산시만,2026-04-15 07:00:00,1,1,"{""마동"": 1}",1.0,1,"{""공장 냄새(화학약품, 매캐함)"": 1}","공장 냄새(화학약품, 매캐함)"
익산시만,2026-04-15 09:00:00,2,2,"{""왕궁면 흥암리"": 2}",2.0,2,"{""공장 냄새(화학약품, 매캐함)"": 2}","공장 냄새(화학약품, 매캐함)"
익산시만,2026-04-16 02:00:00,1,1,"{""마동"": 1}",5.0,5,"{""공장 냄새(화학약품, 매캐함)"": 1}","공장 냄새(화학약품, 매캐함)"
익산시만,2026-04-16 17:00:00,1,1,"{""팔봉동"": 1}",3.0,3,"{""기타"": 1}",기타
익산시만,2026-04-18 22:00:00,1,1,"{""왕궁면 흥암리"": 1}",5.0,5,"{""가축 분뇨 냄새(닭, 돼지, 소)"": 1}","가축 분뇨 냄새(닭, 돼지, 소)"
익산시만,2026-04-19 06:00:00,2,2,"{""춘포면 신동리"": 1, ""춘포면 오산리"": 1}",5.0,5,"{""가축 분뇨 냄새(닭, 돼지, 소)"": 2}","가축 분뇨 냄새(닭, 돼지, 소)"
익산시만,2026-04-19 10:00:00,1,1,"{""왕궁면 흥암리"": 1}",3.0,3,"{""공장 냄새(화학약품, 매캐함)"": 1}","공장 냄새(화학약품, 매캐함)"
익산시만,2026-04-19 21:00:00,1,1,"{""동산동"": 1}",4.0,4,"{""소각 냄새(태우는 냄새)"": 1}",소각 냄새(태우는 냄새)
익산시만,2026-04-20 07:00:00,1,1,"{""왕궁면 흥암리"": 1}",2.0,2,"{""공장 냄새(화학약품, 매캐함)"": 1}","공장 냄새(화학약품, 매캐함)"
익산시만,2026-04-21 00:00:00,1,1,"{""마동"": 1}",5.0,5,"{""공장 냄새(화학약품, 매캐함)"": 1}","공장 냄새(화학약품, 매캐함)"
익산시만,2026-04-21 08:00:00,1,1,"{""오산면 신지리"": 1}",3.0,3,"{""가축 분뇨 냄새(닭, 돼지, 소)"": 1}","가축 분뇨 냄새(닭, 돼지, 소)"
익산시만,2026-04-21 14:00:00,1,1,"{""인화동2가"": 1}",4.0,4,"{""기타"": 1}",기타
익산시만,2026-04-23 20:00:00,1,1,"{""마동"": 1}",3.0,3,"{""공장 냄새(화학약품, 매캐함)"": 1}","공장 냄새(화학약품, 매캐함)"
익산시만,2026-04-25 02:00:00,1,1,"{""어양동"": 1}",3.0,3,"{""공장 냄새(화학약품, 매캐함)"": 1}","공장 냄새(화학약품, 매캐함)"
익산시만,2026-04-25 18:00:00,1,1,"{""석암동"": 1}",2.0,2,"{""공장 냄새(화학약품, 매캐함)"": 1}","공장 냄새(화학약품, 매캐함)"
익산시만,2026-04-27 22:00:00,1,1,"{""왕궁면 흥암리"": 1}",4.0,4,"{""기타"": 1}",기타
익산시만,2026-04-29 07:00:00,1,1,"{""부송동"": 1}",5.0,5,"{""공장 냄새(화학약품, 매캐함)"": 1}","공장 냄새(화학약품, 매캐함)"
익산시만,2026-05-02 21:00:00,1,1,"{""왕궁면 흥암리"": 1}",5.0,5,"{""가축 분뇨 냄새(닭, 돼지, 소)"": 1}","가축 분뇨 냄새(닭, 돼지, 소)"
익산시만,2026-05-04 20:00:00,3,3,"{""춘포면 신동리"": 3}",4.333333333333333,5,"{""가축 분뇨 냄새(닭, 돼지, 소)"": 3}","가축 분뇨 냄새(닭, 돼지, 소)"
익산시만,2026-05-04 22:00:00,2,2,"{""오산면 신지리"": 1, ""부송동"": 1}",3.5,4,"{""가축 분뇨 냄새(닭, 돼지, 소)"": 2}","가축 분뇨 냄새(닭, 돼지, 소)"
익산시만,2026-05-04 23:00:00,1,1,"{""부송동"": 1}",4.0,4,"{""가축 분뇨 냄새(닭, 돼지, 소)"": 1}","가축 분뇨 냄새(닭, 돼지, 소)"
익산시만,2026-05-05 08:00:00,2,2,"{""왕궁면 흥암리"": 1, ""어양동"": 1}",2.5,3,"{""공장 냄새(화학약품, 매캐함)"": 2}","공장 냄새(화학약품, 매캐함)"
익산시만,2026-05-05 19:00:00,2,2,"{""왕궁면 흥암리"": 2}",4.5,5,"{""가축 분뇨 냄새(닭, 돼지, 소)"": 2}","가축 분뇨 냄새(닭, 돼지, 소)"
익산시만,2026-05-05 20:00:00,1,1,"{""왕궁면 흥암리"": 1}",5.0,5,"{""공장 냄새(화학약품, 매캐함)"": 1}","공장 냄새(화학약품, 매캐함)"
익산시만,2026-05-06 07:00:00,1,1,"{""왕궁면 흥암리"": 1}",2.0,2,"{""공장 냄새(화학약품, 매캐함)"": 1}","공장 냄새(화학약품, 매캐함)"
익산시만,2026-05-07 02:00:00,1,1,"{""마동"": 1}",5.0,5,"{""공장 냄새(화학약품, 매캐함)"": 1}","공장 냄새(화학약품, 매캐함)"
익산시만,2026-05-08 15:00:00,1,1,"{""함열읍 석매리"": 1}",3.0,3,"{""가축 분뇨 냄새(닭, 돼지, 소)"": 1}","가축 분뇨 냄새(닭, 돼지, 소)"
익산시만,2026-05-08 19:00:00,1,1,"{""석암동"": 1}",3.0,3,"{""공장 냄새(화학약품, 매캐함)"": 1}","공장 냄새(화학약품, 매캐함)"
익산시만,2026-05-09 01:00:00,1,1,"{""어양동"": 1}",4.0,4,"{""가축 분뇨 냄새(닭, 돼지, 소)"": 1}","가축 분뇨 냄새(닭, 돼지, 소)"
익산시만,2026-05-09 19:00:00,1,1,"{""주현동"": 1}",3.0,3,"{""공장 냄새(화학약품, 매캐함)"": 1}","공장 냄새(화학약품, 매캐함)"
익산시만,2026-05-09 20:00:00,1,1,"{""왕궁면 흥암리"": 1}",4.0,4,"{""소각 냄새(태우는 냄새)"": 1}",소각 냄새(태우는 냄새)
익산시만,2026-05-10 00:00:00,3,3,"{""마동"": 2, ""동산동"": 1}",4.333333333333333,5,"{""가축 분뇨 냄새(닭, 돼지, 소)"": 2, ""공장 냄새(화학약품, 매캐함)"": 1}","가축 분뇨 냄새(닭, 돼지, 소)"
익산시만,2026-05-10 06:00:00,1,1,"{""오산면 신지리"": 1}",3.0,3,"{""가축 분뇨 냄새(닭, 돼지, 소)"": 1}","가축 분뇨 냄새(닭, 돼지, 소)"
익산시만,2026-05-10 17:00:00,1,1,"{""용동면 용성리"": 1}",5.0,5,"{""가축 분뇨 냄새(닭, 돼지, 소)"": 1}","가축 분뇨 냄새(닭, 돼지, 소)"
익산시만,2026-05-13 00:00:00,1,1,"{""마동"": 1}",5.0,5,"{""가축 분뇨 냄새(닭, 돼지, 소)"": 1}","가축 분뇨 냄새(닭, 돼지, 소)"
익산시만,2026-05-15 00:00:00,1,1,"{""왕궁면 흥암리"": 1}",5.0,5,"{""가축 분뇨 냄새(닭, 돼지, 소)"": 1}","가축 분뇨 냄새(닭, 돼지, 소)"
익산시만,2026-05-15 02:00:00,1,1,"{""마동"": 1}",5.0,5,"{""공장 냄새(화학약품, 매캐함)"": 1}","공장 냄새(화학약품, 매캐함)"
익산시만,2026-05-17 00:00:00,1,1,"{""왕궁면 흥암리"": 1}",4.0,4,"{""가축 분뇨 냄새(닭, 돼지, 소)"": 1}","가축 분뇨 냄새(닭, 돼지, 소)"
익산시만,2026-05-18 21:00:00,1,1,"{""왕궁면 흥암리"": 1}",4.0,4,"{""가축 분뇨 냄새(닭, 돼지, 소)"": 1}","가축 분뇨 냄새(닭, 돼지, 소)"
익산시만,2026-05-19 00:00:00,1,1,"{""영등동"": 1}",3.0,3,"{""공장 냄새(화학약품, 매캐함)"": 1}","공장 냄새(화학약품, 매캐함)"
익산시만,2026-05-19 05:00:00,1,1,"{""부송동"": 1}",4.0,4,"{""공장 냄새(화학약품, 매캐함)"": 1}","공장 냄새(화학약품, 매캐함)"
익산시만,2026-05-19 07:00:00,1,1,"{""어양동"": 1}",4.0,4,"{""공장 냄새(화학약품, 매캐함)"": 1}","공장 냄새(화학약품, 매캐함)"
익산시만,2026-05-19 19:00:00,1,1,"{""왕궁면 흥암리"": 1}",4.0,4,"{""공장 냄새(화학약품, 매캐함)"": 1}","공장 냄새(화학약품, 매캐함)"
익산시만,2026-05-19 21:00:00,3,3,"{""왕궁면 흥암리"": 3}",4.666666666666667,5,"{""소각 냄새(태우는 냄새)"": 2, ""가축 분뇨 냄새(닭, 돼지, 소)"": 1}",소각 냄새(태우는 냄새)
익산시만,2026-05-19 22:00:00,1,1,"{""왕궁면 흥암리"": 1}",4.0,4,"{""가축 분뇨 냄새(닭, 돼지, 소)"": 1}","가축 분뇨 냄새(닭, 돼지, 소)"
익산시만,2026-05-19 23:00:00,1,1,"{""왕궁면 흥암리"": 1}",4.0,4,"{""공장 냄새(화학약품, 매캐함)"": 1}","공장 냄새(화학약품, 매캐함)"
익산시만,2026-05-20 21:00:00,1,1,"{""어양동"": 1}",3.0,3,"{""공장 냄새(화학약품, 매캐함)"": 1}","공장 냄새(화학약품, 매캐함)"
익산시만,2026-05-23 00:00:00,1,1,"{""마동"": 1}",5.0,5,"{""공장 냄새(화학약품, 매캐함)"": 1}","공장 냄새(화학약품, 매캐함)"
익산시만,2026-05-23 01:00:00,1,1,"{""낭산면 용기리"": 1}",3.0,3,"{""가축 분뇨 냄새(닭, 돼지, 소)"": 1}","가축 분뇨 냄새(닭, 돼지, 소)"
익산시만,2026-05-23 05:00:00,1,1,"{""오산면 신지리"": 1}",4.0,4,"{""가축 분뇨 냄새(닭, 돼지, 소)"": 1}","가축 분뇨 냄새(닭, 돼지, 소)"
익산시만,2026-05-23 09:00:00,2,2,"{""왕궁면 흥암리"": 2}",5.0,5,"{""가축 분뇨 냄새(닭, 돼지, 소)"": 2}","가축 분뇨 냄새(닭, 돼지, 소)"
익산시만,2026-05-24 00:00:00,1,1,"{""왕궁면 흥암리"": 1}",3.0,3,"{""가축 분뇨 냄새(닭, 돼지, 소)"": 1}","가축 분뇨 냄새(닭, 돼지, 소)"
익산시만,2026-05-24 01:00:00,1,1,"{""어양동"": 1}",3.0,3,"{""가축 분뇨 냄새(닭, 돼지, 소)"": 1}","가축 분뇨 냄새(닭, 돼지, 소)"
익산시만,2026-05-24 08:00:00,1,1,"{""왕궁면 흥암리"": 1}",4.0,4,"{""공장 냄새(화학약품, 매캐함)"": 1}","공장 냄새(화학약품, 매캐함)"
익산시만,2026-05-25 19:00:00,3,3,"{""춘포면 신동리"": 2, ""팔봉동"": 1}",3.3333333333333335,4,"{""가축 분뇨 냄새(닭, 돼지, 소)"": 2, ""공장 냄새(화학약품, 매캐함)"": 1}","가축 분뇨 냄새(닭, 돼지, 소)"
익산시만,2026-05-25 20:00:00,5,5,"{""영등동"": 2, ""마동"": 1, ""어양동"": 1, ""춘포면 신동리"": 1}",4.2,5,"{""가축 분뇨 냄새(닭, 돼지, 소)"": 5}","가축 분뇨 냄새(닭, 돼지, 소)"
익산시만,2026-05-25 21:00:00,2,2,"{""평화동"": 1, ""오산면 신지리"": 1}",3.0,4,"{""가축 분뇨 냄새(닭, 돼지, 소)"": 2}","가축 분뇨 냄새(닭, 돼지, 소)"
익산시만,2026-05-25 22:00:00,1,1,"{""송학동"": 1}",4.0,4,"{""가축 분뇨 냄새(닭, 돼지, 소)"": 1}","가축 분뇨 냄새(닭, 돼지, 소)"
익산시만,2026-05-25 23:00:00,1,1,"{""왕궁면 흥암리"": 1}",4.0,4,"{""공장 냄새(화학약품, 매캐함)"": 1}","공장 냄새(화학약품, 매캐함)"
익산시만,2026-05-26 01:00:00,1,1,"{""마동"": 1}",4.0,4,"{""공장 냄새(화학약품, 매캐함)"": 1}","공장 냄새(화학약품, 매캐함)"
익산시만,2026-05-26 07:00:00,1,1,"{""왕궁면 흥암리"": 1}",5.0,5,"{""공장 냄새(화학약품, 매캐함)"": 1}","공장 냄새(화학약품, 매캐함)"
익산시만,2026-05-26 08:00:00,1,1,"{""어양동"": 1}",4.0,4,"{""공장 냄새(화학약품, 매캐함)"": 1}","공장 냄새(화학약품, 매캐함)"
익산시만,2026-05-26 13:00:00,1,1,"{""왕궁면 흥암리"": 1}",4.0,4,"{""공장 냄새(화학약품, 매캐함)"": 1}","공장 냄새(화학약품, 매캐함)"
익산시만,2026-05-26 18:00:00,2,2,"{""왕궁면 흥암리"": 2}",4.0,4,"{""가축 분뇨 냄새(닭, 돼지, 소)"": 2}","가축 분뇨 냄새(닭, 돼지, 소)"
익산시만,2026-05-26 19:00:00,1,1,"{""왕궁면 흥암리"": 1}",5.0,5,"{""가축 분뇨 냄새(닭, 돼지, 소)"": 1}","가축 분뇨 냄새(닭, 돼지, 소)"
익산시만,2026-05-26 20:00:00,2,2,"{""왕궁면 흥암리"": 2}",4.0,5,"{""하수구 냄새"": 1, ""가축 분뇨 냄새(닭, 돼지, 소)"": 1}",하수구 냄새
익산시만,2026-05-26 21:00:00,1,1,"{""부송동"": 1}",5.0,5,"{""공장 냄새(화학약품, 매캐함)"": 1}","공장 냄새(화학약품, 매캐함)"
익산시만,2026-05-26 22:00:00,1,1,"{""삼기면 오룡리"": 1}",3.0,3,"{""가축 분뇨 냄새(닭, 돼지, 소)"": 1}","가축 분뇨 냄새(닭, 돼지, 소)"
익산시만,2026-05-27 02:00:00,1,1,"{""마동"": 1}",3.0,3,"{""공장 냄새(화학약품, 매캐함)"": 1}","공장 냄새(화학약품, 매캐함)"
익산시만,2026-05-27 16:00:00,1,1,"{""왕궁면 온수리"": 1}",5.0,5,"{""가축 분뇨 냄새(닭, 돼지, 소)"": 1}","가축 분뇨 냄새(닭, 돼지, 소)"
익산시만,2026-05-27 19:00:00,1,1,"{""삼기면 오룡리"": 1}",4.0,4,"{""가축 분뇨 냄새(닭, 돼지, 소)"": 1}","가축 분뇨 냄새(닭, 돼지, 소)"
익산시만,2026-05-30 22:00:00,1,1,"{""부송동"": 1}",3.0,3,"{""가축 분뇨 냄새(닭, 돼지, 소)"": 1}","가축 분뇨 냄새(닭, 돼지, 소)"
익산시만,2026-05-31 00:00:00,1,1,"{""왕궁면 흥암리"": 1}",3.0,3,"{""공장 냄새(화학약품, 매캐함)"": 1}","공장 냄새(화학약품, 매캐함)"
익산시만,2026-05-31 20:00:00,1,1,"{""왕궁면 흥암리"": 1}",4.0,4,"{""가축 분뇨 냄새(닭, 돼지, 소)"": 1}","가축 분뇨 냄새(닭, 돼지, 소)"
익산시만,2026-06-01 00:00:00,2,2,"{""마동"": 1, ""송학동"": 1}",4.5,5,"{""가축 분뇨 냄새(닭, 돼지, 소)"": 2}","가축 분뇨 냄새(닭, 돼지, 소)"
익산시만,2026-06-01 01:00:00,2,2,"{""왕궁면 흥암리"": 1, ""영등동"": 1}",4.0,4,"{""공장 냄새(화학약품, 매캐함)"": 1, ""가축 분뇨 냄새(닭, 돼지, 소)"": 1}","공장 냄새(화학약품, 매캐함)"
익산시만,2026-06-01 04:00:00,1,1,"{""왕궁면 흥암리"": 1}",5.0,5,"{""소각 냄새(태우는 냄새)"": 1}",소각 냄새(태우는 냄새)
익산시만,2026-06-01 08:00:00,2,2,"{""왕궁면 흥암리"": 1, ""오산면 신지리"": 1}",3.5,4,"{""공장 냄새(화학약품, 매캐함)"": 1, ""가축 분뇨 냄새(닭, 돼지, 소)"": 1}","공장 냄새(화학약품, 매캐함)"
익산시만,2026-06-01 09:00:00,1,1,"{""어양동"": 1}",3.0,3,"{""공장 냄새(화학약품, 매캐함)"": 1}","공장 냄새(화학약품, 매캐함)"
익산시만,2026-06-01 20:00:00,1,1,"{""낭산면 용기리"": 1}",3.0,3,"{""가축 분뇨 냄새(닭, 돼지, 소)"": 1}","가축 분뇨 냄새(닭, 돼지, 소)"
익산시만,2026-06-02 04:00:00,2,2,"{""영등동"": 2}",3.5,4,"{""소각 냄새(태우는 냄새)"": 1, ""공장 냄새(화학약품, 매캐함)"": 1}",소각 냄새(태우는 냄새)
익산시만,2026-06-02 05:00:00,2,2,"{""금강동"": 1, ""영등동"": 1}",4.0,5,"{""공장 냄새(화학약품, 매캐함)"": 1, ""소각 냄새(태우는 냄새)"": 1}","공장 냄새(화학약품, 매캐함)"
익산시만,2026-06-02 20:00:00,1,1,"{""부송동"": 1}",5.0,5,"{""소각 냄새(태우는 냄새)"": 1}",소각 냄새(태우는 냄새)
익산시만,2026-06-02 22:00:00,1,1,"{""왕궁면 흥암리"": 1}",4.0,4,"{""소각 냄새(태우는 냄새)"": 1}",소각 냄새(태우는 냄새)
익산시만,2026-06-03 00:00:00,1,1,"{""어양동"": 1}",2.0,2,"{""가축 분뇨 냄새(닭, 돼지, 소)"": 1}","가축 분뇨 냄새(닭, 돼지, 소)"
익산시만,2026-06-03 07:00:00,1,1,"{""왕궁면 흥암리"": 1}",3.0,3,"{""공장 냄새(화학약품, 매캐함)"": 1}","공장 냄새(화학약품, 매캐함)"
익산시만,2026-06-03 23:00:00,1,1,"{""마동"": 1}",4.0,4,"{""가축 분뇨 냄새(닭, 돼지, 소)"": 1}","가축 분뇨 냄새(닭, 돼지, 소)"
익산시만,2026-06-04 04:00:00,1,1,"{""송학동"": 1}",4.0,4,"{""가축 분뇨 냄새(닭, 돼지, 소)"": 1}","가축 분뇨 냄새(닭, 돼지, 소)"
익산시만,2026-06-04 06:00:00,1,1,"{""마동"": 1}",5.0,5,"{""공장 냄새(화학약품, 매캐함)"": 1}","공장 냄새(화학약품, 매캐함)"
익산시만,2026-06-05 00:00:00,2,2,"{""왕궁면 흥암리"": 1, ""부송동"": 1}",4.5,5,"{""소각 냄새(태우는 냄새)"": 2}",소각 냄새(태우는 냄새)
익산시만,2026-06-05 01:00:00,2,2,"{""어양동"": 1, ""영등동"": 1}",4.0,5,"{""소각 냄새(태우는 냄새)"": 2}",소각 냄새(태우는 냄새)
익산시만,2026-06-06 02:00:00,2,1,"{""평화동"": 2}",5.0,5,"{""가축 분뇨 냄새(닭, 돼지, 소)"": 2}","가축 분뇨 냄새(닭, 돼지, 소)"
익산시만,2026-06-06 04:00:00,1,1,"{""부송동"": 1}",3.0,3,"{""공장 냄새(화학약품, 매캐함)"": 1}","공장 냄새(화학약품, 매캐함)"
익산시만,2026-06-06 06:00:00,1,1,"{""마동"": 1}",4.0,4,"{""공장 냄새(화학약품, 매캐함)"": 1}","공장 냄새(화학약품, 매캐함)"
익산시만,2026-06-07 18:00:00,1,1,"{""삼기면 오룡리"": 1}",4.0,4,"{""가축 분뇨 냄새(닭, 돼지, 소)"": 1}","가축 분뇨 냄새(닭, 돼지, 소)"
익산시만,2026-06-08 00:00:00,1,1,"{""남중동"": 1}",3.0,3,"{""소각 냄새(태우는 냄새)"": 1}",소각 냄새(태우는 냄새)
익산시만,2026-06-08 07:00:00,1,1,"{""삼기면 오룡리"": 1}",3.0,3,"{""가축 분뇨 냄새(닭, 돼지, 소)"": 1}","가축 분뇨 냄새(닭, 돼지, 소)"
익산시만,2026-06-08 21:00:00,1,1,"{""왕궁면 흥암리"": 1}",4.0,4,"{""가축 분뇨 냄새(닭, 돼지, 소)"": 1}","가축 분뇨 냄새(닭, 돼지, 소)"
익산시만,2026-06-09 00:00:00,3,3,"{""어양동"": 1, ""신흥동"": 1, ""부송동"": 1}",5.0,5,"{""가축 분뇨 냄새(닭, 돼지, 소)"": 3}","가축 분뇨 냄새(닭, 돼지, 소)"
익산시만,2026-06-09 06:00:00,1,1,"{""어양동"": 1}",5.0,5,"{""공장 냄새(화학약품, 매캐함)"": 1}","공장 냄새(화학약품, 매캐함)"
익산시만,2026-06-09 07:00:00,1,1,"{""마동"": 1}",4.0,4,"{""공장 냄새(화학약품, 매캐함)"": 1}","공장 냄새(화학약품, 매캐함)"
익산시만,2026-06-09 20:00:00,4,4,"{""왕궁면 흥암리"": 3, ""낭산면 용기리"": 1}",4.0,5,"{""소각 냄새(태우는 냄새)"": 3, ""가축 분뇨 냄새(닭, 돼지, 소)"": 1}",소각 냄새(태우는 냄새)
익산시만,2026-06-09 22:00:00,2,2,"{""왕궁면 흥암리"": 1, ""황등면 황등리"": 1}",4.5,5,"{""소각 냄새(태우는 냄새)"": 1, ""가축 분뇨 냄새(닭, 돼지, 소)"": 1}",소각 냄새(태우는 냄새)
익산시만,2026-06-10 00:00:00,3,3,"{""부송동"": 2, ""어양동"": 1}",4.333333333333333,5,"{""소각 냄새(태우는 냄새)"": 2, ""가축 분뇨 냄새(닭, 돼지, 소)"": 1}",소각 냄새(태우는 냄새)
익산시만,2026-06-10 02:00:00,2,2,"{""왕궁면 흥암리"": 2}",4.0,4,"{""가축 분뇨 냄새(닭, 돼지, 소)"": 1, ""공장 냄새(화학약품, 매캐함)"": 1}","가축 분뇨 냄새(닭, 돼지, 소)"
익산시만,2026-06-10 07:00:00,1,1,"{""왕궁면 흥암리"": 1}",4.0,4,"{""소각 냄새(태우는 냄새)"": 1}",소각 냄새(태우는 냄새)
익산시만,2026-06-10 08:00:00,1,1,"{""왕궁면 흥암리"": 1}",2.0,2,"{""공장 냄새(화학약품, 매캐함)"": 1}","공장 냄새(화학약품, 매캐함)"
익산시만,2026-06-10 19:00:00,2,2,"{""왕궁면 흥암리"": 2}",4.0,5,"{""소각 냄새(태우는 냄새)"": 2}",소각 냄새(태우는 냄새)
익산시만,2026-06-11 06:00:00,1,1,"{""마동"": 1}",4.0,4,"{""공장 냄새(화학약품, 매캐함)"": 1}","공장 냄새(화학약품, 매캐함)"
익산시만,2026-06-11 07:00:00,1,1,"{""왕궁면 흥암리"": 1}",2.0,2,"{""공장 냄새(화학약품, 매캐함)"": 1}","공장 냄새(화학약품, 매캐함)"
익산시만,2026-06-11 22:00:00,1,1,"{""왕궁면 흥암리"": 1}",4.0,4,"{""소각 냄새(태우는 냄새)"": 1}",소각 냄새(태우는 냄새)
익산시만,2026-06-12 06:00:00,1,1,"{""부송동"": 1}",5.0,5,"{""소각 냄새(태우는 냄새)"": 1}",소각 냄새(태우는 냄새)
익산시만,2026-06-12 07:00:00,1,1,"{""왕궁면 흥암리"": 1}",3.0,3,"{""공장 냄새(화학약품, 매캐함)"": 1}","공장 냄새(화학약품, 매캐함)"
익산시만,2026-06-12 22:00:00,3,3,"{""송학동"": 1, ""모현동1가"": 1, ""금강동"": 1}",3.6666666666666665,4,"{""소각 냄새(태우는 냄새)"": 3}",소각 냄새(태우는 냄새)
익산시만,2026-06-12 23:00:00,2,2,"{""신동"": 1, ""왕궁면 흥암리"": 1}",3.5,4,"{""소각 냄새(태우는 냄새)"": 1, ""공장 냄새(화학약품, 매캐함)"": 1}",소각 냄새(태우는 냄새)
익산시만,2026-06-13 01:00:00,1,1,"{""영등동"": 1}",3.0,3,"{""가축 분뇨 냄새(닭, 돼지, 소)"": 1}","가축 분뇨 냄새(닭, 돼지, 소)"
익산시만,2026-06-13 03:00:00,1,1,"{""부송동"": 1}",4.0,4,"{""공장 냄새(화학약품, 매캐함)"": 1}","공장 냄새(화학약품, 매캐함)"
익산시만,2026-06-13 17:00:00,1,1,"{""부송동"": 1}",5.0,5,"{""소각 냄새(태우는 냄새)"": 1}",소각 냄새(태우는 냄새)
익산시만,2026-06-13 20:00:00,1,1,"{""동산동"": 1}",3.0,3,"{""소각 냄새(태우는 냄새)"": 1}",소각 냄새(태우는 냄새)
익산시만,2026-06-14 03:00:00,1,1,"{""평화동"": 1}",4.0,4,"{""가축 분뇨 냄새(닭, 돼지, 소)"": 1}","가축 분뇨 냄새(닭, 돼지, 소)"
익산시만,2026-06-14 08:00:00,1,1,"{""마동"": 1}",3.0,3,"{""공장 냄새(화학약품, 매캐함)"": 1}","공장 냄새(화학약품, 매캐함)"
익산시만,2026-06-14 16:00:00,2,2,"{""춘포면 오산리"": 1, ""춘포면 신동리"": 1}",4.0,5,"{""가축 분뇨 냄새(닭, 돼지, 소)"": 2}","가축 분뇨 냄새(닭, 돼지, 소)"
익산시만,2026-06-14 20:00:00,1,1,"{""마동"": 1}",3.0,3,"{""공장 냄새(화학약품, 매캐함)"": 1}","공장 냄새(화학약품, 매캐함)"
익산시만,2026-06-14 22:00:00,1,1,"{""마동"": 1}",4.0,4,"{""공장 냄새(화학약품, 매캐함)"": 1}","공장 냄새(화학약품, 매캐함)"
익산시만,2026-06-14 23:00:00,1,1,"{""부송동"": 1}",4.0,4,"{""소각 냄새(태우는 냄새)"": 1}",소각 냄새(태우는 냄새)
익산시만,2026-06-15 00:00:00,1,1,"{""마동"": 1}",4.0,4,"{""공장 냄새(화학약품, 매캐함)"": 1}","공장 냄새(화학약품, 매캐함)"
익산시만,2026-06-15 02:00:00,1,1,"{""부송동"": 1}",4.0,4,"{""소각 냄새(태우는 냄새)"": 1}",소각 냄새(태우는 냄새)
익산시만,2026-06-15 07:00:00,1,1,"{""왕궁면 흥암리"": 1}",3.0,3,"{""공장 냄새(화학약품, 매캐함)"": 1}","공장 냄새(화학약품, 매캐함)"
익산시만,2026-06-15 19:00:00,1,1,"{""왕궁면 흥암리"": 1}",4.0,4,"{""가축 분뇨 냄새(닭, 돼지, 소)"": 1}","가축 분뇨 냄새(닭, 돼지, 소)"
익산시만,2026-06-16 04:00:00,1,1,"{""신흥동"": 1}",4.0,4,"{""소각 냄새(태우는 냄새)"": 1}",소각 냄새(태우는 냄새)
익산시만,2026-06-16 06:00:00,1,1,"{""신흥동"": 1}",3.0,3,"{""공장 냄새(화학약품, 매캐함)"": 1}","공장 냄새(화학약품, 매캐함)"
익산시만,2026-06-16 07:00:00,3,3,"{""왕궁면 흥암리"": 2, ""마동"": 1}",4.333333333333333,5,"{""공장 냄새(화학약품, 매캐함)"": 3}","공장 냄새(화학약품, 매캐함)"
익산시만,2026-06-16 09:00:00,1,1,"{""왕궁면 흥암리"": 1}",2.0,2,"{""공장 냄새(화학약품, 매캐함)"": 1}","공장 냄새(화학약품, 매캐함)"
익산시만,2026-06-17 18:00:00,1,1,"{""낭산면 용기리"": 1}",3.0,3,"{""가축 분뇨 냄새(닭, 돼지, 소)"": 1}","가축 분뇨 냄새(닭, 돼지, 소)"
익산시만,2026-06-17 19:00:00,1,1,"{""마동"": 1}",3.0,3,"{""공장 냄새(화학약품, 매캐함)"": 1}","공장 냄새(화학약품, 매캐함)"
익산시만,2026-06-17 20:00:00,1,1,"{""어양동"": 1}",5.0,5,"{""공장 냄새(화학약품, 매캐함)"": 1}","공장 냄새(화학약품, 매캐함)"
익산시만,2026-06-17 22:00:00,1,1,"{""마동"": 1}",4.0,4,"{""공장 냄새(화학약품, 매캐함)"": 1}","공장 냄새(화학약품, 매캐함)"
익산시만,2026-06-18 08:00:00,2,2,"{""왕궁면 흥암리"": 1, ""오산면 신지리"": 1}",4.5,5,"{""소각 냄새(태우는 냄새)"": 1, ""가축 분뇨 냄새(닭, 돼지, 소)"": 1}",소각 냄새(태우는 냄새)
익산시만,2026-06-19 05:00:00,1,1,"{""왕궁면 흥암리"": 1}",3.0,3,"{""가축 분뇨 냄새(닭, 돼지, 소)"": 1}","가축 분뇨 냄새(닭, 돼지, 소)"
익산시만,2026-06-19 07:00:00,1,1,"{""왕궁면 흥암리"": 1}",5.0,5,"{""가축 분뇨 냄새(닭, 돼지, 소)"": 1}","가축 분뇨 냄새(닭, 돼지, 소)"
익산시만,2026-06-19 10:00:00,1,1,"{""왕궁면 흥암리"": 1}",3.0,3,"{""공장 냄새(화학약품, 매캐함)"": 1}","공장 냄새(화학약품, 매캐함)"
익산시만,2026-06-19 12:00:00,1,1,"{""왕궁면 흥암리"": 1}",4.0,4,"{""공장 냄새(화학약품, 매캐함)"": 1}","공장 냄새(화학약품, 매캐함)"
익산시만,2026-06-19 20:00:00,2,2,"{""왕궁면 흥암리"": 1, ""마동"": 1}",4.5,5,"{""가축 분뇨 냄새(닭, 돼지, 소)"": 2}","가축 분뇨 냄새(닭, 돼지, 소)"
익산시만,2026-06-19 21:00:00,2,2,"{""용제동"": 1, ""왕궁면 흥암리"": 1}",3.5,4,"{""소각 냄새(태우는 냄새)"": 1, ""공장 냄새(화학약품, 매캐함)"": 1}",소각 냄새(태우는 냄새)
익산시만,2026-06-20 11:00:00,1,1,"{""왕궁면 흥암리"": 1}",4.0,4,"{""가축 분뇨 냄새(닭, 돼지, 소)"": 1}","가축 분뇨 냄새(닭, 돼지, 소)"
익산시만,2026-06-21 22:00:00,2,2,"{""삼기면 서두리"": 1, ""남중동"": 1}",1.5,2,"{""가축 분뇨 냄새(닭, 돼지, 소)"": 1, ""소각 냄새(태우는 냄새)"": 1}","가축 분뇨 냄새(닭, 돼지, 소)"
익산시만,2026-06-22 04:00:00,1,1,"{""함열읍 와리"": 1}",5.0,5,"{""가축 분뇨 냄새(닭, 돼지, 소)"": 1}","가축 분뇨 냄새(닭, 돼지, 소)"
익산시만,2026-06-22 08:00:00,2,2,"{""왕궁면 흥암리"": 2}",3.0,3,"{""공장 냄새(화학약품, 매캐함)"": 2}","공장 냄새(화학약품, 매캐함)"
익산시만,2026-06-23 00:00:00,1,1,"{""부송동"": 1}",3.0,3,"{""소각 냄새(태우는 냄새)"": 1}",소각 냄새(태우는 냄새)
익산시만,2026-06-23 19:00:00,1,1,"{""마동"": 1}",3.0,3,"{""공장 냄새(화학약품, 매캐함)"": 1}","공장 냄새(화학약품, 매캐함)"
익산시만,2026-06-23 20:00:00,1,1,"{""왕궁면 흥암리"": 1}",5.0,5,"{""가축 분뇨 냄새(닭, 돼지, 소)"": 1}","가축 분뇨 냄새(닭, 돼지, 소)"
익산시만,2026-06-24 17:00:00,1,1,"{""왕궁면 흥암리"": 1}",5.0,5,"{""기타"": 1}",기타
익산시만,2026-06-25 00:00:00,1,1,"{""왕궁면 흥암리"": 1}",2.0,2,"{""소각 냄새(태우는 냄새)"": 1}",소각 냄새(태우는 냄새)
익산시만,2026-06-25 05:00:00,1,1,"{""왕궁면 흥암리"": 1}",5.0,5,"{""소각 냄새(태우는 냄새)"": 1}",소각 냄새(태우는 냄새)
익산시만,2026-06-26 21:00:00,1,1,"{""왕궁면 흥암리"": 1}",4.0,4,"{""공장 냄새(화학약품, 매캐함)"": 1}","공장 냄새(화학약품, 매캐함)"
익산시만,2026-06-27 04:00:00,3,3,"{""영등동"": 2, ""동산동"": 1}",4.0,4,"{""가축 분뇨 냄새(닭, 돼지, 소)"": 3}","가축 분뇨 냄새(닭, 돼지, 소)"
익산시만,2026-06-27 06:00:00,1,1,"{""오산면 신지리"": 1}",5.0,5,"{""가축 분뇨 냄새(닭, 돼지, 소)"": 1}","가축 분뇨 냄새(닭, 돼지, 소)"
익산시만,2026-06-27 07:00:00,4,4,"{""왕궁면 흥암리"": 3, ""부송동"": 1}",4.75,5,"{""공장 냄새(화학약품, 매캐함)"": 4}","공장 냄새(화학약품, 매캐함)"
익산시만,2026-06-27 08:00:00,5,5,"{""왕궁면 흥암리"": 4, ""마동"": 1}",4.0,5,"{""공장 냄새(화학약품, 매캐함)"": 5}","공장 냄새(화학약품, 매캐함)"
익산시만,2026-06-27 21:00:00,1,1,"{""춘포면 신동리"": 1}",4.0,4,"{""가축 분뇨 냄새(닭, 돼지, 소)"": 1}","가축 분뇨 냄새(닭, 돼지, 소)"
익산시만,2026-06-27 22:00:00,3,3,"{""마동"": 2, ""송학동"": 1}",3.6666666666666665,5,"{""소각 냄새(태우는 냄새)"": 2, ""가축 분뇨 냄새(닭, 돼지, 소)"": 1}",소각 냄새(태우는 냄새)
익산시만,2026-06-28 01:00:00,1,1,"{""마동"": 1}",5.0,5,"{""하수구 냄새"": 1}",하수구 냄새
익산시만,2026-06-28 02:00:00,2,2,"{""부송동"": 2}",5.0,5,"{""하수구 냄새"": 2}",하수구 냄새
익산시만,2026-06-28 05:00:00,1,1,"{""동산동"": 1}",5.0,5,"{""가축 분뇨 냄새(닭, 돼지, 소)"": 1}","가축 분뇨 냄새(닭, 돼지, 소)"
익산시만,2026-06-28 06:00:00,1,1,"{""마동"": 1}",5.0,5,"{""가축 분뇨 냄새(닭, 돼지, 소)"": 1}","가축 분뇨 냄새(닭, 돼지, 소)"
익산시만,2026-06-29 07:00:00,1,1,"{""왕궁면 흥암리"": 1}",3.0,3,"{""공장 냄새(화학약품, 매캐함)"": 1}","공장 냄새(화학약품, 매캐함)"
익산시만,2026-06-29 08:00:00,1,1,"{""왕궁면 흥암리"": 1}",2.0,2,"{""공장 냄새(화학약품, 매캐함)"": 1}","공장 냄새(화학약품, 매캐함)"
익산시만,2026-06-29 21:00:00,1,1,"{""마동"": 1}",5.0,5,"{""기타"": 1}",기타
익산시만,2026-06-30 05:00:00,1,1,"{""왕궁면 흥암리"": 1}",4.0,4,"{""공장 냄새(화학약품, 매캐함)"": 1}","공장 냄새(화학약품, 매캐함)"
익산시만,2026-06-30 06:00:00,8,8,"{""마동"": 5, ""평화동"": 2, ""동산동"": 1}",4.5,5,"{""가축 분뇨 냄새(닭, 돼지, 소)"": 8}","가축 분뇨 냄새(닭, 돼지, 소)"
익산시만,2026-06-30 07:00:00,1,1,"{""마동"": 1}",5.0,5,"{""가축 분뇨 냄새(닭, 돼지, 소)"": 1}","가축 분뇨 냄새(닭, 돼지, 소)"
익산시만,2026-06-30 08:00:00,1,1,"{""왕궁면 흥암리"": 1}",3.0,3,"{""소각 냄새(태우는 냄새)"": 1}",소각 냄새(태우는 냄새)
익산시만,2026-07-01 00:00:00,5,5,"{""왕궁면 흥암리"": 5}",4.2,5,"{""가축 분뇨 냄새(닭, 돼지, 소)"": 2, ""공장 냄새(화학약품, 매캐함)"": 2, ""음식조리 냄새"": 1}","가축 분뇨 냄새(닭, 돼지, 소)"
익산시만,2026-07-01 03:00:00,2,2,"{""마동"": 1, ""영등동"": 1}",4.5,5,"{""공장 냄새(화학약품, 매캐함)"": 2}","공장 냄새(화학약품, 매캐함)"
익산시만,2026-07-01 04:00:00,3,3,"{""왕궁면 흥암리"": 3}",5.0,5,"{""공장 냄새(화학약품, 매캐함)"": 3}","공장 냄새(화학약품, 매캐함)"
익산시만,2026-07-01 08:00:00,1,1,"{""왕궁면 흥암리"": 1}",4.0,4,"{""공장 냄새(화학약품, 매캐함)"": 1}","공장 냄새(화학약품, 매캐함)"
익산시만,2026-07-01 11:00:00,1,1,"{""왕궁면 흥암리"": 1}",4.0,4,"{""가축 분뇨 냄새(닭, 돼지, 소)"": 1}","가축 분뇨 냄새(닭, 돼지, 소)"
익산시만,2026-07-01 21:00:00,1,1,"{""마동"": 1}",3.0,3,"{""공장 냄새(화학약품, 매캐함)"": 1}","공장 냄새(화학약품, 매캐함)"
익산시만,2026-07-01 23:00:00,2,2,"{""왕궁면 흥암리"": 1, ""마동"": 1}",4.5,5,"{""가축 분뇨 냄새(닭, 돼지, 소)"": 1, ""공장 냄새(화학약품, 매캐함)"": 1}","가축 분뇨 냄새(닭, 돼지, 소)"
익산시만,2026-07-02 06:00:00,2,2,"{""왕궁면 흥암리"": 2}",4.5,5,"{""공장 냄새(화학약품, 매캐함)"": 2}","공장 냄새(화학약품, 매캐함)"
익산시만,2026-07-02 07:00:00,2,2,"{""왕궁면 흥암리"": 2}",3.0,3,"{""공장 냄새(화학약품, 매캐함)"": 2}","공장 냄새(화학약품, 매캐함)"
익산시만,2026-07-03 03:00:00,1,1,"{""마동"": 1}",4.0,4,"{""가축 분뇨 냄새(닭, 돼지, 소)"": 1}","가축 분뇨 냄새(닭, 돼지, 소)"
익산시만,2026-07-03 22:00:00,1,1,"{""왕궁면 흥암리"": 1}",5.0,5,"{""공장 냄새(화학약품, 매캐함)"": 1}","공장 냄새(화학약품, 매캐함)"
익산시만,2026-07-04 19:00:00,1,1,"{""왕궁면 흥암리"": 1}",3.0,3,"{""가축 분뇨 냄새(닭, 돼지, 소)"": 1}","가축 분뇨 냄새(닭, 돼지, 소)"
익산시만,2026-07-04 23:00:00,1,1,"{""왕궁면 흥암리"": 1}",3.0,3,"{""가축 분뇨 냄새(닭, 돼지, 소)"": 1}","가축 분뇨 냄새(닭, 돼지, 소)"
익산시만,2026-07-05 00:00:00,1,1,"{""왕궁면 흥암리"": 1}",4.0,4,"{""가축 분뇨 냄새(닭, 돼지, 소)"": 1}","가축 분뇨 냄새(닭, 돼지, 소)"
익산시만,2026-07-05 01:00:00,1,1,"{""동산동"": 1}",5.0,5,"{""가축 분뇨 냄새(닭, 돼지, 소)"": 1}","가축 분뇨 냄새(닭, 돼지, 소)"
익산시만,2026-07-05 02:00:00,1,1,"{""마동"": 1}",2.0,2,"{""가축 분뇨 냄새(닭, 돼지, 소)"": 1}","가축 분뇨 냄새(닭, 돼지, 소)"
익산시만,2026-07-05 08:00:00,1,1,"{""춘포면 신동리"": 1}",5.0,5,"{""가축 분뇨 냄새(닭, 돼지, 소)"": 1}","가축 분뇨 냄새(닭, 돼지, 소)"
익산시만,2026-07-06 02:00:00,2,2,"{""영등동"": 1, ""마동"": 1}",4.5,5,"{""가축 분뇨 냄새(닭, 돼지, 소)"": 2}","가축 분뇨 냄새(닭, 돼지, 소)"
익산시만,2026-07-06 04:00:00,1,1,"{""왕궁면 흥암리"": 1}",4.0,4,"{""공장 냄새(화학약품, 매캐함)"": 1}","공장 냄새(화학약품, 매캐함)"
익산시만,2026-07-06 08:00:00,1,1,"{""왕궁면 흥암리"": 1}",3.0,3,"{""공장 냄새(화학약품, 매캐함)"": 1}","공장 냄새(화학약품, 매캐함)"
익산시만,2026-07-06 20:00:00,1,1,"{""마동"": 1}",4.0,4,"{""기타"": 1}",기타
익산시만,2026-07-07 00:00:00,2,2,"{""마동"": 1, ""왕궁면 흥암리"": 1}",4.5,5,"{""가축 분뇨 냄새(닭, 돼지, 소)"": 2}","가축 분뇨 냄새(닭, 돼지, 소)"
익산시만,2026-07-07 01:00:00,1,1,"{""어양동"": 1}",4.0,4,"{""가축 분뇨 냄새(닭, 돼지, 소)"": 1}","가축 분뇨 냄새(닭, 돼지, 소)"
익산시만,2026-07-07 21:00:00,1,1,"{""모현동1가"": 1}",4.0,4,"{""가축 분뇨 냄새(닭, 돼지, 소)"": 1}","가축 분뇨 냄새(닭, 돼지, 소)"
익산시만,2026-07-07 22:00:00,1,1,"{""팔봉동"": 1}",5.0,5,"{""하수구 냄새"": 1}",하수구 냄새
익산시만,2026-07-08 00:00:00,1,1,"{""마동"": 1}",4.0,4,"{""공장 냄새(화학약품, 매캐함)"": 1}","공장 냄새(화학약품, 매캐함)"
익산시만,2026-07-08 07:00:00,2,2,"{""마동"": 2}",4.0,5,"{""가축 분뇨 냄새(닭, 돼지, 소)"": 2}","가축 분뇨 냄새(닭, 돼지, 소)"
익산시만,2026-07-08 08:00:00,1,1,"{""어양동"": 1}",5.0,5,"{""가축 분뇨 냄새(닭, 돼지, 소)"": 1}","가축 분뇨 냄새(닭, 돼지, 소)"
익산시만,2026-07-08 09:00:00,1,1,"{""어양동"": 1}",4.0,4,"{""가축 분뇨 냄새(닭, 돼지, 소)"": 1}","가축 분뇨 냄새(닭, 돼지, 소)"
익산시만,2026-07-08 18:00:00,1,1,"{""왕궁면 흥암리"": 1}",5.0,5,"{""공장 냄새(화학약품, 매캐함)"": 1}","공장 냄새(화학약품, 매캐함)"
익산시만,2026-07-08 20:00:00,3,3,"{""왕궁면 흥암리"": 2, ""영등동"": 1}",4.0,5,"{""기타"": 1, ""공장 냄새(화학약품, 매캐함)"": 1, ""가축 분뇨 냄새(닭, 돼지, 소)"": 1}",기타
익산시만,2026-07-08 21:00:00,3,3,"{""동산동"": 1, ""평화동"": 1, ""마동"": 1}",4.0,5,"{""가축 분뇨 냄새(닭, 돼지, 소)"": 2, ""기타"": 1}","가축 분뇨 냄새(닭, 돼지, 소)"
익산시만,2026-07-08 22:00:00,2,2,"{""마동"": 1, ""어양동"": 1}",4.5,5,"{""가축 분뇨 냄새(닭, 돼지, 소)"": 2}","가축 분뇨 냄새(닭, 돼지, 소)"
익산시만,2026-07-09 22:00:00,2,2,"{""부송동"": 1, ""왕궁면 흥암리"": 1}",4.5,5,"{""하수구 냄새"": 1, ""공장 냄새(화학약품, 매캐함)"": 1}",하수구 냄새
익산시만,2026-07-09 23:00:00,1,1,"{""춘포면 쌍정리"": 1}",4.0,4,"{""가축 분뇨 냄새(닭, 돼지, 소)"": 1}","가축 분뇨 냄새(닭, 돼지, 소)"
익산시만,2026-07-10 04:00:00,1,1,"{""부송동"": 1}",3.0,3,"{""기타"": 1}",기타
익산시만,2026-07-10 06:00:00,1,1,"{""춘포면 쌍정리"": 1}",4.0,4,"{""가축 분뇨 냄새(닭, 돼지, 소)"": 1}","가축 분뇨 냄새(닭, 돼지, 소)"
익산시만,2026-07-10 19:00:00,1,1,"{""춘포면 신동리"": 1}",4.0,4,"{""가축 분뇨 냄새(닭, 돼지, 소)"": 1}","가축 분뇨 냄새(닭, 돼지, 소)"
익산시만,2026-07-10 22:00:00,3,3,"{""마동"": 2, ""동산동"": 1}",4.0,5,"{""가축 분뇨 냄새(닭, 돼지, 소)"": 3}","가축 분뇨 냄새(닭, 돼지, 소)"
익산시만,2026-07-10 23:00:00,7,7,"{""영등동"": 2, ""모현동1가"": 2, ""어양동"": 1, ""마동"": 1, ""왕궁면 흥암리"": 1}",4.285714285714286,5,"{""가축 분뇨 냄새(닭, 돼지, 소)"": 6, ""공장 냄새(화학약품, 매캐함)"": 1}","가축 분뇨 냄새(닭, 돼지, 소)"
익산시만,2026-07-11 00:00:00,1,1,"{""부송동"": 1}",4.0,4,"{""가축 분뇨 냄새(닭, 돼지, 소)"": 1}","가축 분뇨 냄새(닭, 돼지, 소)"
익산시만,2026-07-11 06:00:00,1,1,"{""부송동"": 1}",4.0,4,"{""공장 냄새(화학약품, 매캐함)"": 1}","공장 냄새(화학약품, 매캐함)"
익산시만,2026-07-11 20:00:00,2,2,"{""왕궁면 흥암리"": 1, ""모현동1가"": 1}",4.0,5,"{""가축 분뇨 냄새(닭, 돼지, 소)"": 2}","가축 분뇨 냄새(닭, 돼지, 소)"
익산시만,2026-07-11 21:00:00,1,1,"{""어양동"": 1}",2.0,2,"{""공장 냄새(화학약품, 매캐함)"": 1}","공장 냄새(화학약품, 매캐함)"
익산시만,2026-07-11 22:00:00,2,2,"{""부송동"": 1, ""마동"": 1}",4.5,5,"{""가축 분뇨 냄새(닭, 돼지, 소)"": 2}","가축 분뇨 냄새(닭, 돼지, 소)"
익산시만,2026-07-11 23:00:00,2,1,"{""춘포면 쌍정리"": 2}",5.0,5,"{""가축 분뇨 냄새(닭, 돼지, 소)"": 2}","가축 분뇨 냄새(닭, 돼지, 소)"
익산시만,2026-07-12 09:00:00,1,1,"{""현영동"": 1}",4.0,4,"{""가축 분뇨 냄새(닭, 돼지, 소)"": 1}","가축 분뇨 냄새(닭, 돼지, 소)"
익산시만,2026-07-13 02:00:00,1,1,"{""춘포면 쌍정리"": 1}",4.0,4,"{""가축 분뇨 냄새(닭, 돼지, 소)"": 1}","가축 분뇨 냄새(닭, 돼지, 소)"
익산시만,2026-07-13 10:00:00,1,1,"{""현영동"": 1}",4.0,4,"{""가축 분뇨 냄새(닭, 돼지, 소)"": 1}","가축 분뇨 냄새(닭, 돼지, 소)"
익산시만,2026-07-14 00:00:00,2,2,"{""평화동"": 1, ""중앙동3가"": 1}",4.0,5,"{""가축 분뇨 냄새(닭, 돼지, 소)"": 2}","가축 분뇨 냄새(닭, 돼지, 소)"
익산시만,2026-07-14 04:00:00,1,1,"{""신흥동"": 1}",4.0,4,"{""가축 분뇨 냄새(닭, 돼지, 소)"": 1}","가축 분뇨 냄새(닭, 돼지, 소)"
익산시만,2026-07-14 06:00:00,1,1,"{""송학동"": 1}",4.0,4,"{""가축 분뇨 냄새(닭, 돼지, 소)"": 1}","가축 분뇨 냄새(닭, 돼지, 소)"
익산시만,2026-07-14 08:00:00,1,1,"{""현영동"": 1}",5.0,5,"{""가축 분뇨 냄새(닭, 돼지, 소)"": 1}","가축 분뇨 냄새(닭, 돼지, 소)"
익산시만,2026-07-14 21:00:00,1,1,"{""부송동"": 1}",4.0,4,"{""가축 분뇨 냄새(닭, 돼지, 소)"": 1}","가축 분뇨 냄새(닭, 돼지, 소)"
익산시만,2026-07-15 13:00:00,1,1,"{""신흥동"": 1}",0.0,0,"{""해당사항없음"": 1}",해당사항없음
익산시만,2026-07-15 22:00:00,1,1,"{""왕궁면 흥암리"": 1}",5.0,5,"{""가축 분뇨 냄새(닭, 돼지, 소)"": 1}","가축 분뇨 냄새(닭, 돼지, 소)"
익산시만,2026-07-15 23:00:00,1,1,"{""왕궁면 흥암리"": 1}",4.0,4,"{""공장 냄새(화학약품, 매캐함)"": 1}","공장 냄새(화학약품, 매캐함)"
익산시만,2026-07-16 05:00:00,1,1,"{""왕궁면 흥암리"": 1}",4.0,4,"{""가축 분뇨 냄새(닭, 돼지, 소)"": 1}","가축 분뇨 냄새(닭, 돼지, 소)"
익산시만,2026-07-16 08:00:00,1,1,"{""왕궁면 흥암리"": 1}",3.0,3,"{""가축 분뇨 냄새(닭, 돼지, 소)"": 1}","가축 분뇨 냄새(닭, 돼지, 소)"
익산시만,2026-07-16 19:00:00,1,1,"{""삼기면 오룡리"": 1}",2.0,2,"{""가축 분뇨 냄새(닭, 돼지, 소)"": 1}","가축 분뇨 냄새(닭, 돼지, 소)"
익산시만,2026-07-16 22:00:00,4,4,"{""영등동"": 2, ""마동"": 2}",4.25,5,"{""가축 분뇨 냄새(닭, 돼지, 소)"": 4}","가축 분뇨 냄새(닭, 돼지, 소)"
익산시만,2026-07-16 23:00:00,1,1,"{""신동"": 1}",5.0,5,"{""가축 분뇨 냄새(닭, 돼지, 소)"": 1}","가축 분뇨 냄새(닭, 돼지, 소)"
익산시만,2026-07-17 23:00:00,1,1,"{""왕궁면 흥암리"": 1}",5.0,5,"{""가축 분뇨 냄새(닭, 돼지, 소)"": 1}","가축 분뇨 냄새(닭, 돼지, 소)"
익산시만,2026-07-18 00:00:00,1,1,"{""춘포면 쌍정리"": 1}",3.0,3,"{""가축 분뇨 냄새(닭, 돼지, 소)"": 1}","가축 분뇨 냄새(닭, 돼지, 소)"
익산시만,2026-07-18 03:00:00,3,3,"{""평화동"": 3}",5.0,5,"{""가축 분뇨 냄새(닭, 돼지, 소)"": 3}","가축 분뇨 냄새(닭, 돼지, 소)"
익산시만,2026-07-20 21:00:00,3,3,"{""어양동"": 3}",4.0,4,"{""기타"": 2, ""가축 분뇨 냄새(닭, 돼지, 소)"": 1}",기타
익산시만,2026-07-20 22:00:00,1,1,"{""부송동"": 1}",5.0,5,"{""가축 분뇨 냄새(닭, 돼지, 소)"": 1}","가축 분뇨 냄새(닭, 돼지, 소)"
익산시만,2026-07-21 00:00:00,2,2,"{""마동"": 1, ""어양동"": 1}",4.0,5,"{""가축 분뇨 냄새(닭, 돼지, 소)"": 2}","가축 분뇨 냄새(닭, 돼지, 소)"
익산시만,2026-07-21 02:00:00,1,1,"{""마동"": 1}",5.0,5,"{""가축 분뇨 냄새(닭, 돼지, 소)"": 1}","가축 분뇨 냄새(닭, 돼지, 소)"
익산시만,2026-07-21 03:00:00,1,1,"{""마동"": 1}",5.0,5,"{""가축 분뇨 냄새(닭, 돼지, 소)"": 1}","가축 분뇨 냄새(닭, 돼지, 소)"
익산시만,2026-07-21 05:00:00,1,1,"{""동산동"": 1}",4.0,4,"{""가축 분뇨 냄새(닭, 돼지, 소)"": 1}","가축 분뇨 냄새(닭, 돼지, 소)"
익산시만,2026-07-21 06:00:00,1,1,"{""신동"": 1}",4.0,4,"{""가축 분뇨 냄새(닭, 돼지, 소)"": 1}","가축 분뇨 냄새(닭, 돼지, 소)"
익산시만,2026-07-21 21:00:00,1,1,"{""왕궁면 흥암리"": 1}",4.0,4,"{""가축 분뇨 냄새(닭, 돼지, 소)"": 1}","가축 분뇨 냄새(닭, 돼지, 소)"
익산시만,2026-07-21 22:00:00,1,1,"{""왕궁면 흥암리"": 1}",5.0,5,"{""가축 분뇨 냄새(닭, 돼지, 소)"": 1}","가축 분뇨 냄새(닭, 돼지, 소)"
익산시만,2026-07-22 02:00:00,2,2,"{""마동"": 2}",5.0,5,"{""가축 분뇨 냄새(닭, 돼지, 소)"": 2}","가축 분뇨 냄새(닭, 돼지, 소)"
익산시만,2026-07-22 07:00:00,1,1,"{""왕궁면 흥암리"": 1}",2.0,2,"{""공장 냄새(화학약품, 매캐함)"": 1}","공장 냄새(화학약품, 매캐함)"
익산시만,2026-07-23 01:00:00,3,2,"{""마동"": 2, ""어양동"": 1}",5.0,5,"{""가축 분뇨 냄새(닭, 돼지, 소)"": 3}","가축 분뇨 냄새(닭, 돼지, 소)"
익산시만,2026-07-23 02:00:00,2,2,"{""동산동"": 1, ""평화동"": 1}",5.0,5,"{""가축 분뇨 냄새(닭, 돼지, 소)"": 2}","가축 분뇨 냄새(닭, 돼지, 소)"
익산시만,2026-07-24 01:00:00,1,1,"{""부송동"": 1}",4.0,4,"{""가축 분뇨 냄새(닭, 돼지, 소)"": 1}","가축 분뇨 냄새(닭, 돼지, 소)"
익산시만,2026-07-24 02:00:00,1,1,"{""동산동"": 1}",5.0,5,"{""가축 분뇨 냄새(닭, 돼지, 소)"": 1}","가축 분뇨 냄새(닭, 돼지, 소)"
익산시만,2026-07-24 07:00:00,2,2,"{""왕궁면 흥암리"": 2}",3.5,4,"{""공장 냄새(화학약품, 매캐함)"": 2}","공장 냄새(화학약품, 매캐함)"
익산시만,2026-07-25 00:00:00,1,1,"{""모현동1가"": 1}",4.0,4,"{""가축 분뇨 냄새(닭, 돼지, 소)"": 1}","가축 분뇨 냄새(닭, 돼지, 소)"
익산시만,2026-07-25 04:00:00,1,1,"{""평화동"": 1}",5.0,5,"{""가축 분뇨 냄새(닭, 돼지, 소)"": 1}","가축 분뇨 냄새(닭, 돼지, 소)"
익산시만,2026-07-25 07:00:00,3,3,"{""평화동"": 1, ""송학동"": 1, ""마동"": 1}",3.6666666666666665,4,"{""가축 분뇨 냄새(닭, 돼지, 소)"": 3}","가축 분뇨 냄새(닭, 돼지, 소)"
익산시만,2026-07-25 22:00:00,1,1,"{""남중동"": 1}",3.0,3,"{""가축 분뇨 냄새(닭, 돼지, 소)"": 1}","가축 분뇨 냄새(닭, 돼지, 소)"
익산시만,2026-07-26 03:00:00,3,3,"{""평화동"": 2, ""마동"": 1}",5.0,5,"{""가축 분뇨 냄새(닭, 돼지, 소)"": 3}","가축 분뇨 냄새(닭, 돼지, 소)"
익산시만,2026-07-27 05:00:00,3,3,"{""마동"": 1, ""송학동"": 1, ""남중동"": 1}",4.666666666666667,5,"{""가축 분뇨 냄새(닭, 돼지, 소)"": 3}","가축 분뇨 냄새(닭, 돼지, 소)"
익산시만,2026-07-27 06:00:00,1,1,"{""마동"": 1}",5.0,5,"{""가축 분뇨 냄새(닭, 돼지, 소)"": 1}","가축 분뇨 냄새(닭, 돼지, 소)"
익산시만,2026-07-28 02:00:00,1,1,"{""팔봉동"": 1}",5.0,5,"{""가축 분뇨 냄새(닭, 돼지, 소)"": 1}","가축 분뇨 냄새(닭, 돼지, 소)"
익산시만,2026-07-28 05:00:00,1,1,"{""어양동"": 1}",5.0,5,"{""가축 분뇨 냄새(닭, 돼지, 소)"": 1}","가축 분뇨 냄새(닭, 돼지, 소)"
익산시만,2026-07-28 18:00:00,1,1,"{""송학동"": 1}",4.0,4,"{""가축 분뇨 냄새(닭, 돼지, 소)"": 1}","가축 분뇨 냄새(닭, 돼지, 소)"
익산시만,2026-07-30 00:00:00,1,1,"{""평화동"": 1}",3.0,3,"{""가축 분뇨 냄새(닭, 돼지, 소)"": 1}","가축 분뇨 냄새(닭, 돼지, 소)"
