event_id,is_train,event_hour,grid_x,grid_y,target,center_latitude,center_longitude
EVT-0001,True,2019-07-13 08:00:00,-5,-2,0,35.94304275149267,126.93388064572558
EVT-0001,True,2019-07-13 08:00:00,-4,-3,0,35.93399625248779,126.94497828000878
EVT-0001,True,2019-07-13 08:00:00,-4,-2,0,35.94304275149267,126.94497828000878
EVT-0001,True,2019-07-13 08:00:00,-4,-1,0,35.95208925049756,126.94497828000878
EVT-0001,True,2019-07-13 08:00:00,-3,-4,0,35.9249497534829,126.95607591429199
EVT-0001,True,2019-07-13 08:00:00,-3,-3,0,35.93399625248779,126.95607591429199
EVT-0001,True,2019-07-13 08:00:00,-3,-2,1,35.94304275149267,126.95607591429199
EVT-0001,True,2019-07-13 08:00:00,-3,-1,0,35.95208925049756,126.95607591429199
EVT-0001,True,2019-07-13 08:00:00,-3,0,0,35.96113574950244,126.95607591429199
EVT-0001,True,2019-07-13 08:00:00,-2,-3,0,35.93399625248779,126.96717354857519
EVT-0001,True,2019-07-13 08:00:00,-2,-2,0,35.94304275149267,126.96717354857519
EVT-0001,True,2019-07-13 08:00:00,-2,-1,1,35.95208925049756,126.96717354857519
EVT-0001,True,2019-07-13 08:00:00,-2,0,1,35.96113574950244,126.96717354857519
EVT-0001,True,2019-07-13 08:00:00,-2,1,0,35.97018224850733,126.96717354857519
EVT-0001,True,2019-07-13 08:00:00,-1,-2,0,35.94304275149267,126.97827118285839
EVT-0001,True,2019-07-13 08:00:00,-1,-1,1,35.95208925049756,126.97827118285839
EVT-0001,True,2019-07-13 08:00:00,-1,0,1,35.96113574950244,126.97827118285839
EVT-0001,True,2019-07-13 08:00:00,-1,1,0,35.97018224850733,126.97827118285839
EVT-0001,True,2019-07-13 08:00:00,-1,2,0,35.97922874751221,126.97827118285839
EVT-0001,True,2019-07-13 08:00:00,0,-3,0,35.93399625248779,126.9893688171416
EVT-0001,True,2019-07-13 08:00:00,0,-2,0,35.94304275149267,126.9893688171416
EVT-0001,True,2019-07-13 08:00:00,0,-1,1,35.95208925049756,126.9893688171416
EVT-0001,True,2019-07-13 08:00:00,0,0,1,35.96113574950244,126.9893688171416
EVT-0001,True,2019-07-13 08:00:00,0,1,0,35.97018224850733,126.9893688171416
EVT-0001,True,2019-07-13 08:00:00,1,-2,0,35.94304275149267,127.0004664514248
EVT-0001,True,2019-07-13 08:00:00,1,-1,0,35.95208925049756,127.0004664514248
EVT-0001,True,2019-07-13 08:00:00,1,0,0,35.96113574950244,127.0004664514248
EVT-0001,True,2019-07-13 08:00:00,1,1,0,35.97018224850733,127.0004664514248
EVT-0001,True,2019-07-13 08:00:00,1,2,0,35.97922874751221,127.0004664514248
EVT-0001,True,2019-07-13 08:00:00,2,-1,0,35.95208925049756,127.011564085708
EVT-0001,True,2019-07-13 08:00:00,2,0,0,35.96113574950244,127.011564085708
EVT-0001,True,2019-07-13 08:00:00,2,1,0,35.97018224850733,127.011564085708
EVT-0001,True,2019-07-13 08:00:00,3,0,0,35.96113574950244,127.0226617199912
EVT-0003,True,2019-07-23 07:00:00,-7,1,0,35.97018224850733,126.91168537715917
EVT-0003,True,2019-07-23 07:00:00,-6,0,0,35.96113574950244,126.92278301144238
EVT-0003,True,2019-07-23 07:00:00,-6,1,0,35.97018224850733,126.92278301144238
EVT-0003,True,2019-07-23 07:00:00,-6,2,0,35.97922874751221,126.92278301144238
EVT-0003,True,2019-07-23 07:00:00,-5,-1,1,35.95208925049756,126.93388064572558
EVT-0003,True,2019-07-23 07:00:00,-5,0,0,35.96113574950244,126.93388064572558
EVT-0003,True,2019-07-23 07:00:00,-5,1,0,35.97018224850733,126.93388064572558
EVT-0003,True,2019-07-23 07:00:00,-5,2,0,35.97922874751221,126.93388064572558
EVT-0003,True,2019-07-23 07:00:00,-5,3,0,35.9882752465171,126.93388064572558
EVT-0003,True,2019-07-23 07:00:00,-4,0,0,35.96113574950244,126.94497828000878
EVT-0003,True,2019-07-23 07:00:00,-4,1,0,35.97018224850733,126.94497828000878
EVT-0003,True,2019-07-23 07:00:00,-4,2,0,35.97922874751221,126.94497828000878
EVT-0003,True,2019-07-23 07:00:00,-3,-4,0,35.9249497534829,126.95607591429199
EVT-0003,True,2019-07-23 07:00:00,-3,0,0,35.96113574950244,126.95607591429199
EVT-0003,True,2019-07-23 07:00:00,-3,1,0,35.97018224850733,126.95607591429199
EVT-0003,True,2019-07-23 07:00:00,-2,-5,0,35.91590325447802,126.96717354857519
EVT-0003,True,2019-07-23 07:00:00,-2,-4,0,35.9249497534829,126.96717354857519
EVT-0003,True,2019-07-23 07:00:00,-2,-3,0,35.93399625248779,126.96717354857519
EVT-0003,True,2019-07-23 07:00:00,-2,-1,0,35.95208925049756,126.96717354857519
EVT-0003,True,2019-07-23 07:00:00,-2,0,1,35.96113574950244,126.96717354857519
EVT-0003,True,2019-07-23 07:00:00,-2,1,0,35.97018224850733,126.96717354857519
EVT-0003,True,2019-07-23 07:00:00,-1,-6,0,35.90685675547313,126.97827118285839
EVT-0003,True,2019-07-23 07:00:00,-1,-5,0,35.91590325447802,126.97827118285839
EVT-0003,True,2019-07-23 07:00:00,-1,-4,0,35.9249497534829,126.97827118285839
EVT-0003,True,2019-07-23 07:00:00,-1,-3,0,35.93399625248779,126.97827118285839
EVT-0003,True,2019-07-23 07:00:00,-1,-2,0,35.94304275149267,126.97827118285839
EVT-0003,True,2019-07-23 07:00:00,-1,-1,0,35.95208925049756,126.97827118285839
EVT-0003,True,2019-07-23 07:00:00,-1,0,1,35.96113574950244,126.97827118285839
EVT-0003,True,2019-07-23 07:00:00,-1,1,0,35.97018224850733,126.97827118285839
EVT-0003,True,2019-07-23 07:00:00,-1,2,0,35.97922874751221,126.97827118285839
EVT-0003,True,2019-07-23 07:00:00,0,-5,0,35.91590325447802,126.9893688171416
EVT-0003,True,2019-07-23 07:00:00,0,-4,0,35.9249497534829,126.9893688171416
EVT-0003,True,2019-07-23 07:00:00,0,-3,0,35.93399625248779,126.9893688171416
EVT-0003,True,2019-07-23 07:00:00,0,-2,0,35.94304275149267,126.9893688171416
EVT-0003,True,2019-07-23 07:00:00,0,-1,1,35.95208925049756,126.9893688171416
EVT-0003,True,2019-07-23 07:00:00,0,0,1,35.96113574950244,126.9893688171416
EVT-0003,True,2019-07-23 07:00:00,0,1,0,35.97018224850733,126.9893688171416
EVT-0003,True,2019-07-23 07:00:00,1,-4,0,35.9249497534829,127.0004664514248
EVT-0003,True,2019-07-23 07:00:00,1,-2,0,35.94304275149267,127.0004664514248
EVT-0003,True,2019-07-23 07:00:00,1,-1,0,35.95208925049756,127.0004664514248
EVT-0003,True,2019-07-23 07:00:00,1,0,1,35.96113574950244,127.0004664514248
EVT-0003,True,2019-07-23 07:00:00,1,1,0,35.97018224850733,127.0004664514248
EVT-0003,True,2019-07-23 07:00:00,1,2,0,35.97922874751221,127.0004664514248
EVT-0003,True,2019-07-23 07:00:00,2,-1,0,35.95208925049756,127.011564085708
EVT-0003,True,2019-07-23 07:00:00,2,0,1,35.96113574950244,127.011564085708
EVT-0003,True,2019-07-23 07:00:00,2,1,1,35.97018224850733,127.011564085708
EVT-0003,True,2019-07-23 07:00:00,3,0,0,35.96113574950244,127.0226617199912
EVT-0004,True,2019-07-23 23:00:00,-4,-3,0,35.93399625248779,126.94497828000878
EVT-0004,True,2019-07-23 23:00:00,-4,0,0,35.96113574950244,126.94497828000878
EVT-0004,True,2019-07-23 23:00:00,-3,-4,0,35.9249497534829,126.95607591429199
EVT-0004,True,2019-07-23 23:00:00,-3,-3,0,35.93399625248779,126.95607591429199
EVT-0004,True,2019-07-23 23:00:00,-3,-2,0,35.94304275149267,126.95607591429199
EVT-0004,True,2019-07-23 23:00:00,-3,-1,0,35.95208925049756,126.95607591429199
EVT-0004,True,2019-07-23 23:00:00,-3,0,0,35.96113574950244,126.95607591429199
EVT-0004,True,2019-07-23 23:00:00,-3,1,0,35.97018224850733,126.95607591429199
EVT-0004,True,2019-07-23 23:00:00,-2,-5,0,35.91590325447802,126.96717354857519
EVT-0004,True,2019-07-23 23:00:00,-2,-4,1,35.9249497534829,126.96717354857519
EVT-0004,True,2019-07-23 23:00:00,-2,-3,0,35.93399625248779,126.96717354857519
EVT-0004,True,2019-07-23 23:00:00,-2,-2,1,35.94304275149267,126.96717354857519
EVT-0004,True,2019-07-23 23:00:00,-2,-1,1,35.95208925049756,126.96717354857519
EVT-0004,True,2019-07-23 23:00:00,-2,0,1,35.96113574950244,126.96717354857519
EVT-0004,True,2019-07-23 23:00:00,-2,1,0,35.97018224850733,126.96717354857519
EVT-0004,True,2019-07-23 23:00:00,-2,2,0,35.97922874751221,126.96717354857519
EVT-0004,True,2019-07-23 23:00:00,-1,-6,0,35.90685675547313,126.97827118285839
EVT-0004,True,2019-07-23 23:00:00,-1,-5,0,35.91590325447802,126.97827118285839
EVT-0004,True,2019-07-23 23:00:00,-1,-4,1,35.9249497534829,126.97827118285839
EVT-0004,True,2019-07-23 23:00:00,-1,-3,1,35.93399625248779,126.97827118285839
EVT-0004,True,2019-07-23 23:00:00,-1,-2,0,35.94304275149267,126.97827118285839
EVT-0004,True,2019-07-23 23:00:00,-1,-1,1,35.95208925049756,126.97827118285839
EVT-0004,True,2019-07-23 23:00:00,-1,0,1,35.96113574950244,126.97827118285839
EVT-0004,True,2019-07-23 23:00:00,-1,1,0,35.97018224850733,126.97827118285839
EVT-0004,True,2019-07-23 23:00:00,0,-5,0,35.91590325447802,126.9893688171416
EVT-0004,True,2019-07-23 23:00:00,0,-4,0,35.9249497534829,126.9893688171416
EVT-0004,True,2019-07-23 23:00:00,0,-3,0,35.93399625248779,126.9893688171416
EVT-0004,True,2019-07-23 23:00:00,0,-2,0,35.94304275149267,126.9893688171416
EVT-0004,True,2019-07-23 23:00:00,0,-1,1,35.95208925049756,126.9893688171416
EVT-0004,True,2019-07-23 23:00:00,0,0,1,35.96113574950244,126.9893688171416
EVT-0004,True,2019-07-23 23:00:00,0,1,0,35.97018224850733,126.9893688171416
EVT-0004,True,2019-07-23 23:00:00,0,2,0,35.97922874751221,126.9893688171416
EVT-0004,True,2019-07-23 23:00:00,1,-4,0,35.9249497534829,127.0004664514248
EVT-0004,True,2019-07-23 23:00:00,1,-2,0,35.94304275149267,127.0004664514248
EVT-0004,True,2019-07-23 23:00:00,1,-1,0,35.95208925049756,127.0004664514248
EVT-0004,True,2019-07-23 23:00:00,1,0,1,35.96113574950244,127.0004664514248
EVT-0004,True,2019-07-23 23:00:00,1,1,0,35.97018224850733,127.0004664514248
EVT-0004,True,2019-07-23 23:00:00,1,2,0,35.97922874751221,127.0004664514248
EVT-0004,True,2019-07-23 23:00:00,2,-2,0,35.94304275149267,127.011564085708
EVT-0004,True,2019-07-23 23:00:00,2,-1,0,35.95208925049756,127.011564085708
EVT-0004,True,2019-07-23 23:00:00,2,0,1,35.96113574950244,127.011564085708
EVT-0004,True,2019-07-23 23:00:00,2,1,0,35.97018224850733,127.011564085708
EVT-0004,True,2019-07-23 23:00:00,2,2,0,35.97922874751221,127.011564085708
EVT-0004,True,2019-07-23 23:00:00,2,3,0,35.9882752465171,127.011564085708
EVT-0004,True,2019-07-23 23:00:00,3,-1,0,35.95208925049756,127.0226617199912
EVT-0004,True,2019-07-23 23:00:00,3,0,0,35.96113574950244,127.0226617199912
EVT-0004,True,2019-07-23 23:00:00,3,1,0,35.97018224850733,127.0226617199912
EVT-0004,True,2019-07-23 23:00:00,3,2,0,35.97922874751221,127.0226617199912
EVT-0004,True,2019-07-23 23:00:00,4,0,0,35.96113574950244,127.03375935427441
EVT-0004,True,2019-07-23 23:00:00,4,1,0,35.97018224850733,127.03375935427441
EVT-0005,True,2019-07-24 00:00:00,-6,-2,0,35.94304275149267,126.92278301144238
EVT-0005,True,2019-07-24 00:00:00,-5,-3,0,35.93399625248779,126.93388064572558
EVT-0005,True,2019-07-24 00:00:00,-5,-2,0,35.94304275149267,126.93388064572558
EVT-0005,True,2019-07-24 00:00:00,-5,-1,0,35.95208925049756,126.93388064572558
EVT-0005,True,2019-07-24 00:00:00,-4,-4,0,35.9249497534829,126.94497828000878
EVT-0005,True,2019-07-24 00:00:00,-4,-3,0,35.93399625248779,126.94497828000878
EVT-0005,True,2019-07-24 00:00:00,-4,-2,0,35.94304275149267,126.94497828000878
EVT-0005,True,2019-07-24 00:00:00,-4,-1,0,35.95208925049756,126.94497828000878
EVT-0005,True,2019-07-24 00:00:00,-4,0,0,35.96113574950244,126.94497828000878
EVT-0005,True,2019-07-24 00:00:00,-3,-3,0,35.93399625248779,126.95607591429199
EVT-0005,True,2019-07-24 00:00:00,-3,-2,0,35.94304275149267,126.95607591429199
EVT-0005,True,2019-07-24 00:00:00,-3,-1,0,35.95208925049756,126.95607591429199
EVT-0005,True,2019-07-24 00:00:00,-3,0,0,35.96113574950244,126.95607591429199
EVT-0005,True,2019-07-24 00:00:00,-2,-4,1,35.9249497534829,126.96717354857519
EVT-0005,True,2019-07-24 00:00:00,-2,-3,0,35.93399625248779,126.96717354857519
EVT-0005,True,2019-07-24 00:00:00,-2,-2,0,35.94304275149267,126.96717354857519
EVT-0005,True,2019-07-24 00:00:00,-2,-1,0,35.95208925049756,126.96717354857519
EVT-0005,True,2019-07-24 00:00:00,-2,0,1,35.96113574950244,126.96717354857519
EVT-0005,True,2019-07-24 00:00:00,-2,1,0,35.97018224850733,126.96717354857519
EVT-0005,True,2019-07-24 00:00:00,-1,-3,0,35.93399625248779,126.97827118285839
EVT-0005,True,2019-07-24 00:00:00,-1,-2,0,35.94304275149267,126.97827118285839
EVT-0005,True,2019-07-24 00:00:00,-1,-1,0,35.95208925049756,126.97827118285839
EVT-0005,True,2019-07-24 00:00:00,-1,0,1,35.96113574950244,126.97827118285839
EVT-0005,True,2019-07-24 00:00:00,-1,1,0,35.97018224850733,126.97827118285839
EVT-0005,True,2019-07-24 00:00:00,-1,2,0,35.97922874751221,126.97827118285839
EVT-0005,True,2019-07-24 00:00:00,0,-3,0,35.93399625248779,126.9893688171416
EVT-0005,True,2019-07-24 00:00:00,0,-2,0,35.94304275149267,126.9893688171416
EVT-0005,True,2019-07-24 00:00:00,0,-1,0,35.95208925049756,126.9893688171416
EVT-0005,True,2019-07-24 00:00:00,0,0,0,35.96113574950244,126.9893688171416
EVT-0005,True,2019-07-24 00:00:00,0,1,0,35.97018224850733,126.9893688171416
EVT-0005,True,2019-07-24 00:00:00,1,-2,0,35.94304275149267,127.0004664514248
EVT-0005,True,2019-07-24 00:00:00,1,-1,0,35.95208925049756,127.0004664514248
EVT-0005,True,2019-07-24 00:00:00,1,0,1,35.96113574950244,127.0004664514248
EVT-0005,True,2019-07-24 00:00:00,1,1,0,35.97018224850733,127.0004664514248
EVT-0005,True,2019-07-24 00:00:00,1,2,0,35.97922874751221,127.0004664514248
EVT-0005,True,2019-07-24 00:00:00,2,-1,0,35.95208925049756,127.011564085708
EVT-0005,True,2019-07-24 00:00:00,2,0,0,35.96113574950244,127.011564085708
EVT-0005,True,2019-07-24 00:00:00,2,1,0,35.97018224850733,127.011564085708
EVT-0005,True,2019-07-24 00:00:00,3,0,0,35.96113574950244,127.0226617199912
EVT-0005,True,2019-07-24 00:00:00,4,3,0,35.9882752465171,127.03375935427441
EVT-0005,True,2019-07-24 00:00:00,5,2,0,35.97922874751221,127.04485698855761
EVT-0005,True,2019-07-24 00:00:00,5,3,0,35.9882752465171,127.04485698855761
EVT-0005,True,2019-07-24 00:00:00,5,4,0,35.99732174552198,127.04485698855761
EVT-0005,True,2019-07-24 00:00:00,6,1,0,35.97018224850733,127.05595462284082
EVT-0005,True,2019-07-24 00:00:00,6,2,0,35.97922874751221,127.05595462284082
EVT-0005,True,2019-07-24 00:00:00,6,3,0,35.9882752465171,127.05595462284082
EVT-0005,True,2019-07-24 00:00:00,6,4,0,35.99732174552198,127.05595462284082
EVT-0005,True,2019-07-24 00:00:00,6,5,0,36.00636824452687,127.05595462284082
EVT-0005,True,2019-07-24 00:00:00,7,2,0,35.97922874751221,127.06705225712402
EVT-0005,True,2019-07-24 00:00:00,7,3,0,35.9882752465171,127.06705225712402
EVT-0005,True,2019-07-24 00:00:00,7,4,0,35.99732174552198,127.06705225712402
EVT-0005,True,2019-07-24 00:00:00,8,3,0,35.9882752465171,127.07814989140722
EVT-0006,True,2019-07-24 08:00:00,-7,-2,0,35.94304275149267,126.91168537715917
EVT-0006,True,2019-07-24 08:00:00,-7,1,0,35.97018224850733,126.91168537715917
EVT-0006,True,2019-07-24 08:00:00,-6,-3,0,35.93399625248779,126.92278301144238
EVT-0006,True,2019-07-24 08:00:00,-6,-2,0,35.94304275149267,126.92278301144238
EVT-0006,True,2019-07-24 08:00:00,-6,-1,0,35.95208925049756,126.92278301144238
EVT-0006,True,2019-07-24 08:00:00,-6,0,0,35.96113574950244,126.92278301144238
EVT-0006,True,2019-07-24 08:00:00,-6,1,0,35.97018224850733,126.92278301144238
EVT-0006,True,2019-07-24 08:00:00,-6,2,0,35.97922874751221,126.92278301144238
EVT-0006,True,2019-07-24 08:00:00,-5,-4,0,35.9249497534829,126.93388064572558
EVT-0006,True,2019-07-24 08:00:00,-5,-3,0,35.93399625248779,126.93388064572558
EVT-0006,True,2019-07-24 08:00:00,-5,-2,0,35.94304275149267,126.93388064572558
EVT-0006,True,2019-07-24 08:00:00,-5,-1,1,35.95208925049756,126.93388064572558
EVT-0006,True,2019-07-24 08:00:00,-5,0,0,35.96113574950244,126.93388064572558
EVT-0006,True,2019-07-24 08:00:00,-5,1,0,35.97018224850733,126.93388064572558
EVT-0006,True,2019-07-24 08:00:00,-5,2,0,35.97922874751221,126.93388064572558
EVT-0006,True,2019-07-24 08:00:00,-5,3,0,35.9882752465171,126.93388064572558
EVT-0006,True,2019-07-24 08:00:00,-4,-3,0,35.93399625248779,126.94497828000878
EVT-0006,True,2019-07-24 08:00:00,-4,-2,0,35.94304275149267,126.94497828000878
EVT-0006,True,2019-07-24 08:00:00,-4,-1,0,35.95208925049756,126.94497828000878
EVT-0006,True,2019-07-24 08:00:00,-4,0,0,35.96113574950244,126.94497828000878
EVT-0006,True,2019-07-24 08:00:00,-4,1,0,35.97018224850733,126.94497828000878
EVT-0006,True,2019-07-24 08:00:00,-4,2,0,35.97922874751221,126.94497828000878
EVT-0006,True,2019-07-24 08:00:00,-3,-4,0,35.9249497534829,126.95607591429199
EVT-0006,True,2019-07-24 08:00:00,-3,-3,0,35.93399625248779,126.95607591429199
EVT-0006,True,2019-07-24 08:00:00,-3,-2,0,35.94304275149267,126.95607591429199
EVT-0006,True,2019-07-24 08:00:00,-3,-1,0,35.95208925049756,126.95607591429199
EVT-0006,True,2019-07-24 08:00:00,-3,0,0,35.96113574950244,126.95607591429199
EVT-0006,True,2019-07-24 08:00:00,-3,1,0,35.97018224850733,126.95607591429199
EVT-0006,True,2019-07-24 08:00:00,-2,-3,0,35.93399625248779,126.96717354857519
EVT-0006,True,2019-07-24 08:00:00,-2,-2,0,35.94304275149267,126.96717354857519
EVT-0006,True,2019-07-24 08:00:00,-2,-1,0,35.95208925049756,126.96717354857519
EVT-0006,True,2019-07-24 08:00:00,-2,0,0,35.96113574950244,126.96717354857519
EVT-0006,True,2019-07-24 08:00:00,-1,-3,0,35.93399625248779,126.97827118285839
EVT-0006,True,2019-07-24 08:00:00,-1,-2,0,35.94304275149267,126.97827118285839
EVT-0006,True,2019-07-24 08:00:00,-1,-1,0,35.95208925049756,126.97827118285839
EVT-0006,True,2019-07-24 08:00:00,-1,0,1,35.96113574950244,126.97827118285839
EVT-0006,True,2019-07-24 08:00:00,-1,1,0,35.97018224850733,126.97827118285839
EVT-0006,True,2019-07-24 08:00:00,0,-3,0,35.93399625248779,126.9893688171416
EVT-0006,True,2019-07-24 08:00:00,0,-2,0,35.94304275149267,126.9893688171416
EVT-0006,True,2019-07-24 08:00:00,0,-1,1,35.95208925049756,126.9893688171416
EVT-0006,True,2019-07-24 08:00:00,0,0,0,35.96113574950244,126.9893688171416
EVT-0006,True,2019-07-24 08:00:00,0,1,0,35.97018224850733,126.9893688171416
EVT-0006,True,2019-07-24 08:00:00,0,2,0,35.97922874751221,126.9893688171416
EVT-0006,True,2019-07-24 08:00:00,1,-2,0,35.94304275149267,127.0004664514248
EVT-0006,True,2019-07-24 08:00:00,1,-1,0,35.95208925049756,127.0004664514248
EVT-0006,True,2019-07-24 08:00:00,1,0,0,35.96113574950244,127.0004664514248
EVT-0006,True,2019-07-24 08:00:00,1,1,1,35.97018224850733,127.0004664514248
EVT-0006,True,2019-07-24 08:00:00,1,2,0,35.97922874751221,127.0004664514248
EVT-0006,True,2019-07-24 08:00:00,2,-2,0,35.94304275149267,127.011564085708
EVT-0006,True,2019-07-24 08:00:00,2,-1,0,35.95208925049756,127.011564085708
EVT-0006,True,2019-07-24 08:00:00,2,0,1,35.96113574950244,127.011564085708
EVT-0006,True,2019-07-24 08:00:00,2,1,1,35.97018224850733,127.011564085708
EVT-0006,True,2019-07-24 08:00:00,2,2,0,35.97922874751221,127.011564085708
EVT-0006,True,2019-07-24 08:00:00,3,-1,0,35.95208925049756,127.0226617199912
EVT-0006,True,2019-07-24 08:00:00,3,0,0,35.96113574950244,127.0226617199912
EVT-0006,True,2019-07-24 08:00:00,3,1,0,35.97018224850733,127.0226617199912
EVT-0006,True,2019-07-24 08:00:00,4,0,0,35.96113574950244,127.03375935427441
EVT-0007,True,2019-07-26 08:00:00,-5,-4,0,35.9249497534829,126.93388064572558
EVT-0007,True,2019-07-26 08:00:00,-4,-5,0,35.91590325447802,126.94497828000878
EVT-0007,True,2019-07-26 08:00:00,-4,-4,0,35.9249497534829,126.94497828000878
EVT-0007,True,2019-07-26 08:00:00,-4,-3,0,35.93399625248779,126.94497828000878
EVT-0007,True,2019-07-26 08:00:00,-4,-1,0,35.95208925049756,126.94497828000878
EVT-0007,True,2019-07-26 08:00:00,-4,0,0,35.96113574950244,126.94497828000878
EVT-0007,True,2019-07-26 08:00:00,-3,-6,0,35.90685675547313,126.95607591429199
EVT-0007,True,2019-07-26 08:00:00,-3,-5,0,35.91590325447802,126.95607591429199
EVT-0007,True,2019-07-26 08:00:00,-3,-4,0,35.9249497534829,126.95607591429199
EVT-0007,True,2019-07-26 08:00:00,-3,-3,0,35.93399625248779,126.95607591429199
EVT-0007,True,2019-07-26 08:00:00,-3,-2,0,35.94304275149267,126.95607591429199
EVT-0007,True,2019-07-26 08:00:00,-3,-1,0,35.95208925049756,126.95607591429199
EVT-0007,True,2019-07-26 08:00:00,-3,0,0,35.96113574950244,126.95607591429199
EVT-0007,True,2019-07-26 08:00:00,-3,1,0,35.97018224850733,126.95607591429199
EVT-0007,True,2019-07-26 08:00:00,-2,-5,0,35.91590325447802,126.96717354857519
EVT-0007,True,2019-07-26 08:00:00,-2,-4,0,35.9249497534829,126.96717354857519
EVT-0007,True,2019-07-26 08:00:00,-2,-3,0,35.93399625248779,126.96717354857519
EVT-0007,True,2019-07-26 08:00:00,-2,-2,0,35.94304275149267,126.96717354857519
EVT-0007,True,2019-07-26 08:00:00,-2,-1,0,35.95208925049756,126.96717354857519
EVT-0007,True,2019-07-26 08:00:00,-2,0,0,35.96113574950244,126.96717354857519
EVT-0007,True,2019-07-26 08:00:00,-2,1,0,35.97018224850733,126.96717354857519
EVT-0007,True,2019-07-26 08:00:00,-2,2,0,35.97922874751221,126.96717354857519
EVT-0007,True,2019-07-26 08:00:00,-1,-4,0,35.9249497534829,126.97827118285839
EVT-0007,True,2019-07-26 08:00:00,-1,-3,0,35.93399625248779,126.97827118285839
EVT-0007,True,2019-07-26 08:00:00,-1,-2,1,35.94304275149267,126.97827118285839
EVT-0007,True,2019-07-26 08:00:00,-1,-1,0,35.95208925049756,126.97827118285839
EVT-0007,True,2019-07-26 08:00:00,-1,0,0,35.96113574950244,126.97827118285839
EVT-0007,True,2019-07-26 08:00:00,-1,1,0,35.97018224850733,126.97827118285839
EVT-0007,True,2019-07-26 08:00:00,-1,2,0,35.97922874751221,126.97827118285839
EVT-0007,True,2019-07-26 08:00:00,0,-3,0,35.93399625248779,126.9893688171416
EVT-0007,True,2019-07-26 08:00:00,0,-2,0,35.94304275149267,126.9893688171416
EVT-0007,True,2019-07-26 08:00:00,0,-1,1,35.95208925049756,126.9893688171416
EVT-0007,True,2019-07-26 08:00:00,0,0,1,35.96113574950244,126.9893688171416
EVT-0007,True,2019-07-26 08:00:00,0,1,0,35.97018224850733,126.9893688171416
EVT-0007,True,2019-07-26 08:00:00,1,-2,0,35.94304275149267,127.0004664514248
EVT-0007,True,2019-07-26 08:00:00,1,-1,0,35.95208925049756,127.0004664514248
EVT-0007,True,2019-07-26 08:00:00,1,0,1,35.96113574950244,127.0004664514248
EVT-0007,True,2019-07-26 08:00:00,2,-1,0,35.95208925049756,127.011564085708
EVT-0009,True,2019-07-28 23:00:00,-6,-2,0,35.94304275149267,126.92278301144238
EVT-0009,True,2019-07-28 23:00:00,-5,-3,0,35.93399625248779,126.93388064572558
EVT-0009,True,2019-07-28 23:00:00,-5,-2,0,35.94304275149267,126.93388064572558
EVT-0009,True,2019-07-28 23:00:00,-5,-1,0,35.95208925049756,126.93388064572558
EVT-0009,True,2019-07-28 23:00:00,-4,-4,0,35.9249497534829,126.94497828000878
EVT-0009,True,2019-07-28 23:00:00,-4,-3,0,35.93399625248779,126.94497828000878
EVT-0009,True,2019-07-28 23:00:00,-4,-2,0,35.94304275149267,126.94497828000878
EVT-0009,True,2019-07-28 23:00:00,-4,-1,0,35.95208925049756,126.94497828000878
EVT-0009,True,2019-07-28 23:00:00,-4,0,0,35.96113574950244,126.94497828000878
EVT-0009,True,2019-07-28 23:00:00,-3,-3,0,35.93399625248779,126.95607591429199
EVT-0009,True,2019-07-28 23:00:00,-3,-2,0,35.94304275149267,126.95607591429199
EVT-0009,True,2019-07-28 23:00:00,-3,-1,0,35.95208925049756,126.95607591429199
EVT-0009,True,2019-07-28 23:00:00,-2,-2,0,35.94304275149267,126.96717354857519
EVT-0009,True,2019-07-28 23:00:00,-2,-1,0,35.95208925049756,126.96717354857519
EVT-0009,True,2019-07-28 23:00:00,-2,0,0,35.96113574950244,126.96717354857519
EVT-0009,True,2019-07-28 23:00:00,-1,-2,0,35.94304275149267,126.97827118285839
EVT-0009,True,2019-07-28 23:00:00,-1,-1,0,35.95208925049756,126.97827118285839
EVT-0009,True,2019-07-28 23:00:00,-1,0,0,35.96113574950244,126.97827118285839
EVT-0009,True,2019-07-28 23:00:00,-1,1,0,35.97018224850733,126.97827118285839
EVT-0009,True,2019-07-28 23:00:00,0,-3,0,35.93399625248779,126.9893688171416
EVT-0009,True,2019-07-28 23:00:00,0,-2,0,35.94304275149267,126.9893688171416
EVT-0009,True,2019-07-28 23:00:00,0,-1,1,35.95208925049756,126.9893688171416
EVT-0009,True,2019-07-28 23:00:00,0,0,1,35.96113574950244,126.9893688171416
EVT-0009,True,2019-07-28 23:00:00,0,1,0,35.97018224850733,126.9893688171416
EVT-0009,True,2019-07-28 23:00:00,0,2,0,35.97922874751221,126.9893688171416
EVT-0009,True,2019-07-28 23:00:00,1,-2,0,35.94304275149267,127.0004664514248
EVT-0009,True,2019-07-28 23:00:00,1,-1,0,35.95208925049756,127.0004664514248
EVT-0009,True,2019-07-28 23:00:00,1,0,1,35.96113574950244,127.0004664514248
EVT-0009,True,2019-07-28 23:00:00,1,1,0,35.97018224850733,127.0004664514248
EVT-0009,True,2019-07-28 23:00:00,2,-1,0,35.95208925049756,127.011564085708
EVT-0009,True,2019-07-28 23:00:00,2,0,0,35.96113574950244,127.011564085708
EVT-0010,True,2019-07-29 00:00:00,-4,-4,0,35.9249497534829,126.94497828000878
EVT-0010,True,2019-07-29 00:00:00,-4,-3,0,35.93399625248779,126.94497828000878
EVT-0010,True,2019-07-29 00:00:00,-4,-2,1,35.94304275149267,126.94497828000878
EVT-0010,True,2019-07-29 00:00:00,-4,-1,1,35.95208925049756,126.94497828000878
EVT-0010,True,2019-07-29 00:00:00,-3,-5,0,35.91590325447802,126.95607591429199
EVT-0010,True,2019-07-29 00:00:00,-3,-4,0,35.9249497534829,126.95607591429199
EVT-0010,True,2019-07-29 00:00:00,-3,-3,1,35.93399625248779,126.95607591429199
EVT-0010,True,2019-07-29 00:00:00,-3,-2,0,35.94304275149267,126.95607591429199
EVT-0010,True,2019-07-29 00:00:00,-3,-1,1,35.95208925049756,126.95607591429199
EVT-0010,True,2019-07-29 00:00:00,-3,0,1,35.96113574950244,126.95607591429199
EVT-0010,True,2019-07-29 00:00:00,-2,-6,0,35.90685675547313,126.96717354857519
EVT-0010,True,2019-07-29 00:00:00,-2,-5,0,35.91590325447802,126.96717354857519
EVT-0010,True,2019-07-29 00:00:00,-2,-4,0,35.9249497534829,126.96717354857519
EVT-0010,True,2019-07-29 00:00:00,-2,-3,1,35.93399625248779,126.96717354857519
EVT-0010,True,2019-07-29 00:00:00,-2,-2,0,35.94304275149267,126.96717354857519
EVT-0010,True,2019-07-29 00:00:00,-2,-1,0,35.95208925049756,126.96717354857519
EVT-0010,True,2019-07-29 00:00:00,-2,0,0,35.96113574950244,126.96717354857519
EVT-0010,True,2019-07-29 00:00:00,-2,1,0,35.97018224850733,126.96717354857519
EVT-0010,True,2019-07-29 00:00:00,-1,-5,0,35.91590325447802,126.97827118285839
EVT-0010,True,2019-07-29 00:00:00,-1,-4,0,35.9249497534829,126.97827118285839
EVT-0010,True,2019-07-29 00:00:00,-1,-3,0,35.93399625248779,126.97827118285839
EVT-0010,True,2019-07-29 00:00:00,-1,-2,0,35.94304275149267,126.97827118285839
EVT-0010,True,2019-07-29 00:00:00,-1,-1,1,35.95208925049756,126.97827118285839
EVT-0010,True,2019-07-29 00:00:00,-1,0,1,35.96113574950244,126.97827118285839
EVT-0010,True,2019-07-29 00:00:00,-1,1,0,35.97018224850733,126.97827118285839
EVT-0010,True,2019-07-29 00:00:00,-1,2,0,35.97922874751221,126.97827118285839
EVT-0010,True,2019-07-29 00:00:00,0,-4,0,35.9249497534829,126.9893688171416
EVT-0010,True,2019-07-29 00:00:00,0,-3,0,35.93399625248779,126.9893688171416
EVT-0010,True,2019-07-29 00:00:00,0,-2,0,35.94304275149267,126.9893688171416
EVT-0010,True,2019-07-29 00:00:00,0,-1,0,35.95208925049756,126.9893688171416
EVT-0010,True,2019-07-29 00:00:00,0,0,0,35.96113574950244,126.9893688171416
EVT-0010,True,2019-07-29 00:00:00,0,1,0,35.97018224850733,126.9893688171416
EVT-0010,True,2019-07-29 00:00:00,0,2,0,35.97922874751221,126.9893688171416
EVT-0010,True,2019-07-29 00:00:00,1,-2,0,35.94304275149267,127.0004664514248
EVT-0010,True,2019-07-29 00:00:00,1,-1,0,35.95208925049756,127.0004664514248
EVT-0010,True,2019-07-29 00:00:00,1,0,1,35.96113574950244,127.0004664514248
EVT-0010,True,2019-07-29 00:00:00,1,1,0,35.97018224850733,127.0004664514248
EVT-0010,True,2019-07-29 00:00:00,1,2,0,35.97922874751221,127.0004664514248
EVT-0010,True,2019-07-29 00:00:00,2,-1,0,35.95208925049756,127.011564085708
EVT-0010,True,2019-07-29 00:00:00,2,0,0,35.96113574950244,127.011564085708
EVT-0010,True,2019-07-29 00:00:00,2,1,0,35.97018224850733,127.011564085708
EVT-0010,True,2019-07-29 00:00:00,3,0,0,35.96113574950244,127.0226617199912
EVT-0011,True,2019-07-29 21:00:00,-7,-1,0,35.95208925049756,126.91168537715917
EVT-0011,True,2019-07-29 21:00:00,-6,-2,0,35.94304275149267,126.92278301144238
EVT-0011,True,2019-07-29 21:00:00,-6,-1,0,35.95208925049756,126.92278301144238
EVT-0011,True,2019-07-29 21:00:00,-6,0,0,35.96113574950244,126.92278301144238
EVT-0011,True,2019-07-29 21:00:00,-5,-3,0,35.93399625248779,126.93388064572558
EVT-0011,True,2019-07-29 21:00:00,-5,-2,0,35.94304275149267,126.93388064572558
EVT-0011,True,2019-07-29 21:00:00,-5,-1,0,35.95208925049756,126.93388064572558
EVT-0011,True,2019-07-29 21:00:00,-5,0,0,35.96113574950244,126.93388064572558
EVT-0011,True,2019-07-29 21:00:00,-5,1,0,35.97018224850733,126.93388064572558
EVT-0011,True,2019-07-29 21:00:00,-4,-4,0,35.9249497534829,126.94497828000878
EVT-0011,True,2019-07-29 21:00:00,-4,-3,0,35.93399625248779,126.94497828000878
EVT-0011,True,2019-07-29 21:00:00,-4,-2,0,35.94304275149267,126.94497828000878
EVT-0011,True,2019-07-29 21:00:00,-4,-1,0,35.95208925049756,126.94497828000878
EVT-0011,True,2019-07-29 21:00:00,-4,0,0,35.96113574950244,126.94497828000878
EVT-0011,True,2019-07-29 21:00:00,-3,-3,0,35.93399625248779,126.95607591429199
EVT-0011,True,2019-07-29 21:00:00,-3,-2,0,35.94304275149267,126.95607591429199
EVT-0011,True,2019-07-29 21:00:00,-3,-1,0,35.95208925049756,126.95607591429199
EVT-0011,True,2019-07-29 21:00:00,-2,-2,0,35.94304275149267,126.96717354857519
EVT-0011,True,2019-07-29 21:00:00,-2,0,0,35.96113574950244,126.96717354857519
EVT-0011,True,2019-07-29 21:00:00,-1,-1,0,35.95208925049756,126.97827118285839
EVT-0011,True,2019-07-29 21:00:00,-1,0,1,35.96113574950244,126.97827118285839
EVT-0011,True,2019-07-29 21:00:00,-1,1,0,35.97018224850733,126.97827118285839
EVT-0011,True,2019-07-29 21:00:00,0,-2,0,35.94304275149267,126.9893688171416
EVT-0011,True,2019-07-29 21:00:00,0,-1,1,35.95208925049756,126.9893688171416
EVT-0011,True,2019-07-29 21:00:00,0,0,1,35.96113574950244,126.9893688171416
EVT-0011,True,2019-07-29 21:00:00,0,1,0,35.97018224850733,126.9893688171416
EVT-0011,True,2019-07-29 21:00:00,0,2,0,35.97922874751221,126.9893688171416
EVT-0011,True,2019-07-29 21:00:00,1,-2,0,35.94304275149267,127.0004664514248
EVT-0011,True,2019-07-29 21:00:00,1,-1,0,35.95208925049756,127.0004664514248
EVT-0011,True,2019-07-29 21:00:00,1,0,1,35.96113574950244,127.0004664514248
EVT-0011,True,2019-07-29 21:00:00,1,1,0,35.97018224850733,127.0004664514248
EVT-0011,True,2019-07-29 21:00:00,1,2,0,35.97922874751221,127.0004664514248
EVT-0011,True,2019-07-29 21:00:00,2,-2,0,35.94304275149267,127.011564085708
EVT-0011,True,2019-07-29 21:00:00,2,-1,0,35.95208925049756,127.011564085708
EVT-0011,True,2019-07-29 21:00:00,2,0,1,35.96113574950244,127.011564085708
EVT-0011,True,2019-07-29 21:00:00,2,1,0,35.97018224850733,127.011564085708
EVT-0011,True,2019-07-29 21:00:00,2,2,0,35.97922874751221,127.011564085708
EVT-0011,True,2019-07-29 21:00:00,3,-1,0,35.95208925049756,127.0226617199912
EVT-0011,True,2019-07-29 21:00:00,3,0,0,35.96113574950244,127.0226617199912
EVT-0011,True,2019-07-29 21:00:00,3,1,0,35.97018224850733,127.0226617199912
EVT-0011,True,2019-07-29 21:00:00,4,0,0,35.96113574950244,127.03375935427441
EVT-0012,True,2019-07-30 00:00:00,-3,-1,0,35.95208925049756,126.95607591429199
EVT-0012,True,2019-07-30 00:00:00,-3,0,0,35.96113574950244,126.95607591429199
EVT-0012,True,2019-07-30 00:00:00,-2,-2,0,35.94304275149267,126.96717354857519
EVT-0012,True,2019-07-30 00:00:00,-2,-1,0,35.95208925049756,126.96717354857519
EVT-0012,True,2019-07-30 00:00:00,-2,0,0,35.96113574950244,126.96717354857519
EVT-0012,True,2019-07-30 00:00:00,-2,1,0,35.97018224850733,126.96717354857519
EVT-0012,True,2019-07-30 00:00:00,-1,-3,0,35.93399625248779,126.97827118285839
EVT-0012,True,2019-07-30 00:00:00,-1,-2,0,35.94304275149267,126.97827118285839
EVT-0012,True,2019-07-30 00:00:00,-1,-1,0,35.95208925049756,126.97827118285839
EVT-0012,True,2019-07-30 00:00:00,-1,0,0,35.96113574950244,126.97827118285839
EVT-0012,True,2019-07-30 00:00:00,-1,1,0,35.97018224850733,126.97827118285839
EVT-0012,True,2019-07-30 00:00:00,-1,2,0,35.97922874751221,126.97827118285839
EVT-0012,True,2019-07-30 00:00:00,0,-3,0,35.93399625248779,126.9893688171416
EVT-0012,True,2019-07-30 00:00:00,0,-2,0,35.94304275149267,126.9893688171416
EVT-0012,True,2019-07-30 00:00:00,0,-1,0,35.95208925049756,126.9893688171416
EVT-0012,True,2019-07-30 00:00:00,0,0,1,35.96113574950244,126.9893688171416
EVT-0012,True,2019-07-30 00:00:00,0,1,0,35.97018224850733,126.9893688171416
EVT-0012,True,2019-07-30 00:00:00,1,-2,0,35.94304275149267,127.0004664514248
EVT-0012,True,2019-07-30 00:00:00,1,-1,0,35.95208925049756,127.0004664514248
EVT-0012,True,2019-07-30 00:00:00,1,0,1,35.96113574950244,127.0004664514248
EVT-0012,True,2019-07-30 00:00:00,2,-1,0,35.95208925049756,127.011564085708
EVT-0013,True,2019-07-30 01:00:00,-4,0,0,35.96113574950244,126.94497828000878
EVT-0013,True,2019-07-30 01:00:00,-3,-1,0,35.95208925049756,126.95607591429199
EVT-0013,True,2019-07-30 01:00:00,-3,0,0,35.96113574950244,126.95607591429199
EVT-0013,True,2019-07-30 01:00:00,-3,1,0,35.97018224850733,126.95607591429199
EVT-0013,True,2019-07-30 01:00:00,-2,-2,1,35.94304275149267,126.96717354857519
EVT-0013,True,2019-07-30 01:00:00,-2,-1,0,35.95208925049756,126.96717354857519
EVT-0013,True,2019-07-30 01:00:00,-2,0,1,35.96113574950244,126.96717354857519
EVT-0013,True,2019-07-30 01:00:00,-2,1,0,35.97018224850733,126.96717354857519
EVT-0013,True,2019-07-30 01:00:00,-2,2,0,35.97922874751221,126.96717354857519
EVT-0013,True,2019-07-30 01:00:00,-1,-3,1,35.93399625248779,126.97827118285839
EVT-0013,True,2019-07-30 01:00:00,-1,-2,0,35.94304275149267,126.97827118285839
EVT-0013,True,2019-07-30 01:00:00,-1,-1,0,35.95208925049756,126.97827118285839
EVT-0013,True,2019-07-30 01:00:00,-1,0,1,35.96113574950244,126.97827118285839
EVT-0013,True,2019-07-30 01:00:00,-1,1,0,35.97018224850733,126.97827118285839
EVT-0013,True,2019-07-30 01:00:00,-1,2,0,35.97922874751221,126.97827118285839
EVT-0013,True,2019-07-30 01:00:00,0,-3,0,35.93399625248779,126.9893688171416
EVT-0013,True,2019-07-30 01:00:00,0,-2,0,35.94304275149267,126.9893688171416
EVT-0013,True,2019-07-30 01:00:00,0,-1,0,35.95208925049756,126.9893688171416
EVT-0013,True,2019-07-30 01:00:00,0,0,0,35.96113574950244,126.9893688171416
EVT-0013,True,2019-07-30 01:00:00,0,1,0,35.97018224850733,126.9893688171416
EVT-0013,True,2019-07-30 01:00:00,0,2,0,35.97922874751221,126.9893688171416
EVT-0013,True,2019-07-30 01:00:00,1,-2,0,35.94304275149267,127.0004664514248
EVT-0013,True,2019-07-30 01:00:00,1,-1,0,35.95208925049756,127.0004664514248
EVT-0013,True,2019-07-30 01:00:00,1,0,0,35.96113574950244,127.0004664514248
EVT-0013,True,2019-07-30 01:00:00,1,1,0,35.97018224850733,127.0004664514248
EVT-0013,True,2019-07-30 01:00:00,2,-1,0,35.95208925049756,127.011564085708
EVT-0013,True,2019-07-30 01:00:00,2,0,0,35.96113574950244,127.011564085708
EVT-0014,True,2019-07-30 02:00:00,-7,-1,0,35.95208925049756,126.91168537715917
EVT-0014,True,2019-07-30 02:00:00,-6,-2,0,35.94304275149267,126.92278301144238
EVT-0014,True,2019-07-30 02:00:00,-6,-1,0,35.95208925049756,126.92278301144238
EVT-0014,True,2019-07-30 02:00:00,-6,0,0,35.96113574950244,126.92278301144238
EVT-0014,True,2019-07-30 02:00:00,-5,-3,0,35.93399625248779,126.93388064572558
EVT-0014,True,2019-07-30 02:00:00,-5,-2,0,35.94304275149267,126.93388064572558
EVT-0014,True,2019-07-30 02:00:00,-5,-1,0,35.95208925049756,126.93388064572558
EVT-0014,True,2019-07-30 02:00:00,-5,0,0,35.96113574950244,126.93388064572558
EVT-0014,True,2019-07-30 02:00:00,-5,1,0,35.97018224850733,126.93388064572558
EVT-0014,True,2019-07-30 02:00:00,-4,-2,0,35.94304275149267,126.94497828000878
EVT-0014,True,2019-07-30 02:00:00,-4,-1,0,35.95208925049756,126.94497828000878
EVT-0014,True,2019-07-30 02:00:00,-4,0,0,35.96113574950244,126.94497828000878
EVT-0014,True,2019-07-30 02:00:00,-3,-2,0,35.94304275149267,126.95607591429199
EVT-0014,True,2019-07-30 02:00:00,-3,-1,0,35.95208925049756,126.95607591429199
EVT-0014,True,2019-07-30 02:00:00,-3,0,0,35.96113574950244,126.95607591429199
EVT-0014,True,2019-07-30 02:00:00,-3,1,0,35.97018224850733,126.95607591429199
EVT-0014,True,2019-07-30 02:00:00,-2,-3,0,35.93399625248779,126.96717354857519
EVT-0014,True,2019-07-30 02:00:00,-2,-2,0,35.94304275149267,126.96717354857519
EVT-0014,True,2019-07-30 02:00:00,-2,-1,0,35.95208925049756,126.96717354857519
EVT-0014,True,2019-07-30 02:00:00,-2,0,0,35.96113574950244,126.96717354857519
EVT-0014,True,2019-07-30 02:00:00,-2,1,0,35.97018224850733,126.96717354857519
EVT-0014,True,2019-07-30 02:00:00,-2,2,0,35.97922874751221,126.96717354857519
EVT-0014,True,2019-07-30 02:00:00,-1,-2,0,35.94304275149267,126.97827118285839
EVT-0014,True,2019-07-30 02:00:00,-1,-1,0,35.95208925049756,126.97827118285839
EVT-0014,True,2019-07-30 02:00:00,-1,0,1,35.96113574950244,126.97827118285839
EVT-0014,True,2019-07-30 02:00:00,-1,1,0,35.97018224850733,126.97827118285839
EVT-0014,True,2019-07-30 02:00:00,0,-1,1,35.95208925049756,126.9893688171416
EVT-0014,True,2019-07-30 02:00:00,0,0,1,35.96113574950244,126.9893688171416
EVT-0015,True,2019-07-30 21:00:00,-2,-1,0,35.95208925049756,126.96717354857519
EVT-0015,True,2019-07-30 21:00:00,-2,0,1,35.96113574950244,126.96717354857519
EVT-0015,True,2019-07-30 21:00:00,-1,-2,0,35.94304275149267,126.97827118285839
EVT-0015,True,2019-07-30 21:00:00,-1,-1,1,35.95208925049756,126.97827118285839
EVT-0015,True,2019-07-30 21:00:00,-1,0,1,35.96113574950244,126.97827118285839
EVT-0015,True,2019-07-30 21:00:00,-1,1,0,35.97018224850733,126.97827118285839
EVT-0015,True,2019-07-30 21:00:00,0,-3,0,35.93399625248779,126.9893688171416
EVT-0015,True,2019-07-30 21:00:00,0,-2,0,35.94304275149267,126.9893688171416
EVT-0015,True,2019-07-30 21:00:00,0,-1,1,35.95208925049756,126.9893688171416
EVT-0015,True,2019-07-30 21:00:00,0,0,1,35.96113574950244,126.9893688171416
EVT-0015,True,2019-07-30 21:00:00,0,1,0,35.97018224850733,126.9893688171416
EVT-0015,True,2019-07-30 21:00:00,0,2,0,35.97922874751221,126.9893688171416
EVT-0015,True,2019-07-30 21:00:00,1,-2,0,35.94304275149267,127.0004664514248
EVT-0015,True,2019-07-30 21:00:00,1,-1,0,35.95208925049756,127.0004664514248
EVT-0015,True,2019-07-30 21:00:00,1,0,1,35.96113574950244,127.0004664514248
EVT-0015,True,2019-07-30 21:00:00,1,1,0,35.97018224850733,127.0004664514248
EVT-0015,True,2019-07-30 21:00:00,1,2,0,35.97922874751221,127.0004664514248
EVT-0015,True,2019-07-30 21:00:00,2,-1,0,35.95208925049756,127.011564085708
EVT-0015,True,2019-07-30 21:00:00,2,0,1,35.96113574950244,127.011564085708
EVT-0015,True,2019-07-30 21:00:00,2,1,1,35.97018224850733,127.011564085708
EVT-0015,True,2019-07-30 21:00:00,3,0,0,35.96113574950244,127.0226617199912
EVT-0016,True,2019-08-01 06:00:00,-7,-5,0,35.91590325447802,126.91168537715917
EVT-0016,True,2019-08-01 06:00:00,-6,-6,0,35.90685675547313,126.92278301144238
EVT-0016,True,2019-08-01 06:00:00,-6,-5,0,35.91590325447802,126.92278301144238
EVT-0016,True,2019-08-01 06:00:00,-6,-4,0,35.9249497534829,126.92278301144238
EVT-0016,True,2019-08-01 06:00:00,-5,-7,0,35.89781025646825,126.93388064572558
EVT-0016,True,2019-08-01 06:00:00,-5,-6,0,35.90685675547313,126.93388064572558
EVT-0016,True,2019-08-01 06:00:00,-5,-5,0,35.91590325447802,126.93388064572558
EVT-0016,True,2019-08-01 06:00:00,-5,-4,0,35.9249497534829,126.93388064572558
EVT-0016,True,2019-08-01 06:00:00,-5,-3,0,35.93399625248779,126.93388064572558
EVT-0016,True,2019-08-01 06:00:00,-4,-6,0,35.90685675547313,126.94497828000878
EVT-0016,True,2019-08-01 06:00:00,-4,-5,0,35.91590325447802,126.94497828000878
EVT-0016,True,2019-08-01 06:00:00,-4,-4,0,35.9249497534829,126.94497828000878
EVT-0016,True,2019-08-01 06:00:00,-4,0,0,35.96113574950244,126.94497828000878
EVT-0016,True,2019-08-01 06:00:00,-3,-5,0,35.91590325447802,126.95607591429199
EVT-0016,True,2019-08-01 06:00:00,-3,-4,0,35.9249497534829,126.95607591429199
EVT-0016,True,2019-08-01 06:00:00,-3,-3,0,35.93399625248779,126.95607591429199
EVT-0016,True,2019-08-01 06:00:00,-3,-1,0,35.95208925049756,126.95607591429199
EVT-0016,True,2019-08-01 06:00:00,-3,0,0,35.96113574950244,126.95607591429199
EVT-0016,True,2019-08-01 06:00:00,-3,1,0,35.97018224850733,126.95607591429199
EVT-0016,True,2019-08-01 06:00:00,-2,-5,0,35.91590325447802,126.96717354857519
EVT-0016,True,2019-08-01 06:00:00,-2,-4,1,35.9249497534829,126.96717354857519
EVT-0016,True,2019-08-01 06:00:00,-2,-3,0,35.93399625248779,126.96717354857519
EVT-0016,True,2019-08-01 06:00:00,-2,-2,0,35.94304275149267,126.96717354857519
EVT-0016,True,2019-08-01 06:00:00,-2,-1,0,35.95208925049756,126.96717354857519
EVT-0016,True,2019-08-01 06:00:00,-2,0,1,35.96113574950244,126.96717354857519
EVT-0016,True,2019-08-01 06:00:00,-2,1,0,35.97018224850733,126.96717354857519
EVT-0016,True,2019-08-01 06:00:00,-2,2,0,35.97922874751221,126.96717354857519
EVT-0016,True,2019-08-01 06:00:00,-1,-6,0,35.90685675547313,126.97827118285839
EVT-0016,True,2019-08-01 06:00:00,-1,-5,0,35.91590325447802,126.97827118285839
EVT-0016,True,2019-08-01 06:00:00,-1,-4,0,35.9249497534829,126.97827118285839
EVT-0016,True,2019-08-01 06:00:00,-1,-3,0,35.93399625248779,126.97827118285839
EVT-0016,True,2019-08-01 06:00:00,-1,-2,0,35.94304275149267,126.97827118285839
EVT-0016,True,2019-08-01 06:00:00,-1,-1,1,35.95208925049756,126.97827118285839
EVT-0016,True,2019-08-01 06:00:00,-1,0,1,35.96113574950244,126.97827118285839
EVT-0016,True,2019-08-01 06:00:00,-1,1,0,35.97018224850733,126.97827118285839
EVT-0016,True,2019-08-01 06:00:00,0,-5,0,35.91590325447802,126.9893688171416
EVT-0016,True,2019-08-01 06:00:00,0,-4,0,35.9249497534829,126.9893688171416
EVT-0016,True,2019-08-01 06:00:00,0,-3,0,35.93399625248779,126.9893688171416
EVT-0016,True,2019-08-01 06:00:00,0,-2,0,35.94304275149267,126.9893688171416
EVT-0016,True,2019-08-01 06:00:00,0,-1,1,35.95208925049756,126.9893688171416
EVT-0016,True,2019-08-01 06:00:00,0,0,1,35.96113574950244,126.9893688171416
EVT-0016,True,2019-08-01 06:00:00,0,1,0,35.97018224850733,126.9893688171416
EVT-0016,True,2019-08-01 06:00:00,0,2,0,35.97922874751221,126.9893688171416
EVT-0016,True,2019-08-01 06:00:00,1,-4,0,35.9249497534829,127.0004664514248
EVT-0016,True,2019-08-01 06:00:00,1,-3,0,35.93399625248779,127.0004664514248
EVT-0016,True,2019-08-01 06:00:00,1,-2,0,35.94304275149267,127.0004664514248
EVT-0016,True,2019-08-01 06:00:00,1,-1,1,35.95208925049756,127.0004664514248
EVT-0016,True,2019-08-01 06:00:00,1,0,1,35.96113574950244,127.0004664514248
EVT-0016,True,2019-08-01 06:00:00,1,1,0,35.97018224850733,127.0004664514248
EVT-0016,True,2019-08-01 06:00:00,2,-1,0,35.95208925049756,127.011564085708
EVT-0016,True,2019-08-01 06:00:00,2,0,1,35.96113574950244,127.011564085708
EVT-0017,True,2019-08-02 06:00:00,-7,-1,0,35.95208925049756,126.91168537715917
EVT-0017,True,2019-08-02 06:00:00,-6,-2,0,35.94304275149267,126.92278301144238
EVT-0017,True,2019-08-02 06:00:00,-6,-1,0,35.95208925049756,126.92278301144238
EVT-0017,True,2019-08-02 06:00:00,-6,0,0,35.96113574950244,126.92278301144238
EVT-0017,True,2019-08-02 06:00:00,-5,-4,0,35.9249497534829,126.93388064572558
EVT-0017,True,2019-08-02 06:00:00,-5,-3,0,35.93399625248779,126.93388064572558
EVT-0017,True,2019-08-02 06:00:00,-5,-2,0,35.94304275149267,126.93388064572558
EVT-0017,True,2019-08-02 06:00:00,-5,-1,0,35.95208925049756,126.93388064572558
EVT-0017,True,2019-08-02 06:00:00,-5,0,0,35.96113574950244,126.93388064572558
EVT-0017,True,2019-08-02 06:00:00,-5,1,0,35.97018224850733,126.93388064572558
EVT-0017,True,2019-08-02 06:00:00,-4,-5,0,35.91590325447802,126.94497828000878
EVT-0017,True,2019-08-02 06:00:00,-4,-4,0,35.9249497534829,126.94497828000878
EVT-0017,True,2019-08-02 06:00:00,-4,-3,0,35.93399625248779,126.94497828000878
EVT-0017,True,2019-08-02 06:00:00,-4,-2,1,35.94304275149267,126.94497828000878
EVT-0017,True,2019-08-02 06:00:00,-4,-1,0,35.95208925049756,126.94497828000878
EVT-0017,True,2019-08-02 06:00:00,-4,0,0,35.96113574950244,126.94497828000878
EVT-0017,True,2019-08-02 06:00:00,-3,-6,0,35.90685675547313,126.95607591429199
EVT-0017,True,2019-08-02 06:00:00,-3,-5,0,35.91590325447802,126.95607591429199
EVT-0017,True,2019-08-02 06:00:00,-3,-4,0,35.9249497534829,126.95607591429199
EVT-0017,True,2019-08-02 06:00:00,-3,-3,0,35.93399625248779,126.95607591429199
EVT-0017,True,2019-08-02 06:00:00,-3,-2,1,35.94304275149267,126.95607591429199
EVT-0017,True,2019-08-02 06:00:00,-3,-1,0,35.95208925049756,126.95607591429199
EVT-0017,True,2019-08-02 06:00:00,-3,0,0,35.96113574950244,126.95607591429199
EVT-0017,True,2019-08-02 06:00:00,-3,1,0,35.97018224850733,126.95607591429199
EVT-0017,True,2019-08-02 06:00:00,-2,-5,0,35.91590325447802,126.96717354857519
EVT-0017,True,2019-08-02 06:00:00,-2,-4,0,35.9249497534829,126.96717354857519
EVT-0017,True,2019-08-02 06:00:00,-2,-3,0,35.93399625248779,126.96717354857519
EVT-0017,True,2019-08-02 06:00:00,-2,-2,0,35.94304275149267,126.96717354857519
EVT-0017,True,2019-08-02 06:00:00,-2,-1,0,35.95208925049756,126.96717354857519
EVT-0017,True,2019-08-02 06:00:00,-2,0,0,35.96113574950244,126.96717354857519
EVT-0017,True,2019-08-02 06:00:00,-2,1,0,35.97018224850733,126.96717354857519
EVT-0017,True,2019-08-02 06:00:00,-1,-4,0,35.9249497534829,126.97827118285839
EVT-0017,True,2019-08-02 06:00:00,-1,-3,1,35.93399625248779,126.97827118285839
EVT-0017,True,2019-08-02 06:00:00,-1,-2,0,35.94304275149267,126.97827118285839
EVT-0017,True,2019-08-02 06:00:00,-1,-1,0,35.95208925049756,126.97827118285839
EVT-0017,True,2019-08-02 06:00:00,-1,0,1,35.96113574950244,126.97827118285839
EVT-0017,True,2019-08-02 06:00:00,-1,1,0,35.97018224850733,126.97827118285839
EVT-0017,True,2019-08-02 06:00:00,-1,2,0,35.97922874751221,126.97827118285839
EVT-0017,True,2019-08-02 06:00:00,0,-3,0,35.93399625248779,126.9893688171416
EVT-0017,True,2019-08-02 06:00:00,0,-2,1,35.94304275149267,126.9893688171416
EVT-0017,True,2019-08-02 06:00:00,0,-1,0,35.95208925049756,126.9893688171416
EVT-0017,True,2019-08-02 06:00:00,0,0,0,35.96113574950244,126.9893688171416
EVT-0017,True,2019-08-02 06:00:00,0,1,0,35.97018224850733,126.9893688171416
EVT-0017,True,2019-08-02 06:00:00,1,-4,0,35.9249497534829,127.0004664514248
EVT-0017,True,2019-08-02 06:00:00,1,-3,0,35.93399625248779,127.0004664514248
EVT-0017,True,2019-08-02 06:00:00,1,-2,0,35.94304275149267,127.0004664514248
EVT-0017,True,2019-08-02 06:00:00,1,-1,1,35.95208925049756,127.0004664514248
EVT-0017,True,2019-08-02 06:00:00,1,0,0,35.96113574950244,127.0004664514248
EVT-0017,True,2019-08-02 06:00:00,2,-3,0,35.93399625248779,127.011564085708
EVT-0017,True,2019-08-02 06:00:00,2,-2,0,35.94304275149267,127.011564085708
EVT-0017,True,2019-08-02 06:00:00,2,-1,0,35.95208925049756,127.011564085708
EVT-0017,True,2019-08-02 06:00:00,3,-2,0,35.94304275149267,127.0226617199912
EVT-0018,True,2019-08-03 18:00:00,-3,-1,0,35.95208925049756,126.95607591429199
EVT-0018,True,2019-08-03 18:00:00,-3,0,0,35.96113574950244,126.95607591429199
EVT-0018,True,2019-08-03 18:00:00,-2,-2,0,35.94304275149267,126.96717354857519
EVT-0018,True,2019-08-03 18:00:00,-2,-1,0,35.95208925049756,126.96717354857519
EVT-0018,True,2019-08-03 18:00:00,-2,0,0,35.96113574950244,126.96717354857519
EVT-0018,True,2019-08-03 18:00:00,-2,1,0,35.97018224850733,126.96717354857519
EVT-0018,True,2019-08-03 18:00:00,-1,-3,0,35.93399625248779,126.97827118285839
EVT-0018,True,2019-08-03 18:00:00,-1,-2,0,35.94304275149267,126.97827118285839
EVT-0018,True,2019-08-03 18:00:00,-1,-1,1,35.95208925049756,126.97827118285839
EVT-0018,True,2019-08-03 18:00:00,-1,0,1,35.96113574950244,126.97827118285839
EVT-0018,True,2019-08-03 18:00:00,-1,1,0,35.97018224850733,126.97827118285839
EVT-0018,True,2019-08-03 18:00:00,-1,2,0,35.97922874751221,126.97827118285839
EVT-0018,True,2019-08-03 18:00:00,0,-2,0,35.94304275149267,126.9893688171416
EVT-0018,True,2019-08-03 18:00:00,0,-1,0,35.95208925049756,126.9893688171416
EVT-0018,True,2019-08-03 18:00:00,0,0,1,35.96113574950244,126.9893688171416
EVT-0018,True,2019-08-03 18:00:00,0,1,0,35.97018224850733,126.9893688171416
EVT-0018,True,2019-08-03 18:00:00,0,2,0,35.97922874751221,126.9893688171416
EVT-0018,True,2019-08-03 18:00:00,1,-2,0,35.94304275149267,127.0004664514248
EVT-0018,True,2019-08-03 18:00:00,1,-1,0,35.95208925049756,127.0004664514248
EVT-0018,True,2019-08-03 18:00:00,1,0,0,35.96113574950244,127.0004664514248
EVT-0018,True,2019-08-03 18:00:00,1,1,0,35.97018224850733,127.0004664514248
EVT-0018,True,2019-08-03 18:00:00,1,2,0,35.97922874751221,127.0004664514248
EVT-0018,True,2019-08-03 18:00:00,2,-1,0,35.95208925049756,127.011564085708
EVT-0018,True,2019-08-03 18:00:00,2,0,0,35.96113574950244,127.011564085708
EVT-0018,True,2019-08-03 18:00:00,2,1,0,35.97018224850733,127.011564085708
EVT-0018,True,2019-08-03 18:00:00,3,0,0,35.96113574950244,127.0226617199912
EVT-0019,True,2019-08-03 21:00:00,-4,-4,0,35.9249497534829,126.94497828000878
EVT-0019,True,2019-08-03 21:00:00,-4,-3,0,35.93399625248779,126.94497828000878
EVT-0019,True,2019-08-03 21:00:00,-3,-5,0,35.91590325447802,126.95607591429199
EVT-0019,True,2019-08-03 21:00:00,-3,-4,0,35.9249497534829,126.95607591429199
EVT-0019,True,2019-08-03 21:00:00,-3,-3,0,35.93399625248779,126.95607591429199
EVT-0019,True,2019-08-03 21:00:00,-3,-2,0,35.94304275149267,126.95607591429199
EVT-0019,True,2019-08-03 21:00:00,-3,-1,0,35.95208925049756,126.95607591429199
EVT-0019,True,2019-08-03 21:00:00,-3,0,0,35.96113574950244,126.95607591429199
EVT-0019,True,2019-08-03 21:00:00,-2,-6,0,35.90685675547313,126.96717354857519
EVT-0019,True,2019-08-03 21:00:00,-2,-5,0,35.91590325447802,126.96717354857519
EVT-0019,True,2019-08-03 21:00:00,-2,-4,0,35.9249497534829,126.96717354857519
EVT-0019,True,2019-08-03 21:00:00,-2,-3,0,35.93399625248779,126.96717354857519
EVT-0019,True,2019-08-03 21:00:00,-2,-2,0,35.94304275149267,126.96717354857519
EVT-0019,True,2019-08-03 21:00:00,-2,-1,0,35.95208925049756,126.96717354857519
EVT-0019,True,2019-08-03 21:00:00,-2,0,0,35.96113574950244,126.96717354857519
EVT-0019,True,2019-08-03 21:00:00,-2,1,0,35.97018224850733,126.96717354857519
EVT-0019,True,2019-08-03 21:00:00,-1,-5,0,35.91590325447802,126.97827118285839
EVT-0019,True,2019-08-03 21:00:00,-1,-4,0,35.9249497534829,126.97827118285839
EVT-0019,True,2019-08-03 21:00:00,-1,-3,0,35.93399625248779,126.97827118285839
EVT-0019,True,2019-08-03 21:00:00,-1,-2,0,35.94304275149267,126.97827118285839
EVT-0019,True,2019-08-03 21:00:00,-1,-1,0,35.95208925049756,126.97827118285839
EVT-0019,True,2019-08-03 21:00:00,-1,0,1,35.96113574950244,126.97827118285839
EVT-0019,True,2019-08-03 21:00:00,-1,1,0,35.97018224850733,126.97827118285839
EVT-0019,True,2019-08-03 21:00:00,-1,2,0,35.97922874751221,126.97827118285839
EVT-0019,True,2019-08-03 21:00:00,0,-4,0,35.9249497534829,126.9893688171416
EVT-0019,True,2019-08-03 21:00:00,0,-3,0,35.93399625248779,126.9893688171416
EVT-0019,True,2019-08-03 21:00:00,0,-2,0,35.94304275149267,126.9893688171416
EVT-0019,True,2019-08-03 21:00:00,0,-1,1,35.95208925049756,126.9893688171416
EVT-0019,True,2019-08-03 21:00:00,0,0,1,35.96113574950244,126.9893688171416
EVT-0019,True,2019-08-03 21:00:00,0,1,0,35.97018224850733,126.9893688171416
EVT-0019,True,2019-08-03 21:00:00,0,2,0,35.97922874751221,126.9893688171416
EVT-0019,True,2019-08-03 21:00:00,1,-2,0,35.94304275149267,127.0004664514248
EVT-0019,True,2019-08-03 21:00:00,1,-1,0,35.95208925049756,127.0004664514248
EVT-0019,True,2019-08-03 21:00:00,1,0,1,35.96113574950244,127.0004664514248
EVT-0019,True,2019-08-03 21:00:00,1,1,0,35.97018224850733,127.0004664514248
EVT-0019,True,2019-08-03 21:00:00,1,2,0,35.97922874751221,127.0004664514248
EVT-0019,True,2019-08-03 21:00:00,2,-1,0,35.95208925049756,127.011564085708
EVT-0019,True,2019-08-03 21:00:00,2,0,0,35.96113574950244,127.011564085708
EVT-0019,True,2019-08-03 21:00:00,2,1,0,35.97018224850733,127.011564085708
EVT-0019,True,2019-08-03 21:00:00,3,0,0,35.96113574950244,127.0226617199912
EVT-0020,True,2019-08-03 22:00:00,-4,0,0,35.96113574950244,126.94497828000878
EVT-0020,True,2019-08-03 22:00:00,-3,-1,0,35.95208925049756,126.95607591429199
EVT-0020,True,2019-08-03 22:00:00,-3,0,0,35.96113574950244,126.95607591429199
EVT-0020,True,2019-08-03 22:00:00,-3,1,0,35.97018224850733,126.95607591429199
EVT-0020,True,2019-08-03 22:00:00,-2,-2,0,35.94304275149267,126.96717354857519
EVT-0020,True,2019-08-03 22:00:00,-2,-1,0,35.95208925049756,126.96717354857519
EVT-0020,True,2019-08-03 22:00:00,-2,0,1,35.96113574950244,126.96717354857519
EVT-0020,True,2019-08-03 22:00:00,-2,1,0,35.97018224850733,126.96717354857519
EVT-0020,True,2019-08-03 22:00:00,-2,2,0,35.97922874751221,126.96717354857519
EVT-0020,True,2019-08-03 22:00:00,-1,-3,0,35.93399625248779,126.97827118285839
EVT-0020,True,2019-08-03 22:00:00,-1,-2,0,35.94304275149267,126.97827118285839
EVT-0020,True,2019-08-03 22:00:00,-1,-1,1,35.95208925049756,126.97827118285839
EVT-0020,True,2019-08-03 22:00:00,-1,0,1,35.96113574950244,126.97827118285839
EVT-0020,True,2019-08-03 22:00:00,-1,1,0,35.97018224850733,126.97827118285839
EVT-0020,True,2019-08-03 22:00:00,-1,2,0,35.97922874751221,126.97827118285839
EVT-0020,True,2019-08-03 22:00:00,0,-3,0,35.93399625248779,126.9893688171416
EVT-0020,True,2019-08-03 22:00:00,0,-2,0,35.94304275149267,126.9893688171416
EVT-0020,True,2019-08-03 22:00:00,0,-1,1,35.95208925049756,126.9893688171416
EVT-0020,True,2019-08-03 22:00:00,0,0,1,35.96113574950244,126.9893688171416
EVT-0020,True,2019-08-03 22:00:00,0,1,0,35.97018224850733,126.9893688171416
EVT-0020,True,2019-08-03 22:00:00,0,2,0,35.97922874751221,126.9893688171416
EVT-0020,True,2019-08-03 22:00:00,1,-2,0,35.94304275149267,127.0004664514248
EVT-0020,True,2019-08-03 22:00:00,1,-1,0,35.95208925049756,127.0004664514248
EVT-0020,True,2019-08-03 22:00:00,1,0,1,35.96113574950244,127.0004664514248
EVT-0020,True,2019-08-03 22:00:00,1,1,0,35.97018224850733,127.0004664514248
EVT-0020,True,2019-08-03 22:00:00,1,2,0,35.97922874751221,127.0004664514248
EVT-0020,True,2019-08-03 22:00:00,2,-1,0,35.95208925049756,127.011564085708
EVT-0020,True,2019-08-03 22:00:00,2,0,0,35.96113574950244,127.011564085708
EVT-0020,True,2019-08-03 22:00:00,2,1,0,35.97018224850733,127.011564085708
EVT-0020,True,2019-08-03 22:00:00,3,0,0,35.96113574950244,127.0226617199912
EVT-0021,True,2019-08-03 23:00:00,-4,-4,0,35.9249497534829,126.94497828000878
EVT-0021,True,2019-08-03 23:00:00,-4,-1,0,35.95208925049756,126.94497828000878
EVT-0021,True,2019-08-03 23:00:00,-3,-5,0,35.91590325447802,126.95607591429199
EVT-0021,True,2019-08-03 23:00:00,-3,-4,0,35.9249497534829,126.95607591429199
EVT-0021,True,2019-08-03 23:00:00,-3,-3,0,35.93399625248779,126.95607591429199
EVT-0021,True,2019-08-03 23:00:00,-3,-2,0,35.94304275149267,126.95607591429199
EVT-0021,True,2019-08-03 23:00:00,-3,-1,0,35.95208925049756,126.95607591429199
EVT-0021,True,2019-08-03 23:00:00,-3,0,0,35.96113574950244,126.95607591429199
EVT-0021,True,2019-08-03 23:00:00,-2,-6,0,35.90685675547313,126.96717354857519
EVT-0021,True,2019-08-03 23:00:00,-2,-5,0,35.91590325447802,126.96717354857519
EVT-0021,True,2019-08-03 23:00:00,-2,-4,0,35.9249497534829,126.96717354857519
EVT-0021,True,2019-08-03 23:00:00,-2,-3,0,35.93399625248779,126.96717354857519
EVT-0021,True,2019-08-03 23:00:00,-2,-2,0,35.94304275149267,126.96717354857519
EVT-0021,True,2019-08-03 23:00:00,-2,-1,1,35.95208925049756,126.96717354857519
EVT-0021,True,2019-08-03 23:00:00,-2,0,1,35.96113574950244,126.96717354857519
EVT-0021,True,2019-08-03 23:00:00,-2,1,0,35.97018224850733,126.96717354857519
EVT-0021,True,2019-08-03 23:00:00,-1,-5,0,35.91590325447802,126.97827118285839
EVT-0021,True,2019-08-03 23:00:00,-1,-4,0,35.9249497534829,126.97827118285839
EVT-0021,True,2019-08-03 23:00:00,-1,-3,0,35.93399625248779,126.97827118285839
EVT-0021,True,2019-08-03 23:00:00,-1,-2,0,35.94304275149267,126.97827118285839
EVT-0021,True,2019-08-03 23:00:00,-1,-1,0,35.95208925049756,126.97827118285839
EVT-0021,True,2019-08-03 23:00:00,-1,0,1,35.96113574950244,126.97827118285839
EVT-0021,True,2019-08-03 23:00:00,-1,1,0,35.97018224850733,126.97827118285839
EVT-0021,True,2019-08-03 23:00:00,-1,2,0,35.97922874751221,126.97827118285839
EVT-0021,True,2019-08-03 23:00:00,0,-4,0,35.9249497534829,126.9893688171416
EVT-0021,True,2019-08-03 23:00:00,0,-3,0,35.93399625248779,126.9893688171416
EVT-0021,True,2019-08-03 23:00:00,0,-2,0,35.94304275149267,126.9893688171416
EVT-0021,True,2019-08-03 23:00:00,0,-1,1,35.95208925049756,126.9893688171416
EVT-0021,True,2019-08-03 23:00:00,0,0,1,35.96113574950244,126.9893688171416
EVT-0021,True,2019-08-03 23:00:00,0,1,0,35.97018224850733,126.9893688171416
EVT-0021,True,2019-08-03 23:00:00,0,2,0,35.97922874751221,126.9893688171416
EVT-0021,True,2019-08-03 23:00:00,1,-2,0,35.94304275149267,127.0004664514248
EVT-0021,True,2019-08-03 23:00:00,1,-1,0,35.95208925049756,127.0004664514248
EVT-0021,True,2019-08-03 23:00:00,1,0,1,35.96113574950244,127.0004664514248
EVT-0021,True,2019-08-03 23:00:00,1,1,0,35.97018224850733,127.0004664514248
EVT-0021,True,2019-08-03 23:00:00,1,2,0,35.97922874751221,127.0004664514248
EVT-0021,True,2019-08-03 23:00:00,2,-2,0,35.94304275149267,127.011564085708
EVT-0021,True,2019-08-03 23:00:00,2,-1,0,35.95208925049756,127.011564085708
EVT-0021,True,2019-08-03 23:00:00,2,0,0,35.96113574950244,127.011564085708
EVT-0021,True,2019-08-03 23:00:00,2,1,0,35.97018224850733,127.011564085708
EVT-0021,True,2019-08-03 23:00:00,2,2,0,35.97922874751221,127.011564085708
EVT-0021,True,2019-08-03 23:00:00,3,-1,0,35.95208925049756,127.0226617199912
EVT-0021,True,2019-08-03 23:00:00,3,0,0,35.96113574950244,127.0226617199912
EVT-0021,True,2019-08-03 23:00:00,3,1,0,35.97018224850733,127.0226617199912
EVT-0021,True,2019-08-03 23:00:00,4,0,0,35.96113574950244,127.03375935427441
EVT-0022,True,2019-08-04 00:00:00,-5,-1,0,35.95208925049756,126.93388064572558
EVT-0022,True,2019-08-04 00:00:00,-4,-2,0,35.94304275149267,126.94497828000878
EVT-0022,True,2019-08-04 00:00:00,-4,-1,0,35.95208925049756,126.94497828000878
EVT-0022,True,2019-08-04 00:00:00,-4,0,0,35.96113574950244,126.94497828000878
EVT-0022,True,2019-08-04 00:00:00,-3,-3,0,35.93399625248779,126.95607591429199
EVT-0022,True,2019-08-04 00:00:00,-3,-2,0,35.94304275149267,126.95607591429199
EVT-0022,True,2019-08-04 00:00:00,-3,-1,0,35.95208925049756,126.95607591429199
EVT-0022,True,2019-08-04 00:00:00,-3,0,0,35.96113574950244,126.95607591429199
EVT-0022,True,2019-08-04 00:00:00,-3,1,0,35.97018224850733,126.95607591429199
EVT-0022,True,2019-08-04 00:00:00,-2,-3,0,35.93399625248779,126.96717354857519
EVT-0022,True,2019-08-04 00:00:00,-2,-2,0,35.94304275149267,126.96717354857519
EVT-0022,True,2019-08-04 00:00:00,-2,-1,0,35.95208925049756,126.96717354857519
EVT-0022,True,2019-08-04 00:00:00,-2,0,0,35.96113574950244,126.96717354857519
EVT-0022,True,2019-08-04 00:00:00,-2,1,0,35.97018224850733,126.96717354857519
EVT-0022,True,2019-08-04 00:00:00,-2,2,0,35.97922874751221,126.96717354857519
EVT-0022,True,2019-08-04 00:00:00,-1,-2,0,35.94304275149267,126.97827118285839
EVT-0022,True,2019-08-04 00:00:00,-1,-1,1,35.95208925049756,126.97827118285839
EVT-0022,True,2019-08-04 00:00:00,-1,0,1,35.96113574950244,126.97827118285839
EVT-0022,True,2019-08-04 00:00:00,-1,1,0,35.97018224850733,126.97827118285839
EVT-0022,True,2019-08-04 00:00:00,-1,2,0,35.97922874751221,126.97827118285839
EVT-0022,True,2019-08-04 00:00:00,0,-3,0,35.93399625248779,126.9893688171416
EVT-0022,True,2019-08-04 00:00:00,0,-2,0,35.94304275149267,126.9893688171416
EVT-0022,True,2019-08-04 00:00:00,0,-1,1,35.95208925049756,126.9893688171416
EVT-0022,True,2019-08-04 00:00:00,0,0,1,35.96113574950244,126.9893688171416
EVT-0022,True,2019-08-04 00:00:00,0,1,0,35.97018224850733,126.9893688171416
EVT-0022,True,2019-08-04 00:00:00,0,2,0,35.97922874751221,126.9893688171416
EVT-0022,True,2019-08-04 00:00:00,1,-2,0,35.94304275149267,127.0004664514248
EVT-0022,True,2019-08-04 00:00:00,1,-1,0,35.95208925049756,127.0004664514248
EVT-0022,True,2019-08-04 00:00:00,1,0,1,35.96113574950244,127.0004664514248
EVT-0022,True,2019-08-04 00:00:00,1,1,0,35.97018224850733,127.0004664514248
EVT-0022,True,2019-08-04 00:00:00,1,2,0,35.97922874751221,127.0004664514248
EVT-0022,True,2019-08-04 00:00:00,2,-1,0,35.95208925049756,127.011564085708
EVT-0022,True,2019-08-04 00:00:00,2,0,0,35.96113574950244,127.011564085708
EVT-0022,True,2019-08-04 00:00:00,2,1,0,35.97018224850733,127.011564085708
EVT-0022,True,2019-08-04 00:00:00,3,0,0,35.96113574950244,127.0226617199912
EVT-0023,True,2019-08-04 01:00:00,-4,-3,0,35.93399625248779,126.94497828000878
EVT-0023,True,2019-08-04 01:00:00,-4,0,0,35.96113574950244,126.94497828000878
EVT-0023,True,2019-08-04 01:00:00,-3,-4,0,35.9249497534829,126.95607591429199
EVT-0023,True,2019-08-04 01:00:00,-3,-3,0,35.93399625248779,126.95607591429199
EVT-0023,True,2019-08-04 01:00:00,-3,-2,0,35.94304275149267,126.95607591429199
EVT-0023,True,2019-08-04 01:00:00,-3,-1,0,35.95208925049756,126.95607591429199
EVT-0023,True,2019-08-04 01:00:00,-3,0,0,35.96113574950244,126.95607591429199
EVT-0023,True,2019-08-04 01:00:00,-3,1,0,35.97018224850733,126.95607591429199
EVT-0023,True,2019-08-04 01:00:00,-2,-5,0,35.91590325447802,126.96717354857519
EVT-0023,True,2019-08-04 01:00:00,-2,-4,0,35.9249497534829,126.96717354857519
EVT-0023,True,2019-08-04 01:00:00,-2,-3,0,35.93399625248779,126.96717354857519
EVT-0023,True,2019-08-04 01:00:00,-2,-2,1,35.94304275149267,126.96717354857519
EVT-0023,True,2019-08-04 01:00:00,-2,-1,1,35.95208925049756,126.96717354857519
EVT-0023,True,2019-08-04 01:00:00,-2,0,0,35.96113574950244,126.96717354857519
EVT-0023,True,2019-08-04 01:00:00,-2,1,0,35.97018224850733,126.96717354857519
EVT-0023,True,2019-08-04 01:00:00,-2,2,0,35.97922874751221,126.96717354857519
EVT-0023,True,2019-08-04 01:00:00,-1,-4,0,35.9249497534829,126.97827118285839
EVT-0023,True,2019-08-04 01:00:00,-1,-3,0,35.93399625248779,126.97827118285839
EVT-0023,True,2019-08-04 01:00:00,-1,-2,0,35.94304275149267,126.97827118285839
EVT-0023,True,2019-08-04 01:00:00,-1,-1,0,35.95208925049756,126.97827118285839
EVT-0023,True,2019-08-04 01:00:00,-1,0,0,35.96113574950244,126.97827118285839
EVT-0023,True,2019-08-04 01:00:00,-1,1,0,35.97018224850733,126.97827118285839
EVT-0023,True,2019-08-04 01:00:00,-1,2,0,35.97922874751221,126.97827118285839
EVT-0023,True,2019-08-04 01:00:00,0,-3,0,35.93399625248779,126.9893688171416
EVT-0023,True,2019-08-04 01:00:00,0,-2,0,35.94304275149267,126.9893688171416
EVT-0023,True,2019-08-04 01:00:00,0,-1,1,35.95208925049756,126.9893688171416
EVT-0023,True,2019-08-04 01:00:00,0,0,1,35.96113574950244,126.9893688171416
EVT-0023,True,2019-08-04 01:00:00,0,1,0,35.97018224850733,126.9893688171416
EVT-0023,True,2019-08-04 01:00:00,0,2,0,35.97922874751221,126.9893688171416
EVT-0023,True,2019-08-04 01:00:00,1,-2,0,35.94304275149267,127.0004664514248
EVT-0023,True,2019-08-04 01:00:00,1,-1,0,35.95208925049756,127.0004664514248
EVT-0023,True,2019-08-04 01:00:00,1,0,0,35.96113574950244,127.0004664514248
EVT-0023,True,2019-08-04 01:00:00,1,1,0,35.97018224850733,127.0004664514248
EVT-0023,True,2019-08-04 01:00:00,2,-1,0,35.95208925049756,127.011564085708
EVT-0023,True,2019-08-04 01:00:00,2,0,0,35.96113574950244,127.011564085708
EVT-0024,True,2019-08-07 04:00:00,-3,0,0,35.96113574950244,126.95607591429199
EVT-0024,True,2019-08-07 04:00:00,-2,-1,0,35.95208925049756,126.96717354857519
EVT-0024,True,2019-08-07 04:00:00,-2,0,1,35.96113574950244,126.96717354857519
EVT-0024,True,2019-08-07 04:00:00,-2,1,0,35.97018224850733,126.96717354857519
EVT-0024,True,2019-08-07 04:00:00,-1,-2,0,35.94304275149267,126.97827118285839
EVT-0024,True,2019-08-07 04:00:00,-1,-1,0,35.95208925049756,126.97827118285839
EVT-0024,True,2019-08-07 04:00:00,-1,0,1,35.96113574950244,126.97827118285839
EVT-0024,True,2019-08-07 04:00:00,-1,1,0,35.97018224850733,126.97827118285839
EVT-0024,True,2019-08-07 04:00:00,-1,2,0,35.97922874751221,126.97827118285839
EVT-0024,True,2019-08-07 04:00:00,0,-3,0,35.93399625248779,126.9893688171416
EVT-0024,True,2019-08-07 04:00:00,0,-2,0,35.94304275149267,126.9893688171416
EVT-0024,True,2019-08-07 04:00:00,0,-1,1,35.95208925049756,126.9893688171416
EVT-0024,True,2019-08-07 04:00:00,0,0,0,35.96113574950244,126.9893688171416
EVT-0024,True,2019-08-07 04:00:00,0,1,0,35.97018224850733,126.9893688171416
EVT-0024,True,2019-08-07 04:00:00,0,2,0,35.97922874751221,126.9893688171416
EVT-0024,True,2019-08-07 04:00:00,1,-2,1,35.94304275149267,127.0004664514248
EVT-0024,True,2019-08-07 04:00:00,1,-1,0,35.95208925049756,127.0004664514248
EVT-0024,True,2019-08-07 04:00:00,1,0,1,35.96113574950244,127.0004664514248
EVT-0024,True,2019-08-07 04:00:00,1,1,0,35.97018224850733,127.0004664514248
EVT-0024,True,2019-08-07 04:00:00,2,-2,0,35.94304275149267,127.011564085708
EVT-0024,True,2019-08-07 04:00:00,2,-1,0,35.95208925049756,127.011564085708
EVT-0024,True,2019-08-07 04:00:00,2,0,0,35.96113574950244,127.011564085708
EVT-0024,True,2019-08-07 04:00:00,2,1,0,35.97018224850733,127.011564085708
EVT-0024,True,2019-08-07 04:00:00,2,2,0,35.97922874751221,127.011564085708
EVT-0024,True,2019-08-07 04:00:00,3,-1,0,35.95208925049756,127.0226617199912
EVT-0024,True,2019-08-07 04:00:00,3,0,0,35.96113574950244,127.0226617199912
EVT-0024,True,2019-08-07 04:00:00,3,1,0,35.97018224850733,127.0226617199912
EVT-0024,True,2019-08-07 04:00:00,4,0,0,35.96113574950244,127.03375935427441
EVT-0025,True,2019-08-07 05:00:00,-5,-4,0,35.9249497534829,126.93388064572558
EVT-0025,True,2019-08-07 05:00:00,-4,-5,0,35.91590325447802,126.94497828000878
EVT-0025,True,2019-08-07 05:00:00,-4,-4,0,35.9249497534829,126.94497828000878
EVT-0025,True,2019-08-07 05:00:00,-4,-3,0,35.93399625248779,126.94497828000878
EVT-0025,True,2019-08-07 05:00:00,-4,-1,0,35.95208925049756,126.94497828000878
EVT-0025,True,2019-08-07 05:00:00,-3,-6,0,35.90685675547313,126.95607591429199
EVT-0025,True,2019-08-07 05:00:00,-3,-5,0,35.91590325447802,126.95607591429199
EVT-0025,True,2019-08-07 05:00:00,-3,-4,0,35.9249497534829,126.95607591429199
EVT-0025,True,2019-08-07 05:00:00,-3,-3,0,35.93399625248779,126.95607591429199
EVT-0025,True,2019-08-07 05:00:00,-3,-2,0,35.94304275149267,126.95607591429199
EVT-0025,True,2019-08-07 05:00:00,-3,-1,0,35.95208925049756,126.95607591429199
EVT-0025,True,2019-08-07 05:00:00,-3,0,0,35.96113574950244,126.95607591429199
EVT-0025,True,2019-08-07 05:00:00,-2,-5,0,35.91590325447802,126.96717354857519
EVT-0025,True,2019-08-07 05:00:00,-2,-4,0,35.9249497534829,126.96717354857519
EVT-0025,True,2019-08-07 05:00:00,-2,-3,0,35.93399625248779,126.96717354857519
EVT-0025,True,2019-08-07 05:00:00,-2,-2,0,35.94304275149267,126.96717354857519
EVT-0025,True,2019-08-07 05:00:00,-2,-1,1,35.95208925049756,126.96717354857519
EVT-0025,True,2019-08-07 05:00:00,-2,0,0,35.96113574950244,126.96717354857519
EVT-0025,True,2019-08-07 05:00:00,-2,1,0,35.97018224850733,126.96717354857519
EVT-0025,True,2019-08-07 05:00:00,-1,-4,0,35.9249497534829,126.97827118285839
EVT-0025,True,2019-08-07 05:00:00,-1,-3,0,35.93399625248779,126.97827118285839
EVT-0025,True,2019-08-07 05:00:00,-1,-2,0,35.94304275149267,126.97827118285839
EVT-0025,True,2019-08-07 05:00:00,-1,-1,0,35.95208925049756,126.97827118285839
EVT-0025,True,2019-08-07 05:00:00,-1,0,0,35.96113574950244,126.97827118285839
EVT-0025,True,2019-08-07 05:00:00,-1,1,0,35.97018224850733,126.97827118285839
EVT-0025,True,2019-08-07 05:00:00,-1,2,0,35.97922874751221,126.97827118285839
EVT-0025,True,2019-08-07 05:00:00,0,-3,0,35.93399625248779,126.9893688171416
EVT-0025,True,2019-08-07 05:00:00,0,-2,0,35.94304275149267,126.9893688171416
EVT-0025,True,2019-08-07 05:00:00,0,-1,1,35.95208925049756,126.9893688171416
EVT-0025,True,2019-08-07 05:00:00,0,0,0,35.96113574950244,126.9893688171416
EVT-0025,True,2019-08-07 05:00:00,0,1,0,35.97018224850733,126.9893688171416
EVT-0025,True,2019-08-07 05:00:00,0,2,0,35.97922874751221,126.9893688171416
EVT-0025,True,2019-08-07 05:00:00,1,-2,0,35.94304275149267,127.0004664514248
EVT-0025,True,2019-08-07 05:00:00,1,-1,0,35.95208925049756,127.0004664514248
EVT-0025,True,2019-08-07 05:00:00,1,0,0,35.96113574950244,127.0004664514248
EVT-0025,True,2019-08-07 05:00:00,1,1,0,35.97018224850733,127.0004664514248
EVT-0025,True,2019-08-07 05:00:00,1,2,0,35.97922874751221,127.0004664514248
EVT-0025,True,2019-08-07 05:00:00,2,-1,0,35.95208925049756,127.011564085708
EVT-0025,True,2019-08-07 05:00:00,2,0,0,35.96113574950244,127.011564085708
EVT-0025,True,2019-08-07 05:00:00,2,1,0,35.97018224850733,127.011564085708
EVT-0025,True,2019-08-07 05:00:00,3,0,0,35.96113574950244,127.0226617199912
EVT-0026,True,2019-08-08 17:00:00,-3,-1,1,35.95208925049756,126.95607591429199
EVT-0026,True,2019-08-08 17:00:00,-3,0,1,35.96113574950244,126.95607591429199
EVT-0026,True,2019-08-08 17:00:00,-2,-2,0,35.94304275149267,126.96717354857519
EVT-0026,True,2019-08-08 17:00:00,-2,-1,0,35.95208925049756,126.96717354857519
EVT-0026,True,2019-08-08 17:00:00,-2,0,0,35.96113574950244,126.96717354857519
EVT-0026,True,2019-08-08 17:00:00,-2,1,0,35.97018224850733,126.96717354857519
EVT-0026,True,2019-08-08 17:00:00,-1,-3,0,35.93399625248779,126.97827118285839
EVT-0026,True,2019-08-08 17:00:00,-1,-2,1,35.94304275149267,126.97827118285839
EVT-0026,True,2019-08-08 17:00:00,-1,-1,0,35.95208925049756,126.97827118285839
EVT-0026,True,2019-08-08 17:00:00,-1,0,1,35.96113574950244,126.97827118285839
EVT-0026,True,2019-08-08 17:00:00,-1,1,0,35.97018224850733,126.97827118285839
EVT-0026,True,2019-08-08 17:00:00,-1,2,0,35.97922874751221,126.97827118285839
EVT-0026,True,2019-08-08 17:00:00,0,-4,0,35.9249497534829,126.9893688171416
EVT-0026,True,2019-08-08 17:00:00,0,-3,0,35.93399625248779,126.9893688171416
EVT-0026,True,2019-08-08 17:00:00,0,-2,0,35.94304275149267,126.9893688171416
EVT-0026,True,2019-08-08 17:00:00,0,-1,0,35.95208925049756,126.9893688171416
EVT-0026,True,2019-08-08 17:00:00,0,0,0,35.96113574950244,126.9893688171416
EVT-0026,True,2019-08-08 17:00:00,0,1,0,35.97018224850733,126.9893688171416
EVT-0026,True,2019-08-08 17:00:00,0,2,0,35.97922874751221,126.9893688171416
EVT-0026,True,2019-08-08 17:00:00,1,-3,0,35.93399625248779,127.0004664514248
EVT-0026,True,2019-08-08 17:00:00,1,-2,0,35.94304275149267,127.0004664514248
EVT-0026,True,2019-08-08 17:00:00,1,-1,0,35.95208925049756,127.0004664514248
EVT-0026,True,2019-08-08 17:00:00,1,0,1,35.96113574950244,127.0004664514248
EVT-0026,True,2019-08-08 17:00:00,1,1,0,35.97018224850733,127.0004664514248
EVT-0026,True,2019-08-08 17:00:00,2,-2,0,35.94304275149267,127.011564085708
EVT-0026,True,2019-08-08 17:00:00,2,-1,0,35.95208925049756,127.011564085708
EVT-0026,True,2019-08-08 17:00:00,2,0,0,35.96113574950244,127.011564085708
EVT-0027,True,2019-08-08 18:00:00,-4,-4,0,35.9249497534829,126.94497828000878
EVT-0027,True,2019-08-08 18:00:00,-3,-5,0,35.91590325447802,126.95607591429199
EVT-0027,True,2019-08-08 18:00:00,-3,-4,0,35.9249497534829,126.95607591429199
EVT-0027,True,2019-08-08 18:00:00,-3,-3,0,35.93399625248779,126.95607591429199
EVT-0027,True,2019-08-08 18:00:00,-3,0,0,35.96113574950244,126.95607591429199
EVT-0027,True,2019-08-08 18:00:00,-2,-6,0,35.90685675547313,126.96717354857519
EVT-0027,True,2019-08-08 18:00:00,-2,-5,0,35.91590325447802,126.96717354857519
EVT-0027,True,2019-08-08 18:00:00,-2,-4,0,35.9249497534829,126.96717354857519
EVT-0027,True,2019-08-08 18:00:00,-2,-3,0,35.93399625248779,126.96717354857519
EVT-0027,True,2019-08-08 18:00:00,-2,-2,0,35.94304275149267,126.96717354857519
EVT-0027,True,2019-08-08 18:00:00,-2,-1,0,35.95208925049756,126.96717354857519
EVT-0027,True,2019-08-08 18:00:00,-2,0,0,35.96113574950244,126.96717354857519
EVT-0027,True,2019-08-08 18:00:00,-2,1,0,35.97018224850733,126.96717354857519
EVT-0027,True,2019-08-08 18:00:00,-1,-5,0,35.91590325447802,126.97827118285839
EVT-0027,True,2019-08-08 18:00:00,-1,-4,0,35.9249497534829,126.97827118285839
EVT-0027,True,2019-08-08 18:00:00,-1,-3,0,35.93399625248779,126.97827118285839
EVT-0027,True,2019-08-08 18:00:00,-1,-2,0,35.94304275149267,126.97827118285839
EVT-0027,True,2019-08-08 18:00:00,-1,-1,0,35.95208925049756,126.97827118285839
EVT-0027,True,2019-08-08 18:00:00,-1,0,1,35.96113574950244,126.97827118285839
EVT-0027,True,2019-08-08 18:00:00,-1,1,0,35.97018224850733,126.97827118285839
EVT-0027,True,2019-08-08 18:00:00,-1,2,0,35.97922874751221,126.97827118285839
EVT-0027,True,2019-08-08 18:00:00,0,-4,0,35.9249497534829,126.9893688171416
EVT-0027,True,2019-08-08 18:00:00,0,-3,0,35.93399625248779,126.9893688171416
EVT-0027,True,2019-08-08 18:00:00,0,-2,0,35.94304275149267,126.9893688171416
EVT-0027,True,2019-08-08 18:00:00,0,-1,0,35.95208925049756,126.9893688171416
EVT-0027,True,2019-08-08 18:00:00,0,0,1,35.96113574950244,126.9893688171416
EVT-0027,True,2019-08-08 18:00:00,0,1,0,35.97018224850733,126.9893688171416
EVT-0027,True,2019-08-08 18:00:00,0,2,0,35.97922874751221,126.9893688171416
EVT-0027,True,2019-08-08 18:00:00,1,-2,0,35.94304275149267,127.0004664514248
EVT-0027,True,2019-08-08 18:00:00,1,-1,0,35.95208925049756,127.0004664514248
EVT-0027,True,2019-08-08 18:00:00,1,0,0,35.96113574950244,127.0004664514248
EVT-0027,True,2019-08-08 18:00:00,1,1,0,35.97018224850733,127.0004664514248
EVT-0027,True,2019-08-08 18:00:00,2,-3,0,35.93399625248779,127.011564085708
EVT-0027,True,2019-08-08 18:00:00,2,-2,0,35.94304275149267,127.011564085708
EVT-0027,True,2019-08-08 18:00:00,2,-1,0,35.95208925049756,127.011564085708
EVT-0027,True,2019-08-08 18:00:00,2,0,0,35.96113574950244,127.011564085708
EVT-0027,True,2019-08-08 18:00:00,2,1,0,35.97018224850733,127.011564085708
EVT-0027,True,2019-08-08 18:00:00,3,-2,0,35.94304275149267,127.0226617199912
EVT-0027,True,2019-08-08 18:00:00,3,-1,0,35.95208925049756,127.0226617199912
EVT-0027,True,2019-08-08 18:00:00,3,0,0,35.96113574950244,127.0226617199912
EVT-0027,True,2019-08-08 18:00:00,4,-1,0,35.95208925049756,127.03375935427441
EVT-0028,True,2019-08-08 22:00:00,-4,-4,0,35.9249497534829,126.94497828000878
EVT-0028,True,2019-08-08 22:00:00,-4,-3,1,35.93399625248779,126.94497828000878
EVT-0028,True,2019-08-08 22:00:00,-4,0,0,35.96113574950244,126.94497828000878
EVT-0028,True,2019-08-08 22:00:00,-3,-5,0,35.91590325447802,126.95607591429199
EVT-0028,True,2019-08-08 22:00:00,-3,-4,0,35.9249497534829,126.95607591429199
EVT-0028,True,2019-08-08 22:00:00,-3,-3,0,35.93399625248779,126.95607591429199
EVT-0028,True,2019-08-08 22:00:00,-3,-2,0,35.94304275149267,126.95607591429199
EVT-0028,True,2019-08-08 22:00:00,-3,-1,0,35.95208925049756,126.95607591429199
EVT-0028,True,2019-08-08 22:00:00,-3,0,0,35.96113574950244,126.95607591429199
EVT-0028,True,2019-08-08 22:00:00,-3,1,0,35.97018224850733,126.95607591429199
EVT-0028,True,2019-08-08 22:00:00,-2,-6,0,35.90685675547313,126.96717354857519
EVT-0028,True,2019-08-08 22:00:00,-2,-5,0,35.91590325447802,126.96717354857519
EVT-0028,True,2019-08-08 22:00:00,-2,-4,1,35.9249497534829,126.96717354857519
EVT-0028,True,2019-08-08 22:00:00,-2,-3,1,35.93399625248779,126.96717354857519
EVT-0028,True,2019-08-08 22:00:00,-2,-2,0,35.94304275149267,126.96717354857519
EVT-0028,True,2019-08-08 22:00:00,-2,-1,0,35.95208925049756,126.96717354857519
EVT-0028,True,2019-08-08 22:00:00,-2,0,0,35.96113574950244,126.96717354857519
EVT-0028,True,2019-08-08 22:00:00,-2,1,0,35.97018224850733,126.96717354857519
EVT-0028,True,2019-08-08 22:00:00,-2,2,0,35.97922874751221,126.96717354857519
EVT-0028,True,2019-08-08 22:00:00,-1,-5,0,35.91590325447802,126.97827118285839
EVT-0028,True,2019-08-08 22:00:00,-1,-4,0,35.9249497534829,126.97827118285839
EVT-0028,True,2019-08-08 22:00:00,-1,-3,0,35.93399625248779,126.97827118285839
EVT-0028,True,2019-08-08 22:00:00,-1,-2,0,35.94304275149267,126.97827118285839
EVT-0028,True,2019-08-08 22:00:00,-1,-1,0,35.95208925049756,126.97827118285839
EVT-0028,True,2019-08-08 22:00:00,-1,0,0,35.96113574950244,126.97827118285839
EVT-0028,True,2019-08-08 22:00:00,-1,1,0,35.97018224850733,126.97827118285839
EVT-0028,True,2019-08-08 22:00:00,0,-4,0,35.9249497534829,126.9893688171416
EVT-0028,True,2019-08-08 22:00:00,0,-3,0,35.93399625248779,126.9893688171416
EVT-0028,True,2019-08-08 22:00:00,0,0,0,35.96113574950244,126.9893688171416
EVT-0029,True,2019-08-08 23:00:00,-5,-3,0,35.93399625248779,126.93388064572558
EVT-0029,True,2019-08-08 23:00:00,-4,-4,0,35.9249497534829,126.94497828000878
EVT-0029,True,2019-08-08 23:00:00,-4,-3,0,35.93399625248779,126.94497828000878
EVT-0029,True,2019-08-08 23:00:00,-4,-2,0,35.94304275149267,126.94497828000878
EVT-0029,True,2019-08-08 23:00:00,-3,-5,0,35.91590325447802,126.95607591429199
EVT-0029,True,2019-08-08 23:00:00,-3,-4,0,35.9249497534829,126.95607591429199
EVT-0029,True,2019-08-08 23:00:00,-3,-3,0,35.93399625248779,126.95607591429199
EVT-0029,True,2019-08-08 23:00:00,-3,-2,0,35.94304275149267,126.95607591429199
EVT-0029,True,2019-08-08 23:00:00,-3,-1,0,35.95208925049756,126.95607591429199
EVT-0029,True,2019-08-08 23:00:00,-2,-6,0,35.90685675547313,126.96717354857519
EVT-0029,True,2019-08-08 23:00:00,-2,-5,0,35.91590325447802,126.96717354857519
EVT-0029,True,2019-08-08 23:00:00,-2,-4,0,35.9249497534829,126.96717354857519
EVT-0029,True,2019-08-08 23:00:00,-2,-3,1,35.93399625248779,126.96717354857519
EVT-0029,True,2019-08-08 23:00:00,-2,-2,0,35.94304275149267,126.96717354857519
EVT-0029,True,2019-08-08 23:00:00,-2,-1,0,35.95208925049756,126.96717354857519
EVT-0029,True,2019-08-08 23:00:00,-2,0,0,35.96113574950244,126.96717354857519
EVT-0029,True,2019-08-08 23:00:00,-1,-5,0,35.91590325447802,126.97827118285839
EVT-0029,True,2019-08-08 23:00:00,-1,-4,0,35.9249497534829,126.97827118285839
EVT-0029,True,2019-08-08 23:00:00,-1,-3,0,35.93399625248779,126.97827118285839
EVT-0029,True,2019-08-08 23:00:00,-1,-2,0,35.94304275149267,126.97827118285839
EVT-0029,True,2019-08-08 23:00:00,-1,-1,0,35.95208925049756,126.97827118285839
EVT-0029,True,2019-08-08 23:00:00,-1,0,0,35.96113574950244,126.97827118285839
EVT-0029,True,2019-08-08 23:00:00,-1,1,0,35.97018224850733,126.97827118285839
EVT-0029,True,2019-08-08 23:00:00,0,-4,0,35.9249497534829,126.9893688171416
EVT-0029,True,2019-08-08 23:00:00,0,-3,0,35.93399625248779,126.9893688171416
EVT-0029,True,2019-08-08 23:00:00,0,-2,0,35.94304275149267,126.9893688171416
EVT-0029,True,2019-08-08 23:00:00,0,-1,1,35.95208925049756,126.9893688171416
EVT-0029,True,2019-08-08 23:00:00,0,0,1,35.96113574950244,126.9893688171416
EVT-0029,True,2019-08-08 23:00:00,0,1,0,35.97018224850733,126.9893688171416
EVT-0029,True,2019-08-08 23:00:00,0,2,0,35.97922874751221,126.9893688171416
EVT-0029,True,2019-08-08 23:00:00,1,-2,0,35.94304275149267,127.0004664514248
EVT-0029,True,2019-08-08 23:00:00,1,-1,0,35.95208925049756,127.0004664514248
EVT-0029,True,2019-08-08 23:00:00,1,0,1,35.96113574950244,127.0004664514248
EVT-0029,True,2019-08-08 23:00:00,1,1,0,35.97018224850733,127.0004664514248
EVT-0029,True,2019-08-08 23:00:00,2,-3,0,35.93399625248779,127.011564085708
EVT-0029,True,2019-08-08 23:00:00,2,-2,0,35.94304275149267,127.011564085708
EVT-0029,True,2019-08-08 23:00:00,2,-1,0,35.95208925049756,127.011564085708
EVT-0029,True,2019-08-08 23:00:00,2,0,0,35.96113574950244,127.011564085708
EVT-0029,True,2019-08-08 23:00:00,2,1,0,35.97018224850733,127.011564085708
EVT-0029,True,2019-08-08 23:00:00,2,2,0,35.97922874751221,127.011564085708
EVT-0029,True,2019-08-08 23:00:00,3,-2,0,35.94304275149267,127.0226617199912
EVT-0029,True,2019-08-08 23:00:00,3,-1,0,35.95208925049756,127.0226617199912
EVT-0029,True,2019-08-08 23:00:00,3,0,0,35.96113574950244,127.0226617199912
EVT-0029,True,2019-08-08 23:00:00,3,1,0,35.97018224850733,127.0226617199912
EVT-0029,True,2019-08-08 23:00:00,4,-1,0,35.95208925049756,127.03375935427441
EVT-0029,True,2019-08-08 23:00:00,4,0,0,35.96113574950244,127.03375935427441
EVT-0030,True,2019-08-10 06:00:00,-5,-3,0,35.93399625248779,126.93388064572558
EVT-0030,True,2019-08-10 06:00:00,-5,-1,1,35.95208925049756,126.93388064572558
EVT-0030,True,2019-08-10 06:00:00,-4,-4,0,35.9249497534829,126.94497828000878
EVT-0030,True,2019-08-10 06:00:00,-4,-3,0,35.93399625248779,126.94497828000878
EVT-0030,True,2019-08-10 06:00:00,-4,-2,0,35.94304275149267,126.94497828000878
EVT-0030,True,2019-08-10 06:00:00,-4,-1,0,35.95208925049756,126.94497828000878
EVT-0030,True,2019-08-10 06:00:00,-4,0,0,35.96113574950244,126.94497828000878
EVT-0030,True,2019-08-10 06:00:00,-3,-5,0,35.91590325447802,126.95607591429199
EVT-0030,True,2019-08-10 06:00:00,-3,-4,0,35.9249497534829,126.95607591429199
EVT-0030,True,2019-08-10 06:00:00,-3,-3,0,35.93399625248779,126.95607591429199
EVT-0030,True,2019-08-10 06:00:00,-3,-2,0,35.94304275149267,126.95607591429199
EVT-0030,True,2019-08-10 06:00:00,-3,-1,0,35.95208925049756,126.95607591429199
EVT-0030,True,2019-08-10 06:00:00,-3,0,0,35.96113574950244,126.95607591429199
EVT-0030,True,2019-08-10 06:00:00,-3,1,0,35.97018224850733,126.95607591429199
EVT-0030,True,2019-08-10 06:00:00,-2,-4,0,35.9249497534829,126.96717354857519
EVT-0030,True,2019-08-10 06:00:00,-2,-3,0,35.93399625248779,126.96717354857519
EVT-0030,True,2019-08-10 06:00:00,-2,-2,0,35.94304275149267,126.96717354857519
EVT-0030,True,2019-08-10 06:00:00,-2,-1,0,35.95208925049756,126.96717354857519
EVT-0030,True,2019-08-10 06:00:00,-2,0,1,35.96113574950244,126.96717354857519
EVT-0030,True,2019-08-10 06:00:00,-2,1,0,35.97018224850733,126.96717354857519
EVT-0030,True,2019-08-10 06:00:00,-2,2,0,35.97922874751221,126.96717354857519
EVT-0030,True,2019-08-10 06:00:00,-1,-3,0,35.93399625248779,126.97827118285839
EVT-0030,True,2019-08-10 06:00:00,-1,-2,0,35.94304275149267,126.97827118285839
EVT-0030,True,2019-08-10 06:00:00,-1,-1,0,35.95208925049756,126.97827118285839
EVT-0030,True,2019-08-10 06:00:00,-1,0,1,35.96113574950244,126.97827118285839
EVT-0030,True,2019-08-10 06:00:00,-1,1,0,35.97018224850733,126.97827118285839
EVT-0030,True,2019-08-10 06:00:00,-1,2,0,35.97922874751221,126.97827118285839
EVT-0030,True,2019-08-10 06:00:00,0,-1,1,35.95208925049756,126.9893688171416
EVT-0030,True,2019-08-10 06:00:00,0,0,1,35.96113574950244,126.9893688171416
EVT-0030,True,2019-08-10 06:00:00,0,1,0,35.97018224850733,126.9893688171416
EVT-0030,True,2019-08-10 06:00:00,1,0,1,35.96113574950244,127.0004664514248
EVT-0031,True,2019-08-10 22:00:00,-3,0,0,35.96113574950244,126.95607591429199
EVT-0031,True,2019-08-10 22:00:00,-2,-1,0,35.95208925049756,126.96717354857519
EVT-0031,True,2019-08-10 22:00:00,-2,0,1,35.96113574950244,126.96717354857519
EVT-0031,True,2019-08-10 22:00:00,-2,1,0,35.97018224850733,126.96717354857519
EVT-0031,True,2019-08-10 22:00:00,-1,-2,0,35.94304275149267,126.97827118285839
EVT-0031,True,2019-08-10 22:00:00,-1,-1,0,35.95208925049756,126.97827118285839
EVT-0031,True,2019-08-10 22:00:00,-1,0,0,35.96113574950244,126.97827118285839
EVT-0031,True,2019-08-10 22:00:00,-1,1,0,35.97018224850733,126.97827118285839
EVT-0031,True,2019-08-10 22:00:00,-1,2,0,35.97922874751221,126.97827118285839
EVT-0031,True,2019-08-10 22:00:00,0,-3,0,35.93399625248779,126.9893688171416
EVT-0031,True,2019-08-10 22:00:00,0,-2,0,35.94304275149267,126.9893688171416
EVT-0031,True,2019-08-10 22:00:00,0,-1,1,35.95208925049756,126.9893688171416
EVT-0031,True,2019-08-10 22:00:00,0,0,1,35.96113574950244,126.9893688171416
EVT-0031,True,2019-08-10 22:00:00,0,1,0,35.97018224850733,126.9893688171416
EVT-0031,True,2019-08-10 22:00:00,0,2,0,35.97922874751221,126.9893688171416
EVT-0031,True,2019-08-10 22:00:00,1,-2,0,35.94304275149267,127.0004664514248
EVT-0031,True,2019-08-10 22:00:00,1,-1,0,35.95208925049756,127.0004664514248
EVT-0031,True,2019-08-10 22:00:00,1,0,0,35.96113574950244,127.0004664514248
EVT-0031,True,2019-08-10 22:00:00,1,1,0,35.97018224850733,127.0004664514248
EVT-0031,True,2019-08-10 22:00:00,1,2,0,35.97922874751221,127.0004664514248
EVT-0031,True,2019-08-10 22:00:00,2,-1,0,35.95208925049756,127.011564085708
EVT-0031,True,2019-08-10 22:00:00,2,0,0,35.96113574950244,127.011564085708
EVT-0031,True,2019-08-10 22:00:00,2,1,0,35.97018224850733,127.011564085708
EVT-0031,True,2019-08-10 22:00:00,3,0,0,35.96113574950244,127.0226617199912
EVT-0032,True,2019-08-13 00:00:00,-4,-1,0,35.95208925049756,126.94497828000878
EVT-0032,True,2019-08-13 00:00:00,-3,-2,0,35.94304275149267,126.95607591429199
EVT-0032,True,2019-08-13 00:00:00,-3,-1,0,35.95208925049756,126.95607591429199
EVT-0032,True,2019-08-13 00:00:00,-3,0,0,35.96113574950244,126.95607591429199
EVT-0032,True,2019-08-13 00:00:00,-2,-3,0,35.93399625248779,126.96717354857519
EVT-0032,True,2019-08-13 00:00:00,-2,-2,0,35.94304275149267,126.96717354857519
EVT-0032,True,2019-08-13 00:00:00,-2,-1,0,35.95208925049756,126.96717354857519
EVT-0032,True,2019-08-13 00:00:00,-2,0,0,35.96113574950244,126.96717354857519
EVT-0032,True,2019-08-13 00:00:00,-2,1,0,35.97018224850733,126.96717354857519
EVT-0032,True,2019-08-13 00:00:00,-1,-2,0,35.94304275149267,126.97827118285839
EVT-0032,True,2019-08-13 00:00:00,-1,-1,0,35.95208925049756,126.97827118285839
EVT-0032,True,2019-08-13 00:00:00,-1,0,0,35.96113574950244,126.97827118285839
EVT-0032,True,2019-08-13 00:00:00,-1,1,0,35.97018224850733,126.97827118285839
EVT-0032,True,2019-08-13 00:00:00,-1,2,0,35.97922874751221,126.97827118285839
EVT-0032,True,2019-08-13 00:00:00,0,-1,0,35.95208925049756,126.9893688171416
EVT-0032,True,2019-08-13 00:00:00,0,0,0,35.96113574950244,126.9893688171416
EVT-0032,True,2019-08-13 00:00:00,0,1,0,35.97018224850733,126.9893688171416
EVT-0032,True,2019-08-13 00:00:00,1,0,1,35.96113574950244,127.0004664514248
EVT-0033,True,2019-08-19 00:00:00,-4,-3,0,35.93399625248779,126.94497828000878
EVT-0033,True,2019-08-19 00:00:00,-3,-4,0,35.9249497534829,126.95607591429199
EVT-0033,True,2019-08-19 00:00:00,-3,-3,0,35.93399625248779,126.95607591429199
EVT-0033,True,2019-08-19 00:00:00,-3,-2,0,35.94304275149267,126.95607591429199
EVT-0033,True,2019-08-19 00:00:00,-2,-5,0,35.91590325447802,126.96717354857519
EVT-0033,True,2019-08-19 00:00:00,-2,-4,1,35.9249497534829,126.96717354857519
EVT-0033,True,2019-08-19 00:00:00,-2,-3,0,35.93399625248779,126.96717354857519
EVT-0033,True,2019-08-19 00:00:00,-2,-2,0,35.94304275149267,126.96717354857519
EVT-0033,True,2019-08-19 00:00:00,-2,-1,0,35.95208925049756,126.96717354857519
EVT-0033,True,2019-08-19 00:00:00,-2,0,0,35.96113574950244,126.96717354857519
EVT-0033,True,2019-08-19 00:00:00,-1,-4,0,35.9249497534829,126.97827118285839
EVT-0033,True,2019-08-19 00:00:00,-1,-3,0,35.93399625248779,126.97827118285839
EVT-0033,True,2019-08-19 00:00:00,-1,-2,0,35.94304275149267,126.97827118285839
EVT-0033,True,2019-08-19 00:00:00,-1,-1,0,35.95208925049756,126.97827118285839
EVT-0033,True,2019-08-19 00:00:00,-1,0,0,35.96113574950244,126.97827118285839
EVT-0033,True,2019-08-19 00:00:00,-1,1,0,35.97018224850733,126.97827118285839
EVT-0033,True,2019-08-19 00:00:00,0,-3,0,35.93399625248779,126.9893688171416
EVT-0033,True,2019-08-19 00:00:00,0,-2,0,35.94304275149267,126.9893688171416
EVT-0033,True,2019-08-19 00:00:00,0,-1,0,35.95208925049756,126.9893688171416
EVT-0033,True,2019-08-19 00:00:00,0,0,1,35.96113574950244,126.9893688171416
EVT-0033,True,2019-08-19 00:00:00,0,1,0,35.97018224850733,126.9893688171416
EVT-0033,True,2019-08-19 00:00:00,0,2,0,35.97922874751221,126.9893688171416
EVT-0033,True,2019-08-19 00:00:00,1,-2,0,35.94304275149267,127.0004664514248
EVT-0033,True,2019-08-19 00:00:00,1,-1,0,35.95208925049756,127.0004664514248
EVT-0033,True,2019-08-19 00:00:00,1,0,1,35.96113574950244,127.0004664514248
EVT-0033,True,2019-08-19 00:00:00,1,1,0,35.97018224850733,127.0004664514248
EVT-0033,True,2019-08-19 00:00:00,2,-1,0,35.95208925049756,127.011564085708
EVT-0033,True,2019-08-19 00:00:00,2,0,0,35.96113574950244,127.011564085708
EVT-0034,True,2019-08-23 07:00:00,-7,-2,0,35.94304275149267,126.91168537715917
EVT-0034,True,2019-08-23 07:00:00,-6,-3,0,35.93399625248779,126.92278301144238
EVT-0034,True,2019-08-23 07:00:00,-6,-2,0,35.94304275149267,126.92278301144238
EVT-0034,True,2019-08-23 07:00:00,-6,-1,0,35.95208925049756,126.92278301144238
EVT-0034,True,2019-08-23 07:00:00,-5,-4,0,35.9249497534829,126.93388064572558
EVT-0034,True,2019-08-23 07:00:00,-5,-3,0,35.93399625248779,126.93388064572558
EVT-0034,True,2019-08-23 07:00:00,-5,-2,0,35.94304275149267,126.93388064572558
EVT-0034,True,2019-08-23 07:00:00,-5,-1,0,35.95208925049756,126.93388064572558
EVT-0034,True,2019-08-23 07:00:00,-5,0,0,35.96113574950244,126.93388064572558
EVT-0034,True,2019-08-23 07:00:00,-4,-5,0,35.91590325447802,126.94497828000878
EVT-0034,True,2019-08-23 07:00:00,-4,-4,0,35.9249497534829,126.94497828000878
EVT-0034,True,2019-08-23 07:00:00,-4,-3,0,35.93399625248779,126.94497828000878
EVT-0034,True,2019-08-23 07:00:00,-4,-2,0,35.94304275149267,126.94497828000878
EVT-0034,True,2019-08-23 07:00:00,-4,-1,0,35.95208925049756,126.94497828000878
EVT-0034,True,2019-08-23 07:00:00,-3,-6,0,35.90685675547313,126.95607591429199
EVT-0034,True,2019-08-23 07:00:00,-3,-5,0,35.91590325447802,126.95607591429199
EVT-0034,True,2019-08-23 07:00:00,-3,-4,0,35.9249497534829,126.95607591429199
EVT-0034,True,2019-08-23 07:00:00,-3,-3,0,35.93399625248779,126.95607591429199
EVT-0034,True,2019-08-23 07:00:00,-3,-2,0,35.94304275149267,126.95607591429199
EVT-0034,True,2019-08-23 07:00:00,-2,-5,0,35.91590325447802,126.96717354857519
EVT-0034,True,2019-08-23 07:00:00,-2,-4,0,35.9249497534829,126.96717354857519
EVT-0034,True,2019-08-23 07:00:00,-2,-3,0,35.93399625248779,126.96717354857519
EVT-0034,True,2019-08-23 07:00:00,-2,-2,0,35.94304275149267,126.96717354857519
EVT-0034,True,2019-08-23 07:00:00,-2,-1,0,35.95208925049756,126.96717354857519
EVT-0034,True,2019-08-23 07:00:00,-1,-4,0,35.9249497534829,126.97827118285839
EVT-0034,True,2019-08-23 07:00:00,-1,-3,0,35.93399625248779,126.97827118285839
EVT-0034,True,2019-08-23 07:00:00,-1,-2,0,35.94304275149267,126.97827118285839
EVT-0034,True,2019-08-23 07:00:00,-1,-1,0,35.95208925049756,126.97827118285839
EVT-0034,True,2019-08-23 07:00:00,-1,0,1,35.96113574950244,126.97827118285839
EVT-0034,True,2019-08-23 07:00:00,0,-3,0,35.93399625248779,126.9893688171416
EVT-0034,True,2019-08-23 07:00:00,0,-2,0,35.94304275149267,126.9893688171416
EVT-0034,True,2019-08-23 07:00:00,0,-1,0,35.95208925049756,126.9893688171416
EVT-0034,True,2019-08-23 07:00:00,0,0,1,35.96113574950244,126.9893688171416
EVT-0034,True,2019-08-23 07:00:00,0,1,0,35.97018224850733,126.9893688171416
EVT-0034,True,2019-08-23 07:00:00,1,-2,0,35.94304275149267,127.0004664514248
EVT-0034,True,2019-08-23 07:00:00,1,-1,1,35.95208925049756,127.0004664514248
EVT-0034,True,2019-08-23 07:00:00,1,0,1,35.96113574950244,127.0004664514248
EVT-0034,True,2019-08-23 07:00:00,2,-1,0,35.95208925049756,127.011564085708
EVT-0037,True,2019-08-24 23:00:00,-4,-1,0,35.95208925049756,126.94497828000878
EVT-0037,True,2019-08-24 23:00:00,-3,-2,0,35.94304275149267,126.95607591429199
EVT-0037,True,2019-08-24 23:00:00,-3,-1,0,35.95208925049756,126.95607591429199
EVT-0037,True,2019-08-24 23:00:00,-3,0,0,35.96113574950244,126.95607591429199
EVT-0037,True,2019-08-24 23:00:00,-2,-3,0,35.93399625248779,126.96717354857519
EVT-0037,True,2019-08-24 23:00:00,-2,-2,0,35.94304275149267,126.96717354857519
EVT-0037,True,2019-08-24 23:00:00,-2,-1,0,35.95208925049756,126.96717354857519
EVT-0037,True,2019-08-24 23:00:00,-2,0,0,35.96113574950244,126.96717354857519
EVT-0037,True,2019-08-24 23:00:00,-2,1,0,35.97018224850733,126.96717354857519
EVT-0037,True,2019-08-24 23:00:00,-1,-2,0,35.94304275149267,126.97827118285839
EVT-0037,True,2019-08-24 23:00:00,-1,-1,0,35.95208925049756,126.97827118285839
EVT-0037,True,2019-08-24 23:00:00,-1,0,0,35.96113574950244,126.97827118285839
EVT-0037,True,2019-08-24 23:00:00,-1,1,0,35.97018224850733,126.97827118285839
EVT-0037,True,2019-08-24 23:00:00,-1,2,0,35.97922874751221,126.97827118285839
EVT-0037,True,2019-08-24 23:00:00,0,-2,0,35.94304275149267,126.9893688171416
EVT-0037,True,2019-08-24 23:00:00,0,-1,1,35.95208925049756,126.9893688171416
EVT-0037,True,2019-08-24 23:00:00,0,0,1,35.96113574950244,126.9893688171416
EVT-0037,True,2019-08-24 23:00:00,0,1,0,35.97018224850733,126.9893688171416
EVT-0037,True,2019-08-24 23:00:00,0,2,0,35.97922874751221,126.9893688171416
EVT-0037,True,2019-08-24 23:00:00,1,-2,0,35.94304275149267,127.0004664514248
EVT-0037,True,2019-08-24 23:00:00,1,-1,0,35.95208925049756,127.0004664514248
EVT-0037,True,2019-08-24 23:00:00,1,0,1,35.96113574950244,127.0004664514248
EVT-0037,True,2019-08-24 23:00:00,1,1,0,35.97018224850733,127.0004664514248
EVT-0037,True,2019-08-24 23:00:00,1,2,0,35.97922874751221,127.0004664514248
EVT-0037,True,2019-08-24 23:00:00,2,-2,0,35.94304275149267,127.011564085708
EVT-0037,True,2019-08-24 23:00:00,2,-1,0,35.95208925049756,127.011564085708
EVT-0037,True,2019-08-24 23:00:00,2,0,0,35.96113574950244,127.011564085708
EVT-0037,True,2019-08-24 23:00:00,2,1,0,35.97018224850733,127.011564085708
EVT-0037,True,2019-08-24 23:00:00,2,2,0,35.97922874751221,127.011564085708
EVT-0037,True,2019-08-24 23:00:00,3,-1,0,35.95208925049756,127.0226617199912
EVT-0037,True,2019-08-24 23:00:00,3,0,0,35.96113574950244,127.0226617199912
EVT-0037,True,2019-08-24 23:00:00,3,1,0,35.97018224850733,127.0226617199912
EVT-0037,True,2019-08-24 23:00:00,4,0,0,35.96113574950244,127.03375935427441
EVT-0038,True,2019-08-26 01:00:00,-6,-3,0,35.93399625248779,126.92278301144238
EVT-0038,True,2019-08-26 01:00:00,-5,-4,0,35.9249497534829,126.93388064572558
EVT-0038,True,2019-08-26 01:00:00,-5,-3,0,35.93399625248779,126.93388064572558
EVT-0038,True,2019-08-26 01:00:00,-5,-2,1,35.94304275149267,126.93388064572558
EVT-0038,True,2019-08-26 01:00:00,-5,-1,0,35.95208925049756,126.93388064572558
EVT-0038,True,2019-08-26 01:00:00,-4,-5,0,35.91590325447802,126.94497828000878
EVT-0038,True,2019-08-26 01:00:00,-4,-4,0,35.9249497534829,126.94497828000878
EVT-0038,True,2019-08-26 01:00:00,-4,-3,0,35.93399625248779,126.94497828000878
EVT-0038,True,2019-08-26 01:00:00,-4,-2,1,35.94304275149267,126.94497828000878
EVT-0038,True,2019-08-26 01:00:00,-4,-1,0,35.95208925049756,126.94497828000878
EVT-0038,True,2019-08-26 01:00:00,-4,0,0,35.96113574950244,126.94497828000878
EVT-0038,True,2019-08-26 01:00:00,-3,-5,0,35.91590325447802,126.95607591429199
EVT-0038,True,2019-08-26 01:00:00,-3,-4,0,35.9249497534829,126.95607591429199
EVT-0038,True,2019-08-26 01:00:00,-3,-3,0,35.93399625248779,126.95607591429199
EVT-0038,True,2019-08-26 01:00:00,-3,-2,0,35.94304275149267,126.95607591429199
EVT-0038,True,2019-08-26 01:00:00,-3,-1,0,35.95208925049756,126.95607591429199
EVT-0038,True,2019-08-26 01:00:00,-3,0,0,35.96113574950244,126.95607591429199
EVT-0038,True,2019-08-26 01:00:00,-3,1,0,35.97018224850733,126.95607591429199
EVT-0038,True,2019-08-26 01:00:00,-2,-6,0,35.90685675547313,126.96717354857519
EVT-0038,True,2019-08-26 01:00:00,-2,-5,0,35.91590325447802,126.96717354857519
EVT-0038,True,2019-08-26 01:00:00,-2,-4,1,35.9249497534829,126.96717354857519
EVT-0038,True,2019-08-26 01:00:00,-2,-3,1,35.93399625248779,126.96717354857519
EVT-0038,True,2019-08-26 01:00:00,-2,-2,1,35.94304275149267,126.96717354857519
EVT-0038,True,2019-08-26 01:00:00,-2,-1,1,35.95208925049756,126.96717354857519
EVT-0038,True,2019-08-26 01:00:00,-2,0,0,35.96113574950244,126.96717354857519
EVT-0038,True,2019-08-26 01:00:00,-2,1,0,35.97018224850733,126.96717354857519
EVT-0038,True,2019-08-26 01:00:00,-2,2,0,35.97922874751221,126.96717354857519
EVT-0038,True,2019-08-26 01:00:00,-1,-5,0,35.91590325447802,126.97827118285839
EVT-0038,True,2019-08-26 01:00:00,-1,-4,0,35.9249497534829,126.97827118285839
EVT-0038,True,2019-08-26 01:00:00,-1,-3,0,35.93399625248779,126.97827118285839
EVT-0038,True,2019-08-26 01:00:00,-1,-2,0,35.94304275149267,126.97827118285839
EVT-0038,True,2019-08-26 01:00:00,-1,-1,1,35.95208925049756,126.97827118285839
EVT-0038,True,2019-08-26 01:00:00,-1,0,0,35.96113574950244,126.97827118285839
EVT-0038,True,2019-08-26 01:00:00,-1,1,0,35.97018224850733,126.97827118285839
EVT-0038,True,2019-08-26 01:00:00,0,-4,0,35.9249497534829,126.9893688171416
EVT-0038,True,2019-08-26 01:00:00,0,-3,0,35.93399625248779,126.9893688171416
EVT-0038,True,2019-08-26 01:00:00,0,0,0,35.96113574950244,126.9893688171416
EVT-0039,True,2019-08-28 23:00:00,-5,-4,0,35.9249497534829,126.93388064572558
EVT-0039,True,2019-08-28 23:00:00,-4,-5,0,35.91590325447802,126.94497828000878
EVT-0039,True,2019-08-28 23:00:00,-4,-4,0,35.9249497534829,126.94497828000878
EVT-0039,True,2019-08-28 23:00:00,-4,-3,0,35.93399625248779,126.94497828000878
EVT-0039,True,2019-08-28 23:00:00,-4,-1,0,35.95208925049756,126.94497828000878
EVT-0039,True,2019-08-28 23:00:00,-4,0,0,35.96113574950244,126.94497828000878
EVT-0039,True,2019-08-28 23:00:00,-3,-6,0,35.90685675547313,126.95607591429199
EVT-0039,True,2019-08-28 23:00:00,-3,-5,0,35.91590325447802,126.95607591429199
EVT-0039,True,2019-08-28 23:00:00,-3,-4,0,35.9249497534829,126.95607591429199
EVT-0039,True,2019-08-28 23:00:00,-3,-3,0,35.93399625248779,126.95607591429199
EVT-0039,True,2019-08-28 23:00:00,-3,-2,0,35.94304275149267,126.95607591429199
EVT-0039,True,2019-08-28 23:00:00,-3,-1,0,35.95208925049756,126.95607591429199
EVT-0039,True,2019-08-28 23:00:00,-3,0,0,35.96113574950244,126.95607591429199
EVT-0039,True,2019-08-28 23:00:00,-3,1,0,35.97018224850733,126.95607591429199
EVT-0039,True,2019-08-28 23:00:00,-2,-6,0,35.90685675547313,126.96717354857519
EVT-0039,True,2019-08-28 23:00:00,-2,-5,0,35.91590325447802,126.96717354857519
EVT-0039,True,2019-08-28 23:00:00,-2,-4,1,35.9249497534829,126.96717354857519
EVT-0039,True,2019-08-28 23:00:00,-2,-3,1,35.93399625248779,126.96717354857519
EVT-0039,True,2019-08-28 23:00:00,-2,-2,0,35.94304275149267,126.96717354857519
EVT-0039,True,2019-08-28 23:00:00,-2,-1,1,35.95208925049756,126.96717354857519
EVT-0039,True,2019-08-28 23:00:00,-2,0,0,35.96113574950244,126.96717354857519
EVT-0039,True,2019-08-28 23:00:00,-2,1,0,35.97018224850733,126.96717354857519
EVT-0039,True,2019-08-28 23:00:00,-2,2,0,35.97922874751221,126.96717354857519
EVT-0039,True,2019-08-28 23:00:00,-1,-5,0,35.91590325447802,126.97827118285839
EVT-0039,True,2019-08-28 23:00:00,-1,-4,0,35.9249497534829,126.97827118285839
EVT-0039,True,2019-08-28 23:00:00,-1,-3,0,35.93399625248779,126.97827118285839
EVT-0039,True,2019-08-28 23:00:00,-1,-2,0,35.94304275149267,126.97827118285839
EVT-0039,True,2019-08-28 23:00:00,-1,-1,1,35.95208925049756,126.97827118285839
EVT-0039,True,2019-08-28 23:00:00,-1,0,1,35.96113574950244,126.97827118285839
EVT-0039,True,2019-08-28 23:00:00,-1,1,0,35.97018224850733,126.97827118285839
EVT-0039,True,2019-08-28 23:00:00,-1,2,0,35.97922874751221,126.97827118285839
EVT-0039,True,2019-08-28 23:00:00,0,-4,0,35.9249497534829,126.9893688171416
EVT-0039,True,2019-08-28 23:00:00,0,-3,0,35.93399625248779,126.9893688171416
EVT-0039,True,2019-08-28 23:00:00,0,-2,0,35.94304275149267,126.9893688171416
EVT-0039,True,2019-08-28 23:00:00,0,-1,1,35.95208925049756,126.9893688171416
EVT-0039,True,2019-08-28 23:00:00,0,0,1,35.96113574950244,126.9893688171416
EVT-0039,True,2019-08-28 23:00:00,0,1,0,35.97018224850733,126.9893688171416
EVT-0039,True,2019-08-28 23:00:00,0,2,0,35.97922874751221,126.9893688171416
EVT-0039,True,2019-08-28 23:00:00,1,-3,0,35.93399625248779,127.0004664514248
EVT-0039,True,2019-08-28 23:00:00,1,-2,0,35.94304275149267,127.0004664514248
EVT-0039,True,2019-08-28 23:00:00,1,-1,0,35.95208925049756,127.0004664514248
EVT-0039,True,2019-08-28 23:00:00,1,0,0,35.96113574950244,127.0004664514248
EVT-0039,True,2019-08-28 23:00:00,1,1,0,35.97018224850733,127.0004664514248
EVT-0039,True,2019-08-28 23:00:00,1,2,0,35.97922874751221,127.0004664514248
EVT-0039,True,2019-08-28 23:00:00,2,-2,0,35.94304275149267,127.011564085708
EVT-0039,True,2019-08-28 23:00:00,2,-1,0,35.95208925049756,127.011564085708
EVT-0039,True,2019-08-28 23:00:00,2,0,1,35.96113574950244,127.011564085708
EVT-0039,True,2019-08-28 23:00:00,2,1,0,35.97018224850733,127.011564085708
EVT-0039,True,2019-08-28 23:00:00,2,2,0,35.97922874751221,127.011564085708
EVT-0039,True,2019-08-28 23:00:00,3,-1,0,35.95208925049756,127.0226617199912
EVT-0039,True,2019-08-28 23:00:00,3,0,0,35.96113574950244,127.0226617199912
EVT-0039,True,2019-08-28 23:00:00,3,1,0,35.97018224850733,127.0226617199912
EVT-0039,True,2019-08-28 23:00:00,4,0,0,35.96113574950244,127.03375935427441
EVT-0040,True,2019-08-29 00:00:00,-6,0,0,35.96113574950244,126.92278301144238
EVT-0040,True,2019-08-29 00:00:00,-5,-3,0,35.93399625248779,126.93388064572558
EVT-0040,True,2019-08-29 00:00:00,-5,-1,0,35.95208925049756,126.93388064572558
EVT-0040,True,2019-08-29 00:00:00,-5,0,0,35.96113574950244,126.93388064572558
EVT-0040,True,2019-08-29 00:00:00,-5,1,0,35.97018224850733,126.93388064572558
EVT-0040,True,2019-08-29 00:00:00,-4,-4,0,35.9249497534829,126.94497828000878
EVT-0040,True,2019-08-29 00:00:00,-4,-3,0,35.93399625248779,126.94497828000878
EVT-0040,True,2019-08-29 00:00:00,-4,-2,0,35.94304275149267,126.94497828000878
EVT-0040,True,2019-08-29 00:00:00,-4,-1,0,35.95208925049756,126.94497828000878
EVT-0040,True,2019-08-29 00:00:00,-4,0,0,35.96113574950244,126.94497828000878
EVT-0040,True,2019-08-29 00:00:00,-4,1,0,35.97018224850733,126.94497828000878
EVT-0040,True,2019-08-29 00:00:00,-4,2,0,35.97922874751221,126.94497828000878
EVT-0040,True,2019-08-29 00:00:00,-3,-5,0,35.91590325447802,126.95607591429199
EVT-0040,True,2019-08-29 00:00:00,-3,-4,0,35.9249497534829,126.95607591429199
EVT-0040,True,2019-08-29 00:00:00,-3,-3,0,35.93399625248779,126.95607591429199
EVT-0040,True,2019-08-29 00:00:00,-3,-2,1,35.94304275149267,126.95607591429199
EVT-0040,True,2019-08-29 00:00:00,-3,-1,0,35.95208925049756,126.95607591429199
EVT-0040,True,2019-08-29 00:00:00,-3,0,0,35.96113574950244,126.95607591429199
EVT-0040,True,2019-08-29 00:00:00,-3,1,0,35.97018224850733,126.95607591429199
EVT-0040,True,2019-08-29 00:00:00,-2,-5,0,35.91590325447802,126.96717354857519
EVT-0040,True,2019-08-29 00:00:00,-2,-4,0,35.9249497534829,126.96717354857519
EVT-0040,True,2019-08-29 00:00:00,-2,-3,0,35.93399625248779,126.96717354857519
EVT-0040,True,2019-08-29 00:00:00,-2,-2,0,35.94304275149267,126.96717354857519
EVT-0040,True,2019-08-29 00:00:00,-2,-1,0,35.95208925049756,126.96717354857519
EVT-0040,True,2019-08-29 00:00:00,-2,0,0,35.96113574950244,126.96717354857519
EVT-0040,True,2019-08-29 00:00:00,-2,1,0,35.97018224850733,126.96717354857519
EVT-0040,True,2019-08-29 00:00:00,-2,2,0,35.97922874751221,126.96717354857519
EVT-0040,True,2019-08-29 00:00:00,-1,-4,0,35.9249497534829,126.97827118285839
EVT-0040,True,2019-08-29 00:00:00,-1,-3,0,35.93399625248779,126.97827118285839
EVT-0040,True,2019-08-29 00:00:00,-1,-2,0,35.94304275149267,126.97827118285839
EVT-0040,True,2019-08-29 00:00:00,-1,-1,0,35.95208925049756,126.97827118285839
EVT-0040,True,2019-08-29 00:00:00,-1,0,0,35.96113574950244,126.97827118285839
EVT-0040,True,2019-08-29 00:00:00,-1,1,0,35.97018224850733,126.97827118285839
EVT-0040,True,2019-08-29 00:00:00,-1,2,0,35.97922874751221,126.97827118285839
EVT-0040,True,2019-08-29 00:00:00,0,-3,0,35.93399625248779,126.9893688171416
EVT-0040,True,2019-08-29 00:00:00,0,-2,0,35.94304275149267,126.9893688171416
EVT-0040,True,2019-08-29 00:00:00,0,-1,0,35.95208925049756,126.9893688171416
EVT-0040,True,2019-08-29 00:00:00,0,0,0,35.96113574950244,126.9893688171416
EVT-0040,True,2019-08-29 00:00:00,0,1,0,35.97018224850733,126.9893688171416
EVT-0040,True,2019-08-29 00:00:00,0,2,0,35.97922874751221,126.9893688171416
EVT-0040,True,2019-08-29 00:00:00,1,-2,0,35.94304275149267,127.0004664514248
EVT-0040,True,2019-08-29 00:00:00,1,-1,0,35.95208925049756,127.0004664514248
EVT-0040,True,2019-08-29 00:00:00,1,0,0,35.96113574950244,127.0004664514248
EVT-0040,True,2019-08-29 00:00:00,1,1,0,35.97018224850733,127.0004664514248
EVT-0040,True,2019-08-29 00:00:00,2,-1,0,35.95208925049756,127.011564085708
EVT-0040,True,2019-08-29 00:00:00,2,0,0,35.96113574950244,127.011564085708
EVT-0041,True,2019-08-30 21:00:00,-2,-1,0,35.95208925049756,126.96717354857519
EVT-0041,True,2019-08-30 21:00:00,-2,0,0,35.96113574950244,126.96717354857519
EVT-0041,True,2019-08-30 21:00:00,-1,-2,0,35.94304275149267,126.97827118285839
EVT-0041,True,2019-08-30 21:00:00,-1,-1,1,35.95208925049756,126.97827118285839
EVT-0041,True,2019-08-30 21:00:00,-1,0,1,35.96113574950244,126.97827118285839
EVT-0041,True,2019-08-30 21:00:00,-1,1,0,35.97018224850733,126.97827118285839
EVT-0041,True,2019-08-30 21:00:00,0,-3,0,35.93399625248779,126.9893688171416
EVT-0041,True,2019-08-30 21:00:00,0,-2,0,35.94304275149267,126.9893688171416
EVT-0041,True,2019-08-30 21:00:00,0,-1,1,35.95208925049756,126.9893688171416
EVT-0041,True,2019-08-30 21:00:00,0,0,1,35.96113574950244,126.9893688171416
EVT-0041,True,2019-08-30 21:00:00,0,1,0,35.97018224850733,126.9893688171416
EVT-0041,True,2019-08-30 21:00:00,0,2,0,35.97922874751221,126.9893688171416
EVT-0041,True,2019-08-30 21:00:00,1,-2,0,35.94304275149267,127.0004664514248
EVT-0041,True,2019-08-30 21:00:00,1,-1,0,35.95208925049756,127.0004664514248
EVT-0041,True,2019-08-30 21:00:00,1,0,1,35.96113574950244,127.0004664514248
EVT-0041,True,2019-08-30 21:00:00,1,1,0,35.97018224850733,127.0004664514248
EVT-0041,True,2019-08-30 21:00:00,2,-1,0,35.95208925049756,127.011564085708
EVT-0041,True,2019-08-30 21:00:00,2,0,1,35.96113574950244,127.011564085708
EVT-0043,True,2019-08-31 22:00:00,-6,-3,0,35.93399625248779,126.92278301144238
EVT-0043,True,2019-08-31 22:00:00,-5,-4,0,35.9249497534829,126.93388064572558
EVT-0043,True,2019-08-31 22:00:00,-5,-3,1,35.93399625248779,126.93388064572558
EVT-0043,True,2019-08-31 22:00:00,-5,-2,0,35.94304275149267,126.93388064572558
EVT-0043,True,2019-08-31 22:00:00,-4,-5,0,35.91590325447802,126.94497828000878
EVT-0043,True,2019-08-31 22:00:00,-4,-4,0,35.9249497534829,126.94497828000878
EVT-0043,True,2019-08-31 22:00:00,-4,-3,1,35.93399625248779,126.94497828000878
EVT-0043,True,2019-08-31 22:00:00,-4,-2,0,35.94304275149267,126.94497828000878
EVT-0043,True,2019-08-31 22:00:00,-4,-1,0,35.95208925049756,126.94497828000878
EVT-0043,True,2019-08-31 22:00:00,-3,-4,0,35.9249497534829,126.95607591429199
EVT-0043,True,2019-08-31 22:00:00,-3,-3,0,35.93399625248779,126.95607591429199
EVT-0043,True,2019-08-31 22:00:00,-3,-2,0,35.94304275149267,126.95607591429199
EVT-0043,True,2019-08-31 22:00:00,-3,-1,0,35.95208925049756,126.95607591429199
EVT-0043,True,2019-08-31 22:00:00,-3,0,0,35.96113574950244,126.95607591429199
EVT-0043,True,2019-08-31 22:00:00,-2,-5,0,35.91590325447802,126.96717354857519
EVT-0043,True,2019-08-31 22:00:00,-2,-4,0,35.9249497534829,126.96717354857519
EVT-0043,True,2019-08-31 22:00:00,-2,-3,0,35.93399625248779,126.96717354857519
EVT-0043,True,2019-08-31 22:00:00,-2,-2,0,35.94304275149267,126.96717354857519
EVT-0043,True,2019-08-31 22:00:00,-2,-1,0,35.95208925049756,126.96717354857519
EVT-0043,True,2019-08-31 22:00:00,-2,0,0,35.96113574950244,126.96717354857519
EVT-0043,True,2019-08-31 22:00:00,-2,1,0,35.97018224850733,126.96717354857519
EVT-0043,True,2019-08-31 22:00:00,-1,-4,0,35.9249497534829,126.97827118285839
EVT-0043,True,2019-08-31 22:00:00,-1,-3,0,35.93399625248779,126.97827118285839
EVT-0043,True,2019-08-31 22:00:00,-1,-2,0,35.94304275149267,126.97827118285839
EVT-0043,True,2019-08-31 22:00:00,-1,-1,0,35.95208925049756,126.97827118285839
EVT-0043,True,2019-08-31 22:00:00,-1,0,0,35.96113574950244,126.97827118285839
EVT-0043,True,2019-08-31 22:00:00,-1,1,0,35.97018224850733,126.97827118285839
EVT-0043,True,2019-08-31 22:00:00,0,-3,0,35.93399625248779,126.9893688171416
EVT-0043,True,2019-08-31 22:00:00,0,-2,0,35.94304275149267,126.9893688171416
EVT-0043,True,2019-08-31 22:00:00,0,-1,1,35.95208925049756,126.9893688171416
EVT-0043,True,2019-08-31 22:00:00,0,0,1,35.96113574950244,126.9893688171416
EVT-0043,True,2019-08-31 22:00:00,0,1,0,35.97018224850733,126.9893688171416
EVT-0043,True,2019-08-31 22:00:00,0,2,0,35.97922874751221,126.9893688171416
EVT-0043,True,2019-08-31 22:00:00,1,-2,0,35.94304275149267,127.0004664514248
EVT-0043,True,2019-08-31 22:00:00,1,-1,0,35.95208925049756,127.0004664514248
EVT-0043,True,2019-08-31 22:00:00,1,0,0,35.96113574950244,127.0004664514248
EVT-0043,True,2019-08-31 22:00:00,1,1,0,35.97018224850733,127.0004664514248
EVT-0043,True,2019-08-31 22:00:00,1,2,0,35.97922874751221,127.0004664514248
EVT-0043,True,2019-08-31 22:00:00,2,-1,0,35.95208925049756,127.011564085708
EVT-0043,True,2019-08-31 22:00:00,2,0,0,35.96113574950244,127.011564085708
EVT-0043,True,2019-08-31 22:00:00,2,1,0,35.97018224850733,127.011564085708
EVT-0043,True,2019-08-31 22:00:00,3,0,0,35.96113574950244,127.0226617199912
EVT-0044,True,2019-08-31 23:00:00,-4,-3,0,35.93399625248779,126.94497828000878
EVT-0044,True,2019-08-31 23:00:00,-3,-4,0,35.9249497534829,126.95607591429199
EVT-0044,True,2019-08-31 23:00:00,-3,-3,0,35.93399625248779,126.95607591429199
EVT-0044,True,2019-08-31 23:00:00,-3,-2,0,35.94304275149267,126.95607591429199
EVT-0044,True,2019-08-31 23:00:00,-3,-1,0,35.95208925049756,126.95607591429199
EVT-0044,True,2019-08-31 23:00:00,-3,0,0,35.96113574950244,126.95607591429199
EVT-0044,True,2019-08-31 23:00:00,-2,-5,0,35.91590325447802,126.96717354857519
EVT-0044,True,2019-08-31 23:00:00,-2,-4,0,35.9249497534829,126.96717354857519
EVT-0044,True,2019-08-31 23:00:00,-2,-3,1,35.93399625248779,126.96717354857519
EVT-0044,True,2019-08-31 23:00:00,-2,-2,0,35.94304275149267,126.96717354857519
EVT-0044,True,2019-08-31 23:00:00,-2,-1,0,35.95208925049756,126.96717354857519
EVT-0044,True,2019-08-31 23:00:00,-2,0,0,35.96113574950244,126.96717354857519
EVT-0044,True,2019-08-31 23:00:00,-2,1,0,35.97018224850733,126.96717354857519
EVT-0044,True,2019-08-31 23:00:00,-1,-4,0,35.9249497534829,126.97827118285839
EVT-0044,True,2019-08-31 23:00:00,-1,-3,0,35.93399625248779,126.97827118285839
EVT-0044,True,2019-08-31 23:00:00,-1,-2,0,35.94304275149267,126.97827118285839
EVT-0044,True,2019-08-31 23:00:00,-1,-1,0,35.95208925049756,126.97827118285839
EVT-0044,True,2019-08-31 23:00:00,-1,0,0,35.96113574950244,126.97827118285839
EVT-0044,True,2019-08-31 23:00:00,-1,1,0,35.97018224850733,126.97827118285839
EVT-0044,True,2019-08-31 23:00:00,-1,2,0,35.97922874751221,126.97827118285839
EVT-0044,True,2019-08-31 23:00:00,0,-3,0,35.93399625248779,126.9893688171416
EVT-0044,True,2019-08-31 23:00:00,0,-2,0,35.94304275149267,126.9893688171416
EVT-0044,True,2019-08-31 23:00:00,0,-1,0,35.95208925049756,126.9893688171416
EVT-0044,True,2019-08-31 23:00:00,0,0,1,35.96113574950244,126.9893688171416
EVT-0044,True,2019-08-31 23:00:00,0,1,0,35.97018224850733,126.9893688171416
EVT-0044,True,2019-08-31 23:00:00,1,-2,0,35.94304275149267,127.0004664514248
EVT-0044,True,2019-08-31 23:00:00,1,-1,0,35.95208925049756,127.0004664514248
EVT-0044,True,2019-08-31 23:00:00,1,0,1,35.96113574950244,127.0004664514248
EVT-0044,True,2019-08-31 23:00:00,1,1,0,35.97018224850733,127.0004664514248
EVT-0044,True,2019-08-31 23:00:00,1,2,0,35.97922874751221,127.0004664514248
EVT-0044,True,2019-08-31 23:00:00,2,-2,0,35.94304275149267,127.011564085708
EVT-0044,True,2019-08-31 23:00:00,2,-1,0,35.95208925049756,127.011564085708
EVT-0044,True,2019-08-31 23:00:00,2,0,0,35.96113574950244,127.011564085708
EVT-0044,True,2019-08-31 23:00:00,2,1,0,35.97018224850733,127.011564085708
EVT-0044,True,2019-08-31 23:00:00,2,2,0,35.97922874751221,127.011564085708
EVT-0044,True,2019-08-31 23:00:00,3,-1,0,35.95208925049756,127.0226617199912
EVT-0044,True,2019-08-31 23:00:00,3,0,0,35.96113574950244,127.0226617199912
EVT-0044,True,2019-08-31 23:00:00,3,1,0,35.97018224850733,127.0226617199912
EVT-0044,True,2019-08-31 23:00:00,4,0,0,35.96113574950244,127.03375935427441
EVT-0045,True,2019-09-03 22:00:00,-6,-2,0,35.94304275149267,126.92278301144238
EVT-0045,True,2019-09-03 22:00:00,-5,-3,0,35.93399625248779,126.93388064572558
EVT-0045,True,2019-09-03 22:00:00,-5,-2,0,35.94304275149267,126.93388064572558
EVT-0045,True,2019-09-03 22:00:00,-5,-1,0,35.95208925049756,126.93388064572558
EVT-0045,True,2019-09-03 22:00:00,-4,-4,0,35.9249497534829,126.94497828000878
EVT-0045,True,2019-09-03 22:00:00,-4,-3,0,35.93399625248779,126.94497828000878
EVT-0045,True,2019-09-03 22:00:00,-4,-2,1,35.94304275149267,126.94497828000878
EVT-0045,True,2019-09-03 22:00:00,-4,-1,0,35.95208925049756,126.94497828000878
EVT-0045,True,2019-09-03 22:00:00,-4,0,0,35.96113574950244,126.94497828000878
EVT-0045,True,2019-09-03 22:00:00,-3,-5,0,35.91590325447802,126.95607591429199
EVT-0045,True,2019-09-03 22:00:00,-3,-4,0,35.9249497534829,126.95607591429199
EVT-0045,True,2019-09-03 22:00:00,-3,-3,0,35.93399625248779,126.95607591429199
EVT-0045,True,2019-09-03 22:00:00,-3,-2,0,35.94304275149267,126.95607591429199
EVT-0045,True,2019-09-03 22:00:00,-3,-1,0,35.95208925049756,126.95607591429199
EVT-0045,True,2019-09-03 22:00:00,-2,-6,0,35.90685675547313,126.96717354857519
EVT-0045,True,2019-09-03 22:00:00,-2,-5,0,35.91590325447802,126.96717354857519
EVT-0045,True,2019-09-03 22:00:00,-2,-4,1,35.9249497534829,126.96717354857519
EVT-0045,True,2019-09-03 22:00:00,-2,-3,1,35.93399625248779,126.96717354857519
EVT-0045,True,2019-09-03 22:00:00,-2,-2,0,35.94304275149267,126.96717354857519
EVT-0045,True,2019-09-03 22:00:00,-2,-1,0,35.95208925049756,126.96717354857519
EVT-0045,True,2019-09-03 22:00:00,-2,0,0,35.96113574950244,126.96717354857519
EVT-0045,True,2019-09-03 22:00:00,-1,-5,0,35.91590325447802,126.97827118285839
EVT-0045,True,2019-09-03 22:00:00,-1,-4,0,35.9249497534829,126.97827118285839
EVT-0045,True,2019-09-03 22:00:00,-1,-3,0,35.93399625248779,126.97827118285839
EVT-0045,True,2019-09-03 22:00:00,-1,-2,0,35.94304275149267,126.97827118285839
EVT-0045,True,2019-09-03 22:00:00,-1,-1,0,35.95208925049756,126.97827118285839
EVT-0045,True,2019-09-03 22:00:00,-1,0,0,35.96113574950244,126.97827118285839
EVT-0045,True,2019-09-03 22:00:00,-1,1,0,35.97018224850733,126.97827118285839
EVT-0045,True,2019-09-03 22:00:00,0,-4,0,35.9249497534829,126.9893688171416
EVT-0045,True,2019-09-03 22:00:00,0,-3,0,35.93399625248779,126.9893688171416
EVT-0045,True,2019-09-03 22:00:00,0,-2,0,35.94304275149267,126.9893688171416
EVT-0045,True,2019-09-03 22:00:00,0,-1,0,35.95208925049756,126.9893688171416
EVT-0045,True,2019-09-03 22:00:00,0,0,1,35.96113574950244,126.9893688171416
EVT-0045,True,2019-09-03 22:00:00,0,1,0,35.97018224850733,126.9893688171416
EVT-0045,True,2019-09-03 22:00:00,1,-3,0,35.93399625248779,127.0004664514248
EVT-0045,True,2019-09-03 22:00:00,1,-2,0,35.94304275149267,127.0004664514248
EVT-0045,True,2019-09-03 22:00:00,1,-1,0,35.95208925049756,127.0004664514248
EVT-0045,True,2019-09-03 22:00:00,1,0,0,35.96113574950244,127.0004664514248
EVT-0045,True,2019-09-03 22:00:00,2,-1,0,35.95208925049756,127.011564085708
EVT-0046,True,2019-09-04 18:00:00,-2,-1,0,35.95208925049756,126.96717354857519
EVT-0046,True,2019-09-04 18:00:00,-2,0,0,35.96113574950244,126.96717354857519
EVT-0046,True,2019-09-04 18:00:00,-1,-2,0,35.94304275149267,126.97827118285839
EVT-0046,True,2019-09-04 18:00:00,-1,-1,0,35.95208925049756,126.97827118285839
EVT-0046,True,2019-09-04 18:00:00,-1,0,0,35.96113574950244,126.97827118285839
EVT-0046,True,2019-09-04 18:00:00,-1,1,0,35.97018224850733,126.97827118285839
EVT-0046,True,2019-09-04 18:00:00,0,-3,0,35.93399625248779,126.9893688171416
EVT-0046,True,2019-09-04 18:00:00,0,-2,0,35.94304275149267,126.9893688171416
EVT-0046,True,2019-09-04 18:00:00,0,-1,0,35.95208925049756,126.9893688171416
EVT-0046,True,2019-09-04 18:00:00,0,0,0,35.96113574950244,126.9893688171416
EVT-0046,True,2019-09-04 18:00:00,0,1,0,35.97018224850733,126.9893688171416
EVT-0046,True,2019-09-04 18:00:00,0,2,0,35.97922874751221,126.9893688171416
EVT-0046,True,2019-09-04 18:00:00,1,-2,0,35.94304275149267,127.0004664514248
EVT-0046,True,2019-09-04 18:00:00,1,-1,0,35.95208925049756,127.0004664514248
EVT-0046,True,2019-09-04 18:00:00,1,0,1,35.96113574950244,127.0004664514248
EVT-0046,True,2019-09-04 18:00:00,1,1,0,35.97018224850733,127.0004664514248
EVT-0046,True,2019-09-04 18:00:00,2,-1,0,35.95208925049756,127.011564085708
EVT-0046,True,2019-09-04 18:00:00,2,0,0,35.96113574950244,127.011564085708
EVT-0047,True,2019-09-04 19:00:00,-6,-2,0,35.94304275149267,126.92278301144238
EVT-0047,True,2019-09-04 19:00:00,-5,-3,0,35.93399625248779,126.93388064572558
EVT-0047,True,2019-09-04 19:00:00,-5,-2,0,35.94304275149267,126.93388064572558
EVT-0047,True,2019-09-04 19:00:00,-5,-1,0,35.95208925049756,126.93388064572558
EVT-0047,True,2019-09-04 19:00:00,-4,-4,0,35.9249497534829,126.94497828000878
EVT-0047,True,2019-09-04 19:00:00,-4,-3,0,35.93399625248779,126.94497828000878
EVT-0047,True,2019-09-04 19:00:00,-4,-2,0,35.94304275149267,126.94497828000878
EVT-0047,True,2019-09-04 19:00:00,-4,-1,0,35.95208925049756,126.94497828000878
EVT-0047,True,2019-09-04 19:00:00,-4,0,0,35.96113574950244,126.94497828000878
EVT-0047,True,2019-09-04 19:00:00,-3,-4,0,35.9249497534829,126.95607591429199
EVT-0047,True,2019-09-04 19:00:00,-3,-3,0,35.93399625248779,126.95607591429199
EVT-0047,True,2019-09-04 19:00:00,-3,-2,0,35.94304275149267,126.95607591429199
EVT-0047,True,2019-09-04 19:00:00,-3,-1,0,35.95208925049756,126.95607591429199
EVT-0047,True,2019-09-04 19:00:00,-3,0,0,35.96113574950244,126.95607591429199
EVT-0047,True,2019-09-04 19:00:00,-2,-5,0,35.91590325447802,126.96717354857519
EVT-0047,True,2019-09-04 19:00:00,-2,-4,0,35.9249497534829,126.96717354857519
EVT-0047,True,2019-09-04 19:00:00,-2,-3,0,35.93399625248779,126.96717354857519
EVT-0047,True,2019-09-04 19:00:00,-2,-2,0,35.94304275149267,126.96717354857519
EVT-0047,True,2019-09-04 19:00:00,-2,-1,0,35.95208925049756,126.96717354857519
EVT-0047,True,2019-09-04 19:00:00,-2,0,0,35.96113574950244,126.96717354857519
EVT-0047,True,2019-09-04 19:00:00,-2,1,0,35.97018224850733,126.96717354857519
EVT-0047,True,2019-09-04 19:00:00,-1,-4,0,35.9249497534829,126.97827118285839
EVT-0047,True,2019-09-04 19:00:00,-1,-3,0,35.93399625248779,126.97827118285839
EVT-0047,True,2019-09-04 19:00:00,-1,-2,0,35.94304275149267,126.97827118285839
EVT-0047,True,2019-09-04 19:00:00,-1,-1,0,35.95208925049756,126.97827118285839
EVT-0047,True,2019-09-04 19:00:00,-1,0,1,35.96113574950244,126.97827118285839
EVT-0047,True,2019-09-04 19:00:00,-1,1,0,35.97018224850733,126.97827118285839
EVT-0047,True,2019-09-04 19:00:00,-1,2,0,35.97922874751221,126.97827118285839
EVT-0047,True,2019-09-04 19:00:00,0,-3,0,35.93399625248779,126.9893688171416
EVT-0047,True,2019-09-04 19:00:00,0,-2,0,35.94304275149267,126.9893688171416
EVT-0047,True,2019-09-04 19:00:00,0,-1,0,35.95208925049756,126.9893688171416
EVT-0047,True,2019-09-04 19:00:00,0,0,0,35.96113574950244,126.9893688171416
EVT-0047,True,2019-09-04 19:00:00,0,1,0,35.97018224850733,126.9893688171416
EVT-0047,True,2019-09-04 19:00:00,0,2,0,35.97922874751221,126.9893688171416
EVT-0047,True,2019-09-04 19:00:00,1,-2,0,35.94304275149267,127.0004664514248
EVT-0047,True,2019-09-04 19:00:00,1,-1,0,35.95208925049756,127.0004664514248
EVT-0047,True,2019-09-04 19:00:00,1,0,1,35.96113574950244,127.0004664514248
EVT-0047,True,2019-09-04 19:00:00,1,1,0,35.97018224850733,127.0004664514248
EVT-0047,True,2019-09-04 19:00:00,1,2,0,35.97922874751221,127.0004664514248
EVT-0047,True,2019-09-04 19:00:00,2,-1,0,35.95208925049756,127.011564085708
EVT-0047,True,2019-09-04 19:00:00,2,0,0,35.96113574950244,127.011564085708
EVT-0047,True,2019-09-04 19:00:00,2,1,0,35.97018224850733,127.011564085708
EVT-0047,True,2019-09-04 19:00:00,3,0,0,35.96113574950244,127.0226617199912
EVT-0048,True,2019-09-04 23:00:00,-5,-3,0,35.93399625248779,126.93388064572558
EVT-0048,True,2019-09-04 23:00:00,-4,-4,0,35.9249497534829,126.94497828000878
EVT-0048,True,2019-09-04 23:00:00,-4,-3,0,35.93399625248779,126.94497828000878
EVT-0048,True,2019-09-04 23:00:00,-4,-2,0,35.94304275149267,126.94497828000878
EVT-0048,True,2019-09-04 23:00:00,-3,-5,0,35.91590325447802,126.95607591429199
EVT-0048,True,2019-09-04 23:00:00,-3,-4,0,35.9249497534829,126.95607591429199
EVT-0048,True,2019-09-04 23:00:00,-3,-3,1,35.93399625248779,126.95607591429199
EVT-0048,True,2019-09-04 23:00:00,-3,-2,0,35.94304275149267,126.95607591429199
EVT-0048,True,2019-09-04 23:00:00,-3,-1,0,35.95208925049756,126.95607591429199
EVT-0048,True,2019-09-04 23:00:00,-2,-6,0,35.90685675547313,126.96717354857519
EVT-0048,True,2019-09-04 23:00:00,-2,-5,0,35.91590325447802,126.96717354857519
EVT-0048,True,2019-09-04 23:00:00,-2,-4,1,35.9249497534829,126.96717354857519
EVT-0048,True,2019-09-04 23:00:00,-2,-3,1,35.93399625248779,126.96717354857519
EVT-0048,True,2019-09-04 23:00:00,-2,-2,0,35.94304275149267,126.96717354857519
EVT-0048,True,2019-09-04 23:00:00,-2,-1,0,35.95208925049756,126.96717354857519
EVT-0048,True,2019-09-04 23:00:00,-1,-5,0,35.91590325447802,126.97827118285839
EVT-0048,True,2019-09-04 23:00:00,-1,-4,0,35.9249497534829,126.97827118285839
EVT-0048,True,2019-09-04 23:00:00,-1,-3,1,35.93399625248779,126.97827118285839
EVT-0048,True,2019-09-04 23:00:00,-1,-2,0,35.94304275149267,126.97827118285839
EVT-0048,True,2019-09-04 23:00:00,-1,-1,0,35.95208925049756,126.97827118285839
EVT-0048,True,2019-09-04 23:00:00,0,-4,0,35.9249497534829,126.9893688171416
EVT-0048,True,2019-09-04 23:00:00,0,-3,0,35.93399625248779,126.9893688171416
EVT-0048,True,2019-09-04 23:00:00,0,-2,0,35.94304275149267,126.9893688171416
EVT-0048,True,2019-09-04 23:00:00,1,-3,0,35.93399625248779,127.0004664514248
EVT-0049,True,2019-09-05 09:00:00,-7,-2,0,35.94304275149267,126.91168537715917
EVT-0049,True,2019-09-05 09:00:00,-6,-3,0,35.93399625248779,126.92278301144238
EVT-0049,True,2019-09-05 09:00:00,-6,-2,0,35.94304275149267,126.92278301144238
EVT-0049,True,2019-09-05 09:00:00,-6,-1,0,35.95208925049756,126.92278301144238
EVT-0049,True,2019-09-05 09:00:00,-5,-4,0,35.9249497534829,126.93388064572558
EVT-0049,True,2019-09-05 09:00:00,-5,-3,0,35.93399625248779,126.93388064572558
EVT-0049,True,2019-09-05 09:00:00,-5,-2,0,35.94304275149267,126.93388064572558
EVT-0049,True,2019-09-05 09:00:00,-5,-1,0,35.95208925049756,126.93388064572558
EVT-0049,True,2019-09-05 09:00:00,-5,0,0,35.96113574950244,126.93388064572558
EVT-0049,True,2019-09-05 09:00:00,-4,-4,0,35.9249497534829,126.94497828000878
EVT-0049,True,2019-09-05 09:00:00,-4,-3,1,35.93399625248779,126.94497828000878
EVT-0049,True,2019-09-05 09:00:00,-4,-2,1,35.94304275149267,126.94497828000878
EVT-0049,True,2019-09-05 09:00:00,-4,-1,0,35.95208925049756,126.94497828000878
EVT-0049,True,2019-09-05 09:00:00,-4,0,0,35.96113574950244,126.94497828000878
EVT-0049,True,2019-09-05 09:00:00,-3,-5,0,35.91590325447802,126.95607591429199
EVT-0049,True,2019-09-05 09:00:00,-3,-4,0,35.9249497534829,126.95607591429199
EVT-0049,True,2019-09-05 09:00:00,-3,-3,0,35.93399625248779,126.95607591429199
EVT-0049,True,2019-09-05 09:00:00,-3,-2,0,35.94304275149267,126.95607591429199
EVT-0049,True,2019-09-05 09:00:00,-3,-1,0,35.95208925049756,126.95607591429199
EVT-0049,True,2019-09-05 09:00:00,-3,0,0,35.96113574950244,126.95607591429199
EVT-0049,True,2019-09-05 09:00:00,-2,-4,0,35.9249497534829,126.96717354857519
EVT-0049,True,2019-09-05 09:00:00,-2,-3,0,35.93399625248779,126.96717354857519
EVT-0049,True,2019-09-05 09:00:00,-2,-2,0,35.94304275149267,126.96717354857519
EVT-0049,True,2019-09-05 09:00:00,-2,-1,0,35.95208925049756,126.96717354857519
EVT-0049,True,2019-09-05 09:00:00,-2,0,0,35.96113574950244,126.96717354857519
EVT-0049,True,2019-09-05 09:00:00,-2,1,0,35.97018224850733,126.96717354857519
EVT-0049,True,2019-09-05 09:00:00,-1,-3,0,35.93399625248779,126.97827118285839
EVT-0049,True,2019-09-05 09:00:00,-1,-2,0,35.94304275149267,126.97827118285839
EVT-0049,True,2019-09-05 09:00:00,-1,-1,0,35.95208925049756,126.97827118285839
EVT-0049,True,2019-09-05 09:00:00,-1,0,0,35.96113574950244,126.97827118285839
EVT-0049,True,2019-09-05 09:00:00,-1,1,0,35.97018224850733,126.97827118285839
EVT-0049,True,2019-09-05 09:00:00,-1,2,0,35.97922874751221,126.97827118285839
EVT-0049,True,2019-09-05 09:00:00,0,-3,0,35.93399625248779,126.9893688171416
EVT-0049,True,2019-09-05 09:00:00,0,-2,0,35.94304275149267,126.9893688171416
EVT-0049,True,2019-09-05 09:00:00,0,-1,1,35.95208925049756,126.9893688171416
EVT-0049,True,2019-09-05 09:00:00,0,0,1,35.96113574950244,126.9893688171416
EVT-0049,True,2019-09-05 09:00:00,0,1,0,35.97018224850733,126.9893688171416
EVT-0049,True,2019-09-05 09:00:00,0,2,0,35.97922874751221,126.9893688171416
EVT-0049,True,2019-09-05 09:00:00,1,-2,0,35.94304275149267,127.0004664514248
EVT-0049,True,2019-09-05 09:00:00,1,-1,0,35.95208925049756,127.0004664514248
EVT-0049,True,2019-09-05 09:00:00,1,0,0,35.96113574950244,127.0004664514248
EVT-0049,True,2019-09-05 09:00:00,1,1,0,35.97018224850733,127.0004664514248
EVT-0049,True,2019-09-05 09:00:00,2,-1,0,35.95208925049756,127.011564085708
EVT-0049,True,2019-09-05 09:00:00,2,0,0,35.96113574950244,127.011564085708
EVT-0050,True,2019-09-10 20:00:00,-3,-3,0,35.93399625248779,126.95607591429199
EVT-0050,True,2019-09-10 20:00:00,-3,0,0,35.96113574950244,126.95607591429199
EVT-0050,True,2019-09-10 20:00:00,-2,-4,0,35.9249497534829,126.96717354857519
EVT-0050,True,2019-09-10 20:00:00,-2,-3,0,35.93399625248779,126.96717354857519
EVT-0050,True,2019-09-10 20:00:00,-2,-2,0,35.94304275149267,126.96717354857519
EVT-0050,True,2019-09-10 20:00:00,-2,-1,0,35.95208925049756,126.96717354857519
EVT-0050,True,2019-09-10 20:00:00,-2,0,0,35.96113574950244,126.96717354857519
EVT-0050,True,2019-09-10 20:00:00,-2,1,0,35.97018224850733,126.96717354857519
EVT-0050,True,2019-09-10 20:00:00,-1,-5,0,35.91590325447802,126.97827118285839
EVT-0050,True,2019-09-10 20:00:00,-1,-4,0,35.9249497534829,126.97827118285839
EVT-0050,True,2019-09-10 20:00:00,-1,-3,0,35.93399625248779,126.97827118285839
EVT-0050,True,2019-09-10 20:00:00,-1,-2,0,35.94304275149267,126.97827118285839
EVT-0050,True,2019-09-10 20:00:00,-1,-1,0,35.95208925049756,126.97827118285839
EVT-0050,True,2019-09-10 20:00:00,-1,0,0,35.96113574950244,126.97827118285839
EVT-0050,True,2019-09-10 20:00:00,-1,1,0,35.97018224850733,126.97827118285839
EVT-0050,True,2019-09-10 20:00:00,-1,2,0,35.97922874751221,126.97827118285839
EVT-0050,True,2019-09-10 20:00:00,0,-4,0,35.9249497534829,126.9893688171416
EVT-0050,True,2019-09-10 20:00:00,0,-3,0,35.93399625248779,126.9893688171416
EVT-0050,True,2019-09-10 20:00:00,0,-2,0,35.94304275149267,126.9893688171416
EVT-0050,True,2019-09-10 20:00:00,0,-1,1,35.95208925049756,126.9893688171416
EVT-0050,True,2019-09-10 20:00:00,0,0,0,35.96113574950244,126.9893688171416
EVT-0050,True,2019-09-10 20:00:00,0,1,0,35.97018224850733,126.9893688171416
EVT-0050,True,2019-09-10 20:00:00,0,2,0,35.97922874751221,126.9893688171416
EVT-0050,True,2019-09-10 20:00:00,1,-3,0,35.93399625248779,127.0004664514248
EVT-0050,True,2019-09-10 20:00:00,1,-2,0,35.94304275149267,127.0004664514248
EVT-0050,True,2019-09-10 20:00:00,1,-1,0,35.95208925049756,127.0004664514248
EVT-0050,True,2019-09-10 20:00:00,1,0,0,35.96113574950244,127.0004664514248
EVT-0050,True,2019-09-10 20:00:00,1,1,0,35.97018224850733,127.0004664514248
EVT-0050,True,2019-09-10 20:00:00,2,-1,0,35.95208925049756,127.011564085708
EVT-0050,True,2019-09-10 20:00:00,2,0,0,35.96113574950244,127.011564085708
EVT-0052,True,2019-09-17 00:00:00,-6,-2,0,35.94304275149267,126.92278301144238
EVT-0052,True,2019-09-17 00:00:00,-5,-3,0,35.93399625248779,126.93388064572558
EVT-0052,True,2019-09-17 00:00:00,-5,-2,0,35.94304275149267,126.93388064572558
EVT-0052,True,2019-09-17 00:00:00,-5,-1,0,35.95208925049756,126.93388064572558
EVT-0052,True,2019-09-17 00:00:00,-4,-4,0,35.9249497534829,126.94497828000878
EVT-0052,True,2019-09-17 00:00:00,-4,-3,0,35.93399625248779,126.94497828000878
EVT-0052,True,2019-09-17 00:00:00,-4,-2,0,35.94304275149267,126.94497828000878
EVT-0052,True,2019-09-17 00:00:00,-4,-1,0,35.95208925049756,126.94497828000878
EVT-0052,True,2019-09-17 00:00:00,-4,0,0,35.96113574950244,126.94497828000878
EVT-0052,True,2019-09-17 00:00:00,-3,-5,0,35.91590325447802,126.95607591429199
EVT-0052,True,2019-09-17 00:00:00,-3,-4,0,35.9249497534829,126.95607591429199
EVT-0052,True,2019-09-17 00:00:00,-3,-3,0,35.93399625248779,126.95607591429199
EVT-0052,True,2019-09-17 00:00:00,-3,-2,0,35.94304275149267,126.95607591429199
EVT-0052,True,2019-09-17 00:00:00,-3,-1,0,35.95208925049756,126.95607591429199
EVT-0052,True,2019-09-17 00:00:00,-3,0,0,35.96113574950244,126.95607591429199
EVT-0052,True,2019-09-17 00:00:00,-2,-5,0,35.91590325447802,126.96717354857519
EVT-0052,True,2019-09-17 00:00:00,-2,-4,0,35.9249497534829,126.96717354857519
EVT-0052,True,2019-09-17 00:00:00,-2,-3,0,35.93399625248779,126.96717354857519
EVT-0052,True,2019-09-17 00:00:00,-2,-2,0,35.94304275149267,126.96717354857519
EVT-0052,True,2019-09-17 00:00:00,-2,-1,0,35.95208925049756,126.96717354857519
EVT-0052,True,2019-09-17 00:00:00,-2,0,0,35.96113574950244,126.96717354857519
EVT-0052,True,2019-09-17 00:00:00,-2,1,0,35.97018224850733,126.96717354857519
EVT-0052,True,2019-09-17 00:00:00,-1,-4,0,35.9249497534829,126.97827118285839
EVT-0052,True,2019-09-17 00:00:00,-1,-3,0,35.93399625248779,126.97827118285839
EVT-0052,True,2019-09-17 00:00:00,-1,-2,0,35.94304275149267,126.97827118285839
EVT-0052,True,2019-09-17 00:00:00,-1,-1,1,35.95208925049756,126.97827118285839
EVT-0052,True,2019-09-17 00:00:00,-1,0,0,35.96113574950244,126.97827118285839
EVT-0052,True,2019-09-17 00:00:00,-1,1,0,35.97018224850733,126.97827118285839
EVT-0052,True,2019-09-17 00:00:00,0,-3,0,35.93399625248779,126.9893688171416
EVT-0052,True,2019-09-17 00:00:00,0,-2,0,35.94304275149267,126.9893688171416
EVT-0052,True,2019-09-17 00:00:00,0,-1,0,35.95208925049756,126.9893688171416
EVT-0052,True,2019-09-17 00:00:00,0,0,0,35.96113574950244,126.9893688171416
EVT-0052,True,2019-09-17 00:00:00,0,1,0,35.97018224850733,126.9893688171416
EVT-0052,True,2019-09-17 00:00:00,0,2,0,35.97922874751221,126.9893688171416
EVT-0052,True,2019-09-17 00:00:00,1,-2,0,35.94304275149267,127.0004664514248
EVT-0052,True,2019-09-17 00:00:00,1,-1,0,35.95208925049756,127.0004664514248
EVT-0052,True,2019-09-17 00:00:00,1,0,0,35.96113574950244,127.0004664514248
EVT-0052,True,2019-09-17 00:00:00,1,1,0,35.97018224850733,127.0004664514248
EVT-0052,True,2019-09-17 00:00:00,2,-2,0,35.94304275149267,127.011564085708
EVT-0052,True,2019-09-17 00:00:00,2,-1,0,35.95208925049756,127.011564085708
EVT-0052,True,2019-09-17 00:00:00,2,0,0,35.96113574950244,127.011564085708
EVT-0052,True,2019-09-17 00:00:00,2,1,1,35.97018224850733,127.011564085708
EVT-0052,True,2019-09-17 00:00:00,2,2,0,35.97922874751221,127.011564085708
EVT-0052,True,2019-09-17 00:00:00,3,-1,0,35.95208925049756,127.0226617199912
EVT-0052,True,2019-09-17 00:00:00,3,0,0,35.96113574950244,127.0226617199912
EVT-0052,True,2019-09-17 00:00:00,3,1,0,35.97018224850733,127.0226617199912
EVT-0052,True,2019-09-17 00:00:00,4,0,0,35.96113574950244,127.03375935427441
EVT-0053,True,2019-10-01 16:00:00,-3,-1,0,35.95208925049756,126.95607591429199
EVT-0053,True,2019-10-01 16:00:00,-3,0,0,35.96113574950244,126.95607591429199
EVT-0053,True,2019-10-01 16:00:00,-2,-2,0,35.94304275149267,126.96717354857519
EVT-0053,True,2019-10-01 16:00:00,-2,-1,0,35.95208925049756,126.96717354857519
EVT-0053,True,2019-10-01 16:00:00,-2,0,0,35.96113574950244,126.96717354857519
EVT-0053,True,2019-10-01 16:00:00,-2,1,0,35.97018224850733,126.96717354857519
EVT-0053,True,2019-10-01 16:00:00,-1,-3,0,35.93399625248779,126.97827118285839
EVT-0053,True,2019-10-01 16:00:00,-1,-2,0,35.94304275149267,126.97827118285839
EVT-0053,True,2019-10-01 16:00:00,-1,-1,1,35.95208925049756,126.97827118285839
EVT-0053,True,2019-10-01 16:00:00,-1,0,1,35.96113574950244,126.97827118285839
EVT-0053,True,2019-10-01 16:00:00,-1,1,0,35.97018224850733,126.97827118285839
EVT-0053,True,2019-10-01 16:00:00,-1,2,0,35.97922874751221,126.97827118285839
EVT-0053,True,2019-10-01 16:00:00,0,-3,0,35.93399625248779,126.9893688171416
EVT-0053,True,2019-10-01 16:00:00,0,-2,0,35.94304275149267,126.9893688171416
EVT-0053,True,2019-10-01 16:00:00,0,-1,0,35.95208925049756,126.9893688171416
EVT-0053,True,2019-10-01 16:00:00,0,0,1,35.96113574950244,126.9893688171416
EVT-0053,True,2019-10-01 16:00:00,0,1,0,35.97018224850733,126.9893688171416
EVT-0053,True,2019-10-01 16:00:00,0,2,0,35.97922874751221,126.9893688171416
EVT-0053,True,2019-10-01 16:00:00,1,-2,0,35.94304275149267,127.0004664514248
EVT-0053,True,2019-10-01 16:00:00,1,-1,1,35.95208925049756,127.0004664514248
EVT-0053,True,2019-10-01 16:00:00,1,0,1,35.96113574950244,127.0004664514248
EVT-0053,True,2019-10-01 16:00:00,1,1,0,35.97018224850733,127.0004664514248
EVT-0053,True,2019-10-01 16:00:00,2,-1,0,35.95208925049756,127.011564085708
EVT-0053,True,2019-10-01 16:00:00,2,0,0,35.96113574950244,127.011564085708
EVT-0056,True,2020-07-06 07:00:00,-6,-2,0,35.94304275149267,126.92278301144238
EVT-0056,True,2020-07-06 07:00:00,-5,-3,0,35.93399625248779,126.93388064572558
EVT-0056,True,2020-07-06 07:00:00,-5,-2,0,35.94304275149267,126.93388064572558
EVT-0056,True,2020-07-06 07:00:00,-5,-1,0,35.95208925049756,126.93388064572558
EVT-0056,True,2020-07-06 07:00:00,-4,-4,0,35.9249497534829,126.94497828000878
EVT-0056,True,2020-07-06 07:00:00,-4,-3,0,35.93399625248779,126.94497828000878
EVT-0056,True,2020-07-06 07:00:00,-4,-2,0,35.94304275149267,126.94497828000878
EVT-0056,True,2020-07-06 07:00:00,-4,-1,0,35.95208925049756,126.94497828000878
EVT-0056,True,2020-07-06 07:00:00,-4,0,0,35.96113574950244,126.94497828000878
EVT-0056,True,2020-07-06 07:00:00,-3,-3,0,35.93399625248779,126.95607591429199
EVT-0056,True,2020-07-06 07:00:00,-3,-2,0,35.94304275149267,126.95607591429199
EVT-0056,True,2020-07-06 07:00:00,-3,-1,0,35.95208925049756,126.95607591429199
EVT-0056,True,2020-07-06 07:00:00,-3,0,0,35.96113574950244,126.95607591429199
EVT-0056,True,2020-07-06 07:00:00,-2,-4,0,35.9249497534829,126.96717354857519
EVT-0056,True,2020-07-06 07:00:00,-2,-3,0,35.93399625248779,126.96717354857519
EVT-0056,True,2020-07-06 07:00:00,-2,-2,0,35.94304275149267,126.96717354857519
EVT-0056,True,2020-07-06 07:00:00,-2,-1,0,35.95208925049756,126.96717354857519
EVT-0056,True,2020-07-06 07:00:00,-2,0,0,35.96113574950244,126.96717354857519
EVT-0056,True,2020-07-06 07:00:00,-2,1,0,35.97018224850733,126.96717354857519
EVT-0056,True,2020-07-06 07:00:00,-1,-3,0,35.93399625248779,126.97827118285839
EVT-0056,True,2020-07-06 07:00:00,-1,-2,0,35.94304275149267,126.97827118285839
EVT-0056,True,2020-07-06 07:00:00,-1,-1,0,35.95208925049756,126.97827118285839
EVT-0056,True,2020-07-06 07:00:00,-1,0,1,35.96113574950244,126.97827118285839
EVT-0056,True,2020-07-06 07:00:00,-1,1,0,35.97018224850733,126.97827118285839
EVT-0056,True,2020-07-06 07:00:00,0,-3,0,35.93399625248779,126.9893688171416
EVT-0056,True,2020-07-06 07:00:00,0,-2,0,35.94304275149267,126.9893688171416
EVT-0056,True,2020-07-06 07:00:00,0,-1,0,35.95208925049756,126.9893688171416
EVT-0056,True,2020-07-06 07:00:00,0,0,1,35.96113574950244,126.9893688171416
EVT-0056,True,2020-07-06 07:00:00,0,1,0,35.97018224850733,126.9893688171416
EVT-0056,True,2020-07-06 07:00:00,0,2,0,35.97922874751221,126.9893688171416
EVT-0056,True,2020-07-06 07:00:00,1,-2,0,35.94304275149267,127.0004664514248
EVT-0056,True,2020-07-06 07:00:00,1,-1,0,35.95208925049756,127.0004664514248
EVT-0056,True,2020-07-06 07:00:00,1,0,1,35.96113574950244,127.0004664514248
EVT-0056,True,2020-07-06 07:00:00,1,1,0,35.97018224850733,127.0004664514248
EVT-0056,True,2020-07-06 07:00:00,1,2,0,35.97922874751221,127.0004664514248
EVT-0056,True,2020-07-06 07:00:00,2,-1,0,35.95208925049756,127.011564085708
EVT-0056,True,2020-07-06 07:00:00,2,0,0,35.96113574950244,127.011564085708
EVT-0056,True,2020-07-06 07:00:00,2,1,0,35.97018224850733,127.011564085708
EVT-0056,True,2020-07-06 07:00:00,3,0,0,35.96113574950244,127.0226617199912
EVT-0057,True,2020-07-23 08:00:00,-4,-1,0,35.95208925049756,126.94497828000878
EVT-0057,True,2020-07-23 08:00:00,-3,-2,0,35.94304275149267,126.95607591429199
EVT-0057,True,2020-07-23 08:00:00,-3,-1,0,35.95208925049756,126.95607591429199
EVT-0057,True,2020-07-23 08:00:00,-3,0,0,35.96113574950244,126.95607591429199
EVT-0057,True,2020-07-23 08:00:00,-2,-3,1,35.93399625248779,126.96717354857519
EVT-0057,True,2020-07-23 08:00:00,-2,-2,0,35.94304275149267,126.96717354857519
EVT-0057,True,2020-07-23 08:00:00,-2,-1,0,35.95208925049756,126.96717354857519
EVT-0057,True,2020-07-23 08:00:00,-2,0,0,35.96113574950244,126.96717354857519
EVT-0057,True,2020-07-23 08:00:00,-2,1,0,35.97018224850733,126.96717354857519
EVT-0057,True,2020-07-23 08:00:00,-1,-2,0,35.94304275149267,126.97827118285839
EVT-0057,True,2020-07-23 08:00:00,-1,-1,0,35.95208925049756,126.97827118285839
EVT-0057,True,2020-07-23 08:00:00,-1,0,0,35.96113574950244,126.97827118285839
EVT-0057,True,2020-07-23 08:00:00,-1,1,0,35.97018224850733,126.97827118285839
EVT-0057,True,2020-07-23 08:00:00,-1,2,0,35.97922874751221,126.97827118285839
EVT-0057,True,2020-07-23 08:00:00,0,-3,0,35.93399625248779,126.9893688171416
EVT-0057,True,2020-07-23 08:00:00,0,-2,0,35.94304275149267,126.9893688171416
EVT-0057,True,2020-07-23 08:00:00,0,-1,0,35.95208925049756,126.9893688171416
EVT-0057,True,2020-07-23 08:00:00,0,0,1,35.96113574950244,126.9893688171416
EVT-0057,True,2020-07-23 08:00:00,0,1,0,35.97018224850733,126.9893688171416
EVT-0057,True,2020-07-23 08:00:00,0,2,0,35.97922874751221,126.9893688171416
EVT-0057,True,2020-07-23 08:00:00,1,-2,0,35.94304275149267,127.0004664514248
EVT-0057,True,2020-07-23 08:00:00,1,-1,0,35.95208925049756,127.0004664514248
EVT-0057,True,2020-07-23 08:00:00,1,0,1,35.96113574950244,127.0004664514248
EVT-0057,True,2020-07-23 08:00:00,1,1,0,35.97018224850733,127.0004664514248
EVT-0057,True,2020-07-23 08:00:00,1,2,0,35.97922874751221,127.0004664514248
EVT-0057,True,2020-07-23 08:00:00,2,-1,0,35.95208925049756,127.011564085708
EVT-0057,True,2020-07-23 08:00:00,2,0,0,35.96113574950244,127.011564085708
EVT-0057,True,2020-07-23 08:00:00,2,1,0,35.97018224850733,127.011564085708
EVT-0057,True,2020-07-23 08:00:00,3,0,0,35.96113574950244,127.0226617199912
EVT-0059,True,2020-08-01 21:00:00,-4,-3,0,35.93399625248779,126.94497828000878
EVT-0059,True,2020-08-01 21:00:00,-4,0,0,35.96113574950244,126.94497828000878
EVT-0059,True,2020-08-01 21:00:00,-3,-4,0,35.9249497534829,126.95607591429199
EVT-0059,True,2020-08-01 21:00:00,-3,-3,0,35.93399625248779,126.95607591429199
EVT-0059,True,2020-08-01 21:00:00,-3,-2,0,35.94304275149267,126.95607591429199
EVT-0059,True,2020-08-01 21:00:00,-3,-1,0,35.95208925049756,126.95607591429199
EVT-0059,True,2020-08-01 21:00:00,-3,0,0,35.96113574950244,126.95607591429199
EVT-0059,True,2020-08-01 21:00:00,-3,1,0,35.97018224850733,126.95607591429199
EVT-0059,True,2020-08-01 21:00:00,-2,-5,0,35.91590325447802,126.96717354857519
EVT-0059,True,2020-08-01 21:00:00,-2,-4,0,35.9249497534829,126.96717354857519
EVT-0059,True,2020-08-01 21:00:00,-2,-3,1,35.93399625248779,126.96717354857519
EVT-0059,True,2020-08-01 21:00:00,-2,-2,0,35.94304275149267,126.96717354857519
EVT-0059,True,2020-08-01 21:00:00,-2,-1,0,35.95208925049756,126.96717354857519
EVT-0059,True,2020-08-01 21:00:00,-2,0,1,35.96113574950244,126.96717354857519
EVT-0059,True,2020-08-01 21:00:00,-2,1,0,35.97018224850733,126.96717354857519
EVT-0059,True,2020-08-01 21:00:00,-2,2,0,35.97922874751221,126.96717354857519
EVT-0059,True,2020-08-01 21:00:00,-1,-4,0,35.9249497534829,126.97827118285839
EVT-0059,True,2020-08-01 21:00:00,-1,-3,0,35.93399625248779,126.97827118285839
EVT-0059,True,2020-08-01 21:00:00,-1,-2,0,35.94304275149267,126.97827118285839
EVT-0059,True,2020-08-01 21:00:00,-1,-1,1,35.95208925049756,126.97827118285839
EVT-0059,True,2020-08-01 21:00:00,-1,0,1,35.96113574950244,126.97827118285839
EVT-0059,True,2020-08-01 21:00:00,-1,1,0,35.97018224850733,126.97827118285839
EVT-0059,True,2020-08-01 21:00:00,-1,2,0,35.97922874751221,126.97827118285839
EVT-0059,True,2020-08-01 21:00:00,0,-3,0,35.93399625248779,126.9893688171416
EVT-0059,True,2020-08-01 21:00:00,0,-2,0,35.94304275149267,126.9893688171416
EVT-0059,True,2020-08-01 21:00:00,0,-1,1,35.95208925049756,126.9893688171416
EVT-0059,True,2020-08-01 21:00:00,0,0,0,35.96113574950244,126.9893688171416
EVT-0059,True,2020-08-01 21:00:00,0,1,0,35.97018224850733,126.9893688171416
EVT-0059,True,2020-08-01 21:00:00,0,2,0,35.97922874751221,126.9893688171416
EVT-0059,True,2020-08-01 21:00:00,1,-2,0,35.94304275149267,127.0004664514248
EVT-0059,True,2020-08-01 21:00:00,1,-1,0,35.95208925049756,127.0004664514248
EVT-0059,True,2020-08-01 21:00:00,1,0,0,35.96113574950244,127.0004664514248
EVT-0059,True,2020-08-01 21:00:00,1,1,0,35.97018224850733,127.0004664514248
EVT-0059,True,2020-08-01 21:00:00,2,-1,0,35.95208925049756,127.011564085708
EVT-0059,True,2020-08-01 21:00:00,2,0,0,35.96113574950244,127.011564085708
EVT-0060,True,2020-08-01 22:00:00,-4,-3,0,35.93399625248779,126.94497828000878
EVT-0060,True,2020-08-01 22:00:00,-4,-2,0,35.94304275149267,126.94497828000878
EVT-0060,True,2020-08-01 22:00:00,-4,-1,0,35.95208925049756,126.94497828000878
EVT-0060,True,2020-08-01 22:00:00,-4,0,0,35.96113574950244,126.94497828000878
EVT-0060,True,2020-08-01 22:00:00,-3,-4,0,35.9249497534829,126.95607591429199
EVT-0060,True,2020-08-01 22:00:00,-3,-3,0,35.93399625248779,126.95607591429199
EVT-0060,True,2020-08-01 22:00:00,-3,-2,0,35.94304275149267,126.95607591429199
EVT-0060,True,2020-08-01 22:00:00,-3,-1,0,35.95208925049756,126.95607591429199
EVT-0060,True,2020-08-01 22:00:00,-3,0,0,35.96113574950244,126.95607591429199
EVT-0060,True,2020-08-01 22:00:00,-3,1,0,35.97018224850733,126.95607591429199
EVT-0060,True,2020-08-01 22:00:00,-2,-5,0,35.91590325447802,126.96717354857519
EVT-0060,True,2020-08-01 22:00:00,-2,-4,0,35.9249497534829,126.96717354857519
EVT-0060,True,2020-08-01 22:00:00,-2,-3,0,35.93399625248779,126.96717354857519
EVT-0060,True,2020-08-01 22:00:00,-2,-2,1,35.94304275149267,126.96717354857519
EVT-0060,True,2020-08-01 22:00:00,-2,-1,0,35.95208925049756,126.96717354857519
EVT-0060,True,2020-08-01 22:00:00,-2,0,0,35.96113574950244,126.96717354857519
EVT-0060,True,2020-08-01 22:00:00,-2,1,0,35.97018224850733,126.96717354857519
EVT-0060,True,2020-08-01 22:00:00,-2,2,0,35.97922874751221,126.96717354857519
EVT-0060,True,2020-08-01 22:00:00,-1,-5,0,35.91590325447802,126.97827118285839
EVT-0060,True,2020-08-01 22:00:00,-1,-4,0,35.9249497534829,126.97827118285839
EVT-0060,True,2020-08-01 22:00:00,-1,-3,0,35.93399625248779,126.97827118285839
EVT-0060,True,2020-08-01 22:00:00,-1,-2,0,35.94304275149267,126.97827118285839
EVT-0060,True,2020-08-01 22:00:00,-1,-1,0,35.95208925049756,126.97827118285839
EVT-0060,True,2020-08-01 22:00:00,-1,0,1,35.96113574950244,126.97827118285839
EVT-0060,True,2020-08-01 22:00:00,-1,1,0,35.97018224850733,126.97827118285839
EVT-0060,True,2020-08-01 22:00:00,-1,2,0,35.97922874751221,126.97827118285839
EVT-0060,True,2020-08-01 22:00:00,0,-4,0,35.9249497534829,126.9893688171416
EVT-0060,True,2020-08-01 22:00:00,0,-3,0,35.93399625248779,126.9893688171416
EVT-0060,True,2020-08-01 22:00:00,0,-2,0,35.94304275149267,126.9893688171416
EVT-0060,True,2020-08-01 22:00:00,0,-1,1,35.95208925049756,126.9893688171416
EVT-0060,True,2020-08-01 22:00:00,0,0,1,35.96113574950244,126.9893688171416
EVT-0060,True,2020-08-01 22:00:00,0,1,0,35.97018224850733,126.9893688171416
EVT-0060,True,2020-08-01 22:00:00,1,-3,0,35.93399625248779,127.0004664514248
EVT-0060,True,2020-08-01 22:00:00,1,-1,0,35.95208925049756,127.0004664514248
EVT-0060,True,2020-08-01 22:00:00,1,0,0,35.96113574950244,127.0004664514248
EVT-0060,True,2020-08-01 22:00:00,1,1,0,35.97018224850733,127.0004664514248
EVT-0060,True,2020-08-01 22:00:00,2,-2,0,35.94304275149267,127.011564085708
EVT-0060,True,2020-08-01 22:00:00,2,-1,0,35.95208925049756,127.011564085708
EVT-0060,True,2020-08-01 22:00:00,2,0,0,35.96113574950244,127.011564085708
EVT-0060,True,2020-08-01 22:00:00,2,1,0,35.97018224850733,127.011564085708
EVT-0060,True,2020-08-01 22:00:00,2,2,0,35.97922874751221,127.011564085708
EVT-0060,True,2020-08-01 22:00:00,3,-1,0,35.95208925049756,127.0226617199912
EVT-0060,True,2020-08-01 22:00:00,3,0,0,35.96113574950244,127.0226617199912
EVT-0060,True,2020-08-01 22:00:00,3,1,0,35.97018224850733,127.0226617199912
EVT-0060,True,2020-08-01 22:00:00,4,0,0,35.96113574950244,127.03375935427441
EVT-0062,True,2020-08-02 21:00:00,-4,-3,0,35.93399625248779,126.94497828000878
EVT-0062,True,2020-08-02 21:00:00,-4,-1,0,35.95208925049756,126.94497828000878
EVT-0062,True,2020-08-02 21:00:00,-4,0,0,35.96113574950244,126.94497828000878
EVT-0062,True,2020-08-02 21:00:00,-3,-4,0,35.9249497534829,126.95607591429199
EVT-0062,True,2020-08-02 21:00:00,-3,-3,0,35.93399625248779,126.95607591429199
EVT-0062,True,2020-08-02 21:00:00,-3,-2,0,35.94304275149267,126.95607591429199
EVT-0062,True,2020-08-02 21:00:00,-3,-1,0,35.95208925049756,126.95607591429199
EVT-0062,True,2020-08-02 21:00:00,-3,0,0,35.96113574950244,126.95607591429199
EVT-0062,True,2020-08-02 21:00:00,-3,1,0,35.97018224850733,126.95607591429199
EVT-0062,True,2020-08-02 21:00:00,-2,-5,0,35.91590325447802,126.96717354857519
EVT-0062,True,2020-08-02 21:00:00,-2,-4,0,35.9249497534829,126.96717354857519
EVT-0062,True,2020-08-02 21:00:00,-2,-3,1,35.93399625248779,126.96717354857519
EVT-0062,True,2020-08-02 21:00:00,-2,-2,1,35.94304275149267,126.96717354857519
EVT-0062,True,2020-08-02 21:00:00,-2,-1,1,35.95208925049756,126.96717354857519
EVT-0062,True,2020-08-02 21:00:00,-2,0,1,35.96113574950244,126.96717354857519
EVT-0062,True,2020-08-02 21:00:00,-2,1,0,35.97018224850733,126.96717354857519
EVT-0062,True,2020-08-02 21:00:00,-2,2,0,35.97922874751221,126.96717354857519
EVT-0062,True,2020-08-02 21:00:00,-1,-4,0,35.9249497534829,126.97827118285839
EVT-0062,True,2020-08-02 21:00:00,-1,-3,0,35.93399625248779,126.97827118285839
EVT-0062,True,2020-08-02 21:00:00,-1,-2,0,35.94304275149267,126.97827118285839
EVT-0062,True,2020-08-02 21:00:00,-1,-1,1,35.95208925049756,126.97827118285839
EVT-0062,True,2020-08-02 21:00:00,-1,0,1,35.96113574950244,126.97827118285839
EVT-0062,True,2020-08-02 21:00:00,-1,1,0,35.97018224850733,126.97827118285839
EVT-0062,True,2020-08-02 21:00:00,-1,2,0,35.97922874751221,126.97827118285839
EVT-0062,True,2020-08-02 21:00:00,0,-3,0,35.93399625248779,126.9893688171416
EVT-0062,True,2020-08-02 21:00:00,0,-2,0,35.94304275149267,126.9893688171416
EVT-0062,True,2020-08-02 21:00:00,0,-1,1,35.95208925049756,126.9893688171416
EVT-0062,True,2020-08-02 21:00:00,0,0,1,35.96113574950244,126.9893688171416
EVT-0062,True,2020-08-02 21:00:00,0,1,0,35.97018224850733,126.9893688171416
EVT-0062,True,2020-08-02 21:00:00,0,2,0,35.97922874751221,126.9893688171416
EVT-0062,True,2020-08-02 21:00:00,1,-2,0,35.94304275149267,127.0004664514248
EVT-0062,True,2020-08-02 21:00:00,1,-1,0,35.95208925049756,127.0004664514248
EVT-0062,True,2020-08-02 21:00:00,1,0,1,35.96113574950244,127.0004664514248
EVT-0062,True,2020-08-02 21:00:00,1,1,0,35.97018224850733,127.0004664514248
EVT-0062,True,2020-08-02 21:00:00,2,-1,0,35.95208925049756,127.011564085708
EVT-0062,True,2020-08-02 21:00:00,2,0,0,35.96113574950244,127.011564085708
EVT-0063,True,2020-08-02 22:00:00,-4,-1,0,35.95208925049756,126.94497828000878
EVT-0063,True,2020-08-02 22:00:00,-3,-2,0,35.94304275149267,126.95607591429199
EVT-0063,True,2020-08-02 22:00:00,-3,-1,0,35.95208925049756,126.95607591429199
EVT-0063,True,2020-08-02 22:00:00,-3,0,0,35.96113574950244,126.95607591429199
EVT-0063,True,2020-08-02 22:00:00,-2,-3,0,35.93399625248779,126.96717354857519
EVT-0063,True,2020-08-02 22:00:00,-2,-2,0,35.94304275149267,126.96717354857519
EVT-0063,True,2020-08-02 22:00:00,-2,-1,0,35.95208925049756,126.96717354857519
EVT-0063,True,2020-08-02 22:00:00,-2,0,0,35.96113574950244,126.96717354857519
EVT-0063,True,2020-08-02 22:00:00,-2,1,0,35.97018224850733,126.96717354857519
EVT-0063,True,2020-08-02 22:00:00,-1,-3,1,35.93399625248779,126.97827118285839
EVT-0063,True,2020-08-02 22:00:00,-1,-2,0,35.94304275149267,126.97827118285839
EVT-0063,True,2020-08-02 22:00:00,-1,-1,1,35.95208925049756,126.97827118285839
EVT-0063,True,2020-08-02 22:00:00,-1,0,1,35.96113574950244,126.97827118285839
EVT-0063,True,2020-08-02 22:00:00,-1,1,0,35.97018224850733,126.97827118285839
EVT-0063,True,2020-08-02 22:00:00,-1,2,0,35.97922874751221,126.97827118285839
EVT-0063,True,2020-08-02 22:00:00,0,-3,0,35.93399625248779,126.9893688171416
EVT-0063,True,2020-08-02 22:00:00,0,-2,0,35.94304275149267,126.9893688171416
EVT-0063,True,2020-08-02 22:00:00,0,-1,1,35.95208925049756,126.9893688171416
EVT-0063,True,2020-08-02 22:00:00,0,0,1,35.96113574950244,126.9893688171416
EVT-0063,True,2020-08-02 22:00:00,0,1,0,35.97018224850733,126.9893688171416
EVT-0063,True,2020-08-02 22:00:00,0,2,0,35.97922874751221,126.9893688171416
EVT-0063,True,2020-08-02 22:00:00,0,3,0,35.9882752465171,126.9893688171416
EVT-0063,True,2020-08-02 22:00:00,1,-2,0,35.94304275149267,127.0004664514248
EVT-0063,True,2020-08-02 22:00:00,1,-1,0,35.95208925049756,127.0004664514248
EVT-0063,True,2020-08-02 22:00:00,1,0,1,35.96113574950244,127.0004664514248
EVT-0063,True,2020-08-02 22:00:00,1,1,0,35.97018224850733,127.0004664514248
EVT-0063,True,2020-08-02 22:00:00,1,2,0,35.97922874751221,127.0004664514248
EVT-0063,True,2020-08-02 22:00:00,2,-1,0,35.95208925049756,127.011564085708
EVT-0063,True,2020-08-02 22:00:00,2,0,0,35.96113574950244,127.011564085708
EVT-0063,True,2020-08-02 22:00:00,2,1,0,35.97018224850733,127.011564085708
EVT-0064,True,2020-08-03 22:00:00,-4,-1,0,35.95208925049756,126.94497828000878
EVT-0064,True,2020-08-03 22:00:00,-3,-2,0,35.94304275149267,126.95607591429199
EVT-0064,True,2020-08-03 22:00:00,-3,-1,0,35.95208925049756,126.95607591429199
EVT-0064,True,2020-08-03 22:00:00,-3,0,0,35.96113574950244,126.95607591429199
EVT-0064,True,2020-08-03 22:00:00,-2,-3,0,35.93399625248779,126.96717354857519
EVT-0064,True,2020-08-03 22:00:00,-2,-2,0,35.94304275149267,126.96717354857519
EVT-0064,True,2020-08-03 22:00:00,-2,-1,0,35.95208925049756,126.96717354857519
EVT-0064,True,2020-08-03 22:00:00,-2,0,0,35.96113574950244,126.96717354857519
EVT-0064,True,2020-08-03 22:00:00,-2,1,0,35.97018224850733,126.96717354857519
EVT-0064,True,2020-08-03 22:00:00,-1,-3,0,35.93399625248779,126.97827118285839
EVT-0064,True,2020-08-03 22:00:00,-1,-2,0,35.94304275149267,126.97827118285839
EVT-0064,True,2020-08-03 22:00:00,-1,-1,1,35.95208925049756,126.97827118285839
EVT-0064,True,2020-08-03 22:00:00,-1,0,1,35.96113574950244,126.97827118285839
EVT-0064,True,2020-08-03 22:00:00,-1,1,0,35.97018224850733,126.97827118285839
EVT-0064,True,2020-08-03 22:00:00,0,-3,0,35.93399625248779,126.9893688171416
EVT-0064,True,2020-08-03 22:00:00,0,-2,0,35.94304275149267,126.9893688171416
EVT-0064,True,2020-08-03 22:00:00,0,-1,1,35.95208925049756,126.9893688171416
EVT-0064,True,2020-08-03 22:00:00,0,0,1,35.96113574950244,126.9893688171416
EVT-0064,True,2020-08-03 22:00:00,0,1,0,35.97018224850733,126.9893688171416
EVT-0064,True,2020-08-03 22:00:00,0,2,0,35.97922874751221,126.9893688171416
EVT-0064,True,2020-08-03 22:00:00,1,-3,0,35.93399625248779,127.0004664514248
EVT-0064,True,2020-08-03 22:00:00,1,-2,0,35.94304275149267,127.0004664514248
EVT-0064,True,2020-08-03 22:00:00,1,-1,0,35.95208925049756,127.0004664514248
EVT-0064,True,2020-08-03 22:00:00,1,0,0,35.96113574950244,127.0004664514248
EVT-0064,True,2020-08-03 22:00:00,1,1,0,35.97018224850733,127.0004664514248
EVT-0064,True,2020-08-03 22:00:00,2,-2,0,35.94304275149267,127.011564085708
EVT-0064,True,2020-08-03 22:00:00,2,-1,0,35.95208925049756,127.011564085708
EVT-0064,True,2020-08-03 22:00:00,2,0,1,35.96113574950244,127.011564085708
EVT-0064,True,2020-08-03 22:00:00,3,-1,0,35.95208925049756,127.0226617199912
EVT-0065,True,2020-08-04 02:00:00,-5,-4,0,35.9249497534829,126.93388064572558
EVT-0065,True,2020-08-04 02:00:00,-4,-5,0,35.91590325447802,126.94497828000878
EVT-0065,True,2020-08-04 02:00:00,-4,-4,0,35.9249497534829,126.94497828000878
EVT-0065,True,2020-08-04 02:00:00,-4,-3,0,35.93399625248779,126.94497828000878
EVT-0065,True,2020-08-04 02:00:00,-4,-2,1,35.94304275149267,126.94497828000878
EVT-0065,True,2020-08-04 02:00:00,-4,-1,0,35.95208925049756,126.94497828000878
EVT-0065,True,2020-08-04 02:00:00,-4,0,0,35.96113574950244,126.94497828000878
EVT-0065,True,2020-08-04 02:00:00,-3,-6,0,35.90685675547313,126.95607591429199
EVT-0065,True,2020-08-04 02:00:00,-3,-5,0,35.91590325447802,126.95607591429199
EVT-0065,True,2020-08-04 02:00:00,-3,-4,0,35.9249497534829,126.95607591429199
EVT-0065,True,2020-08-04 02:00:00,-3,-3,0,35.93399625248779,126.95607591429199
EVT-0065,True,2020-08-04 02:00:00,-3,-2,0,35.94304275149267,126.95607591429199
EVT-0065,True,2020-08-04 02:00:00,-3,-1,1,35.95208925049756,126.95607591429199
EVT-0065,True,2020-08-04 02:00:00,-3,0,0,35.96113574950244,126.95607591429199
EVT-0065,True,2020-08-04 02:00:00,-3,1,0,35.97018224850733,126.95607591429199
EVT-0065,True,2020-08-04 02:00:00,-2,-5,0,35.91590325447802,126.96717354857519
EVT-0065,True,2020-08-04 02:00:00,-2,-4,0,35.9249497534829,126.96717354857519
EVT-0065,True,2020-08-04 02:00:00,-2,-3,0,35.93399625248779,126.96717354857519
EVT-0065,True,2020-08-04 02:00:00,-2,-2,0,35.94304275149267,126.96717354857519
EVT-0065,True,2020-08-04 02:00:00,-2,-1,1,35.95208925049756,126.96717354857519
EVT-0065,True,2020-08-04 02:00:00,-2,0,1,35.96113574950244,126.96717354857519
EVT-0065,True,2020-08-04 02:00:00,-2,1,0,35.97018224850733,126.96717354857519
EVT-0065,True,2020-08-04 02:00:00,-2,2,0,35.97922874751221,126.96717354857519
EVT-0065,True,2020-08-04 02:00:00,-1,-4,0,35.9249497534829,126.97827118285839
EVT-0065,True,2020-08-04 02:00:00,-1,-3,0,35.93399625248779,126.97827118285839
EVT-0065,True,2020-08-04 02:00:00,-1,-2,0,35.94304275149267,126.97827118285839
EVT-0065,True,2020-08-04 02:00:00,-1,-1,0,35.95208925049756,126.97827118285839
EVT-0065,True,2020-08-04 02:00:00,-1,0,1,35.96113574950244,126.97827118285839
EVT-0065,True,2020-08-04 02:00:00,-1,1,0,35.97018224850733,126.97827118285839
EVT-0065,True,2020-08-04 02:00:00,-1,2,0,35.97922874751221,126.97827118285839
EVT-0065,True,2020-08-04 02:00:00,0,-3,0,35.93399625248779,126.9893688171416
EVT-0065,True,2020-08-04 02:00:00,0,-2,0,35.94304275149267,126.9893688171416
EVT-0065,True,2020-08-04 02:00:00,0,-1,0,35.95208925049756,126.9893688171416
EVT-0065,True,2020-08-04 02:00:00,0,0,0,35.96113574950244,126.9893688171416
EVT-0065,True,2020-08-04 02:00:00,0,1,0,35.97018224850733,126.9893688171416
EVT-0065,True,2020-08-04 02:00:00,0,2,0,35.97922874751221,126.9893688171416
EVT-0065,True,2020-08-04 02:00:00,1,-1,0,35.95208925049756,127.0004664514248
EVT-0065,True,2020-08-04 02:00:00,1,0,0,35.96113574950244,127.0004664514248
EVT-0065,True,2020-08-04 02:00:00,1,1,0,35.97018224850733,127.0004664514248
EVT-0065,True,2020-08-04 02:00:00,2,0,1,35.96113574950244,127.011564085708
EVT-0067,True,2020-08-04 20:00:00,-5,-4,0,35.9249497534829,126.93388064572558
EVT-0067,True,2020-08-04 20:00:00,-5,-1,0,35.95208925049756,126.93388064572558
EVT-0067,True,2020-08-04 20:00:00,-4,-5,0,35.91590325447802,126.94497828000878
EVT-0067,True,2020-08-04 20:00:00,-4,-4,0,35.9249497534829,126.94497828000878
EVT-0067,True,2020-08-04 20:00:00,-4,-3,0,35.93399625248779,126.94497828000878
EVT-0067,True,2020-08-04 20:00:00,-4,-2,0,35.94304275149267,126.94497828000878
EVT-0067,True,2020-08-04 20:00:00,-4,-1,0,35.95208925049756,126.94497828000878
EVT-0067,True,2020-08-04 20:00:00,-4,0,0,35.96113574950244,126.94497828000878
EVT-0067,True,2020-08-04 20:00:00,-3,-6,0,35.90685675547313,126.95607591429199
EVT-0067,True,2020-08-04 20:00:00,-3,-5,0,35.91590325447802,126.95607591429199
EVT-0067,True,2020-08-04 20:00:00,-3,-4,0,35.9249497534829,126.95607591429199
EVT-0067,True,2020-08-04 20:00:00,-3,-3,0,35.93399625248779,126.95607591429199
EVT-0067,True,2020-08-04 20:00:00,-3,-2,0,35.94304275149267,126.95607591429199
EVT-0067,True,2020-08-04 20:00:00,-3,-1,1,35.95208925049756,126.95607591429199
EVT-0067,True,2020-08-04 20:00:00,-3,0,0,35.96113574950244,126.95607591429199
EVT-0067,True,2020-08-04 20:00:00,-3,1,0,35.97018224850733,126.95607591429199
EVT-0067,True,2020-08-04 20:00:00,-2,-6,0,35.90685675547313,126.96717354857519
EVT-0067,True,2020-08-04 20:00:00,-2,-5,0,35.91590325447802,126.96717354857519
EVT-0067,True,2020-08-04 20:00:00,-2,-4,0,35.9249497534829,126.96717354857519
EVT-0067,True,2020-08-04 20:00:00,-2,-3,0,35.93399625248779,126.96717354857519
EVT-0067,True,2020-08-04 20:00:00,-2,-2,0,35.94304275149267,126.96717354857519
EVT-0067,True,2020-08-04 20:00:00,-2,-1,0,35.95208925049756,126.96717354857519
EVT-0067,True,2020-08-04 20:00:00,-2,0,1,35.96113574950244,126.96717354857519
EVT-0067,True,2020-08-04 20:00:00,-2,1,0,35.97018224850733,126.96717354857519
EVT-0067,True,2020-08-04 20:00:00,-1,-5,0,35.91590325447802,126.97827118285839
EVT-0067,True,2020-08-04 20:00:00,-1,-4,0,35.9249497534829,126.97827118285839
EVT-0067,True,2020-08-04 20:00:00,-1,-3,0,35.93399625248779,126.97827118285839
EVT-0067,True,2020-08-04 20:00:00,-1,-2,0,35.94304275149267,126.97827118285839
EVT-0067,True,2020-08-04 20:00:00,-1,-1,0,35.95208925049756,126.97827118285839
EVT-0067,True,2020-08-04 20:00:00,-1,0,1,35.96113574950244,126.97827118285839
EVT-0067,True,2020-08-04 20:00:00,-1,1,0,35.97018224850733,126.97827118285839
EVT-0067,True,2020-08-04 20:00:00,-1,2,0,35.97922874751221,126.97827118285839
EVT-0067,True,2020-08-04 20:00:00,0,-4,0,35.9249497534829,126.9893688171416
EVT-0067,True,2020-08-04 20:00:00,0,-3,0,35.93399625248779,126.9893688171416
EVT-0067,True,2020-08-04 20:00:00,0,-1,0,35.95208925049756,126.9893688171416
EVT-0067,True,2020-08-04 20:00:00,0,0,0,35.96113574950244,126.9893688171416
EVT-0067,True,2020-08-04 20:00:00,0,1,0,35.97018224850733,126.9893688171416
EVT-0067,True,2020-08-04 20:00:00,1,0,0,35.96113574950244,127.0004664514248
EVT-0068,True,2020-08-04 21:00:00,-5,-4,0,35.9249497534829,126.93388064572558
EVT-0068,True,2020-08-04 21:00:00,-4,-5,0,35.91590325447802,126.94497828000878
EVT-0068,True,2020-08-04 21:00:00,-4,-4,0,35.9249497534829,126.94497828000878
EVT-0068,True,2020-08-04 21:00:00,-4,-3,0,35.93399625248779,126.94497828000878
EVT-0068,True,2020-08-04 21:00:00,-3,-6,0,35.90685675547313,126.95607591429199
EVT-0068,True,2020-08-04 21:00:00,-3,-5,0,35.91590325447802,126.95607591429199
EVT-0068,True,2020-08-04 21:00:00,-3,-4,0,35.9249497534829,126.95607591429199
EVT-0068,True,2020-08-04 21:00:00,-3,-3,0,35.93399625248779,126.95607591429199
EVT-0068,True,2020-08-04 21:00:00,-3,-2,0,35.94304275149267,126.95607591429199
EVT-0068,True,2020-08-04 21:00:00,-3,0,0,35.96113574950244,126.95607591429199
EVT-0068,True,2020-08-04 21:00:00,-2,-5,0,35.91590325447802,126.96717354857519
EVT-0068,True,2020-08-04 21:00:00,-2,-4,0,35.9249497534829,126.96717354857519
EVT-0068,True,2020-08-04 21:00:00,-2,-3,1,35.93399625248779,126.96717354857519
EVT-0068,True,2020-08-04 21:00:00,-2,-2,0,35.94304275149267,126.96717354857519
EVT-0068,True,2020-08-04 21:00:00,-2,-1,0,35.95208925049756,126.96717354857519
EVT-0068,True,2020-08-04 21:00:00,-2,0,0,35.96113574950244,126.96717354857519
EVT-0068,True,2020-08-04 21:00:00,-2,1,0,35.97018224850733,126.96717354857519
EVT-0068,True,2020-08-04 21:00:00,-1,-4,0,35.9249497534829,126.97827118285839
EVT-0068,True,2020-08-04 21:00:00,-1,-3,0,35.93399625248779,126.97827118285839
EVT-0068,True,2020-08-04 21:00:00,-1,-2,0,35.94304275149267,126.97827118285839
EVT-0068,True,2020-08-04 21:00:00,-1,-1,1,35.95208925049756,126.97827118285839
EVT-0068,True,2020-08-04 21:00:00,-1,0,1,35.96113574950244,126.97827118285839
EVT-0068,True,2020-08-04 21:00:00,-1,1,0,35.97018224850733,126.97827118285839
EVT-0068,True,2020-08-04 21:00:00,-1,2,0,35.97922874751221,126.97827118285839
EVT-0068,True,2020-08-04 21:00:00,0,-3,0,35.93399625248779,126.9893688171416
EVT-0068,True,2020-08-04 21:00:00,0,-2,0,35.94304275149267,126.9893688171416
EVT-0068,True,2020-08-04 21:00:00,0,-1,0,35.95208925049756,126.9893688171416
EVT-0068,True,2020-08-04 21:00:00,0,0,0,35.96113574950244,126.9893688171416
EVT-0068,True,2020-08-04 21:00:00,0,1,0,35.97018224850733,126.9893688171416
EVT-0068,True,2020-08-04 21:00:00,1,-2,0,35.94304275149267,127.0004664514248
EVT-0068,True,2020-08-04 21:00:00,1,0,0,35.96113574950244,127.0004664514248
EVT-0069,True,2020-08-04 22:00:00,-5,-4,0,35.9249497534829,126.93388064572558
EVT-0069,True,2020-08-04 22:00:00,-5,-3,0,35.93399625248779,126.93388064572558
EVT-0069,True,2020-08-04 22:00:00,-4,-5,0,35.91590325447802,126.94497828000878
EVT-0069,True,2020-08-04 22:00:00,-4,-4,0,35.9249497534829,126.94497828000878
EVT-0069,True,2020-08-04 22:00:00,-4,-3,0,35.93399625248779,126.94497828000878
EVT-0069,True,2020-08-04 22:00:00,-4,-2,0,35.94304275149267,126.94497828000878
EVT-0069,True,2020-08-04 22:00:00,-4,0,0,35.96113574950244,126.94497828000878
EVT-0069,True,2020-08-04 22:00:00,-3,-6,0,35.90685675547313,126.95607591429199
EVT-0069,True,2020-08-04 22:00:00,-3,-5,0,35.91590325447802,126.95607591429199
EVT-0069,True,2020-08-04 22:00:00,-3,-4,1,35.9249497534829,126.95607591429199
EVT-0069,True,2020-08-04 22:00:00,-3,-3,0,35.93399625248779,126.95607591429199
EVT-0069,True,2020-08-04 22:00:00,-3,-2,0,35.94304275149267,126.95607591429199
EVT-0069,True,2020-08-04 22:00:00,-3,-1,0,35.95208925049756,126.95607591429199
EVT-0069,True,2020-08-04 22:00:00,-3,0,0,35.96113574950244,126.95607591429199
EVT-0069,True,2020-08-04 22:00:00,-3,1,0,35.97018224850733,126.95607591429199
EVT-0069,True,2020-08-04 22:00:00,-2,-6,0,35.90685675547313,126.96717354857519
EVT-0069,True,2020-08-04 22:00:00,-2,-5,0,35.91590325447802,126.96717354857519
EVT-0069,True,2020-08-04 22:00:00,-2,-4,0,35.9249497534829,126.96717354857519
EVT-0069,True,2020-08-04 22:00:00,-2,-3,0,35.93399625248779,126.96717354857519
EVT-0069,True,2020-08-04 22:00:00,-2,-2,0,35.94304275149267,126.96717354857519
EVT-0069,True,2020-08-04 22:00:00,-2,-1,0,35.95208925049756,126.96717354857519
EVT-0069,True,2020-08-04 22:00:00,-2,0,0,35.96113574950244,126.96717354857519
EVT-0069,True,2020-08-04 22:00:00,-2,1,0,35.97018224850733,126.96717354857519
EVT-0069,True,2020-08-04 22:00:00,-2,2,0,35.97922874751221,126.96717354857519
EVT-0069,True,2020-08-04 22:00:00,-1,-5,0,35.91590325447802,126.97827118285839
EVT-0069,True,2020-08-04 22:00:00,-1,-4,0,35.9249497534829,126.97827118285839
EVT-0069,True,2020-08-04 22:00:00,-1,-3,0,35.93399625248779,126.97827118285839
EVT-0069,True,2020-08-04 22:00:00,-1,-2,0,35.94304275149267,126.97827118285839
EVT-0069,True,2020-08-04 22:00:00,-1,-1,0,35.95208925049756,126.97827118285839
EVT-0069,True,2020-08-04 22:00:00,-1,0,0,35.96113574950244,126.97827118285839
EVT-0069,True,2020-08-04 22:00:00,-1,1,0,35.97018224850733,126.97827118285839
EVT-0069,True,2020-08-04 22:00:00,0,-4,0,35.9249497534829,126.9893688171416
EVT-0069,True,2020-08-04 22:00:00,0,-3,0,35.93399625248779,126.9893688171416
EVT-0069,True,2020-08-04 22:00:00,0,-2,0,35.94304275149267,126.9893688171416
EVT-0069,True,2020-08-04 22:00:00,0,0,0,35.96113574950244,126.9893688171416
EVT-0070,True,2020-08-06 22:00:00,-4,-1,0,35.95208925049756,126.94497828000878
EVT-0070,True,2020-08-06 22:00:00,-3,-2,0,35.94304275149267,126.95607591429199
EVT-0070,True,2020-08-06 22:00:00,-3,-1,0,35.95208925049756,126.95607591429199
EVT-0070,True,2020-08-06 22:00:00,-3,0,0,35.96113574950244,126.95607591429199
EVT-0070,True,2020-08-06 22:00:00,-2,-3,0,35.93399625248779,126.96717354857519
EVT-0070,True,2020-08-06 22:00:00,-2,-2,0,35.94304275149267,126.96717354857519
EVT-0070,True,2020-08-06 22:00:00,-2,-1,0,35.95208925049756,126.96717354857519
EVT-0070,True,2020-08-06 22:00:00,-2,0,1,35.96113574950244,126.96717354857519
EVT-0070,True,2020-08-06 22:00:00,-2,1,0,35.97018224850733,126.96717354857519
EVT-0070,True,2020-08-06 22:00:00,-1,-2,0,35.94304275149267,126.97827118285839
EVT-0070,True,2020-08-06 22:00:00,-1,-1,1,35.95208925049756,126.97827118285839
EVT-0070,True,2020-08-06 22:00:00,-1,0,0,35.96113574950244,126.97827118285839
EVT-0070,True,2020-08-06 22:00:00,-1,1,0,35.97018224850733,126.97827118285839
EVT-0070,True,2020-08-06 22:00:00,-1,2,0,35.97922874751221,126.97827118285839
EVT-0070,True,2020-08-06 22:00:00,0,-1,1,35.95208925049756,126.9893688171416
EVT-0070,True,2020-08-06 22:00:00,0,0,1,35.96113574950244,126.9893688171416
EVT-0070,True,2020-08-06 22:00:00,0,1,0,35.97018224850733,126.9893688171416
EVT-0070,True,2020-08-06 22:00:00,1,0,0,35.96113574950244,127.0004664514248
EVT-0071,True,2020-08-06 23:00:00,-4,-4,0,35.9249497534829,126.94497828000878
EVT-0071,True,2020-08-06 23:00:00,-4,-3,0,35.93399625248779,126.94497828000878
EVT-0071,True,2020-08-06 23:00:00,-4,-2,0,35.94304275149267,126.94497828000878
EVT-0071,True,2020-08-06 23:00:00,-4,-1,0,35.95208925049756,126.94497828000878
EVT-0071,True,2020-08-06 23:00:00,-4,0,0,35.96113574950244,126.94497828000878
EVT-0071,True,2020-08-06 23:00:00,-3,-5,0,35.91590325447802,126.95607591429199
EVT-0071,True,2020-08-06 23:00:00,-3,-4,0,35.9249497534829,126.95607591429199
EVT-0071,True,2020-08-06 23:00:00,-3,-3,0,35.93399625248779,126.95607591429199
EVT-0071,True,2020-08-06 23:00:00,-3,-2,0,35.94304275149267,126.95607591429199
EVT-0071,True,2020-08-06 23:00:00,-3,-1,0,35.95208925049756,126.95607591429199
EVT-0071,True,2020-08-06 23:00:00,-3,0,0,35.96113574950244,126.95607591429199
EVT-0071,True,2020-08-06 23:00:00,-3,1,0,35.97018224850733,126.95607591429199
EVT-0071,True,2020-08-06 23:00:00,-2,-6,0,35.90685675547313,126.96717354857519
EVT-0071,True,2020-08-06 23:00:00,-2,-5,0,35.91590325447802,126.96717354857519
EVT-0071,True,2020-08-06 23:00:00,-2,-4,0,35.9249497534829,126.96717354857519
EVT-0071,True,2020-08-06 23:00:00,-2,-3,0,35.93399625248779,126.96717354857519
EVT-0071,True,2020-08-06 23:00:00,-2,-2,0,35.94304275149267,126.96717354857519
EVT-0071,True,2020-08-06 23:00:00,-2,-1,0,35.95208925049756,126.96717354857519
EVT-0071,True,2020-08-06 23:00:00,-2,0,0,35.96113574950244,126.96717354857519
EVT-0071,True,2020-08-06 23:00:00,-2,1,0,35.97018224850733,126.96717354857519
EVT-0071,True,2020-08-06 23:00:00,-2,2,0,35.97922874751221,126.96717354857519
EVT-0071,True,2020-08-06 23:00:00,-1,-5,0,35.91590325447802,126.97827118285839
EVT-0071,True,2020-08-06 23:00:00,-1,-4,0,35.9249497534829,126.97827118285839
EVT-0071,True,2020-08-06 23:00:00,-1,-3,0,35.93399625248779,126.97827118285839
EVT-0071,True,2020-08-06 23:00:00,-1,-2,0,35.94304275149267,126.97827118285839
EVT-0071,True,2020-08-06 23:00:00,-1,-1,0,35.95208925049756,126.97827118285839
EVT-0071,True,2020-08-06 23:00:00,-1,0,0,35.96113574950244,126.97827118285839
EVT-0071,True,2020-08-06 23:00:00,-1,1,0,35.97018224850733,126.97827118285839
EVT-0071,True,2020-08-06 23:00:00,-1,2,0,35.97922874751221,126.97827118285839
EVT-0071,True,2020-08-06 23:00:00,0,-4,0,35.9249497534829,126.9893688171416
EVT-0071,True,2020-08-06 23:00:00,0,-3,0,35.93399625248779,126.9893688171416
EVT-0071,True,2020-08-06 23:00:00,0,-2,0,35.94304275149267,126.9893688171416
EVT-0071,True,2020-08-06 23:00:00,0,-1,0,35.95208925049756,126.9893688171416
EVT-0071,True,2020-08-06 23:00:00,0,0,1,35.96113574950244,126.9893688171416
EVT-0071,True,2020-08-06 23:00:00,0,1,0,35.97018224850733,126.9893688171416
EVT-0071,True,2020-08-06 23:00:00,1,-2,0,35.94304275149267,127.0004664514248
EVT-0071,True,2020-08-06 23:00:00,1,-1,0,35.95208925049756,127.0004664514248
EVT-0071,True,2020-08-06 23:00:00,1,0,0,35.96113574950244,127.0004664514248
EVT-0071,True,2020-08-06 23:00:00,2,-1,0,35.95208925049756,127.011564085708
EVT-0072,True,2020-08-08 22:00:00,-3,-1,0,35.95208925049756,126.95607591429199
EVT-0072,True,2020-08-08 22:00:00,-3,0,0,35.96113574950244,126.95607591429199
EVT-0072,True,2020-08-08 22:00:00,-2,-2,0,35.94304275149267,126.96717354857519
EVT-0072,True,2020-08-08 22:00:00,-2,-1,0,35.95208925049756,126.96717354857519
EVT-0072,True,2020-08-08 22:00:00,-2,0,0,35.96113574950244,126.96717354857519
EVT-0072,True,2020-08-08 22:00:00,-2,1,0,35.97018224850733,126.96717354857519
EVT-0072,True,2020-08-08 22:00:00,-1,-3,0,35.93399625248779,126.97827118285839
EVT-0072,True,2020-08-08 22:00:00,-1,-2,0,35.94304275149267,126.97827118285839
EVT-0072,True,2020-08-08 22:00:00,-1,-1,1,35.95208925049756,126.97827118285839
EVT-0072,True,2020-08-08 22:00:00,-1,0,0,35.96113574950244,126.97827118285839
EVT-0072,True,2020-08-08 22:00:00,-1,1,0,35.97018224850733,126.97827118285839
EVT-0072,True,2020-08-08 22:00:00,-1,2,0,35.97922874751221,126.97827118285839
EVT-0072,True,2020-08-08 22:00:00,0,-3,0,35.93399625248779,126.9893688171416
EVT-0072,True,2020-08-08 22:00:00,0,-2,0,35.94304275149267,126.9893688171416
EVT-0072,True,2020-08-08 22:00:00,0,-1,1,35.95208925049756,126.9893688171416
EVT-0072,True,2020-08-08 22:00:00,0,0,1,35.96113574950244,126.9893688171416
EVT-0072,True,2020-08-08 22:00:00,0,1,0,35.97018224850733,126.9893688171416
EVT-0072,True,2020-08-08 22:00:00,0,2,0,35.97922874751221,126.9893688171416
EVT-0072,True,2020-08-08 22:00:00,1,-2,0,35.94304275149267,127.0004664514248
EVT-0072,True,2020-08-08 22:00:00,1,-1,0,35.95208925049756,127.0004664514248
EVT-0072,True,2020-08-08 22:00:00,1,0,0,35.96113574950244,127.0004664514248
EVT-0072,True,2020-08-08 22:00:00,1,1,0,35.97018224850733,127.0004664514248
EVT-0072,True,2020-08-08 22:00:00,1,2,0,35.97922874751221,127.0004664514248
EVT-0072,True,2020-08-08 22:00:00,2,-1,0,35.95208925049756,127.011564085708
EVT-0072,True,2020-08-08 22:00:00,2,0,0,35.96113574950244,127.011564085708
EVT-0072,True,2020-08-08 22:00:00,2,1,0,35.97018224850733,127.011564085708
EVT-0072,True,2020-08-08 22:00:00,3,0,0,35.96113574950244,127.0226617199912
EVT-0073,True,2020-08-09 19:00:00,-4,-4,0,35.9249497534829,126.94497828000878
EVT-0073,True,2020-08-09 19:00:00,-3,-5,0,35.91590325447802,126.95607591429199
EVT-0073,True,2020-08-09 19:00:00,-3,-4,0,35.9249497534829,126.95607591429199
EVT-0073,True,2020-08-09 19:00:00,-3,-3,0,35.93399625248779,126.95607591429199
EVT-0073,True,2020-08-09 19:00:00,-3,-1,0,35.95208925049756,126.95607591429199
EVT-0073,True,2020-08-09 19:00:00,-2,-6,0,35.90685675547313,126.96717354857519
EVT-0073,True,2020-08-09 19:00:00,-2,-5,0,35.91590325447802,126.96717354857519
EVT-0073,True,2020-08-09 19:00:00,-2,-4,1,35.9249497534829,126.96717354857519
EVT-0073,True,2020-08-09 19:00:00,-2,-3,1,35.93399625248779,126.96717354857519
EVT-0073,True,2020-08-09 19:00:00,-2,-2,0,35.94304275149267,126.96717354857519
EVT-0073,True,2020-08-09 19:00:00,-2,-1,0,35.95208925049756,126.96717354857519
EVT-0073,True,2020-08-09 19:00:00,-2,0,0,35.96113574950244,126.96717354857519
EVT-0073,True,2020-08-09 19:00:00,-1,-5,0,35.91590325447802,126.97827118285839
EVT-0073,True,2020-08-09 19:00:00,-1,-4,0,35.9249497534829,126.97827118285839
EVT-0073,True,2020-08-09 19:00:00,-1,-3,0,35.93399625248779,126.97827118285839
EVT-0073,True,2020-08-09 19:00:00,-1,-2,0,35.94304275149267,126.97827118285839
EVT-0073,True,2020-08-09 19:00:00,-1,-1,1,35.95208925049756,126.97827118285839
EVT-0073,True,2020-08-09 19:00:00,-1,0,1,35.96113574950244,126.97827118285839
EVT-0073,True,2020-08-09 19:00:00,-1,1,0,35.97018224850733,126.97827118285839
EVT-0073,True,2020-08-09 19:00:00,0,-4,0,35.9249497534829,126.9893688171416
EVT-0073,True,2020-08-09 19:00:00,0,-2,0,35.94304275149267,126.9893688171416
EVT-0073,True,2020-08-09 19:00:00,0,-1,1,35.95208925049756,126.9893688171416
EVT-0073,True,2020-08-09 19:00:00,0,0,1,35.96113574950244,126.9893688171416
EVT-0073,True,2020-08-09 19:00:00,0,1,0,35.97018224850733,126.9893688171416
EVT-0073,True,2020-08-09 19:00:00,0,2,0,35.97922874751221,126.9893688171416
EVT-0073,True,2020-08-09 19:00:00,1,-1,1,35.95208925049756,127.0004664514248
EVT-0073,True,2020-08-09 19:00:00,1,0,0,35.96113574950244,127.0004664514248
EVT-0073,True,2020-08-09 19:00:00,1,1,0,35.97018224850733,127.0004664514248
EVT-0073,True,2020-08-09 19:00:00,2,0,0,35.96113574950244,127.011564085708
EVT-0074,True,2020-08-09 20:00:00,-6,-3,0,35.93399625248779,126.92278301144238
EVT-0074,True,2020-08-09 20:00:00,-6,-2,0,35.94304275149267,126.92278301144238
EVT-0074,True,2020-08-09 20:00:00,-6,0,0,35.96113574950244,126.92278301144238
EVT-0074,True,2020-08-09 20:00:00,-5,-4,0,35.9249497534829,126.93388064572558
EVT-0074,True,2020-08-09 20:00:00,-5,-3,0,35.93399625248779,126.93388064572558
EVT-0074,True,2020-08-09 20:00:00,-5,-2,0,35.94304275149267,126.93388064572558
EVT-0074,True,2020-08-09 20:00:00,-5,-1,0,35.95208925049756,126.93388064572558
EVT-0074,True,2020-08-09 20:00:00,-5,0,0,35.96113574950244,126.93388064572558
EVT-0074,True,2020-08-09 20:00:00,-5,1,0,35.97018224850733,126.93388064572558
EVT-0074,True,2020-08-09 20:00:00,-4,-5,0,35.91590325447802,126.94497828000878
EVT-0074,True,2020-08-09 20:00:00,-4,-4,0,35.9249497534829,126.94497828000878
EVT-0074,True,2020-08-09 20:00:00,-4,-3,0,35.93399625248779,126.94497828000878
EVT-0074,True,2020-08-09 20:00:00,-4,-2,1,35.94304275149267,126.94497828000878
EVT-0074,True,2020-08-09 20:00:00,-4,-1,0,35.95208925049756,126.94497828000878
EVT-0074,True,2020-08-09 20:00:00,-4,0,0,35.96113574950244,126.94497828000878
EVT-0074,True,2020-08-09 20:00:00,-4,1,0,35.97018224850733,126.94497828000878
EVT-0074,True,2020-08-09 20:00:00,-4,2,0,35.97922874751221,126.94497828000878
EVT-0074,True,2020-08-09 20:00:00,-3,-6,0,35.90685675547313,126.95607591429199
EVT-0074,True,2020-08-09 20:00:00,-3,-5,0,35.91590325447802,126.95607591429199
EVT-0074,True,2020-08-09 20:00:00,-3,-4,0,35.9249497534829,126.95607591429199
EVT-0074,True,2020-08-09 20:00:00,-3,-3,0,35.93399625248779,126.95607591429199
EVT-0074,True,2020-08-09 20:00:00,-3,-2,1,35.94304275149267,126.95607591429199
EVT-0074,True,2020-08-09 20:00:00,-3,-1,0,35.95208925049756,126.95607591429199
EVT-0074,True,2020-08-09 20:00:00,-3,0,0,35.96113574950244,126.95607591429199
EVT-0074,True,2020-08-09 20:00:00,-3,1,0,35.97018224850733,126.95607591429199
EVT-0074,True,2020-08-09 20:00:00,-2,-6,0,35.90685675547313,126.96717354857519
EVT-0074,True,2020-08-09 20:00:00,-2,-5,0,35.91590325447802,126.96717354857519
EVT-0074,True,2020-08-09 20:00:00,-2,-4,0,35.9249497534829,126.96717354857519
EVT-0074,True,2020-08-09 20:00:00,-2,-3,0,35.93399625248779,126.96717354857519
EVT-0074,True,2020-08-09 20:00:00,-2,-2,1,35.94304275149267,126.96717354857519
EVT-0074,True,2020-08-09 20:00:00,-2,-1,0,35.95208925049756,126.96717354857519
EVT-0074,True,2020-08-09 20:00:00,-2,0,1,35.96113574950244,126.96717354857519
EVT-0074,True,2020-08-09 20:00:00,-2,1,0,35.97018224850733,126.96717354857519
EVT-0074,True,2020-08-09 20:00:00,-1,-5,0,35.91590325447802,126.97827118285839
EVT-0074,True,2020-08-09 20:00:00,-1,-4,0,35.9249497534829,126.97827118285839
EVT-0074,True,2020-08-09 20:00:00,-1,-3,0,35.93399625248779,126.97827118285839
EVT-0074,True,2020-08-09 20:00:00,-1,-2,0,35.94304275149267,126.97827118285839
EVT-0074,True,2020-08-09 20:00:00,-1,-1,0,35.95208925049756,126.97827118285839
EVT-0074,True,2020-08-09 20:00:00,-1,0,0,35.96113574950244,126.97827118285839
EVT-0074,True,2020-08-09 20:00:00,-1,1,0,35.97018224850733,126.97827118285839
EVT-0074,True,2020-08-09 20:00:00,-1,2,0,35.97922874751221,126.97827118285839
EVT-0074,True,2020-08-09 20:00:00,0,-4,0,35.9249497534829,126.9893688171416
EVT-0074,True,2020-08-09 20:00:00,0,-3,0,35.93399625248779,126.9893688171416
EVT-0074,True,2020-08-09 20:00:00,0,-2,0,35.94304275149267,126.9893688171416
EVT-0074,True,2020-08-09 20:00:00,0,-1,0,35.95208925049756,126.9893688171416
EVT-0074,True,2020-08-09 20:00:00,0,0,0,35.96113574950244,126.9893688171416
EVT-0074,True,2020-08-09 20:00:00,0,1,0,35.97018224850733,126.9893688171416
EVT-0074,True,2020-08-09 20:00:00,1,-2,0,35.94304275149267,127.0004664514248
EVT-0074,True,2020-08-09 20:00:00,1,-1,0,35.95208925049756,127.0004664514248
EVT-0074,True,2020-08-09 20:00:00,1,0,0,35.96113574950244,127.0004664514248
EVT-0074,True,2020-08-09 20:00:00,2,-1,0,35.95208925049756,127.011564085708
EVT-0075,True,2020-08-09 21:00:00,-5,-4,0,35.9249497534829,126.93388064572558
EVT-0075,True,2020-08-09 21:00:00,-5,-3,0,35.93399625248779,126.93388064572558
EVT-0075,True,2020-08-09 21:00:00,-5,-1,0,35.95208925049756,126.93388064572558
EVT-0075,True,2020-08-09 21:00:00,-5,0,0,35.96113574950244,126.93388064572558
EVT-0075,True,2020-08-09 21:00:00,-4,-5,0,35.91590325447802,126.94497828000878
EVT-0075,True,2020-08-09 21:00:00,-4,-4,0,35.9249497534829,126.94497828000878
EVT-0075,True,2020-08-09 21:00:00,-4,-3,0,35.93399625248779,126.94497828000878
EVT-0075,True,2020-08-09 21:00:00,-4,-2,0,35.94304275149267,126.94497828000878
EVT-0075,True,2020-08-09 21:00:00,-4,-1,0,35.95208925049756,126.94497828000878
EVT-0075,True,2020-08-09 21:00:00,-4,0,0,35.96113574950244,126.94497828000878
EVT-0075,True,2020-08-09 21:00:00,-4,1,0,35.97018224850733,126.94497828000878
EVT-0075,True,2020-08-09 21:00:00,-3,-6,0,35.90685675547313,126.95607591429199
EVT-0075,True,2020-08-09 21:00:00,-3,-5,0,35.91590325447802,126.95607591429199
EVT-0075,True,2020-08-09 21:00:00,-3,-4,0,35.9249497534829,126.95607591429199
EVT-0075,True,2020-08-09 21:00:00,-3,-3,0,35.93399625248779,126.95607591429199
EVT-0075,True,2020-08-09 21:00:00,-3,-2,0,35.94304275149267,126.95607591429199
EVT-0075,True,2020-08-09 21:00:00,-3,-1,0,35.95208925049756,126.95607591429199
EVT-0075,True,2020-08-09 21:00:00,-3,0,1,35.96113574950244,126.95607591429199
EVT-0075,True,2020-08-09 21:00:00,-3,1,0,35.97018224850733,126.95607591429199
EVT-0075,True,2020-08-09 21:00:00,-3,2,0,35.97922874751221,126.95607591429199
EVT-0075,True,2020-08-09 21:00:00,-2,-6,0,35.90685675547313,126.96717354857519
EVT-0075,True,2020-08-09 21:00:00,-2,-5,0,35.91590325447802,126.96717354857519
EVT-0075,True,2020-08-09 21:00:00,-2,-4,1,35.9249497534829,126.96717354857519
EVT-0075,True,2020-08-09 21:00:00,-2,-3,1,35.93399625248779,126.96717354857519
EVT-0075,True,2020-08-09 21:00:00,-2,-2,0,35.94304275149267,126.96717354857519
EVT-0075,True,2020-08-09 21:00:00,-2,-1,0,35.95208925049756,126.96717354857519
EVT-0075,True,2020-08-09 21:00:00,-2,0,0,35.96113574950244,126.96717354857519
EVT-0075,True,2020-08-09 21:00:00,-2,1,0,35.97018224850733,126.96717354857519
EVT-0075,True,2020-08-09 21:00:00,-1,-5,0,35.91590325447802,126.97827118285839
EVT-0075,True,2020-08-09 21:00:00,-1,-4,0,35.9249497534829,126.97827118285839
EVT-0075,True,2020-08-09 21:00:00,-1,-3,0,35.93399625248779,126.97827118285839
EVT-0075,True,2020-08-09 21:00:00,-1,-2,0,35.94304275149267,126.97827118285839
EVT-0075,True,2020-08-09 21:00:00,-1,-1,0,35.95208925049756,126.97827118285839
EVT-0075,True,2020-08-09 21:00:00,-1,0,0,35.96113574950244,126.97827118285839
EVT-0075,True,2020-08-09 21:00:00,0,-4,0,35.9249497534829,126.9893688171416
EVT-0075,True,2020-08-09 21:00:00,0,-3,0,35.93399625248779,126.9893688171416
EVT-0076,True,2020-08-09 22:00:00,-7,-2,0,35.94304275149267,126.91168537715917
EVT-0076,True,2020-08-09 22:00:00,-7,-1,0,35.95208925049756,126.91168537715917
EVT-0076,True,2020-08-09 22:00:00,-6,-3,0,35.93399625248779,126.92278301144238
EVT-0076,True,2020-08-09 22:00:00,-6,-2,0,35.94304275149267,126.92278301144238
EVT-0076,True,2020-08-09 22:00:00,-6,-1,0,35.95208925049756,126.92278301144238
EVT-0076,True,2020-08-09 22:00:00,-6,0,0,35.96113574950244,126.92278301144238
EVT-0076,True,2020-08-09 22:00:00,-5,-4,0,35.9249497534829,126.93388064572558
EVT-0076,True,2020-08-09 22:00:00,-5,-3,0,35.93399625248779,126.93388064572558
EVT-0076,True,2020-08-09 22:00:00,-5,-2,1,35.94304275149267,126.93388064572558
EVT-0076,True,2020-08-09 22:00:00,-5,-1,0,35.95208925049756,126.93388064572558
EVT-0076,True,2020-08-09 22:00:00,-5,0,0,35.96113574950244,126.93388064572558
EVT-0076,True,2020-08-09 22:00:00,-5,1,0,35.97018224850733,126.93388064572558
EVT-0076,True,2020-08-09 22:00:00,-4,-5,0,35.91590325447802,126.94497828000878
EVT-0076,True,2020-08-09 22:00:00,-4,-4,0,35.9249497534829,126.94497828000878
EVT-0076,True,2020-08-09 22:00:00,-4,-3,0,35.93399625248779,126.94497828000878
EVT-0076,True,2020-08-09 22:00:00,-4,-2,0,35.94304275149267,126.94497828000878
EVT-0076,True,2020-08-09 22:00:00,-4,-1,0,35.95208925049756,126.94497828000878
EVT-0076,True,2020-08-09 22:00:00,-4,0,0,35.96113574950244,126.94497828000878
EVT-0076,True,2020-08-09 22:00:00,-3,-6,0,35.90685675547313,126.95607591429199
EVT-0076,True,2020-08-09 22:00:00,-3,-5,0,35.91590325447802,126.95607591429199
EVT-0076,True,2020-08-09 22:00:00,-3,-4,0,35.9249497534829,126.95607591429199
EVT-0076,True,2020-08-09 22:00:00,-3,-3,0,35.93399625248779,126.95607591429199
EVT-0076,True,2020-08-09 22:00:00,-3,-2,0,35.94304275149267,126.95607591429199
EVT-0076,True,2020-08-09 22:00:00,-3,-1,0,35.95208925049756,126.95607591429199
EVT-0076,True,2020-08-09 22:00:00,-2,-5,0,35.91590325447802,126.96717354857519
EVT-0076,True,2020-08-09 22:00:00,-2,-4,0,35.9249497534829,126.96717354857519
EVT-0076,True,2020-08-09 22:00:00,-2,-3,1,35.93399625248779,126.96717354857519
EVT-0076,True,2020-08-09 22:00:00,-2,-2,0,35.94304275149267,126.96717354857519
EVT-0076,True,2020-08-09 22:00:00,-2,-1,0,35.95208925049756,126.96717354857519
EVT-0076,True,2020-08-09 22:00:00,-1,-4,0,35.9249497534829,126.97827118285839
EVT-0076,True,2020-08-09 22:00:00,-1,-3,0,35.93399625248779,126.97827118285839
EVT-0076,True,2020-08-09 22:00:00,-1,-2,0,35.94304275149267,126.97827118285839
EVT-0076,True,2020-08-09 22:00:00,0,-3,0,35.93399625248779,126.9893688171416
EVT-0077,True,2020-08-10 19:00:00,-2,-1,0,35.95208925049756,126.96717354857519
EVT-0077,True,2020-08-10 19:00:00,-2,0,0,35.96113574950244,126.96717354857519
EVT-0077,True,2020-08-10 19:00:00,-1,-2,0,35.94304275149267,126.97827118285839
EVT-0077,True,2020-08-10 19:00:00,-1,-1,1,35.95208925049756,126.97827118285839
EVT-0077,True,2020-08-10 19:00:00,-1,0,1,35.96113574950244,126.97827118285839
EVT-0077,True,2020-08-10 19:00:00,-1,1,0,35.97018224850733,126.97827118285839
EVT-0077,True,2020-08-10 19:00:00,0,-3,0,35.93399625248779,126.9893688171416
EVT-0077,True,2020-08-10 19:00:00,0,-2,0,35.94304275149267,126.9893688171416
EVT-0077,True,2020-08-10 19:00:00,0,-1,1,35.95208925049756,126.9893688171416
EVT-0077,True,2020-08-10 19:00:00,0,0,1,35.96113574950244,126.9893688171416
EVT-0077,True,2020-08-10 19:00:00,0,1,0,35.97018224850733,126.9893688171416
EVT-0077,True,2020-08-10 19:00:00,0,2,0,35.97922874751221,126.9893688171416
EVT-0077,True,2020-08-10 19:00:00,1,-2,0,35.94304275149267,127.0004664514248
EVT-0077,True,2020-08-10 19:00:00,1,-1,0,35.95208925049756,127.0004664514248
EVT-0077,True,2020-08-10 19:00:00,1,0,1,35.96113574950244,127.0004664514248
EVT-0077,True,2020-08-10 19:00:00,1,1,0,35.97018224850733,127.0004664514248
EVT-0077,True,2020-08-10 19:00:00,2,-1,0,35.95208925049756,127.011564085708
EVT-0077,True,2020-08-10 19:00:00,2,0,0,35.96113574950244,127.011564085708
EVT-0078,True,2020-08-13 00:00:00,-4,-4,0,35.9249497534829,126.94497828000878
EVT-0078,True,2020-08-13 00:00:00,-4,-3,0,35.93399625248779,126.94497828000878
EVT-0078,True,2020-08-13 00:00:00,-3,-5,0,35.91590325447802,126.95607591429199
EVT-0078,True,2020-08-13 00:00:00,-3,-4,0,35.9249497534829,126.95607591429199
EVT-0078,True,2020-08-13 00:00:00,-3,-3,0,35.93399625248779,126.95607591429199
EVT-0078,True,2020-08-13 00:00:00,-3,-2,0,35.94304275149267,126.95607591429199
EVT-0078,True,2020-08-13 00:00:00,-3,0,0,35.96113574950244,126.95607591429199
EVT-0078,True,2020-08-13 00:00:00,-2,-6,0,35.90685675547313,126.96717354857519
EVT-0078,True,2020-08-13 00:00:00,-2,-5,0,35.91590325447802,126.96717354857519
EVT-0078,True,2020-08-13 00:00:00,-2,-4,0,35.9249497534829,126.96717354857519
EVT-0078,True,2020-08-13 00:00:00,-2,-3,0,35.93399625248779,126.96717354857519
EVT-0078,True,2020-08-13 00:00:00,-2,-2,0,35.94304275149267,126.96717354857519
EVT-0078,True,2020-08-13 00:00:00,-2,-1,1,35.95208925049756,126.96717354857519
EVT-0078,True,2020-08-13 00:00:00,-2,0,1,35.96113574950244,126.96717354857519
EVT-0078,True,2020-08-13 00:00:00,-2,1,0,35.97018224850733,126.96717354857519
EVT-0078,True,2020-08-13 00:00:00,-1,-5,0,35.91590325447802,126.97827118285839
EVT-0078,True,2020-08-13 00:00:00,-1,-4,0,35.9249497534829,126.97827118285839
EVT-0078,True,2020-08-13 00:00:00,-1,-3,0,35.93399625248779,126.97827118285839
EVT-0078,True,2020-08-13 00:00:00,-1,-2,0,35.94304275149267,126.97827118285839
EVT-0078,True,2020-08-13 00:00:00,-1,-1,1,35.95208925049756,126.97827118285839
EVT-0078,True,2020-08-13 00:00:00,-1,0,1,35.96113574950244,126.97827118285839
EVT-0078,True,2020-08-13 00:00:00,-1,1,0,35.97018224850733,126.97827118285839
EVT-0078,True,2020-08-13 00:00:00,-1,2,0,35.97922874751221,126.97827118285839
EVT-0078,True,2020-08-13 00:00:00,0,-4,0,35.9249497534829,126.9893688171416
EVT-0078,True,2020-08-13 00:00:00,0,-3,0,35.93399625248779,126.9893688171416
EVT-0078,True,2020-08-13 00:00:00,0,-2,0,35.94304275149267,126.9893688171416
EVT-0078,True,2020-08-13 00:00:00,0,-1,1,35.95208925049756,126.9893688171416
EVT-0078,True,2020-08-13 00:00:00,0,0,1,35.96113574950244,126.9893688171416
EVT-0078,True,2020-08-13 00:00:00,0,1,0,35.97018224850733,126.9893688171416
EVT-0078,True,2020-08-13 00:00:00,0,2,0,35.97922874751221,126.9893688171416
EVT-0078,True,2020-08-13 00:00:00,1,-3,0,35.93399625248779,127.0004664514248
EVT-0078,True,2020-08-13 00:00:00,1,-2,0,35.94304275149267,127.0004664514248
EVT-0078,True,2020-08-13 00:00:00,1,-1,0,35.95208925049756,127.0004664514248
EVT-0078,True,2020-08-13 00:00:00,1,0,0,35.96113574950244,127.0004664514248
EVT-0078,True,2020-08-13 00:00:00,1,1,0,35.97018224850733,127.0004664514248
EVT-0078,True,2020-08-13 00:00:00,2,-1,0,35.95208925049756,127.011564085708
EVT-0078,True,2020-08-13 00:00:00,2,0,0,35.96113574950244,127.011564085708
EVT-0079,True,2020-08-13 01:00:00,-5,-4,0,35.9249497534829,126.93388064572558
EVT-0079,True,2020-08-13 01:00:00,-4,-5,0,35.91590325447802,126.94497828000878
EVT-0079,True,2020-08-13 01:00:00,-4,-4,0,35.9249497534829,126.94497828000878
EVT-0079,True,2020-08-13 01:00:00,-4,-3,1,35.93399625248779,126.94497828000878
EVT-0079,True,2020-08-13 01:00:00,-4,0,1,35.96113574950244,126.94497828000878
EVT-0079,True,2020-08-13 01:00:00,-3,-6,0,35.90685675547313,126.95607591429199
EVT-0079,True,2020-08-13 01:00:00,-3,-5,0,35.91590325447802,126.95607591429199
EVT-0079,True,2020-08-13 01:00:00,-3,-4,0,35.9249497534829,126.95607591429199
EVT-0079,True,2020-08-13 01:00:00,-3,-3,1,35.93399625248779,126.95607591429199
EVT-0079,True,2020-08-13 01:00:00,-3,-2,0,35.94304275149267,126.95607591429199
EVT-0079,True,2020-08-13 01:00:00,-3,-1,0,35.95208925049756,126.95607591429199
EVT-0079,True,2020-08-13 01:00:00,-3,0,0,35.96113574950244,126.95607591429199
EVT-0079,True,2020-08-13 01:00:00,-3,1,0,35.97018224850733,126.95607591429199
EVT-0079,True,2020-08-13 01:00:00,-2,-5,0,35.91590325447802,126.96717354857519
EVT-0079,True,2020-08-13 01:00:00,-2,-4,0,35.9249497534829,126.96717354857519
EVT-0079,True,2020-08-13 01:00:00,-2,-3,1,35.93399625248779,126.96717354857519
EVT-0079,True,2020-08-13 01:00:00,-2,-2,0,35.94304275149267,126.96717354857519
EVT-0079,True,2020-08-13 01:00:00,-2,-1,0,35.95208925049756,126.96717354857519
EVT-0079,True,2020-08-13 01:00:00,-2,0,1,35.96113574950244,126.96717354857519
EVT-0079,True,2020-08-13 01:00:00,-2,1,0,35.97018224850733,126.96717354857519
EVT-0079,True,2020-08-13 01:00:00,-2,2,0,35.97922874751221,126.96717354857519
EVT-0079,True,2020-08-13 01:00:00,-1,-4,0,35.9249497534829,126.97827118285839
EVT-0079,True,2020-08-13 01:00:00,-1,-3,0,35.93399625248779,126.97827118285839
EVT-0079,True,2020-08-13 01:00:00,-1,-2,0,35.94304275149267,126.97827118285839
EVT-0079,True,2020-08-13 01:00:00,-1,-1,1,35.95208925049756,126.97827118285839
EVT-0079,True,2020-08-13 01:00:00,-1,0,1,35.96113574950244,126.97827118285839
EVT-0079,True,2020-08-13 01:00:00,-1,1,0,35.97018224850733,126.97827118285839
EVT-0079,True,2020-08-13 01:00:00,-1,2,0,35.97922874751221,126.97827118285839
EVT-0079,True,2020-08-13 01:00:00,0,-3,0,35.93399625248779,126.9893688171416
EVT-0079,True,2020-08-13 01:00:00,0,-2,0,35.94304275149267,126.9893688171416
EVT-0079,True,2020-08-13 01:00:00,0,-1,0,35.95208925049756,126.9893688171416
EVT-0079,True,2020-08-13 01:00:00,0,0,0,35.96113574950244,126.9893688171416
EVT-0079,True,2020-08-13 01:00:00,0,1,0,35.97018224850733,126.9893688171416
EVT-0079,True,2020-08-13 01:00:00,0,2,0,35.97922874751221,126.9893688171416
EVT-0079,True,2020-08-13 01:00:00,1,-1,0,35.95208925049756,127.0004664514248
EVT-0079,True,2020-08-13 01:00:00,1,0,0,35.96113574950244,127.0004664514248
EVT-0079,True,2020-08-13 01:00:00,1,1,0,35.97018224850733,127.0004664514248
EVT-0079,True,2020-08-13 01:00:00,2,0,0,35.96113574950244,127.011564085708
EVT-0081,True,2020-08-15 23:00:00,-7,-2,0,35.94304275149267,126.91168537715917
EVT-0081,True,2020-08-15 23:00:00,-7,-1,0,35.95208925049756,126.91168537715917
EVT-0081,True,2020-08-15 23:00:00,-6,-3,0,35.93399625248779,126.92278301144238
EVT-0081,True,2020-08-15 23:00:00,-6,-2,0,35.94304275149267,126.92278301144238
EVT-0081,True,2020-08-15 23:00:00,-6,-1,0,35.95208925049756,126.92278301144238
EVT-0081,True,2020-08-15 23:00:00,-6,0,0,35.96113574950244,126.92278301144238
EVT-0081,True,2020-08-15 23:00:00,-5,-4,0,35.9249497534829,126.93388064572558
EVT-0081,True,2020-08-15 23:00:00,-5,-3,1,35.93399625248779,126.93388064572558
EVT-0081,True,2020-08-15 23:00:00,-5,-2,1,35.94304275149267,126.93388064572558
EVT-0081,True,2020-08-15 23:00:00,-5,-1,1,35.95208925049756,126.93388064572558
EVT-0081,True,2020-08-15 23:00:00,-5,0,0,35.96113574950244,126.93388064572558
EVT-0081,True,2020-08-15 23:00:00,-5,1,0,35.97018224850733,126.93388064572558
EVT-0081,True,2020-08-15 23:00:00,-4,-5,0,35.91590325447802,126.94497828000878
EVT-0081,True,2020-08-15 23:00:00,-4,-4,0,35.9249497534829,126.94497828000878
EVT-0081,True,2020-08-15 23:00:00,-4,-3,0,35.93399625248779,126.94497828000878
EVT-0081,True,2020-08-15 23:00:00,-4,-2,0,35.94304275149267,126.94497828000878
EVT-0081,True,2020-08-15 23:00:00,-4,-1,1,35.95208925049756,126.94497828000878
EVT-0081,True,2020-08-15 23:00:00,-4,0,0,35.96113574950244,126.94497828000878
EVT-0081,True,2020-08-15 23:00:00,-4,1,0,35.97018224850733,126.94497828000878
EVT-0081,True,2020-08-15 23:00:00,-4,2,0,35.97922874751221,126.94497828000878
EVT-0081,True,2020-08-15 23:00:00,-3,-6,0,35.90685675547313,126.95607591429199
EVT-0081,True,2020-08-15 23:00:00,-3,-5,0,35.91590325447802,126.95607591429199
EVT-0081,True,2020-08-15 23:00:00,-3,-4,0,35.9249497534829,126.95607591429199
EVT-0081,True,2020-08-15 23:00:00,-3,-3,0,35.93399625248779,126.95607591429199
EVT-0081,True,2020-08-15 23:00:00,-3,-2,0,35.94304275149267,126.95607591429199
EVT-0081,True,2020-08-15 23:00:00,-3,-1,0,35.95208925049756,126.95607591429199
EVT-0081,True,2020-08-15 23:00:00,-3,0,0,35.96113574950244,126.95607591429199
EVT-0081,True,2020-08-15 23:00:00,-3,1,0,35.97018224850733,126.95607591429199
EVT-0081,True,2020-08-15 23:00:00,-2,-6,0,35.90685675547313,126.96717354857519
EVT-0081,True,2020-08-15 23:00:00,-2,-5,0,35.91590325447802,126.96717354857519
EVT-0081,True,2020-08-15 23:00:00,-2,-4,1,35.9249497534829,126.96717354857519
EVT-0081,True,2020-08-15 23:00:00,-2,-3,1,35.93399625248779,126.96717354857519
EVT-0081,True,2020-08-15 23:00:00,-2,-2,1,35.94304275149267,126.96717354857519
EVT-0081,True,2020-08-15 23:00:00,-2,-1,1,35.95208925049756,126.96717354857519
EVT-0081,True,2020-08-15 23:00:00,-2,0,1,35.96113574950244,126.96717354857519
EVT-0081,True,2020-08-15 23:00:00,-2,1,0,35.97018224850733,126.96717354857519
EVT-0081,True,2020-08-15 23:00:00,-2,2,0,35.97922874751221,126.96717354857519
EVT-0081,True,2020-08-15 23:00:00,-1,-5,0,35.91590325447802,126.97827118285839
EVT-0081,True,2020-08-15 23:00:00,-1,-4,0,35.9249497534829,126.97827118285839
EVT-0081,True,2020-08-15 23:00:00,-1,-3,0,35.93399625248779,126.97827118285839
EVT-0081,True,2020-08-15 23:00:00,-1,-2,0,35.94304275149267,126.97827118285839
EVT-0081,True,2020-08-15 23:00:00,-1,-1,0,35.95208925049756,126.97827118285839
EVT-0081,True,2020-08-15 23:00:00,-1,0,1,35.96113574950244,126.97827118285839
EVT-0081,True,2020-08-15 23:00:00,-1,1,0,35.97018224850733,126.97827118285839
EVT-0081,True,2020-08-15 23:00:00,0,-4,0,35.9249497534829,126.9893688171416
EVT-0081,True,2020-08-15 23:00:00,0,-3,0,35.93399625248779,126.9893688171416
EVT-0081,True,2020-08-15 23:00:00,0,-2,0,35.94304275149267,126.9893688171416
EVT-0081,True,2020-08-15 23:00:00,0,-1,0,35.95208925049756,126.9893688171416
EVT-0081,True,2020-08-15 23:00:00,0,0,0,35.96113574950244,126.9893688171416
EVT-0081,True,2020-08-15 23:00:00,0,1,0,35.97018224850733,126.9893688171416
EVT-0081,True,2020-08-15 23:00:00,0,2,0,35.97922874751221,126.9893688171416
EVT-0081,True,2020-08-15 23:00:00,1,-2,0,35.94304275149267,127.0004664514248
EVT-0081,True,2020-08-15 23:00:00,1,-1,0,35.95208925049756,127.0004664514248
EVT-0081,True,2020-08-15 23:00:00,1,0,0,35.96113574950244,127.0004664514248
EVT-0081,True,2020-08-15 23:00:00,1,1,0,35.97018224850733,127.0004664514248
EVT-0081,True,2020-08-15 23:00:00,1,2,0,35.97922874751221,127.0004664514248
EVT-0081,True,2020-08-15 23:00:00,2,-1,0,35.95208925049756,127.011564085708
EVT-0081,True,2020-08-15 23:00:00,2,0,0,35.96113574950244,127.011564085708
EVT-0081,True,2020-08-15 23:00:00,2,1,0,35.97018224850733,127.011564085708
EVT-0081,True,2020-08-15 23:00:00,3,0,0,35.96113574950244,127.0226617199912
EVT-0082,True,2020-08-16 23:00:00,-7,-3,0,35.93399625248779,126.91168537715917
EVT-0082,True,2020-08-16 23:00:00,-6,-4,0,35.9249497534829,126.92278301144238
EVT-0082,True,2020-08-16 23:00:00,-6,-3,0,35.93399625248779,126.92278301144238
EVT-0082,True,2020-08-16 23:00:00,-6,-2,0,35.94304275149267,126.92278301144238
EVT-0082,True,2020-08-16 23:00:00,-5,-5,0,35.91590325447802,126.93388064572558
EVT-0082,True,2020-08-16 23:00:00,-5,-4,0,35.9249497534829,126.93388064572558
EVT-0082,True,2020-08-16 23:00:00,-5,-3,0,35.93399625248779,126.93388064572558
EVT-0082,True,2020-08-16 23:00:00,-5,-2,0,35.94304275149267,126.93388064572558
EVT-0082,True,2020-08-16 23:00:00,-5,-1,0,35.95208925049756,126.93388064572558
EVT-0082,True,2020-08-16 23:00:00,-4,-4,0,35.9249497534829,126.94497828000878
EVT-0082,True,2020-08-16 23:00:00,-4,-3,0,35.93399625248779,126.94497828000878
EVT-0082,True,2020-08-16 23:00:00,-4,-2,0,35.94304275149267,126.94497828000878
EVT-0082,True,2020-08-16 23:00:00,-3,-5,0,35.91590325447802,126.95607591429199
EVT-0082,True,2020-08-16 23:00:00,-3,-4,1,35.9249497534829,126.95607591429199
EVT-0082,True,2020-08-16 23:00:00,-3,-3,0,35.93399625248779,126.95607591429199
EVT-0082,True,2020-08-16 23:00:00,-3,-2,0,35.94304275149267,126.95607591429199
EVT-0082,True,2020-08-16 23:00:00,-2,-6,0,35.90685675547313,126.96717354857519
EVT-0082,True,2020-08-16 23:00:00,-2,-5,0,35.91590325447802,126.96717354857519
EVT-0082,True,2020-08-16 23:00:00,-2,-4,1,35.9249497534829,126.96717354857519
EVT-0082,True,2020-08-16 23:00:00,-2,-3,1,35.93399625248779,126.96717354857519
EVT-0082,True,2020-08-16 23:00:00,-2,-2,0,35.94304275149267,126.96717354857519
EVT-0082,True,2020-08-16 23:00:00,-2,-1,0,35.95208925049756,126.96717354857519
EVT-0082,True,2020-08-16 23:00:00,-1,-5,0,35.91590325447802,126.97827118285839
EVT-0082,True,2020-08-16 23:00:00,-1,-4,0,35.9249497534829,126.97827118285839
EVT-0082,True,2020-08-16 23:00:00,-1,-3,0,35.93399625248779,126.97827118285839
EVT-0082,True,2020-08-16 23:00:00,-1,-2,0,35.94304275149267,126.97827118285839
EVT-0082,True,2020-08-16 23:00:00,-1,-1,1,35.95208925049756,126.97827118285839
EVT-0082,True,2020-08-16 23:00:00,-1,0,1,35.96113574950244,126.97827118285839
EVT-0082,True,2020-08-16 23:00:00,0,-4,0,35.9249497534829,126.9893688171416
EVT-0082,True,2020-08-16 23:00:00,0,-3,0,35.93399625248779,126.9893688171416
EVT-0082,True,2020-08-16 23:00:00,0,-2,0,35.94304275149267,126.9893688171416
EVT-0082,True,2020-08-16 23:00:00,0,-1,1,35.95208925049756,126.9893688171416
EVT-0082,True,2020-08-16 23:00:00,0,0,0,35.96113574950244,126.9893688171416
EVT-0082,True,2020-08-16 23:00:00,0,1,0,35.97018224850733,126.9893688171416
EVT-0082,True,2020-08-16 23:00:00,1,-2,0,35.94304275149267,127.0004664514248
EVT-0082,True,2020-08-16 23:00:00,1,-1,0,35.95208925049756,127.0004664514248
EVT-0082,True,2020-08-16 23:00:00,1,0,0,35.96113574950244,127.0004664514248
EVT-0082,True,2020-08-16 23:00:00,2,-1,0,35.95208925049756,127.011564085708
EVT-0083,True,2020-08-17 00:00:00,-5,-4,0,35.9249497534829,126.93388064572558
EVT-0083,True,2020-08-17 00:00:00,-5,-3,0,35.93399625248779,126.93388064572558
EVT-0083,True,2020-08-17 00:00:00,-4,-5,0,35.91590325447802,126.94497828000878
EVT-0083,True,2020-08-17 00:00:00,-4,-4,0,35.9249497534829,126.94497828000878
EVT-0083,True,2020-08-17 00:00:00,-4,-3,0,35.93399625248779,126.94497828000878
EVT-0083,True,2020-08-17 00:00:00,-4,-2,0,35.94304275149267,126.94497828000878
EVT-0083,True,2020-08-17 00:00:00,-4,-1,1,35.95208925049756,126.94497828000878
EVT-0083,True,2020-08-17 00:00:00,-4,0,0,35.96113574950244,126.94497828000878
EVT-0083,True,2020-08-17 00:00:00,-3,-6,0,35.90685675547313,126.95607591429199
EVT-0083,True,2020-08-17 00:00:00,-3,-5,0,35.91590325447802,126.95607591429199
EVT-0083,True,2020-08-17 00:00:00,-3,-4,0,35.9249497534829,126.95607591429199
EVT-0083,True,2020-08-17 00:00:00,-3,-3,0,35.93399625248779,126.95607591429199
EVT-0083,True,2020-08-17 00:00:00,-3,-2,0,35.94304275149267,126.95607591429199
EVT-0083,True,2020-08-17 00:00:00,-3,-1,0,35.95208925049756,126.95607591429199
EVT-0083,True,2020-08-17 00:00:00,-3,0,0,35.96113574950244,126.95607591429199
EVT-0083,True,2020-08-17 00:00:00,-3,1,0,35.97018224850733,126.95607591429199
EVT-0083,True,2020-08-17 00:00:00,-2,-5,0,35.91590325447802,126.96717354857519
EVT-0083,True,2020-08-17 00:00:00,-2,-4,1,35.9249497534829,126.96717354857519
EVT-0083,True,2020-08-17 00:00:00,-2,-3,0,35.93399625248779,126.96717354857519
EVT-0083,True,2020-08-17 00:00:00,-2,-2,0,35.94304275149267,126.96717354857519
EVT-0083,True,2020-08-17 00:00:00,-2,-1,0,35.95208925049756,126.96717354857519
EVT-0083,True,2020-08-17 00:00:00,-2,0,0,35.96113574950244,126.96717354857519
EVT-0083,True,2020-08-17 00:00:00,-2,1,0,35.97018224850733,126.96717354857519
EVT-0083,True,2020-08-17 00:00:00,-2,2,0,35.97922874751221,126.96717354857519
EVT-0083,True,2020-08-17 00:00:00,-1,-4,0,35.9249497534829,126.97827118285839
EVT-0083,True,2020-08-17 00:00:00,-1,-3,0,35.93399625248779,126.97827118285839
EVT-0083,True,2020-08-17 00:00:00,-1,-2,0,35.94304275149267,126.97827118285839
EVT-0083,True,2020-08-17 00:00:00,-1,-1,1,35.95208925049756,126.97827118285839
EVT-0083,True,2020-08-17 00:00:00,-1,0,0,35.96113574950244,126.97827118285839
EVT-0083,True,2020-08-17 00:00:00,-1,1,0,35.97018224850733,126.97827118285839
EVT-0083,True,2020-08-17 00:00:00,0,-3,0,35.93399625248779,126.9893688171416
EVT-0083,True,2020-08-17 00:00:00,0,-2,0,35.94304275149267,126.9893688171416
EVT-0083,True,2020-08-17 00:00:00,0,-1,0,35.95208925049756,126.9893688171416
EVT-0083,True,2020-08-17 00:00:00,0,0,0,35.96113574950244,126.9893688171416
EVT-0083,True,2020-08-17 00:00:00,0,1,0,35.97018224850733,126.9893688171416
EVT-0083,True,2020-08-17 00:00:00,0,2,0,35.97922874751221,126.9893688171416
EVT-0083,True,2020-08-17 00:00:00,1,-2,0,35.94304275149267,127.0004664514248
EVT-0083,True,2020-08-17 00:00:00,1,-1,0,35.95208925049756,127.0004664514248
EVT-0083,True,2020-08-17 00:00:00,1,0,0,35.96113574950244,127.0004664514248
EVT-0083,True,2020-08-17 00:00:00,1,1,0,35.97018224850733,127.0004664514248
EVT-0083,True,2020-08-17 00:00:00,1,2,0,35.97922874751221,127.0004664514248
EVT-0083,True,2020-08-17 00:00:00,2,-1,0,35.95208925049756,127.011564085708
EVT-0083,True,2020-08-17 00:00:00,2,0,0,35.96113574950244,127.011564085708
EVT-0083,True,2020-08-17 00:00:00,2,1,0,35.97018224850733,127.011564085708
EVT-0083,True,2020-08-17 00:00:00,3,0,0,35.96113574950244,127.0226617199912
EVT-0084,True,2020-08-17 01:00:00,-5,-4,0,35.9249497534829,126.93388064572558
EVT-0084,True,2020-08-17 01:00:00,-4,-5,0,35.91590325447802,126.94497828000878
EVT-0084,True,2020-08-17 01:00:00,-4,-4,0,35.9249497534829,126.94497828000878
EVT-0084,True,2020-08-17 01:00:00,-4,-3,0,35.93399625248779,126.94497828000878
EVT-0084,True,2020-08-17 01:00:00,-4,-1,0,35.95208925049756,126.94497828000878
EVT-0084,True,2020-08-17 01:00:00,-4,0,0,35.96113574950244,126.94497828000878
EVT-0084,True,2020-08-17 01:00:00,-3,-6,0,35.90685675547313,126.95607591429199
EVT-0084,True,2020-08-17 01:00:00,-3,-5,0,35.91590325447802,126.95607591429199
EVT-0084,True,2020-08-17 01:00:00,-3,-4,0,35.9249497534829,126.95607591429199
EVT-0084,True,2020-08-17 01:00:00,-3,-3,0,35.93399625248779,126.95607591429199
EVT-0084,True,2020-08-17 01:00:00,-3,-2,0,35.94304275149267,126.95607591429199
EVT-0084,True,2020-08-17 01:00:00,-3,-1,0,35.95208925049756,126.95607591429199
EVT-0084,True,2020-08-17 01:00:00,-3,0,0,35.96113574950244,126.95607591429199
EVT-0084,True,2020-08-17 01:00:00,-3,1,0,35.97018224850733,126.95607591429199
EVT-0084,True,2020-08-17 01:00:00,-2,-5,0,35.91590325447802,126.96717354857519
EVT-0084,True,2020-08-17 01:00:00,-2,-4,0,35.9249497534829,126.96717354857519
EVT-0084,True,2020-08-17 01:00:00,-2,-3,0,35.93399625248779,126.96717354857519
EVT-0084,True,2020-08-17 01:00:00,-2,-2,0,35.94304275149267,126.96717354857519
EVT-0084,True,2020-08-17 01:00:00,-2,-1,0,35.95208925049756,126.96717354857519
EVT-0084,True,2020-08-17 01:00:00,-2,0,0,35.96113574950244,126.96717354857519
EVT-0084,True,2020-08-17 01:00:00,-2,1,0,35.97018224850733,126.96717354857519
EVT-0084,True,2020-08-17 01:00:00,-2,2,0,35.97922874751221,126.96717354857519
EVT-0084,True,2020-08-17 01:00:00,-1,-4,0,35.9249497534829,126.97827118285839
EVT-0084,True,2020-08-17 01:00:00,-1,-3,0,35.93399625248779,126.97827118285839
EVT-0084,True,2020-08-17 01:00:00,-1,-2,0,35.94304275149267,126.97827118285839
EVT-0084,True,2020-08-17 01:00:00,-1,-1,1,35.95208925049756,126.97827118285839
EVT-0084,True,2020-08-17 01:00:00,-1,0,1,35.96113574950244,126.97827118285839
EVT-0084,True,2020-08-17 01:00:00,-1,1,0,35.97018224850733,126.97827118285839
EVT-0084,True,2020-08-17 01:00:00,-1,2,0,35.97922874751221,126.97827118285839
EVT-0084,True,2020-08-17 01:00:00,0,-3,0,35.93399625248779,126.9893688171416
EVT-0084,True,2020-08-17 01:00:00,0,-2,0,35.94304275149267,126.9893688171416
EVT-0084,True,2020-08-17 01:00:00,0,-1,0,35.95208925049756,126.9893688171416
EVT-0084,True,2020-08-17 01:00:00,0,0,0,35.96113574950244,126.9893688171416
EVT-0084,True,2020-08-17 01:00:00,0,1,0,35.97018224850733,126.9893688171416
EVT-0084,True,2020-08-17 01:00:00,0,2,0,35.97922874751221,126.9893688171416
EVT-0084,True,2020-08-17 01:00:00,1,-1,0,35.95208925049756,127.0004664514248
EVT-0084,True,2020-08-17 01:00:00,1,0,0,35.96113574950244,127.0004664514248
EVT-0084,True,2020-08-17 01:00:00,1,1,0,35.97018224850733,127.0004664514248
EVT-0084,True,2020-08-17 01:00:00,2,0,0,35.96113574950244,127.011564085708
EVT-0085,True,2020-08-17 05:00:00,-5,-4,0,35.9249497534829,126.93388064572558
EVT-0085,True,2020-08-17 05:00:00,-5,-3,1,35.93399625248779,126.93388064572558
EVT-0085,True,2020-08-17 05:00:00,-4,-5,0,35.91590325447802,126.94497828000878
EVT-0085,True,2020-08-17 05:00:00,-4,-4,0,35.9249497534829,126.94497828000878
EVT-0085,True,2020-08-17 05:00:00,-4,-3,1,35.93399625248779,126.94497828000878
EVT-0085,True,2020-08-17 05:00:00,-4,-2,0,35.94304275149267,126.94497828000878
EVT-0085,True,2020-08-17 05:00:00,-4,-1,0,35.95208925049756,126.94497828000878
EVT-0085,True,2020-08-17 05:00:00,-3,-6,0,35.90685675547313,126.95607591429199
EVT-0085,True,2020-08-17 05:00:00,-3,-5,0,35.91590325447802,126.95607591429199
EVT-0085,True,2020-08-17 05:00:00,-3,-4,0,35.9249497534829,126.95607591429199
EVT-0085,True,2020-08-17 05:00:00,-3,-3,0,35.93399625248779,126.95607591429199
EVT-0085,True,2020-08-17 05:00:00,-3,-2,0,35.94304275149267,126.95607591429199
EVT-0085,True,2020-08-17 05:00:00,-3,-1,0,35.95208925049756,126.95607591429199
EVT-0085,True,2020-08-17 05:00:00,-3,0,0,35.96113574950244,126.95607591429199
EVT-0085,True,2020-08-17 05:00:00,-2,-5,0,35.91590325447802,126.96717354857519
EVT-0085,True,2020-08-17 05:00:00,-2,-4,1,35.9249497534829,126.96717354857519
EVT-0085,True,2020-08-17 05:00:00,-2,-3,0,35.93399625248779,126.96717354857519
EVT-0085,True,2020-08-17 05:00:00,-2,-2,0,35.94304275149267,126.96717354857519
EVT-0085,True,2020-08-17 05:00:00,-2,-1,0,35.95208925049756,126.96717354857519
EVT-0085,True,2020-08-17 05:00:00,-2,0,0,35.96113574950244,126.96717354857519
EVT-0085,True,2020-08-17 05:00:00,-2,1,0,35.97018224850733,126.96717354857519
EVT-0085,True,2020-08-17 05:00:00,-1,-4,0,35.9249497534829,126.97827118285839
EVT-0085,True,2020-08-17 05:00:00,-1,-3,0,35.93399625248779,126.97827118285839
EVT-0085,True,2020-08-17 05:00:00,-1,-2,0,35.94304275149267,126.97827118285839
EVT-0085,True,2020-08-17 05:00:00,-1,-1,0,35.95208925049756,126.97827118285839
EVT-0085,True,2020-08-17 05:00:00,-1,0,1,35.96113574950244,126.97827118285839
EVT-0085,True,2020-08-17 05:00:00,-1,1,0,35.97018224850733,126.97827118285839
EVT-0085,True,2020-08-17 05:00:00,0,-2,0,35.94304275149267,126.9893688171416
EVT-0085,True,2020-08-17 05:00:00,0,-1,0,35.95208925049756,126.9893688171416
EVT-0085,True,2020-08-17 05:00:00,0,0,0,35.96113574950244,126.9893688171416
EVT-0085,True,2020-08-17 05:00:00,0,1,0,35.97018224850733,126.9893688171416
EVT-0085,True,2020-08-17 05:00:00,0,2,0,35.97922874751221,126.9893688171416
EVT-0085,True,2020-08-17 05:00:00,1,-1,0,35.95208925049756,127.0004664514248
EVT-0085,True,2020-08-17 05:00:00,1,0,0,35.96113574950244,127.0004664514248
EVT-0085,True,2020-08-17 05:00:00,1,1,0,35.97018224850733,127.0004664514248
EVT-0085,True,2020-08-17 05:00:00,2,0,0,35.96113574950244,127.011564085708
EVT-0086,True,2020-08-19 06:00:00,-7,-5,0,35.91590325447802,126.91168537715917
EVT-0086,True,2020-08-19 06:00:00,-6,-6,0,35.90685675547313,126.92278301144238
EVT-0086,True,2020-08-19 06:00:00,-6,-5,0,35.91590325447802,126.92278301144238
EVT-0086,True,2020-08-19 06:00:00,-6,-4,0,35.9249497534829,126.92278301144238
EVT-0086,True,2020-08-19 06:00:00,-6,-3,0,35.93399625248779,126.92278301144238
EVT-0086,True,2020-08-19 06:00:00,-6,-2,0,35.94304275149267,126.92278301144238
EVT-0086,True,2020-08-19 06:00:00,-5,-7,0,35.89781025646825,126.93388064572558
EVT-0086,True,2020-08-19 06:00:00,-5,-6,0,35.90685675547313,126.93388064572558
EVT-0086,True,2020-08-19 06:00:00,-5,-5,0,35.91590325447802,126.93388064572558
EVT-0086,True,2020-08-19 06:00:00,-5,-4,0,35.9249497534829,126.93388064572558
EVT-0086,True,2020-08-19 06:00:00,-5,-3,0,35.93399625248779,126.93388064572558
EVT-0086,True,2020-08-19 06:00:00,-5,-2,0,35.94304275149267,126.93388064572558
EVT-0086,True,2020-08-19 06:00:00,-5,-1,0,35.95208925049756,126.93388064572558
EVT-0086,True,2020-08-19 06:00:00,-4,-6,0,35.90685675547313,126.94497828000878
EVT-0086,True,2020-08-19 06:00:00,-4,-5,0,35.91590325447802,126.94497828000878
EVT-0086,True,2020-08-19 06:00:00,-4,-4,0,35.9249497534829,126.94497828000878
EVT-0086,True,2020-08-19 06:00:00,-4,-3,0,35.93399625248779,126.94497828000878
EVT-0086,True,2020-08-19 06:00:00,-4,-2,1,35.94304275149267,126.94497828000878
EVT-0086,True,2020-08-19 06:00:00,-4,-1,0,35.95208925049756,126.94497828000878
EVT-0086,True,2020-08-19 06:00:00,-4,0,0,35.96113574950244,126.94497828000878
EVT-0086,True,2020-08-19 06:00:00,-3,-5,0,35.91590325447802,126.95607591429199
EVT-0086,True,2020-08-19 06:00:00,-3,-4,0,35.9249497534829,126.95607591429199
EVT-0086,True,2020-08-19 06:00:00,-3,-3,1,35.93399625248779,126.95607591429199
EVT-0086,True,2020-08-19 06:00:00,-3,-2,0,35.94304275149267,126.95607591429199
EVT-0086,True,2020-08-19 06:00:00,-3,-1,0,35.95208925049756,126.95607591429199
EVT-0086,True,2020-08-19 06:00:00,-3,0,0,35.96113574950244,126.95607591429199
EVT-0086,True,2020-08-19 06:00:00,-2,-3,0,35.93399625248779,126.96717354857519
EVT-0086,True,2020-08-19 06:00:00,-2,-2,0,35.94304275149267,126.96717354857519
EVT-0086,True,2020-08-19 06:00:00,-2,-1,0,35.95208925049756,126.96717354857519
EVT-0086,True,2020-08-19 06:00:00,-2,0,0,35.96113574950244,126.96717354857519
EVT-0086,True,2020-08-19 06:00:00,-2,1,0,35.97018224850733,126.96717354857519
EVT-0086,True,2020-08-19 06:00:00,-1,-3,0,35.93399625248779,126.97827118285839
EVT-0086,True,2020-08-19 06:00:00,-1,-2,0,35.94304275149267,126.97827118285839
EVT-0086,True,2020-08-19 06:00:00,-1,-1,0,35.95208925049756,126.97827118285839
EVT-0086,True,2020-08-19 06:00:00,-1,0,0,35.96113574950244,126.97827118285839
EVT-0086,True,2020-08-19 06:00:00,-1,1,0,35.97018224850733,126.97827118285839
EVT-0086,True,2020-08-19 06:00:00,-1,2,0,35.97922874751221,126.97827118285839
EVT-0086,True,2020-08-19 06:00:00,0,-2,0,35.94304275149267,126.9893688171416
EVT-0086,True,2020-08-19 06:00:00,0,-1,0,35.95208925049756,126.9893688171416
EVT-0086,True,2020-08-19 06:00:00,0,0,1,35.96113574950244,126.9893688171416
EVT-0086,True,2020-08-19 06:00:00,0,1,0,35.97018224850733,126.9893688171416
EVT-0086,True,2020-08-19 06:00:00,1,-2,0,35.94304275149267,127.0004664514248
EVT-0086,True,2020-08-19 06:00:00,1,-1,0,35.95208925049756,127.0004664514248
EVT-0086,True,2020-08-19 06:00:00,1,0,0,35.96113574950244,127.0004664514248
EVT-0086,True,2020-08-19 06:00:00,1,1,0,35.97018224850733,127.0004664514248
EVT-0086,True,2020-08-19 06:00:00,1,2,0,35.97922874751221,127.0004664514248
EVT-0086,True,2020-08-19 06:00:00,2,-1,0,35.95208925049756,127.011564085708
EVT-0086,True,2020-08-19 06:00:00,2,0,0,35.96113574950244,127.011564085708
EVT-0086,True,2020-08-19 06:00:00,2,1,0,35.97018224850733,127.011564085708
EVT-0086,True,2020-08-19 06:00:00,3,0,0,35.96113574950244,127.0226617199912
EVT-0087,True,2020-08-19 07:00:00,-7,-3,0,35.93399625248779,126.91168537715917
EVT-0087,True,2020-08-19 07:00:00,-6,-4,0,35.9249497534829,126.92278301144238
EVT-0087,True,2020-08-19 07:00:00,-6,-3,0,35.93399625248779,126.92278301144238
EVT-0087,True,2020-08-19 07:00:00,-6,-2,0,35.94304275149267,126.92278301144238
EVT-0087,True,2020-08-19 07:00:00,-5,-5,0,35.91590325447802,126.93388064572558
EVT-0087,True,2020-08-19 07:00:00,-5,-4,0,35.9249497534829,126.93388064572558
EVT-0087,True,2020-08-19 07:00:00,-5,-3,0,35.93399625248779,126.93388064572558
EVT-0087,True,2020-08-19 07:00:00,-5,-2,0,35.94304275149267,126.93388064572558
EVT-0087,True,2020-08-19 07:00:00,-5,-1,0,35.95208925049756,126.93388064572558
EVT-0087,True,2020-08-19 07:00:00,-4,-5,0,35.91590325447802,126.94497828000878
EVT-0087,True,2020-08-19 07:00:00,-4,-4,0,35.9249497534829,126.94497828000878
EVT-0087,True,2020-08-19 07:00:00,-4,-3,0,35.93399625248779,126.94497828000878
EVT-0087,True,2020-08-19 07:00:00,-4,-2,0,35.94304275149267,126.94497828000878
EVT-0087,True,2020-08-19 07:00:00,-4,-1,0,35.95208925049756,126.94497828000878
EVT-0087,True,2020-08-19 07:00:00,-4,0,0,35.96113574950244,126.94497828000878
EVT-0087,True,2020-08-19 07:00:00,-3,-4,0,35.9249497534829,126.95607591429199
EVT-0087,True,2020-08-19 07:00:00,-3,-3,0,35.93399625248779,126.95607591429199
EVT-0087,True,2020-08-19 07:00:00,-3,-2,0,35.94304275149267,126.95607591429199
EVT-0087,True,2020-08-19 07:00:00,-3,-1,0,35.95208925049756,126.95607591429199
EVT-0087,True,2020-08-19 07:00:00,-3,0,0,35.96113574950244,126.95607591429199
EVT-0087,True,2020-08-19 07:00:00,-3,1,0,35.97018224850733,126.95607591429199
EVT-0087,True,2020-08-19 07:00:00,-2,-3,0,35.93399625248779,126.96717354857519
EVT-0087,True,2020-08-19 07:00:00,-2,-2,0,35.94304275149267,126.96717354857519
EVT-0087,True,2020-08-19 07:00:00,-2,-1,0,35.95208925049756,126.96717354857519
EVT-0087,True,2020-08-19 07:00:00,-2,0,0,35.96113574950244,126.96717354857519
EVT-0087,True,2020-08-19 07:00:00,-2,1,0,35.97018224850733,126.96717354857519
EVT-0087,True,2020-08-19 07:00:00,-2,2,0,35.97922874751221,126.96717354857519
EVT-0087,True,2020-08-19 07:00:00,-1,-2,0,35.94304275149267,126.97827118285839
EVT-0087,True,2020-08-19 07:00:00,-1,-1,0,35.95208925049756,126.97827118285839
EVT-0087,True,2020-08-19 07:00:00,-1,0,1,35.96113574950244,126.97827118285839
EVT-0087,True,2020-08-19 07:00:00,-1,1,0,35.97018224850733,126.97827118285839
EVT-0087,True,2020-08-19 07:00:00,0,-3,0,35.93399625248779,126.9893688171416
EVT-0087,True,2020-08-19 07:00:00,0,-2,0,35.94304275149267,126.9893688171416
EVT-0087,True,2020-08-19 07:00:00,0,-1,0,35.95208925049756,126.9893688171416
EVT-0087,True,2020-08-19 07:00:00,0,0,1,35.96113574950244,126.9893688171416
EVT-0087,True,2020-08-19 07:00:00,0,1,0,35.97018224850733,126.9893688171416
EVT-0087,True,2020-08-19 07:00:00,0,2,0,35.97922874751221,126.9893688171416
EVT-0087,True,2020-08-19 07:00:00,1,-2,0,35.94304275149267,127.0004664514248
EVT-0087,True,2020-08-19 07:00:00,1,-1,0,35.95208925049756,127.0004664514248
EVT-0087,True,2020-08-19 07:00:00,1,0,0,35.96113574950244,127.0004664514248
EVT-0087,True,2020-08-19 07:00:00,1,1,0,35.97018224850733,127.0004664514248
EVT-0087,True,2020-08-19 07:00:00,1,2,0,35.97922874751221,127.0004664514248
EVT-0087,True,2020-08-19 07:00:00,2,-1,0,35.95208925049756,127.011564085708
EVT-0087,True,2020-08-19 07:00:00,2,0,0,35.96113574950244,127.011564085708
EVT-0087,True,2020-08-19 07:00:00,2,1,0,35.97018224850733,127.011564085708
EVT-0087,True,2020-08-19 07:00:00,3,0,0,35.96113574950244,127.0226617199912
EVT-0088,True,2020-08-20 01:00:00,-3,-1,0,35.95208925049756,126.95607591429199
EVT-0088,True,2020-08-20 01:00:00,-3,0,0,35.96113574950244,126.95607591429199
EVT-0088,True,2020-08-20 01:00:00,-2,-2,0,35.94304275149267,126.96717354857519
EVT-0088,True,2020-08-20 01:00:00,-2,-1,0,35.95208925049756,126.96717354857519
EVT-0088,True,2020-08-20 01:00:00,-2,0,0,35.96113574950244,126.96717354857519
EVT-0088,True,2020-08-20 01:00:00,-2,1,0,35.97018224850733,126.96717354857519
EVT-0088,True,2020-08-20 01:00:00,-1,-3,0,35.93399625248779,126.97827118285839
EVT-0088,True,2020-08-20 01:00:00,-1,-2,0,35.94304275149267,126.97827118285839
EVT-0088,True,2020-08-20 01:00:00,-1,-1,1,35.95208925049756,126.97827118285839
EVT-0088,True,2020-08-20 01:00:00,-1,0,1,35.96113574950244,126.97827118285839
EVT-0088,True,2020-08-20 01:00:00,-1,1,1,35.97018224850733,126.97827118285839
EVT-0088,True,2020-08-20 01:00:00,-1,2,0,35.97922874751221,126.97827118285839
EVT-0088,True,2020-08-20 01:00:00,0,-3,0,35.93399625248779,126.9893688171416
EVT-0088,True,2020-08-20 01:00:00,0,-2,0,35.94304275149267,126.9893688171416
EVT-0088,True,2020-08-20 01:00:00,0,-1,1,35.95208925049756,126.9893688171416
EVT-0088,True,2020-08-20 01:00:00,0,0,1,35.96113574950244,126.9893688171416
EVT-0088,True,2020-08-20 01:00:00,0,1,1,35.97018224850733,126.9893688171416
EVT-0088,True,2020-08-20 01:00:00,0,2,0,35.97922874751221,126.9893688171416
EVT-0088,True,2020-08-20 01:00:00,1,-3,0,35.93399625248779,127.0004664514248
EVT-0088,True,2020-08-20 01:00:00,1,-2,0,35.94304275149267,127.0004664514248
EVT-0088,True,2020-08-20 01:00:00,1,-1,0,35.95208925049756,127.0004664514248
EVT-0088,True,2020-08-20 01:00:00,1,0,0,35.96113574950244,127.0004664514248
EVT-0088,True,2020-08-20 01:00:00,1,1,0,35.97018224850733,127.0004664514248
EVT-0088,True,2020-08-20 01:00:00,2,-2,0,35.94304275149267,127.011564085708
EVT-0088,True,2020-08-20 01:00:00,2,-1,0,35.95208925049756,127.011564085708
EVT-0088,True,2020-08-20 01:00:00,2,0,0,35.96113574950244,127.011564085708
EVT-0088,True,2020-08-20 01:00:00,2,1,0,35.97018224850733,127.011564085708
EVT-0088,True,2020-08-20 01:00:00,2,2,0,35.97922874751221,127.011564085708
EVT-0088,True,2020-08-20 01:00:00,3,-1,0,35.95208925049756,127.0226617199912
EVT-0088,True,2020-08-20 01:00:00,3,0,0,35.96113574950244,127.0226617199912
EVT-0088,True,2020-08-20 01:00:00,3,1,0,35.97018224850733,127.0226617199912
EVT-0088,True,2020-08-20 01:00:00,4,0,0,35.96113574950244,127.03375935427441
EVT-0089,True,2020-08-22 20:00:00,-4,-4,0,35.9249497534829,126.94497828000878
EVT-0089,True,2020-08-22 20:00:00,-3,-5,0,35.91590325447802,126.95607591429199
EVT-0089,True,2020-08-22 20:00:00,-3,-4,0,35.9249497534829,126.95607591429199
EVT-0089,True,2020-08-22 20:00:00,-3,-3,0,35.93399625248779,126.95607591429199
EVT-0089,True,2020-08-22 20:00:00,-3,0,0,35.96113574950244,126.95607591429199
EVT-0089,True,2020-08-22 20:00:00,-2,-6,0,35.90685675547313,126.96717354857519
EVT-0089,True,2020-08-22 20:00:00,-2,-5,0,35.91590325447802,126.96717354857519
EVT-0089,True,2020-08-22 20:00:00,-2,-4,0,35.9249497534829,126.96717354857519
EVT-0089,True,2020-08-22 20:00:00,-2,-3,1,35.93399625248779,126.96717354857519
EVT-0089,True,2020-08-22 20:00:00,-2,-2,0,35.94304275149267,126.96717354857519
EVT-0089,True,2020-08-22 20:00:00,-2,-1,0,35.95208925049756,126.96717354857519
EVT-0089,True,2020-08-22 20:00:00,-2,0,0,35.96113574950244,126.96717354857519
EVT-0089,True,2020-08-22 20:00:00,-2,1,0,35.97018224850733,126.96717354857519
EVT-0089,True,2020-08-22 20:00:00,-1,-5,0,35.91590325447802,126.97827118285839
EVT-0089,True,2020-08-22 20:00:00,-1,-4,0,35.9249497534829,126.97827118285839
EVT-0089,True,2020-08-22 20:00:00,-1,-3,0,35.93399625248779,126.97827118285839
EVT-0089,True,2020-08-22 20:00:00,-1,-2,0,35.94304275149267,126.97827118285839
EVT-0089,True,2020-08-22 20:00:00,-1,-1,1,35.95208925049756,126.97827118285839
EVT-0089,True,2020-08-22 20:00:00,-1,0,1,35.96113574950244,126.97827118285839
EVT-0089,True,2020-08-22 20:00:00,-1,1,0,35.97018224850733,126.97827118285839
EVT-0089,True,2020-08-22 20:00:00,-1,2,0,35.97922874751221,126.97827118285839
EVT-0089,True,2020-08-22 20:00:00,0,-4,0,35.9249497534829,126.9893688171416
EVT-0089,True,2020-08-22 20:00:00,0,-2,0,35.94304275149267,126.9893688171416
EVT-0089,True,2020-08-22 20:00:00,0,-1,1,35.95208925049756,126.9893688171416
EVT-0089,True,2020-08-22 20:00:00,0,0,1,35.96113574950244,126.9893688171416
EVT-0089,True,2020-08-22 20:00:00,0,1,0,35.97018224850733,126.9893688171416
EVT-0089,True,2020-08-22 20:00:00,0,2,0,35.97922874751221,126.9893688171416
EVT-0089,True,2020-08-22 20:00:00,1,-2,0,35.94304275149267,127.0004664514248
EVT-0089,True,2020-08-22 20:00:00,1,-1,1,35.95208925049756,127.0004664514248
EVT-0089,True,2020-08-22 20:00:00,1,0,0,35.96113574950244,127.0004664514248
EVT-0089,True,2020-08-22 20:00:00,1,1,0,35.97018224850733,127.0004664514248
EVT-0089,True,2020-08-22 20:00:00,1,2,0,35.97922874751221,127.0004664514248
EVT-0089,True,2020-08-22 20:00:00,2,-1,0,35.95208925049756,127.011564085708
EVT-0089,True,2020-08-22 20:00:00,2,0,0,35.96113574950244,127.011564085708
EVT-0089,True,2020-08-22 20:00:00,2,1,0,35.97018224850733,127.011564085708
EVT-0089,True,2020-08-22 20:00:00,3,0,0,35.96113574950244,127.0226617199912
EVT-0090,True,2020-08-22 22:00:00,-5,-4,0,35.9249497534829,126.93388064572558
EVT-0090,True,2020-08-22 22:00:00,-5,0,0,35.96113574950244,126.93388064572558
EVT-0090,True,2020-08-22 22:00:00,-4,-5,0,35.91590325447802,126.94497828000878
EVT-0090,True,2020-08-22 22:00:00,-4,-4,0,35.9249497534829,126.94497828000878
EVT-0090,True,2020-08-22 22:00:00,-4,-3,0,35.93399625248779,126.94497828000878
EVT-0090,True,2020-08-22 22:00:00,-4,-1,0,35.95208925049756,126.94497828000878
EVT-0090,True,2020-08-22 22:00:00,-4,0,0,35.96113574950244,126.94497828000878
EVT-0090,True,2020-08-22 22:00:00,-4,1,0,35.97018224850733,126.94497828000878
EVT-0090,True,2020-08-22 22:00:00,-3,-6,0,35.90685675547313,126.95607591429199
EVT-0090,True,2020-08-22 22:00:00,-3,-5,0,35.91590325447802,126.95607591429199
EVT-0090,True,2020-08-22 22:00:00,-3,-4,0,35.9249497534829,126.95607591429199
EVT-0090,True,2020-08-22 22:00:00,-3,-3,0,35.93399625248779,126.95607591429199
EVT-0090,True,2020-08-22 22:00:00,-3,-2,0,35.94304275149267,126.95607591429199
EVT-0090,True,2020-08-22 22:00:00,-3,-1,0,35.95208925049756,126.95607591429199
EVT-0090,True,2020-08-22 22:00:00,-3,0,0,35.96113574950244,126.95607591429199
EVT-0090,True,2020-08-22 22:00:00,-3,1,0,35.97018224850733,126.95607591429199
EVT-0090,True,2020-08-22 22:00:00,-3,2,0,35.97922874751221,126.95607591429199
EVT-0090,True,2020-08-22 22:00:00,-2,-6,0,35.90685675547313,126.96717354857519
EVT-0090,True,2020-08-22 22:00:00,-2,-5,0,35.91590325447802,126.96717354857519
EVT-0090,True,2020-08-22 22:00:00,-2,-4,0,35.9249497534829,126.96717354857519
EVT-0090,True,2020-08-22 22:00:00,-2,-3,1,35.93399625248779,126.96717354857519
EVT-0090,True,2020-08-22 22:00:00,-2,-2,0,35.94304275149267,126.96717354857519
EVT-0090,True,2020-08-22 22:00:00,-2,-1,1,35.95208925049756,126.96717354857519
EVT-0090,True,2020-08-22 22:00:00,-2,0,0,35.96113574950244,126.96717354857519
EVT-0090,True,2020-08-22 22:00:00,-2,1,0,35.97018224850733,126.96717354857519
EVT-0090,True,2020-08-22 22:00:00,-1,-5,0,35.91590325447802,126.97827118285839
EVT-0090,True,2020-08-22 22:00:00,-1,-4,0,35.9249497534829,126.97827118285839
EVT-0090,True,2020-08-22 22:00:00,-1,-3,0,35.93399625248779,126.97827118285839
EVT-0090,True,2020-08-22 22:00:00,-1,-2,0,35.94304275149267,126.97827118285839
EVT-0090,True,2020-08-22 22:00:00,-1,-1,0,35.95208925049756,126.97827118285839
EVT-0090,True,2020-08-22 22:00:00,-1,0,0,35.96113574950244,126.97827118285839
EVT-0090,True,2020-08-22 22:00:00,-1,1,0,35.97018224850733,126.97827118285839
EVT-0090,True,2020-08-22 22:00:00,-1,2,0,35.97922874751221,126.97827118285839
EVT-0090,True,2020-08-22 22:00:00,0,-4,0,35.9249497534829,126.9893688171416
EVT-0090,True,2020-08-22 22:00:00,0,-3,0,35.93399625248779,126.9893688171416
EVT-0090,True,2020-08-22 22:00:00,0,-2,0,35.94304275149267,126.9893688171416
EVT-0090,True,2020-08-22 22:00:00,0,-1,1,35.95208925049756,126.9893688171416
EVT-0090,True,2020-08-22 22:00:00,0,0,0,35.96113574950244,126.9893688171416
EVT-0090,True,2020-08-22 22:00:00,0,1,0,35.97018224850733,126.9893688171416
EVT-0090,True,2020-08-22 22:00:00,1,-1,0,35.95208925049756,127.0004664514248
EVT-0090,True,2020-08-22 22:00:00,1,0,0,35.96113574950244,127.0004664514248
EVT-0092,True,2020-08-28 17:00:00,-4,-4,0,35.9249497534829,126.94497828000878
EVT-0092,True,2020-08-28 17:00:00,-4,-3,1,35.93399625248779,126.94497828000878
EVT-0092,True,2020-08-28 17:00:00,-4,0,0,35.96113574950244,126.94497828000878
EVT-0092,True,2020-08-28 17:00:00,-3,-5,0,35.91590325447802,126.95607591429199
EVT-0092,True,2020-08-28 17:00:00,-3,-4,0,35.9249497534829,126.95607591429199
EVT-0092,True,2020-08-28 17:00:00,-3,-3,0,35.93399625248779,126.95607591429199
EVT-0092,True,2020-08-28 17:00:00,-3,-2,0,35.94304275149267,126.95607591429199
EVT-0092,True,2020-08-28 17:00:00,-3,-1,0,35.95208925049756,126.95607591429199
EVT-0092,True,2020-08-28 17:00:00,-3,0,0,35.96113574950244,126.95607591429199
EVT-0092,True,2020-08-28 17:00:00,-3,1,0,35.97018224850733,126.95607591429199
EVT-0092,True,2020-08-28 17:00:00,-2,-6,0,35.90685675547313,126.96717354857519
EVT-0092,True,2020-08-28 17:00:00,-2,-5,0,35.91590325447802,126.96717354857519
EVT-0092,True,2020-08-28 17:00:00,-2,-4,0,35.9249497534829,126.96717354857519
EVT-0092,True,2020-08-28 17:00:00,-2,-3,0,35.93399625248779,126.96717354857519
EVT-0092,True,2020-08-28 17:00:00,-2,-2,0,35.94304275149267,126.96717354857519
EVT-0092,True,2020-08-28 17:00:00,-2,-1,0,35.95208925049756,126.96717354857519
EVT-0092,True,2020-08-28 17:00:00,-2,0,0,35.96113574950244,126.96717354857519
EVT-0092,True,2020-08-28 17:00:00,-2,1,0,35.97018224850733,126.96717354857519
EVT-0092,True,2020-08-28 17:00:00,-2,2,0,35.97922874751221,126.96717354857519
EVT-0092,True,2020-08-28 17:00:00,-1,-5,0,35.91590325447802,126.97827118285839
EVT-0092,True,2020-08-28 17:00:00,-1,-4,0,35.9249497534829,126.97827118285839
EVT-0092,True,2020-08-28 17:00:00,-1,-3,0,35.93399625248779,126.97827118285839
EVT-0092,True,2020-08-28 17:00:00,-1,-2,0,35.94304275149267,126.97827118285839
EVT-0092,True,2020-08-28 17:00:00,-1,-1,0,35.95208925049756,126.97827118285839
EVT-0092,True,2020-08-28 17:00:00,-1,0,0,35.96113574950244,126.97827118285839
EVT-0092,True,2020-08-28 17:00:00,-1,1,0,35.97018224850733,126.97827118285839
EVT-0092,True,2020-08-28 17:00:00,-1,2,0,35.97922874751221,126.97827118285839
EVT-0092,True,2020-08-28 17:00:00,0,-4,0,35.9249497534829,126.9893688171416
EVT-0092,True,2020-08-28 17:00:00,0,-3,0,35.93399625248779,126.9893688171416
EVT-0092,True,2020-08-28 17:00:00,0,-2,0,35.94304275149267,126.9893688171416
EVT-0092,True,2020-08-28 17:00:00,0,-1,0,35.95208925049756,126.9893688171416
EVT-0092,True,2020-08-28 17:00:00,0,0,0,35.96113574950244,126.9893688171416
EVT-0092,True,2020-08-28 17:00:00,0,1,0,35.97018224850733,126.9893688171416
EVT-0092,True,2020-08-28 17:00:00,0,2,0,35.97922874751221,126.9893688171416
EVT-0092,True,2020-08-28 17:00:00,1,-1,0,35.95208925049756,127.0004664514248
EVT-0092,True,2020-08-28 17:00:00,1,0,0,35.96113574950244,127.0004664514248
EVT-0092,True,2020-08-28 17:00:00,1,1,0,35.97018224850733,127.0004664514248
EVT-0092,True,2020-08-28 17:00:00,2,0,0,35.96113574950244,127.011564085708
EVT-0093,True,2020-08-29 17:00:00,-7,-3,0,35.93399625248779,126.91168537715917
EVT-0093,True,2020-08-29 17:00:00,-7,-2,0,35.94304275149267,126.91168537715917
EVT-0093,True,2020-08-29 17:00:00,-6,-4,0,35.9249497534829,126.92278301144238
EVT-0093,True,2020-08-29 17:00:00,-6,-3,0,35.93399625248779,126.92278301144238
EVT-0093,True,2020-08-29 17:00:00,-6,-2,0,35.94304275149267,126.92278301144238
EVT-0093,True,2020-08-29 17:00:00,-6,-1,0,35.95208925049756,126.92278301144238
EVT-0093,True,2020-08-29 17:00:00,-5,-5,0,35.91590325447802,126.93388064572558
EVT-0093,True,2020-08-29 17:00:00,-5,-4,0,35.9249497534829,126.93388064572558
EVT-0093,True,2020-08-29 17:00:00,-5,-3,0,35.93399625248779,126.93388064572558
EVT-0093,True,2020-08-29 17:00:00,-5,-2,0,35.94304275149267,126.93388064572558
EVT-0093,True,2020-08-29 17:00:00,-5,-1,0,35.95208925049756,126.93388064572558
EVT-0093,True,2020-08-29 17:00:00,-5,0,0,35.96113574950244,126.93388064572558
EVT-0093,True,2020-08-29 17:00:00,-4,-5,0,35.91590325447802,126.94497828000878
EVT-0093,True,2020-08-29 17:00:00,-4,-4,0,35.9249497534829,126.94497828000878
EVT-0093,True,2020-08-29 17:00:00,-4,-3,0,35.93399625248779,126.94497828000878
EVT-0093,True,2020-08-29 17:00:00,-4,-2,0,35.94304275149267,126.94497828000878
EVT-0093,True,2020-08-29 17:00:00,-4,-1,0,35.95208925049756,126.94497828000878
EVT-0093,True,2020-08-29 17:00:00,-4,0,0,35.96113574950244,126.94497828000878
EVT-0093,True,2020-08-29 17:00:00,-3,-5,0,35.91590325447802,126.95607591429199
EVT-0093,True,2020-08-29 17:00:00,-3,-4,0,35.9249497534829,126.95607591429199
EVT-0093,True,2020-08-29 17:00:00,-3,-3,0,35.93399625248779,126.95607591429199
EVT-0093,True,2020-08-29 17:00:00,-3,-2,0,35.94304275149267,126.95607591429199
EVT-0093,True,2020-08-29 17:00:00,-3,-1,0,35.95208925049756,126.95607591429199
EVT-0093,True,2020-08-29 17:00:00,-3,0,0,35.96113574950244,126.95607591429199
EVT-0093,True,2020-08-29 17:00:00,-2,-6,0,35.90685675547313,126.96717354857519
EVT-0093,True,2020-08-29 17:00:00,-2,-5,0,35.91590325447802,126.96717354857519
EVT-0093,True,2020-08-29 17:00:00,-2,-4,0,35.9249497534829,126.96717354857519
EVT-0093,True,2020-08-29 17:00:00,-2,-3,0,35.93399625248779,126.96717354857519
EVT-0093,True,2020-08-29 17:00:00,-2,-2,0,35.94304275149267,126.96717354857519
EVT-0093,True,2020-08-29 17:00:00,-2,-1,0,35.95208925049756,126.96717354857519
EVT-0093,True,2020-08-29 17:00:00,-2,0,0,35.96113574950244,126.96717354857519
EVT-0093,True,2020-08-29 17:00:00,-2,1,0,35.97018224850733,126.96717354857519
EVT-0093,True,2020-08-29 17:00:00,-1,-5,0,35.91590325447802,126.97827118285839
EVT-0093,True,2020-08-29 17:00:00,-1,-4,0,35.9249497534829,126.97827118285839
EVT-0093,True,2020-08-29 17:00:00,-1,-3,0,35.93399625248779,126.97827118285839
EVT-0093,True,2020-08-29 17:00:00,-1,-2,0,35.94304275149267,126.97827118285839
EVT-0093,True,2020-08-29 17:00:00,-1,-1,0,35.95208925049756,126.97827118285839
EVT-0093,True,2020-08-29 17:00:00,-1,0,0,35.96113574950244,126.97827118285839
EVT-0093,True,2020-08-29 17:00:00,-1,1,0,35.97018224850733,126.97827118285839
EVT-0093,True,2020-08-29 17:00:00,-1,2,0,35.97922874751221,126.97827118285839
EVT-0093,True,2020-08-29 17:00:00,0,-4,0,35.9249497534829,126.9893688171416
EVT-0093,True,2020-08-29 17:00:00,0,-2,0,35.94304275149267,126.9893688171416
EVT-0093,True,2020-08-29 17:00:00,0,-1,0,35.95208925049756,126.9893688171416
EVT-0093,True,2020-08-29 17:00:00,0,0,0,35.96113574950244,126.9893688171416
EVT-0093,True,2020-08-29 17:00:00,0,1,0,35.97018224850733,126.9893688171416
EVT-0093,True,2020-08-29 17:00:00,1,-1,0,35.95208925049756,127.0004664514248
EVT-0093,True,2020-08-29 17:00:00,1,0,1,35.96113574950244,127.0004664514248
EVT-0095,True,2020-08-31 02:00:00,-5,-3,0,35.93399625248779,126.93388064572558
EVT-0095,True,2020-08-31 02:00:00,-4,-4,0,35.9249497534829,126.94497828000878
EVT-0095,True,2020-08-31 02:00:00,-4,-3,0,35.93399625248779,126.94497828000878
EVT-0095,True,2020-08-31 02:00:00,-4,-2,1,35.94304275149267,126.94497828000878
EVT-0095,True,2020-08-31 02:00:00,-4,0,0,35.96113574950244,126.94497828000878
EVT-0095,True,2020-08-31 02:00:00,-3,-5,0,35.91590325447802,126.95607591429199
EVT-0095,True,2020-08-31 02:00:00,-3,-4,0,35.9249497534829,126.95607591429199
EVT-0095,True,2020-08-31 02:00:00,-3,-3,0,35.93399625248779,126.95607591429199
EVT-0095,True,2020-08-31 02:00:00,-3,-2,0,35.94304275149267,126.95607591429199
EVT-0095,True,2020-08-31 02:00:00,-3,-1,0,35.95208925049756,126.95607591429199
EVT-0095,True,2020-08-31 02:00:00,-3,0,0,35.96113574950244,126.95607591429199
EVT-0095,True,2020-08-31 02:00:00,-3,1,0,35.97018224850733,126.95607591429199
EVT-0095,True,2020-08-31 02:00:00,-2,-6,0,35.90685675547313,126.96717354857519
EVT-0095,True,2020-08-31 02:00:00,-2,-5,0,35.91590325447802,126.96717354857519
EVT-0095,True,2020-08-31 02:00:00,-2,-4,0,35.9249497534829,126.96717354857519
EVT-0095,True,2020-08-31 02:00:00,-2,-3,0,35.93399625248779,126.96717354857519
EVT-0095,True,2020-08-31 02:00:00,-2,-2,0,35.94304275149267,126.96717354857519
EVT-0095,True,2020-08-31 02:00:00,-2,-1,0,35.95208925049756,126.96717354857519
EVT-0095,True,2020-08-31 02:00:00,-2,0,1,35.96113574950244,126.96717354857519
EVT-0095,True,2020-08-31 02:00:00,-2,1,0,35.97018224850733,126.96717354857519
EVT-0095,True,2020-08-31 02:00:00,-2,2,0,35.97922874751221,126.96717354857519
EVT-0095,True,2020-08-31 02:00:00,-1,-5,0,35.91590325447802,126.97827118285839
EVT-0095,True,2020-08-31 02:00:00,-1,-4,0,35.9249497534829,126.97827118285839
EVT-0095,True,2020-08-31 02:00:00,-1,-3,0,35.93399625248779,126.97827118285839
EVT-0095,True,2020-08-31 02:00:00,-1,-2,0,35.94304275149267,126.97827118285839
EVT-0095,True,2020-08-31 02:00:00,-1,-1,0,35.95208925049756,126.97827118285839
EVT-0095,True,2020-08-31 02:00:00,-1,0,1,35.96113574950244,126.97827118285839
EVT-0095,True,2020-08-31 02:00:00,-1,1,0,35.97018224850733,126.97827118285839
EVT-0095,True,2020-08-31 02:00:00,-1,2,0,35.97922874751221,126.97827118285839
EVT-0095,True,2020-08-31 02:00:00,0,-4,0,35.9249497534829,126.9893688171416
EVT-0095,True,2020-08-31 02:00:00,0,-3,0,35.93399625248779,126.9893688171416
EVT-0095,True,2020-08-31 02:00:00,0,-2,0,35.94304275149267,126.9893688171416
EVT-0095,True,2020-08-31 02:00:00,0,-1,1,35.95208925049756,126.9893688171416
EVT-0095,True,2020-08-31 02:00:00,0,0,1,35.96113574950244,126.9893688171416
EVT-0095,True,2020-08-31 02:00:00,0,1,0,35.97018224850733,126.9893688171416
EVT-0095,True,2020-08-31 02:00:00,1,-2,0,35.94304275149267,127.0004664514248
EVT-0095,True,2020-08-31 02:00:00,1,-1,0,35.95208925049756,127.0004664514248
EVT-0095,True,2020-08-31 02:00:00,1,0,1,35.96113574950244,127.0004664514248
EVT-0095,True,2020-08-31 02:00:00,2,-1,0,35.95208925049756,127.011564085708
EVT-0096,True,2020-09-03 21:00:00,-2,-1,0,35.95208925049756,126.96717354857519
EVT-0096,True,2020-09-03 21:00:00,-2,0,0,35.96113574950244,126.96717354857519
EVT-0096,True,2020-09-03 21:00:00,-1,-2,0,35.94304275149267,126.97827118285839
EVT-0096,True,2020-09-03 21:00:00,-1,-1,0,35.95208925049756,126.97827118285839
EVT-0096,True,2020-09-03 21:00:00,-1,0,1,35.96113574950244,126.97827118285839
EVT-0096,True,2020-09-03 21:00:00,-1,1,0,35.97018224850733,126.97827118285839
EVT-0096,True,2020-09-03 21:00:00,0,-3,0,35.93399625248779,126.9893688171416
EVT-0096,True,2020-09-03 21:00:00,0,-2,0,35.94304275149267,126.9893688171416
EVT-0096,True,2020-09-03 21:00:00,0,-1,1,35.95208925049756,126.9893688171416
EVT-0096,True,2020-09-03 21:00:00,0,0,0,35.96113574950244,126.9893688171416
EVT-0096,True,2020-09-03 21:00:00,0,1,0,35.97018224850733,126.9893688171416
EVT-0096,True,2020-09-03 21:00:00,0,2,0,35.97922874751221,126.9893688171416
EVT-0096,True,2020-09-03 21:00:00,1,-3,0,35.93399625248779,127.0004664514248
EVT-0096,True,2020-09-03 21:00:00,1,-2,0,35.94304275149267,127.0004664514248
EVT-0096,True,2020-09-03 21:00:00,1,-1,0,35.95208925049756,127.0004664514248
EVT-0096,True,2020-09-03 21:00:00,1,0,0,35.96113574950244,127.0004664514248
EVT-0096,True,2020-09-03 21:00:00,1,1,0,35.97018224850733,127.0004664514248
EVT-0096,True,2020-09-03 21:00:00,1,2,0,35.97922874751221,127.0004664514248
EVT-0096,True,2020-09-03 21:00:00,2,-2,0,35.94304275149267,127.011564085708
EVT-0096,True,2020-09-03 21:00:00,2,-1,0,35.95208925049756,127.011564085708
EVT-0096,True,2020-09-03 21:00:00,2,0,0,35.96113574950244,127.011564085708
EVT-0096,True,2020-09-03 21:00:00,2,1,0,35.97018224850733,127.011564085708
EVT-0096,True,2020-09-03 21:00:00,2,2,0,35.97922874751221,127.011564085708
EVT-0096,True,2020-09-03 21:00:00,3,-1,0,35.95208925049756,127.0226617199912
EVT-0096,True,2020-09-03 21:00:00,3,0,0,35.96113574950244,127.0226617199912
EVT-0096,True,2020-09-03 21:00:00,3,1,0,35.97018224850733,127.0226617199912
EVT-0096,True,2020-09-03 21:00:00,4,0,0,35.96113574950244,127.03375935427441
EVT-0097,True,2020-09-03 23:00:00,-2,-1,0,35.95208925049756,126.96717354857519
EVT-0097,True,2020-09-03 23:00:00,-2,0,1,35.96113574950244,126.96717354857519
EVT-0097,True,2020-09-03 23:00:00,-1,-2,0,35.94304275149267,126.97827118285839
EVT-0097,True,2020-09-03 23:00:00,-1,-1,0,35.95208925049756,126.97827118285839
EVT-0097,True,2020-09-03 23:00:00,-1,0,1,35.96113574950244,126.97827118285839
EVT-0097,True,2020-09-03 23:00:00,-1,1,0,35.97018224850733,126.97827118285839
EVT-0097,True,2020-09-03 23:00:00,0,-3,0,35.93399625248779,126.9893688171416
EVT-0097,True,2020-09-03 23:00:00,0,-2,0,35.94304275149267,126.9893688171416
EVT-0097,True,2020-09-03 23:00:00,0,-1,1,35.95208925049756,126.9893688171416
EVT-0097,True,2020-09-03 23:00:00,0,0,0,35.96113574950244,126.9893688171416
EVT-0097,True,2020-09-03 23:00:00,0,1,0,35.97018224850733,126.9893688171416
EVT-0097,True,2020-09-03 23:00:00,0,2,0,35.97922874751221,126.9893688171416
EVT-0097,True,2020-09-03 23:00:00,1,-2,0,35.94304275149267,127.0004664514248
EVT-0097,True,2020-09-03 23:00:00,1,-1,0,35.95208925049756,127.0004664514248
EVT-0097,True,2020-09-03 23:00:00,1,0,0,35.96113574950244,127.0004664514248
EVT-0097,True,2020-09-03 23:00:00,1,1,0,35.97018224850733,127.0004664514248
EVT-0097,True,2020-09-03 23:00:00,1,2,0,35.97922874751221,127.0004664514248
EVT-0097,True,2020-09-03 23:00:00,2,-1,0,35.95208925049756,127.011564085708
EVT-0097,True,2020-09-03 23:00:00,2,0,0,35.96113574950244,127.011564085708
EVT-0097,True,2020-09-03 23:00:00,2,1,0,35.97018224850733,127.011564085708
EVT-0097,True,2020-09-03 23:00:00,3,0,0,35.96113574950244,127.0226617199912
EVT-0098,True,2020-09-04 22:00:00,-6,-2,0,35.94304275149267,126.92278301144238
EVT-0098,True,2020-09-04 22:00:00,-5,-3,0,35.93399625248779,126.93388064572558
EVT-0098,True,2020-09-04 22:00:00,-5,-2,0,35.94304275149267,126.93388064572558
EVT-0098,True,2020-09-04 22:00:00,-5,-1,0,35.95208925049756,126.93388064572558
EVT-0098,True,2020-09-04 22:00:00,-4,-4,0,35.9249497534829,126.94497828000878
EVT-0098,True,2020-09-04 22:00:00,-4,-3,0,35.93399625248779,126.94497828000878
EVT-0098,True,2020-09-04 22:00:00,-4,-2,1,35.94304275149267,126.94497828000878
EVT-0098,True,2020-09-04 22:00:00,-4,-1,0,35.95208925049756,126.94497828000878
EVT-0098,True,2020-09-04 22:00:00,-4,0,0,35.96113574950244,126.94497828000878
EVT-0098,True,2020-09-04 22:00:00,-3,-4,0,35.9249497534829,126.95607591429199
EVT-0098,True,2020-09-04 22:00:00,-3,-3,0,35.93399625248779,126.95607591429199
EVT-0098,True,2020-09-04 22:00:00,-3,-2,0,35.94304275149267,126.95607591429199
EVT-0098,True,2020-09-04 22:00:00,-3,-1,0,35.95208925049756,126.95607591429199
EVT-0098,True,2020-09-04 22:00:00,-3,0,0,35.96113574950244,126.95607591429199
EVT-0098,True,2020-09-04 22:00:00,-3,1,0,35.97018224850733,126.95607591429199
EVT-0098,True,2020-09-04 22:00:00,-2,-5,0,35.91590325447802,126.96717354857519
EVT-0098,True,2020-09-04 22:00:00,-2,-4,0,35.9249497534829,126.96717354857519
EVT-0098,True,2020-09-04 22:00:00,-2,-3,1,35.93399625248779,126.96717354857519
EVT-0098,True,2020-09-04 22:00:00,-2,-2,0,35.94304275149267,126.96717354857519
EVT-0098,True,2020-09-04 22:00:00,-2,-1,0,35.95208925049756,126.96717354857519
EVT-0098,True,2020-09-04 22:00:00,-2,0,1,35.96113574950244,126.96717354857519
EVT-0098,True,2020-09-04 22:00:00,-2,1,0,35.97018224850733,126.96717354857519
EVT-0098,True,2020-09-04 22:00:00,-2,2,0,35.97922874751221,126.96717354857519
EVT-0098,True,2020-09-04 22:00:00,-1,-4,0,35.9249497534829,126.97827118285839
EVT-0098,True,2020-09-04 22:00:00,-1,-3,0,35.93399625248779,126.97827118285839
EVT-0098,True,2020-09-04 22:00:00,-1,-2,0,35.94304275149267,126.97827118285839
EVT-0098,True,2020-09-04 22:00:00,-1,-1,0,35.95208925049756,126.97827118285839
EVT-0098,True,2020-09-04 22:00:00,-1,0,0,35.96113574950244,126.97827118285839
EVT-0098,True,2020-09-04 22:00:00,-1,1,0,35.97018224850733,126.97827118285839
EVT-0098,True,2020-09-04 22:00:00,-1,2,0,35.97922874751221,126.97827118285839
EVT-0098,True,2020-09-04 22:00:00,0,-3,0,35.93399625248779,126.9893688171416
EVT-0098,True,2020-09-04 22:00:00,0,-2,0,35.94304275149267,126.9893688171416
EVT-0098,True,2020-09-04 22:00:00,0,-1,0,35.95208925049756,126.9893688171416
EVT-0098,True,2020-09-04 22:00:00,0,0,1,35.96113574950244,126.9893688171416
EVT-0098,True,2020-09-04 22:00:00,0,1,0,35.97018224850733,126.9893688171416
EVT-0098,True,2020-09-04 22:00:00,0,2,0,35.97922874751221,126.9893688171416
EVT-0098,True,2020-09-04 22:00:00,1,-2,0,35.94304275149267,127.0004664514248
EVT-0098,True,2020-09-04 22:00:00,1,-1,0,35.95208925049756,127.0004664514248
EVT-0098,True,2020-09-04 22:00:00,1,0,0,35.96113574950244,127.0004664514248
EVT-0098,True,2020-09-04 22:00:00,1,1,0,35.97018224850733,127.0004664514248
EVT-0098,True,2020-09-04 22:00:00,1,2,0,35.97922874751221,127.0004664514248
EVT-0098,True,2020-09-04 22:00:00,2,-1,0,35.95208925049756,127.011564085708
EVT-0098,True,2020-09-04 22:00:00,2,0,0,35.96113574950244,127.011564085708
EVT-0098,True,2020-09-04 22:00:00,2,1,0,35.97018224850733,127.011564085708
EVT-0098,True,2020-09-04 22:00:00,3,0,0,35.96113574950244,127.0226617199912
EVT-0099,True,2020-09-11 10:00:00,-4,-4,0,35.9249497534829,126.94497828000878
EVT-0099,True,2020-09-11 10:00:00,-3,-5,0,35.91590325447802,126.95607591429199
EVT-0099,True,2020-09-11 10:00:00,-3,-4,0,35.9249497534829,126.95607591429199
EVT-0099,True,2020-09-11 10:00:00,-3,-3,0,35.93399625248779,126.95607591429199
EVT-0099,True,2020-09-11 10:00:00,-2,-6,0,35.90685675547313,126.96717354857519
EVT-0099,True,2020-09-11 10:00:00,-2,-5,0,35.91590325447802,126.96717354857519
EVT-0099,True,2020-09-11 10:00:00,-2,-4,0,35.9249497534829,126.96717354857519
EVT-0099,True,2020-09-11 10:00:00,-2,-3,1,35.93399625248779,126.96717354857519
EVT-0099,True,2020-09-11 10:00:00,-2,-2,0,35.94304275149267,126.96717354857519
EVT-0099,True,2020-09-11 10:00:00,-2,-1,0,35.95208925049756,126.96717354857519
EVT-0099,True,2020-09-11 10:00:00,-1,-5,0,35.91590325447802,126.97827118285839
EVT-0099,True,2020-09-11 10:00:00,-1,-4,0,35.9249497534829,126.97827118285839
EVT-0099,True,2020-09-11 10:00:00,-1,-3,0,35.93399625248779,126.97827118285839
EVT-0099,True,2020-09-11 10:00:00,-1,-2,0,35.94304275149267,126.97827118285839
EVT-0099,True,2020-09-11 10:00:00,-1,-1,0,35.95208925049756,126.97827118285839
EVT-0099,True,2020-09-11 10:00:00,-1,0,1,35.96113574950244,126.97827118285839
EVT-0099,True,2020-09-11 10:00:00,0,-4,0,35.9249497534829,126.9893688171416
EVT-0099,True,2020-09-11 10:00:00,0,-3,0,35.93399625248779,126.9893688171416
EVT-0099,True,2020-09-11 10:00:00,0,-2,0,35.94304275149267,126.9893688171416
EVT-0099,True,2020-09-11 10:00:00,0,-1,1,35.95208925049756,126.9893688171416
EVT-0099,True,2020-09-11 10:00:00,0,0,0,35.96113574950244,126.9893688171416
EVT-0099,True,2020-09-11 10:00:00,0,1,0,35.97018224850733,126.9893688171416
EVT-0099,True,2020-09-11 10:00:00,1,-2,0,35.94304275149267,127.0004664514248
EVT-0099,True,2020-09-11 10:00:00,1,-1,0,35.95208925049756,127.0004664514248
EVT-0099,True,2020-09-11 10:00:00,1,0,0,35.96113574950244,127.0004664514248
EVT-0099,True,2020-09-11 10:00:00,1,1,0,35.97018224850733,127.0004664514248
EVT-0099,True,2020-09-11 10:00:00,1,2,0,35.97922874751221,127.0004664514248
EVT-0099,True,2020-09-11 10:00:00,2,-1,1,35.95208925049756,127.011564085708
EVT-0099,True,2020-09-11 10:00:00,2,0,0,35.96113574950244,127.011564085708
EVT-0099,True,2020-09-11 10:00:00,2,1,0,35.97018224850733,127.011564085708
EVT-0099,True,2020-09-11 10:00:00,3,0,0,35.96113574950244,127.0226617199912
EVT-0100,True,2020-09-17 08:00:00,-6,-3,0,35.93399625248779,126.92278301144238
EVT-0100,True,2020-09-17 08:00:00,-5,-4,0,35.9249497534829,126.93388064572558
EVT-0100,True,2020-09-17 08:00:00,-5,-3,0,35.93399625248779,126.93388064572558
EVT-0100,True,2020-09-17 08:00:00,-5,-2,0,35.94304275149267,126.93388064572558
EVT-0100,True,2020-09-17 08:00:00,-4,-5,0,35.91590325447802,126.94497828000878
EVT-0100,True,2020-09-17 08:00:00,-4,-4,0,35.9249497534829,126.94497828000878
EVT-0100,True,2020-09-17 08:00:00,-4,-3,0,35.93399625248779,126.94497828000878
EVT-0100,True,2020-09-17 08:00:00,-4,-2,0,35.94304275149267,126.94497828000878
EVT-0100,True,2020-09-17 08:00:00,-4,-1,0,35.95208925049756,126.94497828000878
EVT-0100,True,2020-09-17 08:00:00,-3,-4,0,35.9249497534829,126.95607591429199
EVT-0100,True,2020-09-17 08:00:00,-3,-3,1,35.93399625248779,126.95607591429199
EVT-0100,True,2020-09-17 08:00:00,-3,-2,0,35.94304275149267,126.95607591429199
EVT-0100,True,2020-09-17 08:00:00,-3,-1,0,35.95208925049756,126.95607591429199
EVT-0100,True,2020-09-17 08:00:00,-2,-3,0,35.93399625248779,126.96717354857519
EVT-0100,True,2020-09-17 08:00:00,-2,-2,0,35.94304275149267,126.96717354857519
EVT-0100,True,2020-09-17 08:00:00,-2,-1,1,35.95208925049756,126.96717354857519
EVT-0100,True,2020-09-17 08:00:00,-2,0,1,35.96113574950244,126.96717354857519
EVT-0100,True,2020-09-17 08:00:00,-1,-3,0,35.93399625248779,126.97827118285839
EVT-0100,True,2020-09-17 08:00:00,-1,-2,0,35.94304275149267,126.97827118285839
EVT-0100,True,2020-09-17 08:00:00,-1,-1,0,35.95208925049756,126.97827118285839
EVT-0100,True,2020-09-17 08:00:00,-1,0,1,35.96113574950244,126.97827118285839
EVT-0100,True,2020-09-17 08:00:00,-1,1,0,35.97018224850733,126.97827118285839
EVT-0100,True,2020-09-17 08:00:00,0,-3,0,35.93399625248779,126.9893688171416
EVT-0100,True,2020-09-17 08:00:00,0,-2,0,35.94304275149267,126.9893688171416
EVT-0100,True,2020-09-17 08:00:00,0,-1,0,35.95208925049756,126.9893688171416
EVT-0100,True,2020-09-17 08:00:00,0,0,0,35.96113574950244,126.9893688171416
EVT-0100,True,2020-09-17 08:00:00,0,1,0,35.97018224850733,126.9893688171416
EVT-0100,True,2020-09-17 08:00:00,1,-2,0,35.94304275149267,127.0004664514248
EVT-0100,True,2020-09-17 08:00:00,1,-1,0,35.95208925049756,127.0004664514248
EVT-0100,True,2020-09-17 08:00:00,1,0,0,35.96113574950244,127.0004664514248
EVT-0100,True,2020-09-17 08:00:00,1,1,0,35.97018224850733,127.0004664514248
EVT-0100,True,2020-09-17 08:00:00,1,2,0,35.97922874751221,127.0004664514248
EVT-0100,True,2020-09-17 08:00:00,2,-1,0,35.95208925049756,127.011564085708
EVT-0100,True,2020-09-17 08:00:00,2,0,0,35.96113574950244,127.011564085708
EVT-0100,True,2020-09-17 08:00:00,2,1,0,35.97018224850733,127.011564085708
EVT-0100,True,2020-09-17 08:00:00,3,0,0,35.96113574950244,127.0226617199912
EVT-0101,True,2020-09-18 21:00:00,-3,-1,0,35.95208925049756,126.95607591429199
EVT-0101,True,2020-09-18 21:00:00,-2,-2,0,35.94304275149267,126.96717354857519
EVT-0101,True,2020-09-18 21:00:00,-2,-1,0,35.95208925049756,126.96717354857519
EVT-0101,True,2020-09-18 21:00:00,-2,0,1,35.96113574950244,126.96717354857519
EVT-0101,True,2020-09-18 21:00:00,-1,-3,0,35.93399625248779,126.97827118285839
EVT-0101,True,2020-09-18 21:00:00,-1,-2,0,35.94304275149267,126.97827118285839
EVT-0101,True,2020-09-18 21:00:00,-1,-1,1,35.95208925049756,126.97827118285839
EVT-0101,True,2020-09-18 21:00:00,-1,0,1,35.96113574950244,126.97827118285839
EVT-0101,True,2020-09-18 21:00:00,-1,1,0,35.97018224850733,126.97827118285839
EVT-0101,True,2020-09-18 21:00:00,0,-3,0,35.93399625248779,126.9893688171416
EVT-0101,True,2020-09-18 21:00:00,0,-2,0,35.94304275149267,126.9893688171416
EVT-0101,True,2020-09-18 21:00:00,0,-1,1,35.95208925049756,126.9893688171416
EVT-0101,True,2020-09-18 21:00:00,0,0,1,35.96113574950244,126.9893688171416
EVT-0101,True,2020-09-18 21:00:00,0,1,0,35.97018224850733,126.9893688171416
EVT-0101,True,2020-09-18 21:00:00,1,-2,0,35.94304275149267,127.0004664514248
EVT-0101,True,2020-09-18 21:00:00,1,-1,0,35.95208925049756,127.0004664514248
EVT-0101,True,2020-09-18 21:00:00,1,0,0,35.96113574950244,127.0004664514248
EVT-0101,True,2020-09-18 21:00:00,2,-1,0,35.95208925049756,127.011564085708
EVT-0102,True,2020-09-18 22:00:00,-3,-1,0,35.95208925049756,126.95607591429199
EVT-0102,True,2020-09-18 22:00:00,-2,-2,0,35.94304275149267,126.96717354857519
EVT-0102,True,2020-09-18 22:00:00,-2,-1,0,35.95208925049756,126.96717354857519
EVT-0102,True,2020-09-18 22:00:00,-2,0,1,35.96113574950244,126.96717354857519
EVT-0102,True,2020-09-18 22:00:00,-1,-3,0,35.93399625248779,126.97827118285839
EVT-0102,True,2020-09-18 22:00:00,-1,-2,0,35.94304275149267,126.97827118285839
EVT-0102,True,2020-09-18 22:00:00,-1,-1,1,35.95208925049756,126.97827118285839
EVT-0102,True,2020-09-18 22:00:00,-1,0,0,35.96113574950244,126.97827118285839
EVT-0102,True,2020-09-18 22:00:00,-1,1,0,35.97018224850733,126.97827118285839
EVT-0102,True,2020-09-18 22:00:00,0,-2,0,35.94304275149267,126.9893688171416
EVT-0102,True,2020-09-18 22:00:00,0,-1,0,35.95208925049756,126.9893688171416
EVT-0102,True,2020-09-18 22:00:00,0,0,1,35.96113574950244,126.9893688171416
EVT-0102,True,2020-09-18 22:00:00,0,1,0,35.97018224850733,126.9893688171416
EVT-0102,True,2020-09-18 22:00:00,0,2,0,35.97922874751221,126.9893688171416
EVT-0102,True,2020-09-18 22:00:00,1,-2,0,35.94304275149267,127.0004664514248
EVT-0102,True,2020-09-18 22:00:00,1,-1,0,35.95208925049756,127.0004664514248
EVT-0102,True,2020-09-18 22:00:00,1,0,1,35.96113574950244,127.0004664514248
EVT-0102,True,2020-09-18 22:00:00,1,1,0,35.97018224850733,127.0004664514248
EVT-0102,True,2020-09-18 22:00:00,1,2,0,35.97922874751221,127.0004664514248
EVT-0102,True,2020-09-18 22:00:00,2,-1,0,35.95208925049756,127.011564085708
EVT-0102,True,2020-09-18 22:00:00,2,0,0,35.96113574950244,127.011564085708
EVT-0102,True,2020-09-18 22:00:00,2,1,0,35.97018224850733,127.011564085708
EVT-0102,True,2020-09-18 22:00:00,3,0,0,35.96113574950244,127.0226617199912
EVT-0103,True,2020-09-19 22:00:00,-3,-1,0,35.95208925049756,126.95607591429199
EVT-0103,True,2020-09-19 22:00:00,-2,-2,0,35.94304275149267,126.96717354857519
EVT-0103,True,2020-09-19 22:00:00,-2,-1,0,35.95208925049756,126.96717354857519
EVT-0103,True,2020-09-19 22:00:00,-2,0,0,35.96113574950244,126.96717354857519
EVT-0103,True,2020-09-19 22:00:00,-1,-3,0,35.93399625248779,126.97827118285839
EVT-0103,True,2020-09-19 22:00:00,-1,-2,0,35.94304275149267,126.97827118285839
EVT-0103,True,2020-09-19 22:00:00,-1,-1,1,35.95208925049756,126.97827118285839
EVT-0103,True,2020-09-19 22:00:00,-1,0,1,35.96113574950244,126.97827118285839
EVT-0103,True,2020-09-19 22:00:00,-1,1,0,35.97018224850733,126.97827118285839
EVT-0103,True,2020-09-19 22:00:00,0,-3,0,35.93399625248779,126.9893688171416
EVT-0103,True,2020-09-19 22:00:00,0,-2,0,35.94304275149267,126.9893688171416
EVT-0103,True,2020-09-19 22:00:00,0,-1,0,35.95208925049756,126.9893688171416
EVT-0103,True,2020-09-19 22:00:00,0,0,0,35.96113574950244,126.9893688171416
EVT-0103,True,2020-09-19 22:00:00,0,1,1,35.97018224850733,126.9893688171416
EVT-0103,True,2020-09-19 22:00:00,1,-2,0,35.94304275149267,127.0004664514248
EVT-0103,True,2020-09-19 22:00:00,1,-1,0,35.95208925049756,127.0004664514248
EVT-0103,True,2020-09-19 22:00:00,1,0,1,35.96113574950244,127.0004664514248
EVT-0103,True,2020-09-19 22:00:00,1,1,0,35.97018224850733,127.0004664514248
EVT-0103,True,2020-09-19 22:00:00,1,2,0,35.97922874751221,127.0004664514248
EVT-0103,True,2020-09-19 22:00:00,2,-1,0,35.95208925049756,127.011564085708
EVT-0103,True,2020-09-19 22:00:00,2,0,0,35.96113574950244,127.011564085708
EVT-0103,True,2020-09-19 22:00:00,2,1,0,35.97018224850733,127.011564085708
EVT-0103,True,2020-09-19 22:00:00,3,0,0,35.96113574950244,127.0226617199912
EVT-0104,True,2020-09-21 22:00:00,-6,-3,0,35.93399625248779,126.92278301144238
EVT-0104,True,2020-09-21 22:00:00,-5,-4,0,35.9249497534829,126.93388064572558
EVT-0104,True,2020-09-21 22:00:00,-5,-3,0,35.93399625248779,126.93388064572558
EVT-0104,True,2020-09-21 22:00:00,-5,-2,0,35.94304275149267,126.93388064572558
EVT-0104,True,2020-09-21 22:00:00,-4,-5,0,35.91590325447802,126.94497828000878
EVT-0104,True,2020-09-21 22:00:00,-4,-4,0,35.9249497534829,126.94497828000878
EVT-0104,True,2020-09-21 22:00:00,-4,-3,1,35.93399625248779,126.94497828000878
EVT-0104,True,2020-09-21 22:00:00,-4,-2,0,35.94304275149267,126.94497828000878
EVT-0104,True,2020-09-21 22:00:00,-4,-1,0,35.95208925049756,126.94497828000878
EVT-0104,True,2020-09-21 22:00:00,-3,-4,0,35.9249497534829,126.95607591429199
EVT-0104,True,2020-09-21 22:00:00,-3,-3,0,35.93399625248779,126.95607591429199
EVT-0104,True,2020-09-21 22:00:00,-3,-2,0,35.94304275149267,126.95607591429199
EVT-0104,True,2020-09-21 22:00:00,-2,-5,0,35.91590325447802,126.96717354857519
EVT-0104,True,2020-09-21 22:00:00,-2,-4,0,35.9249497534829,126.96717354857519
EVT-0104,True,2020-09-21 22:00:00,-2,-3,0,35.93399625248779,126.96717354857519
EVT-0104,True,2020-09-21 22:00:00,-2,-2,0,35.94304275149267,126.96717354857519
EVT-0104,True,2020-09-21 22:00:00,-2,-1,0,35.95208925049756,126.96717354857519
EVT-0104,True,2020-09-21 22:00:00,-1,-4,0,35.9249497534829,126.97827118285839
EVT-0104,True,2020-09-21 22:00:00,-1,-3,0,35.93399625248779,126.97827118285839
EVT-0104,True,2020-09-21 22:00:00,-1,-2,0,35.94304275149267,126.97827118285839
EVT-0104,True,2020-09-21 22:00:00,-1,-1,0,35.95208925049756,126.97827118285839
EVT-0104,True,2020-09-21 22:00:00,-1,0,1,35.96113574950244,126.97827118285839
EVT-0104,True,2020-09-21 22:00:00,0,-3,0,35.93399625248779,126.9893688171416
EVT-0104,True,2020-09-21 22:00:00,0,-2,0,35.94304275149267,126.9893688171416
EVT-0104,True,2020-09-21 22:00:00,0,-1,1,35.95208925049756,126.9893688171416
EVT-0104,True,2020-09-21 22:00:00,0,0,0,35.96113574950244,126.9893688171416
EVT-0104,True,2020-09-21 22:00:00,0,1,0,35.97018224850733,126.9893688171416
EVT-0104,True,2020-09-21 22:00:00,1,-2,0,35.94304275149267,127.0004664514248
EVT-0104,True,2020-09-21 22:00:00,1,-1,0,35.95208925049756,127.0004664514248
EVT-0104,True,2020-09-21 22:00:00,1,0,0,35.96113574950244,127.0004664514248
EVT-0104,True,2020-09-21 22:00:00,1,1,0,35.97018224850733,127.0004664514248
EVT-0104,True,2020-09-21 22:00:00,1,2,0,35.97922874751221,127.0004664514248
EVT-0104,True,2020-09-21 22:00:00,2,-1,0,35.95208925049756,127.011564085708
EVT-0104,True,2020-09-21 22:00:00,2,0,0,35.96113574950244,127.011564085708
EVT-0104,True,2020-09-21 22:00:00,2,1,0,35.97018224850733,127.011564085708
EVT-0104,True,2020-09-21 22:00:00,3,0,0,35.96113574950244,127.0226617199912
EVT-0105,True,2020-10-01 21:00:00,-7,-3,0,35.93399625248779,126.91168537715917
EVT-0105,True,2020-10-01 21:00:00,-6,-4,0,35.9249497534829,126.92278301144238
EVT-0105,True,2020-10-01 21:00:00,-6,-3,0,35.93399625248779,126.92278301144238
EVT-0105,True,2020-10-01 21:00:00,-6,-2,0,35.94304275149267,126.92278301144238
EVT-0105,True,2020-10-01 21:00:00,-5,-5,0,35.91590325447802,126.93388064572558
EVT-0105,True,2020-10-01 21:00:00,-5,-4,0,35.9249497534829,126.93388064572558
EVT-0105,True,2020-10-01 21:00:00,-5,-3,0,35.93399625248779,126.93388064572558
EVT-0105,True,2020-10-01 21:00:00,-5,-2,0,35.94304275149267,126.93388064572558
EVT-0105,True,2020-10-01 21:00:00,-5,-1,0,35.95208925049756,126.93388064572558
EVT-0105,True,2020-10-01 21:00:00,-4,-5,0,35.91590325447802,126.94497828000878
EVT-0105,True,2020-10-01 21:00:00,-4,-4,0,35.9249497534829,126.94497828000878
EVT-0105,True,2020-10-01 21:00:00,-4,-3,1,35.93399625248779,126.94497828000878
EVT-0105,True,2020-10-01 21:00:00,-4,-2,0,35.94304275149267,126.94497828000878
EVT-0105,True,2020-10-01 21:00:00,-4,13,0,36.07874023656595,126.94497828000878
EVT-0105,True,2020-10-01 21:00:00,-3,-6,0,35.90685675547313,126.95607591429199
EVT-0105,True,2020-10-01 21:00:00,-3,-5,0,35.91590325447802,126.95607591429199
EVT-0105,True,2020-10-01 21:00:00,-3,-4,1,35.9249497534829,126.95607591429199
EVT-0105,True,2020-10-01 21:00:00,-3,-3,1,35.93399625248779,126.95607591429199
EVT-0105,True,2020-10-01 21:00:00,-3,-2,0,35.94304275149267,126.95607591429199
EVT-0105,True,2020-10-01 21:00:00,-3,12,0,36.06969373756106,126.95607591429199
EVT-0105,True,2020-10-01 21:00:00,-3,13,0,36.07874023656595,126.95607591429199
EVT-0105,True,2020-10-01 21:00:00,-3,14,0,36.08778673557083,126.95607591429199
EVT-0105,True,2020-10-01 21:00:00,-2,-6,0,35.90685675547313,126.96717354857519
EVT-0105,True,2020-10-01 21:00:00,-2,-5,0,35.91590325447802,126.96717354857519
EVT-0105,True,2020-10-01 21:00:00,-2,-4,1,35.9249497534829,126.96717354857519
EVT-0105,True,2020-10-01 21:00:00,-2,-3,1,35.93399625248779,126.96717354857519
EVT-0105,True,2020-10-01 21:00:00,-2,-2,1,35.94304275149267,126.96717354857519
EVT-0105,True,2020-10-01 21:00:00,-2,11,0,36.06064723855618,126.96717354857519
EVT-0105,True,2020-10-01 21:00:00,-2,12,0,36.06969373756106,126.96717354857519
EVT-0105,True,2020-10-01 21:00:00,-2,13,0,36.07874023656595,126.96717354857519
EVT-0105,True,2020-10-01 21:00:00,-2,14,0,36.08778673557083,126.96717354857519
EVT-0105,True,2020-10-01 21:00:00,-2,15,0,36.09683323457572,126.96717354857519
EVT-0105,True,2020-10-01 21:00:00,-1,-5,0,35.91590325447802,126.97827118285839
EVT-0105,True,2020-10-01 21:00:00,-1,-4,0,35.9249497534829,126.97827118285839
EVT-0105,True,2020-10-01 21:00:00,-1,-3,0,35.93399625248779,126.97827118285839
EVT-0105,True,2020-10-01 21:00:00,-1,12,0,36.06969373756106,126.97827118285839
EVT-0105,True,2020-10-01 21:00:00,-1,13,0,36.07874023656595,126.97827118285839
EVT-0105,True,2020-10-01 21:00:00,-1,14,0,36.08778673557083,126.97827118285839
EVT-0105,True,2020-10-01 21:00:00,0,-4,0,35.9249497534829,126.9893688171416
EVT-0105,True,2020-10-01 21:00:00,0,13,0,36.07874023656595,126.9893688171416
EVT-0106,True,2020-10-02 00:00:00,-5,-4,0,35.9249497534829,126.93388064572558
EVT-0106,True,2020-10-02 00:00:00,-4,-5,0,35.91590325447802,126.94497828000878
EVT-0106,True,2020-10-02 00:00:00,-4,-4,0,35.9249497534829,126.94497828000878
EVT-0106,True,2020-10-02 00:00:00,-4,-3,1,35.93399625248779,126.94497828000878
EVT-0106,True,2020-10-02 00:00:00,-4,-1,0,35.95208925049756,126.94497828000878
EVT-0106,True,2020-10-02 00:00:00,-3,-6,0,35.90685675547313,126.95607591429199
EVT-0106,True,2020-10-02 00:00:00,-3,-5,0,35.91590325447802,126.95607591429199
EVT-0106,True,2020-10-02 00:00:00,-3,-4,1,35.9249497534829,126.95607591429199
EVT-0106,True,2020-10-02 00:00:00,-3,-3,1,35.93399625248779,126.95607591429199
EVT-0106,True,2020-10-02 00:00:00,-3,-2,0,35.94304275149267,126.95607591429199
EVT-0106,True,2020-10-02 00:00:00,-3,-1,0,35.95208925049756,126.95607591429199
EVT-0106,True,2020-10-02 00:00:00,-3,0,0,35.96113574950244,126.95607591429199
EVT-0106,True,2020-10-02 00:00:00,-2,-5,0,35.91590325447802,126.96717354857519
EVT-0106,True,2020-10-02 00:00:00,-2,-4,0,35.9249497534829,126.96717354857519
EVT-0106,True,2020-10-02 00:00:00,-2,-3,1,35.93399625248779,126.96717354857519
EVT-0106,True,2020-10-02 00:00:00,-2,-2,0,35.94304275149267,126.96717354857519
EVT-0106,True,2020-10-02 00:00:00,-2,-1,1,35.95208925049756,126.96717354857519
EVT-0106,True,2020-10-02 00:00:00,-2,0,1,35.96113574950244,126.96717354857519
EVT-0106,True,2020-10-02 00:00:00,-2,1,0,35.97018224850733,126.96717354857519
EVT-0106,True,2020-10-02 00:00:00,-1,-4,0,35.9249497534829,126.97827118285839
EVT-0106,True,2020-10-02 00:00:00,-1,-3,0,35.93399625248779,126.97827118285839
EVT-0106,True,2020-10-02 00:00:00,-1,-2,0,35.94304275149267,126.97827118285839
EVT-0106,True,2020-10-02 00:00:00,-1,-1,0,35.95208925049756,126.97827118285839
EVT-0106,True,2020-10-02 00:00:00,-1,0,0,35.96113574950244,126.97827118285839
EVT-0106,True,2020-10-02 00:00:00,-1,1,0,35.97018224850733,126.97827118285839
EVT-0106,True,2020-10-02 00:00:00,0,-3,0,35.93399625248779,126.9893688171416
EVT-0106,True,2020-10-02 00:00:00,0,-2,0,35.94304275149267,126.9893688171416
EVT-0106,True,2020-10-02 00:00:00,0,-1,0,35.95208925049756,126.9893688171416
EVT-0106,True,2020-10-02 00:00:00,0,0,1,35.96113574950244,126.9893688171416
EVT-0106,True,2020-10-02 00:00:00,0,1,0,35.97018224850733,126.9893688171416
EVT-0106,True,2020-10-02 00:00:00,1,-2,0,35.94304275149267,127.0004664514248
EVT-0106,True,2020-10-02 00:00:00,1,-1,0,35.95208925049756,127.0004664514248
EVT-0106,True,2020-10-02 00:00:00,1,0,0,35.96113574950244,127.0004664514248
EVT-0106,True,2020-10-02 00:00:00,2,-1,0,35.95208925049756,127.011564085708
EVT-0107,True,2021-06-06 19:00:00,-5,-1,0,35.95208925049756,126.93388064572558
EVT-0107,True,2021-06-06 19:00:00,-4,-4,0,35.9249497534829,126.94497828000878
EVT-0107,True,2021-06-06 19:00:00,-4,-2,0,35.94304275149267,126.94497828000878
EVT-0107,True,2021-06-06 19:00:00,-4,-1,0,35.95208925049756,126.94497828000878
EVT-0107,True,2021-06-06 19:00:00,-4,0,0,35.96113574950244,126.94497828000878
EVT-0107,True,2021-06-06 19:00:00,-3,-5,0,35.91590325447802,126.95607591429199
EVT-0107,True,2021-06-06 19:00:00,-3,-4,1,35.9249497534829,126.95607591429199
EVT-0107,True,2021-06-06 19:00:00,-3,-3,0,35.93399625248779,126.95607591429199
EVT-0107,True,2021-06-06 19:00:00,-3,-2,0,35.94304275149267,126.95607591429199
EVT-0107,True,2021-06-06 19:00:00,-3,-1,0,35.95208925049756,126.95607591429199
EVT-0107,True,2021-06-06 19:00:00,-3,0,0,35.96113574950244,126.95607591429199
EVT-0107,True,2021-06-06 19:00:00,-3,1,0,35.97018224850733,126.95607591429199
EVT-0107,True,2021-06-06 19:00:00,-2,-6,0,35.90685675547313,126.96717354857519
EVT-0107,True,2021-06-06 19:00:00,-2,-5,0,35.91590325447802,126.96717354857519
EVT-0107,True,2021-06-06 19:00:00,-2,-4,0,35.9249497534829,126.96717354857519
EVT-0107,True,2021-06-06 19:00:00,-2,-3,0,35.93399625248779,126.96717354857519
EVT-0107,True,2021-06-06 19:00:00,-2,-2,0,35.94304275149267,126.96717354857519
EVT-0107,True,2021-06-06 19:00:00,-2,-1,0,35.95208925049756,126.96717354857519
EVT-0107,True,2021-06-06 19:00:00,-2,0,0,35.96113574950244,126.96717354857519
EVT-0107,True,2021-06-06 19:00:00,-2,1,0,35.97018224850733,126.96717354857519
EVT-0107,True,2021-06-06 19:00:00,-2,2,0,35.97922874751221,126.96717354857519
EVT-0107,True,2021-06-06 19:00:00,-1,-5,0,35.91590325447802,126.97827118285839
EVT-0107,True,2021-06-06 19:00:00,-1,-4,0,35.9249497534829,126.97827118285839
EVT-0107,True,2021-06-06 19:00:00,-1,-3,0,35.93399625248779,126.97827118285839
EVT-0107,True,2021-06-06 19:00:00,-1,-2,0,35.94304275149267,126.97827118285839
EVT-0107,True,2021-06-06 19:00:00,-1,-1,0,35.95208925049756,126.97827118285839
EVT-0107,True,2021-06-06 19:00:00,-1,0,0,35.96113574950244,126.97827118285839
EVT-0107,True,2021-06-06 19:00:00,-1,1,0,35.97018224850733,126.97827118285839
EVT-0107,True,2021-06-06 19:00:00,-1,2,0,35.97922874751221,126.97827118285839
EVT-0107,True,2021-06-06 19:00:00,0,-5,0,35.91590325447802,126.9893688171416
EVT-0107,True,2021-06-06 19:00:00,0,-4,0,35.9249497534829,126.9893688171416
EVT-0107,True,2021-06-06 19:00:00,0,-3,1,35.93399625248779,126.9893688171416
EVT-0107,True,2021-06-06 19:00:00,0,-2,0,35.94304275149267,126.9893688171416
EVT-0107,True,2021-06-06 19:00:00,0,-1,0,35.95208925049756,126.9893688171416
EVT-0107,True,2021-06-06 19:00:00,0,0,0,35.96113574950244,126.9893688171416
EVT-0107,True,2021-06-06 19:00:00,0,1,0,35.97018224850733,126.9893688171416
EVT-0107,True,2021-06-06 19:00:00,0,2,0,35.97922874751221,126.9893688171416
EVT-0107,True,2021-06-06 19:00:00,1,-4,0,35.9249497534829,127.0004664514248
EVT-0107,True,2021-06-06 19:00:00,1,-3,0,35.93399625248779,127.0004664514248
EVT-0107,True,2021-06-06 19:00:00,1,-2,0,35.94304275149267,127.0004664514248
EVT-0107,True,2021-06-06 19:00:00,1,-1,0,35.95208925049756,127.0004664514248
EVT-0107,True,2021-06-06 19:00:00,1,0,1,35.96113574950244,127.0004664514248
EVT-0107,True,2021-06-06 19:00:00,1,1,0,35.97018224850733,127.0004664514248
EVT-0107,True,2021-06-06 19:00:00,2,-3,0,35.93399625248779,127.011564085708
EVT-0107,True,2021-06-06 19:00:00,2,-2,0,35.94304275149267,127.011564085708
EVT-0107,True,2021-06-06 19:00:00,2,-1,0,35.95208925049756,127.011564085708
EVT-0107,True,2021-06-06 19:00:00,2,0,0,35.96113574950244,127.011564085708
EVT-0107,True,2021-06-06 19:00:00,2,1,0,35.97018224850733,127.011564085708
EVT-0107,True,2021-06-06 19:00:00,2,2,0,35.97922874751221,127.011564085708
EVT-0107,True,2021-06-06 19:00:00,3,-1,0,35.95208925049756,127.0226617199912
EVT-0107,True,2021-06-06 19:00:00,3,0,0,35.96113574950244,127.0226617199912
EVT-0107,True,2021-06-06 19:00:00,3,1,0,35.97018224850733,127.0226617199912
EVT-0107,True,2021-06-06 19:00:00,4,0,0,35.96113574950244,127.03375935427441
EVT-0108,True,2021-06-09 19:00:00,-7,-2,0,35.94304275149267,126.91168537715917
EVT-0108,True,2021-06-09 19:00:00,-6,-3,0,35.93399625248779,126.92278301144238
EVT-0108,True,2021-06-09 19:00:00,-6,-2,0,35.94304275149267,126.92278301144238
EVT-0108,True,2021-06-09 19:00:00,-6,-1,0,35.95208925049756,126.92278301144238
EVT-0108,True,2021-06-09 19:00:00,-5,-4,0,35.9249497534829,126.93388064572558
EVT-0108,True,2021-06-09 19:00:00,-5,-3,0,35.93399625248779,126.93388064572558
EVT-0108,True,2021-06-09 19:00:00,-5,-2,1,35.94304275149267,126.93388064572558
EVT-0108,True,2021-06-09 19:00:00,-5,-1,1,35.95208925049756,126.93388064572558
EVT-0108,True,2021-06-09 19:00:00,-5,0,0,35.96113574950244,126.93388064572558
EVT-0108,True,2021-06-09 19:00:00,-4,-3,0,35.93399625248779,126.94497828000878
EVT-0108,True,2021-06-09 19:00:00,-4,-2,0,35.94304275149267,126.94497828000878
EVT-0108,True,2021-06-09 19:00:00,-4,-1,0,35.95208925049756,126.94497828000878
EVT-0108,True,2021-06-09 19:00:00,-3,-4,0,35.9249497534829,126.95607591429199
EVT-0108,True,2021-06-09 19:00:00,-3,-3,0,35.93399625248779,126.95607591429199
EVT-0108,True,2021-06-09 19:00:00,-3,-2,0,35.94304275149267,126.95607591429199
EVT-0108,True,2021-06-09 19:00:00,-3,-1,0,35.95208925049756,126.95607591429199
EVT-0108,True,2021-06-09 19:00:00,-3,0,0,35.96113574950244,126.95607591429199
EVT-0108,True,2021-06-09 19:00:00,-2,-3,0,35.93399625248779,126.96717354857519
EVT-0108,True,2021-06-09 19:00:00,-2,-2,0,35.94304275149267,126.96717354857519
EVT-0108,True,2021-06-09 19:00:00,-2,-1,0,35.95208925049756,126.96717354857519
EVT-0108,True,2021-06-09 19:00:00,-2,0,0,35.96113574950244,126.96717354857519
EVT-0108,True,2021-06-09 19:00:00,-2,1,0,35.97018224850733,126.96717354857519
EVT-0108,True,2021-06-09 19:00:00,-1,-2,1,35.94304275149267,126.97827118285839
EVT-0108,True,2021-06-09 19:00:00,-1,-1,0,35.95208925049756,126.97827118285839
EVT-0108,True,2021-06-09 19:00:00,-1,0,0,35.96113574950244,126.97827118285839
EVT-0108,True,2021-06-09 19:00:00,-1,1,0,35.97018224850733,126.97827118285839
EVT-0108,True,2021-06-09 19:00:00,-1,2,0,35.97922874751221,126.97827118285839
EVT-0108,True,2021-06-09 19:00:00,0,-2,0,35.94304275149267,126.9893688171416
EVT-0108,True,2021-06-09 19:00:00,0,-1,1,35.95208925049756,126.9893688171416
EVT-0108,True,2021-06-09 19:00:00,0,0,1,35.96113574950244,126.9893688171416
EVT-0108,True,2021-06-09 19:00:00,0,1,0,35.97018224850733,126.9893688171416
EVT-0108,True,2021-06-09 19:00:00,0,2,0,35.97922874751221,126.9893688171416
EVT-0108,True,2021-06-09 19:00:00,1,-1,0,35.95208925049756,127.0004664514248
EVT-0108,True,2021-06-09 19:00:00,1,0,1,35.96113574950244,127.0004664514248
EVT-0108,True,2021-06-09 19:00:00,1,1,0,35.97018224850733,127.0004664514248
EVT-0108,True,2021-06-09 19:00:00,2,0,0,35.96113574950244,127.011564085708
EVT-0109,True,2021-06-09 20:00:00,-7,-1,0,35.95208925049756,126.91168537715917
EVT-0109,True,2021-06-09 20:00:00,-6,-2,0,35.94304275149267,126.92278301144238
EVT-0109,True,2021-06-09 20:00:00,-6,-1,0,35.95208925049756,126.92278301144238
EVT-0109,True,2021-06-09 20:00:00,-6,0,0,35.96113574950244,126.92278301144238
EVT-0109,True,2021-06-09 20:00:00,-5,-3,0,35.93399625248779,126.93388064572558
EVT-0109,True,2021-06-09 20:00:00,-5,-2,0,35.94304275149267,126.93388064572558
EVT-0109,True,2021-06-09 20:00:00,-5,-1,0,35.95208925049756,126.93388064572558
EVT-0109,True,2021-06-09 20:00:00,-5,0,0,35.96113574950244,126.93388064572558
EVT-0109,True,2021-06-09 20:00:00,-5,1,0,35.97018224850733,126.93388064572558
EVT-0109,True,2021-06-09 20:00:00,-4,-2,1,35.94304275149267,126.94497828000878
EVT-0109,True,2021-06-09 20:00:00,-4,-1,0,35.95208925049756,126.94497828000878
EVT-0109,True,2021-06-09 20:00:00,-4,0,0,35.96113574950244,126.94497828000878
EVT-0109,True,2021-06-09 20:00:00,-3,-2,0,35.94304275149267,126.95607591429199
EVT-0109,True,2021-06-09 20:00:00,-3,-1,1,35.95208925049756,126.95607591429199
EVT-0109,True,2021-06-09 20:00:00,-3,0,0,35.96113574950244,126.95607591429199
EVT-0109,True,2021-06-09 20:00:00,-2,-3,1,35.93399625248779,126.96717354857519
EVT-0109,True,2021-06-09 20:00:00,-2,-2,0,35.94304275149267,126.96717354857519
EVT-0109,True,2021-06-09 20:00:00,-2,-1,0,35.95208925049756,126.96717354857519
EVT-0109,True,2021-06-09 20:00:00,-2,0,0,35.96113574950244,126.96717354857519
EVT-0109,True,2021-06-09 20:00:00,-2,1,0,35.97018224850733,126.96717354857519
EVT-0109,True,2021-06-09 20:00:00,-1,-3,0,35.93399625248779,126.97827118285839
EVT-0109,True,2021-06-09 20:00:00,-1,-2,0,35.94304275149267,126.97827118285839
EVT-0109,True,2021-06-09 20:00:00,-1,-1,0,35.95208925049756,126.97827118285839
EVT-0109,True,2021-06-09 20:00:00,-1,0,0,35.96113574950244,126.97827118285839
EVT-0109,True,2021-06-09 20:00:00,-1,1,0,35.97018224850733,126.97827118285839
EVT-0109,True,2021-06-09 20:00:00,0,-2,0,35.94304275149267,126.9893688171416
EVT-0109,True,2021-06-09 20:00:00,0,-1,1,35.95208925049756,126.9893688171416
EVT-0109,True,2021-06-09 20:00:00,0,0,1,35.96113574950244,126.9893688171416
EVT-0109,True,2021-06-09 20:00:00,0,1,0,35.97018224850733,126.9893688171416
EVT-0109,True,2021-06-09 20:00:00,0,2,0,35.97922874751221,126.9893688171416
EVT-0109,True,2021-06-09 20:00:00,1,-1,0,35.95208925049756,127.0004664514248
EVT-0109,True,2021-06-09 20:00:00,1,0,0,35.96113574950244,127.0004664514248
EVT-0109,True,2021-06-09 20:00:00,1,1,0,35.97018224850733,127.0004664514248
EVT-0109,True,2021-06-09 20:00:00,2,0,0,35.96113574950244,127.011564085708
EVT-0110,True,2021-06-09 21:00:00,-7,-2,0,35.94304275149267,126.91168537715917
EVT-0110,True,2021-06-09 21:00:00,-7,-1,0,35.95208925049756,126.91168537715917
EVT-0110,True,2021-06-09 21:00:00,-6,-3,0,35.93399625248779,126.92278301144238
EVT-0110,True,2021-06-09 21:00:00,-6,-2,0,35.94304275149267,126.92278301144238
EVT-0110,True,2021-06-09 21:00:00,-6,-1,0,35.95208925049756,126.92278301144238
EVT-0110,True,2021-06-09 21:00:00,-6,0,0,35.96113574950244,126.92278301144238
EVT-0110,True,2021-06-09 21:00:00,-5,-4,0,35.9249497534829,126.93388064572558
EVT-0110,True,2021-06-09 21:00:00,-5,-3,0,35.93399625248779,126.93388064572558
EVT-0110,True,2021-06-09 21:00:00,-5,-2,1,35.94304275149267,126.93388064572558
EVT-0110,True,2021-06-09 21:00:00,-5,-1,0,35.95208925049756,126.93388064572558
EVT-0110,True,2021-06-09 21:00:00,-5,0,0,35.96113574950244,126.93388064572558
EVT-0110,True,2021-06-09 21:00:00,-5,1,0,35.97018224850733,126.93388064572558
EVT-0110,True,2021-06-09 21:00:00,-4,-4,0,35.9249497534829,126.94497828000878
EVT-0110,True,2021-06-09 21:00:00,-4,-3,0,35.93399625248779,126.94497828000878
EVT-0110,True,2021-06-09 21:00:00,-4,-2,0,35.94304275149267,126.94497828000878
EVT-0110,True,2021-06-09 21:00:00,-4,-1,0,35.95208925049756,126.94497828000878
EVT-0110,True,2021-06-09 21:00:00,-4,0,0,35.96113574950244,126.94497828000878
EVT-0110,True,2021-06-09 21:00:00,-4,1,0,35.97018224850733,126.94497828000878
EVT-0110,True,2021-06-09 21:00:00,-4,2,0,35.97922874751221,126.94497828000878
EVT-0110,True,2021-06-09 21:00:00,-3,-5,0,35.91590325447802,126.95607591429199
EVT-0110,True,2021-06-09 21:00:00,-3,-4,0,35.9249497534829,126.95607591429199
EVT-0110,True,2021-06-09 21:00:00,-3,-3,0,35.93399625248779,126.95607591429199
EVT-0110,True,2021-06-09 21:00:00,-3,-2,0,35.94304275149267,126.95607591429199
EVT-0110,True,2021-06-09 21:00:00,-3,-1,0,35.95208925049756,126.95607591429199
EVT-0110,True,2021-06-09 21:00:00,-3,0,0,35.96113574950244,126.95607591429199
EVT-0110,True,2021-06-09 21:00:00,-3,1,0,35.97018224850733,126.95607591429199
EVT-0110,True,2021-06-09 21:00:00,-2,-6,0,35.90685675547313,126.96717354857519
EVT-0110,True,2021-06-09 21:00:00,-2,-5,0,35.91590325447802,126.96717354857519
EVT-0110,True,2021-06-09 21:00:00,-2,-4,0,35.9249497534829,126.96717354857519
EVT-0110,True,2021-06-09 21:00:00,-2,-3,0,35.93399625248779,126.96717354857519
EVT-0110,True,2021-06-09 21:00:00,-2,-2,0,35.94304275149267,126.96717354857519
EVT-0110,True,2021-06-09 21:00:00,-2,0,0,35.96113574950244,126.96717354857519
EVT-0110,True,2021-06-09 21:00:00,-1,-5,0,35.91590325447802,126.97827118285839
EVT-0110,True,2021-06-09 21:00:00,-1,-4,0,35.9249497534829,126.97827118285839
EVT-0110,True,2021-06-09 21:00:00,-1,-3,0,35.93399625248779,126.97827118285839
EVT-0110,True,2021-06-09 21:00:00,-1,-1,0,35.95208925049756,126.97827118285839
EVT-0110,True,2021-06-09 21:00:00,-1,0,0,35.96113574950244,126.97827118285839
EVT-0110,True,2021-06-09 21:00:00,-1,1,0,35.97018224850733,126.97827118285839
EVT-0110,True,2021-06-09 21:00:00,0,-4,0,35.9249497534829,126.9893688171416
EVT-0110,True,2021-06-09 21:00:00,0,-2,0,35.94304275149267,126.9893688171416
EVT-0110,True,2021-06-09 21:00:00,0,-1,0,35.95208925049756,126.9893688171416
EVT-0110,True,2021-06-09 21:00:00,0,0,1,35.96113574950244,126.9893688171416
EVT-0110,True,2021-06-09 21:00:00,0,1,0,35.97018224850733,126.9893688171416
EVT-0110,True,2021-06-09 21:00:00,0,2,0,35.97922874751221,126.9893688171416
EVT-0110,True,2021-06-09 21:00:00,1,-1,0,35.95208925049756,127.0004664514248
EVT-0110,True,2021-06-09 21:00:00,1,0,0,35.96113574950244,127.0004664514248
EVT-0110,True,2021-06-09 21:00:00,1,1,0,35.97018224850733,127.0004664514248
EVT-0110,True,2021-06-09 21:00:00,2,0,0,35.96113574950244,127.011564085708
EVT-0111,True,2021-06-09 23:00:00,-5,-4,0,35.9249497534829,126.93388064572558
EVT-0111,True,2021-06-09 23:00:00,-4,-5,0,35.91590325447802,126.94497828000878
EVT-0111,True,2021-06-09 23:00:00,-4,-4,0,35.9249497534829,126.94497828000878
EVT-0111,True,2021-06-09 23:00:00,-4,-3,0,35.93399625248779,126.94497828000878
EVT-0111,True,2021-06-09 23:00:00,-4,0,0,35.96113574950244,126.94497828000878
EVT-0111,True,2021-06-09 23:00:00,-3,-6,0,35.90685675547313,126.95607591429199
EVT-0111,True,2021-06-09 23:00:00,-3,-5,0,35.91590325447802,126.95607591429199
EVT-0111,True,2021-06-09 23:00:00,-3,-4,1,35.9249497534829,126.95607591429199
EVT-0111,True,2021-06-09 23:00:00,-3,-3,0,35.93399625248779,126.95607591429199
EVT-0111,True,2021-06-09 23:00:00,-3,-2,0,35.94304275149267,126.95607591429199
EVT-0111,True,2021-06-09 23:00:00,-3,-1,0,35.95208925049756,126.95607591429199
EVT-0111,True,2021-06-09 23:00:00,-3,0,0,35.96113574950244,126.95607591429199
EVT-0111,True,2021-06-09 23:00:00,-3,1,0,35.97018224850733,126.95607591429199
EVT-0111,True,2021-06-09 23:00:00,-2,-6,0,35.90685675547313,126.96717354857519
EVT-0111,True,2021-06-09 23:00:00,-2,-5,0,35.91590325447802,126.96717354857519
EVT-0111,True,2021-06-09 23:00:00,-2,-4,1,35.9249497534829,126.96717354857519
EVT-0111,True,2021-06-09 23:00:00,-2,-3,0,35.93399625248779,126.96717354857519
EVT-0111,True,2021-06-09 23:00:00,-2,-2,1,35.94304275149267,126.96717354857519
EVT-0111,True,2021-06-09 23:00:00,-2,-1,1,35.95208925049756,126.96717354857519
EVT-0111,True,2021-06-09 23:00:00,-2,0,0,35.96113574950244,126.96717354857519
EVT-0111,True,2021-06-09 23:00:00,-2,1,0,35.97018224850733,126.96717354857519
EVT-0111,True,2021-06-09 23:00:00,-2,2,0,35.97922874751221,126.96717354857519
EVT-0111,True,2021-06-09 23:00:00,-1,-5,0,35.91590325447802,126.97827118285839
EVT-0111,True,2021-06-09 23:00:00,-1,-4,0,35.9249497534829,126.97827118285839
EVT-0111,True,2021-06-09 23:00:00,-1,-3,0,35.93399625248779,126.97827118285839
EVT-0111,True,2021-06-09 23:00:00,-1,-1,0,35.95208925049756,126.97827118285839
EVT-0111,True,2021-06-09 23:00:00,-1,0,1,35.96113574950244,126.97827118285839
EVT-0111,True,2021-06-09 23:00:00,-1,1,0,35.97018224850733,126.97827118285839
EVT-0111,True,2021-06-09 23:00:00,0,-4,0,35.9249497534829,126.9893688171416
EVT-0111,True,2021-06-09 23:00:00,0,-2,0,35.94304275149267,126.9893688171416
EVT-0111,True,2021-06-09 23:00:00,0,-1,0,35.95208925049756,126.9893688171416
EVT-0111,True,2021-06-09 23:00:00,0,0,0,35.96113574950244,126.9893688171416
EVT-0111,True,2021-06-09 23:00:00,0,1,0,35.97018224850733,126.9893688171416
EVT-0111,True,2021-06-09 23:00:00,0,2,0,35.97922874751221,126.9893688171416
EVT-0111,True,2021-06-09 23:00:00,1,-1,0,35.95208925049756,127.0004664514248
EVT-0111,True,2021-06-09 23:00:00,1,0,1,35.96113574950244,127.0004664514248
EVT-0111,True,2021-06-09 23:00:00,1,1,0,35.97018224850733,127.0004664514248
EVT-0111,True,2021-06-09 23:00:00,2,0,0,35.96113574950244,127.011564085708
EVT-0113,True,2021-06-28 23:00:00,-6,-3,0,35.93399625248779,126.92278301144238
EVT-0113,True,2021-06-28 23:00:00,-6,-2,0,35.94304275149267,126.92278301144238
EVT-0113,True,2021-06-28 23:00:00,-5,-4,0,35.9249497534829,126.93388064572558
EVT-0113,True,2021-06-28 23:00:00,-5,-3,0,35.93399625248779,126.93388064572558
EVT-0113,True,2021-06-28 23:00:00,-5,-2,0,35.94304275149267,126.93388064572558
EVT-0113,True,2021-06-28 23:00:00,-5,-1,0,35.95208925049756,126.93388064572558
EVT-0113,True,2021-06-28 23:00:00,-4,-5,0,35.91590325447802,126.94497828000878
EVT-0113,True,2021-06-28 23:00:00,-4,-4,0,35.9249497534829,126.94497828000878
EVT-0113,True,2021-06-28 23:00:00,-4,-3,0,35.93399625248779,126.94497828000878
EVT-0113,True,2021-06-28 23:00:00,-4,-2,0,35.94304275149267,126.94497828000878
EVT-0113,True,2021-06-28 23:00:00,-4,-1,1,35.95208925049756,126.94497828000878
EVT-0113,True,2021-06-28 23:00:00,-4,0,0,35.96113574950244,126.94497828000878
EVT-0113,True,2021-06-28 23:00:00,-3,-6,0,35.90685675547313,126.95607591429199
EVT-0113,True,2021-06-28 23:00:00,-3,-5,0,35.91590325447802,126.95607591429199
EVT-0113,True,2021-06-28 23:00:00,-3,-4,0,35.9249497534829,126.95607591429199
EVT-0113,True,2021-06-28 23:00:00,-3,-3,0,35.93399625248779,126.95607591429199
EVT-0113,True,2021-06-28 23:00:00,-3,-2,0,35.94304275149267,126.95607591429199
EVT-0113,True,2021-06-28 23:00:00,-3,-1,0,35.95208925049756,126.95607591429199
EVT-0113,True,2021-06-28 23:00:00,-3,0,0,35.96113574950244,126.95607591429199
EVT-0113,True,2021-06-28 23:00:00,-2,-6,0,35.90685675547313,126.96717354857519
EVT-0113,True,2021-06-28 23:00:00,-2,-5,0,35.91590325447802,126.96717354857519
EVT-0113,True,2021-06-28 23:00:00,-2,-4,0,35.9249497534829,126.96717354857519
EVT-0113,True,2021-06-28 23:00:00,-2,-3,0,35.93399625248779,126.96717354857519
EVT-0113,True,2021-06-28 23:00:00,-2,-2,0,35.94304275149267,126.96717354857519
EVT-0113,True,2021-06-28 23:00:00,-2,-1,0,35.95208925049756,126.96717354857519
EVT-0113,True,2021-06-28 23:00:00,-2,0,0,35.96113574950244,126.96717354857519
EVT-0113,True,2021-06-28 23:00:00,-2,1,0,35.97018224850733,126.96717354857519
EVT-0113,True,2021-06-28 23:00:00,-1,-5,0,35.91590325447802,126.97827118285839
EVT-0113,True,2021-06-28 23:00:00,-1,-4,0,35.9249497534829,126.97827118285839
EVT-0113,True,2021-06-28 23:00:00,-1,-3,0,35.93399625248779,126.97827118285839
EVT-0113,True,2021-06-28 23:00:00,-1,-2,0,35.94304275149267,126.97827118285839
EVT-0113,True,2021-06-28 23:00:00,-1,-1,0,35.95208925049756,126.97827118285839
EVT-0113,True,2021-06-28 23:00:00,-1,0,0,35.96113574950244,126.97827118285839
EVT-0113,True,2021-06-28 23:00:00,-1,1,0,35.97018224850733,126.97827118285839
EVT-0113,True,2021-06-28 23:00:00,-1,2,0,35.97922874751221,126.97827118285839
EVT-0113,True,2021-06-28 23:00:00,0,-4,0,35.9249497534829,126.9893688171416
EVT-0113,True,2021-06-28 23:00:00,0,-2,0,35.94304275149267,126.9893688171416
EVT-0113,True,2021-06-28 23:00:00,0,-1,1,35.95208925049756,126.9893688171416
EVT-0113,True,2021-06-28 23:00:00,0,0,0,35.96113574950244,126.9893688171416
EVT-0113,True,2021-06-28 23:00:00,0,1,0,35.97018224850733,126.9893688171416
EVT-0113,True,2021-06-28 23:00:00,0,2,0,35.97922874751221,126.9893688171416
EVT-0113,True,2021-06-28 23:00:00,1,-2,0,35.94304275149267,127.0004664514248
EVT-0113,True,2021-06-28 23:00:00,1,-1,0,35.95208925049756,127.0004664514248
EVT-0113,True,2021-06-28 23:00:00,1,0,0,35.96113574950244,127.0004664514248
EVT-0113,True,2021-06-28 23:00:00,1,1,0,35.97018224850733,127.0004664514248
EVT-0113,True,2021-06-28 23:00:00,1,2,0,35.97922874751221,127.0004664514248
EVT-0113,True,2021-06-28 23:00:00,2,-3,0,35.93399625248779,127.011564085708
EVT-0113,True,2021-06-28 23:00:00,2,-2,0,35.94304275149267,127.011564085708
EVT-0113,True,2021-06-28 23:00:00,2,-1,0,35.95208925049756,127.011564085708
EVT-0113,True,2021-06-28 23:00:00,2,0,0,35.96113574950244,127.011564085708
EVT-0113,True,2021-06-28 23:00:00,2,1,0,35.97018224850733,127.011564085708
EVT-0113,True,2021-06-28 23:00:00,2,2,0,35.97922874751221,127.011564085708
EVT-0113,True,2021-06-28 23:00:00,3,-2,0,35.94304275149267,127.0226617199912
EVT-0113,True,2021-06-28 23:00:00,3,-1,0,35.95208925049756,127.0226617199912
EVT-0113,True,2021-06-28 23:00:00,3,0,0,35.96113574950244,127.0226617199912
EVT-0113,True,2021-06-28 23:00:00,3,1,0,35.97018224850733,127.0226617199912
EVT-0113,True,2021-06-28 23:00:00,4,-3,0,35.93399625248779,127.03375935427441
EVT-0113,True,2021-06-28 23:00:00,4,-1,0,35.95208925049756,127.03375935427441
EVT-0113,True,2021-06-28 23:00:00,4,0,0,35.96113574950244,127.03375935427441
EVT-0113,True,2021-06-28 23:00:00,5,-4,0,35.9249497534829,127.04485698855761
EVT-0113,True,2021-06-28 23:00:00,5,-3,0,35.93399625248779,127.04485698855761
EVT-0113,True,2021-06-28 23:00:00,5,-2,0,35.94304275149267,127.04485698855761
EVT-0113,True,2021-06-28 23:00:00,6,-5,0,35.91590325447802,127.05595462284082
EVT-0113,True,2021-06-28 23:00:00,6,-4,0,35.9249497534829,127.05595462284082
EVT-0113,True,2021-06-28 23:00:00,6,-3,0,35.93399625248779,127.05595462284082
EVT-0113,True,2021-06-28 23:00:00,6,-2,0,35.94304275149267,127.05595462284082
EVT-0113,True,2021-06-28 23:00:00,6,-1,0,35.95208925049756,127.05595462284082
EVT-0113,True,2021-06-28 23:00:00,7,-4,0,35.9249497534829,127.06705225712402
EVT-0113,True,2021-06-28 23:00:00,7,-3,0,35.93399625248779,127.06705225712402
EVT-0113,True,2021-06-28 23:00:00,7,-2,0,35.94304275149267,127.06705225712402
EVT-0113,True,2021-06-28 23:00:00,8,-3,0,35.93399625248779,127.07814989140722
EVT-0114,True,2021-07-07 23:00:00,-4,-2,1,35.94304275149267,126.94497828000878
EVT-0114,True,2021-07-07 23:00:00,-3,-3,0,35.93399625248779,126.95607591429199
EVT-0114,True,2021-07-07 23:00:00,-3,-2,0,35.94304275149267,126.95607591429199
EVT-0114,True,2021-07-07 23:00:00,-3,-1,0,35.95208925049756,126.95607591429199
EVT-0114,True,2021-07-07 23:00:00,-2,-4,0,35.9249497534829,126.96717354857519
EVT-0114,True,2021-07-07 23:00:00,-2,-3,1,35.93399625248779,126.96717354857519
EVT-0114,True,2021-07-07 23:00:00,-2,-2,0,35.94304275149267,126.96717354857519
EVT-0114,True,2021-07-07 23:00:00,-2,-1,0,35.95208925049756,126.96717354857519
EVT-0114,True,2021-07-07 23:00:00,-2,0,1,35.96113574950244,126.96717354857519
EVT-0114,True,2021-07-07 23:00:00,-1,-3,0,35.93399625248779,126.97827118285839
EVT-0114,True,2021-07-07 23:00:00,-1,-2,0,35.94304275149267,126.97827118285839
EVT-0114,True,2021-07-07 23:00:00,-1,-1,1,35.95208925049756,126.97827118285839
EVT-0114,True,2021-07-07 23:00:00,-1,0,1,35.96113574950244,126.97827118285839
EVT-0114,True,2021-07-07 23:00:00,0,-2,0,35.94304275149267,126.9893688171416
EVT-0114,True,2021-07-07 23:00:00,0,-1,1,35.95208925049756,126.9893688171416
EVT-0114,True,2021-07-07 23:00:00,0,0,1,35.96113574950244,126.9893688171416
EVT-0114,True,2021-07-07 23:00:00,0,1,0,35.97018224850733,126.9893688171416
EVT-0114,True,2021-07-07 23:00:00,1,-2,0,35.94304275149267,127.0004664514248
EVT-0114,True,2021-07-07 23:00:00,1,-1,1,35.95208925049756,127.0004664514248
EVT-0114,True,2021-07-07 23:00:00,1,0,1,35.96113574950244,127.0004664514248
EVT-0114,True,2021-07-07 23:00:00,1,1,0,35.97018224850733,127.0004664514248
EVT-0114,True,2021-07-07 23:00:00,1,2,0,35.97922874751221,127.0004664514248
EVT-0114,True,2021-07-07 23:00:00,2,-3,0,35.93399625248779,127.011564085708
EVT-0114,True,2021-07-07 23:00:00,2,-2,0,35.94304275149267,127.011564085708
EVT-0114,True,2021-07-07 23:00:00,2,-1,0,35.95208925049756,127.011564085708
EVT-0114,True,2021-07-07 23:00:00,2,0,0,35.96113574950244,127.011564085708
EVT-0114,True,2021-07-07 23:00:00,2,1,0,35.97018224850733,127.011564085708
EVT-0114,True,2021-07-07 23:00:00,3,-2,0,35.94304275149267,127.0226617199912
EVT-0114,True,2021-07-07 23:00:00,3,-1,0,35.95208925049756,127.0226617199912
EVT-0114,True,2021-07-07 23:00:00,3,0,0,35.96113574950244,127.0226617199912
EVT-0114,True,2021-07-07 23:00:00,4,-1,0,35.95208925049756,127.03375935427441
EVT-0115,True,2021-07-08 00:00:00,-7,-1,0,35.95208925049756,126.91168537715917
EVT-0115,True,2021-07-08 00:00:00,-6,-2,0,35.94304275149267,126.92278301144238
EVT-0115,True,2021-07-08 00:00:00,-6,-1,0,35.95208925049756,126.92278301144238
EVT-0115,True,2021-07-08 00:00:00,-6,0,0,35.96113574950244,126.92278301144238
EVT-0115,True,2021-07-08 00:00:00,-5,-3,0,35.93399625248779,126.93388064572558
EVT-0115,True,2021-07-08 00:00:00,-5,-2,0,35.94304275149267,126.93388064572558
EVT-0115,True,2021-07-08 00:00:00,-5,-1,0,35.95208925049756,126.93388064572558
EVT-0115,True,2021-07-08 00:00:00,-5,0,0,35.96113574950244,126.93388064572558
EVT-0115,True,2021-07-08 00:00:00,-5,1,0,35.97018224850733,126.93388064572558
EVT-0115,True,2021-07-08 00:00:00,-4,-4,0,35.9249497534829,126.94497828000878
EVT-0115,True,2021-07-08 00:00:00,-4,-3,0,35.93399625248779,126.94497828000878
EVT-0115,True,2021-07-08 00:00:00,-4,-2,0,35.94304275149267,126.94497828000878
EVT-0115,True,2021-07-08 00:00:00,-4,-1,0,35.95208925049756,126.94497828000878
EVT-0115,True,2021-07-08 00:00:00,-4,0,1,35.96113574950244,126.94497828000878
EVT-0115,True,2021-07-08 00:00:00,-3,-3,0,35.93399625248779,126.95607591429199
EVT-0115,True,2021-07-08 00:00:00,-3,-2,0,35.94304275149267,126.95607591429199
EVT-0115,True,2021-07-08 00:00:00,-3,-1,0,35.95208925049756,126.95607591429199
EVT-0115,True,2021-07-08 00:00:00,-3,0,0,35.96113574950244,126.95607591429199
EVT-0115,True,2021-07-08 00:00:00,-2,-4,0,35.9249497534829,126.96717354857519
EVT-0115,True,2021-07-08 00:00:00,-2,-3,0,35.93399625248779,126.96717354857519
EVT-0115,True,2021-07-08 00:00:00,-2,-2,1,35.94304275149267,126.96717354857519
EVT-0115,True,2021-07-08 00:00:00,-2,-1,1,35.95208925049756,126.96717354857519
EVT-0115,True,2021-07-08 00:00:00,-2,0,0,35.96113574950244,126.96717354857519
EVT-0115,True,2021-07-08 00:00:00,-2,1,0,35.97018224850733,126.96717354857519
EVT-0115,True,2021-07-08 00:00:00,-2,12,0,36.06969373756106,126.96717354857519
EVT-0115,True,2021-07-08 00:00:00,-1,-4,0,35.9249497534829,126.97827118285839
EVT-0115,True,2021-07-08 00:00:00,-1,-3,0,35.93399625248779,126.97827118285839
EVT-0115,True,2021-07-08 00:00:00,-1,-2,0,35.94304275149267,126.97827118285839
EVT-0115,True,2021-07-08 00:00:00,-1,-1,0,35.95208925049756,126.97827118285839
EVT-0115,True,2021-07-08 00:00:00,-1,0,1,35.96113574950244,126.97827118285839
EVT-0115,True,2021-07-08 00:00:00,-1,1,0,35.97018224850733,126.97827118285839
EVT-0115,True,2021-07-08 00:00:00,-1,2,0,35.97922874751221,126.97827118285839
EVT-0115,True,2021-07-08 00:00:00,-1,11,0,36.06064723855618,126.97827118285839
EVT-0115,True,2021-07-08 00:00:00,-1,12,0,36.06969373756106,126.97827118285839
EVT-0115,True,2021-07-08 00:00:00,-1,13,0,36.07874023656595,126.97827118285839
EVT-0115,True,2021-07-08 00:00:00,0,-3,0,35.93399625248779,126.9893688171416
EVT-0115,True,2021-07-08 00:00:00,0,-2,0,35.94304275149267,126.9893688171416
EVT-0115,True,2021-07-08 00:00:00,0,-1,1,35.95208925049756,126.9893688171416
EVT-0115,True,2021-07-08 00:00:00,0,0,1,35.96113574950244,126.9893688171416
EVT-0115,True,2021-07-08 00:00:00,0,1,0,35.97018224850733,126.9893688171416
EVT-0115,True,2021-07-08 00:00:00,0,2,0,35.97922874751221,126.9893688171416
EVT-0115,True,2021-07-08 00:00:00,0,10,0,36.05160073955129,126.9893688171416
EVT-0115,True,2021-07-08 00:00:00,0,11,0,36.06064723855618,126.9893688171416
EVT-0115,True,2021-07-08 00:00:00,0,12,0,36.06969373756106,126.9893688171416
EVT-0115,True,2021-07-08 00:00:00,0,13,0,36.07874023656595,126.9893688171416
EVT-0115,True,2021-07-08 00:00:00,0,14,0,36.08778673557083,126.9893688171416
EVT-0115,True,2021-07-08 00:00:00,1,-2,0,35.94304275149267,127.0004664514248
EVT-0115,True,2021-07-08 00:00:00,1,-1,0,35.95208925049756,127.0004664514248
EVT-0115,True,2021-07-08 00:00:00,1,0,0,35.96113574950244,127.0004664514248
EVT-0115,True,2021-07-08 00:00:00,1,1,0,35.97018224850733,127.0004664514248
EVT-0115,True,2021-07-08 00:00:00,1,11,0,36.06064723855618,127.0004664514248
EVT-0115,True,2021-07-08 00:00:00,1,12,0,36.06969373756106,127.0004664514248
EVT-0115,True,2021-07-08 00:00:00,1,13,0,36.07874023656595,127.0004664514248
EVT-0115,True,2021-07-08 00:00:00,2,-1,0,35.95208925049756,127.011564085708
EVT-0115,True,2021-07-08 00:00:00,2,0,0,35.96113574950244,127.011564085708
EVT-0115,True,2021-07-08 00:00:00,2,12,0,36.06969373756106,127.011564085708
EVT-0116,True,2021-07-14 21:00:00,-5,-4,0,35.9249497534829,126.93388064572558
EVT-0116,True,2021-07-14 21:00:00,-4,-5,0,35.91590325447802,126.94497828000878
EVT-0116,True,2021-07-14 21:00:00,-4,-4,0,35.9249497534829,126.94497828000878
EVT-0116,True,2021-07-14 21:00:00,-4,-3,1,35.93399625248779,126.94497828000878
EVT-0116,True,2021-07-14 21:00:00,-4,0,0,35.96113574950244,126.94497828000878
EVT-0116,True,2021-07-14 21:00:00,-3,-6,0,35.90685675547313,126.95607591429199
EVT-0116,True,2021-07-14 21:00:00,-3,-5,0,35.91590325447802,126.95607591429199
EVT-0116,True,2021-07-14 21:00:00,-3,-4,1,35.9249497534829,126.95607591429199
EVT-0116,True,2021-07-14 21:00:00,-3,-3,1,35.93399625248779,126.95607591429199
EVT-0116,True,2021-07-14 21:00:00,-3,-2,0,35.94304275149267,126.95607591429199
EVT-0116,True,2021-07-14 21:00:00,-3,-1,0,35.95208925049756,126.95607591429199
EVT-0116,True,2021-07-14 21:00:00,-3,0,0,35.96113574950244,126.95607591429199
EVT-0116,True,2021-07-14 21:00:00,-3,1,0,35.97018224850733,126.95607591429199
EVT-0116,True,2021-07-14 21:00:00,-2,-6,0,35.90685675547313,126.96717354857519
EVT-0116,True,2021-07-14 21:00:00,-2,-5,0,35.91590325447802,126.96717354857519
EVT-0116,True,2021-07-14 21:00:00,-2,-4,1,35.9249497534829,126.96717354857519
EVT-0116,True,2021-07-14 21:00:00,-2,-3,1,35.93399625248779,126.96717354857519
EVT-0116,True,2021-07-14 21:00:00,-2,-2,1,35.94304275149267,126.96717354857519
EVT-0116,True,2021-07-14 21:00:00,-2,-1,1,35.95208925049756,126.96717354857519
EVT-0116,True,2021-07-14 21:00:00,-2,0,1,35.96113574950244,126.96717354857519
EVT-0116,True,2021-07-14 21:00:00,-2,1,0,35.97018224850733,126.96717354857519
EVT-0116,True,2021-07-14 21:00:00,-2,2,0,35.97922874751221,126.96717354857519
EVT-0116,True,2021-07-14 21:00:00,-1,-5,0,35.91590325447802,126.97827118285839
EVT-0116,True,2021-07-14 21:00:00,-1,-4,0,35.9249497534829,126.97827118285839
EVT-0116,True,2021-07-14 21:00:00,-1,-3,1,35.93399625248779,126.97827118285839
EVT-0116,True,2021-07-14 21:00:00,-1,-2,1,35.94304275149267,126.97827118285839
EVT-0116,True,2021-07-14 21:00:00,-1,-1,1,35.95208925049756,126.97827118285839
EVT-0116,True,2021-07-14 21:00:00,-1,0,1,35.96113574950244,126.97827118285839
EVT-0116,True,2021-07-14 21:00:00,-1,1,0,35.97018224850733,126.97827118285839
EVT-0116,True,2021-07-14 21:00:00,-1,2,0,35.97922874751221,126.97827118285839
EVT-0116,True,2021-07-14 21:00:00,0,-4,0,35.9249497534829,126.9893688171416
EVT-0116,True,2021-07-14 21:00:00,0,-3,0,35.93399625248779,126.9893688171416
EVT-0116,True,2021-07-14 21:00:00,0,-2,0,35.94304275149267,126.9893688171416
EVT-0116,True,2021-07-14 21:00:00,0,-1,1,35.95208925049756,126.9893688171416
EVT-0116,True,2021-07-14 21:00:00,0,0,1,35.96113574950244,126.9893688171416
EVT-0116,True,2021-07-14 21:00:00,0,1,0,35.97018224850733,126.9893688171416
EVT-0116,True,2021-07-14 21:00:00,0,2,0,35.97922874751221,126.9893688171416
EVT-0116,True,2021-07-14 21:00:00,1,-3,0,35.93399625248779,127.0004664514248
EVT-0116,True,2021-07-14 21:00:00,1,-2,0,35.94304275149267,127.0004664514248
EVT-0116,True,2021-07-14 21:00:00,1,-1,0,35.95208925049756,127.0004664514248
EVT-0116,True,2021-07-14 21:00:00,1,0,0,35.96113574950244,127.0004664514248
EVT-0116,True,2021-07-14 21:00:00,1,1,0,35.97018224850733,127.0004664514248
EVT-0116,True,2021-07-14 21:00:00,2,-2,0,35.94304275149267,127.011564085708
EVT-0116,True,2021-07-14 21:00:00,2,-1,0,35.95208925049756,127.011564085708
EVT-0116,True,2021-07-14 21:00:00,2,0,0,35.96113574950244,127.011564085708
EVT-0116,True,2021-07-14 21:00:00,3,-1,0,35.95208925049756,127.0226617199912
EVT-0117,True,2021-07-14 22:00:00,-6,-3,0,35.93399625248779,126.92278301144238
EVT-0117,True,2021-07-14 22:00:00,-5,-4,0,35.9249497534829,126.93388064572558
EVT-0117,True,2021-07-14 22:00:00,-5,-3,0,35.93399625248779,126.93388064572558
EVT-0117,True,2021-07-14 22:00:00,-5,-2,0,35.94304275149267,126.93388064572558
EVT-0117,True,2021-07-14 22:00:00,-5,0,0,35.96113574950244,126.93388064572558
EVT-0117,True,2021-07-14 22:00:00,-4,-5,0,35.91590325447802,126.94497828000878
EVT-0117,True,2021-07-14 22:00:00,-4,-4,0,35.9249497534829,126.94497828000878
EVT-0117,True,2021-07-14 22:00:00,-4,-3,0,35.93399625248779,126.94497828000878
EVT-0117,True,2021-07-14 22:00:00,-4,-2,0,35.94304275149267,126.94497828000878
EVT-0117,True,2021-07-14 22:00:00,-4,-1,0,35.95208925049756,126.94497828000878
EVT-0117,True,2021-07-14 22:00:00,-4,0,0,35.96113574950244,126.94497828000878
EVT-0117,True,2021-07-14 22:00:00,-4,1,0,35.97018224850733,126.94497828000878
EVT-0117,True,2021-07-14 22:00:00,-3,-6,0,35.90685675547313,126.95607591429199
EVT-0117,True,2021-07-14 22:00:00,-3,-5,0,35.91590325447802,126.95607591429199
EVT-0117,True,2021-07-14 22:00:00,-3,-4,0,35.9249497534829,126.95607591429199
EVT-0117,True,2021-07-14 22:00:00,-3,-3,0,35.93399625248779,126.95607591429199
EVT-0117,True,2021-07-14 22:00:00,-3,-2,0,35.94304275149267,126.95607591429199
EVT-0117,True,2021-07-14 22:00:00,-3,-1,0,35.95208925049756,126.95607591429199
EVT-0117,True,2021-07-14 22:00:00,-3,0,0,35.96113574950244,126.95607591429199
EVT-0117,True,2021-07-14 22:00:00,-3,1,0,35.97018224850733,126.95607591429199
EVT-0117,True,2021-07-14 22:00:00,-3,2,0,35.97922874751221,126.95607591429199
EVT-0117,True,2021-07-14 22:00:00,-2,-5,0,35.91590325447802,126.96717354857519
EVT-0117,True,2021-07-14 22:00:00,-2,-4,0,35.9249497534829,126.96717354857519
EVT-0117,True,2021-07-14 22:00:00,-2,-3,0,35.93399625248779,126.96717354857519
EVT-0117,True,2021-07-14 22:00:00,-2,-2,0,35.94304275149267,126.96717354857519
EVT-0117,True,2021-07-14 22:00:00,-2,-1,0,35.95208925049756,126.96717354857519
EVT-0117,True,2021-07-14 22:00:00,-2,0,0,35.96113574950244,126.96717354857519
EVT-0117,True,2021-07-14 22:00:00,-2,1,0,35.97018224850733,126.96717354857519
EVT-0117,True,2021-07-14 22:00:00,-2,2,0,35.97922874751221,126.96717354857519
EVT-0117,True,2021-07-14 22:00:00,-1,-4,0,35.9249497534829,126.97827118285839
EVT-0117,True,2021-07-14 22:00:00,-1,-3,0,35.93399625248779,126.97827118285839
EVT-0117,True,2021-07-14 22:00:00,-1,-2,0,35.94304275149267,126.97827118285839
EVT-0117,True,2021-07-14 22:00:00,-1,-1,1,35.95208925049756,126.97827118285839
EVT-0117,True,2021-07-14 22:00:00,-1,0,1,35.96113574950244,126.97827118285839
EVT-0117,True,2021-07-14 22:00:00,-1,1,0,35.97018224850733,126.97827118285839
EVT-0117,True,2021-07-14 22:00:00,-1,2,0,35.97922874751221,126.97827118285839
EVT-0117,True,2021-07-14 22:00:00,0,-3,0,35.93399625248779,126.9893688171416
EVT-0117,True,2021-07-14 22:00:00,0,-2,0,35.94304275149267,126.9893688171416
EVT-0117,True,2021-07-14 22:00:00,0,-1,1,35.95208925049756,126.9893688171416
EVT-0117,True,2021-07-14 22:00:00,0,0,0,35.96113574950244,126.9893688171416
EVT-0117,True,2021-07-14 22:00:00,0,1,0,35.97018224850733,126.9893688171416
EVT-0117,True,2021-07-14 22:00:00,1,-2,0,35.94304275149267,127.0004664514248
EVT-0117,True,2021-07-14 22:00:00,1,-1,0,35.95208925049756,127.0004664514248
EVT-0117,True,2021-07-14 22:00:00,1,0,1,35.96113574950244,127.0004664514248
EVT-0117,True,2021-07-14 22:00:00,2,-1,0,35.95208925049756,127.011564085708
EVT-0118,True,2021-07-14 23:00:00,-7,-2,0,35.94304275149267,126.91168537715917
EVT-0118,True,2021-07-14 23:00:00,-6,-3,0,35.93399625248779,126.92278301144238
EVT-0118,True,2021-07-14 23:00:00,-6,-2,0,35.94304275149267,126.92278301144238
EVT-0118,True,2021-07-14 23:00:00,-6,-1,0,35.95208925049756,126.92278301144238
EVT-0118,True,2021-07-14 23:00:00,-5,-4,0,35.9249497534829,126.93388064572558
EVT-0118,True,2021-07-14 23:00:00,-5,-3,0,35.93399625248779,126.93388064572558
EVT-0118,True,2021-07-14 23:00:00,-5,-2,0,35.94304275149267,126.93388064572558
EVT-0118,True,2021-07-14 23:00:00,-5,-1,0,35.95208925049756,126.93388064572558
EVT-0118,True,2021-07-14 23:00:00,-5,0,0,35.96113574950244,126.93388064572558
EVT-0118,True,2021-07-14 23:00:00,-4,-4,0,35.9249497534829,126.94497828000878
EVT-0118,True,2021-07-14 23:00:00,-4,-3,0,35.93399625248779,126.94497828000878
EVT-0118,True,2021-07-14 23:00:00,-4,-2,1,35.94304275149267,126.94497828000878
EVT-0118,True,2021-07-14 23:00:00,-4,-1,0,35.95208925049756,126.94497828000878
EVT-0118,True,2021-07-14 23:00:00,-4,0,0,35.96113574950244,126.94497828000878
EVT-0118,True,2021-07-14 23:00:00,-3,-3,0,35.93399625248779,126.95607591429199
EVT-0118,True,2021-07-14 23:00:00,-3,-2,0,35.94304275149267,126.95607591429199
EVT-0118,True,2021-07-14 23:00:00,-3,-1,0,35.95208925049756,126.95607591429199
EVT-0118,True,2021-07-14 23:00:00,-3,0,0,35.96113574950244,126.95607591429199
EVT-0118,True,2021-07-14 23:00:00,-3,1,0,35.97018224850733,126.95607591429199
EVT-0118,True,2021-07-14 23:00:00,-2,-2,0,35.94304275149267,126.96717354857519
EVT-0118,True,2021-07-14 23:00:00,-2,-1,0,35.95208925049756,126.96717354857519
EVT-0118,True,2021-07-14 23:00:00,-2,0,0,35.96113574950244,126.96717354857519
EVT-0118,True,2021-07-14 23:00:00,-2,1,0,35.97018224850733,126.96717354857519
EVT-0118,True,2021-07-14 23:00:00,-2,2,0,35.97922874751221,126.96717354857519
EVT-0118,True,2021-07-14 23:00:00,-1,-1,1,35.95208925049756,126.97827118285839
EVT-0118,True,2021-07-14 23:00:00,-1,0,1,35.96113574950244,126.97827118285839
EVT-0118,True,2021-07-14 23:00:00,-1,1,0,35.97018224850733,126.97827118285839
EVT-0118,True,2021-07-14 23:00:00,0,-2,0,35.94304275149267,126.9893688171416
EVT-0118,True,2021-07-14 23:00:00,0,-1,1,35.95208925049756,126.9893688171416
EVT-0118,True,2021-07-14 23:00:00,0,0,1,35.96113574950244,126.9893688171416
EVT-0118,True,2021-07-14 23:00:00,0,1,0,35.97018224850733,126.9893688171416
EVT-0118,True,2021-07-14 23:00:00,0,2,0,35.97922874751221,126.9893688171416
EVT-0118,True,2021-07-14 23:00:00,1,-2,0,35.94304275149267,127.0004664514248
EVT-0118,True,2021-07-14 23:00:00,1,-1,0,35.95208925049756,127.0004664514248
EVT-0118,True,2021-07-14 23:00:00,1,0,0,35.96113574950244,127.0004664514248
EVT-0118,True,2021-07-14 23:00:00,1,1,0,35.97018224850733,127.0004664514248
EVT-0118,True,2021-07-14 23:00:00,1,2,0,35.97922874751221,127.0004664514248
EVT-0118,True,2021-07-14 23:00:00,2,-1,0,35.95208925049756,127.011564085708
EVT-0118,True,2021-07-14 23:00:00,2,0,0,35.96113574950244,127.011564085708
EVT-0118,True,2021-07-14 23:00:00,2,1,1,35.97018224850733,127.011564085708
EVT-0118,True,2021-07-14 23:00:00,3,0,0,35.96113574950244,127.0226617199912
EVT-0119,True,2021-07-15 00:00:00,-6,-2,0,35.94304275149267,126.92278301144238
EVT-0119,True,2021-07-15 00:00:00,-5,-4,0,35.9249497534829,126.93388064572558
EVT-0119,True,2021-07-15 00:00:00,-5,-3,0,35.93399625248779,126.93388064572558
EVT-0119,True,2021-07-15 00:00:00,-5,-2,0,35.94304275149267,126.93388064572558
EVT-0119,True,2021-07-15 00:00:00,-5,-1,1,35.95208925049756,126.93388064572558
EVT-0119,True,2021-07-15 00:00:00,-4,-5,0,35.91590325447802,126.94497828000878
EVT-0119,True,2021-07-15 00:00:00,-4,-4,0,35.9249497534829,126.94497828000878
EVT-0119,True,2021-07-15 00:00:00,-4,-3,0,35.93399625248779,126.94497828000878
EVT-0119,True,2021-07-15 00:00:00,-4,-2,1,35.94304275149267,126.94497828000878
EVT-0119,True,2021-07-15 00:00:00,-4,-1,0,35.95208925049756,126.94497828000878
EVT-0119,True,2021-07-15 00:00:00,-4,0,0,35.96113574950244,126.94497828000878
EVT-0119,True,2021-07-15 00:00:00,-3,-6,0,35.90685675547313,126.95607591429199
EVT-0119,True,2021-07-15 00:00:00,-3,-5,0,35.91590325447802,126.95607591429199
EVT-0119,True,2021-07-15 00:00:00,-3,-4,0,35.9249497534829,126.95607591429199
EVT-0119,True,2021-07-15 00:00:00,-3,-3,0,35.93399625248779,126.95607591429199
EVT-0119,True,2021-07-15 00:00:00,-3,-2,0,35.94304275149267,126.95607591429199
EVT-0119,True,2021-07-15 00:00:00,-3,-1,0,35.95208925049756,126.95607591429199
EVT-0119,True,2021-07-15 00:00:00,-3,0,0,35.96113574950244,126.95607591429199
EVT-0119,True,2021-07-15 00:00:00,-2,-5,0,35.91590325447802,126.96717354857519
EVT-0119,True,2021-07-15 00:00:00,-2,-4,0,35.9249497534829,126.96717354857519
EVT-0119,True,2021-07-15 00:00:00,-2,-3,0,35.93399625248779,126.96717354857519
EVT-0119,True,2021-07-15 00:00:00,-2,-2,0,35.94304275149267,126.96717354857519
EVT-0119,True,2021-07-15 00:00:00,-2,-1,0,35.95208925049756,126.96717354857519
EVT-0119,True,2021-07-15 00:00:00,-2,0,0,35.96113574950244,126.96717354857519
EVT-0119,True,2021-07-15 00:00:00,-2,1,0,35.97018224850733,126.96717354857519
EVT-0119,True,2021-07-15 00:00:00,-1,-5,0,35.91590325447802,126.97827118285839
EVT-0119,True,2021-07-15 00:00:00,-1,-4,0,35.9249497534829,126.97827118285839
EVT-0119,True,2021-07-15 00:00:00,-1,-3,0,35.93399625248779,126.97827118285839
EVT-0119,True,2021-07-15 00:00:00,-1,-2,0,35.94304275149267,126.97827118285839
EVT-0119,True,2021-07-15 00:00:00,-1,-1,0,35.95208925049756,126.97827118285839
EVT-0119,True,2021-07-15 00:00:00,-1,0,0,35.96113574950244,126.97827118285839
EVT-0119,True,2021-07-15 00:00:00,-1,1,0,35.97018224850733,126.97827118285839
EVT-0119,True,2021-07-15 00:00:00,-1,2,0,35.97922874751221,126.97827118285839
EVT-0119,True,2021-07-15 00:00:00,0,-4,0,35.9249497534829,126.9893688171416
EVT-0119,True,2021-07-15 00:00:00,0,-3,0,35.93399625248779,126.9893688171416
EVT-0119,True,2021-07-15 00:00:00,0,-2,0,35.94304275149267,126.9893688171416
EVT-0119,True,2021-07-15 00:00:00,0,-1,0,35.95208925049756,126.9893688171416
EVT-0119,True,2021-07-15 00:00:00,0,0,0,35.96113574950244,126.9893688171416
EVT-0119,True,2021-07-15 00:00:00,0,1,0,35.97018224850733,126.9893688171416
EVT-0119,True,2021-07-15 00:00:00,0,2,0,35.97922874751221,126.9893688171416
EVT-0119,True,2021-07-15 00:00:00,1,-3,0,35.93399625248779,127.0004664514248
EVT-0119,True,2021-07-15 00:00:00,1,-2,0,35.94304275149267,127.0004664514248
EVT-0119,True,2021-07-15 00:00:00,1,-1,0,35.95208925049756,127.0004664514248
EVT-0119,True,2021-07-15 00:00:00,1,0,1,35.96113574950244,127.0004664514248
EVT-0119,True,2021-07-15 00:00:00,1,1,0,35.97018224850733,127.0004664514248
EVT-0119,True,2021-07-15 00:00:00,1,2,0,35.97922874751221,127.0004664514248
EVT-0119,True,2021-07-15 00:00:00,2,-2,0,35.94304275149267,127.011564085708
EVT-0119,True,2021-07-15 00:00:00,2,-1,0,35.95208925049756,127.011564085708
EVT-0119,True,2021-07-15 00:00:00,2,0,0,35.96113574950244,127.011564085708
EVT-0119,True,2021-07-15 00:00:00,2,1,0,35.97018224850733,127.011564085708
EVT-0119,True,2021-07-15 00:00:00,2,2,0,35.97922874751221,127.011564085708
EVT-0119,True,2021-07-15 00:00:00,2,3,0,35.9882752465171,127.011564085708
EVT-0119,True,2021-07-15 00:00:00,3,-1,0,35.95208925049756,127.0226617199912
EVT-0119,True,2021-07-15 00:00:00,3,0,0,35.96113574950244,127.0226617199912
EVT-0119,True,2021-07-15 00:00:00,3,1,0,35.97018224850733,127.0226617199912
EVT-0119,True,2021-07-15 00:00:00,3,2,0,35.97922874751221,127.0226617199912
EVT-0119,True,2021-07-15 00:00:00,4,0,0,35.96113574950244,127.03375935427441
EVT-0119,True,2021-07-15 00:00:00,4,1,0,35.97018224850733,127.03375935427441
EVT-0120,True,2021-07-20 22:00:00,-3,-1,0,35.95208925049756,126.95607591429199
EVT-0120,True,2021-07-20 22:00:00,-3,0,0,35.96113574950244,126.95607591429199
EVT-0120,True,2021-07-20 22:00:00,-2,-2,0,35.94304275149267,126.96717354857519
EVT-0120,True,2021-07-20 22:00:00,-2,-1,0,35.95208925049756,126.96717354857519
EVT-0120,True,2021-07-20 22:00:00,-2,0,0,35.96113574950244,126.96717354857519
EVT-0120,True,2021-07-20 22:00:00,-2,1,0,35.97018224850733,126.96717354857519
EVT-0120,True,2021-07-20 22:00:00,-1,-3,0,35.93399625248779,126.97827118285839
EVT-0120,True,2021-07-20 22:00:00,-1,-2,0,35.94304275149267,126.97827118285839
EVT-0120,True,2021-07-20 22:00:00,-1,-1,0,35.95208925049756,126.97827118285839
EVT-0120,True,2021-07-20 22:00:00,-1,0,1,35.96113574950244,126.97827118285839
EVT-0120,True,2021-07-20 22:00:00,-1,1,0,35.97018224850733,126.97827118285839
EVT-0120,True,2021-07-20 22:00:00,-1,2,0,35.97922874751221,126.97827118285839
EVT-0120,True,2021-07-20 22:00:00,0,-3,0,35.93399625248779,126.9893688171416
EVT-0120,True,2021-07-20 22:00:00,0,-2,0,35.94304275149267,126.9893688171416
EVT-0120,True,2021-07-20 22:00:00,0,-1,1,35.95208925049756,126.9893688171416
EVT-0120,True,2021-07-20 22:00:00,0,0,1,35.96113574950244,126.9893688171416
EVT-0120,True,2021-07-20 22:00:00,0,1,0,35.97018224850733,126.9893688171416
EVT-0120,True,2021-07-20 22:00:00,0,2,0,35.97922874751221,126.9893688171416
EVT-0120,True,2021-07-20 22:00:00,1,-2,0,35.94304275149267,127.0004664514248
EVT-0120,True,2021-07-20 22:00:00,1,-1,0,35.95208925049756,127.0004664514248
EVT-0120,True,2021-07-20 22:00:00,1,0,0,35.96113574950244,127.0004664514248
EVT-0120,True,2021-07-20 22:00:00,1,1,0,35.97018224850733,127.0004664514248
EVT-0120,True,2021-07-20 22:00:00,2,-2,0,35.94304275149267,127.011564085708
EVT-0120,True,2021-07-20 22:00:00,2,-1,0,35.95208925049756,127.011564085708
EVT-0120,True,2021-07-20 22:00:00,2,0,0,35.96113574950244,127.011564085708
EVT-0120,True,2021-07-20 22:00:00,2,1,0,35.97018224850733,127.011564085708
EVT-0120,True,2021-07-20 22:00:00,2,2,0,35.97922874751221,127.011564085708
EVT-0120,True,2021-07-20 22:00:00,3,-1,0,35.95208925049756,127.0226617199912
EVT-0120,True,2021-07-20 22:00:00,3,0,0,35.96113574950244,127.0226617199912
EVT-0120,True,2021-07-20 22:00:00,3,1,0,35.97018224850733,127.0226617199912
EVT-0120,True,2021-07-20 22:00:00,4,0,0,35.96113574950244,127.03375935427441
EVT-0121,True,2021-07-20 23:00:00,-4,0,0,35.96113574950244,126.94497828000878
EVT-0121,True,2021-07-20 23:00:00,-3,-1,0,35.95208925049756,126.95607591429199
EVT-0121,True,2021-07-20 23:00:00,-3,0,0,35.96113574950244,126.95607591429199
EVT-0121,True,2021-07-20 23:00:00,-3,1,0,35.97018224850733,126.95607591429199
EVT-0121,True,2021-07-20 23:00:00,-2,-2,0,35.94304275149267,126.96717354857519
EVT-0121,True,2021-07-20 23:00:00,-2,-1,1,35.95208925049756,126.96717354857519
EVT-0121,True,2021-07-20 23:00:00,-2,0,1,35.96113574950244,126.96717354857519
EVT-0121,True,2021-07-20 23:00:00,-2,1,0,35.97018224850733,126.96717354857519
EVT-0121,True,2021-07-20 23:00:00,-2,2,0,35.97922874751221,126.96717354857519
EVT-0121,True,2021-07-20 23:00:00,-1,-2,0,35.94304275149267,126.97827118285839
EVT-0121,True,2021-07-20 23:00:00,-1,-1,1,35.95208925049756,126.97827118285839
EVT-0121,True,2021-07-20 23:00:00,-1,0,1,35.96113574950244,126.97827118285839
EVT-0121,True,2021-07-20 23:00:00,-1,1,0,35.97018224850733,126.97827118285839
EVT-0121,True,2021-07-20 23:00:00,0,-3,0,35.93399625248779,126.9893688171416
EVT-0121,True,2021-07-20 23:00:00,0,-2,0,35.94304275149267,126.9893688171416
EVT-0121,True,2021-07-20 23:00:00,0,-1,1,35.95208925049756,126.9893688171416
EVT-0121,True,2021-07-20 23:00:00,0,0,1,35.96113574950244,126.9893688171416
EVT-0121,True,2021-07-20 23:00:00,0,1,0,35.97018224850733,126.9893688171416
EVT-0121,True,2021-07-20 23:00:00,0,2,0,35.97922874751221,126.9893688171416
EVT-0121,True,2021-07-20 23:00:00,1,-2,0,35.94304275149267,127.0004664514248
EVT-0121,True,2021-07-20 23:00:00,1,-1,1,35.95208925049756,127.0004664514248
EVT-0121,True,2021-07-20 23:00:00,1,0,1,35.96113574950244,127.0004664514248
EVT-0121,True,2021-07-20 23:00:00,1,1,0,35.97018224850733,127.0004664514248
EVT-0121,True,2021-07-20 23:00:00,1,2,0,35.97922874751221,127.0004664514248
EVT-0121,True,2021-07-20 23:00:00,2,-1,0,35.95208925049756,127.011564085708
EVT-0121,True,2021-07-20 23:00:00,2,0,1,35.96113574950244,127.011564085708
EVT-0121,True,2021-07-20 23:00:00,2,1,0,35.97018224850733,127.011564085708
EVT-0121,True,2021-07-20 23:00:00,3,0,0,35.96113574950244,127.0226617199912
EVT-0122,True,2021-07-21 00:00:00,-3,0,0,35.96113574950244,126.95607591429199
EVT-0122,True,2021-07-21 00:00:00,-2,-1,0,35.95208925049756,126.96717354857519
EVT-0122,True,2021-07-21 00:00:00,-2,0,0,35.96113574950244,126.96717354857519
EVT-0122,True,2021-07-21 00:00:00,-2,1,0,35.97018224850733,126.96717354857519
EVT-0122,True,2021-07-21 00:00:00,-1,-2,0,35.94304275149267,126.97827118285839
EVT-0122,True,2021-07-21 00:00:00,-1,-1,1,35.95208925049756,126.97827118285839
EVT-0122,True,2021-07-21 00:00:00,-1,0,1,35.96113574950244,126.97827118285839
EVT-0122,True,2021-07-21 00:00:00,-1,1,0,35.97018224850733,126.97827118285839
EVT-0122,True,2021-07-21 00:00:00,-1,2,0,35.97922874751221,126.97827118285839
EVT-0122,True,2021-07-21 00:00:00,0,-3,0,35.93399625248779,126.9893688171416
EVT-0122,True,2021-07-21 00:00:00,0,-2,0,35.94304275149267,126.9893688171416
EVT-0122,True,2021-07-21 00:00:00,0,-1,1,35.95208925049756,126.9893688171416
EVT-0122,True,2021-07-21 00:00:00,0,0,0,35.96113574950244,126.9893688171416
EVT-0122,True,2021-07-21 00:00:00,0,1,0,35.97018224850733,126.9893688171416
EVT-0122,True,2021-07-21 00:00:00,0,2,0,35.97922874751221,126.9893688171416
EVT-0122,True,2021-07-21 00:00:00,1,-2,0,35.94304275149267,127.0004664514248
EVT-0122,True,2021-07-21 00:00:00,1,-1,0,35.95208925049756,127.0004664514248
EVT-0122,True,2021-07-21 00:00:00,1,0,0,35.96113574950244,127.0004664514248
EVT-0122,True,2021-07-21 00:00:00,1,1,0,35.97018224850733,127.0004664514248
EVT-0122,True,2021-07-21 00:00:00,1,2,0,35.97922874751221,127.0004664514248
EVT-0122,True,2021-07-21 00:00:00,2,-1,0,35.95208925049756,127.011564085708
EVT-0122,True,2021-07-21 00:00:00,2,0,0,35.96113574950244,127.011564085708
EVT-0122,True,2021-07-21 00:00:00,2,1,0,35.97018224850733,127.011564085708
EVT-0122,True,2021-07-21 00:00:00,3,0,0,35.96113574950244,127.0226617199912
EVT-0123,True,2021-07-23 23:00:00,-3,0,0,35.96113574950244,126.95607591429199
EVT-0123,True,2021-07-23 23:00:00,-2,-1,0,35.95208925049756,126.96717354857519
EVT-0123,True,2021-07-23 23:00:00,-2,0,1,35.96113574950244,126.96717354857519
EVT-0123,True,2021-07-23 23:00:00,-2,1,0,35.97018224850733,126.96717354857519
EVT-0123,True,2021-07-23 23:00:00,-1,-2,0,35.94304275149267,126.97827118285839
EVT-0123,True,2021-07-23 23:00:00,-1,-1,0,35.95208925049756,126.97827118285839
EVT-0123,True,2021-07-23 23:00:00,-1,0,1,35.96113574950244,126.97827118285839
EVT-0123,True,2021-07-23 23:00:00,-1,1,0,35.97018224850733,126.97827118285839
EVT-0123,True,2021-07-23 23:00:00,-1,2,0,35.97922874751221,126.97827118285839
EVT-0123,True,2021-07-23 23:00:00,0,-2,0,35.94304275149267,126.9893688171416
EVT-0123,True,2021-07-23 23:00:00,0,-1,0,35.95208925049756,126.9893688171416
EVT-0123,True,2021-07-23 23:00:00,0,0,1,35.96113574950244,126.9893688171416
EVT-0123,True,2021-07-23 23:00:00,0,1,0,35.97018224850733,126.9893688171416
EVT-0123,True,2021-07-23 23:00:00,0,2,0,35.97922874751221,126.9893688171416
EVT-0123,True,2021-07-23 23:00:00,1,-2,0,35.94304275149267,127.0004664514248
EVT-0123,True,2021-07-23 23:00:00,1,-1,1,35.95208925049756,127.0004664514248
EVT-0123,True,2021-07-23 23:00:00,1,0,0,35.96113574950244,127.0004664514248
EVT-0123,True,2021-07-23 23:00:00,1,1,0,35.97018224850733,127.0004664514248
EVT-0123,True,2021-07-23 23:00:00,1,2,0,35.97922874751221,127.0004664514248
EVT-0123,True,2021-07-23 23:00:00,2,-2,0,35.94304275149267,127.011564085708
EVT-0123,True,2021-07-23 23:00:00,2,-1,0,35.95208925049756,127.011564085708
EVT-0123,True,2021-07-23 23:00:00,2,0,0,35.96113574950244,127.011564085708
EVT-0123,True,2021-07-23 23:00:00,2,1,0,35.97018224850733,127.011564085708
EVT-0123,True,2021-07-23 23:00:00,2,2,0,35.97922874751221,127.011564085708
EVT-0123,True,2021-07-23 23:00:00,3,-1,0,35.95208925049756,127.0226617199912
EVT-0123,True,2021-07-23 23:00:00,3,0,0,35.96113574950244,127.0226617199912
EVT-0123,True,2021-07-23 23:00:00,3,1,0,35.97018224850733,127.0226617199912
EVT-0123,True,2021-07-23 23:00:00,4,0,0,35.96113574950244,127.03375935427441
EVT-0124,True,2021-07-25 21:00:00,-2,-1,0,35.95208925049756,126.96717354857519
EVT-0124,True,2021-07-25 21:00:00,-2,0,0,35.96113574950244,126.96717354857519
EVT-0124,True,2021-07-25 21:00:00,-1,-2,0,35.94304275149267,126.97827118285839
EVT-0124,True,2021-07-25 21:00:00,-1,-1,0,35.95208925049756,126.97827118285839
EVT-0124,True,2021-07-25 21:00:00,-1,0,1,35.96113574950244,126.97827118285839
EVT-0124,True,2021-07-25 21:00:00,-1,1,0,35.97018224850733,126.97827118285839
EVT-0124,True,2021-07-25 21:00:00,0,-3,0,35.93399625248779,126.9893688171416
EVT-0124,True,2021-07-25 21:00:00,0,-2,0,35.94304275149267,126.9893688171416
EVT-0124,True,2021-07-25 21:00:00,0,-1,1,35.95208925049756,126.9893688171416
EVT-0124,True,2021-07-25 21:00:00,0,0,1,35.96113574950244,126.9893688171416
EVT-0124,True,2021-07-25 21:00:00,0,1,0,35.97018224850733,126.9893688171416
EVT-0124,True,2021-07-25 21:00:00,0,2,0,35.97922874751221,126.9893688171416
EVT-0124,True,2021-07-25 21:00:00,1,-2,0,35.94304275149267,127.0004664514248
EVT-0124,True,2021-07-25 21:00:00,1,-1,1,35.95208925049756,127.0004664514248
EVT-0124,True,2021-07-25 21:00:00,1,0,0,35.96113574950244,127.0004664514248
EVT-0124,True,2021-07-25 21:00:00,1,1,0,35.97018224850733,127.0004664514248
EVT-0124,True,2021-07-25 21:00:00,1,2,0,35.97922874751221,127.0004664514248
EVT-0124,True,2021-07-25 21:00:00,2,-1,0,35.95208925049756,127.011564085708
EVT-0124,True,2021-07-25 21:00:00,2,0,0,35.96113574950244,127.011564085708
EVT-0124,True,2021-07-25 21:00:00,2,1,0,35.97018224850733,127.011564085708
EVT-0124,True,2021-07-25 21:00:00,3,0,0,35.96113574950244,127.0226617199912
EVT-0125,True,2021-07-25 22:00:00,-4,0,0,35.96113574950244,126.94497828000878
EVT-0125,True,2021-07-25 22:00:00,-3,-1,0,35.95208925049756,126.95607591429199
EVT-0125,True,2021-07-25 22:00:00,-3,0,0,35.96113574950244,126.95607591429199
EVT-0125,True,2021-07-25 22:00:00,-3,1,0,35.97018224850733,126.95607591429199
EVT-0125,True,2021-07-25 22:00:00,-2,-2,0,35.94304275149267,126.96717354857519
EVT-0125,True,2021-07-25 22:00:00,-2,-1,0,35.95208925049756,126.96717354857519
EVT-0125,True,2021-07-25 22:00:00,-2,0,0,35.96113574950244,126.96717354857519
EVT-0125,True,2021-07-25 22:00:00,-2,1,0,35.97018224850733,126.96717354857519
EVT-0125,True,2021-07-25 22:00:00,-2,2,0,35.97922874751221,126.96717354857519
EVT-0125,True,2021-07-25 22:00:00,-2,12,0,36.06969373756106,126.96717354857519
EVT-0125,True,2021-07-25 22:00:00,-1,-2,0,35.94304275149267,126.97827118285839
EVT-0125,True,2021-07-25 22:00:00,-1,-1,0,35.95208925049756,126.97827118285839
EVT-0125,True,2021-07-25 22:00:00,-1,0,1,35.96113574950244,126.97827118285839
EVT-0125,True,2021-07-25 22:00:00,-1,1,0,35.97018224850733,126.97827118285839
EVT-0125,True,2021-07-25 22:00:00,-1,11,0,36.06064723855618,126.97827118285839
EVT-0125,True,2021-07-25 22:00:00,-1,12,0,36.06969373756106,126.97827118285839
EVT-0125,True,2021-07-25 22:00:00,-1,13,0,36.07874023656595,126.97827118285839
EVT-0125,True,2021-07-25 22:00:00,0,-3,0,35.93399625248779,126.9893688171416
EVT-0125,True,2021-07-25 22:00:00,0,-2,0,35.94304275149267,126.9893688171416
EVT-0125,True,2021-07-25 22:00:00,0,-1,1,35.95208925049756,126.9893688171416
EVT-0125,True,2021-07-25 22:00:00,0,0,1,35.96113574950244,126.9893688171416
EVT-0125,True,2021-07-25 22:00:00,0,1,0,35.97018224850733,126.9893688171416
EVT-0125,True,2021-07-25 22:00:00,0,2,0,35.97922874751221,126.9893688171416
EVT-0125,True,2021-07-25 22:00:00,0,10,0,36.05160073955129,126.9893688171416
EVT-0125,True,2021-07-25 22:00:00,0,11,0,36.06064723855618,126.9893688171416
EVT-0125,True,2021-07-25 22:00:00,0,12,0,36.06969373756106,126.9893688171416
EVT-0125,True,2021-07-25 22:00:00,0,13,0,36.07874023656595,126.9893688171416
EVT-0125,True,2021-07-25 22:00:00,0,14,0,36.08778673557083,126.9893688171416
EVT-0125,True,2021-07-25 22:00:00,1,-2,0,35.94304275149267,127.0004664514248
EVT-0125,True,2021-07-25 22:00:00,1,-1,1,35.95208925049756,127.0004664514248
EVT-0125,True,2021-07-25 22:00:00,1,0,0,35.96113574950244,127.0004664514248
EVT-0125,True,2021-07-25 22:00:00,1,1,0,35.97018224850733,127.0004664514248
EVT-0125,True,2021-07-25 22:00:00,1,11,0,36.06064723855618,127.0004664514248
EVT-0125,True,2021-07-25 22:00:00,1,12,0,36.06969373756106,127.0004664514248
EVT-0125,True,2021-07-25 22:00:00,1,13,0,36.07874023656595,127.0004664514248
EVT-0125,True,2021-07-25 22:00:00,2,-1,0,35.95208925049756,127.011564085708
EVT-0125,True,2021-07-25 22:00:00,2,0,0,35.96113574950244,127.011564085708
EVT-0125,True,2021-07-25 22:00:00,2,12,0,36.06969373756106,127.011564085708
EVT-0126,True,2021-07-26 21:00:00,-4,-1,0,35.95208925049756,126.94497828000878
EVT-0126,True,2021-07-26 21:00:00,-3,-2,0,35.94304275149267,126.95607591429199
EVT-0126,True,2021-07-26 21:00:00,-3,-1,0,35.95208925049756,126.95607591429199
EVT-0126,True,2021-07-26 21:00:00,-3,0,0,35.96113574950244,126.95607591429199
EVT-0126,True,2021-07-26 21:00:00,-2,-3,0,35.93399625248779,126.96717354857519
EVT-0126,True,2021-07-26 21:00:00,-2,-2,1,35.94304275149267,126.96717354857519
EVT-0126,True,2021-07-26 21:00:00,-2,-1,1,35.95208925049756,126.96717354857519
EVT-0126,True,2021-07-26 21:00:00,-2,0,0,35.96113574950244,126.96717354857519
EVT-0126,True,2021-07-26 21:00:00,-2,1,0,35.97018224850733,126.96717354857519
EVT-0126,True,2021-07-26 21:00:00,-1,-2,0,35.94304275149267,126.97827118285839
EVT-0126,True,2021-07-26 21:00:00,-1,-1,0,35.95208925049756,126.97827118285839
EVT-0126,True,2021-07-26 21:00:00,-1,0,0,35.96113574950244,126.97827118285839
EVT-0126,True,2021-07-26 21:00:00,-1,1,0,35.97018224850733,126.97827118285839
EVT-0126,True,2021-07-26 21:00:00,-1,2,0,35.97922874751221,126.97827118285839
EVT-0126,True,2021-07-26 21:00:00,0,-3,0,35.93399625248779,126.9893688171416
EVT-0126,True,2021-07-26 21:00:00,0,-2,0,35.94304275149267,126.9893688171416
EVT-0126,True,2021-07-26 21:00:00,0,-1,1,35.95208925049756,126.9893688171416
EVT-0126,True,2021-07-26 21:00:00,0,0,1,35.96113574950244,126.9893688171416
EVT-0126,True,2021-07-26 21:00:00,0,1,0,35.97018224850733,126.9893688171416
EVT-0126,True,2021-07-26 21:00:00,0,2,0,35.97922874751221,126.9893688171416
EVT-0126,True,2021-07-26 21:00:00,0,20,0,36.14206572960014,126.9893688171416
EVT-0126,True,2021-07-26 21:00:00,1,-2,0,35.94304275149267,127.0004664514248
EVT-0126,True,2021-07-26 21:00:00,1,-1,0,35.95208925049756,127.0004664514248
EVT-0126,True,2021-07-26 21:00:00,1,0,0,35.96113574950244,127.0004664514248
EVT-0126,True,2021-07-26 21:00:00,1,1,0,35.97018224850733,127.0004664514248
EVT-0126,True,2021-07-26 21:00:00,1,19,0,36.13301923059526,127.0004664514248
EVT-0126,True,2021-07-26 21:00:00,1,20,0,36.14206572960014,127.0004664514248
EVT-0126,True,2021-07-26 21:00:00,1,21,0,36.15111222860503,127.0004664514248
EVT-0126,True,2021-07-26 21:00:00,2,-1,0,35.95208925049756,127.011564085708
EVT-0126,True,2021-07-26 21:00:00,2,0,0,35.96113574950244,127.011564085708
EVT-0126,True,2021-07-26 21:00:00,2,18,0,36.12397273159037,127.011564085708
EVT-0126,True,2021-07-26 21:00:00,2,19,0,36.13301923059526,127.011564085708
EVT-0126,True,2021-07-26 21:00:00,2,20,0,36.14206572960014,127.011564085708
EVT-0126,True,2021-07-26 21:00:00,2,21,0,36.15111222860503,127.011564085708
EVT-0126,True,2021-07-26 21:00:00,2,22,0,36.16015872760991,127.011564085708
EVT-0126,True,2021-07-26 21:00:00,3,19,0,36.13301923059526,127.0226617199912
EVT-0126,True,2021-07-26 21:00:00,3,20,0,36.14206572960014,127.0226617199912
EVT-0126,True,2021-07-26 21:00:00,3,21,0,36.15111222860503,127.0226617199912
EVT-0126,True,2021-07-26 21:00:00,4,20,0,36.14206572960014,127.03375935427441
EVT-0127,True,2021-08-04 23:00:00,-5,-4,0,35.9249497534829,126.93388064572558
EVT-0127,True,2021-08-04 23:00:00,-4,-5,0,35.91590325447802,126.94497828000878
EVT-0127,True,2021-08-04 23:00:00,-4,-4,0,35.9249497534829,126.94497828000878
EVT-0127,True,2021-08-04 23:00:00,-4,-3,0,35.93399625248779,126.94497828000878
EVT-0127,True,2021-08-04 23:00:00,-3,-6,0,35.90685675547313,126.95607591429199
EVT-0127,True,2021-08-04 23:00:00,-3,-5,0,35.91590325447802,126.95607591429199
EVT-0127,True,2021-08-04 23:00:00,-3,-4,0,35.9249497534829,126.95607591429199
EVT-0127,True,2021-08-04 23:00:00,-3,-3,0,35.93399625248779,126.95607591429199
EVT-0127,True,2021-08-04 23:00:00,-3,-2,0,35.94304275149267,126.95607591429199
EVT-0127,True,2021-08-04 23:00:00,-2,-5,0,35.91590325447802,126.96717354857519
EVT-0127,True,2021-08-04 23:00:00,-2,-4,0,35.9249497534829,126.96717354857519
EVT-0127,True,2021-08-04 23:00:00,-2,-3,0,35.93399625248779,126.96717354857519
EVT-0127,True,2021-08-04 23:00:00,-2,-2,0,35.94304275149267,126.96717354857519
EVT-0127,True,2021-08-04 23:00:00,-2,-1,0,35.95208925049756,126.96717354857519
EVT-0127,True,2021-08-04 23:00:00,-1,-4,0,35.9249497534829,126.97827118285839
EVT-0127,True,2021-08-04 23:00:00,-1,-3,0,35.93399625248779,126.97827118285839
EVT-0127,True,2021-08-04 23:00:00,-1,-2,0,35.94304275149267,126.97827118285839
EVT-0127,True,2021-08-04 23:00:00,-1,-1,0,35.95208925049756,126.97827118285839
EVT-0127,True,2021-08-04 23:00:00,-1,0,0,35.96113574950244,126.97827118285839
EVT-0127,True,2021-08-04 23:00:00,0,-3,0,35.93399625248779,126.9893688171416
EVT-0127,True,2021-08-04 23:00:00,0,-2,0,35.94304275149267,126.9893688171416
EVT-0127,True,2021-08-04 23:00:00,0,-1,1,35.95208925049756,126.9893688171416
EVT-0127,True,2021-08-04 23:00:00,0,0,1,35.96113574950244,126.9893688171416
EVT-0127,True,2021-08-04 23:00:00,0,1,0,35.97018224850733,126.9893688171416
EVT-0127,True,2021-08-04 23:00:00,1,-2,0,35.94304275149267,127.0004664514248
EVT-0127,True,2021-08-04 23:00:00,1,-1,0,35.95208925049756,127.0004664514248
EVT-0127,True,2021-08-04 23:00:00,1,0,1,35.96113574950244,127.0004664514248
EVT-0127,True,2021-08-04 23:00:00,2,-1,0,35.95208925049756,127.011564085708
EVT-0128,False,2021-08-05 00:00:00,-3,0,0,35.96113574950244,126.95607591429199
EVT-0128,False,2021-08-05 00:00:00,-2,-1,1,35.95208925049756,126.96717354857519
EVT-0128,False,2021-08-05 00:00:00,-2,0,0,35.96113574950244,126.96717354857519
EVT-0128,False,2021-08-05 00:00:00,-2,1,0,35.97018224850733,126.96717354857519
EVT-0128,False,2021-08-05 00:00:00,-1,-2,0,35.94304275149267,126.97827118285839
EVT-0128,False,2021-08-05 00:00:00,-1,-1,1,35.95208925049756,126.97827118285839
EVT-0128,False,2021-08-05 00:00:00,-1,0,1,35.96113574950244,126.97827118285839
EVT-0128,False,2021-08-05 00:00:00,-1,1,0,35.97018224850733,126.97827118285839
EVT-0128,False,2021-08-05 00:00:00,-1,2,0,35.97922874751221,126.97827118285839
EVT-0128,False,2021-08-05 00:00:00,0,-3,0,35.93399625248779,126.9893688171416
EVT-0128,False,2021-08-05 00:00:00,0,-2,0,35.94304275149267,126.9893688171416
EVT-0128,False,2021-08-05 00:00:00,0,-1,1,35.95208925049756,126.9893688171416
EVT-0128,False,2021-08-05 00:00:00,0,0,1,35.96113574950244,126.9893688171416
EVT-0128,False,2021-08-05 00:00:00,0,1,0,35.97018224850733,126.9893688171416
EVT-0128,False,2021-08-05 00:00:00,0,2,0,35.97922874751221,126.9893688171416
EVT-0128,False,2021-08-05 00:00:00,1,-3,0,35.93399625248779,127.0004664514248
EVT-0128,False,2021-08-05 00:00:00,1,-2,0,35.94304275149267,127.0004664514248
EVT-0128,False,2021-08-05 00:00:00,1,-1,0,35.95208925049756,127.0004664514248
EVT-0128,False,2021-08-05 00:00:00,1,0,1,35.96113574950244,127.0004664514248
EVT-0128,False,2021-08-05 00:00:00,1,1,0,35.97018224850733,127.0004664514248
EVT-0128,False,2021-08-05 00:00:00,1,2,0,35.97922874751221,127.0004664514248
EVT-0128,False,2021-08-05 00:00:00,2,-2,0,35.94304275149267,127.011564085708
EVT-0128,False,2021-08-05 00:00:00,2,-1,0,35.95208925049756,127.011564085708
EVT-0128,False,2021-08-05 00:00:00,2,0,0,35.96113574950244,127.011564085708
EVT-0128,False,2021-08-05 00:00:00,2,1,0,35.97018224850733,127.011564085708
EVT-0128,False,2021-08-05 00:00:00,3,-1,0,35.95208925049756,127.0226617199912
EVT-0128,False,2021-08-05 00:00:00,3,0,0,35.96113574950244,127.0226617199912
EVT-0130,False,2021-08-05 23:00:00,-3,0,0,35.96113574950244,126.95607591429199
EVT-0130,False,2021-08-05 23:00:00,-2,-1,1,35.95208925049756,126.96717354857519
EVT-0130,False,2021-08-05 23:00:00,-2,0,0,35.96113574950244,126.96717354857519
EVT-0130,False,2021-08-05 23:00:00,-2,1,0,35.97018224850733,126.96717354857519
EVT-0130,False,2021-08-05 23:00:00,-1,-2,0,35.94304275149267,126.97827118285839
EVT-0130,False,2021-08-05 23:00:00,-1,-1,0,35.95208925049756,126.97827118285839
EVT-0130,False,2021-08-05 23:00:00,-1,0,0,35.96113574950244,126.97827118285839
EVT-0130,False,2021-08-05 23:00:00,-1,1,0,35.97018224850733,126.97827118285839
EVT-0130,False,2021-08-05 23:00:00,-1,2,0,35.97922874751221,126.97827118285839
EVT-0130,False,2021-08-05 23:00:00,0,-2,0,35.94304275149267,126.9893688171416
EVT-0130,False,2021-08-05 23:00:00,0,-1,1,35.95208925049756,126.9893688171416
EVT-0130,False,2021-08-05 23:00:00,0,0,1,35.96113574950244,126.9893688171416
EVT-0130,False,2021-08-05 23:00:00,0,1,0,35.97018224850733,126.9893688171416
EVT-0130,False,2021-08-05 23:00:00,0,2,0,35.97922874751221,126.9893688171416
EVT-0130,False,2021-08-05 23:00:00,1,-2,0,35.94304275149267,127.0004664514248
EVT-0130,False,2021-08-05 23:00:00,1,-1,0,35.95208925049756,127.0004664514248
EVT-0130,False,2021-08-05 23:00:00,1,0,0,35.96113574950244,127.0004664514248
EVT-0130,False,2021-08-05 23:00:00,1,1,0,35.97018224850733,127.0004664514248
EVT-0130,False,2021-08-05 23:00:00,1,2,0,35.97922874751221,127.0004664514248
EVT-0130,False,2021-08-05 23:00:00,2,-1,0,35.95208925049756,127.011564085708
EVT-0130,False,2021-08-05 23:00:00,2,0,0,35.96113574950244,127.011564085708
EVT-0130,False,2021-08-05 23:00:00,2,1,0,35.97018224850733,127.011564085708
EVT-0130,False,2021-08-05 23:00:00,3,0,0,35.96113574950244,127.0226617199912
EVT-0131,False,2021-08-12 21:00:00,-5,0,0,35.96113574950244,126.93388064572558
EVT-0131,False,2021-08-12 21:00:00,-4,-1,0,35.95208925049756,126.94497828000878
EVT-0131,False,2021-08-12 21:00:00,-4,0,0,35.96113574950244,126.94497828000878
EVT-0131,False,2021-08-12 21:00:00,-4,1,0,35.97018224850733,126.94497828000878
EVT-0131,False,2021-08-12 21:00:00,-3,-2,0,35.94304275149267,126.95607591429199
EVT-0131,False,2021-08-12 21:00:00,-3,-1,0,35.95208925049756,126.95607591429199
EVT-0131,False,2021-08-12 21:00:00,-3,0,0,35.96113574950244,126.95607591429199
EVT-0131,False,2021-08-12 21:00:00,-3,1,0,35.97018224850733,126.95607591429199
EVT-0131,False,2021-08-12 21:00:00,-3,2,0,35.97922874751221,126.95607591429199
EVT-0131,False,2021-08-12 21:00:00,-2,-3,0,35.93399625248779,126.96717354857519
EVT-0131,False,2021-08-12 21:00:00,-2,-2,0,35.94304275149267,126.96717354857519
EVT-0131,False,2021-08-12 21:00:00,-2,-1,0,35.95208925049756,126.96717354857519
EVT-0131,False,2021-08-12 21:00:00,-2,0,0,35.96113574950244,126.96717354857519
EVT-0131,False,2021-08-12 21:00:00,-2,1,0,35.97018224850733,126.96717354857519
EVT-0131,False,2021-08-12 21:00:00,-2,2,0,35.97922874751221,126.96717354857519
EVT-0131,False,2021-08-12 21:00:00,-1,-2,0,35.94304275149267,126.97827118285839
EVT-0131,False,2021-08-12 21:00:00,-1,-1,0,35.95208925049756,126.97827118285839
EVT-0131,False,2021-08-12 21:00:00,-1,0,1,35.96113574950244,126.97827118285839
EVT-0131,False,2021-08-12 21:00:00,-1,1,0,35.97018224850733,126.97827118285839
EVT-0131,False,2021-08-12 21:00:00,0,-3,0,35.93399625248779,126.9893688171416
EVT-0131,False,2021-08-12 21:00:00,0,-2,0,35.94304275149267,126.9893688171416
EVT-0131,False,2021-08-12 21:00:00,0,-1,0,35.95208925049756,126.9893688171416
EVT-0131,False,2021-08-12 21:00:00,0,0,1,35.96113574950244,126.9893688171416
EVT-0131,False,2021-08-12 21:00:00,0,1,0,35.97018224850733,126.9893688171416
EVT-0131,False,2021-08-12 21:00:00,1,-2,0,35.94304275149267,127.0004664514248
EVT-0131,False,2021-08-12 21:00:00,1,-1,1,35.95208925049756,127.0004664514248
EVT-0131,False,2021-08-12 21:00:00,1,0,1,35.96113574950244,127.0004664514248
EVT-0131,False,2021-08-12 21:00:00,2,-1,0,35.95208925049756,127.011564085708
EVT-0132,False,2021-08-14 22:00:00,-6,-2,0,35.94304275149267,126.92278301144238
EVT-0132,False,2021-08-14 22:00:00,-5,-3,0,35.93399625248779,126.93388064572558
EVT-0132,False,2021-08-14 22:00:00,-5,-2,0,35.94304275149267,126.93388064572558
EVT-0132,False,2021-08-14 22:00:00,-5,-1,0,35.95208925049756,126.93388064572558
EVT-0132,False,2021-08-14 22:00:00,-4,-4,0,35.9249497534829,126.94497828000878
EVT-0132,False,2021-08-14 22:00:00,-4,-3,1,35.93399625248779,126.94497828000878
EVT-0132,False,2021-08-14 22:00:00,-4,-2,1,35.94304275149267,126.94497828000878
EVT-0132,False,2021-08-14 22:00:00,-4,-1,0,35.95208925049756,126.94497828000878
EVT-0132,False,2021-08-14 22:00:00,-4,0,0,35.96113574950244,126.94497828000878
EVT-0132,False,2021-08-14 22:00:00,-3,-5,0,35.91590325447802,126.95607591429199
EVT-0132,False,2021-08-14 22:00:00,-3,-4,0,35.9249497534829,126.95607591429199
EVT-0132,False,2021-08-14 22:00:00,-3,-3,0,35.93399625248779,126.95607591429199
EVT-0132,False,2021-08-14 22:00:00,-3,-2,0,35.94304275149267,126.95607591429199
EVT-0132,False,2021-08-14 22:00:00,-3,-1,0,35.95208925049756,126.95607591429199
EVT-0132,False,2021-08-14 22:00:00,-2,-6,0,35.90685675547313,126.96717354857519
EVT-0132,False,2021-08-14 22:00:00,-2,-5,0,35.91590325447802,126.96717354857519
EVT-0132,False,2021-08-14 22:00:00,-2,-4,0,35.9249497534829,126.96717354857519
EVT-0132,False,2021-08-14 22:00:00,-2,-3,0,35.93399625248779,126.96717354857519
EVT-0132,False,2021-08-14 22:00:00,-2,-2,1,35.94304275149267,126.96717354857519
EVT-0132,False,2021-08-14 22:00:00,-1,-5,0,35.91590325447802,126.97827118285839
EVT-0132,False,2021-08-14 22:00:00,-1,-4,0,35.9249497534829,126.97827118285839
EVT-0132,False,2021-08-14 22:00:00,-1,-3,0,35.93399625248779,126.97827118285839
EVT-0132,False,2021-08-14 22:00:00,-1,0,1,35.96113574950244,126.97827118285839
EVT-0132,False,2021-08-14 22:00:00,0,-4,0,35.9249497534829,126.9893688171416
EVT-0132,False,2021-08-14 22:00:00,0,-1,1,35.95208925049756,126.9893688171416
EVT-0132,False,2021-08-14 22:00:00,0,0,1,35.96113574950244,126.9893688171416
EVT-0132,False,2021-08-14 22:00:00,0,1,0,35.97018224850733,126.9893688171416
EVT-0132,False,2021-08-14 22:00:00,1,-2,0,35.94304275149267,127.0004664514248
EVT-0132,False,2021-08-14 22:00:00,1,-1,0,35.95208925049756,127.0004664514248
EVT-0132,False,2021-08-14 22:00:00,1,0,0,35.96113574950244,127.0004664514248
EVT-0132,False,2021-08-14 22:00:00,1,1,0,35.97018224850733,127.0004664514248
EVT-0132,False,2021-08-14 22:00:00,1,2,0,35.97922874751221,127.0004664514248
EVT-0132,False,2021-08-14 22:00:00,2,-1,0,35.95208925049756,127.011564085708
EVT-0132,False,2021-08-14 22:00:00,2,0,0,35.96113574950244,127.011564085708
EVT-0132,False,2021-08-14 22:00:00,2,1,0,35.97018224850733,127.011564085708
EVT-0132,False,2021-08-14 22:00:00,3,0,0,35.96113574950244,127.0226617199912
EVT-0134,False,2021-08-19 21:00:00,-5,-4,0,35.9249497534829,126.93388064572558
EVT-0134,False,2021-08-19 21:00:00,-5,-3,0,35.93399625248779,126.93388064572558
EVT-0134,False,2021-08-19 21:00:00,-5,13,0,36.07874023656595,126.93388064572558
EVT-0134,False,2021-08-19 21:00:00,-4,-5,0,35.91590325447802,126.94497828000878
EVT-0134,False,2021-08-19 21:00:00,-4,-4,0,35.9249497534829,126.94497828000878
EVT-0134,False,2021-08-19 21:00:00,-4,-3,0,35.93399625248779,126.94497828000878
EVT-0134,False,2021-08-19 21:00:00,-4,-2,0,35.94304275149267,126.94497828000878
EVT-0134,False,2021-08-19 21:00:00,-4,12,0,36.06969373756106,126.94497828000878
EVT-0134,False,2021-08-19 21:00:00,-4,13,0,36.07874023656595,126.94497828000878
EVT-0134,False,2021-08-19 21:00:00,-4,14,0,36.08778673557083,126.94497828000878
EVT-0134,False,2021-08-19 21:00:00,-3,-6,0,35.90685675547313,126.95607591429199
EVT-0134,False,2021-08-19 21:00:00,-3,-5,0,35.91590325447802,126.95607591429199
EVT-0134,False,2021-08-19 21:00:00,-3,-4,0,35.9249497534829,126.95607591429199
EVT-0134,False,2021-08-19 21:00:00,-3,-3,0,35.93399625248779,126.95607591429199
EVT-0134,False,2021-08-19 21:00:00,-3,-2,0,35.94304275149267,126.95607591429199
EVT-0134,False,2021-08-19 21:00:00,-3,-1,0,35.95208925049756,126.95607591429199
EVT-0134,False,2021-08-19 21:00:00,-3,11,0,36.06064723855618,126.95607591429199
EVT-0134,False,2021-08-19 21:00:00,-3,12,0,36.06969373756106,126.95607591429199
EVT-0134,False,2021-08-19 21:00:00,-3,13,0,36.07874023656595,126.95607591429199
EVT-0134,False,2021-08-19 21:00:00,-3,14,0,36.08778673557083,126.95607591429199
EVT-0134,False,2021-08-19 21:00:00,-3,15,0,36.09683323457572,126.95607591429199
EVT-0134,False,2021-08-19 21:00:00,-2,-6,0,35.90685675547313,126.96717354857519
EVT-0134,False,2021-08-19 21:00:00,-2,-5,0,35.91590325447802,126.96717354857519
EVT-0134,False,2021-08-19 21:00:00,-2,-4,0,35.9249497534829,126.96717354857519
EVT-0134,False,2021-08-19 21:00:00,-2,-3,0,35.93399625248779,126.96717354857519
EVT-0134,False,2021-08-19 21:00:00,-2,-2,0,35.94304275149267,126.96717354857519
EVT-0134,False,2021-08-19 21:00:00,-2,-1,0,35.95208925049756,126.96717354857519
EVT-0134,False,2021-08-19 21:00:00,-2,0,0,35.96113574950244,126.96717354857519
EVT-0134,False,2021-08-19 21:00:00,-2,12,0,36.06969373756106,126.96717354857519
EVT-0134,False,2021-08-19 21:00:00,-2,13,0,36.07874023656595,126.96717354857519
EVT-0134,False,2021-08-19 21:00:00,-2,14,0,36.08778673557083,126.96717354857519
EVT-0134,False,2021-08-19 21:00:00,-1,-5,0,35.91590325447802,126.97827118285839
EVT-0134,False,2021-08-19 21:00:00,-1,-4,0,35.9249497534829,126.97827118285839
EVT-0134,False,2021-08-19 21:00:00,-1,-3,0,35.93399625248779,126.97827118285839
EVT-0134,False,2021-08-19 21:00:00,-1,-2,0,35.94304275149267,126.97827118285839
EVT-0134,False,2021-08-19 21:00:00,-1,-1,0,35.95208925049756,126.97827118285839
EVT-0134,False,2021-08-19 21:00:00,-1,0,0,35.96113574950244,126.97827118285839
EVT-0134,False,2021-08-19 21:00:00,-1,1,0,35.97018224850733,126.97827118285839
EVT-0134,False,2021-08-19 21:00:00,-1,13,0,36.07874023656595,126.97827118285839
EVT-0134,False,2021-08-19 21:00:00,0,-4,0,35.9249497534829,126.9893688171416
EVT-0134,False,2021-08-19 21:00:00,0,-3,0,35.93399625248779,126.9893688171416
EVT-0134,False,2021-08-19 21:00:00,0,-2,0,35.94304275149267,126.9893688171416
EVT-0134,False,2021-08-19 21:00:00,0,-1,0,35.95208925049756,126.9893688171416
EVT-0134,False,2021-08-19 21:00:00,0,0,0,35.96113574950244,126.9893688171416
EVT-0134,False,2021-08-19 21:00:00,0,1,0,35.97018224850733,126.9893688171416
EVT-0134,False,2021-08-19 21:00:00,1,-2,0,35.94304275149267,127.0004664514248
EVT-0134,False,2021-08-19 21:00:00,1,-1,0,35.95208925049756,127.0004664514248
EVT-0134,False,2021-08-19 21:00:00,1,0,1,35.96113574950244,127.0004664514248
EVT-0134,False,2021-08-19 21:00:00,2,-1,0,35.95208925049756,127.011564085708
EVT-0135,False,2021-08-20 20:00:00,-4,-4,0,35.9249497534829,126.94497828000878
EVT-0135,False,2021-08-20 20:00:00,-4,-3,0,35.93399625248779,126.94497828000878
EVT-0135,False,2021-08-20 20:00:00,-3,-5,0,35.91590325447802,126.95607591429199
EVT-0135,False,2021-08-20 20:00:00,-3,-4,0,35.9249497534829,126.95607591429199
EVT-0135,False,2021-08-20 20:00:00,-3,-3,0,35.93399625248779,126.95607591429199
EVT-0135,False,2021-08-20 20:00:00,-3,-2,0,35.94304275149267,126.95607591429199
EVT-0135,False,2021-08-20 20:00:00,-3,-1,0,35.95208925049756,126.95607591429199
EVT-0135,False,2021-08-20 20:00:00,-3,0,0,35.96113574950244,126.95607591429199
EVT-0135,False,2021-08-20 20:00:00,-2,-6,0,35.90685675547313,126.96717354857519
EVT-0135,False,2021-08-20 20:00:00,-2,-5,0,35.91590325447802,126.96717354857519
EVT-0135,False,2021-08-20 20:00:00,-2,-4,0,35.9249497534829,126.96717354857519
EVT-0135,False,2021-08-20 20:00:00,-2,-3,1,35.93399625248779,126.96717354857519
EVT-0135,False,2021-08-20 20:00:00,-2,-2,1,35.94304275149267,126.96717354857519
EVT-0135,False,2021-08-20 20:00:00,-2,-1,0,35.95208925049756,126.96717354857519
EVT-0135,False,2021-08-20 20:00:00,-2,0,1,35.96113574950244,126.96717354857519
EVT-0135,False,2021-08-20 20:00:00,-2,1,0,35.97018224850733,126.96717354857519
EVT-0135,False,2021-08-20 20:00:00,-1,-5,0,35.91590325447802,126.97827118285839
EVT-0135,False,2021-08-20 20:00:00,-1,-4,0,35.9249497534829,126.97827118285839
EVT-0135,False,2021-08-20 20:00:00,-1,-3,0,35.93399625248779,126.97827118285839
EVT-0135,False,2021-08-20 20:00:00,-1,-2,0,35.94304275149267,126.97827118285839
EVT-0135,False,2021-08-20 20:00:00,-1,-1,0,35.95208925049756,126.97827118285839
EVT-0135,False,2021-08-20 20:00:00,-1,0,0,35.96113574950244,126.97827118285839
EVT-0135,False,2021-08-20 20:00:00,-1,1,0,35.97018224850733,126.97827118285839
EVT-0135,False,2021-08-20 20:00:00,-1,2,0,35.97922874751221,126.97827118285839
EVT-0135,False,2021-08-20 20:00:00,0,-4,0,35.9249497534829,126.9893688171416
EVT-0135,False,2021-08-20 20:00:00,0,-3,0,35.93399625248779,126.9893688171416
EVT-0135,False,2021-08-20 20:00:00,0,-2,0,35.94304275149267,126.9893688171416
EVT-0135,False,2021-08-20 20:00:00,0,-1,0,35.95208925049756,126.9893688171416
EVT-0135,False,2021-08-20 20:00:00,0,0,0,35.96113574950244,126.9893688171416
EVT-0135,False,2021-08-20 20:00:00,0,1,0,35.97018224850733,126.9893688171416
EVT-0135,False,2021-08-20 20:00:00,1,-3,0,35.93399625248779,127.0004664514248
EVT-0135,False,2021-08-20 20:00:00,1,-2,0,35.94304275149267,127.0004664514248
EVT-0135,False,2021-08-20 20:00:00,1,-1,0,35.95208925049756,127.0004664514248
EVT-0135,False,2021-08-20 20:00:00,1,0,0,35.96113574950244,127.0004664514248
EVT-0135,False,2021-08-20 20:00:00,2,-2,0,35.94304275149267,127.011564085708
EVT-0136,False,2021-08-31 21:00:00,-4,-3,0,35.93399625248779,126.94497828000878
EVT-0136,False,2021-08-31 21:00:00,-3,-4,1,35.9249497534829,126.95607591429199
EVT-0136,False,2021-08-31 21:00:00,-3,-3,0,35.93399625248779,126.95607591429199
EVT-0136,False,2021-08-31 21:00:00,-3,-2,0,35.94304275149267,126.95607591429199
EVT-0136,False,2021-08-31 21:00:00,-3,0,0,35.96113574950244,126.95607591429199
EVT-0136,False,2021-08-31 21:00:00,-2,-5,0,35.91590325447802,126.96717354857519
EVT-0136,False,2021-08-31 21:00:00,-2,-4,1,35.9249497534829,126.96717354857519
EVT-0136,False,2021-08-31 21:00:00,-2,-3,1,35.93399625248779,126.96717354857519
EVT-0136,False,2021-08-31 21:00:00,-2,-2,1,35.94304275149267,126.96717354857519
EVT-0136,False,2021-08-31 21:00:00,-2,-1,0,35.95208925049756,126.96717354857519
EVT-0136,False,2021-08-31 21:00:00,-2,0,1,35.96113574950244,126.96717354857519
EVT-0136,False,2021-08-31 21:00:00,-2,1,0,35.97018224850733,126.96717354857519
EVT-0136,False,2021-08-31 21:00:00,-1,-4,0,35.9249497534829,126.97827118285839
EVT-0136,False,2021-08-31 21:00:00,-1,-3,0,35.93399625248779,126.97827118285839
EVT-0136,False,2021-08-31 21:00:00,-1,-2,0,35.94304275149267,126.97827118285839
EVT-0136,False,2021-08-31 21:00:00,-1,-1,0,35.95208925049756,126.97827118285839
EVT-0136,False,2021-08-31 21:00:00,-1,0,1,35.96113574950244,126.97827118285839
EVT-0136,False,2021-08-31 21:00:00,-1,1,0,35.97018224850733,126.97827118285839
EVT-0136,False,2021-08-31 21:00:00,-1,2,0,35.97922874751221,126.97827118285839
EVT-0136,False,2021-08-31 21:00:00,0,-3,0,35.93399625248779,126.9893688171416
EVT-0136,False,2021-08-31 21:00:00,0,-2,0,35.94304275149267,126.9893688171416
EVT-0136,False,2021-08-31 21:00:00,0,-1,0,35.95208925049756,126.9893688171416
EVT-0136,False,2021-08-31 21:00:00,0,0,1,35.96113574950244,126.9893688171416
EVT-0136,False,2021-08-31 21:00:00,0,1,0,35.97018224850733,126.9893688171416
EVT-0136,False,2021-08-31 21:00:00,0,2,0,35.97922874751221,126.9893688171416
EVT-0136,False,2021-08-31 21:00:00,1,-2,0,35.94304275149267,127.0004664514248
EVT-0136,False,2021-08-31 21:00:00,1,-1,0,35.95208925049756,127.0004664514248
EVT-0136,False,2021-08-31 21:00:00,1,0,0,35.96113574950244,127.0004664514248
EVT-0136,False,2021-08-31 21:00:00,1,1,0,35.97018224850733,127.0004664514248
EVT-0136,False,2021-08-31 21:00:00,2,-1,0,35.95208925049756,127.011564085708
EVT-0136,False,2021-08-31 21:00:00,2,0,0,35.96113574950244,127.011564085708
EVT-0137,False,2021-08-31 22:00:00,-5,0,0,35.96113574950244,126.93388064572558
EVT-0137,False,2021-08-31 22:00:00,-4,-2,0,35.94304275149267,126.94497828000878
EVT-0137,False,2021-08-31 22:00:00,-4,-1,0,35.95208925049756,126.94497828000878
EVT-0137,False,2021-08-31 22:00:00,-4,0,0,35.96113574950244,126.94497828000878
EVT-0137,False,2021-08-31 22:00:00,-4,1,0,35.97018224850733,126.94497828000878
EVT-0137,False,2021-08-31 22:00:00,-3,-3,0,35.93399625248779,126.95607591429199
EVT-0137,False,2021-08-31 22:00:00,-3,-2,0,35.94304275149267,126.95607591429199
EVT-0137,False,2021-08-31 22:00:00,-3,-1,0,35.95208925049756,126.95607591429199
EVT-0137,False,2021-08-31 22:00:00,-3,0,0,35.96113574950244,126.95607591429199
EVT-0137,False,2021-08-31 22:00:00,-3,1,0,35.97018224850733,126.95607591429199
EVT-0137,False,2021-08-31 22:00:00,-3,2,0,35.97922874751221,126.95607591429199
EVT-0137,False,2021-08-31 22:00:00,-2,-4,0,35.9249497534829,126.96717354857519
EVT-0137,False,2021-08-31 22:00:00,-2,-3,0,35.93399625248779,126.96717354857519
EVT-0137,False,2021-08-31 22:00:00,-2,-2,0,35.94304275149267,126.96717354857519
EVT-0137,False,2021-08-31 22:00:00,-2,-1,0,35.95208925049756,126.96717354857519
EVT-0137,False,2021-08-31 22:00:00,-2,0,0,35.96113574950244,126.96717354857519
EVT-0137,False,2021-08-31 22:00:00,-2,1,0,35.97018224850733,126.96717354857519
EVT-0137,False,2021-08-31 22:00:00,-1,-3,0,35.93399625248779,126.97827118285839
EVT-0137,False,2021-08-31 22:00:00,-1,-2,0,35.94304275149267,126.97827118285839
EVT-0137,False,2021-08-31 22:00:00,-1,-1,1,35.95208925049756,126.97827118285839
EVT-0137,False,2021-08-31 22:00:00,-1,0,1,35.96113574950244,126.97827118285839
EVT-0137,False,2021-08-31 22:00:00,-1,1,0,35.97018224850733,126.97827118285839
EVT-0137,False,2021-08-31 22:00:00,-1,2,0,35.97922874751221,126.97827118285839
EVT-0137,False,2021-08-31 22:00:00,0,-3,0,35.93399625248779,126.9893688171416
EVT-0137,False,2021-08-31 22:00:00,0,-2,0,35.94304275149267,126.9893688171416
EVT-0137,False,2021-08-31 22:00:00,0,-1,1,35.95208925049756,126.9893688171416
EVT-0137,False,2021-08-31 22:00:00,0,0,1,35.96113574950244,126.9893688171416
EVT-0137,False,2021-08-31 22:00:00,0,1,0,35.97018224850733,126.9893688171416
EVT-0137,False,2021-08-31 22:00:00,1,-2,0,35.94304275149267,127.0004664514248
EVT-0137,False,2021-08-31 22:00:00,1,-1,0,35.95208925049756,127.0004664514248
EVT-0137,False,2021-08-31 22:00:00,1,0,1,35.96113574950244,127.0004664514248
EVT-0137,False,2021-08-31 22:00:00,2,-1,0,35.95208925049756,127.011564085708
EVT-0138,False,2021-08-31 23:00:00,-4,-3,0,35.93399625248779,126.94497828000878
EVT-0138,False,2021-08-31 23:00:00,-4,-1,0,35.95208925049756,126.94497828000878
EVT-0138,False,2021-08-31 23:00:00,-4,0,0,35.96113574950244,126.94497828000878
EVT-0138,False,2021-08-31 23:00:00,-3,-4,0,35.9249497534829,126.95607591429199
EVT-0138,False,2021-08-31 23:00:00,-3,-3,0,35.93399625248779,126.95607591429199
EVT-0138,False,2021-08-31 23:00:00,-3,-2,0,35.94304275149267,126.95607591429199
EVT-0138,False,2021-08-31 23:00:00,-3,-1,0,35.95208925049756,126.95607591429199
EVT-0138,False,2021-08-31 23:00:00,-3,0,0,35.96113574950244,126.95607591429199
EVT-0138,False,2021-08-31 23:00:00,-3,1,0,35.97018224850733,126.95607591429199
EVT-0138,False,2021-08-31 23:00:00,-2,-5,0,35.91590325447802,126.96717354857519
EVT-0138,False,2021-08-31 23:00:00,-2,-4,0,35.9249497534829,126.96717354857519
EVT-0138,False,2021-08-31 23:00:00,-2,-3,0,35.93399625248779,126.96717354857519
EVT-0138,False,2021-08-31 23:00:00,-2,-2,0,35.94304275149267,126.96717354857519
EVT-0138,False,2021-08-31 23:00:00,-2,-1,1,35.95208925049756,126.96717354857519
EVT-0138,False,2021-08-31 23:00:00,-2,0,0,35.96113574950244,126.96717354857519
EVT-0138,False,2021-08-31 23:00:00,-2,1,0,35.97018224850733,126.96717354857519
EVT-0138,False,2021-08-31 23:00:00,-2,2,0,35.97922874751221,126.96717354857519
EVT-0138,False,2021-08-31 23:00:00,-1,-4,0,35.9249497534829,126.97827118285839
EVT-0138,False,2021-08-31 23:00:00,-1,-3,0,35.93399625248779,126.97827118285839
EVT-0138,False,2021-08-31 23:00:00,-1,-2,0,35.94304275149267,126.97827118285839
EVT-0138,False,2021-08-31 23:00:00,-1,-1,0,35.95208925049756,126.97827118285839
EVT-0138,False,2021-08-31 23:00:00,-1,0,1,35.96113574950244,126.97827118285839
EVT-0138,False,2021-08-31 23:00:00,-1,1,0,35.97018224850733,126.97827118285839
EVT-0138,False,2021-08-31 23:00:00,-1,2,0,35.97922874751221,126.97827118285839
EVT-0138,False,2021-08-31 23:00:00,0,-3,0,35.93399625248779,126.9893688171416
EVT-0138,False,2021-08-31 23:00:00,0,-2,0,35.94304275149267,126.9893688171416
EVT-0138,False,2021-08-31 23:00:00,0,-1,0,35.95208925049756,126.9893688171416
EVT-0138,False,2021-08-31 23:00:00,0,0,0,35.96113574950244,126.9893688171416
EVT-0138,False,2021-08-31 23:00:00,0,1,0,35.97018224850733,126.9893688171416
EVT-0138,False,2021-08-31 23:00:00,1,-2,0,35.94304275149267,127.0004664514248
EVT-0138,False,2021-08-31 23:00:00,1,-1,0,35.95208925049756,127.0004664514248
EVT-0138,False,2021-08-31 23:00:00,1,0,0,35.96113574950244,127.0004664514248
EVT-0138,False,2021-08-31 23:00:00,2,-1,0,35.95208925049756,127.011564085708
EVT-0139,False,2021-09-13 00:00:00,-3,0,0,35.96113574950244,126.95607591429199
EVT-0139,False,2021-09-13 00:00:00,-2,-1,1,35.95208925049756,126.96717354857519
EVT-0139,False,2021-09-13 00:00:00,-2,0,1,35.96113574950244,126.96717354857519
EVT-0139,False,2021-09-13 00:00:00,-2,1,0,35.97018224850733,126.96717354857519
EVT-0139,False,2021-09-13 00:00:00,-1,-2,0,35.94304275149267,126.97827118285839
EVT-0139,False,2021-09-13 00:00:00,-1,-1,0,35.95208925049756,126.97827118285839
EVT-0139,False,2021-09-13 00:00:00,-1,0,1,35.96113574950244,126.97827118285839
EVT-0139,False,2021-09-13 00:00:00,-1,1,0,35.97018224850733,126.97827118285839
EVT-0139,False,2021-09-13 00:00:00,-1,2,0,35.97922874751221,126.97827118285839
EVT-0139,False,2021-09-13 00:00:00,0,-3,0,35.93399625248779,126.9893688171416
EVT-0139,False,2021-09-13 00:00:00,0,-2,0,35.94304275149267,126.9893688171416
EVT-0139,False,2021-09-13 00:00:00,0,-1,0,35.95208925049756,126.9893688171416
EVT-0139,False,2021-09-13 00:00:00,0,0,0,35.96113574950244,126.9893688171416
EVT-0139,False,2021-09-13 00:00:00,0,1,0,35.97018224850733,126.9893688171416
EVT-0139,False,2021-09-13 00:00:00,0,2,0,35.97922874751221,126.9893688171416
EVT-0139,False,2021-09-13 00:00:00,1,-2,0,35.94304275149267,127.0004664514248
EVT-0139,False,2021-09-13 00:00:00,1,-1,0,35.95208925049756,127.0004664514248
EVT-0139,False,2021-09-13 00:00:00,1,0,0,35.96113574950244,127.0004664514248
EVT-0139,False,2021-09-13 00:00:00,1,1,0,35.97018224850733,127.0004664514248
EVT-0139,False,2021-09-13 00:00:00,2,-1,0,35.95208925049756,127.011564085708
EVT-0139,False,2021-09-13 00:00:00,2,0,0,35.96113574950244,127.011564085708
EVT-0140,False,2021-09-21 22:00:00,-3,0,0,35.96113574950244,126.95607591429199
EVT-0140,False,2021-09-21 22:00:00,-2,-1,0,35.95208925049756,126.96717354857519
EVT-0140,False,2021-09-21 22:00:00,-2,0,0,35.96113574950244,126.96717354857519
EVT-0140,False,2021-09-21 22:00:00,-2,1,0,35.97018224850733,126.96717354857519
EVT-0140,False,2021-09-21 22:00:00,-1,-2,0,35.94304275149267,126.97827118285839
EVT-0140,False,2021-09-21 22:00:00,-1,-1,1,35.95208925049756,126.97827118285839
EVT-0140,False,2021-09-21 22:00:00,-1,0,1,35.96113574950244,126.97827118285839
EVT-0140,False,2021-09-21 22:00:00,-1,1,0,35.97018224850733,126.97827118285839
EVT-0140,False,2021-09-21 22:00:00,-1,2,0,35.97922874751221,126.97827118285839
EVT-0140,False,2021-09-21 22:00:00,0,-3,0,35.93399625248779,126.9893688171416
EVT-0140,False,2021-09-21 22:00:00,0,-2,0,35.94304275149267,126.9893688171416
EVT-0140,False,2021-09-21 22:00:00,0,-1,0,35.95208925049756,126.9893688171416
EVT-0140,False,2021-09-21 22:00:00,0,0,1,35.96113574950244,126.9893688171416
EVT-0140,False,2021-09-21 22:00:00,0,1,0,35.97018224850733,126.9893688171416
EVT-0140,False,2021-09-21 22:00:00,0,2,0,35.97922874751221,126.9893688171416
EVT-0140,False,2021-09-21 22:00:00,1,-2,0,35.94304275149267,127.0004664514248
EVT-0140,False,2021-09-21 22:00:00,1,-1,0,35.95208925049756,127.0004664514248
EVT-0140,False,2021-09-21 22:00:00,1,0,0,35.96113574950244,127.0004664514248
EVT-0140,False,2021-09-21 22:00:00,1,1,0,35.97018224850733,127.0004664514248
EVT-0140,False,2021-09-21 22:00:00,2,-1,0,35.95208925049756,127.011564085708
EVT-0140,False,2021-09-21 22:00:00,2,0,0,35.96113574950244,127.011564085708
EVT-0141,False,2021-09-28 21:00:00,-2,-1,0,35.95208925049756,126.96717354857519
EVT-0141,False,2021-09-28 21:00:00,-2,0,1,35.96113574950244,126.96717354857519
EVT-0141,False,2021-09-28 21:00:00,-1,-2,0,35.94304275149267,126.97827118285839
EVT-0141,False,2021-09-28 21:00:00,-1,-1,0,35.95208925049756,126.97827118285839
EVT-0141,False,2021-09-28 21:00:00,-1,0,1,35.96113574950244,126.97827118285839
EVT-0141,False,2021-09-28 21:00:00,-1,1,0,35.97018224850733,126.97827118285839
EVT-0141,False,2021-09-28 21:00:00,0,-3,0,35.93399625248779,126.9893688171416
EVT-0141,False,2021-09-28 21:00:00,0,-2,0,35.94304275149267,126.9893688171416
EVT-0141,False,2021-09-28 21:00:00,0,-1,1,35.95208925049756,126.9893688171416
EVT-0141,False,2021-09-28 21:00:00,0,0,1,35.96113574950244,126.9893688171416
EVT-0141,False,2021-09-28 21:00:00,0,1,0,35.97018224850733,126.9893688171416
EVT-0141,False,2021-09-28 21:00:00,0,2,0,35.97922874751221,126.9893688171416
EVT-0141,False,2021-09-28 21:00:00,1,-3,0,35.93399625248779,127.0004664514248
EVT-0141,False,2021-09-28 21:00:00,1,-2,0,35.94304275149267,127.0004664514248
EVT-0141,False,2021-09-28 21:00:00,1,-1,0,35.95208925049756,127.0004664514248
EVT-0141,False,2021-09-28 21:00:00,1,0,1,35.96113574950244,127.0004664514248
EVT-0141,False,2021-09-28 21:00:00,1,1,0,35.97018224850733,127.0004664514248
EVT-0141,False,2021-09-28 21:00:00,1,2,0,35.97922874751221,127.0004664514248
EVT-0141,False,2021-09-28 21:00:00,2,-2,0,35.94304275149267,127.011564085708
EVT-0141,False,2021-09-28 21:00:00,2,-1,0,35.95208925049756,127.011564085708
EVT-0141,False,2021-09-28 21:00:00,2,0,0,35.96113574950244,127.011564085708
EVT-0141,False,2021-09-28 21:00:00,2,1,0,35.97018224850733,127.011564085708
EVT-0141,False,2021-09-28 21:00:00,3,-1,0,35.95208925049756,127.0226617199912
EVT-0141,False,2021-09-28 21:00:00,3,0,0,35.96113574950244,127.0226617199912
EVT-0143,False,2021-10-03 21:00:00,-7,-2,0,35.94304275149267,126.91168537715917
EVT-0143,False,2021-10-03 21:00:00,-7,-1,0,35.95208925049756,126.91168537715917
EVT-0143,False,2021-10-03 21:00:00,-7,1,0,35.97018224850733,126.91168537715917
EVT-0143,False,2021-10-03 21:00:00,-6,-3,0,35.93399625248779,126.92278301144238
EVT-0143,False,2021-10-03 21:00:00,-6,-2,0,35.94304275149267,126.92278301144238
EVT-0143,False,2021-10-03 21:00:00,-6,-1,0,35.95208925049756,126.92278301144238
EVT-0143,False,2021-10-03 21:00:00,-6,0,0,35.96113574950244,126.92278301144238
EVT-0143,False,2021-10-03 21:00:00,-6,1,0,35.97018224850733,126.92278301144238
EVT-0143,False,2021-10-03 21:00:00,-6,2,0,35.97922874751221,126.92278301144238
EVT-0143,False,2021-10-03 21:00:00,-5,-4,0,35.9249497534829,126.93388064572558
EVT-0143,False,2021-10-03 21:00:00,-5,-3,0,35.93399625248779,126.93388064572558
EVT-0143,False,2021-10-03 21:00:00,-5,-2,1,35.94304275149267,126.93388064572558
EVT-0143,False,2021-10-03 21:00:00,-5,-1,0,35.95208925049756,126.93388064572558
EVT-0143,False,2021-10-03 21:00:00,-5,0,0,35.96113574950244,126.93388064572558
EVT-0143,False,2021-10-03 21:00:00,-5,1,0,35.97018224850733,126.93388064572558
EVT-0143,False,2021-10-03 21:00:00,-5,2,0,35.97922874751221,126.93388064572558
EVT-0143,False,2021-10-03 21:00:00,-5,3,0,35.9882752465171,126.93388064572558
EVT-0143,False,2021-10-03 21:00:00,-4,-5,0,35.91590325447802,126.94497828000878
EVT-0143,False,2021-10-03 21:00:00,-4,-4,0,35.9249497534829,126.94497828000878
EVT-0143,False,2021-10-03 21:00:00,-4,-3,0,35.93399625248779,126.94497828000878
EVT-0143,False,2021-10-03 21:00:00,-4,-2,0,35.94304275149267,126.94497828000878
EVT-0143,False,2021-10-03 21:00:00,-4,-1,0,35.95208925049756,126.94497828000878
EVT-0143,False,2021-10-03 21:00:00,-4,0,0,35.96113574950244,126.94497828000878
EVT-0143,False,2021-10-03 21:00:00,-4,1,0,35.97018224850733,126.94497828000878
EVT-0143,False,2021-10-03 21:00:00,-4,2,0,35.97922874751221,126.94497828000878
EVT-0143,False,2021-10-03 21:00:00,-3,-6,0,35.90685675547313,126.95607591429199
EVT-0143,False,2021-10-03 21:00:00,-3,-5,0,35.91590325447802,126.95607591429199
EVT-0143,False,2021-10-03 21:00:00,-3,-4,0,35.9249497534829,126.95607591429199
EVT-0143,False,2021-10-03 21:00:00,-3,-3,0,35.93399625248779,126.95607591429199
EVT-0143,False,2021-10-03 21:00:00,-3,-2,0,35.94304275149267,126.95607591429199
EVT-0143,False,2021-10-03 21:00:00,-3,-1,0,35.95208925049756,126.95607591429199
EVT-0143,False,2021-10-03 21:00:00,-3,1,0,35.97018224850733,126.95607591429199
EVT-0143,False,2021-10-03 21:00:00,-2,-5,0,35.91590325447802,126.96717354857519
EVT-0143,False,2021-10-03 21:00:00,-2,-4,0,35.9249497534829,126.96717354857519
EVT-0143,False,2021-10-03 21:00:00,-2,-3,0,35.93399625248779,126.96717354857519
EVT-0143,False,2021-10-03 21:00:00,-2,-2,0,35.94304275149267,126.96717354857519
EVT-0143,False,2021-10-03 21:00:00,-1,-4,0,35.9249497534829,126.97827118285839
EVT-0143,False,2021-10-03 21:00:00,-1,-3,0,35.93399625248779,126.97827118285839
EVT-0143,False,2021-10-03 21:00:00,0,1,0,35.97018224850733,126.9893688171416
EVT-0143,False,2021-10-03 21:00:00,1,0,0,35.96113574950244,127.0004664514248
EVT-0143,False,2021-10-03 21:00:00,1,1,0,35.97018224850733,127.0004664514248
EVT-0143,False,2021-10-03 21:00:00,1,2,0,35.97922874751221,127.0004664514248
EVT-0143,False,2021-10-03 21:00:00,2,-1,0,35.95208925049756,127.011564085708
EVT-0143,False,2021-10-03 21:00:00,2,0,1,35.96113574950244,127.011564085708
EVT-0143,False,2021-10-03 21:00:00,2,1,0,35.97018224850733,127.011564085708
EVT-0143,False,2021-10-03 21:00:00,2,2,0,35.97922874751221,127.011564085708
EVT-0143,False,2021-10-03 21:00:00,2,3,0,35.9882752465171,127.011564085708
EVT-0143,False,2021-10-03 21:00:00,3,0,0,35.96113574950244,127.0226617199912
EVT-0143,False,2021-10-03 21:00:00,3,1,0,35.97018224850733,127.0226617199912
EVT-0143,False,2021-10-03 21:00:00,3,2,0,35.97922874751221,127.0226617199912
EVT-0143,False,2021-10-03 21:00:00,4,1,0,35.97018224850733,127.03375935427441
EVT-0144,False,2021-10-05 22:00:00,-2,-1,0,35.95208925049756,126.96717354857519
EVT-0144,False,2021-10-05 22:00:00,-2,0,0,35.96113574950244,126.96717354857519
EVT-0144,False,2021-10-05 22:00:00,-1,-2,0,35.94304275149267,126.97827118285839
EVT-0144,False,2021-10-05 22:00:00,-1,-1,0,35.95208925049756,126.97827118285839
EVT-0144,False,2021-10-05 22:00:00,-1,0,1,35.96113574950244,126.97827118285839
EVT-0144,False,2021-10-05 22:00:00,-1,1,0,35.97018224850733,126.97827118285839
EVT-0144,False,2021-10-05 22:00:00,0,-3,0,35.93399625248779,126.9893688171416
EVT-0144,False,2021-10-05 22:00:00,0,-2,0,35.94304275149267,126.9893688171416
EVT-0144,False,2021-10-05 22:00:00,0,-1,0,35.95208925049756,126.9893688171416
EVT-0144,False,2021-10-05 22:00:00,0,0,0,35.96113574950244,126.9893688171416
EVT-0144,False,2021-10-05 22:00:00,0,1,0,35.97018224850733,126.9893688171416
EVT-0144,False,2021-10-05 22:00:00,0,2,0,35.97922874751221,126.9893688171416
EVT-0144,False,2021-10-05 22:00:00,1,-2,0,35.94304275149267,127.0004664514248
EVT-0144,False,2021-10-05 22:00:00,1,-1,1,35.95208925049756,127.0004664514248
EVT-0144,False,2021-10-05 22:00:00,1,0,1,35.96113574950244,127.0004664514248
EVT-0144,False,2021-10-05 22:00:00,1,1,0,35.97018224850733,127.0004664514248
EVT-0144,False,2021-10-05 22:00:00,1,2,0,35.97922874751221,127.0004664514248
EVT-0144,False,2021-10-05 22:00:00,2,-1,0,35.95208925049756,127.011564085708
EVT-0144,False,2021-10-05 22:00:00,2,0,0,35.96113574950244,127.011564085708
EVT-0144,False,2021-10-05 22:00:00,2,1,0,35.97018224850733,127.011564085708
EVT-0144,False,2021-10-05 22:00:00,3,0,0,35.96113574950244,127.0226617199912
EVT-0146,False,2022-06-26 23:00:00,-4,-4,0,35.9249497534829,126.94497828000878
EVT-0146,False,2022-06-26 23:00:00,-4,-2,0,35.94304275149267,126.94497828000878
EVT-0146,False,2022-06-26 23:00:00,-4,-1,0,35.95208925049756,126.94497828000878
EVT-0146,False,2022-06-26 23:00:00,-3,-5,0,35.91590325447802,126.95607591429199
EVT-0146,False,2022-06-26 23:00:00,-3,-4,0,35.9249497534829,126.95607591429199
EVT-0146,False,2022-06-26 23:00:00,-3,-3,0,35.93399625248779,126.95607591429199
EVT-0146,False,2022-06-26 23:00:00,-3,-2,0,35.94304275149267,126.95607591429199
EVT-0146,False,2022-06-26 23:00:00,-3,-1,0,35.95208925049756,126.95607591429199
EVT-0146,False,2022-06-26 23:00:00,-3,0,0,35.96113574950244,126.95607591429199
EVT-0146,False,2022-06-26 23:00:00,-2,-6,0,35.90685675547313,126.96717354857519
EVT-0146,False,2022-06-26 23:00:00,-2,-5,0,35.91590325447802,126.96717354857519
EVT-0146,False,2022-06-26 23:00:00,-2,-4,0,35.9249497534829,126.96717354857519
EVT-0146,False,2022-06-26 23:00:00,-2,-3,0,35.93399625248779,126.96717354857519
EVT-0146,False,2022-06-26 23:00:00,-2,-2,0,35.94304275149267,126.96717354857519
EVT-0146,False,2022-06-26 23:00:00,-2,-1,0,35.95208925049756,126.96717354857519
EVT-0146,False,2022-06-26 23:00:00,-2,0,1,35.96113574950244,126.96717354857519
EVT-0146,False,2022-06-26 23:00:00,-2,1,0,35.97018224850733,126.96717354857519
EVT-0146,False,2022-06-26 23:00:00,-1,-5,0,35.91590325447802,126.97827118285839
EVT-0146,False,2022-06-26 23:00:00,-1,-4,0,35.9249497534829,126.97827118285839
EVT-0146,False,2022-06-26 23:00:00,-1,-3,0,35.93399625248779,126.97827118285839
EVT-0146,False,2022-06-26 23:00:00,-1,-2,0,35.94304275149267,126.97827118285839
EVT-0146,False,2022-06-26 23:00:00,-1,-1,1,35.95208925049756,126.97827118285839
EVT-0146,False,2022-06-26 23:00:00,-1,0,0,35.96113574950244,126.97827118285839
EVT-0146,False,2022-06-26 23:00:00,-1,1,0,35.97018224850733,126.97827118285839
EVT-0146,False,2022-06-26 23:00:00,-1,2,0,35.97922874751221,126.97827118285839
EVT-0146,False,2022-06-26 23:00:00,0,-4,0,35.9249497534829,126.9893688171416
EVT-0146,False,2022-06-26 23:00:00,0,-2,0,35.94304275149267,126.9893688171416
EVT-0146,False,2022-06-26 23:00:00,0,-1,0,35.95208925049756,126.9893688171416
EVT-0146,False,2022-06-26 23:00:00,0,0,1,35.96113574950244,126.9893688171416
EVT-0146,False,2022-06-26 23:00:00,0,1,0,35.97018224850733,126.9893688171416
EVT-0146,False,2022-06-26 23:00:00,0,2,0,35.97922874751221,126.9893688171416
EVT-0146,False,2022-06-26 23:00:00,1,-1,0,35.95208925049756,127.0004664514248
EVT-0146,False,2022-06-26 23:00:00,1,0,0,35.96113574950244,127.0004664514248
EVT-0146,False,2022-06-26 23:00:00,1,1,0,35.97018224850733,127.0004664514248
EVT-0146,False,2022-06-26 23:00:00,2,0,0,35.96113574950244,127.011564085708
EVT-0147,False,2022-06-29 21:00:00,-3,-2,0,35.94304275149267,126.95607591429199
EVT-0147,False,2022-06-29 21:00:00,-3,-1,0,35.95208925049756,126.95607591429199
EVT-0147,False,2022-06-29 21:00:00,-3,0,0,35.96113574950244,126.95607591429199
EVT-0147,False,2022-06-29 21:00:00,-2,-3,0,35.93399625248779,126.96717354857519
EVT-0147,False,2022-06-29 21:00:00,-2,-2,0,35.94304275149267,126.96717354857519
EVT-0147,False,2022-06-29 21:00:00,-2,-1,0,35.95208925049756,126.96717354857519
EVT-0147,False,2022-06-29 21:00:00,-2,0,1,35.96113574950244,126.96717354857519
EVT-0147,False,2022-06-29 21:00:00,-2,1,0,35.97018224850733,126.96717354857519
EVT-0147,False,2022-06-29 21:00:00,-1,-4,0,35.9249497534829,126.97827118285839
EVT-0147,False,2022-06-29 21:00:00,-1,-3,0,35.93399625248779,126.97827118285839
EVT-0147,False,2022-06-29 21:00:00,-1,-2,1,35.94304275149267,126.97827118285839
EVT-0147,False,2022-06-29 21:00:00,-1,-1,1,35.95208925049756,126.97827118285839
EVT-0147,False,2022-06-29 21:00:00,-1,0,1,35.96113574950244,126.97827118285839
EVT-0147,False,2022-06-29 21:00:00,-1,1,0,35.97018224850733,126.97827118285839
EVT-0147,False,2022-06-29 21:00:00,-1,2,0,35.97922874751221,126.97827118285839
EVT-0147,False,2022-06-29 21:00:00,0,-3,0,35.93399625248779,126.9893688171416
EVT-0147,False,2022-06-29 21:00:00,0,-2,0,35.94304275149267,126.9893688171416
EVT-0147,False,2022-06-29 21:00:00,0,-1,0,35.95208925049756,126.9893688171416
EVT-0147,False,2022-06-29 21:00:00,0,0,1,35.96113574950244,126.9893688171416
EVT-0147,False,2022-06-29 21:00:00,0,1,0,35.97018224850733,126.9893688171416
EVT-0147,False,2022-06-29 21:00:00,1,-2,0,35.94304275149267,127.0004664514248
EVT-0147,False,2022-06-29 21:00:00,1,-1,0,35.95208925049756,127.0004664514248
EVT-0147,False,2022-06-29 21:00:00,1,0,0,35.96113574950244,127.0004664514248
EVT-0148,False,2022-06-30 23:00:00,-3,-3,0,35.93399625248779,126.95607591429199
EVT-0148,False,2022-06-30 23:00:00,-3,0,0,35.96113574950244,126.95607591429199
EVT-0148,False,2022-06-30 23:00:00,-2,-4,0,35.9249497534829,126.96717354857519
EVT-0148,False,2022-06-30 23:00:00,-2,-3,0,35.93399625248779,126.96717354857519
EVT-0148,False,2022-06-30 23:00:00,-2,-2,0,35.94304275149267,126.96717354857519
EVT-0148,False,2022-06-30 23:00:00,-2,-1,0,35.95208925049756,126.96717354857519
EVT-0148,False,2022-06-30 23:00:00,-2,0,0,35.96113574950244,126.96717354857519
EVT-0148,False,2022-06-30 23:00:00,-2,1,0,35.97018224850733,126.96717354857519
EVT-0148,False,2022-06-30 23:00:00,-1,-5,0,35.91590325447802,126.97827118285839
EVT-0148,False,2022-06-30 23:00:00,-1,-4,0,35.9249497534829,126.97827118285839
EVT-0148,False,2022-06-30 23:00:00,-1,-3,0,35.93399625248779,126.97827118285839
EVT-0148,False,2022-06-30 23:00:00,-1,-2,0,35.94304275149267,126.97827118285839
EVT-0148,False,2022-06-30 23:00:00,-1,-1,0,35.95208925049756,126.97827118285839
EVT-0148,False,2022-06-30 23:00:00,-1,0,1,35.96113574950244,126.97827118285839
EVT-0148,False,2022-06-30 23:00:00,-1,1,0,35.97018224850733,126.97827118285839
EVT-0148,False,2022-06-30 23:00:00,-1,2,0,35.97922874751221,126.97827118285839
EVT-0148,False,2022-06-30 23:00:00,0,-4,0,35.9249497534829,126.9893688171416
EVT-0148,False,2022-06-30 23:00:00,0,-3,0,35.93399625248779,126.9893688171416
EVT-0148,False,2022-06-30 23:00:00,0,-2,0,35.94304275149267,126.9893688171416
EVT-0148,False,2022-06-30 23:00:00,0,-1,1,35.95208925049756,126.9893688171416
EVT-0148,False,2022-06-30 23:00:00,0,0,1,35.96113574950244,126.9893688171416
EVT-0148,False,2022-06-30 23:00:00,0,1,0,35.97018224850733,126.9893688171416
EVT-0148,False,2022-06-30 23:00:00,0,2,0,35.97922874751221,126.9893688171416
EVT-0148,False,2022-06-30 23:00:00,1,-4,0,35.9249497534829,127.0004664514248
EVT-0148,False,2022-06-30 23:00:00,1,-3,0,35.93399625248779,127.0004664514248
EVT-0148,False,2022-06-30 23:00:00,1,-2,0,35.94304275149267,127.0004664514248
EVT-0148,False,2022-06-30 23:00:00,1,-1,0,35.95208925049756,127.0004664514248
EVT-0148,False,2022-06-30 23:00:00,1,0,0,35.96113574950244,127.0004664514248
EVT-0148,False,2022-06-30 23:00:00,1,1,0,35.97018224850733,127.0004664514248
EVT-0148,False,2022-06-30 23:00:00,1,2,0,35.97922874751221,127.0004664514248
EVT-0148,False,2022-06-30 23:00:00,2,-3,0,35.93399625248779,127.011564085708
EVT-0148,False,2022-06-30 23:00:00,2,-2,0,35.94304275149267,127.011564085708
EVT-0148,False,2022-06-30 23:00:00,2,-1,0,35.95208925049756,127.011564085708
EVT-0148,False,2022-06-30 23:00:00,2,0,0,35.96113574950244,127.011564085708
EVT-0148,False,2022-06-30 23:00:00,2,1,0,35.97018224850733,127.011564085708
EVT-0148,False,2022-06-30 23:00:00,3,-2,0,35.94304275149267,127.0226617199912
EVT-0148,False,2022-06-30 23:00:00,3,-1,0,35.95208925049756,127.0226617199912
EVT-0148,False,2022-06-30 23:00:00,3,0,0,35.96113574950244,127.0226617199912
EVT-0149,False,2022-07-01 00:00:00,-2,0,1,35.96113574950244,126.96717354857519
EVT-0149,False,2022-07-01 00:00:00,-1,-1,0,35.95208925049756,126.97827118285839
EVT-0149,False,2022-07-01 00:00:00,-1,0,1,35.96113574950244,126.97827118285839
EVT-0149,False,2022-07-01 00:00:00,-1,1,0,35.97018224850733,126.97827118285839
EVT-0149,False,2022-07-01 00:00:00,0,-2,0,35.94304275149267,126.9893688171416
EVT-0149,False,2022-07-01 00:00:00,0,-1,0,35.95208925049756,126.9893688171416
EVT-0149,False,2022-07-01 00:00:00,0,0,0,35.96113574950244,126.9893688171416
EVT-0149,False,2022-07-01 00:00:00,0,1,0,35.97018224850733,126.9893688171416
EVT-0149,False,2022-07-01 00:00:00,0,2,0,35.97922874751221,126.9893688171416
EVT-0149,False,2022-07-01 00:00:00,1,-3,0,35.93399625248779,127.0004664514248
EVT-0149,False,2022-07-01 00:00:00,1,-2,0,35.94304275149267,127.0004664514248
EVT-0149,False,2022-07-01 00:00:00,1,-1,0,35.95208925049756,127.0004664514248
EVT-0149,False,2022-07-01 00:00:00,1,0,0,35.96113574950244,127.0004664514248
EVT-0149,False,2022-07-01 00:00:00,1,1,0,35.97018224850733,127.0004664514248
EVT-0149,False,2022-07-01 00:00:00,1,2,0,35.97922874751221,127.0004664514248
EVT-0149,False,2022-07-01 00:00:00,2,-2,0,35.94304275149267,127.011564085708
EVT-0149,False,2022-07-01 00:00:00,2,-1,0,35.95208925049756,127.011564085708
EVT-0149,False,2022-07-01 00:00:00,2,0,0,35.96113574950244,127.011564085708
EVT-0149,False,2022-07-01 00:00:00,2,1,0,35.97018224850733,127.011564085708
EVT-0149,False,2022-07-01 00:00:00,3,-1,0,35.95208925049756,127.0226617199912
EVT-0149,False,2022-07-01 00:00:00,3,0,0,35.96113574950244,127.0226617199912
EVT-0150,False,2022-07-03 23:00:00,-4,-2,0,35.94304275149267,126.94497828000878
EVT-0150,False,2022-07-03 23:00:00,-4,-1,0,35.95208925049756,126.94497828000878
EVT-0150,False,2022-07-03 23:00:00,-4,0,0,35.96113574950244,126.94497828000878
EVT-0150,False,2022-07-03 23:00:00,-3,-3,0,35.93399625248779,126.95607591429199
EVT-0150,False,2022-07-03 23:00:00,-3,-2,0,35.94304275149267,126.95607591429199
EVT-0150,False,2022-07-03 23:00:00,-3,-1,0,35.95208925049756,126.95607591429199
EVT-0150,False,2022-07-03 23:00:00,-3,0,0,35.96113574950244,126.95607591429199
EVT-0150,False,2022-07-03 23:00:00,-3,1,0,35.97018224850733,126.95607591429199
EVT-0150,False,2022-07-03 23:00:00,-2,-4,0,35.9249497534829,126.96717354857519
EVT-0150,False,2022-07-03 23:00:00,-2,-3,0,35.93399625248779,126.96717354857519
EVT-0150,False,2022-07-03 23:00:00,-2,-2,0,35.94304275149267,126.96717354857519
EVT-0150,False,2022-07-03 23:00:00,-2,-1,0,35.95208925049756,126.96717354857519
EVT-0150,False,2022-07-03 23:00:00,-2,0,0,35.96113574950244,126.96717354857519
EVT-0150,False,2022-07-03 23:00:00,-2,1,0,35.97018224850733,126.96717354857519
EVT-0150,False,2022-07-03 23:00:00,-2,2,0,35.97922874751221,126.96717354857519
EVT-0150,False,2022-07-03 23:00:00,-1,-5,0,35.91590325447802,126.97827118285839
EVT-0150,False,2022-07-03 23:00:00,-1,-4,0,35.9249497534829,126.97827118285839
EVT-0150,False,2022-07-03 23:00:00,-1,-3,0,35.93399625248779,126.97827118285839
EVT-0150,False,2022-07-03 23:00:00,-1,-2,0,35.94304275149267,126.97827118285839
EVT-0150,False,2022-07-03 23:00:00,-1,-1,1,35.95208925049756,126.97827118285839
EVT-0150,False,2022-07-03 23:00:00,-1,0,1,35.96113574950244,126.97827118285839
EVT-0150,False,2022-07-03 23:00:00,-1,1,0,35.97018224850733,126.97827118285839
EVT-0150,False,2022-07-03 23:00:00,-1,2,0,35.97922874751221,126.97827118285839
EVT-0150,False,2022-07-03 23:00:00,0,-4,0,35.9249497534829,126.9893688171416
EVT-0150,False,2022-07-03 23:00:00,0,-3,0,35.93399625248779,126.9893688171416
EVT-0150,False,2022-07-03 23:00:00,0,-2,0,35.94304275149267,126.9893688171416
EVT-0150,False,2022-07-03 23:00:00,0,-1,1,35.95208925049756,126.9893688171416
EVT-0150,False,2022-07-03 23:00:00,0,0,0,35.96113574950244,126.9893688171416
EVT-0150,False,2022-07-03 23:00:00,0,1,0,35.97018224850733,126.9893688171416
EVT-0150,False,2022-07-03 23:00:00,0,2,0,35.97922874751221,126.9893688171416
EVT-0150,False,2022-07-03 23:00:00,1,-3,0,35.93399625248779,127.0004664514248
EVT-0150,False,2022-07-03 23:00:00,1,-1,0,35.95208925049756,127.0004664514248
EVT-0150,False,2022-07-03 23:00:00,1,0,0,35.96113574950244,127.0004664514248
EVT-0150,False,2022-07-03 23:00:00,1,1,0,35.97018224850733,127.0004664514248
EVT-0150,False,2022-07-03 23:00:00,2,0,0,35.96113574950244,127.011564085708
EVT-0151,False,2022-07-04 23:00:00,-2,0,0,35.96113574950244,126.96717354857519
EVT-0151,False,2022-07-04 23:00:00,-1,-1,0,35.95208925049756,126.97827118285839
EVT-0151,False,2022-07-04 23:00:00,-1,0,0,35.96113574950244,126.97827118285839
EVT-0151,False,2022-07-04 23:00:00,-1,1,0,35.97018224850733,126.97827118285839
EVT-0151,False,2022-07-04 23:00:00,0,-2,0,35.94304275149267,126.9893688171416
EVT-0151,False,2022-07-04 23:00:00,0,-1,0,35.95208925049756,126.9893688171416
EVT-0151,False,2022-07-04 23:00:00,0,0,0,35.96113574950244,126.9893688171416
EVT-0151,False,2022-07-04 23:00:00,0,1,0,35.97018224850733,126.9893688171416
EVT-0151,False,2022-07-04 23:00:00,0,2,0,35.97922874751221,126.9893688171416
EVT-0151,False,2022-07-04 23:00:00,1,-3,0,35.93399625248779,127.0004664514248
EVT-0151,False,2022-07-04 23:00:00,1,-2,0,35.94304275149267,127.0004664514248
EVT-0151,False,2022-07-04 23:00:00,1,-1,0,35.95208925049756,127.0004664514248
EVT-0151,False,2022-07-04 23:00:00,1,0,0,35.96113574950244,127.0004664514248
EVT-0151,False,2022-07-04 23:00:00,1,1,0,35.97018224850733,127.0004664514248
EVT-0151,False,2022-07-04 23:00:00,1,2,0,35.97922874751221,127.0004664514248
EVT-0151,False,2022-07-04 23:00:00,2,-2,0,35.94304275149267,127.011564085708
EVT-0151,False,2022-07-04 23:00:00,2,-1,0,35.95208925049756,127.011564085708
EVT-0151,False,2022-07-04 23:00:00,2,0,1,35.96113574950244,127.011564085708
EVT-0151,False,2022-07-04 23:00:00,2,1,0,35.97018224850733,127.011564085708
EVT-0151,False,2022-07-04 23:00:00,3,-1,0,35.95208925049756,127.0226617199912
EVT-0151,False,2022-07-04 23:00:00,3,0,0,35.96113574950244,127.0226617199912
EVT-0152,False,2022-07-13 21:00:00,-2,-1,0,35.95208925049756,126.96717354857519
EVT-0152,False,2022-07-13 21:00:00,-2,0,0,35.96113574950244,126.96717354857519
EVT-0152,False,2022-07-13 21:00:00,-1,-2,0,35.94304275149267,126.97827118285839
EVT-0152,False,2022-07-13 21:00:00,-1,-1,0,35.95208925049756,126.97827118285839
EVT-0152,False,2022-07-13 21:00:00,-1,0,1,35.96113574950244,126.97827118285839
EVT-0152,False,2022-07-13 21:00:00,-1,1,0,35.97018224850733,126.97827118285839
EVT-0152,False,2022-07-13 21:00:00,0,-3,0,35.93399625248779,126.9893688171416
EVT-0152,False,2022-07-13 21:00:00,0,-2,0,35.94304275149267,126.9893688171416
EVT-0152,False,2022-07-13 21:00:00,0,-1,1,35.95208925049756,126.9893688171416
EVT-0152,False,2022-07-13 21:00:00,0,0,1,35.96113574950244,126.9893688171416
EVT-0152,False,2022-07-13 21:00:00,0,1,0,35.97018224850733,126.9893688171416
EVT-0152,False,2022-07-13 21:00:00,0,2,0,35.97922874751221,126.9893688171416
EVT-0152,False,2022-07-13 21:00:00,1,-2,0,35.94304275149267,127.0004664514248
EVT-0152,False,2022-07-13 21:00:00,1,-1,0,35.95208925049756,127.0004664514248
EVT-0152,False,2022-07-13 21:00:00,1,0,1,35.96113574950244,127.0004664514248
EVT-0152,False,2022-07-13 21:00:00,1,1,0,35.97018224850733,127.0004664514248
EVT-0152,False,2022-07-13 21:00:00,2,-1,0,35.95208925049756,127.011564085708
EVT-0152,False,2022-07-13 21:00:00,2,0,0,35.96113574950244,127.011564085708
EVT-0153,False,2022-07-13 22:00:00,-2,-1,0,35.95208925049756,126.96717354857519
EVT-0153,False,2022-07-13 22:00:00,-2,0,0,35.96113574950244,126.96717354857519
EVT-0153,False,2022-07-13 22:00:00,-1,-2,0,35.94304275149267,126.97827118285839
EVT-0153,False,2022-07-13 22:00:00,-1,-1,0,35.95208925049756,126.97827118285839
EVT-0153,False,2022-07-13 22:00:00,-1,0,0,35.96113574950244,126.97827118285839
EVT-0153,False,2022-07-13 22:00:00,-1,1,0,35.97018224850733,126.97827118285839
EVT-0153,False,2022-07-13 22:00:00,0,-3,0,35.93399625248779,126.9893688171416
EVT-0153,False,2022-07-13 22:00:00,0,-2,1,35.94304275149267,126.9893688171416
EVT-0153,False,2022-07-13 22:00:00,0,-1,0,35.95208925049756,126.9893688171416
EVT-0153,False,2022-07-13 22:00:00,0,0,0,35.96113574950244,126.9893688171416
EVT-0153,False,2022-07-13 22:00:00,0,1,0,35.97018224850733,126.9893688171416
EVT-0153,False,2022-07-13 22:00:00,0,2,0,35.97922874751221,126.9893688171416
EVT-0153,False,2022-07-13 22:00:00,1,-3,0,35.93399625248779,127.0004664514248
EVT-0153,False,2022-07-13 22:00:00,1,-2,0,35.94304275149267,127.0004664514248
EVT-0153,False,2022-07-13 22:00:00,1,-1,1,35.95208925049756,127.0004664514248
EVT-0153,False,2022-07-13 22:00:00,1,0,0,35.96113574950244,127.0004664514248
EVT-0153,False,2022-07-13 22:00:00,1,1,0,35.97018224850733,127.0004664514248
EVT-0153,False,2022-07-13 22:00:00,1,2,0,35.97922874751221,127.0004664514248
EVT-0153,False,2022-07-13 22:00:00,2,-2,0,35.94304275149267,127.011564085708
EVT-0153,False,2022-07-13 22:00:00,2,-1,0,35.95208925049756,127.011564085708
EVT-0153,False,2022-07-13 22:00:00,2,0,0,35.96113574950244,127.011564085708
EVT-0153,False,2022-07-13 22:00:00,2,1,0,35.97018224850733,127.011564085708
EVT-0153,False,2022-07-13 22:00:00,3,-1,0,35.95208925049756,127.0226617199912
EVT-0153,False,2022-07-13 22:00:00,3,0,0,35.96113574950244,127.0226617199912
EVT-0154,False,2022-07-14 00:00:00,-3,-1,0,35.95208925049756,126.95607591429199
EVT-0154,False,2022-07-14 00:00:00,-3,0,0,35.96113574950244,126.95607591429199
EVT-0154,False,2022-07-14 00:00:00,-2,-2,0,35.94304275149267,126.96717354857519
EVT-0154,False,2022-07-14 00:00:00,-2,-1,0,35.95208925049756,126.96717354857519
EVT-0154,False,2022-07-14 00:00:00,-2,0,0,35.96113574950244,126.96717354857519
EVT-0154,False,2022-07-14 00:00:00,-2,1,0,35.97018224850733,126.96717354857519
EVT-0154,False,2022-07-14 00:00:00,-1,-3,0,35.93399625248779,126.97827118285839
EVT-0154,False,2022-07-14 00:00:00,-1,-2,0,35.94304275149267,126.97827118285839
EVT-0154,False,2022-07-14 00:00:00,-1,-1,1,35.95208925049756,126.97827118285839
EVT-0154,False,2022-07-14 00:00:00,-1,0,1,35.96113574950244,126.97827118285839
EVT-0154,False,2022-07-14 00:00:00,-1,1,0,35.97018224850733,126.97827118285839
EVT-0154,False,2022-07-14 00:00:00,-1,2,0,35.97922874751221,126.97827118285839
EVT-0154,False,2022-07-14 00:00:00,0,-3,0,35.93399625248779,126.9893688171416
EVT-0154,False,2022-07-14 00:00:00,0,-2,0,35.94304275149267,126.9893688171416
EVT-0154,False,2022-07-14 00:00:00,0,-1,0,35.95208925049756,126.9893688171416
EVT-0154,False,2022-07-14 00:00:00,0,0,0,35.96113574950244,126.9893688171416
EVT-0154,False,2022-07-14 00:00:00,0,1,0,35.97018224850733,126.9893688171416
EVT-0154,False,2022-07-14 00:00:00,0,2,0,35.97922874751221,126.9893688171416
EVT-0154,False,2022-07-14 00:00:00,0,3,0,35.9882752465171,126.9893688171416
EVT-0154,False,2022-07-14 00:00:00,1,-2,0,35.94304275149267,127.0004664514248
EVT-0154,False,2022-07-14 00:00:00,1,-1,0,35.95208925049756,127.0004664514248
EVT-0154,False,2022-07-14 00:00:00,1,0,0,35.96113574950244,127.0004664514248
EVT-0154,False,2022-07-14 00:00:00,1,1,0,35.97018224850733,127.0004664514248
EVT-0154,False,2022-07-14 00:00:00,1,2,0,35.97922874751221,127.0004664514248
EVT-0154,False,2022-07-14 00:00:00,2,-1,0,35.95208925049756,127.011564085708
EVT-0154,False,2022-07-14 00:00:00,2,0,0,35.96113574950244,127.011564085708
EVT-0154,False,2022-07-14 00:00:00,2,1,0,35.97018224850733,127.011564085708
EVT-0155,False,2022-07-17 00:00:00,-3,0,0,35.96113574950244,126.95607591429199
EVT-0155,False,2022-07-17 00:00:00,-2,-1,0,35.95208925049756,126.96717354857519
EVT-0155,False,2022-07-17 00:00:00,-2,0,0,35.96113574950244,126.96717354857519
EVT-0155,False,2022-07-17 00:00:00,-2,1,0,35.97018224850733,126.96717354857519
EVT-0155,False,2022-07-17 00:00:00,-1,-2,0,35.94304275149267,126.97827118285839
EVT-0155,False,2022-07-17 00:00:00,-1,-1,1,35.95208925049756,126.97827118285839
EVT-0155,False,2022-07-17 00:00:00,-1,0,0,35.96113574950244,126.97827118285839
EVT-0155,False,2022-07-17 00:00:00,-1,1,0,35.97018224850733,126.97827118285839
EVT-0155,False,2022-07-17 00:00:00,-1,2,0,35.97922874751221,126.97827118285839
EVT-0155,False,2022-07-17 00:00:00,0,-6,0,35.90685675547313,126.9893688171416
EVT-0155,False,2022-07-17 00:00:00,0,-2,0,35.94304275149267,126.9893688171416
EVT-0155,False,2022-07-17 00:00:00,0,-1,0,35.95208925049756,126.9893688171416
EVT-0155,False,2022-07-17 00:00:00,0,0,1,35.96113574950244,126.9893688171416
EVT-0155,False,2022-07-17 00:00:00,0,1,0,35.97018224850733,126.9893688171416
EVT-0155,False,2022-07-17 00:00:00,0,2,0,35.97922874751221,126.9893688171416
EVT-0155,False,2022-07-17 00:00:00,1,-7,0,35.89781025646825,127.0004664514248
EVT-0155,False,2022-07-17 00:00:00,1,-6,0,35.90685675547313,127.0004664514248
EVT-0155,False,2022-07-17 00:00:00,1,-5,0,35.91590325447802,127.0004664514248
EVT-0155,False,2022-07-17 00:00:00,1,-2,0,35.94304275149267,127.0004664514248
EVT-0155,False,2022-07-17 00:00:00,1,-1,0,35.95208925049756,127.0004664514248
EVT-0155,False,2022-07-17 00:00:00,1,0,1,35.96113574950244,127.0004664514248
EVT-0155,False,2022-07-17 00:00:00,1,1,0,35.97018224850733,127.0004664514248
EVT-0155,False,2022-07-17 00:00:00,1,2,0,35.97922874751221,127.0004664514248
EVT-0155,False,2022-07-17 00:00:00,2,-8,0,35.88876375746336,127.011564085708
EVT-0155,False,2022-07-17 00:00:00,2,-7,0,35.89781025646825,127.011564085708
EVT-0155,False,2022-07-17 00:00:00,2,-6,0,35.90685675547313,127.011564085708
EVT-0155,False,2022-07-17 00:00:00,2,-5,0,35.91590325447802,127.011564085708
EVT-0155,False,2022-07-17 00:00:00,2,-4,0,35.9249497534829,127.011564085708
EVT-0155,False,2022-07-17 00:00:00,2,-1,0,35.95208925049756,127.011564085708
EVT-0155,False,2022-07-17 00:00:00,2,0,0,35.96113574950244,127.011564085708
EVT-0155,False,2022-07-17 00:00:00,2,1,0,35.97018224850733,127.011564085708
EVT-0155,False,2022-07-17 00:00:00,3,-7,0,35.89781025646825,127.0226617199912
EVT-0155,False,2022-07-17 00:00:00,3,-6,0,35.90685675547313,127.0226617199912
EVT-0155,False,2022-07-17 00:00:00,3,-5,0,35.91590325447802,127.0226617199912
EVT-0155,False,2022-07-17 00:00:00,3,0,0,35.96113574950244,127.0226617199912
EVT-0155,False,2022-07-17 00:00:00,4,-6,0,35.90685675547313,127.03375935427441
EVT-0156,False,2022-07-17 23:00:00,-3,0,0,35.96113574950244,126.95607591429199
EVT-0156,False,2022-07-17 23:00:00,-2,-1,0,35.95208925049756,126.96717354857519
EVT-0156,False,2022-07-17 23:00:00,-2,0,0,35.96113574950244,126.96717354857519
EVT-0156,False,2022-07-17 23:00:00,-2,1,0,35.97018224850733,126.96717354857519
EVT-0156,False,2022-07-17 23:00:00,-1,-2,0,35.94304275149267,126.97827118285839
EVT-0156,False,2022-07-17 23:00:00,-1,-1,0,35.95208925049756,126.97827118285839
EVT-0156,False,2022-07-17 23:00:00,-1,0,0,35.96113574950244,126.97827118285839
EVT-0156,False,2022-07-17 23:00:00,-1,1,0,35.97018224850733,126.97827118285839
EVT-0156,False,2022-07-17 23:00:00,-1,2,0,35.97922874751221,126.97827118285839
EVT-0156,False,2022-07-17 23:00:00,0,-2,0,35.94304275149267,126.9893688171416
EVT-0156,False,2022-07-17 23:00:00,0,-1,1,35.95208925049756,126.9893688171416
EVT-0156,False,2022-07-17 23:00:00,0,0,1,35.96113574950244,126.9893688171416
EVT-0156,False,2022-07-17 23:00:00,0,1,0,35.97018224850733,126.9893688171416
EVT-0156,False,2022-07-17 23:00:00,0,2,0,35.97922874751221,126.9893688171416
EVT-0156,False,2022-07-17 23:00:00,1,-1,0,35.95208925049756,127.0004664514248
EVT-0156,False,2022-07-17 23:00:00,1,0,0,35.96113574950244,127.0004664514248
EVT-0156,False,2022-07-17 23:00:00,1,1,0,35.97018224850733,127.0004664514248
EVT-0156,False,2022-07-17 23:00:00,2,0,0,35.96113574950244,127.011564085708
EVT-0156,False,2022-07-17 23:00:00,4,-4,0,35.9249497534829,127.03375935427441
EVT-0156,False,2022-07-17 23:00:00,5,-5,0,35.91590325447802,127.04485698855761
EVT-0156,False,2022-07-17 23:00:00,5,-4,0,35.9249497534829,127.04485698855761
EVT-0156,False,2022-07-17 23:00:00,5,-3,0,35.93399625248779,127.04485698855761
EVT-0156,False,2022-07-17 23:00:00,6,-6,0,35.90685675547313,127.05595462284082
EVT-0156,False,2022-07-17 23:00:00,6,-5,0,35.91590325447802,127.05595462284082
EVT-0156,False,2022-07-17 23:00:00,6,-4,0,35.9249497534829,127.05595462284082
EVT-0156,False,2022-07-17 23:00:00,6,-3,0,35.93399625248779,127.05595462284082
EVT-0156,False,2022-07-17 23:00:00,6,-2,0,35.94304275149267,127.05595462284082
EVT-0156,False,2022-07-17 23:00:00,7,-5,0,35.91590325447802,127.06705225712402
EVT-0156,False,2022-07-17 23:00:00,7,-4,0,35.9249497534829,127.06705225712402
EVT-0156,False,2022-07-17 23:00:00,7,-3,0,35.93399625248779,127.06705225712402
EVT-0156,False,2022-07-17 23:00:00,8,-4,0,35.9249497534829,127.07814989140722
EVT-0157,False,2022-07-20 00:00:00,-4,13,0,36.07874023656595,126.94497828000878
EVT-0157,False,2022-07-20 00:00:00,-3,12,0,36.06969373756106,126.95607591429199
EVT-0157,False,2022-07-20 00:00:00,-3,13,0,36.07874023656595,126.95607591429199
EVT-0157,False,2022-07-20 00:00:00,-3,14,0,36.08778673557083,126.95607591429199
EVT-0157,False,2022-07-20 00:00:00,-2,-1,0,35.95208925049756,126.96717354857519
EVT-0157,False,2022-07-20 00:00:00,-2,11,0,36.06064723855618,126.96717354857519
EVT-0157,False,2022-07-20 00:00:00,-2,12,0,36.06969373756106,126.96717354857519
EVT-0157,False,2022-07-20 00:00:00,-2,13,0,36.07874023656595,126.96717354857519
EVT-0157,False,2022-07-20 00:00:00,-2,14,0,36.08778673557083,126.96717354857519
EVT-0157,False,2022-07-20 00:00:00,-2,15,0,36.09683323457572,126.96717354857519
EVT-0157,False,2022-07-20 00:00:00,-1,-2,0,35.94304275149267,126.97827118285839
EVT-0157,False,2022-07-20 00:00:00,-1,-1,1,35.95208925049756,126.97827118285839
EVT-0157,False,2022-07-20 00:00:00,-1,0,0,35.96113574950244,126.97827118285839
EVT-0157,False,2022-07-20 00:00:00,-1,12,0,36.06969373756106,126.97827118285839
EVT-0157,False,2022-07-20 00:00:00,-1,13,0,36.07874023656595,126.97827118285839
EVT-0157,False,2022-07-20 00:00:00,-1,14,0,36.08778673557083,126.97827118285839
EVT-0157,False,2022-07-20 00:00:00,0,-3,0,35.93399625248779,126.9893688171416
EVT-0157,False,2022-07-20 00:00:00,0,-2,0,35.94304275149267,126.9893688171416
EVT-0157,False,2022-07-20 00:00:00,0,-1,1,35.95208925049756,126.9893688171416
EVT-0157,False,2022-07-20 00:00:00,0,0,1,35.96113574950244,126.9893688171416
EVT-0157,False,2022-07-20 00:00:00,0,1,0,35.97018224850733,126.9893688171416
EVT-0157,False,2022-07-20 00:00:00,0,13,0,36.07874023656595,126.9893688171416
EVT-0157,False,2022-07-20 00:00:00,1,-3,0,35.93399625248779,127.0004664514248
EVT-0157,False,2022-07-20 00:00:00,1,-2,0,35.94304275149267,127.0004664514248
EVT-0157,False,2022-07-20 00:00:00,1,-1,1,35.95208925049756,127.0004664514248
EVT-0157,False,2022-07-20 00:00:00,1,0,1,35.96113574950244,127.0004664514248
EVT-0157,False,2022-07-20 00:00:00,1,1,0,35.97018224850733,127.0004664514248
EVT-0157,False,2022-07-20 00:00:00,2,-2,0,35.94304275149267,127.011564085708
EVT-0157,False,2022-07-20 00:00:00,2,-1,0,35.95208925049756,127.011564085708
EVT-0157,False,2022-07-20 00:00:00,2,0,0,35.96113574950244,127.011564085708
EVT-0157,False,2022-07-20 00:00:00,3,-1,0,35.95208925049756,127.0226617199912
EVT-0158,False,2022-07-23 01:00:00,-4,-3,0,35.93399625248779,126.94497828000878
EVT-0158,False,2022-07-23 01:00:00,-4,0,0,35.96113574950244,126.94497828000878
EVT-0158,False,2022-07-23 01:00:00,-3,-4,0,35.9249497534829,126.95607591429199
EVT-0158,False,2022-07-23 01:00:00,-3,-3,0,35.93399625248779,126.95607591429199
EVT-0158,False,2022-07-23 01:00:00,-3,-2,0,35.94304275149267,126.95607591429199
EVT-0158,False,2022-07-23 01:00:00,-3,-1,0,35.95208925049756,126.95607591429199
EVT-0158,False,2022-07-23 01:00:00,-3,0,0,35.96113574950244,126.95607591429199
EVT-0158,False,2022-07-23 01:00:00,-3,1,0,35.97018224850733,126.95607591429199
EVT-0158,False,2022-07-23 01:00:00,-2,-5,0,35.91590325447802,126.96717354857519
EVT-0158,False,2022-07-23 01:00:00,-2,-4,0,35.9249497534829,126.96717354857519
EVT-0158,False,2022-07-23 01:00:00,-2,-3,0,35.93399625248779,126.96717354857519
EVT-0158,False,2022-07-23 01:00:00,-2,-2,0,35.94304275149267,126.96717354857519
EVT-0158,False,2022-07-23 01:00:00,-2,-1,0,35.95208925049756,126.96717354857519
EVT-0158,False,2022-07-23 01:00:00,-2,0,0,35.96113574950244,126.96717354857519
EVT-0158,False,2022-07-23 01:00:00,-2,1,0,35.97018224850733,126.96717354857519
EVT-0158,False,2022-07-23 01:00:00,-2,2,0,35.97922874751221,126.96717354857519
EVT-0158,False,2022-07-23 01:00:00,-1,-4,0,35.9249497534829,126.97827118285839
EVT-0158,False,2022-07-23 01:00:00,-1,-3,0,35.93399625248779,126.97827118285839
EVT-0158,False,2022-07-23 01:00:00,-1,-2,0,35.94304275149267,126.97827118285839
EVT-0158,False,2022-07-23 01:00:00,-1,-1,1,35.95208925049756,126.97827118285839
EVT-0158,False,2022-07-23 01:00:00,-1,0,1,35.96113574950244,126.97827118285839
EVT-0158,False,2022-07-23 01:00:00,-1,1,0,35.97018224850733,126.97827118285839
EVT-0158,False,2022-07-23 01:00:00,-1,2,0,35.97922874751221,126.97827118285839
EVT-0158,False,2022-07-23 01:00:00,0,-3,0,35.93399625248779,126.9893688171416
EVT-0158,False,2022-07-23 01:00:00,0,-2,0,35.94304275149267,126.9893688171416
EVT-0158,False,2022-07-23 01:00:00,0,-1,1,35.95208925049756,126.9893688171416
EVT-0158,False,2022-07-23 01:00:00,0,0,1,35.96113574950244,126.9893688171416
EVT-0158,False,2022-07-23 01:00:00,0,1,0,35.97018224850733,126.9893688171416
EVT-0158,False,2022-07-23 01:00:00,1,-3,0,35.93399625248779,127.0004664514248
EVT-0158,False,2022-07-23 01:00:00,1,-2,0,35.94304275149267,127.0004664514248
EVT-0158,False,2022-07-23 01:00:00,1,-1,1,35.95208925049756,127.0004664514248
EVT-0158,False,2022-07-23 01:00:00,1,0,0,35.96113574950244,127.0004664514248
EVT-0158,False,2022-07-23 01:00:00,1,1,0,35.97018224850733,127.0004664514248
EVT-0158,False,2022-07-23 01:00:00,2,-2,0,35.94304275149267,127.011564085708
EVT-0158,False,2022-07-23 01:00:00,2,-1,0,35.95208925049756,127.011564085708
EVT-0158,False,2022-07-23 01:00:00,2,0,0,35.96113574950244,127.011564085708
EVT-0158,False,2022-07-23 01:00:00,3,-1,0,35.95208925049756,127.0226617199912
EVT-0159,False,2022-07-26 00:00:00,-6,-2,0,35.94304275149267,126.92278301144238
EVT-0159,False,2022-07-26 00:00:00,-5,-3,0,35.93399625248779,126.93388064572558
EVT-0159,False,2022-07-26 00:00:00,-5,-2,0,35.94304275149267,126.93388064572558
EVT-0159,False,2022-07-26 00:00:00,-5,-1,0,35.95208925049756,126.93388064572558
EVT-0159,False,2022-07-26 00:00:00,-4,-4,0,35.9249497534829,126.94497828000878
EVT-0159,False,2022-07-26 00:00:00,-4,-3,0,35.93399625248779,126.94497828000878
EVT-0159,False,2022-07-26 00:00:00,-4,-2,0,35.94304275149267,126.94497828000878
EVT-0159,False,2022-07-26 00:00:00,-4,-1,0,35.95208925049756,126.94497828000878
EVT-0159,False,2022-07-26 00:00:00,-4,0,0,35.96113574950244,126.94497828000878
EVT-0159,False,2022-07-26 00:00:00,-3,-3,0,35.93399625248779,126.95607591429199
EVT-0159,False,2022-07-26 00:00:00,-3,-2,0,35.94304275149267,126.95607591429199
EVT-0159,False,2022-07-26 00:00:00,-3,-1,0,35.95208925049756,126.95607591429199
EVT-0159,False,2022-07-26 00:00:00,-2,-2,0,35.94304275149267,126.96717354857519
EVT-0159,False,2022-07-26 00:00:00,-2,-1,0,35.95208925049756,126.96717354857519
EVT-0159,False,2022-07-26 00:00:00,-2,0,0,35.96113574950244,126.96717354857519
EVT-0159,False,2022-07-26 00:00:00,-1,-2,0,35.94304275149267,126.97827118285839
EVT-0159,False,2022-07-26 00:00:00,-1,-1,0,35.95208925049756,126.97827118285839
EVT-0159,False,2022-07-26 00:00:00,-1,0,0,35.96113574950244,126.97827118285839
EVT-0159,False,2022-07-26 00:00:00,-1,1,0,35.97018224850733,126.97827118285839
EVT-0159,False,2022-07-26 00:00:00,0,-3,0,35.93399625248779,126.9893688171416
EVT-0159,False,2022-07-26 00:00:00,0,-2,0,35.94304275149267,126.9893688171416
EVT-0159,False,2022-07-26 00:00:00,0,-1,0,35.95208925049756,126.9893688171416
EVT-0159,False,2022-07-26 00:00:00,0,0,1,35.96113574950244,126.9893688171416
EVT-0159,False,2022-07-26 00:00:00,0,1,0,35.97018224850733,126.9893688171416
EVT-0159,False,2022-07-26 00:00:00,0,2,0,35.97922874751221,126.9893688171416
EVT-0159,False,2022-07-26 00:00:00,1,-3,0,35.93399625248779,127.0004664514248
EVT-0159,False,2022-07-26 00:00:00,1,-2,0,35.94304275149267,127.0004664514248
EVT-0159,False,2022-07-26 00:00:00,1,-1,0,35.95208925049756,127.0004664514248
EVT-0159,False,2022-07-26 00:00:00,1,0,1,35.96113574950244,127.0004664514248
EVT-0159,False,2022-07-26 00:00:00,1,1,0,35.97018224850733,127.0004664514248
EVT-0159,False,2022-07-26 00:00:00,2,-2,0,35.94304275149267,127.011564085708
EVT-0159,False,2022-07-26 00:00:00,2,-1,0,35.95208925049756,127.011564085708
EVT-0159,False,2022-07-26 00:00:00,2,0,0,35.96113574950244,127.011564085708
EVT-0159,False,2022-07-26 00:00:00,3,-1,0,35.95208925049756,127.0226617199912
EVT-0160,False,2022-07-26 01:00:00,-2,-1,0,35.95208925049756,126.96717354857519
EVT-0160,False,2022-07-26 01:00:00,-2,0,0,35.96113574950244,126.96717354857519
EVT-0160,False,2022-07-26 01:00:00,-1,-2,0,35.94304275149267,126.97827118285839
EVT-0160,False,2022-07-26 01:00:00,-1,-1,1,35.95208925049756,126.97827118285839
EVT-0160,False,2022-07-26 01:00:00,-1,0,1,35.96113574950244,126.97827118285839
EVT-0160,False,2022-07-26 01:00:00,-1,1,0,35.97018224850733,126.97827118285839
EVT-0160,False,2022-07-26 01:00:00,0,-3,0,35.93399625248779,126.9893688171416
EVT-0160,False,2022-07-26 01:00:00,0,-2,0,35.94304275149267,126.9893688171416
EVT-0160,False,2022-07-26 01:00:00,0,-1,1,35.95208925049756,126.9893688171416
EVT-0160,False,2022-07-26 01:00:00,0,0,0,35.96113574950244,126.9893688171416
EVT-0160,False,2022-07-26 01:00:00,0,1,0,35.97018224850733,126.9893688171416
EVT-0160,False,2022-07-26 01:00:00,0,2,0,35.97922874751221,126.9893688171416
EVT-0160,False,2022-07-26 01:00:00,1,-3,0,35.93399625248779,127.0004664514248
EVT-0160,False,2022-07-26 01:00:00,1,-2,0,35.94304275149267,127.0004664514248
EVT-0160,False,2022-07-26 01:00:00,1,-1,0,35.95208925049756,127.0004664514248
EVT-0160,False,2022-07-26 01:00:00,1,0,0,35.96113574950244,127.0004664514248
EVT-0160,False,2022-07-26 01:00:00,1,1,0,35.97018224850733,127.0004664514248
EVT-0160,False,2022-07-26 01:00:00,1,2,0,35.97922874751221,127.0004664514248
EVT-0160,False,2022-07-26 01:00:00,2,-2,0,35.94304275149267,127.011564085708
EVT-0160,False,2022-07-26 01:00:00,2,-1,0,35.95208925049756,127.011564085708
EVT-0160,False,2022-07-26 01:00:00,2,0,0,35.96113574950244,127.011564085708
EVT-0160,False,2022-07-26 01:00:00,2,1,0,35.97018224850733,127.011564085708
EVT-0160,False,2022-07-26 01:00:00,3,-1,0,35.95208925049756,127.0226617199912
EVT-0160,False,2022-07-26 01:00:00,3,0,0,35.96113574950244,127.0226617199912
EVT-0161,False,2022-08-01 21:00:00,-6,-2,0,35.94304275149267,126.92278301144238
EVT-0161,False,2022-08-01 21:00:00,-5,-3,0,35.93399625248779,126.93388064572558
EVT-0161,False,2022-08-01 21:00:00,-5,-2,0,35.94304275149267,126.93388064572558
EVT-0161,False,2022-08-01 21:00:00,-5,-1,0,35.95208925049756,126.93388064572558
EVT-0161,False,2022-08-01 21:00:00,-4,-4,0,35.9249497534829,126.94497828000878
EVT-0161,False,2022-08-01 21:00:00,-4,-3,0,35.93399625248779,126.94497828000878
EVT-0161,False,2022-08-01 21:00:00,-4,-2,0,35.94304275149267,126.94497828000878
EVT-0161,False,2022-08-01 21:00:00,-4,-1,0,35.95208925049756,126.94497828000878
EVT-0161,False,2022-08-01 21:00:00,-4,0,0,35.96113574950244,126.94497828000878
EVT-0161,False,2022-08-01 21:00:00,-3,-5,0,35.91590325447802,126.95607591429199
EVT-0161,False,2022-08-01 21:00:00,-3,-4,0,35.9249497534829,126.95607591429199
EVT-0161,False,2022-08-01 21:00:00,-3,-3,0,35.93399625248779,126.95607591429199
EVT-0161,False,2022-08-01 21:00:00,-3,-2,0,35.94304275149267,126.95607591429199
EVT-0161,False,2022-08-01 21:00:00,-3,-1,0,35.95208925049756,126.95607591429199
EVT-0161,False,2022-08-01 21:00:00,-2,-6,0,35.90685675547313,126.96717354857519
EVT-0161,False,2022-08-01 21:00:00,-2,-5,0,35.91590325447802,126.96717354857519
EVT-0161,False,2022-08-01 21:00:00,-2,-4,0,35.9249497534829,126.96717354857519
EVT-0161,False,2022-08-01 21:00:00,-2,-3,1,35.93399625248779,126.96717354857519
EVT-0161,False,2022-08-01 21:00:00,-2,-2,0,35.94304275149267,126.96717354857519
EVT-0161,False,2022-08-01 21:00:00,-1,-5,0,35.91590325447802,126.97827118285839
EVT-0161,False,2022-08-01 21:00:00,-1,-4,0,35.9249497534829,126.97827118285839
EVT-0161,False,2022-08-01 21:00:00,-1,-3,0,35.93399625248779,126.97827118285839
EVT-0161,False,2022-08-01 21:00:00,0,-4,0,35.9249497534829,126.9893688171416
EVT-0162,False,2022-08-14 23:00:00,-4,13,0,36.07874023656595,126.94497828000878
EVT-0162,False,2022-08-14 23:00:00,-3,-1,0,35.95208925049756,126.95607591429199
EVT-0162,False,2022-08-14 23:00:00,-3,0,0,35.96113574950244,126.95607591429199
EVT-0162,False,2022-08-14 23:00:00,-3,12,0,36.06969373756106,126.95607591429199
EVT-0162,False,2022-08-14 23:00:00,-3,13,0,36.07874023656595,126.95607591429199
EVT-0162,False,2022-08-14 23:00:00,-3,14,0,36.08778673557083,126.95607591429199
EVT-0162,False,2022-08-14 23:00:00,-2,-2,0,35.94304275149267,126.96717354857519
EVT-0162,False,2022-08-14 23:00:00,-2,-1,0,35.95208925049756,126.96717354857519
EVT-0162,False,2022-08-14 23:00:00,-2,0,1,35.96113574950244,126.96717354857519
EVT-0162,False,2022-08-14 23:00:00,-2,1,0,35.97018224850733,126.96717354857519
EVT-0162,False,2022-08-14 23:00:00,-2,11,0,36.06064723855618,126.96717354857519
EVT-0162,False,2022-08-14 23:00:00,-2,12,0,36.06969373756106,126.96717354857519
EVT-0162,False,2022-08-14 23:00:00,-2,13,0,36.07874023656595,126.96717354857519
EVT-0162,False,2022-08-14 23:00:00,-2,14,0,36.08778673557083,126.96717354857519
EVT-0162,False,2022-08-14 23:00:00,-2,15,0,36.09683323457572,126.96717354857519
EVT-0162,False,2022-08-14 23:00:00,-1,-3,0,35.93399625248779,126.97827118285839
EVT-0162,False,2022-08-14 23:00:00,-1,-2,0,35.94304275149267,126.97827118285839
EVT-0162,False,2022-08-14 23:00:00,-1,-1,1,35.95208925049756,126.97827118285839
EVT-0162,False,2022-08-14 23:00:00,-1,0,1,35.96113574950244,126.97827118285839
EVT-0162,False,2022-08-14 23:00:00,-1,1,0,35.97018224850733,126.97827118285839
EVT-0162,False,2022-08-14 23:00:00,-1,2,0,35.97922874751221,126.97827118285839
EVT-0162,False,2022-08-14 23:00:00,-1,12,0,36.06969373756106,126.97827118285839
EVT-0162,False,2022-08-14 23:00:00,-1,13,0,36.07874023656595,126.97827118285839
EVT-0162,False,2022-08-14 23:00:00,-1,14,0,36.08778673557083,126.97827118285839
EVT-0162,False,2022-08-14 23:00:00,0,-2,0,35.94304275149267,126.9893688171416
EVT-0162,False,2022-08-14 23:00:00,0,-1,1,35.95208925049756,126.9893688171416
EVT-0162,False,2022-08-14 23:00:00,0,0,0,35.96113574950244,126.9893688171416
EVT-0162,False,2022-08-14 23:00:00,0,1,0,35.97018224850733,126.9893688171416
EVT-0162,False,2022-08-14 23:00:00,0,2,0,35.97922874751221,126.9893688171416
EVT-0162,False,2022-08-14 23:00:00,0,13,0,36.07874023656595,126.9893688171416
EVT-0162,False,2022-08-14 23:00:00,1,-1,0,35.95208925049756,127.0004664514248
EVT-0162,False,2022-08-14 23:00:00,1,0,0,35.96113574950244,127.0004664514248
EVT-0162,False,2022-08-14 23:00:00,1,1,0,35.97018224850733,127.0004664514248
EVT-0162,False,2022-08-14 23:00:00,2,0,0,35.96113574950244,127.011564085708
EVT-0165,False,2022-09-06 23:00:00,-5,-4,0,35.9249497534829,126.93388064572558
EVT-0165,False,2022-09-06 23:00:00,-5,-2,0,35.94304275149267,126.93388064572558
EVT-0165,False,2022-09-06 23:00:00,-4,-5,0,35.91590325447802,126.94497828000878
EVT-0165,False,2022-09-06 23:00:00,-4,-4,0,35.9249497534829,126.94497828000878
EVT-0165,False,2022-09-06 23:00:00,-4,-3,0,35.93399625248779,126.94497828000878
EVT-0165,False,2022-09-06 23:00:00,-4,-2,0,35.94304275149267,126.94497828000878
EVT-0165,False,2022-09-06 23:00:00,-4,-1,0,35.95208925049756,126.94497828000878
EVT-0165,False,2022-09-06 23:00:00,-4,13,0,36.07874023656595,126.94497828000878
EVT-0165,False,2022-09-06 23:00:00,-3,-6,0,35.90685675547313,126.95607591429199
EVT-0165,False,2022-09-06 23:00:00,-3,-5,0,35.91590325447802,126.95607591429199
EVT-0165,False,2022-09-06 23:00:00,-3,-4,0,35.9249497534829,126.95607591429199
EVT-0165,False,2022-09-06 23:00:00,-3,-3,0,35.93399625248779,126.95607591429199
EVT-0165,False,2022-09-06 23:00:00,-3,-2,0,35.94304275149267,126.95607591429199
EVT-0165,False,2022-09-06 23:00:00,-3,-1,0,35.95208925049756,126.95607591429199
EVT-0165,False,2022-09-06 23:00:00,-3,0,0,35.96113574950244,126.95607591429199
EVT-0165,False,2022-09-06 23:00:00,-3,12,0,36.06969373756106,126.95607591429199
EVT-0165,False,2022-09-06 23:00:00,-3,13,0,36.07874023656595,126.95607591429199
EVT-0165,False,2022-09-06 23:00:00,-3,14,0,36.08778673557083,126.95607591429199
EVT-0165,False,2022-09-06 23:00:00,-2,-6,0,35.90685675547313,126.96717354857519
EVT-0165,False,2022-09-06 23:00:00,-2,-5,0,35.91590325447802,126.96717354857519
EVT-0165,False,2022-09-06 23:00:00,-2,-4,1,35.9249497534829,126.96717354857519
EVT-0165,False,2022-09-06 23:00:00,-2,-3,0,35.93399625248779,126.96717354857519
EVT-0165,False,2022-09-06 23:00:00,-2,-2,0,35.94304275149267,126.96717354857519
EVT-0165,False,2022-09-06 23:00:00,-2,-1,0,35.95208925049756,126.96717354857519
EVT-0165,False,2022-09-06 23:00:00,-2,0,0,35.96113574950244,126.96717354857519
EVT-0165,False,2022-09-06 23:00:00,-2,1,0,35.97018224850733,126.96717354857519
EVT-0165,False,2022-09-06 23:00:00,-2,11,0,36.06064723855618,126.96717354857519
EVT-0165,False,2022-09-06 23:00:00,-2,12,0,36.06969373756106,126.96717354857519
EVT-0165,False,2022-09-06 23:00:00,-2,13,0,36.07874023656595,126.96717354857519
EVT-0165,False,2022-09-06 23:00:00,-2,14,0,36.08778673557083,126.96717354857519
EVT-0165,False,2022-09-06 23:00:00,-2,15,0,36.09683323457572,126.96717354857519
EVT-0165,False,2022-09-06 23:00:00,-1,-5,0,35.91590325447802,126.97827118285839
EVT-0165,False,2022-09-06 23:00:00,-1,-4,0,35.9249497534829,126.97827118285839
EVT-0165,False,2022-09-06 23:00:00,-1,-3,0,35.93399625248779,126.97827118285839
EVT-0165,False,2022-09-06 23:00:00,-1,-2,0,35.94304275149267,126.97827118285839
EVT-0165,False,2022-09-06 23:00:00,-1,-1,0,35.95208925049756,126.97827118285839
EVT-0165,False,2022-09-06 23:00:00,-1,0,0,35.96113574950244,126.97827118285839
EVT-0165,False,2022-09-06 23:00:00,-1,1,0,35.97018224850733,126.97827118285839
EVT-0165,False,2022-09-06 23:00:00,-1,2,0,35.97922874751221,126.97827118285839
EVT-0165,False,2022-09-06 23:00:00,-1,12,0,36.06969373756106,126.97827118285839
EVT-0165,False,2022-09-06 23:00:00,-1,13,0,36.07874023656595,126.97827118285839
EVT-0165,False,2022-09-06 23:00:00,-1,14,0,36.08778673557083,126.97827118285839
EVT-0165,False,2022-09-06 23:00:00,0,-4,0,35.9249497534829,126.9893688171416
EVT-0165,False,2022-09-06 23:00:00,0,-3,0,35.93399625248779,126.9893688171416
EVT-0165,False,2022-09-06 23:00:00,0,-2,0,35.94304275149267,126.9893688171416
EVT-0165,False,2022-09-06 23:00:00,0,-1,0,35.95208925049756,126.9893688171416
EVT-0165,False,2022-09-06 23:00:00,0,0,0,35.96113574950244,126.9893688171416
EVT-0165,False,2022-09-06 23:00:00,0,1,0,35.97018224850733,126.9893688171416
EVT-0165,False,2022-09-06 23:00:00,0,2,0,35.97922874751221,126.9893688171416
EVT-0165,False,2022-09-06 23:00:00,0,13,0,36.07874023656595,126.9893688171416
EVT-0165,False,2022-09-06 23:00:00,1,-1,0,35.95208925049756,127.0004664514248
EVT-0165,False,2022-09-06 23:00:00,1,0,0,35.96113574950244,127.0004664514248
EVT-0165,False,2022-09-06 23:00:00,1,1,0,35.97018224850733,127.0004664514248
EVT-0165,False,2022-09-06 23:00:00,2,0,0,35.96113574950244,127.011564085708
EVT-0166,False,2023-07-05 22:00:00,-3,0,0,35.96113574950244,126.95607591429199
EVT-0166,False,2023-07-05 22:00:00,-2,-1,1,35.95208925049756,126.96717354857519
EVT-0166,False,2023-07-05 22:00:00,-2,0,0,35.96113574950244,126.96717354857519
EVT-0166,False,2023-07-05 22:00:00,-2,1,0,35.97018224850733,126.96717354857519
EVT-0166,False,2023-07-05 22:00:00,-1,-2,0,35.94304275149267,126.97827118285839
EVT-0166,False,2023-07-05 22:00:00,-1,-1,1,35.95208925049756,126.97827118285839
EVT-0166,False,2023-07-05 22:00:00,-1,0,1,35.96113574950244,126.97827118285839
EVT-0166,False,2023-07-05 22:00:00,-1,1,0,35.97018224850733,126.97827118285839
EVT-0166,False,2023-07-05 22:00:00,-1,2,0,35.97922874751221,126.97827118285839
EVT-0166,False,2023-07-05 22:00:00,0,-2,0,35.94304275149267,126.9893688171416
EVT-0166,False,2023-07-05 22:00:00,0,-1,0,35.95208925049756,126.9893688171416
EVT-0166,False,2023-07-05 22:00:00,0,0,0,35.96113574950244,126.9893688171416
EVT-0166,False,2023-07-05 22:00:00,0,1,0,35.97018224850733,126.9893688171416
EVT-0166,False,2023-07-05 22:00:00,1,-3,0,35.93399625248779,127.0004664514248
EVT-0166,False,2023-07-05 22:00:00,1,-2,0,35.94304275149267,127.0004664514248
EVT-0166,False,2023-07-05 22:00:00,1,-1,0,35.95208925049756,127.0004664514248
EVT-0166,False,2023-07-05 22:00:00,1,0,0,35.96113574950244,127.0004664514248
EVT-0166,False,2023-07-05 22:00:00,1,1,0,35.97018224850733,127.0004664514248
EVT-0166,False,2023-07-05 22:00:00,2,-2,0,35.94304275149267,127.011564085708
EVT-0166,False,2023-07-05 22:00:00,2,-1,0,35.95208925049756,127.011564085708
EVT-0166,False,2023-07-05 22:00:00,2,0,0,35.96113574950244,127.011564085708
EVT-0166,False,2023-07-05 22:00:00,3,-1,0,35.95208925049756,127.0226617199912
EVT-0167,False,2023-09-20 00:00:00,-4,-3,0,35.93399625248779,126.94497828000878
EVT-0167,False,2023-09-20 00:00:00,-3,-4,1,35.9249497534829,126.95607591429199
EVT-0167,False,2023-09-20 00:00:00,-3,-3,0,35.93399625248779,126.95607591429199
EVT-0167,False,2023-09-20 00:00:00,-3,-2,0,35.94304275149267,126.95607591429199
EVT-0167,False,2023-09-20 00:00:00,-2,-5,0,35.91590325447802,126.96717354857519
EVT-0167,False,2023-09-20 00:00:00,-2,-4,0,35.9249497534829,126.96717354857519
EVT-0167,False,2023-09-20 00:00:00,-2,-3,1,35.93399625248779,126.96717354857519
EVT-0167,False,2023-09-20 00:00:00,-2,-2,0,35.94304275149267,126.96717354857519
EVT-0167,False,2023-09-20 00:00:00,-2,-1,1,35.95208925049756,126.96717354857519
EVT-0167,False,2023-09-20 00:00:00,-1,-4,0,35.9249497534829,126.97827118285839
EVT-0167,False,2023-09-20 00:00:00,-1,-3,0,35.93399625248779,126.97827118285839
EVT-0167,False,2023-09-20 00:00:00,-1,-2,0,35.94304275149267,126.97827118285839
EVT-0167,False,2023-09-20 00:00:00,0,-3,0,35.93399625248779,126.9893688171416
EVT-0167,False,2023-09-20 00:00:00,4,-4,0,35.9249497534829,127.03375935427441
EVT-0167,False,2023-09-20 00:00:00,5,-5,0,35.91590325447802,127.04485698855761
EVT-0167,False,2023-09-20 00:00:00,5,-4,0,35.9249497534829,127.04485698855761
EVT-0167,False,2023-09-20 00:00:00,5,-3,0,35.93399625248779,127.04485698855761
EVT-0167,False,2023-09-20 00:00:00,6,-6,0,35.90685675547313,127.05595462284082
EVT-0167,False,2023-09-20 00:00:00,6,-5,0,35.91590325447802,127.05595462284082
EVT-0167,False,2023-09-20 00:00:00,6,-4,0,35.9249497534829,127.05595462284082
EVT-0167,False,2023-09-20 00:00:00,6,-3,0,35.93399625248779,127.05595462284082
EVT-0167,False,2023-09-20 00:00:00,6,-2,0,35.94304275149267,127.05595462284082
EVT-0167,False,2023-09-20 00:00:00,7,-5,0,35.91590325447802,127.06705225712402
EVT-0167,False,2023-09-20 00:00:00,7,-4,0,35.9249497534829,127.06705225712402
EVT-0167,False,2023-09-20 00:00:00,7,-3,0,35.93399625248779,127.06705225712402
EVT-0167,False,2023-09-20 00:00:00,8,-4,0,35.9249497534829,127.07814989140722
EVT-0168,False,2024-07-17 21:00:00,4,-3,0,35.93399625248779,127.03375935427441
EVT-0168,False,2024-07-17 21:00:00,5,-4,0,35.9249497534829,127.04485698855761
EVT-0168,False,2024-07-17 21:00:00,5,-3,0,35.93399625248779,127.04485698855761
EVT-0168,False,2024-07-17 21:00:00,5,-2,0,35.94304275149267,127.04485698855761
EVT-0168,False,2024-07-17 21:00:00,6,-5,0,35.91590325447802,127.05595462284082
EVT-0168,False,2024-07-17 21:00:00,6,-4,0,35.9249497534829,127.05595462284082
EVT-0168,False,2024-07-17 21:00:00,6,-3,0,35.93399625248779,127.05595462284082
EVT-0168,False,2024-07-17 21:00:00,6,-2,0,35.94304275149267,127.05595462284082
EVT-0168,False,2024-07-17 21:00:00,6,-1,0,35.95208925049756,127.05595462284082
EVT-0168,False,2024-07-17 21:00:00,7,-4,0,35.9249497534829,127.06705225712402
EVT-0168,False,2024-07-17 21:00:00,7,-3,0,35.93399625248779,127.06705225712402
EVT-0168,False,2024-07-17 21:00:00,7,-2,0,35.94304275149267,127.06705225712402
EVT-0168,False,2024-07-17 21:00:00,7,1,0,35.97018224850733,127.06705225712402
EVT-0168,False,2024-07-17 21:00:00,8,-3,0,35.93399625248779,127.07814989140722
EVT-0168,False,2024-07-17 21:00:00,8,0,0,35.96113574950244,127.07814989140722
EVT-0168,False,2024-07-17 21:00:00,8,1,0,35.97018224850733,127.07814989140722
EVT-0168,False,2024-07-17 21:00:00,8,2,0,35.97922874751221,127.07814989140722
EVT-0168,False,2024-07-17 21:00:00,9,-1,0,35.95208925049756,127.08924752569042
EVT-0168,False,2024-07-17 21:00:00,9,0,0,35.96113574950244,127.08924752569042
EVT-0168,False,2024-07-17 21:00:00,9,1,0,35.97018224850733,127.08924752569042
EVT-0168,False,2024-07-17 21:00:00,9,2,0,35.97922874751221,127.08924752569042
EVT-0168,False,2024-07-17 21:00:00,9,3,0,35.9882752465171,127.08924752569042
EVT-0168,False,2024-07-17 21:00:00,10,0,0,35.96113574950244,127.10034515997363
EVT-0168,False,2024-07-17 21:00:00,10,1,0,35.97018224850733,127.10034515997363
EVT-0168,False,2024-07-17 21:00:00,10,2,0,35.97922874751221,127.10034515997363
EVT-0168,False,2024-07-17 21:00:00,11,1,0,35.97018224850733,127.11144279425683
EVT-0169,False,2024-07-17 22:00:00,-4,-3,0,35.93399625248779,126.94497828000878
EVT-0169,False,2024-07-17 22:00:00,-3,-4,0,35.9249497534829,126.95607591429199
EVT-0169,False,2024-07-17 22:00:00,-3,-3,0,35.93399625248779,126.95607591429199
EVT-0169,False,2024-07-17 22:00:00,-3,-2,0,35.94304275149267,126.95607591429199
EVT-0169,False,2024-07-17 22:00:00,-3,-1,0,35.95208925049756,126.95607591429199
EVT-0169,False,2024-07-17 22:00:00,-3,0,0,35.96113574950244,126.95607591429199
EVT-0169,False,2024-07-17 22:00:00,-2,-5,0,35.91590325447802,126.96717354857519
EVT-0169,False,2024-07-17 22:00:00,-2,-4,0,35.9249497534829,126.96717354857519
EVT-0169,False,2024-07-17 22:00:00,-2,-3,1,35.93399625248779,126.96717354857519
EVT-0169,False,2024-07-17 22:00:00,-2,-2,0,35.94304275149267,126.96717354857519
EVT-0169,False,2024-07-17 22:00:00,-2,-1,0,35.95208925049756,126.96717354857519
EVT-0169,False,2024-07-17 22:00:00,-2,0,0,35.96113574950244,126.96717354857519
EVT-0169,False,2024-07-17 22:00:00,-2,1,0,35.97018224850733,126.96717354857519
EVT-0169,False,2024-07-17 22:00:00,-1,-4,0,35.9249497534829,126.97827118285839
EVT-0169,False,2024-07-17 22:00:00,-1,-3,0,35.93399625248779,126.97827118285839
EVT-0169,False,2024-07-17 22:00:00,-1,-2,0,35.94304275149267,126.97827118285839
EVT-0169,False,2024-07-17 22:00:00,-1,-1,1,35.95208925049756,126.97827118285839
EVT-0169,False,2024-07-17 22:00:00,-1,0,1,35.96113574950244,126.97827118285839
EVT-0169,False,2024-07-17 22:00:00,-1,1,0,35.97018224850733,126.97827118285839
EVT-0169,False,2024-07-17 22:00:00,-1,2,0,35.97922874751221,126.97827118285839
EVT-0169,False,2024-07-17 22:00:00,0,-3,0,35.93399625248779,126.9893688171416
EVT-0169,False,2024-07-17 22:00:00,0,-2,0,35.94304275149267,126.9893688171416
EVT-0169,False,2024-07-17 22:00:00,0,-1,1,35.95208925049756,126.9893688171416
EVT-0169,False,2024-07-17 22:00:00,0,0,1,35.96113574950244,126.9893688171416
EVT-0169,False,2024-07-17 22:00:00,0,1,0,35.97018224850733,126.9893688171416
EVT-0169,False,2024-07-17 22:00:00,0,2,0,35.97922874751221,126.9893688171416
EVT-0169,False,2024-07-17 22:00:00,1,-3,0,35.93399625248779,127.0004664514248
EVT-0169,False,2024-07-17 22:00:00,1,-2,0,35.94304275149267,127.0004664514248
EVT-0169,False,2024-07-17 22:00:00,1,-1,0,35.95208925049756,127.0004664514248
EVT-0169,False,2024-07-17 22:00:00,1,0,0,35.96113574950244,127.0004664514248
EVT-0169,False,2024-07-17 22:00:00,1,1,0,35.97018224850733,127.0004664514248
EVT-0169,False,2024-07-17 22:00:00,2,-2,0,35.94304275149267,127.011564085708
EVT-0169,False,2024-07-17 22:00:00,2,-1,0,35.95208925049756,127.011564085708
EVT-0169,False,2024-07-17 22:00:00,2,0,0,35.96113574950244,127.011564085708
EVT-0169,False,2024-07-17 22:00:00,3,-1,0,35.95208925049756,127.0226617199912
EVT-0169,False,2024-07-17 22:00:00,7,1,0,35.97018224850733,127.06705225712402
EVT-0169,False,2024-07-17 22:00:00,8,0,0,35.96113574950244,127.07814989140722
EVT-0169,False,2024-07-17 22:00:00,8,1,0,35.97018224850733,127.07814989140722
EVT-0169,False,2024-07-17 22:00:00,8,2,0,35.97922874751221,127.07814989140722
EVT-0169,False,2024-07-17 22:00:00,9,-1,0,35.95208925049756,127.08924752569042
EVT-0169,False,2024-07-17 22:00:00,9,0,0,35.96113574950244,127.08924752569042
EVT-0169,False,2024-07-17 22:00:00,9,1,0,35.97018224850733,127.08924752569042
EVT-0169,False,2024-07-17 22:00:00,9,2,0,35.97922874751221,127.08924752569042
EVT-0169,False,2024-07-17 22:00:00,9,3,0,35.9882752465171,127.08924752569042
EVT-0169,False,2024-07-17 22:00:00,10,0,0,35.96113574950244,127.10034515997363
EVT-0169,False,2024-07-17 22:00:00,10,1,0,35.97018224850733,127.10034515997363
EVT-0169,False,2024-07-17 22:00:00,10,2,0,35.97922874751221,127.10034515997363
EVT-0169,False,2024-07-17 22:00:00,11,1,0,35.97018224850733,127.11144279425683
EVT-0170,False,2024-07-17 23:00:00,-6,-2,0,35.94304275149267,126.92278301144238
EVT-0170,False,2024-07-17 23:00:00,-5,-4,0,35.9249497534829,126.93388064572558
EVT-0170,False,2024-07-17 23:00:00,-5,-3,0,35.93399625248779,126.93388064572558
EVT-0170,False,2024-07-17 23:00:00,-5,-2,0,35.94304275149267,126.93388064572558
EVT-0170,False,2024-07-17 23:00:00,-5,-1,1,35.95208925049756,126.93388064572558
EVT-0170,False,2024-07-17 23:00:00,-4,-5,0,35.91590325447802,126.94497828000878
EVT-0170,False,2024-07-17 23:00:00,-4,-4,0,35.9249497534829,126.94497828000878
EVT-0170,False,2024-07-17 23:00:00,-4,-3,0,35.93399625248779,126.94497828000878
EVT-0170,False,2024-07-17 23:00:00,-4,-2,1,35.94304275149267,126.94497828000878
EVT-0170,False,2024-07-17 23:00:00,-4,-1,0,35.95208925049756,126.94497828000878
EVT-0170,False,2024-07-17 23:00:00,-4,0,0,35.96113574950244,126.94497828000878
EVT-0170,False,2024-07-17 23:00:00,-3,-6,0,35.90685675547313,126.95607591429199
EVT-0170,False,2024-07-17 23:00:00,-3,-5,0,35.91590325447802,126.95607591429199
EVT-0170,False,2024-07-17 23:00:00,-3,-4,0,35.9249497534829,126.95607591429199
EVT-0170,False,2024-07-17 23:00:00,-3,-3,0,35.93399625248779,126.95607591429199
EVT-0170,False,2024-07-17 23:00:00,-3,-2,0,35.94304275149267,126.95607591429199
EVT-0170,False,2024-07-17 23:00:00,-3,-1,0,35.95208925049756,126.95607591429199
EVT-0170,False,2024-07-17 23:00:00,-2,-5,0,35.91590325447802,126.96717354857519
EVT-0170,False,2024-07-17 23:00:00,-2,-4,0,35.9249497534829,126.96717354857519
EVT-0170,False,2024-07-17 23:00:00,-2,-3,1,35.93399625248779,126.96717354857519
EVT-0170,False,2024-07-17 23:00:00,-2,-2,1,35.94304275149267,126.96717354857519
EVT-0170,False,2024-07-17 23:00:00,-2,-1,0,35.95208925049756,126.96717354857519
EVT-0170,False,2024-07-17 23:00:00,-2,0,0,35.96113574950244,126.96717354857519
EVT-0170,False,2024-07-17 23:00:00,-1,-4,0,35.9249497534829,126.97827118285839
EVT-0170,False,2024-07-17 23:00:00,-1,-3,0,35.93399625248779,126.97827118285839
EVT-0170,False,2024-07-17 23:00:00,-1,-2,0,35.94304275149267,126.97827118285839
EVT-0170,False,2024-07-17 23:00:00,-1,-1,0,35.95208925049756,126.97827118285839
EVT-0170,False,2024-07-17 23:00:00,-1,0,0,35.96113574950244,126.97827118285839
EVT-0170,False,2024-07-17 23:00:00,-1,1,0,35.97018224850733,126.97827118285839
EVT-0170,False,2024-07-17 23:00:00,0,-3,0,35.93399625248779,126.9893688171416
EVT-0170,False,2024-07-17 23:00:00,0,-2,0,35.94304275149267,126.9893688171416
EVT-0170,False,2024-07-17 23:00:00,0,-1,0,35.95208925049756,126.9893688171416
EVT-0170,False,2024-07-17 23:00:00,0,0,0,35.96113574950244,126.9893688171416
EVT-0170,False,2024-07-17 23:00:00,1,-1,0,35.95208925049756,127.0004664514248
EVT-0171,False,2024-07-28 22:00:00,-2,0,0,35.96113574950244,126.96717354857519
EVT-0171,False,2024-07-28 22:00:00,-1,-1,1,35.95208925049756,126.97827118285839
EVT-0171,False,2024-07-28 22:00:00,-1,0,0,35.96113574950244,126.97827118285839
EVT-0171,False,2024-07-28 22:00:00,-1,1,0,35.97018224850733,126.97827118285839
EVT-0171,False,2024-07-28 22:00:00,0,-2,0,35.94304275149267,126.9893688171416
EVT-0171,False,2024-07-28 22:00:00,0,-1,1,35.95208925049756,126.9893688171416
EVT-0171,False,2024-07-28 22:00:00,0,0,1,35.96113574950244,126.9893688171416
EVT-0171,False,2024-07-28 22:00:00,0,1,0,35.97018224850733,126.9893688171416
EVT-0171,False,2024-07-28 22:00:00,0,2,0,35.97922874751221,126.9893688171416
EVT-0171,False,2024-07-28 22:00:00,1,-3,0,35.93399625248779,127.0004664514248
EVT-0171,False,2024-07-28 22:00:00,1,-2,0,35.94304275149267,127.0004664514248
EVT-0171,False,2024-07-28 22:00:00,1,-1,1,35.95208925049756,127.0004664514248
EVT-0171,False,2024-07-28 22:00:00,1,0,1,35.96113574950244,127.0004664514248
EVT-0171,False,2024-07-28 22:00:00,1,1,0,35.97018224850733,127.0004664514248
EVT-0171,False,2024-07-28 22:00:00,2,-2,0,35.94304275149267,127.011564085708
EVT-0171,False,2024-07-28 22:00:00,2,-1,0,35.95208925049756,127.011564085708
EVT-0171,False,2024-07-28 22:00:00,2,0,0,35.96113574950244,127.011564085708
EVT-0171,False,2024-07-28 22:00:00,2,1,0,35.97018224850733,127.011564085708
EVT-0171,False,2024-07-28 22:00:00,2,2,0,35.97922874751221,127.011564085708
EVT-0171,False,2024-07-28 22:00:00,3,-1,0,35.95208925049756,127.0226617199912
EVT-0171,False,2024-07-28 22:00:00,3,0,0,35.96113574950244,127.0226617199912
EVT-0171,False,2024-07-28 22:00:00,3,1,0,35.97018224850733,127.0226617199912
EVT-0171,False,2024-07-28 22:00:00,4,0,0,35.96113574950244,127.03375935427441
EVT-0172,False,2024-07-28 23:00:00,-2,-1,0,35.95208925049756,126.96717354857519
EVT-0172,False,2024-07-28 23:00:00,-2,0,0,35.96113574950244,126.96717354857519
EVT-0172,False,2024-07-28 23:00:00,-1,-2,0,35.94304275149267,126.97827118285839
EVT-0172,False,2024-07-28 23:00:00,-1,-1,0,35.95208925049756,126.97827118285839
EVT-0172,False,2024-07-28 23:00:00,-1,0,0,35.96113574950244,126.97827118285839
EVT-0172,False,2024-07-28 23:00:00,-1,1,0,35.97018224850733,126.97827118285839
EVT-0172,False,2024-07-28 23:00:00,0,-3,0,35.93399625248779,126.9893688171416
EVT-0172,False,2024-07-28 23:00:00,0,-2,0,35.94304275149267,126.9893688171416
EVT-0172,False,2024-07-28 23:00:00,0,-1,1,35.95208925049756,126.9893688171416
EVT-0172,False,2024-07-28 23:00:00,0,0,1,35.96113574950244,126.9893688171416
EVT-0172,False,2024-07-28 23:00:00,0,1,0,35.97018224850733,126.9893688171416
EVT-0172,False,2024-07-28 23:00:00,0,2,0,35.97922874751221,126.9893688171416
EVT-0172,False,2024-07-28 23:00:00,1,-2,0,35.94304275149267,127.0004664514248
EVT-0172,False,2024-07-28 23:00:00,1,-1,1,35.95208925049756,127.0004664514248
EVT-0172,False,2024-07-28 23:00:00,1,0,0,35.96113574950244,127.0004664514248
EVT-0172,False,2024-07-28 23:00:00,1,1,0,35.97018224850733,127.0004664514248
EVT-0172,False,2024-07-28 23:00:00,1,2,0,35.97922874751221,127.0004664514248
EVT-0172,False,2024-07-28 23:00:00,2,-1,0,35.95208925049756,127.011564085708
EVT-0172,False,2024-07-28 23:00:00,2,0,0,35.96113574950244,127.011564085708
EVT-0172,False,2024-07-28 23:00:00,2,1,0,35.97018224850733,127.011564085708
EVT-0172,False,2024-07-28 23:00:00,3,0,0,35.96113574950244,127.0226617199912
EVT-0173,False,2024-09-02 02:00:00,-4,-2,1,35.94304275149267,126.94497828000878
EVT-0173,False,2024-09-02 02:00:00,-4,-1,0,35.95208925049756,126.94497828000878
EVT-0173,False,2024-09-02 02:00:00,-3,-3,0,35.93399625248779,126.95607591429199
EVT-0173,False,2024-09-02 02:00:00,-3,-2,0,35.94304275149267,126.95607591429199
EVT-0173,False,2024-09-02 02:00:00,-3,-1,0,35.95208925049756,126.95607591429199
EVT-0173,False,2024-09-02 02:00:00,-3,0,0,35.96113574950244,126.95607591429199
EVT-0173,False,2024-09-02 02:00:00,-2,-4,0,35.9249497534829,126.96717354857519
EVT-0173,False,2024-09-02 02:00:00,-2,-3,1,35.93399625248779,126.96717354857519
EVT-0173,False,2024-09-02 02:00:00,-2,-2,0,35.94304275149267,126.96717354857519
EVT-0173,False,2024-09-02 02:00:00,-2,-1,0,35.95208925049756,126.96717354857519
EVT-0173,False,2024-09-02 02:00:00,-2,0,0,35.96113574950244,126.96717354857519
EVT-0173,False,2024-09-02 02:00:00,-2,1,0,35.97018224850733,126.96717354857519
EVT-0173,False,2024-09-02 02:00:00,-1,-3,0,35.93399625248779,126.97827118285839
EVT-0173,False,2024-09-02 02:00:00,-1,-2,0,35.94304275149267,126.97827118285839
EVT-0173,False,2024-09-02 02:00:00,-1,-1,0,35.95208925049756,126.97827118285839
EVT-0173,False,2024-09-02 02:00:00,-1,0,1,35.96113574950244,126.97827118285839
EVT-0173,False,2024-09-02 02:00:00,-1,1,0,35.97018224850733,126.97827118285839
EVT-0173,False,2024-09-02 02:00:00,-1,2,0,35.97922874751221,126.97827118285839
EVT-0173,False,2024-09-02 02:00:00,0,-2,0,35.94304275149267,126.9893688171416
EVT-0173,False,2024-09-02 02:00:00,0,-1,0,35.95208925049756,126.9893688171416
EVT-0173,False,2024-09-02 02:00:00,0,0,0,35.96113574950244,126.9893688171416
EVT-0173,False,2024-09-02 02:00:00,0,1,0,35.97018224850733,126.9893688171416
EVT-0173,False,2024-09-02 02:00:00,0,2,0,35.97922874751221,126.9893688171416
EVT-0173,False,2024-09-02 02:00:00,1,-2,0,35.94304275149267,127.0004664514248
EVT-0173,False,2024-09-02 02:00:00,1,-1,0,35.95208925049756,127.0004664514248
EVT-0173,False,2024-09-02 02:00:00,1,0,0,35.96113574950244,127.0004664514248
EVT-0173,False,2024-09-02 02:00:00,1,1,0,35.97018224850733,127.0004664514248
EVT-0173,False,2024-09-02 02:00:00,1,2,0,35.97922874751221,127.0004664514248
EVT-0173,False,2024-09-02 02:00:00,2,-1,0,35.95208925049756,127.011564085708
EVT-0173,False,2024-09-02 02:00:00,2,0,0,35.96113574950244,127.011564085708
EVT-0173,False,2024-09-02 02:00:00,2,1,0,35.97018224850733,127.011564085708
EVT-0173,False,2024-09-02 02:00:00,3,0,0,35.96113574950244,127.0226617199912
EVT-0174,False,2024-09-03 20:00:00,-4,-3,1,35.93399625248779,126.94497828000878
EVT-0174,False,2024-09-03 20:00:00,-3,-4,0,35.9249497534829,126.95607591429199
EVT-0174,False,2024-09-03 20:00:00,-3,-3,0,35.93399625248779,126.95607591429199
EVT-0174,False,2024-09-03 20:00:00,-3,-2,0,35.94304275149267,126.95607591429199
EVT-0174,False,2024-09-03 20:00:00,-3,0,0,35.96113574950244,126.95607591429199
EVT-0174,False,2024-09-03 20:00:00,-2,-5,0,35.91590325447802,126.96717354857519
EVT-0174,False,2024-09-03 20:00:00,-2,-4,1,35.9249497534829,126.96717354857519
EVT-0174,False,2024-09-03 20:00:00,-2,-3,1,35.93399625248779,126.96717354857519
EVT-0174,False,2024-09-03 20:00:00,-2,-2,0,35.94304275149267,126.96717354857519
EVT-0174,False,2024-09-03 20:00:00,-2,-1,0,35.95208925049756,126.96717354857519
EVT-0174,False,2024-09-03 20:00:00,-2,0,0,35.96113574950244,126.96717354857519
EVT-0174,False,2024-09-03 20:00:00,-2,1,0,35.97018224850733,126.96717354857519
EVT-0174,False,2024-09-03 20:00:00,-1,-4,0,35.9249497534829,126.97827118285839
EVT-0174,False,2024-09-03 20:00:00,-1,-3,0,35.93399625248779,126.97827118285839
EVT-0174,False,2024-09-03 20:00:00,-1,-2,0,35.94304275149267,126.97827118285839
EVT-0174,False,2024-09-03 20:00:00,-1,-1,0,35.95208925049756,126.97827118285839
EVT-0174,False,2024-09-03 20:00:00,-1,0,0,35.96113574950244,126.97827118285839
EVT-0174,False,2024-09-03 20:00:00,-1,1,0,35.97018224850733,126.97827118285839
EVT-0174,False,2024-09-03 20:00:00,-1,2,0,35.97922874751221,126.97827118285839
EVT-0174,False,2024-09-03 20:00:00,0,-3,0,35.93399625248779,126.9893688171416
EVT-0174,False,2024-09-03 20:00:00,0,-2,0,35.94304275149267,126.9893688171416
EVT-0174,False,2024-09-03 20:00:00,0,-1,0,35.95208925049756,126.9893688171416
EVT-0174,False,2024-09-03 20:00:00,0,0,1,35.96113574950244,126.9893688171416
EVT-0174,False,2024-09-03 20:00:00,0,1,0,35.97018224850733,126.9893688171416
EVT-0174,False,2024-09-03 20:00:00,0,2,0,35.97922874751221,126.9893688171416
EVT-0174,False,2024-09-03 20:00:00,1,-3,0,35.93399625248779,127.0004664514248
EVT-0174,False,2024-09-03 20:00:00,1,-2,0,35.94304275149267,127.0004664514248
EVT-0174,False,2024-09-03 20:00:00,1,-1,0,35.95208925049756,127.0004664514248
EVT-0174,False,2024-09-03 20:00:00,1,0,0,35.96113574950244,127.0004664514248
EVT-0174,False,2024-09-03 20:00:00,1,1,0,35.97018224850733,127.0004664514248
EVT-0174,False,2024-09-03 20:00:00,2,-2,0,35.94304275149267,127.011564085708
EVT-0174,False,2024-09-03 20:00:00,2,-1,0,35.95208925049756,127.011564085708
EVT-0174,False,2024-09-03 20:00:00,2,0,0,35.96113574950244,127.011564085708
EVT-0174,False,2024-09-03 20:00:00,3,-1,0,35.95208925049756,127.0226617199912
EVT-0175,False,2024-09-05 01:00:00,-5,-4,0,35.9249497534829,126.93388064572558
EVT-0175,False,2024-09-05 01:00:00,-5,-3,0,35.93399625248779,126.93388064572558
EVT-0175,False,2024-09-05 01:00:00,-4,-5,0,35.91590325447802,126.94497828000878
EVT-0175,False,2024-09-05 01:00:00,-4,-4,0,35.9249497534829,126.94497828000878
EVT-0175,False,2024-09-05 01:00:00,-4,-3,0,35.93399625248779,126.94497828000878
EVT-0175,False,2024-09-05 01:00:00,-4,-2,0,35.94304275149267,126.94497828000878
EVT-0175,False,2024-09-05 01:00:00,-3,-6,0,35.90685675547313,126.95607591429199
EVT-0175,False,2024-09-05 01:00:00,-3,-5,0,35.91590325447802,126.95607591429199
EVT-0175,False,2024-09-05 01:00:00,-3,-4,0,35.9249497534829,126.95607591429199
EVT-0175,False,2024-09-05 01:00:00,-3,-3,1,35.93399625248779,126.95607591429199
EVT-0175,False,2024-09-05 01:00:00,-3,-2,0,35.94304275149267,126.95607591429199
EVT-0175,False,2024-09-05 01:00:00,-3,-1,0,35.95208925049756,126.95607591429199
EVT-0175,False,2024-09-05 01:00:00,-2,-6,0,35.90685675547313,126.96717354857519
EVT-0175,False,2024-09-05 01:00:00,-2,-5,0,35.91590325447802,126.96717354857519
EVT-0175,False,2024-09-05 01:00:00,-2,-4,0,35.9249497534829,126.96717354857519
EVT-0175,False,2024-09-05 01:00:00,-2,-3,0,35.93399625248779,126.96717354857519
EVT-0175,False,2024-09-05 01:00:00,-2,-2,0,35.94304275149267,126.96717354857519
EVT-0175,False,2024-09-05 01:00:00,-2,0,1,35.96113574950244,126.96717354857519
EVT-0175,False,2024-09-05 01:00:00,-1,-5,0,35.91590325447802,126.97827118285839
EVT-0175,False,2024-09-05 01:00:00,-1,-4,0,35.9249497534829,126.97827118285839
EVT-0175,False,2024-09-05 01:00:00,-1,-3,0,35.93399625248779,126.97827118285839
EVT-0175,False,2024-09-05 01:00:00,-1,-1,0,35.95208925049756,126.97827118285839
EVT-0175,False,2024-09-05 01:00:00,-1,0,1,35.96113574950244,126.97827118285839
EVT-0175,False,2024-09-05 01:00:00,-1,1,0,35.97018224850733,126.97827118285839
EVT-0175,False,2024-09-05 01:00:00,0,-4,0,35.9249497534829,126.9893688171416
EVT-0175,False,2024-09-05 01:00:00,0,-2,0,35.94304275149267,126.9893688171416
EVT-0175,False,2024-09-05 01:00:00,0,-1,0,35.95208925049756,126.9893688171416
EVT-0175,False,2024-09-05 01:00:00,0,0,1,35.96113574950244,126.9893688171416
EVT-0175,False,2024-09-05 01:00:00,0,1,0,35.97018224850733,126.9893688171416
EVT-0175,False,2024-09-05 01:00:00,0,2,0,35.97922874751221,126.9893688171416
EVT-0175,False,2024-09-05 01:00:00,1,-2,0,35.94304275149267,127.0004664514248
EVT-0175,False,2024-09-05 01:00:00,1,-1,0,35.95208925049756,127.0004664514248
EVT-0175,False,2024-09-05 01:00:00,1,0,1,35.96113574950244,127.0004664514248
EVT-0175,False,2024-09-05 01:00:00,1,1,0,35.97018224850733,127.0004664514248
EVT-0175,False,2024-09-05 01:00:00,1,2,0,35.97922874751221,127.0004664514248
EVT-0175,False,2024-09-05 01:00:00,2,-1,0,35.95208925049756,127.011564085708
EVT-0175,False,2024-09-05 01:00:00,2,0,0,35.96113574950244,127.011564085708
EVT-0175,False,2024-09-05 01:00:00,2,1,0,35.97018224850733,127.011564085708
EVT-0175,False,2024-09-05 01:00:00,3,0,0,35.96113574950244,127.0226617199912
EVT-0177,False,2024-09-09 01:00:00,-5,-4,0,35.9249497534829,126.93388064572558
EVT-0177,False,2024-09-09 01:00:00,-4,-5,0,35.91590325447802,126.94497828000878
EVT-0177,False,2024-09-09 01:00:00,-4,-4,0,35.9249497534829,126.94497828000878
EVT-0177,False,2024-09-09 01:00:00,-4,-3,0,35.93399625248779,126.94497828000878
EVT-0177,False,2024-09-09 01:00:00,-3,-6,0,35.90685675547313,126.95607591429199
EVT-0177,False,2024-09-09 01:00:00,-3,-5,0,35.91590325447802,126.95607591429199
EVT-0177,False,2024-09-09 01:00:00,-3,-4,0,35.9249497534829,126.95607591429199
EVT-0177,False,2024-09-09 01:00:00,-3,-3,0,35.93399625248779,126.95607591429199
EVT-0177,False,2024-09-09 01:00:00,-3,-2,0,35.94304275149267,126.95607591429199
EVT-0177,False,2024-09-09 01:00:00,-3,0,0,35.96113574950244,126.95607591429199
EVT-0177,False,2024-09-09 01:00:00,-2,-6,0,35.90685675547313,126.96717354857519
EVT-0177,False,2024-09-09 01:00:00,-2,-5,0,35.91590325447802,126.96717354857519
EVT-0177,False,2024-09-09 01:00:00,-2,-4,0,35.9249497534829,126.96717354857519
EVT-0177,False,2024-09-09 01:00:00,-2,-3,0,35.93399625248779,126.96717354857519
EVT-0177,False,2024-09-09 01:00:00,-2,-2,1,35.94304275149267,126.96717354857519
EVT-0177,False,2024-09-09 01:00:00,-2,-1,0,35.95208925049756,126.96717354857519
EVT-0177,False,2024-09-09 01:00:00,-2,0,0,35.96113574950244,126.96717354857519
EVT-0177,False,2024-09-09 01:00:00,-2,1,0,35.97018224850733,126.96717354857519
EVT-0177,False,2024-09-09 01:00:00,-1,-5,0,35.91590325447802,126.97827118285839
EVT-0177,False,2024-09-09 01:00:00,-1,-4,0,35.9249497534829,126.97827118285839
EVT-0177,False,2024-09-09 01:00:00,-1,-3,0,35.93399625248779,126.97827118285839
EVT-0177,False,2024-09-09 01:00:00,-1,-2,0,35.94304275149267,126.97827118285839
EVT-0177,False,2024-09-09 01:00:00,-1,-1,0,35.95208925049756,126.97827118285839
EVT-0177,False,2024-09-09 01:00:00,-1,0,0,35.96113574950244,126.97827118285839
EVT-0177,False,2024-09-09 01:00:00,-1,1,0,35.97018224850733,126.97827118285839
EVT-0177,False,2024-09-09 01:00:00,-1,2,0,35.97922874751221,126.97827118285839
EVT-0177,False,2024-09-09 01:00:00,0,-4,0,35.9249497534829,126.9893688171416
EVT-0177,False,2024-09-09 01:00:00,0,-3,0,35.93399625248779,126.9893688171416
EVT-0177,False,2024-09-09 01:00:00,0,-2,0,35.94304275149267,126.9893688171416
EVT-0177,False,2024-09-09 01:00:00,0,-1,0,35.95208925049756,126.9893688171416
EVT-0177,False,2024-09-09 01:00:00,0,0,0,35.96113574950244,126.9893688171416
EVT-0177,False,2024-09-09 01:00:00,0,1,0,35.97018224850733,126.9893688171416
EVT-0177,False,2024-09-09 01:00:00,0,2,0,35.97922874751221,126.9893688171416
EVT-0177,False,2024-09-09 01:00:00,1,-1,0,35.95208925049756,127.0004664514248
EVT-0177,False,2024-09-09 01:00:00,1,0,0,35.96113574950244,127.0004664514248
EVT-0177,False,2024-09-09 01:00:00,1,1,0,35.97018224850733,127.0004664514248
EVT-0177,False,2024-09-09 01:00:00,2,0,0,35.96113574950244,127.011564085708
EVT-0178,False,2024-09-14 00:00:00,-5,-4,0,35.9249497534829,126.93388064572558
EVT-0178,False,2024-09-14 00:00:00,-4,-5,0,35.91590325447802,126.94497828000878
EVT-0178,False,2024-09-14 00:00:00,-4,-4,0,35.9249497534829,126.94497828000878
EVT-0178,False,2024-09-14 00:00:00,-4,-3,0,35.93399625248779,126.94497828000878
EVT-0178,False,2024-09-14 00:00:00,-3,-6,0,35.90685675547313,126.95607591429199
EVT-0178,False,2024-09-14 00:00:00,-3,-5,0,35.91590325447802,126.95607591429199
EVT-0178,False,2024-09-14 00:00:00,-3,-4,1,35.9249497534829,126.95607591429199
EVT-0178,False,2024-09-14 00:00:00,-3,-3,0,35.93399625248779,126.95607591429199
EVT-0178,False,2024-09-14 00:00:00,-3,-2,0,35.94304275149267,126.95607591429199
EVT-0178,False,2024-09-14 00:00:00,-3,-1,0,35.95208925049756,126.95607591429199
EVT-0178,False,2024-09-14 00:00:00,-3,0,0,35.96113574950244,126.95607591429199
EVT-0178,False,2024-09-14 00:00:00,-2,-6,0,35.90685675547313,126.96717354857519
EVT-0178,False,2024-09-14 00:00:00,-2,-5,0,35.91590325447802,126.96717354857519
EVT-0178,False,2024-09-14 00:00:00,-2,-4,0,35.9249497534829,126.96717354857519
EVT-0178,False,2024-09-14 00:00:00,-2,-3,0,35.93399625248779,126.96717354857519
EVT-0178,False,2024-09-14 00:00:00,-2,-2,1,35.94304275149267,126.96717354857519
EVT-0178,False,2024-09-14 00:00:00,-2,-1,1,35.95208925049756,126.96717354857519
EVT-0178,False,2024-09-14 00:00:00,-2,0,0,35.96113574950244,126.96717354857519
EVT-0178,False,2024-09-14 00:00:00,-2,1,0,35.97018224850733,126.96717354857519
EVT-0178,False,2024-09-14 00:00:00,-1,-5,0,35.91590325447802,126.97827118285839
EVT-0178,False,2024-09-14 00:00:00,-1,-4,0,35.9249497534829,126.97827118285839
EVT-0178,False,2024-09-14 00:00:00,-1,-3,0,35.93399625248779,126.97827118285839
EVT-0178,False,2024-09-14 00:00:00,-1,-2,0,35.94304275149267,126.97827118285839
EVT-0178,False,2024-09-14 00:00:00,-1,-1,1,35.95208925049756,126.97827118285839
EVT-0178,False,2024-09-14 00:00:00,-1,0,1,35.96113574950244,126.97827118285839
EVT-0178,False,2024-09-14 00:00:00,-1,1,0,35.97018224850733,126.97827118285839
EVT-0178,False,2024-09-14 00:00:00,-1,2,0,35.97922874751221,126.97827118285839
EVT-0178,False,2024-09-14 00:00:00,0,-4,0,35.9249497534829,126.9893688171416
EVT-0178,False,2024-09-14 00:00:00,0,-2,0,35.94304275149267,126.9893688171416
EVT-0178,False,2024-09-14 00:00:00,0,-1,0,35.95208925049756,126.9893688171416
EVT-0178,False,2024-09-14 00:00:00,0,0,0,35.96113574950244,126.9893688171416
EVT-0178,False,2024-09-14 00:00:00,0,1,0,35.97018224850733,126.9893688171416
EVT-0178,False,2024-09-14 00:00:00,0,2,0,35.97922874751221,126.9893688171416
EVT-0178,False,2024-09-14 00:00:00,1,-1,0,35.95208925049756,127.0004664514248
EVT-0178,False,2024-09-14 00:00:00,1,0,0,35.96113574950244,127.0004664514248
EVT-0178,False,2024-09-14 00:00:00,1,1,0,35.97018224850733,127.0004664514248
EVT-0178,False,2024-09-14 00:00:00,2,0,0,35.96113574950244,127.011564085708
EVT-0179,False,2025-08-08 23:00:00,-4,-3,0,35.93399625248779,126.94497828000878
EVT-0179,False,2025-08-08 23:00:00,-3,-4,0,35.9249497534829,126.95607591429199
EVT-0179,False,2025-08-08 23:00:00,-3,-3,0,35.93399625248779,126.95607591429199
EVT-0179,False,2025-08-08 23:00:00,-3,-2,0,35.94304275149267,126.95607591429199
EVT-0179,False,2025-08-08 23:00:00,-3,0,0,35.96113574950244,126.95607591429199
EVT-0179,False,2025-08-08 23:00:00,-2,-5,0,35.91590325447802,126.96717354857519
EVT-0179,False,2025-08-08 23:00:00,-2,-4,0,35.9249497534829,126.96717354857519
EVT-0179,False,2025-08-08 23:00:00,-2,-3,1,35.93399625248779,126.96717354857519
EVT-0179,False,2025-08-08 23:00:00,-2,-2,1,35.94304275149267,126.96717354857519
EVT-0179,False,2025-08-08 23:00:00,-2,-1,0,35.95208925049756,126.96717354857519
EVT-0179,False,2025-08-08 23:00:00,-2,0,0,35.96113574950244,126.96717354857519
EVT-0179,False,2025-08-08 23:00:00,-2,1,0,35.97018224850733,126.96717354857519
EVT-0179,False,2025-08-08 23:00:00,-1,-5,0,35.91590325447802,126.97827118285839
EVT-0179,False,2025-08-08 23:00:00,-1,-4,0,35.9249497534829,126.97827118285839
EVT-0179,False,2025-08-08 23:00:00,-1,-3,1,35.93399625248779,126.97827118285839
EVT-0179,False,2025-08-08 23:00:00,-1,-2,0,35.94304275149267,126.97827118285839
EVT-0179,False,2025-08-08 23:00:00,-1,-1,1,35.95208925049756,126.97827118285839
EVT-0179,False,2025-08-08 23:00:00,-1,0,1,35.96113574950244,126.97827118285839
EVT-0179,False,2025-08-08 23:00:00,-1,1,0,35.97018224850733,126.97827118285839
EVT-0179,False,2025-08-08 23:00:00,-1,2,0,35.97922874751221,126.97827118285839
EVT-0179,False,2025-08-08 23:00:00,0,-4,0,35.9249497534829,126.9893688171416
EVT-0179,False,2025-08-08 23:00:00,0,-3,0,35.93399625248779,126.9893688171416
EVT-0179,False,2025-08-08 23:00:00,0,-2,0,35.94304275149267,126.9893688171416
EVT-0179,False,2025-08-08 23:00:00,0,-1,0,35.95208925049756,126.9893688171416
EVT-0179,False,2025-08-08 23:00:00,0,0,1,35.96113574950244,126.9893688171416
EVT-0179,False,2025-08-08 23:00:00,0,1,0,35.97018224850733,126.9893688171416
EVT-0179,False,2025-08-08 23:00:00,0,2,0,35.97922874751221,126.9893688171416
EVT-0179,False,2025-08-08 23:00:00,1,-3,0,35.93399625248779,127.0004664514248
EVT-0179,False,2025-08-08 23:00:00,1,-2,0,35.94304275149267,127.0004664514248
EVT-0179,False,2025-08-08 23:00:00,1,-1,0,35.95208925049756,127.0004664514248
EVT-0179,False,2025-08-08 23:00:00,1,0,0,35.96113574950244,127.0004664514248
EVT-0179,False,2025-08-08 23:00:00,1,1,0,35.97018224850733,127.0004664514248
EVT-0179,False,2025-08-08 23:00:00,2,-1,0,35.95208925049756,127.011564085708
EVT-0179,False,2025-08-08 23:00:00,2,0,0,35.96113574950244,127.011564085708
EVT-0180,False,2025-08-28 22:00:00,-6,-3,0,35.93399625248779,126.92278301144238
EVT-0180,False,2025-08-28 22:00:00,-5,-4,0,35.9249497534829,126.93388064572558
EVT-0180,False,2025-08-28 22:00:00,-5,-3,0,35.93399625248779,126.93388064572558
EVT-0180,False,2025-08-28 22:00:00,-5,-2,0,35.94304275149267,126.93388064572558
EVT-0180,False,2025-08-28 22:00:00,-4,-5,0,35.91590325447802,126.94497828000878
EVT-0180,False,2025-08-28 22:00:00,-4,-4,0,35.9249497534829,126.94497828000878
EVT-0180,False,2025-08-28 22:00:00,-4,-3,0,35.93399625248779,126.94497828000878
EVT-0180,False,2025-08-28 22:00:00,-4,-2,0,35.94304275149267,126.94497828000878
EVT-0180,False,2025-08-28 22:00:00,-4,-1,0,35.95208925049756,126.94497828000878
EVT-0180,False,2025-08-28 22:00:00,-4,0,0,35.96113574950244,126.94497828000878
EVT-0180,False,2025-08-28 22:00:00,-3,-6,0,35.90685675547313,126.95607591429199
EVT-0180,False,2025-08-28 22:00:00,-3,-5,0,35.91590325447802,126.95607591429199
EVT-0180,False,2025-08-28 22:00:00,-3,-4,0,35.9249497534829,126.95607591429199
EVT-0180,False,2025-08-28 22:00:00,-3,-3,0,35.93399625248779,126.95607591429199
EVT-0180,False,2025-08-28 22:00:00,-3,-2,0,35.94304275149267,126.95607591429199
EVT-0180,False,2025-08-28 22:00:00,-3,-1,0,35.95208925049756,126.95607591429199
EVT-0180,False,2025-08-28 22:00:00,-3,0,0,35.96113574950244,126.95607591429199
EVT-0180,False,2025-08-28 22:00:00,-3,1,0,35.97018224850733,126.95607591429199
EVT-0180,False,2025-08-28 22:00:00,-2,-6,0,35.90685675547313,126.96717354857519
EVT-0180,False,2025-08-28 22:00:00,-2,-5,0,35.91590325447802,126.96717354857519
EVT-0180,False,2025-08-28 22:00:00,-2,-4,1,35.9249497534829,126.96717354857519
EVT-0180,False,2025-08-28 22:00:00,-2,-3,0,35.93399625248779,126.96717354857519
EVT-0180,False,2025-08-28 22:00:00,-2,-2,0,35.94304275149267,126.96717354857519
EVT-0180,False,2025-08-28 22:00:00,-2,-1,0,35.95208925049756,126.96717354857519
EVT-0180,False,2025-08-28 22:00:00,-2,0,0,35.96113574950244,126.96717354857519
EVT-0180,False,2025-08-28 22:00:00,-2,1,0,35.97018224850733,126.96717354857519
EVT-0180,False,2025-08-28 22:00:00,-2,2,0,35.97922874751221,126.96717354857519
EVT-0180,False,2025-08-28 22:00:00,-1,-5,0,35.91590325447802,126.97827118285839
EVT-0180,False,2025-08-28 22:00:00,-1,-4,0,35.9249497534829,126.97827118285839
EVT-0180,False,2025-08-28 22:00:00,-1,-3,0,35.93399625248779,126.97827118285839
EVT-0180,False,2025-08-28 22:00:00,-1,-2,0,35.94304275149267,126.97827118285839
EVT-0180,False,2025-08-28 22:00:00,-1,-1,0,35.95208925049756,126.97827118285839
EVT-0180,False,2025-08-28 22:00:00,-1,0,0,35.96113574950244,126.97827118285839
EVT-0180,False,2025-08-28 22:00:00,-1,1,0,35.97018224850733,126.97827118285839
EVT-0180,False,2025-08-28 22:00:00,0,-4,0,35.9249497534829,126.9893688171416
EVT-0180,False,2025-08-28 22:00:00,0,-3,0,35.93399625248779,126.9893688171416
EVT-0180,False,2025-08-28 22:00:00,0,-2,0,35.94304275149267,126.9893688171416
EVT-0180,False,2025-08-28 22:00:00,0,0,0,35.96113574950244,126.9893688171416
EVT-0181,False,2025-09-05 21:00:00,-3,-1,0,35.95208925049756,126.95607591429199
EVT-0181,False,2025-09-05 21:00:00,-3,0,0,35.96113574950244,126.95607591429199
EVT-0181,False,2025-09-05 21:00:00,-2,-2,0,35.94304275149267,126.96717354857519
EVT-0181,False,2025-09-05 21:00:00,-2,-1,0,35.95208925049756,126.96717354857519
EVT-0181,False,2025-09-05 21:00:00,-2,0,0,35.96113574950244,126.96717354857519
EVT-0181,False,2025-09-05 21:00:00,-2,1,0,35.97018224850733,126.96717354857519
EVT-0181,False,2025-09-05 21:00:00,-1,-3,0,35.93399625248779,126.97827118285839
EVT-0181,False,2025-09-05 21:00:00,-1,-2,0,35.94304275149267,126.97827118285839
EVT-0181,False,2025-09-05 21:00:00,-1,-1,0,35.95208925049756,126.97827118285839
EVT-0181,False,2025-09-05 21:00:00,-1,0,1,35.96113574950244,126.97827118285839
EVT-0181,False,2025-09-05 21:00:00,-1,1,0,35.97018224850733,126.97827118285839
EVT-0181,False,2025-09-05 21:00:00,-1,2,0,35.97922874751221,126.97827118285839
EVT-0181,False,2025-09-05 21:00:00,0,-3,0,35.93399625248779,126.9893688171416
EVT-0181,False,2025-09-05 21:00:00,0,-2,0,35.94304275149267,126.9893688171416
EVT-0181,False,2025-09-05 21:00:00,0,-1,1,35.95208925049756,126.9893688171416
EVT-0181,False,2025-09-05 21:00:00,0,0,0,35.96113574950244,126.9893688171416
EVT-0181,False,2025-09-05 21:00:00,0,1,0,35.97018224850733,126.9893688171416
EVT-0181,False,2025-09-05 21:00:00,0,2,0,35.97922874751221,126.9893688171416
EVT-0181,False,2025-09-05 21:00:00,1,-2,0,35.94304275149267,127.0004664514248
EVT-0181,False,2025-09-05 21:00:00,1,-1,0,35.95208925049756,127.0004664514248
EVT-0181,False,2025-09-05 21:00:00,1,0,0,35.96113574950244,127.0004664514248
EVT-0181,False,2025-09-05 21:00:00,1,1,0,35.97018224850733,127.0004664514248
EVT-0181,False,2025-09-05 21:00:00,2,-1,0,35.95208925049756,127.011564085708
EVT-0181,False,2025-09-05 21:00:00,2,0,0,35.96113574950244,127.011564085708
EVT-0182,False,2025-09-15 00:00:00,-4,-4,0,35.9249497534829,126.94497828000878
EVT-0182,False,2025-09-15 00:00:00,-4,-3,0,35.93399625248779,126.94497828000878
EVT-0182,False,2025-09-15 00:00:00,-4,-1,0,35.95208925049756,126.94497828000878
EVT-0182,False,2025-09-15 00:00:00,-3,-5,0,35.91590325447802,126.95607591429199
EVT-0182,False,2025-09-15 00:00:00,-3,-4,0,35.9249497534829,126.95607591429199
EVT-0182,False,2025-09-15 00:00:00,-3,-3,0,35.93399625248779,126.95607591429199
EVT-0182,False,2025-09-15 00:00:00,-3,-2,0,35.94304275149267,126.95607591429199
EVT-0182,False,2025-09-15 00:00:00,-3,-1,0,35.95208925049756,126.95607591429199
EVT-0182,False,2025-09-15 00:00:00,-3,0,0,35.96113574950244,126.95607591429199
EVT-0182,False,2025-09-15 00:00:00,-2,-6,0,35.90685675547313,126.96717354857519
EVT-0182,False,2025-09-15 00:00:00,-2,-5,0,35.91590325447802,126.96717354857519
EVT-0182,False,2025-09-15 00:00:00,-2,-4,0,35.9249497534829,126.96717354857519
EVT-0182,False,2025-09-15 00:00:00,-2,-3,1,35.93399625248779,126.96717354857519
EVT-0182,False,2025-09-15 00:00:00,-2,-2,1,35.94304275149267,126.96717354857519
EVT-0182,False,2025-09-15 00:00:00,-2,-1,0,35.95208925049756,126.96717354857519
EVT-0182,False,2025-09-15 00:00:00,-2,0,0,35.96113574950244,126.96717354857519
EVT-0182,False,2025-09-15 00:00:00,-2,1,0,35.97018224850733,126.96717354857519
EVT-0182,False,2025-09-15 00:00:00,-1,-5,0,35.91590325447802,126.97827118285839
EVT-0182,False,2025-09-15 00:00:00,-1,-4,0,35.9249497534829,126.97827118285839
EVT-0182,False,2025-09-15 00:00:00,-1,-3,0,35.93399625248779,126.97827118285839
EVT-0182,False,2025-09-15 00:00:00,-1,-2,0,35.94304275149267,126.97827118285839
EVT-0182,False,2025-09-15 00:00:00,-1,-1,1,35.95208925049756,126.97827118285839
EVT-0182,False,2025-09-15 00:00:00,-1,0,1,35.96113574950244,126.97827118285839
EVT-0182,False,2025-09-15 00:00:00,-1,1,0,35.97018224850733,126.97827118285839
EVT-0182,False,2025-09-15 00:00:00,0,-4,0,35.9249497534829,126.9893688171416
EVT-0182,False,2025-09-15 00:00:00,0,-3,0,35.93399625248779,126.9893688171416
EVT-0182,False,2025-09-15 00:00:00,0,-2,0,35.94304275149267,126.9893688171416
EVT-0182,False,2025-09-15 00:00:00,0,-1,0,35.95208925049756,126.9893688171416
EVT-0182,False,2025-09-15 00:00:00,0,0,1,35.96113574950244,126.9893688171416
EVT-0182,False,2025-09-15 00:00:00,0,1,0,35.97018224850733,126.9893688171416
EVT-0182,False,2025-09-15 00:00:00,0,2,0,35.97922874751221,126.9893688171416
EVT-0182,False,2025-09-15 00:00:00,1,-3,0,35.93399625248779,127.0004664514248
EVT-0182,False,2025-09-15 00:00:00,1,-1,0,35.95208925049756,127.0004664514248
EVT-0182,False,2025-09-15 00:00:00,1,0,0,35.96113574950244,127.0004664514248
EVT-0182,False,2025-09-15 00:00:00,1,1,0,35.97018224850733,127.0004664514248
EVT-0182,False,2025-09-15 00:00:00,2,0,0,35.96113574950244,127.011564085708
