event_hour,hour,grid_x,grid_y,risk_score,rank,train_end
2023-07-05 22:00:00,2023-07-05 21:00:00,-2,-3,0.013610207,1,2023-01-01
2023-07-05 22:00:00,2023-07-05 21:00:00,0,0,0.006603349,2,2023-01-01
2023-07-05 22:00:00,2023-07-05 21:00:00,5,-2,0.00620855,3,2023-01-01
2023-07-05 22:00:00,2023-07-05 21:00:00,2,0,0.0040131267,4,2023-01-01
2023-07-05 22:00:00,2023-07-05 21:00:00,6,-4,0.00380854,5,2023-01-01
2023-07-05 22:00:00,2023-07-05 21:00:00,-2,-4,0.003773874,6,2023-01-01
2023-07-05 22:00:00,2023-07-05 21:00:00,1,0,0.0037585015,7,2023-01-01
2023-07-05 22:00:00,2023-07-05 21:00:00,0,-1,0.00354498,8,2023-01-01
2023-07-05 22:00:00,2023-07-05 21:00:00,1,-1,0.0034428642,9,2023-01-01
2023-07-05 22:00:00,2023-07-05 21:00:00,-3,-4,0.0034153468,10,2023-01-01
2023-07-05 22:00:00,2023-07-05 21:00:00,-1,0,0.0032574746,11,2023-01-01
2023-07-05 22:00:00,2023-07-05 21:00:00,-9,-5,0.0030338345,12,2023-01-01
2023-07-05 22:00:00,2023-07-05 21:00:00,0,17,0.0027929433,13,2023-01-01
2023-07-05 22:00:00,2023-07-05 21:00:00,-4,-2,0.0027701445,14,2023-01-01
2023-07-05 22:00:00,2023-07-05 21:00:00,7,-5,0.0026789543,15,2023-01-01
2023-07-05 22:00:00,2023-07-05 21:00:00,-1,-1,0.0024015328,16,2023-01-01
2023-07-05 22:00:00,2023-07-05 21:00:00,0,-2,0.0023594538,17,2023-01-01
2023-07-05 22:00:00,2023-07-05 21:00:00,-5,-2,0.0022251953,18,2023-01-01
2023-07-05 22:00:00,2023-07-05 21:00:00,-3,-3,0.0022025367,19,2023-01-01
2023-07-05 22:00:00,2023-07-05 21:00:00,3,0,0.0021224862,20,2023-01-01
2023-07-05 22:00:00,2023-07-05 21:00:00,0,12,0.0020195453,21,2023-01-01
2023-07-05 22:00:00,2023-07-05 21:00:00,6,-3,0.0019851744,22,2023-01-01
2023-07-05 22:00:00,2023-07-05 21:00:00,-4,-3,0.0017779578,23,2023-01-01
2023-07-05 22:00:00,2023-07-05 21:00:00,2,1,0.0017757388,24,2023-01-01
2023-07-05 22:00:00,2023-07-05 21:00:00,6,5,0.0017753787,25,2023-01-01
2023-07-05 22:00:00,2023-07-05 21:00:00,-2,0,0.0017665117,26,2023-01-01
2023-07-05 22:00:00,2023-07-05 21:00:00,-2,13,0.0014089104,27,2023-01-01
2023-07-05 22:00:00,2023-07-05 21:00:00,-12,-5,0.0013465852,28,2023-01-01
2023-07-05 22:00:00,2023-07-05 21:00:00,-3,1,0.001344748,29,2023-01-01
2023-07-05 22:00:00,2023-07-05 21:00:00,-3,-2,0.0013358933,30,2023-01-01
2023-07-05 22:00:00,2023-07-05 21:00:00,-11,-5,0.001327965,31,2023-01-01
2023-07-05 22:00:00,2023-07-05 21:00:00,-4,-1,0.0012262599,32,2023-01-01
2023-07-05 22:00:00,2023-07-05 21:00:00,-2,-1,0.0009868719,33,2023-01-01
2023-07-05 22:00:00,2023-07-05 21:00:00,2,-1,0.00097325584,34,2023-01-01
2023-07-05 22:00:00,2023-07-05 21:00:00,-2,-2,0.00093873683,35,2023-01-01
2023-07-05 22:00:00,2023-07-05 21:00:00,-4,0,0.0009375943,36,2023-01-01
2023-07-05 22:00:00,2023-07-05 21:00:00,-5,-1,0.00091485074,37,2023-01-01
2023-07-05 22:00:00,2023-07-05 21:00:00,-1,-3,0.0008720768,38,2023-01-01
2023-07-05 22:00:00,2023-07-05 21:00:00,2,7,0.0007662287,39,2023-01-01
2023-07-05 22:00:00,2023-07-05 21:00:00,7,4,0.0004201123,40,2023-01-01
2023-07-05 22:00:00,2023-07-05 21:00:00,0,13,0.0003643923,41,2023-01-01
2023-07-05 22:00:00,2023-07-05 21:00:00,7,11,0.00026919224,42,2023-01-01
2023-07-05 22:00:00,2023-07-05 21:00:00,2,-7,0.00025121565,43,2023-01-01
2023-07-05 22:00:00,2023-07-05 21:00:00,-5,11,0.0002486865,44,2023-01-01
2023-07-05 22:00:00,2023-07-05 21:00:00,0,14,0.00023536048,45,2023-01-01
2023-07-05 22:00:00,2023-07-05 21:00:00,-3,8,0.00022916734,46,2023-01-01
2023-07-05 22:00:00,2023-07-05 21:00:00,8,-1,0.00022310647,47,2023-01-01
2023-07-05 22:00:00,2023-07-05 21:00:00,1,6,0.0002063241,48,2023-01-01
2023-07-05 22:00:00,2023-07-05 21:00:00,-3,-1,0.0002002252,49,2023-01-01
2023-07-05 22:00:00,2023-07-05 21:00:00,-3,0,0.00020003678,50,2023-01-01
2023-07-05 22:00:00,2023-07-05 21:00:00,0,8,0.00019913858,51,2023-01-01
2023-07-05 22:00:00,2023-07-05 21:00:00,-5,-3,0.00019821526,52,2023-01-01
2023-07-05 22:00:00,2023-07-05 21:00:00,2,-6,0.00019760354,53,2023-01-01
2023-07-05 22:00:00,2023-07-05 21:00:00,-6,4,0.00019705987,54,2023-01-01
2023-07-05 22:00:00,2023-07-05 21:00:00,-1,-2,0.00019644918,55,2023-01-01
2023-07-05 22:00:00,2023-07-05 21:00:00,-4,4,0.00019267858,56,2023-01-01
2023-07-05 22:00:00,2023-07-05 21:00:00,-5,1,0.0001906756,57,2023-01-01
2023-07-05 22:00:00,2023-07-05 21:00:00,0,-5,0.00018208718,58,2023-01-01
2023-07-05 22:00:00,2023-07-05 21:00:00,2,-2,0.00017974939,59,2023-01-01
2023-07-05 22:00:00,2023-07-05 21:00:00,9,3,0.00014777637,60,2023-01-01
2023-07-05 22:00:00,2023-07-05 21:00:00,0,1,0.00014032873,61,2023-01-01
2023-07-05 22:00:00,2023-07-05 21:00:00,1,-7,0.00013795629,62,2023-01-01
2023-07-05 22:00:00,2023-07-05 21:00:00,-10,8,0.00013648067,63,2023-01-01
2023-07-05 22:00:00,2023-07-05 21:00:00,1,8,0.0001346931,64,2023-01-01
2023-07-05 22:00:00,2023-07-05 21:00:00,-1,13,0.00012818525,65,2023-01-01
2023-07-05 22:00:00,2023-07-05 21:00:00,10,3,0.00012261748,66,2023-01-01
2023-07-05 22:00:00,2023-07-05 21:00:00,-1,9,0.000120193115,67,2023-01-01
2023-07-05 22:00:00,2023-07-05 21:00:00,-4,-5,0.00011832832,68,2023-01-01
2023-07-05 22:00:00,2023-07-05 21:00:00,-1,8,0.000111607915,69,2023-01-01
2023-07-05 22:00:00,2023-07-05 21:00:00,-5,-5,0.00010591442,70,2023-01-01
2023-07-05 22:00:00,2023-07-05 21:00:00,10,0,0.00010381705,71,2023-01-01
2023-07-05 22:00:00,2023-07-05 21:00:00,1,-2,0.000102543876,72,2023-01-01
2023-07-05 22:00:00,2023-07-05 21:00:00,3,1,9.68108e-05,73,2023-01-01
2023-07-05 22:00:00,2023-07-05 21:00:00,9,1,9.679742e-05,74,2023-01-01
2023-07-05 22:00:00,2023-07-05 21:00:00,-1,-4,9.6642005e-05,75,2023-01-01
2023-07-05 22:00:00,2023-07-05 21:00:00,9,2,9.424254e-05,76,2023-01-01
2023-07-05 22:00:00,2023-07-05 21:00:00,4,-6,9.17863e-05,77,2023-01-01
2023-07-05 22:00:00,2023-07-05 21:00:00,5,-3,9.1597285e-05,78,2023-01-01
2023-07-05 22:00:00,2023-07-05 21:00:00,0,-6,9.092861e-05,79,2023-01-01
2023-07-05 22:00:00,2023-07-05 21:00:00,6,6,9.019652e-05,80,2023-01-01
2023-07-05 22:00:00,2023-07-05 21:00:00,-4,19,8.945306e-05,81,2023-01-01
2023-07-05 22:00:00,2023-07-05 21:00:00,4,-1,8.75291e-05,82,2023-01-01
2023-07-05 22:00:00,2023-07-05 21:00:00,10,5,8.706981e-05,83,2023-01-01
2023-07-05 22:00:00,2023-07-05 21:00:00,1,20,8.636908e-05,84,2023-01-01
2023-07-05 22:00:00,2023-07-05 21:00:00,0,19,8.562102e-05,85,2023-01-01
2023-07-05 22:00:00,2023-07-05 21:00:00,1,19,8.562102e-05,86,2023-01-01
2023-07-05 22:00:00,2023-07-05 21:00:00,10,-1,8.556205e-05,87,2023-01-01
2023-07-05 22:00:00,2023-07-05 21:00:00,2,20,8.48074e-05,88,2023-01-01
2023-07-05 22:00:00,2023-07-05 21:00:00,4,-4,8.442896e-05,89,2023-01-01
2023-07-05 22:00:00,2023-07-05 21:00:00,-9,-4,8.236631e-05,90,2023-01-01
2023-07-05 22:00:00,2023-07-05 21:00:00,-8,6,8.0198304e-05,91,2023-01-01
2023-07-05 22:00:00,2023-07-05 21:00:00,6,11,8.015859e-05,92,2023-01-01
2023-07-05 22:00:00,2023-07-05 21:00:00,9,0,7.977361e-05,93,2023-01-01
2023-07-05 22:00:00,2023-07-05 21:00:00,3,17,7.915297e-05,94,2023-01-01
2023-07-05 22:00:00,2023-07-05 21:00:00,-1,18,7.6916804e-05,95,2023-01-01
2023-07-05 22:00:00,2023-07-05 21:00:00,2,8,7.6747114e-05,96,2023-01-01
2023-07-05 22:00:00,2023-07-05 21:00:00,0,18,7.659424e-05,97,2023-01-01
2023-07-05 22:00:00,2023-07-05 21:00:00,-4,17,7.50249e-05,98,2023-01-01
2023-07-05 22:00:00,2023-07-05 21:00:00,0,9,7.427266e-05,99,2023-01-01
2023-07-05 22:00:00,2023-07-05 21:00:00,0,11,7.397942e-05,100,2023-01-01
2023-07-05 22:00:00,2023-07-05 21:00:00,-2,16,7.3937474e-05,101,2023-01-01
2023-07-05 22:00:00,2023-07-05 21:00:00,-2,11,7.372077e-05,102,2023-01-01
2023-07-05 22:00:00,2023-07-05 21:00:00,-1,11,7.366052e-05,103,2023-01-01
2023-07-05 22:00:00,2023-07-05 21:00:00,4,1,7.328261e-05,104,2023-01-01
2023-07-05 22:00:00,2023-07-05 21:00:00,1,9,7.227399e-05,105,2023-01-01
2023-07-05 22:00:00,2023-07-05 21:00:00,-1,16,7.212371e-05,106,2023-01-01
2023-07-05 22:00:00,2023-07-05 21:00:00,-6,-3,7.1813956e-05,107,2023-01-01
2023-07-05 22:00:00,2023-07-05 21:00:00,-2,15,7.179414e-05,108,2023-01-01
2023-07-05 22:00:00,2023-07-05 21:00:00,-1,15,7.17717e-05,109,2023-01-01
2023-07-05 22:00:00,2023-07-05 21:00:00,-3,18,7.1393995e-05,110,2023-01-01
2023-07-05 22:00:00,2023-07-05 21:00:00,2,9,7.127077e-05,111,2023-01-01
2023-07-05 22:00:00,2023-07-05 21:00:00,-6,-2,6.987299e-05,112,2023-01-01
2023-07-05 22:00:00,2023-07-05 21:00:00,1,11,6.875977e-05,113,2023-01-01
2023-07-05 22:00:00,2023-07-05 21:00:00,-2,8,6.680374e-05,114,2023-01-01
2023-07-05 22:00:00,2023-07-05 21:00:00,-2,9,6.644844e-05,115,2023-01-01
2023-07-05 22:00:00,2023-07-05 21:00:00,-10,10,6.613561e-05,116,2023-01-01
2023-07-05 22:00:00,2023-07-05 21:00:00,-5,9,6.558562e-05,117,2023-01-01
2023-07-05 22:00:00,2023-07-05 21:00:00,-5,10,6.551977e-05,118,2023-01-01
2023-07-05 22:00:00,2023-07-05 21:00:00,6,3,6.490491e-05,119,2023-01-01
2023-07-05 22:00:00,2023-07-05 21:00:00,8,1,6.4553205e-05,120,2023-01-01
2023-07-05 22:00:00,2023-07-05 21:00:00,-4,8,6.394017e-05,121,2023-01-01
2023-07-05 22:00:00,2023-07-05 21:00:00,-5,15,6.241096e-05,122,2023-01-01
2023-07-05 22:00:00,2023-07-05 21:00:00,9,-2,6.231248e-05,123,2023-01-01
2023-07-05 22:00:00,2023-07-05 21:00:00,-1,-6,6.209178e-05,124,2023-01-01
2023-07-05 22:00:00,2023-07-05 21:00:00,-1,-7,6.1876744e-05,125,2023-01-01
2023-07-05 22:00:00,2023-07-05 21:00:00,-11,-6,6.168075e-05,126,2023-01-01
2023-07-05 22:00:00,2023-07-05 21:00:00,-9,-1,6.11755e-05,127,2023-01-01
2023-07-05 22:00:00,2023-07-05 21:00:00,-3,15,6.112827e-05,128,2023-01-01
2023-07-05 22:00:00,2023-07-05 21:00:00,-5,-4,6.1126775e-05,129,2023-01-01
2023-07-05 22:00:00,2023-07-05 21:00:00,1,-3,6.0299284e-05,130,2023-01-01
2023-07-05 22:00:00,2023-07-05 21:00:00,-3,7,6.028329e-05,131,2023-01-01
2023-07-05 22:00:00,2023-07-05 21:00:00,5,3,5.994132e-05,132,2023-01-01
2023-07-05 22:00:00,2023-07-05 21:00:00,-3,9,5.9271068e-05,133,2023-01-01
2023-07-05 22:00:00,2023-07-05 21:00:00,0,-3,5.9208785e-05,134,2023-01-01
2023-07-05 22:00:00,2023-07-05 21:00:00,-4,-4,5.8930807e-05,135,2023-01-01
2023-07-05 22:00:00,2023-07-05 21:00:00,-10,-4,5.8251517e-05,136,2023-01-01
2023-07-05 22:00:00,2023-07-05 21:00:00,1,-5,5.810329e-05,137,2023-01-01
2023-07-05 22:00:00,2023-07-05 21:00:00,-6,8,5.7556597e-05,138,2023-01-01
2023-07-05 22:00:00,2023-07-05 21:00:00,-2,10,5.7119843e-05,139,2023-01-01
2023-07-05 22:00:00,2023-07-05 21:00:00,-9,0,5.7002053e-05,140,2023-01-01
2023-07-05 22:00:00,2023-07-05 21:00:00,7,-1,5.6304514e-05,141,2023-01-01
2023-07-05 22:00:00,2023-07-05 21:00:00,-2,-5,5.6092507e-05,142,2023-01-01
2023-07-05 22:00:00,2023-07-05 21:00:00,8,-3,5.5973942e-05,143,2023-01-01
2023-07-05 22:00:00,2023-07-05 21:00:00,4,14,5.5563138e-05,144,2023-01-01
2023-07-05 22:00:00,2023-07-05 21:00:00,3,-3,5.544852e-05,145,2023-01-01
2023-07-05 22:00:00,2023-07-05 21:00:00,5,2,5.5277353e-05,146,2023-01-01
2023-07-05 22:00:00,2023-07-05 21:00:00,2,-3,5.519623e-05,147,2023-01-01
2023-07-05 22:00:00,2023-07-05 21:00:00,5,-4,5.5037428e-05,148,2023-01-01
2023-07-05 22:00:00,2023-07-05 21:00:00,8,0,5.5004068e-05,149,2023-01-01
2023-07-05 22:00:00,2023-07-05 21:00:00,-3,2,5.4654516e-05,150,2023-01-01
2023-07-05 22:00:00,2023-07-05 21:00:00,5,-1,5.4576263e-05,151,2023-01-01
2023-07-05 22:00:00,2023-07-05 21:00:00,-5,4,5.4032498e-05,152,2023-01-01
2023-07-05 22:00:00,2023-07-05 21:00:00,1,5,5.394612e-05,153,2023-01-01
2023-07-05 22:00:00,2023-07-05 21:00:00,-1,7,5.390514e-05,154,2023-01-01
2023-07-05 22:00:00,2023-07-05 21:00:00,-5,0,5.3675787e-05,155,2023-01-01
2023-07-05 22:00:00,2023-07-05 21:00:00,-4,2,5.32519e-05,156,2023-01-01
2023-07-05 22:00:00,2023-07-05 21:00:00,-6,15,5.3169544e-05,157,2023-01-01
2023-07-05 22:00:00,2023-07-05 21:00:00,-7,1,5.306416e-05,158,2023-01-01
2023-07-05 22:00:00,2023-07-05 21:00:00,3,-2,5.2189425e-05,159,2023-01-01
2023-07-05 22:00:00,2023-07-05 21:00:00,-10,-3,5.180211e-05,160,2023-01-01
2023-07-05 22:00:00,2023-07-05 21:00:00,-5,2,5.177117e-05,161,2023-01-01
2023-07-05 22:00:00,2023-07-05 21:00:00,-4,12,5.1459192e-05,162,2023-01-01
2023-07-05 22:00:00,2023-07-05 21:00:00,7,1,5.139656e-05,163,2023-01-01
2023-07-05 22:00:00,2023-07-05 21:00:00,-7,-1,5.1151317e-05,164,2023-01-01
2023-07-05 22:00:00,2023-07-05 21:00:00,-3,14,5.090213e-05,165,2023-01-01
2023-07-05 22:00:00,2023-07-05 21:00:00,-6,1,5.080282e-05,166,2023-01-01
2023-07-05 22:00:00,2023-07-05 21:00:00,-4,10,5.0460545e-05,167,2023-01-01
2023-07-05 22:00:00,2023-07-05 21:00:00,-2,3,5.0218998e-05,168,2023-01-01
2023-07-05 22:00:00,2023-07-05 21:00:00,-4,3,4.9793376e-05,169,2023-01-01
2023-07-05 22:00:00,2023-07-05 21:00:00,-1,6,4.8936767e-05,170,2023-01-01
2023-07-05 22:00:00,2023-07-05 21:00:00,0,5,4.8933853e-05,171,2023-01-01
2023-07-05 22:00:00,2023-07-05 21:00:00,-4,5,4.800128e-05,172,2023-01-01
2023-07-05 22:00:00,2023-07-05 21:00:00,-3,11,4.671796e-05,173,2023-01-01
2023-07-05 22:00:00,2023-07-05 21:00:00,-1,5,4.6194724e-05,174,2023-01-01
2023-07-05 22:00:00,2023-07-05 21:00:00,-3,12,4.541602e-05,175,2023-01-01
2023-07-05 22:00:00,2023-07-05 21:00:00,1,1,4.526312e-05,176,2023-01-01
2023-07-05 22:00:00,2023-07-05 21:00:00,-3,13,4.517339e-05,177,2023-01-01
2023-07-05 22:00:00,2023-07-05 21:00:00,7,-4,4.496126e-05,178,2023-01-01
2023-07-05 22:00:00,2023-07-05 21:00:00,8,-4,4.4820383e-05,179,2023-01-01
2023-07-05 22:00:00,2023-07-05 21:00:00,3,-1,4.4043536e-05,180,2023-01-01
2023-07-05 22:00:00,2023-07-05 21:00:00,1,2,4.3840173e-05,181,2023-01-01
2023-07-05 22:00:00,2023-07-05 21:00:00,-9,6,4.1440828e-05,182,2023-01-01
2023-07-05 22:00:00,2023-07-05 21:00:00,-2,1,4.038138e-05,183,2023-01-01
2023-07-05 22:00:00,2023-07-05 21:00:00,-1,1,3.8731097e-05,184,2023-01-01
2023-07-05 22:00:00,2023-07-05 21:00:00,-1,3,3.8641792e-05,185,2023-01-01
2023-07-05 22:00:00,2023-07-05 21:00:00,-1,2,3.848013e-05,186,2023-01-01
2023-09-20 00:00:00,2023-09-19 23:00:00,0,0,0.21076272,1,2023-01-01
2023-09-20 00:00:00,2023-09-19 23:00:00,-2,-3,0.093770005,2,2023-01-01
2023-09-20 00:00:00,2023-09-19 23:00:00,6,-4,0.06341604,3,2023-01-01
2023-09-20 00:00:00,2023-09-19 23:00:00,-5,-2,0.058973808,4,2023-01-01
2023-09-20 00:00:00,2023-09-19 23:00:00,0,-1,0.053602323,5,2023-01-01
2023-09-20 00:00:00,2023-09-19 23:00:00,0,8,0.033948276,6,2023-01-01
2023-09-20 00:00:00,2023-09-19 23:00:00,-1,-1,0.03303137,7,2023-01-01
2023-09-20 00:00:00,2023-09-19 23:00:00,1,0,0.027920669,8,2023-01-01
2023-09-20 00:00:00,2023-09-19 23:00:00,-1,0,0.024554854,9,2023-01-01
2023-09-20 00:00:00,2023-09-19 23:00:00,-5,-1,0.022466393,10,2023-01-01
2023-09-20 00:00:00,2023-09-19 23:00:00,1,-1,0.017611912,11,2023-01-01
2023-09-20 00:00:00,2023-09-19 23:00:00,-4,-3,0.016684199,12,2023-01-01
2023-09-20 00:00:00,2023-09-19 23:00:00,-2,-4,0.013314068,13,2023-01-01
2023-09-20 00:00:00,2023-09-19 23:00:00,-3,-4,0.0118313655,14,2023-01-01
2023-09-20 00:00:00,2023-09-19 23:00:00,-5,-3,0.011512905,15,2023-01-01
2023-09-20 00:00:00,2023-09-19 23:00:00,0,-2,0.011308392,16,2023-01-01
2023-09-20 00:00:00,2023-09-19 23:00:00,-11,-5,0.011257452,17,2023-01-01
2023-09-20 00:00:00,2023-09-19 23:00:00,-4,-2,0.009892076,18,2023-01-01
2023-09-20 00:00:00,2023-09-19 23:00:00,0,12,0.009573398,19,2023-01-01
2023-09-20 00:00:00,2023-09-19 23:00:00,-2,0,0.007892727,20,2023-01-01
2023-09-20 00:00:00,2023-09-19 23:00:00,-2,-1,0.0069288514,21,2023-01-01
2023-09-20 00:00:00,2023-09-19 23:00:00,-3,-3,0.0064620855,22,2023-01-01
2023-09-20 00:00:00,2023-09-19 23:00:00,-2,-2,0.0055603334,23,2023-01-01
2023-09-20 00:00:00,2023-09-19 23:00:00,-12,-5,0.00515395,24,2023-01-01
2023-09-20 00:00:00,2023-09-19 23:00:00,5,-2,0.0041922214,25,2023-01-01
2023-09-20 00:00:00,2023-09-19 23:00:00,0,17,0.0028441625,26,2023-01-01
2023-09-20 00:00:00,2023-09-19 23:00:00,2,0,0.0027094036,27,2023-01-01
2023-09-20 00:00:00,2023-09-19 23:00:00,7,-5,0.002495085,28,2023-01-01
2023-09-20 00:00:00,2023-09-19 23:00:00,-4,-1,0.0024240315,29,2023-01-01
2023-09-20 00:00:00,2023-09-19 23:00:00,3,1,0.0024154005,30,2023-01-01
2023-09-20 00:00:00,2023-09-19 23:00:00,-3,-2,0.0022722876,31,2023-01-01
2023-09-20 00:00:00,2023-09-19 23:00:00,3,0,0.0020541558,32,2023-01-01
2023-09-20 00:00:00,2023-09-19 23:00:00,-3,-1,0.0017704237,33,2023-01-01
2023-09-20 00:00:00,2023-09-19 23:00:00,6,-3,0.0015121693,34,2023-01-01
2023-09-20 00:00:00,2023-09-19 23:00:00,-9,-5,0.0011932962,35,2023-01-01
2023-09-20 00:00:00,2023-09-19 23:00:00,-7,-1,0.0010631905,36,2023-01-01
2023-09-20 00:00:00,2023-09-19 23:00:00,6,5,0.00090063625,37,2023-01-01
2023-09-20 00:00:00,2023-09-19 23:00:00,-3,0,0.0008108862,38,2023-01-01
2023-09-20 00:00:00,2023-09-19 23:00:00,-1,-2,0.0007170337,39,2023-01-01
2023-09-20 00:00:00,2023-09-19 23:00:00,2,1,0.0007087037,40,2023-01-01
2023-09-20 00:00:00,2023-09-19 23:00:00,-1,-3,0.00070668646,41,2023-01-01
2023-09-20 00:00:00,2023-09-19 23:00:00,2,-1,0.0006775167,42,2023-01-01
2023-09-20 00:00:00,2023-09-19 23:00:00,4,-4,0.0006730981,43,2023-01-01
2023-09-20 00:00:00,2023-09-19 23:00:00,1,-2,0.0006660274,44,2023-01-01
2023-09-20 00:00:00,2023-09-19 23:00:00,-7,1,0.0006644209,45,2023-01-01
2023-09-20 00:00:00,2023-09-19 23:00:00,-3,1,0.00050352304,46,2023-01-01
2023-09-20 00:00:00,2023-09-19 23:00:00,-4,0,0.0004637457,47,2023-01-01
2023-09-20 00:00:00,2023-09-19 23:00:00,0,-5,0.0004463309,48,2023-01-01
2023-09-20 00:00:00,2023-09-19 23:00:00,2,-2,0.00043558585,49,2023-01-01
2023-09-20 00:00:00,2023-09-19 23:00:00,-4,4,0.00038561822,50,2023-01-01
2023-09-20 00:00:00,2023-09-19 23:00:00,-3,8,0.00035403355,51,2023-01-01
2023-09-20 00:00:00,2023-09-19 23:00:00,-5,-5,0.0003470057,52,2023-01-01
2023-09-20 00:00:00,2023-09-19 23:00:00,-5,11,0.0003387436,53,2023-01-01
2023-09-20 00:00:00,2023-09-19 23:00:00,-1,-4,0.00031392497,54,2023-01-01
2023-09-20 00:00:00,2023-09-19 23:00:00,-6,4,0.00029307758,55,2023-01-01
2023-09-20 00:00:00,2023-09-19 23:00:00,0,18,0.00026268404,56,2023-01-01
2023-09-20 00:00:00,2023-09-19 23:00:00,-10,8,0.00025514307,57,2023-01-01
2023-09-20 00:00:00,2023-09-19 23:00:00,-5,1,0.0002530855,58,2023-01-01
2023-09-20 00:00:00,2023-09-19 23:00:00,-8,6,0.0002228642,59,2023-01-01
2023-09-20 00:00:00,2023-09-19 23:00:00,7,11,0.00021618686,60,2023-01-01
2023-09-20 00:00:00,2023-09-19 23:00:00,8,-1,0.00020322744,61,2023-01-01
2023-09-20 00:00:00,2023-09-19 23:00:00,4,-6,0.0002028061,62,2023-01-01
2023-09-20 00:00:00,2023-09-19 23:00:00,1,6,0.0001916942,63,2023-01-01
2023-09-20 00:00:00,2023-09-19 23:00:00,-1,13,0.00017642642,64,2023-01-01
2023-09-20 00:00:00,2023-09-19 23:00:00,-4,10,0.00017132495,65,2023-01-01
2023-09-20 00:00:00,2023-09-19 23:00:00,0,13,0.00016665562,66,2023-01-01
2023-09-20 00:00:00,2023-09-19 23:00:00,7,-4,0.00016073883,67,2023-01-01
2023-09-20 00:00:00,2023-09-19 23:00:00,0,-3,0.00013148453,68,2023-01-01
2023-09-20 00:00:00,2023-09-19 23:00:00,0,1,0.00012548688,69,2023-01-01
2023-09-20 00:00:00,2023-09-19 23:00:00,1,-3,0.00012536593,70,2023-01-01
2023-09-20 00:00:00,2023-09-19 23:00:00,2,7,0.00012460686,71,2023-01-01
2023-09-20 00:00:00,2023-09-19 23:00:00,-9,0,0.0001230602,72,2023-01-01
2023-09-20 00:00:00,2023-09-19 23:00:00,-10,-3,0.00012169676,73,2023-01-01
2023-09-20 00:00:00,2023-09-19 23:00:00,2,-7,0.00012106483,74,2023-01-01
2023-09-20 00:00:00,2023-09-19 23:00:00,-9,-1,0.00011822334,75,2023-01-01
2023-09-20 00:00:00,2023-09-19 23:00:00,4,-1,0.000117205724,76,2023-01-01
2023-09-20 00:00:00,2023-09-19 23:00:00,-1,1,0.000116127914,77,2023-01-01
2023-09-20 00:00:00,2023-09-19 23:00:00,0,-6,0.000115827075,78,2023-01-01
2023-09-20 00:00:00,2023-09-19 23:00:00,-10,-4,0.00011107606,79,2023-01-01
2023-09-20 00:00:00,2023-09-19 23:00:00,-9,-4,0.00011086175,80,2023-01-01
2023-09-20 00:00:00,2023-09-19 23:00:00,-6,-3,0.00011085835,81,2023-01-01
2023-09-20 00:00:00,2023-09-19 23:00:00,-2,15,0.00010970093,82,2023-01-01
2023-09-20 00:00:00,2023-09-19 23:00:00,2,20,0.000109203866,83,2023-01-01
2023-09-20 00:00:00,2023-09-19 23:00:00,-9,6,0.00010761343,84,2023-01-01
2023-09-20 00:00:00,2023-09-19 23:00:00,-10,10,0.000106254265,85,2023-01-01
2023-09-20 00:00:00,2023-09-19 23:00:00,-6,-2,0.00010544172,86,2023-01-01
2023-09-20 00:00:00,2023-09-19 23:00:00,1,1,0.00010530934,87,2023-01-01
2023-09-20 00:00:00,2023-09-19 23:00:00,1,2,0.00010527938,88,2023-01-01
2023-09-20 00:00:00,2023-09-19 23:00:00,1,20,0.00010516341,89,2023-01-01
2023-09-20 00:00:00,2023-09-19 23:00:00,-1,2,0.00010503487,90,2023-01-01
2023-09-20 00:00:00,2023-09-19 23:00:00,-4,3,0.00010360308,91,2023-01-01
2023-09-20 00:00:00,2023-09-19 23:00:00,-3,2,0.00010340686,92,2023-01-01
2023-09-20 00:00:00,2023-09-19 23:00:00,-4,19,0.000102491125,93,2023-01-01
2023-09-20 00:00:00,2023-09-19 23:00:00,-1,3,0.00010205058,94,2023-01-01
2023-09-20 00:00:00,2023-09-19 23:00:00,-2,3,0.00010159445,95,2023-01-01
2023-09-20 00:00:00,2023-09-19 23:00:00,-4,2,0.00010115129,96,2023-01-01
2023-09-20 00:00:00,2023-09-19 23:00:00,10,5,0.00010105532,97,2023-01-01
2023-09-20 00:00:00,2023-09-19 23:00:00,-6,1,0.0001002071,98,2023-01-01
2023-09-20 00:00:00,2023-09-19 23:00:00,6,6,9.9815516e-05,99,2023-01-01
2023-09-20 00:00:00,2023-09-19 23:00:00,7,4,9.940749e-05,100,2023-01-01
2023-09-20 00:00:00,2023-09-19 23:00:00,-2,1,9.826858e-05,101,2023-01-01
2023-09-20 00:00:00,2023-09-19 23:00:00,-5,2,9.79426e-05,102,2023-01-01
2023-09-20 00:00:00,2023-09-19 23:00:00,2,-3,9.778288e-05,103,2023-01-01
2023-09-20 00:00:00,2023-09-19 23:00:00,-1,18,9.7346776e-05,104,2023-01-01
2023-09-20 00:00:00,2023-09-19 23:00:00,-5,-4,9.424383e-05,105,2023-01-01
2023-09-20 00:00:00,2023-09-19 23:00:00,1,19,9.352469e-05,106,2023-01-01
2023-09-20 00:00:00,2023-09-19 23:00:00,3,17,9.2354916e-05,107,2023-01-01
2023-09-20 00:00:00,2023-09-19 23:00:00,9,3,9.051486e-05,108,2023-01-01
2023-09-20 00:00:00,2023-09-19 23:00:00,10,3,9.0276764e-05,109,2023-01-01
2023-09-20 00:00:00,2023-09-19 23:00:00,5,3,9.007028e-05,110,2023-01-01
2023-09-20 00:00:00,2023-09-19 23:00:00,0,19,9.0019086e-05,111,2023-01-01
2023-09-20 00:00:00,2023-09-19 23:00:00,1,-5,8.923561e-05,112,2023-01-01
2023-09-20 00:00:00,2023-09-19 23:00:00,8,1,8.900111e-05,113,2023-01-01
2023-09-20 00:00:00,2023-09-19 23:00:00,-3,18,8.855925e-05,114,2023-01-01
2023-09-20 00:00:00,2023-09-19 23:00:00,6,3,8.827508e-05,115,2023-01-01
2023-09-20 00:00:00,2023-09-19 23:00:00,-5,4,8.8113076e-05,116,2023-01-01
2023-09-20 00:00:00,2023-09-19 23:00:00,-2,-5,8.648957e-05,117,2023-01-01
2023-09-20 00:00:00,2023-09-19 23:00:00,-11,-6,8.5696236e-05,118,2023-01-01
2023-09-20 00:00:00,2023-09-19 23:00:00,-4,-4,8.546266e-05,119,2023-01-01
2023-09-20 00:00:00,2023-09-19 23:00:00,1,5,8.520702e-05,120,2023-01-01
2023-09-20 00:00:00,2023-09-19 23:00:00,-5,0,8.395582e-05,121,2023-01-01
2023-09-20 00:00:00,2023-09-19 23:00:00,5,2,8.345169e-05,122,2023-01-01
2023-09-20 00:00:00,2023-09-19 23:00:00,-4,-5,8.258072e-05,123,2023-01-01
2023-09-20 00:00:00,2023-09-19 23:00:00,7,1,8.228782e-05,124,2023-01-01
2023-09-20 00:00:00,2023-09-19 23:00:00,0,5,8.082599e-05,125,2023-01-01
2023-09-20 00:00:00,2023-09-19 23:00:00,3,-2,8.0369064e-05,126,2023-01-01
2023-09-20 00:00:00,2023-09-19 23:00:00,-1,5,8.014481e-05,127,2023-01-01
2023-09-20 00:00:00,2023-09-19 23:00:00,2,8,7.9983925e-05,128,2023-01-01
2023-09-20 00:00:00,2023-09-19 23:00:00,3,-3,7.986981e-05,129,2023-01-01
2023-09-20 00:00:00,2023-09-19 23:00:00,4,14,7.986364e-05,130,2023-01-01
2023-09-20 00:00:00,2023-09-19 23:00:00,9,2,7.984334e-05,131,2023-01-01
2023-09-20 00:00:00,2023-09-19 23:00:00,6,11,7.8720535e-05,132,2023-01-01
2023-09-20 00:00:00,2023-09-19 23:00:00,-5,15,7.8337995e-05,133,2023-01-01
2023-09-20 00:00:00,2023-09-19 23:00:00,-1,-6,7.833172e-05,134,2023-01-01
2023-09-20 00:00:00,2023-09-19 23:00:00,9,1,7.804066e-05,135,2023-01-01
2023-09-20 00:00:00,2023-09-19 23:00:00,-6,15,7.7374156e-05,136,2023-01-01
2023-09-20 00:00:00,2023-09-19 23:00:00,4,1,7.726944e-05,137,2023-01-01
2023-09-20 00:00:00,2023-09-19 23:00:00,-4,5,7.669969e-05,138,2023-01-01
2023-09-20 00:00:00,2023-09-19 23:00:00,7,-1,7.6135744e-05,139,2023-01-01
2023-09-20 00:00:00,2023-09-19 23:00:00,-4,17,7.606586e-05,140,2023-01-01
2023-09-20 00:00:00,2023-09-19 23:00:00,-1,8,7.605066e-05,141,2023-01-01
2023-09-20 00:00:00,2023-09-19 23:00:00,3,-1,7.592484e-05,142,2023-01-01
2023-09-20 00:00:00,2023-09-19 23:00:00,1,8,7.585308e-05,143,2023-01-01
2023-09-20 00:00:00,2023-09-19 23:00:00,-6,8,7.572688e-05,144,2023-01-01
2023-09-20 00:00:00,2023-09-19 23:00:00,2,9,7.572225e-05,145,2023-01-01
2023-09-20 00:00:00,2023-09-19 23:00:00,2,-6,7.560182e-05,146,2023-01-01
2023-09-20 00:00:00,2023-09-19 23:00:00,1,11,7.555023e-05,147,2023-01-01
2023-09-20 00:00:00,2023-09-19 23:00:00,-3,7,7.540524e-05,148,2023-01-01
2023-09-20 00:00:00,2023-09-19 23:00:00,-1,6,7.526267e-05,149,2023-01-01
2023-09-20 00:00:00,2023-09-19 23:00:00,-1,7,7.510802e-05,150,2023-01-01
2023-09-20 00:00:00,2023-09-19 23:00:00,-4,8,7.477796e-05,151,2023-01-01
2023-09-20 00:00:00,2023-09-19 23:00:00,-5,10,7.4618874e-05,152,2023-01-01
2023-09-20 00:00:00,2023-09-19 23:00:00,-5,9,7.441998e-05,153,2023-01-01
2023-09-20 00:00:00,2023-09-19 23:00:00,-3,15,7.414427e-05,154,2023-01-01
2023-09-20 00:00:00,2023-09-19 23:00:00,5,-3,7.402818e-05,155,2023-01-01
2023-09-20 00:00:00,2023-09-19 23:00:00,5,-4,7.376951e-05,156,2023-01-01
2023-09-20 00:00:00,2023-09-19 23:00:00,-1,16,7.351107e-05,157,2023-01-01
2023-09-20 00:00:00,2023-09-19 23:00:00,-2,8,7.3498675e-05,158,2023-01-01
2023-09-20 00:00:00,2023-09-19 23:00:00,1,9,7.294308e-05,159,2023-01-01
2023-09-20 00:00:00,2023-09-19 23:00:00,-4,12,7.290533e-05,160,2023-01-01
2023-09-20 00:00:00,2023-09-19 23:00:00,8,0,7.283617e-05,161,2023-01-01
2023-09-20 00:00:00,2023-09-19 23:00:00,0,9,7.242637e-05,162,2023-01-01
2023-09-20 00:00:00,2023-09-19 23:00:00,0,11,7.20875e-05,163,2023-01-01
2023-09-20 00:00:00,2023-09-19 23:00:00,0,14,7.131982e-05,164,2023-01-01
2023-09-20 00:00:00,2023-09-19 23:00:00,-2,16,7.083705e-05,165,2023-01-01
2023-09-20 00:00:00,2023-09-19 23:00:00,9,0,7.075564e-05,166,2023-01-01
2023-09-20 00:00:00,2023-09-19 23:00:00,-3,14,7.070325e-05,167,2023-01-01
2023-09-20 00:00:00,2023-09-19 23:00:00,-2,13,7.0613394e-05,168,2023-01-01
2023-09-20 00:00:00,2023-09-19 23:00:00,-3,9,7.0413684e-05,169,2023-01-01
2023-09-20 00:00:00,2023-09-19 23:00:00,5,-1,6.9928035e-05,170,2023-01-01
2023-09-20 00:00:00,2023-09-19 23:00:00,-1,15,6.911088e-05,171,2023-01-01
2023-09-20 00:00:00,2023-09-19 23:00:00,-1,9,6.887943e-05,172,2023-01-01
2023-09-20 00:00:00,2023-09-19 23:00:00,-2,9,6.833763e-05,173,2023-01-01
2023-09-20 00:00:00,2023-09-19 23:00:00,10,0,6.82099e-05,174,2023-01-01
2023-09-20 00:00:00,2023-09-19 23:00:00,-3,11,6.816477e-05,175,2023-01-01
2023-09-20 00:00:00,2023-09-19 23:00:00,-2,10,6.815259e-05,176,2023-01-01
2023-09-20 00:00:00,2023-09-19 23:00:00,10,-1,6.791349e-05,177,2023-01-01
2023-09-20 00:00:00,2023-09-19 23:00:00,8,-3,6.788788e-05,178,2023-01-01
2023-09-20 00:00:00,2023-09-19 23:00:00,-3,12,6.761848e-05,179,2023-01-01
2023-09-20 00:00:00,2023-09-19 23:00:00,-2,11,6.761848e-05,180,2023-01-01
2023-09-20 00:00:00,2023-09-19 23:00:00,9,-2,6.7538465e-05,181,2023-01-01
2023-09-20 00:00:00,2023-09-19 23:00:00,8,-4,6.661454e-05,182,2023-01-01
2023-09-20 00:00:00,2023-09-19 23:00:00,-1,11,6.658074e-05,183,2023-01-01
2023-09-20 00:00:00,2023-09-19 23:00:00,1,-7,6.6477565e-05,184,2023-01-01
2023-09-20 00:00:00,2023-09-19 23:00:00,-3,13,6.635873e-05,185,2023-01-01
2023-09-20 00:00:00,2023-09-19 23:00:00,-1,-7,6.5207096e-05,186,2023-01-01
2024-07-17 21:00:00,2024-07-17 20:00:00,9,1,0.6660401,1,2023-01-01
2024-07-17 21:00:00,2024-07-17 20:00:00,-12,-5,0.07547504,2,2023-01-01
2024-07-17 21:00:00,2024-07-17 20:00:00,0,-1,0.056194294,3,2023-01-01
2024-07-17 21:00:00,2024-07-17 20:00:00,0,0,0.041049797,4,2023-01-01
2024-07-17 21:00:00,2024-07-17 20:00:00,-1,0,0.015681619,5,2023-01-01
2024-07-17 21:00:00,2024-07-17 20:00:00,-11,-5,0.012673209,6,2023-01-01
2024-07-17 21:00:00,2024-07-17 20:00:00,-3,-3,0.011627016,7,2023-01-01
2024-07-17 21:00:00,2024-07-17 20:00:00,-2,-2,0.009182269,8,2023-01-01
2024-07-17 21:00:00,2024-07-17 20:00:00,-2,-3,0.008839414,9,2023-01-01
2024-07-17 21:00:00,2024-07-17 20:00:00,-4,-2,0.0074073807,10,2023-01-01
2024-07-17 21:00:00,2024-07-17 20:00:00,-2,-4,0.006714497,11,2023-01-01
2024-07-17 21:00:00,2024-07-17 20:00:00,-5,-2,0.00627205,12,2023-01-01
2024-07-17 21:00:00,2024-07-17 20:00:00,-1,-1,0.005381812,13,2023-01-01
2024-07-17 21:00:00,2024-07-17 20:00:00,10,3,0.005131979,14,2023-01-01
2024-07-17 21:00:00,2024-07-17 20:00:00,0,-2,0.005105195,15,2023-01-01
2024-07-17 21:00:00,2024-07-17 20:00:00,-2,-1,0.004740749,16,2023-01-01
2024-07-17 21:00:00,2024-07-17 20:00:00,-3,11,0.0045479108,17,2023-01-01
2024-07-17 21:00:00,2024-07-17 20:00:00,6,-3,0.003845081,18,2023-01-01
2024-07-17 21:00:00,2024-07-17 20:00:00,-2,0,0.003654506,19,2023-01-01
2024-07-17 21:00:00,2024-07-17 20:00:00,0,8,0.0032744172,20,2023-01-01
2024-07-17 21:00:00,2024-07-17 20:00:00,6,-4,0.0031901617,21,2023-01-01
2024-07-17 21:00:00,2024-07-17 20:00:00,1,-1,0.0031575907,22,2023-01-01
2024-07-17 21:00:00,2024-07-17 20:00:00,1,0,0.0027997505,23,2023-01-01
2024-07-17 21:00:00,2024-07-17 20:00:00,-4,-3,0.0020487567,24,2023-01-01
2024-07-17 21:00:00,2024-07-17 20:00:00,-3,13,0.0017695805,25,2023-01-01
2024-07-17 21:00:00,2024-07-17 20:00:00,5,-2,0.0016878542,26,2023-01-01
2024-07-17 21:00:00,2024-07-17 20:00:00,-3,-4,0.0016013581,27,2023-01-01
2024-07-17 21:00:00,2024-07-17 20:00:00,0,12,0.0013830191,28,2023-01-01
2024-07-17 21:00:00,2024-07-17 20:00:00,9,2,0.0013504947,29,2023-01-01
2024-07-17 21:00:00,2024-07-17 20:00:00,0,17,0.0010350089,30,2023-01-01
2024-07-17 21:00:00,2024-07-17 20:00:00,8,-1,0.0009205263,31,2023-01-01
2024-07-17 21:00:00,2024-07-17 20:00:00,2,1,0.00090942736,32,2023-01-01
2024-07-17 21:00:00,2024-07-17 20:00:00,2,-1,0.0008409391,33,2023-01-01
2024-07-17 21:00:00,2024-07-17 20:00:00,3,1,0.00082360796,34,2023-01-01
2024-07-17 21:00:00,2024-07-17 20:00:00,4,-1,0.0006198808,35,2023-01-01
2024-07-17 21:00:00,2024-07-17 20:00:00,-4,-1,0.0005799636,36,2023-01-01
2024-07-17 21:00:00,2024-07-17 20:00:00,7,-5,0.0004490461,37,2023-01-01
2024-07-17 21:00:00,2024-07-17 20:00:00,-5,-1,0.00037084485,38,2023-01-01
2024-07-17 21:00:00,2024-07-17 20:00:00,-5,-3,0.00034735803,39,2023-01-01
2024-07-17 21:00:00,2024-07-17 20:00:00,1,-2,0.00033727792,40,2023-01-01
2024-07-17 21:00:00,2024-07-17 20:00:00,-1,-3,0.00032418285,41,2023-01-01
2024-07-17 21:00:00,2024-07-17 20:00:00,-7,1,0.00032011527,42,2023-01-01
2024-07-17 21:00:00,2024-07-17 20:00:00,-1,8,0.00031315655,43,2023-01-01
2024-07-17 21:00:00,2024-07-17 20:00:00,3,0,0.00029003687,44,2023-01-01
2024-07-17 21:00:00,2024-07-17 20:00:00,-1,1,0.0002858895,45,2023-01-01
2024-07-17 21:00:00,2024-07-17 20:00:00,-3,-1,0.00028417015,46,2023-01-01
2024-07-17 21:00:00,2024-07-17 20:00:00,-4,0,0.00026096895,47,2023-01-01
2024-07-17 21:00:00,2024-07-17 20:00:00,1,6,0.00025121964,48,2023-01-01
2024-07-17 21:00:00,2024-07-17 20:00:00,-3,0,0.00023504357,49,2023-01-01
2024-07-17 21:00:00,2024-07-17 20:00:00,-1,6,0.00022942999,50,2023-01-01
2024-07-17 21:00:00,2024-07-17 20:00:00,-1,18,0.00022610957,51,2023-01-01
2024-07-17 21:00:00,2024-07-17 20:00:00,-9,-5,0.00022581912,52,2023-01-01
2024-07-17 21:00:00,2024-07-17 20:00:00,0,18,0.00022415297,53,2023-01-01
2024-07-17 21:00:00,2024-07-17 20:00:00,7,-4,0.00021377788,54,2023-01-01
2024-07-17 21:00:00,2024-07-17 20:00:00,6,5,0.00021308206,55,2023-01-01
2024-07-17 21:00:00,2024-07-17 20:00:00,-4,10,0.00021079951,56,2023-01-01
2024-07-17 21:00:00,2024-07-17 20:00:00,-2,13,0.00020165327,57,2023-01-01
2024-07-17 21:00:00,2024-07-17 20:00:00,1,9,0.0002014158,58,2023-01-01
2024-07-17 21:00:00,2024-07-17 20:00:00,-2,15,0.00019934138,59,2023-01-01
2024-07-17 21:00:00,2024-07-17 20:00:00,0,-6,0.00019463089,60,2023-01-01
2024-07-17 21:00:00,2024-07-17 20:00:00,-9,-1,0.00018812732,61,2023-01-01
2024-07-17 21:00:00,2024-07-17 20:00:00,1,-7,0.00018341187,62,2023-01-01
2024-07-17 21:00:00,2024-07-17 20:00:00,2,-7,0.00018341187,63,2023-01-01
2024-07-17 21:00:00,2024-07-17 20:00:00,6,11,0.00018083793,64,2023-01-01
2024-07-17 21:00:00,2024-07-17 20:00:00,7,11,0.00018064152,65,2023-01-01
2024-07-17 21:00:00,2024-07-17 20:00:00,-1,-6,0.00016492204,66,2023-01-01
2024-07-17 21:00:00,2024-07-17 20:00:00,8,1,0.00015792284,67,2023-01-01
2024-07-17 21:00:00,2024-07-17 20:00:00,-5,-4,0.00015218732,68,2023-01-01
2024-07-17 21:00:00,2024-07-17 20:00:00,7,4,0.0001493215,69,2023-01-01
2024-07-17 21:00:00,2024-07-17 20:00:00,-9,-4,0.00014453866,70,2023-01-01
2024-07-17 21:00:00,2024-07-17 20:00:00,-4,-4,0.0001444666,71,2023-01-01
2024-07-17 21:00:00,2024-07-17 20:00:00,10,-1,0.00014193321,72,2023-01-01
2024-07-17 21:00:00,2024-07-17 20:00:00,9,3,0.00014029018,73,2023-01-01
2024-07-17 21:00:00,2024-07-17 20:00:00,-3,-2,0.00013880462,74,2023-01-01
2024-07-17 21:00:00,2024-07-17 20:00:00,-1,-7,0.0001369517,75,2023-01-01
2024-07-17 21:00:00,2024-07-17 20:00:00,-6,4,0.00013482705,76,2023-01-01
2024-07-17 21:00:00,2024-07-17 20:00:00,-9,6,0.00013455059,77,2023-01-01
2024-07-17 21:00:00,2024-07-17 20:00:00,-8,6,0.00013301475,78,2023-01-01
2024-07-17 21:00:00,2024-07-17 20:00:00,2,20,0.00013233158,79,2023-01-01
2024-07-17 21:00:00,2024-07-17 20:00:00,-7,-1,0.00013142439,80,2023-01-01
2024-07-17 21:00:00,2024-07-17 20:00:00,6,6,0.00013089256,81,2023-01-01
2024-07-17 21:00:00,2024-07-17 20:00:00,1,20,0.00012887795,82,2023-01-01
2024-07-17 21:00:00,2024-07-17 20:00:00,-10,-4,0.00012883337,83,2023-01-01
2024-07-17 21:00:00,2024-07-17 20:00:00,0,19,0.00012818073,84,2023-01-01
2024-07-17 21:00:00,2024-07-17 20:00:00,1,19,0.00012814403,85,2023-01-01
2024-07-17 21:00:00,2024-07-17 20:00:00,-10,8,0.0001281161,86,2023-01-01
2024-07-17 21:00:00,2024-07-17 20:00:00,9,0,0.00012628255,87,2023-01-01
2024-07-17 21:00:00,2024-07-17 20:00:00,-10,10,0.000119190045,88,2023-01-01
2024-07-17 21:00:00,2024-07-17 20:00:00,-10,-3,0.00011519774,89,2023-01-01
2024-07-17 21:00:00,2024-07-17 20:00:00,-5,11,0.00011503402,90,2023-01-01
2024-07-17 21:00:00,2024-07-17 20:00:00,3,17,0.00011484339,91,2023-01-01
2024-07-17 21:00:00,2024-07-17 20:00:00,-6,-3,0.00011472262,92,2023-01-01
2024-07-17 21:00:00,2024-07-17 20:00:00,-6,15,0.0001142961,93,2023-01-01
2024-07-17 21:00:00,2024-07-17 20:00:00,-3,1,0.000114031456,94,2023-01-01
2024-07-17 21:00:00,2024-07-17 20:00:00,-2,16,0.000113771064,95,2023-01-01
2024-07-17 21:00:00,2024-07-17 20:00:00,-4,12,0.00011303372,96,2023-01-01
2024-07-17 21:00:00,2024-07-17 20:00:00,10,5,0.00011296881,97,2023-01-01
2024-07-17 21:00:00,2024-07-17 20:00:00,-5,15,0.00011294221,98,2023-01-01
2024-07-17 21:00:00,2024-07-17 20:00:00,4,14,0.0001123932,99,2023-01-01
2024-07-17 21:00:00,2024-07-17 20:00:00,-11,-6,0.00011221814,100,2023-01-01
2024-07-17 21:00:00,2024-07-17 20:00:00,2,8,0.00011203532,101,2023-01-01
2024-07-17 21:00:00,2024-07-17 20:00:00,1,8,0.000111673384,102,2023-01-01
2024-07-17 21:00:00,2024-07-17 20:00:00,-5,9,0.0001111565,103,2023-01-01
2024-07-17 21:00:00,2024-07-17 20:00:00,-5,10,0.0001111565,104,2023-01-01
2024-07-17 21:00:00,2024-07-17 20:00:00,-3,15,0.00011101097,105,2023-01-01
2024-07-17 21:00:00,2024-07-17 20:00:00,-6,8,0.00011031818,106,2023-01-01
2024-07-17 21:00:00,2024-07-17 20:00:00,0,9,0.00010953532,107,2023-01-01
2024-07-17 21:00:00,2024-07-17 20:00:00,0,11,0.0001087155,108,2023-01-01
2024-07-17 21:00:00,2024-07-17 20:00:00,0,13,0.0001083535,109,2023-01-01
2024-07-17 21:00:00,2024-07-17 20:00:00,0,14,0.0001083535,110,2023-01-01
2024-07-17 21:00:00,2024-07-17 20:00:00,-3,14,0.0001082193,111,2023-01-01
2024-07-17 21:00:00,2024-07-17 20:00:00,-2,11,0.0001082193,112,2023-01-01
2024-07-17 21:00:00,2024-07-17 20:00:00,-1,16,0.00010819444,113,2023-01-01
2024-07-17 21:00:00,2024-07-17 20:00:00,-3,12,0.000108189146,114,2023-01-01
2024-07-17 21:00:00,2024-07-17 20:00:00,-1,11,0.000108189146,115,2023-01-01
2024-07-17 21:00:00,2024-07-17 20:00:00,-1,13,0.000108189146,116,2023-01-01
2024-07-17 21:00:00,2024-07-17 20:00:00,2,9,0.00010773572,117,2023-01-01
2024-07-17 21:00:00,2024-07-17 20:00:00,-1,5,0.00010610121,118,2023-01-01
2024-07-17 21:00:00,2024-07-17 20:00:00,-1,15,0.00010579799,119,2023-01-01
2024-07-17 21:00:00,2024-07-17 20:00:00,6,3,0.00010536108,120,2023-01-01
2024-07-17 21:00:00,2024-07-17 20:00:00,-4,19,0.00010426556,121,2023-01-01
2024-07-17 21:00:00,2024-07-17 20:00:00,1,11,0.0001039448,122,2023-01-01
2024-07-17 21:00:00,2024-07-17 20:00:00,8,0,0.0001020038,123,2023-01-01
2024-07-17 21:00:00,2024-07-17 20:00:00,2,-6,0.00010195051,124,2023-01-01
2024-07-17 21:00:00,2024-07-17 20:00:00,7,1,9.84225e-05,125,2023-01-01
2024-07-17 21:00:00,2024-07-17 20:00:00,-1,-4,9.7308715e-05,126,2023-01-01
2024-07-17 21:00:00,2024-07-17 20:00:00,-4,17,9.684511e-05,127,2023-01-01
2024-07-17 21:00:00,2024-07-17 20:00:00,4,-4,9.5130024e-05,128,2023-01-01
2024-07-17 21:00:00,2024-07-17 20:00:00,0,-3,9.501122e-05,129,2023-01-01
2024-07-17 21:00:00,2024-07-17 20:00:00,-6,-2,9.39389e-05,130,2023-01-01
2024-07-17 21:00:00,2024-07-17 20:00:00,-3,18,9.295137e-05,131,2023-01-01
2024-07-17 21:00:00,2024-07-17 20:00:00,10,0,9.218978e-05,132,2023-01-01
2024-07-17 21:00:00,2024-07-17 20:00:00,0,-5,9.101634e-05,133,2023-01-01
2024-07-17 21:00:00,2024-07-17 20:00:00,-2,-5,9.008896e-05,134,2023-01-01
2024-07-17 21:00:00,2024-07-17 20:00:00,1,-5,8.7303306e-05,135,2023-01-01
2024-07-17 21:00:00,2024-07-17 20:00:00,5,3,8.3606195e-05,136,2023-01-01
2024-07-17 21:00:00,2024-07-17 20:00:00,-5,-5,8.170268e-05,137,2023-01-01
2024-07-17 21:00:00,2024-07-17 20:00:00,-1,-2,8.065049e-05,138,2023-01-01
2024-07-17 21:00:00,2024-07-17 20:00:00,7,-1,8.029153e-05,139,2023-01-01
2024-07-17 21:00:00,2024-07-17 20:00:00,1,-3,7.91414e-05,140,2023-01-01
2024-07-17 21:00:00,2024-07-17 20:00:00,-4,-5,7.901845e-05,141,2023-01-01
2024-07-17 21:00:00,2024-07-17 20:00:00,-1,2,7.7023855e-05,142,2023-01-01
2024-07-17 21:00:00,2024-07-17 20:00:00,2,-2,7.625497e-05,143,2023-01-01
2024-07-17 21:00:00,2024-07-17 20:00:00,5,2,7.594198e-05,144,2023-01-01
2024-07-17 21:00:00,2024-07-17 20:00:00,9,-2,7.5568e-05,145,2023-01-01
2024-07-17 21:00:00,2024-07-17 20:00:00,-4,8,7.480199e-05,146,2023-01-01
2024-07-17 21:00:00,2024-07-17 20:00:00,-9,0,7.453039e-05,147,2023-01-01
2024-07-17 21:00:00,2024-07-17 20:00:00,-5,2,7.397722e-05,148,2023-01-01
2024-07-17 21:00:00,2024-07-17 20:00:00,-2,8,7.3417854e-05,149,2023-01-01
2024-07-17 21:00:00,2024-07-17 20:00:00,2,7,7.2540824e-05,150,2023-01-01
2024-07-17 21:00:00,2024-07-17 20:00:00,3,-2,7.205421e-05,151,2023-01-01
2024-07-17 21:00:00,2024-07-17 20:00:00,-2,10,7.152222e-05,152,2023-01-01
2024-07-17 21:00:00,2024-07-17 20:00:00,-5,1,7.065422e-05,153,2023-01-01
2024-07-17 21:00:00,2024-07-17 20:00:00,1,2,7.032994e-05,154,2023-01-01
2024-07-17 21:00:00,2024-07-17 20:00:00,1,1,7.025709e-05,155,2023-01-01
2024-07-17 21:00:00,2024-07-17 20:00:00,0,1,7.02358e-05,156,2023-01-01
2024-07-17 21:00:00,2024-07-17 20:00:00,-6,1,6.973044e-05,157,2023-01-01
2024-07-17 21:00:00,2024-07-17 20:00:00,4,1,6.858223e-05,158,2023-01-01
2024-07-17 21:00:00,2024-07-17 20:00:00,-1,9,6.6072746e-05,159,2023-01-01
2024-07-17 21:00:00,2024-07-17 20:00:00,-3,8,6.587835e-05,160,2023-01-01
2024-07-17 21:00:00,2024-07-17 20:00:00,-4,4,6.542425e-05,161,2023-01-01
2024-07-17 21:00:00,2024-07-17 20:00:00,-3,9,6.5394655e-05,162,2023-01-01
2024-07-17 21:00:00,2024-07-17 20:00:00,-5,4,6.301282e-05,163,2023-01-01
2024-07-17 21:00:00,2024-07-17 20:00:00,2,0,6.2293e-05,164,2023-01-01
2024-07-17 21:00:00,2024-07-17 20:00:00,-3,7,6.156113e-05,165,2023-01-01
2024-07-17 21:00:00,2024-07-17 20:00:00,2,-3,6.116062e-05,166,2023-01-01
2024-07-17 21:00:00,2024-07-17 20:00:00,8,-3,6.0274226e-05,167,2023-01-01
2024-07-17 21:00:00,2024-07-17 20:00:00,1,5,6.0271224e-05,168,2023-01-01
2024-07-17 21:00:00,2024-07-17 20:00:00,-2,9,5.9709582e-05,169,2023-01-01
2024-07-17 21:00:00,2024-07-17 20:00:00,3,-3,5.7846748e-05,170,2023-01-01
2024-07-17 21:00:00,2024-07-17 20:00:00,3,-1,5.7327503e-05,171,2023-01-01
2024-07-17 21:00:00,2024-07-17 20:00:00,-1,3,5.5604745e-05,172,2023-01-01
2024-07-17 21:00:00,2024-07-17 20:00:00,-5,0,5.475395e-05,173,2023-01-01
2024-07-17 21:00:00,2024-07-17 20:00:00,-4,5,5.467534e-05,174,2023-01-01
2024-07-17 21:00:00,2024-07-17 20:00:00,-1,7,5.4343804e-05,175,2023-01-01
2024-07-17 21:00:00,2024-07-17 20:00:00,-4,2,5.34077e-05,176,2023-01-01
2024-07-17 21:00:00,2024-07-17 20:00:00,-2,1,5.3159743e-05,177,2023-01-01
2024-07-17 21:00:00,2024-07-17 20:00:00,8,-4,5.2821724e-05,178,2023-01-01
2024-07-17 21:00:00,2024-07-17 20:00:00,5,-1,5.202876e-05,179,2023-01-01
2024-07-17 21:00:00,2024-07-17 20:00:00,-2,3,5.1762847e-05,180,2023-01-01
2024-07-17 21:00:00,2024-07-17 20:00:00,0,5,5.1280676e-05,181,2023-01-01
2024-07-17 21:00:00,2024-07-17 20:00:00,-3,2,5.0820596e-05,182,2023-01-01
2024-07-17 21:00:00,2024-07-17 20:00:00,-4,3,4.990038e-05,183,2023-01-01
2024-07-17 21:00:00,2024-07-17 20:00:00,4,-6,4.6677753e-05,184,2023-01-01
2024-07-17 21:00:00,2024-07-17 20:00:00,5,-3,4.4692384e-05,185,2023-01-01
2024-07-17 21:00:00,2024-07-17 20:00:00,5,-4,4.388943e-05,186,2023-01-01
2024-07-17 22:00:00,2024-07-17 21:00:00,9,1,0.60172105,1,2023-01-01
2024-07-17 22:00:00,2024-07-17 21:00:00,0,-1,0.21763046,2,2023-01-01
2024-07-17 22:00:00,2024-07-17 21:00:00,-1,0,0.11419239,3,2023-01-01
2024-07-17 22:00:00,2024-07-17 21:00:00,-12,-5,0.085594505,4,2023-01-01
2024-07-17 22:00:00,2024-07-17 21:00:00,0,0,0.05498406,5,2023-01-01
2024-07-17 22:00:00,2024-07-17 21:00:00,-1,-1,0.027591707,6,2023-01-01
2024-07-17 22:00:00,2024-07-17 21:00:00,-2,-2,0.02276322,7,2023-01-01
2024-07-17 22:00:00,2024-07-17 21:00:00,-2,-4,0.02270177,8,2023-01-01
2024-07-17 22:00:00,2024-07-17 21:00:00,-2,-3,0.01932317,9,2023-01-01
2024-07-17 22:00:00,2024-07-17 21:00:00,-5,-2,0.017018905,10,2023-01-01
2024-07-17 22:00:00,2024-07-17 21:00:00,-2,-1,0.013610666,11,2023-01-01
2024-07-17 22:00:00,2024-07-17 21:00:00,0,-2,0.013544102,12,2023-01-01
2024-07-17 22:00:00,2024-07-17 21:00:00,-4,-2,0.013455201,13,2023-01-01
2024-07-17 22:00:00,2024-07-17 21:00:00,-3,-3,0.01260084,14,2023-01-01
2024-07-17 22:00:00,2024-07-17 21:00:00,-11,-5,0.007893873,15,2023-01-01
2024-07-17 22:00:00,2024-07-17 21:00:00,6,-3,0.0077682226,16,2023-01-01
2024-07-17 22:00:00,2024-07-17 21:00:00,-2,0,0.007348297,17,2023-01-01
2024-07-17 22:00:00,2024-07-17 21:00:00,-3,-4,0.005056321,18,2023-01-01
2024-07-17 22:00:00,2024-07-17 21:00:00,10,3,0.0045806454,19,2023-01-01
2024-07-17 22:00:00,2024-07-17 21:00:00,1,0,0.0033185638,20,2023-01-01
2024-07-17 22:00:00,2024-07-17 21:00:00,-4,-3,0.002889321,21,2023-01-01
2024-07-17 22:00:00,2024-07-17 21:00:00,-3,11,0.0025707732,22,2023-01-01
2024-07-17 22:00:00,2024-07-17 21:00:00,6,-4,0.0023202468,23,2023-01-01
2024-07-17 22:00:00,2024-07-17 21:00:00,0,8,0.0021150594,24,2023-01-01
2024-07-17 22:00:00,2024-07-17 21:00:00,-4,-1,0.0021054007,25,2023-01-01
2024-07-17 22:00:00,2024-07-17 21:00:00,1,-1,0.0017451703,26,2023-01-01
2024-07-17 22:00:00,2024-07-17 21:00:00,5,-2,0.0013586514,27,2023-01-01
2024-07-17 22:00:00,2024-07-17 21:00:00,0,12,0.0012961127,28,2023-01-01
2024-07-17 22:00:00,2024-07-17 21:00:00,9,2,0.0011593006,29,2023-01-01
2024-07-17 22:00:00,2024-07-17 21:00:00,-3,13,0.0009012118,30,2023-01-01
2024-07-17 22:00:00,2024-07-17 21:00:00,0,17,0.000769554,31,2023-01-01
2024-07-17 22:00:00,2024-07-17 21:00:00,8,-1,0.00070737913,32,2023-01-01
2024-07-17 22:00:00,2024-07-17 21:00:00,2,-1,0.0006633567,33,2023-01-01
2024-07-17 22:00:00,2024-07-17 21:00:00,7,-5,0.0004694392,34,2023-01-01
2024-07-17 22:00:00,2024-07-17 21:00:00,-3,-1,0.00046363194,35,2023-01-01
2024-07-17 22:00:00,2024-07-17 21:00:00,-5,-1,0.00037660435,36,2023-01-01
2024-07-17 22:00:00,2024-07-17 21:00:00,4,-1,0.00033814283,37,2023-01-01
2024-07-17 22:00:00,2024-07-17 21:00:00,2,1,0.00029814037,38,2023-01-01
2024-07-17 22:00:00,2024-07-17 21:00:00,3,1,0.00029042832,39,2023-01-01
2024-07-17 22:00:00,2024-07-17 21:00:00,-1,-3,0.00027890175,40,2023-01-01
2024-07-17 22:00:00,2024-07-17 21:00:00,-3,-2,0.0002726495,41,2023-01-01
2024-07-17 22:00:00,2024-07-17 21:00:00,1,-2,0.00026687744,42,2023-01-01
2024-07-17 22:00:00,2024-07-17 21:00:00,-4,0,0.000261414,43,2023-01-01
2024-07-17 22:00:00,2024-07-17 21:00:00,-1,1,0.00026001336,44,2023-01-01
2024-07-17 22:00:00,2024-07-17 21:00:00,-5,-3,0.00025429652,45,2023-01-01
2024-07-17 22:00:00,2024-07-17 21:00:00,-7,1,0.00024856426,46,2023-01-01
2024-07-17 22:00:00,2024-07-17 21:00:00,1,6,0.0002458736,47,2023-01-01
2024-07-17 22:00:00,2024-07-17 21:00:00,-1,8,0.0002389251,48,2023-01-01
2024-07-17 22:00:00,2024-07-17 21:00:00,-1,6,0.00021233763,49,2023-01-01
2024-07-17 22:00:00,2024-07-17 21:00:00,3,0,0.00021107309,50,2023-01-01
2024-07-17 22:00:00,2024-07-17 21:00:00,7,-4,0.00019452733,51,2023-01-01
2024-07-17 22:00:00,2024-07-17 21:00:00,-3,0,0.00019045123,52,2023-01-01
2024-07-17 22:00:00,2024-07-17 21:00:00,7,11,0.00017942244,53,2023-01-01
2024-07-17 22:00:00,2024-07-17 21:00:00,6,11,0.00017868211,54,2023-01-01
2024-07-17 22:00:00,2024-07-17 21:00:00,-9,-1,0.00017448212,55,2023-01-01
2024-07-17 22:00:00,2024-07-17 21:00:00,6,5,0.00017212621,56,2023-01-01
2024-07-17 22:00:00,2024-07-17 21:00:00,-9,-5,0.00017196334,57,2023-01-01
2024-07-17 22:00:00,2024-07-17 21:00:00,2,20,0.00016925496,58,2023-01-01
2024-07-17 22:00:00,2024-07-17 21:00:00,1,-7,0.00016546757,59,2023-01-01
2024-07-17 22:00:00,2024-07-17 21:00:00,2,-7,0.00016546757,60,2023-01-01
2024-07-17 22:00:00,2024-07-17 21:00:00,-1,-7,0.00016485015,61,2023-01-01
2024-07-17 22:00:00,2024-07-17 21:00:00,0,-6,0.00016295003,62,2023-01-01
2024-07-17 22:00:00,2024-07-17 21:00:00,8,1,0.00015331862,63,2023-01-01
2024-07-17 22:00:00,2024-07-17 21:00:00,6,3,0.00014359136,64,2023-01-01
2024-07-17 22:00:00,2024-07-17 21:00:00,7,4,0.00014299616,65,2023-01-01
2024-07-17 22:00:00,2024-07-17 21:00:00,-7,-1,0.00014267072,66,2023-01-01
2024-07-17 22:00:00,2024-07-17 21:00:00,-1,-6,0.00014102708,67,2023-01-01
2024-07-17 22:00:00,2024-07-17 21:00:00,1,20,0.0001405445,68,2023-01-01
2024-07-17 22:00:00,2024-07-17 21:00:00,9,3,0.00013890439,69,2023-01-01
2024-07-17 22:00:00,2024-07-17 21:00:00,-6,4,0.00013338111,70,2023-01-01
2024-07-17 22:00:00,2024-07-17 21:00:00,1,19,0.00013263716,71,2023-01-01
2024-07-17 22:00:00,2024-07-17 21:00:00,-4,10,0.00013119026,72,2023-01-01
2024-07-17 22:00:00,2024-07-17 21:00:00,7,1,0.00012809527,73,2023-01-01
2024-07-17 22:00:00,2024-07-17 21:00:00,-2,13,0.00012283806,74,2023-01-01
2024-07-17 22:00:00,2024-07-17 21:00:00,0,18,0.00012154159,75,2023-01-01
2024-07-17 22:00:00,2024-07-17 21:00:00,3,17,0.00012066472,76,2023-01-01
2024-07-17 22:00:00,2024-07-17 21:00:00,10,-1,0.00011869691,77,2023-01-01
2024-07-17 22:00:00,2024-07-17 21:00:00,-4,-4,0.000118438,78,2023-01-01
2024-07-17 22:00:00,2024-07-17 21:00:00,-1,18,0.00011840303,79,2023-01-01
2024-07-17 22:00:00,2024-07-17 21:00:00,5,3,0.00011835288,80,2023-01-01
2024-07-17 22:00:00,2024-07-17 21:00:00,-10,-4,0.00011578421,81,2023-01-01
2024-07-17 22:00:00,2024-07-17 21:00:00,-9,-4,0.0001133016,82,2023-01-01
2024-07-17 22:00:00,2024-07-17 21:00:00,4,14,0.00011155304,83,2023-01-01
2024-07-17 22:00:00,2024-07-17 21:00:00,-10,-3,0.00010854152,84,2023-01-01
2024-07-17 22:00:00,2024-07-17 21:00:00,-2,11,0.00010782407,85,2023-01-01
2024-07-17 22:00:00,2024-07-17 21:00:00,-5,-4,0.00010745615,86,2023-01-01
2024-07-17 22:00:00,2024-07-17 21:00:00,-3,1,0.00010705393,87,2023-01-01
2024-07-17 22:00:00,2024-07-17 21:00:00,-2,-5,0.0001067656,88,2023-01-01
2024-07-17 22:00:00,2024-07-17 21:00:00,8,0,0.00010538619,89,2023-01-01
2024-07-17 22:00:00,2024-07-17 21:00:00,6,6,9.599147e-05,90,2023-01-01
2024-07-17 22:00:00,2024-07-17 21:00:00,0,14,9.505934e-05,91,2023-01-01
2024-07-17 22:00:00,2024-07-17 21:00:00,-2,15,9.486045e-05,92,2023-01-01
2024-07-17 22:00:00,2024-07-17 21:00:00,-4,19,9.336632e-05,93,2023-01-01
2024-07-17 22:00:00,2024-07-17 21:00:00,10,5,9.207454e-05,94,2023-01-01
2024-07-17 22:00:00,2024-07-17 21:00:00,5,2,9.081594e-05,95,2023-01-01
2024-07-17 22:00:00,2024-07-17 21:00:00,-3,15,9.045512e-05,96,2023-01-01
2024-07-17 22:00:00,2024-07-17 21:00:00,1,9,8.9444766e-05,97,2023-01-01
2024-07-17 22:00:00,2024-07-17 21:00:00,9,0,8.672197e-05,98,2023-01-01
2024-07-17 22:00:00,2024-07-17 21:00:00,-6,15,8.639059e-05,99,2023-01-01
2024-07-17 22:00:00,2024-07-17 21:00:00,-4,17,8.592058e-05,100,2023-01-01
2024-07-17 22:00:00,2024-07-17 21:00:00,-5,15,8.569011e-05,101,2023-01-01
2024-07-17 22:00:00,2024-07-17 21:00:00,-3,14,8.4287305e-05,102,2023-01-01
2024-07-17 22:00:00,2024-07-17 21:00:00,-5,11,8.4057254e-05,103,2023-01-01
2024-07-17 22:00:00,2024-07-17 21:00:00,-2,1,8.4021674e-05,104,2023-01-01
2024-07-17 22:00:00,2024-07-17 21:00:00,2,-6,8.39339e-05,105,2023-01-01
2024-07-17 22:00:00,2024-07-17 21:00:00,-1,5,8.2720304e-05,106,2023-01-01
2024-07-17 22:00:00,2024-07-17 21:00:00,7,-1,8.2580365e-05,107,2023-01-01
2024-07-17 22:00:00,2024-07-17 21:00:00,0,19,8.236533e-05,108,2023-01-01
2024-07-17 22:00:00,2024-07-17 21:00:00,1,2,8.079169e-05,109,2023-01-01
2024-07-17 22:00:00,2024-07-17 21:00:00,-3,18,7.905992e-05,110,2023-01-01
2024-07-17 22:00:00,2024-07-17 21:00:00,0,-3,7.756401e-05,111,2023-01-01
2024-07-17 22:00:00,2024-07-17 21:00:00,-5,10,7.7453435e-05,112,2023-01-01
2024-07-17 22:00:00,2024-07-17 21:00:00,-5,9,7.7213575e-05,113,2023-01-01
2024-07-17 22:00:00,2024-07-17 21:00:00,-11,-6,7.668373e-05,114,2023-01-01
2024-07-17 22:00:00,2024-07-17 21:00:00,-1,2,7.433822e-05,115,2023-01-01
2024-07-17 22:00:00,2024-07-17 21:00:00,-1,15,7.411553e-05,116,2023-01-01
2024-07-17 22:00:00,2024-07-17 21:00:00,4,1,7.374705e-05,117,2023-01-01
2024-07-17 22:00:00,2024-07-17 21:00:00,-1,-4,7.369333e-05,118,2023-01-01
2024-07-17 22:00:00,2024-07-17 21:00:00,-9,0,7.3665484e-05,119,2023-01-01
2024-07-17 22:00:00,2024-07-17 21:00:00,-4,8,7.3493815e-05,120,2023-01-01
2024-07-17 22:00:00,2024-07-17 21:00:00,-1,13,7.308338e-05,121,2023-01-01
2024-07-17 22:00:00,2024-07-17 21:00:00,-1,11,7.248085e-05,122,2023-01-01
2024-07-17 22:00:00,2024-07-17 21:00:00,-5,-5,7.192345e-05,123,2023-01-01
2024-07-17 22:00:00,2024-07-17 21:00:00,-3,7,7.18438e-05,124,2023-01-01
2024-07-17 22:00:00,2024-07-17 21:00:00,-8,6,7.1039314e-05,125,2023-01-01
2024-07-17 22:00:00,2024-07-17 21:00:00,1,-3,7.099342e-05,126,2023-01-01
2024-07-17 22:00:00,2024-07-17 21:00:00,4,-4,7.062763e-05,127,2023-01-01
2024-07-17 22:00:00,2024-07-17 21:00:00,-6,-2,7.046565e-05,128,2023-01-01
2024-07-17 22:00:00,2024-07-17 21:00:00,0,-5,7.040173e-05,129,2023-01-01
2024-07-17 22:00:00,2024-07-17 21:00:00,-2,16,6.839398e-05,130,2023-01-01
2024-07-17 22:00:00,2024-07-17 21:00:00,2,0,6.8275935e-05,131,2023-01-01
2024-07-17 22:00:00,2024-07-17 21:00:00,-4,-5,6.81237e-05,132,2023-01-01
2024-07-17 22:00:00,2024-07-17 21:00:00,-3,8,6.8109184e-05,133,2023-01-01
2024-07-17 22:00:00,2024-07-17 21:00:00,1,1,6.742554e-05,134,2023-01-01
2024-07-17 22:00:00,2024-07-17 21:00:00,0,13,6.627909e-05,135,2023-01-01
2024-07-17 22:00:00,2024-07-17 21:00:00,-1,-2,6.588379e-05,136,2023-01-01
2024-07-17 22:00:00,2024-07-17 21:00:00,-6,-3,6.524951e-05,137,2023-01-01
2024-07-17 22:00:00,2024-07-17 21:00:00,-2,8,6.381332e-05,138,2023-01-01
2024-07-17 22:00:00,2024-07-17 21:00:00,1,5,6.349332e-05,139,2023-01-01
2024-07-17 22:00:00,2024-07-17 21:00:00,-6,8,6.3369334e-05,140,2023-01-01
2024-07-17 22:00:00,2024-07-17 21:00:00,3,-3,6.275249e-05,141,2023-01-01
2024-07-17 22:00:00,2024-07-17 21:00:00,-4,12,6.267126e-05,142,2023-01-01
2024-07-17 22:00:00,2024-07-17 21:00:00,-4,4,6.229872e-05,143,2023-01-01
2024-07-17 22:00:00,2024-07-17 21:00:00,-5,4,6.184457e-05,144,2023-01-01
2024-07-17 22:00:00,2024-07-17 21:00:00,5,-1,6.182967e-05,145,2023-01-01
2024-07-17 22:00:00,2024-07-17 21:00:00,10,0,6.162287e-05,146,2023-01-01
2024-07-17 22:00:00,2024-07-17 21:00:00,9,-2,6.0944574e-05,147,2023-01-01
2024-07-17 22:00:00,2024-07-17 21:00:00,2,9,6.062312e-05,148,2023-01-01
2024-07-17 22:00:00,2024-07-17 21:00:00,8,-3,6.040013e-05,149,2023-01-01
2024-07-17 22:00:00,2024-07-17 21:00:00,0,1,6.038009e-05,150,2023-01-01
2024-07-17 22:00:00,2024-07-17 21:00:00,1,11,6.0148945e-05,151,2023-01-01
2024-07-17 22:00:00,2024-07-17 21:00:00,-6,1,6.0009843e-05,152,2023-01-01
2024-07-17 22:00:00,2024-07-17 21:00:00,0,11,5.960438e-05,153,2023-01-01
2024-07-17 22:00:00,2024-07-17 21:00:00,-3,12,5.9527953e-05,154,2023-01-01
2024-07-17 22:00:00,2024-07-17 21:00:00,-3,9,5.8709615e-05,155,2023-01-01
2024-07-17 22:00:00,2024-07-17 21:00:00,-4,5,5.8548827e-05,156,2023-01-01
2024-07-17 22:00:00,2024-07-17 21:00:00,1,-5,5.8371836e-05,157,2023-01-01
2024-07-17 22:00:00,2024-07-17 21:00:00,-2,9,5.7204797e-05,158,2023-01-01
2024-07-17 22:00:00,2024-07-17 21:00:00,0,5,5.6894743e-05,159,2023-01-01
2024-07-17 22:00:00,2024-07-17 21:00:00,-2,10,5.656507e-05,160,2023-01-01
2024-07-17 22:00:00,2024-07-17 21:00:00,1,8,5.644551e-05,161,2023-01-01
2024-07-17 22:00:00,2024-07-17 21:00:00,2,8,5.637771e-05,162,2023-01-01
2024-07-17 22:00:00,2024-07-17 21:00:00,2,7,5.59273e-05,163,2023-01-01
2024-07-17 22:00:00,2024-07-17 21:00:00,-3,2,5.57676e-05,164,2023-01-01
2024-07-17 22:00:00,2024-07-17 21:00:00,-9,6,5.5340017e-05,165,2023-01-01
2024-07-17 22:00:00,2024-07-17 21:00:00,-10,8,5.4400774e-05,166,2023-01-01
2024-07-17 22:00:00,2024-07-17 21:00:00,-10,10,5.4243177e-05,167,2023-01-01
2024-07-17 22:00:00,2024-07-17 21:00:00,3,-1,5.4237968e-05,168,2023-01-01
2024-07-17 22:00:00,2024-07-17 21:00:00,-1,9,5.3196214e-05,169,2023-01-01
2024-07-17 22:00:00,2024-07-17 21:00:00,-5,1,5.308194e-05,170,2023-01-01
2024-07-17 22:00:00,2024-07-17 21:00:00,2,-3,5.2727002e-05,171,2023-01-01
2024-07-17 22:00:00,2024-07-17 21:00:00,-5,0,5.204564e-05,172,2023-01-01
2024-07-17 22:00:00,2024-07-17 21:00:00,-1,16,5.1205876e-05,173,2023-01-01
2024-07-17 22:00:00,2024-07-17 21:00:00,3,-2,5.0491333e-05,174,2023-01-01
2024-07-17 22:00:00,2024-07-17 21:00:00,8,-4,5.04416e-05,175,2023-01-01
2024-07-17 22:00:00,2024-07-17 21:00:00,-1,3,5.031115e-05,176,2023-01-01
2024-07-17 22:00:00,2024-07-17 21:00:00,2,-2,4.99201e-05,177,2023-01-01
2024-07-17 22:00:00,2024-07-17 21:00:00,4,-6,4.9168037e-05,178,2023-01-01
2024-07-17 22:00:00,2024-07-17 21:00:00,-1,7,4.8478836e-05,179,2023-01-01
2024-07-17 22:00:00,2024-07-17 21:00:00,0,9,4.745997e-05,180,2023-01-01
2024-07-17 22:00:00,2024-07-17 21:00:00,-5,2,4.73414e-05,181,2023-01-01
2024-07-17 22:00:00,2024-07-17 21:00:00,-4,2,4.727959e-05,182,2023-01-01
2024-07-17 22:00:00,2024-07-17 21:00:00,-4,3,4.469673e-05,183,2023-01-01
2024-07-17 22:00:00,2024-07-17 21:00:00,-2,3,4.3814554e-05,184,2023-01-01
2024-07-17 22:00:00,2024-07-17 21:00:00,5,-4,4.3213764e-05,185,2023-01-01
2024-07-17 22:00:00,2024-07-17 21:00:00,5,-3,4.3213764e-05,186,2023-01-01
2024-07-17 23:00:00,2024-07-17 22:00:00,9,1,0.75931853,1,2023-01-01
2024-07-17 23:00:00,2024-07-17 22:00:00,0,-1,0.30964884,2,2023-01-01
2024-07-17 23:00:00,2024-07-17 22:00:00,-1,0,0.22170722,3,2023-01-01
2024-07-17 23:00:00,2024-07-17 22:00:00,0,0,0.1939729,4,2023-01-01
2024-07-17 23:00:00,2024-07-17 22:00:00,1,0,0.17859502,5,2023-01-01
2024-07-17 23:00:00,2024-07-17 22:00:00,0,-2,0.1239549,6,2023-01-01
2024-07-17 23:00:00,2024-07-17 22:00:00,-12,-5,0.10660646,7,2023-01-01
2024-07-17 23:00:00,2024-07-17 22:00:00,-2,-3,0.09897846,8,2023-01-01
2024-07-17 23:00:00,2024-07-17 22:00:00,-2,-2,0.09473456,9,2023-01-01
2024-07-17 23:00:00,2024-07-17 22:00:00,6,-3,0.08562755,10,2023-01-01
2024-07-17 23:00:00,2024-07-17 22:00:00,-1,-1,0.07404708,11,2023-01-01
2024-07-17 23:00:00,2024-07-17 22:00:00,-2,-4,0.070315085,12,2023-01-01
2024-07-17 23:00:00,2024-07-17 22:00:00,-3,-3,0.056248885,13,2023-01-01
2024-07-17 23:00:00,2024-07-17 22:00:00,-4,-2,0.045020636,14,2023-01-01
2024-07-17 23:00:00,2024-07-17 22:00:00,-2,-1,0.038835574,15,2023-01-01
2024-07-17 23:00:00,2024-07-17 22:00:00,-2,0,0.026128525,16,2023-01-01
2024-07-17 23:00:00,2024-07-17 22:00:00,-5,-2,0.02406747,17,2023-01-01
2024-07-17 23:00:00,2024-07-17 22:00:00,-11,-5,0.020163244,18,2023-01-01
2024-07-17 23:00:00,2024-07-17 22:00:00,-3,-4,0.009598897,19,2023-01-01
2024-07-17 23:00:00,2024-07-17 22:00:00,7,4,0.009347399,20,2023-01-01
2024-07-17 23:00:00,2024-07-17 22:00:00,10,3,0.006854122,21,2023-01-01
2024-07-17 23:00:00,2024-07-17 22:00:00,-4,-3,0.0065821516,22,2023-01-01
2024-07-17 23:00:00,2024-07-17 22:00:00,6,-4,0.004947666,23,2023-01-01
2024-07-17 23:00:00,2024-07-17 22:00:00,1,-1,0.0046075876,24,2023-01-01
2024-07-17 23:00:00,2024-07-17 22:00:00,-4,-1,0.0029127467,25,2023-01-01
2024-07-17 23:00:00,2024-07-17 22:00:00,5,-2,0.0028350782,26,2023-01-01
2024-07-17 23:00:00,2024-07-17 22:00:00,0,8,0.0025499566,27,2023-01-01
2024-07-17 23:00:00,2024-07-17 22:00:00,-3,11,0.0023885767,28,2023-01-01
2024-07-17 23:00:00,2024-07-17 22:00:00,2,-1,0.0015826578,29,2023-01-01
2024-07-17 23:00:00,2024-07-17 22:00:00,0,12,0.0012517915,30,2023-01-01
2024-07-17 23:00:00,2024-07-17 22:00:00,9,2,0.001130418,31,2023-01-01
2024-07-17 23:00:00,2024-07-17 22:00:00,8,-1,0.0010636208,32,2023-01-01
2024-07-17 23:00:00,2024-07-17 22:00:00,4,-1,0.00091690087,33,2023-01-01
2024-07-17 23:00:00,2024-07-17 22:00:00,-1,-3,0.00091101974,34,2023-01-01
2024-07-17 23:00:00,2024-07-17 22:00:00,7,-5,0.00080683175,35,2023-01-01
2024-07-17 23:00:00,2024-07-17 22:00:00,-3,-1,0.0007712469,36,2023-01-01
2024-07-17 23:00:00,2024-07-17 22:00:00,-5,-1,0.00073893793,37,2023-01-01
2024-07-17 23:00:00,2024-07-17 22:00:00,-3,13,0.0007278473,38,2023-01-01
2024-07-17 23:00:00,2024-07-17 22:00:00,-3,0,0.0007089568,39,2023-01-01
2024-07-17 23:00:00,2024-07-17 22:00:00,0,17,0.00067352405,40,2023-01-01
2024-07-17 23:00:00,2024-07-17 22:00:00,1,-2,0.0005782468,41,2023-01-01
2024-07-17 23:00:00,2024-07-17 22:00:00,-1,1,0.0005533266,42,2023-01-01
2024-07-17 23:00:00,2024-07-17 22:00:00,-5,-3,0.00051001535,43,2023-01-01
2024-07-17 23:00:00,2024-07-17 22:00:00,3,1,0.000502183,44,2023-01-01
2024-07-17 23:00:00,2024-07-17 22:00:00,-4,0,0.00048157212,45,2023-01-01
2024-07-17 23:00:00,2024-07-17 22:00:00,-7,1,0.00047262464,46,2023-01-01
2024-07-17 23:00:00,2024-07-17 22:00:00,2,1,0.00046680032,47,2023-01-01
2024-07-17 23:00:00,2024-07-17 22:00:00,-3,-2,0.00042435664,48,2023-01-01
2024-07-17 23:00:00,2024-07-17 22:00:00,3,0,0.0003951233,49,2023-01-01
2024-07-17 23:00:00,2024-07-17 22:00:00,7,-4,0.00032152145,50,2023-01-01
2024-07-17 23:00:00,2024-07-17 22:00:00,-3,1,0.00031154315,51,2023-01-01
2024-07-17 23:00:00,2024-07-17 22:00:00,-9,-5,0.00028919688,52,2023-01-01
2024-07-17 23:00:00,2024-07-17 22:00:00,1,6,0.00028638353,53,2023-01-01
2024-07-17 23:00:00,2024-07-17 22:00:00,6,5,0.00027533856,54,2023-01-01
2024-07-17 23:00:00,2024-07-17 22:00:00,-4,-4,0.00026387925,55,2023-01-01
2024-07-17 23:00:00,2024-07-17 22:00:00,-9,-1,0.0002555714,56,2023-01-01
2024-07-17 23:00:00,2024-07-17 22:00:00,-7,-1,0.00024493356,57,2023-01-01
2024-07-17 23:00:00,2024-07-17 22:00:00,-5,-4,0.00023484102,58,2023-01-01
2024-07-17 23:00:00,2024-07-17 22:00:00,-1,6,0.00023235175,59,2023-01-01
2024-07-17 23:00:00,2024-07-17 22:00:00,1,-7,0.00022913667,60,2023-01-01
2024-07-17 23:00:00,2024-07-17 22:00:00,-1,-7,0.00022078252,61,2023-01-01
2024-07-17 23:00:00,2024-07-17 22:00:00,-1,-6,0.00020770694,62,2023-01-01
2024-07-17 23:00:00,2024-07-17 22:00:00,-1,8,0.00020248805,63,2023-01-01
2024-07-17 23:00:00,2024-07-17 22:00:00,0,-3,0.00020180341,64,2023-01-01
2024-07-17 23:00:00,2024-07-17 22:00:00,6,6,0.00017716747,65,2023-01-01
2024-07-17 23:00:00,2024-07-17 22:00:00,-10,-3,0.00017336868,66,2023-01-01
2024-07-17 23:00:00,2024-07-17 22:00:00,6,3,0.0001709243,67,2023-01-01
2024-07-17 23:00:00,2024-07-17 22:00:00,0,-6,0.0001684996,68,2023-01-01
2024-07-17 23:00:00,2024-07-17 22:00:00,-9,-4,0.00016610895,69,2023-01-01
2024-07-17 23:00:00,2024-07-17 22:00:00,2,20,0.00016434834,70,2023-01-01
2024-07-17 23:00:00,2024-07-17 22:00:00,5,3,0.00015872404,71,2023-01-01
2024-07-17 23:00:00,2024-07-17 22:00:00,-1,-2,0.0001584305,72,2023-01-01
2024-07-17 23:00:00,2024-07-17 22:00:00,8,1,0.00015368445,73,2023-01-01
2024-07-17 23:00:00,2024-07-17 22:00:00,7,11,0.00015316704,74,2023-01-01
2024-07-17 23:00:00,2024-07-17 22:00:00,7,1,0.00015316629,75,2023-01-01
2024-07-17 23:00:00,2024-07-17 22:00:00,6,11,0.00015141549,76,2023-01-01
2024-07-17 23:00:00,2024-07-17 22:00:00,4,-4,0.000145485,77,2023-01-01
2024-07-17 23:00:00,2024-07-17 22:00:00,-10,-4,0.0001429696,78,2023-01-01
2024-07-17 23:00:00,2024-07-17 22:00:00,-2,1,0.00014061555,79,2023-01-01
2024-07-17 23:00:00,2024-07-17 22:00:00,10,5,0.00013930084,80,2023-01-01
2024-07-17 23:00:00,2024-07-17 22:00:00,10,-1,0.00013887208,81,2023-01-01
2024-07-17 23:00:00,2024-07-17 22:00:00,-2,-5,0.00013810564,82,2023-01-01
2024-07-17 23:00:00,2024-07-17 22:00:00,2,9,0.00013787899,83,2023-01-01
2024-07-17 23:00:00,2024-07-17 22:00:00,-1,-4,0.00013785771,84,2023-01-01
2024-07-17 23:00:00,2024-07-17 22:00:00,1,20,0.00013671862,85,2023-01-01
2024-07-17 23:00:00,2024-07-17 22:00:00,9,3,0.00013145682,86,2023-01-01
2024-07-17 23:00:00,2024-07-17 22:00:00,5,2,0.00012951622,87,2023-01-01
2024-07-17 23:00:00,2024-07-17 22:00:00,0,-5,0.00012892608,88,2023-01-01
2024-07-17 23:00:00,2024-07-17 22:00:00,-4,10,0.0001280211,89,2023-01-01
2024-07-17 23:00:00,2024-07-17 22:00:00,-4,-5,0.00012595936,90,2023-01-01
2024-07-17 23:00:00,2024-07-17 22:00:00,-3,14,0.0001235815,91,2023-01-01
2024-07-17 23:00:00,2024-07-17 22:00:00,-2,13,0.00012353949,92,2023-01-01
2024-07-17 23:00:00,2024-07-17 22:00:00,3,17,0.00012331938,93,2023-01-01
2024-07-17 23:00:00,2024-07-17 22:00:00,1,1,0.00012209201,94,2023-01-01
2024-07-17 23:00:00,2024-07-17 22:00:00,2,-7,0.000120320685,95,2023-01-01
2024-07-17 23:00:00,2024-07-17 22:00:00,-6,4,0.000120196295,96,2023-01-01
2024-07-17 23:00:00,2024-07-17 22:00:00,1,19,0.0001196955,97,2023-01-01
2024-07-17 23:00:00,2024-07-17 22:00:00,0,1,0.00011968957,98,2023-01-01
2024-07-17 23:00:00,2024-07-17 22:00:00,4,14,0.00011921747,99,2023-01-01
2024-07-17 23:00:00,2024-07-17 22:00:00,7,-1,0.000119083874,100,2023-01-01
2024-07-17 23:00:00,2024-07-17 22:00:00,0,18,0.000118336924,101,2023-01-01
2024-07-17 23:00:00,2024-07-17 22:00:00,-1,18,0.0001181762,102,2023-01-01
2024-07-17 23:00:00,2024-07-17 22:00:00,-5,-5,0.00011771216,103,2023-01-01
2024-07-17 23:00:00,2024-07-17 22:00:00,2,-3,0.00011738349,104,2023-01-01
2024-07-17 23:00:00,2024-07-17 22:00:00,1,2,0.00011549372,105,2023-01-01
2024-07-17 23:00:00,2024-07-17 22:00:00,-6,-2,0.000115287985,106,2023-01-01
2024-07-17 23:00:00,2024-07-17 22:00:00,-1,5,0.00010827355,107,2023-01-01
2024-07-17 23:00:00,2024-07-17 22:00:00,1,-3,0.000108076485,108,2023-01-01
2024-07-17 23:00:00,2024-07-17 22:00:00,-6,-3,0.000107770094,109,2023-01-01
2024-07-17 23:00:00,2024-07-17 22:00:00,-1,2,0.00010758016,110,2023-01-01
2024-07-17 23:00:00,2024-07-17 22:00:00,1,9,0.000106176194,111,2023-01-01
2024-07-17 23:00:00,2024-07-17 22:00:00,8,0,0.00010513747,112,2023-01-01
2024-07-17 23:00:00,2024-07-17 22:00:00,2,0,0.00010465216,113,2023-01-01
2024-07-17 23:00:00,2024-07-17 22:00:00,2,-6,0.00010416479,114,2023-01-01
2024-07-17 23:00:00,2024-07-17 22:00:00,-3,15,0.00010353301,115,2023-01-01
2024-07-17 23:00:00,2024-07-17 22:00:00,-11,-6,0.000102390455,116,2023-01-01
2024-07-17 23:00:00,2024-07-17 22:00:00,2,-2,9.978713e-05,117,2023-01-01
2024-07-17 23:00:00,2024-07-17 22:00:00,-5,1,9.821184e-05,118,2023-01-01
2024-07-17 23:00:00,2024-07-17 22:00:00,-2,15,9.8092045e-05,119,2023-01-01
2024-07-17 23:00:00,2024-07-17 22:00:00,-1,3,9.526452e-05,120,2023-01-01
2024-07-17 23:00:00,2024-07-17 22:00:00,9,0,9.4900046e-05,121,2023-01-01
2024-07-17 23:00:00,2024-07-17 22:00:00,-3,2,9.3089715e-05,122,2023-01-01
2024-07-17 23:00:00,2024-07-17 22:00:00,9,-2,9.1290225e-05,123,2023-01-01
2024-07-17 23:00:00,2024-07-17 22:00:00,-6,1,9.101151e-05,124,2023-01-01
2024-07-17 23:00:00,2024-07-17 22:00:00,8,-3,9.0324465e-05,125,2023-01-01
2024-07-17 23:00:00,2024-07-17 22:00:00,5,-1,8.929471e-05,126,2023-01-01
2024-07-17 23:00:00,2024-07-17 22:00:00,0,14,8.896947e-05,127,2023-01-01
2024-07-17 23:00:00,2024-07-17 22:00:00,-9,0,8.7644155e-05,128,2023-01-01
2024-07-17 23:00:00,2024-07-17 22:00:00,-2,11,8.742986e-05,129,2023-01-01
2024-07-17 23:00:00,2024-07-17 22:00:00,4,1,8.726739e-05,130,2023-01-01
2024-07-17 23:00:00,2024-07-17 22:00:00,-4,19,8.722581e-05,131,2023-01-01
2024-07-17 23:00:00,2024-07-17 22:00:00,-4,2,8.63431e-05,132,2023-01-01
2024-07-17 23:00:00,2024-07-17 22:00:00,2,8,8.6129294e-05,133,2023-01-01
2024-07-17 23:00:00,2024-07-17 22:00:00,1,-5,8.5652755e-05,134,2023-01-01
2024-07-17 23:00:00,2024-07-17 22:00:00,-5,2,8.435216e-05,135,2023-01-01
2024-07-17 23:00:00,2024-07-17 22:00:00,-5,0,8.356179e-05,136,2023-01-01
2024-07-17 23:00:00,2024-07-17 22:00:00,3,-1,8.26169e-05,137,2023-01-01
2024-07-17 23:00:00,2024-07-17 22:00:00,2,7,8.165936e-05,138,2023-01-01
2024-07-17 23:00:00,2024-07-17 22:00:00,0,19,8.010709e-05,139,2023-01-01
2024-07-17 23:00:00,2024-07-17 22:00:00,8,-4,7.926324e-05,140,2023-01-01
2024-07-17 23:00:00,2024-07-17 22:00:00,3,-2,7.923434e-05,141,2023-01-01
2024-07-17 23:00:00,2024-07-17 22:00:00,-4,17,7.809829e-05,142,2023-01-01
2024-07-17 23:00:00,2024-07-17 22:00:00,-4,3,7.796342e-05,143,2023-01-01
2024-07-17 23:00:00,2024-07-17 22:00:00,4,-6,7.776921e-05,144,2023-01-01
2024-07-17 23:00:00,2024-07-17 22:00:00,-5,15,7.75298e-05,145,2023-01-01
2024-07-17 23:00:00,2024-07-17 22:00:00,-2,16,7.721704e-05,146,2023-01-01
2024-07-17 23:00:00,2024-07-17 22:00:00,-5,11,7.649506e-05,147,2023-01-01
2024-07-17 23:00:00,2024-07-17 22:00:00,-5,10,7.470852e-05,148,2023-01-01
2024-07-17 23:00:00,2024-07-17 22:00:00,-3,18,7.325318e-05,149,2023-01-01
2024-07-17 23:00:00,2024-07-17 22:00:00,1,8,7.217461e-05,150,2023-01-01
2024-07-17 23:00:00,2024-07-17 22:00:00,-5,9,7.207589e-05,151,2023-01-01
2024-07-17 23:00:00,2024-07-17 22:00:00,-6,15,7.206368e-05,152,2023-01-01
2024-07-17 23:00:00,2024-07-17 22:00:00,-10,8,7.174163e-05,153,2023-01-01
2024-07-17 23:00:00,2024-07-17 22:00:00,10,0,7.135584e-05,154,2023-01-01
2024-07-17 23:00:00,2024-07-17 22:00:00,3,-3,7.129556e-05,155,2023-01-01
2024-07-17 23:00:00,2024-07-17 22:00:00,-1,11,7.089848e-05,156,2023-01-01
2024-07-17 23:00:00,2024-07-17 22:00:00,0,5,7.076055e-05,157,2023-01-01
2024-07-17 23:00:00,2024-07-17 22:00:00,-2,3,6.975218e-05,158,2023-01-01
2024-07-17 23:00:00,2024-07-17 22:00:00,-1,15,6.891014e-05,159,2023-01-01
2024-07-17 23:00:00,2024-07-17 22:00:00,-1,13,6.753863e-05,160,2023-01-01
2024-07-17 23:00:00,2024-07-17 22:00:00,-3,7,6.710509e-05,161,2023-01-01
2024-07-17 23:00:00,2024-07-17 22:00:00,-10,10,6.5986584e-05,162,2023-01-01
2024-07-17 23:00:00,2024-07-17 22:00:00,5,-4,6.5102344e-05,163,2023-01-01
2024-07-17 23:00:00,2024-07-17 22:00:00,0,13,6.466134e-05,164,2023-01-01
2024-07-17 23:00:00,2024-07-17 22:00:00,5,-3,6.410214e-05,165,2023-01-01
2024-07-17 23:00:00,2024-07-17 22:00:00,-4,8,6.366217e-05,166,2023-01-01
2024-07-17 23:00:00,2024-07-17 22:00:00,-9,6,6.2752544e-05,167,2023-01-01
2024-07-17 23:00:00,2024-07-17 22:00:00,-5,4,6.2693805e-05,168,2023-01-01
2024-07-17 23:00:00,2024-07-17 22:00:00,1,5,6.2682535e-05,169,2023-01-01
2024-07-17 23:00:00,2024-07-17 22:00:00,-6,8,6.2407715e-05,170,2023-01-01
2024-07-17 23:00:00,2024-07-17 22:00:00,1,11,6.226963e-05,171,2023-01-01
2024-07-17 23:00:00,2024-07-17 22:00:00,-3,12,5.9550104e-05,172,2023-01-01
2024-07-17 23:00:00,2024-07-17 22:00:00,-4,12,5.8860536e-05,173,2023-01-01
2024-07-17 23:00:00,2024-07-17 22:00:00,-2,9,5.8558184e-05,174,2023-01-01
2024-07-17 23:00:00,2024-07-17 22:00:00,-2,8,5.8437352e-05,175,2023-01-01
2024-07-17 23:00:00,2024-07-17 22:00:00,-8,6,5.8224945e-05,176,2023-01-01
2024-07-17 23:00:00,2024-07-17 22:00:00,0,11,5.803579e-05,177,2023-01-01
2024-07-17 23:00:00,2024-07-17 22:00:00,-3,8,5.678837e-05,178,2023-01-01
2024-07-17 23:00:00,2024-07-17 22:00:00,-2,10,5.623823e-05,179,2023-01-01
2024-07-17 23:00:00,2024-07-17 22:00:00,-3,9,5.423574e-05,180,2023-01-01
2024-07-17 23:00:00,2024-07-17 22:00:00,-1,16,5.1948587e-05,181,2023-01-01
2024-07-17 23:00:00,2024-07-17 22:00:00,-4,5,5.105635e-05,182,2023-01-01
2024-07-17 23:00:00,2024-07-17 22:00:00,-1,7,5.003127e-05,183,2023-01-01
2024-07-17 23:00:00,2024-07-17 22:00:00,-4,4,4.9954906e-05,184,2023-01-01
2024-07-17 23:00:00,2024-07-17 22:00:00,0,9,4.7761307e-05,185,2023-01-01
2024-07-17 23:00:00,2024-07-17 22:00:00,-1,9,4.725542e-05,186,2023-01-01
2024-07-28 22:00:00,2024-07-28 21:00:00,9,1,0.6398402,1,2023-01-01
2024-07-28 22:00:00,2024-07-28 21:00:00,-5,-2,0.028336294,2,2023-01-01
2024-07-28 22:00:00,2024-07-28 21:00:00,-12,-5,0.021734342,3,2023-01-01
2024-07-28 22:00:00,2024-07-28 21:00:00,1,0,0.019543206,4,2023-01-01
2024-07-28 22:00:00,2024-07-28 21:00:00,-1,0,0.018570235,5,2023-01-01
2024-07-28 22:00:00,2024-07-28 21:00:00,0,-1,0.017312571,6,2023-01-01
2024-07-28 22:00:00,2024-07-28 21:00:00,0,0,0.011463869,7,2023-01-01
2024-07-28 22:00:00,2024-07-28 21:00:00,-2,-3,0.010181109,8,2023-01-01
2024-07-28 22:00:00,2024-07-28 21:00:00,-4,-2,0.0075833746,9,2023-01-01
2024-07-28 22:00:00,2024-07-28 21:00:00,1,-1,0.0075249313,10,2023-01-01
2024-07-28 22:00:00,2024-07-28 21:00:00,-3,-4,0.0068786186,11,2023-01-01
2024-07-28 22:00:00,2024-07-28 21:00:00,-11,-5,0.006658723,12,2023-01-01
2024-07-28 22:00:00,2024-07-28 21:00:00,-2,-2,0.0064026355,13,2023-01-01
2024-07-28 22:00:00,2024-07-28 21:00:00,-1,-1,0.0056965738,14,2023-01-01
2024-07-28 22:00:00,2024-07-28 21:00:00,6,-3,0.005654751,15,2023-01-01
2024-07-28 22:00:00,2024-07-28 21:00:00,0,-2,0.0054091862,16,2023-01-01
2024-07-28 22:00:00,2024-07-28 21:00:00,-2,-1,0.00484782,17,2023-01-01
2024-07-28 22:00:00,2024-07-28 21:00:00,-2,-4,0.0039538667,18,2023-01-01
2024-07-28 22:00:00,2024-07-28 21:00:00,10,3,0.0039465856,19,2023-01-01
2024-07-28 22:00:00,2024-07-28 21:00:00,-4,-3,0.0034636182,20,2023-01-01
2024-07-28 22:00:00,2024-07-28 21:00:00,-2,0,0.0033905997,21,2023-01-01
2024-07-28 22:00:00,2024-07-28 21:00:00,6,-4,0.0032130005,22,2023-01-01
2024-07-28 22:00:00,2024-07-28 21:00:00,-5,-1,0.0030179431,23,2023-01-01
2024-07-28 22:00:00,2024-07-28 21:00:00,-3,-3,0.0025768096,24,2023-01-01
2024-07-28 22:00:00,2024-07-28 21:00:00,0,8,0.0024131136,25,2023-01-01
2024-07-28 22:00:00,2024-07-28 21:00:00,5,-2,0.0012788377,26,2023-01-01
2024-07-28 22:00:00,2024-07-28 21:00:00,7,4,0.0011282138,27,2023-01-01
2024-07-28 22:00:00,2024-07-28 21:00:00,0,12,0.0011186595,28,2023-01-01
2024-07-28 22:00:00,2024-07-28 21:00:00,0,17,0.00077031343,29,2023-01-01
2024-07-28 22:00:00,2024-07-28 21:00:00,2,-1,0.0007563716,30,2023-01-01
2024-07-28 22:00:00,2024-07-28 21:00:00,2,1,0.0007527732,31,2023-01-01
2024-07-28 22:00:00,2024-07-28 21:00:00,3,1,0.00054534787,32,2023-01-01
2024-07-28 22:00:00,2024-07-28 21:00:00,4,-1,0.00050061784,33,2023-01-01
2024-07-28 22:00:00,2024-07-28 21:00:00,7,-5,0.0004673335,34,2023-01-01
2024-07-28 22:00:00,2024-07-28 21:00:00,-5,-3,0.00043230504,35,2023-01-01
2024-07-28 22:00:00,2024-07-28 21:00:00,-3,-1,0.00039254353,36,2023-01-01
2024-07-28 22:00:00,2024-07-28 21:00:00,-10,10,0.00038203204,37,2023-01-01
2024-07-28 22:00:00,2024-07-28 21:00:00,-3,11,0.0003758373,38,2023-01-01
2024-07-28 22:00:00,2024-07-28 21:00:00,-3,0,0.00035643336,39,2023-01-01
2024-07-28 22:00:00,2024-07-28 21:00:00,-4,0,0.00034453382,40,2023-01-01
2024-07-28 22:00:00,2024-07-28 21:00:00,-1,-3,0.00031770134,41,2023-01-01
2024-07-28 22:00:00,2024-07-28 21:00:00,-7,1,0.00029654164,42,2023-01-01
2024-07-28 22:00:00,2024-07-28 21:00:00,-1,8,0.00028977767,43,2023-01-01
2024-07-28 22:00:00,2024-07-28 21:00:00,9,2,0.00027918923,44,2023-01-01
2024-07-28 22:00:00,2024-07-28 21:00:00,-4,-1,0.0002784895,45,2023-01-01
2024-07-28 22:00:00,2024-07-28 21:00:00,3,0,0.00026401132,46,2023-01-01
2024-07-28 22:00:00,2024-07-28 21:00:00,1,6,0.0002637461,47,2023-01-01
2024-07-28 22:00:00,2024-07-28 21:00:00,-1,6,0.0002530193,48,2023-01-01
2024-07-28 22:00:00,2024-07-28 21:00:00,-1,1,0.00024577903,49,2023-01-01
2024-07-28 22:00:00,2024-07-28 21:00:00,7,-4,0.00023181166,50,2023-01-01
2024-07-28 22:00:00,2024-07-28 21:00:00,-9,-5,0.00021323546,51,2023-01-01
2024-07-28 22:00:00,2024-07-28 21:00:00,0,18,0.00020119706,52,2023-01-01
2024-07-28 22:00:00,2024-07-28 21:00:00,1,-7,0.00020005123,53,2023-01-01
2024-07-28 22:00:00,2024-07-28 21:00:00,2,-7,0.00020005123,54,2023-01-01
2024-07-28 22:00:00,2024-07-28 21:00:00,-3,13,0.00019002332,55,2023-01-01
2024-07-28 22:00:00,2024-07-28 21:00:00,-9,-1,0.00018139377,56,2023-01-01
2024-07-28 22:00:00,2024-07-28 21:00:00,1,9,0.0001752061,57,2023-01-01
2024-07-28 22:00:00,2024-07-28 21:00:00,6,11,0.00016901204,58,2023-01-01
2024-07-28 22:00:00,2024-07-28 21:00:00,10,-1,0.0001672699,59,2023-01-01
2024-07-28 22:00:00,2024-07-28 21:00:00,7,11,0.00016547406,60,2023-01-01
2024-07-28 22:00:00,2024-07-28 21:00:00,8,-1,0.00016326243,61,2023-01-01
2024-07-28 22:00:00,2024-07-28 21:00:00,9,3,0.00015988319,62,2023-01-01
2024-07-28 22:00:00,2024-07-28 21:00:00,10,0,0.000155773,63,2023-01-01
2024-07-28 22:00:00,2024-07-28 21:00:00,-4,-4,0.00015551283,64,2023-01-01
2024-07-28 22:00:00,2024-07-28 21:00:00,-5,-4,0.000152239,65,2023-01-01
2024-07-28 22:00:00,2024-07-28 21:00:00,8,1,0.00014851276,66,2023-01-01
2024-07-28 22:00:00,2024-07-28 21:00:00,1,-2,0.00014718506,67,2023-01-01
2024-07-28 22:00:00,2024-07-28 21:00:00,9,0,0.00014506065,68,2023-01-01
2024-07-28 22:00:00,2024-07-28 21:00:00,-1,18,0.00014493242,69,2023-01-01
2024-07-28 22:00:00,2024-07-28 21:00:00,-6,4,0.0001441826,70,2023-01-01
2024-07-28 22:00:00,2024-07-28 21:00:00,-7,-1,0.00014406227,71,2023-01-01
2024-07-28 22:00:00,2024-07-28 21:00:00,10,5,0.00014401787,72,2023-01-01
2024-07-28 22:00:00,2024-07-28 21:00:00,0,-6,0.00014342273,73,2023-01-01
2024-07-28 22:00:00,2024-07-28 21:00:00,-11,-6,0.00013809031,74,2023-01-01
2024-07-28 22:00:00,2024-07-28 21:00:00,-9,-4,0.00013484743,75,2023-01-01
2024-07-28 22:00:00,2024-07-28 21:00:00,6,5,0.00013384405,76,2023-01-01
2024-07-28 22:00:00,2024-07-28 21:00:00,2,-6,0.00012905906,77,2023-01-01
2024-07-28 22:00:00,2024-07-28 21:00:00,6,6,0.00012612937,78,2023-01-01
2024-07-28 22:00:00,2024-07-28 21:00:00,2,20,0.00012522748,79,2023-01-01
2024-07-28 22:00:00,2024-07-28 21:00:00,1,19,0.00012447483,80,2023-01-01
2024-07-28 22:00:00,2024-07-28 21:00:00,1,20,0.00012296117,81,2023-01-01
2024-07-28 22:00:00,2024-07-28 21:00:00,-10,-4,0.000121261946,82,2023-01-01
2024-07-28 22:00:00,2024-07-28 21:00:00,-1,5,0.00011604967,83,2023-01-01
2024-07-28 22:00:00,2024-07-28 21:00:00,3,17,0.000112922084,84,2023-01-01
2024-07-28 22:00:00,2024-07-28 21:00:00,-3,1,0.00011285151,85,2023-01-01
2024-07-28 22:00:00,2024-07-28 21:00:00,2,7,0.00011099755,86,2023-01-01
2024-07-28 22:00:00,2024-07-28 21:00:00,4,-4,0.00011055867,87,2023-01-01
2024-07-28 22:00:00,2024-07-28 21:00:00,-1,11,0.00010877512,88,2023-01-01
2024-07-28 22:00:00,2024-07-28 21:00:00,-2,-5,0.00010868584,89,2023-01-01
2024-07-28 22:00:00,2024-07-28 21:00:00,2,8,0.00010816244,90,2023-01-01
2024-07-28 22:00:00,2024-07-28 21:00:00,-2,15,0.000107284985,91,2023-01-01
2024-07-28 22:00:00,2024-07-28 21:00:00,-6,-3,0.00010629581,92,2023-01-01
2024-07-28 22:00:00,2024-07-28 21:00:00,1,8,0.00010620296,93,2023-01-01
2024-07-28 22:00:00,2024-07-28 21:00:00,0,13,0.000104766455,94,2023-01-01
2024-07-28 22:00:00,2024-07-28 21:00:00,0,14,0.000104766455,95,2023-01-01
2024-07-28 22:00:00,2024-07-28 21:00:00,0,11,0.0001043435,96,2023-01-01
2024-07-28 22:00:00,2024-07-28 21:00:00,8,0,0.000103896426,97,2023-01-01
2024-07-28 22:00:00,2024-07-28 21:00:00,-1,13,0.0001035727,98,2023-01-01
2024-07-28 22:00:00,2024-07-28 21:00:00,0,9,0.00010321277,99,2023-01-01
2024-07-28 22:00:00,2024-07-28 21:00:00,7,1,0.00010293608,100,2023-01-01
2024-07-28 22:00:00,2024-07-28 21:00:00,-4,19,0.00010232034,101,2023-01-01
2024-07-28 22:00:00,2024-07-28 21:00:00,-10,-3,0.000102236205,102,2023-01-01
2024-07-28 22:00:00,2024-07-28 21:00:00,2,9,0.000100758974,103,2023-01-01
2024-07-28 22:00:00,2024-07-28 21:00:00,-5,-5,9.964619e-05,104,2023-01-01
2024-07-28 22:00:00,2024-07-28 21:00:00,-1,15,9.929887e-05,105,2023-01-01
2024-07-28 22:00:00,2024-07-28 21:00:00,1,11,9.853282e-05,106,2023-01-01
2024-07-28 22:00:00,2024-07-28 21:00:00,-2,13,9.794231e-05,107,2023-01-01
2024-07-28 22:00:00,2024-07-28 21:00:00,-1,-4,9.675671e-05,108,2023-01-01
2024-07-28 22:00:00,2024-07-28 21:00:00,0,-5,9.629252e-05,109,2023-01-01
2024-07-28 22:00:00,2024-07-28 21:00:00,0,19,9.503503e-05,110,2023-01-01
2024-07-28 22:00:00,2024-07-28 21:00:00,6,3,9.322356e-05,111,2023-01-01
2024-07-28 22:00:00,2024-07-28 21:00:00,4,14,9.2597555e-05,112,2023-01-01
2024-07-28 22:00:00,2024-07-28 21:00:00,5,3,9.1185466e-05,113,2023-01-01
2024-07-28 22:00:00,2024-07-28 21:00:00,0,-3,8.890664e-05,114,2023-01-01
2024-07-28 22:00:00,2024-07-28 21:00:00,1,-5,8.882442e-05,115,2023-01-01
2024-07-28 22:00:00,2024-07-28 21:00:00,-1,-6,8.790148e-05,116,2023-01-01
2024-07-28 22:00:00,2024-07-28 21:00:00,-4,-5,8.609774e-05,117,2023-01-01
2024-07-28 22:00:00,2024-07-28 21:00:00,-5,15,8.585913e-05,118,2023-01-01
2024-07-28 22:00:00,2024-07-28 21:00:00,-4,17,8.584388e-05,119,2023-01-01
2024-07-28 22:00:00,2024-07-28 21:00:00,-4,10,8.5323416e-05,120,2023-01-01
2024-07-28 22:00:00,2024-07-28 21:00:00,-6,-2,8.5207e-05,121,2023-01-01
2024-07-28 22:00:00,2024-07-28 21:00:00,1,-3,8.515508e-05,122,2023-01-01
2024-07-28 22:00:00,2024-07-28 21:00:00,-3,18,8.49837e-05,123,2023-01-01
2024-07-28 22:00:00,2024-07-28 21:00:00,9,-2,8.289039e-05,124,2023-01-01
2024-07-28 22:00:00,2024-07-28 21:00:00,-2,16,8.090949e-05,125,2023-01-01
2024-07-28 22:00:00,2024-07-28 21:00:00,-1,-2,7.772436e-05,126,2023-01-01
2024-07-28 22:00:00,2024-07-28 21:00:00,-1,-7,7.5719e-05,127,2023-01-01
2024-07-28 22:00:00,2024-07-28 21:00:00,-3,15,7.5622396e-05,128,2023-01-01
2024-07-28 22:00:00,2024-07-28 21:00:00,5,2,7.555962e-05,129,2023-01-01
2024-07-28 22:00:00,2024-07-28 21:00:00,3,-3,7.5225085e-05,130,2023-01-01
2024-07-28 22:00:00,2024-07-28 21:00:00,7,-1,7.505456e-05,131,2023-01-01
2024-07-28 22:00:00,2024-07-28 21:00:00,2,-3,7.503496e-05,132,2023-01-01
2024-07-28 22:00:00,2024-07-28 21:00:00,-3,-2,7.485236e-05,133,2023-01-01
2024-07-28 22:00:00,2024-07-28 21:00:00,-4,4,7.4103446e-05,134,2023-01-01
2024-07-28 22:00:00,2024-07-28 21:00:00,-5,10,7.389458e-05,135,2023-01-01
2024-07-28 22:00:00,2024-07-28 21:00:00,-2,10,7.348083e-05,136,2023-01-01
2024-07-28 22:00:00,2024-07-28 21:00:00,1,2,7.298531e-05,137,2023-01-01
2024-07-28 22:00:00,2024-07-28 21:00:00,-5,2,7.294214e-05,138,2023-01-01
2024-07-28 22:00:00,2024-07-28 21:00:00,2,0,7.2718634e-05,139,2023-01-01
2024-07-28 22:00:00,2024-07-28 21:00:00,-2,11,7.247046e-05,140,2023-01-01
2024-07-28 22:00:00,2024-07-28 21:00:00,1,1,7.176066e-05,141,2023-01-01
2024-07-28 22:00:00,2024-07-28 21:00:00,-5,1,7.1752576e-05,142,2023-01-01
2024-07-28 22:00:00,2024-07-28 21:00:00,-5,4,7.163759e-05,143,2023-01-01
2024-07-28 22:00:00,2024-07-28 21:00:00,-2,9,7.1552204e-05,144,2023-01-01
2024-07-28 22:00:00,2024-07-28 21:00:00,-5,9,7.11682e-05,145,2023-01-01
2024-07-28 22:00:00,2024-07-28 21:00:00,3,-2,7.095576e-05,146,2023-01-01
2024-07-28 22:00:00,2024-07-28 21:00:00,4,1,7.013467e-05,147,2023-01-01
2024-07-28 22:00:00,2024-07-28 21:00:00,1,5,6.993204e-05,148,2023-01-01
2024-07-28 22:00:00,2024-07-28 21:00:00,-4,8,6.922597e-05,149,2023-01-01
2024-07-28 22:00:00,2024-07-28 21:00:00,2,-2,6.8852816e-05,150,2023-01-01
2024-07-28 22:00:00,2024-07-28 21:00:00,-9,0,6.8501475e-05,151,2023-01-01
2024-07-28 22:00:00,2024-07-28 21:00:00,-3,12,6.838042e-05,152,2023-01-01
2024-07-28 22:00:00,2024-07-28 21:00:00,-5,0,6.786301e-05,153,2023-01-01
2024-07-28 22:00:00,2024-07-28 21:00:00,4,-6,6.77062e-05,154,2023-01-01
2024-07-28 22:00:00,2024-07-28 21:00:00,-5,11,6.690953e-05,155,2023-01-01
2024-07-28 22:00:00,2024-07-28 21:00:00,-3,9,6.635256e-05,156,2023-01-01
2024-07-28 22:00:00,2024-07-28 21:00:00,-1,16,6.501424e-05,157,2023-01-01
2024-07-28 22:00:00,2024-07-28 21:00:00,-4,3,6.47389e-05,158,2023-01-01
2024-07-28 22:00:00,2024-07-28 21:00:00,8,-3,6.45175e-05,159,2023-01-01
2024-07-28 22:00:00,2024-07-28 21:00:00,-2,8,6.4051965e-05,160,2023-01-01
2024-07-28 22:00:00,2024-07-28 21:00:00,-3,8,6.359278e-05,161,2023-01-01
2024-07-28 22:00:00,2024-07-28 21:00:00,3,-1,6.334265e-05,162,2023-01-01
2024-07-28 22:00:00,2024-07-28 21:00:00,-3,14,6.320963e-05,163,2023-01-01
2024-07-28 22:00:00,2024-07-28 21:00:00,-6,15,6.244573e-05,164,2023-01-01
2024-07-28 22:00:00,2024-07-28 21:00:00,-1,7,6.2411076e-05,165,2023-01-01
2024-07-28 22:00:00,2024-07-28 21:00:00,-6,1,6.1907835e-05,166,2023-01-01
2024-07-28 22:00:00,2024-07-28 21:00:00,0,5,6.1614955e-05,167,2023-01-01
2024-07-28 22:00:00,2024-07-28 21:00:00,-1,9,6.15235e-05,168,2023-01-01
2024-07-28 22:00:00,2024-07-28 21:00:00,-4,12,6.058335e-05,169,2023-01-01
2024-07-28 22:00:00,2024-07-28 21:00:00,-3,7,6.0102466e-05,170,2023-01-01
2024-07-28 22:00:00,2024-07-28 21:00:00,-4,5,5.987406e-05,171,2023-01-01
2024-07-28 22:00:00,2024-07-28 21:00:00,-4,2,5.8438716e-05,172,2023-01-01
2024-07-28 22:00:00,2024-07-28 21:00:00,0,1,5.6887297e-05,173,2023-01-01
2024-07-28 22:00:00,2024-07-28 21:00:00,5,-1,5.6452187e-05,174,2023-01-01
2024-07-28 22:00:00,2024-07-28 21:00:00,-2,1,5.598897e-05,175,2023-01-01
2024-07-28 22:00:00,2024-07-28 21:00:00,-6,8,5.578173e-05,176,2023-01-01
2024-07-28 22:00:00,2024-07-28 21:00:00,-1,3,5.5684675e-05,177,2023-01-01
2024-07-28 22:00:00,2024-07-28 21:00:00,-3,2,5.4320655e-05,178,2023-01-01
2024-07-28 22:00:00,2024-07-28 21:00:00,8,-4,5.3998083e-05,179,2023-01-01
2024-07-28 22:00:00,2024-07-28 21:00:00,-1,2,5.2853997e-05,180,2023-01-01
2024-07-28 22:00:00,2024-07-28 21:00:00,-8,6,5.2236308e-05,181,2023-01-01
2024-07-28 22:00:00,2024-07-28 21:00:00,-9,6,5.1978717e-05,182,2023-01-01
2024-07-28 22:00:00,2024-07-28 21:00:00,5,-3,5.1314506e-05,183,2023-01-01
2024-07-28 22:00:00,2024-07-28 21:00:00,-2,3,5.0991726e-05,184,2023-01-01
2024-07-28 22:00:00,2024-07-28 21:00:00,5,-4,4.73355e-05,185,2023-01-01
2024-07-28 22:00:00,2024-07-28 21:00:00,-10,8,4.6677436e-05,186,2023-01-01
2024-07-28 23:00:00,2024-07-28 22:00:00,9,1,0.7478253,1,2023-01-01
2024-07-28 23:00:00,2024-07-28 22:00:00,-1,0,0.18650196,2,2023-01-01
2024-07-28 23:00:00,2024-07-28 22:00:00,0,-1,0.17087026,3,2023-01-01
2024-07-28 23:00:00,2024-07-28 22:00:00,-5,-2,0.1340303,4,2023-01-01
2024-07-28 23:00:00,2024-07-28 22:00:00,0,0,0.11364756,5,2023-01-01
2024-07-28 23:00:00,2024-07-28 22:00:00,1,0,0.11254385,6,2023-01-01
2024-07-28 23:00:00,2024-07-28 22:00:00,-2,-3,0.10633424,7,2023-01-01
2024-07-28 23:00:00,2024-07-28 22:00:00,-12,-5,0.097037114,8,2023-01-01
2024-07-28 23:00:00,2024-07-28 22:00:00,-3,-4,0.06518543,9,2023-01-01
2024-07-28 23:00:00,2024-07-28 22:00:00,-2,-2,0.06144512,10,2023-01-01
2024-07-28 23:00:00,2024-07-28 22:00:00,-4,-2,0.055783495,11,2023-01-01
2024-07-28 23:00:00,2024-07-28 22:00:00,-1,-1,0.054697108,12,2023-01-01
2024-07-28 23:00:00,2024-07-28 22:00:00,1,-1,0.044715684,13,2023-01-01
2024-07-28 23:00:00,2024-07-28 22:00:00,-2,-1,0.04134659,14,2023-01-01
2024-07-28 23:00:00,2024-07-28 22:00:00,6,-3,0.03641163,15,2023-01-01
2024-07-28 23:00:00,2024-07-28 22:00:00,0,-2,0.035819765,16,2023-01-01
2024-07-28 23:00:00,2024-07-28 22:00:00,-2,-4,0.028432176,17,2023-01-01
2024-07-28 23:00:00,2024-07-28 22:00:00,-11,-5,0.023706144,18,2023-01-01
2024-07-28 23:00:00,2024-07-28 22:00:00,-2,0,0.022032969,19,2023-01-01
2024-07-28 23:00:00,2024-07-28 22:00:00,-5,-1,0.019902818,20,2023-01-01
2024-07-28 23:00:00,2024-07-28 22:00:00,-4,-3,0.019656753,21,2023-01-01
2024-07-28 23:00:00,2024-07-28 22:00:00,-3,-3,0.01793915,22,2023-01-01
2024-07-28 23:00:00,2024-07-28 22:00:00,6,-4,0.016016204,23,2023-01-01
2024-07-28 23:00:00,2024-07-28 22:00:00,10,3,0.00953053,24,2023-01-01
2024-07-28 23:00:00,2024-07-28 22:00:00,0,8,0.009057098,25,2023-01-01
2024-07-28 23:00:00,2024-07-28 22:00:00,5,-2,0.005880967,26,2023-01-01
2024-07-28 23:00:00,2024-07-28 22:00:00,-10,10,0.002481931,27,2023-01-01
2024-07-28 23:00:00,2024-07-28 22:00:00,2,-1,0.002299357,28,2023-01-01
2024-07-28 23:00:00,2024-07-28 22:00:00,0,12,0.002130437,29,2023-01-01
2024-07-28 23:00:00,2024-07-28 22:00:00,7,4,0.0018360908,30,2023-01-01
2024-07-28 23:00:00,2024-07-28 22:00:00,0,17,0.0015151299,31,2023-01-01
2024-07-28 23:00:00,2024-07-28 22:00:00,4,-1,0.0013516648,32,2023-01-01
2024-07-28 23:00:00,2024-07-28 22:00:00,-7,1,0.0012102267,33,2023-01-01
2024-07-28 23:00:00,2024-07-28 22:00:00,7,-5,0.0011496792,34,2023-01-01
2024-07-28 23:00:00,2024-07-28 22:00:00,-5,-3,0.0009842826,35,2023-01-01
2024-07-28 23:00:00,2024-07-28 22:00:00,-3,0,0.0009496908,36,2023-01-01
2024-07-28 23:00:00,2024-07-28 22:00:00,-1,-3,0.0009339897,37,2023-01-01
2024-07-28 23:00:00,2024-07-28 22:00:00,2,1,0.00089834485,38,2023-01-01
2024-07-28 23:00:00,2024-07-28 22:00:00,-4,-1,0.0008555458,39,2023-01-01
2024-07-28 23:00:00,2024-07-28 22:00:00,3,1,0.000827288,40,2023-01-01
2024-07-28 23:00:00,2024-07-28 22:00:00,-4,0,0.000798579,41,2023-01-01
2024-07-28 23:00:00,2024-07-28 22:00:00,-1,1,0.00078891433,42,2023-01-01
2024-07-28 23:00:00,2024-07-28 22:00:00,-3,-1,0.00071885646,43,2023-01-01
2024-07-28 23:00:00,2024-07-28 22:00:00,1,6,0.000683079,44,2023-01-01
2024-07-28 23:00:00,2024-07-28 22:00:00,7,-4,0.00068015914,45,2023-01-01
2024-07-28 23:00:00,2024-07-28 22:00:00,-1,8,0.00062783546,46,2023-01-01
2024-07-28 23:00:00,2024-07-28 22:00:00,-3,1,0.00061058643,47,2023-01-01
2024-07-28 23:00:00,2024-07-28 22:00:00,-3,13,0.0005890099,48,2023-01-01
2024-07-28 23:00:00,2024-07-28 22:00:00,-1,6,0.00056776626,49,2023-01-01
2024-07-28 23:00:00,2024-07-28 22:00:00,3,0,0.00047313343,50,2023-01-01
2024-07-28 23:00:00,2024-07-28 22:00:00,9,2,0.00046189677,51,2023-01-01
2024-07-28 23:00:00,2024-07-28 22:00:00,-3,11,0.00043540343,52,2023-01-01
2024-07-28 23:00:00,2024-07-28 22:00:00,-5,-4,0.00043209302,53,2023-01-01
2024-07-28 23:00:00,2024-07-28 22:00:00,-4,-4,0.00041027495,54,2023-01-01
2024-07-28 23:00:00,2024-07-28 22:00:00,1,9,0.000391949,55,2023-01-01
2024-07-28 23:00:00,2024-07-28 22:00:00,-4,10,0.00038654412,56,2023-01-01
2024-07-28 23:00:00,2024-07-28 22:00:00,1,-2,0.0003853958,57,2023-01-01
2024-07-28 23:00:00,2024-07-28 22:00:00,-1,5,0.00035888047,58,2023-01-01
2024-07-28 23:00:00,2024-07-28 22:00:00,-6,4,0.00032329862,59,2023-01-01
2024-07-28 23:00:00,2024-07-28 22:00:00,4,-4,0.00029781918,60,2023-01-01
2024-07-28 23:00:00,2024-07-28 22:00:00,10,-1,0.0002945012,61,2023-01-01
2024-07-28 23:00:00,2024-07-28 22:00:00,8,-1,0.00026826764,62,2023-01-01
2024-07-28 23:00:00,2024-07-28 22:00:00,-9,-1,0.0002585835,63,2023-01-01
2024-07-28 23:00:00,2024-07-28 22:00:00,-10,8,0.00023608455,64,2023-01-01
2024-07-28 23:00:00,2024-07-28 22:00:00,10,5,0.00022962107,65,2023-01-01
2024-07-28 23:00:00,2024-07-28 22:00:00,-9,-5,0.00022908692,66,2023-01-01
2024-07-28 23:00:00,2024-07-28 22:00:00,-7,-1,0.0002286556,67,2023-01-01
2024-07-28 23:00:00,2024-07-28 22:00:00,-5,2,0.00021514353,68,2023-01-01
2024-07-28 23:00:00,2024-07-28 22:00:00,-1,18,0.00021414591,69,2023-01-01
2024-07-28 23:00:00,2024-07-28 22:00:00,0,18,0.00021358563,70,2023-01-01
2024-07-28 23:00:00,2024-07-28 22:00:00,-6,-3,0.00020684105,71,2023-01-01
2024-07-28 23:00:00,2024-07-28 22:00:00,-2,15,0.00020666327,72,2023-01-01
2024-07-28 23:00:00,2024-07-28 22:00:00,-4,2,0.00020584557,73,2023-01-01
2024-07-28 23:00:00,2024-07-28 22:00:00,-2,1,0.00020583357,74,2023-01-01
2024-07-28 23:00:00,2024-07-28 22:00:00,-2,13,0.00020400749,75,2023-01-01
2024-07-28 23:00:00,2024-07-28 22:00:00,0,-3,0.00020338294,76,2023-01-01
2024-07-28 23:00:00,2024-07-28 22:00:00,-1,-2,0.00020285323,77,2023-01-01
2024-07-28 23:00:00,2024-07-28 22:00:00,-2,-5,0.00020224774,78,2023-01-01
2024-07-28 23:00:00,2024-07-28 22:00:00,-6,-2,0.00020143711,79,2023-01-01
2024-07-28 23:00:00,2024-07-28 22:00:00,-1,-4,0.00019972744,80,2023-01-01
2024-07-28 23:00:00,2024-07-28 22:00:00,-3,2,0.00019947841,81,2023-01-01
2024-07-28 23:00:00,2024-07-28 22:00:00,0,-5,0.00019869897,82,2023-01-01
2024-07-28 23:00:00,2024-07-28 22:00:00,1,-3,0.00019841576,83,2023-01-01
2024-07-28 23:00:00,2024-07-28 22:00:00,6,6,0.00019805715,84,2023-01-01
2024-07-28 23:00:00,2024-07-28 22:00:00,6,5,0.00019663655,85,2023-01-01
2024-07-28 23:00:00,2024-07-28 22:00:00,-1,2,0.00019659523,86,2023-01-01
2024-07-28 23:00:00,2024-07-28 22:00:00,-5,1,0.00019021855,87,2023-01-01
2024-07-28 23:00:00,2024-07-28 22:00:00,-6,1,0.00018987402,88,2023-01-01
2024-07-28 23:00:00,2024-07-28 22:00:00,-9,6,0.00018890371,89,2023-01-01
2024-07-28 23:00:00,2024-07-28 22:00:00,-4,-5,0.00018781703,90,2023-01-01
2024-07-28 23:00:00,2024-07-28 22:00:00,1,-5,0.00018623837,91,2023-01-01
2024-07-28 23:00:00,2024-07-28 22:00:00,1,1,0.00018591409,92,2023-01-01
2024-07-28 23:00:00,2024-07-28 22:00:00,-10,-4,0.00017794357,93,2023-01-01
2024-07-28 23:00:00,2024-07-28 22:00:00,1,2,0.00017719991,94,2023-01-01
2024-07-28 23:00:00,2024-07-28 22:00:00,0,1,0.00017716888,95,2023-01-01
2024-07-28 23:00:00,2024-07-28 22:00:00,-4,3,0.00017649836,96,2023-01-01
2024-07-28 23:00:00,2024-07-28 22:00:00,-10,-3,0.0001747826,97,2023-01-01
2024-07-28 23:00:00,2024-07-28 22:00:00,-1,3,0.00017402745,98,2023-01-01
2024-07-28 23:00:00,2024-07-28 22:00:00,-6,8,0.00017334176,99,2023-01-01
2024-07-28 23:00:00,2024-07-28 22:00:00,-2,3,0.00017331332,100,2023-01-01
2024-07-28 23:00:00,2024-07-28 22:00:00,-5,0,0.00017323914,101,2023-01-01
2024-07-28 23:00:00,2024-07-28 22:00:00,-5,4,0.00017221726,102,2023-01-01
2024-07-28 23:00:00,2024-07-28 22:00:00,-3,-2,0.0001705757,103,2023-01-01
2024-07-28 23:00:00,2024-07-28 22:00:00,-8,6,0.00017032283,104,2023-01-01
2024-07-28 23:00:00,2024-07-28 22:00:00,2,-6,0.00016837755,105,2023-01-01
2024-07-28 23:00:00,2024-07-28 22:00:00,6,11,0.00016691677,106,2023-01-01
2024-07-28 23:00:00,2024-07-28 22:00:00,7,11,0.00016667072,107,2023-01-01
2024-07-28 23:00:00,2024-07-28 22:00:00,2,-3,0.0001659803,108,2023-01-01
2024-07-28 23:00:00,2024-07-28 22:00:00,4,-6,0.00016469027,109,2023-01-01
2024-07-28 23:00:00,2024-07-28 22:00:00,2,0,0.00016352843,110,2023-01-01
2024-07-28 23:00:00,2024-07-28 22:00:00,-1,-6,0.00016328676,111,2023-01-01
2024-07-28 23:00:00,2024-07-28 22:00:00,9,3,0.00016208495,112,2023-01-01
2024-07-28 23:00:00,2024-07-28 22:00:00,-4,4,0.0001603161,113,2023-01-01
2024-07-28 23:00:00,2024-07-28 22:00:00,-5,-5,0.00016019262,114,2023-01-01
2024-07-28 23:00:00,2024-07-28 22:00:00,-5,10,0.00015930667,115,2023-01-01
2024-07-28 23:00:00,2024-07-28 22:00:00,3,-3,0.00015899079,116,2023-01-01
2024-07-28 23:00:00,2024-07-28 22:00:00,-5,9,0.00015881733,117,2023-01-01
2024-07-28 23:00:00,2024-07-28 22:00:00,10,0,0.00015867474,118,2023-01-01
2024-07-28 23:00:00,2024-07-28 22:00:00,2,-2,0.00015856336,119,2023-01-01
2024-07-28 23:00:00,2024-07-28 22:00:00,8,-4,0.00015798323,120,2023-01-01
2024-07-28 23:00:00,2024-07-28 22:00:00,-5,11,0.0001577103,121,2023-01-01
2024-07-28 23:00:00,2024-07-28 22:00:00,8,1,0.00015710304,122,2023-01-01
2024-07-28 23:00:00,2024-07-28 22:00:00,9,-2,0.0001544708,123,2023-01-01
2024-07-28 23:00:00,2024-07-28 22:00:00,5,3,0.0001525245,124,2023-01-01
2024-07-28 23:00:00,2024-07-28 22:00:00,2,7,0.0001490685,125,2023-01-01
2024-07-28 23:00:00,2024-07-28 22:00:00,9,0,0.00014904757,126,2023-01-01
2024-07-28 23:00:00,2024-07-28 22:00:00,7,-1,0.000148869,127,2023-01-01
2024-07-28 23:00:00,2024-07-28 22:00:00,2,8,0.000148487,128,2023-01-01
2024-07-28 23:00:00,2024-07-28 22:00:00,6,3,0.00014731387,129,2023-01-01
2024-07-28 23:00:00,2024-07-28 22:00:00,8,0,0.00014726783,130,2023-01-01
2024-07-28 23:00:00,2024-07-28 22:00:00,5,-3,0.00014674493,131,2023-01-01
2024-07-28 23:00:00,2024-07-28 22:00:00,8,-3,0.00014655924,132,2023-01-01
2024-07-28 23:00:00,2024-07-28 22:00:00,5,-4,0.00014508633,133,2023-01-01
2024-07-28 23:00:00,2024-07-28 22:00:00,-4,8,0.00014203928,134,2023-01-01
2024-07-28 23:00:00,2024-07-28 22:00:00,-4,19,0.00014193474,135,2023-01-01
2024-07-28 23:00:00,2024-07-28 22:00:00,1,8,0.00014096516,136,2023-01-01
2024-07-28 23:00:00,2024-07-28 22:00:00,3,17,0.00013982072,137,2023-01-01
2024-07-28 23:00:00,2024-07-28 22:00:00,2,20,0.00013840273,138,2023-01-01
2024-07-28 23:00:00,2024-07-28 22:00:00,-4,12,0.00013828342,139,2023-01-01
2024-07-28 23:00:00,2024-07-28 22:00:00,3,-2,0.0001373427,140,2023-01-01
2024-07-28 23:00:00,2024-07-28 22:00:00,-9,-4,0.00013514048,141,2023-01-01
2024-07-28 23:00:00,2024-07-28 22:00:00,4,14,0.00013497808,142,2023-01-01
2024-07-28 23:00:00,2024-07-28 22:00:00,-2,8,0.00013365177,143,2023-01-01
2024-07-28 23:00:00,2024-07-28 22:00:00,2,9,0.00013311686,144,2023-01-01
2024-07-28 23:00:00,2024-07-28 22:00:00,1,5,0.00013266782,145,2023-01-01
2024-07-28 23:00:00,2024-07-28 22:00:00,-3,7,0.00013247451,146,2023-01-01
2024-07-28 23:00:00,2024-07-28 22:00:00,0,-6,0.0001323436,147,2023-01-01
2024-07-28 23:00:00,2024-07-28 22:00:00,-1,7,0.00013160176,148,2023-01-01
2024-07-28 23:00:00,2024-07-28 22:00:00,-1,-7,0.00013123387,149,2023-01-01
2024-07-28 23:00:00,2024-07-28 22:00:00,-4,5,0.00013109675,150,2023-01-01
2024-07-28 23:00:00,2024-07-28 22:00:00,2,-7,0.00013105113,151,2023-01-01
2024-07-28 23:00:00,2024-07-28 22:00:00,0,5,0.00013060261,152,2023-01-01
2024-07-28 23:00:00,2024-07-28 22:00:00,5,-1,0.00013046997,153,2023-01-01
2024-07-28 23:00:00,2024-07-28 22:00:00,1,20,0.00013012833,154,2023-01-01
2024-07-28 23:00:00,2024-07-28 22:00:00,3,-1,0.0001300974,155,2023-01-01
2024-07-28 23:00:00,2024-07-28 22:00:00,1,-7,0.00012954247,156,2023-01-01
2024-07-28 23:00:00,2024-07-28 22:00:00,7,1,0.0001295106,157,2023-01-01
2024-07-28 23:00:00,2024-07-28 22:00:00,-3,9,0.00012949463,158,2023-01-01
2024-07-28 23:00:00,2024-07-28 22:00:00,-3,8,0.00012789953,159,2023-01-01
2024-07-28 23:00:00,2024-07-28 22:00:00,1,19,0.0001278182,160,2023-01-01
2024-07-28 23:00:00,2024-07-28 22:00:00,0,13,0.00012743943,161,2023-01-01
2024-07-28 23:00:00,2024-07-28 22:00:00,0,9,0.00012690741,162,2023-01-01
2024-07-28 23:00:00,2024-07-28 22:00:00,0,19,0.000126581,163,2023-01-01
2024-07-28 23:00:00,2024-07-28 22:00:00,4,1,0.00012646623,164,2023-01-01
2024-07-28 23:00:00,2024-07-28 22:00:00,0,11,0.000126366,165,2023-01-01
2024-07-28 23:00:00,2024-07-28 22:00:00,5,2,0.00012526344,166,2023-01-01
2024-07-28 23:00:00,2024-07-28 22:00:00,-2,11,0.0001252124,167,2023-01-01
2024-07-28 23:00:00,2024-07-28 22:00:00,-1,11,0.0001252124,168,2023-01-01
2024-07-28 23:00:00,2024-07-28 22:00:00,-3,12,0.00012318518,169,2023-01-01
2024-07-28 23:00:00,2024-07-28 22:00:00,1,11,0.00012312343,170,2023-01-01
2024-07-28 23:00:00,2024-07-28 22:00:00,0,14,0.00012296846,171,2023-01-01
2024-07-28 23:00:00,2024-07-28 22:00:00,-9,0,0.000120001416,172,2023-01-01
2024-07-28 23:00:00,2024-07-28 22:00:00,-2,10,0.00011994867,173,2023-01-01
2024-07-28 23:00:00,2024-07-28 22:00:00,-5,15,0.000119125565,174,2023-01-01
2024-07-28 23:00:00,2024-07-28 22:00:00,-1,9,0.00011816158,175,2023-01-01
2024-07-28 23:00:00,2024-07-28 22:00:00,-1,13,0.000118010736,176,2023-01-01
2024-07-28 23:00:00,2024-07-28 22:00:00,-3,15,0.00011797841,177,2023-01-01
2024-07-28 23:00:00,2024-07-28 22:00:00,-6,15,0.000116806135,178,2023-01-01
2024-07-28 23:00:00,2024-07-28 22:00:00,-2,9,0.00011572445,179,2023-01-01
2024-07-28 23:00:00,2024-07-28 22:00:00,-1,15,0.00011244827,180,2023-01-01
2024-07-28 23:00:00,2024-07-28 22:00:00,-3,14,0.000112138885,181,2023-01-01
2024-07-28 23:00:00,2024-07-28 22:00:00,-2,16,0.000111747555,182,2023-01-01
2024-07-28 23:00:00,2024-07-28 22:00:00,-11,-6,0.00011073251,183,2023-01-01
2024-07-28 23:00:00,2024-07-28 22:00:00,-1,16,0.00011012057,184,2023-01-01
2024-07-28 23:00:00,2024-07-28 22:00:00,-4,17,0.00010917132,185,2023-01-01
2024-07-28 23:00:00,2024-07-28 22:00:00,-3,18,0.00010881643,186,2023-01-01
2024-09-02 02:00:00,2024-09-02 01:00:00,9,1,0.28719532,1,2023-01-01
2024-09-02 02:00:00,2024-09-02 01:00:00,-1,0,0.017783828,2,2023-01-01
2024-09-02 02:00:00,2024-09-02 01:00:00,1,0,0.016089207,3,2023-01-01
2024-09-02 02:00:00,2024-09-02 01:00:00,0,-1,0.014919423,4,2023-01-01
2024-09-02 02:00:00,2024-09-02 01:00:00,0,0,0.01317351,5,2023-01-01
2024-09-02 02:00:00,2024-09-02 01:00:00,-2,-3,0.012413728,6,2023-01-01
2024-09-02 02:00:00,2024-09-02 01:00:00,-12,-5,0.009709533,7,2023-01-01
2024-09-02 02:00:00,2024-09-02 01:00:00,1,-1,0.008266895,8,2023-01-01
2024-09-02 02:00:00,2024-09-02 01:00:00,-1,-1,0.00736269,9,2023-01-01
2024-09-02 02:00:00,2024-09-02 01:00:00,-11,-5,0.0070807277,10,2023-01-01
2024-09-02 02:00:00,2024-09-02 01:00:00,-4,-2,0.006615424,11,2023-01-01
2024-09-02 02:00:00,2024-09-02 01:00:00,-2,-1,0.006505354,12,2023-01-01
2024-09-02 02:00:00,2024-09-02 01:00:00,-2,-4,0.006126883,13,2023-01-01
2024-09-02 02:00:00,2024-09-02 01:00:00,-2,-2,0.005763807,14,2023-01-01
2024-09-02 02:00:00,2024-09-02 01:00:00,-4,-3,0.0050307126,15,2023-01-01
2024-09-02 02:00:00,2024-09-02 01:00:00,6,-4,0.0038419378,16,2023-01-01
2024-09-02 02:00:00,2024-09-02 01:00:00,-3,-4,0.0038138835,17,2023-01-01
2024-09-02 02:00:00,2024-09-02 01:00:00,-5,-2,0.0037839368,18,2023-01-01
2024-09-02 02:00:00,2024-09-02 01:00:00,-2,0,0.0025761279,19,2023-01-01
2024-09-02 02:00:00,2024-09-02 01:00:00,0,-2,0.002231654,20,2023-01-01
2024-09-02 02:00:00,2024-09-02 01:00:00,0,17,0.0017491714,21,2023-01-01
2024-09-02 02:00:00,2024-09-02 01:00:00,5,-2,0.0014173584,22,2023-01-01
2024-09-02 02:00:00,2024-09-02 01:00:00,0,8,0.0013413798,23,2023-01-01
2024-09-02 02:00:00,2024-09-02 01:00:00,6,-3,0.000995076,24,2023-01-01
2024-09-02 02:00:00,2024-09-02 01:00:00,1,-2,0.0007357346,25,2023-01-01
2024-09-02 02:00:00,2024-09-02 01:00:00,-5,-1,0.0006832648,26,2023-01-01
2024-09-02 02:00:00,2024-09-02 01:00:00,2,-1,0.0006665127,27,2023-01-01
2024-09-02 02:00:00,2024-09-02 01:00:00,-3,-3,0.00053341367,28,2023-01-01
2024-09-02 02:00:00,2024-09-02 01:00:00,4,-1,0.00048318683,29,2023-01-01
2024-09-02 02:00:00,2024-09-02 01:00:00,-4,-1,0.0004569653,30,2023-01-01
2024-09-02 02:00:00,2024-09-02 01:00:00,-4,0,0.00039214743,31,2023-01-01
2024-09-02 02:00:00,2024-09-02 01:00:00,-3,11,0.00036864434,32,2023-01-01
2024-09-02 02:00:00,2024-09-02 01:00:00,-1,-3,0.00036561585,33,2023-01-01
2024-09-02 02:00:00,2024-09-02 01:00:00,8,1,0.00036096465,34,2023-01-01
2024-09-02 02:00:00,2024-09-02 01:00:00,-1,16,0.0003067251,35,2023-01-01
2024-09-02 02:00:00,2024-09-02 01:00:00,10,3,0.00030289346,36,2023-01-01
2024-09-02 02:00:00,2024-09-02 01:00:00,7,-5,0.0002993855,37,2023-01-01
2024-09-02 02:00:00,2024-09-02 01:00:00,-1,1,0.0002806582,38,2023-01-01
2024-09-02 02:00:00,2024-09-02 01:00:00,0,12,0.00027372988,39,2023-01-01
2024-09-02 02:00:00,2024-09-02 01:00:00,2,0,0.00026923718,40,2023-01-01
2024-09-02 02:00:00,2024-09-02 01:00:00,3,1,0.00025487258,41,2023-01-01
2024-09-02 02:00:00,2024-09-02 01:00:00,-3,-1,0.00024197328,42,2023-01-01
2024-09-02 02:00:00,2024-09-02 01:00:00,-3,0,0.00023972917,43,2023-01-01
2024-09-02 02:00:00,2024-09-02 01:00:00,-1,8,0.00023279613,44,2023-01-01
2024-09-02 02:00:00,2024-09-02 01:00:00,-1,6,0.00022986087,45,2023-01-01
2024-09-02 02:00:00,2024-09-02 01:00:00,7,-4,0.00021987555,46,2023-01-01
2024-09-02 02:00:00,2024-09-02 01:00:00,-5,-3,0.00020824042,47,2023-01-01
2024-09-02 02:00:00,2024-09-02 01:00:00,-1,-2,0.00020751239,48,2023-01-01
2024-09-02 02:00:00,2024-09-02 01:00:00,1,6,0.00020056177,49,2023-01-01
2024-09-02 02:00:00,2024-09-02 01:00:00,-3,13,0.00019054751,50,2023-01-01
2024-09-02 02:00:00,2024-09-02 01:00:00,2,1,0.00016982503,51,2023-01-01
2024-09-02 02:00:00,2024-09-02 01:00:00,-3,1,0.00016092493,52,2023-01-01
2024-09-02 02:00:00,2024-09-02 01:00:00,-4,-4,0.00015378166,53,2023-01-01
2024-09-02 02:00:00,2024-09-02 01:00:00,-5,-4,0.00015282982,54,2023-01-01
2024-09-02 02:00:00,2024-09-02 01:00:00,-9,-1,0.00014772135,55,2023-01-01
2024-09-02 02:00:00,2024-09-02 01:00:00,-7,-1,0.0001460171,56,2023-01-01
2024-09-02 02:00:00,2024-09-02 01:00:00,9,2,0.00013578519,57,2023-01-01
2024-09-02 02:00:00,2024-09-02 01:00:00,3,0,0.00013216848,58,2023-01-01
2024-09-02 02:00:00,2024-09-02 01:00:00,7,4,0.00012510529,59,2023-01-01
2024-09-02 02:00:00,2024-09-02 01:00:00,1,9,0.00012249673,60,2023-01-01
2024-09-02 02:00:00,2024-09-02 01:00:00,-9,-5,0.00012180102,61,2023-01-01
2024-09-02 02:00:00,2024-09-02 01:00:00,10,5,0.00012026993,62,2023-01-01
2024-09-02 02:00:00,2024-09-02 01:00:00,-1,5,0.00011999366,63,2023-01-01
2024-09-02 02:00:00,2024-09-02 01:00:00,-10,10,0.00010994202,64,2023-01-01
2024-09-02 02:00:00,2024-09-02 01:00:00,-6,4,9.8384335e-05,65,2023-01-01
2024-09-02 02:00:00,2024-09-02 01:00:00,10,-1,9.772895e-05,66,2023-01-01
2024-09-02 02:00:00,2024-09-02 01:00:00,-1,18,9.544733e-05,67,2023-01-01
2024-09-02 02:00:00,2024-09-02 01:00:00,9,3,9.335092e-05,68,2023-01-01
2024-09-02 02:00:00,2024-09-02 01:00:00,6,5,9.1681024e-05,69,2023-01-01
2024-09-02 02:00:00,2024-09-02 01:00:00,-9,-4,8.884476e-05,70,2023-01-01
2024-09-02 02:00:00,2024-09-02 01:00:00,-10,-3,8.796313e-05,71,2023-01-01
2024-09-02 02:00:00,2024-09-02 01:00:00,-10,-4,8.7512686e-05,72,2023-01-01
2024-09-02 02:00:00,2024-09-02 01:00:00,8,-1,8.58799e-05,73,2023-01-01
2024-09-02 02:00:00,2024-09-02 01:00:00,-6,-3,8.398941e-05,74,2023-01-01
2024-09-02 02:00:00,2024-09-02 01:00:00,0,-3,8.353294e-05,75,2023-01-01
2024-09-02 02:00:00,2024-09-02 01:00:00,-6,1,8.349322e-05,76,2023-01-01
2024-09-02 02:00:00,2024-09-02 01:00:00,-5,1,8.341509e-05,77,2023-01-01
2024-09-02 02:00:00,2024-09-02 01:00:00,-7,1,8.190168e-05,78,2023-01-01
2024-09-02 02:00:00,2024-09-02 01:00:00,-5,0,8.1736995e-05,79,2023-01-01
2024-09-02 02:00:00,2024-09-02 01:00:00,-6,-2,8.075037e-05,80,2023-01-01
2024-09-02 02:00:00,2024-09-02 01:00:00,-2,-5,7.958246e-05,81,2023-01-01
2024-09-02 02:00:00,2024-09-02 01:00:00,-1,-4,7.8883706e-05,82,2023-01-01
2024-09-02 02:00:00,2024-09-02 01:00:00,-5,-5,7.8736084e-05,83,2023-01-01
2024-09-02 02:00:00,2024-09-02 01:00:00,0,-5,7.614001e-05,84,2023-01-01
2024-09-02 02:00:00,2024-09-02 01:00:00,-9,0,7.570215e-05,85,2023-01-01
2024-09-02 02:00:00,2024-09-02 01:00:00,1,-3,7.521886e-05,86,2023-01-01
2024-09-02 02:00:00,2024-09-02 01:00:00,0,13,7.497892e-05,87,2023-01-01
2024-09-02 02:00:00,2024-09-02 01:00:00,0,1,7.492041e-05,88,2023-01-01
2024-09-02 02:00:00,2024-09-02 01:00:00,1,1,7.26916e-05,89,2023-01-01
2024-09-02 02:00:00,2024-09-02 01:00:00,-4,-5,7.151743e-05,90,2023-01-01
2024-09-02 02:00:00,2024-09-02 01:00:00,-2,13,6.9660695e-05,91,2023-01-01
2024-09-02 02:00:00,2024-09-02 01:00:00,6,6,6.830827e-05,92,2023-01-01
2024-09-02 02:00:00,2024-09-02 01:00:00,1,20,6.6770735e-05,93,2023-01-01
2024-09-02 02:00:00,2024-09-02 01:00:00,-11,-6,6.568356e-05,94,2023-01-01
2024-09-02 02:00:00,2024-09-02 01:00:00,-2,1,6.5640976e-05,95,2023-01-01
2024-09-02 02:00:00,2024-09-02 01:00:00,2,20,6.522139e-05,96,2023-01-01
2024-09-02 02:00:00,2024-09-02 01:00:00,7,11,6.350807e-05,97,2023-01-01
2024-09-02 02:00:00,2024-09-02 01:00:00,4,-6,6.34704e-05,98,2023-01-01
2024-09-02 02:00:00,2024-09-02 01:00:00,-4,3,6.232425e-05,99,2023-01-01
2024-09-02 02:00:00,2024-09-02 01:00:00,-4,19,6.2173385e-05,100,2023-01-01
2024-09-02 02:00:00,2024-09-02 01:00:00,2,-3,6.216937e-05,101,2023-01-01
2024-09-02 02:00:00,2024-09-02 01:00:00,-1,2,6.2038016e-05,102,2023-01-01
2024-09-02 02:00:00,2024-09-02 01:00:00,-4,2,6.188315e-05,103,2023-01-01
2024-09-02 02:00:00,2024-09-02 01:00:00,-3,-2,6.1825216e-05,104,2023-01-01
2024-09-02 02:00:00,2024-09-02 01:00:00,6,3,6.1585335e-05,105,2023-01-01
2024-09-02 02:00:00,2024-09-02 01:00:00,1,-5,6.150032e-05,106,2023-01-01
2024-09-02 02:00:00,2024-09-02 01:00:00,-5,2,6.114557e-05,107,2023-01-01
2024-09-02 02:00:00,2024-09-02 01:00:00,-3,2,6.0894366e-05,108,2023-01-01
2024-09-02 02:00:00,2024-09-02 01:00:00,8,-4,6.0047165e-05,109,2023-01-01
2024-09-02 02:00:00,2024-09-02 01:00:00,-10,8,5.9843343e-05,110,2023-01-01
2024-09-02 02:00:00,2024-09-02 01:00:00,3,17,5.970581e-05,111,2023-01-01
2024-09-02 02:00:00,2024-09-02 01:00:00,6,11,5.9367172e-05,112,2023-01-01
2024-09-02 02:00:00,2024-09-02 01:00:00,1,2,5.9159593e-05,113,2023-01-01
2024-09-02 02:00:00,2024-09-02 01:00:00,9,-2,5.8397924e-05,114,2023-01-01
2024-09-02 02:00:00,2024-09-02 01:00:00,1,19,5.8247384e-05,115,2023-01-01
2024-09-02 02:00:00,2024-09-02 01:00:00,10,0,5.781748e-05,116,2023-01-01
2024-09-02 02:00:00,2024-09-02 01:00:00,0,18,5.7703524e-05,117,2023-01-01
2024-09-02 02:00:00,2024-09-02 01:00:00,5,3,5.6936307e-05,118,2023-01-01
2024-09-02 02:00:00,2024-09-02 01:00:00,-1,3,5.6256922e-05,119,2023-01-01
2024-09-02 02:00:00,2024-09-02 01:00:00,-9,6,5.6082554e-05,120,2023-01-01
2024-09-02 02:00:00,2024-09-02 01:00:00,1,5,5.5489072e-05,121,2023-01-01
2024-09-02 02:00:00,2024-09-02 01:00:00,8,-3,5.5059598e-05,122,2023-01-01
2024-09-02 02:00:00,2024-09-02 01:00:00,-2,3,5.489915e-05,123,2023-01-01
2024-09-02 02:00:00,2024-09-02 01:00:00,2,8,5.4466396e-05,124,2023-01-01
2024-09-02 02:00:00,2024-09-02 01:00:00,9,0,5.4455497e-05,125,2023-01-01
2024-09-02 02:00:00,2024-09-02 01:00:00,2,7,5.3883952e-05,126,2023-01-01
2024-09-02 02:00:00,2024-09-02 01:00:00,2,-2,5.369756e-05,127,2023-01-01
2024-09-02 02:00:00,2024-09-02 01:00:00,4,14,5.355262e-05,128,2023-01-01
2024-09-02 02:00:00,2024-09-02 01:00:00,8,0,5.3395866e-05,129,2023-01-01
2024-09-02 02:00:00,2024-09-02 01:00:00,3,-3,5.323529e-05,130,2023-01-01
2024-09-02 02:00:00,2024-09-02 01:00:00,4,-4,5.306325e-05,131,2023-01-01
2024-09-02 02:00:00,2024-09-02 01:00:00,2,-6,5.304052e-05,132,2023-01-01
2024-09-02 02:00:00,2024-09-02 01:00:00,-1,-6,5.300985e-05,133,2023-01-01
2024-09-02 02:00:00,2024-09-02 01:00:00,1,8,5.2059928e-05,134,2023-01-01
2024-09-02 02:00:00,2024-09-02 01:00:00,-1,7,5.086535e-05,135,2023-01-01
2024-09-02 02:00:00,2024-09-02 01:00:00,-4,4,5.0618142e-05,136,2023-01-01
2024-09-02 02:00:00,2024-09-02 01:00:00,4,1,5.061601e-05,137,2023-01-01
2024-09-02 02:00:00,2024-09-02 01:00:00,3,-2,5.022349e-05,138,2023-01-01
2024-09-02 02:00:00,2024-09-02 01:00:00,5,-3,5.016381e-05,139,2023-01-01
2024-09-02 02:00:00,2024-09-02 01:00:00,7,-1,4.998407e-05,140,2023-01-01
2024-09-02 02:00:00,2024-09-02 01:00:00,-5,4,4.9960552e-05,141,2023-01-01
2024-09-02 02:00:00,2024-09-02 01:00:00,5,-4,4.994335e-05,142,2023-01-01
2024-09-02 02:00:00,2024-09-02 01:00:00,-2,16,4.9851194e-05,143,2023-01-01
2024-09-02 02:00:00,2024-09-02 01:00:00,-3,18,4.9822353e-05,144,2023-01-01
2024-09-02 02:00:00,2024-09-02 01:00:00,0,19,4.9623137e-05,145,2023-01-01
2024-09-02 02:00:00,2024-09-02 01:00:00,1,11,4.958092e-05,146,2023-01-01
2024-09-02 02:00:00,2024-09-02 01:00:00,0,9,4.9300445e-05,147,2023-01-01
2024-09-02 02:00:00,2024-09-02 01:00:00,-1,9,4.9141938e-05,148,2023-01-01
2024-09-02 02:00:00,2024-09-02 01:00:00,3,-1,4.8854756e-05,149,2023-01-01
2024-09-02 02:00:00,2024-09-02 01:00:00,-4,17,4.8599275e-05,150,2023-01-01
2024-09-02 02:00:00,2024-09-02 01:00:00,-8,6,4.8479484e-05,151,2023-01-01
2024-09-02 02:00:00,2024-09-02 01:00:00,0,-6,4.8461356e-05,152,2023-01-01
2024-09-02 02:00:00,2024-09-02 01:00:00,5,2,4.8323465e-05,153,2023-01-01
2024-09-02 02:00:00,2024-09-02 01:00:00,-2,15,4.8160615e-05,154,2023-01-01
2024-09-02 02:00:00,2024-09-02 01:00:00,-6,15,4.78888e-05,155,2023-01-01
2024-09-02 02:00:00,2024-09-02 01:00:00,-1,15,4.76257e-05,156,2023-01-01
2024-09-02 02:00:00,2024-09-02 01:00:00,-5,15,4.748984e-05,157,2023-01-01
2024-09-02 02:00:00,2024-09-02 01:00:00,-1,13,4.744621e-05,158,2023-01-01
2024-09-02 02:00:00,2024-09-02 01:00:00,-4,8,4.7385092e-05,159,2023-01-01
2024-09-02 02:00:00,2024-09-02 01:00:00,0,11,4.730088e-05,160,2023-01-01
2024-09-02 02:00:00,2024-09-02 01:00:00,0,14,4.730088e-05,161,2023-01-01
2024-09-02 02:00:00,2024-09-02 01:00:00,-1,11,4.7266658e-05,162,2023-01-01
2024-09-02 02:00:00,2024-09-02 01:00:00,7,1,4.716589e-05,163,2023-01-01
2024-09-02 02:00:00,2024-09-02 01:00:00,2,-7,4.6963367e-05,164,2023-01-01
2024-09-02 02:00:00,2024-09-02 01:00:00,-3,15,4.6671514e-05,165,2023-01-01
2024-09-02 02:00:00,2024-09-02 01:00:00,-5,11,4.6332614e-05,166,2023-01-01
2024-09-02 02:00:00,2024-09-02 01:00:00,2,9,4.6315807e-05,167,2023-01-01
2024-09-02 02:00:00,2024-09-02 01:00:00,-3,8,4.613098e-05,168,2023-01-01
2024-09-02 02:00:00,2024-09-02 01:00:00,-2,11,4.6073543e-05,169,2023-01-01
2024-09-02 02:00:00,2024-09-02 01:00:00,-2,10,4.604209e-05,170,2023-01-01
2024-09-02 02:00:00,2024-09-02 01:00:00,-1,-7,4.6041718e-05,171,2023-01-01
2024-09-02 02:00:00,2024-09-02 01:00:00,1,-7,4.602665e-05,172,2023-01-01
2024-09-02 02:00:00,2024-09-02 01:00:00,-4,5,4.598933e-05,173,2023-01-01
2024-09-02 02:00:00,2024-09-02 01:00:00,-3,7,4.5896497e-05,174,2023-01-01
2024-09-02 02:00:00,2024-09-02 01:00:00,-4,12,4.5523182e-05,175,2023-01-01
2024-09-02 02:00:00,2024-09-02 01:00:00,-5,10,4.5510842e-05,176,2023-01-01
2024-09-02 02:00:00,2024-09-02 01:00:00,-6,8,4.5338747e-05,177,2023-01-01
2024-09-02 02:00:00,2024-09-02 01:00:00,5,-1,4.533499e-05,178,2023-01-01
2024-09-02 02:00:00,2024-09-02 01:00:00,-2,8,4.5064124e-05,179,2023-01-01
2024-09-02 02:00:00,2024-09-02 01:00:00,-3,14,4.4961173e-05,180,2023-01-01
2024-09-02 02:00:00,2024-09-02 01:00:00,-5,9,4.483777e-05,181,2023-01-01
2024-09-02 02:00:00,2024-09-02 01:00:00,-3,12,4.470781e-05,182,2023-01-01
2024-09-02 02:00:00,2024-09-02 01:00:00,-3,9,4.434839e-05,183,2023-01-01
2024-09-02 02:00:00,2024-09-02 01:00:00,-2,9,4.4047843e-05,184,2023-01-01
2024-09-02 02:00:00,2024-09-02 01:00:00,0,5,4.393517e-05,185,2023-01-01
2024-09-02 02:00:00,2024-09-02 01:00:00,-4,10,4.3371747e-05,186,2023-01-01
2024-09-03 20:00:00,2024-09-03 19:00:00,9,1,0.32047972,1,2023-01-01
2024-09-03 20:00:00,2024-09-03 19:00:00,-1,0,0.18363197,2,2023-01-01
2024-09-03 20:00:00,2024-09-03 19:00:00,0,0,0.12256092,3,2023-01-01
2024-09-03 20:00:00,2024-09-03 19:00:00,0,-1,0.095668435,4,2023-01-01
2024-09-03 20:00:00,2024-09-03 19:00:00,-2,-3,0.05141453,5,2023-01-01
2024-09-03 20:00:00,2024-09-03 19:00:00,-1,-1,0.038619187,6,2023-01-01
2024-09-03 20:00:00,2024-09-03 19:00:00,1,-1,0.03737465,7,2023-01-01
2024-09-03 20:00:00,2024-09-03 19:00:00,1,0,0.03519314,8,2023-01-01
2024-09-03 20:00:00,2024-09-03 19:00:00,-2,-2,0.02401722,9,2023-01-01
2024-09-03 20:00:00,2024-09-03 19:00:00,-2,-1,0.020975038,10,2023-01-01
2024-09-03 20:00:00,2024-09-03 19:00:00,-4,-2,0.017784558,11,2023-01-01
2024-09-03 20:00:00,2024-09-03 19:00:00,-2,-4,0.0146892695,12,2023-01-01
2024-09-03 20:00:00,2024-09-03 19:00:00,6,-4,0.009439955,13,2023-01-01
2024-09-03 20:00:00,2024-09-03 19:00:00,-5,-2,0.00890591,14,2023-01-01
2024-09-03 20:00:00,2024-09-03 19:00:00,-4,-3,0.008396874,15,2023-01-01
2024-09-03 20:00:00,2024-09-03 19:00:00,-3,-4,0.00782596,16,2023-01-01
2024-09-03 20:00:00,2024-09-03 19:00:00,0,-2,0.0038270846,17,2023-01-01
2024-09-03 20:00:00,2024-09-03 19:00:00,-2,0,0.0032434408,18,2023-01-01
2024-09-03 20:00:00,2024-09-03 19:00:00,5,-2,0.0031439813,19,2023-01-01
2024-09-03 20:00:00,2024-09-03 19:00:00,0,17,0.0029457195,20,2023-01-01
2024-09-03 20:00:00,2024-09-03 19:00:00,0,8,0.0026129896,21,2023-01-01
2024-09-03 20:00:00,2024-09-03 19:00:00,6,-3,0.0025042628,22,2023-01-01
2024-09-03 20:00:00,2024-09-03 19:00:00,-12,-5,0.0023451713,23,2023-01-01
2024-09-03 20:00:00,2024-09-03 19:00:00,1,-2,0.0023140004,24,2023-01-01
2024-09-03 20:00:00,2024-09-03 19:00:00,2,-1,0.0021104133,25,2023-01-01
2024-09-03 20:00:00,2024-09-03 19:00:00,4,-1,0.0016746846,26,2023-01-01
2024-09-03 20:00:00,2024-09-03 19:00:00,8,1,0.0015174868,27,2023-01-01
2024-09-03 20:00:00,2024-09-03 19:00:00,-3,11,0.0015171749,28,2023-01-01
2024-09-03 20:00:00,2024-09-03 19:00:00,-11,-5,0.0014460006,29,2023-01-01
2024-09-03 20:00:00,2024-09-03 19:00:00,-1,16,0.0011253548,30,2023-01-01
2024-09-03 20:00:00,2024-09-03 19:00:00,-1,-3,0.00093357963,31,2023-01-01
2024-09-03 20:00:00,2024-09-03 19:00:00,-3,-3,0.00092306983,32,2023-01-01
2024-09-03 20:00:00,2024-09-03 19:00:00,0,12,0.0006888514,33,2023-01-01
2024-09-03 20:00:00,2024-09-03 19:00:00,7,-5,0.0006630121,34,2023-01-01
2024-09-03 20:00:00,2024-09-03 19:00:00,2,0,0.00065711496,35,2023-01-01
2024-09-03 20:00:00,2024-09-03 19:00:00,-5,-1,0.0006484175,36,2023-01-01
2024-09-03 20:00:00,2024-09-03 19:00:00,-1,-2,0.00060387,37,2023-01-01
2024-09-03 20:00:00,2024-09-03 19:00:00,3,1,0.0005507493,38,2023-01-01
2024-09-03 20:00:00,2024-09-03 19:00:00,-4,-1,0.0005253885,39,2023-01-01
2024-09-03 20:00:00,2024-09-03 19:00:00,7,-4,0.00050303194,40,2023-01-01
2024-09-03 20:00:00,2024-09-03 19:00:00,1,6,0.0004819003,41,2023-01-01
2024-09-03 20:00:00,2024-09-03 19:00:00,-1,8,0.0004765744,42,2023-01-01
2024-09-03 20:00:00,2024-09-03 19:00:00,-4,0,0.00046952325,43,2023-01-01
2024-09-03 20:00:00,2024-09-03 19:00:00,-3,13,0.00046714084,44,2023-01-01
2024-09-03 20:00:00,2024-09-03 19:00:00,-1,6,0.00043749364,45,2023-01-01
2024-09-03 20:00:00,2024-09-03 19:00:00,-3,0,0.0004130136,46,2023-01-01
2024-09-03 20:00:00,2024-09-03 19:00:00,-1,1,0.00040612216,47,2023-01-01
2024-09-03 20:00:00,2024-09-03 19:00:00,3,0,0.00038640108,48,2023-01-01
2024-09-03 20:00:00,2024-09-03 19:00:00,-3,1,0.0003592257,49,2023-01-01
2024-09-03 20:00:00,2024-09-03 19:00:00,2,1,0.00035122837,50,2023-01-01
2024-09-03 20:00:00,2024-09-03 19:00:00,10,3,0.0003391666,51,2023-01-01
2024-09-03 20:00:00,2024-09-03 19:00:00,1,9,0.00030386154,52,2023-01-01
2024-09-03 20:00:00,2024-09-03 19:00:00,-5,-3,0.00029012482,53,2023-01-01
2024-09-03 20:00:00,2024-09-03 19:00:00,-1,5,0.000276841,54,2023-01-01
2024-09-03 20:00:00,2024-09-03 19:00:00,9,2,0.00026652566,55,2023-01-01
2024-09-03 20:00:00,2024-09-03 19:00:00,6,11,0.00024142272,56,2023-01-01
2024-09-03 20:00:00,2024-09-03 19:00:00,-4,-4,0.00023902378,57,2023-01-01
2024-09-03 20:00:00,2024-09-03 19:00:00,8,-1,0.00023785456,58,2023-01-01
2024-09-03 20:00:00,2024-09-03 19:00:00,7,11,0.00023049884,59,2023-01-01
2024-09-03 20:00:00,2024-09-03 19:00:00,-1,-4,0.00022890374,60,2023-01-01
2024-09-03 20:00:00,2024-09-03 19:00:00,-3,-1,0.00021746376,61,2023-01-01
2024-09-03 20:00:00,2024-09-03 19:00:00,0,13,0.00021338674,62,2023-01-01
2024-09-03 20:00:00,2024-09-03 19:00:00,0,-5,0.00021217232,63,2023-01-01
2024-09-03 20:00:00,2024-09-03 19:00:00,2,-3,0.00020974572,64,2023-01-01
2024-09-03 20:00:00,2024-09-03 19:00:00,-2,13,0.00020679193,65,2023-01-01
2024-09-03 20:00:00,2024-09-03 19:00:00,1,-5,0.0002036838,66,2023-01-01
2024-09-03 20:00:00,2024-09-03 19:00:00,2,-2,0.00020334212,67,2023-01-01
2024-09-03 20:00:00,2024-09-03 19:00:00,-1,18,0.00019877974,68,2023-01-01
2024-09-03 20:00:00,2024-09-03 19:00:00,-5,-4,0.00019354392,69,2023-01-01
2024-09-03 20:00:00,2024-09-03 19:00:00,7,4,0.00019287133,70,2023-01-01
2024-09-03 20:00:00,2024-09-03 19:00:00,-6,4,0.00019078712,71,2023-01-01
2024-09-03 20:00:00,2024-09-03 19:00:00,10,-1,0.00018775124,72,2023-01-01
2024-09-03 20:00:00,2024-09-03 19:00:00,8,-4,0.00018365023,73,2023-01-01
2024-09-03 20:00:00,2024-09-03 19:00:00,1,-3,0.0001799647,74,2023-01-01
2024-09-03 20:00:00,2024-09-03 19:00:00,3,-3,0.00017258723,75,2023-01-01
2024-09-03 20:00:00,2024-09-03 19:00:00,-7,-1,0.00016929368,76,2023-01-01
2024-09-03 20:00:00,2024-09-03 19:00:00,0,-3,0.00016741092,77,2023-01-01
2024-09-03 20:00:00,2024-09-03 19:00:00,8,-3,0.00015897078,78,2023-01-01
2024-09-03 20:00:00,2024-09-03 19:00:00,-1,-7,0.00015794631,79,2023-01-01
2024-09-03 20:00:00,2024-09-03 19:00:00,2,-7,0.00015562093,80,2023-01-01
2024-09-03 20:00:00,2024-09-03 19:00:00,-2,3,0.000155258,81,2023-01-01
2024-09-03 20:00:00,2024-09-03 19:00:00,-1,2,0.00015455297,82,2023-01-01
2024-09-03 20:00:00,2024-09-03 19:00:00,4,14,0.00015395165,83,2023-01-01
2024-09-03 20:00:00,2024-09-03 19:00:00,4,1,0.00015365629,84,2023-01-01
2024-09-03 20:00:00,2024-09-03 19:00:00,8,0,0.00015329807,85,2023-01-01
2024-09-03 20:00:00,2024-09-03 19:00:00,1,5,0.00015245179,86,2023-01-01
2024-09-03 20:00:00,2024-09-03 19:00:00,1,-7,0.00015223987,87,2023-01-01
2024-09-03 20:00:00,2024-09-03 19:00:00,-2,1,0.0001504045,88,2023-01-01
2024-09-03 20:00:00,2024-09-03 19:00:00,6,3,0.00014864234,89,2023-01-01
2024-09-03 20:00:00,2024-09-03 19:00:00,-3,2,0.00014798522,90,2023-01-01
2024-09-03 20:00:00,2024-09-03 19:00:00,-2,-5,0.00014708312,91,2023-01-01
2024-09-03 20:00:00,2024-09-03 19:00:00,1,2,0.00014695994,92,2023-01-01
2024-09-03 20:00:00,2024-09-03 19:00:00,7,1,0.00014674792,93,2023-01-01
2024-09-03 20:00:00,2024-09-03 19:00:00,5,2,0.000145841,94,2023-01-01
2024-09-03 20:00:00,2024-09-03 19:00:00,0,11,0.00014479137,95,2023-01-01
2024-09-03 20:00:00,2024-09-03 19:00:00,0,14,0.00014479137,96,2023-01-01
2024-09-03 20:00:00,2024-09-03 19:00:00,7,-1,0.00014356554,97,2023-01-01
2024-09-03 20:00:00,2024-09-03 19:00:00,3,-2,0.00014340597,98,2023-01-01
2024-09-03 20:00:00,2024-09-03 19:00:00,-1,3,0.00014318254,99,2023-01-01
2024-09-03 20:00:00,2024-09-03 19:00:00,5,-1,0.00014317618,100,2023-01-01
2024-09-03 20:00:00,2024-09-03 19:00:00,-4,12,0.00014267325,101,2023-01-01
2024-09-03 20:00:00,2024-09-03 19:00:00,-3,9,0.00014246495,102,2023-01-01
2024-09-03 20:00:00,2024-09-03 19:00:00,-3,8,0.00014228652,103,2023-01-01
2024-09-03 20:00:00,2024-09-03 19:00:00,-3,12,0.00014189906,104,2023-01-01
2024-09-03 20:00:00,2024-09-03 19:00:00,-3,14,0.00014189906,105,2023-01-01
2024-09-03 20:00:00,2024-09-03 19:00:00,-1,11,0.00014168606,106,2023-01-01
2024-09-03 20:00:00,2024-09-03 19:00:00,-1,13,0.00014168606,107,2023-01-01
2024-09-03 20:00:00,2024-09-03 19:00:00,4,-6,0.00014099834,108,2023-01-01
2024-09-03 20:00:00,2024-09-03 19:00:00,-2,9,0.0001407728,109,2023-01-01
2024-09-03 20:00:00,2024-09-03 19:00:00,-2,10,0.0001407728,110,2023-01-01
2024-09-03 20:00:00,2024-09-03 19:00:00,-2,11,0.00014029635,111,2023-01-01
2024-09-03 20:00:00,2024-09-03 19:00:00,0,9,0.00013999439,112,2023-01-01
2024-09-03 20:00:00,2024-09-03 19:00:00,-1,7,0.00013967506,113,2023-01-01
2024-09-03 20:00:00,2024-09-03 19:00:00,3,-1,0.00013962346,114,2023-01-01
2024-09-03 20:00:00,2024-09-03 19:00:00,9,-2,0.00013959142,115,2023-01-01
2024-09-03 20:00:00,2024-09-03 19:00:00,-4,10,0.00013902615,116,2023-01-01
2024-09-03 20:00:00,2024-09-03 19:00:00,-4,5,0.00013892389,117,2023-01-01
2024-09-03 20:00:00,2024-09-03 19:00:00,-5,15,0.00013888977,118,2023-01-01
2024-09-03 20:00:00,2024-09-03 19:00:00,-3,7,0.00013884324,119,2023-01-01
2024-09-03 20:00:00,2024-09-03 19:00:00,-2,16,0.0001387757,120,2023-01-01
2024-09-03 20:00:00,2024-09-03 19:00:00,-4,17,0.00013869272,121,2023-01-01
2024-09-03 20:00:00,2024-09-03 19:00:00,-9,-5,0.00013803816,122,2023-01-01
2024-09-03 20:00:00,2024-09-03 19:00:00,-2,8,0.0001378578,123,2023-01-01
2024-09-03 20:00:00,2024-09-03 19:00:00,-1,9,0.0001376284,124,2023-01-01
2024-09-03 20:00:00,2024-09-03 19:00:00,-1,15,0.0001376284,125,2023-01-01
2024-09-03 20:00:00,2024-09-03 19:00:00,6,6,0.00013736515,126,2023-01-01
2024-09-03 20:00:00,2024-09-03 19:00:00,-3,15,0.00013732833,127,2023-01-01
2024-09-03 20:00:00,2024-09-03 19:00:00,0,-6,0.000137206,128,2023-01-01
2024-09-03 20:00:00,2024-09-03 19:00:00,-2,15,0.00013673701,129,2023-01-01
2024-09-03 20:00:00,2024-09-03 19:00:00,2,9,0.00013667262,130,2023-01-01
2024-09-03 20:00:00,2024-09-03 19:00:00,-4,8,0.00013385933,131,2023-01-01
2024-09-03 20:00:00,2024-09-03 19:00:00,5,3,0.00013336995,132,2023-01-01
2024-09-03 20:00:00,2024-09-03 19:00:00,2,-6,0.00013269916,133,2023-01-01
2024-09-03 20:00:00,2024-09-03 19:00:00,1,1,0.00013259241,134,2023-01-01
2024-09-03 20:00:00,2024-09-03 19:00:00,-3,18,0.00013227615,135,2023-01-01
2024-09-03 20:00:00,2024-09-03 19:00:00,5,-3,0.00013213525,136,2023-01-01
2024-09-03 20:00:00,2024-09-03 19:00:00,1,11,0.00013211946,137,2023-01-01
2024-09-03 20:00:00,2024-09-03 19:00:00,2,8,0.00013203091,138,2023-01-01
2024-09-03 20:00:00,2024-09-03 19:00:00,2,20,0.0001311394,139,2023-01-01
2024-09-03 20:00:00,2024-09-03 19:00:00,0,5,0.00013105213,140,2023-01-01
2024-09-03 20:00:00,2024-09-03 19:00:00,0,19,0.00013076264,141,2023-01-01
2024-09-03 20:00:00,2024-09-03 19:00:00,5,-4,0.00013058844,142,2023-01-01
2024-09-03 20:00:00,2024-09-03 19:00:00,1,8,0.00013037008,143,2023-01-01
2024-09-03 20:00:00,2024-09-03 19:00:00,1,19,0.00012994361,144,2023-01-01
2024-09-03 20:00:00,2024-09-03 19:00:00,0,1,0.00012980709,145,2023-01-01
2024-09-03 20:00:00,2024-09-03 19:00:00,0,18,0.0001292892,146,2023-01-01
2024-09-03 20:00:00,2024-09-03 19:00:00,1,20,0.000128709,147,2023-01-01
2024-09-03 20:00:00,2024-09-03 19:00:00,4,-4,0.00012822113,148,2023-01-01
2024-09-03 20:00:00,2024-09-03 19:00:00,10,5,0.00012735894,149,2023-01-01
2024-09-03 20:00:00,2024-09-03 19:00:00,2,7,0.00012721974,150,2023-01-01
2024-09-03 20:00:00,2024-09-03 19:00:00,-1,-6,0.00012655846,151,2023-01-01
2024-09-03 20:00:00,2024-09-03 19:00:00,6,5,0.0001263498,152,2023-01-01
2024-09-03 20:00:00,2024-09-03 19:00:00,3,17,0.00012586587,153,2023-01-01
2024-09-03 20:00:00,2024-09-03 19:00:00,-4,4,0.00012555828,154,2023-01-01
2024-09-03 20:00:00,2024-09-03 19:00:00,-5,4,0.00012454053,155,2023-01-01
2024-09-03 20:00:00,2024-09-03 19:00:00,-5,2,0.00012403884,156,2023-01-01
2024-09-03 20:00:00,2024-09-03 19:00:00,-4,19,0.00012398874,157,2023-01-01
2024-09-03 20:00:00,2024-09-03 19:00:00,-5,-5,0.00012397562,158,2023-01-01
2024-09-03 20:00:00,2024-09-03 19:00:00,9,0,0.00012283097,159,2023-01-01
2024-09-03 20:00:00,2024-09-03 19:00:00,-5,11,0.00012239881,160,2023-01-01
2024-09-03 20:00:00,2024-09-03 19:00:00,-3,-2,0.00012205916,161,2023-01-01
2024-09-03 20:00:00,2024-09-03 19:00:00,-4,-5,0.00011916177,162,2023-01-01
2024-09-03 20:00:00,2024-09-03 19:00:00,-4,2,0.00011907765,163,2023-01-01
2024-09-03 20:00:00,2024-09-03 19:00:00,-4,3,0.000118276985,164,2023-01-01
2024-09-03 20:00:00,2024-09-03 19:00:00,-6,8,0.00011791962,165,2023-01-01
2024-09-03 20:00:00,2024-09-03 19:00:00,10,0,0.0001166896,166,2023-01-01
2024-09-03 20:00:00,2024-09-03 19:00:00,9,3,0.00011640877,167,2023-01-01
2024-09-03 20:00:00,2024-09-03 19:00:00,-6,-3,0.000114524904,168,2023-01-01
2024-09-03 20:00:00,2024-09-03 19:00:00,-6,-2,0.000111638285,169,2023-01-01
2024-09-03 20:00:00,2024-09-03 19:00:00,-5,1,0.00010715259,170,2023-01-01
2024-09-03 20:00:00,2024-09-03 19:00:00,-5,9,0.000106469764,171,2023-01-01
2024-09-03 20:00:00,2024-09-03 19:00:00,-6,1,0.00010398824,172,2023-01-01
2024-09-03 20:00:00,2024-09-03 19:00:00,-6,15,0.00010321456,173,2023-01-01
2024-09-03 20:00:00,2024-09-03 19:00:00,-5,10,0.000103006685,174,2023-01-01
2024-09-03 20:00:00,2024-09-03 19:00:00,-8,6,0.000101240505,175,2023-01-01
2024-09-03 20:00:00,2024-09-03 19:00:00,-7,1,0.00010107187,176,2023-01-01
2024-09-03 20:00:00,2024-09-03 19:00:00,-10,10,0.00010047605,177,2023-01-01
2024-09-03 20:00:00,2024-09-03 19:00:00,-5,0,9.943323e-05,178,2023-01-01
2024-09-03 20:00:00,2024-09-03 19:00:00,-9,-1,8.221486e-05,179,2023-01-01
2024-09-03 20:00:00,2024-09-03 19:00:00,-9,6,7.5479176e-05,180,2023-01-01
2024-09-03 20:00:00,2024-09-03 19:00:00,-10,8,6.614527e-05,181,2023-01-01
2024-09-03 20:00:00,2024-09-03 19:00:00,-10,-4,4.8349208e-05,182,2023-01-01
2024-09-03 20:00:00,2024-09-03 19:00:00,-11,-6,4.792812e-05,183,2023-01-01
2024-09-03 20:00:00,2024-09-03 19:00:00,-9,-4,4.7418147e-05,184,2023-01-01
2024-09-03 20:00:00,2024-09-03 19:00:00,-10,-3,4.6666686e-05,185,2023-01-01
2024-09-03 20:00:00,2024-09-03 19:00:00,-9,0,4.5533696e-05,186,2023-01-01
2024-09-05 01:00:00,2024-09-05 00:00:00,9,1,0.32369128,1,2023-01-01
2024-09-05 01:00:00,2024-09-05 00:00:00,0,-1,0.23053785,2,2023-01-01
2024-09-05 01:00:00,2024-09-05 00:00:00,0,0,0.14216356,3,2023-01-01
2024-09-05 01:00:00,2024-09-05 00:00:00,-1,0,0.12727891,4,2023-01-01
2024-09-05 01:00:00,2024-09-05 00:00:00,-2,-3,0.09199724,5,2023-01-01
2024-09-05 01:00:00,2024-09-05 00:00:00,1,-1,0.08539907,6,2023-01-01
2024-09-05 01:00:00,2024-09-05 00:00:00,1,0,0.06321978,7,2023-01-01
2024-09-05 01:00:00,2024-09-05 00:00:00,-4,-2,0.042436074,8,2023-01-01
2024-09-05 01:00:00,2024-09-05 00:00:00,-2,-4,0.037199333,9,2023-01-01
2024-09-05 01:00:00,2024-09-05 00:00:00,-1,-1,0.033722606,10,2023-01-01
2024-09-05 01:00:00,2024-09-05 00:00:00,-2,-1,0.033552315,11,2023-01-01
2024-09-05 01:00:00,2024-09-05 00:00:00,-4,-3,0.032940913,12,2023-01-01
2024-09-05 01:00:00,2024-09-05 00:00:00,-12,-5,0.021382703,13,2023-01-01
2024-09-05 01:00:00,2024-09-05 00:00:00,-5,-2,0.018039363,14,2023-01-01
2024-09-05 01:00:00,2024-09-05 00:00:00,-3,-4,0.016514808,15,2023-01-01
2024-09-05 01:00:00,2024-09-05 00:00:00,-2,-2,0.0139489435,16,2023-01-01
2024-09-05 01:00:00,2024-09-05 00:00:00,-11,-5,0.006263453,17,2023-01-01
2024-09-05 01:00:00,2024-09-05 00:00:00,-2,0,0.00620593,18,2023-01-01
2024-09-05 01:00:00,2024-09-05 00:00:00,2,0,0.0050004474,19,2023-01-01
2024-09-05 01:00:00,2024-09-05 00:00:00,0,-2,0.004318599,20,2023-01-01
2024-09-05 01:00:00,2024-09-05 00:00:00,6,-4,0.003974077,21,2023-01-01
2024-09-05 01:00:00,2024-09-05 00:00:00,-5,-1,0.003797985,22,2023-01-01
2024-09-05 01:00:00,2024-09-05 00:00:00,0,17,0.0023134719,23,2023-01-01
2024-09-05 01:00:00,2024-09-05 00:00:00,5,-2,0.0015852187,24,2023-01-01
2024-09-05 01:00:00,2024-09-05 00:00:00,-3,-3,0.0015816977,25,2023-01-01
2024-09-05 01:00:00,2024-09-05 00:00:00,0,8,0.0014631919,26,2023-01-01
2024-09-05 01:00:00,2024-09-05 00:00:00,2,-1,0.0011850124,27,2023-01-01
2024-09-05 01:00:00,2024-09-05 00:00:00,6,-3,0.0011507677,28,2023-01-01
2024-09-05 01:00:00,2024-09-05 00:00:00,-4,-1,0.0009863996,29,2023-01-01
2024-09-05 01:00:00,2024-09-05 00:00:00,4,-1,0.00092122034,30,2023-01-01
2024-09-05 01:00:00,2024-09-05 00:00:00,-4,0,0.00081825553,31,2023-01-01
2024-09-05 01:00:00,2024-09-05 00:00:00,-1,-3,0.00079426024,32,2023-01-01
2024-09-05 01:00:00,2024-09-05 00:00:00,1,-2,0.0006828881,33,2023-01-01
2024-09-05 01:00:00,2024-09-05 00:00:00,8,1,0.0006149601,34,2023-01-01
2024-09-05 01:00:00,2024-09-05 00:00:00,-3,11,0.0006132488,35,2023-01-01
2024-09-05 01:00:00,2024-09-05 00:00:00,-3,0,0.0006040732,36,2023-01-01
2024-09-05 01:00:00,2024-09-05 00:00:00,-1,1,0.0005603455,37,2023-01-01
2024-09-05 01:00:00,2024-09-05 00:00:00,-1,-2,0.0005298044,38,2023-01-01
2024-09-05 01:00:00,2024-09-05 00:00:00,-5,-3,0.0005154247,39,2023-01-01
2024-09-05 01:00:00,2024-09-05 00:00:00,-3,1,0.00041671994,40,2023-01-01
2024-09-05 01:00:00,2024-09-05 00:00:00,3,1,0.00041298696,41,2023-01-01
2024-09-05 01:00:00,2024-09-05 00:00:00,7,-5,0.00039919358,42,2023-01-01
2024-09-05 01:00:00,2024-09-05 00:00:00,2,1,0.00037685517,43,2023-01-01
2024-09-05 01:00:00,2024-09-05 00:00:00,-1,16,0.00037339193,44,2023-01-01
2024-09-05 01:00:00,2024-09-05 00:00:00,7,-4,0.00037214454,45,2023-01-01
2024-09-05 01:00:00,2024-09-05 00:00:00,-5,-4,0.0003714027,46,2023-01-01
2024-09-05 01:00:00,2024-09-05 00:00:00,-4,-4,0.00034082108,47,2023-01-01
2024-09-05 01:00:00,2024-09-05 00:00:00,-3,-1,0.00033282128,48,2023-01-01
2024-09-05 01:00:00,2024-09-05 00:00:00,-1,6,0.00028642852,49,2023-01-01
2024-09-05 01:00:00,2024-09-05 00:00:00,-3,13,0.00027540303,50,2023-01-01
2024-09-05 01:00:00,2024-09-05 00:00:00,-7,-1,0.000275131,51,2023-01-01
2024-09-05 01:00:00,2024-09-05 00:00:00,-1,8,0.00027142538,52,2023-01-01
2024-09-05 01:00:00,2024-09-05 00:00:00,10,3,0.0002695505,53,2023-01-01
2024-09-05 01:00:00,2024-09-05 00:00:00,0,12,0.00026324866,54,2023-01-01
2024-09-05 01:00:00,2024-09-05 00:00:00,3,0,0.00026122775,55,2023-01-01
2024-09-05 01:00:00,2024-09-05 00:00:00,1,6,0.00025992646,56,2023-01-01
2024-09-05 01:00:00,2024-09-05 00:00:00,-9,-1,0.00021974156,57,2023-01-01
2024-09-05 01:00:00,2024-09-05 00:00:00,-10,10,0.00019732166,58,2023-01-01
2024-09-05 01:00:00,2024-09-05 00:00:00,-1,5,0.00019027056,59,2023-01-01
2024-09-05 01:00:00,2024-09-05 00:00:00,-3,-2,0.00018712082,60,2023-01-01
2024-09-05 01:00:00,2024-09-05 00:00:00,-6,-3,0.00017805591,61,2023-01-01
2024-09-05 01:00:00,2024-09-05 00:00:00,9,2,0.00017764878,62,2023-01-01
2024-09-05 01:00:00,2024-09-05 00:00:00,-6,-2,0.00017496658,63,2023-01-01
2024-09-05 01:00:00,2024-09-05 00:00:00,-2,1,0.00017431447,64,2023-01-01
2024-09-05 01:00:00,2024-09-05 00:00:00,-9,-5,0.00016395266,65,2023-01-01
2024-09-05 01:00:00,2024-09-05 00:00:00,0,-3,0.00016274402,66,2023-01-01
2024-09-05 01:00:00,2024-09-05 00:00:00,-5,0,0.00015911629,67,2023-01-01
2024-09-05 01:00:00,2024-09-05 00:00:00,0,1,0.00015424285,68,2023-01-01
2024-09-05 01:00:00,2024-09-05 00:00:00,1,1,0.00015346495,69,2023-01-01
2024-09-05 01:00:00,2024-09-05 00:00:00,-6,4,0.00015071235,70,2023-01-01
2024-09-05 01:00:00,2024-09-05 00:00:00,-5,-5,0.00014519569,71,2023-01-01
2024-09-05 01:00:00,2024-09-05 00:00:00,-1,-4,0.00014485883,72,2023-01-01
2024-09-05 01:00:00,2024-09-05 00:00:00,-2,-5,0.00014213727,73,2023-01-01
2024-09-05 01:00:00,2024-09-05 00:00:00,-1,2,0.00014189,74,2023-01-01
2024-09-05 01:00:00,2024-09-05 00:00:00,-6,1,0.00014180374,75,2023-01-01
2024-09-05 01:00:00,2024-09-05 00:00:00,-5,1,0.00014164227,76,2023-01-01
2024-09-05 01:00:00,2024-09-05 00:00:00,-3,2,0.00013993915,77,2023-01-01
2024-09-05 01:00:00,2024-09-05 00:00:00,-4,2,0.00013955407,78,2023-01-01
2024-09-05 01:00:00,2024-09-05 00:00:00,-7,1,0.00013893984,79,2023-01-01
2024-09-05 01:00:00,2024-09-05 00:00:00,7,4,0.0001377348,80,2023-01-01
2024-09-05 01:00:00,2024-09-05 00:00:00,1,-3,0.00013645382,81,2023-01-01
2024-09-05 01:00:00,2024-09-05 00:00:00,-5,2,0.00013269384,82,2023-01-01
2024-09-05 01:00:00,2024-09-05 00:00:00,1,9,0.00013187669,83,2023-01-01
2024-09-05 01:00:00,2024-09-05 00:00:00,-4,-5,0.00013117204,84,2023-01-01
2024-09-05 01:00:00,2024-09-05 00:00:00,1,-5,0.00013004,85,2023-01-01
2024-09-05 01:00:00,2024-09-05 00:00:00,0,-5,0.00012755982,86,2023-01-01
2024-09-05 01:00:00,2024-09-05 00:00:00,1,2,0.00012523281,87,2023-01-01
2024-09-05 01:00:00,2024-09-05 00:00:00,10,-1,0.0001238598,88,2023-01-01
2024-09-05 01:00:00,2024-09-05 00:00:00,-9,-4,0.00012115783,89,2023-01-01
2024-09-05 01:00:00,2024-09-05 00:00:00,-10,-4,0.00012025845,90,2023-01-01
2024-09-05 01:00:00,2024-09-05 00:00:00,-10,8,0.000119953685,91,2023-01-01
2024-09-05 01:00:00,2024-09-05 00:00:00,-10,-3,0.0001197395,92,2023-01-01
2024-09-05 01:00:00,2024-09-05 00:00:00,-9,0,0.00011779283,93,2023-01-01
2024-09-05 01:00:00,2024-09-05 00:00:00,8,-1,0.00011387974,94,2023-01-01
2024-09-05 01:00:00,2024-09-05 00:00:00,-1,3,0.00010930478,95,2023-01-01
2024-09-05 01:00:00,2024-09-05 00:00:00,-9,6,0.00010864789,96,2023-01-01
2024-09-05 01:00:00,2024-09-05 00:00:00,10,5,0.0001077954,97,2023-01-01
2024-09-05 01:00:00,2024-09-05 00:00:00,2,-3,0.000107561355,98,2023-01-01
2024-09-05 01:00:00,2024-09-05 00:00:00,-2,3,0.0001069163,99,2023-01-01
2024-09-05 01:00:00,2024-09-05 00:00:00,-4,3,0.00010074156,100,2023-01-01
2024-09-05 01:00:00,2024-09-05 00:00:00,-1,18,9.431494e-05,101,2023-01-01
2024-09-05 01:00:00,2024-09-05 00:00:00,4,-6,9.378448e-05,102,2023-01-01
2024-09-05 01:00:00,2024-09-05 00:00:00,2,-2,9.333826e-05,103,2023-01-01
2024-09-05 01:00:00,2024-09-05 00:00:00,-4,19,9.279899e-05,104,2023-01-01
2024-09-05 01:00:00,2024-09-05 00:00:00,6,5,9.224975e-05,105,2023-01-01
2024-09-05 01:00:00,2024-09-05 00:00:00,9,3,9.132089e-05,106,2023-01-01
2024-09-05 01:00:00,2024-09-05 00:00:00,3,-3,8.9643894e-05,107,2023-01-01
2024-09-05 01:00:00,2024-09-05 00:00:00,-1,-6,8.560837e-05,108,2023-01-01
2024-09-05 01:00:00,2024-09-05 00:00:00,-8,6,8.499642e-05,109,2023-01-01
2024-09-05 01:00:00,2024-09-05 00:00:00,4,-4,8.375791e-05,110,2023-01-01
2024-09-05 01:00:00,2024-09-05 00:00:00,-2,13,8.356035e-05,111,2023-01-01
2024-09-05 01:00:00,2024-09-05 00:00:00,-11,-6,8.336394e-05,112,2023-01-01
2024-09-05 01:00:00,2024-09-05 00:00:00,8,-4,8.3090716e-05,113,2023-01-01
2024-09-05 01:00:00,2024-09-05 00:00:00,7,11,8.2652325e-05,114,2023-01-01
2024-09-05 01:00:00,2024-09-05 00:00:00,-6,8,8.22886e-05,115,2023-01-01
2024-09-05 01:00:00,2024-09-05 00:00:00,9,-2,8.147865e-05,116,2023-01-01
2024-09-05 01:00:00,2024-09-05 00:00:00,2,-6,8.00719e-05,117,2023-01-01
2024-09-05 01:00:00,2024-09-05 00:00:00,8,-3,8.006344e-05,118,2023-01-01
2024-09-05 01:00:00,2024-09-05 00:00:00,10,0,7.957371e-05,119,2023-01-01
2024-09-05 01:00:00,2024-09-05 00:00:00,6,11,7.837746e-05,120,2023-01-01
2024-09-05 01:00:00,2024-09-05 00:00:00,5,-3,7.783229e-05,121,2023-01-01
2024-09-05 01:00:00,2024-09-05 00:00:00,-5,4,7.760709e-05,122,2023-01-01
2024-09-05 01:00:00,2024-09-05 00:00:00,5,3,7.674535e-05,123,2023-01-01
2024-09-05 01:00:00,2024-09-05 00:00:00,4,1,7.656252e-05,124,2023-01-01
2024-09-05 01:00:00,2024-09-05 00:00:00,9,0,7.6273216e-05,125,2023-01-01
2024-09-05 01:00:00,2024-09-05 00:00:00,0,13,7.598693e-05,126,2023-01-01
2024-09-05 01:00:00,2024-09-05 00:00:00,3,-1,7.52906e-05,127,2023-01-01
2024-09-05 01:00:00,2024-09-05 00:00:00,8,0,7.527538e-05,128,2023-01-01
2024-09-05 01:00:00,2024-09-05 00:00:00,5,-4,7.490838e-05,129,2023-01-01
2024-09-05 01:00:00,2024-09-05 00:00:00,3,-2,7.486858e-05,130,2023-01-01
2024-09-05 01:00:00,2024-09-05 00:00:00,-5,11,7.45981e-05,131,2023-01-01
2024-09-05 01:00:00,2024-09-05 00:00:00,2,20,7.4465665e-05,132,2023-01-01
2024-09-05 01:00:00,2024-09-05 00:00:00,7,1,7.418228e-05,133,2023-01-01
2024-09-05 01:00:00,2024-09-05 00:00:00,-4,4,7.416829e-05,134,2023-01-01
2024-09-05 01:00:00,2024-09-05 00:00:00,0,-6,7.3906645e-05,135,2023-01-01
2024-09-05 01:00:00,2024-09-05 00:00:00,7,-1,7.3212235e-05,136,2023-01-01
2024-09-05 01:00:00,2024-09-05 00:00:00,1,20,7.185035e-05,137,2023-01-01
2024-09-05 01:00:00,2024-09-05 00:00:00,-6,15,7.154169e-05,138,2023-01-01
2024-09-05 01:00:00,2024-09-05 00:00:00,5,-1,7.096096e-05,139,2023-01-01
2024-09-05 01:00:00,2024-09-05 00:00:00,-4,10,7.093844e-05,140,2023-01-01
2024-09-05 01:00:00,2024-09-05 00:00:00,6,6,7.076238e-05,141,2023-01-01
2024-09-05 01:00:00,2024-09-05 00:00:00,-5,15,7.048828e-05,142,2023-01-01
2024-09-05 01:00:00,2024-09-05 00:00:00,-3,7,6.9577705e-05,143,2023-01-01
2024-09-05 01:00:00,2024-09-05 00:00:00,-1,-7,6.9525435e-05,144,2023-01-01
2024-09-05 01:00:00,2024-09-05 00:00:00,6,3,6.927808e-05,145,2023-01-01
2024-09-05 01:00:00,2024-09-05 00:00:00,1,19,6.828832e-05,146,2023-01-01
2024-09-05 01:00:00,2024-09-05 00:00:00,-3,8,6.8128196e-05,147,2023-01-01
2024-09-05 01:00:00,2024-09-05 00:00:00,0,5,6.798621e-05,148,2023-01-01
2024-09-05 01:00:00,2024-09-05 00:00:00,1,5,6.742494e-05,149,2023-01-01
2024-09-05 01:00:00,2024-09-05 00:00:00,0,19,6.727859e-05,150,2023-01-01
2024-09-05 01:00:00,2024-09-05 00:00:00,0,18,6.677218e-05,151,2023-01-01
2024-09-05 01:00:00,2024-09-05 00:00:00,5,2,6.581512e-05,152,2023-01-01
2024-09-05 01:00:00,2024-09-05 00:00:00,2,-7,6.5764245e-05,153,2023-01-01
2024-09-05 01:00:00,2024-09-05 00:00:00,-4,5,6.4611675e-05,154,2023-01-01
2024-09-05 01:00:00,2024-09-05 00:00:00,-3,18,6.358257e-05,155,2023-01-01
2024-09-05 01:00:00,2024-09-05 00:00:00,3,17,6.332307e-05,156,2023-01-01
2024-09-05 01:00:00,2024-09-05 00:00:00,-4,12,6.320656e-05,157,2023-01-01
2024-09-05 01:00:00,2024-09-05 00:00:00,-4,17,6.141775e-05,158,2023-01-01
2024-09-05 01:00:00,2024-09-05 00:00:00,-2,8,6.141362e-05,159,2023-01-01
2024-09-05 01:00:00,2024-09-05 00:00:00,-5,10,6.127957e-05,160,2023-01-01
2024-09-05 01:00:00,2024-09-05 00:00:00,-3,9,6.0898205e-05,161,2023-01-01
2024-09-05 01:00:00,2024-09-05 00:00:00,2,7,6.0437276e-05,162,2023-01-01
2024-09-05 01:00:00,2024-09-05 00:00:00,-3,15,6.0262984e-05,163,2023-01-01
2024-09-05 01:00:00,2024-09-05 00:00:00,-4,8,6.0248698e-05,164,2023-01-01
2024-09-05 01:00:00,2024-09-05 00:00:00,-1,7,6.0008217e-05,165,2023-01-01
2024-09-05 01:00:00,2024-09-05 00:00:00,2,8,5.960496e-05,166,2023-01-01
2024-09-05 01:00:00,2024-09-05 00:00:00,0,9,5.9529993e-05,167,2023-01-01
2024-09-05 01:00:00,2024-09-05 00:00:00,-5,9,5.9463808e-05,168,2023-01-01
2024-09-05 01:00:00,2024-09-05 00:00:00,-3,12,5.7999107e-05,169,2023-01-01
2024-09-05 01:00:00,2024-09-05 00:00:00,-3,14,5.7724013e-05,170,2023-01-01
2024-09-05 01:00:00,2024-09-05 00:00:00,-1,9,5.7489535e-05,171,2023-01-01
2024-09-05 01:00:00,2024-09-05 00:00:00,-1,11,5.7159545e-05,172,2023-01-01
2024-09-05 01:00:00,2024-09-05 00:00:00,-1,15,5.7013294e-05,173,2023-01-01
2024-09-05 01:00:00,2024-09-05 00:00:00,-2,11,5.6984307e-05,174,2023-01-01
2024-09-05 01:00:00,2024-09-05 00:00:00,-1,13,5.6971632e-05,175,2023-01-01
2024-09-05 01:00:00,2024-09-05 00:00:00,-2,9,5.6780027e-05,176,2023-01-01
2024-09-05 01:00:00,2024-09-05 00:00:00,2,9,5.669138e-05,177,2023-01-01
2024-09-05 01:00:00,2024-09-05 00:00:00,-2,16,5.6508365e-05,178,2023-01-01
2024-09-05 01:00:00,2024-09-05 00:00:00,1,8,5.625928e-05,179,2023-01-01
2024-09-05 01:00:00,2024-09-05 00:00:00,-2,15,5.518281e-05,180,2023-01-01
2024-09-05 01:00:00,2024-09-05 00:00:00,-2,10,5.4888154e-05,181,2023-01-01
2024-09-05 01:00:00,2024-09-05 00:00:00,1,11,5.400136e-05,182,2023-01-01
2024-09-05 01:00:00,2024-09-05 00:00:00,0,14,5.3830565e-05,183,2023-01-01
2024-09-05 01:00:00,2024-09-05 00:00:00,4,14,5.381838e-05,184,2023-01-01
2024-09-05 01:00:00,2024-09-05 00:00:00,1,-7,5.1953753e-05,185,2023-01-01
2024-09-05 01:00:00,2024-09-05 00:00:00,0,11,5.1806175e-05,186,2023-01-01
2024-09-09 01:00:00,2024-09-09 00:00:00,9,1,0.45284328,1,2023-01-01
2024-09-09 01:00:00,2024-09-09 00:00:00,0,0,0.22221605,2,2023-01-01
2024-09-09 01:00:00,2024-09-09 00:00:00,-1,0,0.19459902,3,2023-01-01
2024-09-09 01:00:00,2024-09-09 00:00:00,-2,-3,0.19449371,4,2023-01-01
2024-09-09 01:00:00,2024-09-09 00:00:00,0,-1,0.13670178,5,2023-01-01
2024-09-09 01:00:00,2024-09-09 00:00:00,1,0,0.12423981,6,2023-01-01
2024-09-09 01:00:00,2024-09-09 00:00:00,-1,-1,0.054964107,7,2023-01-01
2024-09-09 01:00:00,2024-09-09 00:00:00,-4,-3,0.0511529,8,2023-01-01
2024-09-09 01:00:00,2024-09-09 00:00:00,-2,-4,0.041651662,9,2023-01-01
2024-09-09 01:00:00,2024-09-09 00:00:00,-5,-2,0.03720491,10,2023-01-01
2024-09-09 01:00:00,2024-09-09 00:00:00,1,-1,0.034702435,11,2023-01-01
2024-09-09 01:00:00,2024-09-09 00:00:00,-3,-4,0.026013365,12,2023-01-01
2024-09-09 01:00:00,2024-09-09 00:00:00,-12,-5,0.023290547,13,2023-01-01
2024-09-09 01:00:00,2024-09-09 00:00:00,-4,-2,0.023168063,14,2023-01-01
2024-09-09 01:00:00,2024-09-09 00:00:00,-2,-1,0.019827867,15,2023-01-01
2024-09-09 01:00:00,2024-09-09 00:00:00,-2,-2,0.018202966,16,2023-01-01
2024-09-09 01:00:00,2024-09-09 00:00:00,-11,-5,0.012216927,17,2023-01-01
2024-09-09 01:00:00,2024-09-09 00:00:00,-2,0,0.006665586,18,2023-01-01
2024-09-09 01:00:00,2024-09-09 00:00:00,6,-4,0.0065633035,19,2023-01-01
2024-09-09 01:00:00,2024-09-09 00:00:00,-3,-3,0.005330036,20,2023-01-01
2024-09-09 01:00:00,2024-09-09 00:00:00,0,17,0.004227332,21,2023-01-01
2024-09-09 01:00:00,2024-09-09 00:00:00,-5,-1,0.0025566306,22,2023-01-01
2024-09-09 01:00:00,2024-09-09 00:00:00,0,-2,0.0023190214,23,2023-01-01
2024-09-09 01:00:00,2024-09-09 00:00:00,5,-2,0.0018362949,24,2023-01-01
2024-09-09 01:00:00,2024-09-09 00:00:00,0,8,0.0017431638,25,2023-01-01
2024-09-09 01:00:00,2024-09-09 00:00:00,6,-3,0.0014005281,26,2023-01-01
2024-09-09 01:00:00,2024-09-09 00:00:00,2,0,0.0010534016,27,2023-01-01
2024-09-09 01:00:00,2024-09-09 00:00:00,-2,13,0.001012507,28,2023-01-01
2024-09-09 01:00:00,2024-09-09 00:00:00,-3,11,0.00089073164,29,2023-01-01
2024-09-09 01:00:00,2024-09-09 00:00:00,2,-1,0.0008092325,30,2023-01-01
2024-09-09 01:00:00,2024-09-09 00:00:00,4,-1,0.00074849464,31,2023-01-01
2024-09-09 01:00:00,2024-09-09 00:00:00,-1,16,0.0006283593,32,2023-01-01
2024-09-09 01:00:00,2024-09-09 00:00:00,8,1,0.0006259868,33,2023-01-01
2024-09-09 01:00:00,2024-09-09 00:00:00,-4,-1,0.0005849219,34,2023-01-01
2024-09-09 01:00:00,2024-09-09 00:00:00,-4,0,0.0005111568,35,2023-01-01
2024-09-09 01:00:00,2024-09-09 00:00:00,-1,-3,0.0005038681,36,2023-01-01
2024-09-09 01:00:00,2024-09-09 00:00:00,1,-2,0.00044138313,37,2023-01-01
2024-09-09 01:00:00,2024-09-09 00:00:00,10,3,0.00040777368,38,2023-01-01
2024-09-09 01:00:00,2024-09-09 00:00:00,-3,0,0.00036919932,39,2023-01-01
2024-09-09 01:00:00,2024-09-09 00:00:00,-1,1,0.00034856866,40,2023-01-01
2024-09-09 01:00:00,2024-09-09 00:00:00,-3,13,0.00033153826,41,2023-01-01
2024-09-09 01:00:00,2024-09-09 00:00:00,-5,-3,0.00032825136,42,2023-01-01
2024-09-09 01:00:00,2024-09-09 00:00:00,-1,8,0.00032540955,43,2023-01-01
2024-09-09 01:00:00,2024-09-09 00:00:00,3,1,0.00031534123,44,2023-01-01
2024-09-09 01:00:00,2024-09-09 00:00:00,-1,-2,0.0002980597,45,2023-01-01
2024-09-09 01:00:00,2024-09-09 00:00:00,7,-4,0.00029631364,46,2023-01-01
2024-09-09 01:00:00,2024-09-09 00:00:00,-1,6,0.0002953338,47,2023-01-01
2024-09-09 01:00:00,2024-09-09 00:00:00,7,-5,0.0002871666,48,2023-01-01
2024-09-09 01:00:00,2024-09-09 00:00:00,-3,1,0.00027957527,49,2023-01-01
2024-09-09 01:00:00,2024-09-09 00:00:00,1,6,0.00027939177,50,2023-01-01
2024-09-09 01:00:00,2024-09-09 00:00:00,-9,-1,0.00026879722,51,2023-01-01
2024-09-09 01:00:00,2024-09-09 00:00:00,2,1,0.0002620677,52,2023-01-01
2024-09-09 01:00:00,2024-09-09 00:00:00,-5,-4,0.0002586642,53,2023-01-01
2024-09-09 01:00:00,2024-09-09 00:00:00,-4,-4,0.00022238381,54,2023-01-01
2024-09-09 01:00:00,2024-09-09 00:00:00,-3,-1,0.00020553014,55,2023-01-01
2024-09-09 01:00:00,2024-09-09 00:00:00,0,12,0.00020031685,56,2023-01-01
2024-09-09 01:00:00,2024-09-09 00:00:00,9,2,0.00019838211,57,2023-01-01
2024-09-09 01:00:00,2024-09-09 00:00:00,-6,4,0.00018541481,58,2023-01-01
2024-09-09 01:00:00,2024-09-09 00:00:00,-10,10,0.00017986825,59,2023-01-01
2024-09-09 01:00:00,2024-09-09 00:00:00,7,4,0.00017751026,60,2023-01-01
2024-09-09 01:00:00,2024-09-09 00:00:00,-9,-5,0.0001767482,61,2023-01-01
2024-09-09 01:00:00,2024-09-09 00:00:00,1,9,0.00016338786,62,2023-01-01
2024-09-09 01:00:00,2024-09-09 00:00:00,-1,5,0.00016329077,63,2023-01-01
2024-09-09 01:00:00,2024-09-09 00:00:00,-9,0,0.0001584135,64,2023-01-01
2024-09-09 01:00:00,2024-09-09 00:00:00,10,5,0.00015693373,65,2023-01-01
2024-09-09 01:00:00,2024-09-09 00:00:00,-7,1,0.00014789826,66,2023-01-01
2024-09-09 01:00:00,2024-09-09 00:00:00,-10,-3,0.00014335652,67,2023-01-01
2024-09-09 01:00:00,2024-09-09 00:00:00,-6,-3,0.00013279694,68,2023-01-01
2024-09-09 01:00:00,2024-09-09 00:00:00,-9,6,0.00012862893,69,2023-01-01
2024-09-09 01:00:00,2024-09-09 00:00:00,-6,-2,0.00012597795,70,2023-01-01
2024-09-09 01:00:00,2024-09-09 00:00:00,-6,1,0.00012594371,71,2023-01-01
2024-09-09 01:00:00,2024-09-09 00:00:00,-10,8,0.00012545667,72,2023-01-01
2024-09-09 01:00:00,2024-09-09 00:00:00,-1,18,0.00012527849,73,2023-01-01
2024-09-09 01:00:00,2024-09-09 00:00:00,6,5,0.0001244161,74,2023-01-01
2024-09-09 01:00:00,2024-09-09 00:00:00,-9,-4,0.00012436042,75,2023-01-01
2024-09-09 01:00:00,2024-09-09 00:00:00,-10,-4,0.000121926634,76,2023-01-01
2024-09-09 01:00:00,2024-09-09 00:00:00,-7,-1,0.00012186191,77,2023-01-01
2024-09-09 01:00:00,2024-09-09 00:00:00,10,-1,0.000121572084,78,2023-01-01
2024-09-09 01:00:00,2024-09-09 00:00:00,-4,19,0.00011988349,79,2023-01-01
2024-09-09 01:00:00,2024-09-09 00:00:00,-5,-5,0.00011612816,80,2023-01-01
2024-09-09 01:00:00,2024-09-09 00:00:00,-5,2,0.00011609443,81,2023-01-01
2024-09-09 01:00:00,2024-09-09 00:00:00,9,3,0.0001151657,82,2023-01-01
2024-09-09 01:00:00,2024-09-09 00:00:00,-2,1,0.000113748094,83,2023-01-01
2024-09-09 01:00:00,2024-09-09 00:00:00,0,-3,0.00011218374,84,2023-01-01
2024-09-09 01:00:00,2024-09-09 00:00:00,-5,1,0.000111955764,85,2023-01-01
2024-09-09 01:00:00,2024-09-09 00:00:00,-4,2,0.000110554065,86,2023-01-01
2024-09-09 01:00:00,2024-09-09 00:00:00,8,-1,0.00010983014,87,2023-01-01
2024-09-09 01:00:00,2024-09-09 00:00:00,0,-5,0.0001070319,88,2023-01-01
2024-09-09 01:00:00,2024-09-09 00:00:00,-1,-4,0.000107007894,89,2023-01-01
2024-09-09 01:00:00,2024-09-09 00:00:00,-4,-5,0.00010618491,90,2023-01-01
2024-09-09 01:00:00,2024-09-09 00:00:00,-3,-2,0.00010468733,91,2023-01-01
2024-09-09 01:00:00,2024-09-09 00:00:00,0,13,0.000104633706,92,2023-01-01
2024-09-09 01:00:00,2024-09-09 00:00:00,-5,0,0.00010386282,93,2023-01-01
2024-09-09 01:00:00,2024-09-09 00:00:00,-8,6,0.00010354151,94,2023-01-01
2024-09-09 01:00:00,2024-09-09 00:00:00,-2,-5,0.00010318594,95,2023-01-01
2024-09-09 01:00:00,2024-09-09 00:00:00,-3,2,0.00010278792,96,2023-01-01
2024-09-09 01:00:00,2024-09-09 00:00:00,1,-3,0.00010255054,97,2023-01-01
2024-09-09 01:00:00,2024-09-09 00:00:00,0,1,0.00010225037,98,2023-01-01
2024-09-09 01:00:00,2024-09-09 00:00:00,1,-5,0.00010198038,99,2023-01-01
2024-09-09 01:00:00,2024-09-09 00:00:00,-4,3,0.00010193215,100,2023-01-01
2024-09-09 01:00:00,2024-09-09 00:00:00,1,1,0.00010019823,101,2023-01-01
2024-09-09 01:00:00,2024-09-09 00:00:00,-1,2,9.8835655e-05,102,2023-01-01
2024-09-09 01:00:00,2024-09-09 00:00:00,2,20,9.808352e-05,103,2023-01-01
2024-09-09 01:00:00,2024-09-09 00:00:00,1,20,9.6768104e-05,104,2023-01-01
2024-09-09 01:00:00,2024-09-09 00:00:00,1,2,9.393725e-05,105,2023-01-01
2024-09-09 01:00:00,2024-09-09 00:00:00,-1,3,9.1893635e-05,106,2023-01-01
2024-09-09 01:00:00,2024-09-09 00:00:00,-2,3,9.177371e-05,107,2023-01-01
2024-09-09 01:00:00,2024-09-09 00:00:00,-5,4,9.131531e-05,108,2023-01-01
2024-09-09 01:00:00,2024-09-09 00:00:00,6,6,8.946183e-05,109,2023-01-01
2024-09-09 01:00:00,2024-09-09 00:00:00,0,19,8.885681e-05,110,2023-01-01
2024-09-09 01:00:00,2024-09-09 00:00:00,1,19,8.885681e-05,111,2023-01-01
2024-09-09 01:00:00,2024-09-09 00:00:00,2,-3,8.588873e-05,112,2023-01-01
2024-09-09 01:00:00,2024-09-09 00:00:00,4,-6,8.539392e-05,113,2023-01-01
2024-09-09 01:00:00,2024-09-09 00:00:00,3,17,8.390203e-05,114,2023-01-01
2024-09-09 01:00:00,2024-09-09 00:00:00,7,11,8.378847e-05,115,2023-01-01
2024-09-09 01:00:00,2024-09-09 00:00:00,6,3,8.3207844e-05,116,2023-01-01
2024-09-09 01:00:00,2024-09-09 00:00:00,10,0,8.134092e-05,117,2023-01-01
2024-09-09 01:00:00,2024-09-09 00:00:00,5,3,8.061794e-05,118,2023-01-01
2024-09-09 01:00:00,2024-09-09 00:00:00,0,18,8.013781e-05,119,2023-01-01
2024-09-09 01:00:00,2024-09-09 00:00:00,-5,11,7.948324e-05,120,2023-01-01
2024-09-09 01:00:00,2024-09-09 00:00:00,-4,4,7.915846e-05,121,2023-01-01
2024-09-09 01:00:00,2024-09-09 00:00:00,6,11,7.911881e-05,122,2023-01-01
2024-09-09 01:00:00,2024-09-09 00:00:00,-3,18,7.849588e-05,123,2023-01-01
2024-09-09 01:00:00,2024-09-09 00:00:00,-6,15,7.726682e-05,124,2023-01-01
2024-09-09 01:00:00,2024-09-09 00:00:00,-5,15,7.706944e-05,125,2023-01-01
2024-09-09 01:00:00,2024-09-09 00:00:00,-11,-6,7.6764954e-05,126,2023-01-01
2024-09-09 01:00:00,2024-09-09 00:00:00,-6,8,7.577164e-05,127,2023-01-01
2024-09-09 01:00:00,2024-09-09 00:00:00,0,5,7.530686e-05,128,2023-01-01
2024-09-09 01:00:00,2024-09-09 00:00:00,-4,12,7.522063e-05,129,2023-01-01
2024-09-09 01:00:00,2024-09-09 00:00:00,-4,17,7.507251e-05,130,2023-01-01
2024-09-09 01:00:00,2024-09-09 00:00:00,2,-6,7.497707e-05,131,2023-01-01
2024-09-09 01:00:00,2024-09-09 00:00:00,-5,9,7.492827e-05,132,2023-01-01
2024-09-09 01:00:00,2024-09-09 00:00:00,-5,10,7.492827e-05,133,2023-01-01
2024-09-09 01:00:00,2024-09-09 00:00:00,1,5,7.394485e-05,134,2023-01-01
2024-09-09 01:00:00,2024-09-09 00:00:00,4,-4,7.348405e-05,135,2023-01-01
2024-09-09 01:00:00,2024-09-09 00:00:00,-3,8,7.3327195e-05,136,2023-01-01
2024-09-09 01:00:00,2024-09-09 00:00:00,2,-2,7.3326904e-05,137,2023-01-01
2024-09-09 01:00:00,2024-09-09 00:00:00,-4,8,7.330863e-05,138,2023-01-01
2024-09-09 01:00:00,2024-09-09 00:00:00,-4,10,7.311375e-05,139,2023-01-01
2024-09-09 01:00:00,2024-09-09 00:00:00,9,0,7.274257e-05,140,2023-01-01
2024-09-09 01:00:00,2024-09-09 00:00:00,3,-3,7.2398245e-05,141,2023-01-01
2024-09-09 01:00:00,2024-09-09 00:00:00,-1,-6,7.238975e-05,142,2023-01-01
2024-09-09 01:00:00,2024-09-09 00:00:00,9,-2,7.229129e-05,143,2023-01-01
2024-09-09 01:00:00,2024-09-09 00:00:00,-3,15,7.224238e-05,144,2023-01-01
2024-09-09 01:00:00,2024-09-09 00:00:00,-3,7,7.189037e-05,145,2023-01-01
2024-09-09 01:00:00,2024-09-09 00:00:00,2,8,7.152492e-05,146,2023-01-01
2024-09-09 01:00:00,2024-09-09 00:00:00,5,-3,7.149347e-05,147,2023-01-01
2024-09-09 01:00:00,2024-09-09 00:00:00,4,14,7.138223e-05,148,2023-01-01
2024-09-09 01:00:00,2024-09-09 00:00:00,-2,16,7.111596e-05,149,2023-01-01
2024-09-09 01:00:00,2024-09-09 00:00:00,1,8,7.097038e-05,150,2023-01-01
2024-09-09 01:00:00,2024-09-09 00:00:00,-2,8,7.0296825e-05,151,2023-01-01
2024-09-09 01:00:00,2024-09-09 00:00:00,8,-4,7.02324e-05,152,2023-01-01
2024-09-09 01:00:00,2024-09-09 00:00:00,8,-3,7.0168724e-05,153,2023-01-01
2024-09-09 01:00:00,2024-09-09 00:00:00,2,7,6.992985e-05,154,2023-01-01
2024-09-09 01:00:00,2024-09-09 00:00:00,-3,14,6.987708e-05,155,2023-01-01
2024-09-09 01:00:00,2024-09-09 00:00:00,2,9,6.941864e-05,156,2023-01-01
2024-09-09 01:00:00,2024-09-09 00:00:00,-2,15,6.918743e-05,157,2023-01-01
2024-09-09 01:00:00,2024-09-09 00:00:00,-1,15,6.918743e-05,158,2023-01-01
2024-09-09 01:00:00,2024-09-09 00:00:00,5,-4,6.909797e-05,159,2023-01-01
2024-09-09 01:00:00,2024-09-09 00:00:00,0,9,6.904282e-05,160,2023-01-01
2024-09-09 01:00:00,2024-09-09 00:00:00,3,-2,6.9035385e-05,161,2023-01-01
2024-09-09 01:00:00,2024-09-09 00:00:00,-3,9,6.894627e-05,162,2023-01-01
2024-09-09 01:00:00,2024-09-09 00:00:00,-4,5,6.889236e-05,163,2023-01-01
2024-09-09 01:00:00,2024-09-09 00:00:00,0,14,6.8117406e-05,164,2023-01-01
2024-09-09 01:00:00,2024-09-09 00:00:00,1,11,6.80979e-05,165,2023-01-01
2024-09-09 01:00:00,2024-09-09 00:00:00,8,0,6.766566e-05,166,2023-01-01
2024-09-09 01:00:00,2024-09-09 00:00:00,-1,9,6.765646e-05,167,2023-01-01
2024-09-09 01:00:00,2024-09-09 00:00:00,-1,7,6.751344e-05,168,2023-01-01
2024-09-09 01:00:00,2024-09-09 00:00:00,-3,12,6.737764e-05,169,2023-01-01
2024-09-09 01:00:00,2024-09-09 00:00:00,0,11,6.719216e-05,170,2023-01-01
2024-09-09 01:00:00,2024-09-09 00:00:00,-2,9,6.693477e-05,171,2023-01-01
2024-09-09 01:00:00,2024-09-09 00:00:00,-2,10,6.645239e-05,172,2023-01-01
2024-09-09 01:00:00,2024-09-09 00:00:00,-2,11,6.645239e-05,173,2023-01-01
2024-09-09 01:00:00,2024-09-09 00:00:00,-1,11,6.645239e-05,174,2023-01-01
2024-09-09 01:00:00,2024-09-09 00:00:00,-1,13,6.645239e-05,175,2023-01-01
2024-09-09 01:00:00,2024-09-09 00:00:00,7,-1,6.641882e-05,176,2023-01-01
2024-09-09 01:00:00,2024-09-09 00:00:00,3,0,6.607255e-05,177,2023-01-01
2024-09-09 01:00:00,2024-09-09 00:00:00,5,-1,6.403359e-05,178,2023-01-01
2024-09-09 01:00:00,2024-09-09 00:00:00,3,-1,6.400372e-05,179,2023-01-01
2024-09-09 01:00:00,2024-09-09 00:00:00,5,2,6.238934e-05,180,2023-01-01
2024-09-09 01:00:00,2024-09-09 00:00:00,7,1,6.201706e-05,181,2023-01-01
2024-09-09 01:00:00,2024-09-09 00:00:00,0,-6,6.185429e-05,182,2023-01-01
2024-09-09 01:00:00,2024-09-09 00:00:00,2,-7,6.1609455e-05,183,2023-01-01
2024-09-09 01:00:00,2024-09-09 00:00:00,-1,-7,6.107549e-05,184,2023-01-01
2024-09-09 01:00:00,2024-09-09 00:00:00,1,-7,6.0780858e-05,185,2023-01-01
2024-09-09 01:00:00,2024-09-09 00:00:00,4,1,5.9561757e-05,186,2023-01-01
2024-09-14 00:00:00,2024-09-13 23:00:00,9,1,0.58720356,1,2023-01-01
2024-09-14 00:00:00,2024-09-13 23:00:00,0,0,0.22123797,2,2023-01-01
2024-09-14 00:00:00,2024-09-13 23:00:00,1,0,0.09021985,3,2023-01-01
2024-09-14 00:00:00,2024-09-13 23:00:00,-1,0,0.062689476,4,2023-01-01
2024-09-14 00:00:00,2024-09-13 23:00:00,-12,-5,0.05396281,5,2023-01-01
2024-09-14 00:00:00,2024-09-13 23:00:00,0,-1,0.040844798,6,2023-01-01
2024-09-14 00:00:00,2024-09-13 23:00:00,-2,-3,0.04024885,7,2023-01-01
2024-09-14 00:00:00,2024-09-13 23:00:00,-3,-4,0.038805377,8,2023-01-01
2024-09-14 00:00:00,2024-09-13 23:00:00,-11,-5,0.024946189,9,2023-01-01
2024-09-14 00:00:00,2024-09-13 23:00:00,-2,-4,0.022514606,10,2023-01-01
2024-09-14 00:00:00,2024-09-13 23:00:00,1,-1,0.01947547,11,2023-01-01
2024-09-14 00:00:00,2024-09-13 23:00:00,-5,-2,0.016094295,12,2023-01-01
2024-09-14 00:00:00,2024-09-13 23:00:00,-1,-1,0.0146202035,13,2023-01-01
2024-09-14 00:00:00,2024-09-13 23:00:00,-2,-2,0.011940229,14,2023-01-01
2024-09-14 00:00:00,2024-09-13 23:00:00,-4,-2,0.011813696,15,2023-01-01
2024-09-14 00:00:00,2024-09-13 23:00:00,-2,-1,0.011373782,16,2023-01-01
2024-09-14 00:00:00,2024-09-13 23:00:00,-4,-3,0.009104398,17,2023-01-01
2024-09-14 00:00:00,2024-09-13 23:00:00,6,-4,0.008530967,18,2023-01-01
2024-09-14 00:00:00,2024-09-13 23:00:00,0,17,0.00758378,19,2023-01-01
2024-09-14 00:00:00,2024-09-13 23:00:00,-2,0,0.006032318,20,2023-01-01
2024-09-14 00:00:00,2024-09-13 23:00:00,0,8,0.0050498326,21,2023-01-01
2024-09-14 00:00:00,2024-09-13 23:00:00,-3,-3,0.0033945974,22,2023-01-01
2024-09-14 00:00:00,2024-09-13 23:00:00,0,-2,0.0031627305,23,2023-01-01
2024-09-14 00:00:00,2024-09-13 23:00:00,5,-2,0.0031260066,24,2023-01-01
2024-09-14 00:00:00,2024-09-13 23:00:00,-5,-1,0.0025104315,25,2023-01-01
2024-09-14 00:00:00,2024-09-13 23:00:00,6,-3,0.0024201823,26,2023-01-01
2024-09-14 00:00:00,2024-09-13 23:00:00,2,-1,0.0016663494,27,2023-01-01
2024-09-14 00:00:00,2024-09-13 23:00:00,2,0,0.0015459397,28,2023-01-01
2024-09-14 00:00:00,2024-09-13 23:00:00,-2,13,0.0011875388,29,2023-01-01
2024-09-14 00:00:00,2024-09-13 23:00:00,4,-1,0.0010497295,30,2023-01-01
2024-09-14 00:00:00,2024-09-13 23:00:00,-3,11,0.0009403687,31,2023-01-01
2024-09-14 00:00:00,2024-09-13 23:00:00,-1,16,0.0008617854,32,2023-01-01
2024-09-14 00:00:00,2024-09-13 23:00:00,8,1,0.00083537446,33,2023-01-01
2024-09-14 00:00:00,2024-09-13 23:00:00,-1,-3,0.0007125907,34,2023-01-01
2024-09-14 00:00:00,2024-09-13 23:00:00,-4,-1,0.0006610309,35,2023-01-01
2024-09-14 00:00:00,2024-09-13 23:00:00,1,-2,0.00065527676,36,2023-01-01
2024-09-14 00:00:00,2024-09-13 23:00:00,10,3,0.0005709393,37,2023-01-01
2024-09-14 00:00:00,2024-09-13 23:00:00,-1,1,0.0005609696,38,2023-01-01
2024-09-14 00:00:00,2024-09-13 23:00:00,-1,8,0.00054899557,39,2023-01-01
2024-09-14 00:00:00,2024-09-13 23:00:00,-4,0,0.00053994305,40,2023-01-01
2024-09-14 00:00:00,2024-09-13 23:00:00,-1,6,0.00051831274,41,2023-01-01
2024-09-14 00:00:00,2024-09-13 23:00:00,7,-5,0.00050952897,42,2023-01-01
2024-09-14 00:00:00,2024-09-13 23:00:00,-3,0,0.0005034185,43,2023-01-01
2024-09-14 00:00:00,2024-09-13 23:00:00,7,-4,0.00048500477,44,2023-01-01
2024-09-14 00:00:00,2024-09-13 23:00:00,2,1,0.00046333275,45,2023-01-01
2024-09-14 00:00:00,2024-09-13 23:00:00,-1,-2,0.00040888414,46,2023-01-01
2024-09-14 00:00:00,2024-09-13 23:00:00,-3,13,0.00040118152,47,2023-01-01
2024-09-14 00:00:00,2024-09-13 23:00:00,-5,-3,0.00039875356,48,2023-01-01
2024-09-14 00:00:00,2024-09-13 23:00:00,-3,1,0.00039150586,49,2023-01-01
2024-09-14 00:00:00,2024-09-13 23:00:00,-9,-1,0.00037005066,50,2023-01-01
2024-09-14 00:00:00,2024-09-13 23:00:00,1,6,0.00036560057,51,2023-01-01
2024-09-14 00:00:00,2024-09-13 23:00:00,0,12,0.00036239487,52,2023-01-01
2024-09-14 00:00:00,2024-09-13 23:00:00,7,4,0.00030917252,53,2023-01-01
2024-09-14 00:00:00,2024-09-13 23:00:00,1,9,0.00030522447,54,2023-01-01
2024-09-14 00:00:00,2024-09-13 23:00:00,-5,-4,0.00030194307,55,2023-01-01
2024-09-14 00:00:00,2024-09-13 23:00:00,-9,-5,0.00029876144,56,2023-01-01
2024-09-14 00:00:00,2024-09-13 23:00:00,-4,-4,0.00029839922,57,2023-01-01
2024-09-14 00:00:00,2024-09-13 23:00:00,9,2,0.00027761242,58,2023-01-01
2024-09-14 00:00:00,2024-09-13 23:00:00,10,5,0.0002714246,59,2023-01-01
2024-09-14 00:00:00,2024-09-13 23:00:00,-10,10,0.00026609865,60,2023-01-01
2024-09-14 00:00:00,2024-09-13 23:00:00,-3,-1,0.00026388012,61,2023-01-01
2024-09-14 00:00:00,2024-09-13 23:00:00,-6,4,0.00026091575,62,2023-01-01
2024-09-14 00:00:00,2024-09-13 23:00:00,-1,5,0.0002273955,63,2023-01-01
2024-09-14 00:00:00,2024-09-13 23:00:00,6,5,0.00021808699,64,2023-01-01
2024-09-14 00:00:00,2024-09-13 23:00:00,-10,-3,0.0002087467,65,2023-01-01
2024-09-14 00:00:00,2024-09-13 23:00:00,-10,-4,0.00020447055,66,2023-01-01
2024-09-14 00:00:00,2024-09-13 23:00:00,-9,0,0.00020345255,67,2023-01-01
2024-09-14 00:00:00,2024-09-13 23:00:00,-9,-4,0.0001997456,68,2023-01-01
2024-09-14 00:00:00,2024-09-13 23:00:00,9,3,0.00019815349,69,2023-01-01
2024-09-14 00:00:00,2024-09-13 23:00:00,3,1,0.00018923431,70,2023-01-01
2024-09-14 00:00:00,2024-09-13 23:00:00,10,-1,0.000188153,71,2023-01-01
2024-09-14 00:00:00,2024-09-13 23:00:00,8,-1,0.00017198439,72,2023-01-01
2024-09-14 00:00:00,2024-09-13 23:00:00,0,13,0.00016993511,73,2023-01-01
2024-09-14 00:00:00,2024-09-13 23:00:00,-2,1,0.0001686591,74,2023-01-01
2024-09-14 00:00:00,2024-09-13 23:00:00,-7,1,0.0001640654,75,2023-01-01
2024-09-14 00:00:00,2024-09-13 23:00:00,-1,18,0.00016353115,76,2023-01-01
2024-09-14 00:00:00,2024-09-13 23:00:00,2,20,0.00016105484,77,2023-01-01
2024-09-14 00:00:00,2024-09-13 23:00:00,0,-3,0.00015600714,78,2023-01-01
2024-09-14 00:00:00,2024-09-13 23:00:00,-4,19,0.00015356301,79,2023-01-01
2024-09-14 00:00:00,2024-09-13 23:00:00,1,20,0.000150866,80,2023-01-01
2024-09-14 00:00:00,2024-09-13 23:00:00,-4,2,0.0001473,81,2023-01-01
2024-09-14 00:00:00,2024-09-13 23:00:00,1,-3,0.0001469271,82,2023-01-01
2024-09-14 00:00:00,2024-09-13 23:00:00,-1,-4,0.00014679496,83,2023-01-01
2024-09-14 00:00:00,2024-09-13 23:00:00,0,-5,0.00014642747,84,2023-01-01
2024-09-14 00:00:00,2024-09-13 23:00:00,-5,2,0.00014593166,85,2023-01-01
2024-09-14 00:00:00,2024-09-13 23:00:00,-2,-5,0.0001451051,86,2023-01-01
2024-09-14 00:00:00,2024-09-13 23:00:00,1,-5,0.00014466634,87,2023-01-01
2024-09-14 00:00:00,2024-09-13 23:00:00,-6,1,0.00014445475,88,2023-01-01
2024-09-14 00:00:00,2024-09-13 23:00:00,-9,6,0.00014400804,89,2023-01-01
2024-09-14 00:00:00,2024-09-13 23:00:00,-3,2,0.00014345293,90,2023-01-01
2024-09-14 00:00:00,2024-09-13 23:00:00,-1,2,0.00014259796,91,2023-01-01
2024-09-14 00:00:00,2024-09-13 23:00:00,1,2,0.00014247441,92,2023-01-01
2024-09-14 00:00:00,2024-09-13 23:00:00,-7,-1,0.00014139392,93,2023-01-01
2024-09-14 00:00:00,2024-09-13 23:00:00,1,1,0.00014109437,94,2023-01-01
2024-09-14 00:00:00,2024-09-13 23:00:00,3,17,0.00014071481,95,2023-01-01
2024-09-14 00:00:00,2024-09-13 23:00:00,-4,-5,0.00014045573,96,2023-01-01
2024-09-14 00:00:00,2024-09-13 23:00:00,0,1,0.0001403801,97,2023-01-01
2024-09-14 00:00:00,2024-09-13 23:00:00,7,11,0.00013787135,98,2023-01-01
2024-09-14 00:00:00,2024-09-13 23:00:00,1,19,0.00013554905,99,2023-01-01
2024-09-14 00:00:00,2024-09-13 23:00:00,2,-3,0.0001354771,100,2023-01-01
2024-09-14 00:00:00,2024-09-13 23:00:00,4,-6,0.00013448721,101,2023-01-01
2024-09-14 00:00:00,2024-09-13 23:00:00,-1,3,0.00013384245,102,2023-01-01
2024-09-14 00:00:00,2024-09-13 23:00:00,-11,-6,0.0001312679,103,2023-01-01
2024-09-14 00:00:00,2024-09-13 23:00:00,-6,-3,0.00013086066,104,2023-01-01
2024-09-14 00:00:00,2024-09-13 23:00:00,6,11,0.00012931791,105,2023-01-01
2024-09-14 00:00:00,2024-09-13 23:00:00,-10,8,0.0001289092,106,2023-01-01
2024-09-14 00:00:00,2024-09-13 23:00:00,0,9,0.00012831215,107,2023-01-01
2024-09-14 00:00:00,2024-09-13 23:00:00,4,14,0.00012762203,108,2023-01-01
2024-09-14 00:00:00,2024-09-13 23:00:00,-3,-2,0.00012743073,109,2023-01-01
2024-09-14 00:00:00,2024-09-13 23:00:00,0,19,0.00012670927,110,2023-01-01
2024-09-14 00:00:00,2024-09-13 23:00:00,-2,3,0.0001258838,111,2023-01-01
2024-09-14 00:00:00,2024-09-13 23:00:00,0,18,0.00012570464,112,2023-01-01
2024-09-14 00:00:00,2024-09-13 23:00:00,1,11,0.00012416906,113,2023-01-01
2024-09-14 00:00:00,2024-09-13 23:00:00,2,8,0.00012366472,114,2023-01-01
2024-09-14 00:00:00,2024-09-13 23:00:00,-6,-2,0.00012346137,115,2023-01-01
2024-09-14 00:00:00,2024-09-13 23:00:00,6,6,0.00012314852,116,2023-01-01
2024-09-14 00:00:00,2024-09-13 23:00:00,10,0,0.00012254348,117,2023-01-01
2024-09-14 00:00:00,2024-09-13 23:00:00,5,3,0.00012193346,118,2023-01-01
2024-09-14 00:00:00,2024-09-13 23:00:00,2,9,0.00012177112,119,2023-01-01
2024-09-14 00:00:00,2024-09-13 23:00:00,2,-6,0.00012116312,120,2023-01-01
2024-09-14 00:00:00,2024-09-13 23:00:00,-1,11,0.000119895434,121,2023-01-01
2024-09-14 00:00:00,2024-09-13 23:00:00,-5,4,0.00011933364,122,2023-01-01
2024-09-14 00:00:00,2024-09-13 23:00:00,1,8,0.00011922561,123,2023-01-01
2024-09-14 00:00:00,2024-09-13 23:00:00,-5,0,0.00011603586,124,2023-01-01
2024-09-14 00:00:00,2024-09-13 23:00:00,6,3,0.00011568535,125,2023-01-01
2024-09-14 00:00:00,2024-09-13 23:00:00,-1,13,0.00011521395,126,2023-01-01
2024-09-14 00:00:00,2024-09-13 23:00:00,9,0,0.0001147239,127,2023-01-01
2024-09-14 00:00:00,2024-09-13 23:00:00,-4,3,0.000114420916,128,2023-01-01
2024-09-14 00:00:00,2024-09-13 23:00:00,-5,-5,0.000114240065,129,2023-01-01
2024-09-14 00:00:00,2024-09-13 23:00:00,1,5,0.000114003,130,2023-01-01
2024-09-14 00:00:00,2024-09-13 23:00:00,2,-2,0.00011272551,131,2023-01-01
2024-09-14 00:00:00,2024-09-13 23:00:00,2,7,0.000112132955,132,2023-01-01
2024-09-14 00:00:00,2024-09-13 23:00:00,-8,6,0.00011186962,133,2023-01-01
2024-09-14 00:00:00,2024-09-13 23:00:00,-3,7,0.00011174045,134,2023-01-01
2024-09-14 00:00:00,2024-09-13 23:00:00,3,-3,0.00011156028,135,2023-01-01
2024-09-14 00:00:00,2024-09-13 23:00:00,9,-2,0.000111288864,136,2023-01-01
2024-09-14 00:00:00,2024-09-13 23:00:00,0,11,0.00011091165,137,2023-01-01
2024-09-14 00:00:00,2024-09-13 23:00:00,4,-4,0.00011078682,138,2023-01-01
2024-09-14 00:00:00,2024-09-13 23:00:00,-1,-6,0.00011076141,139,2023-01-01
2024-09-14 00:00:00,2024-09-13 23:00:00,-1,15,0.00011051607,140,2023-01-01
2024-09-14 00:00:00,2024-09-13 23:00:00,-4,17,0.000110375055,141,2023-01-01
2024-09-14 00:00:00,2024-09-13 23:00:00,0,5,0.00011030748,142,2023-01-01
2024-09-14 00:00:00,2024-09-13 23:00:00,-3,18,0.00011025616,143,2023-01-01
2024-09-14 00:00:00,2024-09-13 23:00:00,-4,5,0.00011016867,144,2023-01-01
2024-09-14 00:00:00,2024-09-13 23:00:00,0,14,0.0001097812,145,2023-01-01
2024-09-14 00:00:00,2024-09-13 23:00:00,-4,4,0.00010968511,146,2023-01-01
2024-09-14 00:00:00,2024-09-13 23:00:00,8,-4,0.000106591964,147,2023-01-01
2024-09-14 00:00:00,2024-09-13 23:00:00,-1,7,0.0001063944,148,2023-01-01
2024-09-14 00:00:00,2024-09-13 23:00:00,5,2,0.00010563456,149,2023-01-01
2024-09-14 00:00:00,2024-09-13 23:00:00,-2,16,0.000104484825,150,2023-01-01
2024-09-14 00:00:00,2024-09-13 23:00:00,5,-3,0.00010381088,151,2023-01-01
2024-09-14 00:00:00,2024-09-13 23:00:00,8,0,0.00010360333,152,2023-01-01
2024-09-14 00:00:00,2024-09-13 23:00:00,7,1,0.00010231262,153,2023-01-01
2024-09-14 00:00:00,2024-09-13 23:00:00,5,-4,0.00010170441,154,2023-01-01
2024-09-14 00:00:00,2024-09-13 23:00:00,-1,9,0.00010139544,155,2023-01-01
2024-09-14 00:00:00,2024-09-13 23:00:00,-6,15,0.00010109227,156,2023-01-01
2024-09-14 00:00:00,2024-09-13 23:00:00,-5,1,0.00010078222,157,2023-01-01
2024-09-14 00:00:00,2024-09-13 23:00:00,-2,15,0.00010061445,158,2023-01-01
2024-09-14 00:00:00,2024-09-13 23:00:00,3,-2,0.00010058435,159,2023-01-01
2024-09-14 00:00:00,2024-09-13 23:00:00,8,-3,0.00010041285,160,2023-01-01
2024-09-14 00:00:00,2024-09-13 23:00:00,-5,15,9.959998e-05,161,2023-01-01
2024-09-14 00:00:00,2024-09-13 23:00:00,7,-1,9.94629e-05,162,2023-01-01
2024-09-14 00:00:00,2024-09-13 23:00:00,0,-6,9.791885e-05,163,2023-01-01
2024-09-14 00:00:00,2024-09-13 23:00:00,-3,8,9.762502e-05,164,2023-01-01
2024-09-14 00:00:00,2024-09-13 23:00:00,-2,8,9.7422024e-05,165,2023-01-01
2024-09-14 00:00:00,2024-09-13 23:00:00,3,0,9.661028e-05,166,2023-01-01
2024-09-14 00:00:00,2024-09-13 23:00:00,3,-1,9.5468306e-05,167,2023-01-01
2024-09-14 00:00:00,2024-09-13 23:00:00,-5,11,9.53037e-05,168,2023-01-01
2024-09-14 00:00:00,2024-09-13 23:00:00,-3,15,9.519568e-05,169,2023-01-01
2024-09-14 00:00:00,2024-09-13 23:00:00,-6,8,9.4656636e-05,170,2023-01-01
2024-09-14 00:00:00,2024-09-13 23:00:00,-5,9,9.459124e-05,171,2023-01-01
2024-09-14 00:00:00,2024-09-13 23:00:00,-5,10,9.459124e-05,172,2023-01-01
2024-09-14 00:00:00,2024-09-13 23:00:00,5,-1,9.43399e-05,173,2023-01-01
2024-09-14 00:00:00,2024-09-13 23:00:00,-4,8,9.429703e-05,174,2023-01-01
2024-09-14 00:00:00,2024-09-13 23:00:00,4,1,9.348596e-05,175,2023-01-01
2024-09-14 00:00:00,2024-09-13 23:00:00,2,-7,9.3100454e-05,176,2023-01-01
2024-09-14 00:00:00,2024-09-13 23:00:00,-2,10,9.273811e-05,177,2023-01-01
2024-09-14 00:00:00,2024-09-13 23:00:00,-2,9,9.2622e-05,178,2023-01-01
2024-09-14 00:00:00,2024-09-13 23:00:00,-3,9,9.207207e-05,179,2023-01-01
2024-09-14 00:00:00,2024-09-13 23:00:00,1,-7,9.1700895e-05,180,2023-01-01
2024-09-14 00:00:00,2024-09-13 23:00:00,-4,10,9.115734e-05,181,2023-01-01
2024-09-14 00:00:00,2024-09-13 23:00:00,-4,12,8.933225e-05,182,2023-01-01
2024-09-14 00:00:00,2024-09-13 23:00:00,-3,12,8.8564535e-05,183,2023-01-01
2024-09-14 00:00:00,2024-09-13 23:00:00,-1,-7,8.81978e-05,184,2023-01-01
2024-09-14 00:00:00,2024-09-13 23:00:00,-2,11,8.675788e-05,185,2023-01-01
2024-09-14 00:00:00,2024-09-13 23:00:00,-3,14,8.610604e-05,186,2023-01-01
2025-08-08 23:00:00,2025-08-08 22:00:00,-4,-3,0.29327953,1,2023-01-01
2025-08-08 23:00:00,2025-08-08 22:00:00,9,1,0.20512895,2,2023-01-01
2025-08-08 23:00:00,2025-08-08 22:00:00,0,0,0.20045418,3,2023-01-01
2025-08-08 23:00:00,2025-08-08 22:00:00,-1,0,0.14877224,4,2023-01-01
2025-08-08 23:00:00,2025-08-08 22:00:00,1,-1,0.121822804,5,2023-01-01
2025-08-08 23:00:00,2025-08-08 22:00:00,-2,-3,0.096571326,6,2023-01-01
2025-08-08 23:00:00,2025-08-08 22:00:00,3,-1,0.07622493,7,2023-01-01
2025-08-08 23:00:00,2025-08-08 22:00:00,1,0,0.062313,8,2023-01-01
2025-08-08 23:00:00,2025-08-08 22:00:00,-12,-5,0.054284513,9,2023-01-01
2025-08-08 23:00:00,2025-08-08 22:00:00,-2,-2,0.05191496,10,2023-01-01
2025-08-08 23:00:00,2025-08-08 22:00:00,0,-1,0.046979655,11,2023-01-01
2025-08-08 23:00:00,2025-08-08 22:00:00,-11,-5,0.04430605,12,2023-01-01
2025-08-08 23:00:00,2025-08-08 22:00:00,3,-2,0.030968608,13,2023-01-01
2025-08-08 23:00:00,2025-08-08 22:00:00,-1,-3,0.02633044,14,2023-01-01
2025-08-08 23:00:00,2025-08-08 22:00:00,-1,-1,0.023856493,15,2023-01-01
2025-08-08 23:00:00,2025-08-08 22:00:00,2,0,0.020618865,16,2023-01-01
2025-08-08 23:00:00,2025-08-08 22:00:00,-2,-4,0.017156526,17,2023-01-01
2025-08-08 23:00:00,2025-08-08 22:00:00,-3,-4,0.01713535,18,2023-01-01
2025-08-08 23:00:00,2025-08-08 22:00:00,-2,0,0.0151980175,19,2023-01-01
2025-08-08 23:00:00,2025-08-08 22:00:00,-5,-2,0.013630238,20,2023-01-01
2025-08-08 23:00:00,2025-08-08 22:00:00,-4,-2,0.0126718655,21,2023-01-01
2025-08-08 23:00:00,2025-08-08 22:00:00,-2,-1,0.0081038475,22,2023-01-01
2025-08-08 23:00:00,2025-08-08 22:00:00,-4,4,0.007022051,23,2023-01-01
2025-08-08 23:00:00,2025-08-08 22:00:00,-10,-3,0.0068768687,24,2023-01-01
2025-08-08 23:00:00,2025-08-08 22:00:00,-3,-3,0.0061148256,25,2023-01-01
2025-08-08 23:00:00,2025-08-08 22:00:00,-3,-2,0.0060495534,26,2023-01-01
2025-08-08 23:00:00,2025-08-08 22:00:00,0,-2,0.004985235,27,2023-01-01
2025-08-08 23:00:00,2025-08-08 22:00:00,0,17,0.0031331454,28,2023-01-01
2025-08-08 23:00:00,2025-08-08 22:00:00,0,8,0.0026344534,29,2023-01-01
2025-08-08 23:00:00,2025-08-08 22:00:00,-3,1,0.0025666028,30,2023-01-01
2025-08-08 23:00:00,2025-08-08 22:00:00,6,-3,0.002414603,31,2023-01-01
2025-08-08 23:00:00,2025-08-08 22:00:00,0,12,0.0018842686,32,2023-01-01
2025-08-08 23:00:00,2025-08-08 22:00:00,7,-4,0.00187134,33,2023-01-01
2025-08-08 23:00:00,2025-08-08 22:00:00,6,-4,0.0012892167,34,2023-01-01
2025-08-08 23:00:00,2025-08-08 22:00:00,-3,13,0.0012759836,35,2023-01-01
2025-08-08 23:00:00,2025-08-08 22:00:00,-6,4,0.0012228215,36,2023-01-01
2025-08-08 23:00:00,2025-08-08 22:00:00,2,-1,0.00072516437,37,2023-01-01
2025-08-08 23:00:00,2025-08-08 22:00:00,-5,-1,0.0007050386,38,2023-01-01
2025-08-08 23:00:00,2025-08-08 22:00:00,9,3,0.00066375174,39,2023-01-01
2025-08-08 23:00:00,2025-08-08 22:00:00,9,2,0.0005643282,40,2023-01-01
2025-08-08 23:00:00,2025-08-08 22:00:00,3,0,0.0005390416,41,2023-01-01
2025-08-08 23:00:00,2025-08-08 22:00:00,-3,-1,0.0005340232,42,2023-01-01
2025-08-08 23:00:00,2025-08-08 22:00:00,0,1,0.0005236871,43,2023-01-01
2025-08-08 23:00:00,2025-08-08 22:00:00,-1,-2,0.0004534554,44,2023-01-01
2025-08-08 23:00:00,2025-08-08 22:00:00,-1,16,0.00044150485,45,2023-01-01
2025-08-08 23:00:00,2025-08-08 22:00:00,-10,-4,0.0004395014,46,2023-01-01
2025-08-08 23:00:00,2025-08-08 22:00:00,-9,0,0.0003999543,47,2023-01-01
2025-08-08 23:00:00,2025-08-08 22:00:00,7,4,0.00033634517,48,2023-01-01
2025-08-08 23:00:00,2025-08-08 22:00:00,8,1,0.00032224698,49,2023-01-01
2025-08-08 23:00:00,2025-08-08 22:00:00,-11,-6,0.00032007208,50,2023-01-01
2025-08-08 23:00:00,2025-08-08 22:00:00,8,0,0.0003099113,51,2023-01-01
2025-08-08 23:00:00,2025-08-08 22:00:00,-4,-1,0.00027969337,52,2023-01-01
2025-08-08 23:00:00,2025-08-08 22:00:00,10,5,0.0002467795,53,2023-01-01
2025-08-08 23:00:00,2025-08-08 22:00:00,1,8,0.00024573473,54,2023-01-01
2025-08-08 23:00:00,2025-08-08 22:00:00,-3,8,0.00024354966,55,2023-01-01
2025-08-08 23:00:00,2025-08-08 22:00:00,-2,16,0.00024296512,56,2023-01-01
2025-08-08 23:00:00,2025-08-08 22:00:00,-1,7,0.00023487776,57,2023-01-01
2025-08-08 23:00:00,2025-08-08 22:00:00,-1,15,0.0002328821,58,2023-01-01
2025-08-08 23:00:00,2025-08-08 22:00:00,-10,8,0.00023213164,59,2023-01-01
2025-08-08 23:00:00,2025-08-08 22:00:00,0,13,0.00023136829,60,2023-01-01
2025-08-08 23:00:00,2025-08-08 22:00:00,-9,6,0.00022882932,61,2023-01-01
2025-08-08 23:00:00,2025-08-08 22:00:00,-2,13,0.000225569,62,2023-01-01
2025-08-08 23:00:00,2025-08-08 22:00:00,-3,11,0.00022211934,63,2023-01-01
2025-08-08 23:00:00,2025-08-08 22:00:00,1,-2,0.00021772616,64,2023-01-01
2025-08-08 23:00:00,2025-08-08 22:00:00,-10,10,0.0002144485,65,2023-01-01
2025-08-08 23:00:00,2025-08-08 22:00:00,-1,-4,0.00021285935,66,2023-01-01
2025-08-08 23:00:00,2025-08-08 22:00:00,-6,-3,0.00021075683,67,2023-01-01
2025-08-08 23:00:00,2025-08-08 22:00:00,6,5,0.0002088818,68,2023-01-01
2025-08-08 23:00:00,2025-08-08 22:00:00,-9,-4,0.00020833821,69,2023-01-01
2025-08-08 23:00:00,2025-08-08 22:00:00,-4,19,0.00020521657,70,2023-01-01
2025-08-08 23:00:00,2025-08-08 22:00:00,-1,2,0.00020423376,71,2023-01-01
2025-08-08 23:00:00,2025-08-08 22:00:00,-8,6,0.0002035781,72,2023-01-01
2025-08-08 23:00:00,2025-08-08 22:00:00,-3,2,0.00020320894,73,2023-01-01
2025-08-08 23:00:00,2025-08-08 22:00:00,4,-1,0.00020251342,74,2023-01-01
2025-08-08 23:00:00,2025-08-08 22:00:00,-6,-2,0.0001989499,75,2023-01-01
2025-08-08 23:00:00,2025-08-08 22:00:00,3,1,0.00019861614,76,2023-01-01
2025-08-08 23:00:00,2025-08-08 22:00:00,-4,0,0.00019528606,77,2023-01-01
2025-08-08 23:00:00,2025-08-08 22:00:00,-9,-5,0.00019500872,78,2023-01-01
2025-08-08 23:00:00,2025-08-08 22:00:00,1,2,0.00019496109,79,2023-01-01
2025-08-08 23:00:00,2025-08-08 22:00:00,-4,2,0.00019374157,80,2023-01-01
2025-08-08 23:00:00,2025-08-08 22:00:00,-7,-1,0.00019291184,81,2023-01-01
2025-08-08 23:00:00,2025-08-08 22:00:00,6,6,0.00019290966,82,2023-01-01
2025-08-08 23:00:00,2025-08-08 22:00:00,-5,2,0.00019246266,83,2023-01-01
2025-08-08 23:00:00,2025-08-08 22:00:00,-9,-1,0.00019064434,84,2023-01-01
2025-08-08 23:00:00,2025-08-08 22:00:00,10,3,0.00018964613,85,2023-01-01
2025-08-08 23:00:00,2025-08-08 22:00:00,-5,0,0.00018873408,86,2023-01-01
2025-08-08 23:00:00,2025-08-08 22:00:00,-5,1,0.00018858036,87,2023-01-01
2025-08-08 23:00:00,2025-08-08 22:00:00,7,-5,0.00018693607,88,2023-01-01
2025-08-08 23:00:00,2025-08-08 22:00:00,2,20,0.00018677286,89,2023-01-01
2025-08-08 23:00:00,2025-08-08 22:00:00,-7,1,0.00018671124,90,2023-01-01
2025-08-08 23:00:00,2025-08-08 22:00:00,1,20,0.00018552826,91,2023-01-01
2025-08-08 23:00:00,2025-08-08 22:00:00,-1,3,0.00018431678,92,2023-01-01
2025-08-08 23:00:00,2025-08-08 22:00:00,-6,1,0.00018294236,93,2023-01-01
2025-08-08 23:00:00,2025-08-08 22:00:00,7,11,0.00017832873,94,2023-01-01
2025-08-08 23:00:00,2025-08-08 22:00:00,10,0,0.00017753699,95,2023-01-01
2025-08-08 23:00:00,2025-08-08 22:00:00,9,-2,0.00017692945,96,2023-01-01
2025-08-08 23:00:00,2025-08-08 22:00:00,0,19,0.00017669467,97,2023-01-01
2025-08-08 23:00:00,2025-08-08 22:00:00,10,-1,0.00017607836,98,2023-01-01
2025-08-08 23:00:00,2025-08-08 22:00:00,-4,3,0.00017530187,99,2023-01-01
2025-08-08 23:00:00,2025-08-08 22:00:00,-2,3,0.00017459103,100,2023-01-01
2025-08-08 23:00:00,2025-08-08 22:00:00,1,19,0.00017256959,101,2023-01-01
2025-08-08 23:00:00,2025-08-08 22:00:00,3,17,0.00017133173,102,2023-01-01
2025-08-08 23:00:00,2025-08-08 22:00:00,8,-1,0.00016822701,103,2023-01-01
2025-08-08 23:00:00,2025-08-08 22:00:00,6,11,0.00016768498,104,2023-01-01
2025-08-08 23:00:00,2025-08-08 22:00:00,5,3,0.000165146,105,2023-01-01
2025-08-08 23:00:00,2025-08-08 22:00:00,7,-1,0.00016437696,106,2023-01-01
2025-08-08 23:00:00,2025-08-08 22:00:00,6,3,0.0001605454,107,2023-01-01
2025-08-08 23:00:00,2025-08-08 22:00:00,9,0,0.00015888823,108,2023-01-01
2025-08-08 23:00:00,2025-08-08 22:00:00,1,1,0.00015787904,109,2023-01-01
2025-08-08 23:00:00,2025-08-08 22:00:00,2,1,0.0001567228,110,2023-01-01
2025-08-08 23:00:00,2025-08-08 22:00:00,-5,11,0.00015667775,111,2023-01-01
2025-08-08 23:00:00,2025-08-08 22:00:00,-5,4,0.00015620816,112,2023-01-01
2025-08-08 23:00:00,2025-08-08 22:00:00,-3,18,0.00015549948,113,2023-01-01
2025-08-08 23:00:00,2025-08-08 22:00:00,-1,18,0.00015478254,114,2023-01-01
2025-08-08 23:00:00,2025-08-08 22:00:00,0,18,0.00015478254,115,2023-01-01
2025-08-08 23:00:00,2025-08-08 22:00:00,-5,10,0.00015242507,116,2023-01-01
2025-08-08 23:00:00,2025-08-08 22:00:00,-6,8,0.00015166464,117,2023-01-01
2025-08-08 23:00:00,2025-08-08 22:00:00,-5,9,0.00015128998,118,2023-01-01
2025-08-08 23:00:00,2025-08-08 22:00:00,-6,15,0.00014897583,119,2023-01-01
2025-08-08 23:00:00,2025-08-08 22:00:00,2,7,0.00014781563,120,2023-01-01
2025-08-08 23:00:00,2025-08-08 22:00:00,-1,8,0.00014474233,121,2023-01-01
2025-08-08 23:00:00,2025-08-08 22:00:00,-5,15,0.00014392617,122,2023-01-01
2025-08-08 23:00:00,2025-08-08 22:00:00,-4,10,0.00014388596,123,2023-01-01
2025-08-08 23:00:00,2025-08-08 22:00:00,-4,12,0.00014388596,124,2023-01-01
2025-08-08 23:00:00,2025-08-08 22:00:00,0,5,0.00014319264,125,2023-01-01
2025-08-08 23:00:00,2025-08-08 22:00:00,2,9,0.00014273041,126,2023-01-01
2025-08-08 23:00:00,2025-08-08 22:00:00,-3,7,0.00014267048,127,2023-01-01
2025-08-08 23:00:00,2025-08-08 22:00:00,4,14,0.0001417173,128,2023-01-01
2025-08-08 23:00:00,2025-08-08 22:00:00,1,5,0.00014154948,129,2023-01-01
2025-08-08 23:00:00,2025-08-08 22:00:00,1,11,0.00014121136,130,2023-01-01
2025-08-08 23:00:00,2025-08-08 22:00:00,-2,8,0.00014088317,131,2023-01-01
2025-08-08 23:00:00,2025-08-08 22:00:00,-4,17,0.00014073416,132,2023-01-01
2025-08-08 23:00:00,2025-08-08 22:00:00,5,-2,0.00014035593,133,2023-01-01
2025-08-08 23:00:00,2025-08-08 22:00:00,2,8,0.00013993676,134,2023-01-01
2025-08-08 23:00:00,2025-08-08 22:00:00,-3,15,0.00013922027,135,2023-01-01
2025-08-08 23:00:00,2025-08-08 22:00:00,-4,8,0.00013916953,136,2023-01-01
2025-08-08 23:00:00,2025-08-08 22:00:00,4,1,0.00013823503,137,2023-01-01
2025-08-08 23:00:00,2025-08-08 22:00:00,-5,-5,0.00013819827,138,2023-01-01
2025-08-08 23:00:00,2025-08-08 22:00:00,7,1,0.00013765665,139,2023-01-01
2025-08-08 23:00:00,2025-08-08 22:00:00,2,-2,0.00013712532,140,2023-01-01
2025-08-08 23:00:00,2025-08-08 22:00:00,0,9,0.00013625123,141,2023-01-01
2025-08-08 23:00:00,2025-08-08 22:00:00,-4,-4,0.00013482884,142,2023-01-01
2025-08-08 23:00:00,2025-08-08 22:00:00,0,11,0.00013381659,143,2023-01-01
2025-08-08 23:00:00,2025-08-08 22:00:00,-2,15,0.00013353048,144,2023-01-01
2025-08-08 23:00:00,2025-08-08 22:00:00,5,2,0.00013350743,145,2023-01-01
2025-08-08 23:00:00,2025-08-08 22:00:00,-1,5,0.00013237861,146,2023-01-01
2025-08-08 23:00:00,2025-08-08 22:00:00,-1,13,0.00013224786,147,2023-01-01
2025-08-08 23:00:00,2025-08-08 22:00:00,-3,9,0.00013186823,148,2023-01-01
2025-08-08 23:00:00,2025-08-08 22:00:00,0,14,0.00013179485,149,2023-01-01
2025-08-08 23:00:00,2025-08-08 22:00:00,1,9,0.00013105533,150,2023-01-01
2025-08-08 23:00:00,2025-08-08 22:00:00,-4,-5,0.00013100686,151,2023-01-01
2025-08-08 23:00:00,2025-08-08 22:00:00,-1,9,0.0001305372,152,2023-01-01
2025-08-08 23:00:00,2025-08-08 22:00:00,-3,14,0.00012938879,153,2023-01-01
2025-08-08 23:00:00,2025-08-08 22:00:00,-5,-4,0.00012894259,154,2023-01-01
2025-08-08 23:00:00,2025-08-08 22:00:00,-3,12,0.00012873467,155,2023-01-01
2025-08-08 23:00:00,2025-08-08 22:00:00,-2,9,0.00012856461,156,2023-01-01
2025-08-08 23:00:00,2025-08-08 22:00:00,-2,11,0.00012817998,157,2023-01-01
2025-08-08 23:00:00,2025-08-08 22:00:00,-1,11,0.00012817998,158,2023-01-01
2025-08-08 23:00:00,2025-08-08 22:00:00,1,6,0.0001273039,159,2023-01-01
2025-08-08 23:00:00,2025-08-08 22:00:00,-1,1,0.00012675334,160,2023-01-01
2025-08-08 23:00:00,2025-08-08 22:00:00,-4,5,0.00012631385,161,2023-01-01
2025-08-08 23:00:00,2025-08-08 22:00:00,-2,10,0.00012588168,162,2023-01-01
2025-08-08 23:00:00,2025-08-08 22:00:00,-1,6,0.0001212999,163,2023-01-01
2025-08-08 23:00:00,2025-08-08 22:00:00,5,-1,0.00012034774,164,2023-01-01
2025-08-08 23:00:00,2025-08-08 22:00:00,-5,-3,0.000118911645,165,2023-01-01
2025-08-08 23:00:00,2025-08-08 22:00:00,-2,1,0.000118085874,166,2023-01-01
2025-08-08 23:00:00,2025-08-08 22:00:00,-2,-5,0.00011382715,167,2023-01-01
2025-08-08 23:00:00,2025-08-08 22:00:00,0,-3,0.00011319668,168,2023-01-01
2025-08-08 23:00:00,2025-08-08 22:00:00,-3,0,0.000104506,169,2023-01-01
2025-08-08 23:00:00,2025-08-08 22:00:00,8,-3,0.0001042672,170,2023-01-01
2025-08-08 23:00:00,2025-08-08 22:00:00,4,-6,0.000103031845,171,2023-01-01
2025-08-08 23:00:00,2025-08-08 22:00:00,-1,-7,0.00010238532,172,2023-01-01
2025-08-08 23:00:00,2025-08-08 22:00:00,3,-3,9.8146906e-05,173,2023-01-01
2025-08-08 23:00:00,2025-08-08 22:00:00,2,-3,9.733386e-05,174,2023-01-01
2025-08-08 23:00:00,2025-08-08 22:00:00,4,-4,9.2923794e-05,175,2023-01-01
2025-08-08 23:00:00,2025-08-08 22:00:00,2,-6,9.217252e-05,176,2023-01-01
2025-08-08 23:00:00,2025-08-08 22:00:00,5,-3,9.0335285e-05,177,2023-01-01
2025-08-08 23:00:00,2025-08-08 22:00:00,8,-4,8.980912e-05,178,2023-01-01
2025-08-08 23:00:00,2025-08-08 22:00:00,1,-3,8.9614354e-05,179,2023-01-01
2025-08-08 23:00:00,2025-08-08 22:00:00,-1,-6,8.924501e-05,180,2023-01-01
2025-08-08 23:00:00,2025-08-08 22:00:00,5,-4,8.716655e-05,181,2023-01-01
2025-08-08 23:00:00,2025-08-08 22:00:00,0,-5,8.532033e-05,182,2023-01-01
2025-08-08 23:00:00,2025-08-08 22:00:00,1,-5,8.28773e-05,183,2023-01-01
2025-08-08 23:00:00,2025-08-08 22:00:00,2,-7,8.005938e-05,184,2023-01-01
2025-08-08 23:00:00,2025-08-08 22:00:00,1,-7,7.8424746e-05,185,2023-01-01
2025-08-08 23:00:00,2025-08-08 22:00:00,0,-6,6.982043e-05,186,2023-01-01
2025-08-28 22:00:00,2025-08-28 21:00:00,-2,-3,0.45072737,1,2023-01-01
2025-08-28 22:00:00,2025-08-28 21:00:00,-4,-3,0.12377433,2,2023-01-01
2025-08-28 22:00:00,2025-08-28 21:00:00,-1,0,0.122977026,3,2023-01-01
2025-08-28 22:00:00,2025-08-28 21:00:00,0,-1,0.113355495,4,2023-01-01
2025-08-28 22:00:00,2025-08-28 21:00:00,9,1,0.11210644,5,2023-01-01
2025-08-28 22:00:00,2025-08-28 21:00:00,0,0,0.10486432,6,2023-01-01
2025-08-28 22:00:00,2025-08-28 21:00:00,1,-1,0.089328855,7,2023-01-01
2025-08-28 22:00:00,2025-08-28 21:00:00,-11,-5,0.083327554,8,2023-01-01
2025-08-28 22:00:00,2025-08-28 21:00:00,-2,-2,0.0647384,9,2023-01-01
2025-08-28 22:00:00,2025-08-28 21:00:00,-1,-3,0.038654342,10,2023-01-01
2025-08-28 22:00:00,2025-08-28 21:00:00,-1,-1,0.034270506,11,2023-01-01
2025-08-28 22:00:00,2025-08-28 21:00:00,-5,-2,0.023286669,12,2023-01-01
2025-08-28 22:00:00,2025-08-28 21:00:00,1,0,0.022375325,13,2023-01-01
2025-08-28 22:00:00,2025-08-28 21:00:00,3,-1,0.018704953,14,2023-01-01
2025-08-28 22:00:00,2025-08-28 21:00:00,-12,-5,0.015780868,15,2023-01-01
2025-08-28 22:00:00,2025-08-28 21:00:00,-2,-4,0.015688902,16,2023-01-01
2025-08-28 22:00:00,2025-08-28 21:00:00,-3,-2,0.01330468,17,2023-01-01
2025-08-28 22:00:00,2025-08-28 21:00:00,-3,-4,0.012198639,18,2023-01-01
2025-08-28 22:00:00,2025-08-28 21:00:00,-3,-3,0.011403021,19,2023-01-01
2025-08-28 22:00:00,2025-08-28 21:00:00,-2,0,0.009883166,20,2023-01-01
2025-08-28 22:00:00,2025-08-28 21:00:00,0,-2,0.009297124,21,2023-01-01
2025-08-28 22:00:00,2025-08-28 21:00:00,6,-3,0.0079022935,22,2023-01-01
2025-08-28 22:00:00,2025-08-28 21:00:00,-4,-2,0.006847169,23,2023-01-01
2025-08-28 22:00:00,2025-08-28 21:00:00,-2,-1,0.006520122,24,2023-01-01
2025-08-28 22:00:00,2025-08-28 21:00:00,2,0,0.005773799,25,2023-01-01
2025-08-28 22:00:00,2025-08-28 21:00:00,-6,-2,0.00491305,26,2023-01-01
2025-08-28 22:00:00,2025-08-28 21:00:00,-10,-3,0.0044237184,27,2023-01-01
2025-08-28 22:00:00,2025-08-28 21:00:00,0,17,0.0040904074,28,2023-01-01
2025-08-28 22:00:00,2025-08-28 21:00:00,3,-2,0.0036497607,29,2023-01-01
2025-08-28 22:00:00,2025-08-28 21:00:00,9,3,0.0029748017,30,2023-01-01
2025-08-28 22:00:00,2025-08-28 21:00:00,-4,4,0.0029624992,31,2023-01-01
2025-08-28 22:00:00,2025-08-28 21:00:00,6,-4,0.0021772915,32,2023-01-01
2025-08-28 22:00:00,2025-08-28 21:00:00,-1,-2,0.0016560588,33,2023-01-01
2025-08-28 22:00:00,2025-08-28 21:00:00,-6,-3,0.0016506534,34,2023-01-01
2025-08-28 22:00:00,2025-08-28 21:00:00,-5,-1,0.0012170341,35,2023-01-01
2025-08-28 22:00:00,2025-08-28 21:00:00,-3,-1,0.0009128453,36,2023-01-01
2025-08-28 22:00:00,2025-08-28 21:00:00,7,-4,0.0008798689,37,2023-01-01
2025-08-28 22:00:00,2025-08-28 21:00:00,0,1,0.0008443625,38,2023-01-01
2025-08-28 22:00:00,2025-08-28 21:00:00,3,0,0.0008239678,39,2023-01-01
2025-08-28 22:00:00,2025-08-28 21:00:00,0,8,0.00077500567,40,2023-01-01
2025-08-28 22:00:00,2025-08-28 21:00:00,-6,4,0.0006789008,41,2023-01-01
2025-08-28 22:00:00,2025-08-28 21:00:00,-4,-1,0.0005859016,42,2023-01-01
2025-08-28 22:00:00,2025-08-28 21:00:00,9,2,0.00056029606,43,2023-01-01
2025-08-28 22:00:00,2025-08-28 21:00:00,-1,-4,0.0005494052,44,2023-01-01
2025-08-28 22:00:00,2025-08-28 21:00:00,1,-2,0.0005377675,45,2023-01-01
2025-08-28 22:00:00,2025-08-28 21:00:00,-10,-4,0.00046529097,46,2023-01-01
2025-08-28 22:00:00,2025-08-28 21:00:00,-3,1,0.0004274946,47,2023-01-01
2025-08-28 22:00:00,2025-08-28 21:00:00,1,8,0.0003827576,48,2023-01-01
2025-08-28 22:00:00,2025-08-28 21:00:00,7,4,0.00038165998,49,2023-01-01
2025-08-28 22:00:00,2025-08-28 21:00:00,0,12,0.00037502815,50,2023-01-01
2025-08-28 22:00:00,2025-08-28 21:00:00,-11,-6,0.0003668959,51,2023-01-01
2025-08-28 22:00:00,2025-08-28 21:00:00,-9,0,0.0003474037,52,2023-01-01
2025-08-28 22:00:00,2025-08-28 21:00:00,0,-3,0.00032763413,53,2023-01-01
2025-08-28 22:00:00,2025-08-28 21:00:00,10,5,0.00032280292,54,2023-01-01
2025-08-28 22:00:00,2025-08-28 21:00:00,2,-1,0.00031650133,55,2023-01-01
2025-08-28 22:00:00,2025-08-28 21:00:00,1,-3,0.00030594785,56,2023-01-01
2025-08-28 22:00:00,2025-08-28 21:00:00,-1,15,0.00029438673,57,2023-01-01
2025-08-28 22:00:00,2025-08-28 21:00:00,-2,-5,0.00028678775,58,2023-01-01
2025-08-28 22:00:00,2025-08-28 21:00:00,8,0,0.00027659428,59,2023-01-01
2025-08-28 22:00:00,2025-08-28 21:00:00,7,-5,0.0002753935,60,2023-01-01
2025-08-28 22:00:00,2025-08-28 21:00:00,-2,16,0.00027429007,61,2023-01-01
2025-08-28 22:00:00,2025-08-28 21:00:00,-5,-3,0.0002669678,62,2023-01-01
2025-08-28 22:00:00,2025-08-28 21:00:00,-2,13,0.0002642705,63,2023-01-01
2025-08-28 22:00:00,2025-08-28 21:00:00,-4,-4,0.00025121775,64,2023-01-01
2025-08-28 22:00:00,2025-08-28 21:00:00,-4,0,0.00024217046,65,2023-01-01
2025-08-28 22:00:00,2025-08-28 21:00:00,-9,-4,0.00023633009,66,2023-01-01
2025-08-28 22:00:00,2025-08-28 21:00:00,-3,0,0.00023608953,67,2023-01-01
2025-08-28 22:00:00,2025-08-28 21:00:00,0,-5,0.00023097196,68,2023-01-01
2025-08-28 22:00:00,2025-08-28 21:00:00,6,5,0.00022746164,69,2023-01-01
2025-08-28 22:00:00,2025-08-28 21:00:00,1,-5,0.0002264848,70,2023-01-01
2025-08-28 22:00:00,2025-08-28 21:00:00,10,3,0.00022421005,71,2023-01-01
2025-08-28 22:00:00,2025-08-28 21:00:00,-1,-6,0.00022305535,72,2023-01-01
2025-08-28 22:00:00,2025-08-28 21:00:00,-2,1,0.00021692808,73,2023-01-01
2025-08-28 22:00:00,2025-08-28 21:00:00,6,6,0.0002157525,74,2023-01-01
2025-08-28 22:00:00,2025-08-28 21:00:00,2,-6,0.00020786247,75,2023-01-01
2025-08-28 22:00:00,2025-08-28 21:00:00,-3,2,0.00020668561,76,2023-01-01
2025-08-28 22:00:00,2025-08-28 21:00:00,-4,-5,0.00020509608,77,2023-01-01
2025-08-28 22:00:00,2025-08-28 21:00:00,-1,1,0.00020226573,78,2023-01-01
2025-08-28 22:00:00,2025-08-28 21:00:00,-1,7,0.00020131072,79,2023-01-01
2025-08-28 22:00:00,2025-08-28 21:00:00,5,3,0.00020123785,80,2023-01-01
2025-08-28 22:00:00,2025-08-28 21:00:00,-9,-1,0.00020024968,81,2023-01-01
2025-08-28 22:00:00,2025-08-28 21:00:00,5,-2,0.00019855255,82,2023-01-01
2025-08-28 22:00:00,2025-08-28 21:00:00,6,3,0.00019815999,83,2023-01-01
2025-08-28 22:00:00,2025-08-28 21:00:00,0,13,0.00019580754,84,2023-01-01
2025-08-28 22:00:00,2025-08-28 21:00:00,-3,8,0.00019571449,85,2023-01-01
2025-08-28 22:00:00,2025-08-28 21:00:00,1,1,0.0001931071,86,2023-01-01
2025-08-28 22:00:00,2025-08-28 21:00:00,-1,16,0.00019192572,87,2023-01-01
2025-08-28 22:00:00,2025-08-28 21:00:00,7,11,0.00018870318,88,2023-01-01
2025-08-28 22:00:00,2025-08-28 21:00:00,2,-3,0.00018836894,89,2023-01-01
2025-08-28 22:00:00,2025-08-28 21:00:00,-5,-4,0.00018826562,90,2023-01-01
2025-08-28 22:00:00,2025-08-28 21:00:00,2,20,0.00018457854,91,2023-01-01
2025-08-28 22:00:00,2025-08-28 21:00:00,-3,13,0.00018425468,92,2023-01-01
2025-08-28 22:00:00,2025-08-28 21:00:00,-5,-5,0.0001841922,93,2023-01-01
2025-08-28 22:00:00,2025-08-28 21:00:00,6,11,0.00018266578,94,2023-01-01
2025-08-28 22:00:00,2025-08-28 21:00:00,5,-3,0.00018265966,95,2023-01-01
2025-08-28 22:00:00,2025-08-28 21:00:00,-5,1,0.00018244355,96,2023-01-01
2025-08-28 22:00:00,2025-08-28 21:00:00,3,-3,0.00018240367,97,2023-01-01
2025-08-28 22:00:00,2025-08-28 21:00:00,10,0,0.00018065675,98,2023-01-01
2025-08-28 22:00:00,2025-08-28 21:00:00,2,-2,0.00018003864,99,2023-01-01
2025-08-28 22:00:00,2025-08-28 21:00:00,0,-6,0.00017923319,100,2023-01-01
2025-08-28 22:00:00,2025-08-28 21:00:00,5,2,0.00017757493,101,2023-01-01
2025-08-28 22:00:00,2025-08-28 21:00:00,3,17,0.00017731947,102,2023-01-01
2025-08-28 22:00:00,2025-08-28 21:00:00,5,-4,0.0001763085,103,2023-01-01
2025-08-28 22:00:00,2025-08-28 21:00:00,-1,2,0.00017519783,104,2023-01-01
2025-08-28 22:00:00,2025-08-28 21:00:00,4,-6,0.00017470645,105,2023-01-01
2025-08-28 22:00:00,2025-08-28 21:00:00,4,14,0.00017426023,106,2023-01-01
2025-08-28 22:00:00,2025-08-28 21:00:00,8,1,0.0001736707,107,2023-01-01
2025-08-28 22:00:00,2025-08-28 21:00:00,1,20,0.00017314876,108,2023-01-01
2025-08-28 22:00:00,2025-08-28 21:00:00,10,-1,0.00017200953,109,2023-01-01
2025-08-28 22:00:00,2025-08-28 21:00:00,2,8,0.00017166714,110,2023-01-01
2025-08-28 22:00:00,2025-08-28 21:00:00,4,1,0.00017047832,111,2023-01-01
2025-08-28 22:00:00,2025-08-28 21:00:00,5,-1,0.00016996295,112,2023-01-01
2025-08-28 22:00:00,2025-08-28 21:00:00,9,0,0.00016935224,113,2023-01-01
2025-08-28 22:00:00,2025-08-28 21:00:00,2,1,0.00016932438,114,2023-01-01
2025-08-28 22:00:00,2025-08-28 21:00:00,1,2,0.00016795345,115,2023-01-01
2025-08-28 22:00:00,2025-08-28 21:00:00,1,19,0.00016758237,116,2023-01-01
2025-08-28 22:00:00,2025-08-28 21:00:00,9,-2,0.00016750574,117,2023-01-01
2025-08-28 22:00:00,2025-08-28 21:00:00,2,7,0.00016686459,118,2023-01-01
2025-08-28 22:00:00,2025-08-28 21:00:00,2,9,0.00016636743,119,2023-01-01
2025-08-28 22:00:00,2025-08-28 21:00:00,-5,0,0.00016558223,120,2023-01-01
2025-08-28 22:00:00,2025-08-28 21:00:00,8,-1,0.00016474172,121,2023-01-01
2025-08-28 22:00:00,2025-08-28 21:00:00,-2,3,0.0001641912,122,2023-01-01
2025-08-28 22:00:00,2025-08-28 21:00:00,4,-4,0.00016274862,123,2023-01-01
2025-08-28 22:00:00,2025-08-28 21:00:00,-5,2,0.00016261298,124,2023-01-01
2025-08-28 22:00:00,2025-08-28 21:00:00,2,-7,0.00016201231,125,2023-01-01
2025-08-28 22:00:00,2025-08-28 21:00:00,1,-7,0.00016089213,126,2023-01-01
2025-08-28 22:00:00,2025-08-28 21:00:00,-1,-7,0.00016018319,127,2023-01-01
2025-08-28 22:00:00,2025-08-28 21:00:00,3,1,0.00015993166,128,2023-01-01
2025-08-28 22:00:00,2025-08-28 21:00:00,8,-3,0.00015980723,129,2023-01-01
2025-08-28 22:00:00,2025-08-28 21:00:00,-1,3,0.0001595658,130,2023-01-01
2025-08-28 22:00:00,2025-08-28 21:00:00,-6,1,0.00015939347,131,2023-01-01
2025-08-28 22:00:00,2025-08-28 21:00:00,4,-1,0.00015855274,132,2023-01-01
2025-08-28 22:00:00,2025-08-28 21:00:00,7,-1,0.00015755509,133,2023-01-01
2025-08-28 22:00:00,2025-08-28 21:00:00,-4,2,0.00015660212,134,2023-01-01
2025-08-28 22:00:00,2025-08-28 21:00:00,8,-4,0.00015593716,135,2023-01-01
2025-08-28 22:00:00,2025-08-28 21:00:00,-7,1,0.00015496484,136,2023-01-01
2025-08-28 22:00:00,2025-08-28 21:00:00,1,5,0.00015228057,137,2023-01-01
2025-08-28 22:00:00,2025-08-28 21:00:00,7,1,0.0001511245,138,2023-01-01
2025-08-28 22:00:00,2025-08-28 21:00:00,-9,-5,0.00015062778,139,2023-01-01
2025-08-28 22:00:00,2025-08-28 21:00:00,0,5,0.00014968401,140,2023-01-01
2025-08-28 22:00:00,2025-08-28 21:00:00,0,19,0.00014756118,141,2023-01-01
2025-08-28 22:00:00,2025-08-28 21:00:00,1,6,0.00014747209,142,2023-01-01
2025-08-28 22:00:00,2025-08-28 21:00:00,0,18,0.00014522036,143,2023-01-01
2025-08-28 22:00:00,2025-08-28 21:00:00,-7,-1,0.00013961642,144,2023-01-01
2025-08-28 22:00:00,2025-08-28 21:00:00,1,9,0.00013960122,145,2023-01-01
2025-08-28 22:00:00,2025-08-28 21:00:00,1,11,0.00013834187,146,2023-01-01
2025-08-28 22:00:00,2025-08-28 21:00:00,-4,3,0.00013699432,147,2023-01-01
2025-08-28 22:00:00,2025-08-28 21:00:00,-1,5,0.00013039661,148,2023-01-01
2025-08-28 22:00:00,2025-08-28 21:00:00,-1,18,0.0001291626,149,2023-01-01
2025-08-28 22:00:00,2025-08-28 21:00:00,-4,19,0.0001246973,150,2023-01-01
2025-08-28 22:00:00,2025-08-28 21:00:00,0,14,0.00012226672,151,2023-01-01
2025-08-28 22:00:00,2025-08-28 21:00:00,-1,6,0.0001221854,152,2023-01-01
2025-08-28 22:00:00,2025-08-28 21:00:00,0,9,0.00012162793,153,2023-01-01
2025-08-28 22:00:00,2025-08-28 21:00:00,-1,8,0.00011992876,154,2023-01-01
2025-08-28 22:00:00,2025-08-28 21:00:00,0,11,0.00011947175,155,2023-01-01
2025-08-28 22:00:00,2025-08-28 21:00:00,-1,13,0.000116542564,156,2023-01-01
2025-08-28 22:00:00,2025-08-28 21:00:00,-10,8,0.00011566343,157,2023-01-01
2025-08-28 22:00:00,2025-08-28 21:00:00,-10,10,0.00011524569,158,2023-01-01
2025-08-28 22:00:00,2025-08-28 21:00:00,-8,6,0.00011520783,159,2023-01-01
2025-08-28 22:00:00,2025-08-28 21:00:00,-6,15,0.000115200724,160,2023-01-01
2025-08-28 22:00:00,2025-08-28 21:00:00,-1,11,0.00011496185,161,2023-01-01
2025-08-28 22:00:00,2025-08-28 21:00:00,-5,15,0.000114067574,162,2023-01-01
2025-08-28 22:00:00,2025-08-28 21:00:00,-9,6,0.00011222967,163,2023-01-01
2025-08-28 22:00:00,2025-08-28 21:00:00,-5,11,0.000112117625,164,2023-01-01
2025-08-28 22:00:00,2025-08-28 21:00:00,-6,8,0.000112047914,165,2023-01-01
2025-08-28 22:00:00,2025-08-28 21:00:00,-5,4,0.000110641784,166,2023-01-01
2025-08-28 22:00:00,2025-08-28 21:00:00,-3,18,0.00011024645,167,2023-01-01
2025-08-28 22:00:00,2025-08-28 21:00:00,-5,9,0.00010951358,168,2023-01-01
2025-08-28 22:00:00,2025-08-28 21:00:00,-5,10,0.00010951358,169,2023-01-01
2025-08-28 22:00:00,2025-08-28 21:00:00,-3,7,0.000108389155,170,2023-01-01
2025-08-28 22:00:00,2025-08-28 21:00:00,-2,8,0.00010799958,171,2023-01-01
2025-08-28 22:00:00,2025-08-28 21:00:00,-1,9,0.00010773466,172,2023-01-01
2025-08-28 22:00:00,2025-08-28 21:00:00,-2,10,0.00010661185,173,2023-01-01
2025-08-28 22:00:00,2025-08-28 21:00:00,-2,11,0.00010661185,174,2023-01-01
2025-08-28 22:00:00,2025-08-28 21:00:00,-4,8,0.00010628932,175,2023-01-01
2025-08-28 22:00:00,2025-08-28 21:00:00,-4,17,0.0001061767,176,2023-01-01
2025-08-28 22:00:00,2025-08-28 21:00:00,-4,5,0.000106093394,177,2023-01-01
2025-08-28 22:00:00,2025-08-28 21:00:00,-4,10,0.0001053618,178,2023-01-01
2025-08-28 22:00:00,2025-08-28 21:00:00,-4,12,0.000105352265,179,2023-01-01
2025-08-28 22:00:00,2025-08-28 21:00:00,-3,9,0.000104170256,180,2023-01-01
2025-08-28 22:00:00,2025-08-28 21:00:00,-2,9,0.00010238733,181,2023-01-01
2025-08-28 22:00:00,2025-08-28 21:00:00,-2,15,0.000101756916,182,2023-01-01
2025-08-28 22:00:00,2025-08-28 21:00:00,-3,15,0.00010097344,183,2023-01-01
2025-08-28 22:00:00,2025-08-28 21:00:00,-3,11,0.000100590136,184,2023-01-01
2025-08-28 22:00:00,2025-08-28 21:00:00,-3,12,0.000100590136,185,2023-01-01
2025-08-28 22:00:00,2025-08-28 21:00:00,-3,14,9.6297146e-05,186,2023-01-01
2025-09-05 21:00:00,2025-09-05 20:00:00,9,1,0.59103394,1,2023-01-01
2025-09-05 21:00:00,2025-09-05 20:00:00,-2,-3,0.32151613,2,2023-01-01
2025-09-05 21:00:00,2025-09-05 20:00:00,-4,-3,0.2295336,3,2023-01-01
2025-09-05 21:00:00,2025-09-05 20:00:00,0,0,0.1545421,4,2023-01-01
2025-09-05 21:00:00,2025-09-05 20:00:00,-11,-5,0.15088892,5,2023-01-01
2025-09-05 21:00:00,2025-09-05 20:00:00,3,-1,0.1454156,6,2023-01-01
2025-09-05 21:00:00,2025-09-05 20:00:00,-1,0,0.12846309,7,2023-01-01
2025-09-05 21:00:00,2025-09-05 20:00:00,-2,-2,0.11384848,8,2023-01-01
2025-09-05 21:00:00,2025-09-05 20:00:00,-2,0,0.110931076,9,2023-01-01
2025-09-05 21:00:00,2025-09-05 20:00:00,-3,-2,0.08003623,10,2023-01-01
2025-09-05 21:00:00,2025-09-05 20:00:00,-1,-3,0.05982579,11,2023-01-01
2025-09-05 21:00:00,2025-09-05 20:00:00,-2,-1,0.05498995,12,2023-01-01
2025-09-05 21:00:00,2025-09-05 20:00:00,-5,-2,0.054320138,13,2023-01-01
2025-09-05 21:00:00,2025-09-05 20:00:00,-2,-4,0.053851087,14,2023-01-01
2025-09-05 21:00:00,2025-09-05 20:00:00,-12,-5,0.049647864,15,2023-01-01
2025-09-05 21:00:00,2025-09-05 20:00:00,1,-1,0.048628557,16,2023-01-01
2025-09-05 21:00:00,2025-09-05 20:00:00,-1,-1,0.04659937,17,2023-01-01
2025-09-05 21:00:00,2025-09-05 20:00:00,0,-1,0.044739734,18,2023-01-01
2025-09-05 21:00:00,2025-09-05 20:00:00,0,8,0.028129982,19,2023-01-01
2025-09-05 21:00:00,2025-09-05 20:00:00,1,0,0.026251545,20,2023-01-01
2025-09-05 21:00:00,2025-09-05 20:00:00,6,-3,0.025407309,21,2023-01-01
2025-09-05 21:00:00,2025-09-05 20:00:00,-4,-2,0.021851392,22,2023-01-01
2025-09-05 21:00:00,2025-09-05 20:00:00,3,-2,0.020422032,23,2023-01-01
2025-09-05 21:00:00,2025-09-05 20:00:00,-3,-4,0.01831962,24,2023-01-01
2025-09-05 21:00:00,2025-09-05 20:00:00,-3,-3,0.017680705,25,2023-01-01
2025-09-05 21:00:00,2025-09-05 20:00:00,-6,-2,0.01131006,26,2023-01-01
2025-09-05 21:00:00,2025-09-05 20:00:00,0,17,0.008979904,27,2023-01-01
2025-09-05 21:00:00,2025-09-05 20:00:00,0,-2,0.008953768,28,2023-01-01
2025-09-05 21:00:00,2025-09-05 20:00:00,2,0,0.007831644,29,2023-01-01
2025-09-05 21:00:00,2025-09-05 20:00:00,-4,4,0.004274878,30,2023-01-01
2025-09-05 21:00:00,2025-09-05 20:00:00,9,3,0.004015786,31,2023-01-01
2025-09-05 21:00:00,2025-09-05 20:00:00,-10,-3,0.0026003064,32,2023-01-01
2025-09-05 21:00:00,2025-09-05 20:00:00,-6,-3,0.0021542753,33,2023-01-01
2025-09-05 21:00:00,2025-09-05 20:00:00,-5,-3,0.001986421,34,2023-01-01
2025-09-05 21:00:00,2025-09-05 20:00:00,-6,4,0.0015886271,35,2023-01-01
2025-09-05 21:00:00,2025-09-05 20:00:00,6,-4,0.0009400888,36,2023-01-01
2025-09-05 21:00:00,2025-09-05 20:00:00,-3,-1,0.0007808968,37,2023-01-01
2025-09-05 21:00:00,2025-09-05 20:00:00,9,2,0.00072031963,38,2023-01-01
2025-09-05 21:00:00,2025-09-05 20:00:00,0,12,0.00067833957,39,2023-01-01
2025-09-05 21:00:00,2025-09-05 20:00:00,0,1,0.0006470016,40,2023-01-01
2025-09-05 21:00:00,2025-09-05 20:00:00,-1,-2,0.00059849554,41,2023-01-01
2025-09-05 21:00:00,2025-09-05 20:00:00,3,0,0.000597082,42,2023-01-01
2025-09-05 21:00:00,2025-09-05 20:00:00,2,-1,0.0005911508,43,2023-01-01
2025-09-05 21:00:00,2025-09-05 20:00:00,-5,-1,0.00055068656,44,2023-01-01
2025-09-05 21:00:00,2025-09-05 20:00:00,-10,-4,0.00048573702,45,2023-01-01
2025-09-05 21:00:00,2025-09-05 20:00:00,-9,0,0.00046887164,46,2023-01-01
2025-09-05 21:00:00,2025-09-05 20:00:00,7,-4,0.00042800154,47,2023-01-01
2025-09-05 21:00:00,2025-09-05 20:00:00,7,4,0.00041544155,48,2023-01-01
2025-09-05 21:00:00,2025-09-05 20:00:00,-11,-6,0.00038403014,49,2023-01-01
2025-09-05 21:00:00,2025-09-05 20:00:00,8,0,0.00037557268,50,2023-01-01
2025-09-05 21:00:00,2025-09-05 20:00:00,-3,1,0.00037260746,51,2023-01-01
2025-09-05 21:00:00,2025-09-05 20:00:00,0,13,0.00033257902,52,2023-01-01
2025-09-05 21:00:00,2025-09-05 20:00:00,-1,7,0.0003298672,53,2023-01-01
2025-09-05 21:00:00,2025-09-05 20:00:00,-1,16,0.00032400835,54,2023-01-01
2025-09-05 21:00:00,2025-09-05 20:00:00,-4,-1,0.00030542584,55,2023-01-01
2025-09-05 21:00:00,2025-09-05 20:00:00,-1,15,0.00030489484,56,2023-01-01
2025-09-05 21:00:00,2025-09-05 20:00:00,1,8,0.00030417988,57,2023-01-01
2025-09-05 21:00:00,2025-09-05 20:00:00,-2,16,0.0002929902,58,2023-01-01
2025-09-05 21:00:00,2025-09-05 20:00:00,1,-2,0.00026756787,59,2023-01-01
2025-09-05 21:00:00,2025-09-05 20:00:00,-1,-4,0.00026142094,60,2023-01-01
2025-09-05 21:00:00,2025-09-05 20:00:00,-3,8,0.00025893498,61,2023-01-01
2025-09-05 21:00:00,2025-09-05 20:00:00,10,5,0.00025870622,62,2023-01-01
2025-09-05 21:00:00,2025-09-05 20:00:00,-1,-7,0.00025390278,63,2023-01-01
2025-09-05 21:00:00,2025-09-05 20:00:00,-5,2,0.00025151306,64,2023-01-01
2025-09-05 21:00:00,2025-09-05 20:00:00,-9,-4,0.00024706047,65,2023-01-01
2025-09-05 21:00:00,2025-09-05 20:00:00,-3,13,0.00024583805,66,2023-01-01
2025-09-05 21:00:00,2025-09-05 20:00:00,6,6,0.00023949255,67,2023-01-01
2025-09-05 21:00:00,2025-09-05 20:00:00,-1,-6,0.00023864383,68,2023-01-01
2025-09-05 21:00:00,2025-09-05 20:00:00,10,3,0.00023624387,69,2023-01-01
2025-09-05 21:00:00,2025-09-05 20:00:00,2,20,0.0002274466,70,2023-01-01
2025-09-05 21:00:00,2025-09-05 20:00:00,-5,4,0.00022663498,71,2023-01-01
2025-09-05 21:00:00,2025-09-05 20:00:00,7,11,0.00022659359,72,2023-01-01
2025-09-05 21:00:00,2025-09-05 20:00:00,6,11,0.0002265817,73,2023-01-01
2025-09-05 21:00:00,2025-09-05 20:00:00,-9,-1,0.00022586156,74,2023-01-01
2025-09-05 21:00:00,2025-09-05 20:00:00,-6,1,0.00022127635,75,2023-01-01
2025-09-05 21:00:00,2025-09-05 20:00:00,10,-1,0.00022101098,76,2023-01-01
2025-09-05 21:00:00,2025-09-05 20:00:00,-4,3,0.00022062485,77,2023-01-01
2025-09-05 21:00:00,2025-09-05 20:00:00,10,0,0.00022018205,78,2023-01-01
2025-09-05 21:00:00,2025-09-05 20:00:00,-7,1,0.0002197293,79,2023-01-01
2025-09-05 21:00:00,2025-09-05 20:00:00,4,14,0.00021416071,80,2023-01-01
2025-09-05 21:00:00,2025-09-05 20:00:00,6,5,0.0002124649,81,2023-01-01
2025-09-05 21:00:00,2025-09-05 20:00:00,0,19,0.00021135034,82,2023-01-01
2025-09-05 21:00:00,2025-09-05 20:00:00,3,17,0.00021052547,83,2023-01-01
2025-09-05 21:00:00,2025-09-05 20:00:00,5,3,0.00021022,84,2023-01-01
2025-09-05 21:00:00,2025-09-05 20:00:00,8,1,0.00020932185,85,2023-01-01
2025-09-05 21:00:00,2025-09-05 20:00:00,1,19,0.00020740175,86,2023-01-01
2025-09-05 21:00:00,2025-09-05 20:00:00,0,18,0.00020716291,87,2023-01-01
2025-09-05 21:00:00,2025-09-05 20:00:00,1,20,0.00020514241,88,2023-01-01
2025-09-05 21:00:00,2025-09-05 20:00:00,6,3,0.00020068006,89,2023-01-01
2025-09-05 21:00:00,2025-09-05 20:00:00,9,0,0.00019717305,90,2023-01-01
2025-09-05 21:00:00,2025-09-05 20:00:00,7,-5,0.00019332852,91,2023-01-01
2025-09-05 21:00:00,2025-09-05 20:00:00,0,14,0.00019306382,92,2023-01-01
2025-09-05 21:00:00,2025-09-05 20:00:00,0,11,0.00019119872,93,2023-01-01
2025-09-05 21:00:00,2025-09-05 20:00:00,2,8,0.00018856341,94,2023-01-01
2025-09-05 21:00:00,2025-09-05 20:00:00,-4,5,0.0001878109,95,2023-01-01
2025-09-05 21:00:00,2025-09-05 20:00:00,1,5,0.00018740771,96,2023-01-01
2025-09-05 21:00:00,2025-09-05 20:00:00,-4,19,0.0001851492,97,2023-01-01
2025-09-05 21:00:00,2025-09-05 20:00:00,0,-6,0.000184913,98,2023-01-01
2025-09-05 21:00:00,2025-09-05 20:00:00,0,5,0.00018391774,99,2023-01-01
2025-09-05 21:00:00,2025-09-05 20:00:00,1,11,0.00018272236,100,2023-01-01
2025-09-05 21:00:00,2025-09-05 20:00:00,7,-1,0.00018262207,101,2023-01-01
2025-09-05 21:00:00,2025-09-05 20:00:00,3,1,0.0001821653,102,2023-01-01
2025-09-05 21:00:00,2025-09-05 20:00:00,0,-3,0.00018123894,103,2023-01-01
2025-09-05 21:00:00,2025-09-05 20:00:00,-5,-5,0.00018105209,104,2023-01-01
2025-09-05 21:00:00,2025-09-05 20:00:00,2,9,0.00017957571,105,2023-01-01
2025-09-05 21:00:00,2025-09-05 20:00:00,-1,18,0.00017885635,106,2023-01-01
2025-09-05 21:00:00,2025-09-05 20:00:00,5,2,0.00017751874,107,2023-01-01
2025-09-05 21:00:00,2025-09-05 20:00:00,-8,6,0.00017551128,108,2023-01-01
2025-09-05 21:00:00,2025-09-05 20:00:00,7,1,0.00017536971,109,2023-01-01
2025-09-05 21:00:00,2025-09-05 20:00:00,1,6,0.00017470571,110,2023-01-01
2025-09-05 21:00:00,2025-09-05 20:00:00,-5,11,0.00017440063,111,2023-01-01
2025-09-05 21:00:00,2025-09-05 20:00:00,-1,8,0.0001737638,112,2023-01-01
2025-09-05 21:00:00,2025-09-05 20:00:00,4,1,0.00017341388,113,2023-01-01
2025-09-05 21:00:00,2025-09-05 20:00:00,-1,5,0.00017295207,114,2023-01-01
2025-09-05 21:00:00,2025-09-05 20:00:00,1,9,0.0001717145,115,2023-01-01
2025-09-05 21:00:00,2025-09-05 20:00:00,-4,0,0.00017160243,116,2023-01-01
2025-09-05 21:00:00,2025-09-05 20:00:00,0,9,0.00017054558,117,2023-01-01
2025-09-05 21:00:00,2025-09-05 20:00:00,-1,6,0.0001698131,118,2023-01-01
2025-09-05 21:00:00,2025-09-05 20:00:00,-5,10,0.00016975089,119,2023-01-01
2025-09-05 21:00:00,2025-09-05 20:00:00,2,7,0.00016882083,120,2023-01-01
2025-09-05 21:00:00,2025-09-05 20:00:00,-9,-5,0.00016868846,121,2023-01-01
2025-09-05 21:00:00,2025-09-05 20:00:00,2,1,0.00016807369,122,2023-01-01
2025-09-05 21:00:00,2025-09-05 20:00:00,-2,-5,0.00016806852,123,2023-01-01
2025-09-05 21:00:00,2025-09-05 20:00:00,-2,8,0.00016763473,124,2023-01-01
2025-09-05 21:00:00,2025-09-05 20:00:00,-5,9,0.00016757636,125,2023-01-01
2025-09-05 21:00:00,2025-09-05 20:00:00,-4,17,0.00016480831,126,2023-01-01
2025-09-05 21:00:00,2025-09-05 20:00:00,-4,-5,0.00016160907,127,2023-01-01
2025-09-05 21:00:00,2025-09-05 20:00:00,-9,6,0.000161004,128,2023-01-01
2025-09-05 21:00:00,2025-09-05 20:00:00,1,1,0.00016088762,129,2023-01-01
2025-09-05 21:00:00,2025-09-05 20:00:00,-3,15,0.00016023178,130,2023-01-01
2025-09-05 21:00:00,2025-09-05 20:00:00,-1,13,0.00016014965,131,2023-01-01
2025-09-05 21:00:00,2025-09-05 20:00:00,-3,7,0.00015985656,132,2023-01-01
2025-09-05 21:00:00,2025-09-05 20:00:00,-1,11,0.000156829,133,2023-01-01
2025-09-05 21:00:00,2025-09-05 20:00:00,-4,-4,0.00015613386,134,2023-01-01
2025-09-05 21:00:00,2025-09-05 20:00:00,-5,-4,0.0001560262,135,2023-01-01
2025-09-05 21:00:00,2025-09-05 20:00:00,-3,18,0.00015585007,136,2023-01-01
2025-09-05 21:00:00,2025-09-05 20:00:00,-1,9,0.00015545264,137,2023-01-01
2025-09-05 21:00:00,2025-09-05 20:00:00,-6,8,0.00015472871,138,2023-01-01
2025-09-05 21:00:00,2025-09-05 20:00:00,1,-7,0.0001536746,139,2023-01-01
2025-09-05 21:00:00,2025-09-05 20:00:00,1,-3,0.0001522579,140,2023-01-01
2025-09-05 21:00:00,2025-09-05 20:00:00,-3,0,0.00015108753,141,2023-01-01
2025-09-05 21:00:00,2025-09-05 20:00:00,1,2,0.00014944433,142,2023-01-01
2025-09-05 21:00:00,2025-09-05 20:00:00,-1,2,0.00014594801,143,2023-01-01
2025-09-05 21:00:00,2025-09-05 20:00:00,-5,15,0.000143778,144,2023-01-01
2025-09-05 21:00:00,2025-09-05 20:00:00,-1,1,0.00014359287,145,2023-01-01
2025-09-05 21:00:00,2025-09-05 20:00:00,-6,15,0.00014342609,146,2023-01-01
2025-09-05 21:00:00,2025-09-05 20:00:00,-2,9,0.00014332873,147,2023-01-01
2025-09-05 21:00:00,2025-09-05 20:00:00,-3,11,0.00014080084,148,2023-01-01
2025-09-05 21:00:00,2025-09-05 20:00:00,-10,8,0.00014054356,149,2023-01-01
2025-09-05 21:00:00,2025-09-05 20:00:00,-10,10,0.0001398719,150,2023-01-01
2025-09-05 21:00:00,2025-09-05 20:00:00,-4,12,0.00013981403,151,2023-01-01
2025-09-05 21:00:00,2025-09-05 20:00:00,-2,1,0.00013954083,152,2023-01-01
2025-09-05 21:00:00,2025-09-05 20:00:00,-3,12,0.00013926445,153,2023-01-01
2025-09-05 21:00:00,2025-09-05 20:00:00,-5,0,0.00013877814,154,2023-01-01
2025-09-05 21:00:00,2025-09-05 20:00:00,-2,15,0.00013687296,155,2023-01-01
2025-09-05 21:00:00,2025-09-05 20:00:00,-4,10,0.00013640635,156,2023-01-01
2025-09-05 21:00:00,2025-09-05 20:00:00,-4,8,0.00013625821,157,2023-01-01
2025-09-05 21:00:00,2025-09-05 20:00:00,8,-1,0.00013543967,158,2023-01-01
2025-09-05 21:00:00,2025-09-05 20:00:00,-2,13,0.00013342788,159,2023-01-01
2025-09-05 21:00:00,2025-09-05 20:00:00,-2,10,0.00013221208,160,2023-01-01
2025-09-05 21:00:00,2025-09-05 20:00:00,0,-5,0.00013120416,161,2023-01-01
2025-09-05 21:00:00,2025-09-05 20:00:00,-3,9,0.00013104176,162,2023-01-01
2025-09-05 21:00:00,2025-09-05 20:00:00,2,-3,0.00013023855,163,2023-01-01
2025-09-05 21:00:00,2025-09-05 20:00:00,2,-6,0.00012988914,164,2023-01-01
2025-09-05 21:00:00,2025-09-05 20:00:00,5,-2,0.0001298806,165,2023-01-01
2025-09-05 21:00:00,2025-09-05 20:00:00,-2,11,0.00012845844,166,2023-01-01
2025-09-05 21:00:00,2025-09-05 20:00:00,9,-2,0.00012412922,167,2023-01-01
2025-09-05 21:00:00,2025-09-05 20:00:00,-3,14,0.0001239427,168,2023-01-01
2025-09-05 21:00:00,2025-09-05 20:00:00,-1,3,0.00012362517,169,2023-01-01
2025-09-05 21:00:00,2025-09-05 20:00:00,-3,2,0.00012172045,170,2023-01-01
2025-09-05 21:00:00,2025-09-05 20:00:00,8,-3,0.000119359116,171,2023-01-01
2025-09-05 21:00:00,2025-09-05 20:00:00,4,-1,0.00011508809,172,2023-01-01
2025-09-05 21:00:00,2025-09-05 20:00:00,5,-1,0.000113606984,173,2023-01-01
2025-09-05 21:00:00,2025-09-05 20:00:00,2,-2,0.000108461456,174,2023-01-01
2025-09-05 21:00:00,2025-09-05 20:00:00,-7,-1,0.00010712648,175,2023-01-01
2025-09-05 21:00:00,2025-09-05 20:00:00,-5,1,0.000106397616,176,2023-01-01
2025-09-05 21:00:00,2025-09-05 20:00:00,-4,2,0.00010554699,177,2023-01-01
2025-09-05 21:00:00,2025-09-05 20:00:00,-2,3,9.143463e-05,178,2023-01-01
2025-09-05 21:00:00,2025-09-05 20:00:00,8,-4,8.931742e-05,179,2023-01-01
2025-09-05 21:00:00,2025-09-05 20:00:00,1,-5,8.7000895e-05,180,2023-01-01
2025-09-05 21:00:00,2025-09-05 20:00:00,4,-6,8.308628e-05,181,2023-01-01
2025-09-05 21:00:00,2025-09-05 20:00:00,4,-4,8.159705e-05,182,2023-01-01
2025-09-05 21:00:00,2025-09-05 20:00:00,3,-3,7.736741e-05,183,2023-01-01
2025-09-05 21:00:00,2025-09-05 20:00:00,5,-3,7.475703e-05,184,2023-01-01
2025-09-05 21:00:00,2025-09-05 20:00:00,5,-4,7.3841584e-05,185,2023-01-01
2025-09-05 21:00:00,2025-09-05 20:00:00,2,-7,6.832487e-05,186,2023-01-01
2025-09-15 00:00:00,2025-09-14 23:00:00,0,0,0.2501593,1,2023-01-01
2025-09-15 00:00:00,2025-09-14 23:00:00,-2,-3,0.24626683,2,2023-01-01
2025-09-15 00:00:00,2025-09-14 23:00:00,-4,-3,0.19855534,3,2023-01-01
2025-09-15 00:00:00,2025-09-14 23:00:00,9,1,0.15108721,4,2023-01-01
2025-09-15 00:00:00,2025-09-14 23:00:00,0,-1,0.12318951,5,2023-01-01
2025-09-15 00:00:00,2025-09-14 23:00:00,-1,0,0.12311077,6,2023-01-01
2025-09-15 00:00:00,2025-09-14 23:00:00,1,-1,0.09788802,7,2023-01-01
2025-09-15 00:00:00,2025-09-14 23:00:00,-2,-2,0.0950981,8,2023-01-01
2025-09-15 00:00:00,2025-09-14 23:00:00,-1,-1,0.04444186,9,2023-01-01
2025-09-15 00:00:00,2025-09-14 23:00:00,-11,-5,0.043033436,10,2023-01-01
2025-09-15 00:00:00,2025-09-14 23:00:00,-12,-5,0.035416152,11,2023-01-01
2025-09-15 00:00:00,2025-09-14 23:00:00,3,-1,0.029930176,12,2023-01-01
2025-09-15 00:00:00,2025-09-14 23:00:00,-2,-4,0.02942002,13,2023-01-01
2025-09-15 00:00:00,2025-09-14 23:00:00,-5,-2,0.026695205,14,2023-01-01
2025-09-15 00:00:00,2025-09-14 23:00:00,3,-2,0.023908213,15,2023-01-01
2025-09-15 00:00:00,2025-09-14 23:00:00,-3,-2,0.020619662,16,2023-01-01
2025-09-15 00:00:00,2025-09-14 23:00:00,-2,0,0.01975626,17,2023-01-01
2025-09-15 00:00:00,2025-09-14 23:00:00,1,0,0.017912949,18,2023-01-01
2025-09-15 00:00:00,2025-09-14 23:00:00,0,8,0.014187392,19,2023-01-01
2025-09-15 00:00:00,2025-09-14 23:00:00,-3,-4,0.0077704787,20,2023-01-01
2025-09-15 00:00:00,2025-09-14 23:00:00,-3,-3,0.005326943,21,2023-01-01
2025-09-15 00:00:00,2025-09-14 23:00:00,-1,-3,0.0051953965,22,2023-01-01
2025-09-15 00:00:00,2025-09-14 23:00:00,2,0,0.0049722656,23,2023-01-01
2025-09-15 00:00:00,2025-09-14 23:00:00,-2,-1,0.0041066944,24,2023-01-01
2025-09-15 00:00:00,2025-09-14 23:00:00,6,-3,0.0034811457,25,2023-01-01
2025-09-15 00:00:00,2025-09-14 23:00:00,0,17,0.003245663,26,2023-01-01
2025-09-15 00:00:00,2025-09-14 23:00:00,0,-2,0.002955051,27,2023-01-01
2025-09-15 00:00:00,2025-09-14 23:00:00,-4,-2,0.00233239,28,2023-01-01
2025-09-15 00:00:00,2025-09-14 23:00:00,-4,4,0.001973204,29,2023-01-01
2025-09-15 00:00:00,2025-09-14 23:00:00,6,-4,0.0012673548,30,2023-01-01
2025-09-15 00:00:00,2025-09-14 23:00:00,-6,-2,0.0010816567,31,2023-01-01
2025-09-15 00:00:00,2025-09-14 23:00:00,-5,-3,0.00097317714,32,2023-01-01
2025-09-15 00:00:00,2025-09-14 23:00:00,2,1,0.0008723289,33,2023-01-01
2025-09-15 00:00:00,2025-09-14 23:00:00,-6,-3,0.0007686012,34,2023-01-01
2025-09-15 00:00:00,2025-09-14 23:00:00,-6,4,0.0007299315,35,2023-01-01
2025-09-15 00:00:00,2025-09-14 23:00:00,9,0,0.0006977413,36,2023-01-01
2025-09-15 00:00:00,2025-09-14 23:00:00,-10,-3,0.00059576804,37,2023-01-01
2025-09-15 00:00:00,2025-09-14 23:00:00,9,3,0.00047559675,38,2023-01-01
2025-09-15 00:00:00,2025-09-14 23:00:00,-1,-2,0.0004178352,39,2023-01-01
2025-09-15 00:00:00,2025-09-14 23:00:00,-5,-1,0.00038625998,40,2023-01-01
2025-09-15 00:00:00,2025-09-14 23:00:00,0,1,0.00034552347,41,2023-01-01
2025-09-15 00:00:00,2025-09-14 23:00:00,-3,-1,0.00032970426,42,2023-01-01
2025-09-15 00:00:00,2025-09-14 23:00:00,3,0,0.0002939712,43,2023-01-01
2025-09-15 00:00:00,2025-09-14 23:00:00,9,2,0.0002532147,44,2023-01-01
2025-09-15 00:00:00,2025-09-14 23:00:00,0,12,0.0002510515,45,2023-01-01
2025-09-15 00:00:00,2025-09-14 23:00:00,8,0,0.00024628427,46,2023-01-01
2025-09-15 00:00:00,2025-09-14 23:00:00,7,-4,0.0002417119,47,2023-01-01
2025-09-15 00:00:00,2025-09-14 23:00:00,-10,-4,0.00021336022,48,2023-01-01
2025-09-15 00:00:00,2025-09-14 23:00:00,-9,0,0.00021027395,49,2023-01-01
2025-09-15 00:00:00,2025-09-14 23:00:00,1,-2,0.00020661343,50,2023-01-01
2025-09-15 00:00:00,2025-09-14 23:00:00,-4,-1,0.00017020991,51,2023-01-01
2025-09-15 00:00:00,2025-09-14 23:00:00,2,-1,0.00016806718,52,2023-01-01
2025-09-15 00:00:00,2025-09-14 23:00:00,7,4,0.00016509386,53,2023-01-01
2025-09-15 00:00:00,2025-09-14 23:00:00,-11,-6,0.00016435016,54,2023-01-01
2025-09-15 00:00:00,2025-09-14 23:00:00,-3,1,0.00015482298,55,2023-01-01
2025-09-15 00:00:00,2025-09-14 23:00:00,1,8,0.00013992596,56,2023-01-01
2025-09-15 00:00:00,2025-09-14 23:00:00,-1,-4,0.00012971353,57,2023-01-01
2025-09-15 00:00:00,2025-09-14 23:00:00,0,13,0.00012415396,58,2023-01-01
2025-09-15 00:00:00,2025-09-14 23:00:00,-5,2,0.00011426344,59,2023-01-01
2025-09-15 00:00:00,2025-09-14 23:00:00,-1,7,0.00011412887,60,2023-01-01
2025-09-15 00:00:00,2025-09-14 23:00:00,-3,8,0.00011321765,61,2023-01-01
2025-09-15 00:00:00,2025-09-14 23:00:00,-1,16,0.00011069739,62,2023-01-01
2025-09-15 00:00:00,2025-09-14 23:00:00,10,5,0.000108435845,63,2023-01-01
2025-09-15 00:00:00,2025-09-14 23:00:00,-2,16,0.00010799853,64,2023-01-01
2025-09-15 00:00:00,2025-09-14 23:00:00,-4,2,0.00010766606,65,2023-01-01
2025-09-15 00:00:00,2025-09-14 23:00:00,-1,15,0.00010728585,66,2023-01-01
2025-09-15 00:00:00,2025-09-14 23:00:00,-4,3,0.00010627586,67,2023-01-01
2025-09-15 00:00:00,2025-09-14 23:00:00,2,-3,0.00010560464,68,2023-01-01
2025-09-15 00:00:00,2025-09-14 23:00:00,-1,1,0.00010298142,69,2023-01-01
2025-09-15 00:00:00,2025-09-14 23:00:00,10,3,0.00010113758,70,2023-01-01
2025-09-15 00:00:00,2025-09-14 23:00:00,-7,1,0.00010028635,71,2023-01-01
2025-09-15 00:00:00,2025-09-14 23:00:00,0,-3,9.913044e-05,72,2023-01-01
2025-09-15 00:00:00,2025-09-14 23:00:00,-3,13,9.7278295e-05,73,2023-01-01
2025-09-15 00:00:00,2025-09-14 23:00:00,-5,1,9.707403e-05,74,2023-01-01
2025-09-15 00:00:00,2025-09-14 23:00:00,-1,3,9.659387e-05,75,2023-01-01
2025-09-15 00:00:00,2025-09-14 23:00:00,6,5,9.650937e-05,76,2023-01-01
2025-09-15 00:00:00,2025-09-14 23:00:00,-6,1,9.5285446e-05,77,2023-01-01
2025-09-15 00:00:00,2025-09-14 23:00:00,-2,3,9.376617e-05,78,2023-01-01
2025-09-15 00:00:00,2025-09-14 23:00:00,-7,-1,9.3710434e-05,79,2023-01-01
2025-09-15 00:00:00,2025-09-14 23:00:00,1,2,9.356678e-05,80,2023-01-01
2025-09-15 00:00:00,2025-09-14 23:00:00,5,-2,9.354164e-05,81,2023-01-01
2025-09-15 00:00:00,2025-09-14 23:00:00,-10,10,9.309939e-05,82,2023-01-01
2025-09-15 00:00:00,2025-09-14 23:00:00,1,-3,9.2926464e-05,83,2023-01-01
2025-09-15 00:00:00,2025-09-14 23:00:00,-9,-1,9.269235e-05,84,2023-01-01
2025-09-15 00:00:00,2025-09-14 23:00:00,4,-1,9.265949e-05,85,2023-01-01
2025-09-15 00:00:00,2025-09-14 23:00:00,3,-3,9.216438e-05,86,2023-01-01
2025-09-15 00:00:00,2025-09-14 23:00:00,2,-2,9.047948e-05,87,2023-01-01
2025-09-15 00:00:00,2025-09-14 23:00:00,1,1,8.6858425e-05,88,2023-01-01
2025-09-15 00:00:00,2025-09-14 23:00:00,7,11,8.660776e-05,89,2023-01-01
2025-09-15 00:00:00,2025-09-14 23:00:00,6,6,8.616186e-05,90,2023-01-01
2025-09-15 00:00:00,2025-09-14 23:00:00,4,14,8.518824e-05,91,2023-01-01
2025-09-15 00:00:00,2025-09-14 23:00:00,2,8,8.503153e-05,92,2023-01-01
2025-09-15 00:00:00,2025-09-14 23:00:00,6,11,8.502919e-05,93,2023-01-01
2025-09-15 00:00:00,2025-09-14 23:00:00,3,1,8.4429776e-05,94,2023-01-01
2025-09-15 00:00:00,2025-09-14 23:00:00,7,-5,8.2693296e-05,95,2023-01-01
2025-09-15 00:00:00,2025-09-14 23:00:00,9,-2,8.14265e-05,96,2023-01-01
2025-09-15 00:00:00,2025-09-14 23:00:00,-1,6,8.1403945e-05,97,2023-01-01
2025-09-15 00:00:00,2025-09-14 23:00:00,10,0,8.1316524e-05,98,2023-01-01
2025-09-15 00:00:00,2025-09-14 23:00:00,10,-1,8.1125756e-05,99,2023-01-01
2025-09-15 00:00:00,2025-09-14 23:00:00,2,9,8.0830236e-05,100,2023-01-01
2025-09-15 00:00:00,2025-09-14 23:00:00,8,1,8.076722e-05,101,2023-01-01
2025-09-15 00:00:00,2025-09-14 23:00:00,-10,8,8.04667e-05,102,2023-01-01
2025-09-15 00:00:00,2025-09-14 23:00:00,-4,19,7.990856e-05,103,2023-01-01
2025-09-15 00:00:00,2025-09-14 23:00:00,8,-1,7.967989e-05,104,2023-01-01
2025-09-15 00:00:00,2025-09-14 23:00:00,0,19,7.9115875e-05,105,2023-01-01
2025-09-15 00:00:00,2025-09-14 23:00:00,5,-3,7.906516e-05,106,2023-01-01
2025-09-15 00:00:00,2025-09-14 23:00:00,-4,5,7.902902e-05,107,2023-01-01
2025-09-15 00:00:00,2025-09-14 23:00:00,5,3,7.88516e-05,108,2023-01-01
2025-09-15 00:00:00,2025-09-14 23:00:00,0,18,7.877331e-05,109,2023-01-01
2025-09-15 00:00:00,2025-09-14 23:00:00,1,9,7.7825614e-05,110,2023-01-01
2025-09-15 00:00:00,2025-09-14 23:00:00,-1,5,7.7744626e-05,111,2023-01-01
2025-09-15 00:00:00,2025-09-14 23:00:00,6,3,7.774335e-05,112,2023-01-01
2025-09-15 00:00:00,2025-09-14 23:00:00,-9,6,7.6715776e-05,113,2023-01-01
2025-09-15 00:00:00,2025-09-14 23:00:00,0,11,7.520977e-05,114,2023-01-01
2025-09-15 00:00:00,2025-09-14 23:00:00,-1,18,7.500889e-05,115,2023-01-01
2025-09-15 00:00:00,2025-09-14 23:00:00,-5,4,7.477168e-05,116,2023-01-01
2025-09-15 00:00:00,2025-09-14 23:00:00,0,14,7.43597e-05,117,2023-01-01
2025-09-15 00:00:00,2025-09-14 23:00:00,5,-1,7.4062365e-05,118,2023-01-01
2025-09-15 00:00:00,2025-09-14 23:00:00,2,20,7.342868e-05,119,2023-01-01
2025-09-15 00:00:00,2025-09-14 23:00:00,0,5,7.340648e-05,120,2023-01-01
2025-09-15 00:00:00,2025-09-14 23:00:00,-1,8,7.298586e-05,121,2023-01-01
2025-09-15 00:00:00,2025-09-14 23:00:00,1,6,7.2376955e-05,122,2023-01-01
2025-09-15 00:00:00,2025-09-14 23:00:00,3,17,7.205053e-05,123,2023-01-01
2025-09-15 00:00:00,2025-09-14 23:00:00,7,1,7.081915e-05,124,2023-01-01
2025-09-15 00:00:00,2025-09-14 23:00:00,-9,-4,7.0771996e-05,125,2023-01-01
2025-09-15 00:00:00,2025-09-14 23:00:00,5,2,7.0615846e-05,126,2023-01-01
2025-09-15 00:00:00,2025-09-14 23:00:00,-5,0,7.032317e-05,127,2023-01-01
2025-09-15 00:00:00,2025-09-14 23:00:00,2,7,7.018944e-05,128,2023-01-01
2025-09-15 00:00:00,2025-09-14 23:00:00,1,5,6.987295e-05,129,2023-01-01
2025-09-15 00:00:00,2025-09-14 23:00:00,1,19,6.952593e-05,130,2023-01-01
2025-09-15 00:00:00,2025-09-14 23:00:00,-4,0,6.94663e-05,131,2023-01-01
2025-09-15 00:00:00,2025-09-14 23:00:00,-8,6,6.920461e-05,132,2023-01-01
2025-09-15 00:00:00,2025-09-14 23:00:00,-4,-4,6.8783316e-05,133,2023-01-01
2025-09-15 00:00:00,2025-09-14 23:00:00,-5,-4,6.860387e-05,134,2023-01-01
2025-09-15 00:00:00,2025-09-14 23:00:00,1,20,6.80167e-05,135,2023-01-01
2025-09-15 00:00:00,2025-09-14 23:00:00,-2,1,6.625747e-05,136,2023-01-01
2025-09-15 00:00:00,2025-09-14 23:00:00,-1,9,6.620521e-05,137,2023-01-01
2025-09-15 00:00:00,2025-09-14 23:00:00,-3,7,6.487928e-05,138,2023-01-01
2025-09-15 00:00:00,2025-09-14 23:00:00,-1,2,6.464001e-05,139,2023-01-01
2025-09-15 00:00:00,2025-09-14 23:00:00,-4,17,6.4259104e-05,140,2023-01-01
2025-09-15 00:00:00,2025-09-14 23:00:00,-4,-5,6.4233114e-05,141,2023-01-01
2025-09-15 00:00:00,2025-09-14 23:00:00,-6,15,6.343179e-05,142,2023-01-01
2025-09-15 00:00:00,2025-09-14 23:00:00,-2,8,6.331512e-05,143,2023-01-01
2025-09-15 00:00:00,2025-09-14 23:00:00,-6,8,6.323785e-05,144,2023-01-01
2025-09-15 00:00:00,2025-09-14 23:00:00,4,1,6.318022e-05,145,2023-01-01
2025-09-15 00:00:00,2025-09-14 23:00:00,1,11,6.306142e-05,146,2023-01-01
2025-09-15 00:00:00,2025-09-14 23:00:00,-3,0,6.302787e-05,147,2023-01-01
2025-09-15 00:00:00,2025-09-14 23:00:00,-3,18,6.3003965e-05,148,2023-01-01
2025-09-15 00:00:00,2025-09-14 23:00:00,1,-5,6.271522e-05,149,2023-01-01
2025-09-15 00:00:00,2025-09-14 23:00:00,-5,15,6.245414e-05,150,2023-01-01
2025-09-15 00:00:00,2025-09-14 23:00:00,-3,15,6.224882e-05,151,2023-01-01
2025-09-15 00:00:00,2025-09-14 23:00:00,-5,-5,6.184683e-05,152,2023-01-01
2025-09-15 00:00:00,2025-09-14 23:00:00,-1,13,6.177117e-05,153,2023-01-01
2025-09-15 00:00:00,2025-09-14 23:00:00,-5,11,6.159164e-05,154,2023-01-01
2025-09-15 00:00:00,2025-09-14 23:00:00,-5,9,6.151545e-05,155,2023-01-01
2025-09-15 00:00:00,2025-09-14 23:00:00,5,-4,6.150727e-05,156,2023-01-01
2025-09-15 00:00:00,2025-09-14 23:00:00,-4,12,6.143042e-05,157,2023-01-01
2025-09-15 00:00:00,2025-09-14 23:00:00,-4,10,6.1313134e-05,158,2023-01-01
2025-09-15 00:00:00,2025-09-14 23:00:00,-4,8,6.0952258e-05,159,2023-01-01
2025-09-15 00:00:00,2025-09-14 23:00:00,-5,10,6.0530027e-05,160,2023-01-01
2025-09-15 00:00:00,2025-09-14 23:00:00,-3,2,6.045261e-05,161,2023-01-01
2025-09-15 00:00:00,2025-09-14 23:00:00,-2,13,6.0217968e-05,162,2023-01-01
2025-09-15 00:00:00,2025-09-14 23:00:00,-2,15,5.9906684e-05,163,2023-01-01
2025-09-15 00:00:00,2025-09-14 23:00:00,0,9,5.989363e-05,164,2023-01-01
2025-09-15 00:00:00,2025-09-14 23:00:00,-1,11,5.9315353e-05,165,2023-01-01
2025-09-15 00:00:00,2025-09-14 23:00:00,-2,-5,5.9157162e-05,166,2023-01-01
2025-09-15 00:00:00,2025-09-14 23:00:00,-2,10,5.8783728e-05,167,2023-01-01
2025-09-15 00:00:00,2025-09-14 23:00:00,-2,11,5.8720918e-05,168,2023-01-01
2025-09-15 00:00:00,2025-09-14 23:00:00,-9,-5,5.862936e-05,169,2023-01-01
2025-09-15 00:00:00,2025-09-14 23:00:00,7,-1,5.81839e-05,170,2023-01-01
2025-09-15 00:00:00,2025-09-14 23:00:00,-3,11,5.7457913e-05,171,2023-01-01
2025-09-15 00:00:00,2025-09-14 23:00:00,-2,9,5.728545e-05,172,2023-01-01
2025-09-15 00:00:00,2025-09-14 23:00:00,4,-4,5.674016e-05,173,2023-01-01
2025-09-15 00:00:00,2025-09-14 23:00:00,0,-5,5.6718487e-05,174,2023-01-01
2025-09-15 00:00:00,2025-09-14 23:00:00,-3,12,5.6189427e-05,175,2023-01-01
2025-09-15 00:00:00,2025-09-14 23:00:00,-3,14,5.5732842e-05,176,2023-01-01
2025-09-15 00:00:00,2025-09-14 23:00:00,-3,9,5.5564495e-05,177,2023-01-01
2025-09-15 00:00:00,2025-09-14 23:00:00,4,-6,4.8825586e-05,178,2023-01-01
2025-09-15 00:00:00,2025-09-14 23:00:00,8,-3,4.6215166e-05,179,2023-01-01
2025-09-15 00:00:00,2025-09-14 23:00:00,2,-6,4.5002016e-05,180,2023-01-01
2025-09-15 00:00:00,2025-09-14 23:00:00,8,-4,4.4733864e-05,181,2023-01-01
2025-09-15 00:00:00,2025-09-14 23:00:00,-1,-6,4.349177e-05,182,2023-01-01
2025-09-15 00:00:00,2025-09-14 23:00:00,-1,-7,4.0278497e-05,183,2023-01-01
2025-09-15 00:00:00,2025-09-14 23:00:00,2,-7,3.9715087e-05,184,2023-01-01
2025-09-15 00:00:00,2025-09-14 23:00:00,1,-7,3.912438e-05,185,2023-01-01
2025-09-15 00:00:00,2025-09-14 23:00:00,0,-6,3.836364e-05,186,2023-01-01
