event_hour,hour,grid_x,grid_y,risk_score,rank,train_end
2021-08-05 00:00:00,2021-08-04 23:00:00,0,0,0.47487178,1,2021-01-01
2021-08-05 00:00:00,2021-08-04 23:00:00,0,12,0.47312608,2,2021-01-01
2021-08-05 00:00:00,2021-08-04 23:00:00,-2,-4,0.4036539,3,2021-01-01
2021-08-05 00:00:00,2021-08-04 23:00:00,-4,-2,0.37706792,4,2021-01-01
2021-08-05 00:00:00,2021-08-04 23:00:00,-2,-3,0.306311,5,2021-01-01
2021-08-05 00:00:00,2021-08-04 23:00:00,-3,-4,0.26210502,6,2021-01-01
2021-08-05 00:00:00,2021-08-04 23:00:00,-1,0,0.23029242,7,2021-01-01
2021-08-05 00:00:00,2021-08-04 23:00:00,-1,-1,0.19655494,8,2021-01-01
2021-08-05 00:00:00,2021-08-04 23:00:00,-2,0,0.17995858,9,2021-01-01
2021-08-05 00:00:00,2021-08-04 23:00:00,1,0,0.16130793,10,2021-01-01
2021-08-05 00:00:00,2021-08-04 23:00:00,-4,-3,0.123604916,11,2021-01-01
2021-08-05 00:00:00,2021-08-04 23:00:00,0,-1,0.119085945,12,2021-01-01
2021-08-05 00:00:00,2021-08-04 23:00:00,-5,-2,0.08611,13,2021-01-01
2021-08-05 00:00:00,2021-08-04 23:00:00,2,0,0.077166274,14,2021-01-01
2021-08-05 00:00:00,2021-08-04 23:00:00,-2,-2,0.075547166,15,2021-01-01
2021-08-05 00:00:00,2021-08-04 23:00:00,-5,-1,0.06878512,16,2021-01-01
2021-08-05 00:00:00,2021-08-04 23:00:00,-2,-1,0.055891603,17,2021-01-01
2021-08-05 00:00:00,2021-08-04 23:00:00,-3,-3,0.05498846,18,2021-01-01
2021-08-05 00:00:00,2021-08-04 23:00:00,-4,-1,0.029479591,19,2021-01-01
2021-08-05 00:00:00,2021-08-04 23:00:00,6,-4,0.028423823,20,2021-01-01
2021-08-05 00:00:00,2021-08-04 23:00:00,2,1,0.025446698,21,2021-01-01
2021-08-05 00:00:00,2021-08-04 23:00:00,-4,0,0.022783404,22,2021-01-01
2021-08-05 00:00:00,2021-08-04 23:00:00,1,-1,0.020119956,23,2021-01-01
2021-08-05 00:00:00,2021-08-04 23:00:00,-3,0,0.01545659,24,2021-01-01
2021-08-05 00:00:00,2021-08-04 23:00:00,-3,-2,0.015314958,25,2021-01-01
2021-08-05 00:00:00,2021-08-04 23:00:00,-1,-2,0.013028715,26,2021-01-01
2021-08-05 00:00:00,2021-08-04 23:00:00,2,-1,0.010277161,27,2021-01-01
2021-08-05 00:00:00,2021-08-04 23:00:00,-1,-3,0.010073737,28,2021-01-01
2021-08-05 00:00:00,2021-08-04 23:00:00,-5,-3,0.008807797,29,2021-01-01
2021-08-05 00:00:00,2021-08-04 23:00:00,0,-2,0.0030801054,30,2021-01-01
2021-08-05 00:00:00,2021-08-04 23:00:00,0,17,0.0030320592,31,2021-01-01
2021-08-05 00:00:00,2021-08-04 23:00:00,-4,4,0.00270191,32,2021-01-01
2021-08-05 00:00:00,2021-08-04 23:00:00,6,-3,0.0025556372,33,2021-01-01
2021-08-05 00:00:00,2021-08-04 23:00:00,-3,-1,0.0025351767,34,2021-01-01
2021-08-05 00:00:00,2021-08-04 23:00:00,-4,5,0.0023302345,35,2021-01-01
2021-08-05 00:00:00,2021-08-04 23:00:00,-5,1,0.0022400257,36,2021-01-01
2021-08-05 00:00:00,2021-08-04 23:00:00,-1,1,0.0013995147,37,2021-01-01
2021-08-05 00:00:00,2021-08-04 23:00:00,-3,9,0.0011412568,38,2021-01-01
2021-08-05 00:00:00,2021-08-04 23:00:00,1,19,0.0011103023,39,2021-01-01
2021-08-05 00:00:00,2021-08-04 23:00:00,2,8,0.0010952984,40,2021-01-01
2021-08-05 00:00:00,2021-08-04 23:00:00,7,-5,0.000969789,41,2021-01-01
2021-08-05 00:00:00,2021-08-04 23:00:00,-6,1,0.0009353957,42,2021-01-01
2021-08-05 00:00:00,2021-08-04 23:00:00,4,-1,0.00085066305,43,2021-01-01
2021-08-05 00:00:00,2021-08-04 23:00:00,-3,1,0.0007524739,44,2021-01-01
2021-08-05 00:00:00,2021-08-04 23:00:00,1,5,0.00073987106,45,2021-01-01
2021-08-05 00:00:00,2021-08-04 23:00:00,-5,-5,0.00072656595,46,2021-01-01
2021-08-05 00:00:00,2021-08-04 23:00:00,-2,11,0.00072387705,47,2021-01-01
2021-08-05 00:00:00,2021-08-04 23:00:00,5,-1,0.00070293323,48,2021-01-01
2021-08-05 00:00:00,2021-08-04 23:00:00,0,-3,0.00063883973,49,2021-01-01
2021-08-05 00:00:00,2021-08-04 23:00:00,0,1,0.00062006497,50,2021-01-01
2021-08-05 00:00:00,2021-08-04 23:00:00,2,20,0.00059107033,51,2021-01-01
2021-08-05 00:00:00,2021-08-04 23:00:00,-4,3,0.0005734554,52,2021-01-01
2021-08-05 00:00:00,2021-08-04 23:00:00,-1,-4,0.00050404115,53,2021-01-01
2021-08-05 00:00:00,2021-08-04 23:00:00,-9,-5,0.00047945124,54,2021-01-01
2021-08-05 00:00:00,2021-08-04 23:00:00,0,8,0.00044756755,55,2021-01-01
2021-08-05 00:00:00,2021-08-04 23:00:00,7,4,0.0004424017,56,2021-01-01
2021-08-05 00:00:00,2021-08-04 23:00:00,1,-2,0.00037202626,57,2021-01-01
2021-08-05 00:00:00,2021-08-04 23:00:00,-5,2,0.00035634133,58,2021-01-01
2021-08-05 00:00:00,2021-08-04 23:00:00,-6,-3,0.00027925777,59,2021-01-01
2021-08-05 00:00:00,2021-08-04 23:00:00,2,-2,0.00027282955,60,2021-01-01
2021-08-05 00:00:00,2021-08-04 23:00:00,-1,3,0.00026224603,61,2021-01-01
2021-08-05 00:00:00,2021-08-04 23:00:00,8,-3,0.00023423739,62,2021-01-01
2021-08-05 00:00:00,2021-08-04 23:00:00,6,11,0.00022759126,63,2021-01-01
2021-08-05 00:00:00,2021-08-04 23:00:00,0,11,0.00022407756,64,2021-01-01
2021-08-05 00:00:00,2021-08-04 23:00:00,-5,0,0.00022001966,65,2021-01-01
2021-08-05 00:00:00,2021-08-04 23:00:00,-5,11,0.00021791652,66,2021-01-01
2021-08-05 00:00:00,2021-08-04 23:00:00,6,3,0.000207583,67,2021-01-01
2021-08-05 00:00:00,2021-08-04 23:00:00,2,-3,0.00020677324,68,2021-01-01
2021-08-05 00:00:00,2021-08-04 23:00:00,-3,15,0.0002032342,69,2021-01-01
2021-08-05 00:00:00,2021-08-04 23:00:00,-12,-5,0.00019114994,70,2021-01-01
2021-08-05 00:00:00,2021-08-04 23:00:00,2,9,0.00018721134,71,2021-01-01
2021-08-05 00:00:00,2021-08-04 23:00:00,0,9,0.00018683863,72,2021-01-01
2021-08-05 00:00:00,2021-08-04 23:00:00,9,-2,0.0001834302,73,2021-01-01
2021-08-05 00:00:00,2021-08-04 23:00:00,-10,-3,0.0001831033,74,2021-01-01
2021-08-05 00:00:00,2021-08-04 23:00:00,7,-4,0.00018204679,75,2021-01-01
2021-08-05 00:00:00,2021-08-04 23:00:00,3,1,0.00017967015,76,2021-01-01
2021-08-05 00:00:00,2021-08-04 23:00:00,7,-1,0.00017829282,77,2021-01-01
2021-08-05 00:00:00,2021-08-04 23:00:00,10,5,0.00016712346,78,2021-01-01
2021-08-05 00:00:00,2021-08-04 23:00:00,4,1,0.00016176059,79,2021-01-01
2021-08-05 00:00:00,2021-08-04 23:00:00,-2,8,0.00015885232,80,2021-01-01
2021-08-05 00:00:00,2021-08-04 23:00:00,-1,2,0.00015794804,81,2021-01-01
2021-08-05 00:00:00,2021-08-04 23:00:00,4,-4,0.00015653479,82,2021-01-01
2021-08-05 00:00:00,2021-08-04 23:00:00,-2,13,0.00015567393,83,2021-01-01
2021-08-05 00:00:00,2021-08-04 23:00:00,1,1,0.00015420739,84,2021-01-01
2021-08-05 00:00:00,2021-08-04 23:00:00,1,6,0.00015325274,85,2021-01-01
2021-08-05 00:00:00,2021-08-04 23:00:00,-1,11,0.00014904508,86,2021-01-01
2021-08-05 00:00:00,2021-08-04 23:00:00,1,-3,0.00014508293,87,2021-01-01
2021-08-05 00:00:00,2021-08-04 23:00:00,-9,0,0.00014447047,88,2021-01-01
2021-08-05 00:00:00,2021-08-04 23:00:00,6,5,0.00014287273,89,2021-01-01
2021-08-05 00:00:00,2021-08-04 23:00:00,6,6,0.00014009043,90,2021-01-01
2021-08-05 00:00:00,2021-08-04 23:00:00,-7,-1,0.00013873332,91,2021-01-01
2021-08-05 00:00:00,2021-08-04 23:00:00,0,-5,0.00013836002,92,2021-01-01
2021-08-05 00:00:00,2021-08-04 23:00:00,-7,1,0.00013428107,93,2021-01-01
2021-08-05 00:00:00,2021-08-04 23:00:00,1,2,0.00013377667,94,2021-01-01
2021-08-05 00:00:00,2021-08-04 23:00:00,-9,-1,0.00013373692,95,2021-01-01
2021-08-05 00:00:00,2021-08-04 23:00:00,1,-5,0.00013347685,96,2021-01-01
2021-08-05 00:00:00,2021-08-04 23:00:00,10,3,0.00013260836,97,2021-01-01
2021-08-05 00:00:00,2021-08-04 23:00:00,-4,12,0.00013155428,98,2021-01-01
2021-08-05 00:00:00,2021-08-04 23:00:00,-9,-4,0.0001266033,99,2021-01-01
2021-08-05 00:00:00,2021-08-04 23:00:00,9,3,0.00012035741,100,2021-01-01
2021-08-05 00:00:00,2021-08-04 23:00:00,-4,-4,0.00011791478,101,2021-01-01
2021-08-05 00:00:00,2021-08-04 23:00:00,8,-4,0.000117022275,102,2021-01-01
2021-08-05 00:00:00,2021-08-04 23:00:00,-4,2,0.0001151702,103,2021-01-01
2021-08-05 00:00:00,2021-08-04 23:00:00,1,8,0.00011478135,104,2021-01-01
2021-08-05 00:00:00,2021-08-04 23:00:00,-10,-4,0.000114424656,105,2021-01-01
2021-08-05 00:00:00,2021-08-04 23:00:00,7,11,0.000111582514,106,2021-01-01
2021-08-05 00:00:00,2021-08-04 23:00:00,-6,-2,0.000110992325,107,2021-01-01
2021-08-05 00:00:00,2021-08-04 23:00:00,-2,1,0.00010936198,108,2021-01-01
2021-08-05 00:00:00,2021-08-04 23:00:00,-10,10,0.00010915075,109,2021-01-01
2021-08-05 00:00:00,2021-08-04 23:00:00,-3,2,0.00010699513,110,2021-01-01
2021-08-05 00:00:00,2021-08-04 23:00:00,-2,-5,0.000106450745,111,2021-01-01
2021-08-05 00:00:00,2021-08-04 23:00:00,4,14,0.00010247581,112,2021-01-01
2021-08-05 00:00:00,2021-08-04 23:00:00,5,3,0.00010222005,113,2021-01-01
2021-08-05 00:00:00,2021-08-04 23:00:00,-10,8,9.981776e-05,114,2021-01-01
2021-08-05 00:00:00,2021-08-04 23:00:00,-4,10,9.728391e-05,115,2021-01-01
2021-08-05 00:00:00,2021-08-04 23:00:00,3,17,9.7207434e-05,116,2021-01-01
2021-08-05 00:00:00,2021-08-04 23:00:00,-5,-4,9.69301e-05,117,2021-01-01
2021-08-05 00:00:00,2021-08-04 23:00:00,1,11,9.595606e-05,118,2021-01-01
2021-08-05 00:00:00,2021-08-04 23:00:00,-6,8,9.460658e-05,119,2021-01-01
2021-08-05 00:00:00,2021-08-04 23:00:00,3,0,9.2992326e-05,120,2021-01-01
2021-08-05 00:00:00,2021-08-04 23:00:00,1,9,9.2326816e-05,121,2021-01-01
2021-08-05 00:00:00,2021-08-04 23:00:00,2,7,9.207705e-05,122,2021-01-01
2021-08-05 00:00:00,2021-08-04 23:00:00,-4,-5,9.182937e-05,123,2021-01-01
2021-08-05 00:00:00,2021-08-04 23:00:00,3,-3,9.180219e-05,124,2021-01-01
2021-08-05 00:00:00,2021-08-04 23:00:00,-5,9,9.141344e-05,125,2021-01-01
2021-08-05 00:00:00,2021-08-04 23:00:00,-5,10,9.141344e-05,126,2021-01-01
2021-08-05 00:00:00,2021-08-04 23:00:00,3,-1,9.102761e-05,127,2021-01-01
2021-08-05 00:00:00,2021-08-04 23:00:00,-3,11,9.073666e-05,128,2021-01-01
2021-08-05 00:00:00,2021-08-04 23:00:00,-3,12,9.073666e-05,129,2021-01-01
2021-08-05 00:00:00,2021-08-04 23:00:00,-9,6,8.992891e-05,130,2021-01-01
2021-08-05 00:00:00,2021-08-04 23:00:00,0,13,8.947344e-05,131,2021-01-01
2021-08-05 00:00:00,2021-08-04 23:00:00,-3,13,8.942871e-05,132,2021-01-01
2021-08-05 00:00:00,2021-08-04 23:00:00,3,-2,8.935623e-05,133,2021-01-01
2021-08-05 00:00:00,2021-08-04 23:00:00,0,14,8.735526e-05,134,2021-01-01
2021-08-05 00:00:00,2021-08-04 23:00:00,-11,-5,8.717315e-05,135,2021-01-01
2021-08-05 00:00:00,2021-08-04 23:00:00,1,20,8.60963e-05,136,2021-01-01
2021-08-05 00:00:00,2021-08-04 23:00:00,-3,14,8.550388e-05,137,2021-01-01
2021-08-05 00:00:00,2021-08-04 23:00:00,4,-6,8.36938e-05,138,2021-01-01
2021-08-05 00:00:00,2021-08-04 23:00:00,0,5,8.249471e-05,139,2021-01-01
2021-08-05 00:00:00,2021-08-04 23:00:00,8,0,8.21723e-05,140,2021-01-01
2021-08-05 00:00:00,2021-08-04 23:00:00,8,-1,8.207422e-05,141,2021-01-01
2021-08-05 00:00:00,2021-08-04 23:00:00,0,19,8.15046e-05,142,2021-01-01
2021-08-05 00:00:00,2021-08-04 23:00:00,-2,9,8.079732e-05,143,2021-01-01
2021-08-05 00:00:00,2021-08-04 23:00:00,-2,3,8.0608435e-05,144,2021-01-01
2021-08-05 00:00:00,2021-08-04 23:00:00,-3,18,8.015519e-05,145,2021-01-01
2021-08-05 00:00:00,2021-08-04 23:00:00,-1,6,8.0103426e-05,146,2021-01-01
2021-08-05 00:00:00,2021-08-04 23:00:00,-1,7,7.95642e-05,147,2021-01-01
2021-08-05 00:00:00,2021-08-04 23:00:00,-4,19,7.949403e-05,148,2021-01-01
2021-08-05 00:00:00,2021-08-04 23:00:00,-1,13,7.92366e-05,149,2021-01-01
2021-08-05 00:00:00,2021-08-04 23:00:00,5,-2,7.907929e-05,150,2021-01-01
2021-08-05 00:00:00,2021-08-04 23:00:00,-2,10,7.8083736e-05,151,2021-01-01
2021-08-05 00:00:00,2021-08-04 23:00:00,10,0,7.7697776e-05,152,2021-01-01
2021-08-05 00:00:00,2021-08-04 23:00:00,-8,6,7.730793e-05,153,2021-01-01
2021-08-05 00:00:00,2021-08-04 23:00:00,10,-1,7.711346e-05,154,2021-01-01
2021-08-05 00:00:00,2021-08-04 23:00:00,0,18,7.702347e-05,155,2021-01-01
2021-08-05 00:00:00,2021-08-04 23:00:00,-3,8,7.686161e-05,156,2021-01-01
2021-08-05 00:00:00,2021-08-04 23:00:00,7,1,7.628573e-05,157,2021-01-01
2021-08-05 00:00:00,2021-08-04 23:00:00,-1,18,7.6047785e-05,158,2021-01-01
2021-08-05 00:00:00,2021-08-04 23:00:00,9,0,7.5473356e-05,159,2021-01-01
2021-08-05 00:00:00,2021-08-04 23:00:00,-1,16,7.507821e-05,160,2021-01-01
2021-08-05 00:00:00,2021-08-04 23:00:00,9,2,7.503948e-05,161,2021-01-01
2021-08-05 00:00:00,2021-08-04 23:00:00,-1,15,7.492636e-05,162,2021-01-01
2021-08-05 00:00:00,2021-08-04 23:00:00,8,1,7.486977e-05,163,2021-01-01
2021-08-05 00:00:00,2021-08-04 23:00:00,-6,4,7.4860065e-05,164,2021-01-01
2021-08-05 00:00:00,2021-08-04 23:00:00,-2,16,7.403838e-05,165,2021-01-01
2021-08-05 00:00:00,2021-08-04 23:00:00,9,1,7.399477e-05,166,2021-01-01
2021-08-05 00:00:00,2021-08-04 23:00:00,-2,15,7.369284e-05,167,2021-01-01
2021-08-05 00:00:00,2021-08-04 23:00:00,-1,8,7.369284e-05,168,2021-01-01
2021-08-05 00:00:00,2021-08-04 23:00:00,-1,9,7.369284e-05,169,2021-01-01
2021-08-05 00:00:00,2021-08-04 23:00:00,-4,8,7.2791416e-05,170,2021-01-01
2021-08-05 00:00:00,2021-08-04 23:00:00,5,2,7.272786e-05,171,2021-01-01
2021-08-05 00:00:00,2021-08-04 23:00:00,-1,5,7.109232e-05,172,2021-01-01
2021-08-05 00:00:00,2021-08-04 23:00:00,-5,15,7.058438e-05,173,2021-01-01
2021-08-05 00:00:00,2021-08-04 23:00:00,5,-4,7.0050526e-05,174,2021-01-01
2021-08-05 00:00:00,2021-08-04 23:00:00,-4,17,6.954285e-05,175,2021-01-01
2021-08-05 00:00:00,2021-08-04 23:00:00,2,-6,6.892467e-05,176,2021-01-01
2021-08-05 00:00:00,2021-08-04 23:00:00,-5,4,6.831825e-05,177,2021-01-01
2021-08-05 00:00:00,2021-08-04 23:00:00,-6,15,6.826231e-05,178,2021-01-01
2021-08-05 00:00:00,2021-08-04 23:00:00,5,-3,6.641648e-05,179,2021-01-01
2021-08-05 00:00:00,2021-08-04 23:00:00,1,-7,6.625876e-05,180,2021-01-01
2021-08-05 00:00:00,2021-08-04 23:00:00,2,-7,6.625876e-05,181,2021-01-01
2021-08-05 00:00:00,2021-08-04 23:00:00,0,-6,6.486503e-05,182,2021-01-01
2021-08-05 00:00:00,2021-08-04 23:00:00,-1,-6,6.466453e-05,183,2021-01-01
2021-08-05 00:00:00,2021-08-04 23:00:00,-3,7,6.429621e-05,184,2021-01-01
2021-08-05 00:00:00,2021-08-04 23:00:00,-1,-7,5.7809288e-05,185,2021-01-01
2021-08-05 00:00:00,2021-08-04 23:00:00,-11,-6,5.6875197e-05,186,2021-01-01
2021-08-05 23:00:00,2021-08-05 22:00:00,-2,-4,0.7269276,1,2021-01-01
2021-08-05 23:00:00,2021-08-05 22:00:00,-3,-4,0.68571013,2,2021-01-01
2021-08-05 23:00:00,2021-08-05 22:00:00,0,12,0.64867115,3,2021-01-01
2021-08-05 23:00:00,2021-08-05 22:00:00,-1,0,0.6278574,4,2021-01-01
2021-08-05 23:00:00,2021-08-05 22:00:00,0,-1,0.60717404,5,2021-01-01
2021-08-05 23:00:00,2021-08-05 22:00:00,-4,-2,0.6062804,6,2021-01-01
2021-08-05 23:00:00,2021-08-05 22:00:00,-2,-3,0.59965014,7,2021-01-01
2021-08-05 23:00:00,2021-08-05 22:00:00,0,0,0.5971416,8,2021-01-01
2021-08-05 23:00:00,2021-08-05 22:00:00,1,0,0.5290076,9,2021-01-01
2021-08-05 23:00:00,2021-08-05 22:00:00,-1,-1,0.52009386,10,2021-01-01
2021-08-05 23:00:00,2021-08-05 22:00:00,-2,0,0.493809,11,2021-01-01
2021-08-05 23:00:00,2021-08-05 22:00:00,-2,-1,0.46368718,12,2021-01-01
2021-08-05 23:00:00,2021-08-05 22:00:00,-4,-3,0.45511135,13,2021-01-01
2021-08-05 23:00:00,2021-08-05 22:00:00,1,-1,0.388299,14,2021-01-01
2021-08-05 23:00:00,2021-08-05 22:00:00,-3,-3,0.3305122,15,2021-01-01
2021-08-05 23:00:00,2021-08-05 22:00:00,-2,-2,0.29560837,16,2021-01-01
2021-08-05 23:00:00,2021-08-05 22:00:00,-4,0,0.2819965,17,2021-01-01
2021-08-05 23:00:00,2021-08-05 22:00:00,2,0,0.2681905,18,2021-01-01
2021-08-05 23:00:00,2021-08-05 22:00:00,-3,0,0.25864744,19,2021-01-01
2021-08-05 23:00:00,2021-08-05 22:00:00,-5,-2,0.25534615,20,2021-01-01
2021-08-05 23:00:00,2021-08-05 22:00:00,-5,-1,0.24771492,21,2021-01-01
2021-08-05 23:00:00,2021-08-05 22:00:00,6,-4,0.21136014,22,2021-01-01
2021-08-05 23:00:00,2021-08-05 22:00:00,-1,-2,0.20872067,23,2021-01-01
2021-08-05 23:00:00,2021-08-05 22:00:00,-4,-1,0.176688,24,2021-01-01
2021-08-05 23:00:00,2021-08-05 22:00:00,2,1,0.15249246,25,2021-01-01
2021-08-05 23:00:00,2021-08-05 22:00:00,-1,-3,0.1491928,26,2021-01-01
2021-08-05 23:00:00,2021-08-05 22:00:00,-3,-2,0.08931454,27,2021-01-01
2021-08-05 23:00:00,2021-08-05 22:00:00,-5,-3,0.06349047,28,2021-01-01
2021-08-05 23:00:00,2021-08-05 22:00:00,2,-1,0.05143277,29,2021-01-01
2021-08-05 23:00:00,2021-08-05 22:00:00,0,-2,0.026728557,30,2021-01-01
2021-08-05 23:00:00,2021-08-05 22:00:00,-4,4,0.016290901,31,2021-01-01
2021-08-05 23:00:00,2021-08-05 22:00:00,6,-3,0.014977281,32,2021-01-01
2021-08-05 23:00:00,2021-08-05 22:00:00,7,4,0.011008988,33,2021-01-01
2021-08-05 23:00:00,2021-08-05 22:00:00,-3,-1,0.010544582,34,2021-01-01
2021-08-05 23:00:00,2021-08-05 22:00:00,-1,1,0.0068099587,35,2021-01-01
2021-08-05 23:00:00,2021-08-05 22:00:00,-5,1,0.006393255,36,2021-01-01
2021-08-05 23:00:00,2021-08-05 22:00:00,-4,5,0.0057003796,37,2021-01-01
2021-08-05 23:00:00,2021-08-05 22:00:00,-5,11,0.0049431133,38,2021-01-01
2021-08-05 23:00:00,2021-08-05 22:00:00,0,17,0.0033862179,39,2021-01-01
2021-08-05 23:00:00,2021-08-05 22:00:00,7,-5,0.0032709052,40,2021-01-01
2021-08-05 23:00:00,2021-08-05 22:00:00,5,-1,0.0031414686,41,2021-01-01
2021-08-05 23:00:00,2021-08-05 22:00:00,-3,1,0.0031414006,42,2021-01-01
2021-08-05 23:00:00,2021-08-05 22:00:00,4,-1,0.003048117,43,2021-01-01
2021-08-05 23:00:00,2021-08-05 22:00:00,1,5,0.0028952842,44,2021-01-01
2021-08-05 23:00:00,2021-08-05 22:00:00,-5,-5,0.0026451275,45,2021-01-01
2021-08-05 23:00:00,2021-08-05 22:00:00,2,8,0.0026097149,46,2021-01-01
2021-08-05 23:00:00,2021-08-05 22:00:00,-4,3,0.0024214198,47,2021-01-01
2021-08-05 23:00:00,2021-08-05 22:00:00,-3,9,0.002359433,48,2021-01-01
2021-08-05 23:00:00,2021-08-05 22:00:00,-6,1,0.0020423557,49,2021-01-01
2021-08-05 23:00:00,2021-08-05 22:00:00,0,-3,0.0020225148,50,2021-01-01
2021-08-05 23:00:00,2021-08-05 22:00:00,0,1,0.0019570983,51,2021-01-01
2021-08-05 23:00:00,2021-08-05 22:00:00,-5,2,0.001540401,52,2021-01-01
2021-08-05 23:00:00,2021-08-05 22:00:00,1,19,0.0015013063,53,2021-01-01
2021-08-05 23:00:00,2021-08-05 22:00:00,-2,11,0.0013410175,54,2021-01-01
2021-08-05 23:00:00,2021-08-05 22:00:00,1,-2,0.001036199,55,2021-01-01
2021-08-05 23:00:00,2021-08-05 22:00:00,-1,3,0.0009949006,56,2021-01-01
2021-08-05 23:00:00,2021-08-05 22:00:00,0,8,0.0009811617,57,2021-01-01
2021-08-05 23:00:00,2021-08-05 22:00:00,8,-3,0.0008311139,58,2021-01-01
2021-08-05 23:00:00,2021-08-05 22:00:00,2,20,0.0007855002,59,2021-01-01
2021-08-05 23:00:00,2021-08-05 22:00:00,2,-2,0.00077187177,60,2021-01-01
2021-08-05 23:00:00,2021-08-05 22:00:00,6,3,0.0007372463,61,2021-01-01
2021-08-05 23:00:00,2021-08-05 22:00:00,-1,-4,0.0006747586,62,2021-01-01
2021-08-05 23:00:00,2021-08-05 22:00:00,-5,0,0.00060494506,63,2021-01-01
2021-08-05 23:00:00,2021-08-05 22:00:00,0,9,0.0005775229,64,2021-01-01
2021-08-05 23:00:00,2021-08-05 22:00:00,-1,2,0.0005654799,65,2021-01-01
2021-08-05 23:00:00,2021-08-05 22:00:00,7,-4,0.0005598703,66,2021-01-01
2021-08-05 23:00:00,2021-08-05 22:00:00,-9,-5,0.00055912754,67,2021-01-01
2021-08-05 23:00:00,2021-08-05 22:00:00,9,-2,0.000557586,68,2021-01-01
2021-08-05 23:00:00,2021-08-05 22:00:00,7,-1,0.00055618864,69,2021-01-01
2021-08-05 23:00:00,2021-08-05 22:00:00,1,6,0.0005502769,70,2021-01-01
2021-08-05 23:00:00,2021-08-05 22:00:00,-6,-3,0.0005487472,71,2021-01-01
2021-08-05 23:00:00,2021-08-05 22:00:00,4,-4,0.0005351551,72,2021-01-01
2021-08-05 23:00:00,2021-08-05 22:00:00,4,1,0.00053237414,73,2021-01-01
2021-08-05 23:00:00,2021-08-05 22:00:00,-2,13,0.00052791927,74,2021-01-01
2021-08-05 23:00:00,2021-08-05 22:00:00,3,1,0.00052289554,75,2021-01-01
2021-08-05 23:00:00,2021-08-05 22:00:00,6,11,0.00049538986,76,2021-01-01
2021-08-05 23:00:00,2021-08-05 22:00:00,2,-3,0.00048165736,77,2021-01-01
2021-08-05 23:00:00,2021-08-05 22:00:00,0,11,0.00045449255,78,2021-01-01
2021-08-05 23:00:00,2021-08-05 22:00:00,-3,15,0.00044954658,79,2021-01-01
2021-08-05 23:00:00,2021-08-05 22:00:00,8,-4,0.00040475783,80,2021-01-01
2021-08-05 23:00:00,2021-08-05 22:00:00,5,3,0.0003634134,81,2021-01-01
2021-08-05 23:00:00,2021-08-05 22:00:00,-1,11,0.00035953405,82,2021-01-01
2021-08-05 23:00:00,2021-08-05 22:00:00,-4,2,0.0003495825,83,2021-01-01
2021-08-05 23:00:00,2021-08-05 22:00:00,-3,2,0.00034412695,84,2021-01-01
2021-08-05 23:00:00,2021-08-05 22:00:00,-2,-5,0.00033978416,85,2021-01-01
2021-08-05 23:00:00,2021-08-05 22:00:00,1,1,0.00033816576,86,2021-01-01
2021-08-05 23:00:00,2021-08-05 22:00:00,1,-3,0.00033149484,87,2021-01-01
2021-08-05 23:00:00,2021-08-05 22:00:00,-2,1,0.0003280322,88,2021-01-01
2021-08-05 23:00:00,2021-08-05 22:00:00,0,-5,0.00032737758,89,2021-01-01
2021-08-05 23:00:00,2021-08-05 22:00:00,10,3,0.00031635736,90,2021-01-01
2021-08-05 23:00:00,2021-08-05 22:00:00,1,2,0.0003109568,91,2021-01-01
2021-08-05 23:00:00,2021-08-05 22:00:00,1,-5,0.00030802784,92,2021-01-01
2021-08-05 23:00:00,2021-08-05 22:00:00,10,5,0.00029645243,93,2021-01-01
2021-08-05 23:00:00,2021-08-05 22:00:00,2,9,0.00028750824,94,2021-01-01
2021-08-05 23:00:00,2021-08-05 22:00:00,-4,12,0.00028512033,95,2021-01-01
2021-08-05 23:00:00,2021-08-05 22:00:00,9,3,0.00027891682,96,2021-01-01
2021-08-05 23:00:00,2021-08-05 22:00:00,6,6,0.00027307132,97,2021-01-01
2021-08-05 23:00:00,2021-08-05 22:00:00,-4,-4,0.00026891442,98,2021-01-01
2021-08-05 23:00:00,2021-08-05 22:00:00,4,-6,0.0002558489,99,2021-01-01
2021-08-05 23:00:00,2021-08-05 22:00:00,-6,-2,0.00025515203,100,2021-01-01
2021-08-05 23:00:00,2021-08-05 22:00:00,6,5,0.00025251342,101,2021-01-01
2021-08-05 23:00:00,2021-08-05 22:00:00,1,8,0.00025149467,102,2021-01-01
2021-08-05 23:00:00,2021-08-05 22:00:00,-2,8,0.0002510498,103,2021-01-01
2021-08-05 23:00:00,2021-08-05 22:00:00,-4,-5,0.00024872363,104,2021-01-01
2021-08-05 23:00:00,2021-08-05 22:00:00,-2,3,0.0002481742,105,2021-01-01
2021-08-05 23:00:00,2021-08-05 22:00:00,-5,-4,0.0002472909,106,2021-01-01
2021-08-05 23:00:00,2021-08-05 22:00:00,2,-6,0.00024320214,107,2021-01-01
2021-08-05 23:00:00,2021-08-05 22:00:00,7,1,0.00024307742,108,2021-01-01
2021-08-05 23:00:00,2021-08-05 22:00:00,-1,-6,0.00024280313,109,2021-01-01
2021-08-05 23:00:00,2021-08-05 22:00:00,8,1,0.0002414841,110,2021-01-01
2021-08-05 23:00:00,2021-08-05 22:00:00,8,0,0.00024127553,111,2021-01-01
2021-08-05 23:00:00,2021-08-05 22:00:00,10,0,0.00023998716,112,2021-01-01
2021-08-05 23:00:00,2021-08-05 22:00:00,10,-1,0.00023916179,113,2021-01-01
2021-08-05 23:00:00,2021-08-05 22:00:00,1,-7,0.00023855262,114,2021-01-01
2021-08-05 23:00:00,2021-08-05 22:00:00,2,-7,0.00023855262,115,2021-01-01
2021-08-05 23:00:00,2021-08-05 22:00:00,8,-1,0.00023836119,116,2021-01-01
2021-08-05 23:00:00,2021-08-05 22:00:00,5,-4,0.00023753894,117,2021-01-01
2021-08-05 23:00:00,2021-08-05 22:00:00,5,2,0.00023625547,118,2021-01-01
2021-08-05 23:00:00,2021-08-05 22:00:00,0,-6,0.00023622352,119,2021-01-01
2021-08-05 23:00:00,2021-08-05 22:00:00,9,0,0.00023549133,120,2021-01-01
2021-08-05 23:00:00,2021-08-05 22:00:00,9,1,0.00023470738,121,2021-01-01
2021-08-05 23:00:00,2021-08-05 22:00:00,5,-3,0.00023103128,122,2021-01-01
2021-08-05 23:00:00,2021-08-05 22:00:00,5,-2,0.00022673693,123,2021-01-01
2021-08-05 23:00:00,2021-08-05 22:00:00,9,2,0.00022408697,124,2021-01-01
2021-08-05 23:00:00,2021-08-05 22:00:00,3,0,0.00021767772,125,2021-01-01
2021-08-05 23:00:00,2021-08-05 22:00:00,3,-1,0.00021361932,126,2021-01-01
2021-08-05 23:00:00,2021-08-05 22:00:00,3,-2,0.00021203897,127,2021-01-01
2021-08-05 23:00:00,2021-08-05 22:00:00,3,-3,0.00021174118,128,2021-01-01
2021-08-05 23:00:00,2021-08-05 22:00:00,0,5,0.00021050627,129,2021-01-01
2021-08-05 23:00:00,2021-08-05 22:00:00,-1,5,0.00020510405,130,2021-01-01
2021-08-05 23:00:00,2021-08-05 22:00:00,2,7,0.00020229448,131,2021-01-01
2021-08-05 23:00:00,2021-08-05 22:00:00,-9,-1,0.00020069593,132,2021-01-01
2021-08-05 23:00:00,2021-08-05 22:00:00,4,14,0.00019709219,133,2021-01-01
2021-08-05 23:00:00,2021-08-05 22:00:00,-9,0,0.00019155808,134,2021-01-01
2021-08-05 23:00:00,2021-08-05 22:00:00,-1,-7,0.00019117615,135,2021-01-01
2021-08-05 23:00:00,2021-08-05 22:00:00,-4,10,0.00018944526,136,2021-01-01
2021-08-05 23:00:00,2021-08-05 22:00:00,-3,11,0.00018679777,137,2021-01-01
2021-08-05 23:00:00,2021-08-05 22:00:00,-10,10,0.0001864286,138,2021-01-01
2021-08-05 23:00:00,2021-08-05 22:00:00,0,14,0.00018148897,139,2021-01-01
2021-08-05 23:00:00,2021-08-05 22:00:00,-3,13,0.00018108399,140,2021-01-01
2021-08-05 23:00:00,2021-08-05 22:00:00,3,17,0.00017956154,141,2021-01-01
2021-08-05 23:00:00,2021-08-05 22:00:00,-1,13,0.0001744926,142,2021-01-01
2021-08-05 23:00:00,2021-08-05 22:00:00,-9,-4,0.00017199083,143,2021-01-01
2021-08-05 23:00:00,2021-08-05 22:00:00,-9,6,0.00016945373,144,2021-01-01
2021-08-05 23:00:00,2021-08-05 22:00:00,-1,6,0.0001693968,145,2021-01-01
2021-08-05 23:00:00,2021-08-05 22:00:00,-6,8,0.00016912205,146,2021-01-01
2021-08-05 23:00:00,2021-08-05 22:00:00,-3,12,0.00016909714,147,2021-01-01
2021-08-05 23:00:00,2021-08-05 22:00:00,-5,10,0.0001661476,148,2021-01-01
2021-08-05 23:00:00,2021-08-05 22:00:00,-10,8,0.00016612338,149,2021-01-01
2021-08-05 23:00:00,2021-08-05 22:00:00,-5,9,0.00016572805,150,2021-01-01
2021-08-05 23:00:00,2021-08-05 22:00:00,7,11,0.00016448887,151,2021-01-01
2021-08-05 23:00:00,2021-08-05 22:00:00,-3,14,0.000161891,152,2021-01-01
2021-08-05 23:00:00,2021-08-05 22:00:00,-8,6,0.00015903475,153,2021-01-01
2021-08-05 23:00:00,2021-08-05 22:00:00,-10,-3,0.00015727099,154,2021-01-01
2021-08-05 23:00:00,2021-08-05 22:00:00,-10,-4,0.0001561694,155,2021-01-01
2021-08-05 23:00:00,2021-08-05 22:00:00,-7,1,0.00015485958,156,2021-01-01
2021-08-05 23:00:00,2021-08-05 22:00:00,1,20,0.00015168323,157,2021-01-01
2021-08-05 23:00:00,2021-08-05 22:00:00,-1,16,0.00014693436,158,2021-01-01
2021-08-05 23:00:00,2021-08-05 22:00:00,-2,15,0.00014604813,159,2021-01-01
2021-08-05 23:00:00,2021-08-05 22:00:00,1,11,0.0001457401,160,2021-01-01
2021-08-05 23:00:00,2021-08-05 22:00:00,-2,10,0.00014556362,161,2021-01-01
2021-08-05 23:00:00,2021-08-05 22:00:00,-1,15,0.00014402722,162,2021-01-01
2021-08-05 23:00:00,2021-08-05 22:00:00,-2,16,0.000141865,163,2021-01-01
2021-08-05 23:00:00,2021-08-05 22:00:00,-5,4,0.00014107487,164,2021-01-01
2021-08-05 23:00:00,2021-08-05 22:00:00,-1,7,0.00013731426,165,2021-01-01
2021-08-05 23:00:00,2021-08-05 22:00:00,0,13,0.00013686233,166,2021-01-01
2021-08-05 23:00:00,2021-08-05 22:00:00,-4,8,0.00013503438,167,2021-01-01
2021-08-05 23:00:00,2021-08-05 22:00:00,-6,15,0.00013425852,168,2021-01-01
2021-08-05 23:00:00,2021-08-05 22:00:00,0,18,0.00013193613,169,2021-01-01
2021-08-05 23:00:00,2021-08-05 22:00:00,-1,18,0.00013140893,170,2021-01-01
2021-08-05 23:00:00,2021-08-05 22:00:00,0,19,0.00013103492,171,2021-01-01
2021-08-05 23:00:00,2021-08-05 22:00:00,-12,-5,0.00012756269,172,2021-01-01
2021-08-05 23:00:00,2021-08-05 22:00:00,-3,8,0.00012257225,173,2021-01-01
2021-08-05 23:00:00,2021-08-05 22:00:00,-11,-5,0.00012250156,174,2021-01-01
2021-08-05 23:00:00,2021-08-05 22:00:00,1,9,0.00012178203,175,2021-01-01
2021-08-05 23:00:00,2021-08-05 22:00:00,-5,15,0.000119752796,176,2021-01-01
2021-08-05 23:00:00,2021-08-05 22:00:00,-2,9,0.00011635664,177,2021-01-01
2021-08-05 23:00:00,2021-08-05 22:00:00,-11,-6,0.0001139156,178,2021-01-01
2021-08-05 23:00:00,2021-08-05 22:00:00,-1,9,0.00010979713,179,2021-01-01
2021-08-05 23:00:00,2021-08-05 22:00:00,-4,19,0.00010688254,180,2021-01-01
2021-08-05 23:00:00,2021-08-05 22:00:00,-7,-1,0.000105482155,181,2021-01-01
2021-08-05 23:00:00,2021-08-05 22:00:00,-3,18,0.000101336984,182,2021-01-01
2021-08-05 23:00:00,2021-08-05 22:00:00,-4,17,0.000100678015,183,2021-01-01
2021-08-05 23:00:00,2021-08-05 22:00:00,-3,7,9.957061e-05,184,2021-01-01
2021-08-05 23:00:00,2021-08-05 22:00:00,-6,4,9.24897e-05,185,2021-01-01
2021-08-05 23:00:00,2021-08-05 22:00:00,-1,8,9.2406706e-05,186,2021-01-01
2021-08-12 21:00:00,2021-08-12 20:00:00,0,0,0.9341338,1,2021-01-01
2021-08-12 21:00:00,2021-08-12 20:00:00,-1,0,0.8773243,2,2021-01-01
2021-08-12 21:00:00,2021-08-12 20:00:00,0,-1,0.82759404,3,2021-01-01
2021-08-12 21:00:00,2021-08-12 20:00:00,1,0,0.7581342,4,2021-01-01
2021-08-12 21:00:00,2021-08-12 20:00:00,2,0,0.52515084,5,2021-01-01
2021-08-12 21:00:00,2021-08-12 20:00:00,-4,-2,0.4832548,6,2021-01-01
2021-08-12 21:00:00,2021-08-12 20:00:00,-2,-4,0.46251336,7,2021-01-01
2021-08-12 21:00:00,2021-08-12 20:00:00,-1,-1,0.43321252,8,2021-01-01
2021-08-12 21:00:00,2021-08-12 20:00:00,0,12,0.4081765,9,2021-01-01
2021-08-12 21:00:00,2021-08-12 20:00:00,-2,-3,0.29398766,10,2021-01-01
2021-08-12 21:00:00,2021-08-12 20:00:00,-2,0,0.2363397,11,2021-01-01
2021-08-12 21:00:00,2021-08-12 20:00:00,2,1,0.23248023,12,2021-01-01
2021-08-12 21:00:00,2021-08-12 20:00:00,-3,-4,0.22379698,13,2021-01-01
2021-08-12 21:00:00,2021-08-12 20:00:00,-4,-3,0.1594469,14,2021-01-01
2021-08-12 21:00:00,2021-08-12 20:00:00,-2,-1,0.1330313,15,2021-01-01
2021-08-12 21:00:00,2021-08-12 20:00:00,1,-1,0.10516977,16,2021-01-01
2021-08-12 21:00:00,2021-08-12 20:00:00,-3,-3,0.08814252,17,2021-01-01
2021-08-12 21:00:00,2021-08-12 20:00:00,-2,-2,0.07180523,18,2021-01-01
2021-08-12 21:00:00,2021-08-12 20:00:00,-5,-2,0.066847555,19,2021-01-01
2021-08-12 21:00:00,2021-08-12 20:00:00,-3,0,0.06279523,20,2021-01-01
2021-08-12 21:00:00,2021-08-12 20:00:00,-4,-1,0.05925451,21,2021-01-01
2021-08-12 21:00:00,2021-08-12 20:00:00,-5,-1,0.0576394,22,2021-01-01
2021-08-12 21:00:00,2021-08-12 20:00:00,-3,-2,0.0350453,23,2021-01-01
2021-08-12 21:00:00,2021-08-12 20:00:00,-1,-2,0.02318058,24,2021-01-01
2021-08-12 21:00:00,2021-08-12 20:00:00,-1,-3,0.022203214,25,2021-01-01
2021-08-12 21:00:00,2021-08-12 20:00:00,2,-1,0.018571017,26,2021-01-01
2021-08-12 21:00:00,2021-08-12 20:00:00,-5,-3,0.01063094,27,2021-01-01
2021-08-12 21:00:00,2021-08-12 20:00:00,6,-4,0.010300931,28,2021-01-01
2021-08-12 21:00:00,2021-08-12 20:00:00,-4,4,0.009682415,29,2021-01-01
2021-08-12 21:00:00,2021-08-12 20:00:00,-1,1,0.007828397,30,2021-01-01
2021-08-12 21:00:00,2021-08-12 20:00:00,7,4,0.0077290707,31,2021-01-01
2021-08-12 21:00:00,2021-08-12 20:00:00,-4,0,0.0074735507,32,2021-01-01
2021-08-12 21:00:00,2021-08-12 20:00:00,-4,5,0.0072130575,33,2021-01-01
2021-08-12 21:00:00,2021-08-12 20:00:00,0,-2,0.0065750317,34,2021-01-01
2021-08-12 21:00:00,2021-08-12 20:00:00,0,1,0.0043100235,35,2021-01-01
2021-08-12 21:00:00,2021-08-12 20:00:00,5,-1,0.0034380218,36,2021-01-01
2021-08-12 21:00:00,2021-08-12 20:00:00,0,17,0.0032579424,37,2021-01-01
2021-08-12 21:00:00,2021-08-12 20:00:00,-3,-1,0.0032077515,38,2021-01-01
2021-08-12 21:00:00,2021-08-12 20:00:00,-5,-5,0.002948092,39,2021-01-01
2021-08-12 21:00:00,2021-08-12 20:00:00,0,8,0.0022694003,40,2021-01-01
2021-08-12 21:00:00,2021-08-12 20:00:00,-5,1,0.0020790133,41,2021-01-01
2021-08-12 21:00:00,2021-08-12 20:00:00,-2,11,0.0020597747,42,2021-01-01
2021-08-12 21:00:00,2021-08-12 20:00:00,6,-3,0.0018388684,43,2021-01-01
2021-08-12 21:00:00,2021-08-12 20:00:00,-6,1,0.0015292695,44,2021-01-01
2021-08-12 21:00:00,2021-08-12 20:00:00,0,-3,0.0014507741,45,2021-01-01
2021-08-12 21:00:00,2021-08-12 20:00:00,-9,-5,0.0014136123,46,2021-01-01
2021-08-12 21:00:00,2021-08-12 20:00:00,-5,11,0.0013412217,47,2021-01-01
2021-08-12 21:00:00,2021-08-12 20:00:00,-3,9,0.0013356513,48,2021-01-01
2021-08-12 21:00:00,2021-08-12 20:00:00,1,19,0.0012913669,49,2021-01-01
2021-08-12 21:00:00,2021-08-12 20:00:00,-3,1,0.0012313243,50,2021-01-01
2021-08-12 21:00:00,2021-08-12 20:00:00,-4,3,0.0011120102,51,2021-01-01
2021-08-12 21:00:00,2021-08-12 20:00:00,2,20,0.0009050682,52,2021-01-01
2021-08-12 21:00:00,2021-08-12 20:00:00,4,-1,0.0007583495,53,2021-01-01
2021-08-12 21:00:00,2021-08-12 20:00:00,3,1,0.0006698163,54,2021-01-01
2021-08-12 21:00:00,2021-08-12 20:00:00,-1,-4,0.0005617932,55,2021-01-01
2021-08-12 21:00:00,2021-08-12 20:00:00,2,8,0.0005396152,56,2021-01-01
2021-08-12 21:00:00,2021-08-12 20:00:00,7,-5,0.00049658935,57,2021-01-01
2021-08-12 21:00:00,2021-08-12 20:00:00,2,-3,0.00047784485,58,2021-01-01
2021-08-12 21:00:00,2021-08-12 20:00:00,6,11,0.00046565165,59,2021-01-01
2021-08-12 21:00:00,2021-08-12 20:00:00,1,6,0.00045057634,60,2021-01-01
2021-08-12 21:00:00,2021-08-12 20:00:00,1,-2,0.00044335797,61,2021-01-01
2021-08-12 21:00:00,2021-08-12 20:00:00,3,0,0.00043779577,62,2021-01-01
2021-08-12 21:00:00,2021-08-12 20:00:00,1,5,0.0004333402,63,2021-01-01
2021-08-12 21:00:00,2021-08-12 20:00:00,3,-1,0.0004150878,64,2021-01-01
2021-08-12 21:00:00,2021-08-12 20:00:00,-2,8,0.00039695518,65,2021-01-01
2021-08-12 21:00:00,2021-08-12 20:00:00,-5,0,0.0003947555,66,2021-01-01
2021-08-12 21:00:00,2021-08-12 20:00:00,2,-2,0.0003864651,67,2021-01-01
2021-08-12 21:00:00,2021-08-12 20:00:00,-5,2,0.00037904902,68,2021-01-01
2021-08-12 21:00:00,2021-08-12 20:00:00,-1,3,0.00036959397,69,2021-01-01
2021-08-12 21:00:00,2021-08-12 20:00:00,-1,2,0.00033188498,70,2021-01-01
2021-08-12 21:00:00,2021-08-12 20:00:00,8,-3,0.00030921338,71,2021-01-01
2021-08-12 21:00:00,2021-08-12 20:00:00,5,-2,0.00030308627,72,2021-01-01
2021-08-12 21:00:00,2021-08-12 20:00:00,6,3,0.00029259804,73,2021-01-01
2021-08-12 21:00:00,2021-08-12 20:00:00,-3,15,0.00028472533,74,2021-01-01
2021-08-12 21:00:00,2021-08-12 20:00:00,0,9,0.0002819158,75,2021-01-01
2021-08-12 21:00:00,2021-08-12 20:00:00,4,1,0.0002807951,76,2021-01-01
2021-08-12 21:00:00,2021-08-12 20:00:00,5,3,0.00025493593,77,2021-01-01
2021-08-12 21:00:00,2021-08-12 20:00:00,1,1,0.00024752106,78,2021-01-01
2021-08-12 21:00:00,2021-08-12 20:00:00,-1,8,0.0002459766,79,2021-01-01
2021-08-12 21:00:00,2021-08-12 20:00:00,3,-2,0.00024484622,80,2021-01-01
2021-08-12 21:00:00,2021-08-12 20:00:00,-6,-3,0.00023703846,81,2021-01-01
2021-08-12 21:00:00,2021-08-12 20:00:00,-2,13,0.00023177204,82,2021-01-01
2021-08-12 21:00:00,2021-08-12 20:00:00,-1,11,0.00023177204,83,2021-01-01
2021-08-12 21:00:00,2021-08-12 20:00:00,6,5,0.00022725474,84,2021-01-01
2021-08-12 21:00:00,2021-08-12 20:00:00,7,11,0.00022676114,85,2021-01-01
2021-08-12 21:00:00,2021-08-12 20:00:00,-4,12,0.00022440642,86,2021-01-01
2021-08-12 21:00:00,2021-08-12 20:00:00,-3,8,0.00022386813,87,2021-01-01
2021-08-12 21:00:00,2021-08-12 20:00:00,-6,4,0.0002203977,88,2021-01-01
2021-08-12 21:00:00,2021-08-12 20:00:00,2,9,0.00021613219,89,2021-01-01
2021-08-12 21:00:00,2021-08-12 20:00:00,-4,-5,0.00021353441,90,2021-01-01
2021-08-12 21:00:00,2021-08-12 20:00:00,1,8,0.00021134992,91,2021-01-01
2021-08-12 21:00:00,2021-08-12 20:00:00,-12,-5,0.00020983537,92,2021-01-01
2021-08-12 21:00:00,2021-08-12 20:00:00,-3,7,0.00020960438,93,2021-01-01
2021-08-12 21:00:00,2021-08-12 20:00:00,7,-1,0.0002091971,94,2021-01-01
2021-08-12 21:00:00,2021-08-12 20:00:00,1,2,0.000202243,95,2021-01-01
2021-08-12 21:00:00,2021-08-12 20:00:00,2,7,0.00020169625,96,2021-01-01
2021-08-12 21:00:00,2021-08-12 20:00:00,7,-4,0.00019678671,97,2021-01-01
2021-08-12 21:00:00,2021-08-12 20:00:00,6,6,0.00018983298,98,2021-01-01
2021-08-12 21:00:00,2021-08-12 20:00:00,-1,-7,0.0001881548,99,2021-01-01
2021-08-12 21:00:00,2021-08-12 20:00:00,0,-6,0.00018758503,100,2021-01-01
2021-08-12 21:00:00,2021-08-12 20:00:00,-1,6,0.00018698785,101,2021-01-01
2021-08-12 21:00:00,2021-08-12 20:00:00,-4,2,0.00018317603,102,2021-01-01
2021-08-12 21:00:00,2021-08-12 20:00:00,1,-3,0.00018014415,103,2021-01-01
2021-08-12 21:00:00,2021-08-12 20:00:00,-5,4,0.0001745394,104,2021-01-01
2021-08-12 21:00:00,2021-08-12 20:00:00,10,5,0.0001743276,105,2021-01-01
2021-08-12 21:00:00,2021-08-12 20:00:00,-3,2,0.00017362203,106,2021-01-01
2021-08-12 21:00:00,2021-08-12 20:00:00,-7,1,0.00017233418,107,2021-01-01
2021-08-12 21:00:00,2021-08-12 20:00:00,-9,0,0.00016759564,108,2021-01-01
2021-08-12 21:00:00,2021-08-12 20:00:00,7,1,0.00016432688,109,2021-01-01
2021-08-12 21:00:00,2021-08-12 20:00:00,8,0,0.00016392423,110,2021-01-01
2021-08-12 21:00:00,2021-08-12 20:00:00,5,2,0.000162926,111,2021-01-01
2021-08-12 21:00:00,2021-08-12 20:00:00,-1,7,0.00016148288,112,2021-01-01
2021-08-12 21:00:00,2021-08-12 20:00:00,8,1,0.00016111291,113,2021-01-01
2021-08-12 21:00:00,2021-08-12 20:00:00,-2,3,0.00016024351,114,2021-01-01
2021-08-12 21:00:00,2021-08-12 20:00:00,9,0,0.00015257717,115,2021-01-01
2021-08-12 21:00:00,2021-08-12 20:00:00,10,-1,0.00015086266,116,2021-01-01
2021-08-12 21:00:00,2021-08-12 20:00:00,-2,1,0.00014910924,117,2021-01-01
2021-08-12 21:00:00,2021-08-12 20:00:00,-4,10,0.00014689186,118,2021-01-01
2021-08-12 21:00:00,2021-08-12 20:00:00,0,13,0.0001468786,119,2021-01-01
2021-08-12 21:00:00,2021-08-12 20:00:00,0,14,0.0001468786,120,2021-01-01
2021-08-12 21:00:00,2021-08-12 20:00:00,-4,-4,0.00014598419,121,2021-01-01
2021-08-12 21:00:00,2021-08-12 20:00:00,-3,12,0.00014543998,122,2021-01-01
2021-08-12 21:00:00,2021-08-12 20:00:00,-3,13,0.00014543998,123,2021-01-01
2021-08-12 21:00:00,2021-08-12 20:00:00,0,11,0.0001448078,124,2021-01-01
2021-08-12 21:00:00,2021-08-12 20:00:00,-1,13,0.00014430548,125,2021-01-01
2021-08-12 21:00:00,2021-08-12 20:00:00,-3,11,0.00014237316,126,2021-01-01
2021-08-12 21:00:00,2021-08-12 20:00:00,-3,14,0.00014237316,127,2021-01-01
2021-08-12 21:00:00,2021-08-12 20:00:00,4,14,0.00014102338,128,2021-01-01
2021-08-12 21:00:00,2021-08-12 20:00:00,-1,16,0.00014043436,129,2021-01-01
2021-08-12 21:00:00,2021-08-12 20:00:00,10,3,0.00014038642,130,2021-01-01
2021-08-12 21:00:00,2021-08-12 20:00:00,4,-4,0.00013931762,131,2021-01-01
2021-08-12 21:00:00,2021-08-12 20:00:00,-2,15,0.00013912439,132,2021-01-01
2021-08-12 21:00:00,2021-08-12 20:00:00,-1,15,0.00013912388,133,2021-01-01
2021-08-12 21:00:00,2021-08-12 20:00:00,3,-3,0.0001387583,134,2021-01-01
2021-08-12 21:00:00,2021-08-12 20:00:00,-2,9,0.00013848086,135,2021-01-01
2021-08-12 21:00:00,2021-08-12 20:00:00,-2,10,0.00013719813,136,2021-01-01
2021-08-12 21:00:00,2021-08-12 20:00:00,-2,16,0.00013610529,137,2021-01-01
2021-08-12 21:00:00,2021-08-12 20:00:00,9,1,0.0001358337,138,2021-01-01
2021-08-12 21:00:00,2021-08-12 20:00:00,10,0,0.00013582328,139,2021-01-01
2021-08-12 21:00:00,2021-08-12 20:00:00,9,3,0.00013564293,140,2021-01-01
2021-08-12 21:00:00,2021-08-12 20:00:00,3,17,0.00013510522,141,2021-01-01
2021-08-12 21:00:00,2021-08-12 20:00:00,1,11,0.00013349862,142,2021-01-01
2021-08-12 21:00:00,2021-08-12 20:00:00,0,5,0.00013331241,143,2021-01-01
2021-08-12 21:00:00,2021-08-12 20:00:00,1,9,0.00013282424,144,2021-01-01
2021-08-12 21:00:00,2021-08-12 20:00:00,-1,9,0.00013262825,145,2021-01-01
2021-08-12 21:00:00,2021-08-12 20:00:00,-1,5,0.00013233781,146,2021-01-01
2021-08-12 21:00:00,2021-08-12 20:00:00,0,18,0.00012884154,147,2021-01-01
2021-08-12 21:00:00,2021-08-12 20:00:00,-2,-5,0.0001285317,148,2021-01-01
2021-08-12 21:00:00,2021-08-12 20:00:00,-6,15,0.00012668585,149,2021-01-01
2021-08-12 21:00:00,2021-08-12 20:00:00,-9,6,0.00012652735,150,2021-01-01
2021-08-12 21:00:00,2021-08-12 20:00:00,-10,10,0.00012602466,151,2021-01-01
2021-08-12 21:00:00,2021-08-12 20:00:00,-5,10,0.00012542935,152,2021-01-01
2021-08-12 21:00:00,2021-08-12 20:00:00,9,2,0.00012477877,153,2021-01-01
2021-08-12 21:00:00,2021-08-12 20:00:00,-5,15,0.0001242212,154,2021-01-01
2021-08-12 21:00:00,2021-08-12 20:00:00,-4,8,0.0001236869,155,2021-01-01
2021-08-12 21:00:00,2021-08-12 20:00:00,-1,18,0.00012223862,156,2021-01-01
2021-08-12 21:00:00,2021-08-12 20:00:00,0,19,0.00012219521,157,2021-01-01
2021-08-12 21:00:00,2021-08-12 20:00:00,1,20,0.00012212759,158,2021-01-01
2021-08-12 21:00:00,2021-08-12 20:00:00,-6,8,0.00012177723,159,2021-01-01
2021-08-12 21:00:00,2021-08-12 20:00:00,-4,19,0.00012086175,160,2021-01-01
2021-08-12 21:00:00,2021-08-12 20:00:00,-5,9,0.00012044966,161,2021-01-01
2021-08-12 21:00:00,2021-08-12 20:00:00,-4,17,0.00012044855,162,2021-01-01
2021-08-12 21:00:00,2021-08-12 20:00:00,-8,6,0.00012039166,163,2021-01-01
2021-08-12 21:00:00,2021-08-12 20:00:00,-10,8,0.00012008013,164,2021-01-01
2021-08-12 21:00:00,2021-08-12 20:00:00,-3,18,0.000119718985,165,2021-01-01
2021-08-12 21:00:00,2021-08-12 20:00:00,-6,-2,0.000116005016,166,2021-01-01
2021-08-12 21:00:00,2021-08-12 20:00:00,5,-3,0.000111728325,167,2021-01-01
2021-08-12 21:00:00,2021-08-12 20:00:00,-5,-4,0.00011016626,168,2021-01-01
2021-08-12 21:00:00,2021-08-12 20:00:00,9,-2,0.00010882767,169,2021-01-01
2021-08-12 21:00:00,2021-08-12 20:00:00,8,-4,0.00010568,170,2021-01-01
2021-08-12 21:00:00,2021-08-12 20:00:00,8,-1,9.743746e-05,171,2021-01-01
2021-08-12 21:00:00,2021-08-12 20:00:00,-11,-6,9.490629e-05,172,2021-01-01
2021-08-12 21:00:00,2021-08-12 20:00:00,-7,-1,9.01145e-05,173,2021-01-01
2021-08-12 21:00:00,2021-08-12 20:00:00,-10,-4,8.978388e-05,174,2021-01-01
2021-08-12 21:00:00,2021-08-12 20:00:00,1,-5,8.908127e-05,175,2021-01-01
2021-08-12 21:00:00,2021-08-12 20:00:00,0,-5,8.863761e-05,176,2021-01-01
2021-08-12 21:00:00,2021-08-12 20:00:00,-9,-4,8.8287525e-05,177,2021-01-01
2021-08-12 21:00:00,2021-08-12 20:00:00,-10,-3,8.555432e-05,178,2021-01-01
2021-08-12 21:00:00,2021-08-12 20:00:00,-11,-5,8.429636e-05,179,2021-01-01
2021-08-12 21:00:00,2021-08-12 20:00:00,2,-6,8.015985e-05,180,2021-01-01
2021-08-12 21:00:00,2021-08-12 20:00:00,-1,-6,7.8165336e-05,181,2021-01-01
2021-08-12 21:00:00,2021-08-12 20:00:00,5,-4,7.340909e-05,182,2021-01-01
2021-08-12 21:00:00,2021-08-12 20:00:00,1,-7,7.084483e-05,183,2021-01-01
2021-08-12 21:00:00,2021-08-12 20:00:00,2,-7,6.911737e-05,184,2021-01-01
2021-08-12 21:00:00,2021-08-12 20:00:00,4,-6,6.8315385e-05,185,2021-01-01
2021-08-12 21:00:00,2021-08-12 20:00:00,-9,-1,6.636041e-05,186,2021-01-01
2021-08-14 22:00:00,2021-08-14 21:00:00,0,0,0.82749337,1,2021-01-01
2021-08-14 22:00:00,2021-08-14 21:00:00,0,-1,0.69895214,2,2021-01-01
2021-08-14 22:00:00,2021-08-14 21:00:00,0,12,0.6441131,3,2021-01-01
2021-08-14 22:00:00,2021-08-14 21:00:00,-2,0,0.40521562,4,2021-01-01
2021-08-14 22:00:00,2021-08-14 21:00:00,-2,-3,0.40521538,5,2021-01-01
2021-08-14 22:00:00,2021-08-14 21:00:00,-1,0,0.40229872,6,2021-01-01
2021-08-14 22:00:00,2021-08-14 21:00:00,1,0,0.38501367,7,2021-01-01
2021-08-14 22:00:00,2021-08-14 21:00:00,-3,-4,0.2315249,8,2021-01-01
2021-08-14 22:00:00,2021-08-14 21:00:00,6,-4,0.21151447,9,2021-01-01
2021-08-14 22:00:00,2021-08-14 21:00:00,-1,-1,0.17332786,10,2021-01-01
2021-08-14 22:00:00,2021-08-14 21:00:00,-2,-1,0.16924477,11,2021-01-01
2021-08-14 22:00:00,2021-08-14 21:00:00,-2,-4,0.12493378,12,2021-01-01
2021-08-14 22:00:00,2021-08-14 21:00:00,-3,-3,0.12090188,13,2021-01-01
2021-08-14 22:00:00,2021-08-14 21:00:00,2,0,0.1007756,14,2021-01-01
2021-08-14 22:00:00,2021-08-14 21:00:00,-4,-3,0.09637534,15,2021-01-01
2021-08-14 22:00:00,2021-08-14 21:00:00,1,-1,0.09219078,16,2021-01-01
2021-08-14 22:00:00,2021-08-14 21:00:00,-4,-2,0.08643522,17,2021-01-01
2021-08-14 22:00:00,2021-08-14 21:00:00,-2,-2,0.056467056,18,2021-01-01
2021-08-14 22:00:00,2021-08-14 21:00:00,-4,4,0.042532843,19,2021-01-01
2021-08-14 22:00:00,2021-08-14 21:00:00,-5,-1,0.03660075,20,2021-01-01
2021-08-14 22:00:00,2021-08-14 21:00:00,-4,-1,0.036299076,21,2021-01-01
2021-08-14 22:00:00,2021-08-14 21:00:00,-3,-2,0.023769958,22,2021-01-01
2021-08-14 22:00:00,2021-08-14 21:00:00,2,1,0.023099631,23,2021-01-01
2021-08-14 22:00:00,2021-08-14 21:00:00,-3,0,0.022902273,24,2021-01-01
2021-08-14 22:00:00,2021-08-14 21:00:00,-5,-3,0.020912625,25,2021-01-01
2021-08-14 22:00:00,2021-08-14 21:00:00,-1,-2,0.01791256,26,2021-01-01
2021-08-14 22:00:00,2021-08-14 21:00:00,-4,5,0.010986074,27,2021-01-01
2021-08-14 22:00:00,2021-08-14 21:00:00,-1,-3,0.010302399,28,2021-01-01
2021-08-14 22:00:00,2021-08-14 21:00:00,-4,0,0.009232012,29,2021-01-01
2021-08-14 22:00:00,2021-08-14 21:00:00,2,-1,0.008877276,30,2021-01-01
2021-08-14 22:00:00,2021-08-14 21:00:00,0,17,0.008268402,31,2021-01-01
2021-08-14 22:00:00,2021-08-14 21:00:00,0,-2,0.008204133,32,2021-01-01
2021-08-14 22:00:00,2021-08-14 21:00:00,-5,-2,0.0072325855,33,2021-01-01
2021-08-14 22:00:00,2021-08-14 21:00:00,-5,11,0.005579865,34,2021-01-01
2021-08-14 22:00:00,2021-08-14 21:00:00,7,4,0.00470358,35,2021-01-01
2021-08-14 22:00:00,2021-08-14 21:00:00,6,-3,0.0046905824,36,2021-01-01
2021-08-14 22:00:00,2021-08-14 21:00:00,-5,-5,0.0036127102,37,2021-01-01
2021-08-14 22:00:00,2021-08-14 21:00:00,-3,9,0.003365688,38,2021-01-01
2021-08-14 22:00:00,2021-08-14 21:00:00,-5,1,0.0032705332,39,2021-01-01
2021-08-14 22:00:00,2021-08-14 21:00:00,0,8,0.003153366,40,2021-01-01
2021-08-14 22:00:00,2021-08-14 21:00:00,1,19,0.0031005188,41,2021-01-01
2021-08-14 22:00:00,2021-08-14 21:00:00,-3,-1,0.0029316393,42,2021-01-01
2021-08-14 22:00:00,2021-08-14 21:00:00,-1,1,0.0025112785,43,2021-01-01
2021-08-14 22:00:00,2021-08-14 21:00:00,-9,-5,0.0023326452,44,2021-01-01
2021-08-14 22:00:00,2021-08-14 21:00:00,-6,1,0.0020626003,45,2021-01-01
2021-08-14 22:00:00,2021-08-14 21:00:00,2,20,0.0020453136,46,2021-01-01
2021-08-14 22:00:00,2021-08-14 21:00:00,5,-1,0.0018823022,47,2021-01-01
2021-08-14 22:00:00,2021-08-14 21:00:00,-4,3,0.0018199077,48,2021-01-01
2021-08-14 22:00:00,2021-08-14 21:00:00,7,-5,0.0011401139,49,2021-01-01
2021-08-14 22:00:00,2021-08-14 21:00:00,-3,1,0.0009510373,50,2021-01-01
2021-08-14 22:00:00,2021-08-14 21:00:00,6,11,0.0007877496,51,2021-01-01
2021-08-14 22:00:00,2021-08-14 21:00:00,0,1,0.0007488767,52,2021-01-01
2021-08-14 22:00:00,2021-08-14 21:00:00,2,-2,0.00068938587,53,2021-01-01
2021-08-14 22:00:00,2021-08-14 21:00:00,-5,2,0.0006455239,54,2021-01-01
2021-08-14 22:00:00,2021-08-14 21:00:00,0,9,0.0006451433,55,2021-01-01
2021-08-14 22:00:00,2021-08-14 21:00:00,1,6,0.00062794867,56,2021-01-01
2021-08-14 22:00:00,2021-08-14 21:00:00,0,-3,0.00062391214,57,2021-01-01
2021-08-14 22:00:00,2021-08-14 21:00:00,-3,15,0.0006033811,58,2021-01-01
2021-08-14 22:00:00,2021-08-14 21:00:00,1,-2,0.00058737147,59,2021-01-01
2021-08-14 22:00:00,2021-08-14 21:00:00,2,8,0.00057984923,60,2021-01-01
2021-08-14 22:00:00,2021-08-14 21:00:00,6,3,0.00057426974,61,2021-01-01
2021-08-14 22:00:00,2021-08-14 21:00:00,-1,3,0.0005367708,62,2021-01-01
2021-08-14 22:00:00,2021-08-14 21:00:00,-1,-4,0.00052932434,63,2021-01-01
2021-08-14 22:00:00,2021-08-14 21:00:00,4,1,0.0004975069,64,2021-01-01
2021-08-14 22:00:00,2021-08-14 21:00:00,2,-3,0.00049725344,65,2021-01-01
2021-08-14 22:00:00,2021-08-14 21:00:00,8,-3,0.00048933976,66,2021-01-01
2021-08-14 22:00:00,2021-08-14 21:00:00,-4,12,0.0004510009,67,2021-01-01
2021-08-14 22:00:00,2021-08-14 21:00:00,-2,11,0.0004502182,68,2021-01-01
2021-08-14 22:00:00,2021-08-14 21:00:00,-2,13,0.0004502182,69,2021-01-01
2021-08-14 22:00:00,2021-08-14 21:00:00,-1,11,0.0004502182,70,2021-01-01
2021-08-14 22:00:00,2021-08-14 21:00:00,-2,8,0.0004499854,71,2021-01-01
2021-08-14 22:00:00,2021-08-14 21:00:00,-6,-3,0.00044697276,72,2021-01-01
2021-08-14 22:00:00,2021-08-14 21:00:00,1,8,0.00044414273,73,2021-01-01
2021-08-14 22:00:00,2021-08-14 21:00:00,-5,0,0.00044116584,74,2021-01-01
2021-08-14 22:00:00,2021-08-14 21:00:00,2,9,0.00042645607,75,2021-01-01
2021-08-14 22:00:00,2021-08-14 21:00:00,4,-1,0.0004243986,76,2021-01-01
2021-08-14 22:00:00,2021-08-14 21:00:00,1,5,0.00041334817,77,2021-01-01
2021-08-14 22:00:00,2021-08-14 21:00:00,5,3,0.00040106298,78,2021-01-01
2021-08-14 22:00:00,2021-08-14 21:00:00,6,6,0.00039349796,79,2021-01-01
2021-08-14 22:00:00,2021-08-14 21:00:00,7,-4,0.00035012737,80,2021-01-01
2021-08-14 22:00:00,2021-08-14 21:00:00,3,1,0.00032648284,81,2021-01-01
2021-08-14 22:00:00,2021-08-14 21:00:00,8,-4,0.00031613847,82,2021-01-01
2021-08-14 22:00:00,2021-08-14 21:00:00,4,-4,0.0002957649,83,2021-01-01
2021-08-14 22:00:00,2021-08-14 21:00:00,-9,0,0.00026724045,84,2021-01-01
2021-08-14 22:00:00,2021-08-14 21:00:00,-10,10,0.00025713802,85,2021-01-01
2021-08-14 22:00:00,2021-08-14 21:00:00,10,5,0.00025240195,86,2021-01-01
2021-08-14 22:00:00,2021-08-14 21:00:00,7,11,0.00024785078,87,2021-01-01
2021-08-14 22:00:00,2021-08-14 21:00:00,10,3,0.0002426243,88,2021-01-01
2021-08-14 22:00:00,2021-08-14 21:00:00,5,-3,0.00023629067,89,2021-01-01
2021-08-14 22:00:00,2021-08-14 21:00:00,6,5,0.00023194427,90,2021-01-01
2021-08-14 22:00:00,2021-08-14 21:00:00,-7,1,0.00022941064,91,2021-01-01
2021-08-14 22:00:00,2021-08-14 21:00:00,9,3,0.00022337046,92,2021-01-01
2021-08-14 22:00:00,2021-08-14 21:00:00,-3,8,0.00022293796,93,2021-01-01
2021-08-14 22:00:00,2021-08-14 21:00:00,-2,9,0.00022293796,94,2021-01-01
2021-08-14 22:00:00,2021-08-14 21:00:00,-4,2,0.00022126715,95,2021-01-01
2021-08-14 22:00:00,2021-08-14 21:00:00,3,-1,0.00021819526,96,2021-01-01
2021-08-14 22:00:00,2021-08-14 21:00:00,3,-2,0.0002175313,97,2021-01-01
2021-08-14 22:00:00,2021-08-14 21:00:00,-3,12,0.00021552436,98,2021-01-01
2021-08-14 22:00:00,2021-08-14 21:00:00,0,13,0.00021552436,99,2021-01-01
2021-08-14 22:00:00,2021-08-14 21:00:00,-4,10,0.00021346292,100,2021-01-01
2021-08-14 22:00:00,2021-08-14 21:00:00,-3,14,0.0002121401,101,2021-01-01
2021-08-14 22:00:00,2021-08-14 21:00:00,-1,13,0.0002121401,102,2021-01-01
2021-08-14 22:00:00,2021-08-14 21:00:00,0,11,0.0002121401,103,2021-01-01
2021-08-14 22:00:00,2021-08-14 21:00:00,-10,8,0.00021082767,104,2021-01-01
2021-08-14 22:00:00,2021-08-14 21:00:00,-2,10,0.00021056774,105,2021-01-01
2021-08-14 22:00:00,2021-08-14 21:00:00,-3,11,0.00020991814,106,2021-01-01
2021-08-14 22:00:00,2021-08-14 21:00:00,-3,13,0.00020991814,107,2021-01-01
2021-08-14 22:00:00,2021-08-14 21:00:00,0,14,0.00020991814,108,2021-01-01
2021-08-14 22:00:00,2021-08-14 21:00:00,-1,8,0.00020721112,109,2021-01-01
2021-08-14 22:00:00,2021-08-14 21:00:00,-1,9,0.00020545123,110,2021-01-01
2021-08-14 22:00:00,2021-08-14 21:00:00,-10,-3,0.00020345421,111,2021-01-01
2021-08-14 22:00:00,2021-08-14 21:00:00,3,17,0.00020127972,112,2021-01-01
2021-08-14 22:00:00,2021-08-14 21:00:00,-9,-1,0.00020116282,113,2021-01-01
2021-08-14 22:00:00,2021-08-14 21:00:00,5,-2,0.00020059598,114,2021-01-01
2021-08-14 22:00:00,2021-08-14 21:00:00,-1,6,0.00020032265,115,2021-01-01
2021-08-14 22:00:00,2021-08-14 21:00:00,1,11,0.00019972636,116,2021-01-01
2021-08-14 22:00:00,2021-08-14 21:00:00,1,20,0.00019910447,117,2021-01-01
2021-08-14 22:00:00,2021-08-14 21:00:00,-4,19,0.00019899655,118,2021-01-01
2021-08-14 22:00:00,2021-08-14 21:00:00,2,7,0.00019851197,119,2021-01-01
2021-08-14 22:00:00,2021-08-14 21:00:00,0,19,0.000197828,120,2021-01-01
2021-08-14 22:00:00,2021-08-14 21:00:00,1,9,0.000197076,121,2021-01-01
2021-08-14 22:00:00,2021-08-14 21:00:00,-2,15,0.00019689098,122,2021-01-01
2021-08-14 22:00:00,2021-08-14 21:00:00,-1,15,0.00019689098,123,2021-01-01
2021-08-14 22:00:00,2021-08-14 21:00:00,-1,16,0.00019689098,124,2021-01-01
2021-08-14 22:00:00,2021-08-14 21:00:00,-3,7,0.00019681122,125,2021-01-01
2021-08-14 22:00:00,2021-08-14 21:00:00,-1,18,0.00019588716,126,2021-01-01
2021-08-14 22:00:00,2021-08-14 21:00:00,-1,7,0.0001958339,127,2021-01-01
2021-08-14 22:00:00,2021-08-14 21:00:00,-4,-4,0.00019566338,128,2021-01-01
2021-08-14 22:00:00,2021-08-14 21:00:00,-2,16,0.000195481,129,2021-01-01
2021-08-14 22:00:00,2021-08-14 21:00:00,-6,4,0.00019451755,130,2021-01-01
2021-08-14 22:00:00,2021-08-14 21:00:00,-5,4,0.0001939592,131,2021-01-01
2021-08-14 22:00:00,2021-08-14 21:00:00,0,18,0.00019338471,132,2021-01-01
2021-08-14 22:00:00,2021-08-14 21:00:00,-3,18,0.00019044561,133,2021-01-01
2021-08-14 22:00:00,2021-08-14 21:00:00,-3,2,0.00018949207,134,2021-01-01
2021-08-14 22:00:00,2021-08-14 21:00:00,0,5,0.0001889085,135,2021-01-01
2021-08-14 22:00:00,2021-08-14 21:00:00,4,14,0.00018809685,136,2021-01-01
2021-08-14 22:00:00,2021-08-14 21:00:00,-7,-1,0.0001871733,137,2021-01-01
2021-08-14 22:00:00,2021-08-14 21:00:00,-4,8,0.00018666738,138,2021-01-01
2021-08-14 22:00:00,2021-08-14 21:00:00,-4,17,0.00018567324,139,2021-01-01
2021-08-14 22:00:00,2021-08-14 21:00:00,-1,5,0.00018410767,140,2021-01-01
2021-08-14 22:00:00,2021-08-14 21:00:00,-5,15,0.00018236415,141,2021-01-01
2021-08-14 22:00:00,2021-08-14 21:00:00,2,-6,0.00018218787,142,2021-01-01
2021-08-14 22:00:00,2021-08-14 21:00:00,-6,15,0.00018140762,143,2021-01-01
2021-08-14 22:00:00,2021-08-14 21:00:00,-5,-4,0.00018090614,144,2021-01-01
2021-08-14 22:00:00,2021-08-14 21:00:00,9,2,0.00017647071,145,2021-01-01
2021-08-14 22:00:00,2021-08-14 21:00:00,9,-2,0.00017611403,146,2021-01-01
2021-08-14 22:00:00,2021-08-14 21:00:00,9,1,0.00017375739,147,2021-01-01
2021-08-14 22:00:00,2021-08-14 21:00:00,-5,10,0.00017254474,148,2021-01-01
2021-08-14 22:00:00,2021-08-14 21:00:00,-4,-5,0.00017156599,149,2021-01-01
2021-08-14 22:00:00,2021-08-14 21:00:00,-5,9,0.00017120829,150,2021-01-01
2021-08-14 22:00:00,2021-08-14 21:00:00,-9,6,0.00017076824,151,2021-01-01
2021-08-14 22:00:00,2021-08-14 21:00:00,-6,8,0.00016831148,152,2021-01-01
2021-08-14 22:00:00,2021-08-14 21:00:00,-8,6,0.00016807018,153,2021-01-01
2021-08-14 22:00:00,2021-08-14 21:00:00,9,0,0.00016552543,154,2021-01-01
2021-08-14 22:00:00,2021-08-14 21:00:00,8,1,0.00016129937,155,2021-01-01
2021-08-14 22:00:00,2021-08-14 21:00:00,1,-3,0.00016107802,156,2021-01-01
2021-08-14 22:00:00,2021-08-14 21:00:00,5,-4,0.00016087438,157,2021-01-01
2021-08-14 22:00:00,2021-08-14 21:00:00,3,-3,0.00016063805,158,2021-01-01
2021-08-14 22:00:00,2021-08-14 21:00:00,7,1,0.00016051794,159,2021-01-01
2021-08-14 22:00:00,2021-08-14 21:00:00,-10,-4,0.00015743838,160,2021-01-01
2021-08-14 22:00:00,2021-08-14 21:00:00,-1,2,0.00015601236,161,2021-01-01
2021-08-14 22:00:00,2021-08-14 21:00:00,-2,3,0.00015568409,162,2021-01-01
2021-08-14 22:00:00,2021-08-14 21:00:00,-2,-5,0.00015529829,163,2021-01-01
2021-08-14 22:00:00,2021-08-14 21:00:00,0,-5,0.00015135646,164,2021-01-01
2021-08-14 22:00:00,2021-08-14 21:00:00,8,0,0.00015068811,165,2021-01-01
2021-08-14 22:00:00,2021-08-14 21:00:00,-2,1,0.0001501488,166,2021-01-01
2021-08-14 22:00:00,2021-08-14 21:00:00,4,-6,0.00014726717,167,2021-01-01
2021-08-14 22:00:00,2021-08-14 21:00:00,5,2,0.00014456363,168,2021-01-01
2021-08-14 22:00:00,2021-08-14 21:00:00,-9,-4,0.0001418404,169,2021-01-01
2021-08-14 22:00:00,2021-08-14 21:00:00,1,-5,0.00013814156,170,2021-01-01
2021-08-14 22:00:00,2021-08-14 21:00:00,7,-1,0.00013435214,171,2021-01-01
2021-08-14 22:00:00,2021-08-14 21:00:00,-1,-7,0.000131995,172,2021-01-01
2021-08-14 22:00:00,2021-08-14 21:00:00,1,2,0.00012891697,173,2021-01-01
2021-08-14 22:00:00,2021-08-14 21:00:00,1,1,0.00012785458,174,2021-01-01
2021-08-14 22:00:00,2021-08-14 21:00:00,3,0,0.00012614258,175,2021-01-01
2021-08-14 22:00:00,2021-08-14 21:00:00,0,-6,0.00012516559,176,2021-01-01
2021-08-14 22:00:00,2021-08-14 21:00:00,-1,-6,0.00012329413,177,2021-01-01
2021-08-14 22:00:00,2021-08-14 21:00:00,1,-7,0.0001146435,178,2021-01-01
2021-08-14 22:00:00,2021-08-14 21:00:00,8,-1,0.00011380634,179,2021-01-01
2021-08-14 22:00:00,2021-08-14 21:00:00,2,-7,0.00011199831,180,2021-01-01
2021-08-14 22:00:00,2021-08-14 21:00:00,-11,-6,9.5937176e-05,181,2021-01-01
2021-08-14 22:00:00,2021-08-14 21:00:00,-11,-5,9.5427815e-05,182,2021-01-01
2021-08-14 22:00:00,2021-08-14 21:00:00,-6,-2,9.282158e-05,183,2021-01-01
2021-08-14 22:00:00,2021-08-14 21:00:00,-12,-5,8.487594e-05,184,2021-01-01
2021-08-14 22:00:00,2021-08-14 21:00:00,10,0,7.8618854e-05,185,2021-01-01
2021-08-14 22:00:00,2021-08-14 21:00:00,10,-1,7.711347e-05,186,2021-01-01
2021-08-19 21:00:00,2021-08-19 20:00:00,-4,-2,0.6899047,1,2021-01-01
2021-08-19 21:00:00,2021-08-19 20:00:00,0,-1,0.6667351,2,2021-01-01
2021-08-19 21:00:00,2021-08-19 20:00:00,0,12,0.6485972,3,2021-01-01
2021-08-19 21:00:00,2021-08-19 20:00:00,1,0,0.6427673,4,2021-01-01
2021-08-19 21:00:00,2021-08-19 20:00:00,-1,0,0.5348524,5,2021-01-01
2021-08-19 21:00:00,2021-08-19 20:00:00,0,0,0.5255306,6,2021-01-01
2021-08-19 21:00:00,2021-08-19 20:00:00,-3,-4,0.47970915,7,2021-01-01
2021-08-19 21:00:00,2021-08-19 20:00:00,2,0,0.43661538,8,2021-01-01
2021-08-19 21:00:00,2021-08-19 20:00:00,-2,-1,0.38495412,9,2021-01-01
2021-08-19 21:00:00,2021-08-19 20:00:00,-4,-3,0.3710872,10,2021-01-01
2021-08-19 21:00:00,2021-08-19 20:00:00,-2,-3,0.34037903,11,2021-01-01
2021-08-19 21:00:00,2021-08-19 20:00:00,-1,-1,0.29996607,12,2021-01-01
2021-08-19 21:00:00,2021-08-19 20:00:00,-2,-4,0.27932528,13,2021-01-01
2021-08-19 21:00:00,2021-08-19 20:00:00,-2,0,0.2724656,14,2021-01-01
2021-08-19 21:00:00,2021-08-19 20:00:00,1,-1,0.16412185,15,2021-01-01
2021-08-19 21:00:00,2021-08-19 20:00:00,-4,-1,0.14551431,16,2021-01-01
2021-08-19 21:00:00,2021-08-19 20:00:00,-2,-2,0.14497693,17,2021-01-01
2021-08-19 21:00:00,2021-08-19 20:00:00,-3,-3,0.13374518,18,2021-01-01
2021-08-19 21:00:00,2021-08-19 20:00:00,6,-4,0.117229916,19,2021-01-01
2021-08-19 21:00:00,2021-08-19 20:00:00,2,1,0.11412867,20,2021-01-01
2021-08-19 21:00:00,2021-08-19 20:00:00,-5,-1,0.10456134,21,2021-01-01
2021-08-19 21:00:00,2021-08-19 20:00:00,-3,0,0.071784616,22,2021-01-01
2021-08-19 21:00:00,2021-08-19 20:00:00,2,-1,0.05787441,23,2021-01-01
2021-08-19 21:00:00,2021-08-19 20:00:00,-4,4,0.055530638,24,2021-01-01
2021-08-19 21:00:00,2021-08-19 20:00:00,1,2,0.053596586,25,2021-01-01
2021-08-19 21:00:00,2021-08-19 20:00:00,-1,-3,0.04877915,26,2021-01-01
2021-08-19 21:00:00,2021-08-19 20:00:00,-3,-2,0.040651906,27,2021-01-01
2021-08-19 21:00:00,2021-08-19 20:00:00,0,-2,0.038663935,28,2021-01-01
2021-08-19 21:00:00,2021-08-19 20:00:00,-4,0,0.030602857,29,2021-01-01
2021-08-19 21:00:00,2021-08-19 20:00:00,-1,-2,0.025419483,30,2021-01-01
2021-08-19 21:00:00,2021-08-19 20:00:00,-5,-3,0.019612141,31,2021-01-01
2021-08-19 21:00:00,2021-08-19 20:00:00,-5,-2,0.016323173,32,2021-01-01
2021-08-19 21:00:00,2021-08-19 20:00:00,-4,5,0.010854874,33,2021-01-01
2021-08-19 21:00:00,2021-08-19 20:00:00,-9,-5,0.008722738,34,2021-01-01
2021-08-19 21:00:00,2021-08-19 20:00:00,-5,1,0.008235421,35,2021-01-01
2021-08-19 21:00:00,2021-08-19 20:00:00,-1,1,0.006767929,36,2021-01-01
2021-08-19 21:00:00,2021-08-19 20:00:00,7,4,0.005424732,37,2021-01-01
2021-08-19 21:00:00,2021-08-19 20:00:00,-3,9,0.005394204,38,2021-01-01
2021-08-19 21:00:00,2021-08-19 20:00:00,-3,-1,0.0053895414,39,2021-01-01
2021-08-19 21:00:00,2021-08-19 20:00:00,-5,-5,0.005251294,40,2021-01-01
2021-08-19 21:00:00,2021-08-19 20:00:00,6,-3,0.004910665,41,2021-01-01
2021-08-19 21:00:00,2021-08-19 20:00:00,5,-1,0.004610721,42,2021-01-01
2021-08-19 21:00:00,2021-08-19 20:00:00,1,19,0.0036417686,43,2021-01-01
2021-08-19 21:00:00,2021-08-19 20:00:00,0,17,0.0035140633,44,2021-01-01
2021-08-19 21:00:00,2021-08-19 20:00:00,-4,3,0.0030421985,45,2021-01-01
2021-08-19 21:00:00,2021-08-19 20:00:00,-5,11,0.0025300568,46,2021-01-01
2021-08-19 21:00:00,2021-08-19 20:00:00,0,8,0.002315632,47,2021-01-01
2021-08-19 21:00:00,2021-08-19 20:00:00,0,1,0.0020963063,48,2021-01-01
2021-08-19 21:00:00,2021-08-19 20:00:00,0,-3,0.002064307,49,2021-01-01
2021-08-19 21:00:00,2021-08-19 20:00:00,2,20,0.00203983,50,2021-01-01
2021-08-19 21:00:00,2021-08-19 20:00:00,1,-2,0.0015065275,51,2021-01-01
2021-08-19 21:00:00,2021-08-19 20:00:00,-1,-4,0.0015061069,52,2021-01-01
2021-08-19 21:00:00,2021-08-19 20:00:00,-5,2,0.0013911929,53,2021-01-01
2021-08-19 21:00:00,2021-08-19 20:00:00,2,-2,0.0011064662,54,2021-01-01
2021-08-19 21:00:00,2021-08-19 20:00:00,-5,0,0.0010666923,55,2021-01-01
2021-08-19 21:00:00,2021-08-19 20:00:00,-6,1,0.0010514763,56,2021-01-01
2021-08-19 21:00:00,2021-08-19 20:00:00,2,-3,0.00093675667,57,2021-01-01
2021-08-19 21:00:00,2021-08-19 20:00:00,-6,-3,0.0009364537,58,2021-01-01
2021-08-19 21:00:00,2021-08-19 20:00:00,6,11,0.0009302833,59,2021-01-01
2021-08-19 21:00:00,2021-08-19 20:00:00,6,3,0.0008944101,60,2021-01-01
2021-08-19 21:00:00,2021-08-19 20:00:00,8,-3,0.0008854242,61,2021-01-01
2021-08-19 21:00:00,2021-08-19 20:00:00,4,-1,0.0008385186,62,2021-01-01
2021-08-19 21:00:00,2021-08-19 20:00:00,0,9,0.0007951278,63,2021-01-01
2021-08-19 21:00:00,2021-08-19 20:00:00,4,-4,0.000793973,64,2021-01-01
2021-08-19 21:00:00,2021-08-19 20:00:00,-2,11,0.00075386645,65,2021-01-01
2021-08-19 21:00:00,2021-08-19 20:00:00,-3,1,0.0007347123,66,2021-01-01
2021-08-19 21:00:00,2021-08-19 20:00:00,-1,3,0.00073333684,67,2021-01-01
2021-08-19 21:00:00,2021-08-19 20:00:00,3,1,0.00072954176,68,2021-01-01
2021-08-19 21:00:00,2021-08-19 20:00:00,4,1,0.00072251173,69,2021-01-01
2021-08-19 21:00:00,2021-08-19 20:00:00,-7,-1,0.00069326843,70,2021-01-01
2021-08-19 21:00:00,2021-08-19 20:00:00,-9,0,0.0006777069,71,2021-01-01
2021-08-19 21:00:00,2021-08-19 20:00:00,8,-4,0.0006762889,72,2021-01-01
2021-08-19 21:00:00,2021-08-19 20:00:00,1,6,0.00066548615,73,2021-01-01
2021-08-19 21:00:00,2021-08-19 20:00:00,2,8,0.0006494712,74,2021-01-01
2021-08-19 21:00:00,2021-08-19 20:00:00,-7,1,0.0006412314,75,2021-01-01
2021-08-19 21:00:00,2021-08-19 20:00:00,7,-5,0.00062311074,76,2021-01-01
2021-08-19 21:00:00,2021-08-19 20:00:00,9,-2,0.0006030158,77,2021-01-01
2021-08-19 21:00:00,2021-08-19 20:00:00,1,5,0.00060253264,78,2021-01-01
2021-08-19 21:00:00,2021-08-19 20:00:00,7,-4,0.0005822172,79,2021-01-01
2021-08-19 21:00:00,2021-08-19 20:00:00,-4,-5,0.0005757646,80,2021-01-01
2021-08-19 21:00:00,2021-08-19 20:00:00,5,3,0.0005736632,81,2021-01-01
2021-08-19 21:00:00,2021-08-19 20:00:00,-3,15,0.000566706,82,2021-01-01
2021-08-19 21:00:00,2021-08-19 20:00:00,-2,-5,0.00053506246,83,2021-01-01
2021-08-19 21:00:00,2021-08-19 20:00:00,-4,-4,0.00051935477,84,2021-01-01
2021-08-19 21:00:00,2021-08-19 20:00:00,-1,2,0.00051869784,85,2021-01-01
2021-08-19 21:00:00,2021-08-19 20:00:00,0,-5,0.00051765615,86,2021-01-01
2021-08-19 21:00:00,2021-08-19 20:00:00,-6,-2,0.00051632087,87,2021-01-01
2021-08-19 21:00:00,2021-08-19 20:00:00,1,-3,0.00051436917,88,2021-01-01
2021-08-19 21:00:00,2021-08-19 20:00:00,8,0,0.0005135809,89,2021-01-01
2021-08-19 21:00:00,2021-08-19 20:00:00,1,1,0.00051110506,90,2021-01-01
2021-08-19 21:00:00,2021-08-19 20:00:00,1,-5,0.000510818,91,2021-01-01
2021-08-19 21:00:00,2021-08-19 20:00:00,5,-2,0.00051025354,92,2021-01-01
2021-08-19 21:00:00,2021-08-19 20:00:00,0,-6,0.0005057983,93,2021-01-01
2021-08-19 21:00:00,2021-08-19 20:00:00,2,-6,0.0005053973,94,2021-01-01
2021-08-19 21:00:00,2021-08-19 20:00:00,7,-1,0.00050334644,95,2021-01-01
2021-08-19 21:00:00,2021-08-19 20:00:00,5,-3,0.0005031554,96,2021-01-01
2021-08-19 21:00:00,2021-08-19 20:00:00,-1,-6,0.00049858185,97,2021-01-01
2021-08-19 21:00:00,2021-08-19 20:00:00,3,-2,0.0004959759,98,2021-01-01
2021-08-19 21:00:00,2021-08-19 20:00:00,3,0,0.0004891904,99,2021-01-01
2021-08-19 21:00:00,2021-08-19 20:00:00,-5,-4,0.0004885881,100,2021-01-01
2021-08-19 21:00:00,2021-08-19 20:00:00,3,-1,0.00048639695,101,2021-01-01
2021-08-19 21:00:00,2021-08-19 20:00:00,9,0,0.00048137666,102,2021-01-01
2021-08-19 21:00:00,2021-08-19 20:00:00,-1,-7,0.00047910606,103,2021-01-01
2021-08-19 21:00:00,2021-08-19 20:00:00,10,0,0.00047638596,104,2021-01-01
2021-08-19 21:00:00,2021-08-19 20:00:00,3,-3,0.00047591006,105,2021-01-01
2021-08-19 21:00:00,2021-08-19 20:00:00,-3,2,0.00046298178,106,2021-01-01
2021-08-19 21:00:00,2021-08-19 20:00:00,-4,2,0.00046265975,107,2021-01-01
2021-08-19 21:00:00,2021-08-19 20:00:00,8,1,0.00045833495,108,2021-01-01
2021-08-19 21:00:00,2021-08-19 20:00:00,1,8,0.00045583778,109,2021-01-01
2021-08-19 21:00:00,2021-08-19 20:00:00,8,-1,0.00045486158,110,2021-01-01
2021-08-19 21:00:00,2021-08-19 20:00:00,7,1,0.00045073513,111,2021-01-01
2021-08-19 21:00:00,2021-08-19 20:00:00,-2,1,0.00044988687,112,2021-01-01
2021-08-19 21:00:00,2021-08-19 20:00:00,-3,8,0.00044416625,113,2021-01-01
2021-08-19 21:00:00,2021-08-19 20:00:00,10,3,0.00044146492,114,2021-01-01
2021-08-19 21:00:00,2021-08-19 20:00:00,9,1,0.00044042128,115,2021-01-01
2021-08-19 21:00:00,2021-08-19 20:00:00,-3,14,0.00043759335,116,2021-01-01
2021-08-19 21:00:00,2021-08-19 20:00:00,-2,8,0.00043592547,117,2021-01-01
2021-08-19 21:00:00,2021-08-19 20:00:00,-1,11,0.00042379127,118,2021-01-01
2021-08-19 21:00:00,2021-08-19 20:00:00,-3,12,0.0004173653,119,2021-01-01
2021-08-19 21:00:00,2021-08-19 20:00:00,9,3,0.00041617468,120,2021-01-01
2021-08-19 21:00:00,2021-08-19 20:00:00,2,9,0.00041157915,121,2021-01-01
2021-08-19 21:00:00,2021-08-19 20:00:00,1,-7,0.00040731207,122,2021-01-01
2021-08-19 21:00:00,2021-08-19 20:00:00,6,6,0.00040274338,123,2021-01-01
2021-08-19 21:00:00,2021-08-19 20:00:00,5,2,0.00040075846,124,2021-01-01
2021-08-19 21:00:00,2021-08-19 20:00:00,5,-4,0.00039937312,125,2021-01-01
2021-08-19 21:00:00,2021-08-19 20:00:00,2,-7,0.00039593285,126,2021-01-01
2021-08-19 21:00:00,2021-08-19 20:00:00,-2,3,0.00039151334,127,2021-01-01
2021-08-19 21:00:00,2021-08-19 20:00:00,-4,12,0.0003908271,128,2021-01-01
2021-08-19 21:00:00,2021-08-19 20:00:00,4,-6,0.00038754998,129,2021-01-01
2021-08-19 21:00:00,2021-08-19 20:00:00,9,2,0.00038007088,130,2021-01-01
2021-08-19 21:00:00,2021-08-19 20:00:00,-9,-4,0.00037651137,131,2021-01-01
2021-08-19 21:00:00,2021-08-19 20:00:00,10,-1,0.00037383882,132,2021-01-01
2021-08-19 21:00:00,2021-08-19 20:00:00,0,5,0.00036511009,133,2021-01-01
2021-08-19 21:00:00,2021-08-19 20:00:00,-1,5,0.0003620378,134,2021-01-01
2021-08-19 21:00:00,2021-08-19 20:00:00,7,11,0.00036083264,135,2021-01-01
2021-08-19 21:00:00,2021-08-19 20:00:00,-2,13,0.00035987675,136,2021-01-01
2021-08-19 21:00:00,2021-08-19 20:00:00,-10,-4,0.00035655536,137,2021-01-01
2021-08-19 21:00:00,2021-08-19 20:00:00,-2,10,0.00035149814,138,2021-01-01
2021-08-19 21:00:00,2021-08-19 20:00:00,-11,-6,0.000348556,139,2021-01-01
2021-08-19 21:00:00,2021-08-19 20:00:00,-9,-1,0.00032210318,140,2021-01-01
2021-08-19 21:00:00,2021-08-19 20:00:00,-5,4,0.0003177138,141,2021-01-01
2021-08-19 21:00:00,2021-08-19 20:00:00,-1,6,0.00030869548,142,2021-01-01
2021-08-19 21:00:00,2021-08-19 20:00:00,-5,15,0.00029487492,143,2021-01-01
2021-08-19 21:00:00,2021-08-19 20:00:00,10,5,0.00029187647,144,2021-01-01
2021-08-19 21:00:00,2021-08-19 20:00:00,6,5,0.00029172396,145,2021-01-01
2021-08-19 21:00:00,2021-08-19 20:00:00,-1,7,0.00028953512,146,2021-01-01
2021-08-19 21:00:00,2021-08-19 20:00:00,-1,8,0.0002887219,147,2021-01-01
2021-08-19 21:00:00,2021-08-19 20:00:00,-3,13,0.00028498546,148,2021-01-01
2021-08-19 21:00:00,2021-08-19 20:00:00,0,19,0.00028295632,149,2021-01-01
2021-08-19 21:00:00,2021-08-19 20:00:00,0,18,0.00028158774,150,2021-01-01
2021-08-19 21:00:00,2021-08-19 20:00:00,-6,4,0.0002811202,151,2021-01-01
2021-08-19 21:00:00,2021-08-19 20:00:00,-10,8,0.0002807078,152,2021-01-01
2021-08-19 21:00:00,2021-08-19 20:00:00,1,20,0.00027988866,153,2021-01-01
2021-08-19 21:00:00,2021-08-19 20:00:00,-1,18,0.0002796869,154,2021-01-01
2021-08-19 21:00:00,2021-08-19 20:00:00,-4,19,0.0002793367,155,2021-01-01
2021-08-19 21:00:00,2021-08-19 20:00:00,2,7,0.0002777033,156,2021-01-01
2021-08-19 21:00:00,2021-08-19 20:00:00,-3,18,0.0002744239,157,2021-01-01
2021-08-19 21:00:00,2021-08-19 20:00:00,-2,16,0.00026566177,158,2021-01-01
2021-08-19 21:00:00,2021-08-19 20:00:00,-1,16,0.00026566177,159,2021-01-01
2021-08-19 21:00:00,2021-08-19 20:00:00,-4,10,0.00026533133,160,2021-01-01
2021-08-19 21:00:00,2021-08-19 20:00:00,-10,10,0.00026101014,161,2021-01-01
2021-08-19 21:00:00,2021-08-19 20:00:00,3,17,0.00025448535,162,2021-01-01
2021-08-19 21:00:00,2021-08-19 20:00:00,1,9,0.00025444658,163,2021-01-01
2021-08-19 21:00:00,2021-08-19 20:00:00,-6,8,0.00025439815,164,2021-01-01
2021-08-19 21:00:00,2021-08-19 20:00:00,-1,9,0.00025390557,165,2021-01-01
2021-08-19 21:00:00,2021-08-19 20:00:00,0,11,0.00024551598,166,2021-01-01
2021-08-19 21:00:00,2021-08-19 20:00:00,0,14,0.00024502174,167,2021-01-01
2021-08-19 21:00:00,2021-08-19 20:00:00,0,13,0.00024029822,168,2021-01-01
2021-08-19 21:00:00,2021-08-19 20:00:00,-2,9,0.00023842826,169,2021-01-01
2021-08-19 21:00:00,2021-08-19 20:00:00,-1,13,0.00023831206,170,2021-01-01
2021-08-19 21:00:00,2021-08-19 20:00:00,-2,15,0.00023797929,171,2021-01-01
2021-08-19 21:00:00,2021-08-19 20:00:00,-3,11,0.00023352157,172,2021-01-01
2021-08-19 21:00:00,2021-08-19 20:00:00,-1,15,0.00023256066,173,2021-01-01
2021-08-19 21:00:00,2021-08-19 20:00:00,-11,-5,0.00023060087,174,2021-01-01
2021-08-19 21:00:00,2021-08-19 20:00:00,-3,7,0.00022983423,175,2021-01-01
2021-08-19 21:00:00,2021-08-19 20:00:00,1,11,0.00022772432,176,2021-01-01
2021-08-19 21:00:00,2021-08-19 20:00:00,-5,9,0.00022393011,177,2021-01-01
2021-08-19 21:00:00,2021-08-19 20:00:00,-5,10,0.00022393011,178,2021-01-01
2021-08-19 21:00:00,2021-08-19 20:00:00,-12,-5,0.00022217694,179,2021-01-01
2021-08-19 21:00:00,2021-08-19 20:00:00,-4,17,0.00021737335,180,2021-01-01
2021-08-19 21:00:00,2021-08-19 20:00:00,-4,8,0.00021434888,181,2021-01-01
2021-08-19 21:00:00,2021-08-19 20:00:00,-9,6,0.0002141843,182,2021-01-01
2021-08-19 21:00:00,2021-08-19 20:00:00,-8,6,0.00020759355,183,2021-01-01
2021-08-19 21:00:00,2021-08-19 20:00:00,4,14,0.00020374371,184,2021-01-01
2021-08-19 21:00:00,2021-08-19 20:00:00,-6,15,0.00019417175,185,2021-01-01
2021-08-19 21:00:00,2021-08-19 20:00:00,-10,-3,0.0001841726,186,2021-01-01
2021-08-20 20:00:00,2021-08-20 19:00:00,0,-1,0.7152197,1,2021-01-01
2021-08-20 20:00:00,2021-08-20 19:00:00,0,0,0.67783564,2,2021-01-01
2021-08-20 20:00:00,2021-08-20 19:00:00,0,12,0.5877479,3,2021-01-01
2021-08-20 20:00:00,2021-08-20 19:00:00,-2,-3,0.5617607,4,2021-01-01
2021-08-20 20:00:00,2021-08-20 19:00:00,2,0,0.5142874,5,2021-01-01
2021-08-20 20:00:00,2021-08-20 19:00:00,-4,-2,0.41473857,6,2021-01-01
2021-08-20 20:00:00,2021-08-20 19:00:00,1,0,0.38219538,7,2021-01-01
2021-08-20 20:00:00,2021-08-20 19:00:00,-1,0,0.38142017,8,2021-01-01
2021-08-20 20:00:00,2021-08-20 19:00:00,-1,-1,0.2774954,9,2021-01-01
2021-08-20 20:00:00,2021-08-20 19:00:00,-2,-4,0.23089765,10,2021-01-01
2021-08-20 20:00:00,2021-08-20 19:00:00,-3,-4,0.21185279,11,2021-01-01
2021-08-20 20:00:00,2021-08-20 19:00:00,-3,-3,0.18142982,12,2021-01-01
2021-08-20 20:00:00,2021-08-20 19:00:00,1,-1,0.15079552,13,2021-01-01
2021-08-20 20:00:00,2021-08-20 19:00:00,-2,-1,0.14816032,14,2021-01-01
2021-08-20 20:00:00,2021-08-20 19:00:00,-2,-2,0.143016,15,2021-01-01
2021-08-20 20:00:00,2021-08-20 19:00:00,-2,0,0.123409726,16,2021-01-01
2021-08-20 20:00:00,2021-08-20 19:00:00,-4,-3,0.10565543,17,2021-01-01
2021-08-20 20:00:00,2021-08-20 19:00:00,2,1,0.09332303,18,2021-01-01
2021-08-20 20:00:00,2021-08-20 19:00:00,-4,-1,0.08020707,19,2021-01-01
2021-08-20 20:00:00,2021-08-20 19:00:00,0,-2,0.06636564,20,2021-01-01
2021-08-20 20:00:00,2021-08-20 19:00:00,2,-1,0.045921948,21,2021-01-01
2021-08-20 20:00:00,2021-08-20 19:00:00,-3,0,0.040586274,22,2021-01-01
2021-08-20 20:00:00,2021-08-20 19:00:00,6,-4,0.02849567,23,2021-01-01
2021-08-20 20:00:00,2021-08-20 19:00:00,7,4,0.02510178,24,2021-01-01
2021-08-20 20:00:00,2021-08-20 19:00:00,-4,0,0.023638053,25,2021-01-01
2021-08-20 20:00:00,2021-08-20 19:00:00,-5,-1,0.0212269,26,2021-01-01
2021-08-20 20:00:00,2021-08-20 19:00:00,-1,-3,0.017953955,27,2021-01-01
2021-08-20 20:00:00,2021-08-20 19:00:00,-3,-2,0.016077893,28,2021-01-01
2021-08-20 20:00:00,2021-08-20 19:00:00,-4,4,0.016023584,29,2021-01-01
2021-08-20 20:00:00,2021-08-20 19:00:00,1,2,0.012811639,30,2021-01-01
2021-08-20 20:00:00,2021-08-20 19:00:00,-9,-5,0.010451495,31,2021-01-01
2021-08-20 20:00:00,2021-08-20 19:00:00,-5,-3,0.0090162605,32,2021-01-01
2021-08-20 20:00:00,2021-08-20 19:00:00,0,17,0.008015167,33,2021-01-01
2021-08-20 20:00:00,2021-08-20 19:00:00,-5,-2,0.0072426586,34,2021-01-01
2021-08-20 20:00:00,2021-08-20 19:00:00,1,19,0.0070583834,35,2021-01-01
2021-08-20 20:00:00,2021-08-20 19:00:00,-3,13,0.0042387177,36,2021-01-01
2021-08-20 20:00:00,2021-08-20 19:00:00,-5,-5,0.0038285963,37,2021-01-01
2021-08-20 20:00:00,2021-08-20 19:00:00,-1,-2,0.003729073,38,2021-01-01
2021-08-20 20:00:00,2021-08-20 19:00:00,5,-1,0.0035303216,39,2021-01-01
2021-08-20 20:00:00,2021-08-20 19:00:00,0,8,0.0033735677,40,2021-01-01
2021-08-20 20:00:00,2021-08-20 19:00:00,-1,1,0.0032728321,41,2021-01-01
2021-08-20 20:00:00,2021-08-20 19:00:00,-5,1,0.0031352777,42,2021-01-01
2021-08-20 20:00:00,2021-08-20 19:00:00,2,20,0.0024007263,43,2021-01-01
2021-08-20 20:00:00,2021-08-20 19:00:00,-3,-1,0.0023570515,44,2021-01-01
2021-08-20 20:00:00,2021-08-20 19:00:00,-5,11,0.002339377,45,2021-01-01
2021-08-20 20:00:00,2021-08-20 19:00:00,0,-3,0.0022421286,46,2021-01-01
2021-08-20 20:00:00,2021-08-20 19:00:00,6,-3,0.0021700638,47,2021-01-01
2021-08-20 20:00:00,2021-08-20 19:00:00,2,8,0.0018681241,48,2021-01-01
2021-08-20 20:00:00,2021-08-20 19:00:00,-3,9,0.0015628621,49,2021-01-01
2021-08-20 20:00:00,2021-08-20 19:00:00,-4,5,0.0014743224,50,2021-01-01
2021-08-20 20:00:00,2021-08-20 19:00:00,6,3,0.0012539378,51,2021-01-01
2021-08-20 20:00:00,2021-08-20 19:00:00,0,1,0.0009667896,52,2021-01-01
2021-08-20 20:00:00,2021-08-20 19:00:00,6,11,0.0008886096,53,2021-01-01
2021-08-20 20:00:00,2021-08-20 19:00:00,-2,11,0.00087340176,54,2021-01-01
2021-08-20 20:00:00,2021-08-20 19:00:00,2,-3,0.00083334156,55,2021-01-01
2021-08-20 20:00:00,2021-08-20 19:00:00,-4,3,0.00082043203,56,2021-01-01
2021-08-20 20:00:00,2021-08-20 19:00:00,-1,11,0.00078899873,57,2021-01-01
2021-08-20 20:00:00,2021-08-20 19:00:00,1,5,0.0007429325,58,2021-01-01
2021-08-20 20:00:00,2021-08-20 19:00:00,1,-2,0.00073718844,59,2021-01-01
2021-08-20 20:00:00,2021-08-20 19:00:00,8,-3,0.00072860526,60,2021-01-01
2021-08-20 20:00:00,2021-08-20 19:00:00,1,6,0.00070970546,61,2021-01-01
2021-08-20 20:00:00,2021-08-20 19:00:00,5,3,0.00070239656,62,2021-01-01
2021-08-20 20:00:00,2021-08-20 19:00:00,4,-1,0.00066947675,63,2021-01-01
2021-08-20 20:00:00,2021-08-20 19:00:00,2,9,0.00066662,64,2021-01-01
2021-08-20 20:00:00,2021-08-20 19:00:00,1,8,0.00066001737,65,2021-01-01
2021-08-20 20:00:00,2021-08-20 19:00:00,4,1,0.00063517876,66,2021-01-01
2021-08-20 20:00:00,2021-08-20 19:00:00,3,1,0.0006290864,67,2021-01-01
2021-08-20 20:00:00,2021-08-20 19:00:00,0,9,0.0006085133,68,2021-01-01
2021-08-20 20:00:00,2021-08-20 19:00:00,-1,-4,0.0005772437,69,2021-01-01
2021-08-20 20:00:00,2021-08-20 19:00:00,2,-2,0.00052756624,70,2021-01-01
2021-08-20 20:00:00,2021-08-20 19:00:00,-5,0,0.00052202545,71,2021-01-01
2021-08-20 20:00:00,2021-08-20 19:00:00,6,6,0.00050473254,72,2021-01-01
2021-08-20 20:00:00,2021-08-20 19:00:00,-3,15,0.0005010134,73,2021-01-01
2021-08-20 20:00:00,2021-08-20 19:00:00,-1,13,0.00045017537,74,2021-01-01
2021-08-20 20:00:00,2021-08-20 19:00:00,-2,13,0.00043806457,75,2021-01-01
2021-08-20 20:00:00,2021-08-20 19:00:00,-1,15,0.00043380275,76,2021-01-01
2021-08-20 20:00:00,2021-08-20 19:00:00,-3,1,0.00042090574,77,2021-01-01
2021-08-20 20:00:00,2021-08-20 19:00:00,-1,16,0.0004124276,78,2021-01-01
2021-08-20 20:00:00,2021-08-20 19:00:00,0,19,0.0004063611,79,2021-01-01
2021-08-20 20:00:00,2021-08-20 19:00:00,-2,15,0.00039617508,80,2021-01-01
2021-08-20 20:00:00,2021-08-20 19:00:00,-1,3,0.00037293648,81,2021-01-01
2021-08-20 20:00:00,2021-08-20 19:00:00,7,1,0.00036460927,82,2021-01-01
2021-08-20 20:00:00,2021-08-20 19:00:00,0,18,0.0003641095,83,2021-01-01
2021-08-20 20:00:00,2021-08-20 19:00:00,-1,18,0.00034829768,84,2021-01-01
2021-08-20 20:00:00,2021-08-20 19:00:00,-2,8,0.00033666624,85,2021-01-01
2021-08-20 20:00:00,2021-08-20 19:00:00,3,17,0.00032007825,86,2021-01-01
2021-08-20 20:00:00,2021-08-20 19:00:00,-11,-6,0.00030757082,87,2021-01-01
2021-08-20 20:00:00,2021-08-20 19:00:00,-6,-3,0.00030347562,88,2021-01-01
2021-08-20 20:00:00,2021-08-20 19:00:00,0,13,0.0003028799,89,2021-01-01
2021-08-20 20:00:00,2021-08-20 19:00:00,0,14,0.0003028799,90,2021-01-01
2021-08-20 20:00:00,2021-08-20 19:00:00,0,11,0.00029906214,91,2021-01-01
2021-08-20 20:00:00,2021-08-20 19:00:00,2,7,0.0002941718,92,2021-01-01
2021-08-20 20:00:00,2021-08-20 19:00:00,6,5,0.00029403612,93,2021-01-01
2021-08-20 20:00:00,2021-08-20 19:00:00,1,11,0.00028743618,94,2021-01-01
2021-08-20 20:00:00,2021-08-20 19:00:00,1,9,0.00028247453,95,2021-01-01
2021-08-20 20:00:00,2021-08-20 19:00:00,7,11,0.00027553597,96,2021-01-01
2021-08-20 20:00:00,2021-08-20 19:00:00,-2,16,0.000274748,97,2021-01-01
2021-08-20 20:00:00,2021-08-20 19:00:00,-6,1,0.00027109447,98,2021-01-01
2021-08-20 20:00:00,2021-08-20 19:00:00,-1,-6,0.00027087107,99,2021-01-01
2021-08-20 20:00:00,2021-08-20 19:00:00,-5,2,0.0002692486,100,2021-01-01
2021-08-20 20:00:00,2021-08-20 19:00:00,3,-1,0.00026815562,101,2021-01-01
2021-08-20 20:00:00,2021-08-20 19:00:00,1,20,0.00026142344,102,2021-01-01
2021-08-20 20:00:00,2021-08-20 19:00:00,7,-1,0.00025686712,103,2021-01-01
2021-08-20 20:00:00,2021-08-20 19:00:00,-4,12,0.00025650905,104,2021-01-01
2021-08-20 20:00:00,2021-08-20 19:00:00,3,0,0.00025583268,105,2021-01-01
2021-08-20 20:00:00,2021-08-20 19:00:00,-11,-5,0.00025339582,106,2021-01-01
2021-08-20 20:00:00,2021-08-20 19:00:00,9,-2,0.00024709944,107,2021-01-01
2021-08-20 20:00:00,2021-08-20 19:00:00,10,5,0.00024550155,108,2021-01-01
2021-08-20 20:00:00,2021-08-20 19:00:00,-1,9,0.00022494035,109,2021-01-01
2021-08-20 20:00:00,2021-08-20 19:00:00,-12,-5,0.00022180048,110,2021-01-01
2021-08-20 20:00:00,2021-08-20 19:00:00,-3,14,0.00022127376,111,2021-01-01
2021-08-20 20:00:00,2021-08-20 19:00:00,5,2,0.0002188859,112,2021-01-01
2021-08-20 20:00:00,2021-08-20 19:00:00,7,-4,0.0002136634,113,2021-01-01
2021-08-20 20:00:00,2021-08-20 19:00:00,8,1,0.00021195675,114,2021-01-01
2021-08-20 20:00:00,2021-08-20 19:00:00,-1,-7,0.00020966031,115,2021-01-01
2021-08-20 20:00:00,2021-08-20 19:00:00,1,1,0.00020662772,116,2021-01-01
2021-08-20 20:00:00,2021-08-20 19:00:00,1,-3,0.00020510478,117,2021-01-01
2021-08-20 20:00:00,2021-08-20 19:00:00,-3,18,0.00019655238,118,2021-01-01
2021-08-20 20:00:00,2021-08-20 19:00:00,9,2,0.00019570714,119,2021-01-01
2021-08-20 20:00:00,2021-08-20 19:00:00,10,3,0.00019270748,120,2021-01-01
2021-08-20 20:00:00,2021-08-20 19:00:00,-9,-4,0.00019050257,121,2021-01-01
2021-08-20 20:00:00,2021-08-20 19:00:00,9,1,0.00018859125,122,2021-01-01
2021-08-20 20:00:00,2021-08-20 19:00:00,9,3,0.00018469477,123,2021-01-01
2021-08-20 20:00:00,2021-08-20 19:00:00,-4,19,0.00018442947,124,2021-01-01
2021-08-20 20:00:00,2021-08-20 19:00:00,9,0,0.00018358906,125,2021-01-01
2021-08-20 20:00:00,2021-08-20 19:00:00,4,-4,0.00018186972,126,2021-01-01
2021-08-20 20:00:00,2021-08-20 19:00:00,5,-3,0.00017992721,127,2021-01-01
2021-08-20 20:00:00,2021-08-20 19:00:00,7,-5,0.00017828512,128,2021-01-01
2021-08-20 20:00:00,2021-08-20 19:00:00,-3,12,0.00017818417,129,2021-01-01
2021-08-20 20:00:00,2021-08-20 19:00:00,5,-2,0.0001768205,130,2021-01-01
2021-08-20 20:00:00,2021-08-20 19:00:00,-2,9,0.00017680327,131,2021-01-01
2021-08-20 20:00:00,2021-08-20 19:00:00,-1,8,0.00017586006,132,2021-01-01
2021-08-20 20:00:00,2021-08-20 19:00:00,8,-4,0.00017576727,133,2021-01-01
2021-08-20 20:00:00,2021-08-20 19:00:00,8,0,0.00017133215,134,2021-01-01
2021-08-20 20:00:00,2021-08-20 19:00:00,-3,2,0.00017076777,135,2021-01-01
2021-08-20 20:00:00,2021-08-20 19:00:00,3,-2,0.00016578712,136,2021-01-01
2021-08-20 20:00:00,2021-08-20 19:00:00,-10,-4,0.00016484305,137,2021-01-01
2021-08-20 20:00:00,2021-08-20 19:00:00,-3,7,0.00016414239,138,2021-01-01
2021-08-20 20:00:00,2021-08-20 19:00:00,-4,-5,0.00016271896,139,2021-01-01
2021-08-20 20:00:00,2021-08-20 19:00:00,-7,-1,0.00016248971,140,2021-01-01
2021-08-20 20:00:00,2021-08-20 19:00:00,-1,5,0.00016100392,141,2021-01-01
2021-08-20 20:00:00,2021-08-20 19:00:00,0,-6,0.00015918691,142,2021-01-01
2021-08-20 20:00:00,2021-08-20 19:00:00,1,-7,0.00015586223,143,2021-01-01
2021-08-20 20:00:00,2021-08-20 19:00:00,-6,8,0.00015401076,144,2021-01-01
2021-08-20 20:00:00,2021-08-20 19:00:00,-1,7,0.00015308757,145,2021-01-01
2021-08-20 20:00:00,2021-08-20 19:00:00,-1,6,0.00015279898,146,2021-01-01
2021-08-20 20:00:00,2021-08-20 19:00:00,-4,-4,0.00015243707,147,2021-01-01
2021-08-20 20:00:00,2021-08-20 19:00:00,-6,-2,0.00015045174,148,2021-01-01
2021-08-20 20:00:00,2021-08-20 19:00:00,0,5,0.00014741831,149,2021-01-01
2021-08-20 20:00:00,2021-08-20 19:00:00,-4,17,0.00014315428,150,2021-01-01
2021-08-20 20:00:00,2021-08-20 19:00:00,-5,10,0.00014292914,151,2021-01-01
2021-08-20 20:00:00,2021-08-20 19:00:00,-1,2,0.00014238938,152,2021-01-01
2021-08-20 20:00:00,2021-08-20 19:00:00,-7,1,0.00014221888,153,2021-01-01
2021-08-20 20:00:00,2021-08-20 19:00:00,-5,-4,0.00014094512,154,2021-01-01
2021-08-20 20:00:00,2021-08-20 19:00:00,4,14,0.0001409081,155,2021-01-01
2021-08-20 20:00:00,2021-08-20 19:00:00,8,-1,0.00013953533,156,2021-01-01
2021-08-20 20:00:00,2021-08-20 19:00:00,-9,0,0.00013470657,157,2021-01-01
2021-08-20 20:00:00,2021-08-20 19:00:00,-2,-5,0.00013216551,158,2021-01-01
2021-08-20 20:00:00,2021-08-20 19:00:00,-5,15,0.00012646442,159,2021-01-01
2021-08-20 20:00:00,2021-08-20 19:00:00,-5,4,0.00012207772,160,2021-01-01
2021-08-20 20:00:00,2021-08-20 19:00:00,-2,1,0.00011819133,161,2021-01-01
2021-08-20 20:00:00,2021-08-20 19:00:00,-6,4,0.00011811444,162,2021-01-01
2021-08-20 20:00:00,2021-08-20 19:00:00,-2,10,0.00011391634,163,2021-01-01
2021-08-20 20:00:00,2021-08-20 19:00:00,-6,15,0.00011385218,164,2021-01-01
2021-08-20 20:00:00,2021-08-20 19:00:00,-4,10,0.00011156851,165,2021-01-01
2021-08-20 20:00:00,2021-08-20 19:00:00,-3,11,0.000108710425,166,2021-01-01
2021-08-20 20:00:00,2021-08-20 19:00:00,-3,8,0.00010548005,167,2021-01-01
2021-08-20 20:00:00,2021-08-20 19:00:00,-9,-1,9.415809e-05,168,2021-01-01
2021-08-20 20:00:00,2021-08-20 19:00:00,-5,9,9.3182294e-05,169,2021-01-01
2021-08-20 20:00:00,2021-08-20 19:00:00,-10,-3,8.645299e-05,170,2021-01-01
2021-08-20 20:00:00,2021-08-20 19:00:00,-4,2,8.064309e-05,171,2021-01-01
2021-08-20 20:00:00,2021-08-20 19:00:00,1,-5,8.0552956e-05,172,2021-01-01
2021-08-20 20:00:00,2021-08-20 19:00:00,-2,3,7.945994e-05,173,2021-01-01
2021-08-20 20:00:00,2021-08-20 19:00:00,0,-5,7.793705e-05,174,2021-01-01
2021-08-20 20:00:00,2021-08-20 19:00:00,10,0,7.718237e-05,175,2021-01-01
2021-08-20 20:00:00,2021-08-20 19:00:00,2,-6,7.59061e-05,176,2021-01-01
2021-08-20 20:00:00,2021-08-20 19:00:00,2,-7,7.586379e-05,177,2021-01-01
2021-08-20 20:00:00,2021-08-20 19:00:00,-4,8,7.566835e-05,178,2021-01-01
2021-08-20 20:00:00,2021-08-20 19:00:00,4,-6,7.500924e-05,179,2021-01-01
2021-08-20 20:00:00,2021-08-20 19:00:00,5,-4,7.465983e-05,180,2021-01-01
2021-08-20 20:00:00,2021-08-20 19:00:00,3,-3,7.4169635e-05,181,2021-01-01
2021-08-20 20:00:00,2021-08-20 19:00:00,10,-1,7.299707e-05,182,2021-01-01
2021-08-20 20:00:00,2021-08-20 19:00:00,-10,8,6.925346e-05,183,2021-01-01
2021-08-20 20:00:00,2021-08-20 19:00:00,-10,10,6.522713e-05,184,2021-01-01
2021-08-20 20:00:00,2021-08-20 19:00:00,-8,6,5.2787804e-05,185,2021-01-01
2021-08-20 20:00:00,2021-08-20 19:00:00,-9,6,4.6367448e-05,186,2021-01-01
2021-08-31 21:00:00,2021-08-31 20:00:00,0,12,0.4712434,1,2021-01-01
2021-08-31 21:00:00,2021-08-31 20:00:00,1,0,0.18966019,2,2021-01-01
2021-08-31 21:00:00,2021-08-31 20:00:00,0,0,0.122967005,3,2021-01-01
2021-08-31 21:00:00,2021-08-31 20:00:00,6,-4,0.08202822,4,2021-01-01
2021-08-31 21:00:00,2021-08-31 20:00:00,0,-1,0.07782281,5,2021-01-01
2021-08-31 21:00:00,2021-08-31 20:00:00,-1,0,0.06334412,6,2021-01-01
2021-08-31 21:00:00,2021-08-31 20:00:00,-2,-3,0.05230388,7,2021-01-01
2021-08-31 21:00:00,2021-08-31 20:00:00,-4,-2,0.048090067,8,2021-01-01
2021-08-31 21:00:00,2021-08-31 20:00:00,-1,-1,0.0476841,9,2021-01-01
2021-08-31 21:00:00,2021-08-31 20:00:00,2,0,0.04232947,10,2021-01-01
2021-08-31 21:00:00,2021-08-31 20:00:00,-2,-4,0.04218659,11,2021-01-01
2021-08-31 21:00:00,2021-08-31 20:00:00,-3,-4,0.04141443,12,2021-01-01
2021-08-31 21:00:00,2021-08-31 20:00:00,-2,0,0.029369721,13,2021-01-01
2021-08-31 21:00:00,2021-08-31 20:00:00,-2,-1,0.02568193,14,2021-01-01
2021-08-31 21:00:00,2021-08-31 20:00:00,-5,1,0.024815932,15,2021-01-01
2021-08-31 21:00:00,2021-08-31 20:00:00,-4,-3,0.022338884,16,2021-01-01
2021-08-31 21:00:00,2021-08-31 20:00:00,-5,-1,0.018680746,17,2021-01-01
2021-08-31 21:00:00,2021-08-31 20:00:00,2,1,0.016923834,18,2021-01-01
2021-08-31 21:00:00,2021-08-31 20:00:00,-2,-2,0.016037593,19,2021-01-01
2021-08-31 21:00:00,2021-08-31 20:00:00,1,-1,0.015378202,20,2021-01-01
2021-08-31 21:00:00,2021-08-31 20:00:00,2,-1,0.014731318,21,2021-01-01
2021-08-31 21:00:00,2021-08-31 20:00:00,-4,4,0.013296906,22,2021-01-01
2021-08-31 21:00:00,2021-08-31 20:00:00,-5,2,0.012446333,23,2021-01-01
2021-08-31 21:00:00,2021-08-31 20:00:00,-3,0,0.012053031,24,2021-01-01
2021-08-31 21:00:00,2021-08-31 20:00:00,-3,-3,0.010792829,25,2021-01-01
2021-08-31 21:00:00,2021-08-31 20:00:00,-4,0,0.010696079,26,2021-01-01
2021-08-31 21:00:00,2021-08-31 20:00:00,-4,-1,0.010331757,27,2021-01-01
2021-08-31 21:00:00,2021-08-31 20:00:00,-5,-2,0.00790547,28,2021-01-01
2021-08-31 21:00:00,2021-08-31 20:00:00,7,11,0.006606991,29,2021-01-01
2021-08-31 21:00:00,2021-08-31 20:00:00,0,-2,0.0064265984,30,2021-01-01
2021-08-31 21:00:00,2021-08-31 20:00:00,0,17,0.0059488826,31,2021-01-01
2021-08-31 21:00:00,2021-08-31 20:00:00,1,2,0.0054483954,32,2021-01-01
2021-08-31 21:00:00,2021-08-31 20:00:00,-5,11,0.004125674,33,2021-01-01
2021-08-31 21:00:00,2021-08-31 20:00:00,-9,-5,0.0037661297,34,2021-01-01
2021-08-31 21:00:00,2021-08-31 20:00:00,7,4,0.0037383288,35,2021-01-01
2021-08-31 21:00:00,2021-08-31 20:00:00,6,-3,0.0028820292,36,2021-01-01
2021-08-31 21:00:00,2021-08-31 20:00:00,-1,-2,0.0026953053,37,2021-01-01
2021-08-31 21:00:00,2021-08-31 20:00:00,-3,13,0.0026776337,38,2021-01-01
2021-08-31 21:00:00,2021-08-31 20:00:00,-3,1,0.0021951494,39,2021-01-01
2021-08-31 21:00:00,2021-08-31 20:00:00,-1,-3,0.002098499,40,2021-01-01
2021-08-31 21:00:00,2021-08-31 20:00:00,5,-1,0.0020758598,41,2021-01-01
2021-08-31 21:00:00,2021-08-31 20:00:00,-3,-1,0.002070899,42,2021-01-01
2021-08-31 21:00:00,2021-08-31 20:00:00,-3,-2,0.0016393126,43,2021-01-01
2021-08-31 21:00:00,2021-08-31 20:00:00,1,19,0.0013462236,44,2021-01-01
2021-08-31 21:00:00,2021-08-31 20:00:00,-5,-3,0.0011938742,45,2021-01-01
2021-08-31 21:00:00,2021-08-31 20:00:00,-3,15,0.0011665114,46,2021-01-01
2021-08-31 21:00:00,2021-08-31 20:00:00,0,9,0.0011510433,47,2021-01-01
2021-08-31 21:00:00,2021-08-31 20:00:00,-3,9,0.0010601504,48,2021-01-01
2021-08-31 21:00:00,2021-08-31 20:00:00,2,8,0.0010040207,49,2021-01-01
2021-08-31 21:00:00,2021-08-31 20:00:00,6,11,0.00095837115,50,2021-01-01
2021-08-31 21:00:00,2021-08-31 20:00:00,0,-3,0.00092202023,51,2021-01-01
2021-08-31 21:00:00,2021-08-31 20:00:00,-4,5,0.00088921026,52,2021-01-01
2021-08-31 21:00:00,2021-08-31 20:00:00,-1,11,0.0008059267,53,2021-01-01
2021-08-31 21:00:00,2021-08-31 20:00:00,1,6,0.0007938559,54,2021-01-01
2021-08-31 21:00:00,2021-08-31 20:00:00,-2,11,0.0007709561,55,2021-01-01
2021-08-31 21:00:00,2021-08-31 20:00:00,8,-3,0.0007476898,56,2021-01-01
2021-08-31 21:00:00,2021-08-31 20:00:00,-5,-5,0.0007466202,57,2021-01-01
2021-08-31 21:00:00,2021-08-31 20:00:00,-6,-3,0.00072663306,58,2021-01-01
2021-08-31 21:00:00,2021-08-31 20:00:00,2,9,0.000714232,59,2021-01-01
2021-08-31 21:00:00,2021-08-31 20:00:00,-2,8,0.0006989624,60,2021-01-01
2021-08-31 21:00:00,2021-08-31 20:00:00,0,8,0.0006941403,61,2021-01-01
2021-08-31 21:00:00,2021-08-31 20:00:00,6,3,0.0006729772,62,2021-01-01
2021-08-31 21:00:00,2021-08-31 20:00:00,1,-2,0.000669647,63,2021-01-01
2021-08-31 21:00:00,2021-08-31 20:00:00,2,-2,0.0006616485,64,2021-01-01
2021-08-31 21:00:00,2021-08-31 20:00:00,0,1,0.0006557586,65,2021-01-01
2021-08-31 21:00:00,2021-08-31 20:00:00,2,20,0.00065461366,66,2021-01-01
2021-08-31 21:00:00,2021-08-31 20:00:00,-6,1,0.00063063635,67,2021-01-01
2021-08-31 21:00:00,2021-08-31 20:00:00,-1,-4,0.0006281039,68,2021-01-01
2021-08-31 21:00:00,2021-08-31 20:00:00,-5,0,0.0005984509,69,2021-01-01
2021-08-31 21:00:00,2021-08-31 20:00:00,1,8,0.0005958522,70,2021-01-01
2021-08-31 21:00:00,2021-08-31 20:00:00,-2,13,0.0005861854,71,2021-01-01
2021-08-31 21:00:00,2021-08-31 20:00:00,-4,3,0.0005115808,72,2021-01-01
2021-08-31 21:00:00,2021-08-31 20:00:00,-4,12,0.00051061594,73,2021-01-01
2021-08-31 21:00:00,2021-08-31 20:00:00,4,1,0.0005044805,74,2021-01-01
2021-08-31 21:00:00,2021-08-31 20:00:00,9,-2,0.0004896416,75,2021-01-01
2021-08-31 21:00:00,2021-08-31 20:00:00,4,-1,0.00048144753,76,2021-01-01
2021-08-31 21:00:00,2021-08-31 20:00:00,7,-4,0.00047912836,77,2021-01-01
2021-08-31 21:00:00,2021-08-31 20:00:00,6,6,0.00047713632,78,2021-01-01
2021-08-31 21:00:00,2021-08-31 20:00:00,1,5,0.0004751991,79,2021-01-01
2021-08-31 21:00:00,2021-08-31 20:00:00,7,-5,0.00047508543,80,2021-01-01
2021-08-31 21:00:00,2021-08-31 20:00:00,4,-4,0.00046024573,81,2021-01-01
2021-08-31 21:00:00,2021-08-31 20:00:00,2,-3,0.00044514422,82,2021-01-01
2021-08-31 21:00:00,2021-08-31 20:00:00,-1,1,0.00043906397,83,2021-01-01
2021-08-31 21:00:00,2021-08-31 20:00:00,0,14,0.00041990948,84,2021-01-01
2021-08-31 21:00:00,2021-08-31 20:00:00,-7,1,0.00038322536,85,2021-01-01
2021-08-31 21:00:00,2021-08-31 20:00:00,-7,-1,0.0003801683,86,2021-01-01
2021-08-31 21:00:00,2021-08-31 20:00:00,8,-4,0.00037597344,87,2021-01-01
2021-08-31 21:00:00,2021-08-31 20:00:00,3,17,0.0003709606,88,2021-01-01
2021-08-31 21:00:00,2021-08-31 20:00:00,-1,13,0.0003680916,89,2021-01-01
2021-08-31 21:00:00,2021-08-31 20:00:00,0,13,0.00036661886,90,2021-01-01
2021-08-31 21:00:00,2021-08-31 20:00:00,-2,16,0.00036491454,91,2021-01-01
2021-08-31 21:00:00,2021-08-31 20:00:00,-1,18,0.0003607783,92,2021-01-01
2021-08-31 21:00:00,2021-08-31 20:00:00,1,20,0.00036033813,93,2021-01-01
2021-08-31 21:00:00,2021-08-31 20:00:00,0,19,0.00035651834,94,2021-01-01
2021-08-31 21:00:00,2021-08-31 20:00:00,0,11,0.000352327,95,2021-01-01
2021-08-31 21:00:00,2021-08-31 20:00:00,-1,16,0.000351613,96,2021-01-01
2021-08-31 21:00:00,2021-08-31 20:00:00,-4,19,0.00034757043,97,2021-01-01
2021-08-31 21:00:00,2021-08-31 20:00:00,5,3,0.00034687622,98,2021-01-01
2021-08-31 21:00:00,2021-08-31 20:00:00,0,18,0.00034191422,99,2021-01-01
2021-08-31 21:00:00,2021-08-31 20:00:00,-3,14,0.00033535482,100,2021-01-01
2021-08-31 21:00:00,2021-08-31 20:00:00,-1,15,0.00032881394,101,2021-01-01
2021-08-31 21:00:00,2021-08-31 20:00:00,-3,18,0.00032177794,102,2021-01-01
2021-08-31 21:00:00,2021-08-31 20:00:00,-2,15,0.00032138,103,2021-01-01
2021-08-31 21:00:00,2021-08-31 20:00:00,-4,17,0.00031656478,104,2021-01-01
2021-08-31 21:00:00,2021-08-31 20:00:00,-3,12,0.00031540505,105,2021-01-01
2021-08-31 21:00:00,2021-08-31 20:00:00,-2,10,0.00031445615,106,2021-01-01
2021-08-31 21:00:00,2021-08-31 20:00:00,-4,10,0.00031266865,107,2021-01-01
2021-08-31 21:00:00,2021-08-31 20:00:00,4,14,0.00030674067,108,2021-01-01
2021-08-31 21:00:00,2021-08-31 20:00:00,-2,9,0.00030596324,109,2021-01-01
2021-08-31 21:00:00,2021-08-31 20:00:00,-1,9,0.00030363863,110,2021-01-01
2021-08-31 21:00:00,2021-08-31 20:00:00,2,7,0.00029910263,111,2021-01-01
2021-08-31 21:00:00,2021-08-31 20:00:00,1,9,0.00029908237,112,2021-01-01
2021-08-31 21:00:00,2021-08-31 20:00:00,-3,8,0.0002980088,113,2021-01-01
2021-08-31 21:00:00,2021-08-31 20:00:00,-1,8,0.00029532143,114,2021-01-01
2021-08-31 21:00:00,2021-08-31 20:00:00,1,11,0.00029378184,115,2021-01-01
2021-08-31 21:00:00,2021-08-31 20:00:00,-3,11,0.00028457664,116,2021-01-01
2021-08-31 21:00:00,2021-08-31 20:00:00,-5,15,0.0002779585,117,2021-01-01
2021-08-31 21:00:00,2021-08-31 20:00:00,6,5,0.0002739932,118,2021-01-01
2021-08-31 21:00:00,2021-08-31 20:00:00,-4,-5,0.00027372089,119,2021-01-01
2021-08-31 21:00:00,2021-08-31 20:00:00,-6,15,0.0002727174,120,2021-01-01
2021-08-31 21:00:00,2021-08-31 20:00:00,-6,4,0.00027243575,121,2021-01-01
2021-08-31 21:00:00,2021-08-31 20:00:00,-6,-2,0.00027009827,122,2021-01-01
2021-08-31 21:00:00,2021-08-31 20:00:00,-4,2,0.0002667467,123,2021-01-01
2021-08-31 21:00:00,2021-08-31 20:00:00,-5,4,0.00026231215,124,2021-01-01
2021-08-31 21:00:00,2021-08-31 20:00:00,-5,9,0.000257295,125,2021-01-01
2021-08-31 21:00:00,2021-08-31 20:00:00,-10,8,0.00025402848,126,2021-01-01
2021-08-31 21:00:00,2021-08-31 20:00:00,-1,-7,0.0002535686,127,2021-01-01
2021-08-31 21:00:00,2021-08-31 20:00:00,10,3,0.00025287413,128,2021-01-01
2021-08-31 21:00:00,2021-08-31 20:00:00,-3,7,0.00025186155,129,2021-01-01
2021-08-31 21:00:00,2021-08-31 20:00:00,-1,7,0.0002495414,130,2021-01-01
2021-08-31 21:00:00,2021-08-31 20:00:00,-5,-4,0.00024705532,131,2021-01-01
2021-08-31 21:00:00,2021-08-31 20:00:00,10,5,0.00024266918,132,2021-01-01
2021-08-31 21:00:00,2021-08-31 20:00:00,-4,8,0.00024140756,133,2021-01-01
2021-08-31 21:00:00,2021-08-31 20:00:00,-1,6,0.00024136553,134,2021-01-01
2021-08-31 21:00:00,2021-08-31 20:00:00,-5,10,0.0002401651,135,2021-01-01
2021-08-31 21:00:00,2021-08-31 20:00:00,-4,-4,0.00023916604,136,2021-01-01
2021-08-31 21:00:00,2021-08-31 20:00:00,-1,5,0.00023830922,137,2021-01-01
2021-08-31 21:00:00,2021-08-31 20:00:00,-6,8,0.00023740796,138,2021-01-01
2021-08-31 21:00:00,2021-08-31 20:00:00,-2,3,0.00023649925,139,2021-01-01
2021-08-31 21:00:00,2021-08-31 20:00:00,-10,10,0.00023330895,140,2021-01-01
2021-08-31 21:00:00,2021-08-31 20:00:00,-3,2,0.00023222646,141,2021-01-01
2021-08-31 21:00:00,2021-08-31 20:00:00,-1,3,0.00023075352,142,2021-01-01
2021-08-31 21:00:00,2021-08-31 20:00:00,9,3,0.00022969795,143,2021-01-01
2021-08-31 21:00:00,2021-08-31 20:00:00,1,-7,0.00022860407,144,2021-01-01
2021-08-31 21:00:00,2021-08-31 20:00:00,2,-7,0.00022860407,145,2021-01-01
2021-08-31 21:00:00,2021-08-31 20:00:00,0,5,0.00022788579,146,2021-01-01
2021-08-31 21:00:00,2021-08-31 20:00:00,10,-1,0.00022768536,147,2021-01-01
2021-08-31 21:00:00,2021-08-31 20:00:00,-9,6,0.00022286818,148,2021-01-01
2021-08-31 21:00:00,2021-08-31 20:00:00,4,-6,0.00022160796,149,2021-01-01
2021-08-31 21:00:00,2021-08-31 20:00:00,-1,-6,0.00021860661,150,2021-01-01
2021-08-31 21:00:00,2021-08-31 20:00:00,-1,2,0.00021779972,151,2021-01-01
2021-08-31 21:00:00,2021-08-31 20:00:00,9,0,0.00021500666,152,2021-01-01
2021-08-31 21:00:00,2021-08-31 20:00:00,5,2,0.00021386558,153,2021-01-01
2021-08-31 21:00:00,2021-08-31 20:00:00,7,-1,0.00021384573,154,2021-01-01
2021-08-31 21:00:00,2021-08-31 20:00:00,7,1,0.00021376996,155,2021-01-01
2021-08-31 21:00:00,2021-08-31 20:00:00,0,-6,0.00021312186,156,2021-01-01
2021-08-31 21:00:00,2021-08-31 20:00:00,5,-2,0.00021305576,157,2021-01-01
2021-08-31 21:00:00,2021-08-31 20:00:00,3,1,0.0002122613,158,2021-01-01
2021-08-31 21:00:00,2021-08-31 20:00:00,2,-6,0.00021212589,159,2021-01-01
2021-08-31 21:00:00,2021-08-31 20:00:00,8,0,0.0002118321,160,2021-01-01
2021-08-31 21:00:00,2021-08-31 20:00:00,5,-4,0.0002114271,161,2021-01-01
2021-08-31 21:00:00,2021-08-31 20:00:00,5,-3,0.0002114271,162,2021-01-01
2021-08-31 21:00:00,2021-08-31 20:00:00,10,0,0.00021042857,163,2021-01-01
2021-08-31 21:00:00,2021-08-31 20:00:00,1,1,0.00020869686,164,2021-01-01
2021-08-31 21:00:00,2021-08-31 20:00:00,8,-1,0.00020619364,165,2021-01-01
2021-08-31 21:00:00,2021-08-31 20:00:00,3,-1,0.00020535849,166,2021-01-01
2021-08-31 21:00:00,2021-08-31 20:00:00,-2,-5,0.00020379259,167,2021-01-01
2021-08-31 21:00:00,2021-08-31 20:00:00,3,0,0.00020360098,168,2021-01-01
2021-08-31 21:00:00,2021-08-31 20:00:00,8,1,0.00020264067,169,2021-01-01
2021-08-31 21:00:00,2021-08-31 20:00:00,3,-2,0.00020133685,170,2021-01-01
2021-08-31 21:00:00,2021-08-31 20:00:00,-8,6,0.00019895809,171,2021-01-01
2021-08-31 21:00:00,2021-08-31 20:00:00,1,-3,0.00019799716,172,2021-01-01
2021-08-31 21:00:00,2021-08-31 20:00:00,9,2,0.0001970601,173,2021-01-01
2021-08-31 21:00:00,2021-08-31 20:00:00,0,-5,0.00019672798,174,2021-01-01
2021-08-31 21:00:00,2021-08-31 20:00:00,1,-5,0.00019624124,175,2021-01-01
2021-08-31 21:00:00,2021-08-31 20:00:00,9,1,0.00019620328,176,2021-01-01
2021-08-31 21:00:00,2021-08-31 20:00:00,3,-3,0.00019514297,177,2021-01-01
2021-08-31 21:00:00,2021-08-31 20:00:00,-2,1,0.00018801501,178,2021-01-01
2021-08-31 21:00:00,2021-08-31 20:00:00,-9,-4,0.00018179907,179,2021-01-01
2021-08-31 21:00:00,2021-08-31 20:00:00,-11,-6,0.00017530617,180,2021-01-01
2021-08-31 21:00:00,2021-08-31 20:00:00,-9,0,0.00017482096,181,2021-01-01
2021-08-31 21:00:00,2021-08-31 20:00:00,-11,-5,0.00015946686,182,2021-01-01
2021-08-31 21:00:00,2021-08-31 20:00:00,-12,-5,0.00015628843,183,2021-01-01
2021-08-31 21:00:00,2021-08-31 20:00:00,-10,-4,0.00015427667,184,2021-01-01
2021-08-31 21:00:00,2021-08-31 20:00:00,-9,-1,0.00014370153,185,2021-01-01
2021-08-31 21:00:00,2021-08-31 20:00:00,-10,-3,7.906538e-05,186,2021-01-01
2021-08-31 22:00:00,2021-08-31 21:00:00,0,0,0.7815415,1,2021-01-01
2021-08-31 22:00:00,2021-08-31 21:00:00,0,-1,0.6604244,2,2021-01-01
2021-08-31 22:00:00,2021-08-31 21:00:00,-1,0,0.5507856,3,2021-01-01
2021-08-31 22:00:00,2021-08-31 21:00:00,0,12,0.455595,4,2021-01-01
2021-08-31 22:00:00,2021-08-31 21:00:00,1,0,0.41869545,5,2021-01-01
2021-08-31 22:00:00,2021-08-31 21:00:00,2,0,0.3415291,6,2021-01-01
2021-08-31 22:00:00,2021-08-31 21:00:00,-3,-4,0.3371655,7,2021-01-01
2021-08-31 22:00:00,2021-08-31 21:00:00,-2,-3,0.33338332,8,2021-01-01
2021-08-31 22:00:00,2021-08-31 21:00:00,-4,-2,0.23258269,9,2021-01-01
2021-08-31 22:00:00,2021-08-31 21:00:00,-4,-3,0.16592892,10,2021-01-01
2021-08-31 22:00:00,2021-08-31 21:00:00,-1,-1,0.16127902,11,2021-01-01
2021-08-31 22:00:00,2021-08-31 21:00:00,-2,0,0.15955043,12,2021-01-01
2021-08-31 22:00:00,2021-08-31 21:00:00,-2,-4,0.15381956,13,2021-01-01
2021-08-31 22:00:00,2021-08-31 21:00:00,-2,-1,0.14141138,14,2021-01-01
2021-08-31 22:00:00,2021-08-31 21:00:00,-2,-2,0.10973971,15,2021-01-01
2021-08-31 22:00:00,2021-08-31 21:00:00,1,-1,0.073969804,16,2021-01-01
2021-08-31 22:00:00,2021-08-31 21:00:00,-3,-3,0.059079695,17,2021-01-01
2021-08-31 22:00:00,2021-08-31 21:00:00,2,1,0.0518457,18,2021-01-01
2021-08-31 22:00:00,2021-08-31 21:00:00,6,-4,0.04845391,19,2021-01-01
2021-08-31 22:00:00,2021-08-31 21:00:00,2,-1,0.04073253,20,2021-01-01
2021-08-31 22:00:00,2021-08-31 21:00:00,-3,0,0.037447337,21,2021-01-01
2021-08-31 22:00:00,2021-08-31 21:00:00,-4,-1,0.034733623,22,2021-01-01
2021-08-31 22:00:00,2021-08-31 21:00:00,-4,0,0.023469718,23,2021-01-01
2021-08-31 22:00:00,2021-08-31 21:00:00,-5,1,0.02224768,24,2021-01-01
2021-08-31 22:00:00,2021-08-31 21:00:00,0,-2,0.019422492,25,2021-01-01
2021-08-31 22:00:00,2021-08-31 21:00:00,-5,-1,0.014349323,26,2021-01-01
2021-08-31 22:00:00,2021-08-31 21:00:00,1,2,0.013435674,27,2021-01-01
2021-08-31 22:00:00,2021-08-31 21:00:00,-4,4,0.010121793,28,2021-01-01
2021-08-31 22:00:00,2021-08-31 21:00:00,-5,2,0.0086198775,29,2021-01-01
2021-08-31 22:00:00,2021-08-31 21:00:00,-9,-5,0.0062756315,30,2021-01-01
2021-08-31 22:00:00,2021-08-31 21:00:00,7,4,0.0047140033,31,2021-01-01
2021-08-31 22:00:00,2021-08-31 21:00:00,-1,-3,0.0040652403,32,2021-01-01
2021-08-31 22:00:00,2021-08-31 21:00:00,-5,-2,0.0034221604,33,2021-01-01
2021-08-31 22:00:00,2021-08-31 21:00:00,5,-1,0.003415439,34,2021-01-01
2021-08-31 22:00:00,2021-08-31 21:00:00,-1,-2,0.0026842512,35,2021-01-01
2021-08-31 22:00:00,2021-08-31 21:00:00,-3,-1,0.0026704918,36,2021-01-01
2021-08-31 22:00:00,2021-08-31 21:00:00,-3,1,0.0025100985,37,2021-01-01
2021-08-31 22:00:00,2021-08-31 21:00:00,7,11,0.0024376377,38,2021-01-01
2021-08-31 22:00:00,2021-08-31 21:00:00,0,17,0.0019116363,39,2021-01-01
2021-08-31 22:00:00,2021-08-31 21:00:00,-3,-2,0.0018991331,40,2021-01-01
2021-08-31 22:00:00,2021-08-31 21:00:00,-3,13,0.0013991537,41,2021-01-01
2021-08-31 22:00:00,2021-08-31 21:00:00,-5,11,0.001326502,42,2021-01-01
2021-08-31 22:00:00,2021-08-31 21:00:00,-5,-3,0.0012234141,43,2021-01-01
2021-08-31 22:00:00,2021-08-31 21:00:00,0,-3,0.0011532452,44,2021-01-01
2021-08-31 22:00:00,2021-08-31 21:00:00,6,-3,0.0010328062,45,2021-01-01
2021-08-31 22:00:00,2021-08-31 21:00:00,0,1,0.0007517358,46,2021-01-01
2021-08-31 22:00:00,2021-08-31 21:00:00,2,8,0.0006745726,47,2021-01-01
2021-08-31 22:00:00,2021-08-31 21:00:00,1,5,0.0005983359,48,2021-01-01
2021-08-31 22:00:00,2021-08-31 21:00:00,-1,1,0.0005765084,49,2021-01-01
2021-08-31 22:00:00,2021-08-31 21:00:00,-5,0,0.0005610082,50,2021-01-01
2021-08-31 22:00:00,2021-08-31 21:00:00,-2,11,0.00053963345,51,2021-01-01
2021-08-31 22:00:00,2021-08-31 21:00:00,4,-1,0.0005239832,52,2021-01-01
2021-08-31 22:00:00,2021-08-31 21:00:00,8,-3,0.0004970177,53,2021-01-01
2021-08-31 22:00:00,2021-08-31 21:00:00,-1,-4,0.000489655,54,2021-01-01
2021-08-31 22:00:00,2021-08-31 21:00:00,1,19,0.0004887019,55,2021-01-01
2021-08-31 22:00:00,2021-08-31 21:00:00,0,8,0.00048409658,56,2021-01-01
2021-08-31 22:00:00,2021-08-31 21:00:00,-4,5,0.00046133387,57,2021-01-01
2021-08-31 22:00:00,2021-08-31 21:00:00,0,9,0.00044726787,58,2021-01-01
2021-08-31 22:00:00,2021-08-31 21:00:00,6,3,0.00044646382,59,2021-01-01
2021-08-31 22:00:00,2021-08-31 21:00:00,2,-3,0.00043702862,60,2021-01-01
2021-08-31 22:00:00,2021-08-31 21:00:00,1,6,0.00043474426,61,2021-01-01
2021-08-31 22:00:00,2021-08-31 21:00:00,1,-2,0.0004083314,62,2021-01-01
2021-08-31 22:00:00,2021-08-31 21:00:00,-3,9,0.00040652088,63,2021-01-01
2021-08-31 22:00:00,2021-08-31 21:00:00,-3,15,0.00037979925,64,2021-01-01
2021-08-31 22:00:00,2021-08-31 21:00:00,4,1,0.000355166,65,2021-01-01
2021-08-31 22:00:00,2021-08-31 21:00:00,6,11,0.00034112833,66,2021-01-01
2021-08-31 22:00:00,2021-08-31 21:00:00,1,8,0.0003368801,67,2021-01-01
2021-08-31 22:00:00,2021-08-31 21:00:00,2,20,0.00032544174,68,2021-01-01
2021-08-31 22:00:00,2021-08-31 21:00:00,5,3,0.00031735725,69,2021-01-01
2021-08-31 22:00:00,2021-08-31 21:00:00,2,-2,0.00031682465,70,2021-01-01
2021-08-31 22:00:00,2021-08-31 21:00:00,-2,8,0.00030953615,71,2021-01-01
2021-08-31 22:00:00,2021-08-31 21:00:00,-1,11,0.0002904009,72,2021-01-01
2021-08-31 22:00:00,2021-08-31 21:00:00,-2,13,0.00028813357,73,2021-01-01
2021-08-31 22:00:00,2021-08-31 21:00:00,-6,-3,0.00028418336,74,2021-01-01
2021-08-31 22:00:00,2021-08-31 21:00:00,3,1,0.0002704279,75,2021-01-01
2021-08-31 22:00:00,2021-08-31 21:00:00,7,-1,0.0002667003,76,2021-01-01
2021-08-31 22:00:00,2021-08-31 21:00:00,6,6,0.00026363845,77,2021-01-01
2021-08-31 22:00:00,2021-08-31 21:00:00,-5,-5,0.00026016592,78,2021-01-01
2021-08-31 22:00:00,2021-08-31 21:00:00,2,9,0.00025851474,79,2021-01-01
2021-08-31 22:00:00,2021-08-31 21:00:00,1,-7,0.00025514574,80,2021-01-01
2021-08-31 22:00:00,2021-08-31 21:00:00,8,1,0.00024929483,81,2021-01-01
2021-08-31 22:00:00,2021-08-31 21:00:00,0,-6,0.00024369343,82,2021-01-01
2021-08-31 22:00:00,2021-08-31 21:00:00,7,1,0.00023380264,83,2021-01-01
2021-08-31 22:00:00,2021-08-31 21:00:00,-11,-5,0.00022526784,84,2021-01-01
2021-08-31 22:00:00,2021-08-31 21:00:00,-6,1,0.00021878265,85,2021-01-01
2021-08-31 22:00:00,2021-08-31 21:00:00,3,-1,0.00021811076,86,2021-01-01
2021-08-31 22:00:00,2021-08-31 21:00:00,3,0,0.00021724055,87,2021-01-01
2021-08-31 22:00:00,2021-08-31 21:00:00,-4,12,0.00021389678,88,2021-01-01
2021-08-31 22:00:00,2021-08-31 21:00:00,-1,-6,0.00021213386,89,2021-01-01
2021-08-31 22:00:00,2021-08-31 21:00:00,-11,-6,0.00020841719,90,2021-01-01
2021-08-31 22:00:00,2021-08-31 21:00:00,5,2,0.00019985804,91,2021-01-01
2021-08-31 22:00:00,2021-08-31 21:00:00,10,3,0.00019440416,92,2021-01-01
2021-08-31 22:00:00,2021-08-31 21:00:00,9,-2,0.00019004138,93,2021-01-01
2021-08-31 22:00:00,2021-08-31 21:00:00,9,3,0.00018563047,94,2021-01-01
2021-08-31 22:00:00,2021-08-31 21:00:00,8,0,0.00017904532,95,2021-01-01
2021-08-31 22:00:00,2021-08-31 21:00:00,-4,10,0.00017887494,96,2021-01-01
2021-08-31 22:00:00,2021-08-31 21:00:00,10,5,0.00017780076,97,2021-01-01
2021-08-31 22:00:00,2021-08-31 21:00:00,-9,0,0.00017528607,98,2021-01-01
2021-08-31 22:00:00,2021-08-31 21:00:00,6,5,0.00017490967,99,2021-01-01
2021-08-31 22:00:00,2021-08-31 21:00:00,-9,-4,0.00016698963,100,2021-01-01
2021-08-31 22:00:00,2021-08-31 21:00:00,-4,-4,0.0001603351,101,2021-01-01
2021-08-31 22:00:00,2021-08-31 21:00:00,-1,8,0.00015792775,102,2021-01-01
2021-08-31 22:00:00,2021-08-31 21:00:00,-1,7,0.00015696448,103,2021-01-01
2021-08-31 22:00:00,2021-08-31 21:00:00,2,7,0.00015633226,104,2021-01-01
2021-08-31 22:00:00,2021-08-31 21:00:00,-1,-7,0.00015609663,105,2021-01-01
2021-08-31 22:00:00,2021-08-31 21:00:00,-6,4,0.00015479892,106,2021-01-01
2021-08-31 22:00:00,2021-08-31 21:00:00,-7,-1,0.00015449613,107,2021-01-01
2021-08-31 22:00:00,2021-08-31 21:00:00,-9,6,0.00015409659,108,2021-01-01
2021-08-31 22:00:00,2021-08-31 21:00:00,-4,3,0.00015315077,109,2021-01-01
2021-08-31 22:00:00,2021-08-31 21:00:00,-6,-2,0.0001528341,110,2021-01-01
2021-08-31 22:00:00,2021-08-31 21:00:00,1,20,0.00015251766,111,2021-01-01
2021-08-31 22:00:00,2021-08-31 21:00:00,-1,6,0.0001519084,112,2021-01-01
2021-08-31 22:00:00,2021-08-31 21:00:00,-4,19,0.00015181141,113,2021-01-01
2021-08-31 22:00:00,2021-08-31 21:00:00,9,2,0.00015179091,114,2021-01-01
2021-08-31 22:00:00,2021-08-31 21:00:00,0,19,0.00014900703,115,2021-01-01
2021-08-31 22:00:00,2021-08-31 21:00:00,-2,9,0.00014853447,116,2021-01-01
2021-08-31 22:00:00,2021-08-31 21:00:00,0,5,0.00014826971,117,2021-01-01
2021-08-31 22:00:00,2021-08-31 21:00:00,0,18,0.00014792972,118,2021-01-01
2021-08-31 22:00:00,2021-08-31 21:00:00,-1,9,0.00014668195,119,2021-01-01
2021-08-31 22:00:00,2021-08-31 21:00:00,-1,18,0.00014581223,120,2021-01-01
2021-08-31 22:00:00,2021-08-31 21:00:00,-8,6,0.00014575232,121,2021-01-01
2021-08-31 22:00:00,2021-08-31 21:00:00,-9,-1,0.0001456824,122,2021-01-01
2021-08-31 22:00:00,2021-08-31 21:00:00,-1,5,0.00014561042,123,2021-01-01
2021-08-31 22:00:00,2021-08-31 21:00:00,-1,15,0.00014288128,124,2021-01-01
2021-08-31 22:00:00,2021-08-31 21:00:00,-2,15,0.00014241076,125,2021-01-01
2021-08-31 22:00:00,2021-08-31 21:00:00,-2,16,0.00014172382,126,2021-01-01
2021-08-31 22:00:00,2021-08-31 21:00:00,-12,-5,0.00014100573,127,2021-01-01
2021-08-31 22:00:00,2021-08-31 21:00:00,-1,16,0.0001409586,128,2021-01-01
2021-08-31 22:00:00,2021-08-31 21:00:00,-3,14,0.00013983485,129,2021-01-01
2021-08-31 22:00:00,2021-08-31 21:00:00,-5,4,0.00013963033,130,2021-01-01
2021-08-31 22:00:00,2021-08-31 21:00:00,-2,10,0.00013956032,131,2021-01-01
2021-08-31 22:00:00,2021-08-31 21:00:00,8,-4,0.00013862849,132,2021-01-01
2021-08-31 22:00:00,2021-08-31 21:00:00,-3,12,0.00013862397,133,2021-01-01
2021-08-31 22:00:00,2021-08-31 21:00:00,-10,-4,0.00013809535,134,2021-01-01
2021-08-31 22:00:00,2021-08-31 21:00:00,-3,7,0.00013750912,135,2021-01-01
2021-08-31 22:00:00,2021-08-31 21:00:00,1,9,0.00013699713,136,2021-01-01
2021-08-31 22:00:00,2021-08-31 21:00:00,-3,8,0.00013647407,137,2021-01-01
2021-08-31 22:00:00,2021-08-31 21:00:00,0,11,0.00013614094,138,2021-01-01
2021-08-31 22:00:00,2021-08-31 21:00:00,0,14,0.00013614094,139,2021-01-01
2021-08-31 22:00:00,2021-08-31 21:00:00,0,13,0.00013569745,140,2021-01-01
2021-08-31 22:00:00,2021-08-31 21:00:00,-4,-5,0.00013527695,141,2021-01-01
2021-08-31 22:00:00,2021-08-31 21:00:00,-10,10,0.00013473367,142,2021-01-01
2021-08-31 22:00:00,2021-08-31 21:00:00,-1,13,0.00013424226,143,2021-01-01
2021-08-31 22:00:00,2021-08-31 21:00:00,-3,18,0.00013418667,144,2021-01-01
2021-08-31 22:00:00,2021-08-31 21:00:00,-2,1,0.00013266229,145,2021-01-01
2021-08-31 22:00:00,2021-08-31 21:00:00,1,-3,0.00013069207,146,2021-01-01
2021-08-31 22:00:00,2021-08-31 21:00:00,7,-4,0.00012955537,147,2021-01-01
2021-08-31 22:00:00,2021-08-31 21:00:00,7,-5,0.0001270959,148,2021-01-01
2021-08-31 22:00:00,2021-08-31 21:00:00,-4,17,0.00012573438,149,2021-01-01
2021-08-31 22:00:00,2021-08-31 21:00:00,4,-4,0.00012430048,150,2021-01-01
2021-08-31 22:00:00,2021-08-31 21:00:00,-7,1,0.00012376597,151,2021-01-01
2021-08-31 22:00:00,2021-08-31 21:00:00,8,-1,0.00012362619,152,2021-01-01
2021-08-31 22:00:00,2021-08-31 21:00:00,9,0,0.00012313697,153,2021-01-01
2021-08-31 22:00:00,2021-08-31 21:00:00,-3,11,0.00012268993,154,2021-01-01
2021-08-31 22:00:00,2021-08-31 21:00:00,-5,-4,0.00012248254,155,2021-01-01
2021-08-31 22:00:00,2021-08-31 21:00:00,-3,2,0.00012230847,156,2021-01-01
2021-08-31 22:00:00,2021-08-31 21:00:00,1,11,0.00012091471,157,2021-01-01
2021-08-31 22:00:00,2021-08-31 21:00:00,9,1,0.00012082755,158,2021-01-01
2021-08-31 22:00:00,2021-08-31 21:00:00,-5,15,0.00012076484,159,2021-01-01
2021-08-31 22:00:00,2021-08-31 21:00:00,-1,3,0.000119856784,160,2021-01-01
2021-08-31 22:00:00,2021-08-31 21:00:00,1,1,0.00011933863,161,2021-01-01
2021-08-31 22:00:00,2021-08-31 21:00:00,3,17,0.00011811076,162,2021-01-01
2021-08-31 22:00:00,2021-08-31 21:00:00,-1,2,0.00011689842,163,2021-01-01
2021-08-31 22:00:00,2021-08-31 21:00:00,-2,-5,0.0001163409,164,2021-01-01
2021-08-31 22:00:00,2021-08-31 21:00:00,5,-2,0.00011078943,165,2021-01-01
2021-08-31 22:00:00,2021-08-31 21:00:00,-4,8,0.00011020908,166,2021-01-01
2021-08-31 22:00:00,2021-08-31 21:00:00,-10,8,0.0001065724,167,2021-01-01
2021-08-31 22:00:00,2021-08-31 21:00:00,-6,15,0.000104901475,168,2021-01-01
2021-08-31 22:00:00,2021-08-31 21:00:00,-6,8,0.000101936166,169,2021-01-01
2021-08-31 22:00:00,2021-08-31 21:00:00,4,14,0.00010132345,170,2021-01-01
2021-08-31 22:00:00,2021-08-31 21:00:00,3,-2,0.00010087314,171,2021-01-01
2021-08-31 22:00:00,2021-08-31 21:00:00,-5,10,9.7918644e-05,172,2021-01-01
2021-08-31 22:00:00,2021-08-31 21:00:00,-5,9,9.40077e-05,173,2021-01-01
2021-08-31 22:00:00,2021-08-31 21:00:00,10,0,7.8155885e-05,174,2021-01-01
2021-08-31 22:00:00,2021-08-31 21:00:00,10,-1,7.764997e-05,175,2021-01-01
2021-08-31 22:00:00,2021-08-31 21:00:00,-4,2,7.673728e-05,176,2021-01-01
2021-08-31 22:00:00,2021-08-31 21:00:00,-10,-3,7.637354e-05,177,2021-01-01
2021-08-31 22:00:00,2021-08-31 21:00:00,-2,3,7.571854e-05,178,2021-01-01
2021-08-31 22:00:00,2021-08-31 21:00:00,1,-5,7.0218775e-05,179,2021-01-01
2021-08-31 22:00:00,2021-08-31 21:00:00,0,-5,7.016962e-05,180,2021-01-01
2021-08-31 22:00:00,2021-08-31 21:00:00,2,-7,6.803107e-05,181,2021-01-01
2021-08-31 22:00:00,2021-08-31 21:00:00,4,-6,6.505024e-05,182,2021-01-01
2021-08-31 22:00:00,2021-08-31 21:00:00,5,-3,6.501501e-05,183,2021-01-01
2021-08-31 22:00:00,2021-08-31 21:00:00,2,-6,6.3649386e-05,184,2021-01-01
2021-08-31 22:00:00,2021-08-31 21:00:00,5,-4,6.107588e-05,185,2021-01-01
2021-08-31 22:00:00,2021-08-31 21:00:00,3,-3,5.9576178e-05,186,2021-01-01
2021-08-31 23:00:00,2021-08-31 22:00:00,0,-1,0.3886586,1,2021-01-01
2021-08-31 23:00:00,2021-08-31 22:00:00,0,0,0.32891977,2,2021-01-01
2021-08-31 23:00:00,2021-08-31 22:00:00,1,0,0.31255513,3,2021-01-01
2021-08-31 23:00:00,2021-08-31 22:00:00,-1,0,0.2567145,4,2021-01-01
2021-08-31 23:00:00,2021-08-31 22:00:00,0,12,0.20251746,5,2021-01-01
2021-08-31 23:00:00,2021-08-31 22:00:00,-2,-3,0.19794114,6,2021-01-01
2021-08-31 23:00:00,2021-08-31 22:00:00,-3,-4,0.14679758,7,2021-01-01
2021-08-31 23:00:00,2021-08-31 22:00:00,-2,-4,0.12596689,8,2021-01-01
2021-08-31 23:00:00,2021-08-31 22:00:00,-2,0,0.09590244,9,2021-01-01
2021-08-31 23:00:00,2021-08-31 22:00:00,-2,-2,0.06728222,10,2021-01-01
2021-08-31 23:00:00,2021-08-31 22:00:00,-1,-1,0.0625421,11,2021-01-01
2021-08-31 23:00:00,2021-08-31 22:00:00,-4,-2,0.048236847,12,2021-01-01
2021-08-31 23:00:00,2021-08-31 22:00:00,-4,-3,0.041931953,13,2021-01-01
2021-08-31 23:00:00,2021-08-31 22:00:00,6,-4,0.04060572,14,2021-01-01
2021-08-31 23:00:00,2021-08-31 22:00:00,-2,-1,0.039118517,15,2021-01-01
2021-08-31 23:00:00,2021-08-31 22:00:00,2,0,0.033732176,16,2021-01-01
2021-08-31 23:00:00,2021-08-31 22:00:00,1,-1,0.019283107,17,2021-01-01
2021-08-31 23:00:00,2021-08-31 22:00:00,-3,-3,0.017784473,18,2021-01-01
2021-08-31 23:00:00,2021-08-31 22:00:00,-5,1,0.017537115,19,2021-01-01
2021-08-31 23:00:00,2021-08-31 22:00:00,-5,-1,0.01122395,20,2021-01-01
2021-08-31 23:00:00,2021-08-31 22:00:00,-4,-1,0.010833536,21,2021-01-01
2021-08-31 23:00:00,2021-08-31 22:00:00,-3,0,0.009937666,22,2021-01-01
2021-08-31 23:00:00,2021-08-31 22:00:00,2,-1,0.009012927,23,2021-01-01
2021-08-31 23:00:00,2021-08-31 22:00:00,2,1,0.009010424,24,2021-01-01
2021-08-31 23:00:00,2021-08-31 22:00:00,-5,2,0.005500725,25,2021-01-01
2021-08-31 23:00:00,2021-08-31 22:00:00,-4,0,0.0051899715,26,2021-01-01
2021-08-31 23:00:00,2021-08-31 22:00:00,0,-2,0.00467075,27,2021-01-01
2021-08-31 23:00:00,2021-08-31 22:00:00,-4,4,0.004534108,28,2021-01-01
2021-08-31 23:00:00,2021-08-31 22:00:00,1,2,0.0030943255,29,2021-01-01
2021-08-31 23:00:00,2021-08-31 22:00:00,-5,-2,0.0019712942,30,2021-01-01
2021-08-31 23:00:00,2021-08-31 22:00:00,-9,-5,0.0015505863,31,2021-01-01
2021-08-31 23:00:00,2021-08-31 22:00:00,7,11,0.0012163047,32,2021-01-01
2021-08-31 23:00:00,2021-08-31 22:00:00,-1,-3,0.0011600392,33,2021-01-01
2021-08-31 23:00:00,2021-08-31 22:00:00,-1,-2,0.00088194927,34,2021-01-01
2021-08-31 23:00:00,2021-08-31 22:00:00,-5,11,0.0007758422,35,2021-01-01
2021-08-31 23:00:00,2021-08-31 22:00:00,-3,13,0.0007498224,36,2021-01-01
2021-08-31 23:00:00,2021-08-31 22:00:00,-3,1,0.0007307981,37,2021-01-01
2021-08-31 23:00:00,2021-08-31 22:00:00,6,-3,0.00072611327,38,2021-01-01
2021-08-31 23:00:00,2021-08-31 22:00:00,7,4,0.00066965655,39,2021-01-01
2021-08-31 23:00:00,2021-08-31 22:00:00,5,-1,0.00057096634,40,2021-01-01
2021-08-31 23:00:00,2021-08-31 22:00:00,-3,-1,0.0005566262,41,2021-01-01
2021-08-31 23:00:00,2021-08-31 22:00:00,-3,-2,0.000449214,42,2021-01-01
2021-08-31 23:00:00,2021-08-31 22:00:00,0,17,0.00035616042,43,2021-01-01
2021-08-31 23:00:00,2021-08-31 22:00:00,1,-2,0.00031226935,44,2021-01-01
2021-08-31 23:00:00,2021-08-31 22:00:00,-5,-3,0.0002943175,45,2021-01-01
2021-08-31 23:00:00,2021-08-31 22:00:00,-1,-4,0.00028152912,46,2021-01-01
2021-08-31 23:00:00,2021-08-31 22:00:00,-6,1,0.00027402779,47,2021-01-01
2021-08-31 23:00:00,2021-08-31 22:00:00,-4,5,0.0002739822,48,2021-01-01
2021-08-31 23:00:00,2021-08-31 22:00:00,-5,0,0.00027181927,49,2021-01-01
2021-08-31 23:00:00,2021-08-31 22:00:00,0,-3,0.00026462728,50,2021-01-01
2021-08-31 23:00:00,2021-08-31 22:00:00,0,1,0.0002094845,51,2021-01-01
2021-08-31 23:00:00,2021-08-31 22:00:00,-3,9,0.00020470162,52,2021-01-01
2021-08-31 23:00:00,2021-08-31 22:00:00,-3,15,0.00020117423,53,2021-01-01
2021-08-31 23:00:00,2021-08-31 22:00:00,2,-2,0.0001998187,54,2021-01-01
2021-08-31 23:00:00,2021-08-31 22:00:00,-4,3,0.00018542116,55,2021-01-01
2021-08-31 23:00:00,2021-08-31 22:00:00,-2,13,0.00018370994,56,2021-01-01
2021-08-31 23:00:00,2021-08-31 22:00:00,6,3,0.00018012202,57,2021-01-01
2021-08-31 23:00:00,2021-08-31 22:00:00,-4,12,0.00017828694,58,2021-01-01
2021-08-31 23:00:00,2021-08-31 22:00:00,-1,1,0.0001779953,59,2021-01-01
2021-08-31 23:00:00,2021-08-31 22:00:00,2,-3,0.00017263193,60,2021-01-01
2021-08-31 23:00:00,2021-08-31 22:00:00,6,11,0.00017159742,61,2021-01-01
2021-08-31 23:00:00,2021-08-31 22:00:00,1,6,0.00017054804,62,2021-01-01
2021-08-31 23:00:00,2021-08-31 22:00:00,5,3,0.0001593412,63,2021-01-01
2021-08-31 23:00:00,2021-08-31 22:00:00,8,-3,0.00015897419,64,2021-01-01
2021-08-31 23:00:00,2021-08-31 22:00:00,-2,11,0.0001556269,65,2021-01-01
2021-08-31 23:00:00,2021-08-31 22:00:00,0,9,0.00015279869,66,2021-01-01
2021-08-31 23:00:00,2021-08-31 22:00:00,-2,8,0.00015042872,67,2021-01-01
2021-08-31 23:00:00,2021-08-31 22:00:00,4,1,0.00013905524,68,2021-01-01
2021-08-31 23:00:00,2021-08-31 22:00:00,-6,-3,0.00013834753,69,2021-01-01
2021-08-31 23:00:00,2021-08-31 22:00:00,4,-4,0.00013816795,70,2021-01-01
2021-08-31 23:00:00,2021-08-31 22:00:00,4,-1,0.00013713438,71,2021-01-01
2021-08-31 23:00:00,2021-08-31 22:00:00,1,5,0.00013472815,72,2021-01-01
2021-08-31 23:00:00,2021-08-31 22:00:00,1,19,0.0001265725,73,2021-01-01
2021-08-31 23:00:00,2021-08-31 22:00:00,7,-4,0.00011924559,74,2021-01-01
2021-08-31 23:00:00,2021-08-31 22:00:00,9,-2,0.00011745534,75,2021-01-01
2021-08-31 23:00:00,2021-08-31 22:00:00,10,3,0.00010937674,76,2021-01-01
2021-08-31 23:00:00,2021-08-31 22:00:00,0,8,0.00010899612,77,2021-01-01
2021-08-31 23:00:00,2021-08-31 22:00:00,1,1,0.00010894018,78,2021-01-01
2021-08-31 23:00:00,2021-08-31 22:00:00,9,3,0.0001083152,79,2021-01-01
2021-08-31 23:00:00,2021-08-31 22:00:00,-5,-5,0.00010593628,80,2021-01-01
2021-08-31 23:00:00,2021-08-31 22:00:00,2,8,0.00010302904,81,2021-01-01
2021-08-31 23:00:00,2021-08-31 22:00:00,-4,-5,0.00010253344,82,2021-01-01
2021-08-31 23:00:00,2021-08-31 22:00:00,-4,2,9.9818666e-05,83,2021-01-01
2021-08-31 23:00:00,2021-08-31 22:00:00,-3,8,9.877938e-05,84,2021-01-01
2021-08-31 23:00:00,2021-08-31 22:00:00,-1,11,9.858909e-05,85,2021-01-01
2021-08-31 23:00:00,2021-08-31 22:00:00,-3,2,9.819591e-05,86,2021-01-01
2021-08-31 23:00:00,2021-08-31 22:00:00,-3,14,9.739234e-05,87,2021-01-01
2021-08-31 23:00:00,2021-08-31 22:00:00,-1,2,9.683606e-05,88,2021-01-01
2021-08-31 23:00:00,2021-08-31 22:00:00,1,8,9.681371e-05,89,2021-01-01
2021-08-31 23:00:00,2021-08-31 22:00:00,-2,9,9.647605e-05,90,2021-01-01
2021-08-31 23:00:00,2021-08-31 22:00:00,-2,10,9.647605e-05,91,2021-01-01
2021-08-31 23:00:00,2021-08-31 22:00:00,2,20,9.616781e-05,92,2021-01-01
2021-08-31 23:00:00,2021-08-31 22:00:00,-4,-4,9.587792e-05,93,2021-01-01
2021-08-31 23:00:00,2021-08-31 22:00:00,-2,15,9.482061e-05,94,2021-01-01
2021-08-31 23:00:00,2021-08-31 22:00:00,1,-3,9.457604e-05,95,2021-01-01
2021-08-31 23:00:00,2021-08-31 22:00:00,-3,12,9.444114e-05,96,2021-01-01
2021-08-31 23:00:00,2021-08-31 22:00:00,1,-5,9.43806e-05,97,2021-01-01
2021-08-31 23:00:00,2021-08-31 22:00:00,-2,16,9.4052026e-05,98,2021-01-01
2021-08-31 23:00:00,2021-08-31 22:00:00,-1,8,9.394765e-05,99,2021-01-01
2021-08-31 23:00:00,2021-08-31 22:00:00,-1,15,9.365859e-05,100,2021-01-01
2021-08-31 23:00:00,2021-08-31 22:00:00,-3,11,9.347556e-05,101,2021-01-01
2021-08-31 23:00:00,2021-08-31 22:00:00,-1,16,9.289e-05,102,2021-01-01
2021-08-31 23:00:00,2021-08-31 22:00:00,-4,10,9.2021015e-05,103,2021-01-01
2021-08-31 23:00:00,2021-08-31 22:00:00,-4,19,9.1989124e-05,104,2021-01-01
2021-08-31 23:00:00,2021-08-31 22:00:00,0,-5,9.160178e-05,105,2021-01-01
2021-08-31 23:00:00,2021-08-31 22:00:00,4,-6,9.15933e-05,106,2021-01-01
2021-08-31 23:00:00,2021-08-31 22:00:00,6,6,9.12107e-05,107,2021-01-01
2021-08-31 23:00:00,2021-08-31 22:00:00,-7,1,9.064408e-05,108,2021-01-01
2021-08-31 23:00:00,2021-08-31 22:00:00,-1,9,9.040305e-05,109,2021-01-01
2021-08-31 23:00:00,2021-08-31 22:00:00,1,-7,9.0162735e-05,110,2021-01-01
2021-08-31 23:00:00,2021-08-31 22:00:00,-2,-5,9.0023306e-05,111,2021-01-01
2021-08-31 23:00:00,2021-08-31 22:00:00,-1,-7,8.975004e-05,112,2021-01-01
2021-08-31 23:00:00,2021-08-31 22:00:00,-3,7,8.9568726e-05,113,2021-01-01
2021-08-31 23:00:00,2021-08-31 22:00:00,2,-7,8.946527e-05,114,2021-01-01
2021-08-31 23:00:00,2021-08-31 22:00:00,-6,4,8.9374604e-05,115,2021-01-01
2021-08-31 23:00:00,2021-08-31 22:00:00,-1,7,8.9133646e-05,116,2021-01-01
2021-08-31 23:00:00,2021-08-31 22:00:00,-11,-6,8.8890585e-05,117,2021-01-01
2021-08-31 23:00:00,2021-08-31 22:00:00,-1,6,8.881513e-05,118,2021-01-01
2021-08-31 23:00:00,2021-08-31 22:00:00,-7,-1,8.853933e-05,119,2021-01-01
2021-08-31 23:00:00,2021-08-31 22:00:00,2,-6,8.838098e-05,120,2021-01-01
2021-08-31 23:00:00,2021-08-31 22:00:00,7,1,8.8023204e-05,121,2021-01-01
2021-08-31 23:00:00,2021-08-31 22:00:00,8,1,8.8023204e-05,122,2021-01-01
2021-08-31 23:00:00,2021-08-31 22:00:00,-5,4,8.772896e-05,123,2021-01-01
2021-08-31 23:00:00,2021-08-31 22:00:00,7,-1,8.707167e-05,124,2021-01-01
2021-08-31 23:00:00,2021-08-31 22:00:00,8,0,8.707167e-05,125,2021-01-01
2021-08-31 23:00:00,2021-08-31 22:00:00,-1,-6,8.704319e-05,126,2021-01-01
2021-08-31 23:00:00,2021-08-31 22:00:00,-3,18,8.674542e-05,127,2021-01-01
2021-08-31 23:00:00,2021-08-31 22:00:00,-4,17,8.6711334e-05,128,2021-01-01
2021-08-31 23:00:00,2021-08-31 22:00:00,5,-3,8.670404e-05,129,2021-01-01
2021-08-31 23:00:00,2021-08-31 22:00:00,-5,15,8.602347e-05,130,2021-01-01
2021-08-31 23:00:00,2021-08-31 22:00:00,5,-4,8.6018124e-05,131,2021-01-01
2021-08-31 23:00:00,2021-08-31 22:00:00,0,-6,8.573969e-05,132,2021-01-01
2021-08-31 23:00:00,2021-08-31 22:00:00,-1,3,8.566369e-05,133,2021-01-01
2021-08-31 23:00:00,2021-08-31 22:00:00,3,-2,8.55786e-05,134,2021-01-01
2021-08-31 23:00:00,2021-08-31 22:00:00,3,-1,8.5548236e-05,135,2021-01-01
2021-08-31 23:00:00,2021-08-31 22:00:00,9,1,8.543391e-05,136,2021-01-01
2021-08-31 23:00:00,2021-08-31 22:00:00,-1,18,8.531453e-05,137,2021-01-01
2021-08-31 23:00:00,2021-08-31 22:00:00,-6,-2,8.528086e-05,138,2021-01-01
2021-08-31 23:00:00,2021-08-31 22:00:00,5,-2,8.515172e-05,139,2021-01-01
2021-08-31 23:00:00,2021-08-31 22:00:00,9,2,8.51237e-05,140,2021-01-01
2021-08-31 23:00:00,2021-08-31 22:00:00,8,-1,8.504469e-05,141,2021-01-01
2021-08-31 23:00:00,2021-08-31 22:00:00,9,0,8.490655e-05,142,2021-01-01
2021-08-31 23:00:00,2021-08-31 22:00:00,1,20,8.4826985e-05,143,2021-01-01
2021-08-31 23:00:00,2021-08-31 22:00:00,3,0,8.4606065e-05,144,2021-01-01
2021-08-31 23:00:00,2021-08-31 22:00:00,10,0,8.435486e-05,145,2021-01-01
2021-08-31 23:00:00,2021-08-31 22:00:00,0,19,8.4331936e-05,146,2021-01-01
2021-08-31 23:00:00,2021-08-31 22:00:00,-2,1,8.4275445e-05,147,2021-01-01
2021-08-31 23:00:00,2021-08-31 22:00:00,-4,8,8.4248655e-05,148,2021-01-01
2021-08-31 23:00:00,2021-08-31 22:00:00,0,18,8.423967e-05,149,2021-01-01
2021-08-31 23:00:00,2021-08-31 22:00:00,-2,3,8.4140505e-05,150,2021-01-01
2021-08-31 23:00:00,2021-08-31 22:00:00,5,2,8.398317e-05,151,2021-01-01
2021-08-31 23:00:00,2021-08-31 22:00:00,3,-3,8.386639e-05,152,2021-01-01
2021-08-31 23:00:00,2021-08-31 22:00:00,0,5,8.3866275e-05,153,2021-01-01
2021-08-31 23:00:00,2021-08-31 22:00:00,3,1,8.382261e-05,154,2021-01-01
2021-08-31 23:00:00,2021-08-31 22:00:00,-1,5,8.334307e-05,155,2021-01-01
2021-08-31 23:00:00,2021-08-31 22:00:00,2,9,8.259981e-05,156,2021-01-01
2021-08-31 23:00:00,2021-08-31 22:00:00,-6,15,7.940364e-05,157,2021-01-01
2021-08-31 23:00:00,2021-08-31 22:00:00,-5,9,7.811342e-05,158,2021-01-01
2021-08-31 23:00:00,2021-08-31 22:00:00,-5,-4,7.761797e-05,159,2021-01-01
2021-08-31 23:00:00,2021-08-31 22:00:00,-5,10,7.688673e-05,160,2021-01-01
2021-08-31 23:00:00,2021-08-31 22:00:00,8,-4,7.556058e-05,161,2021-01-01
2021-08-31 23:00:00,2021-08-31 22:00:00,10,-1,7.1038055e-05,162,2021-01-01
2021-08-31 23:00:00,2021-08-31 22:00:00,-10,8,6.887611e-05,163,2021-01-01
2021-08-31 23:00:00,2021-08-31 22:00:00,-6,8,6.886946e-05,164,2021-01-01
2021-08-31 23:00:00,2021-08-31 22:00:00,-9,6,6.53424e-05,165,2021-01-01
2021-08-31 23:00:00,2021-08-31 22:00:00,-9,-4,6.2987536e-05,166,2021-01-01
2021-08-31 23:00:00,2021-08-31 22:00:00,-1,13,6.211535e-05,167,2021-01-01
2021-08-31 23:00:00,2021-08-31 22:00:00,-8,6,6.156784e-05,168,2021-01-01
2021-08-31 23:00:00,2021-08-31 22:00:00,7,-5,6.153207e-05,169,2021-01-01
2021-08-31 23:00:00,2021-08-31 22:00:00,6,5,5.8374662e-05,170,2021-01-01
2021-08-31 23:00:00,2021-08-31 22:00:00,-12,-5,5.808305e-05,171,2021-01-01
2021-08-31 23:00:00,2021-08-31 22:00:00,-11,-5,5.7597998e-05,172,2021-01-01
2021-08-31 23:00:00,2021-08-31 22:00:00,-10,10,5.541086e-05,173,2021-01-01
2021-08-31 23:00:00,2021-08-31 22:00:00,-10,-4,5.455913e-05,174,2021-01-01
2021-08-31 23:00:00,2021-08-31 22:00:00,4,14,5.443527e-05,175,2021-01-01
2021-08-31 23:00:00,2021-08-31 22:00:00,0,11,5.4245425e-05,176,2021-01-01
2021-08-31 23:00:00,2021-08-31 22:00:00,0,13,5.3740023e-05,177,2021-01-01
2021-08-31 23:00:00,2021-08-31 22:00:00,1,11,5.336659e-05,178,2021-01-01
2021-08-31 23:00:00,2021-08-31 22:00:00,0,14,5.3280168e-05,179,2021-01-01
2021-08-31 23:00:00,2021-08-31 22:00:00,-9,0,5.291253e-05,180,2021-01-01
2021-08-31 23:00:00,2021-08-31 22:00:00,3,17,5.2472784e-05,181,2021-01-01
2021-08-31 23:00:00,2021-08-31 22:00:00,1,9,5.096132e-05,182,2021-01-01
2021-08-31 23:00:00,2021-08-31 22:00:00,-9,-1,5.0312883e-05,183,2021-01-01
2021-08-31 23:00:00,2021-08-31 22:00:00,2,7,5.0055198e-05,184,2021-01-01
2021-08-31 23:00:00,2021-08-31 22:00:00,10,5,4.4798875e-05,185,2021-01-01
2021-08-31 23:00:00,2021-08-31 22:00:00,-10,-3,3.3572076e-05,186,2021-01-01
2021-09-13 00:00:00,2021-09-12 23:00:00,0,12,0.8340068,1,2021-01-01
2021-09-13 00:00:00,2021-09-12 23:00:00,0,0,0.7878685,2,2021-01-01
2021-09-13 00:00:00,2021-09-12 23:00:00,-1,0,0.5148657,3,2021-01-01
2021-09-13 00:00:00,2021-09-12 23:00:00,-2,-3,0.4981018,4,2021-01-01
2021-09-13 00:00:00,2021-09-12 23:00:00,0,-1,0.48257565,5,2021-01-01
2021-09-13 00:00:00,2021-09-12 23:00:00,-4,-2,0.37109897,6,2021-01-01
2021-09-13 00:00:00,2021-09-12 23:00:00,1,0,0.30576804,7,2021-01-01
2021-09-13 00:00:00,2021-09-12 23:00:00,-2,0,0.27487323,8,2021-01-01
2021-09-13 00:00:00,2021-09-12 23:00:00,-3,-4,0.2717927,9,2021-01-01
2021-09-13 00:00:00,2021-09-12 23:00:00,-4,-3,0.2342248,10,2021-01-01
2021-09-13 00:00:00,2021-09-12 23:00:00,-5,1,0.2216578,11,2021-01-01
2021-09-13 00:00:00,2021-09-12 23:00:00,-2,-4,0.18127008,12,2021-01-01
2021-09-13 00:00:00,2021-09-12 23:00:00,2,0,0.16230194,13,2021-01-01
2021-09-13 00:00:00,2021-09-12 23:00:00,-1,-1,0.14219446,14,2021-01-01
2021-09-13 00:00:00,2021-09-12 23:00:00,-2,-1,0.13758141,15,2021-01-01
2021-09-13 00:00:00,2021-09-12 23:00:00,-2,-2,0.0756168,16,2021-01-01
2021-09-13 00:00:00,2021-09-12 23:00:00,6,-4,0.062682204,17,2021-01-01
2021-09-13 00:00:00,2021-09-12 23:00:00,-3,-3,0.06231695,18,2021-01-01
2021-09-13 00:00:00,2021-09-12 23:00:00,2,1,0.05029547,19,2021-01-01
2021-09-13 00:00:00,2021-09-12 23:00:00,-5,-2,0.044090513,20,2021-01-01
2021-09-13 00:00:00,2021-09-12 23:00:00,1,-1,0.043706242,21,2021-01-01
2021-09-13 00:00:00,2021-09-12 23:00:00,-1,-2,0.042931337,22,2021-01-01
2021-09-13 00:00:00,2021-09-12 23:00:00,-3,0,0.04212034,23,2021-01-01
2021-09-13 00:00:00,2021-09-12 23:00:00,-5,-1,0.03058602,24,2021-01-01
2021-09-13 00:00:00,2021-09-12 23:00:00,0,-2,0.02934213,25,2021-01-01
2021-09-13 00:00:00,2021-09-12 23:00:00,-4,-1,0.026591681,26,2021-01-01
2021-09-13 00:00:00,2021-09-12 23:00:00,-5,2,0.025149962,27,2021-01-01
2021-09-13 00:00:00,2021-09-12 23:00:00,2,-1,0.018712444,28,2021-01-01
2021-09-13 00:00:00,2021-09-12 23:00:00,-4,4,0.015009022,29,2021-01-01
2021-09-13 00:00:00,2021-09-12 23:00:00,-4,0,0.012686298,30,2021-01-01
2021-09-13 00:00:00,2021-09-12 23:00:00,-3,-1,0.012133282,31,2021-01-01
2021-09-13 00:00:00,2021-09-12 23:00:00,1,2,0.008900327,32,2021-01-01
2021-09-13 00:00:00,2021-09-12 23:00:00,0,17,0.006763298,33,2021-01-01
2021-09-13 00:00:00,2021-09-12 23:00:00,-3,1,0.0041779615,34,2021-01-01
2021-09-13 00:00:00,2021-09-12 23:00:00,-5,0,0.003217905,35,2021-01-01
2021-09-13 00:00:00,2021-09-12 23:00:00,0,8,0.0032036353,36,2021-01-01
2021-09-13 00:00:00,2021-09-12 23:00:00,7,-4,0.0026551445,37,2021-01-01
2021-09-13 00:00:00,2021-09-12 23:00:00,-3,-2,0.0025914947,38,2021-01-01
2021-09-13 00:00:00,2021-09-12 23:00:00,-1,-3,0.002419423,39,2021-01-01
2021-09-13 00:00:00,2021-09-12 23:00:00,0,1,0.002287288,40,2021-01-01
2021-09-13 00:00:00,2021-09-12 23:00:00,0,-3,0.0017700648,41,2021-01-01
2021-09-13 00:00:00,2021-09-12 23:00:00,-3,15,0.0015009948,42,2021-01-01
2021-09-13 00:00:00,2021-09-12 23:00:00,6,-3,0.0014558373,43,2021-01-01
2021-09-13 00:00:00,2021-09-12 23:00:00,5,-1,0.0013783617,44,2021-01-01
2021-09-13 00:00:00,2021-09-12 23:00:00,-5,-3,0.001253644,45,2021-01-01
2021-09-13 00:00:00,2021-09-12 23:00:00,7,11,0.001140234,46,2021-01-01
2021-09-13 00:00:00,2021-09-12 23:00:00,-1,-4,0.0010613465,47,2021-01-01
2021-09-13 00:00:00,2021-09-12 23:00:00,-3,13,0.0010356518,48,2021-01-01
2021-09-13 00:00:00,2021-09-12 23:00:00,7,4,0.0009771311,49,2021-01-01
2021-09-13 00:00:00,2021-09-12 23:00:00,1,-2,0.00090929103,50,2021-01-01
2021-09-13 00:00:00,2021-09-12 23:00:00,-1,1,0.00072998373,51,2021-01-01
2021-09-13 00:00:00,2021-09-12 23:00:00,-9,-5,0.0006741065,52,2021-01-01
2021-09-13 00:00:00,2021-09-12 23:00:00,-6,1,0.00047246195,53,2021-01-01
2021-09-13 00:00:00,2021-09-12 23:00:00,2,-3,0.000465135,54,2021-01-01
2021-09-13 00:00:00,2021-09-12 23:00:00,0,9,0.00043045846,55,2021-01-01
2021-09-13 00:00:00,2021-09-12 23:00:00,-4,5,0.0004081434,56,2021-01-01
2021-09-13 00:00:00,2021-09-12 23:00:00,-3,9,0.00038254712,57,2021-01-01
2021-09-13 00:00:00,2021-09-12 23:00:00,6,3,0.0003550962,58,2021-01-01
2021-09-13 00:00:00,2021-09-12 23:00:00,2,8,0.00032986174,59,2021-01-01
2021-09-13 00:00:00,2021-09-12 23:00:00,-4,3,0.00032785314,60,2021-01-01
2021-09-13 00:00:00,2021-09-12 23:00:00,-6,-3,0.00031334787,61,2021-01-01
2021-09-13 00:00:00,2021-09-12 23:00:00,-5,-5,0.0002889853,62,2021-01-01
2021-09-13 00:00:00,2021-09-12 23:00:00,6,11,0.00027907794,63,2021-01-01
2021-09-13 00:00:00,2021-09-12 23:00:00,1,6,0.00027878385,64,2021-01-01
2021-09-13 00:00:00,2021-09-12 23:00:00,-5,11,0.0002756515,65,2021-01-01
2021-09-13 00:00:00,2021-09-12 23:00:00,-1,11,0.00025987008,66,2021-01-01
2021-09-13 00:00:00,2021-09-12 23:00:00,-2,8,0.0002482588,67,2021-01-01
2021-09-13 00:00:00,2021-09-12 23:00:00,-2,1,0.00024743748,68,2021-01-01
2021-09-13 00:00:00,2021-09-12 23:00:00,-2,11,0.00024614154,69,2021-01-01
2021-09-13 00:00:00,2021-09-12 23:00:00,0,-5,0.00024044764,70,2021-01-01
2021-09-13 00:00:00,2021-09-12 23:00:00,-1,2,0.00023481203,71,2021-01-01
2021-09-13 00:00:00,2021-09-12 23:00:00,-3,2,0.00023466325,72,2021-01-01
2021-09-13 00:00:00,2021-09-12 23:00:00,1,19,0.00023234145,73,2021-01-01
2021-09-13 00:00:00,2021-09-12 23:00:00,1,-3,0.00022989236,74,2021-01-01
2021-09-13 00:00:00,2021-09-12 23:00:00,-4,2,0.00022532062,75,2021-01-01
2021-09-13 00:00:00,2021-09-12 23:00:00,-9,-1,0.00022326135,76,2021-01-01
2021-09-13 00:00:00,2021-09-12 23:00:00,-7,1,0.00021951098,77,2021-01-01
2021-09-13 00:00:00,2021-09-12 23:00:00,2,20,0.0002177668,78,2021-01-01
2021-09-13 00:00:00,2021-09-12 23:00:00,-2,13,0.00021771574,79,2021-01-01
2021-09-13 00:00:00,2021-09-12 23:00:00,10,3,0.00021068928,80,2021-01-01
2021-09-13 00:00:00,2021-09-12 23:00:00,4,-4,0.00020919624,81,2021-01-01
2021-09-13 00:00:00,2021-09-12 23:00:00,1,5,0.00020792834,82,2021-01-01
2021-09-13 00:00:00,2021-09-12 23:00:00,2,9,0.00020476838,83,2021-01-01
2021-09-13 00:00:00,2021-09-12 23:00:00,1,-5,0.00020475766,84,2021-01-01
2021-09-13 00:00:00,2021-09-12 23:00:00,4,1,0.00020416502,85,2021-01-01
2021-09-13 00:00:00,2021-09-12 23:00:00,4,-1,0.0002033019,86,2021-01-01
2021-09-13 00:00:00,2021-09-12 23:00:00,7,-5,0.00019839406,87,2021-01-01
2021-09-13 00:00:00,2021-09-12 23:00:00,9,-2,0.00019737618,88,2021-01-01
2021-09-13 00:00:00,2021-09-12 23:00:00,8,-3,0.00019282308,89,2021-01-01
2021-09-13 00:00:00,2021-09-12 23:00:00,5,3,0.00019268137,90,2021-01-01
2021-09-13 00:00:00,2021-09-12 23:00:00,1,1,0.00019206753,91,2021-01-01
2021-09-13 00:00:00,2021-09-12 23:00:00,-4,12,0.00018950024,92,2021-01-01
2021-09-13 00:00:00,2021-09-12 23:00:00,9,3,0.00018833061,93,2021-01-01
2021-09-13 00:00:00,2021-09-12 23:00:00,-9,0,0.00018656209,94,2021-01-01
2021-09-13 00:00:00,2021-09-12 23:00:00,1,8,0.00018600978,95,2021-01-01
2021-09-13 00:00:00,2021-09-12 23:00:00,-2,-5,0.00018400348,96,2021-01-01
2021-09-13 00:00:00,2021-09-12 23:00:00,-7,-1,0.00018371207,97,2021-01-01
2021-09-13 00:00:00,2021-09-12 23:00:00,6,6,0.00018345006,98,2021-01-01
2021-09-13 00:00:00,2021-09-12 23:00:00,10,5,0.00018014245,99,2021-01-01
2021-09-13 00:00:00,2021-09-12 23:00:00,-10,-3,0.00017437835,100,2021-01-01
2021-09-13 00:00:00,2021-09-12 23:00:00,-2,3,0.00017299973,101,2021-01-01
2021-09-13 00:00:00,2021-09-12 23:00:00,-1,3,0.00017239367,102,2021-01-01
2021-09-13 00:00:00,2021-09-12 23:00:00,-4,-4,0.00017081143,103,2021-01-01
2021-09-13 00:00:00,2021-09-12 23:00:00,6,5,0.00016878017,104,2021-01-01
2021-09-13 00:00:00,2021-09-12 23:00:00,-10,-4,0.0001605908,105,2021-01-01
2021-09-13 00:00:00,2021-09-12 23:00:00,-9,-4,0.00015221183,106,2021-01-01
2021-09-13 00:00:00,2021-09-12 23:00:00,-6,-2,0.00014958896,107,2021-01-01
2021-09-13 00:00:00,2021-09-12 23:00:00,0,-6,0.00014636022,108,2021-01-01
2021-09-13 00:00:00,2021-09-12 23:00:00,-4,-5,0.00014624125,109,2021-01-01
2021-09-13 00:00:00,2021-09-12 23:00:00,-1,-6,0.00014325086,110,2021-01-01
2021-09-13 00:00:00,2021-09-12 23:00:00,-5,-4,0.00014304585,111,2021-01-01
2021-09-13 00:00:00,2021-09-12 23:00:00,4,-6,0.00014163529,112,2021-01-01
2021-09-13 00:00:00,2021-09-12 23:00:00,-6,15,0.00013935269,113,2021-01-01
2021-09-13 00:00:00,2021-09-12 23:00:00,-6,4,0.00013642355,114,2021-01-01
2021-09-13 00:00:00,2021-09-12 23:00:00,-4,19,0.00013602302,115,2021-01-01
2021-09-13 00:00:00,2021-09-12 23:00:00,2,-2,0.00013582133,116,2021-01-01
2021-09-13 00:00:00,2021-09-12 23:00:00,-2,15,0.00013475868,117,2021-01-01
2021-09-13 00:00:00,2021-09-12 23:00:00,-12,-5,0.00013465267,118,2021-01-01
2021-09-13 00:00:00,2021-09-12 23:00:00,-2,9,0.00013425142,119,2021-01-01
2021-09-13 00:00:00,2021-09-12 23:00:00,-3,8,0.00013289049,120,2021-01-01
2021-09-13 00:00:00,2021-09-12 23:00:00,-3,14,0.00013289049,121,2021-01-01
2021-09-13 00:00:00,2021-09-12 23:00:00,-2,10,0.00013258953,122,2021-01-01
2021-09-13 00:00:00,2021-09-12 23:00:00,1,-7,0.00013184805,123,2021-01-01
2021-09-13 00:00:00,2021-09-12 23:00:00,-3,12,0.00013107227,124,2021-01-01
2021-09-13 00:00:00,2021-09-12 23:00:00,-1,13,0.00013061344,125,2021-01-01
2021-09-13 00:00:00,2021-09-12 23:00:00,0,14,0.0001305556,126,2021-01-01
2021-09-13 00:00:00,2021-09-12 23:00:00,1,20,0.00012912578,127,2021-01-01
2021-09-13 00:00:00,2021-09-12 23:00:00,-1,-7,0.00012714438,128,2021-01-01
2021-09-13 00:00:00,2021-09-12 23:00:00,-3,7,0.00012597778,129,2021-01-01
2021-09-13 00:00:00,2021-09-12 23:00:00,-1,15,0.0001255685,130,2021-01-01
2021-09-13 00:00:00,2021-09-12 23:00:00,-11,-5,0.00012498368,131,2021-01-01
2021-09-13 00:00:00,2021-09-12 23:00:00,-10,8,0.0001247815,132,2021-01-01
2021-09-13 00:00:00,2021-09-12 23:00:00,-4,17,0.00012444955,133,2021-01-01
2021-09-13 00:00:00,2021-09-12 23:00:00,0,11,0.00012412081,134,2021-01-01
2021-09-13 00:00:00,2021-09-12 23:00:00,0,13,0.00012412081,135,2021-01-01
2021-09-13 00:00:00,2021-09-12 23:00:00,5,-3,0.00012411049,136,2021-01-01
2021-09-13 00:00:00,2021-09-12 23:00:00,5,-4,0.00012385625,137,2021-01-01
2021-09-13 00:00:00,2021-09-12 23:00:00,8,1,0.00012299653,138,2021-01-01
2021-09-13 00:00:00,2021-09-12 23:00:00,-5,4,0.00012282844,139,2021-01-01
2021-09-13 00:00:00,2021-09-12 23:00:00,-1,8,0.0001226394,140,2021-01-01
2021-09-13 00:00:00,2021-09-12 23:00:00,-1,16,0.0001226394,141,2021-01-01
2021-09-13 00:00:00,2021-09-12 23:00:00,-1,9,0.00012190552,142,2021-01-01
2021-09-13 00:00:00,2021-09-12 23:00:00,9,2,0.00012187192,143,2021-01-01
2021-09-13 00:00:00,2021-09-12 23:00:00,4,14,0.000121168116,144,2021-01-01
2021-09-13 00:00:00,2021-09-12 23:00:00,-9,6,0.00012108841,145,2021-01-01
2021-09-13 00:00:00,2021-09-12 23:00:00,0,19,0.00012049774,146,2021-01-01
2021-09-13 00:00:00,2021-09-12 23:00:00,2,-6,0.00011996191,147,2021-01-01
2021-09-13 00:00:00,2021-09-12 23:00:00,3,17,0.000119206125,148,2021-01-01
2021-09-13 00:00:00,2021-09-12 23:00:00,-2,16,0.00011857448,149,2021-01-01
2021-09-13 00:00:00,2021-09-12 23:00:00,0,5,0.000118566524,150,2021-01-01
2021-09-13 00:00:00,2021-09-12 23:00:00,-1,6,0.00011844576,151,2021-01-01
2021-09-13 00:00:00,2021-09-12 23:00:00,3,-3,0.000118033844,152,2021-01-01
2021-09-13 00:00:00,2021-09-12 23:00:00,-1,7,0.00011797986,153,2021-01-01
2021-09-13 00:00:00,2021-09-12 23:00:00,-3,18,0.000117623385,154,2021-01-01
2021-09-13 00:00:00,2021-09-12 23:00:00,1,9,0.00011701254,155,2021-01-01
2021-09-13 00:00:00,2021-09-12 23:00:00,7,1,0.000116562565,156,2021-01-01
2021-09-13 00:00:00,2021-09-12 23:00:00,7,-1,0.00011642013,157,2021-01-01
2021-09-13 00:00:00,2021-09-12 23:00:00,-1,5,0.00011613843,158,2021-01-01
2021-09-13 00:00:00,2021-09-12 23:00:00,3,-2,0.00011601951,159,2021-01-01
2021-09-13 00:00:00,2021-09-12 23:00:00,-3,11,0.00011583673,160,2021-01-01
2021-09-13 00:00:00,2021-09-12 23:00:00,1,11,0.00011541439,161,2021-01-01
2021-09-13 00:00:00,2021-09-12 23:00:00,0,18,0.00011511045,162,2021-01-01
2021-09-13 00:00:00,2021-09-12 23:00:00,9,1,0.00011467943,163,2021-01-01
2021-09-13 00:00:00,2021-09-12 23:00:00,-1,18,0.000114385446,164,2021-01-01
2021-09-13 00:00:00,2021-09-12 23:00:00,8,0,0.00011434467,165,2021-01-01
2021-09-13 00:00:00,2021-09-12 23:00:00,3,1,0.00011424682,166,2021-01-01
2021-09-13 00:00:00,2021-09-12 23:00:00,3,-1,0.00011405948,167,2021-01-01
2021-09-13 00:00:00,2021-09-12 23:00:00,2,7,0.00011387749,168,2021-01-01
2021-09-13 00:00:00,2021-09-12 23:00:00,5,2,0.00011322155,169,2021-01-01
2021-09-13 00:00:00,2021-09-12 23:00:00,-11,-6,0.00011297805,170,2021-01-01
2021-09-13 00:00:00,2021-09-12 23:00:00,5,-2,0.00011207311,171,2021-01-01
2021-09-13 00:00:00,2021-09-12 23:00:00,9,0,0.00010947153,172,2021-01-01
2021-09-13 00:00:00,2021-09-12 23:00:00,3,0,0.0001090882,173,2021-01-01
2021-09-13 00:00:00,2021-09-12 23:00:00,8,-1,0.00010838931,174,2021-01-01
2021-09-13 00:00:00,2021-09-12 23:00:00,2,-7,0.000107055355,175,2021-01-01
2021-09-13 00:00:00,2021-09-12 23:00:00,-5,15,0.000105926156,176,2021-01-01
2021-09-13 00:00:00,2021-09-12 23:00:00,-8,6,0.00010446876,177,2021-01-01
2021-09-13 00:00:00,2021-09-12 23:00:00,-5,10,0.00010397643,178,2021-01-01
2021-09-13 00:00:00,2021-09-12 23:00:00,-5,9,0.00010334516,179,2021-01-01
2021-09-13 00:00:00,2021-09-12 23:00:00,-10,10,0.000103155566,180,2021-01-01
2021-09-13 00:00:00,2021-09-12 23:00:00,10,-1,0.00010187299,181,2021-01-01
2021-09-13 00:00:00,2021-09-12 23:00:00,8,-4,0.00010086243,182,2021-01-01
2021-09-13 00:00:00,2021-09-12 23:00:00,-4,10,0.00010075257,183,2021-01-01
2021-09-13 00:00:00,2021-09-12 23:00:00,10,0,0.00010000615,184,2021-01-01
2021-09-13 00:00:00,2021-09-12 23:00:00,-6,8,9.494331e-05,185,2021-01-01
2021-09-13 00:00:00,2021-09-12 23:00:00,-4,8,9.281941e-05,186,2021-01-01
2021-09-21 22:00:00,2021-09-21 21:00:00,0,12,0.30747637,1,2021-01-01
2021-09-21 22:00:00,2021-09-21 21:00:00,-4,-3,0.2115547,2,2021-01-01
2021-09-21 22:00:00,2021-09-21 21:00:00,-4,-2,0.17911123,3,2021-01-01
2021-09-21 22:00:00,2021-09-21 21:00:00,0,0,0.13037993,4,2021-01-01
2021-09-21 22:00:00,2021-09-21 21:00:00,0,-1,0.11483637,5,2021-01-01
2021-09-21 22:00:00,2021-09-21 21:00:00,-2,-4,0.104100026,6,2021-01-01
2021-09-21 22:00:00,2021-09-21 21:00:00,-5,1,0.0889767,7,2021-01-01
2021-09-21 22:00:00,2021-09-21 21:00:00,-1,0,0.08052207,8,2021-01-01
2021-09-21 22:00:00,2021-09-21 21:00:00,-4,-1,0.059488807,9,2021-01-01
2021-09-21 22:00:00,2021-09-21 21:00:00,1,0,0.055247337,10,2021-01-01
2021-09-21 22:00:00,2021-09-21 21:00:00,-2,-3,0.04969214,11,2021-01-01
2021-09-21 22:00:00,2021-09-21 21:00:00,-2,0,0.045276824,12,2021-01-01
2021-09-21 22:00:00,2021-09-21 21:00:00,-3,-4,0.037617613,13,2021-01-01
2021-09-21 22:00:00,2021-09-21 21:00:00,-3,-3,0.027808977,14,2021-01-01
2021-09-21 22:00:00,2021-09-21 21:00:00,-2,-1,0.0241313,15,2021-01-01
2021-09-21 22:00:00,2021-09-21 21:00:00,-5,-2,0.020809414,16,2021-01-01
2021-09-21 22:00:00,2021-09-21 21:00:00,2,0,0.0195841,17,2021-01-01
2021-09-21 22:00:00,2021-09-21 21:00:00,-1,-1,0.018412443,18,2021-01-01
2021-09-21 22:00:00,2021-09-21 21:00:00,-3,0,0.015656518,19,2021-01-01
2021-09-21 22:00:00,2021-09-21 21:00:00,-5,-1,0.0146740535,20,2021-01-01
2021-09-21 22:00:00,2021-09-21 21:00:00,6,-4,0.013031586,21,2021-01-01
2021-09-21 22:00:00,2021-09-21 21:00:00,-5,2,0.011673171,22,2021-01-01
2021-09-21 22:00:00,2021-09-21 21:00:00,-3,-1,0.00898796,23,2021-01-01
2021-09-21 22:00:00,2021-09-21 21:00:00,2,1,0.008405807,24,2021-01-01
2021-09-21 22:00:00,2021-09-21 21:00:00,-2,-2,0.0077964687,25,2021-01-01
2021-09-21 22:00:00,2021-09-21 21:00:00,-4,0,0.006440997,26,2021-01-01
2021-09-21 22:00:00,2021-09-21 21:00:00,1,-1,0.0056325314,27,2021-01-01
2021-09-21 22:00:00,2021-09-21 21:00:00,0,17,0.004959733,28,2021-01-01
2021-09-21 22:00:00,2021-09-21 21:00:00,-1,-2,0.0049017174,29,2021-01-01
2021-09-21 22:00:00,2021-09-21 21:00:00,2,-1,0.0039622136,30,2021-01-01
2021-09-21 22:00:00,2021-09-21 21:00:00,-5,0,0.003552507,31,2021-01-01
2021-09-21 22:00:00,2021-09-21 21:00:00,-6,8,0.0029018482,32,2021-01-01
2021-09-21 22:00:00,2021-09-21 21:00:00,7,-5,0.0028105413,33,2021-01-01
2021-09-21 22:00:00,2021-09-21 21:00:00,-3,-2,0.0027425017,34,2021-01-01
2021-09-21 22:00:00,2021-09-21 21:00:00,-4,4,0.0022278605,35,2021-01-01
2021-09-21 22:00:00,2021-09-21 21:00:00,-3,1,0.0017435481,36,2021-01-01
2021-09-21 22:00:00,2021-09-21 21:00:00,0,-2,0.0016320312,37,2021-01-01
2021-09-21 22:00:00,2021-09-21 21:00:00,0,1,0.0013192409,38,2021-01-01
2021-09-21 22:00:00,2021-09-21 21:00:00,-5,-3,0.0013101428,39,2021-01-01
2021-09-21 22:00:00,2021-09-21 21:00:00,6,-3,0.0012471459,40,2021-01-01
2021-09-21 22:00:00,2021-09-21 21:00:00,-9,-5,0.0011381671,41,2021-01-01
2021-09-21 22:00:00,2021-09-21 21:00:00,-5,15,0.0010503371,42,2021-01-01
2021-09-21 22:00:00,2021-09-21 21:00:00,5,-1,0.0010425353,43,2021-01-01
2021-09-21 22:00:00,2021-09-21 21:00:00,0,8,0.0009957665,44,2021-01-01
2021-09-21 22:00:00,2021-09-21 21:00:00,7,11,0.00087431073,45,2021-01-01
2021-09-21 22:00:00,2021-09-21 21:00:00,-3,15,0.00076393114,46,2021-01-01
2021-09-21 22:00:00,2021-09-21 21:00:00,0,-3,0.0006277824,47,2021-01-01
2021-09-21 22:00:00,2021-09-21 21:00:00,7,-4,0.000611394,48,2021-01-01
2021-09-21 22:00:00,2021-09-21 21:00:00,-1,-3,0.0005940039,49,2021-01-01
2021-09-21 22:00:00,2021-09-21 21:00:00,7,4,0.00053112564,50,2021-01-01
2021-09-21 22:00:00,2021-09-21 21:00:00,-6,1,0.00048310836,51,2021-01-01
2021-09-21 22:00:00,2021-09-21 21:00:00,1,19,0.00045286756,52,2021-01-01
2021-09-21 22:00:00,2021-09-21 21:00:00,-4,5,0.0004511777,53,2021-01-01
2021-09-21 22:00:00,2021-09-21 21:00:00,1,-2,0.00037759307,54,2021-01-01
2021-09-21 22:00:00,2021-09-21 21:00:00,-6,-3,0.00036368272,55,2021-01-01
2021-09-21 22:00:00,2021-09-21 21:00:00,-3,9,0.00035560495,56,2021-01-01
2021-09-21 22:00:00,2021-09-21 21:00:00,-5,-5,0.00034457535,57,2021-01-01
2021-09-21 22:00:00,2021-09-21 21:00:00,1,2,0.00033457333,58,2021-01-01
2021-09-21 22:00:00,2021-09-21 21:00:00,-1,1,0.00032319146,59,2021-01-01
2021-09-21 22:00:00,2021-09-21 21:00:00,0,9,0.00032129922,60,2021-01-01
2021-09-21 22:00:00,2021-09-21 21:00:00,6,3,0.00030884874,61,2021-01-01
2021-09-21 22:00:00,2021-09-21 21:00:00,-5,11,0.00030404874,62,2021-01-01
2021-09-21 22:00:00,2021-09-21 21:00:00,2,8,0.00029972623,63,2021-01-01
2021-09-21 22:00:00,2021-09-21 21:00:00,-1,-4,0.0002758824,64,2021-01-01
2021-09-21 22:00:00,2021-09-21 21:00:00,1,6,0.00027402697,65,2021-01-01
2021-09-21 22:00:00,2021-09-21 21:00:00,2,-3,0.0002718194,66,2021-01-01
2021-09-21 22:00:00,2021-09-21 21:00:00,-7,1,0.00024933004,67,2021-01-01
2021-09-21 22:00:00,2021-09-21 21:00:00,-2,8,0.00022702738,68,2021-01-01
2021-09-21 22:00:00,2021-09-21 21:00:00,-2,11,0.00022659889,69,2021-01-01
2021-09-21 22:00:00,2021-09-21 21:00:00,2,9,0.00022503648,70,2021-01-01
2021-09-21 22:00:00,2021-09-21 21:00:00,-1,11,0.00022230031,71,2021-01-01
2021-09-21 22:00:00,2021-09-21 21:00:00,-4,3,0.0002152652,72,2021-01-01
2021-09-21 22:00:00,2021-09-21 21:00:00,1,5,0.00021184485,73,2021-01-01
2021-09-21 22:00:00,2021-09-21 21:00:00,4,-4,0.00019834342,74,2021-01-01
2021-09-21 22:00:00,2021-09-21 21:00:00,4,-1,0.0001924757,75,2021-01-01
2021-09-21 22:00:00,2021-09-21 21:00:00,-3,13,0.00019180297,76,2021-01-01
2021-09-21 22:00:00,2021-09-21 21:00:00,-2,13,0.00019090482,77,2021-01-01
2021-09-21 22:00:00,2021-09-21 21:00:00,-2,16,0.00018885965,78,2021-01-01
2021-09-21 22:00:00,2021-09-21 21:00:00,-7,-1,0.00018248224,79,2021-01-01
2021-09-21 22:00:00,2021-09-21 21:00:00,-5,-4,0.00017975802,80,2021-01-01
2021-09-21 22:00:00,2021-09-21 21:00:00,-4,-5,0.00017718224,81,2021-01-01
2021-09-21 22:00:00,2021-09-21 21:00:00,-4,-4,0.00017592257,82,2021-01-01
2021-09-21 22:00:00,2021-09-21 21:00:00,-4,12,0.0001710627,83,2021-01-01
2021-09-21 22:00:00,2021-09-21 21:00:00,-6,-2,0.00017061869,84,2021-01-01
2021-09-21 22:00:00,2021-09-21 21:00:00,4,1,0.0001699564,85,2021-01-01
2021-09-21 22:00:00,2021-09-21 21:00:00,1,8,0.00016463215,86,2021-01-01
2021-09-21 22:00:00,2021-09-21 21:00:00,2,20,0.00016234898,87,2021-01-01
2021-09-21 22:00:00,2021-09-21 21:00:00,8,-3,0.00015330543,88,2021-01-01
2021-09-21 22:00:00,2021-09-21 21:00:00,5,3,0.0001518392,89,2021-01-01
2021-09-21 22:00:00,2021-09-21 21:00:00,6,6,0.00015073059,90,2021-01-01
2021-09-21 22:00:00,2021-09-21 21:00:00,-4,2,0.00014917478,91,2021-01-01
2021-09-21 22:00:00,2021-09-21 21:00:00,10,3,0.00014854869,92,2021-01-01
2021-09-21 22:00:00,2021-09-21 21:00:00,9,-2,0.00014708495,93,2021-01-01
2021-09-21 22:00:00,2021-09-21 21:00:00,-1,-7,0.00013761278,94,2021-01-01
2021-09-21 22:00:00,2021-09-21 21:00:00,9,3,0.00013711416,95,2021-01-01
2021-09-21 22:00:00,2021-09-21 21:00:00,-4,19,0.00013581764,96,2021-01-01
2021-09-21 22:00:00,2021-09-21 21:00:00,-9,0,0.00013528456,97,2021-01-01
2021-09-21 22:00:00,2021-09-21 21:00:00,8,0,0.00013458125,98,2021-01-01
2021-09-21 22:00:00,2021-09-21 21:00:00,7,-1,0.00013298326,99,2021-01-01
2021-09-21 22:00:00,2021-09-21 21:00:00,-3,2,0.00013194972,100,2021-01-01
2021-09-21 22:00:00,2021-09-21 21:00:00,4,-6,0.00013090248,101,2021-01-01
2021-09-21 22:00:00,2021-09-21 21:00:00,9,1,0.00013001649,102,2021-01-01
2021-09-21 22:00:00,2021-09-21 21:00:00,2,-7,0.00012736574,103,2021-01-01
2021-09-21 22:00:00,2021-09-21 21:00:00,1,-7,0.00012622653,104,2021-01-01
2021-09-21 22:00:00,2021-09-21 21:00:00,1,20,0.00012553524,105,2021-01-01
2021-09-21 22:00:00,2021-09-21 21:00:00,0,18,0.00012545876,106,2021-01-01
2021-09-21 22:00:00,2021-09-21 21:00:00,6,11,0.0001245095,107,2021-01-01
2021-09-21 22:00:00,2021-09-21 21:00:00,-6,4,0.00012421973,108,2021-01-01
2021-09-21 22:00:00,2021-09-21 21:00:00,8,1,0.00012329868,109,2021-01-01
2021-09-21 22:00:00,2021-09-21 21:00:00,-3,18,0.00012197301,110,2021-01-01
2021-09-21 22:00:00,2021-09-21 21:00:00,7,1,0.0001214732,111,2021-01-01
2021-09-21 22:00:00,2021-09-21 21:00:00,-4,17,0.000118779455,112,2021-01-01
2021-09-21 22:00:00,2021-09-21 21:00:00,9,2,0.000118408985,113,2021-01-01
2021-09-21 22:00:00,2021-09-21 21:00:00,-5,4,0.000117293406,114,2021-01-01
2021-09-21 22:00:00,2021-09-21 21:00:00,-11,-6,0.00011680485,115,2021-01-01
2021-09-21 22:00:00,2021-09-21 21:00:00,0,19,0.00011655066,116,2021-01-01
2021-09-21 22:00:00,2021-09-21 21:00:00,5,-4,0.000116526695,117,2021-01-01
2021-09-21 22:00:00,2021-09-21 21:00:00,-10,-4,0.00011467002,118,2021-01-01
2021-09-21 22:00:00,2021-09-21 21:00:00,1,1,0.00011163801,119,2021-01-01
2021-09-21 22:00:00,2021-09-21 21:00:00,-3,14,0.000111324734,120,2021-01-01
2021-09-21 22:00:00,2021-09-21 21:00:00,-3,8,0.00010913486,121,2021-01-01
2021-09-21 22:00:00,2021-09-21 21:00:00,-1,8,0.00010821718,122,2021-01-01
2021-09-21 22:00:00,2021-09-21 21:00:00,-1,15,0.00010789857,123,2021-01-01
2021-09-21 22:00:00,2021-09-21 21:00:00,4,14,0.00010757672,124,2021-01-01
2021-09-21 22:00:00,2021-09-21 21:00:00,-2,15,0.00010719851,125,2021-01-01
2021-09-21 22:00:00,2021-09-21 21:00:00,-3,12,0.00010696767,126,2021-01-01
2021-09-21 22:00:00,2021-09-21 21:00:00,-2,9,0.00010651003,127,2021-01-01
2021-09-21 22:00:00,2021-09-21 21:00:00,-2,10,0.00010644883,128,2021-01-01
2021-09-21 22:00:00,2021-09-21 21:00:00,-1,13,0.00010644883,129,2021-01-01
2021-09-21 22:00:00,2021-09-21 21:00:00,-1,16,0.00010556218,130,2021-01-01
2021-09-21 22:00:00,2021-09-21 21:00:00,-2,1,0.00010507127,131,2021-01-01
2021-09-21 22:00:00,2021-09-21 21:00:00,10,5,0.00010498065,132,2021-01-01
2021-09-21 22:00:00,2021-09-21 21:00:00,0,-5,0.00010384488,133,2021-01-01
2021-09-21 22:00:00,2021-09-21 21:00:00,-1,18,0.000103405,134,2021-01-01
2021-09-21 22:00:00,2021-09-21 21:00:00,-1,9,0.000103057944,135,2021-01-01
2021-09-21 22:00:00,2021-09-21 21:00:00,-1,2,0.00010304158,136,2021-01-01
2021-09-21 22:00:00,2021-09-21 21:00:00,-3,11,0.00010292703,137,2021-01-01
2021-09-21 22:00:00,2021-09-21 21:00:00,1,-5,0.00010252225,138,2021-01-01
2021-09-21 22:00:00,2021-09-21 21:00:00,1,-3,0.000102253216,139,2021-01-01
2021-09-21 22:00:00,2021-09-21 21:00:00,0,14,0.00010193405,140,2021-01-01
2021-09-21 22:00:00,2021-09-21 21:00:00,-2,-5,0.000101024496,141,2021-01-01
2021-09-21 22:00:00,2021-09-21 21:00:00,0,13,0.00010084418,142,2021-01-01
2021-09-21 22:00:00,2021-09-21 21:00:00,-3,7,0.00010062411,143,2021-01-01
2021-09-21 22:00:00,2021-09-21 21:00:00,-1,7,0.00010062411,144,2021-01-01
2021-09-21 22:00:00,2021-09-21 21:00:00,-1,6,0.00010029038,145,2021-01-01
2021-09-21 22:00:00,2021-09-21 21:00:00,0,11,9.970947e-05,146,2021-01-01
2021-09-21 22:00:00,2021-09-21 21:00:00,-4,10,9.747253e-05,147,2021-01-01
2021-09-21 22:00:00,2021-09-21 21:00:00,3,17,9.5863856e-05,148,2021-01-01
2021-09-21 22:00:00,2021-09-21 21:00:00,0,5,9.558734e-05,149,2021-01-01
2021-09-21 22:00:00,2021-09-21 21:00:00,-1,3,9.501738e-05,150,2021-01-01
2021-09-21 22:00:00,2021-09-21 21:00:00,6,5,9.460226e-05,151,2021-01-01
2021-09-21 22:00:00,2021-09-21 21:00:00,-1,-6,9.454178e-05,152,2021-01-01
2021-09-21 22:00:00,2021-09-21 21:00:00,1,11,9.4458985e-05,153,2021-01-01
2021-09-21 22:00:00,2021-09-21 21:00:00,3,1,9.280848e-05,154,2021-01-01
2021-09-21 22:00:00,2021-09-21 21:00:00,-4,8,9.24336e-05,155,2021-01-01
2021-09-21 22:00:00,2021-09-21 21:00:00,1,9,9.186347e-05,156,2021-01-01
2021-09-21 22:00:00,2021-09-21 21:00:00,-10,8,9.151674e-05,157,2021-01-01
2021-09-21 22:00:00,2021-09-21 21:00:00,3,-1,9.144022e-05,158,2021-01-01
2021-09-21 22:00:00,2021-09-21 21:00:00,-5,10,9.089117e-05,159,2021-01-01
2021-09-21 22:00:00,2021-09-21 21:00:00,3,0,9.080419e-05,160,2021-01-01
2021-09-21 22:00:00,2021-09-21 21:00:00,-5,9,8.994845e-05,161,2021-01-01
2021-09-21 22:00:00,2021-09-21 21:00:00,5,2,8.991008e-05,162,2021-01-01
2021-09-21 22:00:00,2021-09-21 21:00:00,-6,15,8.9289424e-05,163,2021-01-01
2021-09-21 22:00:00,2021-09-21 21:00:00,2,-2,8.906218e-05,164,2021-01-01
2021-09-21 22:00:00,2021-09-21 21:00:00,-10,10,8.8597764e-05,165,2021-01-01
2021-09-21 22:00:00,2021-09-21 21:00:00,-1,5,8.7817585e-05,166,2021-01-01
2021-09-21 22:00:00,2021-09-21 21:00:00,-2,3,8.75091e-05,167,2021-01-01
2021-09-21 22:00:00,2021-09-21 21:00:00,2,-6,8.7017215e-05,168,2021-01-01
2021-09-21 22:00:00,2021-09-21 21:00:00,3,-2,8.6458494e-05,169,2021-01-01
2021-09-21 22:00:00,2021-09-21 21:00:00,2,7,8.6011074e-05,170,2021-01-01
2021-09-21 22:00:00,2021-09-21 21:00:00,-9,6,8.491913e-05,171,2021-01-01
2021-09-21 22:00:00,2021-09-21 21:00:00,5,-3,8.442155e-05,172,2021-01-01
2021-09-21 22:00:00,2021-09-21 21:00:00,0,-6,8.328847e-05,173,2021-01-01
2021-09-21 22:00:00,2021-09-21 21:00:00,-9,-4,8.3276806e-05,174,2021-01-01
2021-09-21 22:00:00,2021-09-21 21:00:00,-9,-1,8.2550134e-05,175,2021-01-01
2021-09-21 22:00:00,2021-09-21 21:00:00,8,-4,8.172458e-05,176,2021-01-01
2021-09-21 22:00:00,2021-09-21 21:00:00,5,-2,8.09182e-05,177,2021-01-01
2021-09-21 22:00:00,2021-09-21 21:00:00,-8,6,8.026776e-05,178,2021-01-01
2021-09-21 22:00:00,2021-09-21 21:00:00,10,-1,7.466188e-05,179,2021-01-01
2021-09-21 22:00:00,2021-09-21 21:00:00,8,-1,7.3394665e-05,180,2021-01-01
2021-09-21 22:00:00,2021-09-21 21:00:00,10,0,7.3272946e-05,181,2021-01-01
2021-09-21 22:00:00,2021-09-21 21:00:00,3,-3,7.317168e-05,182,2021-01-01
2021-09-21 22:00:00,2021-09-21 21:00:00,9,0,7.272044e-05,183,2021-01-01
2021-09-21 22:00:00,2021-09-21 21:00:00,-12,-5,6.7028996e-05,184,2021-01-01
2021-09-21 22:00:00,2021-09-21 21:00:00,-11,-5,6.637755e-05,185,2021-01-01
2021-09-21 22:00:00,2021-09-21 21:00:00,-10,-3,4.954259e-05,186,2021-01-01
2021-09-28 21:00:00,2021-09-28 20:00:00,0,12,0.58124685,1,2021-01-01
2021-09-28 21:00:00,2021-09-28 20:00:00,0,0,0.15422891,2,2021-01-01
2021-09-28 21:00:00,2021-09-28 20:00:00,-1,0,0.055031817,3,2021-01-01
2021-09-28 21:00:00,2021-09-28 20:00:00,-2,-3,0.044000905,4,2021-01-01
2021-09-28 21:00:00,2021-09-28 20:00:00,1,0,0.036418196,5,2021-01-01
2021-09-28 21:00:00,2021-09-28 20:00:00,-5,-2,0.029690906,6,2021-01-01
2021-09-28 21:00:00,2021-09-28 20:00:00,0,-1,0.023715958,7,2021-01-01
2021-09-28 21:00:00,2021-09-28 20:00:00,2,0,0.02062388,8,2021-01-01
2021-09-28 21:00:00,2021-09-28 20:00:00,-3,-4,0.016767437,9,2021-01-01
2021-09-28 21:00:00,2021-09-28 20:00:00,-5,1,0.0154816285,10,2021-01-01
2021-09-28 21:00:00,2021-09-28 20:00:00,-4,-2,0.013647225,11,2021-01-01
2021-09-28 21:00:00,2021-09-28 20:00:00,-2,-4,0.00842276,12,2021-01-01
2021-09-28 21:00:00,2021-09-28 20:00:00,-2,0,0.007826584,13,2021-01-01
2021-09-28 21:00:00,2021-09-28 20:00:00,-4,-3,0.007486926,14,2021-01-01
2021-09-28 21:00:00,2021-09-28 20:00:00,-1,-1,0.0068197176,15,2021-01-01
2021-09-28 21:00:00,2021-09-28 20:00:00,-5,-1,0.006727855,16,2021-01-01
2021-09-28 21:00:00,2021-09-28 20:00:00,-2,-1,0.0057519022,17,2021-01-01
2021-09-28 21:00:00,2021-09-28 20:00:00,6,-4,0.004529393,18,2021-01-01
2021-09-28 21:00:00,2021-09-28 20:00:00,2,1,0.0037883595,19,2021-01-01
2021-09-28 21:00:00,2021-09-28 20:00:00,0,17,0.0033822663,20,2021-01-01
2021-09-28 21:00:00,2021-09-28 20:00:00,-4,-1,0.0028635915,21,2021-01-01
2021-09-28 21:00:00,2021-09-28 20:00:00,1,-1,0.0026129063,22,2021-01-01
2021-09-28 21:00:00,2021-09-28 20:00:00,-6,8,0.0025669856,23,2021-01-01
2021-09-28 21:00:00,2021-09-28 20:00:00,7,-5,0.002523292,24,2021-01-01
2021-09-28 21:00:00,2021-09-28 20:00:00,-3,-3,0.002374368,25,2021-01-01
2021-09-28 21:00:00,2021-09-28 20:00:00,-2,-2,0.0022869965,26,2021-01-01
2021-09-28 21:00:00,2021-09-28 20:00:00,-3,0,0.002262932,27,2021-01-01
2021-09-28 21:00:00,2021-09-28 20:00:00,-1,-2,0.0018461617,28,2021-01-01
2021-09-28 21:00:00,2021-09-28 20:00:00,2,-1,0.0017082897,29,2021-01-01
2021-09-28 21:00:00,2021-09-28 20:00:00,-3,-1,0.0014650155,30,2021-01-01
2021-09-28 21:00:00,2021-09-28 20:00:00,1,-2,0.0013922263,31,2021-01-01
2021-09-28 21:00:00,2021-09-28 20:00:00,-4,4,0.0012326565,32,2021-01-01
2021-09-28 21:00:00,2021-09-28 20:00:00,-3,-2,0.0009795617,33,2021-01-01
2021-09-28 21:00:00,2021-09-28 20:00:00,-4,0,0.0009748501,34,2021-01-01
2021-09-28 21:00:00,2021-09-28 20:00:00,0,1,0.00097009586,35,2021-01-01
2021-09-28 21:00:00,2021-09-28 20:00:00,7,11,0.0009376637,36,2021-01-01
2021-09-28 21:00:00,2021-09-28 20:00:00,-5,0,0.00085896236,37,2021-01-01
2021-09-28 21:00:00,2021-09-28 20:00:00,5,-1,0.000817427,38,2021-01-01
2021-09-28 21:00:00,2021-09-28 20:00:00,0,8,0.00075771613,39,2021-01-01
2021-09-28 21:00:00,2021-09-28 20:00:00,0,-2,0.0007394685,40,2021-01-01
2021-09-28 21:00:00,2021-09-28 20:00:00,-5,15,0.000734658,41,2021-01-01
2021-09-28 21:00:00,2021-09-28 20:00:00,-3,15,0.00068585324,42,2021-01-01
2021-09-28 21:00:00,2021-09-28 20:00:00,3,0,0.00062285294,43,2021-01-01
2021-09-28 21:00:00,2021-09-28 20:00:00,7,-4,0.00054618967,44,2021-01-01
2021-09-28 21:00:00,2021-09-28 20:00:00,6,-3,0.00054222305,45,2021-01-01
2021-09-28 21:00:00,2021-09-28 20:00:00,-3,1,0.0005190067,46,2021-01-01
2021-09-28 21:00:00,2021-09-28 20:00:00,7,4,0.0005092037,47,2021-01-01
2021-09-28 21:00:00,2021-09-28 20:00:00,-5,2,0.0004701437,48,2021-01-01
2021-09-28 21:00:00,2021-09-28 20:00:00,-1,-3,0.00044927583,49,2021-01-01
2021-09-28 21:00:00,2021-09-28 20:00:00,-5,-3,0.00038891207,50,2021-01-01
2021-09-28 21:00:00,2021-09-28 20:00:00,0,9,0.0003846071,51,2021-01-01
2021-09-28 21:00:00,2021-09-28 20:00:00,0,-3,0.00035756672,52,2021-01-01
2021-09-28 21:00:00,2021-09-28 20:00:00,-3,9,0.00032420515,53,2021-01-01
2021-09-28 21:00:00,2021-09-28 20:00:00,-1,-4,0.00032289253,54,2021-01-01
2021-09-28 21:00:00,2021-09-28 20:00:00,-4,5,0.00031382672,55,2021-01-01
2021-09-28 21:00:00,2021-09-28 20:00:00,2,8,0.00029548033,56,2021-01-01
2021-09-28 21:00:00,2021-09-28 20:00:00,-5,11,0.00028267756,57,2021-01-01
2021-09-28 21:00:00,2021-09-28 20:00:00,2,-3,0.0002658284,58,2021-01-01
2021-09-28 21:00:00,2021-09-28 20:00:00,6,3,0.0002525357,59,2021-01-01
2021-09-28 21:00:00,2021-09-28 20:00:00,-6,1,0.0002496265,60,2021-01-01
2021-09-28 21:00:00,2021-09-28 20:00:00,-9,-5,0.000247735,61,2021-01-01
2021-09-28 21:00:00,2021-09-28 20:00:00,1,2,0.00023356178,62,2021-01-01
2021-09-28 21:00:00,2021-09-28 20:00:00,2,9,0.00022855488,63,2021-01-01
2021-09-28 21:00:00,2021-09-28 20:00:00,-1,1,0.00022548856,64,2021-01-01
2021-09-28 21:00:00,2021-09-28 20:00:00,-1,11,0.00022251108,65,2021-01-01
2021-09-28 21:00:00,2021-09-28 20:00:00,-2,11,0.00022025673,66,2021-01-01
2021-09-28 21:00:00,2021-09-28 20:00:00,1,6,0.00021350739,67,2021-01-01
2021-09-28 21:00:00,2021-09-28 20:00:00,1,19,0.00021110704,68,2021-01-01
2021-09-28 21:00:00,2021-09-28 20:00:00,1,8,0.00020927086,69,2021-01-01
2021-09-28 21:00:00,2021-09-28 20:00:00,-2,8,0.00020771504,70,2021-01-01
2021-09-28 21:00:00,2021-09-28 20:00:00,-4,12,0.00019762253,71,2021-01-01
2021-09-28 21:00:00,2021-09-28 20:00:00,-2,13,0.00019460195,72,2021-01-01
2021-09-28 21:00:00,2021-09-28 20:00:00,4,-1,0.00019360811,73,2021-01-01
2021-09-28 21:00:00,2021-09-28 20:00:00,-3,13,0.0001911708,74,2021-01-01
2021-09-28 21:00:00,2021-09-28 20:00:00,-5,-5,0.00018715033,75,2021-01-01
2021-09-28 21:00:00,2021-09-28 20:00:00,-6,-3,0.00018610724,76,2021-01-01
2021-09-28 21:00:00,2021-09-28 20:00:00,4,-4,0.00017669535,77,2021-01-01
2021-09-28 21:00:00,2021-09-28 20:00:00,8,-3,0.00017509545,78,2021-01-01
2021-09-28 21:00:00,2021-09-28 20:00:00,6,6,0.00017384447,79,2021-01-01
2021-09-28 21:00:00,2021-09-28 20:00:00,2,20,0.00017166852,80,2021-01-01
2021-09-28 21:00:00,2021-09-28 20:00:00,9,-2,0.00017157919,81,2021-01-01
2021-09-28 21:00:00,2021-09-28 20:00:00,1,5,0.00015626552,82,2021-01-01
2021-09-28 21:00:00,2021-09-28 20:00:00,-4,3,0.00015618031,83,2021-01-01
2021-09-28 21:00:00,2021-09-28 20:00:00,5,3,0.00015550497,84,2021-01-01
2021-09-28 21:00:00,2021-09-28 20:00:00,4,14,0.000147911,85,2021-01-01
2021-09-28 21:00:00,2021-09-28 20:00:00,-9,0,0.00014142417,86,2021-01-01
2021-09-28 21:00:00,2021-09-28 20:00:00,6,11,0.00013865005,87,2021-01-01
2021-09-28 21:00:00,2021-09-28 20:00:00,-7,-1,0.00013703057,88,2021-01-01
2021-09-28 21:00:00,2021-09-28 20:00:00,0,13,0.00013562178,89,2021-01-01
2021-09-28 21:00:00,2021-09-28 20:00:00,-7,1,0.00013336955,90,2021-01-01
2021-09-28 21:00:00,2021-09-28 20:00:00,0,14,0.00013286876,91,2021-01-01
2021-09-28 21:00:00,2021-09-28 20:00:00,0,11,0.00013072841,92,2021-01-01
2021-09-28 21:00:00,2021-09-28 20:00:00,3,-1,0.00011836169,93,2021-01-01
2021-09-28 21:00:00,2021-09-28 20:00:00,3,-2,0.000116148345,94,2021-01-01
2021-09-28 21:00:00,2021-09-28 20:00:00,-1,13,0.00011576398,95,2021-01-01
2021-09-28 21:00:00,2021-09-28 20:00:00,-3,8,0.00011551068,96,2021-01-01
2021-09-28 21:00:00,2021-09-28 20:00:00,3,17,0.00011504652,97,2021-01-01
2021-09-28 21:00:00,2021-09-28 20:00:00,1,11,0.00011449539,98,2021-01-01
2021-09-28 21:00:00,2021-09-28 20:00:00,-3,11,0.000114446506,99,2021-01-01
2021-09-28 21:00:00,2021-09-28 20:00:00,-3,12,0.000114446506,100,2021-01-01
2021-09-28 21:00:00,2021-09-28 20:00:00,7,1,0.00011317295,101,2021-01-01
2021-09-28 21:00:00,2021-09-28 20:00:00,-2,9,0.00011219571,102,2021-01-01
2021-09-28 21:00:00,2021-09-28 20:00:00,-3,14,0.00011210939,103,2021-01-01
2021-09-28 21:00:00,2021-09-28 20:00:00,-4,10,0.00011178586,104,2021-01-01
2021-09-28 21:00:00,2021-09-28 20:00:00,3,-3,0.000111553294,105,2021-01-01
2021-09-28 21:00:00,2021-09-28 20:00:00,2,-2,0.000111025875,106,2021-01-01
2021-09-28 21:00:00,2021-09-28 20:00:00,1,9,0.00011070523,107,2021-01-01
2021-09-28 21:00:00,2021-09-28 20:00:00,0,-6,0.00011053579,108,2021-01-01
2021-09-28 21:00:00,2021-09-28 20:00:00,-1,16,0.00010994911,109,2021-01-01
2021-09-28 21:00:00,2021-09-28 20:00:00,-1,15,0.00010937101,110,2021-01-01
2021-09-28 21:00:00,2021-09-28 20:00:00,-2,10,0.000108620974,111,2021-01-01
2021-09-28 21:00:00,2021-09-28 20:00:00,3,1,0.000108138374,112,2021-01-01
2021-09-28 21:00:00,2021-09-28 20:00:00,2,-6,0.00010805028,113,2021-01-01
2021-09-28 21:00:00,2021-09-28 20:00:00,2,7,0.000108014916,114,2021-01-01
2021-09-28 21:00:00,2021-09-28 20:00:00,-1,8,0.00010786007,115,2021-01-01
2021-09-28 21:00:00,2021-09-28 20:00:00,-1,9,0.0001076569,116,2021-01-01
2021-09-28 21:00:00,2021-09-28 20:00:00,5,-2,0.00010638274,117,2021-01-01
2021-09-28 21:00:00,2021-09-28 20:00:00,-2,15,0.00010622352,118,2021-01-01
2021-09-28 21:00:00,2021-09-28 20:00:00,-2,16,0.00010597455,119,2021-01-01
2021-09-28 21:00:00,2021-09-28 20:00:00,5,-3,0.00010562659,120,2021-01-01
2021-09-28 21:00:00,2021-09-28 20:00:00,1,1,0.00010479259,121,2021-01-01
2021-09-28 21:00:00,2021-09-28 20:00:00,1,-7,0.0001047247,122,2021-01-01
2021-09-28 21:00:00,2021-09-28 20:00:00,-4,-5,0.00010464515,123,2021-01-01
2021-09-28 21:00:00,2021-09-28 20:00:00,-1,-6,0.00010447687,124,2021-01-01
2021-09-28 21:00:00,2021-09-28 20:00:00,-3,7,0.00010312904,125,2021-01-01
2021-09-28 21:00:00,2021-09-28 20:00:00,-9,-1,0.0001026858,126,2021-01-01
2021-09-28 21:00:00,2021-09-28 20:00:00,1,-5,0.000100689904,127,2021-01-01
2021-09-28 21:00:00,2021-09-28 20:00:00,-1,3,9.997334e-05,128,2021-01-01
2021-09-28 21:00:00,2021-09-28 20:00:00,-4,8,9.9694495e-05,129,2021-01-01
2021-09-28 21:00:00,2021-09-28 20:00:00,1,-3,9.930961e-05,130,2021-01-01
2021-09-28 21:00:00,2021-09-28 20:00:00,7,-1,9.884235e-05,131,2021-01-01
2021-09-28 21:00:00,2021-09-28 20:00:00,0,18,9.831416e-05,132,2021-01-01
2021-09-28 21:00:00,2021-09-28 20:00:00,8,1,9.821033e-05,133,2021-01-01
2021-09-28 21:00:00,2021-09-28 20:00:00,-5,9,9.781707e-05,134,2021-01-01
2021-09-28 21:00:00,2021-09-28 20:00:00,4,1,9.753768e-05,135,2021-01-01
2021-09-28 21:00:00,2021-09-28 20:00:00,8,-1,9.725549e-05,136,2021-01-01
2021-09-28 21:00:00,2021-09-28 20:00:00,5,2,9.722867e-05,137,2021-01-01
2021-09-28 21:00:00,2021-09-28 20:00:00,0,-5,9.707544e-05,138,2021-01-01
2021-09-28 21:00:00,2021-09-28 20:00:00,0,19,9.705495e-05,139,2021-01-01
2021-09-28 21:00:00,2021-09-28 20:00:00,-5,10,9.6974254e-05,140,2021-01-01
2021-09-28 21:00:00,2021-09-28 20:00:00,-3,2,9.695659e-05,141,2021-01-01
2021-09-28 21:00:00,2021-09-28 20:00:00,-1,-7,9.6610725e-05,142,2021-01-01
2021-09-28 21:00:00,2021-09-28 20:00:00,-5,4,9.655697e-05,143,2021-01-01
2021-09-28 21:00:00,2021-09-28 20:00:00,-4,17,9.62049e-05,144,2021-01-01
2021-09-28 21:00:00,2021-09-28 20:00:00,-2,3,9.607582e-05,145,2021-01-01
2021-09-28 21:00:00,2021-09-28 20:00:00,-3,18,9.595884e-05,146,2021-01-01
2021-09-28 21:00:00,2021-09-28 20:00:00,-6,15,9.571235e-05,147,2021-01-01
2021-09-28 21:00:00,2021-09-28 20:00:00,1,20,9.566763e-05,148,2021-01-01
2021-09-28 21:00:00,2021-09-28 20:00:00,2,-7,9.561101e-05,149,2021-01-01
2021-09-28 21:00:00,2021-09-28 20:00:00,-1,7,9.559918e-05,150,2021-01-01
2021-09-28 21:00:00,2021-09-28 20:00:00,-1,18,9.540134e-05,151,2021-01-01
2021-09-28 21:00:00,2021-09-28 20:00:00,5,-4,9.440233e-05,152,2021-01-01
2021-09-28 21:00:00,2021-09-28 20:00:00,4,-6,9.426071e-05,153,2021-01-01
2021-09-28 21:00:00,2021-09-28 20:00:00,-9,6,9.423308e-05,154,2021-01-01
2021-09-28 21:00:00,2021-09-28 20:00:00,9,0,9.376412e-05,155,2021-01-01
2021-09-28 21:00:00,2021-09-28 20:00:00,-6,4,9.356483e-05,156,2021-01-01
2021-09-28 21:00:00,2021-09-28 20:00:00,-8,6,9.349772e-05,157,2021-01-01
2021-09-28 21:00:00,2021-09-28 20:00:00,-4,19,9.316681e-05,158,2021-01-01
2021-09-28 21:00:00,2021-09-28 20:00:00,-1,6,9.315645e-05,159,2021-01-01
2021-09-28 21:00:00,2021-09-28 20:00:00,10,-1,9.311709e-05,160,2021-01-01
2021-09-28 21:00:00,2021-09-28 20:00:00,-4,-4,9.240441e-05,161,2021-01-01
2021-09-28 21:00:00,2021-09-28 20:00:00,-2,-5,9.107098e-05,162,2021-01-01
2021-09-28 21:00:00,2021-09-28 20:00:00,-6,-2,9.076719e-05,163,2021-01-01
2021-09-28 21:00:00,2021-09-28 20:00:00,6,5,9.034068e-05,164,2021-01-01
2021-09-28 21:00:00,2021-09-28 20:00:00,9,1,9.0117916e-05,165,2021-01-01
2021-09-28 21:00:00,2021-09-28 20:00:00,-10,10,8.850605e-05,166,2021-01-01
2021-09-28 21:00:00,2021-09-28 20:00:00,9,3,8.800835e-05,167,2021-01-01
2021-09-28 21:00:00,2021-09-28 20:00:00,-4,2,8.7098735e-05,168,2021-01-01
2021-09-28 21:00:00,2021-09-28 20:00:00,-10,8,8.6986256e-05,169,2021-01-01
2021-09-28 21:00:00,2021-09-28 20:00:00,10,3,8.6309614e-05,170,2021-01-01
2021-09-28 21:00:00,2021-09-28 20:00:00,10,0,8.462337e-05,171,2021-01-01
2021-09-28 21:00:00,2021-09-28 20:00:00,10,5,8.415586e-05,172,2021-01-01
2021-09-28 21:00:00,2021-09-28 20:00:00,0,5,8.4127336e-05,173,2021-01-01
2021-09-28 21:00:00,2021-09-28 20:00:00,-1,2,8.386536e-05,174,2021-01-01
2021-09-28 21:00:00,2021-09-28 20:00:00,8,-4,8.345645e-05,175,2021-01-01
2021-09-28 21:00:00,2021-09-28 20:00:00,8,0,8.3229716e-05,176,2021-01-01
2021-09-28 21:00:00,2021-09-28 20:00:00,-1,5,8.26905e-05,177,2021-01-01
2021-09-28 21:00:00,2021-09-28 20:00:00,9,2,8.021946e-05,178,2021-01-01
2021-09-28 21:00:00,2021-09-28 20:00:00,-12,-5,7.679232e-05,179,2021-01-01
2021-09-28 21:00:00,2021-09-28 20:00:00,-11,-6,7.515907e-05,180,2021-01-01
2021-09-28 21:00:00,2021-09-28 20:00:00,-5,-4,7.328049e-05,181,2021-01-01
2021-09-28 21:00:00,2021-09-28 20:00:00,-2,1,7.15151e-05,182,2021-01-01
2021-09-28 21:00:00,2021-09-28 20:00:00,-10,-3,6.46109e-05,183,2021-01-01
2021-09-28 21:00:00,2021-09-28 20:00:00,-11,-5,6.239541e-05,184,2021-01-01
2021-09-28 21:00:00,2021-09-28 20:00:00,-10,-4,5.828735e-05,185,2021-01-01
2021-09-28 21:00:00,2021-09-28 20:00:00,-9,-4,4.334794e-05,186,2021-01-01
2021-10-03 21:00:00,2021-10-03 20:00:00,0,0,0.56787246,1,2021-01-01
2021-10-03 21:00:00,2021-10-03 20:00:00,0,12,0.5131596,2,2021-01-01
2021-10-03 21:00:00,2021-10-03 20:00:00,1,0,0.32626754,3,2021-01-01
2021-10-03 21:00:00,2021-10-03 20:00:00,2,0,0.31363147,4,2021-01-01
2021-10-03 21:00:00,2021-10-03 20:00:00,0,-1,0.30351487,5,2021-01-01
2021-10-03 21:00:00,2021-10-03 20:00:00,-4,-2,0.3005264,6,2021-01-01
2021-10-03 21:00:00,2021-10-03 20:00:00,-2,-3,0.25132522,7,2021-01-01
2021-10-03 21:00:00,2021-10-03 20:00:00,-1,0,0.22080702,8,2021-01-01
2021-10-03 21:00:00,2021-10-03 20:00:00,-3,-4,0.21309215,9,2021-01-01
2021-10-03 21:00:00,2021-10-03 20:00:00,-2,0,0.09879669,10,2021-01-01
2021-10-03 21:00:00,2021-10-03 20:00:00,-2,-4,0.09660685,11,2021-01-01
2021-10-03 21:00:00,2021-10-03 20:00:00,-9,-5,0.08311888,12,2021-01-01
2021-10-03 21:00:00,2021-10-03 20:00:00,-1,-1,0.07452363,13,2021-01-01
2021-10-03 21:00:00,2021-10-03 20:00:00,-4,-1,0.07332482,14,2021-01-01
2021-10-03 21:00:00,2021-10-03 20:00:00,-5,-2,0.07165883,15,2021-01-01
2021-10-03 21:00:00,2021-10-03 20:00:00,-3,-3,0.06177779,16,2021-01-01
2021-10-03 21:00:00,2021-10-03 20:00:00,-2,-1,0.06042571,17,2021-01-01
2021-10-03 21:00:00,2021-10-03 20:00:00,-5,-1,0.048360985,18,2021-01-01
2021-10-03 21:00:00,2021-10-03 20:00:00,-5,1,0.045981187,19,2021-01-01
2021-10-03 21:00:00,2021-10-03 20:00:00,1,-1,0.042266008,20,2021-01-01
2021-10-03 21:00:00,2021-10-03 20:00:00,2,1,0.03833009,21,2021-01-01
2021-10-03 21:00:00,2021-10-03 20:00:00,-3,0,0.03441293,22,2021-01-01
2021-10-03 21:00:00,2021-10-03 20:00:00,-4,-3,0.026302176,23,2021-01-01
2021-10-03 21:00:00,2021-10-03 20:00:00,-3,-1,0.019795394,24,2021-01-01
2021-10-03 21:00:00,2021-10-03 20:00:00,6,-4,0.018944696,25,2021-01-01
2021-10-03 21:00:00,2021-10-03 20:00:00,-2,-2,0.014983505,26,2021-01-01
2021-10-03 21:00:00,2021-10-03 20:00:00,-3,-2,0.012107525,27,2021-01-01
2021-10-03 21:00:00,2021-10-03 20:00:00,0,17,0.011796147,28,2021-01-01
2021-10-03 21:00:00,2021-10-03 20:00:00,0,1,0.011059261,29,2021-01-01
2021-10-03 21:00:00,2021-10-03 20:00:00,2,-1,0.010034164,30,2021-01-01
2021-10-03 21:00:00,2021-10-03 20:00:00,-1,-2,0.007219624,31,2021-01-01
2021-10-03 21:00:00,2021-10-03 20:00:00,-6,8,0.0067567346,32,2021-01-01
2021-10-03 21:00:00,2021-10-03 20:00:00,-4,0,0.0065192045,33,2021-01-01
2021-10-03 21:00:00,2021-10-03 20:00:00,-5,0,0.0057170955,34,2021-01-01
2021-10-03 21:00:00,2021-10-03 20:00:00,0,-2,0.005317801,35,2021-01-01
2021-10-03 21:00:00,2021-10-03 20:00:00,5,-1,0.0051211254,36,2021-01-01
2021-10-03 21:00:00,2021-10-03 20:00:00,7,-5,0.005038068,37,2021-01-01
2021-10-03 21:00:00,2021-10-03 20:00:00,-4,4,0.00494156,38,2021-01-01
2021-10-03 21:00:00,2021-10-03 20:00:00,0,8,0.004869737,39,2021-01-01
2021-10-03 21:00:00,2021-10-03 20:00:00,1,-2,0.0034684008,40,2021-01-01
2021-10-03 21:00:00,2021-10-03 20:00:00,3,0,0.002209368,41,2021-01-01
2021-10-03 21:00:00,2021-10-03 20:00:00,0,-3,0.001742104,42,2021-01-01
2021-10-03 21:00:00,2021-10-03 20:00:00,6,-3,0.0016283569,43,2021-01-01
2021-10-03 21:00:00,2021-10-03 20:00:00,2,8,0.0015903394,44,2021-01-01
2021-10-03 21:00:00,2021-10-03 20:00:00,7,4,0.0015485155,45,2021-01-01
2021-10-03 21:00:00,2021-10-03 20:00:00,-5,15,0.0015431448,46,2021-01-01
2021-10-03 21:00:00,2021-10-03 20:00:00,-8,6,0.0012727486,47,2021-01-01
2021-10-03 21:00:00,2021-10-03 20:00:00,-1,-3,0.0012629321,48,2021-01-01
2021-10-03 21:00:00,2021-10-03 20:00:00,-5,-3,0.0011943994,49,2021-01-01
2021-10-03 21:00:00,2021-10-03 20:00:00,-3,1,0.0008841216,50,2021-01-01
2021-10-03 21:00:00,2021-10-03 20:00:00,1,6,0.0008576068,51,2021-01-01
2021-10-03 21:00:00,2021-10-03 20:00:00,-2,11,0.0008430849,52,2021-01-01
2021-10-03 21:00:00,2021-10-03 20:00:00,0,9,0.0008424486,53,2021-01-01
2021-10-03 21:00:00,2021-10-03 20:00:00,7,-4,0.0008345589,54,2021-01-01
2021-10-03 21:00:00,2021-10-03 20:00:00,6,3,0.00082653976,55,2021-01-01
2021-10-03 21:00:00,2021-10-03 20:00:00,-3,9,0.0007891787,56,2021-01-01
2021-10-03 21:00:00,2021-10-03 20:00:00,-5,11,0.0007589474,57,2021-01-01
2021-10-03 21:00:00,2021-10-03 20:00:00,-4,5,0.00075844204,58,2021-01-01
2021-10-03 21:00:00,2021-10-03 20:00:00,-5,2,0.00070335786,59,2021-01-01
2021-10-03 21:00:00,2021-10-03 20:00:00,1,5,0.00069241173,60,2021-01-01
2021-10-03 21:00:00,2021-10-03 20:00:00,2,-3,0.00066428346,61,2021-01-01
2021-10-03 21:00:00,2021-10-03 20:00:00,1,2,0.0006202549,62,2021-01-01
2021-10-03 21:00:00,2021-10-03 20:00:00,-1,11,0.0005856992,63,2021-01-01
2021-10-03 21:00:00,2021-10-03 20:00:00,-1,1,0.00058194576,64,2021-01-01
2021-10-03 21:00:00,2021-10-03 20:00:00,-2,8,0.00057615543,65,2021-01-01
2021-10-03 21:00:00,2021-10-03 20:00:00,1,8,0.00046389396,66,2021-01-01
2021-10-03 21:00:00,2021-10-03 20:00:00,-3,15,0.00046100203,67,2021-01-01
2021-10-03 21:00:00,2021-10-03 20:00:00,-3,13,0.0004595888,68,2021-01-01
2021-10-03 21:00:00,2021-10-03 20:00:00,1,19,0.00044620805,69,2021-01-01
2021-10-03 21:00:00,2021-10-03 20:00:00,4,-1,0.00041913788,70,2021-01-01
2021-10-03 21:00:00,2021-10-03 20:00:00,-5,-5,0.00039240732,71,2021-01-01
2021-10-03 21:00:00,2021-10-03 20:00:00,6,6,0.00039207246,72,2021-01-01
2021-10-03 21:00:00,2021-10-03 20:00:00,2,20,0.00039029735,73,2021-01-01
2021-10-03 21:00:00,2021-10-03 20:00:00,-4,12,0.00038756206,74,2021-01-01
2021-10-03 21:00:00,2021-10-03 20:00:00,7,11,0.00034964562,75,2021-01-01
2021-10-03 21:00:00,2021-10-03 20:00:00,8,-3,0.00034426225,76,2021-01-01
2021-10-03 21:00:00,2021-10-03 20:00:00,5,3,0.00033951912,77,2021-01-01
2021-10-03 21:00:00,2021-10-03 20:00:00,-2,13,0.00033510567,78,2021-01-01
2021-10-03 21:00:00,2021-10-03 20:00:00,-1,13,0.0003301051,79,2021-01-01
2021-10-03 21:00:00,2021-10-03 20:00:00,-11,-6,0.00032755244,80,2021-01-01
2021-10-03 21:00:00,2021-10-03 20:00:00,8,1,0.00032022502,81,2021-01-01
2021-10-03 21:00:00,2021-10-03 20:00:00,0,13,0.0003180641,82,2021-01-01
2021-10-03 21:00:00,2021-10-03 20:00:00,-6,1,0.00031767556,83,2021-01-01
2021-10-03 21:00:00,2021-10-03 20:00:00,2,9,0.0003148586,84,2021-01-01
2021-10-03 21:00:00,2021-10-03 20:00:00,0,14,0.00031461872,85,2021-01-01
2021-10-03 21:00:00,2021-10-03 20:00:00,-6,-3,0.0003129087,86,2021-01-01
2021-10-03 21:00:00,2021-10-03 20:00:00,0,11,0.00031215497,87,2021-01-01
2021-10-03 21:00:00,2021-10-03 20:00:00,-2,16,0.00030444952,88,2021-01-01
2021-10-03 21:00:00,2021-10-03 20:00:00,-1,15,0.0003033993,89,2021-01-01
2021-10-03 21:00:00,2021-10-03 20:00:00,-1,8,0.0003022624,90,2021-01-01
2021-10-03 21:00:00,2021-10-03 20:00:00,-1,16,0.00030186996,91,2021-01-01
2021-10-03 21:00:00,2021-10-03 20:00:00,-2,15,0.00030164694,92,2021-01-01
2021-10-03 21:00:00,2021-10-03 20:00:00,-1,9,0.00029878714,93,2021-01-01
2021-10-03 21:00:00,2021-10-03 20:00:00,-2,9,0.0002979675,94,2021-01-01
2021-10-03 21:00:00,2021-10-03 20:00:00,-1,7,0.0002945579,95,2021-01-01
2021-10-03 21:00:00,2021-10-03 20:00:00,-12,-5,0.00029376408,96,2021-01-01
2021-10-03 21:00:00,2021-10-03 20:00:00,1,9,0.0002923318,97,2021-01-01
2021-10-03 21:00:00,2021-10-03 20:00:00,-1,6,0.00029026388,98,2021-01-01
2021-10-03 21:00:00,2021-10-03 20:00:00,-2,10,0.00028740178,99,2021-01-01
2021-10-03 21:00:00,2021-10-03 20:00:00,10,3,0.00028540616,100,2021-01-01
2021-10-03 21:00:00,2021-10-03 20:00:00,6,5,0.00028448555,101,2021-01-01
2021-10-03 21:00:00,2021-10-03 20:00:00,1,11,0.00028428904,102,2021-01-01
2021-10-03 21:00:00,2021-10-03 20:00:00,-1,18,0.00028370795,103,2021-01-01
2021-10-03 21:00:00,2021-10-03 20:00:00,9,3,0.0002799095,104,2021-01-01
2021-10-03 21:00:00,2021-10-03 20:00:00,-9,0,0.00027264722,105,2021-01-01
2021-10-03 21:00:00,2021-10-03 20:00:00,9,-2,0.00026902324,106,2021-01-01
2021-10-03 21:00:00,2021-10-03 20:00:00,-9,-1,0.00026799654,107,2021-01-01
2021-10-03 21:00:00,2021-10-03 20:00:00,2,7,0.0002637472,108,2021-01-01
2021-10-03 21:00:00,2021-10-03 20:00:00,-3,18,0.0002605789,109,2021-01-01
2021-10-03 21:00:00,2021-10-03 20:00:00,0,18,0.00025576644,110,2021-01-01
2021-10-03 21:00:00,2021-10-03 20:00:00,1,20,0.00025267393,111,2021-01-01
2021-10-03 21:00:00,2021-10-03 20:00:00,0,19,0.0002514147,112,2021-01-01
2021-10-03 21:00:00,2021-10-03 20:00:00,4,1,0.00025119339,113,2021-01-01
2021-10-03 21:00:00,2021-10-03 20:00:00,1,-7,0.00025018986,114,2021-01-01
2021-10-03 21:00:00,2021-10-03 20:00:00,-3,7,0.00024789586,115,2021-01-01
2021-10-03 21:00:00,2021-10-03 20:00:00,3,1,0.00024490725,116,2021-01-01
2021-10-03 21:00:00,2021-10-03 20:00:00,10,5,0.00023837211,117,2021-01-01
2021-10-03 21:00:00,2021-10-03 20:00:00,0,-6,0.00023165268,118,2021-01-01
2021-10-03 21:00:00,2021-10-03 20:00:00,-11,-5,0.0002265639,119,2021-01-01
2021-10-03 21:00:00,2021-10-03 20:00:00,7,-1,0.00022648716,120,2021-01-01
2021-10-03 21:00:00,2021-10-03 20:00:00,-4,10,0.00022614998,121,2021-01-01
2021-10-03 21:00:00,2021-10-03 20:00:00,-10,-4,0.0002252107,122,2021-01-01
2021-10-03 21:00:00,2021-10-03 20:00:00,7,1,0.00022454881,123,2021-01-01
2021-10-03 21:00:00,2021-10-03 20:00:00,5,2,0.00022245332,124,2021-01-01
2021-10-03 21:00:00,2021-10-03 20:00:00,-5,4,0.0002220224,125,2021-01-01
2021-10-03 21:00:00,2021-10-03 20:00:00,-4,19,0.0002215409,126,2021-01-01
2021-10-03 21:00:00,2021-10-03 20:00:00,3,-1,0.00022090784,127,2021-01-01
2021-10-03 21:00:00,2021-10-03 20:00:00,6,11,0.00021803677,128,2021-01-01
2021-10-03 21:00:00,2021-10-03 20:00:00,-3,8,0.00021781365,129,2021-01-01
2021-10-03 21:00:00,2021-10-03 20:00:00,-6,4,0.0002159056,130,2021-01-01
2021-10-03 21:00:00,2021-10-03 20:00:00,-5,10,0.00021540542,131,2021-01-01
2021-10-03 21:00:00,2021-10-03 20:00:00,-1,-4,0.00021382458,132,2021-01-01
2021-10-03 21:00:00,2021-10-03 20:00:00,-3,14,0.00021171306,133,2021-01-01
2021-10-03 21:00:00,2021-10-03 20:00:00,-7,1,0.00021062,134,2021-01-01
2021-10-03 21:00:00,2021-10-03 20:00:00,-3,11,0.00020908768,135,2021-01-01
2021-10-03 21:00:00,2021-10-03 20:00:00,-3,12,0.00020580436,136,2021-01-01
2021-10-03 21:00:00,2021-10-03 20:00:00,-7,-1,0.00020298122,137,2021-01-01
2021-10-03 21:00:00,2021-10-03 20:00:00,-4,3,0.00020232836,138,2021-01-01
2021-10-03 21:00:00,2021-10-03 20:00:00,-10,10,0.00020123566,139,2021-01-01
2021-10-03 21:00:00,2021-10-03 20:00:00,-10,8,0.00020096509,140,2021-01-01
2021-10-03 21:00:00,2021-10-03 20:00:00,3,17,0.00020026462,141,2021-01-01
2021-10-03 21:00:00,2021-10-03 20:00:00,-9,6,0.00019783905,142,2021-01-01
2021-10-03 21:00:00,2021-10-03 20:00:00,-5,9,0.00019543948,143,2021-01-01
2021-10-03 21:00:00,2021-10-03 20:00:00,-1,-6,0.00019502391,144,2021-01-01
2021-10-03 21:00:00,2021-10-03 20:00:00,-1,5,0.00019342916,145,2021-01-01
2021-10-03 21:00:00,2021-10-03 20:00:00,-3,2,0.00019230317,146,2021-01-01
2021-10-03 21:00:00,2021-10-03 20:00:00,-4,8,0.00018972189,147,2021-01-01
2021-10-03 21:00:00,2021-10-03 20:00:00,-9,-4,0.00018277217,148,2021-01-01
2021-10-03 21:00:00,2021-10-03 20:00:00,4,14,0.00018024804,149,2021-01-01
2021-10-03 21:00:00,2021-10-03 20:00:00,1,-3,0.00017665856,150,2021-01-01
2021-10-03 21:00:00,2021-10-03 20:00:00,-6,15,0.00017592758,151,2021-01-01
2021-10-03 21:00:00,2021-10-03 20:00:00,9,2,0.00017556227,152,2021-01-01
2021-10-03 21:00:00,2021-10-03 20:00:00,-1,-7,0.00017483339,153,2021-01-01
2021-10-03 21:00:00,2021-10-03 20:00:00,9,1,0.00017305947,154,2021-01-01
2021-10-03 21:00:00,2021-10-03 20:00:00,-4,17,0.00017222592,155,2021-01-01
2021-10-03 21:00:00,2021-10-03 20:00:00,1,1,0.00017161027,156,2021-01-01
2021-10-03 21:00:00,2021-10-03 20:00:00,8,0,0.00016595994,157,2021-01-01
2021-10-03 21:00:00,2021-10-03 20:00:00,-10,-3,0.00016452959,158,2021-01-01
2021-10-03 21:00:00,2021-10-03 20:00:00,0,5,0.00016320597,159,2021-01-01
2021-10-03 21:00:00,2021-10-03 20:00:00,5,-2,0.00016115683,160,2021-01-01
2021-10-03 21:00:00,2021-10-03 20:00:00,-1,3,0.00015755545,161,2021-01-01
2021-10-03 21:00:00,2021-10-03 20:00:00,-6,-2,0.00015153374,162,2021-01-01
2021-10-03 21:00:00,2021-10-03 20:00:00,8,-1,0.00014997007,163,2021-01-01
2021-10-03 21:00:00,2021-10-03 20:00:00,-5,-4,0.00014931452,164,2021-01-01
2021-10-03 21:00:00,2021-10-03 20:00:00,4,-4,0.00014870038,165,2021-01-01
2021-10-03 21:00:00,2021-10-03 20:00:00,9,0,0.00014446251,166,2021-01-01
2021-10-03 21:00:00,2021-10-03 20:00:00,2,-2,0.0001420718,167,2021-01-01
2021-10-03 21:00:00,2021-10-03 20:00:00,-4,-4,0.0001399321,168,2021-01-01
2021-10-03 21:00:00,2021-10-03 20:00:00,-1,2,0.00013623894,169,2021-01-01
2021-10-03 21:00:00,2021-10-03 20:00:00,-4,-5,0.00012766382,170,2021-01-01
2021-10-03 21:00:00,2021-10-03 20:00:00,-2,1,0.00012663462,171,2021-01-01
2021-10-03 21:00:00,2021-10-03 20:00:00,-2,-5,0.00012190226,172,2021-01-01
2021-10-03 21:00:00,2021-10-03 20:00:00,3,-2,0.000108291424,173,2021-01-01
2021-10-03 21:00:00,2021-10-03 20:00:00,-4,2,0.00010483893,174,2021-01-01
2021-10-03 21:00:00,2021-10-03 20:00:00,-2,3,9.804623e-05,175,2021-01-01
2021-10-03 21:00:00,2021-10-03 20:00:00,5,-3,9.2063914e-05,176,2021-01-01
2021-10-03 21:00:00,2021-10-03 20:00:00,5,-4,9.031404e-05,177,2021-01-01
2021-10-03 21:00:00,2021-10-03 20:00:00,4,-6,8.83438e-05,178,2021-01-01
2021-10-03 21:00:00,2021-10-03 20:00:00,10,0,8.823798e-05,179,2021-01-01
2021-10-03 21:00:00,2021-10-03 20:00:00,8,-4,8.477535e-05,180,2021-01-01
2021-10-03 21:00:00,2021-10-03 20:00:00,2,-7,8.430685e-05,181,2021-01-01
2021-10-03 21:00:00,2021-10-03 20:00:00,10,-1,8.321928e-05,182,2021-01-01
2021-10-03 21:00:00,2021-10-03 20:00:00,2,-6,8.24976e-05,183,2021-01-01
2021-10-03 21:00:00,2021-10-03 20:00:00,1,-5,8.081522e-05,184,2021-01-01
2021-10-03 21:00:00,2021-10-03 20:00:00,0,-5,8.038461e-05,185,2021-01-01
2021-10-03 21:00:00,2021-10-03 20:00:00,3,-3,7.7048906e-05,186,2021-01-01
2021-10-05 22:00:00,2021-10-05 21:00:00,0,0,0.23907113,1,2021-01-01
2021-10-05 22:00:00,2021-10-05 21:00:00,0,12,0.20843546,2,2021-01-01
2021-10-05 22:00:00,2021-10-05 21:00:00,0,-1,0.19007562,3,2021-01-01
2021-10-05 22:00:00,2021-10-05 21:00:00,-4,-2,0.17141587,4,2021-01-01
2021-10-05 22:00:00,2021-10-05 21:00:00,-1,0,0.13361783,5,2021-01-01
2021-10-05 22:00:00,2021-10-05 21:00:00,-2,-3,0.10269628,6,2021-01-01
2021-10-05 22:00:00,2021-10-05 21:00:00,1,0,0.059145715,7,2021-01-01
2021-10-05 22:00:00,2021-10-05 21:00:00,-3,-4,0.04805233,8,2021-01-01
2021-10-05 22:00:00,2021-10-05 21:00:00,-2,-4,0.04382062,9,2021-01-01
2021-10-05 22:00:00,2021-10-05 21:00:00,-5,-2,0.030473901,10,2021-01-01
2021-10-05 22:00:00,2021-10-05 21:00:00,-1,-1,0.023823207,11,2021-01-01
2021-10-05 22:00:00,2021-10-05 21:00:00,-4,-3,0.021828465,12,2021-01-01
2021-10-05 22:00:00,2021-10-05 21:00:00,-2,0,0.0204338,13,2021-01-01
2021-10-05 22:00:00,2021-10-05 21:00:00,-4,-1,0.019660035,14,2021-01-01
2021-10-05 22:00:00,2021-10-05 21:00:00,2,0,0.015095479,15,2021-01-01
2021-10-05 22:00:00,2021-10-05 21:00:00,-2,-1,0.010858651,16,2021-01-01
2021-10-05 22:00:00,2021-10-05 21:00:00,-5,1,0.01000769,17,2021-01-01
2021-10-05 22:00:00,2021-10-05 21:00:00,2,1,0.009271133,18,2021-01-01
2021-10-05 22:00:00,2021-10-05 21:00:00,-5,-1,0.009252642,19,2021-01-01
2021-10-05 22:00:00,2021-10-05 21:00:00,6,-4,0.008213421,20,2021-01-01
2021-10-05 22:00:00,2021-10-05 21:00:00,-9,-5,0.008000559,21,2021-01-01
2021-10-05 22:00:00,2021-10-05 21:00:00,-3,-3,0.007258494,22,2021-01-01
2021-10-05 22:00:00,2021-10-05 21:00:00,1,-1,0.0071506244,23,2021-01-01
2021-10-05 22:00:00,2021-10-05 21:00:00,-1,-2,0.0039790077,24,2021-01-01
2021-10-05 22:00:00,2021-10-05 21:00:00,-2,-2,0.0038382343,25,2021-01-01
2021-10-05 22:00:00,2021-10-05 21:00:00,2,-1,0.0036486064,26,2021-01-01
2021-10-05 22:00:00,2021-10-05 21:00:00,-3,-1,0.0035387098,27,2021-01-01
2021-10-05 22:00:00,2021-10-05 21:00:00,7,-5,0.003369905,28,2021-01-01
2021-10-05 22:00:00,2021-10-05 21:00:00,-3,0,0.002682387,29,2021-01-01
2021-10-05 22:00:00,2021-10-05 21:00:00,-3,-2,0.0024925459,30,2021-01-01
2021-10-05 22:00:00,2021-10-05 21:00:00,-6,8,0.0023615581,31,2021-01-01
2021-10-05 22:00:00,2021-10-05 21:00:00,0,-2,0.0022467624,32,2021-01-01
2021-10-05 22:00:00,2021-10-05 21:00:00,-4,0,0.0021553384,33,2021-01-01
2021-10-05 22:00:00,2021-10-05 21:00:00,-4,4,0.0020935123,34,2021-01-01
2021-10-05 22:00:00,2021-10-05 21:00:00,0,17,0.0019299998,35,2021-01-01
2021-10-05 22:00:00,2021-10-05 21:00:00,0,1,0.0016507522,36,2021-01-01
2021-10-05 22:00:00,2021-10-05 21:00:00,5,-1,0.0012958678,37,2021-01-01
2021-10-05 22:00:00,2021-10-05 21:00:00,0,8,0.0012461945,38,2021-01-01
2021-10-05 22:00:00,2021-10-05 21:00:00,1,-2,0.0011878159,39,2021-01-01
2021-10-05 22:00:00,2021-10-05 21:00:00,6,-3,0.0011070246,40,2021-01-01
2021-10-05 22:00:00,2021-10-05 21:00:00,-5,0,0.0009520611,41,2021-01-01
2021-10-05 22:00:00,2021-10-05 21:00:00,-1,-3,0.00093059504,42,2021-01-01
2021-10-05 22:00:00,2021-10-05 21:00:00,-5,15,0.0009189519,43,2021-01-01
2021-10-05 22:00:00,2021-10-05 21:00:00,3,0,0.00087220455,44,2021-01-01
2021-10-05 22:00:00,2021-10-05 21:00:00,0,-3,0.0008167725,45,2021-01-01
2021-10-05 22:00:00,2021-10-05 21:00:00,-5,2,0.00081414386,46,2021-01-01
2021-10-05 22:00:00,2021-10-05 21:00:00,7,-4,0.00075633853,47,2021-01-01
2021-10-05 22:00:00,2021-10-05 21:00:00,-8,6,0.00063438265,48,2021-01-01
2021-10-05 22:00:00,2021-10-05 21:00:00,0,9,0.0005596224,49,2021-01-01
2021-10-05 22:00:00,2021-10-05 21:00:00,-3,9,0.00050346967,50,2021-01-01
2021-10-05 22:00:00,2021-10-05 21:00:00,-3,1,0.00045244643,51,2021-01-01
2021-10-05 22:00:00,2021-10-05 21:00:00,2,8,0.0004461439,52,2021-01-01
2021-10-05 22:00:00,2021-10-05 21:00:00,-5,-3,0.00044457184,53,2021-01-01
2021-10-05 22:00:00,2021-10-05 21:00:00,-5,11,0.00043512776,54,2021-01-01
2021-10-05 22:00:00,2021-10-05 21:00:00,-4,5,0.0004122637,55,2021-01-01
2021-10-05 22:00:00,2021-10-05 21:00:00,7,4,0.00041063153,56,2021-01-01
2021-10-05 22:00:00,2021-10-05 21:00:00,1,6,0.00040766902,57,2021-01-01
2021-10-05 22:00:00,2021-10-05 21:00:00,1,2,0.00040662117,58,2021-01-01
2021-10-05 22:00:00,2021-10-05 21:00:00,2,-3,0.0004016529,59,2021-01-01
2021-10-05 22:00:00,2021-10-05 21:00:00,6,3,0.00039991888,60,2021-01-01
2021-10-05 22:00:00,2021-10-05 21:00:00,-1,1,0.0003870741,61,2021-01-01
2021-10-05 22:00:00,2021-10-05 21:00:00,-6,-3,0.00032499593,62,2021-01-01
2021-10-05 22:00:00,2021-10-05 21:00:00,7,11,0.00030145422,63,2021-01-01
2021-10-05 22:00:00,2021-10-05 21:00:00,1,19,0.0003006433,64,2021-01-01
2021-10-05 22:00:00,2021-10-05 21:00:00,2,9,0.00029682377,65,2021-01-01
2021-10-05 22:00:00,2021-10-05 21:00:00,-5,-5,0.00029068472,66,2021-01-01
2021-10-05 22:00:00,2021-10-05 21:00:00,-1,11,0.00028827193,67,2021-01-01
2021-10-05 22:00:00,2021-10-05 21:00:00,2,20,0.00028582852,68,2021-01-01
2021-10-05 22:00:00,2021-10-05 21:00:00,-2,11,0.0002715506,69,2021-01-01
2021-10-05 22:00:00,2021-10-05 21:00:00,9,-2,0.00026571436,70,2021-01-01
2021-10-05 22:00:00,2021-10-05 21:00:00,-2,8,0.00026447917,71,2021-01-01
2021-10-05 22:00:00,2021-10-05 21:00:00,1,8,0.000263912,72,2021-01-01
2021-10-05 22:00:00,2021-10-05 21:00:00,-6,1,0.00026233678,73,2021-01-01
2021-10-05 22:00:00,2021-10-05 21:00:00,1,5,0.00024751923,74,2021-01-01
2021-10-05 22:00:00,2021-10-05 21:00:00,-3,13,0.00024347629,75,2021-01-01
2021-10-05 22:00:00,2021-10-05 21:00:00,-1,-4,0.0002422163,76,2021-01-01
2021-10-05 22:00:00,2021-10-05 21:00:00,4,-1,0.00023843057,77,2021-01-01
2021-10-05 22:00:00,2021-10-05 21:00:00,4,-4,0.00023441015,78,2021-01-01
2021-10-05 22:00:00,2021-10-05 21:00:00,8,-3,0.0002333112,79,2021-01-01
2021-10-05 22:00:00,2021-10-05 21:00:00,-4,12,0.00022878702,80,2021-01-01
2021-10-05 22:00:00,2021-10-05 21:00:00,-3,15,0.00022834331,81,2021-01-01
2021-10-05 22:00:00,2021-10-05 21:00:00,-4,3,0.00022341429,82,2021-01-01
2021-10-05 22:00:00,2021-10-05 21:00:00,3,17,0.00018551141,83,2021-01-01
2021-10-05 22:00:00,2021-10-05 21:00:00,4,14,0.0001827149,84,2021-01-01
2021-10-05 22:00:00,2021-10-05 21:00:00,6,11,0.00016800733,85,2021-01-01
2021-10-05 22:00:00,2021-10-05 21:00:00,-9,-1,0.00016138762,86,2021-01-01
2021-10-05 22:00:00,2021-10-05 21:00:00,0,11,0.00016131792,87,2021-01-01
2021-10-05 22:00:00,2021-10-05 21:00:00,1,11,0.00016045141,88,2021-01-01
2021-10-05 22:00:00,2021-10-05 21:00:00,-9,0,0.00015934955,89,2021-01-01
2021-10-05 22:00:00,2021-10-05 21:00:00,0,13,0.00015846528,90,2021-01-01
2021-10-05 22:00:00,2021-10-05 21:00:00,-3,12,0.00015814207,91,2021-01-01
2021-10-05 22:00:00,2021-10-05 21:00:00,-7,-1,0.00015804013,92,2021-01-01
2021-10-05 22:00:00,2021-10-05 21:00:00,0,14,0.0001578931,93,2021-01-01
2021-10-05 22:00:00,2021-10-05 21:00:00,10,5,0.0001577607,94,2021-01-01
2021-10-05 22:00:00,2021-10-05 21:00:00,-3,8,0.00015606881,95,2021-01-01
2021-10-05 22:00:00,2021-10-05 21:00:00,-3,11,0.00015606881,96,2021-01-01
2021-10-05 22:00:00,2021-10-05 21:00:00,1,20,0.00015350612,97,2021-01-01
2021-10-05 22:00:00,2021-10-05 21:00:00,-1,13,0.0001522741,98,2021-01-01
2021-10-05 22:00:00,2021-10-05 21:00:00,-1,15,0.00015128557,99,2021-01-01
2021-10-05 22:00:00,2021-10-05 21:00:00,1,9,0.00014916032,100,2021-01-01
2021-10-05 22:00:00,2021-10-05 21:00:00,-1,16,0.00014881261,101,2021-01-01
2021-10-05 22:00:00,2021-10-05 21:00:00,9,3,0.00014881215,102,2021-01-01
2021-10-05 22:00:00,2021-10-05 21:00:00,10,0,0.00014594344,103,2021-01-01
2021-10-05 22:00:00,2021-10-05 21:00:00,-7,1,0.0001456995,104,2021-01-01
2021-10-05 22:00:00,2021-10-05 21:00:00,10,3,0.00014469745,105,2021-01-01
2021-10-05 22:00:00,2021-10-05 21:00:00,9,2,0.00014439184,106,2021-01-01
2021-10-05 22:00:00,2021-10-05 21:00:00,9,1,0.00014406793,107,2021-01-01
2021-10-05 22:00:00,2021-10-05 21:00:00,-1,9,0.00014199915,108,2021-01-01
2021-10-05 22:00:00,2021-10-05 21:00:00,9,0,0.00014182596,109,2021-01-01
2021-10-05 22:00:00,2021-10-05 21:00:00,6,5,0.0001418247,110,2021-01-01
2021-10-05 22:00:00,2021-10-05 21:00:00,10,-1,0.00014181895,111,2021-01-01
2021-10-05 22:00:00,2021-10-05 21:00:00,0,19,0.00014139291,112,2021-01-01
2021-10-05 22:00:00,2021-10-05 21:00:00,1,-5,0.00014098478,113,2021-01-01
2021-10-05 22:00:00,2021-10-05 21:00:00,0,-5,0.00014094566,114,2021-01-01
2021-10-05 22:00:00,2021-10-05 21:00:00,6,6,0.00014064643,115,2021-01-01
2021-10-05 22:00:00,2021-10-05 21:00:00,1,-3,0.00014021924,116,2021-01-01
2021-10-05 22:00:00,2021-10-05 21:00:00,0,18,0.00013978942,117,2021-01-01
2021-10-05 22:00:00,2021-10-05 21:00:00,-3,14,0.00013948158,118,2021-01-01
2021-10-05 22:00:00,2021-10-05 21:00:00,-2,9,0.00013948158,119,2021-01-01
2021-10-05 22:00:00,2021-10-05 21:00:00,-2,10,0.00013948158,120,2021-01-01
2021-10-05 22:00:00,2021-10-05 21:00:00,-2,13,0.00013929534,121,2021-01-01
2021-10-05 22:00:00,2021-10-05 21:00:00,-2,15,0.00013889409,122,2021-01-01
2021-10-05 22:00:00,2021-10-05 21:00:00,-2,16,0.00013889409,123,2021-01-01
2021-10-05 22:00:00,2021-10-05 21:00:00,-1,8,0.00013889409,124,2021-01-01
2021-10-05 22:00:00,2021-10-05 21:00:00,2,7,0.0001385186,125,2021-01-01
2021-10-05 22:00:00,2021-10-05 21:00:00,-3,7,0.00013711568,126,2021-01-01
2021-10-05 22:00:00,2021-10-05 21:00:00,-4,10,0.00013675513,127,2021-01-01
2021-10-05 22:00:00,2021-10-05 21:00:00,-1,18,0.00013478375,128,2021-01-01
2021-10-05 22:00:00,2021-10-05 21:00:00,2,-6,0.00013221701,129,2021-01-01
2021-10-05 22:00:00,2021-10-05 21:00:00,8,-4,0.00013161777,130,2021-01-01
2021-10-05 22:00:00,2021-10-05 21:00:00,2,-7,0.00013126711,131,2021-01-01
2021-10-05 22:00:00,2021-10-05 21:00:00,-5,-4,0.00013103338,132,2021-01-01
2021-10-05 22:00:00,2021-10-05 21:00:00,8,1,0.00013051396,133,2021-01-01
2021-10-05 22:00:00,2021-10-05 21:00:00,-10,-3,0.00012988692,134,2021-01-01
2021-10-05 22:00:00,2021-10-05 21:00:00,1,-7,0.00012946408,135,2021-01-01
2021-10-05 22:00:00,2021-10-05 21:00:00,5,3,0.00012925813,136,2021-01-01
2021-10-05 22:00:00,2021-10-05 21:00:00,0,-6,0.00012853857,137,2021-01-01
2021-10-05 22:00:00,2021-10-05 21:00:00,-10,-4,0.00012834383,138,2021-01-01
2021-10-05 22:00:00,2021-10-05 21:00:00,3,-1,0.00012793517,139,2021-01-01
2021-10-05 22:00:00,2021-10-05 21:00:00,-3,2,0.00012669046,140,2021-01-01
2021-10-05 22:00:00,2021-10-05 21:00:00,-6,-2,0.00012632295,141,2021-01-01
2021-10-05 22:00:00,2021-10-05 21:00:00,-9,-4,0.00012589476,142,2021-01-01
2021-10-05 22:00:00,2021-10-05 21:00:00,3,-2,0.00012573306,143,2021-01-01
2021-10-05 22:00:00,2021-10-05 21:00:00,8,0,0.00012534905,144,2021-01-01
2021-10-05 22:00:00,2021-10-05 21:00:00,-1,-6,0.00012532742,145,2021-01-01
2021-10-05 22:00:00,2021-10-05 21:00:00,3,-3,0.00012503377,146,2021-01-01
2021-10-05 22:00:00,2021-10-05 21:00:00,-2,-5,0.00012487428,147,2021-01-01
2021-10-05 22:00:00,2021-10-05 21:00:00,5,2,0.00012486911,148,2021-01-01
2021-10-05 22:00:00,2021-10-05 21:00:00,-1,6,0.00012470735,149,2021-01-01
2021-10-05 22:00:00,2021-10-05 21:00:00,-1,7,0.00012470735,150,2021-01-01
2021-10-05 22:00:00,2021-10-05 21:00:00,-12,-5,0.00012424887,151,2021-01-01
2021-10-05 22:00:00,2021-10-05 21:00:00,7,1,0.00012357444,152,2021-01-01
2021-10-05 22:00:00,2021-10-05 21:00:00,-1,-7,0.00012338003,153,2021-01-01
2021-10-05 22:00:00,2021-10-05 21:00:00,-4,2,0.00012315919,154,2021-01-01
2021-10-05 22:00:00,2021-10-05 21:00:00,-11,-5,0.00012295834,155,2021-01-01
2021-10-05 22:00:00,2021-10-05 21:00:00,3,1,0.00012286242,156,2021-01-01
2021-10-05 22:00:00,2021-10-05 21:00:00,-5,9,0.000121931604,157,2021-01-01
2021-10-05 22:00:00,2021-10-05 21:00:00,-5,10,0.000121931604,158,2021-01-01
2021-10-05 22:00:00,2021-10-05 21:00:00,-4,-5,0.000121806115,159,2021-01-01
2021-10-05 22:00:00,2021-10-05 21:00:00,2,-2,0.000121400924,160,2021-01-01
2021-10-05 22:00:00,2021-10-05 21:00:00,-4,8,0.00012107042,161,2021-01-01
2021-10-05 22:00:00,2021-10-05 21:00:00,0,5,0.000119319884,162,2021-01-01
2021-10-05 22:00:00,2021-10-05 21:00:00,-2,1,0.00011918332,163,2021-01-01
2021-10-05 22:00:00,2021-10-05 21:00:00,1,1,0.00011914919,164,2021-01-01
2021-10-05 22:00:00,2021-10-05 21:00:00,4,1,0.00011860222,165,2021-01-01
2021-10-05 22:00:00,2021-10-05 21:00:00,-11,-6,0.000118522876,166,2021-01-01
2021-10-05 22:00:00,2021-10-05 21:00:00,-1,3,0.000118194504,167,2021-01-01
2021-10-05 22:00:00,2021-10-05 21:00:00,5,-2,0.00011766137,168,2021-01-01
2021-10-05 22:00:00,2021-10-05 21:00:00,5,-3,0.0001168561,169,2021-01-01
2021-10-05 22:00:00,2021-10-05 21:00:00,-3,18,0.00011634315,170,2021-01-01
2021-10-05 22:00:00,2021-10-05 21:00:00,-1,2,0.00011620747,171,2021-01-01
2021-10-05 22:00:00,2021-10-05 21:00:00,-4,17,0.00011569826,172,2021-01-01
2021-10-05 22:00:00,2021-10-05 21:00:00,-1,5,0.00011492249,173,2021-01-01
2021-10-05 22:00:00,2021-10-05 21:00:00,8,-1,0.00011452876,174,2021-01-01
2021-10-05 22:00:00,2021-10-05 21:00:00,-2,3,0.00011432881,175,2021-01-01
2021-10-05 22:00:00,2021-10-05 21:00:00,7,-1,0.00011393785,176,2021-01-01
2021-10-05 22:00:00,2021-10-05 21:00:00,5,-4,0.00011381176,177,2021-01-01
2021-10-05 22:00:00,2021-10-05 21:00:00,-4,19,0.00011328232,178,2021-01-01
2021-10-05 22:00:00,2021-10-05 21:00:00,-4,-4,0.00011214966,179,2021-01-01
2021-10-05 22:00:00,2021-10-05 21:00:00,-6,15,0.00011155906,180,2021-01-01
2021-10-05 22:00:00,2021-10-05 21:00:00,4,-6,0.0001112572,181,2021-01-01
2021-10-05 22:00:00,2021-10-05 21:00:00,-10,8,0.000108874425,182,2021-01-01
2021-10-05 22:00:00,2021-10-05 21:00:00,-9,6,0.000107497246,183,2021-01-01
2021-10-05 22:00:00,2021-10-05 21:00:00,-5,4,0.00010574716,184,2021-01-01
2021-10-05 22:00:00,2021-10-05 21:00:00,-6,4,0.000104354374,185,2021-01-01
2021-10-05 22:00:00,2021-10-05 21:00:00,-10,10,0.000103823375,186,2021-01-01
2022-06-26 23:00:00,2022-06-26 22:00:00,2,0,0.069153495,1,2021-01-01
2022-06-26 23:00:00,2022-06-26 22:00:00,0,12,0.06737354,2,2021-01-01
2022-06-26 23:00:00,2022-06-26 22:00:00,-3,-4,0.037615944,3,2021-01-01
2022-06-26 23:00:00,2022-06-26 22:00:00,-1,-1,0.035181064,4,2021-01-01
2022-06-26 23:00:00,2022-06-26 22:00:00,0,0,0.033951715,5,2021-01-01
2022-06-26 23:00:00,2022-06-26 22:00:00,0,-1,0.029691517,6,2021-01-01
2022-06-26 23:00:00,2022-06-26 22:00:00,-4,-3,0.02136753,7,2021-01-01
2022-06-26 23:00:00,2022-06-26 22:00:00,-2,-3,0.020968959,8,2021-01-01
2022-06-26 23:00:00,2022-06-26 22:00:00,-5,-1,0.018186912,9,2021-01-01
2022-06-26 23:00:00,2022-06-26 22:00:00,1,0,0.01805724,10,2021-01-01
2022-06-26 23:00:00,2022-06-26 22:00:00,-2,-2,0.016591718,11,2021-01-01
2022-06-26 23:00:00,2022-06-26 22:00:00,1,-1,0.015380721,12,2021-01-01
2022-06-26 23:00:00,2022-06-26 22:00:00,6,-4,0.015153495,13,2021-01-01
2022-06-26 23:00:00,2022-06-26 22:00:00,-1,0,0.014075027,14,2021-01-01
2022-06-26 23:00:00,2022-06-26 22:00:00,6,-3,0.00975921,15,2021-01-01
2022-06-26 23:00:00,2022-06-26 22:00:00,-2,-4,0.00795494,16,2021-01-01
2022-06-26 23:00:00,2022-06-26 22:00:00,-9,-5,0.0073124003,17,2021-01-01
2022-06-26 23:00:00,2022-06-26 22:00:00,-4,-2,0.006427822,18,2021-01-01
2022-06-26 23:00:00,2022-06-26 22:00:00,-2,0,0.0060337507,19,2021-01-01
2022-06-26 23:00:00,2022-06-26 22:00:00,5,-2,0.005241999,20,2021-01-01
2022-06-26 23:00:00,2022-06-26 22:00:00,2,-1,0.0050556553,21,2021-01-01
2022-06-26 23:00:00,2022-06-26 22:00:00,-3,-2,0.0038958173,22,2021-01-01
2022-06-26 23:00:00,2022-06-26 22:00:00,-3,-3,0.0033236088,23,2021-01-01
2022-06-26 23:00:00,2022-06-26 22:00:00,0,8,0.0032240928,24,2021-01-01
2022-06-26 23:00:00,2022-06-26 22:00:00,-3,0,0.0032116463,25,2021-01-01
2022-06-26 23:00:00,2022-06-26 22:00:00,0,-2,0.0032009606,26,2021-01-01
2022-06-26 23:00:00,2022-06-26 22:00:00,-4,-1,0.0026681293,27,2021-01-01
2022-06-26 23:00:00,2022-06-26 22:00:00,-3,-1,0.002658772,28,2021-01-01
2022-06-26 23:00:00,2022-06-26 22:00:00,-5,1,0.0025594279,29,2021-01-01
2022-06-26 23:00:00,2022-06-26 22:00:00,-1,-2,0.002490564,30,2021-01-01
2022-06-26 23:00:00,2022-06-26 22:00:00,2,1,0.0024634218,31,2021-01-01
2022-06-26 23:00:00,2022-06-26 22:00:00,-2,-1,0.0024143897,32,2021-01-01
2022-06-26 23:00:00,2022-06-26 22:00:00,0,1,0.0023389198,33,2021-01-01
2022-06-26 23:00:00,2022-06-26 22:00:00,7,4,0.0022792758,34,2021-01-01
2022-06-26 23:00:00,2022-06-26 22:00:00,0,17,0.002069525,35,2021-01-01
2022-06-26 23:00:00,2022-06-26 22:00:00,-1,7,0.0016304795,36,2021-01-01
2022-06-26 23:00:00,2022-06-26 22:00:00,-6,8,0.0015554122,37,2021-01-01
2022-06-26 23:00:00,2022-06-26 22:00:00,-4,0,0.0011514315,38,2021-01-01
2022-06-26 23:00:00,2022-06-26 22:00:00,-5,-2,0.00096225884,39,2021-01-01
2022-06-26 23:00:00,2022-06-26 22:00:00,7,-4,0.0009315044,40,2021-01-01
2022-06-26 23:00:00,2022-06-26 22:00:00,0,9,0.0006251118,41,2021-01-01
2022-06-26 23:00:00,2022-06-26 22:00:00,1,2,0.00057149696,42,2021-01-01
2022-06-26 23:00:00,2022-06-26 22:00:00,10,3,0.00056045124,43,2021-01-01
2022-06-26 23:00:00,2022-06-26 22:00:00,-4,4,0.000556066,44,2021-01-01
2022-06-26 23:00:00,2022-06-26 22:00:00,1,-2,0.00044365777,45,2021-01-01
2022-06-26 23:00:00,2022-06-26 22:00:00,-5,2,0.00042451834,46,2021-01-01
2022-06-26 23:00:00,2022-06-26 22:00:00,-4,5,0.00042258878,47,2021-01-01
2022-06-26 23:00:00,2022-06-26 22:00:00,10,5,0.00041532537,48,2021-01-01
2022-06-26 23:00:00,2022-06-26 22:00:00,-3,13,0.00041190055,49,2021-01-01
2022-06-26 23:00:00,2022-06-26 22:00:00,1,8,0.00039603308,50,2021-01-01
2022-06-26 23:00:00,2022-06-26 22:00:00,-5,11,0.00039240194,51,2021-01-01
2022-06-26 23:00:00,2022-06-26 22:00:00,1,19,0.00037113836,52,2021-01-01
2022-06-26 23:00:00,2022-06-26 22:00:00,-1,-3,0.00036832737,53,2021-01-01
2022-06-26 23:00:00,2022-06-26 22:00:00,-3,1,0.0003215021,54,2021-01-01
2022-06-26 23:00:00,2022-06-26 22:00:00,3,-1,0.00027855154,55,2021-01-01
2022-06-26 23:00:00,2022-06-26 22:00:00,-3,8,0.00027259017,56,2021-01-01
2022-06-26 23:00:00,2022-06-26 22:00:00,6,5,0.00026752724,57,2021-01-01
2022-06-26 23:00:00,2022-06-26 22:00:00,2,8,0.00025110718,58,2021-01-01
2022-06-26 23:00:00,2022-06-26 22:00:00,4,-1,0.00024510175,59,2021-01-01
2022-06-26 23:00:00,2022-06-26 22:00:00,5,-1,0.00023872098,60,2021-01-01
2022-06-26 23:00:00,2022-06-26 22:00:00,-5,0,0.00022777055,61,2021-01-01
2022-06-26 23:00:00,2022-06-26 22:00:00,7,-5,0.00022188772,62,2021-01-01
2022-06-26 23:00:00,2022-06-26 22:00:00,1,-3,0.00021679695,63,2021-01-01
2022-06-26 23:00:00,2022-06-26 22:00:00,-2,11,0.00020598438,64,2021-01-01
2022-06-26 23:00:00,2022-06-26 22:00:00,-5,4,0.0002025913,65,2021-01-01
2022-06-26 23:00:00,2022-06-26 22:00:00,1,5,0.00019825857,66,2021-01-01
2022-06-26 23:00:00,2022-06-26 22:00:00,-4,3,0.00018704904,67,2021-01-01
2022-06-26 23:00:00,2022-06-26 22:00:00,7,11,0.0001800669,68,2021-01-01
2022-06-26 23:00:00,2022-06-26 22:00:00,-1,-7,0.00016383438,69,2021-01-01
2022-06-26 23:00:00,2022-06-26 22:00:00,1,6,0.0001592731,70,2021-01-01
2022-06-26 23:00:00,2022-06-26 22:00:00,0,-5,0.00015805491,71,2021-01-01
2022-06-26 23:00:00,2022-06-26 22:00:00,-6,1,0.00015735118,72,2021-01-01
2022-06-26 23:00:00,2022-06-26 22:00:00,-1,9,0.00015517432,73,2021-01-01
2022-06-26 23:00:00,2022-06-26 22:00:00,-5,15,0.00015309635,74,2021-01-01
2022-06-26 23:00:00,2022-06-26 22:00:00,-3,15,0.00015197451,75,2021-01-01
2022-06-26 23:00:00,2022-06-26 22:00:00,3,0,0.00015158973,76,2021-01-01
2022-06-26 23:00:00,2022-06-26 22:00:00,-5,-3,0.0001508231,77,2021-01-01
2022-06-26 23:00:00,2022-06-26 22:00:00,0,11,0.00014806447,78,2021-01-01
2022-06-26 23:00:00,2022-06-26 22:00:00,-9,-4,0.00014684004,79,2021-01-01
2022-06-26 23:00:00,2022-06-26 22:00:00,-2,10,0.00014542462,80,2021-01-01
2022-06-26 23:00:00,2022-06-26 22:00:00,-9,6,0.00014508837,81,2021-01-01
2022-06-26 23:00:00,2022-06-26 22:00:00,2,20,0.0001434738,82,2021-01-01
2022-06-26 23:00:00,2022-06-26 22:00:00,-1,1,0.00012946613,83,2021-01-01
2022-06-26 23:00:00,2022-06-26 22:00:00,-8,6,0.00012922766,84,2021-01-01
2022-06-26 23:00:00,2022-06-26 22:00:00,-3,9,0.00012604053,85,2021-01-01
2022-06-26 23:00:00,2022-06-26 22:00:00,-6,15,0.00012329857,86,2021-01-01
2022-06-26 23:00:00,2022-06-26 22:00:00,4,14,0.000120202174,87,2021-01-01
2022-06-26 23:00:00,2022-06-26 22:00:00,2,9,0.00011997923,88,2021-01-01
2022-06-26 23:00:00,2022-06-26 22:00:00,10,0,0.00011780959,89,2021-01-01
2022-06-26 23:00:00,2022-06-26 22:00:00,-10,-3,0.00011691029,90,2021-01-01
2022-06-26 23:00:00,2022-06-26 22:00:00,1,11,0.00011586556,91,2021-01-01
2022-06-26 23:00:00,2022-06-26 22:00:00,0,13,0.000112969465,92,2021-01-01
2022-06-26 23:00:00,2022-06-26 22:00:00,1,9,0.00011120716,93,2021-01-01
2022-06-26 23:00:00,2022-06-26 22:00:00,-6,4,0.00011063931,94,2021-01-01
2022-06-26 23:00:00,2022-06-26 22:00:00,2,7,0.00010943966,95,2021-01-01
2022-06-26 23:00:00,2022-06-26 22:00:00,6,6,0.000108658154,96,2021-01-01
2022-06-26 23:00:00,2022-06-26 22:00:00,-1,11,0.00010830417,97,2021-01-01
2022-06-26 23:00:00,2022-06-26 22:00:00,0,14,0.00010688557,98,2021-01-01
2022-06-26 23:00:00,2022-06-26 22:00:00,-4,12,0.00010536932,99,2021-01-01
2022-06-26 23:00:00,2022-06-26 22:00:00,-2,13,0.00010512937,100,2021-01-01
2022-06-26 23:00:00,2022-06-26 22:00:00,0,-3,9.932832e-05,101,2021-01-01
2022-06-26 23:00:00,2022-06-26 22:00:00,-1,8,9.815208e-05,102,2021-01-01
2022-06-26 23:00:00,2022-06-26 22:00:00,3,17,9.459214e-05,103,2021-01-01
2022-06-26 23:00:00,2022-06-26 22:00:00,-3,7,9.4217925e-05,104,2021-01-01
2022-06-26 23:00:00,2022-06-26 22:00:00,-4,10,9.345008e-05,105,2021-01-01
2022-06-26 23:00:00,2022-06-26 22:00:00,1,-7,9.329485e-05,106,2021-01-01
2022-06-26 23:00:00,2022-06-26 22:00:00,4,-6,9.217003e-05,107,2021-01-01
2022-06-26 23:00:00,2022-06-26 22:00:00,-1,13,9.069619e-05,108,2021-01-01
2022-06-26 23:00:00,2022-06-26 22:00:00,-3,11,8.977907e-05,109,2021-01-01
2022-06-26 23:00:00,2022-06-26 22:00:00,-3,12,8.866013e-05,110,2021-01-01
2022-06-26 23:00:00,2022-06-26 22:00:00,-3,14,8.847972e-05,111,2021-01-01
2022-06-26 23:00:00,2022-06-26 22:00:00,-2,15,8.613655e-05,112,2021-01-01
2022-06-26 23:00:00,2022-06-26 22:00:00,0,5,8.133996e-05,113,2021-01-01
2022-06-26 23:00:00,2022-06-26 22:00:00,8,0,8.0175734e-05,114,2021-01-01
2022-06-26 23:00:00,2022-06-26 22:00:00,6,11,7.999982e-05,115,2021-01-01
2022-06-26 23:00:00,2022-06-26 22:00:00,1,1,7.8675635e-05,116,2021-01-01
2022-06-26 23:00:00,2022-06-26 22:00:00,-1,15,7.842492e-05,117,2021-01-01
2022-06-26 23:00:00,2022-06-26 22:00:00,2,-3,7.8424724e-05,118,2021-01-01
2022-06-26 23:00:00,2022-06-26 22:00:00,-2,16,7.8234705e-05,119,2021-01-01
2022-06-26 23:00:00,2022-06-26 22:00:00,5,-4,7.747372e-05,120,2021-01-01
2022-06-26 23:00:00,2022-06-26 22:00:00,-1,6,7.681472e-05,121,2021-01-01
2022-06-26 23:00:00,2022-06-26 22:00:00,5,-3,7.539578e-05,122,2021-01-01
2022-06-26 23:00:00,2022-06-26 22:00:00,4,-4,7.497059e-05,123,2021-01-01
2022-06-26 23:00:00,2022-06-26 22:00:00,7,1,7.477433e-05,124,2021-01-01
2022-06-26 23:00:00,2022-06-26 22:00:00,-5,9,7.439324e-05,125,2021-01-01
2022-06-26 23:00:00,2022-06-26 22:00:00,-2,8,7.3495656e-05,126,2021-01-01
2022-06-26 23:00:00,2022-06-26 22:00:00,3,1,7.2086106e-05,127,2021-01-01
2022-06-26 23:00:00,2022-06-26 22:00:00,-1,5,7.181893e-05,128,2021-01-01
2022-06-26 23:00:00,2022-06-26 22:00:00,-5,10,7.057527e-05,129,2021-01-01
2022-06-26 23:00:00,2022-06-26 22:00:00,3,-3,6.866686e-05,130,2021-01-01
2022-06-26 23:00:00,2022-06-26 22:00:00,-7,1,6.639433e-05,131,2021-01-01
2022-06-26 23:00:00,2022-06-26 22:00:00,-1,16,6.4223634e-05,132,2021-01-01
2022-06-26 23:00:00,2022-06-26 22:00:00,-4,-5,6.3135354e-05,133,2021-01-01
2022-06-26 23:00:00,2022-06-26 22:00:00,9,3,6.272148e-05,134,2021-01-01
2022-06-26 23:00:00,2022-06-26 22:00:00,2,-2,6.264773e-05,135,2021-01-01
2022-06-26 23:00:00,2022-06-26 22:00:00,0,-6,6.212642e-05,136,2021-01-01
2022-06-26 23:00:00,2022-06-26 22:00:00,8,-3,6.1729916e-05,137,2021-01-01
2022-06-26 23:00:00,2022-06-26 22:00:00,-4,2,6.129553e-05,138,2021-01-01
2022-06-26 23:00:00,2022-06-26 22:00:00,2,-7,5.99819e-05,139,2021-01-01
2022-06-26 23:00:00,2022-06-26 22:00:00,-3,2,5.966648e-05,140,2021-01-01
2022-06-26 23:00:00,2022-06-26 22:00:00,-1,18,5.9589012e-05,141,2021-01-01
2022-06-26 23:00:00,2022-06-26 22:00:00,0,18,5.957267e-05,142,2021-01-01
2022-06-26 23:00:00,2022-06-26 22:00:00,3,-2,5.8908365e-05,143,2021-01-01
2022-06-26 23:00:00,2022-06-26 22:00:00,-2,9,5.845769e-05,144,2021-01-01
2022-06-26 23:00:00,2022-06-26 22:00:00,-4,-4,5.833468e-05,145,2021-01-01
2022-06-26 23:00:00,2022-06-26 22:00:00,5,3,5.8204518e-05,146,2021-01-01
2022-06-26 23:00:00,2022-06-26 22:00:00,8,1,5.7157074e-05,147,2021-01-01
2022-06-26 23:00:00,2022-06-26 22:00:00,8,-1,5.6585483e-05,148,2021-01-01
2022-06-26 23:00:00,2022-06-26 22:00:00,-5,-4,5.5979286e-05,149,2021-01-01
2022-06-26 23:00:00,2022-06-26 22:00:00,-2,3,5.521456e-05,150,2021-01-01
2022-06-26 23:00:00,2022-06-26 22:00:00,-1,3,5.47435e-05,151,2021-01-01
2022-06-26 23:00:00,2022-06-26 22:00:00,-2,-5,5.4191853e-05,152,2021-01-01
2022-06-26 23:00:00,2022-06-26 22:00:00,-1,2,5.3673142e-05,153,2021-01-01
2022-06-26 23:00:00,2022-06-26 22:00:00,6,3,5.2853648e-05,154,2021-01-01
2022-06-26 23:00:00,2022-06-26 22:00:00,7,-1,5.2445248e-05,155,2021-01-01
2022-06-26 23:00:00,2022-06-26 22:00:00,-10,8,5.195393e-05,156,2021-01-01
2022-06-26 23:00:00,2022-06-26 22:00:00,-3,18,5.1867042e-05,157,2021-01-01
2022-06-26 23:00:00,2022-06-26 22:00:00,-4,8,5.14381e-05,158,2021-01-01
2022-06-26 23:00:00,2022-06-26 22:00:00,-4,17,5.1213865e-05,159,2021-01-01
2022-06-26 23:00:00,2022-06-26 22:00:00,-2,1,5.0500556e-05,160,2021-01-01
2022-06-26 23:00:00,2022-06-26 22:00:00,4,1,4.994439e-05,161,2021-01-01
2022-06-26 23:00:00,2022-06-26 22:00:00,-1,-4,4.9332084e-05,162,2021-01-01
2022-06-26 23:00:00,2022-06-26 22:00:00,8,-4,4.875852e-05,163,2021-01-01
2022-06-26 23:00:00,2022-06-26 22:00:00,-5,-5,4.7333557e-05,164,2021-01-01
2022-06-26 23:00:00,2022-06-26 22:00:00,-6,-3,4.723579e-05,165,2021-01-01
2022-06-26 23:00:00,2022-06-26 22:00:00,9,1,4.668084e-05,166,2021-01-01
2022-06-26 23:00:00,2022-06-26 22:00:00,-10,10,4.6584566e-05,167,2021-01-01
2022-06-26 23:00:00,2022-06-26 22:00:00,5,2,4.611415e-05,168,2021-01-01
2022-06-26 23:00:00,2022-06-26 22:00:00,9,2,4.526043e-05,169,2021-01-01
2022-06-26 23:00:00,2022-06-26 22:00:00,9,0,4.3320106e-05,170,2021-01-01
2022-06-26 23:00:00,2022-06-26 22:00:00,-4,19,4.3168704e-05,171,2021-01-01
2022-06-26 23:00:00,2022-06-26 22:00:00,0,19,4.265441e-05,172,2021-01-01
2022-06-26 23:00:00,2022-06-26 22:00:00,9,-2,4.2427422e-05,173,2021-01-01
2022-06-26 23:00:00,2022-06-26 22:00:00,-1,-6,4.1277974e-05,174,2021-01-01
2022-06-26 23:00:00,2022-06-26 22:00:00,1,-5,3.8629936e-05,175,2021-01-01
2022-06-26 23:00:00,2022-06-26 22:00:00,2,-6,3.8551872e-05,176,2021-01-01
2022-06-26 23:00:00,2022-06-26 22:00:00,1,20,3.7608435e-05,177,2021-01-01
2022-06-26 23:00:00,2022-06-26 22:00:00,-9,0,3.588036e-05,178,2021-01-01
2022-06-26 23:00:00,2022-06-26 22:00:00,10,-1,3.4741588e-05,179,2021-01-01
2022-06-26 23:00:00,2022-06-26 22:00:00,-12,-5,3.1322037e-05,180,2021-01-01
2022-06-26 23:00:00,2022-06-26 22:00:00,-10,-4,3.0595067e-05,181,2021-01-01
2022-06-26 23:00:00,2022-06-26 22:00:00,-9,-1,2.9264513e-05,182,2021-01-01
2022-06-26 23:00:00,2022-06-26 22:00:00,-11,-6,2.7751279e-05,183,2021-01-01
2022-06-26 23:00:00,2022-06-26 22:00:00,-7,-1,2.7218091e-05,184,2021-01-01
2022-06-26 23:00:00,2022-06-26 22:00:00,-6,-2,2.663111e-05,185,2021-01-01
2022-06-26 23:00:00,2022-06-26 22:00:00,-11,-5,2.5982816e-05,186,2021-01-01
2022-06-29 21:00:00,2022-06-29 20:00:00,0,-1,0.12685572,1,2021-01-01
2022-06-29 21:00:00,2022-06-29 20:00:00,0,0,0.11345028,2,2021-01-01
2022-06-29 21:00:00,2022-06-29 20:00:00,-1,-1,0.050350267,3,2021-01-01
2022-06-29 21:00:00,2022-06-29 20:00:00,0,12,0.04371884,4,2021-01-01
2022-06-29 21:00:00,2022-06-29 20:00:00,-4,-2,0.022009218,5,2021-01-01
2022-06-29 21:00:00,2022-06-29 20:00:00,-2,-1,0.017119678,6,2021-01-01
2022-06-29 21:00:00,2022-06-29 20:00:00,-2,0,0.016670683,7,2021-01-01
2022-06-29 21:00:00,2022-06-29 20:00:00,-1,0,0.013254101,8,2021-01-01
2022-06-29 21:00:00,2022-06-29 20:00:00,2,0,0.01319094,9,2021-01-01
2022-06-29 21:00:00,2022-06-29 20:00:00,-2,-3,0.010104131,10,2021-01-01
2022-06-29 21:00:00,2022-06-29 20:00:00,6,-4,0.009791025,11,2021-01-01
2022-06-29 21:00:00,2022-06-29 20:00:00,1,0,0.00831126,12,2021-01-01
2022-06-29 21:00:00,2022-06-29 20:00:00,1,-1,0.006498325,13,2021-01-01
2022-06-29 21:00:00,2022-06-29 20:00:00,-2,13,0.0064779394,14,2021-01-01
2022-06-29 21:00:00,2022-06-29 20:00:00,-2,-4,0.0064634737,15,2021-01-01
2022-06-29 21:00:00,2022-06-29 20:00:00,-2,-2,0.00609184,16,2021-01-01
2022-06-29 21:00:00,2022-06-29 20:00:00,-3,-4,0.005038755,17,2021-01-01
2022-06-29 21:00:00,2022-06-29 20:00:00,-4,-3,0.0046615093,18,2021-01-01
2022-06-29 21:00:00,2022-06-29 20:00:00,2,-1,0.0033201128,19,2021-01-01
2022-06-29 21:00:00,2022-06-29 20:00:00,0,17,0.00323207,20,2021-01-01
2022-06-29 21:00:00,2022-06-29 20:00:00,5,-2,0.0031595866,21,2021-01-01
2022-06-29 21:00:00,2022-06-29 20:00:00,6,-3,0.0029028116,22,2021-01-01
2022-06-29 21:00:00,2022-06-29 20:00:00,2,1,0.0028774932,23,2021-01-01
2022-06-29 21:00:00,2022-06-29 20:00:00,-9,-5,0.0028368148,24,2021-01-01
2022-06-29 21:00:00,2022-06-29 20:00:00,-5,-1,0.0021488192,25,2021-01-01
2022-06-29 21:00:00,2022-06-29 20:00:00,-1,-2,0.0018342609,26,2021-01-01
2022-06-29 21:00:00,2022-06-29 20:00:00,-3,-3,0.0016383267,27,2021-01-01
2022-06-29 21:00:00,2022-06-29 20:00:00,0,-2,0.0013481764,28,2021-01-01
2022-06-29 21:00:00,2022-06-29 20:00:00,-3,-2,0.0013357898,29,2021-01-01
2022-06-29 21:00:00,2022-06-29 20:00:00,-5,1,0.001291087,30,2021-01-01
2022-06-29 21:00:00,2022-06-29 20:00:00,-5,-2,0.0010258289,31,2021-01-01
2022-06-29 21:00:00,2022-06-29 20:00:00,-4,-1,0.0010090149,32,2021-01-01
2022-06-29 21:00:00,2022-06-29 20:00:00,7,4,0.0009852806,33,2021-01-01
2022-06-29 21:00:00,2022-06-29 20:00:00,1,-3,0.0006968339,34,2021-01-01
2022-06-29 21:00:00,2022-06-29 20:00:00,-1,-3,0.00067676493,35,2021-01-01
2022-06-29 21:00:00,2022-06-29 20:00:00,0,8,0.00064408995,36,2021-01-01
2022-06-29 21:00:00,2022-06-29 20:00:00,7,-4,0.00059665396,37,2021-01-01
2022-06-29 21:00:00,2022-06-29 20:00:00,-6,8,0.00055071915,38,2021-01-01
2022-06-29 21:00:00,2022-06-29 20:00:00,-3,-1,0.00054306095,39,2021-01-01
2022-06-29 21:00:00,2022-06-29 20:00:00,-3,0,0.00041836288,40,2021-01-01
2022-06-29 21:00:00,2022-06-29 20:00:00,0,1,0.0004101901,41,2021-01-01
2022-06-29 21:00:00,2022-06-29 20:00:00,1,19,0.0003772891,42,2021-01-01
2022-06-29 21:00:00,2022-06-29 20:00:00,-1,7,0.00028386933,43,2021-01-01
2022-06-29 21:00:00,2022-06-29 20:00:00,-3,13,0.00023034467,44,2021-01-01
2022-06-29 21:00:00,2022-06-29 20:00:00,10,3,0.00021779562,45,2021-01-01
2022-06-29 21:00:00,2022-06-29 20:00:00,-4,0,0.0002152796,46,2021-01-01
2022-06-29 21:00:00,2022-06-29 20:00:00,-3,1,0.00019716272,47,2021-01-01
2022-06-29 21:00:00,2022-06-29 20:00:00,-5,11,0.0001727296,48,2021-01-01
2022-06-29 21:00:00,2022-06-29 20:00:00,-5,2,0.00014973507,49,2021-01-01
2022-06-29 21:00:00,2022-06-29 20:00:00,10,5,0.00013723441,50,2021-01-01
2022-06-29 21:00:00,2022-06-29 20:00:00,-5,-3,0.0001207821,51,2021-01-01
2022-06-29 21:00:00,2022-06-29 20:00:00,6,5,0.00011552653,52,2021-01-01
2022-06-29 21:00:00,2022-06-29 20:00:00,1,2,0.00011543275,53,2021-01-01
2022-06-29 21:00:00,2022-06-29 20:00:00,0,9,0.000112519454,54,2021-01-01
2022-06-29 21:00:00,2022-06-29 20:00:00,1,8,0.000109101995,55,2021-01-01
2022-06-29 21:00:00,2022-06-29 20:00:00,5,-1,0.00010071819,56,2021-01-01
2022-06-29 21:00:00,2022-06-29 20:00:00,-6,1,9.52528e-05,57,2021-01-01
2022-06-29 21:00:00,2022-06-29 20:00:00,1,-2,9.0323614e-05,58,2021-01-01
2022-06-29 21:00:00,2022-06-29 20:00:00,-10,-3,8.9278175e-05,59,2021-01-01
2022-06-29 21:00:00,2022-06-29 20:00:00,7,-5,8.696909e-05,60,2021-01-01
2022-06-29 21:00:00,2022-06-29 20:00:00,-1,1,8.570657e-05,61,2021-01-01
2022-06-29 21:00:00,2022-06-29 20:00:00,7,11,8.262469e-05,62,2021-01-01
2022-06-29 21:00:00,2022-06-29 20:00:00,10,0,8.020615e-05,63,2021-01-01
2022-06-29 21:00:00,2022-06-29 20:00:00,-3,8,7.926567e-05,64,2021-01-01
2022-06-29 21:00:00,2022-06-29 20:00:00,-1,16,7.808269e-05,65,2021-01-01
2022-06-29 21:00:00,2022-06-29 20:00:00,-4,5,7.662389e-05,66,2021-01-01
2022-06-29 21:00:00,2022-06-29 20:00:00,-5,0,7.4789794e-05,67,2021-01-01
2022-06-29 21:00:00,2022-06-29 20:00:00,3,17,7.415083e-05,68,2021-01-01
2022-06-29 21:00:00,2022-06-29 20:00:00,-4,4,7.082767e-05,69,2021-01-01
2022-06-29 21:00:00,2022-06-29 20:00:00,1,5,7.031621e-05,70,2021-01-01
2022-06-29 21:00:00,2022-06-29 20:00:00,-2,11,6.987755e-05,71,2021-01-01
2022-06-29 21:00:00,2022-06-29 20:00:00,-3,15,6.9779686e-05,72,2021-01-01
2022-06-29 21:00:00,2022-06-29 20:00:00,2,20,6.8398855e-05,73,2021-01-01
2022-06-29 21:00:00,2022-06-29 20:00:00,4,-1,6.672676e-05,74,2021-01-01
2022-06-29 21:00:00,2022-06-29 20:00:00,5,2,6.662729e-05,75,2021-01-01
2022-06-29 21:00:00,2022-06-29 20:00:00,-9,-4,6.478445e-05,76,2021-01-01
2022-06-29 21:00:00,2022-06-29 20:00:00,8,0,6.4451735e-05,77,2021-01-01
2022-06-29 21:00:00,2022-06-29 20:00:00,4,14,6.412193e-05,78,2021-01-01
2022-06-29 21:00:00,2022-06-29 20:00:00,0,18,6.209913e-05,79,2021-01-01
2022-06-29 21:00:00,2022-06-29 20:00:00,-1,18,6.0302573e-05,80,2021-01-01
2022-06-29 21:00:00,2022-06-29 20:00:00,-5,4,6.0090828e-05,81,2021-01-01
2022-06-29 21:00:00,2022-06-29 20:00:00,-6,15,5.998455e-05,82,2021-01-01
2022-06-29 21:00:00,2022-06-29 20:00:00,9,2,5.907581e-05,83,2021-01-01
2022-06-29 21:00:00,2022-06-29 20:00:00,-3,18,5.848671e-05,84,2021-01-01
2022-06-29 21:00:00,2022-06-29 20:00:00,3,-1,5.7864192e-05,85,2021-01-01
2022-06-29 21:00:00,2022-06-29 20:00:00,8,-1,5.7678495e-05,86,2021-01-01
2022-06-29 21:00:00,2022-06-29 20:00:00,0,-5,5.7144865e-05,87,2021-01-01
2022-06-29 21:00:00,2022-06-29 20:00:00,-10,8,5.694215e-05,88,2021-01-01
2022-06-29 21:00:00,2022-06-29 20:00:00,-5,15,5.5349363e-05,89,2021-01-01
2022-06-29 21:00:00,2022-06-29 20:00:00,4,1,5.4932167e-05,90,2021-01-01
2022-06-29 21:00:00,2022-06-29 20:00:00,0,14,5.4898086e-05,91,2021-01-01
2022-06-29 21:00:00,2022-06-29 20:00:00,-1,15,5.486945e-05,92,2021-01-01
2022-06-29 21:00:00,2022-06-29 20:00:00,1,6,5.46214e-05,93,2021-01-01
2022-06-29 21:00:00,2022-06-29 20:00:00,2,8,5.4579665e-05,94,2021-01-01
2022-06-29 21:00:00,2022-06-29 20:00:00,-10,10,5.4537286e-05,95,2021-01-01
2022-06-29 21:00:00,2022-06-29 20:00:00,-2,15,5.3618074e-05,96,2021-01-01
2022-06-29 21:00:00,2022-06-29 20:00:00,-1,13,5.3365264e-05,97,2021-01-01
2022-06-29 21:00:00,2022-06-29 20:00:00,-11,-6,5.2879182e-05,98,2021-01-01
2022-06-29 21:00:00,2022-06-29 20:00:00,-1,-7,5.1314444e-05,99,2021-01-01
2022-06-29 21:00:00,2022-06-29 20:00:00,-4,3,5.0791215e-05,100,2021-01-01
2022-06-29 21:00:00,2022-06-29 20:00:00,7,-1,5.0638962e-05,101,2021-01-01
2022-06-29 21:00:00,2022-06-29 20:00:00,9,3,4.942859e-05,102,2021-01-01
2022-06-29 21:00:00,2022-06-29 20:00:00,9,1,4.8933904e-05,103,2021-01-01
2022-06-29 21:00:00,2022-06-29 20:00:00,0,13,4.8704504e-05,104,2021-01-01
2022-06-29 21:00:00,2022-06-29 20:00:00,0,19,4.8423073e-05,105,2021-01-01
2022-06-29 21:00:00,2022-06-29 20:00:00,7,1,4.8289538e-05,106,2021-01-01
2022-06-29 21:00:00,2022-06-29 20:00:00,-4,12,4.8079197e-05,107,2021-01-01
2022-06-29 21:00:00,2022-06-29 20:00:00,8,1,4.7257417e-05,108,2021-01-01
2022-06-29 21:00:00,2022-06-29 20:00:00,-7,-1,4.72431e-05,109,2021-01-01
2022-06-29 21:00:00,2022-06-29 20:00:00,9,-2,4.7074253e-05,110,2021-01-01
2022-06-29 21:00:00,2022-06-29 20:00:00,-8,6,4.550222e-05,111,2021-01-01
2022-06-29 21:00:00,2022-06-29 20:00:00,-3,14,4.4582295e-05,112,2021-01-01
2022-06-29 21:00:00,2022-06-29 20:00:00,-4,19,4.452282e-05,113,2021-01-01
2022-06-29 21:00:00,2022-06-29 20:00:00,-3,9,4.3745807e-05,114,2021-01-01
2022-06-29 21:00:00,2022-06-29 20:00:00,-3,12,4.3732998e-05,115,2021-01-01
2022-06-29 21:00:00,2022-06-29 20:00:00,-7,1,4.3639546e-05,116,2021-01-01
2022-06-29 21:00:00,2022-06-29 20:00:00,-1,9,4.3409364e-05,117,2021-01-01
2022-06-29 21:00:00,2022-06-29 20:00:00,1,20,4.307166e-05,118,2021-01-01
2022-06-29 21:00:00,2022-06-29 20:00:00,5,3,4.3004726e-05,119,2021-01-01
2022-06-29 21:00:00,2022-06-29 20:00:00,-5,10,4.2143234e-05,120,2021-01-01
2022-06-29 21:00:00,2022-06-29 20:00:00,2,-7,4.189798e-05,121,2021-01-01
2022-06-29 21:00:00,2022-06-29 20:00:00,6,3,4.166314e-05,122,2021-01-01
2022-06-29 21:00:00,2022-06-29 20:00:00,6,11,4.1356845e-05,123,2021-01-01
2022-06-29 21:00:00,2022-06-29 20:00:00,9,0,4.022453e-05,124,2021-01-01
2022-06-29 21:00:00,2022-06-29 20:00:00,8,-3,3.883186e-05,125,2021-01-01
2022-06-29 21:00:00,2022-06-29 20:00:00,0,5,3.8534854e-05,126,2021-01-01
2022-06-29 21:00:00,2022-06-29 20:00:00,-3,2,3.5699195e-05,127,2021-01-01
2022-06-29 21:00:00,2022-06-29 20:00:00,-11,-5,3.482302e-05,128,2021-01-01
2022-06-29 21:00:00,2022-06-29 20:00:00,-4,17,3.4429737e-05,129,2021-01-01
2022-06-29 21:00:00,2022-06-29 20:00:00,1,-7,3.4254685e-05,130,2021-01-01
2022-06-29 21:00:00,2022-06-29 20:00:00,3,0,3.3890956e-05,131,2021-01-01
2022-06-29 21:00:00,2022-06-29 20:00:00,-6,-2,3.318142e-05,132,2021-01-01
2022-06-29 21:00:00,2022-06-29 20:00:00,-2,10,3.304884e-05,133,2021-01-01
2022-06-29 21:00:00,2022-06-29 20:00:00,-12,-5,3.2640208e-05,134,2021-01-01
2022-06-29 21:00:00,2022-06-29 20:00:00,-1,11,3.232385e-05,135,2021-01-01
2022-06-29 21:00:00,2022-06-29 20:00:00,-9,0,3.1760406e-05,136,2021-01-01
2022-06-29 21:00:00,2022-06-29 20:00:00,-2,16,3.1635336e-05,137,2021-01-01
2022-06-29 21:00:00,2022-06-29 20:00:00,-10,-4,3.1590538e-05,138,2021-01-01
2022-06-29 21:00:00,2022-06-29 20:00:00,-1,-6,3.1397125e-05,139,2021-01-01
2022-06-29 21:00:00,2022-06-29 20:00:00,2,9,3.0858082e-05,140,2021-01-01
2022-06-29 21:00:00,2022-06-29 20:00:00,2,7,2.993166e-05,141,2021-01-01
2022-06-29 21:00:00,2022-06-29 20:00:00,-1,6,2.8865436e-05,142,2021-01-01
2022-06-29 21:00:00,2022-06-29 20:00:00,-9,6,2.8512271e-05,143,2021-01-01
2022-06-29 21:00:00,2022-06-29 20:00:00,-6,-3,2.8237677e-05,144,2021-01-01
2022-06-29 21:00:00,2022-06-29 20:00:00,-1,2,2.7785869e-05,145,2021-01-01
2022-06-29 21:00:00,2022-06-29 20:00:00,6,6,2.774362e-05,146,2021-01-01
2022-06-29 21:00:00,2022-06-29 20:00:00,2,-6,2.765724e-05,147,2021-01-01
2022-06-29 21:00:00,2022-06-29 20:00:00,0,11,2.7376076e-05,148,2021-01-01
2022-06-29 21:00:00,2022-06-29 20:00:00,1,1,2.720122e-05,149,2021-01-01
2022-06-29 21:00:00,2022-06-29 20:00:00,-5,-4,2.6878382e-05,150,2021-01-01
2022-06-29 21:00:00,2022-06-29 20:00:00,-9,-1,2.6435317e-05,151,2021-01-01
2022-06-29 21:00:00,2022-06-29 20:00:00,1,11,2.6228408e-05,152,2021-01-01
2022-06-29 21:00:00,2022-06-29 20:00:00,-4,-5,2.563272e-05,153,2021-01-01
2022-06-29 21:00:00,2022-06-29 20:00:00,-5,-5,2.5122448e-05,154,2021-01-01
2022-06-29 21:00:00,2022-06-29 20:00:00,-2,8,2.5076683e-05,155,2021-01-01
2022-06-29 21:00:00,2022-06-29 20:00:00,-3,7,2.4965724e-05,156,2021-01-01
2022-06-29 21:00:00,2022-06-29 20:00:00,-6,4,2.4340401e-05,157,2021-01-01
2022-06-29 21:00:00,2022-06-29 20:00:00,-1,3,2.3314167e-05,158,2021-01-01
2022-06-29 21:00:00,2022-06-29 20:00:00,3,1,2.2833801e-05,159,2021-01-01
2022-06-29 21:00:00,2022-06-29 20:00:00,0,-6,2.2671731e-05,160,2021-01-01
2022-06-29 21:00:00,2022-06-29 20:00:00,10,-1,2.265438e-05,161,2021-01-01
2022-06-29 21:00:00,2022-06-29 20:00:00,-2,9,2.2626069e-05,162,2021-01-01
2022-06-29 21:00:00,2022-06-29 20:00:00,-1,8,2.259801e-05,163,2021-01-01
2022-06-29 21:00:00,2022-06-29 20:00:00,-4,2,2.258465e-05,164,2021-01-01
2022-06-29 21:00:00,2022-06-29 20:00:00,3,-3,2.2553273e-05,165,2021-01-01
2022-06-29 21:00:00,2022-06-29 20:00:00,8,-4,2.2212333e-05,166,2021-01-01
2022-06-29 21:00:00,2022-06-29 20:00:00,2,-2,2.2197222e-05,167,2021-01-01
2022-06-29 21:00:00,2022-06-29 20:00:00,-5,9,2.0955466e-05,168,2021-01-01
2022-06-29 21:00:00,2022-06-29 20:00:00,-4,10,2.0885132e-05,169,2021-01-01
2022-06-29 21:00:00,2022-06-29 20:00:00,-3,11,2.040255e-05,170,2021-01-01
2022-06-29 21:00:00,2022-06-29 20:00:00,3,-2,2.0190662e-05,171,2021-01-01
2022-06-29 21:00:00,2022-06-29 20:00:00,1,9,2.0033163e-05,172,2021-01-01
2022-06-29 21:00:00,2022-06-29 20:00:00,2,-3,1.9865018e-05,173,2021-01-01
2022-06-29 21:00:00,2022-06-29 20:00:00,4,-6,1.979973e-05,174,2021-01-01
2022-06-29 21:00:00,2022-06-29 20:00:00,5,-4,1.9294523e-05,175,2021-01-01
2022-06-29 21:00:00,2022-06-29 20:00:00,5,-3,1.9294523e-05,176,2021-01-01
2022-06-29 21:00:00,2022-06-29 20:00:00,4,-4,1.9184625e-05,177,2021-01-01
2022-06-29 21:00:00,2022-06-29 20:00:00,-1,5,1.8759745e-05,178,2021-01-01
2022-06-29 21:00:00,2022-06-29 20:00:00,-2,1,1.8451465e-05,179,2021-01-01
2022-06-29 21:00:00,2022-06-29 20:00:00,0,-3,1.6178203e-05,180,2021-01-01
2022-06-29 21:00:00,2022-06-29 20:00:00,-4,8,1.6005535e-05,181,2021-01-01
2022-06-29 21:00:00,2022-06-29 20:00:00,-1,-4,1.5711052e-05,182,2021-01-01
2022-06-29 21:00:00,2022-06-29 20:00:00,-4,-4,1.562046e-05,183,2021-01-01
2022-06-29 21:00:00,2022-06-29 20:00:00,-2,3,1.5602332e-05,184,2021-01-01
2022-06-29 21:00:00,2022-06-29 20:00:00,1,-5,1.3687958e-05,185,2021-01-01
2022-06-29 21:00:00,2022-06-29 20:00:00,-2,-5,9.708857e-06,186,2021-01-01
2022-06-30 23:00:00,2022-06-30 22:00:00,0,12,0.13933538,1,2021-01-01
2022-06-30 23:00:00,2022-06-30 22:00:00,-2,13,0.11663004,2,2021-01-01
2022-06-30 23:00:00,2022-06-30 22:00:00,0,-1,0.10906559,3,2021-01-01
2022-06-30 23:00:00,2022-06-30 22:00:00,0,0,0.0991182,4,2021-01-01
2022-06-30 23:00:00,2022-06-30 22:00:00,-1,0,0.096206404,5,2021-01-01
2022-06-30 23:00:00,2022-06-30 22:00:00,-1,-1,0.02650439,6,2021-01-01
2022-06-30 23:00:00,2022-06-30 22:00:00,-2,-1,0.019013802,7,2021-01-01
2022-06-30 23:00:00,2022-06-30 22:00:00,-2,-3,0.012935794,8,2021-01-01
2022-06-30 23:00:00,2022-06-30 22:00:00,2,0,0.011881836,9,2021-01-01
2022-06-30 23:00:00,2022-06-30 22:00:00,6,-3,0.009311661,10,2021-01-01
2022-06-30 23:00:00,2022-06-30 22:00:00,1,0,0.00901422,11,2021-01-01
2022-06-30 23:00:00,2022-06-30 22:00:00,1,-1,0.0082359165,12,2021-01-01
2022-06-30 23:00:00,2022-06-30 22:00:00,6,-4,0.006905425,13,2021-01-01
2022-06-30 23:00:00,2022-06-30 22:00:00,-6,8,0.006308453,14,2021-01-01
2022-06-30 23:00:00,2022-06-30 22:00:00,-2,-2,0.005052026,15,2021-01-01
2022-06-30 23:00:00,2022-06-30 22:00:00,-4,-2,0.0047711083,16,2021-01-01
2022-06-30 23:00:00,2022-06-30 22:00:00,-3,-4,0.0046241838,17,2021-01-01
2022-06-30 23:00:00,2022-06-30 22:00:00,0,17,0.003937337,18,2021-01-01
2022-06-30 23:00:00,2022-06-30 22:00:00,-1,-2,0.0036932444,19,2021-01-01
2022-06-30 23:00:00,2022-06-30 22:00:00,-9,-5,0.0034564212,20,2021-01-01
2022-06-30 23:00:00,2022-06-30 22:00:00,-2,0,0.0033626556,21,2021-01-01
2022-06-30 23:00:00,2022-06-30 22:00:00,5,-2,0.0027369724,22,2021-01-01
2022-06-30 23:00:00,2022-06-30 22:00:00,0,-2,0.0026960112,23,2021-01-01
2022-06-30 23:00:00,2022-06-30 22:00:00,2,1,0.0020908995,24,2021-01-01
2022-06-30 23:00:00,2022-06-30 22:00:00,7,4,0.0020059308,25,2021-01-01
2022-06-30 23:00:00,2022-06-30 22:00:00,1,-3,0.0018403438,26,2021-01-01
2022-06-30 23:00:00,2022-06-30 22:00:00,0,8,0.0018011861,27,2021-01-01
2022-06-30 23:00:00,2022-06-30 22:00:00,2,-1,0.0017552078,28,2021-01-01
2022-06-30 23:00:00,2022-06-30 22:00:00,-2,-4,0.0013137663,29,2021-01-01
2022-06-30 23:00:00,2022-06-30 22:00:00,-3,-2,0.0011760159,30,2021-01-01
2022-06-30 23:00:00,2022-06-30 22:00:00,-4,-3,0.0011444311,31,2021-01-01
2022-06-30 23:00:00,2022-06-30 22:00:00,-5,1,0.0010209681,32,2021-01-01
2022-06-30 23:00:00,2022-06-30 22:00:00,-5,-1,0.0009892246,33,2021-01-01
2022-06-30 23:00:00,2022-06-30 22:00:00,-3,-1,0.000949739,34,2021-01-01
2022-06-30 23:00:00,2022-06-30 22:00:00,0,1,0.0007935238,35,2021-01-01
2022-06-30 23:00:00,2022-06-30 22:00:00,1,19,0.00078030373,36,2021-01-01
2022-06-30 23:00:00,2022-06-30 22:00:00,-1,-3,0.0007727367,37,2021-01-01
2022-06-30 23:00:00,2022-06-30 22:00:00,-5,11,0.00076902326,38,2021-01-01
2022-06-30 23:00:00,2022-06-30 22:00:00,-1,7,0.00073185057,39,2021-01-01
2022-06-30 23:00:00,2022-06-30 22:00:00,-4,-1,0.00069712434,40,2021-01-01
2022-06-30 23:00:00,2022-06-30 22:00:00,7,-4,0.00064915704,41,2021-01-01
2022-06-30 23:00:00,2022-06-30 22:00:00,-3,0,0.00058620673,42,2021-01-01
2022-06-30 23:00:00,2022-06-30 22:00:00,-5,-2,0.00049472466,43,2021-01-01
2022-06-30 23:00:00,2022-06-30 22:00:00,-3,-3,0.0004655449,44,2021-01-01
2022-06-30 23:00:00,2022-06-30 22:00:00,-3,13,0.00046369914,45,2021-01-01
2022-06-30 23:00:00,2022-06-30 22:00:00,-9,6,0.0003852833,46,2021-01-01
2022-06-30 23:00:00,2022-06-30 22:00:00,0,9,0.00036081407,47,2021-01-01
2022-06-30 23:00:00,2022-06-30 22:00:00,10,5,0.00032056647,48,2021-01-01
2022-06-30 23:00:00,2022-06-30 22:00:00,-3,8,0.00028519795,49,2021-01-01
2022-06-30 23:00:00,2022-06-30 22:00:00,10,3,0.00027027118,50,2021-01-01
2022-06-30 23:00:00,2022-06-30 22:00:00,-3,15,0.00024299358,51,2021-01-01
2022-06-30 23:00:00,2022-06-30 22:00:00,-2,11,0.00023359328,52,2021-01-01
2022-06-30 23:00:00,2022-06-30 22:00:00,-3,9,0.00023072406,53,2021-01-01
2022-06-30 23:00:00,2022-06-30 22:00:00,-2,10,0.00022916112,54,2021-01-01
2022-06-30 23:00:00,2022-06-30 22:00:00,-8,6,0.00022832635,55,2021-01-01
2022-06-30 23:00:00,2022-06-30 22:00:00,2,20,0.0002276204,56,2021-01-01
2022-06-30 23:00:00,2022-06-30 22:00:00,-6,15,0.00022239688,57,2021-01-01
2022-06-30 23:00:00,2022-06-30 22:00:00,6,5,0.00022076181,58,2021-01-01
2022-06-30 23:00:00,2022-06-30 22:00:00,-5,15,0.00021849685,59,2021-01-01
2022-06-30 23:00:00,2022-06-30 22:00:00,1,8,0.00021681162,60,2021-01-01
2022-06-30 23:00:00,2022-06-30 22:00:00,-4,5,0.00020042581,61,2021-01-01
2022-06-30 23:00:00,2022-06-30 22:00:00,-5,2,0.000189582,62,2021-01-01
2022-06-30 23:00:00,2022-06-30 22:00:00,7,11,0.00018631299,63,2021-01-01
2022-06-30 23:00:00,2022-06-30 22:00:00,-10,-3,0.00017192138,64,2021-01-01
2022-06-30 23:00:00,2022-06-30 22:00:00,1,-2,0.0001625498,65,2021-01-01
2022-06-30 23:00:00,2022-06-30 22:00:00,-4,0,0.00015283549,66,2021-01-01
2022-06-30 23:00:00,2022-06-30 22:00:00,-1,9,0.00014673368,67,2021-01-01
2022-06-30 23:00:00,2022-06-30 22:00:00,-5,10,0.00013827316,68,2021-01-01
2022-06-30 23:00:00,2022-06-30 22:00:00,-4,4,0.00012065455,69,2021-01-01
2022-06-30 23:00:00,2022-06-30 22:00:00,-3,11,0.00012020551,70,2021-01-01
2022-06-30 23:00:00,2022-06-30 22:00:00,-3,12,0.00012020551,71,2021-01-01
2022-06-30 23:00:00,2022-06-30 22:00:00,0,14,0.00012020551,72,2021-01-01
2022-06-30 23:00:00,2022-06-30 22:00:00,-5,4,0.00011918001,73,2021-01-01
2022-06-30 23:00:00,2022-06-30 22:00:00,-3,14,0.00011721266,74,2021-01-01
2022-06-30 23:00:00,2022-06-30 22:00:00,4,14,0.000116563664,75,2021-01-01
2022-06-30 23:00:00,2022-06-30 22:00:00,0,13,0.00011609219,76,2021-01-01
2022-06-30 23:00:00,2022-06-30 22:00:00,2,8,0.00011553724,77,2021-01-01
2022-06-30 23:00:00,2022-06-30 22:00:00,-1,13,0.000115331,78,2021-01-01
2022-06-30 23:00:00,2022-06-30 22:00:00,-1,15,0.000115319046,79,2021-01-01
2022-06-30 23:00:00,2022-06-30 22:00:00,-1,11,0.000114951596,80,2021-01-01
2022-06-30 23:00:00,2022-06-30 22:00:00,1,20,0.000114909366,81,2021-01-01
2022-06-30 23:00:00,2022-06-30 22:00:00,-2,15,0.000114013594,82,2021-01-01
2022-06-30 23:00:00,2022-06-30 22:00:00,-1,16,0.000114013594,83,2021-01-01
2022-06-30 23:00:00,2022-06-30 22:00:00,0,11,0.00011395015,84,2021-01-01
2022-06-30 23:00:00,2022-06-30 22:00:00,1,2,0.00011370657,85,2021-01-01
2022-06-30 23:00:00,2022-06-30 22:00:00,-2,16,0.000112336675,86,2021-01-01
2022-06-30 23:00:00,2022-06-30 22:00:00,0,19,0.000112023845,87,2021-01-01
2022-06-30 23:00:00,2022-06-30 22:00:00,-1,18,0.00011125336,88,2021-01-01
2022-06-30 23:00:00,2022-06-30 22:00:00,0,18,0.00011125336,89,2021-01-01
2022-06-30 23:00:00,2022-06-30 22:00:00,-10,10,0.00011032738,90,2021-01-01
2022-06-30 23:00:00,2022-06-30 22:00:00,3,-1,0.000110274785,91,2021-01-01
2022-06-30 23:00:00,2022-06-30 22:00:00,5,-1,0.000108034605,92,2021-01-01
2022-06-30 23:00:00,2022-06-30 22:00:00,1,6,0.00010637409,93,2021-01-01
2022-06-30 23:00:00,2022-06-30 22:00:00,-4,10,0.00010607871,94,2021-01-01
2022-06-30 23:00:00,2022-06-30 22:00:00,-3,18,0.00010569344,95,2021-01-01
2022-06-30 23:00:00,2022-06-30 22:00:00,-4,8,0.00010545279,96,2021-01-01
2022-06-30 23:00:00,2022-06-30 22:00:00,-4,19,0.00010261658,97,2021-01-01
2022-06-30 23:00:00,2022-06-30 22:00:00,3,17,0.00010198121,98,2021-01-01
2022-06-30 23:00:00,2022-06-30 22:00:00,4,-1,0.00010189291,99,2021-01-01
2022-06-30 23:00:00,2022-06-30 22:00:00,1,11,0.000100041994,100,2021-01-01
2022-06-30 23:00:00,2022-06-30 22:00:00,-10,8,9.9341734e-05,101,2021-01-01
2022-06-30 23:00:00,2022-06-30 22:00:00,-5,9,9.892144e-05,102,2021-01-01
2022-06-30 23:00:00,2022-06-30 22:00:00,6,11,9.7809454e-05,103,2021-01-01
2022-06-30 23:00:00,2022-06-30 22:00:00,-4,12,9.707575e-05,104,2021-01-01
2022-06-30 23:00:00,2022-06-30 22:00:00,7,-5,9.694354e-05,105,2021-01-01
2022-06-30 23:00:00,2022-06-30 22:00:00,-4,17,9.6335185e-05,106,2021-01-01
2022-06-30 23:00:00,2022-06-30 22:00:00,-3,1,9.00449e-05,107,2021-01-01
2022-06-30 23:00:00,2022-06-30 22:00:00,-1,1,8.871424e-05,108,2021-01-01
2022-06-30 23:00:00,2022-06-30 22:00:00,1,5,8.8521534e-05,109,2021-01-01
2022-06-30 23:00:00,2022-06-30 22:00:00,0,-5,8.355424e-05,110,2021-01-01
2022-06-30 23:00:00,2022-06-30 22:00:00,-6,1,8.350702e-05,111,2021-01-01
2022-06-30 23:00:00,2022-06-30 22:00:00,-2,9,8.053383e-05,112,2021-01-01
2022-06-30 23:00:00,2022-06-30 22:00:00,-5,-3,7.853162e-05,113,2021-01-01
2022-06-30 23:00:00,2022-06-30 22:00:00,-5,0,7.1303766e-05,114,2021-01-01
2022-06-30 23:00:00,2022-06-30 22:00:00,10,0,6.785183e-05,115,2021-01-01
2022-06-30 23:00:00,2022-06-30 22:00:00,2,9,6.755295e-05,116,2021-01-01
2022-06-30 23:00:00,2022-06-30 22:00:00,-2,8,6.73241e-05,117,2021-01-01
2022-06-30 23:00:00,2022-06-30 22:00:00,-9,-4,6.7162175e-05,118,2021-01-01
2022-06-30 23:00:00,2022-06-30 22:00:00,-1,8,6.472365e-05,119,2021-01-01
2022-06-30 23:00:00,2022-06-30 22:00:00,1,9,6.416116e-05,120,2021-01-01
2022-06-30 23:00:00,2022-06-30 22:00:00,2,7,6.372629e-05,121,2021-01-01
2022-06-30 23:00:00,2022-06-30 22:00:00,-9,0,6.275199e-05,122,2021-01-01
2022-06-30 23:00:00,2022-06-30 22:00:00,-3,7,6.259236e-05,123,2021-01-01
2022-06-30 23:00:00,2022-06-30 22:00:00,-1,6,5.8902933e-05,124,2021-01-01
2022-06-30 23:00:00,2022-06-30 22:00:00,-12,-5,5.8386377e-05,125,2021-01-01
2022-06-30 23:00:00,2022-06-30 22:00:00,9,1,5.8351212e-05,126,2021-01-01
2022-06-30 23:00:00,2022-06-30 22:00:00,-6,4,5.7241177e-05,127,2021-01-01
2022-06-30 23:00:00,2022-06-30 22:00:00,6,6,5.685966e-05,128,2021-01-01
2022-06-30 23:00:00,2022-06-30 22:00:00,3,0,5.390913e-05,129,2021-01-01
2022-06-30 23:00:00,2022-06-30 22:00:00,5,3,5.38107e-05,130,2021-01-01
2022-06-30 23:00:00,2022-06-30 22:00:00,-1,-7,5.36318e-05,131,2021-01-01
2022-06-30 23:00:00,2022-06-30 22:00:00,9,3,5.353574e-05,132,2021-01-01
2022-06-30 23:00:00,2022-06-30 22:00:00,-4,3,5.1898547e-05,133,2021-01-01
2022-06-30 23:00:00,2022-06-30 22:00:00,2,-2,5.148328e-05,134,2021-01-01
2022-06-30 23:00:00,2022-06-30 22:00:00,8,0,4.8680202e-05,135,2021-01-01
2022-06-30 23:00:00,2022-06-30 22:00:00,-11,-6,4.626384e-05,136,2021-01-01
2022-06-30 23:00:00,2022-06-30 22:00:00,2,-3,4.5550314e-05,137,2021-01-01
2022-06-30 23:00:00,2022-06-30 22:00:00,9,2,4.3842196e-05,138,2021-01-01
2022-06-30 23:00:00,2022-06-30 22:00:00,5,2,4.3365904e-05,139,2021-01-01
2022-06-30 23:00:00,2022-06-30 22:00:00,9,0,4.3224874e-05,140,2021-01-01
2022-06-30 23:00:00,2022-06-30 22:00:00,3,-3,4.268455e-05,141,2021-01-01
2022-06-30 23:00:00,2022-06-30 22:00:00,6,3,4.0785293e-05,142,2021-01-01
2022-06-30 23:00:00,2022-06-30 22:00:00,7,-1,4.0506056e-05,143,2021-01-01
2022-06-30 23:00:00,2022-06-30 22:00:00,-7,-1,4.0154617e-05,144,2021-01-01
2022-06-30 23:00:00,2022-06-30 22:00:00,3,-2,3.9721006e-05,145,2021-01-01
2022-06-30 23:00:00,2022-06-30 22:00:00,8,-1,3.931983e-05,146,2021-01-01
2022-06-30 23:00:00,2022-06-30 22:00:00,0,5,3.8433707e-05,147,2021-01-01
2022-06-30 23:00:00,2022-06-30 22:00:00,-1,2,3.7914604e-05,148,2021-01-01
2022-06-30 23:00:00,2022-06-30 22:00:00,-10,-4,3.7811395e-05,149,2021-01-01
2022-06-30 23:00:00,2022-06-30 22:00:00,1,-7,3.7700884e-05,150,2021-01-01
2022-06-30 23:00:00,2022-06-30 22:00:00,2,-7,3.702231e-05,151,2021-01-01
2022-06-30 23:00:00,2022-06-30 22:00:00,-11,-5,3.6235346e-05,152,2021-01-01
2022-06-30 23:00:00,2022-06-30 22:00:00,-1,3,3.6113226e-05,153,2021-01-01
2022-06-30 23:00:00,2022-06-30 22:00:00,0,-6,3.5249588e-05,154,2021-01-01
2022-06-30 23:00:00,2022-06-30 22:00:00,-1,-6,3.5190344e-05,155,2021-01-01
2022-06-30 23:00:00,2022-06-30 22:00:00,0,-3,3.5069446e-05,156,2021-01-01
2022-06-30 23:00:00,2022-06-30 22:00:00,1,1,3.4492117e-05,157,2021-01-01
2022-06-30 23:00:00,2022-06-30 22:00:00,-5,-5,3.426084e-05,158,2021-01-01
2022-06-30 23:00:00,2022-06-30 22:00:00,-7,1,3.423826e-05,159,2021-01-01
2022-06-30 23:00:00,2022-06-30 22:00:00,8,-3,3.3778382e-05,160,2021-01-01
2022-06-30 23:00:00,2022-06-30 22:00:00,9,-2,3.345361e-05,161,2021-01-01
2022-06-30 23:00:00,2022-06-30 22:00:00,-1,5,3.235666e-05,162,2021-01-01
2022-06-30 23:00:00,2022-06-30 22:00:00,2,-6,3.167039e-05,163,2021-01-01
2022-06-30 23:00:00,2022-06-30 22:00:00,-1,-4,3.105875e-05,164,2021-01-01
2022-06-30 23:00:00,2022-06-30 22:00:00,8,1,3.093641e-05,165,2021-01-01
2022-06-30 23:00:00,2022-06-30 22:00:00,7,1,3.0764273e-05,166,2021-01-01
2022-06-30 23:00:00,2022-06-30 22:00:00,-3,2,3.063268e-05,167,2021-01-01
2022-06-30 23:00:00,2022-06-30 22:00:00,-2,1,2.9070909e-05,168,2021-01-01
2022-06-30 23:00:00,2022-06-30 22:00:00,1,-5,2.7745335e-05,169,2021-01-01
2022-06-30 23:00:00,2022-06-30 22:00:00,-9,-1,2.7255357e-05,170,2021-01-01
2022-06-30 23:00:00,2022-06-30 22:00:00,4,-4,2.718783e-05,171,2021-01-01
2022-06-30 23:00:00,2022-06-30 22:00:00,-4,2,2.698478e-05,172,2021-01-01
2022-06-30 23:00:00,2022-06-30 22:00:00,4,1,2.6936434e-05,173,2021-01-01
2022-06-30 23:00:00,2022-06-30 22:00:00,-2,-5,2.6467349e-05,174,2021-01-01
2022-06-30 23:00:00,2022-06-30 22:00:00,10,-1,2.6275187e-05,175,2021-01-01
2022-06-30 23:00:00,2022-06-30 22:00:00,-2,3,2.5885463e-05,176,2021-01-01
2022-06-30 23:00:00,2022-06-30 22:00:00,4,-6,2.572492e-05,177,2021-01-01
2022-06-30 23:00:00,2022-06-30 22:00:00,5,-3,2.5624931e-05,178,2021-01-01
2022-06-30 23:00:00,2022-06-30 22:00:00,3,1,2.5468633e-05,179,2021-01-01
2022-06-30 23:00:00,2022-06-30 22:00:00,5,-4,2.521139e-05,180,2021-01-01
2022-06-30 23:00:00,2022-06-30 22:00:00,8,-4,2.4674833e-05,181,2021-01-01
2022-06-30 23:00:00,2022-06-30 22:00:00,-5,-4,2.4172332e-05,182,2021-01-01
2022-06-30 23:00:00,2022-06-30 22:00:00,-4,-5,2.2841485e-05,183,2021-01-01
2022-06-30 23:00:00,2022-06-30 22:00:00,-4,-4,2.2452556e-05,184,2021-01-01
2022-06-30 23:00:00,2022-06-30 22:00:00,-6,-2,2.1144777e-05,185,2021-01-01
2022-06-30 23:00:00,2022-06-30 22:00:00,-6,-3,2.0325888e-05,186,2021-01-01
2022-07-01 00:00:00,2022-06-30 23:00:00,0,-1,0.3128766,1,2021-01-01
2022-07-01 00:00:00,2022-06-30 23:00:00,0,0,0.30418718,2,2021-01-01
2022-07-01 00:00:00,2022-06-30 23:00:00,-1,-1,0.28582513,3,2021-01-01
2022-07-01 00:00:00,2022-06-30 23:00:00,-1,0,0.24060017,4,2021-01-01
2022-07-01 00:00:00,2022-06-30 23:00:00,-2,-3,0.21795647,5,2021-01-01
2022-07-01 00:00:00,2022-06-30 23:00:00,2,0,0.18601424,6,2021-01-01
2022-07-01 00:00:00,2022-06-30 23:00:00,-4,-2,0.17646354,7,2021-01-01
2022-07-01 00:00:00,2022-06-30 23:00:00,1,0,0.15512346,8,2021-01-01
2022-07-01 00:00:00,2022-06-30 23:00:00,-2,0,0.14968793,9,2021-01-01
2022-07-01 00:00:00,2022-06-30 23:00:00,-3,-4,0.13437764,10,2021-01-01
2022-07-01 00:00:00,2022-06-30 23:00:00,-4,-3,0.09748503,11,2021-01-01
2022-07-01 00:00:00,2022-06-30 23:00:00,6,-4,0.08696073,12,2021-01-01
2022-07-01 00:00:00,2022-06-30 23:00:00,6,-3,0.07425861,13,2021-01-01
2022-07-01 00:00:00,2022-06-30 23:00:00,0,12,0.040812705,14,2021-01-01
2022-07-01 00:00:00,2022-06-30 23:00:00,-2,-1,0.039332155,15,2021-01-01
2022-07-01 00:00:00,2022-06-30 23:00:00,-2,-2,0.03852244,16,2021-01-01
2022-07-01 00:00:00,2022-06-30 23:00:00,1,-1,0.021049067,17,2021-01-01
2022-07-01 00:00:00,2022-06-30 23:00:00,-2,-4,0.019853277,18,2021-01-01
2022-07-01 00:00:00,2022-06-30 23:00:00,5,-2,0.015053191,19,2021-01-01
2022-07-01 00:00:00,2022-06-30 23:00:00,-3,-2,0.012705247,20,2021-01-01
2022-07-01 00:00:00,2022-06-30 23:00:00,-3,0,0.011954275,21,2021-01-01
2022-07-01 00:00:00,2022-06-30 23:00:00,-3,-3,0.009006446,22,2021-01-01
2022-07-01 00:00:00,2022-06-30 23:00:00,-2,13,0.008129808,23,2021-01-01
2022-07-01 00:00:00,2022-06-30 23:00:00,-1,-2,0.007767869,24,2021-01-01
2022-07-01 00:00:00,2022-06-30 23:00:00,-5,-1,0.00726697,25,2021-01-01
2022-07-01 00:00:00,2022-06-30 23:00:00,-9,-5,0.006599698,26,2021-01-01
2022-07-01 00:00:00,2022-06-30 23:00:00,-3,-1,0.005052563,27,2021-01-01
2022-07-01 00:00:00,2022-06-30 23:00:00,2,-1,0.005000776,28,2021-01-01
2022-07-01 00:00:00,2022-06-30 23:00:00,-4,-1,0.004953919,29,2021-01-01
2022-07-01 00:00:00,2022-06-30 23:00:00,-5,-2,0.0037545997,30,2021-01-01
2022-07-01 00:00:00,2022-06-30 23:00:00,2,1,0.0035218385,31,2021-01-01
2022-07-01 00:00:00,2022-06-30 23:00:00,0,-2,0.003423292,32,2021-01-01
2022-07-01 00:00:00,2022-06-30 23:00:00,-5,1,0.0032866064,33,2021-01-01
2022-07-01 00:00:00,2022-06-30 23:00:00,1,-7,0.0025283692,34,2021-01-01
2022-07-01 00:00:00,2022-06-30 23:00:00,7,-4,0.0020455224,35,2021-01-01
2022-07-01 00:00:00,2022-06-30 23:00:00,-1,-3,0.0015366055,36,2021-01-01
2022-07-01 00:00:00,2022-06-30 23:00:00,7,4,0.0011528499,37,2021-01-01
2022-07-01 00:00:00,2022-06-30 23:00:00,-4,0,0.0008651091,38,2021-01-01
2022-07-01 00:00:00,2022-06-30 23:00:00,0,1,0.0008354097,39,2021-01-01
2022-07-01 00:00:00,2022-06-30 23:00:00,1,-3,0.0007978161,40,2021-01-01
2022-07-01 00:00:00,2022-06-30 23:00:00,0,8,0.00077744527,41,2021-01-01
2022-07-01 00:00:00,2022-06-30 23:00:00,-6,8,0.00075851433,42,2021-01-01
2022-07-01 00:00:00,2022-06-30 23:00:00,0,17,0.00046575253,43,2021-01-01
2022-07-01 00:00:00,2022-06-30 23:00:00,10,5,0.00038665766,44,2021-01-01
2022-07-01 00:00:00,2022-06-30 23:00:00,1,2,0.0003860787,45,2021-01-01
2022-07-01 00:00:00,2022-06-30 23:00:00,-1,7,0.00033084545,46,2021-01-01
2022-07-01 00:00:00,2022-06-30 23:00:00,-3,1,0.00030307274,47,2021-01-01
2022-07-01 00:00:00,2022-06-30 23:00:00,10,3,0.00030205562,48,2021-01-01
2022-07-01 00:00:00,2022-06-30 23:00:00,-5,-3,0.0003010753,49,2021-01-01
2022-07-01 00:00:00,2022-06-30 23:00:00,0,9,0.00025266586,50,2021-01-01
2022-07-01 00:00:00,2022-06-30 23:00:00,7,-5,0.0002137862,51,2021-01-01
2022-07-01 00:00:00,2022-06-30 23:00:00,0,-5,0.00021338386,52,2021-01-01
2022-07-01 00:00:00,2022-06-30 23:00:00,-5,11,0.00020198752,53,2021-01-01
2022-07-01 00:00:00,2022-06-30 23:00:00,-5,0,0.00020140821,54,2021-01-01
2022-07-01 00:00:00,2022-06-30 23:00:00,-3,8,0.0001794623,55,2021-01-01
2022-07-01 00:00:00,2022-06-30 23:00:00,6,5,0.00015869207,56,2021-01-01
2022-07-01 00:00:00,2022-06-30 23:00:00,1,-2,0.00014471081,57,2021-01-01
2022-07-01 00:00:00,2022-06-30 23:00:00,-1,1,0.0001442434,58,2021-01-01
2022-07-01 00:00:00,2022-06-30 23:00:00,-3,13,0.00014011735,59,2021-01-01
2022-07-01 00:00:00,2022-06-30 23:00:00,-5,2,0.00013975399,60,2021-01-01
2022-07-01 00:00:00,2022-06-30 23:00:00,5,-1,0.00013692108,61,2021-01-01
2022-07-01 00:00:00,2022-06-30 23:00:00,-6,1,0.00013634952,62,2021-01-01
2022-07-01 00:00:00,2022-06-30 23:00:00,-3,9,0.00013441243,63,2021-01-01
2022-07-01 00:00:00,2022-06-30 23:00:00,-4,5,0.00012903014,64,2021-01-01
2022-07-01 00:00:00,2022-06-30 23:00:00,3,-1,0.00012340482,65,2021-01-01
2022-07-01 00:00:00,2022-06-30 23:00:00,-9,6,0.00012318631,66,2021-01-01
2022-07-01 00:00:00,2022-06-30 23:00:00,-4,-4,0.000114912495,67,2021-01-01
2022-07-01 00:00:00,2022-06-30 23:00:00,4,-1,0.00011178118,68,2021-01-01
2022-07-01 00:00:00,2022-06-30 23:00:00,10,0,0.00011099473,69,2021-01-01
2022-07-01 00:00:00,2022-06-30 23:00:00,-8,6,0.00010733551,70,2021-01-01
2022-07-01 00:00:00,2022-06-30 23:00:00,-2,10,0.00010563462,71,2021-01-01
2022-07-01 00:00:00,2022-06-30 23:00:00,-2,1,0.000104377286,72,2021-01-01
2022-07-01 00:00:00,2022-06-30 23:00:00,-1,-7,0.00010381544,73,2021-01-01
2022-07-01 00:00:00,2022-06-30 23:00:00,-10,-3,0.000101088626,74,2021-01-01
2022-07-01 00:00:00,2022-06-30 23:00:00,-2,11,0.00010073417,75,2021-01-01
2022-07-01 00:00:00,2022-06-30 23:00:00,-1,9,9.3365525e-05,76,2021-01-01
2022-07-01 00:00:00,2022-06-30 23:00:00,2,20,9.3191455e-05,77,2021-01-01
2022-07-01 00:00:00,2022-06-30 23:00:00,-6,15,9.092343e-05,78,2021-01-01
2022-07-01 00:00:00,2022-06-30 23:00:00,-3,15,9.085595e-05,79,2021-01-01
2022-07-01 00:00:00,2022-06-30 23:00:00,-5,15,9.015267e-05,80,2021-01-01
2022-07-01 00:00:00,2022-06-30 23:00:00,-1,2,8.847766e-05,81,2021-01-01
2022-07-01 00:00:00,2022-06-30 23:00:00,1,5,8.800961e-05,82,2021-01-01
2022-07-01 00:00:00,2022-06-30 23:00:00,1,19,8.720195e-05,83,2021-01-01
2022-07-01 00:00:00,2022-06-30 23:00:00,2,8,8.4492494e-05,84,2021-01-01
2022-07-01 00:00:00,2022-06-30 23:00:00,9,3,8.221417e-05,85,2021-01-01
2022-07-01 00:00:00,2022-06-30 23:00:00,-2,-5,8.1781596e-05,86,2021-01-01
2022-07-01 00:00:00,2022-06-30 23:00:00,-3,11,7.986251e-05,87,2021-01-01
2022-07-01 00:00:00,2022-06-30 23:00:00,-4,12,7.879988e-05,88,2021-01-01
2022-07-01 00:00:00,2022-06-30 23:00:00,-4,4,7.7449375e-05,89,2021-01-01
2022-07-01 00:00:00,2022-06-30 23:00:00,-3,2,7.679796e-05,90,2021-01-01
2022-07-01 00:00:00,2022-06-30 23:00:00,-7,-1,7.650947e-05,91,2021-01-01
2022-07-01 00:00:00,2022-06-30 23:00:00,-3,12,7.6046934e-05,92,2021-01-01
2022-07-01 00:00:00,2022-06-30 23:00:00,-4,8,7.592707e-05,93,2021-01-01
2022-07-01 00:00:00,2022-06-30 23:00:00,-1,-4,7.561825e-05,94,2021-01-01
2022-07-01 00:00:00,2022-06-30 23:00:00,-5,-4,7.239205e-05,95,2021-01-01
2022-07-01 00:00:00,2022-06-30 23:00:00,3,0,7.193656e-05,96,2021-01-01
2022-07-01 00:00:00,2022-06-30 23:00:00,1,8,7.1461654e-05,97,2021-01-01
2022-07-01 00:00:00,2022-06-30 23:00:00,-4,10,6.867629e-05,98,2021-01-01
2022-07-01 00:00:00,2022-06-30 23:00:00,-4,-5,6.835154e-05,99,2021-01-01
2022-07-01 00:00:00,2022-06-30 23:00:00,-7,1,6.771085e-05,100,2021-01-01
2022-07-01 00:00:00,2022-06-30 23:00:00,-9,-4,6.5318214e-05,101,2021-01-01
2022-07-01 00:00:00,2022-06-30 23:00:00,4,-6,6.254447e-05,102,2021-01-01
2022-07-01 00:00:00,2022-06-30 23:00:00,-5,9,6.108059e-05,103,2021-01-01
2022-07-01 00:00:00,2022-06-30 23:00:00,-5,10,6.0133763e-05,104,2021-01-01
2022-07-01 00:00:00,2022-06-30 23:00:00,-1,3,6.002907e-05,105,2021-01-01
2022-07-01 00:00:00,2022-06-30 23:00:00,5,-4,5.98833e-05,106,2021-01-01
2022-07-01 00:00:00,2022-06-30 23:00:00,7,11,5.9426227e-05,107,2021-01-01
2022-07-01 00:00:00,2022-06-30 23:00:00,1,6,5.88559e-05,108,2021-01-01
2022-07-01 00:00:00,2022-06-30 23:00:00,1,-5,5.8504407e-05,109,2021-01-01
2022-07-01 00:00:00,2022-06-30 23:00:00,1,1,5.827677e-05,110,2021-01-01
2022-07-01 00:00:00,2022-06-30 23:00:00,-10,8,5.786501e-05,111,2021-01-01
2022-07-01 00:00:00,2022-06-30 23:00:00,-6,-2,5.7825233e-05,112,2021-01-01
2022-07-01 00:00:00,2022-06-30 23:00:00,2,-7,5.7368063e-05,113,2021-01-01
2022-07-01 00:00:00,2022-06-30 23:00:00,-1,-6,5.7064026e-05,114,2021-01-01
2022-07-01 00:00:00,2022-06-30 23:00:00,-5,4,5.702609e-05,115,2021-01-01
2022-07-01 00:00:00,2022-06-30 23:00:00,8,1,5.6324305e-05,116,2021-01-01
2022-07-01 00:00:00,2022-06-30 23:00:00,7,-1,5.594286e-05,117,2021-01-01
2022-07-01 00:00:00,2022-06-30 23:00:00,9,0,5.5885586e-05,118,2021-01-01
2022-07-01 00:00:00,2022-06-30 23:00:00,7,1,5.581747e-05,119,2021-01-01
2022-07-01 00:00:00,2022-06-30 23:00:00,9,2,5.573349e-05,120,2021-01-01
2022-07-01 00:00:00,2022-06-30 23:00:00,10,-1,5.5714703e-05,121,2021-01-01
2022-07-01 00:00:00,2022-06-30 23:00:00,8,-1,5.5149794e-05,122,2021-01-01
2022-07-01 00:00:00,2022-06-30 23:00:00,-2,9,5.5092838e-05,123,2021-01-01
2022-07-01 00:00:00,2022-06-30 23:00:00,5,3,5.5026303e-05,124,2021-01-01
2022-07-01 00:00:00,2022-06-30 23:00:00,8,0,5.495522e-05,125,2021-01-01
2022-07-01 00:00:00,2022-06-30 23:00:00,0,-3,5.4755732e-05,126,2021-01-01
2022-07-01 00:00:00,2022-06-30 23:00:00,9,1,5.4712295e-05,127,2021-01-01
2022-07-01 00:00:00,2022-06-30 23:00:00,6,3,5.440283e-05,128,2021-01-01
2022-07-01 00:00:00,2022-06-30 23:00:00,-10,10,5.3498316e-05,129,2021-01-01
2022-07-01 00:00:00,2022-06-30 23:00:00,9,-2,5.316101e-05,130,2021-01-01
2022-07-01 00:00:00,2022-06-30 23:00:00,5,2,5.2932377e-05,131,2021-01-01
2022-07-01 00:00:00,2022-06-30 23:00:00,8,-4,5.289901e-05,132,2021-01-01
2022-07-01 00:00:00,2022-06-30 23:00:00,-4,3,5.2845542e-05,133,2021-01-01
2022-07-01 00:00:00,2022-06-30 23:00:00,-1,11,5.2747575e-05,134,2021-01-01
2022-07-01 00:00:00,2022-06-30 23:00:00,-1,13,5.258882e-05,135,2021-01-01
2022-07-01 00:00:00,2022-06-30 23:00:00,0,13,5.247435e-05,136,2021-01-01
2022-07-01 00:00:00,2022-06-30 23:00:00,8,-3,5.2323798e-05,137,2021-01-01
2022-07-01 00:00:00,2022-06-30 23:00:00,-1,8,5.1998737e-05,138,2021-01-01
2022-07-01 00:00:00,2022-06-30 23:00:00,-2,16,5.1792264e-05,139,2021-01-01
2022-07-01 00:00:00,2022-06-30 23:00:00,-1,15,5.140009e-05,140,2021-01-01
2022-07-01 00:00:00,2022-06-30 23:00:00,-3,14,5.12616e-05,141,2021-01-01
2022-07-01 00:00:00,2022-06-30 23:00:00,-5,-5,5.1107443e-05,142,2021-01-01
2022-07-01 00:00:00,2022-06-30 23:00:00,3,17,5.0839826e-05,143,2021-01-01
2022-07-01 00:00:00,2022-06-30 23:00:00,2,-6,5.0800823e-05,144,2021-01-01
2022-07-01 00:00:00,2022-06-30 23:00:00,-2,15,5.042358e-05,145,2021-01-01
2022-07-01 00:00:00,2022-06-30 23:00:00,2,9,5.040015e-05,146,2021-01-01
2022-07-01 00:00:00,2022-06-30 23:00:00,-2,8,5.0324667e-05,147,2021-01-01
2022-07-01 00:00:00,2022-06-30 23:00:00,0,11,5.007171e-05,148,2021-01-01
2022-07-01 00:00:00,2022-06-30 23:00:00,-4,2,4.9796665e-05,149,2021-01-01
2022-07-01 00:00:00,2022-06-30 23:00:00,-6,4,4.9663893e-05,150,2021-01-01
2022-07-01 00:00:00,2022-06-30 23:00:00,-3,7,4.9390565e-05,151,2021-01-01
2022-07-01 00:00:00,2022-06-30 23:00:00,4,1,4.924773e-05,152,2021-01-01
2022-07-01 00:00:00,2022-06-30 23:00:00,5,-3,4.924773e-05,153,2021-01-01
2022-07-01 00:00:00,2022-06-30 23:00:00,2,7,4.898559e-05,154,2021-01-01
2022-07-01 00:00:00,2022-06-30 23:00:00,0,-6,4.7426398e-05,155,2021-01-01
2022-07-01 00:00:00,2022-06-30 23:00:00,4,-4,4.563037e-05,156,2021-01-01
2022-07-01 00:00:00,2022-06-30 23:00:00,-6,-3,4.525216e-05,157,2021-01-01
2022-07-01 00:00:00,2022-06-30 23:00:00,-11,-6,4.517933e-05,158,2021-01-01
2022-07-01 00:00:00,2022-06-30 23:00:00,-4,17,4.3829048e-05,159,2021-01-01
2022-07-01 00:00:00,2022-06-30 23:00:00,2,-3,4.350954e-05,160,2021-01-01
2022-07-01 00:00:00,2022-06-30 23:00:00,2,-2,4.1473275e-05,161,2021-01-01
2022-07-01 00:00:00,2022-06-30 23:00:00,0,14,3.8175134e-05,162,2021-01-01
2022-07-01 00:00:00,2022-06-30 23:00:00,4,14,3.7941554e-05,163,2021-01-01
2022-07-01 00:00:00,2022-06-30 23:00:00,3,1,3.6804202e-05,164,2021-01-01
2022-07-01 00:00:00,2022-06-30 23:00:00,6,11,3.6739348e-05,165,2021-01-01
2022-07-01 00:00:00,2022-06-30 23:00:00,-2,3,3.6574067e-05,166,2021-01-01
2022-07-01 00:00:00,2022-06-30 23:00:00,1,20,3.648392e-05,167,2021-01-01
2022-07-01 00:00:00,2022-06-30 23:00:00,1,11,3.5970665e-05,168,2021-01-01
2022-07-01 00:00:00,2022-06-30 23:00:00,-9,0,3.5132725e-05,169,2021-01-01
2022-07-01 00:00:00,2022-06-30 23:00:00,-10,-4,3.5124303e-05,170,2021-01-01
2022-07-01 00:00:00,2022-06-30 23:00:00,3,-3,3.4392822e-05,171,2021-01-01
2022-07-01 00:00:00,2022-06-30 23:00:00,3,-2,3.1722684e-05,172,2021-01-01
2022-07-01 00:00:00,2022-06-30 23:00:00,-11,-5,3.120288e-05,173,2021-01-01
2022-07-01 00:00:00,2022-06-30 23:00:00,-9,-1,3.092793e-05,174,2021-01-01
2022-07-01 00:00:00,2022-06-30 23:00:00,-1,6,3.0748957e-05,175,2021-01-01
2022-07-01 00:00:00,2022-06-30 23:00:00,-12,-5,3.0696054e-05,176,2021-01-01
2022-07-01 00:00:00,2022-06-30 23:00:00,6,6,3.0409996e-05,177,2021-01-01
2022-07-01 00:00:00,2022-06-30 23:00:00,-1,16,3.0351037e-05,178,2021-01-01
2022-07-01 00:00:00,2022-06-30 23:00:00,-4,19,2.97972e-05,179,2021-01-01
2022-07-01 00:00:00,2022-06-30 23:00:00,0,19,2.9583309e-05,180,2021-01-01
2022-07-01 00:00:00,2022-06-30 23:00:00,1,9,2.9147419e-05,181,2021-01-01
2022-07-01 00:00:00,2022-06-30 23:00:00,-1,18,2.8740533e-05,182,2021-01-01
2022-07-01 00:00:00,2022-06-30 23:00:00,-3,18,2.8230808e-05,183,2021-01-01
2022-07-01 00:00:00,2022-06-30 23:00:00,0,5,2.7992677e-05,184,2021-01-01
2022-07-01 00:00:00,2022-06-30 23:00:00,0,18,2.69554e-05,185,2021-01-01
2022-07-01 00:00:00,2022-06-30 23:00:00,-1,5,2.6160196e-05,186,2021-01-01
2022-07-03 23:00:00,2022-07-03 22:00:00,-1,0,0.08384657,1,2021-01-01
2022-07-03 23:00:00,2022-07-03 22:00:00,0,12,0.07566639,2,2021-01-01
2022-07-03 23:00:00,2022-07-03 22:00:00,0,0,0.06940939,3,2021-01-01
2022-07-03 23:00:00,2022-07-03 22:00:00,0,-1,0.03252941,4,2021-01-01
2022-07-03 23:00:00,2022-07-03 22:00:00,2,0,0.022718871,5,2021-01-01
2022-07-03 23:00:00,2022-07-03 22:00:00,6,-4,0.020785024,6,2021-01-01
2022-07-03 23:00:00,2022-07-03 22:00:00,1,0,0.015275466,7,2021-01-01
2022-07-03 23:00:00,2022-07-03 22:00:00,-1,-1,0.014172002,8,2021-01-01
2022-07-03 23:00:00,2022-07-03 22:00:00,1,-1,0.013745606,9,2021-01-01
2022-07-03 23:00:00,2022-07-03 22:00:00,-2,13,0.011568625,10,2021-01-01
2022-07-03 23:00:00,2022-07-03 22:00:00,-2,-1,0.0068748766,11,2021-01-01
2022-07-03 23:00:00,2022-07-03 22:00:00,-9,-5,0.006363457,12,2021-01-01
2022-07-03 23:00:00,2022-07-03 22:00:00,-2,-3,0.00626877,13,2021-01-01
2022-07-03 23:00:00,2022-07-03 22:00:00,-4,-3,0.003950603,14,2021-01-01
2022-07-03 23:00:00,2022-07-03 22:00:00,-4,-2,0.003217954,15,2021-01-01
2022-07-03 23:00:00,2022-07-03 22:00:00,-2,-2,0.0028779842,16,2021-01-01
2022-07-03 23:00:00,2022-07-03 22:00:00,0,8,0.0027066153,17,2021-01-01
2022-07-03 23:00:00,2022-07-03 22:00:00,7,4,0.0023249022,18,2021-01-01
2022-07-03 23:00:00,2022-07-03 22:00:00,-1,-2,0.0019431794,19,2021-01-01
2022-07-03 23:00:00,2022-07-03 22:00:00,6,-3,0.0018517402,20,2021-01-01
2022-07-03 23:00:00,2022-07-03 22:00:00,-3,-4,0.0018059533,21,2021-01-01
2022-07-03 23:00:00,2022-07-03 22:00:00,-2,0,0.0013996968,22,2021-01-01
2022-07-03 23:00:00,2022-07-03 22:00:00,0,17,0.0013022381,23,2021-01-01
2022-07-03 23:00:00,2022-07-03 22:00:00,-1,7,0.0012521719,24,2021-01-01
2022-07-03 23:00:00,2022-07-03 22:00:00,5,-2,0.0011907592,25,2021-01-01
2022-07-03 23:00:00,2022-07-03 22:00:00,2,1,0.0010922313,26,2021-01-01
2022-07-03 23:00:00,2022-07-03 22:00:00,-6,8,0.0009930398,27,2021-01-01
2022-07-03 23:00:00,2022-07-03 22:00:00,-3,-3,0.0009365228,28,2021-01-01
2022-07-03 23:00:00,2022-07-03 22:00:00,1,-3,0.000933313,29,2021-01-01
2022-07-03 23:00:00,2022-07-03 22:00:00,-1,-3,0.0009286253,30,2021-01-01
2022-07-03 23:00:00,2022-07-03 22:00:00,-3,-2,0.0009147939,31,2021-01-01
2022-07-03 23:00:00,2022-07-03 22:00:00,2,-1,0.000808977,32,2021-01-01
2022-07-03 23:00:00,2022-07-03 22:00:00,2,-6,0.00079176296,33,2021-01-01
2022-07-03 23:00:00,2022-07-03 22:00:00,7,-4,0.0007869745,34,2021-01-01
2022-07-03 23:00:00,2022-07-03 22:00:00,-3,0,0.00074049906,35,2021-01-01
2022-07-03 23:00:00,2022-07-03 22:00:00,-5,1,0.00072661386,36,2021-01-01
2022-07-03 23:00:00,2022-07-03 22:00:00,-5,-1,0.00070933934,37,2021-01-01
2022-07-03 23:00:00,2022-07-03 22:00:00,-2,-4,0.00068811513,38,2021-01-01
2022-07-03 23:00:00,2022-07-03 22:00:00,1,-7,0.00059840654,39,2021-01-01
2022-07-03 23:00:00,2022-07-03 22:00:00,-4,-1,0.0005814443,40,2021-01-01
2022-07-03 23:00:00,2022-07-03 22:00:00,-3,-1,0.0005778687,41,2021-01-01
2022-07-03 23:00:00,2022-07-03 22:00:00,0,-2,0.0005423667,42,2021-01-01
2022-07-03 23:00:00,2022-07-03 22:00:00,10,5,0.0005278198,43,2021-01-01
2022-07-03 23:00:00,2022-07-03 22:00:00,-10,-3,0.00044501232,44,2021-01-01
2022-07-03 23:00:00,2022-07-03 22:00:00,0,1,0.0004308014,45,2021-01-01
2022-07-03 23:00:00,2022-07-03 22:00:00,10,3,0.00042766976,46,2021-01-01
2022-07-03 23:00:00,2022-07-03 22:00:00,1,-2,0.00042719944,47,2021-01-01
2022-07-03 23:00:00,2022-07-03 22:00:00,0,9,0.0004201761,48,2021-01-01
2022-07-03 23:00:00,2022-07-03 22:00:00,-5,-2,0.00039624632,49,2021-01-01
2022-07-03 23:00:00,2022-07-03 22:00:00,1,8,0.00031701903,50,2021-01-01
2022-07-03 23:00:00,2022-07-03 22:00:00,-3,8,0.00029146613,51,2021-01-01
2022-07-03 23:00:00,2022-07-03 22:00:00,1,19,0.00026451776,52,2021-01-01
2022-07-03 23:00:00,2022-07-03 22:00:00,6,5,0.00026012395,53,2021-01-01
2022-07-03 23:00:00,2022-07-03 22:00:00,-5,11,0.00024701207,54,2021-01-01
2022-07-03 23:00:00,2022-07-03 22:00:00,-3,13,0.00023220135,55,2021-01-01
2022-07-03 23:00:00,2022-07-03 22:00:00,-4,5,0.00021957449,56,2021-01-01
2022-07-03 23:00:00,2022-07-03 22:00:00,-4,4,0.00021820168,57,2021-01-01
2022-07-03 23:00:00,2022-07-03 22:00:00,-5,2,0.00020180612,58,2021-01-01
2022-07-03 23:00:00,2022-07-03 22:00:00,1,6,0.00018727306,59,2021-01-01
2022-07-03 23:00:00,2022-07-03 22:00:00,-6,15,0.00018529803,60,2021-01-01
2022-07-03 23:00:00,2022-07-03 22:00:00,-5,15,0.0001843068,61,2021-01-01
2022-07-03 23:00:00,2022-07-03 22:00:00,-1,9,0.00018078728,62,2021-01-01
2022-07-03 23:00:00,2022-07-03 22:00:00,-9,-4,0.00016927496,63,2021-01-01
2022-07-03 23:00:00,2022-07-03 22:00:00,2,8,0.00016278391,64,2021-01-01
2022-07-03 23:00:00,2022-07-03 22:00:00,2,20,0.00015584096,65,2021-01-01
2022-07-03 23:00:00,2022-07-03 22:00:00,-3,9,0.00015358324,66,2021-01-01
2022-07-03 23:00:00,2022-07-03 22:00:00,-2,11,0.00015095963,67,2021-01-01
2022-07-03 23:00:00,2022-07-03 22:00:00,-3,15,0.00015073836,68,2021-01-01
2022-07-03 23:00:00,2022-07-03 22:00:00,-2,10,0.00014913034,69,2021-01-01
2022-07-03 23:00:00,2022-07-03 22:00:00,1,2,0.00013513154,70,2021-01-01
2022-07-03 23:00:00,2022-07-03 22:00:00,7,-5,0.00012834313,71,2021-01-01
2022-07-03 23:00:00,2022-07-03 22:00:00,-5,4,0.00012772963,72,2021-01-01
2022-07-03 23:00:00,2022-07-03 22:00:00,10,0,0.0001253073,73,2021-01-01
2022-07-03 23:00:00,2022-07-03 22:00:00,1,5,0.00012524486,74,2021-01-01
2022-07-03 23:00:00,2022-07-03 22:00:00,-3,1,0.00012515856,75,2021-01-01
2022-07-03 23:00:00,2022-07-03 22:00:00,-4,0,0.00012037754,76,2021-01-01
2022-07-03 23:00:00,2022-07-03 22:00:00,-9,0,0.000117372,77,2021-01-01
2022-07-03 23:00:00,2022-07-03 22:00:00,-6,1,0.000113539536,78,2021-01-01
2022-07-03 23:00:00,2022-07-03 22:00:00,-9,-1,0.000113143935,79,2021-01-01
2022-07-03 23:00:00,2022-07-03 22:00:00,-9,6,0.00011226133,80,2021-01-01
2022-07-03 23:00:00,2022-07-03 22:00:00,-8,6,0.00010919144,81,2021-01-01
2022-07-03 23:00:00,2022-07-03 22:00:00,7,11,0.00010311592,82,2021-01-01
2022-07-03 23:00:00,2022-07-03 22:00:00,-5,0,0.00010038993,83,2021-01-01
2022-07-03 23:00:00,2022-07-03 22:00:00,-11,-6,9.604307e-05,84,2021-01-01
2022-07-03 23:00:00,2022-07-03 22:00:00,-5,-3,9.192879e-05,85,2021-01-01
2022-07-03 23:00:00,2022-07-03 22:00:00,9,3,8.816231e-05,86,2021-01-01
2022-07-03 23:00:00,2022-07-03 22:00:00,0,-5,8.77653e-05,87,2021-01-01
2022-07-03 23:00:00,2022-07-03 22:00:00,5,-1,8.766683e-05,88,2021-01-01
2022-07-03 23:00:00,2022-07-03 22:00:00,3,-1,8.758251e-05,89,2021-01-01
2022-07-03 23:00:00,2022-07-03 22:00:00,4,-1,8.743749e-05,90,2021-01-01
2022-07-03 23:00:00,2022-07-03 22:00:00,-4,3,7.506158e-05,91,2021-01-01
2022-07-03 23:00:00,2022-07-03 22:00:00,-4,12,7.245145e-05,92,2021-01-01
2022-07-03 23:00:00,2022-07-03 22:00:00,-1,1,7.2216084e-05,93,2021-01-01
2022-07-03 23:00:00,2022-07-03 22:00:00,-10,-4,7.2051014e-05,94,2021-01-01
2022-07-03 23:00:00,2022-07-03 22:00:00,-11,-5,7.1120296e-05,95,2021-01-01
2022-07-03 23:00:00,2022-07-03 22:00:00,-3,7,6.9736045e-05,96,2021-01-01
2022-07-03 23:00:00,2022-07-03 22:00:00,-2,8,6.689676e-05,97,2021-01-01
2022-07-03 23:00:00,2022-07-03 22:00:00,-1,8,6.689676e-05,98,2021-01-01
2022-07-03 23:00:00,2022-07-03 22:00:00,2,7,6.640295e-05,99,2021-01-01
2022-07-03 23:00:00,2022-07-03 22:00:00,-12,-5,6.528825e-05,100,2021-01-01
2022-07-03 23:00:00,2022-07-03 22:00:00,-7,1,6.483625e-05,101,2021-01-01
2022-07-03 23:00:00,2022-07-03 22:00:00,9,2,6.4391184e-05,102,2021-01-01
2022-07-03 23:00:00,2022-07-03 22:00:00,-1,-7,6.389384e-05,103,2021-01-01
2022-07-03 23:00:00,2022-07-03 22:00:00,1,9,6.108866e-05,104,2021-01-01
2022-07-03 23:00:00,2022-07-03 22:00:00,0,13,6.0565926e-05,105,2021-01-01
2022-07-03 23:00:00,2022-07-03 22:00:00,0,14,6.0565926e-05,106,2021-01-01
2022-07-03 23:00:00,2022-07-03 22:00:00,0,11,6.041932e-05,107,2021-01-01
2022-07-03 23:00:00,2022-07-03 22:00:00,3,17,6.0031063e-05,108,2021-01-01
2022-07-03 23:00:00,2022-07-03 22:00:00,-6,4,5.975858e-05,109,2021-01-01
2022-07-03 23:00:00,2022-07-03 22:00:00,7,1,5.935539e-05,110,2021-01-01
2022-07-03 23:00:00,2022-07-03 22:00:00,8,0,5.935539e-05,111,2021-01-01
2022-07-03 23:00:00,2022-07-03 22:00:00,-2,9,5.921115e-05,112,2021-01-01
2022-07-03 23:00:00,2022-07-03 22:00:00,8,-4,5.917164e-05,113,2021-01-01
2022-07-03 23:00:00,2022-07-03 22:00:00,1,11,5.9083362e-05,114,2021-01-01
2022-07-03 23:00:00,2022-07-03 22:00:00,-1,11,5.9076498e-05,115,2021-01-01
2022-07-03 23:00:00,2022-07-03 22:00:00,-1,5,5.900307e-05,116,2021-01-01
2022-07-03 23:00:00,2022-07-03 22:00:00,2,9,5.8939757e-05,117,2021-01-01
2022-07-03 23:00:00,2022-07-03 22:00:00,-1,6,5.8705118e-05,118,2021-01-01
2022-07-03 23:00:00,2022-07-03 22:00:00,0,5,5.862996e-05,119,2021-01-01
2022-07-03 23:00:00,2022-07-03 22:00:00,1,20,5.810805e-05,120,2021-01-01
2022-07-03 23:00:00,2022-07-03 22:00:00,8,-3,5.745748e-05,121,2021-01-01
2022-07-03 23:00:00,2022-07-03 22:00:00,5,2,5.739227e-05,122,2021-01-01
2022-07-03 23:00:00,2022-07-03 22:00:00,7,-1,5.696052e-05,123,2021-01-01
2022-07-03 23:00:00,2022-07-03 22:00:00,8,-1,5.6814217e-05,124,2021-01-01
2022-07-03 23:00:00,2022-07-03 22:00:00,9,-2,5.643596e-05,125,2021-01-01
2022-07-03 23:00:00,2022-07-03 22:00:00,0,18,5.586196e-05,126,2021-01-01
2022-07-03 23:00:00,2022-07-03 22:00:00,6,6,5.5839133e-05,127,2021-01-01
2022-07-03 23:00:00,2022-07-03 22:00:00,0,19,5.582153e-05,128,2021-01-01
2022-07-03 23:00:00,2022-07-03 22:00:00,5,3,5.4865068e-05,129,2021-01-01
2022-07-03 23:00:00,2022-07-03 22:00:00,-1,13,5.470273e-05,130,2021-01-01
2022-07-03 23:00:00,2022-07-03 22:00:00,-1,15,5.466615e-05,131,2021-01-01
2022-07-03 23:00:00,2022-07-03 22:00:00,-1,18,5.4280525e-05,132,2021-01-01
2022-07-03 23:00:00,2022-07-03 22:00:00,-1,16,5.4186647e-05,133,2021-01-01
2022-07-03 23:00:00,2022-07-03 22:00:00,6,3,5.3255004e-05,134,2021-01-01
2022-07-03 23:00:00,2022-07-03 22:00:00,-3,14,5.3192296e-05,135,2021-01-01
2022-07-03 23:00:00,2022-07-03 22:00:00,-5,9,5.2739968e-05,136,2021-01-01
2022-07-03 23:00:00,2022-07-03 22:00:00,-5,10,5.2701715e-05,137,2021-01-01
2022-07-03 23:00:00,2022-07-03 22:00:00,8,1,5.266073e-05,138,2021-01-01
2022-07-03 23:00:00,2022-07-03 22:00:00,-2,15,5.265832e-05,139,2021-01-01
2022-07-03 23:00:00,2022-07-03 22:00:00,-10,10,5.2302083e-05,140,2021-01-01
2022-07-03 23:00:00,2022-07-03 22:00:00,-2,16,5.217882e-05,141,2021-01-01
2022-07-03 23:00:00,2022-07-03 22:00:00,10,-1,5.1882653e-05,142,2021-01-01
2022-07-03 23:00:00,2022-07-03 22:00:00,3,0,5.122896e-05,143,2021-01-01
2022-07-03 23:00:00,2022-07-03 22:00:00,9,1,5.096229e-05,144,2021-01-01
2022-07-03 23:00:00,2022-07-03 22:00:00,-7,-1,5.0946528e-05,145,2021-01-01
2022-07-03 23:00:00,2022-07-03 22:00:00,9,0,5.088022e-05,146,2021-01-01
2022-07-03 23:00:00,2022-07-03 22:00:00,4,14,4.9340393e-05,147,2021-01-01
2022-07-03 23:00:00,2022-07-03 22:00:00,-4,19,4.8300262e-05,148,2021-01-01
2022-07-03 23:00:00,2022-07-03 22:00:00,-3,11,4.827649e-05,149,2021-01-01
2022-07-03 23:00:00,2022-07-03 22:00:00,-3,12,4.827649e-05,150,2021-01-01
2022-07-03 23:00:00,2022-07-03 22:00:00,-10,8,4.6942627e-05,151,2021-01-01
2022-07-03 23:00:00,2022-07-03 22:00:00,-4,17,4.6569632e-05,152,2021-01-01
2022-07-03 23:00:00,2022-07-03 22:00:00,-4,8,4.62146e-05,153,2021-01-01
2022-07-03 23:00:00,2022-07-03 22:00:00,-3,18,4.5539997e-05,154,2021-01-01
2022-07-03 23:00:00,2022-07-03 22:00:00,-4,2,4.23179e-05,155,2021-01-01
2022-07-03 23:00:00,2022-07-03 22:00:00,-4,10,4.2172935e-05,156,2021-01-01
2022-07-03 23:00:00,2022-07-03 22:00:00,6,11,4.0268296e-05,157,2021-01-01
2022-07-03 23:00:00,2022-07-03 22:00:00,2,-7,3.8771337e-05,158,2021-01-01
2022-07-03 23:00:00,2022-07-03 22:00:00,4,1,3.8692822e-05,159,2021-01-01
2022-07-03 23:00:00,2022-07-03 22:00:00,0,-6,3.842004e-05,160,2021-01-01
2022-07-03 23:00:00,2022-07-03 22:00:00,-1,2,3.823612e-05,161,2021-01-01
2022-07-03 23:00:00,2022-07-03 22:00:00,-1,-6,3.8000482e-05,162,2021-01-01
2022-07-03 23:00:00,2022-07-03 22:00:00,-6,-2,3.7227153e-05,163,2021-01-01
2022-07-03 23:00:00,2022-07-03 22:00:00,-1,3,3.59903e-05,164,2021-01-01
2022-07-03 23:00:00,2022-07-03 22:00:00,2,-2,3.5610243e-05,165,2021-01-01
2022-07-03 23:00:00,2022-07-03 22:00:00,-2,3,3.3413056e-05,166,2021-01-01
2022-07-03 23:00:00,2022-07-03 22:00:00,-3,2,3.274866e-05,167,2021-01-01
2022-07-03 23:00:00,2022-07-03 22:00:00,2,-3,3.2092048e-05,168,2021-01-01
2022-07-03 23:00:00,2022-07-03 22:00:00,3,-3,3.175951e-05,169,2021-01-01
2022-07-03 23:00:00,2022-07-03 22:00:00,3,-2,2.91624e-05,170,2021-01-01
2022-07-03 23:00:00,2022-07-03 22:00:00,-5,-5,2.8060093e-05,171,2021-01-01
2022-07-03 23:00:00,2022-07-03 22:00:00,1,-5,2.745972e-05,172,2021-01-01
2022-07-03 23:00:00,2022-07-03 22:00:00,1,1,2.7224387e-05,173,2021-01-01
2022-07-03 23:00:00,2022-07-03 22:00:00,3,1,2.6642927e-05,174,2021-01-01
2022-07-03 23:00:00,2022-07-03 22:00:00,-6,-3,2.6559408e-05,175,2021-01-01
2022-07-03 23:00:00,2022-07-03 22:00:00,-5,-4,2.5473013e-05,176,2021-01-01
2022-07-03 23:00:00,2022-07-03 22:00:00,-4,-5,2.537862e-05,177,2021-01-01
2022-07-03 23:00:00,2022-07-03 22:00:00,-1,-4,2.496335e-05,178,2021-01-01
2022-07-03 23:00:00,2022-07-03 22:00:00,-2,1,2.427745e-05,179,2021-01-01
2022-07-03 23:00:00,2022-07-03 22:00:00,0,-3,2.2525497e-05,180,2021-01-01
2022-07-03 23:00:00,2022-07-03 22:00:00,-4,-4,2.2461745e-05,181,2021-01-01
2022-07-03 23:00:00,2022-07-03 22:00:00,4,-4,1.8921573e-05,182,2021-01-01
2022-07-03 23:00:00,2022-07-03 22:00:00,4,-6,1.876729e-05,183,2021-01-01
2022-07-03 23:00:00,2022-07-03 22:00:00,5,-3,1.8653576e-05,184,2021-01-01
2022-07-03 23:00:00,2022-07-03 22:00:00,-2,-5,1.8547193e-05,185,2021-01-01
2022-07-03 23:00:00,2022-07-03 22:00:00,5,-4,1.846786e-05,186,2021-01-01
2022-07-04 23:00:00,2022-07-04 22:00:00,0,-1,0.3644326,1,2021-01-01
2022-07-04 23:00:00,2022-07-04 22:00:00,-1,-1,0.3381833,2,2021-01-01
2022-07-04 23:00:00,2022-07-04 22:00:00,-1,0,0.33101988,3,2021-01-01
2022-07-04 23:00:00,2022-07-04 22:00:00,-2,0,0.29305765,4,2021-01-01
2022-07-04 23:00:00,2022-07-04 22:00:00,-2,-3,0.27893817,5,2021-01-01
2022-07-04 23:00:00,2022-07-04 22:00:00,0,0,0.25665018,6,2021-01-01
2022-07-04 23:00:00,2022-07-04 22:00:00,1,0,0.24496631,7,2021-01-01
2022-07-04 23:00:00,2022-07-04 22:00:00,-4,-2,0.20218869,8,2021-01-01
2022-07-04 23:00:00,2022-07-04 22:00:00,-2,-2,0.15595257,9,2021-01-01
2022-07-04 23:00:00,2022-07-04 22:00:00,2,0,0.15448536,10,2021-01-01
2022-07-04 23:00:00,2022-07-04 22:00:00,-2,-4,0.15002634,11,2021-01-01
2022-07-04 23:00:00,2022-07-04 22:00:00,-3,0,0.14103001,12,2021-01-01
2022-07-04 23:00:00,2022-07-04 22:00:00,-2,-1,0.13668914,13,2021-01-01
2022-07-04 23:00:00,2022-07-04 22:00:00,0,12,0.1349922,14,2021-01-01
2022-07-04 23:00:00,2022-07-04 22:00:00,6,-4,0.105637155,15,2021-01-01
2022-07-04 23:00:00,2022-07-04 22:00:00,-3,-4,0.10296341,16,2021-01-01
2022-07-04 23:00:00,2022-07-04 22:00:00,1,-1,0.08888646,17,2021-01-01
2022-07-04 23:00:00,2022-07-04 22:00:00,-4,-3,0.07802205,18,2021-01-01
2022-07-04 23:00:00,2022-07-04 22:00:00,-1,-3,0.06695471,19,2021-01-01
2022-07-04 23:00:00,2022-07-04 22:00:00,-3,-3,0.049532797,20,2021-01-01
2022-07-04 23:00:00,2022-07-04 22:00:00,-1,-2,0.04825577,21,2021-01-01
2022-07-04 23:00:00,2022-07-04 22:00:00,-3,-2,0.022140076,22,2021-01-01
2022-07-04 23:00:00,2022-07-04 22:00:00,6,-3,0.021754185,23,2021-01-01
2022-07-04 23:00:00,2022-07-04 22:00:00,5,-2,0.011890509,24,2021-01-01
2022-07-04 23:00:00,2022-07-04 22:00:00,-5,-1,0.01019522,25,2021-01-01
2022-07-04 23:00:00,2022-07-04 22:00:00,2,-1,0.010015585,26,2021-01-01
2022-07-04 23:00:00,2022-07-04 22:00:00,-9,-5,0.007905848,27,2021-01-01
2022-07-04 23:00:00,2022-07-04 22:00:00,-2,13,0.00772164,28,2021-01-01
2022-07-04 23:00:00,2022-07-04 22:00:00,2,1,0.0070131267,29,2021-01-01
2022-07-04 23:00:00,2022-07-04 22:00:00,-3,-1,0.0065100193,30,2021-01-01
2022-07-04 23:00:00,2022-07-04 22:00:00,-4,-1,0.0059204283,31,2021-01-01
2022-07-04 23:00:00,2022-07-04 22:00:00,-5,1,0.005603986,32,2021-01-01
2022-07-04 23:00:00,2022-07-04 22:00:00,0,-2,0.004887923,33,2021-01-01
2022-07-04 23:00:00,2022-07-04 22:00:00,-5,-2,0.0041999486,34,2021-01-01
2022-07-04 23:00:00,2022-07-04 22:00:00,1,-3,0.0035642302,35,2021-01-01
2022-07-04 23:00:00,2022-07-04 22:00:00,7,-4,0.0024974465,36,2021-01-01
2022-07-04 23:00:00,2022-07-04 22:00:00,1,-2,0.0017005199,37,2021-01-01
2022-07-04 23:00:00,2022-07-04 22:00:00,0,17,0.0016746428,38,2021-01-01
2022-07-04 23:00:00,2022-07-04 22:00:00,0,8,0.0015572589,39,2021-01-01
2022-07-04 23:00:00,2022-07-04 22:00:00,0,1,0.0014869632,40,2021-01-01
2022-07-04 23:00:00,2022-07-04 22:00:00,7,4,0.0012703467,41,2021-01-01
2022-07-04 23:00:00,2022-07-04 22:00:00,-4,0,0.001253259,42,2021-01-01
2022-07-04 23:00:00,2022-07-04 22:00:00,1,-7,0.0012359788,43,2021-01-01
2022-07-04 23:00:00,2022-07-04 22:00:00,2,-6,0.0011687457,44,2021-01-01
2022-07-04 23:00:00,2022-07-04 22:00:00,-6,8,0.0006445187,45,2021-01-01
2022-07-04 23:00:00,2022-07-04 22:00:00,-10,-3,0.0005968222,46,2021-01-01
2022-07-04 23:00:00,2022-07-04 22:00:00,10,5,0.0005057005,47,2021-01-01
2022-07-04 23:00:00,2022-07-04 22:00:00,-5,-3,0.00048418762,48,2021-01-01
2022-07-04 23:00:00,2022-07-04 22:00:00,-3,1,0.00045690945,49,2021-01-01
2022-07-04 23:00:00,2022-07-04 22:00:00,0,9,0.00044296565,50,2021-01-01
2022-07-04 23:00:00,2022-07-04 22:00:00,1,2,0.00042582199,51,2021-01-01
2022-07-04 23:00:00,2022-07-04 22:00:00,10,3,0.00042572082,52,2021-01-01
2022-07-04 23:00:00,2022-07-04 22:00:00,1,19,0.0003614243,53,2021-01-01
2022-07-04 23:00:00,2022-07-04 22:00:00,-5,2,0.00034522402,54,2021-01-01
2022-07-04 23:00:00,2022-07-04 22:00:00,-5,0,0.00034202271,55,2021-01-01
2022-07-04 23:00:00,2022-07-04 22:00:00,0,-5,0.00033956012,56,2021-01-01
2022-07-04 23:00:00,2022-07-04 22:00:00,3,-1,0.00029258628,57,2021-01-01
2022-07-04 23:00:00,2022-07-04 22:00:00,-1,1,0.00024911403,58,2021-01-01
2022-07-04 23:00:00,2022-07-04 22:00:00,1,8,0.00024734248,59,2021-01-01
2022-07-04 23:00:00,2022-07-04 22:00:00,-9,-4,0.00024486313,60,2021-01-01
2022-07-04 23:00:00,2022-07-04 22:00:00,6,5,0.0002424376,61,2021-01-01
2022-07-04 23:00:00,2022-07-04 22:00:00,7,-5,0.00023691206,62,2021-01-01
2022-07-04 23:00:00,2022-07-04 22:00:00,-3,8,0.00022923392,63,2021-01-01
2022-07-04 23:00:00,2022-07-04 22:00:00,7,11,0.00020822638,64,2021-01-01
2022-07-04 23:00:00,2022-07-04 22:00:00,4,-1,0.00020258303,65,2021-01-01
2022-07-04 23:00:00,2022-07-04 22:00:00,5,-1,0.0001993061,66,2021-01-01
2022-07-04 23:00:00,2022-07-04 22:00:00,-6,1,0.00019862322,67,2021-01-01
2022-07-04 23:00:00,2022-07-04 22:00:00,-5,4,0.00019451765,68,2021-01-01
2022-07-04 23:00:00,2022-07-04 22:00:00,-5,11,0.00018747726,69,2021-01-01
2022-07-04 23:00:00,2022-07-04 22:00:00,2,8,0.00017813624,70,2021-01-01
2022-07-04 23:00:00,2022-07-04 22:00:00,-4,4,0.00016971304,71,2021-01-01
2022-07-04 23:00:00,2022-07-04 22:00:00,1,5,0.00016865018,72,2021-01-01
2022-07-04 23:00:00,2022-07-04 22:00:00,3,0,0.00015318194,73,2021-01-01
2022-07-04 23:00:00,2022-07-04 22:00:00,-3,13,0.0001528659,74,2021-01-01
2022-07-04 23:00:00,2022-07-04 22:00:00,10,0,0.00014321947,75,2021-01-01
2022-07-04 23:00:00,2022-07-04 22:00:00,-1,7,0.00013535132,76,2021-01-01
2022-07-04 23:00:00,2022-07-04 22:00:00,-4,5,0.00012954825,77,2021-01-01
2022-07-04 23:00:00,2022-07-04 22:00:00,-3,9,0.00012649262,78,2021-01-01
2022-07-04 23:00:00,2022-07-04 22:00:00,-7,-1,0.00012022026,79,2021-01-01
2022-07-04 23:00:00,2022-07-04 22:00:00,1,6,0.00012009399,80,2021-01-01
2022-07-04 23:00:00,2022-07-04 22:00:00,-5,15,0.00011470037,81,2021-01-01
2022-07-04 23:00:00,2022-07-04 22:00:00,-2,11,0.00011297418,82,2021-01-01
2022-07-04 23:00:00,2022-07-04 22:00:00,-6,15,0.000109029024,83,2021-01-01
2022-07-04 23:00:00,2022-07-04 22:00:00,-1,-7,0.00010708985,84,2021-01-01
2022-07-04 23:00:00,2022-07-04 22:00:00,-9,0,0.0001030223,85,2021-01-01
2022-07-04 23:00:00,2022-07-04 22:00:00,-4,3,0.00010046064,86,2021-01-01
2022-07-04 23:00:00,2022-07-04 22:00:00,-4,-4,9.57053e-05,87,2021-01-01
2022-07-04 23:00:00,2022-07-04 22:00:00,0,-3,9.525738e-05,88,2021-01-01
2022-07-04 23:00:00,2022-07-04 22:00:00,-9,-1,9.5235184e-05,89,2021-01-01
2022-07-04 23:00:00,2022-07-04 22:00:00,-7,1,9.440279e-05,90,2021-01-01
2022-07-04 23:00:00,2022-07-04 22:00:00,9,3,9.287489e-05,91,2021-01-01
2022-07-04 23:00:00,2022-07-04 22:00:00,2,20,9.269882e-05,92,2021-01-01
2022-07-04 23:00:00,2022-07-04 22:00:00,-1,-4,9.200364e-05,93,2021-01-01
2022-07-04 23:00:00,2022-07-04 22:00:00,-2,1,9.123788e-05,94,2021-01-01
2022-07-04 23:00:00,2022-07-04 22:00:00,-5,-4,9.048783e-05,95,2021-01-01
2022-07-04 23:00:00,2022-07-04 22:00:00,-6,-2,8.896764e-05,96,2021-01-01
2022-07-04 23:00:00,2022-07-04 22:00:00,-4,2,8.844135e-05,97,2021-01-01
2022-07-04 23:00:00,2022-07-04 22:00:00,1,1,8.74366e-05,98,2021-01-01
2022-07-04 23:00:00,2022-07-04 22:00:00,-6,-3,8.73614e-05,99,2021-01-01
2022-07-04 23:00:00,2022-07-04 22:00:00,-2,-5,8.66253e-05,100,2021-01-01
2022-07-04 23:00:00,2022-07-04 22:00:00,-2,10,8.469654e-05,101,2021-01-01
2022-07-04 23:00:00,2022-07-04 22:00:00,-5,-5,8.461765e-05,102,2021-01-01
2022-07-04 23:00:00,2022-07-04 22:00:00,1,-5,8.401816e-05,103,2021-01-01
2022-07-04 23:00:00,2022-07-04 22:00:00,3,17,8.3134415e-05,104,2021-01-01
2022-07-04 23:00:00,2022-07-04 22:00:00,-1,2,8.219494e-05,105,2021-01-01
2022-07-04 23:00:00,2022-07-04 22:00:00,-4,-5,8.0528785e-05,106,2021-01-01
2022-07-04 23:00:00,2022-07-04 22:00:00,6,11,7.9894424e-05,107,2021-01-01
2022-07-04 23:00:00,2022-07-04 22:00:00,-3,15,7.9363424e-05,108,2021-01-01
2022-07-04 23:00:00,2022-07-04 22:00:00,-3,2,7.881606e-05,109,2021-01-01
2022-07-04 23:00:00,2022-07-04 22:00:00,-10,-4,7.63528e-05,110,2021-01-01
2022-07-04 23:00:00,2022-07-04 22:00:00,1,11,7.6339085e-05,111,2021-01-01
2022-07-04 23:00:00,2022-07-04 22:00:00,-9,6,7.624612e-05,112,2021-01-01
2022-07-04 23:00:00,2022-07-04 22:00:00,1,20,7.509868e-05,113,2021-01-01
2022-07-04 23:00:00,2022-07-04 22:00:00,4,-6,6.950868e-05,114,2021-01-01
2022-07-04 23:00:00,2022-07-04 22:00:00,2,9,6.82638e-05,115,2021-01-01
2022-07-04 23:00:00,2022-07-04 22:00:00,8,-1,6.793686e-05,116,2021-01-01
2022-07-04 23:00:00,2022-07-04 22:00:00,-8,6,6.7275534e-05,117,2021-01-01
2022-07-04 23:00:00,2022-07-04 22:00:00,2,-7,6.6866145e-05,118,2021-01-01
2022-07-04 23:00:00,2022-07-04 22:00:00,-1,9,6.6008106e-05,119,2021-01-01
2022-07-04 23:00:00,2022-07-04 22:00:00,7,-1,6.534324e-05,120,2021-01-01
2022-07-04 23:00:00,2022-07-04 22:00:00,2,7,6.473967e-05,121,2021-01-01
2022-07-04 23:00:00,2022-07-04 22:00:00,6,6,6.4582826e-05,122,2021-01-01
2022-07-04 23:00:00,2022-07-04 22:00:00,2,-3,6.4470034e-05,123,2021-01-01
2022-07-04 23:00:00,2022-07-04 22:00:00,5,-4,6.3061496e-05,124,2021-01-01
2022-07-04 23:00:00,2022-07-04 22:00:00,2,-2,6.214025e-05,125,2021-01-01
2022-07-04 23:00:00,2022-07-04 22:00:00,5,-3,6.203094e-05,126,2021-01-01
2022-07-04 23:00:00,2022-07-04 22:00:00,9,1,6.197601e-05,127,2021-01-01
2022-07-04 23:00:00,2022-07-04 22:00:00,-1,3,6.162121e-05,128,2021-01-01
2022-07-04 23:00:00,2022-07-04 22:00:00,-1,-6,6.027047e-05,129,2021-01-01
2022-07-04 23:00:00,2022-07-04 22:00:00,4,-4,6.0217677e-05,130,2021-01-01
2022-07-04 23:00:00,2022-07-04 22:00:00,3,-2,5.985585e-05,131,2021-01-01
2022-07-04 23:00:00,2022-07-04 22:00:00,3,1,5.9659054e-05,132,2021-01-01
2022-07-04 23:00:00,2022-07-04 22:00:00,-2,3,5.950438e-05,133,2021-01-01
2022-07-04 23:00:00,2022-07-04 22:00:00,8,0,5.942229e-05,134,2021-01-01
2022-07-04 23:00:00,2022-07-04 22:00:00,0,-6,5.9226837e-05,135,2021-01-01
2022-07-04 23:00:00,2022-07-04 22:00:00,3,-3,5.9208192e-05,136,2021-01-01
2022-07-04 23:00:00,2022-07-04 22:00:00,8,1,5.903597e-05,137,2021-01-01
2022-07-04 23:00:00,2022-07-04 22:00:00,9,2,5.8896843e-05,138,2021-01-01
2022-07-04 23:00:00,2022-07-04 22:00:00,8,-3,5.8760837e-05,139,2021-01-01
2022-07-04 23:00:00,2022-07-04 22:00:00,4,1,5.7898975e-05,140,2021-01-01
2022-07-04 23:00:00,2022-07-04 22:00:00,9,0,5.7850193e-05,141,2021-01-01
2022-07-04 23:00:00,2022-07-04 22:00:00,-12,-5,5.6680856e-05,142,2021-01-01
2022-07-04 23:00:00,2022-07-04 22:00:00,4,14,5.6625635e-05,143,2021-01-01
2022-07-04 23:00:00,2022-07-04 22:00:00,-1,6,5.6426932e-05,144,2021-01-01
2022-07-04 23:00:00,2022-07-04 22:00:00,0,5,5.5774366e-05,145,2021-01-01
2022-07-04 23:00:00,2022-07-04 22:00:00,5,3,5.5253902e-05,146,2021-01-01
2022-07-04 23:00:00,2022-07-04 22:00:00,-11,-5,5.5200057e-05,147,2021-01-01
2022-07-04 23:00:00,2022-07-04 22:00:00,6,3,5.4805027e-05,148,2021-01-01
2022-07-04 23:00:00,2022-07-04 22:00:00,-3,11,5.469596e-05,149,2021-01-01
2022-07-04 23:00:00,2022-07-04 22:00:00,7,1,5.4457807e-05,150,2021-01-01
2022-07-04 23:00:00,2022-07-04 22:00:00,-2,9,5.3390864e-05,151,2021-01-01
2022-07-04 23:00:00,2022-07-04 22:00:00,-1,16,5.26267e-05,152,2021-01-01
2022-07-04 23:00:00,2022-07-04 22:00:00,-1,13,5.2491097e-05,153,2021-01-01
2022-07-04 23:00:00,2022-07-04 22:00:00,-1,15,5.224095e-05,154,2021-01-01
2022-07-04 23:00:00,2022-07-04 22:00:00,1,9,5.2217598e-05,155,2021-01-01
2022-07-04 23:00:00,2022-07-04 22:00:00,0,14,5.1628314e-05,156,2021-01-01
2022-07-04 23:00:00,2022-07-04 22:00:00,-11,-6,5.1567855e-05,157,2021-01-01
2022-07-04 23:00:00,2022-07-04 22:00:00,5,2,5.1519546e-05,158,2021-01-01
2022-07-04 23:00:00,2022-07-04 22:00:00,-4,12,5.0622777e-05,159,2021-01-01
2022-07-04 23:00:00,2022-07-04 22:00:00,9,-2,4.9767983e-05,160,2021-01-01
2022-07-04 23:00:00,2022-07-04 22:00:00,-1,5,4.954364e-05,161,2021-01-01
2022-07-04 23:00:00,2022-07-04 22:00:00,0,13,4.9407725e-05,162,2021-01-01
2022-07-04 23:00:00,2022-07-04 22:00:00,8,-4,4.874395e-05,163,2021-01-01
2022-07-04 23:00:00,2022-07-04 22:00:00,-2,8,4.835076e-05,164,2021-01-01
2022-07-04 23:00:00,2022-07-04 22:00:00,-2,16,4.7963596e-05,165,2021-01-01
2022-07-04 23:00:00,2022-07-04 22:00:00,-3,12,4.7648413e-05,166,2021-01-01
2022-07-04 23:00:00,2022-07-04 22:00:00,-1,8,4.7545094e-05,167,2021-01-01
2022-07-04 23:00:00,2022-07-04 22:00:00,-1,18,4.6862344e-05,168,2021-01-01
2022-07-04 23:00:00,2022-07-04 22:00:00,-1,11,4.6668112e-05,169,2021-01-01
2022-07-04 23:00:00,2022-07-04 22:00:00,0,11,4.6288696e-05,170,2021-01-01
2022-07-04 23:00:00,2022-07-04 22:00:00,0,18,4.5839784e-05,171,2021-01-01
2022-07-04 23:00:00,2022-07-04 22:00:00,-2,15,4.5632652e-05,172,2021-01-01
2022-07-04 23:00:00,2022-07-04 22:00:00,-3,14,4.5566077e-05,173,2021-01-01
2022-07-04 23:00:00,2022-07-04 22:00:00,-10,8,4.556406e-05,174,2021-01-01
2022-07-04 23:00:00,2022-07-04 22:00:00,-4,8,4.4963923e-05,175,2021-01-01
2022-07-04 23:00:00,2022-07-04 22:00:00,-4,10,4.4637185e-05,176,2021-01-01
2022-07-04 23:00:00,2022-07-04 22:00:00,10,-1,4.3741562e-05,177,2021-01-01
2022-07-04 23:00:00,2022-07-04 22:00:00,0,19,4.304713e-05,178,2021-01-01
2022-07-04 23:00:00,2022-07-04 22:00:00,-10,10,4.298294e-05,179,2021-01-01
2022-07-04 23:00:00,2022-07-04 22:00:00,-5,10,4.2596366e-05,180,2021-01-01
2022-07-04 23:00:00,2022-07-04 22:00:00,-3,7,4.24371e-05,181,2021-01-01
2022-07-04 23:00:00,2022-07-04 22:00:00,-3,18,4.239114e-05,182,2021-01-01
2022-07-04 23:00:00,2022-07-04 22:00:00,-5,9,4.2008865e-05,183,2021-01-01
2022-07-04 23:00:00,2022-07-04 22:00:00,-4,19,4.1957053e-05,184,2021-01-01
2022-07-04 23:00:00,2022-07-04 22:00:00,-4,17,3.9529827e-05,185,2021-01-01
2022-07-04 23:00:00,2022-07-04 22:00:00,-6,4,3.483491e-05,186,2021-01-01
2022-07-13 21:00:00,2022-07-13 20:00:00,0,-1,0.52992815,1,2021-01-01
2022-07-13 21:00:00,2022-07-13 20:00:00,0,0,0.50692344,2,2021-01-01
2022-07-13 21:00:00,2022-07-13 20:00:00,-1,0,0.49564704,3,2021-01-01
2022-07-13 21:00:00,2022-07-13 20:00:00,-2,-4,0.4264319,4,2021-01-01
2022-07-13 21:00:00,2022-07-13 20:00:00,-1,-1,0.42483637,5,2021-01-01
2022-07-13 21:00:00,2022-07-13 20:00:00,1,-1,0.41985855,6,2021-01-01
2022-07-13 21:00:00,2022-07-13 20:00:00,1,0,0.3448014,7,2021-01-01
2022-07-13 21:00:00,2022-07-13 20:00:00,-2,0,0.31180772,8,2021-01-01
2022-07-13 21:00:00,2022-07-13 20:00:00,0,12,0.31027022,9,2021-01-01
2022-07-13 21:00:00,2022-07-13 20:00:00,-2,13,0.29705498,10,2021-01-01
2022-07-13 21:00:00,2022-07-13 20:00:00,-2,-2,0.25927687,11,2021-01-01
2022-07-13 21:00:00,2022-07-13 20:00:00,2,0,0.14875491,12,2021-01-01
2022-07-13 21:00:00,2022-07-13 20:00:00,-2,-3,0.14484541,13,2021-01-01
2022-07-13 21:00:00,2022-07-13 20:00:00,-2,-1,0.105825804,14,2021-01-01
2022-07-13 21:00:00,2022-07-13 20:00:00,-3,-4,0.101340145,15,2021-01-01
2022-07-13 21:00:00,2022-07-13 20:00:00,-1,-2,0.09312145,16,2021-01-01
2022-07-13 21:00:00,2022-07-13 20:00:00,5,-2,0.08334281,17,2021-01-01
2022-07-13 21:00:00,2022-07-13 20:00:00,-4,-2,0.07577514,18,2021-01-01
2022-07-13 21:00:00,2022-07-13 20:00:00,2,1,0.068694554,19,2021-01-01
2022-07-13 21:00:00,2022-07-13 20:00:00,-1,-3,0.067112274,20,2021-01-01
2022-07-13 21:00:00,2022-07-13 20:00:00,6,-4,0.04896606,21,2021-01-01
2022-07-13 21:00:00,2022-07-13 20:00:00,-3,-3,0.043666143,22,2021-01-01
2022-07-13 21:00:00,2022-07-13 20:00:00,-3,0,0.03575743,23,2021-01-01
2022-07-13 21:00:00,2022-07-13 20:00:00,0,17,0.033781976,24,2021-01-01
2022-07-13 21:00:00,2022-07-13 20:00:00,-5,-2,0.029721498,25,2021-01-01
2022-07-13 21:00:00,2022-07-13 20:00:00,-4,-3,0.029145082,26,2021-01-01
2022-07-13 21:00:00,2022-07-13 20:00:00,0,-2,0.020705042,27,2021-01-01
2022-07-13 21:00:00,2022-07-13 20:00:00,2,-6,0.016179133,28,2021-01-01
2022-07-13 21:00:00,2022-07-13 20:00:00,-3,-2,0.012230179,29,2021-01-01
2022-07-13 21:00:00,2022-07-13 20:00:00,-5,-1,0.012062837,30,2021-01-01
2022-07-13 21:00:00,2022-07-13 20:00:00,6,-3,0.011242584,31,2021-01-01
2022-07-13 21:00:00,2022-07-13 20:00:00,0,8,0.009313423,32,2021-01-01
2022-07-13 21:00:00,2022-07-13 20:00:00,2,-1,0.008393558,33,2021-01-01
2022-07-13 21:00:00,2022-07-13 20:00:00,-3,-1,0.0068215975,34,2021-01-01
2022-07-13 21:00:00,2022-07-13 20:00:00,-9,-5,0.00608916,35,2021-01-01
2022-07-13 21:00:00,2022-07-13 20:00:00,-4,-1,0.0059070606,36,2021-01-01
2022-07-13 21:00:00,2022-07-13 20:00:00,-5,1,0.0043704645,37,2021-01-01
2022-07-13 21:00:00,2022-07-13 20:00:00,1,-2,0.0043509775,38,2021-01-01
2022-07-13 21:00:00,2022-07-13 20:00:00,7,4,0.0041062674,39,2021-01-01
2022-07-13 21:00:00,2022-07-13 20:00:00,1,-3,0.0039454945,40,2021-01-01
2022-07-13 21:00:00,2022-07-13 20:00:00,0,1,0.0029081067,41,2021-01-01
2022-07-13 21:00:00,2022-07-13 20:00:00,7,-4,0.002884182,42,2021-01-01
2022-07-13 21:00:00,2022-07-13 20:00:00,1,19,0.002694586,43,2021-01-01
2022-07-13 21:00:00,2022-07-13 20:00:00,-3,13,0.002299792,44,2021-01-01
2022-07-13 21:00:00,2022-07-13 20:00:00,0,9,0.0019725421,45,2021-01-01
2022-07-13 21:00:00,2022-07-13 20:00:00,10,5,0.0018054297,46,2021-01-01
2022-07-13 21:00:00,2022-07-13 20:00:00,1,-7,0.0015909277,47,2021-01-01
2022-07-13 21:00:00,2022-07-13 20:00:00,-5,11,0.001384419,48,2021-01-01
2022-07-13 21:00:00,2022-07-13 20:00:00,-6,8,0.0013259494,49,2021-01-01
2022-07-13 21:00:00,2022-07-13 20:00:00,-4,-5,0.0013111332,50,2021-01-01
2022-07-13 21:00:00,2022-07-13 20:00:00,-3,15,0.0011220233,51,2021-01-01
2022-07-13 21:00:00,2022-07-13 20:00:00,-3,8,0.0011211088,52,2021-01-01
2022-07-13 21:00:00,2022-07-13 20:00:00,1,8,0.0010825089,53,2021-01-01
2022-07-13 21:00:00,2022-07-13 20:00:00,-4,0,0.00088751415,54,2021-01-01
2022-07-13 21:00:00,2022-07-13 20:00:00,10,3,0.0008435096,55,2021-01-01
2022-07-13 21:00:00,2022-07-13 20:00:00,-3,1,0.0008083609,56,2021-01-01
2022-07-13 21:00:00,2022-07-13 20:00:00,-2,11,0.00077812496,57,2021-01-01
2022-07-13 21:00:00,2022-07-13 20:00:00,-2,10,0.00076532626,58,2021-01-01
2022-07-13 21:00:00,2022-07-13 20:00:00,-3,9,0.0006312052,59,2021-01-01
2022-07-13 21:00:00,2022-07-13 20:00:00,2,20,0.0006259612,60,2021-01-01
2022-07-13 21:00:00,2022-07-13 20:00:00,-5,15,0.00061459054,61,2021-01-01
2022-07-13 21:00:00,2022-07-13 20:00:00,6,5,0.0006032686,62,2021-01-01
2022-07-13 21:00:00,2022-07-13 20:00:00,-6,15,0.000602764,63,2021-01-01
2022-07-13 21:00:00,2022-07-13 20:00:00,1,2,0.00057819166,64,2021-01-01
2022-07-13 21:00:00,2022-07-13 20:00:00,3,-1,0.000575005,65,2021-01-01
2022-07-13 21:00:00,2022-07-13 20:00:00,-5,-3,0.000572793,66,2021-01-01
2022-07-13 21:00:00,2022-07-13 20:00:00,-1,9,0.0005651636,67,2021-01-01
2022-07-13 21:00:00,2022-07-13 20:00:00,5,-1,0.00054991693,68,2021-01-01
2022-07-13 21:00:00,2022-07-13 20:00:00,-9,6,0.0005451625,69,2021-01-01
2022-07-13 21:00:00,2022-07-13 20:00:00,-5,2,0.0005184985,70,2021-01-01
2022-07-13 21:00:00,2022-07-13 20:00:00,-1,1,0.00051413156,71,2021-01-01
2022-07-13 21:00:00,2022-07-13 20:00:00,-8,6,0.0005134964,72,2021-01-01
2022-07-13 21:00:00,2022-07-13 20:00:00,-1,15,0.0005118687,73,2021-01-01
2022-07-13 21:00:00,2022-07-13 20:00:00,-2,15,0.00051059364,74,2021-01-01
2022-07-13 21:00:00,2022-07-13 20:00:00,-4,5,0.00049855985,75,2021-01-01
2022-07-13 21:00:00,2022-07-13 20:00:00,0,-5,0.00049274566,76,2021-01-01
2022-07-13 21:00:00,2022-07-13 20:00:00,-1,16,0.00046829824,77,2021-01-01
2022-07-13 21:00:00,2022-07-13 20:00:00,-2,16,0.0004473715,78,2021-01-01
2022-07-13 21:00:00,2022-07-13 20:00:00,7,11,0.00043363453,79,2021-01-01
2022-07-13 21:00:00,2022-07-13 20:00:00,-1,18,0.00041367311,80,2021-01-01
2022-07-13 21:00:00,2022-07-13 20:00:00,0,18,0.00040847246,81,2021-01-01
2022-07-13 21:00:00,2022-07-13 20:00:00,-10,-3,0.00039188334,82,2021-01-01
2022-07-13 21:00:00,2022-07-13 20:00:00,7,-5,0.00035525564,83,2021-01-01
2022-07-13 21:00:00,2022-07-13 20:00:00,-4,17,0.00035365057,84,2021-01-01
2022-07-13 21:00:00,2022-07-13 20:00:00,-5,4,0.00034373582,85,2021-01-01
2022-07-13 21:00:00,2022-07-13 20:00:00,-9,-4,0.00032521822,86,2021-01-01
2022-07-13 21:00:00,2022-07-13 20:00:00,-4,4,0.0003251438,87,2021-01-01
2022-07-13 21:00:00,2022-07-13 20:00:00,0,11,0.00032336914,88,2021-01-01
2022-07-13 21:00:00,2022-07-13 20:00:00,-1,7,0.0003186511,89,2021-01-01
2022-07-13 21:00:00,2022-07-13 20:00:00,1,6,0.00031677855,90,2021-01-01
2022-07-13 21:00:00,2022-07-13 20:00:00,-1,13,0.00031550118,91,2021-01-01
2022-07-13 21:00:00,2022-07-13 20:00:00,0,14,0.00031346284,92,2021-01-01
2022-07-13 21:00:00,2022-07-13 20:00:00,1,9,0.0003109144,93,2021-01-01
2022-07-13 21:00:00,2022-07-13 20:00:00,-1,11,0.00030926664,94,2021-01-01
2022-07-13 21:00:00,2022-07-13 20:00:00,-3,11,0.00030540055,95,2021-01-01
2022-07-13 21:00:00,2022-07-13 20:00:00,-3,12,0.00030540055,96,2021-01-01
2022-07-13 21:00:00,2022-07-13 20:00:00,-3,14,0.00030540055,97,2021-01-01
2022-07-13 21:00:00,2022-07-13 20:00:00,0,13,0.00030439245,98,2021-01-01
2022-07-13 21:00:00,2022-07-13 20:00:00,-4,12,0.00030417656,99,2021-01-01
2022-07-13 21:00:00,2022-07-13 20:00:00,-3,18,0.00030186368,100,2021-01-01
2022-07-13 21:00:00,2022-07-13 20:00:00,-4,10,0.00029788224,101,2021-01-01
2022-07-13 21:00:00,2022-07-13 20:00:00,3,0,0.00027336454,102,2021-01-01
2022-07-13 21:00:00,2022-07-13 20:00:00,2,8,0.0002726883,103,2021-01-01
2022-07-13 21:00:00,2022-07-13 20:00:00,-1,-7,0.00027251657,104,2021-01-01
2022-07-13 21:00:00,2022-07-13 20:00:00,0,19,0.0002712694,105,2021-01-01
2022-07-13 21:00:00,2022-07-13 20:00:00,4,-1,0.0002682731,106,2021-01-01
2022-07-13 21:00:00,2022-07-13 20:00:00,3,17,0.0002587262,107,2021-01-01
2022-07-13 21:00:00,2022-07-13 20:00:00,2,9,0.0002562833,108,2021-01-01
2022-07-13 21:00:00,2022-07-13 20:00:00,1,11,0.0002562252,109,2021-01-01
2022-07-13 21:00:00,2022-07-13 20:00:00,1,20,0.0002560556,110,2021-01-01
2022-07-13 21:00:00,2022-07-13 20:00:00,-5,9,0.00025473488,111,2021-01-01
2022-07-13 21:00:00,2022-07-13 20:00:00,-5,10,0.00025432013,112,2021-01-01
2022-07-13 21:00:00,2022-07-13 20:00:00,-10,8,0.00025353034,113,2021-01-01
2022-07-13 21:00:00,2022-07-13 20:00:00,-6,1,0.00025293246,114,2021-01-01
2022-07-13 21:00:00,2022-07-13 20:00:00,-5,0,0.00024053578,115,2021-01-01
2022-07-13 21:00:00,2022-07-13 20:00:00,6,6,0.00023827837,116,2021-01-01
2022-07-13 21:00:00,2022-07-13 20:00:00,-4,8,0.00022581783,117,2021-01-01
2022-07-13 21:00:00,2022-07-13 20:00:00,2,-7,0.00022432336,118,2021-01-01
2022-07-13 21:00:00,2022-07-13 20:00:00,8,0,0.00021948041,119,2021-01-01
2022-07-13 21:00:00,2022-07-13 20:00:00,-2,9,0.00021712505,120,2021-01-01
2022-07-13 21:00:00,2022-07-13 20:00:00,-2,8,0.00021296066,121,2021-01-01
2022-07-13 21:00:00,2022-07-13 20:00:00,8,1,0.00020559964,122,2021-01-01
2022-07-13 21:00:00,2022-07-13 20:00:00,-10,-4,0.00020459655,123,2021-01-01
2022-07-13 21:00:00,2022-07-13 20:00:00,3,1,0.00019852126,124,2021-01-01
2022-07-13 21:00:00,2022-07-13 20:00:00,6,11,0.00018678723,125,2021-01-01
2022-07-13 21:00:00,2022-07-13 20:00:00,2,7,0.00018227461,126,2021-01-01
2022-07-13 21:00:00,2022-07-13 20:00:00,4,1,0.00017932814,127,2021-01-01
2022-07-13 21:00:00,2022-07-13 20:00:00,-11,-6,0.0001772297,128,2021-01-01
2022-07-13 21:00:00,2022-07-13 20:00:00,-3,7,0.00017593778,129,2021-01-01
2022-07-13 21:00:00,2022-07-13 20:00:00,2,-2,0.0001747289,130,2021-01-01
2022-07-13 21:00:00,2022-07-13 20:00:00,-1,8,0.00017435988,131,2021-01-01
2022-07-13 21:00:00,2022-07-13 20:00:00,5,2,0.00017254836,132,2021-01-01
2022-07-13 21:00:00,2022-07-13 20:00:00,7,-1,0.00016982657,133,2021-01-01
2022-07-13 21:00:00,2022-07-13 20:00:00,0,-3,0.00016788357,134,2021-01-01
2022-07-13 21:00:00,2022-07-13 20:00:00,1,1,0.0001652736,135,2021-01-01
2022-07-13 21:00:00,2022-07-13 20:00:00,-4,3,0.00016233516,136,2021-01-01
2022-07-13 21:00:00,2022-07-13 20:00:00,9,3,0.00016169866,137,2021-01-01
2022-07-13 21:00:00,2022-07-13 20:00:00,3,-3,0.0001589826,138,2021-01-01
2022-07-13 21:00:00,2022-07-13 20:00:00,10,0,0.00015551267,139,2021-01-01
2022-07-13 21:00:00,2022-07-13 20:00:00,3,-2,0.0001535596,140,2021-01-01
2022-07-13 21:00:00,2022-07-13 20:00:00,8,-3,0.00015164491,141,2021-01-01
2022-07-13 21:00:00,2022-07-13 20:00:00,-1,6,0.00015027386,142,2021-01-01
2022-07-13 21:00:00,2022-07-13 20:00:00,7,1,0.00014906352,143,2021-01-01
2022-07-13 21:00:00,2022-07-13 20:00:00,-9,0,0.00014879512,144,2021-01-01
2022-07-13 21:00:00,2022-07-13 20:00:00,2,-3,0.0001476638,145,2021-01-01
2022-07-13 21:00:00,2022-07-13 20:00:00,0,-6,0.00014617293,146,2021-01-01
2022-07-13 21:00:00,2022-07-13 20:00:00,6,3,0.00014575582,147,2021-01-01
2022-07-13 21:00:00,2022-07-13 20:00:00,-1,-6,0.00014485086,148,2021-01-01
2022-07-13 21:00:00,2022-07-13 20:00:00,-7,1,0.00014467155,149,2021-01-01
2022-07-13 21:00:00,2022-07-13 20:00:00,-3,2,0.00013852607,150,2021-01-01
2022-07-13 21:00:00,2022-07-13 20:00:00,-11,-5,0.00013705411,151,2021-01-01
2022-07-13 21:00:00,2022-07-13 20:00:00,-2,1,0.00013540841,152,2021-01-01
2022-07-13 21:00:00,2022-07-13 20:00:00,-12,-5,0.00013523937,153,2021-01-01
2022-07-13 21:00:00,2022-07-13 20:00:00,-10,10,0.00013505518,154,2021-01-01
2022-07-13 21:00:00,2022-07-13 20:00:00,-6,-2,0.00012999076,155,2021-01-01
2022-07-13 21:00:00,2022-07-13 20:00:00,-1,-4,0.00012971078,156,2021-01-01
2022-07-13 21:00:00,2022-07-13 20:00:00,5,3,0.00012836809,157,2021-01-01
2022-07-13 21:00:00,2022-07-13 20:00:00,8,-1,0.00012670108,158,2021-01-01
2022-07-13 21:00:00,2022-07-13 20:00:00,-6,4,0.00012623981,159,2021-01-01
2022-07-13 21:00:00,2022-07-13 20:00:00,-4,19,0.0001250635,160,2021-01-01
2022-07-13 21:00:00,2022-07-13 20:00:00,9,1,0.0001241603,161,2021-01-01
2022-07-13 21:00:00,2022-07-13 20:00:00,-1,5,0.00012223067,162,2021-01-01
2022-07-13 21:00:00,2022-07-13 20:00:00,-5,-5,0.000121654186,163,2021-01-01
2022-07-13 21:00:00,2022-07-13 20:00:00,-4,-4,0.00011874739,164,2021-01-01
2022-07-13 21:00:00,2022-07-13 20:00:00,9,-2,0.00011678738,165,2021-01-01
2022-07-13 21:00:00,2022-07-13 20:00:00,-5,-4,0.00011543444,166,2021-01-01
2022-07-13 21:00:00,2022-07-13 20:00:00,4,14,0.000114576455,167,2021-01-01
2022-07-13 21:00:00,2022-07-13 20:00:00,0,5,0.00011414205,168,2021-01-01
2022-07-13 21:00:00,2022-07-13 20:00:00,-1,2,0.00011361253,169,2021-01-01
2022-07-13 21:00:00,2022-07-13 20:00:00,-6,-3,0.000113224094,170,2021-01-01
2022-07-13 21:00:00,2022-07-13 20:00:00,9,2,0.000113020586,171,2021-01-01
2022-07-13 21:00:00,2022-07-13 20:00:00,-7,-1,0.00010593113,172,2021-01-01
2022-07-13 21:00:00,2022-07-13 20:00:00,-1,3,0.000104439176,173,2021-01-01
2022-07-13 21:00:00,2022-07-13 20:00:00,9,0,0.000102414146,174,2021-01-01
2022-07-13 21:00:00,2022-07-13 20:00:00,1,5,0.0001007946,175,2021-01-01
2022-07-13 21:00:00,2022-07-13 20:00:00,-9,-1,8.13975e-05,176,2021-01-01
2022-07-13 21:00:00,2022-07-13 20:00:00,1,-5,7.443845e-05,177,2021-01-01
2022-07-13 21:00:00,2022-07-13 20:00:00,-4,2,7.185773e-05,178,2021-01-01
2022-07-13 21:00:00,2022-07-13 20:00:00,5,-4,7.1700655e-05,179,2021-01-01
2022-07-13 21:00:00,2022-07-13 20:00:00,5,-3,7.1700655e-05,180,2021-01-01
2022-07-13 21:00:00,2022-07-13 20:00:00,4,-6,7.160903e-05,181,2021-01-01
2022-07-13 21:00:00,2022-07-13 20:00:00,4,-4,7.141218e-05,182,2021-01-01
2022-07-13 21:00:00,2022-07-13 20:00:00,10,-1,6.792555e-05,183,2021-01-01
2022-07-13 21:00:00,2022-07-13 20:00:00,-2,-5,6.686929e-05,184,2021-01-01
2022-07-13 21:00:00,2022-07-13 20:00:00,8,-4,6.540457e-05,185,2021-01-01
2022-07-13 21:00:00,2022-07-13 20:00:00,-2,3,6.44934e-05,186,2021-01-01
2022-07-13 22:00:00,2022-07-13 21:00:00,0,0,0.89202803,1,2021-01-01
2022-07-13 22:00:00,2022-07-13 21:00:00,-1,0,0.8440004,2,2021-01-01
2022-07-13 22:00:00,2022-07-13 21:00:00,-2,-4,0.7485711,3,2021-01-01
2022-07-13 22:00:00,2022-07-13 21:00:00,-1,-1,0.73027307,4,2021-01-01
2022-07-13 22:00:00,2022-07-13 21:00:00,0,-1,0.7133681,5,2021-01-01
2022-07-13 22:00:00,2022-07-13 21:00:00,1,0,0.63967234,6,2021-01-01
2022-07-13 22:00:00,2022-07-13 21:00:00,-2,0,0.60516816,7,2021-01-01
2022-07-13 22:00:00,2022-07-13 21:00:00,1,-1,0.56704164,8,2021-01-01
2022-07-13 22:00:00,2022-07-13 21:00:00,-2,-2,0.52213436,9,2021-01-01
2022-07-13 22:00:00,2022-07-13 21:00:00,2,0,0.44746152,10,2021-01-01
2022-07-13 22:00:00,2022-07-13 21:00:00,-2,-3,0.41731468,11,2021-01-01
2022-07-13 22:00:00,2022-07-13 21:00:00,-1,-3,0.40005407,12,2021-01-01
2022-07-13 22:00:00,2022-07-13 21:00:00,-4,-2,0.36759862,13,2021-01-01
2022-07-13 22:00:00,2022-07-13 21:00:00,-3,-4,0.3609892,14,2021-01-01
2022-07-13 22:00:00,2022-07-13 21:00:00,-2,-1,0.33458352,15,2021-01-01
2022-07-13 22:00:00,2022-07-13 21:00:00,-4,-3,0.26963156,16,2021-01-01
2022-07-13 22:00:00,2022-07-13 21:00:00,2,1,0.20835502,17,2021-01-01
2022-07-13 22:00:00,2022-07-13 21:00:00,-1,-2,0.17506154,18,2021-01-01
2022-07-13 22:00:00,2022-07-13 21:00:00,-3,-3,0.16926982,19,2021-01-01
2022-07-13 22:00:00,2022-07-13 21:00:00,-2,13,0.13575758,20,2021-01-01
2022-07-13 22:00:00,2022-07-13 21:00:00,5,-2,0.118002586,21,2021-01-01
2022-07-13 22:00:00,2022-07-13 21:00:00,6,-4,0.115727425,22,2021-01-01
2022-07-13 22:00:00,2022-07-13 21:00:00,-3,0,0.109550424,23,2021-01-01
2022-07-13 22:00:00,2022-07-13 21:00:00,0,12,0.10467265,24,2021-01-01
2022-07-13 22:00:00,2022-07-13 21:00:00,-5,-2,0.09540313,25,2021-01-01
2022-07-13 22:00:00,2022-07-13 21:00:00,0,-2,0.052888006,26,2021-01-01
2022-07-13 22:00:00,2022-07-13 21:00:00,-3,-2,0.042903077,27,2021-01-01
2022-07-13 22:00:00,2022-07-13 21:00:00,6,-3,0.04138213,28,2021-01-01
2022-07-13 22:00:00,2022-07-13 21:00:00,2,-6,0.03749622,29,2021-01-01
2022-07-13 22:00:00,2022-07-13 21:00:00,-5,-1,0.026678735,30,2021-01-01
2022-07-13 22:00:00,2022-07-13 21:00:00,2,-1,0.02322009,31,2021-01-01
2022-07-13 22:00:00,2022-07-13 21:00:00,-3,-1,0.022722498,32,2021-01-01
2022-07-13 22:00:00,2022-07-13 21:00:00,-4,-1,0.01776746,33,2021-01-01
2022-07-13 22:00:00,2022-07-13 21:00:00,1,-3,0.011565595,34,2021-01-01
2022-07-13 22:00:00,2022-07-13 21:00:00,1,-2,0.010448546,35,2021-01-01
2022-07-13 22:00:00,2022-07-13 21:00:00,0,1,0.007850008,36,2021-01-01
2022-07-13 22:00:00,2022-07-13 21:00:00,-5,1,0.0076161087,37,2021-01-01
2022-07-13 22:00:00,2022-07-13 21:00:00,-9,-5,0.0074225585,38,2021-01-01
2022-07-13 22:00:00,2022-07-13 21:00:00,0,17,0.0069263303,39,2021-01-01
2022-07-13 22:00:00,2022-07-13 21:00:00,7,4,0.0068378015,40,2021-01-01
2022-07-13 22:00:00,2022-07-13 21:00:00,-4,0,0.006596625,41,2021-01-01
2022-07-13 22:00:00,2022-07-13 21:00:00,1,-7,0.005645046,42,2021-01-01
2022-07-13 22:00:00,2022-07-13 21:00:00,0,8,0.005408767,43,2021-01-01
2022-07-13 22:00:00,2022-07-13 21:00:00,7,-4,0.00435698,44,2021-01-01
2022-07-13 22:00:00,2022-07-13 21:00:00,-4,-5,0.0031155276,45,2021-01-01
2022-07-13 22:00:00,2022-07-13 21:00:00,-3,1,0.0018857252,46,2021-01-01
2022-07-13 22:00:00,2022-07-13 21:00:00,0,-5,0.0016126353,47,2021-01-01
2022-07-13 22:00:00,2022-07-13 21:00:00,-5,-3,0.0015468491,48,2021-01-01
2022-07-13 22:00:00,2022-07-13 21:00:00,5,-1,0.0014776713,49,2021-01-01
2022-07-13 22:00:00,2022-07-13 21:00:00,-3,13,0.0013779794,50,2021-01-01
2022-07-13 22:00:00,2022-07-13 21:00:00,1,2,0.0012971038,51,2021-01-01
2022-07-13 22:00:00,2022-07-13 21:00:00,1,19,0.0011773309,52,2021-01-01
2022-07-13 22:00:00,2022-07-13 21:00:00,3,-1,0.001128242,53,2021-01-01
2022-07-13 22:00:00,2022-07-13 21:00:00,10,3,0.0009624338,54,2021-01-01
2022-07-13 22:00:00,2022-07-13 21:00:00,-1,1,0.00076401077,55,2021-01-01
2022-07-13 22:00:00,2022-07-13 21:00:00,-10,-3,0.00075423036,56,2021-01-01
2022-07-13 22:00:00,2022-07-13 21:00:00,10,5,0.0007534111,57,2021-01-01
2022-07-13 22:00:00,2022-07-13 21:00:00,-5,2,0.00070027006,58,2021-01-01
2022-07-13 22:00:00,2022-07-13 21:00:00,3,0,0.0006879566,59,2021-01-01
2022-07-13 22:00:00,2022-07-13 21:00:00,0,9,0.00067873235,60,2021-01-01
2022-07-13 22:00:00,2022-07-13 21:00:00,-5,11,0.00064641575,61,2021-01-01
2022-07-13 22:00:00,2022-07-13 21:00:00,7,11,0.00064397237,62,2021-01-01
2022-07-13 22:00:00,2022-07-13 21:00:00,-6,8,0.0005934126,63,2021-01-01
2022-07-13 22:00:00,2022-07-13 21:00:00,-4,5,0.0005334127,64,2021-01-01
2022-07-13 22:00:00,2022-07-13 21:00:00,6,5,0.00050242385,65,2021-01-01
2022-07-13 22:00:00,2022-07-13 21:00:00,-9,-4,0.00048728418,66,2021-01-01
2022-07-13 22:00:00,2022-07-13 21:00:00,4,-1,0.00047897478,67,2021-01-01
2022-07-13 22:00:00,2022-07-13 21:00:00,-5,0,0.00047211046,68,2021-01-01
2022-07-13 22:00:00,2022-07-13 21:00:00,-1,-7,0.00046346648,69,2021-01-01
2022-07-13 22:00:00,2022-07-13 21:00:00,-3,8,0.00046008526,70,2021-01-01
2022-07-13 22:00:00,2022-07-13 21:00:00,7,-5,0.00044414846,71,2021-01-01
2022-07-13 22:00:00,2022-07-13 21:00:00,-6,1,0.0004381911,72,2021-01-01
2022-07-13 22:00:00,2022-07-13 21:00:00,1,8,0.0004313715,73,2021-01-01
2022-07-13 22:00:00,2022-07-13 21:00:00,0,-6,0.00042642615,74,2021-01-01
2022-07-13 22:00:00,2022-07-13 21:00:00,-4,4,0.00041455743,75,2021-01-01
2022-07-13 22:00:00,2022-07-13 21:00:00,-2,11,0.0003757875,76,2021-01-01
2022-07-13 22:00:00,2022-07-13 21:00:00,-1,7,0.00035745418,77,2021-01-01
2022-07-13 22:00:00,2022-07-13 21:00:00,-5,4,0.00034761804,78,2021-01-01
2022-07-13 22:00:00,2022-07-13 21:00:00,0,-3,0.00033292346,79,2021-01-01
2022-07-13 22:00:00,2022-07-13 21:00:00,3,1,0.00032753978,80,2021-01-01
2022-07-13 22:00:00,2022-07-13 21:00:00,1,6,0.0003244982,81,2021-01-01
2022-07-13 22:00:00,2022-07-13 21:00:00,4,1,0.00032155655,82,2021-01-01
2022-07-13 22:00:00,2022-07-13 21:00:00,6,11,0.00029958747,83,2021-01-01
2022-07-13 22:00:00,2022-07-13 21:00:00,-10,-4,0.0002865431,84,2021-01-01
2022-07-13 22:00:00,2022-07-13 21:00:00,-4,-4,0.0002860035,85,2021-01-01
2022-07-13 22:00:00,2022-07-13 21:00:00,-10,10,0.00028330093,86,2021-01-01
2022-07-13 22:00:00,2022-07-13 21:00:00,-7,1,0.00028101963,87,2021-01-01
2022-07-13 22:00:00,2022-07-13 21:00:00,-3,15,0.00027799467,88,2021-01-01
2022-07-13 22:00:00,2022-07-13 21:00:00,-6,15,0.0002755982,89,2021-01-01
2022-07-13 22:00:00,2022-07-13 21:00:00,1,1,0.00027492177,90,2021-01-01
2022-07-13 22:00:00,2022-07-13 21:00:00,-5,-4,0.0002710897,91,2021-01-01
2022-07-13 22:00:00,2022-07-13 21:00:00,8,0,0.00026676178,92,2021-01-01
2022-07-13 22:00:00,2022-07-13 21:00:00,2,-3,0.00026564006,93,2021-01-01
2022-07-13 22:00:00,2022-07-13 21:00:00,-10,8,0.0002613859,94,2021-01-01
2022-07-13 22:00:00,2022-07-13 21:00:00,-1,-6,0.000260022,95,2021-01-01
2022-07-13 22:00:00,2022-07-13 21:00:00,-1,9,0.00025938704,96,2021-01-01
2022-07-13 22:00:00,2022-07-13 21:00:00,-2,1,0.00025144676,97,2021-01-01
2022-07-13 22:00:00,2022-07-13 21:00:00,7,-1,0.00023919663,98,2021-01-01
2022-07-13 22:00:00,2022-07-13 21:00:00,-5,15,0.00023743034,99,2021-01-01
2022-07-13 22:00:00,2022-07-13 21:00:00,-6,-2,0.00023643336,100,2021-01-01
2022-07-13 22:00:00,2022-07-13 21:00:00,3,-2,0.00023486657,101,2021-01-01
2022-07-13 22:00:00,2022-07-13 21:00:00,-6,-3,0.0002348426,102,2021-01-01
2022-07-13 22:00:00,2022-07-13 21:00:00,-3,9,0.00023456039,103,2021-01-01
2022-07-13 22:00:00,2022-07-13 21:00:00,9,3,0.00023218308,104,2021-01-01
2022-07-13 22:00:00,2022-07-13 21:00:00,8,1,0.00023145822,105,2021-01-01
2022-07-13 22:00:00,2022-07-13 21:00:00,-5,-5,0.00023014583,106,2021-01-01
2022-07-13 22:00:00,2022-07-13 21:00:00,-3,18,0.00021914685,107,2021-01-01
2022-07-13 22:00:00,2022-07-13 21:00:00,-4,3,0.00021816767,108,2021-01-01
2022-07-13 22:00:00,2022-07-13 21:00:00,-2,-5,0.00021618749,109,2021-01-01
2022-07-13 22:00:00,2022-07-13 21:00:00,-11,-6,0.00021284046,110,2021-01-01
2022-07-13 22:00:00,2022-07-13 21:00:00,3,17,0.00021177193,111,2021-01-01
2022-07-13 22:00:00,2022-07-13 21:00:00,2,-2,0.00021006896,112,2021-01-01
2022-07-13 22:00:00,2022-07-13 21:00:00,9,2,0.00020951933,113,2021-01-01
2022-07-13 22:00:00,2022-07-13 21:00:00,-7,-1,0.00020464209,114,2021-01-01
2022-07-13 22:00:00,2022-07-13 21:00:00,2,20,0.00020330958,115,2021-01-01
2022-07-13 22:00:00,2022-07-13 21:00:00,-1,-4,0.00020293961,116,2021-01-01
2022-07-13 22:00:00,2022-07-13 21:00:00,10,0,0.00020004291,117,2021-01-01
2022-07-13 22:00:00,2022-07-13 21:00:00,-3,2,0.00019686896,118,2021-01-01
2022-07-13 22:00:00,2022-07-13 21:00:00,-3,12,0.00019107142,119,2021-01-01
2022-07-13 22:00:00,2022-07-13 21:00:00,-4,19,0.00018984724,120,2021-01-01
2022-07-13 22:00:00,2022-07-13 21:00:00,-2,10,0.00018663157,121,2021-01-01
2022-07-13 22:00:00,2022-07-13 21:00:00,8,-3,0.0001849992,122,2021-01-01
2022-07-13 22:00:00,2022-07-13 21:00:00,1,20,0.00018272478,123,2021-01-01
2022-07-13 22:00:00,2022-07-13 21:00:00,-1,2,0.00018261919,124,2021-01-01
2022-07-13 22:00:00,2022-07-13 21:00:00,-2,8,0.00018209917,125,2021-01-01
2022-07-13 22:00:00,2022-07-13 21:00:00,0,14,0.00018174281,126,2021-01-01
2022-07-13 22:00:00,2022-07-13 21:00:00,-1,13,0.00018054881,127,2021-01-01
2022-07-13 22:00:00,2022-07-13 21:00:00,4,14,0.00017987507,128,2021-01-01
2022-07-13 22:00:00,2022-07-13 21:00:00,-4,12,0.00017848353,129,2021-01-01
2022-07-13 22:00:00,2022-07-13 21:00:00,6,3,0.00017775614,130,2021-01-01
2022-07-13 22:00:00,2022-07-13 21:00:00,-3,7,0.00017714743,131,2021-01-01
2022-07-13 22:00:00,2022-07-13 21:00:00,5,2,0.000177103,132,2021-01-01
2022-07-13 22:00:00,2022-07-13 21:00:00,-1,11,0.00017590565,133,2021-01-01
2022-07-13 22:00:00,2022-07-13 21:00:00,7,1,0.00017578603,134,2021-01-01
2022-07-13 22:00:00,2022-07-13 21:00:00,0,13,0.00017228816,135,2021-01-01
2022-07-13 22:00:00,2022-07-13 21:00:00,-5,10,0.00017076515,136,2021-01-01
2022-07-13 22:00:00,2022-07-13 21:00:00,-1,18,0.00017032547,137,2021-01-01
2022-07-13 22:00:00,2022-07-13 21:00:00,-5,9,0.00016982848,138,2021-01-01
2022-07-13 22:00:00,2022-07-13 21:00:00,-2,15,0.00016964425,139,2021-01-01
2022-07-13 22:00:00,2022-07-13 21:00:00,-11,-5,0.00016963691,140,2021-01-01
2022-07-13 22:00:00,2022-07-13 21:00:00,-8,6,0.00016588309,141,2021-01-01
2022-07-13 22:00:00,2022-07-13 21:00:00,-1,6,0.00016530667,142,2021-01-01
2022-07-13 22:00:00,2022-07-13 21:00:00,0,18,0.00016479655,143,2021-01-01
2022-07-13 22:00:00,2022-07-13 21:00:00,-12,-5,0.00016283592,144,2021-01-01
2022-07-13 22:00:00,2022-07-13 21:00:00,-1,15,0.00016157558,145,2021-01-01
2022-07-13 22:00:00,2022-07-13 21:00:00,-1,16,0.00015756385,146,2021-01-01
2022-07-13 22:00:00,2022-07-13 21:00:00,5,3,0.00015449892,147,2021-01-01
2022-07-13 22:00:00,2022-07-13 21:00:00,2,7,0.00015304062,148,2021-01-01
2022-07-13 22:00:00,2022-07-13 21:00:00,-9,0,0.00015191162,149,2021-01-01
2022-07-13 22:00:00,2022-07-13 21:00:00,-3,14,0.00015157217,150,2021-01-01
2022-07-13 22:00:00,2022-07-13 21:00:00,-1,8,0.00015034509,151,2021-01-01
2022-07-13 22:00:00,2022-07-13 21:00:00,8,-1,0.00014921675,152,2021-01-01
2022-07-13 22:00:00,2022-07-13 21:00:00,9,-2,0.00014485185,153,2021-01-01
2022-07-13 22:00:00,2022-07-13 21:00:00,1,-5,0.00014442415,154,2021-01-01
2022-07-13 22:00:00,2022-07-13 21:00:00,0,19,0.00014439561,155,2021-01-01
2022-07-13 22:00:00,2022-07-13 21:00:00,-9,6,0.00014224678,156,2021-01-01
2022-07-13 22:00:00,2022-07-13 21:00:00,-9,-1,0.00014011342,157,2021-01-01
2022-07-13 22:00:00,2022-07-13 21:00:00,-4,17,0.0001386206,158,2021-01-01
2022-07-13 22:00:00,2022-07-13 21:00:00,-1,3,0.00013348882,159,2021-01-01
2022-07-13 22:00:00,2022-07-13 21:00:00,-1,5,0.0001282897,160,2021-01-01
2022-07-13 22:00:00,2022-07-13 21:00:00,0,5,0.00012776456,161,2021-01-01
2022-07-13 22:00:00,2022-07-13 21:00:00,9,1,0.00012756926,162,2021-01-01
2022-07-13 22:00:00,2022-07-13 21:00:00,1,11,0.0001253783,163,2021-01-01
2022-07-13 22:00:00,2022-07-13 21:00:00,-6,4,0.0001248367,164,2021-01-01
2022-07-13 22:00:00,2022-07-13 21:00:00,0,11,0.00012152762,165,2021-01-01
2022-07-13 22:00:00,2022-07-13 21:00:00,9,0,0.000119884586,166,2021-01-01
2022-07-13 22:00:00,2022-07-13 21:00:00,3,-3,0.00011981601,167,2021-01-01
2022-07-13 22:00:00,2022-07-13 21:00:00,-2,16,0.000116526,168,2021-01-01
2022-07-13 22:00:00,2022-07-13 21:00:00,2,-7,0.000115896306,169,2021-01-01
2022-07-13 22:00:00,2022-07-13 21:00:00,1,5,0.00011547107,170,2021-01-01
2022-07-13 22:00:00,2022-07-13 21:00:00,-3,11,0.000113503054,171,2021-01-01
2022-07-13 22:00:00,2022-07-13 21:00:00,4,-4,0.00011217212,172,2021-01-01
2022-07-13 22:00:00,2022-07-13 21:00:00,4,-6,0.00011146119,173,2021-01-01
2022-07-13 22:00:00,2022-07-13 21:00:00,-2,9,0.00011080622,174,2021-01-01
2022-07-13 22:00:00,2022-07-13 21:00:00,-4,10,0.000107075204,175,2021-01-01
2022-07-13 22:00:00,2022-07-13 21:00:00,5,-4,0.00010618687,176,2021-01-01
2022-07-13 22:00:00,2022-07-13 21:00:00,5,-3,0.00010618687,177,2021-01-01
2022-07-13 22:00:00,2022-07-13 21:00:00,-4,2,0.00010481453,178,2021-01-01
2022-07-13 22:00:00,2022-07-13 21:00:00,2,9,9.801219e-05,179,2021-01-01
2022-07-13 22:00:00,2022-07-13 21:00:00,1,9,9.661558e-05,180,2021-01-01
2022-07-13 22:00:00,2022-07-13 21:00:00,2,8,9.524985e-05,181,2021-01-01
2022-07-13 22:00:00,2022-07-13 21:00:00,-4,8,8.8117195e-05,182,2021-01-01
2022-07-13 22:00:00,2022-07-13 21:00:00,8,-4,8.655e-05,183,2021-01-01
2022-07-13 22:00:00,2022-07-13 21:00:00,10,-1,8.6415326e-05,184,2021-01-01
2022-07-13 22:00:00,2022-07-13 21:00:00,-2,3,8.598077e-05,185,2021-01-01
2022-07-13 22:00:00,2022-07-13 21:00:00,6,6,8.3570565e-05,186,2021-01-01
2022-07-14 00:00:00,2022-07-13 23:00:00,0,0,0.4869474,1,2021-01-01
2022-07-14 00:00:00,2022-07-13 23:00:00,0,-1,0.44912755,2,2021-01-01
2022-07-14 00:00:00,2022-07-13 23:00:00,1,0,0.21199346,3,2021-01-01
2022-07-14 00:00:00,2022-07-13 23:00:00,-1,0,0.14575124,4,2021-01-01
2022-07-14 00:00:00,2022-07-13 23:00:00,1,-1,0.10728941,5,2021-01-01
2022-07-14 00:00:00,2022-07-13 23:00:00,-2,13,0.100400865,6,2021-01-01
2022-07-14 00:00:00,2022-07-13 23:00:00,2,0,0.065577984,7,2021-01-01
2022-07-14 00:00:00,2022-07-13 23:00:00,-1,-1,0.06309137,8,2021-01-01
2022-07-14 00:00:00,2022-07-13 23:00:00,-2,-4,0.053970773,9,2021-01-01
2022-07-14 00:00:00,2022-07-13 23:00:00,-2,-2,0.041917328,10,2021-01-01
2022-07-14 00:00:00,2022-07-13 23:00:00,-2,-3,0.040069606,11,2021-01-01
2022-07-14 00:00:00,2022-07-13 23:00:00,0,12,0.030712029,12,2021-01-01
2022-07-14 00:00:00,2022-07-13 23:00:00,0,-2,0.027617643,13,2021-01-01
2022-07-14 00:00:00,2022-07-13 23:00:00,-2,-1,0.023567067,14,2021-01-01
2022-07-14 00:00:00,2022-07-13 23:00:00,-2,0,0.012880807,15,2021-01-01
2022-07-14 00:00:00,2022-07-13 23:00:00,7,4,0.011963882,16,2021-01-01
2022-07-14 00:00:00,2022-07-13 23:00:00,-1,-3,0.010197419,17,2021-01-01
2022-07-14 00:00:00,2022-07-13 23:00:00,-4,-2,0.008346663,18,2021-01-01
2022-07-14 00:00:00,2022-07-13 23:00:00,2,1,0.00775866,19,2021-01-01
2022-07-14 00:00:00,2022-07-13 23:00:00,-1,-2,0.006710418,20,2021-01-01
2022-07-14 00:00:00,2022-07-13 23:00:00,6,-4,0.006496597,21,2021-01-01
2022-07-14 00:00:00,2022-07-13 23:00:00,-3,-4,0.0057899603,22,2021-01-01
2022-07-14 00:00:00,2022-07-13 23:00:00,-4,-3,0.0027892373,23,2021-01-01
2022-07-14 00:00:00,2022-07-13 23:00:00,0,17,0.0027347843,24,2021-01-01
2022-07-14 00:00:00,2022-07-13 23:00:00,5,-2,0.0026999458,25,2021-01-01
2022-07-14 00:00:00,2022-07-13 23:00:00,-5,-2,0.0023503841,26,2021-01-01
2022-07-14 00:00:00,2022-07-13 23:00:00,6,-3,0.0022186544,27,2021-01-01
2022-07-14 00:00:00,2022-07-13 23:00:00,-3,-3,0.0021383374,28,2021-01-01
2022-07-14 00:00:00,2022-07-13 23:00:00,2,-1,0.002072146,29,2021-01-01
2022-07-14 00:00:00,2022-07-13 23:00:00,-5,1,0.0020267365,30,2021-01-01
2022-07-14 00:00:00,2022-07-13 23:00:00,1,-3,0.0019980485,31,2021-01-01
2022-07-14 00:00:00,2022-07-13 23:00:00,-3,0,0.0019687023,32,2021-01-01
2022-07-14 00:00:00,2022-07-13 23:00:00,0,8,0.0019050246,33,2021-01-01
2022-07-14 00:00:00,2022-07-13 23:00:00,-5,-1,0.0014467576,34,2021-01-01
2022-07-14 00:00:00,2022-07-13 23:00:00,2,-6,0.0013828365,35,2021-01-01
2022-07-14 00:00:00,2022-07-13 23:00:00,-3,-1,0.0012128938,36,2021-01-01
2022-07-14 00:00:00,2022-07-13 23:00:00,-4,-1,0.0011133645,37,2021-01-01
2022-07-14 00:00:00,2022-07-13 23:00:00,-3,-2,0.0010671498,38,2021-01-01
2022-07-14 00:00:00,2022-07-13 23:00:00,1,-2,0.0010125688,39,2021-01-01
2022-07-14 00:00:00,2022-07-13 23:00:00,-9,-5,0.00079222076,40,2021-01-01
2022-07-14 00:00:00,2022-07-13 23:00:00,1,-7,0.0007790583,41,2021-01-01
2022-07-14 00:00:00,2022-07-13 23:00:00,0,1,0.00075583946,42,2021-01-01
2022-07-14 00:00:00,2022-07-13 23:00:00,1,19,0.0007040389,43,2021-01-01
2022-07-14 00:00:00,2022-07-13 23:00:00,7,-4,0.0006993266,44,2021-01-01
2022-07-14 00:00:00,2022-07-13 23:00:00,-5,2,0.00063616264,45,2021-01-01
2022-07-14 00:00:00,2022-07-13 23:00:00,0,9,0.00057640835,46,2021-01-01
2022-07-14 00:00:00,2022-07-13 23:00:00,-5,11,0.0005476743,47,2021-01-01
2022-07-14 00:00:00,2022-07-13 23:00:00,-6,8,0.0005199578,48,2021-01-01
2022-07-14 00:00:00,2022-07-13 23:00:00,-3,13,0.00041011613,49,2021-01-01
2022-07-14 00:00:00,2022-07-13 23:00:00,6,5,0.00040932535,50,2021-01-01
2022-07-14 00:00:00,2022-07-13 23:00:00,-4,4,0.00031575465,51,2021-01-01
2022-07-14 00:00:00,2022-07-13 23:00:00,-3,8,0.00031506422,52,2021-01-01
2022-07-14 00:00:00,2022-07-13 23:00:00,-4,0,0.00029355093,53,2021-01-01
2022-07-14 00:00:00,2022-07-13 23:00:00,7,11,0.0002777927,54,2021-01-01
2022-07-14 00:00:00,2022-07-13 23:00:00,-4,5,0.00027047397,55,2021-01-01
2022-07-14 00:00:00,2022-07-13 23:00:00,1,8,0.00023931451,56,2021-01-01
2022-07-14 00:00:00,2022-07-13 23:00:00,-2,11,0.00023835833,57,2021-01-01
2022-07-14 00:00:00,2022-07-13 23:00:00,-4,-5,0.00022566695,58,2021-01-01
2022-07-14 00:00:00,2022-07-13 23:00:00,10,3,0.00018632955,59,2021-01-01
2022-07-14 00:00:00,2022-07-13 23:00:00,-6,15,0.0001818103,60,2021-01-01
2022-07-14 00:00:00,2022-07-13 23:00:00,-10,-3,0.00017900036,61,2021-01-01
2022-07-14 00:00:00,2022-07-13 23:00:00,4,14,0.00017734745,62,2021-01-01
2022-07-14 00:00:00,2022-07-13 23:00:00,-4,10,0.00017380282,63,2021-01-01
2022-07-14 00:00:00,2022-07-13 23:00:00,-9,6,0.00017280986,64,2021-01-01
2022-07-14 00:00:00,2022-07-13 23:00:00,-3,15,0.00016971525,65,2021-01-01
2022-07-14 00:00:00,2022-07-13 23:00:00,3,17,0.00016612333,66,2021-01-01
2022-07-14 00:00:00,2022-07-13 23:00:00,-5,15,0.00016458794,67,2021-01-01
2022-07-14 00:00:00,2022-07-13 23:00:00,0,-5,0.0001596865,68,2021-01-01
2022-07-14 00:00:00,2022-07-13 23:00:00,10,5,0.00015902646,69,2021-01-01
2022-07-14 00:00:00,2022-07-13 23:00:00,-8,6,0.00015598438,70,2021-01-01
2022-07-14 00:00:00,2022-07-13 23:00:00,-4,12,0.00015065889,71,2021-01-01
2022-07-14 00:00:00,2022-07-13 23:00:00,1,2,0.0001496648,72,2021-01-01
2022-07-14 00:00:00,2022-07-13 23:00:00,6,6,0.00014911279,73,2021-01-01
2022-07-14 00:00:00,2022-07-13 23:00:00,-1,11,0.00014877053,74,2021-01-01
2022-07-14 00:00:00,2022-07-13 23:00:00,6,11,0.00014495551,75,2021-01-01
2022-07-14 00:00:00,2022-07-13 23:00:00,-5,4,0.00014437053,76,2021-01-01
2022-07-14 00:00:00,2022-07-13 23:00:00,-2,10,0.00014174124,77,2021-01-01
2022-07-14 00:00:00,2022-07-13 23:00:00,-5,10,0.00013964105,78,2021-01-01
2022-07-14 00:00:00,2022-07-13 23:00:00,-1,9,0.0001383917,79,2021-01-01
2022-07-14 00:00:00,2022-07-13 23:00:00,-5,9,0.00013628132,80,2021-01-01
2022-07-14 00:00:00,2022-07-13 23:00:00,-9,-4,0.00013454126,81,2021-01-01
2022-07-14 00:00:00,2022-07-13 23:00:00,-3,9,0.00013189916,82,2021-01-01
2022-07-14 00:00:00,2022-07-13 23:00:00,-6,1,0.00013057819,83,2021-01-01
2022-07-14 00:00:00,2022-07-13 23:00:00,1,6,0.00012852288,84,2021-01-01
2022-07-14 00:00:00,2022-07-13 23:00:00,-5,-3,0.00012599265,85,2021-01-01
2022-07-14 00:00:00,2022-07-13 23:00:00,0,13,0.00012568246,86,2021-01-01
2022-07-14 00:00:00,2022-07-13 23:00:00,0,11,0.00012400914,87,2021-01-01
2022-07-14 00:00:00,2022-07-13 23:00:00,-3,1,0.00012256982,88,2021-01-01
2022-07-14 00:00:00,2022-07-13 23:00:00,5,-1,0.00012240635,89,2021-01-01
2022-07-14 00:00:00,2022-07-13 23:00:00,3,-1,0.00012154522,90,2021-01-01
2022-07-14 00:00:00,2022-07-13 23:00:00,-1,7,0.000120645855,91,2021-01-01
2022-07-14 00:00:00,2022-07-13 23:00:00,-1,1,0.00011877462,92,2021-01-01
2022-07-14 00:00:00,2022-07-13 23:00:00,-3,12,0.00011590702,93,2021-01-01
2022-07-14 00:00:00,2022-07-13 23:00:00,-2,15,0.00011459744,94,2021-01-01
2022-07-14 00:00:00,2022-07-13 23:00:00,-3,14,0.00011392481,95,2021-01-01
2022-07-14 00:00:00,2022-07-13 23:00:00,0,14,0.00011324979,96,2021-01-01
2022-07-14 00:00:00,2022-07-13 23:00:00,-3,11,0.00011072447,97,2021-01-01
2022-07-14 00:00:00,2022-07-13 23:00:00,-5,0,0.00010917658,98,2021-01-01
2022-07-14 00:00:00,2022-07-13 23:00:00,-1,13,0.00010913191,99,2021-01-01
2022-07-14 00:00:00,2022-07-13 23:00:00,2,20,0.00010794086,100,2021-01-01
2022-07-14 00:00:00,2022-07-13 23:00:00,-2,16,0.00010597267,101,2021-01-01
2022-07-14 00:00:00,2022-07-13 23:00:00,-1,15,0.00010437832,102,2021-01-01
2022-07-14 00:00:00,2022-07-13 23:00:00,-2,9,0.00010315379,103,2021-01-01
2022-07-14 00:00:00,2022-07-13 23:00:00,7,-5,0.000102139216,104,2021-01-01
2022-07-14 00:00:00,2022-07-13 23:00:00,-6,4,0.000101535865,105,2021-01-01
2022-07-14 00:00:00,2022-07-13 23:00:00,1,20,9.972012e-05,106,2021-01-01
2022-07-14 00:00:00,2022-07-13 23:00:00,-4,3,9.845182e-05,107,2021-01-01
2022-07-14 00:00:00,2022-07-13 23:00:00,0,18,9.7515505e-05,108,2021-01-01
2022-07-14 00:00:00,2022-07-13 23:00:00,-10,8,9.719611e-05,109,2021-01-01
2022-07-14 00:00:00,2022-07-13 23:00:00,2,8,9.690325e-05,110,2021-01-01
2022-07-14 00:00:00,2022-07-13 23:00:00,-4,17,9.627395e-05,111,2021-01-01
2022-07-14 00:00:00,2022-07-13 23:00:00,-1,16,9.3274255e-05,112,2021-01-01
2022-07-14 00:00:00,2022-07-13 23:00:00,-4,19,9.221616e-05,113,2021-01-01
2022-07-14 00:00:00,2022-07-13 23:00:00,-1,8,9.136766e-05,114,2021-01-01
2022-07-14 00:00:00,2022-07-13 23:00:00,-1,18,9.104338e-05,115,2021-01-01
2022-07-14 00:00:00,2022-07-13 23:00:00,-10,10,9.095211e-05,116,2021-01-01
2022-07-14 00:00:00,2022-07-13 23:00:00,2,9,9.001832e-05,117,2021-01-01
2022-07-14 00:00:00,2022-07-13 23:00:00,-2,8,8.976441e-05,118,2021-01-01
2022-07-14 00:00:00,2022-07-13 23:00:00,-3,18,8.853863e-05,119,2021-01-01
2022-07-14 00:00:00,2022-07-13 23:00:00,-3,7,8.8159715e-05,120,2021-01-01
2022-07-14 00:00:00,2022-07-13 23:00:00,1,11,8.383623e-05,121,2021-01-01
2022-07-14 00:00:00,2022-07-13 23:00:00,0,19,8.240311e-05,122,2021-01-01
2022-07-14 00:00:00,2022-07-13 23:00:00,2,7,8.204227e-05,123,2021-01-01
2022-07-14 00:00:00,2022-07-13 23:00:00,-4,8,8.056869e-05,124,2021-01-01
2022-07-14 00:00:00,2022-07-13 23:00:00,1,5,7.854235e-05,125,2021-01-01
2022-07-14 00:00:00,2022-07-13 23:00:00,1,9,7.53539e-05,126,2021-01-01
2022-07-14 00:00:00,2022-07-13 23:00:00,3,0,7.332533e-05,127,2021-01-01
2022-07-14 00:00:00,2022-07-13 23:00:00,6,3,6.934812e-05,128,2021-01-01
2022-07-14 00:00:00,2022-07-13 23:00:00,-7,1,6.858399e-05,129,2021-01-01
2022-07-14 00:00:00,2022-07-13 23:00:00,10,0,6.6285844e-05,130,2021-01-01
2022-07-14 00:00:00,2022-07-13 23:00:00,-5,-5,6.535794e-05,131,2021-01-01
2022-07-14 00:00:00,2022-07-13 23:00:00,-4,2,6.3955675e-05,132,2021-01-01
2022-07-14 00:00:00,2022-07-13 23:00:00,4,-1,6.30105e-05,133,2021-01-01
2022-07-14 00:00:00,2022-07-13 23:00:00,0,-3,6.300754e-05,134,2021-01-01
2022-07-14 00:00:00,2022-07-13 23:00:00,-1,-7,6.2869185e-05,135,2021-01-01
2022-07-14 00:00:00,2022-07-13 23:00:00,-1,5,6.188674e-05,136,2021-01-01
2022-07-14 00:00:00,2022-07-13 23:00:00,-1,6,6.175244e-05,137,2021-01-01
2022-07-14 00:00:00,2022-07-13 23:00:00,-10,-4,6.064404e-05,138,2021-01-01
2022-07-14 00:00:00,2022-07-13 23:00:00,0,5,6.0583738e-05,139,2021-01-01
2022-07-14 00:00:00,2022-07-13 23:00:00,-1,2,6.0304727e-05,140,2021-01-01
2022-07-14 00:00:00,2022-07-13 23:00:00,9,3,5.8223963e-05,141,2021-01-01
2022-07-14 00:00:00,2022-07-13 23:00:00,9,0,5.820418e-05,142,2021-01-01
2022-07-14 00:00:00,2022-07-13 23:00:00,2,-2,5.7656314e-05,143,2021-01-01
2022-07-14 00:00:00,2022-07-13 23:00:00,2,-3,5.655627e-05,144,2021-01-01
2022-07-14 00:00:00,2022-07-13 23:00:00,1,1,5.5909903e-05,145,2021-01-01
2022-07-14 00:00:00,2022-07-13 23:00:00,5,2,5.5361346e-05,146,2021-01-01
2022-07-14 00:00:00,2022-07-13 23:00:00,-1,3,5.472703e-05,147,2021-01-01
2022-07-14 00:00:00,2022-07-13 23:00:00,1,-5,5.451639e-05,148,2021-01-01
2022-07-14 00:00:00,2022-07-13 23:00:00,5,3,5.437816e-05,149,2021-01-01
2022-07-14 00:00:00,2022-07-13 23:00:00,7,-1,5.3744243e-05,150,2021-01-01
2022-07-14 00:00:00,2022-07-13 23:00:00,8,-1,5.207831e-05,151,2021-01-01
2022-07-14 00:00:00,2022-07-13 23:00:00,3,-3,5.113607e-05,152,2021-01-01
2022-07-14 00:00:00,2022-07-13 23:00:00,3,-2,5.0729082e-05,153,2021-01-01
2022-07-14 00:00:00,2022-07-13 23:00:00,-12,-5,4.9416234e-05,154,2021-01-01
2022-07-14 00:00:00,2022-07-13 23:00:00,8,-3,4.884938e-05,155,2021-01-01
2022-07-14 00:00:00,2022-07-13 23:00:00,7,1,4.8838712e-05,156,2021-01-01
2022-07-14 00:00:00,2022-07-13 23:00:00,-1,-4,4.8741058e-05,157,2021-01-01
2022-07-14 00:00:00,2022-07-13 23:00:00,10,-1,4.7784448e-05,158,2021-01-01
2022-07-14 00:00:00,2022-07-13 23:00:00,2,-7,4.6643447e-05,159,2021-01-01
2022-07-14 00:00:00,2022-07-13 23:00:00,-6,-2,4.6053003e-05,160,2021-01-01
2022-07-14 00:00:00,2022-07-13 23:00:00,-11,-5,4.553363e-05,161,2021-01-01
2022-07-14 00:00:00,2022-07-13 23:00:00,-9,0,4.488966e-05,162,2021-01-01
2022-07-14 00:00:00,2022-07-13 23:00:00,-5,-4,4.4814922e-05,163,2021-01-01
2022-07-14 00:00:00,2022-07-13 23:00:00,-2,1,4.442657e-05,164,2021-01-01
2022-07-14 00:00:00,2022-07-13 23:00:00,9,2,4.4035474e-05,165,2021-01-01
2022-07-14 00:00:00,2022-07-13 23:00:00,-1,-6,4.2243617e-05,166,2021-01-01
2022-07-14 00:00:00,2022-07-13 23:00:00,-11,-6,4.1983756e-05,167,2021-01-01
2022-07-14 00:00:00,2022-07-13 23:00:00,-3,2,4.1551208e-05,168,2021-01-01
2022-07-14 00:00:00,2022-07-13 23:00:00,-9,-1,4.1306906e-05,169,2021-01-01
2022-07-14 00:00:00,2022-07-13 23:00:00,-4,-4,4.0987827e-05,170,2021-01-01
2022-07-14 00:00:00,2022-07-13 23:00:00,0,-6,4.092556e-05,171,2021-01-01
2022-07-14 00:00:00,2022-07-13 23:00:00,-2,3,3.9643313e-05,172,2021-01-01
2022-07-14 00:00:00,2022-07-13 23:00:00,3,1,3.9400864e-05,173,2021-01-01
2022-07-14 00:00:00,2022-07-13 23:00:00,8,1,3.9286664e-05,174,2021-01-01
2022-07-14 00:00:00,2022-07-13 23:00:00,9,1,3.920586e-05,175,2021-01-01
2022-07-14 00:00:00,2022-07-13 23:00:00,-6,-3,3.9033916e-05,176,2021-01-01
2022-07-14 00:00:00,2022-07-13 23:00:00,4,1,3.8755e-05,177,2021-01-01
2022-07-14 00:00:00,2022-07-13 23:00:00,-7,-1,3.8281625e-05,178,2021-01-01
2022-07-14 00:00:00,2022-07-13 23:00:00,8,0,3.8248232e-05,179,2021-01-01
2022-07-14 00:00:00,2022-07-13 23:00:00,9,-2,3.6661786e-05,180,2021-01-01
2022-07-14 00:00:00,2022-07-13 23:00:00,4,-6,3.428543e-05,181,2021-01-01
2022-07-14 00:00:00,2022-07-13 23:00:00,8,-4,3.2663815e-05,182,2021-01-01
2022-07-14 00:00:00,2022-07-13 23:00:00,5,-4,2.985111e-05,183,2021-01-01
2022-07-14 00:00:00,2022-07-13 23:00:00,4,-4,2.9296361e-05,184,2021-01-01
2022-07-14 00:00:00,2022-07-13 23:00:00,5,-3,2.9232135e-05,185,2021-01-01
2022-07-14 00:00:00,2022-07-13 23:00:00,-2,-5,2.8226743e-05,186,2021-01-01
2022-07-17 00:00:00,2022-07-16 23:00:00,0,0,0.8437318,1,2021-01-01
2022-07-17 00:00:00,2022-07-16 23:00:00,-1,0,0.73320884,2,2021-01-01
2022-07-17 00:00:00,2022-07-16 23:00:00,1,0,0.5414339,3,2021-01-01
2022-07-17 00:00:00,2022-07-16 23:00:00,-3,-4,0.54057497,4,2021-01-01
2022-07-17 00:00:00,2022-07-16 23:00:00,0,-1,0.4909989,5,2021-01-01
2022-07-17 00:00:00,2022-07-16 23:00:00,1,-1,0.44134283,6,2021-01-01
2022-07-17 00:00:00,2022-07-16 23:00:00,-1,-1,0.38527712,7,2021-01-01
2022-07-17 00:00:00,2022-07-16 23:00:00,2,0,0.35115072,8,2021-01-01
2022-07-17 00:00:00,2022-07-16 23:00:00,-4,-2,0.34236535,9,2021-01-01
2022-07-17 00:00:00,2022-07-16 23:00:00,-2,0,0.3374308,10,2021-01-01
2022-07-17 00:00:00,2022-07-16 23:00:00,-2,-3,0.21003987,11,2021-01-01
2022-07-17 00:00:00,2022-07-16 23:00:00,-2,-4,0.17261223,12,2021-01-01
2022-07-17 00:00:00,2022-07-16 23:00:00,2,1,0.10308891,13,2021-01-01
2022-07-17 00:00:00,2022-07-16 23:00:00,-4,-3,0.099096395,14,2021-01-01
2022-07-17 00:00:00,2022-07-16 23:00:00,0,12,0.077238746,15,2021-01-01
2022-07-17 00:00:00,2022-07-16 23:00:00,6,-4,0.06293712,16,2021-01-01
2022-07-17 00:00:00,2022-07-16 23:00:00,-2,-2,0.048760626,17,2021-01-01
2022-07-17 00:00:00,2022-07-16 23:00:00,-2,-1,0.046163093,18,2021-01-01
2022-07-17 00:00:00,2022-07-16 23:00:00,-3,-3,0.043284893,19,2021-01-01
2022-07-17 00:00:00,2022-07-16 23:00:00,0,-2,0.043248843,20,2021-01-01
2022-07-17 00:00:00,2022-07-16 23:00:00,-5,-2,0.038660172,21,2021-01-01
2022-07-17 00:00:00,2022-07-16 23:00:00,5,-2,0.0379737,22,2021-01-01
2022-07-17 00:00:00,2022-07-16 23:00:00,-5,-1,0.036480892,23,2021-01-01
2022-07-17 00:00:00,2022-07-16 23:00:00,-3,0,0.033548612,24,2021-01-01
2022-07-17 00:00:00,2022-07-16 23:00:00,-1,-3,0.031551328,25,2021-01-01
2022-07-17 00:00:00,2022-07-16 23:00:00,-2,13,0.026545072,26,2021-01-01
2022-07-17 00:00:00,2022-07-16 23:00:00,-1,-2,0.0215088,27,2021-01-01
2022-07-17 00:00:00,2022-07-16 23:00:00,-3,-2,0.019326149,28,2021-01-01
2022-07-17 00:00:00,2022-07-16 23:00:00,0,1,0.017901562,29,2021-01-01
2022-07-17 00:00:00,2022-07-16 23:00:00,6,-3,0.016659467,30,2021-01-01
2022-07-17 00:00:00,2022-07-16 23:00:00,7,4,0.016095513,31,2021-01-01
2022-07-17 00:00:00,2022-07-16 23:00:00,-5,1,0.011066128,32,2021-01-01
2022-07-17 00:00:00,2022-07-16 23:00:00,2,-1,0.008208034,33,2021-01-01
2022-07-17 00:00:00,2022-07-16 23:00:00,-9,-5,0.0065575964,34,2021-01-01
2022-07-17 00:00:00,2022-07-16 23:00:00,-3,-1,0.006548604,35,2021-01-01
2022-07-17 00:00:00,2022-07-16 23:00:00,-4,-1,0.0063243043,36,2021-01-01
2022-07-17 00:00:00,2022-07-16 23:00:00,2,-6,0.004403656,37,2021-01-01
2022-07-17 00:00:00,2022-07-16 23:00:00,0,8,0.002724794,38,2021-01-01
2022-07-17 00:00:00,2022-07-16 23:00:00,1,-3,0.0026329553,39,2021-01-01
2022-07-17 00:00:00,2022-07-16 23:00:00,1,-2,0.0025417816,40,2021-01-01
2022-07-17 00:00:00,2022-07-16 23:00:00,7,-4,0.002452926,41,2021-01-01
2022-07-17 00:00:00,2022-07-16 23:00:00,-4,0,0.0023206854,42,2021-01-01
2022-07-17 00:00:00,2022-07-16 23:00:00,0,17,0.0020354379,43,2021-01-01
2022-07-17 00:00:00,2022-07-16 23:00:00,-4,-5,0.0012875526,44,2021-01-01
2022-07-17 00:00:00,2022-07-16 23:00:00,-10,-3,0.00090045686,45,2021-01-01
2022-07-17 00:00:00,2022-07-16 23:00:00,10,5,0.0008695006,46,2021-01-01
2022-07-17 00:00:00,2022-07-16 23:00:00,0,-5,0.00077743625,47,2021-01-01
2022-07-17 00:00:00,2022-07-16 23:00:00,10,3,0.0007616828,48,2021-01-01
2022-07-17 00:00:00,2022-07-16 23:00:00,-3,1,0.0007547275,49,2021-01-01
2022-07-17 00:00:00,2022-07-16 23:00:00,-5,2,0.0007163561,50,2021-01-01
2022-07-17 00:00:00,2022-07-16 23:00:00,-6,1,0.0007018296,51,2021-01-01
2022-07-17 00:00:00,2022-07-16 23:00:00,-5,0,0.0005903573,52,2021-01-01
2022-07-17 00:00:00,2022-07-16 23:00:00,1,-7,0.0005662877,53,2021-01-01
2022-07-17 00:00:00,2022-07-16 23:00:00,0,9,0.0005345704,54,2021-01-01
2022-07-17 00:00:00,2022-07-16 23:00:00,5,-1,0.00050579995,55,2021-01-01
2022-07-17 00:00:00,2022-07-16 23:00:00,-5,-3,0.00047201713,56,2021-01-01
2022-07-17 00:00:00,2022-07-16 23:00:00,1,2,0.00046427012,57,2021-01-01
2022-07-17 00:00:00,2022-07-16 23:00:00,-5,4,0.00040804516,58,2021-01-01
2022-07-17 00:00:00,2022-07-16 23:00:00,-5,11,0.0003766145,59,2021-01-01
2022-07-17 00:00:00,2022-07-16 23:00:00,-4,4,0.00036201984,60,2021-01-01
2022-07-17 00:00:00,2022-07-16 23:00:00,-4,5,0.00035353107,61,2021-01-01
2022-07-17 00:00:00,2022-07-16 23:00:00,-3,8,0.00034458085,62,2021-01-01
2022-07-17 00:00:00,2022-07-16 23:00:00,-9,-1,0.00034189317,63,2021-01-01
2022-07-17 00:00:00,2022-07-16 23:00:00,1,19,0.00033292323,64,2021-01-01
2022-07-17 00:00:00,2022-07-16 23:00:00,-1,1,0.00033244467,65,2021-01-01
2022-07-17 00:00:00,2022-07-16 23:00:00,-9,-4,0.00033003686,66,2021-01-01
2022-07-17 00:00:00,2022-07-16 23:00:00,6,5,0.00032778503,67,2021-01-01
2022-07-17 00:00:00,2022-07-16 23:00:00,-9,0,0.0003262111,68,2021-01-01
2022-07-17 00:00:00,2022-07-16 23:00:00,-6,8,0.0003068808,69,2021-01-01
2022-07-17 00:00:00,2022-07-16 23:00:00,-7,1,0.0002980402,70,2021-01-01
2022-07-17 00:00:00,2022-07-16 23:00:00,-8,6,0.00029296582,71,2021-01-01
2022-07-17 00:00:00,2022-07-16 23:00:00,-3,13,0.00029153115,72,2021-01-01
2022-07-17 00:00:00,2022-07-16 23:00:00,-4,3,0.0002757836,73,2021-01-01
2022-07-17 00:00:00,2022-07-16 23:00:00,1,8,0.00027408276,74,2021-01-01
2022-07-17 00:00:00,2022-07-16 23:00:00,3,-1,0.0002564057,75,2021-01-01
2022-07-17 00:00:00,2022-07-16 23:00:00,-9,6,0.00025368968,76,2021-01-01
2022-07-17 00:00:00,2022-07-16 23:00:00,7,-5,0.0002334471,77,2021-01-01
2022-07-17 00:00:00,2022-07-16 23:00:00,-11,-5,0.00022642536,78,2021-01-01
2022-07-17 00:00:00,2022-07-16 23:00:00,2,20,0.00022523508,79,2021-01-01
2022-07-17 00:00:00,2022-07-16 23:00:00,-1,7,0.00021763686,80,2021-01-01
2022-07-17 00:00:00,2022-07-16 23:00:00,1,6,0.00021687472,81,2021-01-01
2022-07-17 00:00:00,2022-07-16 23:00:00,-6,-3,0.0002117027,82,2021-01-01
2022-07-17 00:00:00,2022-07-16 23:00:00,-3,15,0.00020816199,83,2021-01-01
2022-07-17 00:00:00,2022-07-16 23:00:00,-1,9,0.0002027566,84,2021-01-01
2022-07-17 00:00:00,2022-07-16 23:00:00,-7,-1,0.00020253578,85,2021-01-01
2022-07-17 00:00:00,2022-07-16 23:00:00,-12,-5,0.00019786677,86,2021-01-01
2022-07-17 00:00:00,2022-07-16 23:00:00,-11,-6,0.0001939949,87,2021-01-01
2022-07-17 00:00:00,2022-07-16 23:00:00,-3,9,0.00019357797,88,2021-01-01
2022-07-17 00:00:00,2022-07-16 23:00:00,9,3,0.00018991127,89,2021-01-01
2022-07-17 00:00:00,2022-07-16 23:00:00,-2,10,0.00018796639,90,2021-01-01
2022-07-17 00:00:00,2022-07-16 23:00:00,-10,-4,0.0001869171,91,2021-01-01
2022-07-17 00:00:00,2022-07-16 23:00:00,5,2,0.00018446571,92,2021-01-01
2022-07-17 00:00:00,2022-07-16 23:00:00,1,1,0.00018151842,93,2021-01-01
2022-07-17 00:00:00,2022-07-16 23:00:00,-6,-2,0.00017208165,94,2021-01-01
2022-07-17 00:00:00,2022-07-16 23:00:00,-4,-4,0.00017045504,95,2021-01-01
2022-07-17 00:00:00,2022-07-16 23:00:00,-1,-7,0.00016601775,96,2021-01-01
2022-07-17 00:00:00,2022-07-16 23:00:00,0,13,0.00016587251,97,2021-01-01
2022-07-17 00:00:00,2022-07-16 23:00:00,0,14,0.00016587251,98,2021-01-01
2022-07-17 00:00:00,2022-07-16 23:00:00,-5,-5,0.00016034937,99,2021-01-01
2022-07-17 00:00:00,2022-07-16 23:00:00,-5,15,0.00015971309,100,2021-01-01
2022-07-17 00:00:00,2022-07-16 23:00:00,-6,15,0.00015939565,101,2021-01-01
2022-07-17 00:00:00,2022-07-16 23:00:00,-3,2,0.0001547881,102,2021-01-01
2022-07-17 00:00:00,2022-07-16 23:00:00,4,-1,0.00014987552,103,2021-01-01
2022-07-17 00:00:00,2022-07-16 23:00:00,-5,10,0.00014763758,104,2021-01-01
2022-07-17 00:00:00,2022-07-16 23:00:00,3,0,0.00014565945,105,2021-01-01
2022-07-17 00:00:00,2022-07-16 23:00:00,-6,4,0.0001407155,106,2021-01-01
2022-07-17 00:00:00,2022-07-16 23:00:00,9,1,0.00013926809,107,2021-01-01
2022-07-17 00:00:00,2022-07-16 23:00:00,7,11,0.00013665989,108,2021-01-01
2022-07-17 00:00:00,2022-07-16 23:00:00,10,0,0.000136568,109,2021-01-01
2022-07-17 00:00:00,2022-07-16 23:00:00,-4,19,0.0001336649,110,2021-01-01
2022-07-17 00:00:00,2022-07-16 23:00:00,-2,-5,0.00013235079,111,2021-01-01
2022-07-17 00:00:00,2022-07-16 23:00:00,-1,-4,0.00013058988,112,2021-01-01
2022-07-17 00:00:00,2022-07-16 23:00:00,-5,-4,0.00013056875,113,2021-01-01
2022-07-17 00:00:00,2022-07-16 23:00:00,7,1,0.00013026358,114,2021-01-01
2022-07-17 00:00:00,2022-07-16 23:00:00,9,0,0.00012923534,115,2021-01-01
2022-07-17 00:00:00,2022-07-16 23:00:00,2,-2,0.00012764362,116,2021-01-01
2022-07-17 00:00:00,2022-07-16 23:00:00,0,-3,0.00012699813,117,2021-01-01
2022-07-17 00:00:00,2022-07-16 23:00:00,9,2,0.000126064,118,2021-01-01
2022-07-17 00:00:00,2022-07-16 23:00:00,-1,3,0.00012549844,119,2021-01-01
2022-07-17 00:00:00,2022-07-16 23:00:00,1,5,0.00012547281,120,2021-01-01
2022-07-17 00:00:00,2022-07-16 23:00:00,-1,6,0.00012444567,121,2021-01-01
2022-07-17 00:00:00,2022-07-16 23:00:00,0,5,0.00012444098,122,2021-01-01
2022-07-17 00:00:00,2022-07-16 23:00:00,-4,12,0.00012427103,123,2021-01-01
2022-07-17 00:00:00,2022-07-16 23:00:00,1,-5,0.0001235591,124,2021-01-01
2022-07-17 00:00:00,2022-07-16 23:00:00,-2,1,0.00012347035,125,2021-01-01
2022-07-17 00:00:00,2022-07-16 23:00:00,5,3,0.00012289832,126,2021-01-01
2022-07-17 00:00:00,2022-07-16 23:00:00,-1,5,0.00012255504,127,2021-01-01
2022-07-17 00:00:00,2022-07-16 23:00:00,6,3,0.00012198839,128,2021-01-01
2022-07-17 00:00:00,2022-07-16 23:00:00,3,-2,0.00012174251,129,2021-01-01
2022-07-17 00:00:00,2022-07-16 23:00:00,-10,8,0.00012088249,130,2021-01-01
2022-07-17 00:00:00,2022-07-16 23:00:00,3,1,0.00012079105,131,2021-01-01
2022-07-17 00:00:00,2022-07-16 23:00:00,2,-3,0.00012052703,132,2021-01-01
2022-07-17 00:00:00,2022-07-16 23:00:00,-1,2,0.00011996282,133,2021-01-01
2022-07-17 00:00:00,2022-07-16 23:00:00,1,11,0.000112393835,134,2021-01-01
2022-07-17 00:00:00,2022-07-16 23:00:00,3,17,0.000112393835,135,2021-01-01
2022-07-17 00:00:00,2022-07-16 23:00:00,8,-1,0.00011033175,136,2021-01-01
2022-07-17 00:00:00,2022-07-16 23:00:00,-10,10,0.00011002668,137,2021-01-01
2022-07-17 00:00:00,2022-07-16 23:00:00,-3,7,0.00010965164,138,2021-01-01
2022-07-17 00:00:00,2022-07-16 23:00:00,1,20,0.00010913425,139,2021-01-01
2022-07-17 00:00:00,2022-07-16 23:00:00,8,1,0.00010587234,140,2021-01-01
2022-07-17 00:00:00,2022-07-16 23:00:00,-5,9,0.000105021485,141,2021-01-01
2022-07-17 00:00:00,2022-07-16 23:00:00,-2,9,0.00010475418,142,2021-01-01
2022-07-17 00:00:00,2022-07-16 23:00:00,-4,8,0.000104627215,143,2021-01-01
2022-07-17 00:00:00,2022-07-16 23:00:00,-3,14,0.00010452152,144,2021-01-01
2022-07-17 00:00:00,2022-07-16 23:00:00,0,19,0.00010347188,145,2021-01-01
2022-07-17 00:00:00,2022-07-16 23:00:00,2,9,0.00010320742,146,2021-01-01
2022-07-17 00:00:00,2022-07-16 23:00:00,3,-3,0.00010292034,147,2021-01-01
2022-07-17 00:00:00,2022-07-16 23:00:00,-4,2,0.00010289522,148,2021-01-01
2022-07-17 00:00:00,2022-07-16 23:00:00,-4,17,0.00010150083,149,2021-01-01
2022-07-17 00:00:00,2022-07-16 23:00:00,-2,8,0.00010082372,150,2021-01-01
2022-07-17 00:00:00,2022-07-16 23:00:00,-2,3,0.00010022063,151,2021-01-01
2022-07-17 00:00:00,2022-07-16 23:00:00,8,-3,0.00010004823,152,2021-01-01
2022-07-17 00:00:00,2022-07-16 23:00:00,-1,18,9.92766e-05,153,2021-01-01
2022-07-17 00:00:00,2022-07-16 23:00:00,4,14,9.89754e-05,154,2021-01-01
2022-07-17 00:00:00,2022-07-16 23:00:00,-1,8,9.8021796e-05,155,2021-01-01
2022-07-17 00:00:00,2022-07-16 23:00:00,-3,18,9.791239e-05,156,2021-01-01
2022-07-17 00:00:00,2022-07-16 23:00:00,4,1,9.7299715e-05,157,2021-01-01
2022-07-17 00:00:00,2022-07-16 23:00:00,-2,11,9.663766e-05,158,2021-01-01
2022-07-17 00:00:00,2022-07-16 23:00:00,7,-1,9.584774e-05,159,2021-01-01
2022-07-17 00:00:00,2022-07-16 23:00:00,2,7,9.574931e-05,160,2021-01-01
2022-07-17 00:00:00,2022-07-16 23:00:00,-2,15,9.425033e-05,161,2021-01-01
2022-07-17 00:00:00,2022-07-16 23:00:00,8,0,9.39171e-05,162,2021-01-01
2022-07-17 00:00:00,2022-07-16 23:00:00,-1,15,9.3339564e-05,163,2021-01-01
2022-07-17 00:00:00,2022-07-16 23:00:00,-1,13,9.276403e-05,164,2021-01-01
2022-07-17 00:00:00,2022-07-16 23:00:00,-2,16,9.271896e-05,165,2021-01-01
2022-07-17 00:00:00,2022-07-16 23:00:00,-1,11,9.1911796e-05,166,2021-01-01
2022-07-17 00:00:00,2022-07-16 23:00:00,-3,11,9.183219e-05,167,2021-01-01
2022-07-17 00:00:00,2022-07-16 23:00:00,-3,12,9.183219e-05,168,2021-01-01
2022-07-17 00:00:00,2022-07-16 23:00:00,-1,16,9.1797214e-05,169,2021-01-01
2022-07-17 00:00:00,2022-07-16 23:00:00,0,11,9.152943e-05,170,2021-01-01
2022-07-17 00:00:00,2022-07-16 23:00:00,0,18,8.9498375e-05,171,2021-01-01
2022-07-17 00:00:00,2022-07-16 23:00:00,-4,10,8.927809e-05,172,2021-01-01
2022-07-17 00:00:00,2022-07-16 23:00:00,1,9,8.647188e-05,173,2021-01-01
2022-07-17 00:00:00,2022-07-16 23:00:00,2,8,8.487693e-05,174,2021-01-01
2022-07-17 00:00:00,2022-07-16 23:00:00,6,6,8.300911e-05,175,2021-01-01
2022-07-17 00:00:00,2022-07-16 23:00:00,5,-3,8.2297774e-05,176,2021-01-01
2022-07-17 00:00:00,2022-07-16 23:00:00,9,-2,8.228604e-05,177,2021-01-01
2022-07-17 00:00:00,2022-07-16 23:00:00,4,-4,8.2208484e-05,178,2021-01-01
2022-07-17 00:00:00,2022-07-16 23:00:00,6,11,7.90679e-05,179,2021-01-01
2022-07-17 00:00:00,2022-07-16 23:00:00,10,-1,7.511691e-05,180,2021-01-01
2022-07-17 00:00:00,2022-07-16 23:00:00,4,-6,6.697258e-05,181,2021-01-01
2022-07-17 00:00:00,2022-07-16 23:00:00,8,-4,6.676532e-05,182,2021-01-01
2022-07-17 00:00:00,2022-07-16 23:00:00,5,-4,5.906066e-05,183,2021-01-01
2022-07-17 00:00:00,2022-07-16 23:00:00,2,-7,5.5938504e-05,184,2021-01-01
2022-07-17 00:00:00,2022-07-16 23:00:00,-1,-6,4.8888687e-05,185,2021-01-01
2022-07-17 00:00:00,2022-07-16 23:00:00,0,-6,4.8527567e-05,186,2021-01-01
2022-07-17 23:00:00,2022-07-17 22:00:00,0,0,0.7868991,1,2021-01-01
2022-07-17 23:00:00,2022-07-17 22:00:00,-1,0,0.5941293,2,2021-01-01
2022-07-17 23:00:00,2022-07-17 22:00:00,-1,-1,0.46140692,3,2021-01-01
2022-07-17 23:00:00,2022-07-17 22:00:00,1,-1,0.40211144,4,2021-01-01
2022-07-17 23:00:00,2022-07-17 22:00:00,1,0,0.3900381,5,2021-01-01
2022-07-17 23:00:00,2022-07-17 22:00:00,-2,0,0.32248572,6,2021-01-01
2022-07-17 23:00:00,2022-07-17 22:00:00,-4,-2,0.2386889,7,2021-01-01
2022-07-17 23:00:00,2022-07-17 22:00:00,0,-1,0.23215799,8,2021-01-01
2022-07-17 23:00:00,2022-07-17 22:00:00,-3,-4,0.1647539,9,2021-01-01
2022-07-17 23:00:00,2022-07-17 22:00:00,-2,-3,0.1332384,10,2021-01-01
2022-07-17 23:00:00,2022-07-17 22:00:00,2,0,0.11493727,11,2021-01-01
2022-07-17 23:00:00,2022-07-17 22:00:00,-2,-2,0.09080756,12,2021-01-01
2022-07-17 23:00:00,2022-07-17 22:00:00,-2,-1,0.086944796,13,2021-01-01
2022-07-17 23:00:00,2022-07-17 22:00:00,-4,-3,0.07878524,14,2021-01-01
2022-07-17 23:00:00,2022-07-17 22:00:00,6,-4,0.068504505,15,2021-01-01
2022-07-17 23:00:00,2022-07-17 22:00:00,-1,-2,0.06336715,16,2021-01-01
2022-07-17 23:00:00,2022-07-17 22:00:00,-2,-4,0.061340656,17,2021-01-01
2022-07-17 23:00:00,2022-07-17 22:00:00,2,-6,0.049925774,18,2021-01-01
2022-07-17 23:00:00,2022-07-17 22:00:00,0,-2,0.045948673,19,2021-01-01
2022-07-17 23:00:00,2022-07-17 22:00:00,0,12,0.038505327,20,2021-01-01
2022-07-17 23:00:00,2022-07-17 22:00:00,-1,-3,0.03750441,21,2021-01-01
2022-07-17 23:00:00,2022-07-17 22:00:00,-3,0,0.03716469,22,2021-01-01
2022-07-17 23:00:00,2022-07-17 22:00:00,2,1,0.03606761,23,2021-01-01
2022-07-17 23:00:00,2022-07-17 22:00:00,-3,-3,0.035115253,24,2021-01-01
2022-07-17 23:00:00,2022-07-17 22:00:00,-5,-2,0.03129178,25,2021-01-01
2022-07-17 23:00:00,2022-07-17 22:00:00,-2,13,0.025990387,26,2021-01-01
2022-07-17 23:00:00,2022-07-17 22:00:00,-5,-1,0.022386858,27,2021-01-01
2022-07-17 23:00:00,2022-07-17 22:00:00,-5,1,0.017911218,28,2021-01-01
2022-07-17 23:00:00,2022-07-17 22:00:00,6,-3,0.017538419,29,2021-01-01
2022-07-17 23:00:00,2022-07-17 22:00:00,5,-2,0.011857542,30,2021-01-01
2022-07-17 23:00:00,2022-07-17 22:00:00,0,1,0.011776172,31,2021-01-01
2022-07-17 23:00:00,2022-07-17 22:00:00,7,4,0.011711243,32,2021-01-01
2022-07-17 23:00:00,2022-07-17 22:00:00,-3,-1,0.008000827,33,2021-01-01
2022-07-17 23:00:00,2022-07-17 22:00:00,-3,-2,0.007681656,34,2021-01-01
2022-07-17 23:00:00,2022-07-17 22:00:00,2,-1,0.0067579374,35,2021-01-01
2022-07-17 23:00:00,2022-07-17 22:00:00,-4,-1,0.0056817546,36,2021-01-01
2022-07-17 23:00:00,2022-07-17 22:00:00,1,-3,0.004304505,37,2021-01-01
2022-07-17 23:00:00,2022-07-17 22:00:00,7,-4,0.0030045062,38,2021-01-01
2022-07-17 23:00:00,2022-07-17 22:00:00,1,-2,0.0026094976,39,2021-01-01
2022-07-17 23:00:00,2022-07-17 22:00:00,0,17,0.0025562346,40,2021-01-01
2022-07-17 23:00:00,2022-07-17 22:00:00,-9,-5,0.0024550783,41,2021-01-01
2022-07-17 23:00:00,2022-07-17 22:00:00,0,8,0.0021448073,42,2021-01-01
2022-07-17 23:00:00,2022-07-17 22:00:00,-4,0,0.0020652083,43,2021-01-01
2022-07-17 23:00:00,2022-07-17 22:00:00,1,-7,0.0014700877,44,2021-01-01
2022-07-17 23:00:00,2022-07-17 22:00:00,-4,-5,0.0014387354,45,2021-01-01
2022-07-17 23:00:00,2022-07-17 22:00:00,-3,1,0.0010404413,46,2021-01-01
2022-07-17 23:00:00,2022-07-17 22:00:00,-10,-3,0.0008756481,47,2021-01-01
2022-07-17 23:00:00,2022-07-17 22:00:00,1,2,0.00078957324,48,2021-01-01
2022-07-17 23:00:00,2022-07-17 22:00:00,10,5,0.0007604875,49,2021-01-01
2022-07-17 23:00:00,2022-07-17 22:00:00,-5,0,0.0007340161,50,2021-01-01
2022-07-17 23:00:00,2022-07-17 22:00:00,-5,2,0.0007197447,51,2021-01-01
2022-07-17 23:00:00,2022-07-17 22:00:00,0,-5,0.00069715525,52,2021-01-01
2022-07-17 23:00:00,2022-07-17 22:00:00,10,3,0.0006797916,53,2021-01-01
2022-07-17 23:00:00,2022-07-17 22:00:00,0,9,0.00067234057,54,2021-01-01
2022-07-17 23:00:00,2022-07-17 22:00:00,3,-1,0.0005510185,55,2021-01-01
2022-07-17 23:00:00,2022-07-17 22:00:00,7,-5,0.00052535644,56,2021-01-01
2022-07-17 23:00:00,2022-07-17 22:00:00,1,19,0.00051596295,57,2021-01-01
2022-07-17 23:00:00,2022-07-17 22:00:00,-5,-3,0.0005138118,58,2021-01-01
2022-07-17 23:00:00,2022-07-17 22:00:00,-1,1,0.0005085755,59,2021-01-01
2022-07-17 23:00:00,2022-07-17 22:00:00,-3,8,0.00050483603,60,2021-01-01
2022-07-17 23:00:00,2022-07-17 22:00:00,-5,11,0.0004942059,61,2021-01-01
2022-07-17 23:00:00,2022-07-17 22:00:00,1,8,0.00047440213,62,2021-01-01
2022-07-17 23:00:00,2022-07-17 22:00:00,-6,8,0.0004492472,63,2021-01-01
2022-07-17 23:00:00,2022-07-17 22:00:00,-4,4,0.00043241205,64,2021-01-01
2022-07-17 23:00:00,2022-07-17 22:00:00,6,5,0.00042414552,65,2021-01-01
2022-07-17 23:00:00,2022-07-17 22:00:00,5,-1,0.00040817016,66,2021-01-01
2022-07-17 23:00:00,2022-07-17 22:00:00,-4,5,0.0003993006,67,2021-01-01
2022-07-17 23:00:00,2022-07-17 22:00:00,-6,1,0.0003933095,68,2021-01-01
2022-07-17 23:00:00,2022-07-17 22:00:00,-3,13,0.00038712603,69,2021-01-01
2022-07-17 23:00:00,2022-07-17 22:00:00,-9,-4,0.0003647584,70,2021-01-01
2022-07-17 23:00:00,2022-07-17 22:00:00,3,0,0.00029408545,71,2021-01-01
2022-07-17 23:00:00,2022-07-17 22:00:00,-3,9,0.00028445027,72,2021-01-01
2022-07-17 23:00:00,2022-07-17 22:00:00,10,0,0.00027777808,73,2021-01-01
2022-07-17 23:00:00,2022-07-17 22:00:00,-5,4,0.00027527602,74,2021-01-01
2022-07-17 23:00:00,2022-07-17 22:00:00,7,11,0.00027257754,75,2021-01-01
2022-07-17 23:00:00,2022-07-17 22:00:00,-1,7,0.0002693833,76,2021-01-01
2022-07-17 23:00:00,2022-07-17 22:00:00,-6,15,0.00025446544,77,2021-01-01
2022-07-17 23:00:00,2022-07-17 22:00:00,-5,15,0.00025365615,78,2021-01-01
2022-07-17 23:00:00,2022-07-17 22:00:00,-9,6,0.0002516421,79,2021-01-01
2022-07-17 23:00:00,2022-07-17 22:00:00,-4,3,0.00024363208,80,2021-01-01
2022-07-17 23:00:00,2022-07-17 22:00:00,2,20,0.00024362875,81,2021-01-01
2022-07-17 23:00:00,2022-07-17 22:00:00,4,-1,0.00024024503,82,2021-01-01
2022-07-17 23:00:00,2022-07-17 22:00:00,1,6,0.00023933443,83,2021-01-01
2022-07-17 23:00:00,2022-07-17 22:00:00,-7,-1,0.00023744104,84,2021-01-01
2022-07-17 23:00:00,2022-07-17 22:00:00,-2,10,0.00023717484,85,2021-01-01
2022-07-17 23:00:00,2022-07-17 22:00:00,-3,15,0.00023136781,86,2021-01-01
2022-07-17 23:00:00,2022-07-17 22:00:00,-1,9,0.00023065052,87,2021-01-01
2022-07-17 23:00:00,2022-07-17 22:00:00,-1,-7,0.00022935293,88,2021-01-01
2022-07-17 23:00:00,2022-07-17 22:00:00,-8,6,0.00022438442,89,2021-01-01
2022-07-17 23:00:00,2022-07-17 22:00:00,-9,0,0.00020594493,90,2021-01-01
2022-07-17 23:00:00,2022-07-17 22:00:00,0,-3,0.0002019045,91,2021-01-01
2022-07-17 23:00:00,2022-07-17 22:00:00,-4,-4,0.0002013473,92,2021-01-01
2022-07-17 23:00:00,2022-07-17 22:00:00,-7,1,0.00020126272,93,2021-01-01
2022-07-17 23:00:00,2022-07-17 22:00:00,-2,1,0.00019794908,94,2021-01-01
2022-07-17 23:00:00,2022-07-17 22:00:00,-1,-4,0.00018981013,95,2021-01-01
2022-07-17 23:00:00,2022-07-17 22:00:00,-1,2,0.00018497271,96,2021-01-01
2022-07-17 23:00:00,2022-07-17 22:00:00,-2,-5,0.00018443617,97,2021-01-01
2022-07-17 23:00:00,2022-07-17 22:00:00,-9,-1,0.00018156886,98,2021-01-01
2022-07-17 23:00:00,2022-07-17 22:00:00,1,1,0.00018074289,99,2021-01-01
2022-07-17 23:00:00,2022-07-17 22:00:00,-4,2,0.00018010817,100,2021-01-01
2022-07-17 23:00:00,2022-07-17 22:00:00,1,-5,0.00017920854,101,2021-01-01
2022-07-17 23:00:00,2022-07-17 22:00:00,-3,2,0.00017619105,102,2021-01-01
2022-07-17 23:00:00,2022-07-17 22:00:00,-6,-2,0.00016768952,103,2021-01-01
2022-07-17 23:00:00,2022-07-17 22:00:00,9,3,0.00016768591,104,2021-01-01
2022-07-17 23:00:00,2022-07-17 22:00:00,-6,-3,0.00016179397,105,2021-01-01
2022-07-17 23:00:00,2022-07-17 22:00:00,-5,-4,0.00015676174,106,2021-01-01
2022-07-17 23:00:00,2022-07-17 22:00:00,2,-3,0.00014868293,107,2021-01-01
2022-07-17 23:00:00,2022-07-17 22:00:00,-5,-5,0.00014645311,108,2021-01-01
2022-07-17 23:00:00,2022-07-17 22:00:00,-10,-4,0.00014293703,109,2021-01-01
2022-07-17 23:00:00,2022-07-17 22:00:00,2,-2,0.00014153634,110,2021-01-01
2022-07-17 23:00:00,2022-07-17 22:00:00,-1,3,0.00014041876,111,2021-01-01
2022-07-17 23:00:00,2022-07-17 22:00:00,4,-6,0.00013946304,112,2021-01-01
2022-07-17 23:00:00,2022-07-17 22:00:00,-4,10,0.00013364821,113,2021-01-01
2022-07-17 23:00:00,2022-07-17 22:00:00,0,13,0.00013243797,114,2021-01-01
2022-07-17 23:00:00,2022-07-17 22:00:00,0,14,0.00013243797,115,2021-01-01
2022-07-17 23:00:00,2022-07-17 22:00:00,0,11,0.00013153239,116,2021-01-01
2022-07-17 23:00:00,2022-07-17 22:00:00,4,14,0.00013109006,117,2021-01-01
2022-07-17 23:00:00,2022-07-17 22:00:00,-5,9,0.00013072886,118,2021-01-01
2022-07-17 23:00:00,2022-07-17 22:00:00,-5,10,0.00013072886,119,2021-01-01
2022-07-17 23:00:00,2022-07-17 22:00:00,1,9,0.0001295604,120,2021-01-01
2022-07-17 23:00:00,2022-07-17 22:00:00,3,17,0.0001295604,121,2021-01-01
2022-07-17 23:00:00,2022-07-17 22:00:00,-10,8,0.00012925526,122,2021-01-01
2022-07-17 23:00:00,2022-07-17 22:00:00,3,-2,0.00012918531,123,2021-01-01
2022-07-17 23:00:00,2022-07-17 22:00:00,3,-3,0.00012912512,124,2021-01-01
2022-07-17 23:00:00,2022-07-17 22:00:00,5,3,0.00012796184,125,2021-01-01
2022-07-17 23:00:00,2022-07-17 22:00:00,-1,11,0.00012781452,126,2021-01-01
2022-07-17 23:00:00,2022-07-17 22:00:00,-4,12,0.00012765544,127,2021-01-01
2022-07-17 23:00:00,2022-07-17 22:00:00,5,-3,0.00012655539,128,2021-01-01
2022-07-17 23:00:00,2022-07-17 22:00:00,4,-4,0.00012651358,129,2021-01-01
2022-07-17 23:00:00,2022-07-17 22:00:00,-3,12,0.00012634728,130,2021-01-01
2022-07-17 23:00:00,2022-07-17 22:00:00,-1,13,0.00012632059,131,2021-01-01
2022-07-17 23:00:00,2022-07-17 22:00:00,5,-4,0.00012617772,132,2021-01-01
2022-07-17 23:00:00,2022-07-17 22:00:00,-3,14,0.00012602104,133,2021-01-01
2022-07-17 23:00:00,2022-07-17 22:00:00,-1,-6,0.00012547533,134,2021-01-01
2022-07-17 23:00:00,2022-07-17 22:00:00,6,3,0.00012493151,135,2021-01-01
2022-07-17 23:00:00,2022-07-17 22:00:00,2,7,0.00012476735,136,2021-01-01
2022-07-17 23:00:00,2022-07-17 22:00:00,5,2,0.00012459095,137,2021-01-01
2022-07-17 23:00:00,2022-07-17 22:00:00,1,11,0.00012436045,138,2021-01-01
2022-07-17 23:00:00,2022-07-17 22:00:00,6,11,0.00012407612,139,2021-01-01
2022-07-17 23:00:00,2022-07-17 22:00:00,-3,11,0.00012393053,140,2021-01-01
2022-07-17 23:00:00,2022-07-17 22:00:00,3,1,0.00012391673,141,2021-01-01
2022-07-17 23:00:00,2022-07-17 22:00:00,2,9,0.00012388678,142,2021-01-01
2022-07-17 23:00:00,2022-07-17 22:00:00,7,-1,0.00012340663,143,2021-01-01
2022-07-17 23:00:00,2022-07-17 22:00:00,7,1,0.00012340663,144,2021-01-01
2022-07-17 23:00:00,2022-07-17 22:00:00,8,0,0.00012340663,145,2021-01-01
2022-07-17 23:00:00,2022-07-17 22:00:00,8,1,0.00012340663,146,2021-01-01
2022-07-17 23:00:00,2022-07-17 22:00:00,0,-6,0.00012333885,147,2021-01-01
2022-07-17 23:00:00,2022-07-17 22:00:00,-4,8,0.00012310412,148,2021-01-01
2022-07-17 23:00:00,2022-07-17 22:00:00,-1,8,0.00012282877,149,2021-01-01
2022-07-17 23:00:00,2022-07-17 22:00:00,-1,16,0.00012282877,150,2021-01-01
2022-07-17 23:00:00,2022-07-17 22:00:00,0,5,0.00012265214,151,2021-01-01
2022-07-17 23:00:00,2022-07-17 22:00:00,-2,11,0.000121594676,152,2021-01-01
2022-07-17 23:00:00,2022-07-17 22:00:00,-2,3,0.00012138158,153,2021-01-01
2022-07-17 23:00:00,2022-07-17 22:00:00,-2,9,0.00012136734,154,2021-01-01
2022-07-17 23:00:00,2022-07-17 22:00:00,1,5,0.00012116736,155,2021-01-01
2022-07-17 23:00:00,2022-07-17 22:00:00,1,20,0.0001209439,156,2021-01-01
2022-07-17 23:00:00,2022-07-17 22:00:00,6,6,0.0001209327,157,2021-01-01
2022-07-17 23:00:00,2022-07-17 22:00:00,2,-7,0.00012083942,158,2021-01-01
2022-07-17 23:00:00,2022-07-17 22:00:00,4,1,0.00012029954,159,2021-01-01
2022-07-17 23:00:00,2022-07-17 22:00:00,9,2,0.00012029195,160,2021-01-01
2022-07-17 23:00:00,2022-07-17 22:00:00,2,8,0.00011975575,161,2021-01-01
2022-07-17 23:00:00,2022-07-17 22:00:00,-2,16,0.000119356344,162,2021-01-01
2022-07-17 23:00:00,2022-07-17 22:00:00,0,19,0.00011895924,163,2021-01-01
2022-07-17 23:00:00,2022-07-17 22:00:00,9,1,0.00011876049,164,2021-01-01
2022-07-17 23:00:00,2022-07-17 22:00:00,-2,8,0.000118646974,165,2021-01-01
2022-07-17 23:00:00,2022-07-17 22:00:00,-2,15,0.000118646974,166,2021-01-01
2022-07-17 23:00:00,2022-07-17 22:00:00,-1,15,0.000118646974,167,2021-01-01
2022-07-17 23:00:00,2022-07-17 22:00:00,-1,6,0.00011822133,168,2021-01-01
2022-07-17 23:00:00,2022-07-17 22:00:00,-4,19,0.000118211894,169,2021-01-01
2022-07-17 23:00:00,2022-07-17 22:00:00,8,-3,0.00011809624,170,2021-01-01
2022-07-17 23:00:00,2022-07-17 22:00:00,-3,7,0.00011758533,171,2021-01-01
2022-07-17 23:00:00,2022-07-17 22:00:00,9,-2,0.00011704847,172,2021-01-01
2022-07-17 23:00:00,2022-07-17 22:00:00,8,-4,0.000116685296,173,2021-01-01
2022-07-17 23:00:00,2022-07-17 22:00:00,-1,18,0.00011667531,174,2021-01-01
2022-07-17 23:00:00,2022-07-17 22:00:00,10,-1,0.000116031355,175,2021-01-01
2022-07-17 23:00:00,2022-07-17 22:00:00,0,18,0.00011595872,176,2021-01-01
2022-07-17 23:00:00,2022-07-17 22:00:00,8,-1,0.00011579029,177,2021-01-01
2022-07-17 23:00:00,2022-07-17 22:00:00,9,0,0.00011559114,178,2021-01-01
2022-07-17 23:00:00,2022-07-17 22:00:00,-6,4,0.00011519843,179,2021-01-01
2022-07-17 23:00:00,2022-07-17 22:00:00,-10,10,0.00011206954,180,2021-01-01
2022-07-17 23:00:00,2022-07-17 22:00:00,-1,5,0.00011128321,181,2021-01-01
2022-07-17 23:00:00,2022-07-17 22:00:00,-4,17,0.00010980395,182,2021-01-01
2022-07-17 23:00:00,2022-07-17 22:00:00,-3,18,0.00010935849,183,2021-01-01
2022-07-17 23:00:00,2022-07-17 22:00:00,-12,-5,0.0001078398,184,2021-01-01
2022-07-17 23:00:00,2022-07-17 22:00:00,-11,-5,0.000107545195,185,2021-01-01
2022-07-17 23:00:00,2022-07-17 22:00:00,-11,-6,9.7099204e-05,186,2021-01-01
2022-07-20 00:00:00,2022-07-19 23:00:00,0,0,0.23091495,1,2021-01-01
2022-07-20 00:00:00,2022-07-19 23:00:00,0,-1,0.15571757,2,2021-01-01
2022-07-20 00:00:00,2022-07-19 23:00:00,1,-1,0.08875111,3,2021-01-01
2022-07-20 00:00:00,2022-07-19 23:00:00,1,0,0.06375003,4,2021-01-01
2022-07-20 00:00:00,2022-07-19 23:00:00,2,0,0.05899309,5,2021-01-01
2022-07-20 00:00:00,2022-07-19 23:00:00,-1,0,0.048814107,6,2021-01-01
2022-07-20 00:00:00,2022-07-19 23:00:00,0,12,0.0232244,7,2021-01-01
2022-07-20 00:00:00,2022-07-19 23:00:00,-2,13,0.02077889,8,2021-01-01
2022-07-20 00:00:00,2022-07-19 23:00:00,-2,-3,0.01995817,9,2021-01-01
2022-07-20 00:00:00,2022-07-19 23:00:00,-1,-1,0.017700724,10,2021-01-01
2022-07-20 00:00:00,2022-07-19 23:00:00,6,-4,0.017060176,11,2021-01-01
2022-07-20 00:00:00,2022-07-19 23:00:00,7,4,0.014169435,12,2021-01-01
2022-07-20 00:00:00,2022-07-19 23:00:00,-2,-1,0.011318766,13,2021-01-01
2022-07-20 00:00:00,2022-07-19 23:00:00,-2,-4,0.010282839,14,2021-01-01
2022-07-20 00:00:00,2022-07-19 23:00:00,-4,-2,0.010076421,15,2021-01-01
2022-07-20 00:00:00,2022-07-19 23:00:00,-2,-2,0.009933521,16,2021-01-01
2022-07-20 00:00:00,2022-07-19 23:00:00,-3,-4,0.006426943,17,2021-01-01
2022-07-20 00:00:00,2022-07-19 23:00:00,2,-6,0.006156542,18,2021-01-01
2022-07-20 00:00:00,2022-07-19 23:00:00,2,1,0.0061237044,19,2021-01-01
2022-07-20 00:00:00,2022-07-19 23:00:00,-5,1,0.005031258,20,2021-01-01
2022-07-20 00:00:00,2022-07-19 23:00:00,0,-2,0.0046157907,21,2021-01-01
2022-07-20 00:00:00,2022-07-19 23:00:00,-2,0,0.0045837727,22,2021-01-01
2022-07-20 00:00:00,2022-07-19 23:00:00,-1,-2,0.004031478,23,2021-01-01
2022-07-20 00:00:00,2022-07-19 23:00:00,6,-3,0.0030221362,24,2021-01-01
2022-07-20 00:00:00,2022-07-19 23:00:00,5,-2,0.0026585457,25,2021-01-01
2022-07-20 00:00:00,2022-07-19 23:00:00,0,17,0.0026100625,26,2021-01-01
2022-07-20 00:00:00,2022-07-19 23:00:00,-1,-3,0.0023683093,27,2021-01-01
2022-07-20 00:00:00,2022-07-19 23:00:00,-4,-3,0.0023285148,28,2021-01-01
2022-07-20 00:00:00,2022-07-19 23:00:00,-3,-3,0.0019206131,29,2021-01-01
2022-07-20 00:00:00,2022-07-19 23:00:00,-5,-2,0.0018623001,30,2021-01-01
2022-07-20 00:00:00,2022-07-19 23:00:00,7,11,0.0018228769,31,2021-01-01
2022-07-20 00:00:00,2022-07-19 23:00:00,2,-1,0.0017314177,32,2021-01-01
2022-07-20 00:00:00,2022-07-19 23:00:00,-5,-1,0.0015948891,33,2021-01-01
2022-07-20 00:00:00,2022-07-19 23:00:00,1,-3,0.0015733979,34,2021-01-01
2022-07-20 00:00:00,2022-07-19 23:00:00,-9,-5,0.0013753958,35,2021-01-01
2022-07-20 00:00:00,2022-07-19 23:00:00,0,1,0.00130489,36,2021-01-01
2022-07-20 00:00:00,2022-07-19 23:00:00,7,-4,0.0011125884,37,2021-01-01
2022-07-20 00:00:00,2022-07-19 23:00:00,-3,0,0.0009936225,38,2021-01-01
2022-07-20 00:00:00,2022-07-19 23:00:00,1,-7,0.00090672116,39,2021-01-01
2022-07-20 00:00:00,2022-07-19 23:00:00,-4,-1,0.00090544345,40,2021-01-01
2022-07-20 00:00:00,2022-07-19 23:00:00,-3,-1,0.0008732625,41,2021-01-01
2022-07-20 00:00:00,2022-07-19 23:00:00,-3,-2,0.0008635091,42,2021-01-01
2022-07-20 00:00:00,2022-07-19 23:00:00,0,9,0.0008354395,43,2021-01-01
2022-07-20 00:00:00,2022-07-19 23:00:00,-5,2,0.0008194214,44,2021-01-01
2022-07-20 00:00:00,2022-07-19 23:00:00,1,19,0.00075236894,45,2021-01-01
2022-07-20 00:00:00,2022-07-19 23:00:00,1,-2,0.00070391124,46,2021-01-01
2022-07-20 00:00:00,2022-07-19 23:00:00,0,8,0.0005914561,47,2021-01-01
2022-07-20 00:00:00,2022-07-19 23:00:00,6,5,0.00047911363,48,2021-01-01
2022-07-20 00:00:00,2022-07-19 23:00:00,10,5,0.00043425182,49,2021-01-01
2022-07-20 00:00:00,2022-07-19 23:00:00,-3,8,0.00042741277,50,2021-01-01
2022-07-20 00:00:00,2022-07-19 23:00:00,-3,13,0.00039059404,51,2021-01-01
2022-07-20 00:00:00,2022-07-19 23:00:00,1,8,0.0003658161,52,2021-01-01
2022-07-20 00:00:00,2022-07-19 23:00:00,10,3,0.00036179074,53,2021-01-01
2022-07-20 00:00:00,2022-07-19 23:00:00,-4,5,0.0003408033,54,2021-01-01
2022-07-20 00:00:00,2022-07-19 23:00:00,-6,1,0.0003299402,55,2021-01-01
2022-07-20 00:00:00,2022-07-19 23:00:00,-1,9,0.00031068333,56,2021-01-01
2022-07-20 00:00:00,2022-07-19 23:00:00,-9,0,0.00030572285,57,2021-01-01
2022-07-20 00:00:00,2022-07-19 23:00:00,-4,4,0.00029350544,58,2021-01-01
2022-07-20 00:00:00,2022-07-19 23:00:00,-6,8,0.00027686686,59,2021-01-01
2022-07-20 00:00:00,2022-07-19 23:00:00,-5,11,0.0002641559,60,2021-01-01
2022-07-20 00:00:00,2022-07-19 23:00:00,2,20,0.000262053,61,2021-01-01
2022-07-20 00:00:00,2022-07-19 23:00:00,-4,-5,0.00024941517,62,2021-01-01
2022-07-20 00:00:00,2022-07-19 23:00:00,-3,9,0.00024323126,63,2021-01-01
2022-07-20 00:00:00,2022-07-19 23:00:00,-2,10,0.00024181504,64,2021-01-01
2022-07-20 00:00:00,2022-07-19 23:00:00,-5,0,0.0002351572,65,2021-01-01
2022-07-20 00:00:00,2022-07-19 23:00:00,-4,0,0.00023253227,66,2021-01-01
2022-07-20 00:00:00,2022-07-19 23:00:00,-10,-3,0.00022898044,67,2021-01-01
2022-07-20 00:00:00,2022-07-19 23:00:00,-3,15,0.00022281027,68,2021-01-01
2022-07-20 00:00:00,2022-07-19 23:00:00,-5,4,0.00021659308,69,2021-01-01
2022-07-20 00:00:00,2022-07-19 23:00:00,-9,6,0.00021620448,70,2021-01-01
2022-07-20 00:00:00,2022-07-19 23:00:00,1,2,0.00021304518,71,2021-01-01
2022-07-20 00:00:00,2022-07-19 23:00:00,-4,3,0.0002053674,72,2021-01-01
2022-07-20 00:00:00,2022-07-19 23:00:00,4,14,0.00020334085,73,2021-01-01
2022-07-20 00:00:00,2022-07-19 23:00:00,-7,1,0.0001980609,74,2021-01-01
2022-07-20 00:00:00,2022-07-19 23:00:00,1,11,0.0001972611,75,2021-01-01
2022-07-20 00:00:00,2022-07-19 23:00:00,-8,6,0.00019203308,76,2021-01-01
2022-07-20 00:00:00,2022-07-19 23:00:00,-1,7,0.0001890564,77,2021-01-01
2022-07-20 00:00:00,2022-07-19 23:00:00,-5,15,0.00018556789,78,2021-01-01
2022-07-20 00:00:00,2022-07-19 23:00:00,-6,15,0.00018403861,79,2021-01-01
2022-07-20 00:00:00,2022-07-19 23:00:00,-6,4,0.00018290042,80,2021-01-01
2022-07-20 00:00:00,2022-07-19 23:00:00,-2,8,0.00017933604,81,2021-01-01
2022-07-20 00:00:00,2022-07-19 23:00:00,0,11,0.00017578893,82,2021-01-01
2022-07-20 00:00:00,2022-07-19 23:00:00,10,0,0.00017310865,83,2021-01-01
2022-07-20 00:00:00,2022-07-19 23:00:00,7,-5,0.0001727977,84,2021-01-01
2022-07-20 00:00:00,2022-07-19 23:00:00,1,6,0.0001666759,85,2021-01-01
2022-07-20 00:00:00,2022-07-19 23:00:00,-1,11,0.00016562612,86,2021-01-01
2022-07-20 00:00:00,2022-07-19 23:00:00,-1,8,0.00015702329,87,2021-01-01
2022-07-20 00:00:00,2022-07-19 23:00:00,-3,7,0.00015672954,88,2021-01-01
2022-07-20 00:00:00,2022-07-19 23:00:00,3,17,0.00015542255,89,2021-01-01
2022-07-20 00:00:00,2022-07-19 23:00:00,6,11,0.0001530309,90,2021-01-01
2022-07-20 00:00:00,2022-07-19 23:00:00,-2,9,0.00015029921,91,2021-01-01
2022-07-20 00:00:00,2022-07-19 23:00:00,-1,15,0.00014836011,92,2021-01-01
2022-07-20 00:00:00,2022-07-19 23:00:00,0,-5,0.0001456679,93,2021-01-01
2022-07-20 00:00:00,2022-07-19 23:00:00,-1,16,0.00014547197,94,2021-01-01
2022-07-20 00:00:00,2022-07-19 23:00:00,-9,-4,0.00014531195,95,2021-01-01
2022-07-20 00:00:00,2022-07-19 23:00:00,0,13,0.00014227879,96,2021-01-01
2022-07-20 00:00:00,2022-07-19 23:00:00,-4,2,0.0001397751,97,2021-01-01
2022-07-20 00:00:00,2022-07-19 23:00:00,2,9,0.00013951155,98,2021-01-01
2022-07-20 00:00:00,2022-07-19 23:00:00,-3,2,0.00013879432,99,2021-01-01
2022-07-20 00:00:00,2022-07-19 23:00:00,-3,12,0.00013875178,100,2021-01-01
2022-07-20 00:00:00,2022-07-19 23:00:00,-2,11,0.00013810932,101,2021-01-01
2022-07-20 00:00:00,2022-07-19 23:00:00,-3,11,0.00013511926,102,2021-01-01
2022-07-20 00:00:00,2022-07-19 23:00:00,0,14,0.00013491545,103,2021-01-01
2022-07-20 00:00:00,2022-07-19 23:00:00,5,-1,0.00013309794,104,2021-01-01
2022-07-20 00:00:00,2022-07-19 23:00:00,-1,13,0.00013299478,105,2021-01-01
2022-07-20 00:00:00,2022-07-19 23:00:00,1,9,0.00013261601,106,2021-01-01
2022-07-20 00:00:00,2022-07-19 23:00:00,0,18,0.00013217334,107,2021-01-01
2022-07-20 00:00:00,2022-07-19 23:00:00,1,20,0.00013042847,108,2021-01-01
2022-07-20 00:00:00,2022-07-19 23:00:00,9,3,0.00012985452,109,2021-01-01
2022-07-20 00:00:00,2022-07-19 23:00:00,0,19,0.00012945317,110,2021-01-01
2022-07-20 00:00:00,2022-07-19 23:00:00,-3,14,0.00012924882,111,2021-01-01
2022-07-20 00:00:00,2022-07-19 23:00:00,-9,-1,0.00012756257,112,2021-01-01
2022-07-20 00:00:00,2022-07-19 23:00:00,3,-1,0.00012482177,113,2021-01-01
2022-07-20 00:00:00,2022-07-19 23:00:00,-4,10,0.00012380861,114,2021-01-01
2022-07-20 00:00:00,2022-07-19 23:00:00,-4,12,0.00012380861,115,2021-01-01
2022-07-20 00:00:00,2022-07-19 23:00:00,-2,3,0.00012259661,116,2021-01-01
2022-07-20 00:00:00,2022-07-19 23:00:00,-2,15,0.00012174245,117,2021-01-01
2022-07-20 00:00:00,2022-07-19 23:00:00,-4,17,0.00012044704,118,2021-01-01
2022-07-20 00:00:00,2022-07-19 23:00:00,8,-1,0.00011966087,119,2021-01-01
2022-07-20 00:00:00,2022-07-19 23:00:00,-2,16,0.00011905172,120,2021-01-01
2022-07-20 00:00:00,2022-07-19 23:00:00,7,1,0.00011878537,121,2021-01-01
2022-07-20 00:00:00,2022-07-19 23:00:00,5,2,0.000118448814,122,2021-01-01
2022-07-20 00:00:00,2022-07-19 23:00:00,-1,18,0.0001182853,123,2021-01-01
2022-07-20 00:00:00,2022-07-19 23:00:00,9,0,0.00011787858,124,2021-01-01
2022-07-20 00:00:00,2022-07-19 23:00:00,-4,19,0.000117042895,125,2021-01-01
2022-07-20 00:00:00,2022-07-19 23:00:00,0,5,0.00011676259,126,2021-01-01
2022-07-20 00:00:00,2022-07-19 23:00:00,7,-1,0.00011663451,127,2021-01-01
2022-07-20 00:00:00,2022-07-19 23:00:00,8,0,0.00011649919,128,2021-01-01
2022-07-20 00:00:00,2022-07-19 23:00:00,-4,8,0.00011612379,129,2021-01-01
2022-07-20 00:00:00,2022-07-19 23:00:00,1,5,0.00011594827,130,2021-01-01
2022-07-20 00:00:00,2022-07-19 23:00:00,6,3,0.0001158867,131,2021-01-01
2022-07-20 00:00:00,2022-07-19 23:00:00,5,3,0.00011464996,132,2021-01-01
2022-07-20 00:00:00,2022-07-19 23:00:00,10,-1,0.00011448277,133,2021-01-01
2022-07-20 00:00:00,2022-07-19 23:00:00,8,1,0.000114125236,134,2021-01-01
2022-07-20 00:00:00,2022-07-19 23:00:00,9,-2,0.000114123475,135,2021-01-01
2022-07-20 00:00:00,2022-07-19 23:00:00,6,6,0.00011412336,136,2021-01-01
2022-07-20 00:00:00,2022-07-19 23:00:00,-1,5,0.00011336867,137,2021-01-01
2022-07-20 00:00:00,2022-07-19 23:00:00,-1,6,0.00011335351,138,2021-01-01
2022-07-20 00:00:00,2022-07-19 23:00:00,-1,1,0.00011206648,139,2021-01-01
2022-07-20 00:00:00,2022-07-19 23:00:00,-3,18,0.00011193615,140,2021-01-01
2022-07-20 00:00:00,2022-07-19 23:00:00,9,1,0.00011187535,141,2021-01-01
2022-07-20 00:00:00,2022-07-19 23:00:00,9,2,0.000111291294,142,2021-01-01
2022-07-20 00:00:00,2022-07-19 23:00:00,2,7,0.00011085379,143,2021-01-01
2022-07-20 00:00:00,2022-07-19 23:00:00,2,8,0.0001098533,144,2021-01-01
2022-07-20 00:00:00,2022-07-19 23:00:00,-3,1,0.0001011868,145,2021-01-01
2022-07-20 00:00:00,2022-07-19 23:00:00,-10,10,9.781296e-05,146,2021-01-01
2022-07-20 00:00:00,2022-07-19 23:00:00,-5,9,9.714308e-05,147,2021-01-01
2022-07-20 00:00:00,2022-07-19 23:00:00,-10,8,9.703753e-05,148,2021-01-01
2022-07-20 00:00:00,2022-07-19 23:00:00,8,-3,9.573217e-05,149,2021-01-01
2022-07-20 00:00:00,2022-07-19 23:00:00,-5,10,9.528288e-05,150,2021-01-01
2022-07-20 00:00:00,2022-07-19 23:00:00,-5,-3,8.877036e-05,151,2021-01-01
2022-07-20 00:00:00,2022-07-19 23:00:00,-1,3,8.815143e-05,152,2021-01-01
2022-07-20 00:00:00,2022-07-19 23:00:00,-10,-4,8.347444e-05,153,2021-01-01
2022-07-20 00:00:00,2022-07-19 23:00:00,-1,2,7.90892e-05,154,2021-01-01
2022-07-20 00:00:00,2022-07-19 23:00:00,-7,-1,7.861683e-05,155,2021-01-01
2022-07-20 00:00:00,2022-07-19 23:00:00,3,0,7.7492215e-05,156,2021-01-01
2022-07-20 00:00:00,2022-07-19 23:00:00,-1,-7,7.3865165e-05,157,2021-01-01
2022-07-20 00:00:00,2022-07-19 23:00:00,-11,-5,7.254839e-05,158,2021-01-01
2022-07-20 00:00:00,2022-07-19 23:00:00,4,-1,6.8942136e-05,159,2021-01-01
2022-07-20 00:00:00,2022-07-19 23:00:00,4,1,6.860702e-05,160,2021-01-01
2022-07-20 00:00:00,2022-07-19 23:00:00,-6,-2,6.5363616e-05,161,2021-01-01
2022-07-20 00:00:00,2022-07-19 23:00:00,-5,-5,6.497369e-05,162,2021-01-01
2022-07-20 00:00:00,2022-07-19 23:00:00,4,-6,6.3793406e-05,163,2021-01-01
2022-07-20 00:00:00,2022-07-19 23:00:00,8,-4,6.3348e-05,164,2021-01-01
2022-07-20 00:00:00,2022-07-19 23:00:00,1,1,5.8517617e-05,165,2021-01-01
2022-07-20 00:00:00,2022-07-19 23:00:00,2,-2,5.6084915e-05,166,2021-01-01
2022-07-20 00:00:00,2022-07-19 23:00:00,-11,-6,5.6079658e-05,167,2021-01-01
2022-07-20 00:00:00,2022-07-19 23:00:00,1,-5,5.604621e-05,168,2021-01-01
2022-07-20 00:00:00,2022-07-19 23:00:00,3,-3,5.5024215e-05,169,2021-01-01
2022-07-20 00:00:00,2022-07-19 23:00:00,2,-3,5.3668697e-05,170,2021-01-01
2022-07-20 00:00:00,2022-07-19 23:00:00,0,-6,5.3518976e-05,171,2021-01-01
2022-07-20 00:00:00,2022-07-19 23:00:00,-1,-6,5.3447162e-05,172,2021-01-01
2022-07-20 00:00:00,2022-07-19 23:00:00,2,-7,5.324412e-05,173,2021-01-01
2022-07-20 00:00:00,2022-07-19 23:00:00,-6,-3,5.259576e-05,174,2021-01-01
2022-07-20 00:00:00,2022-07-19 23:00:00,3,-2,5.2036718e-05,175,2021-01-01
2022-07-20 00:00:00,2022-07-19 23:00:00,3,1,4.7987065e-05,176,2021-01-01
2022-07-20 00:00:00,2022-07-19 23:00:00,0,-3,4.6678437e-05,177,2021-01-01
2022-07-20 00:00:00,2022-07-19 23:00:00,-1,-4,4.6533518e-05,178,2021-01-01
2022-07-20 00:00:00,2022-07-19 23:00:00,-5,-4,4.611521e-05,179,2021-01-01
2022-07-20 00:00:00,2022-07-19 23:00:00,-2,1,4.467157e-05,180,2021-01-01
2022-07-20 00:00:00,2022-07-19 23:00:00,-12,-5,4.3753356e-05,181,2021-01-01
2022-07-20 00:00:00,2022-07-19 23:00:00,5,-4,4.1074167e-05,182,2021-01-01
2022-07-20 00:00:00,2022-07-19 23:00:00,-4,-4,3.736678e-05,183,2021-01-01
2022-07-20 00:00:00,2022-07-19 23:00:00,5,-3,3.517423e-05,184,2021-01-01
2022-07-20 00:00:00,2022-07-19 23:00:00,4,-4,3.500816e-05,185,2021-01-01
2022-07-20 00:00:00,2022-07-19 23:00:00,-2,-5,3.379589e-05,186,2021-01-01
2022-07-23 01:00:00,2022-07-23 00:00:00,0,0,0.8273134,1,2021-01-01
2022-07-23 01:00:00,2022-07-23 00:00:00,-1,0,0.6306805,2,2021-01-01
2022-07-23 01:00:00,2022-07-23 00:00:00,0,-1,0.39586914,3,2021-01-01
2022-07-23 01:00:00,2022-07-23 00:00:00,1,0,0.27611387,4,2021-01-01
2022-07-23 01:00:00,2022-07-23 00:00:00,-1,-1,0.24283814,5,2021-01-01
2022-07-23 01:00:00,2022-07-23 00:00:00,1,-1,0.18231003,6,2021-01-01
2022-07-23 01:00:00,2022-07-23 00:00:00,2,0,0.14430922,7,2021-01-01
2022-07-23 01:00:00,2022-07-23 00:00:00,-4,-2,0.11699352,8,2021-01-01
2022-07-23 01:00:00,2022-07-23 00:00:00,-2,0,0.09983606,9,2021-01-01
2022-07-23 01:00:00,2022-07-23 00:00:00,-2,13,0.098043956,10,2021-01-01
2022-07-23 01:00:00,2022-07-23 00:00:00,6,-4,0.09686398,11,2021-01-01
2022-07-23 01:00:00,2022-07-23 00:00:00,-3,-4,0.09350282,12,2021-01-01
2022-07-23 01:00:00,2022-07-23 00:00:00,-2,-3,0.08628425,13,2021-01-01
2022-07-23 01:00:00,2022-07-23 00:00:00,2,1,0.046361133,14,2021-01-01
2022-07-23 01:00:00,2022-07-23 00:00:00,-2,-4,0.040928897,15,2021-01-01
2022-07-23 01:00:00,2022-07-23 00:00:00,-2,-1,0.040906746,16,2021-01-01
2022-07-23 01:00:00,2022-07-23 00:00:00,-4,-3,0.03565534,17,2021-01-01
2022-07-23 01:00:00,2022-07-23 00:00:00,0,12,0.034597438,18,2021-01-01
2022-07-23 01:00:00,2022-07-23 00:00:00,-2,-2,0.029704625,19,2021-01-01
2022-07-23 01:00:00,2022-07-23 00:00:00,-5,-1,0.026423113,20,2021-01-01
2022-07-23 01:00:00,2022-07-23 00:00:00,-5,-2,0.026124746,21,2021-01-01
2022-07-23 01:00:00,2022-07-23 00:00:00,-3,-3,0.02518695,22,2021-01-01
2022-07-23 01:00:00,2022-07-23 00:00:00,0,1,0.021059541,23,2021-01-01
2022-07-23 01:00:00,2022-07-23 00:00:00,0,-2,0.01708877,24,2021-01-01
2022-07-23 01:00:00,2022-07-23 00:00:00,-1,-2,0.012286264,25,2021-01-01
2022-07-23 01:00:00,2022-07-23 00:00:00,-3,-2,0.010726261,26,2021-01-01
2022-07-23 01:00:00,2022-07-23 00:00:00,-3,0,0.009683167,27,2021-01-01
2022-07-23 01:00:00,2022-07-23 00:00:00,7,4,0.009546979,28,2021-01-01
2022-07-23 01:00:00,2022-07-23 00:00:00,-5,1,0.008794362,29,2021-01-01
2022-07-23 01:00:00,2022-07-23 00:00:00,-1,-3,0.0068227164,30,2021-01-01
2022-07-23 01:00:00,2022-07-23 00:00:00,5,-2,0.0053983536,31,2021-01-01
2022-07-23 01:00:00,2022-07-23 00:00:00,2,-1,0.004051332,32,2021-01-01
2022-07-23 01:00:00,2022-07-23 00:00:00,-4,-1,0.0038838238,33,2021-01-01
2022-07-23 01:00:00,2022-07-23 00:00:00,2,-6,0.003481197,34,2021-01-01
2022-07-23 01:00:00,2022-07-23 00:00:00,-3,-1,0.0033271862,35,2021-01-01
2022-07-23 01:00:00,2022-07-23 00:00:00,7,-4,0.0020032886,36,2021-01-01
2022-07-23 01:00:00,2022-07-23 00:00:00,1,-3,0.0017160027,37,2021-01-01
2022-07-23 01:00:00,2022-07-23 00:00:00,6,-3,0.0016473414,38,2021-01-01
2022-07-23 01:00:00,2022-07-23 00:00:00,-9,-5,0.0015595903,39,2021-01-01
2022-07-23 01:00:00,2022-07-23 00:00:00,-4,0,0.0013707333,40,2021-01-01
2022-07-23 01:00:00,2022-07-23 00:00:00,0,17,0.00135516,41,2021-01-01
2022-07-23 01:00:00,2022-07-23 00:00:00,1,-2,0.0012935796,42,2021-01-01
2022-07-23 01:00:00,2022-07-23 00:00:00,7,11,0.001128797,43,2021-01-01
2022-07-23 01:00:00,2022-07-23 00:00:00,-4,-5,0.00073337083,44,2021-01-01
2022-07-23 01:00:00,2022-07-23 00:00:00,-10,-3,0.00070173695,45,2021-01-01
2022-07-23 01:00:00,2022-07-23 00:00:00,10,5,0.00054330984,46,2021-01-01
2022-07-23 01:00:00,2022-07-23 00:00:00,-5,-3,0.0005186326,47,2021-01-01
2022-07-23 01:00:00,2022-07-23 00:00:00,0,-5,0.00050372764,48,2021-01-01
2022-07-23 01:00:00,2022-07-23 00:00:00,-3,1,0.0004426941,49,2021-01-01
2022-07-23 01:00:00,2022-07-23 00:00:00,-5,0,0.0004330163,50,2021-01-01
2022-07-23 01:00:00,2022-07-23 00:00:00,0,9,0.00043169432,51,2021-01-01
2022-07-23 01:00:00,2022-07-23 00:00:00,10,3,0.0004130143,52,2021-01-01
2022-07-23 01:00:00,2022-07-23 00:00:00,-5,2,0.00039991722,53,2021-01-01
2022-07-23 01:00:00,2022-07-23 00:00:00,0,8,0.00036379043,54,2021-01-01
2022-07-23 01:00:00,2022-07-23 00:00:00,-9,-4,0.00030103698,55,2021-01-01
2022-07-23 01:00:00,2022-07-23 00:00:00,1,-7,0.00028620884,56,2021-01-01
2022-07-23 01:00:00,2022-07-23 00:00:00,-5,4,0.0002834321,57,2021-01-01
2022-07-23 01:00:00,2022-07-23 00:00:00,-9,0,0.0002543407,58,2021-01-01
2022-07-23 01:00:00,2022-07-23 00:00:00,6,5,0.00025245294,59,2021-01-01
2022-07-23 01:00:00,2022-07-23 00:00:00,-9,-1,0.00024818626,60,2021-01-01
2022-07-23 01:00:00,2022-07-23 00:00:00,1,2,0.00024080224,61,2021-01-01
2022-07-23 01:00:00,2022-07-23 00:00:00,-6,1,0.00023729703,62,2021-01-01
2022-07-23 01:00:00,2022-07-23 00:00:00,1,8,0.00023644858,63,2021-01-01
2022-07-23 01:00:00,2022-07-23 00:00:00,-7,-1,0.0002298114,64,2021-01-01
2022-07-23 01:00:00,2022-07-23 00:00:00,-7,1,0.00022892196,65,2021-01-01
2022-07-23 01:00:00,2022-07-23 00:00:00,-3,13,0.00021810671,66,2021-01-01
2022-07-23 01:00:00,2022-07-23 00:00:00,1,19,0.00021723249,67,2021-01-01
2022-07-23 01:00:00,2022-07-23 00:00:00,-1,1,0.00021061693,68,2021-01-01
2022-07-23 01:00:00,2022-07-23 00:00:00,-6,8,0.00019248528,69,2021-01-01
2022-07-23 01:00:00,2022-07-23 00:00:00,-3,8,0.00019049553,70,2021-01-01
2022-07-23 01:00:00,2022-07-23 00:00:00,-4,4,0.00018803944,71,2021-01-01
2022-07-23 01:00:00,2022-07-23 00:00:00,-5,11,0.00018780795,72,2021-01-01
2022-07-23 01:00:00,2022-07-23 00:00:00,7,-5,0.00018536962,73,2021-01-01
2022-07-23 01:00:00,2022-07-23 00:00:00,-4,5,0.00018298044,74,2021-01-01
2022-07-23 01:00:00,2022-07-23 00:00:00,-6,-2,0.00017693189,75,2021-01-01
2022-07-23 01:00:00,2022-07-23 00:00:00,3,-1,0.00016941589,76,2021-01-01
2022-07-23 01:00:00,2022-07-23 00:00:00,-6,-3,0.00016788459,77,2021-01-01
2022-07-23 01:00:00,2022-07-23 00:00:00,-9,6,0.00016332371,78,2021-01-01
2022-07-23 01:00:00,2022-07-23 00:00:00,-4,3,0.00015949829,79,2021-01-01
2022-07-23 01:00:00,2022-07-23 00:00:00,2,20,0.00014926553,80,2021-01-01
2022-07-23 01:00:00,2022-07-23 00:00:00,-5,-4,0.00014494856,81,2021-01-01
2022-07-23 01:00:00,2022-07-23 00:00:00,-4,2,0.00014318111,82,2021-01-01
2022-07-23 01:00:00,2022-07-23 00:00:00,-10,-4,0.00014270817,83,2021-01-01
2022-07-23 01:00:00,2022-07-23 00:00:00,-2,10,0.00014132744,84,2021-01-01
2022-07-23 01:00:00,2022-07-23 00:00:00,5,-1,0.00014076217,85,2021-01-01
2022-07-23 01:00:00,2022-07-23 00:00:00,-3,15,0.00013500002,86,2021-01-01
2022-07-23 01:00:00,2022-07-23 00:00:00,-1,9,0.00013464665,87,2021-01-01
2022-07-23 01:00:00,2022-07-23 00:00:00,-5,-5,0.00012972437,88,2021-01-01
2022-07-23 01:00:00,2022-07-23 00:00:00,-8,6,0.00012923629,89,2021-01-01
2022-07-23 01:00:00,2022-07-23 00:00:00,0,-3,0.00012840284,90,2021-01-01
2022-07-23 01:00:00,2022-07-23 00:00:00,-5,15,0.00012730836,91,2021-01-01
2022-07-23 01:00:00,2022-07-23 00:00:00,1,6,0.00012444564,92,2021-01-01
2022-07-23 01:00:00,2022-07-23 00:00:00,-4,-4,0.00012404728,93,2021-01-01
2022-07-23 01:00:00,2022-07-23 00:00:00,-3,2,0.00012343253,94,2021-01-01
2022-07-23 01:00:00,2022-07-23 00:00:00,10,0,0.00012261014,95,2021-01-01
2022-07-23 01:00:00,2022-07-23 00:00:00,-1,7,0.00011957381,96,2021-01-01
2022-07-23 01:00:00,2022-07-23 00:00:00,-2,1,0.00011922437,97,2021-01-01
2022-07-23 01:00:00,2022-07-23 00:00:00,-6,15,0.00011787005,98,2021-01-01
2022-07-23 01:00:00,2022-07-23 00:00:00,-12,-5,0.000115159135,99,2021-01-01
2022-07-23 01:00:00,2022-07-23 00:00:00,9,3,0.00011325196,100,2021-01-01
2022-07-23 01:00:00,2022-07-23 00:00:00,-1,2,0.00010734914,101,2021-01-01
2022-07-23 01:00:00,2022-07-23 00:00:00,6,11,0.000106156025,102,2021-01-01
2022-07-23 01:00:00,2022-07-23 00:00:00,4,-1,0.000105234234,103,2021-01-01
2022-07-23 01:00:00,2022-07-23 00:00:00,3,0,0.000104842395,104,2021-01-01
2022-07-23 01:00:00,2022-07-23 00:00:00,-11,-5,0.00010374112,105,2021-01-01
2022-07-23 01:00:00,2022-07-23 00:00:00,-4,19,0.00010010123,106,2021-01-01
2022-07-23 01:00:00,2022-07-23 00:00:00,-1,15,9.74368e-05,107,2021-01-01
2022-07-23 01:00:00,2022-07-23 00:00:00,-1,16,9.74368e-05,108,2021-01-01
2022-07-23 01:00:00,2022-07-23 00:00:00,-1,13,9.700834e-05,109,2021-01-01
2022-07-23 01:00:00,2022-07-23 00:00:00,-10,8,9.679105e-05,110,2021-01-01
2022-07-23 01:00:00,2022-07-23 00:00:00,-11,-6,9.6356875e-05,111,2021-01-01
2022-07-23 01:00:00,2022-07-23 00:00:00,-6,4,9.579855e-05,112,2021-01-01
2022-07-23 01:00:00,2022-07-23 00:00:00,3,17,9.548899e-05,113,2021-01-01
2022-07-23 01:00:00,2022-07-23 00:00:00,1,11,9.472858e-05,114,2021-01-01
2022-07-23 01:00:00,2022-07-23 00:00:00,4,14,9.456173e-05,115,2021-01-01
2022-07-23 01:00:00,2022-07-23 00:00:00,-1,18,9.2737464e-05,116,2021-01-01
2022-07-23 01:00:00,2022-07-23 00:00:00,2,9,9.1722926e-05,117,2021-01-01
2022-07-23 01:00:00,2022-07-23 00:00:00,-10,10,9.1696515e-05,118,2021-01-01
2022-07-23 01:00:00,2022-07-23 00:00:00,2,7,9.15672e-05,119,2021-01-01
2022-07-23 01:00:00,2022-07-23 00:00:00,6,6,8.955423e-05,120,2021-01-01
2022-07-23 01:00:00,2022-07-23 00:00:00,1,1,8.866832e-05,121,2021-01-01
2022-07-23 01:00:00,2022-07-23 00:00:00,-1,11,8.8535664e-05,122,2021-01-01
2022-07-23 01:00:00,2022-07-23 00:00:00,1,20,8.814994e-05,123,2021-01-01
2022-07-23 01:00:00,2022-07-23 00:00:00,-1,3,8.629169e-05,124,2021-01-01
2022-07-23 01:00:00,2022-07-23 00:00:00,-3,14,8.557964e-05,125,2021-01-01
2022-07-23 01:00:00,2022-07-23 00:00:00,0,19,8.462148e-05,126,2021-01-01
2022-07-23 01:00:00,2022-07-23 00:00:00,-2,-5,8.423579e-05,127,2021-01-01
2022-07-23 01:00:00,2022-07-23 00:00:00,-2,15,8.378513e-05,128,2021-01-01
2022-07-23 01:00:00,2022-07-23 00:00:00,0,13,8.361725e-05,129,2021-01-01
2022-07-23 01:00:00,2022-07-23 00:00:00,0,14,8.361725e-05,130,2021-01-01
2022-07-23 01:00:00,2022-07-23 00:00:00,0,11,8.358408e-05,131,2021-01-01
2022-07-23 01:00:00,2022-07-23 00:00:00,-2,11,8.309996e-05,132,2021-01-01
2022-07-23 01:00:00,2022-07-23 00:00:00,-2,16,8.304118e-05,133,2021-01-01
2022-07-23 01:00:00,2022-07-23 00:00:00,-3,12,8.261128e-05,134,2021-01-01
2022-07-23 01:00:00,2022-07-23 00:00:00,-2,3,8.2184815e-05,135,2021-01-01
2022-07-23 01:00:00,2022-07-23 00:00:00,-1,-4,8.197321e-05,136,2021-01-01
2022-07-23 01:00:00,2022-07-23 00:00:00,-2,9,8.1666185e-05,137,2021-01-01
2022-07-23 01:00:00,2022-07-23 00:00:00,10,-1,8.1426035e-05,138,2021-01-01
2022-07-23 01:00:00,2022-07-23 00:00:00,2,8,8.071764e-05,139,2021-01-01
2022-07-23 01:00:00,2022-07-23 00:00:00,-4,12,8.068245e-05,140,2021-01-01
2022-07-23 01:00:00,2022-07-23 00:00:00,-3,11,8.060263e-05,141,2021-01-01
2022-07-23 01:00:00,2022-07-23 00:00:00,-3,7,8.034589e-05,142,2021-01-01
2022-07-23 01:00:00,2022-07-23 00:00:00,8,-3,7.9626465e-05,143,2021-01-01
2022-07-23 01:00:00,2022-07-23 00:00:00,0,18,7.960406e-05,144,2021-01-01
2022-07-23 01:00:00,2022-07-23 00:00:00,-1,5,7.9443846e-05,145,2021-01-01
2022-07-23 01:00:00,2022-07-23 00:00:00,8,1,7.9443846e-05,146,2021-01-01
2022-07-23 01:00:00,2022-07-23 00:00:00,1,9,7.9250836e-05,147,2021-01-01
2022-07-23 01:00:00,2022-07-23 00:00:00,9,0,7.8862795e-05,148,2021-01-01
2022-07-23 01:00:00,2022-07-23 00:00:00,9,-2,7.885154e-05,149,2021-01-01
2022-07-23 01:00:00,2022-07-23 00:00:00,8,-4,7.884162e-05,150,2021-01-01
2022-07-23 01:00:00,2022-07-23 00:00:00,-1,6,7.8626814e-05,151,2021-01-01
2022-07-23 01:00:00,2022-07-23 00:00:00,-3,9,7.859227e-05,152,2021-01-01
2022-07-23 01:00:00,2022-07-23 00:00:00,-4,10,7.837514e-05,153,2021-01-01
2022-07-23 01:00:00,2022-07-23 00:00:00,-3,18,7.8231555e-05,154,2021-01-01
2022-07-23 01:00:00,2022-07-23 00:00:00,1,5,7.807774e-05,155,2021-01-01
2022-07-23 01:00:00,2022-07-23 00:00:00,8,0,7.8021425e-05,156,2021-01-01
2022-07-23 01:00:00,2022-07-23 00:00:00,7,1,7.800952e-05,157,2021-01-01
2022-07-23 01:00:00,2022-07-23 00:00:00,8,-1,7.784819e-05,158,2021-01-01
2022-07-23 01:00:00,2022-07-23 00:00:00,6,3,7.770284e-05,159,2021-01-01
2022-07-23 01:00:00,2022-07-23 00:00:00,0,5,7.736494e-05,160,2021-01-01
2022-07-23 01:00:00,2022-07-23 00:00:00,-5,9,7.73413e-05,161,2021-01-01
2022-07-23 01:00:00,2022-07-23 00:00:00,-5,10,7.73413e-05,162,2021-01-01
2022-07-23 01:00:00,2022-07-23 00:00:00,-4,17,7.696085e-05,163,2021-01-01
2022-07-23 01:00:00,2022-07-23 00:00:00,-1,8,7.68307e-05,164,2021-01-01
2022-07-23 01:00:00,2022-07-23 00:00:00,9,1,7.632901e-05,165,2021-01-01
2022-07-23 01:00:00,2022-07-23 00:00:00,7,-1,7.6096e-05,166,2021-01-01
2022-07-23 01:00:00,2022-07-23 00:00:00,9,2,7.581188e-05,167,2021-01-01
2022-07-23 01:00:00,2022-07-23 00:00:00,3,-3,7.5753196e-05,168,2021-01-01
2022-07-23 01:00:00,2022-07-23 00:00:00,-4,8,7.532321e-05,169,2021-01-01
2022-07-23 01:00:00,2022-07-23 00:00:00,-2,8,7.528412e-05,170,2021-01-01
2022-07-23 01:00:00,2022-07-23 00:00:00,5,3,7.505481e-05,171,2021-01-01
2022-07-23 01:00:00,2022-07-23 00:00:00,2,-3,7.28408e-05,172,2021-01-01
2022-07-23 01:00:00,2022-07-23 00:00:00,1,-5,6.812292e-05,173,2021-01-01
2022-07-23 01:00:00,2022-07-23 00:00:00,5,-4,6.612662e-05,174,2021-01-01
2022-07-23 01:00:00,2022-07-23 00:00:00,5,2,6.517238e-05,175,2021-01-01
2022-07-23 01:00:00,2022-07-23 00:00:00,2,-2,6.406176e-05,176,2021-01-01
2022-07-23 01:00:00,2022-07-23 00:00:00,3,-2,6.35168e-05,177,2021-01-01
2022-07-23 01:00:00,2022-07-23 00:00:00,5,-3,6.0429844e-05,178,2021-01-01
2022-07-23 01:00:00,2022-07-23 00:00:00,3,1,5.970715e-05,179,2021-01-01
2022-07-23 01:00:00,2022-07-23 00:00:00,4,1,5.938909e-05,180,2021-01-01
2022-07-23 01:00:00,2022-07-23 00:00:00,-1,-7,5.8616453e-05,181,2021-01-01
2022-07-23 01:00:00,2022-07-23 00:00:00,4,-4,5.4040032e-05,182,2021-01-01
2022-07-23 01:00:00,2022-07-23 00:00:00,-1,-6,4.5989644e-05,183,2021-01-01
2022-07-23 01:00:00,2022-07-23 00:00:00,0,-6,4.541469e-05,184,2021-01-01
2022-07-23 01:00:00,2022-07-23 00:00:00,4,-6,4.2274187e-05,185,2021-01-01
2022-07-23 01:00:00,2022-07-23 00:00:00,2,-7,3.641328e-05,186,2021-01-01
2022-07-26 00:00:00,2022-07-25 23:00:00,0,0,0.4043434,1,2021-01-01
2022-07-26 00:00:00,2022-07-25 23:00:00,0,-1,0.39954877,2,2021-01-01
2022-07-26 00:00:00,2022-07-25 23:00:00,-1,0,0.36155084,3,2021-01-01
2022-07-26 00:00:00,2022-07-25 23:00:00,-4,-2,0.06441767,4,2021-01-01
2022-07-26 00:00:00,2022-07-25 23:00:00,-1,-1,0.063236855,5,2021-01-01
2022-07-26 00:00:00,2022-07-25 23:00:00,1,0,0.057159986,6,2021-01-01
2022-07-26 00:00:00,2022-07-25 23:00:00,1,-1,0.04976998,7,2021-01-01
2022-07-26 00:00:00,2022-07-25 23:00:00,6,-4,0.04662134,8,2021-01-01
2022-07-26 00:00:00,2022-07-25 23:00:00,-2,-3,0.04083881,9,2021-01-01
2022-07-26 00:00:00,2022-07-25 23:00:00,-3,-4,0.039762545,10,2021-01-01
2022-07-26 00:00:00,2022-07-25 23:00:00,-2,0,0.03806919,11,2021-01-01
2022-07-26 00:00:00,2022-07-25 23:00:00,0,12,0.02065307,12,2021-01-01
2022-07-26 00:00:00,2022-07-25 23:00:00,-2,-1,0.017774418,13,2021-01-01
2022-07-26 00:00:00,2022-07-25 23:00:00,-2,-2,0.016982244,14,2021-01-01
2022-07-26 00:00:00,2022-07-25 23:00:00,-2,-4,0.016901115,15,2021-01-01
2022-07-26 00:00:00,2022-07-25 23:00:00,-4,-3,0.0137448115,16,2021-01-01
2022-07-26 00:00:00,2022-07-25 23:00:00,2,0,0.013257659,17,2021-01-01
2022-07-26 00:00:00,2022-07-25 23:00:00,-1,-3,0.012747585,18,2021-01-01
2022-07-26 00:00:00,2022-07-25 23:00:00,0,-2,0.011098138,19,2021-01-01
2022-07-26 00:00:00,2022-07-25 23:00:00,-1,-2,0.010956855,20,2021-01-01
2022-07-26 00:00:00,2022-07-25 23:00:00,-5,-1,0.010747403,21,2021-01-01
2022-07-26 00:00:00,2022-07-25 23:00:00,-3,-3,0.01060464,22,2021-01-01
2022-07-26 00:00:00,2022-07-25 23:00:00,-5,-2,0.00871556,23,2021-01-01
2022-07-26 00:00:00,2022-07-25 23:00:00,2,1,0.008435133,24,2021-01-01
2022-07-26 00:00:00,2022-07-25 23:00:00,2,-6,0.007153246,25,2021-01-01
2022-07-26 00:00:00,2022-07-25 23:00:00,-2,13,0.007011414,26,2021-01-01
2022-07-26 00:00:00,2022-07-25 23:00:00,-3,0,0.006885827,27,2021-01-01
2022-07-26 00:00:00,2022-07-25 23:00:00,7,4,0.0059534474,28,2021-01-01
2022-07-26 00:00:00,2022-07-25 23:00:00,5,-2,0.005706804,29,2021-01-01
2022-07-26 00:00:00,2022-07-25 23:00:00,0,1,0.0046629906,30,2021-01-01
2022-07-26 00:00:00,2022-07-25 23:00:00,-5,1,0.0040136795,31,2021-01-01
2022-07-26 00:00:00,2022-07-25 23:00:00,-4,-1,0.003631151,32,2021-01-01
2022-07-26 00:00:00,2022-07-25 23:00:00,-3,-1,0.0029817752,33,2021-01-01
2022-07-26 00:00:00,2022-07-25 23:00:00,2,-1,0.0025566835,34,2021-01-01
2022-07-26 00:00:00,2022-07-25 23:00:00,-3,-2,0.0024485227,35,2021-01-01
2022-07-26 00:00:00,2022-07-25 23:00:00,6,-3,0.002049623,36,2021-01-01
2022-07-26 00:00:00,2022-07-25 23:00:00,1,-2,0.0017354721,37,2021-01-01
2022-07-26 00:00:00,2022-07-25 23:00:00,-9,-5,0.0016870936,38,2021-01-01
2022-07-26 00:00:00,2022-07-25 23:00:00,1,-3,0.001658593,39,2021-01-01
2022-07-26 00:00:00,2022-07-25 23:00:00,7,-4,0.0015081838,40,2021-01-01
2022-07-26 00:00:00,2022-07-25 23:00:00,7,11,0.0012470133,41,2021-01-01
2022-07-26 00:00:00,2022-07-25 23:00:00,0,17,0.0012178761,42,2021-01-01
2022-07-26 00:00:00,2022-07-25 23:00:00,-4,0,0.0009835417,43,2021-01-01
2022-07-26 00:00:00,2022-07-25 23:00:00,-4,-5,0.0009783128,44,2021-01-01
2022-07-26 00:00:00,2022-07-25 23:00:00,1,-7,0.0008290263,45,2021-01-01
2022-07-26 00:00:00,2022-07-25 23:00:00,-10,-3,0.0005693852,46,2021-01-01
2022-07-26 00:00:00,2022-07-25 23:00:00,-3,1,0.00056586997,47,2021-01-01
2022-07-26 00:00:00,2022-07-25 23:00:00,0,9,0.0004931758,48,2021-01-01
2022-07-26 00:00:00,2022-07-25 23:00:00,10,5,0.0004571769,49,2021-01-01
2022-07-26 00:00:00,2022-07-25 23:00:00,0,8,0.0004462572,50,2021-01-01
2022-07-26 00:00:00,2022-07-25 23:00:00,1,2,0.00043170014,51,2021-01-01
2022-07-26 00:00:00,2022-07-25 23:00:00,10,3,0.000410769,52,2021-01-01
2022-07-26 00:00:00,2022-07-25 23:00:00,-5,2,0.00036473913,53,2021-01-01
2022-07-26 00:00:00,2022-07-25 23:00:00,5,-1,0.00035838445,54,2021-01-01
2022-07-26 00:00:00,2022-07-25 23:00:00,0,-5,0.00034960682,55,2021-01-01
2022-07-26 00:00:00,2022-07-25 23:00:00,-5,0,0.00034184943,56,2021-01-01
2022-07-26 00:00:00,2022-07-25 23:00:00,-5,-3,0.00032913414,57,2021-01-01
2022-07-26 00:00:00,2022-07-25 23:00:00,1,8,0.00032243397,58,2021-01-01
2022-07-26 00:00:00,2022-07-25 23:00:00,-1,1,0.0003176123,59,2021-01-01
2022-07-26 00:00:00,2022-07-25 23:00:00,-5,11,0.00031536713,60,2021-01-01
2022-07-26 00:00:00,2022-07-25 23:00:00,1,19,0.00029363998,61,2021-01-01
2022-07-26 00:00:00,2022-07-25 23:00:00,7,-5,0.00029160318,62,2021-01-01
2022-07-26 00:00:00,2022-07-25 23:00:00,-3,8,0.00027591363,63,2021-01-01
2022-07-26 00:00:00,2022-07-25 23:00:00,-4,4,0.00026777564,64,2021-01-01
2022-07-26 00:00:00,2022-07-25 23:00:00,-6,8,0.00026569763,65,2021-01-01
2022-07-26 00:00:00,2022-07-25 23:00:00,-3,13,0.00026296722,66,2021-01-01
2022-07-26 00:00:00,2022-07-25 23:00:00,-9,-4,0.00025667195,67,2021-01-01
2022-07-26 00:00:00,2022-07-25 23:00:00,-4,3,0.00025398514,68,2021-01-01
2022-07-26 00:00:00,2022-07-25 23:00:00,-4,5,0.00025099298,69,2021-01-01
2022-07-26 00:00:00,2022-07-25 23:00:00,6,5,0.00023950294,70,2021-01-01
2022-07-26 00:00:00,2022-07-25 23:00:00,3,-1,0.00023860298,71,2021-01-01
2022-07-26 00:00:00,2022-07-25 23:00:00,2,20,0.00023682685,72,2021-01-01
2022-07-26 00:00:00,2022-07-25 23:00:00,-2,10,0.00023434592,73,2021-01-01
2022-07-26 00:00:00,2022-07-25 23:00:00,-1,9,0.00023065346,74,2021-01-01
2022-07-26 00:00:00,2022-07-25 23:00:00,-1,-7,0.00022763018,75,2021-01-01
2022-07-26 00:00:00,2022-07-25 23:00:00,4,-1,0.00022677,76,2021-01-01
2022-07-26 00:00:00,2022-07-25 23:00:00,-3,15,0.00022255587,77,2021-01-01
2022-07-26 00:00:00,2022-07-25 23:00:00,1,6,0.00022060731,78,2021-01-01
2022-07-26 00:00:00,2022-07-25 23:00:00,10,0,0.00020042398,79,2021-01-01
2022-07-26 00:00:00,2022-07-25 23:00:00,-5,4,0.0001798912,80,2021-01-01
2022-07-26 00:00:00,2022-07-25 23:00:00,-6,15,0.00017752126,81,2021-01-01
2022-07-26 00:00:00,2022-07-25 23:00:00,-1,7,0.0001759701,82,2021-01-01
2022-07-26 00:00:00,2022-07-25 23:00:00,-9,-1,0.00017466462,83,2021-01-01
2022-07-26 00:00:00,2022-07-25 23:00:00,-9,0,0.00017371953,84,2021-01-01
2022-07-26 00:00:00,2022-07-25 23:00:00,-6,1,0.00017330034,85,2021-01-01
2022-07-26 00:00:00,2022-07-25 23:00:00,-4,-4,0.00017095072,86,2021-01-01
2022-07-26 00:00:00,2022-07-25 23:00:00,3,0,0.00017053146,87,2021-01-01
2022-07-26 00:00:00,2022-07-25 23:00:00,-7,1,0.00016720848,88,2021-01-01
2022-07-26 00:00:00,2022-07-25 23:00:00,-5,15,0.00016634054,89,2021-01-01
2022-07-26 00:00:00,2022-07-25 23:00:00,-7,-1,0.00016394658,90,2021-01-01
2022-07-26 00:00:00,2022-07-25 23:00:00,0,-3,0.00016212856,91,2021-01-01
2022-07-26 00:00:00,2022-07-25 23:00:00,-2,1,0.00015531648,92,2021-01-01
2022-07-26 00:00:00,2022-07-25 23:00:00,-6,-2,0.00014955837,93,2021-01-01
2022-07-26 00:00:00,2022-07-25 23:00:00,-8,6,0.00014920604,94,2021-01-01
2022-07-26 00:00:00,2022-07-25 23:00:00,-5,-4,0.00014464965,95,2021-01-01
2022-07-26 00:00:00,2022-07-25 23:00:00,-6,-3,0.00014129584,96,2021-01-01
2022-07-26 00:00:00,2022-07-25 23:00:00,-1,2,0.00013927888,97,2021-01-01
2022-07-26 00:00:00,2022-07-25 23:00:00,-5,-5,0.00013588394,98,2021-01-01
2022-07-26 00:00:00,2022-07-25 23:00:00,-2,-5,0.00013548948,99,2021-01-01
2022-07-26 00:00:00,2022-07-25 23:00:00,3,1,0.0001327247,100,2021-01-01
2022-07-26 00:00:00,2022-07-25 23:00:00,2,9,0.00013260134,101,2021-01-01
2022-07-26 00:00:00,2022-07-25 23:00:00,4,-4,0.00013129441,102,2021-01-01
2022-07-26 00:00:00,2022-07-25 23:00:00,-12,-5,0.00013117975,103,2021-01-01
2022-07-26 00:00:00,2022-07-25 23:00:00,-10,-4,0.00013073988,104,2021-01-01
2022-07-26 00:00:00,2022-07-25 23:00:00,9,3,0.00012988814,105,2021-01-01
2022-07-26 00:00:00,2022-07-25 23:00:00,1,1,0.0001290844,106,2021-01-01
2022-07-26 00:00:00,2022-07-25 23:00:00,-4,2,0.00012906098,107,2021-01-01
2022-07-26 00:00:00,2022-07-25 23:00:00,4,14,0.00012802026,108,2021-01-01
2022-07-26 00:00:00,2022-07-25 23:00:00,-11,-5,0.00012776656,109,2021-01-01
2022-07-26 00:00:00,2022-07-25 23:00:00,-1,-4,0.00012706331,110,2021-01-01
2022-07-26 00:00:00,2022-07-25 23:00:00,4,1,0.00012627269,111,2021-01-01
2022-07-26 00:00:00,2022-07-25 23:00:00,4,-6,0.00012530806,112,2021-01-01
2022-07-26 00:00:00,2022-07-25 23:00:00,-3,2,0.00012516924,113,2021-01-01
2022-07-26 00:00:00,2022-07-25 23:00:00,-1,3,0.0001224982,114,2021-01-01
2022-07-26 00:00:00,2022-07-25 23:00:00,2,8,0.00011840212,115,2021-01-01
2022-07-26 00:00:00,2022-07-25 23:00:00,6,3,0.000116951676,116,2021-01-01
2022-07-26 00:00:00,2022-07-25 23:00:00,2,-3,0.00011667918,117,2021-01-01
2022-07-26 00:00:00,2022-07-25 23:00:00,-1,-6,0.00011646929,118,2021-01-01
2022-07-26 00:00:00,2022-07-25 23:00:00,5,3,0.000115930925,119,2021-01-01
2022-07-26 00:00:00,2022-07-25 23:00:00,3,17,0.00011512622,120,2021-01-01
2022-07-26 00:00:00,2022-07-25 23:00:00,-11,-6,0.00011489356,121,2021-01-01
2022-07-26 00:00:00,2022-07-25 23:00:00,1,11,0.000114418704,122,2021-01-01
2022-07-26 00:00:00,2022-07-25 23:00:00,6,6,0.000114254224,123,2021-01-01
2022-07-26 00:00:00,2022-07-25 23:00:00,2,7,0.00011377317,124,2021-01-01
2022-07-26 00:00:00,2022-07-25 23:00:00,-1,11,0.00011364258,125,2021-01-01
2022-07-26 00:00:00,2022-07-25 23:00:00,-1,13,0.00011364258,126,2021-01-01
2022-07-26 00:00:00,2022-07-25 23:00:00,-4,19,0.000113284004,127,2021-01-01
2022-07-26 00:00:00,2022-07-25 23:00:00,9,0,0.000113208975,128,2021-01-01
2022-07-26 00:00:00,2022-07-25 23:00:00,-6,4,0.00011307746,129,2021-01-01
2022-07-26 00:00:00,2022-07-25 23:00:00,5,-3,0.000112818576,130,2021-01-01
2022-07-26 00:00:00,2022-07-25 23:00:00,6,11,0.00011272361,131,2021-01-01
2022-07-26 00:00:00,2022-07-25 23:00:00,5,2,0.00011271747,132,2021-01-01
2022-07-26 00:00:00,2022-07-25 23:00:00,8,-1,0.00011198299,133,2021-01-01
2022-07-26 00:00:00,2022-07-25 23:00:00,-1,8,0.00011150861,134,2021-01-01
2022-07-26 00:00:00,2022-07-25 23:00:00,0,-6,0.0001113205,135,2021-01-01
2022-07-26 00:00:00,2022-07-25 23:00:00,1,9,0.00011117661,136,2021-01-01
2022-07-26 00:00:00,2022-07-25 23:00:00,8,0,0.000110452245,137,2021-01-01
2022-07-26 00:00:00,2022-07-25 23:00:00,1,5,0.000110433764,138,2021-01-01
2022-07-26 00:00:00,2022-07-25 23:00:00,-2,3,0.000110260364,139,2021-01-01
2022-07-26 00:00:00,2022-07-25 23:00:00,-2,9,0.000110046065,140,2021-01-01
2022-07-26 00:00:00,2022-07-25 23:00:00,-2,11,0.000110046065,141,2021-01-01
2022-07-26 00:00:00,2022-07-25 23:00:00,9,1,0.00010986301,142,2021-01-01
2022-07-26 00:00:00,2022-07-25 23:00:00,-4,12,0.000109614804,143,2021-01-01
2022-07-26 00:00:00,2022-07-25 23:00:00,1,-5,0.000109596935,144,2021-01-01
2022-07-26 00:00:00,2022-07-25 23:00:00,2,-7,0.000109529596,145,2021-01-01
2022-07-26 00:00:00,2022-07-25 23:00:00,-3,9,0.00010902187,146,2021-01-01
2022-07-26 00:00:00,2022-07-25 23:00:00,-3,11,0.00010902187,147,2021-01-01
2022-07-26 00:00:00,2022-07-25 23:00:00,-3,12,0.00010902187,148,2021-01-01
2022-07-26 00:00:00,2022-07-25 23:00:00,-3,14,0.00010902187,149,2021-01-01
2022-07-26 00:00:00,2022-07-25 23:00:00,1,20,0.00010871169,150,2021-01-01
2022-07-26 00:00:00,2022-07-25 23:00:00,0,19,0.000108461645,151,2021-01-01
2022-07-26 00:00:00,2022-07-25 23:00:00,2,-2,0.00010827451,152,2021-01-01
2022-07-26 00:00:00,2022-07-25 23:00:00,9,2,0.00010826131,153,2021-01-01
2022-07-26 00:00:00,2022-07-25 23:00:00,0,11,0.00010821988,154,2021-01-01
2022-07-26 00:00:00,2022-07-25 23:00:00,0,13,0.00010821988,155,2021-01-01
2022-07-26 00:00:00,2022-07-25 23:00:00,0,14,0.00010821988,156,2021-01-01
2022-07-26 00:00:00,2022-07-25 23:00:00,8,1,0.0001080006,157,2021-01-01
2022-07-26 00:00:00,2022-07-25 23:00:00,-1,15,0.00010778815,158,2021-01-01
2022-07-26 00:00:00,2022-07-25 23:00:00,7,-1,0.000107469416,159,2021-01-01
2022-07-26 00:00:00,2022-07-25 23:00:00,8,-4,0.00010740483,160,2021-01-01
2022-07-26 00:00:00,2022-07-25 23:00:00,7,1,0.00010719429,161,2021-01-01
2022-07-26 00:00:00,2022-07-25 23:00:00,9,-2,0.00010712599,162,2021-01-01
2022-07-26 00:00:00,2022-07-25 23:00:00,-1,16,0.0001068977,163,2021-01-01
2022-07-26 00:00:00,2022-07-25 23:00:00,-2,16,0.00010687832,164,2021-01-01
2022-07-26 00:00:00,2022-07-25 23:00:00,8,-3,0.000106677115,165,2021-01-01
2022-07-26 00:00:00,2022-07-25 23:00:00,5,-4,0.00010652326,166,2021-01-01
2022-07-26 00:00:00,2022-07-25 23:00:00,10,-1,0.00010635259,167,2021-01-01
2022-07-26 00:00:00,2022-07-25 23:00:00,-2,8,0.00010614456,168,2021-01-01
2022-07-26 00:00:00,2022-07-25 23:00:00,-2,15,0.00010614456,169,2021-01-01
2022-07-26 00:00:00,2022-07-25 23:00:00,-1,6,0.00010505325,170,2021-01-01
2022-07-26 00:00:00,2022-07-25 23:00:00,0,18,0.00010430941,171,2021-01-01
2022-07-26 00:00:00,2022-07-25 23:00:00,-3,7,0.000104245206,172,2021-01-01
2022-07-26 00:00:00,2022-07-25 23:00:00,0,5,0.00010299488,173,2021-01-01
2022-07-26 00:00:00,2022-07-25 23:00:00,-1,5,0.00010274699,174,2021-01-01
2022-07-26 00:00:00,2022-07-25 23:00:00,-9,6,0.00010232406,175,2021-01-01
2022-07-26 00:00:00,2022-07-25 23:00:00,-4,17,0.00010218408,176,2021-01-01
2022-07-26 00:00:00,2022-07-25 23:00:00,-3,18,0.00010180741,177,2021-01-01
2022-07-26 00:00:00,2022-07-25 23:00:00,-1,18,0.00010136012,178,2021-01-01
2022-07-26 00:00:00,2022-07-25 23:00:00,-4,10,9.817682e-05,179,2021-01-01
2022-07-26 00:00:00,2022-07-25 23:00:00,-5,9,9.252829e-05,180,2021-01-01
2022-07-26 00:00:00,2022-07-25 23:00:00,-4,8,9.1831556e-05,181,2021-01-01
2022-07-26 00:00:00,2022-07-25 23:00:00,3,-3,8.972867e-05,182,2021-01-01
2022-07-26 00:00:00,2022-07-25 23:00:00,3,-2,8.775349e-05,183,2021-01-01
2022-07-26 00:00:00,2022-07-25 23:00:00,-5,10,7.2923154e-05,184,2021-01-01
2022-07-26 00:00:00,2022-07-25 23:00:00,-10,8,4.5612152e-05,185,2021-01-01
2022-07-26 00:00:00,2022-07-25 23:00:00,-10,10,4.136177e-05,186,2021-01-01
2022-07-26 01:00:00,2022-07-26 00:00:00,0,0,0.73699546,1,2021-01-01
2022-07-26 01:00:00,2022-07-26 00:00:00,-1,0,0.67043346,2,2021-01-01
2022-07-26 01:00:00,2022-07-26 00:00:00,0,-1,0.57989794,3,2021-01-01
2022-07-26 01:00:00,2022-07-26 00:00:00,1,0,0.16467279,4,2021-01-01
2022-07-26 01:00:00,2022-07-26 00:00:00,-2,-3,0.1160321,5,2021-01-01
2022-07-26 01:00:00,2022-07-26 00:00:00,-4,-2,0.106965534,6,2021-01-01
2022-07-26 01:00:00,2022-07-26 00:00:00,-1,-1,0.10477712,7,2021-01-01
2022-07-26 01:00:00,2022-07-26 00:00:00,1,-1,0.10010159,8,2021-01-01
2022-07-26 01:00:00,2022-07-26 00:00:00,-3,-4,0.07675503,9,2021-01-01
2022-07-26 01:00:00,2022-07-26 00:00:00,-2,0,0.0699765,10,2021-01-01
2022-07-26 01:00:00,2022-07-26 00:00:00,6,-4,0.06409277,11,2021-01-01
2022-07-26 01:00:00,2022-07-26 00:00:00,-2,-4,0.034043174,12,2021-01-01
2022-07-26 01:00:00,2022-07-26 00:00:00,-2,13,0.033514548,13,2021-01-01
2022-07-26 01:00:00,2022-07-26 00:00:00,-2,-1,0.03085278,14,2021-01-01
2022-07-26 01:00:00,2022-07-26 00:00:00,-2,-2,0.030470194,15,2021-01-01
2022-07-26 01:00:00,2022-07-26 00:00:00,2,0,0.029245602,16,2021-01-01
2022-07-26 01:00:00,2022-07-26 00:00:00,0,12,0.02872985,17,2021-01-01
2022-07-26 01:00:00,2022-07-26 00:00:00,-4,-3,0.020469837,18,2021-01-01
2022-07-26 01:00:00,2022-07-26 00:00:00,-3,-3,0.018687448,19,2021-01-01
2022-07-26 01:00:00,2022-07-26 00:00:00,2,-6,0.017394917,20,2021-01-01
2022-07-26 01:00:00,2022-07-26 00:00:00,-1,-3,0.012912415,21,2021-01-01
2022-07-26 01:00:00,2022-07-26 00:00:00,-5,-1,0.011751057,22,2021-01-01
2022-07-26 01:00:00,2022-07-26 00:00:00,0,-2,0.010457928,23,2021-01-01
2022-07-26 01:00:00,2022-07-26 00:00:00,2,1,0.010414172,24,2021-01-01
2022-07-26 01:00:00,2022-07-26 00:00:00,-1,-2,0.009697701,25,2021-01-01
2022-07-26 01:00:00,2022-07-26 00:00:00,0,1,0.009304297,26,2021-01-01
2022-07-26 01:00:00,2022-07-26 00:00:00,5,-2,0.008637586,27,2021-01-01
2022-07-26 01:00:00,2022-07-26 00:00:00,-5,-2,0.008566258,28,2021-01-01
2022-07-26 01:00:00,2022-07-26 00:00:00,-3,0,0.005571082,29,2021-01-01
2022-07-26 01:00:00,2022-07-26 00:00:00,2,-1,0.0054095294,30,2021-01-01
2022-07-26 01:00:00,2022-07-26 00:00:00,-5,1,0.0049906587,31,2021-01-01
2022-07-26 01:00:00,2022-07-26 00:00:00,-4,-1,0.0044957907,32,2021-01-01
2022-07-26 01:00:00,2022-07-26 00:00:00,7,4,0.004113579,33,2021-01-01
2022-07-26 01:00:00,2022-07-26 00:00:00,1,-2,0.0038542252,34,2021-01-01
2022-07-26 01:00:00,2022-07-26 00:00:00,-3,-2,0.0036304665,35,2021-01-01
2022-07-26 01:00:00,2022-07-26 00:00:00,1,-3,0.002937712,36,2021-01-01
2022-07-26 01:00:00,2022-07-26 00:00:00,-3,-1,0.0027662523,37,2021-01-01
2022-07-26 01:00:00,2022-07-26 00:00:00,6,-3,0.0027291004,38,2021-01-01
2022-07-26 01:00:00,2022-07-26 00:00:00,7,-4,0.0019451071,39,2021-01-01
2022-07-26 01:00:00,2022-07-26 00:00:00,-9,-5,0.001266989,40,2021-01-01
2022-07-26 01:00:00,2022-07-26 00:00:00,0,17,0.0012538126,41,2021-01-01
2022-07-26 01:00:00,2022-07-26 00:00:00,-4,0,0.0010475054,42,2021-01-01
2022-07-26 01:00:00,2022-07-26 00:00:00,7,11,0.0010261419,43,2021-01-01
2022-07-26 01:00:00,2022-07-26 00:00:00,1,-7,0.0008863747,44,2021-01-01
2022-07-26 01:00:00,2022-07-26 00:00:00,-4,-5,0.0007894635,45,2021-01-01
2022-07-26 01:00:00,2022-07-26 00:00:00,-3,1,0.00065386645,46,2021-01-01
2022-07-26 01:00:00,2022-07-26 00:00:00,0,9,0.00064276817,47,2021-01-01
2022-07-26 01:00:00,2022-07-26 00:00:00,0,8,0.00053588726,48,2021-01-01
2022-07-26 01:00:00,2022-07-26 00:00:00,-5,2,0.0005334264,49,2021-01-01
2022-07-26 01:00:00,2022-07-26 00:00:00,-4,3,0.0005189691,50,2021-01-01
2022-07-26 01:00:00,2022-07-26 00:00:00,-6,8,0.00051571283,51,2021-01-01
2022-07-26 01:00:00,2022-07-26 00:00:00,1,2,0.0005072805,52,2021-01-01
2022-07-26 01:00:00,2022-07-26 00:00:00,0,-5,0.0005057223,53,2021-01-01
2022-07-26 01:00:00,2022-07-26 00:00:00,-1,1,0.00049541093,54,2021-01-01
2022-07-26 01:00:00,2022-07-26 00:00:00,3,-1,0.00045978845,55,2021-01-01
2022-07-26 01:00:00,2022-07-26 00:00:00,10,5,0.00043994596,56,2021-01-01
2022-07-26 01:00:00,2022-07-26 00:00:00,7,-5,0.00043710016,57,2021-01-01
2022-07-26 01:00:00,2022-07-26 00:00:00,-5,0,0.0004197152,58,2021-01-01
2022-07-26 01:00:00,2022-07-26 00:00:00,10,3,0.00041757151,59,2021-01-01
2022-07-26 01:00:00,2022-07-26 00:00:00,5,-1,0.0004073604,60,2021-01-01
2022-07-26 01:00:00,2022-07-26 00:00:00,4,-1,0.00037226654,61,2021-01-01
2022-07-26 01:00:00,2022-07-26 00:00:00,-4,4,0.00036991583,62,2021-01-01
2022-07-26 01:00:00,2022-07-26 00:00:00,-9,6,0.00035763058,63,2021-01-01
2022-07-26 01:00:00,2022-07-26 00:00:00,-4,5,0.00031691996,64,2021-01-01
2022-07-26 01:00:00,2022-07-26 00:00:00,-1,-7,0.0003113006,65,2021-01-01
2022-07-26 01:00:00,2022-07-26 00:00:00,-3,2,0.00031022014,66,2021-01-01
2022-07-26 01:00:00,2022-07-26 00:00:00,-2,1,0.00030430895,67,2021-01-01
2022-07-26 01:00:00,2022-07-26 00:00:00,-5,11,0.00029545467,68,2021-01-01
2022-07-26 01:00:00,2022-07-26 00:00:00,2,-3,0.00029308724,69,2021-01-01
2022-07-26 01:00:00,2022-07-26 00:00:00,-8,6,0.0002839044,70,2021-01-01
2022-07-26 01:00:00,2022-07-26 00:00:00,-3,13,0.00027257274,71,2021-01-01
2022-07-26 01:00:00,2022-07-26 00:00:00,1,19,0.00027151956,72,2021-01-01
2022-07-26 01:00:00,2022-07-26 00:00:00,-3,8,0.00026784113,73,2021-01-01
2022-07-26 01:00:00,2022-07-26 00:00:00,-2,10,0.00026714837,74,2021-01-01
2022-07-26 01:00:00,2022-07-26 00:00:00,-3,15,0.00026190432,75,2021-01-01
2022-07-26 01:00:00,2022-07-26 00:00:00,2,-2,0.0002602832,76,2021-01-01
2022-07-26 01:00:00,2022-07-26 00:00:00,-1,9,0.00025368223,77,2021-01-01
2022-07-26 01:00:00,2022-07-26 00:00:00,2,20,0.00024941532,78,2021-01-01
2022-07-26 01:00:00,2022-07-26 00:00:00,-5,4,0.00024699373,79,2021-01-01
2022-07-26 01:00:00,2022-07-26 00:00:00,-10,-3,0.00024613927,80,2021-01-01
2022-07-26 01:00:00,2022-07-26 00:00:00,-6,1,0.00024579014,81,2021-01-01
2022-07-26 01:00:00,2022-07-26 00:00:00,1,8,0.0002442499,82,2021-01-01
2022-07-26 01:00:00,2022-07-26 00:00:00,-1,2,0.00024233553,83,2021-01-01
2022-07-26 01:00:00,2022-07-26 00:00:00,1,6,0.0002374131,84,2021-01-01
2022-07-26 01:00:00,2022-07-26 00:00:00,-7,1,0.00023672105,85,2021-01-01
2022-07-26 01:00:00,2022-07-26 00:00:00,10,0,0.00023475448,86,2021-01-01
2022-07-26 01:00:00,2022-07-26 00:00:00,3,0,0.00023403164,87,2021-01-01
2022-07-26 01:00:00,2022-07-26 00:00:00,3,-3,0.0002313378,88,2021-01-01
2022-07-26 01:00:00,2022-07-26 00:00:00,-4,2,0.00022204717,89,2021-01-01
2022-07-26 01:00:00,2022-07-26 00:00:00,4,-6,0.0002217192,90,2021-01-01
2022-07-26 01:00:00,2022-07-26 00:00:00,0,-3,0.00021894055,91,2021-01-01
2022-07-26 01:00:00,2022-07-26 00:00:00,2,-7,0.00021784195,92,2021-01-01
2022-07-26 01:00:00,2022-07-26 00:00:00,1,1,0.00021185982,93,2021-01-01
2022-07-26 01:00:00,2022-07-26 00:00:00,3,-2,0.0002037012,94,2021-01-01
2022-07-26 01:00:00,2022-07-26 00:00:00,1,-5,0.00020054328,95,2021-01-01
2022-07-26 01:00:00,2022-07-26 00:00:00,4,-4,0.00019587712,96,2021-01-01
2022-07-26 01:00:00,2022-07-26 00:00:00,-1,-4,0.00019284675,97,2021-01-01
2022-07-26 01:00:00,2022-07-26 00:00:00,-1,3,0.00018858178,98,2021-01-01
2022-07-26 01:00:00,2022-07-26 00:00:00,-2,3,0.00018730697,99,2021-01-01
2022-07-26 01:00:00,2022-07-26 00:00:00,5,-4,0.00017928802,100,2021-01-01
2022-07-26 01:00:00,2022-07-26 00:00:00,6,5,0.0001774,101,2021-01-01
2022-07-26 01:00:00,2022-07-26 00:00:00,5,-3,0.00017723448,102,2021-01-01
2022-07-26 01:00:00,2022-07-26 00:00:00,9,-2,0.00017646003,103,2021-01-01
2022-07-26 01:00:00,2022-07-26 00:00:00,-2,-5,0.00017537198,104,2021-01-01
2022-07-26 01:00:00,2022-07-26 00:00:00,10,-1,0.0001691202,105,2021-01-01
2022-07-26 01:00:00,2022-07-26 00:00:00,-6,4,0.00016759166,106,2021-01-01
2022-07-26 01:00:00,2022-07-26 00:00:00,7,1,0.00016290198,107,2021-01-01
2022-07-26 01:00:00,2022-07-26 00:00:00,7,-1,0.00016238583,108,2021-01-01
2022-07-26 01:00:00,2022-07-26 00:00:00,3,1,0.00016159931,109,2021-01-01
2022-07-26 01:00:00,2022-07-26 00:00:00,-10,8,0.00016027992,110,2021-01-01
2022-07-26 01:00:00,2022-07-26 00:00:00,-5,-3,0.0001587214,111,2021-01-01
2022-07-26 01:00:00,2022-07-26 00:00:00,4,1,0.00015786754,112,2021-01-01
2022-07-26 01:00:00,2022-07-26 00:00:00,8,-4,0.0001575266,113,2021-01-01
2022-07-26 01:00:00,2022-07-26 00:00:00,8,-3,0.00015696188,114,2021-01-01
2022-07-26 01:00:00,2022-07-26 00:00:00,-5,15,0.00015514634,115,2021-01-01
2022-07-26 01:00:00,2022-07-26 00:00:00,-6,15,0.00015102273,116,2021-01-01
2022-07-26 01:00:00,2022-07-26 00:00:00,8,1,0.0001508243,117,2021-01-01
2022-07-26 01:00:00,2022-07-26 00:00:00,-10,10,0.0001504566,118,2021-01-01
2022-07-26 01:00:00,2022-07-26 00:00:00,-1,-6,0.00014869694,119,2021-01-01
2022-07-26 01:00:00,2022-07-26 00:00:00,9,1,0.00014817544,120,2021-01-01
2022-07-26 01:00:00,2022-07-26 00:00:00,1,5,0.00014781143,121,2021-01-01
2022-07-26 01:00:00,2022-07-26 00:00:00,-1,7,0.00014686998,122,2021-01-01
2022-07-26 01:00:00,2022-07-26 00:00:00,-9,-4,0.0001447453,123,2021-01-01
2022-07-26 01:00:00,2022-07-26 00:00:00,9,3,0.00014389078,124,2021-01-01
2022-07-26 01:00:00,2022-07-26 00:00:00,0,5,0.00014366086,125,2021-01-01
2022-07-26 01:00:00,2022-07-26 00:00:00,5,2,0.0001426892,126,2021-01-01
2022-07-26 01:00:00,2022-07-26 00:00:00,8,0,0.0001419645,127,2021-01-01
2022-07-26 01:00:00,2022-07-26 00:00:00,8,-1,0.00014184036,128,2021-01-01
2022-07-26 01:00:00,2022-07-26 00:00:00,-1,6,0.0001414731,129,2021-01-01
2022-07-26 01:00:00,2022-07-26 00:00:00,9,0,0.00014094064,130,2021-01-01
2022-07-26 01:00:00,2022-07-26 00:00:00,-1,5,0.00013757769,131,2021-01-01
2022-07-26 01:00:00,2022-07-26 00:00:00,5,3,0.00013738096,132,2021-01-01
2022-07-26 01:00:00,2022-07-26 00:00:00,0,-6,0.00013671596,133,2021-01-01
2022-07-26 01:00:00,2022-07-26 00:00:00,-5,10,0.00013637451,134,2021-01-01
2022-07-26 01:00:00,2022-07-26 00:00:00,-5,9,0.00013537939,135,2021-01-01
2022-07-26 01:00:00,2022-07-26 00:00:00,6,3,0.00013498047,136,2021-01-01
2022-07-26 01:00:00,2022-07-26 00:00:00,0,13,0.00013468871,137,2021-01-01
2022-07-26 01:00:00,2022-07-26 00:00:00,-3,7,0.00013285839,138,2021-01-01
2022-07-26 01:00:00,2022-07-26 00:00:00,-4,19,0.00013144287,139,2021-01-01
2022-07-26 01:00:00,2022-07-26 00:00:00,0,11,0.00013040159,140,2021-01-01
2022-07-26 01:00:00,2022-07-26 00:00:00,1,9,0.00013009233,141,2021-01-01
2022-07-26 01:00:00,2022-07-26 00:00:00,0,14,0.00012812148,142,2021-01-01
2022-07-26 01:00:00,2022-07-26 00:00:00,-4,10,0.00012726228,143,2021-01-01
2022-07-26 01:00:00,2022-07-26 00:00:00,-4,12,0.00012726228,144,2021-01-01
2022-07-26 01:00:00,2022-07-26 00:00:00,1,11,0.00012630953,145,2021-01-01
2022-07-26 01:00:00,2022-07-26 00:00:00,9,2,0.00012582465,146,2021-01-01
2022-07-26 01:00:00,2022-07-26 00:00:00,-1,11,0.00012548931,147,2021-01-01
2022-07-26 01:00:00,2022-07-26 00:00:00,-1,13,0.00012548931,148,2021-01-01
2022-07-26 01:00:00,2022-07-26 00:00:00,-1,15,0.00012427023,149,2021-01-01
2022-07-26 01:00:00,2022-07-26 00:00:00,2,9,0.00012391877,150,2021-01-01
2022-07-26 01:00:00,2022-07-26 00:00:00,2,8,0.0001230955,151,2021-01-01
2022-07-26 01:00:00,2022-07-26 00:00:00,-2,11,0.00012276803,152,2021-01-01
2022-07-26 01:00:00,2022-07-26 00:00:00,6,11,0.00012272054,153,2021-01-01
2022-07-26 01:00:00,2022-07-26 00:00:00,-1,16,0.00012205489,154,2021-01-01
2022-07-26 01:00:00,2022-07-26 00:00:00,3,17,0.00012183091,155,2021-01-01
2022-07-26 01:00:00,2022-07-26 00:00:00,-3,9,0.00012170387,156,2021-01-01
2022-07-26 01:00:00,2022-07-26 00:00:00,1,20,0.000120188466,157,2021-01-01
2022-07-26 01:00:00,2022-07-26 00:00:00,-3,11,0.00012016803,158,2021-01-01
2022-07-26 01:00:00,2022-07-26 00:00:00,-3,12,0.00012016803,159,2021-01-01
2022-07-26 01:00:00,2022-07-26 00:00:00,-2,15,0.00012006512,160,2021-01-01
2022-07-26 01:00:00,2022-07-26 00:00:00,-4,-4,0.000119754484,161,2021-01-01
2022-07-26 01:00:00,2022-07-26 00:00:00,-3,14,0.00011967557,162,2021-01-01
2022-07-26 01:00:00,2022-07-26 00:00:00,-4,8,0.00011903261,163,2021-01-01
2022-07-26 01:00:00,2022-07-26 00:00:00,-2,16,0.00011880908,164,2021-01-01
2022-07-26 01:00:00,2022-07-26 00:00:00,2,7,0.00011879761,165,2021-01-01
2022-07-26 01:00:00,2022-07-26 00:00:00,-2,9,0.00011841856,166,2021-01-01
2022-07-26 01:00:00,2022-07-26 00:00:00,0,19,0.00011789746,167,2021-01-01
2022-07-26 01:00:00,2022-07-26 00:00:00,-2,8,0.00011721081,168,2021-01-01
2022-07-26 01:00:00,2022-07-26 00:00:00,-1,8,0.00011679829,169,2021-01-01
2022-07-26 01:00:00,2022-07-26 00:00:00,4,14,0.00011553412,170,2021-01-01
2022-07-26 01:00:00,2022-07-26 00:00:00,-3,18,0.00011466808,171,2021-01-01
2022-07-26 01:00:00,2022-07-26 00:00:00,-1,18,0.00011448463,172,2021-01-01
2022-07-26 01:00:00,2022-07-26 00:00:00,-9,0,0.00011412196,173,2021-01-01
2022-07-26 01:00:00,2022-07-26 00:00:00,-7,-1,0.000112944246,174,2021-01-01
2022-07-26 01:00:00,2022-07-26 00:00:00,0,18,0.000112784386,175,2021-01-01
2022-07-26 01:00:00,2022-07-26 00:00:00,-4,17,0.00011197018,176,2021-01-01
2022-07-26 01:00:00,2022-07-26 00:00:00,-9,-1,0.00011006929,177,2021-01-01
2022-07-26 01:00:00,2022-07-26 00:00:00,-5,-5,0.00010780182,178,2021-01-01
2022-07-26 01:00:00,2022-07-26 00:00:00,6,6,0.00010697754,179,2021-01-01
2022-07-26 01:00:00,2022-07-26 00:00:00,-10,-4,9.31623e-05,180,2021-01-01
2022-07-26 01:00:00,2022-07-26 00:00:00,-6,-2,8.882845e-05,181,2021-01-01
2022-07-26 01:00:00,2022-07-26 00:00:00,-5,-4,8.500405e-05,182,2021-01-01
2022-07-26 01:00:00,2022-07-26 00:00:00,-6,-3,8.367202e-05,183,2021-01-01
2022-07-26 01:00:00,2022-07-26 00:00:00,-11,-5,8.2204904e-05,184,2021-01-01
2022-07-26 01:00:00,2022-07-26 00:00:00,-12,-5,8.108881e-05,185,2021-01-01
2022-07-26 01:00:00,2022-07-26 00:00:00,-11,-6,6.673078e-05,186,2021-01-01
2022-08-01 21:00:00,2022-08-01 20:00:00,-1,0,0.46442804,1,2021-01-01
2022-08-01 21:00:00,2022-08-01 20:00:00,0,12,0.4587487,2,2021-01-01
2022-08-01 21:00:00,2022-08-01 20:00:00,1,0,0.26902094,3,2021-01-01
2022-08-01 21:00:00,2022-08-01 20:00:00,0,0,0.19675685,4,2021-01-01
2022-08-01 21:00:00,2022-08-01 20:00:00,-2,13,0.12996964,5,2021-01-01
2022-08-01 21:00:00,2022-08-01 20:00:00,0,-1,0.101015635,6,2021-01-01
2022-08-01 21:00:00,2022-08-01 20:00:00,1,-1,0.09539429,7,2021-01-01
2022-08-01 21:00:00,2022-08-01 20:00:00,-2,-3,0.08805483,8,2021-01-01
2022-08-01 21:00:00,2022-08-01 20:00:00,-4,-2,0.08659909,9,2021-01-01
2022-08-01 21:00:00,2022-08-01 20:00:00,-1,-1,0.052398633,10,2021-01-01
2022-08-01 21:00:00,2022-08-01 20:00:00,2,0,0.04355227,11,2021-01-01
2022-08-01 21:00:00,2022-08-01 20:00:00,-2,0,0.03875303,12,2021-01-01
2022-08-01 21:00:00,2022-08-01 20:00:00,-2,-4,0.036647324,13,2021-01-01
2022-08-01 21:00:00,2022-08-01 20:00:00,-3,-4,0.020608867,14,2021-01-01
2022-08-01 21:00:00,2022-08-01 20:00:00,-5,-1,0.017099269,15,2021-01-01
2022-08-01 21:00:00,2022-08-01 20:00:00,7,4,0.015958635,16,2021-01-01
2022-08-01 21:00:00,2022-08-01 20:00:00,5,-2,0.013297866,17,2021-01-01
2022-08-01 21:00:00,2022-08-01 20:00:00,2,1,0.013267249,18,2021-01-01
2022-08-01 21:00:00,2022-08-01 20:00:00,-5,-2,0.011806157,19,2021-01-01
2022-08-01 21:00:00,2022-08-01 20:00:00,-4,-3,0.011080255,20,2021-01-01
2022-08-01 21:00:00,2022-08-01 20:00:00,-3,-3,0.010877088,21,2021-01-01
2022-08-01 21:00:00,2022-08-01 20:00:00,-2,-2,0.010579537,22,2021-01-01
2022-08-01 21:00:00,2022-08-01 20:00:00,6,-4,0.009215842,23,2021-01-01
2022-08-01 21:00:00,2022-08-01 20:00:00,-2,-1,0.0072355256,24,2021-01-01
2022-08-01 21:00:00,2022-08-01 20:00:00,0,-2,0.0068390626,25,2021-01-01
2022-08-01 21:00:00,2022-08-01 20:00:00,0,1,0.0066899043,26,2021-01-01
2022-08-01 21:00:00,2022-08-01 20:00:00,-1,-3,0.005112751,27,2021-01-01
2022-08-01 21:00:00,2022-08-01 20:00:00,0,17,0.005089808,28,2021-01-01
2022-08-01 21:00:00,2022-08-01 20:00:00,-9,-5,0.0031014902,29,2021-01-01
2022-08-01 21:00:00,2022-08-01 20:00:00,2,-6,0.0030731198,30,2021-01-01
2022-08-01 21:00:00,2022-08-01 20:00:00,7,11,0.002528988,31,2021-01-01
2022-08-01 21:00:00,2022-08-01 20:00:00,-4,-1,0.0025221233,32,2021-01-01
2022-08-01 21:00:00,2022-08-01 20:00:00,0,8,0.0023168323,33,2021-01-01
2022-08-01 21:00:00,2022-08-01 20:00:00,-3,0,0.0020699042,34,2021-01-01
2022-08-01 21:00:00,2022-08-01 20:00:00,-5,1,0.002010865,35,2021-01-01
2022-08-01 21:00:00,2022-08-01 20:00:00,-3,8,0.0019513584,36,2021-01-01
2022-08-01 21:00:00,2022-08-01 20:00:00,-3,-1,0.0013828968,37,2021-01-01
2022-08-01 21:00:00,2022-08-01 20:00:00,-1,-2,0.0012097516,38,2021-01-01
2022-08-01 21:00:00,2022-08-01 20:00:00,-5,11,0.001063232,39,2021-01-01
2022-08-01 21:00:00,2022-08-01 20:00:00,7,-4,0.0010423107,40,2021-01-01
2022-08-01 21:00:00,2022-08-01 20:00:00,-3,13,0.000929755,41,2021-01-01
2022-08-01 21:00:00,2022-08-01 20:00:00,2,-1,0.0008742173,42,2021-01-01
2022-08-01 21:00:00,2022-08-01 20:00:00,1,-2,0.00080350257,43,2021-01-01
2022-08-01 21:00:00,2022-08-01 20:00:00,-4,-5,0.00069990894,44,2021-01-01
2022-08-01 21:00:00,2022-08-01 20:00:00,0,9,0.0006327735,45,2021-01-01
2022-08-01 21:00:00,2022-08-01 20:00:00,-2,10,0.0005759683,46,2021-01-01
2022-08-01 21:00:00,2022-08-01 20:00:00,-3,15,0.0005579664,47,2021-01-01
2022-08-01 21:00:00,2022-08-01 20:00:00,-4,0,0.0005192911,48,2021-01-01
2022-08-01 21:00:00,2022-08-01 20:00:00,-5,15,0.0004976308,49,2021-01-01
2022-08-01 21:00:00,2022-08-01 20:00:00,6,-3,0.00049702,50,2021-01-01
2022-08-01 21:00:00,2022-08-01 20:00:00,10,3,0.00043490122,51,2021-01-01
2022-08-01 21:00:00,2022-08-01 20:00:00,-3,-2,0.00038933675,52,2021-01-01
2022-08-01 21:00:00,2022-08-01 20:00:00,-6,15,0.00038731462,53,2021-01-01
2022-08-01 21:00:00,2022-08-01 20:00:00,-6,8,0.00032483708,54,2021-01-01
2022-08-01 21:00:00,2022-08-01 20:00:00,1,8,0.00030866172,55,2021-01-01
2022-08-01 21:00:00,2022-08-01 20:00:00,5,-1,0.00030742402,56,2021-01-01
2022-08-01 21:00:00,2022-08-01 20:00:00,3,-1,0.00030653525,57,2021-01-01
2022-08-01 21:00:00,2022-08-01 20:00:00,1,19,0.00027789062,58,2021-01-01
2022-08-01 21:00:00,2022-08-01 20:00:00,-5,0,0.00027738206,59,2021-01-01
2022-08-01 21:00:00,2022-08-01 20:00:00,-10,-3,0.0002706461,60,2021-01-01
2022-08-01 21:00:00,2022-08-01 20:00:00,-9,-4,0.00026407265,61,2021-01-01
2022-08-01 21:00:00,2022-08-01 20:00:00,-4,4,0.00025137604,62,2021-01-01
2022-08-01 21:00:00,2022-08-01 20:00:00,10,5,0.00024136541,63,2021-01-01
2022-08-01 21:00:00,2022-08-01 20:00:00,-4,12,0.0002302598,64,2021-01-01
2022-08-01 21:00:00,2022-08-01 20:00:00,-3,12,0.00022958983,65,2021-01-01
2022-08-01 21:00:00,2022-08-01 20:00:00,-2,15,0.00022824085,66,2021-01-01
2022-08-01 21:00:00,2022-08-01 20:00:00,1,-3,0.00022795278,67,2021-01-01
2022-08-01 21:00:00,2022-08-01 20:00:00,-1,15,0.00021887805,68,2021-01-01
2022-08-01 21:00:00,2022-08-01 20:00:00,-3,1,0.00021473097,69,2021-01-01
2022-08-01 21:00:00,2022-08-01 20:00:00,-9,6,0.00021159404,70,2021-01-01
2022-08-01 21:00:00,2022-08-01 20:00:00,-5,4,0.00020791769,71,2021-01-01
2022-08-01 21:00:00,2022-08-01 20:00:00,-3,14,0.00020305526,72,2021-01-01
2022-08-01 21:00:00,2022-08-01 20:00:00,-4,5,0.00019805315,73,2021-01-01
2022-08-01 21:00:00,2022-08-01 20:00:00,-1,16,0.00019651146,74,2021-01-01
2022-08-01 21:00:00,2022-08-01 20:00:00,4,14,0.00019646091,75,2021-01-01
2022-08-01 21:00:00,2022-08-01 20:00:00,3,17,0.00019436503,76,2021-01-01
2022-08-01 21:00:00,2022-08-01 20:00:00,6,5,0.0001940236,77,2021-01-01
2022-08-01 21:00:00,2022-08-01 20:00:00,-3,11,0.00019374402,78,2021-01-01
2022-08-01 21:00:00,2022-08-01 20:00:00,-2,16,0.00019235488,79,2021-01-01
2022-08-01 21:00:00,2022-08-01 20:00:00,-8,6,0.0001876761,80,2021-01-01
2022-08-01 21:00:00,2022-08-01 20:00:00,1,2,0.00018017064,81,2021-01-01
2022-08-01 21:00:00,2022-08-01 20:00:00,1,6,0.0001772566,82,2021-01-01
2022-08-01 21:00:00,2022-08-01 20:00:00,4,-1,0.00017615163,83,2021-01-01
2022-08-01 21:00:00,2022-08-01 20:00:00,-1,9,0.00017373847,84,2021-01-01
2022-08-01 21:00:00,2022-08-01 20:00:00,2,20,0.00017350342,85,2021-01-01
2022-08-01 21:00:00,2022-08-01 20:00:00,-3,18,0.00017049693,86,2021-01-01
2022-08-01 21:00:00,2022-08-01 20:00:00,-5,10,0.00017007125,87,2021-01-01
2022-08-01 21:00:00,2022-08-01 20:00:00,0,18,0.00016761926,88,2021-01-01
2022-08-01 21:00:00,2022-08-01 20:00:00,-5,2,0.00016338895,89,2021-01-01
2022-08-01 21:00:00,2022-08-01 20:00:00,0,14,0.00016303605,90,2021-01-01
2022-08-01 21:00:00,2022-08-01 20:00:00,-1,18,0.00016172232,91,2021-01-01
2022-08-01 21:00:00,2022-08-01 20:00:00,0,-5,0.00016091958,92,2021-01-01
2022-08-01 21:00:00,2022-08-01 20:00:00,-1,7,0.00015620094,93,2021-01-01
2022-08-01 21:00:00,2022-08-01 20:00:00,-2,11,0.00015594362,94,2021-01-01
2022-08-01 21:00:00,2022-08-01 20:00:00,0,13,0.00014899952,95,2021-01-01
2022-08-01 21:00:00,2022-08-01 20:00:00,-4,17,0.00014639799,96,2021-01-01
2022-08-01 21:00:00,2022-08-01 20:00:00,-11,-6,0.0001418265,97,2021-01-01
2022-08-01 21:00:00,2022-08-01 20:00:00,-1,13,0.0001390614,98,2021-01-01
2022-08-01 21:00:00,2022-08-01 20:00:00,-11,-5,0.00013390071,99,2021-01-01
2022-08-01 21:00:00,2022-08-01 20:00:00,6,3,0.00013248382,100,2021-01-01
2022-08-01 21:00:00,2022-08-01 20:00:00,-10,10,0.0001290946,101,2021-01-01
2022-08-01 21:00:00,2022-08-01 20:00:00,5,3,0.0001278248,102,2021-01-01
2022-08-01 21:00:00,2022-08-01 20:00:00,7,1,0.00011868285,103,2021-01-01
2022-08-01 21:00:00,2022-08-01 20:00:00,-1,-7,0.00011592053,104,2021-01-01
2022-08-01 21:00:00,2022-08-01 20:00:00,0,19,0.00011375817,105,2021-01-01
2022-08-01 21:00:00,2022-08-01 20:00:00,9,3,0.00010658666,106,2021-01-01
2022-08-01 21:00:00,2022-08-01 20:00:00,-9,0,0.00010452658,107,2021-01-01
2022-08-01 21:00:00,2022-08-01 20:00:00,1,20,0.00010442352,108,2021-01-01
2022-08-01 21:00:00,2022-08-01 20:00:00,3,0,0.0001041629,109,2021-01-01
2022-08-01 21:00:00,2022-08-01 20:00:00,7,-5,0.00010250515,110,2021-01-01
2022-08-01 21:00:00,2022-08-01 20:00:00,-12,-5,0.00010197372,111,2021-01-01
2022-08-01 21:00:00,2022-08-01 20:00:00,6,11,0.000101709884,112,2021-01-01
2022-08-01 21:00:00,2022-08-01 20:00:00,-4,19,9.8435325e-05,113,2021-01-01
2022-08-01 21:00:00,2022-08-01 20:00:00,0,11,9.7037875e-05,114,2021-01-01
2022-08-01 21:00:00,2022-08-01 20:00:00,-2,9,9.281313e-05,115,2021-01-01
2022-08-01 21:00:00,2022-08-01 20:00:00,-3,9,9.247152e-05,116,2021-01-01
2022-08-01 21:00:00,2022-08-01 20:00:00,1,11,9.152977e-05,117,2021-01-01
2022-08-01 21:00:00,2022-08-01 20:00:00,-10,8,9.065397e-05,118,2021-01-01
2022-08-01 21:00:00,2022-08-01 20:00:00,5,2,9.014905e-05,119,2021-01-01
2022-08-01 21:00:00,2022-08-01 20:00:00,-1,11,9.0098394e-05,120,2021-01-01
2022-08-01 21:00:00,2022-08-01 20:00:00,-9,-1,8.787194e-05,121,2021-01-01
2022-08-01 21:00:00,2022-08-01 20:00:00,-4,10,8.095961e-05,122,2021-01-01
2022-08-01 21:00:00,2022-08-01 20:00:00,-2,8,7.905313e-05,123,2021-01-01
2022-08-01 21:00:00,2022-08-01 20:00:00,10,0,7.830555e-05,124,2021-01-01
2022-08-01 21:00:00,2022-08-01 20:00:00,-6,-3,7.731701e-05,125,2021-01-01
2022-08-01 21:00:00,2022-08-01 20:00:00,-10,-4,7.710451e-05,126,2021-01-01
2022-08-01 21:00:00,2022-08-01 20:00:00,9,2,7.702451e-05,127,2021-01-01
2022-08-01 21:00:00,2022-08-01 20:00:00,2,9,7.4653995e-05,128,2021-01-01
2022-08-01 21:00:00,2022-08-01 20:00:00,2,7,7.344759e-05,129,2021-01-01
2022-08-01 21:00:00,2022-08-01 20:00:00,2,-2,7.092734e-05,130,2021-01-01
2022-08-01 21:00:00,2022-08-01 20:00:00,-1,5,7.0869246e-05,131,2021-01-01
2022-08-01 21:00:00,2022-08-01 20:00:00,-4,8,6.972986e-05,132,2021-01-01
2022-08-01 21:00:00,2022-08-01 20:00:00,3,-2,6.965866e-05,133,2021-01-01
2022-08-01 21:00:00,2022-08-01 20:00:00,-6,4,6.896351e-05,134,2021-01-01
2022-08-01 21:00:00,2022-08-01 20:00:00,0,5,6.8377885e-05,135,2021-01-01
2022-08-01 21:00:00,2022-08-01 20:00:00,-5,-5,6.8288755e-05,136,2021-01-01
2022-08-01 21:00:00,2022-08-01 20:00:00,1,9,6.8251924e-05,137,2021-01-01
2022-08-01 21:00:00,2022-08-01 20:00:00,-3,7,6.638062e-05,138,2021-01-01
2022-08-01 21:00:00,2022-08-01 20:00:00,1,5,6.536435e-05,139,2021-01-01
2022-08-01 21:00:00,2022-08-01 20:00:00,2,8,6.43008e-05,140,2021-01-01
2022-08-01 21:00:00,2022-08-01 20:00:00,-1,6,6.379116e-05,141,2021-01-01
2022-08-01 21:00:00,2022-08-01 20:00:00,-5,9,6.2890744e-05,142,2021-01-01
2022-08-01 21:00:00,2022-08-01 20:00:00,-1,8,6.1658175e-05,143,2021-01-01
2022-08-01 21:00:00,2022-08-01 20:00:00,-1,1,6.145873e-05,144,2021-01-01
2022-08-01 21:00:00,2022-08-01 20:00:00,3,1,6.135949e-05,145,2021-01-01
2022-08-01 21:00:00,2022-08-01 20:00:00,-3,2,6.0969713e-05,146,2021-01-01
2022-08-01 21:00:00,2022-08-01 20:00:00,-6,-2,6.057367e-05,147,2021-01-01
2022-08-01 21:00:00,2022-08-01 20:00:00,7,-1,5.9844984e-05,148,2021-01-01
2022-08-01 21:00:00,2022-08-01 20:00:00,9,0,5.814091e-05,149,2021-01-01
2022-08-01 21:00:00,2022-08-01 20:00:00,-7,-1,5.4492924e-05,150,2021-01-01
2022-08-01 21:00:00,2022-08-01 20:00:00,4,1,5.427752e-05,151,2021-01-01
2022-08-01 21:00:00,2022-08-01 20:00:00,-4,-4,5.3731066e-05,152,2021-01-01
2022-08-01 21:00:00,2022-08-01 20:00:00,8,0,5.331502e-05,153,2021-01-01
2022-08-01 21:00:00,2022-08-01 20:00:00,-1,3,5.3116168e-05,154,2021-01-01
2022-08-01 21:00:00,2022-08-01 20:00:00,6,6,5.2931344e-05,155,2021-01-01
2022-08-01 21:00:00,2022-08-01 20:00:00,-7,1,5.2764564e-05,156,2021-01-01
2022-08-01 21:00:00,2022-08-01 20:00:00,8,-1,5.24101e-05,157,2021-01-01
2022-08-01 21:00:00,2022-08-01 20:00:00,8,-3,5.229532e-05,158,2021-01-01
2022-08-01 21:00:00,2022-08-01 20:00:00,5,-3,5.01693e-05,159,2021-01-01
2022-08-01 21:00:00,2022-08-01 20:00:00,1,-7,4.898307e-05,160,2021-01-01
2022-08-01 21:00:00,2022-08-01 20:00:00,1,1,4.884826e-05,161,2021-01-01
2022-08-01 21:00:00,2022-08-01 20:00:00,8,1,4.870427e-05,162,2021-01-01
2022-08-01 21:00:00,2022-08-01 20:00:00,-5,-3,4.5550256e-05,163,2021-01-01
2022-08-01 21:00:00,2022-08-01 20:00:00,2,-3,4.482268e-05,164,2021-01-01
2022-08-01 21:00:00,2022-08-01 20:00:00,-2,1,4.247289e-05,165,2021-01-01
2022-08-01 21:00:00,2022-08-01 20:00:00,-6,1,4.152322e-05,166,2021-01-01
2022-08-01 21:00:00,2022-08-01 20:00:00,-1,-4,3.8923677e-05,167,2021-01-01
2022-08-01 21:00:00,2022-08-01 20:00:00,9,1,3.87516e-05,168,2021-01-01
2022-08-01 21:00:00,2022-08-01 20:00:00,-1,2,3.742286e-05,169,2021-01-01
2022-08-01 21:00:00,2022-08-01 20:00:00,-4,3,3.6762653e-05,170,2021-01-01
2022-08-01 21:00:00,2022-08-01 20:00:00,-5,-4,3.554634e-05,171,2021-01-01
2022-08-01 21:00:00,2022-08-01 20:00:00,3,-3,3.5169785e-05,172,2021-01-01
2022-08-01 21:00:00,2022-08-01 20:00:00,1,-5,3.407834e-05,173,2021-01-01
2022-08-01 21:00:00,2022-08-01 20:00:00,0,-3,3.394312e-05,174,2021-01-01
2022-08-01 21:00:00,2022-08-01 20:00:00,-2,3,3.3632983e-05,175,2021-01-01
2022-08-01 21:00:00,2022-08-01 20:00:00,-4,2,3.313947e-05,176,2021-01-01
2022-08-01 21:00:00,2022-08-01 20:00:00,9,-2,3.1530362e-05,177,2021-01-01
2022-08-01 21:00:00,2022-08-01 20:00:00,-2,-5,3.1527827e-05,178,2021-01-01
2022-08-01 21:00:00,2022-08-01 20:00:00,10,-1,2.9116636e-05,179,2021-01-01
2022-08-01 21:00:00,2022-08-01 20:00:00,8,-4,2.6579126e-05,180,2021-01-01
2022-08-01 21:00:00,2022-08-01 20:00:00,5,-4,2.0905713e-05,181,2021-01-01
2022-08-01 21:00:00,2022-08-01 20:00:00,4,-4,2.073536e-05,182,2021-01-01
2022-08-01 21:00:00,2022-08-01 20:00:00,2,-7,2.0219015e-05,183,2021-01-01
2022-08-01 21:00:00,2022-08-01 20:00:00,4,-6,2.0068414e-05,184,2021-01-01
2022-08-01 21:00:00,2022-08-01 20:00:00,0,-6,1.913903e-05,185,2021-01-01
2022-08-01 21:00:00,2022-08-01 20:00:00,-1,-6,1.8974097e-05,186,2021-01-01
2022-08-14 23:00:00,2022-08-14 22:00:00,-1,0,0.6858132,1,2021-01-01
2022-08-14 23:00:00,2022-08-14 22:00:00,-4,-2,0.6203204,2,2021-01-01
2022-08-14 23:00:00,2022-08-14 22:00:00,-1,-1,0.5986057,3,2021-01-01
2022-08-14 23:00:00,2022-08-14 22:00:00,0,0,0.5163292,4,2021-01-01
2022-08-14 23:00:00,2022-08-14 22:00:00,1,0,0.45896503,5,2021-01-01
2022-08-14 23:00:00,2022-08-14 22:00:00,0,-1,0.3802956,6,2021-01-01
2022-08-14 23:00:00,2022-08-14 22:00:00,-2,0,0.33750263,7,2021-01-01
2022-08-14 23:00:00,2022-08-14 22:00:00,1,-1,0.28687575,8,2021-01-01
2022-08-14 23:00:00,2022-08-14 22:00:00,-2,-3,0.28587738,9,2021-01-01
2022-08-14 23:00:00,2022-08-14 22:00:00,-3,-3,0.2761924,10,2021-01-01
2022-08-14 23:00:00,2022-08-14 22:00:00,0,12,0.24379319,11,2021-01-01
2022-08-14 23:00:00,2022-08-14 22:00:00,-2,-4,0.23948078,12,2021-01-01
2022-08-14 23:00:00,2022-08-14 22:00:00,-3,-4,0.21294434,13,2021-01-01
2022-08-14 23:00:00,2022-08-14 22:00:00,-5,-2,0.20194279,14,2021-01-01
2022-08-14 23:00:00,2022-08-14 22:00:00,-4,-3,0.13697532,15,2021-01-01
2022-08-14 23:00:00,2022-08-14 22:00:00,-5,-1,0.108460896,16,2021-01-01
2022-08-14 23:00:00,2022-08-14 22:00:00,-2,-1,0.08500416,17,2021-01-01
2022-08-14 23:00:00,2022-08-14 22:00:00,-2,13,0.08113778,18,2021-01-01
2022-08-14 23:00:00,2022-08-14 22:00:00,-2,-2,0.06678108,19,2021-01-01
2022-08-14 23:00:00,2022-08-14 22:00:00,-1,-3,0.059351146,20,2021-01-01
2022-08-14 23:00:00,2022-08-14 22:00:00,7,4,0.052622527,21,2021-01-01
2022-08-14 23:00:00,2022-08-14 22:00:00,6,-4,0.05153561,22,2021-01-01
2022-08-14 23:00:00,2022-08-14 22:00:00,2,-6,0.041509856,23,2021-01-01
2022-08-14 23:00:00,2022-08-14 22:00:00,2,1,0.03320613,24,2021-01-01
2022-08-14 23:00:00,2022-08-14 22:00:00,0,1,0.028292762,25,2021-01-01
2022-08-14 23:00:00,2022-08-14 22:00:00,2,0,0.019581655,26,2021-01-01
2022-08-14 23:00:00,2022-08-14 22:00:00,-5,1,0.01918877,27,2021-01-01
2022-08-14 23:00:00,2022-08-14 22:00:00,2,-1,0.015971033,28,2021-01-01
2022-08-14 23:00:00,2022-08-14 22:00:00,0,8,0.01197781,29,2021-01-01
2022-08-14 23:00:00,2022-08-14 22:00:00,5,-2,0.009044954,30,2021-01-01
2022-08-14 23:00:00,2022-08-14 22:00:00,0,17,0.0074395523,31,2021-01-01
2022-08-14 23:00:00,2022-08-14 22:00:00,-3,8,0.0073543624,32,2021-01-01
2022-08-14 23:00:00,2022-08-14 22:00:00,-1,9,0.0071942434,33,2021-01-01
2022-08-14 23:00:00,2022-08-14 22:00:00,-1,-2,0.0049008518,34,2021-01-01
2022-08-14 23:00:00,2022-08-14 22:00:00,6,-3,0.0047244965,35,2021-01-01
2022-08-14 23:00:00,2022-08-14 22:00:00,-9,-5,0.0046687634,36,2021-01-01
2022-08-14 23:00:00,2022-08-14 22:00:00,0,-2,0.0038740465,37,2021-01-01
2022-08-14 23:00:00,2022-08-14 22:00:00,-5,11,0.0031876613,38,2021-01-01
2022-08-14 23:00:00,2022-08-14 22:00:00,-4,-1,0.0030441862,39,2021-01-01
2022-08-14 23:00:00,2022-08-14 22:00:00,1,-2,0.0029709162,40,2021-01-01
2022-08-14 23:00:00,2022-08-14 22:00:00,-3,-1,0.0028965708,41,2021-01-01
2022-08-14 23:00:00,2022-08-14 22:00:00,7,11,0.0027455774,42,2021-01-01
2022-08-14 23:00:00,2022-08-14 22:00:00,7,-4,0.0024203677,43,2021-01-01
2022-08-14 23:00:00,2022-08-14 22:00:00,10,5,0.0022630375,44,2021-01-01
2022-08-14 23:00:00,2022-08-14 22:00:00,2,-7,0.002096517,45,2021-01-01
2022-08-14 23:00:00,2022-08-14 22:00:00,0,9,0.0018181698,46,2021-01-01
2022-08-14 23:00:00,2022-08-14 22:00:00,-3,1,0.0016083415,47,2021-01-01
2022-08-14 23:00:00,2022-08-14 22:00:00,-4,0,0.0014906661,48,2021-01-01
2022-08-14 23:00:00,2022-08-14 22:00:00,10,3,0.0013263542,49,2021-01-01
2022-08-14 23:00:00,2022-08-14 22:00:00,-3,0,0.0012737972,50,2021-01-01
2022-08-14 23:00:00,2022-08-14 22:00:00,1,8,0.0011430002,51,2021-01-01
2022-08-14 23:00:00,2022-08-14 22:00:00,-3,-2,0.0010205109,52,2021-01-01
2022-08-14 23:00:00,2022-08-14 22:00:00,1,2,0.00096438854,53,2021-01-01
2022-08-14 23:00:00,2022-08-14 22:00:00,-5,2,0.00094829086,54,2021-01-01
2022-08-14 23:00:00,2022-08-14 22:00:00,6,5,0.0008868002,55,2021-01-01
2022-08-14 23:00:00,2022-08-14 22:00:00,-3,13,0.0008688185,56,2021-01-01
2022-08-14 23:00:00,2022-08-14 22:00:00,-1,7,0.0006185638,57,2021-01-01
2022-08-14 23:00:00,2022-08-14 22:00:00,-10,-3,0.0005938969,58,2021-01-01
2022-08-14 23:00:00,2022-08-14 22:00:00,-5,0,0.0005595844,59,2021-01-01
2022-08-14 23:00:00,2022-08-14 22:00:00,-6,8,0.000534435,60,2021-01-01
2022-08-14 23:00:00,2022-08-14 22:00:00,1,-3,0.00052655744,61,2021-01-01
2022-08-14 23:00:00,2022-08-14 22:00:00,1,19,0.00051553646,62,2021-01-01
2022-08-14 23:00:00,2022-08-14 22:00:00,-5,4,0.00051542174,63,2021-01-01
2022-08-14 23:00:00,2022-08-14 22:00:00,-4,5,0.0005023212,64,2021-01-01
2022-08-14 23:00:00,2022-08-14 22:00:00,-2,10,0.0004988817,65,2021-01-01
2022-08-14 23:00:00,2022-08-14 22:00:00,1,6,0.00047776263,66,2021-01-01
2022-08-14 23:00:00,2022-08-14 22:00:00,0,-5,0.00047215316,67,2021-01-01
2022-08-14 23:00:00,2022-08-14 22:00:00,-4,4,0.0004469183,68,2021-01-01
2022-08-14 23:00:00,2022-08-14 22:00:00,3,-1,0.000441402,69,2021-01-01
2022-08-14 23:00:00,2022-08-14 22:00:00,-3,15,0.00043680271,70,2021-01-01
2022-08-14 23:00:00,2022-08-14 22:00:00,7,-5,0.00038188408,71,2021-01-01
2022-08-14 23:00:00,2022-08-14 22:00:00,-5,15,0.00036245282,72,2021-01-01
2022-08-14 23:00:00,2022-08-14 22:00:00,5,-1,0.00035018116,73,2021-01-01
2022-08-14 23:00:00,2022-08-14 22:00:00,-6,15,0.0003457958,74,2021-01-01
2022-08-14 23:00:00,2022-08-14 22:00:00,3,0,0.0003420772,75,2021-01-01
2022-08-14 23:00:00,2022-08-14 22:00:00,-9,-4,0.00032578153,76,2021-01-01
2022-08-14 23:00:00,2022-08-14 22:00:00,-7,-1,0.0003125402,77,2021-01-01
2022-08-14 23:00:00,2022-08-14 22:00:00,-7,1,0.00030792766,78,2021-01-01
2022-08-14 23:00:00,2022-08-14 22:00:00,5,2,0.00028382626,79,2021-01-01
2022-08-14 23:00:00,2022-08-14 22:00:00,4,-1,0.00028252814,80,2021-01-01
2022-08-14 23:00:00,2022-08-14 22:00:00,-1,8,0.00026584094,81,2021-01-01
2022-08-14 23:00:00,2022-08-14 22:00:00,-9,6,0.00026306356,82,2021-01-01
2022-08-14 23:00:00,2022-08-14 22:00:00,2,7,0.0002555069,83,2021-01-01
2022-08-14 23:00:00,2022-08-14 22:00:00,-4,-5,0.0002532244,84,2021-01-01
2022-08-14 23:00:00,2022-08-14 22:00:00,-2,8,0.0002502907,85,2021-01-01
2022-08-14 23:00:00,2022-08-14 22:00:00,9,2,0.00024913021,86,2021-01-01
2022-08-14 23:00:00,2022-08-14 22:00:00,1,-7,0.0002457477,87,2021-01-01
2022-08-14 23:00:00,2022-08-14 22:00:00,-3,7,0.0002437586,88,2021-01-01
2022-08-14 23:00:00,2022-08-14 22:00:00,8,0,0.00024080114,89,2021-01-01
2022-08-14 23:00:00,2022-08-14 22:00:00,-2,1,0.00023879169,90,2021-01-01
2022-08-14 23:00:00,2022-08-14 22:00:00,-1,-7,0.0002383105,91,2021-01-01
2022-08-14 23:00:00,2022-08-14 22:00:00,-8,6,0.00023791658,92,2021-01-01
2022-08-14 23:00:00,2022-08-14 22:00:00,4,1,0.00023646028,93,2021-01-01
2022-08-14 23:00:00,2022-08-14 22:00:00,-6,4,0.00023575588,94,2021-01-01
2022-08-14 23:00:00,2022-08-14 22:00:00,9,3,0.0002334594,95,2021-01-01
2022-08-14 23:00:00,2022-08-14 22:00:00,-1,1,0.00022785664,96,2021-01-01
2022-08-14 23:00:00,2022-08-14 22:00:00,-3,2,0.0002232403,97,2021-01-01
2022-08-14 23:00:00,2022-08-14 22:00:00,1,1,0.0002202496,98,2021-01-01
2022-08-14 23:00:00,2022-08-14 22:00:00,-2,9,0.00021573935,99,2021-01-01
2022-08-14 23:00:00,2022-08-14 22:00:00,1,20,0.00021343224,100,2021-01-01
2022-08-14 23:00:00,2022-08-14 22:00:00,-4,19,0.00021117978,101,2021-01-01
2022-08-14 23:00:00,2022-08-14 22:00:00,-6,1,0.00020775374,102,2021-01-01
2022-08-14 23:00:00,2022-08-14 22:00:00,-6,-2,0.00020240368,103,2021-01-01
2022-08-14 23:00:00,2022-08-14 22:00:00,2,20,0.00019453089,104,2021-01-01
2022-08-14 23:00:00,2022-08-14 22:00:00,7,-1,0.0001941145,105,2021-01-01
2022-08-14 23:00:00,2022-08-14 22:00:00,10,0,0.00019376219,106,2021-01-01
2022-08-14 23:00:00,2022-08-14 22:00:00,0,19,0.00019339232,107,2021-01-01
2022-08-14 23:00:00,2022-08-14 22:00:00,-1,6,0.00019217185,108,2021-01-01
2022-08-14 23:00:00,2022-08-14 22:00:00,5,3,0.00019145744,109,2021-01-01
2022-08-14 23:00:00,2022-08-14 22:00:00,7,1,0.00019128826,110,2021-01-01
2022-08-14 23:00:00,2022-08-14 22:00:00,0,5,0.00018962029,111,2021-01-01
2022-08-14 23:00:00,2022-08-14 22:00:00,1,5,0.00018962029,112,2021-01-01
2022-08-14 23:00:00,2022-08-14 22:00:00,-3,18,0.00018860992,113,2021-01-01
2022-08-14 23:00:00,2022-08-14 22:00:00,6,3,0.00018501881,114,2021-01-01
2022-08-14 23:00:00,2022-08-14 22:00:00,-1,5,0.00018478515,115,2021-01-01
2022-08-14 23:00:00,2022-08-14 22:00:00,8,-1,0.00018355425,116,2021-01-01
2022-08-14 23:00:00,2022-08-14 22:00:00,-4,12,0.00018331203,117,2021-01-01
2022-08-14 23:00:00,2022-08-14 22:00:00,8,1,0.00018302316,118,2021-01-01
2022-08-14 23:00:00,2022-08-14 22:00:00,9,-2,0.00018237518,119,2021-01-01
2022-08-14 23:00:00,2022-08-14 22:00:00,-1,18,0.00017860945,120,2021-01-01
2022-08-14 23:00:00,2022-08-14 22:00:00,-6,-3,0.00017444469,121,2021-01-01
2022-08-14 23:00:00,2022-08-14 22:00:00,-1,2,0.000172493,122,2021-01-01
2022-08-14 23:00:00,2022-08-14 22:00:00,-2,16,0.00017084989,123,2021-01-01
2022-08-14 23:00:00,2022-08-14 22:00:00,-5,-4,0.00016734043,124,2021-01-01
2022-08-14 23:00:00,2022-08-14 22:00:00,-1,16,0.00016647828,125,2021-01-01
2022-08-14 23:00:00,2022-08-14 22:00:00,-3,9,0.00016525744,126,2021-01-01
2022-08-14 23:00:00,2022-08-14 22:00:00,-1,11,0.00016322918,127,2021-01-01
2022-08-14 23:00:00,2022-08-14 22:00:00,-1,3,0.0001630452,128,2021-01-01
2022-08-14 23:00:00,2022-08-14 22:00:00,8,-3,0.00016254256,129,2021-01-01
2022-08-14 23:00:00,2022-08-14 22:00:00,-2,11,0.00015907174,130,2021-01-01
2022-08-14 23:00:00,2022-08-14 22:00:00,-3,14,0.0001585314,131,2021-01-01
2022-08-14 23:00:00,2022-08-14 22:00:00,6,11,0.00015746527,132,2021-01-01
2022-08-14 23:00:00,2022-08-14 22:00:00,0,18,0.00015738624,133,2021-01-01
2022-08-14 23:00:00,2022-08-14 22:00:00,1,9,0.00015583754,134,2021-01-01
2022-08-14 23:00:00,2022-08-14 22:00:00,-1,13,0.00015569145,135,2021-01-01
2022-08-14 23:00:00,2022-08-14 22:00:00,3,1,0.00015456519,136,2021-01-01
2022-08-14 23:00:00,2022-08-14 22:00:00,-2,15,0.00015397127,137,2021-01-01
2022-08-14 23:00:00,2022-08-14 22:00:00,-3,12,0.00015366418,138,2021-01-01
2022-08-14 23:00:00,2022-08-14 22:00:00,0,14,0.00015310016,139,2021-01-01
2022-08-14 23:00:00,2022-08-14 22:00:00,-3,11,0.0001526465,140,2021-01-01
2022-08-14 23:00:00,2022-08-14 22:00:00,-1,15,0.00015225301,141,2021-01-01
2022-08-14 23:00:00,2022-08-14 22:00:00,0,11,0.0001510518,142,2021-01-01
2022-08-14 23:00:00,2022-08-14 22:00:00,-4,17,0.00015065602,143,2021-01-01
2022-08-14 23:00:00,2022-08-14 22:00:00,-5,-3,0.00014966859,144,2021-01-01
2022-08-14 23:00:00,2022-08-14 22:00:00,2,8,0.0001471633,145,2021-01-01
2022-08-14 23:00:00,2022-08-14 22:00:00,0,13,0.00014712656,146,2021-01-01
2022-08-14 23:00:00,2022-08-14 22:00:00,-11,-6,0.00014038842,147,2021-01-01
2022-08-14 23:00:00,2022-08-14 22:00:00,6,6,0.00014031692,148,2021-01-01
2022-08-14 23:00:00,2022-08-14 22:00:00,9,1,0.00013902015,149,2021-01-01
2022-08-14 23:00:00,2022-08-14 22:00:00,-4,8,0.00013651517,150,2021-01-01
2022-08-14 23:00:00,2022-08-14 22:00:00,9,0,0.00013624498,151,2021-01-01
2022-08-14 23:00:00,2022-08-14 22:00:00,-10,10,0.00013554523,152,2021-01-01
2022-08-14 23:00:00,2022-08-14 22:00:00,-9,0,0.00013546173,153,2021-01-01
2022-08-14 23:00:00,2022-08-14 22:00:00,-10,8,0.00013489164,154,2021-01-01
2022-08-14 23:00:00,2022-08-14 22:00:00,-9,-1,0.00013464232,155,2021-01-01
2022-08-14 23:00:00,2022-08-14 22:00:00,0,-6,0.00013402203,156,2021-01-01
2022-08-14 23:00:00,2022-08-14 22:00:00,-1,-6,0.00013323207,157,2021-01-01
2022-08-14 23:00:00,2022-08-14 22:00:00,-4,2,0.00012707044,158,2021-01-01
2022-08-14 23:00:00,2022-08-14 22:00:00,-10,-4,0.00012697584,159,2021-01-01
2022-08-14 23:00:00,2022-08-14 22:00:00,-4,10,0.00011997262,160,2021-01-01
2022-08-14 23:00:00,2022-08-14 22:00:00,-12,-5,0.0001174734,161,2021-01-01
2022-08-14 23:00:00,2022-08-14 22:00:00,3,-3,0.00011732022,162,2021-01-01
2022-08-14 23:00:00,2022-08-14 22:00:00,1,11,0.00011394874,163,2021-01-01
2022-08-14 23:00:00,2022-08-14 22:00:00,2,9,0.00011394874,164,2021-01-01
2022-08-14 23:00:00,2022-08-14 22:00:00,-5,-5,0.00011370924,165,2021-01-01
2022-08-14 23:00:00,2022-08-14 22:00:00,-11,-5,0.000113339534,166,2021-01-01
2022-08-14 23:00:00,2022-08-14 22:00:00,4,14,0.00011333418,167,2021-01-01
2022-08-14 23:00:00,2022-08-14 22:00:00,-4,-4,0.000110151486,168,2021-01-01
2022-08-14 23:00:00,2022-08-14 22:00:00,-5,10,0.000108585176,169,2021-01-01
2022-08-14 23:00:00,2022-08-14 22:00:00,-4,3,0.00010722443,170,2021-01-01
2022-08-14 23:00:00,2022-08-14 22:00:00,-5,9,0.00010636269,171,2021-01-01
2022-08-14 23:00:00,2022-08-14 22:00:00,3,-2,0.00010501056,172,2021-01-01
2022-08-14 23:00:00,2022-08-14 22:00:00,3,17,0.000103407605,173,2021-01-01
2022-08-14 23:00:00,2022-08-14 22:00:00,2,-2,0.000102098486,174,2021-01-01
2022-08-14 23:00:00,2022-08-14 22:00:00,-2,3,0.00010191504,175,2021-01-01
2022-08-14 23:00:00,2022-08-14 22:00:00,0,-3,9.903918e-05,176,2021-01-01
2022-08-14 23:00:00,2022-08-14 22:00:00,2,-3,9.607078e-05,177,2021-01-01
2022-08-14 23:00:00,2022-08-14 22:00:00,8,-4,9.305836e-05,178,2021-01-01
2022-08-14 23:00:00,2022-08-14 22:00:00,4,-6,9.2253125e-05,179,2021-01-01
2022-08-14 23:00:00,2022-08-14 22:00:00,-1,-4,9.122931e-05,180,2021-01-01
2022-08-14 23:00:00,2022-08-14 22:00:00,1,-5,8.958992e-05,181,2021-01-01
2022-08-14 23:00:00,2022-08-14 22:00:00,5,-4,8.6859356e-05,182,2021-01-01
2022-08-14 23:00:00,2022-08-14 22:00:00,4,-4,8.619615e-05,183,2021-01-01
2022-08-14 23:00:00,2022-08-14 22:00:00,5,-3,8.511514e-05,184,2021-01-01
2022-08-14 23:00:00,2022-08-14 22:00:00,10,-1,8.360378e-05,185,2021-01-01
2022-08-14 23:00:00,2022-08-14 22:00:00,-2,-5,6.84326e-05,186,2021-01-01
2022-09-06 23:00:00,2022-09-06 22:00:00,0,12,0.21075557,1,2021-01-01
2022-09-06 23:00:00,2022-09-06 22:00:00,0,0,0.16789137,2,2021-01-01
2022-09-06 23:00:00,2022-09-06 22:00:00,-1,0,0.16348822,3,2021-01-01
2022-09-06 23:00:00,2022-09-06 22:00:00,0,-1,0.10401133,4,2021-01-01
2022-09-06 23:00:00,2022-09-06 22:00:00,-4,-2,0.08255067,5,2021-01-01
2022-09-06 23:00:00,2022-09-06 22:00:00,-1,-1,0.08060032,6,2021-01-01
2022-09-06 23:00:00,2022-09-06 22:00:00,5,-2,0.058537155,7,2021-01-01
2022-09-06 23:00:00,2022-09-06 22:00:00,1,0,0.04040895,8,2021-01-01
2022-09-06 23:00:00,2022-09-06 22:00:00,-2,0,0.039860904,9,2021-01-01
2022-09-06 23:00:00,2022-09-06 22:00:00,-2,-4,0.03758548,10,2021-01-01
2022-09-06 23:00:00,2022-09-06 22:00:00,1,-1,0.035021525,11,2021-01-01
2022-09-06 23:00:00,2022-09-06 22:00:00,-2,-3,0.032957394,12,2021-01-01
2022-09-06 23:00:00,2022-09-06 22:00:00,2,0,0.025505623,13,2021-01-01
2022-09-06 23:00:00,2022-09-06 22:00:00,-5,-2,0.019225618,14,2021-01-01
2022-09-06 23:00:00,2022-09-06 22:00:00,6,-3,0.017932856,15,2021-01-01
2022-09-06 23:00:00,2022-09-06 22:00:00,0,-2,0.01744326,16,2021-01-01
2022-09-06 23:00:00,2022-09-06 22:00:00,-3,-4,0.014168292,17,2021-01-01
2022-09-06 23:00:00,2022-09-06 22:00:00,-5,-1,0.013952166,18,2021-01-01
2022-09-06 23:00:00,2022-09-06 22:00:00,-3,-3,0.012158439,19,2021-01-01
2022-09-06 23:00:00,2022-09-06 22:00:00,-4,-3,0.010162952,20,2021-01-01
2022-09-06 23:00:00,2022-09-06 22:00:00,-2,13,0.009920937,21,2021-01-01
2022-09-06 23:00:00,2022-09-06 22:00:00,-3,-2,0.009470847,22,2021-01-01
2022-09-06 23:00:00,2022-09-06 22:00:00,-2,-1,0.008809011,23,2021-01-01
2022-09-06 23:00:00,2022-09-06 22:00:00,-4,-1,0.008772912,24,2021-01-01
2022-09-06 23:00:00,2022-09-06 22:00:00,2,1,0.008249805,25,2021-01-01
2022-09-06 23:00:00,2022-09-06 22:00:00,2,-1,0.007692831,26,2021-01-01
2022-09-06 23:00:00,2022-09-06 22:00:00,-2,-2,0.00765029,27,2021-01-01
2022-09-06 23:00:00,2022-09-06 22:00:00,0,17,0.007639557,28,2021-01-01
2022-09-06 23:00:00,2022-09-06 22:00:00,6,-4,0.0055800565,29,2021-01-01
2022-09-06 23:00:00,2022-09-06 22:00:00,6,5,0.0045963083,30,2021-01-01
2022-09-06 23:00:00,2022-09-06 22:00:00,-9,-5,0.004040068,31,2021-01-01
2022-09-06 23:00:00,2022-09-06 22:00:00,-5,11,0.003437054,32,2021-01-01
2022-09-06 23:00:00,2022-09-06 22:00:00,-4,0,0.003006689,33,2021-01-01
2022-09-06 23:00:00,2022-09-06 22:00:00,-3,-1,0.00277788,34,2021-01-01
2022-09-06 23:00:00,2022-09-06 22:00:00,-5,1,0.002160451,35,2021-01-01
2022-09-06 23:00:00,2022-09-06 22:00:00,7,4,0.0018838979,36,2021-01-01
2022-09-06 23:00:00,2022-09-06 22:00:00,5,-3,0.0013749137,37,2021-01-01
2022-09-06 23:00:00,2022-09-06 22:00:00,7,-4,0.0012381626,38,2021-01-01
2022-09-06 23:00:00,2022-09-06 22:00:00,1,6,0.001112847,39,2021-01-01
2022-09-06 23:00:00,2022-09-06 22:00:00,-1,-2,0.0009441609,40,2021-01-01
2022-09-06 23:00:00,2022-09-06 22:00:00,-5,-3,0.00091777585,41,2021-01-01
2022-09-06 23:00:00,2022-09-06 22:00:00,-3,0,0.00081274105,42,2021-01-01
2022-09-06 23:00:00,2022-09-06 22:00:00,2,-6,0.0008115316,43,2021-01-01
2022-09-06 23:00:00,2022-09-06 22:00:00,9,3,0.00080104143,44,2021-01-01
2022-09-06 23:00:00,2022-09-06 22:00:00,-1,-3,0.00059884373,45,2021-01-01
2022-09-06 23:00:00,2022-09-06 22:00:00,0,1,0.00049563637,46,2021-01-01
2022-09-06 23:00:00,2022-09-06 22:00:00,0,9,0.00042926474,47,2021-01-01
2022-09-06 23:00:00,2022-09-06 22:00:00,-10,-3,0.00040756035,48,2021-01-01
2022-09-06 23:00:00,2022-09-06 22:00:00,0,8,0.00039017052,49,2021-01-01
2022-09-06 23:00:00,2022-09-06 22:00:00,-3,1,0.00034726213,50,2021-01-01
2022-09-06 23:00:00,2022-09-06 22:00:00,10,5,0.000334261,51,2021-01-01
2022-09-06 23:00:00,2022-09-06 22:00:00,1,-3,0.00030591708,52,2021-01-01
2022-09-06 23:00:00,2022-09-06 22:00:00,-3,8,0.00029205644,53,2021-01-01
2022-09-06 23:00:00,2022-09-06 22:00:00,1,-2,0.00028376727,54,2021-01-01
2022-09-06 23:00:00,2022-09-06 22:00:00,0,-5,0.00027485445,55,2021-01-01
2022-09-06 23:00:00,2022-09-06 22:00:00,10,3,0.00027067718,56,2021-01-01
2022-09-06 23:00:00,2022-09-06 22:00:00,1,8,0.00025056343,57,2021-01-01
2022-09-06 23:00:00,2022-09-06 22:00:00,-1,9,0.00024823615,58,2021-01-01
2022-09-06 23:00:00,2022-09-06 22:00:00,-5,0,0.00024345005,59,2021-01-01
2022-09-06 23:00:00,2022-09-06 22:00:00,7,-5,0.00023166141,60,2021-01-01
2022-09-06 23:00:00,2022-09-06 22:00:00,-6,8,0.00021397432,61,2021-01-01
2022-09-06 23:00:00,2022-09-06 22:00:00,3,-1,0.00020910347,62,2021-01-01
2022-09-06 23:00:00,2022-09-06 22:00:00,-5,15,0.00016083237,63,2021-01-01
2022-09-06 23:00:00,2022-09-06 22:00:00,-9,-4,0.00015472672,64,2021-01-01
2022-09-06 23:00:00,2022-09-06 22:00:00,7,11,0.00014725591,65,2021-01-01
2022-09-06 23:00:00,2022-09-06 22:00:00,-2,10,0.00014685107,66,2021-01-01
2022-09-06 23:00:00,2022-09-06 22:00:00,1,19,0.00013348224,67,2021-01-01
2022-09-06 23:00:00,2022-09-06 22:00:00,-3,13,0.00012458245,68,2021-01-01
2022-09-06 23:00:00,2022-09-06 22:00:00,4,-1,0.000121719866,69,2021-01-01
2022-09-06 23:00:00,2022-09-06 22:00:00,-4,-5,0.000121570425,70,2021-01-01
2022-09-06 23:00:00,2022-09-06 22:00:00,-1,7,0.0001200153,71,2021-01-01
2022-09-06 23:00:00,2022-09-06 22:00:00,-5,4,0.0001144928,72,2021-01-01
2022-09-06 23:00:00,2022-09-06 22:00:00,-9,6,0.000113001064,73,2021-01-01
2022-09-06 23:00:00,2022-09-06 22:00:00,10,0,0.000112296875,74,2021-01-01
2022-09-06 23:00:00,2022-09-06 22:00:00,-6,1,0.00011115161,75,2021-01-01
2022-09-06 23:00:00,2022-09-06 22:00:00,-4,5,0.00010961727,76,2021-01-01
2022-09-06 23:00:00,2022-09-06 22:00:00,-9,-1,0.0001072884,77,2021-01-01
2022-09-06 23:00:00,2022-09-06 22:00:00,5,-1,0.00010600704,78,2021-01-01
2022-09-06 23:00:00,2022-09-06 22:00:00,-7,-1,0.000105470586,79,2021-01-01
2022-09-06 23:00:00,2022-09-06 22:00:00,3,-3,0.000104563405,80,2021-01-01
2022-09-06 23:00:00,2022-09-06 22:00:00,-7,1,0.00010450441,81,2021-01-01
2022-09-06 23:00:00,2022-09-06 22:00:00,-6,15,0.00010448447,82,2021-01-01
2022-09-06 23:00:00,2022-09-06 22:00:00,-9,0,0.00010332917,83,2021-01-01
2022-09-06 23:00:00,2022-09-06 22:00:00,3,0,0.000101852085,84,2021-01-01
2022-09-06 23:00:00,2022-09-06 22:00:00,1,-7,0.000101622,85,2021-01-01
2022-09-06 23:00:00,2022-09-06 22:00:00,-8,6,0.00010125366,86,2021-01-01
2022-09-06 23:00:00,2022-09-06 22:00:00,2,-7,9.582308e-05,87,2021-01-01
2022-09-06 23:00:00,2022-09-06 22:00:00,-1,-7,9.089531e-05,88,2021-01-01
2022-09-06 23:00:00,2022-09-06 22:00:00,2,-3,8.84801e-05,89,2021-01-01
2022-09-06 23:00:00,2022-09-06 22:00:00,6,11,8.599076e-05,90,2021-01-01
2022-09-06 23:00:00,2022-09-06 22:00:00,-6,-2,8.596664e-05,91,2021-01-01
2022-09-06 23:00:00,2022-09-06 22:00:00,-2,1,8.507954e-05,92,2021-01-01
2022-09-06 23:00:00,2022-09-06 22:00:00,4,14,8.145792e-05,93,2021-01-01
2022-09-06 23:00:00,2022-09-06 22:00:00,-6,-3,7.9312915e-05,94,2021-01-01
2022-09-06 23:00:00,2022-09-06 22:00:00,-1,2,7.811441e-05,95,2021-01-01
2022-09-06 23:00:00,2022-09-06 22:00:00,-3,2,7.788855e-05,96,2021-01-01
2022-09-06 23:00:00,2022-09-06 22:00:00,5,-4,7.617493e-05,97,2021-01-01
2022-09-06 23:00:00,2022-09-06 22:00:00,-5,2,7.5823424e-05,98,2021-01-01
2022-09-06 23:00:00,2022-09-06 22:00:00,-4,2,7.5823424e-05,99,2021-01-01
2022-09-06 23:00:00,2022-09-06 22:00:00,1,2,7.479843e-05,100,2021-01-01
2022-09-06 23:00:00,2022-09-06 22:00:00,-3,9,7.3325245e-05,101,2021-01-01
2022-09-06 23:00:00,2022-09-06 22:00:00,-11,-5,7.287169e-05,102,2021-01-01
2022-09-06 23:00:00,2022-09-06 22:00:00,-10,8,7.2870964e-05,103,2021-01-01
2022-09-06 23:00:00,2022-09-06 22:00:00,3,17,7.249701e-05,104,2021-01-01
2022-09-06 23:00:00,2022-09-06 22:00:00,-2,-5,7.235266e-05,105,2021-01-01
2022-09-06 23:00:00,2022-09-06 22:00:00,1,-5,7.2038405e-05,106,2021-01-01
2022-09-06 23:00:00,2022-09-06 22:00:00,3,-2,7.201327e-05,107,2021-01-01
2022-09-06 23:00:00,2022-09-06 22:00:00,-1,1,7.155725e-05,108,2021-01-01
2022-09-06 23:00:00,2022-09-06 22:00:00,4,-4,7.0778646e-05,109,2021-01-01
2022-09-06 23:00:00,2022-09-06 22:00:00,4,-6,7.048583e-05,110,2021-01-01
2022-09-06 23:00:00,2022-09-06 22:00:00,1,11,6.985208e-05,111,2021-01-01
2022-09-06 23:00:00,2022-09-06 22:00:00,-10,-4,6.831882e-05,112,2021-01-01
2022-09-06 23:00:00,2022-09-06 22:00:00,-4,-4,6.774122e-05,113,2021-01-01
2022-09-06 23:00:00,2022-09-06 22:00:00,-1,-4,6.677856e-05,114,2021-01-01
2022-09-06 23:00:00,2022-09-06 22:00:00,-2,9,6.661211e-05,115,2021-01-01
2022-09-06 23:00:00,2022-09-06 22:00:00,-4,8,6.6516666e-05,116,2021-01-01
2022-09-06 23:00:00,2022-09-06 22:00:00,0,13,6.605772e-05,117,2021-01-01
2022-09-06 23:00:00,2022-09-06 22:00:00,0,14,6.605772e-05,118,2021-01-01
2022-09-06 23:00:00,2022-09-06 22:00:00,0,11,6.522841e-05,119,2021-01-01
2022-09-06 23:00:00,2022-09-06 22:00:00,-1,11,6.506117e-05,120,2021-01-01
2022-09-06 23:00:00,2022-09-06 22:00:00,-1,13,6.506117e-05,121,2021-01-01
2022-09-06 23:00:00,2022-09-06 22:00:00,-2,11,6.460152e-05,122,2021-01-01
2022-09-06 23:00:00,2022-09-06 22:00:00,-3,11,6.439182e-05,123,2021-01-01
2022-09-06 23:00:00,2022-09-06 22:00:00,-3,12,6.439182e-05,124,2021-01-01
2022-09-06 23:00:00,2022-09-06 22:00:00,-3,14,6.425092e-05,125,2021-01-01
2022-09-06 23:00:00,2022-09-06 22:00:00,-4,12,6.361776e-05,126,2021-01-01
2022-09-06 23:00:00,2022-09-06 22:00:00,-1,3,6.360637e-05,127,2021-01-01
2022-09-06 23:00:00,2022-09-06 22:00:00,2,9,6.352139e-05,128,2021-01-01
2022-09-06 23:00:00,2022-09-06 22:00:00,0,-3,6.347753e-05,129,2021-01-01
2022-09-06 23:00:00,2022-09-06 22:00:00,-2,16,6.327469e-05,130,2021-01-01
2022-09-06 23:00:00,2022-09-06 22:00:00,-1,15,6.327469e-05,131,2021-01-01
2022-09-06 23:00:00,2022-09-06 22:00:00,2,7,6.323676e-05,132,2021-01-01
2022-09-06 23:00:00,2022-09-06 22:00:00,-4,10,6.317153e-05,133,2021-01-01
2022-09-06 23:00:00,2022-09-06 22:00:00,-5,-5,6.312565e-05,134,2021-01-01
2022-09-06 23:00:00,2022-09-06 22:00:00,-1,16,6.309667e-05,135,2021-01-01
2022-09-06 23:00:00,2022-09-06 22:00:00,1,9,6.309667e-05,136,2021-01-01
2022-09-06 23:00:00,2022-09-06 22:00:00,-5,-4,6.3023464e-05,137,2021-01-01
2022-09-06 23:00:00,2022-09-06 22:00:00,-2,15,6.279976e-05,138,2021-01-01
2022-09-06 23:00:00,2022-09-06 22:00:00,0,19,6.239628e-05,139,2021-01-01
2022-09-06 23:00:00,2022-09-06 22:00:00,-3,15,6.233136e-05,140,2021-01-01
2022-09-06 23:00:00,2022-09-06 22:00:00,1,20,6.213063e-05,141,2021-01-01
2022-09-06 23:00:00,2022-09-06 22:00:00,-1,8,6.210972e-05,142,2021-01-01
2022-09-06 23:00:00,2022-09-06 22:00:00,-1,18,6.2042964e-05,143,2021-01-01
2022-09-06 23:00:00,2022-09-06 22:00:00,-2,8,6.1833525e-05,144,2021-01-01
2022-09-06 23:00:00,2022-09-06 22:00:00,0,18,6.165835e-05,145,2021-01-01
2022-09-06 23:00:00,2022-09-06 22:00:00,2,-2,6.11181e-05,146,2021-01-01
2022-09-06 23:00:00,2022-09-06 22:00:00,-4,3,6.0583727e-05,147,2021-01-01
2022-09-06 23:00:00,2022-09-06 22:00:00,-1,6,6.0427017e-05,148,2021-01-01
2022-09-06 23:00:00,2022-09-06 22:00:00,-2,3,6.020986e-05,149,2021-01-01
2022-09-06 23:00:00,2022-09-06 22:00:00,2,20,6.0104998e-05,150,2021-01-01
2022-09-06 23:00:00,2022-09-06 22:00:00,2,8,5.9666632e-05,151,2021-01-01
2022-09-06 23:00:00,2022-09-06 22:00:00,3,1,5.964089e-05,152,2021-01-01
2022-09-06 23:00:00,2022-09-06 22:00:00,-4,19,5.9550057e-05,153,2021-01-01
2022-09-06 23:00:00,2022-09-06 22:00:00,-10,10,5.8676294e-05,154,2021-01-01
2022-09-06 23:00:00,2022-09-06 22:00:00,-4,4,5.8538502e-05,155,2021-01-01
2022-09-06 23:00:00,2022-09-06 22:00:00,6,6,5.787649e-05,156,2021-01-01
2022-09-06 23:00:00,2022-09-06 22:00:00,4,1,5.787112e-05,157,2021-01-01
2022-09-06 23:00:00,2022-09-06 22:00:00,0,5,5.785868e-05,158,2021-01-01
2022-09-06 23:00:00,2022-09-06 22:00:00,-5,9,5.785067e-05,159,2021-01-01
2022-09-06 23:00:00,2022-09-06 22:00:00,-5,10,5.785067e-05,160,2021-01-01
2022-09-06 23:00:00,2022-09-06 22:00:00,-3,7,5.784578e-05,161,2021-01-01
2022-09-06 23:00:00,2022-09-06 22:00:00,1,5,5.7470967e-05,162,2021-01-01
2022-09-06 23:00:00,2022-09-06 22:00:00,8,0,5.692409e-05,163,2021-01-01
2022-09-06 23:00:00,2022-09-06 22:00:00,7,-1,5.688361e-05,164,2021-01-01
2022-09-06 23:00:00,2022-09-06 22:00:00,6,3,5.666166e-05,165,2021-01-01
2022-09-06 23:00:00,2022-09-06 22:00:00,-12,-5,5.632984e-05,166,2021-01-01
2022-09-06 23:00:00,2022-09-06 22:00:00,5,3,5.6300083e-05,167,2021-01-01
2022-09-06 23:00:00,2022-09-06 22:00:00,-3,18,5.6285866e-05,168,2021-01-01
2022-09-06 23:00:00,2022-09-06 22:00:00,-1,5,5.6228357e-05,169,2021-01-01
2022-09-06 23:00:00,2022-09-06 22:00:00,8,1,5.622698e-05,170,2021-01-01
2022-09-06 23:00:00,2022-09-06 22:00:00,7,1,5.590456e-05,171,2021-01-01
2022-09-06 23:00:00,2022-09-06 22:00:00,9,-2,5.5823e-05,172,2021-01-01
2022-09-06 23:00:00,2022-09-06 22:00:00,5,2,5.5440516e-05,173,2021-01-01
2022-09-06 23:00:00,2022-09-06 22:00:00,1,1,5.5411103e-05,174,2021-01-01
2022-09-06 23:00:00,2022-09-06 22:00:00,-11,-6,5.533415e-05,175,2021-01-01
2022-09-06 23:00:00,2022-09-06 22:00:00,-4,17,5.451587e-05,176,2021-01-01
2022-09-06 23:00:00,2022-09-06 22:00:00,9,2,5.4222415e-05,177,2021-01-01
2022-09-06 23:00:00,2022-09-06 22:00:00,8,-1,5.414015e-05,178,2021-01-01
2022-09-06 23:00:00,2022-09-06 22:00:00,10,-1,5.3855718e-05,179,2021-01-01
2022-09-06 23:00:00,2022-09-06 22:00:00,-6,4,5.3763415e-05,180,2021-01-01
2022-09-06 23:00:00,2022-09-06 22:00:00,9,0,5.3690044e-05,181,2021-01-01
2022-09-06 23:00:00,2022-09-06 22:00:00,9,1,5.2206102e-05,182,2021-01-01
2022-09-06 23:00:00,2022-09-06 22:00:00,-1,-6,4.755276e-05,183,2021-01-01
2022-09-06 23:00:00,2022-09-06 22:00:00,0,-6,4.498685e-05,184,2021-01-01
2022-09-06 23:00:00,2022-09-06 22:00:00,8,-3,4.388223e-05,185,2021-01-01
2022-09-06 23:00:00,2022-09-06 22:00:00,8,-4,4.0584087e-05,186,2021-01-01
2023-07-05 22:00:00,2023-07-05 21:00:00,-2,-3,0.009344792,1,2021-01-01
2023-07-05 22:00:00,2023-07-05 21:00:00,0,0,0.006268592,2,2021-01-01
2023-07-05 22:00:00,2023-07-05 21:00:00,5,-2,0.0058127022,3,2021-01-01
2023-07-05 22:00:00,2023-07-05 21:00:00,1,-1,0.005593037,4,2021-01-01
2023-07-05 22:00:00,2023-07-05 21:00:00,1,0,0.005265355,5,2021-01-01
2023-07-05 22:00:00,2023-07-05 21:00:00,6,-4,0.004695791,6,2021-01-01
2023-07-05 22:00:00,2023-07-05 21:00:00,2,0,0.0045599365,7,2021-01-01
2023-07-05 22:00:00,2023-07-05 21:00:00,-2,-4,0.0038732311,8,2021-01-01
2023-07-05 22:00:00,2023-07-05 21:00:00,3,0,0.003428153,9,2021-01-01
2023-07-05 22:00:00,2023-07-05 21:00:00,-3,-4,0.003185099,10,2021-01-01
2023-07-05 22:00:00,2023-07-05 21:00:00,0,-2,0.0030455217,11,2021-01-01
2023-07-05 22:00:00,2023-07-05 21:00:00,-3,-3,0.0027821858,12,2021-01-01
2023-07-05 22:00:00,2023-07-05 21:00:00,0,17,0.00264616,13,2021-01-01
2023-07-05 22:00:00,2023-07-05 21:00:00,0,-1,0.0025595736,14,2021-01-01
2023-07-05 22:00:00,2023-07-05 21:00:00,-4,-2,0.002193879,15,2021-01-01
2023-07-05 22:00:00,2023-07-05 21:00:00,-1,-1,0.0020723143,16,2021-01-01
2023-07-05 22:00:00,2023-07-05 21:00:00,-1,0,0.0019544335,17,2021-01-01
2023-07-05 22:00:00,2023-07-05 21:00:00,7,-5,0.0019233767,18,2021-01-01
2023-07-05 22:00:00,2023-07-05 21:00:00,-4,-3,0.0016428282,19,2021-01-01
2023-07-05 22:00:00,2023-07-05 21:00:00,0,12,0.0015582754,20,2021-01-01
2023-07-05 22:00:00,2023-07-05 21:00:00,-3,-2,0.001549331,21,2021-01-01
2023-07-05 22:00:00,2023-07-05 21:00:00,6,5,0.0014385724,22,2021-01-01
2023-07-05 22:00:00,2023-07-05 21:00:00,-4,-1,0.0014318154,23,2021-01-01
2023-07-05 22:00:00,2023-07-05 21:00:00,-4,0,0.0013496714,24,2021-01-01
2023-07-05 22:00:00,2023-07-05 21:00:00,6,-3,0.0010015998,25,2021-01-01
2023-07-05 22:00:00,2023-07-05 21:00:00,-5,-2,0.0009833694,26,2021-01-01
2023-07-05 22:00:00,2023-07-05 21:00:00,-12,-5,0.0009662157,27,2021-01-01
2023-07-05 22:00:00,2023-07-05 21:00:00,-3,1,0.0009025876,28,2021-01-01
2023-07-05 22:00:00,2023-07-05 21:00:00,-2,0,0.0008441706,29,2021-01-01
2023-07-05 22:00:00,2023-07-05 21:00:00,2,7,0.00078279915,30,2021-01-01
2023-07-05 22:00:00,2023-07-05 21:00:00,-2,-1,0.0007242116,31,2021-01-01
2023-07-05 22:00:00,2023-07-05 21:00:00,2,1,0.00069848384,32,2021-01-01
2023-07-05 22:00:00,2023-07-05 21:00:00,-2,13,0.00058276695,33,2021-01-01
2023-07-05 22:00:00,2023-07-05 21:00:00,-11,-5,0.00051302643,34,2021-01-01
2023-07-05 22:00:00,2023-07-05 21:00:00,-9,-5,0.00046792615,35,2021-01-01
2023-07-05 22:00:00,2023-07-05 21:00:00,2,-1,0.00038569616,36,2021-01-01
2023-07-05 22:00:00,2023-07-05 21:00:00,0,13,0.00037010023,37,2021-01-01
2023-07-05 22:00:00,2023-07-05 21:00:00,-2,-2,0.00036595794,38,2021-01-01
2023-07-05 22:00:00,2023-07-05 21:00:00,-5,-1,0.00034915726,39,2021-01-01
2023-07-05 22:00:00,2023-07-05 21:00:00,7,4,0.0003100147,40,2021-01-01
2023-07-05 22:00:00,2023-07-05 21:00:00,-1,-3,0.0003002033,41,2021-01-01
2023-07-05 22:00:00,2023-07-05 21:00:00,-1,-2,0.00028629226,42,2021-01-01
2023-07-05 22:00:00,2023-07-05 21:00:00,-5,11,0.0002682677,43,2021-01-01
2023-07-05 22:00:00,2023-07-05 21:00:00,-3,0,0.0002579163,44,2021-01-01
2023-07-05 22:00:00,2023-07-05 21:00:00,-3,-1,0.0002503541,45,2021-01-01
2023-07-05 22:00:00,2023-07-05 21:00:00,0,14,0.0002478539,46,2021-01-01
2023-07-05 22:00:00,2023-07-05 21:00:00,2,-7,0.00023913947,47,2021-01-01
2023-07-05 22:00:00,2023-07-05 21:00:00,1,6,0.0002151869,48,2021-01-01
2023-07-05 22:00:00,2023-07-05 21:00:00,-5,1,0.00021423546,49,2021-01-01
2023-07-05 22:00:00,2023-07-05 21:00:00,2,-2,0.00019972795,50,2021-01-01
2023-07-05 22:00:00,2023-07-05 21:00:00,-4,4,0.00019622564,51,2021-01-01
2023-07-05 22:00:00,2023-07-05 21:00:00,-3,8,0.00019092327,52,2021-01-01
2023-07-05 22:00:00,2023-07-05 21:00:00,7,11,0.00018909971,53,2021-01-01
2023-07-05 22:00:00,2023-07-05 21:00:00,-6,4,0.00018907357,54,2021-01-01
2023-07-05 22:00:00,2023-07-05 21:00:00,8,-1,0.0001754128,55,2021-01-01
2023-07-05 22:00:00,2023-07-05 21:00:00,0,8,0.00015361757,56,2021-01-01
2023-07-05 22:00:00,2023-07-05 21:00:00,9,3,0.00015164727,57,2021-01-01
2023-07-05 22:00:00,2023-07-05 21:00:00,1,8,0.00014442996,58,2021-01-01
2023-07-05 22:00:00,2023-07-05 21:00:00,-1,13,0.00014127808,59,2021-01-01
2023-07-05 22:00:00,2023-07-05 21:00:00,-1,9,0.0001341557,60,2021-01-01
2023-07-05 22:00:00,2023-07-05 21:00:00,2,-6,0.00012910464,61,2021-01-01
2023-07-05 22:00:00,2023-07-05 21:00:00,-10,8,0.00012221008,62,2021-01-01
2023-07-05 22:00:00,2023-07-05 21:00:00,1,-7,0.000118164295,63,2021-01-01
2023-07-05 22:00:00,2023-07-05 21:00:00,0,1,0.000110204244,64,2021-01-01
2023-07-05 22:00:00,2023-07-05 21:00:00,0,-5,0.00010439268,65,2021-01-01
2023-07-05 22:00:00,2023-07-05 21:00:00,-3,15,0.00010253468,66,2021-01-01
2023-07-05 22:00:00,2023-07-05 21:00:00,-3,14,9.8838755e-05,67,2021-01-01
2023-07-05 22:00:00,2023-07-05 21:00:00,1,-2,9.705744e-05,68,2021-01-01
2023-07-05 22:00:00,2023-07-05 21:00:00,-3,9,9.452691e-05,69,2021-01-01
2023-07-05 22:00:00,2023-07-05 21:00:00,-5,-3,9.177622e-05,70,2021-01-01
2023-07-05 22:00:00,2023-07-05 21:00:00,3,1,9.005701e-05,71,2021-01-01
2023-07-05 22:00:00,2023-07-05 21:00:00,0,-6,9.0047055e-05,72,2021-01-01
2023-07-05 22:00:00,2023-07-05 21:00:00,-3,13,8.814078e-05,73,2021-01-01
2023-07-05 22:00:00,2023-07-05 21:00:00,5,-3,8.607898e-05,74,2021-01-01
2023-07-05 22:00:00,2023-07-05 21:00:00,-2,16,8.392991e-05,75,2021-01-01
2023-07-05 22:00:00,2023-07-05 21:00:00,-1,8,8.370712e-05,76,2021-01-01
2023-07-05 22:00:00,2023-07-05 21:00:00,-2,15,8.3543746e-05,77,2021-01-01
2023-07-05 22:00:00,2023-07-05 21:00:00,-1,15,8.3543746e-05,78,2021-01-01
2023-07-05 22:00:00,2023-07-05 21:00:00,0,9,8.3543746e-05,79,2021-01-01
2023-07-05 22:00:00,2023-07-05 21:00:00,-1,16,8.324073e-05,80,2021-01-01
2023-07-05 22:00:00,2023-07-05 21:00:00,-3,12,8.206075e-05,81,2021-01-01
2023-07-05 22:00:00,2023-07-05 21:00:00,-2,11,8.1989994e-05,82,2021-01-01
2023-07-05 22:00:00,2023-07-05 21:00:00,-1,11,8.1989994e-05,83,2021-01-01
2023-07-05 22:00:00,2023-07-05 21:00:00,0,11,8.1989994e-05,84,2021-01-01
2023-07-05 22:00:00,2023-07-05 21:00:00,1,19,8.1808335e-05,85,2021-01-01
2023-07-05 22:00:00,2023-07-05 21:00:00,-2,9,8.063981e-05,86,2021-01-01
2023-07-05 22:00:00,2023-07-05 21:00:00,-9,-1,7.9648606e-05,87,2021-01-01
2023-07-05 22:00:00,2023-07-05 21:00:00,3,17,7.95899e-05,88,2021-01-01
2023-07-05 22:00:00,2023-07-05 21:00:00,0,19,7.92461e-05,89,2021-01-01
2023-07-05 22:00:00,2023-07-05 21:00:00,1,9,7.900709e-05,90,2021-01-01
2023-07-05 22:00:00,2023-07-05 21:00:00,-2,10,7.885648e-05,91,2021-01-01
2023-07-05 22:00:00,2023-07-05 21:00:00,-1,18,7.8660334e-05,92,2021-01-01
2023-07-05 22:00:00,2023-07-05 21:00:00,4,-4,7.783567e-05,93,2021-01-01
2023-07-05 22:00:00,2023-07-05 21:00:00,1,20,7.782116e-05,94,2021-01-01
2023-07-05 22:00:00,2023-07-05 21:00:00,1,11,7.7558514e-05,95,2021-01-01
2023-07-05 22:00:00,2023-07-05 21:00:00,2,9,7.6906246e-05,96,2021-01-01
2023-07-05 22:00:00,2023-07-05 21:00:00,-4,-5,7.590338e-05,97,2021-01-01
2023-07-05 22:00:00,2023-07-05 21:00:00,-3,11,7.518037e-05,98,2021-01-01
2023-07-05 22:00:00,2023-07-05 21:00:00,2,20,7.491954e-05,99,2021-01-01
2023-07-05 22:00:00,2023-07-05 21:00:00,0,18,7.4780844e-05,100,2021-01-01
2023-07-05 22:00:00,2023-07-05 21:00:00,2,8,7.41777e-05,101,2021-01-01
2023-07-05 22:00:00,2023-07-05 21:00:00,-1,-4,7.404958e-05,102,2021-01-01
2023-07-05 22:00:00,2023-07-05 21:00:00,10,5,7.3378906e-05,103,2021-01-01
2023-07-05 22:00:00,2023-07-05 21:00:00,-4,19,7.311497e-05,104,2021-01-01
2023-07-05 22:00:00,2023-07-05 21:00:00,-4,10,7.131795e-05,105,2021-01-01
2023-07-05 22:00:00,2023-07-05 21:00:00,4,14,7.1253075e-05,106,2021-01-01
2023-07-05 22:00:00,2023-07-05 21:00:00,-4,12,7.1059774e-05,107,2021-01-01
2023-07-05 22:00:00,2023-07-05 21:00:00,-5,15,6.9522815e-05,108,2021-01-01
2023-07-05 22:00:00,2023-07-05 21:00:00,-5,10,6.815861e-05,109,2021-01-01
2023-07-05 22:00:00,2023-07-05 21:00:00,6,6,6.803023e-05,110,2021-01-01
2023-07-05 22:00:00,2023-07-05 21:00:00,-5,-5,6.740307e-05,111,2021-01-01
2023-07-05 22:00:00,2023-07-05 21:00:00,6,11,6.530544e-05,112,2021-01-01
2023-07-05 22:00:00,2023-07-05 21:00:00,-10,10,6.509331e-05,113,2021-01-01
2023-07-05 22:00:00,2023-07-05 21:00:00,4,-6,6.504541e-05,114,2021-01-01
2023-07-05 22:00:00,2023-07-05 21:00:00,4,-1,6.4974796e-05,115,2021-01-01
2023-07-05 22:00:00,2023-07-05 21:00:00,-7,1,6.324762e-05,116,2021-01-01
2023-07-05 22:00:00,2023-07-05 21:00:00,-3,18,6.319766e-05,117,2021-01-01
2023-07-05 22:00:00,2023-07-05 21:00:00,-5,9,6.29328e-05,118,2021-01-01
2023-07-05 22:00:00,2023-07-05 21:00:00,-4,17,6.239059e-05,119,2021-01-01
2023-07-05 22:00:00,2023-07-05 21:00:00,-5,0,6.103739e-05,120,2021-01-01
2023-07-05 22:00:00,2023-07-05 21:00:00,0,-3,6.101542e-05,121,2021-01-01
2023-07-05 22:00:00,2023-07-05 21:00:00,-6,8,6.0841678e-05,122,2021-01-01
2023-07-05 22:00:00,2023-07-05 21:00:00,4,1,6.0795846e-05,123,2021-01-01
2023-07-05 22:00:00,2023-07-05 21:00:00,10,-1,5.908906e-05,124,2021-01-01
2023-07-05 22:00:00,2023-07-05 21:00:00,-6,1,5.8323294e-05,125,2021-01-01
2023-07-05 22:00:00,2023-07-05 21:00:00,-8,6,5.787067e-05,126,2021-01-01
2023-07-05 22:00:00,2023-07-05 21:00:00,-1,-7,5.7124795e-05,127,2021-01-01
2023-07-05 22:00:00,2023-07-05 21:00:00,-6,15,5.5170804e-05,128,2021-01-01
2023-07-05 22:00:00,2023-07-05 21:00:00,-3,7,5.486506e-05,129,2021-01-01
2023-07-05 22:00:00,2023-07-05 21:00:00,10,3,5.4198405e-05,130,2021-01-01
2023-07-05 22:00:00,2023-07-05 21:00:00,1,5,5.375083e-05,131,2021-01-01
2023-07-05 22:00:00,2023-07-05 21:00:00,-4,5,5.366716e-05,132,2021-01-01
2023-07-05 22:00:00,2023-07-05 21:00:00,8,1,5.3605152e-05,133,2021-01-01
2023-07-05 22:00:00,2023-07-05 21:00:00,-1,6,5.2868843e-05,134,2021-01-01
2023-07-05 22:00:00,2023-07-05 21:00:00,2,-3,5.1963725e-05,135,2021-01-01
2023-07-05 22:00:00,2023-07-05 21:00:00,-2,8,5.09923e-05,136,2021-01-01
2023-07-05 22:00:00,2023-07-05 21:00:00,8,0,5.0926756e-05,137,2021-01-01
2023-07-05 22:00:00,2023-07-05 21:00:00,-1,7,5.054341e-05,138,2021-01-01
2023-07-05 22:00:00,2023-07-05 21:00:00,-5,4,5.0384784e-05,139,2021-01-01
2023-07-05 22:00:00,2023-07-05 21:00:00,-9,0,4.955866e-05,140,2021-01-01
2023-07-05 22:00:00,2023-07-05 21:00:00,0,5,4.8057394e-05,141,2021-01-01
2023-07-05 22:00:00,2023-07-05 21:00:00,-5,2,4.757526e-05,142,2021-01-01
2023-07-05 22:00:00,2023-07-05 21:00:00,-4,3,4.754591e-05,143,2021-01-01
2023-07-05 22:00:00,2023-07-05 21:00:00,-1,5,4.7184247e-05,144,2021-01-01
2023-07-05 22:00:00,2023-07-05 21:00:00,3,-2,4.685206e-05,145,2021-01-01
2023-07-05 22:00:00,2023-07-05 21:00:00,3,-3,4.6412166e-05,146,2021-01-01
2023-07-05 22:00:00,2023-07-05 21:00:00,9,-2,4.611546e-05,147,2021-01-01
2023-07-05 22:00:00,2023-07-05 21:00:00,1,-3,4.5897526e-05,148,2021-01-01
2023-07-05 22:00:00,2023-07-05 21:00:00,5,-4,4.57306e-05,149,2021-01-01
2023-07-05 22:00:00,2023-07-05 21:00:00,1,1,4.5064302e-05,150,2021-01-01
2023-07-05 22:00:00,2023-07-05 21:00:00,1,2,4.4887114e-05,151,2021-01-01
2023-07-05 22:00:00,2023-07-05 21:00:00,-4,8,4.4526543e-05,152,2021-01-01
2023-07-05 22:00:00,2023-07-05 21:00:00,7,-4,4.3906835e-05,153,2021-01-01
2023-07-05 22:00:00,2023-07-05 21:00:00,9,2,4.2009357e-05,154,2021-01-01
2023-07-05 22:00:00,2023-07-05 21:00:00,9,1,4.1807227e-05,155,2021-01-01
2023-07-05 22:00:00,2023-07-05 21:00:00,3,-1,4.140595e-05,156,2021-01-01
2023-07-05 22:00:00,2023-07-05 21:00:00,10,0,4.102122e-05,157,2021-01-01
2023-07-05 22:00:00,2023-07-05 21:00:00,8,-4,4.0275412e-05,158,2021-01-01
2023-07-05 22:00:00,2023-07-05 21:00:00,9,0,3.920997e-05,159,2021-01-01
2023-07-05 22:00:00,2023-07-05 21:00:00,-2,-5,3.8958424e-05,160,2021-01-01
2023-07-05 22:00:00,2023-07-05 21:00:00,-10,-3,3.8766662e-05,161,2021-01-01
2023-07-05 22:00:00,2023-07-05 21:00:00,6,3,3.8646624e-05,162,2021-01-01
2023-07-05 22:00:00,2023-07-05 21:00:00,-10,-4,3.815665e-05,163,2021-01-01
2023-07-05 22:00:00,2023-07-05 21:00:00,-9,-4,3.7695703e-05,164,2021-01-01
2023-07-05 22:00:00,2023-07-05 21:00:00,5,2,3.690562e-05,165,2021-01-01
2023-07-05 22:00:00,2023-07-05 21:00:00,-4,2,3.6854424e-05,166,2021-01-01
2023-07-05 22:00:00,2023-07-05 21:00:00,7,1,3.6548634e-05,167,2021-01-01
2023-07-05 22:00:00,2023-07-05 21:00:00,-3,2,3.6264504e-05,168,2021-01-01
2023-07-05 22:00:00,2023-07-05 21:00:00,7,-1,3.5862602e-05,169,2021-01-01
2023-07-05 22:00:00,2023-07-05 21:00:00,5,-1,3.576645e-05,170,2021-01-01
2023-07-05 22:00:00,2023-07-05 21:00:00,5,3,3.5399276e-05,171,2021-01-01
2023-07-05 22:00:00,2023-07-05 21:00:00,8,-3,3.470214e-05,172,2021-01-01
2023-07-05 22:00:00,2023-07-05 21:00:00,-1,-6,3.4591674e-05,173,2021-01-01
2023-07-05 22:00:00,2023-07-05 21:00:00,-5,-4,3.3246568e-05,174,2021-01-01
2023-07-05 22:00:00,2023-07-05 21:00:00,-2,3,3.282916e-05,175,2021-01-01
2023-07-05 22:00:00,2023-07-05 21:00:00,-11,-6,3.2398355e-05,176,2021-01-01
2023-07-05 22:00:00,2023-07-05 21:00:00,1,-5,3.2112137e-05,177,2021-01-01
2023-07-05 22:00:00,2023-07-05 21:00:00,-9,6,3.211152e-05,178,2021-01-01
2023-07-05 22:00:00,2023-07-05 21:00:00,-7,-1,3.1910295e-05,179,2021-01-01
2023-07-05 22:00:00,2023-07-05 21:00:00,-1,3,3.0380148e-05,180,2021-01-01
2023-07-05 22:00:00,2023-07-05 21:00:00,-4,-4,2.984413e-05,181,2021-01-01
2023-07-05 22:00:00,2023-07-05 21:00:00,-1,2,2.9393306e-05,182,2021-01-01
2023-07-05 22:00:00,2023-07-05 21:00:00,-1,1,2.936056e-05,183,2021-01-01
2023-07-05 22:00:00,2023-07-05 21:00:00,-2,1,2.8669592e-05,184,2021-01-01
2023-07-05 22:00:00,2023-07-05 21:00:00,-6,-2,2.4586103e-05,185,2021-01-01
2023-07-05 22:00:00,2023-07-05 21:00:00,-6,-3,2.2411017e-05,186,2021-01-01
2023-09-20 00:00:00,2023-09-19 23:00:00,0,0,0.07456156,1,2021-01-01
2023-09-20 00:00:00,2023-09-19 23:00:00,-2,-3,0.042843316,2,2021-01-01
2023-09-20 00:00:00,2023-09-19 23:00:00,-5,-2,0.031552058,3,2021-01-01
2023-09-20 00:00:00,2023-09-19 23:00:00,0,8,0.0254748,4,2021-01-01
2023-09-20 00:00:00,2023-09-19 23:00:00,0,-1,0.022592068,5,2021-01-01
2023-09-20 00:00:00,2023-09-19 23:00:00,-5,-1,0.018325547,6,2021-01-01
2023-09-20 00:00:00,2023-09-19 23:00:00,-4,-3,0.017545002,7,2021-01-01
2023-09-20 00:00:00,2023-09-19 23:00:00,6,-4,0.017086754,8,2021-01-01
2023-09-20 00:00:00,2023-09-19 23:00:00,-1,-1,0.014697456,9,2021-01-01
2023-09-20 00:00:00,2023-09-19 23:00:00,0,12,0.014585324,10,2021-01-01
2023-09-20 00:00:00,2023-09-19 23:00:00,-1,0,0.009945379,11,2021-01-01
2023-09-20 00:00:00,2023-09-19 23:00:00,-5,-3,0.009794152,12,2021-01-01
2023-09-20 00:00:00,2023-09-19 23:00:00,1,0,0.00726866,13,2021-01-01
2023-09-20 00:00:00,2023-09-19 23:00:00,-4,-2,0.006841041,14,2021-01-01
2023-09-20 00:00:00,2023-09-19 23:00:00,1,-1,0.0067405556,15,2021-01-01
2023-09-20 00:00:00,2023-09-19 23:00:00,-11,-5,0.0056839264,16,2021-01-01
2023-09-20 00:00:00,2023-09-19 23:00:00,-2,-4,0.004775004,17,2021-01-01
2023-09-20 00:00:00,2023-09-19 23:00:00,0,-2,0.0039946395,18,2021-01-01
2023-09-20 00:00:00,2023-09-19 23:00:00,-3,-4,0.0039575584,19,2021-01-01
2023-09-20 00:00:00,2023-09-19 23:00:00,-4,-1,0.0034800537,20,2021-01-01
2023-09-20 00:00:00,2023-09-19 23:00:00,-2,0,0.0033836626,21,2021-01-01
2023-09-20 00:00:00,2023-09-19 23:00:00,-12,-5,0.00317317,22,2021-01-01
2023-09-20 00:00:00,2023-09-19 23:00:00,-2,-1,0.0031246503,23,2021-01-01
2023-09-20 00:00:00,2023-09-19 23:00:00,-2,-2,0.0025782976,24,2021-01-01
2023-09-20 00:00:00,2023-09-19 23:00:00,-3,-3,0.0023969195,25,2021-01-01
2023-09-20 00:00:00,2023-09-19 23:00:00,7,-5,0.0013787715,26,2021-01-01
2023-09-20 00:00:00,2023-09-19 23:00:00,3,0,0.001365753,27,2021-01-01
2023-09-20 00:00:00,2023-09-19 23:00:00,0,17,0.0012366489,28,2021-01-01
2023-09-20 00:00:00,2023-09-19 23:00:00,3,1,0.0011964125,29,2021-01-01
2023-09-20 00:00:00,2023-09-19 23:00:00,-7,-1,0.0011189488,30,2021-01-01
2023-09-20 00:00:00,2023-09-19 23:00:00,-3,-1,0.0011106991,31,2021-01-01
2023-09-20 00:00:00,2023-09-19 23:00:00,5,-2,0.0008824545,32,2021-01-01
2023-09-20 00:00:00,2023-09-19 23:00:00,-3,-2,0.0007296247,33,2021-01-01
2023-09-20 00:00:00,2023-09-19 23:00:00,2,0,0.00069440197,34,2021-01-01
2023-09-20 00:00:00,2023-09-19 23:00:00,6,-3,0.0006304903,35,2021-01-01
2023-09-20 00:00:00,2023-09-19 23:00:00,6,5,0.0005286045,36,2021-01-01
2023-09-20 00:00:00,2023-09-19 23:00:00,-3,0,0.0005234967,37,2021-01-01
2023-09-20 00:00:00,2023-09-19 23:00:00,4,-4,0.0003985391,38,2021-01-01
2023-09-20 00:00:00,2023-09-19 23:00:00,-7,1,0.00032676556,39,2021-01-01
2023-09-20 00:00:00,2023-09-19 23:00:00,-9,-5,0.00029941104,40,2021-01-01
2023-09-20 00:00:00,2023-09-19 23:00:00,2,-1,0.0002333573,41,2021-01-01
2023-09-20 00:00:00,2023-09-19 23:00:00,2,1,0.0002288607,42,2021-01-01
2023-09-20 00:00:00,2023-09-19 23:00:00,-3,1,0.00022599385,43,2021-01-01
2023-09-20 00:00:00,2023-09-19 23:00:00,-4,0,0.0002223942,44,2021-01-01
2023-09-20 00:00:00,2023-09-19 23:00:00,-1,-3,0.00020652673,45,2021-01-01
2023-09-20 00:00:00,2023-09-19 23:00:00,-1,-2,0.00017322767,46,2021-01-01
2023-09-20 00:00:00,2023-09-19 23:00:00,1,-2,0.00014851052,47,2021-01-01
2023-09-20 00:00:00,2023-09-19 23:00:00,0,18,0.0001250631,48,2021-01-01
2023-09-20 00:00:00,2023-09-19 23:00:00,2,-2,0.00012488737,49,2021-01-01
2023-09-20 00:00:00,2023-09-19 23:00:00,0,-5,0.00012326319,50,2021-01-01
2023-09-20 00:00:00,2023-09-19 23:00:00,7,11,0.00011628336,51,2021-01-01
2023-09-20 00:00:00,2023-09-19 23:00:00,8,-1,0.000113379036,52,2021-01-01
2023-09-20 00:00:00,2023-09-19 23:00:00,-5,1,0.000112342204,53,2021-01-01
2023-09-20 00:00:00,2023-09-19 23:00:00,-5,11,0.00010999651,54,2021-01-01
2023-09-20 00:00:00,2023-09-19 23:00:00,-9,-1,0.00010270421,55,2021-01-01
2023-09-20 00:00:00,2023-09-19 23:00:00,-9,0,0.000102254424,56,2021-01-01
2023-09-20 00:00:00,2023-09-19 23:00:00,-5,-5,0.00010186733,57,2021-01-01
2023-09-20 00:00:00,2023-09-19 23:00:00,-3,8,0.00010043926,58,2021-01-01
2023-09-20 00:00:00,2023-09-19 23:00:00,-1,-4,9.461184e-05,59,2021-01-01
2023-09-20 00:00:00,2023-09-19 23:00:00,-10,-3,9.407793e-05,60,2021-01-01
2023-09-20 00:00:00,2023-09-19 23:00:00,0,13,8.973244e-05,61,2021-01-01
2023-09-20 00:00:00,2023-09-19 23:00:00,-4,4,8.9443194e-05,62,2021-01-01
2023-09-20 00:00:00,2023-09-19 23:00:00,-1,13,8.805824e-05,63,2021-01-01
2023-09-20 00:00:00,2023-09-19 23:00:00,-10,8,8.6943015e-05,64,2021-01-01
2023-09-20 00:00:00,2023-09-19 23:00:00,4,-6,8.353975e-05,65,2021-01-01
2023-09-20 00:00:00,2023-09-19 23:00:00,-6,1,8.295331e-05,66,2021-01-01
2023-09-20 00:00:00,2023-09-19 23:00:00,-2,15,7.751976e-05,67,2021-01-01
2023-09-20 00:00:00,2023-09-19 23:00:00,7,-4,7.33325e-05,68,2021-01-01
2023-09-20 00:00:00,2023-09-19 23:00:00,-4,10,7.162996e-05,69,2021-01-01
2023-09-20 00:00:00,2023-09-19 23:00:00,-6,4,7.059093e-05,70,2021-01-01
2023-09-20 00:00:00,2023-09-19 23:00:00,-5,0,6.8514244e-05,71,2021-01-01
2023-09-20 00:00:00,2023-09-19 23:00:00,-1,18,6.784041e-05,72,2021-01-01
2023-09-20 00:00:00,2023-09-19 23:00:00,2,7,6.7477755e-05,73,2021-01-01
2023-09-20 00:00:00,2023-09-19 23:00:00,1,6,6.674734e-05,74,2021-01-01
2023-09-20 00:00:00,2023-09-19 23:00:00,-8,6,6.5353786e-05,75,2021-01-01
2023-09-20 00:00:00,2023-09-19 23:00:00,2,-7,6.238235e-05,76,2021-01-01
2023-09-20 00:00:00,2023-09-19 23:00:00,10,5,6.148649e-05,77,2021-01-01
2023-09-20 00:00:00,2023-09-19 23:00:00,-3,2,6.121264e-05,78,2021-01-01
2023-09-20 00:00:00,2023-09-19 23:00:00,-6,-2,5.949869e-05,79,2021-01-01
2023-09-20 00:00:00,2023-09-19 23:00:00,-3,18,5.947176e-05,80,2021-01-01
2023-09-20 00:00:00,2023-09-19 23:00:00,1,20,5.8763562e-05,81,2021-01-01
2023-09-20 00:00:00,2023-09-19 23:00:00,2,20,5.836163e-05,82,2021-01-01
2023-09-20 00:00:00,2023-09-19 23:00:00,4,14,5.7650363e-05,83,2021-01-01
2023-09-20 00:00:00,2023-09-19 23:00:00,3,17,5.7640354e-05,84,2021-01-01
2023-09-20 00:00:00,2023-09-19 23:00:00,1,19,5.6023793e-05,85,2021-01-01
2023-09-20 00:00:00,2023-09-19 23:00:00,-10,-4,5.566684e-05,86,2021-01-01
2023-09-20 00:00:00,2023-09-19 23:00:00,-9,-4,5.5608034e-05,87,2021-01-01
2023-09-20 00:00:00,2023-09-19 23:00:00,0,-3,5.5311615e-05,88,2021-01-01
2023-09-20 00:00:00,2023-09-19 23:00:00,-4,2,5.4357908e-05,89,2021-01-01
2023-09-20 00:00:00,2023-09-19 23:00:00,7,4,5.367974e-05,90,2021-01-01
2023-09-20 00:00:00,2023-09-19 23:00:00,6,6,5.2938525e-05,91,2021-01-01
2023-09-20 00:00:00,2023-09-19 23:00:00,-6,-3,5.270859e-05,92,2021-01-01
2023-09-20 00:00:00,2023-09-19 23:00:00,-5,2,5.219752e-05,93,2021-01-01
2023-09-20 00:00:00,2023-09-19 23:00:00,10,3,5.1782026e-05,94,2021-01-01
2023-09-20 00:00:00,2023-09-19 23:00:00,1,1,5.1624065e-05,95,2021-01-01
2023-09-20 00:00:00,2023-09-19 23:00:00,1,-3,5.1576953e-05,96,2021-01-01
2023-09-20 00:00:00,2023-09-19 23:00:00,4,-1,5.048908e-05,97,2021-01-01
2023-09-20 00:00:00,2023-09-19 23:00:00,1,2,5.039928e-05,98,2021-01-01
2023-09-20 00:00:00,2023-09-19 23:00:00,9,3,5.039046e-05,99,2021-01-01
2023-09-20 00:00:00,2023-09-19 23:00:00,-5,-4,5.025491e-05,100,2021-01-01
2023-09-20 00:00:00,2023-09-19 23:00:00,0,1,4.9757426e-05,101,2021-01-01
2023-09-20 00:00:00,2023-09-19 23:00:00,0,-6,4.7224534e-05,102,2021-01-01
2023-09-20 00:00:00,2023-09-19 23:00:00,9,1,4.7041904e-05,103,2021-01-01
2023-09-20 00:00:00,2023-09-19 23:00:00,0,14,4.699892e-05,104,2021-01-01
2023-09-20 00:00:00,2023-09-19 23:00:00,8,1,4.6956073e-05,105,2021-01-01
2023-09-20 00:00:00,2023-09-19 23:00:00,0,11,4.6767807e-05,106,2021-01-01
2023-09-20 00:00:00,2023-09-19 23:00:00,-4,-4,4.6657184e-05,107,2021-01-01
2023-09-20 00:00:00,2023-09-19 23:00:00,1,11,4.6460435e-05,108,2021-01-01
2023-09-20 00:00:00,2023-09-19 23:00:00,0,19,4.6426783e-05,109,2021-01-01
2023-09-20 00:00:00,2023-09-19 23:00:00,-2,13,4.630943e-05,110,2021-01-01
2023-09-20 00:00:00,2023-09-19 23:00:00,-4,19,4.601215e-05,111,2021-01-01
2023-09-20 00:00:00,2023-09-19 23:00:00,7,1,4.5924604e-05,112,2021-01-01
2023-09-20 00:00:00,2023-09-19 23:00:00,-3,15,4.51115e-05,113,2021-01-01
2023-09-20 00:00:00,2023-09-19 23:00:00,-1,11,4.4996817e-05,114,2021-01-01
2023-09-20 00:00:00,2023-09-19 23:00:00,-1,15,4.4991157e-05,115,2021-01-01
2023-09-20 00:00:00,2023-09-19 23:00:00,1,9,4.4779244e-05,116,2021-01-01
2023-09-20 00:00:00,2023-09-19 23:00:00,-3,14,4.476887e-05,117,2021-01-01
2023-09-20 00:00:00,2023-09-19 23:00:00,2,-3,4.4766803e-05,118,2021-01-01
2023-09-20 00:00:00,2023-09-19 23:00:00,-6,8,4.438947e-05,119,2021-01-01
2023-09-20 00:00:00,2023-09-19 23:00:00,-2,11,4.4360782e-05,120,2021-01-01
2023-09-20 00:00:00,2023-09-19 23:00:00,-2,3,4.4322525e-05,121,2021-01-01
2023-09-20 00:00:00,2023-09-19 23:00:00,-3,12,4.431259e-05,122,2021-01-01
2023-09-20 00:00:00,2023-09-19 23:00:00,-3,13,4.4298406e-05,123,2021-01-01
2023-09-20 00:00:00,2023-09-19 23:00:00,-2,10,4.4117845e-05,124,2021-01-01
2023-09-20 00:00:00,2023-09-19 23:00:00,6,3,4.4109096e-05,125,2021-01-01
2023-09-20 00:00:00,2023-09-19 23:00:00,-4,12,4.406147e-05,126,2021-01-01
2023-09-20 00:00:00,2023-09-19 23:00:00,-1,2,4.4011573e-05,127,2021-01-01
2023-09-20 00:00:00,2023-09-19 23:00:00,-1,1,4.3962267e-05,128,2021-01-01
2023-09-20 00:00:00,2023-09-19 23:00:00,2,9,4.3889177e-05,129,2021-01-01
2023-09-20 00:00:00,2023-09-19 23:00:00,-4,-5,4.354515e-05,130,2021-01-01
2023-09-20 00:00:00,2023-09-19 23:00:00,-2,16,4.331891e-05,131,2021-01-01
2023-09-20 00:00:00,2023-09-19 23:00:00,1,8,4.32159e-05,132,2021-01-01
2023-09-20 00:00:00,2023-09-19 23:00:00,-3,11,4.319056e-05,133,2021-01-01
2023-09-20 00:00:00,2023-09-19 23:00:00,-5,9,4.3148797e-05,134,2021-01-01
2023-09-20 00:00:00,2023-09-19 23:00:00,-5,10,4.3148797e-05,135,2021-01-01
2023-09-20 00:00:00,2023-09-19 23:00:00,-11,-6,4.311417e-05,136,2021-01-01
2023-09-20 00:00:00,2023-09-19 23:00:00,0,9,4.2918735e-05,137,2021-01-01
2023-09-20 00:00:00,2023-09-19 23:00:00,6,11,4.285151e-05,138,2021-01-01
2023-09-20 00:00:00,2023-09-19 23:00:00,-1,9,4.2722473e-05,139,2021-01-01
2023-09-20 00:00:00,2023-09-19 23:00:00,-1,16,4.234134e-05,140,2021-01-01
2023-09-20 00:00:00,2023-09-19 23:00:00,8,0,4.2167445e-05,141,2021-01-01
2023-09-20 00:00:00,2023-09-19 23:00:00,2,8,4.215325e-05,142,2021-01-01
2023-09-20 00:00:00,2023-09-19 23:00:00,-1,3,4.1965337e-05,143,2021-01-01
2023-09-20 00:00:00,2023-09-19 23:00:00,-9,6,4.1919327e-05,144,2021-01-01
2023-09-20 00:00:00,2023-09-19 23:00:00,-2,9,4.187858e-05,145,2021-01-01
2023-09-20 00:00:00,2023-09-19 23:00:00,9,2,4.1775467e-05,146,2021-01-01
2023-09-20 00:00:00,2023-09-19 23:00:00,-3,9,4.1542084e-05,147,2021-01-01
2023-09-20 00:00:00,2023-09-19 23:00:00,-4,3,4.1391173e-05,148,2021-01-01
2023-09-20 00:00:00,2023-09-19 23:00:00,10,0,4.120678e-05,149,2021-01-01
2023-09-20 00:00:00,2023-09-19 23:00:00,9,0,4.1010648e-05,150,2021-01-01
2023-09-20 00:00:00,2023-09-19 23:00:00,10,-1,4.088286e-05,151,2021-01-01
2023-09-20 00:00:00,2023-09-19 23:00:00,9,-2,4.0831335e-05,152,2021-01-01
2023-09-20 00:00:00,2023-09-19 23:00:00,-5,15,4.0786603e-05,153,2021-01-01
2023-09-20 00:00:00,2023-09-19 23:00:00,-2,1,4.053689e-05,154,2021-01-01
2023-09-20 00:00:00,2023-09-19 23:00:00,5,-4,3.996749e-05,155,2021-01-01
2023-09-20 00:00:00,2023-09-19 23:00:00,8,-3,3.9964816e-05,156,2021-01-01
2023-09-20 00:00:00,2023-09-19 23:00:00,8,-4,3.971014e-05,157,2021-01-01
2023-09-20 00:00:00,2023-09-19 23:00:00,-2,8,3.969546e-05,158,2021-01-01
2023-09-20 00:00:00,2023-09-19 23:00:00,-1,8,3.969546e-05,159,2021-01-01
2023-09-20 00:00:00,2023-09-19 23:00:00,1,-5,3.9296872e-05,160,2021-01-01
2023-09-20 00:00:00,2023-09-19 23:00:00,-2,-5,3.918579e-05,161,2021-01-01
2023-09-20 00:00:00,2023-09-19 23:00:00,7,-1,3.8942326e-05,162,2021-01-01
2023-09-20 00:00:00,2023-09-19 23:00:00,-1,7,3.8606002e-05,163,2021-01-01
2023-09-20 00:00:00,2023-09-19 23:00:00,1,-7,3.8398513e-05,164,2021-01-01
2023-09-20 00:00:00,2023-09-19 23:00:00,-6,15,3.8302936e-05,165,2021-01-01
2023-09-20 00:00:00,2023-09-19 23:00:00,3,-1,3.8270267e-05,166,2021-01-01
2023-09-20 00:00:00,2023-09-19 23:00:00,-4,8,3.8144568e-05,167,2021-01-01
2023-09-20 00:00:00,2023-09-19 23:00:00,3,-3,3.8009897e-05,168,2021-01-01
2023-09-20 00:00:00,2023-09-19 23:00:00,4,1,3.7106438e-05,169,2021-01-01
2023-09-20 00:00:00,2023-09-19 23:00:00,-4,17,3.700404e-05,170,2021-01-01
2023-09-20 00:00:00,2023-09-19 23:00:00,1,5,3.608997e-05,171,2021-01-01
2023-09-20 00:00:00,2023-09-19 23:00:00,5,-3,3.569692e-05,172,2021-01-01
2023-09-20 00:00:00,2023-09-19 23:00:00,5,3,3.5219597e-05,173,2021-01-01
2023-09-20 00:00:00,2023-09-19 23:00:00,0,5,3.5168527e-05,174,2021-01-01
2023-09-20 00:00:00,2023-09-19 23:00:00,-3,7,3.4994908e-05,175,2021-01-01
2023-09-20 00:00:00,2023-09-19 23:00:00,3,-2,3.4979985e-05,176,2021-01-01
2023-09-20 00:00:00,2023-09-19 23:00:00,5,2,3.4031895e-05,177,2021-01-01
2023-09-20 00:00:00,2023-09-19 23:00:00,-1,5,3.372654e-05,178,2021-01-01
2023-09-20 00:00:00,2023-09-19 23:00:00,-10,10,3.367184e-05,179,2021-01-01
2023-09-20 00:00:00,2023-09-19 23:00:00,5,-1,3.3666427e-05,180,2021-01-01
2023-09-20 00:00:00,2023-09-19 23:00:00,2,-6,3.3589142e-05,181,2021-01-01
2023-09-20 00:00:00,2023-09-19 23:00:00,-5,4,3.341639e-05,182,2021-01-01
2023-09-20 00:00:00,2023-09-19 23:00:00,-1,-6,3.2814307e-05,183,2021-01-01
2023-09-20 00:00:00,2023-09-19 23:00:00,-1,-7,3.278857e-05,184,2021-01-01
2023-09-20 00:00:00,2023-09-19 23:00:00,-1,6,3.2741056e-05,185,2021-01-01
2023-09-20 00:00:00,2023-09-19 23:00:00,-4,5,3.2516324e-05,186,2021-01-01
2024-07-17 21:00:00,2024-07-17 20:00:00,9,1,0.76577204,1,2021-01-01
2024-07-17 21:00:00,2024-07-17 20:00:00,0,-1,0.12133757,2,2021-01-01
2024-07-17 21:00:00,2024-07-17 20:00:00,0,0,0.07821311,3,2021-01-01
2024-07-17 21:00:00,2024-07-17 20:00:00,-1,0,0.03548266,4,2021-01-01
2024-07-17 21:00:00,2024-07-17 20:00:00,-12,-5,0.027921656,5,2021-01-01
2024-07-17 21:00:00,2024-07-17 20:00:00,-2,-3,0.022500955,6,2021-01-01
2024-07-17 21:00:00,2024-07-17 20:00:00,-3,11,0.020625662,7,2021-01-01
2024-07-17 21:00:00,2024-07-17 20:00:00,-11,-5,0.019513065,8,2021-01-01
2024-07-17 21:00:00,2024-07-17 20:00:00,-2,-2,0.015448891,9,2021-01-01
2024-07-17 21:00:00,2024-07-17 20:00:00,-3,-3,0.014615578,10,2021-01-01
2024-07-17 21:00:00,2024-07-17 20:00:00,-1,-1,0.011455953,11,2021-01-01
2024-07-17 21:00:00,2024-07-17 20:00:00,-4,-2,0.011064406,12,2021-01-01
2024-07-17 21:00:00,2024-07-17 20:00:00,-2,-1,0.008595135,13,2021-01-01
2024-07-17 21:00:00,2024-07-17 20:00:00,6,-3,0.008084079,14,2021-01-01
2024-07-17 21:00:00,2024-07-17 20:00:00,6,-4,0.0078510335,15,2021-01-01
2024-07-17 21:00:00,2024-07-17 20:00:00,0,-2,0.0077287653,16,2021-01-01
2024-07-17 21:00:00,2024-07-17 20:00:00,0,8,0.0073672193,17,2021-01-01
2024-07-17 21:00:00,2024-07-17 20:00:00,-5,-2,0.0055178325,18,2021-01-01
2024-07-17 21:00:00,2024-07-17 20:00:00,-2,0,0.005401796,19,2021-01-01
2024-07-17 21:00:00,2024-07-17 20:00:00,-2,-4,0.004849132,20,2021-01-01
2024-07-17 21:00:00,2024-07-17 20:00:00,1,-1,0.004223174,21,2021-01-01
2024-07-17 21:00:00,2024-07-17 20:00:00,1,0,0.0039982093,22,2021-01-01
2024-07-17 21:00:00,2024-07-17 20:00:00,10,3,0.0033675656,23,2021-01-01
2024-07-17 21:00:00,2024-07-17 20:00:00,-3,13,0.0032252083,24,2021-01-01
2024-07-17 21:00:00,2024-07-17 20:00:00,-4,-3,0.0017745983,25,2021-01-01
2024-07-17 21:00:00,2024-07-17 20:00:00,5,-2,0.001535477,26,2021-01-01
2024-07-17 21:00:00,2024-07-17 20:00:00,-3,-4,0.0015320241,27,2021-01-01
2024-07-17 21:00:00,2024-07-17 20:00:00,0,12,0.0014063463,28,2021-01-01
2024-07-17 21:00:00,2024-07-17 20:00:00,8,-1,0.0011707497,29,2021-01-01
2024-07-17 21:00:00,2024-07-17 20:00:00,4,-1,0.001060468,30,2021-01-01
2024-07-17 21:00:00,2024-07-17 20:00:00,2,-1,0.0010091293,31,2021-01-01
2024-07-17 21:00:00,2024-07-17 20:00:00,3,1,0.00081775273,32,2021-01-01
2024-07-17 21:00:00,2024-07-17 20:00:00,2,1,0.00078706926,33,2021-01-01
2024-07-17 21:00:00,2024-07-17 20:00:00,-4,-1,0.0007794802,34,2021-01-01
2024-07-17 21:00:00,2024-07-17 20:00:00,9,2,0.0007603346,35,2021-01-01
2024-07-17 21:00:00,2024-07-17 20:00:00,-3,-1,0.00075199426,36,2021-01-01
2024-07-17 21:00:00,2024-07-17 20:00:00,-1,8,0.000713503,37,2021-01-01
2024-07-17 21:00:00,2024-07-17 20:00:00,0,17,0.0007118757,38,2021-01-01
2024-07-17 21:00:00,2024-07-17 20:00:00,1,-2,0.000669638,39,2021-01-01
2024-07-17 21:00:00,2024-07-17 20:00:00,-1,1,0.0006547283,40,2021-01-01
2024-07-17 21:00:00,2024-07-17 20:00:00,-5,-1,0.0005822167,41,2021-01-01
2024-07-17 21:00:00,2024-07-17 20:00:00,1,6,0.00047723253,42,2021-01-01
2024-07-17 21:00:00,2024-07-17 20:00:00,3,0,0.00046422202,43,2021-01-01
2024-07-17 21:00:00,2024-07-17 20:00:00,-1,-3,0.0004430065,44,2021-01-01
2024-07-17 21:00:00,2024-07-17 20:00:00,-4,10,0.00044114012,45,2021-01-01
2024-07-17 21:00:00,2024-07-17 20:00:00,7,-5,0.00043741273,46,2021-01-01
2024-07-17 21:00:00,2024-07-17 20:00:00,1,9,0.00042516924,47,2021-01-01
2024-07-17 21:00:00,2024-07-17 20:00:00,-4,0,0.00040850195,48,2021-01-01
2024-07-17 21:00:00,2024-07-17 20:00:00,-5,-3,0.0004079493,49,2021-01-01
2024-07-17 21:00:00,2024-07-17 20:00:00,6,5,0.0003398794,50,2021-01-01
2024-07-17 21:00:00,2024-07-17 20:00:00,-1,6,0.00033476856,51,2021-01-01
2024-07-17 21:00:00,2024-07-17 20:00:00,-2,13,0.00031004005,52,2021-01-01
2024-07-17 21:00:00,2024-07-17 20:00:00,-3,0,0.0002812991,53,2021-01-01
2024-07-17 21:00:00,2024-07-17 20:00:00,-6,4,0.00025985404,54,2021-01-01
2024-07-17 21:00:00,2024-07-17 20:00:00,7,-4,0.00025429574,55,2021-01-01
2024-07-17 21:00:00,2024-07-17 20:00:00,-2,15,0.00024784682,56,2021-01-01
2024-07-17 21:00:00,2024-07-17 20:00:00,-1,18,0.00023451175,57,2021-01-01
2024-07-17 21:00:00,2024-07-17 20:00:00,0,18,0.00023451175,58,2021-01-01
2024-07-17 21:00:00,2024-07-17 20:00:00,4,14,0.00023256645,59,2021-01-01
2024-07-17 21:00:00,2024-07-17 20:00:00,0,11,0.00021302006,60,2021-01-01
2024-07-17 21:00:00,2024-07-17 20:00:00,-5,11,0.00021188827,61,2021-01-01
2024-07-17 21:00:00,2024-07-17 20:00:00,-4,12,0.00021127635,62,2021-01-01
2024-07-17 21:00:00,2024-07-17 20:00:00,-3,12,0.00021127635,63,2021-01-01
2024-07-17 21:00:00,2024-07-17 20:00:00,-2,11,0.00021127635,64,2021-01-01
2024-07-17 21:00:00,2024-07-17 20:00:00,-1,11,0.00021127635,65,2021-01-01
2024-07-17 21:00:00,2024-07-17 20:00:00,-7,1,0.00020842526,66,2021-01-01
2024-07-17 21:00:00,2024-07-17 20:00:00,1,8,0.0001986081,67,2021-01-01
2024-07-17 21:00:00,2024-07-17 20:00:00,0,9,0.00019801816,68,2021-01-01
2024-07-17 21:00:00,2024-07-17 20:00:00,2,9,0.00019629933,69,2021-01-01
2024-07-17 21:00:00,2024-07-17 20:00:00,1,11,0.00019568657,70,2021-01-01
2024-07-17 21:00:00,2024-07-17 20:00:00,-3,-2,0.00019412795,71,2021-01-01
2024-07-17 21:00:00,2024-07-17 20:00:00,-6,8,0.00018982276,72,2021-01-01
2024-07-17 21:00:00,2024-07-17 20:00:00,-5,10,0.0001879458,73,2021-01-01
2024-07-17 21:00:00,2024-07-17 20:00:00,6,11,0.00018750608,74,2021-01-01
2024-07-17 21:00:00,2024-07-17 20:00:00,2,8,0.00018669787,75,2021-01-01
2024-07-17 21:00:00,2024-07-17 20:00:00,-5,9,0.00018625146,76,2021-01-01
2024-07-17 21:00:00,2024-07-17 20:00:00,-5,-4,0.00018463803,77,2021-01-01
2024-07-17 21:00:00,2024-07-17 20:00:00,-1,9,0.00018265327,78,2021-01-01
2024-07-17 21:00:00,2024-07-17 20:00:00,-2,8,0.00017834255,79,2021-01-01
2024-07-17 21:00:00,2024-07-17 20:00:00,-4,-4,0.00017289998,80,2021-01-01
2024-07-17 21:00:00,2024-07-17 20:00:00,1,-3,0.0001724207,81,2021-01-01
2024-07-17 21:00:00,2024-07-17 20:00:00,-3,8,0.00017109187,82,2021-01-01
2024-07-17 21:00:00,2024-07-17 20:00:00,7,11,0.00017087946,83,2021-01-01
2024-07-17 21:00:00,2024-07-17 20:00:00,10,-1,0.0001672479,84,2021-01-01
2024-07-17 21:00:00,2024-07-17 20:00:00,3,-2,0.00016491185,85,2021-01-01
2024-07-17 21:00:00,2024-07-17 20:00:00,-1,-2,0.00016479868,86,2021-01-01
2024-07-17 21:00:00,2024-07-17 20:00:00,-2,9,0.00016472173,87,2021-01-01
2024-07-17 21:00:00,2024-07-17 20:00:00,3,-3,0.00016317023,88,2021-01-01
2024-07-17 21:00:00,2024-07-17 20:00:00,-10,8,0.00016311549,89,2021-01-01
2024-07-17 21:00:00,2024-07-17 20:00:00,6,6,0.00016253638,90,2021-01-01
2024-07-17 21:00:00,2024-07-17 20:00:00,2,-2,0.00016168626,91,2021-01-01
2024-07-17 21:00:00,2024-07-17 20:00:00,-8,6,0.00016146012,92,2021-01-01
2024-07-17 21:00:00,2024-07-17 20:00:00,-9,-5,0.00015926741,93,2021-01-01
2024-07-17 21:00:00,2024-07-17 20:00:00,-10,10,0.00015504334,94,2021-01-01
2024-07-17 21:00:00,2024-07-17 20:00:00,-1,5,0.00015404129,95,2021-01-01
2024-07-17 21:00:00,2024-07-17 20:00:00,7,1,0.00015241589,96,2021-01-01
2024-07-17 21:00:00,2024-07-17 20:00:00,1,2,0.00015081046,97,2021-01-01
2024-07-17 21:00:00,2024-07-17 20:00:00,-3,14,0.00014928142,98,2021-01-01
2024-07-17 21:00:00,2024-07-17 20:00:00,-1,13,0.00014928142,99,2021-01-01
2024-07-17 21:00:00,2024-07-17 20:00:00,0,1,0.00014885163,100,2021-01-01
2024-07-17 21:00:00,2024-07-17 20:00:00,0,13,0.00014784858,101,2021-01-01
2024-07-17 21:00:00,2024-07-17 20:00:00,0,14,0.00014784858,102,2021-01-01
2024-07-17 21:00:00,2024-07-17 20:00:00,-2,10,0.00014570162,103,2021-01-01
2024-07-17 21:00:00,2024-07-17 20:00:00,2,-3,0.00014540805,104,2021-01-01
2024-07-17 21:00:00,2024-07-17 20:00:00,2,7,0.00014446191,105,2021-01-01
2024-07-17 21:00:00,2024-07-17 20:00:00,2,-6,0.00014412431,106,2021-01-01
2024-07-17 21:00:00,2024-07-17 20:00:00,-1,15,0.00014351503,107,2021-01-01
2024-07-17 21:00:00,2024-07-17 20:00:00,3,17,0.00014240728,108,2021-01-01
2024-07-17 21:00:00,2024-07-17 20:00:00,9,0,0.00014037518,109,2021-01-01
2024-07-17 21:00:00,2024-07-17 20:00:00,-1,2,0.00013859602,110,2021-01-01
2024-07-17 21:00:00,2024-07-17 20:00:00,8,0,0.00013763772,111,2021-01-01
2024-07-17 21:00:00,2024-07-17 20:00:00,-3,9,0.00013729371,112,2021-01-01
2024-07-17 21:00:00,2024-07-17 20:00:00,-3,7,0.00013547082,113,2021-01-01
2024-07-17 21:00:00,2024-07-17 20:00:00,1,1,0.0001291839,114,2021-01-01
2024-07-17 21:00:00,2024-07-17 20:00:00,-3,1,0.00012569786,115,2021-01-01
2024-07-17 21:00:00,2024-07-17 20:00:00,4,-4,0.00012536383,116,2021-01-01
2024-07-17 21:00:00,2024-07-17 20:00:00,0,-3,0.00012511273,117,2021-01-01
2024-07-17 21:00:00,2024-07-17 20:00:00,-4,8,0.00012467166,118,2021-01-01
2024-07-17 21:00:00,2024-07-17 20:00:00,-4,17,0.00012356688,119,2021-01-01
2024-07-17 21:00:00,2024-07-17 20:00:00,-3,18,0.00012222528,120,2021-01-01
2024-07-17 21:00:00,2024-07-17 20:00:00,-4,5,0.00012045682,121,2021-01-01
2024-07-17 21:00:00,2024-07-17 20:00:00,-3,15,0.00012038275,122,2021-01-01
2024-07-17 21:00:00,2024-07-17 20:00:00,-2,16,0.00012038275,123,2021-01-01
2024-07-17 21:00:00,2024-07-17 20:00:00,-1,16,0.000119691686,124,2021-01-01
2024-07-17 21:00:00,2024-07-17 20:00:00,5,2,0.000119394594,125,2021-01-01
2024-07-17 21:00:00,2024-07-17 20:00:00,-9,6,0.00011899173,126,2021-01-01
2024-07-17 21:00:00,2024-07-17 20:00:00,1,5,0.00011720627,127,2021-01-01
2024-07-17 21:00:00,2024-07-17 20:00:00,10,0,0.000116052346,128,2021-01-01
2024-07-17 21:00:00,2024-07-17 20:00:00,1,19,0.00011492596,129,2021-01-01
2024-07-17 21:00:00,2024-07-17 20:00:00,-5,1,0.00011447561,130,2021-01-01
2024-07-17 21:00:00,2024-07-17 20:00:00,6,3,0.00011311469,131,2021-01-01
2024-07-17 21:00:00,2024-07-17 20:00:00,-5,-5,0.000112852234,132,2021-01-01
2024-07-17 21:00:00,2024-07-17 20:00:00,7,-1,0.00011229162,133,2021-01-01
2024-07-17 21:00:00,2024-07-17 20:00:00,-4,-5,0.00011141455,134,2021-01-01
2024-07-17 21:00:00,2024-07-17 20:00:00,0,19,0.000110547095,135,2021-01-01
2024-07-17 21:00:00,2024-07-17 20:00:00,1,20,0.000109217886,136,2021-01-01
2024-07-17 21:00:00,2024-07-17 20:00:00,1,-7,0.00010869768,137,2021-01-01
2024-07-17 21:00:00,2024-07-17 20:00:00,2,-7,0.00010869768,138,2021-01-01
2024-07-17 21:00:00,2024-07-17 20:00:00,0,-6,0.000107712636,139,2021-01-01
2024-07-17 21:00:00,2024-07-17 20:00:00,-1,7,0.00010754846,140,2021-01-01
2024-07-17 21:00:00,2024-07-17 20:00:00,-7,-1,0.00010666868,141,2021-01-01
2024-07-17 21:00:00,2024-07-17 20:00:00,-5,15,0.00010588114,142,2021-01-01
2024-07-17 21:00:00,2024-07-17 20:00:00,-1,-6,0.00010568987,143,2021-01-01
2024-07-17 21:00:00,2024-07-17 20:00:00,1,-5,0.00010421806,144,2021-01-01
2024-07-17 21:00:00,2024-07-17 20:00:00,-1,-7,0.00010318396,145,2021-01-01
2024-07-17 21:00:00,2024-07-17 20:00:00,-5,0,0.000103015685,146,2021-01-01
2024-07-17 21:00:00,2024-07-17 20:00:00,9,3,0.00010125546,147,2021-01-01
2024-07-17 21:00:00,2024-07-17 20:00:00,-6,15,0.00010075731,148,2021-01-01
2024-07-17 21:00:00,2024-07-17 20:00:00,2,20,9.9755394e-05,149,2021-01-01
2024-07-17 21:00:00,2024-07-17 20:00:00,8,1,9.9591365e-05,150,2021-01-01
2024-07-17 21:00:00,2024-07-17 20:00:00,5,-1,9.919502e-05,151,2021-01-01
2024-07-17 21:00:00,2024-07-17 20:00:00,3,-1,9.9125355e-05,152,2021-01-01
2024-07-17 21:00:00,2024-07-17 20:00:00,-4,19,9.8305674e-05,153,2021-01-01
2024-07-17 21:00:00,2024-07-17 20:00:00,-1,-4,9.693024e-05,154,2021-01-01
2024-07-17 21:00:00,2024-07-17 20:00:00,7,4,9.5923926e-05,155,2021-01-01
2024-07-17 21:00:00,2024-07-17 20:00:00,-5,4,9.572151e-05,156,2021-01-01
2024-07-17 21:00:00,2024-07-17 20:00:00,-5,2,9.470853e-05,157,2021-01-01
2024-07-17 21:00:00,2024-07-17 20:00:00,2,0,9.3866205e-05,158,2021-01-01
2024-07-17 21:00:00,2024-07-17 20:00:00,-6,1,9.311882e-05,159,2021-01-01
2024-07-17 21:00:00,2024-07-17 20:00:00,8,-3,9.268577e-05,160,2021-01-01
2024-07-17 21:00:00,2024-07-17 20:00:00,5,3,9.2518465e-05,161,2021-01-01
2024-07-17 21:00:00,2024-07-17 20:00:00,9,-2,9.201312e-05,162,2021-01-01
2024-07-17 21:00:00,2024-07-17 20:00:00,-11,-6,9.143634e-05,163,2021-01-01
2024-07-17 21:00:00,2024-07-17 20:00:00,-1,3,9.046599e-05,164,2021-01-01
2024-07-17 21:00:00,2024-07-17 20:00:00,-9,-4,8.920737e-05,165,2021-01-01
2024-07-17 21:00:00,2024-07-17 20:00:00,4,1,8.780032e-05,166,2021-01-01
2024-07-17 21:00:00,2024-07-17 20:00:00,-4,4,8.616216e-05,167,2021-01-01
2024-07-17 21:00:00,2024-07-17 20:00:00,-10,-4,8.257577e-05,168,2021-01-01
2024-07-17 21:00:00,2024-07-17 20:00:00,-2,-5,8.182679e-05,169,2021-01-01
2024-07-17 21:00:00,2024-07-17 20:00:00,0,-5,8.038684e-05,170,2021-01-01
2024-07-17 21:00:00,2024-07-17 20:00:00,10,5,7.4694035e-05,171,2021-01-01
2024-07-17 21:00:00,2024-07-17 20:00:00,0,5,7.3578376e-05,172,2021-01-01
2024-07-17 21:00:00,2024-07-17 20:00:00,4,-6,6.453791e-05,173,2021-01-01
2024-07-17 21:00:00,2024-07-17 20:00:00,5,-4,6.3995416e-05,174,2021-01-01
2024-07-17 21:00:00,2024-07-17 20:00:00,5,-3,6.3995416e-05,175,2021-01-01
2024-07-17 21:00:00,2024-07-17 20:00:00,8,-4,6.340879e-05,176,2021-01-01
2024-07-17 21:00:00,2024-07-17 20:00:00,-6,-2,5.6754132e-05,177,2021-01-01
2024-07-17 21:00:00,2024-07-17 20:00:00,-4,3,5.6235134e-05,178,2021-01-01
2024-07-17 21:00:00,2024-07-17 20:00:00,-2,1,5.411534e-05,179,2021-01-01
2024-07-17 21:00:00,2024-07-17 20:00:00,-4,2,5.2610925e-05,180,2021-01-01
2024-07-17 21:00:00,2024-07-17 20:00:00,-2,3,5.242198e-05,181,2021-01-01
2024-07-17 21:00:00,2024-07-17 20:00:00,-3,2,5.126656e-05,182,2021-01-01
2024-07-17 21:00:00,2024-07-17 20:00:00,-6,-3,4.875306e-05,183,2021-01-01
2024-07-17 21:00:00,2024-07-17 20:00:00,-9,-1,4.8569953e-05,184,2021-01-01
2024-07-17 21:00:00,2024-07-17 20:00:00,-10,-3,3.0379846e-05,185,2021-01-01
2024-07-17 21:00:00,2024-07-17 20:00:00,-9,0,2.9112336e-05,186,2021-01-01
2024-07-17 22:00:00,2024-07-17 21:00:00,9,1,0.70666295,1,2021-01-01
2024-07-17 22:00:00,2024-07-17 21:00:00,0,-1,0.19942234,2,2021-01-01
2024-07-17 22:00:00,2024-07-17 21:00:00,0,0,0.19046493,3,2021-01-01
2024-07-17 22:00:00,2024-07-17 21:00:00,-1,0,0.091967344,4,2021-01-01
2024-07-17 22:00:00,2024-07-17 21:00:00,-12,-5,0.08478492,5,2021-01-01
2024-07-17 22:00:00,2024-07-17 21:00:00,-2,-2,0.052690417,6,2021-01-01
2024-07-17 22:00:00,2024-07-17 21:00:00,-2,-3,0.04406107,7,2021-01-01
2024-07-17 22:00:00,2024-07-17 21:00:00,-3,-3,0.032351322,8,2021-01-01
2024-07-17 22:00:00,2024-07-17 21:00:00,-1,-1,0.022178799,9,2021-01-01
2024-07-17 22:00:00,2024-07-17 21:00:00,-4,-2,0.020466903,10,2021-01-01
2024-07-17 22:00:00,2024-07-17 21:00:00,-2,-1,0.019614348,11,2021-01-01
2024-07-17 22:00:00,2024-07-17 21:00:00,0,-2,0.017940769,12,2021-01-01
2024-07-17 22:00:00,2024-07-17 21:00:00,-2,-4,0.017484771,13,2021-01-01
2024-07-17 22:00:00,2024-07-17 21:00:00,6,-3,0.0161188,14,2021-01-01
2024-07-17 22:00:00,2024-07-17 21:00:00,-11,-5,0.01291607,15,2021-01-01
2024-07-17 22:00:00,2024-07-17 21:00:00,-5,-2,0.00956584,16,2021-01-01
2024-07-17 22:00:00,2024-07-17 21:00:00,-2,0,0.007608101,17,2021-01-01
2024-07-17 22:00:00,2024-07-17 21:00:00,-3,11,0.005150777,18,2021-01-01
2024-07-17 22:00:00,2024-07-17 21:00:00,10,3,0.0036772501,19,2021-01-01
2024-07-17 22:00:00,2024-07-17 21:00:00,6,-4,0.0033697265,20,2021-01-01
2024-07-17 22:00:00,2024-07-17 21:00:00,1,0,0.0029551778,21,2021-01-01
2024-07-17 22:00:00,2024-07-17 21:00:00,0,8,0.0026585648,22,2021-01-01
2024-07-17 22:00:00,2024-07-17 21:00:00,-3,-4,0.0025477756,23,2021-01-01
2024-07-17 22:00:00,2024-07-17 21:00:00,-3,13,0.0024781742,24,2021-01-01
2024-07-17 22:00:00,2024-07-17 21:00:00,-4,-3,0.0022547178,25,2021-01-01
2024-07-17 22:00:00,2024-07-17 21:00:00,1,-1,0.0018586302,26,2021-01-01
2024-07-17 22:00:00,2024-07-17 21:00:00,8,-1,0.0008736095,27,2021-01-01
2024-07-17 22:00:00,2024-07-17 21:00:00,0,12,0.000831871,28,2021-01-01
2024-07-17 22:00:00,2024-07-17 21:00:00,-4,-1,0.00074705196,29,2021-01-01
2024-07-17 22:00:00,2024-07-17 21:00:00,4,-1,0.0007100866,30,2021-01-01
2024-07-17 22:00:00,2024-07-17 21:00:00,2,-1,0.00064947107,31,2021-01-01
2024-07-17 22:00:00,2024-07-17 21:00:00,0,17,0.00059861294,32,2021-01-01
2024-07-17 22:00:00,2024-07-17 21:00:00,5,-2,0.000555431,33,2021-01-01
2024-07-17 22:00:00,2024-07-17 21:00:00,-3,-1,0.00055087986,34,2021-01-01
2024-07-17 22:00:00,2024-07-17 21:00:00,9,2,0.0005455899,35,2021-01-01
2024-07-17 22:00:00,2024-07-17 21:00:00,-1,1,0.00045666625,36,2021-01-01
2024-07-17 22:00:00,2024-07-17 21:00:00,1,-2,0.00044377366,37,2021-01-01
2024-07-17 22:00:00,2024-07-17 21:00:00,-5,-1,0.0003956596,38,2021-01-01
2024-07-17 22:00:00,2024-07-17 21:00:00,2,1,0.00033376296,39,2021-01-01
2024-07-17 22:00:00,2024-07-17 21:00:00,3,1,0.0003227576,40,2021-01-01
2024-07-17 22:00:00,2024-07-17 21:00:00,3,0,0.0002995121,41,2021-01-01
2024-07-17 22:00:00,2024-07-17 21:00:00,-1,8,0.00029927565,42,2021-01-01
2024-07-17 22:00:00,2024-07-17 21:00:00,7,-5,0.00029322354,43,2021-01-01
2024-07-17 22:00:00,2024-07-17 21:00:00,-1,-3,0.00028517857,44,2021-01-01
2024-07-17 22:00:00,2024-07-17 21:00:00,-1,6,0.00025928346,45,2021-01-01
2024-07-17 22:00:00,2024-07-17 21:00:00,1,6,0.0002485705,46,2021-01-01
2024-07-17 22:00:00,2024-07-17 21:00:00,-7,1,0.00024838283,47,2021-01-01
2024-07-17 22:00:00,2024-07-17 21:00:00,-5,-3,0.00023891951,48,2021-01-01
2024-07-17 22:00:00,2024-07-17 21:00:00,-7,-1,0.00021906312,49,2021-01-01
2024-07-17 22:00:00,2024-07-17 21:00:00,-4,10,0.00021267124,50,2021-01-01
2024-07-17 22:00:00,2024-07-17 21:00:00,-4,0,0.00020787591,51,2021-01-01
2024-07-17 22:00:00,2024-07-17 21:00:00,-3,-2,0.00020328305,52,2021-01-01
2024-07-17 22:00:00,2024-07-17 21:00:00,-2,13,0.00020202273,53,2021-01-01
2024-07-17 22:00:00,2024-07-17 21:00:00,-2,15,0.00019953998,54,2021-01-01
2024-07-17 22:00:00,2024-07-17 21:00:00,-5,11,0.00018993863,55,2021-01-01
2024-07-17 22:00:00,2024-07-17 21:00:00,-3,0,0.00018895038,56,2021-01-01
2024-07-17 22:00:00,2024-07-17 21:00:00,6,5,0.00018025558,57,2021-01-01
2024-07-17 22:00:00,2024-07-17 21:00:00,6,11,0.00017738545,58,2021-01-01
2024-07-17 22:00:00,2024-07-17 21:00:00,-9,-5,0.0001764543,59,2021-01-01
2024-07-17 22:00:00,2024-07-17 21:00:00,-1,18,0.00017425284,60,2021-01-01
2024-07-17 22:00:00,2024-07-17 21:00:00,7,-4,0.00017273765,61,2021-01-01
2024-07-17 22:00:00,2024-07-17 21:00:00,0,18,0.00016620466,62,2021-01-01
2024-07-17 22:00:00,2024-07-17 21:00:00,-5,10,0.00016593584,63,2021-01-01
2024-07-17 22:00:00,2024-07-17 21:00:00,10,-1,0.00016436291,64,2021-01-01
2024-07-17 22:00:00,2024-07-17 21:00:00,7,11,0.00016171292,65,2021-01-01
2024-07-17 22:00:00,2024-07-17 21:00:00,3,17,0.00015769666,66,2021-01-01
2024-07-17 22:00:00,2024-07-17 21:00:00,-6,4,0.00014701555,67,2021-01-01
2024-07-17 22:00:00,2024-07-17 21:00:00,-1,13,0.00013504359,68,2021-01-01
2024-07-17 22:00:00,2024-07-17 21:00:00,-2,11,0.00013239619,69,2021-01-01
2024-07-17 22:00:00,2024-07-17 21:00:00,-6,8,0.00012244302,70,2021-01-01
2024-07-17 22:00:00,2024-07-17 21:00:00,4,14,0.000121597484,71,2021-01-01
2024-07-17 22:00:00,2024-07-17 21:00:00,0,13,0.00011966564,72,2021-01-01
2024-07-17 22:00:00,2024-07-17 21:00:00,1,19,0.00011894119,73,2021-01-01
2024-07-17 22:00:00,2024-07-17 21:00:00,-1,15,0.000118866425,74,2021-01-01
2024-07-17 22:00:00,2024-07-17 21:00:00,-5,-4,0.00011857732,75,2021-01-01
2024-07-17 22:00:00,2024-07-17 21:00:00,-3,12,0.0001174001,76,2021-01-01
2024-07-17 22:00:00,2024-07-17 21:00:00,-1,11,0.00011712595,77,2021-01-01
2024-07-17 22:00:00,2024-07-17 21:00:00,1,9,0.000117083604,78,2021-01-01
2024-07-17 22:00:00,2024-07-17 21:00:00,0,14,0.00011400927,79,2021-01-01
2024-07-17 22:00:00,2024-07-17 21:00:00,-3,15,0.00011113882,80,2021-01-01
2024-07-17 22:00:00,2024-07-17 21:00:00,-1,16,0.00011054379,81,2021-01-01
2024-07-17 22:00:00,2024-07-17 21:00:00,-3,14,0.00010980594,82,2021-01-01
2024-07-17 22:00:00,2024-07-17 21:00:00,1,20,0.000109538036,83,2021-01-01
2024-07-17 22:00:00,2024-07-17 21:00:00,-4,12,0.000108369284,84,2021-01-01
2024-07-17 22:00:00,2024-07-17 21:00:00,8,0,0.00010387375,85,2021-01-01
2024-07-17 22:00:00,2024-07-17 21:00:00,-5,9,0.000102507074,86,2021-01-01
2024-07-17 22:00:00,2024-07-17 21:00:00,-1,2,0.00010168957,87,2021-01-01
2024-07-17 22:00:00,2024-07-17 21:00:00,-4,-4,0.00010098663,88,2021-01-01
2024-07-17 22:00:00,2024-07-17 21:00:00,1,11,0.00010096927,89,2021-01-01
2024-07-17 22:00:00,2024-07-17 21:00:00,-9,-4,9.985113e-05,90,2021-01-01
2024-07-17 22:00:00,2024-07-17 21:00:00,-2,16,9.809624e-05,91,2021-01-01
2024-07-17 22:00:00,2024-07-17 21:00:00,5,2,9.795799e-05,92,2021-01-01
2024-07-17 22:00:00,2024-07-17 21:00:00,5,3,9.349023e-05,93,2021-01-01
2024-07-17 22:00:00,2024-07-17 21:00:00,-3,8,9.131074e-05,94,2021-01-01
2024-07-17 22:00:00,2024-07-17 21:00:00,2,-2,9.088273e-05,95,2021-01-01
2024-07-17 22:00:00,2024-07-17 21:00:00,7,-1,9.004341e-05,96,2021-01-01
2024-07-17 22:00:00,2024-07-17 21:00:00,0,1,8.9982765e-05,97,2021-01-01
2024-07-17 22:00:00,2024-07-17 21:00:00,4,-4,8.997688e-05,98,2021-01-01
2024-07-17 22:00:00,2024-07-17 21:00:00,3,-3,8.970845e-05,99,2021-01-01
2024-07-17 22:00:00,2024-07-17 21:00:00,1,2,8.9257315e-05,100,2021-01-01
2024-07-17 22:00:00,2024-07-17 21:00:00,1,-3,8.846276e-05,101,2021-01-01
2024-07-17 22:00:00,2024-07-17 21:00:00,-1,5,8.831639e-05,102,2021-01-01
2024-07-17 22:00:00,2024-07-17 21:00:00,-3,1,8.766434e-05,103,2021-01-01
2024-07-17 22:00:00,2024-07-17 21:00:00,-5,15,8.764072e-05,104,2021-01-01
2024-07-17 22:00:00,2024-07-17 21:00:00,-1,-2,8.677028e-05,105,2021-01-01
2024-07-17 22:00:00,2024-07-17 21:00:00,9,0,8.6672866e-05,106,2021-01-01
2024-07-17 22:00:00,2024-07-17 21:00:00,0,19,8.663887e-05,107,2021-01-01
2024-07-17 22:00:00,2024-07-17 21:00:00,1,1,8.623101e-05,108,2021-01-01
2024-07-17 22:00:00,2024-07-17 21:00:00,3,-2,8.476351e-05,109,2021-01-01
2024-07-17 22:00:00,2024-07-17 21:00:00,4,1,8.428803e-05,110,2021-01-01
2024-07-17 22:00:00,2024-07-17 21:00:00,-3,18,8.414899e-05,111,2021-01-01
2024-07-17 22:00:00,2024-07-17 21:00:00,-4,17,8.31991e-05,112,2021-01-01
2024-07-17 22:00:00,2024-07-17 21:00:00,-5,4,8.297336e-05,113,2021-01-01
2024-07-17 22:00:00,2024-07-17 21:00:00,-9,-1,8.240441e-05,114,2021-01-01
2024-07-17 22:00:00,2024-07-17 21:00:00,0,-3,8.18313e-05,115,2021-01-01
2024-07-17 22:00:00,2024-07-17 21:00:00,2,-3,8.1097874e-05,116,2021-01-01
2024-07-17 22:00:00,2024-07-17 21:00:00,0,11,7.9809826e-05,117,2021-01-01
2024-07-17 22:00:00,2024-07-17 21:00:00,1,-7,7.926047e-05,118,2021-01-01
2024-07-17 22:00:00,2024-07-17 21:00:00,2,-7,7.926047e-05,119,2021-01-01
2024-07-17 22:00:00,2024-07-17 21:00:00,-3,7,7.86049e-05,120,2021-01-01
2024-07-17 22:00:00,2024-07-17 21:00:00,-2,8,7.831491e-05,121,2021-01-01
2024-07-17 22:00:00,2024-07-17 21:00:00,8,-3,7.7767094e-05,122,2021-01-01
2024-07-17 22:00:00,2024-07-17 21:00:00,-2,1,7.740013e-05,123,2021-01-01
2024-07-17 22:00:00,2024-07-17 21:00:00,-2,9,7.7400095e-05,124,2021-01-01
2024-07-17 22:00:00,2024-07-17 21:00:00,9,-2,7.603463e-05,125,2021-01-01
2024-07-17 22:00:00,2024-07-17 21:00:00,-1,9,7.587729e-05,126,2021-01-01
2024-07-17 22:00:00,2024-07-17 21:00:00,2,9,7.5837896e-05,127,2021-01-01
2024-07-17 22:00:00,2024-07-17 21:00:00,-6,15,7.4925265e-05,128,2021-01-01
2024-07-17 22:00:00,2024-07-17 21:00:00,-1,-7,7.4601434e-05,129,2021-01-01
2024-07-17 22:00:00,2024-07-17 21:00:00,-11,-6,7.457901e-05,130,2021-01-01
2024-07-17 22:00:00,2024-07-17 21:00:00,-6,1,7.423219e-05,131,2021-01-01
2024-07-17 22:00:00,2024-07-17 21:00:00,-5,0,7.3904725e-05,132,2021-01-01
2024-07-17 22:00:00,2024-07-17 21:00:00,0,-6,7.353398e-05,133,2021-01-01
2024-07-17 22:00:00,2024-07-17 21:00:00,6,6,7.332615e-05,134,2021-01-01
2024-07-17 22:00:00,2024-07-17 21:00:00,2,0,7.300753e-05,135,2021-01-01
2024-07-17 22:00:00,2024-07-17 21:00:00,10,5,7.272576e-05,136,2021-01-01
2024-07-17 22:00:00,2024-07-17 21:00:00,-1,-6,7.2166906e-05,137,2021-01-01
2024-07-17 22:00:00,2024-07-17 21:00:00,1,5,7.041681e-05,138,2021-01-01
2024-07-17 22:00:00,2024-07-17 21:00:00,-4,5,7.007795e-05,139,2021-01-01
2024-07-17 22:00:00,2024-07-17 21:00:00,2,-6,7.0064336e-05,140,2021-01-01
2024-07-17 22:00:00,2024-07-17 21:00:00,0,9,6.988101e-05,141,2021-01-01
2024-07-17 22:00:00,2024-07-17 21:00:00,5,-1,6.966644e-05,142,2021-01-01
2024-07-17 22:00:00,2024-07-17 21:00:00,-4,19,6.929325e-05,143,2021-01-01
2024-07-17 22:00:00,2024-07-17 21:00:00,-10,-4,6.8989575e-05,144,2021-01-01
2024-07-17 22:00:00,2024-07-17 21:00:00,-3,2,6.835917e-05,145,2021-01-01
2024-07-17 22:00:00,2024-07-17 21:00:00,0,5,6.763405e-05,146,2021-01-01
2024-07-17 22:00:00,2024-07-17 21:00:00,9,3,6.749794e-05,147,2021-01-01
2024-07-17 22:00:00,2024-07-17 21:00:00,2,7,6.737157e-05,148,2021-01-01
2024-07-17 22:00:00,2024-07-17 21:00:00,3,-1,6.727671e-05,149,2021-01-01
2024-07-17 22:00:00,2024-07-17 21:00:00,7,1,6.5783075e-05,150,2021-01-01
2024-07-17 22:00:00,2024-07-17 21:00:00,-1,7,6.44093e-05,151,2021-01-01
2024-07-17 22:00:00,2024-07-17 21:00:00,1,8,6.4165775e-05,152,2021-01-01
2024-07-17 22:00:00,2024-07-17 21:00:00,-3,9,6.355612e-05,153,2021-01-01
2024-07-17 22:00:00,2024-07-17 21:00:00,-10,10,6.355024e-05,154,2021-01-01
2024-07-17 22:00:00,2024-07-17 21:00:00,0,-5,6.3541345e-05,155,2021-01-01
2024-07-17 22:00:00,2024-07-17 21:00:00,-10,8,6.340438e-05,156,2021-01-01
2024-07-17 22:00:00,2024-07-17 21:00:00,1,-5,6.263423e-05,157,2021-01-01
2024-07-17 22:00:00,2024-07-17 21:00:00,-1,3,6.24772e-05,158,2021-01-01
2024-07-17 22:00:00,2024-07-17 21:00:00,8,1,6.23102e-05,159,2021-01-01
2024-07-17 22:00:00,2024-07-17 21:00:00,-2,10,6.182982e-05,160,2021-01-01
2024-07-17 22:00:00,2024-07-17 21:00:00,2,20,6.142656e-05,161,2021-01-01
2024-07-17 22:00:00,2024-07-17 21:00:00,-1,-4,6.0554925e-05,162,2021-01-01
2024-07-17 22:00:00,2024-07-17 21:00:00,2,8,5.915825e-05,163,2021-01-01
2024-07-17 22:00:00,2024-07-17 21:00:00,-4,8,5.786111e-05,164,2021-01-01
2024-07-17 22:00:00,2024-07-17 21:00:00,7,4,5.722041e-05,165,2021-01-01
2024-07-17 22:00:00,2024-07-17 21:00:00,-5,-5,5.708555e-05,166,2021-01-01
2024-07-17 22:00:00,2024-07-17 21:00:00,6,3,5.6736113e-05,167,2021-01-01
2024-07-17 22:00:00,2024-07-17 21:00:00,10,0,5.3736207e-05,168,2021-01-01
2024-07-17 22:00:00,2024-07-17 21:00:00,-4,4,5.3480875e-05,169,2021-01-01
2024-07-17 22:00:00,2024-07-17 21:00:00,-4,-5,5.094345e-05,170,2021-01-01
2024-07-17 22:00:00,2024-07-17 21:00:00,-6,-2,5.072354e-05,171,2021-01-01
2024-07-17 22:00:00,2024-07-17 21:00:00,-8,6,5.0175688e-05,172,2021-01-01
2024-07-17 22:00:00,2024-07-17 21:00:00,-6,-3,4.9520302e-05,173,2021-01-01
2024-07-17 22:00:00,2024-07-17 21:00:00,-5,2,4.9511247e-05,174,2021-01-01
2024-07-17 22:00:00,2024-07-17 21:00:00,-5,1,4.905356e-05,175,2021-01-01
2024-07-17 22:00:00,2024-07-17 21:00:00,-9,0,4.890376e-05,176,2021-01-01
2024-07-17 22:00:00,2024-07-17 21:00:00,-10,-3,4.7754515e-05,177,2021-01-01
2024-07-17 22:00:00,2024-07-17 21:00:00,4,-6,4.725118e-05,178,2021-01-01
2024-07-17 22:00:00,2024-07-17 21:00:00,5,-4,4.673723e-05,179,2021-01-01
2024-07-17 22:00:00,2024-07-17 21:00:00,5,-3,4.673723e-05,180,2021-01-01
2024-07-17 22:00:00,2024-07-17 21:00:00,8,-4,4.5832658e-05,181,2021-01-01
2024-07-17 22:00:00,2024-07-17 21:00:00,-9,6,4.531963e-05,182,2021-01-01
2024-07-17 22:00:00,2024-07-17 21:00:00,-4,2,4.4947516e-05,183,2021-01-01
2024-07-17 22:00:00,2024-07-17 21:00:00,-4,3,4.3422082e-05,184,2021-01-01
2024-07-17 22:00:00,2024-07-17 21:00:00,-2,3,4.171662e-05,185,2021-01-01
2024-07-17 22:00:00,2024-07-17 21:00:00,-2,-5,3.761162e-05,186,2021-01-01
2024-07-17 23:00:00,2024-07-17 22:00:00,9,1,0.7996308,1,2021-01-01
2024-07-17 23:00:00,2024-07-17 22:00:00,0,-1,0.660062,2,2021-01-01
2024-07-17 23:00:00,2024-07-17 22:00:00,0,0,0.5898858,3,2021-01-01
2024-07-17 23:00:00,2024-07-17 22:00:00,0,-2,0.3376845,4,2021-01-01
2024-07-17 23:00:00,2024-07-17 22:00:00,1,0,0.28771695,5,2021-01-01
2024-07-17 23:00:00,2024-07-17 22:00:00,-2,-3,0.2873077,6,2021-01-01
2024-07-17 23:00:00,2024-07-17 22:00:00,-3,-3,0.2633285,7,2021-01-01
2024-07-17 23:00:00,2024-07-17 22:00:00,-2,-2,0.19465534,8,2021-01-01
2024-07-17 23:00:00,2024-07-17 22:00:00,-1,0,0.15584756,9,2021-01-01
2024-07-17 23:00:00,2024-07-17 22:00:00,6,-3,0.13969143,10,2021-01-01
2024-07-17 23:00:00,2024-07-17 22:00:00,-12,-5,0.13062145,11,2021-01-01
2024-07-17 23:00:00,2024-07-17 22:00:00,-2,-4,0.1155066,12,2021-01-01
2024-07-17 23:00:00,2024-07-17 22:00:00,-4,-2,0.09872017,13,2021-01-01
2024-07-17 23:00:00,2024-07-17 22:00:00,-1,-1,0.098715924,14,2021-01-01
2024-07-17 23:00:00,2024-07-17 22:00:00,-2,-1,0.092458256,15,2021-01-01
2024-07-17 23:00:00,2024-07-17 22:00:00,-2,0,0.05359404,16,2021-01-01
2024-07-17 23:00:00,2024-07-17 22:00:00,-5,-2,0.028073154,17,2021-01-01
2024-07-17 23:00:00,2024-07-17 22:00:00,-11,-5,0.02553921,18,2021-01-01
2024-07-17 23:00:00,2024-07-17 22:00:00,10,3,0.019756539,19,2021-01-01
2024-07-17 23:00:00,2024-07-17 22:00:00,-3,-4,0.008196198,20,2021-01-01
2024-07-17 23:00:00,2024-07-17 22:00:00,1,-1,0.00808142,21,2021-01-01
2024-07-17 23:00:00,2024-07-17 22:00:00,-4,-3,0.007983639,22,2021-01-01
2024-07-17 23:00:00,2024-07-17 22:00:00,-3,11,0.007688644,23,2021-01-01
2024-07-17 23:00:00,2024-07-17 22:00:00,7,4,0.0074036405,24,2021-01-01
2024-07-17 23:00:00,2024-07-17 22:00:00,6,-4,0.0073465016,25,2021-01-01
2024-07-17 23:00:00,2024-07-17 22:00:00,0,8,0.0024993988,26,2021-01-01
2024-07-17 23:00:00,2024-07-17 22:00:00,-4,-1,0.00213625,27,2021-01-01
2024-07-17 23:00:00,2024-07-17 22:00:00,-3,13,0.0021013916,28,2021-01-01
2024-07-17 23:00:00,2024-07-17 22:00:00,9,2,0.0019326186,29,2021-01-01
2024-07-17 23:00:00,2024-07-17 22:00:00,4,-1,0.0018647971,30,2021-01-01
2024-07-17 23:00:00,2024-07-17 22:00:00,-1,-3,0.001811636,31,2021-01-01
2024-07-17 23:00:00,2024-07-17 22:00:00,5,-2,0.0013713868,32,2021-01-01
2024-07-17 23:00:00,2024-07-17 22:00:00,1,-2,0.0013590995,33,2021-01-01
2024-07-17 23:00:00,2024-07-17 22:00:00,-3,-1,0.0013022771,34,2021-01-01
2024-07-17 23:00:00,2024-07-17 22:00:00,-3,0,0.0012966543,35,2021-01-01
2024-07-17 23:00:00,2024-07-17 22:00:00,8,-1,0.0012658578,36,2021-01-01
2024-07-17 23:00:00,2024-07-17 22:00:00,2,-1,0.0011448405,37,2021-01-01
2024-07-17 23:00:00,2024-07-17 22:00:00,-5,-1,0.0010996615,38,2021-01-01
2024-07-17 23:00:00,2024-07-17 22:00:00,0,12,0.00077037927,39,2021-01-01
2024-07-17 23:00:00,2024-07-17 22:00:00,3,0,0.0007154501,40,2021-01-01
2024-07-17 23:00:00,2024-07-17 22:00:00,3,1,0.0007073695,41,2021-01-01
2024-07-17 23:00:00,2024-07-17 22:00:00,-3,-2,0.0007057387,42,2021-01-01
2024-07-17 23:00:00,2024-07-17 22:00:00,-1,1,0.00063786143,43,2021-01-01
2024-07-17 23:00:00,2024-07-17 22:00:00,-5,-3,0.0006133052,44,2021-01-01
2024-07-17 23:00:00,2024-07-17 22:00:00,-4,0,0.000535843,45,2021-01-01
2024-07-17 23:00:00,2024-07-17 22:00:00,0,17,0.00051185855,46,2021-01-01
2024-07-17 23:00:00,2024-07-17 22:00:00,6,5,0.0005001469,47,2021-01-01
2024-07-17 23:00:00,2024-07-17 22:00:00,-7,-1,0.000490782,48,2021-01-01
2024-07-17 23:00:00,2024-07-17 22:00:00,7,-5,0.0004796926,49,2021-01-01
2024-07-17 23:00:00,2024-07-17 22:00:00,2,1,0.00047950007,50,2021-01-01
2024-07-17 23:00:00,2024-07-17 22:00:00,1,6,0.00043193516,51,2021-01-01
2024-07-17 23:00:00,2024-07-17 22:00:00,-3,1,0.00042891342,52,2021-01-01
2024-07-17 23:00:00,2024-07-17 22:00:00,-4,-4,0.0003565027,53,2021-01-01
2024-07-17 23:00:00,2024-07-17 22:00:00,-7,1,0.00029761466,54,2021-01-01
2024-07-17 23:00:00,2024-07-17 22:00:00,-5,-4,0.00027937352,55,2021-01-01
2024-07-17 23:00:00,2024-07-17 22:00:00,-4,10,0.0002708292,56,2021-01-01
2024-07-17 23:00:00,2024-07-17 22:00:00,0,-3,0.000266599,57,2021-01-01
2024-07-17 23:00:00,2024-07-17 22:00:00,7,-4,0.00026083962,58,2021-01-01
2024-07-17 23:00:00,2024-07-17 22:00:00,-1,-2,0.00023277453,59,2021-01-01
2024-07-17 23:00:00,2024-07-17 22:00:00,-1,8,0.00022228896,60,2021-01-01
2024-07-17 23:00:00,2024-07-17 22:00:00,-1,6,0.00021802094,61,2021-01-01
2024-07-17 23:00:00,2024-07-17 22:00:00,1,-3,0.00018187494,62,2021-01-01
2024-07-17 23:00:00,2024-07-17 22:00:00,-1,-4,0.00017602666,63,2021-01-01
2024-07-17 23:00:00,2024-07-17 22:00:00,-5,11,0.00016721863,64,2021-01-01
2024-07-17 23:00:00,2024-07-17 22:00:00,10,5,0.0001663834,65,2021-01-01
2024-07-17 23:00:00,2024-07-17 22:00:00,1,1,0.00016560424,66,2021-01-01
2024-07-17 23:00:00,2024-07-17 22:00:00,9,3,0.00016401576,67,2021-01-01
2024-07-17 23:00:00,2024-07-17 22:00:00,-2,15,0.00016346306,68,2021-01-01
2024-07-17 23:00:00,2024-07-17 22:00:00,2,-3,0.00016211865,69,2021-01-01
2024-07-17 23:00:00,2024-07-17 22:00:00,-2,13,0.0001620128,70,2021-01-01
2024-07-17 23:00:00,2024-07-17 22:00:00,2,-7,0.00016173812,71,2021-01-01
2024-07-17 23:00:00,2024-07-17 22:00:00,2,-2,0.00016103098,72,2021-01-01
2024-07-17 23:00:00,2024-07-17 22:00:00,2,9,0.00015469213,73,2021-01-01
2024-07-17 23:00:00,2024-07-17 22:00:00,8,1,0.00015186939,74,2021-01-01
2024-07-17 23:00:00,2024-07-17 22:00:00,-9,-5,0.000151144,75,2021-01-01
2024-07-17 23:00:00,2024-07-17 22:00:00,-6,-2,0.000150567,76,2021-01-01
2024-07-17 23:00:00,2024-07-17 22:00:00,-2,1,0.0001477025,77,2021-01-01
2024-07-17 23:00:00,2024-07-17 22:00:00,-4,12,0.00014482443,78,2021-01-01
2024-07-17 23:00:00,2024-07-17 22:00:00,0,1,0.00014273408,79,2021-01-01
2024-07-17 23:00:00,2024-07-17 22:00:00,-6,1,0.0001417452,80,2021-01-01
2024-07-17 23:00:00,2024-07-17 22:00:00,4,-4,0.0001415575,81,2021-01-01
2024-07-17 23:00:00,2024-07-17 22:00:00,-1,18,0.00014041748,82,2021-01-01
2024-07-17 23:00:00,2024-07-17 22:00:00,-5,10,0.00013861289,83,2021-01-01
2024-07-17 23:00:00,2024-07-17 22:00:00,-6,-3,0.00013842202,84,2021-01-01
2024-07-17 23:00:00,2024-07-17 22:00:00,-1,5,0.00013768513,85,2021-01-01
2024-07-17 23:00:00,2024-07-17 22:00:00,6,6,0.00013646645,86,2021-01-01
2024-07-17 23:00:00,2024-07-17 22:00:00,8,0,0.000136445,87,2021-01-01
2024-07-17 23:00:00,2024-07-17 22:00:00,4,1,0.00013449283,88,2021-01-01
2024-07-17 23:00:00,2024-07-17 22:00:00,0,18,0.00013439512,89,2021-01-01
2024-07-17 23:00:00,2024-07-17 22:00:00,3,17,0.000132748,90,2021-01-01
2024-07-17 23:00:00,2024-07-17 22:00:00,-3,2,0.0001258503,91,2021-01-01
2024-07-17 23:00:00,2024-07-17 22:00:00,0,-5,0.00012561817,92,2021-01-01
2024-07-17 23:00:00,2024-07-17 22:00:00,10,-1,0.00012530612,93,2021-01-01
2024-07-17 23:00:00,2024-07-17 22:00:00,7,-1,0.00012405317,94,2021-01-01
2024-07-17 23:00:00,2024-07-17 22:00:00,1,9,0.00012143455,95,2021-01-01
2024-07-17 23:00:00,2024-07-17 22:00:00,6,3,0.00012057158,96,2021-01-01
2024-07-17 23:00:00,2024-07-17 22:00:00,-5,0,0.00011995901,97,2021-01-01
2024-07-17 23:00:00,2024-07-17 22:00:00,4,14,0.00011977598,98,2021-01-01
2024-07-17 23:00:00,2024-07-17 22:00:00,6,11,0.000117440395,99,2021-01-01
2024-07-17 23:00:00,2024-07-17 22:00:00,2,8,0.00011562341,100,2021-01-01
2024-07-17 23:00:00,2024-07-17 22:00:00,-6,4,0.000113565715,101,2021-01-01
2024-07-17 23:00:00,2024-07-17 22:00:00,-3,12,0.000112622445,102,2021-01-01
2024-07-17 23:00:00,2024-07-17 22:00:00,1,2,0.0001115343,103,2021-01-01
2024-07-17 23:00:00,2024-07-17 22:00:00,5,2,0.00011019206,104,2021-01-01
2024-07-17 23:00:00,2024-07-17 22:00:00,0,13,0.00010960751,105,2021-01-01
2024-07-17 23:00:00,2024-07-17 22:00:00,1,-7,0.000109048444,106,2021-01-01
2024-07-17 23:00:00,2024-07-17 22:00:00,2,7,0.00010861282,107,2021-01-01
2024-07-17 23:00:00,2024-07-17 22:00:00,7,11,0.000107091175,108,2021-01-01
2024-07-17 23:00:00,2024-07-17 22:00:00,-5,15,0.00010708682,109,2021-01-01
2024-07-17 23:00:00,2024-07-17 22:00:00,-1,-7,0.00010668242,110,2021-01-01
2024-07-17 23:00:00,2024-07-17 22:00:00,3,-2,0.00010477073,111,2021-01-01
2024-07-17 23:00:00,2024-07-17 22:00:00,0,14,0.00010465123,112,2021-01-01
2024-07-17 23:00:00,2024-07-17 22:00:00,0,-6,0.00010440607,113,2021-01-01
2024-07-17 23:00:00,2024-07-17 22:00:00,-2,11,0.00010274148,114,2021-01-01
2024-07-17 23:00:00,2024-07-17 22:00:00,-4,-5,0.00010214073,115,2021-01-01
2024-07-17 23:00:00,2024-07-17 22:00:00,9,-2,0.000101552716,116,2021-01-01
2024-07-17 23:00:00,2024-07-17 22:00:00,5,3,0.000101406105,117,2021-01-01
2024-07-17 23:00:00,2024-07-17 22:00:00,-1,-6,0.00010137,118,2021-01-01
2024-07-17 23:00:00,2024-07-17 22:00:00,8,-3,0.000100519166,119,2021-01-01
2024-07-17 23:00:00,2024-07-17 22:00:00,-1,13,9.962617e-05,120,2021-01-01
2024-07-17 23:00:00,2024-07-17 22:00:00,5,-1,9.945315e-05,121,2021-01-01
2024-07-17 23:00:00,2024-07-17 22:00:00,-1,2,9.938216e-05,122,2021-01-01
2024-07-17 23:00:00,2024-07-17 22:00:00,-9,-1,9.912081e-05,123,2021-01-01
2024-07-17 23:00:00,2024-07-17 22:00:00,-2,-5,9.494409e-05,124,2021-01-01
2024-07-17 23:00:00,2024-07-17 22:00:00,3,-1,9.3759736e-05,125,2021-01-01
2024-07-17 23:00:00,2024-07-17 22:00:00,-6,8,9.236234e-05,126,2021-01-01
2024-07-17 23:00:00,2024-07-17 22:00:00,-6,15,9.235769e-05,127,2021-01-01
2024-07-17 23:00:00,2024-07-17 22:00:00,7,1,9.233262e-05,128,2021-01-01
2024-07-17 23:00:00,2024-07-17 22:00:00,-5,9,9.2225244e-05,129,2021-01-01
2024-07-17 23:00:00,2024-07-17 22:00:00,-1,15,9.214198e-05,130,2021-01-01
2024-07-17 23:00:00,2024-07-17 22:00:00,-5,1,9.1513444e-05,131,2021-01-01
2024-07-17 23:00:00,2024-07-17 22:00:00,-5,-5,8.9779816e-05,132,2021-01-01
2024-07-17 23:00:00,2024-07-17 22:00:00,-1,11,8.9616144e-05,133,2021-01-01
2024-07-17 23:00:00,2024-07-17 22:00:00,9,0,8.788045e-05,134,2021-01-01
2024-07-17 23:00:00,2024-07-17 22:00:00,-1,3,8.746351e-05,135,2021-01-01
2024-07-17 23:00:00,2024-07-17 22:00:00,-2,16,8.7147426e-05,136,2021-01-01
2024-07-17 23:00:00,2024-07-17 22:00:00,1,19,8.693914e-05,137,2021-01-01
2024-07-17 23:00:00,2024-07-17 22:00:00,-3,14,8.5132175e-05,138,2021-01-01
2024-07-17 23:00:00,2024-07-17 22:00:00,0,5,8.47975e-05,139,2021-01-01
2024-07-17 23:00:00,2024-07-17 22:00:00,1,20,8.4364736e-05,140,2021-01-01
2024-07-17 23:00:00,2024-07-17 22:00:00,-3,15,8.360964e-05,141,2021-01-01
2024-07-17 23:00:00,2024-07-17 22:00:00,-1,16,8.190827e-05,142,2021-01-01
2024-07-17 23:00:00,2024-07-17 22:00:00,-9,-4,8.1782804e-05,143,2021-01-01
2024-07-17 23:00:00,2024-07-17 22:00:00,2,-6,7.9949976e-05,144,2021-01-01
2024-07-17 23:00:00,2024-07-17 22:00:00,2,0,7.782418e-05,145,2021-01-01
2024-07-17 23:00:00,2024-07-17 22:00:00,1,5,7.754373e-05,146,2021-01-01
2024-07-17 23:00:00,2024-07-17 22:00:00,1,11,7.673006e-05,147,2021-01-01
2024-07-17 23:00:00,2024-07-17 22:00:00,1,-5,7.5270924e-05,148,2021-01-01
2024-07-17 23:00:00,2024-07-17 22:00:00,-4,2,7.492633e-05,149,2021-01-01
2024-07-17 23:00:00,2024-07-17 22:00:00,-5,2,7.320205e-05,150,2021-01-01
2024-07-17 23:00:00,2024-07-17 22:00:00,-10,10,7.0845876e-05,151,2021-01-01
2024-07-17 23:00:00,2024-07-17 22:00:00,-4,8,7.0018265e-05,152,2021-01-01
2024-07-17 23:00:00,2024-07-17 22:00:00,-3,18,6.998387e-05,153,2021-01-01
2024-07-17 23:00:00,2024-07-17 22:00:00,-4,17,6.855334e-05,154,2021-01-01
2024-07-17 23:00:00,2024-07-17 22:00:00,-10,8,6.71347e-05,155,2021-01-01
2024-07-17 23:00:00,2024-07-17 22:00:00,0,11,6.603622e-05,156,2021-01-01
2024-07-17 23:00:00,2024-07-17 22:00:00,0,19,6.5908695e-05,157,2021-01-01
2024-07-17 23:00:00,2024-07-17 22:00:00,-1,9,6.332859e-05,158,2021-01-01
2024-07-17 23:00:00,2024-07-17 22:00:00,-11,-6,6.320692e-05,159,2021-01-01
2024-07-17 23:00:00,2024-07-17 22:00:00,8,-4,6.270497e-05,160,2021-01-01
2024-07-17 23:00:00,2024-07-17 22:00:00,-2,9,6.173944e-05,161,2021-01-01
2024-07-17 23:00:00,2024-07-17 22:00:00,1,8,6.163358e-05,162,2021-01-01
2024-07-17 23:00:00,2024-07-17 22:00:00,-2,3,6.0435515e-05,163,2021-01-01
2024-07-17 23:00:00,2024-07-17 22:00:00,-8,6,5.9822676e-05,164,2021-01-01
2024-07-17 23:00:00,2024-07-17 22:00:00,3,-3,5.892887e-05,165,2021-01-01
2024-07-17 23:00:00,2024-07-17 22:00:00,-5,4,5.8655252e-05,166,2021-01-01
2024-07-17 23:00:00,2024-07-17 22:00:00,4,-6,5.7445755e-05,167,2021-01-01
2024-07-17 23:00:00,2024-07-17 22:00:00,-2,8,5.725067e-05,168,2021-01-01
2024-07-17 23:00:00,2024-07-17 22:00:00,-10,-4,5.6404868e-05,169,2021-01-01
2024-07-17 23:00:00,2024-07-17 22:00:00,5,-3,5.6201727e-05,170,2021-01-01
2024-07-17 23:00:00,2024-07-17 22:00:00,-3,8,5.6014138e-05,171,2021-01-01
2024-07-17 23:00:00,2024-07-17 22:00:00,-9,6,5.5850887e-05,172,2021-01-01
2024-07-17 23:00:00,2024-07-17 22:00:00,5,-4,5.5562432e-05,173,2021-01-01
2024-07-17 23:00:00,2024-07-17 22:00:00,-3,7,5.5551704e-05,174,2021-01-01
2024-07-17 23:00:00,2024-07-17 22:00:00,10,0,5.5533837e-05,175,2021-01-01
2024-07-17 23:00:00,2024-07-17 22:00:00,-4,19,5.3165375e-05,176,2021-01-01
2024-07-17 23:00:00,2024-07-17 22:00:00,-2,10,5.2214964e-05,177,2021-01-01
2024-07-17 23:00:00,2024-07-17 22:00:00,-10,-3,4.9818886e-05,178,2021-01-01
2024-07-17 23:00:00,2024-07-17 22:00:00,-3,9,4.9038248e-05,179,2021-01-01
2024-07-17 23:00:00,2024-07-17 22:00:00,-9,0,4.8277823e-05,180,2021-01-01
2024-07-17 23:00:00,2024-07-17 22:00:00,2,20,4.767025e-05,181,2021-01-01
2024-07-17 23:00:00,2024-07-17 22:00:00,-1,7,4.7231817e-05,182,2021-01-01
2024-07-17 23:00:00,2024-07-17 22:00:00,0,9,4.609371e-05,183,2021-01-01
2024-07-17 23:00:00,2024-07-17 22:00:00,-4,5,4.401991e-05,184,2021-01-01
2024-07-17 23:00:00,2024-07-17 22:00:00,-4,3,4.1996478e-05,185,2021-01-01
2024-07-17 23:00:00,2024-07-17 22:00:00,-4,4,3.327939e-05,186,2021-01-01
2024-07-28 22:00:00,2024-07-28 21:00:00,9,1,0.8063814,1,2021-01-01
2024-07-28 22:00:00,2024-07-28 21:00:00,0,-1,0.17746979,2,2021-01-01
2024-07-28 22:00:00,2024-07-28 21:00:00,0,0,0.0876684,3,2021-01-01
2024-07-28 22:00:00,2024-07-28 21:00:00,-1,0,0.062340338,4,2021-01-01
2024-07-28 22:00:00,2024-07-28 21:00:00,6,-3,0.045480732,5,2021-01-01
2024-07-28 22:00:00,2024-07-28 21:00:00,1,0,0.037106503,6,2021-01-01
2024-07-28 22:00:00,2024-07-28 21:00:00,-2,-3,0.035728615,7,2021-01-01
2024-07-28 22:00:00,2024-07-28 21:00:00,-12,-5,0.028034171,8,2021-01-01
2024-07-28 22:00:00,2024-07-28 21:00:00,-5,-2,0.027984068,9,2021-01-01
2024-07-28 22:00:00,2024-07-28 21:00:00,1,-1,0.026804058,10,2021-01-01
2024-07-28 22:00:00,2024-07-28 21:00:00,-4,-2,0.025310194,11,2021-01-01
2024-07-28 22:00:00,2024-07-28 21:00:00,-1,-1,0.01693587,12,2021-01-01
2024-07-28 22:00:00,2024-07-28 21:00:00,-3,-4,0.015458982,13,2021-01-01
2024-07-28 22:00:00,2024-07-28 21:00:00,-2,-2,0.015382763,14,2021-01-01
2024-07-28 22:00:00,2024-07-28 21:00:00,-2,-1,0.015085268,15,2021-01-01
2024-07-28 22:00:00,2024-07-28 21:00:00,0,-2,0.01441864,16,2021-01-01
2024-07-28 22:00:00,2024-07-28 21:00:00,-4,-3,0.012881506,17,2021-01-01
2024-07-28 22:00:00,2024-07-28 21:00:00,-11,-5,0.010412791,18,2021-01-01
2024-07-28 22:00:00,2024-07-28 21:00:00,0,8,0.0098021915,19,2021-01-01
2024-07-28 22:00:00,2024-07-28 21:00:00,-5,-1,0.009285278,20,2021-01-01
2024-07-28 22:00:00,2024-07-28 21:00:00,-2,0,0.008800037,21,2021-01-01
2024-07-28 22:00:00,2024-07-28 21:00:00,-2,-4,0.008268842,22,2021-01-01
2024-07-28 22:00:00,2024-07-28 21:00:00,10,3,0.006844425,23,2021-01-01
2024-07-28 22:00:00,2024-07-28 21:00:00,-3,-3,0.005151477,24,2021-01-01
2024-07-28 22:00:00,2024-07-28 21:00:00,6,-4,0.004688382,25,2021-01-01
2024-07-28 22:00:00,2024-07-28 21:00:00,7,4,0.0027241884,26,2021-01-01
2024-07-28 22:00:00,2024-07-28 21:00:00,0,12,0.0020630814,27,2021-01-01
2024-07-28 22:00:00,2024-07-28 21:00:00,0,17,0.0017919565,28,2021-01-01
2024-07-28 22:00:00,2024-07-28 21:00:00,-3,11,0.0016737381,29,2021-01-01
2024-07-28 22:00:00,2024-07-28 21:00:00,-3,13,0.0015296083,30,2021-01-01
2024-07-28 22:00:00,2024-07-28 21:00:00,2,-1,0.001526177,31,2021-01-01
2024-07-28 22:00:00,2024-07-28 21:00:00,5,-2,0.001509704,32,2021-01-01
2024-07-28 22:00:00,2024-07-28 21:00:00,2,1,0.0014270833,33,2021-01-01
2024-07-28 22:00:00,2024-07-28 21:00:00,-3,-1,0.0013406882,34,2021-01-01
2024-07-28 22:00:00,2024-07-28 21:00:00,4,-1,0.001331621,35,2021-01-01
2024-07-28 22:00:00,2024-07-28 21:00:00,-4,0,0.0012972583,36,2021-01-01
2024-07-28 22:00:00,2024-07-28 21:00:00,-1,8,0.001166384,37,2021-01-01
2024-07-28 22:00:00,2024-07-28 21:00:00,1,6,0.0010527801,38,2021-01-01
2024-07-28 22:00:00,2024-07-28 21:00:00,-3,0,0.0009418182,39,2021-01-01
2024-07-28 22:00:00,2024-07-28 21:00:00,3,1,0.0008080487,40,2021-01-01
2024-07-28 22:00:00,2024-07-28 21:00:00,-4,-1,0.0007380866,41,2021-01-01
2024-07-28 22:00:00,2024-07-28 21:00:00,-2,15,0.00073322054,42,2021-01-01
2024-07-28 22:00:00,2024-07-28 21:00:00,-1,6,0.0007089108,43,2021-01-01
2024-07-28 22:00:00,2024-07-28 21:00:00,-1,-3,0.0006611335,44,2021-01-01
2024-07-28 22:00:00,2024-07-28 21:00:00,-2,13,0.0006539708,45,2021-01-01
2024-07-28 22:00:00,2024-07-28 21:00:00,1,9,0.00065130246,46,2021-01-01
2024-07-28 22:00:00,2024-07-28 21:00:00,3,0,0.0006489349,47,2021-01-01
2024-07-28 22:00:00,2024-07-28 21:00:00,-10,10,0.0006452175,48,2021-01-01
2024-07-28 22:00:00,2024-07-28 21:00:00,7,-5,0.00062159734,49,2021-01-01
2024-07-28 22:00:00,2024-07-28 21:00:00,0,18,0.0005839208,50,2021-01-01
2024-07-28 22:00:00,2024-07-28 21:00:00,-7,1,0.00058354245,51,2021-01-01
2024-07-28 22:00:00,2024-07-28 21:00:00,-6,4,0.00057013554,52,2021-01-01
2024-07-28 22:00:00,2024-07-28 21:00:00,-1,18,0.00050946436,53,2021-01-01
2024-07-28 22:00:00,2024-07-28 21:00:00,-4,10,0.00046544787,54,2021-01-01
2024-07-28 22:00:00,2024-07-28 21:00:00,-1,1,0.00044034503,55,2021-01-01
2024-07-28 22:00:00,2024-07-28 21:00:00,1,-2,0.00043281275,56,2021-01-01
2024-07-28 22:00:00,2024-07-28 21:00:00,4,-4,0.0004215912,57,2021-01-01
2024-07-28 22:00:00,2024-07-28 21:00:00,7,-4,0.0003903353,58,2021-01-01
2024-07-28 22:00:00,2024-07-28 21:00:00,-1,11,0.00035637725,59,2021-01-01
2024-07-28 22:00:00,2024-07-28 21:00:00,8,-1,0.0003361523,60,2021-01-01
2024-07-28 22:00:00,2024-07-28 21:00:00,-1,5,0.00032868612,61,2021-01-01
2024-07-28 22:00:00,2024-07-28 21:00:00,9,2,0.00031330835,62,2021-01-01
2024-07-28 22:00:00,2024-07-28 21:00:00,-2,16,0.00030724125,63,2021-01-01
2024-07-28 22:00:00,2024-07-28 21:00:00,-5,-3,0.00030170826,64,2021-01-01
2024-07-28 22:00:00,2024-07-28 21:00:00,0,14,0.00029417124,65,2021-01-01
2024-07-28 22:00:00,2024-07-28 21:00:00,-2,11,0.00028737055,66,2021-01-01
2024-07-28 22:00:00,2024-07-28 21:00:00,0,13,0.0002867481,67,2021-01-01
2024-07-28 22:00:00,2024-07-28 21:00:00,-3,12,0.0002855368,68,2021-01-01
2024-07-28 22:00:00,2024-07-28 21:00:00,-4,-4,0.00028451197,69,2021-01-01
2024-07-28 22:00:00,2024-07-28 21:00:00,-1,13,0.00028344194,70,2021-01-01
2024-07-28 22:00:00,2024-07-28 21:00:00,0,11,0.0002792712,71,2021-01-01
2024-07-28 22:00:00,2024-07-28 21:00:00,-1,15,0.00027848224,72,2021-01-01
2024-07-28 22:00:00,2024-07-28 21:00:00,-3,15,0.0002764632,73,2021-01-01
2024-07-28 22:00:00,2024-07-28 21:00:00,3,17,0.00027641098,74,2021-01-01
2024-07-28 22:00:00,2024-07-28 21:00:00,1,8,0.00027400328,75,2021-01-01
2024-07-28 22:00:00,2024-07-28 21:00:00,0,9,0.0002664066,76,2021-01-01
2024-07-28 22:00:00,2024-07-28 21:00:00,-1,16,0.00026469448,77,2021-01-01
2024-07-28 22:00:00,2024-07-28 21:00:00,2,7,0.00026165802,78,2021-01-01
2024-07-28 22:00:00,2024-07-28 21:00:00,-2,10,0.00025817717,79,2021-01-01
2024-07-28 22:00:00,2024-07-28 21:00:00,1,11,0.0002577133,80,2021-01-01
2024-07-28 22:00:00,2024-07-28 21:00:00,-5,-4,0.00025427385,81,2021-01-01
2024-07-28 22:00:00,2024-07-28 21:00:00,6,5,0.00025426075,82,2021-01-01
2024-07-28 22:00:00,2024-07-28 21:00:00,10,-1,0.0002535249,83,2021-01-01
2024-07-28 22:00:00,2024-07-28 21:00:00,2,9,0.0002502076,84,2021-01-01
2024-07-28 22:00:00,2024-07-28 21:00:00,-3,14,0.00024676978,85,2021-01-01
2024-07-28 22:00:00,2024-07-28 21:00:00,-4,12,0.00024672004,86,2021-01-01
2024-07-28 22:00:00,2024-07-28 21:00:00,2,8,0.00024618223,87,2021-01-01
2024-07-28 22:00:00,2024-07-28 21:00:00,10,5,0.00023013585,88,2021-01-01
2024-07-28 22:00:00,2024-07-28 21:00:00,1,19,0.00023000175,89,2021-01-01
2024-07-28 22:00:00,2024-07-28 21:00:00,6,6,0.00022950821,90,2021-01-01
2024-07-28 22:00:00,2024-07-28 21:00:00,1,2,0.00022595022,91,2021-01-01
2024-07-28 22:00:00,2024-07-28 21:00:00,-3,1,0.00022317935,92,2021-01-01
2024-07-28 22:00:00,2024-07-28 21:00:00,-4,17,0.00021972797,93,2021-01-01
2024-07-28 22:00:00,2024-07-28 21:00:00,-4,4,0.00021966129,94,2021-01-01
2024-07-28 22:00:00,2024-07-28 21:00:00,2,-3,0.00021566854,95,2021-01-01
2024-07-28 22:00:00,2024-07-28 21:00:00,2,0,0.00021215466,96,2021-01-01
2024-07-28 22:00:00,2024-07-28 21:00:00,-1,-2,0.00021066917,97,2021-01-01
2024-07-28 22:00:00,2024-07-28 21:00:00,1,20,0.00020999827,98,2021-01-01
2024-07-28 22:00:00,2024-07-28 21:00:00,3,-2,0.00020842545,99,2021-01-01
2024-07-28 22:00:00,2024-07-28 21:00:00,2,-2,0.00020751385,100,2021-01-01
2024-07-28 22:00:00,2024-07-28 21:00:00,8,0,0.00020438076,101,2021-01-01
2024-07-28 22:00:00,2024-07-28 21:00:00,-3,18,0.00020037733,102,2021-01-01
2024-07-28 22:00:00,2024-07-28 21:00:00,-4,5,0.00020026478,103,2021-01-01
2024-07-28 22:00:00,2024-07-28 21:00:00,2,20,0.00019850796,104,2021-01-01
2024-07-28 22:00:00,2024-07-28 21:00:00,1,5,0.00019817002,105,2021-01-01
2024-07-28 22:00:00,2024-07-28 21:00:00,1,1,0.0001974306,106,2021-01-01
2024-07-28 22:00:00,2024-07-28 21:00:00,-1,7,0.00019705495,107,2021-01-01
2024-07-28 22:00:00,2024-07-28 21:00:00,-1,-7,0.0001962584,108,2021-01-01
2024-07-28 22:00:00,2024-07-28 21:00:00,3,-3,0.00019576651,109,2021-01-01
2024-07-28 22:00:00,2024-07-28 21:00:00,9,3,0.00019436878,110,2021-01-01
2024-07-28 22:00:00,2024-07-28 21:00:00,2,-6,0.00019285217,111,2021-01-01
2024-07-28 22:00:00,2024-07-28 21:00:00,-5,15,0.00019280291,112,2021-01-01
2024-07-28 22:00:00,2024-07-28 21:00:00,-5,11,0.00018617674,113,2021-01-01
2024-07-28 22:00:00,2024-07-28 21:00:00,-5,4,0.00018532555,114,2021-01-01
2024-07-28 22:00:00,2024-07-28 21:00:00,-2,8,0.0001845975,115,2021-01-01
2024-07-28 22:00:00,2024-07-28 21:00:00,4,-6,0.00018274072,116,2021-01-01
2024-07-28 22:00:00,2024-07-28 21:00:00,10,0,0.0001794066,117,2021-01-01
2024-07-28 22:00:00,2024-07-28 21:00:00,-1,9,0.00017734144,118,2021-01-01
2024-07-28 22:00:00,2024-07-28 21:00:00,-3,9,0.00017692467,119,2021-01-01
2024-07-28 22:00:00,2024-07-28 21:00:00,-1,-6,0.00017518403,120,2021-01-01
2024-07-28 22:00:00,2024-07-28 21:00:00,7,1,0.00017479561,121,2021-01-01
2024-07-28 22:00:00,2024-07-28 21:00:00,-5,1,0.00017425379,122,2021-01-01
2024-07-28 22:00:00,2024-07-28 21:00:00,0,-3,0.00017081756,123,2021-01-01
2024-07-28 22:00:00,2024-07-28 21:00:00,6,11,0.00017006858,124,2021-01-01
2024-07-28 22:00:00,2024-07-28 21:00:00,-2,9,0.00016777778,125,2021-01-01
2024-07-28 22:00:00,2024-07-28 21:00:00,5,3,0.00016754807,126,2021-01-01
2024-07-28 22:00:00,2024-07-28 21:00:00,5,-3,0.00016724622,127,2021-01-01
2024-07-28 22:00:00,2024-07-28 21:00:00,4,14,0.00016694436,128,2021-01-01
2024-07-28 22:00:00,2024-07-28 21:00:00,0,1,0.00016663167,129,2021-01-01
2024-07-28 22:00:00,2024-07-28 21:00:00,-4,19,0.00016613859,130,2021-01-01
2024-07-28 22:00:00,2024-07-28 21:00:00,1,-3,0.00016549672,131,2021-01-01
2024-07-28 22:00:00,2024-07-28 21:00:00,-5,10,0.0001640645,132,2021-01-01
2024-07-28 22:00:00,2024-07-28 21:00:00,0,19,0.00016365253,133,2021-01-01
2024-07-28 22:00:00,2024-07-28 21:00:00,-5,0,0.00016301883,134,2021-01-01
2024-07-28 22:00:00,2024-07-28 21:00:00,7,11,0.00016227835,135,2021-01-01
2024-07-28 22:00:00,2024-07-28 21:00:00,-5,9,0.0001591215,136,2021-01-01
2024-07-28 22:00:00,2024-07-28 21:00:00,-3,7,0.0001586917,137,2021-01-01
2024-07-28 22:00:00,2024-07-28 21:00:00,-9,-5,0.00015854514,138,2021-01-01
2024-07-28 22:00:00,2024-07-28 21:00:00,8,-3,0.00014667267,139,2021-01-01
2024-07-28 22:00:00,2024-07-28 21:00:00,-1,-4,0.00014273803,140,2021-01-01
2024-07-28 22:00:00,2024-07-28 21:00:00,4,1,0.00014079368,141,2021-01-01
2024-07-28 22:00:00,2024-07-28 21:00:00,6,3,0.00014052312,142,2021-01-01
2024-07-28 22:00:00,2024-07-28 21:00:00,1,-7,0.00013911318,143,2021-01-01
2024-07-28 22:00:00,2024-07-28 21:00:00,2,-7,0.00013911318,144,2021-01-01
2024-07-28 22:00:00,2024-07-28 21:00:00,8,1,0.00013910953,145,2021-01-01
2024-07-28 22:00:00,2024-07-28 21:00:00,0,5,0.00013816332,146,2021-01-01
2024-07-28 22:00:00,2024-07-28 21:00:00,-7,-1,0.00013423082,147,2021-01-01
2024-07-28 22:00:00,2024-07-28 21:00:00,0,-6,0.00013374846,148,2021-01-01
2024-07-28 22:00:00,2024-07-28 21:00:00,-4,-5,0.00013260724,149,2021-01-01
2024-07-28 22:00:00,2024-07-28 21:00:00,-3,8,0.00013240441,150,2021-01-01
2024-07-28 22:00:00,2024-07-28 21:00:00,-5,2,0.00013197528,151,2021-01-01
2024-07-28 22:00:00,2024-07-28 21:00:00,-6,8,0.00013139054,152,2021-01-01
2024-07-28 22:00:00,2024-07-28 21:00:00,9,0,0.0001276208,153,2021-01-01
2024-07-28 22:00:00,2024-07-28 21:00:00,7,-1,0.00012638076,154,2021-01-01
2024-07-28 22:00:00,2024-07-28 21:00:00,3,-1,0.00012363867,155,2021-01-01
2024-07-28 22:00:00,2024-07-28 21:00:00,-6,15,0.00012150515,156,2021-01-01
2024-07-28 22:00:00,2024-07-28 21:00:00,-3,-2,0.0001210103,157,2021-01-01
2024-07-28 22:00:00,2024-07-28 21:00:00,5,2,0.00012069077,158,2021-01-01
2024-07-28 22:00:00,2024-07-28 21:00:00,-4,3,0.000119705765,159,2021-01-01
2024-07-28 22:00:00,2024-07-28 21:00:00,9,-2,0.0001172114,160,2021-01-01
2024-07-28 22:00:00,2024-07-28 21:00:00,0,-5,0.000117010844,161,2021-01-01
2024-07-28 22:00:00,2024-07-28 21:00:00,5,-1,0.000114860224,162,2021-01-01
2024-07-28 22:00:00,2024-07-28 21:00:00,-5,-5,0.00011386259,163,2021-01-01
2024-07-28 22:00:00,2024-07-28 21:00:00,-4,8,0.00011347046,164,2021-01-01
2024-07-28 22:00:00,2024-07-28 21:00:00,-9,-1,0.00011290689,165,2021-01-01
2024-07-28 22:00:00,2024-07-28 21:00:00,-6,1,0.00011078672,166,2021-01-01
2024-07-28 22:00:00,2024-07-28 21:00:00,1,-5,0.00010494253,167,2021-01-01
2024-07-28 22:00:00,2024-07-28 21:00:00,-6,-3,0.00010202371,168,2021-01-01
2024-07-28 22:00:00,2024-07-28 21:00:00,-1,3,9.321495e-05,169,2021-01-01
2024-07-28 22:00:00,2024-07-28 21:00:00,-9,-4,9.0712594e-05,170,2021-01-01
2024-07-28 22:00:00,2024-07-28 21:00:00,-2,3,8.942157e-05,171,2021-01-01
2024-07-28 22:00:00,2024-07-28 21:00:00,-2,-5,8.8765555e-05,172,2021-01-01
2024-07-28 22:00:00,2024-07-28 21:00:00,-11,-6,8.720924e-05,173,2021-01-01
2024-07-28 22:00:00,2024-07-28 21:00:00,8,-4,8.709112e-05,174,2021-01-01
2024-07-28 22:00:00,2024-07-28 21:00:00,-4,2,8.698248e-05,175,2021-01-01
2024-07-28 22:00:00,2024-07-28 21:00:00,-1,2,8.668989e-05,176,2021-01-01
2024-07-28 22:00:00,2024-07-28 21:00:00,5,-4,8.5751635e-05,177,2021-01-01
2024-07-28 22:00:00,2024-07-28 21:00:00,-3,2,8.457244e-05,178,2021-01-01
2024-07-28 22:00:00,2024-07-28 21:00:00,-10,-4,8.236454e-05,179,2021-01-01
2024-07-28 22:00:00,2024-07-28 21:00:00,-9,6,8.134478e-05,180,2021-01-01
2024-07-28 22:00:00,2024-07-28 21:00:00,-2,1,8.1180435e-05,181,2021-01-01
2024-07-28 22:00:00,2024-07-28 21:00:00,-8,6,7.940123e-05,182,2021-01-01
2024-07-28 22:00:00,2024-07-28 21:00:00,-10,8,6.3009735e-05,183,2021-01-01
2024-07-28 22:00:00,2024-07-28 21:00:00,-9,0,6.0900147e-05,184,2021-01-01
2024-07-28 22:00:00,2024-07-28 21:00:00,-6,-2,5.4761727e-05,185,2021-01-01
2024-07-28 22:00:00,2024-07-28 21:00:00,-10,-3,4.4800676e-05,186,2021-01-01
2024-07-28 23:00:00,2024-07-28 22:00:00,9,1,0.8793017,1,2021-01-01
2024-07-28 23:00:00,2024-07-28 22:00:00,-1,0,0.71143395,2,2021-01-01
2024-07-28 23:00:00,2024-07-28 22:00:00,0,-1,0.6493668,3,2021-01-01
2024-07-28 23:00:00,2024-07-28 22:00:00,-2,-3,0.5262095,4,2021-01-01
2024-07-28 23:00:00,2024-07-28 22:00:00,0,0,0.455966,5,2021-01-01
2024-07-28 23:00:00,2024-07-28 22:00:00,-5,-2,0.43592575,6,2021-01-01
2024-07-28 23:00:00,2024-07-28 22:00:00,-4,-2,0.4357561,7,2021-01-01
2024-07-28 23:00:00,2024-07-28 22:00:00,-1,-1,0.38088492,8,2021-01-01
2024-07-28 23:00:00,2024-07-28 22:00:00,-12,-5,0.353375,9,2021-01-01
2024-07-28 23:00:00,2024-07-28 22:00:00,-2,-2,0.33429644,10,2021-01-01
2024-07-28 23:00:00,2024-07-28 22:00:00,1,0,0.33280972,11,2021-01-01
2024-07-28 23:00:00,2024-07-28 22:00:00,-3,-4,0.26328424,12,2021-01-01
2024-07-28 23:00:00,2024-07-28 22:00:00,0,-2,0.1793003,13,2021-01-01
2024-07-28 23:00:00,2024-07-28 22:00:00,-11,-5,0.17638868,14,2021-01-01
2024-07-28 23:00:00,2024-07-28 22:00:00,6,-3,0.16982532,15,2021-01-01
2024-07-28 23:00:00,2024-07-28 22:00:00,-4,-3,0.15912586,16,2021-01-01
2024-07-28 23:00:00,2024-07-28 22:00:00,-3,-3,0.15373664,17,2021-01-01
2024-07-28 23:00:00,2024-07-28 22:00:00,-2,0,0.1413851,18,2021-01-01
2024-07-28 23:00:00,2024-07-28 22:00:00,-2,-1,0.14022963,19,2021-01-01
2024-07-28 23:00:00,2024-07-28 22:00:00,1,-1,0.13119784,20,2021-01-01
2024-07-28 23:00:00,2024-07-28 22:00:00,-5,-1,0.12605514,21,2021-01-01
2024-07-28 23:00:00,2024-07-28 22:00:00,-2,-4,0.08112074,22,2021-01-01
2024-07-28 23:00:00,2024-07-28 22:00:00,10,3,0.040234774,23,2021-01-01
2024-07-28 23:00:00,2024-07-28 22:00:00,0,8,0.026097065,24,2021-01-01
2024-07-28 23:00:00,2024-07-28 22:00:00,6,-4,0.007749407,25,2021-01-01
2024-07-28 23:00:00,2024-07-28 22:00:00,7,4,0.0038777431,26,2021-01-01
2024-07-28 23:00:00,2024-07-28 22:00:00,5,-2,0.0036394133,27,2021-01-01
2024-07-28 23:00:00,2024-07-28 22:00:00,4,-1,0.0033578358,28,2021-01-01
2024-07-28 23:00:00,2024-07-28 22:00:00,-10,10,0.00284758,29,2021-01-01
2024-07-28 23:00:00,2024-07-28 22:00:00,2,-1,0.0025417255,30,2021-01-01
2024-07-28 23:00:00,2024-07-28 22:00:00,-3,0,0.0024858944,31,2021-01-01
2024-07-28 23:00:00,2024-07-28 22:00:00,-3,-1,0.0021728082,32,2021-01-01
2024-07-28 23:00:00,2024-07-28 22:00:00,0,12,0.0017365627,33,2021-01-01
2024-07-28 23:00:00,2024-07-28 22:00:00,0,17,0.0017276825,34,2021-01-01
2024-07-28 23:00:00,2024-07-28 22:00:00,-1,1,0.0016513746,35,2021-01-01
2024-07-28 23:00:00,2024-07-28 22:00:00,-7,1,0.0015092861,36,2021-01-01
2024-07-28 23:00:00,2024-07-28 22:00:00,-4,-1,0.001436788,37,2021-01-01
2024-07-28 23:00:00,2024-07-28 22:00:00,2,1,0.0013924381,38,2021-01-01
2024-07-28 23:00:00,2024-07-28 22:00:00,3,1,0.0013601691,39,2021-01-01
2024-07-28 23:00:00,2024-07-28 22:00:00,7,-5,0.0011723838,40,2021-01-01
2024-07-28 23:00:00,2024-07-28 22:00:00,-4,0,0.0011155519,41,2021-01-01
2024-07-28 23:00:00,2024-07-28 22:00:00,-5,-3,0.0011074134,42,2021-01-01
2024-07-28 23:00:00,2024-07-28 22:00:00,-1,-3,0.0010994961,43,2021-01-01
2024-07-28 23:00:00,2024-07-28 22:00:00,1,6,0.0010951326,44,2021-01-01
2024-07-28 23:00:00,2024-07-28 22:00:00,3,0,0.0010299423,45,2021-01-01
2024-07-28 23:00:00,2024-07-28 22:00:00,-7,-1,0.0010195166,46,2021-01-01
2024-07-28 23:00:00,2024-07-28 22:00:00,-4,-4,0.00093896146,47,2021-01-01
2024-07-28 23:00:00,2024-07-28 22:00:00,-5,-4,0.0008994819,48,2021-01-01
2024-07-28 23:00:00,2024-07-28 22:00:00,-3,13,0.00083545735,49,2021-01-01
2024-07-28 23:00:00,2024-07-28 22:00:00,1,-2,0.0008312364,50,2021-01-01
2024-07-28 23:00:00,2024-07-28 22:00:00,-3,11,0.0008122817,51,2021-01-01
2024-07-28 23:00:00,2024-07-28 22:00:00,-9,-1,0.0007794133,52,2021-01-01
2024-07-28 23:00:00,2024-07-28 22:00:00,-3,1,0.00075389777,53,2021-01-01
2024-07-28 23:00:00,2024-07-28 22:00:00,-1,6,0.0005730153,54,2021-01-01
2024-07-28 23:00:00,2024-07-28 22:00:00,-1,8,0.0005285817,55,2021-01-01
2024-07-28 23:00:00,2024-07-28 22:00:00,-2,13,0.0005215342,56,2021-01-01
2024-07-28 23:00:00,2024-07-28 22:00:00,4,-4,0.0005176878,57,2021-01-01
2024-07-28 23:00:00,2024-07-28 22:00:00,-6,4,0.00045652795,58,2021-01-01
2024-07-28 23:00:00,2024-07-28 22:00:00,7,-4,0.00044475403,59,2021-01-01
2024-07-28 23:00:00,2024-07-28 22:00:00,9,2,0.00044152015,60,2021-01-01
2024-07-28 23:00:00,2024-07-28 22:00:00,-2,15,0.00042551334,61,2021-01-01
2024-07-28 23:00:00,2024-07-28 22:00:00,-9,-5,0.00042546864,62,2021-01-01
2024-07-28 23:00:00,2024-07-28 22:00:00,0,18,0.00040154916,63,2021-01-01
2024-07-28 23:00:00,2024-07-28 22:00:00,8,-1,0.0004008802,64,2021-01-01
2024-07-28 23:00:00,2024-07-28 22:00:00,10,-1,0.0003975511,65,2021-01-01
2024-07-28 23:00:00,2024-07-28 22:00:00,-1,18,0.00038154112,66,2021-01-01
2024-07-28 23:00:00,2024-07-28 22:00:00,-1,5,0.0003740481,67,2021-01-01
2024-07-28 23:00:00,2024-07-28 22:00:00,-4,10,0.0003707652,68,2021-01-01
2024-07-28 23:00:00,2024-07-28 22:00:00,1,9,0.00035786803,69,2021-01-01
2024-07-28 23:00:00,2024-07-28 22:00:00,-5,0,0.00033511792,70,2021-01-01
2024-07-28 23:00:00,2024-07-28 22:00:00,-6,-2,0.00031244292,71,2021-01-01
2024-07-28 23:00:00,2024-07-28 22:00:00,-3,-2,0.00031224653,72,2021-01-01
2024-07-28 23:00:00,2024-07-28 22:00:00,-6,-3,0.0002943205,73,2021-01-01
2024-07-28 23:00:00,2024-07-28 22:00:00,-6,1,0.00029116592,74,2021-01-01
2024-07-28 23:00:00,2024-07-28 22:00:00,-1,-2,0.00028686132,75,2021-01-01
2024-07-28 23:00:00,2024-07-28 22:00:00,1,1,0.0002858987,76,2021-01-01
2024-07-28 23:00:00,2024-07-28 22:00:00,-5,1,0.00028394852,77,2021-01-01
2024-07-28 23:00:00,2024-07-28 22:00:00,-2,1,0.00028296848,78,2021-01-01
2024-07-28 23:00:00,2024-07-28 22:00:00,0,-3,0.00027994392,79,2021-01-01
2024-07-28 23:00:00,2024-07-28 22:00:00,1,-3,0.00027759298,80,2021-01-01
2024-07-28 23:00:00,2024-07-28 22:00:00,-1,-4,0.00027440296,81,2021-01-01
2024-07-28 23:00:00,2024-07-28 22:00:00,-3,2,0.00026957566,82,2021-01-01
2024-07-28 23:00:00,2024-07-28 22:00:00,-2,-5,0.00026832736,83,2021-01-01
2024-07-28 23:00:00,2024-07-28 22:00:00,6,5,0.0002665927,84,2021-01-01
2024-07-28 23:00:00,2024-07-28 22:00:00,10,5,0.00026211407,85,2021-01-01
2024-07-28 23:00:00,2024-07-28 22:00:00,1,2,0.0002611923,86,2021-01-01
2024-07-28 23:00:00,2024-07-28 22:00:00,-4,2,0.00026070097,87,2021-01-01
2024-07-28 23:00:00,2024-07-28 22:00:00,-1,2,0.0002596037,88,2021-01-01
2024-07-28 23:00:00,2024-07-28 22:00:00,-9,0,0.00025953085,89,2021-01-01
2024-07-28 23:00:00,2024-07-28 22:00:00,0,1,0.00025690635,90,2021-01-01
2024-07-28 23:00:00,2024-07-28 22:00:00,0,-5,0.0002561403,91,2021-01-01
2024-07-28 23:00:00,2024-07-28 22:00:00,-5,2,0.000245981,92,2021-01-01
2024-07-28 23:00:00,2024-07-28 22:00:00,1,-5,0.00024395697,93,2021-01-01
2024-07-28 23:00:00,2024-07-28 22:00:00,-9,-4,0.00021846475,94,2021-01-01
2024-07-28 23:00:00,2024-07-28 22:00:00,9,3,0.00021740585,95,2021-01-01
2024-07-28 23:00:00,2024-07-28 22:00:00,-4,-5,0.00021497766,96,2021-01-01
2024-07-28 23:00:00,2024-07-28 22:00:00,2,-3,0.00020890096,97,2021-01-01
2024-07-28 23:00:00,2024-07-28 22:00:00,2,7,0.00020372611,98,2021-01-01
2024-07-28 23:00:00,2024-07-28 22:00:00,2,-2,0.0001977238,99,2021-01-01
2024-07-28 23:00:00,2024-07-28 22:00:00,-1,3,0.00019757748,100,2021-01-01
2024-07-28 23:00:00,2024-07-28 22:00:00,1,8,0.00019644189,101,2021-01-01
2024-07-28 23:00:00,2024-07-28 22:00:00,2,0,0.00019324973,102,2021-01-01
2024-07-28 23:00:00,2024-07-28 22:00:00,5,2,0.00019219577,103,2021-01-01
2024-07-28 23:00:00,2024-07-28 22:00:00,5,-1,0.00019037262,104,2021-01-01
2024-07-28 23:00:00,2024-07-28 22:00:00,3,-2,0.00018845561,105,2021-01-01
2024-07-28 23:00:00,2024-07-28 22:00:00,3,-1,0.00018845561,106,2021-01-01
2024-07-28 23:00:00,2024-07-28 22:00:00,4,1,0.00018845561,107,2021-01-01
2024-07-28 23:00:00,2024-07-28 22:00:00,-2,3,0.00018753816,108,2021-01-01
2024-07-28 23:00:00,2024-07-28 22:00:00,0,-6,0.0001867003,109,2021-01-01
2024-07-28 23:00:00,2024-07-28 22:00:00,3,-3,0.00018644608,110,2021-01-01
2024-07-28 23:00:00,2024-07-28 22:00:00,0,9,0.00018580612,111,2021-01-01
2024-07-28 23:00:00,2024-07-28 22:00:00,8,1,0.00018198743,112,2021-01-01
2024-07-28 23:00:00,2024-07-28 22:00:00,7,1,0.00018177058,113,2021-01-01
2024-07-28 23:00:00,2024-07-28 22:00:00,-1,-6,0.00017992228,114,2021-01-01
2024-07-28 23:00:00,2024-07-28 22:00:00,-4,3,0.00017903447,115,2021-01-01
2024-07-28 23:00:00,2024-07-28 22:00:00,5,3,0.00017891052,116,2021-01-01
2024-07-28 23:00:00,2024-07-28 22:00:00,-5,11,0.00017734685,117,2021-01-01
2024-07-28 23:00:00,2024-07-28 22:00:00,5,-3,0.0001755912,118,2021-01-01
2024-07-28 23:00:00,2024-07-28 22:00:00,-5,10,0.0001752674,119,2021-01-01
2024-07-28 23:00:00,2024-07-28 22:00:00,-10,-4,0.00017466745,120,2021-01-01
2024-07-28 23:00:00,2024-07-28 22:00:00,-5,9,0.00017380623,121,2021-01-01
2024-07-28 23:00:00,2024-07-28 22:00:00,-5,-5,0.0001734477,122,2021-01-01
2024-07-28 23:00:00,2024-07-28 22:00:00,6,3,0.00017314847,123,2021-01-01
2024-07-28 23:00:00,2024-07-28 22:00:00,-3,8,0.00017304283,124,2021-01-01
2024-07-28 23:00:00,2024-07-28 22:00:00,-6,8,0.00017149682,125,2021-01-01
2024-07-28 23:00:00,2024-07-28 22:00:00,-1,13,0.00017132568,126,2021-01-01
2024-07-28 23:00:00,2024-07-28 22:00:00,6,6,0.00017031962,127,2021-01-01
2024-07-28 23:00:00,2024-07-28 22:00:00,-3,9,0.00016811956,128,2021-01-01
2024-07-28 23:00:00,2024-07-28 22:00:00,4,-6,0.00016519397,129,2021-01-01
2024-07-28 23:00:00,2024-07-28 22:00:00,0,14,0.00016476256,130,2021-01-01
2024-07-28 23:00:00,2024-07-28 22:00:00,-2,10,0.0001643629,131,2021-01-01
2024-07-28 23:00:00,2024-07-28 22:00:00,-4,4,0.00016432123,132,2021-01-01
2024-07-28 23:00:00,2024-07-28 22:00:00,2,-6,0.00016349484,133,2021-01-01
2024-07-28 23:00:00,2024-07-28 22:00:00,1,-7,0.0001628109,134,2021-01-01
2024-07-28 23:00:00,2024-07-28 22:00:00,2,-7,0.0001617378,135,2021-01-01
2024-07-28 23:00:00,2024-07-28 22:00:00,-1,7,0.000160479,136,2021-01-01
2024-07-28 23:00:00,2024-07-28 22:00:00,-5,4,0.00015954518,137,2021-01-01
2024-07-28 23:00:00,2024-07-28 22:00:00,-1,-7,0.00015950412,138,2021-01-01
2024-07-28 23:00:00,2024-07-28 22:00:00,-1,9,0.00015909054,139,2021-01-01
2024-07-28 23:00:00,2024-07-28 22:00:00,-11,-6,0.00015793211,140,2021-01-01
2024-07-28 23:00:00,2024-07-28 22:00:00,2,9,0.00015692762,141,2021-01-01
2024-07-28 23:00:00,2024-07-28 22:00:00,8,0,0.00015676569,142,2021-01-01
2024-07-28 23:00:00,2024-07-28 22:00:00,5,-4,0.00015671235,143,2021-01-01
2024-07-28 23:00:00,2024-07-28 22:00:00,-2,11,0.00015653596,144,2021-01-01
2024-07-28 23:00:00,2024-07-28 22:00:00,-1,11,0.00015653596,145,2021-01-01
2024-07-28 23:00:00,2024-07-28 22:00:00,10,0,0.00015619838,146,2021-01-01
2024-07-28 23:00:00,2024-07-28 22:00:00,7,-1,0.00015568832,147,2021-01-01
2024-07-28 23:00:00,2024-07-28 22:00:00,-4,12,0.00015566783,148,2021-01-01
2024-07-28 23:00:00,2024-07-28 22:00:00,-2,9,0.00015394334,149,2021-01-01
2024-07-28 23:00:00,2024-07-28 22:00:00,-3,12,0.00015392953,150,2021-01-01
2024-07-28 23:00:00,2024-07-28 22:00:00,0,13,0.00015392953,151,2021-01-01
2024-07-28 23:00:00,2024-07-28 22:00:00,0,5,0.0001538305,152,2021-01-01
2024-07-28 23:00:00,2024-07-28 22:00:00,-3,7,0.00015374838,153,2021-01-01
2024-07-28 23:00:00,2024-07-28 22:00:00,-2,8,0.00015371943,154,2021-01-01
2024-07-28 23:00:00,2024-07-28 22:00:00,9,0,0.00015346652,155,2021-01-01
2024-07-28 23:00:00,2024-07-28 22:00:00,1,5,0.00015208487,156,2021-01-01
2024-07-28 23:00:00,2024-07-28 22:00:00,2,8,0.00014998706,157,2021-01-01
2024-07-28 23:00:00,2024-07-28 22:00:00,8,-3,0.00014987482,158,2021-01-01
2024-07-28 23:00:00,2024-07-28 22:00:00,-10,8,0.00014836312,159,2021-01-01
2024-07-28 23:00:00,2024-07-28 22:00:00,9,-2,0.00014833712,160,2021-01-01
2024-07-28 23:00:00,2024-07-28 22:00:00,-3,14,0.0001479101,161,2021-01-01
2024-07-28 23:00:00,2024-07-28 22:00:00,6,11,0.00014574808,162,2021-01-01
2024-07-28 23:00:00,2024-07-28 22:00:00,-4,5,0.0001456293,163,2021-01-01
2024-07-28 23:00:00,2024-07-28 22:00:00,8,-4,0.00014466867,164,2021-01-01
2024-07-28 23:00:00,2024-07-28 22:00:00,1,11,0.00014382742,165,2021-01-01
2024-07-28 23:00:00,2024-07-28 22:00:00,0,11,0.00014352328,166,2021-01-01
2024-07-28 23:00:00,2024-07-28 22:00:00,3,17,0.00014270913,167,2021-01-01
2024-07-28 23:00:00,2024-07-28 22:00:00,-4,8,0.0001419343,168,2021-01-01
2024-07-28 23:00:00,2024-07-28 22:00:00,-1,15,0.00013832991,169,2021-01-01
2024-07-28 23:00:00,2024-07-28 22:00:00,-1,16,0.00013775117,170,2021-01-01
2024-07-28 23:00:00,2024-07-28 22:00:00,-2,16,0.00013515585,171,2021-01-01
2024-07-28 23:00:00,2024-07-28 22:00:00,1,19,0.00013460513,172,2021-01-01
2024-07-28 23:00:00,2024-07-28 22:00:00,-8,6,0.00013331801,173,2021-01-01
2024-07-28 23:00:00,2024-07-28 22:00:00,-3,15,0.00013221799,174,2021-01-01
2024-07-28 23:00:00,2024-07-28 22:00:00,7,11,0.00013022375,175,2021-01-01
2024-07-28 23:00:00,2024-07-28 22:00:00,-4,19,0.00012770893,176,2021-01-01
2024-07-28 23:00:00,2024-07-28 22:00:00,4,14,0.0001261148,177,2021-01-01
2024-07-28 23:00:00,2024-07-28 22:00:00,-10,-3,0.00012564273,178,2021-01-01
2024-07-28 23:00:00,2024-07-28 22:00:00,-9,6,0.00012504157,179,2021-01-01
2024-07-28 23:00:00,2024-07-28 22:00:00,0,19,0.00012265093,180,2021-01-01
2024-07-28 23:00:00,2024-07-28 22:00:00,2,20,0.00012179938,181,2021-01-01
2024-07-28 23:00:00,2024-07-28 22:00:00,-6,15,0.00012077994,182,2021-01-01
2024-07-28 23:00:00,2024-07-28 22:00:00,-5,15,0.0001173438,183,2021-01-01
2024-07-28 23:00:00,2024-07-28 22:00:00,1,20,0.0001154905,184,2021-01-01
2024-07-28 23:00:00,2024-07-28 22:00:00,-3,18,0.00010976199,185,2021-01-01
2024-07-28 23:00:00,2024-07-28 22:00:00,-4,17,0.000105711595,186,2021-01-01
2024-09-02 02:00:00,2024-09-02 01:00:00,9,1,0.2579613,1,2021-01-01
2024-09-02 02:00:00,2024-09-02 01:00:00,-1,0,0.04847073,2,2021-01-01
2024-09-02 02:00:00,2024-09-02 01:00:00,0,-1,0.038387496,3,2021-01-01
2024-09-02 02:00:00,2024-09-02 01:00:00,0,0,0.02028653,4,2021-01-01
2024-09-02 02:00:00,2024-09-02 01:00:00,-2,-3,0.017452605,5,2021-01-01
2024-09-02 02:00:00,2024-09-02 01:00:00,1,0,0.015173131,6,2021-01-01
2024-09-02 02:00:00,2024-09-02 01:00:00,1,-1,0.008702113,7,2021-01-01
2024-09-02 02:00:00,2024-09-02 01:00:00,-1,-1,0.007280508,8,2021-01-01
2024-09-02 02:00:00,2024-09-02 01:00:00,-4,-2,0.0071944906,9,2021-01-01
2024-09-02 02:00:00,2024-09-02 01:00:00,-2,-1,0.005647807,10,2021-01-01
2024-09-02 02:00:00,2024-09-02 01:00:00,-4,-3,0.0055422015,11,2021-01-01
2024-09-02 02:00:00,2024-09-02 01:00:00,-2,-2,0.0052836393,12,2021-01-01
2024-09-02 02:00:00,2024-09-02 01:00:00,-2,-4,0.0046528974,13,2021-01-01
2024-09-02 02:00:00,2024-09-02 01:00:00,-12,-5,0.004509465,14,2021-01-01
2024-09-02 02:00:00,2024-09-02 01:00:00,-11,-5,0.0026540558,15,2021-01-01
2024-09-02 02:00:00,2024-09-02 01:00:00,0,17,0.0023971798,16,2021-01-01
2024-09-02 02:00:00,2024-09-02 01:00:00,-3,-4,0.0017459975,17,2021-01-01
2024-09-02 02:00:00,2024-09-02 01:00:00,-5,-2,0.0017031109,18,2021-01-01
2024-09-02 02:00:00,2024-09-02 01:00:00,6,-4,0.001618513,19,2021-01-01
2024-09-02 02:00:00,2024-09-02 01:00:00,-2,0,0.00092191575,20,2021-01-01
2024-09-02 02:00:00,2024-09-02 01:00:00,0,-2,0.00075525884,21,2021-01-01
2024-09-02 02:00:00,2024-09-02 01:00:00,0,8,0.00069858687,22,2021-01-01
2024-09-02 02:00:00,2024-09-02 01:00:00,1,-2,0.00060089456,23,2021-01-01
2024-09-02 02:00:00,2024-09-02 01:00:00,-5,-1,0.00048251645,24,2021-01-01
2024-09-02 02:00:00,2024-09-02 01:00:00,-3,11,0.00040729056,25,2021-01-01
2024-09-02 02:00:00,2024-09-02 01:00:00,6,-3,0.00038307696,26,2021-01-01
2024-09-02 02:00:00,2024-09-02 01:00:00,-3,-3,0.00033155162,27,2021-01-01
2024-09-02 02:00:00,2024-09-02 01:00:00,-4,-1,0.0002940649,28,2021-01-01
2024-09-02 02:00:00,2024-09-02 01:00:00,4,-1,0.0002721556,29,2021-01-01
2024-09-02 02:00:00,2024-09-02 01:00:00,5,-2,0.0002231793,30,2021-01-01
2024-09-02 02:00:00,2024-09-02 01:00:00,2,-1,0.00021306089,31,2021-01-01
2024-09-02 02:00:00,2024-09-02 01:00:00,8,1,0.00020593822,32,2021-01-01
2024-09-02 02:00:00,2024-09-02 01:00:00,-4,0,0.00019666855,33,2021-01-01
2024-09-02 02:00:00,2024-09-02 01:00:00,-1,16,0.0001830533,34,2021-01-01
2024-09-02 02:00:00,2024-09-02 01:00:00,-1,-3,0.00017934096,35,2021-01-01
2024-09-02 02:00:00,2024-09-02 01:00:00,-3,-1,0.00017840233,36,2021-01-01
2024-09-02 02:00:00,2024-09-02 01:00:00,-3,0,0.00017763294,37,2021-01-01
2024-09-02 02:00:00,2024-09-02 01:00:00,10,3,0.00016809766,38,2021-01-01
2024-09-02 02:00:00,2024-09-02 01:00:00,-1,1,0.00013804132,39,2021-01-01
2024-09-02 02:00:00,2024-09-02 01:00:00,-1,6,0.00013200316,40,2021-01-01
2024-09-02 02:00:00,2024-09-02 01:00:00,7,-5,0.00012963176,41,2021-01-01
2024-09-02 02:00:00,2024-09-02 01:00:00,2,0,0.00012954901,42,2021-01-01
2024-09-02 02:00:00,2024-09-02 01:00:00,0,12,0.00012061207,43,2021-01-01
2024-09-02 02:00:00,2024-09-02 01:00:00,-1,-2,0.000118320946,44,2021-01-01
2024-09-02 02:00:00,2024-09-02 01:00:00,-3,13,0.00011759245,45,2021-01-01
2024-09-02 02:00:00,2024-09-02 01:00:00,-9,-1,0.000107714535,46,2021-01-01
2024-09-02 02:00:00,2024-09-02 01:00:00,-7,-1,0.00010488579,47,2021-01-01
2024-09-02 02:00:00,2024-09-02 01:00:00,1,9,9.524897e-05,48,2021-01-01
2024-09-02 02:00:00,2024-09-02 01:00:00,2,1,8.92696e-05,49,2021-01-01
2024-09-02 02:00:00,2024-09-02 01:00:00,-4,-4,8.656168e-05,50,2021-01-01
2024-09-02 02:00:00,2024-09-02 01:00:00,-3,1,8.325052e-05,51,2021-01-01
2024-09-02 02:00:00,2024-09-02 01:00:00,-5,-3,8.069396e-05,52,2021-01-01
2024-09-02 02:00:00,2024-09-02 01:00:00,-6,1,7.6258315e-05,53,2021-01-01
2024-09-02 02:00:00,2024-09-02 01:00:00,-5,0,7.412052e-05,54,2021-01-01
2024-09-02 02:00:00,2024-09-02 01:00:00,3,1,7.362068e-05,55,2021-01-01
2024-09-02 02:00:00,2024-09-02 01:00:00,-5,-4,7.2605115e-05,56,2021-01-01
2024-09-02 02:00:00,2024-09-02 01:00:00,-7,1,7.226744e-05,57,2021-01-01
2024-09-02 02:00:00,2024-09-02 01:00:00,7,-4,7.18566e-05,58,2021-01-01
2024-09-02 02:00:00,2024-09-02 01:00:00,1,6,7.165332e-05,59,2021-01-01
2024-09-02 02:00:00,2024-09-02 01:00:00,3,0,6.8082474e-05,60,2021-01-01
2024-09-02 02:00:00,2024-09-02 01:00:00,-10,-3,6.202198e-05,61,2021-01-01
2024-09-02 02:00:00,2024-09-02 01:00:00,-1,8,6.1353414e-05,62,2021-01-01
2024-09-02 02:00:00,2024-09-02 01:00:00,-5,1,6.0021866e-05,63,2021-01-01
2024-09-02 02:00:00,2024-09-02 01:00:00,-1,18,5.9446564e-05,64,2021-01-01
2024-09-02 02:00:00,2024-09-02 01:00:00,10,5,5.830098e-05,65,2021-01-01
2024-09-02 02:00:00,2024-09-02 01:00:00,-1,-4,5.797521e-05,66,2021-01-01
2024-09-02 02:00:00,2024-09-02 01:00:00,9,2,5.72724e-05,67,2021-01-01
2024-09-02 02:00:00,2024-09-02 01:00:00,-2,-5,5.7188507e-05,68,2021-01-01
2024-09-02 02:00:00,2024-09-02 01:00:00,-9,-5,5.5136563e-05,69,2021-01-01
2024-09-02 02:00:00,2024-09-02 01:00:00,1,-3,5.321251e-05,70,2021-01-01
2024-09-02 02:00:00,2024-09-02 01:00:00,0,-3,5.304388e-05,71,2021-01-01
2024-09-02 02:00:00,2024-09-02 01:00:00,-9,0,5.1872124e-05,72,2021-01-01
2024-09-02 02:00:00,2024-09-02 01:00:00,-1,5,5.182064e-05,73,2021-01-01
2024-09-02 02:00:00,2024-09-02 01:00:00,7,4,5.0009272e-05,74,2021-01-01
2024-09-02 02:00:00,2024-09-02 01:00:00,-10,-4,4.7146747e-05,75,2021-01-01
2024-09-02 02:00:00,2024-09-02 01:00:00,-9,-4,4.7146747e-05,76,2021-01-01
2024-09-02 02:00:00,2024-09-02 01:00:00,3,17,4.6387588e-05,77,2021-01-01
2024-09-02 02:00:00,2024-09-02 01:00:00,1,11,4.5592824e-05,78,2021-01-01
2024-09-02 02:00:00,2024-09-02 01:00:00,-6,4,4.2474207e-05,79,2021-01-01
2024-09-02 02:00:00,2024-09-02 01:00:00,4,14,4.2043637e-05,80,2021-01-01
2024-09-02 02:00:00,2024-09-02 01:00:00,-3,-2,4.18347e-05,81,2021-01-01
2024-09-02 02:00:00,2024-09-02 01:00:00,10,-1,4.1621304e-05,82,2021-01-01
2024-09-02 02:00:00,2024-09-02 01:00:00,2,-3,4.1252235e-05,83,2021-01-01
2024-09-02 02:00:00,2024-09-02 01:00:00,-5,-5,4.104344e-05,84,2021-01-01
2024-09-02 02:00:00,2024-09-02 01:00:00,0,13,4.1025003e-05,85,2021-01-01
2024-09-02 02:00:00,2024-09-02 01:00:00,-6,-2,4.0688483e-05,86,2021-01-01
2024-09-02 02:00:00,2024-09-02 01:00:00,-6,-3,4.023656e-05,87,2021-01-01
2024-09-02 02:00:00,2024-09-02 01:00:00,1,20,3.9845934e-05,88,2021-01-01
2024-09-02 02:00:00,2024-09-02 01:00:00,2,7,3.9406998e-05,89,2021-01-01
2024-09-02 02:00:00,2024-09-02 01:00:00,1,1,3.922304e-05,90,2021-01-01
2024-09-02 02:00:00,2024-09-02 01:00:00,-1,2,3.7993483e-05,91,2021-01-01
2024-09-02 02:00:00,2024-09-02 01:00:00,8,-1,3.7885726e-05,92,2021-01-01
2024-09-02 02:00:00,2024-09-02 01:00:00,2,20,3.773867e-05,93,2021-01-01
2024-09-02 02:00:00,2024-09-02 01:00:00,-4,2,3.765785e-05,94,2021-01-01
2024-09-02 02:00:00,2024-09-02 01:00:00,-5,2,3.7394184e-05,95,2021-01-01
2024-09-02 02:00:00,2024-09-02 01:00:00,-3,2,3.7229725e-05,96,2021-01-01
2024-09-02 02:00:00,2024-09-02 01:00:00,0,-5,3.6946305e-05,97,2021-01-01
2024-09-02 02:00:00,2024-09-02 01:00:00,-2,13,3.6939997e-05,98,2021-01-01
2024-09-02 02:00:00,2024-09-02 01:00:00,-4,3,3.6927366e-05,99,2021-01-01
2024-09-02 02:00:00,2024-09-02 01:00:00,9,3,3.672828e-05,100,2021-01-01
2024-09-02 02:00:00,2024-09-02 01:00:00,-2,1,3.6675076e-05,101,2021-01-01
2024-09-02 02:00:00,2024-09-02 01:00:00,6,5,3.6670273e-05,102,2021-01-01
2024-09-02 02:00:00,2024-09-02 01:00:00,0,1,3.6332567e-05,103,2021-01-01
2024-09-02 02:00:00,2024-09-02 01:00:00,-1,7,3.4574634e-05,104,2021-01-01
2024-09-02 02:00:00,2024-09-02 01:00:00,2,-2,3.456997e-05,105,2021-01-01
2024-09-02 02:00:00,2024-09-02 01:00:00,1,-5,3.435679e-05,106,2021-01-01
2024-09-02 02:00:00,2024-09-02 01:00:00,4,1,3.4189285e-05,107,2021-01-01
2024-09-02 02:00:00,2024-09-02 01:00:00,-1,-6,3.407047e-05,108,2021-01-01
2024-09-02 02:00:00,2024-09-02 01:00:00,0,9,3.404368e-05,109,2021-01-01
2024-09-02 02:00:00,2024-09-02 01:00:00,1,2,3.381316e-05,110,2021-01-01
2024-09-02 02:00:00,2024-09-02 01:00:00,0,-6,3.359727e-05,111,2021-01-01
2024-09-02 02:00:00,2024-09-02 01:00:00,2,-6,3.3029308e-05,112,2021-01-01
2024-09-02 02:00:00,2024-09-02 01:00:00,2,8,3.2778527e-05,113,2021-01-01
2024-09-02 02:00:00,2024-09-02 01:00:00,-10,10,3.208056e-05,114,2021-01-01
2024-09-02 02:00:00,2024-09-02 01:00:00,4,-4,3.202276e-05,115,2021-01-01
2024-09-02 02:00:00,2024-09-02 01:00:00,-4,4,3.180583e-05,116,2021-01-01
2024-09-02 02:00:00,2024-09-02 01:00:00,5,-1,3.1647105e-05,117,2021-01-01
2024-09-02 02:00:00,2024-09-02 01:00:00,-4,-5,3.1427106e-05,118,2021-01-01
2024-09-02 02:00:00,2024-09-02 01:00:00,2,9,3.0686337e-05,119,2021-01-01
2024-09-02 02:00:00,2024-09-02 01:00:00,6,11,3.050825e-05,120,2021-01-01
2024-09-02 02:00:00,2024-09-02 01:00:00,-11,-6,3.0330246e-05,121,2021-01-01
2024-09-02 02:00:00,2024-09-02 01:00:00,-10,8,3.0141624e-05,122,2021-01-01
2024-09-02 02:00:00,2024-09-02 01:00:00,7,11,2.9829316e-05,123,2021-01-01
2024-09-02 02:00:00,2024-09-02 01:00:00,1,19,2.8968652e-05,124,2021-01-01
2024-09-02 02:00:00,2024-09-02 01:00:00,-1,3,2.8825287e-05,125,2021-01-01
2024-09-02 02:00:00,2024-09-02 01:00:00,1,5,2.8554861e-05,126,2021-01-01
2024-09-02 02:00:00,2024-09-02 01:00:00,1,8,2.8392607e-05,127,2021-01-01
2024-09-02 02:00:00,2024-09-02 01:00:00,-3,12,2.8272721e-05,128,2021-01-01
2024-09-02 02:00:00,2024-09-02 01:00:00,-3,9,2.816773e-05,129,2021-01-01
2024-09-02 02:00:00,2024-09-02 01:00:00,5,2,2.8149492e-05,130,2021-01-01
2024-09-02 02:00:00,2024-09-02 01:00:00,-3,14,2.7811606e-05,131,2021-01-01
2024-09-02 02:00:00,2024-09-02 01:00:00,-2,9,2.7723e-05,132,2021-01-01
2024-09-02 02:00:00,2024-09-02 01:00:00,8,-3,2.7553198e-05,133,2021-01-01
2024-09-02 02:00:00,2024-09-02 01:00:00,-2,3,2.7315582e-05,134,2021-01-01
2024-09-02 02:00:00,2024-09-02 01:00:00,8,-4,2.7226464e-05,135,2021-01-01
2024-09-02 02:00:00,2024-09-02 01:00:00,5,-3,2.7069118e-05,136,2021-01-01
2024-09-02 02:00:00,2024-09-02 01:00:00,-4,12,2.7010004e-05,137,2021-01-01
2024-09-02 02:00:00,2024-09-02 01:00:00,-3,15,2.695056e-05,138,2021-01-01
2024-09-02 02:00:00,2024-09-02 01:00:00,6,6,2.6939668e-05,139,2021-01-01
2024-09-02 02:00:00,2024-09-02 01:00:00,0,11,2.6572872e-05,140,2021-01-01
2024-09-02 02:00:00,2024-09-02 01:00:00,10,0,2.6328315e-05,141,2021-01-01
2024-09-02 02:00:00,2024-09-02 01:00:00,9,0,2.6193002e-05,142,2021-01-01
2024-09-02 02:00:00,2024-09-02 01:00:00,9,-2,2.6116511e-05,143,2021-01-01
2024-09-02 02:00:00,2024-09-02 01:00:00,0,18,2.6103602e-05,144,2021-01-01
2024-09-02 02:00:00,2024-09-02 01:00:00,0,14,2.5939982e-05,145,2021-01-01
2024-09-02 02:00:00,2024-09-02 01:00:00,-1,13,2.5817164e-05,146,2021-01-01
2024-09-02 02:00:00,2024-09-02 01:00:00,-2,8,2.5722873e-05,147,2021-01-01
2024-09-02 02:00:00,2024-09-02 01:00:00,0,19,2.5516187e-05,148,2021-01-01
2024-09-02 02:00:00,2024-09-02 01:00:00,-1,11,2.5085275e-05,149,2021-01-01
2024-09-02 02:00:00,2024-09-02 01:00:00,4,-6,2.507522e-05,150,2021-01-01
2024-09-02 02:00:00,2024-09-02 01:00:00,-2,10,2.495368e-05,151,2021-01-01
2024-09-02 02:00:00,2024-09-02 01:00:00,-3,8,2.49024e-05,152,2021-01-01
2024-09-02 02:00:00,2024-09-02 01:00:00,-9,6,2.4847692e-05,153,2021-01-01
2024-09-02 02:00:00,2024-09-02 01:00:00,-4,10,2.4642339e-05,154,2021-01-01
2024-09-02 02:00:00,2024-09-02 01:00:00,-2,11,2.440888e-05,155,2021-01-01
2024-09-02 02:00:00,2024-09-02 01:00:00,3,-2,2.4221068e-05,156,2021-01-01
2024-09-02 02:00:00,2024-09-02 01:00:00,3,-3,2.416483e-05,157,2021-01-01
2024-09-02 02:00:00,2024-09-02 01:00:00,0,5,2.4140727e-05,158,2021-01-01
2024-09-02 02:00:00,2024-09-02 01:00:00,-2,15,2.3705654e-05,159,2021-01-01
2024-09-02 02:00:00,2024-09-02 01:00:00,-5,11,2.3693437e-05,160,2021-01-01
2024-09-02 02:00:00,2024-09-02 01:00:00,-3,18,2.365311e-05,161,2021-01-01
2024-09-02 02:00:00,2024-09-02 01:00:00,-4,19,2.36103e-05,162,2021-01-01
2024-09-02 02:00:00,2024-09-02 01:00:00,6,3,2.3549073e-05,163,2021-01-01
2024-09-02 02:00:00,2024-09-02 01:00:00,5,3,2.3507324e-05,164,2021-01-01
2024-09-02 02:00:00,2024-09-02 01:00:00,8,0,2.3246064e-05,165,2021-01-01
2024-09-02 02:00:00,2024-09-02 01:00:00,-1,9,2.3082843e-05,166,2021-01-01
2024-09-02 02:00:00,2024-09-02 01:00:00,-2,16,2.2950086e-05,167,2021-01-01
2024-09-02 02:00:00,2024-09-02 01:00:00,-5,15,2.2924241e-05,168,2021-01-01
2024-09-02 02:00:00,2024-09-02 01:00:00,-1,15,2.27545e-05,169,2021-01-01
2024-09-02 02:00:00,2024-09-02 01:00:00,-3,7,2.2515764e-05,170,2021-01-01
2024-09-02 02:00:00,2024-09-02 01:00:00,2,-7,2.247488e-05,171,2021-01-01
2024-09-02 02:00:00,2024-09-02 01:00:00,3,-1,2.241137e-05,172,2021-01-01
2024-09-02 02:00:00,2024-09-02 01:00:00,-5,9,2.2315384e-05,173,2021-01-01
2024-09-02 02:00:00,2024-09-02 01:00:00,-5,10,2.2315384e-05,174,2021-01-01
2024-09-02 02:00:00,2024-09-02 01:00:00,-4,8,2.2301387e-05,175,2021-01-01
2024-09-02 02:00:00,2024-09-02 01:00:00,1,-7,2.2039354e-05,176,2021-01-01
2024-09-02 02:00:00,2024-09-02 01:00:00,-4,5,2.1448692e-05,177,2021-01-01
2024-09-02 02:00:00,2024-09-02 01:00:00,-6,8,2.1430038e-05,178,2021-01-01
2024-09-02 02:00:00,2024-09-02 01:00:00,-8,6,2.1391772e-05,179,2021-01-01
2024-09-02 02:00:00,2024-09-02 01:00:00,-4,17,2.1110527e-05,180,2021-01-01
2024-09-02 02:00:00,2024-09-02 01:00:00,-1,-7,2.0964953e-05,181,2021-01-01
2024-09-02 02:00:00,2024-09-02 01:00:00,7,1,2.0910098e-05,182,2021-01-01
2024-09-02 02:00:00,2024-09-02 01:00:00,7,-1,2.0852613e-05,183,2021-01-01
2024-09-02 02:00:00,2024-09-02 01:00:00,-6,15,2.0808919e-05,184,2021-01-01
2024-09-02 02:00:00,2024-09-02 01:00:00,-5,4,2.0467041e-05,185,2021-01-01
2024-09-02 02:00:00,2024-09-02 01:00:00,5,-4,1.9279925e-05,186,2021-01-01
2024-09-03 20:00:00,2024-09-03 19:00:00,9,1,0.13794747,1,2021-01-01
2024-09-03 20:00:00,2024-09-03 19:00:00,-1,0,0.052228976,2,2021-01-01
2024-09-03 20:00:00,2024-09-03 19:00:00,0,0,0.045099083,3,2021-01-01
2024-09-03 20:00:00,2024-09-03 19:00:00,0,-1,0.030175596,4,2021-01-01
2024-09-03 20:00:00,2024-09-03 19:00:00,-2,-3,0.0136489915,5,2021-01-01
2024-09-03 20:00:00,2024-09-03 19:00:00,1,0,0.0110525675,6,2021-01-01
2024-09-03 20:00:00,2024-09-03 19:00:00,1,-1,0.009212662,7,2021-01-01
2024-09-03 20:00:00,2024-09-03 19:00:00,-4,-2,0.008408623,8,2021-01-01
2024-09-03 20:00:00,2024-09-03 19:00:00,-1,-1,0.0073613115,9,2021-01-01
2024-09-03 20:00:00,2024-09-03 19:00:00,-2,-1,0.00513425,10,2021-01-01
2024-09-03 20:00:00,2024-09-03 19:00:00,-2,-2,0.0046442975,11,2021-01-01
2024-09-03 20:00:00,2024-09-03 19:00:00,-2,-4,0.0033720639,12,2021-01-01
2024-09-03 20:00:00,2024-09-03 19:00:00,-4,-3,0.0032348891,13,2021-01-01
2024-09-03 20:00:00,2024-09-03 19:00:00,-5,-2,0.0021427704,14,2021-01-01
2024-09-03 20:00:00,2024-09-03 19:00:00,0,17,0.0018651444,15,2021-01-01
2024-09-03 20:00:00,2024-09-03 19:00:00,-3,-4,0.0018571387,16,2021-01-01
2024-09-03 20:00:00,2024-09-03 19:00:00,6,-4,0.0018216817,17,2021-01-01
2024-09-03 20:00:00,2024-09-03 19:00:00,-12,-5,0.0009848262,18,2021-01-01
2024-09-03 20:00:00,2024-09-03 19:00:00,-3,11,0.00092425226,19,2021-01-01
2024-09-03 20:00:00,2024-09-03 19:00:00,6,-3,0.00078714424,20,2021-01-01
2024-09-03 20:00:00,2024-09-03 19:00:00,0,8,0.0006649838,21,2021-01-01
2024-09-03 20:00:00,2024-09-03 19:00:00,-2,0,0.0005156728,22,2021-01-01
2024-09-03 20:00:00,2024-09-03 19:00:00,8,1,0.00048906147,23,2021-01-01
2024-09-03 20:00:00,2024-09-03 19:00:00,-1,16,0.00048500518,24,2021-01-01
2024-09-03 20:00:00,2024-09-03 19:00:00,-11,-5,0.00042888042,25,2021-01-01
2024-09-03 20:00:00,2024-09-03 19:00:00,1,-2,0.00039225526,26,2021-01-01
2024-09-03 20:00:00,2024-09-03 19:00:00,2,-1,0.0003784405,27,2021-01-01
2024-09-03 20:00:00,2024-09-03 19:00:00,4,-1,0.00031693262,28,2021-01-01
2024-09-03 20:00:00,2024-09-03 19:00:00,-3,-3,0.00025958687,29,2021-01-01
2024-09-03 20:00:00,2024-09-03 19:00:00,0,12,0.00023478188,30,2021-01-01
2024-09-03 20:00:00,2024-09-03 19:00:00,7,-5,0.0002235057,31,2021-01-01
2024-09-03 20:00:00,2024-09-03 19:00:00,-5,-1,0.00020298273,32,2021-01-01
2024-09-03 20:00:00,2024-09-03 19:00:00,5,-2,0.00020167232,33,2021-01-01
2024-09-03 20:00:00,2024-09-03 19:00:00,-3,0,0.00019730581,34,2021-01-01
2024-09-03 20:00:00,2024-09-03 19:00:00,0,-2,0.0001963289,35,2021-01-01
2024-09-03 20:00:00,2024-09-03 19:00:00,-3,13,0.00019289013,36,2021-01-01
2024-09-03 20:00:00,2024-09-03 19:00:00,-1,1,0.00016336887,37,2021-01-01
2024-09-03 20:00:00,2024-09-03 19:00:00,1,6,0.00016071711,38,2021-01-01
2024-09-03 20:00:00,2024-09-03 19:00:00,-4,-1,0.00015151162,39,2021-01-01
2024-09-03 20:00:00,2024-09-03 19:00:00,3,1,0.00014695612,40,2021-01-01
2024-09-03 20:00:00,2024-09-03 19:00:00,2,1,0.00014485948,41,2021-01-01
2024-09-03 20:00:00,2024-09-03 19:00:00,3,0,0.00014284768,42,2021-01-01
2024-09-03 20:00:00,2024-09-03 19:00:00,10,3,0.00013905631,43,2021-01-01
2024-09-03 20:00:00,2024-09-03 19:00:00,-1,6,0.00013085346,44,2021-01-01
2024-09-03 20:00:00,2024-09-03 19:00:00,-7,-1,0.00011087971,45,2021-01-01
2024-09-03 20:00:00,2024-09-03 19:00:00,2,0,0.000109561166,46,2021-01-01
2024-09-03 20:00:00,2024-09-03 19:00:00,-1,8,0.000108631015,47,2021-01-01
2024-09-03 20:00:00,2024-09-03 19:00:00,-2,13,0.00010768551,48,2021-01-01
2024-09-03 20:00:00,2024-09-03 19:00:00,-3,-1,0.000103560924,49,2021-01-01
2024-09-03 20:00:00,2024-09-03 19:00:00,0,13,0.00010196072,50,2021-01-01
2024-09-03 20:00:00,2024-09-03 19:00:00,7,4,9.749672e-05,51,2021-01-01
2024-09-03 20:00:00,2024-09-03 19:00:00,-1,18,9.5921576e-05,52,2021-01-01
2024-09-03 20:00:00,2024-09-03 19:00:00,1,9,9.5810356e-05,53,2021-01-01
2024-09-03 20:00:00,2024-09-03 19:00:00,-4,0,9.27233e-05,54,2021-01-01
2024-09-03 20:00:00,2024-09-03 19:00:00,-4,-4,8.881421e-05,55,2021-01-01
2024-09-03 20:00:00,2024-09-03 19:00:00,-5,-4,8.822646e-05,56,2021-01-01
2024-09-03 20:00:00,2024-09-03 19:00:00,-1,5,8.705533e-05,57,2021-01-01
2024-09-03 20:00:00,2024-09-03 19:00:00,8,-1,8.4684296e-05,58,2021-01-01
2024-09-03 20:00:00,2024-09-03 19:00:00,-6,4,8.1405335e-05,59,2021-01-01
2024-09-03 20:00:00,2024-09-03 19:00:00,-5,-3,7.777681e-05,60,2021-01-01
2024-09-03 20:00:00,2024-09-03 19:00:00,6,11,7.737113e-05,61,2021-01-01
2024-09-03 20:00:00,2024-09-03 19:00:00,7,-4,7.6615754e-05,62,2021-01-01
2024-09-03 20:00:00,2024-09-03 19:00:00,10,-1,7.572024e-05,63,2021-01-01
2024-09-03 20:00:00,2024-09-03 19:00:00,9,2,7.506274e-05,64,2021-01-01
2024-09-03 20:00:00,2024-09-03 19:00:00,-3,1,7.21841e-05,65,2021-01-01
2024-09-03 20:00:00,2024-09-03 19:00:00,7,11,7.060652e-05,66,2021-01-01
2024-09-03 20:00:00,2024-09-03 19:00:00,-1,-3,6.810564e-05,67,2021-01-01
2024-09-03 20:00:00,2024-09-03 19:00:00,-5,9,6.664042e-05,68,2021-01-01
2024-09-03 20:00:00,2024-09-03 19:00:00,-9,-5,6.5128304e-05,69,2021-01-01
2024-09-03 20:00:00,2024-09-03 19:00:00,-6,8,6.3053056e-05,70,2021-01-01
2024-09-03 20:00:00,2024-09-03 19:00:00,-1,-2,6.2942076e-05,71,2021-01-01
2024-09-03 20:00:00,2024-09-03 19:00:00,-5,10,5.8114674e-05,72,2021-01-01
2024-09-03 20:00:00,2024-09-03 19:00:00,-5,11,5.4513075e-05,73,2021-01-01
2024-09-03 20:00:00,2024-09-03 19:00:00,-2,9,5.148417e-05,74,2021-01-01
2024-09-03 20:00:00,2024-09-03 19:00:00,-2,10,5.148417e-05,75,2021-01-01
2024-09-03 20:00:00,2024-09-03 19:00:00,-2,11,5.1217256e-05,76,2021-01-01
2024-09-03 20:00:00,2024-09-03 19:00:00,-1,11,5.075295e-05,77,2021-01-01
2024-09-03 20:00:00,2024-09-03 19:00:00,-3,12,5.0644132e-05,78,2021-01-01
2024-09-03 20:00:00,2024-09-03 19:00:00,4,14,5.021156e-05,79,2021-01-01
2024-09-03 20:00:00,2024-09-03 19:00:00,-4,12,5.0207247e-05,80,2021-01-01
2024-09-03 20:00:00,2024-09-03 19:00:00,-3,8,5.0207247e-05,81,2021-01-01
2024-09-03 20:00:00,2024-09-03 19:00:00,-3,9,5.0207247e-05,82,2021-01-01
2024-09-03 20:00:00,2024-09-03 19:00:00,-1,13,4.968637e-05,83,2021-01-01
2024-09-03 20:00:00,2024-09-03 19:00:00,-3,14,4.9606548e-05,84,2021-01-01
2024-09-03 20:00:00,2024-09-03 19:00:00,-4,10,4.8105092e-05,85,2021-01-01
2024-09-03 20:00:00,2024-09-03 19:00:00,0,11,4.793785e-05,86,2021-01-01
2024-09-03 20:00:00,2024-09-03 19:00:00,0,14,4.733697e-05,87,2021-01-01
2024-09-03 20:00:00,2024-09-03 19:00:00,1,19,4.6964957e-05,88,2021-01-01
2024-09-03 20:00:00,2024-09-03 19:00:00,-2,8,4.658263e-05,89,2021-01-01
2024-09-03 20:00:00,2024-09-03 19:00:00,-1,-4,4.626672e-05,90,2021-01-01
2024-09-03 20:00:00,2024-09-03 19:00:00,1,-5,4.6132016e-05,91,2021-01-01
2024-09-03 20:00:00,2024-09-03 19:00:00,-1,9,4.5900113e-05,92,2021-01-01
2024-09-03 20:00:00,2024-09-03 19:00:00,6,6,4.546474e-05,93,2021-01-01
2024-09-03 20:00:00,2024-09-03 19:00:00,2,-3,4.5338587e-05,94,2021-01-01
2024-09-03 20:00:00,2024-09-03 19:00:00,0,19,4.4828368e-05,95,2021-01-01
2024-09-03 20:00:00,2024-09-03 19:00:00,0,18,4.447548e-05,96,2021-01-01
2024-09-03 20:00:00,2024-09-03 19:00:00,-2,15,4.446432e-05,97,2021-01-01
2024-09-03 20:00:00,2024-09-03 19:00:00,-2,16,4.446432e-05,98,2021-01-01
2024-09-03 20:00:00,2024-09-03 19:00:00,-1,15,4.446432e-05,99,2021-01-01
2024-09-03 20:00:00,2024-09-03 19:00:00,-3,15,4.4392495e-05,100,2021-01-01
2024-09-03 20:00:00,2024-09-03 19:00:00,1,20,4.4384054e-05,101,2021-01-01
2024-09-03 20:00:00,2024-09-03 19:00:00,3,-2,4.4296856e-05,102,2021-01-01
2024-09-03 20:00:00,2024-09-03 19:00:00,0,9,4.383094e-05,103,2021-01-01
2024-09-03 20:00:00,2024-09-03 19:00:00,0,-5,4.378472e-05,104,2021-01-01
2024-09-03 20:00:00,2024-09-03 19:00:00,2,-2,4.3481163e-05,105,2021-01-01
2024-09-03 20:00:00,2024-09-03 19:00:00,8,-4,4.329281e-05,106,2021-01-01
2024-09-03 20:00:00,2024-09-03 19:00:00,-7,1,4.290645e-05,107,2021-01-01
2024-09-03 20:00:00,2024-09-03 19:00:00,0,5,4.272677e-05,108,2021-01-01
2024-09-03 20:00:00,2024-09-03 19:00:00,3,-3,4.2662552e-05,109,2021-01-01
2024-09-03 20:00:00,2024-09-03 19:00:00,1,11,4.257466e-05,110,2021-01-01
2024-09-03 20:00:00,2024-09-03 19:00:00,2,9,4.2507876e-05,111,2021-01-01
2024-09-03 20:00:00,2024-09-03 19:00:00,-3,18,4.231732e-05,112,2021-01-01
2024-09-03 20:00:00,2024-09-03 19:00:00,-5,-5,4.2132222e-05,113,2021-01-01
2024-09-03 20:00:00,2024-09-03 19:00:00,-9,-1,4.1955045e-05,114,2021-01-01
2024-09-03 20:00:00,2024-09-03 19:00:00,-3,7,4.1450392e-05,115,2021-01-01
2024-09-03 20:00:00,2024-09-03 19:00:00,2,20,4.131709e-05,116,2021-01-01
2024-09-03 20:00:00,2024-09-03 19:00:00,3,17,4.130827e-05,117,2021-01-01
2024-09-03 20:00:00,2024-09-03 19:00:00,1,5,4.0978335e-05,118,2021-01-01
2024-09-03 20:00:00,2024-09-03 19:00:00,-4,5,4.0253395e-05,119,2021-01-01
2024-09-03 20:00:00,2024-09-03 19:00:00,-4,17,4.018281e-05,120,2021-01-01
2024-09-03 20:00:00,2024-09-03 19:00:00,-4,19,4.0111245e-05,121,2021-01-01
2024-09-03 20:00:00,2024-09-03 19:00:00,-4,8,3.992816e-05,122,2021-01-01
2024-09-03 20:00:00,2024-09-03 19:00:00,-3,2,3.962027e-05,123,2021-01-01
2024-09-03 20:00:00,2024-09-03 19:00:00,-10,10,3.9007853e-05,124,2021-01-01
2024-09-03 20:00:00,2024-09-03 19:00:00,1,8,3.8778966e-05,125,2021-01-01
2024-09-03 20:00:00,2024-09-03 19:00:00,-6,1,3.8736765e-05,126,2021-01-01
2024-09-03 20:00:00,2024-09-03 19:00:00,-1,3,3.8683913e-05,127,2021-01-01
2024-09-03 20:00:00,2024-09-03 19:00:00,9,-2,3.849818e-05,128,2021-01-01
2024-09-03 20:00:00,2024-09-03 19:00:00,-1,7,3.8473434e-05,129,2021-01-01
2024-09-03 20:00:00,2024-09-03 19:00:00,6,3,3.8092297e-05,130,2021-01-01
2024-09-03 20:00:00,2024-09-03 19:00:00,2,8,3.8084898e-05,131,2021-01-01
2024-09-03 20:00:00,2024-09-03 19:00:00,-5,15,3.807814e-05,132,2021-01-01
2024-09-03 20:00:00,2024-09-03 19:00:00,-4,4,3.8005994e-05,133,2021-01-01
2024-09-03 20:00:00,2024-09-03 19:00:00,2,7,3.762778e-05,134,2021-01-01
2024-09-03 20:00:00,2024-09-03 19:00:00,6,5,3.7129244e-05,135,2021-01-01
2024-09-03 20:00:00,2024-09-03 19:00:00,-6,15,3.7089452e-05,136,2021-01-01
2024-09-03 20:00:00,2024-09-03 19:00:00,-2,3,3.642416e-05,137,2021-01-01
2024-09-03 20:00:00,2024-09-03 19:00:00,-4,3,3.625267e-05,138,2021-01-01
2024-09-03 20:00:00,2024-09-03 19:00:00,-6,-2,3.5975405e-05,139,2021-01-01
2024-09-03 20:00:00,2024-09-03 19:00:00,8,-3,3.5867197e-05,140,2021-01-01
2024-09-03 20:00:00,2024-09-03 19:00:00,9,0,3.5762336e-05,141,2021-01-01
2024-09-03 20:00:00,2024-09-03 19:00:00,-6,-3,3.521532e-05,142,2021-01-01
2024-09-03 20:00:00,2024-09-03 19:00:00,-4,-5,3.5057772e-05,143,2021-01-01
2024-09-03 20:00:00,2024-09-03 19:00:00,-5,4,3.4984187e-05,144,2021-01-01
2024-09-03 20:00:00,2024-09-03 19:00:00,8,0,3.4516568e-05,145,2021-01-01
2024-09-03 20:00:00,2024-09-03 19:00:00,-1,2,3.437863e-05,146,2021-01-01
2024-09-03 20:00:00,2024-09-03 19:00:00,-5,0,3.433265e-05,147,2021-01-01
2024-09-03 20:00:00,2024-09-03 19:00:00,-4,2,3.430535e-05,148,2021-01-01
2024-09-03 20:00:00,2024-09-03 19:00:00,7,1,3.4040535e-05,149,2021-01-01
2024-09-03 20:00:00,2024-09-03 19:00:00,1,2,3.397519e-05,150,2021-01-01
2024-09-03 20:00:00,2024-09-03 19:00:00,9,3,3.354442e-05,151,2021-01-01
2024-09-03 20:00:00,2024-09-03 19:00:00,-5,2,3.3523796e-05,152,2021-01-01
2024-09-03 20:00:00,2024-09-03 19:00:00,1,-3,3.3020566e-05,153,2021-01-01
2024-09-03 20:00:00,2024-09-03 19:00:00,2,-7,3.3018354e-05,154,2021-01-01
2024-09-03 20:00:00,2024-09-03 19:00:00,-1,-7,3.2913307e-05,155,2021-01-01
2024-09-03 20:00:00,2024-09-03 19:00:00,1,-7,3.2896827e-05,156,2021-01-01
2024-09-03 20:00:00,2024-09-03 19:00:00,5,3,3.2848842e-05,157,2021-01-01
2024-09-03 20:00:00,2024-09-03 19:00:00,-5,1,3.2506723e-05,158,2021-01-01
2024-09-03 20:00:00,2024-09-03 19:00:00,10,0,3.2382475e-05,159,2021-01-01
2024-09-03 20:00:00,2024-09-03 19:00:00,0,1,3.174736e-05,160,2021-01-01
2024-09-03 20:00:00,2024-09-03 19:00:00,4,1,3.1554137e-05,161,2021-01-01
2024-09-03 20:00:00,2024-09-03 19:00:00,4,-6,3.126745e-05,162,2021-01-01
2024-09-03 20:00:00,2024-09-03 19:00:00,1,1,3.064847e-05,163,2021-01-01
2024-09-03 20:00:00,2024-09-03 19:00:00,10,5,3.041405e-05,164,2021-01-01
2024-09-03 20:00:00,2024-09-03 19:00:00,5,-4,3.0353578e-05,165,2021-01-01
2024-09-03 20:00:00,2024-09-03 19:00:00,2,-6,3.016874e-05,166,2021-01-01
2024-09-03 20:00:00,2024-09-03 19:00:00,5,-1,2.9883464e-05,167,2021-01-01
2024-09-03 20:00:00,2024-09-03 19:00:00,-1,-6,2.956236e-05,168,2021-01-01
2024-09-03 20:00:00,2024-09-03 19:00:00,5,-3,2.9529829e-05,169,2021-01-01
2024-09-03 20:00:00,2024-09-03 19:00:00,0,-6,2.9108494e-05,170,2021-01-01
2024-09-03 20:00:00,2024-09-03 19:00:00,7,-1,2.8716784e-05,171,2021-01-01
2024-09-03 20:00:00,2024-09-03 19:00:00,-9,6,2.8690067e-05,172,2021-01-01
2024-09-03 20:00:00,2024-09-03 19:00:00,-3,-2,2.8432769e-05,173,2021-01-01
2024-09-03 20:00:00,2024-09-03 19:00:00,5,2,2.8382783e-05,174,2021-01-01
2024-09-03 20:00:00,2024-09-03 19:00:00,-8,6,2.8252565e-05,175,2021-01-01
2024-09-03 20:00:00,2024-09-03 19:00:00,4,-4,2.8004122e-05,176,2021-01-01
2024-09-03 20:00:00,2024-09-03 19:00:00,-2,-5,2.7807384e-05,177,2021-01-01
2024-09-03 20:00:00,2024-09-03 19:00:00,-10,8,2.758669e-05,178,2021-01-01
2024-09-03 20:00:00,2024-09-03 19:00:00,-2,1,2.7526587e-05,179,2021-01-01
2024-09-03 20:00:00,2024-09-03 19:00:00,3,-1,2.6412343e-05,180,2021-01-01
2024-09-03 20:00:00,2024-09-03 19:00:00,0,-3,2.3799666e-05,181,2021-01-01
2024-09-03 20:00:00,2024-09-03 19:00:00,-9,0,1.578734e-05,182,2021-01-01
2024-09-03 20:00:00,2024-09-03 19:00:00,-11,-6,1.36675835e-05,183,2021-01-01
2024-09-03 20:00:00,2024-09-03 19:00:00,-10,-4,1.358421e-05,184,2021-01-01
2024-09-03 20:00:00,2024-09-03 19:00:00,-9,-4,1.3033157e-05,185,2021-01-01
2024-09-03 20:00:00,2024-09-03 19:00:00,-10,-3,1.2697948e-05,186,2021-01-01
2024-09-05 01:00:00,2024-09-05 00:00:00,0,-1,0.17093408,1,2021-01-01
2024-09-05 01:00:00,2024-09-05 00:00:00,9,1,0.159785,2,2021-01-01
2024-09-05 01:00:00,2024-09-05 00:00:00,-2,-3,0.09126711,3,2021-01-01
2024-09-05 01:00:00,2024-09-05 00:00:00,-1,0,0.077520885,4,2021-01-01
2024-09-05 01:00:00,2024-09-05 00:00:00,0,0,0.060838696,5,2021-01-01
2024-09-05 01:00:00,2024-09-05 00:00:00,1,-1,0.05566291,6,2021-01-01
2024-09-05 01:00:00,2024-09-05 00:00:00,1,0,0.032130677,7,2021-01-01
2024-09-05 01:00:00,2024-09-05 00:00:00,-4,-2,0.031617712,8,2021-01-01
2024-09-05 01:00:00,2024-09-05 00:00:00,-2,-4,0.026272545,9,2021-01-01
2024-09-05 01:00:00,2024-09-05 00:00:00,-2,-1,0.026137402,10,2021-01-01
2024-09-05 01:00:00,2024-09-05 00:00:00,-1,-1,0.025471732,11,2021-01-01
2024-09-05 01:00:00,2024-09-05 00:00:00,-4,-3,0.019670429,12,2021-01-01
2024-09-05 01:00:00,2024-09-05 00:00:00,-3,-4,0.010254164,13,2021-01-01
2024-09-05 01:00:00,2024-09-05 00:00:00,-12,-5,0.009913926,14,2021-01-01
2024-09-05 01:00:00,2024-09-05 00:00:00,-5,-2,0.009740092,15,2021-01-01
2024-09-05 01:00:00,2024-09-05 00:00:00,-2,-2,0.007585209,16,2021-01-01
2024-09-05 01:00:00,2024-09-05 00:00:00,-5,-1,0.0033525927,17,2021-01-01
2024-09-05 01:00:00,2024-09-05 00:00:00,0,17,0.0027017489,18,2021-01-01
2024-09-05 01:00:00,2024-09-05 00:00:00,-2,0,0.0026649814,19,2021-01-01
2024-09-05 01:00:00,2024-09-05 00:00:00,2,0,0.0025680722,20,2021-01-01
2024-09-05 01:00:00,2024-09-05 00:00:00,-11,-5,0.0022850072,21,2021-01-01
2024-09-05 01:00:00,2024-09-05 00:00:00,6,-4,0.0017978231,22,2021-01-01
2024-09-05 01:00:00,2024-09-05 00:00:00,0,-2,0.0013655545,23,2021-01-01
2024-09-05 01:00:00,2024-09-05 00:00:00,-3,-3,0.0010431185,24,2021-01-01
2024-09-05 01:00:00,2024-09-05 00:00:00,0,8,0.00086109247,25,2021-01-01
2024-09-05 01:00:00,2024-09-05 00:00:00,6,-3,0.0006914674,26,2021-01-01
2024-09-05 01:00:00,2024-09-05 00:00:00,-4,-1,0.000640881,27,2021-01-01
2024-09-05 01:00:00,2024-09-05 00:00:00,-3,11,0.00059225864,28,2021-01-01
2024-09-05 01:00:00,2024-09-05 00:00:00,4,-1,0.0005271738,29,2021-01-01
2024-09-05 01:00:00,2024-09-05 00:00:00,2,-1,0.00044950607,30,2021-01-01
2024-09-05 01:00:00,2024-09-05 00:00:00,-3,0,0.00043631566,31,2021-01-01
2024-09-05 01:00:00,2024-09-05 00:00:00,-1,-3,0.0004299915,32,2021-01-01
2024-09-05 01:00:00,2024-09-05 00:00:00,-4,0,0.00039136762,33,2021-01-01
2024-09-05 01:00:00,2024-09-05 00:00:00,1,-2,0.0003825445,34,2021-01-01
2024-09-05 01:00:00,2024-09-05 00:00:00,-1,16,0.00033645952,35,2021-01-01
2024-09-05 01:00:00,2024-09-05 00:00:00,8,1,0.00033406183,36,2021-01-01
2024-09-05 01:00:00,2024-09-05 00:00:00,-1,1,0.00030372155,37,2021-01-01
2024-09-05 01:00:00,2024-09-05 00:00:00,-5,-3,0.00026977446,38,2021-01-01
2024-09-05 01:00:00,2024-09-05 00:00:00,7,-5,0.00026765894,39,2021-01-01
2024-09-05 01:00:00,2024-09-05 00:00:00,-1,-2,0.0002559408,40,2021-01-01
2024-09-05 01:00:00,2024-09-05 00:00:00,-3,-1,0.00024801903,41,2021-01-01
2024-09-05 01:00:00,2024-09-05 00:00:00,-3,1,0.0002383836,42,2021-01-01
2024-09-05 01:00:00,2024-09-05 00:00:00,-4,-4,0.00023277802,43,2021-01-01
2024-09-05 01:00:00,2024-09-05 00:00:00,5,-2,0.00022261677,44,2021-01-01
2024-09-05 01:00:00,2024-09-05 00:00:00,-7,-1,0.00020835777,45,2021-01-01
2024-09-05 01:00:00,2024-09-05 00:00:00,-5,-4,0.00020569838,46,2021-01-01
2024-09-05 01:00:00,2024-09-05 00:00:00,-9,-1,0.00019996557,47,2021-01-01
2024-09-05 01:00:00,2024-09-05 00:00:00,2,1,0.00017596381,48,2021-01-01
2024-09-05 01:00:00,2024-09-05 00:00:00,0,12,0.00017368176,49,2021-01-01
2024-09-05 01:00:00,2024-09-05 00:00:00,-3,13,0.00015790886,50,2021-01-01
2024-09-05 01:00:00,2024-09-05 00:00:00,10,3,0.00015735846,51,2021-01-01
2024-09-05 01:00:00,2024-09-05 00:00:00,3,1,0.0001491701,52,2021-01-01
2024-09-05 01:00:00,2024-09-05 00:00:00,7,-4,0.00014530959,53,2021-01-01
2024-09-05 01:00:00,2024-09-05 00:00:00,3,0,0.00013878831,54,2021-01-01
2024-09-05 01:00:00,2024-09-05 00:00:00,-10,10,0.00012671744,55,2021-01-01
2024-09-05 01:00:00,2024-09-05 00:00:00,-1,6,0.00012512945,56,2021-01-01
2024-09-05 01:00:00,2024-09-05 00:00:00,1,6,0.00011933869,57,2021-01-01
2024-09-05 01:00:00,2024-09-05 00:00:00,0,-3,0.00011808085,58,2021-01-01
2024-09-05 01:00:00,2024-09-05 00:00:00,-1,5,0.000117115764,59,2021-01-01
2024-09-05 01:00:00,2024-09-05 00:00:00,-5,0,0.00011375202,60,2021-01-01
2024-09-05 01:00:00,2024-09-05 00:00:00,-3,-2,0.00010494401,61,2021-01-01
2024-09-05 01:00:00,2024-09-05 00:00:00,-1,8,0.000101855905,62,2021-01-01
2024-09-05 01:00:00,2024-09-05 00:00:00,-6,1,9.7071075e-05,63,2021-01-01
2024-09-05 01:00:00,2024-09-05 00:00:00,-5,1,9.098748e-05,64,2021-01-01
2024-09-05 01:00:00,2024-09-05 00:00:00,-2,1,8.78026e-05,65,2021-01-01
2024-09-05 01:00:00,2024-09-05 00:00:00,-6,-2,8.4842606e-05,66,2021-01-01
2024-09-05 01:00:00,2024-09-05 00:00:00,-6,-3,8.4740874e-05,67,2021-01-01
2024-09-05 01:00:00,2024-09-05 00:00:00,-1,-4,8.386882e-05,68,2021-01-01
2024-09-05 01:00:00,2024-09-05 00:00:00,-7,1,8.322787e-05,69,2021-01-01
2024-09-05 01:00:00,2024-09-05 00:00:00,-9,-5,8.068869e-05,70,2021-01-01
2024-09-05 01:00:00,2024-09-05 00:00:00,1,-3,7.975997e-05,71,2021-01-01
2024-09-05 01:00:00,2024-09-05 00:00:00,1,9,7.8551944e-05,72,2021-01-01
2024-09-05 01:00:00,2024-09-05 00:00:00,-4,-5,7.848764e-05,73,2021-01-01
2024-09-05 01:00:00,2024-09-05 00:00:00,-9,0,7.7181285e-05,74,2021-01-01
2024-09-05 01:00:00,2024-09-05 00:00:00,-5,-5,7.583649e-05,75,2021-01-01
2024-09-05 01:00:00,2024-09-05 00:00:00,0,-5,7.557282e-05,76,2021-01-01
2024-09-05 01:00:00,2024-09-05 00:00:00,-2,-5,7.2865114e-05,77,2021-01-01
2024-09-05 01:00:00,2024-09-05 00:00:00,-6,4,7.265381e-05,78,2021-01-01
2024-09-05 01:00:00,2024-09-05 00:00:00,9,2,7.103918e-05,79,2021-01-01
2024-09-05 01:00:00,2024-09-05 00:00:00,-10,-3,7.093205e-05,80,2021-01-01
2024-09-05 01:00:00,2024-09-05 00:00:00,10,-1,6.9331094e-05,81,2021-01-01
2024-09-05 01:00:00,2024-09-05 00:00:00,-10,8,6.826125e-05,82,2021-01-01
2024-09-05 01:00:00,2024-09-05 00:00:00,-3,2,6.825452e-05,83,2021-01-01
2024-09-05 01:00:00,2024-09-05 00:00:00,-1,2,6.6392815e-05,84,2021-01-01
2024-09-05 01:00:00,2024-09-05 00:00:00,1,1,6.628191e-05,85,2021-01-01
2024-09-05 01:00:00,2024-09-05 00:00:00,-4,2,6.605326e-05,86,2021-01-01
2024-09-05 01:00:00,2024-09-05 00:00:00,10,5,6.5881264e-05,87,2021-01-01
2024-09-05 01:00:00,2024-09-05 00:00:00,7,4,6.586147e-05,88,2021-01-01
2024-09-05 01:00:00,2024-09-05 00:00:00,1,-5,6.56775e-05,89,2021-01-01
2024-09-05 01:00:00,2024-09-05 00:00:00,-5,2,6.506549e-05,90,2021-01-01
2024-09-05 01:00:00,2024-09-05 00:00:00,8,-1,6.403372e-05,91,2021-01-01
2024-09-05 01:00:00,2024-09-05 00:00:00,2,-3,6.182496e-05,92,2021-01-01
2024-09-05 01:00:00,2024-09-05 00:00:00,-9,6,6.0801234e-05,93,2021-01-01
2024-09-05 01:00:00,2024-09-05 00:00:00,0,1,6.0752252e-05,94,2021-01-01
2024-09-05 01:00:00,2024-09-05 00:00:00,-2,13,6.069502e-05,95,2021-01-01
2024-09-05 01:00:00,2024-09-05 00:00:00,8,-4,6.050315e-05,96,2021-01-01
2024-09-05 01:00:00,2024-09-05 00:00:00,0,13,5.6882738e-05,97,2021-01-01
2024-09-05 01:00:00,2024-09-05 00:00:00,-4,10,5.656853e-05,98,2021-01-01
2024-09-05 01:00:00,2024-09-05 00:00:00,-6,8,5.4389122e-05,99,2021-01-01
2024-09-05 01:00:00,2024-09-05 00:00:00,-3,8,5.4118602e-05,100,2021-01-01
2024-09-05 01:00:00,2024-09-05 00:00:00,-9,-4,5.3335283e-05,101,2021-01-01
2024-09-05 01:00:00,2024-09-05 00:00:00,-5,15,5.295999e-05,102,2021-01-01
2024-09-05 01:00:00,2024-09-05 00:00:00,-5,11,5.2896048e-05,103,2021-01-01
2024-09-05 01:00:00,2024-09-05 00:00:00,-4,19,5.1952375e-05,104,2021-01-01
2024-09-05 01:00:00,2024-09-05 00:00:00,2,-2,5.1747444e-05,105,2021-01-01
2024-09-05 01:00:00,2024-09-05 00:00:00,4,-6,5.08018e-05,106,2021-01-01
2024-09-05 01:00:00,2024-09-05 00:00:00,-10,-4,5.0509345e-05,107,2021-01-01
2024-09-05 01:00:00,2024-09-05 00:00:00,3,-1,4.9742335e-05,108,2021-01-01
2024-09-05 01:00:00,2024-09-05 00:00:00,-3,7,4.963159e-05,109,2021-01-01
2024-09-05 01:00:00,2024-09-05 00:00:00,-4,12,4.9511687e-05,110,2021-01-01
2024-09-05 01:00:00,2024-09-05 00:00:00,-8,6,4.9381128e-05,111,2021-01-01
2024-09-05 01:00:00,2024-09-05 00:00:00,1,2,4.8907834e-05,112,2021-01-01
2024-09-05 01:00:00,2024-09-05 00:00:00,-1,18,4.890181e-05,113,2021-01-01
2024-09-05 01:00:00,2024-09-05 00:00:00,8,-3,4.7437487e-05,114,2021-01-01
2024-09-05 01:00:00,2024-09-05 00:00:00,9,-2,4.6212164e-05,115,2021-01-01
2024-09-05 01:00:00,2024-09-05 00:00:00,3,-2,4.6015004e-05,116,2021-01-01
2024-09-05 01:00:00,2024-09-05 00:00:00,-1,-6,4.5949942e-05,117,2021-01-01
2024-09-05 01:00:00,2024-09-05 00:00:00,-4,5,4.518779e-05,118,2021-01-01
2024-09-05 01:00:00,2024-09-05 00:00:00,7,1,4.4798504e-05,119,2021-01-01
2024-09-05 01:00:00,2024-09-05 00:00:00,6,5,4.396806e-05,120,2021-01-01
2024-09-05 01:00:00,2024-09-05 00:00:00,5,-1,4.395655e-05,121,2021-01-01
2024-09-05 01:00:00,2024-09-05 00:00:00,0,-6,4.3661334e-05,122,2021-01-01
2024-09-05 01:00:00,2024-09-05 00:00:00,9,3,4.3145974e-05,123,2021-01-01
2024-09-05 01:00:00,2024-09-05 00:00:00,5,-4,4.3064534e-05,124,2021-01-01
2024-09-05 01:00:00,2024-09-05 00:00:00,10,0,4.2540665e-05,125,2021-01-01
2024-09-05 01:00:00,2024-09-05 00:00:00,9,0,4.252729e-05,126,2021-01-01
2024-09-05 01:00:00,2024-09-05 00:00:00,-1,-7,4.237829e-05,127,2021-01-01
2024-09-05 01:00:00,2024-09-05 00:00:00,4,1,4.091582e-05,128,2021-01-01
2024-09-05 01:00:00,2024-09-05 00:00:00,-4,17,4.0489624e-05,129,2021-01-01
2024-09-05 01:00:00,2024-09-05 00:00:00,-1,3,4.001066e-05,130,2021-01-01
2024-09-05 01:00:00,2024-09-05 00:00:00,-2,3,3.9646566e-05,131,2021-01-01
2024-09-05 01:00:00,2024-09-05 00:00:00,-4,3,3.936863e-05,132,2021-01-01
2024-09-05 01:00:00,2024-09-05 00:00:00,-1,13,3.927388e-05,133,2021-01-01
2024-09-05 01:00:00,2024-09-05 00:00:00,-1,11,3.8546066e-05,134,2021-01-01
2024-09-05 01:00:00,2024-09-05 00:00:00,-11,-6,3.8021288e-05,135,2021-01-01
2024-09-05 01:00:00,2024-09-05 00:00:00,0,11,3.7707836e-05,136,2021-01-01
2024-09-05 01:00:00,2024-09-05 00:00:00,-4,8,3.760801e-05,137,2021-01-01
2024-09-05 01:00:00,2024-09-05 00:00:00,-1,9,3.743645e-05,138,2021-01-01
2024-09-05 01:00:00,2024-09-05 00:00:00,1,8,3.726387e-05,139,2021-01-01
2024-09-05 01:00:00,2024-09-05 00:00:00,-2,11,3.6865855e-05,140,2021-01-01
2024-09-05 01:00:00,2024-09-05 00:00:00,-6,15,3.664383e-05,141,2021-01-01
2024-09-05 01:00:00,2024-09-05 00:00:00,0,9,3.6625595e-05,142,2021-01-01
2024-09-05 01:00:00,2024-09-05 00:00:00,-5,9,3.5848458e-05,143,2021-01-01
2024-09-05 01:00:00,2024-09-05 00:00:00,-5,10,3.5848458e-05,144,2021-01-01
2024-09-05 01:00:00,2024-09-05 00:00:00,-2,10,3.57953e-05,145,2021-01-01
2024-09-05 01:00:00,2024-09-05 00:00:00,-3,14,3.578732e-05,146,2021-01-01
2024-09-05 01:00:00,2024-09-05 00:00:00,-2,15,3.558479e-05,147,2021-01-01
2024-09-05 01:00:00,2024-09-05 00:00:00,0,14,3.5434823e-05,148,2021-01-01
2024-09-05 01:00:00,2024-09-05 00:00:00,5,3,3.5434103e-05,149,2021-01-01
2024-09-05 01:00:00,2024-09-05 00:00:00,2,7,3.541631e-05,150,2021-01-01
2024-09-05 01:00:00,2024-09-05 00:00:00,6,3,3.4803645e-05,151,2021-01-01
2024-09-05 01:00:00,2024-09-05 00:00:00,-2,9,3.4775843e-05,152,2021-01-01
2024-09-05 01:00:00,2024-09-05 00:00:00,-3,12,3.4639317e-05,153,2021-01-01
2024-09-05 01:00:00,2024-09-05 00:00:00,-1,15,3.438444e-05,154,2021-01-01
2024-09-05 01:00:00,2024-09-05 00:00:00,-3,9,3.4365556e-05,155,2021-01-01
2024-09-05 01:00:00,2024-09-05 00:00:00,1,5,3.4224413e-05,156,2021-01-01
2024-09-05 01:00:00,2024-09-05 00:00:00,4,14,3.4173703e-05,157,2021-01-01
2024-09-05 01:00:00,2024-09-05 00:00:00,-1,7,3.3973243e-05,158,2021-01-01
2024-09-05 01:00:00,2024-09-05 00:00:00,7,11,3.396303e-05,159,2021-01-01
2024-09-05 01:00:00,2024-09-05 00:00:00,1,11,3.3647673e-05,160,2021-01-01
2024-09-05 01:00:00,2024-09-05 00:00:00,-3,15,3.3481592e-05,161,2021-01-01
2024-09-05 01:00:00,2024-09-05 00:00:00,6,6,3.3322696e-05,162,2021-01-01
2024-09-05 01:00:00,2024-09-05 00:00:00,-2,8,3.314635e-05,163,2021-01-01
2024-09-05 01:00:00,2024-09-05 00:00:00,-2,16,3.2658067e-05,164,2021-01-01
2024-09-05 01:00:00,2024-09-05 00:00:00,2,8,3.2555658e-05,165,2021-01-01
2024-09-05 01:00:00,2024-09-05 00:00:00,-5,4,3.2484615e-05,166,2021-01-01
2024-09-05 01:00:00,2024-09-05 00:00:00,2,9,3.2354783e-05,167,2021-01-01
2024-09-05 01:00:00,2024-09-05 00:00:00,3,-3,3.1548563e-05,168,2021-01-01
2024-09-05 01:00:00,2024-09-05 00:00:00,0,5,3.1204032e-05,169,2021-01-01
2024-09-05 01:00:00,2024-09-05 00:00:00,0,19,3.103302e-05,170,2021-01-01
2024-09-05 01:00:00,2024-09-05 00:00:00,-4,4,3.0906845e-05,171,2021-01-01
2024-09-05 01:00:00,2024-09-05 00:00:00,1,20,3.0866056e-05,172,2021-01-01
2024-09-05 01:00:00,2024-09-05 00:00:00,6,11,3.069828e-05,173,2021-01-01
2024-09-05 01:00:00,2024-09-05 00:00:00,1,19,3.0596308e-05,174,2021-01-01
2024-09-05 01:00:00,2024-09-05 00:00:00,2,20,3.0203764e-05,175,2021-01-01
2024-09-05 01:00:00,2024-09-05 00:00:00,5,2,2.994542e-05,176,2021-01-01
2024-09-05 01:00:00,2024-09-05 00:00:00,0,18,2.9900502e-05,177,2021-01-01
2024-09-05 01:00:00,2024-09-05 00:00:00,3,17,2.930733e-05,178,2021-01-01
2024-09-05 01:00:00,2024-09-05 00:00:00,4,-4,2.9069508e-05,179,2021-01-01
2024-09-05 01:00:00,2024-09-05 00:00:00,2,-6,2.8867418e-05,180,2021-01-01
2024-09-05 01:00:00,2024-09-05 00:00:00,2,-7,2.8423105e-05,181,2021-01-01
2024-09-05 01:00:00,2024-09-05 00:00:00,-3,18,2.8241879e-05,182,2021-01-01
2024-09-05 01:00:00,2024-09-05 00:00:00,5,-3,2.8216464e-05,183,2021-01-01
2024-09-05 01:00:00,2024-09-05 00:00:00,7,-1,2.7473301e-05,184,2021-01-01
2024-09-05 01:00:00,2024-09-05 00:00:00,1,-7,2.6365446e-05,185,2021-01-01
2024-09-05 01:00:00,2024-09-05 00:00:00,8,0,2.5719894e-05,186,2021-01-01
2024-09-09 01:00:00,2024-09-09 00:00:00,9,1,0.52447885,1,2021-01-01
2024-09-09 01:00:00,2024-09-09 00:00:00,-2,-3,0.1806087,2,2021-01-01
2024-09-09 01:00:00,2024-09-09 00:00:00,0,0,0.1519782,3,2021-01-01
2024-09-09 01:00:00,2024-09-09 00:00:00,-1,0,0.13271265,4,2021-01-01
2024-09-09 01:00:00,2024-09-09 00:00:00,0,-1,0.11918994,5,2021-01-01
2024-09-09 01:00:00,2024-09-09 00:00:00,1,0,0.052298244,6,2021-01-01
2024-09-09 01:00:00,2024-09-09 00:00:00,-2,-4,0.029830111,7,2021-01-01
2024-09-09 01:00:00,2024-09-09 00:00:00,-4,-2,0.027123876,8,2021-01-01
2024-09-09 01:00:00,2024-09-09 00:00:00,-4,-3,0.025402904,9,2021-01-01
2024-09-09 01:00:00,2024-09-09 00:00:00,1,-1,0.023965426,10,2021-01-01
2024-09-09 01:00:00,2024-09-09 00:00:00,-1,-1,0.022815173,11,2021-01-01
2024-09-09 01:00:00,2024-09-09 00:00:00,-5,-2,0.021797622,12,2021-01-01
2024-09-09 01:00:00,2024-09-09 00:00:00,-2,-1,0.019982515,13,2021-01-01
2024-09-09 01:00:00,2024-09-09 00:00:00,-3,-4,0.018652793,14,2021-01-01
2024-09-09 01:00:00,2024-09-09 00:00:00,-12,-5,0.010337859,15,2021-01-01
2024-09-09 01:00:00,2024-09-09 00:00:00,-2,-2,0.009889697,16,2021-01-01
2024-09-09 01:00:00,2024-09-09 00:00:00,-3,-3,0.00954095,17,2021-01-01
2024-09-09 01:00:00,2024-09-09 00:00:00,-11,-5,0.0061335717,18,2021-01-01
2024-09-09 01:00:00,2024-09-09 00:00:00,0,17,0.004839957,19,2021-01-01
2024-09-09 01:00:00,2024-09-09 00:00:00,-2,0,0.0035551274,20,2021-01-01
2024-09-09 01:00:00,2024-09-09 00:00:00,-5,-1,0.0025330721,21,2021-01-01
2024-09-09 01:00:00,2024-09-09 00:00:00,6,-4,0.0022536672,22,2021-01-01
2024-09-09 01:00:00,2024-09-09 00:00:00,0,8,0.0010866813,23,2021-01-01
2024-09-09 01:00:00,2024-09-09 00:00:00,-3,11,0.0008647239,24,2021-01-01
2024-09-09 01:00:00,2024-09-09 00:00:00,2,0,0.00074209436,25,2021-01-01
2024-09-09 01:00:00,2024-09-09 00:00:00,6,-3,0.00068884046,26,2021-01-01
2024-09-09 01:00:00,2024-09-09 00:00:00,-2,13,0.0006712892,27,2021-01-01
2024-09-09 01:00:00,2024-09-09 00:00:00,-1,16,0.0005180431,28,2021-01-01
2024-09-09 01:00:00,2024-09-09 00:00:00,0,-2,0.00044929268,29,2021-01-01
2024-09-09 01:00:00,2024-09-09 00:00:00,8,1,0.00042839328,30,2021-01-01
2024-09-09 01:00:00,2024-09-09 00:00:00,4,-1,0.0004218363,31,2021-01-01
2024-09-09 01:00:00,2024-09-09 00:00:00,-4,-1,0.00041890005,32,2021-01-01
2024-09-09 01:00:00,2024-09-09 00:00:00,-3,0,0.00030555224,33,2021-01-01
2024-09-09 01:00:00,2024-09-09 00:00:00,-4,0,0.00029131878,34,2021-01-01
2024-09-09 01:00:00,2024-09-09 00:00:00,-9,-1,0.00027838332,35,2021-01-01
2024-09-09 01:00:00,2024-09-09 00:00:00,5,-2,0.0002710479,36,2021-01-01
2024-09-09 01:00:00,2024-09-09 00:00:00,10,3,0.00026435519,37,2021-01-01
2024-09-09 01:00:00,2024-09-09 00:00:00,-3,13,0.00024570207,38,2021-01-01
2024-09-09 01:00:00,2024-09-09 00:00:00,2,-1,0.0002152564,39,2021-01-01
2024-09-09 01:00:00,2024-09-09 00:00:00,-1,-3,0.00020191543,40,2021-01-01
2024-09-09 01:00:00,2024-09-09 00:00:00,7,-5,0.00018301515,41,2021-01-01
2024-09-09 01:00:00,2024-09-09 00:00:00,-1,1,0.00018160003,42,2021-01-01
2024-09-09 01:00:00,2024-09-09 00:00:00,-1,6,0.00017709308,43,2021-01-01
2024-09-09 01:00:00,2024-09-09 00:00:00,-5,-3,0.00017106294,44,2021-01-01
2024-09-09 01:00:00,2024-09-09 00:00:00,-4,-4,0.00016951213,45,2021-01-01
2024-09-09 01:00:00,2024-09-09 00:00:00,-3,1,0.00016347032,46,2021-01-01
2024-09-09 01:00:00,2024-09-09 00:00:00,-3,-1,0.00015997805,47,2021-01-01
2024-09-09 01:00:00,2024-09-09 00:00:00,1,-2,0.00014881902,48,2021-01-01
2024-09-09 01:00:00,2024-09-09 00:00:00,0,12,0.00014808313,49,2021-01-01
2024-09-09 01:00:00,2024-09-09 00:00:00,-1,8,0.00014674576,50,2021-01-01
2024-09-09 01:00:00,2024-09-09 00:00:00,-1,-2,0.00014611894,51,2021-01-01
2024-09-09 01:00:00,2024-09-09 00:00:00,1,6,0.00014034373,52,2021-01-01
2024-09-09 01:00:00,2024-09-09 00:00:00,-5,-4,0.00013758292,53,2021-01-01
2024-09-09 01:00:00,2024-09-09 00:00:00,1,9,0.00012575737,54,2021-01-01
2024-09-09 01:00:00,2024-09-09 00:00:00,2,1,0.00011555719,55,2021-01-01
2024-09-09 01:00:00,2024-09-09 00:00:00,-7,1,0.000112738344,56,2021-01-01
2024-09-09 01:00:00,2024-09-09 00:00:00,-9,0,0.00010491437,57,2021-01-01
2024-09-09 01:00:00,2024-09-09 00:00:00,-6,1,0.00010358781,58,2021-01-01
2024-09-09 01:00:00,2024-09-09 00:00:00,-10,10,0.00010158003,59,2021-01-01
2024-09-09 01:00:00,2024-09-09 00:00:00,7,4,0.00010059366,60,2021-01-01
2024-09-09 01:00:00,2024-09-09 00:00:00,-6,4,9.91901e-05,61,2021-01-01
2024-09-09 01:00:00,2024-09-09 00:00:00,3,1,9.881202e-05,62,2021-01-01
2024-09-09 01:00:00,2024-09-09 00:00:00,-5,0,9.1967e-05,63,2021-01-01
2024-09-09 01:00:00,2024-09-09 00:00:00,-10,-3,9.186894e-05,64,2021-01-01
2024-09-09 01:00:00,2024-09-09 00:00:00,-7,-1,8.934104e-05,65,2021-01-01
2024-09-09 01:00:00,2024-09-09 00:00:00,7,-4,8.8736124e-05,66,2021-01-01
2024-09-09 01:00:00,2024-09-09 00:00:00,-1,5,8.72593e-05,67,2021-01-01
2024-09-09 01:00:00,2024-09-09 00:00:00,10,5,8.693288e-05,68,2021-01-01
2024-09-09 01:00:00,2024-09-09 00:00:00,9,2,8.625181e-05,69,2021-01-01
2024-09-09 01:00:00,2024-09-09 00:00:00,0,13,8.358595e-05,70,2021-01-01
2024-09-09 01:00:00,2024-09-09 00:00:00,-1,18,8.203163e-05,71,2021-01-01
2024-09-09 01:00:00,2024-09-09 00:00:00,-9,-5,7.953369e-05,72,2021-01-01
2024-09-09 01:00:00,2024-09-09 00:00:00,-5,1,7.516911e-05,73,2021-01-01
2024-09-09 01:00:00,2024-09-09 00:00:00,-5,2,7.473338e-05,74,2021-01-01
2024-09-09 01:00:00,2024-09-09 00:00:00,-3,-2,7.304196e-05,75,2021-01-01
2024-09-09 01:00:00,2024-09-09 00:00:00,10,-1,7.264858e-05,76,2021-01-01
2024-09-09 01:00:00,2024-09-09 00:00:00,-6,-2,6.925103e-05,77,2021-01-01
2024-09-09 01:00:00,2024-09-09 00:00:00,-6,-3,6.84078e-05,78,2021-01-01
2024-09-09 01:00:00,2024-09-09 00:00:00,-9,-4,6.710493e-05,79,2021-01-01
2024-09-09 01:00:00,2024-09-09 00:00:00,6,5,6.4864646e-05,80,2021-01-01
2024-09-09 01:00:00,2024-09-09 00:00:00,-2,-5,6.365974e-05,81,2021-01-01
2024-09-09 01:00:00,2024-09-09 00:00:00,8,-1,6.235277e-05,82,2021-01-01
2024-09-09 01:00:00,2024-09-09 00:00:00,-4,2,6.187498e-05,83,2021-01-01
2024-09-09 01:00:00,2024-09-09 00:00:00,9,3,6.108134e-05,84,2021-01-01
2024-09-09 01:00:00,2024-09-09 00:00:00,-5,-5,6.0620543e-05,85,2021-01-01
2024-09-09 01:00:00,2024-09-09 00:00:00,-10,-4,6.0057897e-05,86,2021-01-01
2024-09-09 01:00:00,2024-09-09 00:00:00,-10,8,5.9819093e-05,87,2021-01-01
2024-09-09 01:00:00,2024-09-09 00:00:00,-2,1,5.9303566e-05,88,2021-01-01
2024-09-09 01:00:00,2024-09-09 00:00:00,-3,2,5.930258e-05,89,2021-01-01
2024-09-09 01:00:00,2024-09-09 00:00:00,-4,-5,5.759737e-05,90,2021-01-01
2024-09-09 01:00:00,2024-09-09 00:00:00,-1,-4,5.724664e-05,91,2021-01-01
2024-09-09 01:00:00,2024-09-09 00:00:00,-9,6,5.6298933e-05,92,2021-01-01
2024-09-09 01:00:00,2024-09-09 00:00:00,0,-3,5.5528348e-05,93,2021-01-01
2024-09-09 01:00:00,2024-09-09 00:00:00,0,-5,5.495392e-05,94,2021-01-01
2024-09-09 01:00:00,2024-09-09 00:00:00,-4,19,5.485803e-05,95,2021-01-01
2024-09-09 01:00:00,2024-09-09 00:00:00,-5,11,5.290225e-05,96,2021-01-01
2024-09-09 01:00:00,2024-09-09 00:00:00,6,11,5.2808387e-05,97,2021-01-01
2024-09-09 01:00:00,2024-09-09 00:00:00,1,20,5.2178297e-05,98,2021-01-01
2024-09-09 01:00:00,2024-09-09 00:00:00,1,1,5.197438e-05,99,2021-01-01
2024-09-09 01:00:00,2024-09-09 00:00:00,-1,2,5.1826795e-05,100,2021-01-01
2024-09-09 01:00:00,2024-09-09 00:00:00,1,19,5.0991584e-05,101,2021-01-01
2024-09-09 01:00:00,2024-09-09 00:00:00,-4,3,5.0869374e-05,102,2021-01-01
2024-09-09 01:00:00,2024-09-09 00:00:00,-2,16,5.0779872e-05,103,2021-01-01
2024-09-09 01:00:00,2024-09-09 00:00:00,4,14,5.074928e-05,104,2021-01-01
2024-09-09 01:00:00,2024-09-09 00:00:00,-2,11,5.0694434e-05,105,2021-01-01
2024-09-09 01:00:00,2024-09-09 00:00:00,-3,8,5.068599e-05,106,2021-01-01
2024-09-09 01:00:00,2024-09-09 00:00:00,-2,9,5.068599e-05,107,2021-01-01
2024-09-09 01:00:00,2024-09-09 00:00:00,1,-5,5.0540908e-05,108,2021-01-01
2024-09-09 01:00:00,2024-09-09 00:00:00,0,11,5.043049e-05,109,2021-01-01
2024-09-09 01:00:00,2024-09-09 00:00:00,-3,14,5.0380888e-05,110,2021-01-01
2024-09-09 01:00:00,2024-09-09 00:00:00,1,-3,5.0377053e-05,111,2021-01-01
2024-09-09 01:00:00,2024-09-09 00:00:00,-1,11,5.0203147e-05,112,2021-01-01
2024-09-09 01:00:00,2024-09-09 00:00:00,2,20,5.0081686e-05,113,2021-01-01
2024-09-09 01:00:00,2024-09-09 00:00:00,0,19,5.005612e-05,114,2021-01-01
2024-09-09 01:00:00,2024-09-09 00:00:00,7,11,5.0025672e-05,115,2021-01-01
2024-09-09 01:00:00,2024-09-09 00:00:00,-3,9,4.9948383e-05,116,2021-01-01
2024-09-09 01:00:00,2024-09-09 00:00:00,-2,10,4.9948383e-05,117,2021-01-01
2024-09-09 01:00:00,2024-09-09 00:00:00,-2,8,4.9893915e-05,118,2021-01-01
2024-09-09 01:00:00,2024-09-09 00:00:00,-5,10,4.9637787e-05,119,2021-01-01
2024-09-09 01:00:00,2024-09-09 00:00:00,-1,9,4.9549042e-05,120,2021-01-01
2024-09-09 01:00:00,2024-09-09 00:00:00,0,9,4.9549042e-05,121,2021-01-01
2024-09-09 01:00:00,2024-09-09 00:00:00,1,8,4.9549042e-05,122,2021-01-01
2024-09-09 01:00:00,2024-09-09 00:00:00,2,8,4.9428912e-05,123,2021-01-01
2024-09-09 01:00:00,2024-09-09 00:00:00,-6,8,4.936227e-05,124,2021-01-01
2024-09-09 01:00:00,2024-09-09 00:00:00,-3,15,4.9170423e-05,125,2021-01-01
2024-09-09 01:00:00,2024-09-09 00:00:00,-2,15,4.9170423e-05,126,2021-01-01
2024-09-09 01:00:00,2024-09-09 00:00:00,-3,12,4.8998223e-05,127,2021-01-01
2024-09-09 01:00:00,2024-09-09 00:00:00,0,14,4.8998223e-05,128,2021-01-01
2024-09-09 01:00:00,2024-09-09 00:00:00,0,18,4.8791408e-05,129,2021-01-01
2024-09-09 01:00:00,2024-09-09 00:00:00,-5,9,4.865771e-05,130,2021-01-01
2024-09-09 01:00:00,2024-09-09 00:00:00,-1,13,4.846699e-05,131,2021-01-01
2024-09-09 01:00:00,2024-09-09 00:00:00,-1,15,4.842218e-05,132,2021-01-01
2024-09-09 01:00:00,2024-09-09 00:00:00,-8,6,4.829196e-05,133,2021-01-01
2024-09-09 01:00:00,2024-09-09 00:00:00,-4,8,4.8275728e-05,134,2021-01-01
2024-09-09 01:00:00,2024-09-09 00:00:00,-1,7,4.8190504e-05,135,2021-01-01
2024-09-09 01:00:00,2024-09-09 00:00:00,3,17,4.8003945e-05,136,2021-01-01
2024-09-09 01:00:00,2024-09-09 00:00:00,2,9,4.7755773e-05,137,2021-01-01
2024-09-09 01:00:00,2024-09-09 00:00:00,1,11,4.767258e-05,138,2021-01-01
2024-09-09 01:00:00,2024-09-09 00:00:00,-4,12,4.7628015e-05,139,2021-01-01
2024-09-09 01:00:00,2024-09-09 00:00:00,6,6,4.761166e-05,140,2021-01-01
2024-09-09 01:00:00,2024-09-09 00:00:00,2,7,4.7500547e-05,141,2021-01-01
2024-09-09 01:00:00,2024-09-09 00:00:00,0,1,4.7358033e-05,142,2021-01-01
2024-09-09 01:00:00,2024-09-09 00:00:00,-4,10,4.6989644e-05,143,2021-01-01
2024-09-09 01:00:00,2024-09-09 00:00:00,-3,7,4.68572e-05,144,2021-01-01
2024-09-09 01:00:00,2024-09-09 00:00:00,-3,18,4.6784695e-05,145,2021-01-01
2024-09-09 01:00:00,2024-09-09 00:00:00,-4,5,4.6572604e-05,146,2021-01-01
2024-09-09 01:00:00,2024-09-09 00:00:00,1,2,4.5179706e-05,147,2021-01-01
2024-09-09 01:00:00,2024-09-09 00:00:00,-5,15,4.4573124e-05,148,2021-01-01
2024-09-09 01:00:00,2024-09-09 00:00:00,-5,4,4.4372253e-05,149,2021-01-01
2024-09-09 01:00:00,2024-09-09 00:00:00,-4,17,4.421158e-05,150,2021-01-01
2024-09-09 01:00:00,2024-09-09 00:00:00,-1,3,4.346295e-05,151,2021-01-01
2024-09-09 01:00:00,2024-09-09 00:00:00,-6,15,4.284503e-05,152,2021-01-01
2024-09-09 01:00:00,2024-09-09 00:00:00,-2,3,4.129823e-05,153,2021-01-01
2024-09-09 01:00:00,2024-09-09 00:00:00,4,-6,4.125216e-05,154,2021-01-01
2024-09-09 01:00:00,2024-09-09 00:00:00,5,3,4.0751114e-05,155,2021-01-01
2024-09-09 01:00:00,2024-09-09 00:00:00,10,0,4.0305717e-05,156,2021-01-01
2024-09-09 01:00:00,2024-09-09 00:00:00,9,0,4.023028e-05,157,2021-01-01
2024-09-09 01:00:00,2024-09-09 00:00:00,-4,4,3.9095936e-05,158,2021-01-01
2024-09-09 01:00:00,2024-09-09 00:00:00,1,-7,3.8803573e-05,159,2021-01-01
2024-09-09 01:00:00,2024-09-09 00:00:00,2,-7,3.8803573e-05,160,2021-01-01
2024-09-09 01:00:00,2024-09-09 00:00:00,2,-3,3.847822e-05,161,2021-01-01
2024-09-09 01:00:00,2024-09-09 00:00:00,1,5,3.7053465e-05,162,2021-01-01
2024-09-09 01:00:00,2024-09-09 00:00:00,0,5,3.695955e-05,163,2021-01-01
2024-09-09 01:00:00,2024-09-09 00:00:00,-1,-7,3.6930447e-05,164,2021-01-01
2024-09-09 01:00:00,2024-09-09 00:00:00,-1,-6,3.657729e-05,165,2021-01-01
2024-09-09 01:00:00,2024-09-09 00:00:00,-11,-6,3.6487796e-05,166,2021-01-01
2024-09-09 01:00:00,2024-09-09 00:00:00,6,3,3.6044716e-05,167,2021-01-01
2024-09-09 01:00:00,2024-09-09 00:00:00,9,-2,3.4870587e-05,168,2021-01-01
2024-09-09 01:00:00,2024-09-09 00:00:00,8,0,3.4544446e-05,169,2021-01-01
2024-09-09 01:00:00,2024-09-09 00:00:00,5,2,3.4463632e-05,170,2021-01-01
2024-09-09 01:00:00,2024-09-09 00:00:00,7,-1,3.4307508e-05,171,2021-01-01
2024-09-09 01:00:00,2024-09-09 00:00:00,7,1,3.417179e-05,172,2021-01-01
2024-09-09 01:00:00,2024-09-09 00:00:00,2,-2,3.4103778e-05,173,2021-01-01
2024-09-09 01:00:00,2024-09-09 00:00:00,2,-6,3.386034e-05,174,2021-01-01
2024-09-09 01:00:00,2024-09-09 00:00:00,4,-4,3.2199005e-05,175,2021-01-01
2024-09-09 01:00:00,2024-09-09 00:00:00,3,-3,3.2155698e-05,176,2021-01-01
2024-09-09 01:00:00,2024-09-09 00:00:00,0,-6,3.2089538e-05,177,2021-01-01
2024-09-09 01:00:00,2024-09-09 00:00:00,3,-2,3.1983232e-05,178,2021-01-01
2024-09-09 01:00:00,2024-09-09 00:00:00,3,-1,3.183508e-05,179,2021-01-01
2024-09-09 01:00:00,2024-09-09 00:00:00,8,-3,3.1580323e-05,180,2021-01-01
2024-09-09 01:00:00,2024-09-09 00:00:00,5,-4,3.155702e-05,181,2021-01-01
2024-09-09 01:00:00,2024-09-09 00:00:00,5,-1,3.152477e-05,182,2021-01-01
2024-09-09 01:00:00,2024-09-09 00:00:00,3,0,3.1318512e-05,183,2021-01-01
2024-09-09 01:00:00,2024-09-09 00:00:00,8,-4,3.118515e-05,184,2021-01-01
2024-09-09 01:00:00,2024-09-09 00:00:00,5,-3,3.1075553e-05,185,2021-01-01
2024-09-09 01:00:00,2024-09-09 00:00:00,4,1,2.976936e-05,186,2021-01-01
2024-09-14 00:00:00,2024-09-13 23:00:00,9,1,0.47911534,1,2021-01-01
2024-09-14 00:00:00,2024-09-13 23:00:00,0,0,0.13479923,2,2021-01-01
2024-09-14 00:00:00,2024-09-13 23:00:00,-1,0,0.094849266,3,2021-01-01
2024-09-14 00:00:00,2024-09-13 23:00:00,1,0,0.08159336,4,2021-01-01
2024-09-14 00:00:00,2024-09-13 23:00:00,-2,-3,0.049383327,5,2021-01-01
2024-09-14 00:00:00,2024-09-13 23:00:00,-12,-5,0.044589717,6,2021-01-01
2024-09-14 00:00:00,2024-09-13 23:00:00,-3,-4,0.037677955,7,2021-01-01
2024-09-14 00:00:00,2024-09-13 23:00:00,-2,-4,0.033651873,8,2021-01-01
2024-09-14 00:00:00,2024-09-13 23:00:00,0,-1,0.029085128,9,2021-01-01
2024-09-14 00:00:00,2024-09-13 23:00:00,-11,-5,0.022136355,10,2021-01-01
2024-09-14 00:00:00,2024-09-13 23:00:00,1,-1,0.018067637,11,2021-01-01
2024-09-14 00:00:00,2024-09-13 23:00:00,-2,-1,0.01564093,12,2021-01-01
2024-09-14 00:00:00,2024-09-13 23:00:00,-4,-2,0.0112733655,13,2021-01-01
2024-09-14 00:00:00,2024-09-13 23:00:00,0,17,0.0107213855,14,2021-01-01
2024-09-14 00:00:00,2024-09-13 23:00:00,-1,-1,0.00955409,15,2021-01-01
2024-09-14 00:00:00,2024-09-13 23:00:00,-2,-2,0.007895414,16,2021-01-01
2024-09-14 00:00:00,2024-09-13 23:00:00,-3,-3,0.0057748747,17,2021-01-01
2024-09-14 00:00:00,2024-09-13 23:00:00,-4,-3,0.0052621732,18,2021-01-01
2024-09-14 00:00:00,2024-09-13 23:00:00,6,-4,0.0049517285,19,2021-01-01
2024-09-14 00:00:00,2024-09-13 23:00:00,0,8,0.0046877316,20,2021-01-01
2024-09-14 00:00:00,2024-09-13 23:00:00,-2,0,0.0034342885,21,2021-01-01
2024-09-14 00:00:00,2024-09-13 23:00:00,-5,-2,0.0025439225,22,2021-01-01
2024-09-14 00:00:00,2024-09-13 23:00:00,2,0,0.0016830676,23,2021-01-01
2024-09-14 00:00:00,2024-09-13 23:00:00,6,-3,0.0014209434,24,2021-01-01
2024-09-14 00:00:00,2024-09-13 23:00:00,-3,11,0.0013323311,25,2021-01-01
2024-09-14 00:00:00,2024-09-13 23:00:00,4,-1,0.0009292983,26,2021-01-01
2024-09-14 00:00:00,2024-09-13 23:00:00,0,-2,0.0008069749,27,2021-01-01
2024-09-14 00:00:00,2024-09-13 23:00:00,-5,-1,0.0007863047,28,2021-01-01
2024-09-14 00:00:00,2024-09-13 23:00:00,-1,16,0.00076985004,29,2021-01-01
2024-09-14 00:00:00,2024-09-13 23:00:00,5,-2,0.0007263786,30,2021-01-01
2024-09-14 00:00:00,2024-09-13 23:00:00,2,-1,0.00062420865,31,2021-01-01
2024-09-14 00:00:00,2024-09-13 23:00:00,-2,13,0.0005922049,32,2021-01-01
2024-09-14 00:00:00,2024-09-13 23:00:00,8,1,0.0005529321,33,2021-01-01
2024-09-14 00:00:00,2024-09-13 23:00:00,-9,-1,0.00043722978,34,2021-01-01
2024-09-14 00:00:00,2024-09-13 23:00:00,-4,-1,0.0004117347,35,2021-01-01
2024-09-14 00:00:00,2024-09-13 23:00:00,-1,1,0.0004085415,36,2021-01-01
2024-09-14 00:00:00,2024-09-13 23:00:00,-3,0,0.00039744354,37,2021-01-01
2024-09-14 00:00:00,2024-09-13 23:00:00,2,1,0.00033693027,38,2021-01-01
2024-09-14 00:00:00,2024-09-13 23:00:00,7,-5,0.00031145924,39,2021-01-01
2024-09-14 00:00:00,2024-09-13 23:00:00,-3,-1,0.00028829576,40,2021-01-01
2024-09-14 00:00:00,2024-09-13 23:00:00,-4,0,0.0002528717,41,2021-01-01
2024-09-14 00:00:00,2024-09-13 23:00:00,0,12,0.0002514452,42,2021-01-01
2024-09-14 00:00:00,2024-09-13 23:00:00,-1,-3,0.00024047284,43,2021-01-01
2024-09-14 00:00:00,2024-09-13 23:00:00,1,-2,0.00020680833,44,2021-01-01
2024-09-14 00:00:00,2024-09-13 23:00:00,1,9,0.00019639843,45,2021-01-01
2024-09-14 00:00:00,2024-09-13 23:00:00,-1,-2,0.00019422197,46,2021-01-01
2024-09-14 00:00:00,2024-09-13 23:00:00,-9,-5,0.00019216549,47,2021-01-01
2024-09-14 00:00:00,2024-09-13 23:00:00,-3,13,0.00019023794,48,2021-01-01
2024-09-14 00:00:00,2024-09-13 23:00:00,-4,-4,0.00018161372,49,2021-01-01
2024-09-14 00:00:00,2024-09-13 23:00:00,10,3,0.00017218622,50,2021-01-01
2024-09-14 00:00:00,2024-09-13 23:00:00,3,1,0.00015295166,51,2021-01-01
2024-09-14 00:00:00,2024-09-13 23:00:00,-3,1,0.00015256788,52,2021-01-01
2024-09-14 00:00:00,2024-09-13 23:00:00,-6,4,0.00014080101,53,2021-01-01
2024-09-14 00:00:00,2024-09-13 23:00:00,-1,8,0.00013557037,54,2021-01-01
2024-09-14 00:00:00,2024-09-13 23:00:00,-9,0,0.00013481794,55,2021-01-01
2024-09-14 00:00:00,2024-09-13 23:00:00,-1,6,0.00013092704,56,2021-01-01
2024-09-14 00:00:00,2024-09-13 23:00:00,0,13,0.00013011332,57,2021-01-01
2024-09-14 00:00:00,2024-09-13 23:00:00,-7,1,0.00012852224,58,2021-01-01
2024-09-14 00:00:00,2024-09-13 23:00:00,-10,-3,0.00012400332,59,2021-01-01
2024-09-14 00:00:00,2024-09-13 23:00:00,7,-4,0.00011899103,60,2021-01-01
2024-09-14 00:00:00,2024-09-13 23:00:00,1,6,0.00011872555,61,2021-01-01
2024-09-14 00:00:00,2024-09-13 23:00:00,8,-1,0.0001187036,62,2021-01-01
2024-09-14 00:00:00,2024-09-13 23:00:00,-3,-2,0.00011035152,63,2021-01-01
2024-09-14 00:00:00,2024-09-13 23:00:00,-9,-4,0.000109715234,64,2021-01-01
2024-09-14 00:00:00,2024-09-13 23:00:00,-7,-1,0.0001082879,65,2021-01-01
2024-09-14 00:00:00,2024-09-13 23:00:00,-1,18,0.000103737904,66,2021-01-01
2024-09-14 00:00:00,2024-09-13 23:00:00,-6,1,0.000101899284,67,2021-01-01
2024-09-14 00:00:00,2024-09-13 23:00:00,-10,-4,0.00010133616,68,2021-01-01
2024-09-14 00:00:00,2024-09-13 23:00:00,1,1,9.415919e-05,69,2021-01-01
2024-09-14 00:00:00,2024-09-13 23:00:00,7,4,9.07835e-05,70,2021-01-01
2024-09-14 00:00:00,2024-09-13 23:00:00,0,1,8.901269e-05,71,2021-01-01
2024-09-14 00:00:00,2024-09-13 23:00:00,-10,10,8.833438e-05,72,2021-01-01
2024-09-14 00:00:00,2024-09-13 23:00:00,0,-5,8.58537e-05,73,2021-01-01
2024-09-14 00:00:00,2024-09-13 23:00:00,1,-5,8.322301e-05,74,2021-01-01
2024-09-14 00:00:00,2024-09-13 23:00:00,6,11,8.234791e-05,75,2021-01-01
2024-09-14 00:00:00,2024-09-13 23:00:00,-1,-4,8.128808e-05,76,2021-01-01
2024-09-14 00:00:00,2024-09-13 23:00:00,0,-3,7.893501e-05,77,2021-01-01
2024-09-14 00:00:00,2024-09-13 23:00:00,-2,-5,7.762759e-05,78,2021-01-01
2024-09-14 00:00:00,2024-09-13 23:00:00,7,11,7.687047e-05,79,2021-01-01
2024-09-14 00:00:00,2024-09-13 23:00:00,1,2,7.6633274e-05,80,2021-01-01
2024-09-14 00:00:00,2024-09-13 23:00:00,1,-3,7.366771e-05,81,2021-01-01
2024-09-14 00:00:00,2024-09-13 23:00:00,-1,11,7.28378e-05,82,2021-01-01
2024-09-14 00:00:00,2024-09-13 23:00:00,2,9,7.130999e-05,83,2021-01-01
2024-09-14 00:00:00,2024-09-13 23:00:00,4,-4,7.025808e-05,84,2021-01-01
2024-09-14 00:00:00,2024-09-13 23:00:00,3,0,7.025176e-05,85,2021-01-01
2024-09-14 00:00:00,2024-09-13 23:00:00,2,-6,6.8991365e-05,86,2021-01-01
2024-09-14 00:00:00,2024-09-13 23:00:00,2,8,6.8322835e-05,87,2021-01-01
2024-09-14 00:00:00,2024-09-13 23:00:00,-1,5,6.811892e-05,88,2021-01-01
2024-09-14 00:00:00,2024-09-13 23:00:00,-2,1,6.7152396e-05,89,2021-01-01
2024-09-14 00:00:00,2024-09-13 23:00:00,5,-3,6.712504e-05,90,2021-01-01
2024-09-14 00:00:00,2024-09-13 23:00:00,-1,15,6.6709465e-05,91,2021-01-01
2024-09-14 00:00:00,2024-09-13 23:00:00,3,-1,6.664848e-05,92,2021-01-01
2024-09-14 00:00:00,2024-09-13 23:00:00,0,-6,6.629638e-05,93,2021-01-01
2024-09-14 00:00:00,2024-09-13 23:00:00,3,-3,6.540951e-05,94,2021-01-01
2024-09-14 00:00:00,2024-09-13 23:00:00,-1,2,6.512312e-05,95,2021-01-01
2024-09-14 00:00:00,2024-09-13 23:00:00,1,8,6.49645e-05,96,2021-01-01
2024-09-14 00:00:00,2024-09-13 23:00:00,-5,-3,6.486549e-05,97,2021-01-01
2024-09-14 00:00:00,2024-09-13 23:00:00,3,-2,6.451987e-05,98,2021-01-01
2024-09-14 00:00:00,2024-09-13 23:00:00,9,2,6.450053e-05,99,2021-01-01
2024-09-14 00:00:00,2024-09-13 23:00:00,2,-3,6.430954e-05,100,2021-01-01
2024-09-14 00:00:00,2024-09-13 23:00:00,0,9,6.356346e-05,101,2021-01-01
2024-09-14 00:00:00,2024-09-13 23:00:00,5,-1,6.249131e-05,102,2021-01-01
2024-09-14 00:00:00,2024-09-13 23:00:00,-2,15,6.2486266e-05,103,2021-01-01
2024-09-14 00:00:00,2024-09-13 23:00:00,1,11,6.1969586e-05,104,2021-01-01
2024-09-14 00:00:00,2024-09-13 23:00:00,5,-4,6.154052e-05,105,2021-01-01
2024-09-14 00:00:00,2024-09-13 23:00:00,3,17,6.09352e-05,106,2021-01-01
2024-09-14 00:00:00,2024-09-13 23:00:00,-4,19,6.057679e-05,107,2021-01-01
2024-09-14 00:00:00,2024-09-13 23:00:00,4,14,5.9683927e-05,108,2021-01-01
2024-09-14 00:00:00,2024-09-13 23:00:00,-5,-4,5.9201422e-05,109,2021-01-01
2024-09-14 00:00:00,2024-09-13 23:00:00,10,-1,5.8978007e-05,110,2021-01-01
2024-09-14 00:00:00,2024-09-13 23:00:00,0,11,5.8860827e-05,111,2021-01-01
2024-09-14 00:00:00,2024-09-13 23:00:00,-4,5,5.8693287e-05,112,2021-01-01
2024-09-14 00:00:00,2024-09-13 23:00:00,2,-2,5.8606103e-05,113,2021-01-01
2024-09-14 00:00:00,2024-09-13 23:00:00,-2,9,5.8080797e-05,114,2021-01-01
2024-09-14 00:00:00,2024-09-13 23:00:00,4,-6,5.781022e-05,115,2021-01-01
2024-09-14 00:00:00,2024-09-13 23:00:00,-3,7,5.732916e-05,116,2021-01-01
2024-09-14 00:00:00,2024-09-13 23:00:00,10,5,5.6179775e-05,117,2021-01-01
2024-09-14 00:00:00,2024-09-13 23:00:00,5,3,5.61109e-05,118,2021-01-01
2024-09-14 00:00:00,2024-09-13 23:00:00,-11,-6,5.5971308e-05,119,2021-01-01
2024-09-14 00:00:00,2024-09-13 23:00:00,2,20,5.5946013e-05,120,2021-01-01
2024-09-14 00:00:00,2024-09-13 23:00:00,1,19,5.5749144e-05,121,2021-01-01
2024-09-14 00:00:00,2024-09-13 23:00:00,1,20,5.5464934e-05,122,2021-01-01
2024-09-14 00:00:00,2024-09-13 23:00:00,4,1,5.4957723e-05,123,2021-01-01
2024-09-14 00:00:00,2024-09-13 23:00:00,-3,2,5.4487795e-05,124,2021-01-01
2024-09-14 00:00:00,2024-09-13 23:00:00,7,1,5.4165033e-05,125,2021-01-01
2024-09-14 00:00:00,2024-09-13 23:00:00,-4,17,5.3831867e-05,126,2021-01-01
2024-09-14 00:00:00,2024-09-13 23:00:00,-3,18,5.3331063e-05,127,2021-01-01
2024-09-14 00:00:00,2024-09-13 23:00:00,6,3,5.32915e-05,128,2021-01-01
2024-09-14 00:00:00,2024-09-13 23:00:00,9,-2,5.324213e-05,129,2021-01-01
2024-09-14 00:00:00,2024-09-13 23:00:00,-1,13,5.285147e-05,130,2021-01-01
2024-09-14 00:00:00,2024-09-13 23:00:00,-4,-5,5.279837e-05,131,2021-01-01
2024-09-14 00:00:00,2024-09-13 23:00:00,-1,3,5.27114e-05,132,2021-01-01
2024-09-14 00:00:00,2024-09-13 23:00:00,8,0,5.262224e-05,133,2021-01-01
2024-09-14 00:00:00,2024-09-13 23:00:00,-10,8,5.2604537e-05,134,2021-01-01
2024-09-14 00:00:00,2024-09-13 23:00:00,1,-7,5.1913095e-05,135,2021-01-01
2024-09-14 00:00:00,2024-09-13 23:00:00,2,-7,5.1913095e-05,136,2021-01-01
2024-09-14 00:00:00,2024-09-13 23:00:00,-1,7,5.1584957e-05,137,2021-01-01
2024-09-14 00:00:00,2024-09-13 23:00:00,0,19,5.12813e-05,138,2021-01-01
2024-09-14 00:00:00,2024-09-13 23:00:00,5,2,5.116718e-05,139,2021-01-01
2024-09-14 00:00:00,2024-09-13 23:00:00,-1,9,5.094291e-05,140,2021-01-01
2024-09-14 00:00:00,2024-09-13 23:00:00,-1,-6,5.0779618e-05,141,2021-01-01
2024-09-14 00:00:00,2024-09-13 23:00:00,8,-4,5.0320432e-05,142,2021-01-01
2024-09-14 00:00:00,2024-09-13 23:00:00,-5,4,4.996303e-05,143,2021-01-01
2024-09-14 00:00:00,2024-09-13 23:00:00,8,-3,4.933412e-05,144,2021-01-01
2024-09-14 00:00:00,2024-09-13 23:00:00,7,-1,4.8846352e-05,145,2021-01-01
2024-09-14 00:00:00,2024-09-13 23:00:00,9,0,4.8777267e-05,146,2021-01-01
2024-09-14 00:00:00,2024-09-13 23:00:00,0,14,4.8466274e-05,147,2021-01-01
2024-09-14 00:00:00,2024-09-13 23:00:00,6,5,4.7639216e-05,148,2021-01-01
2024-09-14 00:00:00,2024-09-13 23:00:00,0,18,4.752021e-05,149,2021-01-01
2024-09-14 00:00:00,2024-09-13 23:00:00,-4,4,4.655615e-05,150,2021-01-01
2024-09-14 00:00:00,2024-09-13 23:00:00,-1,-7,4.63949e-05,151,2021-01-01
2024-09-14 00:00:00,2024-09-13 23:00:00,-2,3,4.6268597e-05,152,2021-01-01
2024-09-14 00:00:00,2024-09-13 23:00:00,-2,16,4.6048637e-05,153,2021-01-01
2024-09-14 00:00:00,2024-09-13 23:00:00,-9,6,4.4795423e-05,154,2021-01-01
2024-09-14 00:00:00,2024-09-13 23:00:00,9,3,4.4497214e-05,155,2021-01-01
2024-09-14 00:00:00,2024-09-13 23:00:00,-6,8,4.400403e-05,156,2021-01-01
2024-09-14 00:00:00,2024-09-13 23:00:00,-4,10,4.18971e-05,157,2021-01-01
2024-09-14 00:00:00,2024-09-13 23:00:00,-3,12,4.184003e-05,158,2021-01-01
2024-09-14 00:00:00,2024-09-13 23:00:00,-2,10,4.1468087e-05,159,2021-01-01
2024-09-14 00:00:00,2024-09-13 23:00:00,-3,9,4.11303e-05,160,2021-01-01
2024-09-14 00:00:00,2024-09-13 23:00:00,-4,12,4.1093717e-05,161,2021-01-01
2024-09-14 00:00:00,2024-09-13 23:00:00,-5,2,4.0116647e-05,162,2021-01-01
2024-09-14 00:00:00,2024-09-13 23:00:00,-5,11,3.9808558e-05,163,2021-01-01
2024-09-14 00:00:00,2024-09-13 23:00:00,-3,8,3.967068e-05,164,2021-01-01
2024-09-14 00:00:00,2024-09-13 23:00:00,-3,14,3.953506e-05,165,2021-01-01
2024-09-14 00:00:00,2024-09-13 23:00:00,-4,8,3.9439736e-05,166,2021-01-01
2024-09-14 00:00:00,2024-09-13 23:00:00,-2,11,3.919793e-05,167,2021-01-01
2024-09-14 00:00:00,2024-09-13 23:00:00,-5,10,3.892941e-05,168,2021-01-01
2024-09-14 00:00:00,2024-09-13 23:00:00,-5,9,3.8840597e-05,169,2021-01-01
2024-09-14 00:00:00,2024-09-13 23:00:00,2,7,3.8447037e-05,170,2021-01-01
2024-09-14 00:00:00,2024-09-13 23:00:00,-5,15,3.824153e-05,171,2021-01-01
2024-09-14 00:00:00,2024-09-13 23:00:00,6,6,3.797281e-05,172,2021-01-01
2024-09-14 00:00:00,2024-09-13 23:00:00,-2,8,3.7144022e-05,173,2021-01-01
2024-09-14 00:00:00,2024-09-13 23:00:00,-3,15,3.6826503e-05,174,2021-01-01
2024-09-14 00:00:00,2024-09-13 23:00:00,-6,15,3.6721885e-05,175,2021-01-01
2024-09-14 00:00:00,2024-09-13 23:00:00,1,5,3.644062e-05,176,2021-01-01
2024-09-14 00:00:00,2024-09-13 23:00:00,-8,6,3.615649e-05,177,2021-01-01
2024-09-14 00:00:00,2024-09-13 23:00:00,-5,-5,3.3300385e-05,178,2021-01-01
2024-09-14 00:00:00,2024-09-13 23:00:00,-4,2,3.2646083e-05,179,2021-01-01
2024-09-14 00:00:00,2024-09-13 23:00:00,-5,0,3.2144075e-05,180,2021-01-01
2024-09-14 00:00:00,2024-09-13 23:00:00,-6,-2,3.1653108e-05,181,2021-01-01
2024-09-14 00:00:00,2024-09-13 23:00:00,0,5,2.989761e-05,182,2021-01-01
2024-09-14 00:00:00,2024-09-13 23:00:00,-6,-3,2.9645389e-05,183,2021-01-01
2024-09-14 00:00:00,2024-09-13 23:00:00,10,0,2.937958e-05,184,2021-01-01
2024-09-14 00:00:00,2024-09-13 23:00:00,-4,3,2.787138e-05,185,2021-01-01
2024-09-14 00:00:00,2024-09-13 23:00:00,-5,1,2.7706687e-05,186,2021-01-01
2025-08-08 23:00:00,2025-08-08 22:00:00,9,1,0.37749377,1,2021-01-01
2025-08-08 23:00:00,2025-08-08 22:00:00,0,0,0.31875113,2,2021-01-01
2025-08-08 23:00:00,2025-08-08 22:00:00,-4,-3,0.15717788,3,2021-01-01
2025-08-08 23:00:00,2025-08-08 22:00:00,-1,0,0.15300293,4,2021-01-01
2025-08-08 23:00:00,2025-08-08 22:00:00,3,-1,0.11701036,5,2021-01-01
2025-08-08 23:00:00,2025-08-08 22:00:00,-2,-3,0.09539854,6,2021-01-01
2025-08-08 23:00:00,2025-08-08 22:00:00,-12,-5,0.07805393,7,2021-01-01
2025-08-08 23:00:00,2025-08-08 22:00:00,1,0,0.07455435,8,2021-01-01
2025-08-08 23:00:00,2025-08-08 22:00:00,-11,-5,0.06791226,9,2021-01-01
2025-08-08 23:00:00,2025-08-08 22:00:00,1,-1,0.06283454,10,2021-01-01
2025-08-08 23:00:00,2025-08-08 22:00:00,3,-2,0.054968506,11,2021-01-01
2025-08-08 23:00:00,2025-08-08 22:00:00,0,-1,0.041148156,12,2021-01-01
2025-08-08 23:00:00,2025-08-08 22:00:00,2,0,0.038874608,13,2021-01-01
2025-08-08 23:00:00,2025-08-08 22:00:00,-2,-2,0.029649904,14,2021-01-01
2025-08-08 23:00:00,2025-08-08 22:00:00,-2,-4,0.025938502,15,2021-01-01
2025-08-08 23:00:00,2025-08-08 22:00:00,-4,-2,0.025073089,16,2021-01-01
2025-08-08 23:00:00,2025-08-08 22:00:00,-1,-3,0.020537145,17,2021-01-01
2025-08-08 23:00:00,2025-08-08 22:00:00,-2,0,0.016410626,18,2021-01-01
2025-08-08 23:00:00,2025-08-08 22:00:00,-1,-1,0.013575378,19,2021-01-01
2025-08-08 23:00:00,2025-08-08 22:00:00,-5,-2,0.011903919,20,2021-01-01
2025-08-08 23:00:00,2025-08-08 22:00:00,-10,-3,0.010572531,21,2021-01-01
2025-08-08 23:00:00,2025-08-08 22:00:00,-3,-3,0.007150465,22,2021-01-01
2025-08-08 23:00:00,2025-08-08 22:00:00,-4,4,0.006318008,23,2021-01-01
2025-08-08 23:00:00,2025-08-08 22:00:00,-3,-2,0.006179852,24,2021-01-01
2025-08-08 23:00:00,2025-08-08 22:00:00,-3,-4,0.005238457,25,2021-01-01
2025-08-08 23:00:00,2025-08-08 22:00:00,0,8,0.0039044109,26,2021-01-01
2025-08-08 23:00:00,2025-08-08 22:00:00,-2,-1,0.0034209276,27,2021-01-01
2025-08-08 23:00:00,2025-08-08 22:00:00,0,12,0.003291719,28,2021-01-01
2025-08-08 23:00:00,2025-08-08 22:00:00,0,17,0.0028241787,29,2021-01-01
2025-08-08 23:00:00,2025-08-08 22:00:00,7,-4,0.0019608105,30,2021-01-01
2025-08-08 23:00:00,2025-08-08 22:00:00,0,-2,0.0018893272,31,2021-01-01
2025-08-08 23:00:00,2025-08-08 22:00:00,-3,1,0.0017603437,32,2021-01-01
2025-08-08 23:00:00,2025-08-08 22:00:00,-3,13,0.001679238,33,2021-01-01
2025-08-08 23:00:00,2025-08-08 22:00:00,-5,-1,0.0007695723,34,2021-01-01
2025-08-08 23:00:00,2025-08-08 22:00:00,6,-3,0.00064821873,35,2021-01-01
2025-08-08 23:00:00,2025-08-08 22:00:00,-6,4,0.00055370486,36,2021-01-01
2025-08-08 23:00:00,2025-08-08 22:00:00,9,3,0.00046448607,37,2021-01-01
2025-08-08 23:00:00,2025-08-08 22:00:00,-3,-1,0.00044912353,38,2021-01-01
2025-08-08 23:00:00,2025-08-08 22:00:00,-9,0,0.0004072364,39,2021-01-01
2025-08-08 23:00:00,2025-08-08 22:00:00,6,-4,0.00040334044,40,2021-01-01
2025-08-08 23:00:00,2025-08-08 22:00:00,-1,16,0.0004033322,41,2021-01-01
2025-08-08 23:00:00,2025-08-08 22:00:00,-4,-1,0.00036374558,42,2021-01-01
2025-08-08 23:00:00,2025-08-08 22:00:00,0,1,0.00033628437,43,2021-01-01
2025-08-08 23:00:00,2025-08-08 22:00:00,9,2,0.00033180727,44,2021-01-01
2025-08-08 23:00:00,2025-08-08 22:00:00,3,0,0.0002950014,45,2021-01-01
2025-08-08 23:00:00,2025-08-08 22:00:00,-10,-4,0.0002623281,46,2021-01-01
2025-08-08 23:00:00,2025-08-08 22:00:00,0,13,0.00023535757,47,2021-01-01
2025-08-08 23:00:00,2025-08-08 22:00:00,-1,-2,0.00023265321,48,2021-01-01
2025-08-08 23:00:00,2025-08-08 22:00:00,-2,13,0.00022287166,49,2021-01-01
2025-08-08 23:00:00,2025-08-08 22:00:00,4,-1,0.00022273802,50,2021-01-01
2025-08-08 23:00:00,2025-08-08 22:00:00,-2,16,0.00022120534,51,2021-01-01
2025-08-08 23:00:00,2025-08-08 22:00:00,-3,11,0.00021818241,52,2021-01-01
2025-08-08 23:00:00,2025-08-08 22:00:00,-1,15,0.00020877074,53,2021-01-01
2025-08-08 23:00:00,2025-08-08 22:00:00,-11,-6,0.00019777492,54,2021-01-01
2025-08-08 23:00:00,2025-08-08 22:00:00,7,4,0.00019658399,55,2021-01-01
2025-08-08 23:00:00,2025-08-08 22:00:00,1,8,0.00018863159,56,2021-01-01
2025-08-08 23:00:00,2025-08-08 22:00:00,-9,-1,0.00018462828,57,2021-01-01
2025-08-08 23:00:00,2025-08-08 22:00:00,-3,8,0.0001811817,58,2021-01-01
2025-08-08 23:00:00,2025-08-08 22:00:00,-1,-4,0.0001787879,59,2021-01-01
2025-08-08 23:00:00,2025-08-08 22:00:00,8,0,0.00017712008,60,2021-01-01
2025-08-08 23:00:00,2025-08-08 22:00:00,-7,-1,0.00017431717,61,2021-01-01
2025-08-08 23:00:00,2025-08-08 22:00:00,-7,1,0.00017228222,62,2021-01-01
2025-08-08 23:00:00,2025-08-08 22:00:00,10,5,0.000169579,63,2021-01-01
2025-08-08 23:00:00,2025-08-08 22:00:00,8,1,0.00016859865,64,2021-01-01
2025-08-08 23:00:00,2025-08-08 22:00:00,-6,1,0.0001679343,65,2021-01-01
2025-08-08 23:00:00,2025-08-08 22:00:00,-5,0,0.00016727559,66,2021-01-01
2025-08-08 23:00:00,2025-08-08 22:00:00,-1,7,0.00016671066,67,2021-01-01
2025-08-08 23:00:00,2025-08-08 22:00:00,2,-1,0.00016344753,68,2021-01-01
2025-08-08 23:00:00,2025-08-08 22:00:00,-4,0,0.00014381316,69,2021-01-01
2025-08-08 23:00:00,2025-08-08 22:00:00,-5,1,0.00013675087,70,2021-01-01
2025-08-08 23:00:00,2025-08-08 22:00:00,-6,-2,0.00013429942,71,2021-01-01
2025-08-08 23:00:00,2025-08-08 22:00:00,10,3,0.00013103227,72,2021-01-01
2025-08-08 23:00:00,2025-08-08 22:00:00,6,5,0.00013081795,73,2021-01-01
2025-08-08 23:00:00,2025-08-08 22:00:00,-9,-4,0.00012724198,74,2021-01-01
2025-08-08 23:00:00,2025-08-08 22:00:00,2,1,0.00012618558,75,2021-01-01
2025-08-08 23:00:00,2025-08-08 22:00:00,-6,-3,0.00012525982,76,2021-01-01
2025-08-08 23:00:00,2025-08-08 22:00:00,1,1,0.00012424856,77,2021-01-01
2025-08-08 23:00:00,2025-08-08 22:00:00,5,-1,0.0001211165,78,2021-01-01
2025-08-08 23:00:00,2025-08-08 22:00:00,-4,-4,0.00012038499,79,2021-01-01
2025-08-08 23:00:00,2025-08-08 22:00:00,-3,0,0.00012008336,80,2021-01-01
2025-08-08 23:00:00,2025-08-08 22:00:00,-1,13,0.00011963033,81,2021-01-01
2025-08-08 23:00:00,2025-08-08 22:00:00,0,11,0.00011963033,82,2021-01-01
2025-08-08 23:00:00,2025-08-08 22:00:00,6,11,0.00011685435,83,2021-01-01
2025-08-08 23:00:00,2025-08-08 22:00:00,-3,14,0.000114502625,84,2021-01-01
2025-08-08 23:00:00,2025-08-08 22:00:00,-2,15,0.00011435858,85,2021-01-01
2025-08-08 23:00:00,2025-08-08 22:00:00,1,11,0.00011396572,86,2021-01-01
2025-08-08 23:00:00,2025-08-08 22:00:00,-1,11,0.000113893744,87,2021-01-01
2025-08-08 23:00:00,2025-08-08 22:00:00,-2,11,0.00011255618,88,2021-01-01
2025-08-08 23:00:00,2025-08-08 22:00:00,0,14,0.000112133515,89,2021-01-01
2025-08-08 23:00:00,2025-08-08 22:00:00,5,-2,0.00011192679,90,2021-01-01
2025-08-08 23:00:00,2025-08-08 22:00:00,2,9,0.00011126985,91,2021-01-01
2025-08-08 23:00:00,2025-08-08 22:00:00,-3,12,0.00011116733,92,2021-01-01
2025-08-08 23:00:00,2025-08-08 22:00:00,7,11,0.00011050092,93,2021-01-01
2025-08-08 23:00:00,2025-08-08 22:00:00,-3,2,0.00011024365,94,2021-01-01
2025-08-08 23:00:00,2025-08-08 22:00:00,-3,15,0.00011014269,95,2021-01-01
2025-08-08 23:00:00,2025-08-08 22:00:00,-5,-3,0.00010975774,96,2021-01-01
2025-08-08 23:00:00,2025-08-08 22:00:00,-3,9,0.0001094233,97,2021-01-01
2025-08-08 23:00:00,2025-08-08 22:00:00,-4,12,0.00010925119,98,2021-01-01
2025-08-08 23:00:00,2025-08-08 22:00:00,4,14,0.00010860836,99,2021-01-01
2025-08-08 23:00:00,2025-08-08 22:00:00,-5,2,0.00010742049,100,2021-01-01
2025-08-08 23:00:00,2025-08-08 22:00:00,-2,10,0.00010709977,101,2021-01-01
2025-08-08 23:00:00,2025-08-08 22:00:00,-4,2,0.000106852785,102,2021-01-01
2025-08-08 23:00:00,2025-08-08 22:00:00,1,-2,0.000106651154,103,2021-01-01
2025-08-08 23:00:00,2025-08-08 22:00:00,-5,11,0.00010660834,104,2021-01-01
2025-08-08 23:00:00,2025-08-08 22:00:00,3,17,0.00010605172,105,2021-01-01
2025-08-08 23:00:00,2025-08-08 22:00:00,1,9,0.000105653024,106,2021-01-01
2025-08-08 23:00:00,2025-08-08 22:00:00,10,0,0.000105399326,107,2021-01-01
2025-08-08 23:00:00,2025-08-08 22:00:00,-10,10,0.0001052093,108,2021-01-01
2025-08-08 23:00:00,2025-08-08 22:00:00,8,-3,0.00010507426,109,2021-01-01
2025-08-08 23:00:00,2025-08-08 22:00:00,-1,2,0.000104797735,110,2021-01-01
2025-08-08 23:00:00,2025-08-08 22:00:00,-5,-5,0.00010362843,111,2021-01-01
2025-08-08 23:00:00,2025-08-08 22:00:00,1,19,0.000103198014,112,2021-01-01
2025-08-08 23:00:00,2025-08-08 22:00:00,2,8,0.00010170633,113,2021-01-01
2025-08-08 23:00:00,2025-08-08 22:00:00,-4,10,0.00010103278,114,2021-01-01
2025-08-08 23:00:00,2025-08-08 22:00:00,-1,-7,0.0001004588,115,2021-01-01
2025-08-08 23:00:00,2025-08-08 22:00:00,-2,9,0.000100289624,116,2021-01-01
2025-08-08 23:00:00,2025-08-08 22:00:00,9,-2,9.987376e-05,117,2021-01-01
2025-08-08 23:00:00,2025-08-08 22:00:00,1,20,9.9860044e-05,118,2021-01-01
2025-08-08 23:00:00,2025-08-08 22:00:00,-6,8,9.979672e-05,119,2021-01-01
2025-08-08 23:00:00,2025-08-08 22:00:00,1,2,9.9395074e-05,120,2021-01-01
2025-08-08 23:00:00,2025-08-08 22:00:00,-5,10,9.916714e-05,121,2021-01-01
2025-08-08 23:00:00,2025-08-08 22:00:00,9,0,9.869101e-05,122,2021-01-01
2025-08-08 23:00:00,2025-08-08 22:00:00,-5,9,9.859801e-05,123,2021-01-01
2025-08-08 23:00:00,2025-08-08 22:00:00,-9,-5,9.846748e-05,124,2021-01-01
2025-08-08 23:00:00,2025-08-08 22:00:00,-10,8,9.809498e-05,125,2021-01-01
2025-08-08 23:00:00,2025-08-08 22:00:00,-5,15,9.758947e-05,126,2021-01-01
2025-08-08 23:00:00,2025-08-08 22:00:00,-3,18,9.7587734e-05,127,2021-01-01
2025-08-08 23:00:00,2025-08-08 22:00:00,0,18,9.747387e-05,128,2021-01-01
2025-08-08 23:00:00,2025-08-08 22:00:00,0,9,9.7454315e-05,129,2021-01-01
2025-08-08 23:00:00,2025-08-08 22:00:00,-4,19,9.7355456e-05,130,2021-01-01
2025-08-08 23:00:00,2025-08-08 22:00:00,3,1,9.687177e-05,131,2021-01-01
2025-08-08 23:00:00,2025-08-08 22:00:00,-1,9,9.6511765e-05,132,2021-01-01
2025-08-08 23:00:00,2025-08-08 22:00:00,2,20,9.639435e-05,133,2021-01-01
2025-08-08 23:00:00,2025-08-08 22:00:00,0,19,9.5888834e-05,134,2021-01-01
2025-08-08 23:00:00,2025-08-08 22:00:00,-1,8,9.4687945e-05,135,2021-01-01
2025-08-08 23:00:00,2025-08-08 22:00:00,-4,8,9.433264e-05,136,2021-01-01
2025-08-08 23:00:00,2025-08-08 22:00:00,-1,18,9.4167546e-05,137,2021-01-01
2025-08-08 23:00:00,2025-08-08 22:00:00,-4,17,9.278891e-05,138,2021-01-01
2025-08-08 23:00:00,2025-08-08 22:00:00,-9,6,9.258499e-05,139,2021-01-01
2025-08-08 23:00:00,2025-08-08 22:00:00,-6,15,9.224887e-05,140,2021-01-01
2025-08-08 23:00:00,2025-08-08 22:00:00,2,-2,9.209727e-05,141,2021-01-01
2025-08-08 23:00:00,2025-08-08 22:00:00,-5,-4,9.1906906e-05,142,2021-01-01
2025-08-08 23:00:00,2025-08-08 22:00:00,7,1,9.167022e-05,143,2021-01-01
2025-08-08 23:00:00,2025-08-08 22:00:00,8,-1,9.143141e-05,144,2021-01-01
2025-08-08 23:00:00,2025-08-08 22:00:00,2,7,9.09307e-05,145,2021-01-01
2025-08-08 23:00:00,2025-08-08 22:00:00,7,-5,8.979723e-05,146,2021-01-01
2025-08-08 23:00:00,2025-08-08 22:00:00,7,-1,8.9614856e-05,147,2021-01-01
2025-08-08 23:00:00,2025-08-08 22:00:00,-1,3,8.947022e-05,148,2021-01-01
2025-08-08 23:00:00,2025-08-08 22:00:00,6,6,8.93851e-05,149,2021-01-01
2025-08-08 23:00:00,2025-08-08 22:00:00,-2,8,8.7213055e-05,150,2021-01-01
2025-08-08 23:00:00,2025-08-08 22:00:00,10,-1,8.533354e-05,151,2021-01-01
2025-08-08 23:00:00,2025-08-08 22:00:00,-1,1,8.532123e-05,152,2021-01-01
2025-08-08 23:00:00,2025-08-08 22:00:00,-8,6,8.523855e-05,153,2021-01-01
2025-08-08 23:00:00,2025-08-08 22:00:00,-2,3,8.407713e-05,154,2021-01-01
2025-08-08 23:00:00,2025-08-08 22:00:00,6,3,8.325873e-05,155,2021-01-01
2025-08-08 23:00:00,2025-08-08 22:00:00,-3,7,8.325358e-05,156,2021-01-01
2025-08-08 23:00:00,2025-08-08 22:00:00,-4,3,8.23158e-05,157,2021-01-01
2025-08-08 23:00:00,2025-08-08 22:00:00,5,2,8.150351e-05,158,2021-01-01
2025-08-08 23:00:00,2025-08-08 22:00:00,-2,1,7.999378e-05,159,2021-01-01
2025-08-08 23:00:00,2025-08-08 22:00:00,5,3,7.9598765e-05,160,2021-01-01
2025-08-08 23:00:00,2025-08-08 22:00:00,-4,-5,7.885018e-05,161,2021-01-01
2025-08-08 23:00:00,2025-08-08 22:00:00,4,1,7.788689e-05,162,2021-01-01
2025-08-08 23:00:00,2025-08-08 22:00:00,-1,6,7.717907e-05,163,2021-01-01
2025-08-08 23:00:00,2025-08-08 22:00:00,0,-3,7.67244e-05,164,2021-01-01
2025-08-08 23:00:00,2025-08-08 22:00:00,1,6,7.564487e-05,165,2021-01-01
2025-08-08 23:00:00,2025-08-08 22:00:00,1,5,7.5222364e-05,166,2021-01-01
2025-08-08 23:00:00,2025-08-08 22:00:00,-4,5,7.428541e-05,167,2021-01-01
2025-08-08 23:00:00,2025-08-08 22:00:00,0,5,7.4276475e-05,168,2021-01-01
2025-08-08 23:00:00,2025-08-08 22:00:00,1,-3,7.340575e-05,169,2021-01-01
2025-08-08 23:00:00,2025-08-08 22:00:00,-1,5,7.2366856e-05,170,2021-01-01
2025-08-08 23:00:00,2025-08-08 22:00:00,0,-5,7.148963e-05,171,2021-01-01
2025-08-08 23:00:00,2025-08-08 22:00:00,1,-5,6.868973e-05,172,2021-01-01
2025-08-08 23:00:00,2025-08-08 22:00:00,-5,4,6.696381e-05,173,2021-01-01
2025-08-08 23:00:00,2025-08-08 22:00:00,-2,-5,6.3436644e-05,174,2021-01-01
2025-08-08 23:00:00,2025-08-08 22:00:00,3,-3,5.8599715e-05,175,2021-01-01
2025-08-08 23:00:00,2025-08-08 22:00:00,4,-6,5.5957426e-05,176,2021-01-01
2025-08-08 23:00:00,2025-08-08 22:00:00,2,-3,5.3082895e-05,177,2021-01-01
2025-08-08 23:00:00,2025-08-08 22:00:00,2,-7,5.2433435e-05,178,2021-01-01
2025-08-08 23:00:00,2025-08-08 22:00:00,5,-4,5.007577e-05,179,2021-01-01
2025-08-08 23:00:00,2025-08-08 22:00:00,5,-3,4.8685946e-05,180,2021-01-01
2025-08-08 23:00:00,2025-08-08 22:00:00,8,-4,4.8575548e-05,181,2021-01-01
2025-08-08 23:00:00,2025-08-08 22:00:00,1,-7,4.5833192e-05,182,2021-01-01
2025-08-08 23:00:00,2025-08-08 22:00:00,4,-4,4.4465356e-05,183,2021-01-01
2025-08-08 23:00:00,2025-08-08 22:00:00,2,-6,4.1690135e-05,184,2021-01-01
2025-08-08 23:00:00,2025-08-08 22:00:00,-1,-6,4.1075633e-05,185,2021-01-01
2025-08-08 23:00:00,2025-08-08 22:00:00,0,-6,4.016786e-05,186,2021-01-01
2025-08-28 22:00:00,2025-08-28 21:00:00,9,1,0.23311932,1,2021-01-01
2025-08-28 22:00:00,2025-08-28 21:00:00,-2,-3,0.23064363,2,2021-01-01
2025-08-28 22:00:00,2025-08-28 21:00:00,-4,-3,0.17549436,3,2021-01-01
2025-08-28 22:00:00,2025-08-28 21:00:00,-11,-5,0.12424364,4,2021-01-01
2025-08-28 22:00:00,2025-08-28 21:00:00,-1,0,0.105005294,5,2021-01-01
2025-08-28 22:00:00,2025-08-28 21:00:00,1,-1,0.07703737,6,2021-01-01
2025-08-28 22:00:00,2025-08-28 21:00:00,0,-1,0.059523225,7,2021-01-01
2025-08-28 22:00:00,2025-08-28 21:00:00,0,0,0.05049002,8,2021-01-01
2025-08-28 22:00:00,2025-08-28 21:00:00,3,-1,0.034737404,9,2021-01-01
2025-08-28 22:00:00,2025-08-28 21:00:00,-2,-2,0.023779875,10,2021-01-01
2025-08-28 22:00:00,2025-08-28 21:00:00,-1,-1,0.017223531,11,2021-01-01
2025-08-28 22:00:00,2025-08-28 21:00:00,-1,-3,0.016405761,12,2021-01-01
2025-08-28 22:00:00,2025-08-28 21:00:00,6,-3,0.012024681,13,2021-01-01
2025-08-28 22:00:00,2025-08-28 21:00:00,-3,-3,0.011317834,14,2021-01-01
2025-08-28 22:00:00,2025-08-28 21:00:00,-5,-2,0.010888771,15,2021-01-01
2025-08-28 22:00:00,2025-08-28 21:00:00,-12,-5,0.01052414,16,2021-01-01
2025-08-28 22:00:00,2025-08-28 21:00:00,-2,-4,0.009844259,17,2021-01-01
2025-08-28 22:00:00,2025-08-28 21:00:00,1,0,0.00964353,18,2021-01-01
2025-08-28 22:00:00,2025-08-28 21:00:00,-3,-2,0.009400557,19,2021-01-01
2025-08-28 22:00:00,2025-08-28 21:00:00,-4,-2,0.0087268045,20,2021-01-01
2025-08-28 22:00:00,2025-08-28 21:00:00,-3,-4,0.007341169,21,2021-01-01
2025-08-28 22:00:00,2025-08-28 21:00:00,0,17,0.007264172,22,2021-01-01
2025-08-28 22:00:00,2025-08-28 21:00:00,2,0,0.007176249,23,2021-01-01
2025-08-28 22:00:00,2025-08-28 21:00:00,-10,-3,0.0062090545,24,2021-01-01
2025-08-28 22:00:00,2025-08-28 21:00:00,-2,0,0.005131961,25,2021-01-01
2025-08-28 22:00:00,2025-08-28 21:00:00,3,-2,0.0040216562,26,2021-01-01
2025-08-28 22:00:00,2025-08-28 21:00:00,9,3,0.0038780419,27,2021-01-01
2025-08-28 22:00:00,2025-08-28 21:00:00,0,-2,0.003504688,28,2021-01-01
2025-08-28 22:00:00,2025-08-28 21:00:00,-2,-1,0.0025275017,29,2021-01-01
2025-08-28 22:00:00,2025-08-28 21:00:00,-4,4,0.0024601493,30,2021-01-01
2025-08-28 22:00:00,2025-08-28 21:00:00,-6,-2,0.0017787236,31,2021-01-01
2025-08-28 22:00:00,2025-08-28 21:00:00,6,-4,0.0011442768,32,2021-01-01
2025-08-28 22:00:00,2025-08-28 21:00:00,0,8,0.00095410785,33,2021-01-01
2025-08-28 22:00:00,2025-08-28 21:00:00,-5,-1,0.0008981468,34,2021-01-01
2025-08-28 22:00:00,2025-08-28 21:00:00,3,0,0.0007343448,35,2021-01-01
2025-08-28 22:00:00,2025-08-28 21:00:00,9,2,0.00067306496,36,2021-01-01
2025-08-28 22:00:00,2025-08-28 21:00:00,7,-4,0.00063542277,37,2021-01-01
2025-08-28 22:00:00,2025-08-28 21:00:00,-6,4,0.0006192367,38,2021-01-01
2025-08-28 22:00:00,2025-08-28 21:00:00,0,12,0.000594572,39,2021-01-01
2025-08-28 22:00:00,2025-08-28 21:00:00,-4,-1,0.00057476776,40,2021-01-01
2025-08-28 22:00:00,2025-08-28 21:00:00,-6,-3,0.0005414023,41,2021-01-01
2025-08-28 22:00:00,2025-08-28 21:00:00,7,4,0.0004656921,42,2021-01-01
2025-08-28 22:00:00,2025-08-28 21:00:00,-1,-2,0.00046198757,43,2021-01-01
2025-08-28 22:00:00,2025-08-28 21:00:00,-3,-1,0.00044419384,44,2021-01-01
2025-08-28 22:00:00,2025-08-28 21:00:00,-3,1,0.0004192076,45,2021-01-01
2025-08-28 22:00:00,2025-08-28 21:00:00,1,-2,0.00038835255,46,2021-01-01
2025-08-28 22:00:00,2025-08-28 21:00:00,0,1,0.00038699844,47,2021-01-01
2025-08-28 22:00:00,2025-08-28 21:00:00,-10,-4,0.00036664735,48,2021-01-01
2025-08-28 22:00:00,2025-08-28 21:00:00,1,8,0.00035771533,49,2021-01-01
2025-08-28 22:00:00,2025-08-28 21:00:00,7,-5,0.00034044302,50,2021-01-01
2025-08-28 22:00:00,2025-08-28 21:00:00,8,0,0.0003316383,51,2021-01-01
2025-08-28 22:00:00,2025-08-28 21:00:00,0,13,0.00033051998,52,2021-01-01
2025-08-28 22:00:00,2025-08-28 21:00:00,-1,7,0.0003222618,53,2021-01-01
2025-08-28 22:00:00,2025-08-28 21:00:00,-1,16,0.0003041579,54,2021-01-01
2025-08-28 22:00:00,2025-08-28 21:00:00,-1,-4,0.00029623866,55,2021-01-01
2025-08-28 22:00:00,2025-08-28 21:00:00,-1,15,0.00028791034,56,2021-01-01
2025-08-28 22:00:00,2025-08-28 21:00:00,2,-1,0.0002737649,57,2021-01-01
2025-08-28 22:00:00,2025-08-28 21:00:00,-3,8,0.00025239677,58,2021-01-01
2025-08-28 22:00:00,2025-08-28 21:00:00,-3,13,0.00025239677,59,2021-01-01
2025-08-28 22:00:00,2025-08-28 21:00:00,-2,13,0.00025201507,60,2021-01-01
2025-08-28 22:00:00,2025-08-28 21:00:00,-1,-6,0.00024048612,61,2021-01-01
2025-08-28 22:00:00,2025-08-28 21:00:00,-2,16,0.00023508062,62,2021-01-01
2025-08-28 22:00:00,2025-08-28 21:00:00,-5,0,0.00023393343,63,2021-01-01
2025-08-28 22:00:00,2025-08-28 21:00:00,-2,-5,0.00021712309,64,2021-01-01
2025-08-28 22:00:00,2025-08-28 21:00:00,1,-7,0.00021563475,65,2021-01-01
2025-08-28 22:00:00,2025-08-28 21:00:00,10,5,0.00021130918,66,2021-01-01
2025-08-28 22:00:00,2025-08-28 21:00:00,-4,0,0.00019824108,67,2021-01-01
2025-08-28 22:00:00,2025-08-28 21:00:00,6,11,0.00019080802,68,2021-01-01
2025-08-28 22:00:00,2025-08-28 21:00:00,-3,0,0.00018741551,69,2021-01-01
2025-08-28 22:00:00,2025-08-28 21:00:00,-7,1,0.0001863527,70,2021-01-01
2025-08-28 22:00:00,2025-08-28 21:00:00,7,11,0.00018010002,71,2021-01-01
2025-08-28 22:00:00,2025-08-28 21:00:00,2,9,0.00017936598,72,2021-01-01
2025-08-28 22:00:00,2025-08-28 21:00:00,2,-7,0.00017890283,73,2021-01-01
2025-08-28 22:00:00,2025-08-28 21:00:00,-11,-6,0.00017606199,74,2021-01-01
2025-08-28 22:00:00,2025-08-28 21:00:00,10,3,0.00017550786,75,2021-01-01
2025-08-28 22:00:00,2025-08-28 21:00:00,-6,1,0.00017285156,76,2021-01-01
2025-08-28 22:00:00,2025-08-28 21:00:00,3,17,0.00017160478,77,2021-01-01
2025-08-28 22:00:00,2025-08-28 21:00:00,2,8,0.00017125321,78,2021-01-01
2025-08-28 22:00:00,2025-08-28 21:00:00,4,14,0.00016826797,79,2021-01-01
2025-08-28 22:00:00,2025-08-28 21:00:00,2,7,0.00016612314,80,2021-01-01
2025-08-28 22:00:00,2025-08-28 21:00:00,-9,-1,0.00016466317,81,2021-01-01
2025-08-28 22:00:00,2025-08-28 21:00:00,6,5,0.00016180554,82,2021-01-01
2025-08-28 22:00:00,2025-08-28 21:00:00,6,6,0.00016168154,83,2021-01-01
2025-08-28 22:00:00,2025-08-28 21:00:00,-5,1,0.00016112033,84,2021-01-01
2025-08-28 22:00:00,2025-08-28 21:00:00,-9,0,0.00016081899,85,2021-01-01
2025-08-28 22:00:00,2025-08-28 21:00:00,0,-6,0.00015955289,86,2021-01-01
2025-08-28 22:00:00,2025-08-28 21:00:00,1,11,0.0001594392,87,2021-01-01
2025-08-28 22:00:00,2025-08-28 21:00:00,0,-3,0.0001590426,88,2021-01-01
2025-08-28 22:00:00,2025-08-28 21:00:00,1,9,0.00015804595,89,2021-01-01
2025-08-28 22:00:00,2025-08-28 21:00:00,4,1,0.0001578512,90,2021-01-01
2025-08-28 22:00:00,2025-08-28 21:00:00,5,-1,0.00015774985,91,2021-01-01
2025-08-28 22:00:00,2025-08-28 21:00:00,5,-2,0.00015663431,92,2021-01-01
2025-08-28 22:00:00,2025-08-28 21:00:00,6,3,0.00015420618,93,2021-01-01
2025-08-28 22:00:00,2025-08-28 21:00:00,5,3,0.00015380282,94,2021-01-01
2025-08-28 22:00:00,2025-08-28 21:00:00,0,-5,0.00015120195,95,2021-01-01
2025-08-28 22:00:00,2025-08-28 21:00:00,2,-6,0.00014971521,96,2021-01-01
2025-08-28 22:00:00,2025-08-28 21:00:00,5,-3,0.00014933833,97,2021-01-01
2025-08-28 22:00:00,2025-08-28 21:00:00,1,6,0.00014919085,98,2021-01-01
2025-08-28 22:00:00,2025-08-28 21:00:00,-1,1,0.00014859378,99,2021-01-01
2025-08-28 22:00:00,2025-08-28 21:00:00,5,2,0.0001480192,100,2021-01-01
2025-08-28 22:00:00,2025-08-28 21:00:00,1,-5,0.0001478465,101,2021-01-01
2025-08-28 22:00:00,2025-08-28 21:00:00,1,2,0.00014433949,102,2021-01-01
2025-08-28 22:00:00,2025-08-28 21:00:00,1,-3,0.00014407869,103,2021-01-01
2025-08-28 22:00:00,2025-08-28 21:00:00,-1,11,0.00014382172,104,2021-01-01
2025-08-28 22:00:00,2025-08-28 21:00:00,0,18,0.00014378368,105,2021-01-01
2025-08-28 22:00:00,2025-08-28 21:00:00,1,20,0.00014320719,106,2021-01-01
2025-08-28 22:00:00,2025-08-28 21:00:00,7,1,0.00014272718,107,2021-01-01
2025-08-28 22:00:00,2025-08-28 21:00:00,-2,1,0.00014256306,108,2021-01-01
2025-08-28 22:00:00,2025-08-28 21:00:00,1,5,0.00014149299,109,2021-01-01
2025-08-28 22:00:00,2025-08-28 21:00:00,8,1,0.00014067841,110,2021-01-01
2025-08-28 22:00:00,2025-08-28 21:00:00,0,19,0.0001406103,111,2021-01-01
2025-08-28 22:00:00,2025-08-28 21:00:00,3,1,0.00014048688,112,2021-01-01
2025-08-28 22:00:00,2025-08-28 21:00:00,-1,2,0.00014045308,113,2021-01-01
2025-08-28 22:00:00,2025-08-28 21:00:00,1,1,0.00014021354,114,2021-01-01
2025-08-28 22:00:00,2025-08-28 21:00:00,-1,9,0.00014002387,115,2021-01-01
2025-08-28 22:00:00,2025-08-28 21:00:00,-1,13,0.00013956141,116,2021-01-01
2025-08-28 22:00:00,2025-08-28 21:00:00,4,-4,0.0001395387,117,2021-01-01
2025-08-28 22:00:00,2025-08-28 21:00:00,3,-3,0.00013894493,118,2021-01-01
2025-08-28 22:00:00,2025-08-28 21:00:00,4,-1,0.00013870146,119,2021-01-01
2025-08-28 22:00:00,2025-08-28 21:00:00,2,1,0.00013698112,120,2021-01-01
2025-08-28 22:00:00,2025-08-28 21:00:00,-1,8,0.000136934,121,2021-01-01
2025-08-28 22:00:00,2025-08-28 21:00:00,10,-1,0.0001362488,122,2021-01-01
2025-08-28 22:00:00,2025-08-28 21:00:00,5,-4,0.0001358195,123,2021-01-01
2025-08-28 22:00:00,2025-08-28 21:00:00,1,19,0.00013539301,124,2021-01-01
2025-08-28 22:00:00,2025-08-28 21:00:00,8,-3,0.00013514681,125,2021-01-01
2025-08-28 22:00:00,2025-08-28 21:00:00,0,14,0.00013463199,126,2021-01-01
2025-08-28 22:00:00,2025-08-28 21:00:00,0,11,0.00013418109,127,2021-01-01
2025-08-28 22:00:00,2025-08-28 21:00:00,4,-6,0.00013362659,128,2021-01-01
2025-08-28 22:00:00,2025-08-28 21:00:00,-3,2,0.00013324239,129,2021-01-01
2025-08-28 22:00:00,2025-08-28 21:00:00,2,20,0.000132595,130,2021-01-01
2025-08-28 22:00:00,2025-08-28 21:00:00,-1,6,0.00013248889,131,2021-01-01
2025-08-28 22:00:00,2025-08-28 21:00:00,9,-2,0.00013156664,132,2021-01-01
2025-08-28 22:00:00,2025-08-28 21:00:00,-1,3,0.00013118611,133,2021-01-01
2025-08-28 22:00:00,2025-08-28 21:00:00,8,-1,0.0001277812,134,2021-01-01
2025-08-28 22:00:00,2025-08-28 21:00:00,0,9,0.00012747517,135,2021-01-01
2025-08-28 22:00:00,2025-08-28 21:00:00,7,-1,0.00012737303,136,2021-01-01
2025-08-28 22:00:00,2025-08-28 21:00:00,9,0,0.00012660187,137,2021-01-01
2025-08-28 22:00:00,2025-08-28 21:00:00,0,5,0.00012560334,138,2021-01-01
2025-08-28 22:00:00,2025-08-28 21:00:00,-2,3,0.00012383582,139,2021-01-01
2025-08-28 22:00:00,2025-08-28 21:00:00,10,0,0.00012342096,140,2021-01-01
2025-08-28 22:00:00,2025-08-28 21:00:00,-4,-4,0.00012287572,141,2021-01-01
2025-08-28 22:00:00,2025-08-28 21:00:00,-1,-7,0.0001226032,142,2021-01-01
2025-08-28 22:00:00,2025-08-28 21:00:00,-1,18,0.00012177617,143,2021-01-01
2025-08-28 22:00:00,2025-08-28 21:00:00,-1,5,0.00012136743,144,2021-01-01
2025-08-28 22:00:00,2025-08-28 21:00:00,-4,2,0.00011882031,145,2021-01-01
2025-08-28 22:00:00,2025-08-28 21:00:00,8,-4,0.00011762834,146,2021-01-01
2025-08-28 22:00:00,2025-08-28 21:00:00,-2,9,0.00011674521,147,2021-01-01
2025-08-28 22:00:00,2025-08-28 21:00:00,-2,10,0.00011674521,148,2021-01-01
2025-08-28 22:00:00,2025-08-28 21:00:00,-2,11,0.00011674521,149,2021-01-01
2025-08-28 22:00:00,2025-08-28 21:00:00,-2,8,0.00011296419,150,2021-01-01
2025-08-28 22:00:00,2025-08-28 21:00:00,-5,2,0.00011237831,151,2021-01-01
2025-08-28 22:00:00,2025-08-28 21:00:00,-5,11,0.0001117592,152,2021-01-01
2025-08-28 22:00:00,2025-08-28 21:00:00,2,-3,0.000111565605,153,2021-01-01
2025-08-28 22:00:00,2025-08-28 21:00:00,-4,10,0.000109528366,154,2021-01-01
2025-08-28 22:00:00,2025-08-28 21:00:00,-4,12,0.000109528366,155,2021-01-01
2025-08-28 22:00:00,2025-08-28 21:00:00,-2,15,0.00010881684,156,2021-01-01
2025-08-28 22:00:00,2025-08-28 21:00:00,-4,3,0.000108158936,157,2021-01-01
2025-08-28 22:00:00,2025-08-28 21:00:00,2,-2,0.00010729119,158,2021-01-01
2025-08-28 22:00:00,2025-08-28 21:00:00,-3,14,0.000106514606,159,2021-01-01
2025-08-28 22:00:00,2025-08-28 21:00:00,-3,9,0.00010639799,160,2021-01-01
2025-08-28 22:00:00,2025-08-28 21:00:00,-3,11,0.00010639799,161,2021-01-01
2025-08-28 22:00:00,2025-08-28 21:00:00,-3,12,0.00010639799,162,2021-01-01
2025-08-28 22:00:00,2025-08-28 21:00:00,-3,15,0.00010317884,163,2021-01-01
2025-08-28 22:00:00,2025-08-28 21:00:00,-9,-4,0.00010131576,164,2021-01-01
2025-08-28 22:00:00,2025-08-28 21:00:00,-5,9,0.00010062889,165,2021-01-01
2025-08-28 22:00:00,2025-08-28 21:00:00,-5,10,0.00010062889,166,2021-01-01
2025-08-28 22:00:00,2025-08-28 21:00:00,-6,8,9.990422e-05,167,2021-01-01
2025-08-28 22:00:00,2025-08-28 21:00:00,-4,8,9.9405624e-05,168,2021-01-01
2025-08-28 22:00:00,2025-08-28 21:00:00,-3,7,9.711812e-05,169,2021-01-01
2025-08-28 22:00:00,2025-08-28 21:00:00,-4,19,9.599029e-05,170,2021-01-01
2025-08-28 22:00:00,2025-08-28 21:00:00,-9,6,9.5086194e-05,171,2021-01-01
2025-08-28 22:00:00,2025-08-28 21:00:00,-5,15,9.4879324e-05,172,2021-01-01
2025-08-28 22:00:00,2025-08-28 21:00:00,-10,8,9.387213e-05,173,2021-01-01
2025-08-28 22:00:00,2025-08-28 21:00:00,-4,5,9.315767e-05,174,2021-01-01
2025-08-28 22:00:00,2025-08-28 21:00:00,-6,15,9.23902e-05,175,2021-01-01
2025-08-28 22:00:00,2025-08-28 21:00:00,-8,6,9.2153496e-05,176,2021-01-01
2025-08-28 22:00:00,2025-08-28 21:00:00,-3,18,9.097384e-05,177,2021-01-01
2025-08-28 22:00:00,2025-08-28 21:00:00,-4,-5,9.0730995e-05,178,2021-01-01
2025-08-28 22:00:00,2025-08-28 21:00:00,-10,10,8.9111796e-05,179,2021-01-01
2025-08-28 22:00:00,2025-08-28 21:00:00,-5,-3,8.791333e-05,180,2021-01-01
2025-08-28 22:00:00,2025-08-28 21:00:00,-4,17,8.4641426e-05,181,2021-01-01
2025-08-28 22:00:00,2025-08-28 21:00:00,-5,4,8.204626e-05,182,2021-01-01
2025-08-28 22:00:00,2025-08-28 21:00:00,-9,-5,6.7678506e-05,183,2021-01-01
2025-08-28 22:00:00,2025-08-28 21:00:00,-5,-5,6.597858e-05,184,2021-01-01
2025-08-28 22:00:00,2025-08-28 21:00:00,-7,-1,5.7511686e-05,185,2021-01-01
2025-08-28 22:00:00,2025-08-28 21:00:00,-5,-4,5.3301617e-05,186,2021-01-01
2025-09-05 21:00:00,2025-09-05 20:00:00,9,1,0.6279987,1,2021-01-01
2025-09-05 21:00:00,2025-09-05 20:00:00,-2,-3,0.5050455,2,2021-01-01
2025-09-05 21:00:00,2025-09-05 20:00:00,0,0,0.28582537,3,2021-01-01
2025-09-05 21:00:00,2025-09-05 20:00:00,-4,-3,0.26690266,4,2021-01-01
2025-09-05 21:00:00,2025-09-05 20:00:00,-1,0,0.14909166,5,2021-01-01
2025-09-05 21:00:00,2025-09-05 20:00:00,3,-1,0.14626698,6,2021-01-01
2025-09-05 21:00:00,2025-09-05 20:00:00,-2,-2,0.11618042,7,2021-01-01
2025-09-05 21:00:00,2025-09-05 20:00:00,-11,-5,0.1102933,8,2021-01-01
2025-09-05 21:00:00,2025-09-05 20:00:00,-2,0,0.08613176,9,2021-01-01
2025-09-05 21:00:00,2025-09-05 20:00:00,1,-1,0.07473702,10,2021-01-01
2025-09-05 21:00:00,2025-09-05 20:00:00,-3,-2,0.06906858,11,2021-01-01
2025-09-05 21:00:00,2025-09-05 20:00:00,-2,-1,0.065849125,12,2021-01-01
2025-09-05 21:00:00,2025-09-05 20:00:00,-5,-2,0.05829506,13,2021-01-01
2025-09-05 21:00:00,2025-09-05 20:00:00,-2,-4,0.050875362,14,2021-01-01
2025-09-05 21:00:00,2025-09-05 20:00:00,0,8,0.045051757,15,2021-01-01
2025-09-05 21:00:00,2025-09-05 20:00:00,3,-2,0.042346973,16,2021-01-01
2025-09-05 21:00:00,2025-09-05 20:00:00,-1,-3,0.03611367,17,2021-01-01
2025-09-05 21:00:00,2025-09-05 20:00:00,1,0,0.03536997,18,2021-01-01
2025-09-05 21:00:00,2025-09-05 20:00:00,0,-1,0.034734722,19,2021-01-01
2025-09-05 21:00:00,2025-09-05 20:00:00,-12,-5,0.033550836,20,2021-01-01
2025-09-05 21:00:00,2025-09-05 20:00:00,6,-3,0.030367794,21,2021-01-01
2025-09-05 21:00:00,2025-09-05 20:00:00,-3,-3,0.02825009,22,2021-01-01
2025-09-05 21:00:00,2025-09-05 20:00:00,-1,-1,0.02177702,23,2021-01-01
2025-09-05 21:00:00,2025-09-05 20:00:00,-4,-2,0.018631423,24,2021-01-01
2025-09-05 21:00:00,2025-09-05 20:00:00,-6,-2,0.01761172,25,2021-01-01
2025-09-05 21:00:00,2025-09-05 20:00:00,2,0,0.015817428,26,2021-01-01
2025-09-05 21:00:00,2025-09-05 20:00:00,0,17,0.015764683,27,2021-01-01
2025-09-05 21:00:00,2025-09-05 20:00:00,-3,-4,0.008149987,28,2021-01-01
2025-09-05 21:00:00,2025-09-05 20:00:00,9,3,0.0051706117,29,2021-01-01
2025-09-05 21:00:00,2025-09-05 20:00:00,0,-2,0.00390676,30,2021-01-01
2025-09-05 21:00:00,2025-09-05 20:00:00,-4,4,0.0037273008,31,2021-01-01
2025-09-05 21:00:00,2025-09-05 20:00:00,-6,-3,0.0019229465,32,2021-01-01
2025-09-05 21:00:00,2025-09-05 20:00:00,-5,-3,0.0015063357,33,2021-01-01
2025-09-05 21:00:00,2025-09-05 20:00:00,-10,-3,0.0012193262,34,2021-01-01
2025-09-05 21:00:00,2025-09-05 20:00:00,-6,4,0.00095255906,35,2021-01-01
2025-09-05 21:00:00,2025-09-05 20:00:00,-3,-1,0.000944159,36,2021-01-01
2025-09-05 21:00:00,2025-09-05 20:00:00,3,0,0.000759348,37,2021-01-01
2025-09-05 21:00:00,2025-09-05 20:00:00,0,12,0.0006591202,38,2021-01-01
2025-09-05 21:00:00,2025-09-05 20:00:00,9,2,0.00062407093,39,2021-01-01
2025-09-05 21:00:00,2025-09-05 20:00:00,-9,0,0.00051724917,40,2021-01-01
2025-09-05 21:00:00,2025-09-05 20:00:00,0,1,0.0004969285,41,2021-01-01
2025-09-05 21:00:00,2025-09-05 20:00:00,-1,-2,0.0004940167,42,2021-01-01
2025-09-05 21:00:00,2025-09-05 20:00:00,-5,-1,0.00049195037,43,2021-01-01
2025-09-05 21:00:00,2025-09-05 20:00:00,6,-4,0.00048306794,44,2021-01-01
2025-09-05 21:00:00,2025-09-05 20:00:00,-4,-1,0.00044531384,45,2021-01-01
2025-09-05 21:00:00,2025-09-05 20:00:00,-3,1,0.00039465292,46,2021-01-01
2025-09-05 21:00:00,2025-09-05 20:00:00,-1,16,0.00033445994,47,2021-01-01
2025-09-05 21:00:00,2025-09-05 20:00:00,0,13,0.0003338681,48,2021-01-01
2025-09-05 21:00:00,2025-09-05 20:00:00,7,4,0.000332652,49,2021-01-01
2025-09-05 21:00:00,2025-09-05 20:00:00,8,0,0.00032221782,50,2021-01-01
2025-09-05 21:00:00,2025-09-05 20:00:00,-1,15,0.00031471704,51,2021-01-01
2025-09-05 21:00:00,2025-09-05 20:00:00,1,8,0.00031209065,52,2021-01-01
2025-09-05 21:00:00,2025-09-05 20:00:00,-1,7,0.00030268764,53,2021-01-01
2025-09-05 21:00:00,2025-09-05 20:00:00,-10,-4,0.0002951337,54,2021-01-01
2025-09-05 21:00:00,2025-09-05 20:00:00,7,-4,0.00028080633,55,2021-01-01
2025-09-05 21:00:00,2025-09-05 20:00:00,1,-2,0.00026919338,56,2021-01-01
2025-09-05 21:00:00,2025-09-05 20:00:00,2,-1,0.00025474085,57,2021-01-01
2025-09-05 21:00:00,2025-09-05 20:00:00,-2,16,0.00023509939,58,2021-01-01
2025-09-05 21:00:00,2025-09-05 20:00:00,-11,-6,0.00023192722,59,2021-01-01
2025-09-05 21:00:00,2025-09-05 20:00:00,-3,8,0.0002229758,60,2021-01-01
2025-09-05 21:00:00,2025-09-05 20:00:00,-3,13,0.00020693049,61,2021-01-01
2025-09-05 21:00:00,2025-09-05 20:00:00,-1,-4,0.00019513884,62,2021-01-01
2025-09-05 21:00:00,2025-09-05 20:00:00,4,1,0.000182543,63,2021-01-01
2025-09-05 21:00:00,2025-09-05 20:00:00,6,11,0.00018197496,64,2021-01-01
2025-09-05 21:00:00,2025-09-05 20:00:00,-4,0,0.00017728175,65,2021-01-01
2025-09-05 21:00:00,2025-09-05 20:00:00,4,14,0.00017417381,66,2021-01-01
2025-09-05 21:00:00,2025-09-05 20:00:00,7,-1,0.00016850997,67,2021-01-01
2025-09-05 21:00:00,2025-09-05 20:00:00,7,11,0.00016591993,68,2021-01-01
2025-09-05 21:00:00,2025-09-05 20:00:00,-5,0,0.00016106396,69,2021-01-01
2025-09-05 21:00:00,2025-09-05 20:00:00,1,-7,0.00016009434,70,2021-01-01
2025-09-05 21:00:00,2025-09-05 20:00:00,-9,-1,0.0001562042,71,2021-01-01
2025-09-05 21:00:00,2025-09-05 20:00:00,-7,1,0.00015618856,72,2021-01-01
2025-09-05 21:00:00,2025-09-05 20:00:00,-6,1,0.00015520859,73,2021-01-01
2025-09-05 21:00:00,2025-09-05 20:00:00,0,-6,0.0001519784,74,2021-01-01
2025-09-05 21:00:00,2025-09-05 20:00:00,-3,0,0.00015143216,75,2021-01-01
2025-09-05 21:00:00,2025-09-05 20:00:00,3,17,0.00014440228,76,2021-01-01
2025-09-05 21:00:00,2025-09-05 20:00:00,2,9,0.00013665912,77,2021-01-01
2025-09-05 21:00:00,2025-09-05 20:00:00,3,1,0.00013638422,78,2021-01-01
2025-09-05 21:00:00,2025-09-05 20:00:00,10,3,0.00013429161,79,2021-01-01
2025-09-05 21:00:00,2025-09-05 20:00:00,1,9,0.00012992135,80,2021-01-01
2025-09-05 21:00:00,2025-09-05 20:00:00,7,-5,0.00012802843,81,2021-01-01
2025-09-05 21:00:00,2025-09-05 20:00:00,-7,-1,0.00012757178,82,2021-01-01
2025-09-05 21:00:00,2025-09-05 20:00:00,-9,-5,0.0001268204,83,2021-01-01
2025-09-05 21:00:00,2025-09-05 20:00:00,-5,2,0.00012553505,84,2021-01-01
2025-09-05 21:00:00,2025-09-05 20:00:00,0,11,0.00012522542,85,2021-01-01
2025-09-05 21:00:00,2025-09-05 20:00:00,5,-1,0.00012116717,86,2021-01-01
2025-09-05 21:00:00,2025-09-05 20:00:00,1,11,0.00011998302,87,2021-01-01
2025-09-05 21:00:00,2025-09-05 20:00:00,5,2,0.00011798067,88,2021-01-01
2025-09-05 21:00:00,2025-09-05 20:00:00,2,8,0.00011742903,89,2021-01-01
2025-09-05 21:00:00,2025-09-05 20:00:00,5,3,0.0001173868,90,2021-01-01
2025-09-05 21:00:00,2025-09-05 20:00:00,1,19,0.000117237505,91,2021-01-01
2025-09-05 21:00:00,2025-09-05 20:00:00,7,1,0.00011715834,92,2021-01-01
2025-09-05 21:00:00,2025-09-05 20:00:00,6,6,0.00011684635,93,2021-01-01
2025-09-05 21:00:00,2025-09-05 20:00:00,1,20,0.000116517185,94,2021-01-01
2025-09-05 21:00:00,2025-09-05 20:00:00,8,1,0.00011623671,95,2021-01-01
2025-09-05 21:00:00,2025-09-05 20:00:00,6,5,0.00011595053,96,2021-01-01
2025-09-05 21:00:00,2025-09-05 20:00:00,1,2,0.00011523339,97,2021-01-01
2025-09-05 21:00:00,2025-09-05 20:00:00,0,14,0.000114698756,98,2021-01-01
2025-09-05 21:00:00,2025-09-05 20:00:00,6,3,0.00011427633,99,2021-01-01
2025-09-05 21:00:00,2025-09-05 20:00:00,10,5,0.00011371568,100,2021-01-01
2025-09-05 21:00:00,2025-09-05 20:00:00,-1,6,0.000113014015,101,2021-01-01
2025-09-05 21:00:00,2025-09-05 20:00:00,1,5,0.00011287446,102,2021-01-01
2025-09-05 21:00:00,2025-09-05 20:00:00,1,6,0.00011207762,103,2021-01-01
2025-09-05 21:00:00,2025-09-05 20:00:00,0,19,0.00011192864,104,2021-01-01
2025-09-05 21:00:00,2025-09-05 20:00:00,0,18,0.000111641224,105,2021-01-01
2025-09-05 21:00:00,2025-09-05 20:00:00,9,0,0.00011098528,106,2021-01-01
2025-09-05 21:00:00,2025-09-05 20:00:00,10,-1,0.00011097882,107,2021-01-01
2025-09-05 21:00:00,2025-09-05 20:00:00,10,0,0.00011097882,108,2021-01-01
2025-09-05 21:00:00,2025-09-05 20:00:00,0,5,0.00010815542,109,2021-01-01
2025-09-05 21:00:00,2025-09-05 20:00:00,8,-3,0.00010796119,110,2021-01-01
2025-09-05 21:00:00,2025-09-05 20:00:00,2,7,0.00010776004,111,2021-01-01
2025-09-05 21:00:00,2025-09-05 20:00:00,-1,5,0.000107286614,112,2021-01-01
2025-09-05 21:00:00,2025-09-05 20:00:00,2,20,0.00010640626,113,2021-01-01
2025-09-05 21:00:00,2025-09-05 20:00:00,8,-1,0.00010607132,114,2021-01-01
2025-09-05 21:00:00,2025-09-05 20:00:00,-4,3,0.000105114974,115,2021-01-01
2025-09-05 21:00:00,2025-09-05 20:00:00,-3,15,0.0001041063,116,2021-01-01
2025-09-05 21:00:00,2025-09-05 20:00:00,-3,2,0.00010410186,117,2021-01-01
2025-09-05 21:00:00,2025-09-05 20:00:00,-1,-7,0.00010242715,118,2021-01-01
2025-09-05 21:00:00,2025-09-05 20:00:00,-4,5,0.00010158599,119,2021-01-01
2025-09-05 21:00:00,2025-09-05 20:00:00,-9,-4,0.000101579244,120,2021-01-01
2025-09-05 21:00:00,2025-09-05 20:00:00,-4,-4,0.000101549645,121,2021-01-01
2025-09-05 21:00:00,2025-09-05 20:00:00,-1,13,0.00010059124,122,2021-01-01
2025-09-05 21:00:00,2025-09-05 20:00:00,1,1,0.00010025257,123,2021-01-01
2025-09-05 21:00:00,2025-09-05 20:00:00,0,9,9.969954e-05,124,2021-01-01
2025-09-05 21:00:00,2025-09-05 20:00:00,0,-5,9.854705e-05,125,2021-01-01
2025-09-05 21:00:00,2025-09-05 20:00:00,-1,8,9.71184e-05,126,2021-01-01
2025-09-05 21:00:00,2025-09-05 20:00:00,-5,4,9.682998e-05,127,2021-01-01
2025-09-05 21:00:00,2025-09-05 20:00:00,-1,9,9.571365e-05,128,2021-01-01
2025-09-05 21:00:00,2025-09-05 20:00:00,4,-1,9.559545e-05,129,2021-01-01
2025-09-05 21:00:00,2025-09-05 20:00:00,-1,-6,9.479257e-05,130,2021-01-01
2025-09-05 21:00:00,2025-09-05 20:00:00,-2,8,9.455231e-05,131,2021-01-01
2025-09-05 21:00:00,2025-09-05 20:00:00,0,-3,9.4319264e-05,132,2021-01-01
2025-09-05 21:00:00,2025-09-05 20:00:00,1,-3,9.357665e-05,133,2021-01-01
2025-09-05 21:00:00,2025-09-05 20:00:00,-1,3,9.191735e-05,134,2021-01-01
2025-09-05 21:00:00,2025-09-05 20:00:00,2,1,9.159301e-05,135,2021-01-01
2025-09-05 21:00:00,2025-09-05 20:00:00,-3,9,9.142892e-05,136,2021-01-01
2025-09-05 21:00:00,2025-09-05 20:00:00,-1,1,9.090977e-05,137,2021-01-01
2025-09-05 21:00:00,2025-09-05 20:00:00,-2,1,9.0364156e-05,138,2021-01-01
2025-09-05 21:00:00,2025-09-05 20:00:00,-1,18,9.032857e-05,139,2021-01-01
2025-09-05 21:00:00,2025-09-05 20:00:00,2,-3,8.907791e-05,140,2021-01-01
2025-09-05 21:00:00,2025-09-05 20:00:00,-1,2,8.721023e-05,141,2021-01-01
2025-09-05 21:00:00,2025-09-05 20:00:00,-1,11,8.5876854e-05,142,2021-01-01
2025-09-05 21:00:00,2025-09-05 20:00:00,-4,17,8.560554e-05,143,2021-01-01
2025-09-05 21:00:00,2025-09-05 20:00:00,-5,-4,8.522726e-05,144,2021-01-01
2025-09-05 21:00:00,2025-09-05 20:00:00,5,-2,8.504221e-05,145,2021-01-01
2025-09-05 21:00:00,2025-09-05 20:00:00,-4,-5,8.4143314e-05,146,2021-01-01
2025-09-05 21:00:00,2025-09-05 20:00:00,-5,9,8.392023e-05,147,2021-01-01
2025-09-05 21:00:00,2025-09-05 20:00:00,-3,7,8.254792e-05,148,2021-01-01
2025-09-05 21:00:00,2025-09-05 20:00:00,-5,11,8.2415885e-05,149,2021-01-01
2025-09-05 21:00:00,2025-09-05 20:00:00,2,-6,7.9197045e-05,150,2021-01-01
2025-09-05 21:00:00,2025-09-05 20:00:00,-5,-5,7.891375e-05,151,2021-01-01
2025-09-05 21:00:00,2025-09-05 20:00:00,-4,12,7.796802e-05,152,2021-01-01
2025-09-05 21:00:00,2025-09-05 20:00:00,-2,15,7.750169e-05,153,2021-01-01
2025-09-05 21:00:00,2025-09-05 20:00:00,-2,10,7.7438744e-05,154,2021-01-01
2025-09-05 21:00:00,2025-09-05 20:00:00,-4,10,7.651167e-05,155,2021-01-01
2025-09-05 21:00:00,2025-09-05 20:00:00,2,-2,7.626178e-05,156,2021-01-01
2025-09-05 21:00:00,2025-09-05 20:00:00,-5,10,7.599046e-05,157,2021-01-01
2025-09-05 21:00:00,2025-09-05 20:00:00,-6,8,7.579982e-05,158,2021-01-01
2025-09-05 21:00:00,2025-09-05 20:00:00,-2,9,7.525292e-05,159,2021-01-01
2025-09-05 21:00:00,2025-09-05 20:00:00,-3,12,7.0673195e-05,160,2021-01-01
2025-09-05 21:00:00,2025-09-05 20:00:00,-6,15,7.0635564e-05,161,2021-01-01
2025-09-05 21:00:00,2025-09-05 20:00:00,-3,11,6.8887755e-05,162,2021-01-01
2025-09-05 21:00:00,2025-09-05 20:00:00,-2,-5,6.762331e-05,163,2021-01-01
2025-09-05 21:00:00,2025-09-05 20:00:00,-9,6,6.748741e-05,164,2021-01-01
2025-09-05 21:00:00,2025-09-05 20:00:00,-4,8,6.7453984e-05,165,2021-01-01
2025-09-05 21:00:00,2025-09-05 20:00:00,-3,14,6.642708e-05,166,2021-01-01
2025-09-05 21:00:00,2025-09-05 20:00:00,9,-2,6.619737e-05,167,2021-01-01
2025-09-05 21:00:00,2025-09-05 20:00:00,-3,18,6.565992e-05,168,2021-01-01
2025-09-05 21:00:00,2025-09-05 20:00:00,-4,19,6.487861e-05,169,2021-01-01
2025-09-05 21:00:00,2025-09-05 20:00:00,-2,11,6.417426e-05,170,2021-01-01
2025-09-05 21:00:00,2025-09-05 20:00:00,-2,13,6.370887e-05,171,2021-01-01
2025-09-05 21:00:00,2025-09-05 20:00:00,-10,8,6.325622e-05,172,2021-01-01
2025-09-05 21:00:00,2025-09-05 20:00:00,-8,6,6.290094e-05,173,2021-01-01
2025-09-05 21:00:00,2025-09-05 20:00:00,-5,15,6.1825536e-05,174,2021-01-01
2025-09-05 21:00:00,2025-09-05 20:00:00,-5,1,6.099657e-05,175,2021-01-01
2025-09-05 21:00:00,2025-09-05 20:00:00,-10,10,6.0886512e-05,176,2021-01-01
2025-09-05 21:00:00,2025-09-05 20:00:00,-4,2,5.4995675e-05,177,2021-01-01
2025-09-05 21:00:00,2025-09-05 20:00:00,-2,3,5.0072937e-05,178,2021-01-01
2025-09-05 21:00:00,2025-09-05 20:00:00,2,-7,4.6546822e-05,179,2021-01-01
2025-09-05 21:00:00,2025-09-05 20:00:00,8,-4,4.6083926e-05,180,2021-01-01
2025-09-05 21:00:00,2025-09-05 20:00:00,5,-4,4.5387966e-05,181,2021-01-01
2025-09-05 21:00:00,2025-09-05 20:00:00,5,-3,4.5387966e-05,182,2021-01-01
2025-09-05 21:00:00,2025-09-05 20:00:00,4,-6,4.5003446e-05,183,2021-01-01
2025-09-05 21:00:00,2025-09-05 20:00:00,4,-4,4.4588756e-05,184,2021-01-01
2025-09-05 21:00:00,2025-09-05 20:00:00,1,-5,4.3586566e-05,185,2021-01-01
2025-09-05 21:00:00,2025-09-05 20:00:00,3,-3,3.9903156e-05,186,2021-01-01
2025-09-15 00:00:00,2025-09-14 23:00:00,-4,-3,0.22214174,1,2021-01-01
2025-09-15 00:00:00,2025-09-14 23:00:00,0,0,0.16238509,2,2021-01-01
2025-09-15 00:00:00,2025-09-14 23:00:00,-2,-3,0.14590564,3,2021-01-01
2025-09-15 00:00:00,2025-09-14 23:00:00,9,1,0.07912453,4,2021-01-01
2025-09-15 00:00:00,2025-09-14 23:00:00,1,-1,0.0460473,5,2021-01-01
2025-09-15 00:00:00,2025-09-14 23:00:00,-1,0,0.04146161,6,2021-01-01
2025-09-15 00:00:00,2025-09-14 23:00:00,0,-1,0.03319658,7,2021-01-01
2025-09-15 00:00:00,2025-09-14 23:00:00,-2,-2,0.027604349,8,2021-01-01
2025-09-15 00:00:00,2025-09-14 23:00:00,-11,-5,0.015283816,9,2021-01-01
2025-09-15 00:00:00,2025-09-14 23:00:00,3,-1,0.013627625,10,2021-01-01
2025-09-15 00:00:00,2025-09-14 23:00:00,-2,-4,0.01276336,11,2021-01-01
2025-09-15 00:00:00,2025-09-14 23:00:00,-5,-2,0.010623359,12,2021-01-01
2025-09-15 00:00:00,2025-09-14 23:00:00,-12,-5,0.009736974,13,2021-01-01
2025-09-15 00:00:00,2025-09-14 23:00:00,-2,0,0.008744131,14,2021-01-01
2025-09-15 00:00:00,2025-09-14 23:00:00,-3,-2,0.008682372,15,2021-01-01
2025-09-15 00:00:00,2025-09-14 23:00:00,-1,-1,0.007891717,16,2021-01-01
2025-09-15 00:00:00,2025-09-14 23:00:00,-3,-3,0.0052054264,17,2021-01-01
2025-09-15 00:00:00,2025-09-14 23:00:00,3,-2,0.004989362,18,2021-01-01
2025-09-15 00:00:00,2025-09-14 23:00:00,2,0,0.0047166343,19,2021-01-01
2025-09-15 00:00:00,2025-09-14 23:00:00,1,0,0.004699389,20,2021-01-01
2025-09-15 00:00:00,2025-09-14 23:00:00,0,8,0.004481932,21,2021-01-01
2025-09-15 00:00:00,2025-09-14 23:00:00,0,17,0.0041570035,22,2021-01-01
2025-09-15 00:00:00,2025-09-14 23:00:00,6,-3,0.004002013,23,2021-01-01
2025-09-15 00:00:00,2025-09-14 23:00:00,-2,-1,0.0036786005,24,2021-01-01
2025-09-15 00:00:00,2025-09-14 23:00:00,-4,-2,0.0025208236,25,2021-01-01
2025-09-15 00:00:00,2025-09-14 23:00:00,-3,-4,0.0024354237,26,2021-01-01
2025-09-15 00:00:00,2025-09-14 23:00:00,-1,-3,0.0018708572,27,2021-01-01
2025-09-15 00:00:00,2025-09-14 23:00:00,-6,-2,0.001057491,28,2021-01-01
2025-09-15 00:00:00,2025-09-14 23:00:00,0,-2,0.00092152646,29,2021-01-01
2025-09-15 00:00:00,2025-09-14 23:00:00,6,-4,0.0009170505,30,2021-01-01
2025-09-15 00:00:00,2025-09-14 23:00:00,-4,4,0.0008692956,31,2021-01-01
2025-09-15 00:00:00,2025-09-14 23:00:00,-5,-3,0.0006816092,32,2021-01-01
2025-09-15 00:00:00,2025-09-14 23:00:00,-6,-3,0.00062706997,33,2021-01-01
2025-09-15 00:00:00,2025-09-14 23:00:00,2,1,0.00059172965,34,2021-01-01
2025-09-15 00:00:00,2025-09-14 23:00:00,-10,-3,0.00047725998,35,2021-01-01
2025-09-15 00:00:00,2025-09-14 23:00:00,9,0,0.00034957798,36,2021-01-01
2025-09-15 00:00:00,2025-09-14 23:00:00,-6,4,0.00033509635,37,2021-01-01
2025-09-15 00:00:00,2025-09-14 23:00:00,-5,-1,0.00031470426,38,2021-01-01
2025-09-15 00:00:00,2025-09-14 23:00:00,-3,-1,0.00021895097,39,2021-01-01
2025-09-15 00:00:00,2025-09-14 23:00:00,-9,0,0.00021240574,40,2021-01-01
2025-09-15 00:00:00,2025-09-14 23:00:00,9,3,0.00016717857,41,2021-01-01
2025-09-15 00:00:00,2025-09-14 23:00:00,0,12,0.00016332934,42,2021-01-01
2025-09-15 00:00:00,2025-09-14 23:00:00,0,1,0.00015136124,43,2021-01-01
2025-09-15 00:00:00,2025-09-14 23:00:00,-4,-1,0.0001423795,44,2021-01-01
2025-09-15 00:00:00,2025-09-14 23:00:00,7,-4,0.00012934761,45,2021-01-01
2025-09-15 00:00:00,2025-09-14 23:00:00,3,0,0.00011620597,46,2021-01-01
2025-09-15 00:00:00,2025-09-14 23:00:00,-1,-2,0.000101169695,47,2021-01-01
2025-09-15 00:00:00,2025-09-14 23:00:00,1,8,0.0001006762,48,2021-01-01
2025-09-15 00:00:00,2025-09-14 23:00:00,-10,-4,9.803773e-05,49,2021-01-01
2025-09-15 00:00:00,2025-09-14 23:00:00,-7,1,9.528262e-05,50,2021-01-01
2025-09-15 00:00:00,2025-09-14 23:00:00,0,13,9.3560746e-05,51,2021-01-01
2025-09-15 00:00:00,2025-09-14 23:00:00,9,2,9.2730545e-05,52,2021-01-01
2025-09-15 00:00:00,2025-09-14 23:00:00,-3,1,9.2035014e-05,53,2021-01-01
2025-09-15 00:00:00,2025-09-14 23:00:00,-6,1,9.005129e-05,54,2021-01-01
2025-09-15 00:00:00,2025-09-14 23:00:00,-1,16,8.261061e-05,55,2021-01-01
2025-09-15 00:00:00,2025-09-14 23:00:00,8,0,7.839639e-05,56,2021-01-01
2025-09-15 00:00:00,2025-09-14 23:00:00,-5,2,7.5578355e-05,57,2021-01-01
2025-09-15 00:00:00,2025-09-14 23:00:00,-11,-6,7.475211e-05,58,2021-01-01
2025-09-15 00:00:00,2025-09-14 23:00:00,-1,-4,6.995127e-05,59,2021-01-01
2025-09-15 00:00:00,2025-09-14 23:00:00,7,4,6.657464e-05,60,2021-01-01
2025-09-15 00:00:00,2025-09-14 23:00:00,-7,-1,6.5199136e-05,61,2021-01-01
2025-09-15 00:00:00,2025-09-14 23:00:00,-9,-1,6.4759304e-05,62,2021-01-01
2025-09-15 00:00:00,2025-09-14 23:00:00,-4,2,6.433053e-05,63,2021-01-01
2025-09-15 00:00:00,2025-09-14 23:00:00,-1,7,6.354557e-05,64,2021-01-01
2025-09-15 00:00:00,2025-09-14 23:00:00,4,14,6.312415e-05,65,2021-01-01
2025-09-15 00:00:00,2025-09-14 23:00:00,-5,0,6.30927e-05,66,2021-01-01
2025-09-15 00:00:00,2025-09-14 23:00:00,1,-2,6.26427e-05,67,2021-01-01
2025-09-15 00:00:00,2025-09-14 23:00:00,-1,15,5.9981103e-05,68,2021-01-01
2025-09-15 00:00:00,2025-09-14 23:00:00,6,11,5.862706e-05,69,2021-01-01
2025-09-15 00:00:00,2025-09-14 23:00:00,-3,8,5.7768815e-05,70,2021-01-01
2025-09-15 00:00:00,2025-09-14 23:00:00,-2,16,5.7242887e-05,71,2021-01-01
2025-09-15 00:00:00,2025-09-14 23:00:00,-3,13,5.678933e-05,72,2021-01-01
2025-09-15 00:00:00,2025-09-14 23:00:00,2,9,5.676666e-05,73,2021-01-01
2025-09-15 00:00:00,2025-09-14 23:00:00,-4,3,5.5961078e-05,74,2021-01-01
2025-09-15 00:00:00,2025-09-14 23:00:00,-4,-4,5.5542874e-05,75,2021-01-01
2025-09-15 00:00:00,2025-09-14 23:00:00,-4,0,5.4799923e-05,76,2021-01-01
2025-09-15 00:00:00,2025-09-14 23:00:00,-5,1,5.448186e-05,77,2021-01-01
2025-09-15 00:00:00,2025-09-14 23:00:00,-1,6,5.3434593e-05,78,2021-01-01
2025-09-15 00:00:00,2025-09-14 23:00:00,0,11,5.3300028e-05,79,2021-01-01
2025-09-15 00:00:00,2025-09-14 23:00:00,0,18,5.2582647e-05,80,2021-01-01
2025-09-15 00:00:00,2025-09-14 23:00:00,-4,5,5.220521e-05,81,2021-01-01
2025-09-15 00:00:00,2025-09-14 23:00:00,2,-1,5.2026255e-05,82,2021-01-01
2025-09-15 00:00:00,2025-09-14 23:00:00,5,-1,5.0945182e-05,83,2021-01-01
2025-09-15 00:00:00,2025-09-14 23:00:00,-1,9,5.0642742e-05,84,2021-01-01
2025-09-15 00:00:00,2025-09-14 23:00:00,7,11,5.0438684e-05,85,2021-01-01
2025-09-15 00:00:00,2025-09-14 23:00:00,5,-2,5.0135073e-05,86,2021-01-01
2025-09-15 00:00:00,2025-09-14 23:00:00,0,14,4.9917886e-05,87,2021-01-01
2025-09-15 00:00:00,2025-09-14 23:00:00,-3,0,4.932813e-05,88,2021-01-01
2025-09-15 00:00:00,2025-09-14 23:00:00,3,1,4.860957e-05,89,2021-01-01
2025-09-15 00:00:00,2025-09-14 23:00:00,10,5,4.84458e-05,90,2021-01-01
2025-09-15 00:00:00,2025-09-14 23:00:00,2,8,4.7550577e-05,91,2021-01-01
2025-09-15 00:00:00,2025-09-14 23:00:00,2,7,4.740531e-05,92,2021-01-01
2025-09-15 00:00:00,2025-09-14 23:00:00,0,19,4.7401783e-05,93,2021-01-01
2025-09-15 00:00:00,2025-09-14 23:00:00,-1,5,4.692396e-05,94,2021-01-01
2025-09-15 00:00:00,2025-09-14 23:00:00,1,6,4.683522e-05,95,2021-01-01
2025-09-15 00:00:00,2025-09-14 23:00:00,-1,18,4.663791e-05,96,2021-01-01
2025-09-15 00:00:00,2025-09-14 23:00:00,10,3,4.6450474e-05,97,2021-01-01
2025-09-15 00:00:00,2025-09-14 23:00:00,4,1,4.6231813e-05,98,2021-01-01
2025-09-15 00:00:00,2025-09-14 23:00:00,0,5,4.622765e-05,99,2021-01-01
2025-09-15 00:00:00,2025-09-14 23:00:00,-1,8,4.5785604e-05,100,2021-01-01
2025-09-15 00:00:00,2025-09-14 23:00:00,-1,1,4.376699e-05,101,2021-01-01
2025-09-15 00:00:00,2025-09-14 23:00:00,0,-3,4.3681484e-05,102,2021-01-01
2025-09-15 00:00:00,2025-09-14 23:00:00,5,-3,4.2079715e-05,103,2021-01-01
2025-09-15 00:00:00,2025-09-14 23:00:00,1,5,4.127735e-05,104,2021-01-01
2025-09-15 00:00:00,2025-09-14 23:00:00,-3,2,4.115304e-05,105,2021-01-01
2025-09-15 00:00:00,2025-09-14 23:00:00,0,-5,4.0944044e-05,106,2021-01-01
2025-09-15 00:00:00,2025-09-14 23:00:00,-5,-5,4.07406e-05,107,2021-01-01
2025-09-15 00:00:00,2025-09-14 23:00:00,-1,2,4.0625255e-05,108,2021-01-01
2025-09-15 00:00:00,2025-09-14 23:00:00,1,2,4.0488714e-05,109,2021-01-01
2025-09-15 00:00:00,2025-09-14 23:00:00,-2,8,4.0204595e-05,110,2021-01-01
2025-09-15 00:00:00,2025-09-14 23:00:00,-9,-4,4.0141746e-05,111,2021-01-01
2025-09-15 00:00:00,2025-09-14 23:00:00,1,19,3.9690112e-05,112,2021-01-01
2025-09-15 00:00:00,2025-09-14 23:00:00,1,-3,3.9376857e-05,113,2021-01-01
2025-09-15 00:00:00,2025-09-14 23:00:00,2,20,3.9175695e-05,114,2021-01-01
2025-09-15 00:00:00,2025-09-14 23:00:00,3,17,3.8637907e-05,115,2021-01-01
2025-09-15 00:00:00,2025-09-14 23:00:00,6,5,3.842137e-05,116,2021-01-01
2025-09-15 00:00:00,2025-09-14 23:00:00,1,9,3.7736234e-05,117,2021-01-01
2025-09-15 00:00:00,2025-09-14 23:00:00,-10,10,3.7172686e-05,118,2021-01-01
2025-09-15 00:00:00,2025-09-14 23:00:00,1,11,3.670865e-05,119,2021-01-01
2025-09-15 00:00:00,2025-09-14 23:00:00,-5,-4,3.6466212e-05,120,2021-01-01
2025-09-15 00:00:00,2025-09-14 23:00:00,-10,8,3.6146546e-05,121,2021-01-01
2025-09-15 00:00:00,2025-09-14 23:00:00,1,20,3.589761e-05,122,2021-01-01
2025-09-15 00:00:00,2025-09-14 23:00:00,-2,-5,3.566221e-05,123,2021-01-01
2025-09-15 00:00:00,2025-09-14 23:00:00,1,1,3.557606e-05,124,2021-01-01
2025-09-15 00:00:00,2025-09-14 23:00:00,-1,3,3.5060715e-05,125,2021-01-01
2025-09-15 00:00:00,2025-09-14 23:00:00,-1,13,3.505753e-05,126,2021-01-01
2025-09-15 00:00:00,2025-09-14 23:00:00,-5,4,3.4697154e-05,127,2021-01-01
2025-09-15 00:00:00,2025-09-14 23:00:00,0,9,3.4301247e-05,128,2021-01-01
2025-09-15 00:00:00,2025-09-14 23:00:00,4,-1,3.354059e-05,129,2021-01-01
2025-09-15 00:00:00,2025-09-14 23:00:00,-2,3,3.352854e-05,130,2021-01-01
2025-09-15 00:00:00,2025-09-14 23:00:00,1,-5,3.352227e-05,131,2021-01-01
2025-09-15 00:00:00,2025-09-14 23:00:00,-4,10,3.291031e-05,132,2021-01-01
2025-09-15 00:00:00,2025-09-14 23:00:00,-4,12,3.280528e-05,133,2021-01-01
2025-09-15 00:00:00,2025-09-14 23:00:00,-9,-5,3.2753374e-05,134,2021-01-01
2025-09-15 00:00:00,2025-09-14 23:00:00,-3,11,3.263202e-05,135,2021-01-01
2025-09-15 00:00:00,2025-09-14 23:00:00,-3,12,3.263202e-05,136,2021-01-01
2025-09-15 00:00:00,2025-09-14 23:00:00,-2,1,3.2466658e-05,137,2021-01-01
2025-09-15 00:00:00,2025-09-14 23:00:00,3,-3,3.245898e-05,138,2021-01-01
2025-09-15 00:00:00,2025-09-14 23:00:00,-4,-5,3.20293e-05,139,2021-01-01
2025-09-15 00:00:00,2025-09-14 23:00:00,-2,13,3.1804677e-05,140,2021-01-01
2025-09-15 00:00:00,2025-09-14 23:00:00,-2,11,3.1759173e-05,141,2021-01-01
2025-09-15 00:00:00,2025-09-14 23:00:00,2,-3,3.1721396e-05,142,2021-01-01
2025-09-15 00:00:00,2025-09-14 23:00:00,-3,15,3.1506468e-05,143,2021-01-01
2025-09-15 00:00:00,2025-09-14 23:00:00,-9,6,3.123388e-05,144,2021-01-01
2025-09-15 00:00:00,2025-09-14 23:00:00,-3,14,3.1106436e-05,145,2021-01-01
2025-09-15 00:00:00,2025-09-14 23:00:00,-2,10,3.0971023e-05,146,2021-01-01
2025-09-15 00:00:00,2025-09-14 23:00:00,-5,11,3.0939304e-05,147,2021-01-01
2025-09-15 00:00:00,2025-09-14 23:00:00,-1,11,3.077844e-05,148,2021-01-01
2025-09-15 00:00:00,2025-09-14 23:00:00,7,-5,3.054187e-05,149,2021-01-01
2025-09-15 00:00:00,2025-09-14 23:00:00,-4,19,3.050209e-05,150,2021-01-01
2025-09-15 00:00:00,2025-09-14 23:00:00,-3,9,3.0404359e-05,151,2021-01-01
2025-09-15 00:00:00,2025-09-14 23:00:00,9,-2,2.9976405e-05,152,2021-01-01
2025-09-15 00:00:00,2025-09-14 23:00:00,-4,8,2.9933588e-05,153,2021-01-01
2025-09-15 00:00:00,2025-09-14 23:00:00,-5,15,2.9899142e-05,154,2021-01-01
2025-09-15 00:00:00,2025-09-14 23:00:00,6,3,2.9800265e-05,155,2021-01-01
2025-09-15 00:00:00,2025-09-14 23:00:00,10,-1,2.9743125e-05,156,2021-01-01
2025-09-15 00:00:00,2025-09-14 23:00:00,10,0,2.9743125e-05,157,2021-01-01
2025-09-15 00:00:00,2025-09-14 23:00:00,-2,9,2.9729921e-05,158,2021-01-01
2025-09-15 00:00:00,2025-09-14 23:00:00,-2,15,2.9723044e-05,159,2021-01-01
2025-09-15 00:00:00,2025-09-14 23:00:00,-3,7,2.968208e-05,160,2021-01-01
2025-09-15 00:00:00,2025-09-14 23:00:00,8,1,2.9507055e-05,161,2021-01-01
2025-09-15 00:00:00,2025-09-14 23:00:00,6,6,2.9370667e-05,162,2021-01-01
2025-09-15 00:00:00,2025-09-14 23:00:00,5,2,2.9267676e-05,163,2021-01-01
2025-09-15 00:00:00,2025-09-14 23:00:00,7,1,2.908323e-05,164,2021-01-01
2025-09-15 00:00:00,2025-09-14 23:00:00,8,-1,2.9079776e-05,165,2021-01-01
2025-09-15 00:00:00,2025-09-14 23:00:00,-5,9,2.9068047e-05,166,2021-01-01
2025-09-15 00:00:00,2025-09-14 23:00:00,-5,10,2.8974331e-05,167,2021-01-01
2025-09-15 00:00:00,2025-09-14 23:00:00,-6,15,2.8773075e-05,168,2021-01-01
2025-09-15 00:00:00,2025-09-14 23:00:00,5,3,2.8671457e-05,169,2021-01-01
2025-09-15 00:00:00,2025-09-14 23:00:00,-6,8,2.8493974e-05,170,2021-01-01
2025-09-15 00:00:00,2025-09-14 23:00:00,-4,17,2.8118462e-05,171,2021-01-01
2025-09-15 00:00:00,2025-09-14 23:00:00,2,-2,2.7647155e-05,172,2021-01-01
2025-09-15 00:00:00,2025-09-14 23:00:00,-3,18,2.746024e-05,173,2021-01-01
2025-09-15 00:00:00,2025-09-14 23:00:00,-8,6,2.7354929e-05,174,2021-01-01
2025-09-15 00:00:00,2025-09-14 23:00:00,7,-1,2.7246342e-05,175,2021-01-01
2025-09-15 00:00:00,2025-09-14 23:00:00,8,-3,2.6190035e-05,176,2021-01-01
2025-09-15 00:00:00,2025-09-14 23:00:00,5,-4,2.4005933e-05,177,2021-01-01
2025-09-15 00:00:00,2025-09-14 23:00:00,-1,-6,2.3148035e-05,178,2021-01-01
2025-09-15 00:00:00,2025-09-14 23:00:00,0,-6,2.3121991e-05,179,2021-01-01
2025-09-15 00:00:00,2025-09-14 23:00:00,4,-4,2.1829515e-05,180,2021-01-01
2025-09-15 00:00:00,2025-09-14 23:00:00,4,-6,1.8162575e-05,181,2021-01-01
2025-09-15 00:00:00,2025-09-14 23:00:00,8,-4,1.6911088e-05,182,2021-01-01
2025-09-15 00:00:00,2025-09-14 23:00:00,2,-7,1.6698172e-05,183,2021-01-01
2025-09-15 00:00:00,2025-09-14 23:00:00,1,-7,1.6666267e-05,184,2021-01-01
2025-09-15 00:00:00,2025-09-14 23:00:00,2,-6,1.6491567e-05,185,2021-01-01
2025-09-15 00:00:00,2025-09-14 23:00:00,-1,-7,1.5947793e-05,186,2021-01-01
