hour,grid_x,grid_y,center_latitude,center_longitude,city_quiet_3h,wind_from_deg,wind_speed,upwind_share_eea,upwind_eea_6km,target,risk_score,rank,relative_risk,arm
2025-01-01 20:00:00,0,0,35.96113574950244,126.9893688171416,0,3.5733499794708905,0.15152006914915583,,,0,0.007732538,1,100,R5
2025-01-01 20:00:00,9,1,35.97018224850733,127.08924752569042,0,148.21413650485192,0.33062929985299394,,,0,0.0029711127,2,38,R5
2025-01-01 20:00:00,1,0,35.96113574950244,127.0004664514248,0,5.681164722658195,0.15335019400634942,,,0,0.0013104063,3,17,R5
2025-01-01 20:00:00,-2,-3,35.93399625248779,126.96717354857519,0,359.75787104553353,0.15421528753802852,,,1,0.0011802927,4,15,R5
2025-01-01 20:00:00,0,-1,35.95208925049756,126.9893688171416,0,1.198897360205308,0.12257251074037555,,,0,0.00076429057,5,10,R5
2025-01-01 20:00:00,-1,0,35.96113574950244,126.97827118285839,0,2.808946724251655,0.16317751568817346,,,0,0.00050870335,6,7,R5
2025-01-01 20:00:00,0,-2,35.94304275149267,126.9893688171416,0,0.47760234821896574,0.10992767712398409,,,0,0.0004521437,7,6,R5
2025-01-01 20:00:00,1,-1,35.95208925049756,127.0004664514248,0,2.124521923008672,0.1258684549430806,,,0,0.0004050232,8,5,R5
2025-01-01 20:00:00,-1,-1,35.95208925049756,126.97827118285839,0,1.1790079109344447,0.13615111960314039,,,0,0.00026923663,9,3,R5
2025-01-01 20:00:00,-2,-1,35.95208925049756,126.96717354857519,0,0.6740175908840911,0.16452663150408092,,,0,0.00021706634,10,3,R5
2025-02-11 18:00:00,9,1,35.97018224850733,127.08924752569042,0,350.6931249973227,1.252214349387448,0.03536200235104229,8329.7,0,0.00031829873,1,100,R5
2025-02-11 18:00:00,0,0,35.96113574950244,126.9893688171416,0,333.6382896698595,1.795754729875797,0.058708304984923666,8991.400000000001,0,0.0002916754,2,92,R5
2025-02-11 18:00:00,-2,-2,35.94304275149267,126.96717354857519,0,333.23972480865353,1.8221516192207412,0.04084517500171618,2915.5,0,0.00016724052,3,53,R5
2025-02-11 18:00:00,-11,-5,35.91590325447802,126.86729484002636,0,16.723256218722952,1.5886588049551726,0.00879449542917672,1482.0,0,0.00014742523,4,46,R5
2025-02-11 18:00:00,-1,-1,35.95208925049756,126.97827118285839,0,332.3600214078643,1.837241278652159,0.03823805129961858,4152.400000000001,0,0.0001446639,5,45,R5
2025-02-11 18:00:00,1,0,35.96113574950244,127.0004664514248,0,333.65643290166184,1.7875264020901105,0.25046424214967433,41353.6,0,0.00014275181,6,45,R5
2025-02-11 18:00:00,-1,0,35.96113574950244,126.97827118285839,0,334.6745027502297,1.7773584651069219,0.062317472568734614,7169.700000000001,0,0.00013834804,7,43,R5
2025-02-11 18:00:00,0,-1,35.95208925049756,126.9893688171416,0,331.42648656475984,1.8593508550717324,0.021435893105316257,2386.1,1,0.00013234327,8,42,R5
2025-02-11 18:00:00,-2,-1,35.95208925049756,126.96717354857519,0,334.48108211881777,1.7920841499765217,0.07355704972935881,4309.2,0,0.00010712971,9,34,R5
2025-02-11 18:00:00,-2,0,35.96113574950244,126.96717354857519,0,336.86608976563025,1.7380618652335327,0.17232108945389693,15652.7,0,0.00010174045,10,32,R5
2025-02-21 08:00:00,9,1,35.97018224850733,127.08924752569042,1,94.01251233223667,0.488428819798541,,,0,0.007600028,1,100,R5
2025-02-21 08:00:00,0,0,35.96113574950244,126.9893688171416,1,105.37025475045948,0.577876526109324,,,0,0.000985714,2,13,R5
2025-02-21 08:00:00,0,-1,35.95208925049756,126.9893688171416,1,105.47112745674127,0.5925425583159984,,,0,0.0007670913,3,10,R5
2025-02-21 08:00:00,-2,-3,35.93399625248779,126.96717354857519,1,106.19194575417595,0.5906369482649388,,,0,0.00041794396,4,5,R5
2025-02-21 08:00:00,-1,0,35.96113574950244,126.97827118285839,1,105.58858487979296,0.572680180620578,,,0,0.00023431239,5,3,R5
2025-02-21 08:00:00,1,0,35.96113574950244,127.0004664514248,1,105.17197679849926,0.5772035287587353,,,1,0.00023295025,6,3,R5
2025-02-21 08:00:00,-11,-5,35.91590325447802,126.86729484002636,1,121.44073329626178,0.6334545326831192,,,0,0.00023229362,7,3,R5
2025-02-21 08:00:00,1,-1,35.95208925049756,127.0004664514248,1,105.40062446884247,0.5914933521767743,,,0,0.00016146082,8,2,R5
2025-02-21 08:00:00,-12,-5,35.91590325447802,126.85619720574316,1,121.50791907352186,0.6427059034424611,,,0,0.00014266952,9,2,R5
2025-02-21 08:00:00,-1,-1,35.95208925049756,126.97827118285839,1,105.62727967189903,0.5880233641042263,,,0,0.00012169638,10,2,R5
2025-03-20 05:00:00,-2,-2,35.94304275149267,126.96717354857519,1,51.47771780677351,1.2376722069099828,0.025793192143940886,1841.1,0,0.00076865946,1,100,R5
2025-03-20 05:00:00,9,1,35.97018224850733,127.08924752569042,1,89.12402051255407,1.127290163923944,0.045628390130377144,10748.0,0,0.0006774121,2,88,R5
2025-03-20 05:00:00,0,0,35.96113574950244,126.9893688171416,1,51.287631125350856,1.214676720581885,0.23346923158289248,35756.7,0,0.00045791702,3,60,R5
2025-03-20 05:00:00,-1,0,35.96113574950244,126.97827118285839,1,53.11064790979964,1.2217815846976479,0.33798604447411235,38885.7,0,0.00015206951,4,20,R5
2025-03-20 05:00:00,1,-1,35.95208925049756,127.0004664514248,1,47.78426143742837,1.2104810052414356,0.1791542208869281,26732.3,0,0.00015020139,5,20,R5
2025-03-20 05:00:00,1,0,35.96113574950244,127.0004664514248,1,51.436170366612714,1.2118548130078217,0.1629505086979537,26904.399999999998,0,0.00014929863,6,19,R5
2025-03-20 05:00:00,-2,-3,35.93399625248779,126.96717354857519,1,51.801362024034916,1.2462047047760911,0.23146578442733187,19155.9,0,0.00012768326,7,17,R5
2025-03-20 05:00:00,-11,-5,35.91590325447802,126.86729484002636,1,124.60404971201729,1.9738543854123096,0.34527711265202704,58184.2,0,0.00012305546,8,16,R5
2025-03-20 05:00:00,0,-1,35.95208925049756,126.9893688171416,1,47.441740840712896,1.210466668384272,0.18209594001794938,20269.7,0,0.00012076631,9,16,R5
2025-03-20 05:00:00,-3,-4,35.9249497534829,126.95607591429199,1,63.19131746310239,1.3260230257398935,0.13714804454987864,13944.5,0,7.198154e-05,10,9,R5
2025-03-20 22:00:00,9,1,35.97018224850733,127.08924752569042,0,200.2220414477558,1.1087285358700585,0.634958869495927,149567.80000000002,0,0.0019745026,1,100,R5
2025-03-20 22:00:00,0,0,35.96113574950244,126.9893688171416,0,194.41071014038937,0.6341240163420796,,,0,0.0016172263,2,82,R5
2025-03-20 22:00:00,1,0,35.96113574950244,127.0004664514248,0,194.47020413748876,0.6389193939400193,,,0,0.000656413,3,33,R5
2025-03-20 22:00:00,-2,-3,35.93399625248779,126.96717354857519,0,194.6358756002049,0.6333365989724532,,,0,0.0006012162,4,30,R5
2025-03-20 22:00:00,0,-1,35.95208925049756,126.9893688171416,0,192.1348383339686,0.5562553014241833,,,0,0.0005457839,5,28,R5
2025-03-20 22:00:00,-1,-1,35.95208925049756,126.97827118285839,0,193.27183894449138,0.5911649715560254,,,0,0.00045807377,6,23,R5
2025-03-20 22:00:00,-2,-2,35.94304275149267,126.96717354857519,0,194.45495186482262,0.6291699458900537,,,0,0.00037627236,7,19,R5
2025-03-20 22:00:00,-1,0,35.96113574950244,126.97827118285839,0,195.26195509157455,0.6642648013575058,,,0,0.0003248614,8,16,R5
2025-03-20 22:00:00,-4,-3,35.93399625248779,126.94497828000878,0,200.05943080943817,0.8960868586817524,,,0,0.00030885253,9,16,R5
2025-03-20 22:00:00,1,-1,35.95208925049756,127.0004664514248,0,192.35331137227772,0.5635918134068485,,,0,0.0002574493,10,13,R5
2025-04-14 21:00:00,0,0,35.96113574950244,126.9893688171416,1,57.33139819824913,1.5752486475188021,0.23346923158289248,35756.7,0,0.0031114465,1,100,R5
2025-04-14 21:00:00,-2,-2,35.94304275149267,126.96717354857519,1,57.436527804978596,1.6051425709656995,0.1251609360136622,8933.9,0,0.0012767026,2,41,R5
2025-04-14 21:00:00,1,-1,35.95208925049756,127.0004664514248,1,58.41870873412125,1.6473358017030202,0.26899839760236816,40138.3,0,0.0012591121,3,40,R5
2025-04-14 21:00:00,-1,-1,35.95208925049756,126.97827118285839,1,57.98194285854265,1.6241786634051656,0.24808597944258123,26940.5,0,0.0009092449,4,29,R5
2025-04-14 21:00:00,0,-1,35.95208925049756,126.9893688171416,1,58.48921399074743,1.6533201815483507,0.29740022081817724,33104.600000000006,1,0.00072339765,5,23,R5
2025-04-14 21:00:00,-2,-3,35.93399625248779,126.96717354857519,1,57.43169115148885,1.6135866990665164,0.3189606943526452,26396.899999999998,0,0.0006747572,6,22,R5
2025-04-14 21:00:00,1,0,35.96113574950244,127.0004664514248,1,57.315508024043766,1.5716719513399817,0.16339930639255082,26978.5,0,0.00056234584,7,18,R5
2025-04-14 21:00:00,-1,0,35.96113574950244,126.97827118285839,1,56.78212081405451,1.5458646735261692,0.24687182749940892,28402.899999999998,0,0.00045979282,8,15,R5
2025-04-14 21:00:00,0,-2,35.94304275149267,126.9893688171416,1,58.91544951763575,1.6824009850191168,0.3129726573325739,30604.000000000004,0,0.0004560794,9,15,R5
2025-04-14 21:00:00,-3,-4,35.9249497534829,126.95607591429199,1,54.670587769536155,1.5261902139637267,0.11718734632376952,11915.0,0,0.00037675267,10,12,R5
2025-04-16 19:00:00,9,1,35.97018224850733,127.08924752569042,1,211.0286444379914,2.2535385243340635,0.6315006552607013,148753.2,0,0.003111136,1,100,R5
2025-04-16 19:00:00,-2,-3,35.93399625248779,126.96717354857519,1,230.4296621246766,2.77220448369333,0.2298756269703271,19024.3,0,0.0016422011,2,53,R5
2025-04-16 19:00:00,-5,-2,35.94304275149267,126.93388064572558,1,222.30683131553224,2.69674955419969,0.32403323559361547,21129.300000000003,0,0.001238281,3,40,R5
2025-04-16 19:00:00,-2,-2,35.94304275149267,126.96717354857519,1,230.46781319951694,2.761979180063226,0.26604491778428757,18990.1,0,0.0012211421,4,39,R5
2025-04-16 19:00:00,-2,-4,35.9249497534829,126.96717354857519,1,229.4557037842746,2.774986611376201,0.206767254785855,22801.899999999998,0,0.001143128,5,37,R5
2025-04-16 19:00:00,-3,-4,35.9249497534829,126.95607591429199,1,227.09489583776534,2.765629979088321,0.2561391809966678,26042.899999999998,0,0.0011399536,6,37,R5
2025-04-16 19:00:00,1,-1,35.95208925049756,127.0004664514248,1,231.6963268348758,2.7690661398090475,0.048423772852261085,7225.5,0,0.0011131923,7,36,R5
2025-04-16 19:00:00,-4,-2,35.94304275149267,126.94497828000878,1,225.311659243293,2.7121873978032975,0.0892693095166493,4333.9,0,0.00091226416,8,29,R5
2025-04-16 19:00:00,-11,-5,35.91590325447802,126.86729484002636,1,208.559146718566,2.950936808725083,0.5114129644629988,86180.5,0,0.00085012196,9,27,R5
2025-04-16 19:00:00,-4,-3,35.93399625248779,126.94497828000878,1,225.15149439428822,2.739088140218987,0.14162434242206737,7793.8,0,0.0008422279,10,27,R5
2025-04-16 23:00:00,0,0,35.96113574950244,126.9893688171416,0,78.1326399642765,0.8479206154842966,,,0,0.004466334,1,100,R5
2025-04-16 23:00:00,9,1,35.97018224850733,127.08924752569042,0,173.80886167345693,1.728711263564864,0.41149098448728133,96928.79999999999,0,0.004434385,2,99,R5
2025-04-16 23:00:00,-2,-3,35.93399625248779,126.96717354857519,0,71.60895470381445,0.8191336135811791,,,0,0.0030525022,3,68,R5
2025-04-16 23:00:00,0,-1,35.95208925049756,126.9893688171416,0,55.39640024271989,0.7004845921189152,,,0,0.0023849136,4,53,R5
2025-04-16 23:00:00,-1,0,35.96113574950244,126.97827118285839,0,89.94638523262188,0.9053573402896105,,,0,0.002011029,5,45,R5
2025-04-16 23:00:00,1,0,35.96113574950244,127.0004664514248,0,80.40235220344726,0.8556662871754044,,,0,0.0017781908,6,40,R5
2025-04-16 23:00:00,-2,-4,35.9249497534829,126.96717354857519,0,85.40765342534047,0.8916308535242995,,,0,0.00092475204,7,21,R5
2025-04-16 23:00:00,-1,-1,35.95208925049756,126.97827118285839,0,63.032029577401204,0.7627199194982917,,,0,0.0008392739,8,19,R5
2025-04-16 23:00:00,-2,-2,35.94304275149267,126.96717354857519,0,71.90903719859244,0.8208065628847931,,,0,0.0008126278,9,18,R5
2025-04-16 23:00:00,-2,-1,35.95208925049756,126.96717354857519,0,86.29942243482606,0.8935431336125913,,,0,0.00080655684,10,18,R5
2025-04-19 18:00:00,2,0,35.96113574950244,127.011564085708,1,200.74586604767595,6.693116833197818,0.09758720295277352,21490.0,0,0.00022472965,1,100,R5
2025-04-19 18:00:00,0,0,35.96113574950244,126.9893688171416,1,200.34827980449245,6.880212666753247,0.06403758835889152,9807.6,0,0.00021242649,2,95,R5
2025-04-19 18:00:00,9,1,35.97018224850733,127.08924752569042,1,207.40245308491382,4.52027507859901,0.6279770635405475,147923.2,0,0.00020487564,3,91,R5
2025-04-19 18:00:00,-5,-2,35.94304275149267,126.93388064572558,1,203.53373520311212,6.009669080044342,0.3409945527487762,22235.3,0,0.00019691508,4,88,R5
2025-04-19 18:00:00,-2,-1,35.95208925049756,126.96717354857519,1,200.56523427482963,6.8482452668643425,0.060396257623785705,3538.2000000000003,0,0.00014621374,5,65,R5
2025-04-19 18:00:00,-4,-3,35.93399625248779,126.94497828000878,1,202.36460296270388,6.410236907221743,0.42524554119004565,23401.899999999998,0,0.00014059075,6,63,R5
2025-04-19 18:00:00,-4,4,35.99732174552198,126.94497828000878,1,209.13013039678103,4.391731236917694,0.01432301693420233,3887.4,0,0.00013901376,7,62,R5
2025-04-19 18:00:00,1,0,35.96113574950244,127.0004664514248,1,200.39385240151265,6.851170602483112,0.07690430131102226,12697.5,0,0.00013554421,8,60,R5
2025-04-19 18:00:00,-11,-5,35.91590325447802,126.86729484002636,1,206.71715002540483,5.372919745304734,0.5114129644629988,86180.5,0,0.00013434925,9,60,R5
2025-04-19 18:00:00,2,-1,35.95208925049756,127.011564085708,1,200.1228681528666,6.998466940642214,0.10472824980114433,21803.5,0,0.00013300394,10,59,R5
2025-04-25 07:00:00,9,1,35.97018224850733,127.08924752569042,1,79.88612853457062,0.23714764159651974,,,0,0.004678393,1,100,R5
2025-04-25 07:00:00,0,0,35.96113574950244,126.9893688171416,1,124.78191826611749,0.06178430199855844,,,0,0.0021584525,2,46,R5
2025-04-25 07:00:00,0,-1,35.95208925049756,126.9893688171416,1,129.318879472547,0.026602562028541343,,,0,0.0009982293,3,21,R5
2025-04-25 07:00:00,-1,0,35.96113574950244,126.97827118285839,1,126.26063265575817,0.07689718663055115,,,0,0.000941666,4,20,R5
2025-04-25 07:00:00,-2,-3,35.93399625248779,126.96717354857519,1,138.8214992958251,0.06686614021278316,,,1,0.00089122524,5,19,R5
2025-04-25 07:00:00,1,0,35.96113574950244,127.0004664514248,1,122.6744250145274,0.06287445871133696,,,0,0.0007826157,6,17,R5
2025-04-25 07:00:00,0,-2,35.94304275149267,126.9893688171416,1,132.9807304803478,0.011539219411485516,,,0,0.00038681086,7,8,R5
2025-04-25 07:00:00,1,-1,35.95208925049756,127.0004664514248,1,127.16359409601449,0.0296998588927437,,,0,0.0003546035,8,8,R5
2025-04-25 07:00:00,2,0,35.96113574950244,127.011564085708,1,119.85111570024151,0.07790033811656881,,,0,0.00035215475,9,8,R5
2025-04-25 07:00:00,-1,-1,35.95208925049756,126.97827118285839,1,130.87003851816382,0.043597459110242966,,,0,0.00034440946,10,7,R5
2025-05-07 21:00:00,9,1,35.97018224850733,127.08924752569042,0,212.5608974476708,1.0980688682603654,0.6315006552607013,148753.2,0,0.00059018,1,100,R5
2025-05-07 21:00:00,0,0,35.96113574950244,126.9893688171416,0,194.31185122492593,1.679459884265766,0.0839117279492902,12851.4,0,0.0004767387,2,81,R5
2025-05-07 21:00:00,2,0,35.96113574950244,127.011564085708,0,195.15839187410725,1.632977023982477,0.10625834134450554,23399.5,0,0.0003931964,3,67,R5
2025-05-07 21:00:00,0,-1,35.95208925049756,126.9893688171416,0,192.63600365547887,1.7541273856783985,0.10638890411118888,11842.5,1,0.0002988944,4,51,R5
2025-05-07 21:00:00,-2,-3,35.93399625248779,126.96717354857519,0,194.05254418621783,1.7145522348817404,0.4516989672434813,37382.2,0,0.00027624526,5,47,R5
2025-05-07 21:00:00,0,-2,35.94304275149267,126.9893688171416,0,192.02040460276223,1.7823192561837873,0.10599489287200786,10364.7,0,0.00025533888,6,43,R5
2025-05-07 21:00:00,-2,-1,35.95208925049756,126.96717354857519,0,195.03077732285897,1.6738248918748264,0.060396257623785705,3538.2000000000003,0,0.00022335823,7,38,R5
2025-05-07 21:00:00,-5,-2,35.94304275149267,126.93388064572558,0,206.07444414735045,1.4789376326248318,0.5878998024758002,38335.299999999996,0,0.00021038468,8,36,R5
2025-05-07 21:00:00,-3,-4,35.9249497534829,126.95607591429199,0,197.63473158847833,1.6233701970788905,0.4773336165893613,48532.79999999999,0,0.00020448187,9,35,R5
2025-05-07 21:00:00,-1,0,35.96113574950244,126.97827118285839,0,195.11945712633792,1.656709812385104,0.0051663954830545,594.4,0,0.00019963762,10,34,R5
2025-05-09 18:00:00,9,1,35.97018224850733,127.08924752569042,0,146.02749851211422,3.040776867453381,0.05308948946552208,12505.5,0,0.0013698168,1,100,R5
2025-05-09 18:00:00,-11,-5,35.91590325447802,126.86729484002636,0,151.1226625637678,3.266962550842122,0.3679208614095524,62000.0,0,0.00036448202,2,27,R5
2025-05-09 18:00:00,0,0,35.96113574950244,126.9893688171416,0,143.0530908358994,4.939532696106386,0.30941837551533163,47388.6,0,0.00035795593,3,26,R5
2025-05-09 18:00:00,-12,-5,35.91590325447802,126.85619720574316,0,150.9902049350502,3.209451892553736,0.5935751855519164,112219.89999999997,0,0.00033017973,4,24,R5
2025-05-09 18:00:00,1,0,35.96113574950244,127.0004664514248,0,143.07858481033054,4.919552321221348,0.3470514415430404,57300.9,0,0.00032681483,5,24,R5
2025-05-09 18:00:00,2,0,35.96113574950244,127.011564085708,0,143.23004561580285,4.788308095650757,0.38635768139344895,85081.09999999999,0,0.0003026535,6,22,R5
2025-05-09 18:00:00,-2,-3,35.93399625248779,126.96717354857519,0,143.18443760794491,5.071130624001355,0.21098827802622308,17461.2,0,0.00025194735,7,18,R5
2025-05-09 18:00:00,0,-1,35.95208925049756,126.9893688171416,0,142.80418430500822,5.224193566377948,0.31110298589656404,34629.9,0,0.00019999356,8,15,R5
2025-05-09 18:00:00,-1,0,35.96113574950244,126.97827118285839,0,143.1568854759953,4.839064214486307,0.2850261448815831,32792.6,0,0.0001662906,9,12,R5
2025-05-09 18:00:00,-3,-4,35.9249497534829,126.95607591429199,0,144.14237340678642,4.735398175369138,0.3841158281108003,39054.899999999994,0,0.00016565212,10,12,R5
2025-05-16 17:00:00,9,1,35.97018224850733,127.08924752569042,1,122.74528572291314,1.4508714908365217,0.0018148620004406614,427.5,0,0.004485035,1,100,R5
2025-05-16 17:00:00,1,0,35.96113574950244,127.0004664514248,1,140.36654084355507,1.6884616221949942,0.3470514415430404,57300.9,0,0.0010689317,2,24,R5
2025-05-16 17:00:00,-12,-5,35.91590325447802,126.85619720574316,1,110.95369712301283,2.815233862066303,0.30827165900762515,58281.09999999999,0,0.000845532,3,19,R5
2025-05-16 17:00:00,0,0,35.96113574950244,126.9893688171416,1,140.48123394018376,1.6943101133539236,0.30941837551533163,47388.6,0,0.000758288,4,17,R5
2025-05-16 17:00:00,2,0,35.96113574950244,127.011564085708,1,139.34177602861337,1.6783515611244018,0.4221579713850163,92964.8,0,0.0006912176,5,15,R5
2025-05-16 17:00:00,2,-1,35.95208925049756,127.011564085708,1,141.1626673620392,1.6989158813451997,0.36911886765626983,76847.3,0,0.0006287732,6,14,R5
2025-05-16 17:00:00,-11,-5,35.91590325447802,126.86729484002636,1,112.23468616783646,2.7132995211017277,0.3075842138213626,51832.399999999994,0,0.0005092877,7,11,R5
2025-05-16 17:00:00,0,-1,35.95208925049756,126.9893688171416,1,142.59287859080985,1.703755294008972,0.31110298589656404,34629.9,0,0.00042025847,8,9,R5
2025-05-16 17:00:00,3,-1,35.95208925049756,127.0226617199912,1,139.13250567056423,1.691855847743556,0.2958210438838189,80768.70000000001,0,0.0003439018,9,8,R5
2025-05-16 17:00:00,-5,-2,35.94304275149267,126.93388064572558,1,129.93994825929263,1.8817315702309019,0.24470303892821654,15956.400000000001,0,0.0003397366,10,8,R5
2025-05-23 21:00:00,9,1,35.97018224850733,127.08924752569042,0,81.66000989585052,1.4137132538062782,0.044660463730142125,10520.0,0,0.04521114,1,100,R5
2025-05-23 21:00:00,0,-1,35.95208925049756,126.9893688171416,0,74.54496480984847,2.608836208831994,0.2720411666889761,30281.8,0,0.014076028,2,31,R5
2025-05-23 21:00:00,-2,-3,35.93399625248779,126.96717354857519,0,74.51329606662966,2.5240345956806367,0.3915545239133823,32404.7,1,0.012468067,3,28,R5
2025-05-23 21:00:00,0,0,35.96113574950244,126.9893688171416,0,74.55118897981924,2.4645760705152258,0.252663009340937,38696.299999999996,0,0.009709541,4,21,R5
2025-05-23 21:00:00,-1,-1,35.95208925049756,126.97827118285839,0,74.50647407497047,2.5555993534575823,0.32228570060427253,34998.100000000006,0,0.0049462467,5,11,R5
2025-05-23 21:00:00,-4,-2,35.94304275149267,126.94497828000878,0,73.77254193131273,2.194881551394699,0.20069167802985052,9743.3,0,0.0025303944,6,6,R5
2025-05-23 21:00:00,1,0,35.96113574950244,127.0004664514248,0,74.65874043851187,2.451341547654366,0.1373405738553842,22676.0,0,0.0024671892,7,5,R5
2025-05-23 21:00:00,3,-1,35.95208925049756,127.0226617199912,0,75.13183165634558,2.391524102454564,0.4040349804766689,110314.6,0,0.0023751762,8,5,R5
2025-05-23 21:00:00,-12,-5,35.91590325447802,126.85619720574316,0,58.08108573247944,1.3478455888039031,0.011698022190062714,2211.6000000000004,0,0.0021083076,9,5,R5
2025-05-23 21:00:00,2,0,35.96113574950244,127.011564085708,0,74.84686861612943,2.3799464349577524,0.2007676193944689,44211.7,0,0.0019864046,10,4,R5
2025-05-25 21:00:00,9,1,35.97018224850733,127.08924752569042,1,276.80316177882116,1.6505154060501592,0.22517576567011285,53041.299999999996,0,0.001291317,1,100,R5
2025-05-25 21:00:00,-1,0,35.96113574950244,126.97827118285839,1,276.7957364853881,2.844867437867642,0.020609954524594264,2371.2,0,0.0002998799,2,23,R5
2025-05-25 21:00:00,-3,-4,35.9249497534829,126.95607591429199,1,276.9235573381028,2.7975632599457394,0.051202461180154785,5206.000000000001,0,0.00029372526,3,23,R5
2025-05-25 21:00:00,-2,-3,35.93399625248779,126.96717354857519,1,276.67421267821686,2.9975109058381664,0.01845839309513999,1527.6,0,0.00027985187,4,22,R5
2025-05-25 21:00:00,-5,-2,35.94304275149267,126.93388064572558,1,277.4228581140943,2.3887401891477964,0.03391650001840288,2211.6,0,0.00023579923,5,18,R5
2025-05-25 21:00:00,-4,-2,35.94304275149267,126.94497828000878,1,277.1391811198009,2.5902179476218383,0.0521292066094594,2530.8,0,0.00018258399,6,14,R5
2025-05-25 21:00:00,2,0,35.96113574950244,127.011564085708,1,276.7251780963327,2.8081915789959213,0.0027437034911152055,604.2,0,0.00017170986,7,13,R5
2025-05-25 21:00:00,-2,-2,35.94304275149267,126.96717354857519,1,276.684230555432,2.9801175567980263,0.022678843866499113,1618.8000000000002,0,0.00016962063,8,13,R5
2025-05-25 21:00:00,-2,-1,35.95208925049756,126.96717354857519,1,276.77402173620146,2.8857163467760527,0.030454175350911782,1784.1,0,0.00015463257,9,12,R5
2025-05-25 21:00:00,0,0,35.96113574950244,126.9893688171416,1,276.71336229726046,2.9074330305099423,0.01972526963092003,3021.0,0,0.00015463067,10,12,R5
2025-05-27 02:00:00,0,-1,35.95208925049756,126.9893688171416,0,43.71292934033494,0.5165376772033028,,,0,0.003346441,1,100,R5
2025-05-27 02:00:00,9,1,35.97018224850733,127.08924752569042,0,100.3189565497446,0.5598272775973178,,,0,0.0019771608,2,59,R5
2025-05-27 02:00:00,0,0,35.96113574950244,126.9893688171416,0,48.69430627843764,0.5345708537252809,,,0,0.0014858767,3,44,R5
2025-05-27 02:00:00,-2,-3,35.93399625248779,126.96717354857519,0,49.416511800784974,0.5489743772581501,,,0,0.001318935,4,39,R5
2025-05-27 02:00:00,1,0,35.96113574950244,127.0004664514248,0,49.08201200940107,0.5331215368457939,,,1,0.0008736703,5,26,R5
2025-05-27 02:00:00,-1,0,35.96113574950244,126.97827118285839,0,50.813720513370185,0.5455308671091711,,,0,0.0004110157,6,12,R5
2025-05-27 02:00:00,-12,-5,35.91590325447802,126.85619720574316,0,116.05822442447948,1.1960259519995569,0.30775911679826673,58184.19999999998,0,0.00039750978,7,12,R5
2025-05-27 02:00:00,3,-1,35.95208925049756,127.0226617199912,0,53.093807799718945,0.5452569383158664,,,0,0.00031426852,8,9,R5
2025-05-27 02:00:00,-4,4,35.99732174552198,126.94497828000878,0,68.32588518224463,0.5909235748118364,,,0,0.00031422757,9,9,R5
2025-05-27 02:00:00,-3,-4,35.9249497534829,126.95607591429199,0,63.751988719841734,0.619986340167946,,,0,0.00030503504,10,9,R5
2025-05-27 07:00:00,9,1,35.97018224850733,127.08924752569042,1,87.42363258220655,0.8692786334255438,,,0,0.007468894,1,100,R5
2025-05-27 07:00:00,0,-1,35.95208925049756,126.9893688171416,1,67.94561960642591,1.4598381758397148,0.26709836111228397,29731.6,0,0.0064977817,2,87,R5
2025-05-27 07:00:00,0,0,35.96113574950244,126.9893688171416,1,69.51880395714073,1.390813287353598,0.2019381824022649,30927.6,0,0.0023516677,3,31,R5
2025-05-27 07:00:00,-2,-3,35.93399625248779,126.96717354857519,1,69.61244558323529,1.43401467547333,0.3687570309488624,30518.0,0,0.0019969938,4,27,R5
2025-05-27 07:00:00,1,0,35.96113574950244,127.0004664514248,1,69.58001441350052,1.3842041674698273,0.1977429291650667,32648.899999999998,0,0.0014870748,5,20,R5
2025-05-27 07:00:00,3,-1,35.95208925049756,127.0226617199912,1,70.54352781300503,1.360632188006528,0.4210135577365755,114950.3,0,0.0011355558,6,15,R5
2025-05-27 07:00:00,-1,-1,35.95208925049756,126.97827118285839,1,68.66385818344821,1.436920340857526,0.212906125049957,23120.2,0,0.0010036965,7,13,R5
2025-05-27 07:00:00,-4,4,35.99732174552198,126.94497828000878,1,87.60523442917815,0.7728979043216269,,,0,0.0009247952,8,12,R5
2025-05-27 07:00:00,-12,-5,35.91590325447802,126.85619720574316,1,131.0421928615193,1.1877114638911896,0.381267402103909,72081.49999999999,0,0.0008595353,9,12,R5
2025-05-27 07:00:00,2,0,35.96113574950244,127.011564085708,1,70.3564984221112,1.350248739835978,0.2007676193944689,44211.7,0,0.00044604135,10,6,R5
2025-05-29 04:00:00,9,1,35.97018224850733,127.08924752569042,1,130.5598318074475,0.6913722577859935,,,0,0.002634624,1,100,R5
2025-05-29 04:00:00,-12,-5,35.91590325447802,126.85619720574316,1,107.98045226055837,1.0896822548121778,0.3098092856357004,58571.79999999999,0,0.0004847869,2,18,R5
2025-05-29 04:00:00,0,0,35.96113574950244,126.9893688171416,1,142.9479060768806,0.7136246931253464,,,0,0.00042465262,3,16,R5
2025-05-29 04:00:00,-2,-3,35.93399625248779,126.96717354857519,1,143.12967254804232,0.7325033385520727,,,1,0.00036980948,4,14,R5
2025-05-29 04:00:00,0,-1,35.95208925049756,126.9893688171416,1,145.85397325346833,0.7087022231337784,,,0,0.00030735534,5,12,R5
2025-05-29 04:00:00,1,0,35.96113574950244,127.0004664514248,1,142.999953258922,0.7126091781254394,,,0,0.00029284513,6,11,R5
2025-05-29 04:00:00,-5,-2,35.94304275149267,126.93388064572558,1,127.60621435716297,0.8059933815943524,,,0,0.00018400031,7,7,R5
2025-05-29 04:00:00,-11,-5,35.91590325447802,126.86729484002636,1,109.22543261402484,1.0825395552087285,0.3075842138213626,51832.399999999994,0,0.00017580549,8,7,R5
2025-05-29 04:00:00,2,0,35.96113574950244,127.011564085708,1,141.96138341978371,0.7140496600160331,,,0,0.00013381736,9,5,R5
2025-05-29 04:00:00,3,-1,35.95208925049756,127.0226617199912,1,142.1428365567922,0.7251545532781022,,,0,0.0001220966,10,5,R5
2025-05-29 21:00:00,9,1,35.97018224850733,127.08924752569042,1,303.3192198579553,1.249302366895906,0.12085707335566076,28468.500000000004,0,0.010312354,1,100,R5
2025-05-29 21:00:00,-2,-3,35.93399625248779,126.96717354857519,1,319.75660417398615,2.094239874084369,0.013155048810342306,1088.7,0,0.0016269758,2,16,R5
2025-05-29 21:00:00,0,0,35.96113574950244,126.9893688171416,1,320.2620175687901,2.037282301750798,0.029476251976771062,4514.4,0,0.0009893355,3,10,R5
2025-05-29 21:00:00,1,0,35.96113574950244,127.0004664514248,1,320.10986635362366,2.027004691654694,0.07337933156398427,12115.5,0,0.0008447031,4,8,R5
2025-05-29 21:00:00,1,-1,35.95208925049756,127.0004664514248,1,320.86034940418136,2.128840074467962,0.015914737165907467,2374.7000000000003,0,0.00084419124,5,8,R5
2025-05-29 21:00:00,2,0,35.96113574950244,127.011564085708,1,319.5200110165114,1.9757055844710683,0.14388731289163734,31685.9,1,0.0008371423,6,8,R5
2025-05-29 21:00:00,0,-1,35.95208925049756,126.9893688171416,1,320.98424709501126,2.1389828893111527,0.01656495674820529,1843.8999999999999,0,0.00077150465,7,7,R5
2025-05-29 21:00:00,-5,-2,35.94304275149267,126.93388064572558,1,313.49094622083237,1.780907067274801,0.0520111276055405,3391.5,0,0.00075595017,8,7,R5
2025-05-29 21:00:00,-2,-2,35.94304275149267,126.96717354857519,1,320.0198614445491,2.0834665479707075,0.05118710886769693,3653.7,0,0.0007110731,9,7,R5
2025-05-29 21:00:00,2,-1,35.95208925049756,127.011564085708,1,320.2168150391995,2.075217644574854,0.0803189568050907,16721.7,0,0.0006479919,10,6,R5
2025-06-04 02:00:00,-2,-3,35.93399625248779,126.96717354857519,1,110.78042780536418,0.5503182024297065,,,0,0.0015014801,1,100,R5
2025-06-04 02:00:00,9,1,35.97018224850733,127.08924752569042,1,113.80747500243552,0.6422819617403698,,,0,0.0012911119,2,86,R5
2025-06-04 02:00:00,1,0,35.96113574950244,127.0004664514248,1,108.97790316006558,0.5391759236316919,,,0,0.0011700491,3,78,R5
2025-06-04 02:00:00,0,-1,35.95208925049756,126.9893688171416,1,107.39988277937715,0.5181902468009916,,,0,0.0011084889,4,74,R5
2025-06-04 02:00:00,0,0,35.96113574950244,126.9893688171416,1,109.01342115681177,0.5383761974547816,,,0,0.0010484849,5,70,R5
2025-06-04 02:00:00,3,-1,35.95208925049756,127.0226617199912,1,110.13415721373667,0.5579770816616344,,,0,0.00080769527,6,54,R5
2025-06-04 02:00:00,-12,-5,35.91590325447802,126.85619720574316,1,157.7560223328751,1.0266994976007515,0.6466981491355015,122263.19999999998,0,0.00066898187,7,45,R5
2025-06-04 02:00:00,-3,-4,35.9249497534829,126.95607591429199,1,118.76988037424803,0.6212707896451637,,,0,0.0004461448,8,30,R5
2025-06-04 02:00:00,-5,-2,35.94304275149267,126.93388064572558,1,124.88462446069855,0.6779998258365735,,,0,0.0003827221,9,25,R5
2025-06-04 02:00:00,1,-1,35.95208925049756,127.0004664514248,1,107.52863891342002,0.5205477762533944,,,0,0.00036001668,10,24,R5
2025-06-07 03:00:00,-2,-3,35.93399625248779,126.96717354857519,1,55.30701004419052,0.8286871888344544,,,1,0.023864582,1,100,R5
2025-06-07 03:00:00,9,1,35.97018224850733,127.08924752569042,1,96.99401349648929,0.7552590005708069,,,0,0.012078633,2,51,R5
2025-06-07 03:00:00,-2,-2,35.94304275149267,126.96717354857519,1,54.97664990174309,0.8239307144427126,,,0,0.0036028393,3,15,R5
2025-06-07 03:00:00,1,0,35.96113574950244,127.0004664514248,1,55.171830826299754,0.808395998304758,,,0,0.0028516545,4,12,R5
2025-06-07 03:00:00,3,-1,35.95208925049756,127.0226617199912,1,58.00417033388169,0.8164460708262288,,,0,0.0025387711,5,11,R5
2025-06-07 03:00:00,2,0,35.96113574950244,127.011564085708,1,57.054054225248024,0.8077834702517586,,,0,0.002487576,6,10,R5
2025-06-07 03:00:00,0,0,35.96113574950244,126.9893688171416,1,54.89895309980534,0.8103268525782426,,,0,0.0023782765,7,10,R5
2025-06-07 03:00:00,0,-1,35.95208925049756,126.9893688171416,1,51.656103004436204,0.8070492692952883,,,0,0.0023243923,8,10,R5
2025-06-07 03:00:00,-12,-5,35.91590325447802,126.85619720574316,1,135.14194349631032,1.1152937529302445,0.381267402103909,72081.49999999999,0,0.0022187287,9,9,R5
2025-06-07 03:00:00,-3,-4,35.9249497534829,126.95607591429199,1,65.20067696285514,0.8751273549764997,,,0,0.0011367082,10,5,R5
2025-06-07 07:00:00,-2,-3,35.93399625248779,126.96717354857519,1,80.34276009453743,0.1940644845507357,,,1,0.06506653,1,100,R5
2025-06-07 07:00:00,9,1,35.97018224850733,127.08924752569042,1,137.14436384942007,0.4853671142032296,,,0,0.014620345,2,22,R5
2025-06-07 07:00:00,1,0,35.96113574950244,127.0004664514248,1,80.83266238509378,0.19338616709878517,,,0,0.0069288774,3,11,R5
2025-06-07 07:00:00,-2,-2,35.94304275149267,126.96717354857519,1,77.71115145723991,0.19113730987619765,,,0,0.006747938,4,10,R5
2025-06-07 07:00:00,0,-1,35.95208925049756,126.9893688171416,1,21.172569361631588,0.13922518061332465,,,0,0.005537536,5,9,R5
2025-06-07 07:00:00,3,-1,35.95208925049756,127.0226617199912,1,104.31311697097811,0.22509324419036011,,,0,0.0054410994,6,8,R5
2025-06-07 07:00:00,2,0,35.96113574950244,127.011564085708,1,100.14223627371689,0.21689295898765326,,,0,0.005274886,7,8,R5
2025-06-07 07:00:00,0,0,35.96113574950244,126.9893688171416,1,78.76832466278722,0.19109985009143282,,,0,0.0047319066,8,7,R5
2025-06-07 07:00:00,3,-2,35.94304275149267,127.0226617199912,1,92.92483388500972,0.20848310546390458,,,0,0.0031990819,9,5,R5
2025-06-07 07:00:00,-12,-5,35.91590325447802,126.85619720574316,1,144.81551387424986,1.0100144998287985,0.3728011992112456,70480.89999999998,0,0.0022558945,10,3,R5
2025-06-08 03:00:00,-2,-3,35.93399625248779,126.96717354857519,0,64.87120319124267,0.799903841908456,,,1,0.021572508,1,100,R5
2025-06-08 03:00:00,9,1,35.97018224850733,127.08924752569042,0,80.1974703391599,0.6844209980501968,,,0,0.019157212,2,89,R5
2025-06-08 03:00:00,1,0,35.96113574950244,127.0004664514248,0,64.47645575427327,0.7775797802833704,,,0,0.0020428507,3,9,R5
2025-06-08 03:00:00,0,0,35.96113574950244,126.9893688171416,0,64.35610912338473,0.7779310814053941,,,0,0.0017187783,4,8,R5
2025-06-08 03:00:00,0,-1,35.95208925049756,126.9893688171416,0,62.772191800368546,0.7940476767227455,,,0,0.0017028874,5,8,R5
2025-06-08 03:00:00,-2,-2,35.94304275149267,126.96717354857519,0,64.59578194500159,0.7933026175090839,,,0,0.0009789256,6,5,R5
2025-06-08 03:00:00,-12,-5,35.91590325447802,126.85619720574316,0,87.23297223998452,0.9193664074349813,,,0,0.00088314177,7,4,R5
2025-06-08 03:00:00,2,0,35.96113574950244,127.011564085708,0,65.3568317510314,0.7720806919483202,,,0,0.00084900047,8,4,R5
2025-06-08 03:00:00,-3,-4,35.9249497534829,126.95607591429199,0,69.63384804660313,0.8146440356719605,,,0,0.00081621256,9,4,R5
2025-06-08 03:00:00,-5,-2,35.94304275149267,126.93388064572558,0,74.09985138030163,0.774455224631566,,,0,0.00078886695,10,4,R5
2025-06-09 07:00:00,9,1,35.97018224850733,127.08924752569042,1,87.44644830396646,1.1341706791848254,0.045628390130377144,10748.0,0,0.016912526,1,100,R5
2025-06-09 07:00:00,-2,-3,35.93399625248779,126.96717354857519,1,93.81805017757836,1.8111829979407363,0.5057171960545728,41852.7,1,0.0056367503,2,33,R5
2025-06-09 07:00:00,2,0,35.96113574950244,127.011564085708,1,93.22756992130093,1.7145885909799194,0.40768246059615837,89777.09999999999,0,0.0044478024,3,26,R5
2025-06-09 07:00:00,0,0,35.96113574950244,126.9893688171416,1,93.4982159534099,1.7642248906292854,0.37315757101684716,57150.5,0,0.004299512,4,25,R5
2025-06-09 07:00:00,3,-1,35.95208925049756,127.0226617199912,1,93.18262353239032,1.720348399799216,0.6013153022554476,164178.50000000003,0,0.0039949534,5,24,R5
2025-06-09 07:00:00,1,0,35.96113574950244,127.0004664514248,1,93.40415153861579,1.7563780018818251,0.29971751788831297,49485.7,0,0.0035565412,6,21,R5
2025-06-09 07:00:00,-12,-5,35.91590325447802,126.85619720574316,1,101.17625393675723,1.5681591917256852,0.27542822928038857,52071.79999999999,0,0.0028334397,7,17,R5
2025-06-09 07:00:00,0,-1,35.95208925049756,126.9893688171416,1,93.58478381023053,1.848631362152097,0.5336424308685486,59401.5,0,0.0023108996,8,14,R5
2025-06-09 07:00:00,1,-1,35.95208925049756,127.0004664514248,1,93.54344376272434,1.8399868463270357,0.44846760254909235,66917.6,0,0.0021791656,9,13,R5
2025-06-09 07:00:00,3,-2,35.94304275149267,127.0226617199912,1,93.31012176566861,1.7610442737592669,0.6348295533602337,171094.5,0,0.0013449555,10,8,R5
2025-06-11 23:00:00,9,1,35.97018224850733,127.08924752569042,0,179.07014669290265,0.8094536677557226,,,0,0.012196547,1,100,R5
2025-06-11 23:00:00,-2,-3,35.93399625248779,126.96717354857519,0,173.3479221478642,1.1672923771893382,0.2322922796405471,19224.300000000003,0,0.0073998705,2,61,R5
2025-06-11 23:00:00,1,0,35.96113574950244,127.0004664514248,0,172.98442764022866,1.1460724124620698,0.14728074627606932,24317.199999999997,0,0.0053622606,3,44,R5
2025-06-11 23:00:00,2,0,35.96113574950244,127.011564085708,0,173.12650696194203,1.1255967177082098,0.20217443723880438,44521.5,1,0.0044409595,4,36,R5
2025-06-11 23:00:00,-3,-4,35.9249497534829,126.95607591429199,0,174.29070019955657,1.132925725895877,0.4800835605282725,48812.399999999994,0,0.0033593134,5,28,R5
2025-06-11 23:00:00,0,0,35.96113574950244,126.9893688171416,0,172.87375304028114,1.1528636331169109,0.15557563703936828,23827.0,0,0.0028511612,6,23,R5
2025-06-11 23:00:00,-5,-2,35.94304275149267,126.93388064572558,0,173.32269279111847,1.0938953894174757,0.34190396152572106,22294.6,0,0.0027907752,7,23,R5
2025-06-11 23:00:00,-12,-5,35.91590325447802,126.85619720574316,0,257.0727217509076,0.9224432323333704,,,0,0.0015401595,8,13,R5
2025-06-11 23:00:00,-2,-2,35.94304275149267,126.96717354857519,0,173.15302202505313,1.1666779072026587,0.058215757229336786,4155.4,0,0.0013966964,9,11,R5
2025-06-11 23:00:00,3,-2,35.94304275149267,127.0226617199912,0,173.59815456459614,1.1437815126348345,0.06871109874310097,18518.5,0,0.0012059094,10,10,R5
2025-06-13 15:00:00,9,1,35.97018224850733,127.08924752569042,1,17.21653700128428,1.6885015589873278,0.009606669522332566,2262.8999999999996,0,0.01181079,1,100,R5
2025-06-13 15:00:00,-2,-3,35.93399625248779,126.96717354857519,1,19.567577474739267,2.299848876659411,0.01597890745549432,1322.4,0,0.0025942235,2,22,R5
2025-06-13 15:00:00,2,0,35.96113574950244,127.011564085708,1,19.423248156300588,2.204959676765539,0.14049196846875278,30938.199999999997,0,0.0015627202,3,13,R5
2025-06-13 15:00:00,-5,-2,35.94304275149267,126.93388064572558,1,20.47626146691647,1.9734034357771177,0.0732526469469629,4776.599999999999,0,0.0011489462,4,10,R5
2025-06-13 15:00:00,1,0,35.96113574950244,127.0004664514248,1,19.491687533360846,2.2445395326771176,0.3613190897098744,59656.6,0,0.0010046876,5,9,R5
2025-06-13 15:00:00,-6,4,35.99732174552198,126.92278301144238,1,17.561154147052036,1.1054208060608068,0.6131302644698988,113510.4,0,0.0009754847,6,8,R5
2025-06-13 15:00:00,-12,-5,35.91590325447802,126.85619720574316,1,27.39050766745345,1.8404163478825317,0.007627834056922335,1442.1,0,0.00093745574,7,8,R5
2025-06-13 15:00:00,-2,-2,35.94304275149267,126.96717354857519,1,19.558471127656958,2.2881281847735235,0.03765097164023743,2687.5,0,0.0008689882,8,7,R5
2025-06-13 15:00:00,3,-1,35.95208925049756,127.0226617199912,1,19.057183959831036,2.223680687811144,0.11338878220635436,30958.800000000003,0,0.000637343,9,5,R5
2025-06-13 15:00:00,0,0,35.96113574950244,126.9893688171416,1,19.531165082051643,2.248753633127062,0.3934332677347869,60255.799999999996,0,0.00062882627,10,5,R5
2025-06-13 22:00:00,9,1,35.97018224850733,127.08924752569042,0,107.38496178951067,2.424880630037,0.0035983088457859757,847.6,0,0.02148057,1,100,R5
2025-06-13 22:00:00,-2,-3,35.93399625248779,126.96717354857519,0,108.86568292693988,4.417526027585624,0.5002954357889343,41404.0,0,0.0058145425,2,27,R5
2025-06-13 22:00:00,-12,-5,35.91590325447802,126.85619720574316,0,104.16387956725964,3.2876142342744146,0.27542822928038857,52071.79999999999,0,0.0048238696,3,22,R5
2025-06-13 22:00:00,0,0,35.96113574950244,126.9893688171416,0,108.86392183703782,4.28877968446476,0.3612042273844985,55319.799999999996,1,0.0021622374,4,10,R5
2025-06-13 22:00:00,2,0,35.96113574950244,127.011564085708,0,108.79265128975169,4.14084981616722,0.42623447357630084,93862.5,0,0.0020728004,5,10,R5
2025-06-13 22:00:00,3,-1,35.95208925049756,127.0226617199912,0,108.79346506103786,4.162199848994917,0.5566085038290342,151972.1,0,0.0010860822,6,5,R5
2025-06-13 22:00:00,1,-1,35.95208925049756,127.0004664514248,0,108.9365919688617,4.518098141758001,0.4224170804462587,63030.5,0,0.00092519214,7,4,R5
2025-06-13 22:00:00,0,-1,35.95208925049756,126.9893688171416,0,108.94664677106084,4.543421602774164,0.46323035971442766,51563.7,0,0.00074208365,8,3,R5
2025-06-13 22:00:00,1,0,35.96113574950244,127.0004664514248,0,108.8489452253774,4.265825402479195,0.4190710553953235,69191.9,0,0.00073849614,9,3,R5
2025-06-13 22:00:00,-5,-2,35.94304275149267,126.93388064572558,0,108.51472015417426,3.626053061958953,0.18948060950324505,12355.5,0,0.00070700515,10,3,R5
2025-06-14 07:00:00,9,1,35.97018224850733,127.08924752569042,1,68.8341388972159,1.4768780398083605,0.044660463730142125,10520.0,0,0.015121404,1,100,R5
2025-06-14 07:00:00,0,0,35.96113574950244,126.9893688171416,1,60.71922165025637,1.9428080697525711,0.23093125994914918,35368.0,0,0.0078008496,2,52,R5
2025-06-14 07:00:00,-2,-3,35.93399625248779,126.96717354857519,1,61.27284252861159,1.9747432643020768,0.3297051321244431,27286.1,1,0.0062738196,3,41,R5
2025-06-14 07:00:00,3,-1,35.95208925049756,127.0226617199912,1,61.71610925535589,1.9148557468897762,0.2627293547320226,71733.6,0,0.0016784188,4,11,R5
2025-06-14 07:00:00,-12,-5,35.91590325447802,126.85619720574316,1,86.55362520285456,1.7419717510045825,0.11347970142432783,21454.199999999997,0,0.0015536585,5,10,R5
2025-06-14 07:00:00,-1,-1,35.95208925049756,126.97827118285839,1,60.458489488852194,1.9709148911109533,0.29859549475382485,32425.5,0,0.0014690362,6,10,R5
2025-06-14 07:00:00,2,0,35.96113574950244,127.011564085708,1,61.217924221815224,1.908930497787765,0.1424891230457016,31378.0,0,0.0014677974,7,10,R5
2025-06-14 07:00:00,0,-1,35.95208925049756,126.9893688171416,1,60.139801318088644,1.9801576867140107,0.26238733376874107,29207.2,0,0.0011653634,8,8,R5
2025-06-14 07:00:00,1,-1,35.95208925049756,127.0004664514248,1,60.238975652022816,1.9750996402066479,0.30464990191932523,45458.0,0,0.0008542145,9,6,R5
2025-06-14 07:00:00,3,-2,35.94304275149267,127.0226617199912,1,61.63186979109372,1.9406352806680356,0.42765029451324144,115257.09999999998,0,0.00060688524,10,4,R5
2025-06-18 23:00:00,9,1,35.97018224850733,127.08924752569042,1,35.391726761915095,0.3220997738901341,,,0,0.036402036,1,100,R5
2025-06-18 23:00:00,-2,-3,35.93399625248779,126.96717354857519,1,357.89682681136935,0.31448379881837196,,,0,0.03425561,2,94,R5
2025-06-18 23:00:00,0,0,35.96113574950244,126.9893688171416,1,358.94365494758324,0.30851568067708995,,,0,0.0070014093,3,19,R5
2025-06-18 23:00:00,0,-1,35.95208925049756,126.9893688171416,1,359.55475670626925,0.3047352453574526,,,0,0.00333383,4,9,R5
2025-06-18 23:00:00,1,0,35.96113574950244,127.0004664514248,1,359.24102827301743,0.3085803372258064,,,0,0.0031602848,5,9,R5
2025-06-18 23:00:00,2,0,35.96113574950244,127.011564085708,1,359.490002399184,0.310555750964028,,,0,0.0027486745,6,8,R5
2025-06-18 23:00:00,-12,-5,35.91590325447802,126.85619720574316,1,307.8797814710435,0.3469996862340336,,,0,0.0024661978,7,7,R5
2025-06-18 23:00:00,-2,-2,35.94304275149267,126.96717354857519,1,358.148496806212,0.31222054950881395,,,0,0.0024387187,8,7,R5
2025-06-18 23:00:00,-3,-4,35.9249497534829,126.95607591429199,1,353.171833943526,0.33531285197193217,,,0,0.0019562377,9,5,R5
2025-06-18 23:00:00,-4,-3,35.93399625248779,126.94497828000878,1,350.79030842875113,0.33802071339865913,,,0,0.0018312101,10,5,R5
2025-06-19 04:00:00,9,1,35.97018224850733,127.08924752569042,1,51.474403743947505,0.7122430277698046,,,0,0.009145063,1,100,R5
2025-06-19 04:00:00,1,-1,35.95208925049756,127.0004664514248,1,41.53548657047941,1.1583620956263143,0.2397484416666276,35773.8,0,0.0026720546,2,29,R5
2025-06-19 04:00:00,-2,-3,35.93399625248779,126.96717354857519,1,41.485870380704796,1.128213530261517,0.015634534449987976,1293.8999999999999,1,0.0021012544,3,23,R5
2025-06-19 04:00:00,0,0,35.96113574950244,126.9893688171416,1,41.625453721472354,1.1056997783881874,0.34760221424476573,53236.6,0,0.0018607071,4,20,R5
2025-06-19 04:00:00,0,-1,35.95208925049756,126.9893688171416,1,41.452265724572385,1.163602224496732,0.18209594001794938,20269.7,0,0.001051818,5,12,R5
2025-06-19 04:00:00,-2,-2,35.94304275149267,126.96717354857519,1,41.45173192238508,1.1248665177545893,0.020363046429427017,1453.5,0,0.0008051872,6,9,R5
2025-06-19 04:00:00,3,-1,35.95208925049756,127.0226617199912,1,42.44615364894736,1.0808950613985802,0.11757546634592318,32101.9,0,0.0007055599,7,8,R5
2025-06-19 04:00:00,-1,0,35.96113574950244,126.97827118285839,1,41.57018623307499,1.0856602427360158,0.3863497295117304,44450.0,0,0.0006713244,8,7,R5
2025-06-19 04:00:00,2,0,35.96113574950244,127.011564085708,1,42.05809290982853,1.073971351353356,0.09893725764974232,21787.3,0,0.00066727906,9,7,R5
2025-06-19 04:00:00,1,0,35.96113574950244,127.0004664514248,1,41.757590574327025,1.1012478325293695,0.18004237231675307,29726.4,0,0.0005629564,10,6,R5
2025-06-19 05:00:00,9,1,35.97018224850733,127.08924752569042,0,31.861712096611825,0.62767505125245,,,0,0.01384987,1,100,R5
2025-06-19 05:00:00,-2,-3,35.93399625248779,126.96717354857519,0,353.80547420561896,0.3132095360039465,,,0,0.012237098,2,88,R5
2025-06-19 05:00:00,0,0,35.96113574950244,126.9893688171416,0,356.6310843016757,0.31616305117184473,,,0,0.0013453765,3,10,R5
2025-06-19 05:00:00,1,-1,35.95208925049756,127.0004664514248,0,358.9505551585359,0.254424080203095,,,0,0.00060151686,4,4,R5
2025-06-19 05:00:00,1,0,35.96113574950244,127.0004664514248,0,357.7134561554896,0.3168343306950553,,,0,0.00052156026,5,4,R5
2025-06-19 05:00:00,0,-1,35.95208925049756,126.9893688171416,0,358.4307103866247,0.2487654745426614,,,1,0.0004893891,6,4,R5
2025-06-19 05:00:00,2,0,35.96113574950244,127.011564085708,0,358.7828448742351,0.3434891355210158,,,0,0.0004061245,7,3,R5
2025-06-19 05:00:00,-2,-2,35.94304275149267,126.96717354857519,0,354.20034459088396,0.3122949113349925,,,0,0.00040094284,8,3,R5
2025-06-19 05:00:00,3,-1,35.95208925049756,127.0226617199912,0,1.360409575774895,0.34985037076450726,,,0,0.00035235143,9,3,R5
2025-06-19 05:00:00,-1,0,35.96113574950244,126.97827118285839,0,354.81985894985644,0.3466474666037482,,,0,0.00034851045,10,3,R5
2025-06-20 14:00:00,-2,-3,35.93399625248779,126.96717354857519,0,217.68761310066452,3.9453837394005284,0.3619142789131346,29951.7,0,0.005415311,1,100,R5
2025-06-20 14:00:00,9,1,35.97018224850733,127.08924752569042,0,209.9620346225394,2.8910588981144154,0.6279770635405475,147923.2,0,0.004533759,2,84,R5
2025-06-20 14:00:00,2,0,35.96113574950244,127.011564085708,0,217.357485311406,3.783317842156824,0.054165665743168105,11928.0,1,0.003159785,3,58,R5
2025-06-20 14:00:00,-4,-2,35.94304275149267,126.94497828000878,0,214.00288280293503,3.856026652299394,0.45800084863415225,22235.3,0,0.0022657162,4,42,R5
2025-06-20 14:00:00,3,-1,35.95208925049756,127.0226617199912,0,217.1188366879448,3.7977260570567677,0.10367344815979647,28306.199999999997,0,0.0016134387,5,30,R5
2025-06-20 14:00:00,-5,-2,35.94304275149267,126.93388064572558,0,211.57548521978498,3.845363233529676,0.30672533094504906,20000.7,0,0.0015034452,6,28,R5
2025-06-20 14:00:00,-2,-2,35.94304275149267,126.96717354857519,0,217.73247999833404,3.929143537360009,0.3123398520299302,22294.6,0,0.00084544224,7,16,R5
2025-06-20 14:00:00,1,0,35.96113574950244,127.0004664514248,0,217.78780975909692,3.8401941719324078,0.07124254577918185,11762.7,0,0.0004134162,8,8,R5
2025-06-20 14:00:00,1,-1,35.95208925049756,127.0004664514248,0,218.6365671626288,3.938577501726565,0.08012993427556012,11956.5,0,0.0003467263,9,6,R5
2025-06-20 14:00:00,-3,-4,35.9249497534829,126.95607591429199,0,215.39146882459596,3.9352323107114153,0.2546815926856999,25894.699999999997,0,0.00033792845,10,6,R5
2025-06-21 20:00:00,-2,-3,35.93399625248779,126.96717354857519,1,57.51296323479903,3.7903456613878994,0.3189606943526452,26396.899999999998,1,0.007742971,1,100,R5
2025-06-21 20:00:00,0,0,35.96113574950244,126.9893688171416,1,57.501856730773795,3.6810686901340532,0.23346923158289248,35756.7,0,0.0063661016,2,82,R5
2025-06-21 20:00:00,9,1,35.97018224850733,127.08924752569042,1,59.18380143005487,2.3453460205561902,0.0495242938913231,11665.7,0,0.0037599197,3,49,R5
2025-06-21 20:00:00,2,0,35.96113574950244,127.011564085708,1,57.60401910798424,3.5764431408428607,0.18659090981334914,41089.799999999996,0,0.0032782182,4,42,R5
2025-06-21 20:00:00,1,-1,35.95208925049756,127.0004664514248,1,57.21095892004615,3.8633192839422232,0.26899839760236816,40138.3,0,0.0032771628,5,42,R5
2025-06-21 20:00:00,-2,-2,35.94304275149267,126.96717354857519,1,57.504399323163,3.7674746465391986,0.1251609360136622,8933.9,0,0.0026901963,6,35,R5
2025-06-21 20:00:00,0,-1,35.95208925049756,126.9893688171416,1,57.19638388196688,3.880880010937307,0.29740022081817724,33104.600000000006,0,0.0023653093,7,31,R5
2025-06-21 20:00:00,-4,-2,35.94304275149267,126.94497828000878,1,58.76766939543131,3.35711886388378,0.03275686631540354,1590.3,0,0.0015853639,8,20,R5
2025-06-21 20:00:00,1,0,35.96113574950244,127.0004664514248,1,57.49429241966419,3.667340325886024,0.16339930639255082,26978.5,0,0.0015565144,9,20,R5
2025-06-21 20:00:00,3,-1,35.95208925049756,127.0226617199912,1,57.55686027624853,3.6052588268070713,0.22003990004113064,60077.99999999999,0,0.0013675416,10,18,R5
2025-06-24 06:00:00,9,1,35.97018224850733,127.08924752569042,1,80.55601143415686,0.9650794395989912,,,0,0.0529612,1,100,R5
2025-06-24 06:00:00,-2,-3,35.93399625248779,126.96717354857519,1,68.54293504639912,1.0557614570030622,0.3687570309488624,30518.0,1,0.021536881,2,41,R5
2025-06-24 06:00:00,0,0,35.96113574950244,126.9893688171416,1,68.58196082801794,1.0269746072467218,0.2019381824022649,30927.6,0,0.006503608,3,12,R5
2025-06-24 06:00:00,0,-1,35.95208925049756,126.9893688171416,1,67.54648766603043,1.015353467619487,0.26709836111228397,29731.6,0,0.005684694,4,11,R5
2025-06-24 06:00:00,3,-1,35.95208925049756,127.0226617199912,1,69.99729638862107,1.036953049808603,0.3929121206538567,107277.7,0,0.0038335782,5,7,R5
2025-06-24 06:00:00,1,-1,35.95208925049756,127.0004664514248,1,67.72878879972694,1.0158571822660074,0.26081015240537236,38916.49999999999,0,0.0036773288,6,7,R5
2025-06-24 06:00:00,-1,-1,35.95208925049756,126.97827118285839,1,67.96471907442793,1.0270907668506808,0.212906125049957,23120.2,0,0.0028127239,7,5,R5
2025-06-24 06:00:00,-4,-2,35.94304275149267,126.94497828000878,1,70.54485093433169,1.1553183763708768,0.20069167802985052,9743.3,0,0.0024071857,8,5,R5
2025-06-24 06:00:00,2,0,35.96113574950244,127.011564085708,1,69.4941922142217,1.0249756940580919,0.1454657824936096,32033.5,0,0.0022738185,9,4,R5
2025-06-24 06:00:00,-2,-2,35.94304275149267,126.96717354857519,1,68.41341620784067,1.0483214746404197,0.24920249988442028,17787.9,0,0.0013649155,10,3,R5
2025-06-24 08:00:00,9,1,35.97018224850733,127.08924752569042,0,30.341036009056836,0.9756495317441801,,,0,0.07158726,1,100,R5
2025-06-24 08:00:00,-2,-3,35.93399625248779,126.96717354857519,0,16.836755173517133,0.43818298952944923,,,1,0.052478965,2,73,R5
2025-06-24 08:00:00,0,-1,35.95208925049756,126.9893688171416,0,8.457913393179695,0.3629171903748004,,,0,0.0054523884,3,8,R5
2025-06-24 08:00:00,0,0,35.96113574950244,126.9893688171416,0,17.948075399781146,0.4573118776851526,,,0,0.004682382,4,7,R5
2025-06-24 08:00:00,1,0,35.96113574950244,127.0004664514248,0,17.719878525421734,0.4607886134611249,,,0,0.0025261266,5,4,R5
2025-06-24 08:00:00,2,0,35.96113574950244,127.011564085708,0,20.043140728875358,0.5004126373270332,,,0,0.0024774093,6,3,R5
2025-06-24 08:00:00,1,-1,35.95208925049756,127.0004664514248,0,9.093632203588413,0.37033472160245495,,,0,0.002226619,7,3,R5
2025-06-24 08:00:00,-2,-2,35.94304275149267,126.96717354857519,0,17.113242524237535,0.4405250219912698,,,0,0.002078171,8,3,R5
2025-06-24 08:00:00,-4,-2,35.94304275149267,126.94497828000878,0,34.26250469259969,0.7145287707189869,,,0,0.00194709,9,3,R5
2025-06-24 08:00:00,3,-1,35.95208925049756,127.0226617199912,0,18.98869529275862,0.49270003060917816,,,0,0.001815951,10,3,R5
2025-06-24 18:00:00,9,1,35.97018224850733,127.08924752569042,0,34.76927828320623,1.3092603777240672,0.005807558401410116,1368.0,1,0.00878273,1,100,R5
2025-06-24 18:00:00,-2,-3,35.93399625248779,126.96717354857519,0,23.464099654723896,1.5533913520169387,0.01597890745549432,1322.4,0,0.007029405,2,80,R5
2025-06-24 18:00:00,2,0,35.96113574950244,127.011564085708,0,23.984907057381633,1.5016554618625078,0.1400260565551672,30835.6,0,0.0015472113,3,18,R5
2025-06-24 18:00:00,-4,-2,35.94304275149267,126.94497828000878,0,34.3838784287791,1.6680970401847934,0.037453191235174654,1818.3,0,0.0012392603,4,14,R5
2025-06-24 18:00:00,0,-1,35.95208925049756,126.9893688171416,0,20.172947195793085,1.5103507007975483,0.228109309489522,25391.600000000006,0,0.0011126295,5,13,R5
2025-06-24 18:00:00,1,-1,35.95208925049756,127.0004664514248,0,20.332357282774524,1.5083508185575187,0.29416696433777284,43893.8,0,0.0010058346,6,11,R5
2025-06-24 18:00:00,-4,-3,35.93399625248779,126.94497828000878,0,34.909965690133106,1.6982966278142384,0.009425510843789467,518.7,0,0.0009517151,7,11,R5
2025-06-24 18:00:00,-2,-2,35.94304275149267,126.96717354857519,0,23.33984356247879,1.5451008980284637,0.03765097164023743,2687.5,0,0.0009258482,8,11,R5
2025-06-24 18:00:00,0,0,35.96113574950244,126.9893688171416,0,23.099661698994623,1.5150120270633176,0.39343326773478693,60255.8,0,0.00082004815,9,9,R5
2025-06-24 18:00:00,1,0,35.96113574950244,127.0004664514248,0,22.994896026804952,1.508452011206741,0.32402345619044043,53498.799999999996,0,0.00076072774,10,9,R5
2025-06-30 03:00:00,-2,-3,35.93399625248779,126.96717354857519,0,112.8483312238514,1.0640623844036907,0.35652876843754944,29506.0,0,0.02633286,1,100,R5
2025-06-30 03:00:00,9,1,35.97018224850733,127.08924752569042,0,115.79513462665818,0.7128768934543602,,,0,0.022598276,2,86,R5
2025-06-30 03:00:00,3,-1,35.95208925049756,127.0226617199912,0,112.97004458904667,1.0182865657405797,0.5662022405407712,154591.5,0,0.005832311,3,22,R5
2025-06-30 03:00:00,0,0,35.96113574950244,126.9893688171416,0,112.33966641070248,1.0353468605381368,0.37352321653135606,57206.49999999999,0,0.0028488224,4,11,R5
2025-06-30 03:00:00,-5,-2,35.94304275149267,126.93388064572558,0,112.9086897891545,0.9524210199936225,,,0,0.0023651316,5,9,R5
2025-06-30 03:00:00,-4,-3,35.93399625248779,126.94497828000878,0,113.7588038641689,1.0039953280817486,0.22244532676739687,12241.5,0,0.001820419,6,7,R5
2025-06-30 03:00:00,-12,-5,35.91590325447802,126.85619720574316,0,112.86944098991802,0.979961564956056,,,0,0.0017723952,7,7,R5
2025-06-30 03:00:00,1,-1,35.95208925049756,127.0004664514248,0,112.4542731294298,1.0726892153372596,0.42280645435847464,63088.6,1,0.0017331609,8,7,R5
2025-06-30 03:00:00,2,0,35.96113574950244,127.011564085708,0,112.57151259446744,1.0106671886492835,0.4747665104696219,104549.9,0,0.001723961,9,7,R5
2025-06-30 03:00:00,0,-1,35.95208925049756,126.9893688171416,0,112.40585307174547,1.0766514806212415,0.4643083980081446,51683.7,0,0.0016566025,10,6,R5
2025-06-30 05:00:00,-2,-3,35.93399625248779,126.96717354857519,0,14.390816632497092,0.1307758946619804,,,0,0.028801521,1,100,R5
2025-06-30 05:00:00,9,1,35.97018224850733,127.08924752569042,0,30.179369824237483,0.19888160223704582,,,0,0.026858786,2,93,R5
2025-06-30 05:00:00,-5,-2,35.94304275149267,126.93388064572558,0,53.19239181266386,0.22322103513109484,,,0,0.0027811816,3,10,R5
2025-06-30 05:00:00,0,0,35.96113574950244,126.9893688171416,0,13.635963617598122,0.12706459666480233,,,0,0.0027680884,4,10,R5
2025-06-30 05:00:00,-2,-2,35.94304275149267,126.96717354857519,0,14.320724645883104,0.12925552175117894,,,0,0.0022035795,5,8,R5
2025-06-30 05:00:00,1,-1,35.95208925049756,127.0004664514248,0,6.161757771124314,0.11313523958902721,,,1,0.00202162,6,7,R5
2025-06-30 05:00:00,3,-1,35.95208925049756,127.0226617199912,0,14.949394555183233,0.13546008471368023,,,0,0.0019861923,7,7,R5
2025-06-30 05:00:00,-4,-3,35.93399625248779,126.94497828000878,0,40.99777796215767,0.19510830934730952,,,0,0.0019056797,8,7,R5
2025-06-30 05:00:00,-12,-5,35.91590325447802,126.85619720574316,0,88.02347693511445,0.5531552312667377,,,0,0.0017235745,9,6,R5
2025-06-30 05:00:00,0,-1,35.95208925049756,126.9893688171416,0,5.753335656935974,0.11186146882006069,,,0,0.001377575,10,5,R5
2025-07-01 04:00:00,9,1,35.97018224850733,127.08924752569042,1,101.67881214047173,0.7761730650005869,,,0,0.014787774,1,100,R5
2025-07-01 04:00:00,-2,-3,35.93399625248779,126.96717354857519,1,76.49896760602542,1.0549939672569488,0.3930045155155143,32524.7,0,0.01156481,2,78,R5
2025-07-01 04:00:00,1,-1,35.95208925049756,127.0004664514248,1,75.77583962676152,1.0715322867267487,0.33103149237436996,49394.5,0,0.00448722,3,30,R5
2025-07-01 04:00:00,0,0,35.96113574950244,126.9893688171416,1,76.50587179234816,1.0275930591789355,0.28750902687363944,44033.1,0,0.0031400446,4,21,R5
2025-07-01 04:00:00,0,-1,35.95208925049756,126.9893688171416,1,75.5514519986935,1.074248448844373,0.37854326482100525,42136.9,0,0.0023267409,5,16,R5
2025-07-01 04:00:00,3,-1,35.95208925049756,127.0226617199912,1,78.6187667035656,1.0245452623693625,0.4040349804766689,110314.6,0,0.001096286,6,7,R5
2025-07-01 04:00:00,-5,-2,35.94304275149267,126.93388064572558,1,79.64218029788447,0.8875036175438427,,,0,0.0010822015,7,7,R5
2025-07-01 04:00:00,-1,-1,35.95208925049756,126.97827118285839,1,75.88504836234705,1.0574119393043715,0.45859416870638553,49800.3,0,0.0008502759,8,6,R5
2025-07-01 04:00:00,-4,-2,35.94304275149267,126.94497828000878,1,78.6097972764241,0.9449996367155853,,,0,0.0007715223,9,5,R5
2025-07-01 04:00:00,2,0,35.96113574950244,127.011564085708,1,77.7742689816032,1.0083786648046642,0.2776340030325144,61138.7,0,0.0007590929,10,5,R5
2025-07-02 01:00:00,-2,-3,35.93399625248779,126.96717354857519,0,129.71227624333164,0.7468396110138156,,,0,0.0030177636,1,100,R5
2025-07-02 01:00:00,9,1,35.97018224850733,127.08924752569042,0,110.34224246160545,0.42622303767616043,,,0,0.0028223128,2,94,R5
2025-07-02 01:00:00,1,0,35.96113574950244,127.0004664514248,0,129.37528599110192,0.7266411052317377,,,0,0.0024761704,3,82,R5
2025-07-02 01:00:00,0,0,35.96113574950244,126.9893688171416,0,129.4430507494916,0.7303834460185343,,,0,0.0012585976,4,42,R5
2025-07-02 01:00:00,0,-1,35.95208925049756,126.9893688171416,0,130.49111114969395,0.7726610648724677,,,0,0.0008055417,5,27,R5
2025-07-02 01:00:00,-4,-3,35.93399625248779,126.94497828000878,0,125.93084637366263,0.6542353553896704,,,0,0.0007784776,6,26,R5
2025-07-02 01:00:00,-12,-5,35.91590325447802,126.85619720574316,0,86.11040784891833,0.4594486536238191,,,0,0.0007518173,7,25,R5
2025-07-02 01:00:00,-2,-4,35.9249497534829,126.96717354857519,0,129.20625177884244,0.7311983879063382,,,0,0.00040292708,8,13,R5
2025-07-02 01:00:00,1,-1,35.95208925049756,127.0004664514248,0,130.40599328572426,0.7682884867642511,,,0,0.00037687772,9,12,R5
2025-07-02 01:00:00,-1,0,35.96113574950244,126.97827118285839,0,128.99658366914343,0.7160812782129568,,,0,0.00036676662,10,12,R5
2025-07-05 07:00:00,-2,-3,35.93399625248779,126.96717354857519,0,137.42282169839524,0.574954634213068,,,0,0.0057411217,1,100,R5
2025-07-05 07:00:00,0,0,35.96113574950244,126.9893688171416,0,136.827128555507,0.5606316336554452,,,0,0.004411174,2,77,R5
2025-07-05 07:00:00,9,1,35.97018224850733,127.08924752569042,0,143.19228797297376,0.7147396687009064,,,0,0.002158317,3,38,R5
2025-07-05 07:00:00,-4,-3,35.93399625248779,126.94497828000878,0,144.02851923569244,0.723315744878469,,,0,0.0009725603,4,17,R5
2025-07-05 07:00:00,0,-1,35.95208925049756,126.9893688171416,0,134.86840430507442,0.5279308876918913,,,0,0.00079187873,5,14,R5
2025-07-05 07:00:00,1,0,35.96113574950244,127.0004664514248,0,136.82046053593058,0.5612756676619897,,,0,0.00064670533,6,11,R5
2025-07-05 07:00:00,-12,-5,35.91590325447802,126.85619720574316,0,154.55728581910466,1.3384881681066432,0.5935751855519164,112219.89999999997,0,0.00043791803,7,8,R5
2025-07-05 07:00:00,2,0,35.96113574950244,127.011564085708,0,137.5366348005732,0.5755805917455863,,,0,0.00042639277,8,7,R5
2025-07-05 07:00:00,1,-1,35.95208925049756,127.0004664514248,0,135.02443272097872,0.5312627380364564,,,0,0.00034681012,9,6,R5
2025-07-05 07:00:00,-1,0,35.96113574950244,126.97827118285839,0,137.72570643892504,0.5761469514436752,,,0,0.00033394105,10,6,R5
2025-07-08 05:00:00,9,1,35.97018224850733,127.08924752569042,1,79.93461093264631,0.6728299599873049,,,0,0.0024976872,1,100,R5
2025-07-08 05:00:00,-2,-3,35.93399625248779,126.96717354857519,1,114.83496295385271,0.9549017357746515,,,0,0.0015250755,2,61,R5
2025-07-08 05:00:00,0,0,35.96113574950244,126.9893688171416,1,114.62489526871877,0.9282239694729316,,,0,0.0013764087,3,55,R5
2025-07-08 05:00:00,1,0,35.96113574950244,127.0004664514248,1,114.42030173755631,0.9266651351088887,,,0,0.0006731972,4,27,R5
2025-07-08 05:00:00,0,-1,35.95208925049756,126.9893688171416,1,115.81262617424,0.9740646050832795,,,0,0.000558483,5,22,R5
2025-07-08 05:00:00,-4,-3,35.93399625248779,126.94497828000878,1,111.09092061345314,0.8664695767383499,,,0,0.00045179797,6,18,R5
2025-07-08 05:00:00,-1,0,35.96113574950244,126.97827118285839,1,114.24205755308458,0.9107118397754042,,,0,0.00037950254,7,15,R5
2025-07-08 05:00:00,1,-1,35.95208925049756,127.0004664514248,1,115.64262590750224,0.9710341989854677,,,0,0.00032642778,8,13,R5
2025-07-08 05:00:00,3,-1,35.95208925049756,127.0226617199912,1,113.110617166873,0.9211243666662154,,,0,0.00032479537,9,13,R5
2025-07-08 05:00:00,-12,-5,35.91590325447802,126.85619720574316,1,93.5627002150311,0.7184831587519822,,,0,0.00029129477,10,12,R5
2025-07-08 23:00:00,9,1,35.97018224850733,127.08924752569042,0,108.24046832764475,0.4498876702935869,,,0,0.021415493,1,100,R5
2025-07-08 23:00:00,-2,-3,35.93399625248779,126.96717354857519,0,10.242671151540833,0.34815059274036353,,,0,0.01736444,2,81,R5
2025-07-08 23:00:00,0,0,35.96113574950244,126.9893688171416,0,10.120147677891168,0.33272803149362484,,,1,0.01260806,3,59,R5
2025-07-08 23:00:00,0,-1,35.95208925049756,126.9893688171416,0,3.706750187664454,0.3165445267545695,,,0,0.0034030676,4,16,R5
2025-07-08 23:00:00,-1,0,35.96113574950244,126.97827118285839,0,12.8845682578214,0.33907196301987313,,,0,0.0016070264,5,8,R5
2025-07-08 23:00:00,1,0,35.96113574950244,127.0004664514248,0,11.119151242229975,0.33464471315024774,,,0,0.001604944,6,7,R5
2025-07-08 23:00:00,-2,-2,35.94304275149267,126.96717354857519,0,9.495776577576748,0.3414983247916501,,,0,0.0008361603,7,4,R5
2025-07-08 23:00:00,-4,-3,35.93399625248779,126.94497828000878,0,62.837912871873584,0.4355819377547707,,,0,0.0007698743,8,4,R5
2025-07-08 23:00:00,1,-1,35.95208925049756,127.0004664514248,0,4.520469101677179,0.31922474523608707,,,0,0.00061705196,9,3,R5
2025-07-08 23:00:00,-4,-2,35.94304275149267,126.94497828000878,0,54.199398646937084,0.4133340426458641,,,0,0.0004615366,10,2,R5
2025-07-09 20:00:00,-2,-3,35.93399625248779,126.96717354857519,0,65.04052655112082,2.6459819770159525,0.3687570309488624,30518.0,1,0.042405676,1,100,R5
2025-07-09 20:00:00,9,1,35.97018224850733,127.08924752569042,0,79.7367870687358,1.6506591899127696,0.044660463730142125,10520.0,0,0.02471898,2,58,R5
2025-07-09 20:00:00,0,0,35.96113574950244,126.9893688171416,0,64.94302068880825,2.5779355382600926,0.23093125994914918,35368.0,0,0.024547761,3,58,R5
2025-07-09 20:00:00,0,-1,35.95208925049756,126.9893688171416,0,64.29883002988504,2.7162726144744105,0.26238733376874107,29207.2,1,0.010823353,4,26,R5
2025-07-09 20:00:00,-4,-3,35.93399625248779,126.94497828000878,0,67.49172890342913,2.3609208056760185,0.21651236110227778,11915.0,0,0.0049195844,5,12,R5
2025-07-09 20:00:00,1,0,35.96113574950244,127.0004664514248,0,65.08144354162442,2.5681579827936813,0.1977429291650667,32648.899999999998,0,0.0029075742,6,7,R5
2025-07-09 20:00:00,1,-1,35.95208925049756,127.0004664514248,0,64.41690053469324,2.7042050438937735,0.30464990191932523,45458.0,0,0.00263827,7,6,R5
2025-07-09 20:00:00,-4,-2,35.94304275149267,126.94497828000878,0,66.99953053261453,2.3304935767738675,0.059995550850076025,2912.7000000000003,0,0.0026028166,8,6,R5
2025-07-09 20:00:00,-1,-1,35.95208925049756,126.97827118285839,0,64.56276673854336,2.6658397394793987,0.29859549475382485,32425.5,0,0.002491521,9,6,R5
2025-07-09 20:00:00,-1,0,35.96113574950244,126.97827118285839,0,65.1302337029257,2.529630391682395,0.1663398556468772,19137.6,0,0.0016214362,10,4,R5
2025-07-10 21:00:00,0,0,35.96113574950244,126.9893688171416,0,57.466131371190954,3.3090149355435203,0.23346923158289248,35756.7,0,0.008892335,1,100,R5
2025-07-10 21:00:00,-2,-3,35.93399625248779,126.96717354857519,0,57.47840852420853,3.388318113206851,0.3189606943526452,26396.899999999998,0,0.008016813,2,90,R5
2025-07-10 21:00:00,0,-1,35.95208925049756,126.9893688171416,0,56.25721584217524,3.4312505337395534,0.29740022081817724,33104.600000000006,0,0.004206819,3,47,R5
2025-07-10 21:00:00,9,1,35.97018224850733,127.08924752569042,0,70.37495925952885,2.5226789905051863,0.044660463730142125,10520.0,0,0.0029228625,4,33,R5
2025-07-10 21:00:00,1,-1,35.95208925049756,127.0004664514248,0,56.401009965832486,3.421683687087953,0.26899839760236816,40138.3,0,0.0025768306,5,29,R5
2025-07-10 21:00:00,1,0,35.96113574950244,127.0004664514248,0,57.595631665270105,3.3018520646202725,0.16339930639255082,26978.5,0,0.0018604699,6,21,R5
2025-07-10 21:00:00,-2,-2,35.94304275149267,126.96717354857519,0,57.364332634630046,3.369485188242716,0.1251609360136622,8933.9,1,0.0016541741,7,19,R5
2025-07-10 21:00:00,-1,0,35.96113574950244,126.97827118285839,0,57.91399762412584,3.265794013603401,0.24687182749940892,28402.899999999998,0,0.0014118394,8,16,R5
2025-07-10 21:00:00,-4,-3,35.93399625248779,126.94497828000878,0,61.76873135573919,3.1839782095187035,0.22200194434096837,12217.1,0,0.0013726791,9,15,R5
2025-07-10 21:00:00,2,0,35.96113574950244,127.011564085708,0,58.293440964784054,3.248984129365413,0.18659090981334914,41089.799999999996,0,0.0008871481,10,10,R5
2025-07-11 00:00:00,-2,-2,35.94304275149267,126.96717354857519,0,52.08304056758209,2.1282809170033374,0.025793192143940886,1841.1,0,0.009644688,1,100,R5
2025-07-11 00:00:00,-2,-3,35.93399625248779,126.96717354857519,0,52.140956694184524,2.13566232768869,0.23146578442733187,19155.9,1,0.005254336,2,54,R5
2025-07-11 00:00:00,0,0,35.96113574950244,126.9893688171416,0,52.80573440711271,2.123870787439025,0.23346923158289248,35756.7,0,0.004794573,3,50,R5
2025-07-11 00:00:00,9,1,35.97018224850733,127.08924752569042,0,76.73799893256376,2.3687284471577557,0.044660463730142125,10520.0,0,0.0020523684,4,21,R5
2025-07-11 00:00:00,0,-1,35.95208925049756,126.9893688171416,0,49.520835005838194,2.112920986207342,0.18209594001794938,20269.7,0,0.0017717831,5,18,R5
2025-07-11 00:00:00,-1,0,35.96113574950244,126.97827118285839,0,53.93695597314235,2.1224646826096456,0.33798604447411235,38885.7,0,0.001175068,6,12,R5
2025-07-11 00:00:00,1,0,35.96113574950244,127.0004664514248,0,53.14124820198998,2.130401698939,0.1629505086979537,26904.399999999998,0,0.0011551193,7,12,R5
2025-07-11 00:00:00,1,-1,35.95208925049756,127.0004664514248,0,49.886599876791706,2.1168905000405864,0.1791542208869281,26732.3,0,0.0009638032,8,10,R5
2025-07-11 00:00:00,-12,-5,35.91590325447802,126.85619720574316,0,85.6352226725536,2.439727457958217,0.11347970142432783,21454.199999999997,0,0.00095646246,9,10,R5
2025-07-11 00:00:00,-4,-3,35.93399625248779,126.94497828000878,0,61.38598697494035,2.1902844916487356,0.22200194434096837,12217.1,0,0.0009465223,10,10,R5
2025-07-11 21:00:00,-2,-3,35.93399625248779,126.96717354857519,0,72.03910431361663,4.683733160187339,0.3915545239133823,32404.7,0,0.037794854,1,100,R5
2025-07-11 21:00:00,0,0,35.96113574950244,126.9893688171416,0,71.93283309393752,4.5585245301411845,0.252663009340937,38696.299999999996,0,0.005876988,2,16,R5
2025-07-11 21:00:00,9,1,35.97018224850733,127.08924752569042,0,73.44783706503807,2.68264570629448,0.044660463730142125,10520.0,0,0.004523968,3,12,R5
2025-07-11 21:00:00,0,-1,35.95208925049756,126.9893688171416,0,71.7517131536739,4.831038278270936,0.2720411666889761,30281.8,1,0.0040589226,4,11,R5
2025-07-11 21:00:00,-1,-1,35.95208925049756,126.97827118285839,0,71.85160969525248,4.730786642640296,0.32228570060427253,34998.100000000006,0,0.0022378832,5,6,R5
2025-07-11 21:00:00,1,0,35.96113574950244,127.0004664514248,0,71.93692369889044,4.537514839330763,0.1373405738553842,22676.0,0,0.001831437,6,5,R5
2025-07-11 21:00:00,1,-1,35.95208925049756,127.0004664514248,0,71.7722862116783,4.8055834807609195,0.26510867955331235,39557.899999999994,0,0.0016437615,7,4,R5
2025-07-11 21:00:00,-4,-2,35.94304275149267,126.94497828000878,0,72.87206410831936,4.065564927450151,0.20069167802985052,9743.3,0,0.0010370164,8,3,R5
2025-07-11 21:00:00,-2,-2,35.94304275149267,126.96717354857519,0,71.99510328313909,4.661604440623896,0.25718800828811716,18357.9,0,0.00097316346,9,3,R5
2025-07-11 21:00:00,-4,-3,35.93399625248779,126.94497828000878,0,73.02159069831214,4.11519695234818,0.21651236110227778,11915.0,0,0.0008775962,10,2,R5
2025-07-11 22:00:00,-2,-3,35.93399625248779,126.96717354857519,0,66.10395212694283,2.197527152185575,0.3687570309488624,30518.0,0,0.037253346,1,100,R5
2025-07-11 22:00:00,9,1,35.97018224850733,127.08924752569042,0,80.6426306144632,1.8742827848228796,0.044660463730142125,10520.0,0,0.025879266,2,69,R5
2025-07-11 22:00:00,0,-1,35.95208925049756,126.9893688171416,0,64.18871062363792,2.184942227971076,0.26238733376874107,29207.2,0,0.015942298,3,43,R5
2025-07-11 22:00:00,0,0,35.96113574950244,126.9893688171416,0,65.89765761788243,2.146458384912354,0.2019381824022649,30927.6,0,0.007971534,4,21,R5
2025-07-11 22:00:00,1,0,35.96113574950244,127.0004664514248,0,66.05313283077686,2.1439621631590366,0.1977429291650667,32648.899999999998,0,0.0025974088,5,7,R5
2025-07-11 22:00:00,-1,-1,35.95208925049756,126.97827118285839,0,64.96763905664665,2.176186662558052,0.29859549475382485,32425.5,0,0.0024374654,6,7,R5
2025-07-11 22:00:00,1,-1,35.95208925049756,127.0004664514248,0,64.38960661628431,2.1825168785619593,0.30464990191932523,45458.0,1,0.002045101,7,5,R5
2025-07-11 22:00:00,-4,-2,35.94304275149267,126.94497828000878,0,71.58479284157562,2.1588297720479805,0.20069167802985052,9743.3,0,0.0016343393,8,4,R5
2025-07-11 22:00:00,-4,-3,35.93399625248779,126.94497828000878,0,72.2885892440786,2.202502953580483,0.21651236110227778,11915.0,0,0.0015091038,9,4,R5
2025-07-11 22:00:00,-12,-5,35.91590325447802,126.85619720574316,0,89.32150496541709,2.566266638664097,0.11347970142432783,21454.199999999997,0,0.0014720202,10,4,R5
2025-07-13 07:00:00,9,1,35.97018224850733,127.08924752569042,0,84.33798214805705,0.9086483391031042,,,0,0.05016941,1,100,R5
2025-07-13 07:00:00,-2,-3,35.93399625248779,126.96717354857519,0,71.48934316314717,0.8943525656880615,,,1,0.016437275,2,33,R5
2025-07-13 07:00:00,0,0,35.96113574950244,126.9893688171416,0,71.3870975242412,0.8946841410961244,,,0,0.003990214,3,8,R5
2025-07-13 07:00:00,-4,-3,35.93399625248779,126.94497828000878,0,74.37306267642725,0.8762636988462155,,,0,0.002583364,4,5,R5
2025-07-13 07:00:00,1,0,35.96113574950244,127.0004664514248,0,71.53542257796221,0.89546891563063,,,0,0.0018478698,5,4,R5
2025-07-13 07:00:00,0,-1,35.95208925049756,126.9893688171416,0,70.60127256855344,0.8980380171497953,,,0,0.0015748312,6,3,R5
2025-07-13 07:00:00,-1,0,35.96113574950244,126.97827118285839,0,71.62420511037237,0.8921752282274201,,,0,0.0010981291,7,2,R5
2025-07-13 07:00:00,-11,-5,35.91590325447802,126.86729484002636,0,84.1961254306458,0.7556715251099188,,,0,0.00098669,8,2,R5
2025-07-13 07:00:00,1,-1,35.95208925049756,127.0004664514248,0,70.7310689285913,0.8982194139154177,,,0,0.0008272611,9,2,R5
2025-07-13 07:00:00,-12,-5,35.91590325447802,126.85619720574316,0,83.05771901998975,0.7375193442208708,,,0,0.0007507139,10,1,R5
2025-07-16 14:00:00,-2,-3,35.93399625248779,126.96717354857519,1,127.32520438738663,2.9022867293309416,0.18284998266051708,15132.5,0,0.0068700234,1,100,R5
2025-07-16 14:00:00,0,0,35.96113574950244,126.9893688171416,1,127.19112083738526,2.8250604906575325,0.390821514059723,59855.799999999996,1,0.0051727886,2,75,R5
2025-07-16 14:00:00,1,0,35.96113574950244,127.0004664514248,1,127.17812605228727,2.8109203877524953,0.3908743257435445,64536.399999999994,0,0.0027060115,3,39,R5
2025-07-16 14:00:00,-4,-3,35.93399625248779,126.94497828000878,1,124.3112040002029,2.768957499692003,0.07118650227596922,3917.5,0,0.0024728628,4,36,R5
2025-07-16 14:00:00,9,1,35.97018224850733,127.08924752569042,1,119.47837758375414,1.8731145887535015,0.001645474880399533,387.6,0,0.0023573986,5,34,R5
2025-07-16 14:00:00,1,-1,35.95208925049756,127.0004664514248,1,127.99380940787887,2.9226113943119976,0.30842904045802705,46021.9,0,0.0015506331,6,23,R5
2025-07-16 14:00:00,2,0,35.96113574950244,127.011564085708,1,126.80823691845234,2.750957195540132,0.4718429813276491,103906.09999999999,0,0.0014881236,7,22,R5
2025-07-16 14:00:00,-12,-5,35.91590325447802,126.85619720574316,1,109.86333441651135,3.2189889428477296,0.3098092856357004,58571.79999999999,0,0.001466934,8,21,R5
2025-07-16 14:00:00,-1,0,35.96113574950244,126.97827118285839,1,126.7863680330496,2.7944187762906925,0.3840072941438247,44180.50000000001,0,0.00093347766,9,14,R5
2025-07-16 14:00:00,0,-1,35.95208925049756,126.9893688171416,1,128.0536822175577,2.9353901413797687,0.38639587542548837,43011.00000000001,0,0.00072361116,10,11,R5
2025-07-18 16:00:00,9,1,35.97018224850733,127.08924752569042,1,206.70658092833938,1.7503292451210237,0.6279770635405475,147923.2,0,0.0024793313,1,100,R5
2025-07-18 16:00:00,-2,-3,35.93399625248779,126.96717354857519,1,202.0109755275767,2.9282887244683207,0.3601235392845016,29803.499999999996,0,0.001472822,2,59,R5
2025-07-18 16:00:00,0,0,35.96113574950244,126.9893688171416,1,201.99638127444058,2.850006582817888,0.06403758835889152,9807.6,0,0.000828865,3,33,R5
2025-07-18 16:00:00,2,0,35.96113574950244,127.011564085708,1,202.20611987312714,2.762437883589502,0.09758720295277352,21490.0,1,0.0005989407,4,24,R5
2025-07-18 16:00:00,-12,-5,35.91590325447802,126.85619720574316,1,156.86833542236923,2.2241363701228725,0.6466981491355015,122263.19999999998,0,0.0005187934,5,21,R5
2025-07-18 16:00:00,0,-1,35.95208925049756,126.9893688171416,1,202.33808779296217,3.0055315454214147,0.06542344894994578,7282.5,0,0.00046253984,6,19,R5
2025-07-18 16:00:00,1,0,35.96113574950244,127.0004664514248,1,202.1278269549716,2.8368819011664934,0.07690430131102226,12697.5,0,0.00038900063,7,16,R5
2025-07-18 16:00:00,-11,-5,35.91590325447802,126.86729484002636,1,163.93099283695756,2.195503266975192,0.6422586780366082,108229.9,0,0.00035686654,8,14,R5
2025-07-18 16:00:00,1,-1,35.95208925049756,127.0004664514248,1,202.38185299069,2.9908679813078693,0.08383535314069265,12509.4,0,0.0002125165,9,9,R5
2025-07-18 16:00:00,-2,-1,35.95208925049756,126.96717354857519,1,201.60641486003647,2.835937333461173,0.060396257623785705,3538.2000000000003,0,0.00020517256,10,8,R5
2025-07-22 02:00:00,-2,-3,35.93399625248779,126.96717354857519,1,75.80000450277703,1.092192148853259,0.3930045155155143,32524.7,0,0.009589932,1,100,R5
2025-07-22 02:00:00,0,0,35.96113574950244,126.9893688171416,1,75.96734310806391,1.0637417944973182,0.28750902687363944,44033.1,0,0.0066160695,2,69,R5
2025-07-22 02:00:00,9,1,35.97018224850733,127.08924752569042,1,97.6326578326117,0.8400203245513642,,,0,0.0049677477,3,52,R5
2025-07-22 02:00:00,1,-1,35.95208925049756,127.0004664514248,1,74.28706817031843,1.0866428239830144,0.26510867955331235,39557.899999999994,0,0.004734333,4,49,R5
2025-07-22 02:00:00,0,-1,35.95208925049756,126.9893688171416,1,74.05799219921863,1.0889399371275383,0.2720411666889761,30281.8,0,0.003740935,5,39,R5
2025-07-22 02:00:00,1,0,35.96113574950244,127.0004664514248,1,76.15848440289585,1.0602431803657246,0.20362211839779829,33619.6,1,0.002975856,6,31,R5
2025-07-22 02:00:00,-12,-5,35.91590325447802,126.85619720574316,1,98.8445991879234,1.324108753248868,0.27624226690701664,52225.69999999998,0,0.0024388845,7,25,R5
2025-07-22 02:00:00,-4,-3,35.93399625248779,126.94497828000878,1,81.76533482205411,1.0882909227258426,0.2167485894442274,11928.0,0,0.0016511,8,17,R5
2025-07-22 02:00:00,-1,-1,35.95208925049756,126.97827118285839,1,74.87340040912449,1.0834066504826725,0.32228570060427253,34998.100000000006,0,0.0012746548,9,13,R5
2025-07-22 02:00:00,-1,0,35.96113574950244,126.97827118285839,1,76.69363611818966,1.0582151048865036,0.19904703297314583,22900.6,0,0.0008936345,10,9,R5
2025-07-22 10:00:00,9,1,35.97018224850733,127.08924752569042,0,185.28477377743886,1.3435274626537708,0.6257656913393087,147402.3,0,0.001429231,1,100,R5
2025-07-22 10:00:00,1,0,35.96113574950244,127.0004664514248,0,176.74494376734674,1.410060040621759,0.14717717757731616,24300.1,0,0.00036903887,2,26,R5
2025-07-22 10:00:00,2,0,35.96113574950244,127.011564085708,0,177.34434746009435,1.40934427093605,0.15449384755598322,34021.6,0,0.00032234585,3,23,R5
2025-07-22 10:00:00,-12,-5,35.91590325447802,126.85619720574316,0,186.73896223538904,2.104616715396417,0.6288099499834972,118881.29999999999,0,0.0003186835,4,22,R5
2025-07-22 10:00:00,-2,-3,35.93399625248779,126.96717354857519,0,176.41664886912667,1.4388697037869416,0.23415189387028137,19378.200000000004,0,0.00012292298,5,9,R5
2025-07-22 10:00:00,-1,0,35.96113574950244,126.97827118285839,0,177.3839897443504,1.4182897117155164,0.1059050231549084,12184.5,0,7.32679e-05,6,5,R5
2025-07-22 10:00:00,0,0,35.96113574950244,126.9893688171416,0,176.72233940362673,1.4123456543565835,0.14310777793303203,21917.5,0,7.325116e-05,7,5,R5
2025-07-22 10:00:00,-4,-3,35.93399625248779,126.94497828000878,0,180.90773764443793,1.5245457133926554,0.5435396091329511,29911.799999999996,0,7.234834e-05,8,5,R5
2025-07-22 10:00:00,0,-1,35.95208925049756,126.9893688171416,0,175.1729852398223,1.409051209024806,0.19479702784842423,21683.5,0,6.57117e-05,9,5,R5
2025-07-22 10:00:00,-11,-5,35.91590325447802,126.86729484002636,0,188.33293461911637,2.0496753654116886,0.6400766699601518,107862.19999999998,0,5.220031e-05,10,4,R5
2025-07-23 21:00:00,9,1,35.97018224850733,127.08924752569042,0,221.3364005046718,1.8819581708703206,0.640615295529581,150900.19999999998,0,0.007173073,1,100,R5
2025-07-23 21:00:00,2,0,35.96113574950244,127.011564085708,0,209.78167779081699,2.6534784596072902,0.05571870545512011,12270.0,0,0.0033312328,2,46,R5
2025-07-23 21:00:00,0,0,35.96113574950244,126.9893688171416,0,209.14027187504738,2.7191514647373225,0.04755024034663195,7282.5,0,0.0015747845,3,22,R5
2025-07-23 21:00:00,-4,-3,35.93399625248779,126.94497828000878,0,213.62710821478038,2.5498193970151584,0.473236237427655,26042.899999999998,0,0.0012203229,4,17,R5
2025-07-23 21:00:00,0,-1,35.95208925049756,126.9893688171416,0,207.9612350690908,2.8327204157861554,0.06542344894994578,7282.5,1,0.0011626475,5,16,R5
2025-07-23 21:00:00,-2,-3,35.93399625248779,126.96717354857519,0,209.04890624956272,2.7787151769212644,0.36012353928450164,29803.5,0,0.0008715423,6,12,R5
2025-07-23 21:00:00,1,0,35.96113574950244,127.0004664514248,0,209.19533578144217,2.7086923854544445,0.0748329273359587,12355.5,0,0.0005684527,7,8,R5
2025-07-23 21:00:00,-2,-2,35.94304275149267,126.96717354857519,0,209.01479167583946,2.767597670647815,0.3123398520299302,22294.6,0,0.0005615923,8,8,R5
2025-07-23 21:00:00,1,-1,35.95208925049756,127.0004664514248,0,208.06867906636225,2.8225388238845466,0.08383535314069265,12509.4,0,0.0004040886,9,6,R5
2025-07-23 21:00:00,-12,-5,35.91590325447802,126.85619720574316,0,242.05075161639746,1.8942945166672553,0.035526738940936525,6716.6,0,0.0003821566,10,5,R5
2025-07-26 06:00:00,9,1,35.97018224850733,127.08924752569042,1,91.46744187368836,0.9195297941819229,,,0,0.014381045,1,100,R5
2025-07-26 06:00:00,0,0,35.96113574950244,126.9893688171416,1,89.24592130081032,1.3113094269900787,0.22948304253632623,35146.2,0,0.012290732,2,85,R5
2025-07-26 06:00:00,-2,-3,35.93399625248779,126.96717354857519,1,89.28145864185592,1.3512088682268646,0.5070946880765982,41966.7,0,0.0119120935,3,83,R5
2025-07-26 06:00:00,1,0,35.96113574950244,127.0004664514248,1,89.34540259689766,1.3072122507692707,0.29610896638438644,48889.899999999994,0,0.008590442,4,60,R5
2025-07-26 06:00:00,1,-1,35.95208925049756,127.0004664514248,1,89.63719128858571,1.3639849804568507,0.48056246770575667,71706.6,0,0.005320798,5,37,R5
2025-07-26 06:00:00,0,-1,35.95208925049756,126.9893688171416,1,89.61065206823707,1.368556671857588,0.5248860648278328,58426.799999999996,0,0.0052428073,6,36,R5
2025-07-26 06:00:00,-4,-3,35.93399625248779,126.94497828000878,1,87.52378036673645,1.2629916664944152,0.2167485894442274,11928.0,0,0.002622949,7,18,R5
2025-07-26 06:00:00,-12,-5,35.91590325447802,126.85619720574316,1,72.01614287515389,1.2357070586922532,0.09824413300496779,18573.799999999996,0,0.0016189856,8,11,R5
2025-07-26 06:00:00,2,0,35.96113574950244,127.011564085708,1,89.36763402542681,1.281549740002837,0.3588806852265508,79030.3,0,0.0015757843,9,11,R5
2025-07-26 06:00:00,-1,0,35.96113574950244,126.97827118285839,1,88.9633792366534,1.2921522824492644,0.30474084581473293,35060.8,0,0.0013711378,10,10,R5
2025-07-26 21:00:00,0,0,35.96113574950244,126.9893688171416,1,94.92544054694838,2.3479140825936553,0.37315757101684716,57150.5,1,0.015244921,1,100,R5
2025-07-26 21:00:00,9,1,35.97018224850733,127.08924752569042,1,92.82498976053819,1.404377337238494,0.04630593861054166,10907.6,0,0.0075744377,2,50,R5
2025-07-26 21:00:00,-2,-3,35.93399625248779,126.96717354857519,1,94.97747595717351,2.4137613375347198,0.5057171960545728,41852.7,0,0.0064069987,3,42,R5
2025-07-26 21:00:00,1,-1,35.95208925049756,127.0004664514248,1,95.0789046372467,2.4915163473407844,0.46118022516669027,68814.5,0,0.0046124044,4,30,R5
2025-07-26 21:00:00,0,-1,35.95208925049756,126.9893688171416,1,95.09631687906295,2.5039625345806,0.5031635932094368,56008.799999999996,0,0.0028159935,5,18,R5
2025-07-26 21:00:00,-12,-5,35.91590325447802,126.85619720574316,1,113.08012847389921,1.0713203813306236,0.30827165900762515,58281.09999999999,0,0.0017584657,6,12,R5
2025-07-26 21:00:00,1,0,35.96113574950244,127.0004664514248,1,94.91382493527783,2.3398750729050435,0.29971751788831297,49485.7,0,0.0014611204,7,10,R5
2025-07-26 21:00:00,2,0,35.96113574950244,127.011564085708,1,94.82425656834516,2.2725647958691417,0.40768246059615837,89777.09999999999,0,0.0013250993,8,9,R5
2025-07-26 21:00:00,-4,-3,35.93399625248779,126.94497828000878,1,94.49771961329526,2.0549255726264413,0.2167485894442274,11928.0,0,0.0013221847,9,9,R5
2025-07-26 21:00:00,-2,-2,35.94304275149267,126.96717354857519,1,94.97568178390549,2.400635003099607,0.44903214237180805,32051.6,0,0.0012825151,10,8,R5
2025-07-28 05:00:00,0,0,35.96113574950244,126.9893688171416,1,113.02216979499582,0.6821069638170616,,,0,0.0061345114,1,100,R5
2025-07-28 05:00:00,9,1,35.97018224850733,127.08924752569042,1,116.3260071952559,0.5947750384330629,,,0,0.003062038,2,50,R5
2025-07-28 05:00:00,-2,-3,35.93399625248779,126.96717354857519,1,112.8918199508455,0.6998521013720002,,,0,0.0022067034,3,36,R5
2025-07-28 05:00:00,1,0,35.96113574950244,127.0004664514248,1,113.21262326614124,0.6813240204404916,,,0,0.0018871464,4,31,R5
2025-07-28 05:00:00,-12,-5,35.91590325447802,126.85619720574316,1,91.10740732555666,0.7747035045959335,,,0,0.000836629,5,14,R5
2025-07-28 05:00:00,0,-1,35.95208925049756,126.9893688171416,1,113.88102850490617,0.695485570452652,,,1,0.00065612915,6,11,R5
2025-07-28 05:00:00,-4,-3,35.93399625248779,126.94497828000878,1,108.61034954209231,0.6982157460267402,,,0,0.0005730796,7,9,R5
2025-07-28 05:00:00,-1,0,35.96113574950244,126.97827118285839,1,112.40426668813001,0.6782295675443561,,,0,0.0003924819,8,6,R5
2025-07-28 05:00:00,1,-1,35.95208925049756,127.0004664514248,1,113.91973219020684,0.6950177619703066,,,0,0.00032643529,9,5,R5
2025-07-28 05:00:00,-2,-2,35.94304275149267,126.96717354857519,1,112.86317793426372,0.6950340363451618,,,0,0.00025978772,10,4,R5
2025-07-30 23:00:00,2,0,35.96113574950244,127.011564085708,1,161.81093611590381,2.0853680823475,0.19101843530794918,42064.8,0,0.0022096657,1,100,R5
2025-07-30 23:00:00,9,1,35.97018224850733,127.08924752569042,1,157.19845680484502,1.4221534822940995,0.1511344904016088,35600.5,0,0.0010683866,2,48,R5
2025-07-30 23:00:00,-2,-3,35.93399625248779,126.96717354857519,1,162.28822266732573,2.2068065727057204,0.2324493620641114,19237.300000000003,0,0.00061491475,3,28,R5
2025-07-30 23:00:00,0,-1,35.95208925049756,126.9893688171416,1,162.33202480885893,2.2422463564878026,0.21343900504252414,23758.6,0,0.0005310373,4,24,R5
2025-07-30 23:00:00,-4,-3,35.93399625248779,126.94497828000878,1,161.9744363061659,2.0465294845590805,0.5435396091329511,29911.799999999996,0,0.00052552513,5,24,R5
2025-07-30 23:00:00,-1,0,35.96113574950244,126.97827118285839,1,161.93155059681476,2.107474848205079,0.12800388001168175,14727.0,0,0.00043695015,6,20,R5
2025-07-30 23:00:00,-12,-5,35.91590325447802,126.85619720574316,1,162.1748847538447,1.9344860147622445,0.5349988574910503,101145.59999999998,0,0.00041839725,7,19,R5
2025-07-30 23:00:00,0,0,35.96113574950244,126.9893688171416,1,162.0333449715912,2.140817497238701,0.16517774942574068,25297.6,0,0.00033164458,8,15,R5
2025-07-30 23:00:00,-11,-5,35.91590325447802,126.86729484002636,1,162.80492621774602,1.9305481580218091,0.6422586780366082,108229.9,0,0.00031478182,9,14,R5
2025-07-30 23:00:00,1,0,35.96113574950244,127.0004664514248,1,161.99478415203032,2.132658062172616,0.27940291131006534,46131.6,0,0.0002663727,10,12,R5
2025-08-01 07:00:00,9,1,35.97018224850733,127.08924752569042,1,97.71166874168745,0.7121131816439218,,,0,0.019967087,1,100,R5
2025-08-01 07:00:00,0,0,35.96113574950244,126.9893688171416,1,96.71712477392987,1.0524474188851645,0.41187551337283174,63080.29999999999,0,0.01089187,2,55,R5
2025-08-01 07:00:00,-2,-3,35.93399625248779,126.96717354857519,1,96.65687438754424,1.0766317291943714,0.5057171960545728,41852.7,0,0.0038485397,3,19,R5
2025-08-01 07:00:00,1,-1,35.95208925049756,127.0004664514248,1,96.90567903257045,1.0796494364023081,0.46118022516669027,68814.5,0,0.002475787,4,12,R5
2025-08-01 07:00:00,1,0,35.96113574950244,127.0004664514248,1,96.76372644167799,1.04688917934318,0.2998210865870661,49502.79999999999,1,0.001511578,5,8,R5
2025-08-01 07:00:00,-4,-3,35.93399625248779,126.94497828000878,1,95.41727140878157,1.0386612954223482,0.22451686761218576,12355.5,0,0.0015009526,6,8,R5
2025-08-01 07:00:00,-1,-1,35.95208925049756,126.97827118285839,1,96.78438232812067,1.0748789563981311,0.5104536739801867,55431.9,0,0.0014978945,7,8,R5
2025-08-01 07:00:00,2,0,35.96113574950244,127.011564085708,1,96.76713533931263,1.0275769797295773,0.44930982824379817,98944.0,0,0.0014930809,8,7,R5
2025-08-01 07:00:00,0,-1,35.95208925049756,126.9893688171416,1,96.89335020169779,1.0833591588039437,0.5031635932094368,56008.799999999996,0,0.0013960392,9,7,R5
2025-08-01 07:00:00,-1,0,35.96113574950244,126.97827118285839,1,96.57526994359796,1.045556510455915,0.35801538793163384,41190.1,0,0.0012792216,10,6,R5
2025-08-03 09:00:00,9,1,35.97018224850733,127.08924752569042,1,92.77597207059165,0.8765375741289785,,,0,0.017700939,1,100,R5
2025-08-03 09:00:00,0,0,35.96113574950244,126.9893688171416,1,110.79867956536702,1.2325800097106645,0.37352321653135606,57206.49999999999,0,0.0013628174,2,8,R5
2025-08-03 09:00:00,1,-1,35.95208925049756,127.0004664514248,1,111.8794307349101,1.2729463956748903,0.42280645435847464,63088.6,0,0.00084626203,3,5,R5
2025-08-03 09:00:00,-2,-3,35.93399625248779,126.96717354857519,1,110.83273469946164,1.2733146369828263,0.35652876843754944,29506.0,0,0.0007476178,4,4,R5
2025-08-03 09:00:00,1,0,35.96113574950244,127.0004664514248,1,110.71523938862651,1.2279651067280295,0.41433051618397193,68409.2,0,0.0005113228,5,3,R5
2025-08-03 09:00:00,-12,-5,35.91590325447802,126.85619720574316,1,89.16391686911277,1.4588525917957478,0.11347970142432783,21454.199999999997,0,0.00046072688,6,3,R5
2025-08-03 09:00:00,-11,-5,35.91590325447802,126.86729484002636,1,90.55870321912789,1.4342402348390326,0.12031190194315625,20274.3,0,0.00038772917,7,2,R5
2025-08-03 09:00:00,0,-1,35.95208925049756,126.9893688171416,1,111.99403096016772,1.277129267792954,0.4643083980081446,51683.7,0,0.00035349606,8,2,R5
2025-08-03 09:00:00,-1,-1,35.95208925049756,126.97827118285839,1,111.4701110066062,1.2645779355323292,0.58635976035376,63674.8,1,0.0003299111,9,2,R5
2025-08-03 09:00:00,2,0,35.96113574950244,127.011564085708,1,110.07590365607172,1.206088081164434,0.4747665104696219,104549.9,0,0.0003030104,10,2,R5
2025-08-08 21:00:00,0,0,35.96113574950244,126.9893688171416,1,185.81444269878762,0.8942582186537913,,,1,0.0068195644,1,100,R5
2025-08-08 21:00:00,-2,-3,35.93399625248779,126.96717354857519,1,185.8157382826709,0.9220198732813153,,,0,0.005925048,2,87,R5
2025-08-08 21:00:00,-4,-3,35.93399625248779,126.94497828000878,1,187.76203111740804,0.775106023899144,,,0,0.0058383998,3,86,R5
2025-08-08 21:00:00,1,-1,35.95208925049756,127.0004664514248,1,185.40480110111764,0.9538276507399853,,,0,0.0037800607,4,55,R5
2025-08-08 21:00:00,-1,0,35.96113574950244,126.97827118285839,1,185.98083023782317,0.8703326675511106,,,0,0.0036682442,5,54,R5
2025-08-08 21:00:00,9,1,35.97018224850733,127.08924752569042,1,196.2421721376059,0.4798867482686038,,,0,0.0036032759,6,53,R5
2025-08-08 21:00:00,0,-1,35.95208925049756,126.9893688171416,1,185.3344759111688,0.9594298820277646,,,0,0.003437911,7,50,R5
2025-08-08 21:00:00,2,0,35.96113574950244,127.011564085708,1,186.2347152563306,0.8612426488422005,,,0,0.0027120088,8,40,R5
2025-08-08 21:00:00,1,0,35.96113574950244,127.0004664514248,1,185.89230201317744,0.8903608507824032,,,0,0.002406872,9,35,R5
2025-08-08 21:00:00,-11,-5,35.91590325447802,126.86729484002636,1,228.11972300287817,0.3867115019089911,,,0,0.0019200547,10,28,R5
2025-08-08 22:00:00,0,0,35.96113574950244,126.9893688171416,0,122.5307363806769,1.1959499278814176,0.3916331165142491,59980.1,1,0.05458881,1,100,R5
2025-08-08 22:00:00,-4,-3,35.93399625248779,126.94497828000878,0,126.6706957287426,1.106720998300262,0.014219129044274643,782.5,0,0.011179234,2,20,R5
2025-08-08 22:00:00,1,0,35.96113574950244,127.0004664514248,0,122.68608871314973,1.1917855648521043,0.38089054544970014,62888.0,0,0.009580384,3,18,R5
2025-08-08 22:00:00,9,1,35.97018224850733,127.08924752569042,0,146.51399905553865,0.7683743611667172,,,0,0.009347566,4,17,R5
2025-08-08 22:00:00,-1,0,35.96113574950244,126.97827118285839,0,122.88366271731724,1.172800859678473,0.3748913527194848,43131.7,0,0.0091132205,5,17,R5
2025-08-08 22:00:00,-2,-3,35.93399625248779,126.96717354857519,0,122.629649406971,1.232481760173893,0.19566065846535305,16192.7,0,0.0083280755,6,15,R5
2025-08-08 22:00:00,1,-1,35.95208925049756,127.0004664514248,0,121.66670427163791,1.256211815896082,0.34327633015422826,51221.6,0,0.0066956324,7,12,R5
2025-08-08 22:00:00,2,0,35.96113574950244,127.011564085708,0,123.39139994787308,1.1626667214532935,0.42105767453646087,92722.50000000001,0,0.0038278091,8,7,R5
2025-08-08 22:00:00,0,-1,35.95208925049756,126.9893688171416,0,121.5234034395769,1.2615862608175727,0.431113802214111,47988.7,0,0.0037705714,9,7,R5
2025-08-08 22:00:00,-11,-5,35.91590325447802,126.86729484002636,0,145.8200147988748,0.8258628021739426,,,0,0.00217099,10,4,R5
2025-08-11 06:00:00,-2,-3,35.93399625248779,126.96717354857519,0,73.5558275455893,1.4417244330877048,0.3915545239133823,32404.7,0,0.0322896,1,100,R5
2025-08-11 06:00:00,0,0,35.96113574950244,126.9893688171416,0,73.30547742081666,1.4048129230282818,0.252663009340937,38696.299999999996,1,0.011825289,2,37,R5
2025-08-11 06:00:00,-4,-3,35.93399625248779,126.94497828000878,0,81.30897356502527,1.3327764660149537,0.2167485894442274,11928.0,0,0.007215863,3,22,R5
2025-08-11 06:00:00,9,1,35.97018224850733,127.08924752569042,0,93.02997209171002,1.0357968291752073,0.04630593861054166,10907.6,0,0.0049730833,4,15,R5
2025-08-11 06:00:00,1,0,35.96113574950244,127.0004664514248,0,73.40667974275516,1.4018101703397505,0.1373405738553842,22676.0,0,0.004841333,5,15,R5
2025-08-11 06:00:00,1,-1,35.95208925049756,127.0004664514248,0,71.7386715766196,1.4610303389561,0.26510867955331235,39557.899999999994,0,0.004259343,6,13,R5
2025-08-11 06:00:00,-1,-1,35.95208925049756,126.97827118285839,0,72.37623269217954,1.444201188654452,0.32228570060427253,34998.100000000006,0,0.0040263017,7,12,R5
2025-08-11 06:00:00,0,-1,35.95208925049756,126.9893688171416,0,71.55508130953825,1.4655480997836823,0.2720411666889761,30281.8,0,0.0038698295,8,12,R5
2025-08-11 06:00:00,-2,-2,35.94304275149267,126.96717354857519,0,73.38822706564179,1.433091835135682,0.25718800828811716,18357.9,0,0.0014652689,9,5,R5
2025-08-11 06:00:00,-12,-5,35.91590325447802,126.85619720574316,0,121.27505045896748,1.1372597799588398,0.32396528888550363,61248.099999999984,0,0.0014079991,10,4,R5
2025-08-12 06:00:00,0,0,35.96113574950244,126.9893688171416,1,40.77349095414121,0.7798665903877632,,,0,0.016160097,1,100,R5
2025-08-12 06:00:00,-2,-3,35.93399625248779,126.96717354857519,1,40.92193515368302,0.8074984273526706,,,1,0.011146232,2,69,R5
2025-08-12 06:00:00,-4,-3,35.93399625248779,126.94497828000878,1,42.58253980635402,0.8290340183872416,,,0,0.0041297614,3,26,R5
2025-08-12 06:00:00,9,1,35.97018224850733,127.08924752569042,1,49.94819084503331,0.6482046400381862,,,0,0.0039087855,4,24,R5
2025-08-12 06:00:00,1,0,35.96113574950244,127.0004664514248,1,40.93337982729855,0.7782277649273304,,,0,0.000842152,5,5,R5
2025-08-12 06:00:00,0,-1,35.95208925049756,126.9893688171416,1,40.20122669612266,0.7956172647677404,,,0,0.0008175855,6,5,R5
2025-08-12 06:00:00,-1,0,35.96113574950244,126.97827118285839,1,40.87975360238249,0.7762685880683966,,,0,0.00071920175,7,4,R5
2025-08-12 06:00:00,1,-1,35.95208925049756,127.0004664514248,1,40.32685746988062,0.7946498538848669,,,0,0.0005057521,8,3,R5
2025-08-12 06:00:00,-2,-2,35.94304275149267,126.96717354857519,1,40.75247626424215,0.7999883133106422,,,0,0.0003828135,9,2,R5
2025-08-12 06:00:00,2,0,35.96113574950244,127.011564085708,1,41.42505503234736,0.7712917702419599,,,0,0.00036554373,10,2,R5
2025-08-12 21:00:00,-2,-3,35.93399625248779,126.96717354857519,0,78.37098608730253,2.111459308552851,0.3930045155155143,32524.7,0,0.122571446,1,100,R5
2025-08-12 21:00:00,0,0,35.96113574950244,126.9893688171416,0,78.30410315270473,2.053998526692967,0.28750902687363944,44033.1,1,0.074073195,2,60,R5
2025-08-12 21:00:00,-4,-3,35.93399625248779,126.94497828000878,0,82.46125154520831,1.948133189534801,0.2167485894442274,11928.0,0,0.030128568,3,25,R5
2025-08-12 21:00:00,0,-1,35.95208925049756,126.9893688171416,0,77.15573385245227,2.147271564821089,0.37854326482100525,42136.9,0,0.02690699,4,22,R5
2025-08-12 21:00:00,-2,-2,35.94304275149267,126.96717354857519,0,78.22556346241936,2.098792200482571,0.2859358385414259,20409.9,0,0.019848133,5,16,R5
2025-08-12 21:00:00,1,0,35.96113574950244,127.0004664514248,0,78.48244694348375,2.0480866640497464,0.20362211839779829,33619.6,0,0.015538017,6,13,R5
2025-08-12 21:00:00,1,-1,35.95208925049756,127.0004664514248,0,77.32813104184527,2.1399686472510653,0.33103149237436996,49394.5,0,0.014746408,7,12,R5
2025-08-12 21:00:00,9,1,35.97018224850733,127.08924752569042,0,96.34644527803914,1.449296399025109,0.04630593861054166,10907.6,0,0.014029715,8,11,R5
2025-08-12 21:00:00,-1,-1,35.95208925049756,126.97827118285839,0,77.64102300667287,2.115200589704085,0.45859416870638553,49800.3,0,0.011959073,9,10,R5
2025-08-12 21:00:00,-12,-5,35.91590325447802,126.85619720574316,0,93.93737132891204,1.6947787738456919,0.1657489569316441,31336.099999999995,0,0.0041504274,10,3,R5
2025-08-21 06:00:00,9,1,35.97018224850733,127.08924752569042,0,121.14753039697098,0.9934562138199885,,,0,0.022897987,1,100,R5
2025-08-21 06:00:00,0,0,35.96113574950244,126.9893688171416,0,108.81092453500185,1.6574724684461604,0.3612042273844985,55319.799999999996,0,0.019374277,2,85,R5
2025-08-21 06:00:00,-2,-3,35.93399625248779,126.96717354857519,0,108.9566123888506,1.7036179364707187,0.5002954357889343,41404.0,0,0.008131879,3,36,R5
2025-08-21 06:00:00,-1,0,35.96113574950244,126.97827118285839,0,109.13216026608927,1.629168921882463,0.3745628033432072,43093.9,0,0.005852954,4,26,R5
2025-08-21 06:00:00,-4,-3,35.93399625248779,126.94497828000878,0,112.57333161024849,1.536696631663203,0.22244532676739687,12241.5,0,0.0050432333,5,22,R5
2025-08-21 06:00:00,0,-1,35.95208925049756,126.9893688171416,0,107.99689112341616,1.7461268235240162,0.46323035971442766,51563.7,0,0.0028791837,6,13,R5
2025-08-21 06:00:00,-2,-2,35.94304275149267,126.96717354857519,0,108.84494292641114,1.6957675647299477,0.5813113885958534,41493.6,0,0.0020604227,7,9,R5
2025-08-21 06:00:00,-11,-5,35.91590325447802,126.86729484002636,0,131.13363727572528,1.2513772742869207,0.2679181910162034,45148.1,1,0.0013066976,8,6,R5
2025-08-21 06:00:00,1,0,35.96113574950244,127.0004664514248,0,108.90299096843114,1.6489562101905682,0.4190710553953235,69191.9,0,0.0012663282,9,6,R5
2025-08-21 06:00:00,1,-1,35.95208925049756,127.0004664514248,0,108.09775695341472,1.7373395018822257,0.4224170804462587,63030.5,0,0.0011361291,10,5,R5
2025-08-27 02:00:00,9,1,35.97018224850733,127.08924752569042,0,66.33103219551174,0.6391095606776062,,,0,0.014117193,1,100,R5
2025-08-27 02:00:00,-4,-3,35.93399625248779,126.94497828000878,0,65.4091783064157,0.8442462837620432,,,0,0.007593088,2,54,R5
2025-08-27 02:00:00,0,0,35.96113574950244,126.9893688171416,0,63.10366117965873,0.9392811161160038,,,0,0.0074534696,3,53,R5
2025-08-27 02:00:00,-2,-3,35.93399625248779,126.96717354857519,0,63.35959153976256,0.9467694343125214,,,0,0.0066067264,4,47,R5
2025-08-27 02:00:00,-1,0,35.96113574950244,126.97827118285839,0,63.233763016579644,0.9241243237446624,,,0,0.002683977,5,19,R5
2025-08-27 02:00:00,-2,-2,35.94304275149267,126.96717354857519,0,63.25822437810734,0.9459221877429831,,,0,0.0015631524,6,11,R5
2025-08-27 02:00:00,0,-1,35.95208925049756,126.9893688171416,0,62.83055349315532,0.9755391549703143,,,0,0.0012972674,7,9,R5
2025-08-27 02:00:00,1,0,35.96113574950244,127.0004664514248,0,63.119997762402704,0.9376210914123372,,,0,0.001038958,8,7,R5
2025-08-27 02:00:00,1,-1,35.95208925049756,127.0004664514248,0,62.85703323156986,0.9721570897155156,,,1,0.00071781455,9,5,R5
2025-08-27 02:00:00,-11,-5,35.91590325447802,126.86729484002636,0,85.470413968086,0.5770657676779853,,,0,0.0006522871,10,5,R5
2025-08-27 03:00:00,-2,-3,35.93399625248779,126.96717354857519,0,77.55764200965064,0.8393521174919841,,,0,0.019400578,1,100,R5
2025-08-27 03:00:00,9,1,35.97018224850733,127.08924752569042,0,72.25588996712082,0.5652433969953691,,,0,0.018359112,2,95,R5
2025-08-27 03:00:00,0,0,35.96113574950244,126.9893688171416,0,77.32380981014353,0.8303564966087206,,,0,0.007393151,3,38,R5
2025-08-27 03:00:00,-4,-3,35.93399625248779,126.94497828000878,0,78.04899145090252,0.714059706768953,,,0,0.0071222424,4,37,R5
2025-08-27 03:00:00,1,-1,35.95208925049756,127.0004664514248,0,77.41704701565226,0.8696134067165032,,,0,0.0034892114,5,18,R5
2025-08-27 03:00:00,-1,0,35.96113574950244,126.97827118285839,0,77.3141141557345,0.8108193498435579,,,0,0.002573171,6,13,R5
2025-08-27 03:00:00,-2,-2,35.94304275149267,126.96717354857519,0,77.50201905744507,0.8373616049245286,,,0,0.0014760817,7,8,R5
2025-08-27 03:00:00,0,-1,35.95208925049756,126.9893688171416,0,77.44618107917643,0.8725468548837333,,,0,0.0012428075,8,6,R5
2025-08-27 03:00:00,1,0,35.96113574950244,127.0004664514248,0,77.28098925522443,0.8303201698282306,,,0,0.0010928985,9,6,R5
2025-08-27 03:00:00,-11,-5,35.91590325447802,126.86729484002636,0,90.71638964214009,0.32286635679726194,,,0,0.00066567864,10,3,R5
2025-08-28 21:00:00,-2,-3,35.93399625248779,126.96717354857519,1,346.7269630908821,0.1769205167853307,,,0,0.038958613,1,100,R5
2025-08-28 21:00:00,0,0,35.96113574950244,126.9893688171416,1,341.0038127664332,0.1768532445338478,,,0,0.019191442,2,49,R5
2025-08-28 21:00:00,0,-1,35.95208925049756,126.9893688171416,1,355.1398679817959,0.1321757924807721,,,0,0.0070124925,3,18,R5
2025-08-28 21:00:00,1,-1,35.95208925049756,127.0004664514248,1,353.87437882720803,0.1353782835051642,,,0,0.0052820262,4,14,R5
2025-08-28 21:00:00,-1,0,35.96113574950244,126.97827118285839,1,331.8192730506327,0.19803906360468235,,,0,0.0042703957,5,11,R5
2025-08-28 21:00:00,9,1,35.97018224850733,127.08924752569042,1,224.4383269274997,0.3486460991724642,,,0,0.0032127884,6,8,R5
2025-08-28 21:00:00,1,0,35.96113574950244,127.0004664514248,1,339.263656377308,0.17635607260343267,,,0,0.0017937153,7,5,R5
2025-08-28 21:00:00,-4,-3,35.93399625248779,126.94497828000878,1,195.30216595206204,0.3304873694425871,,,0,0.001663033,8,4,R5
2025-08-28 21:00:00,-2,-2,35.94304275149267,126.96717354857519,1,346.71554565646244,0.1760191543751706,,,0,0.0014785891,9,4,R5
2025-08-28 21:00:00,2,0,35.96113574950244,127.011564085708,1,325.98164838645147,0.1924621817861684,,,0,0.0006894986,10,2,R5
2025-09-01 22:00:00,0,0,35.96113574950244,126.9893688171416,1,130.67031165298567,3.3643353305204027,0.36633175278706764,56105.1,1,0.04684654,1,100,R5
2025-09-01 22:00:00,-2,-3,35.93399625248779,126.96717354857519,1,130.82799438917255,3.454430009143928,0.23537351179507748,19479.3,0,0.0072610616,2,15,R5
2025-09-01 22:00:00,-4,-3,35.93399625248779,126.94497828000878,1,130.93900471051018,3.0066222563606226,0.0715735533285482,3938.8000000000006,0,0.0062113404,3,13,R5
2025-09-01 22:00:00,-2,-2,35.94304275149267,126.96717354857519,1,130.81087783774262,3.4388391978516757,0.33843985581253944,24157.6,0,0.005405888,4,12,R5
2025-09-01 22:00:00,-1,0,35.96113574950244,126.97827118285839,1,130.666579471232,3.2913183162132866,0.40215660505931267,46268.6,0,0.005138304,5,11,R5
2025-09-01 22:00:00,9,1,35.97018224850733,127.08924752569042,1,125.87281208749516,1.9895176265876477,0.0036662335054515913,863.6,0,0.004496409,6,10,R5
2025-09-01 22:00:00,1,0,35.96113574950244,127.0004664514248,1,130.61345158404197,3.3497207955961463,0.4118139785037412,67993.7,0,0.003936171,7,8,R5
2025-09-01 22:00:00,-3,-2,35.94304275149267,126.95607591429199,1,130.80228212314404,3.2179400484692877,0.22427308652822103,12150.6,0,0.0021204164,8,5,R5
2025-09-01 22:00:00,-5,-2,35.94304275149267,126.93388064572558,1,131.01698255641446,2.7360324625338532,0.2143704989633047,13978.500000000002,0,0.0018834382,9,4,R5
2025-09-01 22:00:00,-12,-5,35.91590325447802,126.85619720574316,1,135.1888197303013,2.024894453406591,0.381267402103909,72081.49999999999,0,0.0017380972,10,4,R5
2025-09-02 21:00:00,0,0,35.96113574950244,126.9893688171416,1,40.46590092935429,1.3585187230966256,0.34760221424476573,53236.6,0,0.1770885,1,100,R5
2025-09-02 21:00:00,-2,-2,35.94304275149267,126.96717354857519,1,40.584869509632256,1.3737138450730264,0.020363046429427017,1453.5,0,0.048459023,2,27,R5
2025-09-02 21:00:00,-2,-3,35.93399625248779,126.96717354857519,1,40.67790140733325,1.3749114359775694,0.015634534449987976,1293.8999999999999,1,0.029059013,3,16,R5
2025-09-02 21:00:00,0,-1,35.95208925049756,126.9893688171416,1,42.06838099989807,1.3841563363185512,0.18209594001794938,20269.7,0,0.023951696,4,14,R5
2025-09-02 21:00:00,-1,0,35.96113574950244,126.97827118285839,1,39.54562892103968,1.3560517673083619,0.4363544230742486,50203.1,0,0.022879636,5,13,R5
2025-09-02 21:00:00,-4,-3,35.93399625248779,126.94497828000878,1,34.373435296714035,1.33812195855114,0.009425510843789467,518.7,0,0.013377103,6,8,R5
2025-09-02 21:00:00,1,-1,35.95208925049756,127.0004664514248,1,42.051140395566904,1.3798503124751085,0.2397484416666276,35773.8,0,0.012145859,7,7,R5
2025-09-02 21:00:00,-1,-1,35.95208925049756,126.97827118285839,1,41.31436511439307,1.3773915687227527,0.27352030602228133,29702.500000000004,0,0.0063047744,8,4,R5
2025-09-02 21:00:00,9,1,35.97018224850733,127.08924752569042,1,37.030721129447784,1.0042406566833244,0.02835769635214861,6679.8,0,0.005824607,9,3,R5
2025-09-02 21:00:00,1,0,35.96113574950244,127.0004664514248,1,40.624916445760164,1.351076376513699,0.18004237231675307,29726.4,0,0.0051856195,10,3,R5
2025-09-02 22:00:00,0,0,35.96113574950244,126.9893688171416,0,42.17094689093733,0.6839560160969875,,,1,0.17420161,1,100,R5
2025-09-02 22:00:00,-2,-3,35.93399625248779,126.96717354857519,0,42.52256529287973,0.7088679563337772,,,0,0.13721085,2,79,R5
2025-09-02 22:00:00,-4,-3,35.93399625248779,126.94497828000878,0,60.13750966072513,0.7200527998442288,,,0,0.04631709,3,27,R5
2025-09-02 22:00:00,-2,-2,35.94304275149267,126.96717354857519,0,42.07262725468519,0.7006221551363732,,,0,0.041076154,4,24,R5
2025-09-02 22:00:00,9,1,35.97018224850733,127.08924752569042,0,89.85219718723044,0.6278715219731376,,,0,0.03951105,5,23,R5
2025-09-02 22:00:00,-1,0,35.96113574950244,126.97827118285839,0,43.674221542271766,0.6788273938300573,,,0,0.014505193,6,8,R5
2025-09-02 22:00:00,0,-1,35.95208925049756,126.9893688171416,0,38.44784700446672,0.6974704107910237,,,0,0.0070763133,7,4,R5
2025-09-02 22:00:00,1,0,35.96113574950244,127.0004664514248,0,42.59712664405407,0.6844909957612442,,,0,0.006622469,8,4,R5
2025-09-02 22:00:00,1,-1,35.95208925049756,127.0004664514248,0,38.90487448267402,0.6977316547909198,,,0,0.004965173,9,3,R5
2025-09-02 22:00:00,-5,-2,35.94304275149267,126.93388064572558,0,69.88534096547312,0.6896440050792196,,,0,0.0036311864,10,2,R5
2025-09-03 00:00:00,0,0,35.96113574950244,126.9893688171416,0,107.05360957797234,0.06003318821597357,,,0,0.083434045,1,100,R5
2025-09-03 00:00:00,-2,-3,35.93399625248779,126.96717354857519,0,122.63586427011671,0.058942911219468284,,,0,0.07253438,2,87,R5
2025-09-03 00:00:00,-2,-2,35.94304275149267,126.96717354857519,0,117.23907255471386,0.05702777625086414,,,0,0.02009964,3,24,R5
2025-09-03 00:00:00,-4,-3,35.93399625248779,126.94497828000878,0,124.1662360934306,0.1644578346086011,,,0,0.017419519,4,21,R5
2025-09-03 00:00:00,9,1,35.97018224850733,127.08924752569042,0,111.88498113302973,0.28117576592123944,,,0,0.012402215,5,15,R5
2025-09-03 00:00:00,-1,0,35.96113574950244,126.97827118285839,0,104.66085453288764,0.07330604803484335,,,0,0.006545803,6,8,R5
2025-09-03 00:00:00,0,-1,35.95208925049756,126.9893688171416,0,112.59584246708482,0.025686500015879826,,,0,0.0061534927,7,7,R5
2025-09-03 00:00:00,1,0,35.96113574950244,127.0004664514248,0,108.85165028294733,0.06243110483065274,,,0,0.004346697,8,5,R5
2025-09-03 00:00:00,1,-1,35.95208925049756,127.0004664514248,0,113.19685533800225,0.029559758593461844,,,1,0.004030516,9,5,R5
2025-09-03 00:00:00,-2,-4,35.9249497534829,126.96717354857519,0,127.05763025545201,0.0815470794107305,,,0,0.0039426372,10,5,R5
2025-09-03 01:00:00,0,0,35.96113574950244,126.9893688171416,0,46.60566486587828,0.5075214326424843,,,0,0.0477487,1,100,R5
2025-09-03 01:00:00,-2,-3,35.93399625248779,126.96717354857519,0,46.7864938873912,0.5173171426233825,,,1,0.039487485,2,83,R5
2025-09-03 01:00:00,-4,-3,35.93399625248779,126.94497828000878,0,56.914502798849696,0.5478882150164343,,,0,0.015929878,3,33,R5
2025-09-03 01:00:00,9,1,35.97018224850733,127.08924752569042,0,89.70635535717838,0.49821079061938284,,,0,0.009253277,4,19,R5
2025-09-03 01:00:00,1,-1,35.95208925049756,127.0004664514248,0,44.12149016142291,0.5055249487886544,,,0,0.006455321,5,14,R5
2025-09-03 01:00:00,-1,0,35.96113574950244,126.97827118285839,0,47.546232604987665,0.5100982016748912,,,0,0.0046013235,6,10,R5
2025-09-03 01:00:00,-2,-2,35.94304275149267,126.96717354857519,0,46.398801505128404,0.5142338145538983,,,0,0.0041894647,7,9,R5
2025-09-03 01:00:00,0,-1,35.95208925049756,126.9893688171416,0,43.684499649578754,0.5049129999879342,,,0,0.0023478551,8,5,R5
2025-09-03 01:00:00,-2,-4,35.9249497534829,126.96717354857519,0,49.247797580866575,0.5271690465584213,,,0,0.0022495335,9,5,R5
2025-09-03 01:00:00,1,0,35.96113574950244,127.0004664514248,0,47.07662346925213,0.5070205418409796,,,0,0.001746812,10,4,R5
2025-09-03 19:00:00,0,0,35.96113574950244,126.9893688171416,1,314.960996685758,2.2360336141460464,0.027875899912375667,4269.3,1,0.008214806,1,100,R5
2025-09-03 19:00:00,9,1,35.97018224850733,127.08924752569042,1,325.60901057963673,1.4759878022819048,0.08377360541121802,19733.3,0,0.0042543006,2,52,R5
2025-09-03 19:00:00,-2,-3,35.93399625248779,126.96717354857519,1,314.59472868376645,2.298843559373663,0.013155048810342306,1088.7,0,0.0034348492,3,42,R5
2025-09-03 19:00:00,1,-1,35.95208925049756,127.0004664514248,1,314.520970148774,2.3304062675510258,0.010256417130039495,1530.4,0,0.002332107,4,28,R5
2025-09-03 19:00:00,-4,-3,35.93399625248779,126.94497828000878,1,315.08187098108556,2.1179777624102076,0.05686379618945513,3129.3,0,0.0015291729,5,19,R5
2025-09-03 19:00:00,-1,0,35.96113574950244,126.97827118285839,1,315.1469968567614,2.202481882976198,0.06013757353247944,6918.9,0,0.001366194,6,17,R5
2025-09-03 19:00:00,-2,-2,35.94304275149267,126.96717354857519,1,314.66957462509396,2.2857426665947944,0.05118710886769693,3653.7,0,0.0012593238,7,15,R5
2025-09-03 19:00:00,2,0,35.96113574950244,127.011564085708,1,315.2818837578295,2.1771489085659432,0.14388731289163734,31685.9,0,0.000694674,8,8,R5
2025-09-03 19:00:00,-3,-2,35.94304275149267,126.95607591429199,1,315.04638174406966,2.190229907468408,0.07175276912825757,3887.3999999999996,0,0.0005560428,9,7,R5
2025-09-03 19:00:00,0,-1,35.95208925049756,126.9893688171416,1,314.4664895272575,2.3398054584115644,0.014363063533288476,1598.8,0,0.00047879983,10,6,R5
2025-09-05 06:00:00,0,0,35.96113574950244,126.9893688171416,1,99.64961236986096,0.5341445751064514,,,0,0.020309117,1,100,R5
2025-09-05 06:00:00,9,1,35.97018224850733,127.08924752569042,1,104.92857842127876,0.6145722000118301,,,0,0.013273033,2,65,R5
2025-09-05 06:00:00,-2,-3,35.93399625248779,126.96717354857519,1,99.6173925421291,0.5448890695579369,,,1,0.011534669,3,57,R5
2025-09-05 06:00:00,-4,-3,35.93399625248779,126.94497828000878,1,95.29323598954875,0.6304369632390874,,,0,0.0042501856,4,21,R5
2025-09-05 06:00:00,-2,-2,35.94304275149267,126.96717354857519,1,99.49698876428897,0.5407354131538947,,,0,0.003311758,5,16,R5
2025-09-05 06:00:00,-1,0,35.96113574950244,126.97827118285839,1,98.92120070726725,0.5428686036523689,,,0,0.003124837,6,15,R5
2025-09-05 06:00:00,0,-1,35.95208925049756,126.9893688171416,1,100.6405386397837,0.5162589329609114,,,0,0.0020265996,7,10,R5
2025-09-05 06:00:00,1,0,35.96113574950244,127.0004664514248,1,99.93635909688959,0.5344647689428977,,,0,0.002002502,8,10,R5
2025-09-05 06:00:00,1,-1,35.95208925049756,127.0004664514248,1,100.7400717136224,0.5183210387346473,,,0,0.0017415596,9,9,R5
2025-09-05 06:00:00,-2,0,35.96113574950244,126.96717354857519,1,97.60268583946151,0.5601440214508616,,,0,0.001685799,10,8,R5
2025-09-05 07:00:00,-2,-3,35.93399625248779,126.96717354857519,0,7.912734116869046,0.12849970255808593,,,1,0.029702326,1,100,R5
2025-09-05 07:00:00,0,0,35.96113574950244,126.9893688171416,0,8.927390969512317,0.1310144422658207,,,0,0.023035439,2,78,R5
2025-09-05 07:00:00,9,1,35.97018224850733,127.08924752569042,0,111.65764493296683,0.2674231512377397,,,0,0.014907323,3,50,R5
2025-09-05 07:00:00,-4,-3,35.93399625248779,126.94497828000878,0,17.162026693368603,0.17386390602179846,,,0,0.0034868482,4,12,R5
2025-09-05 07:00:00,-1,0,35.96113574950244,126.97827118285839,0,9.683021033788066,0.1372845878737822,,,0,0.0029984836,5,10,R5
2025-09-05 07:00:00,-2,-2,35.94304275149267,126.96717354857519,0,7.357264051898994,0.12793674295056562,,,0,0.002818107,6,9,R5
2025-09-05 07:00:00,-11,-5,35.91590325447802,126.86729484002636,0,12.786155991278974,0.26108774478625163,,,0,0.0019552212,7,7,R5
2025-09-05 07:00:00,0,-1,35.95208925049756,126.9893688171416,0,3.851257563284207,0.11336824059358476,,,0,0.0018373585,8,6,R5
2025-09-05 07:00:00,1,0,35.96113574950244,127.0004664514248,0,10.55322540761864,0.13283240238944627,,,0,0.0017547592,9,6,R5
2025-09-05 07:00:00,1,-1,35.95208925049756,127.0004664514248,0,4.9589566986288105,0.11580688452163228,,,0,0.0015191234,10,5,R5
2025-09-05 20:00:00,9,1,35.97018224850733,127.08924752569042,0,153.4501095395358,0.8791840366529379,,,0,0.033561394,1,100,R5
2025-09-05 20:00:00,0,0,35.96113574950244,126.9893688171416,0,149.91410075194415,1.4672740358110428,0.3071108911434127,47035.2,0,0.025173416,2,75,R5
2025-09-05 20:00:00,-2,-3,35.93399625248779,126.96717354857519,0,150.07886988985467,1.5101355709076587,0.09689810546513918,8019.2,0,0.02005175,3,60,R5
2025-09-05 20:00:00,1,0,35.96113574950244,127.0004664514248,0,149.9497112398014,1.46059614334465,0.3148318855923221,51981.2,0,0.003540313,4,11,R5
2025-09-05 20:00:00,-1,0,35.96113574950244,126.97827118285839,0,149.9955204590255,1.4392304126257387,0.28456808794693145,32739.9,0,0.003006091,5,9,R5
2025-09-05 20:00:00,-11,-5,35.91590325447802,126.86729484002636,0,160.88740013985398,0.9084375322446153,,,0,0.0027135115,6,8,R5
2025-09-05 20:00:00,-4,-3,35.93399625248779,126.94497828000878,0,151.43869760472046,1.344580495963929,0.21441356314111013,11799.500000000002,0,0.0024936867,7,7,R5
2025-09-05 20:00:00,-2,-2,35.94304275149267,126.96717354857519,0,149.99765045619563,1.50142903021215,0.2777499919444432,19825.6,0,0.002013623,8,6,R5
2025-09-05 20:00:00,2,0,35.96113574950244,127.011564085708,0,150.10842959400247,1.4212919485756195,0.3008142559963453,66243.29999999999,0,0.0015801272,9,5,R5
2025-09-05 20:00:00,0,-1,35.95208925049756,126.9893688171416,0,149.6910170009142,1.5500021071268324,0.18176084978165233,20232.399999999998,0,0.0013623922,10,4,R5
2025-09-05 21:00:00,9,1,35.97018224850733,127.08924752569042,0,175.1280900783753,0.7916269012592658,,,0,0.028137507,1,100,R5
2025-09-05 21:00:00,-2,-3,35.93399625248779,126.96717354857519,0,181.46230638228235,1.337214564074169,0.23415189387028137,19378.200000000004,0,0.0077476203,2,28,R5
2025-09-05 21:00:00,-11,-5,35.91590325447802,126.86729484002636,0,156.54219926825886,1.0768909759347705,0.5463630726139294,92070.09999999998,0,0.0066811233,3,24,R5
2025-09-05 21:00:00,-4,-3,35.93399625248779,126.94497828000878,0,177.53890784793214,1.2314588619063802,0.5435396091329511,29911.799999999996,0,0.0049859383,4,18,R5
2025-09-05 21:00:00,0,-1,35.95208925049756,126.9893688171416,0,182.3957779407365,1.3613530508283536,0.10807872913659017,12030.6,1,0.0043000863,5,15,R5
2025-09-05 21:00:00,2,0,35.96113574950244,127.011564085708,0,181.13251267395057,1.2559424061276543,0.15157622178133656,33379.1,0,0.004041365,6,14,R5
2025-09-05 21:00:00,0,0,35.96113574950244,126.9893688171416,0,181.46832163571767,1.2948451123997373,0.14411265015951288,22071.4,0,0.003164472,7,11,R5
2025-09-05 21:00:00,-1,0,35.96113574950244,126.97827118285839,0,180.98292230278628,1.2737883294102594,0.1059050231549084,12184.5,0,0.0028810578,8,10,R5
2025-09-05 21:00:00,-12,-5,35.91590325447802,126.85619720574316,0,153.62302922260074,1.0502873736360436,0.5935751855519164,112219.89999999997,0,0.0025375118,9,9,R5
2025-09-05 21:00:00,-2,-2,35.94304275149267,126.96717354857519,0,181.46666311794934,1.3285322091496967,0.31643487677800136,22586.899999999994,0,0.002076242,10,7,R5
2025-09-08 19:00:00,9,1,35.97018224850733,127.08924752569042,1,95.62065063240226,0.9441449120078328,,,0,0.15482938,1,100,R5
2025-09-08 19:00:00,0,0,35.96113574950244,126.9893688171416,1,56.933911931285365,0.9794833288704161,,,1,0.06975622,2,45,R5
2025-09-08 19:00:00,-2,-3,35.93399625248779,126.96717354857519,1,57.38721025533721,1.0053445290131493,0.3189606943526452,26396.899999999998,0,0.045790583,3,30,R5
2025-09-08 19:00:00,-4,-3,35.93399625248779,126.94497828000878,1,68.1693083595913,1.0044960175610642,0.21651236110227778,11915.0,0,0.01480747,4,10,R5
2025-09-08 19:00:00,0,-1,35.95208925049756,126.9893688171416,1,54.2938760928721,0.9961790935558912,,,0,0.013030141,5,8,R5
2025-09-08 19:00:00,-2,-2,35.94304275149267,126.96717354857519,1,56.945618179115,0.9965618522688818,,,0,0.010802966,6,7,R5
2025-09-08 19:00:00,-1,0,35.96113574950244,126.97827118285839,1,57.8613447143419,0.972092112882591,,,0,0.009019587,7,6,R5
2025-09-08 19:00:00,1,0,35.96113574950244,127.0004664514248,1,57.343310713487654,0.9809990000538474,,,0,0.0073097204,8,5,R5
2025-09-08 19:00:00,1,-1,35.95208925049756,127.0004664514248,1,54.69185029296381,0.9968648496978874,,,0,0.0055758045,9,4,R5
2025-09-08 19:00:00,-12,-5,35.91590325447802,126.85619720574316,1,109.76256851083713,1.052693443780423,0.3098092856357004,58571.79999999999,0,0.0051945853,10,3,R5
2025-09-08 21:00:00,0,0,35.96113574950244,126.9893688171416,0,160.69927668488094,0.9458430916189469,,,1,0.05803292,1,100,R5
2025-09-08 21:00:00,9,1,35.97018224850733,127.08924752569042,0,144.51078243925338,0.7243416424838184,,,0,0.021519437,2,37,R5
2025-09-08 21:00:00,-2,-3,35.93399625248779,126.96717354857519,0,160.8710044996667,0.9712671451079082,,,0,0.0155181,3,27,R5
2025-09-08 21:00:00,-4,-3,35.93399625248779,126.94497828000878,0,158.6877310778474,0.9178573966072129,,,0,0.013158725,4,23,R5
2025-09-08 21:00:00,0,-1,35.95208925049756,126.9893688171416,0,161.57466603489706,0.9810623268864643,,,0,0.0047527957,5,8,R5
2025-09-08 21:00:00,-2,-2,35.94304275149267,126.96717354857519,0,160.92912879229107,0.9649899682391337,,,0,0.0034125773,6,6,R5
2025-09-08 21:00:00,1,0,35.96113574950244,127.0004664514248,0,160.5192782874359,0.943969583781205,,,0,0.0033445992,7,6,R5
2025-09-08 21:00:00,-1,0,35.96113574950244,126.97827118285839,0,160.46681715498698,0.9334130859167852,,,0,0.0032141202,8,6,R5
2025-09-08 21:00:00,1,-1,35.95208925049756,127.0004664514248,0,161.42792748073202,0.9785174720677263,,,0,0.002182682,9,4,R5
2025-09-08 21:00:00,2,0,35.96113574950244,127.011564085708,0,159.8626962013982,0.9292272298503742,,,0,0.0019073781,10,3,R5
2025-09-08 22:00:00,0,0,35.96113574950244,126.9893688171416,0,76.80595950247005,0.8302464717466238,,,1,0.19433673,1,100,R5
2025-09-08 22:00:00,-2,-3,35.93399625248779,126.96717354857519,0,77.66637973405324,0.8457255000796133,,,0,0.06051023,2,31,R5
2025-09-08 22:00:00,-4,-3,35.93399625248779,126.94497828000878,0,94.45404097913257,0.9210103175321828,,,0,0.059407145,3,31,R5
2025-09-08 22:00:00,9,1,35.97018224850733,127.08924752569042,0,112.31141911882548,1.0140592228292689,0.001645474880399533,387.6,0,0.032621104,4,17,R5
2025-09-08 22:00:00,0,-1,35.95208925049756,126.9893688171416,0,72.92397459312252,0.8162219435627588,,,0,0.019700577,5,10,R5
2025-09-08 22:00:00,-2,-2,35.94304275149267,126.96717354857519,0,77.15330231090746,0.8384268358479374,,,0,0.01514531,6,8,R5
2025-09-08 22:00:00,-1,0,35.96113574950244,126.97827118285839,0,78.52153558370804,0.8335072436923207,,,1,0.01238042,7,6,R5
2025-09-08 22:00:00,1,0,35.96113574950244,127.0004664514248,0,77.08769375170749,0.8343581219694733,,,0,0.010705839,8,6,R5
2025-09-08 22:00:00,1,-1,35.95208925049756,127.0004664514248,0,73.38165520145424,0.8199176103345589,,,0,0.008639504,9,4,R5
2025-09-08 22:00:00,-2,0,35.96113574950244,126.96717354857519,0,82.23904897285809,0.8412729800822405,,,0,0.0039698547,10,2,R5
2025-09-09 08:00:00,9,1,35.97018224850733,127.08924752569042,0,254.4559553573395,1.0329309540080513,0.23687111847716313,55796.200000000004,1,0.0073934016,1,100,R5
2025-09-09 08:00:00,0,0,35.96113574950244,126.9893688171416,0,235.17417058316315,0.9958459492532588,,,0,0.0062294174,2,84,R5
2025-09-09 08:00:00,-2,-3,35.93399625248779,126.96717354857519,0,234.05187053951363,0.9922565545653547,,,0,0.0029613636,3,40,R5
2025-09-09 08:00:00,-4,-3,35.93399625248779,126.94497828000878,0,242.66620424447365,0.9649877313292902,,,0,0.0014962094,4,20,R5
2025-09-09 08:00:00,-1,0,35.96113574950244,126.97827118285839,0,236.4181284150191,0.9929628780086082,,,0,0.0010389962,5,14,R5
2025-09-09 08:00:00,0,-1,35.95208925049756,126.9893688171416,0,232.30471192767516,0.9982511171416392,,,0,0.0005342872,6,7,R5
2025-09-09 08:00:00,-2,-2,35.94304275149267,126.96717354857519,0,234.25399285486404,0.9923607212535829,,,0,0.00040329667,7,5,R5
2025-09-09 08:00:00,1,0,35.96113574950244,127.0004664514248,0,235.2859557218277,0.9973390278500593,,,0,0.0003813949,8,5,R5
2025-09-09 08:00:00,1,-1,35.95208925049756,127.0004664514248,0,232.51377382095217,0.9988939708337555,,,0,0.00026535013,9,4,R5
2025-09-09 08:00:00,-12,-5,35.91590325447802,126.85619720574316,0,295.7266564581637,0.6706170047701188,,,0,0.00021365091,10,3,R5
2025-09-10 20:00:00,9,1,35.97018224850733,127.08924752569042,1,29.528986251037793,1.1963412247263698,0.006751286641639261,1590.3000000000002,0,0.02949783,1,100,R5
2025-09-10 20:00:00,0,0,35.96113574950244,126.9893688171416,1,22.347665043965662,1.7028869404998725,0.39343326773478693,60255.8,0,0.015329341,2,52,R5
2025-09-10 20:00:00,-2,-2,35.94304275149267,126.96717354857519,1,22.257447619905065,1.74018872121032,0.03765097164023743,2687.5,0,0.008795348,3,30,R5
2025-09-10 20:00:00,-2,-3,35.93399625248779,126.96717354857519,1,22.33319478314479,1.7501855561038984,0.01597890745549432,1322.4,1,0.0076918085,4,26,R5
2025-09-10 20:00:00,-1,0,35.96113574950244,126.97827118285839,1,22.420154884777048,1.6847807110699835,0.44309229282267365,50978.299999999996,0,0.007269071,5,25,R5
2025-09-10 20:00:00,0,-1,35.95208925049756,126.9893688171416,1,21.98208280062846,1.7657051508045098,0.228109309489522,25391.600000000006,0,0.00724484,6,25,R5
2025-09-10 20:00:00,-4,-3,35.93399625248779,126.94497828000878,1,23.150720421622395,1.668747582193705,0.009425510843789467,518.7,0,0.0054926244,7,19,R5
2025-09-10 20:00:00,-3,-2,35.94304275149267,126.95607591429199,1,22.630215433777494,1.6925828389124822,0.04376708498145917,2371.2000000000003,0,0.0039273878,8,13,R5
2025-09-10 20:00:00,1,-1,35.95208925049756,127.0004664514248,1,22.05788003286375,1.759735281317893,0.29416696433777284,43893.8,0,0.0027129508,9,9,R5
2025-09-10 20:00:00,-5,-2,35.94304275149267,126.93388064572558,1,22.995228234301692,1.5961979717499868,0.0732526469469629,4776.599999999999,0,0.0025916242,10,9,R5
2025-09-10 21:00:00,0,0,35.96113574950244,126.9893688171416,0,64.14687341274526,1.5901080027185086,0.23093125994914918,35368.0,0,0.16266422,1,100,R5
2025-09-10 21:00:00,-2,-3,35.93399625248779,126.96717354857519,0,64.18187162320055,1.6476257344842655,0.3297051321244431,27286.1,0,0.15254648,2,94,R5
2025-09-10 21:00:00,0,-1,35.95208925049756,126.9893688171416,0,64.15075937852828,1.66132565940268,0.26238733376874107,29207.2,0,0.0490914,3,30,R5
2025-09-10 21:00:00,9,1,35.97018224850733,127.08924752569042,0,69.30700304011845,1.0277286555278358,0.044660463730142125,10520.0,0,0.03689407,4,23,R5
2025-09-10 21:00:00,-1,-1,35.95208925049756,126.97827118285839,0,64.11386928401885,1.6398062584516349,0.29859549475382485,32425.5,0,0.02613487,5,16,R5
2025-09-10 21:00:00,-2,-2,35.94304275149267,126.96717354857519,0,64.09529489399381,1.6346297569816632,0.17874509836885483,12758.7,1,0.024937645,6,15,R5
2025-09-10 21:00:00,1,-1,35.95208925049756,127.0004664514248,0,64.20522383921542,1.6544308922767235,0.30464990191932523,45458.0,0,0.023772264,7,15,R5
2025-09-10 21:00:00,-4,-3,35.93399625248779,126.94497828000878,0,63.656806132600536,1.5701412430461918,0.22200194434096837,12217.1,0,0.022836966,8,14,R5
2025-09-10 21:00:00,1,0,35.96113574950244,127.0004664514248,0,64.25150481412942,1.5828873475146443,0.16284027768524564,26886.199999999997,0,0.019607196,9,12,R5
2025-09-10 21:00:00,-1,0,35.96113574950244,126.97827118285839,0,64.03088282054944,1.5687515350884147,0.12898344389280597,14839.699999999999,0,0.01169483,10,7,R5
2025-09-10 22:00:00,0,0,35.96113574950244,126.9893688171416,0,34.02071722759149,1.2630663318407043,0.3537803175631294,54182.8,0,0.06084971,1,100,R5
2025-09-10 22:00:00,-2,-3,35.93399625248779,126.96717354857519,0,34.39325282372505,1.3010489294595733,0.017356399477519692,1436.4,0,0.054336343,2,89,R5
2025-09-10 22:00:00,-2,-2,35.94304275149267,126.96717354857519,0,34.08799155648478,1.292229497012163,0.03765097164023743,2687.5,0,0.040705264,3,67,R5
2025-09-10 22:00:00,9,1,35.97018224850733,127.08924752569042,0,56.29607930314296,0.9831499476256299,,,1,0.02917506,4,48,R5
2025-09-10 22:00:00,0,-1,35.95208925049756,126.9893688171416,0,33.15662464516885,1.2896743835057365,0.2611934063584496,29074.300000000007,0,0.02494012,5,41,R5
2025-09-10 22:00:00,-1,0,35.96113574950244,126.97827118285839,0,34.18476775504274,1.258615494962683,0.43655259571390814,50225.899999999994,0,0.015067857,6,25,R5
2025-09-10 22:00:00,1,-1,35.95208925049756,127.0004664514248,0,33.34797644010803,1.286886818469599,0.20144369928002684,30058.199999999997,0,0.0061277435,7,10,R5
2025-09-10 22:00:00,-4,-3,35.93399625248779,126.94497828000878,0,37.74744891785588,1.3192503108553633,0.010979166477381137,604.2,0,0.005028987,8,8,R5
2025-09-10 22:00:00,-1,-1,35.95208925049756,126.97827118285839,0,33.52327701868131,1.2853184994268358,0.23377019229529605,25385.9,0,0.00452588,9,7,R5
2025-09-10 22:00:00,1,0,35.96113574950244,127.0004664514248,0,34.27966796304975,1.2583189923769234,0.18002844202393833,29724.100000000002,0,0.0042057903,10,7,R5
2025-09-10 23:00:00,-2,-3,35.93399625248779,126.96717354857519,0,107.53968156708783,1.2018421806941357,0.5002954357889343,41404.0,0,0.08245281,1,100,R5
2025-09-10 23:00:00,0,0,35.96113574950244,126.9893688171416,0,107.33202290998452,1.1693059585784795,0.3612042273844985,55319.799999999996,0,0.07559939,2,92,R5
2025-09-10 23:00:00,9,1,35.97018224850733,127.08924752569042,0,111.1718651232892,0.9537826269695182,,,1,0.048736867,3,59,R5
2025-09-10 23:00:00,0,-1,35.95208925049756,126.9893688171416,0,108.10722204879454,1.1918943747997814,0.46323035971442766,51563.7,0,0.02270338,4,28,R5
2025-09-10 23:00:00,-2,-2,35.94304275149267,126.96717354857519,0,107.39535798863051,1.1931669930416695,0.5813113885958534,41493.6,0,0.020814015,5,25,R5
2025-09-10 23:00:00,-1,-1,35.95208925049756,126.97827118285839,0,107.71562649042124,1.1877614773099376,0.4706998767880921,51114.9,0,0.015403477,6,19,R5
2025-09-10 23:00:00,1,-1,35.95208925049756,127.0004664514248,0,108.15729945243555,1.190162907951862,0.4224170804462587,63030.5,0,0.015029758,7,18,R5
2025-09-10 23:00:00,-4,-3,35.93399625248779,126.94497828000878,0,104.66924615739924,1.2084072178224743,0.22244532676739687,12241.5,0,0.013340719,8,16,R5
2025-09-10 23:00:00,1,0,35.96113574950244,127.0004664514248,0,107.53082414605808,1.1661579112127978,0.4190710553953235,69191.9,0,0.012953513,9,16,R5
2025-09-10 23:00:00,-1,0,35.96113574950244,126.97827118285839,0,106.76506821538715,1.164534951769756,0.3745628033432072,43093.9,0,0.012303346,10,15,R5
2025-09-11 00:00:00,-2,-3,35.93399625248779,126.96717354857519,0,116.1703862161313,1.559004002060659,0.2820535747730461,23342.5,1,0.035928607,1,100,R5
2025-09-11 00:00:00,0,0,35.96113574950244,126.9893688171416,0,116.05122628346021,1.5128977272754875,0.3314321943040264,50760.09999999999,0,0.027985124,2,78,R5
2025-09-11 00:00:00,9,1,35.97018224850733,127.08924752569042,0,103.40821318135437,1.0286842955254494,0.023126648499650404,5447.6,0,0.020842373,3,58,R5
2025-09-11 00:00:00,0,-1,35.95208925049756,126.9893688171416,0,117.59242369129873,1.5694346869989566,0.5484762377900934,61052.7,0,0.010840456,4,30,R5
2025-09-11 00:00:00,-2,-2,35.94304275149267,126.96717354857519,0,116.17611716048123,1.5491006149065156,0.5727668946038977,40883.7,0,0.010628577,5,30,R5
2025-09-11 00:00:00,-4,-3,35.93399625248779,126.94497828000878,0,110.47901105207694,1.4976385109175583,0.22244532676739687,12241.5,0,0.008952352,6,25,R5
2025-09-11 00:00:00,-1,-1,35.95208925049756,126.97827118285839,0,116.90249022926002,1.5529024509528935,0.5991671685387878,65065.6,0,0.007770913,7,22,R5
2025-09-11 00:00:00,1,0,35.96113574950244,127.0004664514248,0,116.02757178725733,1.5059699117132144,0.3802346103575967,62779.7,0,0.0068443655,8,19,R5
2025-09-11 00:00:00,1,-1,35.95208925049756,127.0004664514248,0,117.47596803374802,1.5636540991205412,0.40168107662891994,59936.399999999994,0,0.0067515653,9,19,R5
2025-09-11 00:00:00,-1,0,35.96113574950244,126.97827118285839,0,115.3150941073518,1.4974192637567827,0.3418460650562532,39329.8,0,0.0057708453,10,16,R5
2025-09-11 01:00:00,-2,-3,35.93399625248779,126.96717354857519,0,52.36491897566964,0.8321171966070599,,,0,0.041272257,1,100,R5
2025-09-11 01:00:00,0,0,35.96113574950244,126.9893688171416,0,52.30177750715211,0.8119399370850899,,,0,0.024251772,2,59,R5
2025-09-11 01:00:00,9,1,35.97018224850733,127.08924752569042,0,72.40901355296842,0.7459764667794369,,,0,0.015307286,3,37,R5
2025-09-11 01:00:00,-2,-2,35.94304275149267,126.96717354857519,0,52.14240401765437,0.8268292029476776,,,0,0.014064409,4,34,R5
2025-09-11 01:00:00,-4,-3,35.93399625248779,126.94497828000878,0,57.61761615745985,0.9018636994366753,,,0,0.0069193062,5,17,R5
2025-09-11 01:00:00,-1,0,35.96113574950244,126.97827118285839,0,52.88350040188436,0.8178456427414894,,,0,0.0051138815,6,12,R5
2025-09-11 01:00:00,0,-1,35.95208925049756,126.9893688171416,0,50.45240868592282,0.8079234047502524,,,0,0.004487236,7,11,R5
2025-09-11 01:00:00,1,0,35.96113574950244,127.0004664514248,0,52.570513986355024,0.8095906036977164,,,0,0.0029478918,8,7,R5
2025-09-11 01:00:00,1,-1,35.95208925049756,127.0004664514248,0,50.726470080488525,0.8080413951155551,,,1,0.0022057984,9,5,R5
2025-09-11 01:00:00,-5,-2,35.94304275149267,126.93388064572558,0,58.97089062053601,0.9209451806882252,,,0,0.0013009817,10,3,R5
2025-09-11 19:00:00,-2,-3,35.93399625248779,126.96717354857519,1,48.7619469019815,3.1243526580240557,0.15940120180137288,13191.9,0,0.07041993,1,100,R5
2025-09-11 19:00:00,-2,-2,35.94304275149267,126.96717354857519,1,48.691629762555976,3.109033963097378,0.021960148110166392,1567.5,1,0.038539518,2,55,R5
2025-09-11 19:00:00,0,0,35.96113574950244,126.9893688171416,1,48.67744328890427,3.0375122602010065,0.19137820935556285,29310.3,0,0.038079683,3,54,R5
2025-09-11 19:00:00,9,1,35.97018224850733,127.08924752569042,1,55.461418411460556,1.8175366021319437,0.0495242938913231,11665.7,0,0.030064823,4,43,R5
2025-09-11 19:00:00,0,-1,35.95208925049756,126.9893688171416,1,48.04785397141927,3.2010133857985634,0.18209594001794938,20269.7,0,0.017955743,5,25,R5
2025-09-11 19:00:00,1,-1,35.95208925049756,127.0004664514248,1,48.110887288032586,3.184909798444538,0.1791542208869281,26732.3,0,0.017675614,6,25,R5
2025-09-11 19:00:00,-1,0,35.96113574950244,126.97827118285839,1,48.94957076114645,2.985074565847401,0.41786352510882113,48075.700000000004,0,0.00942053,7,13,R5
2025-09-11 19:00:00,-4,-3,35.93399625248779,126.94497828000878,1,51.39430920859229,2.8208471614397235,0.021026139574607267,1157.1,0,0.007046199,8,10,R5
2025-09-11 19:00:00,-3,-2,35.94304275149267,126.95607591429199,1,49.75694533990634,2.952944780274418,0.03955871142554963,2143.2,0,0.0032509041,9,5,R5
2025-09-11 19:00:00,-1,-1,35.95208925049756,126.97827118285839,1,48.33755023265917,3.143990216539793,0.2701084964647944,29332.000000000004,0,0.002994341,10,4,R5
2025-09-11 22:00:00,-2,-3,35.93399625248779,126.96717354857519,0,61.561273636849364,2.5444128336708323,0.3297051321244431,27286.1,0,0.13929431,1,100,R5
2025-09-11 22:00:00,0,0,35.96113574950244,126.9893688171416,0,61.389283059131344,2.474056192823006,0.23093125994914918,35368.0,1,0.13034771,2,94,R5
2025-09-11 22:00:00,-2,-2,35.94304275149267,126.96717354857519,0,61.49568909784216,2.5323234393319876,0.17874509836885483,12758.7,0,0.08249257,3,59,R5
2025-09-11 22:00:00,1,-1,35.95208925049756,127.0004664514248,0,61.0099858153452,2.600232469176185,0.30464990191932523,45458.0,0,0.051392894,4,37,R5
2025-09-11 22:00:00,9,1,35.97018224850733,127.08924752569042,0,63.45517412097985,1.4329997570383872,0.04490244533020088,10577.0,0,0.044961616,5,32,R5
2025-09-11 22:00:00,0,-1,35.95208925049756,126.9893688171416,0,60.989008946373474,2.6141129310503346,0.26238733376874107,29207.2,0,0.042762995,6,31,R5
2025-09-11 22:00:00,-1,-1,35.95208925049756,126.97827118285839,0,61.20275926486573,2.564462826981005,0.29859549475382485,32425.5,0,0.021274738,7,15,R5
2025-09-11 22:00:00,-4,-3,35.93399625248779,126.94497828000878,0,63.79955259371047,2.271893096569484,0.22200194434096837,12217.1,0,0.018526113,8,13,R5
2025-09-11 22:00:00,1,0,35.96113574950244,127.0004664514248,0,61.377145145516636,2.460943829849343,0.16284027768524564,26886.199999999997,0,0.016782848,9,12,R5
2025-09-11 22:00:00,-1,0,35.96113574950244,126.97827118285839,0,61.60605204432966,2.428640025730616,0.12898344389280597,14839.699999999999,0,0.010373599,10,7,R5
2025-09-12 17:00:00,0,0,35.96113574950244,126.9893688171416,1,78.48422456067868,2.055954744394927,0.28750902687363944,44033.1,0,0.15801,1,100,R5
2025-09-12 17:00:00,-2,-3,35.93399625248779,126.96717354857519,1,78.90589742309044,2.090322276454179,0.3930045155155143,32524.7,0,0.024485385,2,15,R5
2025-09-12 17:00:00,-2,-2,35.94304275149267,126.96717354857519,1,78.83424622822236,2.082527599618327,0.2859358385414259,20409.9,1,0.012987174,3,8,R5
2025-09-12 17:00:00,0,-1,35.95208925049756,126.9893688171416,1,79.13216233531637,2.085188026772752,0.37854326482100525,42136.9,0,0.008312195,4,5,R5
2025-09-12 17:00:00,9,1,35.97018224850733,127.08924752569042,1,58.26238832853062,1.7733214308976892,0.0495242938913231,11665.7,0,0.0062618884,5,4,R5
2025-09-12 17:00:00,1,0,35.96113574950244,127.0004664514248,1,78.35508391224386,2.051632125305272,0.20362211839779829,33619.6,0,0.005341003,6,3,R5
2025-09-12 17:00:00,-4,-3,35.93399625248779,126.94497828000878,1,77.83847345502852,2.100940895604878,0.21651236110227778,11915.0,0,0.0044961395,7,3,R5
2025-09-12 17:00:00,1,-1,35.95208925049756,127.0004664514248,1,79.04596752509224,2.081348635799851,0.33103149237436996,49394.5,0,0.0041867993,8,3,R5
2025-09-12 17:00:00,-1,-1,35.95208925049756,126.97827118285839,1,78.93865996730324,2.078551029534831,0.45859416870638553,49800.3,0,0.0039677015,9,3,R5
2025-09-12 17:00:00,-1,0,35.96113574950244,126.97827118285839,1,78.32591177001302,2.048917362785463,0.19904703297314583,22900.6,0,0.0020879994,10,1,R5
2025-09-12 20:00:00,9,1,35.97018224850733,127.08924752569042,0,298.3020673212053,2.328224350385299,0.12420406096068397,29256.900000000005,0,0.018023316,1,100,R5
2025-09-12 20:00:00,-4,-3,35.93399625248779,126.94497828000878,0,282.952611531656,3.5592501192742128,0.039980738304425646,2200.2,0,0.0019111404,2,11,R5
2025-09-12 20:00:00,0,0,35.96113574950244,126.9893688171416,0,277.98028785986304,3.8773768305893643,0.01972526963092003,3021.0,1,0.0017413605,3,10,R5
2025-09-12 20:00:00,-1,0,35.96113574950244,126.97827118285839,0,278.53003544944454,3.8158481933668567,0.020609954524594264,2371.2,0,0.0011347778,4,6,R5
2025-09-12 20:00:00,-2,-2,35.94304275149267,126.96717354857519,0,277.76250449562923,3.952076104658732,0.022678843866499113,1618.8000000000002,0,0.0008550322,5,5,R5
2025-09-12 20:00:00,-11,-5,35.91590325447802,126.86729484002636,0,32.085937337629616,2.8249154747593375,0.010756344409531526,1812.6000000000001,0,0.0007945118,6,4,R5
2025-09-12 20:00:00,-12,-5,35.91590325447802,126.85619720574316,0,38.2699122381635,2.82363200030201,0.009647853352629042,1824.0,0,0.00069884775,7,4,R5
2025-09-12 20:00:00,-2,-3,35.93399625248779,126.96717354857519,0,277.74422882959533,3.962963990529467,0.01845839309513999,1527.6,0,0.0005255774,8,3,R5
2025-09-12 20:00:00,-3,-2,35.94304275149267,126.95607591429199,0,279.73191814228613,3.7522129783558027,0.05576094961580134,3021.0,0,0.00040026254,9,2,R5
2025-09-12 20:00:00,-5,-2,35.94304275149267,126.93388064572558,0,288.12099398262353,3.339267183422877,0.03068219460427683,2000.7,0,0.00038150288,10,2,R5
2025-09-14 23:00:00,0,0,35.96113574950244,126.9893688171416,1,104.13661022928943,1.296989453394823,0.41783031175197743,63992.299999999996,0,0.105627954,1,100,R5
2025-09-14 23:00:00,-2,-3,35.93399625248779,126.96717354857519,1,104.5061640439971,1.3319652088209768,0.5057171960545728,41852.7,0,0.07737063,2,73,R5
2025-09-14 23:00:00,1,-1,35.95208925049756,127.0004664514248,1,104.19581877168321,1.35522990970869,0.4593305315389518,68538.5,0,0.028639987,3,27,R5
2025-09-14 23:00:00,0,-1,35.95208925049756,126.9893688171416,1,104.1709926169055,1.3614190938600148,0.5005412650599703,55716.899999999994,0,0.028352598,4,27,R5
2025-09-14 23:00:00,-4,-3,35.93399625248779,126.94497828000878,1,105.37637342141682,1.21187839280416,0.22244532676739687,12241.5,0,0.023223981,5,22,R5
2025-09-14 23:00:00,-1,0,35.96113574950244,126.97827118285839,1,104.07771143271242,1.2764005379005847,0.36054208908729324,41480.799999999996,0,0.02149731,6,20,R5
2025-09-14 23:00:00,9,1,35.97018224850733,127.08924752569042,1,105.96662507526213,0.8165427857478821,,,0,0.016784716,7,16,R5
2025-09-14 23:00:00,-2,-2,35.94304275149267,126.96717354857519,1,104.35200607010319,1.325587439648094,0.5813113885958534,41493.6,0,0.016140398,8,15,R5
2025-09-14 23:00:00,-1,-1,35.95208925049756,126.97827118285839,1,104.19336663630264,1.3390735907828613,0.47564492869732417,51651.9,0,0.0110661285,9,10,R5
2025-09-14 23:00:00,1,0,35.96113574950244,127.0004664514248,1,104.18855455791658,1.2909215451915679,0.34239993507272215,56532.899999999994,0,0.0072567705,10,7,R5
2025-09-15 23:00:00,0,0,35.96113574950244,126.9893688171416,0,7.868896463109763,0.32417396699758805,,,1,0.11504868,1,100,R5
2025-09-15 23:00:00,-2,-3,35.93399625248779,126.96717354857519,0,7.185715727263471,0.33364604989087887,,,0,0.06666733,2,58,R5
2025-09-15 23:00:00,9,1,35.97018224850733,127.08924752569042,0,103.5000684360582,0.40041601270556326,,,0,0.040523846,3,35,R5
2025-09-15 23:00:00,-4,-3,35.93399625248779,126.94497828000878,0,41.33248550898327,0.39476497759381196,,,0,0.026728993,4,23,R5
2025-09-15 23:00:00,-2,-2,35.94304275149267,126.96717354857519,0,6.924164081160825,0.32981041877344036,,,0,0.016300213,5,14,R5
2025-09-15 23:00:00,-1,0,35.96113574950244,126.97827118285839,0,9.962177382890332,0.32952769920300695,,,0,0.013523108,6,12,R5
2025-09-15 23:00:00,1,-1,35.95208925049756,127.0004664514248,0,3.5094180916298683,0.3138266966947179,,,0,0.00852394,7,7,R5
2025-09-15 23:00:00,1,0,35.96113574950244,127.0004664514248,0,8.632521492220917,0.3251082668634057,,,0,0.003584835,8,3,R5
2025-09-15 23:00:00,-1,-1,35.95208925049756,126.97827118285839,0,4.728606972558623,0.3191115701974039,,,0,0.003143647,9,3,R5
2025-09-15 23:00:00,0,-1,35.95208925049756,126.9893688171416,0,2.8709482911703503,0.3119947422808084,,,0,0.0026741892,10,2,R5
2025-09-17 11:00:00,2,0,35.96113574950244,127.011564085708,0,205.60848779764288,3.4172774482596724,0.05571870545512011,12270.0,0,0.001864688,1,100,R5
2025-09-17 11:00:00,0,0,35.96113574950244,126.9893688171416,0,204.75387688060383,3.500193034439508,0.06403758835889152,9807.6,0,0.001704108,2,91,R5
2025-09-17 11:00:00,0,-1,35.95208925049756,126.9893688171416,0,202.81015101696164,3.6271915043793124,0.06542344894994578,7282.5,0,0.0016388352,3,88,R5
2025-09-17 11:00:00,9,1,35.97018224850733,127.08924752569042,0,221.30308981667739,2.437634272962989,0.640615295529581,150900.19999999998,1,0.0010360131,4,56,R5
2025-09-17 11:00:00,-4,-3,35.93399625248779,126.94497828000878,0,211.53351260857156,3.3909683531331214,0.473236237427655,26042.899999999998,0,0.00093894434,5,50,R5
2025-09-17 11:00:00,-2,-3,35.93399625248779,126.96717354857519,0,204.4460698221245,3.5828185595585014,0.3601235392845016,29803.499999999996,0,0.00085110567,6,46,R5
2025-09-17 11:00:00,3,-1,35.95208925049756,127.0226617199912,0,205.5988687919886,3.4404215602400403,0.12751494969642785,34815.7,0,0.00079528225,7,43,R5
2025-09-17 11:00:00,1,-1,35.95208925049756,127.0004664514248,0,202.94943488893878,3.6140766228667016,0.08383535314069265,12509.4,0,0.0005859831,8,31,R5
2025-09-17 11:00:00,-2,-4,35.9249497534829,126.96717354857519,0,205.43610603837706,3.55994757255551,0.44009463347663763,48532.799999999996,0,0.00043310248,9,23,R5
2025-09-17 11:00:00,-1,0,35.96113574950244,126.97827118285839,0,205.70708818585567,3.4650954545544495,0.0051663954830545,594.4,0,0.0003739422,10,20,R5
2025-09-18 15:00:00,9,1,35.97018224850733,127.08924752569042,1,330.72678506148696,1.4337663207317644,0.04167772211257579,9817.4,1,0.007569386,1,100,R5
2025-09-18 15:00:00,0,0,35.96113574950244,126.9893688171416,1,335.8977384699723,1.5408578275499603,0.1227034523465954,18792.5,0,0.003807139,2,50,R5
2025-09-18 15:00:00,-4,-3,35.93399625248779,126.94497828000878,1,333.5212090934407,1.467721186620937,0.05717452731617346,3146.3999999999996,0,0.0022583732,3,30,R5
2025-09-18 15:00:00,-2,-2,35.94304275149267,126.96717354857519,1,335.74246418043265,1.5543471264026545,0.05809387315370142,4146.7,0,0.0021999425,4,29,R5
2025-09-18 15:00:00,0,-1,35.95208925049756,126.9893688171416,1,336.2487911815685,1.5793400768434704,0.15362674541137494,17100.7,0,0.0020558576,5,27,R5
2025-09-18 15:00:00,-1,0,35.96113574950244,126.97827118285839,1,335.81366163065366,1.5225683666099947,0.10672378906087028,12278.7,0,0.0013334627,6,18,R5
2025-09-18 15:00:00,1,-1,35.95208925049756,127.0004664514248,1,336.16963753428865,1.5785393105492684,0.17371974058717052,25921.4,0,0.0010905025,7,14,R5
2025-09-18 15:00:00,-2,-3,35.93399625248779,126.96717354857519,1,335.59097942894317,1.5610549662415705,0.008747074339861115,723.9000000000001,0,0.0010852067,8,14,R5
2025-09-18 15:00:00,1,0,35.96113574950244,127.0004664514248,1,335.7982691399993,1.5428861457189855,0.25046424214967433,41353.6,0,0.00088557106,9,12,R5
2025-09-18 15:00:00,-3,-2,35.94304275149267,126.95607591429199,1,334.9888234434112,1.508401938208228,0.06112662589958599,3311.7,0,0.0006655341,10,9,R5
2025-09-19 23:00:00,9,1,35.97018224850733,127.08924752569042,1,56.52952790414622,1.6694022091549143,0.0495242938913231,11665.7,1,0.028005878,1,100,R5
2025-09-19 23:00:00,-2,-3,35.93399625248779,126.96717354857519,1,26.223887022254132,2.1603443574947505,0.017356399477519692,1436.4,0,0.0140918605,2,50,R5
2025-09-19 23:00:00,0,0,35.96113574950244,126.9893688171416,1,26.548806422898906,2.1180814339225567,0.39205622060960943,60044.899999999994,0,0.005158469,3,18,R5
2025-09-19 23:00:00,-2,-2,35.94304275149267,126.96717354857519,1,26.232774262973976,2.1521726569961768,0.03765097164023743,2687.5,0,0.0021254937,4,8,R5
2025-09-19 23:00:00,1,-1,35.95208925049756,127.0004664514248,1,24.399915281047072,2.1666953417726456,0.29416696433777284,43893.8,0,0.002025099,5,7,R5
2025-09-19 23:00:00,-1,0,35.96113574950244,126.97827118285839,1,27.627499598994746,2.1040149311922125,0.43689939783331244,50265.8,0,0.0019552412,6,7,R5
2025-09-19 23:00:00,-4,-3,35.93399625248779,126.94497828000878,1,34.38012995770424,2.097094653606372,0.009425510843789467,518.7,0,0.0013600764,7,5,R5
2025-09-19 23:00:00,-11,-5,35.91590325447802,126.86729484002636,1,58.43536952003757,2.1877825208345647,0.013935892757003106,2348.3999999999996,0,0.0011508773,8,4,R5
2025-09-19 23:00:00,-12,-5,35.91590325447802,126.85619720574316,1,58.73956614499912,2.2312458350047004,0.011698022190062714,2211.6000000000004,0,0.001097252,9,4,R5
2025-09-19 23:00:00,0,-1,35.95208925049756,126.9893688171416,1,24.200726467957224,2.171738173973359,0.228109309489522,25391.600000000006,0,0.0008215278,10,3,R5
2025-09-20 22:00:00,0,0,35.96113574950244,126.9893688171416,0,28.79019985249812,0.900537785428823,,,1,0.067831986,1,100,R5
2025-09-20 22:00:00,-2,-3,35.93399625248779,126.96717354857519,0,28.863332567149143,0.9165919539772466,,,0,0.034541234,2,51,R5
2025-09-20 22:00:00,9,1,35.97018224850733,127.08924752569042,0,72.70619650471133,0.7873446238421768,,,0,0.031986166,3,47,R5
2025-09-20 22:00:00,-4,-3,35.93399625248779,126.94497828000878,0,35.20612632765091,0.9490477270139136,,,0,0.009815367,4,14,R5
2025-09-20 22:00:00,1,-1,35.95208925049756,127.0004664514248,0,27.488912142058894,0.9020782655809878,,,0,0.0094170235,5,14,R5
2025-09-20 22:00:00,-2,-2,35.94304275149267,126.96717354857519,0,28.61164769628033,0.9126628604692026,,,0,0.008887674,6,13,R5
2025-09-20 22:00:00,-1,0,35.96113574950244,126.97827118285839,0,29.247076201101834,0.9040777480156964,,,0,0.008406673,7,12,R5
2025-09-20 22:00:00,0,-1,35.95208925049756,126.9893688171416,0,27.227101900332457,0.9026006454829214,,,0,0.006579166,8,10,R5
2025-09-20 22:00:00,-2,-4,35.9249497534829,126.96717354857519,0,30.350155058129758,0.9276226190591886,,,0,0.0032723136,9,5,R5
2025-09-20 22:00:00,1,0,35.96113574950244,127.0004664514248,0,29.114254878525287,0.8975679205070072,,,0,0.0030258568,10,4,R5
2025-09-20 23:00:00,0,0,35.96113574950244,126.9893688171416,0,50.8341594102875,0.5378440379772431,,,0,0.10304401,1,100,R5
2025-09-20 23:00:00,-2,-3,35.93399625248779,126.96717354857519,0,51.77621941411434,0.5415120060556933,,,1,0.03341527,2,32,R5
2025-09-20 23:00:00,9,1,35.97018224850733,127.08924752569042,0,75.83769122413906,0.6154716858161731,,,0,0.024966856,3,24,R5
2025-09-20 23:00:00,-4,-3,35.93399625248779,126.94497828000878,0,54.789723375126016,0.6186684685755618,,,0,0.009512646,4,9,R5
2025-09-20 23:00:00,-2,-2,35.94304275149267,126.96717354857519,0,51.096737677059366,0.540297454737621,,,0,0.007879736,5,8,R5
2025-09-20 23:00:00,1,-1,35.95208925049756,127.0004664514248,0,50.48475667358554,0.5189219526212951,,,0,0.0067214593,6,7,R5
2025-09-20 23:00:00,-1,0,35.96113574950244,126.97827118285839,0,50.57497433259971,0.5486745535906992,,,0,0.0065858513,7,6,R5
2025-09-20 23:00:00,0,-1,35.95208925049756,126.9893688171416,0,50.10256468800657,0.5169342247915026,,,0,0.0045393384,8,4,R5
2025-09-20 23:00:00,-2,-4,35.9249497534829,126.96717354857519,0,53.59547138945652,0.5570241039744305,,,0,0.0037429582,9,4,R5
2025-09-20 23:00:00,-12,-5,35.91590325447802,126.85619720574316,0,59.0858892874798,0.78548949633294,,,0,0.0025835263,10,3,R5
2025-09-21 22:00:00,0,0,35.96113574950244,126.9893688171416,0,78.32507049854445,1.3858425798544334,0.28750902687363944,44033.1,0,0.33203208,1,100,R5
2025-09-21 22:00:00,-2,-3,35.93399625248779,126.96717354857519,0,78.36092389488829,1.419207172903603,0.3930045155155143,32524.7,1,0.19776654,2,60,R5
2025-09-21 22:00:00,-2,-2,35.94304275149267,126.96717354857519,0,78.20374597288748,1.4114763315384498,0.2859358385414259,20409.9,1,0.108907886,3,33,R5
2025-09-21 22:00:00,9,1,35.97018224850733,127.08924752569042,0,92.16107311017015,1.179422296219829,0.04630593861054166,10907.6,0,0.102568924,4,31,R5
2025-09-21 22:00:00,1,-1,35.95208925049756,127.0004664514248,0,77.72719333576879,1.3971707150921948,0.33103149237436996,49394.5,0,0.05789383,5,17,R5
2025-09-21 22:00:00,0,-1,35.95208925049756,126.9893688171416,0,77.55472354695587,1.398762150957866,0.37854326482100525,42136.9,0,0.028695764,6,9,R5
2025-09-21 22:00:00,-4,-3,35.93399625248779,126.94497828000878,0,80.16613131191684,1.470539877707011,0.2167485894442274,11928.0,0,0.0245779,7,7,R5
2025-09-21 22:00:00,-1,-1,35.95208925049756,126.97827118285839,0,77.85029812012078,1.4000924092731926,0.45859416870638553,49800.3,0,0.018604934,8,6,R5
2025-09-21 22:00:00,1,0,35.96113574950244,127.0004664514248,0,78.53879998876113,1.3814306428012413,0.20362211839779829,33619.6,0,0.014058794,9,4,R5
2025-09-21 22:00:00,-1,0,35.96113574950244,126.97827118285839,0,78.47114749727342,1.3872005378180026,0.19904703297314583,22900.6,0,0.013194687,10,4,R5
2025-09-21 23:00:00,-2,-3,35.93399625248779,126.96717354857519,0,59.64256471745591,2.3903629005614397,0.3189606943526452,26396.899999999998,0,0.0780294,1,100,R5
2025-09-21 23:00:00,-2,-2,35.94304275149267,126.96717354857519,0,59.56877419704546,2.3779162379373813,0.1251609360136622,8933.9,0,0.054060776,2,69,R5
2025-09-21 23:00:00,0,0,35.96113574950244,126.9893688171416,0,59.63885078471634,2.3231973723276624,0.23346923158289248,35756.7,0,0.052801818,3,68,R5
2025-09-21 23:00:00,9,1,35.97018224850733,127.08924752569042,0,70.39390395818504,1.4577058098071598,0.044660463730142125,10520.0,0,0.032795686,4,42,R5
2025-09-21 23:00:00,0,-1,35.95208925049756,126.9893688171416,0,58.85887837637779,2.4344679630500794,0.29740022081817724,33104.600000000006,0,0.015137193,5,19,R5
2025-09-21 23:00:00,1,-1,35.95208925049756,127.0004664514248,0,58.958350354946106,2.423321976579849,0.26899839760236816,40138.3,1,0.011849619,6,15,R5
2025-09-21 23:00:00,-1,0,35.96113574950244,126.97827118285839,0,59.92729438484753,2.2891247526426723,0.24687182749940892,28402.899999999998,0,0.010355165,7,13,R5
2025-09-21 23:00:00,-4,-3,35.93399625248779,126.94497828000878,0,62.314673785769,2.2073514800451814,0.22200194434096837,12217.1,0,0.007723347,8,10,R5
2025-09-21 23:00:00,-2,-4,35.9249497534829,126.96717354857519,0,60.234551483809696,2.3682456057988355,0.28650838199062184,31595.6,0,0.0041900673,9,5,R5
2025-09-21 23:00:00,-1,-1,35.95208925049756,126.97827118285839,0,59.19048671375509,2.397402508156046,0.24808597944258123,26940.5,1,0.0036409348,10,5,R5
2025-09-22 00:00:00,-2,-3,35.93399625248779,126.96717354857519,0,73.88451835764977,3.079051298647999,0.3915545239133823,32404.7,0,0.07095298,1,100,R5
2025-09-22 00:00:00,0,0,35.96113574950244,126.9893688171416,0,73.77641763213342,2.99495695791558,0.252663009340937,38696.299999999996,0,0.0539079,2,76,R5
2025-09-22 00:00:00,1,-1,35.95208925049756,127.0004664514248,0,73.01663533466694,3.1663888593310396,0.26510867955331235,39557.899999999994,1,0.03995016,3,56,R5
2025-09-22 00:00:00,-2,-2,35.94304275149267,126.96717354857519,0,73.7860259038797,3.063154586719322,0.25718800828811716,18357.9,0,0.03959265,4,56,R5
2025-09-22 00:00:00,9,1,35.97018224850733,127.08924752569042,0,86.14463148554887,1.7413185823054447,0.045628390130377144,10748.0,0,0.037054766,5,52,R5
2025-09-22 00:00:00,-1,-1,35.95208925049756,126.97827118285839,0,73.30506932306298,3.112853154295693,0.32228570060427253,34998.100000000006,0,0.017582,6,25,R5
2025-09-22 00:00:00,0,-1,35.95208925049756,126.9893688171416,0,72.91629078413149,3.183244107440372,0.2720411666889761,30281.8,0,0.008629994,7,12,R5
2025-09-22 00:00:00,-4,-3,35.93399625248779,126.94497828000878,0,77.5949712415906,2.669861818417409,0.21651236110227778,11915.0,0,0.0076228217,8,11,R5
2025-09-22 00:00:00,1,0,35.96113574950244,127.0004664514248,0,73.85244907506194,2.9819415835080876,0.1373405738553842,22676.0,0,0.0055352203,9,8,R5
2025-09-22 00:00:00,-1,0,35.96113574950244,126.97827118285839,0,74.13929346149303,2.92802509692088,0.2752956944386499,31673.1,0,0.0043335543,10,6,R5
2025-09-22 01:00:00,-2,-3,35.93399625248779,126.96717354857519,0,63.764386345210596,2.2656274442107414,0.3297051321244431,27286.1,0,0.02461234,1,100,R5
2025-09-22 01:00:00,0,0,35.96113574950244,126.9893688171416,0,63.67869405831806,2.2035546404707933,0.23093125994914918,35368.0,0,0.020802608,2,85,R5
2025-09-22 01:00:00,1,-1,35.95208925049756,127.0004664514248,0,63.47127907668096,2.314329991512383,0.30464990191932523,45458.0,0,0.018054174,3,73,R5
2025-09-22 01:00:00,-2,-2,35.94304275149267,126.96717354857519,0,63.68011079447831,2.254240101264634,0.17874509836885483,12758.7,0,0.017054379,4,69,R5
2025-09-22 01:00:00,9,1,35.97018224850733,127.08924752569042,0,69.16515529130237,1.329076042372073,0.044660463730142125,10520.0,1,0.014512117,5,59,R5
2025-09-22 01:00:00,-1,-1,35.95208925049756,126.97827118285839,0,63.52462418035873,2.282208119897089,0.29859549475382485,32425.5,0,0.0075026434,6,30,R5
2025-09-22 01:00:00,0,-1,35.95208925049756,126.9893688171416,0,63.417568621583484,2.3258039706200346,0.26238733376874107,29207.2,0,0.004239466,7,17,R5
2025-09-22 01:00:00,-4,-3,35.93399625248779,126.94497828000878,0,64.73076453007809,2.025157481465157,0.22200194434096837,12217.1,0,0.0037660568,8,15,R5
2025-09-22 01:00:00,1,0,35.96113574950244,127.0004664514248,0,63.74813629346585,2.193177429097087,0.16284027768524564,26886.199999999997,0,0.002224323,9,9,R5
2025-09-22 01:00:00,-1,0,35.96113574950244,126.97827118285839,0,63.735415947649585,2.162867103746972,0.12898344389280597,14839.699999999999,0,0.0021158794,10,9,R5
2025-09-22 22:00:00,-2,-3,35.93399625248779,126.96717354857519,0,52.72451615444368,2.230318974736475,0.23146578442733187,19155.9,1,0.10705421,1,100,R5
2025-09-22 22:00:00,1,-1,35.95208925049756,127.0004664514248,0,52.52065238872797,2.2973114094381666,0.2116250563787958,31577.399999999998,0,0.09325125,2,87,R5
2025-09-22 22:00:00,0,0,35.96113574950244,126.9893688171416,0,52.830560037618454,2.1690073079670404,0.23346923158289248,35756.7,0,0.08166235,3,76,R5
2025-09-22 22:00:00,-2,-2,35.94304275149267,126.96717354857519,0,52.702181686450274,2.2201353506625328,0.025793192143940886,1841.1,0,0.07946641,4,74,R5
2025-09-22 22:00:00,9,1,35.97018224850733,127.08924752569042,0,61.851464633973535,1.1732025133809063,0.04490244533020088,10577.0,0,0.037021026,5,35,R5
2025-09-22 22:00:00,-1,-1,35.95208925049756,126.97827118285839,0,52.58458672837514,2.258189769179391,0.25976808903671866,28209.100000000002,0,0.022043286,6,21,R5
2025-09-22 22:00:00,-1,0,35.96113574950244,126.97827118285839,0,52.931046297059936,2.120401692064945,0.33798604447411235,38885.7,0,0.020832825,7,19,R5
2025-09-22 22:00:00,0,-1,35.95208925049756,126.9893688171416,0,52.45584698115124,2.3108867350126143,0.18464639894783466,20553.600000000002,0,0.019992908,8,19,R5
2025-09-22 22:00:00,-4,-3,35.93399625248779,126.94497828000878,0,53.54610829140978,1.9232862288442027,0.021026139574607267,1157.1,0,0.011445333,9,11,R5
2025-09-22 22:00:00,-2,-4,35.9249497534829,126.96717354857519,0,52.95897023575151,2.1852598610732046,0.26603740905945966,29338.1,0,0.00739504,10,7,R5
2025-09-23 19:00:00,-2,-3,35.93399625248779,126.96717354857519,0,34.661575233842655,0.32043783684722493,,,0,0.16233043,1,100,R5
2025-09-23 19:00:00,0,0,35.96113574950244,126.9893688171416,0,29.917404169433496,0.32422904945204123,,,1,0.101136304,2,62,R5
2025-09-23 19:00:00,-4,-3,35.93399625248779,126.94497828000878,0,85.39146956498485,0.5437622153566338,,,0,0.08653456,3,53,R5
2025-09-23 19:00:00,9,1,35.97018224850733,127.08924752569042,0,138.35146290553723,0.8161746568717866,,,0,0.07476818,4,46,R5
2025-09-23 19:00:00,-2,-4,35.9249497534829,126.96717354857519,0,50.987728668506406,0.36611173724312746,,,0,0.015320552,5,9,R5
2025-09-23 19:00:00,-2,-2,35.94304275149267,126.96717354857519,0,32.34794724785064,0.31669086173528355,,,0,0.013329115,6,8,R5
2025-09-23 19:00:00,1,-1,35.95208925049756,127.0004664514248,0,12.810739504150035,0.26044976342616993,,,0,0.0129979,7,8,R5
2025-09-23 19:00:00,0,-1,35.95208925049756,126.9893688171416,0,11.386165862857354,0.2525322441813466,,,0,0.010631651,8,7,R5
2025-09-23 19:00:00,-1,0,35.96113574950244,126.97827118285839,0,39.065231426460514,0.35047209214230785,,,0,0.009820047,9,6,R5
2025-09-23 19:00:00,-12,-5,35.91590325447802,126.85619720574316,0,103.03951878357896,1.369632559510517,0.27542822928038857,52071.79999999999,0,0.0066340645,10,4,R5
2025-09-23 20:00:00,0,0,35.96113574950244,126.9893688171416,0,66.20633835906563,1.5505095992444782,0.2019381824022649,30927.6,1,0.3495233,1,100,R5
2025-09-23 20:00:00,9,1,35.97018224850733,127.08924752569042,0,87.52322694021211,1.176888783712568,0.045628390130377144,10748.0,0,0.23712806,2,68,R5
2025-09-23 20:00:00,-2,-3,35.93399625248779,126.96717354857519,0,66.46654822012363,1.5937610528005601,0.3687570309488624,30518.0,0,0.16830795,3,48,R5
2025-09-23 20:00:00,-4,-3,35.93399625248779,126.94497828000878,0,73.08632526146829,1.6019560887902222,0.21651236110227778,11915.0,0,0.075722165,4,22,R5
2025-09-23 20:00:00,1,-1,35.95208925049756,127.0004664514248,0,64.65799316258813,1.5809912888325497,0.30464990191932523,45458.0,0,0.060342442,5,17,R5
2025-09-23 20:00:00,-2,-2,35.94304275149267,126.96717354857519,0,66.2327476918444,1.5843373624084138,0.24920249988442028,17787.9,0,0.0576649,6,16,R5
2025-09-23 20:00:00,0,-1,35.95208925049756,126.9893688171416,0,64.43696565993127,1.5849472747459776,0.26238733376874107,29207.2,0,0.03170582,7,9,R5
2025-09-23 20:00:00,-2,-4,35.9249497534829,126.96717354857519,0,67.95918488545419,1.6031982872295327,0.2865083819906219,31595.600000000002,0,0.028629659,8,8,R5
2025-09-23 20:00:00,-1,-1,35.95208925049756,126.97827118285839,0,65.2404351594999,1.5784189121802572,0.212906125049957,23120.2,0,0.027078355,9,8,R5
2025-09-23 20:00:00,1,0,35.96113574950244,127.0004664514248,0,66.39990718789193,1.543930417322175,0.1977429291650667,32648.899999999998,0,0.018006789,10,5,R5
2025-09-23 22:00:00,-2,-3,35.93399625248779,126.96717354857519,0,57.72322248124544,2.1978304878420185,0.3189606943526452,26396.899999999998,0,0.13502346,1,100,R5
2025-09-23 22:00:00,0,0,35.96113574950244,126.9893688171416,0,57.50315522670542,2.1329439554618186,0.23346923158289248,35756.7,0,0.11498594,2,85,R5
2025-09-23 22:00:00,9,1,35.97018224850733,127.08924752569042,0,79.63716745727339,1.3762131531636814,0.044660463730142125,10520.0,0,0.08709266,3,65,R5
2025-09-23 22:00:00,1,-1,35.95208925049756,127.0004664514248,0,55.976063480723326,2.229067032418746,0.26899839760236816,40138.3,0,0.044322636,4,33,R5
2025-09-23 22:00:00,-4,-3,35.93399625248779,126.94497828000878,0,65.20662768856016,2.017570383606049,0.21651236110227778,11915.0,0,0.02986785,5,22,R5
2025-09-23 22:00:00,0,-1,35.95208925049756,126.9893688171416,0,55.79853565930182,2.2386025681512893,0.29740022081817724,33104.600000000006,0,0.026224533,6,19,R5
2025-09-23 22:00:00,-2,-2,35.94304275149267,126.96717354857519,0,57.540679529764475,2.183767869196754,0.1251609360136622,8933.9,0,0.020129712,7,15,R5
2025-09-23 22:00:00,-2,-4,35.9249497534829,126.96717354857519,0,59.14350310992967,2.1808392401021734,0.28542022396105843,31475.6,0,0.016942201,8,13,R5
2025-09-23 22:00:00,-1,0,35.96113574950244,126.97827118285839,0,58.24506289092267,2.097876140226686,0.24687182749940892,28402.899999999998,0,0.012600853,9,9,R5
2025-09-23 22:00:00,-1,-1,35.95208925049756,126.97827118285839,0,56.577462965915345,2.202492971799982,0.24808597944258123,26940.5,0,0.008703899,10,6,R5
2025-09-24 00:00:00,0,0,35.96113574950244,126.9893688171416,0,62.170894284611904,1.6945768867011926,0.23093125994914918,35368.0,0,0.117532216,1,100,R5
2025-09-24 00:00:00,9,1,35.97018224850733,127.08924752569042,0,82.11364374040716,1.19334830554855,0.044660463730142125,10520.0,0,0.06449853,2,55,R5
2025-09-24 00:00:00,-2,-3,35.93399625248779,126.96717354857519,0,62.285363930651386,1.7381543888034434,0.3297051321244431,27286.1,1,0.051212836,3,44,R5
2025-09-24 00:00:00,-4,-3,35.93399625248779,126.94497828000878,0,67.70399510932566,1.6299984727313068,0.21651236110227778,11915.0,0,0.023079691,4,20,R5
2025-09-24 00:00:00,1,-1,35.95208925049756,127.0004664514248,0,60.92679554455549,1.755763663366352,0.30464990191932523,45458.0,0,0.018357424,5,16,R5
2025-09-24 00:00:00,1,0,35.96113574950244,127.0004664514248,0,62.332185282065154,1.6883233577112509,0.16284027768524564,26886.199999999997,0,0.017982846,6,15,R5
2025-09-24 00:00:00,-2,-2,35.94304275149267,126.96717354857519,0,62.133252585465016,1.7293042606607356,0.17874509836885483,12758.7,0,0.016462643,7,14,R5
2025-09-24 00:00:00,0,-1,35.95208925049756,126.9893688171416,0,60.74466525289182,1.7618579315268577,0.26238733376874107,29207.2,0,0.0101794,8,9,R5
2025-09-24 00:00:00,-1,-1,35.95208925049756,126.97827118285839,0,61.37521329228065,1.7397717491204745,0.29859549475382485,32425.5,0,0.008739241,9,7,R5
2025-09-24 00:00:00,-2,-4,35.9249497534829,126.96717354857519,0,63.4266813468401,1.727970664018947,0.28650838199062184,31595.6,0,0.0070654973,10,6,R5
2025-09-24 20:00:00,0,0,35.96113574950244,126.9893688171416,0,107.51105218243902,0.5297976692836724,,,1,0.09373229,1,100,R5
2025-09-24 20:00:00,9,1,35.97018224850733,127.08924752569042,0,112.46926574196493,0.5703252721339576,,,0,0.05641523,2,60,R5
2025-09-24 20:00:00,-2,-3,35.93399625248779,126.96717354857519,0,108.20062068969236,0.546390701531991,,,0,0.056378413,3,60,R5
2025-09-24 20:00:00,1,0,35.96113574950244,127.0004664514248,0,107.58270820134442,0.5294125915427859,,,0,0.0118099125,4,13,R5
2025-09-24 20:00:00,-1,0,35.96113574950244,126.97827118285839,0,107.8579496633925,0.5381586301367549,,,0,0.009301957,5,10,R5
2025-09-24 20:00:00,-4,-3,35.93399625248779,126.94497828000878,0,112.23373344711331,0.6387423256700134,,,0,0.007266462,6,8,R5
2025-09-24 20:00:00,1,-1,35.95208925049756,127.0004664514248,0,106.73802107202954,0.5166937714740468,,,0,0.0064506643,7,7,R5
2025-09-24 20:00:00,-2,-2,35.94304275149267,126.96717354857519,0,107.89860648672516,0.5409241274121827,,,0,0.0055655595,8,6,R5
2025-09-24 20:00:00,0,-1,35.95208925049756,126.9893688171416,0,106.63236945644582,0.5151170936491534,,,0,0.003985207,9,4,R5
2025-09-24 20:00:00,-2,-4,35.9249497534829,126.96717354857519,0,109.34483100729653,0.5690689915081019,,,0,0.0030472586,10,3,R5
2025-09-25 05:00:00,0,0,35.96113574950244,126.9893688171416,1,100.65657820915908,0.8678194614886456,,,0,0.017469415,1,100,R5
2025-09-25 05:00:00,9,1,35.97018224850733,127.08924752569042,1,109.83106846115123,0.6749751865944736,,,1,0.014913688,2,85,R5
2025-09-25 05:00:00,-2,-3,35.93399625248779,126.96717354857519,1,100.95783159727557,0.8951536848325286,,,0,0.0036302786,3,21,R5
2025-09-25 05:00:00,1,-1,35.95208925049756,127.0004664514248,1,99.42340953523558,0.8885252428837133,,,0,0.0013504629,4,8,R5
2025-09-25 05:00:00,-4,-3,35.93399625248779,126.94497828000878,1,106.52978670599674,0.892952392435062,,,0,0.0012608683,5,7,R5
2025-09-25 05:00:00,-1,0,35.96113574950244,126.97827118285839,1,101.26802126592787,0.8622230297481696,,,0,0.0012403621,6,7,R5
2025-09-25 05:00:00,-2,-2,35.94304275149267,126.96717354857519,1,100.79037708931514,0.888493310976298,,,0,0.0011492987,7,7,R5
2025-09-25 05:00:00,0,-1,35.95208925049756,126.9893688171416,1,99.30512939294886,0.8904208800634861,,,0,0.0007837789,8,4,R5
2025-09-25 05:00:00,1,0,35.96113574950244,127.0004664514248,1,100.70113173365138,0.8651650987429865,,,0,0.0005814539,9,3,R5
2025-09-25 05:00:00,-12,-5,35.91590325447802,126.85619720574316,1,124.20069076731744,0.9800711695574984,,,0,0.00044222595,10,3,R5
2025-09-25 11:00:00,9,1,35.97018224850733,127.08924752569042,1,171.7252086653482,1.9370604465441217,0.41149098448728133,96928.79999999999,0,0.0076515214,1,100,R5
2025-09-25 11:00:00,0,0,35.96113574950244,126.9893688171416,1,175.115598052765,3.5435638378120795,0.14310777793303203,21917.5,0,0.0013506856,2,18,R5
2025-09-25 11:00:00,2,0,35.96113574950244,127.011564085708,1,174.95555495399208,3.414852098250906,0.20217443723880438,44521.5,1,0.0006373799,3,8,R5
2025-09-25 11:00:00,-2,-3,35.93399625248779,126.96717354857519,1,174.96581078674353,3.637251310546858,0.2322922796405471,19224.300000000003,0,0.0005055825,4,7,R5
2025-09-25 11:00:00,-2,-2,35.94304275149267,126.96717354857519,1,175.0362132965197,3.623131471395372,0.058215757229336786,4155.4,0,0.00047953715,5,6,R5
2025-09-25 11:00:00,-4,-3,35.93399625248779,126.94497828000878,1,174.51075816009006,3.1693682104846315,0.5435396091329511,29911.799999999996,0,0.00047330384,6,6,R5
2025-09-25 11:00:00,1,-1,35.95208925049756,127.0004664514248,1,175.10616327268144,3.7398396937466805,0.11402087875191252,17013.5,0,0.00044365705,7,6,R5
2025-09-25 11:00:00,-5,-2,35.94304275149267,126.93388064572558,1,174.62028710072798,2.8980228897637854,0.34190396152572106,22294.6,0,0.0003869446,8,5,R5
2025-09-25 11:00:00,-1,0,35.96113574950244,126.97827118285839,1,175.1538432284674,3.471309804246614,0.1059050231549084,12184.5,0,0.00037292755,9,5,R5
2025-09-25 11:00:00,-11,-5,35.91590325447802,126.86729484002636,1,168.108474492788,2.0794028580509276,0.6016799741268556,101391.79999999999,0,0.00026155243,10,3,R5
2025-09-27 05:00:00,0,0,35.96113574950244,126.9893688171416,1,78.1891829499013,1.2325348616372243,0.28750902687363944,44033.1,0,0.055417925,1,100,R5
2025-09-27 05:00:00,9,1,35.97018224850733,127.08924752569042,1,82.15803401539972,0.896347388929537,,,0,0.01244088,2,22,R5
2025-09-27 05:00:00,-2,-3,35.93399625248779,126.96717354857519,1,78.24659652995672,1.2695180786775386,0.3930045155155143,32524.7,0,0.011495121,3,21,R5
2025-09-27 05:00:00,-4,-3,35.93399625248779,126.94497828000878,1,76.28080130482749,1.2198987630955174,0.21651236110227778,11915.0,0,0.006778343,4,12,R5
2025-09-27 05:00:00,-2,-2,35.94304275149267,126.96717354857519,1,78.16250280301438,1.2608963788056997,0.2859358385414259,20409.9,1,0.0056177727,5,10,R5
2025-09-27 05:00:00,1,-1,35.95208925049756,127.0004664514248,1,78.64824511631315,1.273154643266669,0.33103149237436996,49394.5,0,0.0040186946,6,7,R5
2025-09-27 05:00:00,0,-1,35.95208925049756,126.9893688171416,1,78.60194255929002,1.276928371455365,0.37854326482100525,42136.9,0,0.0032985406,7,6,R5
2025-09-27 05:00:00,1,0,35.96113574950244,127.0004664514248,1,78.33275464766416,1.228401411266356,0.20362211839779829,33619.6,0,0.003092882,8,6,R5
2025-09-27 05:00:00,-1,-1,35.95208925049756,126.97827118285839,1,78.37250034808471,1.2636776980047029,0.45859416870638553,49800.3,0,0.0023886105,9,4,R5
2025-09-27 05:00:00,-1,0,35.96113574950244,126.97827118285839,1,77.8409383530601,1.2191402446120547,0.19904703297314583,22900.6,0,0.0016535684,10,3,R5
2025-09-28 09:00:00,9,1,35.97018224850733,127.08924752569042,0,193.4578576970855,1.224571513378532,0.6504520598365309,153217.3,0,0.0058515747,1,100,R5
2025-09-28 09:00:00,-4,-3,35.93399625248779,126.94497828000878,0,188.5541606880759,1.4669233048829589,0.6132469585600973,33747.899999999994,0,0.0022414702,2,38,R5
2025-09-28 09:00:00,0,0,35.96113574950244,126.9893688171416,0,186.42949827684416,1.3826501591625655,0.0839117279492902,12851.4,0,0.001464693,3,25,R5
2025-09-28 09:00:00,2,0,35.96113574950244,127.011564085708,0,186.92506262234008,1.373033986449985,0.1583069687434864,34861.299999999996,1,0.0010759473,4,18,R5
2025-09-28 09:00:00,-2,-3,35.93399625248779,126.96717354857519,0,186.18599861591983,1.4208153925431168,0.4516989672434813,37382.2,0,0.0008325521,5,14,R5
2025-09-28 09:00:00,-12,-5,35.91590325447802,126.85619720574316,0,189.54897307920453,1.9682694510060494,0.6288099499834972,118881.29999999999,0,0.00076023676,6,13,R5
2025-09-28 09:00:00,0,-1,35.95208925049756,126.9893688171416,0,185.4537983284943,1.398589386201046,0.10946131324828211,12184.5,0,0.00070658047,7,12,R5
2025-09-28 09:00:00,-1,0,35.96113574950244,126.97827118285839,0,186.82742128914478,1.3805845333348787,0.07285973549167675,8382.6,0,0.00046316636,8,8,R5
2025-09-28 09:00:00,-11,-5,35.91590325447802,126.86729484002636,0,190.21479659648801,1.918696062580613,0.6400766699601518,107862.19999999998,0,0.00035050962,9,6,R5
2025-09-28 09:00:00,1,0,35.96113574950244,127.0004664514248,0,186.47706129961634,1.380329086881309,0.14310347542635782,23627.5,0,0.00034551183,10,6,R5
2025-09-30 03:00:00,-2,-3,35.93399625248779,126.96717354857519,0,40.15279203966696,0.7986925154440786,,,0,0.011675127,1,100,R5
2025-09-30 03:00:00,9,1,35.97018224850733,127.08924752569042,0,70.18295850621314,0.6709332246666884,,,0,0.010184645,2,87,R5
2025-09-30 03:00:00,0,0,35.96113574950244,126.9893688171416,0,40.3477040544156,0.7764465648666463,,,0,0.007369052,3,63,R5
2025-09-30 03:00:00,-4,-3,35.93399625248779,126.94497828000878,0,41.90407642472138,0.7930096172382367,,,0,0.004354673,4,37,R5
2025-09-30 03:00:00,-1,0,35.96113574950244,126.97827118285839,0,40.43366258326762,0.7708141441618204,,,0,0.0014313068,5,12,R5
2025-09-30 03:00:00,0,-1,35.95208925049756,126.9893688171416,0,39.38038459174277,0.7938104224760468,,,0,0.00076570717,6,7,R5
2025-09-30 03:00:00,1,-1,35.95208925049756,127.0004664514248,0,39.636254831291524,0.7932568490359232,,,0,0.0006706044,7,6,R5
2025-09-30 03:00:00,-12,-5,35.91590325447802,126.85619720574316,0,41.281987647737594,0.8797364469601034,,,0,0.0006476245,8,6,R5
2025-09-30 03:00:00,-2,-2,35.94304275149267,126.96717354857519,0,40.01467777645411,0.792203300482642,,,1,0.00060413877,9,5,R5
2025-09-30 03:00:00,1,0,35.96113574950244,127.0004664514248,0,40.721192800166136,0.7757800887549541,,,0,0.00038409684,10,3,R5
2025-09-30 21:00:00,0,0,35.96113574950244,126.9893688171416,0,126.29031906818835,2.0589838012594766,0.390821514059723,59855.799999999996,1,0.09299773,1,100,R5
2025-09-30 21:00:00,-2,-3,35.93399625248779,126.96717354857519,0,126.38880953387968,2.1169651809105416,0.18284998266051708,15132.5,0,0.08288661,2,89,R5
2025-09-30 21:00:00,9,1,35.97018224850733,127.08924752569042,0,138.22575840299862,1.084188925080069,0.02412004664726003,5681.6,1,0.044785034,3,48,R5
2025-09-30 21:00:00,-4,-3,35.93399625248779,126.94497828000878,0,128.37786821741656,1.77665432948437,0.014219129044274643,782.5,0,0.018214738,4,20,R5
2025-09-30 21:00:00,1,0,35.96113574950244,127.0004664514248,0,126.39316226643808,2.0487852896936416,0.3908743257435445,64536.399999999994,1,0.0131572075,5,14,R5
2025-09-30 21:00:00,-2,-2,35.94304275149267,126.96717354857519,0,126.29198116879894,2.1072565777795877,0.40769943106755036,29101.3,0,0.011976003,6,13,R5
2025-09-30 21:00:00,-1,0,35.96113574950244,126.97827118285839,0,126.415966661742,2.0061291284373186,0.3840072941438247,44180.50000000001,0,0.010950003,7,12,R5
2025-09-30 21:00:00,2,0,35.96113574950244,127.011564085708,0,126.76731989618406,1.9805506442604608,0.4718429813276491,103906.09999999999,0,0.005635172,8,6,R5
2025-09-30 21:00:00,1,-1,35.95208925049756,127.0004664514248,0,125.92520159863562,2.193151247302398,0.30842904045802705,46021.9,0,0.005406314,9,6,R5
2025-09-30 21:00:00,0,-1,35.95208925049756,126.9893688171416,0,125.84451293391396,2.2065499534230715,0.38639587542548837,43011.00000000001,0,0.005330548,10,6,R5
2025-10-01 01:00:00,0,0,35.96113574950244,126.9893688171416,0,103.34664828095742,0.09511131989491108,,,0,0.025543988,1,100,R5
2025-10-01 01:00:00,-2,-3,35.93399625248779,126.96717354857519,0,112.08982813029047,0.09595617677293596,,,1,0.019373419,2,76,R5
2025-10-01 01:00:00,9,1,35.97018224850733,127.08924752569042,0,119.89803169176065,0.3697898417749829,,,0,0.009086887,3,36,R5
2025-10-01 01:00:00,-4,-3,35.93399625248779,126.94497828000878,0,109.21447955943802,0.2800089598447978,,,0,0.0042284895,4,17,R5
2025-10-01 01:00:00,-2,-2,35.94304275149267,126.96717354857519,0,107.98402312926066,0.0932349409263555,,,0,0.0027392681,5,11,R5
2025-10-01 01:00:00,-1,0,35.96113574950244,126.97827118285839,0,100.53937979419862,0.11876140605720804,,,0,0.0017505476,6,7,R5
2025-10-01 01:00:00,1,0,35.96113574950244,127.0004664514248,0,106.07732657501799,0.09660535861749879,,,0,0.0015712222,7,6,R5
2025-10-01 01:00:00,1,-1,35.95208925049756,127.0004664514248,0,110.11801741847478,0.04522669293823513,,,0,0.001391607,8,5,R5
2025-10-01 01:00:00,0,-1,35.95208925049756,126.9893688171416,0,107.82770627022904,0.04031095986867325,,,0,0.0011602021,9,5,R5
2025-10-01 01:00:00,-12,-5,35.91590325447802,126.85619720574316,0,104.11594498603938,0.8733186783449894,,,0,0.000798805,10,3,R5
2025-10-01 07:00:00,0,0,35.96113574950244,126.9893688171416,0,114.22268285895268,0.05111896697338868,,,0,0.031850647,1,100,R5
2025-10-01 07:00:00,-2,-3,35.93399625248779,126.96717354857519,0,117.50668062183485,0.050913172201482136,,,0,0.020134693,2,63,R5
2025-10-01 07:00:00,9,1,35.97018224850733,127.08924752569042,0,112.4560982023383,0.2985921638480149,,,0,0.015723264,3,49,R5
2025-10-01 07:00:00,-4,-3,35.93399625248779,126.94497828000878,0,118.23623398529776,0.13492697005129448,,,0,0.0047304123,4,15,R5
2025-10-01 07:00:00,-1,0,35.96113574950244,126.97827118285839,0,114.24340550044724,0.06029155816553979,,,0,0.00397086,5,12,R5
2025-10-01 07:00:00,1,0,35.96113574950244,127.0004664514248,0,114.1110798153997,0.05503766346471195,,,0,0.0019376768,6,6,R5
2025-10-01 07:00:00,1,-1,35.95208925049756,127.0004664514248,0,114.6914317074183,0.026809117102918875,,,1,0.0014189812,7,4,R5
2025-10-01 07:00:00,0,-1,35.95208925049756,126.9893688171416,0,114.96044568768059,0.02254732928603671,,,0,0.001303695,8,4,R5
2025-10-01 07:00:00,-2,-2,35.94304275149267,126.96717354857519,0,116.37524257617292,0.04829185233420991,,,0,0.0011035727,9,3,R5
2025-10-01 07:00:00,2,0,35.96113574950244,127.011564085708,0,113.93694888690374,0.07226637471980066,,,0,0.0006449913,10,2,R5
2025-10-02 01:00:00,-2,-3,35.93399625248779,126.96717354857519,0,106.54433935506631,0.8079197121298642,,,0,0.012420337,1,100,R5
2025-10-02 01:00:00,9,1,35.97018224850733,127.08924752569042,0,101.93519028507535,0.6494676143283971,,,1,0.0091640055,2,74,R5
2025-10-02 01:00:00,0,0,35.96113574950244,126.9893688171416,0,106.63841403654055,0.7807479313641672,,,0,0.008787815,3,71,R5
2025-10-02 01:00:00,-4,-3,35.93399625248779,126.94497828000878,0,102.20254308888548,0.827301486427641,,,0,0.0039746333,4,32,R5
2025-10-02 01:00:00,-1,0,35.96113574950244,126.97827118285839,0,106.05188826134338,0.7772545784259977,,,0,0.0035903386,5,29,R5
2025-10-02 01:00:00,1,-1,35.95208925049756,127.0004664514248,0,107.72965133569733,0.7950260261055736,,,0,0.0030754243,6,25,R5
2025-10-02 01:00:00,0,-1,35.95208925049756,126.9893688171416,0,107.7952022750278,0.7959143534518782,,,0,0.0009728745,7,8,R5
2025-10-02 01:00:00,-12,-5,35.91590325447802,126.85619720574316,0,90.16273544130877,1.0774163307903135,0.1657489569316441,31336.099999999995,0,0.00086141826,8,7,R5
2025-10-02 01:00:00,-2,-2,35.94304275149267,126.96717354857519,0,106.59646206314108,0.800193786279992,,,0,0.00077981484,9,6,R5
2025-10-02 01:00:00,1,0,35.96113574950244,127.0004664514248,0,106.67031137387437,0.7791514433809491,,,0,0.0007667318,10,6,R5
2025-10-02 06:00:00,9,1,35.97018224850733,127.08924752569042,1,77.07127300261607,0.5896266468511336,,,0,0.0125660105,1,100,R5
2025-10-02 06:00:00,-2,-3,35.93399625248779,126.96717354857519,1,73.24164164587086,0.6958853898848262,,,0,0.011819999,2,94,R5
2025-10-02 06:00:00,0,0,35.96113574950244,126.9893688171416,1,73.24226024301805,0.680125154192703,,,0,0.009595078,3,76,R5
2025-10-02 06:00:00,-4,-3,35.93399625248779,126.94497828000878,1,70.42963824962226,0.687890212256487,,,0,0.0037415556,4,30,R5
2025-10-02 06:00:00,1,-1,35.95208925049756,127.0004664514248,1,73.86752032809983,0.6935796737197101,,,0,0.002862749,5,23,R5
2025-10-02 06:00:00,-1,0,35.96113574950244,126.97827118285839,1,72.81129850612302,0.6757574249216908,,,0,0.0015947977,6,13,R5
2025-10-02 06:00:00,0,-1,35.95208925049756,126.9893688171416,1,73.81136043847175,0.6942588839241028,,,1,0.000907405,7,7,R5
2025-10-02 06:00:00,1,0,35.96113574950244,127.0004664514248,1,73.40514982215717,0.6793114240436511,,,0,0.00074735965,8,6,R5
2025-10-02 06:00:00,-2,-2,35.94304275149267,126.96717354857519,1,73.17995466657243,0.6917699358118713,,,0,0.0007414774,9,6,R5
2025-10-02 06:00:00,-2,-4,35.9249497534829,126.96717354857519,1,73.00780303917628,0.6994232566529747,,,0,0.0006639366,10,5,R5
2025-10-03 13:00:00,9,1,35.97018224850733,127.08924752569042,1,42.643383439555066,2.1790876227807283,0.04788603600601303,11279.8,0,0.0031479832,1,100,R5
2025-10-03 13:00:00,-2,-3,35.93399625248779,126.96717354857519,1,42.220516833185684,2.82602510851267,0.015634534449987976,1293.8999999999999,1,0.002814861,2,89,R5
2025-10-03 13:00:00,0,0,35.96113574950244,126.9893688171416,1,41.81561312931461,2.7731552495876244,0.34760221424476573,53236.6,0,0.0012805342,3,41,R5
2025-10-03 13:00:00,-4,-3,35.93399625248779,126.94497828000878,1,44.777442368369975,2.7051446884918837,0.010979166477381137,604.2,0,0.0008673763,4,28,R5
2025-10-03 13:00:00,-1,0,35.96113574950244,126.97827118285839,1,42.10200292994023,2.7472335371405916,0.3863497295117304,44450.0,0,0.00073641556,5,23,R5
2025-10-03 13:00:00,1,0,35.96113574950244,127.0004664514248,1,41.777322962450796,2.766021816574668,0.18004237231675307,29726.4,0,0.0005207648,6,17,R5
2025-10-03 13:00:00,-2,-2,35.94304275149267,126.96717354857519,1,42.08876816670795,2.814863249954879,0.020363046429427017,1453.5,0,0.0005024544,7,16,R5
2025-10-03 13:00:00,-1,-1,35.95208925049756,126.97827118285839,1,41.67557930825893,2.826939581524605,0.27352030602228133,29702.500000000004,0,0.0004284937,8,14,R5
2025-10-03 13:00:00,2,0,35.96113574950244,127.011564085708,1,41.9228297538524,2.72726779985758,0.09893725764974232,21787.3,0,0.00040402744,9,13,R5
2025-10-03 13:00:00,-12,-5,35.91590325447802,126.85619720574316,1,52.360893014509486,2.7371182505780745,0.011698022190062714,2211.6000000000004,0,0.00032634416,10,10,R5
2025-10-03 17:00:00,-2,-3,35.93399625248779,126.96717354857519,1,46.15891998862833,2.985398941750947,0.15940120180137288,13191.9,1,0.009106762,1,100,R5
2025-10-03 17:00:00,9,1,35.97018224850733,127.08924752569042,1,42.902988632307824,2.122753089575101,0.04788603600601303,11279.8,0,0.0046846657,2,51,R5
2025-10-03 17:00:00,0,0,35.96113574950244,126.9893688171416,1,45.74617754044891,2.9265548402597066,0.19137820935556285,29310.3,0,0.0015530214,3,17,R5
2025-10-03 17:00:00,-4,-3,35.93399625248779,126.94497828000878,1,47.62955649199307,2.7941482851500914,0.010979166477381137,604.2,0,0.0011963655,4,13,R5
2025-10-03 17:00:00,-1,0,35.96113574950244,126.97827118285839,1,45.8867555503864,2.8915957077585084,0.41786352510882113,48075.700000000004,0,0.0010671519,5,12,R5
2025-10-03 17:00:00,-2,-2,35.94304275149267,126.96717354857519,1,46.046539541902234,2.974706046928475,0.021960148110166392,1567.5,0,0.0008461142,6,9,R5
2025-10-03 17:00:00,1,0,35.96113574950244,127.0004664514248,1,45.68625394213882,2.91650017471392,0.18177941926426253,30013.2,0,0.0006811753,7,7,R5
2025-10-03 17:00:00,2,0,35.96113574950244,127.011564085708,1,45.65282994599022,2.8631422438557474,0.10049302199276791,22129.899999999998,0,0.0006797624,8,7,R5
2025-10-03 17:00:00,-1,-1,35.95208925049756,126.97827118285839,1,45.790599512020776,2.9968679218932546,0.2701084964647944,29332.000000000004,0,0.00060478534,9,7,R5
2025-10-03 17:00:00,1,-1,35.95208925049756,127.0004664514248,1,45.664965264132945,3.0234843332234087,0.1791542208869281,26732.3,0,0.0005448389,10,6,R5
2025-10-08 23:00:00,-2,-3,35.93399625248779,126.96717354857519,1,48.82558789969153,0.5908404816457535,,,0,0.029775396,1,100,R5
2025-10-08 23:00:00,0,0,35.96113574950244,126.9893688171416,1,49.087958067460136,0.5759448932468726,,,1,0.027979776,2,94,R5
2025-10-08 23:00:00,9,1,35.97018224850733,127.08924752569042,1,73.15852232715076,0.7322422904171872,,,0,0.011618342,3,39,R5
2025-10-08 23:00:00,-4,-3,35.93399625248779,126.94497828000878,1,53.2840396046455,0.7739123826858418,,,0,0.008766091,4,29,R5
2025-10-08 23:00:00,1,-1,35.95208925049756,127.0004664514248,1,47.07212222284079,0.5377499138767856,,,0,0.0038509537,5,13,R5
2025-10-08 23:00:00,-2,-2,35.94304275149267,126.96717354857519,1,48.54339096138989,0.5853746345819438,,,0,0.0034554594,6,12,R5
2025-10-08 23:00:00,0,-1,35.95208925049756,126.9893688171416,1,46.63094120257949,0.5341901588409632,,,0,0.0031673908,7,11,R5
2025-10-08 23:00:00,-1,0,35.96113574950244,126.97827118285839,1,49.67359435207328,0.5967815218804866,,,0,0.0027877807,8,9,R5
2025-10-08 23:00:00,1,0,35.96113574950244,127.0004664514248,1,49.5563366030878,0.5755030594590564,,,0,0.0021243251,9,7,R5
2025-10-08 23:00:00,2,0,35.96113574950244,127.011564085708,1,51.198534865331226,0.5915033341672213,,,0,0.001137429,10,4,R5
2025-10-11 02:00:00,0,0,35.96113574950244,126.9893688171416,0,36.565997624082,0.8552977695480276,,,1,0.005830024,1,100,R5
2025-10-11 02:00:00,-2,-3,35.93399625248779,126.96717354857519,0,36.83237784598816,0.8784968956372349,,,0,0.005404862,2,93,R5
2025-10-11 02:00:00,-4,-3,35.93399625248779,126.94497828000878,0,45.82611488968689,0.8393033907647123,,,0,0.0049914927,3,86,R5
2025-10-11 02:00:00,9,1,35.97018224850733,127.08924752569042,0,74.46219259504511,0.6340373857864063,,,0,0.0031294662,4,54,R5
2025-10-11 02:00:00,1,-1,35.95208925049756,127.0004664514248,0,34.85033764201063,0.8822347850541788,,,0,0.0008810903,5,15,R5
2025-10-11 02:00:00,-5,-2,35.94304275149267,126.93388064572558,0,50.198627700853535,0.8012724617452529,,,0,0.0008569387,6,15,R5
2025-10-11 02:00:00,-2,-2,35.94304275149267,126.96717354857519,0,36.56179744297498,0.8731128554256983,,,0,0.0007285713,7,12,R5
2025-10-11 02:00:00,0,-1,35.95208925049756,126.9893688171416,0,34.5967875931442,0.884646643050249,,,0,0.000712438,8,12,R5
2025-10-11 02:00:00,-1,0,35.96113574950244,126.97827118285839,0,37.32159328203136,0.846377556496988,,,0,0.00060519925,9,10,R5
2025-10-11 02:00:00,1,0,35.96113574950244,127.0004664514248,0,36.81891164223521,0.8526104195839542,,,0,0.00048544037,10,8,R5
2025-10-11 19:00:00,9,1,35.97018224850733,127.08924752569042,0,238.73571862803936,1.0944627277183352,0.4117393340241837,96987.29999999999,1,0.026647775,1,100,R5
2025-10-11 19:00:00,-4,-3,35.93399625248779,126.94497828000878,0,234.49962766639283,1.7959537084916648,0.1437994603090957,7913.5,0,0.009311904,2,35,R5
2025-10-11 19:00:00,-2,-3,35.93399625248779,126.96717354857519,0,232.24745615724328,2.122796520966011,0.2298756269703271,19024.3,0,0.0046033165,3,17,R5
2025-10-11 19:00:00,0,0,35.96113574950244,126.9893688171416,0,232.42937832061068,2.067346382851637,0.0010048722264808319,153.9,0,0.0040244027,4,15,R5
2025-10-11 19:00:00,2,0,35.96113574950244,127.011564085708,0,232.6961431852933,1.9890007112787842,0.054165665743168105,11928.0,0,0.0033364233,5,13,R5
2025-10-11 19:00:00,-5,-2,35.94304275149267,126.93388064572558,0,236.5512969977182,1.6064652659654282,0.33207529229900995,21653.7,0,0.0027895959,6,10,R5
2025-10-11 19:00:00,-12,-5,35.91590325447802,126.85619720574316,0,258.7396186090263,0.8794738337534964,,,0,0.0020667317,7,8,R5
2025-10-11 19:00:00,-3,-2,35.94304275149267,126.95607591429199,0,233.27009536162257,1.9563549075799647,0.3649287437451202,19770.999999999996,0,0.0013312629,8,5,R5
2025-10-11 19:00:00,-2,-2,35.94304275149267,126.96717354857519,0,232.29249484158254,2.1141616183901357,0.26604491778428757,18990.1,0,0.0013304156,9,5,R5
2025-10-11 19:00:00,0,-1,35.95208925049756,126.9893688171416,0,231.7795761094335,2.209541501323165,0.004967061438300725,552.9,0,0.0013208619,10,5,R5
2025-10-12 04:00:00,0,0,35.96113574950244,126.9893688171416,0,202.648133116104,0.9231038536257418,,,0,0.0058448617,1,100,R5
2025-10-12 04:00:00,9,1,35.97018224850733,127.08924752569042,0,184.05122805183018,0.8818695336591439,,,0,0.0042404034,2,73,R5
2025-10-12 04:00:00,-4,-3,35.93399625248779,126.94497828000878,0,203.15611386058742,1.0424933285970515,0.42524554119004565,23401.899999999998,0,0.0023115978,3,40,R5
2025-10-12 04:00:00,-2,-3,35.93399625248779,126.96717354857519,0,202.3230436010026,0.9445511923719233,,,0,0.0014521886,4,25,R5
2025-10-12 04:00:00,1,-1,35.95208925049756,127.0004664514248,0,202.40581414002688,0.9132707250700416,,,0,0.00084739923,5,14,R5
2025-10-12 04:00:00,0,-1,35.95208925049756,126.9893688171416,0,202.59724794299188,0.9127749304758961,,,0,0.0007715279,6,13,R5
2025-10-12 04:00:00,-5,-2,35.94304275149267,126.93388064572558,0,205.91696208945766,1.0809834995775507,0.5878998024758002,38335.299999999996,0,0.00052727334,7,9,R5
2025-10-12 04:00:00,1,0,35.96113574950244,127.0004664514248,0,202.2827574490773,0.9206099621949572,,,0,0.00051849015,8,9,R5
2025-10-12 04:00:00,-12,-5,35.91590325447802,126.85619720574316,0,212.7803515312287,1.5360447005914344,0.3969023197163193,75037.4,0,0.00049850525,9,9,R5
2025-10-12 04:00:00,2,0,35.96113574950244,127.011564085708,0,201.67358854174196,0.9219984410725487,,,1,0.00031241294,10,5,R5
2025-10-16 22:00:00,9,1,35.97018224850733,127.08924752569042,0,130.03638724554492,1.0614893466849058,0.004175668452943706,983.6,1,0.030965174,1,100,R5
2025-10-16 22:00:00,0,0,35.96113574950244,126.9893688171416,0,141.57716976875633,1.6886940772338201,0.30941837551533163,47388.6,1,0.019540058,2,63,R5
2025-10-16 22:00:00,-2,-3,35.93399625248779,126.96717354857519,0,141.50039453954798,1.7370523093684438,0.21098827802622308,17461.2,0,0.006068349,3,20,R5
2025-10-16 22:00:00,-4,-3,35.93399625248779,126.94497828000878,0,134.58110349504784,1.640516296419082,0.0715735533285482,3938.8000000000006,0,0.004593955,4,15,R5
2025-10-16 22:00:00,1,0,35.96113574950244,127.0004664514248,0,141.59775817744634,1.6791349225440326,0.3470514415430404,57300.9,0,0.0030754681,5,10,R5
2025-10-16 22:00:00,-12,-5,35.91590325447802,126.85619720574316,0,88.29309422599289,1.56137470449311,0.11347970142432783,21454.199999999997,0,0.0022764944,6,7,R5
2025-10-16 22:00:00,2,0,35.96113574950244,127.011564085708,0,140.99116825541415,1.6401927126482039,0.38635768139344895,85081.09999999999,0,0.0016385643,7,5,R5
2025-10-16 22:00:00,-5,-2,35.94304275149267,126.93388064572558,0,130.01437628293553,1.5677652773093604,0.2143704989633047,13978.500000000002,0,0.0012663576,8,4,R5
2025-10-16 22:00:00,0,-1,35.95208925049756,126.9893688171416,0,143.11249989123394,1.7591074935063196,0.31110298589656404,34629.9,0,0.0011729373,9,4,R5
2025-10-16 22:00:00,1,-1,35.95208925049756,127.0004664514248,0,143.02005711574407,1.7511312086882735,0.2773052644559254,41377.8,0,0.0010530633,10,3,R5
2025-10-17 21:00:00,0,0,35.96113574950244,126.9893688171416,1,61.70440727418929,2.4350451666349473,0.23093125994914918,35368.0,0,0.08999782,1,100,R5
2025-10-17 21:00:00,-2,-3,35.93399625248779,126.96717354857519,1,61.81842226567312,2.5120078370300245,0.3297051321244431,27286.1,0,0.07854975,2,87,R5
2025-10-17 21:00:00,9,1,35.97018224850733,127.08924752569042,1,72.08909329772501,1.6183212202331552,0.044660463730142125,10520.0,0,0.013125059,3,15,R5
2025-10-17 21:00:00,1,0,35.96113574950244,127.0004664514248,1,61.82506556113145,2.4245568883594104,0.16284027768524564,26886.199999999997,0,0.0066188034,4,7,R5
2025-10-17 21:00:00,1,-1,35.95208925049756,127.0004664514248,1,61.1942370625797,2.530993217083848,0.30464990191932523,45458.0,0,0.006171591,5,7,R5
2025-10-17 21:00:00,-2,-2,35.94304275149267,126.96717354857519,1,61.70225303055918,2.4956928977840405,0.17874509836885483,12758.7,0,0.0058916644,6,7,R5
2025-10-17 21:00:00,-4,-3,35.93399625248779,126.94497828000878,1,64.06128270589295,2.371445040149916,0.22200194434096837,12217.1,0,0.0041325707,7,5,R5
2025-10-17 21:00:00,0,-1,35.95208925049756,126.9893688171416,1,61.089923929523025,2.5410409412352557,0.26238733376874107,29207.2,1,0.0038426735,8,4,R5
2025-10-17 21:00:00,2,0,35.96113574950244,127.011564085708,1,62.28396537976789,2.3724668625095324,0.1424891230457016,31378.0,0,0.0015865796,9,2,R5
2025-10-17 21:00:00,-12,-5,35.91590325447802,126.85619720574316,1,71.10596648655832,2.556853482351933,0.09824413300496779,18573.799999999996,0,0.00091373577,10,1,R5
2025-10-28 00:00:00,0,0,35.96113574950244,126.9893688171416,1,84.88188442498824,0.06909134999474202,,,0,0.008416098,1,100,R5
2025-10-28 00:00:00,-2,-3,35.93399625248779,126.96717354857519,1,103.88088851381775,0.06299093198866244,,,0,0.0073175174,2,87,R5
2025-10-28 00:00:00,9,1,35.97018224850733,127.08924752569042,1,104.74599077104142,0.33046852091199475,,,0,0.0070863017,3,84,R5
2025-10-28 00:00:00,1,-1,35.95208925049756,127.0004664514248,1,96.78867255955964,0.03344387582112056,,,0,0.0018372493,4,22,R5
2025-10-28 00:00:00,1,0,35.96113574950244,127.0004664514248,1,90.11244441170163,0.0717812432528651,,,1,0.0017283498,5,21,R5
2025-10-28 00:00:00,2,0,35.96113574950244,127.011564085708,1,94.29488057009144,0.09115987985764959,,,0,0.0014611068,6,17,R5
2025-10-28 00:00:00,-2,-2,35.94304275149267,126.96717354857519,1,93.5423984936208,0.06265330649830454,,,0,0.0014473522,7,17,R5
2025-10-28 00:00:00,0,-1,35.95208925049756,126.9893688171416,1,93.04040384365987,0.028995960706614286,,,0,0.0013826384,8,16,R5
2025-10-28 00:00:00,-4,-3,35.93399625248779,126.94497828000878,1,98.67874012670455,0.1738705079331234,,,0,0.0012749899,9,15,R5
2025-10-28 00:00:00,-1,0,35.96113574950244,126.97827118285839,1,78.52183290205983,0.08459354510189362,,,0,0.0006337242,10,8,R5
2025-10-28 20:00:00,-2,-3,35.93399625248779,126.96717354857519,1,64.4498758647278,1.0641992929083544,0.3297051321244431,27286.1,0,0.033278912,1,100,R5
2025-10-28 20:00:00,0,0,35.96113574950244,126.9893688171416,1,64.38363366266236,1.0445205921448497,0.23093125994914918,35368.0,0,0.017450238,2,52,R5
2025-10-28 20:00:00,1,0,35.96113574950244,127.0004664514248,1,64.6368411676628,1.0418353616063785,0.16284027768524564,26886.199999999997,0,0.014750996,3,44,R5
2025-10-28 20:00:00,1,-1,35.95208925049756,127.0004664514248,1,64.70897469385994,1.077422526720747,0.30464990191932523,45458.0,0,0.0073698633,4,22,R5
2025-10-28 20:00:00,0,-1,35.95208925049756,126.9893688171416,1,64.59235744731643,1.0800302584859731,0.26238733376874107,29207.2,1,0.005520268,5,17,R5
2025-10-28 20:00:00,9,1,35.97018224850733,127.08924752569042,1,75.12189213525033,0.8039733815609031,,,0,0.005369412,6,16,R5
2025-10-28 20:00:00,-2,-2,35.94304275149267,126.96717354857519,1,64.29984719055614,1.0602345393040271,0.17874509836885483,12758.7,0,0.005159297,7,16,R5
2025-10-28 20:00:00,-4,-3,35.93399625248779,126.94497828000878,1,62.79151432946196,0.9908329864759111,,,0,0.005001672,8,15,R5
2025-10-28 20:00:00,-5,-2,35.94304275149267,126.93388064572558,1,60.486771892332,0.9427857143769509,,,0,0.0010177727,9,3,R5
2025-10-28 20:00:00,2,0,35.96113574950244,127.011564085708,1,64.98667049190828,1.0258092446564502,0.1424891230457016,31378.0,0,0.0009915527,10,3,R5
2025-10-29 00:00:00,-2,-3,35.93399625248779,126.96717354857519,1,97.39358649268672,0.07940161657394433,,,1,0.008366631,1,100,R5
2025-10-29 00:00:00,0,0,35.96113574950244,126.9893688171416,1,93.65872384704039,0.08736116203042994,,,0,0.008303659,2,99,R5
2025-10-29 00:00:00,1,0,35.96113574950244,127.0004664514248,1,97.16656514437568,0.09054203186643671,,,0,0.0025327003,3,30,R5
2025-10-29 00:00:00,0,-1,35.95208925049756,126.9893688171416,1,97.25247932399287,0.03572919917789281,,,0,0.002484195,4,30,R5
2025-10-29 00:00:00,9,1,35.97018224850733,127.08924752569042,1,116.79468151971827,0.5452129606833752,,,0,0.0021535947,5,26,R5
2025-10-29 00:00:00,-4,-3,35.93399625248779,126.94497828000878,1,92.22845553406046,0.22963775832828592,,,0,0.0019326173,6,23,R5
2025-10-29 00:00:00,-2,-2,35.94304275149267,126.96717354857519,1,94.32883209526426,0.07910662157691473,,,0,0.0014929998,7,18,R5
2025-10-29 00:00:00,1,-1,35.95208925049756,127.0004664514248,1,100.63731838852891,0.04098678544394426,,,0,0.0013275092,8,16,R5
2025-10-29 00:00:00,-12,-5,35.91590325447802,126.85619720574316,1,85.04952280531768,0.6847736981211279,,,0,0.00087307766,9,10,R5
2025-10-29 00:00:00,-1,0,35.96113574950244,126.97827118285839,1,90.2436194656899,0.10814912492981492,,,0,0.0008468635,10,10,R5
2025-10-29 02:00:00,-2,-3,35.93399625248779,126.96717354857519,0,106.15006404917557,0.08428109458241112,,,0,0.009158327,1,100,R5
2025-10-29 02:00:00,0,0,35.96113574950244,126.9893688171416,0,107.737010354971,0.0809483175727542,,,0,0.0025921164,2,28,R5
2025-10-29 02:00:00,9,1,35.97018224850733,127.08924752569042,0,120.84204417557277,0.5292152054245629,,,0,0.0014754621,3,16,R5
2025-10-29 02:00:00,0,-1,35.95208925049756,126.9893688171416,0,108.56446633923036,0.03471073960310044,,,0,0.0011892082,4,13,R5
2025-10-29 02:00:00,-4,-3,35.93399625248779,126.94497828000878,0,102.71172199666876,0.24485242504048124,,,0,0.00073956535,5,8,R5
2025-10-29 02:00:00,1,-1,35.95208925049756,127.0004664514248,0,110.48886586910805,0.04006840102685663,,,0,0.00072194217,6,8,R5
2025-10-29 02:00:00,1,0,35.96113574950244,127.0004664514248,0,109.59422190562032,0.08500208676887457,,,1,0.0005569527,7,6,R5
2025-10-29 02:00:00,-2,-2,35.94304275149267,126.96717354857519,0,105.53948368297807,0.07993156838896005,,,1,0.00044528864,8,5,R5
2025-10-29 02:00:00,-12,-5,35.91590325447802,126.85619720574316,0,94.52514372665911,0.7194187721353561,,,0,0.00032227204,9,4,R5
2025-10-29 02:00:00,2,0,35.96113574950244,127.011564085708,0,111.44986919514491,0.11007337814884563,,,0,0.00031635875,10,3,R5
2025-10-29 03:00:00,-2,-3,35.93399625248779,126.96717354857519,0,57.68597540766382,1.0879590366720113,0.3189606943526452,26396.899999999998,0,0.011404329,1,100,R5
2025-10-29 03:00:00,0,-1,35.95208925049756,126.9893688171416,0,56.07369524082873,1.0919551791619257,0.29740022081817724,33104.600000000006,1,0.0018646774,2,16,R5
2025-10-29 03:00:00,-2,-2,35.94304275149267,126.96717354857519,0,57.51126630573782,1.081770221244214,0.1251609360136622,8933.9,0,0.0013476793,3,12,R5
2025-10-29 03:00:00,1,0,35.96113574950244,127.0004664514248,0,57.93056106585419,1.0772747919056302,0.16339930639255082,26978.5,0,0.0011241898,4,10,R5
2025-10-29 03:00:00,-4,-3,35.93399625248779,126.94497828000878,0,63.054360071575616,1.0505206741591882,0.22200194434096837,12217.1,0,0.0006719062,5,6,R5
2025-10-29 03:00:00,9,1,35.97018224850733,127.08924752569042,0,83.8981552743856,1.097033196297888,0.044660463730142125,10520.0,0,0.00062115106,6,5,R5
2025-10-29 03:00:00,0,0,35.96113574950244,126.9893688171416,0,57.67504945985252,1.0738194197193214,0.23346923158289248,35756.7,0,0.00042014313,7,4,R5
2025-10-29 03:00:00,1,-1,35.95208925049756,127.0004664514248,0,56.31180700793442,1.09254820273911,0.26899839760236816,40138.3,0,0.0003972021,8,3,R5
2025-10-29 03:00:00,-12,-5,35.91590325447802,126.85619720574316,0,80.80750708067808,0.8568812256368763,,,0,0.00021529869,9,2,R5
2025-10-29 03:00:00,-1,-1,35.95208925049756,126.97827118285839,0,56.73619777080472,1.0844608345882596,0.24808597944258123,26940.5,0,0.00019050586,10,2,R5
2025-10-29 21:00:00,-2,-3,35.93399625248779,126.96717354857519,0,67.98635407320478,1.0027598012657113,0.3687570309488624,30518.0,0,0.04102969,1,100,R5
2025-10-29 21:00:00,9,1,35.97018224850733,127.08924752569042,0,104.12125472286141,0.8775727735925637,,,0,0.021501556,2,52,R5
2025-10-29 21:00:00,0,0,35.96113574950244,126.9893688171416,0,67.67800429959505,0.9806205137532585,,,0,0.011138219,3,27,R5
2025-10-29 21:00:00,-2,-2,35.94304275149267,126.96717354857519,0,67.58798243116553,0.9961996081197313,,,0,0.0072744214,4,18,R5
2025-10-29 21:00:00,1,0,35.96113574950244,127.0004664514248,0,68.0988824138218,0.9797596577379537,,,0,0.00683312,5,17,R5
2025-10-29 21:00:00,0,-1,35.95208925049756,126.9893688171416,0,65.23679809776945,0.9957912463075039,,,1,0.0042912206,6,10,R5
2025-10-29 21:00:00,-4,-3,35.93399625248779,126.94497828000878,0,77.51239530242742,0.9993860815060058,,,0,0.003551485,7,9,R5
2025-10-29 21:00:00,-12,-5,35.91590325447802,126.85619720574316,0,126.09564628023725,0.8865113517202549,,,0,0.002538195,8,6,R5
2025-10-29 21:00:00,1,-1,35.95208925049756,127.0004664514248,0,65.61648631521149,0.9955738773556617,,,0,0.0022974822,9,6,R5
2025-10-29 21:00:00,-1,0,35.96113574950244,126.97827118285839,0,68.46438468666429,0.9763541687764075,,,0,0.001184823,10,3,R5
2025-10-29 22:00:00,-2,-3,35.93399625248779,126.96717354857519,0,44.986865763009064,1.3691604038784042,0.015634534449987976,1293.8999999999999,0,0.030819759,1,100,R5
2025-10-29 22:00:00,9,1,35.97018224850733,127.08924752569042,0,82.38910586164974,0.9983728457007441,,,0,0.018754229,2,61,R5
2025-10-29 22:00:00,0,-1,35.95208925049756,126.9893688171416,0,42.34791055766516,1.3777272451309428,0.18209594001794938,20269.7,0,0.009027042,3,29,R5
2025-10-29 22:00:00,-2,-2,35.94304275149267,126.96717354857519,0,44.76446488299206,1.3611204003360116,0.020363046429427017,1453.5,0,0.0058748443,4,19,R5
2025-10-29 22:00:00,1,0,35.96113574950244,127.0004664514248,0,45.145669699457414,1.3307381134265686,0.18177941926426253,30013.2,0,0.004991802,5,16,R5
2025-10-29 22:00:00,-12,-5,35.91590325447802,126.85619720574316,0,109.80335088727247,1.0871379323610741,0.3098092856357004,58571.79999999999,0,0.0034487357,6,11,R5
2025-10-29 22:00:00,-4,-3,35.93399625248779,126.94497828000878,0,55.50650717942324,1.3111289342545989,0.16503457110927378,9082.1,0,0.003162027,7,10,R5
2025-10-29 22:00:00,1,-1,35.95208925049756,127.0004664514248,0,42.63324101637011,1.3741437889354404,0.2397484416666276,35773.8,0,0.0014728546,8,5,R5
2025-10-29 22:00:00,0,0,35.96113574950244,126.9893688171416,0,44.911840660930466,1.335031053817706,0.34760221424476573,53236.6,1,0.0012929143,9,4,R5
2025-10-29 22:00:00,-1,-1,35.95208925049756,126.97827118285839,0,43.45819939622584,1.364804758494569,0.27352030602228133,29702.500000000004,0,0.00074368465,10,2,R5
2025-10-29 23:00:00,-2,-3,35.93399625248779,126.96717354857519,0,68.87800774701441,0.8016063902106071,,,0,0.031422276,1,100,R5
2025-10-29 23:00:00,9,1,35.97018224850733,127.08924752569042,0,87.86943841103306,0.9930280057788641,,,0,0.026029749,2,83,R5
2025-10-29 23:00:00,0,0,35.96113574950244,126.9893688171416,0,68.72447921382604,0.8029406475187199,,,0,0.01683332,3,54,R5
2025-10-29 23:00:00,0,-1,35.95208925049756,126.9893688171416,0,67.56692607032397,0.8022611496288551,,,0,0.0055250637,4,18,R5
2025-10-29 23:00:00,-2,-2,35.94304275149267,126.96717354857519,0,68.62060621855079,0.7997687274074414,,,0,0.0050414503,5,16,R5
2025-10-29 23:00:00,1,0,35.96113574950244,127.0004664514248,0,69.05024751922855,0.8071417238041411,,,1,0.004650002,6,15,R5
2025-10-29 23:00:00,-12,-5,35.91590325447802,126.85619720574316,0,87.71983133357014,0.5425386746879864,,,0,0.003022731,7,10,R5
2025-10-29 23:00:00,-4,-3,35.93399625248779,126.94497828000878,0,72.6169261953084,0.7835389437223294,,,0,0.0023690346,8,8,R5
2025-10-29 23:00:00,1,-1,35.95208925049756,127.0004664514248,0,67.8185780171695,0.8045359364514927,,,0,0.0018261726,9,6,R5
2025-10-29 23:00:00,-1,0,35.96113574950244,126.97827118285839,0,68.95134070843477,0.7988895439692514,,,0,0.0008114509,10,3,R5
2025-10-30 18:00:00,9,1,35.97018224850733,127.08924752569042,1,338.06411319276214,1.015926816512075,0.040806588352364274,9612.2,0,0.006322454,1,100,R5
2025-10-30 18:00:00,0,-1,35.95208925049756,126.9893688171416,1,333.6620122036176,2.390325324602044,0.021435893105316257,2386.1,0,0.002072687,2,33,R5
2025-10-30 18:00:00,1,0,35.96113574950244,127.0004664514248,1,334.04175414464123,2.2050838263667822,0.25046424214967433,41353.6,1,0.0018771389,3,30,R5
2025-10-30 18:00:00,-4,-3,35.93399625248779,126.94497828000878,1,336.21307709315715,1.9064782049337339,0.05717452731617346,3146.3999999999996,0,0.0012214376,4,19,R5
2025-10-30 18:00:00,0,0,35.96113574950244,126.9893688171416,1,334.0324351692853,2.218971122701728,0.058708304984923666,8991.400000000001,0,0.00087243115,5,14,R5
2025-10-30 18:00:00,-12,-5,35.91590325447802,126.85619720574316,1,356.37600029388074,0.8954678629814266,,,0,0.0005832712,6,9,R5
2025-10-30 18:00:00,-2,-2,35.94304275149267,126.96717354857519,1,334.0974801712992,2.277080215951509,0.04084517500171618,2915.5,0,0.0004459665,7,7,R5
2025-10-30 18:00:00,-2,-3,35.93399625248779,126.96717354857519,1,334.16250547670126,2.2879249871476848,0.008333826733253502,689.6999999999999,0,0.0004050125,8,6,R5
2025-10-30 18:00:00,-5,-2,35.94304275149267,126.93388064572558,1,337.24073761650675,1.6816246043939607,0.11573568562980775,7546.8,0,0.0003655204,9,6,R5
2025-10-30 18:00:00,2,0,35.96113574950244,127.011564085708,1,334.21736149853115,2.1223136244374277,0.23052422355961244,50764.5,0,0.00036208695,10,6,R5
2025-11-02 21:00:00,9,1,35.97018224850733,127.08924752569042,1,316.613186145538,2.3278538246445053,0.082805679010983,19505.3,1,0.0009618921,1,100,R5
2025-11-02 21:00:00,-4,-3,35.93399625248779,126.94497828000878,1,317.4927394538263,2.914604714065979,0.05686379618945513,3129.3,0,0.0008463883,2,88,R5
2025-11-02 21:00:00,0,0,35.96113574950244,126.9893688171416,1,321.5402855501688,2.9624308832147017,0.029476251976771062,4514.4,0,0.0005089429,3,53,R5
2025-11-02 21:00:00,2,0,35.96113574950244,127.011564085708,1,321.21641672073264,2.914026943734763,0.1887465470977457,41564.5,0,0.00037952614,4,39,R5
2025-11-02 21:00:00,-5,-2,35.94304275149267,126.93388064572558,1,314.6972283066774,2.814648051091692,0.0520111276055405,3391.5,0,0.00037175007,5,39,R5
2025-11-02 21:00:00,-2,-2,35.94304275149267,126.96717354857519,1,321.50028121132175,3.01596836973546,0.05118710886769693,3653.7,0,0.00033204732,6,35,R5
2025-11-02 21:00:00,0,-1,35.95208925049756,126.9893688171416,1,322.47046216027394,3.052354541309687,0.01656495674820529,1843.8999999999999,0,0.00030408512,7,32,R5
2025-11-02 21:00:00,1,0,35.96113574950244,127.0004664514248,1,321.56108231616497,2.955078043922425,0.07337933156398427,12115.5,0,0.00027417816,8,29,R5
2025-11-02 21:00:00,-2,-3,35.93399625248779,126.96717354857519,1,321.50016514717817,3.0307766838151755,0.008333826733253504,689.7,0,0.00023837487,9,25,R5
2025-11-02 21:00:00,-3,-2,35.94304275149267,126.95607591429199,1,319.8095343477312,2.947895785236976,0.07175276912825757,3887.3999999999996,0,0.00021333898,10,22,R5
2025-11-03 23:00:00,-2,-3,35.93399625248779,126.96717354857519,0,120.1410390080137,0.07366531581112543,,,0,0.019870332,1,100,R5
2025-11-03 23:00:00,0,0,35.96113574950244,126.9893688171416,0,114.2509197341729,0.07398013784361755,,,0,0.009919294,2,50,R5
2025-11-03 23:00:00,9,1,35.97018224850733,127.08924752569042,0,126.96687228805365,0.3198858282692941,,,0,0.0043517095,3,22,R5
2025-11-03 23:00:00,1,0,35.96113574950244,127.0004664514248,0,116.50905569633073,0.07586138189648091,,,0,0.0026759098,4,13,R5
2025-11-03 23:00:00,0,-1,35.95208925049756,126.9893688171416,0,117.56424730348442,0.03125883482350227,,,0,0.0023901083,5,12,R5
2025-11-03 23:00:00,-4,-3,35.93399625248779,126.94497828000878,0,117.81031325404388,0.21782207693800607,,,0,0.0019666713,6,10,R5
2025-11-03 23:00:00,-2,-2,35.94304275149267,126.96717354857519,0,117.24268029419807,0.07162319499957491,,,0,0.001790815,7,9,R5
2025-11-03 23:00:00,1,-1,35.95208925049756,127.0004664514248,0,119.41233451020582,0.03545356998998065,,,1,0.0015133073,8,8,R5
2025-11-03 23:00:00,2,0,35.96113574950244,127.011564085708,0,118.60755456104613,0.09517075149704413,,,0,0.0008987141,9,5,R5
2025-11-03 23:00:00,-1,0,35.96113574950244,126.97827118285839,0,111.85364486467995,0.09188730921761473,,,0,0.000734461,10,4,R5
2025-11-05 00:00:00,9,1,35.97018224850733,127.08924752569042,1,135.875621196307,0.5499640623069502,,,0,0.0040561766,1,100,R5
2025-11-05 00:00:00,0,0,35.96113574950244,126.9893688171416,1,132.68717398034414,0.07671481872746075,,,0,0.0038227064,2,94,R5
2025-11-05 00:00:00,-2,-3,35.93399625248779,126.96717354857519,1,131.78399586281068,0.07800229804425508,,,1,0.0027175706,3,67,R5
2025-11-05 00:00:00,1,0,35.96113574950244,127.0004664514248,1,133.12605948902933,0.08149094379124115,,,0,0.0014047377,4,35,R5
2025-11-05 00:00:00,1,-1,35.95208925049756,127.0004664514248,1,133.22386920109147,0.038504856333279325,,,0,0.0012432866,5,31,R5
2025-11-05 00:00:00,0,-1,35.95208925049756,126.9893688171416,1,132.7542743397878,0.0329479234541897,,,0,0.0010533684,6,26,R5
2025-11-05 00:00:00,-2,-2,35.94304275149267,126.96717354857519,1,131.8770668606506,0.07423759773495338,,,0,0.0010313787,7,25,R5
2025-11-05 00:00:00,2,0,35.96113574950244,127.011564085708,1,133.57263162455206,0.10681496689926695,,,0,0.0004939711,8,12,R5
2025-11-05 00:00:00,-4,-3,35.93399625248779,126.94497828000878,1,131.0981956313385,0.22372581822778279,,,0,0.00044996323,9,11,R5
2025-11-05 00:00:00,-1,0,35.96113574950244,126.97827118285839,1,132.26635619403055,0.09258929531340762,,,0,0.00043037898,10,11,R5
2025-11-05 22:00:00,-2,-3,35.93399625248779,126.96717354857519,1,151.8404439697191,0.07433737111229363,,,1,0.016437732,1,100,R5
2025-11-05 22:00:00,0,0,35.96113574950244,126.9893688171416,1,151.07995204572694,0.07747333682975945,,,0,0.011559193,2,70,R5
2025-11-05 22:00:00,9,1,35.97018224850733,127.08924752569042,1,144.18247592366606,0.5598046513771983,,,0,0.0033513587,3,20,R5
2025-11-05 22:00:00,1,0,35.96113574950244,127.0004664514248,1,149.43647652485674,0.08223372148465259,,,0,0.0033037576,4,20,R5
2025-11-05 22:00:00,0,-1,35.95208925049756,126.9893688171416,1,150.17622598343314,0.032730780966268906,,,0,0.0027136104,5,17,R5
2025-11-05 22:00:00,1,-1,35.95208925049756,127.0004664514248,1,148.63880029415054,0.03834674043456137,,,0,0.002698404,6,16,R5
2025-11-05 22:00:00,-2,-2,35.94304275149267,126.96717354857519,1,153.18939736867196,0.07193962795050515,,,0,0.0023451115,7,14,R5
2025-11-05 22:00:00,2,0,35.96113574950244,127.011564085708,1,148.12256784851047,0.10777132344499872,,,0,0.0018144022,8,11,R5
2025-11-05 22:00:00,-4,-3,35.93399625248779,126.94497828000878,1,157.18802590592543,0.20922108012045085,,,0,0.0010494242,9,6,R5
2025-11-05 22:00:00,-1,0,35.96113574950244,126.97827118285839,1,153.17197390225147,0.09363191897786062,,,0,0.00087717175,10,5,R5
2025-11-06 00:00:00,-2,-3,35.93399625248779,126.96717354857519,0,28.578305080482494,0.18275811238143685,,,1,0.010693883,1,100,R5
2025-11-06 00:00:00,0,0,35.96113574950244,126.9893688171416,0,27.275765363505002,0.18584085582737525,,,0,0.004491436,2,42,R5
2025-11-06 00:00:00,1,0,35.96113574950244,127.0004664514248,0,34.82898835566101,0.1899064561973377,,,0,0.0011166547,3,10,R5
2025-11-06 00:00:00,9,1,35.97018224850733,127.08924752569042,0,146.31555825953444,0.6772676741031768,,,0,0.0011009063,4,10,R5
2025-11-06 00:00:00,-2,-2,35.94304275149267,126.96717354857519,0,23.736771838719335,0.1811062875926106,,,0,0.00094130245,5,9,R5
2025-11-06 00:00:00,1,-1,35.95208925049756,127.0004664514248,0,9.58204624133532,0.1415738425246165,,,0,0.0008406393,6,8,R5
2025-11-06 00:00:00,0,-1,35.95208925049756,126.9893688171416,0,6.904280414404582,0.13599371254332887,,,0,0.00068999315,7,6,R5
2025-11-06 00:00:00,2,0,35.96113574950244,127.011564085708,0,71.13997223708202,0.21640532948718405,,,0,0.00051800645,8,5,R5
2025-11-06 00:00:00,-1,0,35.96113574950244,126.97827118285839,0,40.29110874781486,0.2052807053993287,,,0,0.0003923288,9,4,R5
2025-11-06 00:00:00,-12,-5,35.91590325447802,126.85619720574316,0,169.34071993252655,1.1129938971365487,0.5349988574910503,101145.59999999998,0,0.00033586376,10,3,R5
2025-11-06 22:00:00,9,1,35.97018224850733,127.08924752569042,0,82.57810198476193,0.7260974328314402,,,0,0.02006693,1,100,R5
2025-11-06 22:00:00,-2,-3,35.93399625248779,126.96717354857519,0,1.004703595485978,0.4451406592040032,,,1,0.010968968,2,55,R5
2025-11-06 22:00:00,0,0,35.96113574950244,126.9893688171416,0,0.6515533262319195,0.44296834600774837,,,0,0.0044846493,3,22,R5
2025-11-06 22:00:00,1,0,35.96113574950244,127.0004664514248,0,1.2192051442888214,0.44607671023109746,,,0,0.0010432181,4,5,R5
2025-11-06 22:00:00,0,-1,35.95208925049756,126.9893688171416,0,0.4305263081267299,0.41878663149829887,,,0,0.0010048528,5,5,R5
2025-11-06 22:00:00,1,-1,35.95208925049756,127.0004664514248,0,0.7258846801373124,0.42209886656198214,,,0,0.0009660106,6,5,R5
2025-11-06 22:00:00,-2,-2,35.94304275149267,126.96717354857519,0,0.5241226109283161,0.4425702955405499,,,0,0.0008589942,7,4,R5
2025-11-06 22:00:00,2,0,35.96113574950244,127.011564085708,0,2.3432139555357026,0.4609572944585615,,,0,0.00046997893,8,2,R5
2025-11-06 22:00:00,-1,0,35.96113574950244,126.97827118285839,0,0.16549684484266436,0.4513985426775275,,,0,0.00041315507,9,2,R5
2025-11-06 22:00:00,-12,-5,35.91590325447802,126.85619720574316,0,313.6207015659051,0.8288392823836905,,,0,0.00038344812,10,2,R5
2025-11-11 01:00:00,-2,-3,35.93399625248779,126.96717354857519,1,85.94693597326642,0.0890026328881194,,,1,0.005124655,1,100,R5
2025-11-11 01:00:00,0,0,35.96113574950244,126.9893688171416,1,85.45567245110163,0.08415201020053367,,,0,0.0050826427,2,99,R5
2025-11-11 01:00:00,9,1,35.97018224850733,127.08924752569042,1,96.70535646718031,0.40486776228292654,,,0,0.0017091917,3,33,R5
2025-11-11 01:00:00,1,0,35.96113574950244,127.0004664514248,1,87.22999834193888,0.0881952472909848,,,0,0.0015417753,4,30,R5
2025-11-11 01:00:00,0,-1,35.95208925049756,126.9893688171416,1,86.8521686251521,0.036972517471640196,,,0,0.00083880365,5,16,R5
2025-11-11 01:00:00,1,-1,35.95208925049756,127.0004664514248,1,88.52598600543405,0.04271160985815509,,,0,0.000727678,6,14,R5
2025-11-11 01:00:00,-2,-2,35.94304275149267,126.96717354857519,1,84.85884310528786,0.08380105536107607,,,0,0.0006466031,7,13,R5
2025-11-11 01:00:00,2,0,35.96113574950244,127.011564085708,1,88.93577093245443,0.1126837879957612,,,0,0.00043053858,8,8,R5
2025-11-11 01:00:00,-12,-5,35.91590325447802,126.85619720574316,1,77.37961859483238,0.6794922579433547,,,0,0.00030552808,9,6,R5
2025-11-11 01:00:00,-1,0,35.96113574950244,126.97827118285839,1,83.62875767999572,0.10184264436095711,,,0,0.00029961625,10,6,R5
2025-11-12 02:00:00,0,0,35.96113574950244,126.9893688171416,1,127.83965713982883,0.11883067283862463,,,0,0.0023188123,1,100,R5
2025-11-12 02:00:00,-2,-3,35.93399625248779,126.96717354857519,1,125.33079447612153,0.1203561913032482,,,1,0.0015037941,2,65,R5
2025-11-12 02:00:00,1,0,35.96113574950244,127.0004664514248,1,128.6623462235791,0.1232542408031272,,,0,0.00070326705,3,30,R5
2025-11-12 02:00:00,9,1,35.97018224850733,127.08924752569042,1,133.915789113811,0.7260535065508423,,,0,0.0006786133,4,29,R5
2025-11-12 02:00:00,0,-1,35.95208925049756,126.9893688171416,1,127.76571649753674,0.05012290900101026,,,0,0.0005654146,5,24,R5
2025-11-12 02:00:00,1,-1,35.95208925049756,127.0004664514248,1,128.62129103153188,0.05721786254708623,,,0,0.0004905381,6,21,R5
2025-11-12 02:00:00,-2,-2,35.94304275149267,126.96717354857519,1,125.99301360993286,0.1162084193621219,,,0,0.0002985129,7,13,R5
2025-11-12 02:00:00,-12,-5,35.91590325447802,126.85619720574316,1,136.28467044876032,1.3245946605186298,0.381267402103909,72081.49999999999,0,0.00021961213,8,9,R5
2025-11-12 02:00:00,2,0,35.96113574950244,127.011564085708,1,129.50983272776818,0.15780159842929767,,,0,0.00020929945,9,9,R5
2025-11-12 02:00:00,-1,0,35.96113574950244,126.97827118285839,1,127.08758565147741,0.14687959012883373,,,0,0.00018995705,10,8,R5
2025-11-12 20:00:00,-2,-3,35.93399625248779,126.96717354857519,0,182.27139139456935,0.11429393969421288,,,0,0.009188729,1,100,R5
2025-11-12 20:00:00,9,1,35.97018224850733,127.08924752569042,0,194.69891531066975,0.437782708473086,,,0,0.005171892,2,56,R5
2025-11-12 20:00:00,0,0,35.96113574950244,126.9893688171416,0,190.18971739922827,0.116465964694098,,,0,0.0046922397,3,51,R5
2025-11-12 20:00:00,1,0,35.96113574950244,127.0004664514248,0,190.13130782884062,0.11766105607201514,,,1,0.0014802724,4,16,R5
2025-11-12 20:00:00,2,0,35.96113574950244,127.011564085708,0,190.37071893533968,0.14493403568160637,,,0,0.0010202216,5,11,R5
2025-11-12 20:00:00,0,-1,35.95208925049756,126.9893688171416,0,187.1955525186203,0.04865051485967836,,,0,0.00087018224,6,9,R5
2025-11-12 20:00:00,1,-1,35.95208925049756,127.0004664514248,0,187.67293904068208,0.054236520574476324,,,0,0.00084304414,7,9,R5
2025-11-12 20:00:00,-12,-5,35.91590325447802,126.85619720574316,0,190.41777192185208,1.041382961196893,0.5652869813220944,106871.79999999999,0,0.00078969804,8,9,R5
2025-11-12 20:00:00,-2,-2,35.94304275149267,126.96717354857519,0,184.3355270194817,0.11240855089676301,,,0,0.00050778134,9,6,R5
2025-11-12 20:00:00,-1,0,35.96113574950244,126.97827118285839,0,190.73091047108392,0.14620349604814478,,,0,0.00031507853,10,3,R5
2025-11-12 23:00:00,0,0,35.96113574950244,126.9893688171416,0,133.95537214293154,0.09866984365790953,,,1,0.008529378,1,100,R5
2025-11-12 23:00:00,-2,-3,35.93399625248779,126.96717354857519,0,146.13091804779816,0.10096989294993715,,,0,0.008004769,2,94,R5
2025-11-12 23:00:00,1,0,35.96113574950244,127.0004664514248,0,135.53589010419944,0.10051996192439352,,,0,0.005392621,3,63,R5
2025-11-12 23:00:00,9,1,35.97018224850733,127.08924752569042,0,139.75494633364843,0.3923318898967752,,,0,0.0049222433,4,58,R5
2025-11-12 23:00:00,0,-1,35.95208925049756,126.9893688171416,0,138.6064475634248,0.04210166366008781,,,1,0.00079800346,5,9,R5
2025-11-12 23:00:00,1,-1,35.95208925049756,127.0004664514248,0,139.43699522221016,0.04733929303918969,,,0,0.00070673897,6,8,R5
2025-11-12 23:00:00,2,0,35.96113574950244,127.011564085708,0,136.83863067827383,0.12490014418197896,,,0,0.00056418125,7,7,R5
2025-11-12 23:00:00,-12,-5,35.91590325447802,126.85619720574316,0,160.45290166399081,0.9208217901739554,,,0,0.00048089016,8,6,R5
2025-11-12 23:00:00,-1,0,35.96113574950244,126.97827118285839,0,132.07270384970934,0.12287935772631038,,,0,0.0004628828,9,5,R5
2025-11-12 23:00:00,-2,-2,35.94304275149267,126.96717354857519,0,141.75280136306094,0.09769299094990665,,,0,0.00044129338,10,5,R5
2025-11-15 20:00:00,-2,-3,35.93399625248779,126.96717354857519,1,99.99383418628275,0.05458572277335288,,,0,0.024987819,1,100,R5
2025-11-15 20:00:00,0,0,35.96113574950244,126.9893688171416,1,97.33374526705802,0.06311580443750077,,,0,0.018700661,2,75,R5
2025-11-15 20:00:00,-2,-2,35.94304275149267,126.96717354857519,1,95.41335809953716,0.05438375946372077,,,0,0.008788546,3,35,R5
2025-11-15 20:00:00,1,0,35.96113574950244,127.0004664514248,1,103.29138377433446,0.06699832429279874,,,1,0.004491496,4,18,R5
2025-11-15 20:00:00,0,-1,35.95208925049756,126.9893688171416,1,102.59220182039098,0.026542714415701902,,,0,0.0031984907,5,13,R5
2025-11-15 20:00:00,9,1,35.97018224850733,127.08924752569042,1,126.61202216931031,0.3493766713303352,,,0,0.0027866906,6,11,R5
2025-11-15 20:00:00,1,-1,35.95208925049756,127.0004664514248,1,108.13168721275525,0.031378027786207185,,,0,0.0020044707,7,8,R5
2025-11-15 20:00:00,-12,-5,35.91590325447802,126.85619720574316,1,45.26587490685745,0.2669838356590804,,,0,0.001439884,8,6,R5
2025-11-15 20:00:00,-1,0,35.96113574950244,126.97827118285839,1,91.00703749518686,0.07563794232369188,,,0,0.0014065342,9,6,R5
2025-11-15 20:00:00,2,0,35.96113574950244,127.011564085708,1,108.66150252665227,0.08692096832636886,,,0,0.0012374173,10,5,R5
2025-11-19 23:00:00,0,0,35.96113574950244,126.9893688171416,1,147.8598031836881,0.07089880600373522,,,0,0.003224781,1,100,R5
2025-11-19 23:00:00,-2,-3,35.93399625248779,126.96717354857519,1,156.3271350513778,0.07437956778101097,,,0,0.0028439255,2,88,R5
2025-11-19 23:00:00,9,1,35.97018224850733,127.08924752569042,1,128.03179593851365,0.37619603654505585,,,0,0.0022627315,3,70,R5
2025-11-19 23:00:00,1,0,35.96113574950244,127.0004664514248,1,144.73166065705283,0.07535949259985955,,,1,0.0010681895,4,33,R5
2025-11-19 23:00:00,0,-1,35.95208925049756,126.9893688171416,1,148.02530334993298,0.03139544083581682,,,0,0.00072082947,5,22,R5
2025-11-19 23:00:00,-2,-2,35.94304275149267,126.96717354857519,1,155.63983772585595,0.06975263962763863,,,0,0.0004933168,6,15,R5
2025-11-19 23:00:00,1,-1,35.95208925049756,127.0004664514248,1,144.59867969094933,0.03678058049865659,,,0,0.00045520833,7,14,R5
2025-11-19 23:00:00,2,0,35.96113574950244,127.011564085708,1,141.7111105638125,0.09764467594740454,,,0,0.00034755768,8,11,R5
2025-11-19 23:00:00,-1,0,35.96113574950244,126.97827118285839,1,151.03881283899955,0.08461765419963829,,,0,0.00029253415,9,9,R5
2025-11-19 23:00:00,3,-1,35.95208925049756,127.0226617199912,1,138.1729195735022,0.11110108130855838,,,0,0.00013503499,10,4,R5
2025-11-20 00:00:00,1,0,35.96113574950244,127.0004664514248,0,126.62976537824284,0.1488156663924954,,,1,0.003660889,1,100,R5
2025-11-20 00:00:00,0,0,35.96113574950244,126.9893688171416,0,127.35752767716309,0.1442168951019537,,,0,0.0034672236,2,95,R5
2025-11-20 00:00:00,-2,-3,35.93399625248779,126.96717354857519,0,136.51163002913984,0.1482274145743437,,,0,0.0013214,3,36,R5
2025-11-20 00:00:00,9,1,35.97018224850733,127.08924752569042,0,120.3832356054636,0.6382602509183831,,,0,0.0010870388,4,30,R5
2025-11-20 00:00:00,0,-1,35.95208925049756,126.9893688171416,0,129.35697498982688,0.06222314975777173,,,0,0.00091422885,5,25,R5
2025-11-20 00:00:00,1,-1,35.95208925049756,127.0004664514248,0,128.154082350529,0.07083542849235311,,,0,0.0006406327,6,17,R5
2025-11-20 00:00:00,-2,-2,35.94304275149267,126.96717354857519,0,134.18455695451155,0.14282125181226826,,,0,0.0004695512,7,13,R5
2025-11-20 00:00:00,-1,0,35.96113574950244,126.97827118285839,0,127.93958112738972,0.17754895134239504,,,0,0.0003526418,8,10,R5
2025-11-20 00:00:00,2,0,35.96113574950244,127.011564085708,0,125.80004242820911,0.1874677624442889,,,0,0.00027015703,9,7,R5
2025-11-20 00:00:00,-2,0,35.96113574950244,126.96717354857519,0,128.3322377986575,0.2452403032388796,,,0,0.00014818076,10,4,R5
2025-11-23 00:00:00,-2,-3,35.93399625248779,126.96717354857519,1,58.40059608899173,1.0464843354682871,0.3189606943526452,26396.899999999998,0,0.0041267998,1,100,R5
2025-11-23 00:00:00,0,-1,35.95208925049756,126.9893688171416,1,54.63514617687446,1.0120893090259393,0.18464639894783466,20553.600000000002,0,0.0009280485,2,22,R5
2025-11-23 00:00:00,0,0,35.96113574950244,126.9893688171416,1,57.85537195516656,1.0177238075903163,0.23346923158289248,35756.7,0,0.0008305681,3,20,R5
2025-11-23 00:00:00,9,1,35.97018224850733,127.08924752569042,1,105.70458701989219,0.9970602844491836,,,0,0.00080256053,4,19,R5
2025-11-23 00:00:00,1,0,35.96113574950244,127.0004664514248,1,58.33059698078176,1.0167795507313648,0.16339930639255082,26978.5,1,0.0007736957,5,19,R5
2025-11-23 00:00:00,-2,-2,35.94304275149267,126.96717354857519,1,57.862425502688836,1.0375198412823217,0.1251609360136622,8933.9,0,0.0006647844,6,16,R5
2025-11-23 00:00:00,-12,-5,35.91590325447802,126.85619720574316,1,159.72188434541306,1.6092260146813364,0.6466981491355015,122263.19999999998,0,0.00062660093,7,15,R5
2025-11-23 00:00:00,1,-1,35.95208925049756,127.0004664514248,1,55.08615243934855,1.0133759621812721,0.26899839760236816,40138.3,0,0.0004986114,8,12,R5
2025-11-23 00:00:00,-1,-1,35.95208925049756,126.97827118285839,1,56.02961855766239,1.020057924606145,0.24808597944258123,26940.5,0,0.0003349978,9,8,R5
2025-11-23 00:00:00,-1,0,35.96113574950244,126.97827118285839,1,59.0138243146331,1.0234538437039389,0.24687182749940892,28402.899999999998,0,0.00023365002,10,6,R5
2025-11-28 21:00:00,0,0,35.96113574950244,126.9893688171416,1,143.59721178771144,0.11642813982605887,,,0,0.008389454,1,100,R5
2025-11-28 21:00:00,-2,-3,35.93399625248779,126.96717354857519,1,149.56084829908798,0.11821716549704467,,,0,0.005997013,2,71,R5
2025-11-28 21:00:00,1,0,35.96113574950244,127.0004664514248,1,143.764881016736,0.11936017993322118,,,0,0.0027158952,3,32,R5
2025-11-28 21:00:00,0,-1,35.95208925049756,126.9893688171416,1,145.52413350802158,0.04978863754580141,,,1,0.0018830694,4,22,R5
2025-11-28 21:00:00,1,-1,35.95208925049756,127.0004664514248,1,145.29696664276412,0.05636337081130458,,,0,0.0013446928,5,16,R5
2025-11-28 21:00:00,9,1,35.97018224850733,127.08924752569042,1,143.65855289267915,0.48891586444069646,,,0,0.0010277071,6,12,R5
2025-11-28 21:00:00,2,0,35.96113574950244,127.011564085708,1,143.89297578013236,0.14931482742402818,,,0,0.0008721904,7,10,R5
2025-11-28 21:00:00,-2,-2,35.94304275149267,126.96717354857519,1,148.19606445195075,0.11433825333477776,,,0,0.00082083954,8,10,R5
2025-11-28 21:00:00,-1,0,35.96113574950244,126.97827118285839,1,143.41188813882707,0.1441599960320369,,,0,0.00065764907,9,8,R5
2025-11-28 21:00:00,-12,-5,35.91590325447802,126.85619720574316,1,173.7096676402267,1.1300502494388145,0.5705255964319869,107862.19999999998,0,0.00064150774,10,8,R5
2025-11-29 00:00:00,0,0,35.96113574950244,126.9893688171416,0,98.22292883957357,0.09353594818062001,,,0,0.0038917821,1,100,R5
2025-11-29 00:00:00,0,-1,35.95208925049756,126.9893688171416,0,99.64939825267464,0.039794058881034315,,,0,0.002890705,2,74,R5
2025-11-29 00:00:00,-2,-3,35.93399625248779,126.96717354857519,0,100.70266197497381,0.08947607337678123,,,1,0.002469003,3,63,R5
2025-11-29 00:00:00,1,0,35.96113574950244,127.0004664514248,0,99.25530418125572,0.09738300485437311,,,0,0.0014934529,4,38,R5
2025-11-29 00:00:00,1,-1,35.95208925049756,127.0004664514248,0,100.52707515794856,0.04589282105952632,,,0,0.00070982,5,18,R5
2025-11-29 00:00:00,9,1,35.97018224850733,127.08924752569042,0,104.49778998217471,0.4480785546327472,,,0,0.00048407677,6,12,R5
2025-11-29 00:00:00,-2,-2,35.94304275149267,126.96717354857519,0,99.4975140919214,0.08747575967143616,,,0,0.0004615516,7,12,R5
2025-11-29 00:00:00,-1,0,35.96113574950244,126.97827118285839,0,97.17904991847723,0.11419809040906652,,,0,0.00045949314,8,12,R5
2025-11-29 00:00:00,2,0,35.96113574950244,127.011564085708,0,100.25153709930936,0.12385530998810643,,,0,0.00032158798,9,8,R5
2025-11-29 00:00:00,-12,-5,35.91590325447802,126.85619720574316,0,115.83372953693777,0.7637168943701699,,,0,0.00027352243,10,7,R5
2025-12-04 20:00:00,-2,-3,35.93399625248779,126.96717354857519,0,185.4657648918053,0.22187132141959587,,,0,0.0022945784,1,100,R5
2025-12-04 20:00:00,0,0,35.96113574950244,126.9893688171416,0,188.40836117946068,0.24738596889877668,,,0,0.0017916622,2,78,R5
2025-12-04 20:00:00,1,0,35.96113574950244,127.0004664514248,0,187.23531928008646,0.2559675542715899,,,0,0.0012022849,3,52,R5
2025-12-04 20:00:00,9,1,35.97018224850733,127.08924752569042,0,181.41677581718864,1.1554294494730226,0.556109801910466,130994.49999999999,0,0.00088368636,4,39,R5
2025-12-04 20:00:00,0,-1,35.95208925049756,126.9893688171416,0,185.9994639736637,0.10124490568149941,,,0,0.000764991,5,33,R5
2025-12-04 20:00:00,2,0,35.96113574950244,127.011564085708,0,186.03960404801475,0.3232649987828202,,,1,0.0005972347,6,26,R5
2025-12-04 20:00:00,1,-1,35.95208925049756,127.0004664514248,0,184.62459852427298,0.11515085176147906,,,0,0.00034561058,7,15,R5
2025-12-04 20:00:00,-2,-2,35.94304275149267,126.96717354857519,0,186.71749312032844,0.2225954873064986,,,0,0.00032176691,8,14,R5
2025-12-04 20:00:00,3,-1,35.95208925049756,127.0226617199912,0,181.6800236478515,0.32809041386181514,,,0,0.00027609192,9,12,R5
2025-12-04 20:00:00,-1,0,35.96113574950244,126.97827118285839,0,189.53190682668333,0.30386349808187557,,,0,0.00027321093,10,12,R5
2025-12-18 04:00:00,-2,-3,35.93399625248779,126.96717354857519,1,116.24008325023146,0.07951400122363539,,,1,0.0008247476,1,100,R5
2025-12-18 04:00:00,0,0,35.96113574950244,126.9893688171416,1,117.01472991011735,0.07824330784924849,,,0,0.0005726348,2,69,R5
2025-12-18 04:00:00,1,0,35.96113574950244,127.0004664514248,1,118.21831589572434,0.08299025159577803,,,0,0.0004760547,3,58,R5
2025-12-18 04:00:00,0,-1,35.95208925049756,126.9893688171416,1,117.92789269041447,0.03416435500274691,,,0,0.00025004006,4,30,R5
2025-12-18 04:00:00,1,-1,35.95208925049756,127.0004664514248,1,119.27548771606052,0.03989702911957646,,,0,0.00018043001,5,22,R5
2025-12-18 04:00:00,2,0,35.96113574950244,127.011564085708,1,119.4324634646814,0.10737354551159181,,,0,0.00017945906,6,22,R5
2025-12-18 04:00:00,9,1,35.97018224850733,127.08924752569042,1,125.10431212808902,0.4165798523099566,,,0,0.00017504532,7,21,R5
2025-12-18 04:00:00,-12,-5,35.91590325447802,126.85619720574316,1,113.75141392888173,0.7435387533075645,,,0,0.00014966547,8,18,R5
2025-12-18 04:00:00,-4,-3,35.93399625248779,126.94497828000878,1,113.74860392504564,0.22119603986382627,,,0,0.000110061745,9,13,R5
2025-12-18 04:00:00,6,-3,35.93399625248779,127.05595462284082,1,128.48051354034624,0.37595671577614953,,,0,0.00010754621,10,13,R5
2025-12-18 20:00:00,-2,-3,35.93399625248779,126.96717354857519,1,108.13016000791691,0.0765477273535048,,,0,0.019597128,1,100,R5
2025-12-18 20:00:00,0,0,35.96113574950244,126.9893688171416,1,97.7716340845115,0.08565205294505637,,,0,0.00449549,2,23,R5
2025-12-18 20:00:00,1,0,35.96113574950244,127.0004664514248,1,104.58026348465853,0.08808556047314878,,,0,0.0043037017,3,22,R5
2025-12-18 20:00:00,0,-1,35.95208925049756,126.9893688171416,1,106.15148024005515,0.03533765693884974,,,1,0.0019833979,4,10,R5
2025-12-18 20:00:00,2,0,35.96113574950244,127.011564085708,1,111.93037571573973,0.11071496050365742,,,0,0.0016914959,5,9,R5
2025-12-18 20:00:00,-1,0,35.96113574950244,126.97827118285839,1,91.72630106887817,0.10592019866923862,,,0,0.0010437203,6,5,R5
2025-12-18 20:00:00,1,-1,35.95208925049756,127.0004664514248,1,113.41176298737832,0.04026748223818097,,,0,0.0010369,7,5,R5
2025-12-18 20:00:00,-12,-5,35.91590325447802,126.85619720574316,1,103.33545805530969,0.6293743585291319,,,0,0.00096349954,8,5,R5
2025-12-18 20:00:00,-4,-3,35.93399625248779,126.94497828000878,1,97.88804629017989,0.21741523138985183,,,0,0.00091585633,9,5,R5
2025-12-18 20:00:00,-2,-2,35.94304275149267,126.96717354857519,1,101.12662810462484,0.07713699535183235,,,0,0.0007238845,10,4,R5
2025-12-18 21:00:00,-2,-3,35.93399625248779,126.96717354857519,0,148.91118844305743,0.08947226508678133,,,0,0.007170825,1,100,R5
2025-12-18 21:00:00,0,-1,35.95208925049756,126.9893688171416,0,148.02900842536462,0.03696351290141224,,,0,0.003848999,2,54,R5
2025-12-18 21:00:00,0,0,35.96113574950244,126.9893688171416,0,148.42412479273787,0.08288909255795358,,,0,0.001975824,3,28,R5
2025-12-18 21:00:00,1,0,35.96113574950244,127.0004664514248,0,147.66129732511558,0.08796074941263822,,,1,0.0018545482,4,26,R5
2025-12-18 21:00:00,2,0,35.96113574950244,127.011564085708,0,146.96800924802642,0.11376235816937347,,,0,0.0012447502,5,17,R5
2025-12-18 21:00:00,1,-1,35.95208925049756,127.0004664514248,0,147.26298480242207,0.04316252132003847,,,0,0.00057028985,6,8,R5
2025-12-18 21:00:00,-2,-2,35.94304275149267,126.96717354857519,0,149.37244192011156,0.08336790072397525,,,0,0.00039830743,7,6,R5
2025-12-18 21:00:00,-12,-5,35.91590325447802,126.85619720574316,0,170.11536063067615,0.7947081766917703,,,0,0.000386787,8,5,R5
2025-12-18 21:00:00,9,1,35.97018224850733,127.08924752569042,0,144.21089667711578,0.43257437670147614,,,0,0.00038344637,9,5,R5
2025-12-18 21:00:00,-4,-3,35.93399625248779,126.94497828000878,0,151.0263708572541,0.24801952965628132,,,0,0.00037449738,10,5,R5
2025-12-19 01:00:00,-2,-3,35.93399625248779,126.96717354857519,1,126.1443001811515,0.9690721021694502,,,1,0.0018024329,1,100,R5
2025-12-19 01:00:00,1,0,35.96113574950244,127.0004664514248,1,122.84420102532602,0.7637416305095406,,,0,0.0014649378,2,81,R5
2025-12-19 01:00:00,0,-1,35.95208925049756,126.9893688171416,1,123.74816797877361,0.836507848021577,,,0,0.0009093378,3,50,R5
2025-12-19 01:00:00,0,0,35.96113574950244,126.9893688171416,1,123.83403469804836,0.7497223788816461,,,0,0.0005456442,4,30,R5
2025-12-19 01:00:00,2,0,35.96113574950244,127.011564085708,1,121.87953971677115,0.7778632277404397,,,0,0.00017075543,5,9,R5
2025-12-19 01:00:00,1,-1,35.95208925049756,127.0004664514248,1,122.66491279026587,0.8550027370936945,,,0,0.0001617034,6,9,R5
2025-12-19 01:00:00,9,1,35.97018224850733,127.08924752569042,1,117.36354600701168,0.8001196358676942,,,0,0.0001537822,7,9,R5
2025-12-19 01:00:00,-12,-5,35.91590325447802,126.85619720574316,1,141.99293076727338,1.0501899519669267,0.3728011992112456,70480.89999999998,0,0.00012643162,8,7,R5
2025-12-19 01:00:00,-4,-3,35.93399625248779,126.94497828000878,1,128.73063463155188,0.939152453656981,,,0,0.00011601616,9,6,R5
2025-12-19 01:00:00,-2,-2,35.94304275149267,126.96717354857519,1,126.05191962336454,0.8862957088214121,,,0,0.000112327165,10,6,R5
2025-12-19 21:00:00,-2,-3,35.93399625248779,126.96717354857519,1,32.371982810633085,0.2925530152753662,,,1,0.01232627,1,100,R5
2025-12-19 21:00:00,1,0,35.96113574950244,127.0004664514248,1,33.26732531256562,0.2850063807104081,,,0,0.007496044,2,61,R5
2025-12-19 21:00:00,0,0,35.96113574950244,126.9893688171416,1,31.26554353914696,0.28132825188984995,,,0,0.00328638,3,27,R5
2025-12-19 21:00:00,0,-1,35.95208925049756,126.9893688171416,1,11.723641267214248,0.23677403161596658,,,0,0.0017377455,4,14,R5
2025-12-19 21:00:00,9,1,35.97018224850733,127.08924752569042,1,118.7926156105292,0.57997609588269,,,0,0.0014812369,5,12,R5
2025-12-19 21:00:00,-12,-5,35.91590325447802,126.85619720574316,1,113.02833368995994,1.0903512819843737,0.30827165900762515,58281.09999999999,0,0.0011117263,6,9,R5
2025-12-19 21:00:00,2,0,35.96113574950244,127.011564085708,1,45.27128480845499,0.30838094695880625,,,0,0.0010823995,7,9,R5
2025-12-19 21:00:00,1,-1,35.95208925049756,127.0004664514248,1,13.761375385496649,0.2423817077461504,,,0,0.0007389372,8,6,R5
2025-12-19 21:00:00,-11,-5,35.91590325447802,126.86729484002636,1,110.81585831176585,1.0652644704470713,0.3075842138213626,51832.399999999994,0,0.0006000774,9,5,R5
2025-12-19 21:00:00,-4,-3,35.93399625248779,126.94497828000878,1,81.97602074615395,0.46269458050805945,,,0,0.00059323787,10,5,R5
2025-12-21 18:00:00,0,-1,35.95208925049756,126.9893688171416,1,330.66626232033366,3.5985046121630515,0.021435893105316257,2386.1,0,0.00021882833,1,100,R5
2025-12-21 18:00:00,1,0,35.96113574950244,127.0004664514248,1,330.53243302290434,3.4250836760895464,0.25046424214967433,41353.6,0,0.0002066436,2,94,R5
2025-12-21 18:00:00,9,1,35.97018224850733,127.08924752569042,1,330.94495098405986,2.424149634964681,0.04167772211257579,9817.4,0,0.00020044629,3,92,R5
2025-12-21 18:00:00,-4,-3,35.93399625248779,126.94497828000878,1,328.8477906706899,3.148677798543145,0.05665664210497625,3117.9000000000005,0,0.000102645725,4,47,R5
2025-12-21 18:00:00,2,0,35.96113574950244,127.011564085708,1,330.509963845015,3.353387091668831,0.23052422355961244,50764.5,0,9.9762954e-05,5,46,R5
2025-12-21 18:00:00,-3,-2,35.94304275149267,126.95607591429199,1,329.8214566420804,3.314040287918264,0.07806532946212187,4229.4,0,9.5021904e-05,6,43,R5
2025-12-21 18:00:00,-2,-3,35.93399625248779,126.96717354857519,1,330.32920270475506,3.507305539995293,0.008333826733253502,689.6999999999999,0,7.790662e-05,7,36,R5
2025-12-21 18:00:00,-2,-2,35.94304275149267,126.96717354857519,1,330.36151636850735,3.4925564537005536,0.04084517500171618,2915.5,0,7.613736e-05,8,35,R5
2025-12-21 18:00:00,-3,-3,35.93399625248779,126.95607591429199,1,329.73942602094286,3.3382284320738136,0.041975741153171056,2348.3999999999996,0,7.46155e-05,9,34,R5
2025-12-21 18:00:00,0,0,35.96113574950244,126.9893688171416,1,330.5003211213882,3.4338534739412956,0.058708304984923666,8991.400000000001,1,7.223428e-05,10,33,R5
2025-12-29 05:00:00,9,1,35.97018224850733,127.08924752569042,1,181.8146510878001,1.4668658246323802,0.556109801910466,130994.49999999999,0,0.00015860547,1,100,R5
2025-12-29 05:00:00,2,0,35.96113574950244,127.011564085708,1,191.05223582376104,1.4846871538750925,0.10592184940691594,23325.4,0,0.00010996009,2,69,R5
2025-12-29 05:00:00,0,-1,35.95208925049756,126.9893688171416,1,192.3274297317406,1.540769205804054,0.10638890411118888,11842.5,0,4.4885765e-05,3,28,R5
2025-12-29 05:00:00,-3,-4,35.9249497534829,126.95607591429199,1,197.39651139515246,1.746237789796678,0.4773336165893613,48532.79999999999,0,2.4853458e-05,4,16,R5
2025-12-29 05:00:00,3,-1,35.95208925049756,127.0226617199912,1,182.78453745813977,1.5439807884346897,0.11238377290891956,30684.399999999998,0,2.2583197e-05,5,14,R5
2025-12-29 05:00:00,-2,-3,35.93399625248779,126.96717354857519,1,194.47082465570384,1.6728647305867395,0.4516989672434813,37382.2,0,2.211075e-05,6,14,R5
2025-12-29 05:00:00,1,0,35.96113574950244,127.0004664514248,1,193.49171421960315,1.482349405020077,0.13274660555104,21917.5,0,2.0316946e-05,7,13,R5
2025-12-29 05:00:00,-12,-5,35.91590325447802,126.85619720574316,1,221.10899699549546,2.169157442594913,0.17992505987593196,34016.19999999999,0,1.9553268e-05,8,12,R5
2025-12-29 05:00:00,0,0,35.96113574950244,126.9893688171416,1,195.95162027280085,1.4798754532082294,0.0773242322423603,11842.5,0,1.6554357e-05,9,10,R5
2025-12-29 05:00:00,-5,-2,35.94304275149267,126.93388064572558,1,203.83705238341253,1.6487863886036163,0.3409945527487762,22235.3,0,1.5319347e-05,10,10,R5
2025-12-29 12:00:00,2,0,35.96113574950244,127.011564085708,1,203.58431352770228,3.657530365531163,0.09758720295277352,21490.0,0,0.0005035464,1,100,R5
2025-12-29 12:00:00,9,1,35.97018224850733,127.08924752569042,1,211.20687261897922,2.93041643032439,0.6315006552607013,148753.2,0,0.00013687414,2,27,R5
2025-12-29 12:00:00,0,-1,35.95208925049756,126.9893688171416,1,202.25323035407152,3.834154940505927,0.06542344894994578,7282.5,1,0.00010993841,3,22,R5
2025-12-29 12:00:00,-1,-1,35.95208925049756,126.97827118285839,1,202.57832485963507,3.7949701848864645,0.016771737508909385,1821.3000000000002,0,0.000108394284,4,22,R5
2025-12-29 12:00:00,1,0,35.96113574950244,127.0004664514248,1,203.1321043155929,3.710053780573491,0.07690430131102226,12697.5,0,5.517482e-05,5,11,R5
2025-12-29 12:00:00,-3,-4,35.9249497534829,126.95607591429199,1,204.6008196918953,3.6994137608751587,0.33343365317659823,33901.79999999999,0,5.101855e-05,6,10,R5
2025-12-29 12:00:00,3,-1,35.95208925049756,127.0226617199912,1,203.74677824256742,3.681919505269384,0.10068112820351292,27489.2,0,5.0353992e-05,7,10,R5
2025-12-29 12:00:00,-12,-5,35.91590325447802,126.85619720574316,1,216.5859155275966,3.560411166244329,0.2903221028935097,54887.59999999999,0,4.3719483e-05,8,9,R5
2025-12-29 12:00:00,0,0,35.96113574950244,126.9893688171416,1,203.04615566251806,3.7184715618803414,0.06403758835889152,9807.6,0,3.6887286e-05,9,7,R5
2025-12-29 12:00:00,2,1,35.97018224850733,127.011564085708,1,204.51218555615228,3.4940384515996787,0.06848560855529498,13745.0,0,3.398923e-05,10,7,R5
2025-12-29 20:00:00,0,0,35.96113574950244,126.9893688171416,1,298.6936078725812,2.5711344384674146,0.022647169054897758,3468.5,0,0.0002145396,1,100,R5
2025-12-29 20:00:00,-3,-4,35.9249497534829,126.95607591429199,1,296.27625601755784,2.605976795930745,0.02461081801980432,2502.3,0,0.00019884556,2,93,R5
2025-12-29 20:00:00,-1,-1,35.95208925049756,126.97827118285839,1,299.6043617676619,2.6314630391369636,0.032071009840377036,3482.7,0,0.00019150549,3,89,R5
2025-12-29 20:00:00,-2,-3,35.93399625248779,126.96717354857519,1,299.0241556900536,2.6402930555252357,0.014257042427962606,1179.9,0,0.00017155614,4,80,R5
2025-12-29 20:00:00,0,-1,35.95208925049756,126.9893688171416,1,300.26791893257933,2.655030777981254,0.0076810228427330795,855.0,0,0.000162908,5,76,R5
2025-12-29 20:00:00,2,0,35.96113574950244,127.011564085708,1,297.8668635618592,2.513579290415337,0.00938272120712055,2066.2,0,0.0001449634,6,68,R5
2025-12-29 20:00:00,-3,-2,35.94304275149267,126.95607591429199,1,296.80301206225715,2.572840561807631,0.045555643742720725,2468.1000000000004,0,0.00013197627,7,62,R5
2025-12-29 20:00:00,1,0,35.96113574950244,127.0004664514248,1,298.6201519732912,2.559430657861368,0.0095452789026321,1576.0,0,9.7740056e-05,8,46,R5
2025-12-29 20:00:00,-4,-3,35.93399625248779,126.94497828000878,1,294.3119343541729,2.555613787014381,0.0554137175981029,3049.5,0,9.620854e-05,9,45,R5
2025-12-29 20:00:00,-3,-3,35.93399625248779,126.95607591429199,1,296.887986058854,2.5965521057561123,0.04289268695506073,2399.7000000000003,0,9.18961e-05,10,43,R5
2026-01-06 08:00:00,0,0,35.96113574950244,126.9893688171416,1,125.68449028929825,0.09912568789168685,,,1,0.004136124,1,100,R5
2026-01-06 08:00:00,-2,-3,35.93399625248779,126.96717354857519,1,132.14669235384156,0.10217763259055572,,,0,0.0015419428,2,37,R5
2026-01-06 08:00:00,1,0,35.96113574950244,127.0004664514248,1,124.83370315606783,0.10443203881539913,,,1,0.0011420624,3,28,R5
2026-01-06 08:00:00,0,-1,35.95208925049756,126.9893688171416,1,126.74376135852293,0.043450015831685,,,0,0.0011132847,4,27,R5
2026-01-06 08:00:00,9,1,35.97018224850733,127.08924752569042,1,118.60348930082256,0.5039894423176432,,,0,0.00059704337,5,14,R5
2026-01-06 08:00:00,1,-1,35.95208925049756,127.0004664514248,1,125.59966231140231,0.05048814980317622,,,0,0.0005423824,6,13,R5
2026-01-06 08:00:00,2,0,35.96113574950244,127.011564085708,1,123.91179353803233,0.13427603755099654,,,0,0.00041332666,7,10,R5
2026-01-06 08:00:00,6,-3,35.93399625248779,127.05595462284082,1,119.34607846960819,0.47483778856891024,,,0,0.00029554628,8,7,R5
2026-01-06 08:00:00,-2,-2,35.94304275149267,126.96717354857519,1,130.4396761301415,0.09722056511781264,,,0,0.00028759072,9,7,R5
2026-01-06 08:00:00,-1,0,35.96113574950244,126.97827118285839,1,126.41468040111477,0.11953393672553822,,,0,0.00025325108,10,6,R5
2026-01-08 22:00:00,0,0,35.96113574950244,126.9893688171416,1,114.03504385584671,0.13039121216323984,,,0,0.019740496,1,100,R5
2026-01-08 22:00:00,-2,-3,35.93399625248779,126.96717354857519,1,114.59914296820091,0.1379069853909307,,,0,0.011017577,2,56,R5
2026-01-08 22:00:00,1,0,35.96113574950244,127.0004664514248,1,115.2231504852175,0.1330751502418444,,,1,0.0058005317,3,29,R5
2026-01-08 22:00:00,0,-1,35.95208925049756,126.9893688171416,1,115.04932787869325,0.056264398912744554,,,0,0.0043647233,4,22,R5
2026-01-08 22:00:00,1,-1,35.95208925049756,127.0004664514248,1,116.18128723608169,0.06325667084543611,,,0,0.0026594445,5,13,R5
2026-01-08 22:00:00,9,1,35.97018224850733,127.08924752569042,1,123.2307167971822,0.5250097571403147,,,0,0.0012768827,6,6,R5
2026-01-08 22:00:00,2,0,35.96113574950244,127.011564085708,1,116.45422888114797,0.16567200132555146,,,0,0.0010725799,7,5,R5
2026-01-08 22:00:00,-12,-5,35.91590325447802,126.85619720574316,1,122.23523038416181,1.55051719178957,0.32396528888550363,61248.099999999984,0,0.00088387186,8,4,R5
2026-01-08 22:00:00,-2,-2,35.94304275149267,126.96717354857519,1,114.01369294629495,0.13240138044607352,,,0,0.0008528283,9,4,R5
2026-01-08 22:00:00,-1,0,35.96113574950244,126.97827118285839,1,112.91275316638178,0.16214477187261384,,,0,0.00083545764,10,4,R5
2026-01-29 09:00:00,0,0,35.96113574950244,126.9893688171416,1,121.63088044870352,0.9690701678945587,,,0,0.0019758616,1,100,R5
2026-01-29 09:00:00,1,0,35.96113574950244,127.0004664514248,1,121.45230880610507,0.9696663165405626,,,0,0.0015197564,2,77,R5
2026-01-29 09:00:00,9,1,35.97018224850733,127.08924752569042,1,96.46819467849377,0.8917290656117294,,,0,0.0011521913,3,58,R5
2026-01-29 09:00:00,6,-3,35.93399625248779,127.05595462284082,1,114.77999461133913,0.957460208938671,,,0,0.000869877,4,44,R5
2026-01-29 09:00:00,-2,-3,35.93399625248779,126.96717354857519,1,121.9630414817089,0.9861190353085699,,,1,0.0007382767,5,37,R5
2026-01-29 09:00:00,1,-1,35.95208925049756,127.0004664514248,1,122.87870029789644,0.9886622344341313,,,0,0.00042932932,6,22,R5
2026-01-29 09:00:00,-12,-5,35.91590325447802,126.85619720574316,1,111.62591642213317,1.1063327813040538,0.30827165900762515,58281.09999999999,0,0.00037856807,7,19,R5
2026-01-29 09:00:00,2,0,35.96113574950244,127.011564085708,1,120.59630659692482,0.9636601864627838,,,0,0.0002965677,8,15,R5
2026-01-29 09:00:00,0,-1,35.95208925049756,126.9893688171416,1,123.02985333996503,0.9895903613564623,,,0,0.00029137955,9,15,R5
2026-01-29 09:00:00,-2,-2,35.94304275149267,126.96717354857519,1,121.99517044034809,0.9809454255759564,,,0,0.00019949178,10,10,R5
2026-02-12 09:00:00,0,0,35.96113574950244,126.9893688171416,1,43.05077760094531,0.22274189407606867,,,0,0.004072635,1,100,R5
2026-02-12 09:00:00,-2,-3,35.93399625248779,126.96717354857519,1,68.62862572210156,0.21977755794763032,,,0,0.0023859637,2,59,R5
2026-02-12 09:00:00,1,0,35.96113574950244,127.0004664514248,1,45.17302242766567,0.23227304924303044,,,1,0.0018917025,3,46,R5
2026-02-12 09:00:00,9,1,35.97018224850733,127.08924752569042,1,115.2130752653805,0.8325739693055476,,,0,0.0005323814,4,13,R5
2026-02-12 09:00:00,2,0,35.96113574950244,127.011564085708,1,63.88228142417182,0.27380011123883086,,,0,0.0004674544,5,11,R5
2026-02-12 09:00:00,1,-1,35.95208925049756,127.0004664514248,1,16.83330106454514,0.16151072042056286,,,0,0.0004087645,6,10,R5
2026-02-12 09:00:00,-2,-2,35.94304275149267,126.96717354857519,1,57.095199854226166,0.21351884072295776,,,0,0.00039991588,7,10,R5
2026-02-12 09:00:00,-4,4,35.99732174552198,126.94497828000878,1,131.31608098476534,0.423760571324246,,,0,0.00038203024,8,9,R5
2026-02-12 09:00:00,0,-1,35.95208925049756,126.9893688171416,1,13.647160442856602,0.15219368839232159,,,0,0.00037964806,9,9,R5
2026-02-12 09:00:00,-1,0,35.96113574950244,126.97827118285839,1,61.92862307169548,0.24475826208907434,,,0,0.0003276762,10,8,R5
2026-02-12 22:00:00,0,0,35.96113574950244,126.9893688171416,0,160.0132903744759,0.11973176947926861,,,0,0.02084512,1,100,R5
2026-02-12 22:00:00,1,0,35.96113574950244,127.0004664514248,0,158.59423488311222,0.1250599304114999,,,1,0.012462025,2,60,R5
2026-02-12 22:00:00,-2,-3,35.93399625248779,126.96717354857519,0,161.09051146242882,0.1319813225405746,,,0,0.004877616,3,23,R5
2026-02-12 22:00:00,2,0,35.96113574950244,127.011564085708,0,157.24749578115143,0.1596804311162388,,,0,0.001356361,4,7,R5
2026-02-12 22:00:00,0,-1,35.95208925049756,126.9893688171416,0,159.34621502184018,0.05274081787971308,,,0,0.00087970315,5,4,R5
2026-02-12 22:00:00,1,-1,35.95208925049756,127.0004664514248,0,157.88955063931917,0.060610924898902456,,,0,0.00084005884,6,4,R5
2026-02-12 22:00:00,9,1,35.97018224850733,127.08924752569042,0,151.2296438675594,0.5757694291657293,,,0,0.00071403716,7,3,R5
2026-02-12 22:00:00,-2,-2,35.94304275149267,126.96717354857519,0,161.81008210431128,0.1234569406851779,,,0,0.0004958533,8,2,R5
2026-02-12 22:00:00,0,1,35.97018224850733,126.9893688171416,0,160.64042167431978,0.19064109519552921,,,0,0.00044161128,9,2,R5
2026-02-12 22:00:00,-1,0,35.96113574950244,126.97827118285839,0,161.50241162816906,0.145949545962032,,,0,0.00037076665,10,2,R5
2026-02-23 00:00:00,0,0,35.96113574950244,126.9893688171416,1,70.26860635333503,0.7766499986365584,,,0,0.0039420105,1,100,R5
2026-02-23 00:00:00,1,0,35.96113574950244,127.0004664514248,1,69.9699439635292,0.7747153731380239,,,0,0.0030378492,2,77,R5
2026-02-23 00:00:00,-2,-3,35.93399625248779,126.96717354857519,1,70.60779793531441,0.7911385787999983,,,1,0.0026379202,3,67,R5
2026-02-23 00:00:00,1,-1,35.95208925049756,127.0004664514248,1,72.6217680110359,0.7911875120104738,,,0,0.00042158063,4,11,R5
2026-02-23 00:00:00,0,-1,35.95208925049756,126.9893688171416,1,72.93835475413732,0.7924699675786083,,,0,0.00040484837,5,10,R5
2026-02-23 00:00:00,2,0,35.96113574950244,127.011564085708,1,68.3477071450111,0.7667971281254661,,,0,0.000355229,6,9,R5
2026-02-23 00:00:00,-2,-2,35.94304275149267,126.96717354857519,1,70.72529966968858,0.7881094954171883,,,0,0.00032389667,7,8,R5
2026-02-23 00:00:00,-1,0,35.96113574950244,126.97827118285839,1,69.26043141171505,0.7727124268775674,,,0,0.00024549998,8,6,R5
2026-02-23 00:00:00,0,1,35.97018224850733,126.9893688171416,1,66.64841057682565,0.7505000420305037,,,0,0.00020136185,9,5,R5
2026-02-23 00:00:00,9,1,35.97018224850733,127.08924752569042,1,31.196718259001955,0.645653276470443,,,0,0.0001559954,10,4,R5
2026-02-23 09:00:00,-2,-3,35.93399625248779,126.96717354857519,1,75.35698100808537,1.437611561532182,0.3930045155155143,32524.7,1,0.004258343,1,100,R5
2026-02-23 09:00:00,0,0,35.96113574950244,126.9893688171416,1,75.11515896639264,1.3931102842160572,0.28750902687363944,44033.1,0,0.0028808825,2,68,R5
2026-02-23 09:00:00,1,0,35.96113574950244,127.0004664514248,1,75.17686785543043,1.3881087524248692,0.20362211839779829,33619.6,0,0.0017406982,3,41,R5
2026-02-23 09:00:00,9,1,35.97018224850733,127.08924752569042,1,84.14706154700616,0.9195448245496163,,,0,0.0012370328,4,29,R5
2026-02-23 09:00:00,0,-1,35.95208925049756,126.9893688171416,1,74.43787714664842,1.4610594500319818,0.2720411666889761,30281.8,0,0.0008042005,5,19,R5
2026-02-23 09:00:00,1,-1,35.95208925049756,127.0004664514248,1,74.52504434453954,1.4550738138514165,0.26510867955331235,39557.899999999994,0,0.00075326185,6,18,R5
2026-02-23 09:00:00,-2,-2,35.94304275149267,126.96717354857519,1,75.23774727638408,1.427308050120669,0.2859358385414259,20409.9,0,0.00070259295,7,16,R5
2026-02-23 09:00:00,3,-1,35.95208925049756,127.0226617199912,1,75.91836448844509,1.36857820291604,0.4040349804766689,110314.6,0,0.00023543177,8,6,R5
2026-02-23 09:00:00,-4,4,35.99732174552198,126.94497828000878,1,77.81135263996816,0.7454445731700583,,,0,0.0002120264,9,5,R5
2026-02-23 09:00:00,6,-3,35.93399625248779,127.05595462284082,1,82.47230103977938,1.2319210646522638,0.2645939366511239,67703.0,0,0.0002032047,10,5,R5
2026-02-28 04:00:00,-2,-3,35.93399625248779,126.96717354857519,1,39.082760097874825,1.0647442534221188,0.017356399477519692,1436.4,0,0.0008393551,1,100,R5
2026-02-28 04:00:00,0,0,35.96113574950244,126.9893688171416,1,39.14531792104958,1.0472446941328402,0.352179965498734,53937.7,1,0.00038803744,2,46,R5
2026-02-28 04:00:00,1,0,35.96113574950244,127.0004664514248,1,39.376750328823675,1.0436710054292873,0.14854779725730707,24526.4,0,0.00026759837,3,32,R5
2026-02-28 04:00:00,-2,-2,35.94304275149267,126.96717354857519,1,38.968682653739165,1.0621713983509238,0.03761174458141226,2684.7000000000003,0,0.00014827972,4,18,R5
2026-02-28 04:00:00,0,-1,35.95208925049756,126.9893688171416,1,38.56324434209506,1.080510908959126,0.2616138412929992,29121.100000000002,0,0.00014797687,5,18,R5
2026-02-28 04:00:00,0,1,35.97018224850733,126.9893688171416,1,39.77241945399953,0.9992066611674972,,,0,0.000111675676,6,13,R5
2026-02-28 04:00:00,1,-1,35.95208925049756,127.0004664514248,1,38.72127083122808,1.0774387080955534,0.2032933929077653,30334.199999999997,0,0.000108936394,7,13,R5
2026-02-28 04:00:00,-1,-1,35.95208925049756,126.97827118285839,1,38.747808609953154,1.0692565656533455,0.2692640620884879,29240.300000000003,0,0.00010378237,8,12,R5
2026-02-28 04:00:00,9,1,35.97018224850733,127.08924752569042,1,63.81570709104017,0.7917691685847728,,,0,9.570264e-05,9,11,R5
2026-02-28 04:00:00,6,-3,35.93399625248779,127.05595462284082,1,55.09302373604925,1.0013826662018626,0.34690245357989113,88763.70000000001,0,5.996587e-05,10,7,R5
2026-02-28 08:00:00,0,0,35.96113574950244,126.9893688171416,1,27.777330643461596,0.683881081424465,,,0,0.009376981,1,100,R5
2026-02-28 08:00:00,1,0,35.96113574950244,127.0004664514248,1,27.968787352262325,0.6802419658156579,,,0,0.0021806576,2,23,R5
2026-02-28 08:00:00,-2,-3,35.93399625248779,126.96717354857519,1,28.328494259890192,0.7055732224821549,,,1,0.0013077902,3,14,R5
2026-02-28 08:00:00,1,-1,35.95208925049756,127.0004664514248,1,27.829221769895355,0.6939632177317107,,,0,0.0003898309,4,4,R5
2026-02-28 08:00:00,0,-1,35.95208925049756,126.9893688171416,1,27.723846172719107,0.6958856125524344,,,0,0.00035760435,5,4,R5
2026-02-28 08:00:00,2,0,35.96113574950244,127.011564085708,1,28.32190703779935,0.6711893402237893,,,0,0.0003238717,6,3,R5
2026-02-28 08:00:00,9,1,35.97018224850733,127.08924752569042,1,37.388010805896386,0.5082976713889767,,,0,0.00027503783,7,3,R5
2026-02-28 08:00:00,-2,-2,35.94304275149267,126.96717354857519,1,27.98955711282889,0.7011601277880637,,,0,0.0002556031,8,3,R5
2026-02-28 08:00:00,-1,0,35.96113574950244,126.97827118285839,1,27.6087377902694,0.6837953778938242,,,0,0.0002259661,9,2,R5
2026-02-28 08:00:00,-12,-5,35.91590325447802,126.85619720574316,1,23.70368452890716,0.9535483769961115,,,0,0.00021377108,10,2,R5
2026-03-01 22:00:00,-2,-3,35.93399625248779,126.96717354857519,1,54.702334915741574,4.698714821919461,0.23146578442733187,19155.9,1,0.0025002165,1,100,R5
2026-03-01 22:00:00,0,0,35.96113574950244,126.9893688171416,1,54.56061774346381,4.578485216858657,0.23346923158289248,35756.7,0,0.0010287175,2,41,R5
2026-03-01 22:00:00,1,0,35.96113574950244,127.0004664514248,1,54.62723468834872,4.560847810442469,0.1629505086979537,26904.399999999998,0,0.00073033717,3,29,R5
2026-03-01 22:00:00,-2,-2,35.94304275149267,126.96717354857519,1,54.60007037973105,4.674983037465998,0.025793192143940886,1841.1,0,0.0003327236,4,13,R5
2026-03-01 22:00:00,0,-1,35.95208925049756,126.9893688171416,1,54.01893706784807,4.781367631802674,0.18464639894783466,20553.600000000002,0,0.00032226063,5,13,R5
2026-03-01 22:00:00,0,1,35.97018224850733,126.9893688171416,1,55.18064804801867,4.287019593294044,0.18611401781113374,29435.700000000004,0,0.0002462564,6,10,R5
2026-03-01 22:00:00,-1,-1,35.95208925049756,126.97827118285839,1,54.26802862446533,4.7122564399009494,0.25976808903671866,28209.100000000002,0,0.00024313369,7,10,R5
2026-03-01 22:00:00,1,-1,35.95208925049756,127.0004664514248,1,54.095188510722664,4.762659189702833,0.2116250563787958,31577.399999999998,0,0.00023246613,8,9,R5
2026-03-01 22:00:00,-6,4,35.99732174552198,126.92278301144238,1,59.923640190974595,2.49734034247249,0.405905821016936,75146.40000000001,0,0.00020095457,9,8,R5
2026-03-01 22:00:00,9,1,35.97018224850733,127.08924752569042,1,62.48882808462736,3.109555272493465,0.04490244533020088,10577.0,0,0.00017706193,10,7,R5
2026-03-10 06:00:00,0,0,35.96113574950244,126.9893688171416,1,62.98140485510373,0.8214108733821975,,,1,0.001953105,1,100,R5
2026-03-10 06:00:00,1,0,35.96113574950244,127.0004664514248,1,63.46557956392439,0.8224331942085259,,,0,0.0017194715,2,88,R5
2026-03-10 06:00:00,-2,-3,35.93399625248779,126.96717354857519,1,63.768091185123126,0.8474698806395898,,,0,0.0011547367,3,59,R5
2026-03-10 06:00:00,0,-1,35.95208925049756,126.9893688171416,1,58.869460069193224,0.8134361652461342,,,0,0.00030285507,4,16,R5
2026-03-10 06:00:00,1,-1,35.95208925049756,127.0004664514248,1,59.39542803392476,0.8155627876906544,,,0,0.0003016186,5,15,R5
2026-03-10 06:00:00,3,-1,35.95208925049756,127.0226617199912,1,67.61016503036973,0.8463474234819172,,,0,0.00023244758,6,12,R5
2026-03-10 06:00:00,2,0,35.96113574950244,127.011564085708,1,66.06698565509191,0.8285937449526288,,,0,0.00022940508,7,12,R5
2026-03-10 06:00:00,-4,4,35.99732174552198,126.94497828000878,1,85.17484486465065,0.6587813993727812,,,0,0.00020649827,8,11,R5
2026-03-10 06:00:00,0,1,35.97018224850733,126.9893688171416,1,68.01404261204755,0.8166597757953706,,,0,0.00019931333,9,10,R5
2026-03-10 06:00:00,9,1,35.97018224850733,127.08924752569042,1,111.23057858375358,0.871901754178751,,,0,0.00019528088,10,10,R5
2026-03-10 08:00:00,0,0,35.96113574950244,126.9893688171416,0,80.51105208905147,0.7161027003955251,,,1,0.008729985,1,100,R5
2026-03-10 08:00:00,1,0,35.96113574950244,127.0004664514248,0,80.77363023848,0.7156217295482756,,,0,0.0031928027,2,37,R5
2026-03-10 08:00:00,-2,-3,35.93399625248779,126.96717354857519,0,81.08676678056088,0.7386993260634851,,,0,0.0020351873,3,23,R5
2026-03-10 08:00:00,1,-1,35.95208925049756,127.0004664514248,0,77.59796161496956,0.7112367530091656,,,0,0.00040737912,4,5,R5
2026-03-10 08:00:00,0,-1,35.95208925049756,126.9893688171416,0,77.21976955541771,0.7102445343984837,,,0,0.000399694,5,5,R5
2026-03-10 08:00:00,2,0,35.96113574950244,127.011564085708,0,82.54062834190552,0.7184227537126869,,,0,0.00038744998,6,4,R5
2026-03-10 08:00:00,3,-1,35.95208925049756,127.0226617199912,0,83.45225937123871,0.7302329846416782,,,0,0.00038213053,7,4,R5
2026-03-10 08:00:00,-11,-5,35.91590325447802,126.86729484002636,0,126.44572503919358,1.3247333014277713,0.24973637283438518,42084.2,0,0.00034591826,8,4,R5
2026-03-10 08:00:00,0,1,35.97018224850733,126.9893688171416,0,84.22867446527721,0.7113736398244255,,,0,0.00032948513,9,4,R5
2026-03-10 08:00:00,9,1,35.97018224850733,127.08924752569042,0,108.28858659098421,0.7170860985550251,,,0,0.00026249417,10,3,R5
2026-03-12 08:00:00,0,0,35.96113574950244,126.9893688171416,1,109.79776060568497,1.36697610648285,0.3612042273844985,55319.799999999996,0,0.0024925394,1,100,R5
2026-03-12 08:00:00,-2,-3,35.93399625248779,126.96717354857519,1,109.9483780278772,1.4085792415618834,0.5002954357889343,41404.0,0,0.0011575712,2,46,R5
2026-03-12 08:00:00,1,0,35.96113574950244,127.0004664514248,1,109.87189503961707,1.361101592573628,0.4190710553953235,69191.9,0,0.0011069266,3,44,R5
2026-03-12 08:00:00,9,1,35.97018224850733,127.08924752569042,1,118.49420027089059,0.8097120299235,,,1,0.0010758511,4,43,R5
2026-03-12 08:00:00,-11,-5,35.91590325447802,126.86729484002636,1,135.29624679989348,0.9060790882879457,,,0,0.00041705367,5,17,R5
2026-03-12 08:00:00,1,-1,35.95208925049756,127.0004664514248,1,109.30528274161168,1.4425357160229526,0.4224170804462587,63030.5,0,0.00030289413,6,12,R5
2026-03-12 08:00:00,3,-1,35.95208925049756,127.0226617199912,1,110.46447319440097,1.3346031954097388,0.5662022405407712,154591.5,0,0.00027799662,7,11,R5
2026-03-12 08:00:00,0,1,35.97018224850733,126.9893688171416,1,110.46434514082875,1.2514505865737702,0.40817402685263926,64556.6,0,0.00024850707,8,10,R5
2026-03-12 08:00:00,2,0,35.96113574950244,127.011564085708,1,110.24117675572745,1.323029347146696,0.4747665104696219,104549.9,0,0.00022376799,9,9,R5
2026-03-12 08:00:00,6,-3,35.93399625248779,127.05595462284082,1,115.21127216518283,1.1636588250922746,0.230698883947676,59030.1,0,0.00019471835,10,8,R5
2026-03-14 07:00:00,0,0,35.96113574950244,126.9893688171416,1,14.4494626351605,0.2504864578947427,,,1,0.0032548427,1,100,R5
2026-03-14 07:00:00,1,0,35.96113574950244,127.0004664514248,1,16.175167843539953,0.2551780635729446,,,0,0.0023864836,2,73,R5
2026-03-14 07:00:00,-2,-3,35.93399625248779,126.96717354857519,1,13.516490970196173,0.2524402589583462,,,0,0.0014257104,3,44,R5
2026-03-14 07:00:00,9,1,35.97018224850733,127.08924752569042,1,125.34624663356931,0.5191003292865478,,,0,0.00040845035,4,13,R5
2026-03-14 07:00:00,2,0,35.96113574950244,127.011564085708,1,24.744300773740576,0.27344551788535326,,,0,0.00036030868,5,11,R5
2026-03-14 07:00:00,-4,4,35.99732174552198,126.94497828000878,1,111.50575220956483,0.2784486421447536,,,0,0.00035183458,6,11,R5
2026-03-14 07:00:00,1,-1,35.95208925049756,127.0004664514248,1,6.245132594001859,0.22739201546188967,,,0,0.00033045025,7,10,R5
2026-03-14 07:00:00,0,-1,35.95208925049756,126.9893688171416,1,5.018964419099973,0.22277727285276974,,,0,0.0003211076,8,10,R5
2026-03-14 07:00:00,-2,-2,35.94304275149267,126.96717354857519,1,12.713814414262401,0.2488508807231324,,,0,0.00024063121,9,7,R5
2026-03-14 07:00:00,3,-1,35.95208925049756,127.0226617199912,1,31.10928536154927,0.2870349998909361,,,0,0.0002177363,10,7,R5
2026-03-15 07:00:00,0,0,35.96113574950244,126.9893688171416,1,30.13009863556738,0.15096798637649045,,,1,0.0067159072,1,100,R5
2026-03-15 07:00:00,1,0,35.96113574950244,127.0004664514248,1,31.83346921845481,0.15165271682635625,,,0,0.0020800235,2,31,R5
2026-03-15 07:00:00,-2,-3,35.93399625248779,126.96717354857519,1,31.848934743738027,0.1593799144831955,,,0,0.00149547,3,22,R5
2026-03-15 07:00:00,9,1,35.97018224850733,127.08924752569042,1,121.50091825684535,0.2875386920766805,,,0,0.00044590037,4,7,R5
2026-03-15 07:00:00,1,-1,35.95208925049756,127.0004664514248,1,11.15642632631807,0.1253200143037507,,,0,0.00032792994,5,5,R5
2026-03-15 07:00:00,0,-1,35.95208925049756,126.9893688171416,1,9.367841716744124,0.12270005168098065,,,0,0.0003171812,6,5,R5
2026-03-15 07:00:00,2,0,35.96113574950244,127.011564085708,1,46.05626775358479,0.16380744914961148,,,0,0.00029823644,7,4,R5
2026-03-15 07:00:00,-2,-2,35.94304275149267,126.96717354857519,1,29.632004180194713,0.15573234248218495,,,0,0.00022644603,8,3,R5
2026-03-15 07:00:00,3,-1,35.95208925049756,127.0226617199912,1,50.91745791318954,0.16938012179580322,,,0,0.00022450491,9,3,R5
2026-03-15 07:00:00,-1,0,35.96113574950244,126.97827118285839,1,42.06483622574473,0.16377263010028104,,,0,0.00018455296,10,3,R5
2026-03-15 08:00:00,0,0,35.96113574950244,126.9893688171416,0,2.4348969196652206,0.11603331147106825,,,1,0.004518222,1,100,R5
2026-03-15 08:00:00,1,0,35.96113574950244,127.0004664514248,0,2.5356543121815207,0.11521179332819766,,,0,0.001432308,2,32,R5
2026-03-15 08:00:00,-2,-3,35.93399625248779,126.96717354857519,0,3.583563010948126,0.12318380350405342,,,0,0.0011457392,3,25,R5
2026-03-15 08:00:00,9,1,35.97018224850733,127.08924752569042,0,163.4015329470002,0.12025990936951214,,,0,0.00034070548,4,8,R5
2026-03-15 08:00:00,2,0,35.96113574950244,127.011564085708,0,3.621013078220585,0.11749103869730387,,,0,0.0002779795,5,6,R5
2026-03-15 08:00:00,1,-1,35.95208925049756,127.0004664514248,0,1.0166146344859044,0.10768400518610047,,,0,0.0002577842,6,6,R5
2026-03-15 08:00:00,0,-1,35.95208925049756,126.9893688171416,0,0.8862114397174992,0.10732840869351236,,,0,0.00024757624,7,5,R5
2026-03-15 08:00:00,3,-1,35.95208925049756,127.0226617199912,0,4.113989546900086,0.11826401344315439,,,0,0.00020775983,8,5,R5
2026-03-15 08:00:00,-2,-2,35.94304275149267,126.96717354857519,0,2.97110207742935,0.1209241163620513,,,0,0.00017243157,9,4,R5
2026-03-15 08:00:00,0,1,35.97018224850733,126.9893688171416,0,5.512696342861602,0.12445818241182569,,,0,0.00017155253,10,4,R5
2026-03-17 08:00:00,0,0,35.96113574950244,126.9893688171416,1,46.36455270538909,0.03972444419265676,,,1,0.0065083653,1,100,R5
2026-03-17 08:00:00,-2,-3,35.93399625248779,126.96717354857519,1,89.50611157834658,0.03709353632934479,,,0,0.0050853738,2,78,R5
2026-03-17 08:00:00,1,0,35.96113574950244,127.0004664514248,1,59.957318117649834,0.041489193581511326,,,0,0.003499265,3,54,R5
2026-03-17 08:00:00,3,-1,35.95208925049756,127.0226617199912,1,76.06313912494272,0.05645536018416069,,,0,0.0014629243,4,22,R5
2026-03-17 08:00:00,9,1,35.97018224850733,127.08924752569042,1,70.87214959738276,0.19828350178384013,,,0,0.0009686446,5,15,R5
2026-03-17 08:00:00,0,-1,35.95208925049756,126.9893688171416,1,69.22712497729776,0.0167144619075805,,,0,0.00078439765,6,12,R5
2026-03-17 08:00:00,1,-1,35.95208925049756,127.0004664514248,1,72.84144085558972,0.019241881284657706,,,0,0.00074618676,7,11,R5
2026-03-17 08:00:00,2,0,35.96113574950244,127.011564085708,1,65.26390155573807,0.052956360606360546,,,0,0.00067290524,8,10,R5
2026-03-17 08:00:00,-2,-2,35.94304275149267,126.96717354857519,1,78.05279459928761,0.03677529880615056,,,0,0.00044836625,9,7,R5
2026-03-17 08:00:00,3,-2,35.94304275149267,127.0226617199912,1,80.89739837881427,0.04807739650259098,,,0,0.00040992777,10,6,R5
2026-03-17 10:00:00,0,0,35.96113574950244,126.9893688171416,0,232.25924502286887,0.9213180022650688,,,0,0.00085908425,1,100,R5
2026-03-17 10:00:00,1,0,35.96113574950244,127.0004664514248,0,232.97923212236708,0.9241481555596243,,,0,0.00024100982,2,28,R5
2026-03-17 10:00:00,3,-1,35.95208925049756,127.0226617199912,0,235.22216703921248,0.9355681646753502,,,0,0.00015678415,3,18,R5
2026-03-17 10:00:00,-2,-3,35.93399625248779,126.96717354857519,0,231.07781869953192,0.9157889278366781,,,1,0.00014148427,4,16,R5
2026-03-17 10:00:00,2,0,35.96113574950244,127.011564085708,0,234.74253949249305,0.9331273215045368,,,0,0.00012497093,5,15,R5
2026-03-17 10:00:00,1,-1,35.95208925049756,127.0004664514248,0,230.9994121927708,0.9107282795328746,,,0,9.587306e-05,6,11,R5
2026-03-17 10:00:00,0,-1,35.95208925049756,126.9893688171416,0,230.61751316127626,0.9086599212313732,,,0,8.390647e-05,7,10,R5
2026-03-17 10:00:00,-6,4,35.99732174552198,126.92278301144238,0,197.24548269660818,0.9230590454581705,,,0,7.9520076e-05,8,9,R5
2026-03-17 10:00:00,9,1,35.97018224850733,127.08924752569042,0,269.1794046916553,1.068954997179464,0.24940449177283786,58748.49999999999,0,6.828432e-05,9,8,R5
2026-03-17 10:00:00,-2,-2,35.94304275149267,126.96717354857519,0,231.0536421662199,0.9159047236563974,,,0,6.0468312e-05,10,7,R5
2026-03-27 02:00:00,0,0,35.96113574950244,126.9893688171416,1,109.43406785228018,0.0975283975262515,,,0,0.0027173872,1,100,R5
2026-03-27 02:00:00,-2,-3,35.93399625248779,126.96717354857519,1,109.47688097248601,0.09744668791616039,,,0,0.0014931844,2,55,R5
2026-03-27 02:00:00,1,0,35.96113574950244,127.0004664514248,1,111.81503543861396,0.10194526410715694,,,1,0.000973741,3,36,R5
2026-03-27 02:00:00,0,-1,35.95208925049756,126.9893688171416,1,111.13305249588683,0.042142608863734644,,,0,0.00034175426,4,13,R5
2026-03-27 02:00:00,1,-1,35.95208925049756,127.0004664514248,1,113.44952368143754,0.04867070329606854,,,0,0.00029792514,5,11,R5
2026-03-27 02:00:00,9,1,35.97018224850733,127.08924752569042,1,124.30287497085851,0.47568905496647257,,,0,0.00024413322,6,9,R5
2026-03-27 02:00:00,-6,4,35.99732174552198,126.92278301144238,1,75.71832117171209,0.3800460516018495,,,0,0.00023906985,7,9,R5
2026-03-27 02:00:00,-2,-2,35.94304275149267,126.96717354857519,1,108.12836748143371,0.09402115953756271,,,0,0.00019878859,8,7,R5
2026-03-27 02:00:00,2,0,35.96113574950244,127.011564085708,1,114.11175377058157,0.1301350988632353,,,0,0.00019090249,9,7,R5
2026-03-27 02:00:00,-12,-5,35.91590325447802,126.85619720574316,1,102.21596998225004,0.852437409398827,,,0,0.00016821867,10,6,R5
2026-03-27 08:00:00,0,0,35.96113574950244,126.9893688171416,1,53.36446235204488,0.19815711632009392,,,1,0.0058944225,1,100,R5
2026-03-27 08:00:00,1,0,35.96113574950244,127.0004664514248,1,58.241512069135354,0.2057446818465975,,,0,0.005575348,2,95,R5
2026-03-27 08:00:00,-2,-3,35.93399625248779,126.96717354857519,1,60.88543675424495,0.19828651759281588,,,0,0.0024283174,3,41,R5
2026-03-27 08:00:00,3,-1,35.95208925049756,127.0226617199912,1,91.8932035450839,0.25592598656059445,,,0,0.00079247024,4,13,R5
2026-03-27 08:00:00,9,1,35.97018224850733,127.08924752569042,1,126.6307473874133,0.6735944617223827,,,0,0.0006167828,5,10,R5
2026-03-27 08:00:00,2,0,35.96113574950244,127.011564085708,1,79.38788695435414,0.23875633430350945,,,0,0.000546671,6,9,R5
2026-03-27 08:00:00,1,-1,35.95208925049756,127.0004664514248,1,21.350550571292047,0.15073552265118662,,,0,0.00042213275,7,7,R5
2026-03-27 08:00:00,-2,-2,35.94304275149267,126.96717354857519,1,54.5412577672185,0.19294710891814457,,,0,0.00038917863,8,7,R5
2026-03-27 08:00:00,-6,4,35.99732174552198,126.92278301144238,1,132.71267401734764,0.30267491709125727,,,0,0.00037255944,9,6,R5
2026-03-27 08:00:00,0,-1,35.95208925049756,126.9893688171416,1,16.876258649778492,0.14289202673833754,,,0,0.00035990833,10,6,R5
2026-03-30 01:00:00,-2,-3,35.93399625248779,126.96717354857519,1,48.28768168269983,1.5760420706349678,0.15940120180137288,13191.9,1,0.0012140741,1,100,R5
2026-03-30 01:00:00,0,0,35.96113574950244,126.9893688171416,1,48.15506243541563,1.5313926376429199,0.19137820935556285,29310.3,0,0.000561901,2,46,R5
2026-03-30 01:00:00,9,1,35.97018224850733,127.08924752569042,1,73.59333238499681,1.1880441937756376,0.044660463730142125,10520.0,0,0.00024762147,3,20,R5
2026-03-30 01:00:00,1,0,35.96113574950244,127.0004664514248,1,48.34437904377762,1.5275184005971933,0.18177941926426253,30013.2,0,0.00023940844,4,20,R5
2026-03-30 01:00:00,0,-1,35.95208925049756,126.9893688171416,1,46.06758466555158,1.5777413107252771,0.18209594001794938,20269.7,0,0.00019518992,5,16,R5
2026-03-30 01:00:00,-2,-2,35.94304275149267,126.96717354857519,1,48.086346061712504,1.5646482408298898,0.021960148110166392,1567.5,0,0.00019329891,6,16,R5
2026-03-30 01:00:00,-6,4,35.99732174552198,126.92278301144238,1,72.44608638473676,0.9256742901353159,,,0,0.00017732514,7,15,R5
2026-03-30 01:00:00,-11,-5,35.91590325447802,126.86729484002636,1,111.24391046888502,1.6444181710589973,0.3075842138213626,51832.399999999994,0,0.0001515319,8,12,R5
2026-03-30 01:00:00,1,-1,35.95208925049756,127.0004664514248,1,46.308131895080976,1.5742490251179846,0.1791542208869281,26732.3,0,0.00013427182,9,11,R5
2026-03-30 01:00:00,-12,-5,35.91590325447802,126.85619720574316,1,119.1600254390828,1.6443713731263627,0.30775911679826673,58184.19999999998,0,0.00013120806,10,11,R5
2026-04-05 22:00:00,0,0,35.96113574950244,126.9893688171416,1,128.51145385116547,0.5294530267634452,,,1,0.007821299,1,100,R5
2026-04-05 22:00:00,1,0,35.96113574950244,127.0004664514248,1,128.4713202984621,0.530706369785125,,,0,0.0047305017,2,60,R5
2026-04-05 22:00:00,-2,-3,35.93399625248779,126.96717354857519,1,130.30304885208818,0.5377372038554089,,,0,0.0035203844,3,45,R5
2026-04-05 22:00:00,9,1,35.97018224850733,127.08924752569042,1,124.58048857218455,0.6284202373863592,,,1,0.000777472,4,10,R5
2026-04-05 22:00:00,1,-1,35.95208925049756,127.0004664514248,1,128.49430850418707,0.515831917285582,,,0,0.00072077365,5,9,R5
2026-04-05 22:00:00,0,-1,35.95208925049756,126.9893688171416,1,128.45906766965697,0.5138381735939779,,,0,0.00067674345,6,9,R5
2026-04-05 22:00:00,2,0,35.96113574950244,127.011564085708,1,128.51141081445166,0.5389761326172151,,,0,0.0006496651,7,8,R5
2026-04-05 22:00:00,-2,-2,35.94304275149267,126.96717354857519,1,129.7172684593951,0.5339249002666535,,,0,0.0005576639,8,7,R5
2026-04-05 22:00:00,-6,4,35.99732174552198,126.92278301144238,1,81.82035309654174,0.5098888470196087,,,0,0.00041492408,9,5,R5
2026-04-05 22:00:00,-12,-5,35.91590325447802,126.85619720574316,1,166.34546062516415,0.8682881964252659,,,0,0.0004032473,10,5,R5
2026-04-08 07:00:00,0,0,35.96113574950244,126.9893688171416,1,82.30114876491257,0.9493980910381384,,,1,0.0042271917,1,100,R5
2026-04-08 07:00:00,1,0,35.96113574950244,127.0004664514248,1,82.45816760056306,0.9483043067897433,,,0,0.0027816854,2,66,R5
2026-04-08 07:00:00,-2,-3,35.93399625248779,126.96717354857519,1,82.71994496510871,0.9683778528718091,,,0,0.0020314336,3,48,R5
2026-04-08 07:00:00,9,1,35.97018224850733,127.08924752569042,1,91.77704732213994,0.7711823148521675,,,0,0.0016200884,4,38,R5
2026-04-08 07:00:00,3,-1,35.95208925049756,127.0226617199912,1,83.47986334510574,0.9486408227708333,,,0,0.0006747973,5,16,R5
2026-04-08 07:00:00,1,-1,35.95208925049756,127.0004664514248,1,82.03304040228164,0.9803469333534469,,,0,0.00039501023,6,9,R5
2026-04-08 07:00:00,0,-1,35.95208925049756,126.9893688171416,1,81.91816966148508,0.9821574778085573,,,0,0.00038800316,7,9,R5
2026-04-08 07:00:00,2,0,35.96113574950244,127.011564085708,1,82.90388576050952,0.9357127260428239,,,0,0.00038322256,8,9,R5
2026-04-08 07:00:00,-12,-5,35.91590325447802,126.85619720574316,1,119.33355249308374,0.6863691361607492,,,0,0.00029204084,9,7,R5
2026-04-08 07:00:00,-4,-3,35.93399625248779,126.94497828000878,1,85.16102864672865,0.9008392059920067,,,0,0.00029171037,10,7,R5
2026-04-08 08:00:00,0,0,35.96113574950244,126.9893688171416,0,83.78347383916207,1.3403598241936587,0.22525787802849162,34499.1,0,0.033187356,1,100,R5
2026-04-08 08:00:00,-2,-3,35.93399625248779,126.96717354857519,0,84.17221325670653,1.3639638742725622,0.3930045155155143,32524.7,0,0.00456007,2,14,R5
2026-04-08 08:00:00,1,0,35.96113574950244,127.0004664514248,0,83.78412028965931,1.3365522994414534,0.2354964453526726,38882.299999999996,0,0.004309265,3,13,R5
2026-04-08 08:00:00,-2,-2,35.94304275149267,126.96717354857519,0,84.03159866559429,1.359827267111908,0.3097326535844425,22108.5,0,0.001778421,4,5,R5
2026-04-08 08:00:00,9,1,35.97018224850733,127.08924752569042,0,89.65260967025972,1.0542970741016047,0.045628390130377144,10748.0,0,0.001242348,5,4,R5
2026-04-08 08:00:00,1,-1,35.95208925049756,127.0004664514248,0,83.10668789901706,1.3744790449175404,0.3797300385553893,56661.0,0,0.0012181764,6,4,R5
2026-04-08 08:00:00,3,-1,35.95208925049756,127.0226617199912,0,84.54513992999028,1.3243226174004583,0.4299436367052544,117388.50000000001,0,0.0011547751,7,3,R5
2026-04-08 08:00:00,0,-1,35.95208925049756,126.9893688171416,0,83.0272975885083,1.3781537687350391,0.5090631577718027,56665.5,0,0.0011082597,8,3,R5
2026-04-08 08:00:00,-6,4,35.99732174552198,126.92278301144238,0,92.8896555542841,0.931696738743963,,,0,0.0005931628,9,2,R5
2026-04-08 08:00:00,2,0,35.96113574950244,127.011564085708,0,84.13196588941992,1.3178222603861203,0.33925335118269423,74708.09999999999,0,0.00046034262,10,1,R5
2026-04-15 07:00:00,0,0,35.96113574950244,126.9893688171416,1,6.6908870218240395,0.2202193990489673,,,0,0.004310708,1,100,R5
2026-04-15 07:00:00,1,0,35.96113574950244,127.0004664514248,1,7.763337464539404,0.22237704616027973,,,0,0.0028686177,2,67,R5
2026-04-15 07:00:00,-2,-3,35.93399625248779,126.96717354857519,1,6.083677392882237,0.22334854653834807,,,1,0.0017669195,3,41,R5
2026-04-15 07:00:00,9,1,35.97018224850733,127.08924752569042,1,125.15100858014381,0.3326719101194211,,,0,0.0006605259,4,15,R5
2026-04-15 07:00:00,2,0,35.96113574950244,127.011564085708,1,11.897011364564719,0.23015864366094346,,,0,0.00046125767,5,11,R5
2026-04-15 07:00:00,3,-1,35.95208925049756,127.0226617199912,1,15.424936048144048,0.23969231284886572,,,0,0.000376328,6,9,R5
2026-04-15 07:00:00,-1,0,35.96113574950244,126.97827118285839,1,7.860127642663997,0.2231381154788751,,,0,0.00035727827,7,8,R5
2026-04-15 07:00:00,0,-1,35.95208925049756,126.9893688171416,1,2.565828896534299,0.20978034971000978,,,0,0.0003567729,8,8,R5
2026-04-15 07:00:00,-2,-2,35.94304275149267,126.96717354857519,1,5.645228800283746,0.22090398652250626,,,0,0.00032598086,9,8,R5
2026-04-15 07:00:00,-6,4,35.99732174552198,126.92278301144238,1,17.657909920678037,0.22538791191506996,,,0,0.0003225867,10,7,R5
2026-04-15 09:00:00,-2,-3,35.93399625248779,126.96717354857519,0,141.5375542754566,1.1616978968489717,0.21098827802622308,17461.2,0,0.0015097884,1,100,R5
2026-04-15 09:00:00,0,0,35.96113574950244,126.9893688171416,0,142.31141997120767,1.1562794841848025,0.30941837551533163,47388.6,0,0.001333415,2,88,R5
2026-04-15 09:00:00,9,1,35.97018224850733,127.08924752569042,0,203.87590624405416,1.035424503049552,0.634958869495927,149567.80000000002,1,0.001303034,3,86,R5
2026-04-15 09:00:00,1,0,35.96113574950244,127.0004664514248,0,142.52858188643188,1.1560881200523012,0.3470514415430404,57300.9,0,0.00063728803,4,42,R5
2026-04-15 09:00:00,3,-1,35.95208925049756,127.0226617199912,0,143.99513342730802,1.1472610069965532,0.295507894120952,80683.20000000001,0,0.00042158234,5,28,R5
2026-04-15 09:00:00,2,0,35.96113574950244,127.011564085708,0,143.90567610645815,1.146164072333623,0.38635768139344895,85081.09999999999,0,0.00031220829,6,21,R5
2026-04-15 09:00:00,-6,4,35.99732174552198,126.92278301144238,0,190.13894216946107,0.869279247522431,,,0,0.00020429787,7,14,R5
2026-04-15 09:00:00,-1,0,35.96113574950244,126.97827118285839,0,143.2495062246311,1.1447277004475613,0.2850261448815831,32792.6,0,0.00017988127,8,12,R5
2026-04-15 09:00:00,0,-1,35.95208925049756,126.9893688171416,0,139.95665797519325,1.1824537289602772,0.4176050840285932,46485.0,0,0.00017436431,9,12,R5
2026-04-15 09:00:00,1,-1,35.95208925049756,127.0004664514248,0,140.182860102458,1.1805387462786023,0.2773052644559254,41377.8,0,0.00016220706,10,11,R5
2026-04-16 02:00:00,-2,-3,35.93399625248779,126.96717354857519,1,102.93111656381996,0.7605376386159762,,,1,0.0030317307,1,100,R5
2026-04-16 02:00:00,0,0,35.96113574950244,126.9893688171416,1,102.82752580489336,0.7367102723572678,,,0,0.0021207572,2,70,R5
2026-04-16 02:00:00,1,0,35.96113574950244,127.0004664514248,1,102.86722637198869,0.7377174264949978,,,0,0.0016591987,3,55,R5
2026-04-16 02:00:00,9,1,35.97018224850733,127.08924752569042,1,109.06129488382254,0.8307017884945631,,,0,0.00112359,4,37,R5
2026-04-16 02:00:00,0,-1,35.95208925049756,126.9893688171416,1,101.68343402915002,0.7195857778066417,,,0,0.00036775856,5,12,R5
2026-04-16 02:00:00,1,-1,35.95208925049756,127.0004664514248,1,101.78856611338142,0.7223735707095675,,,0,0.00029917233,6,10,R5
2026-04-16 02:00:00,2,0,35.96113574950244,127.011564085708,1,103.37241237228613,0.7473033298793975,,,0,0.00023251178,7,8,R5
2026-04-16 02:00:00,-1,0,35.96113574950244,126.97827118285839,1,103.33171874467365,0.7452924789531793,,,0,0.00021940982,8,7,R5
2026-04-16 02:00:00,-12,-5,35.91590325447802,126.85619720574316,1,131.81452259132254,1.4790956028772029,0.381267402103909,72081.49999999999,0,0.00021438125,9,7,R5
2026-04-16 02:00:00,-2,-2,35.94304275149267,126.96717354857519,1,102.89510538698113,0.7520461474593558,,,0,0.00021063408,10,7,R5
2026-04-19 10:00:00,9,1,35.97018224850733,127.08924752569042,1,141.22366780328684,1.5063350325026053,0.0342229907142745,8061.400000000001,1,0.0013500807,1,100,R5
2026-04-19 10:00:00,3,-1,35.95208925049756,127.0226617199912,1,136.6968756899803,1.6588202870843185,0.2958210438838189,80768.70000000001,0,0.000852931,2,63,R5
2026-04-19 10:00:00,0,0,35.96113574950244,126.9893688171416,1,137.15884472030552,1.6687546112349867,0.32777704503577454,50200.3,0,0.00085106416,3,63,R5
2026-04-19 10:00:00,1,0,35.96113574950244,127.0004664514248,1,137.1109091415824,1.6665766801823614,0.4112616121103909,67902.5,0,0.0005731968,4,42,R5
2026-04-19 10:00:00,2,0,35.96113574950244,127.011564085708,1,137.20922886347023,1.656361738201068,0.4221579713850163,92964.8,0,0.00039571358,5,29,R5
2026-04-19 10:00:00,-2,-3,35.93399625248779,126.96717354857519,1,136.5806939905741,1.6851728971025586,0.21243826962835508,17581.2,0,0.00028411383,6,21,R5
2026-04-19 10:00:00,-12,-5,35.91590325447802,126.85619720574316,1,154.3178571361882,1.7745579761448236,0.5935751855519164,112219.89999999997,0,0.00023418327,7,17,R5
2026-04-19 10:00:00,-6,4,35.99732174552198,126.92278301144238,1,158.24139222337328,1.3805019993264787,0.015455948871241477,2861.4,0,0.00015823274,8,12,R5
2026-04-19 10:00:00,-3,-2,35.94304275149267,126.95607591429199,1,137.26701542187777,1.6686013614708466,0.19797075180378645,10725.6,0,0.00015687286,9,12,R5
2026-04-19 10:00:00,1,-1,35.95208925049756,127.0004664514248,1,136.6374119734898,1.6867353001676886,0.34364827941632786,51277.1,0,0.00015543596,10,12,R5
2026-04-20 07:00:00,0,0,35.96113574950244,126.9893688171416,1,3.4854721219966223,0.34305502287052037,,,0,0.0033430725,1,100,R5
2026-04-20 07:00:00,-2,-3,35.93399625248779,126.96717354857519,1,4.067555805498387,0.3408764069493708,,,0,0.003052826,2,91,R5
2026-04-20 07:00:00,1,0,35.96113574950244,127.0004664514248,1,4.291464754337198,0.3433946427507425,,,0,0.002830858,3,85,R5
2026-04-20 07:00:00,9,1,35.97018224850733,127.08924752569042,1,123.21977309656785,0.46770325225971643,,,1,0.0028160282,4,84,R5
2026-04-20 07:00:00,2,0,35.96113574950244,127.011564085708,1,6.872694421013591,0.3536236648957973,,,0,0.00045068658,5,13,R5
2026-04-20 07:00:00,0,-1,35.95208925049756,126.9893688171416,1,1.5120928699254819,0.31836509998807916,,,0,0.00039378201,6,12,R5
2026-04-20 07:00:00,3,-1,35.95208925049756,127.0226617199912,1,9.513208893366766,0.3595881044779869,,,0,0.00038966318,7,12,R5
2026-04-20 07:00:00,1,-1,35.95208925049756,127.0004664514248,1,1.9891710202352328,0.32077979773710563,,,0,0.0003509646,8,10,R5
2026-04-20 07:00:00,-1,0,35.96113574950244,126.97827118285839,1,3.8309797130866627,0.3544492272988201,,,0,0.00033161338,9,10,R5
2026-04-20 07:00:00,-12,-5,35.91590325447802,126.85619720574316,1,125.39059456881665,0.6180498135247005,,,0,0.00031816447,10,10,R5
2026-04-21 00:00:00,0,0,35.96113574950244,126.9893688171416,1,119.20900342226696,0.564146413585982,,,0,0.0040414673,1,100,R5
2026-04-21 00:00:00,9,1,35.97018224850733,127.08924752569042,1,110.39068324489972,0.824135981299471,,,0,0.0029879387,2,74,R5
2026-04-21 00:00:00,-2,-3,35.93399625248779,126.96717354857519,1,121.21258878366757,0.5677668776858911,,,1,0.0028995138,3,72,R5
2026-04-21 00:00:00,1,0,35.96113574950244,127.0004664514248,1,119.04041646449878,0.5675301188612978,,,0,0.0026723763,4,66,R5
2026-04-21 00:00:00,0,-1,35.95208925049756,126.9893688171416,1,119.9019834278152,0.5286169436160155,,,0,0.00065221475,5,16,R5
2026-04-21 00:00:00,-6,4,35.99732174552198,126.92278301144238,1,92.31567198983709,0.699409659037156,,,0,0.0004907519,6,12,R5
2026-04-21 00:00:00,1,-1,35.95208925049756,127.0004664514248,1,119.79963224733211,0.5333753875691661,,,0,0.00042140344,7,10,R5
2026-04-21 00:00:00,-1,0,35.96113574950244,126.97827118285839,1,119.16957992155233,0.5774787648288904,,,0,0.00032571334,8,8,R5
2026-04-21 00:00:00,-2,-2,35.94304275149267,126.96717354857519,1,120.65492711770963,0.5641747956702284,,,0,0.00032437147,9,8,R5
2026-04-21 00:00:00,2,0,35.96113574950244,127.011564085708,1,118.59404767689057,0.5868593331608544,,,0,0.00032168743,10,8,R5
2026-04-23 20:00:00,0,0,35.96113574950244,126.9893688171416,1,60.993534297146084,3.3829674365526805,0.23093125994914918,35368.0,0,0.023757495,1,100,R5
2026-04-23 20:00:00,-2,-3,35.93399625248779,126.96717354857519,1,61.28267940291124,3.448952015957169,0.3297051321244431,27286.1,0,0.019551063,2,82,R5
2026-04-23 20:00:00,0,-1,35.95208925049756,126.9893688171416,1,61.575870691486784,3.5759834486864457,0.26238733376874107,29207.2,0,0.012896619,3,54,R5
2026-04-23 20:00:00,1,0,35.96113574950244,127.0004664514248,1,60.88911129902243,3.3736502186405493,0.16284027768524564,26886.199999999997,0,0.011573839,4,49,R5
2026-04-23 20:00:00,-2,-2,35.94304275149267,126.96717354857519,1,61.25830931965339,3.4373338515220198,0.17874509836885483,12758.7,1,0.0069623142,5,29,R5
2026-04-23 20:00:00,1,-1,35.95208925049756,127.0004664514248,1,61.50581933417328,3.5596789844108976,0.30464990191932523,45458.0,0,0.0056813657,6,24,R5
2026-04-23 20:00:00,-1,0,35.96113574950244,126.97827118285839,1,60.83269055384096,3.308617190246287,0.12898344389280597,14839.699999999999,0,0.0031267225,7,13,R5
2026-04-23 20:00:00,9,1,35.97018224850733,127.08924752569042,1,46.42718611420469,2.238113109618205,0.0495242938913231,11665.7,0,0.0019903742,8,8,R5
2026-04-23 20:00:00,-4,-3,35.93399625248779,126.94497828000878,1,59.870235990486776,2.9715032266226777,0.16503457110927378,9082.1,0,0.0014302911,9,6,R5
2026-04-23 20:00:00,-6,4,35.99732174552198,126.92278301144238,1,54.90991651714393,1.5148669626979507,0.40955509726541955,75822.00000000001,0,0.0014208617,10,6,R5
2026-04-25 02:00:00,0,0,35.96113574950244,126.9893688171416,1,13.923773739024284,0.3642636282303828,,,0,0.0021531188,1,100,R5
2026-04-25 02:00:00,1,0,35.96113574950244,127.0004664514248,1,14.815735753400816,0.36574892527554487,,,0,0.0014608409,2,68,R5
2026-04-25 02:00:00,-2,-3,35.93399625248779,126.96717354857519,1,14.010251017353255,0.3708441049786684,,,0,0.0011538564,3,54,R5
2026-04-25 02:00:00,9,1,35.97018224850733,127.08924752569042,1,92.29394825865461,0.5590565531360285,,,0,0.0007503732,4,35,R5
2026-04-25 02:00:00,0,-1,35.95208925049756,126.9893688171416,1,5.300173822663453,0.3284355703017148,,,0,0.00031599335,5,15,R5
2026-04-25 02:00:00,-2,-2,35.94304275149267,126.96717354857519,1,13.32707195243978,0.3670638201247025,,,0,0.0002703841,6,13,R5
2026-04-25 02:00:00,1,-1,35.95208925049756,127.0004664514248,1,6.256954822051057,0.33219489445240363,,,0,0.00025626516,7,12,R5
2026-04-25 02:00:00,2,0,35.96113574950244,127.011564085708,1,20.32642002284024,0.3820952468798853,,,0,0.00024694912,8,11,R5
2026-04-25 02:00:00,-1,0,35.96113574950244,126.97827118285839,1,17.655057721716048,0.37972733334386133,,,0,0.0002085325,9,10,R5
2026-04-25 02:00:00,-4,-3,35.93399625248779,126.94497828000878,1,58.208947599097655,0.5046795633352471,,,0,0.00012719765,10,6,R5
2026-04-25 18:00:00,-6,4,35.99732174552198,126.92278301144238,1,305.261217974085,2.6804110969512798,0.2175176062994848,40269.6,0,0.0005776055,1,100,R5
2026-04-25 18:00:00,-1,-1,35.95208925049756,126.97827118285839,1,306.5103945695841,4.164834108703237,0.0323334567294145,3511.2,0,0.00054504425,2,94,R5
2026-04-25 18:00:00,0,0,35.96113574950244,126.9893688171416,1,306.18153852470994,4.072511427039016,0.026945462665634155,4126.8,0,0.0005405796,3,94,R5
2026-04-25 18:00:00,9,1,35.97018224850733,127.08924752569042,1,297.642701910531,3.0425681525349844,0.12420406096068397,29256.900000000005,0,0.0005147985,4,89,R5
2026-04-25 18:00:00,-5,-2,35.94304275149267,126.93388064572558,1,304.3324110525221,3.7171812436339287,0.026486338931897092,1727.1,0,0.00045689204,5,79,R5
2026-04-25 18:00:00,2,0,35.96113574950244,127.011564085708,1,305.6732034422213,3.9911095346165033,0.05574186481924571,12275.1,0,0.00044527525,6,77,R5
2026-04-25 18:00:00,-2,-2,35.94304275149267,126.96717354857519,1,306.304948114271,4.134803740231676,0.04639580382547881,3311.7,0,0.00034094823,7,59,R5
2026-04-25 18:00:00,-3,-2,35.94304275149267,126.95607591429199,1,305.67678506515654,3.999431660499171,0.05775992705485837,3129.3,0,0.00032265973,8,56,R5
2026-04-25 18:00:00,-4,-3,35.93399625248779,126.94497828000878,1,304.8977456080884,3.8866967163536525,0.04868120985253901,2679.0000000000005,0,0.00030756372,9,53,R5
2026-04-25 18:00:00,-4,-2,35.94304275149267,126.94497828000878,1,304.9965273151123,3.8540593541910515,0.06985783318159536,3391.5,0,0.0002545371,10,44,R5
2026-04-29 07:00:00,0,0,35.96113574950244,126.9893688171416,1,126.29701465938541,0.5097649296315083,,,1,0.0031955445,1,100,R5
2026-04-29 07:00:00,1,0,35.96113574950244,127.0004664514248,1,126.13957013423766,0.5105273580153986,,,0,0.0018180296,2,57,R5
2026-04-29 07:00:00,-2,-3,35.93399625248779,126.96717354857519,1,127.14043817463266,0.5295543211504916,,,0,0.0017278753,3,54,R5
2026-04-29 07:00:00,9,1,35.97018224850733,127.08924752569042,1,126.8547370886451,0.5300242470654869,,,0,0.0010454474,4,33,R5
2026-04-29 07:00:00,0,-1,35.95208925049756,126.9893688171416,1,124.8419386807941,0.5072644553088682,,,0,0.0005706968,5,18,R5
2026-04-29 07:00:00,1,-1,35.95208925049756,127.0004664514248,1,124.87673047120552,0.5084331261033797,,,0,0.00045950364,6,14,R5
2026-04-29 07:00:00,2,0,35.96113574950244,127.011564085708,1,126.47356175097968,0.5136703384998883,,,0,0.00040520914,7,13,R5
2026-04-29 07:00:00,-2,-2,35.94304275149267,126.96717354857519,1,126.91189695512179,0.5224620189755766,,,0,0.000376277,8,12,R5
2026-04-29 07:00:00,-1,0,35.96113574950244,126.97827118285839,1,127.19187809166999,0.5112711940071804,,,0,0.0003176306,9,10,R5
2026-04-29 07:00:00,-1,-1,35.95208925049756,126.97827118285839,1,125.71533971949441,0.5114301170625447,,,0,0.00023722196,10,7,R5
2026-05-05 08:00:00,0,0,35.96113574950244,126.9893688171416,1,78.18830190576978,0.8136391260994619,,,0,0.00819747,1,100,R5
2026-05-05 08:00:00,0,-1,35.95208925049756,126.9893688171416,1,77.8885925525035,0.8068281579237766,,,1,0.0026385707,2,32,R5
2026-05-05 08:00:00,-2,-3,35.93399625248779,126.96717354857519,1,79.46333856589376,0.8197027486249068,,,0,0.0020026723,3,24,R5
2026-05-05 08:00:00,1,0,35.96113574950244,127.0004664514248,1,77.93141818074889,0.8158858658494063,,,0,0.0016746464,4,20,R5
2026-05-05 08:00:00,9,1,35.97018224850733,127.08924752569042,1,64.3672695679158,0.9110365056288604,,,1,0.0011217409,5,14,R5
2026-05-05 08:00:00,3,-1,35.95208925049756,127.0226617199912,1,78.27199233838911,0.826366396964825,,,0,0.00094038504,6,11,R5
2026-05-05 08:00:00,-12,-5,35.91590325447802,126.85619720574316,1,115.58424882740019,1.1661260327145255,0.30775911679826673,58184.19999999998,0,0.0006278272,7,8,R5
2026-05-05 08:00:00,1,-1,35.95208925049756,127.0004664514248,1,77.85857518046191,0.8082816436721001,,,0,0.0005441189,8,7,R5
2026-05-05 08:00:00,2,0,35.96113574950244,127.011564085708,1,77.72957638152133,0.8221806590709015,,,0,0.00048947503,9,6,R5
2026-05-05 08:00:00,-2,-2,35.94304275149267,126.96717354857519,1,79.2141672182824,0.8166843773132059,,,0,0.00045027447,10,5,R5
2026-05-05 20:00:00,9,1,35.97018224850733,127.08924752569042,0,276.588601328344,1.6527322574897279,0.22517576567011285,53041.299999999996,1,0.0012327525,1,100,R5
2026-05-05 20:00:00,0,0,35.96113574950244,126.9893688171416,0,270.33206398758034,2.334372465739838,0.01190959675829134,1824.0,0,0.0009244578,2,75,R5
2026-05-05 20:00:00,0,-1,35.95208925049756,126.9893688171416,0,269.3743438229744,2.4383398726011394,0.003789304602414986,421.8,0,0.00052948354,3,43,R5
2026-05-05 20:00:00,-12,-5,35.91590325447802,126.85619720574316,0,288.53384629578466,1.601021522287253,0.0,0.0,0,0.00047266492,4,38,R5
2026-05-05 20:00:00,-2,-3,35.93399625248779,126.96717354857519,0,270.0863497318652,2.3862593213451313,0.01845839309513999,1527.6,0,0.0004626043,5,38,R5
2026-05-05 20:00:00,-2,-2,35.94304275149267,126.96717354857519,0,270.1432608314919,2.376256291435636,0.021720582858055486,1550.4,0,0.0002929924,6,24,R5
2026-05-05 20:00:00,-3,-2,35.94304275149267,126.95607591429199,0,271.52619977402753,2.26948797951883,0.04839629589295965,2622.0,0,0.000274815,7,22,R5
2026-05-05 20:00:00,-1,0,35.96113574950244,126.97827118285839,0,270.7942129658618,2.2983254334607266,0.020609954524594264,2371.2,0,0.00020939492,8,17,R5
2026-05-05 20:00:00,-11,-5,35.91590325447802,126.86729484002636,0,287.3078258142281,1.6342232266424928,6.764996483982091e-05,11.4,0,0.00020215682,9,16,R5
2026-05-05 20:00:00,-4,-3,35.93399625248779,126.94497828000878,0,273.1935463569755,2.1699690188827327,0.02951945703824174,1624.5000000000002,0,0.00019357918,10,16,R5
2026-05-06 07:00:00,0,-1,35.95208925049756,126.9893688171416,1,73.60682249398508,1.665074142142596,0.2720411666889761,30281.8,0,0.0040485202,1,100,R5
2026-05-06 07:00:00,0,0,35.96113574950244,126.9893688171416,1,74.73151600601818,1.6031982506980011,0.252663009340937,38696.299999999996,0,0.0034236119,2,85,R5
2026-05-06 07:00:00,9,1,35.97018224850733,127.08924752569042,1,92.42028333464219,1.2771526332744914,0.04630593861054166,10907.6,1,0.0030272736,3,75,R5
2026-05-06 07:00:00,-2,-3,35.93399625248779,126.96717354857519,1,75.18217313882167,1.6383307038576012,0.3930045155155143,32524.7,0,0.0021750445,4,54,R5
2026-05-06 07:00:00,-2,-2,35.94304275149267,126.96717354857519,1,74.95116252732203,1.629405816940353,0.25718800828811716,18357.9,0,0.0013035903,5,32,R5
2026-05-06 07:00:00,1,0,35.96113574950244,127.0004664514248,1,74.8635976529153,1.6016574850030578,0.1373405738553842,22676.0,0,0.00094363914,6,23,R5
2026-05-06 07:00:00,1,-1,35.95208925049756,127.0004664514248,1,73.77195889530782,1.6612691164445759,0.26510867955331235,39557.899999999994,0,0.0009351983,7,23,R5
2026-05-06 07:00:00,-1,0,35.96113574950244,126.97827118285839,1,75.2090890202183,1.5789417912946204,0.19904703297314583,22900.6,0,0.00046117534,8,11,R5
2026-05-06 07:00:00,3,-1,35.95208925049756,127.0226617199912,1,76.3365460800726,1.5961900702357275,0.4040349804766689,110314.6,0,0.0004532825,9,11,R5
2026-05-06 07:00:00,-5,-2,35.94304275149267,126.93388064572558,1,84.13532294828121,1.4164435057763105,0.19024279527414154,12405.2,0,0.0002230878,10,6,R5
2026-05-07 02:00:00,9,1,35.97018224850733,127.08924752569042,1,129.48666661468525,0.4827836028656551,,,0,0.0027741066,1,100,R5
2026-05-07 02:00:00,0,0,35.96113574950244,126.9893688171416,1,122.48926436781386,0.5878671931435875,,,0,0.0019500386,2,70,R5
2026-05-07 02:00:00,-2,-3,35.93399625248779,126.96717354857519,1,122.96954928305956,0.596865135608064,,,1,0.0012499726,3,45,R5
2026-05-07 02:00:00,1,0,35.96113574950244,127.0004664514248,1,122.73448346213144,0.585622291305703,,,0,0.0008996509,4,32,R5
2026-05-07 02:00:00,0,-1,35.95208925049756,126.9893688171416,1,123.1004104119038,0.5962773072595321,,,0,0.0005795758,5,21,R5
2026-05-07 02:00:00,1,-1,35.95208925049756,127.0004664514248,1,123.18575679907599,0.5952345981873377,,,0,0.00029851866,6,11,R5
2026-05-07 02:00:00,-2,-2,35.94304275149267,126.96717354857519,1,122.71593394016435,0.5957156341354687,,,0,0.00028167086,7,10,R5
2026-05-07 02:00:00,2,0,35.96113574950244,127.011564085708,1,122.92413907608011,0.5797467626474943,,,0,0.00022412564,8,8,R5
2026-05-07 02:00:00,-1,0,35.96113574950244,126.97827118285839,1,121.96260505257521,0.5873770160147224,,,0,0.00020958378,9,8,R5
2026-05-07 02:00:00,-12,-5,35.91590325447802,126.85619720574316,1,122.7612579995378,0.6671761910253508,,,0,0.0001948935,10,7,R5
2026-05-08 19:00:00,9,1,35.97018224850733,127.08924752569042,1,278.0448173972339,4.094027810116622,0.22517576567011285,53041.299999999996,0,0.0003908788,1,100,R5
2026-05-08 19:00:00,-2,-3,35.93399625248779,126.96717354857519,1,277.28655962181585,5.019954750296264,0.01845839309513999,1527.6,0,0.0001843614,2,47,R5
2026-05-08 19:00:00,0,0,35.96113574950244,126.9893688171416,1,277.2622525630805,4.94097917059956,0.01972526963092003,3021.0,0,0.00016128283,3,41,R5
2026-05-08 19:00:00,-2,-2,35.94304275149267,126.96717354857519,1,277.28510264802367,5.001420767790402,0.022678843866499113,1618.8000000000002,0,0.00012428447,4,32,R5
2026-05-08 19:00:00,-3,-2,35.94304275149267,126.95607591429199,1,277.71823161854877,4.8245651076843945,0.05576094961580134,3021.0,0,0.000102524704,5,26,R5
2026-05-08 19:00:00,0,-1,35.95208925049756,126.9893688171416,1,277.0422731919449,5.10390624979396,0.003789304602414986,421.8,0,8.776594e-05,6,22,R5
2026-05-08 19:00:00,-6,4,35.99732174552198,126.92278301144238,1,278.3513935471434,2.903679397758789,0.008097439348877506,1499.1,0,8.3326486e-05,7,21,R5
2026-05-08 19:00:00,-5,-2,35.94304275149267,126.93388064572558,1,279.09774984992066,4.420015363799269,0.03391650001840288,2211.6,0,8.034365e-05,8,21,R5
2026-05-08 19:00:00,-1,-1,35.95208925049756,126.97827118285839,1,277.1530373889886,5.041952617633739,0.015011962052942446,1630.2,0,7.9993195e-05,9,20,R5
2026-05-08 19:00:00,-3,-3,35.93399625248779,126.95607591429199,1,277.7394751068773,4.855493924013581,0.04686611876324925,2622.0,0,7.961411e-05,10,20,R5
2026-05-09 19:00:00,9,1,35.97018224850733,127.08924752569042,1,288.05007120964393,2.4845403943287816,0.12171844294604534,28671.4,0,0.0010302096,1,100,R5
2026-05-09 19:00:00,0,-1,35.95208925049756,126.9893688171416,1,286.94488803770616,3.1540519767100115,0.008449125127006388,940.5,0,0.0007651678,2,74,R5
2026-05-09 19:00:00,0,0,35.96113574950244,126.9893688171416,1,287.5529385313644,3.071754665125558,0.022516581371144564,3448.5,0,0.00059777236,3,58,R5
2026-05-09 19:00:00,-2,-3,35.93399625248779,126.96717354857519,1,287.4019496248369,3.126197466540581,0.01749414867972223,1447.8000000000002,0,0.00059035694,4,57,R5
2026-05-09 19:00:00,-2,-2,35.94304275149267,126.96717354857519,1,287.4671038823232,3.1148260557761476,0.02659174298431058,1898.1000000000001,0,0.0003848311,5,37,R5
2026-05-09 19:00:00,-3,-2,35.94304275149267,126.95607591429199,1,288.4032474440085,3.0442746990828184,0.05165778539878955,2798.7000000000003,0,0.00036205887,6,35,R5
2026-05-09 19:00:00,-1,-1,35.95208925049756,126.97827118285839,1,287.22549448482437,3.1270584238102628,0.02183558116791628,2371.2,0,0.00034296865,7,33,R5
2026-05-09 19:00:00,-5,-2,35.94304275149267,126.93388064572558,1,291.0268326474961,2.8967691657001375,0.028059784809039496,1829.7,0,0.00030684276,8,30,R5
2026-05-09 19:00:00,-1,0,35.96113574950244,126.97827118285839,1,287.9069859054403,3.0454218506238653,0.043350264925528806,4987.5,0,0.00027416917,9,27,R5
2026-05-09 19:00:00,-3,-3,35.93399625248779,126.95607591429199,1,288.2935817923004,3.063542755366421,0.04686611876324925,2622.0,1,0.00025520782,10,25,R5
2026-05-10 00:00:00,0,-1,35.95208925049756,126.9893688171416,1,129.74006786356517,0.04651087515352943,,,0,0.0062305834,1,100,R5
2026-05-10 00:00:00,9,1,35.97018224850733,127.08924752569042,1,130.56160931432328,0.565086589960585,,,0,0.004404934,2,71,R5
2026-05-10 00:00:00,0,0,35.96113574950244,126.9893688171416,1,127.12393980088734,0.10851748285849419,,,0,0.0041604876,3,67,R5
2026-05-10 00:00:00,-2,-3,35.93399625248779,126.96717354857519,1,132.47161533959996,0.10529698407937654,,,1,0.002496128,4,40,R5
2026-05-10 00:00:00,1,0,35.96113574950244,127.0004664514248,1,127.88226932929786,0.11458058589313076,,,0,0.002018185,5,32,R5
2026-05-10 00:00:00,1,-1,35.95208925049756,127.0004664514248,1,130.30460052961752,0.05416689936423629,,,0,0.0007352515,6,12,R5
2026-05-10 00:00:00,-3,-3,35.93399625248779,126.95607591429199,1,132.46007819916144,0.19391964627131278,,,0,0.00070884475,7,11,R5
2026-05-10 00:00:00,-2,-2,35.94304275149267,126.96717354857519,1,130.94988313269062,0.10152779478444572,,,0,0.0006908546,8,11,R5
2026-05-10 00:00:00,2,0,35.96113574950244,127.011564085708,1,128.58703873192735,0.14759553083005597,,,0,0.0004978963,9,8,R5
2026-05-10 00:00:00,-1,-1,35.95208925049756,126.97827118285839,1,129.19818382420078,0.07328531400149339,,,0,0.00034992292,10,6,R5
2026-05-15 02:00:00,0,0,35.96113574950244,126.9893688171416,0,83.30486804058421,0.07423481107820415,,,0,0.0039934535,1,100,R5
2026-05-15 02:00:00,9,1,35.97018224850733,127.08924752569042,0,98.77790115688015,0.3439225171998328,,,0,0.0035064947,2,88,R5
2026-05-15 02:00:00,-2,-3,35.93399625248779,126.96717354857519,0,90.7436163183072,0.06876113017844569,,,1,0.003262982,3,82,R5
2026-05-15 02:00:00,1,0,35.96113574950244,127.0004664514248,0,86.04769792025854,0.07687755056365274,,,0,0.0020901056,4,52,R5
2026-05-15 02:00:00,0,-1,35.95208925049756,126.9893688171416,0,87.32621011282356,0.03117671662887209,,,0,0.0010950012,5,27,R5
2026-05-15 02:00:00,1,-1,35.95208925049756,127.0004664514248,0,89.60487004097706,0.03582877734242291,,,0,0.0005380981,6,13,R5
2026-05-15 02:00:00,-2,-2,35.94304275149267,126.96717354857519,0,87.10393025560552,0.06793954846619357,,,0,0.00043284846,7,11,R5
2026-05-15 02:00:00,2,0,35.96113574950244,127.011564085708,0,88.63245793524675,0.09725931132029486,,,0,0.0004005281,8,10,R5
2026-05-15 02:00:00,-12,-5,35.91590325447802,126.85619720574316,0,109.71409080268262,0.5003693799439208,,,0,0.00030194048,9,8,R5
2026-05-15 02:00:00,-1,-1,35.95208925049756,126.97827118285839,0,85.00454233637345,0.04980037755666776,,,0,0.00029885484,10,7,R5
2026-05-19 00:00:00,9,1,35.97018224850733,127.08924752569042,0,96.73471776701308,0.509125105451735,,,0,0.016870236,1,100,R5
2026-05-19 00:00:00,0,0,35.96113574950244,126.9893688171416,0,101.13808606344645,0.10244690067006995,,,0,0.010133787,2,60,R5
2026-05-19 00:00:00,-2,-3,35.93399625248779,126.96717354857519,0,114.50977097697682,0.09637203804140619,,,0,0.008214308,3,49,R5
2026-05-19 00:00:00,1,0,35.96113574950244,127.0004664514248,0,100.9225806354836,0.1072365057797186,,,0,0.0048136655,4,29,R5
2026-05-19 00:00:00,0,-1,35.95208925049756,126.9893688171416,0,105.81483590783262,0.04311609479489778,,,0,0.0031461732,5,19,R5
2026-05-19 00:00:00,1,-1,35.95208925049756,127.0004664514248,0,105.36963213875975,0.049737261055850066,,,0,0.0015691193,6,9,R5
2026-05-19 00:00:00,-2,-2,35.94304275149267,126.96717354857519,0,111.03990103735924,0.09439128893491273,,,0,0.0013726183,7,8,R5
2026-05-19 00:00:00,2,0,35.96113574950244,127.011564085708,0,100.6662026644945,0.13698535008151774,,,0,0.0010057924,8,6,R5
2026-05-19 00:00:00,-1,-1,35.95208925049756,126.97827118285839,0,106.26521699247996,0.0685979644740642,,,0,0.00074778445,9,4,R5
2026-05-19 00:00:00,-1,0,35.96113574950244,126.97827118285839,0,101.27017026669807,0.12434084737479485,,,1,0.00059934583,10,4,R5
2026-05-19 05:00:00,9,1,35.97018224850733,127.08924752569042,1,130.50805584992133,0.55949718773203,,,0,0.0040818527,1,100,R5
2026-05-19 05:00:00,0,0,35.96113574950244,126.9893688171416,1,55.4263407576434,0.20503336698446814,,,0,0.0029715325,2,73,R5
2026-05-19 05:00:00,-2,-3,35.93399625248779,126.96717354857519,1,58.16076404113761,0.21044168730563229,,,0,0.0027191313,3,67,R5
2026-05-19 05:00:00,1,0,35.96113574950244,127.0004664514248,1,59.98198518964972,0.20844906701888669,,,1,0.0016410354,4,40,R5
2026-05-19 05:00:00,-1,0,35.96113574950244,126.97827118285839,1,66.54101667598917,0.22911643952569372,,,0,0.0006910644,5,17,R5
2026-05-19 05:00:00,0,-1,35.95208925049756,126.9893688171416,1,19.40102032976597,0.14574803742284032,,,0,0.0005163025,6,13,R5
2026-05-19 05:00:00,3,-1,35.95208925049756,127.0226617199912,1,88.09168341198057,0.24974693259528616,,,0,0.00042836703,7,10,R5
2026-05-19 05:00:00,-2,-2,35.94304275149267,126.96717354857519,1,53.533646836807975,0.20526908955516826,,,0,0.00036754785,8,9,R5
2026-05-19 05:00:00,2,0,35.96113574950244,127.011564085708,1,78.74662860034272,0.2366300116536741,,,0,0.00035054036,9,9,R5
2026-05-19 05:00:00,1,-1,35.95208925049756,127.0004664514248,1,23.68611109384193,0.1521776428576668,,,0,0.000327657,10,8,R5
2026-05-19 07:00:00,9,1,35.97018224850733,127.08924752569042,0,100.69388024704756,0.6099408390136337,,,0,0.011403763,1,100,R5
2026-05-19 07:00:00,1,0,35.96113574950244,127.0004664514248,0,57.615665356487796,0.214950939709038,,,0,0.008853942,2,78,R5
2026-05-19 07:00:00,0,0,35.96113574950244,126.9893688171416,0,56.8651117393826,0.21098744559282354,,,0,0.0066630947,3,58,R5
2026-05-19 07:00:00,-2,-3,35.93399625248779,126.96717354857519,0,64.52867237886824,0.20954176768676797,,,0,0.004107596,4,36,R5
2026-05-19 07:00:00,-1,0,35.96113574950244,126.97827118285839,0,71.15369525186969,0.23614491075650346,,,1,0.0015844045,5,14,R5
2026-05-19 07:00:00,0,-1,35.95208925049756,126.9893688171416,0,21.343565650772007,0.14702901252570513,,,0,0.0011353563,6,10,R5
2026-05-19 07:00:00,2,0,35.96113574950244,127.011564085708,0,69.62465898510578,0.24528633734154734,,,0,0.000929685,7,8,R5
2026-05-19 07:00:00,1,-1,35.95208925049756,127.0004664514248,0,24.972529631148007,0.15353846860160406,,,0,0.0007067269,8,6,R5
2026-05-19 07:00:00,-2,-2,35.94304275149267,126.96717354857519,0,61.14773834580029,0.2066913374599993,,,0,0.0006943185,9,6,R5
2026-05-19 07:00:00,3,-1,35.95208925049756,127.0226617199912,0,74.31265828448136,0.2529674552876582,,,0,0.00053342746,10,5,R5
2026-05-19 19:00:00,9,1,35.97018224850733,127.08924752569042,1,183.02083949448297,0.906271912785813,,,1,0.033572022,1,100,R5
2026-05-19 19:00:00,1,0,35.96113574950244,127.0004664514248,1,187.8515018313408,0.9865527294311038,,,0,0.013313457,2,40,R5
2026-05-19 19:00:00,-2,-3,35.93399625248779,126.96717354857519,1,188.5896573704575,1.006540015906883,0.4516989672434813,37382.2,0,0.0052201077,3,16,R5
2026-05-19 19:00:00,0,0,35.96113574950244,126.9893688171416,1,187.8228907574368,0.987665770613057,,,0,0.0048220265,4,14,R5
2026-05-19 19:00:00,-1,0,35.96113574950244,126.97827118285839,1,187.45973687244347,0.9857875139526622,,,0,0.003594025,5,11,R5
2026-05-19 19:00:00,2,0,35.96113574950244,127.011564085708,1,187.62907209882297,0.982381067205776,,,0,0.002764647,6,8,R5
2026-05-19 19:00:00,0,-1,35.95208925049756,126.9893688171416,1,188.51001961498142,0.9981797549991062,,,0,0.001736125,7,5,R5
2026-05-19 19:00:00,-2,-2,35.94304275149267,126.96717354857519,1,188.32157835502866,1.0017613044953304,0.3162527511477416,22573.899999999994,0,0.0010845233,8,3,R5
2026-05-19 19:00:00,1,-1,35.95208925049756,127.0004664514248,1,188.47743992122415,0.9980064626384917,,,0,0.00095993286,9,3,R5
2026-05-19 19:00:00,-6,4,35.99732174552198,126.92278301144238,1,105.18780544766764,0.7957282901108809,,,0,0.0007192446,10,2,R5
2026-05-19 23:00:00,9,1,35.97018224850733,127.08924752569042,0,117.38300795939546,0.9528575811943801,,,1,0.022792565,1,100,R5
2026-05-19 23:00:00,1,0,35.96113574950244,127.0004664514248,0,107.98536991227661,0.9889206761465625,,,0,0.022686793,2,100,R5
2026-05-19 23:00:00,-2,-3,35.93399625248779,126.96717354857519,0,108.50678611277328,1.0017201747795164,0.5002954357889343,41404.0,0,0.015897548,3,70,R5
2026-05-19 23:00:00,0,0,35.96113574950244,126.9893688171416,0,107.94263274446587,0.9888944260592353,,,0,0.012262841,4,54,R5
2026-05-19 23:00:00,-1,0,35.96113574950244,126.97827118285839,0,108.44649988763541,0.9859953718857335,,,0,0.006979599,5,31,R5
2026-05-19 23:00:00,0,-1,35.95208925049756,126.9893688171416,0,106.94918277477893,0.9977034372919008,,,0,0.0042464193,6,19,R5
2026-05-19 23:00:00,1,-1,35.95208925049756,127.0004664514248,0,107.06627134515065,0.9977288429986441,,,0,0.0020018436,7,9,R5
2026-05-19 23:00:00,-2,-2,35.94304275149267,126.96717354857519,0,108.3138429438066,0.9982840558639495,,,0,0.0018707128,8,8,R5
2026-05-19 23:00:00,2,0,35.96113574950244,127.011564085708,0,108.51363479810396,0.9866714416350421,,,0,0.0013700601,9,6,R5
2026-05-19 23:00:00,-3,-3,35.93399625248779,126.95607591429199,0,110.89393079014309,1.002725868141731,0.26119549713476786,14613.0,0,0.0010473783,10,5,R5
2026-05-20 21:00:00,-2,-3,35.93399625248779,126.96717354857519,1,80.13264378913794,3.4615883488430423,0.3930045155155143,32524.7,0,0.013583753,1,100,R5
2026-05-20 21:00:00,9,1,35.97018224850733,127.08924752569042,1,87.45313227290495,2.432054283785279,0.045628390130377144,10748.0,0,0.012677737,2,93,R5
2026-05-20 21:00:00,0,0,35.96113574950244,126.9893688171416,1,79.84064202969415,3.386531729925936,0.28750902687363944,44033.1,0,0.011170611,3,82,R5
2026-05-20 21:00:00,0,-1,35.95208925049756,126.9893688171416,1,79.15622260045006,3.520471465132212,0.37854326482100525,42136.9,0,0.0072310916,4,53,R5
2026-05-20 21:00:00,-2,-2,35.94304275149267,126.96717354857519,1,80.0174774957024,3.4471910834947077,0.3097326535844425,22108.5,0,0.0057035084,5,42,R5
2026-05-20 21:00:00,1,0,35.96113574950244,127.0004664514248,1,79.87164183925813,3.3752830390630755,0.20362211839779829,33619.6,0,0.00428181,6,32,R5
2026-05-20 21:00:00,1,-1,35.95208925049756,127.0004664514248,1,79.23690340578878,3.508051022231184,0.33103149237436996,49394.5,0,0.0025091793,7,18,R5
2026-05-20 21:00:00,-1,0,35.96113574950244,126.97827118285839,1,80.17957746609898,3.3423199384619893,0.20184752527570332,23222.8,1,0.001581234,8,12,R5
2026-05-20 21:00:00,-12,-5,35.91590325447802,126.85619720574316,1,111.39413341040654,2.965107605302928,0.30827165900762515,58281.09999999999,0,0.0012077006,9,9,R5
2026-05-20 21:00:00,-11,-5,35.91590325447802,126.86729484002636,1,107.84657172887819,2.946550674328483,0.3075842138213626,51832.399999999994,0,0.0005839477,10,4,R5
2026-05-23 00:00:00,0,0,35.96113574950244,126.9893688171416,1,89.49723491726877,0.8883627557325176,,,0,0.0043337923,1,100,R5
2026-05-23 00:00:00,-2,-3,35.93399625248779,126.96717354857519,1,90.09326613084579,0.8998491011064812,,,1,0.0036688074,2,85,R5
2026-05-23 00:00:00,1,0,35.96113574950244,127.0004664514248,1,89.55685505427039,0.8892071739498404,,,0,0.0029161498,3,67,R5
2026-05-23 00:00:00,9,1,35.97018224850733,127.08924752569042,1,92.71102106834854,0.8759854567980874,,,0,0.001605349,4,37,R5
2026-05-23 00:00:00,0,-1,35.95208925049756,126.9893688171416,1,89.31762295657859,0.8976970898625066,,,0,0.0011157558,5,26,R5
2026-05-23 00:00:00,-1,0,35.96113574950244,126.97827118285839,1,89.57400269698547,0.8843603905882225,,,0,0.000856043,6,20,R5
2026-05-23 00:00:00,1,-1,35.95208925049756,127.0004664514248,1,89.38765641610996,0.8982716765666908,,,0,0.00061845704,7,14,R5
2026-05-23 00:00:00,-2,-2,35.94304275149267,126.96717354857519,1,89.88045067672317,0.8962018998139267,,,0,0.00052328844,8,12,R5
2026-05-23 00:00:00,-12,-5,35.91590325447802,126.85619720574316,1,121.4462310397742,0.8741343228324904,,,0,0.0003334918,9,8,R5
2026-05-23 00:00:00,2,0,35.96113574950244,127.011564085708,1,89.77261176582869,0.8881234015724467,,,0,0.0003306348,10,8,R5
2026-05-24 08:00:00,9,1,35.97018224850733,127.08924752569042,1,113.24948769170248,0.7250305949740522,,,1,0.00717656,1,100,R5
2026-05-24 08:00:00,0,-1,35.95208925049756,126.9893688171416,1,114.29553423550402,0.8944941081698746,,,0,0.0023277209,2,32,R5
2026-05-24 08:00:00,0,0,35.96113574950244,126.9893688171416,1,115.18619756728503,0.8797749825048289,,,0,0.0020706065,3,29,R5
2026-05-24 08:00:00,-2,-3,35.93399625248779,126.96717354857519,1,115.90101511876378,0.9019821837059314,,,0,0.0017364168,4,24,R5
2026-05-24 08:00:00,1,0,35.96113574950244,127.0004664514248,1,115.032631357983,0.877093322424131,,,0,0.0017294219,5,24,R5
2026-05-24 08:00:00,-1,0,35.96113574950244,126.97827118285839,1,115.83043421752268,0.8774799183576106,,,0,0.000551619,6,8,R5
2026-05-24 08:00:00,1,-1,35.95208925049756,127.0004664514248,1,114.29265608788444,0.892886690605385,,,0,0.0004867036,7,7,R5
2026-05-24 08:00:00,-12,-5,35.91590325447802,126.85619720574316,1,160.14313518119013,1.274684624108642,0.5349988574910503,101145.59999999998,0,0.000357453,8,5,R5
2026-05-24 08:00:00,2,0,35.96113574950244,127.011564085708,1,115.17074204970993,0.868624122456111,,,0,0.00034295733,9,5,R5
2026-05-24 08:00:00,-2,-2,35.94304275149267,126.96717354857519,1,115.74792399202187,0.8970061269044061,,,0,0.00028701153,10,4,R5
2026-05-25 19:00:00,2,0,35.96113574950244,127.011564085708,1,190.0679387720094,3.137279497486646,0.10592184940691594,23325.4,0,0.006539403,1,100,R5
2026-05-25 19:00:00,9,1,35.97018224850733,127.08924752569042,1,196.78080201831008,2.0669309630601016,0.6515880997694383,153484.9,0,0.0043758196,2,67,R5
2026-05-25 19:00:00,0,-1,35.95208925049756,126.9893688171416,1,188.9068575122336,3.3981696866302604,0.10946131324828211,12184.5,0,0.003536592,3,54,R5
2026-05-25 19:00:00,-2,-3,35.93399625248779,126.96717354857519,1,189.58054081689104,3.3168571792966737,0.4516989672434813,37382.2,0,0.0009713415,4,15,R5
2026-05-25 19:00:00,-12,-5,35.91590325447802,126.85619720574316,1,211.9857862454426,2.4080359378236547,0.3969023197163193,75037.4,0,0.0009041999,5,14,R5
2026-05-25 19:00:00,-1,-1,35.95208925049756,126.97827118285839,1,189.26542313035705,3.337601971478369,0.07699547117964813,8361.2,0,0.000843527,6,13,R5
2026-05-25 19:00:00,1,0,35.96113574950244,127.0004664514248,1,189.72900706207855,3.2160767607697345,0.14310347542635782,23627.5,0,0.0008253672,7,13,R5
2026-05-25 19:00:00,-1,0,35.96113574950244,126.97827118285839,1,190.13546654585366,3.1709478011946466,0.06329790562810296,7282.5,0,0.0005645202,8,9,R5
2026-05-25 19:00:00,0,0,35.96113574950244,126.9893688171416,1,189.7281780380527,3.2288868534597777,0.0839117279492902,12851.4,0,0.00055491034,9,8,R5
2026-05-25 19:00:00,-3,-2,35.94304275149267,126.95607591429199,1,190.91151575394989,3.1315400851728215,0.4087733513973461,22146.399999999998,0,0.00048044193,10,7,R5
2026-05-25 23:00:00,-2,-3,35.93399625248779,126.96717354857519,0,93.13087276627084,0.5580227058650229,,,0,0.11249917,1,100,R5
2026-05-25 23:00:00,0,0,35.96113574950244,126.9893688171416,0,92.62450790756975,0.5500770619126819,,,0,0.031537402,2,28,R5
2026-05-25 23:00:00,1,0,35.96113574950244,127.0004664514248,0,92.75133762683873,0.5507175778181098,,,0,0.01739095,3,15,R5
2026-05-25 23:00:00,-1,0,35.96113574950244,126.97827118285839,0,92.74610052689707,0.5628806356206194,,,0,0.014661358,4,13,R5
2026-05-25 23:00:00,9,1,35.97018224850733,127.08924752569042,0,98.0893430314569,0.6875631411391948,,,1,0.009271405,5,8,R5
2026-05-25 23:00:00,0,-1,35.95208925049756,126.9893688171416,0,92.16324467440108,0.5227575593978564,,,0,0.007831719,6,7,R5
2026-05-25 23:00:00,-12,-5,35.91590325447802,126.85619720574316,0,108.31656271262449,1.0757650304739015,0.3098092856357004,58571.79999999999,0,0.005971731,7,5,R5
2026-05-25 23:00:00,-1,-1,35.95208925049756,126.97827118285839,0,92.44531378163379,0.53710924754956,,,0,0.0044102794,8,4,R5
2026-05-25 23:00:00,-4,-3,35.93399625248779,126.94497828000878,0,95.50401976334018,0.6693686919721497,,,0,0.004004191,9,4,R5
2026-05-25 23:00:00,1,-1,35.95208925049756,127.0004664514248,0,92.28191762035419,0.525677662682276,,,0,0.0039383653,10,4,R5
2026-05-26 01:00:00,-2,-3,35.93399625248779,126.96717354857519,0,81.91499984560369,1.4827928124313068,0.3930045155155143,32524.7,1,0.013126926,1,100,R5
2026-05-26 01:00:00,-1,0,35.96113574950244,126.97827118285839,0,81.44566470179541,1.4419675017524396,0.20184752527570332,23222.8,0,0.008919566,2,68,R5
2026-05-26 01:00:00,0,0,35.96113574950244,126.9893688171416,0,81.46748391479372,1.4504524141496196,0.22525787802849162,34499.1,0,0.005880479,3,45,R5
2026-05-26 01:00:00,9,1,35.97018224850733,127.08924752569042,0,63.0413549677549,1.1575362801386517,0.04490244533020088,10577.0,0,0.005871948,4,45,R5
2026-05-26 01:00:00,0,-1,35.95208925049756,126.9893688171416,0,82.14506450019803,1.4835502266147733,0.5090631577718027,56665.5,0,0.0031423757,5,24,R5
2026-05-26 01:00:00,-12,-5,35.91590325447802,126.85619720574316,0,90.4500829707913,1.5111422070468545,0.1657489569316441,31336.099999999995,0,0.0026903136,6,20,R5
2026-05-26 01:00:00,1,0,35.96113574950244,127.0004664514248,0,81.20564217052402,1.4462083360723168,0.2354964453526726,38882.299999999996,0,0.0024423797,7,19,R5
2026-05-26 01:00:00,-2,-2,35.94304275149267,126.96717354857519,0,81.92603285654303,1.4753549262473964,0.3097326535844425,22108.5,0,0.0023574305,8,18,R5
2026-05-26 01:00:00,1,-1,35.95208925049756,127.0004664514248,0,81.98382125566206,1.4802905944547906,0.3797300385553893,56661.0,0,0.0020176352,9,15,R5
2026-05-26 01:00:00,3,-1,35.95208925049756,127.0226617199912,0,80.13834571552741,1.438595753210792,0.4299436367052544,117388.50000000001,0,0.001222499,10,9,R5
2026-05-26 07:00:00,9,1,35.97018224850733,127.08924752569042,1,120.57068865163728,1.0363914699008057,0.0018148620004406614,427.5,1,0.011624997,1,100,R5
2026-05-26 07:00:00,0,0,35.96113574950244,126.9893688171416,1,121.86004020256189,1.2935242855691766,0.3916331165142491,59980.1,0,0.00453222,2,39,R5
2026-05-26 07:00:00,-2,-3,35.93399625248779,126.96717354857519,1,122.10656404157942,1.3315398685727213,0.19566065846535305,16192.7,0,0.0032362686,3,28,R5
2026-05-26 07:00:00,-1,0,35.96113574950244,126.97827118285839,1,121.36200265728087,1.2989746235327313,0.3748913527194848,43131.7,0,0.002444162,4,21,R5
2026-05-26 07:00:00,3,-1,35.95208925049756,127.0226617199912,1,122.03857955007925,1.2851213662706151,0.49187000951902027,134296.4,0,0.0024424193,5,21,R5
2026-05-26 07:00:00,-12,-5,35.91590325447802,126.85619720574316,1,121.73614187886284,2.053467836517083,0.32396528888550363,61248.099999999984,0,0.0022173943,6,19,R5
2026-05-26 07:00:00,1,0,35.96113574950244,127.0004664514248,1,121.94884501651723,1.2872083401009442,0.38089054544970014,62888.0,0,0.0017590104,7,15,R5
2026-05-26 07:00:00,3,-2,35.94304275149267,127.0226617199912,1,122.37049820345248,1.2998234110266838,0.35885979314503036,96717.2,0,0.0013680091,8,12,R5
2026-05-26 07:00:00,-4,-3,35.93399625248779,126.94497828000878,1,119.65371863877328,1.416359579188536,0.21239835367017074,11688.6,0,0.00097537943,9,8,R5
2026-05-26 07:00:00,0,-1,35.95208925049756,126.9893688171416,1,122.76168363948784,1.3019245845808058,0.431113802214111,47988.7,0,0.00092898245,10,8,R5
2026-05-26 08:00:00,-2,-3,35.93399625248779,126.96717354857519,0,61.263935727462865,1.7564910483784824,0.3297051321244431,27286.1,0,0.01346644,1,100,R5
2026-05-26 08:00:00,9,1,35.97018224850733,127.08924752569042,0,67.75063666730136,1.1889848821115165,0.044660463730142125,10520.0,0,0.010645188,2,79,R5
2026-05-26 08:00:00,-1,0,35.96113574950244,126.97827118285839,0,61.171048435602756,1.6962886765576315,0.12898344389280597,14839.699999999999,1,0.0076619075,3,57,R5
2026-05-26 08:00:00,0,0,35.96113574950244,126.9893688171416,0,60.722629918691155,1.7110027176047766,0.23093125994914918,35368.0,0,0.0052616266,4,39,R5
2026-05-26 08:00:00,0,-1,35.95208925049756,126.9893688171416,0,59.87685996873989,1.7679373971378225,0.29740022081817724,33104.600000000006,0,0.004727444,5,35,R5
2026-05-26 08:00:00,-12,-5,35.91590325447802,126.85619720574316,0,108.78848461627877,1.9099175262607724,0.3098092856357004,58571.79999999999,0,0.00239549,6,18,R5
2026-05-26 08:00:00,1,-1,35.95208925049756,127.0004664514248,0,59.951668664882675,1.7612437503571232,0.26899839760236816,40138.3,0,0.0021896856,7,16,R5
2026-05-26 08:00:00,-2,-2,35.94304275149267,126.96717354857519,0,61.04822141542604,1.7474927762959533,0.17874509836885483,12758.7,0,0.0021859007,8,16,R5
2026-05-26 08:00:00,1,0,35.96113574950244,127.0004664514248,0,60.727314621988455,1.7029584877053003,0.16284027768524564,26886.199999999997,0,0.0020728214,9,15,R5
2026-05-26 08:00:00,3,-1,35.95208925049756,127.0226617199912,0,61.412656047403004,1.6768279888094706,0.2627293547320226,71733.6,0,0.0016698792,10,12,R5
2026-05-26 13:00:00,-2,-3,35.93399625248779,126.96717354857519,1,88.61182945509768,3.544037758661699,0.5070946880765982,41966.7,0,0.016220918,1,100,R5
2026-05-26 13:00:00,-1,0,35.96113574950244,126.97827118285839,1,88.67963064658699,3.398868213099329,0.30474084581473293,35060.8,0,0.009440751,2,58,R5
2026-05-26 13:00:00,0,0,35.96113574950244,126.9893688171416,1,88.3831385758287,3.452129377575392,0.22948304253632623,35146.2,0,0.005278557,3,33,R5
2026-05-26 13:00:00,9,1,35.97018224850733,127.08924752569042,1,100.30158233950561,2.38186786161258,0.023126648499650404,5447.6,1,0.0048512057,4,30,R5
2026-05-26 13:00:00,0,-1,35.95208925049756,126.9893688171416,1,87.60923269447898,3.6088970873726973,0.5248860648278328,58426.799999999996,0,0.0032633573,5,20,R5
2026-05-26 13:00:00,1,0,35.96113574950244,127.0004664514248,1,88.48677039574261,3.440616928945507,0.29610896638438644,48889.899999999994,0,0.0026866125,6,17,R5
2026-05-26 13:00:00,-2,-2,35.94304275149267,126.96717354857519,1,88.46495527207566,3.524597853203481,0.4463969245985881,31863.5,0,0.002419249,7,15,R5
2026-05-26 13:00:00,1,-1,35.95208925049756,127.0004664514248,1,87.72277539425261,3.5954676697507875,0.48056246770575667,71706.6,0,0.0019214861,8,12,R5
2026-05-26 13:00:00,-12,-5,35.91590325447802,126.85619720574316,1,128.96111134408181,2.856700077599327,0.30112304398236306,56929.59999999999,0,0.001649733,9,10,R5
2026-05-26 13:00:00,-4,-3,35.93399625248779,126.94497828000878,1,92.19433111516423,3.2627124921346735,0.2167485894442274,11928.0,0,0.0012839608,10,8,R5
2026-05-26 21:00:00,9,1,35.97018224850733,127.08924752569042,0,98.8872867369708,2.363643623943397,0.04630593861054166,10907.6,0,0.03729005,1,100,R5
2026-05-26 21:00:00,-2,-3,35.93399625248779,126.96717354857519,0,98.34570290069831,3.9858861573944124,0.5057171960545728,41852.7,0,0.020063646,2,54,R5
2026-05-26 21:00:00,-1,0,35.96113574950244,126.97827118285839,0,98.15782614631223,3.8037626259400015,0.35801538793163384,41190.1,0,0.008044864,3,22,R5
2026-05-26 21:00:00,-12,-5,35.91590325447802,126.85619720574316,0,108.74488163632907,2.8837976603748836,0.3098092856357004,58571.79999999999,0,0.0065573044,4,18,R5
2026-05-26 21:00:00,0,0,35.96113574950244,126.9893688171416,0,98.16084464937927,3.871231451652456,0.41187551337283174,63080.29999999999,1,0.0062818364,5,17,R5
2026-05-26 21:00:00,1,0,35.96113574950244,127.0004664514248,0,98.17687630224799,3.8530865796762863,0.2998210865870661,49502.79999999999,0,0.004630217,6,12,R5
2026-05-26 21:00:00,-4,-3,35.93399625248779,126.94497828000878,0,98.91018766925419,3.6111056487099717,0.22451686761218576,12355.5,0,0.0037123344,7,10,R5
2026-05-26 21:00:00,-11,-5,35.91590325447802,126.86729484002636,0,106.95233507580468,2.950357879037036,0.3075842138213626,51832.399999999994,0,0.002479646,8,7,R5
2026-05-26 21:00:00,-6,4,35.99732174552198,126.92278301144238,0,92.03608388916746,1.873608333040639,0.11380923727101547,21069.8,0,0.0013057292,9,4,R5
2026-05-26 21:00:00,1,-1,35.95208925049756,127.0004664514248,0,98.16646885074425,4.0571333958571625,0.46118022516669027,68814.5,0,0.0010110723,10,3,R5
2026-05-27 02:00:00,9,1,35.97018224850733,127.08924752569042,1,54.186038380672414,2.0024614656280617,0.0495242938913231,11665.7,0,0.005984588,1,100,R5
2026-05-27 02:00:00,0,0,35.96113574950244,126.9893688171416,1,60.74047428993515,3.046860671084041,0.23093125994914918,35368.0,0,0.00596246,2,100,R5
2026-05-27 02:00:00,-1,0,35.96113574950244,126.97827118285839,1,60.94030685537257,2.9913302165823694,0.12898344389280597,14839.699999999999,0,0.004439867,3,74,R5
2026-05-27 02:00:00,0,-1,35.95208925049756,126.9893688171416,1,60.63230215769744,3.20268015146477,0.26238733376874107,29207.2,0,0.0027196454,4,45,R5
2026-05-27 02:00:00,-2,-3,35.93399625248779,126.96717354857519,1,61.12528727955669,3.117810471586082,0.3297051321244431,27286.1,1,0.0025806262,5,43,R5
2026-05-27 02:00:00,-2,-2,35.94304275149267,126.96717354857519,1,61.05834163679151,3.1044422915356726,0.17874509836885483,12758.7,0,0.0017542988,6,29,R5
2026-05-27 02:00:00,1,-1,35.95208925049756,127.0004664514248,1,60.60600607860829,3.1881691978342657,0.30464990191932523,45458.0,0,0.0012444664,7,21,R5
2026-05-27 02:00:00,-12,-5,35.91590325447802,126.85619720574316,1,88.84682083049836,2.0703349090033485,0.11347970142432783,21454.199999999997,0,0.0010897248,8,18,R5
2026-05-27 02:00:00,1,0,35.96113574950244,127.0004664514248,1,60.634209833951104,3.0359753337455704,0.16284027768524564,26886.199999999997,0,0.0010568285,9,18,R5
2026-05-27 02:00:00,-11,-5,35.91590325447802,126.86729484002636,1,84.94545056963324,2.1199257936358737,0.12227375092351105,20604.899999999998,0,0.00042805387,10,7,R5
2026-05-31 00:00:00,0,0,35.96113574950244,126.9893688171416,0,88.95121854720344,0.7468779133578557,,,0,0.0076900325,1,100,R5
2026-05-31 00:00:00,-2,-3,35.93399625248779,126.96717354857519,0,89.14791705241703,0.7683337624076827,,,0,0.007094098,2,92,R5
2026-05-31 00:00:00,1,0,35.96113574950244,127.0004664514248,0,88.87395115009895,0.7429887102224481,,,0,0.005146257,3,67,R5
2026-05-31 00:00:00,1,-1,35.95208925049756,127.0004664514248,0,90.72511615433706,0.7763128866946923,,,0,0.0041823704,4,54,R5
2026-05-31 00:00:00,9,1,35.97018224850733,127.08924752569042,0,60.94554244213242,0.46646957108657144,,,1,0.003314726,5,43,R5
2026-05-31 00:00:00,0,-1,35.95208925049756,126.9893688171416,0,90.86673215822907,0.7800629651898751,,,0,0.001941091,6,25,R5
2026-05-31 00:00:00,-1,0,35.96113574950244,126.97827118285839,0,88.06224560161002,0.7369523236378487,,,0,0.0014859121,7,19,R5
2026-05-31 00:00:00,-2,-2,35.94304275149267,126.96717354857519,0,89.20800532738889,0.763958750810976,,,0,0.0008311178,8,11,R5
2026-05-31 00:00:00,2,0,35.96113574950244,127.011564085708,0,87.93446053626599,0.7252731531589582,,,0,0.0006627803,9,9,R5
2026-05-31 00:00:00,-1,-1,35.95208925049756,126.97827118285839,0,90.07140277756866,0.7691629429305414,,,0,0.0005732408,10,7,R5
2026-06-01 01:00:00,9,1,35.97018224850733,127.08924752569042,0,114.21670107061834,0.5220730508843728,,,1,0.01048015,1,100,R5
2026-06-01 01:00:00,-2,-3,35.93399625248779,126.96717354857519,0,120.48070098017911,0.1173144639044048,,,0,0.00620848,2,59,R5
2026-06-01 01:00:00,0,0,35.96113574950244,126.9893688171416,0,114.37738476568882,0.11824941203762715,,,0,0.0040138084,3,38,R5
2026-06-01 01:00:00,1,0,35.96113574950244,127.0004664514248,0,114.66178329916232,0.12191334505878487,,,0,0.0031135436,4,30,R5
2026-06-01 01:00:00,0,-1,35.95208925049756,126.9893688171416,0,116.26163205851196,0.05047582245983864,,,0,0.0028005522,5,27,R5
2026-06-01 01:00:00,-1,0,35.96113574950244,126.97827118285839,0,113.99125609112747,0.14570043492009904,,,0,0.0016825213,6,16,R5
2026-06-01 01:00:00,1,-1,35.95208925049756,127.0004664514248,0,116.2391465626456,0.057527041463742754,,,0,0.0012311476,7,12,R5
2026-06-01 01:00:00,-1,-3,35.93399625248779,126.97827118285839,0,120.0154304401089,0.042149804175789084,,,0,0.0011952728,8,11,R5
2026-06-01 01:00:00,-12,-5,35.91590325447802,126.85619720574316,0,125.8619801612681,0.9483169960841945,,,0,0.0009938468,9,9,R5
2026-06-01 01:00:00,-2,-2,35.94304275149267,126.96717354857519,0,118.3797689899144,0.11404982718921543,,,0,0.00063477014,10,6,R5
2026-06-01 08:00:00,9,1,35.97018224850733,127.08924752569042,1,91.43129614794549,0.6774792804379884,,,1,0.15061772,1,100,R5
2026-06-01 08:00:00,-2,-3,35.93399625248779,126.96717354857519,1,46.364690921667204,0.20692279947104497,,,0,0.010749478,2,7,R5
2026-06-01 08:00:00,-1,0,35.96113574950244,126.97827118285839,1,61.59371855863856,0.2495332611927375,,,0,0.008589187,3,6,R5
2026-06-01 08:00:00,0,0,35.96113574950244,126.9893688171416,1,43.827772696851866,0.22166949007738598,,,0,0.008148166,4,5,R5
2026-06-01 08:00:00,1,0,35.96113574950244,127.0004664514248,1,43.85072130633489,0.22595310231068105,,,0,0.0048469487,5,3,R5
2026-06-01 08:00:00,0,-1,35.95208925049756,126.9893688171416,1,14.496486747071572,0.14972351402033277,,,0,0.003360115,6,2,R5
2026-06-01 08:00:00,-12,-5,35.91590325447802,126.85619720574316,1,153.80989467806523,1.179369248109032,0.5935751855519164,112219.89999999997,0,0.002252165,7,1,R5
2026-06-01 08:00:00,3,-1,35.95208925049756,127.0226617199912,1,61.108015678480115,0.26297126630287043,,,0,0.0015506552,8,1,R5
2026-06-01 08:00:00,1,-1,35.95208925049756,127.0004664514248,1,17.176278514023522,0.15670847680426037,,,0,0.0015163437,9,1,R5
2026-06-01 08:00:00,-1,-3,35.93399625248779,126.97827118285839,1,11.919452777224933,0.13826133450359884,,,0,0.0014356634,10,1,R5
2026-06-01 09:00:00,9,1,35.97018224850733,127.08924752569042,0,126.41131184446505,1.4902871102632187,0.0036662335054515913,863.6,0,0.03010057,1,100,R5
2026-06-01 09:00:00,-2,-3,35.93399625248779,126.96717354857519,0,117.42610609854773,2.102246494692315,0.2820535747730461,23342.5,0,0.007583709,2,25,R5
2026-06-01 09:00:00,-1,0,35.96113574950244,126.97827118285839,0,118.30992751016157,2.0298830450491008,0.3418460650562532,39329.8,1,0.0065693003,3,22,R5
2026-06-01 09:00:00,0,0,35.96113574950244,126.9893688171416,0,117.74210944939057,2.060433286996378,0.3314321943040264,50760.09999999999,0,0.0051647294,4,17,R5
2026-06-01 09:00:00,-11,-5,35.91590325447802,126.86729484002636,0,150.2184908592908,1.5613886899331413,0.3679208614095524,62000.0,0,0.004285675,5,14,R5
2026-06-01 09:00:00,-12,-5,35.91590325447802,126.85619720574316,0,155.2438395688199,1.5513129434084982,0.6466981491355015,122263.19999999998,0,0.002708057,6,9,R5
2026-06-01 09:00:00,-1,-3,35.93399625248779,126.97827118285839,0,116.45807342350713,2.1649680107276454,0.35045090906908805,35040.5,0,0.0025456774,7,8,R5
2026-06-01 09:00:00,1,0,35.96113574950244,127.0004664514248,0,117.71731854373417,2.05453869141488,0.3802346103575967,62779.7,0,0.0020758114,8,7,R5
2026-06-01 09:00:00,1,-1,35.95208925049756,127.0004664514248,0,116.68322003540425,2.1398187962118356,0.40168107662891994,59936.399999999994,0,0.0018950648,9,6,R5
2026-06-01 09:00:00,0,-1,35.95208925049756,126.9893688171416,0,116.63163567098724,2.1473233170084924,0.5484762377900934,61052.7,0,0.0018773917,10,6,R5
2026-06-02 04:00:00,9,1,35.97018224850733,127.08924752569042,1,64.85897450905043,0.6600309439446415,,,0,0.022762628,1,100,R5
2026-06-02 04:00:00,-1,0,35.96113574950244,126.97827118285839,1,51.200678907974066,0.8011132703158449,,,1,0.0053696167,2,24,R5
2026-06-02 04:00:00,-2,-3,35.93399625248779,126.96717354857519,1,50.924815363108564,0.818591813743183,,,0,0.005296632,3,23,R5
2026-06-02 04:00:00,0,0,35.96113574950244,126.9893688171416,1,50.65624889932826,0.7975565050967288,,,0,0.003411455,4,15,R5
2026-06-02 04:00:00,1,0,35.96113574950244,127.0004664514248,1,50.78789017403369,0.7939769136120025,,,0,0.0023365105,5,10,R5
2026-06-02 04:00:00,-12,-5,35.91590325447802,126.85619720574316,1,87.95266824978592,1.2852942361337698,0.11347970142432783,21454.199999999997,0,0.0020818606,6,9,R5
2026-06-02 04:00:00,0,-1,35.95208925049756,126.9893688171416,1,49.273243432684126,0.8016822406612235,,,0,0.0018195893,7,8,R5
2026-06-02 04:00:00,-11,-5,35.91590325447802,126.86729484002636,1,84.11735295810223,1.2393226201569074,0.12227375092351105,20604.899999999998,0,0.0013834565,8,6,R5
2026-06-02 04:00:00,1,-1,35.95208925049756,127.0004664514248,1,49.43725959197877,0.8005122720558528,,,0,0.0008294668,9,4,R5
2026-06-02 04:00:00,-2,-2,35.94304275149267,126.96717354857519,1,50.767691322541225,0.8141997442919866,,,0,0.0005952718,10,3,R5
2026-06-02 05:00:00,9,1,35.97018224850733,127.08924752569042,0,47.934439266868196,0.4473391735919101,,,0,0.030234495,1,100,R5
2026-06-02 05:00:00,-1,0,35.96113574950244,126.97827118285839,0,13.56585038529829,0.3515216828274974,,,0,0.0047324058,2,16,R5
2026-06-02 05:00:00,-2,-3,35.93399625248779,126.96717354857519,0,11.44444693427755,0.3520075204336986,,,0,0.0038410064,3,13,R5
2026-06-02 05:00:00,0,0,35.96113574950244,126.9893688171416,0,10.882433817315132,0.34113182046000384,,,0,0.003236876,4,11,R5
2026-06-02 05:00:00,1,0,35.96113574950244,127.0004664514248,0,11.269437557845208,0.3416610091146944,,,0,0.0022638214,5,7,R5
2026-06-02 05:00:00,0,-1,35.95208925049756,126.9893688171416,0,4.560926412970161,0.3191333915499224,,,0,0.0015739897,6,5,R5
2026-06-02 05:00:00,-12,-5,35.91590325447802,126.85619720574316,0,107.41295961522991,0.9930005755708943,,,0,0.0011759436,7,4,R5
2026-06-02 05:00:00,-11,-5,35.91590325447802,126.86729484002636,0,102.07929767552201,0.9430104055336905,,,0,0.00093186257,8,3,R5
2026-06-02 05:00:00,1,-1,35.95208925049756,127.0004664514248,0,5.2171996598784744,0.3214710370941379,,,0,0.00074832834,9,2,R5
2026-06-02 05:00:00,3,-1,35.95208925049756,127.0226617199912,0,15.44392991149391,0.35993240567664325,,,0,0.0005867945,10,2,R5
2026-06-03 07:00:00,9,1,35.97018224850733,127.08924752569042,1,174.0152554938736,0.9846535418535007,,,1,0.004697044,1,100,R5
2026-06-03 07:00:00,0,-1,35.95208925049756,126.9893688171416,1,173.48502553549724,1.5680027256804618,0.19587506614214117,21803.5,0,0.0008975421,2,19,R5
2026-06-03 07:00:00,2,0,35.96113574950244,127.011564085708,1,173.96718003439003,1.4712597502922757,0.20217443723880438,44521.5,0,0.0007647578,3,16,R5
2026-06-03 07:00:00,-1,-1,35.95208925049756,126.97827118285839,1,173.72015628265683,1.5517228193252943,0.204517954129809,22209.3,0,0.0005322113,4,11,R5
2026-06-03 07:00:00,-12,-5,35.91590325447802,126.85619720574316,1,188.6786178570239,1.7118703972122524,0.6288099499834972,118881.29999999999,0,0.000515313,5,11,R5
2026-06-03 07:00:00,1,0,35.96113574950244,127.0004664514248,1,173.88289274875706,1.5035038531991018,0.14728074627606932,24317.199999999997,0,0.0004980257,6,11,R5
2026-06-03 07:00:00,-1,0,35.96113574950244,126.97827118285839,1,174.22459041038633,1.4983013288715141,0.1117537235595978,12857.4,0,0.00039938316,7,9,R5
2026-06-03 07:00:00,-2,-3,35.93399625248779,126.96717354857519,1,173.98367288463726,1.5542896460758486,0.2322922796405471,19224.300000000003,0,0.00039216992,8,8,R5
2026-06-03 07:00:00,3,-1,35.95208925049756,127.0226617199912,1,173.82188515083578,1.4767918687395831,0.1512678170311718,41301.0,0,0.0003644512,9,8,R5
2026-06-03 07:00:00,0,0,35.96113574950244,126.9893688171416,1,173.9418128598087,1.5120374344937957,0.15557563703936828,23827.0,0,0.0003604798,10,8,R5
2026-06-04 06:00:00,9,1,35.97018224850733,127.08924752569042,0,54.52902554809236,0.7167264702661224,,,0,0.029291436,1,100,R5
2026-06-04 06:00:00,-2,-3,35.93399625248779,126.96717354857519,0,45.516076458362136,0.976251686922822,,,0,0.012807161,2,44,R5
2026-06-04 06:00:00,1,0,35.96113574950244,127.0004664514248,0,45.696854916293375,0.9515532951488335,,,0,0.0026542943,3,9,R5
2026-06-04 06:00:00,0,0,35.96113574950244,126.9893688171416,0,45.60904572926751,0.9549728887305748,,,0,0.0025882341,4,9,R5
2026-06-04 06:00:00,0,-1,35.95208925049756,126.9893688171416,0,44.95430048355388,0.9842184706481613,,,0,0.0014455981,5,5,R5
2026-06-04 06:00:00,-1,0,35.96113574950244,126.97827118285839,0,45.837208874217424,0.9469357810182102,,,0,0.0011731675,6,4,R5
2026-06-04 06:00:00,-12,-5,35.91590325447802,126.85619720574316,0,88.92061021332705,0.952788730782892,,,0,0.0011489935,7,4,R5
2026-06-04 06:00:00,1,-1,35.95208925049756,127.0004664514248,0,45.04415571325819,0.981539293102309,,,0,0.0007065013,8,2,R5
2026-06-04 06:00:00,-6,-3,35.93399625248779,126.92278301144238,0,50.593983569721786,0.9008133477139525,,,0,0.0006480925,9,2,R5
2026-06-04 06:00:00,-1,-1,35.95208925049756,126.97827118285839,0,45.214278534862615,0.9753527806584577,,,0,0.00048760962,10,2,R5
2026-06-06 04:00:00,9,1,35.97018224850733,127.08924752569042,0,107.33125968361378,0.3977886750511756,,,0,0.0029864002,1,100,R5
2026-06-06 04:00:00,1,0,35.96113574950244,127.0004664514248,0,34.926055726182426,0.1646002502121448,,,0,0.0028300558,2,95,R5
2026-06-06 04:00:00,-2,-3,35.93399625248779,126.96717354857519,0,34.63532235441136,0.16452765424179197,,,0,0.002649608,3,89,R5
2026-06-06 04:00:00,0,0,35.96113574950244,126.9893688171416,0,31.49089697536232,0.1616272843162322,,,0,0.0017477521,4,59,R5
2026-06-06 04:00:00,0,-1,35.95208925049756,126.9893688171416,0,12.401369339150676,0.12714649698498842,,,1,0.00079786923,5,27,R5
2026-06-06 04:00:00,-1,0,35.96113574950244,126.97827118285839,0,37.48563341222814,0.1745965021231813,,,0,0.0007180507,6,24,R5
2026-06-06 04:00:00,-4,-3,35.93399625248779,126.94497828000878,0,93.47725946265155,0.2771899607855985,,,0,0.0006424177,7,22,R5
2026-06-06 04:00:00,-1,-1,35.95208925049756,126.97827118285839,0,20.25688447265304,0.14291728323359043,,,0,0.00047374424,8,16,R5
2026-06-06 04:00:00,1,-1,35.95208925049756,127.0004664514248,0,15.306742838906928,0.13148712797900008,,,0,0.00039294918,9,13,R5
2026-06-06 04:00:00,-2,-2,35.94304275149267,126.96717354857519,0,31.01160675857807,0.1608799568356982,,,0,0.00032343745,10,11,R5
2026-06-06 06:00:00,9,1,35.97018224850733,127.08924752569042,0,93.88493866603841,0.49002329919773185,,,0,0.008044341,1,100,R5
2026-06-06 06:00:00,1,0,35.96113574950244,127.0004664514248,0,92.55943556514023,0.1125861596202534,,,0,0.0051581026,2,64,R5
2026-06-06 06:00:00,0,-1,35.95208925049756,126.9893688171416,0,94.7488036261106,0.046175162086842275,,,0,0.0044369013,3,55,R5
2026-06-06 06:00:00,-2,-3,35.93399625248779,126.96717354857519,0,98.20493265807363,0.10731649273252974,,,1,0.0035527833,4,44,R5
2026-06-06 06:00:00,0,0,35.96113574950244,126.9893688171416,0,92.14286963140319,0.10898562268857469,,,0,0.0029826995,5,37,R5
2026-06-06 06:00:00,-4,-3,35.93399625248779,126.94497828000878,0,98.5781373493179,0.31056561679435746,,,0,0.00091644545,6,11,R5
2026-06-06 06:00:00,-1,0,35.96113574950244,126.97827118285839,0,91.73633858818681,0.13398962301264622,,,0,0.00084113935,7,10,R5
2026-06-06 06:00:00,-12,-5,35.91590325447802,126.85619720574316,0,112.24537570336491,1.0674833386960194,0.30827165900762515,58281.09999999999,0,0.0007975356,8,10,R5
2026-06-06 06:00:00,1,-1,35.95208925049756,127.0004664514248,0,95.10796898508772,0.052546279230993885,,,0,0.0007365554,9,9,R5
2026-06-06 06:00:00,-1,-1,35.95208925049756,126.97827118285839,0,94.45338786599518,0.07445413170130205,,,0,0.0007141324,10,9,R5
2026-06-09 06:00:00,9,1,35.97018224850733,127.08924752569042,1,93.50766692763602,0.5211368568792283,,,0,0.023468131,1,100,R5
2026-06-09 06:00:00,1,0,35.96113574950244,127.0004664514248,1,74.07608795561919,0.6697201887210006,,,0,0.00883004,2,38,R5
2026-06-09 06:00:00,-1,0,35.96113574950244,126.97827118285839,1,74.91368818547977,0.6660696362666949,,,1,0.008551237,3,36,R5
2026-06-09 06:00:00,-2,-3,35.93399625248779,126.96717354857519,1,74.07911942307328,0.6920768055200502,,,0,0.004066114,4,17,R5
2026-06-09 06:00:00,0,0,35.96113574950244,126.9893688171416,1,73.94536879041652,0.671569554435531,,,0,0.001978724,5,8,R5
2026-06-09 06:00:00,0,-1,35.95208925049756,126.9893688171416,1,71.69726858403288,0.6911002750979885,,,0,0.0010145406,6,4,R5
2026-06-09 06:00:00,-12,-5,35.91590325447802,126.85619720574316,1,111.17249991873905,0.7104587343265756,,,0,0.00063291594,7,3,R5
2026-06-09 06:00:00,1,-1,35.95208925049756,127.0004664514248,1,71.91983042434885,0.6895960700365448,,,0,0.00054208003,8,2,R5
2026-06-09 06:00:00,-1,-1,35.95208925049756,126.97827118285839,1,72.7235325338952,0.6860824767456425,,,0,0.0005411596,9,2,R5
2026-06-09 06:00:00,-4,-3,35.93399625248779,126.94497828000878,1,82.59498832978056,0.6807580356185856,,,0,0.00041006654,10,2,R5
2026-06-09 07:00:00,9,1,35.97018224850733,127.08924752569042,0,90.3655806535827,0.38286320655054007,,,0,0.029467637,1,100,R5
2026-06-09 07:00:00,-1,0,35.96113574950244,126.97827118285839,0,117.07006062165374,0.6222051247737632,,,0,0.008871395,2,30,R5
2026-06-09 07:00:00,1,0,35.96113574950244,127.0004664514248,0,117.51213209862794,0.6340892094137199,,,0,0.008589164,3,29,R5
2026-06-09 07:00:00,-2,-3,35.93399625248779,126.96717354857519,0,117.60671547842259,0.6559763175362805,,,1,0.0040771817,4,14,R5
2026-06-09 07:00:00,0,0,35.96113574950244,126.9893688171416,0,117.66437488140991,0.6364935239631794,,,0,0.0022018398,5,7,R5
2026-06-09 07:00:00,0,-1,35.95208925049756,126.9893688171416,0,119.11548590935308,0.6761100971439623,,,0,0.0011118288,6,4,R5
2026-06-09 07:00:00,-12,-5,35.91590325447802,126.85619720574316,0,53.42675488209642,0.3530771099789048,,,0,0.0006523787,7,2,R5
2026-06-09 07:00:00,1,-1,35.95208925049756,127.0004664514248,0,118.94561655015701,0.6728101984717729,,,0,0.0006212813,8,2,R5
2026-06-09 07:00:00,-1,-1,35.95208925049756,126.97827118285839,0,118.49317123956325,0.6615123241766784,,,0,0.0006189113,9,2,R5
2026-06-09 07:00:00,-4,-3,35.93399625248779,126.94497828000878,0,111.27577187701576,0.5733289651452066,,,0,0.0005148479,10,2,R5
2026-06-10 02:00:00,9,1,35.97018224850733,127.08924752569042,0,303.5707611316827,0.9286240666659501,,,1,0.0037400525,1,100,R5
2026-06-10 02:00:00,-1,0,35.96113574950244,126.97827118285839,0,268.83806852459156,1.0187575047122448,0.014169343735658558,1630.2,0,0.0016212031,2,43,R5
2026-06-10 02:00:00,-2,-3,35.93399625248779,126.96717354857519,0,265.58576034747375,1.0203498571032454,0.011570932985013127,957.6,0,0.0014413862,3,39,R5
2026-06-10 02:00:00,0,-1,35.95208925049756,126.9893688171416,0,262.98685701236946,1.0062661587391293,0.0035844773266087704,399.0,0,0.0007122171,4,19,R5
2026-06-10 02:00:00,0,0,35.96113574950244,126.9893688171416,0,267.08182000197644,1.0115542787389966,0.01190959675829134,1824.0,0,0.0005315163,5,14,R5
2026-06-10 02:00:00,-4,-3,35.93399625248779,126.94497828000878,0,275.87462456418217,1.062398409088516,0.036769849995002865,2023.5,0,0.0004821935,6,13,R5
2026-06-10 02:00:00,1,0,35.96113574950244,127.0004664514248,0,267.2699093600942,1.0081834272411492,0.0031415838621797402,518.7,0,0.0003867684,7,10,R5
2026-06-10 02:00:00,-6,-3,35.93399625248779,126.92278301144238,0,286.7760073005549,1.110446967797764,0.020437080476175706,1778.4,0,0.00023093521,8,6,R5
2026-06-10 02:00:00,-12,-5,35.91590325447802,126.85619720574316,0,294.32607898718123,1.16577199827543,0.0,0.0,0,0.0002090754,9,6,R5
2026-06-10 02:00:00,-1,-1,35.95208925049756,126.97827118285839,0,264.5884450997947,1.0117256694060783,0.010917790583958142,1185.6000000000001,0,0.00020140268,10,5,R5
2026-06-10 08:00:00,1,0,35.96113574950244,127.0004664514248,0,122.5855371576468,0.5830737379562355,,,0,0.0222266,1,100,R5
2026-06-10 08:00:00,9,1,35.97018224850733,127.08924752569042,0,198.42142291006823,0.7437601083088236,,,1,0.019913455,2,90,R5
2026-06-10 08:00:00,0,0,35.96113574950244,126.9893688171416,0,122.47286384696753,0.5845942774123593,,,0,0.014867612,3,67,R5
2026-06-10 08:00:00,0,-1,35.95208925049756,126.9893688171416,0,113.15664680368411,0.5350825828248921,,,0,0.010555183,4,47,R5
2026-06-10 08:00:00,-2,-3,35.93399625248779,126.96717354857519,0,121.30012586671546,0.5857128656755364,,,0,0.010001607,5,45,R5
2026-06-10 08:00:00,-1,0,35.96113574950244,126.97827118285839,0,126.99623531230861,0.6090266510582047,,,0,0.0077767167,6,35,R5
2026-06-10 08:00:00,-1,-1,35.95208925049756,126.97827118285839,0,117.19063139724625,0.5592726609049494,,,0,0.0016459828,7,7,R5
2026-06-10 08:00:00,1,-1,35.95208925049756,127.0004664514248,0,113.7633080179794,0.5379490036425375,,,0,0.0015418265,8,7,R5
2026-06-10 08:00:00,-2,-2,35.94304275149267,126.96717354857519,0,121.3498922256299,0.5850084489771082,,,0,0.0008310305,9,4,R5
2026-06-10 08:00:00,-4,-3,35.93399625248779,126.94497828000878,0,151.37564949385603,0.7662083660027499,,,0,0.00075854844,10,3,R5
2026-06-11 06:00:00,9,1,35.97018224850733,127.08924752569042,1,118.84580574969232,0.21650845470763758,,,0,0.023417212,1,100,R5
2026-06-11 06:00:00,-2,-3,35.93399625248779,126.96717354857519,1,126.07319100078075,0.04902486469035408,,,1,0.00913052,2,39,R5
2026-06-11 06:00:00,1,0,35.96113574950244,127.0004664514248,1,123.58263206062588,0.04695598290959356,,,0,0.008502234,3,36,R5
2026-06-11 06:00:00,0,0,35.96113574950244,126.9893688171416,1,124.27772949867784,0.0447619513099732,,,0,0.0060514547,4,26,R5
2026-06-11 06:00:00,-1,0,35.96113574950244,126.97827118285839,1,124.9333615822054,0.05413377962843238,,,0,0.005394684,5,23,R5
2026-06-11 06:00:00,0,-1,35.95208925049756,126.9893688171416,1,124.3012939449493,0.019883991483632808,,,0,0.0031155755,6,13,R5
2026-06-11 06:00:00,1,-1,35.95208925049756,127.0004664514248,1,123.53252687768696,0.022939354703974315,,,0,0.0012414966,7,5,R5
2026-06-11 06:00:00,-1,-1,35.95208925049756,126.97827118285839,1,125.02424289784653,0.03161702055820936,,,0,0.0012382116,8,5,R5
2026-06-11 06:00:00,-4,-3,35.93399625248779,126.94497828000878,1,127.3827379820579,0.13961108896478996,,,0,0.0008290138,9,4,R5
2026-06-11 06:00:00,-2,-2,35.94304275149267,126.96717354857519,1,125.86445537209295,0.04583319045118089,,,0,0.0007017304,10,3,R5
2026-06-11 07:00:00,9,1,35.97018224850733,127.08924752569042,0,144.34069832302714,0.5898279251170679,,,1,0.013064635,1,100,R5
2026-06-11 07:00:00,-2,-3,35.93399625248779,126.96717354857519,0,142.73656543234858,0.7728886682985308,,,0,0.005673053,2,43,R5
2026-06-11 07:00:00,1,0,35.96113574950244,127.0004664514248,0,142.2190595006084,0.753676133840542,,,0,0.002569734,3,20,R5
2026-06-11 07:00:00,-1,0,35.96113574950244,126.97827118285839,0,142.5545661722839,0.7439001367664506,,,0,0.0020052774,4,15,R5
2026-06-11 07:00:00,0,0,35.96113574950244,126.9893688171416,0,142.24107576013057,0.7547698226752491,,,0,0.0016362382,5,13,R5
2026-06-11 07:00:00,0,-1,35.95208925049756,126.9893688171416,0,141.72446492219137,0.783984896980741,,,0,0.0010468102,6,8,R5
2026-06-11 07:00:00,-1,-1,35.95208925049756,126.97827118285839,0,142.04638578387613,0.7736963450950887,,,0,0.0004820331,7,4,R5
2026-06-11 07:00:00,1,-1,35.95208925049756,127.0004664514248,0,141.75492896005454,0.7821690465553371,,,0,0.00046709683,8,4,R5
2026-06-11 07:00:00,-4,-3,35.93399625248779,126.94497828000878,0,147.0454350122377,0.7185035324590316,,,0,0.0004315061,9,3,R5
2026-06-11 07:00:00,-12,-5,35.91590325447802,126.85619720574316,0,211.76660502632515,0.6369389214887514,,,0,0.00031193308,10,2,R5
2026-06-12 07:00:00,9,1,35.97018224850733,127.08924752569042,0,127.8281909616561,0.7784447626754115,,,1,0.024081862,1,100,R5
2026-06-12 07:00:00,1,0,35.96113574950244,127.0004664514248,0,120.82299091669114,1.205685524685961,0.38089054544970014,62888.0,0,0.0095336065,2,40,R5
2026-06-12 07:00:00,0,0,35.96113574950244,126.9893688171416,0,120.76765996129035,1.2116218647985821,0.3916331165142491,59980.1,0,0.0035805383,3,15,R5
2026-06-12 07:00:00,-1,0,35.96113574950244,126.97827118285839,0,121.01654544701302,1.1949325450360875,0.3748913527194848,43131.7,0,0.0029764406,4,12,R5
2026-06-12 07:00:00,0,-1,35.95208925049756,126.9893688171416,0,120.16519780513238,1.267265771332829,0.431113802214111,47988.7,0,0.0011455411,5,5,R5
2026-06-12 07:00:00,-2,-3,35.93399625248779,126.96717354857519,0,120.99587844023227,1.244812826587917,0.19566065846535305,16192.7,0,0.00093523104,6,4,R5
2026-06-12 07:00:00,3,-1,35.95208925049756,127.0226617199912,0,121.3569188924883,1.1854523200436147,0.49187000951902027,134296.4,0,0.0007040485,7,3,R5
2026-06-12 07:00:00,-12,-5,35.91590325447802,126.85619720574316,0,145.71797164275222,1.1328934897827965,0.4869949687291069,92070.09999999999,0,0.00069060695,8,3,R5
2026-06-12 07:00:00,-4,-3,35.93399625248779,126.94497828000878,0,124.01269911158522,1.1547944887993828,0.07118650227596922,3917.5,0,0.00062677386,9,3,R5
2026-06-12 07:00:00,-1,-1,35.95208925049756,126.97827118285839,0,120.46056203361047,1.2489042124863965,0.48479557689509684,52645.600000000006,0,0.00058470684,10,2,R5
2026-06-12 23:00:00,9,1,35.97018224850733,127.08924752569042,0,185.0439609932784,0.9659126479366745,,,1,0.014087972,1,100,R5
2026-06-12 23:00:00,1,0,35.96113574950244,127.0004664514248,0,176.93814646590124,1.3980009914313503,0.14717717757731616,24300.1,0,0.0026757745,2,19,R5
2026-06-12 23:00:00,-1,0,35.96113574950244,126.97827118285839,0,177.06232273314004,1.3831911430157897,0.1059050231549084,12184.5,0,0.0024190962,3,17,R5
2026-06-12 23:00:00,-1,-1,35.95208925049756,126.97827118285839,0,176.63312355116545,1.4425289034869428,0.09027528376494337,9803.300000000001,0,0.0022596137,4,16,R5
2026-06-12 23:00:00,-2,-3,35.93399625248779,126.96717354857519,0,177.1423804256185,1.4363306816260566,0.23415189387028137,19378.200000000004,0,0.0014921753,5,11,R5
2026-06-12 23:00:00,0,-1,35.95208925049756,126.9893688171416,0,176.39071854347037,1.463737456008968,0.19479702784842423,21683.5,0,0.0012485032,6,9,R5
2026-06-12 23:00:00,0,0,35.96113574950244,126.9893688171416,0,176.8733541581007,1.403195042245239,0.14310777793303203,21917.5,0,0.0010488956,7,7,R5
2026-06-12 23:00:00,-1,-3,35.93399625248779,126.97827118285839,0,176.38687768470106,1.4768107517863291,0.11906659772430189,11905.1,0,0.000942019,8,7,R5
2026-06-12 23:00:00,-12,-5,35.91590325447802,126.85619720574316,0,205.38714075478407,1.13988020044584,0.5110960892341805,96626.59999999999,0,0.0009046565,9,6,R5
2026-06-12 23:00:00,-4,-3,35.93399625248779,126.94497828000878,0,179.91872492279208,1.3240303737640635,0.5435396091329511,29911.799999999996,0,0.0008603551,10,6,R5
2026-06-13 03:00:00,9,1,35.97018224850733,127.08924752569042,0,108.24060095672849,0.7511236329921277,,,0,0.0090537835,1,100,R5
2026-06-13 03:00:00,1,0,35.96113574950244,127.0004664514248,0,50.76802105361179,0.6334422938758328,,,0,0.0073572993,2,81,R5
2026-06-13 03:00:00,-2,-3,35.93399625248779,126.96717354857519,0,50.42810303284131,0.6464065516513341,,,0,0.0031463623,3,35,R5
2026-06-13 03:00:00,-1,0,35.96113574950244,126.97827118285839,0,52.12627057768145,0.637911117421043,,,0,0.002385758,4,26,R5
2026-06-13 03:00:00,0,0,35.96113574950244,126.9893688171416,0,50.158499580884836,0.6315896189401555,,,1,0.0017516738,5,19,R5
2026-06-13 03:00:00,-1,-1,35.95208925049756,126.97827118285839,0,47.278138846853835,0.6256160228369599,,,0,0.0012366949,6,14,R5
2026-06-13 03:00:00,0,-1,35.95208925049756,126.9893688171416,0,45.110218699662084,0.6163284657007229,,,0,0.0010567252,7,12,R5
2026-06-13 03:00:00,-1,-3,35.93399625248779,126.97827118285839,0,44.61416061537187,0.6170075240479754,,,0,0.00054596487,8,6,R5
2026-06-13 03:00:00,-4,-3,35.93399625248779,126.94497828000878,0,71.09355922850057,0.7294844314781108,,,0,0.00043188408,9,5,R5
2026-06-13 03:00:00,1,-1,35.95208925049756,127.0004664514248,0,45.755030283712074,0.6191558590787039,,,0,0.00041928384,10,5,R5
2026-06-14 08:00:00,1,0,35.96113574950244,127.0004664514248,1,72.92645164120046,1.6749980903255022,0.1373405738553842,22676.0,0,0.020204479,1,100,R5
2026-06-14 08:00:00,-1,0,35.96113574950244,126.97827118285839,1,73.03629411458229,1.6545297824544354,0.2752956944386499,31673.1,0,0.013244365,2,66,R5
2026-06-14 08:00:00,0,0,35.96113574950244,126.9893688171416,1,73.01653269268695,1.680424325801142,0.252663009340937,38696.299999999996,0,0.009588793,3,47,R5
2026-06-14 08:00:00,-2,-3,35.93399625248779,126.96717354857519,1,73.53437104103847,1.7132774306950214,0.3915545239133823,32404.7,1,0.008217433,4,41,R5
2026-06-14 08:00:00,0,-1,35.95208925049756,126.9893688171416,1,73.26277042301615,1.753805232472179,0.2720411666889761,30281.8,0,0.006472157,5,32,R5
2026-06-14 08:00:00,-4,-3,35.93399625248779,126.94497828000878,1,74.22473963914217,1.5599318422467725,0.21651236110227778,11915.0,0,0.006316424,6,31,R5
2026-06-14 08:00:00,9,1,35.97018224850733,127.08924752569042,1,64.202352714153,1.179560741327283,0.04490244533020088,10577.0,0,0.004727435,7,23,R5
2026-06-14 08:00:00,-2,-2,35.94304275149267,126.96717354857519,1,73.41896319870676,1.707354846953355,0.25718800828811716,18357.9,0,0.003794954,8,19,R5
2026-06-14 08:00:00,1,-1,35.95208925049756,127.0004664514248,1,73.23695373484219,1.7467574012513887,0.26510867955331235,39557.899999999994,0,0.0028428116,9,14,R5
2026-06-14 08:00:00,-12,-5,35.91590325447802,126.85619720574316,1,89.68294334735731,1.263417795502471,0.11347970142432783,21454.199999999997,0,0.0016888623,10,8,R5
2026-06-14 20:00:00,9,1,35.97018224850733,127.08924752569042,1,248.82638062501343,1.578834097949828,0.30655120606601177,72209.7,0,0.006554231,1,100,R5
2026-06-14 20:00:00,-2,-3,35.93399625248779,126.96717354857519,1,235.23193653234995,2.0404665987582877,0.23132199359345376,19144.0,0,0.005922099,2,90,R5
2026-06-14 20:00:00,-4,-3,35.93399625248779,126.94497828000878,1,229.11815002796604,1.9555595869695048,0.14162434242206737,7793.8,0,0.0045855506,3,70,R5
2026-06-14 20:00:00,-1,0,35.96113574950244,126.97827118285839,1,235.77555710389436,1.9892714611749471,0.008422337185531311,969.0,0,0.0020543865,4,31,R5
2026-06-14 20:00:00,0,0,35.96113574950244,126.9893688171416,1,236.2327678810703,2.0079400636203264,0.0010048722264808319,153.9,0,0.0015295312,5,23,R5
2026-06-14 20:00:00,-12,-5,35.91590325447802,126.85619720574316,1,142.49745181967415,2.202013830276775,0.3728011992112456,70480.89999999998,0,0.0011091884,6,17,R5
2026-06-14 20:00:00,0,-1,35.95208925049756,126.9893688171416,1,236.47846099579493,2.0645566032941587,0.004967061438300725,552.9,0,0.0010329648,7,16,R5
2026-06-14 20:00:00,-3,-3,35.93399625248779,126.95607591429199,1,233.0085753954769,1.9968266944832216,0.3392288360686797,18978.699999999993,0,0.0009676839,8,15,R5
2026-06-14 20:00:00,1,0,35.96113574950244,127.0004664514248,1,236.4573792030905,2.002579376522456,0.0,0.0,0,0.00094859867,9,14,R5
2026-06-14 20:00:00,-1,-3,35.93399625248779,126.97827118285839,1,236.34993822418016,2.077010382543888,0.22263316494460778,22260.4,0,0.0008425289,10,13,R5
2026-06-14 22:00:00,-2,-3,35.93399625248779,126.96717354857519,0,56.25086049850768,2.2350783194473625,0.3189606943526452,26396.899999999998,1,0.10465022,1,100,R5
2026-06-14 22:00:00,-2,-2,35.94304275149267,126.96717354857519,0,56.14497529831044,2.221980053892529,0.1251609360136622,8933.9,0,0.017827522,2,17,R5
2026-06-14 22:00:00,-1,0,35.96113574950244,126.97827118285839,0,56.59549675493423,2.1461413847909614,0.24687182749940892,28402.899999999998,0,0.008817456,3,8,R5
2026-06-14 22:00:00,0,0,35.96113574950244,126.9893688171416,0,56.02374111240084,2.1683971380522937,0.23346923158289248,35756.7,0,0.0078076706,4,7,R5
2026-06-14 22:00:00,1,0,35.96113574950244,127.0004664514248,0,56.051498188334506,2.1570408643658023,0.16339930639255082,26978.5,0,0.007757377,5,7,R5
2026-06-14 22:00:00,0,-1,35.95208925049756,126.9893688171416,0,54.84114640820877,2.2528961269029124,0.18464639894783466,20553.600000000002,0,0.0077018067,6,7,R5
2026-06-14 22:00:00,-4,-3,35.93399625248779,126.94497828000878,0,61.8041702950502,2.14808453591645,0.22200194434096837,12217.1,0,0.007365681,7,7,R5
2026-06-14 22:00:00,9,1,35.97018224850733,127.08924752569042,0,66.63812769253047,1.4181613019009542,0.044660463730142125,10520.0,0,0.0055484264,8,5,R5
2026-06-14 22:00:00,-1,-1,35.95208925049756,126.97827118285839,0,55.4199790205646,2.2282383182910217,0.24808597944258123,26940.5,0,0.0050976793,9,5,R5
2026-06-14 22:00:00,1,-1,35.95208925049756,127.0004664514248,0,54.93746532444544,2.243431531072759,0.2116250563787958,31577.399999999998,0,0.0026639672,10,3,R5
2026-06-15 00:00:00,-2,-3,35.93399625248779,126.96717354857519,0,357.83222714124446,0.8649330204581772,,,1,0.011870943,1,100,R5
2026-06-15 00:00:00,0,0,35.96113574950244,126.9893688171416,0,357.49592827801735,0.8379071426330841,,,0,0.008117941,2,68,R5
2026-06-15 00:00:00,9,1,35.97018224850733,127.08924752569042,0,37.06278515600167,0.8470583665894424,,,0,0.00707623,3,60,R5
2026-06-15 00:00:00,-1,0,35.96113574950244,126.97827118285839,0,359.61755392261426,0.8500818359097797,,,0,0.0031690423,4,27,R5
2026-06-15 00:00:00,1,0,35.96113574950244,127.0004664514248,0,357.76198719509716,0.8361339649677467,,,0,0.002963633,5,25,R5
2026-06-15 00:00:00,-2,-2,35.94304275149267,126.96717354857519,0,357.4720443515575,0.8570708645423702,,,0,0.0023042597,6,19,R5
2026-06-15 00:00:00,-4,-3,35.93399625248779,126.94497828000878,0,18.231844377229436,1.0035066613550283,0.023304834503875053,1282.5,0,0.0022148227,7,19,R5
2026-06-15 00:00:00,0,-1,35.95208925049756,126.9893688171416,0,352.7458137209363,0.8198135870114743,,,0,0.0016166841,8,14,R5
2026-06-15 00:00:00,-12,-5,35.91590325447802,126.85619720574316,0,95.28288171203053,1.812400820724455,0.27624226690701664,52225.69999999998,0,0.001429886,9,12,R5
2026-06-15 00:00:00,-1,-1,35.95208925049756,126.97827118285839,0,354.89965062323597,0.8337548714593869,,,0,0.00067300396,10,6,R5
2026-06-15 07:00:00,0,0,35.96113574950244,126.9893688171416,1,122.31117020627158,1.4271836182432394,0.3916331165142491,59980.1,0,0.016825322,1,100,R5
2026-06-15 07:00:00,9,1,35.97018224850733,127.08924752569042,1,110.18952882233862,1.0428565713099307,0.001645474880399533,387.6,1,0.00543105,2,32,R5
2026-06-15 07:00:00,-2,-3,35.93399625248779,126.96717354857519,1,122.47395463467024,1.4673471288393871,0.19566065846535305,16192.7,0,0.0051018507,3,30,R5
2026-06-15 07:00:00,1,0,35.96113574950244,127.0004664514248,1,122.20475040638661,1.42211174922932,0.38089054544970014,62888.0,0,0.0048587136,4,29,R5
2026-06-15 07:00:00,-1,0,35.96113574950244,126.97827118285839,1,122.03086110204288,1.4133245974153348,0.3748913527194848,43131.7,0,0.0040162373,5,24,R5
2026-06-15 07:00:00,-2,-2,35.94304275149267,126.96717354857519,1,122.52262681206668,1.4582141906988957,0.47038707300295735,33575.899999999994,0,0.0018618983,6,11,R5
2026-06-15 07:00:00,0,-1,35.95208925049756,126.9893688171416,1,123.15893431812805,1.4744885146388034,0.431113802214111,47988.7,0,0.0015521817,7,9,R5
2026-06-15 07:00:00,3,-2,35.94304275149267,127.0226617199912,1,122.08922386342192,1.4329811038165783,0.35885979314503036,96717.2,0,0.0011423016,8,7,R5
2026-06-15 07:00:00,-4,-3,35.93399625248779,126.94497828000878,1,120.09042145279204,1.4233483995474294,0.07118650227596922,3917.5,0,0.0010143479,9,6,R5
2026-06-15 07:00:00,-1,-1,35.95208925049756,126.97827118285839,1,122.83992955173971,1.4605778381263455,0.48479557689509684,52645.600000000006,0,0.0009911949,10,6,R5
2026-06-16 06:00:00,9,1,35.97018224850733,127.08924752569042,0,123.56433096938105,0.3751832832174955,,,0,0.0348548,1,100,R5
2026-06-16 06:00:00,0,0,35.96113574950244,126.9893688171416,0,101.93873232820982,0.08063361425210051,,,0,0.010086555,2,29,R5
2026-06-16 06:00:00,1,0,35.96113574950244,127.0004664514248,0,105.83635203005946,0.08354383909700513,,,0,0.009991779,3,29,R5
2026-06-16 06:00:00,-2,-3,35.93399625248779,126.96717354857519,0,106.24934918072984,0.07726262818453107,,,0,0.0099669285,4,29,R5
2026-06-16 06:00:00,-1,0,35.96113574950244,126.97827118285839,0,97.84664837643146,0.09896593313008832,,,0,0.006062586,5,17,R5
2026-06-16 06:00:00,0,-1,35.95208925049756,126.9893688171416,0,105.93080139932857,0.034222675974627796,,,0,0.0036709097,6,11,R5
2026-06-16 06:00:00,-1,-1,35.95208925049756,126.97827118285839,0,102.34821109323644,0.05481594493112345,,,0,0.0017738327,7,5,R5
2026-06-16 06:00:00,1,-1,35.95208925049756,127.0004664514248,0,109.39325819875813,0.039258813783727926,,,0,0.0015956167,8,5,R5
2026-06-16 06:00:00,-2,-2,35.94304275149267,126.96717354857519,0,102.90223166121234,0.07589371563396084,,,0,0.001314647,9,4,R5
2026-06-16 06:00:00,-4,-3,35.93399625248779,126.94497828000878,0,101.11943925079362,0.21862458722774267,,,0,0.0010717743,10,3,R5
2026-06-16 07:00:00,9,1,35.97018224850733,127.08924752569042,0,110.82715275364001,0.7590559561433926,,,1,0.036268603,1,100,R5
2026-06-16 07:00:00,-2,-3,35.93399625248779,126.96717354857519,0,126.08277872599712,0.7459761727572112,,,1,0.006672716,2,18,R5
2026-06-16 07:00:00,0,0,35.96113574950244,126.9893688171416,0,125.47217331139666,0.7309936472226006,,,0,0.0066549927,3,18,R5
2026-06-16 07:00:00,1,0,35.96113574950244,127.0004664514248,0,125.35728851944685,0.729994095355049,,,0,0.0064596683,4,18,R5
2026-06-16 07:00:00,-1,0,35.96113574950244,126.97827118285839,0,124.63567536048288,0.740407525587979,,,0,0.0048631555,5,13,R5
2026-06-16 07:00:00,0,-1,35.95208925049756,126.9893688171416,0,127.64558834738136,0.7152131368243033,,,0,0.0024805304,6,7,R5
2026-06-16 07:00:00,-1,-1,35.95208925049756,126.97827118285839,0,126.76439364602919,0.7256284218483845,,,0,0.0013381335,7,4,R5
2026-06-16 07:00:00,-4,-3,35.93399625248779,126.94497828000878,0,121.21769563574071,0.8411177280924882,,,0,0.0011544081,8,3,R5
2026-06-16 07:00:00,1,-1,35.95208925049756,127.0004664514248,0,127.4451683131856,0.7165341181290172,,,0,0.0011496606,9,3,R5
2026-06-16 07:00:00,-12,-5,35.91590325447802,126.85619720574316,0,124.35983935199124,1.3807603824964023,0.32396528888550363,61248.099999999984,0,0.0011055097,10,3,R5
2026-06-16 09:00:00,-2,-3,35.93399625248779,126.96717354857519,0,11.463875705696637,0.4281033094632855,,,0,0.04262635,1,100,R5
2026-06-16 09:00:00,9,1,35.97018224850733,127.08924752569042,0,18.083744677758716,0.7983180648428126,,,1,0.04116427,2,97,R5
2026-06-16 09:00:00,0,0,35.96113574950244,126.9893688171416,0,10.113588325619162,0.42076377709999885,,,0,0.0077020056,3,18,R5
2026-06-16 09:00:00,-1,0,35.96113574950244,126.97827118285839,0,12.93357371366426,0.44976098097764655,,,0,0.0059797913,4,14,R5
2026-06-16 09:00:00,1,0,35.96113574950244,127.0004664514248,0,9.865394067241425,0.42361961475131366,,,0,0.0058152513,5,14,R5
2026-06-16 09:00:00,0,-1,35.95208925049756,126.9893688171416,0,4.444813398093402,0.3522712893616843,,,0,0.0034669004,6,8,R5
2026-06-16 09:00:00,-1,-1,35.95208925049756,126.97827118285839,0,7.414345007514726,0.38506026435629787,,,0,0.0016782271,7,4,R5
2026-06-16 09:00:00,-12,-5,35.91590325447802,126.85619720574316,0,101.25860411992613,1.7741336528684986,0.27542822928038857,52071.79999999999,0,0.0015821588,8,4,R5
2026-06-16 09:00:00,-4,-3,35.93399625248779,126.94497828000878,0,32.68840877810982,0.6785769044887482,,,0,0.0015567968,9,4,R5
2026-06-16 09:00:00,1,-1,35.95208925049756,127.0004664514248,0,4.7883714845516465,0.358933356072059,,,0,0.0014312902,10,3,R5
2026-06-17 19:00:00,-2,-3,35.93399625248779,126.96717354857519,0,40.277786901479146,1.926255497095176,0.015634534449987976,1293.8999999999999,1,0.038278863,1,100,R5
2026-06-17 19:00:00,-1,0,35.96113574950244,126.97827118285839,0,40.16766572025762,1.838352589566535,0.3863497295117304,44450.0,0,0.006351194,2,17,R5
2026-06-17 19:00:00,0,0,35.96113574950244,126.9893688171416,0,39.902269365862026,1.8653996619899589,0.352179965498734,53937.7,0,0.0061200988,3,16,R5
2026-06-17 19:00:00,0,-1,35.95208925049756,126.9893688171416,0,39.51166616006583,1.9512933488875577,0.2616138412929992,29121.100000000002,0,0.004582658,4,12,R5
2026-06-17 19:00:00,1,0,35.96113574950244,127.0004664514248,0,39.85433495456556,1.8573550915767763,0.14854779725730707,24526.4,0,0.0044334196,5,12,R5
2026-06-17 19:00:00,9,1,35.97018224850733,127.08924752569042,0,39.78719991090969,1.2122704746044022,0.02835769635214861,6679.8,0,0.0037762278,6,10,R5
2026-06-17 19:00:00,-1,-1,35.95208925049756,126.97827118285839,0,39.765882100321846,1.923648066897846,0.2692640620884879,29240.300000000003,0,0.0030486078,7,8,R5
2026-06-17 19:00:00,-2,-2,35.94304275149267,126.96717354857519,0,40.169806124863726,1.9129381768617615,0.020363046429427017,1453.5,0,0.002364672,8,6,R5
2026-06-17 19:00:00,-12,-5,35.91590325447802,126.85619720574316,0,83.62790038428511,1.898272787824938,0.11574091705385026,21881.699999999997,0,0.0021900923,9,6,R5
2026-06-17 19:00:00,-4,-3,35.93399625248779,126.94497828000878,0,43.4226552739766,1.8087444239918378,0.010979166477381137,604.2,0,0.0014341315,10,4,R5
2026-06-17 20:00:00,-2,-3,35.93399625248779,126.96717354857519,0,63.44621954054929,2.8111761101934793,0.3297051321244431,27286.1,0,0.12455091,1,100,R5
2026-06-17 20:00:00,0,0,35.96113574950244,126.9893688171416,0,63.270533942075645,2.7365603472302062,0.23093125994914918,35368.0,0,0.028729208,2,23,R5
2026-06-17 20:00:00,-1,0,35.96113574950244,126.97827118285839,0,63.69120719957323,2.704193776699913,0.12898344389280597,14839.699999999999,0,0.017096028,3,14,R5
2026-06-17 20:00:00,1,0,35.96113574950244,127.0004664514248,0,63.20726289324955,2.7264795122128906,0.16284027768524564,26886.199999999997,0,0.015715657,4,13,R5
2026-06-17 20:00:00,0,-1,35.95208925049756,126.9893688171416,0,62.57411332530501,2.841201413675389,0.26238733376874107,29207.2,1,0.015301912,5,12,R5
2026-06-17 20:00:00,-2,-2,35.94304275149267,126.96717354857519,0,63.40857732079951,2.795155257620241,0.17874509836885483,12758.7,0,0.012043576,6,10,R5
2026-06-17 20:00:00,9,1,35.97018224850733,127.08924752569042,0,65.02308907808458,1.935615903986673,0.044660463730142125,10520.0,0,0.008179347,7,7,R5
2026-06-17 20:00:00,1,-1,35.95208925049756,127.0004664514248,0,62.59277183609754,2.831212729261043,0.30464990191932523,45458.0,0,0.0055482667,8,4,R5
2026-06-17 20:00:00,-12,-5,35.91590325447802,126.85619720574316,0,93.33788597371193,2.7399256181887437,0.1657489569316441,31336.099999999995,0,0.0030091088,9,2,R5
2026-06-17 20:00:00,-4,-3,35.93399625248779,126.94497828000878,0,67.02433571260423,2.6680988770778997,0.21651236110227778,11915.0,0,0.0026166004,10,2,R5
2026-06-17 22:00:00,-2,-3,35.93399625248779,126.96717354857519,0,108.40074350738132,1.315842298326461,0.5002954357889343,41404.0,1,0.06396521,1,100,R5
2026-06-17 22:00:00,0,0,35.96113574950244,126.9893688171416,0,107.99656669125363,1.2726547877572458,0.3612042273844985,55319.799999999996,0,0.022353992,2,35,R5
2026-06-17 22:00:00,-1,0,35.96113574950244,126.97827118285839,0,108.35218859584438,1.2680154036305962,0.3745628033432072,43093.9,0,0.01749642,3,27,R5
2026-06-17 22:00:00,1,0,35.96113574950244,127.0004664514248,0,107.98411241674137,1.270134438555219,0.4190710553953235,69191.9,0,0.0146434335,4,23,R5
2026-06-17 22:00:00,9,1,35.97018224850733,127.08924752569042,0,111.10928066121647,1.0762209486244916,0.001645474880399533,387.6,0,0.0116981855,5,18,R5
2026-06-17 22:00:00,0,-1,35.95208925049756,126.9893688171416,0,107.33805927369434,1.294782898983127,0.46323035971442766,51563.7,0,0.008263796,6,13,R5
2026-06-17 22:00:00,-1,-1,35.95208925049756,126.97827118285839,0,107.72038926918685,1.2925020512756562,0.4706998767880921,51114.9,0,0.005300973,7,8,R5
2026-06-17 22:00:00,-4,-3,35.93399625248779,126.94497828000878,0,112.16532990945876,1.3576898780696616,0.22244532676739687,12241.5,0,0.0038579118,8,6,R5
2026-06-17 22:00:00,1,-1,35.95208925049756,127.0004664514248,0,107.3832182630141,1.2934181424938964,0.4224170804462587,63030.5,0,0.0032555833,9,5,R5
2026-06-17 22:00:00,-11,-5,35.91590325447802,126.86729484002636,0,134.1361848125896,1.9036912958462717,0.2679181910162034,45148.1,0,0.0031478219,10,5,R5
2026-06-19 10:00:00,9,1,35.97018224850733,127.08924752569042,0,208.88592042375598,1.1345844410737178,0.6279770635405475,147923.2,1,0.010330853,1,100,R5
2026-06-19 10:00:00,-2,-3,35.93399625248779,126.96717354857519,0,165.01687152881948,1.2802982648748318,0.2324493620641114,19237.300000000003,0,0.0008887655,2,9,R5
2026-06-19 10:00:00,-1,-1,35.95208925049756,126.97827118285839,0,165.4207344061682,1.2815349410370471,0.204517954129809,22209.3,0,0.0006404359,3,6,R5
2026-06-19 10:00:00,0,0,35.96113574950244,126.9893688171416,0,166.55102139847259,1.2690762475316366,0.15836694877959281,24254.5,0,0.0005889878,4,6,R5
2026-06-19 10:00:00,1,0,35.96113574950244,127.0004664514248,0,166.90474308608248,1.2676102131459424,0.21607822283380917,35676.2,0,0.0005072117,5,5,R5
2026-06-19 10:00:00,0,-1,35.95208925049756,126.9893688171416,0,165.1447321615019,1.288269681329327,0.21123711182760732,23513.5,0,0.00038915523,6,4,R5
2026-06-19 10:00:00,-2,-2,35.94304275149267,126.96717354857519,0,165.29725544883854,1.2779670453504224,0.058215757229336786,4155.4,0,0.00037388792,7,4,R5
2026-06-19 10:00:00,-1,0,35.96113574950244,126.97827118285839,0,166.7804856776512,1.2624065242301488,0.1252790062163628,14413.5,0,0.00035663738,8,3,R5
2026-06-19 10:00:00,3,-1,35.95208925049756,127.0226617199912,0,167.9014187986262,1.258961596989373,0.15158096679403865,41386.5,0,0.0002953787,9,3,R5
2026-06-19 10:00:00,-12,-5,35.91590325447802,126.85619720574316,0,141.03967115046441,1.320622644280091,0.3728011992112456,70480.89999999998,0,0.00029133647,10,3,R5
2026-06-19 12:00:00,9,1,35.97018224850733,127.08924752569042,0,139.04445641731212,1.5095836826697622,0.02412004664726003,5681.6,1,0.003868614,1,100,R5
2026-06-19 12:00:00,0,0,35.96113574950244,126.9893688171416,0,102.42345428063453,1.5203830176833233,0.41783031175197743,63992.299999999996,0,0.0029531866,2,76,R5
2026-06-19 12:00:00,-2,-3,35.93399625248779,126.96717354857519,0,101.60721232939073,1.5434839939389458,0.5057171960545728,41852.7,0,0.0024224857,3,63,R5
2026-06-19 12:00:00,1,0,35.96113574950244,127.0004664514248,0,102.56116572624023,1.5194545120839205,0.34239993507272215,56532.899999999994,0,0.0016431749,4,42,R5
2026-06-19 12:00:00,-1,0,35.96113574950244,126.97827118285839,0,103.30226216484311,1.5265922004647001,0.36054208908729324,41480.799999999996,0,0.0011149592,5,29,R5
2026-06-19 12:00:00,-1,-1,35.95208925049756,126.97827118285839,0,101.10054126925189,1.5195866215246767,0.47564492869732417,51651.9,0,0.00073335785,6,19,R5
2026-06-19 12:00:00,-4,-3,35.93399625248779,126.94497828000878,0,106.87139582872726,1.6424800587116553,0.22244532676739687,12241.5,0,0.00066845183,7,17,R5
2026-06-19 12:00:00,-11,-5,35.91590325447802,126.86729484002636,0,120.1822031772715,2.2573369628154794,0.34527711265202704,58184.2,0,0.0006298522,8,16,R5
2026-06-19 12:00:00,0,-1,35.95208925049756,126.9893688171416,0,100.27939730876528,1.5112905679641977,0.5005412650599703,55716.899999999994,0,0.0005461246,9,14,R5
2026-06-19 12:00:00,-12,-5,35.91590325447802,126.85619720574316,0,122.19440473441512,2.304525536995051,0.32396528888550363,61248.099999999984,0,0.0004629686,10,12,R5
2026-06-19 21:00:00,-2,-3,35.93399625248779,126.96717354857519,0,97.60713673429836,2.211540064877122,0.5057171960545728,41852.7,0,0.095766366,1,100,R5
2026-06-19 21:00:00,9,1,35.97018224850733,127.08924752569042,0,112.7590380545181,1.4643993350628095,0.001645474880399533,387.6,1,0.04109708,2,43,R5
2026-06-19 21:00:00,0,0,35.96113574950244,126.9893688171416,0,97.46934376374338,2.147300362491199,0.41187551337283174,63080.29999999999,0,0.025396878,3,27,R5
2026-06-19 21:00:00,1,0,35.96113574950244,127.0004664514248,0,97.6013281380416,2.1396271922017265,0.2998210865870661,49502.79999999999,0,0.0153615875,4,16,R5
2026-06-19 21:00:00,-1,0,35.96113574950244,126.97827118285839,0,97.90577411819459,2.1152327196924925,0.35801538793163384,41190.1,0,0.010299098,5,11,R5
2026-06-19 21:00:00,-11,-5,35.91590325447802,126.86729484002636,0,133.84898900405585,1.9513566014266728,0.2679181910162034,45148.1,0,0.004878711,6,5,R5
2026-06-19 21:00:00,-1,-1,35.95208925049756,126.97827118285839,0,96.8359463625419,2.212626153305168,0.5104536739801867,55431.9,0,0.004509539,7,5,R5
2026-06-19 21:00:00,-4,-3,35.93399625248779,126.94497828000878,0,102.32141339515715,2.056720613846045,0.22244532676739687,12241.5,0,0.0035718447,8,4,R5
2026-06-19 21:00:00,0,-1,35.95208925049756,126.9893688171416,0,96.33102141406641,2.2450592748891975,0.5031635932094368,56008.799999999996,0,0.0031308725,9,3,R5
2026-06-19 21:00:00,1,-1,35.95208925049756,127.0004664514248,0,96.47540354694485,2.2367366827395823,0.46118022516669027,68814.5,0,0.0027901602,10,3,R5
2026-06-22 08:00:00,9,1,35.97018224850733,127.08924752569042,1,146.84242471245727,0.6648064590978799,,,1,0.008777828,1,100,R5
2026-06-22 08:00:00,-2,-3,35.93399625248779,126.96717354857519,1,151.83828042089254,1.305099549872847,0.09689810546513918,8019.2,0,0.0016494008,2,19,R5
2026-06-22 08:00:00,1,0,35.96113574950244,127.0004664514248,1,151.79086659280847,1.2620863384240872,0.25691215072819096,42418.200000000004,0,0.00154723,3,18,R5
2026-06-22 08:00:00,-1,-1,35.95208925049756,126.97827118285839,1,152.01253255895097,1.320881651739414,0.2223017236774979,24140.5,0,0.0015141625,4,17,R5
2026-06-22 08:00:00,0,0,35.96113574950244,126.9893688171416,1,151.803778048357,1.2701431430154098,0.34532672385536634,52888.1,0,0.0015132396,5,17,R5
2026-06-22 08:00:00,-1,0,35.96113574950244,126.97827118285839,1,151.63285762991626,1.2447370753123674,0.18167476740790187,20901.9,0,0.0010814952,6,12,R5
2026-06-22 08:00:00,0,-1,35.95208925049756,126.9893688171416,1,152.16929356098603,1.3496170524244855,0.22371720180787022,24902.699999999997,0,0.001045362,7,12,R5
2026-06-22 08:00:00,-4,-3,35.93399625248779,126.94497828000878,1,150.44939142626083,1.1419614172817445,0.21441356314111013,11799.500000000002,0,0.0008237448,8,9,R5
2026-06-22 08:00:00,3,-1,35.95208925049756,127.0226617199912,1,151.5853392630056,1.2248974619288175,0.2029415567315662,55409.6,0,0.0006525402,9,7,R5
2026-06-22 08:00:00,-2,-2,35.94304275149267,126.96717354857519,1,151.84728119673673,1.3003907962443026,0.14108572093029773,10070.6,0,0.0005290216,10,6,R5
2026-06-23 19:00:00,0,0,35.96113574950244,126.9893688171416,1,75.47519803351145,3.975427266871696,0.28750902687363944,44033.1,0,0.15564622,1,100,R5
2026-06-23 19:00:00,9,1,35.97018224850733,127.08924752569042,1,88.64056849341034,3.4186931274243357,0.045628390130377144,10748.0,0,0.12936568,2,83,R5
2026-06-23 19:00:00,-2,-3,35.93399625248779,126.96717354857519,1,75.89425837768948,4.0578074086323905,0.3930045155155143,32524.7,0,0.08969009,3,58,R5
2026-06-23 19:00:00,0,-1,35.95208925049756,126.9893688171416,1,74.35057027613033,4.058870794886101,0.2720411666889761,30281.8,0,0.036520597,4,23,R5
2026-06-23 19:00:00,1,0,35.96113574950244,127.0004664514248,1,75.50660234351847,3.9706548836930304,0.20362211839779829,33619.6,0,0.030002812,5,19,R5
2026-06-23 19:00:00,-2,-2,35.94304275149267,126.96717354857519,1,75.72076300861113,4.03564649929032,0.2859358385414259,20409.9,1,0.02933219,6,19,R5
2026-06-23 19:00:00,-1,0,35.96113574950244,126.97827118285839,1,76.0345890169948,3.946900991776887,0.19904703297314583,22900.6,0,0.027199091,7,17,R5
2026-06-23 19:00:00,1,-1,35.95208925049756,127.0004664514248,1,74.4532768233114,4.052421042167103,0.26510867955331235,39557.899999999994,0,0.016321287,8,10,R5
2026-06-23 19:00:00,-4,-3,35.93399625248779,126.94497828000878,1,81.65112738480616,4.002474134756601,0.2167485894442274,11928.0,0,0.008068171,9,5,R5
2026-06-23 19:00:00,-1,-1,35.95208925049756,126.97827118285839,1,74.93163042801967,4.034649627140544,0.32228570060427253,34998.100000000006,0,0.0048123063,10,3,R5
2026-06-26 21:00:00,9,1,35.97018224850733,127.08924752569042,1,237.0130156697249,1.382134709881795,0.4117393340241837,96987.29999999999,1,0.02207612,1,100,R5
2026-06-26 21:00:00,-2,-2,35.94304275149267,126.96717354857519,1,232.23926477775188,2.186588709387198,0.26604491778428757,18990.1,0,0.005832708,2,26,R5
2026-06-26 21:00:00,-2,-3,35.93399625248779,126.96717354857519,1,232.1093251774135,2.1914546645368276,0.2298756269703271,19024.3,0,0.004257455,3,19,R5
2026-06-26 21:00:00,-4,-3,35.93399625248779,126.94497828000878,1,234.6588891538508,1.9985464320222974,0.1437994603090957,7913.5,0,0.003489209,4,16,R5
2026-06-26 21:00:00,0,0,35.96113574950244,126.9893688171416,1,232.50351153377773,2.150191304341479,0.0010048722264808319,153.9,0,0.003467664,5,16,R5
2026-06-26 21:00:00,1,0,35.96113574950244,127.0004664514248,1,232.44602829357973,2.138697054321503,0.039368218824307515,6500.0,0,0.0030208675,6,14,R5
2026-06-26 21:00:00,0,-1,35.95208925049756,126.9893688171416,1,231.6449006075725,2.2423340250062638,0.004967061438300725,552.9,0,0.0026035507,7,12,R5
2026-06-26 21:00:00,-3,-2,35.94304275149267,126.95607591429199,1,233.44125334887957,2.093957238788012,0.3649287437451202,19770.999999999996,0,0.0025248853,8,11,R5
2026-06-26 21:00:00,-1,0,35.96113574950244,126.97827118285839,1,232.9910056166064,2.123548246664596,0.004805686511744336,552.9,0,0.002449394,9,11,R5
2026-06-26 21:00:00,-1,-3,35.93399625248779,126.97827118285839,1,231.491605607596,2.260529826122491,0.22588259061937113,22585.3,0,0.0023531888,10,11,R5
2026-06-27 07:00:00,9,1,35.97018224850733,127.08924752569042,0,158.42033403729374,0.6492778352278114,,,1,0.01248769,1,100,R5
2026-06-27 07:00:00,-2,-3,35.93399625248779,126.96717354857519,0,160.06645386628736,1.040965024878518,0.2324493620641114,19237.300000000003,0,0.0058491174,2,47,R5
2026-06-27 07:00:00,-1,-1,35.95208925049756,126.97827118285839,0,160.06427114078133,1.0525557401661354,0.1956896091290999,21250.6,0,0.0040880092,3,33,R5
2026-06-27 07:00:00,-1,0,35.96113574950244,126.97827118285839,0,160.59339956133283,1.0084899849319688,0.12800388001168175,14727.0,0,0.0016814912,4,13,R5
2026-06-27 07:00:00,1,0,35.96113574950244,127.0004664514248,0,160.21840763896648,1.017595057647894,0.27940291131006534,46131.6,1,0.0014041056,5,11,R5
2026-06-27 07:00:00,0,0,35.96113574950244,126.9893688171416,0,160.30501983214117,1.0229188763065173,0.16517774942574068,25297.6,0,0.0011061676,6,9,R5
2026-06-27 07:00:00,0,-1,35.95208925049756,126.9893688171416,0,159.88884478096827,1.069698905866607,0.21830365284292175,24300.1,0,0.0008727266,7,7,R5
2026-06-27 07:00:00,-2,-2,35.94304275149267,126.96717354857519,0,160.1570753896424,1.0391853807543692,0.05605966996033864,4001.5,0,0.0006777344,8,5,R5
2026-06-27 07:00:00,-12,-5,35.91590325447802,126.85619720574316,0,154.74782091656175,0.6515703471826391,,,0,0.0005688014,9,5,R5
2026-06-27 07:00:00,-4,-3,35.93399625248779,126.94497828000878,0,161.10640037295775,0.937233272350731,,,0,0.0004542733,10,4,R5
2026-06-27 08:00:00,-2,-3,35.93399625248779,126.96717354857519,0,3.1255781101853017,0.1617536728742924,,,1,0.05382893,1,100,R5
2026-06-27 08:00:00,9,1,35.97018224850733,127.08924752569042,0,326.31227152489737,0.4888278446868965,,,1,0.03435092,2,64,R5
2026-06-27 08:00:00,1,0,35.96113574950244,127.0004664514248,0,353.15217900538295,0.1738208285684822,,,0,0.017460147,3,32,R5
2026-06-27 08:00:00,-1,0,35.96113574950244,126.97827118285839,0,355.51466227239405,0.1823341049223681,,,0,0.012896496,4,24,R5
2026-06-27 08:00:00,0,0,35.96113574950244,126.9893688171416,0,354.7926380681905,0.1692214749281373,,,0,0.009610192,5,18,R5
2026-06-27 08:00:00,-1,-1,35.95208925049756,126.97827118285839,0,358.59539053911425,0.14477771711519566,,,0,0.003398842,6,6,R5
2026-06-27 08:00:00,0,-1,35.95208925049756,126.9893688171416,0,358.40968573559195,0.12838866038491714,,,0,0.0033279976,7,6,R5
2026-06-27 08:00:00,-4,-3,35.93399625248779,126.94497828000878,0,13.392797316177166,0.2761574894982561,,,0,0.001972827,8,4,R5
2026-06-27 08:00:00,-2,-2,35.94304275149267,126.96717354857519,0,1.2223754736277783,0.1607840228456945,,,0,0.0017331719,9,3,R5
2026-06-27 08:00:00,1,-1,35.95208925049756,127.0004664514248,0,357.4059798997684,0.13298263927655715,,,0,0.0016163373,10,3,R5
2026-06-29 07:00:00,9,1,35.97018224850733,127.08924752569042,1,101.5935940051321,0.42800735327299505,,,1,0.016098958,1,100,R5
2026-06-29 07:00:00,-2,-3,35.93399625248779,126.96717354857519,1,120.11746533674989,0.823229165456749,,,0,0.011702861,2,73,R5
2026-06-29 07:00:00,1,0,35.96113574950244,127.0004664514248,1,119.87220292083884,0.7982971336268819,,,0,0.0067111384,3,42,R5
2026-06-29 07:00:00,0,0,35.96113574950244,126.9893688171416,1,119.97315830561502,0.8017828580453795,,,0,0.0065453076,4,41,R5
2026-06-29 07:00:00,0,-1,35.95208925049756,126.9893688171416,1,120.66619704861898,0.8616541954692842,,,0,0.0028105348,5,17,R5
2026-06-29 07:00:00,-1,0,35.96113574950244,126.97827118285839,1,119.72998430476446,0.7794655301365931,,,0,0.0026118734,6,16,R5
2026-06-29 07:00:00,-2,-2,35.94304275149267,126.96717354857519,1,120.13842652819773,0.8196554541585832,,,0,0.001871875,7,12,R5
2026-06-29 07:00:00,1,-1,35.95208925049756,127.0004664514248,1,120.579776844521,0.8563893319996229,,,0,0.001504477,8,9,R5
2026-06-29 07:00:00,-1,-1,35.95208925049756,126.97827118285839,1,120.40640145237268,0.838177476712962,,,0,0.0013010545,9,8,R5
2026-06-29 07:00:00,-4,-3,35.93399625248779,126.94497828000878,1,117.68003548211408,0.6790915500075283,,,0,0.0011023516,10,7,R5
2026-06-29 08:00:00,9,1,35.97018224850733,127.08924752569042,0,120.53288420368187,1.022189177154231,0.0018148620004406614,427.5,1,0.017665891,1,100,R5
2026-06-29 08:00:00,0,0,35.96113574950244,126.9893688171416,0,113.10976490692184,1.3869803505878766,0.37352321653135606,57206.49999999999,0,0.010483566,2,59,R5
2026-06-29 08:00:00,-2,-3,35.93399625248779,126.96717354857519,0,113.56776543883745,1.4083557725777434,0.35652876843754944,29506.0,0,0.008724485,3,49,R5
2026-06-29 08:00:00,1,0,35.96113574950244,127.0004664514248,0,113.1423182928466,1.3849971454608958,0.41433051618397193,68409.2,0,0.006542133,4,37,R5
2026-06-29 08:00:00,-1,0,35.96113574950244,126.97827118285839,0,113.13980400549747,1.3588697132245302,0.34651355222718233,39866.8,0,0.0045672446,5,26,R5
2026-06-29 08:00:00,1,-1,35.95208925049756,127.0004664514248,0,113.09925261885314,1.4502180061154069,0.42280645435847464,63088.6,0,0.0028783206,6,16,R5
2026-06-29 08:00:00,-1,-1,35.95208925049756,126.97827118285839,0,113.1512255800647,1.4273419562558787,0.58635976035376,63674.8,0,0.0028273687,7,16,R5
2026-06-29 08:00:00,0,-1,35.95208925049756,126.9893688171416,0,113.06070371417104,1.4555853792546523,0.4643083980081446,51683.7,0,0.0023658914,8,13,R5
2026-06-29 08:00:00,-2,-2,35.94304275149267,126.96717354857519,0,113.40771347576549,1.4041424184092135,0.579714286915114,41379.6,0,0.0016792733,9,10,R5
2026-06-29 08:00:00,-4,-3,35.93399625248779,126.94497828000878,0,115.37151195615263,1.2314131065764997,0.21239835367017074,11688.6,0,0.0015913694,10,9,R5
2026-06-30 05:00:00,9,1,35.97018224850733,127.08924752569042,1,141.9790725987266,0.32567816827457546,,,1,0.012197775,1,100,R5
2026-06-30 05:00:00,-2,-3,35.93399625248779,126.96717354857519,1,144.63304628932178,0.04581342404536513,,,0,0.010745077,2,88,R5
2026-06-30 05:00:00,1,0,35.96113574950244,127.0004664514248,1,143.39872286101001,0.046689198791100506,,,0,0.003692367,3,30,R5
2026-06-30 05:00:00,0,0,35.96113574950244,126.9893688171416,1,143.59969608534186,0.04348866682772962,,,0,0.0029966943,4,25,R5
2026-06-30 05:00:00,0,-1,35.95208925049756,126.9893688171416,1,143.7317964940736,0.018991553486037527,,,0,0.0012749861,5,10,R5
2026-06-30 05:00:00,-1,0,35.96113574950244,126.97827118285839,1,143.77851072965416,0.05182537758128606,,,0,0.0012712871,6,10,R5
2026-06-30 05:00:00,-2,-2,35.94304275149267,126.96717354857519,1,144.37002458924582,0.042674266606359874,,,0,0.00071668293,7,6,R5
2026-06-30 05:00:00,-1,-1,35.95208925049756,126.97827118285839,1,143.95028960062268,0.029804510159901054,,,0,0.00061159994,8,5,R5
2026-06-30 05:00:00,1,-1,35.95208925049756,127.0004664514248,1,143.4911032766439,0.02239174034325092,,,0,0.0005800344,9,5,R5
2026-06-30 05:00:00,-4,-3,35.93399625248779,126.94497828000878,1,145.02004024369296,0.12822648454078292,,,0,0.00043597384,10,4,R5
2026-07-01 00:00:00,-2,-3,35.93399625248779,126.96717354857519,1,1.4495743629742606,0.43696497887092306,,,0,0.02629733,1,100,R5
2026-07-01 00:00:00,9,1,35.97018224850733,127.08924752569042,1,359.35820510278586,0.6014343905958474,,,1,0.013748683,2,52,R5
2026-07-01 00:00:00,0,0,35.96113574950244,126.9893688171416,1,0.15106677428559578,0.435551239433418,,,0,0.0036716273,3,14,R5
2026-07-01 00:00:00,1,0,35.96113574950244,127.0004664514248,1,0.16681613275744667,0.43819987583779224,,,0,0.0025641269,4,10,R5
2026-07-01 00:00:00,-2,-2,35.94304275149267,126.96717354857519,1,1.0192257239766604,0.43456393165960255,,,0,0.0023793045,5,9,R5
2026-07-01 00:00:00,-4,-3,35.93399625248779,126.94497828000878,1,4.670410048416272,0.501052959892695,,,0,0.0017967463,6,7,R5
2026-07-01 00:00:00,0,-1,35.95208925049756,126.9893688171416,1,0.3125707377499225,0.4156837493704301,,,0,0.0015871413,7,6,R5
2026-07-01 00:00:00,-1,0,35.96113574950244,126.97827118285839,1,0.1839206629277328,0.4419352425549253,,,0,0.0015268242,8,6,R5
2026-07-01 00:00:00,1,-1,35.95208925049756,127.0004664514248,1,0.4062723237615842,0.4184761635036061,,,0,0.0007934454,9,3,R5
2026-07-01 00:00:00,-12,-5,35.91590325447802,126.85619720574316,1,170.56616220602268,0.6698696397281709,,,0,0.0006241287,10,2,R5
2026-07-01 03:00:00,-2,-3,35.93399625248779,126.96717354857519,0,82.49417650111172,1.8630114430731204,0.3930045155155143,32524.7,1,0.04581627,1,100,R5
2026-07-01 03:00:00,9,1,35.97018224850733,127.08924752569042,0,93.24952143190103,1.0192105455242346,0.04630593861054166,10907.6,0,0.023779774,2,52,R5
2026-07-01 03:00:00,-2,-2,35.94304275149267,126.96717354857519,0,82.34926191059753,1.853290220618772,0.3097326535844425,22108.5,0,0.0080165025,3,17,R5
2026-07-01 03:00:00,0,0,35.96113574950244,126.9893688171416,0,82.22801804936796,1.8104224991582616,0.22525787802849162,34499.1,0,0.006667717,4,15,R5
2026-07-01 03:00:00,-1,0,35.96113574950244,126.97827118285839,0,82.52215797193946,1.7692818340358114,0.20184752527570332,23222.8,1,0.0042498345,5,9,R5
2026-07-01 03:00:00,0,-1,35.95208925049756,126.9893688171416,0,81.53122991304497,1.927329763357769,0.5090631577718027,56665.5,0,0.0040522492,6,9,R5
2026-07-01 03:00:00,-4,-3,35.93399625248779,126.94497828000878,0,86.2525641354755,1.612271473500632,0.2167485894442274,11928.0,0,0.0037689647,7,8,R5
2026-07-01 03:00:00,1,0,35.96113574950244,127.0004664514248,0,82.29985217789408,1.8019442488687618,0.2354964453526726,38882.299999999996,0,0.003634548,8,8,R5
2026-07-01 03:00:00,1,-1,35.95208925049756,127.0004664514248,0,81.61758747900979,1.9166129692150284,0.3797300385553893,56661.0,0,0.002079016,9,5,R5
2026-07-01 03:00:00,-11,-5,35.91590325447802,126.86729484002636,0,121.61874033350381,1.0179040385554108,0.34527711265202704,58184.2,0,0.0010507979,10,2,R5
2026-07-01 04:00:00,-2,-3,35.93399625248779,126.96717354857519,0,82.79163803620162,1.3845505803323763,0.3930045155155143,32524.7,0,0.039691713,1,100,R5
2026-07-01 04:00:00,-1,0,35.96113574950244,126.97827118285839,0,83.27753423619424,1.3451328898917638,0.20184752527570332,23222.8,0,0.01655177,2,42,R5
2026-07-01 04:00:00,-2,-2,35.94304275149267,126.96717354857519,0,82.49453343161213,1.3762199506016317,0.3097326535844425,22108.5,0,0.01220871,3,31,R5
2026-07-01 04:00:00,0,0,35.96113574950244,126.9893688171416,0,82.48366749458785,1.3570662159563016,0.22525787802849162,34499.1,0,0.0067072287,4,17,R5
2026-07-01 04:00:00,9,1,35.97018224850733,127.08924752569042,0,117.7794072961625,1.2249642139774748,0.001645474880399533,387.6,1,0.0048556197,5,12,R5
2026-07-01 04:00:00,1,0,35.96113574950244,127.0004664514248,0,82.77037180761562,1.3572963612486544,0.2354964453526726,38882.299999999996,0,0.0038549453,6,10,R5
2026-07-01 04:00:00,0,-1,35.95208925049756,126.9893688171416,0,80.35039873951655,1.386602885061933,0.5090631577718027,56665.5,0,0.0037144497,7,9,R5
2026-07-01 04:00:00,-4,-3,35.93399625248779,126.94497828000878,0,91.84278286279556,1.3490838191676775,0.2167485894442274,11928.0,0,0.0026541909,8,7,R5
2026-07-01 04:00:00,1,-1,35.95208925049756,127.0004664514248,0,80.63205314698757,1.3856323179004915,0.3797300385553893,56661.0,0,0.0017060774,9,4,R5
2026-07-01 04:00:00,3,-1,35.95208925049756,127.0226617199912,0,84.94198839048079,1.3645169908727113,0.4299436367052544,117388.50000000001,0,0.0009841308,10,2,R5
2026-07-01 08:00:00,9,1,35.97018224850733,127.08924752569042,1,87.77277624911858,0.7306974202124176,,,1,0.040037412,1,100,R5
2026-07-01 08:00:00,-2,-3,35.93399625248779,126.96717354857519,1,25.309591289169248,0.33635608262847677,,,0,0.026046792,2,65,R5
2026-07-01 08:00:00,0,0,35.96113574950244,126.9893688171416,1,21.443374924305317,0.32830847841230615,,,0,0.005402113,3,13,R5
2026-07-01 08:00:00,1,0,35.96113574950244,127.0004664514248,1,22.93196045231042,0.33147528724376824,,,0,0.0033253115,4,8,R5
2026-07-01 08:00:00,-1,0,35.96113574950244,126.97827118285839,1,24.90399373238563,0.358917527306197,,,0,0.0031883444,5,8,R5
2026-07-01 08:00:00,0,-1,35.95208925049756,126.9893688171416,1,9.978328305472132,0.25560482185138483,,,0,0.00093572895,6,2,R5
2026-07-01 08:00:00,1,-1,35.95208925049756,127.0004664514248,1,11.5914387329575,0.2627576969345642,,,0,0.00059078285,7,1,R5
2026-07-01 08:00:00,-2,-2,35.94304275149267,126.96717354857519,1,22.822880258172404,0.3303879815746347,,,0,0.00058799505,8,1,R5
2026-07-01 08:00:00,-4,-3,35.93399625248779,126.94497828000878,1,52.38854389291964,0.6004840308787176,,,0,0.0005521462,9,1,R5
2026-07-01 08:00:00,-12,-5,35.91590325447802,126.85619720574316,1,63.72239717146448,1.6237336217843303,0.098063235754606,18539.6,0,0.00040680592,10,1,R5
2026-07-01 21:00:00,-2,-3,35.93399625248779,126.96717354857519,1,46.69565157036152,3.2889609464940084,0.15940120180137288,13191.9,0,0.06538727,1,100,R5
2026-07-01 21:00:00,9,1,35.97018224850733,127.08924752569042,1,59.303828413416625,1.9572640651538624,0.0495242938913231,11665.7,0,0.01901075,2,29,R5
2026-07-01 21:00:00,0,0,35.96113574950244,126.9893688171416,1,46.80709838931591,3.2026068558908576,0.19137820935556285,29310.3,0,0.0030958585,3,5,R5
2026-07-01 21:00:00,1,0,35.96113574950244,127.0004664514248,1,46.91711180632552,3.189079838492841,0.18177941926426253,30013.2,0,0.0030629484,4,5,R5
2026-07-01 21:00:00,-1,0,35.96113574950244,126.97827118285839,1,47.04495861633188,3.138549489076932,0.41786352510882113,48075.700000000004,0,0.00248744,5,4,R5
2026-07-01 21:00:00,-2,-2,35.94304275149267,126.96717354857519,1,46.657245939850895,3.273143301864139,0.021960148110166392,1567.5,1,0.0022754336,6,3,R5
2026-07-01 21:00:00,0,-1,35.95208925049756,126.9893688171416,1,46.09595061775235,3.3870716779247663,0.18209594001794938,20269.7,0,0.002160404,7,3,R5
2026-07-01 21:00:00,-1,-1,35.95208925049756,126.97827118285839,1,46.37270695678353,3.3193730904371033,0.2701084964647944,29332.000000000004,0,0.00142558,8,2,R5
2026-07-01 21:00:00,1,-1,35.95208925049756,127.0004664514248,1,46.20116204276019,3.3706067143713696,0.1791542208869281,26732.3,0,0.0011884117,9,2,R5
2026-07-01 21:00:00,-12,-5,35.91590325447802,126.85619720574316,1,51.90303495714966,2.0495581773822105,0.011698022190062714,2211.6000000000004,0,0.0007651642,10,1,R5
2026-07-01 23:00:00,9,1,35.97018224850733,127.08924752569042,0,109.20482475983448,0.8816393256303497,,,0,0.070316054,1,100,R5
2026-07-01 23:00:00,-2,-3,35.93399625248779,126.96717354857519,0,98.50086390386303,1.3531284753544655,0.5057171960545728,41852.7,1,0.05828662,2,83,R5
2026-07-01 23:00:00,-1,0,35.96113574950244,126.97827118285839,0,98.32308175277535,1.301736769878418,0.35801538793163384,41190.1,0,0.0227988,3,32,R5
2026-07-01 23:00:00,0,0,35.96113574950244,126.9893688171416,0,98.21380120608944,1.31696262348268,0.41187551337283174,63080.29999999999,0,0.016321631,4,23,R5
2026-07-01 23:00:00,1,0,35.96113574950244,127.0004664514248,0,98.3495008298703,1.3108442852065618,0.2998210865870661,49502.79999999999,0,0.011852589,5,17,R5
2026-07-01 23:00:00,-2,-2,35.94304275149267,126.96717354857519,0,98.3117480811008,1.3460041022915852,0.5813113885958534,41493.6,0,0.0056502465,6,8,R5
2026-07-01 23:00:00,-1,-1,35.95208925049756,126.97827118285839,0,97.94954920266798,1.3531564361641357,0.5104536739801867,55431.9,0,0.0042954395,7,6,R5
2026-07-01 23:00:00,0,-1,35.95208925049756,126.9893688171416,0,97.7292004378956,1.369883901319866,0.5031635932094368,56008.799999999996,0,0.0029295515,8,4,R5
2026-07-01 23:00:00,-11,-5,35.91590325447802,126.86729484002636,0,109.5536598327264,1.2486031230397934,0.3075842138213626,51832.399999999994,0,0.0027261756,9,4,R5
2026-07-01 23:00:00,-4,-3,35.93399625248779,126.94497828000878,0,100.91199582658959,1.2762632775883644,0.22244532676739687,12241.5,0,0.0021562781,10,3,R5
2026-07-02 06:00:00,9,1,35.97018224850733,127.08924752569042,1,32.234040984324565,0.1907172841218879,,,1,0.031338524,1,100,R5
2026-07-02 06:00:00,-2,-3,35.93399625248779,126.96717354857519,1,2.454321027239928,0.20383891216238326,,,0,0.01938509,2,62,R5
2026-07-02 06:00:00,0,0,35.96113574950244,126.9893688171416,1,2.7813559409926825,0.20113406272119777,,,0,0.0031255137,3,10,R5
2026-07-02 06:00:00,1,0,35.96113574950244,127.0004664514248,1,3.192641055734782,0.20082797231894464,,,0,0.0025561939,4,8,R5
2026-07-02 06:00:00,-2,-2,35.94304275149267,126.96717354857519,1,2.3194322912783605,0.20304588222638809,,,0,0.0014216109,5,5,R5
2026-07-02 06:00:00,-1,0,35.96113574950244,126.97827118285839,1,3.0907384900638704,0.20179468619344004,,,0,0.0010138223,6,3,R5
2026-07-02 06:00:00,0,-1,35.95208925049756,126.9893688171416,1,1.2151082987870154,0.20100321715739686,,,0,0.0008952368,7,3,R5
2026-07-02 06:00:00,-12,-5,35.91590325447802,126.85619720574316,1,7.167762504233281,0.19539360668144323,,,0,0.00057874125,8,2,R5
2026-07-02 06:00:00,-4,-3,35.93399625248779,126.94497828000878,1,5.64448650191207,0.20933844919632016,,,0,0.0005498774,9,2,R5
2026-07-02 06:00:00,1,-1,35.95208925049756,127.0004664514248,1,1.5382178918587215,0.2011226847898587,,,0,0.0005133284,10,2,R5
2026-07-02 07:00:00,9,1,35.97018224850733,127.08924752569042,0,162.51155937000556,0.5915892585116409,,,1,0.014158919,1,100,R5
2026-07-02 07:00:00,-2,-3,35.93399625248779,126.96717354857519,0,164.10020437996047,0.7820805561037629,,,0,0.007922822,2,56,R5
2026-07-02 07:00:00,0,0,35.96113574950244,126.9893688171416,0,163.87246076957592,0.7591031563107888,,,0,0.0017290004,3,12,R5
2026-07-02 07:00:00,1,0,35.96113574950244,127.0004664514248,0,163.8459106381066,0.7579146771101362,,,0,0.0015200846,4,11,R5
2026-07-02 07:00:00,-2,-2,35.94304275149267,126.96717354857519,0,164.02911627607546,0.7757818086751441,,,0,0.0010572512,5,7,R5
2026-07-02 07:00:00,-1,0,35.96113574950244,126.97827118285839,0,163.95100611399948,0.7493354982729332,,,0,0.00066265743,6,5,R5
2026-07-02 07:00:00,0,-1,35.95208925049756,126.9893688171416,0,163.79293827609604,0.7861853902136374,,,0,0.0006396411,7,5,R5
2026-07-02 07:00:00,1,-1,35.95208925049756,127.0004664514248,0,163.79091587888752,0.784356429516676,,,0,0.00047166567,8,3,R5
2026-07-02 07:00:00,-12,-5,35.91590325447802,126.85619720574316,0,171.51103544862872,0.7138720135162764,,,0,0.0004258812,9,3,R5
2026-07-02 07:00:00,3,-1,35.95208925049756,127.0226617199912,0,163.87459014698106,0.7558680205807689,,,0,0.0002891711,10,2,R5
2026-07-03 22:00:00,-2,-3,35.93399625248779,126.96717354857519,1,15.852143102038724,1.1211248468514126,0.01597890745549432,1322.4,0,0.025610045,1,100,R5
2026-07-03 22:00:00,9,1,35.97018224850733,127.08924752569042,1,0.9385410660563025,0.6553953728875223,,,1,0.006782646,2,26,R5
2026-07-03 22:00:00,0,0,35.96113574950244,126.9893688171416,1,15.816758978448831,1.0890333864120454,0.3934332677347869,60255.799999999996,0,0.0025392007,3,10,R5
2026-07-03 22:00:00,1,0,35.96113574950244,127.0004664514248,1,15.68449562039234,1.0850740771768488,0.3613190897098744,59656.6,0,0.0021129006,4,8,R5
2026-07-03 22:00:00,-1,0,35.96113574950244,126.97827118285839,1,15.519922903847032,1.0637888875597563,0.4431166298135091,50981.1,0,0.0019242512,5,8,R5
2026-07-03 22:00:00,-2,-2,35.94304275149267,126.96717354857519,1,15.932524802829391,1.1144714401739624,0.03765097164023743,2687.5,0,0.0017758067,6,7,R5
2026-07-03 22:00:00,0,-1,35.95208925049756,126.9893688171416,1,16.68457984509996,1.1580494844000435,0.22749482766210333,25323.200000000004,0,0.0014743627,7,6,R5
2026-07-03 22:00:00,-4,-3,35.93399625248779,126.94497828000878,1,12.856692845589066,0.9708688085165125,,,0,0.001296919,8,5,R5
2026-07-03 22:00:00,1,-1,35.95208925049756,127.0004664514248,1,16.559331911789627,1.1523997105310693,0.2982972765942047,44510.1,0,0.0010681654,9,4,R5
2026-07-03 22:00:00,-1,-1,35.95208925049756,126.97827118285839,1,16.332931147699696,1.1322126812123874,0.23951731873207766,26010.0,0,0.0009071369,10,4,R5
2026-07-06 04:00:00,-2,-3,35.93399625248779,126.96717354857519,0,22.83362323938809,0.28660599159032496,,,0,0.0271244,1,100,R5
2026-07-06 04:00:00,0,0,35.96113574950244,126.9893688171416,0,24.41143816342168,0.27888300690500817,,,0,0.004464738,2,16,R5
2026-07-06 04:00:00,9,1,35.97018224850733,127.08924752569042,0,146.63649648012563,0.5507061889850696,,,1,0.0034311255,3,13,R5
2026-07-06 04:00:00,1,0,35.96113574950244,127.0004664514248,0,27.183336456433494,0.28156240921605546,,,0,0.003362308,4,12,R5
2026-07-06 04:00:00,-1,0,35.96113574950244,126.97827118285839,0,39.040596586961215,0.2969969724298077,,,0,0.0012708106,5,5,R5
2026-07-06 04:00:00,0,-1,35.95208925049756,126.9893688171416,0,6.123985365892395,0.23508899746248907,,,0,0.0009835238,6,4,R5
2026-07-06 04:00:00,-2,-2,35.94304275149267,126.96717354857519,0,21.46797398221952,0.282132185776764,,,0,0.00071318186,7,3,R5
2026-07-06 04:00:00,3,-1,35.95208925049756,127.0226617199912,0,58.77535811270536,0.31584709490014967,,,0,0.0006110479,8,2,R5
2026-07-06 04:00:00,1,-1,35.95208925049756,127.0004664514248,0,7.648136891737067,0.24007378531973383,,,0,0.00054915494,9,2,R5
2026-07-06 04:00:00,-11,-5,35.91590325447802,126.86729484002636,0,168.1934662362679,1.071512522528316,0.6016799741268556,101391.79999999999,0,0.00044644493,10,2,R5
2026-07-06 08:00:00,9,1,35.97018224850733,127.08924752569042,1,141.62668521963315,1.7342460256226284,0.0342229907142745,8061.400000000001,1,0.0046366635,1,100,R5
2026-07-06 08:00:00,0,0,35.96113574950244,126.9893688171416,1,133.93364765937145,2.402179721746395,0.36633175278706764,56105.1,0,0.0020587232,2,44,R5
2026-07-06 08:00:00,-2,-3,35.93399625248779,126.96717354857519,1,133.8774417952436,2.4657126121699138,0.23537351179507748,19479.3,0,0.0018096088,3,39,R5
2026-07-06 08:00:00,1,0,35.96113574950244,127.0004664514248,1,133.88168343161038,2.390643469641921,0.4118139785037412,67993.7,0,0.0008867782,4,19,R5
2026-07-06 08:00:00,3,-1,35.95208925049756,127.0226617199912,1,134.29862471624392,2.364735638831999,0.31333582143944144,85550.8,0,0.0006080828,5,13,R5
2026-07-06 08:00:00,-1,0,35.96113574950244,126.97827118285839,1,134.7034688982618,2.3892837562155593,0.40215660505931267,46268.6,0,0.0003978779,6,9,R5
2026-07-06 08:00:00,0,-1,35.95208925049756,126.9893688171416,1,132.46325051948799,2.466766591900564,0.39986326880974693,44510.1,0,0.00025483593,7,5,R5
2026-07-06 08:00:00,-11,-5,35.91590325447802,126.86729484002636,1,162.0991251575026,2.8628621776575165,0.6422586780366082,108229.9,0,0.00022885343,8,5,R5
2026-07-06 08:00:00,-2,-2,35.94304275149267,126.96717354857519,1,133.8892964383017,2.4533249458281015,0.33843985581253944,24157.6,0,0.00022367644,9,5,R5
2026-07-06 08:00:00,-12,-5,35.91590325447802,126.85619720574316,1,164.4532602173033,2.925862692946409,0.5349988574910503,101145.59999999998,0,0.00021786762,10,5,R5
2026-07-08 00:00:00,1,0,35.96113574950244,127.0004664514248,0,128.6403705991018,3.6804255707168645,0.3908743257435445,64536.399999999994,0,0.010374534,1,100,R5
2026-07-08 00:00:00,9,1,35.97018224850733,127.08924752569042,0,140.46273882669158,2.786367910249619,0.0342229907142745,8061.400000000001,0,0.008294074,2,80,R5
2026-07-08 00:00:00,0,0,35.96113574950244,126.9893688171416,0,128.54371349565713,3.689479714900807,0.390821514059723,59855.799999999996,0,0.0046467036,3,45,R5
2026-07-08 00:00:00,-2,-3,35.93399625248779,126.96717354857519,0,128.20330626214354,3.7813482701147447,0.18284998266051708,15132.5,1,0.0033163938,4,32,R5
2026-07-08 00:00:00,0,-1,35.95208925049756,126.9893688171416,0,127.5258283284652,3.8246739053601795,0.38639587542548837,43011.00000000001,0,0.0025392817,5,24,R5
2026-07-08 00:00:00,-1,-3,35.93399625248779,126.97827118285839,0,127.35789650780805,3.85691237992504,0.1526970033074333,15267.7,0,0.0014009314,6,14,R5
2026-07-08 00:00:00,-1,0,35.96113574950244,126.97827118285839,0,128.91240711014325,3.643292509157623,0.3840072941438247,44180.50000000001,0,0.0011448619,7,11,R5
2026-07-08 00:00:00,-2,-2,35.94304275149267,126.96717354857519,0,128.2375000966141,3.7602475029366813,0.40769943106755036,29101.3,0,0.000905904,8,9,R5
2026-07-08 00:00:00,-4,-3,35.93399625248779,126.94497828000878,0,130.8791913485859,3.572955055011971,0.0715735533285482,3938.8000000000006,0,0.00085553754,9,8,R5
2026-07-08 00:00:00,1,-1,35.95208925049756,127.0004664514248,0,127.62629044257716,3.8136453279038314,0.30842904045802705,46021.9,0,0.00060979725,10,6,R5
2026-07-08 18:00:00,-2,-3,35.93399625248779,126.96717354857519,1,118.22217481899679,2.430417702442509,0.2820535747730461,23342.5,0,0.012716364,1,100,R5
2026-07-08 18:00:00,0,0,35.96113574950244,126.9893688171416,1,118.16026744488846,2.367579047285829,0.3314321943040264,50760.09999999999,0,0.009180841,2,72,R5
2026-07-08 18:00:00,9,1,35.97018224850733,127.08924752569042,1,120.99306155685792,1.4116028683858608,0.0018148620004406614,427.5,1,0.0060738414,3,48,R5
2026-07-08 18:00:00,1,0,35.96113574950244,127.0004664514248,1,118.12596271636505,2.3574238891121904,0.3802346103575967,62779.7,0,0.004634144,4,36,R5
2026-07-08 18:00:00,-1,0,35.96113574950244,126.97827118285839,1,118.46470360857342,2.3169479477245165,0.3418460650562532,39329.8,0,0.003089268,5,24,R5
2026-07-08 18:00:00,-1,-1,35.95208925049756,126.97827118285839,1,117.88808400536345,2.4570926776295035,0.5991671685387878,65065.6,0,0.00068507035,6,5,R5
2026-07-08 18:00:00,-4,-3,35.93399625248779,126.94497828000878,1,121.05203561522916,2.1265490005515097,0.07118650227596922,3917.5,0,0.0005722514,7,5,R5
2026-07-08 18:00:00,0,-1,35.95208925049756,126.9893688171416,1,117.62427546109603,2.510479956079714,0.5484762377900934,61052.7,0,0.00047712636,8,4,R5
2026-07-08 18:00:00,-11,-5,35.91590325447802,126.86729484002636,1,144.78809283111468,1.5295441734502075,0.37768975370072017,63646.2,0,0.00046015042,9,4,R5
2026-07-08 18:00:00,-2,-2,35.94304275149267,126.96717354857519,1,118.20559798647014,2.4193752947746794,0.5727668946038977,40883.7,0,0.00043014353,10,3,R5
2026-07-08 20:00:00,-2,-3,35.93399625248779,126.96717354857519,0,78.21758766480173,0.5448030857862348,,,0,0.061376482,1,100,R5
2026-07-08 20:00:00,9,1,35.97018224850733,127.08924752569042,0,121.52718402260024,0.5424701060797388,,,1,0.047434505,2,77,R5
2026-07-08 20:00:00,0,0,35.96113574950244,126.9893688171416,0,77.74772069493224,0.5256200392845073,,,0,0.02198086,3,36,R5
2026-07-08 20:00:00,1,0,35.96113574950244,127.0004664514248,0,78.03585177501623,0.5248451042723828,,,0,0.013103266,4,21,R5
2026-07-08 20:00:00,-1,0,35.96113574950244,126.97827118285839,0,80.59596004459365,0.5333227041642573,,,0,0.005553806,5,9,R5
2026-07-08 20:00:00,0,-1,35.95208925049756,126.9893688171416,0,71.3539018296741,0.5135746724210486,,,0,0.00191062,6,3,R5
2026-07-08 20:00:00,1,-1,35.95208925049756,127.0004664514248,0,71.93760100586985,0.5147378164287667,,,0,0.00097372226,7,2,R5
2026-07-08 20:00:00,-2,-2,35.94304275149267,126.96717354857519,0,77.77384467230002,0.5389388872032214,,,0,0.0008953873,8,1,R5
2026-07-08 20:00:00,-4,-3,35.93399625248779,126.94497828000878,0,101.7198491378029,0.638748604549328,,,0,0.00075763,9,1,R5
2026-07-08 20:00:00,-12,-5,35.91590325447802,126.85619720574316,0,141.3306716829843,1.107925708870859,0.3728011992112456,70480.89999999998,0,0.00058862806,10,1,R5
2026-07-09 22:00:00,-2,-3,35.93399625248779,126.96717354857519,1,62.45971310043876,0.20854331416844377,,,0,0.15804805,1,100,R5
2026-07-09 22:00:00,0,0,35.96113574950244,126.9893688171416,1,58.9691988936205,0.20571779374469673,,,0,0.03548327,2,22,R5
2026-07-09 22:00:00,9,1,35.97018224850733,127.08924752569042,1,109.17472054325037,0.4925133053280954,,,1,0.034954395,3,22,R5
2026-07-09 22:00:00,1,0,35.96113574950244,127.0004664514248,1,60.130033100443484,0.2066227375816705,,,0,0.016116899,4,10,R5
2026-07-09 22:00:00,0,-1,35.95208925049756,126.9893688171416,1,26.60755428062663,0.14486354785104716,,,0,0.010785016,5,7,R5
2026-07-09 22:00:00,-1,0,35.96113574950244,126.97827118285839,1,67.89789850697866,0.23303224576692785,,,0,0.004647545,6,3,R5
2026-07-09 22:00:00,-2,-2,35.94304275149267,126.96717354857519,1,60.22511601893848,0.20596142033278345,,,0,0.0027130812,7,2,R5
2026-07-09 22:00:00,1,-1,35.95208925049756,127.0004664514248,1,29.908373953459318,0.14988797811801688,,,0,0.0019970005,8,1,R5
2026-07-09 22:00:00,-1,-1,35.95208925049756,126.97827118285839,1,43.98024734908506,0.17398303961463393,,,0,0.001354598,9,1,R5
2026-07-09 22:00:00,-4,-3,35.93399625248779,126.94497828000878,1,97.63308214914247,0.4266535429125472,,,0,0.0013252482,10,1,R5
2026-07-10 23:00:00,-2,-3,35.93399625248779,126.96717354857519,0,119.77319217849197,0.6427912626468163,,,0,0.06842681,1,100,R5
2026-07-10 23:00:00,1,0,35.96113574950244,127.0004664514248,0,119.57770551450619,0.6263513825371734,,,0,0.015506328,2,23,R5
2026-07-10 23:00:00,9,1,35.97018224850733,127.08924752569042,0,137.58129053232653,0.6584822737230085,,,1,0.014004608,3,20,R5
2026-07-10 23:00:00,0,0,35.96113574950244,126.9893688171416,0,119.24430749416115,0.626970610842911,,,0,0.009427211,4,14,R5
2026-07-10 23:00:00,-1,0,35.96113574950244,126.97827118285839,0,119.694597528992,0.6349676727281083,,,0,0.002646504,5,4,R5
2026-07-10 23:00:00,0,-1,35.95208925049756,126.9893688171416,0,117.57409186569896,0.6139431179893926,,,0,0.0025491205,6,4,R5
2026-07-10 23:00:00,1,-1,35.95208925049756,127.0004664514248,0,117.8745839455454,0.615391656792389,,,0,0.0019502066,7,3,R5
2026-07-10 23:00:00,-4,-3,35.93399625248779,126.94497828000878,0,125.38161103154135,0.729019507460181,,,0,0.0012381994,8,2,R5
2026-07-10 23:00:00,-12,-5,35.91590325447802,126.85619720574316,0,135.28461852755368,1.152092684811506,0.381267402103909,72081.49999999999,0,0.0011435769,9,2,R5
2026-07-10 23:00:00,-2,-2,35.94304275149267,126.96717354857519,0,119.37666209770049,0.6380353814428537,,,0,0.0011415599,10,2,R5
2026-07-11 06:00:00,9,1,35.97018224850733,127.08924752569042,1,90.86855489578232,0.3488345046284499,,,0,0.043925177,1,100,R5
2026-07-11 06:00:00,-2,-3,35.93399625248779,126.96717354857519,1,93.28243218963195,0.10354251227855617,,,0,0.03973971,2,90,R5
2026-07-11 06:00:00,0,0,35.96113574950244,126.9893688171416,1,89.17261255485857,0.094962955730372,,,0,0.006482842,3,15,R5
2026-07-11 06:00:00,1,0,35.96113574950244,127.0004664514248,1,89.53056880594346,0.09611047606628903,,,1,0.0058528683,4,13,R5
2026-07-11 06:00:00,0,-1,35.95208925049756,126.9893688171416,1,90.71599554940758,0.04106127479665543,,,0,0.004792192,5,11,R5
2026-07-11 06:00:00,-1,0,35.96113574950244,126.97827118285839,1,88.79964814244255,0.11886442993585025,,,0,0.0041989335,6,10,R5
2026-07-11 06:00:00,1,-1,35.95208925049756,127.0004664514248,1,90.84085064660559,0.045726839497004984,,,0,0.0014782551,7,3,R5
2026-07-11 06:00:00,-1,-1,35.95208925049756,126.97827118285839,1,90.60725275754345,0.06749093716419216,,,0,0.001295996,8,3,R5
2026-07-11 06:00:00,-2,-2,35.94304275149267,126.96717354857519,1,92.11545211189434,0.09852906299173216,,,0,0.00078628544,9,2,R5
2026-07-11 06:00:00,-2,-4,35.9249497534829,126.96717354857519,1,94.11740814681013,0.14535219228408683,,,0,0.0007039456,10,2,R5
2026-07-11 21:00:00,9,1,35.97018224850733,127.08924752569042,0,169.35054803472372,2.0890345353129893,0.32651468807085904,76912.2,0,0.047431007,1,100,R5
2026-07-11 21:00:00,1,0,35.96113574950244,127.0004664514248,0,173.6302695567681,3.461915161509697,0.14728074627606932,24317.199999999997,0,0.004797769,2,10,R5
2026-07-11 21:00:00,-2,-3,35.93399625248779,126.96717354857519,0,173.52677265943703,3.5781453423290763,0.2322922796405471,19224.300000000003,0,0.0046549565,3,10,R5
2026-07-11 21:00:00,-1,-1,35.95208925049756,126.97827118285839,0,173.91866268815397,3.6052648053140586,0.204517954129809,22209.3,0,0.003960757,4,8,R5
2026-07-11 21:00:00,0,-1,35.95208925049756,126.9893688171416,0,174.2071751906036,3.677653397657328,0.19587506614214117,21803.5,1,0.0012708072,5,3,R5
2026-07-11 21:00:00,-1,0,35.96113574950244,126.97827118285839,0,173.31040618082488,3.408368079951589,0.1117537235595978,12857.4,0,0.0010403582,6,2,R5
2026-07-11 21:00:00,2,0,35.96113574950244,127.011564085708,0,173.4014992251657,3.3676860638190598,0.20217443723880438,44521.5,0,0.00088184606,7,2,R5
2026-07-11 21:00:00,0,0,35.96113574950244,126.9893688171416,0,173.61985980288534,3.4773111273902764,0.15557563703936828,23827.0,0,0.0007429681,8,2,R5
2026-07-11 21:00:00,-2,-4,35.9249497534829,126.96717354857519,0,173.07597696583002,3.5268229354065097,0.4435604168007972,48915.0,0,0.0006894081,9,1,R5
2026-07-11 21:00:00,-12,-5,35.91590325447802,126.85619720574316,0,152.22904895867168,2.378243749232938,0.5935751855519164,112219.89999999997,0,0.00057322264,10,1,R5
2026-07-15 23:00:00,9,1,35.97018224850733,127.08924752569042,0,99.36840295605833,0.5407954729732702,,,1,0.07830649,1,100,R5
2026-07-15 23:00:00,-2,-3,35.93399625248779,126.96717354857519,0,98.2916746328566,0.6712555937397475,,,0,0.053336486,2,68,R5
2026-07-15 23:00:00,0,0,35.96113574950244,126.9893688171416,0,98.17167782123761,0.655055457102239,,,0,0.015397511,3,20,R5
2026-07-15 23:00:00,1,0,35.96113574950244,127.0004664514248,0,98.2071690383317,0.6555345325068366,,,0,0.01062782,4,14,R5
2026-07-15 23:00:00,0,-1,35.95208925049756,126.9893688171416,0,98.22500740584559,0.6841928056451173,,,0,0.0051696547,5,7,R5
2026-07-15 23:00:00,-1,0,35.96113574950244,126.97827118285839,0,98.12007911948342,0.6424184581290788,,,0,0.004970494,6,6,R5
2026-07-15 23:00:00,1,-1,35.95208925049756,127.0004664514248,0,98.25110290395014,0.6831040907381521,,,0,0.0035561163,7,5,R5
2026-07-15 23:00:00,-4,-3,35.93399625248779,126.94497828000878,0,98.1065077168991,0.606632602092769,,,0,0.0019878773,8,3,R5
2026-07-15 23:00:00,-2,-2,35.94304275149267,126.96717354857519,0,98.23116424514859,0.6665156645373956,,,0,0.0018294635,9,2,R5
2026-07-15 23:00:00,-12,-5,35.91590325447802,126.85619720574316,0,54.9551498722567,0.40013156994653354,,,0,0.0015545607,10,2,R5
2026-07-22 07:00:00,9,1,35.97018224850733,127.08924752569042,1,158.87138099792855,0.788257274463364,,,1,0.0069289193,1,100,R5
2026-07-22 07:00:00,-2,-3,35.93399625248779,126.96717354857519,1,154.2306547223409,0.9413175166903489,,,0,0.0029266502,2,42,R5
2026-07-22 07:00:00,0,0,35.96113574950244,126.9893688171416,1,154.48983833438456,0.9192145073275981,,,0,0.00070003606,3,10,R5
2026-07-22 07:00:00,1,0,35.96113574950244,127.0004664514248,1,154.38816772793496,0.9142792953573236,,,0,0.000495925,4,7,R5
2026-07-22 07:00:00,-2,-2,35.94304275149267,126.96717354857519,1,154.3008343431311,0.9367054650173884,,,0,0.0002980285,5,4,R5
2026-07-22 07:00:00,-1,0,35.96113574950244,126.97827118285839,1,155.3239559332677,0.9300877367225826,,,0,0.00020879267,6,3,R5
2026-07-22 07:00:00,0,-1,35.95208925049756,126.9893688171416,1,152.8591202733328,0.9105984758684589,,,0,0.00020407874,7,3,R5
2026-07-22 07:00:00,1,-1,35.95208925049756,127.0004664514248,1,152.92070526800217,0.9097895532358903,,,0,0.00015189812,8,2,R5
2026-07-22 07:00:00,-12,-5,35.91590325447802,126.85619720574316,1,167.05688930504857,1.5406776840563998,0.5349988574910503,101145.59999999998,0,0.00012380695,9,2,R5
2026-07-22 07:00:00,-4,-3,35.93399625248779,126.94497828000878,1,158.90147725844008,1.0398426616997976,0.21441356314111013,11799.500000000002,0,0.00011573924,10,2,R5
2026-07-24 07:00:00,9,1,35.97018224850733,127.08924752569042,1,125.69046734750907,0.43249603494751426,,,1,0.0141571285,1,100,R5
2026-07-24 07:00:00,-2,-3,35.93399625248779,126.96717354857519,1,13.626476181077408,0.35549062736556464,,,0,0.009075933,2,64,R5
2026-07-24 07:00:00,1,0,35.96113574950244,127.0004664514248,1,13.041955510587286,0.3443694795629214,,,0,0.003928794,3,28,R5
2026-07-24 07:00:00,0,0,35.96113574950244,126.9893688171416,1,12.934519375226785,0.34476241240876015,,,0,0.0030859734,4,22,R5
2026-07-24 07:00:00,-2,-2,35.94304275149267,126.96717354857519,1,13.173949548346059,0.3520243259412337,,,0,0.0011493698,5,8,R5
2026-07-24 07:00:00,0,-1,35.95208925049756,126.9893688171416,1,4.348102763231225,0.3202447102361672,,,0,0.0011115387,6,8,R5
2026-07-24 07:00:00,-1,0,35.96113574950244,126.97827118285839,1,18.375932854209054,0.35722654451651076,,,0,0.0010378008,7,7,R5
2026-07-24 07:00:00,1,-1,35.95208925049756,127.0004664514248,1,4.868489173998228,0.32212616969945845,,,0,0.00066845445,8,5,R5
2026-07-24 07:00:00,-4,-3,35.93399625248779,126.94497828000878,1,85.73857681648195,0.47271214719481486,,,0,0.00065305387,9,5,R5
2026-07-24 07:00:00,-3,-4,35.9249497534829,126.95607591429199,1,54.81696342499026,0.43350745872589547,,,0,0.00033520153,10,2,R5
2026-08-01 07:00:00,9,1,35.97018224850733,127.08924752569042,1,151.60934963435216,0.14979522244902946,,,1,0.005856695,1,100,R5
2026-08-01 07:00:00,-2,-3,35.93399625248779,126.96717354857519,1,152.45691961396494,0.05054356092199446,,,0,0.0010909066,2,19,R5
2026-08-01 07:00:00,0,0,35.96113574950244,126.9893688171416,1,150.44319401982972,0.04238146817431528,,,0,0.00091805955,3,16,R5
2026-08-01 07:00:00,1,0,35.96113574950244,127.0004664514248,1,150.7349965089188,0.042339379318944215,,,0,0.00066860975,4,11,R5
2026-08-01 07:00:00,2,0,35.96113574950244,127.011564085708,1,150.98606938681547,0.05177395197078597,,,0,0.00027229488,5,5,R5
2026-08-01 07:00:00,-2,-2,35.94304275149267,126.96717354857519,1,151.73396345759443,0.04694783770899645,,,0,0.00024700718,6,4,R5
2026-08-01 07:00:00,0,-1,35.95208925049756,126.9893688171416,1,151.31751777737907,0.018310115286689715,,,0,0.00023577215,7,4,R5
2026-08-01 07:00:00,-1,0,35.96113574950244,126.97827118285839,1,150.10633907092983,0.05400934166146804,,,0,0.00022383123,8,4,R5
2026-08-01 07:00:00,-4,-3,35.93399625248779,126.94497828000878,1,152.1491392268557,0.1623632495829671,,,0,0.00018243997,9,3,R5
2026-08-01 07:00:00,1,-1,35.95208925049756,127.0004664514248,1,151.5076062806486,0.02004880550524592,,,0,0.00016136256,10,3,R5
2026-08-01 08:00:00,9,1,35.97018224850733,127.08924752569042,0,31.795669548092974,0.35544074364873124,,,1,0.009224333,1,100,R5
2026-08-01 08:00:00,-2,-3,35.93399625248779,126.96717354857519,0,1.333473315747483,0.426979726844042,,,0,0.0008678112,2,9,R5
2026-08-01 08:00:00,0,0,35.96113574950244,126.9893688171416,0,0.013922650120662183,0.4148221378353702,,,0,0.0006047618,3,7,R5
2026-08-01 08:00:00,1,0,35.96113574950244,127.0004664514248,0,0.1332332069762856,0.4125236942930028,,,0,0.00032601223,4,4,R5
2026-08-01 08:00:00,-4,-3,35.93399625248779,126.94497828000878,0,9.469728435156128,0.4928608244484043,,,0,0.00019627356,5,2,R5
2026-08-01 08:00:00,-2,-2,35.94304275149267,126.96717354857519,0,0.8375783753555766,0.4239032857885618,,,0,0.0001539463,6,2,R5
2026-08-01 08:00:00,0,-1,35.95208925049756,126.9893688171416,0,0.1699280105242451,0.40744264286679743,,,0,0.00014255835,7,2,R5
2026-08-01 08:00:00,-1,0,35.96113574950244,126.97827118285839,0,359.8451952044808,0.42153348639533333,,,0,0.00012836546,8,1,R5
2026-08-01 08:00:00,1,-1,35.95208925049756,127.0004664514248,0,0.21656275340427555,0.40731513337565545,,,0,8.3140134e-05,9,1,R5
2026-08-01 08:00:00,2,0,35.96113574950244,127.011564085708,0,0.31930924533173766,0.4123062958031503,,,0,7.3929186e-05,10,1,R5
2026-08-10 23:00:00,9,1,35.97018224850733,127.08924752569042,0,45.15256028057081,2.0387130234482287,0.0495242938913231,11665.7,0,0.0014879573,1,100,R5
2026-08-10 23:00:00,-2,-3,35.93399625248779,126.96717354857519,0,52.17697785359701,3.168908560351945,0.23146578442733187,19155.9,0,0.0011611477,2,78,R5
2026-08-10 23:00:00,-2,-2,35.94304275149267,126.96717354857519,0,52.17196397461879,3.15621887787663,0.025793192143940886,1841.1,0,0.00069091044,3,46,R5
2026-08-10 23:00:00,0,0,35.96113574950244,126.9893688171416,0,52.02922970143305,3.1013682803416187,0.23346923158289248,35756.7,0,0.0005482483,4,37,R5
2026-08-10 23:00:00,1,0,35.96113574950244,127.0004664514248,0,51.94843957157815,3.0910235966629487,0.1629505086979537,26904.399999999998,1,0.00041294037,5,28,R5
2026-08-10 23:00:00,-4,-3,35.93399625248779,126.94497828000878,0,51.99362326973903,2.9126920618269136,0.021026139574607267,1157.1,0,0.00030954074,6,21,R5
2026-08-10 23:00:00,0,-1,35.95208925049756,126.9893688171416,0,52.2067070382202,3.2274819734237723,0.18464639894783466,20553.600000000002,0,0.00023908641,7,16,R5
2026-08-10 23:00:00,1,-1,35.95208925049756,127.0004664514248,0,52.170950065595605,3.216454442441713,0.2116250563787958,31577.399999999998,0,0.00023602287,8,16,R5
2026-08-10 23:00:00,-1,-1,35.95208925049756,126.97827118285839,0,52.17763416008131,3.1835450491391097,0.25976808903671866,28209.100000000002,0,0.0001475535,9,10,R5
2026-08-10 23:00:00,-1,0,35.96113574950244,126.97827118285839,0,52.04325604282462,3.0581283755275233,0.33798604447411235,38885.7,0,0.00012439975,10,8,R5
2026-08-13 08:00:00,9,1,35.97018224850733,127.08924752569042,1,100.26857399350945,0.9889255332018116,,,1,0.008139582,1,100,R5
2026-08-13 08:00:00,0,0,35.96113574950244,126.9893688171416,1,118.32400085498432,1.0982033049545694,0.3314321943040264,50760.09999999999,0,0.0005081953,2,6,R5
2026-08-13 08:00:00,-2,-2,35.94304275149267,126.96717354857519,1,118.52242099365031,1.1142751998541187,0.5727668946038977,40883.7,0,0.00042717418,3,5,R5
2026-08-13 08:00:00,-2,-3,35.93399625248779,126.96717354857519,1,118.50113778875357,1.1203456005344772,0.2820535747730461,23342.5,0,0.00033545867,4,4,R5
2026-08-13 08:00:00,-1,0,35.96113574950244,126.97827118285839,1,117.64648643411766,1.0997952511726368,0.3418460650562532,39329.8,0,0.00027680656,5,3,R5
2026-08-13 08:00:00,-4,-3,35.93399625248779,126.94497828000878,1,113.548824336233,1.1746307843768384,0.22244532676739687,12241.5,0,0.00026209588,6,3,R5
2026-08-13 08:00:00,1,0,35.96113574950244,127.0004664514248,1,118.28313981692145,1.0962637445839045,0.3802346103575967,62779.7,0,0.00021757405,7,3,R5
2026-08-13 08:00:00,-11,-5,35.91590325447802,126.86729484002636,1,103.17094824505477,1.6450612271935914,0.18456809354684617,31102.4,0,0.00019321905,8,2,R5
2026-08-13 08:00:00,2,0,35.96113574950244,127.011564085708,1,117.60626518439642,1.0927163853518602,0.45502655834139005,100202.90000000002,0,0.00011871022,9,1,R5
2026-08-13 08:00:00,1,-1,35.95208925049756,127.0004664514248,1,119.7327221254709,1.1014593937530923,0.40168107662891994,59936.399999999994,0,0.00010402906,10,1,R5
2026-08-14 20:00:00,9,1,35.97018224850733,127.08924752569042,1,57.24807743972167,1.9992358858579056,0.0495242938913231,11665.7,0,0.0019871609,1,100,R5
2026-08-14 20:00:00,-2,-3,35.93399625248779,126.96717354857519,1,60.00914055999158,3.8249573327967616,0.3297051321244431,27286.1,0,0.001495358,2,75,R5
2026-08-14 20:00:00,1,0,35.96113574950244,127.0004664514248,1,59.830028427671664,3.719203665170834,0.16339930639255082,26978.5,0,0.0013175496,3,66,R5
2026-08-14 20:00:00,-2,-2,35.94304275149267,126.96717354857519,1,59.970335757367195,3.8097008862327324,0.1251609360136622,8933.9,0,0.0008032904,4,40,R5
2026-08-14 20:00:00,0,0,35.96113574950244,126.9893688171416,1,59.84586703230963,3.733436595817897,0.23346923158289248,35756.7,1,0.0006648836,5,33,R5
2026-08-14 20:00:00,-4,-3,35.93399625248779,126.94497828000878,1,60.146781182128564,3.262208115912098,0.22200194434096837,12217.1,0,0.00048560984,6,24,R5
2026-08-14 20:00:00,-1,0,35.96113574950244,126.97827118285839,1,59.81549341106472,3.648167802260142,0.24687182749940892,28402.899999999998,0,0.00035244308,7,18,R5
2026-08-14 20:00:00,0,-1,35.95208925049756,126.9893688171416,1,59.96055952227408,3.962168317492511,0.29740022081817724,33104.600000000006,0,0.00018550809,8,9,R5
2026-08-14 20:00:00,2,0,35.96113574950244,127.011564085708,1,59.763414922250945,3.613665053620136,0.18659090981334914,41089.799999999996,0,0.00014775999,9,7,R5
2026-08-14 20:00:00,1,-1,35.95208925049756,127.0004664514248,1,59.950349685762774,3.9432972808702,0.26899839760236816,40138.3,0,0.00011613078,10,6,R5
2026-08-15 08:00:00,9,1,35.97018224850733,127.08924752569042,1,95.99152851497593,0.6659425072069337,,,0,0.0053567328,1,100,R5
2026-08-15 08:00:00,0,0,35.96113574950244,126.9893688171416,1,106.03635656637113,1.100492601258895,0.3612042273844985,55319.799999999996,1,0.0009893967,2,18,R5
2026-08-15 08:00:00,-2,-3,35.93399625248779,126.96717354857519,1,106.3387414896062,1.1252346389000574,0.5002954357889343,41404.0,0,0.00025680297,3,5,R5
2026-08-15 08:00:00,-1,0,35.96113574950244,126.97827118285839,1,106.02871966998305,1.0761994124426961,0.3745628033432072,43093.9,0,0.0002534945,4,5,R5
2026-08-15 08:00:00,1,0,35.96113574950244,127.0004664514248,1,105.94759759221182,1.097595796939847,0.4190710553953235,69191.9,0,0.00017558855,5,3,R5
2026-08-15 08:00:00,-4,-3,35.93399625248779,126.94497828000878,1,106.4849332246107,0.9714872480051974,,,0,0.0001742893,6,3,R5
2026-08-15 08:00:00,-2,-2,35.94304275149267,126.96717354857519,1,106.29868403497773,1.1206987860212343,0.5813113885958534,41493.6,0,0.00014565194,7,3,R5
2026-08-15 08:00:00,-11,-5,35.91590325447802,126.86729484002636,1,117.68286146638343,0.5500217128155968,,,0,0.00014229598,8,3,R5
2026-08-15 08:00:00,2,0,35.96113574950244,127.011564085708,1,105.70993283770963,1.0704065141394545,0.42623447357630084,93862.5,0,0.0001070085,9,2,R5
2026-08-15 08:00:00,0,-1,35.95208925049756,126.9893688171416,1,106.29186515393485,1.1626569312237909,0.46323035971442766,51563.7,0,8.408352e-05,10,2,R5
2026-08-16 19:00:00,9,1,35.97018224850733,127.08924752569042,1,94.68985041963202,1.5356049073647786,0.04630593861054166,10907.6,0,0.009195631,1,100,R5
2026-08-16 19:00:00,-2,-2,35.94304275149267,126.96717354857519,1,86.77466178318258,2.46367473822767,0.4463969245985881,31863.5,0,0.003251886,2,35,R5
2026-08-16 19:00:00,0,0,35.96113574950244,126.9893688171416,1,86.62525734660971,2.420027347840199,0.22948304253632623,35146.2,1,0.0030246328,3,33,R5
2026-08-16 19:00:00,-2,-3,35.93399625248779,126.96717354857519,1,86.88728021391222,2.471435530517256,0.5070946880765982,41966.7,0,0.0025720443,4,28,R5
2026-08-16 19:00:00,-1,0,35.96113574950244,126.97827118285839,1,87.08554525583804,2.4131406600892626,0.30474084581473293,35060.8,0,0.0023085636,5,25,R5
2026-08-16 19:00:00,0,-1,35.95208925049756,126.9893688171416,1,85.72790902862255,2.4737255618688145,0.5248860648278328,58426.799999999996,0,0.00094745104,6,10,R5
2026-08-16 19:00:00,-4,-3,35.93399625248779,126.94497828000878,1,91.58143479353305,2.4407408000206607,0.2167485894442274,11928.0,0,0.0006546409,7,7,R5
2026-08-16 19:00:00,1,0,35.96113574950244,127.0004664514248,1,86.62744942938451,2.4061621249534566,0.29610896638438644,48889.899999999994,0,0.00057631126,8,6,R5
2026-08-16 19:00:00,1,-1,35.95208925049756,127.0004664514248,1,85.78849645370434,2.4661578140998106,0.48056246770575667,71706.6,0,0.00030420782,9,3,R5
2026-08-16 19:00:00,2,0,35.96113574950244,127.011564085708,1,87.01486021886808,2.365726303822319,0.3588806852265508,79030.3,0,0.00024142668,10,3,R5
2026-08-17 08:00:00,0,0,35.96113574950244,126.9893688171416,1,70.28511341839544,1.3798859572406228,0.252663009340937,38696.299999999996,0,0.0027216536,1,100,R5
2026-08-17 08:00:00,9,1,35.97018224850733,127.08924752569042,1,68.5448564037232,1.0053654257780364,0.044660463730142125,10520.0,0,0.0022513785,2,83,R5
2026-08-17 08:00:00,-2,-2,35.94304275149267,126.96717354857519,1,70.47393659219483,1.4027796355454998,0.25718800828811716,18357.9,0,0.0010395672,3,38,R5
2026-08-17 08:00:00,-2,-3,35.93399625248779,126.96717354857519,1,70.5337956892181,1.4076223987774477,0.3915545239133823,32404.7,0,0.0007834151,4,29,R5
2026-08-17 08:00:00,-1,0,35.96113574950244,126.97827118285839,1,70.42212040424221,1.382094034862484,0.2752956944386499,31673.1,0,0.0005219534,5,19,R5
2026-08-17 08:00:00,0,-1,35.95208925049756,126.9893688171416,1,70.1417925143225,1.3950494495653927,0.2720411666889761,30281.8,0,0.0003874613,6,14,R5
2026-08-17 08:00:00,1,-1,35.95208925049756,127.0004664514248,1,70.13898665509544,1.3920865398385254,0.26510867955331235,39557.899999999994,0,0.0002097597,7,8,R5
2026-08-17 08:00:00,1,0,35.96113574950244,127.0004664514248,1,70.23967168438219,1.3730590255941175,0.1373405738553842,22676.0,1,0.00016724569,8,6,R5
2026-08-17 08:00:00,6,-3,35.93399625248779,127.05595462284082,1,70.92423459631448,1.326125426233322,0.3951232456772855,101102.20000000001,0,0.00012760014,9,5,R5
2026-08-17 08:00:00,-4,-3,35.93399625248779,126.94497828000878,1,71.94671940910604,1.4470015066443405,0.21651236110227778,11915.0,0,0.00010622337,10,4,R5
2026-08-17 21:00:00,9,1,35.97018224850733,127.08924752569042,0,134.18277820334424,0.5924172156202214,,,1,0.00423825,1,100,R5
2026-08-17 21:00:00,1,0,35.96113574950244,127.0004664514248,0,130.3983450802158,0.614354320778101,,,0,0.0025876062,2,61,R5
2026-08-17 21:00:00,0,0,35.96113574950244,126.9893688171416,0,130.49964738196059,0.6155507033249668,,,0,0.0018068263,3,43,R5
2026-08-17 21:00:00,-2,-3,35.93399625248779,126.96717354857519,0,131.8420360788781,0.6323575179713149,,,0,0.0013792588,4,33,R5
2026-08-17 21:00:00,-2,-2,35.94304275149267,126.96717354857519,0,131.44234548278803,0.6272967717391772,,,0,0.00047468892,5,11,R5
2026-08-17 21:00:00,-1,0,35.96113574950244,126.97827118285839,0,131.31424959501084,0.6211056596522364,,,0,0.00035022176,6,8,R5
2026-08-17 21:00:00,-4,-3,35.93399625248779,126.94497828000878,0,141.3393511621416,0.7106781800371362,,,0,0.00034605074,7,8,R5
2026-08-17 21:00:00,0,-1,35.95208925049756,126.9893688171416,0,129.26605462355292,0.608461880060367,,,0,0.00029375337,8,7,R5
2026-08-17 21:00:00,1,-1,35.95208925049756,127.0004664514248,0,129.3273767786763,0.6087644197726809,,,0,0.0001879045,9,4,R5
2026-08-17 21:00:00,-1,-1,35.95208925049756,126.97827118285839,0,130.09035331212704,0.6149366535739159,,,0,0.00011124976,10,3,R5
