hour,grid_x,grid_y,center_latitude,center_longitude,city_quiet_3h,wind_from_deg,wind_speed,upwind_share_eea,upwind_eea_6km,target,risk_score,rank,relative_risk,arm
2025-03-18 13:00:00,9,1,35.97018224850733,127.08924752569042,1,295.3689530881554,5.554269906909133,0.12420406096068397,29256.900000000005,0,5.4219036e-05,1,100,R5
2025-03-18 13:00:00,-4,-3,35.93399625248779,126.94497828000878,1,295.7016073969078,6.250400572976155,0.05323859971107457,2929.8,0,4.8488797e-05,2,89,R5
2025-03-18 13:00:00,-3,-3,35.93399625248779,126.95607591429199,1,294.2564778625958,6.180303032843729,0.045745407227606324,2559.2999999999997,0,4.518934e-05,3,83,R5
2025-03-18 13:00:00,-4,4,35.99732174552198,126.94497828000878,1,293.78786564225226,5.207510840368737,0.1498810099727607,40679.1,0,3.2440726e-05,4,60,R5
2025-03-18 13:00:00,6,-4,35.9249497534829,127.05595462284082,1,294.77526823471055,6.0639033963636075,0.1508164692250834,37747.1,0,2.6783595e-05,5,49,R5
2025-03-18 13:00:00,0,17,36.11492623258549,126.9893688171416,1,294.69593860875193,4.677254701996994,0.05475058047118705,30727.399999999998,0,2.0598714e-05,6,38,R5
2025-03-18 13:00:00,-5,-1,35.95208925049756,126.93388064572558,1,296.5228224683594,6.151745187593545,0.06202338812473075,1396.5,1,1.9004374e-05,7,35,R5
2025-03-18 13:00:00,-5,-2,35.94304275149267,126.93388064572558,1,296.77828686039385,6.2504921105487625,0.027360475530309535,1784.1,0,1.8039105e-05,8,33,R5
2025-03-18 13:00:00,-2,-3,35.93399625248779,126.96717354857519,1,293.04904688308227,6.133552163925537,0.01749414867972223,1447.8000000000002,0,1.722356e-05,9,32,R5
2025-03-18 13:00:00,6,-3,35.93399625248779,127.05595462284082,1,294.6227238139155,6.020699416934234,0.1876450658934769,48013.7,0,1.6778873e-05,10,31,R5
2025-03-18 13:00:00,0,0,35.96113574950244,126.9893688171416,1,292.8212916603654,6.047551611275965,0.022647169054897758,3468.5,0,1.6584037e-05,11,31,R5
2025-03-18 13:00:00,-3,-4,35.9249497534829,126.95607591429199,1,294.85273585302,6.235227638996046,0.023938084953203747,2433.9,0,1.64932e-05,12,30,R5
2025-03-18 13:00:00,-2,-1,35.95208925049756,126.96717354857519,1,293.21614778212006,6.086712932880249,0.046410995662571626,2718.8999999999996,0,1.5401829e-05,13,28,R5
2025-03-18 13:00:00,9,2,35.97922874751221,127.08924752569042,1,295.34367935609714,5.4034645280117655,0.08477238434691556,19203.2,0,1.5094835e-05,14,28,R5
2025-03-18 13:00:00,0,8,36.03350774154152,126.9893688171416,1,293.5825749289006,4.739928612986889,0.3680323181900828,215165.19999999998,0,1.3077623e-05,15,24,R5
2025-03-18 13:00:00,-2,0,35.96113574950244,126.96717354857519,1,293.64326897152864,6.032967781713708,0.09136616593915309,8299.2,0,1.1906592e-05,16,22,R5
2025-03-18 13:00:00,-1,0,35.96113574950244,126.97827118285839,1,293.0951028944325,6.04363039081572,0.04780914931786891,5500.5,0,1.0214543e-05,17,19,R5
2025-03-18 13:00:00,-3,11,36.06064723855618,126.95607591429199,1,289.4169425410369,4.271057400197173,0.15458333800252547,104839.09999999999,0,1.0196619e-05,18,19,R5
2025-03-18 13:00:00,-4,-2,35.94304275149267,126.94497828000878,1,295.37757631577335,6.184957417655373,0.038157639973140325,1852.5,0,1.011493e-05,19,19,R5
2025-03-18 13:00:00,1,-1,35.95208925049756,127.0004664514248,1,292.2921913661068,6.084283802393013,0.0034762176982171236,518.7,0,9.813394e-06,20,18,R5
2025-03-18 13:00:00,-2,-2,35.94304275149267,126.96717354857519,1,292.963401469875,6.112992192438221,0.02523420655568211,1801.2,0,9.693821e-06,21,18,R5
2025-03-18 13:00:00,-4,0,35.96113574950244,126.94497828000878,1,295.3373225743805,6.018968011114636,0.16073457566161142,5050.2,0,8.749704e-06,22,16,R5
2025-03-18 13:00:00,-1,-1,35.95208925049756,126.97827118285839,1,292.5570588369496,6.087567148718559,0.032858350507489406,3568.2,0,8.10979e-06,23,15,R5
2025-03-18 13:00:00,7,-5,35.91590325447802,127.06705225712402,1,295.10256310566695,6.0776269795786675,0.23599283520982597,55335.59999999999,0,8.005211e-06,24,15,R5
2025-03-18 13:00:00,3,-2,35.94304275149267,127.0226617199912,1,292.90896507154844,6.072119720161264,0.027109688789944804,7306.399999999999,0,7.928883e-06,25,15,R5
2025-03-18 13:00:00,-2,-4,35.9249497534829,126.96717354857519,1,293.58210322354006,6.169319479234574,0.007339625909405402,809.4,0,7.900566e-06,26,15,R5
2025-03-18 13:00:00,-3,13,36.07874023656595,126.95607591429199,1,290.61691356294386,4.356679546391884,0.08313261225231776,58536.0,0,7.718307e-06,27,14,R5
2025-03-18 13:00:00,0,12,36.06969373756106,126.9893688171416,1,293.36436855119837,4.491703253816643,0.1261899987109794,103574.0,0,7.6204465e-06,28,14,R5
2025-03-18 13:00:00,0,-2,35.94304275149267,126.9893688171416,1,291.9999753993601,6.099539246110717,0.004371840642062323,427.5,0,7.586453e-06,29,14,R5
2025-03-18 13:00:00,-5,1,35.97018224850733,126.93388064572558,1,296.08421623104084,5.867123605428214,0.03565097428126206,1995.0,0,6.428198e-06,30,12,R5
2025-03-26 01:00:00,9,1,35.97018224850733,127.08924752569042,1,140.82529915078328,0.4901414233832104,,,0,0.00043371637,1,100,R5
2025-03-26 01:00:00,-4,-3,35.93399625248779,126.94497828000878,1,159.92910258752818,0.342082742343565,,,0,0.0003629264,2,84,R5
2025-03-26 01:00:00,-3,-3,35.93399625248779,126.95607591429199,1,139.78935443630377,0.2596740318498525,,,0,0.00028350312,3,65,R5
2025-03-26 01:00:00,0,0,35.96113574950244,126.9893688171416,1,22.95973233194536,0.18211094321249363,,,0,0.00021891839,4,50,R5
2025-03-26 01:00:00,-2,-3,35.93399625248779,126.96717354857519,1,28.243313894845983,0.1855851153128243,,,0,0.0001370304,5,32,R5
2025-03-26 01:00:00,-2,-4,35.9249497534829,126.96717354857519,1,98.65430086559536,0.2206434364199922,,,0,0.00012494311,6,29,R5
2025-03-26 01:00:00,-5,-2,35.94304275149267,126.93388064572558,1,162.1268363528776,0.39799604084611107,,,0,8.159222e-05,7,19,R5
2025-03-26 01:00:00,-2,0,35.96113574950244,126.96717354857519,1,73.21679851360074,0.23541017706271336,,,0,7.8029065e-05,8,18,R5
2025-03-26 01:00:00,-3,-4,35.9249497534829,126.95607591429199,1,155.294031301122,0.29646306586260873,,,0,6.80463e-05,9,16,R5
2025-03-26 01:00:00,-1,-1,35.95208925049756,126.97827118285839,1,11.422383546319907,0.15689617493822666,,,0,6.6751345e-05,10,15,R5
2025-03-26 01:00:00,-4,4,35.99732174552198,126.94497828000878,1,61.16677586930632,0.3738159026606441,,,0,6.639897e-05,11,15,R5
2025-03-26 01:00:00,-1,0,35.96113574950244,126.97827118285839,1,32.91733325858007,0.1996358008861903,,,0,6.4000276e-05,12,15,R5
2025-03-26 01:00:00,0,-1,35.95208925049756,126.9893688171416,1,6.244189771426647,0.1357044614442472,,,0,6.2791354e-05,13,14,R5
2025-03-26 01:00:00,-2,-2,35.94304275149267,126.96717354857519,1,22.579340807977815,0.18107419206389302,,,0,5.8346825e-05,14,13,R5
2025-03-26 01:00:00,-5,-1,35.95208925049756,126.93388064572558,1,158.55098870024335,0.38711985695034806,,,0,5.3349955e-05,15,12,R5
2025-03-26 01:00:00,1,-1,35.95208925049756,127.0004664514248,1,8.292835599022283,0.14106969878390022,,,0,4.461753e-05,16,10,R5
2025-03-26 01:00:00,-2,-1,35.95208925049756,126.96717354857519,1,36.357531315242056,0.20093086123302895,,,0,4.176966e-05,17,10,R5
2025-03-26 01:00:00,1,0,35.96113574950244,127.0004664514248,1,27.412545866050834,0.18582907019650965,,,0,4.0818748e-05,18,9,R5
2025-03-26 01:00:00,3,-2,35.94304275149267,127.0226617199912,1,61.10197419486451,0.20448050911061325,,,0,2.754038e-05,19,6,R5
2025-03-26 01:00:00,-4,-2,35.94304275149267,126.94497828000878,1,155.0743417923063,0.32457197499566554,,,0,2.7099954e-05,20,6,R5
2025-03-26 01:00:00,-12,-5,35.91590325447802,126.85619720574316,1,172.19721031692052,0.832908687843872,,,0,2.6310952e-05,21,6,R5
2025-03-26 01:00:00,0,-2,35.94304275149267,126.9893688171416,1,2.3334064469003692,0.11562815006700888,,,0,2.3809465e-05,22,5,R5
2025-03-26 01:00:00,-11,-5,35.91590325447802,126.86729484002636,1,172.78081944837322,0.8279264792025214,,,0,2.2266564e-05,23,5,R5
2025-03-26 01:00:00,6,-3,35.93399625248779,127.05595462284082,1,143.889699318691,0.4497989049635682,,,0,2.0903315e-05,24,5,R5
2025-03-26 01:00:00,6,-4,35.9249497534829,127.05595462284082,1,145.20728435779358,0.4978356155229512,,,0,2.0730518e-05,25,5,R5
2025-03-26 01:00:00,0,17,36.11492623258549,126.9893688171416,1,27.25320255349851,0.35462160930856396,,,0,1.9408339e-05,26,4,R5
2025-03-26 01:00:00,2,-1,35.95208925049756,127.011564085708,1,22.246206900968104,0.17109726290430693,,,0,1.7818908e-05,27,4,R5
2025-03-26 01:00:00,0,8,36.03350774154152,126.9893688171416,1,28.770882735135046,0.33848232844564413,,,0,1.3192588e-05,28,3,R5
2025-03-26 01:00:00,-4,0,35.96113574950244,126.94497828000878,1,146.24046941109066,0.3351480282023516,,,0,9.060125e-06,29,2,R5
2025-03-26 01:00:00,9,2,35.97922874751221,127.08924752569042,1,137.33831372732925,0.4589701537876048,,,0,8.333159e-06,30,2,R5
2025-03-27 15:00:00,9,1,35.97018224850733,127.08924752569042,1,218.61937924906414,2.280145361729473,0.6505985223839348,153251.8,0,0.00035285766,1,100,R5
2025-03-27 15:00:00,-4,-3,35.93399625248779,126.94497828000878,1,208.15324701152295,3.1869148001518663,0.473236237427655,26042.899999999998,1,0.00024516927,2,69,R5
2025-03-27 15:00:00,-3,-3,35.93399625248779,126.95607591429199,1,204.20819175884455,3.322982003503589,0.5346491118316393,29911.79999999999,0,0.00017907609,3,51,R5
2025-03-27 15:00:00,-3,-4,35.9249497534829,126.95607591429199,1,205.47250180528732,3.306993809666382,0.3217591772986029,32714.79999999999,0,8.97937e-05,4,25,R5
2025-03-27 15:00:00,-1,-2,35.94304275149267,126.97827118285839,1,199.8070797878649,3.537251005714647,0.043740914502375265,4155.400000000001,0,8.941725e-05,5,25,R5
2025-03-27 15:00:00,0,17,36.11492623258549,126.9893688171416,1,278.1004939896061,1.28086084750205,0.1149137841482856,64492.5,0,7.88455e-05,6,22,R5
2025-03-27 15:00:00,0,8,36.03350774154152,126.9893688171416,1,229.10666863834004,1.489976252287853,0.1017337775750308,59477.3,0,6.929084e-05,7,20,R5
2025-03-27 15:00:00,-5,-2,35.94304275149267,126.93388064572558,1,212.7515845714322,3.0124800632404645,0.30672533094504906,20000.7,0,5.841411e-05,8,17,R5
2025-03-27 15:00:00,-4,4,35.99732174552198,126.94497828000878,1,217.62457648311238,2.134461426815128,0.014953061667378387,4058.4000000000005,0,5.8378926e-05,9,17,R5
2025-03-27 15:00:00,-5,-1,35.95208925049756,126.93388064572558,1,212.98429625106354,2.9304225954029404,0.11113578525206858,2502.3,0,5.8275775e-05,10,17,R5
2025-03-27 15:00:00,9,2,35.97922874751221,127.08924752569042,1,219.79407441591314,2.088077814372177,0.6874711402546104,155730.50000000003,0,5.552924e-05,11,16,R5
2025-03-27 15:00:00,-2,-4,35.9249497534829,126.96717354857519,1,202.55112227563097,3.4170455729612876,0.44009463347663763,48532.799999999996,0,4.554112e-05,12,13,R5
2025-03-27 15:00:00,-2,0,35.96113574950244,126.96717354857519,1,203.39465706639132,3.2197862339773478,0.003325828842565325,302.1,0,3.592612e-05,13,10,R5
2025-03-27 15:00:00,-1,-1,35.95208925049756,126.97827118285839,1,200.57351511413054,3.462404432406651,0.016771737508909385,1821.3000000000002,0,3.4417968e-05,14,10,R5
2025-03-27 15:00:00,-2,-3,35.93399625248779,126.96717354857519,1,201.4735582274398,3.4494258508126374,0.3601235392845016,29803.499999999996,0,3.3960136e-05,15,10,R5
2025-03-27 15:00:00,3,-2,35.94304275149267,127.0226617199912,1,201.80640976464272,3.3817053427914403,0.06121793979871064,16499.0,0,3.3513683e-05,16,9,R5
2025-03-27 15:00:00,10,3,35.9882752465171,127.10034515997363,1,223.5817827313435,1.853238598756402,0.7610952513290632,101603.40000000001,0,3.0089723e-05,17,9,R5
2025-03-27 15:00:00,-2,-1,35.95208925049756,126.96717354857519,1,202.0570297036666,3.358033165877492,0.060396257623785705,3538.2000000000003,0,2.9884599e-05,18,8,R5
2025-03-27 15:00:00,0,12,36.06969373756106,126.9893688171416,1,267.5375671960329,1.176176304176238,0.1717251993291245,140948.30000000002,0,2.9450464e-05,19,8,R5
2025-03-27 15:00:00,0,0,35.96113574950244,126.9893688171416,1,201.32118558531866,3.3652106660274184,0.06403758835889152,9807.6,0,2.8076896e-05,20,8,R5
2025-03-27 15:00:00,9,3,35.9882752465171,127.08924752569042,1,221.64405708556316,1.8690631460099256,0.522105123359966,80984.3,0,2.7047483e-05,21,8,R5
2025-03-27 15:00:00,-2,-2,35.94304275149267,126.96717354857519,1,201.3628323263706,3.433766957532945,0.3123398520299302,22294.6,0,2.6609894e-05,22,8,R5
2025-03-27 15:00:00,0,-2,35.94304275149267,126.9893688171416,1,199.40011718511462,3.5673977830551173,0.10756875550315029,10518.6,0,2.6353156e-05,23,7,R5
2025-03-27 15:00:00,0,-1,35.95208925049756,126.9893688171416,1,199.9388890834073,3.51290902336388,0.08810806974548416,9807.6,0,2.590321e-05,24,7,R5
2025-03-27 15:00:00,-4,-2,35.94304275149267,126.94497828000878,1,207.6806707251899,3.1506134947974678,0.45800084863415225,22235.3,0,2.4617098e-05,25,7,R5
2025-03-27 15:00:00,-3,13,36.07874023656595,126.95607591429199,1,324.49782385209846,1.3549866600217044,0.07065150086347936,49747.7,0,2.4503102e-05,26,7,R5
2025-03-27 15:00:00,1,-1,35.95208925049756,127.0004664514248,1,200.068338895782,3.4990502784386734,0.08383535314069265,12509.4,0,2.3973465e-05,27,7,R5
2025-03-27 15:00:00,-4,0,35.96113574950244,126.94497828000878,1,209.20009593939383,2.946080628119581,0.056783207880456404,1784.1,0,2.3788947e-05,28,7,R5
2025-03-27 15:00:00,1,0,35.96113574950244,127.0004664514248,1,201.4019796705275,3.351708483890168,0.07690430131102226,12697.5,0,2.3420414e-05,29,7,R5
2025-03-27 15:00:00,6,-4,35.9249497534829,127.05595462284082,1,211.34316282043113,3.048618661191503,0.0,0.0,0,2.3223578e-05,30,7,R5
2025-04-11 13:00:00,-4,-3,35.93399625248779,126.94497828000878,1,323.66833571570464,1.4977452846984538,0.05686379618945513,3129.3,0,0.00014305144,1,100,R5
2025-04-11 13:00:00,-3,-3,35.93399625248779,126.95607591429199,1,324.02910851652354,1.496346186923474,0.049311307568288346,2758.8,0,0.0001254934,2,88,R5
2025-04-11 13:00:00,9,1,35.97018224850733,127.08924752569042,1,339.59104673976265,1.417459157283926,0.040806588352364274,9612.2,0,5.9445487e-05,3,42,R5
2025-04-11 13:00:00,-4,4,35.99732174552198,126.94497828000878,1,312.97936506841774,1.2599459175386747,0.22028058729011862,59786.19999999999,0,5.1093895e-05,4,36,R5
2025-04-11 13:00:00,0,8,36.03350774154152,126.9893688171416,1,335.249888548628,1.230289484680606,0.31141288256450544,182063.4,0,4.4945085e-05,5,31,R5
2025-04-11 13:00:00,6,-3,35.93399625248779,127.05595462284082,1,331.2714305399855,1.4857413003046254,0.14021137656614494,35876.6,0,4.3647287e-05,6,31,R5
2025-04-11 13:00:00,-2,0,35.96113574950244,126.96717354857519,1,323.76586995523263,1.4729381601462543,0.1957593205224887,17781.7,0,3.5455163e-05,7,25,R5
2025-04-11 13:00:00,6,-4,35.9249497534829,127.05595462284082,1,332.0830109049244,1.4945145138364209,0.2716511177257926,67990.2,0,3.4633413e-05,8,24,R5
2025-04-11 13:00:00,-2,-3,35.93399625248779,126.96717354857519,1,324.0908832665532,1.4971653817731612,0.008333826733253504,689.7,0,3.063951e-05,9,21,R5
2025-04-11 13:00:00,0,-2,35.94304275149267,126.9893688171416,1,323.9123680735901,1.4986810166648314,0.012882357091943644,1259.7,0,2.794264e-05,10,20,R5
2025-04-11 13:00:00,-5,-1,35.95208925049756,126.93388064572558,1,321.2495947535621,1.4735012513117371,0.2232841972490307,5027.4,0,2.7763132e-05,11,19,R5
2025-04-11 13:00:00,2,-1,35.95208925049756,127.011564085708,1,324.73189265019175,1.4905269901802736,0.0803189568050907,16721.7,0,2.7162649e-05,12,19,R5
2025-04-11 13:00:00,0,0,35.96113574950244,126.9893688171416,1,324.4008840097806,1.4838836068746089,0.029476251976771062,4514.4,0,2.4546804e-05,13,17,R5
2025-04-11 13:00:00,-5,-2,35.94304275149267,126.93388064572558,1,322.2146745966003,1.4904204631002214,0.06573507220061589,4286.400000000001,0,2.1920576e-05,14,15,R5
2025-04-11 13:00:00,-2,-1,35.95208925049756,126.96717354857519,1,323.9175527894523,1.487013756942146,0.08148766453123853,4773.799999999999,0,2.0998108e-05,15,15,R5
2025-04-11 13:00:00,-1,-2,35.94304275149267,126.97827118285839,1,323.9440259707806,1.497561317193684,0.014249428686014675,1353.6999999999998,0,2.0396226e-05,16,14,R5
2025-04-11 13:00:00,-3,11,36.06064723855618,126.95607591429199,1,306.05759476721397,1.0457477573386837,0.1560320163065884,105821.6,0,1.8741703e-05,17,13,R5
2025-04-11 13:00:00,-3,13,36.07874023656595,126.95607591429199,1,310.3809602903857,1.0807505059998288,0.06358332575895292,44770.8,0,1.8082741e-05,18,13,R5
2025-04-11 13:00:00,-2,-2,35.94304275149267,126.96717354857519,1,323.9914714014671,1.4939902557244127,0.05118710886769693,3653.7,0,1.7460467e-05,19,12,R5
2025-04-11 13:00:00,3,-2,35.94304275149267,127.0226617199912,1,325.3599250528339,1.491035493902247,0.08022893186772412,21622.699999999997,0,1.60769e-05,20,11,R5
2025-04-11 13:00:00,7,-5,35.91590325447802,127.06705225712402,1,336.20217087206663,1.5060540977984658,0.5175567212555442,121356.7,0,1.5532574e-05,21,11,R5
2025-04-11 13:00:00,-1,-1,35.95208925049756,126.97827118285839,1,324.036235469847,1.4924711696472288,0.03661088058758635,3975.7,0,1.4710451e-05,22,10,R5
2025-04-11 13:00:00,1,0,35.96113574950244,127.0004664514248,1,324.7459171390016,1.4833735257808656,0.07337933156398427,12115.5,0,1.4325901e-05,23,10,R5
2025-04-11 13:00:00,-3,-4,35.9249497534829,126.95607591429199,1,324.3266337287954,1.5013910290498518,0.011884950843276803,1208.4,0,1.3150097e-05,24,9,R5
2025-04-11 13:00:00,-4,-2,35.94304275149267,126.94497828000878,1,323.2064487089398,1.4885280382381585,0.1403027069781621,6811.5,0,1.2346008e-05,25,9,R5
2025-04-11 13:00:00,1,-1,35.95208925049756,127.0004664514248,1,324.21290528684426,1.4944914073992246,0.015914737165907467,2374.7000000000003,0,1.233289e-05,26,9,R5
2025-04-11 13:00:00,-2,-4,35.9249497534829,126.96717354857519,1,324.3198242598399,1.4996638452085316,0.003618125448298438,399.0,0,1.1915971e-05,27,8,R5
2025-04-11 13:00:00,-5,1,35.97018224850733,126.93388064572558,1,318.12361529373084,1.4131165324033044,0.39306852135127013,21995.799999999996,0,1.0950399e-05,28,8,R5
2025-04-11 13:00:00,-1,0,35.96113574950244,126.97827118285839,1,324.15847008984287,1.480215131006786,0.06633046852184071,7631.400000000001,0,1.0878289e-05,29,8,R5
2025-04-11 13:00:00,2,0,35.96113574950244,127.011564085708,1,325.4152548987424,1.4791003444065793,0.1887465470977457,41564.5,0,1.0806714e-05,30,8,R5
2025-04-12 16:00:00,-3,-4,35.9249497534829,126.95607591429199,1,149.5632504503365,2.3817317881606046,0.4756547345064854,48362.09999999999,0,0.0009862299,1,100,R5
2025-04-12 16:00:00,-2,-3,35.93399625248779,126.96717354857519,1,146.33701407455163,2.275258087666018,0.21098827802622308,17461.2,0,0.0008832766,2,90,R5
2025-04-12 16:00:00,-4,-3,35.93399625248779,126.94497828000878,1,151.63165176582135,2.422636058039432,0.21441356314111013,11799.500000000002,1,0.0005388899,3,55,R5
2025-04-12 16:00:00,-3,-3,35.93399625248779,126.95607591429199,1,148.89741125510727,2.343242829521987,0.19544887446243378,10934.699999999995,0,0.00046570413,4,47,R5
2025-04-12 16:00:00,9,1,35.97018224850733,127.08924752569042,1,161.23306498792874,2.3857993962156883,0.19456424420443455,45830.6,0,0.00025483547,5,26,R5
2025-04-12 16:00:00,-2,0,35.96113574950244,126.96717354857519,1,149.80450925662478,2.2934275867910063,0.1815995023917124,16495.5,0,0.00020331534,6,21,R5
2025-04-12 16:00:00,0,0,35.96113574950244,126.9893688171416,1,147.1349956246696,2.2531380707750994,0.3071108911434127,47035.2,0,0.00018869434,7,19,R5
2025-04-12 16:00:00,0,-2,35.94304275149267,126.9893688171416,1,143.9038385091908,2.2125595570388428,0.1744389982502411,17057.5,0,0.00017922842,8,18,R5
2025-04-12 16:00:00,-5,-1,35.95208925049756,126.93388064572558,1,155.72843090826836,2.4473263131972898,0.007412605426435777,166.9,0,0.00013584562,9,14,R5
2025-04-12 16:00:00,-1,0,35.96113574950244,126.97827118285839,1,148.0147319578549,2.266528599171272,0.28456808794693145,32739.9,0,0.00010643498,10,11,R5
2025-04-12 16:00:00,-5,-2,35.94304275149267,126.93388064572558,1,154.60303822850426,2.4725986460711673,0.34618723085794206,22573.899999999998,0,0.00010321354,11,10,R5
2025-04-12 16:00:00,-12,-5,35.91590325447802,126.85619720574316,1,156.40351255739506,3.1138753450559813,0.6466981491355015,122263.19999999998,0,0.00010159765,12,10,R5
2025-04-12 16:00:00,-2,-2,35.94304275149267,126.96717354857519,1,146.45358021014442,2.2676003643208866,0.2777499919444432,19825.6,0,0.00010128855,13,10,R5
2025-04-12 16:00:00,-4,-2,35.94304275149267,126.94497828000878,1,151.93328533881765,2.398023491463537,0.0855925814544601,4155.400000000001,0,9.044347e-05,14,9,R5
2025-04-12 16:00:00,-2,-4,35.9249497534829,126.96717354857519,1,147.22194687233127,2.3099560373791155,0.34338549539754487,37867.899999999994,0,9.0110065e-05,15,9,R5
2025-04-12 16:00:00,-2,-1,35.95208925049756,126.96717354857519,1,147.63804549018073,2.277895363457041,0.24944053831224364,14613.0,0,7.1083814e-05,16,7,R5
2025-04-12 16:00:00,-11,-5,35.91590325447802,126.86729484002636,1,157.43412426910254,3.0638515552284935,0.5463630726139294,92070.09999999998,0,6.666294e-05,17,7,R5
2025-04-12 16:00:00,-1,-2,35.94304275149267,126.97827118285839,1,144.47766833335396,2.224755323512273,0.2451697520955197,23291.199999999997,0,6.0987466e-05,18,6,R5
2025-04-12 16:00:00,-3,-1,35.95208925049756,126.95607591429199,1,150.21216645739605,2.3272045639314127,0.3461558938735153,13653.6,0,6.086263e-05,19,6,R5
2025-04-12 16:00:00,-1,-1,35.95208925049756,126.97827118285839,1,145.72568956819111,2.242769527221887,0.2317498116828463,25166.5,0,5.8886555e-05,20,6,R5
2025-04-12 16:00:00,6,-3,35.93399625248779,127.05595462284082,1,153.98373455013586,2.5073542550560965,0.08037319770466136,20565.5,0,5.7127316e-05,21,6,R5
2025-04-12 16:00:00,0,-1,35.95208925049756,126.9893688171416,1,144.80839482878315,2.2262378850915816,0.31110298589656404,34629.9,0,4.9544196e-05,22,5,R5
2025-04-12 16:00:00,1,-1,35.95208925049756,127.0004664514248,1,145.01796759961326,2.229611787846354,0.22788091457967388,34003.0,0,4.585519e-05,23,5,R5
2025-04-12 16:00:00,-4,4,35.99732174552198,126.94497828000878,1,169.3788036946272,2.2218983493833706,0.0030662177014568037,832.2,0,4.02967e-05,24,4,R5
2025-04-12 16:00:00,1,0,35.96113574950244,127.0004664514248,1,147.26534572968637,2.253909835682858,0.3148318855923221,51981.2,0,3.439962e-05,25,3,R5
2025-04-12 16:00:00,3,-2,35.94304275149267,127.0226617199912,1,147.17860310096557,2.2821841307622868,0.08317573396410184,22416.899999999998,0,3.2175336e-05,26,3,R5
2025-04-12 16:00:00,6,-4,35.9249497534829,127.05595462284082,1,154.29157768664038,2.5731784124075316,0.0,0.0,0,3.0839114e-05,27,3,R5
2025-04-12 16:00:00,0,8,36.03350774154152,126.9893688171416,1,173.88815502901957,1.9997675078998887,0.08801055424676557,51454.200000000004,0,3.027333e-05,28,3,R5
2025-04-12 16:00:00,2,-1,35.95208925049756,127.011564085708,1,146.24012461209338,2.2505047833984704,0.27098119420993777,56415.899999999994,0,2.5652718e-05,29,3,R5
2025-04-12 16:00:00,0,17,36.11492623258549,126.9893688171416,1,176.9039039360248,1.998836678007712,0.24341480806899052,136610.5,0,2.5627332e-05,30,3,R5
2025-04-18 01:00:00,-3,-4,35.9249497534829,126.95607591429199,0,154.7225641628778,2.4644746734886462,0.4842881421945261,49239.899999999994,0,0.0014986865,1,100,R5
2025-04-18 01:00:00,-4,-3,35.93399625248779,126.94497828000878,0,155.90960427931145,2.4251221527964084,0.21441356314111013,11799.500000000002,0,0.0011195659,2,75,R5
2025-04-18 01:00:00,-2,-3,35.93399625248779,126.96717354857519,0,152.47213426965834,2.4706465178215993,0.09689810546513918,8019.2,1,0.0009404351,3,63,R5
2025-04-18 01:00:00,0,-2,35.94304275149267,126.9893688171416,0,151.03083695677276,2.4918971599224315,0.1699505751910571,16618.6,0,0.0006277082,4,42,R5
2025-04-18 01:00:00,-3,-3,35.93399625248779,126.95607591429199,0,154.07468680564602,2.4476668468267295,0.2111388359614346,11812.499999999995,0,0.00039634763,5,26,R5
2025-04-18 01:00:00,-1,0,35.96113574950244,126.97827118285839,0,153.20707429127856,2.4063873316878697,0.18167476740790187,20901.9,0,0.00035534523,6,24,R5
2025-04-18 01:00:00,-2,-2,35.94304275149267,126.96717354857519,0,152.45852279643896,2.458436461847534,0.14108572093029773,10070.6,0,0.00031281204,7,21,R5
2025-04-18 01:00:00,-1,-1,35.95208925049756,126.97827118285839,0,152.00140439956522,2.459606538362032,0.2223017236774979,24140.5,0,0.0003072785,8,21,R5
2025-04-18 01:00:00,-2,-4,35.9249497534829,126.96717354857519,0,153.12214681781643,2.475572873782678,0.34338549539754487,37867.899999999994,0,0.00020820915,9,14,R5
2025-04-18 01:00:00,0,-1,35.95208925049756,126.9893688171416,0,151.5122334027402,2.4748938984192845,0.22371720180787022,24902.699999999997,0,0.00017630977,10,12,R5
2025-04-18 01:00:00,0,0,35.96113574950244,126.9893688171416,0,152.7658779567471,2.4242727212425055,0.34532672385536634,52888.1,0,0.00016181283,11,11,R5
2025-04-18 01:00:00,-4,-2,35.94304275149267,126.94497828000878,0,155.77237249463508,2.38846784864253,0.0855925814544601,4155.400000000001,0,0.00015436941,12,10,R5
2025-04-18 01:00:00,-2,0,35.96113574950244,126.96717354857519,0,154.1444199909031,2.369923248311755,0.13476707638617486,12241.5,0,0.00015200525,13,10,R5
2025-04-18 01:00:00,9,1,35.97018224850733,127.08924752569042,0,163.61925128301868,2.114003831947621,0.19456424420443455,45830.6,0,0.00014569868,14,10,R5
2025-04-18 01:00:00,1,0,35.96113574950244,127.0004664514248,0,152.88322582670457,2.4219978918698795,0.25691215072819096,42418.200000000004,0,0.00013553159,15,9,R5
2025-04-18 01:00:00,-2,-1,35.95208925049756,126.96717354857519,0,153.0418361411074,2.4276556825114683,0.23659724391505402,13860.6,0,0.00010169742,16,7,R5
2025-04-18 01:00:00,-1,-2,35.94304275149267,126.97827118285839,0,151.346200237453,2.484342740686294,0.20868986729515593,19825.6,0,8.223526e-05,17,5,R5
2025-04-18 01:00:00,-12,-5,35.91590325447802,126.85619720574316,0,163.7334583065624,2.6749472210211134,0.5349988574910503,101145.59999999998,0,7.6457996e-05,18,5,R5
2025-04-18 01:00:00,1,-1,35.95208925049756,127.0004664514248,0,151.63817446024825,2.4713946117730003,0.1307539042944391,19510.300000000003,0,5.7637848e-05,19,4,R5
2025-04-18 01:00:00,-5,-2,35.94304275149267,126.93388064572558,0,157.531758129502,2.356191942256781,0.34618723085794206,22573.899999999998,0,5.429535e-05,20,4,R5
2025-04-18 01:00:00,-3,-1,35.95208925049756,126.95607591429199,0,154.4837822157176,2.384467332652969,0.3461558938735153,13653.6,0,5.3281663e-05,21,4,R5
2025-04-18 01:00:00,-11,-5,35.91590325447802,126.86729484002636,0,164.13641400893596,2.645782635107672,0.6422586780366082,108229.9,0,4.6317004e-05,22,3,R5
2025-04-18 01:00:00,-5,-1,35.95208925049756,126.93388064572558,0,157.76295315146024,2.2919559126575852,0.007412605426435777,166.9,0,4.2566568e-05,23,3,R5
2025-04-18 01:00:00,6,-3,35.93399625248779,127.05595462284082,0,157.359255808032,2.3808159028166362,0.021281085967333274,5445.299999999999,0,3.405186e-05,24,2,R5
2025-04-18 01:00:00,-4,4,35.99732174552198,126.94497828000878,0,164.41220419847787,1.7287462118415071,0.0030662177014568037,832.2,0,3.245441e-05,25,2,R5
2025-04-18 01:00:00,2,0,35.96113574950244,127.011564085708,0,153.53757027112715,2.4017786293322967,0.3008142559963453,66243.29999999999,0,1.8955203e-05,26,1,R5
2025-04-18 01:00:00,6,-4,35.9249497534829,127.05595462284082,0,157.55115739737596,2.406450338422404,0.0,0.0,0,1.6406253e-05,27,1,R5
2025-04-18 01:00:00,3,-2,35.94304275149267,127.0226617199912,0,152.9205048230067,2.4467121068386026,0.06661768934650526,17954.3,0,1.6110944e-05,28,1,R5
2025-04-18 01:00:00,3,0,35.96113574950244,127.0226617199912,0,154.6298852658823,2.3687232965046383,0.3524098794821763,96046.0,0,1.5012159e-05,29,1,R5
2025-04-18 01:00:00,2,-1,35.95208925049756,127.011564085708,0,152.34365042746083,2.4509825471090685,0.2041426342708049,42500.7,0,1.2527089e-05,30,1,R5
2025-04-20 21:00:00,-4,-3,35.93399625248779,126.94497828000878,1,229.85393220496871,2.163605665414587,0.14162434242206737,7793.8,0,0.00040447057,1,100,R5
2025-04-20 21:00:00,-3,-3,35.93399625248779,126.95607591429199,1,229.6756698145805,2.3450895271307837,0.33637611579613413,18819.099999999995,0,0.00018093032,2,45,R5
2025-04-20 21:00:00,-2,-3,35.93399625248779,126.96717354857519,1,229.4739552873706,2.5092023284396507,0.2263630223141624,18733.6,0,0.00016858119,3,42,R5
2025-04-20 21:00:00,9,1,35.97018224850733,127.08924752569042,1,236.6419055248117,1.3854772374548858,0.4117393340241837,96987.29999999999,0,0.00013519122,4,33,R5
2025-04-20 21:00:00,-5,-2,35.94304275149267,126.93388064572558,1,229.93368185706785,1.9448871059156956,0.3305018464218676,21551.100000000002,0,0.0001206809,5,30,R5
2025-04-20 21:00:00,-1,-2,35.94304275149267,126.97827118285839,1,229.30826196414267,2.6239914941166234,0.04066408211342491,3863.1000000000004,0,0.00010010891,6,25,R5
2025-04-20 21:00:00,-4,4,35.99732174552198,126.94497828000878,1,232.00865125452253,1.1203644065932215,0.02780597422416992,7546.8,0,8.1890255e-05,7,20,R5
2025-04-20 21:00:00,-5,-1,35.95208925049756,126.93388064572558,1,230.01377394557719,1.8625572694501782,0.10911053176228146,2456.7000000000003,0,7.4924166e-05,8,19,R5
2025-04-20 21:00:00,-3,-1,35.95208925049756,126.95607591429199,1,229.7496927381522,2.2419866916405375,0.04667689226361758,1841.1,0,7.074225e-05,9,17,R5
2025-04-20 21:00:00,-2,-2,35.94304275149267,126.96717354857519,1,229.47015270923566,2.4962490465983525,0.26820100505328576,19144.0,0,5.6552013e-05,10,14,R5
2025-04-20 21:00:00,-2,-4,35.9249497534829,126.96717354857519,1,229.5919846101274,2.460281729066307,0.206767254785855,22801.899999999998,0,5.6529636e-05,11,14,R5
2025-04-20 21:00:00,3,-2,35.94304275149267,127.0226617199912,1,229.7745843570064,2.442093510702115,0.06375771068132276,17183.5,0,5.4934822e-05,12,14,R5
2025-04-20 21:00:00,0,8,36.03350774154152,126.9893688171416,1,244.7239733212184,0.8247506205601384,,,0,5.2088362e-05,13,13,R5
2025-04-20 21:00:00,-2,-1,35.95208925049756,126.96717354857519,1,229.57078864335344,2.412924650257906,0.014302759669597546,837.9,0,4.9743743e-05,14,12,R5
2025-04-20 21:00:00,0,17,36.11492623258549,126.9893688171416,1,261.7639097082123,0.6247131892688135,,,0,4.7834634e-05,15,12,R5
2025-04-20 21:00:00,-1,0,35.96113574950244,126.97827118285839,1,229.65829744381125,2.381362713126102,0.004805686511744336,552.9,0,4.423475e-05,16,11,R5
2025-04-20 21:00:00,-11,-5,35.91590325447802,126.86729484002636,1,222.7180883103808,1.5087402850937783,0.3225010310685431,54346.1,0,4.3402382e-05,17,11,R5
2025-04-20 21:00:00,-1,-1,35.95208925049756,126.97827118285839,1,229.42421032856507,2.539136826905447,0.012715321557295382,1380.8000000000002,0,4.0982955e-05,18,10,R5
2025-04-20 21:00:00,0,-2,35.94304275149267,126.9893688171416,1,229.26122549190683,2.6608951786496298,0.034667929301967895,3390.0000000000005,0,3.9849947e-05,19,10,R5
2025-04-20 21:00:00,6,-3,35.93399625248779,127.05595462284082,1,231.90824538710072,1.9544332818100116,0.05276285187577845,13500.7,0,3.8592847e-05,20,10,R5
2025-04-20 21:00:00,-3,-4,35.9249497534829,126.95607591429199,1,229.79483434803208,2.313001078833653,0.2561391809966678,26042.899999999998,0,3.7132515e-05,21,9,R5
2025-04-20 21:00:00,3,0,35.96113574950244,127.0226617199912,1,230.27767862175455,2.2349050006049938,0.04376595633824833,11928.0,0,3.6771948e-05,22,9,R5
2025-04-20 21:00:00,0,-1,35.95208925049756,126.9893688171416,1,229.3531031632945,2.599534483309966,0.0013825841116919544,153.9,0,3.624953e-05,23,9,R5
2025-04-20 21:00:00,2,0,35.96113574950244,127.011564085708,1,229.89376833158627,2.3548799196825696,0.054165665743168105,11928.0,1,3.6109934e-05,24,9,R5
2025-04-20 21:00:00,9,2,35.97922874751221,127.08924752569042,1,238.2764844605054,1.2825994869854513,0.3428153691442859,77656.79999999999,0,3.3352724e-05,25,8,R5
2025-04-20 21:00:00,6,-4,35.9249497534829,127.05595462284082,1,232.19174160228613,1.933158309850856,0.03790718580817868,9487.6,0,3.2491826e-05,26,8,R5
2025-04-20 21:00:00,-2,0,35.96113574950244,126.96717354857519,1,229.77962857813256,2.262859548313313,0.006024142809174928,547.2,0,3.0326606e-05,27,7,R5
2025-04-20 21:00:00,0,0,35.96113574950244,126.9893688171416,1,229.61248139226637,2.4391106550907233,0.0010048722264808319,153.9,0,2.9843599e-05,28,7,R5
2025-04-20 21:00:00,-4,-2,35.94304275149267,126.94497828000878,1,229.83791262464212,2.1327575700925707,0.0892693095166493,4333.9,0,2.8580913e-05,29,7,R5
2025-04-20 21:00:00,-12,-5,35.91590325447802,126.85619720574316,1,219.56091062252025,1.4910454779113709,0.2903221028935097,54887.59999999999,0,2.6949223e-05,30,7,R5
2025-06-06 21:00:00,3,-1,35.95208925049756,127.0226617199912,0,157.68261416129224,0.17716231809147837,,,0,0.0083683245,1,100,R5
2025-06-06 21:00:00,9,1,35.97018224850733,127.08924752569042,0,151.98498141371977,0.5531563814471615,,,0,0.00792474,2,95,R5
2025-06-06 21:00:00,-4,-3,35.93399625248779,126.94497828000878,0,164.4474027450285,0.38240460551376265,,,0,0.0059847757,3,72,R5
2025-06-06 21:00:00,3,-2,35.94304275149267,127.0226617199912,0,157.29273721343134,0.1513051992479265,,,0,0.0050617834,4,60,R5
2025-06-06 21:00:00,2,0,35.96113574950244,127.011564085708,0,159.38849714423327,0.16920866192621184,,,0,0.004386733,5,52,R5
2025-06-06 21:00:00,-2,-3,35.93399625248779,126.96717354857519,0,163.24658409398808,0.13030518810119113,,,1,0.004033704,6,48,R5
2025-06-06 21:00:00,-3,-4,35.9249497534829,126.95607591429199,0,164.4214934983629,0.29220675868392326,,,0,0.0033409677,7,40,R5
2025-06-06 21:00:00,-2,-2,35.94304275149267,126.96717354857519,0,163.15096058132792,0.1281554737893741,,,0,0.0028182014,8,34,R5
2025-06-06 21:00:00,0,-1,35.95208925049756,126.9893688171416,0,161.43523005823886,0.05602014181429495,,,0,0.001219503,9,15,R5
2025-06-06 21:00:00,1,0,35.96113574950244,127.0004664514248,0,160.6629035111148,0.13568533568067281,,,0,0.001103619,10,13,R5
2025-06-06 21:00:00,-5,-2,35.94304275149267,126.93388064572558,0,164.2823724402225,0.5054306484410998,,,0,0.0009707561,11,12,R5
2025-06-06 21:00:00,-3,-3,35.93399625248779,126.95607591429199,0,163.97662673131265,0.24741694513027152,,,0,0.0009049109,12,11,R5
2025-06-06 21:00:00,-4,4,35.99732174552198,126.94497828000878,0,180.91864375820043,0.57979394561798,,,0,0.0008723606,13,10,R5
2025-06-06 21:00:00,-10,-3,35.93399625248779,126.87839247430956,0,161.43743363924182,1.092484744473567,0.6117134927753333,52105.99999999999,0,0.0008709598,14,10,R5
2025-06-06 21:00:00,-12,-5,35.91590325447802,126.85619720574316,0,162.11211298221474,1.305302116195694,0.5349988574910503,101145.59999999998,0,0.0008598237,15,10,R5
2025-06-06 21:00:00,0,0,35.96113574950244,126.9893688171416,0,161.8665421983003,0.13285031569204314,,,0,0.00080665713,16,10,R5
2025-06-06 21:00:00,0,17,36.11492623258549,126.9893688171416,0,170.18899194370863,0.5157920684171675,,,0,0.00071306893,17,9,R5
2025-06-06 21:00:00,-1,-1,35.95208925049756,126.97827118285839,0,162.47602124550076,0.09123218299143795,,,0,0.0006893098,18,8,R5
2025-06-06 21:00:00,6,-3,35.93399625248779,127.05595462284082,0,152.65968955089147,0.4779428131367037,,,0,0.00066091266,19,8,R5
2025-06-06 21:00:00,1,-1,35.95208925049756,127.0004664514248,0,160.25876803639778,0.06314406045432473,,,0,0.0006338,20,8,R5
2025-06-06 21:00:00,-1,0,35.96113574950244,126.97827118285839,0,162.95411853649284,0.16527023512522432,,,0,0.0005640735,21,7,R5
2025-06-06 21:00:00,2,-1,35.95208925049756,127.011564085708,0,158.99274584348825,0.1072643585877446,,,0,0.000389614,22,5,R5
2025-06-06 21:00:00,-2,-1,35.95208925049756,126.96717354857519,0,163.3347733314505,0.1656623667940864,,,0,0.00037399447,23,4,R5
2025-06-06 21:00:00,3,0,35.96113574950244,127.0226617199912,0,158.08561175412683,0.22413913993547363,,,0,0.0003170971,24,4,R5
2025-06-06 21:00:00,-2,0,35.96113574950244,126.96717354857519,0,163.87582171103622,0.2306973354446335,,,0,0.0003025379,25,4,R5
2025-06-06 21:00:00,1,-2,35.94304275149267,127.0004664514248,0,159.98232713730476,0.023151459807197954,,,0,0.00026685875,26,3,R5
2025-06-06 21:00:00,-2,-4,35.9249497534829,126.96717354857519,0,163.5683384371713,0.177011890481861,,,0,0.0002575584,27,3,R5
2025-06-06 21:00:00,0,-2,35.94304275149267,126.9893688171416,0,161.2001900781288,0.02377275284081632,,,0,0.0002445514,28,3,R5
2025-06-06 21:00:00,-5,-1,35.95208925049756,126.93388064572558,0,164.36447828757525,0.511608598302156,,,0,0.00021840162,29,3,R5
2025-06-06 21:00:00,-11,-5,35.91590325447802,126.86729484002636,0,163.34134570873107,1.2423914394919857,0.6422586780366082,108229.9,0,0.00021323243,30,3,R5
2025-06-06 22:00:00,-2,-3,35.93399625248779,126.96717354857519,0,12.253778271973601,0.49795610322614986,,,1,0.009773226,1,100,R5
2025-06-06 22:00:00,9,1,35.97018224850733,127.08924752569042,0,123.68369661612621,0.7191527711981096,,,0,0.008760351,2,90,R5
2025-06-06 22:00:00,-4,-3,35.93399625248779,126.94497828000878,0,91.47352937364565,0.692566799816692,,,0,0.0053371196,3,55,R5
2025-06-06 22:00:00,3,-1,35.95208925049756,127.0226617199912,0,19.897113718671164,0.5178170601438765,,,0,0.0029368072,4,30,R5
2025-06-06 22:00:00,-4,4,35.99732174552198,126.94497828000878,0,100.74055559915371,0.7023115654472916,,,0,0.0025713022,5,26,R5
2025-06-06 22:00:00,3,-2,35.94304275149267,127.0226617199912,0,15.745085966505144,0.504051631113201,,,0,0.0019725987,6,20,R5
2025-06-06 22:00:00,-3,-4,35.9249497534829,126.95607591429199,0,56.92409695393076,0.6287566968403157,,,0,0.0018625158,7,19,R5
2025-06-06 22:00:00,-2,-2,35.94304275149267,126.96717354857519,0,11.706436974240034,0.49323783604189025,,,0,0.0014128896,8,14,R5
2025-06-06 22:00:00,2,0,35.96113574950244,127.011564085708,0,17.764488815277048,0.5092916780766684,,,0,0.0012877249,9,13,R5
2025-06-06 22:00:00,-5,-2,35.94304275149267,126.93388064572558,0,118.27237166016789,0.7760311031335744,,,0,0.0010674779,10,11,R5
2025-06-06 22:00:00,0,17,36.11492623258549,126.9893688171416,0,103.7654213775503,0.5875180020068965,,,0,0.00080670626,11,8,R5
2025-06-06 22:00:00,-10,-3,35.93399625248779,126.87839247430956,0,146.76630612806912,1.2517183126858047,0.6111112415532212,52054.7,0,0.00070147566,12,7,R5
2025-06-06 22:00:00,-12,-5,35.91590325447802,126.85619720574316,0,151.40241384219257,1.4354534528581802,0.5935751855519164,112219.89999999997,0,0.00066909526,13,7,R5
2025-06-06 22:00:00,6,-3,35.93399625248779,127.05595462284082,0,110.69721441021488,0.7259169406943938,,,0,0.0005512621,14,6,R5
2025-06-06 22:00:00,0,0,35.96113574950244,126.9893688171416,0,11.92925243930921,0.4878423613383473,,,0,0.0005094024,15,5,R5
2025-06-06 22:00:00,1,0,35.96113574950244,127.0004664514248,0,12.462515347406736,0.48872333706732224,,,0,0.0005059836,16,5,R5
2025-06-06 22:00:00,-3,-3,35.93399625248779,126.95607591429199,0,37.82485480005272,0.5877709376709342,,,0,0.00043727085,17,4,R5
2025-06-06 22:00:00,0,-1,35.95208925049756,126.9893688171416,0,4.052583908048234,0.43856604382578124,,,0,0.0003894342,18,4,R5
2025-06-06 22:00:00,1,-1,35.95208925049756,127.0004664514248,0,4.711120849382439,0.4429951034608382,,,0,0.00028285233,19,3,R5
2025-06-06 22:00:00,-1,-1,35.95208925049756,126.97827118285839,0,7.266426225379917,0.4634346514106335,,,0,0.00022063429,20,2,R5
2025-06-06 22:00:00,-1,0,35.96113574950244,126.97827118285839,0,16.396410247953668,0.5103326166309752,,,0,0.00021847918,21,2,R5
2025-06-06 22:00:00,6,-4,35.9249497534829,127.05595462284082,0,118.71706553135164,0.7701564915381061,,,0,0.00021004981,22,2,R5
2025-06-06 22:00:00,-5,-1,35.95208925049756,126.93388064572558,0,115.63247022557204,0.766329068710262,,,0,0.00019345358,23,2,R5
2025-06-06 22:00:00,2,-1,35.95208925049756,127.011564085708,0,9.280824230662063,0.4721871947581296,,,0,0.00019118252,24,2,R5
2025-06-06 22:00:00,-4,-2,35.94304275149267,126.94497828000878,0,83.07115731266276,0.6744185402958461,,,0,0.00018985558,25,2,R5
2025-06-06 22:00:00,3,0,35.96113574950244,127.0226617199912,0,29.633196367775838,0.5429291640788214,,,0,0.00016381599,26,2,R5
2025-06-06 22:00:00,-6,4,35.99732174552198,126.92278301144238,0,104.78291517584802,0.7348088221202971,,,0,0.00013945175,27,1,R5
2025-06-06 22:00:00,-2,0,35.96113574950244,126.96717354857519,0,28.90057781757838,0.5552461692012292,,,0,0.0001369615,28,1,R5
2025-06-06 22:00:00,-2,-1,35.95208925049756,126.96717354857519,0,16.84825270392986,0.5161985975323777,,,0,0.0001346793,29,1,R5
2025-06-06 22:00:00,0,8,36.03350774154152,126.9893688171416,0,83.69787092774612,0.5545709831420833,,,0,0.00012078969,30,1,R5
2025-06-09 13:00:00,-4,-3,35.93399625248779,126.94497828000878,1,185.22544081116664,1.8971200293070039,0.6132469585600973,33747.899999999994,1,0.0004429645,1,100,R5
2025-06-09 13:00:00,-2,-3,35.93399625248779,126.96717354857519,1,177.5904004872574,2.0267845338487227,0.23415189387028137,19378.200000000004,0,0.00022808685,2,51,R5
2025-06-09 13:00:00,3,-1,35.95208925049756,127.0226617199912,1,179.0080480375782,1.973536994810776,0.11317708564151568,30901.0,0,0.0001976937,3,45,R5
2025-06-09 13:00:00,-3,-4,35.9249497534829,126.95607591429199,1,181.63518022757253,1.9495649435328193,0.5878890344510144,59773.499999999985,0,0.00017831952,4,40,R5
2025-06-09 13:00:00,-3,-3,35.93399625248779,126.95607591429199,1,180.75022749581262,1.9648177931977122,0.5346491118316393,29911.79999999999,0,0.00014598237,5,33,R5
2025-06-09 13:00:00,9,1,35.97018224850733,127.08924752569042,1,208.12598189457398,1.6096884648422485,0.6279770635405475,147923.2,0,0.00010748999,6,24,R5
2025-06-09 13:00:00,2,0,35.96113574950244,127.011564085708,1,179.55756495537082,1.972323634569632,0.15449384755598322,34021.6,0,9.8585006e-05,7,22,R5
2025-06-09 13:00:00,-2,-2,35.94304275149267,126.96717354857519,1,177.74494527489685,2.023321163254451,0.058215757229336786,4155.4,0,8.409583e-05,8,19,R5
2025-06-09 13:00:00,1,0,35.96113574950244,127.0004664514248,1,178.4882752393355,1.9999175180030273,0.14717717757731616,24300.1,0,7.708603e-05,9,17,R5
2025-06-09 13:00:00,3,-2,35.94304275149267,127.0226617199912,1,177.75938609045977,1.9989996589546442,0.06293734056861927,16962.4,0,6.360914e-05,10,14,R5
2025-06-09 13:00:00,-2,-1,35.95208925049756,126.96717354857519,1,179.04723203726735,1.9938632076524292,0.0653857511808013,3830.5000000000005,0,6.27074e-05,11,14,R5
2025-06-09 13:00:00,-1,-1,35.95208925049756,126.97827118285839,1,176.97051967539528,2.0401759665421904,0.09027528376494337,9803.300000000001,0,5.7408546e-05,12,13,R5
2025-06-09 13:00:00,-5,-1,35.95208925049756,126.93388064572558,1,192.78714715279986,1.7964577648197249,0.01949306483920109,438.9,0,4.9661816e-05,13,11,R5
2025-06-09 13:00:00,-4,-2,35.94304275149267,126.94497828000878,1,185.5097167225475,1.8894670999854681,0.459222305071619,22294.6,0,4.9127197e-05,14,11,R5
2025-06-09 13:00:00,-12,-5,35.91590325447802,126.85619720574316,1,232.735493327855,1.6255818045748542,0.17992505987593196,34016.19999999999,0,4.396021e-05,15,10,R5
2025-06-09 13:00:00,0,-1,35.95208925049756,126.9893688171416,1,176.07380199171246,2.062419278568892,0.19479702784842423,21683.5,0,4.2065414e-05,16,9,R5
2025-06-09 13:00:00,-2,0,35.96113574950244,126.96717354857519,1,181.643111270177,1.9408807432890032,0.006543769162597911,594.4,0,4.1324372e-05,17,9,R5
2025-06-09 13:00:00,-2,-4,35.9249497534829,126.96717354857519,1,178.46840336760067,2.006095968096843,0.4412344790126054,48658.5,0,4.0446397e-05,18,9,R5
2025-06-09 13:00:00,1,-1,35.95208925049756,127.0004664514248,1,176.21700710461369,2.0566920110950093,0.11402087875191252,17013.5,0,3.4636698e-05,19,8,R5
2025-06-09 13:00:00,-4,4,35.99732174552198,126.94497828000878,1,211.41257864616662,1.5434380863371644,0.01432301693420233,3887.4,0,3.2837208e-05,20,7,R5
2025-06-09 13:00:00,-1,0,35.96113574950244,126.97827118285839,1,179.41704596240982,1.983505090283881,0.1059050231549084,12184.5,0,3.0816853e-05,21,7,R5
2025-06-09 13:00:00,0,-2,35.94304275149267,126.9893688171416,1,175.27716387449004,2.085069124394412,0.12303126556349703,12030.6,0,3.0379832e-05,22,7,R5
2025-06-09 13:00:00,-5,-2,35.94304275149267,126.93388064572558,1,191.22881253310604,1.8217580377001141,0.3365364560968727,21944.6,0,2.8974158e-05,23,7,R5
2025-06-09 13:00:00,0,0,35.96113574950244,126.9893688171416,1,178.4013277593359,2.0042316525292834,0.14310777793303203,21917.5,0,2.5758723e-05,24,6,R5
2025-06-09 13:00:00,6,-3,35.93399625248779,127.05595462284082,1,182.49096643721006,1.787844751120621,0.0,0.0,0,1.9263189e-05,25,4,R5
2025-06-09 13:00:00,3,0,35.96113574950244,127.0226617199912,1,181.48384234934065,1.9272229355426196,0.15369489903522635,41888.100000000006,0,1.9170167e-05,26,4,R5
2025-06-09 13:00:00,0,17,36.11492623258549,126.9893688171416,1,254.4922703158077,1.412754027715726,0.1623494743909351,91114.59999999999,0,1.8561792e-05,27,4,R5
2025-06-09 13:00:00,1,-2,35.94304275149267,127.0004664514248,1,175.2475286437102,2.085131252827413,0.09570444655450977,13677.4,0,1.6980026e-05,28,4,R5
2025-06-09 13:00:00,-1,-2,35.94304275149267,126.97827118285839,1,175.7891971596231,2.0711923006378163,0.04212091961814859,4001.5000000000005,0,1.4844536e-05,29,3,R5
2025-06-09 13:00:00,9,2,35.97922874751221,127.08924752569042,1,217.69453150983728,1.5888696386767633,0.6874711402546104,155730.50000000003,0,1.4741337e-05,30,3,R5
2025-06-13 07:00:00,9,1,35.97018224850733,127.08924752569042,1,90.01879038012697,1.0765613269683783,0.04630593861054166,10907.6,1,0.00078289554,1,100,R5
2025-06-13 07:00:00,3,-2,35.94304275149267,127.0226617199912,1,77.56540826618237,1.8138488839070612,0.5317441677102175,143311.69999999998,0,0.00054235844,2,69,R5
2025-06-13 07:00:00,-2,-3,35.93399625248779,126.96717354857519,1,76.84713966875012,1.8445683969121391,0.3930045155155143,32524.7,0,0.0005112208,3,65,R5
2025-06-13 07:00:00,3,-1,35.95208925049756,127.0226617199912,1,77.77668909605131,1.756130995016377,0.4040349804766689,110314.6,0,0.00044883904,4,57,R5
2025-06-13 07:00:00,-4,4,35.99732174552198,126.94497828000878,1,81.39433106960882,0.758497652666419,,,0,0.00034884573,5,45,R5
2025-06-13 07:00:00,-6,4,35.99732174552198,126.92278301144238,1,83.29653816545067,0.5498088571735542,,,0,0.00034572012,6,44,R5
2025-06-13 07:00:00,-4,-3,35.93399625248779,126.94497828000878,1,79.53648634290545,1.5415165197444411,0.21651236110227778,11915.0,0,0.00033673714,7,43,R5
2025-06-13 07:00:00,-2,-2,35.94304275149267,126.96717354857519,1,76.74551654082495,1.8347904700925415,0.2859358385414259,20409.9,0,0.0003338467,8,43,R5
2025-06-13 07:00:00,-1,-1,35.95208925049756,126.97827118285839,1,76.38559524821562,1.8724331907822651,0.45859416870638553,49800.3,0,0.0002951747,9,38,R5
2025-06-13 07:00:00,2,0,35.96113574950244,127.011564085708,1,77.36266011596445,1.7385860742881971,0.2776340030325144,61138.7,0,0.0002667259,10,34,R5
2025-06-13 07:00:00,-5,-2,35.94304275149267,126.93388064572558,1,80.81609358149188,1.3508751289864953,0.19024279527414154,12405.2,0,0.00021937622,11,28,R5
2025-06-13 07:00:00,0,-1,35.95208925049756,126.9893688171416,1,76.1018620720294,1.9217443263144625,0.37854326482100525,42136.9,0,0.00020448725,12,26,R5
2025-06-13 07:00:00,-3,-4,35.9249497534829,126.95607591429199,1,78.7330794432869,1.6740940852752886,0.23014060514503104,23399.5,0,0.00019797201,13,25,R5
2025-06-13 07:00:00,0,17,36.11492623258549,126.9893688171416,1,73.9694526503917,0.37769762744214636,,,0,0.00015663748,14,20,R5
2025-06-13 07:00:00,-12,-5,35.91590325447802,126.85619720574316,1,101.9723332342005,0.6031361424860117,,,0,0.00015182873,15,19,R5
2025-06-13 07:00:00,0,0,35.96113574950244,126.9893688171416,1,76.76613336003913,1.796394575975823,0.28750902687363944,44033.1,0,0.000121544515,16,16,R5
2025-06-13 07:00:00,1,0,35.96113574950244,127.0004664514248,1,76.87761807883305,1.7911435176434,0.20362211839779829,33619.6,0,0.000117950665,17,15,R5
2025-06-13 07:00:00,6,-3,35.93399625248779,127.05595462284082,1,86.22080402634526,1.5248423498836425,0.236631465898792,60548.1,0,0.00011606264,18,15,R5
2025-06-13 07:00:00,1,-1,35.95208925049756,127.0004664514248,1,76.20991879617549,1.9120136038734967,0.33103149237436996,49394.5,0,0.00011337075,19,14,R5
2025-06-13 07:00:00,0,-2,35.94304275149267,126.9893688171416,1,75.82536834677967,1.9696385310899962,0.5442476292351885,53219.19999999999,0,0.0001042831,20,13,R5
2025-06-13 07:00:00,1,-2,35.94304275149267,127.0004664514248,1,75.83548509610978,1.970692333438908,0.5965969482111132,85261.4,0,9.773432e-05,21,12,R5
2025-06-13 07:00:00,-11,-5,35.91590325447802,126.86729484002636,1,99.75058097486306,0.6771393502555962,,,0,7.822575e-05,22,10,R5
2025-06-13 07:00:00,-1,-3,35.93399625248779,126.97827118285839,1,76.0455910027789,1.9452881889032358,0.5751403433849834,57506.49999999999,0,7.4626136e-05,23,10,R5
2025-06-13 07:00:00,3,0,35.96113574950244,127.0226617199912,1,78.24857105348877,1.6530952470011981,0.2802529237845664,76380.29999999999,0,7.049588e-05,24,9,R5
2025-06-13 07:00:00,-10,-3,35.93399625248779,126.87839247430956,1,92.71979058907505,0.7404740811322639,,,0,6.834566e-05,25,9,R5
2025-06-13 07:00:00,-3,-3,35.93399625248779,126.95607591429199,1,78.02540153967391,1.7037059861323627,0.36547707992979017,20447.199999999997,0,6.514724e-05,26,8,R5
2025-06-13 07:00:00,6,-4,35.9249497534829,127.05595462284082,1,88.4855062497835,1.5366604277717597,0.24451085762231053,61197.399999999994,0,6.0978058e-05,27,8,R5
2025-06-13 07:00:00,-2,-4,35.9249497534829,126.96717354857519,1,77.45965490215968,1.803913054791946,0.371212416608556,40936.6,0,5.8641894e-05,28,7,R5
2025-06-13 07:00:00,-1,0,35.96113574950244,126.97827118285839,1,76.99864369269176,1.7477856036601396,0.19904703297314583,22900.6,0,5.637473e-05,29,7,R5
2025-06-13 07:00:00,-1,-2,35.94304275149267,126.97827118285839,1,76.02221793033948,1.9396597051798155,0.5197594112860697,49377.3,0,4.4462085e-05,30,6,R5
2025-06-23 04:00:00,-2,-3,35.93399625248779,126.96717354857519,0,43.50354059484914,0.7719046574238706,,,0,0.0012339649,1,100,R5
2025-06-23 04:00:00,9,1,35.97018224850733,127.08924752569042,0,80.76135036104876,0.5788407481519183,,,0,0.00058393436,2,47,R5
2025-06-23 04:00:00,-4,-3,35.93399625248779,126.94497828000878,0,49.627984338407714,0.711697720350407,,,0,0.00020885578,3,17,R5
2025-06-23 04:00:00,-3,-3,35.93399625248779,126.95607591429199,0,46.29989931264993,0.7445730211426371,,,0,0.00019721157,4,16,R5
2025-06-23 04:00:00,0,0,35.96113574950244,126.9893688171416,0,43.51392906300157,0.7495147427324074,,,0,0.0001668015,5,14,R5
2025-06-23 04:00:00,3,-1,35.95208925049756,127.0226617199912,0,46.162844952857654,0.7500360719971437,,,0,0.00013033596,6,11,R5
2025-06-23 04:00:00,-2,-2,35.94304275149267,126.96717354857519,0,43.27264156923695,0.7657680432498657,,,0,0.00011753558,7,10,R5
2025-06-23 04:00:00,-5,-2,35.94304275149267,126.93388064572558,0,52.044022937118655,0.6564386937313241,,,0,0.000115432114,8,9,R5
2025-06-23 04:00:00,3,-2,35.94304275149267,127.0226617199912,0,45.454853137526015,0.76860908222989,,,0,9.717119e-05,9,8,R5
2025-06-23 04:00:00,-3,-4,35.9249497534829,126.95607591429199,0,47.9433346423786,0.7478009413265996,,,0,8.711391e-05,10,7,R5
2025-06-23 04:00:00,-6,4,35.99732174552198,126.92278301144238,0,55.13889758257943,0.3085187100256249,,,0,7.419588e-05,11,6,R5
2025-06-23 04:00:00,0,-1,35.95208925049756,126.9893688171416,0,41.7081899697327,0.782589307732593,,,1,6.880815e-05,12,6,R5
2025-06-23 04:00:00,-1,-1,35.95208925049756,126.97827118285839,0,42.42386864258896,0.7709987004035511,,,0,6.537511e-05,13,5,R5
2025-06-23 04:00:00,-1,0,35.96113574950244,126.97827118285839,0,44.06473488438019,0.7366252212101277,,,0,6.3085194e-05,14,5,R5
2025-06-23 04:00:00,1,-1,35.95208925049756,127.0004664514248,0,42.001126729709426,0.7808866882307129,,,0,5.620286e-05,15,5,R5
2025-06-23 04:00:00,-10,-3,35.93399625248779,126.87839247430956,0,64.80857709678037,0.5243706192363007,,,0,5.3845313e-05,16,4,R5
2025-06-23 04:00:00,-12,-5,35.91590325447802,126.85619720574316,0,71.34094890573124,0.5112238493991452,,,0,5.0509523e-05,17,4,R5
2025-06-23 04:00:00,-4,4,35.99732174552198,126.94497828000878,0,54.21487694037887,0.38866766183593177,,,0,4.953505e-05,18,4,R5
2025-06-23 04:00:00,-4,-2,35.94304275149267,126.94497828000878,0,48.83271508914578,0.6961403099709566,,,0,4.828988e-05,19,4,R5
2025-06-23 04:00:00,2,0,35.96113574950244,127.011564085708,0,45.223289818897456,0.7369008865819785,,,0,4.3394877e-05,20,4,R5
2025-06-23 04:00:00,1,0,35.96113574950244,127.0004664514248,0,43.859326687661905,0.748891756940734,,,0,4.1882315e-05,21,3,R5
2025-06-23 04:00:00,-2,-1,35.95208925049756,126.96717354857519,0,43.98911858312903,0.7463018723877309,,,0,4.113026e-05,22,3,R5
2025-06-23 04:00:00,6,-3,35.93399625248779,127.05595462284082,0,67.1491558564295,0.7655938242323871,,,0,4.0645362e-05,23,3,R5
2025-06-23 04:00:00,-5,-1,35.95208925049756,126.93388064572558,0,51.66542722356985,0.6276859015594569,,,0,3.8870512e-05,24,3,R5
2025-06-23 04:00:00,0,17,36.11492623258549,126.9893688171416,0,69.47042560797178,0.19610336052194696,,,0,3.7048554e-05,25,3,R5
2025-06-23 04:00:00,0,-2,35.94304275149267,126.9893688171416,0,40.97670984920512,0.794087011085521,,,0,3.6403486e-05,26,3,R5
2025-06-23 04:00:00,-2,-4,35.9249497534829,126.96717354857519,0,44.9818140316562,0.7700615375412548,,,0,3.4746223e-05,27,3,R5
2025-06-23 04:00:00,6,-4,35.9249497534829,127.05595462284082,0,72.23717231729415,0.7968358188549358,,,0,3.080357e-05,28,2,R5
2025-06-23 04:00:00,-2,0,35.96113574950244,126.96717354857519,0,45.36567187844474,0.7106831757400757,,,0,3.0131036e-05,29,2,R5
2025-06-23 04:00:00,-11,-5,35.91590325447802,126.86729484002636,0,71.25930093713134,0.5418426835329953,,,0,2.57929e-05,30,2,R5
2025-06-29 22:00:00,3,-1,35.95208925049756,127.0226617199912,0,164.0858852523395,1.215311014026983,0.1277852473864814,34889.5,0,0.038598735,1,100,R5
2025-06-29 22:00:00,-2,-3,35.93399625248779,126.96717354857519,0,163.60903686785332,1.2722655048927864,0.2324493620641114,19237.300000000003,0,0.017559627,2,45,R5
2025-06-29 22:00:00,-4,-3,35.93399625248779,126.94497828000878,0,168.13847479820606,1.2367007089263131,0.5435396091329511,29911.799999999996,1,0.016930342,3,44,R5
2025-06-29 22:00:00,9,1,35.97018224850733,127.08924752569042,0,178.34377454696653,0.8495275264663887,,,0,0.0088158855,4,23,R5
2025-06-29 22:00:00,-3,-4,35.9249497534829,126.95607591429199,0,166.92022321318893,1.259694583131685,0.4800835605282725,48812.399999999994,0,0.008297776,5,21,R5
2025-06-29 22:00:00,-3,-3,35.93399625248779,126.95607591429199,0,165.58385123561243,1.2532651615380839,0.21090647152820718,11799.499999999995,0,0.007768966,6,20,R5
2025-06-29 22:00:00,-2,-2,35.94304275149267,126.96717354857519,0,163.3837675771082,1.2652654615371528,0.05605966996033864,4001.5,0,0.0077264025,7,20,R5
2025-06-29 22:00:00,-6,4,35.99732174552198,126.92278301144238,0,160.07746297667575,0.8208244594405124,,,0,0.0058558374,8,15,R5
2025-06-29 22:00:00,0,-1,35.95208925049756,126.9893688171416,0,162.34673826051926,1.277926825095437,0.21343900504252414,23758.6,0,0.003731631,9,10,R5
2025-06-29 22:00:00,-2,0,35.96113574950244,126.96717354857519,0,164.2689090262421,1.2051626875242714,0.1364613665512553,12395.4,0,0.0037084285,10,10,R5
2025-06-29 22:00:00,3,-2,35.94304275149267,127.0226617199912,0,163.80014359548295,1.240500663916671,0.06818236630954037,18376.0,0,0.0035414894,11,9,R5
2025-06-29 22:00:00,0,17,36.11492623258549,126.9893688171416,0,164.29132169304614,0.5039629215518413,,,0,0.0035062497,12,9,R5
2025-06-29 22:00:00,0,0,35.96113574950244,126.9893688171416,0,163.17690133252404,1.2366791829969455,0.16517774942574068,25297.6,0,0.0034001628,13,9,R5
2025-06-29 22:00:00,2,0,35.96113574950244,127.011564085708,0,163.77620488599064,1.207265156262122,0.19101843530794918,42064.8,0,0.0033995977,14,9,R5
2025-06-29 22:00:00,1,-1,35.95208925049756,127.0004664514248,0,162.44482823015915,1.273270582441901,0.10476570882471406,15632.5,0,0.0032233084,15,8,R5
2025-06-29 22:00:00,-5,-2,35.94304275149267,126.93388064572558,0,169.60991145025037,1.2004412489857377,0.34190396152572106,22294.6,0,0.0026848533,16,7,R5
2025-06-29 22:00:00,-1,-1,35.95208925049756,126.97827118285839,0,162.76121444000842,1.2667034529010173,0.1956896091290999,21250.6,0,0.002368258,17,6,R5
2025-06-29 22:00:00,-4,-2,35.94304275149267,126.94497828000878,0,167.21258467379926,1.2178964068434626,0.4649753030983386,22573.899999999998,0,0.0022089833,18,6,R5
2025-06-29 22:00:00,-12,-5,35.91590325447802,126.85619720574316,0,187.94149497893568,1.3423774364259362,0.6288099499834972,118881.29999999999,0,0.0020270934,19,5,R5
2025-06-29 22:00:00,1,0,35.96113574950244,127.0004664514248,0,163.26318643647937,1.2305022403606125,0.27940291131006534,46131.6,0,0.0012549262,20,3,R5
2025-06-29 22:00:00,-1,0,35.96113574950244,126.97827118285839,0,163.51962921295762,1.2268348822951889,0.12800388001168175,14727.0,0,0.0012291718,21,3,R5
2025-06-29 22:00:00,-4,4,35.99732174552198,126.94497828000878,0,164.25672972540383,0.8725054589410755,,,0,0.0010359068,22,3,R5
2025-06-29 22:00:00,-3,-2,35.94304275149267,126.95607591429199,0,165.064589447225,1.2407239765682931,0.07669945383432668,4155.400000000001,0,0.0010026632,23,3,R5
2025-06-29 22:00:00,-5,-1,35.95208925049756,126.93388064572558,0,168.70168939652194,1.1680843600239978,0.013417304369839714,302.1,0,0.00087716576,24,2,R5
2025-06-29 22:00:00,-10,-3,35.93399625248779,126.87839247430956,0,179.7830092181057,1.2573571715299567,0.9595153345135734,81731.89999999998,0,0.0006439141,25,2,R5
2025-06-29 22:00:00,-1,-3,35.93399625248779,126.97827118285839,0,162.33997093267715,1.2890487367118586,0.08020250652835521,8019.2,0,0.000552313,26,1,R5
2025-06-29 22:00:00,-2,-1,35.95208925049756,126.96717354857519,0,163.6876504886808,1.2442043422102385,0.2389016627662244,13995.6,0,0.0004926955,27,1,R5
2025-06-29 22:00:00,0,-2,35.94304275149267,126.9893688171416,0,161.99520699806453,1.292330078614548,0.21731985204259552,21250.6,0,0.00044820437,28,1,R5
2025-06-29 22:00:00,-2,-4,35.9249497534829,126.96717354857519,0,164.64133326891795,1.2714659253062894,0.4092018270173316,45126.0,0,0.00027575684,29,1,R5
2025-06-29 22:00:00,-1,-2,35.94304275149267,126.97827118285839,0,162.28946159508519,1.2860615858624007,0.18042679865221478,17140.6,0,0.0002437741,30,1,R5
2025-07-01 05:00:00,9,1,35.97018224850733,127.08924752569042,0,112.71124943281814,0.4376871925698856,,,0,0.0043365615,1,100,R5
2025-07-01 05:00:00,-2,-3,35.93399625248779,126.96717354857519,0,19.80712890541838,0.13711617248662292,,,0,0.0042882096,2,99,R5
2025-07-01 05:00:00,-4,-3,35.93399625248779,126.94497828000878,0,96.95184116646737,0.1970573495272997,,,1,0.0033658843,3,78,R5
2025-07-01 05:00:00,-5,-2,35.94304275149267,126.93388064572558,0,121.56251536839119,0.21171874692480586,,,0,0.0019176295,4,44,R5
2025-07-01 05:00:00,-3,-3,35.93399625248779,126.95607591429199,0,50.77570508784089,0.16647546465851965,,,0,0.0011461863,5,26,R5
2025-07-01 05:00:00,3,-1,35.95208925049756,127.0226617199912,0,47.499649677489174,0.1664106066304183,,,0,0.00084087654,6,19,R5
2025-07-01 05:00:00,-2,-2,35.94304275149267,126.96717354857519,0,18.248608366038184,0.13418595328910787,,,0,0.00076157314,7,18,R5
2025-07-01 05:00:00,3,-2,35.94304275149267,127.0226617199912,0,40.60686055167662,0.1595484182411019,,,0,0.0007205905,8,17,R5
2025-07-01 05:00:00,0,0,35.96113574950244,126.9893688171416,0,21.955221415526466,0.13619532359646858,,,0,0.0005855758,9,14,R5
2025-07-01 05:00:00,-6,4,35.99732174552198,126.92278301144238,0,136.74361798994357,0.12765580064727394,,,0,0.0005124688,10,12,R5
2025-07-01 05:00:00,-4,-2,35.94304275149267,126.94497828000878,0,89.59993998091949,0.1874497210717276,,,0,0.00045499284,11,10,R5
2025-07-01 05:00:00,-3,-4,35.9249497534829,126.95607591429199,0,71.37179529155338,0.18358892106971825,,,0,0.00044196742,12,10,R5
2025-07-01 05:00:00,1,-1,35.95208925049756,127.0004664514248,0,10.00127533634776,0.11970531219842163,,,0,0.00033367556,13,8,R5
2025-07-01 05:00:00,-12,-5,35.91590325447802,126.85619720574316,0,176.68725659488177,0.3647157416489626,,,0,0.00031921468,14,7,R5
2025-07-01 05:00:00,-5,-1,35.95208925049756,126.93388064572558,0,119.92041887367486,0.20273676902021026,,,0,0.00031066043,15,7,R5
2025-07-01 05:00:00,2,0,35.96113574950244,127.011564085708,0,38.956871887596606,0.1552282598846808,,,0,0.0003079288,16,7,R5
2025-07-01 05:00:00,-4,4,35.99732174552198,126.94497828000878,0,125.07429765789152,0.1530287773841751,,,0,0.00029620706,17,7,R5
2025-07-01 05:00:00,-10,-3,35.93399625248779,126.87839247430956,0,165.71197479478678,0.2956772972452138,,,0,0.00027568452,18,6,R5
2025-07-01 05:00:00,-2,0,35.96113574950244,126.96717354857519,0,41.503636365821194,0.1534086003543447,,,0,0.0002727619,19,6,R5
2025-07-01 05:00:00,0,17,36.11492623258549,126.9893688171416,0,132.527700963207,0.18472344409084135,,,0,0.00024959136,20,6,R5
2025-07-01 05:00:00,1,0,35.96113574950244,127.0004664514248,0,25.470736005690355,0.1403336967439269,,,0,0.00024145415,21,6,R5
2025-07-01 05:00:00,-1,0,35.96113574950244,126.97827118285839,0,26.903581178691127,0.1414703626929716,,,0,0.00021679323,22,5,R5
2025-07-01 05:00:00,0,-1,35.95208925049756,126.9893688171416,0,7.683995289744416,0.11612130048848182,,,0,0.00021562725,23,5,R5
2025-07-01 05:00:00,-1,-1,35.95208925049756,126.97827118285839,0,12.326559116959402,0.12437321492042105,,,0,0.00014594769,24,3,R5
2025-07-01 05:00:00,-2,-1,35.95208925049756,126.96717354857519,0,25.317708077365523,0.14125153686264696,,,0,0.0001400702,25,3,R5
2025-07-01 05:00:00,-2,-4,35.9249497534829,126.96717354857519,0,33.642200988517914,0.15362143911294637,,,0,0.0001307401,26,3,R5
2025-07-01 05:00:00,-3,-2,35.94304275149267,126.95607591429199,0,45.55584507743174,0.16045371637514103,,,0,0.000117236596,27,3,R5
2025-07-01 05:00:00,6,-4,35.9249497534829,127.05595462284082,0,107.40351912770655,0.4012023787267117,,,0,0.000106592786,28,2,R5
2025-07-01 05:00:00,0,-2,35.94304275149267,126.9893688171416,0,3.1390060183632613,0.10727569121998652,,,0,0.000103000515,29,2,R5
2025-07-01 05:00:00,6,-3,35.93399625248779,127.05595462284082,0,105.4996610098463,0.3575597212504601,,,0,0.000102003316,30,2,R5
2025-07-04 17:00:00,9,1,35.97018224850733,127.08924752569042,1,267.1859151030203,3.113553677016596,0.24940449177283786,58748.49999999999,0,0.00027967812,1,100,R5
2025-07-04 17:00:00,-2,-3,35.93399625248779,126.96717354857519,1,271.552811935103,4.837208117011873,0.01845839309513999,1527.6,0,0.00017898549,2,64,R5
2025-07-04 17:00:00,-4,-3,35.93399625248779,126.94497828000878,1,268.7967757533511,4.377914680675839,0.09066443764026058,4989.400000000001,0,0.00011502366,3,41,R5
2025-07-04 17:00:00,-3,-3,35.93399625248779,126.95607591429199,1,270.39947384855617,4.616681161741288,0.030462977196112007,1704.2999999999997,0,9.812622e-05,4,35,R5
2025-07-04 17:00:00,-5,-2,35.94304275149267,126.93388064572558,1,266.8811542921337,4.115316986114596,0.282307781962728,18408.499999999996,0,4.583663e-05,5,16,R5
2025-07-04 17:00:00,0,17,36.11492623258549,126.9893688171416,1,262.8665586340435,2.187056346024604,0.1438130618177982,80711.49999999999,0,4.210678e-05,6,15,R5
2025-07-04 17:00:00,-2,-2,35.94304275149267,126.96717354857519,1,271.5564724629147,4.823031398027913,0.021720582858055486,1550.4,0,3.6007328e-05,7,13,R5
2025-07-04 17:00:00,-4,-2,35.94304275149267,126.94497828000878,1,268.86382687548337,4.349732245280897,0.03921431308008883,1903.8000000000002,0,3.3155087e-05,8,12,R5
2025-07-04 17:00:00,-2,0,35.96113574950244,126.96717354857519,1,270.5863000054966,4.517796211057975,0.0437377868541138,3972.9,0,3.2658336e-05,9,12,R5
2025-07-04 17:00:00,-6,4,35.99732174552198,126.92278301144238,1,265.3805082944639,2.882374896911623,0.004002536560281657,741.0,0,3.1725725e-05,10,11,R5
2025-07-04 17:00:00,-5,-1,35.95208925049756,126.93388064572558,1,266.712770280639,4.02663190324065,0.11189525531073875,2519.4,0,2.6391777e-05,11,9,R5
2025-07-04 17:00:00,-2,-1,35.95208925049756,126.96717354857519,1,271.212463451001,4.7141185441389135,0.03541635727709869,2074.8,0,2.6328962e-05,12,9,R5
2025-07-04 17:00:00,-10,-3,35.93399625248779,126.87839247430956,1,252.13818247447188,3.5131630987605798,0.00013383360491380647,11.4,0,2.4197829e-05,13,9,R5
2025-07-04 17:00:00,6,-4,35.9249497534829,127.05595462284082,1,269.34613430096897,3.9563397578715156,0.09617156441656512,24070.3,0,2.1383341e-05,14,8,R5
2025-07-04 17:00:00,-2,-4,35.9249497534829,126.96717354857519,1,271.1758254729831,4.76488127764421,0.008683501075916252,957.6,0,2.1207537e-05,15,8,R5
2025-07-04 17:00:00,6,-3,35.93399625248779,127.05595462284082,1,269.49694904504605,3.993400760808883,0.18382093451062645,47035.2,0,2.0221962e-05,16,7,R5
2025-07-04 17:00:00,0,8,36.03350774154152,126.9893688171416,1,266.283000835538,2.4527889922921084,0.1953334438293046,114199.09999999999,0,1.9872956e-05,17,7,R5
2025-07-04 17:00:00,3,-1,35.95208925049756,127.0226617199912,1,271.34273263564035,4.622551238148061,0.002212924990925982,604.2,0,1.8750157e-05,18,7,R5
2025-07-04 17:00:00,3,-2,35.94304275149267,127.0226617199912,1,271.58773338116026,4.727798201373843,0.04588024674180233,12365.3,0,1.5927539e-05,19,6,R5
2025-07-04 17:00:00,-3,-2,35.94304275149267,126.95607591429199,1,270.4295000867969,4.5955474056077,0.04839629589295965,2622.0,0,1.5092298e-05,20,5,R5
2025-07-04 17:00:00,-1,0,35.96113574950244,126.97827118285839,1,271.252878470309,4.668279639197594,0.020609954524594264,2371.2,0,1.4237815e-05,21,5,R5
2025-07-04 17:00:00,-3,-4,35.9249497534829,126.95607591429199,1,270.00305392977407,4.563818246366674,0.047278184958318106,4807.000000000001,0,1.3757467e-05,22,5,R5
2025-07-04 17:00:00,-11,-5,35.91590325447802,126.86729484002636,1,248.86393836742042,3.5021488585291944,0.0006426746659782987,108.3,0,1.3298263e-05,23,5,R5
2025-07-04 17:00:00,-12,-5,35.91590325447802,126.85619720574316,1,245.88640346845375,3.4913228773440896,0.035526738940936525,6716.6,0,1.25763145e-05,24,4,R5
2025-07-04 17:00:00,-5,1,35.97018224850733,126.93388064572558,1,265.9135783605839,3.6994798530309327,0.02495568199688344,1396.5,0,1.2342719e-05,25,4,R5
2025-07-04 17:00:00,0,0,35.96113574950244,126.9893688171416,1,271.566784041559,4.740613221536496,0.01190959675829134,1824.0,1,1.2106607e-05,26,4,R5
2025-07-04 17:00:00,-4,4,35.99732174552198,126.94497828000878,1,266.5323609485634,3.13193231573205,0.025988424125481326,7053.499999999999,0,1.1599269e-05,27,4,R5
2025-07-04 17:00:00,2,0,35.96113574950244,127.011564085708,1,271.3203724452234,4.6100120805108205,0.002226023587131204,490.2,0,1.1063709e-05,28,4,R5
2025-07-04 17:00:00,1,-1,35.95208925049756,127.0004664514248,1,272.1507248410431,4.938397093247684,0.003285216725787611,490.2,0,1.0107433e-05,29,4,R5
2025-07-04 17:00:00,0,-1,35.95208925049756,126.9893688171416,1,272.1887690892363,4.960872370979427,0.003789304602414986,421.8,0,9.690834e-06,30,3,R5
2025-07-07 00:00:00,-2,-3,35.93399625248779,126.96717354857519,1,169.87194884209407,0.7887470981624574,,,0,0.016629843,1,100,R5
2025-07-07 00:00:00,-4,-3,35.93399625248779,126.94497828000878,1,176.25092389030192,0.7708613496698766,,,0,0.006533438,2,39,R5
2025-07-07 00:00:00,0,0,35.96113574950244,126.9893688171416,1,170.54124981704751,0.7755540273352888,,,0,0.0038019072,3,23,R5
2025-07-07 00:00:00,9,1,35.97018224850733,127.08924752569042,1,215.64321738122746,0.6728753707628138,,,1,0.002935412,4,18,R5
2025-07-07 00:00:00,1,-1,35.95208925049756,127.0004664514248,1,168.5656213552022,0.7903104859677016,,,0,0.0018172424,5,11,R5
2025-07-07 00:00:00,-3,-3,35.93399625248779,126.95607591429199,1,172.71191201512397,0.77986150222107,,,0,0.001405453,6,8,R5
2025-07-07 00:00:00,3,-1,35.95208925049756,127.0226617199912,1,172.72704770741393,0.7719114858908043,,,0,0.0010358329,7,6,R5
2025-07-07 00:00:00,-1,0,35.96113574950244,126.97827118285839,1,171.2397403479099,0.7699329295723294,,,0,0.0007500672,8,5,R5
2025-07-07 00:00:00,-4,-2,35.94304275149267,126.94497828000878,1,176.01179160279162,0.7609507323907779,,,0,0.00069378136,9,4,R5
2025-07-07 00:00:00,-1,-1,35.95208925049756,126.97827118285839,1,169.08151396623532,0.7865138296045072,,,0,0.0006889075,10,4,R5
2025-07-07 00:00:00,-2,-2,35.94304275149267,126.96717354857519,1,169.83333756034403,0.785408473807121,,,0,0.0006479565,11,4,R5
2025-07-07 00:00:00,1,0,35.96113574950244,127.0004664514248,1,170.90949322466622,0.7746883408400874,,,0,0.0006466983,12,4,R5
2025-07-07 00:00:00,0,-1,35.95208925049756,126.9893688171416,1,168.28348897766966,0.7915611237966689,,,0,0.00058173557,13,3,R5
2025-07-07 00:00:00,-5,-2,35.94304275149267,126.93388064572558,1,179.8640918851695,0.7494597100079139,,,0,0.00055305584,14,3,R5
2025-07-07 00:00:00,-2,-4,35.9249497534829,126.96717354857519,1,171.06314469255904,0.7890417236872329,,,0,0.00045757028,15,3,R5
2025-07-07 00:00:00,3,-2,35.94304275149267,127.0226617199912,1,171.50864978585457,0.7803123826763843,,,0,0.00042031085,16,3,R5
2025-07-07 00:00:00,-12,-5,35.91590325447802,126.85619720574316,1,196.4661642088366,0.7954190970527013,,,0,0.00039654016,17,2,R5
2025-07-07 00:00:00,-2,0,35.96113574950244,126.96717354857519,1,172.8835839970019,0.758428069447996,,,0,0.00035812147,18,2,R5
2025-07-07 00:00:00,2,0,35.96113574950244,127.011564085708,1,172.45494878786815,0.7679520733479296,,,0,0.00020430503,19,1,R5
2025-07-07 00:00:00,-3,-2,35.94304275149267,126.95607591429199,1,172.57916022769314,0.7735354929301571,,,0,0.0001962462,20,1,R5
2025-07-07 00:00:00,-2,-1,35.95208925049756,126.96717354857519,1,170.8558599837221,0.7759853857059082,,,0,0.00014857204,21,1,R5
2025-07-07 00:00:00,-10,-3,35.93399625248779,126.87839247430956,1,195.3282162585306,0.7582646535860994,,,0,0.0001309685,22,1,R5
2025-07-07 00:00:00,0,-2,35.94304275149267,126.9893688171416,1,167.4609724443634,0.7971167136797357,,,0,0.00013024466,23,1,R5
2025-07-07 00:00:00,-5,-1,35.95208925049756,126.93388064572558,1,180.4559801976123,0.7316753329491799,,,0,0.00012930697,24,1,R5
2025-07-07 00:00:00,-6,4,35.99732174552198,126.92278301144238,1,201.13422396179513,0.5131125638086603,,,0,9.55959e-05,25,1,R5
2025-07-07 00:00:00,-4,4,35.99732174552198,126.94497828000878,1,194.86271255365108,0.5698834297905895,,,0,8.9871406e-05,26,1,R5
2025-07-07 00:00:00,-3,-4,35.9249497534829,126.95607591429199,1,173.95605599651026,0.783596941675237,,,0,7.9600075e-05,27,0,R5
2025-07-07 00:00:00,-11,-5,35.91590325447802,126.86729484002636,1,196.97028692339632,0.79620194035096,,,0,5.4501175e-05,28,0,R5
2025-07-07 00:00:00,6,-3,35.93399625248779,127.05595462284082,1,188.13896363537853,0.747240391715868,,,0,4.1098992e-05,29,0,R5
2025-07-07 00:00:00,6,-4,35.9249497534829,127.05595462284082,1,190.55941838205112,0.7508103646178239,,,0,3.7621125e-05,30,0,R5
2025-07-09 20:00:00,9,1,35.97018224850733,127.08924752569042,0,79.7367870687358,1.6506591899127696,0.044660463730142125,10520.0,0,0.0049239285,1,100,R5
2025-07-09 20:00:00,-4,-3,35.93399625248779,126.94497828000878,0,67.49172890342913,2.3609208056760185,0.21651236110227778,11915.0,0,0.001853847,2,38,R5
2025-07-09 20:00:00,-2,-3,35.93399625248779,126.96717354857519,0,65.04052655112082,2.6459819770159525,0.3687570309488624,30518.0,1,0.0010692856,3,22,R5
2025-07-09 20:00:00,0,0,35.96113574950244,126.9893688171416,0,64.94302068880825,2.5779355382600926,0.23093125994914918,35368.0,0,0.00083553867,4,17,R5
2025-07-09 20:00:00,-2,-2,35.94304275149267,126.96717354857519,0,64.9078715782735,2.632619454865222,0.17874509836885483,12758.7,0,0.000818381,5,17,R5
2025-07-09 20:00:00,0,-1,35.95208925049756,126.9893688171416,0,64.29883002988504,2.7162726144744105,0.26238733376874107,29207.2,0,0.0005959074,6,12,R5
2025-07-09 20:00:00,-3,-3,35.93399625248779,126.95607591429199,0,66.15422825788835,2.5114617703175623,0.3633321774692296,20327.199999999997,0,0.0004789127,7,10,R5
2025-07-09 20:00:00,3,-1,35.95208925049756,127.0226617199912,0,66.05559969310343,2.5253367915517275,0.3929121206538567,107277.7,0,0.00037041664,8,8,R5
2025-07-09 20:00:00,-5,-2,35.94304275149267,126.93388064572558,0,68.17746928192764,2.1725362133403383,0.041346661104908665,2696.1000000000004,0,0.00031898066,9,6,R5
2025-07-09 20:00:00,-6,4,35.99732174552198,126.92278301144238,0,67.31037351968325,1.2532819428562287,0.17812205954002697,32976.2,0,0.0003184374,10,6,R5
2025-07-09 20:00:00,-1,0,35.96113574950244,126.97827118285839,0,65.1302337029257,2.529630391682395,0.1663398556468772,19137.6,0,0.0002802839,11,6,R5
2025-07-09 20:00:00,-2,-4,35.9249497534829,126.96717354857519,0,65.70534771272662,2.6102151477351687,0.2865083819906219,31595.600000000002,0,0.00027854092,12,6,R5
2025-07-09 20:00:00,-12,-5,35.91590325447802,126.85619720574316,0,72.54353379610427,1.680891305883809,0.09824413300496779,18573.799999999996,0,0.00025225882,13,5,R5
2025-07-09 20:00:00,-4,-2,35.94304275149267,126.94497828000878,0,66.99953053261453,2.3304935767738675,0.059995550850076025,2912.7000000000003,0,0.00024320635,14,5,R5
2025-07-09 20:00:00,1,-1,35.95208925049756,127.0004664514248,0,64.41690053469324,2.7042050438937735,0.30464990191932523,45458.0,0,0.00024253658,15,5,R5
2025-07-09 20:00:00,3,-2,35.94304275149267,127.0226617199912,0,65.8431286277131,2.59423933056115,0.4159487964380131,112103.4,0,0.00024039287,16,5,R5
2025-07-09 20:00:00,0,17,36.11492623258549,126.9893688171416,0,63.534296737977456,0.8031952755816455,,,0,0.00019651512,17,4,R5
2025-07-09 20:00:00,-4,4,35.99732174552198,126.94497828000878,0,67.52442972030269,1.4519801611693373,0.1923603944301098,52208.399999999994,0,0.00014783167,18,3,R5
2025-07-09 20:00:00,-2,0,35.96113574950244,126.96717354857519,0,65.57785442049942,2.430209365926478,0.26434339375457566,24011.500000000004,0,0.00013019983,19,3,R5
2025-07-09 20:00:00,-1,-1,35.95208925049756,126.97827118285839,0,64.56276673854336,2.6658397394793987,0.29859549475382485,32425.5,0,0.00012430326,20,3,R5
2025-07-09 20:00:00,6,-3,35.93399625248779,127.05595462284082,0,75.19300437965808,2.2579423661177067,0.3064303638767508,78407.90000000001,0,0.00011959078,21,2,R5
2025-07-09 20:00:00,2,0,35.96113574950244,127.011564085708,0,65.59993142754007,2.504715853312274,0.1454657824936096,32033.5,0,0.0001038037,22,2,R5
2025-07-09 20:00:00,-11,-5,35.91590325447802,126.86729484002636,0,77.03970562013319,1.7271331767511806,0.10599265938539415,17861.3,0,0.00010194071,23,2,R5
2025-07-09 20:00:00,1,0,35.96113574950244,127.0004664514248,0,65.08144354162442,2.5681579827936813,0.1977429291650667,32648.899999999998,0,9.584336e-05,24,2,R5
2025-07-09 20:00:00,-10,-3,35.93399625248779,126.87839247430956,0,71.27514474017585,1.6959643355504899,0.02937647627858052,2502.2999999999997,0,9.389989e-05,25,2,R5
2025-07-09 20:00:00,-5,-1,35.95208925049756,126.93388064572558,0,67.77938947808741,2.09966553151983,0.06860546196653891,1544.7,0,9.252044e-05,26,2,R5
2025-07-09 20:00:00,-3,-2,35.94304275149267,126.95607591429199,0,65.8688708291482,2.4898206850930102,0.22407927985130413,12140.099999999999,0,6.190999e-05,27,1,R5
2025-07-09 20:00:00,0,8,36.03350774154152,126.9893688171416,0,65.41637727543554,1.0043738605015464,0.15836638377303378,92586.8,0,5.8074616e-05,28,1,R5
2025-07-09 20:00:00,-3,-4,35.9249497534829,126.95607591429199,0,66.96043400483302,2.4904101586758918,0.13714804454987864,13944.5,0,5.5529978e-05,29,1,R5
2025-07-09 20:00:00,-2,-1,35.95208925049756,126.96717354857519,0,65.13571934596416,2.5604612491353764,0.1412130802227946,8272.699999999999,0,5.235466e-05,30,1,R5
2025-07-11 21:00:00,9,1,35.97018224850733,127.08924752569042,0,73.44783706503807,2.68264570629448,0.044660463730142125,10520.0,1,0.0026647802,1,100,R5
2025-07-11 21:00:00,-2,-3,35.93399625248779,126.96717354857519,0,72.03910431361663,4.683733160187339,0.3915545239133823,32404.7,0,0.0019791333,2,74,R5
2025-07-11 21:00:00,-4,-3,35.93399625248779,126.94497828000878,0,73.02159069831214,4.11519695234818,0.21651236110227778,11915.0,0,0.0010881566,3,41,R5
2025-07-11 21:00:00,0,0,35.96113574950244,126.9893688171416,0,71.93283309393752,4.5585245301411845,0.252663009340937,38696.299999999996,0,0.00068099005,4,26,R5
2025-07-11 21:00:00,-2,-2,35.94304275149267,126.96717354857519,0,71.99510328313909,4.661604440623896,0.25718800828811716,18357.9,0,0.00047711644,5,18,R5
2025-07-11 21:00:00,-3,-3,35.93399625248779,126.95607591429199,0,72.47273939899844,4.4130252620224155,0.36547707992979017,20447.199999999997,1,0.0004610011,6,17,R5
2025-07-11 21:00:00,-5,-2,35.94304275149267,126.93388064572558,0,73.4268211237158,3.761721230522093,0.18910641769620534,12331.1,0,0.00042221777,7,16,R5
2025-07-11 21:00:00,-12,-5,35.91590325447802,126.85619720574316,0,76.67051764887975,2.9814886675891557,0.11604241247111992,21938.699999999997,0,0.00036720824,8,14,R5
2025-07-11 21:00:00,0,-1,35.95208925049756,126.9893688171416,0,71.7517131536739,4.831038278270936,0.2720411666889761,30281.8,0,0.00029874625,9,11,R5
2025-07-11 21:00:00,-4,-2,35.94304275149267,126.94497828000878,0,72.87206410831936,4.065564927450151,0.20069167802985052,9743.3,0,0.00029725334,10,11,R5
2025-07-11 21:00:00,1,-1,35.95208925049756,127.0004664514248,0,71.7722862116783,4.8055834807609195,0.26510867955331235,39557.899999999994,0,0.0002874888,11,11,R5
2025-07-11 21:00:00,3,-1,35.95208925049756,127.0226617199912,0,72.12923059521142,4.435737218712096,0.4210135577365755,114950.3,0,0.00027822878,12,10,R5
2025-07-11 21:00:00,-6,4,35.99732174552198,126.92278301144238,0,74.53707753907065,1.9990792568260118,0.1149041281762369,21272.499999999996,0,0.00022463681,13,8,R5
2025-07-11 21:00:00,0,17,36.11492623258549,126.9893688171416,0,67.78349712732762,1.2948402430840318,0.2664609975569518,149544.6,0,0.00020347752,14,8,R5
2025-07-11 21:00:00,-2,0,35.96113574950244,126.96717354857519,0,72.22683062195279,4.270246889918363,0.11948103418855173,10853.000000000002,0,0.00019508047,15,7,R5
2025-07-11 21:00:00,3,-2,35.94304275149267,127.0226617199912,0,72.10454779684369,4.566408535070272,0.4933541115903714,132965.09999999998,0,0.00018938693,16,7,R5
2025-07-11 21:00:00,-4,4,35.99732174552198,126.94497828000878,0,73.56999808486802,2.3908361148606216,0.1611153339255508,43728.2,0,0.00016283889,17,6,R5
2025-07-11 21:00:00,-1,-1,35.95208925049756,126.97827118285839,0,71.85160969525248,4.730786642640296,0.32228570060427253,34998.100000000006,0,0.00015725661,18,6,R5
2025-07-11 21:00:00,-2,-4,35.9249497534829,126.96717354857519,0,72.2619468653553,4.60322240341463,0.28650838199062184,31595.6,0,0.00011727004,19,4,R5
2025-07-11 21:00:00,0,12,36.06969373756106,126.9893688171416,0,65.92472923284464,1.2311392371344858,0.2718320247784358,223113.8,0,0.000111369045,20,4,R5
2025-07-11 21:00:00,1,0,35.96113574950244,127.0004664514248,0,71.93692369889044,4.537514839330763,0.1373405738553842,22676.0,0,0.00010063356,21,4,R5
2025-07-11 21:00:00,-5,-1,35.95208925049756,126.93388064572558,0,73.34212624920463,3.6294421953491023,0.06860546196653891,1544.7,0,9.217226e-05,22,3,R5
2025-07-11 21:00:00,-10,-3,35.93399625248779,126.87839247430956,0,75.85308352749678,2.9377564451599807,0.0289080586613822,2462.4,0,8.820501e-05,23,3,R5
2025-07-11 21:00:00,2,0,35.96113574950244,127.011564085708,0,72.02647519432759,4.408942190944407,0.2007676193944689,44211.7,0,8.797207e-05,24,3,R5
2025-07-11 21:00:00,6,-3,35.93399625248779,127.05595462284082,0,73.92747414360173,3.770429420445718,0.3951232456772855,101102.20000000001,0,8.0287195e-05,25,3,R5
2025-07-11 21:00:00,-1,0,35.96113574950244,126.97827118285839,0,72.02724484727281,4.464397546151554,0.2752956944386499,31673.1,0,7.90383e-05,26,3,R5
2025-07-11 21:00:00,-11,-5,35.91590325447802,126.86729484002636,0,76.96223191103212,3.0143205790163807,0.10599265938539415,17861.3,0,7.4479205e-05,27,3,R5
2025-07-11 21:00:00,-3,-2,35.94304275149267,126.95607591429199,0,72.38125599559436,4.377721631983197,0.2437534262251812,13205.999999999998,0,6.376267e-05,28,2,R5
2025-07-11 21:00:00,0,-2,35.94304275149267,126.9893688171416,0,71.67065941466831,4.934617725284964,0.5284507117152034,51674.49999999999,0,4.327951e-05,29,2,R5
2025-07-11 21:00:00,6,-4,35.9249497534829,127.05595462284082,0,74.45955604763793,3.756906415833319,0.35017400163813256,87643.3,0,3.9006747e-05,30,1,R5
2025-07-13 01:00:00,-2,-3,35.93399625248779,126.96717354857519,1,101.81249620937302,1.1641702622040735,0.5057171960545728,41852.7,0,0.010163887,1,100,R5
2025-07-13 01:00:00,-4,-3,35.93399625248779,126.94497828000878,1,102.74843545419287,1.095717934680915,0.22244532676739687,12241.5,0,0.004961587,2,49,R5
2025-07-13 01:00:00,9,1,35.97018224850733,127.08924752569042,1,106.41347890284527,0.9340390665152014,,,1,0.0044385646,3,44,R5
2025-07-13 01:00:00,0,0,35.96113574950244,126.9893688171416,1,101.79332755526548,1.149099824057624,0.41783031175197743,63992.299999999996,0,0.0031805614,4,31,R5
2025-07-13 01:00:00,-2,-2,35.94304275149267,126.96717354857519,1,101.81840120446464,1.1600755580608402,0.5813113885958534,41493.6,0,0.002265096,5,22,R5
2025-07-13 01:00:00,1,-1,35.95208925049756,127.0004664514248,1,101.69047034195961,1.178639648244606,0.4593305315389518,68538.5,0,0.0017360459,6,17,R5
2025-07-13 01:00:00,-2,-4,35.9249497534829,126.96717354857519,1,101.87107044628465,1.1569247500690407,0.18587552741659494,20498.0,0,0.0015610787,7,15,R5
2025-07-13 01:00:00,-5,-2,35.94304275149267,126.93388064572558,1,104.00830649850604,1.0387878751924509,0.18948060950324505,12355.5,0,0.0015114769,8,15,R5
2025-07-13 01:00:00,-3,-3,35.93399625248779,126.95607591429199,1,102.12214643648048,1.132206725123845,0.3697847590380827,20688.199999999997,0,0.0013868954,9,14,R5
2025-07-13 01:00:00,0,-1,35.95208925049756,126.9893688171416,1,101.67885259535996,1.1809125757483048,0.5005412650599703,55716.899999999994,0,0.0013699305,10,13,R5
2025-07-13 01:00:00,3,-1,35.95208925049756,127.0226617199912,1,101.92162747300307,1.138624928152664,0.603135599707434,164675.50000000003,0,0.0007897806,11,8,R5
2025-07-13 01:00:00,-2,0,35.96113574950244,126.96717354857519,1,101.99973480747565,1.1058974687979621,0.1904937000809164,17303.4,0,0.0007732468,12,8,R5
2025-07-13 01:00:00,-1,-1,35.95208925049756,126.97827118285839,1,101.73694901612936,1.1683598438834835,0.47564492869732417,51651.9,0,0.0007030246,13,7,R5
2025-07-13 01:00:00,-1,0,35.96113574950244,126.97827118285839,1,101.85135253628891,1.1348413897186267,0.36054208908729324,41480.799999999996,0,0.0006205766,14,6,R5
2025-07-13 01:00:00,-4,-2,35.94304275149267,126.94497828000878,1,102.74958938433753,1.081915004526569,0.24569194580276263,11928.0,0,0.00057926174,15,6,R5
2025-07-13 01:00:00,3,-2,35.94304275149267,127.0226617199912,1,101.86497129563872,1.1511084619485035,0.5566420852465098,150021.99999999997,0,0.0005262975,16,5,R5
2025-07-13 01:00:00,-4,4,35.99732174552198,126.94497828000878,1,96.8706375125218,0.7237177669302484,,,0,0.00043972788,17,4,R5
2025-07-13 01:00:00,1,0,35.96113574950244,127.0004664514248,1,101.80398688101616,1.148948902281052,0.34239993507272215,56532.899999999994,0,0.0004187202,18,4,R5
2025-07-13 01:00:00,-2,-1,35.95208925049756,126.96717354857519,1,101.88983527693017,1.1411711535824112,0.4222463474961209,24736.5,0,0.00020373723,19,2,R5
2025-07-13 01:00:00,-3,-4,35.9249497534829,126.95607591429199,1,102.17863468926555,1.1304832705700931,0.21377076719108373,21735.1,0,0.00019744941,20,2,R5
2025-07-13 01:00:00,0,-2,35.94304275149267,126.9893688171416,1,101.63269240647827,1.192681690737746,0.5285969510629964,51688.799999999996,0,0.00019608306,21,2,R5
2025-07-13 01:00:00,-5,-1,35.95208925049756,126.93388064572558,1,104.03137959140929,1.0080347698895005,0.41483054046731843,9340.2,0,0.00018450465,22,2,R5
2025-07-13 01:00:00,6,-3,35.93399625248779,127.05595462284082,1,103.37044673718452,1.032265578260441,0.25729740799319667,65836.0,0,0.00016570224,23,2,R5
2025-07-13 01:00:00,-3,-2,35.94304275149267,126.95607591429199,1,102.12978221161455,1.1239727150747079,0.4333831078100399,23479.699999999997,0,0.00015218626,24,1,R5
2025-07-13 01:00:00,2,0,35.96113574950244,127.011564085708,1,101.88048137600498,1.1366376828107592,0.42823299046878643,94302.6,0,0.0001319989,25,1,R5
2025-07-13 01:00:00,-10,-3,35.93399625248779,126.87839247430956,1,238.7732367900402,0.9358921314764539,,,0,0.00011063315,26,1,R5
2025-07-13 01:00:00,-12,-5,35.91590325447802,126.85619720574316,1,255.76287212435733,0.9861076229163162,,,0,9.668632e-05,27,1,R5
2025-07-13 01:00:00,-6,4,35.99732174552198,126.92278301144238,1,84.35535304216205,0.6078396254165221,,,0,8.5613436e-05,28,1,R5
2025-07-13 01:00:00,6,-4,35.9249497534829,127.05595462284082,1,103.78311279029953,1.0168098686744025,0.13454222186707152,33673.899999999994,0,7.7338926e-05,29,1,R5
2025-07-13 01:00:00,-1,-2,35.94304275149267,126.97827118285839,1,101.66808667802877,1.1855210182854432,0.6811189017297841,64706.5,0,7.001383e-05,30,1,R5
2025-07-13 05:00:00,-2,-3,35.93399625248779,126.96717354857519,0,69.87076250748174,0.7039344147467863,,,0,0.0026405046,1,100,R5
2025-07-13 05:00:00,-4,-3,35.93399625248779,126.94497828000878,0,84.86827457094705,0.7154480817829213,,,1,0.0025162576,2,95,R5
2025-07-13 05:00:00,9,1,35.97018224850733,127.08924752569042,0,99.74820770109034,0.5575177178497507,,,0,0.0016844886,3,64,R5
2025-07-13 05:00:00,-3,-3,35.93399625248779,126.95607591429199,0,76.2071614317706,0.7087294532812913,,,0,0.0010598692,4,40,R5
2025-07-13 05:00:00,-5,-2,35.94304275149267,126.93388064572558,0,92.88405067608028,0.6965718935553775,,,0,0.0007569709,5,29,R5
2025-07-13 05:00:00,0,0,35.96113574950244,126.9893688171416,0,69.43068109174999,0.6800101340437751,,,0,0.0007080214,6,27,R5
2025-07-13 05:00:00,-4,4,35.99732174552198,126.94497828000878,0,98.74045295242075,0.4349258553917211,,,0,0.00041756255,7,16,R5
2025-07-13 05:00:00,-4,-2,35.94304275149267,126.94497828000878,0,83.35304479146805,0.6956986087430445,,,0,0.00041487126,8,16,R5
2025-07-13 05:00:00,-12,-5,35.91590325447802,126.85619720574316,0,147.73259987600034,0.8744661550912237,,,0,0.00039049576,9,15,R5
2025-07-13 05:00:00,3,-1,35.95208925049756,127.0226617199912,0,71.80852933396795,0.6823116852922778,,,0,0.000382586,10,14,R5
2025-07-13 05:00:00,-2,-2,35.94304275149267,126.96717354857519,0,69.54600269218446,0.6973270838086507,,,0,0.00034258526,11,13,R5
2025-07-13 05:00:00,-1,0,35.96113574950244,126.97827118285839,0,70.89002599277211,0.6761738001523322,,,0,0.00030002277,12,11,R5
2025-07-13 05:00:00,0,-1,35.95208925049756,126.9893688171416,0,66.21794139235232,0.6951456563874575,,,0,0.00028762393,13,11,R5
2025-07-13 05:00:00,-2,-4,35.9249497534829,126.96717354857519,0,72.5608184558588,0.7135672704647869,,,0,0.00028238268,14,11,R5
2025-07-13 05:00:00,-10,-3,35.93399625248779,126.87839247430956,0,134.1798197798244,0.7715356458805906,,,0,0.00020265758,15,8,R5
2025-07-13 05:00:00,-1,-1,35.95208925049756,126.97827118285839,0,67.6997789719951,0.6925441587124217,,,0,0.00020141556,16,8,R5
2025-07-13 05:00:00,1,-1,35.95208925049756,127.0004664514248,0,66.52458542766738,0.6942130153723076,,,0,0.00020051813,17,8,R5
2025-07-13 05:00:00,-2,0,35.96113574950244,126.96717354857519,0,74.0987241546323,0.6679158930234267,,,0,0.0001829386,18,7,R5
2025-07-13 05:00:00,-5,-1,35.95208925049756,126.93388064572558,0,92.43805460666516,0.6672944632108488,,,0,0.0001693676,19,6,R5
2025-07-13 05:00:00,3,-2,35.94304275149267,127.0226617199912,0,70.63008069358017,0.6942530946899558,,,0,0.00016225893,20,6,R5
2025-07-13 05:00:00,6,-3,35.93399625248779,127.05595462284082,0,88.36479352417581,0.7113246675586938,,,0,0.00012269749,21,5,R5
2025-07-13 05:00:00,-6,4,35.99732174552198,126.92278301144238,0,107.13663117943793,0.37508745304296526,,,0,0.000121511286,22,5,R5
2025-07-13 05:00:00,1,0,35.96113574950244,127.0004664514248,0,69.60859270532387,0.6785917249940432,,,0,0.00011831607,23,4,R5
2025-07-13 05:00:00,-3,-4,35.9249497534829,126.95607591429199,0,79.46506935151865,0.7241104242753451,,,0,0.0001172525,24,4,R5
2025-07-13 05:00:00,-3,-2,35.94304275149267,126.95607591429199,0,75.3910983826193,0.6960817317147152,,,0,0.00011631879,25,4,R5
2025-07-13 05:00:00,0,17,36.11492623258549,126.9893688171416,0,117.33507808954539,0.24753699577454497,,,0,0.00011120801,26,4,R5
2025-07-13 05:00:00,-2,-1,35.95208925049756,126.96717354857519,0,71.10732979907283,0.687227444850575,,,0,0.0001092352,27,4,R5
2025-07-13 05:00:00,2,0,35.96113574950244,127.011564085708,0,71.26659297751553,0.6719954791904346,,,0,0.00010668547,28,4,R5
2025-07-13 05:00:00,-11,-5,35.91590325447802,126.86729484002636,0,146.0417636602142,0.8741925433062526,,,0,9.090349e-05,29,3,R5
2025-07-13 05:00:00,0,-2,35.94304275149267,126.9893688171416,0,64.95114168762746,0.6992937237928524,,,0,6.233438e-05,30,2,R5
2025-07-15 21:00:00,9,1,35.97018224850733,127.08924752569042,0,168.91772706756774,0.6786199907366631,,,0,0.021463752,1,100,R5
2025-07-15 21:00:00,-2,-3,35.93399625248779,126.96717354857519,0,353.44213657114926,0.491770826378436,,,0,0.0030762665,2,14,R5
2025-07-15 21:00:00,-4,-3,35.93399625248779,126.94497828000878,0,281.0562956216006,0.6759230271600202,,,1,0.0016062433,3,7,R5
2025-07-15 21:00:00,-5,-2,35.94304275149267,126.93388064572558,0,230.9762069185137,0.7457861611552042,,,0,0.0011241311,4,5,R5
2025-07-15 21:00:00,-3,-3,35.93399625248779,126.95607591429199,0,337.2107315524742,0.5763317471595204,,,0,0.00094028126,5,4,R5
2025-07-15 21:00:00,0,0,35.96113574950244,126.9893688171416,0,356.20572806875214,0.47478979721364895,,,0,0.00088952313,6,4,R5
2025-07-15 21:00:00,0,-1,35.95208925049756,126.9893688171416,0,358.63046369942515,0.4341848350220628,,,0,0.00076750835,7,4,R5
2025-07-15 21:00:00,3,-1,35.95208925049756,127.0226617199912,0,357.10460369844225,0.5061056114961636,,,0,0.000744282,8,3,R5
2025-07-15 21:00:00,1,-1,35.95208925049756,127.0004664514248,0,358.69531080851533,0.43828667787228937,,,0,0.0006781479,9,3,R5
2025-07-15 21:00:00,6,-3,35.93399625248779,127.05595462284082,0,154.93951985518584,0.7152590456098157,,,0,0.0006404854,10,3,R5
2025-07-15 21:00:00,-2,-2,35.94304275149267,126.96717354857519,0,354.29948135447347,0.4850386728980346,,,0,0.00063310575,11,3,R5
2025-07-15 21:00:00,-12,-5,35.91590325447802,126.85619720574316,0,207.38625368242037,1.5692006980223052,0.5110960892341805,96626.59999999999,0,0.0005241285,12,2,R5
2025-07-15 21:00:00,-10,-3,35.93399625248779,126.87839247430956,0,203.59162625959962,1.2585877737501587,0.7930263300007983,67550.29999999999,0,0.0004956411,13,2,R5
2025-07-15 21:00:00,7,-4,35.9249497534829,127.06705225712402,0,158.02653216701776,0.835362626710787,,,0,0.00048530416,14,2,R5
2025-07-15 21:00:00,-1,0,35.96113574950244,126.97827118285839,0,353.95417897126254,0.4933632997461484,,,0,0.00045944483,15,2,R5
2025-07-15 21:00:00,-5,-1,35.95208925049756,126.93388064572558,0,224.6784087704691,0.7229697700318215,,,0,0.00044710422,16,2,R5
2025-07-15 21:00:00,-2,0,35.96113574950244,126.96717354857519,0,347.402921236277,0.5306123445954465,,,0,0.00038470305,17,2,R5
2025-07-15 21:00:00,-3,-2,35.94304275149267,126.95607591429199,0,340.79634537564436,0.5615282813919826,,,0,0.0003654555,18,2,R5
2025-07-15 21:00:00,1,0,35.96113574950244,127.0004664514248,0,356.67114287503176,0.4760136761769528,,,0,0.00036378085,19,2,R5
2025-07-15 21:00:00,-4,-2,35.94304275149267,126.94497828000878,0,288.39430886082533,0.6511727367781147,,,0,0.00031575284,20,1,R5
2025-07-15 21:00:00,6,-4,35.9249497534829,127.05595462284082,0,156.9154236936505,0.7645448655629329,,,0,0.00029788553,21,1,R5
2025-07-15 21:00:00,3,-2,35.94304275149267,127.0226617199912,0,357.9102274145389,0.4964454295447917,,,0,0.00028109437,22,1,R5
2025-07-15 21:00:00,-4,4,35.99732174552198,126.94497828000878,0,194.56669838520344,0.5473960011086602,,,0,0.00027595565,23,1,R5
2025-07-15 21:00:00,-6,4,35.99732174552198,126.92278301144238,0,189.20442432792586,0.5320790427687888,,,0,0.0002457098,24,1,R5
2025-07-15 21:00:00,2,0,35.96113574950244,127.011564085708,0,356.1885035076595,0.49422869294488164,,,0,0.00024510946,25,1,R5
2025-07-15 21:00:00,-1,-1,35.95208925049756,126.97827118285839,0,357.1452422280654,0.4560158956964089,,,0,0.00022508197,26,1,R5
2025-07-15 21:00:00,-11,-5,35.91590325447802,126.86729484002636,0,209.36105747163336,1.4979539198889678,0.5114129644629988,86180.5,0,0.0002152595,27,1,R5
2025-07-15 21:00:00,-2,-4,35.9249497534829,126.96717354857519,0,348.1770891673016,0.5310503177738162,,,0,0.00016586711,28,1,R5
2025-07-15 21:00:00,0,17,36.11492623258549,126.9893688171416,0,184.16899543078924,0.4321141262763887,,,0,0.00016424735,29,1,R5
2025-07-15 21:00:00,-3,-4,35.9249497534829,126.95607591429199,0,322.4253859832952,0.6193830185256061,,,0,0.00013035648,30,1,R5
2025-07-31 18:00:00,9,1,35.97018224850733,127.08924752569042,1,320.307132640673,1.978510358991908,0.08297506613102414,19545.2,1,0.0005965686,1,100,R5
2025-07-31 18:00:00,-4,-3,35.93399625248779,126.94497828000878,1,320.6879781332456,2.6490878466845658,0.05686379618945513,3129.3,0,0.0004928735,2,83,R5
2025-07-31 18:00:00,-2,-3,35.93399625248779,126.96717354857519,1,322.456505739836,2.9365673296975086,0.008333826733253504,689.7,0,0.00015780464,3,26,R5
2025-07-31 18:00:00,-3,-3,35.93399625248779,126.95607591429199,1,321.693234610356,2.798518735935137,0.049311307568288346,2758.8,0,0.00012473993,4,21,R5
2025-07-31 18:00:00,0,-1,35.95208925049756,126.9893688171416,1,322.93801246467024,3.0133109821932695,0.01656495674820529,1843.8999999999999,0,0.000113071095,5,19,R5
2025-07-31 18:00:00,6,-3,35.93399625248779,127.05595462284082,1,319.789356996936,2.4328215461821268,0.14038255383192813,35920.4,0,0.000108287146,6,18,R5
2025-07-31 18:00:00,0,0,35.96113574950244,126.9893688171416,1,322.61408402560227,2.8748292784754392,0.029476251976771062,4514.4,0,8.7037006e-05,7,15,R5
2025-07-31 18:00:00,-2,0,35.96113574950244,126.96717354857519,1,322.08777378802296,2.7225048619535195,0.1957593205224887,17781.7,0,7.866101e-05,8,13,R5
2025-07-31 18:00:00,-4,4,35.99732174552198,126.94497828000878,1,320.8119489994243,1.6342910037716012,0.4681435013464903,127058.49999999999,0,7.289521e-05,9,12,R5
2025-07-31 18:00:00,0,8,36.03350774154152,126.9893688171416,1,324.82361379865057,1.461246616478213,0.34367719303286975,200926.29999999996,0,7.088258e-05,10,12,R5
2025-07-31 18:00:00,-1,-3,35.93399625248779,126.97827118285839,1,322.9486413109045,3.040569639555711,0.004902642246134244,490.2,0,5.9279188e-05,11,10,R5
2025-07-31 18:00:00,-2,-2,35.94304275149267,126.96717354857519,1,322.51284683245007,2.9255366128212206,0.05118710886769693,3653.7,0,5.1895284e-05,12,9,R5
2025-07-31 18:00:00,-2,-4,35.9249497534829,126.96717354857519,1,322.11822366156906,2.893918821066281,0.003618125448298438,399.0,0,4.5337565e-05,13,8,R5
2025-07-31 18:00:00,3,-1,35.95208925049756,127.0226617199912,1,322.328503407607,2.8126667977936712,0.09375008011872589,25596.800000000003,0,4.259862e-05,14,7,R5
2025-07-31 18:00:00,2,0,35.96113574950244,127.011564085708,1,322.4598985099268,2.802829687724938,0.1887465470977457,41564.5,0,4.254624e-05,15,7,R5
2025-07-31 18:00:00,0,12,36.06969373756106,126.9893688171416,1,326.8761136381534,1.3028241527607298,0.08459252450905738,69431.70000000001,0,4.019857e-05,16,7,R5
2025-07-31 18:00:00,-1,0,35.96113574950244,126.97827118285839,1,322.4449955217462,2.824790723034218,0.06633046852184071,7631.400000000001,0,3.9063976e-05,17,7,R5
2025-07-31 18:00:00,-1,-1,35.95208925049756,126.97827118285839,1,322.76042551045884,2.9614642451681172,0.03661088058758635,3975.7,0,3.7444657e-05,18,6,R5
2025-07-31 18:00:00,6,-4,35.9249497534829,127.05595462284082,1,319.0695496421676,2.403325471019759,0.21308987753960484,53333.2,0,3.6553174e-05,19,6,R5
2025-07-31 18:00:00,-4,-2,35.94304275149267,126.94497828000878,1,320.89847697617313,2.6219109151955964,0.1403027069781621,6811.5,0,3.577789e-05,20,6,R5
2025-07-31 18:00:00,-6,4,35.99732174552198,126.92278301144238,1,320.10653235909746,1.3511776616491453,0.23891578252560597,44231.1,0,3.2815402e-05,21,6,R5
2025-07-31 18:00:00,-12,-5,35.91590325447802,126.85619720574316,1,307.8519250022158,2.287339897506625,0.0,0.0,0,3.1786e-05,22,5,R5
2025-07-31 18:00:00,-3,-2,35.94304275149267,126.95607591429199,1,321.8167275296082,2.7800949927958287,0.07806532946212187,4229.4,0,3.178109e-05,23,5,R5
2025-07-31 18:00:00,-5,-2,35.94304275149267,126.93388064572558,1,319.8037498449227,2.4711594050498107,0.06328748972506104,4126.8,0,3.0687166e-05,24,5,R5
2025-07-31 18:00:00,7,-4,35.9249497534829,127.06705225712402,1,317.8340862440464,2.2669758553258963,0.3626346811822769,88870.7,0,2.9488327e-05,25,5,R5
2025-07-31 18:00:00,-2,-1,35.95208925049756,126.96717354857519,1,322.35953657365184,2.8535027977359877,0.08148766453123853,4773.799999999999,0,2.5161115e-05,26,4,R5
2025-07-31 18:00:00,-3,-4,35.9249497534829,126.95607591429199,1,321.3020158963232,2.7703550239434445,0.011884950843276803,1208.4,0,2.4135516e-05,27,4,R5
2025-07-31 18:00:00,3,-2,35.94304275149267,127.0226617199912,1,322.3950117341732,2.8748887385024626,0.08022893186772412,21622.699999999997,0,2.0505324e-05,28,3,R5
2025-07-31 18:00:00,1,0,35.96113574950244,127.0004664514248,1,322.61013457302596,2.8658627200108415,0.07337933156398427,12115.5,0,2.0363965e-05,29,3,R5
2025-07-31 18:00:00,1,-1,35.95208925049756,127.0004664514248,1,322.90633948212,3.0005566537333457,0.015914737165907467,2374.7000000000003,0,1.6952503e-05,30,3,R5
2025-08-08 22:00:00,-4,-3,35.93399625248779,126.94497828000878,0,126.6706957287426,1.106720998300262,0.014219129044274643,782.5,0,0.031522196,1,100,R5
2025-08-08 22:00:00,9,1,35.97018224850733,127.08924752569042,0,146.51399905553865,0.7683743611667172,,,0,0.012188866,2,39,R5
2025-08-08 22:00:00,0,0,35.96113574950244,126.9893688171416,0,122.5307363806769,1.1959499278814176,0.3916331165142491,59980.1,0,0.0109097175,3,35,R5
2025-08-08 22:00:00,-2,-3,35.93399625248779,126.96717354857519,0,122.629649406971,1.232481760173893,0.19566065846535305,16192.7,0,0.00949015,4,30,R5
2025-08-08 22:00:00,-1,0,35.96113574950244,126.97827118285839,0,122.88366271731724,1.172800859678473,0.3748913527194848,43131.7,0,0.0066626426,5,21,R5
2025-08-08 22:00:00,3,-1,35.95208925049756,127.0226617199912,0,123.83818883800723,1.1754068687106343,0.49187000951902027,134296.4,0,0.005674256,6,18,R5
2025-08-08 22:00:00,0,-1,35.95208925049756,126.9893688171416,0,121.5234034395769,1.2615862608175727,0.431113802214111,47988.7,0,0.005000593,7,16,R5
2025-08-08 22:00:00,-2,-2,35.94304275149267,126.96717354857519,0,122.4803927102642,1.2245540072275989,0.47038707300295735,33575.899999999994,0,0.0038400993,8,12,R5
2025-08-08 22:00:00,-12,-5,35.91590325447802,126.85619720574316,0,145.467582786874,0.7939910493422107,,,0,0.0024812964,9,8,R5
2025-08-08 22:00:00,1,-1,35.95208925049756,127.0004664514248,0,121.66670427163791,1.256211815896082,0.34327633015422826,51221.6,0,0.002427208,10,8,R5
2025-08-08 22:00:00,-1,-3,35.93399625248779,126.97827118285839,0,121.43897179575305,1.2758691331146,0.1682600420655106,16823.8,0,0.0023095848,11,7,R5
2025-08-08 22:00:00,-11,-5,35.91590325447802,126.86729484002636,0,145.8200147988748,0.8258628021739426,,,0,0.0022203203,12,7,R5
2025-08-08 22:00:00,-3,-3,35.93399625248779,126.95607591429199,0,124.40980062548323,1.1732229113501782,0.10965992571487813,6135.1,0,0.0019566312,13,6,R5
2025-08-08 22:00:00,-1,-1,35.95208925049756,126.97827118285839,0,121.94758374927278,1.2382251504969874,0.48479557689509684,52645.600000000006,0,0.0015106946,14,5,R5
2025-08-08 22:00:00,-2,-1,35.95208925049756,126.96717354857519,0,122.8929374042138,1.1893259289314793,0.5422485324265872,31766.6,0,0.001457871,15,5,R5
2025-08-08 22:00:00,-2,0,35.96113574950244,126.96717354857519,0,123.69572494807,1.1253139719953291,0.31313212490848746,28443.200000000004,0,0.0014418337,16,5,R5
2025-08-08 22:00:00,-2,-4,35.9249497534829,126.96717354857519,0,123.540574556617,1.2193938235937363,0.09070250575590258,10002.5,0,0.0014182949,17,4,R5
2025-08-08 22:00:00,3,-2,35.94304275149267,127.0226617199912,0,123.44648153852359,1.208994037136349,0.35885979314503036,96717.2,0,0.001413097,18,4,R5
2025-08-08 22:00:00,1,0,35.96113574950244,127.0004664514248,0,122.68608871314973,1.1917855648521043,0.38089054544970014,62888.0,0,0.0013123205,19,4,R5
2025-08-08 22:00:00,-10,-3,35.93399625248779,126.87839247430956,0,138.81116244424686,0.8129774447971287,,,0,0.0012035369,20,4,R5
2025-08-08 22:00:00,2,0,35.96113574950244,127.011564085708,0,123.39139994787308,1.1626667214532935,0.42105767453646087,92722.50000000001,0,0.0011412158,21,4,R5
2025-08-08 22:00:00,-5,-2,35.94304275149267,126.93388064572558,0,128.34867635223839,1.0156238753987292,0.24470303892821654,15956.400000000001,0,0.0007482558,22,2,R5
2025-08-08 22:00:00,-4,-2,35.94304275149267,126.94497828000878,0,126.08126713419028,1.0874340031838832,0.25214939256744795,12241.5,0,0.0006812932,23,2,R5
2025-08-08 22:00:00,-3,-2,35.94304275149267,126.95607591429199,0,124.072773060121,1.1598342610196974,0.3193841746696519,17303.5,0,0.00061397516,24,2,R5
2025-08-08 22:00:00,-3,-4,35.9249497534829,126.95607591429199,0,125.50272774489059,1.1682429333903206,0.2822911871968275,28701.899999999994,0,0.0004486593,25,1,R5
2025-08-08 22:00:00,-4,4,35.99732174552198,126.94497828000878,0,129.19056756967598,0.6025755591343174,,,0,0.00041515785,26,1,R5
2025-08-08 22:00:00,0,8,36.03350774154152,126.9893688171416,0,132.94809512868056,0.3868299159201583,,,0,0.0003456512,27,1,R5
2025-08-08 22:00:00,6,-3,35.93399625248779,127.05595462284082,0,135.77476470555575,1.0726729777497188,0.13590849598104698,34775.6,0,0.00028410662,28,1,R5
2025-08-08 22:00:00,0,-2,35.94304275149267,126.9893688171416,0,121.11858981190193,1.285737514407379,0.3961542119488797,38737.9,0,0.00022984133,29,1,R5
2025-08-08 22:00:00,0,17,36.11492623258549,126.9893688171416,0,138.28879787083042,0.29229319252603264,,,0,0.00016618444,30,1,R5
2025-08-09 21:00:00,-4,-3,35.93399625248779,126.94497828000878,1,68.03324412272735,0.7567850427159099,,,1,0.00913996,1,100,R5
2025-08-09 21:00:00,-2,-3,35.93399625248779,126.96717354857519,1,61.79666037531314,0.7193653484827414,,,0,0.008319582,2,91,R5
2025-08-09 21:00:00,9,1,35.97018224850733,127.08924752569042,1,92.15609595673789,0.6493879257833128,,,0,0.008026171,3,88,R5
2025-08-09 21:00:00,0,0,35.96113574950244,126.9893688171416,1,61.651757084662336,0.6955839858656552,,,0,0.00463099,4,51,R5
2025-08-09 21:00:00,-1,0,35.96113574950244,126.97827118285839,1,62.24021895690953,0.6945503774088433,,,0,0.0034596156,5,38,R5
2025-08-09 21:00:00,0,-1,35.95208925049756,126.9893688171416,1,59.54987399777099,0.7020070474214561,,,0,0.0026412886,6,29,R5
2025-08-09 21:00:00,-1,-3,35.93399625248779,126.97827118285839,1,59.357737412193444,0.706934965063569,,,0,0.0024786277,7,27,R5
2025-08-09 21:00:00,-2,-2,35.94304275149267,126.96717354857519,1,61.45942255618928,0.7120264413313631,,,0,0.0015144733,8,17,R5
2025-08-09 21:00:00,-1,-1,35.95208925049756,126.97827118285839,1,60.41506173921994,0.7031431298454386,,,0,0.0014957691,9,16,R5
2025-08-09 21:00:00,3,-1,35.95208925049756,127.0226617199912,1,64.69709186942907,0.7077698993386715,,,0,0.0008756395,10,10,R5
2025-08-09 21:00:00,-12,-5,35.91590325447802,126.85619720574316,1,74.05216799893424,1.0112931036021293,0.09824413300496779,18573.799999999996,0,0.00080220355,11,9,R5
2025-08-09 21:00:00,-3,-3,35.93399625248779,126.95607591429199,1,64.8931901898548,0.7366522875225651,,,0,0.0007755297,12,8,R5
2025-08-09 21:00:00,-10,-3,35.93399625248779,126.87839247430956,1,72.47629740489731,0.8744567021694303,,,0,0.00059860863,13,7,R5
2025-08-09 21:00:00,1,0,35.96113574950244,127.0004664514248,1,62.06140364825933,0.6953632639983719,,,0,0.0005058074,14,6,R5
2025-08-09 21:00:00,1,-1,35.95208925049756,127.0004664514248,1,59.90857129503701,0.7023734218270182,,,0,0.00046456515,15,5,R5
2025-08-09 21:00:00,-5,-2,35.94304275149267,126.93388064572558,1,69.41904002697413,0.7474717335369049,,,0,0.00045412974,16,5,R5
2025-08-09 21:00:00,-2,-4,35.9249497534829,126.96717354857519,1,63.59379581286316,0.7350718727577762,,,0,0.00039296932,17,4,R5
2025-08-09 21:00:00,-11,-5,35.91590325447802,126.86729484002636,1,75.95693419203462,1.0023438635511943,0.10599265938539415,17861.3,0,0.00038007545,18,4,R5
2025-08-09 21:00:00,-2,0,35.96113574950244,126.96717354857519,1,63.566678815204796,0.6922691093612301,,,0,0.00037592152,19,4,R5
2025-08-09 21:00:00,-3,-4,35.9249497534829,126.95607591429199,1,66.76085476468609,0.7579000226484903,,,0,0.00036592534,20,4,R5
2025-08-09 21:00:00,3,-2,35.94304275149267,127.0226617199912,1,63.96728314262975,0.71698775134794,,,0,0.0002975127,21,3,R5
2025-08-09 21:00:00,-2,-1,35.95208925049756,126.96717354857519,1,62.20138014386896,0.7055149043375168,,,0,0.00027890163,22,3,R5
2025-08-09 21:00:00,-4,4,35.99732174552198,126.94497828000878,1,68.4322548758397,0.4760628941627295,,,0,0.00027594782,23,3,R5
2025-08-09 21:00:00,-4,-2,35.94304275149267,126.94497828000878,1,67.03418259703585,0.7345606088419843,,,0,0.00025874627,24,3,R5
2025-08-09 21:00:00,2,0,35.96113574950244,127.011564085708,1,63.597336837197076,0.6940336000718768,,,0,0.00024153675,25,3,R5
2025-08-09 21:00:00,-3,-2,35.94304275149267,126.95607591429199,1,64.22847549469765,0.7224509810478572,,,0,0.00023353552,26,3,R5
2025-08-09 21:00:00,6,-3,35.93399625248779,127.05595462284082,1,83.869370957674,0.7987972758847375,,,0,0.000181917,27,2,R5
2025-08-09 21:00:00,0,8,36.03350774154152,126.9893688171416,1,73.27751070536021,0.3222969807762013,,,0,0.00018156727,28,2,R5
2025-08-09 21:00:00,7,-4,35.9249497534829,127.06705225712402,1,95.3750138584627,0.8765478753511299,,,0,0.00016778942,29,2,R5
2025-08-09 21:00:00,6,-4,35.9249497534829,127.05595462284082,1,87.87094418366769,0.8394477451572117,,,0,0.00015312656,30,2,R5
2025-08-12 21:00:00,-4,-3,35.93399625248779,126.94497828000878,0,82.46125154520831,1.948133189534801,0.2167485894442274,11928.0,0,0.009902721,1,100,R5
2025-08-12 21:00:00,-2,-3,35.93399625248779,126.96717354857519,0,78.37098608730253,2.111459308552851,0.3930045155155143,32524.7,0,0.00546748,2,55,R5
2025-08-12 21:00:00,-1,-3,35.93399625248779,126.97827118285839,0,77.0449486928232,2.1684025842204924,0.5751403433849834,57506.49999999999,0,0.0032268178,3,33,R5
2025-08-12 21:00:00,9,1,35.97018224850733,127.08924752569042,0,96.34644527803914,1.449296399025109,0.04630593861054166,10907.6,1,0.0028497765,4,29,R5
2025-08-12 21:00:00,0,0,35.96113574950244,126.9893688171416,0,78.30410315270473,2.053998526692967,0.28750902687363944,44033.1,0,0.0028329445,5,29,R5
2025-08-12 21:00:00,0,-1,35.95208925049756,126.9893688171416,0,77.15573385245227,2.147271564821089,0.37854326482100525,42136.9,0,0.0025888884,6,26,R5
2025-08-12 21:00:00,-1,0,35.96113574950244,126.97827118285839,0,78.69423276620154,2.0216983269671123,0.19904703297314583,22900.6,0,0.002010469,7,20,R5
2025-08-12 21:00:00,-12,-5,35.91590325447802,126.85619720574316,0,93.93737132891204,1.6947787738456919,0.1657489569316441,31336.099999999995,0,0.0017085549,8,17,R5
2025-08-12 21:00:00,-2,-2,35.94304275149267,126.96717354857519,0,78.22556346241936,2.098792200482571,0.2859358385414259,20409.9,0,0.0016384876,9,17,R5
2025-08-12 21:00:00,3,-1,35.95208925049756,127.0226617199912,0,79.79857022837177,2.0302273627013383,0.4040349804766689,110314.6,0,0.0015232217,10,15,R5
2025-08-12 21:00:00,-1,-1,35.95208925049756,126.97827118285839,0,77.64102300667287,2.115200589704085,0.45859416870638553,49800.3,0,0.0014866119,11,15,R5
2025-08-12 21:00:00,1,-1,35.95208925049756,127.0004664514248,0,77.32813104184527,2.1399686472510653,0.33103149237436996,49394.5,0,0.0006512887,12,7,R5
2025-08-12 21:00:00,-10,-3,35.93399625248779,126.87839247430956,0,92.28415704593135,1.637009654471595,0.023287047255002327,1983.6000000000001,0,0.00061902945,13,6,R5
2025-08-12 21:00:00,3,-2,35.94304275149267,127.0226617199912,0,79.39328735805088,2.0801414089252166,0.5317441677102175,143311.69999999998,0,0.00060941646,14,6,R5
2025-08-12 21:00:00,-5,-2,35.94304275149267,126.93388064572558,0,84.13058487134418,1.8242764000100853,0.19024279527414154,12405.2,0,0.00058234006,15,6,R5
2025-08-12 21:00:00,-2,0,35.96113574950244,126.96717354857519,0,79.57975358439842,1.9555394493617702,0.12108284847717554,10998.500000000002,0,0.0004922068,16,5,R5
2025-08-12 21:00:00,1,0,35.96113574950244,127.0004664514248,0,78.48244694348375,2.0480866640497464,0.20362211839779829,33619.6,0,0.00045678546,17,5,R5
2025-08-12 21:00:00,-11,-5,35.91590325447802,126.86729484002636,0,94.7719596284768,1.7033150284357377,0.12031190194315625,20274.3,0,0.00039031546,18,4,R5
2025-08-12 21:00:00,2,0,35.96113574950244,127.011564085708,0,79.26700468330614,2.0072415582448215,0.2776340030325144,61138.7,0,0.00037626023,19,4,R5
2025-08-12 21:00:00,-3,-3,35.93399625248779,126.95607591429199,0,80.24168154585419,2.0340032811695177,0.3715900519423879,20789.199999999997,0,0.00029554256,20,3,R5
2025-08-12 21:00:00,0,8,36.03350774154152,126.9893688171416,0,84.44677193627024,0.7860267399721821,,,0,0.00029069523,21,3,R5
2025-08-12 21:00:00,-2,-1,35.95208925049756,126.96717354857519,0,78.69801887595366,2.048262427095406,0.30071641821617495,17616.899999999998,0,0.00028082775,22,3,R5
2025-08-12 21:00:00,9,3,35.9882752465171,127.08924752569042,0,94.2156731091942,1.1549307594108678,0.0,0.0,0,0.00027172745,23,3,R5
2025-08-12 21:00:00,-2,-4,35.9249497534829,126.96717354857519,0,79.32395774297925,2.09669963648014,0.371212416608556,40936.6,0,0.00026395582,24,3,R5
2025-08-12 21:00:00,-4,-2,35.94304275149267,126.94497828000878,0,81.97116326978744,1.9169495583283824,0.24542417289067042,11915.0,0,0.000214584,25,2,R5
2025-08-12 21:00:00,6,-3,35.93399625248779,127.05595462284082,0,90.67911788324494,1.9292810515549719,0.27562431827090633,70525.4,0,0.00017443213,26,2,R5
2025-08-12 21:00:00,-4,4,35.99732174552198,126.94497828000878,0,84.31804269068493,1.155980113173866,0.16426555759143108,44583.19999999999,0,0.00017180934,27,2,R5
2025-08-12 21:00:00,6,-4,35.9249497534829,127.05595462284082,0,93.19519123675718,1.9706281940953077,0.1871874063567533,46850.2,0,0.00016956929,28,2,R5
2025-08-12 21:00:00,-3,-4,35.9249497534829,126.95607591429199,0,81.28654410963793,2.0311026343417313,0.23014060514503104,23399.5,0,0.00015445832,29,2,R5
2025-08-12 21:00:00,0,-2,35.94304275149267,126.9893688171416,0,76.67912473587268,2.180896277577795,0.5442476292351885,53219.19999999999,0,0.00015199142,30,2,R5
2025-08-12 23:00:00,-2,-3,35.93399625248779,126.96717354857519,0,9.984625475246219,0.3541356726609315,,,0,0.022836337,1,100,R5
2025-08-12 23:00:00,-4,-3,35.93399625248779,126.94497828000878,0,47.20905059842511,0.44229387827204075,,,1,0.020051533,2,88,R5
2025-08-12 23:00:00,9,1,35.97018224850733,127.08924752569042,0,112.45866196632932,0.6349679187258914,,,0,0.014497866,3,63,R5
2025-08-12 23:00:00,0,0,35.96113574950244,126.9893688171416,0,11.10149142975854,0.35242605107719094,,,0,0.012748852,4,56,R5
2025-08-12 23:00:00,-1,0,35.96113574950244,126.97827118285839,0,14.100249868976562,0.36077738376455426,,,0,0.007464777,5,33,R5
2025-08-12 23:00:00,-2,-2,35.94304275149267,126.96717354857519,0,9.74804246906001,0.35056271687500673,,,0,0.004203002,6,18,R5
2025-08-12 23:00:00,-1,-3,35.93399625248779,126.97827118285839,0,3.1341640609070396,0.3204080977936554,,,0,0.0022885588,7,10,R5
2025-08-12 23:00:00,-1,-1,35.95208925049756,126.97827118285839,0,6.697869994839323,0.33605481555693306,,,0,0.0015953121,8,7,R5
2025-08-12 23:00:00,0,-1,35.95208925049756,126.9893688171416,0,4.024920282207347,0.32365634871000043,,,0,0.0015108539,9,7,R5
2025-08-12 23:00:00,3,-1,35.95208925049756,127.0226617199912,0,20.911756043629907,0.3908047485201086,,,0,0.0014555148,10,6,R5
2025-08-12 23:00:00,-12,-5,35.91590325447802,126.85619720574316,0,123.87989485716218,0.6967585886396892,,,0,0.0013052435,11,6,R5
2025-08-12 23:00:00,1,0,35.96113574950244,127.0004664514248,0,12.095366331019079,0.35738184274752915,,,0,0.0010091293,12,4,R5
2025-08-12 23:00:00,-10,-3,35.93399625248779,126.87839247430956,0,118.66261267701611,0.6407173610933445,,,0,0.0007869008,13,3,R5
2025-08-12 23:00:00,1,-1,35.95208925049756,127.0004664514248,0,4.880066723155949,0.32849050506744315,,,0,0.000690328,14,3,R5
2025-08-12 23:00:00,-2,-4,35.9249497534829,126.96717354857519,0,15.195286029587976,0.3767028958365853,,,0,0.000655944,15,3,R5
2025-08-12 23:00:00,-2,0,35.96113574950244,126.96717354857519,0,21.785887863380026,0.37907551147632845,,,0,0.00063532527,16,3,R5
2025-08-12 23:00:00,-5,-2,35.94304275149267,126.93388064572558,0,71.5967333260196,0.4701295737865065,,,0,0.00060193834,17,3,R5
2025-08-12 23:00:00,-11,-5,35.91590325447802,126.86729484002636,0,126.22857237440769,0.687086583025239,,,0,0.0004507835,18,2,R5
2025-08-12 23:00:00,9,3,35.9882752465171,127.08924752569042,0,94.50042776226326,0.5502129953492796,,,0,0.00040776175,19,2,R5
2025-08-12 23:00:00,-3,-4,35.9249497534829,126.95607591429199,0,31.268083952576035,0.41948899707534154,,,0,0.0004075061,20,2,R5
2025-08-12 23:00:00,3,-2,35.94304275149267,127.0226617199912,0,17.378207533553393,0.3821003234858486,,,0,0.00040440308,21,2,R5
2025-08-12 23:00:00,-2,-1,35.95208925049756,126.96717354857519,0,13.621730129358241,0.3613588690998905,,,0,0.000371083,22,2,R5
2025-08-12 23:00:00,-3,-3,35.93399625248779,126.95607591429199,0,23.559374192842313,0.39703693715075417,,,0,0.00034825518,23,2,R5
2025-08-12 23:00:00,2,0,35.96113574950244,127.011564085708,0,17.469699640108104,0.3764997093773704,,,0,0.00032725287,24,1,R5
2025-08-12 23:00:00,-4,-2,35.94304275149267,126.94497828000878,0,44.47129508150323,0.4309485837327891,,,0,0.00030223106,25,1,R5
2025-08-12 23:00:00,-3,-2,35.94304275149267,126.95607591429199,0,22.573559149864252,0.389733481201977,,,0,0.0002347591,26,1,R5
2025-08-12 23:00:00,6,-3,35.93399625248779,127.05595462284082,0,108.63422562520628,0.6238930909919772,,,0,0.00017321475,27,1,R5
2025-08-12 23:00:00,-4,4,35.99732174552198,126.94497828000878,0,86.87995733801904,0.37178075837081814,,,0,0.00015690805,28,1,R5
2025-08-12 23:00:00,0,-2,35.94304275149267,126.9893688171416,0,1.6212036698523775,0.3106444211261541,,,0,0.00015591463,29,1,R5
2025-08-12 23:00:00,0,8,36.03350774154152,126.9893688171416,0,56.61545771319879,0.3670494569678193,,,0,0.0001449902,30,1,R5
2025-08-20 17:00:00,9,1,35.97018224850733,127.08924752569042,1,281.20485465363254,2.993547693390104,0.1561290755326461,36777.0,1,0.00044791875,1,100,R5
2025-08-20 17:00:00,-2,-3,35.93399625248779,126.96717354857519,1,279.7830846158923,3.3532413826410528,0.01845839309513999,1527.6,0,0.00023739932,2,53,R5
2025-08-20 17:00:00,-4,-3,35.93399625248779,126.94497828000878,1,281.2837965859293,3.271653614563584,0.039980738304425646,2200.2,0,0.00015830956,3,35,R5
2025-08-20 17:00:00,-1,0,35.96113574950244,126.97827118285839,1,280.15958819005994,3.2873353680038955,0.030914931786891395,3556.7999999999997,0,0.00011307588,4,25,R5
2025-08-20 17:00:00,-2,-2,35.94304275149267,126.96717354857519,1,279.81136443129697,3.342032182754884,0.022678843866499113,1618.8000000000002,0,8.973372e-05,5,20,R5
2025-08-20 17:00:00,-3,-3,35.93399625248779,126.95607591429199,1,280.4647277744536,3.3136402194390238,0.04686611876324925,2622.0,0,5.826094e-05,6,13,R5
2025-08-20 17:00:00,-1,-3,35.93399625248779,126.97827118285839,1,279.3272046975433,3.383128600978638,0.008380097792810858,837.9,0,5.8128393e-05,7,13,R5
2025-08-20 17:00:00,0,-1,35.95208925049756,126.9893688171416,1,279.4012694449628,3.368596688936979,0.003789304602414986,421.8,0,4.2151256e-05,8,9,R5
2025-08-20 17:00:00,0,17,36.11492623258549,126.9893688171416,1,287.985280629439,2.396454411706146,0.05856366723441272,32867.4,0,3.8259845e-05,9,9,R5
2025-08-20 17:00:00,6,-3,35.93399625248779,127.05595462284082,1,279.9472044564708,3.246375524743289,0.1492145972781251,38180.299999999996,0,3.2212105e-05,10,7,R5
2025-08-20 17:00:00,-3,-2,35.94304275149267,126.95607591429199,1,280.50902542709997,3.2926659400066183,0.05165778539878955,2798.7000000000003,0,2.9016845e-05,11,6,R5
2025-08-20 17:00:00,0,0,35.96113574950244,126.9893688171416,1,279.90331101202446,3.3098683852521633,0.01972526963092003,3021.0,0,2.8944836e-05,12,6,R5
2025-08-20 17:00:00,1,-1,35.95208925049756,127.0004664514248,1,279.4188123066227,3.364749299959058,0.0034762176982171236,518.7,0,2.6047977e-05,13,6,R5
2025-08-20 17:00:00,0,8,36.03350774154152,126.9893688171416,1,287.0128579570542,2.466354988099029,0.41946306141916856,245233.5,0,2.5361442e-05,14,6,R5
2025-08-20 17:00:00,-1,-1,35.95208925049756,126.97827118285839,1,279.6214798656203,3.348779421742483,0.015011962052942446,1630.2,0,2.5108859e-05,15,6,R5
2025-08-20 17:00:00,3,-1,35.95208925049756,127.0226617199912,1,279.8753632774686,3.3027709585828293,0.0026304580080818278,718.2,0,2.3795716e-05,16,5,R5
2025-08-20 17:00:00,-2,-1,35.95208925049756,126.96717354857519,1,280.10410206316004,3.307153065248089,0.04057313457293997,2376.8999999999996,0,2.2777773e-05,17,5,R5
2025-08-20 17:00:00,-11,-5,35.91590325447802,126.86729484002636,1,281.42117507045566,3.390422536695037,6.764996483982091e-05,11.4,0,2.2383649e-05,18,5,R5
2025-08-20 17:00:00,6,-4,35.9249497534829,127.05595462284082,1,279.7058935686662,3.2680105397571193,0.18431627944143678,46131.600000000006,0,2.0907168e-05,19,5,R5
2025-08-20 17:00:00,-10,-3,35.93399625248779,126.87839247430956,1,283.36524347297905,3.2135323453877738,0.0,0.0,0,1.8627112e-05,20,4,R5
2025-08-20 17:00:00,9,3,35.9882752465171,127.08924752569042,1,282.0815420234242,2.8495666490430493,0.12284743000339761,19055.000000000004,0,1.8609588e-05,21,4,R5
2025-08-20 17:00:00,-2,0,35.96113574950244,126.96717354857519,1,280.6699901052181,3.2420194316386013,0.06375551139710132,5791.200000000001,0,1.80246e-05,22,4,R5
2025-08-20 17:00:00,-5,-2,35.94304275149267,126.93388064572558,1,282.2369810213398,3.188625029615016,0.03216822682157799,2097.6,0,1.6613625e-05,23,4,R5
2025-08-20 17:00:00,-4,4,35.99732174552198,126.94497828000878,1,288.2819437803583,2.5407477987401843,0.1475498444600093,40046.4,0,1.6552627e-05,24,4,R5
2025-08-20 17:00:00,-4,-2,35.94304275149267,126.94497828000878,1,281.3546984673853,3.2388948539147906,0.060347775219058854,2929.8,0,1.5866715e-05,25,4,R5
2025-08-20 17:00:00,-5,-1,35.95208925049756,126.93388064572558,1,282.628133196109,3.1256545459624485,0.06151707475228397,1385.1,0,1.1466848e-05,26,3,R5
2025-08-20 17:00:00,3,-2,35.94304275149267,127.0226617199912,1,279.67459277544873,3.332534827109447,0.06025805853160799,16240.3,0,1.0293991e-05,27,2,R5
2025-08-20 17:00:00,-2,-4,35.9249497534829,126.96717354857519,1,280.00457983422046,3.3507246530742605,0.008683501075916252,957.6,0,9.765542e-06,28,2,R5
2025-08-20 17:00:00,-5,1,35.97018224850733,126.93388064572558,1,284.3700989083558,2.9247059728253975,0.012528770961700667,701.1,0,9.541991e-06,29,2,R5
2025-08-20 17:00:00,-6,4,35.99732174552198,126.92278301144238,1,292.07216857425306,2.3216649090860253,0.09209615162321493,17050.0,0,9.354811e-06,30,2,R5
2025-08-28 21:00:00,-2,-3,35.93399625248779,126.96717354857519,1,346.7269630908821,0.1769205167853307,,,0,0.008814217,1,100,R5
2025-08-28 21:00:00,-4,-3,35.93399625248779,126.94497828000878,1,195.30216595206204,0.3304873694425871,,,0,0.005143294,2,58,R5
2025-08-28 21:00:00,-1,0,35.96113574950244,126.97827118285839,1,331.8192730506327,0.19803906360468235,,,0,0.0030246088,3,34,R5
2025-08-28 21:00:00,-11,-5,35.91590325447802,126.86729484002636,1,168.7017547434166,0.7757997895964375,,,0,0.002989913,4,34,R5
2025-08-28 21:00:00,9,1,35.97018224850733,127.08924752569042,1,224.4383269274997,0.3486460991724642,,,0,0.0026813552,5,30,R5
2025-08-28 21:00:00,0,-1,35.95208925049756,126.9893688171416,1,355.1398679817959,0.1321757924807721,,,0,0.0026301646,6,30,R5
2025-08-28 21:00:00,1,-1,35.95208925049756,127.0004664514248,1,353.87437882720803,0.1353782835051642,,,0,0.00225403,7,26,R5
2025-08-28 21:00:00,0,0,35.96113574950244,126.9893688171416,1,341.0038127664332,0.1768532445338478,,,0,0.00195703,8,22,R5
2025-08-28 21:00:00,-10,-3,35.93399625248779,126.87839247430956,1,166.78503855734868,0.7286313214239623,,,0,0.0014076816,9,16,R5
2025-08-28 21:00:00,-2,-2,35.94304275149267,126.96717354857519,1,346.71554565646244,0.1760191543751706,,,0,0.00078312075,10,9,R5
2025-08-28 21:00:00,-1,-1,35.95208925049756,126.97827118285839,1,351.19977655579453,0.15357673027070548,,,0,0.00069889607,11,8,R5
2025-08-28 21:00:00,3,-1,35.95208925049756,127.0226617199912,1,320.5062885531664,0.19397177697391021,,,0,0.0006732287,12,8,R5
2025-08-28 21:00:00,-1,-3,35.93399625248779,126.97827118285839,1,356.93024753884384,0.1268212865908915,,,0,0.00055028737,13,6,R5
2025-08-28 21:00:00,-3,-3,35.93399625248779,126.95607591429199,1,242.40526417536913,0.24789885291987346,,,0,0.00046508873,14,5,R5
2025-08-28 21:00:00,-12,-5,35.91590325447802,126.85619720574316,1,165.51357933787722,0.7814115280996301,,,0,0.00043155413,15,5,R5
2025-08-28 21:00:00,-4,-2,35.94304275149267,126.94497828000878,1,202.2869879016013,0.32531304462037813,,,0,0.00029907096,16,3,R5
2025-08-28 21:00:00,-5,-2,35.94304275149267,126.93388064572558,1,191.40598598481262,0.4083367638827402,,,0,0.00026952045,17,3,R5
2025-08-28 21:00:00,6,-3,35.93399625248779,127.05595462284082,1,232.40985138947917,0.3315641012907501,,,0,0.00026423237,18,3,R5
2025-08-28 21:00:00,-2,-4,35.9249497534829,126.96717354857519,1,326.06794591772984,0.2044255629959888,,,0,0.00024866092,19,3,R5
2025-08-28 21:00:00,1,0,35.96113574950244,127.0004664514248,1,339.263656377308,0.17635607260343267,,,0,0.00020236272,20,2,R5
2025-08-28 21:00:00,-2,-1,35.95208925049756,126.96717354857519,1,334.88307997997407,0.19915663555928526,,,0,0.00019312631,21,2,R5
2025-08-28 21:00:00,2,0,35.96113574950244,127.011564085708,1,325.98164838645147,0.1924621817861684,,,0,0.00018962038,22,2,R5
2025-08-28 21:00:00,-3,-2,35.94304275149267,126.95607591429199,1,270.3761985797082,0.24499187813845466,,,0,0.00018856453,23,2,R5
2025-08-28 21:00:00,-3,-4,35.9249497534829,126.95607591429199,1,205.9552978601995,0.2745633945354881,,,0,0.00016109987,24,2,R5
2025-08-28 21:00:00,9,3,35.9882752465171,127.08924752569042,1,222.42078449310108,0.29596267766873385,,,0,0.00014773446,25,2,R5
2025-08-28 21:00:00,-6,-2,35.94304275149267,126.92278301144238,1,185.6715160596124,0.487693308143855,,,0,0.00012382156,26,1,R5
2025-08-28 21:00:00,-2,0,35.96113574950244,126.96717354857519,1,297.59732108050855,0.23990046956666672,,,0,0.00010878331,27,1,R5
2025-08-28 21:00:00,3,-2,35.94304275149267,127.0226617199912,1,331.20945885046706,0.18007706861780406,,,0,8.847126e-05,28,1,R5
2025-08-28 21:00:00,-6,-3,35.93399625248779,126.92278301144238,1,182.9768697527769,0.49676736216557105,,,0,8.757415e-05,29,1,R5
2025-08-28 21:00:00,6,-4,35.9249497534829,127.05595462284082,1,231.09262196590703,0.35585556926100137,,,0,8.3516294e-05,30,1,R5
2025-09-02 22:00:00,-4,-3,35.93399625248779,126.94497828000878,0,60.13750966072513,0.7200527998442288,,,0,0.021781879,1,100,R5
2025-09-02 22:00:00,-2,-3,35.93399625248779,126.96717354857519,0,42.52256529287973,0.7088679563337772,,,0,0.011820312,2,54,R5
2025-09-02 22:00:00,9,1,35.97018224850733,127.08924752569042,0,89.85219718723044,0.6278715219731376,,,0,0.0086221155,3,40,R5
2025-09-02 22:00:00,0,0,35.96113574950244,126.9893688171416,0,42.17094689093733,0.6839560160969875,,,0,0.0068143955,4,31,R5
2025-09-02 22:00:00,-1,0,35.96113574950244,126.97827118285839,0,43.674221542271766,0.6788273938300573,,,0,0.0062075523,5,28,R5
2025-09-02 22:00:00,-2,-2,35.94304275149267,126.96717354857519,0,42.07262725468519,0.7006221551363732,,,0,0.0051786797,6,24,R5
2025-09-02 22:00:00,3,-1,35.95208925049756,127.0226617199912,0,46.14793823090679,0.6972994682678487,,,0,0.0034549308,7,16,R5
2025-09-02 22:00:00,-11,-5,35.91590325447802,126.86729484002636,0,135.4442906137586,0.8308193713035429,,,0,0.002364448,8,11,R5
2025-09-02 22:00:00,0,-1,35.95208925049756,126.9893688171416,0,38.44784700446672,0.6974704107910237,,,0,0.0023205301,9,11,R5
2025-09-02 22:00:00,-5,-2,35.94304275149267,126.93388064572558,0,69.88534096547312,0.6896440050792196,,,0,0.0017309906,10,8,R5
2025-09-02 22:00:00,1,-1,35.95208925049756,127.0004664514248,0,38.90487448267402,0.6977316547909198,,,0,0.0016834327,11,8,R5
2025-09-02 22:00:00,-1,-1,35.95208925049756,126.97827118285839,0,40.04991589215928,0.6950561043069635,,,0,0.0015445584,12,7,R5
2025-09-02 22:00:00,-3,-3,35.93399625248779,126.95607591429199,0,49.767281396824956,0.7148428620500775,,,0,0.0012507945,13,6,R5
2025-09-02 22:00:00,-1,-3,35.93399625248779,126.97827118285839,0,38.119853668402016,0.7035555406566201,,,0,0.0011723161,14,5,R5
2025-09-02 22:00:00,-12,-5,35.91590325447802,126.85619720574316,0,136.8336301651716,0.8144754406215499,,,0,0.00095638115,15,4,R5
2025-09-02 22:00:00,6,-3,35.93399625248779,127.05595462284082,0,73.93613445072799,0.7875629157073818,,,0,0.000953852,16,4,R5
2025-09-02 22:00:00,-3,-2,35.94304275149267,126.95607591429199,0,48.642483977563586,0.6990575395984093,,,0,0.0009465155,17,4,R5
2025-09-02 22:00:00,-10,-3,35.93399625248779,126.87839247430956,0,124.91696864399148,0.7014295603932227,,,0,0.00092929864,18,4,R5
2025-09-02 22:00:00,-2,-4,35.9249497534829,126.96717354857519,0,45.80489921110723,0.7224174784960702,,,1,0.0008805557,19,4,R5
2025-09-02 22:00:00,0,8,36.03350774154152,126.9893688171416,0,86.43473927563599,0.27497774741570213,,,0,0.00056593254,20,3,R5
2025-09-02 22:00:00,-2,0,35.96113574950244,126.96717354857519,0,47.16645131151557,0.6685063651266866,,,0,0.00047720954,21,2,R5
2025-09-02 22:00:00,-2,-1,35.95208925049756,126.96717354857519,0,43.78568523603286,0.6895208272005251,,,0,0.00046364276,22,2,R5
2025-09-02 22:00:00,-4,-2,35.94304275149267,126.94497828000878,0,57.98618310106235,0.6954215067328314,,,0,0.0004529484,23,2,R5
2025-09-02 22:00:00,1,0,35.96113574950244,127.0004664514248,0,42.59712664405407,0.6844909957612442,,,0,0.0004277229,24,2,R5
2025-09-02 22:00:00,-3,-4,35.9249497534829,126.95607591429199,0,53.94617722162866,0.734970675910777,,,0,0.00042011475,25,2,R5
2025-09-02 22:00:00,3,-2,35.94304275149267,127.0226617199912,0,44.70385000152828,0.7091597857311719,,,0,0.00037790727,26,2,R5
2025-09-02 22:00:00,0,17,36.11492623258549,126.9893688171416,0,107.98478303842694,0.218293306226848,,,0,0.0003586051,27,2,R5
2025-09-02 22:00:00,2,0,35.96113574950244,127.011564085708,0,44.94932260605697,0.681693524565415,,,0,0.00026141884,28,1,R5
2025-09-02 22:00:00,9,3,35.9882752465171,127.08924752569042,0,90.53942832403402,0.4852331829427856,,,0,0.00026141212,29,1,R5
2025-09-02 22:00:00,6,-4,35.9249497534829,127.05595462284082,0,78.590561592803,0.8313340210109865,,,0,0.00025336328,30,1,R5
2025-09-05 20:00:00,9,1,35.97018224850733,127.08924752569042,0,153.4501095395358,0.8791840366529379,,,0,0.047048386,1,100,R5
2025-09-05 20:00:00,-2,-3,35.93399625248779,126.96717354857519,0,150.07886988985467,1.5101355709076587,0.09689810546513918,8019.2,0,0.022328852,2,47,R5
2025-09-05 20:00:00,-4,-3,35.93399625248779,126.94497828000878,0,151.43869760472046,1.344580495963929,0.21441356314111013,11799.500000000002,0,0.012102787,3,26,R5
2025-09-05 20:00:00,-11,-5,35.91590325447802,126.86729484002636,0,160.88740013985398,0.9084375322446153,,,0,0.011815605,4,25,R5
2025-09-05 20:00:00,-2,0,35.96113574950244,126.96717354857519,0,150.1802090700371,1.3809561365112228,0.13476707638617486,12241.5,0,0.010529223,5,22,R5
2025-09-05 20:00:00,3,-1,35.95208925049756,127.0226617199912,0,150.2289972540491,1.432317615252908,0.2029415567315662,55409.6,0,0.0067468514,6,14,R5
2025-09-05 20:00:00,0,-1,35.95208925049756,126.9893688171416,0,149.6910170009142,1.5500021071268324,0.18176084978165233,20232.399999999998,0,0.0049564517,7,11,R5
2025-09-05 20:00:00,-2,-2,35.94304275149267,126.96717354857519,0,149.99765045619563,1.50142903021215,0.2777499919444432,19825.6,0,0.0049366606,8,10,R5
2025-09-05 20:00:00,0,0,35.96113574950244,126.9893688171416,0,149.91410075194415,1.4672740358110428,0.3071108911434127,47035.2,0,0.0048397374,9,10,R5
2025-09-05 20:00:00,-1,0,35.96113574950244,126.97827118285839,0,149.9955204590255,1.4392304126257387,0.28456808794693145,32739.9,0,0.0047670905,10,10,R5
2025-09-05 20:00:00,-2,-4,35.9249497534829,126.96717354857519,0,150.40323041246785,1.4909130103573602,0.34338549539754487,37867.899999999994,0,0.0031899486,11,7,R5
2025-09-05 20:00:00,-3,-2,35.94304275149267,126.95607591429199,0,150.48538687462104,1.4176931837107984,0.08301201416819098,4497.400000000001,0,0.0029907573,12,6,R5
2025-09-05 20:00:00,-1,-3,35.93399625248779,126.97827118285839,0,149.6972556357598,1.5675960447040758,0.17463487716890916,17461.2,0,0.0022188788,13,5,R5
2025-09-05 20:00:00,-3,-3,35.93399625248779,126.95607591429199,0,150.66652601416934,1.4321902236109647,0.2111388359614346,11812.499999999995,0,0.0021799265,14,5,R5
2025-09-05 20:00:00,0,8,36.03350774154152,126.9893688171416,0,146.6953635766082,0.5363306123436293,,,0,0.0018989574,15,4,R5
2025-09-05 20:00:00,-5,-2,35.94304275149267,126.93388064572558,0,151.87923332174358,1.2291727861528614,0.34618723085794206,22573.899999999998,0,0.0018081395,16,4,R5
2025-09-05 20:00:00,6,-3,35.93399625248779,127.05595462284082,0,152.2295109516125,1.2532738916971728,0.08037319770466136,20565.5,0,0.0016213227,17,3,R5
2025-09-05 20:00:00,-2,-1,35.95208925049756,126.96717354857519,0,150.06329383510916,1.4582679762301525,0.23659724391505402,13860.6,0,0.0016135232,18,3,R5
2025-09-05 20:00:00,1,-1,35.95208925049756,127.0004664514248,0,149.7243156435303,1.5424144168032439,0.22788091457967388,34003.0,0,0.0016091052,19,3,R5
2025-09-05 20:00:00,-12,-5,35.91590325447802,126.85619720574316,0,161.5209284329186,0.8452605896846271,,,0,0.0015241291,20,3,R5
2025-09-05 20:00:00,-4,-2,35.94304275149267,126.94497828000878,0,151.12125652681493,1.3237658042954858,0.0855925814544601,4155.400000000001,0,0.00078848767,21,2,R5
2025-09-05 20:00:00,-1,-1,35.95208925049756,126.97827118285839,0,149.80662524107981,1.5203196110067143,0.2317498116828463,25166.5,0,0.000785718,22,2,R5
2025-09-05 20:00:00,1,0,35.96113574950244,127.0004664514248,0,149.9497112398014,1.46059614334465,0.3148318855923221,51981.2,0,0.0007475305,23,2,R5
2025-09-05 20:00:00,-3,-4,35.9249497534829,126.95607591429199,0,151.08789844577507,1.4230570541509386,0.4842881421945261,49239.899999999994,0,0.0007438118,24,2,R5
2025-09-05 20:00:00,2,0,35.96113574950244,127.011564085708,0,150.10842959400247,1.4212919485756195,0.3008142559963453,66243.29999999999,0,0.00073391997,25,2,R5
2025-09-05 20:00:00,0,17,36.11492623258549,126.9893688171416,0,142.78142608945245,0.4046682215280392,,,0,0.0006909265,26,1,R5
2025-09-05 20:00:00,3,-2,35.94304275149267,127.0226617199912,0,150.15735057215375,1.4741090875023268,0.06661768934650526,17954.3,0,0.0005996583,27,1,R5
2025-09-05 20:00:00,9,3,35.9882752465171,127.08924752569042,0,153.31085698888342,0.6926693566595499,,,0,0.00057087746,28,1,R5
2025-09-05 20:00:00,-10,-3,35.93399625248779,126.87839247430956,0,157.54987143772166,0.8932803692129218,,,0,0.00047823484,29,1,R5
2025-09-05 20:00:00,-4,4,35.99732174552198,126.94497828000878,0,146.82864644907272,0.8299178250040546,,,0,0.00031449788,30,1,R5
2025-09-14 23:00:00,-2,-3,35.93399625248779,126.96717354857519,1,104.5061640439971,1.3319652088209768,0.5057171960545728,41852.7,0,0.06721408,1,100,R5
2025-09-14 23:00:00,-4,-3,35.93399625248779,126.94497828000878,1,105.37637342141682,1.21187839280416,0.22244532676739687,12241.5,0,0.042677123,2,63,R5
2025-09-14 23:00:00,-2,-2,35.94304275149267,126.96717354857519,1,104.35200607010319,1.325587439648094,0.5813113885958534,41493.6,0,0.01620998,3,24,R5
2025-09-14 23:00:00,0,-1,35.95208925049756,126.9893688171416,1,104.1709926169055,1.3614190938600148,0.5005412650599703,55716.899999999994,0,0.015677465,4,23,R5
2025-09-14 23:00:00,9,1,35.97018224850733,127.08924752569042,1,105.96662507526213,0.8165427857478821,,,0,0.014387056,5,21,R5
2025-09-14 23:00:00,0,0,35.96113574950244,126.9893688171416,1,104.13661022928943,1.296989453394823,0.41783031175197743,63992.299999999996,0,0.012948073,6,19,R5
2025-09-14 23:00:00,1,-1,35.95208925049756,127.0004664514248,1,104.19581877168321,1.35522990970869,0.4593305315389518,68538.5,0,0.009281808,7,14,R5
2025-09-14 23:00:00,-1,0,35.96113574950244,126.97827118285839,1,104.07771143271242,1.2764005379005847,0.36054208908729324,41480.799999999996,0,0.005767496,8,9,R5
2025-09-14 23:00:00,3,-1,35.95208925049756,127.0226617199912,1,104.46968468157905,1.2682426630902288,0.603135599707434,164675.50000000003,0,0.0052212756,9,8,R5
2025-09-14 23:00:00,-1,-1,35.95208925049756,126.97827118285839,1,104.19336663630264,1.3390735907828613,0.47564492869732417,51651.9,0,0.0048612137,10,7,R5
2025-09-14 23:00:00,-5,-2,35.94304275149267,126.93388064572558,1,104.94334970909335,1.1333629303499122,0.18948060950324505,12355.5,0,0.0048559136,11,7,R5
2025-09-14 23:00:00,-2,-4,35.9249497534829,126.96717354857519,1,104.862768811867,1.3166974313249513,0.18587552741659494,20498.0,0,0.0036705702,12,5,R5
2025-09-14 23:00:00,-3,-3,35.93399625248779,126.95607591429199,1,104.89702847120924,1.274478531917671,0.3697847590380827,20688.199999999997,0,0.003139335,13,5,R5
2025-09-14 23:00:00,3,-2,35.94304275149267,127.0226617199912,1,104.51249283211462,1.3017696974662005,0.5566420852465098,150021.99999999997,0,0.0027831662,14,4,R5
2025-09-14 23:00:00,-2,0,35.96113574950244,126.96717354857519,1,103.96018386247317,1.2334284335391847,0.1904937000809164,17303.4,0,0.0023605924,15,4,R5
2025-09-14 23:00:00,-11,-5,35.91590325447802,126.86729484002636,1,111.85970002939507,0.9863652342616913,,,0,0.0020721264,16,3,R5
2025-09-14 23:00:00,-1,-3,35.93399625248779,126.97827118285839,1,104.24090998002225,1.3752411637675963,0.5918185282271978,59174.1,0,0.0017151181,17,3,R5
2025-09-14 23:00:00,-3,-2,35.94304275149267,126.95607591429199,1,104.55551051346526,1.264155917326509,0.4333831078100399,23479.699999999997,0,0.0012310974,18,2,R5
2025-09-14 23:00:00,-2,-1,35.95208925049756,126.96717354857519,1,104.22701114686868,1.2928118460204363,0.4222463474961209,24736.5,0,0.0012195505,19,2,R5
2025-09-14 23:00:00,-12,-5,35.91590325447802,126.85619720574316,1,111.01722746064524,0.9724629578836835,,,0,0.0011506447,20,2,R5
2025-09-14 23:00:00,1,0,35.96113574950244,127.0004664514248,1,104.18855455791658,1.2909215451915679,0.34239993507272215,56532.899999999994,0,0.0011405316,21,2,R5
2025-09-14 23:00:00,-3,-4,35.9249497534829,126.95607591429199,1,105.43853922813025,1.2662364734402027,0.14984145530652632,15235.1,0,0.0009191513,22,1,R5
2025-09-14 23:00:00,6,-3,35.93399625248779,127.05595462284082,1,106.00207036167967,1.1319013754522418,0.2503471420235888,64057.6,0,0.0009120653,23,1,R5
2025-09-14 23:00:00,0,8,36.03350774154152,126.9893688171416,1,91.35531245308852,0.5163160538368191,,,0,0.00070100155,24,1,R5
2025-09-14 23:00:00,2,0,35.96113574950244,127.011564085708,1,104.27267560805814,1.2592024839389464,0.42823299046878643,94302.6,0,0.00065503735,25,1,R5
2025-09-14 23:00:00,-4,-2,35.94304275149267,126.94497828000878,1,104.76700056317259,1.1974445614616596,0.24569194580276263,11928.0,0,0.0005790296,26,1,R5
2025-09-14 23:00:00,6,-4,35.9249497534829,127.05595462284082,1,106.43429983452722,1.1401204763118955,0.09588069600655252,23997.5,0,0.0005781083,27,1,R5
2025-09-14 23:00:00,0,-2,35.94304275149267,126.9893688171416,1,104.15177172950962,1.3854159031453797,0.5285969510629964,51688.799999999996,0,0.0005487608,28,1,R5
2025-09-14 23:00:00,0,17,36.11492623258549,126.9893688171416,1,84.79268488896025,0.42171541486565395,,,0,0.00046492403,29,1,R5
2025-09-14 23:00:00,-10,-3,35.93399625248779,126.87839247430956,1,106.7592816412232,0.9704117498593009,,,0,0.0003482844,30,1,R5
2025-09-18 23:00:00,9,1,35.97018224850733,127.08924752569042,1,53.44827538663304,1.5678409585552426,0.0495242938913231,11665.7,0,0.0047074063,1,100,R5
2025-09-18 23:00:00,-2,-3,35.93399625248779,126.96717354857519,1,45.26587632345843,2.564156488829667,0.15940120180137288,13191.9,1,0.0031683573,2,67,R5
2025-09-18 23:00:00,-4,-3,35.93399625248779,126.94497828000878,1,44.273297246634456,2.3305387667388833,0.010979166477381137,604.2,0,0.002865506,3,61,R5
2025-09-18 23:00:00,3,-1,35.95208925049756,127.0226617199912,1,46.03852072325827,2.4402857596164544,0.14377602942948509,39255.5,0,0.0013651354,4,29,R5
2025-09-18 23:00:00,0,0,35.96113574950244,126.9893688171416,1,45.335500027562034,2.4998703244380995,0.19137820935556285,29310.3,0,0.0013307141,5,28,R5
2025-09-18 23:00:00,-1,0,35.96113574950244,126.97827118285839,1,45.19124002050131,2.4604112680759735,0.41786352510882113,48075.700000000004,0,0.0010686883,6,23,R5
2025-09-18 23:00:00,-2,-2,35.94304275149267,126.96717354857519,1,45.20458947705572,2.5536751948936156,0.021960148110166392,1567.5,0,0.0009746761,7,21,R5
2025-09-18 23:00:00,0,8,36.03350774154152,126.9893688171416,1,43.0154368210782,1.0178110759179864,0.2651477404685679,155015.1,0,0.00082100654,8,17,R5
2025-09-18 23:00:00,0,-1,35.95208925049756,126.9893688171416,1,45.342296533523665,2.6243733409641146,0.18209594001794938,20269.7,0,0.0007889273,9,17,R5
2025-09-18 23:00:00,1,-1,35.95208925049756,127.0004664514248,1,45.41007656585805,2.612036894728169,0.1791542208869281,26732.3,0,0.0007095992,10,15,R5
2025-09-18 23:00:00,-2,-4,35.9249497534829,126.96717354857519,1,45.34651043639468,2.5302273131439366,0.26422834633531045,29138.6,0,0.0006624262,11,14,R5
2025-09-18 23:00:00,-2,0,35.96113574950244,126.96717354857519,1,44.9204017913122,2.3781752572773165,0.4615669156542944,41926.200000000004,0,0.000542822,12,12,R5
2025-09-18 23:00:00,-3,-2,35.94304275149267,126.95607591429199,1,44.84740973221005,2.434690404578469,0.03745452464759487,2029.2000000000003,0,0.00048781597,13,10,R5
2025-09-18 23:00:00,3,-2,35.94304275149267,127.0226617199912,1,46.05085035807838,2.5037209242290976,0.2781607532118176,74967.79999999999,0,0.0003734048,14,8,R5
2025-09-18 23:00:00,6,-4,35.9249497534829,127.05595462284082,1,53.50353576570154,2.1565187489101523,0.5360113470643465,134155.59999999998,0,0.00036088505,15,8,R5
2025-09-18 23:00:00,-1,-1,35.95208925049756,126.97827118285839,1,45.28188038701575,2.5809516145262377,0.2701084964647944,29332.000000000004,0,0.0003161607,16,7,R5
2025-09-18 23:00:00,-11,-5,35.91590325447802,126.86729484002636,1,29.90455390575346,2.032988302188527,0.010756344409531526,1812.6000000000001,0,0.0003140474,17,7,R5
2025-09-18 23:00:00,-10,-3,35.93399625248779,126.87839247430956,1,30.725549970107295,1.9805494133670658,0.017063784626510325,1453.5,0,0.0002965797,18,6,R5
2025-09-18 23:00:00,-5,-2,35.94304275149267,126.93388064572558,1,42.93023503231342,2.1901369630933645,0.014510667533646592,946.2,0,0.0002722545,19,6,R5
2025-09-18 23:00:00,-2,-1,35.95208925049756,126.96717354857519,1,45.10080902658274,2.4914756749603897,0.2590678881793555,15177.0,0,0.00023613295,20,5,R5
2025-09-18 23:00:00,-6,4,35.99732174552198,126.92278301144238,1,41.881920374301046,1.3729555104492865,0.5264307852857897,97459.5,0,0.00022558171,21,5,R5
2025-09-18 23:00:00,-1,-3,35.93399625248779,126.97827118285839,1,45.33667656890685,2.6503101505265003,0.27794441071780407,27790.800000000003,0,0.00021587645,22,5,R5
2025-09-18 23:00:00,6,-3,35.93399625248779,127.05595462284082,1,51.593054332776376,2.150829649752203,0.35739468201477986,91448.40000000001,0,0.00016019249,23,3,R5
2025-09-18 23:00:00,-3,-4,35.9249497534829,126.95607591429199,1,45.03752090320745,2.429117027197477,0.1220085999677403,12405.2,0,0.00015548574,24,3,R5
2025-09-18 23:00:00,2,0,35.96113574950244,127.011564085708,1,45.680374648483905,2.4257675033578026,0.10049302199276791,22129.899999999998,0,0.0001544155,25,3,R5
2025-09-18 23:00:00,-12,-5,35.91590325447802,126.85619720574316,1,27.27194784488023,2.064288102534132,0.007627834056922335,1442.1,0,0.00014838566,26,3,R5
2025-09-18 23:00:00,1,0,35.96113574950244,127.0004664514248,1,45.464055034147975,2.4877624241519296,0.18177941926426253,30013.2,0,0.00014052587,27,3,R5
2025-09-18 23:00:00,-3,-3,35.93399625248779,126.95607591429199,1,44.95317186060555,2.451123539005803,0.01283724122645523,718.2,0,0.00013885584,28,3,R5
2025-09-18 23:00:00,-6,-2,35.94304275149267,126.92278301144238,1,41.227832216577724,2.091661558558908,0.04750449215055798,4018.5,0,0.00012015499,29,3,R5
2025-09-18 23:00:00,0,17,36.11492623258549,126.9893688171416,1,37.813632248278736,0.8551410280865873,,,0,0.000118281074,30,3,R5
2025-10-11 05:00:00,-4,-3,35.93399625248779,126.94497828000878,0,104.46375707447288,0.23995764951059995,,,0,0.0096416725,1,100,R5
2025-10-11 05:00:00,0,0,35.96113574950244,126.9893688171416,0,102.26639465693518,0.08126170039426504,,,0,0.0025053911,2,26,R5
2025-10-11 05:00:00,-2,-3,35.93399625248779,126.96717354857519,0,105.59415834896731,0.08283747756925926,,,0,0.0022638857,3,23,R5
2025-10-11 05:00:00,9,1,35.97018224850733,127.08924752569042,0,106.23264840178865,0.36407907553353175,,,0,0.0017539039,4,18,R5
2025-10-11 05:00:00,-1,0,35.96113574950244,126.97827118285839,0,101.36844524831497,0.10000872702961303,,,0,0.0008923975,5,9,R5
2025-10-11 05:00:00,-2,-2,35.94304275149267,126.96717354857519,0,103.92672247490185,0.0801123640942337,,,0,0.0006475952,6,7,R5
2025-10-11 05:00:00,-3,-3,35.93399625248779,126.95607591429199,0,105.06813067931381,0.1561456088624783,,,0,0.000645606,7,7,R5
2025-10-11 05:00:00,-5,-2,35.94304275149267,126.93388064572558,0,101.55546829616111,0.31021888381413076,,,0,0.00057522004,8,6,R5
2025-10-11 05:00:00,3,-1,35.95208925049756,127.0226617199912,0,105.4978332531515,0.11460521704245752,,,0,0.0005727049,9,6,R5
2025-10-11 05:00:00,-2,-4,35.9249497534829,126.96717354857519,0,107.20254442526061,0.11412908535743344,,,0,0.00048023133,10,5,R5
2025-10-11 05:00:00,1,-1,35.95208925049756,127.0004664514248,0,104.38839825674489,0.03990548575670244,,,0,0.0004273596,11,4,R5
2025-10-11 05:00:00,-6,-2,35.94304275149267,126.92278301144238,0,100.58601350856185,0.3886709949990477,,,0,0.0004176231,12,4,R5
2025-10-11 05:00:00,-1,-3,35.93399625248779,126.97827118285839,0,106.05386631296142,0.02962495820436295,,,0,0.0003017553,13,3,R5
2025-10-11 05:00:00,-6,-3,35.93399625248779,126.92278301144238,0,102.97040984690062,0.40917617358773695,,,0,0.0002558801,14,3,R5
2025-10-11 05:00:00,-10,-3,35.93399625248779,126.87839247430956,0,98.62018551260422,0.6836680011182498,,,0,0.00025099225,15,3,R5
2025-10-11 05:00:00,0,-1,35.95208925049756,126.9893688171416,0,103.73145919784673,0.035016510899229435,,,1,0.00023040117,16,2,R5
2025-10-11 05:00:00,-12,-5,35.91590325447802,126.85619720574316,0,101.87168417128083,0.849513861007222,,,0,0.00020943186,17,2,R5
2025-10-11 05:00:00,-1,-1,35.95208925049756,126.97827118285839,0,103.00059808792628,0.05644270440690136,,,0,0.00020107366,18,2,R5
2025-10-11 05:00:00,1,0,35.96113574950244,127.0004664514248,0,103.07501702015861,0.08392382606821157,,,0,0.00017921471,19,2,R5
2025-10-11 05:00:00,6,-3,35.93399625248779,127.05595462284082,0,108.0936243659379,0.3339067736612107,,,0,0.00015825244,20,2,R5
2025-10-11 05:00:00,0,17,36.11492623258549,126.9893688171416,0,86.93176851921771,0.2488245171002491,,,0,0.00015512008,21,2,R5
2025-10-11 05:00:00,-11,-5,35.91590325447802,126.86729484002636,0,103.1477327699547,0.8042023837783097,,,0,0.00014139246,22,1,R5
2025-10-11 05:00:00,-3,-4,35.9249497534829,126.95607591429199,0,106.86246875232757,0.18705021761815047,,,0,0.00013269759,23,1,R5
2025-10-11 05:00:00,-1,-4,35.9249497534829,126.97827118285839,0,107.48343697627706,0.061362121842935005,,,0,0.00013072076,24,1,R5
2025-10-11 05:00:00,-3,-2,35.94304275149267,126.95607591429199,0,103.21915226530894,0.1496069290423665,,,0,0.00013016723,25,1,R5
2025-10-11 05:00:00,-4,4,35.99732174552198,126.94497828000878,0,87.38514316385238,0.2916259913200812,,,0,0.00012512018,26,1,R5
2025-10-11 05:00:00,-2,0,35.96113574950244,126.96717354857519,0,100.37961401932392,0.13818242639943865,,,0,0.00011116485,27,1,R5
2025-10-11 05:00:00,3,-2,35.94304275149267,127.0226617199912,0,106.49308976379905,0.09984266111838011,,,0,0.000109887136,28,1,R5
2025-10-11 05:00:00,-2,-1,35.95208925049756,126.96717354857519,0,102.19197243650353,0.10153283390399383,,,0,0.000109732755,29,1,R5
2025-10-11 05:00:00,0,-2,35.94304275149267,126.9893688171416,0,105.12872117776283,0.015145890924992406,,,0,0.00010154167,30,1,R5
2025-10-15 09:00:00,-4,-3,35.93399625248779,126.94497828000878,1,58.34232123656682,1.5205098525605918,0.16503457110927378,9082.1,1,0.00046288045,1,100,R5
2025-10-15 09:00:00,-2,-3,35.93399625248779,126.96717354857519,1,60.27712596491915,1.3679421107995762,0.3297051321244431,27286.1,0,0.00030194284,2,65,R5
2025-10-15 09:00:00,-1,-3,35.93399625248779,126.97827118285839,1,60.77551381184685,1.3226899411505175,0.5201821438608458,52011.4,0,0.0002278249,3,49,R5
2025-10-15 09:00:00,6,-3,35.93399625248779,127.05595462284082,1,61.86321120341228,1.427657756629705,0.3630153930570032,92886.6,0,0.00016017599,4,35,R5
2025-10-15 09:00:00,-2,-2,35.94304275149267,126.96717354857519,1,60.08124417160161,1.3621668171493482,0.17874509836885483,12758.7,0,0.00014720343,5,32,R5
2025-10-15 09:00:00,3,-1,35.95208925049756,127.0226617199912,1,59.606247694416936,1.3553768696664679,0.22003990004113064,60077.99999999999,0,0.00014034308,6,30,R5
2025-10-15 09:00:00,-3,-3,35.93399625248779,126.95607591429199,1,59.456706610650826,1.4360544723426398,0.2698037056764844,15094.599999999999,0,0.00012610453,7,27,R5
2025-10-15 09:00:00,0,0,35.96113574950244,126.9893688171416,1,59.5677360528278,1.3472615446650538,0.23346923158289248,35756.7,0,0.00010454961,8,23,R5
2025-10-15 09:00:00,0,-1,35.95208925049756,126.9893688171416,1,60.53637765747044,1.3221573608659427,0.26238733376874107,29207.2,0,0.00010106959,9,22,R5
2025-10-15 09:00:00,-2,-4,35.9249497534829,126.96717354857519,1,60.30261837249304,1.3980638932539315,0.28650838199062184,31595.6,0,9.903675e-05,10,21,R5
2025-10-15 09:00:00,1,-1,35.95208925049756,127.0004664514248,1,60.487681368630774,1.3232732999993901,0.30464990191932523,45458.0,0,9.628225e-05,11,21,R5
2025-10-15 09:00:00,3,-2,35.94304275149267,127.0226617199912,1,60.31186039568837,1.3513847421156873,0.42765029451324144,115257.09999999998,0,8.91875e-05,12,19,R5
2025-10-15 09:00:00,9,1,35.97018224850733,127.08924752569042,1,49.755500606937915,1.3657016819886059,0.0495242938913231,11665.7,0,8.5823856e-05,13,19,R5
2025-10-15 09:00:00,-4,4,35.99732174552198,126.94497828000878,1,52.850395346570394,1.398093494143793,0.3312981537478635,89917.4,0,7.648842e-05,14,17,R5
2025-10-15 09:00:00,2,0,35.96113574950244,127.011564085708,1,59.05463971960393,1.3514485861267507,0.18659090981334914,41089.799999999996,0,7.16272e-05,15,15,R5
2025-10-15 09:00:00,6,-4,35.9249497534829,127.05595462284082,1,63.753312121591705,1.4439815232736055,0.4561715644165651,114172.9,0,6.820036e-05,16,15,R5
2025-10-15 09:00:00,-1,-4,35.9249497534829,126.97827118285839,1,60.702229013651504,1.3490680872204734,0.36108359533140955,44435.2,0,6.1839644e-05,17,13,R5
2025-10-15 09:00:00,0,-2,35.94304275149267,126.9893688171416,1,60.85425888790542,1.3102200966542399,0.361471965507967,35346.5,0,6.115231e-05,18,13,R5
2025-10-15 09:00:00,-6,-3,35.93399625248779,126.92278301144238,1,55.38739035483684,1.7104887829514848,0.08033022938853093,6990.2,0,6.109662e-05,19,13,R5
2025-10-15 09:00:00,-1,0,35.96113574950244,126.97827118285839,1,59.242791161088974,1.362605947666465,0.24687182749940892,28402.899999999998,0,5.604977e-05,20,12,R5
2025-10-15 09:00:00,1,0,35.96113574950244,127.0004664514248,1,59.496763816924215,1.3448605186452323,0.16339930639255082,26978.5,0,5.4483313e-05,21,12,R5
2025-10-15 09:00:00,-6,-2,35.94304275149267,126.92278301144238,1,54.581195369011425,1.6660974837064821,0.01455456780783053,1231.2,0,5.053918e-05,22,11,R5
2025-10-15 09:00:00,-10,-3,35.93399625248779,126.87839247430956,1,46.550552308248996,2.072306824150567,0.0289749754638391,2468.1,0,4.803858e-05,23,10,R5
2025-10-15 09:00:00,-1,-1,35.95208925049756,126.97827118285839,1,60.223255019982446,1.3384054708189224,0.29859549475382485,32425.5,0,4.449328e-05,24,10,R5
2025-10-15 09:00:00,-5,-2,35.94304275149267,126.93388064572558,1,56.34635180855969,1.5808441102403124,0.011014121139996811,718.2,0,4.4351716e-05,25,10,R5
2025-10-15 09:00:00,0,17,36.11492623258549,126.9893688171416,1,20.644359595123774,1.2405729912230012,0.08589851024125614,48208.399999999994,0,4.0947303e-05,26,9,R5
2025-10-15 09:00:00,-2,0,35.96113574950244,126.96717354857519,1,58.54397954269382,1.3921669488521389,0.38957114312293245,35386.50000000001,0,3.933111e-05,27,8,R5
2025-10-15 09:00:00,-12,-5,35.91590325447802,126.85619720574316,1,46.41235588555088,2.4262035278114156,0.011185479980704294,2114.7,0,3.900903e-05,28,8,R5
2025-10-15 09:00:00,-3,-4,35.9249497534829,126.95607591429199,1,59.632349588212946,1.4712173974775793,0.1359678110997022,13824.5,0,3.7741924e-05,29,8,R5
2025-10-15 09:00:00,0,8,36.03350774154152,126.9893688171416,1,31.04569777147009,1.2344104842438177,0.2904065037312916,169782.30000000002,0,3.1183128e-05,30,7,R5
2025-12-16 19:00:00,-4,-3,35.93399625248779,126.94497828000878,0,163.45313820297565,0.33163528230109307,,,0,0.0015456394,1,100,R5
2025-12-16 19:00:00,9,1,35.97018224850733,127.08924752569042,0,143.9330710230845,0.5625760566025021,,,0,0.00077975047,2,50,R5
2025-12-16 19:00:00,-2,-3,35.93399625248779,126.96717354857519,0,160.21711385844833,0.11700703119130124,,,0,0.00075168797,3,49,R5
2025-12-16 19:00:00,3,-1,35.95208925049756,127.0226617199912,0,150.76149074897387,0.16811200725217895,,,0,0.00047466156,4,31,R5
2025-12-16 19:00:00,-3,-3,35.93399625248779,126.95607591429199,0,161.86250952990247,0.21835595191267462,,,1,0.00035952963,5,23,R5
2025-12-16 19:00:00,0,17,36.11492623258549,126.9893688171416,0,70.56064469171793,0.4073704168194318,,,0,0.0002672593,6,17,R5
2025-12-16 19:00:00,1,0,35.96113574950244,127.0004664514248,0,151.9317635192324,0.12171603766906137,,,0,0.0002027788,7,13,R5
2025-12-16 19:00:00,3,-2,35.94304275149267,127.0226617199912,0,151.48693007275472,0.14570032531329866,,,0,0.000201072,8,13,R5
2025-12-16 19:00:00,6,-3,35.93399625248779,127.05595462284082,0,148.01669549485132,0.4888933293913204,,,0,0.0001827298,9,12,R5
2025-12-16 19:00:00,0,0,35.96113574950244,126.9893688171416,0,153.0768833327761,0.11644168847284007,,,0,0.0001610923,10,10,R5
2025-12-16 19:00:00,2,0,35.96113574950244,127.011564085708,0,150.77090716090413,0.1551911114079704,,,0,0.00012589364,11,8,R5
2025-12-16 19:00:00,-2,-2,35.94304275149267,126.96717354857519,0,158.9298568092845,0.1123176281042982,,,0,0.00011995158,12,8,R5
2025-12-16 19:00:00,0,-1,35.95208925049756,126.9893688171416,0,154.69111149176854,0.05004837209457353,,,0,0.0001069729,13,7,R5
2025-12-16 19:00:00,-11,-5,35.91590325447802,126.86729484002636,0,179.46432302632934,1.0304467879627528,0.6002189722546131,101145.59999999998,0,0.00010654883,14,7,R5
2025-12-16 19:00:00,-6,-2,35.94304275149267,126.92278301144238,0,164.31854450936703,0.5121768086063511,,,0,0.000103355655,15,7,R5
2025-12-16 19:00:00,-2,0,35.96113574950244,126.96717354857519,0,155.1799586476791,0.1925908541863993,,,0,0.000103250175,16,7,R5
2025-12-16 19:00:00,-6,4,35.99732174552198,126.92278301144238,0,97.41982074345168,0.4407396422060138,,,0,0.00010125279,17,7,R5
2025-12-16 19:00:00,-12,-5,35.91590325447802,126.85619720574316,0,182.09229293261117,1.0615514641835881,0.645016122070734,121945.19999999998,0,9.710072e-05,18,6,R5
2025-12-16 19:00:00,0,-2,35.94304275149267,126.9893688171416,0,155.90484092697977,0.02166195363812318,,,0,9.4429735e-05,19,6,R5
2025-12-16 19:00:00,-3,-2,35.94304275149267,126.95607591429199,0,160.38396892518267,0.20718395238491066,,,0,9.203879e-05,20,6,R5
2025-12-16 19:00:00,-1,0,35.96113574950244,126.97827118285839,0,154.17008106582534,0.141421352513062,,,0,8.953991e-05,21,6,R5
2025-12-16 19:00:00,-4,4,35.99732174552198,126.94497828000878,0,122.89113756983284,0.4125594313609837,,,0,8.479955e-05,22,5,R5
2025-12-16 19:00:00,-6,-3,35.93399625248779,126.92278301144238,0,166.45698529249375,0.5488383130935998,,,0,8.109695e-05,23,5,R5
2025-12-16 19:00:00,-1,8,36.03350774154152,126.97827118285839,0,73.59895153770407,0.38695826163865155,,,0,7.918936e-05,24,5,R5
2025-12-16 19:00:00,-2,-4,35.9249497534829,126.96717354857519,0,161.246038891951,0.1627633133343313,,,0,7.702986e-05,25,5,R5
2025-12-16 19:00:00,-5,-2,35.94304275149267,126.93388064572558,0,163.08966409967957,0.4166497130579113,,,0,7.5745644e-05,26,5,R5
2025-12-16 19:00:00,-4,-2,35.94304275149267,126.94497828000878,0,161.7746821760162,0.3125139347543369,,,0,7.398782e-05,27,5,R5
2025-12-16 19:00:00,-10,-3,35.93399625248779,126.87839247430956,0,171.86455117320008,0.8356312177919408,,,0,7.2133225e-05,28,5,R5
2025-12-16 19:00:00,-3,-4,35.9249497534829,126.95607591429199,0,163.04569139748367,0.26475317648724145,,,0,7.1999566e-05,29,5,R5
2025-12-16 19:00:00,-1,-3,35.93399625248779,126.97827118285839,0,158.53058062940045,0.04220217200904096,,,0,6.9703856e-05,30,5,R5
2026-05-26 20:00:00,-2,-3,35.93399625248779,126.96717354857519,0,138.66214182880088,1.5470215631467266,0.21243826962835508,17581.2,0,0.035969034,1,100,R5
2026-05-26 20:00:00,9,1,35.97018224850733,127.08924752569042,0,144.79462111048002,1.6153371666314067,0.0342229907142745,8061.400000000001,1,0.010725844,2,30,R5
2026-05-26 20:00:00,-4,-3,35.93399625248779,126.94497828000878,0,137.20298999819454,1.6420523489554626,0.20149550711865027,11088.600000000002,0,0.00566976,3,16,R5
2026-05-26 20:00:00,-1,0,35.96113574950244,126.97827118285839,0,138.1437190027155,1.533278946380499,0.28874188187519995,33220.100000000006,0,0.0040601934,4,11,R5
2026-05-26 20:00:00,-3,-3,35.93399625248779,126.95607591429199,0,138.0384356646009,1.5905504130230275,0.013986551461572287,782.5,0,0.0032003548,5,9,R5
2026-05-26 20:00:00,-12,-5,35.91590325447802,126.85619720574316,0,145.23451316797298,2.195945617005292,0.4869949687291069,92070.09999999999,0,0.0020543314,6,6,R5
2026-05-26 20:00:00,3,-1,35.95208925049756,127.0226617199912,0,138.95585036412012,1.5474293122272262,0.2958210438838189,80768.70000000001,0,0.0012810171,7,4,R5
2026-05-26 20:00:00,0,0,35.96113574950244,126.9893688171416,0,138.54253268108528,1.5276722273245318,0.32777704503577454,50200.3,0,0.0012186464,8,3,R5
2026-05-26 20:00:00,-1,-1,35.95208925049756,126.97827118285839,0,138.7270462132318,1.5235727569663524,0.38100842224297243,41375.0,0,0.0010647592,9,3,R5
2026-05-26 20:00:00,0,-1,35.95208925049756,126.9893688171416,0,138.96848666511886,1.5146324435820702,0.4176050840285932,46485.0,0,0.00093417213,10,3,R5
2026-05-26 20:00:00,-6,-3,35.93399625248779,126.92278301144238,0,135.24801403589106,1.7519781037146316,0.2612680321265757,22735.1,0,0.00090580777,11,3,R5
2026-05-26 20:00:00,3,-2,35.94304275149267,127.0226617199912,0,138.9819559334323,1.5463477147170859,0.24400315384258614,65761.9,0,0.000863525,12,2,R5
2026-05-26 20:00:00,-1,-3,35.93399625248779,126.97827118285839,0,139.03584513877587,1.5164463480390118,0.09809985108049156,9808.7,0,0.0006203092,13,2,R5
2026-05-26 20:00:00,-3,-4,35.9249497534829,126.95607591429199,0,138.13090971344747,1.6210742831350642,0.37244135223280495,37867.899999999994,0,0.0004394739,14,1,R5
2026-05-26 20:00:00,-5,-2,35.94304275149267,126.93388064572558,0,135.27013204007642,1.6605932803557328,0.06661074237200802,4343.500000000001,0,0.0004250638,15,1,R5
2026-05-26 20:00:00,1,0,35.96113574950244,127.0004664514248,0,138.7075961726913,1.529076087563417,0.4112616121103909,67902.5,0,0.00042432707,16,1,R5
2026-05-26 20:00:00,-6,-2,35.94304275149267,126.92278301144238,0,133.73625568019872,1.704599955427658,0.04022839039152639,3403.0,0,0.00039582106,17,1,R5
2026-05-26 20:00:00,-3,-2,35.94304275149267,126.95607591429199,0,137.75627432493866,1.5753486205094314,0.19797075180378645,10725.6,0,0.00035036053,18,1,R5
2026-05-26 20:00:00,-2,-2,35.94304275149267,126.96717354857519,0,138.546001055621,1.5398493023114392,0.3304543474088426,23587.6,0,0.00033654217,19,1,R5
2026-05-26 20:00:00,2,-1,35.95208925049756,127.011564085708,0,138.9570699936089,1.528515613971498,0.33378259984091546,69490.6,0,0.0003189208,20,1,R5
2026-05-26 20:00:00,-4,-2,35.94304275149267,126.94497828000878,0,136.64187792983148,1.616790584281918,0.1431225617216563,6948.4000000000015,0,0.0002956194,21,1,R5
2026-05-26 20:00:00,-2,0,35.96113574950244,126.96717354857519,0,137.35419436672794,1.5447145742961184,0.3132752423363369,28456.199999999997,0,0.00028621955,22,1,R5
2026-05-26 20:00:00,-1,9,36.04255424054641,126.97827118285839,0,89.53999655799657,1.2948516424993797,0.11691600894398535,78458.3,0,0.00028483075,23,1,R5
2026-05-26 20:00:00,-2,-4,35.9249497534829,126.96717354857519,0,138.60839966825813,1.5718415539535633,0.26026835790605746,28701.899999999994,0,0.00027164785,24,1,R5
2026-05-26 20:00:00,1,-1,35.95208925049756,127.0004664514248,0,138.99972731837101,1.5166512696417596,0.34364827941632786,51277.1,0,0.00026359208,25,1,R5
2026-05-26 20:00:00,0,1,35.97018224850733,126.9893688171416,0,137.8656311726769,1.5332311291556957,0.3245552748965443,51331.5,0,0.00025751666,26,1,R5
2026-05-26 20:00:00,-10,-3,35.93399625248779,126.87839247430956,0,132.2548815181167,1.9521535199113789,0.17411751999286224,14831.400000000001,0,0.00021515146,27,1,R5
2026-05-26 20:00:00,2,0,35.96113574950244,127.011564085708,0,138.79850687473032,1.5371051260975455,0.4221579713850163,92964.8,0,0.00020841515,28,1,R5
2026-05-26 20:00:00,-6,4,35.99732174552198,126.92278301144238,0,107.37132885619127,1.2988252985491915,0.05594098500210121,10356.500000000002,0,0.00020628776,29,1,R5
2026-05-26 20:00:00,-4,4,35.99732174552198,126.94497828000878,0,118.31456896807049,1.377745384935241,0.06031886158654106,16371.099999999999,0,0.00019057024,30,1,R5
2026-06-28 01:00:00,-2,-3,35.93399625248779,126.96717354857519,0,139.22489515854846,1.2093084679516029,0.21243826962835508,17581.2,1,0.013145123,1,100,R5
2026-06-28 01:00:00,-1,0,35.96113574950244,126.97827118285839,0,140.84718626870352,1.1806347907033552,0.2850261448815831,32792.6,0,0.0033164304,2,25,R5
2026-06-28 01:00:00,-4,-3,35.93399625248779,126.94497828000878,0,153.21002179885204,1.2449311225247948,0.21441356314111013,11799.500000000002,0,0.0016675122,3,13,R5
2026-06-28 01:00:00,9,1,35.97018224850733,127.08924752569042,0,193.81758766291722,1.0187349614021723,0.6504520598365309,153217.3,0,0.0016481872,4,13,R5
2026-06-28 01:00:00,-3,-3,35.93399625248779,126.95607591429199,0,145.0840837002242,1.223278921285431,0.19544887446243378,10934.699999999995,0,0.0008347481,5,6,R5
2026-06-28 01:00:00,0,0,35.96113574950244,126.9893688171416,0,139.36810687261033,1.1820526781667404,0.32777704503577454,50200.3,0,0.000795631,6,6,R5
2026-06-28 01:00:00,-1,-3,35.93399625248779,126.97827118285839,0,135.65168294015183,1.2022836050182795,0.09809985108049156,9808.7,0,0.0007462857,7,6,R5
2026-06-28 01:00:00,-1,-1,35.95208925049756,126.97827118285839,0,137.44676343110143,1.1951772014116877,0.38100842224297243,41375.0,0,0.0006702142,8,5,R5
2026-06-28 01:00:00,1,0,35.96113574950244,127.0004664514248,0,139.6079169731504,1.179103274829059,0.4112616121103909,67902.5,0,0.0006124003,9,5,R5
2026-06-28 01:00:00,-2,-2,35.94304275149267,126.96717354857519,0,139.08788647942674,1.2029267649108288,0.3304543474088426,23587.6,0,0.0006052328,10,5,R5
2026-06-28 01:00:00,3,-1,35.95208925049756,127.0226617199912,0,141.7917215994127,1.177685160945228,0.295507894120952,80683.20000000001,0,0.00048578237,11,4,R5
2026-06-28 01:00:00,-3,-2,35.94304275149267,126.95607591429199,0,144.73455290244794,1.2105836900574813,0.030650987398874445,1660.6,0,0.00038642064,12,3,R5
2026-06-28 01:00:00,-5,-2,35.94304275149267,126.93388064572558,0,162.59662808491407,1.2450712319104817,0.3458375762185771,22551.1,0,0.00037842194,13,3,R5
2026-06-28 01:00:00,0,-1,35.95208925049756,126.9893688171416,0,136.0160958494879,1.1959858099262346,0.4176050840285932,46485.0,0,0.0003593921,14,3,R5
2026-06-28 01:00:00,1,-1,35.95208925049756,127.0004664514248,0,136.32186784801604,1.1942919418575604,0.34364827941632786,51277.1,0,0.00027782677,15,2,R5
2026-06-28 01:00:00,0,-2,35.94304275149267,126.9893688171416,0,134.7751191997246,1.1995824706210763,0.31017365666887226,30330.300000000003,0,0.00026858444,16,2,R5
2026-06-28 01:00:00,-2,-4,35.9249497534829,126.96717354857519,0,141.43872088939503,1.21995412007703,0.17453057316003806,19246.899999999994,0,0.00019179734,17,1,R5
2026-06-28 01:00:00,-6,-3,35.93399625248779,126.92278301144238,0,173.6272918870808,1.3099279188149426,0.3327851727740027,28958.399999999998,0,0.00014316532,18,1,R5
2026-06-28 01:00:00,-12,-5,35.91590325447802,126.85619720574316,0,206.58489150478349,1.7443854925483608,0.5110960892341805,96626.59999999999,0,0.00012523339,19,1,R5
2026-06-28 01:00:00,3,-2,35.94304275149267,127.0226617199912,0,140.27423709785842,1.1890665903319173,0.18191030100644678,49027.09999999999,0,0.000116689305,20,1,R5
2026-06-28 01:00:00,-1,-4,35.9249497534829,126.97827118285839,0,137.6436690011833,1.2084169924153576,0.07822156057945387,9626.0,0,0.000114989896,21,1,R5
2026-06-28 01:00:00,-4,-2,35.94304275149267,126.94497828000878,0,152.68450823038847,1.2244448177043217,0.0855925814544601,4155.400000000001,0,0.00010543703,22,1,R5
2026-06-28 01:00:00,-6,-2,35.94304275149267,126.92278301144238,0,173.54704988270794,1.2726356333505366,0.30506194439190465,25805.799999999996,0,9.638581e-05,23,1,R5
2026-06-28 01:00:00,-2,0,35.96113574950244,126.96717354857519,0,144.21226425320458,1.1768714856495999,0.3087868596183168,28048.5,0,8.9251385e-05,24,1,R5
2026-06-28 01:00:00,0,8,36.03350774154152,126.9893688171416,0,225.0397852592598,0.7659867870477732,,,0,8.2453305e-05,25,1,R5
2026-06-28 01:00:00,-1,9,36.04255424054641,126.97827118285839,0,231.66888729291531,0.7267584061872943,,,0,6.482713e-05,26,0,R5
2026-06-28 01:00:00,0,1,35.97018224850733,126.9893688171416,0,144.29345776332525,1.1537728127802187,0.3226085059702389,51023.6,0,6.3347994e-05,27,0,R5
2026-06-28 01:00:00,-1,8,36.03350774154152,126.97827118285839,0,222.44590390705767,0.7603513207049103,,,0,5.460382e-05,28,0,R5
2026-06-28 01:00:00,-11,-5,35.91590325447802,126.86729484002636,0,203.94448549107022,1.681809975523942,0.6015980820641548,101377.99999999999,0,5.1465537e-05,29,0,R5
2026-06-28 01:00:00,2,0,35.96113574950244,127.011564085708,0,141.47627878518108,1.1706581833261405,0.38635768139344895,85081.09999999999,0,4.346923e-05,30,0,R5
2026-06-28 02:00:00,-2,-3,35.93399625248779,126.96717354857519,0,199.19143910307568,1.4722680228829417,0.36012353928450164,29803.5,0,0.0005415654,1,100,R5
2026-06-28 02:00:00,9,1,35.97018224850733,127.08924752569042,0,189.32345466564877,0.9815329482888554,,,0,0.00034190528,2,63,R5
2026-06-28 02:00:00,-4,-3,35.93399625248779,126.94497828000878,0,197.79064137422716,1.4445247311735727,0.5551674949801477,30551.699999999997,0,0.00028841777,3,53,R5
2026-06-28 02:00:00,-3,-3,35.93399625248779,126.95607591429199,0,198.48070192208942,1.4557825983947164,0.5346491118316393,29911.79999999999,0,0.00018411531,4,34,R5
2026-06-28 02:00:00,-1,0,35.96113574950244,126.97827118285839,0,199.51642694682866,1.4140310066825543,0.0051663954830545,594.4,0,0.00016200033,5,30,R5
2026-06-28 02:00:00,1,0,35.96113574950244,127.0004664514248,0,199.376178789944,1.4192802172867967,0.07690430131102226,12697.5,1,0.00013740765,6,25,R5
2026-06-28 02:00:00,3,-1,35.95208925049756,127.0226617199912,0,198.57240424209877,1.4021359099219826,0.11444543374538471,31247.3,0,0.00013545134,7,25,R5
2026-06-28 02:00:00,-1,-1,35.95208925049756,126.97827118285839,0,199.66850908815846,1.4619699918090008,0.015407013685914616,1673.1000000000001,0,0.00013044504,8,24,R5
2026-06-28 02:00:00,0,0,35.96113574950244,126.9893688171416,0,199.5153600789206,1.4260810359079985,0.0773242322423603,11842.5,0,0.00011183695,9,21,R5
2026-06-28 02:00:00,-5,-2,35.94304275149267,126.93388064572558,0,198.4703773592625,1.4016027889608758,0.3409945527487762,22235.3,0,8.747508e-05,10,16,R5
2026-06-28 02:00:00,-2,-2,35.94304275149267,126.96717354857519,0,199.40400268584952,1.462469003896099,0.31026361984496903,22146.399999999998,0,7.784226e-05,11,14,R5
2026-06-28 02:00:00,-6,-2,35.94304275149267,126.92278301144238,0,198.79021000678384,1.3974303853846763,0.5596616701342916,47342.89999999999,0,7.588128e-05,12,14,R5
2026-06-28 02:00:00,-6,-3,35.93399625248779,126.92278301144238,0,197.14330240843086,1.4481622999185977,0.622049614851129,54129.69999999999,0,6.7322595e-05,13,12,R5
2026-06-28 02:00:00,0,-2,35.94304275149267,126.9893688171416,0,199.94105369787113,1.4914435816799463,0.10756875550315029,10518.6,0,5.9401384e-05,14,11,R5
2026-06-28 02:00:00,-3,-2,35.94304275149267,126.95607591429199,0,198.93339917702244,1.437324072723197,0.41150879420868736,22294.6,0,5.638163e-05,15,10,R5
2026-06-28 02:00:00,-1,-3,35.93399625248779,126.97827118285839,0,199.75763267179937,1.488580603741931,0.3049449477881603,30490.5,0,4.9465205e-05,16,9,R5
2026-06-28 02:00:00,1,-1,35.95208925049756,127.0004664514248,0,199.7009185952436,1.4693223634425048,0.08536336092012875,12737.4,0,4.152046e-05,17,8,R5
2026-06-28 02:00:00,0,8,36.03350774154152,126.9893688171416,0,207.28102533447625,0.6239237891172708,,,0,4.0793177e-05,18,8,R5
2026-06-28 02:00:00,0,-1,35.95208925049756,126.9893688171416,0,199.79350879880883,1.4747313024077733,0.08810806974548416,9807.6,1,3.993652e-05,19,7,R5
2026-06-28 02:00:00,-12,-5,35.91590325447802,126.85619720574316,0,196.79486223872416,1.787245179047321,0.5204281658076693,98390.9,0,3.4913504e-05,20,6,R5
2026-06-28 02:00:00,-4,4,35.99732174552198,126.94497828000878,0,205.94089759182233,0.9152748973363353,,,0,3.0020192e-05,21,6,R5
2026-06-28 02:00:00,-1,9,36.04255424054641,126.97827118285839,0,211.48715672701917,0.588721725483671,,,0,2.8214718e-05,22,5,R5
2026-06-28 02:00:00,-4,-2,35.94304275149267,126.94497828000878,0,198.56729954377698,1.4156183225385892,0.5031432420296363,24426.899999999998,0,2.7834301e-05,23,5,R5
2026-06-28 02:00:00,-1,8,36.03350774154152,126.97827118285839,0,208.84905299587308,0.643317437775792,,,0,2.6170872e-05,24,5,R5
2026-06-28 02:00:00,-11,-5,35.91590325447802,126.86729484002636,0,195.19666093423348,1.7455898976186166,0.6218948517783337,104798.29999999999,0,2.5217887e-05,25,5,R5
2026-06-28 02:00:00,0,17,36.11492623258549,126.9893688171416,0,221.1547014360203,0.5479096967110714,,,0,2.3708266e-05,26,4,R5
2026-06-28 02:00:00,-1,-4,35.9249497534829,126.97827118285839,0,199.25008846364548,1.4831847570065821,0.3988763268858377,49086.00000000001,0,2.2211423e-05,27,4,R5
2026-06-28 02:00:00,-2,-4,35.9249497534829,126.96717354857519,0,198.5646175982794,1.4748109003547056,0.44009463347663763,48532.799999999996,0,1.9894478e-05,28,4,R5
2026-06-28 02:00:00,2,0,35.96113574950244,127.011564085708,0,199.01511837437317,1.3926682828281636,0.10625834134450554,23399.5,0,1.986895e-05,29,4,R5
2026-06-28 02:00:00,-2,0,35.96113574950244,126.96717354857519,0,199.49190287843203,1.3877122172949485,0.008032190412233237,729.6,0,1.9795461e-05,30,4,R5
2026-07-07 22:00:00,9,1,35.97018224850733,127.08924752569042,0,146.89991701912078,2.9349806054648666,0.05308948946552208,12505.5,0,0.037059262,1,100,R5
2026-07-07 22:00:00,-2,-3,35.93399625248779,126.96717354857519,0,142.00340218541328,4.49046322422254,0.21098827802622308,17461.2,0,0.0346334,2,93,R5
2026-07-07 22:00:00,-1,-3,35.93399625248779,126.97827118285839,0,141.47902795283903,4.624122776585006,0.1765161236121932,17649.3,0,0.004912144,3,13,R5
2026-07-07 22:00:00,-4,-3,35.93399625248779,126.94497828000878,0,143.73481434575524,4.115192992840961,0.21464979148305974,11812.500000000002,0,0.00369294,4,10,R5
2026-07-07 22:00:00,-2,-2,35.94304275149267,126.96717354857519,0,142.03912265569943,4.469473484458716,0.30170651715553387,21535.6,0,0.0030186798,5,8,R5
2026-07-07 22:00:00,0,-1,35.95208925049756,126.9893688171416,0,141.57181259667607,4.580968970525027,0.31110298589656404,34629.9,0,0.002940302,6,8,R5
2026-07-07 22:00:00,-3,-3,35.93399625248779,126.95607591429199,0,142.7773821721437,4.311571336048771,0.015922325932228233,890.8,0,0.0029106562,7,8,R5
2026-07-07 22:00:00,0,0,35.96113574950244,126.9893688171416,0,142.16991605122632,4.380753534350651,0.30941837551533163,47388.6,0,0.002230046,8,6,R5
2026-07-07 22:00:00,-4,-2,35.94304275149267,126.94497828000878,0,143.88930754592462,4.066789543237468,0.0855925814544601,4155.400000000001,0,0.0016800532,9,5,R5
2026-07-07 22:00:00,1,0,35.96113574950244,127.0004664514248,0,142.17133887148407,4.363420777701385,0.3470514415430404,57300.9,1,0.0015173769,10,4,R5
2026-07-07 22:00:00,0,-2,35.94304275149267,126.9893688171416,0,141.34923090357432,4.655248265978316,0.1744389982502411,17057.5,0,0.0013013108,11,4,R5
2026-07-07 22:00:00,-3,-2,35.94304275149267,126.95607591429199,0,142.85669875610859,4.27721799801404,0.030650987398874445,1660.6,0,0.0009178005,12,2,R5
2026-07-07 22:00:00,-1,9,36.04255424054641,126.97827118285839,0,161.11641748214595,1.8921291608267086,0.06480559647307155,43488.799999999996,0,0.0008644096,13,2,R5
2026-07-07 22:00:00,-1,0,35.96113574950244,126.97827118285839,0,142.45959666453297,4.315195577801083,0.2850261448815831,32792.6,0,0.0008606498,14,2,R5
2026-07-07 22:00:00,-5,-2,35.94304275149267,126.93388064572558,0,145.0479978799491,3.8629222360412494,0.34638659534529925,22586.899999999998,0,0.00067865197,15,2,R5
2026-07-07 22:00:00,3,-1,35.95208925049756,127.0226617199912,0,142.44210376662448,4.29883039499993,0.295507894120952,80683.20000000001,0,0.0006500345,16,2,R5
2026-07-07 22:00:00,-6,-2,35.94304275149267,126.92278301144238,0,146.22781692231615,3.681393948821672,0.2597136845091735,21969.699999999997,0,0.00063927734,17,2,R5
2026-07-07 22:00:00,-1,-1,35.95208925049756,126.97827118285839,0,141.82289701416641,4.511158163409943,0.2448196667569116,26585.800000000003,0,0.0006356928,18,2,R5
2026-07-07 22:00:00,-2,-1,35.95208925049756,126.96717354857519,0,142.38728552622086,4.366228257942856,0.24973243136672524,14630.1,0,0.00050134485,19,1,R5
2026-07-07 22:00:00,1,-1,35.95208925049756,127.0004664514248,0,141.61725444193382,4.562498913604566,0.2773052644559254,41377.8,0,0.00039095004,20,1,R5
2026-07-07 22:00:00,-1,8,36.03350774154152,126.97827118285839,0,158.7292246395557,2.0345315054069313,0.09137794303689029,52266.100000000006,0,0.00038652288,21,1,R5
2026-07-07 22:00:00,-2,-4,35.9249497534829,126.96717354857519,0,142.2528399724805,4.445142596792299,0.17453057316003806,19246.899999999994,0,0.00035631374,22,1,R5
2026-07-07 22:00:00,-4,4,35.99732174552198,126.94497828000878,0,155.0379172181067,2.759825443052973,0.0030662177014568037,832.2,0,0.00031433805,23,1,R5
2026-07-07 22:00:00,0,8,36.03350774154152,126.9893688171416,0,154.81874353463263,1.9320467010072497,0.10713747529021016,62636.5,0,0.00030492866,24,1,R5
2026-07-07 22:00:00,-12,-5,35.91590325447802,126.85619720574316,0,148.6853365587736,3.3300981696380623,0.4869949687291069,92070.09999999999,0,0.0003018796,25,1,R5
2026-07-07 22:00:00,3,-2,35.94304275149267,127.0226617199912,0,142.23281791350672,4.4029434470624595,0.18191030100644678,49027.09999999999,0,0.00028920916,26,1,R5
2026-07-07 22:00:00,0,17,36.11492623258549,126.9893688171416,0,159.61812805844204,1.6364705417782792,0.37176615942515756,208644.49999999997,0,0.0002478787,27,1,R5
2026-07-07 22:00:00,-11,-5,35.91590325447802,126.86729484002636,0,148.43551303920674,3.3833741960040893,0.35745113921947375,60235.7,0,0.00021947098,28,1,R5
2026-07-07 22:00:00,-6,-3,35.93399625248779,126.92278301144238,0,145.84909697483295,3.7530146249941865,0.2623632040616744,22830.399999999998,0,0.00018279231,29,0,R5
2026-07-07 22:00:00,0,1,35.97018224850733,126.9893688171416,0,143.03704894370617,4.097106206415151,0.3226085059702389,51023.6,0,0.0001426713,30,0,R5
2026-07-09 22:00:00,-2,-3,35.93399625248779,126.96717354857519,1,62.45971310043876,0.20854331416844377,,,0,0.041741893,1,100,R5
2026-07-09 22:00:00,9,1,35.97018224850733,127.08924752569042,1,109.17472054325037,0.4925133053280954,,,0,0.036680758,2,88,R5
2026-07-09 22:00:00,-4,-3,35.93399625248779,126.94497828000878,1,97.63308214914247,0.4266535429125472,,,0,0.025902094,3,62,R5
2026-07-09 22:00:00,0,0,35.96113574950244,126.9893688171416,1,58.9691988936205,0.20571779374469673,,,0,0.013857461,4,33,R5
2026-07-09 22:00:00,0,-1,35.95208925049756,126.9893688171416,1,26.60755428062663,0.14486354785104716,,,0,0.006973672,5,17,R5
2026-07-09 22:00:00,-2,-2,35.94304275149267,126.96717354857519,1,60.22511601893848,0.20596142033278345,,,0,0.005166385,6,12,R5
2026-07-09 22:00:00,1,0,35.96113574950244,127.0004664514248,1,60.130033100443484,0.2066227375816705,,,0,0.004342564,7,10,R5
2026-07-09 22:00:00,-1,0,35.96113574950244,126.97827118285839,1,67.89789850697866,0.23303224576692785,,,0,0.0037634142,8,9,R5
2026-07-09 22:00:00,3,-1,35.95208925049756,127.0226617199912,1,74.30366275531571,0.23594115316626282,,,0,0.0025136287,9,6,R5
2026-07-09 22:00:00,-3,-3,35.93399625248779,126.95607591429199,1,87.42756197274133,0.30882149140735565,,,0,0.0022717128,10,5,R5
2026-07-09 22:00:00,-1,-1,35.95208925049756,126.97827118285839,1,43.98024734908506,0.17398303961463393,,,0,0.0017258817,11,4,R5
2026-07-09 22:00:00,-6,-2,35.94304275149267,126.92278301144238,1,102.25127111170241,0.6459025555156135,,,0,0.0016191867,12,4,R5
2026-07-09 22:00:00,-5,-2,35.94304275149267,126.93388064572558,1,99.80505094691517,0.5310283239398481,,,0,0.0016034856,13,4,R5
2026-07-09 22:00:00,-1,-3,35.93399625248779,126.97827118285839,1,22.48246771291832,0.13793362042087223,,,0,0.0013518105,14,3,R5
2026-07-09 22:00:00,-2,-1,35.95208925049756,126.96717354857519,1,69.52353967497663,0.23586903817765728,,,0,0.0010281451,15,2,R5
2026-07-09 22:00:00,-4,-2,35.94304275149267,126.94497828000878,1,95.07671940353248,0.4137157978009879,,,0,0.00093642325,16,2,R5
2026-07-09 22:00:00,1,-1,35.95208925049756,127.0004664514248,1,29.908373953459318,0.14988797811801688,,,1,0.00082521146,17,2,R5
2026-07-09 22:00:00,-11,-5,35.91590325447802,126.86729484002636,1,112.9290286502395,1.2938501371299105,0.3075842138213626,51832.399999999994,0,0.0007353833,18,2,R5
2026-07-09 22:00:00,-3,-4,35.9249497534829,126.95607591429199,1,93.73699987078953,0.3486782838134444,,,0,0.0007350636,19,2,R5
2026-07-09 22:00:00,-12,-5,35.91590325447802,126.85619720574316,1,113.4538850883319,1.3736015184250598,0.30827165900762515,58281.09999999999,0,0.0006854045,20,2,R5
2026-07-09 22:00:00,0,-2,35.94304275149267,126.9893688171416,1,10.65443950502231,0.11913997732017753,,,0,0.0006836255,21,2,R5
2026-07-09 22:00:00,3,-2,35.94304275149267,127.0226617199912,1,68.34862961055057,0.21625922240026596,,,0,0.000665927,22,2,R5
2026-07-09 22:00:00,-6,-3,35.93399625248779,126.92278301144238,1,104.65946508109755,0.6726248267859753,,,0,0.0005246462,23,1,R5
2026-07-09 22:00:00,-2,-4,35.9249497534829,126.96717354857519,1,77.38116623049206,0.24843666479673387,,,0,0.0005165284,24,1,R5
2026-07-09 22:00:00,-4,4,35.99732174552198,126.94497828000878,1,84.7417334627313,0.5604138262370771,,,0,0.0004651486,25,1,R5
2026-07-09 22:00:00,-3,-2,35.94304275149267,126.95607591429199,1,84.70748175558941,0.3017022851670428,,,0,0.00033188084,26,1,R5
2026-07-09 22:00:00,-1,8,36.03350774154152,126.97827118285839,1,79.97691243670971,0.4746745938200978,,,0,0.00031359852,27,1,R5
2026-07-09 22:00:00,3,-3,35.93399625248779,127.0226617199912,1,71.60647558438188,0.22116533026059987,,,0,0.00027793448,28,1,R5
2026-07-09 22:00:00,0,1,35.97018224850733,126.9893688171416,1,77.5532125242811,0.2749869338770252,,,0,0.00026639065,29,1,R5
2026-07-09 22:00:00,-1,-4,35.9249497534829,126.97827118285839,1,48.249446843101225,0.17785773309253286,,,0,0.00024798987,30,1,R5
2026-08-11 20:00:00,9,1,35.97018224850733,127.08924752569042,1,46.288780210162486,1.7838923331751073,0.0495242938913231,11665.7,1,0.0009229249,1,100,R5
2026-08-11 20:00:00,-4,-3,35.93399625248779,126.94497828000878,1,48.41798634942859,2.6992252016526854,0.010979166477381137,604.2,0,0.0004465118,2,48,R5
2026-08-11 20:00:00,-2,-3,35.93399625248779,126.96717354857519,1,48.12725337818199,2.8951590029298218,0.15940120180137288,13191.9,0,0.0002571794,3,28,R5
2026-08-11 20:00:00,-2,-2,35.94304275149267,126.96717354857519,1,48.08987143615491,2.8800803985362684,0.021960148110166392,1567.5,0,0.00018663179,4,20,R5
2026-08-11 20:00:00,-5,-2,35.94304275149267,126.93388064572558,1,48.395224870585366,2.543422605188608,0.009702916242378144,632.7,0,0.00015934215,5,17,R5
2026-08-11 20:00:00,1,0,35.96113574950244,127.0004664514248,1,47.980399276546564,2.8097461385625038,0.18177941926426253,30013.2,0,0.000105987274,6,11,R5
2026-08-11 20:00:00,0,-1,35.95208925049756,126.9893688171416,1,48.015571833108936,2.93619248453959,0.18209594001794938,20269.7,0,8.855205e-05,7,10,R5
2026-08-11 20:00:00,-3,-4,35.9249497534829,126.95607591429199,1,48.41123032426418,2.7991312377288557,0.1220085999677403,12405.2,0,8.821648e-05,8,10,R5
2026-08-11 20:00:00,-5,1,35.97018224850733,126.93388064572558,1,48.17939899997873,2.186474424114318,0.23409555533317128,13099.8,0,8.575238e-05,9,9,R5
2026-08-11 20:00:00,-2,0,35.96113574950244,126.96717354857519,1,48.05646230171595,2.703674025890866,0.4552290154071416,41350.50000000001,0,7.245091e-05,10,8,R5
2026-08-11 20:00:00,-1,0,35.96113574950244,126.97827118285839,1,48.022249514318105,2.7832482428808802,0.41786352510882113,48075.700000000004,0,5.9804577e-05,11,6,R5
2026-08-11 20:00:00,-3,-3,35.93399625248779,126.95607591429199,1,48.26027502163214,2.802992892505981,0.12906771814551732,7220.899999999999,0,5.5677912e-05,12,6,R5
2026-08-11 20:00:00,-3,-2,35.94304275149267,126.95607591429199,1,48.18482389189501,2.7766416169813963,0.03955871142554963,2143.2,0,5.5393524e-05,13,6,R5
2026-08-11 20:00:00,2,0,35.96113574950244,127.011564085708,1,47.94613107138042,2.751919135680906,0.10049302199276791,22129.899999999998,0,5.2699645e-05,14,6,R5
2026-08-11 20:00:00,0,17,36.11492623258549,126.9893688171416,1,41.81778358229599,0.9239636887125008,,,0,4.93687e-05,15,5,R5
2026-08-11 20:00:00,0,0,35.96113574950244,126.9893688171416,1,48.00071098294484,2.8206196165568507,0.19137820935556285,29310.3,0,4.738585e-05,16,5,R5
2026-08-11 20:00:00,-1,9,36.04255424054641,126.97827118285839,1,44.93857905360164,1.111297906065395,0.27475738210353534,184380.2,0,4.073246e-05,17,4,R5
2026-08-11 20:00:00,6,-3,35.93399625248779,127.05595462284082,1,48.112670529417585,2.5302613289094853,0.4313815607692972,110379.8,0,3.6870686e-05,18,4,R5
2026-08-11 20:00:00,0,-2,35.94304275149267,126.9893688171416,1,48.012724748849564,2.9769571669136066,0.2409042704957514,23556.8,0,3.2867225e-05,19,4,R5
2026-08-11 20:00:00,-4,-2,35.94304275149267,126.94497828000878,1,48.29691071377323,2.6598447634912388,0.030408703855517985,1476.3000000000002,0,3.1589738e-05,20,3,R5
2026-08-11 20:00:00,-6,-2,35.94304275149267,126.92278301144238,1,48.43983909763335,2.437600620940299,0.028367930773595614,2399.7,0,3.0653184e-05,21,3,R5
2026-08-11 20:00:00,-3,0,35.96113574950244,126.95607591429199,1,48.10685832364703,2.5937336170156944,0.33130320269913266,16428.100000000002,0,2.8525208e-05,22,3,R5
2026-08-11 20:00:00,1,-1,35.95208925049756,127.0004664514248,1,48.010593056227265,2.9257930001939334,0.1791542208869281,26732.3,0,2.7434435e-05,23,3,R5
2026-08-11 20:00:00,2,1,35.97018224850733,127.011564085708,1,47.806035314325584,2.575360462525824,0.09661876909263671,19391.300000000003,0,2.642868e-05,24,3,R5
2026-08-11 20:00:00,-1,-1,35.95208925049756,126.97827118285839,1,48.03441018988735,2.8984815749211967,0.2701084964647944,29332.000000000004,0,2.6240848e-05,25,3,R5
2026-08-11 20:00:00,0,8,36.03350774154152,126.9893688171416,1,44.049046408589504,1.1523474205032154,0.2651477404685679,155015.1,0,2.273637e-05,26,2,R5
2026-08-11 20:00:00,-1,8,36.03350774154152,126.97827118285839,1,45.51120340503314,1.2082388143636706,0.18288508702794445,104606.1,0,1.9102057e-05,27,2,R5
2026-08-11 20:00:00,-6,-3,35.93399625248779,126.92278301144238,1,48.64115035500589,2.503383422236035,0.005633297823561252,490.2,0,1.8478166e-05,28,2,R5
2026-08-11 20:00:00,3,-2,35.94304275149267,127.0226617199912,1,48.035927525233944,2.839332782545218,0.2781607532118176,74967.79999999999,0,1.6118314e-05,29,2,R5
2026-08-11 20:00:00,-4,4,35.99732174552198,126.94497828000878,1,48.11657393912469,1.7050156232822389,0.36407153328938985,98812.4,0,1.5506286e-05,30,2,R5
2026-08-11 23:00:00,9,1,35.97018224850733,127.08924752569042,0,55.98158905076696,2.0176331466359656,0.0495242938913231,11665.7,1,0.0024484529,1,100,R5
2026-08-11 23:00:00,-4,-3,35.93399625248779,126.94497828000878,0,58.03841062857822,3.0845453714151336,0.16503457110927378,9082.1,0,0.0007571047,2,31,R5
2026-08-11 23:00:00,-5,-2,35.94304275149267,126.93388064572558,0,58.88015072611688,2.8510144602456817,0.011014121139996811,718.2,0,0.00022008333,3,9,R5
2026-08-11 23:00:00,-2,-3,35.93399625248779,126.96717354857519,0,56.331331992586,3.427840629945023,0.3189606943526452,26396.899999999998,0,0.0002075644,4,8,R5
2026-08-11 23:00:00,-2,-2,35.94304275149267,126.96717354857519,0,56.26963850971157,3.412894065191105,0.1251609360136622,8933.9,0,0.00019743347,5,8,R5
2026-08-11 23:00:00,-5,1,35.97018224850733,126.93388064572558,0,59.0193712609277,2.453481578876131,0.18801912822199032,10521.400000000001,0,0.00013542785,6,6,R5
2026-08-11 23:00:00,0,-1,35.95208925049756,126.9893688171416,0,55.89262607783036,3.5070651526244996,0.29740022081817724,33104.600000000006,0,9.502331e-05,7,4,R5
2026-08-11 23:00:00,1,0,35.96113574950244,127.0004664514248,0,56.10648692686141,3.3345982441006567,0.16339930639255082,26978.5,0,9.29468e-05,8,4,R5
2026-08-11 23:00:00,-3,-4,35.9249497534829,126.95607591429199,0,57.478280487383756,3.2410234303480547,0.1359678110997022,13824.5,0,8.623142e-05,9,4,R5
2026-08-11 23:00:00,0,17,36.11492623258549,126.9893688171416,0,52.571722713421764,1.0378533469940172,0.11630805535960527,65275.0,0,5.0547504e-05,10,2,R5
2026-08-11 23:00:00,-3,-2,35.94304275149267,126.95607591429199,0,56.903457668030455,3.2458648238581906,0.14590689527240913,7904.9,0,5.00103e-05,11,2,R5
2026-08-11 23:00:00,0,0,35.96113574950244,126.9893688171416,0,56.13639772163992,3.3472529261511625,0.23346923158289248,35756.7,0,4.221893e-05,12,2,R5
2026-08-11 23:00:00,2,0,35.96113574950244,127.011564085708,0,56.16707094155714,3.257337990306088,0.18659090981334914,41089.799999999996,0,4.1939766e-05,13,2,R5
2026-08-11 23:00:00,0,-2,35.94304275149267,126.9893688171416,0,55.78804689225689,3.5651372057471744,0.3129726573325739,30604.000000000004,0,3.9143863e-05,14,2,R5
2026-08-11 23:00:00,6,-3,35.93399625248779,127.05595462284082,0,57.30022954665162,2.91840440492369,0.34690245357989113,88763.70000000001,0,3.708362e-05,15,2,R5
2026-08-11 23:00:00,-1,0,35.96113574950244,126.97827118285839,0,56.30239955564048,3.2916162949223984,0.24687182749940892,28402.899999999998,0,3.323331e-05,16,1,R5
2026-08-11 23:00:00,-3,-3,35.93399625248779,126.95607591429199,0,57.044829900325055,3.2696918167133653,0.2698037056764844,15094.599999999999,0,3.243575e-05,17,1,R5
2026-08-11 23:00:00,-2,0,35.96113574950244,126.96717354857519,0,56.64285160622626,3.1745239713168654,0.38957114312293245,35386.50000000001,0,2.9775392e-05,18,1,R5
2026-08-11 23:00:00,-3,0,35.96113574950244,126.95607591429199,0,57.179850961018474,3.011675824925238,0.33124673548943967,16425.300000000003,0,2.8449585e-05,19,1,R5
2026-08-11 23:00:00,-1,9,36.04255424054641,126.97827118285839,0,55.894577170085086,1.2715509679667252,0.22542449284011765,151274.59999999998,0,2.827625e-05,20,1,R5
2026-08-11 23:00:00,-4,-2,35.94304275149267,126.94497828000878,0,57.78584376492995,3.051653926493583,0.03275686631540354,1590.3,0,2.7979688e-05,21,1,R5
2026-08-11 23:00:00,1,-1,35.95208925049756,127.0004664514248,0,55.901452693924284,3.493209461178458,0.26899839760236816,40138.3,0,2.3020255e-05,22,1,R5
2026-08-11 23:00:00,-1,-3,35.93399625248779,126.97827118285839,0,55.90166025452851,3.539472912055511,0.5047331200387251,50466.7,0,2.2138862e-05,23,1,R5
2026-08-11 23:00:00,-6,-2,35.94304275149267,126.92278301144238,0,60.11889080101753,2.6599453699213367,0.010511632305655383,889.2,0,2.195603e-05,24,1,R5
2026-08-11 23:00:00,-1,-1,35.95208925049756,126.97827118285839,0,56.04413257772575,3.45033105167117,0.24808597944258123,26940.5,0,1.9275974e-05,25,1,R5
2026-08-11 23:00:00,2,1,35.97018224850733,127.011564085708,0,56.288151707589805,3.0284105163446706,0.1415342669698071,28405.800000000007,0,1.8500481e-05,26,1,R5
2026-08-11 23:00:00,-6,-3,35.93399625248779,126.92278301144238,0,60.66382168583323,2.706983876568623,0.08033022938853093,6990.2,0,1.6368578e-05,27,1,R5
2026-08-11 23:00:00,0,8,36.03350774154152,126.9893688171416,0,54.1287707289643,1.3193616486841284,0.24459172679375066,142997.29999999996,0,1.4356586e-05,28,1,R5
2026-08-11 23:00:00,-1,8,36.03350774154152,126.97827118285839,0,56.403944851818096,1.3802982849313923,0.19582109216940818,112005.20000000003,0,1.3825761e-05,29,1,R5
2026-08-11 23:00:00,-4,4,35.99732174552198,126.94497828000878,0,59.480953444161344,1.9294527636966985,0.27203157739989015,73831.9,0,1.1559091e-05,30,0,R5
