event_hour,hour,grid_x,grid_y,risk_score,rank,train_end
2024-07-17 21:00:00,2024-07-17 20:00:00,9,1,0.7023792,1,2024-01-01
2024-07-17 21:00:00,2024-07-17 20:00:00,-12,-5,0.08255074,2,2024-01-01
2024-07-17 21:00:00,2024-07-17 20:00:00,0,-1,0.05085473,3,2024-01-01
2024-07-17 21:00:00,2024-07-17 20:00:00,0,0,0.022247076,4,2024-01-01
2024-07-17 21:00:00,2024-07-17 20:00:00,-3,-3,0.016370425,5,2024-01-01
2024-07-17 21:00:00,2024-07-17 20:00:00,-11,-5,0.012834978,6,2024-01-01
2024-07-17 21:00:00,2024-07-17 20:00:00,-1,0,0.010706507,7,2024-01-01
2024-07-17 21:00:00,2024-07-17 20:00:00,-2,-3,0.0097711,8,2024-01-01
2024-07-17 21:00:00,2024-07-17 20:00:00,-2,-2,0.009472773,9,2024-01-01
2024-07-17 21:00:00,2024-07-17 20:00:00,-2,-4,0.0076130736,10,2024-01-01
2024-07-17 21:00:00,2024-07-17 20:00:00,-5,-2,0.0070276833,11,2024-01-01
2024-07-17 21:00:00,2024-07-17 20:00:00,-4,-2,0.0067948904,12,2024-01-01
2024-07-17 21:00:00,2024-07-17 20:00:00,10,3,0.0060591716,13,2024-01-01
2024-07-17 21:00:00,2024-07-17 20:00:00,-1,-1,0.005874541,14,2024-01-01
2024-07-17 21:00:00,2024-07-17 20:00:00,-2,-1,0.0053525637,15,2024-01-01
2024-07-17 21:00:00,2024-07-17 20:00:00,0,-2,0.0048694317,16,2024-01-01
2024-07-17 21:00:00,2024-07-17 20:00:00,-2,0,0.0048170104,17,2024-01-01
2024-07-17 21:00:00,2024-07-17 20:00:00,6,-3,0.004432529,18,2024-01-01
2024-07-17 21:00:00,2024-07-17 20:00:00,6,-4,0.004044918,19,2024-01-01
2024-07-17 21:00:00,2024-07-17 20:00:00,-3,11,0.0036656999,20,2024-01-01
2024-07-17 21:00:00,2024-07-17 20:00:00,0,8,0.0034569583,21,2024-01-01
2024-07-17 21:00:00,2024-07-17 20:00:00,-4,-3,0.0034128968,22,2024-01-01
2024-07-17 21:00:00,2024-07-17 20:00:00,1,-1,0.0028121623,23,2024-01-01
2024-07-17 21:00:00,2024-07-17 20:00:00,9,2,0.0026541855,24,2024-01-01
2024-07-17 21:00:00,2024-07-17 20:00:00,1,0,0.0024929692,25,2024-01-01
2024-07-17 21:00:00,2024-07-17 20:00:00,-3,13,0.0019415476,26,2024-01-01
2024-07-17 21:00:00,2024-07-17 20:00:00,-3,-4,0.001859759,27,2024-01-01
2024-07-17 21:00:00,2024-07-17 20:00:00,5,-2,0.001403299,28,2024-01-01
2024-07-17 21:00:00,2024-07-17 20:00:00,0,12,0.0014031073,29,2024-01-01
2024-07-17 21:00:00,2024-07-17 20:00:00,0,17,0.0012965645,30,2024-01-01
2024-07-17 21:00:00,2024-07-17 20:00:00,8,-1,0.0011754018,31,2024-01-01
2024-07-17 21:00:00,2024-07-17 20:00:00,2,-1,0.0011564001,32,2024-01-01
2024-07-17 21:00:00,2024-07-17 20:00:00,-4,-1,0.0010936918,33,2024-01-01
2024-07-17 21:00:00,2024-07-17 20:00:00,4,-1,0.00094958284,34,2024-01-01
2024-07-17 21:00:00,2024-07-17 20:00:00,2,1,0.0007611222,35,2024-01-01
2024-07-17 21:00:00,2024-07-17 20:00:00,3,1,0.0006887636,36,2024-01-01
2024-07-17 21:00:00,2024-07-17 20:00:00,-5,-1,0.0006622931,37,2024-01-01
2024-07-17 21:00:00,2024-07-17 20:00:00,7,-5,0.00051583507,38,2024-01-01
2024-07-17 21:00:00,2024-07-17 20:00:00,-3,-1,0.0004968538,39,2024-01-01
2024-07-17 21:00:00,2024-07-17 20:00:00,-5,-3,0.0004669606,40,2024-01-01
2024-07-17 21:00:00,2024-07-17 20:00:00,-4,0,0.00045545233,41,2024-01-01
2024-07-17 21:00:00,2024-07-17 20:00:00,-7,1,0.00044797096,42,2024-01-01
2024-07-17 21:00:00,2024-07-17 20:00:00,-1,-3,0.00043466804,43,2024-01-01
2024-07-17 21:00:00,2024-07-17 20:00:00,-3,0,0.00039443755,44,2024-01-01
2024-07-17 21:00:00,2024-07-17 20:00:00,-1,1,0.00033603734,45,2024-01-01
2024-07-17 21:00:00,2024-07-17 20:00:00,1,-2,0.00033470496,46,2024-01-01
2024-07-17 21:00:00,2024-07-17 20:00:00,3,0,0.0003247365,47,2024-01-01
2024-07-17 21:00:00,2024-07-17 20:00:00,1,6,0.0003244858,48,2024-01-01
2024-07-17 21:00:00,2024-07-17 20:00:00,-1,6,0.00031014907,49,2024-01-01
2024-07-17 21:00:00,2024-07-17 20:00:00,-1,8,0.00030405037,50,2024-01-01
2024-07-17 21:00:00,2024-07-17 20:00:00,-9,-5,0.00030057534,51,2024-01-01
2024-07-17 21:00:00,2024-07-17 20:00:00,7,-4,0.0002645691,52,2024-01-01
2024-07-17 21:00:00,2024-07-17 20:00:00,6,5,0.00026100504,53,2024-01-01
2024-07-17 21:00:00,2024-07-17 20:00:00,0,-6,0.0002515727,54,2024-01-01
2024-07-17 21:00:00,2024-07-17 20:00:00,1,-7,0.00025125974,55,2024-01-01
2024-07-17 21:00:00,2024-07-17 20:00:00,-9,-1,0.00025040004,56,2024-01-01
2024-07-17 21:00:00,2024-07-17 20:00:00,2,-7,0.00025021046,57,2024-01-01
2024-07-17 21:00:00,2024-07-17 20:00:00,-4,-4,0.00024344375,58,2024-01-01
2024-07-17 21:00:00,2024-07-17 20:00:00,-4,10,0.0002402625,59,2024-01-01
2024-07-17 21:00:00,2024-07-17 20:00:00,-1,18,0.00023830273,60,2024-01-01
2024-07-17 21:00:00,2024-07-17 20:00:00,0,18,0.00023830273,61,2024-01-01
2024-07-17 21:00:00,2024-07-17 20:00:00,-3,-2,0.00023578142,62,2024-01-01
2024-07-17 21:00:00,2024-07-17 20:00:00,1,9,0.00023047457,63,2024-01-01
2024-07-17 21:00:00,2024-07-17 20:00:00,-7,-1,0.0002278204,64,2024-01-01
2024-07-17 21:00:00,2024-07-17 20:00:00,-2,15,0.00022745186,65,2024-01-01
2024-07-17 21:00:00,2024-07-17 20:00:00,-2,13,0.00021952212,66,2024-01-01
2024-07-17 21:00:00,2024-07-17 20:00:00,-5,-4,0.00020237727,67,2024-01-01
2024-07-17 21:00:00,2024-07-17 20:00:00,-1,-6,0.00019446861,68,2024-01-01
2024-07-17 21:00:00,2024-07-17 20:00:00,7,4,0.00019353977,69,2024-01-01
2024-07-17 21:00:00,2024-07-17 20:00:00,-6,4,0.00019271304,70,2024-01-01
2024-07-17 21:00:00,2024-07-17 20:00:00,8,1,0.0001887809,71,2024-01-01
2024-07-17 21:00:00,2024-07-17 20:00:00,9,3,0.0001753281,72,2024-01-01
2024-07-17 21:00:00,2024-07-17 20:00:00,-1,-7,0.00017364114,73,2024-01-01
2024-07-17 21:00:00,2024-07-17 20:00:00,7,11,0.00016899682,74,2024-01-01
2024-07-17 21:00:00,2024-07-17 20:00:00,6,11,0.00016891428,75,2024-01-01
2024-07-17 21:00:00,2024-07-17 20:00:00,10,-1,0.00016378134,76,2024-01-01
2024-07-17 21:00:00,2024-07-17 20:00:00,-9,6,0.0001618655,77,2024-01-01
2024-07-17 21:00:00,2024-07-17 20:00:00,-3,1,0.00015748852,78,2024-01-01
2024-07-17 21:00:00,2024-07-17 20:00:00,-10,8,0.00015644055,79,2024-01-01
2024-07-17 21:00:00,2024-07-17 20:00:00,-9,-4,0.00015488267,80,2024-01-01
2024-07-17 21:00:00,2024-07-17 20:00:00,6,6,0.00015079108,81,2024-01-01
2024-07-17 21:00:00,2024-07-17 20:00:00,-8,6,0.00015024055,82,2024-01-01
2024-07-17 21:00:00,2024-07-17 20:00:00,-10,10,0.00014933346,83,2024-01-01
2024-07-17 21:00:00,2024-07-17 20:00:00,-10,-4,0.00014544946,84,2024-01-01
2024-07-17 21:00:00,2024-07-17 20:00:00,-11,-6,0.00014538511,85,2024-01-01
2024-07-17 21:00:00,2024-07-17 20:00:00,-10,-3,0.00014453683,86,2024-01-01
2024-07-17 21:00:00,2024-07-17 20:00:00,-6,8,0.00014365734,87,2024-01-01
2024-07-17 21:00:00,2024-07-17 20:00:00,6,3,0.00014347797,88,2024-01-01
2024-07-17 21:00:00,2024-07-17 20:00:00,-1,5,0.00014275571,89,2024-01-01
2024-07-17 21:00:00,2024-07-17 20:00:00,-6,15,0.00014013897,90,2024-01-01
2024-07-17 21:00:00,2024-07-17 20:00:00,3,17,0.00013940549,91,2024-01-01
2024-07-17 21:00:00,2024-07-17 20:00:00,2,8,0.00013863825,92,2024-01-01
2024-07-17 21:00:00,2024-07-17 20:00:00,-5,15,0.00013801544,93,2024-01-01
2024-07-17 21:00:00,2024-07-17 20:00:00,-5,11,0.00013777259,94,2024-01-01
2024-07-17 21:00:00,2024-07-17 20:00:00,9,0,0.00013691305,95,2024-01-01
2024-07-17 21:00:00,2024-07-17 20:00:00,2,-6,0.00013683371,96,2024-01-01
2024-07-17 21:00:00,2024-07-17 20:00:00,-5,9,0.0001365415,97,2024-01-01
2024-07-17 21:00:00,2024-07-17 20:00:00,-5,10,0.0001365415,98,2024-01-01
2024-07-17 21:00:00,2024-07-17 20:00:00,10,5,0.00013526848,99,2024-01-01
2024-07-17 21:00:00,2024-07-17 20:00:00,-6,-3,0.00013288147,100,2024-01-01
2024-07-17 21:00:00,2024-07-17 20:00:00,4,14,0.00013176426,101,2024-01-01
2024-07-17 21:00:00,2024-07-17 20:00:00,2,20,0.00013125024,102,2024-01-01
2024-07-17 21:00:00,2024-07-17 20:00:00,8,0,0.00013101846,103,2024-01-01
2024-07-17 21:00:00,2024-07-17 20:00:00,1,20,0.00013016288,104,2024-01-01
2024-07-17 21:00:00,2024-07-17 20:00:00,-3,15,0.00012874305,105,2024-01-01
2024-07-17 21:00:00,2024-07-17 20:00:00,1,8,0.00012821319,106,2024-01-01
2024-07-17 21:00:00,2024-07-17 20:00:00,-4,12,0.00012758424,107,2024-01-01
2024-07-17 21:00:00,2024-07-17 20:00:00,7,1,0.00012705794,108,2024-01-01
2024-07-17 21:00:00,2024-07-17 20:00:00,4,-4,0.00012481147,109,2024-01-01
2024-07-17 21:00:00,2024-07-17 20:00:00,0,11,0.00012436126,110,2024-01-01
2024-07-17 21:00:00,2024-07-17 20:00:00,0,13,0.00012436126,111,2024-01-01
2024-07-17 21:00:00,2024-07-17 20:00:00,0,14,0.00012436126,112,2024-01-01
2024-07-17 21:00:00,2024-07-17 20:00:00,-2,16,0.00012422753,113,2024-01-01
2024-07-17 21:00:00,2024-07-17 20:00:00,2,9,0.00012360851,114,2024-01-01
2024-07-17 21:00:00,2024-07-17 20:00:00,0,19,0.00012212625,115,2024-01-01
2024-07-17 21:00:00,2024-07-17 20:00:00,1,19,0.00012212625,116,2024-01-01
2024-07-17 21:00:00,2024-07-17 20:00:00,-6,-2,0.0001215497,117,2024-01-01
2024-07-17 21:00:00,2024-07-17 20:00:00,-1,16,0.00012139109,118,2024-01-01
2024-07-17 21:00:00,2024-07-17 20:00:00,-1,15,0.000120723555,119,2024-01-01
2024-07-17 21:00:00,2024-07-17 20:00:00,0,9,0.00012060319,120,2024-01-01
2024-07-17 21:00:00,2024-07-17 20:00:00,-1,11,0.000120528486,121,2024-01-01
2024-07-17 21:00:00,2024-07-17 20:00:00,-1,13,0.00011988468,122,2024-01-01
2024-07-17 21:00:00,2024-07-17 20:00:00,-3,14,0.0001190989,123,2024-01-01
2024-07-17 21:00:00,2024-07-17 20:00:00,1,11,0.00011898528,124,2024-01-01
2024-07-17 21:00:00,2024-07-17 20:00:00,-3,12,0.00011880203,125,2024-01-01
2024-07-17 21:00:00,2024-07-17 20:00:00,-2,11,0.00011880203,126,2024-01-01
2024-07-17 21:00:00,2024-07-17 20:00:00,-1,-4,0.00011760562,127,2024-01-01
2024-07-17 21:00:00,2024-07-17 20:00:00,-2,-5,0.000106422376,128,2024-01-01
2024-07-17 21:00:00,2024-07-17 20:00:00,-9,0,0.000104631705,129,2024-01-01
2024-07-17 21:00:00,2024-07-17 20:00:00,0,-3,0.00010376412,130,2024-01-01
2024-07-17 21:00:00,2024-07-17 20:00:00,-5,1,0.000103500926,131,2024-01-01
2024-07-17 21:00:00,2024-07-17 20:00:00,0,-5,0.00010107903,132,2024-01-01
2024-07-17 21:00:00,2024-07-17 20:00:00,-4,-5,0.00010008625,133,2024-01-01
2024-07-17 21:00:00,2024-07-17 20:00:00,-1,-2,9.868041e-05,134,2024-01-01
2024-07-17 21:00:00,2024-07-17 20:00:00,1,-5,9.737812e-05,135,2024-01-01
2024-07-17 21:00:00,2024-07-17 20:00:00,-5,-5,9.683662e-05,136,2024-01-01
2024-07-17 21:00:00,2024-07-17 20:00:00,-4,19,9.385723e-05,137,2024-01-01
2024-07-17 21:00:00,2024-07-17 20:00:00,10,0,9.144837e-05,138,2024-01-01
2024-07-17 21:00:00,2024-07-17 20:00:00,-6,1,8.975077e-05,139,2024-01-01
2024-07-17 21:00:00,2024-07-17 20:00:00,-4,17,8.861977e-05,140,2024-01-01
2024-07-17 21:00:00,2024-07-17 20:00:00,-5,2,8.724149e-05,141,2024-01-01
2024-07-17 21:00:00,2024-07-17 20:00:00,1,1,8.5021726e-05,142,2024-01-01
2024-07-17 21:00:00,2024-07-17 20:00:00,-5,0,8.494838e-05,143,2024-01-01
2024-07-17 21:00:00,2024-07-17 20:00:00,-1,2,8.4926236e-05,144,2024-01-01
2024-07-17 21:00:00,2024-07-17 20:00:00,5,3,8.3582236e-05,145,2024-01-01
2024-07-17 21:00:00,2024-07-17 20:00:00,3,-2,8.273421e-05,146,2024-01-01
2024-07-17 21:00:00,2024-07-17 20:00:00,0,1,8.235837e-05,147,2024-01-01
2024-07-17 21:00:00,2024-07-17 20:00:00,1,2,8.2084014e-05,148,2024-01-01
2024-07-17 21:00:00,2024-07-17 20:00:00,1,-3,8.181258e-05,149,2024-01-01
2024-07-17 21:00:00,2024-07-17 20:00:00,2,-2,8.1725324e-05,150,2024-01-01
2024-07-17 21:00:00,2024-07-17 20:00:00,7,-1,7.805667e-05,151,2024-01-01
2024-07-17 21:00:00,2024-07-17 20:00:00,2,-3,7.724924e-05,152,2024-01-01
2024-07-17 21:00:00,2024-07-17 20:00:00,4,1,7.642531e-05,153,2024-01-01
2024-07-17 21:00:00,2024-07-17 20:00:00,-5,4,7.520228e-05,154,2024-01-01
2024-07-17 21:00:00,2024-07-17 20:00:00,-4,4,7.514239e-05,155,2024-01-01
2024-07-17 21:00:00,2024-07-17 20:00:00,9,-2,7.404157e-05,156,2024-01-01
2024-07-17 21:00:00,2024-07-17 20:00:00,-1,3,7.3001844e-05,157,2024-01-01
2024-07-17 21:00:00,2024-07-17 20:00:00,1,5,7.2940486e-05,158,2024-01-01
2024-07-17 21:00:00,2024-07-17 20:00:00,2,0,7.228273e-05,159,2024-01-01
2024-07-17 21:00:00,2024-07-17 20:00:00,5,2,7.1384005e-05,160,2024-01-01
2024-07-17 21:00:00,2024-07-17 20:00:00,-4,8,7.0592854e-05,161,2024-01-01
2024-07-17 21:00:00,2024-07-17 20:00:00,-3,7,7.058471e-05,162,2024-01-01
2024-07-17 21:00:00,2024-07-17 20:00:00,3,-3,7.057632e-05,163,2024-01-01
2024-07-17 21:00:00,2024-07-17 20:00:00,8,-4,6.934052e-05,164,2024-01-01
2024-07-17 21:00:00,2024-07-17 20:00:00,-2,8,6.914934e-05,165,2024-01-01
2024-07-17 21:00:00,2024-07-17 20:00:00,-4,5,6.832356e-05,166,2024-01-01
2024-07-17 21:00:00,2024-07-17 20:00:00,-1,7,6.742354e-05,167,2024-01-01
2024-07-17 21:00:00,2024-07-17 20:00:00,-3,18,6.7365225e-05,168,2024-01-01
2024-07-17 21:00:00,2024-07-17 20:00:00,2,7,6.6451015e-05,169,2024-01-01
2024-07-17 21:00:00,2024-07-17 20:00:00,8,-3,6.446181e-05,170,2024-01-01
2024-07-17 21:00:00,2024-07-17 20:00:00,-2,1,6.258363e-05,171,2024-01-01
2024-07-17 21:00:00,2024-07-17 20:00:00,3,-1,6.2293984e-05,172,2024-01-01
2024-07-17 21:00:00,2024-07-17 20:00:00,5,-1,5.9118018e-05,173,2024-01-01
2024-07-17 21:00:00,2024-07-17 20:00:00,0,5,5.8556296e-05,174,2024-01-01
2024-07-17 21:00:00,2024-07-17 20:00:00,4,-6,5.8023812e-05,175,2024-01-01
2024-07-17 21:00:00,2024-07-17 20:00:00,-2,10,5.7829227e-05,176,2024-01-01
2024-07-17 21:00:00,2024-07-17 20:00:00,-3,8,5.70027e-05,177,2024-01-01
2024-07-17 21:00:00,2024-07-17 20:00:00,-3,2,5.6874847e-05,178,2024-01-01
2024-07-17 21:00:00,2024-07-17 20:00:00,-2,3,5.6478708e-05,179,2024-01-01
2024-07-17 21:00:00,2024-07-17 20:00:00,-4,2,5.6361485e-05,180,2024-01-01
2024-07-17 21:00:00,2024-07-17 20:00:00,-4,3,5.6339446e-05,181,2024-01-01
2024-07-17 21:00:00,2024-07-17 20:00:00,5,-4,5.5121694e-05,182,2024-01-01
2024-07-17 21:00:00,2024-07-17 20:00:00,5,-3,5.5121694e-05,183,2024-01-01
2024-07-17 21:00:00,2024-07-17 20:00:00,-1,9,5.2423886e-05,184,2024-01-01
2024-07-17 21:00:00,2024-07-17 20:00:00,-2,9,5.0065388e-05,185,2024-01-01
2024-07-17 21:00:00,2024-07-17 20:00:00,-3,9,4.9738188e-05,186,2024-01-01
2024-07-17 22:00:00,2024-07-17 21:00:00,9,1,0.56408256,1,2024-01-01
2024-07-17 22:00:00,2024-07-17 21:00:00,0,-1,0.19495158,2,2024-01-01
2024-07-17 22:00:00,2024-07-17 21:00:00,-1,0,0.09800154,3,2024-01-01
2024-07-17 22:00:00,2024-07-17 21:00:00,-12,-5,0.07508033,4,2024-01-01
2024-07-17 22:00:00,2024-07-17 21:00:00,0,0,0.051030397,5,2024-01-01
2024-07-17 22:00:00,2024-07-17 21:00:00,-1,-1,0.03000708,6,2024-01-01
2024-07-17 22:00:00,2024-07-17 21:00:00,-2,-3,0.025439128,7,2024-01-01
2024-07-17 22:00:00,2024-07-17 21:00:00,-5,-2,0.025362605,8,2024-01-01
2024-07-17 22:00:00,2024-07-17 21:00:00,-2,-2,0.025208754,9,2024-01-01
2024-07-17 22:00:00,2024-07-17 21:00:00,-2,-4,0.024132604,10,2024-01-01
2024-07-17 22:00:00,2024-07-17 21:00:00,-3,-3,0.021048337,11,2024-01-01
2024-07-17 22:00:00,2024-07-17 21:00:00,0,-2,0.017675333,12,2024-01-01
2024-07-17 22:00:00,2024-07-17 21:00:00,-4,-2,0.017019661,13,2024-01-01
2024-07-17 22:00:00,2024-07-17 21:00:00,-2,-1,0.014188805,14,2024-01-01
2024-07-17 22:00:00,2024-07-17 21:00:00,6,-3,0.009187655,15,2024-01-01
2024-07-17 22:00:00,2024-07-17 21:00:00,-2,0,0.007847256,16,2024-01-01
2024-07-17 22:00:00,2024-07-17 21:00:00,-11,-5,0.0069418643,17,2024-01-01
2024-07-17 22:00:00,2024-07-17 21:00:00,-3,-4,0.005603722,18,2024-01-01
2024-07-17 22:00:00,2024-07-17 21:00:00,10,3,0.004769786,19,2024-01-01
2024-07-17 22:00:00,2024-07-17 21:00:00,-4,-3,0.004672915,20,2024-01-01
2024-07-17 22:00:00,2024-07-17 21:00:00,1,0,0.0037710927,21,2024-01-01
2024-07-17 22:00:00,2024-07-17 21:00:00,6,-4,0.0028267081,22,2024-01-01
2024-07-17 22:00:00,2024-07-17 21:00:00,-3,11,0.0021407397,23,2024-01-01
2024-07-17 22:00:00,2024-07-17 21:00:00,-4,-1,0.0019667528,24,2024-01-01
2024-07-17 22:00:00,2024-07-17 21:00:00,0,8,0.0019403993,25,2024-01-01
2024-07-17 22:00:00,2024-07-17 21:00:00,9,2,0.0017503343,26,2024-01-01
2024-07-17 22:00:00,2024-07-17 21:00:00,1,-1,0.0016530046,27,2024-01-01
2024-07-17 22:00:00,2024-07-17 21:00:00,5,-2,0.0011275598,28,2024-01-01
2024-07-17 22:00:00,2024-07-17 21:00:00,-3,13,0.0010977071,29,2024-01-01
2024-07-17 22:00:00,2024-07-17 21:00:00,0,12,0.0009865132,30,2024-01-01
2024-07-17 22:00:00,2024-07-17 21:00:00,2,-1,0.0008533247,31,2024-01-01
2024-07-17 22:00:00,2024-07-17 21:00:00,8,-1,0.000835221,32,2024-01-01
2024-07-17 22:00:00,2024-07-17 21:00:00,0,17,0.0008004708,33,2024-01-01
2024-07-17 22:00:00,2024-07-17 21:00:00,4,-1,0.00057039753,34,2024-01-01
2024-07-17 22:00:00,2024-07-17 21:00:00,-5,-1,0.0005467715,35,2024-01-01
2024-07-17 22:00:00,2024-07-17 21:00:00,-3,-1,0.0004704407,36,2024-01-01
2024-07-17 22:00:00,2024-07-17 21:00:00,7,-5,0.00041732658,37,2024-01-01
2024-07-17 22:00:00,2024-07-17 21:00:00,-4,0,0.00040455404,38,2024-01-01
2024-07-17 22:00:00,2024-07-17 21:00:00,-1,-3,0.000358079,39,2024-01-01
2024-07-17 22:00:00,2024-07-17 21:00:00,-5,-3,0.00032405078,40,2024-01-01
2024-07-17 22:00:00,2024-07-17 21:00:00,-3,0,0.00030459947,41,2024-01-01
2024-07-17 22:00:00,2024-07-17 21:00:00,-7,1,0.00030222908,42,2024-01-01
2024-07-17 22:00:00,2024-07-17 21:00:00,3,1,0.00029426976,43,2024-01-01
2024-07-17 22:00:00,2024-07-17 21:00:00,2,1,0.00029177198,44,2024-01-01
2024-07-17 22:00:00,2024-07-17 21:00:00,-1,1,0.00028755175,45,2024-01-01
2024-07-17 22:00:00,2024-07-17 21:00:00,1,-2,0.00027691212,46,2024-01-01
2024-07-17 22:00:00,2024-07-17 21:00:00,-3,-2,0.00026403324,47,2024-01-01
2024-07-17 22:00:00,2024-07-17 21:00:00,3,0,0.00023635935,48,2024-01-01
2024-07-17 22:00:00,2024-07-17 21:00:00,1,6,0.00023344543,49,2024-01-01
2024-07-17 22:00:00,2024-07-17 21:00:00,-9,-1,0.00022793589,50,2024-01-01
2024-07-17 22:00:00,2024-07-17 21:00:00,-1,6,0.00022722913,51,2024-01-01
2024-07-17 22:00:00,2024-07-17 21:00:00,-1,8,0.00021271745,52,2024-01-01
2024-07-17 22:00:00,2024-07-17 21:00:00,7,-4,0.00020644201,53,2024-01-01
2024-07-17 22:00:00,2024-07-17 21:00:00,1,-7,0.00019811695,54,2024-01-01
2024-07-17 22:00:00,2024-07-17 21:00:00,2,-7,0.00019811695,55,2024-01-01
2024-07-17 22:00:00,2024-07-17 21:00:00,6,5,0.00019474409,56,2024-01-01
2024-07-17 22:00:00,2024-07-17 21:00:00,0,-6,0.00018662038,57,2024-01-01
2024-07-17 22:00:00,2024-07-17 21:00:00,-1,-7,0.00018364297,58,2024-01-01
2024-07-17 22:00:00,2024-07-17 21:00:00,-7,-1,0.00017772969,59,2024-01-01
2024-07-17 22:00:00,2024-07-17 21:00:00,-9,-5,0.00017647078,60,2024-01-01
2024-07-17 22:00:00,2024-07-17 21:00:00,-4,-4,0.00017244364,61,2024-01-01
2024-07-17 22:00:00,2024-07-17 21:00:00,2,20,0.00017133962,62,2024-01-01
2024-07-17 22:00:00,2024-07-17 21:00:00,7,11,0.00016407498,63,2024-01-01
2024-07-17 22:00:00,2024-07-17 21:00:00,7,4,0.00016305,64,2024-01-01
2024-07-17 22:00:00,2024-07-17 21:00:00,6,11,0.00016250221,65,2024-01-01
2024-07-17 22:00:00,2024-07-17 21:00:00,6,3,0.0001481723,66,2024-01-01
2024-07-17 22:00:00,2024-07-17 21:00:00,-1,-6,0.00014384527,67,2024-01-01
2024-07-17 22:00:00,2024-07-17 21:00:00,9,3,0.00014288058,68,2024-01-01
2024-07-17 22:00:00,2024-07-17 21:00:00,-6,4,0.00013939063,69,2024-01-01
2024-07-17 22:00:00,2024-07-17 21:00:00,1,20,0.00013794175,70,2024-01-01
2024-07-17 22:00:00,2024-07-17 21:00:00,-3,1,0.00013766531,71,2024-01-01
2024-07-17 22:00:00,2024-07-17 21:00:00,1,19,0.00013418138,72,2024-01-01
2024-07-17 22:00:00,2024-07-17 21:00:00,-5,-4,0.00013395328,73,2024-01-01
2024-07-17 22:00:00,2024-07-17 21:00:00,8,1,0.00013320566,74,2024-01-01
2024-07-17 22:00:00,2024-07-17 21:00:00,-2,13,0.00013280721,75,2024-01-01
2024-07-17 22:00:00,2024-07-17 21:00:00,0,18,0.00013090801,76,2024-01-01
2024-07-17 22:00:00,2024-07-17 21:00:00,-4,10,0.00013083204,77,2024-01-01
2024-07-17 22:00:00,2024-07-17 21:00:00,7,1,0.00013081472,78,2024-01-01
2024-07-17 22:00:00,2024-07-17 21:00:00,-1,18,0.00013058785,79,2024-01-01
2024-07-17 22:00:00,2024-07-17 21:00:00,3,17,0.00013039203,80,2024-01-01
2024-07-17 22:00:00,2024-07-17 21:00:00,10,-1,0.00012406417,81,2024-01-01
2024-07-17 22:00:00,2024-07-17 21:00:00,-10,-3,0.00012308214,82,2024-01-01
2024-07-17 22:00:00,2024-07-17 21:00:00,-2,15,0.000115537696,83,2024-01-01
2024-07-17 22:00:00,2024-07-17 21:00:00,5,3,0.000113334194,84,2024-01-01
2024-07-17 22:00:00,2024-07-17 21:00:00,-5,15,0.00011077981,85,2024-01-01
2024-07-17 22:00:00,2024-07-17 21:00:00,8,0,0.00010934735,86,2024-01-01
2024-07-17 22:00:00,2024-07-17 21:00:00,4,14,0.000107144966,87,2024-01-01
2024-07-17 22:00:00,2024-07-17 21:00:00,-10,-4,0.000106790656,88,2024-01-01
2024-07-17 22:00:00,2024-07-17 21:00:00,10,5,0.00010300289,89,2024-01-01
2024-07-17 22:00:00,2024-07-17 21:00:00,-3,14,0.000100973404,90,2024-01-01
2024-07-17 22:00:00,2024-07-17 21:00:00,5,2,9.914159e-05,91,2024-01-01
2024-07-17 22:00:00,2024-07-17 21:00:00,-2,-5,9.808795e-05,92,2024-01-01
2024-07-17 22:00:00,2024-07-17 21:00:00,-4,17,9.692298e-05,93,2024-01-01
2024-07-17 22:00:00,2024-07-17 21:00:00,-2,11,9.6305266e-05,94,2024-01-01
2024-07-17 22:00:00,2024-07-17 21:00:00,-1,-4,9.608781e-05,95,2024-01-01
2024-07-17 22:00:00,2024-07-17 21:00:00,4,-4,9.3957606e-05,96,2024-01-01
2024-07-17 22:00:00,2024-07-17 21:00:00,-9,-4,9.32959e-05,97,2024-01-01
2024-07-17 22:00:00,2024-07-17 21:00:00,-3,15,9.238261e-05,98,2024-01-01
2024-07-17 22:00:00,2024-07-17 21:00:00,-11,-6,8.8076085e-05,99,2024-01-01
2024-07-17 22:00:00,2024-07-17 21:00:00,-9,0,8.7521476e-05,100,2024-01-01
2024-07-17 22:00:00,2024-07-17 21:00:00,-6,15,8.38538e-05,101,2024-01-01
2024-07-17 22:00:00,2024-07-17 21:00:00,6,6,8.370902e-05,102,2024-01-01
2024-07-17 22:00:00,2024-07-17 21:00:00,1,2,8.297996e-05,103,2024-01-01
2024-07-17 22:00:00,2024-07-17 21:00:00,0,-5,8.222032e-05,104,2024-01-01
2024-07-17 22:00:00,2024-07-17 21:00:00,-1,5,8.0719685e-05,105,2024-01-01
2024-07-17 22:00:00,2024-07-17 21:00:00,2,-6,8.051487e-05,106,2024-01-01
2024-07-17 22:00:00,2024-07-17 21:00:00,0,14,8.03803e-05,107,2024-01-01
2024-07-17 22:00:00,2024-07-17 21:00:00,0,-3,8.0125734e-05,108,2024-01-01
2024-07-17 22:00:00,2024-07-17 21:00:00,-4,19,7.990316e-05,109,2024-01-01
2024-07-17 22:00:00,2024-07-17 21:00:00,-6,-3,7.9696634e-05,110,2024-01-01
2024-07-17 22:00:00,2024-07-17 21:00:00,-2,1,7.942957e-05,111,2024-01-01
2024-07-17 22:00:00,2024-07-17 21:00:00,7,-1,7.942129e-05,112,2024-01-01
2024-07-17 22:00:00,2024-07-17 21:00:00,1,-3,7.849059e-05,113,2024-01-01
2024-07-17 22:00:00,2024-07-17 21:00:00,9,0,7.761413e-05,114,2024-01-01
2024-07-17 22:00:00,2024-07-17 21:00:00,-1,-2,7.733502e-05,115,2024-01-01
2024-07-17 22:00:00,2024-07-17 21:00:00,-5,11,7.6881144e-05,116,2024-01-01
2024-07-17 22:00:00,2024-07-17 21:00:00,-6,-2,7.55946e-05,117,2024-01-01
2024-07-17 22:00:00,2024-07-17 21:00:00,0,19,7.5527896e-05,118,2024-01-01
2024-07-17 22:00:00,2024-07-17 21:00:00,-5,-5,7.344463e-05,119,2024-01-01
2024-07-17 22:00:00,2024-07-17 21:00:00,-5,10,7.343713e-05,120,2024-01-01
2024-07-17 22:00:00,2024-07-17 21:00:00,-6,1,7.3103765e-05,121,2024-01-01
2024-07-17 22:00:00,2024-07-17 21:00:00,-1,2,7.2137766e-05,122,2024-01-01
2024-07-17 22:00:00,2024-07-17 21:00:00,-3,7,7.1642375e-05,123,2024-01-01
2024-07-17 22:00:00,2024-07-17 21:00:00,1,1,7.1126495e-05,124,2024-01-01
2024-07-17 22:00:00,2024-07-17 21:00:00,-4,-5,7.021625e-05,125,2024-01-01
2024-07-17 22:00:00,2024-07-17 21:00:00,-2,16,7.007205e-05,126,2024-01-01
2024-07-17 22:00:00,2024-07-17 21:00:00,1,-5,6.977513e-05,127,2024-01-01
2024-07-17 22:00:00,2024-07-17 21:00:00,-3,18,6.92431e-05,128,2024-01-01
2024-07-17 22:00:00,2024-07-17 21:00:00,-5,9,6.92e-05,129,2024-01-01
2024-07-17 22:00:00,2024-07-17 21:00:00,2,0,6.835457e-05,130,2024-01-01
2024-07-17 22:00:00,2024-07-17 21:00:00,1,9,6.8243215e-05,131,2024-01-01
2024-07-17 22:00:00,2024-07-17 21:00:00,-1,15,6.721209e-05,132,2024-01-01
2024-07-17 22:00:00,2024-07-17 21:00:00,-3,8,6.6560206e-05,133,2024-01-01
2024-07-17 22:00:00,2024-07-17 21:00:00,-5,0,6.6459244e-05,134,2024-01-01
2024-07-17 22:00:00,2024-07-17 21:00:00,-5,1,6.6301516e-05,135,2024-01-01
2024-07-17 22:00:00,2024-07-17 21:00:00,0,1,6.605515e-05,136,2024-01-01
2024-07-17 22:00:00,2024-07-17 21:00:00,-1,3,6.483905e-05,137,2024-01-01
2024-07-17 22:00:00,2024-07-17 21:00:00,-5,4,6.324733e-05,138,2024-01-01
2024-07-17 22:00:00,2024-07-17 21:00:00,4,1,6.2913175e-05,139,2024-01-01
2024-07-17 22:00:00,2024-07-17 21:00:00,-1,11,6.2178675e-05,140,2024-01-01
2024-07-17 22:00:00,2024-07-17 21:00:00,-4,8,6.207914e-05,141,2024-01-01
2024-07-17 22:00:00,2024-07-17 21:00:00,-1,13,6.1822844e-05,142,2024-01-01
2024-07-17 22:00:00,2024-07-17 21:00:00,5,-1,6.0815437e-05,143,2024-01-01
2024-07-17 22:00:00,2024-07-17 21:00:00,2,-3,6.0755952e-05,144,2024-01-01
2024-07-17 22:00:00,2024-07-17 21:00:00,-4,5,5.9147267e-05,145,2024-01-01
2024-07-17 22:00:00,2024-07-17 21:00:00,-8,6,5.8810776e-05,146,2024-01-01
2024-07-17 22:00:00,2024-07-17 21:00:00,9,-2,5.8209745e-05,147,2024-01-01
2024-07-17 22:00:00,2024-07-17 21:00:00,-2,8,5.7919427e-05,148,2024-01-01
2024-07-17 22:00:00,2024-07-17 21:00:00,8,-3,5.735237e-05,149,2024-01-01
2024-07-17 22:00:00,2024-07-17 21:00:00,-3,12,5.6870926e-05,150,2024-01-01
2024-07-17 22:00:00,2024-07-17 21:00:00,-6,8,5.6517256e-05,151,2024-01-01
2024-07-17 22:00:00,2024-07-17 21:00:00,-4,12,5.6425186e-05,152,2024-01-01
2024-07-17 22:00:00,2024-07-17 21:00:00,3,-3,5.6268953e-05,153,2024-01-01
2024-07-17 22:00:00,2024-07-17 21:00:00,2,-2,5.622837e-05,154,2024-01-01
2024-07-17 22:00:00,2024-07-17 21:00:00,-10,8,5.5991706e-05,155,2024-01-01
2024-07-17 22:00:00,2024-07-17 21:00:00,-10,10,5.573341e-05,156,2024-01-01
2024-07-17 22:00:00,2024-07-17 21:00:00,3,-2,5.5578483e-05,157,2024-01-01
2024-07-17 22:00:00,2024-07-17 21:00:00,8,-4,5.5400105e-05,158,2024-01-01
2024-07-17 22:00:00,2024-07-17 21:00:00,0,13,5.5095417e-05,159,2024-01-01
2024-07-17 22:00:00,2024-07-17 21:00:00,-4,4,5.4260017e-05,160,2024-01-01
2024-07-17 22:00:00,2024-07-17 21:00:00,-9,6,5.4068252e-05,161,2024-01-01
2024-07-17 22:00:00,2024-07-17 21:00:00,-3,2,5.4015938e-05,162,2024-01-01
2024-07-17 22:00:00,2024-07-17 21:00:00,1,5,5.390905e-05,163,2024-01-01
2024-07-17 22:00:00,2024-07-17 21:00:00,10,0,5.390588e-05,164,2024-01-01
2024-07-17 22:00:00,2024-07-17 21:00:00,0,5,5.2293548e-05,165,2024-01-01
2024-07-17 22:00:00,2024-07-17 21:00:00,4,-6,5.0379604e-05,166,2024-01-01
2024-07-17 22:00:00,2024-07-17 21:00:00,-2,9,4.9306796e-05,167,2024-01-01
2024-07-17 22:00:00,2024-07-17 21:00:00,5,-4,4.6969464e-05,168,2024-01-01
2024-07-17 22:00:00,2024-07-17 21:00:00,5,-3,4.6969464e-05,169,2024-01-01
2024-07-17 22:00:00,2024-07-17 21:00:00,-1,16,4.669312e-05,170,2024-01-01
2024-07-17 22:00:00,2024-07-17 21:00:00,3,-1,4.6168276e-05,171,2024-01-01
2024-07-17 22:00:00,2024-07-17 21:00:00,1,11,4.5436445e-05,172,2024-01-01
2024-07-17 22:00:00,2024-07-17 21:00:00,2,7,4.468864e-05,173,2024-01-01
2024-07-17 22:00:00,2024-07-17 21:00:00,-5,2,4.4600874e-05,174,2024-01-01
2024-07-17 22:00:00,2024-07-17 21:00:00,-1,7,4.4183504e-05,175,2024-01-01
2024-07-17 22:00:00,2024-07-17 21:00:00,-3,9,4.4089527e-05,176,2024-01-01
2024-07-17 22:00:00,2024-07-17 21:00:00,-4,2,4.308204e-05,177,2024-01-01
2024-07-17 22:00:00,2024-07-17 21:00:00,-2,10,4.2539603e-05,178,2024-01-01
2024-07-17 22:00:00,2024-07-17 21:00:00,2,8,4.2187447e-05,179,2024-01-01
2024-07-17 22:00:00,2024-07-17 21:00:00,-2,3,4.1900887e-05,180,2024-01-01
2024-07-17 22:00:00,2024-07-17 21:00:00,-1,9,4.1636118e-05,181,2024-01-01
2024-07-17 22:00:00,2024-07-17 21:00:00,1,8,4.1296124e-05,182,2024-01-01
2024-07-17 22:00:00,2024-07-17 21:00:00,-4,3,4.0599774e-05,183,2024-01-01
2024-07-17 22:00:00,2024-07-17 21:00:00,2,9,4.019024e-05,184,2024-01-01
2024-07-17 22:00:00,2024-07-17 21:00:00,0,11,3.993485e-05,185,2024-01-01
2024-07-17 22:00:00,2024-07-17 21:00:00,0,9,3.8265203e-05,186,2024-01-01
2024-07-17 23:00:00,2024-07-17 22:00:00,9,1,0.6442434,1,2024-01-01
2024-07-17 23:00:00,2024-07-17 22:00:00,0,-1,0.2353041,2,2024-01-01
2024-07-17 23:00:00,2024-07-17 22:00:00,0,0,0.19269408,3,2024-01-01
2024-07-17 23:00:00,2024-07-17 22:00:00,1,0,0.17893,4,2024-01-01
2024-07-17 23:00:00,2024-07-17 22:00:00,-1,0,0.17698608,5,2024-01-01
2024-07-17 23:00:00,2024-07-17 22:00:00,-12,-5,0.12247946,6,2024-01-01
2024-07-17 23:00:00,2024-07-17 22:00:00,-2,-3,0.09928745,7,2024-01-01
2024-07-17 23:00:00,2024-07-17 22:00:00,0,-2,0.091034085,8,2024-01-01
2024-07-17 23:00:00,2024-07-17 22:00:00,-2,-2,0.08073748,9,2024-01-01
2024-07-17 23:00:00,2024-07-17 22:00:00,6,-3,0.07885053,10,2024-01-01
2024-07-17 23:00:00,2024-07-17 22:00:00,-3,-3,0.068865724,11,2024-01-01
2024-07-17 23:00:00,2024-07-17 22:00:00,-2,-4,0.067310624,12,2024-01-01
2024-07-17 23:00:00,2024-07-17 22:00:00,-1,-1,0.06251595,13,2024-01-01
2024-07-17 23:00:00,2024-07-17 22:00:00,-4,-2,0.05040048,14,2024-01-01
2024-07-17 23:00:00,2024-07-17 22:00:00,-5,-2,0.03572851,15,2024-01-01
2024-07-17 23:00:00,2024-07-17 22:00:00,-2,-1,0.033336986,16,2024-01-01
2024-07-17 23:00:00,2024-07-17 22:00:00,-11,-5,0.02620022,17,2024-01-01
2024-07-17 23:00:00,2024-07-17 22:00:00,-2,0,0.023544913,18,2024-01-01
2024-07-17 23:00:00,2024-07-17 22:00:00,-3,-4,0.009751782,19,2024-01-01
2024-07-17 23:00:00,2024-07-17 22:00:00,-4,-3,0.009289264,20,2024-01-01
2024-07-17 23:00:00,2024-07-17 22:00:00,7,4,0.008014872,21,2024-01-01
2024-07-17 23:00:00,2024-07-17 22:00:00,10,3,0.0062860916,22,2024-01-01
2024-07-17 23:00:00,2024-07-17 22:00:00,6,-4,0.005006735,23,2024-01-01
2024-07-17 23:00:00,2024-07-17 22:00:00,1,-1,0.003792852,24,2024-01-01
2024-07-17 23:00:00,2024-07-17 22:00:00,0,8,0.003200047,25,2024-01-01
2024-07-17 23:00:00,2024-07-17 22:00:00,-4,-1,0.0025223354,26,2024-01-01
2024-07-17 23:00:00,2024-07-17 22:00:00,-3,11,0.0020074495,27,2024-01-01
2024-07-17 23:00:00,2024-07-17 22:00:00,2,-1,0.0018864898,28,2024-01-01
2024-07-17 23:00:00,2024-07-17 22:00:00,5,-2,0.0018701144,29,2024-01-01
2024-07-17 23:00:00,2024-07-17 22:00:00,9,2,0.001694682,30,2024-01-01
2024-07-17 23:00:00,2024-07-17 22:00:00,8,-1,0.0014651021,31,2024-01-01
2024-07-17 23:00:00,2024-07-17 22:00:00,4,-1,0.0013046786,32,2024-01-01
2024-07-17 23:00:00,2024-07-17 22:00:00,-5,-1,0.000954734,33,2024-01-01
2024-07-17 23:00:00,2024-07-17 22:00:00,-3,13,0.00089622923,34,2024-01-01
2024-07-17 23:00:00,2024-07-17 22:00:00,-3,0,0.0008849047,35,2024-01-01
2024-07-17 23:00:00,2024-07-17 22:00:00,0,12,0.00087741995,36,2024-01-01
2024-07-17 23:00:00,2024-07-17 22:00:00,0,17,0.00085631805,37,2024-01-01
2024-07-17 23:00:00,2024-07-17 22:00:00,-1,-3,0.0008027602,38,2024-01-01
2024-07-17 23:00:00,2024-07-17 22:00:00,-3,-1,0.00076406146,39,2024-01-01
2024-07-17 23:00:00,2024-07-17 22:00:00,7,-5,0.0007050156,40,2024-01-01
2024-07-17 23:00:00,2024-07-17 22:00:00,-4,0,0.00059923134,41,2024-01-01
2024-07-17 23:00:00,2024-07-17 22:00:00,2,1,0.00051718176,42,2024-01-01
2024-07-17 23:00:00,2024-07-17 22:00:00,3,1,0.00050950603,43,2024-01-01
2024-07-17 23:00:00,2024-07-17 22:00:00,1,-2,0.0005012125,44,2024-01-01
2024-07-17 23:00:00,2024-07-17 22:00:00,-5,-3,0.0004916648,45,2024-01-01
2024-07-17 23:00:00,2024-07-17 22:00:00,-1,1,0.00048489604,46,2024-01-01
2024-07-17 23:00:00,2024-07-17 22:00:00,-7,1,0.00047833286,47,2024-01-01
2024-07-17 23:00:00,2024-07-17 22:00:00,3,0,0.00041844815,48,2024-01-01
2024-07-17 23:00:00,2024-07-17 22:00:00,-3,-2,0.00037425486,49,2024-01-01
2024-07-17 23:00:00,2024-07-17 22:00:00,1,6,0.000343569,50,2024-01-01
2024-07-17 23:00:00,2024-07-17 22:00:00,7,-4,0.00032123667,51,2024-01-01
2024-07-17 23:00:00,2024-07-17 22:00:00,-3,1,0.00031192237,52,2024-01-01
2024-07-17 23:00:00,2024-07-17 22:00:00,-9,-5,0.00030270053,53,2024-01-01
2024-07-17 23:00:00,2024-07-17 22:00:00,-1,6,0.0002937723,54,2024-01-01
2024-07-17 23:00:00,2024-07-17 22:00:00,-9,-1,0.00028341686,55,2024-01-01
2024-07-17 23:00:00,2024-07-17 22:00:00,6,5,0.0002817002,56,2024-01-01
2024-07-17 23:00:00,2024-07-17 22:00:00,-4,-4,0.00026293567,57,2024-01-01
2024-07-17 23:00:00,2024-07-17 22:00:00,-7,-1,0.00025936504,58,2024-01-01
2024-07-17 23:00:00,2024-07-17 22:00:00,-5,-4,0.00025320693,59,2024-01-01
2024-07-17 23:00:00,2024-07-17 22:00:00,1,-7,0.0002442526,60,2024-01-01
2024-07-17 23:00:00,2024-07-17 22:00:00,-1,-7,0.00023468817,61,2024-01-01
2024-07-17 23:00:00,2024-07-17 22:00:00,-1,8,0.00020993396,62,2024-01-01
2024-07-17 23:00:00,2024-07-17 22:00:00,-1,-6,0.0002049856,63,2024-01-01
2024-07-17 23:00:00,2024-07-17 22:00:00,7,1,0.00019312945,64,2024-01-01
2024-07-17 23:00:00,2024-07-17 22:00:00,6,3,0.00019186438,65,2024-01-01
2024-07-17 23:00:00,2024-07-17 22:00:00,2,20,0.00018604235,66,2024-01-01
2024-07-17 23:00:00,2024-07-17 22:00:00,5,3,0.00018544168,67,2024-01-01
2024-07-17 23:00:00,2024-07-17 22:00:00,-10,-3,0.00018337056,68,2024-01-01
2024-07-17 23:00:00,2024-07-17 22:00:00,0,-6,0.00018035415,69,2024-01-01
2024-07-17 23:00:00,2024-07-17 22:00:00,6,6,0.00017972256,70,2024-01-01
2024-07-17 23:00:00,2024-07-17 22:00:00,0,-3,0.00017140959,71,2024-01-01
2024-07-17 23:00:00,2024-07-17 22:00:00,7,11,0.00016991713,72,2024-01-01
2024-07-17 23:00:00,2024-07-17 22:00:00,6,11,0.00016808994,73,2024-01-01
2024-07-17 23:00:00,2024-07-17 22:00:00,-9,-4,0.00015635589,74,2024-01-01
2024-07-17 23:00:00,2024-07-17 22:00:00,1,20,0.00015457191,75,2024-01-01
2024-07-17 23:00:00,2024-07-17 22:00:00,5,2,0.00015296128,76,2024-01-01
2024-07-17 23:00:00,2024-07-17 22:00:00,4,-4,0.00015025602,77,2024-01-01
2024-07-17 23:00:00,2024-07-17 22:00:00,10,-1,0.00014704837,78,2024-01-01
2024-07-17 23:00:00,2024-07-17 22:00:00,3,17,0.00014626684,79,2024-01-01
2024-07-17 23:00:00,2024-07-17 22:00:00,-1,5,0.0001453583,80,2024-01-01
2024-07-17 23:00:00,2024-07-17 22:00:00,8,1,0.00014185919,81,2024-01-01
2024-07-17 23:00:00,2024-07-17 22:00:00,-6,4,0.000139952,82,2024-01-01
2024-07-17 23:00:00,2024-07-17 22:00:00,2,9,0.00013878329,83,2024-01-01
2024-07-17 23:00:00,2024-07-17 22:00:00,4,14,0.00013566976,84,2024-01-01
2024-07-17 23:00:00,2024-07-17 22:00:00,-2,-5,0.0001348474,85,2024-01-01
2024-07-17 23:00:00,2024-07-17 22:00:00,-1,18,0.00013347135,86,2024-01-01
2024-07-17 23:00:00,2024-07-17 22:00:00,-4,10,0.00013328953,87,2024-01-01
2024-07-17 23:00:00,2024-07-17 22:00:00,0,18,0.00013305148,88,2024-01-01
2024-07-17 23:00:00,2024-07-17 22:00:00,-11,-6,0.0001323227,89,2024-01-01
2024-07-17 23:00:00,2024-07-17 22:00:00,-3,14,0.00013166478,90,2024-01-01
2024-07-17 23:00:00,2024-07-17 22:00:00,-2,13,0.00012797299,91,2024-01-01
2024-07-17 23:00:00,2024-07-17 22:00:00,-1,-2,0.00012780691,92,2024-01-01
2024-07-17 23:00:00,2024-07-17 22:00:00,4,1,0.00012687448,93,2024-01-01
2024-07-17 23:00:00,2024-07-17 22:00:00,1,19,0.00012677566,94,2024-01-01
2024-07-17 23:00:00,2024-07-17 22:00:00,-1,-4,0.00012628413,95,2024-01-01
2024-07-17 23:00:00,2024-07-17 22:00:00,0,1,0.00012582743,96,2024-01-01
2024-07-17 23:00:00,2024-07-17 22:00:00,10,5,0.0001255306,97,2024-01-01
2024-07-17 23:00:00,2024-07-17 22:00:00,-10,-4,0.00012382625,98,2024-01-01
2024-07-17 23:00:00,2024-07-17 22:00:00,9,3,0.00012263568,99,2024-01-01
2024-07-17 23:00:00,2024-07-17 22:00:00,1,1,0.000121097895,100,2024-01-01
2024-07-17 23:00:00,2024-07-17 22:00:00,-5,-5,0.00012026625,101,2024-01-01
2024-07-17 23:00:00,2024-07-17 22:00:00,-4,-5,0.000120125624,102,2024-01-01
2024-07-17 23:00:00,2024-07-17 22:00:00,1,2,0.00011946697,103,2024-01-01
2024-07-17 23:00:00,2024-07-17 22:00:00,-2,15,0.000118284835,104,2024-01-01
2024-07-17 23:00:00,2024-07-17 22:00:00,2,-7,0.00011734752,105,2024-01-01
2024-07-17 23:00:00,2024-07-17 22:00:00,-2,1,0.00011539387,106,2024-01-01
2024-07-17 23:00:00,2024-07-17 22:00:00,-6,-2,0.00011386105,107,2024-01-01
2024-07-17 23:00:00,2024-07-17 22:00:00,-5,15,0.00011366877,108,2024-01-01
2024-07-17 23:00:00,2024-07-17 22:00:00,0,-5,0.000111124325,109,2024-01-01
2024-07-17 23:00:00,2024-07-17 22:00:00,-6,-3,0.000109271554,110,2024-01-01
2024-07-17 23:00:00,2024-07-17 22:00:00,-3,15,0.00010674193,111,2024-01-01
2024-07-17 23:00:00,2024-07-17 22:00:00,-9,0,0.00010284043,112,2024-01-01
2024-07-17 23:00:00,2024-07-17 22:00:00,-5,1,0.00010235952,113,2024-01-01
2024-07-17 23:00:00,2024-07-17 22:00:00,8,0,0.00010226442,114,2024-01-01
2024-07-17 23:00:00,2024-07-17 22:00:00,1,-3,0.00010017616,115,2024-01-01
2024-07-17 23:00:00,2024-07-17 22:00:00,-6,1,9.9584606e-05,116,2024-01-01
2024-07-17 23:00:00,2024-07-17 22:00:00,2,-3,9.952998e-05,117,2024-01-01
2024-07-17 23:00:00,2024-07-17 22:00:00,-4,17,9.908141e-05,118,2024-01-01
2024-07-17 23:00:00,2024-07-17 22:00:00,7,-1,9.750177e-05,119,2024-01-01
2024-07-17 23:00:00,2024-07-17 22:00:00,9,0,9.654829e-05,120,2024-01-01
2024-07-17 23:00:00,2024-07-17 22:00:00,-1,3,9.602163e-05,121,2024-01-01
2024-07-17 23:00:00,2024-07-17 22:00:00,2,-6,9.548816e-05,122,2024-01-01
2024-07-17 23:00:00,2024-07-17 22:00:00,2,0,9.489036e-05,123,2024-01-01
2024-07-17 23:00:00,2024-07-17 22:00:00,-1,2,9.343348e-05,124,2024-01-01
2024-07-17 23:00:00,2024-07-17 22:00:00,-5,0,9.246985e-05,125,2024-01-01
2024-07-17 23:00:00,2024-07-17 22:00:00,2,-2,9.069288e-05,126,2024-01-01
2024-07-17 23:00:00,2024-07-17 22:00:00,1,9,9.0406385e-05,127,2024-01-01
2024-07-17 23:00:00,2024-07-17 22:00:00,0,14,8.8813365e-05,128,2024-01-01
2024-07-17 23:00:00,2024-07-17 22:00:00,-6,15,8.707512e-05,129,2024-01-01
2024-07-17 23:00:00,2024-07-17 22:00:00,-4,19,8.674775e-05,130,2024-01-01
2024-07-17 23:00:00,2024-07-17 22:00:00,-3,2,8.564256e-05,131,2024-01-01
2024-07-17 23:00:00,2024-07-17 22:00:00,-2,11,8.452294e-05,132,2024-01-01
2024-07-17 23:00:00,2024-07-17 22:00:00,9,-2,8.423295e-05,133,2024-01-01
2024-07-17 23:00:00,2024-07-17 22:00:00,8,-3,8.409126e-05,134,2024-01-01
2024-07-17 23:00:00,2024-07-17 22:00:00,3,-2,8.389228e-05,135,2024-01-01
2024-07-17 23:00:00,2024-07-17 22:00:00,8,-4,8.058217e-05,136,2024-01-01
2024-07-17 23:00:00,2024-07-17 22:00:00,-5,10,8.031856e-05,137,2024-01-01
2024-07-17 23:00:00,2024-07-17 22:00:00,-2,16,8.012284e-05,138,2024-01-01
2024-07-17 23:00:00,2024-07-17 22:00:00,5,-1,7.993222e-05,139,2024-01-01
2024-07-17 23:00:00,2024-07-17 22:00:00,0,19,7.9169746e-05,140,2024-01-01
2024-07-17 23:00:00,2024-07-17 22:00:00,3,-1,7.772852e-05,141,2024-01-01
2024-07-17 23:00:00,2024-07-17 22:00:00,2,7,7.745384e-05,142,2024-01-01
2024-07-17 23:00:00,2024-07-17 22:00:00,-5,11,7.61249e-05,143,2024-01-01
2024-07-17 23:00:00,2024-07-17 22:00:00,0,5,7.539098e-05,144,2024-01-01
2024-07-17 23:00:00,2024-07-17 22:00:00,1,-5,7.4961026e-05,145,2024-01-01
2024-07-17 23:00:00,2024-07-17 22:00:00,-3,7,7.3190175e-05,146,2024-01-01
2024-07-17 23:00:00,2024-07-17 22:00:00,-5,9,7.205376e-05,147,2024-01-01
2024-07-17 23:00:00,2024-07-17 22:00:00,-3,18,7.19699e-05,148,2024-01-01
2024-07-17 23:00:00,2024-07-17 22:00:00,2,8,7.151055e-05,149,2024-01-01
2024-07-17 23:00:00,2024-07-17 22:00:00,-5,2,7.145652e-05,150,2024-01-01
2024-07-17 23:00:00,2024-07-17 22:00:00,-4,2,7.105066e-05,151,2024-01-01
2024-07-17 23:00:00,2024-07-17 22:00:00,-2,3,6.708503e-05,152,2024-01-01
2024-07-17 23:00:00,2024-07-17 22:00:00,4,-6,6.678394e-05,153,2024-01-01
2024-07-17 23:00:00,2024-07-17 22:00:00,-1,15,6.6632514e-05,154,2024-01-01
2024-07-17 23:00:00,2024-07-17 22:00:00,-4,8,6.627917e-05,155,2024-01-01
2024-07-17 23:00:00,2024-07-17 22:00:00,1,5,6.578135e-05,156,2024-01-01
2024-07-17 23:00:00,2024-07-17 22:00:00,-4,3,6.548359e-05,157,2024-01-01
2024-07-17 23:00:00,2024-07-17 22:00:00,10,0,6.498164e-05,158,2024-01-01
2024-07-17 23:00:00,2024-07-17 22:00:00,-8,6,6.4530934e-05,159,2024-01-01
2024-07-17 23:00:00,2024-07-17 22:00:00,3,-3,6.404033e-05,160,2024-01-01
2024-07-17 23:00:00,2024-07-17 22:00:00,-9,6,6.374528e-05,161,2024-01-01
2024-07-17 23:00:00,2024-07-17 22:00:00,-10,8,6.327066e-05,162,2024-01-01
2024-07-17 23:00:00,2024-07-17 22:00:00,-6,8,6.322419e-05,163,2024-01-01
2024-07-17 23:00:00,2024-07-17 22:00:00,5,-3,6.262283e-05,164,2024-01-01
2024-07-17 23:00:00,2024-07-17 22:00:00,-5,4,6.255019e-05,165,2024-01-01
2024-07-17 23:00:00,2024-07-17 22:00:00,5,-4,6.254891e-05,166,2024-01-01
2024-07-17 23:00:00,2024-07-17 22:00:00,-10,10,6.219e-05,167,2024-01-01
2024-07-17 23:00:00,2024-07-17 22:00:00,-1,11,6.156474e-05,168,2024-01-01
2024-07-17 23:00:00,2024-07-17 22:00:00,-1,13,5.9660215e-05,169,2024-01-01
2024-07-17 23:00:00,2024-07-17 22:00:00,0,13,5.959209e-05,170,2024-01-01
2024-07-17 23:00:00,2024-07-17 22:00:00,-3,12,5.7163375e-05,171,2024-01-01
2024-07-17 23:00:00,2024-07-17 22:00:00,1,8,5.713574e-05,172,2024-01-01
2024-07-17 23:00:00,2024-07-17 22:00:00,-4,12,5.6137083e-05,173,2024-01-01
2024-07-17 23:00:00,2024-07-17 22:00:00,-2,8,5.5297063e-05,174,2024-01-01
2024-07-17 23:00:00,2024-07-17 22:00:00,-3,8,5.4052958e-05,175,2024-01-01
2024-07-17 23:00:00,2024-07-17 22:00:00,-1,7,5.2798627e-05,176,2024-01-01
2024-07-17 23:00:00,2024-07-17 22:00:00,-4,5,5.2492553e-05,177,2024-01-01
2024-07-17 23:00:00,2024-07-17 22:00:00,-2,9,5.239829e-05,178,2024-01-01
2024-07-17 23:00:00,2024-07-17 22:00:00,-4,4,5.0334216e-05,179,2024-01-01
2024-07-17 23:00:00,2024-07-17 22:00:00,-1,16,4.9542887e-05,180,2024-01-01
2024-07-17 23:00:00,2024-07-17 22:00:00,1,11,4.8159287e-05,181,2024-01-01
2024-07-17 23:00:00,2024-07-17 22:00:00,-3,9,4.6299905e-05,182,2024-01-01
2024-07-17 23:00:00,2024-07-17 22:00:00,-2,10,4.405629e-05,183,2024-01-01
2024-07-17 23:00:00,2024-07-17 22:00:00,0,11,4.0575203e-05,184,2024-01-01
2024-07-17 23:00:00,2024-07-17 22:00:00,-1,9,3.965217e-05,185,2024-01-01
2024-07-17 23:00:00,2024-07-17 22:00:00,0,9,3.8298043e-05,186,2024-01-01
2024-07-28 22:00:00,2024-07-28 21:00:00,9,1,0.6396145,1,2024-01-01
2024-07-28 22:00:00,2024-07-28 21:00:00,-12,-5,0.029840963,2,2024-01-01
2024-07-28 22:00:00,2024-07-28 21:00:00,-5,-2,0.029349336,3,2024-01-01
2024-07-28 22:00:00,2024-07-28 21:00:00,1,0,0.01564826,4,2024-01-01
2024-07-28 22:00:00,2024-07-28 21:00:00,0,-1,0.013427776,5,2024-01-01
2024-07-28 22:00:00,2024-07-28 21:00:00,-1,0,0.013013028,6,2024-01-01
2024-07-28 22:00:00,2024-07-28 21:00:00,-2,-3,0.012115528,7,2024-01-01
2024-07-28 22:00:00,2024-07-28 21:00:00,0,0,0.009347995,8,2024-01-01
2024-07-28 22:00:00,2024-07-28 21:00:00,-11,-5,0.008919497,9,2024-01-01
2024-07-28 22:00:00,2024-07-28 21:00:00,-3,-4,0.007932718,10,2024-01-01
2024-07-28 22:00:00,2024-07-28 21:00:00,-1,-1,0.0073722503,11,2024-01-01
2024-07-28 22:00:00,2024-07-28 21:00:00,-4,-2,0.0072771334,12,2024-01-01
2024-07-28 22:00:00,2024-07-28 21:00:00,1,-1,0.0064543504,13,2024-01-01
2024-07-28 22:00:00,2024-07-28 21:00:00,-2,-2,0.0059731365,14,2024-01-01
2024-07-28 22:00:00,2024-07-28 21:00:00,6,-3,0.0058322824,15,2024-01-01
2024-07-28 22:00:00,2024-07-28 21:00:00,0,-2,0.0057601375,16,2024-01-01
2024-07-28 22:00:00,2024-07-28 21:00:00,-2,-1,0.0057076304,17,2024-01-01
2024-07-28 22:00:00,2024-07-28 21:00:00,-5,-1,0.0051757996,18,2024-01-01
2024-07-28 22:00:00,2024-07-28 21:00:00,-2,-4,0.0051271277,19,2024-01-01
2024-07-28 22:00:00,2024-07-28 21:00:00,10,3,0.004981723,20,2024-01-01
2024-07-28 22:00:00,2024-07-28 21:00:00,6,-4,0.0042997655,21,2024-01-01
2024-07-28 22:00:00,2024-07-28 21:00:00,-4,-3,0.0042492473,22,2024-01-01
2024-07-28 22:00:00,2024-07-28 21:00:00,-3,-3,0.004110683,23,2024-01-01
2024-07-28 22:00:00,2024-07-28 21:00:00,-2,0,0.004091512,24,2024-01-01
2024-07-28 22:00:00,2024-07-28 21:00:00,0,8,0.0024985734,25,2024-01-01
2024-07-28 22:00:00,2024-07-28 21:00:00,7,4,0.0013577029,26,2024-01-01
2024-07-28 22:00:00,2024-07-28 21:00:00,0,12,0.001049373,27,2024-01-01
2024-07-28 22:00:00,2024-07-28 21:00:00,5,-2,0.0010103617,28,2024-01-01
2024-07-28 22:00:00,2024-07-28 21:00:00,2,-1,0.00093295425,29,2024-01-01
2024-07-28 22:00:00,2024-07-28 21:00:00,0,17,0.00091528177,30,2024-01-01
2024-07-28 22:00:00,2024-07-28 21:00:00,4,-1,0.00071221637,31,2024-01-01
2024-07-28 22:00:00,2024-07-28 21:00:00,-10,10,0.00055657374,32,2024-01-01
2024-07-28 22:00:00,2024-07-28 21:00:00,2,1,0.0005076492,33,2024-01-01
2024-07-28 22:00:00,2024-07-28 21:00:00,7,-5,0.00048134892,34,2024-01-01
2024-07-28 22:00:00,2024-07-28 21:00:00,-3,-1,0.0004689965,35,2024-01-01
2024-07-28 22:00:00,2024-07-28 21:00:00,-4,0,0.0004668935,36,2024-01-01
2024-07-28 22:00:00,2024-07-28 21:00:00,-3,0,0.00045423044,37,2024-01-01
2024-07-28 22:00:00,2024-07-28 21:00:00,-5,-3,0.00044307622,38,2024-01-01
2024-07-28 22:00:00,2024-07-28 21:00:00,-4,-1,0.00039622854,39,2024-01-01
2024-07-28 22:00:00,2024-07-28 21:00:00,-7,1,0.00037536383,40,2024-01-01
2024-07-28 22:00:00,2024-07-28 21:00:00,3,1,0.00036362009,41,2024-01-01
2024-07-28 22:00:00,2024-07-28 21:00:00,9,2,0.00034550705,42,2024-01-01
2024-07-28 22:00:00,2024-07-28 21:00:00,-1,-3,0.00033462953,43,2024-01-01
2024-07-28 22:00:00,2024-07-28 21:00:00,-1,8,0.00031724502,44,2024-01-01
2024-07-28 22:00:00,2024-07-28 21:00:00,-1,6,0.00029632068,45,2024-01-01
2024-07-28 22:00:00,2024-07-28 21:00:00,1,6,0.00028161914,46,2024-01-01
2024-07-28 22:00:00,2024-07-28 21:00:00,-9,-5,0.00026099276,47,2024-01-01
2024-07-28 22:00:00,2024-07-28 21:00:00,3,0,0.00026050324,48,2024-01-01
2024-07-28 22:00:00,2024-07-28 21:00:00,-1,1,0.00024555234,49,2024-01-01
2024-07-28 22:00:00,2024-07-28 21:00:00,0,18,0.0002345424,50,2024-01-01
2024-07-28 22:00:00,2024-07-28 21:00:00,7,-4,0.00022690512,51,2024-01-01
2024-07-28 22:00:00,2024-07-28 21:00:00,1,-7,0.00021931216,52,2024-01-01
2024-07-28 22:00:00,2024-07-28 21:00:00,2,-7,0.00021931216,53,2024-01-01
2024-07-28 22:00:00,2024-07-28 21:00:00,-9,-1,0.0002082289,54,2024-01-01
2024-07-28 22:00:00,2024-07-28 21:00:00,-4,-4,0.00020164986,55,2024-01-01
2024-07-28 22:00:00,2024-07-28 21:00:00,-3,11,0.00019309483,56,2024-01-01
2024-07-28 22:00:00,2024-07-28 21:00:00,-3,13,0.00019223297,57,2024-01-01
2024-07-28 22:00:00,2024-07-28 21:00:00,1,9,0.00018761617,58,2024-01-01
2024-07-28 22:00:00,2024-07-28 21:00:00,9,3,0.00018701487,59,2024-01-01
2024-07-28 22:00:00,2024-07-28 21:00:00,-7,-1,0.00018115417,60,2024-01-01
2024-07-28 22:00:00,2024-07-28 21:00:00,-5,-4,0.00017394921,61,2024-01-01
2024-07-28 22:00:00,2024-07-28 21:00:00,9,0,0.00016503013,62,2024-01-01
2024-07-28 22:00:00,2024-07-28 21:00:00,8,-1,0.0001635758,63,2024-01-01
2024-07-28 22:00:00,2024-07-28 21:00:00,10,0,0.00016292972,64,2024-01-01
2024-07-28 22:00:00,2024-07-28 21:00:00,-1,18,0.00016207772,65,2024-01-01
2024-07-28 22:00:00,2024-07-28 21:00:00,-6,4,0.00016198486,66,2024-01-01
2024-07-28 22:00:00,2024-07-28 21:00:00,10,-1,0.00015833085,67,2024-01-01
2024-07-28 22:00:00,2024-07-28 21:00:00,10,5,0.00015773614,68,2024-01-01
2024-07-28 22:00:00,2024-07-28 21:00:00,1,-2,0.00015740989,69,2024-01-01
2024-07-28 22:00:00,2024-07-28 21:00:00,0,-6,0.00015728308,70,2024-01-01
2024-07-28 22:00:00,2024-07-28 21:00:00,7,11,0.00015707314,71,2024-01-01
2024-07-28 22:00:00,2024-07-28 21:00:00,6,11,0.00015543231,72,2024-01-01
2024-07-28 22:00:00,2024-07-28 21:00:00,8,1,0.00015136348,73,2024-01-01
2024-07-28 22:00:00,2024-07-28 21:00:00,6,5,0.00015074165,74,2024-01-01
2024-07-28 22:00:00,2024-07-28 21:00:00,-11,-6,0.00014805853,75,2024-01-01
2024-07-28 22:00:00,2024-07-28 21:00:00,-3,1,0.0001458188,76,2024-01-01
2024-07-28 22:00:00,2024-07-28 21:00:00,2,20,0.00014238984,77,2024-01-01
2024-07-28 22:00:00,2024-07-28 21:00:00,1,20,0.00014171035,78,2024-01-01
2024-07-28 22:00:00,2024-07-28 21:00:00,6,6,0.00014099613,79,2024-01-01
2024-07-28 22:00:00,2024-07-28 21:00:00,-9,-4,0.00013679617,80,2024-01-01
2024-07-28 22:00:00,2024-07-28 21:00:00,1,19,0.00013497908,81,2024-01-01
2024-07-28 22:00:00,2024-07-28 21:00:00,-1,5,0.00013289518,82,2024-01-01
2024-07-28 22:00:00,2024-07-28 21:00:00,2,7,0.00012923831,83,2024-01-01
2024-07-28 22:00:00,2024-07-28 21:00:00,4,-4,0.00012827797,84,2024-01-01
2024-07-28 22:00:00,2024-07-28 21:00:00,3,17,0.00012818334,85,2024-01-01
2024-07-28 22:00:00,2024-07-28 21:00:00,2,8,0.00012673694,86,2024-01-01
2024-07-28 22:00:00,2024-07-28 21:00:00,-10,-4,0.00012650432,87,2024-01-01
2024-07-28 22:00:00,2024-07-28 21:00:00,-2,15,0.00012551215,88,2024-01-01
2024-07-28 22:00:00,2024-07-28 21:00:00,2,-6,0.00012330829,89,2024-01-01
2024-07-28 22:00:00,2024-07-28 21:00:00,1,8,0.00011704933,90,2024-01-01
2024-07-28 22:00:00,2024-07-28 21:00:00,-10,-3,0.000114516675,91,2024-01-01
2024-07-28 22:00:00,2024-07-28 21:00:00,8,0,0.00011244245,92,2024-01-01
2024-07-28 22:00:00,2024-07-28 21:00:00,1,11,0.00011024834,93,2024-01-01
2024-07-28 22:00:00,2024-07-28 21:00:00,0,9,0.00011006417,94,2024-01-01
2024-07-28 22:00:00,2024-07-28 21:00:00,2,9,0.00011000733,95,2024-01-01
2024-07-28 22:00:00,2024-07-28 21:00:00,0,14,0.0001084543,96,2024-01-01
2024-07-28 22:00:00,2024-07-28 21:00:00,-1,15,0.00010788633,97,2024-01-01
2024-07-28 22:00:00,2024-07-28 21:00:00,0,11,0.00010649616,98,2024-01-01
2024-07-28 22:00:00,2024-07-28 21:00:00,0,13,0.00010649616,99,2024-01-01
2024-07-28 22:00:00,2024-07-28 21:00:00,-6,-3,0.00010554786,100,2024-01-01
2024-07-28 22:00:00,2024-07-28 21:00:00,-1,13,0.000105230276,101,2024-01-01
2024-07-28 22:00:00,2024-07-28 21:00:00,4,14,0.000104039675,102,2024-01-01
2024-07-28 22:00:00,2024-07-28 21:00:00,-6,-2,0.00010345932,103,2024-01-01
2024-07-28 22:00:00,2024-07-28 21:00:00,-2,13,0.000103180464,104,2024-01-01
2024-07-28 22:00:00,2024-07-28 21:00:00,-1,-4,0.00010286335,105,2024-01-01
2024-07-28 22:00:00,2024-07-28 21:00:00,-2,-5,0.00010028321,106,2024-01-01
2024-07-28 22:00:00,2024-07-28 21:00:00,-5,-5,9.7728676e-05,107,2024-01-01
2024-07-28 22:00:00,2024-07-28 21:00:00,7,1,9.603278e-05,108,2024-01-01
2024-07-28 22:00:00,2024-07-28 21:00:00,-9,0,9.429105e-05,109,2024-01-01
2024-07-28 22:00:00,2024-07-28 21:00:00,-4,17,9.337505e-05,110,2024-01-01
2024-07-28 22:00:00,2024-07-28 21:00:00,0,-5,9.259719e-05,111,2024-01-01
2024-07-28 22:00:00,2024-07-28 21:00:00,-4,10,9.1092756e-05,112,2024-01-01
2024-07-28 22:00:00,2024-07-28 21:00:00,-4,19,9.108286e-05,113,2024-01-01
2024-07-28 22:00:00,2024-07-28 21:00:00,-1,-7,9.1059075e-05,114,2024-01-01
2024-07-28 22:00:00,2024-07-28 21:00:00,-1,11,9.054102e-05,115,2024-01-01
2024-07-28 22:00:00,2024-07-28 21:00:00,6,3,8.6838125e-05,116,2024-01-01
2024-07-28 22:00:00,2024-07-28 21:00:00,-2,16,8.632828e-05,117,2024-01-01
2024-07-28 22:00:00,2024-07-28 21:00:00,1,-5,8.558173e-05,118,2024-01-01
2024-07-28 22:00:00,2024-07-28 21:00:00,0,19,8.55176e-05,119,2024-01-01
2024-07-28 22:00:00,2024-07-28 21:00:00,0,-3,8.5384054e-05,120,2024-01-01
2024-07-28 22:00:00,2024-07-28 21:00:00,-4,-5,8.528066e-05,121,2024-01-01
2024-07-28 22:00:00,2024-07-28 21:00:00,-5,1,8.1554805e-05,122,2024-01-01
2024-07-28 22:00:00,2024-07-28 21:00:00,-1,-2,8.0328704e-05,123,2024-01-01
2024-07-28 22:00:00,2024-07-28 21:00:00,-3,-2,7.997233e-05,124,2024-01-01
2024-07-28 22:00:00,2024-07-28 21:00:00,-1,-6,7.976968e-05,125,2024-01-01
2024-07-28 22:00:00,2024-07-28 21:00:00,1,-3,7.896122e-05,126,2024-01-01
2024-07-28 22:00:00,2024-07-28 21:00:00,-5,15,7.7951314e-05,127,2024-01-01
2024-07-28 22:00:00,2024-07-28 21:00:00,-3,18,7.7129225e-05,128,2024-01-01
2024-07-28 22:00:00,2024-07-28 21:00:00,-3,15,7.661858e-05,129,2024-01-01
2024-07-28 22:00:00,2024-07-28 21:00:00,5,3,7.646088e-05,130,2024-01-01
2024-07-28 22:00:00,2024-07-28 21:00:00,-5,0,7.350404e-05,131,2024-01-01
2024-07-28 22:00:00,2024-07-28 21:00:00,-6,1,7.288105e-05,132,2024-01-01
2024-07-28 22:00:00,2024-07-28 21:00:00,-5,2,7.277642e-05,133,2024-01-01
2024-07-28 22:00:00,2024-07-28 21:00:00,-5,10,7.269855e-05,134,2024-01-01
2024-07-28 22:00:00,2024-07-28 21:00:00,4,-6,6.942805e-05,135,2024-01-01
2024-07-28 22:00:00,2024-07-28 21:00:00,9,-2,6.901394e-05,136,2024-01-01
2024-07-28 22:00:00,2024-07-28 21:00:00,2,0,6.896255e-05,137,2024-01-01
2024-07-28 22:00:00,2024-07-28 21:00:00,5,2,6.7619134e-05,138,2024-01-01
2024-07-28 22:00:00,2024-07-28 21:00:00,1,5,6.722012e-05,139,2024-01-01
2024-07-28 22:00:00,2024-07-28 21:00:00,7,-1,6.715286e-05,140,2024-01-01
2024-07-28 22:00:00,2024-07-28 21:00:00,-4,4,6.689405e-05,141,2024-01-01
2024-07-28 22:00:00,2024-07-28 21:00:00,2,-3,6.644072e-05,142,2024-01-01
2024-07-28 22:00:00,2024-07-28 21:00:00,-5,4,6.625098e-05,143,2024-01-01
2024-07-28 22:00:00,2024-07-28 21:00:00,4,1,6.611765e-05,144,2024-01-01
2024-07-28 22:00:00,2024-07-28 21:00:00,-1,7,6.602709e-05,145,2024-01-01
2024-07-28 22:00:00,2024-07-28 21:00:00,1,2,6.599292e-05,146,2024-01-01
2024-07-28 22:00:00,2024-07-28 21:00:00,1,1,6.563647e-05,147,2024-01-01
2024-07-28 22:00:00,2024-07-28 21:00:00,2,-2,6.535522e-05,148,2024-01-01
2024-07-28 22:00:00,2024-07-28 21:00:00,-1,16,6.4060674e-05,149,2024-01-01
2024-07-28 22:00:00,2024-07-28 21:00:00,-2,10,6.402649e-05,150,2024-01-01
2024-07-28 22:00:00,2024-07-28 21:00:00,3,-2,6.355494e-05,151,2024-01-01
2024-07-28 22:00:00,2024-07-28 21:00:00,-3,14,6.324379e-05,152,2024-01-01
2024-07-28 22:00:00,2024-07-28 21:00:00,3,-3,6.210317e-05,153,2024-01-01
2024-07-28 22:00:00,2024-07-28 21:00:00,-4,5,6.167425e-05,154,2024-01-01
2024-07-28 22:00:00,2024-07-28 21:00:00,3,-1,6.076855e-05,155,2024-01-01
2024-07-28 22:00:00,2024-07-28 21:00:00,-3,12,6.065411e-05,156,2024-01-01
2024-07-28 22:00:00,2024-07-28 21:00:00,-2,11,5.9142214e-05,157,2024-01-01
2024-07-28 22:00:00,2024-07-28 21:00:00,-5,11,5.8937647e-05,158,2024-01-01
2024-07-28 22:00:00,2024-07-28 21:00:00,-6,15,5.7819434e-05,159,2024-01-01
2024-07-28 22:00:00,2024-07-28 21:00:00,-4,8,5.744306e-05,160,2024-01-01
2024-07-28 22:00:00,2024-07-28 21:00:00,-5,9,5.7219964e-05,161,2024-01-01
2024-07-28 22:00:00,2024-07-28 21:00:00,8,-4,5.710068e-05,162,2024-01-01
2024-07-28 22:00:00,2024-07-28 21:00:00,-4,3,5.6922185e-05,163,2024-01-01
2024-07-28 22:00:00,2024-07-28 21:00:00,-4,2,5.691373e-05,164,2024-01-01
2024-07-28 22:00:00,2024-07-28 21:00:00,0,1,5.65411e-05,165,2024-01-01
2024-07-28 22:00:00,2024-07-28 21:00:00,8,-3,5.5745466e-05,166,2024-01-01
2024-07-28 22:00:00,2024-07-28 21:00:00,-4,12,5.5695535e-05,167,2024-01-01
2024-07-28 22:00:00,2024-07-28 21:00:00,-2,9,5.5189495e-05,168,2024-01-01
2024-07-28 22:00:00,2024-07-28 21:00:00,5,-3,5.4127784e-05,169,2024-01-01
2024-07-28 22:00:00,2024-07-28 21:00:00,-3,9,5.3912267e-05,170,2024-01-01
2024-07-28 22:00:00,2024-07-28 21:00:00,-6,8,5.2977033e-05,171,2024-01-01
2024-07-28 22:00:00,2024-07-28 21:00:00,-2,1,5.2941952e-05,172,2024-01-01
2024-07-28 22:00:00,2024-07-28 21:00:00,0,5,5.2874893e-05,173,2024-01-01
2024-07-28 22:00:00,2024-07-28 21:00:00,-2,8,5.2139254e-05,174,2024-01-01
2024-07-28 22:00:00,2024-07-28 21:00:00,-3,7,5.167762e-05,175,2024-01-01
2024-07-28 22:00:00,2024-07-28 21:00:00,-3,2,5.0722167e-05,176,2024-01-01
2024-07-28 22:00:00,2024-07-28 21:00:00,-3,8,5.0539104e-05,177,2024-01-01
2024-07-28 22:00:00,2024-07-28 21:00:00,5,-1,5.0536066e-05,178,2024-01-01
2024-07-28 22:00:00,2024-07-28 21:00:00,-1,3,5.033539e-05,179,2024-01-01
2024-07-28 22:00:00,2024-07-28 21:00:00,-2,3,4.9395345e-05,180,2024-01-01
2024-07-28 22:00:00,2024-07-28 21:00:00,-9,6,4.8991915e-05,181,2024-01-01
2024-07-28 22:00:00,2024-07-28 21:00:00,-1,2,4.8644404e-05,182,2024-01-01
2024-07-28 22:00:00,2024-07-28 21:00:00,-8,6,4.7582096e-05,183,2024-01-01
2024-07-28 22:00:00,2024-07-28 21:00:00,5,-4,4.7060385e-05,184,2024-01-01
2024-07-28 22:00:00,2024-07-28 21:00:00,-10,8,4.5488952e-05,185,2024-01-01
2024-07-28 22:00:00,2024-07-28 21:00:00,-1,9,4.4662287e-05,186,2024-01-01
2024-07-28 23:00:00,2024-07-28 22:00:00,9,1,0.6753779,1,2024-01-01
2024-07-28 23:00:00,2024-07-28 22:00:00,-1,0,0.14288841,2,2024-01-01
2024-07-28 23:00:00,2024-07-28 22:00:00,0,-1,0.13728163,3,2024-01-01
2024-07-28 23:00:00,2024-07-28 22:00:00,-5,-2,0.13697255,4,2024-01-01
2024-07-28 23:00:00,2024-07-28 22:00:00,1,0,0.12144357,5,2024-01-01
2024-07-28 23:00:00,2024-07-28 22:00:00,-12,-5,0.12055362,6,2024-01-01
2024-07-28 23:00:00,2024-07-28 22:00:00,0,0,0.10222416,7,2024-01-01
2024-07-28 23:00:00,2024-07-28 22:00:00,-2,-3,0.09750495,8,2024-01-01
2024-07-28 23:00:00,2024-07-28 22:00:00,-1,-1,0.06940338,9,2024-01-01
2024-07-28 23:00:00,2024-07-28 22:00:00,-3,-4,0.05824868,10,2024-01-01
2024-07-28 23:00:00,2024-07-28 22:00:00,1,-1,0.04459637,11,2024-01-01
2024-07-28 23:00:00,2024-07-28 22:00:00,-4,-2,0.044338394,12,2024-01-01
2024-07-28 23:00:00,2024-07-28 22:00:00,-2,-2,0.04399808,13,2024-01-01
2024-07-28 23:00:00,2024-07-28 22:00:00,-2,-1,0.03838105,14,2024-01-01
2024-07-28 23:00:00,2024-07-28 22:00:00,6,-3,0.03338793,15,2024-01-01
2024-07-28 23:00:00,2024-07-28 22:00:00,0,-2,0.028668014,16,2024-01-01
2024-07-28 23:00:00,2024-07-28 22:00:00,-11,-5,0.026739612,17,2024-01-01
2024-07-28 23:00:00,2024-07-28 22:00:00,-2,-4,0.024036704,18,2024-01-01
2024-07-28 23:00:00,2024-07-28 22:00:00,-5,-1,0.02075366,19,2024-01-01
2024-07-28 23:00:00,2024-07-28 22:00:00,-3,-3,0.020254875,20,2024-01-01
2024-07-28 23:00:00,2024-07-28 22:00:00,-2,0,0.019633973,21,2024-01-01
2024-07-28 23:00:00,2024-07-28 22:00:00,-4,-3,0.016703328,22,2024-01-01
2024-07-28 23:00:00,2024-07-28 22:00:00,6,-4,0.014897916,23,2024-01-01
2024-07-28 23:00:00,2024-07-28 22:00:00,10,3,0.007876054,24,2024-01-01
2024-07-28 23:00:00,2024-07-28 22:00:00,0,8,0.007122398,25,2024-01-01
2024-07-28 23:00:00,2024-07-28 22:00:00,5,-2,0.0033383046,26,2024-01-01
2024-07-28 23:00:00,2024-07-28 22:00:00,-10,10,0.0024211633,27,2024-01-01
2024-07-28 23:00:00,2024-07-28 22:00:00,7,4,0.0023368055,28,2024-01-01
2024-07-28 23:00:00,2024-07-28 22:00:00,2,-1,0.00221515,29,2024-01-01
2024-07-28 23:00:00,2024-07-28 22:00:00,4,-1,0.0018326972,30,2024-01-01
2024-07-28 23:00:00,2024-07-28 22:00:00,0,12,0.0016761333,31,2024-01-01
2024-07-28 23:00:00,2024-07-28 22:00:00,0,17,0.0012913237,32,2024-01-01
2024-07-28 23:00:00,2024-07-28 22:00:00,7,-5,0.0010166694,33,2024-01-01
2024-07-28 23:00:00,2024-07-28 22:00:00,-3,0,0.00087103667,34,2024-01-01
2024-07-28 23:00:00,2024-07-28 22:00:00,-3,-1,0.00082507747,35,2024-01-01
2024-07-28 23:00:00,2024-07-28 22:00:00,-7,1,0.0008177843,36,2024-01-01
2024-07-28 23:00:00,2024-07-28 22:00:00,2,1,0.0007947683,37,2024-01-01
2024-07-28 23:00:00,2024-07-28 22:00:00,-1,-3,0.00076853484,38,2024-01-01
2024-07-28 23:00:00,2024-07-28 22:00:00,-5,-3,0.0007592085,39,2024-01-01
2024-07-28 23:00:00,2024-07-28 22:00:00,-1,1,0.00073493476,40,2024-01-01
2024-07-28 23:00:00,2024-07-28 22:00:00,-4,0,0.0007206511,41,2024-01-01
2024-07-28 23:00:00,2024-07-28 22:00:00,-4,-1,0.0007006699,42,2024-01-01
2024-07-28 23:00:00,2024-07-28 22:00:00,3,1,0.00066934666,43,2024-01-01
2024-07-28 23:00:00,2024-07-28 22:00:00,1,6,0.00057046185,44,2024-01-01
2024-07-28 23:00:00,2024-07-28 22:00:00,7,-4,0.00052775006,45,2024-01-01
2024-07-28 23:00:00,2024-07-28 22:00:00,3,0,0.00051881163,46,2024-01-01
2024-07-28 23:00:00,2024-07-28 22:00:00,-1,8,0.00047683335,47,2024-01-01
2024-07-28 23:00:00,2024-07-28 22:00:00,-1,6,0.00046060784,48,2024-01-01
2024-07-28 23:00:00,2024-07-28 22:00:00,-4,-4,0.00043120186,49,2024-01-01
2024-07-28 23:00:00,2024-07-28 22:00:00,-5,-4,0.0004098244,50,2024-01-01
2024-07-28 23:00:00,2024-07-28 22:00:00,-3,13,0.00040488888,51,2024-01-01
2024-07-28 23:00:00,2024-07-28 22:00:00,-3,1,0.0003881423,52,2024-01-01
2024-07-28 23:00:00,2024-07-28 22:00:00,1,-2,0.0003747597,53,2024-01-01
2024-07-28 23:00:00,2024-07-28 22:00:00,-3,11,0.00035996115,54,2024-01-01
2024-07-28 23:00:00,2024-07-28 22:00:00,-6,4,0.00033105878,55,2024-01-01
2024-07-28 23:00:00,2024-07-28 22:00:00,-9,-1,0.00031173657,56,2024-01-01
2024-07-28 23:00:00,2024-07-28 22:00:00,9,2,0.00030343735,57,2024-01-01
2024-07-28 23:00:00,2024-07-28 22:00:00,4,-4,0.0002981449,58,2024-01-01
2024-07-28 23:00:00,2024-07-28 22:00:00,-7,-1,0.00029334694,59,2024-01-01
2024-07-28 23:00:00,2024-07-28 22:00:00,10,-1,0.00028983888,60,2024-01-01
2024-07-28 23:00:00,2024-07-28 22:00:00,8,-1,0.00028265791,61,2024-01-01
2024-07-28 23:00:00,2024-07-28 22:00:00,-1,5,0.00026048545,62,2024-01-01
2024-07-28 23:00:00,2024-07-28 22:00:00,10,5,0.00024600886,63,2024-01-01
2024-07-28 23:00:00,2024-07-28 22:00:00,0,18,0.0002361057,64,2024-01-01
2024-07-28 23:00:00,2024-07-28 22:00:00,-4,10,0.00023297126,65,2024-01-01
2024-07-28 23:00:00,2024-07-28 22:00:00,-1,18,0.00022736339,66,2024-01-01
2024-07-28 23:00:00,2024-07-28 22:00:00,1,9,0.00022611307,67,2024-01-01
2024-07-28 23:00:00,2024-07-28 22:00:00,-5,1,0.00021379809,68,2024-01-01
2024-07-28 23:00:00,2024-07-28 22:00:00,-6,1,0.00021222474,69,2024-01-01
2024-07-28 23:00:00,2024-07-28 22:00:00,-4,2,0.00021153594,70,2024-01-01
2024-07-28 23:00:00,2024-07-28 22:00:00,-5,2,0.00021068001,71,2024-01-01
2024-07-28 23:00:00,2024-07-28 22:00:00,-6,-3,0.000206995,72,2024-01-01
2024-07-28 23:00:00,2024-07-28 22:00:00,0,-3,0.00020627822,73,2024-01-01
2024-07-28 23:00:00,2024-07-28 22:00:00,-6,-2,0.00020593211,74,2024-01-01
2024-07-28 23:00:00,2024-07-28 22:00:00,-1,-2,0.00020411359,75,2024-01-01
2024-07-28 23:00:00,2024-07-28 22:00:00,-9,-5,0.00020369836,76,2024-01-01
2024-07-28 23:00:00,2024-07-28 22:00:00,6,5,0.000203348,77,2024-01-01
2024-07-28 23:00:00,2024-07-28 22:00:00,-2,1,0.00019924152,78,2024-01-01
2024-07-28 23:00:00,2024-07-28 22:00:00,-3,2,0.00019847073,79,2024-01-01
2024-07-28 23:00:00,2024-07-28 22:00:00,-1,-4,0.00019698683,80,2024-01-01
2024-07-28 23:00:00,2024-07-28 22:00:00,1,-3,0.0001961876,81,2024-01-01
2024-07-28 23:00:00,2024-07-28 22:00:00,1,-5,0.00019512873,82,2024-01-01
2024-07-28 23:00:00,2024-07-28 22:00:00,-2,-5,0.00019482833,83,2024-01-01
2024-07-28 23:00:00,2024-07-28 22:00:00,-9,6,0.0001947736,84,2024-01-01
2024-07-28 23:00:00,2024-07-28 22:00:00,0,-5,0.0001945609,85,2024-01-01
2024-07-28 23:00:00,2024-07-28 22:00:00,-10,8,0.00019427306,86,2024-01-01
2024-07-28 23:00:00,2024-07-28 22:00:00,-1,2,0.00019210357,87,2024-01-01
2024-07-28 23:00:00,2024-07-28 22:00:00,6,6,0.0001914135,88,2024-01-01
2024-07-28 23:00:00,2024-07-28 22:00:00,0,1,0.0001902517,89,2024-01-01
2024-07-28 23:00:00,2024-07-28 22:00:00,-2,3,0.00018958567,90,2024-01-01
2024-07-28 23:00:00,2024-07-28 22:00:00,1,1,0.00018875142,91,2024-01-01
2024-07-28 23:00:00,2024-07-28 22:00:00,-3,-2,0.00018782355,92,2024-01-01
2024-07-28 23:00:00,2024-07-28 22:00:00,-1,3,0.0001868996,93,2024-01-01
2024-07-28 23:00:00,2024-07-28 22:00:00,-2,13,0.00018596223,94,2024-01-01
2024-07-28 23:00:00,2024-07-28 22:00:00,-4,-5,0.00018559973,95,2024-01-01
2024-07-28 23:00:00,2024-07-28 22:00:00,-2,15,0.00018548,96,2024-01-01
2024-07-28 23:00:00,2024-07-28 22:00:00,1,2,0.00018534348,97,2024-01-01
2024-07-28 23:00:00,2024-07-28 22:00:00,-4,3,0.00018202946,98,2024-01-01
2024-07-28 23:00:00,2024-07-28 22:00:00,-10,-3,0.00017880245,99,2024-01-01
2024-07-28 23:00:00,2024-07-28 22:00:00,2,-3,0.00017864832,100,2024-01-01
2024-07-28 23:00:00,2024-07-28 22:00:00,2,0,0.00017731299,101,2024-01-01
2024-07-28 23:00:00,2024-07-28 22:00:00,-5,0,0.00017598126,102,2024-01-01
2024-07-28 23:00:00,2024-07-28 22:00:00,-8,6,0.0001724242,103,2024-01-01
2024-07-28 23:00:00,2024-07-28 22:00:00,2,-6,0.00017173395,104,2024-01-01
2024-07-28 23:00:00,2024-07-28 22:00:00,4,-6,0.0001705914,105,2024-01-01
2024-07-28 23:00:00,2024-07-28 22:00:00,9,3,0.00016638816,106,2024-01-01
2024-07-28 23:00:00,2024-07-28 22:00:00,2,-2,0.00016633677,107,2024-01-01
2024-07-28 23:00:00,2024-07-28 22:00:00,-4,4,0.00016362527,108,2024-01-01
2024-07-28 23:00:00,2024-07-28 22:00:00,-5,4,0.00016335498,109,2024-01-01
2024-07-28 23:00:00,2024-07-28 22:00:00,-6,8,0.00016253021,110,2024-01-01
2024-07-28 23:00:00,2024-07-28 22:00:00,3,-3,0.00016076378,111,2024-01-01
2024-07-28 23:00:00,2024-07-28 22:00:00,-1,-6,0.00015899813,112,2024-01-01
2024-07-28 23:00:00,2024-07-28 22:00:00,10,0,0.00015895082,113,2024-01-01
2024-07-28 23:00:00,2024-07-28 22:00:00,5,3,0.00015752803,114,2024-01-01
2024-07-28 23:00:00,2024-07-28 22:00:00,2,20,0.00015726556,115,2024-01-01
2024-07-28 23:00:00,2024-07-28 22:00:00,-5,9,0.000155534,116,2024-01-01
2024-07-28 23:00:00,2024-07-28 22:00:00,-5,10,0.000155534,117,2024-01-01
2024-07-28 23:00:00,2024-07-28 22:00:00,-5,11,0.00015544787,118,2024-01-01
2024-07-28 23:00:00,2024-07-28 22:00:00,6,3,0.0001543782,119,2024-01-01
2024-07-28 23:00:00,2024-07-28 22:00:00,2,8,0.00015413888,120,2024-01-01
2024-07-28 23:00:00,2024-07-28 22:00:00,9,0,0.00015304999,121,2024-01-01
2024-07-28 23:00:00,2024-07-28 22:00:00,8,-3,0.00015297098,122,2024-01-01
2024-07-28 23:00:00,2024-07-28 22:00:00,5,-3,0.00015280186,123,2024-01-01
2024-07-28 23:00:00,2024-07-28 22:00:00,5,-4,0.00015207252,124,2024-01-01
2024-07-28 23:00:00,2024-07-28 22:00:00,9,-2,0.00015190772,125,2024-01-01
2024-07-28 23:00:00,2024-07-28 22:00:00,2,7,0.0001518004,126,2024-01-01
2024-07-28 23:00:00,2024-07-28 22:00:00,8,1,0.00015149992,127,2024-01-01
2024-07-28 23:00:00,2024-07-28 22:00:00,8,-4,0.00015114505,128,2024-01-01
2024-07-28 23:00:00,2024-07-28 22:00:00,3,-2,0.00015090988,129,2024-01-01
2024-07-28 23:00:00,2024-07-28 22:00:00,8,0,0.00014955207,130,2024-01-01
2024-07-28 23:00:00,2024-07-28 22:00:00,7,-1,0.00014885931,131,2024-01-01
2024-07-28 23:00:00,2024-07-28 22:00:00,1,8,0.00014829973,132,2024-01-01
2024-07-28 23:00:00,2024-07-28 22:00:00,-10,-4,0.00014808355,133,2024-01-01
2024-07-28 23:00:00,2024-07-28 22:00:00,3,17,0.00014806366,134,2024-01-01
2024-07-28 23:00:00,2024-07-28 22:00:00,-4,19,0.00014768628,135,2024-01-01
2024-07-28 23:00:00,2024-07-28 22:00:00,7,11,0.00014722737,136,2024-01-01
2024-07-28 23:00:00,2024-07-28 22:00:00,-4,8,0.00014683162,137,2024-01-01
2024-07-28 23:00:00,2024-07-28 22:00:00,1,5,0.00014643553,138,2024-01-01
2024-07-28 23:00:00,2024-07-28 22:00:00,4,1,0.00014621511,139,2024-01-01
2024-07-28 23:00:00,2024-07-28 22:00:00,5,-1,0.00014621511,140,2024-01-01
2024-07-28 23:00:00,2024-07-28 22:00:00,-5,-5,0.00014607706,141,2024-01-01
2024-07-28 23:00:00,2024-07-28 22:00:00,1,20,0.00014578785,142,2024-01-01
2024-07-28 23:00:00,2024-07-28 22:00:00,6,11,0.00014559533,143,2024-01-01
2024-07-28 23:00:00,2024-07-28 22:00:00,7,1,0.00014547096,144,2024-01-01
2024-07-28 23:00:00,2024-07-28 22:00:00,0,5,0.0001448943,145,2024-01-01
2024-07-28 23:00:00,2024-07-28 22:00:00,3,-1,0.00014330774,146,2024-01-01
2024-07-28 23:00:00,2024-07-28 22:00:00,0,-6,0.00014304515,147,2024-01-01
2024-07-28 23:00:00,2024-07-28 22:00:00,5,2,0.00014296935,148,2024-01-01
2024-07-28 23:00:00,2024-07-28 22:00:00,-1,7,0.00014205706,149,2024-01-01
2024-07-28 23:00:00,2024-07-28 22:00:00,1,-7,0.0001400808,150,2024-01-01
2024-07-28 23:00:00,2024-07-28 22:00:00,2,-7,0.0001400808,151,2024-01-01
2024-07-28 23:00:00,2024-07-28 22:00:00,-1,-7,0.0001396772,152,2024-01-01
2024-07-28 23:00:00,2024-07-28 22:00:00,-4,5,0.0001391372,153,2024-01-01
2024-07-28 23:00:00,2024-07-28 22:00:00,-3,7,0.00013829599,154,2024-01-01
2024-07-28 23:00:00,2024-07-28 22:00:00,1,19,0.00013655638,155,2024-01-01
2024-07-28 23:00:00,2024-07-28 22:00:00,-6,15,0.00013642716,156,2024-01-01
2024-07-28 23:00:00,2024-07-28 22:00:00,-3,8,0.00013476866,157,2024-01-01
2024-07-28 23:00:00,2024-07-28 22:00:00,-4,12,0.00013435126,158,2024-01-01
2024-07-28 23:00:00,2024-07-28 22:00:00,-5,15,0.00013350275,159,2024-01-01
2024-07-28 23:00:00,2024-07-28 22:00:00,2,9,0.00013291226,160,2024-01-01
2024-07-28 23:00:00,2024-07-28 22:00:00,0,19,0.00013175605,161,2024-01-01
2024-07-28 23:00:00,2024-07-28 22:00:00,0,9,0.00012904541,162,2024-01-01
2024-07-28 23:00:00,2024-07-28 22:00:00,-2,8,0.00012846696,163,2024-01-01
2024-07-28 23:00:00,2024-07-28 22:00:00,-3,9,0.0001270119,164,2024-01-01
2024-07-28 23:00:00,2024-07-28 22:00:00,-9,0,0.00012688723,165,2024-01-01
2024-07-28 23:00:00,2024-07-28 22:00:00,-2,10,0.00012592367,166,2024-01-01
2024-07-28 23:00:00,2024-07-28 22:00:00,4,14,0.00012536507,167,2024-01-01
2024-07-28 23:00:00,2024-07-28 22:00:00,1,11,0.00012521553,168,2024-01-01
2024-07-28 23:00:00,2024-07-28 22:00:00,0,11,0.00012451806,169,2024-01-01
2024-07-28 23:00:00,2024-07-28 22:00:00,-1,9,0.00012436732,170,2024-01-01
2024-07-28 23:00:00,2024-07-28 22:00:00,-3,18,0.0001242457,171,2024-01-01
2024-07-28 23:00:00,2024-07-28 22:00:00,-2,11,0.00012421135,172,2024-01-01
2024-07-28 23:00:00,2024-07-28 22:00:00,-1,11,0.00012421135,173,2024-01-01
2024-07-28 23:00:00,2024-07-28 22:00:00,0,14,0.00012406897,174,2024-01-01
2024-07-28 23:00:00,2024-07-28 22:00:00,-4,17,0.00012376295,175,2024-01-01
2024-07-28 23:00:00,2024-07-28 22:00:00,-1,13,0.0001232755,176,2024-01-01
2024-07-28 23:00:00,2024-07-28 22:00:00,-3,12,0.00012298554,177,2024-01-01
2024-07-28 23:00:00,2024-07-28 22:00:00,0,13,0.00012288183,178,2024-01-01
2024-07-28 23:00:00,2024-07-28 22:00:00,-2,9,0.000118939264,179,2024-01-01
2024-07-28 23:00:00,2024-07-28 22:00:00,-3,15,0.0001180039,180,2024-01-01
2024-07-28 23:00:00,2024-07-28 22:00:00,-1,15,0.00011758346,181,2024-01-01
2024-07-28 23:00:00,2024-07-28 22:00:00,-9,-4,0.00011730442,182,2024-01-01
2024-07-28 23:00:00,2024-07-28 22:00:00,-2,16,0.00011421309,183,2024-01-01
2024-07-28 23:00:00,2024-07-28 22:00:00,-3,14,0.00011399281,184,2024-01-01
2024-07-28 23:00:00,2024-07-28 22:00:00,-1,16,0.00011181374,185,2024-01-01
2024-07-28 23:00:00,2024-07-28 22:00:00,-11,-6,8.653131e-05,186,2024-01-01
2024-09-02 02:00:00,2024-09-02 01:00:00,9,1,0.2626156,1,2024-01-01
2024-09-02 02:00:00,2024-09-02 01:00:00,1,0,0.018464614,2,2024-01-01
2024-09-02 02:00:00,2024-09-02 01:00:00,0,0,0.017361902,3,2024-01-01
2024-09-02 02:00:00,2024-09-02 01:00:00,0,-1,0.016290493,4,2024-01-01
2024-09-02 02:00:00,2024-09-02 01:00:00,-1,0,0.015514083,5,2024-01-01
2024-09-02 02:00:00,2024-09-02 01:00:00,-2,-3,0.01447129,6,2024-01-01
2024-09-02 02:00:00,2024-09-02 01:00:00,-12,-5,0.011112568,7,2024-01-01
2024-09-02 02:00:00,2024-09-02 01:00:00,1,-1,0.00901227,8,2024-01-01
2024-09-02 02:00:00,2024-09-02 01:00:00,-11,-5,0.0076688207,9,2024-01-01
2024-09-02 02:00:00,2024-09-02 01:00:00,-1,-1,0.006961848,10,2024-01-01
2024-09-02 02:00:00,2024-09-02 01:00:00,-2,-1,0.006308006,11,2024-01-01
2024-09-02 02:00:00,2024-09-02 01:00:00,-4,-2,0.005591726,12,2024-01-01
2024-09-02 02:00:00,2024-09-02 01:00:00,-2,-4,0.0048739086,13,2024-01-01
2024-09-02 02:00:00,2024-09-02 01:00:00,-2,-2,0.0047357976,14,2024-01-01
2024-09-02 02:00:00,2024-09-02 01:00:00,-4,-3,0.0046188845,15,2024-01-01
2024-09-02 02:00:00,2024-09-02 01:00:00,6,-4,0.003954939,16,2024-01-01
2024-09-02 02:00:00,2024-09-02 01:00:00,-3,-4,0.0035690747,17,2024-01-01
2024-09-02 02:00:00,2024-09-02 01:00:00,-5,-2,0.0033755426,18,2024-01-01
2024-09-02 02:00:00,2024-09-02 01:00:00,-2,0,0.0022950962,19,2024-01-01
2024-09-02 02:00:00,2024-09-02 01:00:00,0,-2,0.001959819,20,2024-01-01
2024-09-02 02:00:00,2024-09-02 01:00:00,0,17,0.001956463,21,2024-01-01
2024-09-02 02:00:00,2024-09-02 01:00:00,5,-2,0.0011805234,22,2024-01-01
2024-09-02 02:00:00,2024-09-02 01:00:00,0,8,0.0010179778,23,2024-01-01
2024-09-02 02:00:00,2024-09-02 01:00:00,6,-3,0.0009063163,24,2024-01-01
2024-09-02 02:00:00,2024-09-02 01:00:00,1,-2,0.0008259735,25,2024-01-01
2024-09-02 02:00:00,2024-09-02 01:00:00,2,-1,0.00071903894,26,2024-01-01
2024-09-02 02:00:00,2024-09-02 01:00:00,4,-1,0.0006590788,27,2024-01-01
2024-09-02 02:00:00,2024-09-02 01:00:00,-5,-1,0.00064674596,28,2024-01-01
2024-09-02 02:00:00,2024-09-02 01:00:00,-3,-3,0.00060078665,29,2024-01-01
2024-09-02 02:00:00,2024-09-02 01:00:00,8,1,0.000453754,30,2024-01-01
2024-09-02 02:00:00,2024-09-02 01:00:00,-4,0,0.000369644,31,2024-01-01
2024-09-02 02:00:00,2024-09-02 01:00:00,-4,-1,0.00036369765,32,2024-01-01
2024-09-02 02:00:00,2024-09-02 01:00:00,-3,11,0.00036334727,33,2024-01-01
2024-09-02 02:00:00,2024-09-02 01:00:00,7,-5,0.00034939437,34,2024-01-01
2024-09-02 02:00:00,2024-09-02 01:00:00,-1,-3,0.00033670815,35,2024-01-01
2024-09-02 02:00:00,2024-09-02 01:00:00,10,3,0.0003166943,36,2024-01-01
2024-09-02 02:00:00,2024-09-02 01:00:00,-1,1,0.0003112035,37,2024-01-01
2024-09-02 02:00:00,2024-09-02 01:00:00,-1,16,0.00029916246,38,2024-01-01
2024-09-02 02:00:00,2024-09-02 01:00:00,-3,0,0.00029361335,39,2024-01-01
2024-09-02 02:00:00,2024-09-02 01:00:00,-3,-1,0.00029029223,40,2024-01-01
2024-09-02 02:00:00,2024-09-02 01:00:00,3,1,0.00026779805,41,2024-01-01
2024-09-02 02:00:00,2024-09-02 01:00:00,0,12,0.0002601892,42,2024-01-01
2024-09-02 02:00:00,2024-09-02 01:00:00,2,0,0.00022043723,43,2024-01-01
2024-09-02 02:00:00,2024-09-02 01:00:00,7,-4,0.00019913334,44,2024-01-01
2024-09-02 02:00:00,2024-09-02 01:00:00,2,1,0.00018436949,45,2024-01-01
2024-09-02 02:00:00,2024-09-02 01:00:00,-1,6,0.00017131289,46,2024-01-01
2024-09-02 02:00:00,2024-09-02 01:00:00,-9,-1,0.00016149333,47,2024-01-01
2024-09-02 02:00:00,2024-09-02 01:00:00,-7,-1,0.00016060827,48,2024-01-01
2024-09-02 02:00:00,2024-09-02 01:00:00,-1,8,0.00016050306,49,2024-01-01
2024-09-02 02:00:00,2024-09-02 01:00:00,-4,-4,0.00015875029,50,2024-01-01
2024-09-02 02:00:00,2024-09-02 01:00:00,-5,-4,0.00015345444,51,2024-01-01
2024-09-02 02:00:00,2024-09-02 01:00:00,1,6,0.00015320849,52,2024-01-01
2024-09-02 02:00:00,2024-09-02 01:00:00,-5,-3,0.00015276058,53,2024-01-01
2024-09-02 02:00:00,2024-09-02 01:00:00,-1,-2,0.00015208595,54,2024-01-01
2024-09-02 02:00:00,2024-09-02 01:00:00,3,0,0.00014127362,55,2024-01-01
2024-09-02 02:00:00,2024-09-02 01:00:00,-3,13,0.00013875724,56,2024-01-01
2024-09-02 02:00:00,2024-09-02 01:00:00,7,4,0.00013091681,57,2024-01-01
2024-09-02 02:00:00,2024-09-02 01:00:00,-3,1,0.00013036393,58,2024-01-01
2024-09-02 02:00:00,2024-09-02 01:00:00,-9,-5,0.000121802535,59,2024-01-01
2024-09-02 02:00:00,2024-09-02 01:00:00,-6,4,0.00010916838,60,2024-01-01
2024-09-02 02:00:00,2024-09-02 01:00:00,-10,10,0.00010739621,61,2024-01-01
2024-09-02 02:00:00,2024-09-02 01:00:00,10,5,0.0001066112,62,2024-01-01
2024-09-02 02:00:00,2024-09-02 01:00:00,10,-1,0.000102484606,63,2024-01-01
2024-09-02 02:00:00,2024-09-02 01:00:00,9,2,0.00010162923,64,2024-01-01
2024-09-02 02:00:00,2024-09-02 01:00:00,8,-1,9.2098e-05,65,2024-01-01
2024-09-02 02:00:00,2024-09-02 01:00:00,6,5,8.7483146e-05,66,2024-01-01
2024-09-02 02:00:00,2024-09-02 01:00:00,-10,-3,8.642724e-05,67,2024-01-01
2024-09-02 02:00:00,2024-09-02 01:00:00,-9,-4,8.553645e-05,68,2024-01-01
2024-09-02 02:00:00,2024-09-02 01:00:00,-1,5,8.51797e-05,69,2024-01-01
2024-09-02 02:00:00,2024-09-02 01:00:00,-10,-4,8.456901e-05,70,2024-01-01
2024-09-02 02:00:00,2024-09-02 01:00:00,9,3,8.00441e-05,71,2024-01-01
2024-09-02 02:00:00,2024-09-02 01:00:00,-1,18,7.931917e-05,72,2024-01-01
2024-09-02 02:00:00,2024-09-02 01:00:00,0,-5,7.760545e-05,73,2024-01-01
2024-09-02 02:00:00,2024-09-02 01:00:00,1,9,7.704144e-05,74,2024-01-01
2024-09-02 02:00:00,2024-09-02 01:00:00,0,1,7.6616976e-05,75,2024-01-01
2024-09-02 02:00:00,2024-09-02 01:00:00,-5,1,7.653159e-05,76,2024-01-01
2024-09-02 02:00:00,2024-09-02 01:00:00,-6,-3,7.579677e-05,77,2024-01-01
2024-09-02 02:00:00,2024-09-02 01:00:00,-6,1,7.574921e-05,78,2024-01-01
2024-09-02 02:00:00,2024-09-02 01:00:00,-6,-2,7.529885e-05,79,2024-01-01
2024-09-02 02:00:00,2024-09-02 01:00:00,-1,-4,7.467674e-05,80,2024-01-01
2024-09-02 02:00:00,2024-09-02 01:00:00,1,1,7.454694e-05,81,2024-01-01
2024-09-02 02:00:00,2024-09-02 01:00:00,0,-3,7.354887e-05,82,2024-01-01
2024-09-02 02:00:00,2024-09-02 01:00:00,-5,0,7.1438546e-05,83,2024-01-01
2024-09-02 02:00:00,2024-09-02 01:00:00,-7,1,7.133045e-05,84,2024-01-01
2024-09-02 02:00:00,2024-09-02 01:00:00,-9,0,7.1027054e-05,85,2024-01-01
2024-09-02 02:00:00,2024-09-02 01:00:00,-2,-5,7.075681e-05,86,2024-01-01
2024-09-02 02:00:00,2024-09-02 01:00:00,1,-3,7.0079e-05,87,2024-01-01
2024-09-02 02:00:00,2024-09-02 01:00:00,-5,-5,6.950113e-05,88,2024-01-01
2024-09-02 02:00:00,2024-09-02 01:00:00,-4,-5,6.723726e-05,89,2024-01-01
2024-09-02 02:00:00,2024-09-02 01:00:00,6,6,6.45068e-05,90,2024-01-01
2024-09-02 02:00:00,2024-09-02 01:00:00,-2,1,6.4182044e-05,91,2024-01-01
2024-09-02 02:00:00,2024-09-02 01:00:00,-3,-2,6.390997e-05,92,2024-01-01
2024-09-02 02:00:00,2024-09-02 01:00:00,-10,8,6.2571075e-05,93,2024-01-01
2024-09-02 02:00:00,2024-09-02 01:00:00,0,13,6.153079e-05,94,2024-01-01
2024-09-02 02:00:00,2024-09-02 01:00:00,-11,-6,6.088971e-05,95,2024-01-01
2024-09-02 02:00:00,2024-09-02 01:00:00,-4,2,6.0645787e-05,96,2024-01-01
2024-09-02 02:00:00,2024-09-02 01:00:00,-5,2,6.0337636e-05,97,2024-01-01
2024-09-02 02:00:00,2024-09-02 01:00:00,-3,2,6.022402e-05,98,2024-01-01
2024-09-02 02:00:00,2024-09-02 01:00:00,3,-3,6.008185e-05,99,2024-01-01
2024-09-02 02:00:00,2024-09-02 01:00:00,-4,3,5.959619e-05,100,2024-01-01
2024-09-02 02:00:00,2024-09-02 01:00:00,2,-3,5.8959373e-05,101,2024-01-01
2024-09-02 02:00:00,2024-09-02 01:00:00,8,-4,5.8794776e-05,102,2024-01-01
2024-09-02 02:00:00,2024-09-02 01:00:00,1,-5,5.8699374e-05,103,2024-01-01
2024-09-02 02:00:00,2024-09-02 01:00:00,-1,2,5.7986937e-05,104,2024-01-01
2024-09-02 02:00:00,2024-09-02 01:00:00,5,3,5.7869198e-05,105,2024-01-01
2024-09-02 02:00:00,2024-09-02 01:00:00,10,0,5.7469748e-05,106,2024-01-01
2024-09-02 02:00:00,2024-09-02 01:00:00,6,3,5.73228e-05,107,2024-01-01
2024-09-02 02:00:00,2024-09-02 01:00:00,4,-6,5.6711913e-05,108,2024-01-01
2024-09-02 02:00:00,2024-09-02 01:00:00,-4,19,5.661017e-05,109,2024-01-01
2024-09-02 02:00:00,2024-09-02 01:00:00,9,-2,5.632687e-05,110,2024-01-01
2024-09-02 02:00:00,2024-09-02 01:00:00,-2,13,5.6272154e-05,111,2024-01-01
2024-09-02 02:00:00,2024-09-02 01:00:00,7,11,5.6125093e-05,112,2024-01-01
2024-09-02 02:00:00,2024-09-02 01:00:00,2,20,5.5753884e-05,113,2024-01-01
2024-09-02 02:00:00,2024-09-02 01:00:00,1,2,5.5565444e-05,114,2024-01-01
2024-09-02 02:00:00,2024-09-02 01:00:00,2,8,5.5504217e-05,115,2024-01-01
2024-09-02 02:00:00,2024-09-02 01:00:00,8,-3,5.5205674e-05,116,2024-01-01
2024-09-02 02:00:00,2024-09-02 01:00:00,1,5,5.501119e-05,117,2024-01-01
2024-09-02 02:00:00,2024-09-02 01:00:00,0,18,5.459915e-05,118,2024-01-01
2024-09-02 02:00:00,2024-09-02 01:00:00,2,-6,5.4587163e-05,119,2024-01-01
2024-09-02 02:00:00,2024-09-02 01:00:00,4,-4,5.4418157e-05,120,2024-01-01
2024-09-02 02:00:00,2024-09-02 01:00:00,-1,-6,5.4027216e-05,121,2024-01-01
2024-09-02 02:00:00,2024-09-02 01:00:00,6,11,5.385537e-05,122,2024-01-01
2024-09-02 02:00:00,2024-09-02 01:00:00,1,20,5.3741096e-05,123,2024-01-01
2024-09-02 02:00:00,2024-09-02 01:00:00,-1,3,5.3163505e-05,124,2024-01-01
2024-09-02 02:00:00,2024-09-02 01:00:00,2,-2,5.292452e-05,125,2024-01-01
2024-09-02 02:00:00,2024-09-02 01:00:00,-2,3,5.2609506e-05,126,2024-01-01
2024-09-02 02:00:00,2024-09-02 01:00:00,3,17,5.2228916e-05,127,2024-01-01
2024-09-02 02:00:00,2024-09-02 01:00:00,-9,6,5.203745e-05,128,2024-01-01
2024-09-02 02:00:00,2024-09-02 01:00:00,-5,4,5.1981555e-05,129,2024-01-01
2024-09-02 02:00:00,2024-09-02 01:00:00,9,0,5.1931667e-05,130,2024-01-01
2024-09-02 02:00:00,2024-09-02 01:00:00,5,-3,5.1309547e-05,131,2024-01-01
2024-09-02 02:00:00,2024-09-02 01:00:00,1,8,5.1077266e-05,132,2024-01-01
2024-09-02 02:00:00,2024-09-02 01:00:00,1,19,5.1032253e-05,133,2024-01-01
2024-09-02 02:00:00,2024-09-02 01:00:00,5,-4,5.0846516e-05,134,2024-01-01
2024-09-02 02:00:00,2024-09-02 01:00:00,3,-1,5.0686544e-05,135,2024-01-01
2024-09-02 02:00:00,2024-09-02 01:00:00,8,0,5.0657312e-05,136,2024-01-01
2024-09-02 02:00:00,2024-09-02 01:00:00,3,-2,5.0655668e-05,137,2024-01-01
2024-09-02 02:00:00,2024-09-02 01:00:00,2,7,4.931141e-05,138,2024-01-01
2024-09-02 02:00:00,2024-09-02 01:00:00,-4,4,4.9099468e-05,139,2024-01-01
2024-09-02 02:00:00,2024-09-02 01:00:00,-8,6,4.8976664e-05,140,2024-01-01
2024-09-02 02:00:00,2024-09-02 01:00:00,7,-1,4.892547e-05,141,2024-01-01
2024-09-02 02:00:00,2024-09-02 01:00:00,4,1,4.628614e-05,142,2024-01-01
2024-09-02 02:00:00,2024-09-02 01:00:00,4,14,4.615795e-05,143,2024-01-01
2024-09-02 02:00:00,2024-09-02 01:00:00,5,-1,4.601052e-05,144,2024-01-01
2024-09-02 02:00:00,2024-09-02 01:00:00,0,-6,4.5611534e-05,145,2024-01-01
2024-09-02 02:00:00,2024-09-02 01:00:00,7,1,4.5122742e-05,146,2024-01-01
2024-09-02 02:00:00,2024-09-02 01:00:00,-1,7,4.504435e-05,147,2024-01-01
2024-09-02 02:00:00,2024-09-02 01:00:00,-6,15,4.502927e-05,148,2024-01-01
2024-09-02 02:00:00,2024-09-02 01:00:00,-4,17,4.4631295e-05,149,2024-01-01
2024-09-02 02:00:00,2024-09-02 01:00:00,-3,18,4.4058015e-05,150,2024-01-01
2024-09-02 02:00:00,2024-09-02 01:00:00,-4,8,4.3997803e-05,151,2024-01-01
2024-09-02 02:00:00,2024-09-02 01:00:00,-4,5,4.3882977e-05,152,2024-01-01
2024-09-02 02:00:00,2024-09-02 01:00:00,-5,15,4.3825694e-05,153,2024-01-01
2024-09-02 02:00:00,2024-09-02 01:00:00,2,-7,4.365771e-05,154,2024-01-01
2024-09-02 02:00:00,2024-09-02 01:00:00,1,-7,4.3502117e-05,155,2024-01-01
2024-09-02 02:00:00,2024-09-02 01:00:00,5,2,4.34712e-05,156,2024-01-01
2024-09-02 02:00:00,2024-09-02 01:00:00,-1,-7,4.3265023e-05,157,2024-01-01
2024-09-02 02:00:00,2024-09-02 01:00:00,0,19,4.2833926e-05,158,2024-01-01
2024-09-02 02:00:00,2024-09-02 01:00:00,-5,11,4.273273e-05,159,2024-01-01
2024-09-02 02:00:00,2024-09-02 01:00:00,0,9,4.215332e-05,160,2024-01-01
2024-09-02 02:00:00,2024-09-02 01:00:00,-6,8,4.2152915e-05,161,2024-01-01
2024-09-02 02:00:00,2024-09-02 01:00:00,1,11,4.2083662e-05,162,2024-01-01
2024-09-02 02:00:00,2024-09-02 01:00:00,-5,9,4.2030384e-05,163,2024-01-01
2024-09-02 02:00:00,2024-09-02 01:00:00,-5,10,4.2007847e-05,164,2024-01-01
2024-09-02 02:00:00,2024-09-02 01:00:00,-3,7,4.1917057e-05,165,2024-01-01
2024-09-02 02:00:00,2024-09-02 01:00:00,0,14,4.1646814e-05,166,2024-01-01
2024-09-02 02:00:00,2024-09-02 01:00:00,-3,8,4.1261665e-05,167,2024-01-01
2024-09-02 02:00:00,2024-09-02 01:00:00,-2,16,4.0965853e-05,168,2024-01-01
2024-09-02 02:00:00,2024-09-02 01:00:00,0,11,4.0808518e-05,169,2024-01-01
2024-09-02 02:00:00,2024-09-02 01:00:00,0,5,4.074383e-05,170,2024-01-01
2024-09-02 02:00:00,2024-09-02 01:00:00,-1,15,4.0721585e-05,171,2024-01-01
2024-09-02 02:00:00,2024-09-02 01:00:00,-4,12,4.0643805e-05,172,2024-01-01
2024-09-02 02:00:00,2024-09-02 01:00:00,-2,8,4.0620962e-05,173,2024-01-01
2024-09-02 02:00:00,2024-09-02 01:00:00,-3,15,4.0171504e-05,174,2024-01-01
2024-09-02 02:00:00,2024-09-02 01:00:00,-1,11,4.0155166e-05,175,2024-01-01
2024-09-02 02:00:00,2024-09-02 01:00:00,-1,13,4.0155166e-05,176,2024-01-01
2024-09-02 02:00:00,2024-09-02 01:00:00,-1,9,3.9918337e-05,177,2024-01-01
2024-09-02 02:00:00,2024-09-02 01:00:00,2,9,3.900186e-05,178,2024-01-01
2024-09-02 02:00:00,2024-09-02 01:00:00,-2,15,3.886995e-05,179,2024-01-01
2024-09-02 02:00:00,2024-09-02 01:00:00,-2,10,3.870584e-05,180,2024-01-01
2024-09-02 02:00:00,2024-09-02 01:00:00,-4,10,3.867046e-05,181,2024-01-01
2024-09-02 02:00:00,2024-09-02 01:00:00,-3,9,3.845578e-05,182,2024-01-01
2024-09-02 02:00:00,2024-09-02 01:00:00,-2,11,3.840744e-05,183,2024-01-01
2024-09-02 02:00:00,2024-09-02 01:00:00,-3,14,3.8378566e-05,184,2024-01-01
2024-09-02 02:00:00,2024-09-02 01:00:00,-3,12,3.76691e-05,185,2024-01-01
2024-09-02 02:00:00,2024-09-02 01:00:00,-2,9,3.6290872e-05,186,2024-01-01
2024-09-03 20:00:00,2024-09-03 19:00:00,9,1,0.3399278,1,2024-01-01
2024-09-03 20:00:00,2024-09-03 19:00:00,-1,0,0.13940902,2,2024-01-01
2024-09-03 20:00:00,2024-09-03 19:00:00,0,0,0.114034355,3,2024-01-01
2024-09-03 20:00:00,2024-09-03 19:00:00,0,-1,0.06270316,4,2024-01-01
2024-09-03 20:00:00,2024-09-03 19:00:00,-2,-3,0.04325089,5,2024-01-01
2024-09-03 20:00:00,2024-09-03 19:00:00,1,0,0.03530698,6,2024-01-01
2024-09-03 20:00:00,2024-09-03 19:00:00,-1,-1,0.032814268,7,2024-01-01
2024-09-03 20:00:00,2024-09-03 19:00:00,1,-1,0.029918538,8,2024-01-01
2024-09-03 20:00:00,2024-09-03 19:00:00,-2,-2,0.019219065,9,2024-01-01
2024-09-03 20:00:00,2024-09-03 19:00:00,-2,-1,0.017350359,10,2024-01-01
2024-09-03 20:00:00,2024-09-03 19:00:00,-2,-4,0.014792871,11,2024-01-01
2024-09-03 20:00:00,2024-09-03 19:00:00,-4,-2,0.012969501,12,2024-01-01
2024-09-03 20:00:00,2024-09-03 19:00:00,6,-4,0.009115984,13,2024-01-01
2024-09-03 20:00:00,2024-09-03 19:00:00,-5,-2,0.008593399,14,2024-01-01
2024-09-03 20:00:00,2024-09-03 19:00:00,-3,-4,0.0074227042,15,2024-01-01
2024-09-03 20:00:00,2024-09-03 19:00:00,-4,-3,0.0064280317,16,2024-01-01
2024-09-03 20:00:00,2024-09-03 19:00:00,0,17,0.0038281213,17,2024-01-01
2024-09-03 20:00:00,2024-09-03 19:00:00,0,-2,0.0031122249,18,2024-01-01
2024-09-03 20:00:00,2024-09-03 19:00:00,-12,-5,0.0029932822,19,2024-01-01
2024-09-03 20:00:00,2024-09-03 19:00:00,6,-3,0.002420714,20,2024-01-01
2024-09-03 20:00:00,2024-09-03 19:00:00,-11,-5,0.0024059403,21,2024-01-01
2024-09-03 20:00:00,2024-09-03 19:00:00,2,-1,0.0023926096,22,2024-01-01
2024-09-03 20:00:00,2024-09-03 19:00:00,1,-2,0.00234368,23,2024-01-01
2024-09-03 20:00:00,2024-09-03 19:00:00,-2,0,0.0023430896,24,2024-01-01
2024-09-03 20:00:00,2024-09-03 19:00:00,0,8,0.002251246,25,2024-01-01
2024-09-03 20:00:00,2024-09-03 19:00:00,5,-2,0.0022486085,26,2024-01-01
2024-09-03 20:00:00,2024-09-03 19:00:00,4,-1,0.0022373544,27,2024-01-01
2024-09-03 20:00:00,2024-09-03 19:00:00,8,1,0.001949211,28,2024-01-01
2024-09-03 20:00:00,2024-09-03 19:00:00,-3,11,0.0019134133,29,2024-01-01
2024-09-03 20:00:00,2024-09-03 19:00:00,-1,16,0.0015613659,30,2024-01-01
2024-09-03 20:00:00,2024-09-03 19:00:00,-3,-3,0.0010955136,31,2024-01-01
2024-09-03 20:00:00,2024-09-03 19:00:00,0,12,0.0009196268,32,2024-01-01
2024-09-03 20:00:00,2024-09-03 19:00:00,-1,-3,0.0008377616,33,2024-01-01
2024-09-03 20:00:00,2024-09-03 19:00:00,7,-5,0.0007130923,34,2024-01-01
2024-09-03 20:00:00,2024-09-03 19:00:00,-5,-1,0.000711783,35,2024-01-01
2024-09-03 20:00:00,2024-09-03 19:00:00,2,0,0.000575399,36,2024-01-01
2024-09-03 20:00:00,2024-09-03 19:00:00,-3,0,0.0005073025,37,2024-01-01
2024-09-03 20:00:00,2024-09-03 19:00:00,3,1,0.0005012288,38,2024-01-01
2024-09-03 20:00:00,2024-09-03 19:00:00,-1,-2,0.00049464643,39,2024-01-01
2024-09-03 20:00:00,2024-09-03 19:00:00,-3,13,0.00046998015,40,2024-01-01
2024-09-03 20:00:00,2024-09-03 19:00:00,1,6,0.0004619927,41,2024-01-01
2024-09-03 20:00:00,2024-09-03 19:00:00,7,-4,0.00046125636,42,2024-01-01
2024-09-03 20:00:00,2024-09-03 19:00:00,-1,1,0.0004327294,43,2024-01-01
2024-09-03 20:00:00,2024-09-03 19:00:00,-1,8,0.00043116682,44,2024-01-01
2024-09-03 20:00:00,2024-09-03 19:00:00,-4,-1,0.00042628546,45,2024-01-01
2024-09-03 20:00:00,2024-09-03 19:00:00,3,0,0.00042499477,46,2024-01-01
2024-09-03 20:00:00,2024-09-03 19:00:00,-4,0,0.00041664919,47,2024-01-01
2024-09-03 20:00:00,2024-09-03 19:00:00,-1,6,0.000406331,48,2024-01-01
2024-09-03 20:00:00,2024-09-03 19:00:00,10,3,0.00040451126,49,2024-01-01
2024-09-03 20:00:00,2024-09-03 19:00:00,2,1,0.00038467368,50,2024-01-01
2024-09-03 20:00:00,2024-09-03 19:00:00,-4,-4,0.00032169916,51,2024-01-01
2024-09-03 20:00:00,2024-09-03 19:00:00,-3,-1,0.00031583465,52,2024-01-01
2024-09-03 20:00:00,2024-09-03 19:00:00,8,-1,0.0003024123,53,2024-01-01
2024-09-03 20:00:00,2024-09-03 19:00:00,-3,1,0.00029913147,54,2024-01-01
2024-09-03 20:00:00,2024-09-03 19:00:00,9,2,0.00029601777,55,2024-01-01
2024-09-03 20:00:00,2024-09-03 19:00:00,-1,5,0.0002916649,56,2024-01-01
2024-09-03 20:00:00,2024-09-03 19:00:00,1,9,0.00029025413,57,2024-01-01
2024-09-03 20:00:00,2024-09-03 19:00:00,-5,-4,0.0002850303,58,2024-01-01
2024-09-03 20:00:00,2024-09-03 19:00:00,-5,-3,0.00028121422,59,2024-01-01
2024-09-03 20:00:00,2024-09-03 19:00:00,7,4,0.00027866906,60,2024-01-01
2024-09-03 20:00:00,2024-09-03 19:00:00,0,13,0.0002777703,61,2024-01-01
2024-09-03 20:00:00,2024-09-03 19:00:00,-7,-1,0.0002777418,62,2024-01-01
2024-09-03 20:00:00,2024-09-03 19:00:00,-1,18,0.000271739,63,2024-01-01
2024-09-03 20:00:00,2024-09-03 19:00:00,-6,4,0.0002666824,64,2024-01-01
2024-09-03 20:00:00,2024-09-03 19:00:00,-2,13,0.0002637121,65,2024-01-01
2024-09-03 20:00:00,2024-09-03 19:00:00,10,-1,0.00026210683,66,2024-01-01
2024-09-03 20:00:00,2024-09-03 19:00:00,-1,-4,0.00023702579,67,2024-01-01
2024-09-03 20:00:00,2024-09-03 19:00:00,1,-5,0.00022418429,68,2024-01-01
2024-09-03 20:00:00,2024-09-03 19:00:00,2,-3,0.00022370908,69,2024-01-01
2024-09-03 20:00:00,2024-09-03 19:00:00,2,-2,0.00021575576,70,2024-01-01
2024-09-03 20:00:00,2024-09-03 19:00:00,0,-5,0.00021377885,71,2024-01-01
2024-09-03 20:00:00,2024-09-03 19:00:00,6,11,0.00020596269,72,2024-01-01
2024-09-03 20:00:00,2024-09-03 19:00:00,3,-3,0.00020250636,73,2024-01-01
2024-09-03 20:00:00,2024-09-03 19:00:00,7,11,0.00019812824,74,2024-01-01
2024-09-03 20:00:00,2024-09-03 19:00:00,3,-2,0.00019523442,75,2024-01-01
2024-09-03 20:00:00,2024-09-03 19:00:00,8,-4,0.00018079522,76,2024-01-01
2024-09-03 20:00:00,2024-09-03 19:00:00,8,0,0.000179868,77,2024-01-01
2024-09-03 20:00:00,2024-09-03 19:00:00,-9,-5,0.0001790985,78,2024-01-01
2024-09-03 20:00:00,2024-09-03 19:00:00,3,-1,0.00017870875,79,2024-01-01
2024-09-03 20:00:00,2024-09-03 19:00:00,8,-3,0.00017802622,80,2024-01-01
2024-09-03 20:00:00,2024-09-03 19:00:00,6,3,0.00017701085,81,2024-01-01
2024-09-03 20:00:00,2024-09-03 19:00:00,5,2,0.00017667636,82,2024-01-01
2024-09-03 20:00:00,2024-09-03 19:00:00,7,-1,0.00017666949,83,2024-01-01
2024-09-03 20:00:00,2024-09-03 19:00:00,3,17,0.00017609702,84,2024-01-01
2024-09-03 20:00:00,2024-09-03 19:00:00,6,6,0.00017601122,85,2024-01-01
2024-09-03 20:00:00,2024-09-03 19:00:00,0,11,0.00017584157,86,2024-01-01
2024-09-03 20:00:00,2024-09-03 19:00:00,4,14,0.00017384591,87,2024-01-01
2024-09-03 20:00:00,2024-09-03 19:00:00,0,14,0.00017247861,88,2024-01-01
2024-09-03 20:00:00,2024-09-03 19:00:00,-1,11,0.00017182785,89,2024-01-01
2024-09-03 20:00:00,2024-09-03 19:00:00,0,-3,0.00017176448,90,2024-01-01
2024-09-03 20:00:00,2024-09-03 19:00:00,7,1,0.00017134151,91,2024-01-01
2024-09-03 20:00:00,2024-09-03 19:00:00,-1,-7,0.00017098906,92,2024-01-01
2024-09-03 20:00:00,2024-09-03 19:00:00,2,7,0.0001705631,93,2024-01-01
2024-09-03 20:00:00,2024-09-03 19:00:00,-2,8,0.00017048244,94,2024-01-01
2024-09-03 20:00:00,2024-09-03 19:00:00,-3,15,0.00016869092,95,2024-01-01
2024-09-03 20:00:00,2024-09-03 19:00:00,1,8,0.00016867614,96,2024-01-01
2024-09-03 20:00:00,2024-09-03 19:00:00,5,3,0.00016856329,97,2024-01-01
2024-09-03 20:00:00,2024-09-03 19:00:00,-3,7,0.00016845681,98,2024-01-01
2024-09-03 20:00:00,2024-09-03 19:00:00,-4,12,0.00016831579,99,2024-01-01
2024-09-03 20:00:00,2024-09-03 19:00:00,-3,8,0.00016816797,100,2024-01-01
2024-09-03 20:00:00,2024-09-03 19:00:00,9,-2,0.00016784709,101,2024-01-01
2024-09-03 20:00:00,2024-09-03 19:00:00,-4,10,0.0001676097,102,2024-01-01
2024-09-03 20:00:00,2024-09-03 19:00:00,-4,8,0.00016680804,103,2024-01-01
2024-09-03 20:00:00,2024-09-03 19:00:00,-3,12,0.00016672006,104,2024-01-01
2024-09-03 20:00:00,2024-09-03 19:00:00,-2,10,0.00016672006,105,2024-01-01
2024-09-03 20:00:00,2024-09-03 19:00:00,-2,11,0.00016672006,106,2024-01-01
2024-09-03 20:00:00,2024-09-03 19:00:00,1,11,0.00016655761,107,2024-01-01
2024-09-03 20:00:00,2024-09-03 19:00:00,1,5,0.0001664093,108,2024-01-01
2024-09-03 20:00:00,2024-09-03 19:00:00,-2,3,0.00016558706,109,2024-01-01
2024-09-03 20:00:00,2024-09-03 19:00:00,-2,9,0.00016543578,110,2024-01-01
2024-09-03 20:00:00,2024-09-03 19:00:00,-1,7,0.00016536847,111,2024-01-01
2024-09-03 20:00:00,2024-09-03 19:00:00,0,5,0.00016445112,112,2024-01-01
2024-09-03 20:00:00,2024-09-03 19:00:00,-2,15,0.00016430423,113,2024-01-01
2024-09-03 20:00:00,2024-09-03 19:00:00,-1,15,0.00016430423,114,2024-01-01
2024-09-03 20:00:00,2024-09-03 19:00:00,-1,9,0.00016423942,115,2024-01-01
2024-09-03 20:00:00,2024-09-03 19:00:00,-5,15,0.00016391654,116,2024-01-01
2024-09-03 20:00:00,2024-09-03 19:00:00,-4,5,0.00016387191,117,2024-01-01
2024-09-03 20:00:00,2024-09-03 19:00:00,-3,18,0.00016378955,118,2024-01-01
2024-09-03 20:00:00,2024-09-03 19:00:00,9,0,0.00016376162,119,2024-01-01
2024-09-03 20:00:00,2024-09-03 19:00:00,-3,14,0.00016363931,120,2024-01-01
2024-09-03 20:00:00,2024-09-03 19:00:00,-1,13,0.00016363931,121,2024-01-01
2024-09-03 20:00:00,2024-09-03 19:00:00,-3,9,0.00016283523,122,2024-01-01
2024-09-03 20:00:00,2024-09-03 19:00:00,10,5,0.00016274441,123,2024-01-01
2024-09-03 20:00:00,2024-09-03 19:00:00,0,9,0.0001620731,124,2024-01-01
2024-09-03 20:00:00,2024-09-03 19:00:00,0,18,0.00016201039,125,2024-01-01
2024-09-03 20:00:00,2024-09-03 19:00:00,-4,17,0.00016200347,126,2024-01-01
2024-09-03 20:00:00,2024-09-03 19:00:00,1,-7,0.00016102495,127,2024-01-01
2024-09-03 20:00:00,2024-09-03 19:00:00,2,-7,0.00016097815,128,2024-01-01
2024-09-03 20:00:00,2024-09-03 19:00:00,-3,2,0.00016028933,129,2024-01-01
2024-09-03 20:00:00,2024-09-03 19:00:00,2,8,0.00016006126,130,2024-01-01
2024-09-03 20:00:00,2024-09-03 19:00:00,-2,16,0.00015951307,131,2024-01-01
2024-09-03 20:00:00,2024-09-03 19:00:00,1,-3,0.00015911988,132,2024-01-01
2024-09-03 20:00:00,2024-09-03 19:00:00,-4,4,0.00015880034,133,2024-01-01
2024-09-03 20:00:00,2024-09-03 19:00:00,-2,-5,0.00015862906,134,2024-01-01
2024-09-03 20:00:00,2024-09-03 19:00:00,4,1,0.00015825413,135,2024-01-01
2024-09-03 20:00:00,2024-09-03 19:00:00,5,-4,0.00015818929,136,2024-01-01
2024-09-03 20:00:00,2024-09-03 19:00:00,5,-1,0.00015696153,137,2024-01-01
2024-09-03 20:00:00,2024-09-03 19:00:00,-1,3,0.00015593285,138,2024-01-01
2024-09-03 20:00:00,2024-09-03 19:00:00,2,20,0.00015525924,139,2024-01-01
2024-09-03 20:00:00,2024-09-03 19:00:00,0,19,0.00015517697,140,2024-01-01
2024-09-03 20:00:00,2024-09-03 19:00:00,1,19,0.00015517697,141,2024-01-01
2024-09-03 20:00:00,2024-09-03 19:00:00,10,0,0.00015437498,142,2024-01-01
2024-09-03 20:00:00,2024-09-03 19:00:00,5,-3,0.0001538787,143,2024-01-01
2024-09-03 20:00:00,2024-09-03 19:00:00,4,-4,0.00015359638,144,2024-01-01
2024-09-03 20:00:00,2024-09-03 19:00:00,2,9,0.00015304283,145,2024-01-01
2024-09-03 20:00:00,2024-09-03 19:00:00,-1,2,0.0001528163,146,2024-01-01
2024-09-03 20:00:00,2024-09-03 19:00:00,-6,-2,0.0001512606,147,2024-01-01
2024-09-03 20:00:00,2024-09-03 19:00:00,1,20,0.00015122008,148,2024-01-01
2024-09-03 20:00:00,2024-09-03 19:00:00,-2,1,0.00015095268,149,2024-01-01
2024-09-03 20:00:00,2024-09-03 19:00:00,2,-6,0.00015026792,150,2024-01-01
2024-09-03 20:00:00,2024-09-03 19:00:00,-5,1,0.00014956274,151,2024-01-01
2024-09-03 20:00:00,2024-09-03 19:00:00,0,-6,0.00014942557,152,2024-01-01
2024-09-03 20:00:00,2024-09-03 19:00:00,-4,3,0.00014877423,153,2024-01-01
2024-09-03 20:00:00,2024-09-03 19:00:00,-4,19,0.0001482988,154,2024-01-01
2024-09-03 20:00:00,2024-09-03 19:00:00,1,2,0.00014776154,155,2024-01-01
2024-09-03 20:00:00,2024-09-03 19:00:00,4,-6,0.00014774737,156,2024-01-01
2024-09-03 20:00:00,2024-09-03 19:00:00,-4,2,0.0001467587,157,2024-01-01
2024-09-03 20:00:00,2024-09-03 19:00:00,-5,4,0.00014642188,158,2024-01-01
2024-09-03 20:00:00,2024-09-03 19:00:00,-6,-3,0.00014626789,159,2024-01-01
2024-09-03 20:00:00,2024-09-03 19:00:00,9,3,0.00014453882,160,2024-01-01
2024-09-03 20:00:00,2024-09-03 19:00:00,6,5,0.0001439636,161,2024-01-01
2024-09-03 20:00:00,2024-09-03 19:00:00,-5,2,0.00014280438,162,2024-01-01
2024-09-03 20:00:00,2024-09-03 19:00:00,-5,-5,0.00014253479,163,2024-01-01
2024-09-03 20:00:00,2024-09-03 19:00:00,-10,10,0.00014212022,164,2024-01-01
2024-09-03 20:00:00,2024-09-03 19:00:00,0,1,0.00014132878,165,2024-01-01
2024-09-03 20:00:00,2024-09-03 19:00:00,-6,1,0.00014132146,166,2024-01-01
2024-09-03 20:00:00,2024-09-03 19:00:00,-4,-5,0.00014119786,167,2024-01-01
2024-09-03 20:00:00,2024-09-03 19:00:00,-9,-1,0.00014102411,168,2024-01-01
2024-09-03 20:00:00,2024-09-03 19:00:00,-1,-6,0.00014084436,169,2024-01-01
2024-09-03 20:00:00,2024-09-03 19:00:00,-3,-2,0.00014042646,170,2024-01-01
2024-09-03 20:00:00,2024-09-03 19:00:00,1,1,0.00014035727,171,2024-01-01
2024-09-03 20:00:00,2024-09-03 19:00:00,-7,1,0.00013716333,172,2024-01-01
2024-09-03 20:00:00,2024-09-03 19:00:00,-5,11,0.00013182168,173,2024-01-01
2024-09-03 20:00:00,2024-09-03 19:00:00,-6,8,0.0001302426,174,2024-01-01
2024-09-03 20:00:00,2024-09-03 19:00:00,-5,0,0.0001282271,175,2024-01-01
2024-09-03 20:00:00,2024-09-03 19:00:00,-5,9,0.00012644041,176,2024-01-01
2024-09-03 20:00:00,2024-09-03 19:00:00,-8,6,0.00011099458,177,2024-01-01
2024-09-03 20:00:00,2024-09-03 19:00:00,-5,10,0.000102433805,178,2024-01-01
2024-09-03 20:00:00,2024-09-03 19:00:00,-9,6,9.085218e-05,179,2024-01-01
2024-09-03 20:00:00,2024-09-03 19:00:00,-6,15,9.082711e-05,180,2024-01-01
2024-09-03 20:00:00,2024-09-03 19:00:00,-10,8,8.6974505e-05,181,2024-01-01
2024-09-03 20:00:00,2024-09-03 19:00:00,-10,-3,6.229045e-05,182,2024-01-01
2024-09-03 20:00:00,2024-09-03 19:00:00,-9,0,6.108492e-05,183,2024-01-01
2024-09-03 20:00:00,2024-09-03 19:00:00,-9,-4,5.423141e-05,184,2024-01-01
2024-09-03 20:00:00,2024-09-03 19:00:00,-11,-6,5.366778e-05,185,2024-01-01
2024-09-03 20:00:00,2024-09-03 19:00:00,-10,-4,5.1959854e-05,186,2024-01-01
2024-09-05 01:00:00,2024-09-05 00:00:00,9,1,0.45910704,1,2024-01-01
2024-09-05 01:00:00,2024-09-05 00:00:00,0,-1,0.22296388,2,2024-01-01
2024-09-05 01:00:00,2024-09-05 00:00:00,0,0,0.1591312,3,2024-01-01
2024-09-05 01:00:00,2024-09-05 00:00:00,-1,0,0.15188114,4,2024-01-01
2024-09-05 01:00:00,2024-09-05 00:00:00,1,-1,0.12938495,5,2024-01-01
2024-09-05 01:00:00,2024-09-05 00:00:00,-2,-3,0.10579584,6,2024-01-01
2024-09-05 01:00:00,2024-09-05 00:00:00,1,0,0.088388704,7,2024-01-01
2024-09-05 01:00:00,2024-09-05 00:00:00,-2,-4,0.060667355,8,2024-01-01
2024-09-05 01:00:00,2024-09-05 00:00:00,-4,-2,0.055444915,9,2024-01-01
2024-09-05 01:00:00,2024-09-05 00:00:00,-1,-1,0.05030577,10,2024-01-01
2024-09-05 01:00:00,2024-09-05 00:00:00,-2,-1,0.03977858,11,2024-01-01
2024-09-05 01:00:00,2024-09-05 00:00:00,-4,-3,0.03924258,12,2024-01-01
2024-09-05 01:00:00,2024-09-05 00:00:00,-12,-5,0.034831446,13,2024-01-01
2024-09-05 01:00:00,2024-09-05 00:00:00,-5,-2,0.026045268,14,2024-01-01
2024-09-05 01:00:00,2024-09-05 00:00:00,-3,-4,0.021743665,15,2024-01-01
2024-09-05 01:00:00,2024-09-05 00:00:00,-2,-2,0.018373992,16,2024-01-01
2024-09-05 01:00:00,2024-09-05 00:00:00,-11,-5,0.012789232,17,2024-01-01
2024-09-05 01:00:00,2024-09-05 00:00:00,6,-4,0.0069224313,18,2024-01-01
2024-09-05 01:00:00,2024-09-05 00:00:00,-2,0,0.0063141906,19,2024-01-01
2024-09-05 01:00:00,2024-09-05 00:00:00,-5,-1,0.005592263,20,2024-01-01
2024-09-05 01:00:00,2024-09-05 00:00:00,2,0,0.0055688866,21,2024-01-01
2024-09-05 01:00:00,2024-09-05 00:00:00,0,-2,0.0045623262,22,2024-01-01
2024-09-05 01:00:00,2024-09-05 00:00:00,0,17,0.0033840414,23,2024-01-01
2024-09-05 01:00:00,2024-09-05 00:00:00,-3,-3,0.002072312,24,2024-01-01
2024-09-05 01:00:00,2024-09-05 00:00:00,2,-1,0.001499147,25,2024-01-01
2024-09-05 01:00:00,2024-09-05 00:00:00,5,-2,0.0014154455,26,2024-01-01
2024-09-05 01:00:00,2024-09-05 00:00:00,4,-1,0.0013499538,27,2024-01-01
2024-09-05 01:00:00,2024-09-05 00:00:00,6,-3,0.0013422227,28,2024-01-01
2024-09-05 01:00:00,2024-09-05 00:00:00,0,8,0.0013236711,29,2024-01-01
2024-09-05 01:00:00,2024-09-05 00:00:00,8,1,0.0009041818,30,2024-01-01
2024-09-05 01:00:00,2024-09-05 00:00:00,-3,0,0.00073923735,31,2024-01-01
2024-09-05 01:00:00,2024-09-05 00:00:00,-3,11,0.0007375609,32,2024-01-01
2024-09-05 01:00:00,2024-09-05 00:00:00,-4,0,0.0007269657,33,2024-01-01
2024-09-05 01:00:00,2024-09-05 00:00:00,-4,-1,0.000722287,34,2024-01-01
2024-09-05 01:00:00,2024-09-05 00:00:00,-1,-3,0.0006379635,35,2024-01-01
2024-09-05 01:00:00,2024-09-05 00:00:00,-1,1,0.00056016917,36,2024-01-01
2024-09-05 01:00:00,2024-09-05 00:00:00,1,-2,0.0005252778,37,2024-01-01
2024-09-05 01:00:00,2024-09-05 00:00:00,7,-5,0.0005049782,38,2024-01-01
2024-09-05 01:00:00,2024-09-05 00:00:00,-1,16,0.00047130664,39,2024-01-01
2024-09-05 01:00:00,2024-09-05 00:00:00,-3,-1,0.00040688235,40,2024-01-01
2024-09-05 01:00:00,2024-09-05 00:00:00,3,1,0.00039531582,41,2024-01-01
2024-09-05 01:00:00,2024-09-05 00:00:00,2,1,0.0003809218,42,2024-01-01
2024-09-05 01:00:00,2024-09-05 00:00:00,-1,-2,0.00037517384,43,2024-01-01
2024-09-05 01:00:00,2024-09-05 00:00:00,-5,-4,0.00037245653,44,2024-01-01
2024-09-05 01:00:00,2024-09-05 00:00:00,-5,-3,0.00034536826,45,2024-01-01
2024-09-05 01:00:00,2024-09-05 00:00:00,-4,-4,0.00034101386,46,2024-01-01
2024-09-05 01:00:00,2024-09-05 00:00:00,-7,-1,0.0003261466,47,2024-01-01
2024-09-05 01:00:00,2024-09-05 00:00:00,7,-4,0.00031426348,48,2024-01-01
2024-09-05 01:00:00,2024-09-05 00:00:00,-3,1,0.00031001613,49,2024-01-01
2024-09-05 01:00:00,2024-09-05 00:00:00,10,3,0.00030892732,50,2024-01-01
2024-09-05 01:00:00,2024-09-05 00:00:00,0,12,0.00030440104,51,2024-01-01
2024-09-05 01:00:00,2024-09-05 00:00:00,3,0,0.00025414737,52,2024-01-01
2024-09-05 01:00:00,2024-09-05 00:00:00,-1,6,0.0002404099,53,2024-01-01
2024-09-05 01:00:00,2024-09-05 00:00:00,-9,-1,0.00023167161,54,2024-01-01
2024-09-05 01:00:00,2024-09-05 00:00:00,1,6,0.00022336397,55,2024-01-01
2024-09-05 01:00:00,2024-09-05 00:00:00,-3,13,0.00021669276,56,2024-01-01
2024-09-05 01:00:00,2024-09-05 00:00:00,-1,8,0.00020781976,57,2024-01-01
2024-09-05 01:00:00,2024-09-05 00:00:00,-3,-2,0.00019034998,58,2024-01-01
2024-09-05 01:00:00,2024-09-05 00:00:00,-10,10,0.00018955117,59,2024-01-01
2024-09-05 01:00:00,2024-09-05 00:00:00,-6,4,0.00017822198,60,2024-01-01
2024-09-05 01:00:00,2024-09-05 00:00:00,-2,1,0.00017544861,61,2024-01-01
2024-09-05 01:00:00,2024-09-05 00:00:00,-6,-3,0.00017259088,62,2024-01-01
2024-09-05 01:00:00,2024-09-05 00:00:00,-9,-5,0.00017000835,63,2024-01-01
2024-09-05 01:00:00,2024-09-05 00:00:00,-6,-2,0.00016960599,64,2024-01-01
2024-09-05 01:00:00,2024-09-05 00:00:00,-5,0,0.00015859156,65,2024-01-01
2024-09-05 01:00:00,2024-09-05 00:00:00,0,1,0.0001564992,66,2024-01-01
2024-09-05 01:00:00,2024-09-05 00:00:00,9,2,0.00015556741,67,2024-01-01
2024-09-05 01:00:00,2024-09-05 00:00:00,1,1,0.00015506524,68,2024-01-01
2024-09-05 01:00:00,2024-09-05 00:00:00,10,-1,0.00015496633,69,2024-01-01
2024-09-05 01:00:00,2024-09-05 00:00:00,8,-1,0.0001520678,70,2024-01-01
2024-09-05 01:00:00,2024-09-05 00:00:00,-1,-4,0.00015096714,71,2024-01-01
2024-09-05 01:00:00,2024-09-05 00:00:00,-5,1,0.00014885413,72,2024-01-01
2024-09-05 01:00:00,2024-09-05 00:00:00,7,4,0.00014817154,73,2024-01-01
2024-09-05 01:00:00,2024-09-05 00:00:00,0,-3,0.00014685634,74,2024-01-01
2024-09-05 01:00:00,2024-09-05 00:00:00,-1,2,0.0001467607,75,2024-01-01
2024-09-05 01:00:00,2024-09-05 00:00:00,0,-5,0.00014519396,76,2024-01-01
2024-09-05 01:00:00,2024-09-05 00:00:00,-6,1,0.00014510557,77,2024-01-01
2024-09-05 01:00:00,2024-09-05 00:00:00,-2,-5,0.00014507426,78,2024-01-01
2024-09-05 01:00:00,2024-09-05 00:00:00,1,-5,0.00014476934,79,2024-01-01
2024-09-05 01:00:00,2024-09-05 00:00:00,-5,-5,0.00014440877,80,2024-01-01
2024-09-05 01:00:00,2024-09-05 00:00:00,1,-3,0.00014146102,81,2024-01-01
2024-09-05 01:00:00,2024-09-05 00:00:00,-1,5,0.00013923232,82,2024-01-01
2024-09-05 01:00:00,2024-09-05 00:00:00,-4,2,0.0001386053,83,2024-01-01
2024-09-05 01:00:00,2024-09-05 00:00:00,-3,2,0.00013734399,84,2024-01-01
2024-09-05 01:00:00,2024-09-05 00:00:00,1,2,0.00013726942,85,2024-01-01
2024-09-05 01:00:00,2024-09-05 00:00:00,-5,2,0.0001357863,86,2024-01-01
2024-09-05 01:00:00,2024-09-05 00:00:00,-4,-5,0.00013571359,87,2024-01-01
2024-09-05 01:00:00,2024-09-05 00:00:00,-7,1,0.0001341877,88,2024-01-01
2024-09-05 01:00:00,2024-09-05 00:00:00,-10,-3,0.000125626,89,2024-01-01
2024-09-05 01:00:00,2024-09-05 00:00:00,-9,-4,0.00012214178,90,2024-01-01
2024-09-05 01:00:00,2024-09-05 00:00:00,10,5,0.000116773845,91,2024-01-01
2024-09-05 01:00:00,2024-09-05 00:00:00,2,-3,0.00011610101,92,2024-01-01
2024-09-05 01:00:00,2024-09-05 00:00:00,-10,-4,0.00011462482,93,2024-01-01
2024-09-05 01:00:00,2024-09-05 00:00:00,-9,6,0.00011441972,94,2024-01-01
2024-09-05 01:00:00,2024-09-05 00:00:00,-1,3,0.00011417962,95,2024-01-01
2024-09-05 01:00:00,2024-09-05 00:00:00,4,-6,0.00011326574,96,2024-01-01
2024-09-05 01:00:00,2024-09-05 00:00:00,-9,0,0.00011014988,97,2024-01-01
2024-09-05 01:00:00,2024-09-05 00:00:00,-10,8,0.00011004193,98,2024-01-01
2024-09-05 01:00:00,2024-09-05 00:00:00,-2,3,0.000109604276,99,2024-01-01
2024-09-05 01:00:00,2024-09-05 00:00:00,-1,18,0.00010601763,100,2024-01-01
2024-09-05 01:00:00,2024-09-05 00:00:00,-4,3,0.000105051564,101,2024-01-01
2024-09-05 01:00:00,2024-09-05 00:00:00,3,-3,0.000102234735,102,2024-01-01
2024-09-05 01:00:00,2024-09-05 00:00:00,2,-2,0.00010192257,103,2024-01-01
2024-09-05 01:00:00,2024-09-05 00:00:00,6,5,0.00010189656,104,2024-01-01
2024-09-05 01:00:00,2024-09-05 00:00:00,9,3,0.00010103971,105,2024-01-01
2024-09-05 01:00:00,2024-09-05 00:00:00,9,0,9.947677e-05,106,2024-01-01
2024-09-05 01:00:00,2024-09-05 00:00:00,8,-3,9.916184e-05,107,2024-01-01
2024-09-05 01:00:00,2024-09-05 00:00:00,-1,-6,9.860668e-05,108,2024-01-01
2024-09-05 01:00:00,2024-09-05 00:00:00,10,0,9.749077e-05,109,2024-01-01
2024-09-05 01:00:00,2024-09-05 00:00:00,4,-4,9.715485e-05,110,2024-01-01
2024-09-05 01:00:00,2024-09-05 00:00:00,8,-4,9.587471e-05,111,2024-01-01
2024-09-05 01:00:00,2024-09-05 00:00:00,-4,19,9.5708274e-05,112,2024-01-01
2024-09-05 01:00:00,2024-09-05 00:00:00,9,-2,9.569247e-05,113,2024-01-01
2024-09-05 01:00:00,2024-09-05 00:00:00,-8,6,9.531292e-05,114,2024-01-01
2024-09-05 01:00:00,2024-09-05 00:00:00,5,-4,9.291084e-05,115,2024-01-01
2024-09-05 01:00:00,2024-09-05 00:00:00,5,-3,9.2299306e-05,116,2024-01-01
2024-09-05 01:00:00,2024-09-05 00:00:00,1,9,9.126493e-05,117,2024-01-01
2024-09-05 01:00:00,2024-09-05 00:00:00,3,-2,9.062967e-05,118,2024-01-01
2024-09-05 01:00:00,2024-09-05 00:00:00,-5,4,9.032516e-05,119,2024-01-01
2024-09-05 01:00:00,2024-09-05 00:00:00,5,3,8.8729605e-05,120,2024-01-01
2024-09-05 01:00:00,2024-09-05 00:00:00,-11,-6,8.822018e-05,121,2024-01-01
2024-09-05 01:00:00,2024-09-05 00:00:00,7,-1,8.7113505e-05,122,2024-01-01
2024-09-05 01:00:00,2024-09-05 00:00:00,-6,15,8.5984495e-05,123,2024-01-01
2024-09-05 01:00:00,2024-09-05 00:00:00,8,0,8.5534506e-05,124,2024-01-01
2024-09-05 01:00:00,2024-09-05 00:00:00,-4,4,8.367215e-05,125,2024-01-01
2024-09-05 01:00:00,2024-09-05 00:00:00,2,-6,8.34615e-05,126,2024-01-01
2024-09-05 01:00:00,2024-09-05 00:00:00,4,1,8.3391846e-05,127,2024-01-01
2024-09-05 01:00:00,2024-09-05 00:00:00,-2,13,8.224379e-05,128,2024-01-01
2024-09-05 01:00:00,2024-09-05 00:00:00,6,6,8.134562e-05,129,2024-01-01
2024-09-05 01:00:00,2024-09-05 00:00:00,6,3,8.047431e-05,130,2024-01-01
2024-09-05 01:00:00,2024-09-05 00:00:00,0,-6,8.0157544e-05,131,2024-01-01
2024-09-05 01:00:00,2024-09-05 00:00:00,5,-1,7.8278616e-05,132,2024-01-01
2024-09-05 01:00:00,2024-09-05 00:00:00,7,11,7.7923265e-05,133,2024-01-01
2024-09-05 01:00:00,2024-09-05 00:00:00,2,20,7.772955e-05,134,2024-01-01
2024-09-05 01:00:00,2024-09-05 00:00:00,-5,11,7.675215e-05,135,2024-01-01
2024-09-05 01:00:00,2024-09-05 00:00:00,7,1,7.6642675e-05,136,2024-01-01
2024-09-05 01:00:00,2024-09-05 00:00:00,0,5,7.636402e-05,137,2024-01-01
2024-09-05 01:00:00,2024-09-05 00:00:00,3,-1,7.624901e-05,138,2024-01-01
2024-09-05 01:00:00,2024-09-05 00:00:00,-1,-7,7.620046e-05,139,2024-01-01
2024-09-05 01:00:00,2024-09-05 00:00:00,1,5,7.571932e-05,140,2024-01-01
2024-09-05 01:00:00,2024-09-05 00:00:00,6,11,7.5333286e-05,141,2024-01-01
2024-09-05 01:00:00,2024-09-05 00:00:00,1,20,7.502106e-05,142,2024-01-01
2024-09-05 01:00:00,2024-09-05 00:00:00,0,13,7.462062e-05,143,2024-01-01
2024-09-05 01:00:00,2024-09-05 00:00:00,-6,8,7.45503e-05,144,2024-01-01
2024-09-05 01:00:00,2024-09-05 00:00:00,2,-7,7.388491e-05,145,2024-01-01
2024-09-05 01:00:00,2024-09-05 00:00:00,0,19,7.34069e-05,146,2024-01-01
2024-09-05 01:00:00,2024-09-05 00:00:00,5,2,7.312351e-05,147,2024-01-01
2024-09-05 01:00:00,2024-09-05 00:00:00,-5,15,7.284474e-05,148,2024-01-01
2024-09-05 01:00:00,2024-09-05 00:00:00,-3,7,7.241621e-05,149,2024-01-01
2024-09-05 01:00:00,2024-09-05 00:00:00,-4,5,7.215522e-05,150,2024-01-01
2024-09-05 01:00:00,2024-09-05 00:00:00,1,19,7.144842e-05,151,2024-01-01
2024-09-05 01:00:00,2024-09-05 00:00:00,-4,10,7.1359995e-05,152,2024-01-01
2024-09-05 01:00:00,2024-09-05 00:00:00,0,18,7.11341e-05,153,2024-01-01
2024-09-05 01:00:00,2024-09-05 00:00:00,-4,17,7.113336e-05,154,2024-01-01
2024-09-05 01:00:00,2024-09-05 00:00:00,-3,18,6.949285e-05,155,2024-01-01
2024-09-05 01:00:00,2024-09-05 00:00:00,-1,7,6.729534e-05,156,2024-01-01
2024-09-05 01:00:00,2024-09-05 00:00:00,-4,12,6.723076e-05,157,2024-01-01
2024-09-05 01:00:00,2024-09-05 00:00:00,3,17,6.635601e-05,158,2024-01-01
2024-09-05 01:00:00,2024-09-05 00:00:00,-2,8,6.596878e-05,159,2024-01-01
2024-09-05 01:00:00,2024-09-05 00:00:00,2,7,6.573114e-05,160,2024-01-01
2024-09-05 01:00:00,2024-09-05 00:00:00,-3,8,6.564702e-05,161,2024-01-01
2024-09-05 01:00:00,2024-09-05 00:00:00,-3,15,6.516054e-05,162,2024-01-01
2024-09-05 01:00:00,2024-09-05 00:00:00,2,8,6.458151e-05,163,2024-01-01
2024-09-05 01:00:00,2024-09-05 00:00:00,-5,9,6.433274e-05,164,2024-01-01
2024-09-05 01:00:00,2024-09-05 00:00:00,-5,10,6.252998e-05,165,2024-01-01
2024-09-05 01:00:00,2024-09-05 00:00:00,0,9,6.0770584e-05,166,2024-01-01
2024-09-05 01:00:00,2024-09-05 00:00:00,-4,8,6.0738526e-05,167,2024-01-01
2024-09-05 01:00:00,2024-09-05 00:00:00,-3,9,6.0339855e-05,168,2024-01-01
2024-09-05 01:00:00,2024-09-05 00:00:00,1,8,6.0198694e-05,169,2024-01-01
2024-09-05 01:00:00,2024-09-05 00:00:00,-3,12,5.949216e-05,170,2024-01-01
2024-09-05 01:00:00,2024-09-05 00:00:00,-2,9,5.9457743e-05,171,2024-01-01
2024-09-05 01:00:00,2024-09-05 00:00:00,-3,14,5.9441867e-05,172,2024-01-01
2024-09-05 01:00:00,2024-09-05 00:00:00,-1,15,5.9434275e-05,173,2024-01-01
2024-09-05 01:00:00,2024-09-05 00:00:00,-1,9,5.939858e-05,174,2024-01-01
2024-09-05 01:00:00,2024-09-05 00:00:00,-2,16,5.9036614e-05,175,2024-01-01
2024-09-05 01:00:00,2024-09-05 00:00:00,-1,11,5.8533624e-05,176,2024-01-01
2024-09-05 01:00:00,2024-09-05 00:00:00,-1,13,5.8513713e-05,177,2024-01-01
2024-09-05 01:00:00,2024-09-05 00:00:00,-2,10,5.7669637e-05,178,2024-01-01
2024-09-05 01:00:00,2024-09-05 00:00:00,-2,11,5.740553e-05,179,2024-01-01
2024-09-05 01:00:00,2024-09-05 00:00:00,0,14,5.7312678e-05,180,2024-01-01
2024-09-05 01:00:00,2024-09-05 00:00:00,-2,15,5.715118e-05,181,2024-01-01
2024-09-05 01:00:00,2024-09-05 00:00:00,4,14,5.6895104e-05,182,2024-01-01
2024-09-05 01:00:00,2024-09-05 00:00:00,2,9,5.638276e-05,183,2024-01-01
2024-09-05 01:00:00,2024-09-05 00:00:00,1,11,5.469951e-05,184,2024-01-01
2024-09-05 01:00:00,2024-09-05 00:00:00,0,11,5.4233435e-05,185,2024-01-01
2024-09-05 01:00:00,2024-09-05 00:00:00,1,-7,5.4166478e-05,186,2024-01-01
2024-09-09 01:00:00,2024-09-09 00:00:00,9,1,0.49543533,1,2024-01-01
2024-09-09 01:00:00,2024-09-09 00:00:00,0,0,0.21077152,2,2024-01-01
2024-09-09 01:00:00,2024-09-09 00:00:00,-2,-3,0.15383925,3,2024-01-01
2024-09-09 01:00:00,2024-09-09 00:00:00,-1,0,0.14477916,4,2024-01-01
2024-09-09 01:00:00,2024-09-09 00:00:00,0,-1,0.12755975,5,2024-01-01
2024-09-09 01:00:00,2024-09-09 00:00:00,1,0,0.111308396,6,2024-01-01
2024-09-09 01:00:00,2024-09-09 00:00:00,-1,-1,0.060303997,7,2024-01-01
2024-09-09 01:00:00,2024-09-09 00:00:00,-5,-2,0.048862066,8,2024-01-01
2024-09-09 01:00:00,2024-09-09 00:00:00,-4,-3,0.048493758,9,2024-01-01
2024-09-09 01:00:00,2024-09-09 00:00:00,-2,-4,0.03519545,10,2024-01-01
2024-09-09 01:00:00,2024-09-09 00:00:00,1,-1,0.034493607,11,2024-01-01
2024-09-09 01:00:00,2024-09-09 00:00:00,-12,-5,0.030846097,12,2024-01-01
2024-09-09 01:00:00,2024-09-09 00:00:00,-4,-2,0.02756154,13,2024-01-01
2024-09-09 01:00:00,2024-09-09 00:00:00,-3,-4,0.026955245,14,2024-01-01
2024-09-09 01:00:00,2024-09-09 00:00:00,-2,-1,0.022972904,15,2024-01-01
2024-09-09 01:00:00,2024-09-09 00:00:00,-11,-5,0.018529579,16,2024-01-01
2024-09-09 01:00:00,2024-09-09 00:00:00,-2,-2,0.018218013,17,2024-01-01
2024-09-09 01:00:00,2024-09-09 00:00:00,6,-4,0.008283076,18,2024-01-01
2024-09-09 01:00:00,2024-09-09 00:00:00,-2,0,0.007296561,19,2024-01-01
2024-09-09 01:00:00,2024-09-09 00:00:00,-3,-3,0.0064976253,20,2024-01-01
2024-09-09 01:00:00,2024-09-09 00:00:00,0,17,0.0059310705,21,2024-01-01
2024-09-09 01:00:00,2024-09-09 00:00:00,-5,-1,0.003571868,22,2024-01-01
2024-09-09 01:00:00,2024-09-09 00:00:00,0,-2,0.0022524623,23,2024-01-01
2024-09-09 01:00:00,2024-09-09 00:00:00,5,-2,0.0016382644,24,2024-01-01
2024-09-09 01:00:00,2024-09-09 00:00:00,0,8,0.0015194233,25,2024-01-01
2024-09-09 01:00:00,2024-09-09 00:00:00,6,-3,0.0013593765,26,2024-01-01
2024-09-09 01:00:00,2024-09-09 00:00:00,2,0,0.0013168541,27,2024-01-01
2024-09-09 01:00:00,2024-09-09 00:00:00,-2,13,0.0010339933,28,2024-01-01
2024-09-09 01:00:00,2024-09-09 00:00:00,-3,11,0.00095125707,29,2024-01-01
2024-09-09 01:00:00,2024-09-09 00:00:00,4,-1,0.0009438552,30,2024-01-01
2024-09-09 01:00:00,2024-09-09 00:00:00,2,-1,0.0009338197,31,2024-01-01
2024-09-09 01:00:00,2024-09-09 00:00:00,8,1,0.0007660482,32,2024-01-01
2024-09-09 01:00:00,2024-09-09 00:00:00,-1,16,0.0006740732,33,2024-01-01
2024-09-09 01:00:00,2024-09-09 00:00:00,-4,-1,0.00045778544,34,2024-01-01
2024-09-09 01:00:00,2024-09-09 00:00:00,-4,0,0.00045406749,35,2024-01-01
2024-09-09 01:00:00,2024-09-09 00:00:00,10,3,0.0004484836,36,2024-01-01
2024-09-09 01:00:00,2024-09-09 00:00:00,-1,-3,0.0004326155,37,2024-01-01
2024-09-09 01:00:00,2024-09-09 00:00:00,-3,0,0.00042794994,38,2024-01-01
2024-09-09 01:00:00,2024-09-09 00:00:00,1,-2,0.0003753463,39,2024-01-01
2024-09-09 01:00:00,2024-09-09 00:00:00,-1,1,0.000360581,40,2024-01-01
2024-09-09 01:00:00,2024-09-09 00:00:00,7,-5,0.00035967314,41,2024-01-01
2024-09-09 01:00:00,2024-09-09 00:00:00,3,1,0.0003038667,42,2024-01-01
2024-09-09 01:00:00,2024-09-09 00:00:00,-9,-1,0.00028064064,43,2024-01-01
2024-09-09 01:00:00,2024-09-09 00:00:00,2,1,0.00027165984,44,2024-01-01
2024-09-09 01:00:00,2024-09-09 00:00:00,7,-4,0.0002571915,45,2024-01-01
2024-09-09 01:00:00,2024-09-09 00:00:00,-3,13,0.00025600704,46,2024-01-01
2024-09-09 01:00:00,2024-09-09 00:00:00,-5,-4,0.00025307573,47,2024-01-01
2024-09-09 01:00:00,2024-09-09 00:00:00,-5,-3,0.0002530002,48,2024-01-01
2024-09-09 01:00:00,2024-09-09 00:00:00,-1,8,0.00024488647,49,2024-01-01
2024-09-09 01:00:00,2024-09-09 00:00:00,-4,-4,0.00024077813,50,2024-01-01
2024-09-09 01:00:00,2024-09-09 00:00:00,-1,6,0.00023914703,51,2024-01-01
2024-09-09 01:00:00,2024-09-09 00:00:00,1,6,0.00023869501,52,2024-01-01
2024-09-09 01:00:00,2024-09-09 00:00:00,-3,-1,0.00022214961,53,2024-01-01
2024-09-09 01:00:00,2024-09-09 00:00:00,-1,-2,0.00021202378,54,2024-01-01
2024-09-09 01:00:00,2024-09-09 00:00:00,-3,1,0.00020318013,55,2024-01-01
2024-09-09 01:00:00,2024-09-09 00:00:00,-6,4,0.00019395299,56,2024-01-01
2024-09-09 01:00:00,2024-09-09 00:00:00,7,4,0.00018203638,57,2024-01-01
2024-09-09 01:00:00,2024-09-09 00:00:00,0,12,0.00018022314,58,2024-01-01
2024-09-09 01:00:00,2024-09-09 00:00:00,-10,10,0.00017706148,59,2024-01-01
2024-09-09 01:00:00,2024-09-09 00:00:00,-9,-5,0.00017474133,60,2024-01-01
2024-09-09 01:00:00,2024-09-09 00:00:00,10,5,0.00015727921,61,2024-01-01
2024-09-09 01:00:00,2024-09-09 00:00:00,9,2,0.00014910624,62,2024-01-01
2024-09-09 01:00:00,2024-09-09 00:00:00,-9,0,0.00014692078,63,2024-01-01
2024-09-09 01:00:00,2024-09-09 00:00:00,-7,1,0.00014624854,64,2024-01-01
2024-09-09 01:00:00,2024-09-09 00:00:00,-10,-3,0.00014623819,65,2024-01-01
2024-09-09 01:00:00,2024-09-09 00:00:00,-6,1,0.00013350621,66,2024-01-01
2024-09-09 01:00:00,2024-09-09 00:00:00,10,-1,0.00013051128,67,2024-01-01
2024-09-09 01:00:00,2024-09-09 00:00:00,-6,-3,0.0001304962,68,2024-01-01
2024-09-09 01:00:00,2024-09-09 00:00:00,8,-1,0.00013023602,69,2024-01-01
2024-09-09 01:00:00,2024-09-09 00:00:00,-9,-4,0.00012803625,70,2024-01-01
2024-09-09 01:00:00,2024-09-09 00:00:00,6,5,0.00012797018,71,2024-01-01
2024-09-09 01:00:00,2024-09-09 00:00:00,-1,18,0.00012688649,72,2024-01-01
2024-09-09 01:00:00,2024-09-09 00:00:00,-6,-2,0.00012629273,73,2024-01-01
2024-09-09 01:00:00,2024-09-09 00:00:00,-10,-4,0.00012556325,74,2024-01-01
2024-09-09 01:00:00,2024-09-09 00:00:00,-5,2,0.00012041661,75,2024-01-01
2024-09-09 01:00:00,2024-09-09 00:00:00,-5,-5,0.00012015322,76,2024-01-01
2024-09-09 01:00:00,2024-09-09 00:00:00,9,3,0.00011954183,77,2024-01-01
2024-09-09 01:00:00,2024-09-09 00:00:00,-5,1,0.000118839416,78,2024-01-01
2024-09-09 01:00:00,2024-09-09 00:00:00,-1,5,0.000118610995,79,2024-01-01
2024-09-09 01:00:00,2024-09-09 00:00:00,1,9,0.00011787616,80,2024-01-01
2024-09-09 01:00:00,2024-09-09 00:00:00,-7,-1,0.000117869764,81,2024-01-01
2024-09-09 01:00:00,2024-09-09 00:00:00,-9,6,0.00011757059,82,2024-01-01
2024-09-09 01:00:00,2024-09-09 00:00:00,-4,-5,0.000117274096,83,2024-01-01
2024-09-09 01:00:00,2024-09-09 00:00:00,-4,19,0.000114852155,84,2024-01-01
2024-09-09 01:00:00,2024-09-09 00:00:00,-4,2,0.0001139433,85,2024-01-01
2024-09-09 01:00:00,2024-09-09 00:00:00,-10,8,0.000109098364,86,2024-01-01
2024-09-09 01:00:00,2024-09-09 00:00:00,0,-3,0.00010783338,87,2024-01-01
2024-09-09 01:00:00,2024-09-09 00:00:00,-2,1,0.00010746324,88,2024-01-01
2024-09-09 01:00:00,2024-09-09 00:00:00,-1,-4,0.000105010644,89,2024-01-01
2024-09-09 01:00:00,2024-09-09 00:00:00,-5,0,0.00010489545,90,2024-01-01
2024-09-09 01:00:00,2024-09-09 00:00:00,-3,-2,0.00010335519,91,2024-01-01
2024-09-09 01:00:00,2024-09-09 00:00:00,1,-3,0.000102556696,92,2024-01-01
2024-09-09 01:00:00,2024-09-09 00:00:00,-3,2,0.00010203415,93,2024-01-01
2024-09-09 01:00:00,2024-09-09 00:00:00,-2,-5,0.00010107627,94,2024-01-01
2024-09-09 01:00:00,2024-09-09 00:00:00,0,-5,0.0001008345,95,2024-01-01
2024-09-09 01:00:00,2024-09-09 00:00:00,1,-5,9.977175e-05,96,2024-01-01
2024-09-09 01:00:00,2024-09-09 00:00:00,2,20,9.9555466e-05,97,2024-01-01
2024-09-09 01:00:00,2024-09-09 00:00:00,0,1,9.818585e-05,98,2024-01-01
2024-09-09 01:00:00,2024-09-09 00:00:00,1,1,9.7270095e-05,99,2024-01-01
2024-09-09 01:00:00,2024-09-09 00:00:00,-4,3,9.724017e-05,100,2024-01-01
2024-09-09 01:00:00,2024-09-09 00:00:00,-1,2,9.711795e-05,101,2024-01-01
2024-09-09 01:00:00,2024-09-09 00:00:00,6,6,9.684259e-05,102,2024-01-01
2024-09-09 01:00:00,2024-09-09 00:00:00,-8,6,9.670553e-05,103,2024-01-01
2024-09-09 01:00:00,2024-09-09 00:00:00,1,20,9.4637384e-05,104,2024-01-01
2024-09-09 01:00:00,2024-09-09 00:00:00,-5,4,9.376131e-05,105,2024-01-01
2024-09-09 01:00:00,2024-09-09 00:00:00,1,2,9.301978e-05,106,2024-01-01
2024-09-09 01:00:00,2024-09-09 00:00:00,0,13,9.255297e-05,107,2024-01-01
2024-09-09 01:00:00,2024-09-09 00:00:00,-2,3,9.1087575e-05,108,2024-01-01
2024-09-09 01:00:00,2024-09-09 00:00:00,-1,3,9.03416e-05,109,2024-01-01
2024-09-09 01:00:00,2024-09-09 00:00:00,0,19,8.752302e-05,110,2024-01-01
2024-09-09 01:00:00,2024-09-09 00:00:00,1,19,8.5770036e-05,111,2024-01-01
2024-09-09 01:00:00,2024-09-09 00:00:00,5,3,8.3217084e-05,112,2024-01-01
2024-09-09 01:00:00,2024-09-09 00:00:00,2,-3,8.294359e-05,113,2024-01-01
2024-09-09 01:00:00,2024-09-09 00:00:00,6,3,8.2620965e-05,114,2024-01-01
2024-09-09 01:00:00,2024-09-09 00:00:00,10,0,8.207664e-05,115,2024-01-01
2024-09-09 01:00:00,2024-09-09 00:00:00,-11,-6,8.197472e-05,116,2024-01-01
2024-09-09 01:00:00,2024-09-09 00:00:00,4,-6,8.172899e-05,117,2024-01-01
2024-09-09 01:00:00,2024-09-09 00:00:00,0,18,8.1558675e-05,118,2024-01-01
2024-09-09 01:00:00,2024-09-09 00:00:00,-3,18,8.0857346e-05,119,2024-01-01
2024-09-09 01:00:00,2024-09-09 00:00:00,3,17,8.051382e-05,120,2024-01-01
2024-09-09 01:00:00,2024-09-09 00:00:00,-4,4,8.0450525e-05,121,2024-01-01
2024-09-09 01:00:00,2024-09-09 00:00:00,-4,17,7.996638e-05,122,2024-01-01
2024-09-09 01:00:00,2024-09-09 00:00:00,7,11,7.863878e-05,123,2024-01-01
2024-09-09 01:00:00,2024-09-09 00:00:00,9,0,7.851248e-05,124,2024-01-01
2024-09-09 01:00:00,2024-09-09 00:00:00,-6,15,7.8327816e-05,125,2024-01-01
2024-09-09 01:00:00,2024-09-09 00:00:00,-5,15,7.831161e-05,126,2024-01-01
2024-09-09 01:00:00,2024-09-09 00:00:00,-6,8,7.775068e-05,127,2024-01-01
2024-09-09 01:00:00,2024-09-09 00:00:00,2,-6,7.72915e-05,128,2024-01-01
2024-09-09 01:00:00,2024-09-09 00:00:00,9,-2,7.721809e-05,129,2024-01-01
2024-09-09 01:00:00,2024-09-09 00:00:00,8,-3,7.687852e-05,130,2024-01-01
2024-09-09 01:00:00,2024-09-09 00:00:00,-4,8,7.636249e-05,131,2024-01-01
2024-09-09 01:00:00,2024-09-09 00:00:00,2,8,7.631268e-05,132,2024-01-01
2024-09-09 01:00:00,2024-09-09 00:00:00,8,-4,7.609095e-05,133,2024-01-01
2024-09-09 01:00:00,2024-09-09 00:00:00,6,11,7.5921744e-05,134,2024-01-01
2024-09-09 01:00:00,2024-09-09 00:00:00,4,-4,7.549158e-05,135,2024-01-01
2024-09-09 01:00:00,2024-09-09 00:00:00,5,-4,7.51685e-05,136,2024-01-01
2024-09-09 01:00:00,2024-09-09 00:00:00,5,-3,7.50681e-05,137,2024-01-01
2024-09-09 01:00:00,2024-09-09 00:00:00,-1,-6,7.506539e-05,138,2024-01-01
2024-09-09 01:00:00,2024-09-09 00:00:00,2,-2,7.4932876e-05,139,2024-01-01
2024-09-09 01:00:00,2024-09-09 00:00:00,3,-3,7.490774e-05,140,2024-01-01
2024-09-09 01:00:00,2024-09-09 00:00:00,-5,11,7.382223e-05,141,2024-01-01
2024-09-09 01:00:00,2024-09-09 00:00:00,-4,5,7.326307e-05,142,2024-01-01
2024-09-09 01:00:00,2024-09-09 00:00:00,8,0,7.31453e-05,143,2024-01-01
2024-09-09 01:00:00,2024-09-09 00:00:00,-5,9,7.310148e-05,144,2024-01-01
2024-09-09 01:00:00,2024-09-09 00:00:00,-5,10,7.310148e-05,145,2024-01-01
2024-09-09 01:00:00,2024-09-09 00:00:00,-3,15,7.179487e-05,146,2024-01-01
2024-09-09 01:00:00,2024-09-09 00:00:00,7,-1,7.1402996e-05,147,2024-01-01
2024-09-09 01:00:00,2024-09-09 00:00:00,2,7,7.0588525e-05,148,2024-01-01
2024-09-09 01:00:00,2024-09-09 00:00:00,-1,7,7.0531554e-05,149,2024-01-01
2024-09-09 01:00:00,2024-09-09 00:00:00,0,5,7.0467904e-05,150,2024-01-01
2024-09-09 01:00:00,2024-09-09 00:00:00,1,5,7.041136e-05,151,2024-01-01
2024-09-09 01:00:00,2024-09-09 00:00:00,-3,7,7.039681e-05,152,2024-01-01
2024-09-09 01:00:00,2024-09-09 00:00:00,-4,10,7.0203154e-05,153,2024-01-01
2024-09-09 01:00:00,2024-09-09 00:00:00,3,-2,6.9736365e-05,154,2024-01-01
2024-09-09 01:00:00,2024-09-09 00:00:00,-2,16,6.9560025e-05,155,2024-01-01
2024-09-09 01:00:00,2024-09-09 00:00:00,-3,8,6.8514324e-05,156,2024-01-01
2024-09-09 01:00:00,2024-09-09 00:00:00,3,0,6.815008e-05,157,2024-01-01
2024-09-09 01:00:00,2024-09-09 00:00:00,-2,8,6.7878624e-05,158,2024-01-01
2024-09-09 01:00:00,2024-09-09 00:00:00,1,8,6.7834015e-05,159,2024-01-01
2024-09-09 01:00:00,2024-09-09 00:00:00,2,9,6.756239e-05,160,2024-01-01
2024-09-09 01:00:00,2024-09-09 00:00:00,-3,9,6.73255e-05,161,2024-01-01
2024-09-09 01:00:00,2024-09-09 00:00:00,-4,12,6.722096e-05,162,2024-01-01
2024-09-09 01:00:00,2024-09-09 00:00:00,4,14,6.690146e-05,163,2024-01-01
2024-09-09 01:00:00,2024-09-09 00:00:00,-2,15,6.6582565e-05,164,2024-01-01
2024-09-09 01:00:00,2024-09-09 00:00:00,-2,10,6.617338e-05,165,2024-01-01
2024-09-09 01:00:00,2024-09-09 00:00:00,-1,15,6.61319e-05,166,2024-01-01
2024-09-09 01:00:00,2024-09-09 00:00:00,7,1,6.5999586e-05,167,2024-01-01
2024-09-09 01:00:00,2024-09-09 00:00:00,0,14,6.590833e-05,168,2024-01-01
2024-09-09 01:00:00,2024-09-09 00:00:00,-3,14,6.585856e-05,169,2024-01-01
2024-09-09 01:00:00,2024-09-09 00:00:00,-1,-7,6.567614e-05,170,2024-01-01
2024-09-09 01:00:00,2024-09-09 00:00:00,1,11,6.548978e-05,171,2024-01-01
2024-09-09 01:00:00,2024-09-09 00:00:00,-1,11,6.5368695e-05,172,2024-01-01
2024-09-09 01:00:00,2024-09-09 00:00:00,0,11,6.530834e-05,173,2024-01-01
2024-09-09 01:00:00,2024-09-09 00:00:00,0,9,6.497008e-05,174,2024-01-01
2024-09-09 01:00:00,2024-09-09 00:00:00,-1,13,6.4739936e-05,175,2024-01-01
2024-09-09 01:00:00,2024-09-09 00:00:00,-2,11,6.45879e-05,176,2024-01-01
2024-09-09 01:00:00,2024-09-09 00:00:00,-3,12,6.433718e-05,177,2024-01-01
2024-09-09 01:00:00,2024-09-09 00:00:00,5,2,6.4176995e-05,178,2024-01-01
2024-09-09 01:00:00,2024-09-09 00:00:00,5,-1,6.407857e-05,179,2024-01-01
2024-09-09 01:00:00,2024-09-09 00:00:00,3,-1,6.3967025e-05,180,2024-01-01
2024-09-09 01:00:00,2024-09-09 00:00:00,0,-6,6.3556836e-05,181,2024-01-01
2024-09-09 01:00:00,2024-09-09 00:00:00,-1,9,6.303726e-05,182,2024-01-01
2024-09-09 01:00:00,2024-09-09 00:00:00,4,1,6.265009e-05,183,2024-01-01
2024-09-09 01:00:00,2024-09-09 00:00:00,1,-7,6.256457e-05,184,2024-01-01
2024-09-09 01:00:00,2024-09-09 00:00:00,2,-7,6.256457e-05,185,2024-01-01
2024-09-09 01:00:00,2024-09-09 00:00:00,-2,9,6.223273e-05,186,2024-01-01
2024-09-14 00:00:00,2024-09-13 23:00:00,9,1,0.63000935,1,2024-01-01
2024-09-14 00:00:00,2024-09-13 23:00:00,0,0,0.16671818,2,2024-01-01
2024-09-14 00:00:00,2024-09-13 23:00:00,-1,0,0.070091404,3,2024-01-01
2024-09-14 00:00:00,2024-09-13 23:00:00,1,0,0.06505033,4,2024-01-01
2024-09-14 00:00:00,2024-09-13 23:00:00,-12,-5,0.04649991,5,2024-01-01
2024-09-14 00:00:00,2024-09-13 23:00:00,-2,-3,0.0393706,6,2024-01-01
2024-09-14 00:00:00,2024-09-13 23:00:00,0,-1,0.035472278,7,2024-01-01
2024-09-14 00:00:00,2024-09-13 23:00:00,-3,-4,0.030612255,8,2024-01-01
2024-09-14 00:00:00,2024-09-13 23:00:00,-11,-5,0.026749566,9,2024-01-01
2024-09-14 00:00:00,2024-09-13 23:00:00,-2,-4,0.017430983,10,2024-01-01
2024-09-14 00:00:00,2024-09-13 23:00:00,-1,-1,0.014808744,11,2024-01-01
2024-09-14 00:00:00,2024-09-13 23:00:00,-5,-2,0.01436876,12,2024-01-01
2024-09-14 00:00:00,2024-09-13 23:00:00,1,-1,0.012845079,13,2024-01-01
2024-09-14 00:00:00,2024-09-13 23:00:00,-4,-2,0.010472787,14,2024-01-01
2024-09-14 00:00:00,2024-09-13 23:00:00,-2,-2,0.010220551,15,2024-01-01
2024-09-14 00:00:00,2024-09-13 23:00:00,-2,-1,0.010144026,16,2024-01-01
2024-09-14 00:00:00,2024-09-13 23:00:00,6,-4,0.008765926,17,2024-01-01
2024-09-14 00:00:00,2024-09-13 23:00:00,-4,-3,0.00841343,18,2024-01-01
2024-09-14 00:00:00,2024-09-13 23:00:00,0,17,0.0075995275,19,2024-01-01
2024-09-14 00:00:00,2024-09-13 23:00:00,-2,0,0.0058714636,20,2024-01-01
2024-09-14 00:00:00,2024-09-13 23:00:00,-3,-3,0.00434133,21,2024-01-01
2024-09-14 00:00:00,2024-09-13 23:00:00,0,8,0.0033769698,22,2024-01-01
2024-09-14 00:00:00,2024-09-13 23:00:00,0,-2,0.0031218708,23,2024-01-01
2024-09-14 00:00:00,2024-09-13 23:00:00,-5,-1,0.0031126991,24,2024-01-01
2024-09-14 00:00:00,2024-09-13 23:00:00,5,-2,0.0024294371,25,2024-01-01
2024-09-14 00:00:00,2024-09-13 23:00:00,6,-3,0.0021930777,26,2024-01-01
2024-09-14 00:00:00,2024-09-13 23:00:00,2,-1,0.0015889313,27,2024-01-01
2024-09-14 00:00:00,2024-09-13 23:00:00,2,0,0.0015878765,28,2024-01-01
2024-09-14 00:00:00,2024-09-13 23:00:00,-2,13,0.0010196473,29,2024-01-01
2024-09-14 00:00:00,2024-09-13 23:00:00,4,-1,0.0009922823,30,2024-01-01
2024-09-14 00:00:00,2024-09-13 23:00:00,8,1,0.0008380473,31,2024-01-01
2024-09-14 00:00:00,2024-09-13 23:00:00,-3,11,0.0008254203,32,2024-01-01
2024-09-14 00:00:00,2024-09-13 23:00:00,-1,16,0.0007535487,33,2024-01-01
2024-09-14 00:00:00,2024-09-13 23:00:00,-3,0,0.0006375688,34,2024-01-01
2024-09-14 00:00:00,2024-09-13 23:00:00,-4,0,0.0006275172,35,2024-01-01
2024-09-14 00:00:00,2024-09-13 23:00:00,7,-5,0.0006217554,36,2024-01-01
2024-09-14 00:00:00,2024-09-13 23:00:00,-1,-3,0.0006010312,37,2024-01-01
2024-09-14 00:00:00,2024-09-13 23:00:00,-4,-1,0.0005689185,38,2024-01-01
2024-09-14 00:00:00,2024-09-13 23:00:00,-1,1,0.000520377,39,2024-01-01
2024-09-14 00:00:00,2024-09-13 23:00:00,1,-2,0.0005094735,40,2024-01-01
2024-09-14 00:00:00,2024-09-13 23:00:00,10,3,0.00048469906,41,2024-01-01
2024-09-14 00:00:00,2024-09-13 23:00:00,2,1,0.00045628074,42,2024-01-01
2024-09-14 00:00:00,2024-09-13 23:00:00,7,-4,0.00041241673,43,2024-01-01
2024-09-14 00:00:00,2024-09-13 23:00:00,-1,8,0.0004000672,44,2024-01-01
2024-09-14 00:00:00,2024-09-13 23:00:00,-1,6,0.00036284223,45,2024-01-01
2024-09-14 00:00:00,2024-09-13 23:00:00,-9,-1,0.00034493915,46,2024-01-01
2024-09-14 00:00:00,2024-09-13 23:00:00,-3,1,0.00033577788,47,2024-01-01
2024-09-14 00:00:00,2024-09-13 23:00:00,-1,-2,0.00032946127,48,2024-01-01
2024-09-14 00:00:00,2024-09-13 23:00:00,-3,-1,0.00032905536,49,2024-01-01
2024-09-14 00:00:00,2024-09-13 23:00:00,-4,-4,0.00031068,50,2024-01-01
2024-09-14 00:00:00,2024-09-13 23:00:00,-5,-4,0.00030934936,51,2024-01-01
2024-09-14 00:00:00,2024-09-13 23:00:00,7,4,0.00029857128,52,2024-01-01
2024-09-14 00:00:00,2024-09-13 23:00:00,-5,-3,0.0002978829,53,2024-01-01
2024-09-14 00:00:00,2024-09-13 23:00:00,-3,13,0.00029602734,54,2024-01-01
2024-09-14 00:00:00,2024-09-13 23:00:00,0,12,0.00028800362,55,2024-01-01
2024-09-14 00:00:00,2024-09-13 23:00:00,1,6,0.00027183793,56,2024-01-01
2024-09-14 00:00:00,2024-09-13 23:00:00,-6,4,0.00026001784,57,2024-01-01
2024-09-14 00:00:00,2024-09-13 23:00:00,-9,-5,0.00025944712,58,2024-01-01
2024-09-14 00:00:00,2024-09-13 23:00:00,-10,10,0.00022990169,59,2024-01-01
2024-09-14 00:00:00,2024-09-13 23:00:00,9,2,0.0002239521,60,2024-01-01
2024-09-14 00:00:00,2024-09-13 23:00:00,10,5,0.00022337149,61,2024-01-01
2024-09-14 00:00:00,2024-09-13 23:00:00,8,-1,0.00021463429,62,2024-01-01
2024-09-14 00:00:00,2024-09-13 23:00:00,3,1,0.00021218618,63,2024-01-01
2024-09-14 00:00:00,2024-09-13 23:00:00,10,-1,0.00020424451,64,2024-01-01
2024-09-14 00:00:00,2024-09-13 23:00:00,-9,0,0.00019397918,65,2024-01-01
2024-09-14 00:00:00,2024-09-13 23:00:00,-10,-3,0.00019222834,66,2024-01-01
2024-09-14 00:00:00,2024-09-13 23:00:00,6,5,0.00018359376,67,2024-01-01
2024-09-14 00:00:00,2024-09-13 23:00:00,1,9,0.00018338801,68,2024-01-01
2024-09-14 00:00:00,2024-09-13 23:00:00,-10,-4,0.0001805913,69,2024-01-01
2024-09-14 00:00:00,2024-09-13 23:00:00,-2,1,0.00017343213,70,2024-01-01
2024-09-14 00:00:00,2024-09-13 23:00:00,-9,-4,0.0001732201,71,2024-01-01
2024-09-14 00:00:00,2024-09-13 23:00:00,-1,18,0.00016845984,72,2024-01-01
2024-09-14 00:00:00,2024-09-13 23:00:00,9,3,0.00016449468,73,2024-01-01
2024-09-14 00:00:00,2024-09-13 23:00:00,0,-3,0.00016369176,74,2024-01-01
2024-09-14 00:00:00,2024-09-13 23:00:00,-1,-4,0.00015615216,75,2024-01-01
2024-09-14 00:00:00,2024-09-13 23:00:00,-3,-2,0.00015495985,76,2024-01-01
2024-09-14 00:00:00,2024-09-13 23:00:00,-6,1,0.00015440538,77,2024-01-01
2024-09-14 00:00:00,2024-09-13 23:00:00,-3,2,0.0001544025,78,2024-01-01
2024-09-14 00:00:00,2024-09-13 23:00:00,0,-5,0.00015192477,79,2024-01-01
2024-09-14 00:00:00,2024-09-13 23:00:00,-4,2,0.00015173954,80,2024-01-01
2024-09-14 00:00:00,2024-09-13 23:00:00,-1,5,0.00015116188,81,2024-01-01
2024-09-14 00:00:00,2024-09-13 23:00:00,-2,-5,0.00014856915,82,2024-01-01
2024-09-14 00:00:00,2024-09-13 23:00:00,2,20,0.00014793088,83,2024-01-01
2024-09-14 00:00:00,2024-09-13 23:00:00,-7,1,0.00014544594,84,2024-01-01
2024-09-14 00:00:00,2024-09-13 23:00:00,-1,3,0.00014410268,85,2024-01-01
2024-09-14 00:00:00,2024-09-13 23:00:00,1,-5,0.0001432171,86,2024-01-01
2024-09-14 00:00:00,2024-09-13 23:00:00,-4,-5,0.0001427128,87,2024-01-01
2024-09-14 00:00:00,2024-09-13 23:00:00,-7,-1,0.00014235936,88,2024-01-01
2024-09-14 00:00:00,2024-09-13 23:00:00,1,-3,0.00014086235,89,2024-01-01
2024-09-14 00:00:00,2024-09-13 23:00:00,-6,-2,0.00013992464,90,2024-01-01
2024-09-14 00:00:00,2024-09-13 23:00:00,-1,2,0.00013853311,91,2024-01-01
2024-09-14 00:00:00,2024-09-13 23:00:00,-5,0,0.00013843416,92,2024-01-01
2024-09-14 00:00:00,2024-09-13 23:00:00,-6,-3,0.00013817275,93,2024-01-01
2024-09-14 00:00:00,2024-09-13 23:00:00,0,1,0.00013759035,94,2024-01-01
2024-09-14 00:00:00,2024-09-13 23:00:00,1,1,0.00013713776,95,2024-01-01
2024-09-14 00:00:00,2024-09-13 23:00:00,5,3,0.00013628199,96,2024-01-01
2024-09-14 00:00:00,2024-09-13 23:00:00,-2,3,0.00013540483,97,2024-01-01
2024-09-14 00:00:00,2024-09-13 23:00:00,1,2,0.0001345768,98,2024-01-01
2024-09-14 00:00:00,2024-09-13 23:00:00,0,13,0.00013437307,99,2024-01-01
2024-09-14 00:00:00,2024-09-13 23:00:00,1,20,0.00013430858,100,2024-01-01
2024-09-14 00:00:00,2024-09-13 23:00:00,-5,2,0.00013394548,101,2024-01-01
2024-09-14 00:00:00,2024-09-13 23:00:00,4,-6,0.00013255722,102,2024-01-01
2024-09-14 00:00:00,2024-09-13 23:00:00,-11,-6,0.0001311638,103,2024-01-01
2024-09-14 00:00:00,2024-09-13 23:00:00,-4,19,0.00013027852,104,2024-01-01
2024-09-14 00:00:00,2024-09-13 23:00:00,8,-4,0.00012811991,105,2024-01-01
2024-09-14 00:00:00,2024-09-13 23:00:00,3,17,0.00012809299,106,2024-01-01
2024-09-14 00:00:00,2024-09-13 23:00:00,8,-3,0.00012739559,107,2024-01-01
2024-09-14 00:00:00,2024-09-13 23:00:00,2,-6,0.00012674936,108,2024-01-01
2024-09-14 00:00:00,2024-09-13 23:00:00,-5,1,0.00012500655,109,2024-01-01
2024-09-14 00:00:00,2024-09-13 23:00:00,2,-3,0.00012499509,110,2024-01-01
2024-09-14 00:00:00,2024-09-13 23:00:00,10,0,0.00012478775,111,2024-01-01
2024-09-14 00:00:00,2024-09-13 23:00:00,-5,4,0.00012383152,112,2024-01-01
2024-09-14 00:00:00,2024-09-13 23:00:00,-10,8,0.00012325286,113,2024-01-01
2024-09-14 00:00:00,2024-09-13 23:00:00,6,3,0.00012300098,114,2024-01-01
2024-09-14 00:00:00,2024-09-13 23:00:00,-1,-6,0.00012256014,115,2024-01-01
2024-09-14 00:00:00,2024-09-13 23:00:00,9,-2,0.000121861325,116,2024-01-01
2024-09-14 00:00:00,2024-09-13 23:00:00,-4,3,0.00012147069,117,2024-01-01
2024-09-14 00:00:00,2024-09-13 23:00:00,-4,4,0.00012045152,118,2024-01-01
2024-09-14 00:00:00,2024-09-13 23:00:00,8,0,0.00012021492,119,2024-01-01
2024-09-14 00:00:00,2024-09-13 23:00:00,-9,6,0.00011939136,120,2024-01-01
2024-09-14 00:00:00,2024-09-13 23:00:00,4,-4,0.000119035685,121,2024-01-01
2024-09-14 00:00:00,2024-09-13 23:00:00,7,-1,0.00011895516,122,2024-01-01
2024-09-14 00:00:00,2024-09-13 23:00:00,3,-3,0.00011848926,123,2024-01-01
2024-09-14 00:00:00,2024-09-13 23:00:00,9,0,0.00011812148,124,2024-01-01
2024-09-14 00:00:00,2024-09-13 23:00:00,5,-3,0.00011742319,125,2024-01-01
2024-09-14 00:00:00,2024-09-13 23:00:00,7,11,0.00011633362,126,2024-01-01
2024-09-14 00:00:00,2024-09-13 23:00:00,5,-4,0.00011631745,127,2024-01-01
2024-09-14 00:00:00,2024-09-13 23:00:00,1,19,0.00011604436,128,2024-01-01
2024-09-14 00:00:00,2024-09-13 23:00:00,2,-2,0.000115899056,129,2024-01-01
2024-09-14 00:00:00,2024-09-13 23:00:00,7,1,0.00011258604,130,2024-01-01
2024-09-14 00:00:00,2024-09-13 23:00:00,2,8,0.00011245981,131,2024-01-01
2024-09-14 00:00:00,2024-09-13 23:00:00,-5,-5,0.00011227067,132,2024-01-01
2024-09-14 00:00:00,2024-09-13 23:00:00,6,11,0.000110627,133,2024-01-01
2024-09-14 00:00:00,2024-09-13 23:00:00,6,6,0.00011007552,134,2024-01-01
2024-09-14 00:00:00,2024-09-13 23:00:00,0,19,0.00010988672,135,2024-01-01
2024-09-14 00:00:00,2024-09-13 23:00:00,0,9,0.000109526365,136,2024-01-01
2024-09-14 00:00:00,2024-09-13 23:00:00,1,11,0.00010926529,137,2024-01-01
2024-09-14 00:00:00,2024-09-13 23:00:00,4,14,0.00010918818,138,2024-01-01
2024-09-14 00:00:00,2024-09-13 23:00:00,3,-2,0.00010895063,139,2024-01-01
2024-09-14 00:00:00,2024-09-13 23:00:00,0,18,0.00010869148,140,2024-01-01
2024-09-14 00:00:00,2024-09-13 23:00:00,5,2,0.000108433305,141,2024-01-01
2024-09-14 00:00:00,2024-09-13 23:00:00,-8,6,0.00010696874,142,2024-01-01
2024-09-14 00:00:00,2024-09-13 23:00:00,3,0,0.0001067397,143,2024-01-01
2024-09-14 00:00:00,2024-09-13 23:00:00,0,5,0.00010645608,144,2024-01-01
2024-09-14 00:00:00,2024-09-13 23:00:00,-4,5,0.00010588808,145,2024-01-01
2024-09-14 00:00:00,2024-09-13 23:00:00,1,5,0.00010533171,146,2024-01-01
2024-09-14 00:00:00,2024-09-13 23:00:00,4,1,0.00010434676,147,2024-01-01
2024-09-14 00:00:00,2024-09-13 23:00:00,-1,-7,0.00010077699,148,2024-01-01
2024-09-14 00:00:00,2024-09-13 23:00:00,1,8,0.000100277706,149,2024-01-01
2024-09-14 00:00:00,2024-09-13 23:00:00,-6,15,9.989527e-05,150,2024-01-01
2024-09-14 00:00:00,2024-09-13 23:00:00,5,-1,9.940017e-05,151,2024-01-01
2024-09-14 00:00:00,2024-09-13 23:00:00,2,9,9.933327e-05,152,2024-01-01
2024-09-14 00:00:00,2024-09-13 23:00:00,-1,13,9.795362e-05,153,2024-01-01
2024-09-14 00:00:00,2024-09-13 23:00:00,3,-1,9.765601e-05,154,2024-01-01
2024-09-14 00:00:00,2024-09-13 23:00:00,2,7,9.732929e-05,155,2024-01-01
2024-09-14 00:00:00,2024-09-13 23:00:00,0,-6,9.650182e-05,156,2024-01-01
2024-09-14 00:00:00,2024-09-13 23:00:00,-1,7,9.637448e-05,157,2024-01-01
2024-09-14 00:00:00,2024-09-13 23:00:00,1,-7,9.628583e-05,158,2024-01-01
2024-09-14 00:00:00,2024-09-13 23:00:00,2,-7,9.628583e-05,159,2024-01-01
2024-09-14 00:00:00,2024-09-13 23:00:00,-5,15,9.484907e-05,160,2024-01-01
2024-09-14 00:00:00,2024-09-13 23:00:00,-2,16,9.469819e-05,161,2024-01-01
2024-09-14 00:00:00,2024-09-13 23:00:00,-4,17,9.460177e-05,162,2024-01-01
2024-09-14 00:00:00,2024-09-13 23:00:00,-3,18,9.4043826e-05,163,2024-01-01
2024-09-14 00:00:00,2024-09-13 23:00:00,0,11,9.367138e-05,164,2024-01-01
2024-09-14 00:00:00,2024-09-13 23:00:00,-3,7,9.351063e-05,165,2024-01-01
2024-09-14 00:00:00,2024-09-13 23:00:00,0,14,9.138698e-05,166,2024-01-01
2024-09-14 00:00:00,2024-09-13 23:00:00,-6,8,9.0287205e-05,167,2024-01-01
2024-09-14 00:00:00,2024-09-13 23:00:00,-1,9,8.962968e-05,168,2024-01-01
2024-09-14 00:00:00,2024-09-13 23:00:00,-1,11,8.9454894e-05,169,2024-01-01
2024-09-14 00:00:00,2024-09-13 23:00:00,-1,15,8.9075904e-05,170,2024-01-01
2024-09-14 00:00:00,2024-09-13 23:00:00,-4,8,8.837619e-05,171,2024-01-01
2024-09-14 00:00:00,2024-09-13 23:00:00,-5,10,8.836194e-05,172,2024-01-01
2024-09-14 00:00:00,2024-09-13 23:00:00,-5,11,8.813968e-05,173,2024-01-01
2024-09-14 00:00:00,2024-09-13 23:00:00,-3,8,8.702342e-05,174,2024-01-01
2024-09-14 00:00:00,2024-09-13 23:00:00,-3,15,8.693005e-05,175,2024-01-01
2024-09-14 00:00:00,2024-09-13 23:00:00,-5,9,8.669001e-05,176,2024-01-01
2024-09-14 00:00:00,2024-09-13 23:00:00,-2,8,8.4811705e-05,177,2024-01-01
2024-09-14 00:00:00,2024-09-13 23:00:00,-4,12,8.4290106e-05,178,2024-01-01
2024-09-14 00:00:00,2024-09-13 23:00:00,-2,15,8.188902e-05,179,2024-01-01
2024-09-14 00:00:00,2024-09-13 23:00:00,-3,9,8.1832404e-05,180,2024-01-01
2024-09-14 00:00:00,2024-09-13 23:00:00,-3,12,8.11457e-05,181,2024-01-01
2024-09-14 00:00:00,2024-09-13 23:00:00,-4,10,8.110586e-05,182,2024-01-01
2024-09-14 00:00:00,2024-09-13 23:00:00,-2,10,7.967125e-05,183,2024-01-01
2024-09-14 00:00:00,2024-09-13 23:00:00,-2,9,7.9090765e-05,184,2024-01-01
2024-09-14 00:00:00,2024-09-13 23:00:00,-2,11,7.832993e-05,185,2024-01-01
2024-09-14 00:00:00,2024-09-13 23:00:00,-3,14,7.7348835e-05,186,2024-01-01
2025-08-08 23:00:00,2025-08-08 22:00:00,-4,-3,0.16959433,1,2024-01-01
2025-08-08 23:00:00,2025-08-08 22:00:00,9,1,0.1610279,2,2024-01-01
2025-08-08 23:00:00,2025-08-08 22:00:00,0,0,0.15827616,3,2024-01-01
2025-08-08 23:00:00,2025-08-08 22:00:00,-1,0,0.13034125,4,2024-01-01
2025-08-08 23:00:00,2025-08-08 22:00:00,1,-1,0.10199883,5,2024-01-01
2025-08-08 23:00:00,2025-08-08 22:00:00,-2,-3,0.08761543,6,2024-01-01
2025-08-08 23:00:00,2025-08-08 22:00:00,1,0,0.06172504,7,2024-01-01
2025-08-08 23:00:00,2025-08-08 22:00:00,-2,-2,0.056692317,8,2024-01-01
2025-08-08 23:00:00,2025-08-08 22:00:00,3,-1,0.05513269,9,2024-01-01
2025-08-08 23:00:00,2025-08-08 22:00:00,-12,-5,0.04408108,10,2024-01-01
2025-08-08 23:00:00,2025-08-08 22:00:00,0,-1,0.041853238,11,2024-01-01
2025-08-08 23:00:00,2025-08-08 22:00:00,-11,-5,0.03790708,12,2024-01-01
2025-08-08 23:00:00,2025-08-08 22:00:00,3,-2,0.034308653,13,2024-01-01
2025-08-08 23:00:00,2025-08-08 22:00:00,-1,-3,0.025537303,14,2024-01-01
2025-08-08 23:00:00,2025-08-08 22:00:00,-1,-1,0.023082906,15,2024-01-01
2025-08-08 23:00:00,2025-08-08 22:00:00,2,0,0.01685767,16,2024-01-01
2025-08-08 23:00:00,2025-08-08 22:00:00,-3,-4,0.016846484,17,2024-01-01
2025-08-08 23:00:00,2025-08-08 22:00:00,-5,-2,0.013901864,18,2024-01-01
2025-08-08 23:00:00,2025-08-08 22:00:00,-2,0,0.013194334,19,2024-01-01
2025-08-08 23:00:00,2025-08-08 22:00:00,-2,-4,0.01261947,20,2024-01-01
2025-08-08 23:00:00,2025-08-08 22:00:00,-4,-2,0.011060315,21,2024-01-01
2025-08-08 23:00:00,2025-08-08 22:00:00,-10,-3,0.008592964,22,2024-01-01
2025-08-08 23:00:00,2025-08-08 22:00:00,-2,-1,0.008473662,23,2024-01-01
2025-08-08 23:00:00,2025-08-08 22:00:00,-3,-3,0.008076838,24,2024-01-01
2025-08-08 23:00:00,2025-08-08 22:00:00,-4,4,0.006415542,25,2024-01-01
2025-08-08 23:00:00,2025-08-08 22:00:00,-3,-2,0.005764302,26,2024-01-01
2025-08-08 23:00:00,2025-08-08 22:00:00,0,-2,0.0041300002,27,2024-01-01
2025-08-08 23:00:00,2025-08-08 22:00:00,0,8,0.0025554234,28,2024-01-01
2025-08-08 23:00:00,2025-08-08 22:00:00,-3,1,0.002532665,29,2024-01-01
2025-08-08 23:00:00,2025-08-08 22:00:00,7,-4,0.0023816351,30,2024-01-01
2025-08-08 23:00:00,2025-08-08 22:00:00,0,17,0.0021972705,31,2024-01-01
2025-08-08 23:00:00,2025-08-08 22:00:00,6,-3,0.0019333949,32,2024-01-01
2025-08-08 23:00:00,2025-08-08 22:00:00,0,12,0.0018521479,33,2024-01-01
2025-08-08 23:00:00,2025-08-08 22:00:00,-3,13,0.0014626667,34,2024-01-01
2025-08-08 23:00:00,2025-08-08 22:00:00,6,-4,0.001271749,35,2024-01-01
2025-08-08 23:00:00,2025-08-08 22:00:00,-6,4,0.0011591149,36,2024-01-01
2025-08-08 23:00:00,2025-08-08 22:00:00,-5,-1,0.0006480408,37,2024-01-01
2025-08-08 23:00:00,2025-08-08 22:00:00,-3,-1,0.0005888063,38,2024-01-01
2025-08-08 23:00:00,2025-08-08 22:00:00,3,0,0.00058495655,39,2024-01-01
2025-08-08 23:00:00,2025-08-08 22:00:00,9,3,0.0005732992,40,2024-01-01
2025-08-08 23:00:00,2025-08-08 22:00:00,2,-1,0.0005363771,41,2024-01-01
2025-08-08 23:00:00,2025-08-08 22:00:00,-1,-2,0.0005253872,42,2024-01-01
2025-08-08 23:00:00,2025-08-08 22:00:00,9,2,0.00049181515,43,2024-01-01
2025-08-08 23:00:00,2025-08-08 22:00:00,0,1,0.00048401815,44,2024-01-01
2025-08-08 23:00:00,2025-08-08 22:00:00,-9,0,0.00039164955,45,2024-01-01
2025-08-08 23:00:00,2025-08-08 22:00:00,-10,-4,0.00038898372,46,2024-01-01
2025-08-08 23:00:00,2025-08-08 22:00:00,-1,16,0.0003525217,47,2024-01-01
2025-08-08 23:00:00,2025-08-08 22:00:00,7,4,0.0003353773,48,2024-01-01
2025-08-08 23:00:00,2025-08-08 22:00:00,-11,-6,0.00029689798,49,2024-01-01
2025-08-08 23:00:00,2025-08-08 22:00:00,-4,-1,0.0002957352,50,2024-01-01
2025-08-08 23:00:00,2025-08-08 22:00:00,8,1,0.00027300025,51,2024-01-01
2025-08-08 23:00:00,2025-08-08 22:00:00,8,0,0.00027202826,52,2024-01-01
2025-08-08 23:00:00,2025-08-08 22:00:00,-1,7,0.00025163472,53,2024-01-01
2025-08-08 23:00:00,2025-08-08 22:00:00,4,-1,0.00022438103,54,2024-01-01
2025-08-08 23:00:00,2025-08-08 22:00:00,1,-2,0.00021609878,55,2024-01-01
2025-08-08 23:00:00,2025-08-08 22:00:00,1,8,0.0002121316,56,2024-01-01
2025-08-08 23:00:00,2025-08-08 22:00:00,-1,-4,0.00021028584,57,2024-01-01
2025-08-08 23:00:00,2025-08-08 22:00:00,-2,16,0.00020666259,58,2024-01-01
2025-08-08 23:00:00,2025-08-08 22:00:00,10,5,0.00020573311,59,2024-01-01
2025-08-08 23:00:00,2025-08-08 22:00:00,-3,8,0.0002033323,60,2024-01-01
2025-08-08 23:00:00,2025-08-08 22:00:00,-1,15,0.00019497708,61,2024-01-01
2025-08-08 23:00:00,2025-08-08 22:00:00,0,13,0.00018847622,62,2024-01-01
2025-08-08 23:00:00,2025-08-08 22:00:00,-2,13,0.00018846634,63,2024-01-01
2025-08-08 23:00:00,2025-08-08 22:00:00,-3,11,0.00018658601,64,2024-01-01
2025-08-08 23:00:00,2025-08-08 22:00:00,6,5,0.00018239376,65,2024-01-01
2025-08-08 23:00:00,2025-08-08 22:00:00,-9,6,0.000180485,66,2024-01-01
2025-08-08 23:00:00,2025-08-08 22:00:00,-9,-4,0.00018018682,67,2024-01-01
2025-08-08 23:00:00,2025-08-08 22:00:00,-10,8,0.00017827518,68,2024-01-01
2025-08-08 23:00:00,2025-08-08 22:00:00,3,1,0.00017652161,69,2024-01-01
2025-08-08 23:00:00,2025-08-08 22:00:00,-6,-3,0.00017396925,70,2024-01-01
2025-08-08 23:00:00,2025-08-08 22:00:00,-6,-2,0.00017396925,71,2024-01-01
2025-08-08 23:00:00,2025-08-08 22:00:00,7,-5,0.00016967264,72,2024-01-01
2025-08-08 23:00:00,2025-08-08 22:00:00,-10,10,0.000166864,73,2024-01-01
2025-08-08 23:00:00,2025-08-08 22:00:00,-9,-1,0.00016623642,74,2024-01-01
2025-08-08 23:00:00,2025-08-08 22:00:00,-5,1,0.00016604213,75,2024-01-01
2025-08-08 23:00:00,2025-08-08 22:00:00,-4,19,0.0001654548,76,2024-01-01
2025-08-08 23:00:00,2025-08-08 22:00:00,-9,-5,0.00016387836,77,2024-01-01
2025-08-08 23:00:00,2025-08-08 22:00:00,-7,1,0.0001635683,78,2024-01-01
2025-08-08 23:00:00,2025-08-08 22:00:00,-7,-1,0.00016332103,79,2024-01-01
2025-08-08 23:00:00,2025-08-08 22:00:00,6,6,0.00016243581,80,2024-01-01
2025-08-08 23:00:00,2025-08-08 22:00:00,-4,2,0.00016130683,81,2024-01-01
2025-08-08 23:00:00,2025-08-08 22:00:00,10,3,0.00016121737,82,2024-01-01
2025-08-08 23:00:00,2025-08-08 22:00:00,-5,2,0.00016116645,83,2024-01-01
2025-08-08 23:00:00,2025-08-08 22:00:00,-6,1,0.00016110505,84,2024-01-01
2025-08-08 23:00:00,2025-08-08 22:00:00,-8,6,0.00016085111,85,2024-01-01
2025-08-08 23:00:00,2025-08-08 22:00:00,-3,2,0.00015952722,86,2024-01-01
2025-08-08 23:00:00,2025-08-08 22:00:00,2,20,0.00015870189,87,2024-01-01
2025-08-08 23:00:00,2025-08-08 22:00:00,-1,2,0.00015576505,88,2024-01-01
2025-08-08 23:00:00,2025-08-08 22:00:00,-2,3,0.00015405283,89,2024-01-01
2025-08-08 23:00:00,2025-08-08 22:00:00,-1,3,0.00015405283,90,2024-01-01
2025-08-08 23:00:00,2025-08-08 22:00:00,-4,0,0.00015376508,91,2024-01-01
2025-08-08 23:00:00,2025-08-08 22:00:00,1,2,0.00015367946,92,2024-01-01
2025-08-08 23:00:00,2025-08-08 22:00:00,-5,0,0.00015138643,93,2024-01-01
2025-08-08 23:00:00,2025-08-08 22:00:00,1,20,0.00015011663,94,2024-01-01
2025-08-08 23:00:00,2025-08-08 22:00:00,-4,3,0.00014919814,95,2024-01-01
2025-08-08 23:00:00,2025-08-08 22:00:00,5,3,0.0001447941,96,2024-01-01
2025-08-08 23:00:00,2025-08-08 22:00:00,6,3,0.00014258649,97,2024-01-01
2025-08-08 23:00:00,2025-08-08 22:00:00,-6,15,0.00014252357,98,2024-01-01
2025-08-08 23:00:00,2025-08-08 22:00:00,10,0,0.00014169177,99,2024-01-01
2025-08-08 23:00:00,2025-08-08 22:00:00,7,11,0.00014135109,100,2024-01-01
2025-08-08 23:00:00,2025-08-08 22:00:00,1,19,0.00014096704,101,2024-01-01
2025-08-08 23:00:00,2025-08-08 22:00:00,-5,11,0.00014057978,102,2024-01-01
2025-08-08 23:00:00,2025-08-08 22:00:00,9,0,0.00013988795,103,2024-01-01
2025-08-08 23:00:00,2025-08-08 22:00:00,-6,8,0.00013987183,104,2024-01-01
2025-08-08 23:00:00,2025-08-08 22:00:00,0,19,0.00013957138,105,2024-01-01
2025-08-08 23:00:00,2025-08-08 22:00:00,-5,10,0.00013935694,106,2024-01-01
2025-08-08 23:00:00,2025-08-08 22:00:00,6,11,0.00013915925,107,2024-01-01
2025-08-08 23:00:00,2025-08-08 22:00:00,8,-1,0.00013805665,108,2024-01-01
2025-08-08 23:00:00,2025-08-08 22:00:00,2,1,0.00013791722,109,2024-01-01
2025-08-08 23:00:00,2025-08-08 22:00:00,3,17,0.00013634219,110,2024-01-01
2025-08-08 23:00:00,2025-08-08 22:00:00,10,-1,0.00013607892,111,2024-01-01
2025-08-08 23:00:00,2025-08-08 22:00:00,0,18,0.00013604145,112,2024-01-01
2025-08-08 23:00:00,2025-08-08 22:00:00,-4,17,0.0001356885,113,2024-01-01
2025-08-08 23:00:00,2025-08-08 22:00:00,-5,15,0.00013567676,114,2024-01-01
2025-08-08 23:00:00,2025-08-08 22:00:00,1,1,0.00013538747,115,2024-01-01
2025-08-08 23:00:00,2025-08-08 22:00:00,-1,18,0.00013531702,116,2024-01-01
2025-08-08 23:00:00,2025-08-08 22:00:00,9,-2,0.00013489828,117,2024-01-01
2025-08-08 23:00:00,2025-08-08 22:00:00,7,-1,0.00013448267,118,2024-01-01
2025-08-08 23:00:00,2025-08-08 22:00:00,-5,4,0.00013442215,119,2024-01-01
2025-08-08 23:00:00,2025-08-08 22:00:00,-5,9,0.00013387603,120,2024-01-01
2025-08-08 23:00:00,2025-08-08 22:00:00,2,8,0.00013256099,121,2024-01-01
2025-08-08 23:00:00,2025-08-08 22:00:00,-4,8,0.0001321211,122,2024-01-01
2025-08-08 23:00:00,2025-08-08 22:00:00,-3,18,0.00013165364,123,2024-01-01
2025-08-08 23:00:00,2025-08-08 22:00:00,-4,-5,0.00013129391,124,2024-01-01
2025-08-08 23:00:00,2025-08-08 22:00:00,1,5,0.00013114089,125,2024-01-01
2025-08-08 23:00:00,2025-08-08 22:00:00,7,1,0.00012958517,126,2024-01-01
2025-08-08 23:00:00,2025-08-08 22:00:00,1,6,0.00012826647,127,2024-01-01
2025-08-08 23:00:00,2025-08-08 22:00:00,2,7,0.00012640885,128,2024-01-01
2025-08-08 23:00:00,2025-08-08 22:00:00,-4,5,0.00012615928,129,2024-01-01
2025-08-08 23:00:00,2025-08-08 22:00:00,0,5,0.00012563088,130,2024-01-01
2025-08-08 23:00:00,2025-08-08 22:00:00,5,2,0.00012490114,131,2024-01-01
2025-08-08 23:00:00,2025-08-08 22:00:00,-4,12,0.00012412092,132,2024-01-01
2025-08-08 23:00:00,2025-08-08 22:00:00,-3,7,0.00012410607,133,2024-01-01
2025-08-08 23:00:00,2025-08-08 22:00:00,-1,8,0.0001240837,134,2024-01-01
2025-08-08 23:00:00,2025-08-08 22:00:00,-1,6,0.00012352799,135,2024-01-01
2025-08-08 23:00:00,2025-08-08 22:00:00,-3,15,0.00012328236,136,2024-01-01
2025-08-08 23:00:00,2025-08-08 22:00:00,-4,10,0.00012322217,137,2024-01-01
2025-08-08 23:00:00,2025-08-08 22:00:00,4,1,0.000121209385,138,2024-01-01
2025-08-08 23:00:00,2025-08-08 22:00:00,-1,5,0.00012098482,139,2024-01-01
2025-08-08 23:00:00,2025-08-08 22:00:00,4,14,0.000118670425,140,2024-01-01
2025-08-08 23:00:00,2025-08-08 22:00:00,2,9,0.00011826997,141,2024-01-01
2025-08-08 23:00:00,2025-08-08 22:00:00,-1,1,0.0001170448,142,2024-01-01
2025-08-08 23:00:00,2025-08-08 22:00:00,-2,8,0.00011629145,143,2024-01-01
2025-08-08 23:00:00,2025-08-08 22:00:00,0,14,0.0001143967,144,2024-01-01
2025-08-08 23:00:00,2025-08-08 22:00:00,1,11,0.00011396102,145,2024-01-01
2025-08-08 23:00:00,2025-08-08 22:00:00,-3,9,0.000113733404,146,2024-01-01
2025-08-08 23:00:00,2025-08-08 22:00:00,1,9,0.000113621376,147,2024-01-01
2025-08-08 23:00:00,2025-08-08 22:00:00,-2,15,0.00011339581,148,2024-01-01
2025-08-08 23:00:00,2025-08-08 22:00:00,5,-1,0.00011311673,149,2024-01-01
2025-08-08 23:00:00,2025-08-08 22:00:00,-3,14,0.00011260887,150,2024-01-01
2025-08-08 23:00:00,2025-08-08 22:00:00,-2,10,0.00011216032,151,2024-01-01
2025-08-08 23:00:00,2025-08-08 22:00:00,0,11,0.000111825415,152,2024-01-01
2025-08-08 23:00:00,2025-08-08 22:00:00,0,9,0.00011178009,153,2024-01-01
2025-08-08 23:00:00,2025-08-08 22:00:00,-1,13,0.000111383764,154,2024-01-01
2025-08-08 23:00:00,2025-08-08 22:00:00,-3,12,0.00011082253,155,2024-01-01
2025-08-08 23:00:00,2025-08-08 22:00:00,-2,11,0.000110782865,156,2024-01-01
2025-08-08 23:00:00,2025-08-08 22:00:00,-5,-5,0.000110664805,157,2024-01-01
2025-08-08 23:00:00,2025-08-08 22:00:00,-1,11,0.000109847206,158,2024-01-01
2025-08-08 23:00:00,2025-08-08 22:00:00,-1,9,0.00010908706,159,2024-01-01
2025-08-08 23:00:00,2025-08-08 22:00:00,-4,-4,0.00010809709,160,2024-01-01
2025-08-08 23:00:00,2025-08-08 22:00:00,2,-2,0.00010769416,161,2024-01-01
2025-08-08 23:00:00,2025-08-08 22:00:00,-2,9,0.00010736481,162,2024-01-01
2025-08-08 23:00:00,2025-08-08 22:00:00,-2,1,0.00010706738,163,2024-01-01
2025-08-08 23:00:00,2025-08-08 22:00:00,-5,-4,0.000105437684,164,2024-01-01
2025-08-08 23:00:00,2025-08-08 22:00:00,0,-3,0.0001001515,165,2024-01-01
2025-08-08 23:00:00,2025-08-08 22:00:00,-3,0,9.7511096e-05,166,2024-01-01
2025-08-08 23:00:00,2025-08-08 22:00:00,-5,-3,9.7210665e-05,167,2024-01-01
2025-08-08 23:00:00,2025-08-08 22:00:00,5,-2,9.5875876e-05,168,2024-01-01
2025-08-08 23:00:00,2025-08-08 22:00:00,-1,-7,9.5709656e-05,169,2024-01-01
2025-08-08 23:00:00,2025-08-08 22:00:00,-2,-5,8.518356e-05,170,2024-01-01
2025-08-08 23:00:00,2025-08-08 22:00:00,8,-3,8.1451755e-05,171,2024-01-01
2025-08-08 23:00:00,2025-08-08 22:00:00,2,-3,8.089744e-05,172,2024-01-01
2025-08-08 23:00:00,2025-08-08 22:00:00,4,-6,7.9519734e-05,173,2024-01-01
2025-08-08 23:00:00,2025-08-08 22:00:00,1,-3,7.845997e-05,174,2024-01-01
2025-08-08 23:00:00,2025-08-08 22:00:00,4,-4,7.785848e-05,175,2024-01-01
2025-08-08 23:00:00,2025-08-08 22:00:00,5,-3,7.631237e-05,176,2024-01-01
2025-08-08 23:00:00,2025-08-08 22:00:00,3,-3,7.3199284e-05,177,2024-01-01
2025-08-08 23:00:00,2025-08-08 22:00:00,1,-5,6.956538e-05,178,2024-01-01
2025-08-08 23:00:00,2025-08-08 22:00:00,0,-5,6.940755e-05,179,2024-01-01
2025-08-08 23:00:00,2025-08-08 22:00:00,5,-4,6.714201e-05,180,2024-01-01
2025-08-08 23:00:00,2025-08-08 22:00:00,2,-6,6.69415e-05,181,2024-01-01
2025-08-08 23:00:00,2025-08-08 22:00:00,2,-7,6.556223e-05,182,2024-01-01
2025-08-08 23:00:00,2025-08-08 22:00:00,8,-4,6.4124906e-05,183,2024-01-01
2025-08-08 23:00:00,2025-08-08 22:00:00,1,-7,6.370021e-05,184,2024-01-01
2025-08-08 23:00:00,2025-08-08 22:00:00,-1,-6,5.943829e-05,185,2024-01-01
2025-08-08 23:00:00,2025-08-08 22:00:00,0,-6,4.8612113e-05,186,2024-01-01
2025-08-28 22:00:00,2025-08-28 21:00:00,-2,-3,0.42081586,1,2024-01-01
2025-08-28 22:00:00,2025-08-28 21:00:00,9,1,0.20927936,2,2024-01-01
2025-08-28 22:00:00,2025-08-28 21:00:00,-4,-3,0.17284004,3,2024-01-01
2025-08-28 22:00:00,2025-08-28 21:00:00,-1,0,0.12858538,4,2024-01-01
2025-08-28 22:00:00,2025-08-28 21:00:00,-11,-5,0.06969001,5,2024-01-01
2025-08-28 22:00:00,2025-08-28 21:00:00,0,0,0.06798587,6,2024-01-01
2025-08-28 22:00:00,2025-08-28 21:00:00,0,-1,0.04946522,7,2024-01-01
2025-08-28 22:00:00,2025-08-28 21:00:00,1,-1,0.04815531,8,2024-01-01
2025-08-28 22:00:00,2025-08-28 21:00:00,-2,-2,0.044514567,9,2024-01-01
2025-08-28 22:00:00,2025-08-28 21:00:00,-1,-1,0.022883171,10,2024-01-01
2025-08-28 22:00:00,2025-08-28 21:00:00,-5,-2,0.019938974,11,2024-01-01
2025-08-28 22:00:00,2025-08-28 21:00:00,-1,-3,0.01806573,12,2024-01-01
2025-08-28 22:00:00,2025-08-28 21:00:00,-12,-5,0.01684092,13,2024-01-01
2025-08-28 22:00:00,2025-08-28 21:00:00,3,-1,0.013746153,14,2024-01-01
2025-08-28 22:00:00,2025-08-28 21:00:00,1,0,0.012313192,15,2024-01-01
2025-08-28 22:00:00,2025-08-28 21:00:00,-2,-4,0.011988178,16,2024-01-01
2025-08-28 22:00:00,2025-08-28 21:00:00,-3,-4,0.011460933,17,2024-01-01
2025-08-28 22:00:00,2025-08-28 21:00:00,-3,-3,0.009494862,18,2024-01-01
2025-08-28 22:00:00,2025-08-28 21:00:00,-3,-2,0.009021968,19,2024-01-01
2025-08-28 22:00:00,2025-08-28 21:00:00,6,-3,0.0073866234,20,2024-01-01
2025-08-28 22:00:00,2025-08-28 21:00:00,-4,-2,0.00704202,21,2024-01-01
2025-08-28 22:00:00,2025-08-28 21:00:00,-2,0,0.006640174,22,2024-01-01
2025-08-28 22:00:00,2025-08-28 21:00:00,0,-2,0.0059756353,23,2024-01-01
2025-08-28 22:00:00,2025-08-28 21:00:00,-2,-1,0.0049279216,24,2024-01-01
2025-08-28 22:00:00,2025-08-28 21:00:00,-6,-2,0.0049111606,25,2024-01-01
2025-08-28 22:00:00,2025-08-28 21:00:00,-10,-3,0.0046723834,26,2024-01-01
2025-08-28 22:00:00,2025-08-28 21:00:00,2,0,0.0044946927,27,2024-01-01
2025-08-28 22:00:00,2025-08-28 21:00:00,0,17,0.0033751056,28,2024-01-01
2025-08-28 22:00:00,2025-08-28 21:00:00,3,-2,0.003214563,29,2024-01-01
2025-08-28 22:00:00,2025-08-28 21:00:00,9,3,0.0027574264,30,2024-01-01
2025-08-28 22:00:00,2025-08-28 21:00:00,-4,4,0.0025400042,31,2024-01-01
2025-08-28 22:00:00,2025-08-28 21:00:00,-6,-3,0.0025018603,32,2024-01-01
2025-08-28 22:00:00,2025-08-28 21:00:00,6,-4,0.0018834248,33,2024-01-01
2025-08-28 22:00:00,2025-08-28 21:00:00,-5,-1,0.0010961555,34,2024-01-01
2025-08-28 22:00:00,2025-08-28 21:00:00,-1,-2,0.0009749195,35,2024-01-01
2025-08-28 22:00:00,2025-08-28 21:00:00,0,8,0.0006974625,36,2024-01-01
2025-08-28 22:00:00,2025-08-28 21:00:00,-3,-1,0.00069405016,37,2024-01-01
2025-08-28 22:00:00,2025-08-28 21:00:00,7,-4,0.00066539133,38,2024-01-01
2025-08-28 22:00:00,2025-08-28 21:00:00,3,0,0.00063937966,39,2024-01-01
2025-08-28 22:00:00,2025-08-28 21:00:00,-6,4,0.00061502855,40,2024-01-01
2025-08-28 22:00:00,2025-08-28 21:00:00,0,1,0.00057311385,41,2024-01-01
2025-08-28 22:00:00,2025-08-28 21:00:00,-3,1,0.0005465972,42,2024-01-01
2025-08-28 22:00:00,2025-08-28 21:00:00,-4,-1,0.00053105346,43,2024-01-01
2025-08-28 22:00:00,2025-08-28 21:00:00,9,2,0.00052400905,44,2024-01-01
2025-08-28 22:00:00,2025-08-28 21:00:00,1,-2,0.00049830833,45,2024-01-01
2025-08-28 22:00:00,2025-08-28 21:00:00,7,4,0.00042995953,46,2024-01-01
2025-08-28 22:00:00,2025-08-28 21:00:00,-10,-4,0.00042332686,47,2024-01-01
2025-08-28 22:00:00,2025-08-28 21:00:00,-1,-4,0.00042113083,48,2024-01-01
2025-08-28 22:00:00,2025-08-28 21:00:00,2,-1,0.0003955311,49,2024-01-01
2025-08-28 22:00:00,2025-08-28 21:00:00,-11,-6,0.00035188845,50,2024-01-01
2025-08-28 22:00:00,2025-08-28 21:00:00,0,12,0.00032895978,51,2024-01-01
2025-08-28 22:00:00,2025-08-28 21:00:00,8,0,0.00032266512,52,2024-01-01
2025-08-28 22:00:00,2025-08-28 21:00:00,7,-5,0.00031614592,53,2024-01-01
2025-08-28 22:00:00,2025-08-28 21:00:00,0,-3,0.00029719595,54,2024-01-01
2025-08-28 22:00:00,2025-08-28 21:00:00,10,5,0.00028748132,55,2024-01-01
2025-08-28 22:00:00,2025-08-28 21:00:00,-5,-3,0.00028277258,56,2024-01-01
2025-08-28 22:00:00,2025-08-28 21:00:00,1,8,0.000281679,57,2024-01-01
2025-08-28 22:00:00,2025-08-28 21:00:00,-4,-4,0.0002712299,58,2024-01-01
2025-08-28 22:00:00,2025-08-28 21:00:00,-9,0,0.00027060707,59,2024-01-01
2025-08-28 22:00:00,2025-08-28 21:00:00,-4,0,0.00025974988,60,2024-01-01
2025-08-28 22:00:00,2025-08-28 21:00:00,-2,-5,0.00025725763,61,2024-01-01
2025-08-28 22:00:00,2025-08-28 21:00:00,-1,7,0.00025519062,62,2024-01-01
2025-08-28 22:00:00,2025-08-28 21:00:00,-3,0,0.0002449152,63,2024-01-01
2025-08-28 22:00:00,2025-08-28 21:00:00,1,-3,0.0002423551,64,2024-01-01
2025-08-28 22:00:00,2025-08-28 21:00:00,-5,-4,0.00022953608,65,2024-01-01
2025-08-28 22:00:00,2025-08-28 21:00:00,-5,1,0.0002231461,66,2024-01-01
2025-08-28 22:00:00,2025-08-28 21:00:00,-1,-6,0.00022072939,67,2024-01-01
2025-08-28 22:00:00,2025-08-28 21:00:00,-2,1,0.0002197568,68,2024-01-01
2025-08-28 22:00:00,2025-08-28 21:00:00,6,5,0.00021939247,69,2024-01-01
2025-08-28 22:00:00,2025-08-28 21:00:00,-5,0,0.00021764847,70,2024-01-01
2025-08-28 22:00:00,2025-08-28 21:00:00,0,-5,0.00021651469,71,2024-01-01
2025-08-28 22:00:00,2025-08-28 21:00:00,6,6,0.00021279533,72,2024-01-01
2025-08-28 22:00:00,2025-08-28 21:00:00,1,-5,0.00021267826,73,2024-01-01
2025-08-28 22:00:00,2025-08-28 21:00:00,0,13,0.00021118204,74,2024-01-01
2025-08-28 22:00:00,2025-08-28 21:00:00,-3,8,0.00021079498,75,2024-01-01
2025-08-28 22:00:00,2025-08-28 21:00:00,-1,15,0.00021045789,76,2024-01-01
2025-08-28 22:00:00,2025-08-28 21:00:00,-1,16,0.00021027238,77,2024-01-01
2025-08-28 22:00:00,2025-08-28 21:00:00,2,-6,0.00020962703,78,2024-01-01
2025-08-28 22:00:00,2025-08-28 21:00:00,10,3,0.00020915324,79,2024-01-01
2025-08-28 22:00:00,2025-08-28 21:00:00,-9,-4,0.00020830189,80,2024-01-01
2025-08-28 22:00:00,2025-08-28 21:00:00,5,3,0.00020794237,81,2024-01-01
2025-08-28 22:00:00,2025-08-28 21:00:00,-2,16,0.00020623523,82,2024-01-01
2025-08-28 22:00:00,2025-08-28 21:00:00,6,3,0.00020537048,83,2024-01-01
2025-08-28 22:00:00,2025-08-28 21:00:00,-4,-5,0.00020417839,84,2024-01-01
2025-08-28 22:00:00,2025-08-28 21:00:00,3,-3,0.00020178454,85,2024-01-01
2025-08-28 22:00:00,2025-08-28 21:00:00,4,-6,0.00019890774,86,2024-01-01
2025-08-28 22:00:00,2025-08-28 21:00:00,-3,2,0.0001962749,87,2024-01-01
2025-08-28 22:00:00,2025-08-28 21:00:00,0,-6,0.00019463559,88,2024-01-01
2025-08-28 22:00:00,2025-08-28 21:00:00,2,20,0.00019414297,89,2024-01-01
2025-08-28 22:00:00,2025-08-28 21:00:00,7,11,0.00019238346,90,2024-01-01
2025-08-28 22:00:00,2025-08-28 21:00:00,5,-3,0.0001922892,91,2024-01-01
2025-08-28 22:00:00,2025-08-28 21:00:00,6,11,0.00019125117,92,2024-01-01
2025-08-28 22:00:00,2025-08-28 21:00:00,10,0,0.0001911851,93,2024-01-01
2025-08-28 22:00:00,2025-08-28 21:00:00,5,-4,0.00019087101,94,2024-01-01
2025-08-28 22:00:00,2025-08-28 21:00:00,-3,13,0.00019043201,95,2024-01-01
2025-08-28 22:00:00,2025-08-28 21:00:00,3,17,0.00018947008,96,2024-01-01
2025-08-28 22:00:00,2025-08-28 21:00:00,-2,13,0.00018946867,97,2024-01-01
2025-08-28 22:00:00,2025-08-28 21:00:00,-6,1,0.00018873991,98,2024-01-01
2025-08-28 22:00:00,2025-08-28 21:00:00,1,20,0.00018843818,99,2024-01-01
2025-08-28 22:00:00,2025-08-28 21:00:00,10,-1,0.00018819277,100,2024-01-01
2025-08-28 22:00:00,2025-08-28 21:00:00,7,1,0.0001880811,101,2024-01-01
2025-08-28 22:00:00,2025-08-28 21:00:00,-1,1,0.00018699198,102,2024-01-01
2025-08-28 22:00:00,2025-08-28 21:00:00,2,-2,0.0001865996,103,2024-01-01
2025-08-28 22:00:00,2025-08-28 21:00:00,5,2,0.00018589571,104,2024-01-01
2025-08-28 22:00:00,2025-08-28 21:00:00,9,0,0.0001855133,105,2024-01-01
2025-08-28 22:00:00,2025-08-28 21:00:00,8,-3,0.00018486455,106,2024-01-01
2025-08-28 22:00:00,2025-08-28 21:00:00,9,-2,0.00018465098,107,2024-01-01
2025-08-28 22:00:00,2025-08-28 21:00:00,2,-3,0.00018269266,108,2024-01-01
2025-08-28 22:00:00,2025-08-28 21:00:00,-5,-5,0.00018217659,109,2024-01-01
2025-08-28 22:00:00,2025-08-28 21:00:00,5,-2,0.00018181377,110,2024-01-01
2025-08-28 22:00:00,2025-08-28 21:00:00,-4,2,0.00018161455,111,2024-01-01
2025-08-28 22:00:00,2025-08-28 21:00:00,8,-1,0.0001813058,112,2024-01-01
2025-08-28 22:00:00,2025-08-28 21:00:00,-9,-1,0.00018127856,113,2024-01-01
2025-08-28 22:00:00,2025-08-28 21:00:00,2,7,0.00018091193,114,2024-01-01
2025-08-28 22:00:00,2025-08-28 21:00:00,1,-7,0.00017993762,115,2024-01-01
2025-08-28 22:00:00,2025-08-28 21:00:00,-1,-7,0.00017958302,116,2024-01-01
2025-08-28 22:00:00,2025-08-28 21:00:00,8,1,0.0001793144,117,2024-01-01
2025-08-28 22:00:00,2025-08-28 21:00:00,2,1,0.00017894071,118,2024-01-01
2025-08-28 22:00:00,2025-08-28 21:00:00,1,1,0.00017892844,119,2024-01-01
2025-08-28 22:00:00,2025-08-28 21:00:00,5,-1,0.00017875667,120,2024-01-01
2025-08-28 22:00:00,2025-08-28 21:00:00,7,-1,0.00017863663,121,2024-01-01
2025-08-28 22:00:00,2025-08-28 21:00:00,2,-7,0.00017828903,122,2024-01-01
2025-08-28 22:00:00,2025-08-28 21:00:00,2,8,0.00017741583,123,2024-01-01
2025-08-28 22:00:00,2025-08-28 21:00:00,1,19,0.00017661501,124,2024-01-01
2025-08-28 22:00:00,2025-08-28 21:00:00,4,1,0.00017588337,125,2024-01-01
2025-08-28 22:00:00,2025-08-28 21:00:00,4,-4,0.00017587363,126,2024-01-01
2025-08-28 22:00:00,2025-08-28 21:00:00,3,1,0.00017488841,127,2024-01-01
2025-08-28 22:00:00,2025-08-28 21:00:00,-7,1,0.00017405726,128,2024-01-01
2025-08-28 22:00:00,2025-08-28 21:00:00,-2,3,0.0001733046,129,2024-01-01
2025-08-28 22:00:00,2025-08-28 21:00:00,4,-1,0.00017088163,130,2024-01-01
2025-08-28 22:00:00,2025-08-28 21:00:00,-5,2,0.00017086486,131,2024-01-01
2025-08-28 22:00:00,2025-08-28 21:00:00,0,18,0.00016793916,132,2024-01-01
2025-08-28 22:00:00,2025-08-28 21:00:00,-1,2,0.00016751251,133,2024-01-01
2025-08-28 22:00:00,2025-08-28 21:00:00,8,-4,0.00016689482,134,2024-01-01
2025-08-28 22:00:00,2025-08-28 21:00:00,4,14,0.00016601915,135,2024-01-01
2025-08-28 22:00:00,2025-08-28 21:00:00,1,5,0.0001639028,136,2024-01-01
2025-08-28 22:00:00,2025-08-28 21:00:00,-1,3,0.00016245611,137,2024-01-01
2025-08-28 22:00:00,2025-08-28 21:00:00,0,5,0.00016171881,138,2024-01-01
2025-08-28 22:00:00,2025-08-28 21:00:00,2,9,0.00016118972,139,2024-01-01
2025-08-28 22:00:00,2025-08-28 21:00:00,0,19,0.00016044306,140,2024-01-01
2025-08-28 22:00:00,2025-08-28 21:00:00,1,6,0.0001600366,141,2024-01-01
2025-08-28 22:00:00,2025-08-28 21:00:00,-7,-1,0.00015803905,142,2024-01-01
2025-08-28 22:00:00,2025-08-28 21:00:00,1,2,0.0001570831,143,2024-01-01
2025-08-28 22:00:00,2025-08-28 21:00:00,-1,5,0.00014966032,144,2024-01-01
2025-08-28 22:00:00,2025-08-28 21:00:00,-1,6,0.0001492895,145,2024-01-01
2025-08-28 22:00:00,2025-08-28 21:00:00,-9,-5,0.0001477152,146,2024-01-01
2025-08-28 22:00:00,2025-08-28 21:00:00,1,9,0.00014373007,147,2024-01-01
2025-08-28 22:00:00,2025-08-28 21:00:00,-4,3,0.0001415063,148,2024-01-01
2025-08-28 22:00:00,2025-08-28 21:00:00,1,11,0.0001414726,149,2024-01-01
2025-08-28 22:00:00,2025-08-28 21:00:00,-1,18,0.0001409253,150,2024-01-01
2025-08-28 22:00:00,2025-08-28 21:00:00,-1,8,0.00013291654,151,2024-01-01
2025-08-28 22:00:00,2025-08-28 21:00:00,-4,19,0.00013274408,152,2024-01-01
2025-08-28 22:00:00,2025-08-28 21:00:00,0,9,0.00012868144,153,2024-01-01
2025-08-28 22:00:00,2025-08-28 21:00:00,0,11,0.00012776596,154,2024-01-01
2025-08-28 22:00:00,2025-08-28 21:00:00,0,14,0.00012774603,155,2024-01-01
2025-08-28 22:00:00,2025-08-28 21:00:00,-5,4,0.00012571372,156,2024-01-01
2025-08-28 22:00:00,2025-08-28 21:00:00,-8,6,0.00012539646,157,2024-01-01
2025-08-28 22:00:00,2025-08-28 21:00:00,-10,10,0.00012538144,158,2024-01-01
2025-08-28 22:00:00,2025-08-28 21:00:00,-1,11,0.00012498611,159,2024-01-01
2025-08-28 22:00:00,2025-08-28 21:00:00,-1,13,0.00012498611,160,2024-01-01
2025-08-28 22:00:00,2025-08-28 21:00:00,-10,8,0.00012481232,161,2024-01-01
2025-08-28 22:00:00,2025-08-28 21:00:00,-6,8,0.000122711,162,2024-01-01
2025-08-28 22:00:00,2025-08-28 21:00:00,-4,17,0.00012261311,163,2024-01-01
2025-08-28 22:00:00,2025-08-28 21:00:00,-3,7,0.00012234942,164,2024-01-01
2025-08-28 22:00:00,2025-08-28 21:00:00,-4,5,0.00012196191,165,2024-01-01
2025-08-28 22:00:00,2025-08-28 21:00:00,-9,6,0.0001219506,166,2024-01-01
2025-08-28 22:00:00,2025-08-28 21:00:00,-5,11,0.00012088949,167,2024-01-01
2025-08-28 22:00:00,2025-08-28 21:00:00,-6,15,0.00012072303,168,2024-01-01
2025-08-28 22:00:00,2025-08-28 21:00:00,-5,15,0.00012022079,169,2024-01-01
2025-08-28 22:00:00,2025-08-28 21:00:00,-4,8,0.00012022079,170,2024-01-01
2025-08-28 22:00:00,2025-08-28 21:00:00,-5,9,0.000119860546,171,2024-01-01
2025-08-28 22:00:00,2025-08-28 21:00:00,-5,10,0.000119860546,172,2024-01-01
2025-08-28 22:00:00,2025-08-28 21:00:00,-3,18,0.00011867802,173,2024-01-01
2025-08-28 22:00:00,2025-08-28 21:00:00,-1,9,0.00011628876,174,2024-01-01
2025-08-28 22:00:00,2025-08-28 21:00:00,-4,12,0.00011453506,175,2024-01-01
2025-08-28 22:00:00,2025-08-28 21:00:00,-2,8,0.000114481496,176,2024-01-01
2025-08-28 22:00:00,2025-08-28 21:00:00,-4,10,0.00011324929,177,2024-01-01
2025-08-28 22:00:00,2025-08-28 21:00:00,-3,15,0.00011238237,178,2024-01-01
2025-08-28 22:00:00,2025-08-28 21:00:00,-3,9,0.000109674525,179,2024-01-01
2025-08-28 22:00:00,2025-08-28 21:00:00,-3,11,0.00010776217,180,2024-01-01
2025-08-28 22:00:00,2025-08-28 21:00:00,-3,12,0.00010776217,181,2024-01-01
2025-08-28 22:00:00,2025-08-28 21:00:00,-2,10,0.000106996835,182,2024-01-01
2025-08-28 22:00:00,2025-08-28 21:00:00,-3,14,0.00010698333,183,2024-01-01
2025-08-28 22:00:00,2025-08-28 21:00:00,-2,11,0.0001054918,184,2024-01-01
2025-08-28 22:00:00,2025-08-28 21:00:00,-2,15,0.000105307154,185,2024-01-01
2025-08-28 22:00:00,2025-08-28 21:00:00,-2,9,0.00010521853,186,2024-01-01
2025-09-05 21:00:00,2025-09-05 20:00:00,9,1,0.4868926,1,2024-01-01
2025-09-05 21:00:00,2025-09-05 20:00:00,-4,-3,0.2555512,2,2024-01-01
2025-09-05 21:00:00,2025-09-05 20:00:00,-2,-3,0.24586612,3,2024-01-01
2025-09-05 21:00:00,2025-09-05 20:00:00,0,0,0.17637585,4,2024-01-01
2025-09-05 21:00:00,2025-09-05 20:00:00,-1,0,0.12098706,5,2024-01-01
2025-09-05 21:00:00,2025-09-05 20:00:00,-2,-2,0.1174716,6,2024-01-01
2025-09-05 21:00:00,2025-09-05 20:00:00,-11,-5,0.103453934,7,2024-01-01
2025-09-05 21:00:00,2025-09-05 20:00:00,3,-1,0.08832676,8,2024-01-01
2025-09-05 21:00:00,2025-09-05 20:00:00,-2,0,0.07112534,9,2024-01-01
2025-09-05 21:00:00,2025-09-05 20:00:00,-3,-2,0.048602443,10,2024-01-01
2025-09-05 21:00:00,2025-09-05 20:00:00,-2,-1,0.046730828,11,2024-01-01
2025-09-05 21:00:00,2025-09-05 20:00:00,-12,-5,0.045155138,12,2024-01-01
2025-09-05 21:00:00,2025-09-05 20:00:00,0,-1,0.044686217,13,2024-01-01
2025-09-05 21:00:00,2025-09-05 20:00:00,1,-1,0.044040177,14,2024-01-01
2025-09-05 21:00:00,2025-09-05 20:00:00,-2,-4,0.042538505,15,2024-01-01
2025-09-05 21:00:00,2025-09-05 20:00:00,-5,-2,0.04221986,16,2024-01-01
2025-09-05 21:00:00,2025-09-05 20:00:00,-1,-3,0.03848331,17,2024-01-01
2025-09-05 21:00:00,2025-09-05 20:00:00,-1,-1,0.03725236,18,2024-01-01
2025-09-05 21:00:00,2025-09-05 20:00:00,0,8,0.028925778,19,2024-01-01
2025-09-05 21:00:00,2025-09-05 20:00:00,1,0,0.025381014,20,2024-01-01
2025-09-05 21:00:00,2025-09-05 20:00:00,-4,-2,0.01964505,21,2024-01-01
2025-09-05 21:00:00,2025-09-05 20:00:00,-3,-3,0.019246714,22,2024-01-01
2025-09-05 21:00:00,2025-09-05 20:00:00,3,-2,0.018415742,23,2024-01-01
2025-09-05 21:00:00,2025-09-05 20:00:00,-3,-4,0.01831354,24,2024-01-01
2025-09-05 21:00:00,2025-09-05 20:00:00,6,-3,0.017808516,25,2024-01-01
2025-09-05 21:00:00,2025-09-05 20:00:00,-6,-2,0.009105648,26,2024-01-01
2025-09-05 21:00:00,2025-09-05 20:00:00,2,0,0.009053759,27,2024-01-01
2025-09-05 21:00:00,2025-09-05 20:00:00,0,17,0.008505106,28,2024-01-01
2025-09-05 21:00:00,2025-09-05 20:00:00,0,-2,0.0072118226,29,2024-01-01
2025-09-05 21:00:00,2025-09-05 20:00:00,9,3,0.0046550143,30,2024-01-01
2025-09-05 21:00:00,2025-09-05 20:00:00,-4,4,0.0034252312,31,2024-01-01
2025-09-05 21:00:00,2025-09-05 20:00:00,-5,-3,0.0029884002,32,2024-01-01
2025-09-05 21:00:00,2025-09-05 20:00:00,-6,-3,0.0029100243,33,2024-01-01
2025-09-05 21:00:00,2025-09-05 20:00:00,-10,-3,0.002392914,34,2024-01-01
2025-09-05 21:00:00,2025-09-05 20:00:00,-6,4,0.0015551803,35,2024-01-01
2025-09-05 21:00:00,2025-09-05 20:00:00,6,-4,0.001135172,36,2024-01-01
2025-09-05 21:00:00,2025-09-05 20:00:00,-3,-1,0.00085572194,37,2024-01-01
2025-09-05 21:00:00,2025-09-05 20:00:00,9,2,0.00068291504,38,2024-01-01
2025-09-05 21:00:00,2025-09-05 20:00:00,0,1,0.00065146433,39,2024-01-01
2025-09-05 21:00:00,2025-09-05 20:00:00,-5,-1,0.0006296113,40,2024-01-01
2025-09-05 21:00:00,2025-09-05 20:00:00,3,0,0.00062302547,41,2024-01-01
2025-09-05 21:00:00,2025-09-05 20:00:00,0,12,0.0005857145,42,2024-01-01
2025-09-05 21:00:00,2025-09-05 20:00:00,-1,-2,0.00057204155,43,2024-01-01
2025-09-05 21:00:00,2025-09-05 20:00:00,-9,0,0.00052709534,44,2024-01-01
2025-09-05 21:00:00,2025-09-05 20:00:00,-10,-4,0.0005006517,45,2024-01-01
2025-09-05 21:00:00,2025-09-05 20:00:00,7,4,0.00047093502,46,2024-01-01
2025-09-05 21:00:00,2025-09-05 20:00:00,7,-4,0.0004349435,47,2024-01-01
2025-09-05 21:00:00,2025-09-05 20:00:00,-11,-6,0.00041268882,48,2024-01-01
2025-09-05 21:00:00,2025-09-05 20:00:00,8,0,0.00039929137,49,2024-01-01
2025-09-05 21:00:00,2025-09-05 20:00:00,-1,7,0.00037457573,50,2024-01-01
2025-09-05 21:00:00,2025-09-05 20:00:00,-3,1,0.00037352965,51,2024-01-01
2025-09-05 21:00:00,2025-09-05 20:00:00,-4,-1,0.00036280687,52,2024-01-01
2025-09-05 21:00:00,2025-09-05 20:00:00,1,8,0.00035444307,53,2024-01-01
2025-09-05 21:00:00,2025-09-05 20:00:00,2,-1,0.00033297527,54,2024-01-01
2025-09-05 21:00:00,2025-09-05 20:00:00,0,13,0.00032883615,55,2024-01-01
2025-09-05 21:00:00,2025-09-05 20:00:00,-1,16,0.00032066627,56,2024-01-01
2025-09-05 21:00:00,2025-09-05 20:00:00,-1,15,0.00031052684,57,2024-01-01
2025-09-05 21:00:00,2025-09-05 20:00:00,-2,16,0.00031013472,58,2024-01-01
2025-09-05 21:00:00,2025-09-05 20:00:00,-1,-7,0.0002999927,59,2024-01-01
2025-09-05 21:00:00,2025-09-05 20:00:00,-1,-4,0.0002975276,60,2024-01-01
2025-09-05 21:00:00,2025-09-05 20:00:00,10,5,0.00027660708,61,2024-01-01
2025-09-05 21:00:00,2025-09-05 20:00:00,-3,13,0.00026854465,62,2024-01-01
2025-09-05 21:00:00,2025-09-05 20:00:00,-3,8,0.0002643544,63,2024-01-01
2025-09-05 21:00:00,2025-09-05 20:00:00,1,-2,0.0002592251,64,2024-01-01
2025-09-05 21:00:00,2025-09-05 20:00:00,-1,-6,0.00025639145,65,2024-01-01
2025-09-05 21:00:00,2025-09-05 20:00:00,-9,-4,0.0002441452,66,2024-01-01
2025-09-05 21:00:00,2025-09-05 20:00:00,-5,2,0.00024157476,67,2024-01-01
2025-09-05 21:00:00,2025-09-05 20:00:00,1,20,0.00023878524,68,2024-01-01
2025-09-05 21:00:00,2025-09-05 20:00:00,10,3,0.00023662315,69,2024-01-01
2025-09-05 21:00:00,2025-09-05 20:00:00,-6,1,0.0002336981,70,2024-01-01
2025-09-05 21:00:00,2025-09-05 20:00:00,2,20,0.00023340469,71,2024-01-01
2025-09-05 21:00:00,2025-09-05 20:00:00,6,6,0.00023297091,72,2024-01-01
2025-09-05 21:00:00,2025-09-05 20:00:00,7,11,0.0002292532,73,2024-01-01
2025-09-05 21:00:00,2025-09-05 20:00:00,-4,3,0.000227723,74,2024-01-01
2025-09-05 21:00:00,2025-09-05 20:00:00,6,11,0.00022730317,75,2024-01-01
2025-09-05 21:00:00,2025-09-05 20:00:00,6,5,0.00022624111,76,2024-01-01
2025-09-05 21:00:00,2025-09-05 20:00:00,3,17,0.00022534463,77,2024-01-01
2025-09-05 21:00:00,2025-09-05 20:00:00,-7,1,0.00022138686,78,2024-01-01
2025-09-05 21:00:00,2025-09-05 20:00:00,-5,4,0.00021818497,79,2024-01-01
2025-09-05 21:00:00,2025-09-05 20:00:00,-9,-1,0.0002160947,80,2024-01-01
2025-09-05 21:00:00,2025-09-05 20:00:00,0,-6,0.00021582947,81,2024-01-01
2025-09-05 21:00:00,2025-09-05 20:00:00,1,19,0.000214144,82,2024-01-01
2025-09-05 21:00:00,2025-09-05 20:00:00,0,18,0.00021295824,83,2024-01-01
2025-09-05 21:00:00,2025-09-05 20:00:00,5,3,0.00021226912,84,2024-01-01
2025-09-05 21:00:00,2025-09-05 20:00:00,10,0,0.00021075014,85,2024-01-01
2025-09-05 21:00:00,2025-09-05 20:00:00,10,-1,0.00020768185,86,2024-01-01
2025-09-05 21:00:00,2025-09-05 20:00:00,6,3,0.00020693673,87,2024-01-01
2025-09-05 21:00:00,2025-09-05 20:00:00,4,14,0.00020626438,88,2024-01-01
2025-09-05 21:00:00,2025-09-05 20:00:00,0,19,0.00020536903,89,2024-01-01
2025-09-05 21:00:00,2025-09-05 20:00:00,2,8,0.00020523237,90,2024-01-01
2025-09-05 21:00:00,2025-09-05 20:00:00,8,1,0.00020277123,91,2024-01-01
2025-09-05 21:00:00,2025-09-05 20:00:00,9,0,0.00020257902,92,2024-01-01
2025-09-05 21:00:00,2025-09-05 20:00:00,7,-5,0.00020115516,93,2024-01-01
2025-09-05 21:00:00,2025-09-05 20:00:00,1,5,0.0002009881,94,2024-01-01
2025-09-05 21:00:00,2025-09-05 20:00:00,-1,18,0.00020066714,95,2024-01-01
2025-09-05 21:00:00,2025-09-05 20:00:00,0,5,0.00019845432,96,2024-01-01
2025-09-05 21:00:00,2025-09-05 20:00:00,1,6,0.00019601248,97,2024-01-01
2025-09-05 21:00:00,2025-09-05 20:00:00,-1,5,0.00019505336,98,2024-01-01
2025-09-05 21:00:00,2025-09-05 20:00:00,-4,5,0.00019401075,99,2024-01-01
2025-09-05 21:00:00,2025-09-05 20:00:00,-1,6,0.00019391777,100,2024-01-01
2025-09-05 21:00:00,2025-09-05 20:00:00,5,2,0.00019273539,101,2024-01-01
2025-09-05 21:00:00,2025-09-05 20:00:00,-4,19,0.00019226898,102,2024-01-01
2025-09-05 21:00:00,2025-09-05 20:00:00,7,1,0.0001921879,103,2024-01-01
2025-09-05 21:00:00,2025-09-05 20:00:00,0,14,0.00019202086,104,2024-01-01
2025-09-05 21:00:00,2025-09-05 20:00:00,2,7,0.00019035341,105,2024-01-01
2025-09-05 21:00:00,2025-09-05 20:00:00,3,1,0.00019012154,106,2024-01-01
2025-09-05 21:00:00,2025-09-05 20:00:00,0,11,0.00018889735,107,2024-01-01
2025-09-05 21:00:00,2025-09-05 20:00:00,4,1,0.00018845829,108,2024-01-01
2025-09-05 21:00:00,2025-09-05 20:00:00,-3,7,0.0001873992,109,2024-01-01
2025-09-05 21:00:00,2025-09-05 20:00:00,-1,8,0.00018682938,110,2024-01-01
2025-09-05 21:00:00,2025-09-05 20:00:00,1,9,0.0001819252,111,2024-01-01
2025-09-05 21:00:00,2025-09-05 20:00:00,-8,6,0.00018087223,112,2024-01-01
2025-09-05 21:00:00,2025-09-05 20:00:00,2,9,0.00018041489,113,2024-01-01
2025-09-05 21:00:00,2025-09-05 20:00:00,-2,8,0.0001791482,114,2024-01-01
2025-09-05 21:00:00,2025-09-05 20:00:00,1,11,0.00017866613,115,2024-01-01
2025-09-05 21:00:00,2025-09-05 20:00:00,-3,18,0.00017699436,116,2024-01-01
2025-09-05 21:00:00,2025-09-05 20:00:00,-9,6,0.00017656742,117,2024-01-01
2025-09-05 21:00:00,2025-09-05 20:00:00,-5,9,0.00017651696,118,2024-01-01
2025-09-05 21:00:00,2025-09-05 20:00:00,-5,11,0.0001762173,119,2024-01-01
2025-09-05 21:00:00,2025-09-05 20:00:00,-6,8,0.00017512547,120,2024-01-01
2025-09-05 21:00:00,2025-09-05 20:00:00,-5,10,0.00017484266,121,2024-01-01
2025-09-05 21:00:00,2025-09-05 20:00:00,-4,0,0.00017218397,122,2024-01-01
2025-09-05 21:00:00,2025-09-05 20:00:00,-1,13,0.00016822875,123,2024-01-01
2025-09-05 21:00:00,2025-09-05 20:00:00,0,9,0.00016807656,124,2024-01-01
2025-09-05 21:00:00,2025-09-05 20:00:00,-1,11,0.00016737763,125,2024-01-01
2025-09-05 21:00:00,2025-09-05 20:00:00,-6,15,0.00016554602,126,2024-01-01
2025-09-05 21:00:00,2025-09-05 20:00:00,-1,9,0.00016539142,127,2024-01-01
2025-09-05 21:00:00,2025-09-05 20:00:00,-4,17,0.0001638317,128,2024-01-01
2025-09-05 21:00:00,2025-09-05 20:00:00,-5,-5,0.00016261492,129,2024-01-01
2025-09-05 21:00:00,2025-09-05 20:00:00,-5,15,0.00016217867,130,2024-01-01
2025-09-05 21:00:00,2025-09-05 20:00:00,-2,-5,0.00016187663,131,2024-01-01
2025-09-05 21:00:00,2025-09-05 20:00:00,-10,8,0.00016158547,132,2024-01-01
2025-09-05 21:00:00,2025-09-05 20:00:00,-10,10,0.00016138477,133,2024-01-01
2025-09-05 21:00:00,2025-09-05 20:00:00,-4,8,0.00016137972,134,2024-01-01
2025-09-05 21:00:00,2025-09-05 20:00:00,1,1,0.00015984586,135,2024-01-01
2025-09-05 21:00:00,2025-09-05 20:00:00,-4,10,0.00015858734,136,2024-01-01
2025-09-05 21:00:00,2025-09-05 20:00:00,7,-1,0.00015750877,137,2024-01-01
2025-09-05 21:00:00,2025-09-05 20:00:00,2,1,0.0001565972,138,2024-01-01
2025-09-05 21:00:00,2025-09-05 20:00:00,-2,9,0.0001559436,139,2024-01-01
2025-09-05 21:00:00,2025-09-05 20:00:00,-3,15,0.00015458114,140,2024-01-01
2025-09-05 21:00:00,2025-09-05 20:00:00,-4,12,0.00015402914,141,2024-01-01
2025-09-05 21:00:00,2025-09-05 20:00:00,1,2,0.00015369101,142,2024-01-01
2025-09-05 21:00:00,2025-09-05 20:00:00,1,-7,0.00015336052,143,2024-01-01
2025-09-05 21:00:00,2025-09-05 20:00:00,-5,-4,0.00015085068,144,2024-01-01
2025-09-05 21:00:00,2025-09-05 20:00:00,-3,0,0.00014881398,145,2024-01-01
2025-09-05 21:00:00,2025-09-05 20:00:00,-9,-5,0.00014845103,146,2024-01-01
2025-09-05 21:00:00,2025-09-05 20:00:00,-4,-5,0.00014733833,147,2024-01-01
2025-09-05 21:00:00,2025-09-05 20:00:00,-3,11,0.00014701103,148,2024-01-01
2025-09-05 21:00:00,2025-09-05 20:00:00,-3,12,0.0001468573,149,2024-01-01
2025-09-05 21:00:00,2025-09-05 20:00:00,-5,0,0.00014404295,150,2024-01-01
2025-09-05 21:00:00,2025-09-05 20:00:00,-3,9,0.00014358247,151,2024-01-01
2025-09-05 21:00:00,2025-09-05 20:00:00,-2,15,0.00014021902,152,2024-01-01
2025-09-05 21:00:00,2025-09-05 20:00:00,-2,10,0.00013706028,153,2024-01-01
2025-09-05 21:00:00,2025-09-05 20:00:00,0,-3,0.0001338171,154,2024-01-01
2025-09-05 21:00:00,2025-09-05 20:00:00,-4,-4,0.00013332209,155,2024-01-01
2025-09-05 21:00:00,2025-09-05 20:00:00,-3,14,0.0001311488,156,2024-01-01
2025-09-05 21:00:00,2025-09-05 20:00:00,-2,13,0.0001306701,157,2024-01-01
2025-09-05 21:00:00,2025-09-05 20:00:00,-2,11,0.00012955732,158,2024-01-01
2025-09-05 21:00:00,2025-09-05 20:00:00,-1,2,0.00012423976,159,2024-01-01
2025-09-05 21:00:00,2025-09-05 20:00:00,-1,1,0.00012223345,160,2024-01-01
2025-09-05 21:00:00,2025-09-05 20:00:00,-7,-1,0.00011993596,161,2024-01-01
2025-09-05 21:00:00,2025-09-05 20:00:00,1,-3,0.00011849389,162,2024-01-01
2025-09-05 21:00:00,2025-09-05 20:00:00,-1,3,0.00011577539,163,2024-01-01
2025-09-05 21:00:00,2025-09-05 20:00:00,-2,1,0.00011390409,164,2024-01-01
2025-09-05 21:00:00,2025-09-05 20:00:00,8,-1,0.000113383016,165,2024-01-01
2025-09-05 21:00:00,2025-09-05 20:00:00,0,-5,0.000113344424,166,2024-01-01
2025-09-05 21:00:00,2025-09-05 20:00:00,2,-6,0.00011265366,167,2024-01-01
2025-09-05 21:00:00,2025-09-05 20:00:00,-3,2,0.00011030606,168,2024-01-01
2025-09-05 21:00:00,2025-09-05 20:00:00,2,-3,0.000108518194,169,2024-01-01
2025-09-05 21:00:00,2025-09-05 20:00:00,8,-3,0.000107517524,170,2024-01-01
2025-09-05 21:00:00,2025-09-05 20:00:00,-5,1,0.000103440565,171,2024-01-01
2025-09-05 21:00:00,2025-09-05 20:00:00,9,-2,0.00010343223,172,2024-01-01
2025-09-05 21:00:00,2025-09-05 20:00:00,5,-1,0.00010083881,173,2024-01-01
2025-09-05 21:00:00,2025-09-05 20:00:00,5,-2,9.931652e-05,174,2024-01-01
2025-09-05 21:00:00,2025-09-05 20:00:00,2,-2,9.9065575e-05,175,2024-01-01
2025-09-05 21:00:00,2025-09-05 20:00:00,4,-1,9.310053e-05,176,2024-01-01
2025-09-05 21:00:00,2025-09-05 20:00:00,-4,2,8.9141984e-05,177,2024-01-01
2025-09-05 21:00:00,2025-09-05 20:00:00,-2,3,8.6856686e-05,178,2024-01-01
2025-09-05 21:00:00,2025-09-05 20:00:00,8,-4,8.421628e-05,179,2024-01-01
2025-09-05 21:00:00,2025-09-05 20:00:00,1,-5,8.175912e-05,180,2024-01-01
2025-09-05 21:00:00,2025-09-05 20:00:00,4,-6,7.912572e-05,181,2024-01-01
2025-09-05 21:00:00,2025-09-05 20:00:00,4,-4,7.712625e-05,182,2024-01-01
2025-09-05 21:00:00,2025-09-05 20:00:00,5,-3,7.463737e-05,183,2024-01-01
2025-09-05 21:00:00,2025-09-05 20:00:00,5,-4,7.44201e-05,184,2024-01-01
2025-09-05 21:00:00,2025-09-05 20:00:00,3,-3,7.368155e-05,185,2024-01-01
2025-09-05 21:00:00,2025-09-05 20:00:00,2,-7,7.07739e-05,186,2024-01-01
2025-09-15 00:00:00,2025-09-14 23:00:00,0,0,0.39234588,1,2024-01-01
2025-09-15 00:00:00,2025-09-14 23:00:00,-2,-3,0.27839568,2,2024-01-01
2025-09-15 00:00:00,2025-09-14 23:00:00,-4,-3,0.25503513,3,2024-01-01
2025-09-15 00:00:00,2025-09-14 23:00:00,9,1,0.21573257,4,2024-01-01
2025-09-15 00:00:00,2025-09-14 23:00:00,0,-1,0.1772943,5,2024-01-01
2025-09-15 00:00:00,2025-09-14 23:00:00,1,-1,0.123991154,6,2024-01-01
2025-09-15 00:00:00,2025-09-14 23:00:00,-2,-2,0.12294326,7,2024-01-01
2025-09-15 00:00:00,2025-09-14 23:00:00,-1,0,0.111252606,8,2024-01-01
2025-09-15 00:00:00,2025-09-14 23:00:00,-1,-1,0.050572902,9,2024-01-01
2025-09-15 00:00:00,2025-09-14 23:00:00,3,-1,0.046493754,10,2024-01-01
2025-09-15 00:00:00,2025-09-14 23:00:00,-12,-5,0.043849077,11,2024-01-01
2025-09-15 00:00:00,2025-09-14 23:00:00,-11,-5,0.04283465,12,2024-01-01
2025-09-15 00:00:00,2025-09-14 23:00:00,3,-2,0.040240318,13,2024-01-01
2025-09-15 00:00:00,2025-09-14 23:00:00,-2,-4,0.038502593,14,2024-01-01
2025-09-15 00:00:00,2025-09-14 23:00:00,-5,-2,0.037113413,15,2024-01-01
2025-09-15 00:00:00,2025-09-14 23:00:00,-3,-2,0.023219943,16,2024-01-01
2025-09-15 00:00:00,2025-09-14 23:00:00,1,0,0.023183284,17,2024-01-01
2025-09-15 00:00:00,2025-09-14 23:00:00,-2,0,0.020597799,18,2024-01-01
2025-09-15 00:00:00,2025-09-14 23:00:00,0,8,0.017246572,19,2024-01-01
2025-09-15 00:00:00,2025-09-14 23:00:00,-3,-3,0.009613677,20,2024-01-01
2025-09-15 00:00:00,2025-09-14 23:00:00,-3,-4,0.00958038,21,2024-01-01
2025-09-15 00:00:00,2025-09-14 23:00:00,-1,-3,0.0076850294,22,2024-01-01
2025-09-15 00:00:00,2025-09-14 23:00:00,2,0,0.007487658,23,2024-01-01
2025-09-15 00:00:00,2025-09-14 23:00:00,-2,-1,0.0057417597,24,2024-01-01
2025-09-15 00:00:00,2025-09-14 23:00:00,6,-3,0.004627285,25,2024-01-01
2025-09-15 00:00:00,2025-09-14 23:00:00,-4,-2,0.0045906254,26,2024-01-01
2025-09-15 00:00:00,2025-09-14 23:00:00,0,-2,0.0036210455,27,2024-01-01
2025-09-15 00:00:00,2025-09-14 23:00:00,0,17,0.0033817235,28,2024-01-01
2025-09-15 00:00:00,2025-09-14 23:00:00,-4,4,0.0022270172,29,2024-01-01
2025-09-15 00:00:00,2025-09-14 23:00:00,6,-4,0.002160239,30,2024-01-01
2025-09-15 00:00:00,2025-09-14 23:00:00,-5,-3,0.0015250724,31,2024-01-01
2025-09-15 00:00:00,2025-09-14 23:00:00,2,1,0.0014904118,32,2024-01-01
2025-09-15 00:00:00,2025-09-14 23:00:00,-6,-2,0.0014430238,33,2024-01-01
2025-09-15 00:00:00,2025-09-14 23:00:00,-6,-3,0.0011263831,34,2024-01-01
2025-09-15 00:00:00,2025-09-14 23:00:00,9,0,0.0009462328,35,2024-01-01
2025-09-15 00:00:00,2025-09-14 23:00:00,-10,-3,0.0008502473,36,2024-01-01
2025-09-15 00:00:00,2025-09-14 23:00:00,-6,4,0.0008431179,37,2024-01-01
2025-09-15 00:00:00,2025-09-14 23:00:00,-1,-2,0.0006189062,38,2024-01-01
2025-09-15 00:00:00,2025-09-14 23:00:00,-5,-1,0.0006053246,39,2024-01-01
2025-09-15 00:00:00,2025-09-14 23:00:00,9,3,0.00057466584,40,2024-01-01
2025-09-15 00:00:00,2025-09-14 23:00:00,3,0,0.0005236088,41,2024-01-01
2025-09-15 00:00:00,2025-09-14 23:00:00,-3,-1,0.0004925521,42,2024-01-01
2025-09-15 00:00:00,2025-09-14 23:00:00,0,1,0.00043929988,43,2024-01-01
2025-09-15 00:00:00,2025-09-14 23:00:00,7,-4,0.00038298324,44,2024-01-01
2025-09-15 00:00:00,2025-09-14 23:00:00,9,2,0.0003248758,45,2024-01-01
2025-09-15 00:00:00,2025-09-14 23:00:00,2,-1,0.00028836794,46,2024-01-01
2025-09-15 00:00:00,2025-09-14 23:00:00,8,0,0.00028787486,47,2024-01-01
2025-09-15 00:00:00,2025-09-14 23:00:00,1,-2,0.00027637,48,2024-01-01
2025-09-15 00:00:00,2025-09-14 23:00:00,-4,-1,0.00025985154,49,2024-01-01
2025-09-15 00:00:00,2025-09-14 23:00:00,-9,0,0.0002481212,50,2024-01-01
2025-09-15 00:00:00,2025-09-14 23:00:00,-10,-4,0.00023221252,51,2024-01-01
2025-09-15 00:00:00,2025-09-14 23:00:00,0,12,0.00021172466,52,2024-01-01
2025-09-15 00:00:00,2025-09-14 23:00:00,-3,1,0.00020571299,53,2024-01-01
2025-09-15 00:00:00,2025-09-14 23:00:00,7,4,0.00019955041,54,2024-01-01
2025-09-15 00:00:00,2025-09-14 23:00:00,-11,-6,0.0001790395,55,2024-01-01
2025-09-15 00:00:00,2025-09-14 23:00:00,2,-3,0.00016317493,56,2024-01-01
2025-09-15 00:00:00,2025-09-14 23:00:00,-1,-4,0.00015815355,57,2024-01-01
2025-09-15 00:00:00,2025-09-14 23:00:00,2,-2,0.0001528268,58,2024-01-01
2025-09-15 00:00:00,2025-09-14 23:00:00,1,8,0.00015034295,59,2024-01-01
2025-09-15 00:00:00,2025-09-14 23:00:00,4,-1,0.00014431169,60,2024-01-01
2025-09-15 00:00:00,2025-09-14 23:00:00,3,-3,0.00014309109,61,2024-01-01
2025-09-15 00:00:00,2025-09-14 23:00:00,-1,7,0.00014081896,62,2024-01-01
2025-09-15 00:00:00,2025-09-14 23:00:00,10,5,0.00013564712,63,2024-01-01
2025-09-15 00:00:00,2025-09-14 23:00:00,-1,1,0.00013365707,64,2024-01-01
2025-09-15 00:00:00,2025-09-14 23:00:00,3,1,0.0001280054,65,2024-01-01
2025-09-15 00:00:00,2025-09-14 23:00:00,-2,16,0.00012602883,66,2024-01-01
2025-09-15 00:00:00,2025-09-14 23:00:00,5,-2,0.00012590205,67,2024-01-01
2025-09-15 00:00:00,2025-09-14 23:00:00,0,-3,0.00012588991,68,2024-01-01
2025-09-15 00:00:00,2025-09-14 23:00:00,-5,1,0.00012561797,69,2024-01-01
2025-09-15 00:00:00,2025-09-14 23:00:00,-3,8,0.00012419051,70,2024-01-01
2025-09-15 00:00:00,2025-09-14 23:00:00,-4,2,0.00012342315,71,2024-01-01
2025-09-15 00:00:00,2025-09-14 23:00:00,-5,2,0.0001233355,72,2024-01-01
2025-09-15 00:00:00,2025-09-14 23:00:00,6,5,0.00012105718,73,2024-01-01
2025-09-15 00:00:00,2025-09-14 23:00:00,-6,1,0.00012098955,74,2024-01-01
2025-09-15 00:00:00,2025-09-14 23:00:00,10,3,0.00012061693,75,2024-01-01
2025-09-15 00:00:00,2025-09-14 23:00:00,-1,16,0.000119851844,76,2024-01-01
2025-09-15 00:00:00,2025-09-14 23:00:00,-10,10,0.000119364006,77,2024-01-01
2025-09-15 00:00:00,2025-09-14 23:00:00,-4,3,0.00011717397,78,2024-01-01
2025-09-15 00:00:00,2025-09-14 23:00:00,-1,15,0.00011705301,79,2024-01-01
2025-09-15 00:00:00,2025-09-14 23:00:00,-7,1,0.00011698521,80,2024-01-01
2025-09-15 00:00:00,2025-09-14 23:00:00,1,2,0.00011646664,81,2024-01-01
2025-09-15 00:00:00,2025-09-14 23:00:00,1,-3,0.00011483696,82,2024-01-01
2025-09-15 00:00:00,2025-09-14 23:00:00,-9,-1,0.000114637485,83,2024-01-01
2025-09-15 00:00:00,2025-09-14 23:00:00,-7,-1,0.000114637485,84,2024-01-01
2025-09-15 00:00:00,2025-09-14 23:00:00,-1,3,0.00011318575,85,2024-01-01
2025-09-15 00:00:00,2025-09-14 23:00:00,-2,3,0.0001127974,86,2024-01-01
2025-09-15 00:00:00,2025-09-14 23:00:00,0,13,0.0001093642,87,2024-01-01
2025-09-15 00:00:00,2025-09-14 23:00:00,6,6,0.00010840457,88,2024-01-01
2025-09-15 00:00:00,2025-09-14 23:00:00,5,-1,0.000108213884,89,2024-01-01
2025-09-15 00:00:00,2025-09-14 23:00:00,-3,13,0.00010801525,90,2024-01-01
2025-09-15 00:00:00,2025-09-14 23:00:00,-10,8,0.000106974585,91,2024-01-01
2025-09-15 00:00:00,2025-09-14 23:00:00,-4,19,0.00010294555,92,2024-01-01
2025-09-15 00:00:00,2025-09-14 23:00:00,5,3,0.00010271371,93,2024-01-01
2025-09-15 00:00:00,2025-09-14 23:00:00,6,3,0.000102401595,94,2024-01-01
2025-09-15 00:00:00,2025-09-14 23:00:00,9,-2,0.00010176382,95,2024-01-01
2025-09-15 00:00:00,2025-09-14 23:00:00,0,19,0.000101026904,96,2024-01-01
2025-09-15 00:00:00,2025-09-14 23:00:00,10,0,0.00010086822,97,2024-01-01
2025-09-15 00:00:00,2025-09-14 23:00:00,10,-1,0.00010017626,98,2024-01-01
2025-09-15 00:00:00,2025-09-14 23:00:00,-9,6,0.00010002884,99,2024-01-01
2025-09-15 00:00:00,2025-09-14 23:00:00,8,-1,9.996666e-05,100,2024-01-01
2025-09-15 00:00:00,2025-09-14 23:00:00,8,1,9.890629e-05,101,2024-01-01
2025-09-15 00:00:00,2025-09-14 23:00:00,1,1,9.876416e-05,102,2024-01-01
2025-09-15 00:00:00,2025-09-14 23:00:00,7,-5,9.7704535e-05,103,2024-01-01
2025-09-15 00:00:00,2025-09-14 23:00:00,7,11,9.757984e-05,104,2024-01-01
2025-09-15 00:00:00,2025-09-14 23:00:00,0,18,9.715984e-05,105,2024-01-01
2025-09-15 00:00:00,2025-09-14 23:00:00,-1,6,9.627879e-05,106,2024-01-01
2025-09-15 00:00:00,2025-09-14 23:00:00,-4,5,9.614037e-05,107,2024-01-01
2025-09-15 00:00:00,2025-09-14 23:00:00,-8,6,9.6001895e-05,108,2024-01-01
2025-09-15 00:00:00,2025-09-14 23:00:00,-1,5,9.587948e-05,109,2024-01-01
2025-09-15 00:00:00,2025-09-14 23:00:00,6,11,9.540919e-05,110,2024-01-01
2025-09-15 00:00:00,2025-09-14 23:00:00,0,5,9.527334e-05,111,2024-01-01
2025-09-15 00:00:00,2025-09-14 23:00:00,-5,0,9.481912e-05,112,2024-01-01
2025-09-15 00:00:00,2025-09-14 23:00:00,-1,18,9.4271156e-05,113,2024-01-01
2025-09-15 00:00:00,2025-09-14 23:00:00,-5,4,9.312358e-05,114,2024-01-01
2025-09-15 00:00:00,2025-09-14 23:00:00,2,20,9.2550996e-05,115,2024-01-01
2025-09-15 00:00:00,2025-09-14 23:00:00,-4,0,9.211211e-05,116,2024-01-01
2025-09-15 00:00:00,2025-09-14 23:00:00,1,5,9.125434e-05,117,2024-01-01
2025-09-15 00:00:00,2025-09-14 23:00:00,1,6,9.1150054e-05,118,2024-01-01
2025-09-15 00:00:00,2025-09-14 23:00:00,-1,8,9.113655e-05,119,2024-01-01
2025-09-15 00:00:00,2025-09-14 23:00:00,1,20,9.101649e-05,120,2024-01-01
2025-09-15 00:00:00,2025-09-14 23:00:00,4,14,9.0679794e-05,121,2024-01-01
2025-09-15 00:00:00,2025-09-14 23:00:00,2,7,9.024965e-05,122,2024-01-01
2025-09-15 00:00:00,2025-09-14 23:00:00,5,-3,8.9595036e-05,123,2024-01-01
2025-09-15 00:00:00,2025-09-14 23:00:00,7,1,8.86051e-05,124,2024-01-01
2025-09-15 00:00:00,2025-09-14 23:00:00,1,9,8.812235e-05,125,2024-01-01
2025-09-15 00:00:00,2025-09-14 23:00:00,-6,15,8.795544e-05,126,2024-01-01
2025-09-15 00:00:00,2025-09-14 23:00:00,2,8,8.7625136e-05,127,2024-01-01
2025-09-15 00:00:00,2025-09-14 23:00:00,5,2,8.719261e-05,128,2024-01-01
2025-09-15 00:00:00,2025-09-14 23:00:00,-4,17,8.7101194e-05,129,2024-01-01
2025-09-15 00:00:00,2025-09-14 23:00:00,2,9,8.6095206e-05,130,2024-01-01
2025-09-15 00:00:00,2025-09-14 23:00:00,-3,7,8.585558e-05,131,2024-01-01
2025-09-15 00:00:00,2025-09-14 23:00:00,-6,8,8.5618136e-05,132,2024-01-01
2025-09-15 00:00:00,2025-09-14 23:00:00,-5,-4,8.555099e-05,133,2024-01-01
2025-09-15 00:00:00,2025-09-14 23:00:00,-3,18,8.532093e-05,134,2024-01-01
2025-09-15 00:00:00,2025-09-14 23:00:00,-5,15,8.4896456e-05,135,2024-01-01
2025-09-15 00:00:00,2025-09-14 23:00:00,-5,11,8.427325e-05,136,2024-01-01
2025-09-15 00:00:00,2025-09-14 23:00:00,3,17,8.3796396e-05,137,2024-01-01
2025-09-15 00:00:00,2025-09-14 23:00:00,1,19,8.349248e-05,138,2024-01-01
2025-09-15 00:00:00,2025-09-14 23:00:00,4,1,8.347551e-05,139,2024-01-01
2025-09-15 00:00:00,2025-09-14 23:00:00,-3,0,8.2927254e-05,140,2024-01-01
2025-09-15 00:00:00,2025-09-14 23:00:00,-2,1,8.2775776e-05,141,2024-01-01
2025-09-15 00:00:00,2025-09-14 23:00:00,-5,10,8.271882e-05,142,2024-01-01
2025-09-15 00:00:00,2025-09-14 23:00:00,-5,9,8.254324e-05,143,2024-01-01
2025-09-15 00:00:00,2025-09-14 23:00:00,-4,8,8.20776e-05,144,2024-01-01
2025-09-15 00:00:00,2025-09-14 23:00:00,-3,15,8.134139e-05,145,2024-01-01
2025-09-15 00:00:00,2025-09-14 23:00:00,-2,8,8.106691e-05,146,2024-01-01
2025-09-15 00:00:00,2025-09-14 23:00:00,-4,12,7.981179e-05,147,2024-01-01
2025-09-15 00:00:00,2025-09-14 23:00:00,-4,10,7.9334604e-05,148,2024-01-01
2025-09-15 00:00:00,2025-09-14 23:00:00,-4,-4,7.925935e-05,149,2024-01-01
2025-09-15 00:00:00,2025-09-14 23:00:00,-1,9,7.76794e-05,150,2024-01-01
2025-09-15 00:00:00,2025-09-14 23:00:00,0,14,7.640464e-05,151,2024-01-01
2025-09-15 00:00:00,2025-09-14 23:00:00,-2,13,7.525962e-05,152,2024-01-01
2025-09-15 00:00:00,2025-09-14 23:00:00,-2,15,7.496362e-05,153,2024-01-01
2025-09-15 00:00:00,2025-09-14 23:00:00,0,11,7.492441e-05,154,2024-01-01
2025-09-15 00:00:00,2025-09-14 23:00:00,-1,2,7.479984e-05,155,2024-01-01
2025-09-15 00:00:00,2025-09-14 23:00:00,-2,10,7.47383e-05,156,2024-01-01
2025-09-15 00:00:00,2025-09-14 23:00:00,-2,11,7.443294e-05,157,2024-01-01
2025-09-15 00:00:00,2025-09-14 23:00:00,-9,-4,7.416416e-05,158,2024-01-01
2025-09-15 00:00:00,2025-09-14 23:00:00,-1,11,7.390287e-05,159,2024-01-01
2025-09-15 00:00:00,2025-09-14 23:00:00,-1,13,7.380998e-05,160,2024-01-01
2025-09-15 00:00:00,2025-09-14 23:00:00,-5,-5,7.2506686e-05,161,2024-01-01
2025-09-15 00:00:00,2025-09-14 23:00:00,-2,9,7.188093e-05,162,2024-01-01
2025-09-15 00:00:00,2025-09-14 23:00:00,-4,-5,7.16928e-05,163,2024-01-01
2025-09-15 00:00:00,2025-09-14 23:00:00,-3,11,7.158099e-05,164,2024-01-01
2025-09-15 00:00:00,2025-09-14 23:00:00,0,9,7.1521274e-05,165,2024-01-01
2025-09-15 00:00:00,2025-09-14 23:00:00,-3,12,7.094783e-05,166,2024-01-01
2025-09-15 00:00:00,2025-09-14 23:00:00,-3,14,7.073007e-05,167,2024-01-01
2025-09-15 00:00:00,2025-09-14 23:00:00,5,-4,7.062257e-05,168,2024-01-01
2025-09-15 00:00:00,2025-09-14 23:00:00,-3,9,6.927084e-05,169,2024-01-01
2025-09-15 00:00:00,2025-09-14 23:00:00,-3,2,6.820204e-05,170,2024-01-01
2025-09-15 00:00:00,2025-09-14 23:00:00,1,11,6.728375e-05,171,2024-01-01
2025-09-15 00:00:00,2025-09-14 23:00:00,1,-5,6.607975e-05,172,2024-01-01
2025-09-15 00:00:00,2025-09-14 23:00:00,7,-1,6.3915046e-05,173,2024-01-01
2025-09-15 00:00:00,2025-09-14 23:00:00,-2,-5,6.279075e-05,174,2024-01-01
2025-09-15 00:00:00,2025-09-14 23:00:00,4,-4,6.2241284e-05,175,2024-01-01
2025-09-15 00:00:00,2025-09-14 23:00:00,-9,-5,5.9381022e-05,176,2024-01-01
2025-09-15 00:00:00,2025-09-14 23:00:00,0,-5,5.9057096e-05,177,2024-01-01
2025-09-15 00:00:00,2025-09-14 23:00:00,8,-3,5.7137815e-05,178,2024-01-01
2025-09-15 00:00:00,2025-09-14 23:00:00,-1,-6,4.9697872e-05,179,2024-01-01
2025-09-15 00:00:00,2025-09-14 23:00:00,8,-4,4.4964385e-05,180,2024-01-01
2025-09-15 00:00:00,2025-09-14 23:00:00,4,-6,4.4465018e-05,181,2024-01-01
2025-09-15 00:00:00,2025-09-14 23:00:00,0,-6,4.4194032e-05,182,2024-01-01
2025-09-15 00:00:00,2025-09-14 23:00:00,2,-6,4.3056923e-05,183,2024-01-01
2025-09-15 00:00:00,2025-09-14 23:00:00,-1,-7,3.7262147e-05,184,2024-01-01
2025-09-15 00:00:00,2025-09-14 23:00:00,1,-7,3.7043956e-05,185,2024-01-01
2025-09-15 00:00:00,2025-09-14 23:00:00,2,-7,3.7043956e-05,186,2024-01-01
